source,source_id,title,summary,s_category,provider,region,target_group,target_tags,target_age,target_age_min,target_age_max,target_detail,income_condition,startup_stage,support_type,apply_start,apply_end,additional_conditions,required_documents,application_method,detail_url,_scope,_scope_reason,norm_title,norm_provider,norm_period,category,subcategory
biz,PBLN_000000000121473,2026년 고흥군 청년 창업 도전 프로젝트 참여자 모집 연장 공고,"고흥군과 전남창조경제혁신센터에서는 혁신적인 아이디어를 가진 청년 창업가 양성과 지역 정착을 지원하기 위해 「2026년 고흥군 청년 창업 도전 프로젝트」 참여자를 아래와 같이 모집합니다.
☞ 고흥군 청년 예비창업가 및 초기창업가(모집공고일 기준 6개월 이내)
- 공고일 기준(2026. 3. 30.) 아래 자격을 모두 갖춘 자
ㆍ (대상) 고흥군에 창업을 희망하는 청년 예비창업가 및 초기창업가
※ 공고일 기준 사업자 등록을 하지 않은 예비창업가 또는 6개월 이내 고흥군 관내에 사업자등록을 한 초기창업가(2025. 9. 30. ~ 2026. 3. 30.)
ㆍ (연령) 공고일 기준 18세 ~ 49세인 청년(1977년 ~ 2008년 출생자)
ㆍ (거주지) 공고일 기준 주민등록상 주소지가 고흥군 또는 거주예정인 자
※ 거주예정인 자는 협약 체결 후 2개월 내 전입하여야 함
☞ 창업 교육, 찾아가는 컨설팅, 창업지원금 등 지원(최대 18백만원 지원)
※ 자세한 지원내용 공고문 참조",창업,전남창조경제혁신센터,전라남도,창업벤처,"청년,초기창업기업",,,,,,,사업화지원,2026-04-29,2026-05-07,,"이메일 접수 (oez1101@ccei.kr)
※ 접수 후 담당자 유선연락 필수","이메일 접수 (oez1101@ccei.kr)
※ 접수 후 담당자 유선연락 필수",https://www.bizinfo.go.kr/sii/siia/selectSIIA200Detail.do?pblancId=PBLN_000000000121473,main,primary,2026년고흥군청년창업도전프로젝트참여자모집연장공고,전남창조경제혁신센터,2026-04-29~2026-05-07,창업,사업화지원
biz,PBLN_000000000121472,2026년 2차 배출권거래제 할당대상업체 탄소중립 컨설팅 사업 공고,"배출권거래제 할당대상업체 대상 온실가스 감축을 위한 「할당대상업체 탄소중립 컨설팅 사업」이 다음과 같이 진행되오니 많은 참여 바랍니다.
☞ 배출권거래제 할당대상 업체 중 중소ㆍ중견기업
☞ 컨설팅 지원
- 온실가스 배출시설 목록 작성 및 원단위 조사ㆍ분석
- 배출시설 사용현황 분석, 문제점 및 개선안 발굴
- 현장 기술진단을 통한 온실가스 배출시설의 감축기술 발굴
- 온실가스 감축 예상량 산정, 시설투자 및 비용절감액등 사업효과 산정
- 온실가스 배출량 저감 및 탄소중립 방안 제시",경영,한국환경공단,기후에너지환경부,중소기업,중소기업,,,,,,,컨설팅,2026-04-27,2026-05-27,,온라인 접수 (상생누리),온라인 접수 (상생누리),https://www.bizinfo.go.kr/sii/siia/selectSIIA200Detail.do?pblancId=PBLN_000000000121472,main,primary,2026년2차배출권거래제할당대상업체탄소중립컨설팅사업공고,한국환경공단,2026-04-27~2026-05-27,경영,컨설팅
biz,PBLN_000000000121471,2026년 2차 전력산업정책개발 신규지원 대상과제 재공고,"전력산업의 지속적인 발전과 전력수급 안정을 위한 정부 정책의 개발 및 전력부문 정책 현안에 대해 효과적으로 대응하기 위하여 '26년 제2차 전력산업정책개발 신규지원 대상 과제를 재공고하오니 참여를 원하는 기관에서는 신청하여 주시기 바랍니다.
☞ 전기사업자 및 관련기관, 전력산업관련 연구기관, 공단, 협회 및 단체, 학교 및 부설연구소, 전력산업관련 기업 또는 기업부설연구소 등
- 기타 기반조성사업을 위하여 장관이 필요하다고 인정한 자
☞ 전력분야 정책수립ㆍ제도개선ㆍ법령개정을 위해 전력기금 예산으로 전문기관에게 조사ㆍ연구 등 의뢰 지원
※ 신규지원 대상 사업별 과제제안요구서(RFP) 참조",기술,한국전력공사,기후에너지환경부,중소기업,중소기업,,,,,,,기술정보제공,2026-04-24,2026-05-08,,"온라인 전산등록 및 우편ㆍ방문 접수
- 온라인 : 한전 전력기금사업단
- 접수처 : 서울시 영등포구 국회대로 62길 25, (우) 07236 교육시설공제회관 3층 전력기금사업단 기반사업부","온라인 전산등록 및 우편ㆍ방문 접수
- 온라인 : 한전 전력기금사업단
- 접수처 : 서울시 영등포구 국회대로 62길 25, (우) 07236 교육시설공제회관 3층 전력기금사업단 기반사업부",https://www.bizinfo.go.kr/sii/siia/selectSIIA200Detail.do?pblancId=PBLN_000000000121471,main,primary,2026년2차전력산업정책개발신규지원대상과제재공고,한국전력공사,2026-04-24~2026-05-08,기술,기술정보제공
biz,PBLN_000000000121470,[대전] 2026년 대전인쇄마켓 플랫폼 구축 사업 모집 공고,"대전인쇄소공인특화지원센터에서는「2026년 대전인쇄마켓 플랫폼 구축」지원사업을 아래와 같이 공고하오니 대전 인쇄집적지 소공인 여러분의 많은 참여 바랍니다.
☞ 대전 인쇄집적지(동구 정동ㆍ중동ㆍ삼성동) 내 인쇄소공인
- 상시근로자 10명 미만 사업자로 인쇄 및 기록매체 복제업을 주된 사업으로 영위하는 자
☞ 인쇄물ㆍ굿즈ㆍ판촉물 제작 인쇄소공인의 온라인 판로확대를 위해 견적요청-제작관리-홍보까지 가능한 통합 플랫폼 입점 및 활용 지원",판로/수출,대전일자리경제진흥원,대전광역시,소상공인,소상공인,,,,,,,온라인,2026-04-27,2026-05-22,,"온라인 접수(소상공인24)
※ 하단 지원사업 리스트 중 [2026년 대전인쇄마켓 플랫폼 구축] 지원사업 신청","온라인 접수(소상공인24)
※ 하단 지원사업 리스트 중 [2026년 대전인쇄마켓 플랫폼 구축] 지원사업 신청",https://www.bizinfo.go.kr/sii/siia/selectSIIA200Detail.do?pblancId=PBLN_000000000121470,main,primary,대전2026년대전인쇄마켓플랫폼구축사업모집공고,대전일자리경제진흥원,2026-04-27~2026-05-22,내수,온라인
biz,PBLN_000000000121469,[부산] 정보보호기업 성장지원 모집 공고,"우리 진흥원에서 수행하고 있는 “동남권 지역 거점 정보보호 클러스터 구축” 사업의 일환으로 우리 지역의 정보보호 기업 발굴 및 경쟁력 강화를 위해 아래와 같이 참여기업을 모집합니다.
☞ 공고일 기준 본사 소재지가 부산인 정보보호 관련 기술ㆍ제품ㆍ서비스 보유 기업(스마트 조선ㆍ해양ㆍ항만ㆍ공장ㆍ시티) 중 사업 기간 내 수행 가능 기업
- (창업ㆍ벤처 발굴 및 육성) : 법인설립등기일 또는 사업개시일 ~ 7년 이내 창업ㆍ벤처 기업
- (사업화(비R&D)) : 법인설립등기일 또는 사업개시일 7년 초과 제품/서비스 보유 정보보호 기업
☞ (창업ㆍ벤처 발굴 및 육성) : 지재권 취득, 기술도입, 사업화 및 실증, 마케팅, 역량강화 지원
- (사업화(비R&D)) : 시험/인증, 전시회(박람회) 참가, 상용화, 마케팅 지원",기술,부산정보산업진흥원,부산광역시,중소기업,중소기업,,,,,,,기술사업화/이전/지도,2026-04-27,2026-05-15,,이메일 접수(dncluster@bipa.kr),이메일 접수(dncluster@bipa.kr),https://www.bizinfo.go.kr/sii/siia/selectSIIA200Detail.do?pblancId=PBLN_000000000121469,main,primary,부산정보보호기업성장지원모집공고,부산정보산업진흥원,2026-04-27~2026-05-15,기술,기술사업화/이전/지도
biz,PBLN_000000000121468,[강원] 인제군 2026년 중소기업 수출대금 보장 단체보험 가입 지원사업 참가기업 모집 공고,"인제군 소재 중소 수출(예정)기업을 대상으로 수출시 발생할수 있는 미결재 등 수출대금 리스크 해소를 위해 아래와 같이 「수출 대금 보장 단체보험 가입 지원사업」 참가기업을 모집하오니 많은 참여바랍니다.
☞ 인제군 중소 제조ㆍ서비스ㆍ수출대행기업(사회적기업ㆍ마을기업 포함)
☞ 수출 단체 보험 가입 지원
- 단기수출 보험 중 단체보험 가입(최대 보장금액 5만$)",자금,강원특별자치도경제진흥원,강원특별자치도,중소기업,중소기업,,,,,,,보험(수출+무역),2026-04-27,2026-05-15,,이메일 접수 (dslee@gwep.or.kr),이메일 접수 (dslee@gwep.or.kr),https://www.bizinfo.go.kr/sii/siia/selectSIIA200Detail.do?pblancId=PBLN_000000000121468,main,primary,강원인제군2026년중소기업수출대금보장단체보험가입지원사업참가기업모집공고,강원특별자치도경제진흥원,2026-04-27~2026-05-15,금융,보험(수출+무역)
biz,PBLN_000000000121467,[경북] 포항시 2026년 소상공인 카드수수료 지원사업 참여업체 모집 공고,"포항시와 경북경제진흥원에서는「포항시 소상공인 카드수수료 지원사업」을 추진하고 있습니다. 참여를 희망하시는 업체는 신청하여 주시기 바랍니다.
☞ 2025년 매출액 3억원 이하이며, 포항시에 사업장을 둔 「소상공인기본법 제2」에 해당 하는 소상공인
☞ 2025년도 카드 매출액의 0.4% (업체당 최저 5만원, 최대 40만원 한도) 지원",경영,경상북도경제진흥원,경상북도,소상공인,소상공인,,,,,,,디자인/상품화/사업화,예산 소진시까지,,,"온라인 및 방문 접수
- 온라인 : 경상북도경제진흥원 카드수수료 지원사업
- 접수처 : 경상북도경제진흥원 동부지소 (포항시 남구 희망대로 859, 2층)","온라인 및 방문 접수
- 온라인 : 경상북도경제진흥원 카드수수료 지원사업
- 접수처 : 경상북도경제진흥원 동부지소 (포항시 남구 희망대로 859, 2층)",https://www.bizinfo.go.kr/sii/siia/selectSIIA200Detail.do?pblancId=PBLN_000000000121467,main,primary,경북포항시2026년소상공인카드수수료지원사업참여업체모집공고,경상북도경제진흥원,예산 소진시까지~,경영,디자인/상품화/사업화
biz,PBLN_000000000121466,[경북] 경산시 2026년 중소기업 기숙사 임차비 지원사업 참가기업 모집 공고,"경산시와 경북IT합산업기술원은 경산시 소재 중소기업의 기업 경쟁력 향상과 근로자들의 고용환경을 개선하고자 「경산시 중소기업 기숙사 임차비 지원사업」기업 모집을 다음과 같이 진행하오니 지역 중소기업의 많은 신청바랍니다.
☞ 경산시에 소재한 중소기업(본사, 공장, 연구소 등)으로 전 산업군 대상
※ 중소기업확인서 발급이 가능한 기업
☞ 기숙사 임차비(근로자 1인당 월 임차료의 80%, 최대 월 30만원) 지원
- 지원기간 최대 10개월, 모집규모 기업당 최대 5개실",인력/일자리,경북IT융합산업기술원,경상북도,중소기업,중소기업,,,,,,,고용환경개선,예산 소진시까지,,,"이메일 접수 (ynlim@gitc.or.kr)
※ 서류는 반드시 순서대로 정리하여 하나의 파일로 제출
※ 파일명 : 경산시 기숙사 임차비 지원신청서 - 기업명","이메일 접수 (ynlim@gitc.or.kr)
※ 서류는 반드시 순서대로 정리하여 하나의 파일로 제출
※ 파일명 : 경산시 기숙사 임차비 지원신청서 - 기업명",https://www.bizinfo.go.kr/sii/siia/selectSIIA200Detail.do?pblancId=PBLN_000000000121466,main,primary,경북경산시2026년중소기업기숙사임차비지원사업참가기업모집공고,경북it융합산업기술원,예산 소진시까지~,인력,고용환경개선
biz,PBLN_000000000121465,[부산ㆍ울산ㆍ경남] 2026년 동남권 지역혁신클러스터육성사업(비R&D) 통합 공고,"2026년도 산업통상부와 경상남도, 부산광역시, 울산광역시에서 추진하는 동남권 지역혁신클러스터육성사업 계획에 따라 국비 및 지방비를 지원하여 혁신기관이 보유한 인프라(인력ㆍ장비) 자원을 통해 동남권(부산ㆍ울산ㆍ경남) 혁신기업의 성장과 함께 클러스터 협력 생태계를 활성화하고자 다음과 같이 지원사업을 공고하오니 기간 내 신청 바랍니다.
☞ 부산, 울산, 경남 내 지역혁신클러스터 또는 기회발전특구 내 혁신기업
- 지역형
ㆍ 부산(N형) : 해양ICT융합 / 부산 혁신융복합단지 내 해양ICT융합산업 관련 기업 또는 부산 기회발전특구단지 내 입주기업
ㆍ 울산(G형) : 전력구동 모빌리티 / 울산 혁신융복합단지 내 전력구동 모빌리티 관련 기업또는 울산 기회발전특구단지 내 투자이행기업
ㆍ 경남(A형) : 항공부품ㆍ소재 / 경남 혁신융복합단지 내 항공부품ㆍ소재 관련 기업 또는 경남 기회발전특구단지 내 투자이행기업
- 협력형 동남권(M형)
ㆍ 멀티도메인 모빌리티(컨소시엄) : 부산/울산/경남 혁신융복합단지 내 해당 육성산업 관련 주관기업이 동남권 내 타지역 협력기업과 컨소시엄을 구성
ㆍ 혁신자원 : 부산/울산/경남 혁신융복합단지 내 입주기업
※ 자세한 지원대상 공고문 참조
☞ 지역형(부산 해양ICT융합(N형), 울산전력구동모빌리티(G형), 경남항공부품ㆍ소재(A형)), 협력형(멀티도메인 모빌리티, 혁신자원) 프로그램 지원
※ 자세한 지원내용 공고문 참조",기술,경남테크노파크,산업통상부,중소기업,중소기업,,,,,,,기술사업화/이전/지도,프로그램별 상이,,,"온라인 또는 이메일 접수
※ 프로그램별 신청 홈페이지가 상이함(별첨 참고)","온라인 또는 이메일 접수
※ 프로그램별 신청 홈페이지가 상이함(별첨 참고)",https://www.bizinfo.go.kr/sii/siia/selectSIIA200Detail.do?pblancId=PBLN_000000000121465,main,primary,부산ㆍ울산ㆍ경남2026년동남권지역혁신클러스터육성사업비rd통합공고,경남테크노파크,프로그램별 상이~,기술,기술사업화/이전/지도
biz,PBLN_000000000121464,[경북] 2026년 일본 동경 선물용품 잡화 전시회회(GIFTEX Tokyo) 경북 공동관 참가기업 모집 공고,"경상북도와 (재)경상북도경제진흥원은 「일본 동경 선물용품 잡화 전시회」 참가를 통해 해외 판로 개척을 희망하는 도내 수출 기업을 다음과 같이 모집 하오니, 많은 참여 바랍니다.
☞ 경북 소재 중소기업으로 제조 또는 수출하는 기업
※ 전시품목 : 뷰티, 식품, 생활용품 등 소비재 전반
☞ 전시회 참가 및 제품 홍보, 바이어 상담, 통역 및 물류비 지원",판로/수출,경상북도경제진흥원,경상북도,중소기업,중소기업,,,,,,,해외진출,2026-04-27,2026-05-13,,이메일 접수 (gulfla9871@gepa.kr),이메일 접수 (gulfla9871@gepa.kr),https://www.bizinfo.go.kr/sii/siia/selectSIIA200Detail.do?pblancId=PBLN_000000000121464,main,primary,경북2026년일본동경선물용품잡화전시회회giftextokyo경북공동관참가기업모집공고,경상북도경제진흥원,2026-04-27~2026-05-13,수출,해외진출
biz,PBLN_000000000121463,[인천] 2026년 지피지기 투자유치 지원사업 참여기업 모집 공고,"인천광역시와 (재)인천테크노파크에서는 인천 창업기업의 투자 성공률 제고를 위하여 투자유치 역량 강화 맞춤형 컨설팅을 지원하고자 하오니 많은 관심과 참여를 바랍니다.
☞ 인천 소재(본사ㆍ공장ㆍ연구소) 창업 7년 이내 기업(기술창업, 신산업창업)
※ 단, 신산업 창업 분야에 관한 규정(중소벤처기업부고시 제2024-2호) 제3조 제1항에 따른 기업은 창업 10년 이내까지 신청 가능
☞ 투자 전문 컨설팅을 통한 IR 자료 도출 및 투자 검토 추진 지원
※ 자세한 지원내용 공고문 참조",경영,인천테크노파크,인천광역시,창업벤처,초기창업기업,,,,,,,컨설팅,2026-04-27,2026-05-15,,온라인 접수 (비즈오케이),온라인 접수 (비즈오케이),https://www.bizinfo.go.kr/sii/siia/selectSIIA200Detail.do?pblancId=PBLN_000000000121463,main,primary,인천2026년지피지기투자유치지원사업참여기업모집공고,인천테크노파크,2026-04-27~2026-05-15,경영,컨설팅
biz,PBLN_000000000121462,2026년 글로벌 SaaS 마켓플레이스 지원사업 국내 SaaS 중소ㆍ중견 지원기업 모집 공고,"본 사업은 「2026년 글로벌 SaaS 마켓플레이스 지원사업」을 통해 국내 SaaS 중소ㆍ중견 기업에 글로벌 CSP 마켓플레이스 등록 및 최적화, 제품 고도화, 현지 홍보를 지원하고자 합니다. 이를 위해 다음과 같이 공고하오니, 국내 SaaS 기업의 많은 관심과 참여 부탁드립니다.
☞ SaaS 마켓플레이스를 통해 해외 진출을 희망하는 국내 중소ㆍ중견 SW기업(법인)
※ 자세한 신청자격 공고문 참조
☞ 마켓플레이스 등록 및 최적화, 제품 고도화, 해외 현지 홍보 지원
※ 자세한 지원내용 공고문 참조",판로/수출,한국정보통신기술협회,과학기술정보통신부,중소기업,중소기업,,,,,,,해외진출,2026-04-27,2026-05-15,,"온라인 접수
- 기타 서류 제출 필요시 이메일 접수(gsmp@tta.or.kr) 요망
※ Email 제목(예) : [2026 GSMP] 지원기업 신청 [신청기업명]","온라인 접수
- 기타 서류 제출 필요시 이메일 접수(gsmp@tta.or.kr) 요망
※ Email 제목(예) : [2026 GSMP] 지원기업 신청 [신청기업명]",https://www.bizinfo.go.kr/sii/siia/selectSIIA200Detail.do?pblancId=PBLN_000000000121462,main,primary,2026년글로벌saas마켓플레이스지원사업국내saas중소ㆍ중견지원기업모집공고,한국정보통신기술협회,2026-04-27~2026-05-15,수출,해외진출
biz,PBLN_000000000121461,2026년 인천스타트업파크 TRYOUT 민간 실증사업 추가 모집 공고,"인천경제자유구역청, 인천테크노파크, 민간 협력파트너는 스타트업이 직접 확보하기 어려운 다양한 실증자원을 제공하고, 실증사업 추진을 통해 협력파트너의 수요기술 해결과 스타트업의 제품 및 서비스 조기 상용화를 지원하고자 다음과 같이 추가 모집 공고를 게시하오니 많은 참여 바랍니다.
☞ 혁신 기술 적용된 제품ㆍ서비스를 보유(기술성숙도 TRL 5단계 이상)하고 협력파트너의 수요기술 해결과 실증자원 활용에 수요가 있는 기업
- 창업 7년(신산업 창업 분야 10년) 이내 관내 기업 또는 이전 확약기업
※ 인천 관외 기업은 협약 체결 후 3개월 이내 본점ㆍ연구소ㆍ공장 중 1개소 이전 필수
(공고일 기준 업력 10년 이상 기업은 지원예산 없이 자부담으로 자원매칭형만 지원 가능)
☞ 현장에 적용, 실증 가능한 제품 또는 서비스를 보유한 기업을 대상으로 실증자원과 함께 실증비용(인건비, 설치비, 재료비, 철거비 등)지원",기술,인천테크노파크,인천광역시,창업벤처,"스타트업,초기창업기업",,,,,,,시험/인증,2026-04-27,2026-05-08,,온라인 접수(인천스타트업파크),온라인 접수(인천스타트업파크),https://www.bizinfo.go.kr/sii/siia/selectSIIA200Detail.do?pblancId=PBLN_000000000121461,main,primary,2026년인천스타트업파크tryout민간실증사업추가모집공고,인천테크노파크,2026-04-27~2026-05-08,기술,시험/인증
biz,PBLN_000000000121460,[경북] 2026년 ASD Market Week K-Goods Fair 공동관 참가기업 모집 공고,"경상북도와 경상북도경제진흥원은 북미 대표 소비재 전시회 참가를 통한 현지 네트워크 구축과 해외 판로 개척을 희망하는 도내 수출 기업을 다음과 같이 모집하오니, 많은 참여 바랍니다.
☞ 경북 소재 중소기업으로 제조 또는 수출하는 기업
※ 세부 지원 자격(아래 3가지 중 1가지 요건에 해당)
- 경북도내 소재한 공장등록증 보유 중소기업
- 제조시설면적 500m2 미만으로 건물건축물대장 용도가 경북도내 소재로 공장 또는 제조업소로 명시된 기업
- 수출신고필증 내 수출대행자 또는 수출화주 또는 제조자가 경북소재로 표기
☞ 전시참가비, 전시운영비, 통역 및 물류비 지원
※ 자세한 지원내용 공고문 참조",판로/수출,경상북도경제진흥원,경상북도,중소기업,중소기업,,,,,,,해외진출,2026-04-27,2026-05-13,,"이메일 접수 (gulfla9871@gepa.kr)
※ 개인ㆍ기업 정보 수집ㆍ활용 동의서, 참여확인서는 직접 프린트해서 서명하여 스캔파일(PDF)로 제출
※ jpg, png 등 이미지파일 사용금지, 페이지나누기(모아찍기) 금지","이메일 접수 (gulfla9871@gepa.kr)
※ 개인ㆍ기업 정보 수집ㆍ활용 동의서, 참여확인서는 직접 프린트해서 서명하여 스캔파일(PDF)로 제출
※ jpg, png 등 이미지파일 사용금지, 페이지나누기(모아찍기) 금지",https://www.bizinfo.go.kr/sii/siia/selectSIIA200Detail.do?pblancId=PBLN_000000000121460,main,primary,경북2026년asdmarketweekkgoodsfair공동관참가기업모집공고,경상북도경제진흥원,2026-04-27~2026-05-13,수출,해외진출
biz,PBLN_000000000121459,[전남] 2026년 중소기업 밀집지역 위기대응 체계 구축사업 핀셋지원사업 모집 공고,"전라남도 위기지원센터에서 추진 중인 「2026년 중소기업 밀집지역 위기대응 체계 구축사업」 내 핀셋지원사업을 다음과 같이 추진하오니, 참여를 희망하는 해당지역 중소기업들의 많은 신청 바랍니다.
☞ 전라남도 2026년 상반기 핀셋지원사업 대상 중소기업 밀집지역 소재 중소기업
☞ 핀셋지원 프로그램(기업당 최대 1,000만원) 지원
- 기술(제품 고급화, 시제품 제작 등), 사업화(바이어 및 거래처발굴, 제품디자인 개발 등), 수출(해외 마케팅ㆍ전시회 참가 지원), 중동피해 기업(물류비) 지원
※ 자세한 지원내용 공고문 참조",기술,전남테크노파크,전라남도,중소기업,중소기업,,,,,,,기술사업화/이전/지도,2026-04-27,2026-05-11,,온라인 접수 (전남데이터플랫폼),온라인 접수 (전남데이터플랫폼),https://www.bizinfo.go.kr/sii/siia/selectSIIA200Detail.do?pblancId=PBLN_000000000121459,main,primary,전남2026년중소기업밀집지역위기대응체계구축사업핀셋지원사업모집공고,전남테크노파크,2026-04-27~2026-05-11,기술,기술사업화/이전/지도
biz,PBLN_000000000121458,[경북] 경주시 2026년 산업안전환경 개선사업 지원기업 모집 재공고,"경상북도, 경주시 주관 2026년「산업안전 환경개선사업」추진계획을 다음과 같이 공고하오니 지원을 받고자 하는 기업체는 신청하여 주시기 바랍니다.
☞「중소기업기본법」제2조에 따른 관내 중소기업
☞ 업체당 최대 1,600만원 지원(안전진단비용 200만원, 시설개선비용 1,400만원)",인력/일자리,기초자치단체,경상북도,중소기업,중소기업,,,,,,,작업환경개선,2026-04-27,2026-05-08,,"우편, 이메일, 팩스 접수
- 접수처 : 경상북도 경주시 양정로 260(동천동, 경주시청), 안전정책과  
- 이메일 : bao97@korea.kr, sun5650@nate.com 
- 팩스 : 054-760-7420, 054-278-5144","우편, 이메일, 팩스 접수
- 접수처 : 경상북도 경주시 양정로 260(동천동, 경주시청), 안전정책과  
- 이메일 : bao97@korea.kr, sun5650@nate.com 
- 팩스 : 054-760-7420, 054-278-5144",https://www.bizinfo.go.kr/sii/siia/selectSIIA200Detail.do?pblancId=PBLN_000000000121458,main,primary,경북경주시2026년산업안전환경개선사업지원기업모집재공고,기초자치단체,2026-04-27~2026-05-08,인력,작업환경개선
biz,PBLN_000000000121457,[전북] 2026년 바이오 지역산업 역량강화 지원사업 비R&D 지원계획 공고,"전북특별자치도내 바이오 기업의 역량강화 및 전주기 기술사업화 촉진을 위하여 「2026년 바이오 지역산업 역량강화 지원사업 비R&D 기업지원」계획을 다음과 같이 공고하오니 관심있는 기업의 많은 참여를 바랍니다.
☞ 접수 마감일 기준 도내 소재 중소기업(법인 및 개인사업자)이거나 전주ㆍ익산ㆍ정읍시에 투자를 확약한 기업
- 도내 창업(기술)보육센터 입주기업 또는 도내에 공장등록을 하였거나, 사업장이 도내에 소재한 기업
- 전주ㆍ익산ㆍ정읍시에 투자를 확약한 기업의 경우, 신청서류 제출시 체결 투자협약서 제출 必
☞ 비R&D 지원
- 기술 지원 : 시제품 제작, 시험 인증, 지식재산권 확보 지원
- 사업화 지원 : 디자인, 마케팅, 컨설팅 지원",기술,전북테크노파크,전북특별자치도,중소기업,중소기업,,,,,,,기술사업화/이전/지도,2026-04-27,2026-05-26,,온라인 접수 (전북과학기술종합정보시스템),온라인 접수 (전북과학기술종합정보시스템),https://www.bizinfo.go.kr/sii/siia/selectSIIA200Detail.do?pblancId=PBLN_000000000121457,main,primary,전북2026년바이오지역산업역량강화지원사업비rd지원계획공고,전북테크노파크,2026-04-27~2026-05-26,기술,기술사업화/이전/지도
biz,PBLN_000000000121456,[부산] 2026년 치과기공소 스마트 환경개선사업 기업지원 모집 공고,"(재)부산테크노파크에서는 부산지역 치과기공소의 스마트환경개선을 위해 치과기공소를 대상으로 아래와 같이 지원사업을 시행하오니 관심 있는 기업의 많은 신청바랍니다.
☞ 부산광역시 소재의 치과기공소업체
☞ 디지털 제조공정 적용에 따른 생산시스템 개선 지원(기업별 7,500천원 이내)
- 디지털 설계ㆍ제조 기반 공정 개선 지원
- CAD/CAM 및 3D 스캐닝ㆍ출력 시스템 도입 지원
- 공정 통합 운영을 위한 장비 및 소프트웨어 활용 지원",기술,부산테크노파크,부산광역시,중소기업,중소기업,,,,,,,기술인력/장비지원,2026-04-27,2026-05-08,,"이메일 접수 (ksinichi@btp.or.kr)
※ 접수 후 전화하여 접수확인 필수","이메일 접수 (ksinichi@btp.or.kr)
※ 접수 후 전화하여 접수확인 필수",https://www.bizinfo.go.kr/sii/siia/selectSIIA200Detail.do?pblancId=PBLN_000000000121456,main,primary,부산2026년치과기공소스마트환경개선사업기업지원모집공고,부산테크노파크,2026-04-27~2026-05-08,기술,기술인력/장비지원
biz,PBLN_000000000121455,[부산] 2026년 차세대 고효율 전력반도체 실증인프라 기업지원 모집 공고,"(재)부산테크노파크 전력반도체센터에서 추진중인「차세대 고효율 전력반도체 실증 인프라」사업과 관련하여 세부 기업지원 분야인 시제품제작, 기술컨설팅 및 신뢰성 시험ㆍ평가ㆍ인증 지원을 위하여 부산 지역 내ㆍ외 전력반도체 관련 기업의 지원신청 접수를 안내하오니 많은 참여 바랍니다.
☞ 부산 지역 내ㆍ외 전력반도체 관련 기업
☞ 제품고급화, 기술제품 판로개척 지원, 기술컨설팅, 신뢰성시험ㆍ평가ㆍ인증지원",기술,부산테크노파크,부산광역시,중소기업,중소기업,,,,,,,기술사업화/이전/지도,2026-05-04,2026-05-11,,이메일 접수(yz848@btp.or.kr),이메일 접수(yz848@btp.or.kr),https://www.bizinfo.go.kr/sii/siia/selectSIIA200Detail.do?pblancId=PBLN_000000000121455,main,primary,부산2026년차세대고효율전력반도체실증인프라기업지원모집공고,부산테크노파크,2026-05-04~2026-05-11,기술,기술사업화/이전/지도
biz,PBLN_000000000121453,[부산] 2026 화장품뷰티산업 사업화 지원사업 지원기업 모집 공고,"부산광역시와 (재)부산테크노파크는 지역 화장품뷰티산업의 기술개발 및 제조역량을 강화하고, 기술 고도화와 첨단기술의 접목을 통한 디지털전환 등 전방위적 사업화 지원을 통해 B-뷰티 강소기업을 육성하고자「2026 화장품뷰티산업 사업화 지원」을 시행하오니 역량 있는 지역 내 화장품뷰티 분야 제조 또는 전문판매 기업의 많은 참여를 바랍니다.
☞ 본사 또는 주된 사업장 소재지가 부산광역시인 화장품 제조 또는 전문판매업을 영위하고 있는 중소기업(개인사업자 포함)
☞ 성장단계별 맞춤형 사업화 지원 및 국내 전시회 참가 지원
※ 자세한 지원내용 공고문 참조",경영,부산테크노파크,부산광역시,중소기업,중소기업,,,,,,,디자인/상품화/사업화,2026-04-21,2026-05-06,,이메일 접수 (chul7447@btp.or.kr),이메일 접수 (chul7447@btp.or.kr),https://www.bizinfo.go.kr/sii/siia/selectSIIA200Detail.do?pblancId=PBLN_000000000121453,main,primary,부산2026화장품뷰티산업사업화지원사업지원기업모집공고,부산테크노파크,2026-04-21~2026-05-06,경영,디자인/상품화/사업화
biz,PBLN_000000000121452,[광주] 광산구 2026년 청년창업자 사업장 월 임대료 지원사업 지원대상자 모집 공고,"광주광역시 광산구 초기 청년 창업자의 경제적 부담 완화 및 안정적 창업 정착을 위해 「2026년 광산구 청년창업자 사업장 월 임대료 지원사업」 지원대상자 모집을 다음과 같이 공고합니다.
☞ 광산구 거주 중인 청년 창업자
- 연령 : 19~39세(1986. 1. 1. ~ 2007. 12. 31.)의 청년
- 거주지 : 주민등록상 광주광역시 광산구 거주자
- 사업장 : 2023. 1. 1. 이후 본인 명의로 사업자등록을 하여 신청일 현재 실제 영업 중인 개인사업자로서, 사업장 소재지가 광산구인 사업장
- 월 임대료 : 월 임대료 200만원 이하인 사업장
☞ 선정월부터 3개월간 사업장 월 임대료의 70%를 지원(월 20만원 한도, 총 60만원 이내)",창업,기초자치단체,광주광역시,창업벤처,"청년,초기창업기업",,,,,,,창업공간지원,예산 소진시까지,,,"방문 접수
- 접수처 : 광산구청 3층 일자리정책과 청년활력팀
※ 우편 및 대리접수 불가","방문 접수
- 접수처 : 광산구청 3층 일자리정책과 청년활력팀
※ 우편 및 대리접수 불가",https://www.bizinfo.go.kr/sii/siia/selectSIIA200Detail.do?pblancId=PBLN_000000000121452,main,primary,광주광산구2026년청년창업자사업장월임대료지원사업지원대상자모집공고,기초자치단체,예산 소진시까지~,창업,창업공간지원
biz,PBLN_000000000121451,[제주] 2026년 다양성영화 기획개발 멘토링 지원사업 공고,"제주특별자치도와 (재)제주콘텐츠진흥원에서는「2026 제주다양성영화 기획개발 멘토링 지원사업」을 다음과 같이 공고하오니 많은 참여 바랍니다.
☞ 순제작비 10억 원 미만의 실사영화 및 다큐멘터리로서, 촬영 이전 단계에서 시나리오 및 대본 집필 등 기획개발을 진행 중인 작품
※ 당해연도 이전부터 주 사업장이 제주특별자치도에 위치한 콘텐츠 제작사업자 또는 주민등록상 거주지가 제주특별자치도인 개인 창작자 중, 실사영화 다큐멘터리 등 영상 제작 경험이 있는 감독, 메인 프로듀서, 메인 작가
☞ 시나리오 및 기획안 개발 단계에 있는 작품을 대상으로 전문가 멘토링 중심의 기획개발 고도화(편당 2백만원) 지원",경영,제주콘텐츠진흥원,제주특별자치도,중소기업,중소기업,,,,,,,디자인/상품화/사업화,2026-05-11,2026-05-22,,"이메일 접수 (click0925@ofjeju.kr)
※ 제출 후 확인 전화 필수(064-735-0622)
※ 실적증명 자료 중 파일전송이 불가한 경우 접수기간 내 방문접수 가능(진흥원 본원 2층 콘텐츠육성팀)","이메일 접수 (click0925@ofjeju.kr)
※ 제출 후 확인 전화 필수(064-735-0622)
※ 실적증명 자료 중 파일전송이 불가한 경우 접수기간 내 방문접수 가능(진흥원 본원 2층 콘텐츠육성팀)",https://www.bizinfo.go.kr/sii/siia/selectSIIA200Detail.do?pblancId=PBLN_000000000121451,main,primary,제주2026년다양성영화기획개발멘토링지원사업공고,제주콘텐츠진흥원,2026-05-11~2026-05-22,경영,디자인/상품화/사업화
biz,PBLN_000000000121450,[세종] 2026년 정보보호 기업성장(기술개발 및 사업화) 지원사업 모집 공고,"세종테크노파크에서는 정보보호 유망기업 발굴 및 성장 지원을 위해 ‘2026년 정보보호기업 성장(기술개발 및 사업화)지원사업’의 지원기업을 모집하오니, 관심있는 지역기업들의 많은 참여를 바랍니다.
☞ 세종 소재 ICT/SW 기반 정보보호 제품ㆍ서비스 사업화가 가능한 중소기업
☞ 세종 지역특화 산업(스마트시티 관련 기술) 기반의 정보보호 기술 제품ㆍ서비스의 기술개발 및 사업화 지원
- (기술개발) 인건비, 특허 신뢰성 및 안정성, 성능인증 등, 시제품 제작 등
- (사업화) 제품 업그레이드 및 시험/평가, 인증 및 컨설팅, 국내 외 전시회, 온/오프라인 마케팅 등",기술,세종테크노파크,세종특별자치시,중소기업,중소기업,,,,,,,기술사업화/이전/지도,2026-04-28,2026-05-22,,"이메일 및 방문 접수
- 접수처 : (30033) 세종특별자치시 조치원읍 군청로93 세종SB플라자 4층 운영사무실
- 이메일 : chaser4885@sjtp.or.kr
※ 이메일, 방문 접수 모두 필요
※ 우편접수 가능, 단 공고 마감일 도착분에 한함","이메일 및 방문 접수
- 접수처 : (30033) 세종특별자치시 조치원읍 군청로93 세종SB플라자 4층 운영사무실
- 이메일 : chaser4885@sjtp.or.kr
※ 이메일, 방문 접수 모두 필요
※ 우편접수 가능, 단 공고 마감일 도착분에 한함",https://www.bizinfo.go.kr/sii/siia/selectSIIA200Detail.do?pblancId=PBLN_000000000121450,main,primary,세종2026년정보보호기업성장기술개발및사업화지원사업모집공고,세종테크노파크,2026-04-28~2026-05-22,기술,기술사업화/이전/지도
biz,PBLN_000000000121449,[경북] 구미시ㆍ김천시ㆍ칠곡군 2026년 3차 시군 특화 맞춤형 일자리 지원사업 참여기업 모집 공고,"경북 서부권 소재 중소기업의 R&D 연구개발 역량 강화를 지원하고 이공계 인재 신규 고용을 연계하여 기업 경쟁력 제고와 지역 내 양질의 일자리 창출을 도모하고자 「2026년 시군특화 맞춤형 일자리 지원사업」에 참여햘 기업을 다음과 같이 모집합니다.
☞ 본사 또는 사업장이 구미, 김천, 칠곡 소재 기업
- R&D 역량 강화를 위해 만 39세 이하의 청년 인재 신규 채용 예정 기업
- 신규 인력은 이공계 전공자로 구미시 거주자 또는 전입 예정자
※ 타 지역 청년의 경우 협약 체결 후 60일 이내 구미 전입 必
☞ 프로젝트 과제비(현장 기반 과제비 12,000천원), 도제식 교육 훈련(최대 2,400천원, 참여 강사 지급) 지원
※ 자세한 지원내용 공고문 참조",인력/일자리,구미전자정보기술원,경상북도,중소기업,중소기업,,,,,,,국내일반인력,2026-04-27,2026-05-15,,온라인 접수 (구미시 창업지원안내사이트),온라인 접수 (구미시 창업지원안내사이트),https://www.bizinfo.go.kr/sii/siia/selectSIIA200Detail.do?pblancId=PBLN_000000000121449,main,primary,경북구미시ㆍ김천시ㆍ칠곡군2026년3차시군특화맞춤형일자리지원사업참여기업모집공고,구미전자정보기술원,2026-04-27~2026-05-15,인력,국내일반인력
biz,PBLN_000000000121448,2026년 혁신프리미어 1000 대상 기업 선정 추가모집 공고,"조달청에서는 금융위원회 및 정책금융기관과 협력하여, 혁신성과 성장잠재력이 높은 중소ㆍ중견 기업을 “혁신 프리미어 1000” 대상 기업으로 선정할 계획입니다. 선정된 기업은 정책금융기관의 금융ㆍ비금융 지원 및 혁신제품 단가계약 우대 등을 받을 수 있으니 많은 참여 바랍니다. 
☞ 혁신성장 공동기준 해당 사업을 영위하는 중소ㆍ중견기업으로 혁신제품 지정기업
※ 자세한 지원대상 공고문 참조
☞ (금융지원) 혁신 프리미어 기업 전용 상품을 신설하여 우대 혜택 지원
- (비금융지원) 민간투자 유치ㆍ해외판로 개척ㆍ박람회 참여 지원 및 맞춤형 컨설팅(세무ㆍ회계ㆍ인사ㆍ노무 등) 등 지원
- (혁신제품 단가계약 우대) 조달청 추천 혁신 프리미어 1000 기업은 제3자 단가계약 대상으로 우대",자금,직접수행,조달청,중소기업,중소기업,,,,,,,융자,2026-04-27,2026-05-06,,이메일 접수 (youngsun00@korea.kr),이메일 접수 (youngsun00@korea.kr),https://www.bizinfo.go.kr/sii/siia/selectSIIA200Detail.do?pblancId=PBLN_000000000121448,main,primary,2026년혁신프리미어1000대상기업선정추가모집공고,직접수행,2026-04-27~2026-05-06,금융,융자
biz,PBLN_000000000121447,[인천] 2026년 양자컴퓨팅 인프라 활용 지원 사업 공고,"양자기술 수요 발굴 및 초기 양자산업 생태계 조성으로 산-학-관 협력 거버넌스 선도하고 지역대학이 보유한 첨단 연구 인프라의 환류를 통해 지역 혁신자산 활용도 제고를 위한 사업입니다.
☞ 인천 소재 양자컴퓨터 활용 및 알고리즘 개발 희망기업 
☞ 연세대학교 국제캠퍼스 양자컴퓨터(IBM) 이용 지원
- 우수기업 대상 연세대학교 ‘PoC 프로젝트’ 참여 기회 제공
- 선정기업에 대한 연세대학교 국제캠퍼스 양자융합연구센터 공유오피스 유상 입주 자격 부여 (단, 별도의 입주 절차 및 입주 계약 필요)  
- 선정기업에 대한 활용점검 및 기술자문 세미나 (2026년 8월 예정)
- 양자컴퓨팅 활용 결과 보고회 및 VC 투자 컨설팅 데이 개최(2026년 11월 예정)",기술,인천테크노파크,인천광역시,중소기업,중소기업,,,,,,,기술인력/장비지원,2026-04-27,2026-05-15,,이메일 접수(quantumadmin@yonsei.ac.kr),이메일 접수(quantumadmin@yonsei.ac.kr),https://www.bizinfo.go.kr/sii/siia/selectSIIA200Detail.do?pblancId=PBLN_000000000121447,main,primary,인천2026년양자컴퓨팅인프라활용지원사업공고,인천테크노파크,2026-04-27~2026-05-15,기술,기술인력/장비지원
biz,PBLN_000000000121446,2026년 중국 상하이 China Invest Week 참여기업 모집 공고,"상하이 현지 투자자(VC, PE 등)와 한국의 스타트업ㆍ강소기업 1:1 밋업을 통해 투자유치 및 중국시장 진출 교두보 마련을 위한 「2026 China Invest Week @ Shanghai」을 다음과 같이 안내하오니, 중국 진출에 역량과 관심 있는 기업들의 많은 신청 바랍니다. 
☞ 중국 투자유치 및 진출 희망기업
- 소비재, 바이오ㆍ헬스케어, AI, 반도체 등 하이테크 기업
☞ 중국 VC와 커뮤니티를 구성할 기회를 제공하고, 1:1 밋업을 통한 투자유치 및 중국시장 진출 지원
- 항공(1인) 지원, 현지 교통(단체), 식사 등 지원",판로/수출,중소벤처기업진흥공단,중소벤처기업부,창업벤처,초기창업기업,,,,,,,시장개척,2026-04-27,2026-05-12,,"이메일 접수 (deejay@kosmes.or.kr, yuxitianle@naver.com)
※ 안전한 수신을 위해 2개 E-mail 모두 송부 요청
※ 1영업일 내 신청확인 이메일을 받지 못한 기업은 문의처로 반드시 신청여부 확인바람","이메일 접수 (deejay@kosmes.or.kr, yuxitianle@naver.com)
※ 안전한 수신을 위해 2개 E-mail 모두 송부 요청
※ 1영업일 내 신청확인 이메일을 받지 못한 기업은 문의처로 반드시 신청여부 확인바람",https://www.bizinfo.go.kr/sii/siia/selectSIIA200Detail.do?pblancId=PBLN_000000000121446,main,primary,2026년중국상하이chinainvestweek참여기업모집공고,중소벤처기업진흥공단,2026-04-27~2026-05-12,수출,시장개척
biz,PBLN_000000000121445,[경북] 서부권 2026년 3차 융합 R&D 인재 지역 정착 지원사업 참여기업 모집 공고,"경북 서부권 특화산업 분야의 융합 R&D 수행과 이공계 인재 고용ㆍ정착을 연계 지원하여 기업 경쟁력 강화와 지역 인재의 안정적 정착을 도모하고자 다음과 같이 사업에 참여할 지역기업을 모집합니다.
☞ 사업자등록증 기준 본사 또는 사업장이 구미, 김천, 칠곡, 상주, 성주 소재 기업
- 융합 R&D 역량 강화를 위해 만 45세 이하의 연구인재 신규 채용 예정 기업
- 신규 인력은 이공계 전공자로 경북 지역 거주자 또는 전입 예정자
※ 타 지역 인력의 경우 협약체결 후 60일 이내 경북 지역 전입 必
☞ 융합 R&D 기술 과제비(현장 기반 과제비 15,000천원), 도제식 교육 훈련(도제식 교육 훈련비 최대 4,200천원, 참여 강사 지급)지원
※ 자세한 지원내용 공고문 참조",기술,구미전자정보기술원,경상북도,중소기업,중소기업,,,,,,,기술사업화/이전/지도,2026-04-27,2026-05-15,,"온라인 접수
- 온라인 사이트 내 공고 확인 및 양쪽 모두 자료 제출
ㆍ 경상북도 일자리 포털 (www.jobgb.co.kr)
ㆍ 구미전자정보기술원 (startup.geri.re.kr)
※ 본 사업은 2개 사이트 모두 신청을 완료하여야 최종 접수로 인정됨","온라인 접수
- 온라인 사이트 내 공고 확인 및 양쪽 모두 자료 제출
ㆍ 경상북도 일자리 포털 (www.jobgb.co.kr)
ㆍ 구미전자정보기술원 (startup.geri.re.kr)
※ 본 사업은 2개 사이트 모두 신청을 완료하여야 최종 접수로 인정됨",https://www.bizinfo.go.kr/sii/siia/selectSIIA200Detail.do?pblancId=PBLN_000000000121445,main,primary,경북서부권2026년3차융합rd인재지역정착지원사업참여기업모집공고,구미전자정보기술원,2026-04-27~2026-05-15,기술,기술사업화/이전/지도
biz,PBLN_000000000121444,[경기] 군포시 2026년 품질경쟁력 강화 지원사업 참여기업 모집 공고,"군포산업진흥원에서는 관내 중소ㆍ벤처기업에 대한 인증 및 지식재산권의 획득 지원으로 기업보유 핵심기술의 권리화 및 글로벌 강소기업 육성을 위해 「품질경쟁력 강화 지원사업」을 다음과 같이 공고하오니 기업인들의 많은 관심과 신청바랍니다.
☞ 군포시 관내 중소벤처기업
- 2026년 내 인증획득 및 지식재산권 출원 완료 기업
- 지식재산권의 권리자(출원인)가 신청기업 명의
- 법인기업의 경우 법인 명의로 출원된 경우는 인정
- 개인기업의 경우 대표자 명의로 출원된 경우만 인정 (사업자등록증이 없는 경우 지원 불가)
☞ 제품인증, 지식재산권 지원(업체당 최대 300만원)
※ 타 기관에서 수혜를 받은 인증/지재권의 경우 지원 제외
※ 자세한 지원내용 공고문 참조",기술,군포산업진흥원,경기도,중소기업,중소기업,,,,,,,시험/인증,예산 소진시까지,,,이메일 접수 (ecsohn@gpipa.or.kr),이메일 접수 (ecsohn@gpipa.or.kr),https://www.bizinfo.go.kr/sii/siia/selectSIIA200Detail.do?pblancId=PBLN_000000000121444,main,primary,경기군포시2026년품질경쟁력강화지원사업참여기업모집공고,군포산업진흥원,예산 소진시까지~,기술,시험/인증
biz,PBLN_000000000121443,[충북] 2026년 중소기업제품전시판매장(도청점) 신규 입점업체 모집 연장 공고,"충청북도기업진흥원에서 도내 구매력이 높은 우수 중소기업 제품을 대상으로 중소기업제품전시판매장 도청점 신규 입점 업체를 모집합니다. 많은 신청 바랍니다.
☞ 충북도 내 우수 중소기업 제품(구매력이 높은 완제품 위주)
☞ 제품전시에 따른 업체 홍보, 제품 판매 등 지원
※ 자세한 지원내용 공고문 참조",판로/수출,충청북도기업진흥원,충청북도,중소기업,중소기업,,,,,,,오프라인,2026-04-27,2026-05-04,,"이메일(서류) / 우편ㆍ방문(제품샘플) 접수
- 이메일 : wamk619@gmail.com
- 접수처(제품샘플) : 충북 청주시 흥덕구 풍산로 50, 2층 기업지원부","이메일(서류) / 우편ㆍ방문(제품샘플) 접수
- 이메일 : wamk619@gmail.com
- 접수처(제품샘플) : 충북 청주시 흥덕구 풍산로 50, 2층 기업지원부",https://www.bizinfo.go.kr/sii/siia/selectSIIA200Detail.do?pblancId=PBLN_000000000121443,main,primary,충북2026년중소기업제품전시판매장도청점신규입점업체모집연장공고,충청북도기업진흥원,2026-04-27~2026-05-04,내수,오프라인
biz,PBLN_000000000121442,[인천] 2026년 소규모 제조업 중대재해 예방 안전조치 지원사업 참여기업 모집 공고,"(재)인천테크노파크에서는 인천지역 소규모 제조기업의 산업재해 예방과 기업별 위험요인 개선을 위해 기업에서 실질적으로 필요한 방호장치ㆍ보호구의 구매비용, 정기 안전검사 비용을 지원하는 「2026 인천 소규모 제조업 중대재해 예방 안전조치 지원사업」 참여기업을 모집합니다.
☞ 인천광역시 소재 50인 미만 제조업 영위 사업장
- 인천광역시에 주소지를 두고 4대 보험에 가입한 상시근로자 50인 미만 사업장
-「중소기업기본법 시행령」[별표3]에 따른 소기업 규모 기준 매출액 사업장 포함
☞ 관내 소규모 제조기업에 안전검사비, 방호ㆍ보호 장치 구입비용 기업당 최대 250만원 지원
- (검사비)「산업안전보건법 시행령」 제78조에 의한 안전검사대상 기계 등의 정기 안전검사ㆍ재검사(1회) 검사비용
- (방호장치)「산업안전보건법」,「동법 시행령, 시행규칙」에서 규정된 방호조치를 위한 안전장치
- (보호구)「산업안전보건법」제84조에 의한 안전인증 제품",인력/일자리,인천테크노파크,인천광역시,중소기업,중소기업,,,,,,,작업환경개선,예산 소진시까지,,,온라인 접수(Biz-OK),온라인 접수(Biz-OK),https://www.bizinfo.go.kr/sii/siia/selectSIIA200Detail.do?pblancId=PBLN_000000000121442,main,primary,인천2026년소규모제조업중대재해예방안전조치지원사업참여기업모집공고,인천테크노파크,예산 소진시까지~,인력,작업환경개선
biz,PBLN_000000000121441,[대전] 2026년 1인 소상공인ㆍ산재보험료 지원사업 공고,"1인 소상공인의 사회안전망 확충 및 경영부담 완화를 위해 「2026년 1인 소상공인 고용ㆍ산재보험료 지원사업」을 다음과 같이 공고합니다.
☞ 고용 및 산재보험에 가입한 연 매출 3억원 이하(0원 초과)의 대전 소재 1인 소상공인 ※ 보험 미가입시 지원 불가
☞ 월 납입보험료의 최대 30%(고용보험), 50%(산재보험) 지원
- (고용보험료) 납부한 월 고용보험료의 최대 30% 지원
- (산재보험료) 납부한 월 산재보험료의 50% 지원 / 전 등급(1~12등급) 동일",인력/일자리,대전일자리경제진흥원,대전광역시,소상공인,소상공인,,,,,,,고용유지,선착순 접수,,,온라인 접수 (대전비즈),온라인 접수 (대전비즈),https://www.bizinfo.go.kr/sii/siia/selectSIIA200Detail.do?pblancId=PBLN_000000000121441,main,primary,대전2026년1인소상공인ㆍ산재보험료지원사업공고,대전일자리경제진흥원,선착순 접수~,인력,고용유지
biz,PBLN_000000000121440,2026년 2차 창업-BuS 프로그램 참여기업 모집 공고,"전북창조경제혁신센터에서는 투자 재원을 활용하여 2026년 직접 투자기업을 발굴하고자 합니다. 유망한 아이템을 보유한 (예비)창업기업을 다음과 같이 모집하오니, 관심 있는 기업의 많은 신청을 바랍니다.
☞ 공고일 기준 예비창업자(팀) ~ 7년 이내 창업기업
※ 새부대상 상이 공고문 참조
☞ 팁스(TIPS: Tech Incubator Program for Startup) 프로그램, 립스(LIPS: Lifestyle business Incubating Program for Strong Enterprise) 프로그램 지원
- (팁스 프로그램) 연구개발비, 창업사업화, 해외마케팅 지원
- (립스 프로그램) 민간투자 연계형 매칭융자(LIPS 1), 혁신소상공인투자 연계지원(LIPS 2) 지원
- (후속지원) 팁스 추천 시 전용 보육공간(Start-up Foret, 미래기술혁신센터) 입주, 센터 및 도내 유관기관이 운영하는 사업화, 투자 및 보증, 글로벌 진출, 보증사업 연계 지원",창업,전북창조경제혁신센터,전북특별자치도,창업벤처,초기창업기업,,,,,,,사업화지원,2026-04-27,2026-05-20,,온라인 접수 (창조경제혁신센터 온라인신청 플랫폼),온라인 접수 (창조경제혁신센터 온라인신청 플랫폼),https://www.bizinfo.go.kr/sii/siia/selectSIIA200Detail.do?pblancId=PBLN_000000000121440,main,primary,2026년2차창업bus프로그램참여기업모집공고,전북창조경제혁신센터,2026-04-27~2026-05-20,창업,사업화지원
biz,PBLN_000000000121439,[경북] 2026년 중소기업 밀집지역 위기대응 체계 구축사업 지역중소기업 밀집지역 생태계 공동회복 지원과제 수요기업 모집 공고,"중소벤처기업부와 경상북도가 지원하는 「2026년 중소기업 밀집지역 위기대응 체계 구축사업」 지역중소기업 밀집지역 생태계 공동회복 지원과제를 다음과 같이 추진하오니, 참여를 희망하는 해당지역 중소기업들의 많은 신청 바랍니다.
☞ 경상북도 밀집지역 생태계 공동회복 지원과제 지원 대상 지역중소기업 밀집지역 소재 중소기업(「중소기업기본법」제2조 및 시행령 제3조에 따른 중소기업)으로 최소 2개사 이상 컨소시엄을 구성해서 신청하여야 함
- (지원대상 지역중소기업 밀집지역) 포항철강산업1단지, 포항철강산업2단지, 포항철강산업3단지, 포항제4일반산업단지, 대송면제대리준공업지역
☞ 포항 철강 지역중소기업 밀집지역 내 중소기업 대상 신규거래선 발굴을 위한 공동 전시회 운영, 중대재해 예방 공동안전망 지원, 공동 기술개발 과제 발굴 및 기획 지원
- 1개 기업당 최대 12백만원 지원 예정",경영,경북테크노파크,중소벤처기업부,중소기업,중소기업,,,,,,,디자인/상품화/사업화,2026-04-27,2026-05-18,,온라인 접수 (경북테크노파크 홈페이지),온라인 접수 (경북테크노파크 홈페이지),https://www.bizinfo.go.kr/sii/siia/selectSIIA200Detail.do?pblancId=PBLN_000000000121439,main,primary,경북2026년중소기업밀집지역위기대응체계구축사업지역중소기업밀집지역생태계공동회복지원과제수요기업모집공고,경북테크노파크,2026-04-27~2026-05-18,경영,디자인/상품화/사업화
biz,PBLN_000000000121438,2026년 2차 중소벤처기업부 혁신제품 지정기간 연장(1차연장) 공고,"「2026년도 제2차 중소벤처기업부 혁신제품 지정기간 연장(1차연장)」을위해 아래와 같이 공고하오니, 1차연장 자격요건에 해당하는 중소기업은 안내에 따라 신청하여 주시기 바랍니다.
☞ 중소벤처기업부가 지정한 혁신제품을 보유한 기업으로서, 1차 연장기간(1년)이 만료되는 혁신제품을 보유한 기업
※ (지정기간) ‘23. 7. 31. ~ ‘26. 7. 30. 
☞ 총 3년의 범위 내에서 지정기간 연장 지원",기술,중소기업기술정보진흥원,중소벤처기업부,중소기업,중소기업,,,,,,,시험/인증,2026-04-29,2026-05-28,,"온라인 접수 (중소기업기술개발사업 종합관리시스템)
※ 자세한 신청방법 공고문 참조","온라인 접수 (중소기업기술개발사업 종합관리시스템)
※ 자세한 신청방법 공고문 참조",https://www.bizinfo.go.kr/sii/siia/selectSIIA200Detail.do?pblancId=PBLN_000000000121438,main,primary,2026년2차중소벤처기업부혁신제품지정기간연장1차연장공고,중소기업기술정보진흥원,2026-04-29~2026-05-28,기술,시험/인증
biz,PBLN_000000000121437,[경남] 2026년 내수기업-전문무역상사 매칭 수출상담회 참가업체 모집 공고,"경남 도내 내수기업의 해외 진출 마련 및 수출 확대를 위하여 추진하는 「2026년 경남 내수기업-전문무역상사 매칭 수출상담회」에 참가할 업체를 아래와 같이 모집하오니, 참가를 희망하는 업체는 신청하여 주시기 바랍니다.
☞ 경남 도내 중소 제조기업(참가품목 대상)
- (소비재) 식음료품, 농산물, 화장품, 생활용품 등
- (산업재) 조선기자재, 자동차부품, 기계ㆍ기계부품, 철강제품 등
☞ 전문무역상사와의 1:1 수출상담 매칭, 한국무역협회 자문위원 현장 컨설팅 지원",판로/수출,한국무역협회경남지역본부,경상남도,중소기업,중소기업,,,,,,,해외진출준비,2026-04-27,2026-05-22,,온라인 접수 (경상남도 해외마케팅 사업지원시스템),온라인 접수 (경상남도 해외마케팅 사업지원시스템),https://www.bizinfo.go.kr/sii/siia/selectSIIA200Detail.do?pblancId=PBLN_000000000121437,main,primary,경남2026년내수기업전문무역상사매칭수출상담회참가업체모집공고,한국무역협회경남지역본부,2026-04-27~2026-05-22,수출,해외진출준비
biz,PBLN_000000000121436,[경기] 2026년 문화기술 콘텐츠 제작지원 지원기업 모집 공고,"경기도와 경기콘텐츠진흥원은 ‘2026 문화기술 콘텐츠 제작지원 사업’을 공고합니다. 새로운 경험과 가치 창출을 추구하는 문화기술 기업의 많은 참여 바랍니다.
☞ 경기도 소재 문화기술 콘텐츠 중소기업(법인사업자)
- 문화기술 2가지 이상 결합으로, 사업기간 내 콘텐츠 상품화/사업화(서비스런칭 및 아이템 판매 등)단계 가능 기업
- 문화기술을 활용하여 기술고도화 역량을 보유한 기업
※ 자세한 지원대상 공고문 참조
☞  자금 지원 (부문별 최소 2천만원 – 최대 1.4억원)
- 사업화 컨설팅, 성과전시 지원, 마케팅 등 사업화 역량 강화 지원(참여 필수)
- 후속 진흥원 투자사업 등 연계 기회 지원
※ 유형별 지원내용이 상이하므로 자세한 지원내용 공고문 참조",경영,경기콘텐츠진흥원,경기도,중소기업,중소기업,,,,,,,디자인/상품화/사업화,2026-04-24,2026-05-12,,이메일 접수(ct1@gcon.or.kr),이메일 접수(ct1@gcon.or.kr),https://www.bizinfo.go.kr/sii/siia/selectSIIA200Detail.do?pblancId=PBLN_000000000121436,main,primary,경기2026년문화기술콘텐츠제작지원지원기업모집공고,경기콘텐츠진흥원,2026-04-24~2026-05-12,경영,디자인/상품화/사업화
biz,PBLN_000000000121435,[강원] 홍천군 2026년 중소기업 수출단체보험 가입 지원사업 참가기업 모집 공고,"홍천군 관내 중소기업의 무역리스크 경감을 통하여 해외시장 진출을 적극 도모하기 위한 「2026년 홍천군 중소기업 수출 단체보험 가입 지원사업」을 아래와 같이 안내드리오니 많은 신청 바랍니다.
☞ 홍천군 수출(준비) 중소기업
☞ 한국무역보험공사 단기수출보험(단체보험) 가입 지원",자금,강원특별자치도경제진흥원,강원특별자치도,중소기업,중소기업,,,,,,,보험(수출+무역),2026-04-27,2026-05-15,,이메일 접수 (gpdls72@gwep.or.kr),이메일 접수 (gpdls72@gwep.or.kr),https://www.bizinfo.go.kr/sii/siia/selectSIIA200Detail.do?pblancId=PBLN_000000000121435,main,primary,강원홍천군2026년중소기업수출단체보험가입지원사업참가기업모집공고,강원특별자치도경제진흥원,2026-04-27~2026-05-15,금융,보험(수출+무역)
biz,PBLN_000000000121434,[강원] 속초시 2026년 중소기업 수출단체보험 가입 지원사업 참가기업 모집 공고,"속초시 관내 중소기업의 무역리스크 경감을 통하여 해외시장 진출을 적극 도모하기 위한 「2026년 속초시 중소기업 수출 단체보험 가입 지원사업」을 아래와 같이 안내드리오니 많은 신청 바랍니다.
☞ 속초시 수출(준비) 중소기업
☞ 한국무역보험공사 단기수출보험(단체보험) 가입 지원",자금,강원특별자치도경제진흥원,강원특별자치도,중소기업,중소기업,,,,,,,보험(수출+무역),2026-04-27,2026-05-15,,이메일 접수 (gpdls72@gwep.or.kr),이메일 접수 (gpdls72@gwep.or.kr),https://www.bizinfo.go.kr/sii/siia/selectSIIA200Detail.do?pblancId=PBLN_000000000121434,main,primary,강원속초시2026년중소기업수출단체보험가입지원사업참가기업모집공고,강원특별자치도경제진흥원,2026-04-27~2026-05-15,금융,보험(수출+무역)
biz,PBLN_000000000121433,[광주] 북구 2026년 지식재산 기업 육성을 위한 중소기업 기술이전 지원사업 참여기업 모집 연장 공고,"광주광역시 북구청과 한국발명진흥회 광주지부에서 북구 관내 중소기업의 혁신적인 기술 확보와 사업화를 지원하기 위해 「2026년 중소기업 기술이전 지원 사업」 참여 기업을 다음과 같이 모집하오니 많은 관심과 참여 바랍니다.
☞ 모든 산업분야로 광주광역시 북구 관내에 소재한 중소기업
- 2026년 3월부터 북구청 및 한국발명진흥회 등 기술이전 중개기관 중개를 통해 기술이전 계약 및 기술거래를 희망하는 기업
☞ 공공연구기관과 선정기업 간 기술이전 계약 후 기술이전료 지원 및 수혜기업 대상 기술사업화 촉진을 위한 맞춤형 컨설팅 등 지원
- 기업당 최대 800만원 지원",기술,한국발명진흥회광주지부,광주광역시,중소기업,중소기업,,,,,,,기술사업화/이전/지도,2026-03-16,2026-05-08,,"이메일, 우편 또는 방문 접수
- 이메일 : 광주광역시 북구 추암로 245 이노비즈센터 7층(한국발명진흥회 광주지부)
- 접수처 : gl0569@kipa.org
※ 이메일 송부 후 반드시 수신여부 확인을 위하여 유선연락 요망","이메일, 우편 또는 방문 접수
- 이메일 : 광주광역시 북구 추암로 245 이노비즈센터 7층(한국발명진흥회 광주지부)
- 접수처 : gl0569@kipa.org
※ 이메일 송부 후 반드시 수신여부 확인을 위하여 유선연락 요망",https://www.bizinfo.go.kr/sii/siia/selectSIIA200Detail.do?pblancId=PBLN_000000000121433,main,primary,광주북구2026년지식재산기업육성을위한중소기업기술이전지원사업참여기업모집연장공고,한국발명진흥회광주지부,2026-03-16~2026-05-08,기술,기술사업화/이전/지도
biz,PBLN_000000000121432,[강원] 동해시 2026년 자유무역지역 역량강화 기업지원사업 참여기업 모집 연장 공고,"산업통상자원부와 강원테크노파크에서는 동해 자유무역지역 입주기업의 역량강화를 위하여 「2026년 동해 자유무역지역 역량강화 기업지원사업」을 추진하고 있습니다. 이에 다음과 같이 공고하오니, 관심있는 동해 자유무역지역 입주기업의 많은 참여를 바랍니다.
☞ 동해 자유무역지역 입주기업
☞ 닥터FTZ, 기업지원 프로그램 지원
- 닥터FTZ : 전문 컨설턴트 매칭을 통한 선제적 기업진단 및 컨설팅(기업별 최대 3,000천원 이내) 지원
- 기업지원 : 국내/외 시장 확대를 위한 사업화 경쟁력 강화 지원(기업별 최대 15,000천원 이내) 지원",경영,강원테크노파크,산업통상부,중소기업,중소기업,,,,,,,디자인/상품화/사업화,2026-04-27,2026-05-08,,"우편, 방문 및 이메일 접수
- 접수처 : 강원특별자치도 춘천시 신북읍 신북로 61-10
- 이메일 : sonjy@gwtp.or.kr
※ PDF 파일로 제출","우편, 방문 및 이메일 접수
- 접수처 : 강원특별자치도 춘천시 신북읍 신북로 61-10
- 이메일 : sonjy@gwtp.or.kr
※ PDF 파일로 제출",https://www.bizinfo.go.kr/sii/siia/selectSIIA200Detail.do?pblancId=PBLN_000000000121432,main,primary,강원동해시2026년자유무역지역역량강화기업지원사업참여기업모집연장공고,강원테크노파크,2026-04-27~2026-05-08,경영,디자인/상품화/사업화
biz,PBLN_000000000121431,글로벌 시장 진출(태국WHX) 지원 기업 모집 추가 공고(디지털트윈 융합 의료혁신 선도사업),"강원테크노파크에서는 디지털트윈 융합 의료혁신 선도사업을 통하여 디지털트윈을 적용하고 있거나 디지털기술을 접목하여 의료기기를 개발ㆍ운영 하고 계신 기업을 대상으로 태국 시장 진출을 위한 ‘태국 WHX Bangkok 2026’을 다음과 같이 운영하고자 합니다. 본 전시회는 의료기기산업진흥원과 공동관으로 운영계획 예정으로 공동관 참여를 희망하는 기업의 많은 관심과 참여 부탁드립니다.
☞ 국내 의료기기 기업 중 디지털트윈을 활용하여 의료기기를 개발하고 있거나 디지털 기술을 접목한 기업
☞ 태국 의료기기 전시회 참가 지원
- 강원TP 공동관 참석, 부스임차료, 장치비, 부스시공비, 통역 지원비 등",판로/수출,강원테크노파크,과학기술정보통신부,중소기업,중소기업,,,,,,,해외진출,2026-04-27,2026-05-08,,이메일 접수 (rladufma@gwtp.or.kr),이메일 접수 (rladufma@gwtp.or.kr),https://www.bizinfo.go.kr/sii/siia/selectSIIA200Detail.do?pblancId=PBLN_000000000121431,main,primary,글로벌시장진출태국whx지원기업모집추가공고디지털트윈융합의료혁신선도사업,강원테크노파크,2026-04-27~2026-05-08,수출,해외진출
biz,PBLN_000000000121430,[서울] 2026년 상반기 AI 허브 고성능 컴퓨팅 인프라 지원사업 참여기업 모집 공고,"서울 AI 허브는 고성능 컴퓨팅 자원을 안정적으로 공급하여 스타트업의 기술적 임계점 돌파를 지원하고, 글로벌 클라우드 생태계와의 전략적 연계를 통해 서울 AI 스타트업의 실질적인 비즈니스 확장 기회를 창출하고자 합니다.
☞ 서울시 소재 AI 스타트업
☞ 클라우드 GPU 자원 바우처 지원
- (Track 1) 고도화(최대 6천만원 상당) 지원
- (Track 2) 초기ㆍ검증(최대 1천만원 상당) 지원",기술,서울AI허브,서울특별시,창업벤처,초기창업기업,,,,,,,기술사업화/이전/지도,2026-04-14,2026-05-08,,온라인 접수 (스타트업플러스),온라인 접수 (스타트업플러스),https://www.bizinfo.go.kr/sii/siia/selectSIIA200Detail.do?pblancId=PBLN_000000000121430,main,primary,서울2026년상반기ai허브고성능컴퓨팅인프라지원사업참여기업모집공고,서울ai허브,2026-04-14~2026-05-08,기술,기술사업화/이전/지도
biz,PBLN_000000000121429,[경기] 성남시 2026년 중소기업 온라인 판로 지원사업 참여기업 모집 공고,"성남산업진흥원과 경기테크노파크에서는 성남시 관내 중소기업 우수제품의 온라인 매출 증대를 위하여 시장 경쟁력과 자생력을 갖출 수 있도록「성남시 중소기업 온라인 판로 지원사업」참여기업을 다음과 같이 모집합니다.
☞ 성남시 관내 중소기업
☞ 맞춤형 온라인 마케팅 기업당 최대 300만원 지원
- 제품 상세페이지, 제품 홍보 동영상, 포털사이트 키워드광고, 쇼핑검색광고, 라이브커머스, 택배배송비, 홈쇼핑 등 지원 
※ 자세한 지원내용 공고문 참조",판로/수출,경기테크노파크,경기도,중소기업,중소기업,,,,,,,홍보지원,2026-04-24,2026-05-22,,"온라인, 방문, 우편 및 이메일 접수
- 접수처 : (15588) 경기도 안산시 상록구 해안로 705 (재)경기테크노파크4동(지원편의동) 3층 317호 기술사업화팀 2026년 성남시 중소기업 온라인 판로 지원사업 담당자 앞
- 이메일 : ygh6463@gtp.or.kr
- 온라인 : 경기테크노파크 성과관리시스템","온라인, 방문, 우편 및 이메일 접수
- 접수처 : (15588) 경기도 안산시 상록구 해안로 705 (재)경기테크노파크4동(지원편의동) 3층 317호 기술사업화팀 2026년 성남시 중소기업 온라인 판로 지원사업 담당자 앞
- 이메일 : ygh6463@gtp.or.kr
- 온라인 : 경기테크노파크 성과관리시스템",https://www.bizinfo.go.kr/sii/siia/selectSIIA200Detail.do?pblancId=PBLN_000000000121429,main,primary,경기성남시2026년중소기업온라인판로지원사업참여기업모집공고,경기테크노파크,2026-04-24~2026-05-22,내수,홍보지원
biz,PBLN_000000000121428,[경기] 남양주시 2026년 기업 맞춤형 마케팅지원 참여기업 모집 공고(경기대진테크노파크 육성지원사업),"남양주시 기업 경쟁력 강화를 위한 「남양주시 기업 맞춤형 마케팅 지원사업」 참여기업을 모집하오니 많은 관심과 참여를 바랍니다.
☞ 남양주시 소재 공장(제조시설)을 보유한 중소기업(사업자등록증 상 제조업, 지식서비스산업)
☞ 홍보물제작 및 광고 등 온라인 마케팅 비용 최대 400만원 지원
- 홍보물 제작 : 홍보 동영상, 상세페이지(e카탈로그) 제작, 홈페이지 제작, 앱디자인(UIㆍUX) 등 ※ 기존 제작된 홍보물의 번역 지원 가능
- 광고 : SNS 체험단 운영, 포털사이트 검색 광고, 온라인 몰, TV 홈쇼핑, 라디오, 라이브커머스 방송 등",판로/수출,경기대진테크노파크,경기도,중소기업,중소기업,,,,,,,홍보지원,2026-05-04,2026-05-15,,"온라인 접수 (산업지원정보시스템)
※ 지원신청서 [서식3]은 반드시 ‘직인’을 직접 날인해야함(전자서명 및 전자날인 불가)","온라인 접수 (산업지원정보시스템)
※ 지원신청서 [서식3]은 반드시 ‘직인’을 직접 날인해야함(전자서명 및 전자날인 불가)",https://www.bizinfo.go.kr/sii/siia/selectSIIA200Detail.do?pblancId=PBLN_000000000121428,main,primary,경기남양주시2026년기업맞춤형마케팅지원참여기업모집공고경기대진테크노파크육성지원사업,경기대진테크노파크,2026-05-04~2026-05-15,내수,홍보지원
biz,PBLN_000000000121427,2026년 해외바이어 초청 무역상담회 참가기업 모집 공고,"부산광역시와 우리 진흥원에서는 지역 주요 수출 및 신흥시장인 미주, 일본, 중국, 베트남, 인도, UAE, 인도네시아 등의 지역 바이어를 초청하여 다음과 같이 “2026 해외바이어 초청 무역상담회”를 개최합니다. 별도의 비용부담 없이 해외시장 진출에 좋은 기회가 될 수 있는 이번 상담회에 관심 있는 기업들의 많은 신청 바랍니다.
☞ 부산소재 기업 중, 바이어 상담 희망품목을 취급하는 제조업체 및 무역업체
※ 상담 품목 : 산업재 및 소비재 등 종합 품목
☞ 바이어초청, 상담주선, 상담장 제공, 통역지원",판로/수출,부산경제진흥원,부산광역시,중소기업,중소기업,,,,,,,수출정보제공,2026-04-24,2026-05-20,,온라인 접수 (부산수출플랫폼),온라인 접수 (부산수출플랫폼),https://www.bizinfo.go.kr/sii/siia/selectSIIA200Detail.do?pblancId=PBLN_000000000121427,main,primary,2026년해외바이어초청무역상담회참가기업모집공고,부산경제진흥원,2026-04-24~2026-05-20,수출,수출정보제공
biz,PBLN_000000000121426,[대구] 2026년 BIT융합캠퍼스(의료ㆍ헬스ㆍ바이오) 지원사업 기업 모집 공고,"경북대학교 첨단정보통신융합산업기술원에서는 대구 RISE 사업 ‘기업집적지 현장캠퍼스 운영’ 단위과제 수행과 관련하여 의료ㆍ바이오ㆍ헬스케어 분야 융합 기술ㆍ제품 개발을 지원하고자 지원대상 기업을 모집합니다.
☞ BIT 융합 기반 의료ㆍ바이오ㆍ헬스케어 전분야 대구광역시 소재 기업
※ 지원분야별 지원대상 상이하므로 자세한 사항 공고문 참조
☞ BIT융합 프로젝트 랩, 전문시설 활용, 글로벌 의료기기 개발지원 플랫폼 지원
※ 자세한 지원내용 공고문 참조",기술,경북대학교 첨단정보통신융합산업기술원,대구광역시,중소기업,중소기업,,,,,,,시험/인증,지원분야별 상이,,,"온라인 접수 및 이메일 접수
- 온라인 : 지산학연협력기술연구소 홈페이지
- 이메일 : mskim1011@knu.ac.kr
※ 지원분야별 신청방법 상이하므로 자세한 신청방법 공고문 참조","온라인 접수 및 이메일 접수
- 온라인 : 지산학연협력기술연구소 홈페이지
- 이메일 : mskim1011@knu.ac.kr
※ 지원분야별 신청방법 상이하므로 자세한 신청방법 공고문 참조",https://www.bizinfo.go.kr/sii/siia/selectSIIA200Detail.do?pblancId=PBLN_000000000121426,main,primary,대구2026년bit융합캠퍼스의료ㆍ헬스ㆍ바이오지원사업기업모집공고,경북대학교첨단정보통신융합산업기술원,지원분야별 상이~,기술,시험/인증
biz,PBLN_000000000121425,[경북] 구미시 2026년 소상공인 카드수수료 지원사업 참여 점포 모집 공고,"경상북도경제진흥원에서는 국내외 경기침체로 어려움을 겪고 있는 소상공인들을 위한 ‘소상공인 카드수수료 지원사업’ 참여점포를 다음과 같이 모집하오니 많은 신청 부탁드립니다.
☞ ’25년도 연매출액이 1억 원 이하이며,사업자등록증 상의 소재지가 구미시인 소상공인
☞ 2025년도 카드 매출액의 0.4% (40만원 한도 내) 지원",경영,경상북도경제진흥원,경상북도,소상공인,소상공인,,,,,,,디자인/상품화/사업화,예산 소진시까지,,,"온라인 또는 방문 접수
- 접수처 : 읍ㆍ면ㆍ동 행정복지센터, 경상북도경제진흥원, 구미시 소상공인연합회
- (경상북도경제진흥원) 구미시 이계북로7  경상북도경제진흥원4층민생경제지원팀
- (구미시 소상공인연합회) 구미시 고아읍 들성로 15길 6-17, 3층
- 온라인 : 행복카드 홈페이지
","온라인 또는 방문 접수
- 접수처 : 읍ㆍ면ㆍ동 행정복지센터, 경상북도경제진흥원, 구미시 소상공인연합회
- (경상북도경제진흥원) 구미시 이계북로7  경상북도경제진흥원4층민생경제지원팀
- (구미시 소상공인연합회) 구미시 고아읍 들성로 15길 6-17, 3층
- 온라인 : 행복카드 홈페이지
",https://www.bizinfo.go.kr/sii/siia/selectSIIA200Detail.do?pblancId=PBLN_000000000121425,main,primary,경북구미시2026년소상공인카드수수료지원사업참여점포모집공고,경상북도경제진흥원,예산 소진시까지~,경영,디자인/상품화/사업화
biz,PBLN_000000000121424,[경북] 고령군 2026년 지역발전 우수기업 환경개선 사업 참가기업 모집 공고,"(재)경상북도경제진흥원에서는 고령군 소재 제조업체의 열악한 작업환경ㆍ복지공간 개선 지원을 통해 근로자 복지 향상과 기업 생산성을 제고하여 지역경제 활성화 및 지방 소멸 위기에 대응하고자「2025년 고령군 지역발전 우수기업 환경개선 사업」참가기업을 모집하오니 많은 참여 바랍니다.
☞  아래 조건을 하나 이상 충족하는 고령군 소재 중소 제조기업
- 근로자 2인 이상 관외에서 전입한 경우
- 근로자 5인 이상 기업 중 관내 주소자가 일정 비율 이상인 경우
※ 자세한 지원대상 공고문 참조
☞ 작업환경 및 복지 공간 등 근로자의 근로 환경 개선 비용 기업당 최대 1,000만원 지원",인력/일자리,경상북도경제진흥원,경상북도,중소기업,중소기업,,,,,,,고용환경개선,예산 소진시까지,,,이메일 접수(jin940123@gepa.kr),이메일 접수(jin940123@gepa.kr),https://www.bizinfo.go.kr/sii/siia/selectSIIA200Detail.do?pblancId=PBLN_000000000121424,main,primary,경북고령군2026년지역발전우수기업환경개선사업참가기업모집공고,경상북도경제진흥원,예산 소진시까지~,인력,고용환경개선
biz,PBLN_000000000121423,[경북] 2026년 소상공인 새바람 체인지업 사업 소상공인 모집 공고,"(재)경상북도경제진흥원에서는 도내 소상공인의 활력 제고를 위해 분야별 컨설팅을 제공하고 경영환경개선을 지원할 수 있는 본 사업에 다음과 같이 소상공인을 모집하고자 공고하오니 많은 신청 바랍니다. 
☞  공고일 기준 현재 사업장 주소가 경북 도내 등록되어 있고, 창업 3년이상 소상공인 사업자(사업자등록 기준으로부터 사업공고일까지)
-「소상공인 보호 및 지원에 관한 법률」제2조에 따른 소상공인 사업자
☞ 컨설팅 서비스, 점포환경개선(옥외간판교체, 점포환경 개선, 시스템 개선) 지원금 지원",경영,경상북도경제진흥원,경상북도,소상공인,소상공인,,,,,,,시설/입지지원,2026-04-24,2026-05-20,,"온라인, 우편, 방문 접수
- 접수처 : 구미시 이계북로7 경상북도경제진흥원 4층 민생경제지원팀
- 온라인 : 모이소 앱
※ 자세한 신청방법 공고문 참조","온라인, 우편, 방문 접수
- 접수처 : 구미시 이계북로7 경상북도경제진흥원 4층 민생경제지원팀
- 온라인 : 모이소 앱
※ 자세한 신청방법 공고문 참조",https://www.bizinfo.go.kr/sii/siia/selectSIIA200Detail.do?pblancId=PBLN_000000000121423,main,primary,경북2026년소상공인새바람체인지업사업소상공인모집공고,경상북도경제진흥원,2026-04-24~2026-05-20,경영,시설/입지지원
biz,PBLN_000000000121422,[경기] 시흥시 2026년 빈 점포 활용 소상인 창업 지원사업 모집 공고(2025 상권친화형 도시 조성사업),"시흥시에서는 빈 점포를 활용한 소상인 창업(재창업) 지원자를 아래와 같이 모집하오니, 많은 참여 바랍니다.
☞ 시흥시에 빈 점포를 활용한 소상인 창업자(초기/예비)
☞ 인테리어, 간판, 설비 도입 등 시설 등 창업비용(1개소 당 최대 20,000천원) 지원",창업,시흥산업진흥원,경기도,소상공인,소상공인,,,,,,,예비창업자지원,2026-04-27,2026-05-11,,"방문, 이메일 및 온라인 접수 (中 택 1)
- 접수처 : 경기도 시흥시 호원로 27번길 25-1, 소상인특화지원센터 2층 (상권활성화센터)
- 이메일 : kyk@sida.kr
- 온라인 : 시흥산업진흥원","방문, 이메일 및 온라인 접수 (中 택 1)
- 접수처 : 경기도 시흥시 호원로 27번길 25-1, 소상인특화지원센터 2층 (상권활성화센터)
- 이메일 : kyk@sida.kr
- 온라인 : 시흥산업진흥원",https://www.bizinfo.go.kr/sii/siia/selectSIIA200Detail.do?pblancId=PBLN_000000000121422,main,primary,경기시흥시2026년빈점포활용소상인창업지원사업모집공고2025상권친화형도시조성사업,시흥산업진흥원,2026-04-27~2026-05-11,창업,예비창업자지원
biz,PBLN_000000000121421,[경북] 영천시 2026년 소상공인 카드수수료 지원사업 참여 점포 모집 공고,"경상북도와 영천시, 경상북도경제진흥원은 경기 침체로 어려움을 겪고 있는 소상공인을 위한 ‘소상공인 카드수수료 지원사업’의 참여 점포를 모집하고 있으니, 관심 있는 소상공인분들의 많은 신청 부탁드립니다.
☞ 2025년도 매출액 5억원 이하의 영천시 소상공인
☞ 2025년도 카드 매출액의 0.4~1.0% (업체당 최저 5만원 ~50만원) 지원",경영,경상북도경제진흥원,경상북도,소상공인,소상공인,,,,,,,디자인/상품화/사업화,예산 소진시까지,,,"온라인 또는 방문 접수
- 접수처 : 경제진흥원 영천출장소, 영천시 소상공인연합회, 경제진흥원 동부지소
- (경제진흥원 영천출장소)영천시 금완로 63,영천상공회의소 3층
- (영천시 소상공인연합회)영천시 최무선로 280, 2층
- (경제진흥원 동부지소)포항시 남구 희망대로 859, 2층
- 온라인 : 행복카드 홈페이지
","온라인 또는 방문 접수
- 접수처 : 경제진흥원 영천출장소, 영천시 소상공인연합회, 경제진흥원 동부지소
- (경제진흥원 영천출장소)영천시 금완로 63,영천상공회의소 3층
- (영천시 소상공인연합회)영천시 최무선로 280, 2층
- (경제진흥원 동부지소)포항시 남구 희망대로 859, 2층
- 온라인 : 행복카드 홈페이지
",https://www.bizinfo.go.kr/sii/siia/selectSIIA200Detail.do?pblancId=PBLN_000000000121421,main,primary,경북영천시2026년소상공인카드수수료지원사업참여점포모집공고,경상북도경제진흥원,예산 소진시까지~,경영,디자인/상품화/사업화
biz,PBLN_000000000121420,[전북] 2026년 콘텐츠코리아랩 콘텐츠 제작지원사업 추가모집 공고,"우리원에서는 역량 있는 창ㆍ제작자 발굴 및 성장지원을 위해 “2026 전북콘텐츠코리아랩 창ㆍ제작자 시제품 제작지원사업” 추가 모집을 다음과 같이 공고하오니 많은 관심과 참여 바랍니다.
☞ 콘텐츠 분야 예비 창ㆍ제작자
- 지원분야 : 웹툰, 캐릭터, 영상, 게임, 애니메이션, 실감콘텐츠, 지식정보
☞ 콘텐츠 시제품 제작 및 사업화에 필요한 직접비 지원 등
- 우수과제 추가 제작, 수요 맞춤형 전문가 멘토링, 창업(창작) 공간, 콘텐츠 제작 장비 지원",창업,전북특별자치도콘텐츠융합진흥원,전북특별자치도,창업벤처,초기창업기업,,,,,,,예비창업자지원,2026-04-27,2026-05-14,,온라인 접수 (e나라도움),온라인 접수 (e나라도움),https://www.bizinfo.go.kr/sii/siia/selectSIIA200Detail.do?pblancId=PBLN_000000000121420,main,primary,전북2026년콘텐츠코리아랩콘텐츠제작지원사업추가모집공고,전북특별자치도콘텐츠융합진흥원,2026-04-27~2026-05-14,창업,예비창업자지원
biz,PBLN_000000000121419,[경북] 포항시 2026년 중소기업 근로자 기숙사 임차비 지원사업 참여기업 모집 공고,"포항시와 경상북도경제진흥원은 고용 환경 개선 및 우수인력 일자리 창출을 위해「2026년 포항시 중소기업 근로자 기숙사 임차비 지원사업」을 아래와 같이 공고하오니 관심 있는 기업의 많은 참여를 바랍니다.
☞ 근로자에 기숙사를 제공하고 있는 포항시 소재 중소기업
※ 자세한 지원대상 공고문 참조
☞ 중소기업 근로자 1명 당 기숙사 임차비(월세) 80%지원(월 40만원 한도)지원",인력/일자리,경상북도경제진흥원,경상북도,중소기업,중소기업,,,,,,,고용유지,2026-04-27,2026-05-15,,온라인 접수(중소기업 기숙사 임차비 지원사업 홈페이지),온라인 접수(중소기업 기숙사 임차비 지원사업 홈페이지),https://www.bizinfo.go.kr/sii/siia/selectSIIA200Detail.do?pblancId=PBLN_000000000121419,main,primary,경북포항시2026년중소기업근로자기숙사임차비지원사업참여기업모집공고,경상북도경제진흥원,2026-04-27~2026-05-15,인력,고용유지
biz,PBLN_000000000121418,[경북] 2026년 1차 경북기업 취업포털 채용 지원 참여기업 모집 공고,"경상북도와 (재)경상북도경제진흥원에서는 중소ㆍ중견기업의 원활한 인재 채용을 지원하기 위해「경북기업 취업포털 채용 지원」사업에 참여할 기업을 모집합니다. 참여를 희망하는 기업은 아래의 신청 절차에 따라 신청하여 주시기 바랍니다. 
☞ 경북 도내 상시근로자 5인 이상 중소ㆍ중견기업 중 신규 채용 계획이 있는 기업
※ 자세한 지원대상 공고문 참조
☞ 주요 취업포털 채용공고 게시 및 홍보, 지원자 관리 및 채용대행서비스 제공, 구직자 알선 및 맞춤형 인재 매칭 지원",인력/일자리,경상북도경제진흥원,경상북도,중소기업,중소기업,,,,,,,고용환경개선,2026-04-21,2026-05-11,,"방문, 우편, 이메일 접수
- 접수처 : (39393) 경북 구미시 이계북로 7, (재)경상북도경제진흥원 1층 경북일자리종합센터 「경북기업 취업포털 채용 지원」 담당자 앞
- 이메일 : jobgo@gepa.kr
※ 이메일 발송 후 담당자에게 전화(054-470-8588)로 수신 여부 확인 요망","방문, 우편, 이메일 접수
- 접수처 : (39393) 경북 구미시 이계북로 7, (재)경상북도경제진흥원 1층 경북일자리종합센터 「경북기업 취업포털 채용 지원」 담당자 앞
- 이메일 : jobgo@gepa.kr
※ 이메일 발송 후 담당자에게 전화(054-470-8588)로 수신 여부 확인 요망",https://www.bizinfo.go.kr/sii/siia/selectSIIA200Detail.do?pblancId=PBLN_000000000121418,main,primary,경북2026년1차경북기업취업포털채용지원참여기업모집공고,경상북도경제진흥원,2026-04-21~2026-05-11,인력,고용환경개선
biz,PBLN_000000000121417,[대구] 2026년 디지털전환 현장캠퍼스 지원대상 기업 모집 공고,"경북대학교 첨단정보통신융합산업기술원에서는 대구 RISE 사업 ‘③-2) 기업집적지 현장캠퍼스 운영’ 단위과제 수행과 관련하여 디지털전환을 통한 경쟁력 강화를 지원하고자 지원대상 기업을 모집합니다.
☞ 대구광역시에 본사, 지사, 공장, 연구소 중 하나 이상 소재한 기업
☞ 맞춤 개발 프로젝트(재료비, 외부 용역비, 지식재산권 획득 등), 개발 지원 전문서비스(시제품 제작 재료비) 지원
※ 자세한 지원내용 공고문 참조",기술,경북대학교 첨단정보통신융합산업기술원,대구광역시,중소기업,중소기업,,,,,,,기술사업화/이전/지도,세부사업별 상이,,,이메일 접수 (help@iact.or.kr),이메일 접수 (help@iact.or.kr),https://www.bizinfo.go.kr/sii/siia/selectSIIA200Detail.do?pblancId=PBLN_000000000121417,main,primary,대구2026년디지털전환현장캠퍼스지원대상기업모집공고,경북대학교첨단정보통신융합산업기술원,세부사업별 상이~,기술,기술사업화/이전/지도
biz,PBLN_000000000121416,[광주] 2026년 지역기업 성장사다리지원사업 통합 공고,"2026년도 중소벤처기업부와 광주광역시가 지원하는 지역기업 성장사다리 지원사업 수행자로 지정된 (재)광주테크노파크에서 지원대상별 지원 프로그램을 안내하오니, 해당 프로그램 참여를 희망하는 광주 지역 중소기업의 많은 신청 바랍니다.
☞ 잠재기업(지역R&D전용) 25년 지역혁신선도기업육성(R&D) 내역사업2(지역기업 역량강화) 선정기업
- (스타기업) 공고일 기준 광주지역스타기업 지정 기업, 지역특화프로젝트(1.0, 2.0) 레전드50+ 참여기업 선정된 기업
- (지역혁신선도기업) 공고일 기준 광주 지역 혁신 선도 기업 지정 기업
- (초광역선도기업) 공고일 기준 초광역선도기업 지정 기업
☞ 잠재기업, 스타기업, 지역혁신선도기업, 초광역선도기업 별 사업화, 기술지원 프로그램 지원
※ 자세한 지원내용 공고문 참조",경영,광주테크노파크,중소벤처기업부,중소기업,중소기업,,,,,,,디자인/상품화/사업화,2026-04-22,2026-05-08,,온라인 접수(기업지원사업 관리시스템),온라인 접수(기업지원사업 관리시스템),https://www.bizinfo.go.kr/sii/siia/selectSIIA200Detail.do?pblancId=PBLN_000000000121416,main,primary,광주2026년지역기업성장사다리지원사업통합공고,광주테크노파크,2026-04-22~2026-05-08,경영,디자인/상품화/사업화
biz,PBLN_000000000121415,[경남] 2026년 경남형 제조 AX 고도화 패스트트랙 지원사업 도입기업 모집 공고,"경상남도의 지원으로 추진하는 경남스마트공장 구축지원사업의 일환으로, 도내 제조기업의 인공지능 전환(AX) 가속화 및 제조업 경쟁력 강화를 목적으로 한국전자기술연구원에서 수행하는 「2026년 경남형 제조 AX 고도화 패스트트랙 지원사업」과 관련하여, 스마트공장 미도입 및 기초 단계 기업을 대상으로 AX 기반 공정 혁신 및 고도화 실증 지원을 아래와 같이 공고하오니, 관심 있는 기업의 많은 참여를 바랍니다.
☞ 공고일 기준 경남도에 본사, 사업장 및 공장을 보유하고 있는 중소ㆍ중견 제조기업으로 스마트공장 1~2단계 기업
※ 지원자격 :「중소기업 기본법 및 동법 시행령」, 「중견기업 성장촉진 및 경쟁력 강화에 관한 특별법」에 따른 중소ㆍ중견기업 범위에 한함
※ 대한상공회의소 스마트공장 수준 확인서 제출
☞ 도입기업 AX 수준 진단 및 분석을 통한 중장기 로드맵 수립, 기업 맞춤형 난공정, 애로기술 문제해결형 AI 내재화 실증 지원
※ 자세한 지원내용 공고문 참조",기술,한국전자기술연구원,경상남도,중소기업,중소기업,,,,,,,기술사업화/이전/지도,2026-04-24,2026-06-30,,"이메일 접수 (shlee@keti.re.kr)
- 제출서류 등록 시 1~11번 순번대로 각각의 PDF파일로 변환한 뒤 1개 압축파일로 제출 (ex.기업명_zip.)","이메일 접수 (shlee@keti.re.kr)
- 제출서류 등록 시 1~11번 순번대로 각각의 PDF파일로 변환한 뒤 1개 압축파일로 제출 (ex.기업명_zip.)",https://www.bizinfo.go.kr/sii/siia/selectSIIA200Detail.do?pblancId=PBLN_000000000121415,main,primary,경남2026년경남형제조ax고도화패스트트랙지원사업도입기업모집공고,한국전자기술연구원,2026-04-24~2026-06-30,기술,기술사업화/이전/지도
biz,PBLN_000000000121414,2026년 하반기 중소기업 수출 핵심품목 탄소감축 기술개발사업  시행계획 공고,"「2026년도 중소기업 수출 핵심품목 탄소감축 기술개발사업」하반기 시행계획을 다음과 같이 공고하오니, 동 사업에 참여하고자 하는 중소기업은 사업 안내에 따라 신청하시기 바랍니다.
☞ 기술개발(공급)ㆍ수출(수요) 중소기업 등
※ 자세한 지원대상 공고문 참조
☞ 중소기업 수출 핵심품목 탄소감축 기술개발 연구개발비 지원
※ 자세한 지원내용 공고문 참조",기술,중소기업기술정보진흥원,중소벤처기업부,중소기업,중소기업,,,,,,,공동기술개발,2026-05-13,2026-05-27,,온라인 접수(범부처통합연구지원시스템),온라인 접수(범부처통합연구지원시스템),https://www.bizinfo.go.kr/sii/siia/selectSIIA200Detail.do?pblancId=PBLN_000000000121414,main,primary,2026년하반기중소기업수출핵심품목탄소감축기술개발사업시행계획공고,중소기업기술정보진흥원,2026-05-13~2026-05-27,기술,공동기술개발
biz,PBLN_000000000121413,[서울] 2026년 중소기업 유연근무 인프라구축 지원사업 참여기업 모집 공고,"서울특별시 소재 중소기업의 일⋅생활 균형을 위한 인프라 구축을 위해 「2026년 중소기업 유연근무제 인프라 구축비 지원사업」을 다음과 같이 공고 하오니 많은 관심과 참여 바랍니다.
☞ 서울특별시 소재 중소기업
☞ 유연근무제(재택근무, 원격근무)활용 시스템  구축비용(부가세 제외)의 50%범위내에서 최대 690만원 지원",인력/일자리,서울상공회의소,서울특별시,중소기업,중소기업,,,,,,,작업환경개선,2026-04-30,2026-05-15,,이메일 접수 (FLEXTIME@korcham.net),이메일 접수 (FLEXTIME@korcham.net),https://www.bizinfo.go.kr/sii/siia/selectSIIA200Detail.do?pblancId=PBLN_000000000121413,main,primary,서울2026년중소기업유연근무인프라구축지원사업참여기업모집공고,서울상공회의소,2026-04-30~2026-05-15,인력,작업환경개선
biz,PBLN_000000000121412,2026년 경북 로컬 체인지업 로컬크리에이터 모집 공고,"경북 지역의 자원과 창의적인 아이디어를 접목해 지역을 새롭게 만드는「2026년 경북 로컬 체인지업 사업」을 주도할 역량 있는 로컬크리에이터를 다음과 같이 모집합니다.
☞ 사업목적과 지원대상의 요건을 충족하는 만 35세 이상 기창업자(1991.4.28. 포함 이전 출생자)
※ 필수사항 : 최종선정자의 거주지 및 사업장 주소지가 경북 이외 지역인 경우, 협약 종료 1개월 전까지 거주지 및 사업장 주소지를 경북으로 이전하여야 함
☞ 사업화 자금 22,000천원 및 육성 프로그램 지원
※ 2026년 우수 기업 선정 시 최대 32,000천원 사업화 자금 지원(2년간)",창업,경북창조경제혁신센터,경상북도,창업벤처,초기창업기업,,,,,,,사업화지원,2026-04-28,2026-05-17,,온라인 접수 (구글폼),온라인 접수 (구글폼),https://www.bizinfo.go.kr/sii/siia/selectSIIA200Detail.do?pblancId=PBLN_000000000121412,main,primary,2026년경북로컬체인지업로컬크리에이터모집공고,경북창조경제혁신센터,2026-04-28~2026-05-17,창업,사업화지원
biz,PBLN_000000000121411,[울산] 울주군 2026년 강소기업 육성 기술 혁신 지원사업 추가모집 공고,"성장잠재력을 갖춘 우수 중소기업을 발굴, 지원하여 기술 혁신성 및 산업역량을 제고하기 위해 다음과 같이 강소기업 육성 기술 혁신 지원사업을 시행합니다.
☞ 울주군 소재 제조업 영위 중소기업
☞ 지식재산권ㆍ인증 획득, 혁신기술 사업화, 혁신성장 컨설팅 지원",기술,울산경제일자리진흥원,울산광역시,중소기업,중소기업,,,,,,,기술사업화/이전/지도,지원분야별 상이,,,"이메일 접수 (kkkyyy@ubpi.or.kr)
※ 모든서류는 한 개의 pdf파일로 제출
※ 메일제목 및 파일명에 유의하여 제출 (메일제목 및 파일명 : 울주군 강소기업 기술 혁신 – 기업명) ","이메일 접수 (kkkyyy@ubpi.or.kr)
※ 모든서류는 한 개의 pdf파일로 제출
※ 메일제목 및 파일명에 유의하여 제출 (메일제목 및 파일명 : 울주군 강소기업 기술 혁신 – 기업명) ",https://www.bizinfo.go.kr/sii/siia/selectSIIA200Detail.do?pblancId=PBLN_000000000121411,main,primary,울산울주군2026년강소기업육성기술혁신지원사업추가모집공고,울산경제일자리진흥원,지원분야별 상이~,기술,기술사업화/이전/지도
biz,PBLN_000000000121410,[인천] 2026년 스타트업파크 실증제품 판로지원 지원사업 참여기업 모집 공고,"인천경제자유구역청이 주관하고 인천테크노파크가 운영하는 인천스타트업파크에서는 스타트업의 우수한 실증제품이 공공 및 시범구매로 이어지고, 나아가 지속 가능한 시장 진출과 판로 확대의 기회를 마련할 수 있도록 「실증제품 판로지원 지원사업」 참여기업을 아래와 같이 모집하오니, 관심 있는 기업들의 많은 참여 바랍니다.
☞ 혁신 기술 및 제품ㆍ서비스를 보유하고 조달시장 진입을 목표로 하는 인천 소재 창업 7년 이내(신산업 분야는 10년 이내) 기업
☞ 전문가 컨설팅, 공공구매 상담회, 특허 출원비 또는 홍보물 제작 지원(택1)",경영,인천테크노파크,인천광역시,창업벤처,"스타트업,초기창업기업",,,,,,,디자인/상품화/사업화,2026-04-24,2026-05-22,,온라인 접수 (인천스타트업파크),온라인 접수 (인천스타트업파크),https://www.bizinfo.go.kr/sii/siia/selectSIIA200Detail.do?pblancId=PBLN_000000000121410,main,primary,인천2026년스타트업파크실증제품판로지원지원사업참여기업모집공고,인천테크노파크,2026-04-24~2026-05-22,경영,디자인/상품화/사업화
biz,PBLN_000000000121409,[제주] 2026년 애니메이션 단편 제작지원 참여기업 모집 공고(글로벌 문화콘텐츠 제작지원사업),"제주특별자치도와 제주콘텐츠진흥원에서는 애니메이션 단편 제작지원을 통하여 기업 자체 특화 IP 확보 및 사업화를 지원하고자  2026 「글로벌 문화콘텐츠 제작지원사업」애니메이션 단편 제작지원에 참여할 기업을 다음과 같이 모집하오니 많은 참여 신청 바랍니다. 
☞ 공고일 현재 제주특별자치도에 본사 또는 지사 주소지를 두고 있으며 「문화산업진흥 기본법」 제2조 1호에 해당하는 법인사업자
☞ 국산 애니메이션 단편 제작 지원
※ 광고, 전시영상용 제외",경영,제주콘텐츠진흥원,제주특별자치도,중소기업,중소기업,,,,,,,디자인/상품화/사업화,2026-05-04,2026-05-08,,"이메일 접수 (hee@ofjeju.kr)
- 서식 준수하여 작성, 제출 후 유선 접수 확인 필수","이메일 접수 (hee@ofjeju.kr)
- 서식 준수하여 작성, 제출 후 유선 접수 확인 필수",https://www.bizinfo.go.kr/sii/siia/selectSIIA200Detail.do?pblancId=PBLN_000000000121409,main,primary,제주2026년애니메이션단편제작지원참여기업모집공고글로벌문화콘텐츠제작지원사업,제주콘텐츠진흥원,2026-05-04~2026-05-08,경영,디자인/상품화/사업화
biz,PBLN_000000000121408,[강원] 인제군 2026년 수출역량강화 지원사업  기업주도형 참가기업 모집 공고,"인제군 우수 중소기업의 수출경쟁력 강화와 판로확대를 위해 아래와 같이「2026년 인제군 중소기업 수출경쟁력 강화 지원사업(기업주도형)」의 참가기업을 모집하오니 많은 신청 바랍니다.
☞ 인제군 소재(본사 또는 공장) 중소 제조기업
☞ 홍보물 제작, 해외인증마크 획득, 홍보동영상 제작, 해외 수출용 제품개선 지원
- 기업당 최대 20,000천원 이내(수출경쟁력 강화 지원사업 기준)",판로/수출,강원특별자치도경제진흥원,강원특별자치도,중소기업,중소기업,,,,,,,해외진출준비,2026-04-23,2026-05-08,,이메일 접수(dslee@gwep.or.kr),이메일 접수(dslee@gwep.or.kr),https://www.bizinfo.go.kr/sii/siia/selectSIIA200Detail.do?pblancId=PBLN_000000000121408,main,primary,강원인제군2026년수출역량강화지원사업기업주도형참가기업모집공고,강원특별자치도경제진흥원,2026-04-23~2026-05-08,수출,해외진출준비
biz,PBLN_000000000121407,[제주] 2026년 기업자율형 해외마켓 참가지원 참여기업 모집 공고(글로벌 문화콘텐츠 제작 지원사업),"제주특별자치도와 제주콘텐츠진흥원에서는 지역 애니메이션 기업의 IP 유통망 다각화를 지원하고, 글로벌 비즈니스 지원을 통한 애니메이션 콘텐츠 사업성 강화를 추진하기 위하여  2026 「글로벌 문화콘텐츠 제작지원사업」기업자율형 해외마켓 참가지원에 참여할 기업을 다음과 같이 모집하오니 많은 참여 신청 바랍니다. 
☞ 공고일 현재 제주특별자치도에 본사 또는 지사 주소지를 두고 있으며 「애니메이션산업 진흥에 관한 법률」 제2조, 제17조에 해당하는 자로서 애니메이션업 신고를 필한 ‘애니메이션업자’
☞ 국산 애니메이션의 수출을 위한 해외 콘텐츠 전시ㆍ마켓 참가 비용 지원",판로/수출,제주콘텐츠진흥원,제주특별자치도,중소기업,중소기업,,,,,,,해외진출,2026-05-04,2026-05-08,,"이메일접수 (hee@ofjeju.kr)
- 서식 준수하여 작성, 제출 후 유선 접수확인 필수","이메일접수 (hee@ofjeju.kr)
- 서식 준수하여 작성, 제출 후 유선 접수확인 필수",https://www.bizinfo.go.kr/sii/siia/selectSIIA200Detail.do?pblancId=PBLN_000000000121407,main,primary,제주2026년기업자율형해외마켓참가지원참여기업모집공고글로벌문화콘텐츠제작지원사업,제주콘텐츠진흥원,2026-05-04~2026-05-08,수출,해외진출
biz,PBLN_000000000121406,[강원] 춘천시 2026년 중소기업 AI 구독료 지원사업 참가기업 모집 공고,"춘천시 중소기업의 AI 경영 환경 구축의 선제적 대응을 위하여 추진하는「2026년 춘천시 중소기업 AI소프트웨어 구독료 지원사업」에 참가할 기업을 아래와 같이 모집하오니 참가를 희망하시는 기업의 많은 참여 바랍니다.
☞ 춘천시 소재 사업자등록(또는 공장등록) 중소기업
☞ 춘천시 기업의 AI소프트웨어 구독료 지원
- ChatGPT, Gemini 등 주요 AI 소프트웨어 구독료 지원
- 상품기획, 콘텐트제작, 내부업무자동화, 고객접점서비스 혁신 등
- AI 소프트웨어를 활용한 업무 효율 향상 등
- 그 외 사업 취지에 부합하는 기타 항목",경영,강원특별자치도경제진흥원,강원특별자치도,중소기업,중소기업,,,,,,,시설/입지지원,2026-04-23,2026-05-08,,이메일 접수(dslee@gwep.or.kr),이메일 접수(dslee@gwep.or.kr),https://www.bizinfo.go.kr/sii/siia/selectSIIA200Detail.do?pblancId=PBLN_000000000121406,main,primary,강원춘천시2026년중소기업ai구독료지원사업참가기업모집공고,강원특별자치도경제진흥원,2026-04-23~2026-05-08,경영,시설/입지지원
biz,PBLN_000000000121405,[전남] 2026년 소재ㆍ부품산업 연구개발 지원 사업 신규과제 모집 공고,"전남테크노파크에서는 글로벌 공급망 재편과 산업구조 변화에 대응하여 전라남도 소재ㆍ부품 중소기업의 기술자립과 고부가가치화를 촉진하고자, 2026년도 「소재ㆍ부품산업 연구개발 지원」사업 신규과제를 다음과 같이 모집하오니 도내 기업 및 연구기관의 적극적인 참여를 바랍니다.
☞ 중소기업(주관기관) + 대학 또는 전문연구기관(공동연구기관, 1개에 한함), 컨소시엄 필수
- (주관기관) 공고문 접수 마감일 기준 설립일로부터 6개월이 경과한 중소기업으로서, 「부가가치세법」 제8조에 따라 발급된 사업자등록증상 본사 또는 지사의 소재지가 전라남도인 기업
※ 자세한 세부지원별 상이 공고문 참조
☞ 위기산업 핵심기술 구축, 지역기업 역량강화 지원
- 위기산업 핵심기술 구축 : 수입 의존도가 높은 위기산업 분야의 핵심 소재ㆍ부품의 국산화, 대체기술 확보, 고신뢰성 기술개발 등 전략적 핵심기술 개발 과제 중점 지원
- 지역기업 역량강화 : 전남 주력산업 전반의 기술역량 강화 및 사업화 촉진을 위해 소재ㆍ부품ㆍ장비 분야의 성능향상, 공정혁신, 품질ㆍ신뢰성 고도화, 친환경ㆍ저탄소 전환 기술개발 과제 지원",기술,전남테크노파크,전라남도,중소기업,중소기업,,,,,,,공동기술개발,2026-05-08,2026-05-22,,온라인 접수 (전남테크노파크 기업 혁신성장 플랫폼),온라인 접수 (전남테크노파크 기업 혁신성장 플랫폼),https://www.bizinfo.go.kr/sii/siia/selectSIIA200Detail.do?pblancId=PBLN_000000000121405,main,primary,전남2026년소재ㆍ부품산업연구개발지원사업신규과제모집공고,전남테크노파크,2026-05-08~2026-05-22,기술,공동기술개발
biz,PBLN_000000000121404,[제주] 2026년 지역혁신클러스터육성사업(비R&D) 기업지원(R&D연계 지원) 공고,"산업통상부와 제주특별자치도가 지원하는 「지역혁신클러스터육성사업」의 일환으로 제주 지역혁신클러스터 특화분야 경쟁력 강화 및 생태계 조성을 위하여 화장품 및 식품 산업, 기회발전특구(우주ㆍ항공) 관련 기업지원(R&D연계 지원)을 진행하오니, 해당 프로그램 참여를 희망하는 혁신기업의 많은 신청 바랍니다.
☞ 지역혁신클러스터육성사업 R&D 과제 수행기업(종료과제 포함), 기회발전특구 투자완료기업
☞ 총 15개 프로그램, 지원프로그램 중 2개 이상 선택 지원
- 기술지원 : 시제품제작, 시험분석, 인증획득, 지식재산권등록, 제품고급화, 장비활용 지원
- 사업화지원 : 브랜드지원, 온ㆍ오프 마케팅, 전시회, 디자인개발, 상품기획 지원
- 역량강화 : 신규사업 기획ㆍ발굴, 기술지도, 컨설팅 지원, 창업 활동 지원",경영,제주지역산업진흥원,제주특별자치도,중소기업,중소기업,,,,,,,디자인/상품화/사업화,2026-04-23,2026-05-13,,온라인 접수 (지역산업진흥원 기업지원 홈페이지),온라인 접수 (지역산업진흥원 기업지원 홈페이지),https://www.bizinfo.go.kr/sii/siia/selectSIIA200Detail.do?pblancId=PBLN_000000000121404,main,primary,제주2026년지역혁신클러스터육성사업비rd기업지원rd연계지원공고,제주지역산업진흥원,2026-04-23~2026-05-13,경영,디자인/상품화/사업화
biz,PBLN_000000000121403,[강원] 화천군 2026년 우리동네 필수업종 창업 지원사업 참가자 모집 공고,"화천군 관내 로컬창업자 지원을 통한 지역 내 새로운 경제가치 창출 및 창업생태계 조성을 위해 '강원특별자치도 지역ㆍ산업맞춤형 일자리창출 지원사업'의 일환으로 추진하는「2026 화천군 우리동네 필수업종 지원사업」참여 예비창업자를 아래와 같이 모집합니다.
☞ 화천군 관내 창의적 도전정신을 갖춘 청장년(19세~64세) 예비창업자
※ 자세한 지원대상 공고문 참조
☞ 창업교육, 멘토링, 사업화자금(최대 1천만원) 지원",창업,강원특별자치도경제진흥원,강원특별자치도,소상공인,소상공인,,,,,,,예비창업자지원,2026-04-22,2026-05-20,,이메일 접수 (zny.lee@gwep.or.kr),이메일 접수 (zny.lee@gwep.or.kr),https://www.bizinfo.go.kr/sii/siia/selectSIIA200Detail.do?pblancId=PBLN_000000000121403,main,primary,강원화천군2026년우리동네필수업종창업지원사업참가자모집공고,강원특별자치도경제진흥원,2026-04-22~2026-05-20,창업,예비창업자지원
biz,PBLN_000000000121402,2026년 2차 디지털 랩온어칩 실용화 플랫폼 구축사업 기술지원과제 참여기업 모집 공고,"춘천바이오산업진흥원에서는「2026년 디지털 랩온어칩 실용화 플랫폼 구축사업」의 일환으로, 체외진단 디지털 산업 활성화와 기술력 제고를 위해, 기술지원 과제의 참여기업 모집을 다음과 같이 공고하오니 희망하시는 기업의 많은 참여바랍니다.
☞ 국내 체외진단 의료기기 산업분야 제조기업
☞ 랩온어칩 제작을 위해 필요한 인간항체 개발 지원
- 지원금액 30,000천원 이내 지원",기술,춘천바이오산업진흥원,산업통상부,중소기업,중소기업,,,,,,,혼합(단독+공동),2026-04-27,2026-05-15,,이메일 접수 (haraww@cbf.or.kr),이메일 접수 (haraww@cbf.or.kr),https://www.bizinfo.go.kr/sii/siia/selectSIIA200Detail.do?pblancId=PBLN_000000000121402,main,primary,2026년2차디지털랩온어칩실용화플랫폼구축사업기술지원과제참여기업모집공고,춘천바이오산업진흥원,2026-04-27~2026-05-15,기술,혼합(단독+공동)
biz,PBLN_000000000121401,[강원] 2026년 도내기업 우수제품 페어링 개발 지원사원 참가기업 모집 공고,"도내 우수기업 간 협업을 통해 페어링 제품 개발 및 그에 따른 실수출용 상품화 지원을 위한「도내 우수제품 페어링 개발 지원」사업에 참가할 기업을 아래와 같이 모집하오니, 참가를 희망 하시는 도내 기업의 많은 관심과 참여를 바랍니다.
☞ 도내 소재(본사 또는 공장) 수출 중소ㆍ제조기업
- 도내 우수제품 간 상호 페어링을 통한 패키지 상품 개발 희망 업체
☞ 도내 제품 간 페어링 기획, 패키징 디자인, 시제품 등 제작 지원, 해외바이어 대상 현지 시장성 평가를 통해 실수출을 위한 마케팅 지원",경영,강원특별자치도경제진흥원,강원특별자치도,중소기업,중소기업,,,,,,,디자인/상품화/사업화,2026-04-22,2026-05-20,,온라인 접수(수출기업서포트),온라인 접수(수출기업서포트),https://www.bizinfo.go.kr/sii/siia/selectSIIA200Detail.do?pblancId=PBLN_000000000121401,main,primary,강원2026년도내기업우수제품페어링개발지원사원참가기업모집공고,강원특별자치도경제진흥원,2026-04-22~2026-05-20,경영,디자인/상품화/사업화
biz,PBLN_000000000121400,[강원] 2026년 수출 스타기업 육성 지원사업 참가기업 모집 공고,"도내 중소기업 대상 제품 및 수출경쟁력을 보유하고 있는 기업 발굴을 통해 글로벌 수출기업으로 도약시키기 위한「2026 강원 수출 스타기업 육성사업」참가할 기업을 아래와 같이 모집하오니, 참가를 희망 하시는 도내 기업의 많은 관심과 참여를 바랍니다.
☞ 도내 소재(본사 또는 공장) 수출 중소ㆍ제조기업
☞ 기업 수요 맞춤형 마케팅, 목표 수출실적 달성, 참가기업 3년 졸업제도 등 지원",판로/수출,강원특별자치도경제진흥원,강원특별자치도,중소기업,중소기업,,,,,,,해외진출준비,2026-04-23,2026-05-22,,온라인 접수(수출기업서포트),온라인 접수(수출기업서포트),https://www.bizinfo.go.kr/sii/siia/selectSIIA200Detail.do?pblancId=PBLN_000000000121400,main,primary,강원2026년수출스타기업육성지원사업참가기업모집공고,강원특별자치도경제진흥원,2026-04-23~2026-05-22,수출,해외진출준비
biz,PBLN_000000000121399,[경기] 2026년 소공인 자생력 강화사업 모집 공고,"경기도와 경기도시장상권진흥원은 성장 잠재력을 가지고 전문기술 또는 우수 아이템을 보유하고, 발전시키고자 하는 소공인에게 체계적인 지원을 위해 「소공인 자생력 강화사업」 참가자를 모집하오니 많은 관심과 참여 바랍니다. 
☞ 아래 두 가지 요건에 모두 해당 할 것
- 공고일 현재 경기도 내 사업을 영위하고 있는 소공인
- 본점 및 사업장이 12개 시군인 용인시, 화성시, 안산시, 시흥시, 파주시, 양주시, 군포시, 안성시, 양평군, 여주시, 가평군, 연천군에 소재할 것
☞ 제품개발, 홍보ㆍ마케팅, 지식재산권, 작업환경개선, 스마트공정, 해외 판로 지원
※ 지역별 지원분야 상이 공고문 참조",경영,경기도시장상권진흥원,경기도,소상공인,소상공인,,,,,,,디자인/상품화/사업화,2026-05-01,2026-05-15,,온라인 접수(경기바로),온라인 접수(경기바로),https://www.bizinfo.go.kr/sii/siia/selectSIIA200Detail.do?pblancId=PBLN_000000000121399,main,primary,경기2026년소공인자생력강화사업모집공고,경기도시장상권진흥원,2026-05-01~2026-05-15,경영,디자인/상품화/사업화
biz,PBLN_000000000121398,[강원] 2026년 해외바이어 초청 통합 수출상담회 참가기업 모집 공고,"도내 수출 중소기업의 해외시장 진출 및 수출 상담의 기회를 제공하기 위해 추진하는「2026 해외바이어 초청 통합 수출상담회」의 참가기업 아래와 같이 모집하오니, 관심 있으신 기업분들의 많은 참여를 바랍니다.
☞ 도내 소재(본사 또는 공장) 중소ㆍ제조기업
☞ 바이어 발굴 및 상담 매칭, 통역, 수출상담 등 지원",판로/수출,강원특별자치도경제진흥원,강원특별자치도,중소기업,중소기업,,,,,,,해외진출준비,2026-04-23,2026-05-29,,온라인 접수(수출기업서포트),온라인 접수(수출기업서포트),https://www.bizinfo.go.kr/sii/siia/selectSIIA200Detail.do?pblancId=PBLN_000000000121398,main,primary,강원2026년해외바이어초청통합수출상담회참가기업모집공고,강원특별자치도경제진흥원,2026-04-23~2026-05-29,수출,해외진출준비
biz,PBLN_000000000121397,[강원] 2026년 바이오기업 애로해소 인허가 컨설팅 지원기업 상시모집 공고,"춘천바이오산업진흥원에서는 도내 바이오ㆍ의료기기ㆍ체외진단 기업의 인허가 획득을 체계적으로 지원하여 제품 상용화를 촉진하고 시장 진입 소요기간 단축을 통해 기업의 실질적 매출 창출 기반을 마련하고자, 「2026년 강원 바이오기업 애로해소 지원사업」의 인허가 컨설팅 지원기업을 다음과 같이 추가 모집하오니, 해당 프로그램 참여를 희망하는 강원지역 기업의 많은 신청 바랍니다.
☞ 강원특별자치도 도내 바이오ㆍ의료기기ㆍ체외진단 기업
☞ 인허가 컨설팅 및 임상시험지원",경영,춘천바이오산업진흥원,강원특별자치도,중소기업,중소기업,,,,,,,컨설팅,예산 소진시까지,,,이메일 접수 (smkim@cbf.or.kr),이메일 접수 (smkim@cbf.or.kr),https://www.bizinfo.go.kr/sii/siia/selectSIIA200Detail.do?pblancId=PBLN_000000000121397,main,primary,강원2026년바이오기업애로해소인허가컨설팅지원기업상시모집공고,춘천바이오산업진흥원,예산 소진시까지~,경영,컨설팅
biz,PBLN_000000000121396,2026년 충북바이오산학융합원 K-바이오헬스 지역센터 지원기업 모집 추가 공고,"충북 바이오헬스 클러스터 인프라 활용 및 병원과의 연계를 통해 지역 기반창업기업 육성 및 성장을 지원하는 2026년도 「K-바이오헬스 지역센터 지원사업」의 지원기업 모집을 다음과 같이 추가 공고합니다.
☞ 충청북도 내 바이오헬스 분야 본사, 지사, 공장 또는 주소지를 보유한 10년 미만 중소ㆍ벤처기업
※ 예비창업자의 경우, 지원사업 선정 후 3개월 이내 창업 증빙서류 제출必
※ 타 지역 기업의 경우, 지원사업 선정 후 1개월 이내 주소 이전必
☞ 인프라(입주, 장비활용, 시험분석), 병원연계(임상시험), 클러스터 간 연계협력(네트워크) 지원
※ 자세한 지원내용 공고문 참조",창업,충북바이오산학융합원,충청북도,창업벤처,초기창업기업,,,,,,,사업화지원,2026-04-24,2026-05-06,,"우편, 방문, 이메일 접수
※ 원본(우편/방문)과 사본(이메일) 둘 다 제출
- 접수처 : (28160)충북 청주시 흥덕구 오송읍 오송생명1로 194-25, 101호(K-바이오헬스지역센터)
- 이메일 : biotion@cbio.or.kr","우편, 방문, 이메일 접수
※ 원본(우편/방문)과 사본(이메일) 둘 다 제출
- 접수처 : (28160)충북 청주시 흥덕구 오송읍 오송생명1로 194-25, 101호(K-바이오헬스지역센터)
- 이메일 : biotion@cbio.or.kr",https://www.bizinfo.go.kr/sii/siia/selectSIIA200Detail.do?pblancId=PBLN_000000000121396,main,primary,2026년충북바이오산학융합원k바이오헬스지역센터지원기업모집추가공고,충북바이오산학융합원,2026-04-24~2026-05-06,창업,사업화지원
biz,PBLN_000000000121395,[경북] 영덕군 2026년 기업고도화 지원사업 모집 공고(강구항 로컬 이노베이션사업),"경북창조경제혁신센터에서는 경북 영덕군을 거점으로 활동하는 기업들의 경쟁력 강화를 위한 영덕 기업고도화 지원사업에 참여할 기업을 아래와 같이 모집합니다.
☞ 영덕군을 본점으로 하는 지역 기업
☞ 사업화, 교육, 박람회 지원
- (사업화) 기업고도화 지원비 기업당 최대 4,000천원 이내, 우수기업 선정 후 전문가 매칭을 통한 1:1 진단 및 실행 컨설팅 병행 지원
- (교육) 선정기업 대상 오리엔테이션 및 역량강화교육, 창업 스케일업 교육 지원
- 선정기업 중 우수기업 대상 박람회 참가 지원",경영,경북창조경제혁신센터,경상북도,중소기업,중소기업,,,,,,,디자인/상품화/사업화,2026-04-24,2026-05-10,,온라인 접수 (구글폼),온라인 접수 (구글폼),https://www.bizinfo.go.kr/sii/siia/selectSIIA200Detail.do?pblancId=PBLN_000000000121395,main,primary,경북영덕군2026년기업고도화지원사업모집공고강구항로컬이노베이션사업,경북창조경제혁신센터,2026-04-24~2026-05-10,경영,디자인/상품화/사업화
biz,PBLN_000000000121394,[경남] 진주시ㆍ사천시 2026년 우주항공용 세라믹섬유 융복합 소재 활용 사업화지원사업(3차연도) 시행 공고,"한국세라믹기술원에서 수행하고 있는 우주항공용 세라믹섬유 융복합 소재 활용 사업화지원사업 (3차년도)의 수혜기업을 아래와 같이 모집하오니 많은 참여바랍니다.
☞ 경남 진주, 사천 소재 항공우주분야 세라믹융복합재 관련 기업 
☞ 세라믹섬유융복합 소재를 활용한 우주항공용 시제품 제작(장비활용 포함) 및 상용화(사업화 컨설팅 등) 지원",기술,한국세라믹기술원,경상남도,중소기업,중소기업,,,,,,,기술사업화/이전/지도,2026-04-21,2026-05-12,,이메일 접수 (ymchoi@kicet.re.kr),이메일 접수 (ymchoi@kicet.re.kr),https://www.bizinfo.go.kr/sii/siia/selectSIIA200Detail.do?pblancId=PBLN_000000000121394,main,primary,경남진주시ㆍ사천시2026년우주항공용세라믹섬유융복합소재활용사업화지원사업3차연도시행공고,한국세라믹기술원,2026-04-21~2026-05-12,기술,기술사업화/이전/지도
biz,PBLN_000000000121393,[충북] 2026년 수요자 맞춤형 마케팅 통합 지원사업 참여기업 추가모집 공고,"충청북도와 충북바이오산학융합원은 충북의 화장품기업 브랜드 인지도 및 수출 경쟁력 강화를 위해 다음과 같이 「수요자 맞춤형 마케팅 통합 지원사업」참여를 충청북도가 적극지원(도비100%) 하오니, 도내 기업의 많은 관심과 참여를 바랍니다.
☞ 도내 화장품 제조업 또는 화장품책임판매업 등록 기업 중 해외시장 진출 예정 기업
※ (공고일 기준) 화장품 제조업, 화장품 책임판매업 식약처 등록 중소기업
☞ 해외시장 진출 전략기획 수립지원(컨설팅), 글로벌 마케팅 영상 콘텐츠 제작지원, 해외 온라인 플랫폼 광고 지원
- 기업별 1,600만원 이내 지원",판로/수출,충북바이오산학융합원,충청북도,중소기업,중소기업,,,,,,,해외진출준비,2026-04-24,2026-05-07,,"우편, 이메일 접수
※ 우편(원본)과 이메일(사본) 둘 다 제출
- 접수처 : (28160) 충북 청주시 흥덕구 오송읍 오송생명1로 194-25, 101호
- 이메일 : hwmun@cbio.or.kr","우편, 이메일 접수
※ 우편(원본)과 이메일(사본) 둘 다 제출
- 접수처 : (28160) 충북 청주시 흥덕구 오송읍 오송생명1로 194-25, 101호
- 이메일 : hwmun@cbio.or.kr",https://www.bizinfo.go.kr/sii/siia/selectSIIA200Detail.do?pblancId=PBLN_000000000121393,main,primary,충북2026년수요자맞춤형마케팅통합지원사업참여기업추가모집공고,충북바이오산학융합원,2026-04-24~2026-05-07,수출,해외진출준비
biz,PBLN_000000000121392,[충북] 2026년 2차 식품근로자 및 기업 고용안정 지원사업 모집 공고(지역상생형 일터혁신 프로젝트),"고용노동부, 충청북도, 충주시, 제천시, 보은군, 옥천군, 증평군, 진천군, 괴산군, 음성군, 충청북도기업진흥원은 도내 식품제조기업의 인력난 해소와 경쟁력 강화를 위해 「2026 충북식품 근로자 및 기업 고용안정 지원사업」참여 기업을 다음과 같이 모집합니다.
☞ 충주시, 제천시, 보은군, 옥천군, 증평군, 진천군, 괴산군, 음성군 소재 고용보험법상 5인 이상 ""우선지원 대상"" 식품 제조 기업
☞ 중장년 신규채용 및 계속고용 장려금(기업) 채용 1명당 최대 300만원 지원",인력/일자리,충청북도기업진흥원,충청북도,중소기업,중소기업,,,,,,,고용환경개선,예산 소진시까지,,,"온라인 및 이메일 접수
- 온라인 : 충북 일자리과제관리시스템
- 이메일 : cba9779@naver.com
※ 접수 후 반드시 유선 확인, 미확인으로 인하여 발생하는 불이익은 책임지지 않음
※ 파일명 : 26 충북식품 근로자-기업 고용안정 지원사업 신청서(기업명)
※ 서류를 순서대로 스캔하여 1개의 PDF 파일로 취합하여 제출","온라인 및 이메일 접수
- 온라인 : 충북 일자리과제관리시스템
- 이메일 : cba9779@naver.com
※ 접수 후 반드시 유선 확인, 미확인으로 인하여 발생하는 불이익은 책임지지 않음
※ 파일명 : 26 충북식품 근로자-기업 고용안정 지원사업 신청서(기업명)
※ 서류를 순서대로 스캔하여 1개의 PDF 파일로 취합하여 제출",https://www.bizinfo.go.kr/sii/siia/selectSIIA200Detail.do?pblancId=PBLN_000000000121392,main,primary,충북2026년2차식품근로자및기업고용안정지원사업모집공고지역상생형일터혁신프로젝트,충청북도기업진흥원,예산 소진시까지~,인력,고용환경개선
biz,PBLN_000000000121391,[경기] 2026년 3차 (예비)사회적기업 일자리창출사업 참여기업 모집 공고,"「사회적기업 육성법」 제14조, 「경기도 사회적경제 기본조례」 제9조, 「경기도 사회적기업 활성화 지원 조례」 제7조 등에 따라 사회적가치를 실현하는 (예비)사회적기업에게 인건비 등을 지원하여 자립 기반을 도모하고자 「2026년 (예비)사회적기업 일자리창출사업」 참여기업을 아래와 같이 모집 공고합니다. 
☞ 경기도 소재, 상시근로자 수 30인 미만 인증 또는 예비사회적기업(지역형,부처형 포함)
☞ 「사회적기업 육성법」 시행령 제2조에 따른 취약계층 또는 국민취업지원제도 참여자인 근로자 신규 채용 시 임금의 정액 지원
※ 자세한 지원내용 공고문 참조",인력/일자리,직접수행,경기도,사회적기업,사회적기업,,,,,,,고용환경개선,2026-04-27,2026-05-07,,온라인 접수 (사회적기업 통합사업관리시스템),온라인 접수 (사회적기업 통합사업관리시스템),https://www.bizinfo.go.kr/sii/siia/selectSIIA200Detail.do?pblancId=PBLN_000000000121391,main,primary,경기2026년3차예비사회적기업일자리창출사업참여기업모집공고,직접수행,2026-04-27~2026-05-07,인력,고용환경개선
biz,PBLN_000000000121390,[경기] 김포시 2026년 2차 사물인터넷(IoT) 측정기기 부착 지원사업 공고,"「대기환경보전법 시행령」 제17조의 규정에 따라 오염물질배출량과 배출허용기준의 준수 여부 및 방지시설의 적정 가동 여부를 확인하기 위하여 추진하는「2026년 사물인터넷[IoT] 측정기기 부착 지원사업」을 아래와 같이 재공고하오니 지원을 희망하는 중소기업은 (재)경기대진테크노파크로 신청하여 주시기 바랍니다.
☞「중소기업기본법」시행령 제3조 제1항에 따른 중ㆍ소기업
- 「대기환경보전법 시행규칙」제37조의3[별표9의2] 규정에 따른 사물인터넷(IoT) 측정기기 부착대상 시설
- 보조금을 받아 설치한 방지시설
- 방지시설 설치면제 및 자가측정 면제와 관련하여 사물인터넷(IoT) 측정기기 부착  지원을 신청한 사업장의 습식 배출시설
☞ 부착대상 방지시설에 해당하는 사물인터넷(IoT) 측정기기 60% 지원",경영,경기대진테크노파크,경기도,중소기업,중소기업,,,,,,,시설/입지지원,예산 소진시까지,,,"온라인 접수 (네이버 폼)
※ 방문, 우편접수 불가
※ 10MB를 초과하는 파일의 경우 네이버폼 우선 접수 이후, chughong70@gdtp.or.kr로 추가 제출
※ 자세한 신청방법 공고문 참조","온라인 접수 (네이버 폼)
※ 방문, 우편접수 불가
※ 10MB를 초과하는 파일의 경우 네이버폼 우선 접수 이후, chughong70@gdtp.or.kr로 추가 제출
※ 자세한 신청방법 공고문 참조",https://www.bizinfo.go.kr/sii/siia/selectSIIA200Detail.do?pblancId=PBLN_000000000121390,main,primary,경기김포시2026년2차사물인터넷iot측정기기부착지원사업공고,경기대진테크노파크,예산 소진시까지~,경영,시설/입지지원
biz,PBLN_000000000121389,2026년 농식품글로벌성장패키지 지원사업 모집 공고(신청형 수시),"농식품 수출역량 및 성장 가능성을 보유한 수출기업을 대상으로 업계 수요에 맞춘 다양한 지원을 통해 우리 농식품 수출 촉진을 도모하기 위한 「2026년 농식품글로벌성장패키지 지원사업(신청형 수시)」 참여 업체를 아래와 같이 모집하오니 많은 신청 바랍니다.
☞ 농식품(신선 및 가공) 수출 유망 중소기업 및 중견기업으로 아래 ①~②의 요건 중 1개 이상 해당하는 수출업체
① 舊 aT 수출물류비(`23) 또는 패키지 신청형(`24, `25) 중 지원받은 실적이 1회 이상인 경우 (기존 지원받은 업체)
② 공모형 패키지 지원받은 실적이 있고, `25년 농식품 수출액 US10만$ 이상([붙임2]화주기준)인 수출업체 (신규 지원 가능 업체)
단, `23~`25년 보유한 농식품 수출실적 중, 아래 신선 농산물 통합조직(통합단계, 선도단계) 해당 품목이 있는 경우, 통합단계는 회원사에 한하여 사업 참여 가능
☞ 농식품 수출에 필요한 각종 사업메뉴(23개)중 자율선택 지원
- 생산ㆍ수출기반, 수확 후 관리, 운송 및 통관, 판로개척
※ 자세한 지원내용 공고문 참조",판로/수출,한국농수산식품유통공사,농림축산식품부,중소기업,중소기업,,,,,,,해외진출준비,2026-04-24,2026-10-30,,온라인 접수 (aT수출종합지원시스템),온라인 접수 (aT수출종합지원시스템),https://www.bizinfo.go.kr/sii/siia/selectSIIA200Detail.do?pblancId=PBLN_000000000121389,main,primary,2026년농식품글로벌성장패키지지원사업모집공고신청형수시,한국농수산식품유통공사,2026-04-24~2026-10-30,수출,해외진출준비
biz,PBLN_000000000121388,"[경기] 2026년 중소기업 마케팅 지원사업 국내 온라인 마케팅지원 참여기업 추가 모집공고 (네이버, 오늘의집)","경기도와 경기도주식회사는 도내 중소기업의 우수 제품을 더욱 많은 소비자에게 알리고, 유통 판로 확대 및 내수 판매 활성화를 지원하기 위해 2026년 「중소기업 마케팅 지원사업」 국내 온라인 마케팅지원 참여기업을 추가 모집하오니, 관심 있는 기업들의 많은 신청을 바랍니다.
☞ 경기도에 본사 또는 공장이 있는 중소기업 (공고일 현재 기준)
-  지원분야 : 식품(신선), 펫 카테고리 제품 限
☞ (공통) 입점 연계, 기획전 운영, 쿠폰비용 지원, 마케팅 지원
- 네이버 : (미디어 홍보 지원) 네이버 리테일 미디어 활용한 AI 기반 상품 광고 지원, 판매자별 비즈머니 쿠폰 무상 지원
- 오늘의집 : (판로 확대 지원) 플랫폼 특화 라이브 판매 지원",판로/수출,경기도주식회사,경기도,중소기업,중소기업,,,,,,,홍보지원,2026-04-23,2026-05-06,,온라인 접수(경기도주식회사),온라인 접수(경기도주식회사),https://www.bizinfo.go.kr/sii/siia/selectSIIA200Detail.do?pblancId=PBLN_000000000121388,main,primary,경기2026년중소기업마케팅지원사업국내온라인마케팅지원참여기업추가모집공고네이버오늘의집,경기도주식회사,2026-04-23~2026-05-06,내수,홍보지원
biz,PBLN_000000000121387,[경기] 2026년 문화기술 콘텐츠 유통지원 지원기업 모집 공고,"‘2026년 문화기술 콘텐츠 유통지원’은 경기도 문화기술(CT) 콘텐츠의 유통 활성화를 지원하는 사업입니다. 유망 문화기술 아이템과 행사 계획을 보유한 경기도 콘텐츠 기업의 많은 참여를 바랍니다.
☞ 상용화 목적의 문화기술 콘텐츠를 보유한 경기도 소재 스타트업ㆍ중소기업
- 공고마감일 기준 경기도 소재 본사 또는 지점/지사(종된사업장 불가)/부설연구소/스튜디오 사업장 보유 기업
※ 컨소시엄 불가
☞ 콘텐츠 유통에 필요한 자금 기업당 3천 8백만원, 과제 관리, 시장노출(전시회 참여) 지원 등 사업화 컨설팅",경영,경기콘텐츠진흥원,경기도,중소기업,중소기업,,,,,,,디자인/상품화/사업화,2026-04-24,2026-05-12,,"① 온라인 설문(https://forms.gle/mVqonokbQnSDs9Pe6) 응답 제출
② 온라인 사전진단(콘텐츠 스타트업 플랫폼) 참여 및 확인증 발급
③ 확인증 & 지원서류(4종) 이메일 접수(ct1@gcon.or.kr)
※ 자세한 신청 방법 공고문 참조","① 온라인 설문(https://forms.gle/mVqonokbQnSDs9Pe6) 응답 제출
② 온라인 사전진단(콘텐츠 스타트업 플랫폼) 참여 및 확인증 발급
③ 확인증 & 지원서류(4종) 이메일 접수(ct1@gcon.or.kr)
※ 자세한 신청 방법 공고문 참조",https://www.bizinfo.go.kr/sii/siia/selectSIIA200Detail.do?pblancId=PBLN_000000000121387,main,primary,경기2026년문화기술콘텐츠유통지원지원기업모집공고,경기콘텐츠진흥원,2026-04-24~2026-05-12,경영,디자인/상품화/사업화
biz,PBLN_000000000121386,[충북] 2026년 스타트업 액셀러레이팅 지원사업 참여기업 모집 공고,"충북창조경제혁신센터는 충청북도 주력산업과 융합한 유망 스타트업의 성장지원을 위해 ‘충북 스타트업 액셀러레이팅 지원사업’ 참여기업을 아래와 같이 모집 공고합니다.
☞ 충북소재 7년이내 (예비)창업기업
☞ 우리 도 주력산업 분야 창업기업을 대상으로 사업화자금지원과 교류협력 지원을 통해 기업의 성장 속도를 가속화하기 위한 액셀러레이팅 서비스 지원
- (첨단산업 분야) 기술창업 사업화 자금(기업별 최대 25백만원 이내) 지원 
- (로컬창업 분야) 사업화 자금(기업별 최대 15백만원 이내) 지원
- (교류협력) 2회 지원(성과공유회 포함)",창업,충북창조경제혁신센터,충청북도,창업벤처,"스타트업,초기창업기업",,,,,,,사업화지원,2026-04-24,2026-05-08,,이메일 접수 (one@ccei.kr),이메일 접수 (one@ccei.kr),https://www.bizinfo.go.kr/sii/siia/selectSIIA200Detail.do?pblancId=PBLN_000000000121386,main,primary,충북2026년스타트업액셀러레이팅지원사업참여기업모집공고,충북창조경제혁신센터,2026-04-24~2026-05-08,창업,사업화지원
biz,PBLN_000000000121385,[경기] 양평군 2026년 중소기업 온라인 플랫폼 마케팅 지원사업 참가 모집 공고,"양평군과 경기테크노파크 에서는 관내 중소기업의 온라인 매출증대를 위하여 시장 경쟁력과 자생력을 갖출 수 있도록 「2026년 양평군 중소기업 온라인 플랫폼 마케팅 지원사업」 참여 기업를 모집하고자 다음과 같이 공고하오니 많은 관심과 참여 바랍니다.
☞ 양평군 관내 중소기업
☞ 맞춤형 온라인 마케팅(업체당 최대 150만원) 지원
- 제품 상세페이지 제작, 제품 홍보 동영상 제작, 제품홍보 키워드 검색 및 쇼핑검색 광고, 홈쇼핑(라이브커머스 등) 및 글로벌 이커머스 지원",판로/수출,경기테크노파크,경기도,중소기업,중소기업,,,,,,,홍보지원,2026-04-24,2026-05-22,,"온라인, 방문, 우편 및 사전 이메일 접수
- 온라인 : 경기TP 성과관리시스템
- 접수처 : (15588) 경기도 안산시 상록구 해안로 705 (재)경기테크노파크 4동(지원편의동) 3층 319호 기술사업화센터 <2026 양평군 중소기업 온라인 플랫폼 마케팅 지원사업 담당자 앞>
- 이메일 : ygh6463@gtp.or.kr
※ 「2026_양평군온라인플랫폼마케팅지원(회사명).zip」 첨부파일 형태","온라인, 방문, 우편 및 사전 이메일 접수
- 온라인 : 경기TP 성과관리시스템
- 접수처 : (15588) 경기도 안산시 상록구 해안로 705 (재)경기테크노파크 4동(지원편의동) 3층 319호 기술사업화센터 <2026 양평군 중소기업 온라인 플랫폼 마케팅 지원사업 담당자 앞>
- 이메일 : ygh6463@gtp.or.kr
※ 「2026_양평군온라인플랫폼마케팅지원(회사명).zip」 첨부파일 형태",https://www.bizinfo.go.kr/sii/siia/selectSIIA200Detail.do?pblancId=PBLN_000000000121385,main,primary,경기양평군2026년중소기업온라인플랫폼마케팅지원사업참가모집공고,경기테크노파크,2026-04-24~2026-05-22,내수,홍보지원
biz,PBLN_000000000121384,[전남] 2026년 호주 시드니 유통망 입점 지원사업 참가기업 모집 공고,"우리 도는 현지 오프라인 유통망을 활용한 시장성 검증과 판로 확보를 통해 도내 기업의 수출 증대를 도모하고자 「2026 호주 시드니 유통망 입점 지원사업」을 다음과 같이 공고합니다. 역량 있는 기업의 많은 참여 바랍니다.
☞ 전남 제품을 제조ㆍ생산ㆍ유통하는 전남 수출 초보기업
☞ 바이어 화상상담, 샘플 수출, 유통망 입점 및 판촉 등 지원
※ 자세한 지원내용 공고문 참조",판로/수출,KOTRA광주전남지원본부,전라남도,중소기업,중소기업,,,,,,,시장개척,2026-04-25,2026-05-15,,"이메일 및 온라인 신청(필수 : ①+②)
① 온라인 : 전라남도 수출정보망
② 이메일 : johanna@kotra.or.kr, jhlnsm@korea.kr","이메일 및 온라인 신청(필수 : ①+②)
① 온라인 : 전라남도 수출정보망
② 이메일 : johanna@kotra.or.kr, jhlnsm@korea.kr",https://www.bizinfo.go.kr/sii/siia/selectSIIA200Detail.do?pblancId=PBLN_000000000121384,main,primary,전남2026년호주시드니유통망입점지원사업참가기업모집공고,kotra광주전남지원본부,2026-04-25~2026-05-15,수출,시장개척
biz,PBLN_000000000121383,[경남] 2026년 경남형 청년친화기업 지원사업 참여기업 추가 모집 공고,"경상남도에서는 도내 우수 중소기업으로서 청년이 일하고 싶은 고용환경을 갖춘 중소기업을「경남형 청년친화기업」으로 선정하여, 청년채용확대 및 일생활 균형 기업문화 확산을 유도하고자, 금년도 참여기업 추가 모집을 아래와 같이 공고하오니, 관심 있는 기업의 많은 참여를 바랍니다.
☞ 경상남도 소재(본사) 중소기업
☞ 도내 중소기업 중 청년일자리 창출 확대, 일생활균형 조직문화, 고용안정성, 복지혜택 등이 우수한 중소기업을「경남형 청년친화기업」으로 선정하여, 2년 간 지원
- 복지지원금, 육아휴직대체인턴지원금, 추가고용장려금, 근무환경개선금 등 지원",인력/일자리,직접수행,경상남도,중소기업,"중소기업,청년",,,,,,,고용유지,2026-04-23,2026-05-28,,"이메일 및 우편 또는 방문 접수
- 접수처 :  경상남도 창원시 의창구 중앙대로 300, 경남도청 산업인력과(본관 1층)
- 이메일 : jjuya2822@korea.kr","이메일 및 우편 또는 방문 접수
- 접수처 :  경상남도 창원시 의창구 중앙대로 300, 경남도청 산업인력과(본관 1층)
- 이메일 : jjuya2822@korea.kr",https://www.bizinfo.go.kr/sii/siia/selectSIIA200Detail.do?pblancId=PBLN_000000000121383,main,primary,경남2026년경남형청년친화기업지원사업참여기업추가모집공고,직접수행,2026-04-23~2026-05-28,인력,고용유지
biz,PBLN_000000000121382,[전북] 2026년 입주ㆍ졸업기업 선택형 지원 프로그램 참여기업 모집 공고(전북특별자치도중장년기술창업센터),"전북특별자치도경제통상진흥원에서는 중장년기술창업센터 입주 및 졸업기업의 기술사업화와 고도화를 위한 선택형 지원 프로그램을 운영하고자 하니 센터 입주 및 졸업기업의  많은 신청 바랍니다.
☞ 2024-2026년 내 입주 이력이 있는 졸업기업, 현재 입주기업
☞ 사업화 지원금 (예비)창업자 당 최대 5백만원 지원
- (경쟁력 강화) 시제품 제작, 품질인증 획득, 제품 시험분석, 디자인 개발, 지식재산권 지원
- (마케팅 지원) 홈페이지ㆍ카탈로그, 전시회ㆍ박람회, 광고ㆍ홍보 지원",기술,전북특별자치도경제통상진흥원,전북특별자치도,창업벤처,초기창업기업,,,,,,,기술사업화/이전/지도,2026-04-27,2026-05-13,,"방문, 우편 및 이메일 접수
- 접수처 : (54898) 전북 전주시 덕진구 기린대로 945-6 전북특별자치도중장년기술창업센터 희망관1층 운영본부 
- 이메일 : hee@jbba.kr
※ 메일 발송 시 담당자 전화 확인 必(063-717-1317)","방문, 우편 및 이메일 접수
- 접수처 : (54898) 전북 전주시 덕진구 기린대로 945-6 전북특별자치도중장년기술창업센터 희망관1층 운영본부 
- 이메일 : hee@jbba.kr
※ 메일 발송 시 담당자 전화 확인 必(063-717-1317)",https://www.bizinfo.go.kr/sii/siia/selectSIIA200Detail.do?pblancId=PBLN_000000000121382,main,primary,전북2026년입주ㆍ졸업기업선택형지원프로그램참여기업모집공고전북특별자치도중장년기술창업센터,전북특별자치도경제통상진흥원,2026-04-27~2026-05-13,기술,기술사업화/이전/지도
biz,PBLN_000000000121381,2026년 경상북도 청년창업 지역정착 지원사업 신규참여자 추가모집 공고,"경상북도 및 시ㆍ군과 경상북도경제진흥원은 경상북도 지역자원을 활용한 창업 및 지역정착 지원을 통해 지역활력을 도모할 청년 참여자를 다음과 같이 모집하오니, 많은 참여 바랍니다.
☞ 경상북도 외에 주소를 둔 만 19세 이상 만 39세 이하의 대한민국 국민으로서 사업참여 배제 사유가 없는 자
- 개인 또는 최대 2명 1팀으로 참여 가능
※ 경상북도 내 주소지를 둔 청년은 단독으로 참여할 수 없으며, 경상북도 외 지역에 주소지를 둔 청년과 팀을 구성하여 지원 가능
☞ 사업화자금, 정착활동비, 교육ㆍ컨설팅 및 네트워킹, 홍보 및 판로, 사후관리 지원",창업,경상북도경제진흥원,경상북도,창업벤처,"청년,초기창업기업",,,,,,,사업화지원,2026-04-27,2026-05-22,,"온라인 접수 (gepa02@gepa.kr)
※ 신청서 접수시 e-mail 제목명: [지역정착 신청서]-[신청지역]-[팀명]","온라인 접수 (gepa02@gepa.kr)
※ 신청서 접수시 e-mail 제목명: [지역정착 신청서]-[신청지역]-[팀명]",https://www.bizinfo.go.kr/sii/siia/selectSIIA200Detail.do?pblancId=PBLN_000000000121381,main,primary,2026년경상북도청년창업지역정착지원사업신규참여자추가모집공고,경상북도경제진흥원,2026-04-27~2026-05-22,창업,사업화지원
biz,PBLN_000000000121380,[경북] 김천시 2026년 중소기업 기숙사 임차비 지원사업 참여기업 모집 공고,"경상북도경제진흥원에서는 김천시 소재 중소기업의 주거지원을 통한 우수인력 확보 및 장기 재직 지원으로 지역경제 활성화를 도모하고자 「2026년 김천시 중소기업 기숙사 임차비 지원사업」 참여기업을 모집하오니 많은 참여 바랍니다.
☞ 김천시 소재 중소기업 중 아파트ㆍ빌라ㆍ공동주택ㆍ주거용 오피스텔ㆍ다가구주택 등을 임차하여 기숙사로 사용하는 기업
- 본사 또는 공장 등 사업장이 김천시에 소재한 제조 중소기업
가. 공장등록증을 보유하고 신청일 기준 가동 중인 기업
나. 공장의 건축면적 또는 이에 준하는 사업장 면적이 500㎡ 미만인 기업체는 건축법상 건축물 용도가 ‘공장’ 또는 ‘제조업’ 인 기업으로 사업자 등록을 필한 기업
☞ 재직 근로자 기숙사로 사용하기 위해 기업에서 임차한 관내 아파트ㆍ빌라ㆍ공동주택ㆍ주거용 오피스텔ㆍ다가구주택 등의 임차비 80%지원
- 실 당 최대 300,000원 지원",인력/일자리,경상북도경제진흥원,경상북도,중소기업,중소기업,,,,,,,고용유지,2026-04-27,2026-05-15,,"이메일 접수 (jungheon.ha@gepa.kr)
※서류는 반드시 아래 순서대로 정리하여 하나의 파일로 제출","이메일 접수 (jungheon.ha@gepa.kr)
※서류는 반드시 아래 순서대로 정리하여 하나의 파일로 제출",https://www.bizinfo.go.kr/sii/siia/selectSIIA200Detail.do?pblancId=PBLN_000000000121380,main,primary,경북김천시2026년중소기업기숙사임차비지원사업참여기업모집공고,경상북도경제진흥원,2026-04-27~2026-05-15,인력,고용유지
biz,PBLN_000000000121379,2026년 민관협력 오픈이노베이션 지원 상호 자율탐색형 수요기업 및 스타트업 모집공고,"스타트업과 수요기업(대ㆍ중견기업ㆍ공공기관 등)간 협력을 통한 동반성장
지원을 위해「2026년 민관협력 오픈이노베이션지원」상호 자율탐색형에
참여할 수요기업 및 스타트업을 다음과 같이  모집합니다.
☞ 수요기업과 협업과제 추진을 희망하는 스타트업
- 수요기업 : 스타트업과 협업을 희망하는 대ㆍ중견기업ㆍ공공기관 등
- 스타트업 : ‘중소기업창업지원법’의 창업에 해당하는 기업
※ 창업 후 7년 이내 창업기업(창업(설립)일 기준 : 2019.4.29. ~ 2026.4.28.
☞ 스타트업 대상 수요기업과 협업과제 추진에 필요한 사업화 자금(과제별 최대 1억원) 및 후속 연계 지원",경영,서울창조경제혁신센터,중소벤처기업부,중소기업,"스타트업,중소기업",,,,,,,디자인/상품화/사업화,2026-04-28,2026-06-04,,"온라인 접수
- OI마켓 : https://oimarket.kr
- K-Startup : https://www.k-startup.go.kr
※ 자세한 신청방법 공고문 참조","온라인 접수
- OI마켓 : https://oimarket.kr
- K-Startup : https://www.k-startup.go.kr
※ 자세한 신청방법 공고문 참조",https://www.bizinfo.go.kr/sii/siia/selectSIIA200Detail.do?pblancId=PBLN_000000000121379,main,primary,2026년민관협력오픈이노베이션지원상호자율탐색형수요기업및스타트업모집공고,서울창조경제혁신센터,2026-04-28~2026-06-04,경영,디자인/상품화/사업화
biz,PBLN_000000000121378,[경기] 김포시 2026년 소상공인 경영환경 개선사업 모집 공고,"소상공인에 대한 1:1 현장 맞춤형 경영 컨설팅과 점포 내 환경개선을 통해 소상공인의 경영위기 극복 및 사업 경쟁력을 강화하고자 「2026년 김포시 소상공인 경영환경 개선사업」을 아래와 같이 공고합니다.
☞ 김포시 내 3년 이상 사업을 하고 있는 소상공인
- 전년도 연매출액 3억원 미만 사업자
☞ 상점 환경개선, 디지털 지원
- 상점 환경개선 : 옥외광고물(LED간판, 판형(FLEX 등) 간판 등), 인테리어(도배, 도색, 바닥, 전기조명공사, 어닝, 썬팅 등) 지원
- 디지털 : CCTV(CCTV기기ㆍ프로그램 구매), 키오스크 지원",경영,한국생산성본부,경기도,소상공인,소상공인,,,,,,,시설/입지지원,2026-05-18,2026-05-22,,"방문 및 우편 접수
- 현장 접수처 : 경기 김포시 사우중로 100 김포시 종합사회복지관 4층 문화복지터5
- 우편 접수처 : (03170) 서울특별시 종로구 새문안로 5가길 32, 9층 한국생산성본부 상생협력센터
※ 현장 접수처는 방문 접수만, 우편 접수처는 우편 접수만 가능합니다.","방문 및 우편 접수
- 현장 접수처 : 경기 김포시 사우중로 100 김포시 종합사회복지관 4층 문화복지터5
- 우편 접수처 : (03170) 서울특별시 종로구 새문안로 5가길 32, 9층 한국생산성본부 상생협력센터
※ 현장 접수처는 방문 접수만, 우편 접수처는 우편 접수만 가능합니다.",https://www.bizinfo.go.kr/sii/siia/selectSIIA200Detail.do?pblancId=PBLN_000000000121378,main,primary,경기김포시2026년소상공인경영환경개선사업모집공고,한국생산성본부,2026-05-18~2026-05-22,경영,시설/입지지원
biz,PBLN_000000000121377,2026년 제1차 고용노동부 예비사회적기업 지정 계획 공고,"우리 사회의 다양하고 혁신적인 사회적기업을 육성하기 위한 고용노동부 예비사회적기업 지정 계획을 다음과 같이 공고합니다.
☞ (예비)사회적기업으로 진입하고자 하는 일반 기업
-「사회적기업 육성법」제8조 및 같은 법 시행령 제8조에 따른 조직 형태를 갖춘 기업
-「민법」상 법인ㆍ조합,「상법」상 회사 등 법률에 따른 법인
-「비영리민간단체지원법」등에 따른 비영리민간단체
※ 자세한 지원대상 공고문 참조
☞ (예비)사회적기업 지정 지원",기타,한국사회적기업진흥원,고용노동부,중소기업,"사회적기업,중소기업",,,,,,,제도,2026-05-04,2026-05-22,,"온라인 접수 (통합사업관리시스템)
- 서식별, 구비서류별 정리 및 PDF로(200dpi) 저장하여 신청
※ 시스템 전산관련 오류 발생할 경우 1661-4006으로 문의","온라인 접수 (통합사업관리시스템)
- 서식별, 구비서류별 정리 및 PDF로(200dpi) 저장하여 신청
※ 시스템 전산관련 오류 발생할 경우 1661-4006으로 문의",https://www.bizinfo.go.kr/sii/siia/selectSIIA200Detail.do?pblancId=PBLN_000000000121377,main,primary,2026년제1차고용노동부예비사회적기업지정계획공고,한국사회적기업진흥원,2026-05-04~2026-05-22,기타,제도
biz,PBLN_000000000121376,2026년 제2회 신기술(NET)인증 유효기간 연장신청 접수 공고,"「산업기술혁신 촉진법」제15조의2, 동법 시행령 제18조 내지 제18조의3 및 동법시행규칙 제2조 또는 제2조의3에 따라 2026년 제2회 신기술(NET)인증 유효기간 연장신청 접수를 공고합니다.
☞ 신기술을 인증받고자 하는 기관의 장(기업, 출연(연), 대학 등)
※ 자세한 신청대상 공고문 참조
☞ 신기술(NET) 인증 지원",기술,국가기술표준원,산업통상부,중소기업,중소기업,,,,,,,시험/인증,2026-05-22,2026-06-22,,온라인 접수 (NET마크 홈페이지),온라인 접수 (NET마크 홈페이지),https://www.bizinfo.go.kr/sii/siia/selectSIIA200Detail.do?pblancId=PBLN_000000000121376,main,primary,2026년제2회신기술net인증유효기간연장신청접수공고,국가기술표준원,2026-05-22~2026-06-22,기술,시험/인증
biz,PBLN_000000000121375,[부산] 2026년 콘텐츠아카데미 일자리 지원사업 공고,"부산정보산업진흥원에서는 지역 내 게임 기업을 대상으로 「2026 부산콘텐츠아카데미 일자리 지원사업」을 다음과 같이 추진하오니, 관심 있는 기업의 많은 참여를 바랍니다.
☞ 게임 프로젝트를 개발 중인 기업
- 공고일 기준, 부산에 본사 또는 지사를 두고 사업자등록 6개월 이상인 기업
- 4대보험 가입 사업장으로, 국세 및 지방세 체납이 없는 사업장
- 공고일 기준 사업자등록증상 ‘게임’ 관련 종목 포함 기업
- 온라인 채용 플랫폼 ‘부산게임인’에 등록된 기업 및 근로자
☞ 신규 채용 인력 월 인건비 최대 180만원 지원",인력/일자리,부산정보산업진흥원,부산광역시,중소기업,중소기업,,,,,,,고용환경개선,2026-04-27,2026-05-08,,이메일 접수 (organix@bipa.kr),이메일 접수 (organix@bipa.kr),https://www.bizinfo.go.kr/sii/siia/selectSIIA200Detail.do?pblancId=PBLN_000000000121375,main,primary,부산2026년콘텐츠아카데미일자리지원사업공고,부산정보산업진흥원,2026-04-27~2026-05-08,인력,고용환경개선
biz,PBLN_000000000121374,[부산] 2026년 가상증강현실 융복합센터 마케팅 지원 사업 참여기업 모집 공고,"부산정보산업진흥원에서는 부산 가상융합산업 분야 기업의 시장 경쟁력 강화와 매출 증대를 위해  「2026년 부산 가상증강현실 융복합센터 마케팅 지원」사업의 참여기업을 아래와 같이 모집하오니, 관련 기업들의 많은 관심과 참여 바랍니다.
☞ 공고일 기준 본사 소재지가 부산인 가상융합산업 관련 법인 및 개인 사업자
☞ 홍보 및 전시회 참가 등의 마케팅 비용(기업당 최대 8백만원) 지원
- 홍보 및 광고, 전시회 참가, 디자인 제작, 특허, 지재권 등록 등",판로/수출,부산정보산업진흥원,부산광역시,중소기업,중소기업,,,,,,,홍보지원,2026-04-23,2026-05-07,,"이메일 접수 (jangjiwon@bipa.kr)
※ 자세한 신청방법 공고문 참조","이메일 접수 (jangjiwon@bipa.kr)
※ 자세한 신청방법 공고문 참조",https://www.bizinfo.go.kr/sii/siia/selectSIIA200Detail.do?pblancId=PBLN_000000000121374,main,primary,부산2026년가상증강현실융복합센터마케팅지원사업참여기업모집공고,부산정보산업진흥원,2026-04-23~2026-05-07,내수,홍보지원
biz,PBLN_000000000121372,[제주] 2026년 지역특화콘텐츠 개발지원사업 참여기업 모집 재공고,"(재)제주콘텐츠진흥원은 문화체육관광부ㆍ한국콘텐츠진흥원ㆍ제주특별자치도의 지원으로 제주 특화 소재를 활용한「2026 제주 지역특화콘텐츠 개발지원사업」을 다음과 같이 공고하오니 많은 관심과 참여 바랍니다.
☞ 제주특별자치도 소재 콘텐츠 기업(필요시 컨소시엄(주간1, 참여1) 구성 가능)
※ 자세한 지원대상 공고문 참조
☞ 제주 관광시장 기반 융합관광콘텐츠 개발지원
- 탐라역사문화권에 속하는 역사, 문화유산, 인물, 자연, 설화 등의 특화 소재를 원천소스로 하여 제주도 관광시장에 적용할 수 있는 융합관광콘텐츠 개발 지원
- 제주관광시장 목표 콘텐츠 개발 및 실증(초기사업화), 사업모델 업그레이드 지원
※ 자세한 지원내용 공고문 참조",경영,제주콘텐츠진흥원,문화체육관광부,중소기업,중소기업,,,,,,,디자인/상품화/사업화,2026-04-23,2026-05-07,,"방문 및 온라인 접수
- 접수처 : 제주콘텐츠진흥원 2층 콘텐츠육성팀 제주시 신산로 82
- 온라인 : e나라도움
※ e나라도움을 통한 온라인 접수 후, 제출서류를 순서대로 사무용 집게로 철하여 방문 접수
※ 각 제출서류 및 기타 시청각 참고자료 등을 압축하여 1개의 파일을 USB로 제출 ","방문 및 온라인 접수
- 접수처 : 제주콘텐츠진흥원 2층 콘텐츠육성팀 제주시 신산로 82
- 온라인 : e나라도움
※ e나라도움을 통한 온라인 접수 후, 제출서류를 순서대로 사무용 집게로 철하여 방문 접수
※ 각 제출서류 및 기타 시청각 참고자료 등을 압축하여 1개의 파일을 USB로 제출 ",https://www.bizinfo.go.kr/sii/siia/selectSIIA200Detail.do?pblancId=PBLN_000000000121372,main,primary,제주2026년지역특화콘텐츠개발지원사업참여기업모집재공고,제주콘텐츠진흥원,2026-04-23~2026-05-07,경영,디자인/상품화/사업화
biz,PBLN_000000000121371,[대전] 2026년 글로벌 PoC 연계 고도화 지원사업 참여기업 모집 공고,"(재)창조경제혁신센터에서는 창업생태계 조성 및 스타트업파크 운영 사업의 일환으로「2026년 글로벌 PoC연계 고도화 지원사업」에 참여할 창업기업을 다음과 같이 모집하오니 지역 내 유망 창업기업의 많은 관심과 적극적인 참여를 바랍니다.
☞ 대전 지역 소재(본사) 창업 7년 이내 창업기업
-  글로벌 기업(기관)과 협력 진행 중이거나, 협력 가능 기술ㆍ비즈니스 모델 보유 기업
☞ 사업화 자금지원
- 스타트업의 글로벌 현지화 비용에 한하여 지원(현지 실증 테스트 비용, 파일럿 제품 제작비, 현지 데이터 수집ㆍ검증 비용 등)",경영,대전창조경제혁신센터,대전광역시,중소기업,중소기업,,,,,,,디자인/상품화/사업화,2026-05-04,2026-05-11,,이메일 접수(kim@ccei.kr),이메일 접수(kim@ccei.kr),https://www.bizinfo.go.kr/sii/siia/selectSIIA200Detail.do?pblancId=PBLN_000000000121371,main,primary,대전2026년글로벌poc연계고도화지원사업참여기업모집공고,대전창조경제혁신센터,2026-05-04~2026-05-11,경영,디자인/상품화/사업화
biz,PBLN_000000000121370,2026년 2차 오픈이노베이션 플랫폼 지원사업 참여기업 모집 연장 공고,"전남창조경제혁신센터는 대ㆍ중견기업과 스타트업의 협업 프로젝트를 통한 혁신성장을 도모하기 위하여 오픈이노베이션 플랫폼 프로그램에 참여할 스타트업을 다음과 같이 모집하오니 많은 관심과 참여를 바랍니다.
☞ 공고일 기준 수요분야 관련 기술 및 솔루션을 보유한 기업
☞ 대ㆍ중견기업 사업 부서 밋업 연계, 사업화(PoC) 지원금, 전남창조경제혁신센터 직ㆍ간접 투자 연계 검토 등 지원
- 사업화(PoC) 지원금 : 1개社 당 최대 20,000천원 내외",창업,전남창조경제혁신센터,전라남도,창업벤처,초기창업기업,,,,,,,사업화지원,2026-04-22,2026-05-08,,"이메일 접수 (jnoi@ccei.kr)
※ 메일 제출 후 유선으로 제출 여부 확인 必","이메일 접수 (jnoi@ccei.kr)
※ 메일 제출 후 유선으로 제출 여부 확인 必",https://www.bizinfo.go.kr/sii/siia/selectSIIA200Detail.do?pblancId=PBLN_000000000121370,main,primary,2026년2차오픈이노베이션플랫폼지원사업참여기업모집연장공고,전남창조경제혁신센터,2026-04-22~2026-05-08,창업,사업화지원
biz,PBLN_000000000121369,[부산] 2026년 지역기업 성장사다리 지원사업 통합 공고,"2026년 중소벤처기업부와 부산시가 지원하는 지역기업 성장사다리 지원사업 수행자로 지정된 부산테크노파크에서 지원대상별 지원 프로그램을 안내하오니, 지원 프로그램별 참여를 희망하는 부산 지역 중소기업의 많은 신청바랍니다.
☞ 사업자등록증 상 본사가 부산지역 내 소재하며, 부산지역 주력산업 분야 KSIC 코드 (붙임 참고) 보유 중소기업
※ 지원대상별 요건이 상이하므로 자세한 사항 공고문 참조
☞ 초기ㆍ잠재기업, 예비선도(스타)기업, 지역혁신 선도기업, 초광역 선도기업 지원 프로그램
- 시제품제작, 인증, 특허, 제품고급화 등
※ 자세한 지원내용 공고문 참조",경영,부산테크노파크,중소벤처기업부,중소기업,중소기업,,,,,,,디자인/상품화/사업화,2026-04-22,2026-05-08,,"온라인 접수 (기업지원사업 관리시스템)
※ 자세한 신청방법 공고문 참조","온라인 접수 (기업지원사업 관리시스템)
※ 자세한 신청방법 공고문 참조",https://www.bizinfo.go.kr/sii/siia/selectSIIA200Detail.do?pblancId=PBLN_000000000121369,main,primary,부산2026년지역기업성장사다리지원사업통합공고,부산테크노파크,2026-04-22~2026-05-08,경영,디자인/상품화/사업화
biz,PBLN_000000000121368,[충북] 2026년 지역기업 성장사다리 지원사업 통합 공고,"2026년 중소벤처기업부와 충청북도가 지원하는 지역기업 성장사다리 지원사업 수행자로 지정된 충북테크노파크에서 지원대상별 지원 프로그램을 안내하오니, 지원 프로그램별 참여를 희망하는 충북 지역 중소기업의 많은 신청 바랍니다.
☞ 사업자등록증 상 본사가 충북지역 내 소재하며, 충북지역 주력산업 분야(KSIC코드 첨부 必)를 영위하는 중소기업
☞ 초기ㆍ잠재기업, 예비선도(스타)기업, 선도기업 대상별 프로그램 지원
※ 자세한 지원내용 공고문 참조",경영,충북테크노파크,중소벤처기업부,중소기업,중소기업,,,,,,,디자인/상품화/사업화,2026-04-22,2026-05-08,,온라인 접수 (기업지원사업 관리시스템),온라인 접수 (기업지원사업 관리시스템),https://www.bizinfo.go.kr/sii/siia/selectSIIA200Detail.do?pblancId=PBLN_000000000121368,main,primary,충북2026년지역기업성장사다리지원사업통합공고,충북테크노파크,2026-04-22~2026-05-08,경영,디자인/상품화/사업화
biz,PBLN_000000000121367,2026년 2분기 중소기업간 협업지원사업 운영요령에 따른 협업기업 신청 공고,"「중소기업간 협업지원사업 운영요령」에 따른 2분기 협업기업 모집 계획을 다음과 같이 공고하오니, 참여를 희망하는 중소기업은 안내에 따라 신청하시기 바랍니다.
☞ 2개 이상의 중소기업으로 생산ㆍ연구개발ㆍ마케팅 기능을 갖춘 협업체를 구성하여, 제품을 개발ㆍ생산ㆍ판매하려는 중소기업
☞ 협업기업 대상 정부지원사업 참여자격 부여 지원
- (중소기업유통센터) 직접생산확인 기준 인정
- (중소벤처기업진흥공단) 혁신성장지원자금(협동화 자금융자) 신청 가능",경영,중소벤처기업진흥공단,중소벤처기업부,중소기업,중소기업,,,,,,,디자인/상품화/사업화,2026-04-28,2026-05-11,,온라인 접수 (중소벤처24_협업정보시스템),온라인 접수 (중소벤처24_협업정보시스템),https://www.bizinfo.go.kr/sii/siia/selectSIIA200Detail.do?pblancId=PBLN_000000000121367,main,primary,2026년2분기중소기업간협업지원사업운영요령에따른협업기업신청공고,중소벤처기업진흥공단,2026-04-28~2026-05-11,경영,디자인/상품화/사업화
biz,PBLN_000000000121366,[제주] 소상공인ㆍ자영업자 재기지원사업 희망업체 모집 공고,"제주 소상공인ㆍ자영업자 재기지원사업 희망업체 모집계획을 아래와 같이 공고합니다.
☞ 새출발기금 채무조정 약정 도내 소상공인(폐업자 포함)
☞ 폐업사업장 지원, 지속 운영 사업장 재기 지원
- 폐업사업장 지원 : 폐업 사업장 원상복구 및 철거비용 지원
- 지속 운영 사업장 재기 지원 : 지속 운영 사업장 경영환경개선(컨설팅), 홍보비 지원",경영,제주신용보증재단,제주특별자치도,소상공인,소상공인,,,,,,,시설/입지지원,선착순 접수,,,이메일 접수 (jcgfedu@jcgf.or.kr),이메일 접수 (jcgfedu@jcgf.or.kr),https://www.bizinfo.go.kr/sii/siia/selectSIIA200Detail.do?pblancId=PBLN_000000000121366,main,primary,제주소상공인ㆍ자영업자재기지원사업희망업체모집공고,제주신용보증재단,선착순 접수~,경영,시설/입지지원
biz,PBLN_000000000121365,2026년 중소기업 CBAM대응 인프라(MRV)구축 사업 참여기업 모집 수정 공고,"중소기업이 고도의 전문성을 요구하는 EU 탄소국경조정제도(CBAM)에 대응하여 수출경쟁력을 확보할 수 있도록 2026년도 「중소기업 CBAM대응 인프라(MRV)구축」 사업의 참여기업을 다음과 같이 모집합니다.
☞ EU로 CBAM 대상 품목 수출(희망) 중소기업
☞ 제품별 탄소 배출량 산정 MRV 인프라 구축 지원
- (H/W) 생산설비, 유틸리티에서 발생하는 에너지 사용량 측정을 위한 계측설비 구축
- (S/W) 탄소 배출량 산정을 위한 에너지 사용량 모니터링 시스템 및 EU CBAM 규정에 따른 보고서 작성 등 시스템 인프라 구축
- (검증) 배출량 산정값의 신뢰성 확인을 위한 전문 기관의 탄소배출 산정량 검증ㆍ의견서 작성 및 규제 대응 지원",경영,중소벤처기업진흥공단,중소벤처기업부,중소기업,중소기업,,,,,,,시설/입지지원,2026-04-06,2026-05-14,,온라인 접수 (ESG 통합플랫폼),온라인 접수 (ESG 통합플랫폼),https://www.bizinfo.go.kr/sii/siia/selectSIIA200Detail.do?pblancId=PBLN_000000000121365,main,primary,2026년중소기업cbam대응인프라mrv구축사업참여기업모집수정공고,중소벤처기업진흥공단,2026-04-06~2026-05-14,경영,시설/입지지원
biz,PBLN_000000000121364,[전남] 2026년 차 기술지원 및 수출 상품화 지원사업 신청 공고,"도내 전통차 경영체들의 차 수출 가공제품 패키지 및 제품생산 개발 등 상품화 지원과 수출 확대를 위한 2026년 차 기술지원 및 수출 상품화 지원사업을 추진하니 참여를 희망하는 차 가공식품 수출 경영체 및 단체는 기한 내 신청하여 주시기 바랍니다.
☞ 전남지역 차 가공식품 수출 경영체 및 단체
☞ 수출제품 패키지 개발 및 제품개발 생산 비용(20,000천원) 지원",기술,전라남도농업기술원,전라남도,중소기업,중소기업,,,,,,,기술사업화/이전/지도,2026-04-21,2026-05-06,,"시군을 통한 공문접수, 이메일 접수
- 이메일 : keh9037@korea.kr","시군을 통한 공문접수, 이메일 접수
- 이메일 : keh9037@korea.kr",https://www.bizinfo.go.kr/sii/siia/selectSIIA200Detail.do?pblancId=PBLN_000000000121364,main,primary,전남2026년차기술지원및수출상품화지원사업신청공고,전라남도농업기술원,2026-04-21~2026-05-06,기술,기술사업화/이전/지도
biz,PBLN_000000000121363,"2026년 의료기기 및 무선통신기기 사이버보안(미국, 유럽) 규제 대응 지원사업 참여기업 모집 공고","중소벤처기업부에서 지원하는 해외수출규제대응지원사업의 일환으로, 중소기업의 해외 사이버보안 규제(美 FDA, EU CE) 대응지원을 통해 안정적인 해외시장 진출을 지원하기 위한「2026년 의료기기ㆍ무선통신기기 사이버보안(미국, 유럽) 규제 대응 지원사업」의 참여기업을 아래와 같이 모집합니다.
☞ 의료기기 및 무선통신기기 제품 수출(예정) 중소기업
☞ 사이버보안 규제 대응에 필요한 기술 컨설팅 및 보안 평가 등에 소요되는 비용의 70% 지원",판로/수출,한국화학융합시험연구원,중소벤처기업부,중소기업,중소기업,,,,,,,FTA활용/대응,2026-04-20,2026-05-12,,이메일 접수(mailtf@ktr.or.kr),이메일 접수(mailtf@ktr.or.kr),https://www.bizinfo.go.kr/sii/siia/selectSIIA200Detail.do?pblancId=PBLN_000000000121363,main,primary,2026년의료기기및무선통신기기사이버보안미국유럽규제대응지원사업참여기업모집공고,한국화학융합시험연구원,2026-04-20~2026-05-12,수출,FTA활용/대응
biz,PBLN_000000000121362,[전북] 2026년 가상융합분야 국내 전시 마케팅 지원사업 모집 공고,"과학기술정보통신부가 주최하고, 정보통신산업진흥원과 한국가상융합디지털산업협회가 주관하는 대한민국 가상융합산업대전(KMF 2026) 공동관 전시 참가를 진행하고자 합니다. 전북특별자치도 내 지역기업의 자체 제작ㆍ개발한 상용화 콘텐츠를 홍보하고 대ㆍ내외 경쟁력을 제고하고자 하오니, 지역기업분들의 많은 참여 바랍니다.
​☞ 전북특별자치도 소재 가상융합분야 기업
- 상용화 콘텐츠가 출시 또는 제작이 완료된 시장 진출이 가능한 기업
☞ 전시 부스 지원으로 콘텐츠 홍보, 판로 확대, 국내ㆍ외 바이어 발굴 지원",판로/수출,전주정보문화산업진흥원,전북특별자치도,중소기업,중소기업,,,,,,,오프라인,2026-04-23,2026-05-13,,"이메일 접수 (whtmdwo11@jica.or.kr)
※ 제출 후, 확인전화 필수","이메일 접수 (whtmdwo11@jica.or.kr)
※ 제출 후, 확인전화 필수",https://www.bizinfo.go.kr/sii/siia/selectSIIA200Detail.do?pblancId=PBLN_000000000121362,main,primary,전북2026년가상융합분야국내전시마케팅지원사업모집공고,전주정보문화산업진흥원,2026-04-23~2026-05-13,내수,오프라인
biz,PBLN_000000000121361,2026년 2차 기술사업화 패키지 지원사업 시행계획 공고,"「2026년도 기술사업화 패키지」 지원사업 제2차 시행계획을 다음과 같이 공고하오니, 동 사업에 참여하고자 하는 중소기업은 안내에 따라 신청하시기 바랍니다.
☞ 「중소기업기본법」 제2조에 따른 중소기업
※ 세부 지원별 자격 상이, 공고문 참조
☞ 중소기업 스스로 사업화 로드맵을 설계하여 신청하고, 로드맵 특성에 따라 전문가가 처방한 사업화 프로그램 지원
- 최대 1.5억원의 R&D 후속 사업화 보조금 지급, 국고지원 보조율은 ’24년도 매출액 규모에 따라 40∼60% 차등 적용",기술,중소기업기술정보진흥원,중소벤처기업부,중소기업,중소기업,,,,,,,기술사업화/이전/지도,2026-05-11,2026-05-26,,온라인 접수 (중소기업기술개발사업 종합관리시스템),온라인 접수 (중소기업기술개발사업 종합관리시스템),https://www.bizinfo.go.kr/sii/siia/selectSIIA200Detail.do?pblancId=PBLN_000000000121361,main,primary,2026년2차기술사업화패키지지원사업시행계획공고,중소기업기술정보진흥원,2026-05-11~2026-05-26,기술,기술사업화/이전/지도
biz,PBLN_000000000121360,2026년 글로벌베이스캠프 사업 수행기관 모집 재공고,"민간의 네트워크와 우수자원을 활용하여 현지 거점을 기반으로 중소벤처기업의 글로벌 진출을 지원하는 “글로벌베이스캠프 사업”의 민간위탁 수행기관 선정을 위한 공모를 다음과 같이 재공고합니다.
☞ 해외진출을 희망하는 유망 중소벤처기업
※ 자세한 지원대상 공고문 참
☞ 계약 검증지원 등 현지 초기정착 컨설팅, 상시 B2B 홍보지원(쇼룸 전시), 바이어 매칭 및 협상 등 현지 진출 지원",경영,중소벤처기업진흥공단,중소벤처기업부,중소기업,중소기업,,,,,,,디자인/상품화/사업화,2026-04-27,2026-05-10,,이메일 접수 (jyseo@kosmes.or.kr),이메일 접수 (jyseo@kosmes.or.kr),https://www.bizinfo.go.kr/sii/siia/selectSIIA200Detail.do?pblancId=PBLN_000000000121360,main,primary,2026년글로벌베이스캠프사업수행기관모집재공고,중소벤처기업진흥공단,2026-04-27~2026-05-10,경영,디자인/상품화/사업화
biz,PBLN_000000000121359,2026년 패션 솔버톤(Fashion Solve-A-Thon) 모집 공고,"본 연합회에서는 패션산업 현안과 사회적 문제에 융복합 솔루션을 제시하고, 협업을 통해 이를 구체화ㆍ시각화하여 산업의 확장성 확보를 위한 「2026 패션 솔버톤(Fashion Solve-A-Thon)」 참가팀을 모집하고자 하오니 많은 신청 바랍니다. 
☞ 예비 창업자(팀) 또는 공고 마감일 기준 3년 미만 창업자(팀)
☞ 창업 강의 제공, 전문가 멘토링 및 창업 교육 연계, IR 발표 멘토링, 상금 및 상장 등 지원
※ 자세한 지원내용 공고문 참조",창업,부산섬유패션산업연합회,부산광역시,창업벤처,초기창업기업,,,,,,,사업화지원,2026-04-27,2026-05-29,,이메일 접수 (koreancostumecontest@naver.com),이메일 접수 (koreancostumecontest@naver.com),https://www.bizinfo.go.kr/sii/siia/selectSIIA200Detail.do?pblancId=PBLN_000000000121359,main,primary,2026년패션솔버톤fashionsolveathon모집공고,부산섬유패션산업연합회,2026-04-27~2026-05-29,창업,사업화지원
biz,PBLN_000000000121358,[경기] 광명시 2026년 중소기업 맞춤형 온라인 마케팅 지원사업 참가 모집 공고(광명상생플랫폼 운영사업),"광명시와 경기테크노파크에서는 관내 중소기업의 온라인 매출 증대를 위하여 시장 경쟁력과 자생력을 갖출 수 있도록 「2026년 광명시 중소기업 맞춤형 온라인 마케팅 지원사업」 참여기업을 모집하고자 다음과 같이 공고하오니 많은 관심과 참여 바랍니다.
☞ 광명시 관내 중소제조기업
☞ 맞춤형 온라인 마케팅(업체당 최대 250만원 이내) 지원
- 제품홍보 상세페이지제작 지원
- 기업 홈페이지 제작 및 리뉴얼 개발지원
- 제품홍보 동영상 제작 지원
- 키워드광고 및 쇼핑검색 온라인광고지원
- 라이브커머스 및 택배배송비 지원
※ 기업별 맞춤형 선택 지원",경영,경기테크노파크,경기도,중소기업,중소기업,,,,,,,디자인/상품화/사업화,2026-04-27,2026-05-22,,"방문, 우편, 이메일 및 온라인 접수
- 접수처 : (15588) 경기도 안산시 상록구 해안로 705 (재)경기테크노파크 4동(지원편의동) 3층 318호 기술사업화팀
- 이메일 : ygh6463@gtp.or.kr
- 온라인 : 경기테크노파크","방문, 우편, 이메일 및 온라인 접수
- 접수처 : (15588) 경기도 안산시 상록구 해안로 705 (재)경기테크노파크 4동(지원편의동) 3층 318호 기술사업화팀
- 이메일 : ygh6463@gtp.or.kr
- 온라인 : 경기테크노파크",https://www.bizinfo.go.kr/sii/siia/selectSIIA200Detail.do?pblancId=PBLN_000000000121358,main,primary,경기광명시2026년중소기업맞춤형온라인마케팅지원사업참가모집공고광명상생플랫폼운영사업,경기테크노파크,2026-04-27~2026-05-22,경영,디자인/상품화/사업화
biz,PBLN_000000000121357,2026년 바이오기업 해외진출 지원사업 참여기업 모집 공고,"유타대학교ㆍ유타대학교 아시아캠퍼스 산학협력단과 공동으로 세계 최대 바이오헬스 시장인 미국 진출을 위한 맞춤형 지원을 제공하여, 인천바이오기업의 글로벌 경쟁력 강화 및 해외 진출 기반 마련을 도모하는「바이오기업 해외진출 지원사업」에 참여할 의료기기, 디지털헬스케어, 바이오테크 기업을 다음과 같이 모집합니다.
☞ 바이오기업 중 의료기기, 디지털헬스케어, 바이오테크 기업, 인천광역시에 본점 또는 공장 또는 연구소가 소재한 기업
※단, 관외기업 중 2026년 내 인천으로 본점ㆍ연구소ㆍ공장 중 하나를 이전 확약한 기업
☞  FDA 인허가 진단 프로그램(1단계), FDA 인허가 획득을 위한 패키지 지원(2단계), Plug and Play GOAL 프로그램, 미국 내 법인 설립지원",판로/수출,인천테크노파크,인천광역시,중소기업,중소기업,,,,,,,FTA활용/대응,2026-04-22,2026-05-06,,이메일 접수(md@itp.or.kr),이메일 접수(md@itp.or.kr),https://www.bizinfo.go.kr/sii/siia/selectSIIA200Detail.do?pblancId=PBLN_000000000121357,main,primary,2026년바이오기업해외진출지원사업참여기업모집공고,인천테크노파크,2026-04-22~2026-05-06,수출,FTA활용/대응
biz,PBLN_000000000121356,[충남] 2026년 소상공인 가업승계(충남이어家) 지원사업 모집 공고,"충청남도와 (재)충남경제진흥원에서는 지역 브랜드 이미지를 제고하여 지역 경제 활성화 촉진하기 위한 2026년 가업승계(충남이어家) 지원 사업 참여 소상공인을 모집하오니 많은 참여 바랍니다.
☞ 동일 업종(업태)에서 2대 이상 대를 이어 10년 이상 사업을 운영해오고 있는 충청남도 소상공인 지원에 관한 조례 제2조에 따른 소상공인(승계 완료 및 승계 예정 포함)
☞ 경영지원금(최대 7백만원 이내) 지원
- 인증현판 제공
- SNS홍보(브릿지 청년 서포터즈)제공 등",경영,충남경제진흥원,충청남도,소상공인,소상공인,,,,,,,디자인/상품화/사업화,2026-04-24,2026-05-20,,온라인 접수 (판판대로),온라인 접수 (판판대로),https://www.bizinfo.go.kr/sii/siia/selectSIIA200Detail.do?pblancId=PBLN_000000000121356,main,primary,충남2026년소상공인가업승계충남이어家지원사업모집공고,충남경제진흥원,2026-04-24~2026-05-20,경영,디자인/상품화/사업화
biz,PBLN_000000000121355,2026년 스마트제조혁신기업 TV홈쇼핑 코칭ㆍ상담회(공영홈쇼핑) 참여기업 모집 공고,"중소기업기술정보진흥원은 공영홈쇼핑과 협력하여 스마트공장 지원사업에 참여한 중소기업의 제품 판로개척 및 마케팅 지원을 위한 사업을 아래와 같이 공고하오니 많은 참여 바랍니다.
☞ 중소벤처기업부 소관의 스마트공장 지원사업에 참여하여 성공한 B2C 중소기업
☞ 제품 코칭ㆍ상담, 교육지원, 지원사업 설명회 등 
① (코칭상담) TV홈쇼핑 부문 홈쇼핑MD와 참가기업의 1:1 제품 컨설팅
② (교육지원) TV홈쇼핑 제품 품질관리 요령 등 기본 소양 교육
③ (사업설명회) 중소벤처기업부 판로지원 사업 및 공영홈쇼핑 공익사업 소개 등",경영,중소기업기술정보진흥원,중소벤처기업부,중소기업,중소기업,,,,,,,디자인/상품화/사업화,2026-04-27,2026-05-22,,온라인 접수(판판대로),온라인 접수(판판대로),https://www.bizinfo.go.kr/sii/siia/selectSIIA200Detail.do?pblancId=PBLN_000000000121355,main,primary,2026년스마트제조혁신기업tv홈쇼핑코칭ㆍ상담회공영홈쇼핑참여기업모집공고,중소기업기술정보진흥원,2026-04-27~2026-05-22,경영,디자인/상품화/사업화
biz,PBLN_000000000121354,2026년 12기 드림벤처스타 지원사업 모집 공고(Dream Venture Star with 호반그룹),"대전창조경제혁신센터는 최고의 품질과 서비스로 신뢰받는 글로벌 종합 건설기업 ‘호반그룹’과 함께 유망 스타트업 발굴 및 협업 연계를 위한 오픈이노베이션 프로그램을 추진하오니 많은 관심과 참여 바랍니다.
☞ 호반그룹과 협업 희망하는 초기 단계 기술 기반이며 업력 만 7년 이내 스타트업
☞ PoC 사업화 자금, 후속지원 검토 지원
- PoC 사업화자금 최대 1,500만원 지원
- 대전창조경제혁신센터 후속 창업지원사업 연계/투자 등
- 호반그룹 내 협업 프로젝트 고도화를 위한 사업부서 매칭, 서비스개발을 위한 샘플 DB제공 및 사내 전문가 멘토링 지원
- BM고도화 등과 관련한 호반그룹 內 현업부서 컨설팅, 인적ㆍ물적 자원 활용 지원",창업,대전창조경제혁신센터,대전광역시,창업벤처,초기창업기업,,,,,,,사업화지원,2026-04-27,2026-05-27,,온라인 접수 (대전창조경제혁신센터),온라인 접수 (대전창조경제혁신센터),https://www.bizinfo.go.kr/sii/siia/selectSIIA200Detail.do?pblancId=PBLN_000000000121354,main,primary,2026년12기드림벤처스타지원사업모집공고dreamventurestarwith호반그룹,대전창조경제혁신센터,2026-04-27~2026-05-27,창업,사업화지원
biz,PBLN_000000000121353,[충북] 2026년 소부장 전문기업 육성지원사업 해외전시회 모집 재공고,"도내 소재ㆍ부품ㆍ장비 기업의 글로벌 시장 속 경쟁력 확보 강화를 위해 「2026 매뉴팩처링 월드 도쿄」에 참가할 기업을 모집하오니, 지원을 희망하는 기업은 관련 절차에 따라 신청하여 주시기 바랍니다.
☞ 사업공고일 기준 충청북도에 본사, 사업장, 공장 중 1개를 보유하고 있는 소재ㆍ부품ㆍ장비 관련 업종 해당 스타트업ㆍ중소ㆍ중견기업
- 사업공고일 기준 소부장 전문기업 확인증을 보유하고있는 소재ㆍ부품ㆍ장비 관련 업종 해당 스타트업ㆍ중소ㆍ중견기업
☞ 충북공동관 내 전시 부스 제공 (참가 등록비, 공동관 부스ㆍ설치비)
- 전시회 참가 전반 지원 (홍보물, 운송, 통역 등 기업별 맞춤형 지원)",판로/수출,충북과학기술혁신원,충청북도,중소기업,중소기업,,,,,,,해외진출,2026-04-22,2026-05-08,,"온라인 및 이메일 접수
- 온라인 : 충북과학기술혁신원 과제관리시스템 비즈온
- 이메일 : ljs971113@cbist.or.kr
※ 온라인 접수 후 이메일로 제출서류 발송","온라인 및 이메일 접수
- 온라인 : 충북과학기술혁신원 과제관리시스템 비즈온
- 이메일 : ljs971113@cbist.or.kr
※ 온라인 접수 후 이메일로 제출서류 발송",https://www.bizinfo.go.kr/sii/siia/selectSIIA200Detail.do?pblancId=PBLN_000000000121353,main,primary,충북2026년소부장전문기업육성지원사업해외전시회모집재공고,충북과학기술혁신원,2026-04-22~2026-05-08,수출,해외진출
biz,PBLN_000000000121352,[서울] 2026년 제품화지원센터 제품화 지원사업 모집 공고,"서울창업허브 제품화지원센터에서는 H/W분야 기업 제품의 경쟁력 강화 및 시장진출을 위한「2026년 제품화지원센터 제품화 지원」사업을 다음과 같이 공고하오니 제품화지원센터를 통해 제품화 지원을 희망하는 기업의 많은 참여를 바랍니다.
☞ 서울시 내 업력 7년 이내 H/W분야 스타트업
※ 공고마감일까지 서울 소재 기업본사지사기업부설연구소 중 하나 이상 서울 소재으로 등록된 기업
☞ 선정기업의 지원요청 분야에 따른 전문 엔지니어의 기술지원, 제품화지원센터 장비를 활용한 제품화 지원 및 판로연계 지원
- 3D모델링, 제품 설계, 시제품 제작, 금형 제작ㆍ사출, SMT제작",창업,서울경제진흥원,서울특별시,창업벤처,초기창업기업,,,,,,,사업화지원,2026-04-27,2026-05-14,,온라인 접수 (스타트업플러스),온라인 접수 (스타트업플러스),https://www.bizinfo.go.kr/sii/siia/selectSIIA200Detail.do?pblancId=PBLN_000000000121352,main,primary,서울2026년제품화지원센터제품화지원사업모집공고,서울경제진흥원,2026-04-27~2026-05-14,창업,사업화지원
biz,PBLN_000000000121351,2026년 12기 드림벤처스타 지원사업 모집 공고(Dream Venture Star with SK텔레콤),"대전창조경제혁신센터는 AI 기반의 혁신적인 통신 서비스를 통해 새로운 일상 경험을 제공하는 ‘SK텔레콤’과 함께 유망 스타트업 발굴 및 협업 연계를 위한 오픈이노베이션 프로그램을 추진하오니 많은 관심과 참여 바랍니다.
☞ SK텔레콤과 협업 희망하는 초기 단계 기술 기반하며 업력 만 7년 이내 스타트업
☞ PoC 사업화자금, 후속지원 검토 지원
- PoC 사업화자금 최대 1,500만원 지원
- SK그룹 계열사 및 파트너사 연계를 통한 추가 협력 기회 지원
- 대전창조경제혁신센터 후속 창업지원사업 연계 지원 등",창업,대전창조경제혁신센터,대전광역시,창업벤처,초기창업기업,,,,,,,사업화지원,2026-04-27,2026-05-27,,온라인 접수 (대전창조경제혁신센터),온라인 접수 (대전창조경제혁신센터),https://www.bizinfo.go.kr/sii/siia/selectSIIA200Detail.do?pblancId=PBLN_000000000121351,main,primary,2026년12기드림벤처스타지원사업모집공고dreamventurestarwithsk텔레콤,대전창조경제혁신센터,2026-04-27~2026-05-27,창업,사업화지원
biz,PBLN_000000000121350,[서울] 2026년 기후테크 오픈이노베이션 지원사업 참여기업 모집 공고,"국가녹색기술연구소 서울기후테크산업지원센터는 기후테크 산업계의 혁신 역량을 증진하고 성장 동력을 확보하기 위해「2026년 서울시 기후테크 오픈 이노베이션 지원사업」참여기업을 다음과 같이 모집하오니 관심 기업의 많은 참여 바랍니다.
☞ 서울 소재 기후 기술을 보유한 스타트업 및 중소기업
※ (서울소재) 본사/지사/사업장/연구소 중 1곳 이상 서울소재 기업 必
☞ 오픈이노베이션 지원금 지원
- 서울 소재 기후분야 스타트업ㆍ중소기업이 신기술 개발, 시장 진출 등을 위해 대ㆍ중견기업 또는 대학ㆍ연구소와의 오픈이노베이션(협업)을 발굴하고 추진하는데 필요한 비용을 지원",경영,국가녹색기술연구소,서울특별시,중소기업,중소기업,,,,,,,디자인/상품화/사업화,2026-04-23,2026-05-06,,이메일 접수(greeninfo@nigt.re.kr),이메일 접수(greeninfo@nigt.re.kr),https://www.bizinfo.go.kr/sii/siia/selectSIIA200Detail.do?pblancId=PBLN_000000000121350,main,primary,서울2026년기후테크오픈이노베이션지원사업참여기업모집공고,국가녹색기술연구소,2026-04-23~2026-05-06,경영,디자인/상품화/사업화
biz,PBLN_000000000121349,[경기] 2026년 화성산업진흥원  MD 상담회 참가기업 모집 공고,"화성산업진흥원에서 관내 생활소비재 기업의 국내 판로개척 및 거래 활성화를 지원하기 위해 「2026년 MD 상담회 지원사업」의 참가기업을 모집하고자 합니다. 많은 관심과 지원 바랍니다.
☞ 관내 본사 또는 공장 소재 생활소비재 제조기업
※ 생활소비재 범위 : 생활용품, 식품, 뷰티, 유아용품 등 B2C 거래가 가능한 완제품
☞ MD 상담회 지원
- 사전교육, 제품 품평회, MD 매칭 상담 지원
※ 자세한 지원내용 공고문 참조",판로/수출,화성산업진흥원,경기도,중소기업,중소기업,,,,,,,오프라인,2026-04-27,2026-05-20,,온라인 접수 (화성시 기업지원플랫폼),온라인 접수 (화성시 기업지원플랫폼),https://www.bizinfo.go.kr/sii/siia/selectSIIA200Detail.do?pblancId=PBLN_000000000121349,main,primary,경기2026년화성산업진흥원md상담회참가기업모집공고,화성산업진흥원,2026-04-27~2026-05-20,내수,오프라인
biz,PBLN_000000000121348,2026년 한-체코ㆍ한-중국 에너지국제공동R&D 신규지원 대상과제 공고,"2026년 한-체코,한-중국 에너지국제공동연구사업의 신규지원 대상 연구개발과제를 다음과 같이 공고하오니 해당 기술개발과제를 수행하고자 하는 자는 관련 규정에 따라 신청하여 주시기 바랍니다.
☞ 주관연구개발기관 및 공동연구개발기관
- 기업, 대학, 연구기관, 연구조합, 사업자단체, 의료기관 등 국가연구개발혁신법 제2조 제3호 및 같은 법 시행령 제2조 제1항, 에너지법 제12조 제1항 및 같은 법 시행령 제8조의2, 에너지기술개발사업 공통 운영요령 제2조 제1항 제3호, 제4호 및 제4의2호, 제8의3부터 제8의5, 제51호에 해당하는 기관
※ 자세한 지원대상 공고문 참조
☞ (한-체코공동펀딩R&D) 원자력, ESS 국제공동연구 지원
- (한-중국공동펀딩R&D) CCUS, 전력망 국제공동연구 지원",기술,한국에너지기술평가원,기후에너지환경부,중소기업,중소기업,,,,,,,공동기술개발,사업별 상이,,,온라인 접수(범부처통합연구지원시스템),온라인 접수(범부처통합연구지원시스템),https://www.bizinfo.go.kr/sii/siia/selectSIIA200Detail.do?pblancId=PBLN_000000000121348,main,primary,2026년한체코ㆍ한중국에너지국제공동rd신규지원대상과제공고,한국에너지기술평가원,사업별 상이~,기술,공동기술개발
biz,PBLN_000000000121347,[경남] 2026년 소재부품 성장 잠재기업 육성사업 수요기업 모집 공고,"한국생산기술연구원 첨단하이브리드생산기술센터에서는 동부경남지역 소재부품분야 관련 중소기업 지원 확대를 통한 지역 소재부품산업의 경쟁력 강화를 위하여, 「2026년도 경남 소재부품 성장 잠재기업 육성사업」을 아래와 같이 공고하오니, 지원을 희망하시는 관련 기업에서는 많은 참여바랍니다.
☞ 동부경남지역(양산, 창원, 김해, 밀양 등) 소재부품산업분야 중소기업
☞ 경남 소재부품 성장잠재기업 육성사업, 경남 소재부품 성장 잠재기업 육성사업(고투게더) R&D 지원
- 지원규모 사업비 50,000 천원 이내
※ 자세한 지원내용 공고문 참조",기술,한국생산기술연구원,경상남도,중소기업,중소기업,,,,,,,기술사업화/이전/지도,2026-04-23,2026-05-07,,이메일 접수 (hsb85@kitech.re.kr),이메일 접수 (hsb85@kitech.re.kr),https://www.bizinfo.go.kr/sii/siia/selectSIIA200Detail.do?pblancId=PBLN_000000000121347,main,primary,경남2026년소재부품성장잠재기업육성사업수요기업모집공고,한국생산기술연구원,2026-04-23~2026-05-07,기술,기술사업화/이전/지도
biz,PBLN_000000000121346,[경기] 이천시 2026년 도ㆍ공예기업 맞춤형 온라인 마케팅 지원사업 참여기업 모집 공고,"이천시와 경기테크노파크에서는 관내 도ㆍ공예기업 우수제품의 온라인 매출 증대와 시장 경쟁력, 자생력 강화를 위한 맞춤형 온라인 마케팅 지원사업을 다음과 같이 공고하오니 많은 기업의 참여를 바랍니다.
☞ 공고일 기준 이천시 관내 도ㆍ공예기업 사업자
☞ 맞춤형 온라인 마케팅 지원",판로/수출,경기테크노파크,경기도,중소기업,중소기업,,,,,,,홍보지원,2026-04-23,2026-05-22,,"온라인, 이메일, 방문, 우편 접수
- 접수처 : (15588) 경기도 안산시 상록구 해안로 705 (재)경기테크노파크4동(지원편의동) 3층 318호 기술사업화팀 <2026년 이천시 도공예인 맞춤형 온라인마케팅지원사업 담당자 앞>
- 이메일 : ygh6463@gtp.or.kr
- 온라인 : 경기테크노파크 성과관리시스템","온라인, 이메일, 방문, 우편 접수
- 접수처 : (15588) 경기도 안산시 상록구 해안로 705 (재)경기테크노파크4동(지원편의동) 3층 318호 기술사업화팀 <2026년 이천시 도공예인 맞춤형 온라인마케팅지원사업 담당자 앞>
- 이메일 : ygh6463@gtp.or.kr
- 온라인 : 경기테크노파크 성과관리시스템",https://www.bizinfo.go.kr/sii/siia/selectSIIA200Detail.do?pblancId=PBLN_000000000121346,main,primary,경기이천시2026년도ㆍ공예기업맞춤형온라인마케팅지원사업참여기업모집공고,경기테크노파크,2026-04-23~2026-05-22,내수,홍보지원
biz,PBLN_000000000121345,[경기] 2026년 가상융합 사업화지원 (TRACK 2 : 도쿄 XR페어 참가 지원) 연장 공고,"경기콘텐츠진흥원은 아래와 같이 ‘2026년 가상융합 기업 사업화지원’에 참여할 기업을 모집합니다. 가상융합(VR/AR/XR) 콘텐츠ㆍ서비스를 보유한 도내 스타트업 및 중소기업의 많은 관심과 참여 바랍니다.
☞ 도내 가상융합 콘텐츠ㆍ서비스 스타트업 및 중소기업
① 공고일(04.13.) 기준 현재 본점 소재지가 경기도인 법인사업자 또는 개인사업자 (※ 가상융합분야 스타트업 및 중소기업)
② 현재 상용화 완료되어 마켓에 출시되어 있으며, 해외 마켓에 판매ㆍ계약ㆍ시연ㆍ전시 가능한 가상융합(VR/AR/XR) 콘텐츠/서비스 보유 기업
③ 지원받고자 하는 콘텐츠ㆍ서비스에 대한 권리(지식재산권, 저작권 등)을 소유 기업
④ 박람회 현장 운영을 위해 최소 2인 출장이 가능한 기업
⑤ 진흥원 지원사업 관리 규칙에 따른 제재대상이 아닌 기업
※ 자세한 지원대상 공고문 참조
☞ 해외 전시 참가 지원
- 부스 참가지원, 비즈니스 프로그램 지원(통역, 사전간담회 등) 지원",경영,경기콘텐츠진흥원,경기도,중소기업,중소기업,,,,,,,디자인/상품화/사업화,2026-04-24,2026-04-30,,온라인 접수(경기콘텐츠진흥원),온라인 접수(경기콘텐츠진흥원),https://www.bizinfo.go.kr/sii/siia/selectSIIA200Detail.do?pblancId=PBLN_000000000121345,main,primary,경기2026년가상융합사업화지원track2도쿄xr페어참가지원연장공고,경기콘텐츠진흥원,2026-04-24~2026-04-30,경영,디자인/상품화/사업화
biz,PBLN_000000000121344,2026년 패션 디자이너 브랜드 스케일업 지원 참가사 모집 공고,"패션 콘텐츠 제작, 홍보ㆍ마케팅 지원을 통한 성장기 디자이너 브랜드 인지도 제고 및 유통 역량 강화를 도모해드리는 사업입니다.
☞ 창업 5년 초과이며 연 매출 5억 원 이상의 국내 패션 디자이너 브랜드 ※ 하단 조건을 모두 충족해야 함
- 국내 디자이너 패션 브랜드
- 사업자등록증 상 창업일이 2021. 2. 28. 이전인 사업자(브랜드)
- 2025년 매출 실적 5억원 이상인 사업자(브랜드) ※ 사업자별 매출액 합산 불가
- 공정거래위원회 기준 대기업 및 계열사에 해당하지 않는 사업자(브랜드)
- 한국콘텐츠진흥원 지원과제 참가기준(지원요건)에 부합하는 사업자(브랜드)
※ 자세한 지원대상 공고문 참조
☞ 패션 디자이너 브랜드 스케일업 프로그램 참가 지원",경영,한국콘텐츠진흥원,문화체육관광부,중소기업,중소기업,,,,,,,디자인/상품화/사업화,2026-04-23,2026-05-14,,온라인 접수 (한국콘텐츠진흥원 사업관리시스템),온라인 접수 (한국콘텐츠진흥원 사업관리시스템),https://www.bizinfo.go.kr/sii/siia/selectSIIA200Detail.do?pblancId=PBLN_000000000121344,main,primary,2026년패션디자이너브랜드스케일업지원참가사모집공고,한국콘텐츠진흥원,2026-04-23~2026-05-14,경영,디자인/상품화/사업화
biz,PBLN_000000000121343,[경북] 2026년 방위 R&D Spin-On 방산기업 시제품 고도화 지원 및 과제기획지원 참여기업 모집 공고,"경북산학융합원에서는 방산기업이 보유한 핵심기술을 기반으로 시제품ㆍ실증단계까지 제품 고도화에 도움을 드리고자「방산기업 제품 고도화 지원사업」을 다음과 같이 공고하오니 많은 참여를 바랍니다.
☞ 지역 내 방위산업 관련 전ㆍ후방기업
☞ 제품 고도화 지원, 과제기획 지원",기술,경북산학융합원,경상북도,중소기업,중소기업,,,,,,,기술사업화/이전/지도,2026-04-24,2026-05-15,,이메일 접수(ydh0208@giaci.or.kr),이메일 접수(ydh0208@giaci.or.kr),https://www.bizinfo.go.kr/sii/siia/selectSIIA200Detail.do?pblancId=PBLN_000000000121343,main,primary,경북2026년방위rdspinon방산기업시제품고도화지원및과제기획지원참여기업모집공고,경북산학융합원,2026-04-24~2026-05-15,기술,기술사업화/이전/지도
biz,PBLN_000000000121342,2026년 콘텐츠 피칭 플랫폼 케이녹(KNOCK) 정규라운드 참가기업 모집 공고,"한국콘텐츠진흥원에서 민간 투자자 연계를 통한 우수 콘텐츠 발굴ㆍ육성 및 투자 유치를 지원해드리는 사업입니다.
☞ 투자유치 지원을 희망하는 국내 콘텐츠 기업(법인사업자)
- 콘텐츠 기업 : 문화콘텐츠 분야(게임, 방송, 애니메이션, 영화, 음악, 공연, 만화, 출판, 캐릭터 9개 분야)에서 콘텐츠 기획ㆍ개발ㆍ제작ㆍ생산ㆍ유통ㆍ소비 및 관련 서비스 등을 제공하는 기업
※ 자세한 지원대상 공고문 참조
☞ 투자유치 역량강화, IR 피칭, 투자연계 등 지원
※ 자세한 지원내용 공고문 참조",자금,한국콘텐츠진흥원,문화체육관광부,중소기업,중소기업,,,,,,,펀드/투자,2026-04-21,2026-05-08,,온라인 접수 (KOCCA 사업관리시스템),온라인 접수 (KOCCA 사업관리시스템),https://www.bizinfo.go.kr/sii/siia/selectSIIA200Detail.do?pblancId=PBLN_000000000121342,main,primary,2026년콘텐츠피칭플랫폼케이녹knock정규라운드참가기업모집공고,한국콘텐츠진흥원,2026-04-21~2026-05-08,금융,펀드/투자
biz,PBLN_000000000121341,2026년 데이터 마케팅 컨설팅 지원 사업 참여 출판사 모집 연장 공고(중소출판 도약부문 마케팅지원),"데이터 기반 출판 기획ㆍ마케팅 전략 수립 지원을 위한 「2026년 데이터 마케팅 컨설팅 지원사업」을 다음과 같이 공고합니다. 출판 관계자 여러분의 많은 관심과 참여 부탁 드립니다. 
☞ 접수 마감일 기준 창업 7년 초과 출판사
※ 자세한 지원대상 공고문 참조
☞ 데이터 분석 전문가(업체) 통해 데이터 기반 출판 시장, 선정 출판사 주력 분야 시장, 판매ㆍ독자ㆍ도서관 데이터 등 통해 마케팅 전략방향 제시 지원",경영,한국출판문화산업진흥원,문화체육관광부,창업벤처,초기창업기업,,,,,,,컨설팅,2026-04-21,2026-05-06,,이메일 접수 (dlrhdms73@kpipa.or.kr),이메일 접수 (dlrhdms73@kpipa.or.kr),https://www.bizinfo.go.kr/sii/siia/selectSIIA200Detail.do?pblancId=PBLN_000000000121341,main,primary,2026년데이터마케팅컨설팅지원사업참여출판사모집연장공고중소출판도약부문마케팅지원,한국출판문화산업진흥원,2026-04-21~2026-05-06,경영,컨설팅
biz,PBLN_000000000121340,2026년 컨셉코리아 연합 패션쇼 개최 지원 참가 브랜드 모집 공고,"국내 패션 디자이너 브랜드의 전략적 해외시장 진출 지원 통한 K-패션 인지도 확대 및 글로벌 경쟁력 강화를 도모해드리는 사업입니다.
☞ 국내 디자이너패션 브랜드(아래의 조건을 모두 충족해야 함)
- 국내 디자이너패션 브랜드(의류)
- 4시즌 이상 컬렉션 제작 및 국내외 세일즈 경험이 있는 브랜드
- 2025년 매출 3억 원 이상인 브랜드
- 한국콘텐츠진흥원 지원과제 참가기준(지원요건)에 부합하는 사업자(브랜드)
※ 자세한 지원대상 공고문 참조
☞ 시즌별(S/S, F/W) 연합 패션쇼 개최 및 국내외 비즈니스, 홍보 지원",판로/수출,한국콘텐츠진흥원,문화체육관광부,중소기업,중소기업,,,,,,,해외진출,2026-04-22,2026-05-18,,온라인 접수 (한국콘텐츠진흥원 사업관리시스템),온라인 접수 (한국콘텐츠진흥원 사업관리시스템),https://www.bizinfo.go.kr/sii/siia/selectSIIA200Detail.do?pblancId=PBLN_000000000121340,main,primary,2026년컨셉코리아연합패션쇼개최지원참가브랜드모집공고,한국콘텐츠진흥원,2026-04-22~2026-05-18,수출,해외진출
biz,PBLN_000000000121339,[경남] 2026년 지역기업 성장사다리 지원사업 통합 공고,"2026년 중소벤처기업부와 경상남도가 지원하는 지역기업 성장사다리 지원사업 수행자로 지정된 경남테크노파크에서 지원대상별 지원 프로그램을 안내하오니, 지원 프로그램별 참여를 희망하는 경남지역 중소기업의 많은 신청 바랍니다.
☞ 사업자등록증 상 본사가 해당 지역 내 소재하며, 경남지역 주력산업 분야 KSIC 코드(첨부 확인) 보유 중소기업
※ 자세한 지원대상 공고문 참조
☞ 초기기업, 잠재기업, 예비선도기업, 선도기업, 수출지원 
※ 각 대상별 지원내용이 상이하므로 자세한 지원내용 공고문 참조",경영,경남테크노파크,경상남도,중소기업,중소기업,,,,,,,디자인/상품화/사업화,2026-04-22,2026-05-08,,"온라인 접수(기업지원사업 관리시스템)
※ 자세한 신청방법 공고문 참조","온라인 접수(기업지원사업 관리시스템)
※ 자세한 신청방법 공고문 참조",https://www.bizinfo.go.kr/sii/siia/selectSIIA200Detail.do?pblancId=PBLN_000000000121339,main,primary,경남2026년지역기업성장사다리지원사업통합공고,경남테크노파크,2026-04-22~2026-05-08,경영,디자인/상품화/사업화
biz,PBLN_000000000121338,[경북] 상주시 2026년 소상공인 카드수수료 지원사업 참여점포 모집 공고,"경상북도경제진흥원에서는 국내외 경기침체로 어려움을 겪고 있는 소상공인들을 위한 ‘소상공인 카드수수료 지원사업’ 참여점포를 다음과 같이 모집하오니 많은 신청 부탁드립니다.
☞ 전년도(‘25년) 연매출액 2억원 이하인 소상공인
※ 매출액은 부가가치세과세표준증명원 혹은 면세사업자수입금액증명원을 기준으로 함
☞ 전년도 카드매출액의 0.4% 지원(업체당 최저 5만원 최대 40만원 이내)
※ 지원금 산정방법 : ’25년 카드 매출액 / 1.1 * 0.4%",경영,경상북도경제진흥원,경상북도,소상공인,소상공인,,,,,,,디자인/상품화/사업화,예산 소진시까지,,,"온라인 접수 및 방문 접수
- 온라인 : 행복카드.kr
- 접수처
ㆍ읍, 면, 동 행정복지센터
ㆍ 경상북도경제진흥원 4층 민생경제지원팀(구미시 이계북로 7)
ㆍ 상주시 소상공인연합회(상주시 왕산로 219-13, 1층)
※ 방문접수ㆍ팩스 등의 방법으로 제출 시 순번이 늦어질 수 있습니다.","온라인 접수 및 방문 접수
- 온라인 : 행복카드.kr
- 접수처
ㆍ읍, 면, 동 행정복지센터
ㆍ 경상북도경제진흥원 4층 민생경제지원팀(구미시 이계북로 7)
ㆍ 상주시 소상공인연합회(상주시 왕산로 219-13, 1층)
※ 방문접수ㆍ팩스 등의 방법으로 제출 시 순번이 늦어질 수 있습니다.",https://www.bizinfo.go.kr/sii/siia/selectSIIA200Detail.do?pblancId=PBLN_000000000121338,main,primary,경북상주시2026년소상공인카드수수료지원사업참여점포모집공고,경상북도경제진흥원,예산 소진시까지~,경영,디자인/상품화/사업화
biz,PBLN_000000000121337,콘텐츠 해외 투자유치 지원 프로그램 U-KNOCK 2026 in Japan 참가기업 모집 공고,"문화체육관광부와 한국콘텐츠진흥원에서 IP/엔터 기반 콘텐츠 기업을 대상으로 U-KNOCK 파트너스 투자연계 기반 콘텐츠 전문 해외 IR 프로그램을 지원해드리는 사업입니다.
☞ IP/엔터 기반 콘텐츠 기업
- 원천 IP(Track A) : 원천 IP 보유기업(웹툰, 웹소설, 캐릭터IP, 라이선싱 등)
- 영상/콘텐츠 (Track B) : 영상ㆍ콘텐츠 기업(드라마, 영화, 애니메이션, 예능, 게임, AI기반  영상 콘텐츠 등)
- 엔터/팬덤 (Track C) : 엔터ㆍ팬덤 사업 영위 기업(K-Pop, 라이브공연, 팬덤플랫폼 등)
☞ 파트너스 및 투자사 매칭, 상시 및 현지 IR 및 네트워크, 이동비 지원
※ 자세한 지원내용 공고문 참조",판로/수출,한국콘텐츠진흥원,문화체육관광부,중소기업,중소기업,,,,,,,해외진출,2026-04-27,2026-05-11,,온라인 접수 (KOCCA 사업관리시스템),온라인 접수 (KOCCA 사업관리시스템),https://www.bizinfo.go.kr/sii/siia/selectSIIA200Detail.do?pblancId=PBLN_000000000121337,main,primary,콘텐츠해외투자유치지원프로그램uknock2026injapan참가기업모집공고,한국콘텐츠진흥원,2026-04-27~2026-05-11,수출,해외진출
biz,PBLN_000000000121336,[경북] 칠곡군 2026년 소상공인 카드수수료 지원사업 참여점포 모집 공고,"경상북도경제진흥원에서는 국내외 경기침체로 어려움을 겪고 있는 소상공인들을 위한 ‘소상공인 카드수수료 지원사업’ 참여점포를 다음과 같이 모집하오니 많은 신청 부탁드립니다.
☞ ’25년도 연매출액이 1억 원 이하이며,사업자등록증 상의 소재지가 칠곡군인 소상공인
※ 매출액은 부가가치세과세표준증명원 혹은 면세사업자수입금액증명원을 기준으로 함
☞ 전년도 카드매출액의 0.4% 지원
- 업체당 최저 5만원 최대 40만원 한도
※ 지원금 산정방법 : ’25년 카드 매출액 / 1.1 * 0.4%",경영,경상북도경제진흥원,경상북도,소상공인,소상공인,,,,,,,디자인/상품화/사업화,예산 소진시까지,,,"온라인 접수 및 방문 접수
- 온라인 : 행복카드.kr
- 접수처
ㆍ읍, 면, 동 행정복지센터
ㆍ 경상북도경제진흥원 4층 민생경제지원팀(구미시 이계북로 7)
ㆍ 칠곡군 소상공인연합회(칠곡군 왜관읍 석전로 157-2)","온라인 접수 및 방문 접수
- 온라인 : 행복카드.kr
- 접수처
ㆍ읍, 면, 동 행정복지센터
ㆍ 경상북도경제진흥원 4층 민생경제지원팀(구미시 이계북로 7)
ㆍ 칠곡군 소상공인연합회(칠곡군 왜관읍 석전로 157-2)",https://www.bizinfo.go.kr/sii/siia/selectSIIA200Detail.do?pblancId=PBLN_000000000121336,main,primary,경북칠곡군2026년소상공인카드수수료지원사업참여점포모집공고,경상북도경제진흥원,예산 소진시까지~,경영,디자인/상품화/사업화
biz,PBLN_000000000121335,[광주] 2026년 지역기업 성장사다리 지원사업 통합 공고(일반기업),"2026년도 중소벤처기업부와 광주광역시가 지원하는 지역기업 성장사다리 지원사업 수행자로 지정된 (재)광주테크노파크에서 지원대상별 지원 프로그램을 안내하오니, 해당 프로그램 참여를 희망하는 광주 지역 중소기업의 많은 신청 바랍니다.
☞ 사업자등록증 상 본사가 광주지역 내 소재하며, 광주지역 주력산업분야(바이오, 에너지, 모빌리티)를 영위하는 중소기업
- 잠재기업 : 공고일 기준 지역 내 창업기업 및 BI 이후 10년 이내 성장기업
- 자율기획(수출,투자)기업 : 공고일 기준 수출 및 상장(IPO) 준비 기업
※ 지원사업별 지원대상 상이
☞ 잠재기업(실증트랙) : 기획지원, 시장분석, 제품고급화, 마케팅(최대 15백만원 이내) 지원
- 잠재기업(POST-BI기업지원트랙) : 기획지원, 시장분석, 특허분석, 인증, 기술, 제품고급화, 마케팅, 전시참가(최대 10백만원 이내) 지원
- 잠재기업(POST-BIAI연계트랙) : 기획지원, DX개발, 특허분석, 인증, 기술, 컨설팅, 마케팅, AI융합, 법률자문 지원
- 수출ㆍ투자 기업 : 투자(상장) 트랙, 수출 트랙 지원
※ 지원대상별 지원프로그램 상이",경영,광주테크노파크,중소벤처기업부,중소기업,중소기업,,,,,,,디자인/상품화/사업화,2026-04-22,2026-05-08,,온라인 접수 (기업지원사업 관리시스템),온라인 접수 (기업지원사업 관리시스템),https://www.bizinfo.go.kr/sii/siia/selectSIIA200Detail.do?pblancId=PBLN_000000000121335,main,primary,광주2026년지역기업성장사다리지원사업통합공고일반기업,광주테크노파크,2026-04-22~2026-05-08,경영,디자인/상품화/사업화
biz,PBLN_000000000121334,[경북] 의성군 2026년 소상공인 카드수수료 지원사업 참여점포 모집 공고,"경상북도경제진흥원에서는 국내외 경기침체로 어려움을 겪고 있는 소상공인들을 위한 ‘소상공인 카드수수료 지원사업’ 참여점포를 다음과 같이 모집하오니 많은 신청 부탁드립니다.
☞ ’25년도 연매출액이 1억 원 이하이며,사업자등록증 상의 소재지가 의성군인 소상공인
※ 매출액은 부가가치세과세표준증명원 혹은 면세사업자수입금액증명원을 기준으로 함
☞ 전년도 카드매출액의 0.4% 지원
- 업체당 최저 5만원 최대 40만원 한도
※ 지원금 산정방법 : ’25년 카드 매출액 / 1.1 * 0.4%",경영,경상북도경제진흥원,경상북도,소상공인,소상공인,,,,,,,디자인/상품화/사업화,예산 소진시까지,,,"온라인 접수 및 방문 접수
- 온라인 : 행복카드.kr
- 접수처
ㆍ읍, 면, 동 행정복지센터
ㆍ 경상북도경제진흥원 4층 민생경제지원팀(구미시 이계북로 7)
ㆍ 의성군 소상공인연합회(의성군 의성읍 중앙길 54)","온라인 접수 및 방문 접수
- 온라인 : 행복카드.kr
- 접수처
ㆍ읍, 면, 동 행정복지센터
ㆍ 경상북도경제진흥원 4층 민생경제지원팀(구미시 이계북로 7)
ㆍ 의성군 소상공인연합회(의성군 의성읍 중앙길 54)",https://www.bizinfo.go.kr/sii/siia/selectSIIA200Detail.do?pblancId=PBLN_000000000121334,main,primary,경북의성군2026년소상공인카드수수료지원사업참여점포모집공고,경상북도경제진흥원,예산 소진시까지~,경영,디자인/상품화/사업화
biz,PBLN_000000000121333,[경기] 부천시 2026년 대만 K-뷰티엑스포 전시회 참가기업 모집 공고,"부천산업진흥원에서는 부천시 화장품 산업의 경쟁력 강화를 위해 전문 전시회 참가를 지원하고, 해외 판로개척 및 비즈니스 성과 창출을 도모하고자 하오니 관심있는 기업의 많은 참여 바랍니다.
☞ 부천시 소재 뷰티 및 화장품관련산업 분야 중소제조기업, 부천시화장품기업협의회 가입기업
- 전시품목 : 화장품, 헤어, 네일, 향수 등 뷰티 관련 등
☞ 부스임차료 및 장치비 90%(1부스 기준), 통역, 편도운송료(70만원한도), 기타 운영 등 지원",판로/수출,부천산업진흥원,경기도,중소기업,중소기업,,,,,,,해외진출준비,2026-04-23,2026-05-08,,온라인 접수(부천산업진흥원),온라인 접수(부천산업진흥원),https://www.bizinfo.go.kr/sii/siia/selectSIIA200Detail.do?pblancId=PBLN_000000000121333,main,primary,경기부천시2026년대만k뷰티엑스포전시회참가기업모집공고,부천산업진흥원,2026-04-23~2026-05-08,수출,해외진출준비
biz,PBLN_000000000121332,[광주] 2026년 지역기업 성장사다리 지원사업 통합 공고(지정기업),"2026년도 중소벤처기업부와 광주광역시가 지원하는 지역기업 성장사다리 지원사업 수행자로 지정된 (재)광주테크노파크에서 지원대상별 지원 프로그램을 안내하오니, 해당 프로그램 참여를 희망하는 광주 지역 중소기업의 많은 신청 바랍니다.
☞ 지원사업별 지원대상 상이
- 잠재기업(지역R&D전용) : 25년 지역혁신선도기업육성(R&D) 내역사업2(지역기업 역량강화) 선정기업
- 스타기업 : 공고일 기준 광주지역 스타기업 지정 기업 + 지역특화프로젝트(1.0, 2.0) 레전드50+ 참여기업 선정된 기업
- 지역혁신선도기업 : 공고일 기준 광주 지역 혁신 선도 기업 지정 기업
- 초광역선도기업 : 공고일 기준 초광역선도기업 지정 기업
☞ 지원대상별 지원프로그램 상이
- 잠재기업(지역R&D전용) : 시제품제작, 지적재산권, 인증ㆍ시험분석(국내ㆍ국외), 컨설팅, 디자인 등 지원
- 스타기업 : 컨설팅, 시제품제작, 지적재산권, 마케팅, 제품 고급화, 공동 수출지원 등 지원
- 지역혁신선도기업 : 컨설팅(PM지원), 기술협업(기술지원), 거래협업(사업화지원) 지원
- 초광역선도기업 : 컨설팅(PM지원), 기술협업(기술지원), 거래협업(사업화지원) 지원",경영,광주테크노파크,중소벤처기업부,중소기업,중소기업,,,,,,,디자인/상품화/사업화,2026-04-22,2026-05-08,,온라인 접수 (기업지원사업 관리시스템),온라인 접수 (기업지원사업 관리시스템),https://www.bizinfo.go.kr/sii/siia/selectSIIA200Detail.do?pblancId=PBLN_000000000121332,main,primary,광주2026년지역기업성장사다리지원사업통합공고지정기업,광주테크노파크,2026-04-22~2026-05-08,경영,디자인/상품화/사업화
biz,PBLN_000000000121331,[울산] 2026년 지역기업 판로개척 패키지 지원사업 기술개발인증 지원사업 모집 공고,"신기술 제품의 우선구매 경쟁력 강화를 통한 지역기업 공공조달 판로개척을 지원하는「지역기업 판로개척 패키지 지원사업 기술개발 인증지원」참여기업을 다음과 같이 모집합니다.
☞ 공고일 기준 기술개발제품 인증 및 조달가점, 법정의무인증을 취득하였거나 연내 취득가능한 울산 소재 중소기업 
☞ 인증획득 또는 시험비 실비의 80% 지원
- 기술개발제품 인증지원 : 기업당 10백만원 이내
- 조달가점, 법정의무인증, 시험비 지원 : 기업당 5백만원 이내",기술,울산경제일자리진흥원,울산광역시,중소기업,중소기업,,,,,,,시험/인증,2026-04-23,2026-05-14,,온라인 접수 (울산통상지원시스템),온라인 접수 (울산통상지원시스템),https://www.bizinfo.go.kr/sii/siia/selectSIIA200Detail.do?pblancId=PBLN_000000000121331,main,primary,울산2026년지역기업판로개척패키지지원사업기술개발인증지원사업모집공고,울산경제일자리진흥원,2026-04-23~2026-05-14,기술,시험/인증
biz,PBLN_000000000121330,[경북] 성주군 2026년 소상공인 카드수수료 지원사업 참여점포 모집 공고,"경상북도경제진흥원에서는 국내외 경기침체로 어려움을 겪고 있는 소상공인들을 위한 ‘소상공인 카드수수료 지원사업’ 참여점포를 다음과 같이 모집하오니 많은 신청 부탁드립니다.
☞ ’25년도 연매출액이 1억 원 이하이며,사업자등록증 상의 소재지가 성주군인 소상공인
※ 매출액은 부가가치세과세표준증명원 혹은 면세사업자수입금액증명원을 기준으로 함
☞ 전년도 카드매출액의 0.4% 지원
- 업체당 최저 5만원 최대 40만원 한도
※ 지원금 산정방법 : ’25년 카드 매출액 / 1.1 * 0.4%",경영,경상북도경제진흥원,경상북도,소상공인,소상공인,,,,,,,디자인/상품화/사업화,예산 소진시까지,,,"온라인 접수 및 방문 접수
- 온라인 : 행복카드.kr
- 접수처
ㆍ읍, 면, 동 행정복지센터
ㆍ 경상북도경제진흥원 4층 민생경제지원팀(구미시 이계북로 7)
ㆍ 경상북도소상공인연합회(경주시 동천로 24, 2층)","온라인 접수 및 방문 접수
- 온라인 : 행복카드.kr
- 접수처
ㆍ읍, 면, 동 행정복지센터
ㆍ 경상북도경제진흥원 4층 민생경제지원팀(구미시 이계북로 7)
ㆍ 경상북도소상공인연합회(경주시 동천로 24, 2층)",https://www.bizinfo.go.kr/sii/siia/selectSIIA200Detail.do?pblancId=PBLN_000000000121330,main,primary,경북성주군2026년소상공인카드수수료지원사업참여점포모집공고,경상북도경제진흥원,예산 소진시까지~,경영,디자인/상품화/사업화
biz,PBLN_000000000121328,[경북] 김천시 2026년 소상공인 카드수수료 지원사업 참여점포 모집 공고,"경상북도경제진흥원에서는 국내외 경기침체로 어려움을 겪고 있는 소상공인들을 위한 ‘소상공인 카드수수료 지원사업’ 참여점포를 다음과 같이 모집하오니 많은 신청 부탁드립니다.
☞ ’25년도 연매출액이 1억 원 이하이며,사업자등록증 상의 소재지가 김천시인 소상공인
※ 매출액은 부가가치세과세표준증명원 혹은 면세사업자수입금액증명원을 기준으로 함
☞ 전년도 카드매출액의 0.4% 지원
- 업체당 최저 5만원 최대 40만원 한도
※ 지원금 산정방법 : ’25년 카드 매출액 / 1.1 * 0.4%",경영,경상북도경제진흥원,경상북도,소상공인,소상공인,,,,,,,디자인/상품화/사업화,예산 소진시까지,,,"온라인 접수 및 방문 접수
- 온라인 : 행복카드.kr
- 접수처
ㆍ읍, 면, 동 행정복지센터
ㆍ 경상북도경제진흥원 4층 민생경제지원팀(구미시 이계북로 7)
ㆍ 경상북도소상공인연합회(경주시 동천로 24, 2층)","온라인 접수 및 방문 접수
- 온라인 : 행복카드.kr
- 접수처
ㆍ읍, 면, 동 행정복지센터
ㆍ 경상북도경제진흥원 4층 민생경제지원팀(구미시 이계북로 7)
ㆍ 경상북도소상공인연합회(경주시 동천로 24, 2층)",https://www.bizinfo.go.kr/sii/siia/selectSIIA200Detail.do?pblancId=PBLN_000000000121328,main,primary,경북김천시2026년소상공인카드수수료지원사업참여점포모집공고,경상북도경제진흥원,예산 소진시까지~,경영,디자인/상품화/사업화
biz,PBLN_000000000121327,[경북] 상주시 2026년 일자리 공감페이 지원사업 참여기업 모집 공고,"경상북도경제진흥원에서는 상주시 소재 중소기업의 취업 지원금 지급으로 우수인력 확보 및 장기 재직 지원을 통한 지역경제 활성화를 도모하고자 「2026년 상주형 일자리 공감페이 지원사업」 참여기업을 모집하오니 많은 참여 바랍니다.
☞ 상주시 소재 사업장을 가동 중인 상시근로자 5인 이상 기업
☞ 일자리 창출 우수기업 인센티브(기업당 최대 10백만원 이내) 지원
※ 자세한 지원내용 공고문 참조",인력/일자리,경상북도경제진흥원,경상북도,중소기업,중소기업,,,,,,,작업환경개선,예산 소진시까지,,,이메일 접수 (jungheon.ha@gepa.kr),이메일 접수 (jungheon.ha@gepa.kr),https://www.bizinfo.go.kr/sii/siia/selectSIIA200Detail.do?pblancId=PBLN_000000000121327,main,primary,경북상주시2026년일자리공감페이지원사업참여기업모집공고,경상북도경제진흥원,예산 소진시까지~,인력,작업환경개선
biz,PBLN_000000000121326,[경북] 고령군 2026년 소상공인 카드수수료 지원사업 참여점포 모집 공고,"경상북도경제진흥원에서는 국내외 경기침체로 어려움을 겪고 있는 소상공인들을 위한 ‘소상공인 카드수수료 지원사업’ 참여점포를 다음과 같이 모집하오니 많은 신청 부탁드립니다.
☞ ’25년도 연매출액이 1억 원 이하이며,사업자등록증 상의 소재지가 고령군인 소상공인
※ 매출액은 부가가치세과세표준증명원 혹은 면세사업자수입금액증명원을 기준으로 함
☞ 전년도 카드매출액의 0.4% 지원
- 업체당 최저 5만원 최대 40만원 한도
※ 지원금 산정방법 : ’25년 카드 매출액 / 1.1 * 0.4%",경영,경상북도경제진흥원,경상북도,소상공인,소상공인,,,,,,,디자인/상품화/사업화,예산 소진시까지,,,"온라인 접수 및 방문 접수
- 온라인 : 행복카드.kr
- 접수처
ㆍ읍, 면, 동 행정복지센터
ㆍ 경상북도경제진흥원 4층 민생경제지원팀(구미시 이계북로 7)
ㆍ 경상북도소상공인연합회(경주시 동천로 24, 2층)","온라인 접수 및 방문 접수
- 온라인 : 행복카드.kr
- 접수처
ㆍ읍, 면, 동 행정복지센터
ㆍ 경상북도경제진흥원 4층 민생경제지원팀(구미시 이계북로 7)
ㆍ 경상북도소상공인연합회(경주시 동천로 24, 2층)",https://www.bizinfo.go.kr/sii/siia/selectSIIA200Detail.do?pblancId=PBLN_000000000121326,main,primary,경북고령군2026년소상공인카드수수료지원사업참여점포모집공고,경상북도경제진흥원,예산 소진시까지~,경영,디자인/상품화/사업화
biz,PBLN_000000000121325,[경북] 경산시 2026년 소상공인 카드수수료 지원사업 참여점포 모집 공고,"경상북도경제진흥원에서는 국내외 경기침체로 어려움을 겪고 있는 소상공인들을 위한 ‘소상공인 카드수수료 지원사업’ 참여점포를 다음과 같이 모집하오니 많은 신청 부탁드립니다.
☞ ’25년도 연매출액이 1억 원 이하이며,사업자등록증 상의 소재지가 경산시인 소상공인
※ 매출액은 부가가치세과세표준증명원 혹은 면세사업자수입금액증명원을 기준으로 함
☞ 전년도 카드매출액의 0.4% 지원
- 업체당 최저 5만원 최대 40만원 한도
※ 지원금 산정방법 : ’25년 카드 매출액 / 1.1 * 0.4%",경영,경상북도경제진흥원,경상북도,소상공인,소상공인,,,,,,,디자인/상품화/사업화,예산 소진시까지,,,"온라인 접수 및 방문 접수
- 온라인 : 행복카드.kr
- 접수처
ㆍ읍, 면, 동 행정복지센터
ㆍ 경상북도경제진흥원 4층 민생경제지원팀(구미시 이계북로 7)
ㆍ 경산시 소상공인연합회(경산시 삼풍로 27, 경북테크노파크 본원 4층)","온라인 접수 및 방문 접수
- 온라인 : 행복카드.kr
- 접수처
ㆍ읍, 면, 동 행정복지센터
ㆍ 경상북도경제진흥원 4층 민생경제지원팀(구미시 이계북로 7)
ㆍ 경산시 소상공인연합회(경산시 삼풍로 27, 경북테크노파크 본원 4층)",https://www.bizinfo.go.kr/sii/siia/selectSIIA200Detail.do?pblancId=PBLN_000000000121325,main,primary,경북경산시2026년소상공인카드수수료지원사업참여점포모집공고,경상북도경제진흥원,예산 소진시까지~,경영,디자인/상품화/사업화
biz,PBLN_000000000121324,[서울ㆍ부산ㆍ울산ㆍ경남ㆍ강원] 제조물책임(PL)보험료 지원사업 공고,"중소기업중앙회는 지자체와 함께 중소기업의 제조물책임 리스크 대비와 보험료 부담 경감 등을 위하여「2026년 중소기업 제조물책임(PL)보험료 지원사업」을 다음과 같이 시행하오니 기한 내 신청하시기 바랍니다.
☞ 증권상 사업장 소재지가 서울, 부산, 울산, 경남, 강원인 중소기업중앙회 PL단체보험 가입 중소기업 
※ 단, 2026년 1~3월 중에 보험료를 납부하고 계약을 유지중인 업체
※ 자세한 지원대상 공고문 참조
☞  PL보험 가입시 납부한 보험료의 10~30%이내 지원(업체당 최대 100~200만원 한도이내)
※ 지역별 지원내용 상이 지원신청서 참조
※ 붙임 지원신청서 참조(다른사업과의 중복지원 불가)",경영,중소기업중앙회,서울특별시,중소기업,중소기업,,,,,,,디자인/상품화/사업화,2026-04-23,2026-05-08,,"팩스, 이메일 접수
- 이메일 : pl@kbiz.or.kr
- 팩스 : 0502-397-0200","팩스, 이메일 접수
- 이메일 : pl@kbiz.or.kr
- 팩스 : 0502-397-0200",https://www.bizinfo.go.kr/sii/siia/selectSIIA200Detail.do?pblancId=PBLN_000000000121324,main,primary,서울ㆍ부산ㆍ울산ㆍ경남ㆍ강원제조물책임pl보험료지원사업공고,중소기업중앙회,2026-04-23~2026-05-08,경영,디자인/상품화/사업화
biz,PBLN_000000000121323,[광주] 2026년 말레이시아 K-소비재 유통망 입점 사업 모집 공고,"광주광역시와 KOTRA광주전남지원본부는 관내 중소기업의 수출 확대 및 시장 다변화를 위해 「2026 광주광역시 말레이시아 K-소비재 유통망 입점」 계획을 아래와 같이 공고하오니 많은 참가 바랍니다.
☞ 광주광역시 소재(본사 또는 공장) 수출유망 중소기업
- 2025년도 수출 실적 2,000만$ 이하 중소기업
☞ 수출상담회, 유통망 입점 및 판촉 지원
- 바이어 발굴, 상담장 임차, 통역, 항공료(50~70%, 참여횟수별 차등지원)현지 유통망 입점 및 판촉 지원(무역관 수용 시)",판로/수출,KOTRA광주전남지원본부,산업통상부,중소기업,중소기업,,,,,,,시장개척,2026-04-22,2026-05-01,,"이메일 접수 (kotragj@kotra.or.kr)
※ 메일 발송 후 확인 전화 필수","이메일 접수 (kotragj@kotra.or.kr)
※ 메일 발송 후 확인 전화 필수",https://www.bizinfo.go.kr/sii/siia/selectSIIA200Detail.do?pblancId=PBLN_000000000121323,main,primary,광주2026년말레이시아k소비재유통망입점사업모집공고,kotra광주전남지원본부,2026-04-22~2026-05-01,수출,시장개척
biz,PBLN_000000000121322,2026년 과학기술정보통신부 차세대 특화망 융합서비스 확산 사업 재공고,"과학기술정보통신부와 한국방송통신전파진흥원은 全산업분야의 디지털ㆍ인공지능 전환 촉진을 통한 국내 산업 경쟁력 제고를 위해「2026년 차세대 특화망 융합서비스 산업 확산」 사업을 다음과 같이 재공고하오니 많은 관심과 참여 바랍니다.
☞ 차세대 특화망을 활용하여 민간ㆍ산업 분야에 융합서비스 개발 및 선도 적용을 위한 공급기업ㆍ기관과 수요기업ㆍ기관 간 컨소시엄
※ 자세한 지원대상 공고문 참조
☞ 2개 과제, 총 8억원 이내 지원
- (코어 공유형) 수요기업 간 코어 공유형 차세대 특화망 구축 및 운영 실증
- (동일 구축모델 적용형) 2개 수요기업별 독립 코어 기반으로 동일한 망 구축모델을 적용하는 특화망 구축 및 운영 실증
- 총 4억원 이내 지원(수요기업 2개 선정, 기업 당 2억원 매칭지원)",기술,한국방송통신전파진흥원,과학기술정보통신부,중소기업,중소기업,,,,,,,공동기술개발,2026-04-23,2026-05-04,,온라인 접수 (KCA 이음5G지원포털),온라인 접수 (KCA 이음5G지원포털),https://www.bizinfo.go.kr/sii/siia/selectSIIA200Detail.do?pblancId=PBLN_000000000121322,main,primary,2026년과학기술정보통신부차세대특화망융합서비스확산사업재공고,한국방송통신전파진흥원,2026-04-23~2026-05-04,기술,공동기술개발
biz,PBLN_000000000121321,[광주] 북구 2026년 중소기업 판로개척 바우처 지원사업 참가업체 모집 공고,"광주광역시 북구와 (재)광주경제진흥상생일자리재단에서는 북구 중소기업의 경쟁력 강화와 판로개척을 위해 「북구 중소기업 판로개척 바우처 지원사업」에 참여할 업체를 아래와 같이 모집하오니, 관심 있는 기업들의 많은 참여 바랍니다.
☞ 전년도 수출 2,000만불 이하 북구 관내 중소기업
☞ 기업이 자율ㆍ복수선택 가능한 판로개척 사업 5종 중 최대 2종 선택(기업당 6,000천원 한도 내) 지원
- 수출기업 홍보물, 통ㆍ번역, 국내외 전시 박람회 개별참가, 국내외 규격인증, 해외물류비 지원",판로/수출,광주경제진흥상생일자리재단,광주광역시,중소기업,중소기업,,,,,,,시장개척,2026-04-17,2026-05-15,,"이메일 접수 (gepa2622@naver.com)
 ※ 이메일 접수시 메일 발송 후 담당자에게 수신여부 확인 요망","이메일 접수 (gepa2622@naver.com)
 ※ 이메일 접수시 메일 발송 후 담당자에게 수신여부 확인 요망",https://www.bizinfo.go.kr/sii/siia/selectSIIA200Detail.do?pblancId=PBLN_000000000121321,main,primary,광주북구2026년중소기업판로개척바우처지원사업참가업체모집공고,광주경제진흥상생일자리재단,2026-04-17~2026-05-15,수출,시장개척
biz,PBLN_000000000121320,2026년 산림 공공데이터ㆍAI 활용 창업경진대회 안내 공고,"산림 공공데이터와 인공지능(AI) 기반 창의적 아이디어 발굴을 통한 창업 생태계 조성 및 산림분야 데이터 활용 촉진을 위해 「2026년 산림 공공데이터ㆍAI 활용 창업경진대회」를 다음과 같이 공고하오니 많은 참여 바랍니다.
☞ 개인, 팀, 기업 등 관심 있는 국민 누구나
- 공모부문 : 산림 인공지능(AI) 기술과 공공데이터를 활용한 제품 및 서비스 개발, 아이디어 기획(2개 부문)
☞ 제품 및 서비스 개발, 아이디어 기획 시상 및 상금 지원",창업,한국임업진흥원,산림청,창업벤처,초기창업기업,,,,,,,사업화지원,2026-04-17,2026-06-19,,온라인 접수 (구글 폼),온라인 접수 (구글 폼),https://www.bizinfo.go.kr/sii/siia/selectSIIA200Detail.do?pblancId=PBLN_000000000121320,main,primary,2026년산림공공데이터ㆍai활용창업경진대회안내공고,한국임업진흥원,2026-04-17~2026-06-19,창업,사업화지원
biz,PBLN_000000000121319,[경북] 포항시 2026년 신중년 고용지원사업 참여기업 모집 공고,"포항시와 경북경제진흥원에서는 「2026년 포항시 신중년 고용지원사업」을 추진하고 있습니다. 참여를 희망하시는 기업은 신청하여 주시기 바랍니다.
☞ 포항시 소재 중소기업 및 소상공인
- 포항시 소재 기업이며, 「중소기업기본법」 제2조 및 「조세특례제한법시행령」제2조에 해당하는 중소기업
- 포항에 사업장을 둔 「소상공인기본법 제2조」에 해당 하는 소상공인 사업자
☞ 신중년 인력을 신규 채용하는 중소기업 및 소상공인사업자에게 채용근로자 인건비 지원
※신규채용 기준 : 26년 1월 1일 이후 입사, 4대 사회보험 가입일 기준
- 채용근로자 1명당 월 최대 70만원 지원
- 업체당 최대 3명 지원
- 지원기간 : 26.1.1 ~ 26.11.30. 기간 중 최대 10개월 (※선정시 소급지원)",인력/일자리,경상북도경제진흥원,경상북도,중소기업,중소기업,,,,,,,국내일반인력,2026-04-24,2026-05-08,,"이메일 접수 및 방문 접수
- 이메일 : gagol173@nate.com
- 접수처 : 포항시 남구 희망대로 859 2층, 경북경제진흥원 동부지소
※ 접수시 “제출서류”를 순서대로 묶어 1개의 PDF 파일로 제출
※ 신청 후 반드시 접수여부 확인 요망","이메일 접수 및 방문 접수
- 이메일 : gagol173@nate.com
- 접수처 : 포항시 남구 희망대로 859 2층, 경북경제진흥원 동부지소
※ 접수시 “제출서류”를 순서대로 묶어 1개의 PDF 파일로 제출
※ 신청 후 반드시 접수여부 확인 요망",https://www.bizinfo.go.kr/sii/siia/selectSIIA200Detail.do?pblancId=PBLN_000000000121319,main,primary,경북포항시2026년신중년고용지원사업참여기업모집공고,경상북도경제진흥원,2026-04-24~2026-05-08,인력,국내일반인력
biz,PBLN_000000000121318,제12회 광주광역시 공공데이터ㆍAI 활용  창업경진대회 참가자 모집공고,"AI를 활용한 공공데이터 기반 아이디어 기획 및 서비스 개발을 통해 공공데이터 활용한 창업을 촉진하고자 아래와 같이 “제12회 광주광역시 공공데이터ㆍAI 활용 창업경진대회”를 개최하오니 많은 관심과 참여를 바랍니다.
☞ 7년 이내 창업자, 일반인, 대학생 등 ※지역 제한 없음
- (아이디어 기획) 공공데이터와 AI를 모두 활용한 창의적 아이디어를 보유한 일반인, 대학생, (예비)창업자 등
- (제품ㆍ서비스 개발) 공공데이터와 AI를 모두 활용한 제품ㆍ서비스를 개발한 (예비)창업자 
☞ 아이디어 기획 분야, 제품ㆍ서비스 개발 분야 시상 지원
- 부문별 상위 1개팀 통합본선(행정안전부 주관) 진출 자격 부여
- 아이디어 및 기술지원 컨설팅(통합본선 전까지)
- 공공데이터포털 활용사례에 등록·홍보 지원",경영,광주창조경제혁신센터,광주광역시,창업벤처,초기창업기업,,,,,,,디자인/상품화/사업화,2026-04-23,2026-05-24,,이메일 접수 (gccei062@gmail.com),이메일 접수 (gccei062@gmail.com),https://www.bizinfo.go.kr/sii/siia/selectSIIA200Detail.do?pblancId=PBLN_000000000121318,main,primary,제12회광주광역시공공데이터ㆍai활용창업경진대회참가자모집공고,광주창조경제혁신센터,2026-04-23~2026-05-24,경영,디자인/상품화/사업화
biz,PBLN_000000000121317,[인천] 2026년 글로벌 사업화 지원 참여기업 모집 공고(녹색기후산업 육성ㆍ지원 사업),"인천광역시와 (재)인천테크노파크에서 추진하는 2026년 녹색기후산업 육성ㆍ지원 사업과 관련하여 글로벌 사업화를 위한 중소기업의 국내외 전시회 참가, 기술(제품) 인증 및 시험평가, 지적재산권 확보(등록), 기술이전 수수료를 지원합니다. 참여를 희망하는 인천지역 내 중소기업은 관련 규정과 절차에 따라 신청하여 주시기 바랍니다. 
☞ 녹색기후산업 관련 기술/제품을 보유한 업력 1년 이상의 인천소재 중소기업(중소기업 기본법 제2조 규정에 의한 중소기업)
-  2026년 1월 ~ 11월 중 국내외 전시회 참가/기술인증 획득/성능평가/특허등록/기술이전을 완료한 기업 또는 진행할 예정에 있는 기업
☞ 국내외 전시회 참가비 지원(국내외 홍보, 마케팅)
- 환경기술 인증 및 시험 평가 비용 지원
- 지적재산권 확보 비용 지원(특허등록료)
- 기술이전에 필요한 행정 수수료 등 비용 지원",경영,인천테크노파크,인천광역시,중소기업,중소기업,,,,,,,디자인/상품화/사업화,2026-04-23,2026-05-22,,온라인 접수 (비즈오케이),온라인 접수 (비즈오케이),https://www.bizinfo.go.kr/sii/siia/selectSIIA200Detail.do?pblancId=PBLN_000000000121317,main,primary,인천2026년글로벌사업화지원참여기업모집공고녹색기후산업육성ㆍ지원사업,인천테크노파크,2026-04-23~2026-05-22,경영,디자인/상품화/사업화
biz,PBLN_000000000121314,[경북] 포항시 2026년 일자리 공감페이(Pay) 참여기업 모집 공고,"포항시와 경상북도경제진흥원은 고용 환경 개선 및 우수인력 일자리 창출을 위해 「2026년 포항시 일자리 공감페이(Pay)」사업을 아래와 같이 공고하오니 관심 있는 기업의 많은 참여를 바랍니다.
☞ 2025. 10. 1.이후 청년 신규 채용 및 고용 유지를 하고 있는 포항시 소재 중소기업
☞ 근로 환경 개선 및 직원 복지시설 관련 경비 지원
- 1개사 당 200만원, 최대 700만원 한도 지원",인력/일자리,경상북도경제진흥원,경상북도,중소기업,중소기업,,,,,,,작업환경개선,예산 소진시까지,,,"이메일 접수 (summerseol@gepa.kr)
※ 이메일 접수 후 반드시 담당자에게 유선 확인 요망","이메일 접수 (summerseol@gepa.kr)
※ 이메일 접수 후 반드시 담당자에게 유선 확인 요망",https://www.bizinfo.go.kr/sii/siia/selectSIIA200Detail.do?pblancId=PBLN_000000000121314,main,primary,경북포항시2026년일자리공감페이pay참여기업모집공고,경상북도경제진흥원,예산 소진시까지~,인력,작업환경개선
biz,PBLN_000000000121312,[경북] 2026년 지역기업 성장사다리 지원사업 통합 공고,"2026년도 중소벤처기업부와 경상북도가 지원하는 지역기업 성장사다리 지원사업 수행자로 지정된 경북ㆍ포항테크노파크에서 지원대상별 지원 프로그램을 안내하오니, 지원 프로그램별 참여를 희망하는 경북 지역 중소기업의 많은 신청 바랍니다.
☞ 사업자등록증 상 본사가 해당 지역 내 소재하며, 경북지역 주력산업 분야(KSIC코드 첨부 必)를 영위하는 중소기업
※ 지사, 공장, 연구소만 해당 지역에 소재한 경우 신청 불가(반드시 본사 소재지 기준)
※ 「지역중소기업법」상의 지역중소기업 또는 중소기업협동조합
☞ 4개 지원대상 13개 지원 프로그램 지원
- 기술혁신, 기술이전, 기술지도, 시험분석, 인증, 특허, 시제품제작, 제품고급화, 디자인, 시장조사, 홍보, 전시회, 컨설팅
※ 자세한 지원내용 공고문 참조",경영,경북테크노파크,중소벤처기업부,중소기업,중소기업,,,,,,,디자인/상품화/사업화,2026-04-22,2026-05-08,,"온라인 접수 (지역특화산업육성 기업지원사업 관리시스템)
※ 자세한 신청방법 공고문 참조","온라인 접수 (지역특화산업육성 기업지원사업 관리시스템)
※ 자세한 신청방법 공고문 참조",https://www.bizinfo.go.kr/sii/siia/selectSIIA200Detail.do?pblancId=PBLN_000000000121312,main,primary,경북2026년지역기업성장사다리지원사업통합공고,경북테크노파크,2026-04-22~2026-05-08,경영,디자인/상품화/사업화
biz,PBLN_000000000121311,[광주] 2026년 융ㆍ복합 가전산업 고용 안착 활성화 지원 사업  참여기업(참여자) 모집 공고,"광주광역시 내 융ㆍ복합 가전 및 전후방 산업 현장의 구인난을 해소하고, 근로자의 장기 근속을 지원하기 위해 「2026년 융 복합 가전산업 고용 안착 활성화 지원」사업을 다음과 같이 공고합니다.
☞ 광주광역시 소재 융ㆍ복합 가전 및 전후방 연관 기업
※ 자세한 지원대상 공고문 참조
☞ 든든 버팀 안착 지원 : 신규 채용 인건비(기업) 및 근속 축하금(근로자) 지원
- 현장 이음 상생 지원 : 고용 안착 성공 인센티브 60만원(부사수 6개월 고용유지 시) 지원
- 동행 마중 연계 지원 : 면접비, 취업 성공 축하금, 현장소통 간담회비 지원",인력/일자리,광주경영자총협회,광주광역시,중소기업,중소기업,,,,,,,고용유지,예산 소진시까지,,,이메일 접수 (smkim@gjef.or.kr),이메일 접수 (smkim@gjef.or.kr),https://www.bizinfo.go.kr/sii/siia/selectSIIA200Detail.do?pblancId=PBLN_000000000121311,main,primary,광주2026년융ㆍ복합가전산업고용안착활성화지원사업참여기업참여자모집공고,광주경영자총협회,예산 소진시까지~,인력,고용유지
biz,PBLN_000000000121310,2026년 미국 실리콘밸리 국제발명페스티벌 참가 모집 공고,"2026년 미국 실리콘밸리 국제발명페스티벌(SVIIF 2026) 출품 참가기업 모집 공고를 첨부와 같이 안내드리오니 많은 관심과 참여 바랍니다.
☞ 대한민국 국민(개인 및 중소기업)이 개발한 발명으로서 특허, 실용신안, 디자인으로 등록 또는 출원 중인 발명품
☞ 부스비의 최저 금액을 출품보조금으로 지원(210만원 이내)",판로/수출,한국발명진흥회,지식재산처,중소기업,중소기업,,,,,,,해외진출준비,2026-04-20,2026-07-03,,온라인 접수(한국발명진흥회),온라인 접수(한국발명진흥회),https://www.bizinfo.go.kr/sii/siia/selectSIIA200Detail.do?pblancId=PBLN_000000000121310,main,primary,2026년미국실리콘밸리국제발명페스티벌참가모집공고,한국발명진흥회,2026-04-20~2026-07-03,수출,해외진출준비
biz,PBLN_000000000121309,[부산] 2026년 히든챔피언 육성사업 지원기업 모집 공고,"성장잠재력과 혁신성을 겸비하고 부산지역 경제의 미래를 견인하는 우수 중소·중견기업 발굴 및 육성을 위하여 「2026년 부산형 히든챔피언 육성사업」을 아래와 같이 공고하오니, 참여를 희망하는 기업은 절차에 따라 신청하여 주시기 바랍니다.
☞ 본사 기준 부산광역시 소재 9대 전략산업 관련 중소ㆍ중견기업(법인기업)
※ 9대 전략산업 : 디지털테크, 에너지테크, 바이오헬스, 미래모빌리티, 융합부품소재, 라이프스타일, 해양, 금융, 문화관광
☞ 부산형 히든챔피언 기업 선정 인증기간 3년
- 지원(1~2년차) : 선정 후 지원 평가결과에 따라 기업별 차등 지원(41~50백만원/년 내외)
- 지원(3년차) : 지원기업 레벨업 기획 컨설팅 지원(15백만원/년 내외)
- 지원 프로그램 : 사업화(R&D 지원ㆍ기획, 마케팅, 지식재산, 컨설팅 및 시장조사, 교육 등) 지원
※ 자세한 지원내용 공고문 참조",경영,부산테크노파크,부산광역시,중소기업,중소기업,,,,,,,디자인/상품화/사업화,2026-05-07,2026-05-11,,"방문 또는 우편 접수
- 접수처 :  (47046) 부산시 사상구 엄궁로 70-16(엄궁동), (재)부산테크노파크 2층 기업지원단(211호)
※ 작성파일 이메일 별도 제출 (mhseo@btp.or.kr)","방문 또는 우편 접수
- 접수처 :  (47046) 부산시 사상구 엄궁로 70-16(엄궁동), (재)부산테크노파크 2층 기업지원단(211호)
※ 작성파일 이메일 별도 제출 (mhseo@btp.or.kr)",https://www.bizinfo.go.kr/sii/siia/selectSIIA200Detail.do?pblancId=PBLN_000000000121309,main,primary,부산2026년히든챔피언육성사업지원기업모집공고,부산테크노파크,2026-05-07~2026-05-11,경영,디자인/상품화/사업화
biz,PBLN_000000000121308,2026년 2차 뿌리산업 혁신공정장비 개발사업 신규지원 대상과제 공고,"2026년도 뿌리산업 혁신공정장비 개발사업 신규 지원대상 연구개발과제를 다음과 같이 공고하오니 수행하고자 하는 자는 신청하여 주시기 바랍니다.
☞ 주관연구개발기관 및 공동연구개발기관
- 기업, 대학, 연구기관, 연구조합, 사업자단체, 의료기관 등
※ 자세한 지원대상 공고문 참조
☞ 뿌리산업 혁신공정장비 개발 연구개발비 지원
※ 자세한 지원내용 공고문 참조",기술,한국산업기술기획평가원,산업통상부,중소기업,중소기업,,,,,,,공동기술개발,2026-04-21,2026-05-06,,온라인 접수(범부처통합연구지원시스템),온라인 접수(범부처통합연구지원시스템),https://www.bizinfo.go.kr/sii/siia/selectSIIA200Detail.do?pblancId=PBLN_000000000121308,main,primary,2026년2차뿌리산업혁신공정장비개발사업신규지원대상과제공고,한국산업기술기획평가원,2026-04-21~2026-05-06,기술,공동기술개발
biz,PBLN_000000000121307,2026년 수산물 직매장 설치 및 창업지원 플랫폼 구축 관련 수산물 직매장 창업희망자 지원 모집 연장 공고,"수산물 직거래 활성화 및 수산분야 일자리 창출을 위한 해양수산부의 「‘26년도 수산물 직매장 설치 및 창업지원 플랫폼 구축 사업」 관련 수산물직매장을 운영할 창업희망자를 아래와 같이 모집합니다. 
☞ 수산물 직매장(Sh어부세상) 가맹점을 개설할 창업자
- 수산물 직매장 창업을 희망하는 자
- 모집지역(가맹점 개설 지역) : 서울, 경기, 인천, 강원도 원주, 춘천
☞ 창업교육 (1인당 5백만원 한도) 지원 및 수산물 직매장 개설(점포당 최대 8,000만원 이내) 지원
※ 자세한 지원내용 공고문 참조",창업,수협유통,해양수산부,창업벤처,초기창업기업,,,,,,,예비창업자지원,2026-04-06,2026-05-10,,"온라인 및 이메일 접수
- 온라인 : e나라도움
- 이메일 : nffcfcl@suhyup.co.kr","온라인 및 이메일 접수
- 온라인 : e나라도움
- 이메일 : nffcfcl@suhyup.co.kr",https://www.bizinfo.go.kr/sii/siia/selectSIIA200Detail.do?pblancId=PBLN_000000000121307,main,primary,2026년수산물직매장설치및창업지원플랫폼구축관련수산물직매장창업희망자지원모집연장공고,수협유통,2026-04-06~2026-05-10,창업,예비창업자지원
biz,PBLN_000000000121306,2026년 1차 섬유산업 지능형 마이크로팩토리 제조 플랫폼 실증기반 구축사업 I-Tube 기술지원 서비스 참여기업 모집 공고,"한국생산기술연구원(주관기관)과 한국섬유개발연구원, 한국섬유산업연합회에서는 온디맨드 섬유패션산업 실현을 위한 지능형 마이크로팩토리 제조혁신 모델을 산업계에 보급·확산하는 사업을 추진하고 있습니다. 본 사업의 일환으로 테크패션 제품 관련 기업에 I-Tube 플랫폼을 활용하여 서비스를 지원하고자 하니 본 사업에 참여를 희망하는 기업은 아래 공고 내용에 따라 많은 신청 바랍니다.
☞ 테크패션 분야 니트 패브릭ㆍ우븐 패브릭 및 제품 개발ㆍ전문 기업, 테크패션 분야 초창기 창업 기업
☞ 테크웨어 제품 디지털 설계 기반 신제품 기획 지원 서비스, 테크웨어 우븐 패브릭 신제품 기획 서비스 지원
1) 테크웨어 제품 디지털 설계 기반 신제품 기획 지원 서비스 : 테크패션 관련 디지털 의류 설계 장비 및 3D 가상착의 프로그램 활용 지원
- 디지털 기술을 활용한 시작품 제작 지원
- 시작품 제작시 발생하는 애로사항 해결을 위한 기술 컨설팅 지원
2) 테크웨어 우븐 패브릭 신제품 기획 서비스 : 우븐 패브릭 원단 설계를 위한 DB 및 3D 라이브러리 제공
- 디지털 원단 설계에 필요한 솔루션 및 기술지도
- 시제품 제작시 발생하는 원료, 설계, 후가공에 필요한 레시피 추천 등 기술 컨설팅 지원",기술,한국생산기술연구원,산업통상부,중소기업,중소기업,,,,,,,기술사업화/이전/지도,2026-04-20,2026-05-15,,"이메일 접수
- 테크웨어 제품 디지털 설계 기반 신제품 기획 지원 서비스 : 한국생산기술연구원  chan2@kitech.re.kr
- 테크웨어 우븐 패브릭 신제품 기획 서비스 : 한국섬유개발연구원 wcjung@textile.or.kr","이메일 접수
- 테크웨어 제품 디지털 설계 기반 신제품 기획 지원 서비스 : 한국생산기술연구원  chan2@kitech.re.kr
- 테크웨어 우븐 패브릭 신제품 기획 서비스 : 한국섬유개발연구원 wcjung@textile.or.kr",https://www.bizinfo.go.kr/sii/siia/selectSIIA200Detail.do?pblancId=PBLN_000000000121306,main,primary,2026년1차섬유산업지능형마이크로팩토리제조플랫폼실증기반구축사업itube기술지원서비스참여기업모집공고,한국생산기술연구원,2026-04-20~2026-05-15,기술,기술사업화/이전/지도
biz,PBLN_000000000121305,[전남] 2026년 지역기업 성장사다리 지원사업 통합 공고,"2026년 중소벤처기업부와 전라남도가 지원하는 지역기업 성장사다리 지원사업 수행자로 지정된 전남테크노파크에서 지원대상별 지원 프로그램을 안내하오니, 지원 프로그램별 참여를 희망하는 전남지역 중소기업의 많은 신청 바랍니다.
☞ 전남지역 내 소재한 중소기업으로 전남 주력산업 분야 KSIC 코드 보유 또는 연관 중소기업
☞ 총 3개 Track, 9개 지원대상별 프로그램 운영 지원
- 성장단계형 지원 프로그램(기업당 최대 40백만원 이내) 지원
- 산업특화 지원 프로그램(기업당 최대 30백만원 이내) 지원
- 수출 지원 프로그램(기업당 최대 10백만원 이내) 지원
※ 자세한 지원내용 공고문 참조",기술,전남테크노파크,중소벤처기업부,중소기업,중소기업,,,,,,,기술사업화/이전/지도,2026-04-22,2026-05-08,,온라인 접수 (기업지원사업 관리시스템),온라인 접수 (기업지원사업 관리시스템),https://www.bizinfo.go.kr/sii/siia/selectSIIA200Detail.do?pblancId=PBLN_000000000121305,main,primary,전남2026년지역기업성장사다리지원사업통합공고,전남테크노파크,2026-04-22~2026-05-08,기술,기술사업화/이전/지도
biz,PBLN_000000000121304,[강원] 2026년 (예비)사회적기업 일자리 창출사업 참여기업 변경 공고,"「고용정책기본법」제28조,「사회적기업육성법」제14조 및 고용노동부 사회적기업 재정지원사업 업무지침」에 따라 2026년 (예비)사회적기업 일자리 창출사업 참여기업을 다음과 같이 모집합니다.
☞ 2026년 2. 28.(토)기준 유급근로자(자체 고용근로자)를 1명 이상 고용하고 있는 강원특별자치도 소재 인증사회적기업 및 예비사회적기업(지역형, 부처형)
- 상시근로자 수 30인 미만 인증 또는 예비사회적기업
※ 상시근로자 수 30인 이상 기업 중 SVI 평가 ‘탁월’, ‘우수’ 기업은 예외적으로 지원
☞ 사회적기업 육성법 시행령 제2조에 따른 취약계층 또는 국민취업지원제도 참여자인 근로자 신규 채용 시 임금의 정액 지원
※ 지원금액 : SVI 평가결과에 따라 기업별 차등 지급
※ 자세한 지원내용 공고문 참조",인력/일자리,기초자치단체,강원특별자치도,사회적기업,사회적기업,,,,,,,고용유지,2026-04-20,2026-05-05,,온라인 접수(사회적기업 통합사업관리시스템),온라인 접수(사회적기업 통합사업관리시스템),https://www.bizinfo.go.kr/sii/siia/selectSIIA200Detail.do?pblancId=PBLN_000000000121304,main,primary,강원2026년예비사회적기업일자리창출사업참여기업변경공고,기초자치단체,2026-04-20~2026-05-05,인력,고용유지
biz,PBLN_000000000121303,2026년 하반기 독립예술영화 제작지원(장편 극영화 부문) 사업 추가 접수 공고,"참신하고 독창적인 우수 독립예술영화 발굴 및 영화문화 다양성 기여와 한국 독립예술영화 창작의 자율성과 예술성을 보장하고 안정적인 창작 환경을 조성하기 위해 독립예술영화(장편 극영화 부문) 제작을 지원해드리는 사업입니다.
☞ 국내 독립예술영화 제작사 또는 연출자
- 순제작비 10억 원 미만의 장편 실사 극영화(60분 이상)
※ 일반부문, 신인부문 신청자격 상이, 자세한 사항 공고문 참조
☞ 독립예술영화 제작비(사전제작, 제작, 후반제작) 지원
※ 편당 지원내용 상이, 자세한 사항 공고문 참조",경영,영화진흥위원회,문화체육관광부,중소기업,중소기업,,,,,,,디자인/상품화/사업화,2026-04-21,2026-05-06,,온라인 접수 (영화진흥위원회 홈페이지),온라인 접수 (영화진흥위원회 홈페이지),https://www.bizinfo.go.kr/sii/siia/selectSIIA200Detail.do?pblancId=PBLN_000000000121303,main,primary,2026년하반기독립예술영화제작지원장편극영화부문사업추가접수공고,영화진흥위원회,2026-04-21~2026-05-06,경영,디자인/상품화/사업화
biz,PBLN_000000000121301,[전남] 보성군 2026년 스타기업 및 일자리 키움 기업 모집 공고,"보성군 소재 기술기반 벤처ㆍ중소기업을 발굴하고 집중 지원하여 지역을 대표하는 기업으로 육성하고자 2026년도 보성군 스타 기업 및 일자리 키움 기업을 모집하오니, 관심 있는 기업의 많은 신청 바랍니다.
☞ 공고일 현재, 본사 또는 사업장(지사, 공장 등)이 보성군에 소재하여 정상가동 중인 기업으로, 기술경쟁력ㆍ사업성 등 성장잠재력이 높은 벤처ㆍ중소기업
- 산업분야 : 표준산업분류 제조업으로 등록된 기업
☞ 스타기업(최대 50백만원), 일자리키움기업(최대 25백만원), 전시회 참가(최대 3백만원) 지원 프로그램 지원
- 스타기업 및 일자리 키움 기업 : 시제품제작, 제품고급화, 성능시험 및 인증, 시험평가 및 장비활용, 공정개선, 마케팅, 디자인 지원
- 전시회 참가 : 국내 전시회 참가 지원",경영,전남테크노파크,전라남도,중소기업,중소기업,,,,,,,디자인/상품화/사업화,2026-04-27,2026-05-08,,온라인 접수 (전남테크노파크 기업혁신성장플랫폼),온라인 접수 (전남테크노파크 기업혁신성장플랫폼),https://www.bizinfo.go.kr/sii/siia/selectSIIA200Detail.do?pblancId=PBLN_000000000121301,main,primary,전남보성군2026년스타기업및일자리키움기업모집공고,전남테크노파크,2026-04-27~2026-05-08,경영,디자인/상품화/사업화
biz,PBLN_000000000121300,"2026년 혁신프리미어 1,000 방위산업 분야 대상기업 선정 공고","제9차 정책금융지원협의회에 따라 방위사업청은 금융위원회, 정책금융기관과 협력을 통해 방산 혁신성장 분야 기업 중 일부를 “혁신프리미어 1,000 기업”으로 선정할 예정입니다. 동 사업의 방위산업 분야 대상기업 선정을 위해 다음과 같이 공고를 실시합니다.
☞ 영위사업이 혁신성장공동기준에 부합하며, 금융지원 결격사유가 없는 중소ㆍ중견기업
※ 자세한 지원대상 공고문 참조
☞ 기업 운영 전반에 필요한 자금을 대출ㆍ보증ㆍ투자의 형태로 지원
- 민간투자 유치ㆍ해외판로 개척ㆍ박람회 참여 지원 및 맞춤형 컨설팅 지원",자금,국방기술진흥연구소,방위사업청,중소기업,중소기업,,,,,,,보험(수출+무역),2026-04-20,2026-05-07,,"이메일 접수 (parksuyeon@krit.re.kr)
※ [준수요망] 이메일 제목 : [혁프] 혁신프리미어1,000 선정신청 (기업명) 
※ 일부 회사 메일의 경우, 정상 수신이 안되는 경우가 발생하니 접수 여부 전화 확인 필요 (042-259-9832)","이메일 접수 (parksuyeon@krit.re.kr)
※ [준수요망] 이메일 제목 : [혁프] 혁신프리미어1,000 선정신청 (기업명) 
※ 일부 회사 메일의 경우, 정상 수신이 안되는 경우가 발생하니 접수 여부 전화 확인 필요 (042-259-9832)",https://www.bizinfo.go.kr/sii/siia/selectSIIA200Detail.do?pblancId=PBLN_000000000121300,main,primary,2026년혁신프리미어1000방위산업분야대상기업선정공고,국방기술진흥연구소,2026-04-20~2026-05-07,금융,보험(수출+무역)
biz,PBLN_000000000121299,[강원] 호주(멜버른) 수출로드쇼 (수출상담회) 참가기업 모집 공고,"강원특별자치도와 KOTRA 강원지원본부는 도내 수출 유망 중소ㆍ중견기업의 호주 시장 판로 개척을 위하여 아래와 같이 유통망 입점 연계 호주 수출 로드쇼(수출상담회) 사업 참가기업을 모집하오니 많은 관심과 참여 바랍니다.
☞ 강원특별자치도 내 본사 혹은 공장 소재 기업, BuyKorea 등록 완료 기업
☞ 현지 바이어 섭외 및 상담 주선 등 바이어 발굴 비용, 상담장 임차, 차량 이동, 통역 등 사업운영비 지원, 선정기업 대상 AI수출부스터 활용 바이어 발굴 추가 지원, 현지 유통망 입점 지원",판로/수출,대한무역투자진흥공사,강원특별자치도,중소기업,중소기업,,,,,,,해외진출준비,2026-04-20,2026-05-04,,온라인 접수(무역투자24),온라인 접수(무역투자24),https://www.bizinfo.go.kr/sii/siia/selectSIIA200Detail.do?pblancId=PBLN_000000000121299,main,primary,강원호주멜버른수출로드쇼수출상담회참가기업모집공고,대한무역투자진흥공사,2026-04-20~2026-05-04,수출,해외진출준비
biz,PBLN_000000000121298,2026년 2차 미래환경산업육성융자 (온실가스배출저감설비자금) 지원사업 재공고,"「2026년도 제2차 미래환경산업육성융자(온실가스배출저감설비자금) 지원사업」을 다음과 같이 공고하니, 본 사업 참여를 희망하는 기업은 접수 일정에 맞추어 신청하여 주시기 바랍니다.
☞ 중소ㆍ중견(환경) 기업
☞ 온실가스배출저감설비자금 융자 지원",자금,한국환경산업기술원,기후에너지환경부,중소기업,중소기업,,,,,,,융자,2026-04-28,2026-04-30,,"온라인 접수 (환경기술산업 원스톱 서비스)
※ 우편 접수(서면) 및 이메일 접수 불가","온라인 접수 (환경기술산업 원스톱 서비스)
※ 우편 접수(서면) 및 이메일 접수 불가",https://www.bizinfo.go.kr/sii/siia/selectSIIA200Detail.do?pblancId=PBLN_000000000121298,main,primary,2026년2차미래환경산업육성융자온실가스배출저감설비자금지원사업재공고,한국환경산업기술원,2026-04-28~2026-04-30,금융,융자
biz,PBLN_000000000121297,[경북] 경주시 골든기업 육성사업 참가기업 모집 공고,"경주시와 경상북도경제진흥원에서는 경주시 우수기업 발굴·육성을 통해 기업활동을 촉진하여 기업하기 좋은 경제산업도시 조성하고자 「경주시 골든기업 육성사업」을 추진하오니 많은 관심 바랍니다.
☞ 경주시 소재 본점 또는 주사업장을 둔 중소기업
※ 자세한 자격요건 공고문 참조
☞ 골든(Golden)기업 인증서 및 현판 수여(5년간 인증), 기업 경영활동 및 경쟁력 강화를 위한 맞춤형 사업 지원, 우대혜택 등 지원",기타,경상북도경제진흥원,경상북도,중소기업,중소기업,,,,,,,제도,2026-04-27,2026-05-11,,이메일 접수 (osmasis@gepa.kr),이메일 접수 (osmasis@gepa.kr),https://www.bizinfo.go.kr/sii/siia/selectSIIA200Detail.do?pblancId=PBLN_000000000121297,main,primary,경북경주시골든기업육성사업참가기업모집공고,경상북도경제진흥원,2026-04-27~2026-05-11,기타,제도
biz,PBLN_000000000121296,[강원] 춘천시 2026년 3차 강원후평 스마트그린산단 스마트제조 고급인력 양성사업 문제해결기반 기업지원 프로그램 지원기업 모집 공고,"2026년도 산업통상자원부, 한국산업단지공단에서 지원하고 강원대학교 산학협력단, (재)춘천바이오산업진흥원, 한림대학교 산학협력단에서 수행하는 「강원후평 스마트그린산단 스마트제조 고급인력 양성사업」 문제해결기반기업지원 프로그램의 지원기업을 모집하고자 하오니, 희망하는 기업의 많은 참여 바랍니다.
☞ 춘천지역 산업단지 내 사업장 소재 바이오기업
☞ 기업 맞춤형 애로해소 전문가 컨설팅 지원
- 스마트제조 바이오 인증ㆍ표준 대응 역량 확보 지원
※ 자세한 지원내용 공고문 참조",기술,춘천바이오산업진흥원,산업통상부,중소기업,중소기업,,,,,,,시험/인증,2026-04-20,2026-05-08,,이메일 접수 (marketing@cbf.or.kr),이메일 접수 (marketing@cbf.or.kr),https://www.bizinfo.go.kr/sii/siia/selectSIIA200Detail.do?pblancId=PBLN_000000000121296,main,primary,강원춘천시2026년3차강원후평스마트그린산단스마트제조고급인력양성사업문제해결기반기업지원프로그램지원기업모집공고,춘천바이오산업진흥원,2026-04-20~2026-05-08,기술,시험/인증
biz,PBLN_000000000121295,2026년 2차 창조문화산업지원센터(천안역지하도상가) 신규 입주자(창업지원) 모집 공고,"충남콘텐츠진흥원에서는 천안역 지하도상가를 기반으로 창업 및 상권 활성화를 위해 신규 입주자(창업지원) 2차 모집을 공고하오니 많은 관심과 참여 바랍니다.
☞ 지원센터 내 창업활동을 희망하는 5년 미만의 기창업자 및 예비창업자
※ 자세한 지원대상 공고문 참조
☞ 창업공간 지원(보증금 및 임대료 무상)",창업,충남콘텐츠진흥원,충청남도,창업벤처,초기창업기업,,,,,,,창업공간지원,2026-04-27,2026-05-03,,이메일 접수 (yejin5914@ccon.kr),이메일 접수 (yejin5914@ccon.kr),https://www.bizinfo.go.kr/sii/siia/selectSIIA200Detail.do?pblancId=PBLN_000000000121295,main,primary,2026년2차창조문화산업지원센터천안역지하도상가신규입주자창업지원모집공고,충남콘텐츠진흥원,2026-04-27~2026-05-03,창업,창업공간지원
biz,PBLN_000000000121294,2026년 1차 TV홈쇼핑 입점지원사업 공고,"우수 품질의 제품을 생산하고도 판로개척에 어려움을 겪는 중소기업을 발굴하고 TV홈쇼핑을 활용한 판매 및 홍보 등 판매망 개척을 지원해 중소기업의 경쟁력을 도모하기 위해「2026년 1차 TV홈쇼핑 입점지원사업」을 공고하오니 국내 소비재 생산 소기업ㆍ소상공인 분들의 많은 관심 부탁드립니다.
☞ 국내 소비재 생산 소기업ㆍ소상공인
☞ 홈쇼핑 생방송 1회(50분) 및 재방송 1회(50분, 새벽 2~5시대) 지원, 방송비용(SO비용, 스튜디오 제작비용) 지원",판로/수출,중소기업중앙회,중소벤처기업부,중소기업,중소기업,,,,,,,홍보지원,2026-04-27,2026-05-22,,온라인 접수(중소기업중앙회),온라인 접수(중소기업중앙회),https://www.bizinfo.go.kr/sii/siia/selectSIIA200Detail.do?pblancId=PBLN_000000000121294,main,primary,2026년1차tv홈쇼핑입점지원사업공고,중소기업중앙회,2026-04-27~2026-05-22,내수,홍보지원
biz,PBLN_000000000121293,[경북] 2026년 (예비)사회적기업 일자리창출사업 참여기업 추가모집 공고,"「사회적기업 육성법」 제14조, 「경상북도 사회적경제 육성 및 지원에 관한 조례」 제11조 및 「고용노동부 사회적기업 재정지원사업 업무지침」 에 따라 2026년 (예비)사회적기업 일자리창출사업 신규 참여기업을 다음과 같이 추가 모집 공고합니다.
☞ 상시근로자 30인 미만 인증 또는 예비사회적기업
- 고용노동부 장관이 인증한 사회적기업 중 일자리창출사업 미참여기업
- 지역형ㆍ부처형 예비사회적기업 중 일자리창출사업 미참여기업
- 30인 이상 기업 중 SVI 평가 ‘탁월’, ‘우수’ 기업 예외적 허용
※ 참여 신청 직전 월부터 이전 1년간 평균 고용보험 피보험자 수 30인 미만 기업  
☞ 참여기업의 SVI 평가결과에 따라 인건비 일정액 차등 지원
※ 기업당 1인 이상 50인 이하를 원칙으로 함
※ 지원기간 : 지원약정개시일부터 12개월",인력/일자리,직접수행,경상북도,사회적기업,사회적기업,,,,,,,고용유지,2026-04-21,2026-05-06,,온라인 접수 (사회적기업통합사업관리시스템),온라인 접수 (사회적기업통합사업관리시스템),https://www.bizinfo.go.kr/sii/siia/selectSIIA200Detail.do?pblancId=PBLN_000000000121293,main,primary,경북2026년예비사회적기업일자리창출사업참여기업추가모집공고,직접수행,2026-04-21~2026-05-06,인력,고용유지
biz,PBLN_000000000121292,2026년 AI기반 슬립테크 국제협력 실증 확산 지원사업 기업지원 공고(미국 FDA or 유럽 MDR 임상시험 지원),"산업통상자원부와 삼성서울병원에서 지원하는 바이오나노산업 개방형 생태계 조성사업 「AI 기반 슬립테크 국제협력 실증 확산 지원」사업의 기업지원을 공고하오니 동 사업에 참여를 희망하는 AI기반 슬립테크 기업의 많은 참여 바랍니다.
☞ AI기반 슬립테크 의료기기 분야 제조 및 연구개발 중소기업
☞ 슬립테크 분야 중 의료기기, 체외진단의료기기, 디지털의료기기에 해당하는 기업이 FDA 또는 CE 마킹 획득을 위한 해외 임상시험 컨설팅 및 수행 지원
- 해외 임상시험 준비 및 수행 지원(임상시험계획서 개발 및 사전검토ㆍ승인 등) 
- 해외 임상시험 수행 비용(일부) 지원",기술,삼성서울병원,산업통상부,중소기업,중소기업,,,,,,,기술사업화/이전/지도,2026-04-23,2026-05-31,,온라인 접수 (바이오사업관리시스템),온라인 접수 (바이오사업관리시스템),https://www.bizinfo.go.kr/sii/siia/selectSIIA200Detail.do?pblancId=PBLN_000000000121292,main,primary,2026년ai기반슬립테크국제협력실증확산지원사업기업지원공고미국fdaor유럽mdr임상시험지원,삼성서울병원,2026-04-23~2026-05-31,기술,기술사업화/이전/지도
biz,PBLN_000000000121291,2026년 비즈니스지원단(현장클리닉) 사업 운영계획 공고,"중소기업의 경영애로를 상담부터 현장클리닉까지 신속히 해결해 주는「2026년도 비즈니스지원단(현장클리닉) 사업 운영계획」을 다음과 같이 공고합니다.
☞ 「중소기업기본법」제2조 제2항에 따른 소기업과 운영 지침[별표 1]에 해당하는 예비창업자로하되, [별표 2]를 제외한 업종
- 주된 업종별 평균매출액 등의 소기업 규모 기준(중소기업기본법시행령 제8조 제1항)
☞ 전문상담 후 현장클리닉이 필요한 경우, 분야별 클리닉위원이 기업 현장을 찾아가 단기간(3일 내외)에 경영애로 해결 지원",경영,중소벤처기업진흥공단,중소벤처기업부,중소기업,중소기업,,,,,,,컨설팅,예산 소진시 까지,,,"방문, 전화 온라인 신청
- 접수처 :  각 지방 중소기업청
- 전화, 온라인 : 비즈니스지원단홈페이지
","방문, 전화 온라인 신청
- 접수처 :  각 지방 중소기업청
- 전화, 온라인 : 비즈니스지원단홈페이지
",https://www.bizinfo.go.kr/sii/siia/selectSIIA200Detail.do?pblancId=PBLN_000000000121291,main,primary,2026년비즈니스지원단현장클리닉사업운영계획공고,중소벤처기업진흥공단,예산 소진시 까지~,경영,컨설팅
biz,PBLN_000000000121290,[경기] 2026년 무역위기 대응 K-FOOD  페루 통상촉진단 참가기업 모집 공고,"경기도와 (재)경기도경제과학진흥원에서는 도내 농식품 중소기업의 해외 바이어 발굴 및 수출 증진을 위한 「2026 경기도 무역위기 대응 K-FOOD 페루 통상촉진단」 참가기업을 아래와 같이 모집하오니 많은 신청 바랍니다.
☞ 기도 농업인, 생산자단체, 농식품 중소기업
☞ 현지 바이어 섭외 및 1:1 상담주선, 상담 시 기업별 통역원 제공, 단체 이동 차량 제공, 항공료 50% 지원(1사 1인에 한함, 최대 180만원 이내)",판로/수출,경기도경제과학진흥원,경기도,중소기업,중소기업,,,,,,,해외진출,2026-04-17,2026-04-30,,온라인 접수 (경기기업비서),온라인 접수 (경기기업비서),https://www.bizinfo.go.kr/sii/siia/selectSIIA200Detail.do?pblancId=PBLN_000000000121290,main,primary,경기2026년무역위기대응kfood페루통상촉진단참가기업모집공고,경기도경제과학진흥원,2026-04-17~2026-04-30,수출,해외진출
biz,PBLN_000000000121289,[충남] 천안시 2026년 광융합 시제품제작 지원사업 공고,"한국광기술원에서는 천안시 중소기업의 광융합기술 기반 제품의 사업화 촉진을 위한 시제품제작지원을 위해 아래와 같이 지역 유망기업을 모집하여 지원하고자 하오니, 본 사업에 참여를 희망하시는 기업은 절차에 따라 신청하여 주시기 바랍니다.
☞ 공고일 기준으로 천안시 소재 사업장(본사 또는 공장)을 보유하고 있는 중소기업
- 중소기업의 정의는 「중소기업기본법 시행령 제 3조 1항」에 따름 (붙임3 참조)
☞ 시제품 제작지원
- (재료비) 신청서상의 시제품 제작을 위해 소요되는 재료 또는 원료 구입
- (기계 및 전자부품 등 구입비) 신청서상의 시제품 제작을 위해 필요한 전자 및 기계부품 구입비
- (외주용역비) 기구ㆍ회로ㆍ디자인 설계, 목업 제작",경영,한국광기술원,충청남도,중소기업,중소기업,,,,,,,디자인/상품화/사업화,2026-04-29,2026-05-15,,이메일 접수(kimmh07@kopti.re.kr),이메일 접수(kimmh07@kopti.re.kr),https://www.bizinfo.go.kr/sii/siia/selectSIIA200Detail.do?pblancId=PBLN_000000000121289,main,primary,충남천안시2026년광융합시제품제작지원사업공고,한국광기술원,2026-04-29~2026-05-15,경영,디자인/상품화/사업화
biz,PBLN_000000000121288,[부산] 2026년 디지털커머스 전문기관 구축ㆍ운영라이브커머스 운영 지원 모집 공고,"한국중소벤처기업유통원, 부산광역시 및 (재)부산경제진흥원에서는 소상공인 우수제품 홍보와 온라인 판로확대 및 매출 증대를 위한 「2026년 라이브커머스 운영 지원」을 진행합니다. 이에 참가를 희망하는 소상공인을 아래와 같이 모집합니다.
☞ 라이브커머스 등 온라인 플랫폼을 통해 판매 가능한 소비재를 제조ㆍ판매하고 네이버 및 기타 플랫폼 방송 가능 등급 이상인 소상공인
※ 품목 : 식품, 패션, 뷰티, 생활용품, 우수 아이디어 제품 등
☞ 사전컨설팅(라이브커머스 운영, 상품분석 등), 쇼호스트 섭외, 라이브커머스 촬영ㆍ송출 및 관련 제반업무 등(업체 당 최대 120만원 이내) 지원",판로/수출,부산경제진흥원,중소벤처기업부,소상공인,소상공인,,,,,,,온라인,2026-04-22,2026-12-18,,"온라인 접수
- 중소벤처기업부 판판대로 : https://fanfandaero.kr/portal/v2/introV2.do
- 소담스퀘어 in 부산 : https://www.bssodam.or.kr/kor/main/main.php
※ 두 곳 모두 신청접수하여야함","온라인 접수
- 중소벤처기업부 판판대로 : https://fanfandaero.kr/portal/v2/introV2.do
- 소담스퀘어 in 부산 : https://www.bssodam.or.kr/kor/main/main.php
※ 두 곳 모두 신청접수하여야함",https://www.bizinfo.go.kr/sii/siia/selectSIIA200Detail.do?pblancId=PBLN_000000000121288,main,primary,부산2026년디지털커머스전문기관구축ㆍ운영라이브커머스운영지원모집공고,부산경제진흥원,2026-04-22~2026-12-18,내수,온라인
biz,PBLN_000000000121287,[서울] 2026년 2차 B the B 뷰티 기반 융복합 콘텐츠 전시(다운타운) 팝업 참여기업 모집 공고,"서울경제진흥원은 동대문트리플역세권도보3분 거리, 방문객 220만명이 다녀간 서울의 대표 뷰티복합문화공간 ‘B the B’ 다운타운(약 100평 규모) 에서 국내외 방문객 대상 뷰티 브랜드의 전시 홍보 활동을 지원하는 전시 팝업 지원사업을 추진합니다. 창의적인 기획력과 우수한 콘텐츠를 보유한 기업의 많은 관심과 참여를 바랍니다.
☞ 뷰티 기반 팝업 기획ㆍ운영이 가능한 서울 소재 중소기업 (단독ㆍ이종산업 콜라보 가능)
☞ B the B 다운타운 약 100평 공간 제공 (기업당 2~3개월)
- 기업별 팝업 연출, 홍보마케팅 등 최대 5천만원 지원
- 현장 운영 관련 상호 협의에 의한 일부사항 지원(ex. 고객응대 지원 등)
- SBA 내ㆍ외부 보유자원 활용 홍보마케팅 지원(온ㆍ오프라인 채널 홍보, 보도자료 등)",판로/수출,서울경제진흥원,서울특별시,중소기업,중소기업,,,,,,,오프라인,2026-04-23,2026-05-18,,"온라인 접수 (서울경제진흥원)
 ※ 모든 제출서류는 총 1개의 ZIP 파일로 압축하여 업로드하며, 용량초과 파일은 chsuji@sba.seoul.kr로 제출","온라인 접수 (서울경제진흥원)
 ※ 모든 제출서류는 총 1개의 ZIP 파일로 압축하여 업로드하며, 용량초과 파일은 chsuji@sba.seoul.kr로 제출",https://www.bizinfo.go.kr/sii/siia/selectSIIA200Detail.do?pblancId=PBLN_000000000121287,main,primary,서울2026년2차btheb뷰티기반융복합콘텐츠전시다운타운팝업참여기업모집공고,서울경제진흥원,2026-04-23~2026-05-18,내수,오프라인
biz,PBLN_000000000121286,2026년 2차 벤처기업 공동채용 지원사업 참여기업 모집 공고,"벤처기업 공동채용 지원사업은 인재 채용에 어려움을 겪는 벤처기업을 위해 공동으로 운영되는 채용관과 다양한 채용서비스를 지원하여 구인난을 해소하는 중소벤처기업부 주관 벤처기업 일자리지원 사업입니다.
☞ 벤처기업 확인 이력이 있는 기업
- 신입사원기준 연봉2,800만원 이상 채용 기업(지방소재기업 : 신입사원 기준연봉 2,700만원 이상)
☞ 사람인ㆍ잡코리아 최상단 공동채용관 입점, 신입사원 온보딩 교육 지원, 결혼ㆍ가정친화 채용관 입점 등 지원
※ 자세한 지원내용 공고문 참조",인력/일자리,벤처기업협회,중소벤처기업부,중소기업,중소기업,,,,,,,국내일반인력,2026-04-27,2026-05-08,,온라인 접수(모아폼),온라인 접수(모아폼),https://www.bizinfo.go.kr/sii/siia/selectSIIA200Detail.do?pblancId=PBLN_000000000121286,main,primary,2026년2차벤처기업공동채용지원사업참여기업모집공고,벤처기업협회,2026-04-27~2026-05-08,인력,국내일반인력
biz,PBLN_000000000121285,2026년 미래내일 일경험(인턴형) 참여기업 지원사업 공고,"이노비즈협회는 2025년 사업 성과평가 결과 우수등급(3년 연속)을 받아 아래와 같이 2026년 사업 사전 참여기업을 모집합니다.
☞ 고용보험 피보험자 10인 이상 기업
☞ 기업 지원금 40만원, 멘토 수당 30만원 (8주 기준) 지원",인력/일자리,이노비즈협회,고용노동부,중소기업,중소기업,,,,,,,국내일반인력,예산 소진시까지,,,온라인 접수 (이노비즈협회),온라인 접수 (이노비즈협회),https://www.bizinfo.go.kr/sii/siia/selectSIIA200Detail.do?pblancId=PBLN_000000000121285,main,primary,2026년미래내일일경험인턴형참여기업지원사업공고,이노비즈협회,예산 소진시까지~,인력,국내일반인력
biz,PBLN_000000000121284,[부산] 2025년 폐업소상공인 고용인센티브 지원사업(2026년 이월분) 참여기업 추가 모집 수정 공고,"부산경제진흥원에서는 ‘2025년 1월 1일 이후 폐업소상공인을 채용’한기업을 위한 「고용인센티브 지원사업」을 다음과 같이 공고합니다.
☞ 2025년 1월 1일 이후 폐업소상공인을 채용한 사업주
- 부산광역시 소재 기업
- ‘26. 05. 10. 까지 사업 참여신청 및 채용 완료한 기업
☞ 폐업소상공인을 채용하여 6개월 고용 유지한 경우 사업주에게 채용 1인당 180만원 ~ 최대 360만원 고용인센티브 지원
※ 1개사 최대 5명 지원",인력/일자리,부산경제진흥원,부산광역시,중소기업,"소상공인,중소기업",,,,,,,고용유지,2026-01-01,2026-05-10,,온라인 접수 (부산일자리정보망),온라인 접수 (부산일자리정보망),https://www.bizinfo.go.kr/sii/siia/selectSIIA200Detail.do?pblancId=PBLN_000000000121284,main,primary,부산2025년폐업소상공인고용인센티브지원사업2026년이월분참여기업추가모집수정공고,부산경제진흥원,2026-01-01~2026-05-10,인력,고용유지
biz,PBLN_000000000121283,[부산] 2025년 폐업소상공인 희망두배통장 지원사업(2026년 이월분) 참여기업 추가 모집 수정 공고,"부산경제진흥원에서는 2025년 1월 1일 이후 취업한 폐업소상공인에게 「희망두배통장 지원사업(목돈마련)」을 다음과 같이 공고합니다.
☞ 2025년 1월 1일 이후 취업한 폐업소상공인 누구나
- ‘25.1.1. 기준 만 15세 이상~69세 이하인 자
- 신청일 기준 부산광역시에 주민등록이 되어 있는 자
- 폐업소상공인으로 ‘25.1.1. 이후 취업한 자
- 부산 소재 기업에 정규직 또는 계약직으로 취업한 자
☞ 폐업소상공인 취업 시 목돈마련 지원
- (선정 후) 월 30만원, 6개월 납입(6개월 납입완료 시 지원금 일괄 지급)
- (만기 시) 개인 납입액 180만원+부산시 지원금 180만원",인력/일자리,부산경제진흥원,부산광역시,소상공인,소상공인,,,,,,,고용유지,2026-01-01,2026-05-10,,온라인 접수 (부산일자리정보망),온라인 접수 (부산일자리정보망),https://www.bizinfo.go.kr/sii/siia/selectSIIA200Detail.do?pblancId=PBLN_000000000121283,main,primary,부산2025년폐업소상공인희망두배통장지원사업2026년이월분참여기업추가모집수정공고,부산경제진흥원,2026-01-01~2026-05-10,인력,고용유지
biz,PBLN_000000000121282,2026년 온라인수출 중소기업 물류 지원 사업(추경포함) 참여기업 모집 공고,"중소기업 온라인수출 특화 물류 지원을 통해 물류비 절감, 배송 최적화 등 수출물류 부담을 완화하고 수출 경쟁력을 제고하는 2026년 온라인수출 중소기업 물류 지원 사업의 참여기업을 다음과 같이 모집합니다.
☞ 「중소기업기본법 제2조 및 같은 법 시행령 제3조」에 따른 중소기업
※ 자세한 지원대상 공고문 참조
☞ 풀필먼트 서비스, 해외물류센터 활용 지원
※ 자세한 지원내용 공고문 참조",판로/수출,중소벤처기업진흥공단,중소벤처기업부,중소기업,중소기업,,,,,,,해외진출,2026-04-24,2026-05-15,,온라인 접수 (고비즈코리아),온라인 접수 (고비즈코리아),https://www.bizinfo.go.kr/sii/siia/selectSIIA200Detail.do?pblancId=PBLN_000000000121282,main,primary,2026년온라인수출중소기업물류지원사업추경포함참여기업모집공고,중소벤처기업진흥공단,2026-04-24~2026-05-15,수출,해외진출
biz,PBLN_000000000121281,[광주] 2026년 중소기업 맞춤형 성장지원(컨설팅) 참여기업 모집 공고,"광주광역시 북구청과 한국산업단지공단 광주지역본부는 중소기업의 기술ㆍ경영 전반에 대한 애로사항 해결을 통한 산업단지 및 지역경제 활성화를 위해 2026년 중소기업 맞춤형 성장 지원 사업(컨설팅)을 추진하오니 관심 있는 기업들의 많은 참여 바랍니다.
☞ 광주광역시 북구 및 동ㆍ서ㆍ남구 소재 중소기업
☞ 맞춤형 컨설팅(성장전략수립, 디지털전환, R&D 기획, 수출) 지원
- 성장전략수립 : 우수 기업도약 발판 마련 위한 기술ㆍ경영 全분야 성장전략 수립 지원 
- 디지털전환 : 스마트팩토리, 빅데이터, 로봇, AI 등 디지털 기술을 활용한 산업 현장의 제조혁신 및 산업 데이터 사업화 지원
- R&D 기획 : 신사업 발굴 및 기술개발 고도화를 위한 기업 간 공동 R&D 프로젝트 기획 및 연구개발계획서 작성 지원
- 수출 : 수출 역량 강화를 위한 애로 해결 및 해외 판로개척 지원",경영,한국산업단지공단,광주광역시,중소기업,중소기업,,,,,,,컨설팅,차수별 상이,,,"이메일 접수 (seo47@kicox.or.kr)
※ 접수 확인을 위한 유선 연락 필수","이메일 접수 (seo47@kicox.or.kr)
※ 접수 확인을 위한 유선 연락 필수",https://www.bizinfo.go.kr/sii/siia/selectSIIA200Detail.do?pblancId=PBLN_000000000121281,main,primary,광주2026년중소기업맞춤형성장지원컨설팅참여기업모집공고,한국산업단지공단,차수별 상이~,경영,컨설팅
biz,PBLN_000000000121280,[강원] 호주 유통망입점 지원사업 참가기업 모집 공고,"강원특별자치도와 KOTRA 강원지원본부는 도내 수출 유망 중소ㆍ중견기업의 독일 시장 판로 개척을 위하여 아래와 같이 현지 유통망 입점 지원 사업 참가기업을 모집하오니 많은 관심과 참여 바랍니다.
☞ 강원특별자치도 내 본사 혹은 공장 소재 기업
- BuyKorea 등록 완료 혹은 예정 기업
☞ 유망기업 선정 후 유통망 바이어 매칭, 온라인 상담을 통한 수출 성약, 유통망 입점 지원",판로/수출,KOTRA강원지원본부,강원특별자치도,중소기업,중소기업,,,,,,,해외진출,2026-04-20,2026-05-08,,온라인 접수 (무역투자24 홈페이지),온라인 접수 (무역투자24 홈페이지),https://www.bizinfo.go.kr/sii/siia/selectSIIA200Detail.do?pblancId=PBLN_000000000121280,main,primary,강원호주유통망입점지원사업참가기업모집공고,kotra강원지원본부,2026-04-20~2026-05-08,수출,해외진출
biz,PBLN_000000000121279,[광주] 2026년 2차 창업기업 우수인력 인건비 지원사업  수혜기업 모집 공고,"2026년 창업기업 우수인력 인건비 지원사업에 참여할 광주 창업기업을 아래와 같이 모집합니다.
☞ 광주광역시 소재 7년이내 창업기업
- 사업자등록증상 주소지 기준 광주광역시인 중소기업
- 지원 인력과 개발하고자 하는 프로젝트 보유한 기업
☞ 우수경력자(기존인력) 최대 6백만원 이내 지원
※ 자세한 지원내용 공고문 참조",인력/일자리,광주테크노파크,광주광역시,창업벤처,초기창업기업,,,,,,,국내전문인력,2026-04-20,2026-05-19,,이메일 접수 (hansol@gjtp.or.kr),이메일 접수 (hansol@gjtp.or.kr),https://www.bizinfo.go.kr/sii/siia/selectSIIA200Detail.do?pblancId=PBLN_000000000121279,main,primary,광주2026년2차창업기업우수인력인건비지원사업수혜기업모집공고,광주테크노파크,2026-04-20~2026-05-19,인력,국내전문인력
biz,PBLN_000000000121278,[강원] 독일 유통망입점 지원사업 참가기업 모집 공고,"강원특별자치도와 KOTRA 강원지원본부는 도내 수출 유망 중소ㆍ중견기업의 독일 시장 판로 개척을 위하여 아래와 같이 현지 유통망 입점 지원 사업 참가기업을 모집하오니 많은 관심과 참여 바랍니다.
☞ 강원특별자치도 내 본사 혹은 공장 소재 기업
- BuyKorea 등록 완료 혹은 예정 기업
☞ 유망기업 선정 후 유통망 바이어 매칭, 온라인 상담을 통한 수출 성약, 유통망 입점을 위한 컨설팅(물류, 통관 등) 지원",판로/수출,KOTRA강원지원본부,강원특별자치도,중소기업,중소기업,,,,,,,해외진출,2026-04-20,2026-05-08,,온라인 접수 (무역투자24 홈페이지),온라인 접수 (무역투자24 홈페이지),https://www.bizinfo.go.kr/sii/siia/selectSIIA200Detail.do?pblancId=PBLN_000000000121278,main,primary,강원독일유통망입점지원사업참가기업모집공고,kotra강원지원본부,2026-04-20~2026-05-08,수출,해외진출
biz,PBLN_000000000121277,[강원] 캐나다 유통망입점 지원사업 참가기업 모집 공고,"강원특별자치도와 KOTRA 강원지원본부는 도내 수출 유망 중소ㆍ중견기업의 캐나다 시장 판로 개척을 위하여 아래와 같이 현지 유통망 입점 지원 사업 참가기업을 모집하오니 많은 관심과 참여 바랍니다.
☞ 강원특별자치도 내 본사 혹은 공장 소재 기업
- BuyKorea 등록 완료 혹은 예정 기업
☞ 유망기업 선정 후 유통망 바이어 매칭, 온라인 상담을 통한 수출 성약, 유통망 입점을 위한 컨설팅(물류, 통관 등) 지원",판로/수출,KOTRA강원지원본부,강원특별자치도,중소기업,중소기업,,,,,,,해외진출,2026-04-20,2026-05-08,,온라인 접수 (무역투자24 홈페이지),온라인 접수 (무역투자24 홈페이지),https://www.bizinfo.go.kr/sii/siia/selectSIIA200Detail.do?pblancId=PBLN_000000000121277,main,primary,강원캐나다유통망입점지원사업참가기업모집공고,kotra강원지원본부,2026-04-20~2026-05-08,수출,해외진출
biz,PBLN_000000000121276,[경북] 2026년 수출기업 통상경쟁력 강화지원(수출물류) 참가기업 모집 공고,"경상북도와 (재)경상북도경제진흥원은 도내 수출기업의 수출경쟁력 강화와 물류비 부담 완화를 위하여 수출물류비 지원사업 참가기업을 다음과 같이 모집하오니, 많은 참여를 바랍니다.
☞ 공장이 도내 소재한 제조 중소ㆍ중견기업 중 2026년 경북수출기업협회 유료회원사
☞ 지원대상기간 내 선적된 수출물류비 실비 지원 (기업당 최대 7백만원, 對중동 수출기업 최대 10백만원)",판로/수출,경상북도경제진흥원,경상북도,중소기업,중소기업,,,,,,,해외진출,예산 소진시 까지,,,온라인 접수(경상북도 수출물류비 지원),온라인 접수(경상북도 수출물류비 지원),https://www.bizinfo.go.kr/sii/siia/selectSIIA200Detail.do?pblancId=PBLN_000000000121276,main,primary,경북2026년수출기업통상경쟁력강화지원수출물류참가기업모집공고,경상북도경제진흥원,예산 소진시 까지~,수출,해외진출
biz,PBLN_000000000121275,[경기] 2026년 베트남 시큐텍(Secutech) 전시회 참가기업 모집 공고,"경기도는 도내 재난안전 기업의 해외 판로개척을 지원하기 위하여 해외 재난안전박람회 참가 사업으로 「베트남 시큐텍(Secutech)」에 통합 한국관 조성 및 도내 재난안전 기업의 참가 지원을 추진하오니, 역량 있는 재난안전 기업의 많은 참여 바랍니다.
☞ 「중소기업기본법」 제2조 규정에 의한 중소기업이면서, 기업 소재지 또는 전시제품 생산지가 경기도인 기업
※ 전시물품 해상운송 기간 소요로 ’26. 6월초까지 전시물품 준비완료 필요
☞ 부스임차 및 기본장치, 물류운송(왕복), 통역, 바이어 모집 등 지원
- 한국관 내 기업당 9㎡ 이내 전시 공간 제공, 기본장치 설치
- 물류운송량 1CBM 범위 내 지원(초과 시 참가기업 부담)
- 전시기간 동안 통역 1인 지원
- 기타 모집공고의 지원내용 외 기업 요구항목 중 협의",판로/수출,직접수행,경기도,중소기업,중소기업,,,,,,,해외진출,2026-04-20,2026-05-08,,"이메일 접수 (rainfall@gg.go.kr)
- 이메일 제목: (기업명) 베트남 시큐텍 박람회 참가 신청
","이메일 접수 (rainfall@gg.go.kr)
- 이메일 제목: (기업명) 베트남 시큐텍 박람회 참가 신청
",https://www.bizinfo.go.kr/sii/siia/selectSIIA200Detail.do?pblancId=PBLN_000000000121275,main,primary,경기2026년베트남시큐텍secutech전시회참가기업모집공고,직접수행,2026-04-20~2026-05-08,수출,해외진출
biz,PBLN_000000000121274,[경북] 2026년 2차 automechanika Frankfurt 경북 공동관 참가기업 추가모집 공고(2026년 자동차 부품전 경북 공동관 참가 지원사업),"경상북도와 (재)경상북도경제진흥원은 도내 자동차 부품 업체들의 해외 거래처 확대 및 브랜드 가치 강화를 위해「2026 automechanika Frankfurt 경북 공동관 참가기업」을 추가모집하오니 많은 참여 바랍니다.
☞ 경상북도수출기업협회 유료회원사 중 자동차 부품 제조 중소기업
- (전시품목 )자동차 부품, 정비ㆍ유지보수, 타이어ㆍ배터리, 액세서리 등
※ 자세한 지원대상 공고문 참조
☞ 전시회 참가에 따른 비용(전시참가ㆍ운영비)의 70% 지원
- 지원항목 : 부스 임차, 기본 장치비, 공동통역원(2명), 운송비, 디렉토리북 등재",판로/수출,경상북도경제진흥원,경상북도,중소기업,중소기업,,,,,,,해외진출준비,2026-04-20,2026-05-01,,이메일 접수(kth07@gepa.kr),이메일 접수(kth07@gepa.kr),https://www.bizinfo.go.kr/sii/siia/selectSIIA200Detail.do?pblancId=PBLN_000000000121274,main,primary,경북2026년2차automechanikafrankfurt경북공동관참가기업추가모집공고2026년자동차부품전경북공동관참가지원사업,경상북도경제진흥원,2026-04-20~2026-05-01,수출,해외진출준비
biz,PBLN_000000000121273,[경북] 경북ㆍ구미 방산혁신클러스터 국방기술 민간이전 사업 이전기술 사업화지원(시제품) 참여기업 모집 공고,"국방 유무인복합체계 유망기업들의 국방기술거래를 촉진하고, 우수기술 도입과 성공적인 기술사업화를 지원하기 위해 「국방 기술 민간이전 사업」참여기업 대상 이전기술 사업화지원을 다음과 같이 공고하오니, 경북 지역 기업의 많은 참여 바랍니다. 
☞ 공고일 기준 경북지역 본사(또는 공장) 소재 중소ㆍ벤처기업 중 방위산업으로 진입을 희망하는 기업 또는 방위산업 영위기업
- ① [경북ㆍ구미 방산혁신클러스터] 국방기술 민간이전 사업에 참여하여 국방기술을 이전받은 기업으로 이전기술의 사업화 달성을 위하여 시제품 제작이 필요한 기업
※ 방위사업청의 국방 기술이전 승인 필수
- ② 유무인복합체계 관련 기술을 적용하고자 하는 기업
☞ 이전기술 사업화지원(시제품 제작, 제품고급화) 기업당 최대 40,000천원 이내 지원",기술,경북테크노파크,경상북도,중소기업,중소기업,,,,,,,기술사업화/이전/지도,2026-04-17,2026-05-08,,온라인 접수 (경북테크노파크 홈페이지),온라인 접수 (경북테크노파크 홈페이지),https://www.bizinfo.go.kr/sii/siia/selectSIIA200Detail.do?pblancId=PBLN_000000000121273,main,primary,경북경북ㆍ구미방산혁신클러스터국방기술민간이전사업이전기술사업화지원시제품참여기업모집공고,경북테크노파크,2026-04-17~2026-05-08,기술,기술사업화/이전/지도
biz,PBLN_000000000121272,2026년 2차 서비스로봇용 Agile제조 전자융합부품 기업지원사업 신청기업 모집 공고,"전자융합부품 제조기업이 공동으로 활용가능한 Agile제조지원센터의 인프라(제조 및 신뢰성 시험)를 활용한 시제품 제작, 기술사업화, 기술자문지도 프로그램 수행을 지원하는 「2026년 서비스로봇용 Agile제조 전자융합부품 기업지원사업」 시행계획을 다음과 같이 공고합니다.
☞ 「중소기업기본법」제2조(중소기업자의 범위) 제1항 제1호에 준하는 중소기업
- 「중소기업창업지원법」제2조(정의)에 준하는 창업기업
☞ 시제품, 기술사업화, 기술자문지도 지원
※ 자세한 지원내용 공고문 참조",기술,구미전자정보기술원,산업통상부,중소기업,중소기업,,,,,,,기술사업화/이전/지도,2026-04-20,2026-04-30,,이메일 접수 (khyun@geri.re.kr),이메일 접수 (khyun@geri.re.kr),https://www.bizinfo.go.kr/sii/siia/selectSIIA200Detail.do?pblancId=PBLN_000000000121272,main,primary,2026년2차서비스로봇용agile제조전자융합부품기업지원사업신청기업모집공고,구미전자정보기술원,2026-04-20~2026-04-30,기술,기술사업화/이전/지도
biz,PBLN_000000000121271,[경기] 고양시 2026년 사회적경제 창업컨설팅 참여자(팀) 모집 공고,"고양시사회적경제지원센터에서는 사회문제 해결 및 사회적 가치를 추구하는 비즈니스모델을 보유한 창업가(팀) 발굴 및 육성을 위해 창업컨설팅 사업을 추진하오니 많은 참여를 바랍니다.
☞ 고양시에서 사회적경제기업을 창업(전환)하고자 하는 창업가(팀)
※ 자세한 지원대상 공고문 참조
☞ 사전 진단 및 담임제 성장 컨설팅, 네트워킹 및 워크숍 운영",경영,고양산업진흥원,경기도,사회적기업,사회적기업,,,,,,,컨설팅,2026-04-20,2026-04-30,,이메일 접수(webmaster1@gipa.or.kr),이메일 접수(webmaster1@gipa.or.kr),https://www.bizinfo.go.kr/sii/siia/selectSIIA200Detail.do?pblancId=PBLN_000000000121271,main,primary,경기고양시2026년사회적경제창업컨설팅참여자팀모집공고,고양산업진흥원,2026-04-20~2026-04-30,경영,컨설팅
biz,PBLN_000000000121270,2026년 하반기 독립예술영화 제작지원(다큐멘터리 (제작ㆍ후반제작)) 사업 추가 접수 공고,"참신하고 독창적인 우수 독립예술영화 발굴 및 영화문화 다양성 기여와 한국 독립예술영화 창작의 자율성과 예술성을 보장하고 안정적인 창작 환경을 조성하기 위해 독립예술영화(다큐멘터리 부문) 제작을 지원해드리는 사업입니다.
☞ 다큐멘터리영화 연출자 또는 연출자와 계약된 제작사
- 장편 다큐멘터리(제작, 후반제작) 영화 : 순제작비 10억원 미만의 장편 다큐멘터리 영화 (※ 장편: 런닝타임 60분 이상)
- 단편 다큐멘터리 영화 : 순제작비 5천만원 미만의 단편 다큐멘터리 영화 (※ 단편: 런닝타임 40분 미만)
※ 자세한 지원대상 공고문 참조
☞ 장편 다큐멘터리 영화(일반, 신인, 후반제작 부문), 다큐멘터리 영화 제작 지원
- 장편 최대 1억 원 이내 차등 지급 / 단편 최대 3천만 원 이내 차등 지급 / 후반제작 2천만원 이내 차등지급",경영,영화진흥위원회,문화체육관광부,중소기업,중소기업,,,,,,,디자인/상품화/사업화,2026-04-21,2026-05-06,,온라인 접수 (영화진흥위원회 홈페이지),온라인 접수 (영화진흥위원회 홈페이지),https://www.bizinfo.go.kr/sii/siia/selectSIIA200Detail.do?pblancId=PBLN_000000000121270,main,primary,2026년하반기독립예술영화제작지원다큐멘터리제작ㆍ후반제작사업추가접수공고,영화진흥위원회,2026-04-21~2026-05-06,경영,디자인/상품화/사업화
biz,PBLN_000000000121269,[부산] 2026년 블록체인기업 글로벌진출 지원사업 참가기업 모집 공고(과학기술정보통신부 블록체인 특화 클러스터 조성사업),"부산테크노파크는 2026년 블록체인 특화 클러스터 조성사업의 일환으로 관련 분야 우수기술 및 서비스를 보유한 부산지역 블록체인 기업의 해외시장 진출 및 글로벌 협력 네트워크 구축, 선진사례 연구를 위한 해외전시 참가기업을 아래와 같이 모집하오니, 많은 관심과 신청 바랍니다. 
☞ 블록체인 기반 기술 보유 기업 중 해외 진출 의향이 있고 부산 소재의 본사 또는 지사
☞ GITEX AI EUROPE 2026(독일 베를린) 전시, 글로벌 산업ㆍ기술 동향파악 및 비즈니스 세일링 지원
- 블록체인 한국관 內 입주(부스 장소, 기본 부스 세팅 제공) 지원
- 현지 IR데모데이 및 투자자/바이어 네트워킹, 통역 지원
- 기업별 1인에 한하여 체재비(항공/숙박) 지원",판로/수출,부산테크노파크,부산광역시,중소기업,중소기업,,,,,,,해외진출,2026-04-20,2026-05-06,,"이메일 접수 (kjh2012@btp.or.kr)
※ 신청 후 다음 날까지 “접수 완료” 메일 미수신 시 전화로 접수 확인 요망","이메일 접수 (kjh2012@btp.or.kr)
※ 신청 후 다음 날까지 “접수 완료” 메일 미수신 시 전화로 접수 확인 요망",https://www.bizinfo.go.kr/sii/siia/selectSIIA200Detail.do?pblancId=PBLN_000000000121269,main,primary,부산2026년블록체인기업글로벌진출지원사업참가기업모집공고과학기술정보통신부블록체인특화클러스터조성사업,부산테크노파크,2026-04-20~2026-05-06,수출,해외진출
biz,PBLN_000000000121268,[인천] 2026년 인천형 특별 경영안정자금 지원 공고(금융비용 확대 지원을 위한 하나은행 출연 및 협업),"인천광역시 중소기업경영안정자금 지원 및 운용조례 제6조의 규정에 의거 ‘2026년 인천형 특별 경영안정자금(하나은행 출연 및 협업)’지원사업을 다음과 같이 공고합니다.
☞ 인천 소재 제조업 또는 제조업관련업 중소기업
- 경영안정자금 지원 업종(관내 공장을 운영중인 제조기업 또는 제조업관련업)을 영위하면서 하나은행 대출이 가능한 기업
☞ 은행 대출 운전자금의 이자차액보전 지원
- 지원 한도 : 일반기업 10억원(우대10~100억원, 업체별 세부심사기준에 따라 다름)
※ 최근 결산년도 매출액의 1/3과 지원 한도 중 적은 금액이 최대한도 (최저 2억원)
- 지원기간 : 1년(만기 일시 상환)
- 지원 금리 : 이차보전 1.9%p 균등지원(하나은행 0.6%p, 인천시 1.3%p)",자금,인천테크노파크,인천광역시,중소기업,중소기업,,,,,,,융자,예산 소진시까지,,,온라인 접수 (비즈오케이 홈페이지),온라인 접수 (비즈오케이 홈페이지),https://www.bizinfo.go.kr/sii/siia/selectSIIA200Detail.do?pblancId=PBLN_000000000121268,main,primary,인천2026년인천형특별경영안정자금지원공고금융비용확대지원을위한하나은행출연및협업,인천테크노파크,예산 소진시까지~,금융,융자
biz,PBLN_000000000121267,[인천] 2026년 우수 콘텐츠 사업화 지원 기업 모집 공고,"인천테크노파크에서는 「2026년 인천콘텐츠기업지원센터 운영사업」의 일환으로 인천지역 문화콘텐츠 기업의 국내외 시장 진출에 실질적으로 필요한 비용 및 활동을 지원하기 위해 ‘2026년 우수 콘텐츠 사업화 지원 사업’을 추진하오니 콘텐츠 기업의 많은 참여 바랍니다.
☞ 인천 소재(본사) 콘텐츠기업
☞ 인천 초기 문화콘텐츠기업의 국내외 시장진출에 실질적으로 필요한 자금(권리화, 마케팅, 판로개척) 지원
- 기업당 최대 10백만원 지원
- 권리화(지식재산권, 인증), 마케팅(홍보영상, 홈페이지/앱, 온오프라인 마케팅, AI 툴 구독료, SW임차), 판로개척(전시참가, 플랫폼 입점) 지원
- 지원분야 단일 또는 4개 이하 지원항목 복수 선택 가능",경영,인천테크노파크,인천광역시,중소기업,중소기업,,,,,,,디자인/상품화/사업화,2026-04-20,2026-05-08,,온라인 접수(e나라도움),온라인 접수(e나라도움),https://www.bizinfo.go.kr/sii/siia/selectSIIA200Detail.do?pblancId=PBLN_000000000121267,main,primary,인천2026년우수콘텐츠사업화지원기업모집공고,인천테크노파크,2026-04-20~2026-05-08,경영,디자인/상품화/사업화
kst,177448,⌜2026년 AICT 표준기술 개발 지원사업⌟ 참여기업 모집 재공고,천안과학산업진흥원에서는 천안시 8대 전략산업의 지속 가능한 성장을 위해 천안 관내 기업이 보유한 기술의 표준화를 추진 지원하는「2026년 AICT 표준기술 개발 지원사업」에 참여할 기업을 다음과 같이 모집 공고하오니 많은 관심과 참여 바랍니다.,기술,공공기관,충남,일반기업,기업,"만 20세 미만,만 20세 이상 ~ 만 39세 이하,만 40세 이상",,,천안시 8대 전략산업 관련 자체 연구개발 기술역량 보유 및 표준경쟁력 확보가 필요한 천안시 소재지를 둔 기업,,"1년미만,2년미만,3년미만,5년미만,7년미만,10년미만",기술개발(R&amp;D),20260430,20260513,,,"온라인 접수: None
이메일 접수: BlXup80Jmw39pUI/bS//0U3U3zBHIhsxCzFDIN42oeI=
팩스 접수: None
우편 접수: None
방문 접수: None
기타 접수: None",https://www.k-startup.go.kr/web/contents/bizpbanc-ongoing.do?schM=view&pbancSn=177448,main,primary,2026년aict표준기술개발지원사업참여기업모집재공고,공공기관,20260430~20260513,기술개발(R&D),기술개발(R&D)
kst,177445,소담스퀘어 당산 마케팅(로고 · 디자인 제작) 지원사업 참여기업 모집,기업 및 제품 특성을 반영한 로고 및 브랜드 디자인 기획·제작 지원이 필요한 소상공인분들의 많은 관심과 참여 부탁드립니다.,창업,민간,전국,"대학생,일반인,대학,연구기관,일반기업,1인 창조기업","기업,청년,초기창업기업","만 20세 이상 ~ 만 39세 이하,만 40세 이상",,,"- 브랜드 또는 제품을 보유한 국내 소상공인
- 브랜드 디자인 구축을 희망하는 기업 
* 중소기업확인서 기준 '소상공인'으로 분류되는 사업체

소기업 / 중기업은 지원 대상에서 제외",,"1년미만,2년미만,3년미만,5년미만,7년미만,10년미만",사업화,20260430,20260506,,,"온라인 접수: https://docs.google.com/forms/d/1NrHjjZ2wQaMlvbRDwq_Tb6Zv1cZfnRuXi5GhTRm1Tc8/edit
이메일 접수: None
팩스 접수: None
우편 접수: None
방문 접수: None
기타 접수: None",https://www.k-startup.go.kr/web/contents/bizpbanc-ongoing.do?schM=view&pbancSn=177445,main,primary,소담스퀘어당산마케팅로고디자인제작지원사업참여기업모집,민간,20260430~20260506,사업화,사업화
kst,177444,[영등포구x소담스퀘어 당산] 완판대로 LIVE 소상공인 디지털 전환교육 참여기업 모집,영등포구 소상공인의 디지털 전환 역량 강화를 위한 「완판대로 LIVE 교육」참여자를 모집합니다. 많은 관심과 참여 부탁드립니다.,창업,민간,전국,"대학생,일반인,대학,연구기관,일반기업,1인 창조기업","기업,소상공인,청년,초기창업기업","만 20세 이상 ~ 만 39세 이하,만 40세 이상",,,"영등포구 소재 디지털 전환 교육이 필요한 소상공인

소기업 / 중기업은 지원 대상에서 제외",,"1년미만,2년미만,3년미만,5년미만,7년미만,10년미만",창업교육,20260430,20260508,,,"온라인 접수: https://naver.me/5YowUOBi
이메일 접수: None
팩스 접수: None
우편 접수: None
방문 접수: None
기타 접수: None",https://www.k-startup.go.kr/web/contents/bizpbanc-ongoing.do?schM=view&pbancSn=177444,main,primary,영등포구x소담스퀘어당산완판대로live소상공인디지털전환교육참여기업모집,민간,20260430~20260508,창업교육,창업교육
kst,177443,2026 Global Startup Office (GSO) Recruitment Notice for Resident Companies,"The Korea Institute of Startup & Entrepreneurship Development (KISED) is recruiting foreign startups to join the Global Startup Office (GSO), a dedicated workspace supporting overseas startups entering Korea and foreign entrepreneurs launching businesses.",시설/공간,공공기관,서울,"청소년,대학생,일반인,대학,연구기관,일반기업,1인 창조기업","기업,청년,초기창업기업","만 20세 미만,만 20세 이상 ~ 만 39세 이하,만 40세 이상",,,(Pre-) Foreign-ownedstartupcompanies,,"예비창업자,1년미만,2년미만,3년미만,5년미만,7년미만,10년미만",시설ㆍ공간ㆍ보육,20260429,20260513,,,"온라인 접수: https://www.startup-korea.com/
이메일 접수: None
팩스 접수: None
우편 접수: None
방문 접수: None
기타 접수: None",https://www.k-startup.go.kr/web/contents/bizpbanc-ongoing.do?schM=view&pbancSn=177443,main,primary,2026globalstartupofficegsorecruitmentnoticeforresidentcompanies,공공기관,20260429~20260513,시설ㆍ공간ㆍ보육,시설ㆍ공간ㆍ보육
kst,177442,관광벤처사업 공모전,"우수한 관광사업 아이템을 보유하고 있는 창업기업 발굴 및 지원을 목적으로
[제18회 관광벤처사업 성장부문] 에 참여할 사업자를 모집하오니 많은 관심과 참여 부탁드립니다.",창업,공공기관,전국,"청소년,대학생,일반인,대학,연구기관,일반기업,1인 창조기업","기업,청년,초기창업기업","만 20세 미만,만 20세 이상 ~ 만 39세 이하,만 40세 이상",,,"제18회 성장관광벤처 사업 공모를 공고하오니, 창업 후 업력 7년 이내 기업의 많은 관심 부탁드립니다.",,7년미만,사업화,20260429,20260515,,,"온라인 접수: https://touraz.kr/announcementList/pssrpView?pssrpSeqEnc=2MktknS1BalXyspHlEbCCw==&curPage=1&searchPeriod=1&searchText=%EC%84%B1%EC%9E%A5&isComsubmit=1&searchPssrpDept=null&tabMode=ktoip&cntPerPage=12&searchCd=all&searchStatus=&searchPssrpDivCd=&searchStatus=&searchPeriod=1&searchPssrpDivCd=
이메일 접수: None
팩스 접수: None
우편 접수: None
방문 접수: None
기타 접수: None",https://www.k-startup.go.kr/web/contents/bizpbanc-ongoing.do?schM=view&pbancSn=177442,main,primary,관광벤처사업공모전,공공기관,20260429~20260515,사업화,사업화
kst,177439,2026 베트남 텔레필름(Telefilm Vietnam) 공동관 참가기업 모집,베트남 텔레필름 참가기업 모집을 다음과 같이 공고하오니 참여를 희망하는 기업은 안내에 따라 신청하시기 바랍니다,판로/수출,공공기관,경기,"일반기업,1인 창조기업","기업,초기창업기업","만 20세 이상 ~ 만 39세 이하,만 40세 이상",,,경기도 소재 방송/영화/영상 IP 보유 기업,,"1년미만,2년미만,3년미만,5년미만,7년미만,10년미만",판로ㆍ해외진출,20260406,20260513,,,"온라인 접수: https://www.gcon.or.kr/gcon/business/gconNotice/view.do?pbancSrnm=11155&menuNo=200061&pageIndex=1
이메일 접수: None
팩스 접수: None
우편 접수: None
방문 접수: None
기타 접수: None",https://www.k-startup.go.kr/web/contents/bizpbanc-ongoing.do?schM=view&pbancSn=177439,main,primary,2026베트남텔레필름telefilmvietnam공동관참가기업모집,공공기관,20260406~20260513,판로ㆍ해외진출,판로ㆍ해외진출
kst,177438,2026년 글로벌 소상공인(K-소상공인) 육성사업 소상공인 모집 공고,수출 역량을 보유한 유망 소상공인 수출 기업화 지원을 위한 2026년 글로벌 소상공인(K-소상공인) 육성 사업의 지원대상자를 다음과 같이 모집합니다.,판로/수출,민간,전국,"일반기업,1인 창조기업","기업,소상공인,초기창업기업","만 20세 미만,만 20세 이상 ~ 만 39세 이하,만 40세 이상",,,"(신청자격) 「소상공인기본법」제2조에 따른 소상공인으로 신청일 현재 정상적으로 영업 중인 소상공인

(신청요건) 신청요건 중 1개 이상 충족하는 소상공인

 ① 신사업창업사관학교 졸업기업, 로컬크리에이터 육성 수혜업체, 강한 소상공인 선정기업, 민간투자연계형 매칭융자(립스Ⅰ), 혁신소상공인투자연계지원(립스Ⅱ) 旣 지원 기업
 ② 공고일 기준 3년 이내, 소상공인투자연계지원사업 민간운영사에게 기투자 받은 기업
    (단, 현재 투자금 유지, 투자형태는 신주투자, 산업권투자, 지분전환계약 인정)
 ➂ 최근 3개년도(‘23년~’25년) 中 1개년 연간 수출실적 3만 달러 이상 기업

자세한 사항은 공고문 내  (지원대상) 참조

공고문 내 (지원대상) 참조",,"예비창업자,1년미만,2년미만,3년미만,5년미만,7년미만,10년미만",글로벌,20260420,20260515,,,"온라인 접수: https://www.sbiz24.kr/#/pbanc/654
이메일 접수: None
팩스 접수: None
우편 접수: None
방문 접수: None
기타 접수: None",https://www.k-startup.go.kr/web/contents/bizpbanc-ongoing.do?schM=view&pbancSn=177438,main,primary,2026년글로벌소상공인k소상공인육성사업소상공인모집공고,민간,20260420~20260515,글로벌,글로벌
kst,177437,벤처확인인증 사전진단&일대일 무료 밋업 지원사업,"벤처기업확인 인증은 자금조달, 정부지원사업 가점, 세제 감면 등 기업 성장의 든든한 발판이 되는 핵심 인증제도 입니다. 이번 1:1밋업에서는 벤처확인 제도에 대한 정확한 이해를 돕고, 신청 전략부터 준비서류 작성법, 실제 심사 대응 노하우까지 실무 중심의 정보를 제공합니다. 참여를 희망하시는 기업 대표님께서는 아래 구글폼으로 신청해주시기 바랍니다. 본 1:1밋업은 무료로 진행되며, 선발된 기업에게 개별 안내됩니다.",교육/멘토링,민간,전국,"일반기업,1인 창조기업","기업,예비창업자,초기창업기업","만 20세 미만,만 20세 이상 ~ 만 39세 이하,만 40세 이상",,,"- 2026년 벤처확인인증을 목표로 하는 기업
- 기존 벤처컨설팅을 받아봤지만 부족함을 느낀 기업
- 창업 후 3년이 되어가는 기업

- 벤처기업에 포함되지 않는 업종 ( 일반 유흥 주점업, 무도 유흥 주점업, 기타 주점업, 블록체인 기반 암호화 자산 매매 및 중개업, 기타 사행시설 관리 운영업, 무도장 운영업)
- 신청일 기준 회사 설립이 완료되지 않은 기업 (예비창업자)
- 국제 또는 지방세 체납으로 규제 중인 자
- 공고 마감일 기준 휴업 중인 기업, 금융기관 등으로부터 채무불이행으로 규제 중인 자 또는 기업",,"1년미만,2년미만,3년미만,5년미만,7년미만,10년미만",멘토링ㆍ컨설팅ㆍ교육,20260504,20260531,,,"온라인 접수: http://forms.gle/9jngeM8iuMHftyEy6
이메일 접수: None
팩스 접수: None
우편 접수: None
방문 접수: None
기타 접수: None",https://www.k-startup.go.kr/web/contents/bizpbanc-ongoing.do?schM=view&pbancSn=177437,main,primary,벤처확인인증사전진단일대일무료밋업지원사업,민간,20260504~20260531,멘토링ㆍ컨설팅ㆍ교육,멘토링ㆍ컨설팅ㆍ교육
kst,177436,2026 벤처확인 인증준비기업 맞춤형 무료 진단 지원사업,"벤처기업확인인증은 기업의 자금조달, 정부지원사업 참여 시 가점 확보, 세제 혜택 등 다양한 제도적 지원을 받을 수 있는 핵심 인증입니다.
벤처기업확인 맞춤형 진단평가를 통해 기업 경쟁력을 강화하고자 참여를 희망하시는 분은 아래 구글폼으로 신청해주시기 바랍니다.
사전진단 및 컨설팅은 무료로 진행되며，선발된 기업에게 개별 안내됩니다．",창업,민간,전국,"일반기업,1인 창조기업","기업,예비창업자,초기창업기업","만 20세 미만,만 20세 이상 ~ 만 39세 이하,만 40세 이상",,,"- 올해 2026년에 벤처기업확인 인증을 준비하는 스타트업
- 벤처확인 신청을 준비하면서, 실질적인 서류 작성 방법과 현장 실사 대응 전략이 필요한 기업
- 정책자금 우대 및 정부 지원사업 참여 시 가점을 받기 위해 벤처 인증을 필요로 하는 기업
- 소득세·법인세 등의 세제 혜택을 고려하여 벤처기업 인증을 추진 중인 기업

- 벤처기업에 포함되지 않는 업종 ( 일반 유흥 주점업, 무도 유흥 주점업, 기타 주점업, 블록체인 기반 암호화 자산 매매 및 중개업, 기타 사행시설 관리 운영업, 무도장 운영업)
- 신청일 기준 회사 설립이 완료되지 않은 기업 (예비창업자)
- 국제 또는 지방세 체납으로 규제 중인 자
- 공고 마감일 기준 휴업 중인 기업, 금융기관 등으로부터 채무불이행으로 규제 중인 자 또는 기업",,"1년미만,2년미만,3년미만,5년미만,7년미만,10년미만",사업화,20260501,20260531,,,"온라인 접수: https://forms.gle/8zN2oALwXmTnUte98
이메일 접수: None
팩스 접수: None
우편 접수: None
방문 접수: None
기타 접수: None",https://www.k-startup.go.kr/web/contents/bizpbanc-ongoing.do?schM=view&pbancSn=177436,main,primary,2026벤처확인인증준비기업맞춤형무료진단지원사업,민간,20260501~20260531,사업화,사업화
kst,177435,2026년 상반기 D-테스트베드 참여자 모집,"금융위원회와 한국핀테크지원센터는 초기 핀테크 아이디어를 테스트하고 그 효과성을 시험해볼 수 있도록 금융·비금융 결합데이터 및 분석 환경 등을 지원하는 D-테스트베드 사업을 운영하고 있습니다.
이에 따라, 「2026년 D-테스트베드」사업의 상반기 참여자 모집을 아래와 같이 공모하오니 관심 있는 기업과 개인의 많은 참여 바랍니다.",창업,민간,전국,"청소년,대학생,일반인,대학,연구기관,일반기업,1인 창조기업","기업,청년,초기창업기업","만 20세 미만,만 20세 이상 ~ 만 39세 이하,만 40세 이상",,,"제공되는 데이터 및 인프라를 활용하여 자신의 아이디어 검증을 희망하는 기업, 개인(팀 포함)

(GPU 지원 전형 한정) 개인 신청불가, 기업만 신청 가능",,"예비창업자,1년미만,2년미만,3년미만,5년미만,7년미만,10년미만",사업화,20260420,20260515,,,"온라인 접수: https://dtest.fintech.or.kr/
이메일 접수: None
팩스 접수: None
우편 접수: None
방문 접수: None
기타 접수: None",https://www.k-startup.go.kr/web/contents/bizpbanc-ongoing.do?schM=view&pbancSn=177435,main,primary,2026년상반기d테스트베드참여자모집,민간,20260420~20260515,사업화,사업화
kst,177433,2026년 문화콘텐츠창업보육센터 사업화 지원사업 모집 공고,"(재)전남정보문화산업진흥원은 전남 문화콘텐츠 산업 분야의 창업기반 조성 및 유망기업의 성장지원을 위한 ⌜2026년 문화콘텐츠창업보육센터 사업화 지원사업⌟을 공고하오니, 역량있는 (예비)창업자 및 기업의 많은 관심과 참여 바랍니다.",창업,공공기관,전남,"일반인,일반기업,1인 창조기업","기업,초기창업기업","만 20세 이상 ~ 만 39세 이하,만 40세 이상",,,예비 창업자 및 공고일 기준 전라남도 소재 3년 미만 문화콘텐츠기업,,"예비창업자,3년미만",사업화,20260427,20260522,,,"온라인 접수: None
이메일 접수: EZZrEf7KkLYnPPktU3/S4p5K0kQb5v9S7W6d89HYzVI=
팩스 접수: None
우편 접수: None
방문 접수: 전라남도 나주시 그린로 317-13 해송타워 5층 전남글로벌게임센터
기타 접수: None",https://www.k-startup.go.kr/web/contents/bizpbanc-ongoing.do?schM=view&pbancSn=177433,main,primary,2026년문화콘텐츠창업보육센터사업화지원사업모집공고,공공기관,20260427~20260522,사업화,사업화
kst,177431,2026년도 제2차 기상기업성장지원센터 신규 입주기업 모집 공,"한국기상산업기술원에서는 기상기후 창업기업(예비창업자) 및 기상기업에 대한 체계적 창업보육을 통해 기업의 자생력 확보, 시장경쟁력 강화 및 신규 일자리 창출을 활성화하고자 ‘기상기업성장지원센터’를 운영하고 있습니다. 이에, 2026년 신규 입주기업을 다음과 같이 모집하오니 기상기후분야 예비창업자(창업기업) 및 기상기업 여러분의 많은 참여 바랍니다.",시설/공간,공공기관,서울,일반기업,"기업,예비창업자","만 20세 미만,만 20세 이상 ~ 만 39세 이하,만 40세 이상",,,"□ 모집대상: 기상·기후 관련분야 창업기업(예비창업자) 및 기상기업
□ 모집분야: AI 융합기술, 탄소중립, 신재생에너지, 기후리스크 관련 기업
□ 신청자격
* 기상기후기술 및 기상산업 관련 분야의 사업화를 위한 예비창업자
* 「중소기업창업 지원법」제2조 3호 해당하는 신청년도 기준 7년 이내 기상기후 창업기업
* 입주기간 내 경고 등 위반사항이 없으며, 졸업이후 1년 이상 경과한 기상기업성장지원센터 졸업기업

* 타 창업보육센터에 지원을 받고 있는 자
* 금융신용도 불량자, 관련법규나 사회통념상 문제가 있는 경우
* 신청된 기술의 주된 기술에 대한 권리가 해당 기업 또는 대표자에게 있지 아니한 경우
* 휴․폐업 중에 있는 자
* 허위, 그밖에 부정한 방법으로 신청서류를 제출한 경우
* 기상기업성장지원센터 강제퇴거기업, 협약 위반기업, 입주기간 내 경고를 받은 기업, 졸업 후 1년 이상 경과하지 않은 기업
* 기상기업성장지원센터 입주기간 7년 초과한 기업",,"예비창업자,7년미만",시설ㆍ공간ㆍ보육,20260423,20260515,,,"온라인 접수: None
이메일 접수: rJhbgta7sxZJmWmf6WyMhOWtg70OnhODl//4vhlvp5U=
팩스 접수: None
우편 접수: None
방문 접수: None
기타 접수: None",https://www.k-startup.go.kr/web/contents/bizpbanc-ongoing.do?schM=view&pbancSn=177431,main,primary,2026년도제2차기상기업성장지원센터신규입주기업모집공,공공기관,20260423~20260515,시설ㆍ공간ㆍ보육,시설ㆍ공간ㆍ보육
kst,177430,[3D-FAB] 26년 3D프린팅 네트워킹데이(제품개발의 방향을 함께 찾는 실전 멘토링)  참가자 모집,"3D-FAB은 과학기술정보통신부 소관의 정보통신산업진흥원에서 예비창업자, 스타트업, 중소기업을 위해 준비한 3D프린팅 기술 복합지원 공간입니다.
3D프린팅 기술을 활용하여 제품을 개발하는 개발자 및 기업들을 대상으로
기술 실현 및 애로사항 극복을 위한 인사이트를 제공하기 위하여, 「'26년 마포3D-FAB 3D프린팅 네트워킹데이를 개최합니다.
각 분야별 전문가를 초청하여 유사한 애로사항을 가진 참석자들을 중심으로 그룹을 구성하여 제품개발 과정에서 필요한 실무 지식과 노하우를 공유하고,
현실적인 해결방안을 함께 도출하여 함께 성장할 수 있는 자리입니다.
3D-FAB과 함께 자유로운 분위기에서 진행될 네트워킹데이 행사에 많은 관심과 참여 부탁드립니다.",행사/네트워크,민간,전국,"대학생,일반인,대학,연구기관,일반기업,1인 창조기업","기업,예비창업자,청년,초기창업기업","만 20세 이상 ~ 만 39세 이하,만 40세 이상",,,"3D프린팅 기술을 활용하여 제품을 개발중인 개발자(예비창업자, 스타트업, 중소기업)

필수 제출 서류가 미비하거나 누락된 경우 신청 접수 보류 처리",,"예비창업자,1년미만,2년미만,3년미만,5년미만,7년미만,10년미만",행사ㆍ네트워크,20260429,20260513,,,"온라인 접수: https://3d-fab.kr/kor/event/view.php?pNo=1&idx=28
이메일 접수: None
팩스 접수: None
우편 접수: None
방문 접수: None
기타 접수: None",https://www.k-startup.go.kr/web/contents/bizpbanc-ongoing.do?schM=view&pbancSn=177430,main,primary,3dfab26년3d프린팅네트워킹데이제품개발의방향을함께찾는실전멘토링참가자모집,민간,20260429~20260513,행사ㆍ네트워크,행사ㆍ네트워크
kst,177429,지역창업특화지원,｢수원시 1인 창조기업 지원센터｣는 우수하고 참신한 아이템으로 창업에 도전하는 1인 창조기업을 다음과 같이 모집합니다.,시설/공간,지자체,경기,"일반인,일반기업,1인 창조기업","기업,예비창업자,초기창업기업","만 20세 미만,만 20세 이상 ~ 만 39세 이하,만 40세 이상",,,창의적 아이디어를 바탕으로 7년 이내 1인 창조기업 창업자 및 3개월 이내에 창업이 가능한 예비창업자(공고일 기준),,"예비창업자,7년미만",시설ㆍ공간ㆍ보육,20260428,20260513,,,"온라인 접수: None
이메일 접수: Vr4ZOYTETgZmmsSNOCoOTA==
팩스 접수: None
우편 접수: None
방문 접수: None
기타 접수: None",https://www.k-startup.go.kr/web/contents/bizpbanc-ongoing.do?schM=view&pbancSn=177429,main,primary,지역창업특화지원,지자체,20260428~20260513,시설ㆍ공간ㆍ보육,시설ㆍ공간ㆍ보육
kst,177428,「2026 사천 청년·전환세대 창업·창직 프로젝트 THE LANDING」 참여자 모집,사천시 청년센터에서는 지역자원을 기반으로 한 창업 아이템 발굴과 청년 및 전환세대의 안정적인 창업 진입을 지원하기 위해 「2026 사천 청년·전환세대 창업·창직 프로젝트 THE LANDING 」 참여자를 다음과 같이 모집하오니 많은 관심과 참여 바랍니다.,창업,지자체,경남,"청소년,대학생,일반인,1인 창조기업","예비창업자,청년,초기창업기업","만 20세 이상 ~ 만 39세 이하,만 40세 이상",,,"❍ 신청자격
∙ 사천시 거주 또는 생활권자(재직∙재학)
※ 생활권자: 주민등록상 거주지는 사천시가 아니지만, 사천시 내에서 학교나 직장 등으로 사천시에서 생활하는 사람
∙ 사천시 내 예비창업자 또는 창업 3년 이내 초기 창업자 
※ 사업장 기준 사천시 필수

❍ 연령기준
∙ 청년 18~39세(1987.01.01. ~ 2008.12.31. 출생자) 및 경력단절여성 우선 선발 
∙ 전환세대 40~54세(1972.01.01.~1986.12.31. 출생자) 
∙ 사천시 지역자원 활용형 아이템(문화‧관광‧시장‧노포‧해양‧우주항공 등) 우대

공고문 참조",,"예비창업자,1년미만,2년미만,3년미만",사업화,20260427,20260507,,,"온라인 접수: None
이메일 접수: QC4+Kuobhl98rAcKmPJRaV+SKJFH5cl9SEgerntcyaM=
팩스 접수: None
우편 접수: None
방문 접수: None
기타 접수: None",https://www.k-startup.go.kr/web/contents/bizpbanc-ongoing.do?schM=view&pbancSn=177428,main,primary,2026사천청년전환세대창업창직프로젝트thelanding참여자모집,지자체,20260427~20260507,사업화,사업화
kst,177427,지역창업특화지원,"성남산업진흥원에서 운영하는『성남 중장년 기술창업센터』의 신규 입주기업을 다음과 같이 모집하오니, 전문경력을 보유하고 기술창업을 준비 중인 (예비)창업자분들의 많은 관심과 지원 바랍니다.",시설/공간,공공기관,전국,"대학생,일반인,대학,연구기관,일반기업,1인 창조기업","기업,예비창업자,청년,초기창업기업","만 20세 이상 ~ 만 39세 이하,만 40세 이상",,,"□ 신청 자격
ㅇ 공고일 기준 만 40세 이상, 창업 3년 이내의 (예비)창업자 (※ 총 모집기업의 80%이상)
ㅇ 연령 무관, 창업 7년 이내의 창업자(※ 총 모집기업의 20%이하)
ㅇ 외국인의 경우, 만료일자가 입주기간을 초과하지 않는 외국인등록증을 보유하거나, 재외국민 국내거소신고증 또는 외국국적동포 국내거소신고증을 보유하고 있는 경우, 장기체류자격취득자

예비창업자
ㅇ 신청자가 사업자 등록(개인/법인)을 하지 않은 자

창업기업
ㅇ 공고일 기준 창업 3년 이내(혹은 7년 이내) 기업
- 개인 : 사업자등록증명상 개업연월일 기준
- 법인 : 법인등기부등본상 회사성립연월일 기준

□ (입주 시) 의무 사항
ㅇ성남 중장년 기술창업센터 운영지침(이용수칙, 행위제한 등) 준수
ㅇ경영평가 결과 성적 미달 및 운영규정 미준수자 중도 퇴실

예비창업자
ㅇ(필수) 입주 후 6개월 이내 센터 주소지로 창업

창업기업
ㅇ(필수) 입주 후 3개월 이내 센터 주소지로 사업자 이전

□ 지원 제외
ㅇ 금융기관 등으로부터 채무불이행 및 국세 또는 지방세 체납중인 자(기업)
ㅇ 정부 부처 및 지방자치단체, 기관 사업에 참여 제한중인 자(기업)
ㅇ 공해유발 등 집적시설에 부적한 업종으로 인정되는 자(기업)
ㅇ 기타 심의위원회에서 부적합하다고 인정하는 자(기업)",,"예비창업자,7년미만",시설ㆍ공간ㆍ보육,20260428,20260514,,,"온라인 접수: https://portal.snip.or.kr:8443/portal/snip/MainMenu/businessManagement/application.page?portlet=2026-0114&portlet2=4100&ptlYn=Y
이메일 접수: None
팩스 접수: None
우편 접수: None
방문 접수: 경기도 성남시 분당구 성남대로 331번길 8, 킨스타워 802호
기타 접수: None",https://www.k-startup.go.kr/web/contents/bizpbanc-ongoing.do?schM=view&pbancSn=177427,main,primary,지역창업특화지원,공공기관,20260428~20260514,시설ㆍ공간ㆍ보육,시설ㆍ공간ㆍ보육
kst,177426,민간투자주도형 기술창업 활성화 지원,"창업 초기부터 TIPS 도전까지, 투자·멘토링·보육 등의 체계적인 지원으로 미래유망 창업기업을 육성하는『2026년 민간투자주도형 기술창업 활성화 지원사업』에 참여할 도내 유망 창업 (예비)기업을 다음과 같이 모집하오니 많은 관심과 참여 바랍니다.",교육/멘토링,민간,전국,"청소년,대학생,일반인,대학,연구기관,일반기업,1인 창조기업","기업,예비창업자,청년,초기창업기업","만 20세 미만,만 20세 이상 ~ 만 39세 이하,만 40세 이상",,,"사업 공고일(’26.4.28.) 기준, 첨단제조(피지컬AI) 사업화 분야 7년 미만 창업기업 또는 예비창업자",,"예비창업자,1년미만,2년미만,3년미만,5년미만,7년미만",멘토링ㆍ컨설팅ㆍ교육,20260428,20260517,,,"온라인 접수: None
이메일 접수: S4ms/9wkJuJE5bHoQ8uZ8euJcSrdqtMUrYMfEAf4pFA=
팩스 접수: None
우편 접수: None
방문 접수: None
기타 접수: None",https://www.k-startup.go.kr/web/contents/bizpbanc-ongoing.do?schM=view&pbancSn=177426,main,primary,민간투자주도형기술창업활성화지원,민간,20260428~20260517,멘토링ㆍ컨설팅ㆍ교육,멘토링ㆍ컨설팅ㆍ교육
kst,177425,2026년 KICXUP 서울 입주기업 모집공고,"한국산업단지공단에서 KICXUP 서울에 입주할 혁신 스타트업을 모집합니다. 입주기업을 대상으로 사무공간 오피스 인프라, 산업단지 입주 대중견기업 오픈이노베이션, 신용보증기금 금융 지원, 맞춤형 성장지원 서비스(오피스아워) 등을 제공할 계획이오니, 역량 있는 스타트업의 많은 관심 바랍니다.",시설/공간,민간,전국,일반기업,기업,"만 20세 이상 ~ 만 39세 이하,만 40세 이상",,,"법인 설립 7년 미만 스타트업

국세, 지방세, 4대 보험료를 체납 중인 기업
기타 한국산업단지공단이 부적당 하다고 판단한 입주 희망자",,7년미만,시설ㆍ공간ㆍ보육,20260429,20260512,,,"온라인 접수: https://forms.gle/yherGm7fs5zuJkga6
이메일 접수: None
팩스 접수: None
우편 접수: None
방문 접수: None
기타 접수: None",https://www.k-startup.go.kr/web/contents/bizpbanc-ongoing.do?schM=view&pbancSn=177425,main,primary,2026년kicxup서울입주기업모집공고,민간,20260429~20260512,시설ㆍ공간ㆍ보육,시설ㆍ공간ㆍ보육
kst,177424,[강동구 청년해냄센터] 전문분야 창업멘토링 5월 참가자 모집,강동구 청년해냄센터에서 전문분야 창업 멘토링 데이 계획을 다음과 같이 공고하오니 참여 희망자는 안내에 따라 신청하시기 바랍니다.,교육/멘토링,공공기관,전국,"청소년,대학생,일반인,대학,연구기관,일반기업,1인 창조기업","기업,예비창업자,청년,초기창업기업","만 20세 미만,만 20세 이상 ~ 만 39세 이하,만 40세 이상",,,"예비창업자, 기창업자",,"예비창업자,1년미만,2년미만,3년미만,5년미만,7년미만,10년미만",멘토링ㆍ컨설팅ㆍ교육,20260428,20260512,,,"온라인 접수: http://www.gdhaenaem.com/?c=168&s=&gp=1&gbn=viewok&ix=11229
이메일 접수: None
팩스 접수: None
우편 접수: None
방문 접수: None
기타 접수: None",https://www.k-startup.go.kr/web/contents/bizpbanc-ongoing.do?schM=view&pbancSn=177424,main,primary,강동구청년해냄센터전문분야창업멘토링5월참가자모집,공공기관,20260428~20260512,멘토링ㆍ컨설팅ㆍ교육,멘토링ㆍ컨설팅ㆍ교육
kst,177422,글로벌 진출 지원사업(글로벌 SaaS 마켓플레이스 지원사업),"빅테크 마켓플레이스 등록, 제품 고도화, 해외 현지 홍보에 관심이 있는 기업의 많은 참여 부탁드립니다.",판로/수출,민간,전국,"일반기업,1인 창조기업","기업,초기창업기업","만 20세 이상 ~ 만 39세 이하,만 40세 이상",,,"빅테크(AWS,MS 등) 마켓플레이스 등록 및  해외 진출을 희망하는 국내 중소·중견 SW 기업(법인)",,"1년미만,2년미만,3년미만,5년미만,7년미만,10년미만",판로ㆍ해외진출,20260428,20260515,,,"온라인 접수: https://www.tta.or.kr/tta/selectBbsNttView?bbsNo=20&key=9&nttNo=13712
이메일 접수: ejk/NneBB0BP3/0xqz67KQ==
팩스 접수: None
우편 접수: None
방문 접수: None
기타 접수: None",https://www.k-startup.go.kr/web/contents/bizpbanc-ongoing.do?schM=view&pbancSn=177422,main,primary,글로벌진출지원사업글로벌saas마켓플레이스지원사업,민간,20260428~20260515,판로ㆍ해외진출,판로ㆍ해외진출
kst,177419,[페이스메이커스 X 카페24] EDGE 7기 모집,"글로벌 딥테크 액셀러레이터 페이스메이커스와 Cafe24가 함께하는 독자적인 스타트업 Scale-up 배치 프로그램인 EDGE 7기에 참여할 기업을 모집합니다.
열정있는 기업들의 많은 관심과 신청 바랍니다.",창업,민간,전국,"청소년,대학생,일반인,대학,연구기관,일반기업,1인 창조기업","기업,청년,초기창업기업","만 20세 미만,만 20세 이상 ~ 만 39세 이하,만 40세 이상",,,"Track 1 : AI 마케팅 자동화, 3D/AR 가상피팅, 물류/재고관리, CS 자동화 등 리테일테크 분야 스타트업
Track 2 : K-뷰티, 패션, 푸드, 라이프스타일 등 글로벌 D2C 분야 스타트업
*공고 마감일 기준 창업 또는 해당 분야 사업전환 7년 이내(사업 전환한 경우 관련 업력 산정에 대한 증빙 자료 제출 필수)

◯신청일 현재 사업자가 대,중소기업상생협력촉진에 관한 법률 제2조 제2호의
대기업과 그 계열사(「독점규제 및 공정거래에 관한 법률」 제2조
제3호에 따른 계열회사를 말한다)에 해당하는 경우
◯ 국세 또는 지방세 체납으로 규제중인 경우, 금융기관 등으로부터
채무불이행으로 규제 중인 경우
◯ 공고일 기준 휴업 중인 경우
◯ 기타 참여제한의 사유가 있다고 인정되는 경우",,7년미만,사업화,20260427,20260515,,,"온라인 접수: None
이메일 접수: gxkTD6QrNagpj5lUTN2MAEjYV9NJJH4wqt0TfnO0Jvc=
팩스 접수: None
우편 접수: None
방문 접수: None
기타 접수: None",https://www.k-startup.go.kr/web/contents/bizpbanc-ongoing.do?schM=view&pbancSn=177419,main,primary,페이스메이커스x카페24edge7기모집,민간,20260427~20260515,사업화,사업화
kst,177418,2026년 정부 첫 실증·구매 프로젝트 (모두의 챌린지 로봇) 스타트업 모집공고,"혁신적인 로봇 기술을 보유한 스타트업이 정부의 과제를 기반으로 실증을 통해 기술성을 검증하고, 정부가 첫 구매자로서 판로를 지원하는 '정부의 첫 실증·구매 프로젝트'에 참여할 스타트업을 다음과 같이 모집합니다.",창업,공공기관,전국,"청소년,대학생,일반인,대학,연구기관,일반기업,1인 창조기업","기업,스타트업,청년,초기창업기업","만 20세 미만,만 20세 이상 ~ 만 39세 이하,만 40세 이상",,,"①「조달사업에 관한 법률」에 따라 조달청 혁신제품으로 등록되어 있거나, 
② 최근 4년 이내 중소기업부 중소기업기술개발(R&D) 사업을 수행한 이력이 있는 업력 10년 이내 로봇 스타트업

공고문 내 신청제외대상 참조",,"1년미만,2년미만,3년미만,5년미만,7년미만,10년미만",사업화,20260429,20260520,,,"온라인 접수: https://www.k-startup.go.kr/web/contents/webPMSBizUnvs.do?returnUrl=/screen/BMO0101M01?pbancId=0665701
이메일 접수: None
팩스 접수: None
우편 접수: None
방문 접수: None
기타 접수: None",https://www.k-startup.go.kr/web/contents/bizpbanc-ongoing.do?schM=view&pbancSn=177418,main,primary,2026년정부첫실증구매프로젝트모두의챌린지로봇스타트업모집공고,공공기관,20260429~20260520,사업화,사업화
kst,177417,2026년 강북창업지원센터 5월 창업 상담 참가자 모집(초기창업기업의 세무),"⭐ 2026년 5월 창업상담 DAY 안내 ⭐
강북청년창업마루에서 예비·초기 창업자분들을 위한 창업상담 프로그램을 진행합니다!
예비, 초기 창업자분들의 많은 관심과 참여 바랍니다!",교육/멘토링,교육기관,서울,"대학생,일반인,대학,일반기업,1인 창조기업","기업,청년,초기창업기업",만 20세 이상 ~ 만 39세 이하,20,39,"예비 및 초기 창업자
(강북구 거주자 우선 선발)",,"예비창업자,1년미만,2년미만,3년미만",멘토링ㆍ컨설팅ㆍ교육,20260428,20260511,,,"온라인 접수: https://forms.gle/4Y475hkiVHsQrvaX9
이메일 접수: None
팩스 접수: None
우편 접수: None
방문 접수: None
기타 접수: None",https://www.k-startup.go.kr/web/contents/bizpbanc-ongoing.do?schM=view&pbancSn=177417,main,primary,2026년강북창업지원센터5월창업상담참가자모집초기창업기업의세무,교육기관,20260428~20260511,멘토링ㆍ컨설팅ㆍ교육,멘토링ㆍ컨설팅ㆍ교육
kst,177416,경북 로컬 체인지업,경북 지역의 자원과 창의적인 아이디어를 접목해 지역을 새롭게 만드는 「2026년 경북 로컬 체인지업 사업」을 주도할 역량 있는 로컬크리에이터를 다음과 같이 모집합니다.,창업,공공기관,경북,"일반기업,1인 창조기업","기업,예비창업자,초기창업기업","만 20세 이상 ~ 만 39세 이하,만 40세 이상",,,"경북 지역의 유·무형 자원을 기반으로 창의적인 아이디어를 결합하여 사업적 가치를 창출하는 만 35세 이상(1991년 4월 28일 포함 이전 출생자) 창업자

예비창업자",,"1년미만,2년미만,3년미만,5년미만,7년미만,10년미만",사업화,20260428,20260517,,,"온라인 접수: https://docs.google.com/forms/d/e/1FAIpQLSfS8eheW1Qc_OaOjKAhqMw9fVxdxR0OOYxpJMIHQuJ76NdmRQ/viewform?usp=header
이메일 접수: None
팩스 접수: None
우편 접수: None
방문 접수: None
기타 접수: None",https://www.k-startup.go.kr/web/contents/bizpbanc-ongoing.do?schM=view&pbancSn=177416,main,primary,경북로컬체인지업,공공기관,20260428~20260517,사업화,사업화
kst,177415,「 2026 청주시 K- 바이오 글로벌 브릿지 」 참여기업 모집 공고,청주시 소재 유망 바이오 스타트업의 글로벌 진출 지원을 위해 「 2026 청주시 K- 바이오 글로벌 브릿지 」 의 참여기업을 다음과 같이 모집하오니 많은 관심과 참여 바랍니다 .,판로/수출,공공기관,충북,"일반인,대학,연구기관,일반기업,1인 창조기업","기업,초기창업기업","만 20세 미만,만 20세 이상 ~ 만 39세 이하,만 40세 이상",,,청주시 본사 소재 3 년 이상 7 년 이내 바이오분야 창업기업 ( 공고일기준 ),,7년미만,글로벌,20260428,20260512,,,"온라인 접수: None
이메일 접수: 0hPYgFp99SZtI/SOEqq2bv8wVGTTT8nA2PX9plYp9xA=
팩스 접수: None
우편 접수: None
방문 접수: None
기타 접수: None",https://www.k-startup.go.kr/web/contents/bizpbanc-ongoing.do?schM=view&pbancSn=177415,main,primary,2026청주시k바이오글로벌브릿지참여기업모집공고,공공기관,20260428~20260512,글로벌,글로벌
kst,177414,「K-Senegal AI Startup Summit 2026」 한국 AI 창업기업 참가 공모,"한국생산성본부(KPC)는 한국국제협력단(KOICA) 재원으로 추진하는 「2026 KPC-KOICA Senegal Overseas Training」의 후속 민간 협력 트랙으로, 세네갈 다카르(Dakar)에서 개최되는 K-Senegal AI Startup Summit 2026에 참가할 한국 AI 창업기업을 다음과 같이 공모합니다.",판로/수출,교육기관,전국,"일반인,연구기관,일반기업,1인 창조기업","기업,초기창업기업","만 20세 이상 ~ 만 39세 이하,만 40세 이상",,,"1. 기본 자격
•	사업공고일(2026.4.28.) 기준 사업자등록을 마친 한국 법인기업
•	AI를 핵심 기술 또는 핵심 서비스로 보유한 기업 (창업 7년 이내 우대, 업력 무관 신청 가능)
•	휴·폐업 상태가 아닌 정상 영업 중인 기업
•	국세·지방세 체납이 없는 기업
2. 사업적 요건
•	서아프리카 시장 진출 의지 및 추진 계획을 명확히 보유한 기업
•	세네갈 현지 기업 또는 기관과 합작(JV) 또는 실증(PoC) 추진 의향이 있는 기업
•	영문 또는 불문 사업소개·미팅 대응이 가능한 기업 (자체 또는 외부 협력 가능)
3. 우대 분야 (SNDIA 4대 축 정렬 시 가점)
•	공공서비스 AI: 행정·교육·보건·농업 분야 AI 솔루션
•	데이터 거버넌스 / 신뢰AI: 데이터 보호, 프라이버시, 윤리적 AI
•	금융포용 AI(Inclusive Fintech): 모바일머니, 신용평가, 핀테크 AI
•	농업·기후 AI(AgriTech / ClimateTech): 식량안보, 기후적응 AI
•	에듀테크 / 인재양성 AI: AI 교육·재교육 플랫폼

•	단순 시장조사·견학을 목적으로 하는 기업
•	사업계획의 구체성이 결여된 기업
•	한국 또는 국제 제재 대상 기업 및 임원이 포함된 기업",,"예비창업자,1년미만,2년미만,3년미만,5년미만,7년미만,10년미만",글로벌,20260428,20260512,,,"온라인 접수: None
이메일 접수: xqgMQu+VmXNUptCX4wXbCLlnLVKl0qy9mquw5Ve/T6U=
팩스 접수: None
우편 접수: None
방문 접수: None
기타 접수: None",https://www.k-startup.go.kr/web/contents/bizpbanc-ongoing.do?schM=view&pbancSn=177414,main,primary,ksenegalaistartupsummit2026한국ai창업기업참가공모,교육기관,20260428~20260512,글로벌,글로벌
kst,177413,26년 5월 스타트업 언론 홍보 지원사업 참가사 모집 공고(1차),스타트업 전문 매체 『스타트업데일리』에서 홍보에 어려움을 겪는 예비창업자/스타트업의 홍보 지원을 위해 다음과 같이 공고하오니 많은 참여 바랍니다.,창업,민간,전국,"청소년,대학생,일반인,대학,연구기관,일반기업,1인 창조기업","기업,스타트업,예비창업자,청년,초기창업기업","만 20세 미만,만 20세 이상 ~ 만 39세 이하,만 40세 이상",,,"1. 예비창업자
2. 창업 7년 이내 초기 기업

1. 이미 배포된 보도자료(중복)·동일한 내용으로 재보도(반복) 배포 불가
2. 단순 제품 홍보(건강기능식품, 화장품 등), 프로모션 홍보 등 과도한 광고성 문안 게재 불가",,"예비창업자,1년미만,2년미만,3년미만,5년미만,7년미만",사업화,20260504,20260517,,,"온라인 접수: None
이메일 접수: ACckMIu0WQ1Fo3We9gwfVXZUglPtKwLs/00QXQfY/QQ=
팩스 접수: None
우편 접수: None
방문 접수: None
기타 접수: None",https://www.k-startup.go.kr/web/contents/bizpbanc-ongoing.do?schM=view&pbancSn=177413,main,primary,26년5월스타트업언론홍보지원사업참가사모집공고1차,민간,20260504~20260517,사업화,사업화
kst,177411,[NextRise] Airbus Advanced Air Mobility & Next-Gen Battery Solutions Open Innovation / 에어버스 첨단 항공 모빌,에어버스와 한국무역협회는 국내 유망 스타트업 중 오픈이노베이션 파트너를 발굴합니다.,판로/수출,민간,전국,"일반인,일반기업",기업,"만 20세 미만,만 20세 이상 ~ 만 39세 이하,만 40세 이상",,,"1. 상기 모집분야 기술을 보유한 한국 스타트업(강소기업)
2.  영문 IR 피치 및 QA가 가능한 기업
3.  영문 IR 피칭덱 자료를 보유한 기업",,"1년미만,2년미만,3년미만,5년미만,7년미만,10년미만",판로ㆍ해외진출,20260320,20260508,,,"온라인 접수: https://innobranch.com/front/challenge/detail/1331
이메일 접수: None
팩스 접수: None
우편 접수: None
방문 접수: None
기타 접수: None",https://www.k-startup.go.kr/web/contents/bizpbanc-ongoing.do?schM=view&pbancSn=177411,main,primary,nextriseairbusadvancedairmobilitynextgenbatterysolutionsopeninnovation에어버스첨단항공모빌,민간,20260320~20260508,판로ㆍ해외진출,판로ㆍ해외진출
kst,177410,1인 창조기업 지원센터,"중소벤처기업부와 (사)한국창업보육협회에서 지원하고, 안양산업진흥원에서 운영하는 『안양 1인창조기업지원센터』 에서 창의적 아이디어로 성공적인 비즈니스 성과를 창출할 입주기업을 모집합니다.
 재단법인 안양산업진흥원장",시설/공간,공공기관,경기,1인 창조기업,"예비창업자,초기창업기업","만 20세 이상 ~ 만 39세 이하,만 40세 이상",,,"1인 창조기업 또는 예비창업자

❍ 타 직장에 재직 중인 자(단, 직장에 재직 중이라도 6개월 이상 장기 휴직중인 자)
 ❍ 국세 또는 지방세 체납자, 금융기관으로부터 불량거래자로 제재 중인 자
 ❍ 정부지원사업에 참여 제한으로 제재중인 자
 ❍ 타 1인 창조기업 지원센터 기 수혜자(18개월 미만 입주자는 잔여 기간 가능)",,"예비창업자,1년미만,2년미만,3년미만,5년미만,7년미만",시설ㆍ공간ㆍ보육,20260428,20260430,,,"온라인 접수: None
이메일 접수: None
팩스 접수: None
우편 접수: None
방문 접수: 경기도 안양시 동안구 시민대로 327번길 11-41, 2층 209호(창업성장부)
기타 접수: None",https://www.k-startup.go.kr/web/contents/bizpbanc-ongoing.do?schM=view&pbancSn=177410,main,primary,1인창조기업지원센터,공공기관,20260428~20260430,시설ㆍ공간ㆍ보육,시설ㆍ공간ㆍ보육
kst,177409,"기업인증(3종)획득 기반 정부지원사업 가점, 세제혜택 및 투자연계 확보 전략 세미나","혁신기술경영인증지원센터에서는 우리 기업의 핵심 자산인 지식재산(IP)의 가치를 극대화하고, 이를 기반으로 한 투자연계 및 정부 지원사업 가점 확보, 절세 전략을 돕고자 「2026년 기업인증(3종)획득 기반 정부지원사업 가점 확보, 세제혜택 및 특허 연계 투자 유치 전략 세미나」 개최를 다음과 같이 공고합니다.",창업,민간,전국,"일반기업,1인 창조기업","기업,초기창업기업","만 20세 미만,만 20세 이상 ~ 만 39세 이하,만 40세 이상",,,"- 기업 인증 활용하여 정부지원사업 가점 및 세제 혜택을 받고져 인증을 준비하는 스타트업 및 중소기업  
- 초기 투자 유치를 위한 전략과 투자연계 가능성 진단을 받고져 하는 스타트업 및 중소기업  
- 국내 특허 보유(출원, 등록, 전용실시권) 또는 국내 특허 신규 취득 계획이 있는 스타트업 및 중소기업",,"1년미만,2년미만,3년미만,5년미만,7년미만,10년미만",사업화,20260429,20260515,,,"온라인 접수: https://forms.gle/yWYpoReYFVniHqsLA
이메일 접수: None
팩스 접수: None
우편 접수: None
방문 접수: None
기타 접수: None",https://www.k-startup.go.kr/web/contents/bizpbanc-ongoing.do?schM=view&pbancSn=177409,main,primary,기업인증3종획득기반정부지원사업가점세제혜택및투자연계확보전략세미나,민간,20260429~20260515,사업화,사업화
kst,177408,광진경제허브센터 운영,ai 규제 특강 참가자 모집을 진행하오니 안내 따라 신청하시기 바랍니다.,시설/공간,민간,전국,"청소년,대학생,일반인,대학,연구기관,일반기업,1인 창조기업","기업,누구나,청년,초기창업기업","만 20세 미만,만 20세 이상 ~ 만 39세 이하,만 40세 이상",,,제한 없음(누구나 신청 가능),,"예비창업자,1년미만,2년미만,3년미만,5년미만,7년미만,10년미만",시설ㆍ공간ㆍ보육,20260428,20260512,,,"온라인 접수: https://forms.office.com/r/3SqAf6Nkxr
이메일 접수: None
팩스 접수: None
우편 접수: None
방문 접수: None
기타 접수: None",https://www.k-startup.go.kr/web/contents/bizpbanc-ongoing.do?schM=view&pbancSn=177408,main,primary,광진경제허브센터운영,민간,20260428~20260512,시설ㆍ공간ㆍ보육,시설ㆍ공간ㆍ보육
kst,177407,[삼일PwC-마크앤컴퍼니] AI Native Team Scaleup 프로그램,AI Native Team Scaleup 프로그램 참여팀을 다음과 같이 모집하오니 참여를 희망하는 창업팀은 안내에 따라 신청하기 바랍니다.,창업,민간,전국,"청소년,대학생,일반인,일반기업,1인 창조기업","기업,누구나,청년,초기창업기업","만 20세 미만,만 20세 이상 ~ 만 39세 이하,만 40세 이상",,,"Track A :  MVP를 보유한 1인 창업가 및 5인 이하의 미니멈 코어 팀
Track B :  상용화 제품을 보유하고 시장 확장을 준비하는 팀

※ 창업 연혁 제한 없음, 법인 설립 여부 무관, AI 역량 보유 여부 무관비하는 팀",,"예비창업자,1년미만,2년미만,3년미만,5년미만,7년미만,10년미만",사업화,20260428,20260525,,,"온라인 접수: https://www.innoforest.co.kr/growth-bridge/OI00000627/%EC%82%BC%EC%9D%BCPwC-AI-%EB%84%A4%EC%9D%B4%ED%8B%B0%EB%B8%8C-%ED%8C%80-Scaleup-%ED%94%84%EB%A1%9C%EA%B7%B8%EB%9E%A8
이메일 접수: None
팩스 접수: None
우편 접수: None
방문 접수: None
기타 접수: None",https://www.k-startup.go.kr/web/contents/bizpbanc-ongoing.do?schM=view&pbancSn=177407,main,primary,삼일pwc마크앤컴퍼니ainativeteamscaleup프로그램,민간,20260428~20260525,사업화,사업화
kst,177406,2026 스포츠 산업 창업  아이디어 공모전,"「올해의 K-스타트업 2026」부처통합 창업경진대회의 예선 리그인 ‘스포츠산업 창업 아이디어 공모전(K-SPORTS BOOSTER PROGRAM 아이디어 공모전)’의 참가자(팀) 모집을 위해 다음과 같이 공고하오니, 창업자들의 많은 참여 바랍니다.",행사/네트워크,민간,전국,"청소년,대학생,일반인,대학,연구기관,일반기업,1인 창조기업","기업,청년,초기창업기업","만 20세 미만,만 20세 이상 ~ 만 39세 이하,만 40세 이상",,,"스포츠산업 분야 창업기업(업력 3년 이내)
※ 통합공고일(26.03.27) 기준 업력 3년 이내이며, 누적 투자유치 금액 30억원 이하 기업",,"예비창업자,1년미만,2년미만,3년미만",행사ㆍ네트워크,20260427,20260525,,,"온라인 접수: https://sportsbooster.kr/
이메일 접수: None
팩스 접수: None
우편 접수: None
방문 접수: None
기타 접수: None",https://www.k-startup.go.kr/web/contents/bizpbanc-ongoing.do?schM=view&pbancSn=177406,main,primary,2026스포츠산업창업아이디어공모전,민간,20260427~20260525,행사ㆍ네트워크,행사ㆍ네트워크
kst,177405,2026년 팁스(TIPS) 온라인 사업설명회,"2026년 팁스(TIPS) 창업기업 지원계획 통합 공고와 관련하여 사업 참여를 희망하는 (예비)창업기업 대상 온라인 사업설명회를 개최하오니
팁스 참여를 희망하는 분들의 많은 관심과 참여를 바랍니다.",기술,민간,전국,일반기업,기업,"만 20세 미만,만 20세 이상 ~ 만 39세 이하,만 40세 이상",,,팁스 참여를 희망하는 (예비)창업기업,,"예비창업자,1년미만,2년미만,3년미만,5년미만,7년미만,10년미만",기술개발(R&amp;D),20260427,20260430,,,"온라인 접수: None
이메일 접수: None
팩스 접수: None
우편 접수: None
방문 접수: None
기타 접수: https://www.jointips.or.kr/bbs/board.php?bo_table=contents&wr_id=815",https://www.k-startup.go.kr/web/contents/bizpbanc-ongoing.do?schM=view&pbancSn=177405,main,primary,2026년팁스tips온라인사업설명회,민간,20260427~20260430,기술개발(R&D),기술개발(R&D)
kst,177404,SYNERGY CORE 3기 스타트업 모집 (투자),"Seed 단계 스타트업부터 IPO 이후 성장 기업까지, 기업 생애 전주기에 걸친 투자를 통해 성장을 지원하는 시너지IB투자입니다.
이번 SYNERGY CORE 3기 스타트업 모집을 통해 유망 스타트업이 더욱 빠르고 효과적으로 도약할 수 있도록 투자 및 지원하고자 하오니 많은 참여 바랍니다.",창업,민간,전국,"청소년,대학생,일반인,대학,연구기관,일반기업,1인 창조기업","기업,누구나,스타트업,청년,초기창업기업","만 20세 미만,만 20세 이상 ~ 만 39세 이하,만 40세 이상",,,업력 3년 미만 초기 창업기업 (분야 제한 없음),,"예비창업자,1년미만,2년미만,3년미만",사업화,20260501,20260515,,,"온라인 접수: https://tally.so/r/1AbNYW
이메일 접수: None
팩스 접수: None
우편 접수: None
방문 접수: None
기타 접수: None",https://www.k-startup.go.kr/web/contents/bizpbanc-ongoing.do?schM=view&pbancSn=177404,main,primary,synergycore3기스타트업모집투자,민간,20260501~20260515,사업화,사업화
kst,177403,투자유치 역량강화 지원사업,군포산업진흥원에서는 관내 유망 창업기업을 대상으로 투자유치를 위한 전문 진단 프로그램을 지원하여 실질적 투자 활성화를 도모하고자 「2026년 투자유치 역량강화 지원사업」을 다음과 같이 공고하오니 많은 관심과 신청 바랍니다.,교육/멘토링,공공기관,전국,"대학생,일반인,일반기업,1인 창조기업","기업,청년,초기창업기업","만 20세 미만,만 20세 이상 ~ 만 39세 이하,만 40세 이상",,,"관내 및 관외 유망 창업기업(7년 미만)
※ 관외 창업기업은 선정 후 1개월 이내 관내 사업자등록 필수

- 중소기업창업 지원법 시행령 제4조에 해당되는 업종
- 국세, 지방세 체납기업
- 금융기간으로부터 불량거래자로 규제 중이거나, 휴·폐업 중인 기업
- 신청일 현재 국가 연구개발 사업에 참여제한 조치중인 기업
- 사업기간 내 사업자등록증상의 소재지가 군포시 관외로 이전 기업
- 기타 제출 자료의 허위 기재 또는 지원이 합당하지 못하다고 인정되는 기업
- 지원대상으로 선정되어도 상기 결격사유가 확인될 시 지원 취소",,7년미만,멘토링ㆍ컨설팅ㆍ교육,20260427,20260510,,,"온라인 접수: https://bit.ly/workwithgpipa
이메일 접수: A6eVBKIYnPrAuMwnimfTwGlVZRf/FHRwc0J1ofr5fBg=
팩스 접수: None
우편 접수: None
방문 접수: None
기타 접수: None",https://www.k-startup.go.kr/web/contents/bizpbanc-ongoing.do?schM=view&pbancSn=177403,main,primary,투자유치역량강화지원사업,공공기관,20260427~20260510,멘토링ㆍ컨설팅ㆍ교육,멘토링ㆍ컨설팅ㆍ교육
kst,177402,지역창업특화지원,"인천중장년기술창업센터는 제조․기술, 바이오, 지식서비스 분야 창업을 준비 중인 중장년(40세 이상)의 예비창업자를 지원하기 위한 “2026년 실전창업과정-성공창업 첫걸음!”의 교육생을 아래와 같이 모집합니다.",시설/공간,공공기관,전국,"청소년,대학생,일반인,대학,연구기관,일반기업,1인 창조기업","기업,청년,초기창업기업","만 20세 미만,만 20세 이상 ~ 만 39세 이하,만 40세 이상",,,예비(초기)창업자,,"예비창업자,1년미만,2년미만,3년미만",시설ㆍ공간ㆍ보육,20260428,20260527,,,"온라인 접수: None
이메일 접수: SInV7WHYMjBv2G5gWbvKTrclKCot+IhUtECSMzB7h2w=
팩스 접수: None
우편 접수: None
방문 접수: None
기타 접수: None",https://www.k-startup.go.kr/web/contents/bizpbanc-ongoing.do?schM=view&pbancSn=177402,main,primary,지역창업특화지원,공공기관,20260428~20260527,시설ㆍ공간ㆍ보육,시설ㆍ공간ㆍ보육
kst,177401,2026년 서울시 기후테크 오픈이노베이션 지원사업 참여기업 모집,국가녹색기술연구소 서울기후테크산업지원센터는 기후테크 산업계의 혁신 역량을 증진하고 성장 동력을 확보하기 위해 「2026년 서울시 기후테크 오픈 이노베이션 지원사업」참여기업을 다음과 같이 모집하오니 관심 기업의 많은 참여 바랍니다.,창업,공공기관,서울,"대학생,일반인,대학,연구기관,일반기업,1인 창조기업","기업,청년,초기창업기업","만 20세 이상 ~ 만 39세 이하,만 40세 이상",,,"서울 소재 기후기술을 보유한 스타트업 및 중소기업
- 본사, 지사, 사업장, 연구소 중 1곳 이상 서울에 소재해야 하며, 기후테크 5대 핵심분야 또는 기후기술 38대 세부분야에 해당하는 기업을 중심으로 우선 지원(첨부파일 참고)",,"1년미만,2년미만,3년미만,5년미만,7년미만,10년미만",사업화,20260423,20260506,,,"온라인 접수: None
이메일 접수: 0yVfEwj6lm5x3UsP0eQgVWL78VP5x2SjuEbycBRshBM=
팩스 접수: None
우편 접수: None
방문 접수: None
기타 접수: None",https://www.k-startup.go.kr/web/contents/bizpbanc-ongoing.do?schM=view&pbancSn=177401,main,primary,2026년서울시기후테크오픈이노베이션지원사업참여기업모집,공공기관,20260423~20260506,사업화,사업화
kst,177400,2026 패션 솔버톤(Fashion Solve-A-Thon) 모집공고,"패션산업의 현안과 사회적 문제에 융복합 솔루션을 제시하고, 협업을 통해 이를 구체화·시각화하여 산업의 확장성을 확보하여 창업 관심 유도를 위한
「2026 패션 솔버톤(Fashion Solve-A-Thon)」을 개최하오니 (예비)창업자 여러분의 많은 관심과 참여를 바랍니다.",창업,교육기관,전국,"청소년,대학생,일반인,일반기업,1인 창조기업","기업,청년,초기창업기업","만 20세 미만,만 20세 이상 ~ 만 39세 이하,만 40세 이상",,,"신청자격: 예비 창업자(팀) 또는 공고 마감일 기준 창업 3년 미만 창업자(팀)
 - 1인 이상 4인 이하로 구성된 개인 또는 팀
 - 팀장기준 2023. 5. 30. 이후 창업

중복 수상 및 기수상 이력, 기타 부적격 사유 외",,"예비창업자,1년미만,2년미만,3년미만",사업화,20260427,20260529,,,"온라인 접수: None
이메일 접수: S1WNU0QDR+VzzvWOzUlERes2s6lryYrhj1BYKVtWSGg=
팩스 접수: None
우편 접수: None
방문 접수: None
기타 접수: None",https://www.k-startup.go.kr/web/contents/bizpbanc-ongoing.do?schM=view&pbancSn=177400,main,primary,2026패션솔버톤fashionsolveathon모집공고,교육기관,20260427~20260529,사업화,사업화
kst,177399,2026 전북콘텐츠코리아랩 콘텐츠 제작지원사업 추가모집 공고,"(재)전북특별자치도 콘텐츠융합진흥원 전북콘텐츠코리아랩에서는
도내 콘텐츠 분야 초기 창업기업 및 창·제작자의 성장 기반 마련과 지역 콘텐츠 산업 활성화를 목적으로
「2026 전북콘텐츠코리아랩 콘텐츠 제작지원사업」을 다음과 같이 추가모집 하오니
많은 관심과 참여 바랍니다.",창업,공공기관,전북,"대학생,일반인,대학",청년,"만 20세 이상 ~ 만 39세 이하,만 40세 이상",,,"예비 창업자

- 출판·영화·디자인·전통 예술, 공연 등 타 기관 지원 분야 및 이종산업(제조업, 식품 등) 홍보를 위한 영상·캐릭터 제작 등 ‘콘텐츠’가 부가적 요소로 활용되는 경우 지원 대상 제외

- 최근 2년 이내(‘24. 3. 14. ~ ‘26. 3. 15.) 진흥원 시행 창업 및 사업화 지원사업수혜 이력이 있는 경우 지원 불가",,예비창업자,사업화,20260427,20260514,,,"온라인 접수: https://www.jcon.or.kr/board/view.php?nttId=4361&bbsId=BBSMSTR_000000000001&pageId=C000000016
이메일 접수: None
팩스 접수: None
우편 접수: None
방문 접수: None
기타 접수: None",https://www.k-startup.go.kr/web/contents/bizpbanc-ongoing.do?schM=view&pbancSn=177399,main,primary,2026전북콘텐츠코리아랩콘텐츠제작지원사업추가모집공고,공공기관,20260427~20260514,사업화,사업화
kst,177397,서울창업허브 창동 운영,"서울창업허브 창동은 해외 판로개척 및 브랜드 홍보에 어려움을 겪고 있는 우수 스타트업을 지원 하기 위해 SNS 기반 마케팅 플랫폼을 활용해 해외 시장 진출을 지원하는
‘글로벌 SNS 판로개척 지원사업’을 추진하고자 다음과 같이 공고하오니, 참여를 희망하는 마케팅 전문 기업(기관)은 관련 절차에 따라 신청하여 주시길 바랍니다.",시설/공간,민간,전국,일반기업,기업,"만 20세 미만,만 20세 이상 ~ 만 39세 이하,만 40세 이상",,,"신청 조건 ①에 해당하며, ②~④을 중 1가지 이상을 만족하는 마케팅 전문 기업(기관)
① 사업자등록증 상 업종이 마케팅 관련 업종일 것
② 지원 희망 국가에 대하여 공고일 기준 최근 3개년 이내(2023. 1. 1. 이후) 입점 지원 경험을 보유할 것
③ 지원 희망 국가에 대하여 공고일 기준 최근 3개년 이내(2023. 1. 1. 이후) 해당 국가 인플루언서를 활용한 SNS 마케팅을 통한 직접적인 매출 창출 경험을 보유할 것
④ 공고일 기준 최근 3개년 이내(2023. 1. 1. 이후) 스타트업, 중소기업을 대상으로 한 해외 진출 프로그램 운영 경험이 있을 것",,"1년미만,2년미만,3년미만,5년미만,7년미만,10년미만",시설ㆍ공간ㆍ보육,20260427,20260501,,,"온라인 접수: https://www.startup-plus.kr/project/PRJ006658
이메일 접수: None
팩스 접수: None
우편 접수: None
방문 접수: None
기타 접수: None",https://www.k-startup.go.kr/web/contents/bizpbanc-ongoing.do?schM=view&pbancSn=177397,main,primary,서울창업허브창동운영,민간,20260427~20260501,시설ㆍ공간ㆍ보육,시설ㆍ공간ㆍ보육
kst,177396,2026년 서울핀테크랩 FIN-오픈이노베이션 Meep-up Day 6회차 -하나은행,서울핀테크랩에서 2026년 서울핀테크랩 FIN-오픈이노베이션 Meep-up Day 6회차 -하나은행을 진행하오니 많은 신청 부탁드리겠습니다.,창업,지자체,서울,"청소년,대학생,일반인,대학,연구기관,일반기업,1인 창조기업","기업,청년,초기창업기업","만 20세 미만,만 20세 이상 ~ 만 39세 이하,만 40세 이상",,,*신청대상: 서울 소재 핀테크 기업,,"1년미만,2년미만,3년미만,5년미만,7년미만,10년미만",사업화,20260427,20260518,,,"온라인 접수: https://forms.gle/njjifWdRzP9XgNML9
이메일 접수: None
팩스 접수: None
우편 접수: None
방문 접수: None
기타 접수: None",https://www.k-startup.go.kr/web/contents/bizpbanc-ongoing.do?schM=view&pbancSn=177396,main,primary,2026년서울핀테크랩fin오픈이노베이션meepupday6회차하나은행,지자체,20260427~20260518,사업화,사업화
kst,177394,2026 숭실 스타트업 아카데미,"숭실대학교 캠퍼스타운에서 창업자들의 애로사항 및 관심도에 따라 맞춤형 창업 교육을 제공합니다.
매월 둘째/넷째 주 화요일에 진행되는 실무 중심의 교육에 많은 관심과 신청 바랍니다.
5월(1~2회차) 참가자 모집을 시작합니다!",교육/멘토링,교육기관,서울,"대학생,일반인,대학,연구기관,일반기업,1인 창조기업","기업,스타트업,청년,초기창업기업","만 20세 이상 ~ 만 39세 이하,만 40세 이상",,,"스타트업 대표 및 임직원, (예비)창업자, 창업에 관심 있는 학생",,"예비창업자,1년미만,2년미만,3년미만,5년미만,7년미만,10년미만",멘토링ㆍ컨설팅ㆍ교육,20260428,20260522,,,"온라인 접수: https://forms.gle/knBThJ6rbLFYccaP6
이메일 접수: None
팩스 접수: None
우편 접수: None
방문 접수: None
기타 접수: None",https://www.k-startup.go.kr/web/contents/bizpbanc-ongoing.do?schM=view&pbancSn=177394,main,primary,2026숭실스타트업아카데미,교육기관,20260428~20260522,멘토링ㆍ컨설팅ㆍ교육,멘토링ㆍ컨설팅ㆍ교육
kst,177393,"[무료] VC 투자 및 오픈이노베이션 1:1 멘토링,  5월 dcamp officehour","디캠프 오피스아워는 2013년부터 약 1,500회 이상 진행되어온 스타트업 전문 멘토링 프로그램로 우수한 멘토진이 스타트업의 비즈니스 성장을 위해 참여하고 있습니다.
스타트업의 사업 방향성 설정과 성장에 필수적인 벤처투자, 사업협력 등 분야별 전문가들과 함께 합니다. 디캠프 오피스아워는 단편적이고 일반적인 인사이트 전달이 아닌 각 기업의 상황에 맞는 실질적인 논의와 실행 중심의 피드백을 제공합니다.
2026년 5월 오피스아워는 국내외 탑티어 VC 및 대중견기업이 파트너 기관으로 참여하여 투자 및 사업협력과 관련한 1:1 컨설팅을 진행하오니 관심 있는 스타트업의 많은 참여 바랍니다.",교육/멘토링,민간,전국,"일반기업,1인 창조기업","기업,초기창업기업","만 20세 이상 ~ 만 39세 이하,만 40세 이상",,,오피스아워에 참여를 희망하는 스타트업 (파트너기관별 신청 가능 단계 별도 확인),,"예비창업자,1년미만,2년미만,3년미만,5년미만,7년미만,10년미만",멘토링ㆍ컨설팅ㆍ교육,20260427,20260508,,,"온라인 접수: http://dcamp.kr/program/officehour
이메일 접수: None
팩스 접수: None
우편 접수: None
방문 접수: None
기타 접수: None",https://www.k-startup.go.kr/web/contents/bizpbanc-ongoing.do?schM=view&pbancSn=177393,main,primary,무료vc투자및오픈이노베이션11멘토링5월dcampofficehour,민간,20260427~20260508,멘토링ㆍ컨설팅ㆍ교육,멘토링ㆍ컨설팅ㆍ교육
kst,177392,Dream Venture Star with 호반그룹 드림벤처스타 12기 지원사업 모집공고,대전창조경제혁신센터는 최고의 품질과 서비스로 신뢰받는 글로벌 종합 건설기업 ‘호반그룹’과 함께 유망 스타트업 발굴 및 협업 연계를 위한 오픈이노베이션 프로그램을 추진하오니 많은 관심과 참여 바랍니다.,창업,공공기관,전국,"일반기업,1인 창조기업","기업,누구나,예비창업자,초기창업기업","만 20세 미만,만 20세 이상 ~ 만 39세 이하,만 40세 이상",,,"호반그룹과 협업을 희망하는 초기 단계 기술 기반 스타트업
ㆍ 업력 만 7년 이내
ㆍ 예비창업자 제외
ㆍ 소재지 제한 없음

금융기관 채무불이행자, 국세·지방세 체납자, 허위서류 제출자, 정부지원사업 참여 제한 대상, 창업 제외업종 영위자 등",,7년미만,사업화,20260427,20260527,,,"온라인 접수: www.dvs-oi.com
이메일 접수: None
팩스 접수: None
우편 접수: None
방문 접수: None
기타 접수: None",https://www.k-startup.go.kr/web/contents/bizpbanc-ongoing.do?schM=view&pbancSn=177392,main,primary,dreamventurestarwith호반그룹드림벤처스타12기지원사업모집공고,공공기관,20260427~20260527,사업화,사업화
kst,177391,Dream Venture Star with SK텔레콤 드림벤처스타 12기 지원사업 모집공고,대전창조경제혁신센터는 AI 기반의 혁신적인 통신 서비스를 통해 새로운 일상 경험을 제공하는 ‘SK텔레콤’과 함께 유망 스타트업 발굴 및 협업 연계를 위한 오픈이노베이션 프로그램을 추진하오니 많은 관심과 참여 바랍니다.,창업,공공기관,전국,"일반기업,1인 창조기업","기업,누구나,예비창업자,초기창업기업","만 20세 미만,만 20세 이상 ~ 만 39세 이하,만 40세 이상",,,"SK텔레콤과 협업을 희망하는 초기 단계 기술 기반 스타트업
ㆍ 업력 만 7년 이내
ㆍ 예비창업자 제외
ㆍ 소재지 제한 없음

금융기관 채무불이행자, 국세·지방세 체납자, 허위서류 제출자, 정부지원사업 참여제한 대상, 창업 제외업종 영위자 등",,7년미만,사업화,20260427,20260527,,,"온라인 접수: https://dvs-oi.com
이메일 접수: None
팩스 접수: None
우편 접수: None
방문 접수: None
기타 접수: None",https://www.k-startup.go.kr/web/contents/bizpbanc-ongoing.do?schM=view&pbancSn=177391,main,primary,dreamventurestarwithsk텔레콤드림벤처스타12기지원사업모집공고,공공기관,20260427~20260527,사업화,사업화
kst,177390,2026년 청년 블루푸드테크 패키지지원사업,"완도군 해양수산 특화자원을 기반으로 블루푸드테크 산업의 지속가능한 성장을 도모하기 위한 청년 블루푸드테크 패키지 지원사업을 다음과 같이 공고하오니, 관련분야 예비창업자, 창업기업, 중소,벤처기업 등의 많은 관심과 참여 바랍니다.",창업,공공기관,전국,"청소년,대학생,일반인,대학,연구기관,일반기업,1인 창조기업","기업,예비창업자,청년,초기창업기업","만 20세 미만,만 20세 이상 ~ 만 39세 이하,만 40세 이상",,,"해조류 등 해양수산 특화자원을 활용한 소재와 블루푸드테크 기술을 융합하여 신규 소재 개발 및 제품을 판매하는 완도군 기업 또는 완도군 내 창업 및 이전 예정 기업
※선정 기업 및 선정된 예비창업자는 협약기간 내 완도관내 창업을 받드시 이행해야함. 불이행시 사업비 전액 환수

- 기업의 부도, 휴·폐업 중인 경우 및 최근 2년 결산 기준 자본전액잠식인 경우
    - 금융기관 등으로부터 불량거래자로 규제 중인 기업 또는 대표자
    - 국세·지방세 미납 및 임금체불중인 기업 또는 대표자
    - 동일한 아이템(기술)으로 정부·지자체 사업을 지원받은 기업
    - 평가위원회 평가를 통해 지원이 부적절하다고 인정되는 기업",,"예비창업자,1년미만,2년미만,3년미만,5년미만,7년미만,10년미만",사업화,20260427,20260507,,,"온라인 접수: None
이메일 접수: 8pRUAQeKwBSYvTW3vV+IjQ==
팩스 접수: 061-555-1727
우편 접수: None
방문 접수: 전라남도 완도군 완도읍 농공단지 4길 21-7 / 해양바이오본부
기타 접수: None",https://www.k-startup.go.kr/web/contents/bizpbanc-ongoing.do?schM=view&pbancSn=177390,main,primary,2026년청년블루푸드테크패키지지원사업,공공기관,20260427~20260507,사업화,사업화
kst,177388,제2서울핀테크랩 운영,서울특별시에서 유망 초기 핀테크 스타트업을 보육하기 위해 설립·운영 중인 제2서울핀테크랩의 입주 및 멤버십 기업을 공개 모집하오니 관심 있는 기업의 많은 신청 바랍니다.,시설/공간,민간,전국,"대학생,일반인,대학,연구기관,일반기업,1인 창조기업","기업,예비창업자,청년,초기창업기업","만 20세 미만,만 20세 이상 ~ 만 39세 이하,만 40세 이상",,,"입주기업: 업력 3년 이내 핀테크 기업
멤버십기업: 업력 7년 이내 핀테크 기업 및 예비창업자
※ 공고일 기준(’26.04.27)

가. 중소기업창업지원법 시행령 제4조 각 항에 해당하는 창업기업
나. 예비창업자의 경우 사업공고일 기준 최근 1개월(’26.03.27.~04.27.)에 개인사업자 폐업 또는 법인 해산ㆍ청산 이력이 있는자는 신청 불가
     ※ 다만, ‘26.03.27.(금) 이전의 ❶폐업(해산·청산) 이력이 있는 경우, 이종업종 창업 예정 시 신청 가능 ❷동종업종 창업 예정인 경우, 신청 불가
다. 벤처기업육성에 관한 특별조치법 등 관련 법령에 의거「블록체인 기반 암호화 자산 매매 및 중개업」에 해당하는 기업
라. 금융기관 등으로부터 채무불이행으로 규제 중이거나 국세 혹은 지방세를 체납 중인 기업 
     ※ 다만, 신용회복위원회의 사전채무조정(프리워크아웃), 개인워크아웃에서 채주조정합의서를 체결한 경우, 법원의 개인회생제도에서       변제계획인가를 받거나 파산면책 선고자, 회생인가를 받은 기업 및 중소벤처기업진흥공단 등으로부터 재창업자금을 지원받은 경우, 세금분납 계획에 따른 성실 납부기업(인), 정부 지원 협약 전까지 세금 완납기업(인), 정부·공공기관으로부터 재기 지원 필요성을 인정받은 기업(인), 건강관리시스템기업구조 개선진단을 통한 정상화 의결기업은 신청 가능
마. 국가, 지방자치단체, 공공기관의 창업공간 입주 지원사업을 수혜 중인 자 
     ※ 다만, 입주개시일 이전에 사업 수혜 기간이 종료되거나 사업을 중도 포기한 자는 신청 가능
바. 신청일 현재 휴업 중인 기업
사. 본 시설 및 서울시 창업지원시설에서 문제가 있어 퇴거조치된 기업
아. 과거 본 시설에서 입주공간 지원을 받은 기업 및 대표자
     ※ 다만, 멤버십기업으로 지원 받은 기업 및 대표자는 입주기업으로 지원가능
자. 기타 규정상 입주가 적정하지 아니하다고 판단되는 기업",,"예비창업자,1년미만,2년미만,3년미만,5년미만,7년미만",시설ㆍ공간ㆍ보육,20260427,20260529,,,"온라인 접수: https://seoulfintechlab2.startup-plus.kr/project/PRJ006922
이메일 접수: None
팩스 접수: None
우편 접수: None
방문 접수: None
기타 접수: None",https://www.k-startup.go.kr/web/contents/bizpbanc-ongoing.do?schM=view&pbancSn=177388,main,primary,제2서울핀테크랩운영,민간,20260427~20260529,시설ㆍ공간ㆍ보육,시설ㆍ공간ㆍ보육
kst,177387,민관협력 오픈이노베이션 지원사업,스타트업과 수요기업(대·중견기업·공공기관 등)간 협력을 통한 동반성장 지원을 위해 「2026년 민관협력 오픈이노베이션 지원」상호 자율탐색형에 참여할 수요기업 및 스타트업을 다음과 같이 모집합니다.,행사/네트워크,공공기관,전국,"청소년,대학생,일반인,대학,연구기관,일반기업,1인 창조기업","기업,청년,초기창업기업","만 20세 미만,만 20세 이상 ~ 만 39세 이하,만 40세 이상",,,"오픈이노베이션을 희망하는 수요기업 및 스타트업
 - 수요기업 : 대기업·중견기업·공공기관 등
 - 스타트업 : 공고일 기준 창업 7년 이내인 창업기업

세부사항은 공고문 내 [모집대상,신청자격] 참고

공고문 내 [신청 제외 대상] 참고",,"1년미만,2년미만,3년미만,5년미만,7년미만",행사ㆍ네트워크,20260428,20260604,,,"온라인 접수: None
이메일 접수: None
팩스 접수: None
우편 접수: None
방문 접수: None
기타 접수: OI 마켓 (https://oimarket.kr) 사이트 내 Pooling 신청서 제출
 * 협업제안서 접수 링크는 추후 게시 예정이며, 각 제출 마감일이 상이하오니 확인 필요",https://www.k-startup.go.kr/web/contents/bizpbanc-ongoing.do?schM=view&pbancSn=177387,main,primary,민관협력오픈이노베이션지원사업,공공기관,20260428~20260604,행사ㆍ네트워크,행사ㆍ네트워크
kst,177385,?[무료] 하임벤처투자 TIPS 성공 가능성 사전 검토 서비스?,TIPS 성공 가능성 사전 검토 서비스를 공고하오니 관심 있으신 분들은 신청바랍니다.,창업,민간,전국,"일반기업,1인 창조기업","기업,초기창업기업","만 20세 미만,만 20세 이상 ~ 만 39세 이하,만 40세 이상",,,"TIPS 선정이 목표인 스타트업
기술 및 BM 객관적 진단 필요한 팀
R&D 전략 수립이 필요한 초기 기업",,"예비창업자,1년미만,2년미만,3년미만,5년미만,7년미만,10년미만",창업교육,20260427,20260510,,,"온라인 접수: http://oqdfiibs.gensparkspace.com/
이메일 접수: None
팩스 접수: None
우편 접수: None
방문 접수: None
기타 접수: None",https://www.k-startup.go.kr/web/contents/bizpbanc-ongoing.do?schM=view&pbancSn=177385,main,primary,무료하임벤처투자tips성공가능성사전검토서비스,민간,20260427~20260510,창업교육,창업교육
kst,177384,혁신창업멤버스,‘보건산업혁신창업센터’에서는 국내 바이오헬스산업의 글로벌 경쟁력 강화와 창업 활성화를 위해 바이오헬스 분야 유망 예비창업자 및 창업기업을 대상으로 혁신창업멤버스를 모집합니다. 관심 있는 바이오헬스 창업기업의 많은 신청 바랍니다.,시설/공간,공공기관,서울,"대학생,일반인,대학,연구기관,일반기업,1인 창조기업","기업,예비창업자,청년,초기창업기업","만 20세 미만,만 20세 이상 ~ 만 39세 이하,만 40세 이상",,,"* (유형① 입주) 예비창업자 및 창업 3년 이내 바이오헬스 기업
* (유형② 멤버십) 창업 10년 이내 바이오헬스 기업",,"예비창업자,1년미만,2년미만,3년미만,5년미만,7년미만,10년미만",시설ㆍ공간ㆍ보육,20260427,20260518,,,"온라인 접수: https://www.khidi.or.kr/kbic
이메일 접수: None
팩스 접수: None
우편 접수: None
방문 접수: None
기타 접수: None",https://www.k-startup.go.kr/web/contents/bizpbanc-ongoing.do?schM=view&pbancSn=177384,main,primary,혁신창업멤버스,공공기관,20260427~20260518,시설ㆍ공간ㆍ보육,시설ㆍ공간ㆍ보육
kst,177383,[5월 창업 온라인 교육] K-2026 창업 초보를 위한 창업 A-Z 교육,"하우그로우 원격평생교육원에서는 5월 창업 교육에 참여할 참여자를 모집 중에 있으니 많은 신청 바랍니다.
참여를 원하시는 분은 첨부드린 링크의 구글폼을 제출하여 신청 부탁드리겠습니다.",교육/멘토링,교육기관,전국,"일반인,일반기업,1인 창조기업","기업,초기창업기업","만 20세 미만,만 20세 이상 ~ 만 39세 이하,만 40세 이상",,,"(예비)창업자, 기창업자, 교육 수강 희망자

- 국세 또는 지방세 체납으로 규제중인 자
- 공고일 기준 금융기관 등으로부터 채무불이행으로 규제중인 자
- 중소기업 창업지원법 시행령 제4조*의 창업 제외 업종 해당자
* 일반유흥주점업, 무도유흥주점업, 기타 사행시설 관리 및 운영업 등에 준하는 업종",,"예비창업자,1년미만,2년미만,3년미만,5년미만,7년미만,10년미만",멘토링ㆍ컨설팅ㆍ교육,20260427,20260528,,,"온라인 접수: http://forms.gle/3Q1QYwBfQPoSGRLd6
이메일 접수: None
팩스 접수: None
우편 접수: None
방문 접수: None
기타 접수: None",https://www.k-startup.go.kr/web/contents/bizpbanc-ongoing.do?schM=view&pbancSn=177383,main,primary,5월창업온라인교육k2026창업초보를위한창업az교육,교육기관,20260427~20260528,멘토링ㆍ컨설팅ㆍ교육,멘토링ㆍ컨설팅ㆍ교육
kst,177382,2026년 G-Space 스타트업 핵심 IP(지식재산권) 권리화 지원사업 창업기업 모집공고,"유망 스타트업의 혁신 기술 보호를 위해 출원 전 IP 진단과 명세서 검증, 맞춤형 권리화 전략을 지원하여 지식재산 확보 및 사업화 경쟁력 강화를 돕는 ｢2026년 G-Space 스타트업 핵심 IP(지식재산권)권리화 지원사업｣에 참여할 창업기업을 다음과 같이 모집합니다.",창업,공공기관,전국,"대학생,일반인,대학,연구기관,일반기업,1인 창조기업","기업,스타트업,청년,초기창업기업","만 20세 이상 ~ 만 39세 이하,만 40세 이상",,,"경남 동부권(양산, 김해, 밀양) 소재 업력 7년 이내 창업기업

※ 타 지역 지원자 등 상세 신청자격은 동 공고 (2page) “2. 신청자격 및 제외대상” 참조",,7년미만,사업화,20260427,20260529,,,"온라인 접수: https://www.gnstartup.kr/business/8339db24-725a-45bc-baf9-d778adc7b0d8/10482/detail
이메일 접수: None
팩스 접수: None
우편 접수: None
방문 접수: None
기타 접수: None",https://www.k-startup.go.kr/web/contents/bizpbanc-ongoing.do?schM=view&pbancSn=177382,main,primary,2026년gspace스타트업핵심ip지식재산권권리화지원사업창업기업모집공고,공공기관,20260427~20260529,사업화,사업화
kst,177381,2026년도 해외 전시 참가희망 기업 모집 공고,"신용보증기금은 글로벌 역량이 있는 혁신 스타트업의 글로벌 진출을 지원하기 위하여 미국 CES 2027, 미국 Tech Crunch Disrupt 2026 해외 전시 참가 지원사업을 추진하오니 관심 있는 스타트업의 많은 참여 바랍니다.",판로/수출,공공기관,전국,일반기업,기업,"만 20세 미만,만 20세 이상 ~ 만 39세 이하,만 40세 이상",,,"가. 창업 후 7년 이내 기업(&apos;26.4.28. 기준)

나. CES 2027의 경우, 주최기관 CTA의 전시 참가 심사 기준 충족 기업

다. 신보 영업조직의 지원을 받은 기업

라. 해외 바이어 상담, 해외 투자자 대상 피칭이 가능한 전문인력 보유기업

① 금융기관 등으로부터 채무불이행으로 규제 중인 기업

② 국세 · 지방세 · 4대보험료 체납 중인 기업

③ 고용노동부 체불사업주 명단에 있는 기업

④ 휴 · 폐업기업",,7년미만,판로ㆍ해외진출,20260430,20260514,,,"온라인 접수: None
이메일 접수: rbbHdUeo/D/XyiVqjed8LiexsQY923a7ciBC9Givuls=
팩스 접수: None
우편 접수: None
방문 접수: None
기타 접수: None",https://www.k-startup.go.kr/web/contents/bizpbanc-ongoing.do?schM=view&pbancSn=177381,main,primary,2026년도해외전시참가희망기업모집공고,공공기관,20260430~20260514,판로ㆍ해외진출,판로ㆍ해외진출
kst,177380,2026 SK텔레콤 오픈이노베이션 'SKTCH for GOOD' 참가기업 모집,서울경제진흥원에서 SK텔레콤과 함께 사회문제를 해결할 스타트업을 모집합니다. 대·중견기업 오픈이노베이션을 통한 기술실증(PoC) 수요가 있는 혁신 스타트업의 많은 지원 바랍니다.,창업,공공기관,전국,"대학생,일반인,대학,연구기관,일반기업,1인 창조기업","기업,청년,초기창업기업","만 20세 이상 ~ 만 39세 이하,만 40세 이상",,,SK텔레콤과 기술실증이 가능한 2인 이상의 스타트업,,"1년미만,2년미만,3년미만,5년미만,7년미만,10년미만",사업화,20260427,20260430,,,"온라인 접수: sktch.sktelecom.com/ko/accProgramView.do?cSeq=41cf8d7f103d6c91829c69c15cd27e40&strSearchOrder=&strSearchStatus=
이메일 접수: None
팩스 접수: None
우편 접수: None
방문 접수: None
기타 접수: None",https://www.k-startup.go.kr/web/contents/bizpbanc-ongoing.do?schM=view&pbancSn=177380,main,primary,2026sk텔레콤오픈이노베이션sktchforgood참가기업모집,공공기관,20260427~20260430,사업화,사업화
kst,177379,한-EU 산업협력 지원(친환경 에너지·탄소저감 분야) 참여기업 모집,서울 유망기업의 EU 진출 촉진을 위해 '친환경 에너지·탄소저감' 분야를 대상으로 한-EU 산업협력 지원 참여기업을 다음과 같이 모집하고자 합니다.,행사/네트워크,공공기관,서울,일반기업,기업,"만 20세 미만,만 20세 이상 ~ 만 39세 이하,만 40세 이상",,,유망 EU 기업과 비즈니스 협력 기회를 찾고자 하는 서울 소재 창업 7년 미만 기업,,"1년미만,2년미만,3년미만,5년미만,7년미만",행사ㆍ네트워크,20260424,20260505,,,"온라인 접수: None
이메일 접수: fU/3tjauRiqKNMcDMHdc2gAiJNsCSuWJ5BAiKG7nOpc=
팩스 접수: None
우편 접수: None
방문 접수: None
기타 접수: None",https://www.k-startup.go.kr/web/contents/bizpbanc-ongoing.do?schM=view&pbancSn=177379,main,primary,한eu산업협력지원친환경에너지탄소저감분야참여기업모집,공공기관,20260424~20260505,행사ㆍ네트워크,행사ㆍ네트워크
kst,177378,정자유스센터 2026년 청년창업 RUN 참가팀 모집,"아이디어, 실행해 볼 예비, 초기 청년창업팀을 찾습니다. 
머릿속 아이디어, 해볼 준비가 됐다면, 지금이 타이밍입니다.
정자유스센터가 아이디어를 실현화 할 수 있도록 함께합니다.
관심 있는 청년들의 많은 신청 바랍니다.",창업,공공기관,경기,"청소년,대학생,일반인,대학,1인 창조기업","예비창업자,청년,초기창업기업",만 20세 이상 ~ 만 39세 이하,20,39,"성남시 거주·재학·재직·활동 중인 만19~39세 2명 이상 5명 이하로 구성된 청년 예비 및 초기창업팀

예비창업자의 경우, 공고일 기준 사업자 등록증 1년 이내인 팀
최근 3년 이내 동일한 아이템으로 지원받은 이력이 없거나 지원을 받지 않는 팀",,"예비창업자,1년미만",사업화,20260424,20260520,,,"온라인 접수: None
이메일 접수: La8nJNG1x+197IRykYa2Czfnx02jkrxu+1ahDR10qes=
팩스 접수: None
우편 접수: None
방문 접수: None
기타 접수: None",https://www.k-startup.go.kr/web/contents/bizpbanc-ongoing.do?schM=view&pbancSn=177378,main,primary,정자유스센터2026년청년창업run참가팀모집,공공기관,20260424~20260520,사업화,사업화
kst,177376,IP 디딤돌 프로그램,"부산지식재산센터에서는 예비창업자의 창조적 아이디어를 발굴하고 이를 전문가(변리사, 창업컨설턴트)와 함께 사업아이템으로 도출하고 지식재산을 창출하여 창업 및 사업화를 유도하기 위한 「IP디딤돌 프로그램」을 운영하고자 하오니, 많은 관심과 참여바랍니다.",교육/멘토링,공공기관,부산,"청소년,대학생,일반인,대학,연구기관,일반기업,1인 창조기업","기업,예비창업자,청년,초기창업기업","만 20세 미만,만 20세 이상 ~ 만 39세 이하,만 40세 이상",,,부산지역 소재 여성 예비창업자,,예비창업자,멘토링ㆍ컨설팅ㆍ교육,20260427,20260507,,,"온라인 접수: None
이메일 접수: 1e7aWVFxDPlr18OvBotk9A55VkgXQkwJ4bpoh2BgD+U=
팩스 접수: None
우편 접수: None
방문 접수: None
기타 접수: None",https://www.k-startup.go.kr/web/contents/bizpbanc-ongoing.do?schM=view&pbancSn=177376,main,primary,ip디딤돌프로그램,공공기관,20260427~20260507,멘토링ㆍ컨설팅ㆍ교육,멘토링ㆍ컨설팅ㆍ교육
kst,177375,2026년 스마트 전자약 사업화 종합 지원 사업,[스마트전자약 사업화 종합지원센터]는 국내 스마트 전자약 산업의 기술 역량을 보유한 기업들이 사업화를 성공적으로 추진할 수 있도록 지원하는 사업입니다,창업,민간,전국,일반기업,기업,"만 20세 미만,만 20세 이상 ~ 만 39세 이하,만 40세 이상",,,"국내 스마트 전자약 산업의 기술 역량을 보유한 기업

아래 내용 중 한개라도 해당하는 경우는 지원 불가
- 부도, 화의, 법정관리중인 경우
- 국세 및 지방세 체납중인 경우
- 금융 불량거래처로 규제중인 경우
- 수행실적 확인이 불분명하거나 허위 서류를 제출한 경우
- 허위 또는 그 밖의 부정한 방법으로 신청 서류를 제출한 경우
- 기타 본 사업 목적 및 지원분야 등으로 적정하지 않다고 판단되는 경우",,"예비창업자,1년미만,2년미만,3년미만,5년미만,7년미만,10년미만",사업화,20260424,20260504,,,"온라인 접수: https://smartemedicine.co.kr
이메일 접수: 8c4/Quagj+evK8RX/s8A14kkrbXmjIsuBwmu54kggsA=
팩스 접수: None
우편 접수: None
방문 접수: None
기타 접수: 이메일접수",https://www.k-startup.go.kr/web/contents/bizpbanc-ongoing.do?schM=view&pbancSn=177375,main,primary,2026년스마트전자약사업화종합지원사업,민간,20260424~20260504,사업화,사업화
kst,177373,2026년 WEROUND 제2차 신규 입주기업 모집 공고 (~5/15),"2026년 제2차 WEROUND 신규 입주기업 모집을 다음과 같이 공고하오니, 입주를 희망하는 (예비) 창업 기업들의 많은 신청 부탁드립니다.",시설/공간,교육기관,전국,"대학생,일반인,대학,연구기관,일반기업,1인 창조기업","기업,청년,초기창업기업","만 20세 이상 ~ 만 39세 이하,만 40세 이상",,,"기술기반 아이템을 보유한 예비~창업 7년 이내 스타트업
※ 신산업 창업 분야에 관한 규정 제3조 1항에 따라 신산업 창업 분야는 창업 10년 이내",,"예비창업자,1년미만,2년미만,3년미만,5년미만,7년미만,10년미만",시설ㆍ공간ㆍ보육,20260427,20260515,,,"온라인 접수: None
이메일 접수: aOiuSiGi1g0bA3lYMWqQsYG6AJKC6IXLcbgZPwb0BWw=
팩스 접수: None
우편 접수: None
방문 접수: None
기타 접수: None",https://www.k-startup.go.kr/web/contents/bizpbanc-ongoing.do?schM=view&pbancSn=177373,main,primary,2026년weround제2차신규입주기업모집공고515,교육기관,20260427~20260515,시설ㆍ공간ㆍ보육,시설ㆍ공간ㆍ보육
kst,177372,민간투자주도형 기술창업 활성화 지원,"전북특별자치도 정부출연연 보유 기술 기반 기획형 창업을 발굴·육성하고, 기술이전·사업화·투자 연계를 통한 전주기 지원을 추진하기 위하여 다음과 같이 (예비)창업기업을 모집하오니 많은 관심과 참여 바랍니다.",교육/멘토링,민간,전북,"연구기관,일반기업,1인 창조기업","기업,예비창업자,초기창업기업","만 20세 이상 ~ 만 39세 이하,만 40세 이상",,,"전북특별자치도 내 10개 정부출연연구기관 보유 기술을 기반으로 창업을 준비 중이거나 사업을 영위하고 있는 예비창업자 또는 업력 7년 미만의 창업기업

   ① 정부출연연구기관 출신 연구원 (예비)창업자
   ② 연구소기업 설립을 추진 중이거나 설립 완료 기업

< 전북지역 소재 10개 정부출연기관 리스트 >
 ①한국과학기술연구원(KIST), ②한국생명공학연구원(KRIBB), ③한국원자력연구원(KAERI), ④한국기초과학지원연구원(KBSI),  
 ⑤국가독성과학연구소(KIT), ⑥한국식품연구원(KFRI), ⑦한국생산기술연구원(KITECH), ⑧한국에너지기술연구원(KIER), 
 ⑨한국재료연구원(KIMS),  ⑩한국핵융합에너지연구원(KFE)",,"예비창업자,1년미만,2년미만,3년미만,5년미만,7년미만",멘토링ㆍ컨설팅ㆍ교육,20260424,20260517,,,"온라인 접수: None
이메일 접수: Jgw8NgvidchCKRN7n9HCCw==
팩스 접수: None
우편 접수: None
방문 접수: None
기타 접수: None",https://www.k-startup.go.kr/web/contents/bizpbanc-ongoing.do?schM=view&pbancSn=177372,main,primary,민간투자주도형기술창업활성화지원,민간,20260424~20260517,멘토링ㆍ컨설팅ㆍ교육,멘토링ㆍ컨설팅ㆍ교육
kst,177371,2026 콘텐츠 피칭 플랫폼 케이녹(KNOCK) 정규라운드 참가기업 모집공고,"2026 콘텐츠 피칭 플랫폼 KNOCK(케이녹) 정규라운드 참가기업 모집을 다음과 같이 공고하오니,
투자유치를 희망하는 콘텐츠 기업의 많은 관심과 참여 바랍니다.",행사/네트워크,공공기관,전국,일반기업,기업,"만 20세 미만,만 20세 이상 ~ 만 39세 이하,만 40세 이상",,,"○ 사 업 명: 2026 콘텐츠 피칭 플랫폼 KNOCK
○ 사업목적: 민간 투자자 연계를 통한 우수 콘텐츠 발굴·육성 및 투자 유치 지원
○ 사업기간: 2026. 05. ~ 2026. 10. (약 6개월 예정)
○ 파트너사: 가이아벤처파트너스, 대교인베스트먼트, 로간벤처스, 일신창업투자, KC벤처스, 넥스트지인베스트먼트, 에스제이투자파트너스, 에이티넘인베스트먼트, 이크럭스벤처파트너스, 유니온투자파트너스

○ 지원대상: 아래 조건을 모두 충족한 투자유치 지원을 희망하는 국내 콘텐츠 기업(법인사업자)
  * 콘텐츠 기업: 문화콘텐츠 분야(게임, 방송, 애니메이션, 영화, 음악, 공연, 만화, 출판, 캐릭터 9개 분야)에서 콘텐츠 기획·개발·제작·생산·유통·소비 및 관련 서비스 등을 제공하는 기업
  - (업력) 2023.01.01 이전 설립 기업
  - (매출/투자) 직전 사업연도 매출 5억원 이상 또는 누적 투자유치액 10억원 이상
○ 모집규모: 본 공모를 통해 총 20개사 내외 선발
○ 참가기업 지원내용: 투자유치 지원 프로그램, IR데이, 우수기업 상금 등

○ 투자유치에 대한 의지가 확고한 기업
  * 본 사업은 국고 직접 지원사업이 아닌 민간 투자유치 지원사업으로, 기업의 투자유치 역량강화, 투자사 네트워크 제공, 투자유치 상담 및 IR 기회 제공 등을 제공하는 사업이므로, 기업 및 경영진의 투자유치 의지가 중요합니다.
○ 주요 경영인(C레벨) 중 1명이 프로그램에 참여 가능한 기업
○ 중복참여 안내(최근 3년이내 KNOCK 참가사는 이전 참여시점 대비 서비스·플랫폼·BM 등  차별화 요소가 있어야 함)
○ 신청일 기준 국세, 지방세, 4대 보험료(국민연금, 건강보험, 고용보험, 산재보험)의 체납사실이 없는 기업/대표
○ 신청일 기준 사업자 및 대표자가 금융기관 등으로부터 채무불이행으로 규제받고 있지 않은 기업/대표
○ 신청일 기준 진흥원 정산 미납 혹은 프로젝트 결과평가 실패 등으로 인한 참여제한 사실이 없는 기업/대표

- (업력) 2023.01.01 이후 설립 기업
  - (매출/투자) 직전 사업연도 매출 5억원 이상 또는 누적 투자유치액 10억원 이상에 충족하지 못하는 기업",,"5년미만,7년미만,10년미만",행사ㆍ네트워크,20260421,20260508,,,"온라인 접수: https://www.kocca.kr/kocca/pims/view.do?intcNo=326D00067002&menuNo=204104&recptSt=&category=&pageIndex=1&search=&searchWrd=
이메일 접수: None
팩스 접수: None
우편 접수: None
방문 접수: None
기타 접수: None",https://www.k-startup.go.kr/web/contents/bizpbanc-ongoing.do?schM=view&pbancSn=177371,main,primary,2026콘텐츠피칭플랫폼케이녹knock정규라운드참가기업모집공고,공공기관,20260421~20260508,행사ㆍ네트워크,행사ㆍ네트워크
kst,177370,「2026 농촌융복합산업 액셀러레이터 육성지원 사업」킹고스프링 팜스프링보드 참여기업 모집공고,"한국농어촌공사(농촌자원개발원)이 지원하는 「2026 농촌융복합산업 액셀러레이터 육성지원 사업」킹고스프링 팜스프링보드에 참여할
농촌산업을 선도하고자 하는 업력 7년 미만의 (예비)농촌융복합산업 인증사업자분들의 많은 관심과 지원 바랍니다.",창업,민간,전국,"일반인,대학,연구기관,일반기업,1인 창조기업","기업,초기창업기업","만 20세 미만,만 20세 이상 ~ 만 39세 이하,만 40세 이상",,,"업력 7년 미만*의 (예비)농촌융복합인증사업자**   대상 
* 모집공고일 기준(2026.4.20)
** 「농촌융복합산업 육성 및 지원에 관한 법룔」제8조에 따라 인증받은 사업자",,"예비창업자,1년미만,2년미만,3년미만,5년미만,7년미만",사업화,20260420,20260510,,,"온라인 접수: None
이메일 접수: 7txb2ZfTUET9poWvuO3Mcvqk7iaT13q3q2SI7jrImbw=
팩스 접수: None
우편 접수: None
방문 접수: None
기타 접수: None",https://www.k-startup.go.kr/web/contents/bizpbanc-ongoing.do?schM=view&pbancSn=177370,main,primary,2026농촌융복합산업액셀러레이터육성지원사업킹고스프링팜스프링보드참여기업모집공고,민간,20260420~20260510,사업화,사업화
kst,177369,2026년 경기도 무역위기 대응 K-FOOD 페루 통상촉진단 참가기업 모집,"경기도와 (재)경기도경제과학진흥원에서는 경기도 본사 소재 농식품 중소기업 및 농업인, 생산자단체의 남미시장 진출 지원을 위한 『2026년 경기도 무역위기 대응 K-FOOD 페루 통상촉진단』 참가기업을 아래와 같이 모집하오니 많은 신청 바랍니다.",판로/수출,공공기관,경기,"일반기업,1인 창조기업","기업,초기창업기업","만 20세 이상 ~ 만 39세 이하,만 40세 이상",,,"경기도 본사 소재 농식품 중소기업 및 농업인, 생산자단체
※ 경기도에 지사만 소재 시 지원 불가

- 기참가기업 중 선정 후 포기, 사업 불참, 비협조 및 불성실 기업
- 참가기업 직원의 참여 없이 해외법인, 대리점 등의 단독참여 및 해외 대리점 명의 참가
- 금융기관과 정상적인 거래를 할 수 없는 기업
- 휴ㆍ폐업 중이거나 공고일 현재 국세 및 지방세 체납기업
- 민원야기, 임금체불, 환경오염, 불법공장 이용 등 사회적 물의를 일으킨 기업
- 제출서류 누락, 제출방법 미숙지로 인한 오류제출 또는 허위로 지정서류를 제출한 기업",,"1년미만,2년미만,3년미만,5년미만,7년미만,10년미만",판로ㆍ해외진출,20260424,20260430,,,"온라인 접수: https://egbiz.or.kr/pd/53606.do
이메일 접수: None
팩스 접수: None
우편 접수: None
방문 접수: None
기타 접수: None",https://www.k-startup.go.kr/web/contents/bizpbanc-ongoing.do?schM=view&pbancSn=177369,main,primary,2026년경기도무역위기대응kfood페루통상촉진단참가기업모집,공공기관,20260424~20260430,판로ㆍ해외진출,판로ㆍ해외진출
kst,177368,2026 제4회 동남권 엔젤투자피칭,"『엔젤투자피칭룸』은 동남권 소재 (경남, 부산, 울산) 스타트업의 투자유치를 지원하는 투자 상담 프로그램입니다. 투자유치에 관심 있으신 동남권 소재 스타트업들의 많은 관심과 참여 부탁드립니다.",교육/멘토링,민간,경남,일반기업,"기업,예비창업자","만 20세 미만,만 20세 이상 ~ 만 39세 이하,만 40세 이상",,,"동남권(경남, 부산, 울산) 소재 예비창업자 및 창업 7년 이내 기업

기업 당 반기별 1회로 신청 횟수 제한",,"예비창업자,1년미만,2년미만,3년미만,5년미만,7년미만",멘토링ㆍ컨설팅ㆍ교육,20260424,20260506,,,"온라인 접수: https://www.kban.or.kr/jsp/ext/mrt/angelTalkTalk.jsp
이메일 접수: None
팩스 접수: None
우편 접수: None
방문 접수: None
기타 접수: None",https://www.k-startup.go.kr/web/contents/bizpbanc-ongoing.do?schM=view&pbancSn=177368,main,primary,2026제4회동남권엔젤투자피칭,민간,20260424~20260506,멘토링ㆍ컨설팅ㆍ교육,멘토링ㆍ컨설팅ㆍ교육
kst,177367,2026 배민스타트업스퀘어 스타트업 모집,"경기창조경제혁신센터, 우아한형제들은 제2판교 신사옥을 무대로 다양한 지원기관과 함께 AI·배달 생태계·소셜벤처 스타트업이 혁신 성장 지원합니다. 
배민스타트업스퀘어에서 '식지 않는 성장'을 함께 만들어 나갈 스타트업들을 모집하오니 우수한 역량을 보유한 (예비)초기 창업기업의 많은 신청 바랍니다.",시설/공간,공공기관,전국,"대학생,일반인,대학,연구기관,일반기업,1인 창조기업","기업,스타트업,예비창업자,청년,초기창업기업","만 20세 미만,만 20세 이상 ~ 만 39세 이하,만 40세 이상",,,"□ 모집대상 : 국내외 예비창업자 및 창업 7년 이내(공고일기준) 일반특화 분야에 해당하는 팁테크 창업기업 *신산업 분야는 창업 10년 이내
  □ 모집분야 : 푸드테크, 핀테크, 환경에너지, 로봇(딜리버리), 바이오의료, 소셜벤처(DEI), 그 외 AI기반서비스
                               ※ 유치업종 세부 분류표에 한함

[신청 제외 대상자]
■ 국세 또는 지방세 체납으로 규제중인 기업(단, 세금분납계획에 따른 성실납부기업(체납처분유예신청), 선정 후 입주계약 전까지 국세 지방세 등의 특수 채무 변제 후 증빙이 가능한 기업은 신청(지원) 가능)
■ 금융기관 등으로부터 채무불이행으로 규제중인 기업(단, 선정 후 입주계약 전 채무변제 완료 후 증빙이 가능한 기업은 신청 가능)
■ 신청일 현재 휴업 중에 있는 자(기업)
■ 중소기업창업지원법 시행령 제4조의 업종을 영위하고 있거나 또는 영위하고자 하는 자(기업)
■ 우아한형제들이 참여제한의 사유가 있다고 인정하는 자(기업)",,"예비창업자,1년미만,2년미만,3년미만,5년미만,7년미만",시설ㆍ공간ㆍ보육,20260424,20260505,,,"온라인 접수: https://walla.my/survey/uXdD6apevZAQRemfspao
이메일 접수: None
팩스 접수: None
우편 접수: None
방문 접수: None
기타 접수: None",https://www.k-startup.go.kr/web/contents/bizpbanc-ongoing.do?schM=view&pbancSn=177367,main,primary,2026배민스타트업스퀘어스타트업모집,공공기관,20260424~20260505,시설ㆍ공간ㆍ보육,시설ㆍ공간ㆍ보육
kst,177365,2026 「Link-Hi」신규 입주기업 모집 공고,"방위 산업과의 연결 가능성을 탐색하고자 하는 글로벌 유망 혁신스타트업을 보육·육성하기 위해 'Link-Hi'의 신규 입주기업을 다음과 같이 모집하오니, 우수한 역량을 보유한 (예비) 초기 창업기업의 많은 신청 바랍니다.",시설/공간,공공기관,전국,"대학생,일반인,대학,연구기관,일반기업,1인 창조기업","기업,청년,초기창업기업","만 20세 미만,만 20세 이상 ~ 만 39세 이하,만 40세 이상",,,"국내외 예비~창업 7년이내(공고일 기준) 방위산업 분야로의 사업 확장 또는 기술적용 가능성을 보유한 스타트업

❍ 모집대상 세부소개
① 인공지능(AI), 로봇, 에너지, 모빌리티, 환경, 식품, 소재 등 다양한 산업 분야에서 군수용 제품‧서비스 또는 방산 적용 솔루션으로 전환/확장 가능성이 있는 자(또는 기업)
② 방산 분야 진입을 위한 기술 검증, 협력 네트워크 확보, 사업화 전략 수립 등에 관심이 있는 자(또는 기업)

▣ 금융기관 등으로부터 채무불이행으로 규제중인 자 또는 기업
  * 단, 신청 접수 마감일까지 채무변제 완료 후 증빙이 가능한 자(기업), 신용회복  위원회의 프리워크아웃, 개인워크아웃 제도에서 채무조정합의서를 체결한 경우, 법원의 개인회생제도에서 변제계획인가를 받거나 파산면책 선고자, 회생인가를 받은 기업, 중소 벤처기업진흥공단 등으로부터 재창업자금을 지원 받은 자(기업), 건강관리시스템 기업구조 개선진단을 통한 정상화 의결기업 등 정부·공공기관으로부터 재기지원 필요성을 인정받은 자(기업)는 신청(지원) 가능 

 ▣ 국세 또는 지방세 체납으로 규제중인 자
  * 단, 세금분납계획에 따른 성실납부기업 (체납처분유예신청), 신청 접수 마감일까지 국세, 지방세 등의 특수채무 변제 후 증빙이 가능한 자(기업), 중소벤처기업진흥공단 등으로부터 재창업 자금을 지원 받은 자(기업), 건강관리시스템 기업구조 개선진단을 통한 정상화 의결기업 등 정부·공공기관으로부터 재기지원 필요성을 인정받은 자(기업)는 신청 (지원) 가능

 ▣ 신청일 현재 휴업 중인 기업

 ▣ 중소기업창업지원법 시행령 제4조(창업에서 제외되는 업종)의 업종으로 본 사업에 신청하고자 자(기업)
   -  대상업종 (코드번호):  일반유흥주점업(56211),  무도유흥주점업(56212), 카지노 운영업(91242), 기타 사행시설 관리 및 운영업(91249),  그 밖에 경제질서 및 미풍양속에 현저히 어긋나는 업종으로서 중소벤처기업부령으로 정하는 업종

* 대상 업종의 세부사항은 제11차 한국표준산업분류코드(통계청, kssc.kostat.go.kr) 참고   

 ▣ 기타 중소벤처기업부장관 · 창업진흥원장 및 경기창조경제혁신센터장이 참여제한의 사유가 있다고 인정하는 자(기업)",,"예비창업자,1년미만,2년미만,3년미만,5년미만,7년미만",시설ㆍ공간ㆍ보육,20260424,20260505,,,"온라인 접수: https://walla.my/v/EBRk0J33c249lcmefk4l
이메일 접수: None
팩스 접수: None
우편 접수: None
방문 접수: None
기타 접수: None",https://www.k-startup.go.kr/web/contents/bizpbanc-ongoing.do?schM=view&pbancSn=177365,main,primary,2026linkhi신규입주기업모집공고,공공기관,20260424~20260505,시설ㆍ공간ㆍ보육,시설ㆍ공간ㆍ보육
kst,177364,제14회 충남 공공데이터·AI 활용 창업 경진대회 참가기업 모집 공고,공공데이터와 AI을 활용한 아이디어 기획 및 제품․서비스 개발을 통해 공공데이터 기반의 창업을 촉진하고자 아래와 같이“제14회 충남 공공데이터 ·AI 활용 창업경진대회”를 개최하오니 많은 관심과 참여를 바랍니다.,창업,공공기관,전국,"청소년,대학생,일반인,대학,연구기관,일반기업,1인 창조기업","기업,예비창업자,청년,초기창업기업","만 20세 미만,만 20세 이상 ~ 만 39세 이하,만 40세 이상",,,"공공데이터와 AI기술을 모두 활용하여 아이디어를 기획하거나 제품·서비스를 개발한 창업 및 예비창업자

➀ 동일아이템으로 기존 또는 타 기관 창업경진대회에서 입상한 경우 또는 타인의 아이템을 
➁ 도용해 저작권을 침해할 우려가 있거나 침해한 경우",,"예비창업자,1년미만,2년미만,3년미만,5년미만,7년미만",사업화,20260326,20260526,,,"온라인 접수: http://www.ccceicontest.or.kr/contest/view.php?idx=166
이메일 접수: None
팩스 접수: None
우편 접수: None
방문 접수: None
기타 접수: None",https://www.k-startup.go.kr/web/contents/bizpbanc-ongoing.do?schM=view&pbancSn=177364,main,primary,제14회충남공공데이터ai활용창업경진대회참가기업모집공고,공공기관,20260326~20260526,사업화,사업화
kst,177363,2026년 쉬었음청년‧경력보유여성 AI 활용 교육과정,동남권(부·울·경)지역의‘쉬었음청년‧경력보유여성’대상으로 2026년 AI 활용 교육과정 참가자를 다음과 같이 모집하오니 많은 참여 바랍니다.,교육/멘토링,공공기관,부산,"청소년,대학생,일반인,대학","여성,청년","만 20세 미만,만 20세 이상 ~ 만 39세 이하,만 40세 이상",,,동남권(부·울·경) 지역내 쉬었음청년‧경력보유여성,,"예비창업자,1년미만,2년미만,3년미만,5년미만,7년미만,10년미만",멘토링ㆍ컨설팅ㆍ교육,20260424,20260522,,,"온라인 접수: None
이메일 접수: 13L1ZDxbyYrg7/M1PmwVTQ==
팩스 접수: None
우편 접수: None
방문 접수: None
기타 접수: None",https://www.k-startup.go.kr/web/contents/bizpbanc-ongoing.do?schM=view&pbancSn=177363,main,primary,2026년쉬었음청년경력보유여성ai활용교육과정,공공기관,20260424~20260522,멘토링ㆍ컨설팅ㆍ교육,멘토링ㆍ컨설팅ㆍ교육
kst,177362,크라우드 펀딩으로 시작해 해외 수출까지  창업자를 위한 크라우드 펀딩 실전 성장 전략,"2026 강동K-ISS멘토링센터 세미나
크라우드 펀딩으로 시작해 해외 수출까지 '창업자를 위한 크라우드 펀딩 실전 성장 전략'
강사 : 신웅철 대표 / 연성욱 팀장
 (주)맥파이테크
 - 세계 최초 양방향 레이저 거리측정기 출시, 국내외 판매
 - 2017년 해외 크라우드 펀딩 (킥스타터, 인디고고, 마쿠아케)
 : 120만불 실적
 - 국내 와디즈 펀딩 : 약 4억 8천만원 실적(누적)
 - 해외 크라우드펀딩 실적(2016년 이후) : 약 231만$
주최 (주)이노시아 강동K-ISS멘토링센터
창업자들의 해외 국내 크라우드 펀딩에 유익한 세미나를 준비하였습니다 많은 신청을 부탁드립니다",교육/멘토링,민간,전국,"일반기업,1인 창조기업","기업,초기창업기업","만 20세 이상 ~ 만 39세 이하,만 40세 이상",,,창업자,,"예비창업자,1년미만,2년미만,3년미만,5년미만,7년미만,10년미만",멘토링ㆍ컨설팅ㆍ교육,20260424,20260520,,,"온라인 접수: None
이메일 접수: DyS/iIDuL/ZehLknjR+cbhG9u7s4HGE7wpd1vaGkGCQ=
팩스 접수: None
우편 접수: None
방문 접수: None
기타 접수: None",https://www.k-startup.go.kr/web/contents/bizpbanc-ongoing.do?schM=view&pbancSn=177362,main,primary,크라우드펀딩으로시작해해외수출까지창업자를위한크라우드펀딩실전성장전략,민간,20260424~20260520,멘토링ㆍ컨설팅ㆍ교육,멘토링ㆍ컨설팅ㆍ교육
kst,177360,"[인포뱅크X티비즈] 2026년 서울홍릉강소특구 GRaND-K 창업학교 예비/초기창업 기업 모집(~5/8, 17:00)","2026 서울홍릉강소특구「GRaND-K 창업학교」프로그램에 함께 할 예비·초기 스타트업을 모집합니다.
지난 30여년간 다양한 신규 사업 및 성공적인 기업공개(IPO) 경험을 토대로 예비·초기 스타트업 육성과 투자를 활발하게 해 온 '인포뱅크'와 기술사업화 전문기업 '티비즈' 및 분야별 전문가들이
예비·초기 스타트업을 위한 맞춤형 프로그램을 제공하오니 많은 관심과 참여 바랍니다.",창업,민간,서울,"청소년,대학생,일반인,대학,연구기관,일반기업,1인 창조기업","기업,예비창업자,청년,초기창업기업","만 20세 미만,만 20세 이상 ~ 만 39세 이하,만 40세 이상",,,"• 서울홍릉강소특구 지역 내에서 기술 창업을 희망하는 예비창업자 또는 초기 창업기업
- 예비창업자: 사업종료(‘27년 3월) 3개월 이전에 창업이 가능한 자
- 초기창업기업: 창업 3년 미만 기업(2023년 5월 9일 이후 창업자)

• 서울 소재 외 및 3년 초과 기업
- 타 사업화 지원사업과 중복 없음(예창, 초창 등)",,"예비창업자,1년미만,2년미만,3년미만",사업화,20260427,20260508,,,"온라인 접수: https://forms.gle/WEr8NCdfZUjf5iZx9
이메일 접수: None
팩스 접수: None
우편 접수: None
방문 접수: None
기타 접수: None",https://www.k-startup.go.kr/web/contents/bizpbanc-ongoing.do?schM=view&pbancSn=177360,main,primary,인포뱅크x티비즈2026년서울홍릉강소특구grandk창업학교예비초기창업기업모집581700,민간,20260427~20260508,사업화,사업화
kst,177359,파이썬 기반 데이터 분석 실무 프로젝트 과정 교육생 모집공고,"파이썬 기반 데이터 분석 실무 프로젝트 과정 모집을 다음과 같이 공고하오니, 부울경 지역 내 대상자분들의 많은 관심과 참여 바랍니다.",교육/멘토링,공공기관,부산,"청소년,대학생,일반인,대학",청년,"만 20세 미만,만 20세 이상 ~ 만 39세 이하",,,"부울경 지역 내 구직자, 전공자 및 비전공자",,"예비창업자,1년미만,2년미만,3년미만",멘토링ㆍ컨설팅ㆍ교육,20260424,20260721,,,"온라인 접수: https://www.baeulang.kr/bbs/board.php?bo_table=AI&wr_id=573&sca=%EB%B6%80%EC%82%B0
이메일 접수: None
팩스 접수: None
우편 접수: None
방문 접수: None
기타 접수: None",https://www.k-startup.go.kr/web/contents/bizpbanc-ongoing.do?schM=view&pbancSn=177359,main,primary,파이썬기반데이터분석실무프로젝트과정교육생모집공고,공공기관,20260424~20260721,멘토링ㆍ컨설팅ㆍ교육,멘토링ㆍ컨설팅ㆍ교육
kst,177358,『2026년 전남 나주 강소연구개발특구』이노테크 창업기업육성 사업 예비·초기 창업자 모집 공고,유망한 창업아이템을 보유한 창업자의 성공적인 창업을 지원하는 『2026년 이노테크 창업기업육성 사업(전남 나주 강소특구)』에 참여하실 예비창업자 및 초기창업자 모집 계획을 아래와 같이 공고하오니 많은 관심과 참여 바랍니다.,창업,민간,전국,"청소년,대학생,일반인,대학,연구기관,일반기업,1인 창조기업","기업,예비창업자,청년,초기창업기업","만 20세 미만,만 20세 이상 ~ 만 39세 이하,만 40세 이상",,,"1. (전국) 예비창업자
2. (광주·전남지역) 에너지분야 초기창업자 [업력 7년 미만(공고일 기준)]

□ 아래 항목 중 1개 이상에 해당되는 경우 신청 불가
 ✓ 동 사업의 사업화자금으로 사행산업 등 경제질서 및 미풍양속에 현저히 어긋나는 아이템* 및 에너지분야 창업과 무관된 사업을 영위하고자 하는 자
   * 지원제외 대상 업종 : 일반유흥주점업, 무도유흥주점업, 기타 사행시설 관리 및 운영업(중소기업창업지원법 시행령 제4조)
 ✓ 공고일 기준 금융기관을 통한 계좌개설이 불가능하거나 본인 명의의 금융자산에 대한 압류가 진행 중인 자
 ✓ 국세 또는 지방세 체납으로 규제중인 자
 ✓ 국가 및 지방자치단체를 당사로 하는 계약에 관한 법률에 따른 부정당업자
 ✓ 타인의 아이디어, 기술 등을 모방하거나 도용하여 창업하려는 자
 ✓ 폐업 경험이 있는 자가 동일한 사업 내용의 제품이나 서비스로 재창업하고자 하는 경우
 ✓ 기타 수행기관이 참여 제한의 사유가 있다고 인정하는 자
 ✓ 동일한 아이템으로 복수의 지원사업에 신청한 경우 
 ✓ 강소특구 ‘이노테크 창업기업육성 또는 이노폴리스캠퍼스사업’ 당해연도 중복 불가",,"예비창업자,7년미만",사업화,20260424,20260508,,,"온라인 접수: None
이메일 접수: bmRpzBwwW8GynU2NUqnwtQ==
팩스 접수: None
우편 접수: None
방문 접수: None
기타 접수: None",https://www.k-startup.go.kr/web/contents/bizpbanc-ongoing.do?schM=view&pbancSn=177358,main,primary,2026년전남나주강소연구개발특구이노테크창업기업육성사업예비초기창업자모집공고,민간,20260424~20260508,사업화,사업화
kst,177357,창업보육센터및 기업 지원,"남서울대학교 창업보육센터 입주기업을 다음과 같이 모집하오니, 입주를 희망하는 기업은 안내에 따라 신청하여 주시기 바랍니다.",시설/공간,교육기관,충남,"대학생,일반인,일반기업,1인 창조기업","기업,예비창업자,청년,초기창업기업","만 20세 미만,만 20세 이상 ~ 만 39세 이하,만 40세 이상",,,"예비창업자 및 창업 7년미만 기업 (단, 업력 3년 초과 ~ 7년 이내의 경우 유선 문의 필요)

• 중소기업창업 지원법 시행령 제4조에 해당하는 경우
• 소음, 진동, 폐수 등 공해 유발업종이나 제한 업종
• 건축법 시행령 제3조의5 [별표1]의 제1종 근린생활시설이 아니므로 의료기기법 제17조 및 식품위생법 제37조에   따른 의료기기 판매업신고 및 식품 영업허가 불가
• 도소매, 금융 및 보험업, 부동산업, 교육 서비스업, 사회 서비스업 등 보육센터 입주 불가 업종",,"예비창업자,1년미만,2년미만,3년미만,5년미만,7년미만",시설ㆍ공간ㆍ보육,20260427,20261231,,,"온라인 접수: None
이메일 접수: ILBDM2ToSTyzJwppXxdjF7LIAsJNXeqsd3/znfL5GAk=
팩스 접수: None
우편 접수: None
방문 접수: 충청남도 천안시 성환읍 대학로 91, 지식정보관 408호 창업보육센터
기타 접수: 입주신청서류 제출 전, 사전 상담을 위해 전화 주시기 바랍니다.",https://www.k-startup.go.kr/web/contents/bizpbanc-ongoing.do?schM=view&pbancSn=177357,main,primary,창업보육센터및기업지원,교육기관,20260427~20261231,시설ㆍ공간ㆍ보육,시설ㆍ공간ㆍ보육
kst,177356,2026 스마트공장 운영 시스템  MVP 개발 해커톤,AI를 활용한 스마트공장 운영 시스템 (플랫폼) MVP 개발을 주제로 다음과 같이 해커톤을 개최하오니 많은 관심과 참여 바랍니다.,행사/네트워크,공공기관,경기,"대학생,일반인,일반기업,1인 창조기업","기업,청년,초기창업기업","만 20세 미만,만 20세 이상 ~ 만 39세 이하,만 40세 이상",,,"경기도 내 일반인, (예비)창업자 및 7년 이내 중소기업",,"예비창업자,1년미만,2년미만,3년미만,5년미만,7년미만",행사ㆍ네트워크,20260423,20260513,,,"온라인 접수: https://www.aictms.or.kr/core/?cid=65&role=programevview&pSeq=4315&tab=
이메일 접수: None
팩스 접수: None
우편 접수: None
방문 접수: None
기타 접수: None",https://www.k-startup.go.kr/web/contents/bizpbanc-ongoing.do?schM=view&pbancSn=177356,main,primary,2026스마트공장운영시스템mvp개발해커톤,공공기관,20260423~20260513,행사ㆍ네트워크,행사ㆍ네트워크
kst,177355,『2026 오픈웨이브 with 카카오모빌리티』참여기업 모집,인천창조경제혁신센터에서는 카카오모빌리티와 오픈이노베이션을 통해 모빌리티 분야 창업기업을 발굴하고 지원하기 위한 『2026 오픈웨이브 with 카카오모빌리티』에 참여할 기업을 발굴하오니 많은 관심과 참여 바랍니다.,창업,공공기관,전국,일반기업,기업,"만 20세 미만,만 20세 이상 ~ 만 39세 이하,만 40세 이상",,,"카카오모빌리티와 사업화 가능한 창업 7년 이내 기업

공고문 내 &apos;모집 제외&apos; 참조",,7년미만,사업화,20260427,20260515,,,"온라인 접수: None
이메일 접수: RnVTkVXpM+Ly4aIB8D6uqGJO1XxH1GM2iMgkXTK4Y50=
팩스 접수: None
우편 접수: None
방문 접수: None
기타 접수: None",https://www.k-startup.go.kr/web/contents/bizpbanc-ongoing.do?schM=view&pbancSn=177355,main,primary,2026오픈웨이브with카카오모빌리티참여기업모집,공공기관,20260427~20260515,사업화,사업화
kst,177354,2026년 농촌융복합 팜스터치 액셀러레이팅 프로그램 3기 참여 경영체 모집,한국농어촌공사(농촌자원개발원)이 지원하는 「2026 농촌융복합산업 액셀러레이터 육성지원 사업」에 참여할 농촌산업을 선도하고자 하는 업력 7년 미만의 (예비)농촌융복합산업 인증사업자분들의 많은 관심과 지원 바랍니다.,창업,민간,전국,"대학생,일반인,대학,연구기관,일반기업,1인 창조기업","기업,청년,초기창업기업","만 20세 이상 ~ 만 39세 이하,만 40세 이상",,,"업력 7년 미만*의 (예비)농촌융복합인증사업자** 대상
*  모집공고일 기준(26.04.20.)
**「농촌융복합산업 육성 및 지원에 관한 법룔」제8조에 따라 인증받은 경영체
*** 미인증 기업은 11월 30일 내로 (예비)인증 취득을 조건으로 선발",,7년미만,사업화,20260420,20260510,,,"온라인 접수: None
이메일 접수: SeDES7k8DI6WpLCLd3DWDV/QlSIkC9fEr1gOtsbLZU4=
팩스 접수: None
우편 접수: None
방문 접수: None
기타 접수: None",https://www.k-startup.go.kr/web/contents/bizpbanc-ongoing.do?schM=view&pbancSn=177354,main,primary,2026년농촌융복합팜스터치액셀러레이팅프로그램3기참여경영체모집,민간,20260420~20260510,사업화,사업화
kst,177353,메이커 스페이스,"양산을 원하는 창업자를 대상으로 '2026년 시제품 제작 프로그램(양산연계 지원 과정)'을 운영하오니, 많은 관심과 참여 부탁드립니다.",시설/공간,교육기관,광주,"대학생,일반인,일반기업,1인 창조기업","기업,예비창업자,청년,초기창업기업","만 20세 이상 ~ 만 39세 이하,만 40세 이상",,,"광주 전남 권역 내 시제품 제작 및 양산 연계가 가능한 창업 아이템을 가진 창업자(6팀)
 * 창업 후 7년 이내 창업자 대상
 * 2026년 12월까지 양산 연계 가능한 창업자
 * 광주 지역 창업자 우선 선발

해당 프로그램은 CSU창작마을센터에서 운영하는 &apos;2026년 시제품 제작 프로그램(예비창업자 지원 과정)&apos;과 중복 지원 불가능합니다.",,"1년미만,2년미만,3년미만,5년미만,7년미만",시설ㆍ공간ㆍ보육,20260422,20260508,,,"온라인 접수: None
이메일 접수: yZh+t/nAr9N7b+k1cGMzVDwzf6ehA3wNjku556rrtpU=
팩스 접수: None
우편 접수: None
방문 접수: None
기타 접수: None",https://www.k-startup.go.kr/web/contents/bizpbanc-ongoing.do?schM=view&pbancSn=177353,main,primary,메이커스페이스,교육기관,20260422~20260508,시설ㆍ공간ㆍ보육,시설ㆍ공간ㆍ보육
kst,177352,「소상공인 희망이음 프로젝트 」소상공인 우수제품 공모,"케이뱅크와 중소상공인희망재단은 소상공인의 우수제품을 발굴‧구매하여 취약계층 지원에 연계하는 「소상공인 희망이음 프로젝트」를 추진합니다. 이에 복지 현장에서 활용 가능한 소상공인 우수제품을 다음과 같이 공모하오니, 상생 가치를 실천하고자 하는 소상공인 여러분의 많은 참여 바랍니다.",판로/수출,민간,전국,"일반기업,1인 창조기업","기업,소상공인,초기창업기업","만 20세 미만,만 20세 이상 ~ 만 39세 이하,만 40세 이상",,,"o 공모대상 : 복지 현장에서 활용 가능하고, 공모 제품 기준에 부합하는 소상공인 제품
 - (제품유형)  식료품, 생활용품, 위생용품 
 - (제품특성) 실온보관 및 배부가 용이하고, 연령‧성별 구분 없이 보편적 사용 가능한 제품
 - (제품구성) 단일품목 또는 복수품목을 묶은 세트구성 가능 
  * 공고문 내 공모제품기준 확인 필수

o  신청자격 : 다음 요건을 모두 충족하는 소상공인 
 - 소상공인기본법에 따른 소상공인
 - 소상공인 정책자금 지원 제외업종에 해당하지 않는 기업 
 - 복지 현장에서 활용 가능한 소비재(B2C) 제품 제조기업
  * 단순 유통‧사입기업 제외",,"1년미만,2년미만,3년미만,5년미만,7년미만,10년미만",판로ㆍ해외진출,20260423,20260515,,,"온라인 접수: www.heemangfdn.or.kr/layout/res/home.php?go=pds.list&pds_type=1&start=0&num=1388&s_key1=&s_head=&s_que=
이메일 접수: None
팩스 접수: None
우편 접수: None
방문 접수: None
기타 접수: None",https://www.k-startup.go.kr/web/contents/bizpbanc-ongoing.do?schM=view&pbancSn=177352,main,primary,소상공인희망이음프로젝트소상공인우수제품공모,민간,20260423~20260515,판로ㆍ해외진출,판로ㆍ해외진출
kst,177351,2026 시흥시 청년 초기 창업가 육성 프로그램 참여자 모집,"마켓랜딩 캠프, 실무 컨설팅, 비즈니스 트립까지 초기 청년 창업가(1~3년차)를 모집합니다.",창업,민간,전국,"청소년,대학생,일반인,대학,연구기관,일반기업,1인 창조기업","기업,청년,초기창업기업","만 20세 미만,만 20세 이상 ~ 만 39세 이하",,,초기창업가 청년 만 19세 ~ 39세,,"1년미만,2년미만,3년미만",창업교육,20260423,20260510,,,"온라인 접수: https://forms.gle/GM5ChomdKbnaT1C3A
이메일 접수: None
팩스 접수: None
우편 접수: None
방문 접수: None
기타 접수: None",https://www.k-startup.go.kr/web/contents/bizpbanc-ongoing.do?schM=view&pbancSn=177351,main,primary,2026시흥시청년초기창업가육성프로그램참여자모집,민간,20260423~20260510,창업교육,창업교육
kst,177350,2026년 중동상황 대응 물류지원금 지원사업 모집,중동 상황으로 인한 물류비 상승 등으로 어려움을 겪고 있는 서울 소재 중소기업의 수출 부담 완화 및 수출 경쟁력 유지를 위하여 「2026년 중동사태 대응 물류지원금 지원사업」을 다음과같이 공고하오니 참여를 희망하는 기업은 관련 규정 및 절차에 따라 신청하여 주시기 바랍니다.,판로/수출,공공기관,서울,일반기업,기업,"만 20세 미만,만 20세 이상 ~ 만 39세 이하,만 40세 이상",,,"서울 소재 중소기업 중 중동 수출 피해 기업

2026년 동일·유사 사업(SBA, 정부부처, 지자체 등)에 선정된 기업 중 동일 물류비 건으로 중복 신청한 기업은 제외",,"예비창업자,1년미만,2년미만,3년미만,5년미만,7년미만,10년미만",판로ㆍ해외진출,20260421,20261231,,,"온라인 접수: https://www.sba.seoul.kr/Pages/BusinessApply/PostingDetail.aspx?p=0&mid=c20cd838-463d-f111-b404-d4f5ef4a1e33
이메일 접수: None
팩스 접수: None
우편 접수: None
방문 접수: None
기타 접수: None",https://www.k-startup.go.kr/web/contents/bizpbanc-ongoing.do?schM=view&pbancSn=177350,main,primary,2026년중동상황대응물류지원금지원사업모집,공공기관,20260421~20261231,판로ㆍ해외진출,판로ㆍ해외진출
kst,177347,2026 지식재산 스타트업 경진대회 공고,올해의 K-스타트업 2026(부처통합 창업경진대회)의 지식재산처 예선대회(지식재산리그)인 2026 지식재산 경진대회의 참가자 (팀) 모집을 다음과 같이 공고합니다.,창업,공공기관,전국,"청소년,대학생,일반인,대학,연구기관,일반기업,1인 창조기업","기업,스타트업,청년,초기창업기업","만 20세 미만,만 20세 이상 ~ 만 39세 이하,만 40세 이상",,,"지식재산권 보유 업력 3년이내 창업기업

누적 투자유치금액 30억원 이상 받은 기업",,3년미만,사업화,20260423,20260605,,,"온라인 접수: htttp://www.kipa.org/kipa/ip003/kw_culture_2001.jsp
이메일 접수: None
팩스 접수: None
우편 접수: None
방문 접수: None
기타 접수: None",https://www.k-startup.go.kr/web/contents/bizpbanc-ongoing.do?schM=view&pbancSn=177347,main,primary,2026지식재산스타트업경진대회공고,공공기관,20260423~20260605,사업화,사업화
kst,177346,2026년 경기스타트업브릿지 신규 입주기업 모집,2026년 경기스타트업브릿지 신규 입주기업 모집 공고를 다음과 같이 공고하오니 참여를 희망하시는 기업은 안내에 따라 신청하시기 바랍니다.,시설/공간,공공기관,전국,"청소년,대학생,일반인,대학,연구기관,일반기업,1인 창조기업","기업,스타트업,예비창업자,청년,초기창업기업","만 20세 미만,만 20세 이상 ~ 만 39세 이하,만 40세 이상",,,경기도내 예비창업자 및 창업 7년이내 스타트업,,"예비창업자,1년미만,2년미만,3년미만,5년미만,7년미만",시설ㆍ공간ㆍ보육,20260420,20260504,,,"온라인 접수: https://gsp.or.kr/supportProject/UVSD0001.do?sportSeq=6201
이메일 접수: None
팩스 접수: None
우편 접수: None
방문 접수: None
기타 접수: None",https://www.k-startup.go.kr/web/contents/bizpbanc-ongoing.do?schM=view&pbancSn=177346,main,primary,2026년경기스타트업브릿지신규입주기업모집,공공기관,20260420~20260504,시설ㆍ공간ㆍ보육,시설ㆍ공간ㆍ보육
kst,177345,2026 생물자원 활용 창업벤처 지원을 위한 기업 간담회 (추가 모집),국립생물자원관과 탭엔젤파트너스가 국립생물자원관 및 산하기관과 기업 간 기술사업화 논의 활성화를 목적으로 2026 생물자원 활용 산업계 활성화를 위한 기업 간담회 참여기업 모집합니다.,창업,민간,전국,"일반기업,1인 창조기업","기업,초기창업기업","만 20세 미만,만 20세 이상 ~ 만 39세 이하,만 40세 이상",,,7년 미만 국립생물자원관 기술이전 관심 기업,,7년미만,사업화,20260422,20260429,,,"온라인 접수: https://tally.so/r/BzDqW1
이메일 접수: None
팩스 접수: None
우편 접수: None
방문 접수: None
기타 접수: None",https://www.k-startup.go.kr/web/contents/bizpbanc-deadline.do?schM=view&pbancSn=177345,main,primary,2026생물자원활용창업벤처지원을위한기업간담회추가모집,민간,20260422~20260429,사업화,사업화
kst,177344,[창업팀 모집] 2026년 길음청년희망스토어 청년창업 지원사업_청년창업팀 모집 11호점,"자신만의 아이디어로 창업을 준비하는 청년창업팀이 성북에서 자립기반을 다지며 성공적인 첫걸음을 내딛을 수 있도록 
「길음청년희망스토어」청년 점포창업(11호점) 지원사업 모집 공고를 다음과 같이 게재합니다. 
새로운 미래를 스스로 만들어갈 청년창업팀의 많은 관심과 참여를 기다립니다.",창업,공공기관,전국,"일반인,1인 창조기업","청년,초기창업기업",만 20세 이상 ~ 만 39세 이하,20,39,"성북구에서 창업을 준비하는 청년 (만 19세~39세 이하 / 공고일 기준)
 * 1986.04.22. 이후 출생, 2007.04.21. 이전 출생 (공통)
 - 필수자격
 * 팀대표 및 팀원 모두가 아래의 조건을 충족하는 자
   · 만 19세~39세 이하 청년 (공통)
   · 서울시 성북구 사업자등록이 가능한 자 (공통)
   · 창업이력이 있는 경우 : 업력 7년 미만 중소기업확인서 발급이 가능한 자
 - 우대사항
   · 성북구 거주자 – 최소 6개월 이상 거주 요건 (5점)
   · 2025 청년공간 길이음 문화예술 창업교육 우수팀 선정자 (3점) ※수료증 제출

· 2020~2026 성북구 청년창업지원에서 선정되어 지원받은 자
   · 2020~2026 성북구 청년창업지원에서 선정되었으나 중도 포기한 자
   · 지원 제한업종으로 창업하려는 자
   · 기타 참여 신청 자격 제한 사유에 해당하는 자
   * [별첨 1] 기타 참여자격 제한사항 참고",,"예비창업자,7년미만",사업화,20260421,20260506,,,"온라인 접수: None
이메일 접수: YHHiI91FvpNI+AjwezVNeuPaceVVNIklqfBxpnX7SxE=
팩스 접수: None
우편 접수: None
방문 접수: None
기타 접수: None",https://www.k-startup.go.kr/web/contents/bizpbanc-ongoing.do?schM=view&pbancSn=177344,main,primary,창업팀모집2026년길음청년희망스토어청년창업지원사업청년창업팀모집11호점,공공기관,20260421~20260506,사업화,사업화
kst,177343,2026 로컬인서울 청년(예비) 창업가 모집,자신만의 개성과 가치를 지닌 상품/서비스로 로컬 상권 조성에 앞장설 창조적 청년 창업가를 모집합니다.,창업,공공기관,서울,"대학생,일반인,대학,연구기관,일반기업,1인 창조기업","기업,청년,초기창업기업",만 20세 이상 ~ 만 39세 이하,20,39,만 19~39세 서울시 청년으로 로컬브랜드 상권에서 로컬라이프 스타일을 만들어갈 청년(예비) 창업가,,예비창업자,사업화,20260422,20260514,,,"온라인 접수: None
이메일 접수: 46AnRnV923yM77DzU6AalE8gFtxt0j6liZ/ek53VDmI=
팩스 접수: None
우편 접수: None
방문 접수: None
기타 접수: None",https://www.k-startup.go.kr/web/contents/bizpbanc-ongoing.do?schM=view&pbancSn=177343,main,primary,2026로컬인서울청년예비창업가모집,공공기관,20260422~20260514,사업화,사업화
kst,177342,광명시 강소형 스마트도시조성 사업 오픈랩 참여기업 모집,광명 G-SMART 허브에서 AI 및 스마트시티 기술을 활용한 도시 문제 해결과 혁신 산업 생태계 조성을 위해 광명시 강소형 스마트도시 조성사업 오픈랩 프로그램 참여기업을 모집합니다.,창업,민간,전국,"대학생,일반인,일반기업,1인 창조기업","기업,청년,초기창업기업","만 20세 미만,만 20세 이상 ~ 만 39세 이하,만 40세 이상",,,"예비 및 초기 창업자

없음",,"예비창업자,1년미만,2년미만,3년미만,5년미만,7년미만,10년미만",사업화,20260422,20260517,,,"온라인 접수: None
이메일 접수: U012QoLR3xarWYw+b3I/FJrK/JVQpU4lA2oSQUw0suI=
팩스 접수: None
우편 접수: None
방문 접수: None
기타 접수: None",https://www.k-startup.go.kr/web/contents/bizpbanc-ongoing.do?schM=view&pbancSn=177342,main,primary,광명시강소형스마트도시조성사업오픈랩참여기업모집,민간,20260422~20260517,사업화,사업화
kst,177341,『2026  울산창조경제혁신센터-HD현대중공업 스마트 조선해양 기술공모전』 참가자(팀) 모집 공고,울산창조경제혁신센터에서  HD 현대중공업 ( 협력기관  :  해양수산과학기술진흥원 ) 과 함께 예비창업자와 벤처 ‧ 중소기업을 발굴하여 육성하기 위해  『 2026  스마트 조선해양 기술공모전 』 에 참여할 참가자 ( 팀 ) 를 다음과 같이 모집 ·공고합니다.,창업,공공기관,전국,"대학생,일반인,대학,연구기관,일반기업,1인 창조기업","기업,예비창업자,청년,초기창업기업","만 20세 이상 ~ 만 39세 이하,만 40세 이상",,,"① (예비창업자) 사업 공고일 기준 사업자등록 및 법인등록을 하지 않은 자(팀)
    ※ 단, 예비창업자의 경우 본 프로그램 선정시 최종 선정 이후 3개월 이내까지 중소기업 창업지원법 상에 따라 창업(사업자등록 또는 법인설립등기)이 가능해야 함
  ② (벤처·중소기업) ｢벤처기업육성에 관한 특별조치법｣제2조의2에 따른 벤처기업 및 ｢중소기업기본법｣ 제2조에 따른 중소기업

◦ 관련 법령상의 창업이 불가능한 자
◦ 정부 부처 및 지방자치단체, 기관 사업에 참여 제한으로 제재중인 자
◦ 국세 또는 지방세를 체납 중인 자(단, 최종선정 전 완납하는 경우는 가능)
◦ 금융기관을 통한 계좌개설이 불가능하거나, 본인 명의의 금융자산에 대한 압류가 진행 중인 자
◦ 타인의 아이디어․기술 등을 모방하거나 특허, 실용신안 등 지식재산권을 침해 또는 침해할 우려가 있는 경우",,"예비창업자,1년미만,2년미만,3년미만,5년미만,7년미만,10년미만",사업화,20260422,20260522,,,"온라인 접수: https://buly.kr/7mDaabd
이메일 접수: None
팩스 접수: None
우편 접수: None
방문 접수: None
기타 접수: None",https://www.k-startup.go.kr/web/contents/bizpbanc-ongoing.do?schM=view&pbancSn=177341,main,primary,2026울산창조경제혁신센터hd현대중공업스마트조선해양기술공모전참가자팀모집공고,공공기관,20260422~20260522,사업화,사업화
kst,177340,2026년 「창창 두드림 창업 아카데미」 (예비)창업자 모집공고,"혁신적인 창업 아이디어를 보유한 (예비)기술창업자를 대상으로 체계적인 창업지원을 통한 우수 창업자 육성을 위하여 「2026년 창창 두드림 창업 아카데미」사업을 다음과 같이 공고하오니, 예비창업자 또는 창업기업의 많은 참여 바랍니다.",교육/멘토링,공공기관,경남,"청소년,대학생,일반인,일반기업,1인 창조기업","기업,예비창업자,청년,초기창업기업","만 20세 미만,만 20세 이상 ~ 만 39세 이하,만 40세 이상",,,창원시 예비창업자 또는 창업기업 10개사,,"예비창업자,1년미만,2년미만,3년미만,5년미만,7년미만,10년미만",멘토링ㆍ컨설팅ㆍ교육,20260421,20260508,,,"온라인 접수: https://www.cwip.or.kr/application/application_view.php?ab_id=309
이메일 접수: None
팩스 접수: None
우편 접수: None
방문 접수: None
기타 접수: None",https://www.k-startup.go.kr/web/contents/bizpbanc-ongoing.do?schM=view&pbancSn=177340,main,primary,2026년창창두드림창업아카데미예비창업자모집공고,공공기관,20260421~20260508,멘토링ㆍ컨설팅ㆍ교육,멘토링ㆍ컨설팅ㆍ교육
kst,177339,부산 창업가꿈,"부산시 북구는 청년 창업을 활성화하고 청년의 성장과 지역 내 안정적 정착을 지원하기 위해, 창업공간과 주거공간을 제공하는 ‘부산 북구 도심형 청년창업주거복합공간(창업가꿈)’에 입주할 청년 창업가를 모집하오니 많은 참여 바랍니다.",시설/공간,민간,부산,"대학생,일반인,일반기업,1인 창조기업","기업,예비창업자,청년,초기창업기업",만 20세 이상 ~ 만 39세 이하,20,39,"만 39세 이하, 예비창업자 또는 창업 후 7년 이내 기업, 기업 구성원 50% 이상이 청년으로 이루어진 창업 후 7년 이내 기업
1) 만 39세이하 생년월일 관련 기준일 : 1986. 03. 05. 이후 출생자
2) 신청자격 기준일 : 2019. 03. 04. 이후 창업기업
3) 신청자격 증빙자료 : 고용보험 사업장 자격취득자 명부 (신청서 제출일 기준)

단, 선정이후 북구내 사업자등록 또는 본점/지점 설치, 전입신고를 완료해야함.

◦ 단순 유통 및 도소매 사업자
◦ 사치향락, 금품(상품권 등) 관련 사업자
◦ 동일한 사업자로 ‘도심형 청년창업주거복합공간 사업’에 선정된 기업(중복수혜 불가)
◦ 국세 또는 지방세를 체납 중인 자
◦ 정부지원 사업에 참여제한으로 제재 중인 자
◦ 금융기관 등으로부터 채무불이행자로 규제 중인 자
◦ 전국은행연합회 “신용정보관리규약”에 따른 금융질서 문란자
◦ 자치단체의 판단에 따라 사업의 유지가 어려울 것으로 판단되는 사업장
◦ 노사분규 중이거나 고용보험 미가입 사업장
◦ 근로기준법 제43조의2에 따라 임금 등을 체불하여 명단이 공개 중인 사업주
◦ 기타 자치단체장이 사업 목적과 취지에 맞지 않다고 판단하는 기업",,"예비창업자,3년미만",시설ㆍ공간ㆍ보육,20260422,20260508,,,"온라인 접수: forms.gle/2fEWfYaUZziWXRyf9
이메일 접수: None
팩스 접수: None
우편 접수: None
방문 접수: None
기타 접수: None",https://www.k-startup.go.kr/web/contents/bizpbanc-ongoing.do?schM=view&pbancSn=177339,main,primary,부산창업가꿈,민간,20260422~20260508,시설ㆍ공간ㆍ보육,시설ㆍ공간ㆍ보육
kst,177338,초격차 스타트업 프로젝트,"초격차 스타트업의 기술력과 수요기업의 실증, 사업화 역량을 결합한 개방형 혁신 활동을 지원하는「2026년 이노웨이브(Inno-wave)」수요기업을 다음과 같이 모집합니다.",창업,공공기관,전국,"대학,연구기관,일반기업","기업,스타트업","만 20세 미만,만 20세 이상 ~ 만 39세 이하,만 40세 이상",,,"초격차 12대 기술 수요 및 개방형 혁신을 희망하는 대·중견기업, 병원, 공공기관, 지자체 등 PoC 수요처",,"예비창업자,1년미만,2년미만,3년미만,5년미만,7년미만,10년미만",사업화,20260424,20260513,,,"온라인 접수: https://www.k-startup.go.kr/web/contents/webPMSBizUnvs.do?returnUrl=/screen/BMO1201M01?cermnPbancId=10902&pbancType=event
이메일 접수: None
팩스 접수: None
우편 접수: None
방문 접수: None
기타 접수: None",https://www.k-startup.go.kr/web/contents/bizpbanc-ongoing.do?schM=view&pbancSn=177338,main,primary,초격차스타트업프로젝트,공공기관,20260424~20260513,사업화,사업화
kst,177337,SK에코플랜트 리버스피칭 & 오픈이노베이션 밋업 참여기업 모집,"센터에서는 첨단 기술 기반 창업 생태계 활성화와 대·중견기업–스타트업 간 실질적인 협력 기회 확대를 위해 「SK에코플랜트 세종 오픈이노베이션 리버스피칭 & 밋업」을 개최합니다.
이번 행사는 SK에코플랜트의 실제 기술 수요를 바탕으로 유망 창업기업과의 1:1 매칭을 통해 PoC(기술검증), 사업화 및 후속 투자까지 연계될 수 있는 자리로, 참여기업에게는 대기업과의 협업 기회를 직접 확보할 수 있는 좋은 기회가 될 것입니다.
이에, 관련 기술을 보유한 창업기업 여러분의 많은 관심과 적극적인 참여를 바랍니다.",교육/멘토링,공공기관,세종,"청소년,대학생,일반인,대학,연구기관,일반기업,1인 창조기업","기업,청년,초기창업기업","만 20세 미만,만 20세 이상 ~ 만 39세 이하,만 40세 이상",,,모집주제 해결을 위한 우수 아이디어와 구현 기술을 보유한 세종시 소재의 7년이내 스타트업,,"예비창업자,1년미만,2년미만,3년미만,5년미만,7년미만",멘토링ㆍ컨설팅ㆍ교육,20260420,20260508,,,"온라인 접수: https://docs.google.com/forms/d/e/1FAIpQLSdEAD6wMoo-5v3ytTE-rsKHCp8z1J_Mwe4h98YnKQC7uLoIjg/viewform
이메일 접수: None
팩스 접수: None
우편 접수: None
방문 접수: None
기타 접수: None",https://www.k-startup.go.kr/web/contents/bizpbanc-ongoing.do?schM=view&pbancSn=177337,main,primary,sk에코플랜트리버스피칭오픈이노베이션밋업참여기업모집,공공기관,20260420~20260508,멘토링ㆍ컨설팅ㆍ교육,멘토링ㆍ컨설팅ㆍ교육
kst,177336,서울창업허브 공덕 (우수기업 발굴·육성),서울창업허브 제품화지원센터는 H/W분야 기업 제품의 경쟁력 강화 및 시장진출을 위한「2026년 제품화지원센터 제품화 지원」사업을 다음과 같이 공고하오니 제품화지원센터를 통해 제품화 지원을 희망하는 기업의 많은 참여를 바랍니다.,시설/공간,공공기관,서울,"일반기업,1인 창조기업","기업,초기창업기업","만 20세 미만,만 20세 이상 ~ 만 39세 이하,만 40세 이상",,,"서울시 내 업력 7년 이내 H/W분야 스타트업
 ※ 공고마감일까지 서울 소재 기업(본사, 지사, 기업부설연구소 중 하나 이상 서울 소재)으로 등록된 기업",,7년미만,시설ㆍ공간ㆍ보육,20260427,20260514,,,"온라인 접수: https://www.startup-plus.kr/project/PRJ006908
이메일 접수: None
팩스 접수: None
우편 접수: None
방문 접수: None
기타 접수: None",https://www.k-startup.go.kr/web/contents/bizpbanc-ongoing.do?schM=view&pbancSn=177336,main,primary,서울창업허브공덕우수기업발굴육성,공공기관,20260427~20260514,시설ㆍ공간ㆍ보육,시설ㆍ공간ㆍ보육
kst,177334,2026 경기도 Pre-Poc 시장 실증 및 사업화 연계 전략,2026 경기도 Pre-Poc 시장 실증 및 사업화 연계 전략 교육 및 피봇팅 진단을 아래와 같이 진행하오니 많은 관심과 참여 바랍니다.,교육/멘토링,공공기관,경기,"대학생,일반인,연구기관,일반기업,1인 창조기업","기업,예비창업자,청년,초기창업기업","만 20세 미만,만 20세 이상 ~ 만 39세 이하,만 40세 이상",,,"도내 예비창업자, 창업 7년 이내 중소기업, 대학(원)생, 일반인",,"예비창업자,1년미만,2년미만,3년미만,5년미만,7년미만",멘토링ㆍ컨설팅ㆍ교육,20260422,20260507,,,"온라인 접수: https://www.aictms.or.kr/core/?cid=65&role=programevview&pSeq=4325&tab=
이메일 접수: None
팩스 접수: None
우편 접수: None
방문 접수: None
기타 접수: None",https://www.k-startup.go.kr/web/contents/bizpbanc-ongoing.do?schM=view&pbancSn=177334,main,primary,2026경기도prepoc시장실증및사업화연계전략,공공기관,20260422~20260507,멘토링ㆍ컨설팅ㆍ교육,멘토링ㆍ컨설팅ㆍ교육
kst,177333,"[제주창조경제혁신센터]「2026 우주항공 오픈 그라운드 프로그램」with  DRB동일, 인텔리안테크","제주창조경제혁신센터는 우주항공 분야 유망 스타트업을 발굴하고, 실질적인 사업화 성과로 이어지는 지속 가능한 오픈이노베이션 생태계를 조성하기 위해 「2026 우주항공 오픈 그라운드 프로그램」을 추진합니다. 딥테크 분야 스타트업들의 많은 관심과 참여 부탁드립니다.",창업,공공기관,전국,"일반기업,1인 창조기업","기업,예비창업자,초기창업기업","만 20세 미만,만 20세 이상 ~ 만 39세 이하,만 40세 이상",,,"수요기업과 협업을 희망하는 전국 소재 7년 이내 스타트업
※신산업 분야의 경우, 창업 10년 이내까지 가능

• 아직 사업자등록을 하지 않은 예비창업자
• 모집기간 중 대표자 변경 또는 휴업, 폐업, 부도로 인해 사업운영이 어려운 기업
• 국세 및 지방세가 체납되거나 금융기관 등으로부터 채무불이행 대표자 또는 기업
• 기타 정부지원사업 참여제한 제재조치를 받고 있는 기업
• 타인의 특허 등 지식재산권을 침해하거나 침해할 우려가 있는 아이템
※ 타인의 지식재산권을 침해하였을 경우 발생되는 모든 민형사상 책임은 참가기업 본인에게 있음
• 중소기업창업지원법 시행령 제4조의 창업에서 제외되는 업종에 해당하는 자",,"1년미만,2년미만,3년미만,5년미만,7년미만,10년미만",사업화,20260422,20260513,,,"온라인 접수: https://pond-warlock-dbe.notion.site/2026-3484c305097480b9acf9fd19940ba452
이메일 접수: None
팩스 접수: None
우편 접수: None
방문 접수: None
기타 접수: None",https://www.k-startup.go.kr/web/contents/bizpbanc-ongoing.do?schM=view&pbancSn=177333,main,primary,제주창조경제혁신센터2026우주항공오픈그라운드프로그램withdrb동일인텔리안테크,공공기관,20260422~20260513,사업화,사업화
kst,177332,2026년 화승그룹 오픈이노베이션 참여기업 모집 (~6/3),화승그룹에서 오픈이노베이션 행사를 통해 함께 미래를 만들어 갈 기업을 모집합니다.,창업,민간,전국,일반기업,기업,"만 20세 미만,만 20세 이상 ~ 만 39세 이하,만 40세 이상",,,모집분야별 혁신 기술 및 아이디어를 보유한 기업,,"예비창업자,1년미만,2년미만,3년미만,5년미만,7년미만,10년미만",사업화,20260420,20260603,,,"온라인 접수: https://event-us.kr/daraedvbiz/event/124622?utm_source=eventus&utm_medium=organic&utm_campaign=search-result&utm_term=2026%EB%85%84+%ED%99%94%EC%8A%B9%EA%B7%B8%EB%A3%B9+%EC%98%A4%ED%94%88+%EC%9D%B4%EB%85%B8%EB%B2%A0%EC%9D%B4%EC%85%98+%EC%B0%B8%EC%97%AC+%EA%B8%B0%EC%97%85+%EB%AA%A8%EC%A7%91
이메일 접수: None
팩스 접수: None
우편 접수: None
방문 접수: None
기타 접수: None",https://www.k-startup.go.kr/web/contents/bizpbanc-ongoing.do?schM=view&pbancSn=177332,main,primary,2026년화승그룹오픈이노베이션참여기업모집63,민간,20260420~20260603,사업화,사업화
kst,177331,관광 오픈이노베이션 프로그램,2026 관광 오픈이노베이션 매칭데이(2차)를 아래와 같이 추진 예정이니 많은 관심 부탁드립니다.,창업,공공기관,전국,"청소년,대학생,일반인,대학,연구기관,일반기업,1인 창조기업","기업,청년,초기창업기업","만 20세 미만,만 20세 이상 ~ 만 39세 이하,만 40세 이상",,,관광 오픈이노베이션 참여를 원하는 기업,,"1년미만,2년미만,3년미만,5년미만,7년미만",사업화,20260421,20260426,,,"온라인 접수: https://tally.so/r/vGxVDd
이메일 접수: None
팩스 접수: None
우편 접수: None
방문 접수: None
기타 접수: None",https://www.k-startup.go.kr/web/contents/bizpbanc-deadline.do?schM=view&pbancSn=177331,main,primary,관광오픈이노베이션프로그램,공공기관,20260421~20260426,사업화,사업화
kst,177330,2026 혁신성장 청년 예비 소상공인 지원 사업 설명회,"강북청년창업마루 - 강북창업지원센터에서 2026 혁신성장 청년 예비 소상공인 지원사업 참여자를 모집합니다.
이에 사업 설명회를 진행하니 관심 있으신 분들의 많은 관심과 참여 바랍니다.",행사/네트워크,교육기관,서울,"청소년,대학생,일반인","소상공인,청년",만 20세 이상 ~ 만 39세 이하,20,39,"혁신성장 청년 예비 소상공인 지원 사업에 관심이 있는 모든 분들

없음",,"예비창업자,1년미만,2년미만,3년미만,5년미만",행사ㆍ네트워크,20260421,20260428,,,"온라인 접수: https://forms.gle/XZ6LysAkCSQxdgUA8
이메일 접수: None
팩스 접수: None
우편 접수: None
방문 접수: None
기타 접수: None",https://www.k-startup.go.kr/web/contents/bizpbanc-deadline.do?schM=view&pbancSn=177330,main,primary,2026혁신성장청년예비소상공인지원사업설명회,교육기관,20260421~20260428,행사ㆍ네트워크,행사ㆍ네트워크
kst,177329,일잘러를 위한 “클로드 코드 입문&자동화 실전 교육” 참여자 모집 (『신한 스퀘어브릿지』 스타트업 네트워킹 5월 브릿지 클럽),"요즘 가장 핫한 AI 업무자동화 도구 '클로드 코드(Claude Code)' 설치부터 실습까지! 
AI로 일하는 방식을 바꾸고 싶은 스타트업이라면, 디지털 역량도 한 단계 끌어올리고 네트워킹 기회까지 잡을 수 있는 이 자리, 지금 브릿지 클럽에서 만나보세요!",행사/네트워크,민간,전국,"청소년,대학생,일반인,대학,연구기관,일반기업,1인 창조기업","기업,스타트업,예비창업자,청년,초기창업기업","만 20세 미만,만 20세 이상 ~ 만 39세 이하,만 40세 이상",,,"스타트업 임직원, 예비창업자, AC/VC 및 스타트업 유관기관 관계자 등",,"예비창업자,1년미만,2년미만,3년미만,5년미만,7년미만,10년미만",행사ㆍ네트워크,20260421,20260525,,,"온라인 접수: https://m.site.naver.com/260rO
이메일 접수: None
팩스 접수: None
우편 접수: None
방문 접수: None
기타 접수: None",https://www.k-startup.go.kr/web/contents/bizpbanc-ongoing.do?schM=view&pbancSn=177329,main,primary,일잘러를위한클로드코드입문자동화실전교육참여자모집신한스퀘어브릿지스타트업네트워킹5월브릿지클럽,민간,20260421~20260525,행사ㆍ네트워크,행사ㆍ네트워크
kst,177328,2026년 스타트업  원스톱 지원센터 참여기업 모집공고,예비창업자 및 창업기업의 애로해소 지원을 위한 「2026년 스타트업 원스톱 지원센터 」지원 계획을 다음과 같이 공고합니다.,교육/멘토링,공공기관,전국,"청소년,대학생,일반인,대학,연구기관,일반기업,1인 창조기업","기업,스타트업,예비창업자,청년,초기창업기업","만 20세 미만,만 20세 이상 ~ 만 39세 이하,만 40세 이상",,,"기술창업기반 예비창업자 및 창업기업

공고문 참고",,"예비창업자,1년미만,2년미만,3년미만,5년미만,7년미만,10년미만",멘토링ㆍ컨설팅ㆍ교육,20260422,20261231,,,"온라인 접수: https://www.k-startup.go.kr/onestop/main/index.do
이메일 접수: None
팩스 접수: None
우편 접수: None
방문 접수: 17개 창조경제혁신센터
기타 접수: None",https://www.k-startup.go.kr/web/contents/bizpbanc-ongoing.do?schM=view&pbancSn=177328,main,primary,2026년스타트업원스톱지원센터참여기업모집공고,공공기관,20260422~20261231,멘토링ㆍ컨설팅ㆍ교육,멘토링ㆍ컨설팅ㆍ교육
kst,177327,2026년 기후변화대응 혁신기술 실증 지원사업 공고,"2026년 서울시 기후변화 대응 혁신기술 실증 지원사업을 다음과 같이 공고하오니, 본 사업에 관심 있는 분들의 많은 신청과 참여를 바랍니다.",기술,공공기관,서울,"연구기관,일반기업",기업,"만 20세 이상 ~ 만 39세 이하,만 40세 이상",,,서울시 소재 중소 및 중견기업,,"3년미만,5년미만,7년미만,10년미만",기술개발(R&amp;D),20260421,20260501,,,"온라인 접수: None
이메일 접수: h/3q31Ae6tk+SWEVOOTxNOCbvpuI4NmpvoHvFuv+8ug=
팩스 접수: None
우편 접수: None
방문 접수: None
기타 접수: None",https://www.k-startup.go.kr/web/contents/bizpbanc-ongoing.do?schM=view&pbancSn=177327,main,primary,2026년기후변화대응혁신기술실증지원사업공고,공공기관,20260421~20260501,기술개발(R&D),기술개발(R&D)
kst,177326,[와디즈] 로컬 플레이어 공개 모집,"[와디즈 로컬 플레이어 공개 모집]
와디즈는 창업가와 소상공인, 스타트업이 세상에 없던 제품과 서비스를 선보일 수 있도록 돕는 혁신 플랫폼입니다.
펀딩을 통해 열정 있는 메이커들이 진심 어린 팬을 만나고 성장할 수 있도록 지원합니다.
이제 우리는 이러한 기회를 더 많은 지역으로 확장하고자 합니다.
이 여정에 동행할 와디즈 로컬 플레이어는 지역 고유의 경쟁력을 가진 메이커와 브랜드를 발굴하여 전국(5극 3특) 무대에서 활약하는 브랜드로 성장시킵니다.
지역의 가능성을 발견하고, 그들의 도전이 새로운 기회로 이어질 수 있도록 또 다른 혁신을 함께 시작할 전국의 로컬 플레이어를 기다립니다.",인력/일자리,민간,전국,"일반인,일반기업,1인 창조기업","기업,초기창업기업","만 20세 이상 ~ 만 39세 이하,만 40세 이상",,,"- 전국 각 지역에서 활동하며 다양한 로컬 네트워크를 직접 만들어오신 분
- 사람을 만나고 이야기 나누는 것을 즐기며, 관계 속에서 새로운 기회를 만들고 싶은 분
- 스스로 목표를 설정하고 실행하는 추진력이 있는 분",,"예비창업자,1년미만,2년미만,3년미만,5년미만,7년미만,10년미만",인력,20260415,20260515,,,"온라인 접수: https://job.wadiz.kr/ko/localplayer
이메일 접수: None
팩스 접수: None
우편 접수: None
방문 접수: None
기타 접수: None",https://www.k-startup.go.kr/web/contents/bizpbanc-ongoing.do?schM=view&pbancSn=177326,main,primary,와디즈로컬플레이어공개모집,민간,20260415~20260515,인력,인력
kst,177325,2026년 인천콘텐츠기업지원센터 제2차 입주기업 모집공고,"(재)인천테크노파크에서는 인천콘텐츠기업지원센터에 입주할 경쟁력 있는 콘텐츠기업을 모집하오니, 많은 관심과 참여 바랍니다.",시설/공간,공공기관,인천,일반기업,기업,"만 20세 미만,만 20세 이상 ~ 만 39세 이하,만 40세 이상",,,"공고일 기준 설립일로부터 만 7년 이내인 콘텐츠기업

∙ 공고일 기준 사업자가 중소기업기본법 제2조에 따른 중소기업이 아닌 경우
∙ 4대보험 가입자명부 상 고용인원이 없이 대표자 혼자 운영 중인 1인 기업인 경우
∙ 해외기업(합자회사일 경우, 국내 자기자본비율이 50% 미만인 경우)
∙ 신청일 현재, 정부 및 타 기관에 참여제한으로 제재 중인 사업자
∙ 국세, 지방세, 4대보험료(국민연금, 건강보험, 고용보험, 산재보험) 체납자(기업)
∙ 금융기관으로부터 채무불이행으로 규제 중인 자 또는 휴‧폐업 중인 사업자
∙ 대기업이 기업발행주식 총수 또는 출자총액의 30% 이상을 소유하고 있는 사업자
∙ 사업자가 문화체육관광부장관 등 중앙행정관서의 장으로부터 보조금법 제31조의2에 따른 수행배제 등의 조치를 받은 경우
∙ 신청일 현재 사업자가 콘텐츠 지원사업에 따라 발생한 정산반납대상액(지원사업 정산결과에 따라 사업자가 전담기관에 납부하여야 하는 금액) 및 기술료를 체납(매출조사 거부, 회피 등 포함)하고 있는 경우
∙ 협약일 기준 인천테크노파크 또는 타 기관으로부터 임대료 전액 지원을 받고 있거나 입주지원 프로그램에 참여 또는 입주 예정인 경우",,7년미만,시설ㆍ공간ㆍ보육,20260421,20260527,,,"온라인 접수: https://bizok.incheon.go.kr/open_content/support.do?act=detail&policyno=6927
이메일 접수: None
팩스 접수: None
우편 접수: None
방문 접수: None
기타 접수: None",https://www.k-startup.go.kr/web/contents/bizpbanc-ongoing.do?schM=view&pbancSn=177325,main,primary,2026년인천콘텐츠기업지원센터제2차입주기업모집공고,공공기관,20260421~20260527,시설ㆍ공간ㆍ보육,시설ㆍ공간ㆍ보육
kst,177324,2026 서울 기후테크 컨퍼런스 전시 참가기업 모집,2026 서울 기후테크 컨퍼런스 전시 참가기업을 다음과 같이 모집하오니 기업들의 많은 참여 바랍니다.,행사/네트워크,지자체,서울,"대학생,일반인,대학,연구기관,일반기업","기업,청년","만 20세 이상 ~ 만 39세 이하,만 40세 이상",,,"기후테크 기술 보유 스타트업, 중소기업, 중견기업 등",,"예비창업자,1년미만,2년미만,3년미만,5년미만,7년미만,10년미만",행사ㆍ네트워크,20260417,20260506,,,"온라인 접수: https://sctc.seoul.kr/exhibitor-application/
이메일 접수: None
팩스 접수: None
우편 접수: None
방문 접수: None
기타 접수: None",https://www.k-startup.go.kr/web/contents/bizpbanc-ongoing.do?schM=view&pbancSn=177324,main,primary,2026서울기후테크컨퍼런스전시참가기업모집,지자체,20260417~20260506,행사ㆍ네트워크,행사ㆍ네트워크
kst,177323,2026 스타트업 월드컵 코리아-경산,"본 대회는 과학기술정보통신부, 경상북도, 경산시, 정보통신기획평가원(IITP), (재)경산이노베이션아카데미가 공동 주최하는 글로벌 스타트업 경진대회로, 전 세계 70여 개국이 참여하는 ‘스타트업 월드컵’의 한국 대표 선발전입니다.
국내 유망 스타트업의 글로벌 진출을 지원하기 위한 프로그램으로, 최종 선발 기업은 2026년 11월 미국 샌프란시스코에서 개최되는 그랜드 파이널에 진출하여 글로벌 VC 및 기업 관계자를 대상으로 IR 피칭을 진행하게 됩니다.
특히 ‘실리콘밸리 진출 기회(골든 티켓)’를 핵심으로, 투자 유치 및 글로벌 확장을 희망하는 스타트업에게 실질적인 기회를 제공하고자 합니다.
현재 전국 단위로 업력 및 분야 제한 없이 참가기업을 모집 중이오니, 참여를 희망하는 기업은 안내에 다라 신청하여 주시기 바랍니다.",판로/수출,민간,전국,"일반기업,1인 창조기업","기업,누구나,스타트업,초기창업기업","만 20세 미만,만 20세 이상 ~ 만 39세 이하,만 40세 이상",,,"대한민국 소재 법인 스타트업 (업력 제한 없음)
전 산업 분야 기업

개인사업자 및 법인 미설립 기업
공고 마감일까지 신청서 미제출 또는 필수 서류 미비 기업
기타 주최기관에서 참여 제한 사유가 있다고 판단되는 경우",,"예비창업자,1년미만,2년미만,3년미만,5년미만,7년미만,10년미만",판로ㆍ해외진출,20260421,20260610,,,"온라인 접수: https://www.startupworldcup.io/gyeongsan-regional
이메일 접수: None
팩스 접수: None
우편 접수: None
방문 접수: None
기타 접수: None",https://www.k-startup.go.kr/web/contents/bizpbanc-ongoing.do?schM=view&pbancSn=177323,main,primary,2026스타트업월드컵코리아경산,민간,20260421~20260610,판로ㆍ해외진출,판로ㆍ해외진출
kst,177322,2026년 5월 동네창업학교 교육생 모집 공고,충남신용보증재단에서 충남지역 청년 예비창업자와 중소기업 및 소상공인의 사업 역량 강화를 위해 2026년 5월 동네창업학교 교육생을 모집합니다.,창업,공공기관,전국,"대학생,일반인,대학,연구기관,일반기업,1인 창조기업","기업,누구나,예비창업자,청년,초기창업기업","만 20세 미만,만 20세 이상 ~ 만 39세 이하",,,"- 충청남도 내 창업 예정인 청년 예비창업자 또는
- 충청남도 소재 사업장을 운영 중인 청년 기창업자(업종제한 없음)
 *(청년) 19세 이상 39세 이하(1986년 1월 3일 ~ 2007년 1월 2일)",,"예비창업자,1년미만,2년미만,3년미만,5년미만,7년미만,10년미만",창업교육,20260417,20260511,,,"온라인 접수: https://www.cnsinbo.co.kr/reservation/educationView.do?m=1003&seq=382
이메일 접수: None
팩스 접수: None
우편 접수: None
방문 접수: None
기타 접수: None",https://www.k-startup.go.kr/web/contents/bizpbanc-ongoing.do?schM=view&pbancSn=177322,main,primary,2026년5월동네창업학교교육생모집공고,공공기관,20260417~20260511,창업교육,창업교육
kst,177321,2026년 G-Space 혁신 창업기업 액셀러레이팅 지원사업 모집공고,"2026년 G-Space 혁신창업기업 액셀러레이팅 지원사업 창업기업 모집공고
 ( 경남동부권 창업지원거점“G-Space@East”)
유망 창업 아이템 및 기술을 보유한 창업기업의 사업 고도화와 안정적 성장을 지원하는 ｢2026년 G-Space 혁신창업기업 액셀러레이팅 지원사업｣에 참여할 창업기업을 다음과 같이 모집합니다.",창업,공공기관,전국,"대학생,일반인,대학,연구기관,일반기업,1인 창조기업","기업,청년,초기창업기업","만 20세 이상 ~ 만 39세 이하,만 40세 이상",,,"양산지역 소재 업력 7년 미만의 창업기업
(※ 타 지역 지원자 등 상세 신청자격  요건은  붙임1. 모집공고문 확인)

붙임1. 모집공고문 신청자격 제외대상  확인",,7년미만,사업화,20260422,20260521,,,"온라인 접수: https://www.gnstartup.kr/business/8339db24-725a-45bc-baf9-d778adc7b0d8/10467/detail
이메일 접수: None
팩스 접수: None
우편 접수: None
방문 접수: None
기타 접수: None",https://www.k-startup.go.kr/web/contents/bizpbanc-ongoing.do?schM=view&pbancSn=177321,main,primary,2026년gspace혁신창업기업액셀러레이팅지원사업모집공고,공공기관,20260422~20260521,사업화,사업화
kst,177320,2026년 스타트업 투자유치 지원사업,시흥산업진흥원은 관내 스타트업의 해외 투자 연계 기회를 확대하고 글로벌 투자 유치 가능성 제고을 위한 『2026년 스타트업 투자유치 지원사업』 을 다음과 같이 연장 공고합니다.,판로/수출,공공기관,경기,"일반인,일반기업,1인 창조기업","기업,스타트업,초기창업기업","만 20세 이상 ~ 만 39세 이하,만 40세 이상",,,"시흥시 본사, 연구소, 지사 등 업력 7년 이내* 창업기업

- 신청서 및 심사기준표 상 관련 첨부 서류를 허위로 작성/제출
  - 공고일 기준 시흥산업진흥원 추진사업 제재(참여제한) 대상 기업
  - 정부부처, 지자체, 유관기관 등으로부터 동일 행사 참가 보조금(지원금)을 받은 기업
  - 2026년 개최 행사가 아닌 경우
  - 공고일 기준 국세, 지방세 체납기업 
  - 기타 정상적인 사업수행이 어렵다고 판단되는 경우",,"예비창업자,1년미만,2년미만,3년미만,5년미만,7년미만",글로벌,20260415,20260429,,,"온라인 접수: https://www.sida.kr/business/applyView?uid=34923&cm_uid_s=&keyfield_s=&search_word_s=&cpage=1&spage=1
이메일 접수: None
팩스 접수: None
우편 접수: None
방문 접수: None
기타 접수: None",https://www.k-startup.go.kr/web/contents/bizpbanc-deadline.do?schM=view&pbancSn=177320,main,primary,2026년스타트업투자유치지원사업,공공기관,20260415~20260429,글로벌,글로벌
kst,177319,울산 바이오헬스기업 글로벌 진출 지원사업,"울산지역 바이오‧디지털 헬스케어 기업의 글로벌 시장 진출을 지원하기 위해 BIO USA 2026 참 프로그램을 운영하오니, 관심 있는 창업팀 및 기업의 많은 신청 바랍니다.
※ 자세한 공고 내용 및 신청서 양식은 첨부파일을 참고하시기 바랍니다.",판로/수출,교육기관,울산,일반기업,기업,"만 20세 이상 ~ 만 39세 이하,만 40세 이상",,,"울산시에 주소지를 두고 있는 스타트업 및 관내 기업, 울산으로 소재지를 옮길 예정인 관외기업",,7년미만,글로벌,20260422,20260518,,,"온라인 접수: None
이메일 접수: 7wl0mGN4MvpJKuQ36Mk8P1W4TtRibLK43av9FHd7+aU=
팩스 접수: None
우편 접수: None
방문 접수: None
기타 접수: None",https://www.k-startup.go.kr/web/contents/bizpbanc-ongoing.do?schM=view&pbancSn=177319,main,primary,울산바이오헬스기업글로벌진출지원사업,교육기관,20260422~20260518,글로벌,글로벌
kst,177318,[동국대학교] 2026 모두의 창업 서울권역 사업 설명회,"안녕하세요. 동국대학교 입니다.
모두의 창업 전국 순회 설명회(서울편)를 동국대학교에서 다음과 같이 개최합니다.
1. 설명회 일시 : 2026.04.27.(월) 14시~16시
2. 설명회 장소 : 서울특별시 중구 필동로 1길 30 동국대학교 본관 남산홀
3. 기타 : 동국대학교 사업설명회 참석자 전원 L홀더 증정 
? 주차 지원이 불가하오니 대중교통 이용을 권장드립니다.
? 본 설명회 참석 시 사업 이해도를 높이고, 신청 준비에 실질적인 도움을 받으실 수 있습니다.",창업,민간,서울,"청소년,대학생,일반인,대학,연구기관,일반기업,1인 창조기업","기업,예비창업자,청년,초기창업기업","만 20세 미만,만 20세 이상 ~ 만 39세 이하,만 40세 이상",,,"예비창업자 및 3년 이내 기창업자(이종창업 희망자)

없음",,"예비창업자,1년미만,2년미만,3년미만",창업교육,20260421,20260427,,,"온라인 접수: https://forms.gle/y2BTL8e6G8DQsqxUA
이메일 접수: None
팩스 접수: None
우편 접수: None
방문 접수: None
기타 접수: None",https://www.k-startup.go.kr/web/contents/bizpbanc-deadline.do?schM=view&pbancSn=177318,main,primary,동국대학교2026모두의창업서울권역사업설명회,민간,20260421~20260427,창업교육,창업교육
kst,177317,「2026 글로벌 PoC 연계 고도화 지원사업」 참여기업 모집,"대전창조경제혁신센터에서는 지역 유망 스타트업의 글로벌 시장 진출을 지원하기 위해
「2026 글로벌 PoC 연계 고도화 지원사업」 참여기업을 모집합니다.
본 사업은 해외 기업·기관과의 협력을 기반으로 실증(PoC)을 수행하여
기술 검증부터 현지화, 투자 연계까지 이어지는 글로벌 사업화 체계 구축을 목표로 합니다.
실증(PoC)을 통해 시장 검증 및 글로벌 레퍼런스 확보를 희망하는 기업의 많은 참여를 바랍니다
※ 자세한 내용 공고문 참고",판로/수출,공공기관,대전,일반기업,기업,"만 20세 미만,만 20세 이상 ~ 만 39세 이하,만 40세 이상",,,"본사가 대전지역에 소재한 창업 7년 이내의 글로벌 시장 진출 희망기업
글로벌 기업(기관)과 협력 진행 중이거나, 협력 가능 기술·비즈니스 모델 보유기업",,7년미만,판로ㆍ해외진출,20260421,20260511,,,"온라인 접수: None
이메일 접수: kb3gvOKF28L00hijj1Mmww==
팩스 접수: None
우편 접수: None
방문 접수: None
기타 접수: None",https://www.k-startup.go.kr/web/contents/bizpbanc-ongoing.do?schM=view&pbancSn=177317,main,primary,2026글로벌poc연계고도화지원사업참여기업모집,공공기관,20260421~20260511,판로ㆍ해외진출,판로ㆍ해외진출
kst,177316,2026년 제3기 서대문구 청년벤처 육성사업 창업기업 모집,"서대문구는 청년벤처 기업발굴 및 성장을 지원하고, 투자·팁스 연계가 가능한 유망 청년벤처 기업을 육성하기 위하여, 청년의 창의적인 아이디어를 발굴하고, 혁신적인 기업으로의 성장을 지원하는 청년벤처 육성사업을 운영하고 있습니다. 기업 성장의 전 주기적 창업지원 및 팁스연계를 통해 사업확장을 추진하는 유망한 청년창업기업의 많은 관심과 참여 바랍니다.",기술,지자체,전국,"대학생,일반인","청년,초기창업기업",만 20세 이상 ~ 만 39세 이하,20,39,공고일 기준 대표자가 청년(19세이상  39세 이하)인 5년 미만 초기 창업자 또는 예비 창업기업,,"예비창업자,1년미만,2년미만,3년미만,5년미만",기술개발(R&amp;D),20260420,20260508,,,"온라인 접수: https://docs.google.com/forms/d/e/1FAIpQLSfEZnvzUDWM1HFFthCzmG_8phJ_0M7_-D4-56d3z_NTExjiBg/viewform
이메일 접수: None
팩스 접수: None
우편 접수: None
방문 접수: None
기타 접수: None",https://www.k-startup.go.kr/web/contents/bizpbanc-ongoing.do?schM=view&pbancSn=177316,main,primary,2026년제3기서대문구청년벤처육성사업창업기업모집,지자체,20260420~20260508,기술개발(R&D),기술개발(R&D)
kst,177315,(공고 연장) 한국해양교통안전공단 오픈이노베이션 참여 창업기업 모집,"종창조경제혁신센터는 한국해양교통안전공단과 창업기업 간의 기술 기반 협업(PoC)을 통해 공공문제를 해결하고, 혁신기술의 시장 진출 및 스케일업을 지원하기 위하여「세종 거브테크 오픈이노베이션 프로그램」에 참여할 창업기업을 다음과 같이 모집하오니 많은 관심과 참여를 바랍니다.",창업,공공기관,전국,"청소년,대학생,일반인,대학,연구기관,일반기업,1인 창조기업","기업,청년,초기창업기업","만 20세 미만,만 20세 이상 ~ 만 39세 이하,만 40세 이상",,,"공고일 기준 창업 후 7년 미만 기술창업기업 / 전국 소재
* 관외 기업의 경우 세종시로 본점, 지사, 연구소, 공장 중 하나 이상을 협약 종료일 이전까지 이전 할 경우 지원 가능
* 초격차 10대 분야(시스템반도체, 바이오·헬스, 미래모빌리티, 친환경에너지, 로봇, AI·빅데이터, 사이버보안·네트워크, 우주항공·해양, 차세대원전, 양자기술)는 10년까지 가능",,"예비창업자,1년미만,2년미만,3년미만,5년미만,7년미만,10년미만",사업화,20260421,20260506,,,"온라인 접수: None
이메일 접수: P6TdxlfslgL3Zc3asHA6dw==
팩스 접수: None
우편 접수: None
방문 접수: None
기타 접수: None",https://www.k-startup.go.kr/web/contents/bizpbanc-ongoing.do?schM=view&pbancSn=177315,main,primary,공고연장한국해양교통안전공단오픈이노베이션참여창업기업모집,공공기관,20260421~20260506,사업화,사업화
kst,177313,2026년 서울시 소셜벤처 임팩트 측정 상담 신청  참여기업 모집(~5.15.),서울소셜벤처허브에서는 서울시 소셜벤처기업이 창출하는 지속가능한 임팩트 측정과 보고서 지원을 통해 경쟁력과 임팩트를 강화하기 위해서 아래와 같이 참여기업을 모집하오니 관심 있는 기업의 많은 참여 바랍니다.,창업,공공기관,서울,"일반기업,1인 창조기업","기업,초기창업기업","만 20세 이상 ~ 만 39세 이하,만 40세 이상",,,"서울 소재 소셜벤처기업 
※ 기술보증기금 판별서 필수

서울 외 지역과 기술보증기금에서 판별이 되지 않은 기업",,"예비창업자,1년미만,2년미만,3년미만,5년미만,7년미만,10년미만",사업화,20260421,20260515,,,"온라인 접수: https://forms.gle/vcdC8jsekFLwKTbm8
이메일 접수: None
팩스 접수: None
우편 접수: None
방문 접수: None
기타 접수: None",https://www.k-startup.go.kr/web/contents/bizpbanc-ongoing.do?schM=view&pbancSn=177313,main,primary,2026년서울시소셜벤처임팩트측정상담신청참여기업모집515,공공기관,20260421~20260515,사업화,사업화
kst,177312,제주창조경제혁신센터 글로벌 액셀러레이팅 프로그램 「시리즈 J 」 참여기업 모집,제주창조경제혁신센터에서 스타트업의 성공적인 일본 진출과 성장을 지원하는 특화 액셀러레이팅 프로그램 「시리즈 J」에 참여할 스타트업을 모집합니다.,판로/수출,공공기관,전국,"청소년,대학생,일반인,대학,연구기관,일반기업,1인 창조기업","기업,예비창업자,청년,초기창업기업","만 20세 미만,만 20세 이상 ~ 만 39세 이하,만 40세 이상",,,"일본 진출을 예정하거나 희망하는 창업 7년 이내 스타트업 (*신산업 창업분야 한해 10년이내)

예비창업자",,"1년미만,2년미만,3년미만,5년미만,7년미만,10년미만",글로벌,20260421,20260508,,,"온라인 접수: https://forms.gle/cVRwVErcxju4BLTn7
이메일 접수: None
팩스 접수: None
우편 접수: None
방문 접수: None
기타 접수: None",https://www.k-startup.go.kr/web/contents/bizpbanc-ongoing.do?schM=view&pbancSn=177312,main,primary,제주창조경제혁신센터글로벌액셀러레이팅프로그램시리즈j참여기업모집,공공기관,20260421~20260508,글로벌,글로벌
kst,177311,민관협력 오픈이노베이션 지원사업,중견기업의 오픈이노베이션 참여를 활성화하고 스타트업과의 협력을 통한 동반 성장 지원을 위해 「2026년 민관협력 오픈이노베이션 지원사업」중견기업-스타트업 오픈이노베이션 수요기업을 다음과 같이 모집합니다.,행사/네트워크,공공기관,전국,일반기업,기업,"만 20세 미만,만 20세 이상 ~ 만 39세 이하,만 40세 이상",,,"스타트업과 협력을 희망하는 국내 중견기업 및 중소기업
세부사항은 공고 문 내 [모집대상] 참고

세부사항은 공고문 내 [모집 제외 대상] 참고",,"7년미만,10년미만",행사ㆍ네트워크,20260421,20260511,,,"온라인 접수: None
이메일 접수: a6+msWL/PAcmMrHLVYAzqw==
팩스 접수: None
우편 접수: None
방문 접수: None
기타 접수: None",https://www.k-startup.go.kr/web/contents/bizpbanc-ongoing.do?schM=view&pbancSn=177311,main,primary,민관협력오픈이노베이션지원사업,공공기관,20260421~20260511,행사ㆍ네트워크,행사ㆍ네트워크
kst,177310,2026년 5월 ZUZU 웨비나,"2026년, 더 강력해진 팁스(TIPS) 프로그램! 변화된 정책에 어떻게 대응하고 계신가요?
팁스 운영사를 만나는 방법부터 실제 투자 유치 성공 사례까지, 팁스 운영사 심사역 출신 VC와 함께 투자 유치 전략을 공개합니다.
웨비나 구성:
- 세션 1. 2026년 TIPS, 어떻게 달라졌을까요?
- 세션 2. TIPS 선정을 부르는 투자 유치 전략, 무엇이 다를까요?",교육/멘토링,민간,전국,"대학생,일반인,대학,연구기관,일반기업,1인 창조기업","기업,청년,초기창업기업","만 20세 미만,만 20세 이상 ~ 만 39세 이하,만 40세 이상",,,"※ 신청대상
- TIPS 지원을 고민 중이지만 무엇부터 준비해야 할지 막막한 대표님
- 운영사(VC) 매칭 방법이 궁금한 초기 스타트업 대표 및 팀원
- TIPS 운영사에 투자를 받고 싶지만, 방법이 막막한 대표님
- 2026년 변경된 TIPS 정책을 빠르게 파악하고 싶은 분",,"예비창업자,1년미만,2년미만,3년미만,5년미만,7년미만,10년미만",멘토링ㆍ컨설팅ㆍ교육,20260421,20260512,,,"온라인 접수: https://zuzu.to/kstartup-tips-webinar-signup
이메일 접수: None
팩스 접수: None
우편 접수: None
방문 접수: None
기타 접수: None",https://www.k-startup.go.kr/web/contents/bizpbanc-ongoing.do?schM=view&pbancSn=177310,main,primary,2026년5월zuzu웨비나,민간,20260421~20260512,멘토링ㆍ컨설팅ㆍ교육,멘토링ㆍ컨설팅ㆍ교육
kst,177309,2026년 보령시 청년창업 육성사업  모집공고,"보령시와 충남창조경제혁신센터에서는 예비 청년창업가의 실전 창업 역량 강화를 위해 참가자를 모집하오니, 
많은 관심과 참여 바랍니다.",창업,공공기관,전국,"대학생,일반인","누구나,청년","만 20세 이상 ~ 만 39세 이하,만 40세 이상",,,"- 보령시에서 창업을 희망하는 만 18세 이상 45세 이하 청년
 - 거주지 제한 없음 (관외 거주자 신청 가능)
 - 재직자 참여 가능(단, 최종 선정 시 창업 전환 필요)
 - 사업자 여부와 관계없이 교육과정 참여 가능
 - 다만, 벤치마킹 종료일까지 사업자등록이 없는 자에 한하여 창업경진대회 참여 가능",,예비창업자,사업화,20260421,20260429,,,"온라인 접수: None
이메일 접수: iaIu/nD/kLHzxpDIxp8VQEEfJ2EjEyxerlzluanOVKQ=
팩스 접수: None
우편 접수: None
방문 접수: None
기타 접수: None",https://www.k-startup.go.kr/web/contents/bizpbanc-deadline.do?schM=view&pbancSn=177309,main,primary,2026년보령시청년창업육성사업모집공고,공공기관,20260421~20260429,사업화,사업화
kst,177308,"스타트업 실무 마스터 시리즈: 세무, 절세전략부터 인사노무 까지","성동청년 창업이룸센터에서는 「스타트업 실무 마스터 시리즈」를 운영합니다.
본 프로그램은 마케팅, 세무·회계, 인사·노무 등 스타트업 운영에 필요한 핵심 실무 역량을 전문가 강의를 통해 체계적으로 제공하는 교육입니다.
실질적인 사업 운영 역량을 강화하고자 하는 입주기업 및 예비·초기 창업자의 많은 참여 바랍니다.",창업,민간,서울,"청소년,대학생,일반인,대학,연구기관,일반기업,1인 창조기업","기업,스타트업,청년,초기창업기업","만 20세 미만,만 20세 이상 ~ 만 39세 이하",,,청년 창업  기업 대표자 또는 임직원,,"예비창업자,1년미만,2년미만,3년미만,5년미만,7년미만,10년미만",창업교육,20260420,20260512,,,"온라인 접수: https://forms.gle/8FWVvPTxA8bqKyis7
이메일 접수: None
팩스 접수: None
우편 접수: None
방문 접수: None
기타 접수: None",https://www.k-startup.go.kr/web/contents/bizpbanc-ongoing.do?schM=view&pbancSn=177308,main,primary,스타트업실무마스터시리즈세무절세전략부터인사노무까지,민간,20260420~20260512,창업교육,창업교육
kst,177307,로컬 아이디어톤 : 농업 X 기술 참여자 모집 공고,"농업 분야의 혁신적 비즈니스 아이디어를 도출하는 참여자 모집을 아래와 같이 공고합니다.
농림축산식품부 장관상, 농림식품기술기획평가원 원장상 등 권위 있는 시상 또한 제공되니 참여를 희망하는 창업팀은 안내에 따라 신청하기 바랍니다.",행사/네트워크,민간,전국,"대학생,일반인",청년,만 20세 이상 ~ 만 39세 이하,20,39,2~3인 창업팀,,"예비창업자,1년미만,2년미만,3년미만,5년미만,7년미만,10년미만",행사ㆍ네트워크,20260420,20260511,,,"온라인 접수: https://forms.gle/g2iFcspFu3QtYZKs8
이메일 접수: None
팩스 접수: None
우편 접수: None
방문 접수: None
기타 접수: None",https://www.k-startup.go.kr/web/contents/bizpbanc-ongoing.do?schM=view&pbancSn=177307,main,primary,로컬아이디어톤농업x기술참여자모집공고,민간,20260420~20260511,행사ㆍ네트워크,행사ㆍ네트워크
kst,177306,Fusion 360 제품 구현 3D 모델링 교육,Fusion 360 기반 제품 구현 3D 모델링 교육을 다음과 같이 공고하오니 참여를 희망하는 분들의 많은 신청 바랍니다.,교육/멘토링,공공기관,경기,"대학생,일반인,연구기관,일반기업,1인 창조기업","기업,청년,초기창업기업","만 20세 미만,만 20세 이상 ~ 만 39세 이하,만 40세 이상",,,"경기도 내 (예비)창업자, 창업 7년 이내 중소기업, 일반인",,"예비창업자,1년미만,2년미만,3년미만,5년미만,7년미만",멘토링ㆍ컨설팅ㆍ교육,20260420,20260513,,,"온라인 접수: https://www.aictms.or.kr/core/?cid=29&role=programview&pSeq=4323&tab=
이메일 접수: None
팩스 접수: None
우편 접수: None
방문 접수: None
기타 접수: None",https://www.k-startup.go.kr/web/contents/bizpbanc-ongoing.do?schM=view&pbancSn=177306,main,primary,fusion360제품구현3d모델링교육,공공기관,20260420~20260513,멘토링ㆍ컨설팅ㆍ교육,멘토링ㆍ컨설팅ㆍ교육
kst,177305,2026 3D 제품 디자인 시각화 실무 교육 : Blender 활용,Blender 기반 3D 제품 구현 교육을 다음과 같이 공고하오니 많은 관심과 신청 바랍니다.,교육/멘토링,공공기관,경기,"대학생,일반인,연구기관,일반기업,1인 창조기업","기업,청년,초기창업기업","만 20세 미만,만 20세 이상 ~ 만 39세 이하,만 40세 이상",,,"경기도 내 (예비)창업자, 창업 7년 이내 중소기업, 일반인",,"예비창업자,1년미만,2년미만,3년미만,5년미만,7년미만",멘토링ㆍ컨설팅ㆍ교육,20260420,20260506,,,"온라인 접수: https://www.aictms.or.kr/core/?cid=29&role=programview&pSeq=4307&tab=
이메일 접수: None
팩스 접수: None
우편 접수: None
방문 접수: None
기타 접수: None",https://www.k-startup.go.kr/web/contents/bizpbanc-ongoing.do?schM=view&pbancSn=177305,main,primary,20263d제품디자인시각화실무교육blender활용,공공기관,20260420~20260506,멘토링ㆍ컨설팅ㆍ교육,멘토링ㆍ컨설팅ㆍ교육
kst,177304,2026 지식재산 데이터 활용 창업 경진대회,지식재산처 지식재산 데이터(공공데이터)를 활용한 창의적인 아이디어와 신규 비즈니스 모델을 발굴하여 지원하는『2026 지식재산 데이터 활용 창업 경진대회』신청자 모집을 다음과 같이 공고합니다.,창업,공공기관,전국,"청소년,대학생,일반인,대학,연구기관,일반기업,1인 창조기업","기업,누구나,청년,초기창업기업","만 20세 미만,만 20세 이상 ~ 만 39세 이하,만 40세 이상",,,"- 지식재산 데이터에 관심 있는 국민 누구나
‣ 개인 또는 팀(최대 4인)으로 참가 가능

- 동일한 과제(아이템)로 타 기관 경진대회 및 공모전 입상에 입상한 경우 참가 불가
- 타인의 산업재산권, 저작권 등 권리를 침해할 우려가 있는 과제(아이템)로 참가 불가",,"예비창업자,1년미만,2년미만,3년미만,5년미만,7년미만,10년미만",사업화,20260420,20260611,,,"온라인 접수: https://plus.kipris.or.kr/portal/ipstar/ipstar.do
이메일 접수: None
팩스 접수: None
우편 접수: None
방문 접수: None
기타 접수: None",https://www.k-startup.go.kr/web/contents/bizpbanc-ongoing.do?schM=view&pbancSn=177304,main,primary,2026지식재산데이터활용창업경진대회,공공기관,20260420~20260611,사업화,사업화
kst,177303,창업On 희망On 아카데미,영덕군 지역자원을 활용한 창업 지원으로 지역경제 활성화를 도모하기 위한 『창업On 희망On 아카데미』참여자를 다음과 같이 모집합니다.,교육/멘토링,공공기관,전국,"대학생,일반인,1인 창조기업","청년,초기창업기업","만 20세 이상 ~ 만 39세 이하,만 40세 이상",,,영덕군 내 창업 예정자 또는 기창업자 *기창업자 : 창업 1년 미만,,"예비창업자,1년미만",멘토링ㆍ컨설팅ㆍ교육,20260420,20260508,,,"온라인 접수: https://forms.gle/oD1TX7hJCay6emfaA
이메일 접수: AdYh2nuylTxKA5S49/OWlw==
팩스 접수: None
우편 접수: None
방문 접수: 경상북도 구미시 구미대로 350-27 2층 경북창조경제혁신센터 지역창업팀
기타 접수: None",https://www.k-startup.go.kr/web/contents/bizpbanc-ongoing.do?schM=view&pbancSn=177303,main,primary,창업on희망on아카데미,공공기관,20260420~20260508,멘토링ㆍ컨설팅ㆍ교육,멘토링ㆍ컨설팅ㆍ교육
kst,177302,2026년 3D-FAB 크라우드펀딩 지원사업 참여 기업 모집,"3D-FAB은 과학기술정보통신부 소관의 정보통신산업진흥원에서 예비창업자, 스타트업, 중소기업을 위해 준비한 3D프린팅 기술 복합지원 공간입니다.
크라우드펀딩을 통한 3D프린팅 기술 활용기업의 성장 지원을 위해 3D-FAB(3D프린팅혁신성장센터)에서
[‘26년 3D-FAB 크라우드펀딩 지원사업]을 다음과 같이 공고 하오니 관심 있는 기업은 안내에 따라 신청하여 주시기 바랍니다.",판로/수출,민간,전국,"일반인,대학,연구기관,일반기업,1인 창조기업","기업,초기창업기업","만 20세 이상 ~ 만 39세 이하,만 40세 이상",,,"3D프린팅 기술을 활용하여 개발/제작한 제품을 출시하였거나, 출시 예정인 기업 
※ (출시 예정 기업 상세 예시) 제품 개발 과정 중, &apos;최종 설계&apos; 완료 및 &apos;금형 제작&apos; 이전 단계

기관, 지자체 등 기타 기관을 통해 동일한 사업 콘텐츠로 크라우드펀딩 관련 지원을 받은 경우(참여 이력만 있는 경우에는 무관)",,"예비창업자,1년미만,2년미만,3년미만,5년미만,7년미만,10년미만",판로ㆍ해외진출,20260420,20260515,,,"온라인 접수: https://3d-fab.kr/kor/event/view.php?pNo=1&idx=26
이메일 접수: None
팩스 접수: None
우편 접수: None
방문 접수: None
기타 접수: None",https://www.k-startup.go.kr/web/contents/bizpbanc-ongoing.do?schM=view&pbancSn=177302,main,primary,2026년3dfab크라우드펀딩지원사업참여기업모집,민간,20260420~20260515,판로ㆍ해외진출,판로ㆍ해외진출
kst,177301,사회적경제 도약패키지,"혁신적인 사회문제해결 사업모델을 보유한 사회적경제조직의 실질적인 투자유치를 지원하기 위해,「2026년 사회적경제 도약패키지(G-Impact)」참여 기업을 모집합니다.",창업,민간,전국,"청소년,대학생,일반인,대학,연구기관,일반기업,1인 창조기업","기업,청년,초기창업기업","만 20세 미만,만 20세 이상 ~ 만 39세 이하,만 40세 이상",,,"- 투자유치 및 실증 진행 준비 중인 경기도 내 유망 사회적경제조직 (*투자 유치 단계 무관)
- 대상 : 소셜벤처, 사회적경제조직 인증 기업, (예비)사회적기업, (예비)마을기업, (사회적)협동조합, 자활기업, 장애인표준사업장 등  
※ 선정 후 기한 내 본점 경기도 이전 시 사업 참여 가능

① 금융기관 등으로부터 채무불이행으로 규제중인 자(기업)
② 국세 또는 지방세 체납 중인 자(기업)
③ 소상공인정책자금 지원제외 업종*을 영위하고 있는 자(기업)
④ 당해연도(2026년) 중앙정부, 지방자치단체, 공공기관으로부터 동일 또는 유사 사업(사업목표와 결과물 등이 일치하는 경우)으로 재정지원을 받았거나 지원받기로 예정된 경우
⑤ 경기도사회적경제원 지원사업 중 아래 사업에 선정되어 협약체결 및 사업을 완료했던 
이력이 있는 자(기업)
 - (2023년) 임팩트 테마별 액셀러레이팅 참여기업
 - (2024~2025년) 사회적경제 도약패키지 참여기업

※ 그 외 자세한 사항은 공고문 확인",,"1년미만,2년미만,3년미만,5년미만,7년미만,10년미만",사업화,20260413,20260507,,,"온라인 접수: https://www.gsic.or.kr/home/kor/M232113179/business/apply/view.do?idx=cb00d1a0008a85e71a41b8741facbffe4e0ef26310606dc6763de6b789d3b51c&act=&eSearchValue2=&eSearchValue3=&searchValue4=&searchValue5=&searchValue6=&searchValue1=0&searchKeyword=&pageIndex=1
이메일 접수: None
팩스 접수: None
우편 접수: None
방문 접수: None
기타 접수: None",https://www.k-startup.go.kr/web/contents/bizpbanc-ongoing.do?schM=view&pbancSn=177301,main,primary,사회적경제도약패키지,민간,20260413~20260507,사업화,사업화
kst,177300,2026년 지역특화콘텐츠개발지원(대구게임테크허브) 차세대 플랫폼 도약·확장 지원사업,"(재)대구디지털혁신진흥원에서는 게임기업의 차세대 게임 개발 기반 조성을 위해 추진하는 
'2026년 지역특화콘텐츠개발지원(대구게임테크허브) 차세대 플랫폼 도약·확장 지원사업'의 참여 기업 모집을 다음과 같이 공고하오니, 관심 있는 기업들의 많은 참여 바랍니다.",창업,공공기관,대구,일반기업,기업,"만 20세 미만,만 20세 이상 ~ 만 39세 이하,만 40세 이상",,,"공고일 기준 사업자등록증 상 본사 소재지가 대구인 게임 제작·배급업 등록 기업
* 협약일 기준 2개월 이내 대구 사업자등록·이전 확약 역외기업(본사)

(차세대 플랫폼 도약 지원) 
- 신규 PC·콘솔 게임 제작 예정 기업
- 출시 이력 없는 초기·아이디어 단계 게임콘텐츠
(차세대 플랫폼 확장 지원)
- 공고 마감일(‘26.5.8.(금)) 기준 출시완료된 게임콘텐츠  
- IP 사용 및 콘텐츠 소유권 확보된 게임콘텐츠

첨부파일(공고문 및 사업안내서) 내 지원 제외대상 참고",,"1년미만,2년미만,3년미만,5년미만,7년미만,10년미만",사업화,20260326,20260508,,,"온라인 접수: https://www.bojo.go.kr/bojo.do?popShareUrl=/ia/getIA005100Popup.do?&bsnsyear=&wdrLcgvCode=&labSfrndCode=&manageBsnsId=&nttId=202633000000025100007A&pid=POPUP&title=%EA%B3%B5%EB%AA%A8%EC%A0%95%EB%B3%B4
이메일 접수: None
팩스 접수: None
우편 접수: None
방문 접수: (41256) 대구시 동구 장등로 76, 5층 (대구콘텐츠기업지원센터 5층)
기타 접수: ※ e나라도움 온라인 공모 접수 후 원본 서류 방문 제출
※ 차세대 플랫폼 도약 지원 / 차세대 플랫폼 확장 지원의 접수 링크가 상이하오니, 신청 접수 공모 및 링크를  확인해주시기 바랍니다.",https://www.k-startup.go.kr/web/contents/bizpbanc-ongoing.do?schM=view&pbancSn=177300,main,primary,2026년지역특화콘텐츠개발지원대구게임테크허브차세대플랫폼도약확장지원사업,공공기관,20260326~20260508,사업화,사업화
kst,177299,대전방산혁신클러스터 「드론특화형 국방 신규진입(창업)지원」,대전방산혁신클러스터 활성화 목적으로 국방 드론 특화 예비창업자 초기 창업자의 성공적인 사업화를 지원하기 위한 「드론특화형 국방 창업 교육 참가자」를 다음과 같이 모집하오니 교육 참가자 분들의 많은 참여 바랍니다,창업,교육기관,대전,"청소년,대학생,일반인,대학,일반기업,1인 창조기업","기업,청년,초기창업기업","만 20세 미만,만 20세 이상 ~ 만 39세 이하,만 40세 이상",,,"국방 분야 창업 및 방산 시장 진입을 희망하는,

소속 또는 거주지*가 대전광역시에 소재한 대학(원)생*, 일반인, ICT기업

*&apos;소속 또는 거주지&apos;의 경우 교육생 수료자 평가(2026.9.12.)전까지 대전광역시로 전입신고를 할 경우 참여 가능. DSC플랫폼 소속일 경우 DSC(00대학교) 명시

**&apos;대학(원)생&apos;의 경우 휴학생 및 졸업생 포함",,"예비창업자,1년미만,2년미만,3년미만,5년미만,7년미만",창업교육,20260413,20260619,,,"온라인 접수: None
이메일 접수: Sdk7JF9Nz56kREkbyDjhAjExEP0sqNM60DpjA3F4NxI=
팩스 접수: None
우편 접수: None
방문 접수: None
기타 접수: None",https://www.k-startup.go.kr/web/contents/bizpbanc-ongoing.do?schM=view&pbancSn=177299,main,primary,대전방산혁신클러스터드론특화형국방신규진입창업지원,교육기관,20260413~20260619,창업교육,창업교육
kst,177298,2026 방콕 한-아세안 AI시티·에듀테크 데이 참가기업 모집 공고,"(재)부산정보산업진흥원에서는 태국 내 다양한 ICT 기업 교류를 통해 상호협력 기회를 마련하고, 현지 시장 이해도 향상 및 진출을 위해‘2026 방콕 한-아세안 AI시티·에듀테크 데이’ 참가기업을 모집 하오니, 많은 관심과 참여 부탁드립니다.",판로/수출,공공기관,부산,"일반기업,1인 창조기업","기업,초기창업기업","만 20세 미만,만 20세 이상 ~ 만 39세 이하,만 40세 이상",,,부산 소재 AI솔루션 기업 6개사,,"예비창업자,1년미만,2년미만,3년미만,5년미만,7년미만,10년미만",판로ㆍ해외진출,20260417,20260424,,,"온라인 접수: None
이메일 접수: uE56ObxLTmC492hVhCZy9w==
팩스 접수: None
우편 접수: None
방문 접수: None
기타 접수: None",https://www.k-startup.go.kr/web/contents/bizpbanc-deadline.do?schM=view&pbancSn=177298,main,primary,2026방콕한아세안ai시티에듀테크데이참가기업모집공고,공공기관,20260417~20260424,판로ㆍ해외진출,판로ㆍ해외진출
kst,177297,2026 서울창업허브 공덕 유럽 글로벌 세미나 & 1:1 밋업,"유럽 시장 진출을 준비하는 스타트업을 대상으로 글로벌 세미나 및 밋업을 다음과 같이 개최하오니, 참여를 희망하는 기업은 안내에 따라 신청하시기 바랍니다.",판로/수출,민간,전국,"청소년,대학생,일반인,대학,연구기관,일반기업,1인 창조기업","기업,청년,초기창업기업","만 20세 미만,만 20세 이상 ~ 만 39세 이하,만 40세 이상",,,"- 유럽 진출을 희망하는 서울 소재 스타트업(서울 소재 확인 必)
- 밋업 신청 기업 분야 : 바이오, 농업기술, 환경, 에너지, 친환경기술 스타트업",,"예비창업자,1년미만,2년미만,3년미만,5년미만,7년미만,10년미만",판로ㆍ해외진출,20260420,20260424,,,"온라인 접수: https://forms.gle/pPpBiHdD31TQEPfZ9
이메일 접수: None
팩스 접수: None
우편 접수: None
방문 접수: None
기타 접수: None",https://www.k-startup.go.kr/web/contents/bizpbanc-deadline.do?schM=view&pbancSn=177297,main,primary,2026서울창업허브공덕유럽글로벌세미나11밋업,민간,20260420~20260424,판로ㆍ해외진출,판로ㆍ해외진출
kst,177296,코디세이 AI 네이티브 과정,"산업 현장형 AI 실무 인재 양성을 위한 2026 코디세이 AI 네이티브 교육생 모집을 다음과 같이 공고하오니, 참여를 희망하는 분들은 안내에 따라 신청하기 바랍니다.",교육/멘토링,공공기관,서울,"대학생,일반인","누구나,청년","만 20세 이상 ~ 만 39세 이하,만 40세 이상",,,대한민국 국적자로 성인 또는 고졸 이상 누구나,,"예비창업자,1년미만,2년미만,3년미만,5년미만,7년미만,10년미만",멘토링ㆍ컨설팅ㆍ교육,20260415,20260514,,,"온라인 접수: codyssey.kr/guide/aiNative
이메일 접수: None
팩스 접수: None
우편 접수: None
방문 접수: None
기타 접수: None",https://www.k-startup.go.kr/web/contents/bizpbanc-ongoing.do?schM=view&pbancSn=177296,main,primary,코디세이ai네이티브과정,공공기관,20260415~20260514,멘토링ㆍ컨설팅ㆍ교육,멘토링ㆍ컨설팅ㆍ교육
kst,177295,2026년 중소기업 디지털 전환 및 스마트 공장 구축 솔루션 컨설팅 지원사업,포항공과대학교에서는 디지털 전환 및 스마트 공장 구축에 애로사항을 겪고 있는 중소기업을 대상으로 「2026년 중소기업 디지털 전환 및 스마트 공장 구축 솔루션 컨설팅 지원사업」에 참여할 기업을 모집합니다.,교육/멘토링,교육기관,전국,일반기업,"기업,중소기업","만 20세 미만,만 20세 이상 ~ 만 39세 이하,만 40세 이상",,,"디지털 전환 및 스마트 공장 구축을 추진하고자 하는 20인 이상 중소기업

방산기업",,"예비창업자,1년미만,2년미만,3년미만,5년미만,7년미만,10년미만",멘토링ㆍ컨설팅ㆍ교육,20260420,20260424,,,"온라인 접수: None
이메일 접수: ypgqlGW6TnWTTDUoea0An4XiYpxFqzocFeE0vPa1dHA=
팩스 접수: None
우편 접수: None
방문 접수: None
기타 접수: None",https://www.k-startup.go.kr/web/contents/bizpbanc-deadline.do?schM=view&pbancSn=177295,main,primary,2026년중소기업디지털전환및스마트공장구축솔루션컨설팅지원사업,교육기관,20260420~20260424,멘토링ㆍ컨설팅ㆍ교육,멘토링ㆍ컨설팅ㆍ교육
kst,177294,대구콘텐츠기업지원센터 2026년 2차 입주기업 모집,대구 지역 내 문화콘텐츠 산업 관련 기업 육성 및 창업 활성화를 위하여 대구콘텐츠기업지원센터에 입주할 경쟁력 있는 콘텐츠 기업을 모집하고자 합니다.,시설/공간,공공기관,전국,일반기업,기업,"만 20세 미만,만 20세 이상 ~ 만 39세 이하,만 40세 이상",,,"- 공고일 기준 설립 7년 이내 문화콘텐츠 기업(개인 또는 법인)
- 입주계약일로부터 30일 이내 본사 소재지를 대구콘텐츠기업지원센터로 이전 가능한 기업

- 해외기업(합자회사일 경우, 국내 자기자본비율이 50% 미만인 경우)
- 신청일 현재, 정부 및 타 기관에 참여제한으로 제재 중인 사업자
- 국세, 지방세 체납자(기업 또는 대표자), 신용불량자(대표자)
- 금융기관으로부터 채무불이행으로 규제 중인 자 또는 휴·폐업 중인 사업자
- 폐수, 소음, 진동 등 공해 다발업종 영위자
- 제조업 등 공장등록을 희망하는 자
- 우리원 참여제한 조치 중인 기업 및 기술료, 임대료 미납 기업
- 센터 기 입주기업 중 2개 입주실 사용기업
- 기타 입주 대상에 부적합하다고 인정되는 경우에 해당하는 기업",,"1년미만,2년미만,3년미만,5년미만,7년미만",시설ㆍ공간ㆍ보육,20260420,20260508,,,"온라인 접수: None
이메일 접수: 14DgSYm6BnFmEjGahUHyXw==
팩스 접수: None
우편 접수: None
방문 접수: None
기타 접수: None",https://www.k-startup.go.kr/web/contents/bizpbanc-ongoing.do?schM=view&pbancSn=177294,main,primary,대구콘텐츠기업지원센터2026년2차입주기업모집,공공기관,20260420~20260508,시설ㆍ공간ㆍ보육,시설ㆍ공간ㆍ보육
kst,177293,광명 혁신스타트업 액셀러레이팅,"광명시는 혁신적인 기술 분야 스타트업 및 창업자를 발굴하고 유망 스타트업을 집중 육성하기 위하여 혁신스타트업 스케일업 액셀러레이팅 프로그램 참가기업을 모집하오니, 많은 관심과 참여 바랍니다.",교육/멘토링,민간,전국,"청소년,대학생,일반인,대학,연구기관,일반기업,1인 창조기업","기업,스타트업,예비창업자,청년,초기창업기업","만 20세 미만,만 20세 이상 ~ 만 39세 이하,만 40세 이상",,,"□ 신청 자격(상세) : 광명시 소재 7년 미만 스타트업(또는 예비창업자)
  ① 광명시 본사 소재 기업 (2019년 4월 20일 이후 사업자등록 기업)
  ② 광명시 본사 이전 계획이 있는 기업(‘26년 12월까지 사업자등록증상 주소지 이전 필수)
  ③ 광명시 창업 계획이 있는 예비창업자(‘26년 12월까지 사업자등록 필수)

□ 신청제외대상 
  ① 국세 또는 지방세를 체납 중인 자 ※ 국세·지방세 완납증명서 제출
  ② 신청서 및 사업계획서 등 본 사업 관련 서류를 허위로 기재한 경우
  ③ 신청 제한 업종 : 사치향락업종, 숙박, 주점, 금융업, 사행성 불건전 소프트웨어 개발 및 공급업 등 
중소기업창업 지원법 기준 창업에서 제외되는 업종",,"예비창업자,1년미만,2년미만,3년미만,5년미만,7년미만",멘토링ㆍ컨설팅ㆍ교육,20260420,20260510,,,"온라인 접수: https://docs.google.com/forms/d/e/1FAIpQLSfK9fFPsPCZpZ8PXqCk5eZGX7i9TzO54F7F32hX12Zzt2l2WQ/viewform?usp=header
이메일 접수: None
팩스 접수: None
우편 접수: None
방문 접수: None
기타 접수: None",https://www.k-startup.go.kr/web/contents/bizpbanc-ongoing.do?schM=view&pbancSn=177293,main,primary,광명혁신스타트업액셀러레이팅,민간,20260420~20260510,멘토링ㆍ컨설팅ㆍ교육,멘토링ㆍ컨설팅ㆍ교육
kst,177292,2026년 제1회 S.Challenge IR 참여 기업 모집 공고,"서울지방중소벤처기업청과 서울창조경제혁신센터는 서울지역 특화 분야 사업을 영위하며 우수한 창업기업에 스케일업을 지원하고, IR 데모데이를 통해 투자유치 기회를 제공하는 「S.Challenge IR｣에 참여할 창업기업을 다음과 같이 모집하오니 많은 관심과 지원 바랍니다.",교육/멘토링,공공기관,서울,"청소년,대학생,일반인,대학,연구기관,일반기업,1인 창조기업","기업,청년,초기창업기업","만 20세 미만,만 20세 이상 ~ 만 39세 이하,만 40세 이상",,,"핀테크 분야 사업을 영위하고, 서울에 소재(본사 기준)한 창업 3년 이내 기업",,"1년미만,2년미만,3년미만",멘토링ㆍ컨설팅ㆍ교육,20260415,20260428,,,"온라인 접수: None
이메일 접수: HavuhMiTVk+0gd4QOBqJe1rWV5R1oXx0aUoAKDoYmHs=
팩스 접수: None
우편 접수: None
방문 접수: None
기타 접수: None",https://www.k-startup.go.kr/web/contents/bizpbanc-deadline.do?schM=view&pbancSn=177292,main,primary,2026년제1회schallengeir참여기업모집공고,공공기관,20260415~20260428,멘토링ㆍ컨설팅ㆍ교육,멘토링ㆍ컨설팅ㆍ교육
kst,177291,IP 디딤돌 프로그램,"청주상공회의소 충북지식재산센터는 지식재산 기반 아이디어와 기술을 보유한 예비창업자, 대학생, 일반인을 대상으로 강력한 지식재산권 획득과 사업화 극대화를 위한 「2026년 IP창업ZONE 제35기」 교육생을 모집합니다.",교육/멘토링,공공기관,충북,"청소년,대학생,일반인,대학,연구기관,일반기업,1인 창조기업","기업,청년,초기창업기업","만 20세 미만,만 20세 이상 ~ 만 39세 이하,만 40세 이상",,,충북도내 (예비)창업자,,"예비창업자,1년미만,2년미만,3년미만,5년미만,7년미만",멘토링ㆍ컨설팅ㆍ교육,20260420,20260514,,,"온라인 접수: None
이메일 접수: XfYpS7HC15LV8AR0Exed/dWPuUIk9Zy1SIE1yIeWDRc=
팩스 접수: None
우편 접수: None
방문 접수: 충북 청주시 상당구 상당로 106, 청주상공회의소 1층 충북지식재산센터
기타 접수: None",https://www.k-startup.go.kr/web/contents/bizpbanc-ongoing.do?schM=view&pbancSn=177291,main,primary,ip디딤돌프로그램,공공기관,20260420~20260514,멘토링ㆍ컨설팅ㆍ교육,멘토링ㆍ컨설팅ㆍ교육
kst,177290,경기도 AI 멤버십 기업 모집,경기도와 경기도경제과학진흥원은 도내 인공지능 기반 산업 생태계 구축을 위해 경기도 AI 혁신클러스터를 조성하고 있습니다. AI 혁신클러스터 공간과 다양한 AI 역량 강화 프로그램을 지원받을 수 있는 “경기도 AI 멤버십 기업”을 아래와 같이 모집하오니 많은 관심과 신청 바랍니다.,시설/공간,공공기관,전국,"연구기관,일반기업,1인 창조기업","기업,초기창업기업","만 20세 미만,만 20세 이상 ~ 만 39세 이하,만 40세 이상",,,AI 관련 기술 및 서비스 보유 기업,,"1년미만,2년미만,3년미만,5년미만,7년미만,10년미만",시설ㆍ공간ㆍ보육,20260415,20260506,,,"온라인 접수: https://egbiz.or.kr/pd/53449.do
이메일 접수: None
팩스 접수: None
우편 접수: None
방문 접수: None
기타 접수: None",https://www.k-startup.go.kr/web/contents/bizpbanc-ongoing.do?schM=view&pbancSn=177290,main,primary,경기도ai멤버십기업모집,공공기관,20260415~20260506,시설ㆍ공간ㆍ보육,시설ㆍ공간ㆍ보육
kst,177289,‘생성형 AI 활용 업무 스킬 UP' 비대면 교육 참가자 모집,서울핀테크랩 x 한국핀테크산업협회에서는 핀테크 기업 및 스타트업의 업무 효율성 향상을 위한 실무 교육으로「생성형 AI 활용 업무 스킬 UP」교육을 운영합니다.,교육/멘토링,공공기관,전국,"청소년,대학생,일반인,대학,연구기관,일반기업,1인 창조기업","기업,누구나,청년,초기창업기업","만 20세 미만,만 20세 이상 ~ 만 39세 이하,만 40세 이상",,,생성형 AI 활용에 관심있는 누구나,,"예비창업자,1년미만,2년미만,3년미만,5년미만,7년미만,10년미만",멘토링ㆍ컨설팅ㆍ교육,20260420,20260517,,,"온라인 접수: https://forms.gle/TaH5feRgVoy28YgF6
이메일 접수: None
팩스 접수: None
우편 접수: None
방문 접수: None
기타 접수: None",https://www.k-startup.go.kr/web/contents/bizpbanc-ongoing.do?schM=view&pbancSn=177289,main,primary,생성형ai활용업무스킬up비대면교육참가자모집,공공기관,20260420~20260517,멘토링ㆍ컨설팅ㆍ교육,멘토링ㆍ컨설팅ㆍ교육
kst,177288,제품화 ALL-In-One 팩,제조 창업기업의 제품화 전 과정을 원스톱으로 지원하여 시장 진입 촉진과 안정적인 성장 기반 마련을 위한 「2026년도 제품화 올인원팩」사업에 참여할 창업기업을 다음과 같이 모집합니다,창업,공공기관,전국,"일반인,대학,연구기관,일반기업,1인 창조기업","기업,초기창업기업","만 20세 미만,만 20세 이상 ~ 만 39세 이하,만 40세 이상",,,"제조 분야 창업 7년 이내 창업기업

공고문 참조",,"1년미만,2년미만,3년미만,5년미만,7년미만",사업화,20260420,20260511,,,"온라인 접수: https://www.k-startup.go.kr/web/contents/webPMSBizUnvs.do?returnUrl=/screen/BMO0101M01?pbancId=PMS0664501
이메일 접수: None
팩스 접수: None
우편 접수: None
방문 접수: None
기타 접수: None",https://www.k-startup.go.kr/web/contents/bizpbanc-ongoing.do?schM=view&pbancSn=177288,main,primary,제품화allinone팩,공공기관,20260420~20260511,사업화,사업화
kst,177287,G-SSR(Gangwon-South Startup Rise)  아카데미,G-SSR(Gangwon-South Startup Rise)아카데미 프로그램을 다음과 같이 공고합니다.,창업,교육기관,강원,"대학생,일반인,일반기업,1인 창조기업","기업,청년,초기창업기업","만 20세 미만,만 20세 이상 ~ 만 39세 이하,만 40세 이상",,,- 창업을 준비하고 있거나 관심이 있는 창업 5년 미만 (예비)창업자,,"예비창업자,1년미만,2년미만,3년미만,5년미만",창업교육,20260420,20260505,,,"온라인 접수: https://forms.gle/ZPsd8RKEE188AZVo9
이메일 접수: None
팩스 접수: None
우편 접수: None
방문 접수: None
기타 접수: None",https://www.k-startup.go.kr/web/contents/bizpbanc-ongoing.do?schM=view&pbancSn=177287,main,primary,gssrgangwonsouthstartuprise아카데미,교육기관,20260420~20260505,창업교육,창업교육
kst,177286,『2026 오픈웨이브 with 솔루엠&지디케이화장품』 참여기업 모집,인천창조경제혁신센터에서는 솔루엠과 오픈이노베이션을 통해 뷰티 기술᭼브랜드 창업기업을 발굴하고 지원하기 위한 『2026 오픈웨이브 with 솔루엠&지디케이화장품』에 참여할 기업을 발굴하오니 많은 관심과 참여 바랍니다.,창업,공공기관,전국,일반기업,기업,"만 20세 미만,만 20세 이상 ~ 만 39세 이하,만 40세 이상",,,"솔루엠 및 지디케이화장품과 사업화 할 수 있는 창업 7년 이내 기업

공고문 내 &apos;모집 제외&apos; 참조",,7년미만,사업화,20260420,20260508,,,"온라인 접수: None
이메일 접수: //mTeFTWWQamN3ra0xOfc21BYoNOOvcGICYVADYnEfs=
팩스 접수: None
우편 접수: None
방문 접수: None
기타 접수: None",https://www.k-startup.go.kr/web/contents/bizpbanc-ongoing.do?schM=view&pbancSn=177286,main,primary,2026오픈웨이브with솔루엠지디케이화장품참여기업모집,공공기관,20260420~20260508,사업화,사업화
kst,177285,메이커 스페이스,"2026년 메이커스페이스 운영 사업 소싱 디렉팅 및 후속 연계 프로그램 참여자를 다음과 같이 모집하오니, 예비창업자 및 창업기업의 많은 참여 바랍니다.",시설/공간,교육기관,전국,"청소년,대학생,일반인,대학,연구기관,일반기업,1인 창조기업","기업,청년,초기창업기업","만 20세 미만,만 20세 이상 ~ 만 39세 이하,만 40세 이상",,,"□ 모집대상 : 소싱 디렉팅 및 제품개발 연계 프로그램에 모두 참여가 가능한 제조 분야* (예비)창업자**
 * 제조분야: 단순 가공, 앱 개발 등 소프트웨어 단독 개발 아이템은 지원 불가, 소프트웨어 융합형 하드웨어 제품은 지원 가능
 ** (예비)창업자: 사업자 등록 이력이 없거나 사업자 등록일이 공고일로부터 7년 이내인 자",,"예비창업자,7년미만",시설ㆍ공간ㆍ보육,20260416,20260426,,,"온라인 접수: None
이메일 접수: LULzEHqLz0BorEJxANmdEyXHk/DMSAyTNPz5m28gPx8=
팩스 접수: None
우편 접수: None
방문 접수: None
기타 접수: None",https://www.k-startup.go.kr/web/contents/bizpbanc-deadline.do?schM=view&pbancSn=177285,main,primary,메이커스페이스,교육기관,20260416~20260426,시설ㆍ공간ㆍ보육,시설ㆍ공간ㆍ보육
kst,177284,2026년 롯데건설 x 서울창업허브 성수 OPEN INNOVATION 참가기업 모집,2026년 롯데건설 x 서울창업허브 성수 오픈이노베이션 참가기업을 모집하오니 참가를 희망하시는 기업분들께서는 아래 공고를 참고하여 지원 바랍니다.,창업,공공기관,서울,"청소년,대학생,일반인,대학,연구기관,일반기업","기업,청년","만 20세 미만,만 20세 이상 ~ 만 39세 이하,만 40세 이상",,,"아래 지원자격을 모두 충족하는 기업
 (1) 롯데건설과 PoC가 가능한 기술/솔루션 보유 스타트업
 (2) 본사, 연구소, 지점 중 1개 이상이 서울 소재지인 기업
 (3) 모집 공고일(’26. 4. 20.) 기준 창업 7년 이내의 스타트업
       ※신산업 분야의 경우 창업 10년 이내
 (4) AI 기록관리, AI 실내측위, 로봇 통합관제 분야 PoC 가능한 기술 보유 스타트업

<참고 : 신산업 창업 분야-중소벤처기업부 고시 [제2024-2호]>
인공지능, 빅데이터, 5G+, 블록체인, 서비스플랫폼, 실감형콘텐츠, 지능형 로봇, 스마트제조, 시스템반도체, 자율주행차, 전기수소차, 바이오, 의료기기, 기능성 식품, 드론·개인 이동수단, 미래형 선박, 재난/안전, 스마트시티, 스마트홈,신재생에너지, 이차전지, CCUS(탄소포집·활용·저장), 자원순환 및 에너지 재활용, 우주, 차세대 원전, 양자, 사이버 보안",,"7년미만,10년미만",사업화,20260420,20260511,,,"온라인 접수: https://www.startup-plus.kr/project/PRJ006707
이메일 접수: None
팩스 접수: None
우편 접수: None
방문 접수: None
기타 접수: None",https://www.k-startup.go.kr/web/contents/bizpbanc-ongoing.do?schM=view&pbancSn=177284,main,primary,2026년롯데건설x서울창업허브성수openinnovation참가기업모집,공공기관,20260420~20260511,사업화,사업화
kst,177283,2026 경북 글로벌  스타트업 패키지  성장지원,세계시장을 선도할 첨단 기술아이템을 보유한 스타트업의 혁신 기술창업 성공률 제고 및 글로벌 시장 진출 지원을 위한『2026년 경북 글로벌 스타트업 패키지』사업에 참여할 스타트업을 모집합니다. 글로벌 진출을 희망하는 스타트업의 많은 지원 바랍니다.,판로/수출,공공기관,경북,일반기업,"기업,스타트업","만 20세 미만,만 20세 이상 ~ 만 39세 이하,만 40세 이상",,,"경북 지역에 본사 또는 주된 사무소(지사, 연구소, 공장)를 두고 있는 7년 이내 창업기업(2026.4.16. 기준, 이전 예정 기업 불가)
    ※ 단, 신산업 분야는 업력 10년 이내 가능(신산업 세부분야 붙임 참고)

◦ 국세/지방세 체납, 채무불이행으로 금융기관 등 규제 중인 자
◦ 참가신청서 및 사업계획서를 허위로 기재한 자
◦ 신청일 기준으로 휴업 중인 자
◦ 공통 필수 서류를 미제출한 경우
◦ 신청 사업아이템이 타인의 아이디어, 기술 등을 모방 또는 지식재산권 침해로 분쟁의 소지가 있는 자
◦ 기타 지원 제외함이 타당하다고 인정되는 자
◦ 경상북도, 경북센터가 주관하는 동일·유사 사업 참여 이력이 있는 자 또는 동 기간 내 유사 지원 프로그램 참여자",,"예비창업자,1년미만,2년미만,3년미만,5년미만,7년미만,10년미만",글로벌,20260416,20260506,,,"온라인 접수: None
이메일 접수: pHllgxk+zipeiOB5BUQn3w==
팩스 접수: None
우편 접수: None
방문 접수: None
기타 접수: None",https://www.k-startup.go.kr/web/contents/bizpbanc-ongoing.do?schM=view&pbancSn=177283,main,primary,2026경북글로벌스타트업패키지성장지원,공공기관,20260416~20260506,글로벌,글로벌
kst,177282,제7회 성동구 소셜벤처 스케일업 프로그램,소셜벤처 기업의 경영컨설팅 및 투자유치 역량강화를 위해 마련한 2026년 제7회 소셜벤처 스케일업(Scale-up) 프로그램의 참여기업을 모집하오니 관심있는 기업들의 많은 참여를 바랍니다.,교육/멘토링,지자체,서울,"일반기업,1인 창조기업","기업,예비창업자,초기창업기업","만 20세 미만,만 20세 이상 ~ 만 39세 이하,만 40세 이상",,,"창업 7년 이내 성동구 관내 기업 (개인 및 예비창업자 제외) 
소셜임팩트 창출 가능 기업 
투자유치 희망 또는 준비중인 기업",,7년미만,멘토링ㆍ컨설팅ㆍ교육,20260406,20260430,,,"온라인 접수: https://forms.gle/hHp7umvi1i1GSLJX6
이메일 접수: None
팩스 접수: None
우편 접수: None
방문 접수: None
기타 접수: None",https://www.k-startup.go.kr/web/contents/bizpbanc-ongoing.do?schM=view&pbancSn=177282,main,primary,제7회성동구소셜벤처스케일업프로그램,지자체,20260406~20260430,멘토링ㆍ컨설팅ㆍ교육,멘토링ㆍ컨설팅ㆍ교육
kst,177281,AI 네이티브 과정 교육생 모집(무료 교육 & 장학금 월 100만 원),"2026 코디세이 AI 네이티브 교육생 모집을 다음과 같이 공고하오니, 실무 역량을 갖춘 AI 인재로 성장하기를 희망하는 분들의 많은 참여와 신청 바랍니다.",교육/멘토링,공공기관,서울,"대학생,일반인","누구나,청년","만 20세 이상 ~ 만 39세 이하,만 40세 이상",,,대한민국 국적자로 성인 또는 고졸 이상 누구나,,"예비창업자,1년미만,2년미만,3년미만,5년미만,7년미만,10년미만",멘토링ㆍ컨설팅ㆍ교육,20260415,20260514,,,"온라인 접수: codyssey.kr/guide/aiNative
이메일 접수: None
팩스 접수: None
우편 접수: None
방문 접수: None
기타 접수: None",https://www.k-startup.go.kr/web/contents/bizpbanc-ongoing.do?schM=view&pbancSn=177281,main,primary,ai네이티브과정교육생모집무료교육장학금월100만원,공공기관,20260415~20260514,멘토링ㆍ컨설팅ㆍ교육,멘토링ㆍ컨설팅ㆍ교육
kst,177280,2026년 동작구청과 함께하는 ESG 중소기업 지원사업,"본 기업은 서울시 동작구청의 지원으로 「2026년 동작구청과 함께하는 ESG 중소기업 지원사업」을 추진합니다.
이에 동작구 소재 중 해당하는 참여 기업들을 모집하오니 희망하는 기업들의 많은 신청을 바랍니다.",교육/멘토링,민간,서울,일반기업,"기업,중소기업","만 20세 이상 ~ 만 39세 이하,만 40세 이상",,,"- (기본사항) 동작구 소재 중소‧중견 기업
- (우대사항) 원청사 ESG 요구 경험 / 수출 또는 수출예정 기업 / 기타 ESG 경영이 필요할 것으로 예상되는 기업

-",,"1년미만,2년미만,3년미만,5년미만,7년미만,10년미만",멘토링ㆍ컨설팅ㆍ교육,20260417,20260430,,,"온라인 접수: None
이메일 접수: 3L5BQDVZOGT1Io89XmTAaA==
팩스 접수: None
우편 접수: None
방문 접수: None
기타 접수: None",https://www.k-startup.go.kr/web/contents/bizpbanc-ongoing.do?schM=view&pbancSn=177280,main,primary,2026년동작구청과함께하는esg중소기업지원사업,민간,20260417~20260430,멘토링ㆍ컨설팅ㆍ교육,멘토링ㆍ컨설팅ㆍ교육
kst,177279,서울창업허브 창동 운영,"서울창업허브 창동은 해외 판로개척 및 브랜드 홍보에 어려움을 겪고 있는 우수 스타트업을 지원 하기 위해 SNS 기반 마케팅 플랫폼을 활용해 해외 시장 진출을 지원하는
‘글로벌 SNS 판로개척 지원사업’을 추진하고자 다음과 같이 공고하오니, 참여를 희망하는 마케팅 전문 기업(기관)은 관련 절차에 따라 신청하여 주시길 바랍니다.",시설/공간,민간,전국,일반기업,기업,"만 20세 미만,만 20세 이상 ~ 만 39세 이하,만 40세 이상",,,"신청 조건 ①에 해당하며, ②~④을 중 1가지 이상을 만족하는 마케팅 전문 기업(기관)
① 사업자등록증 상 업종이 마케팅 관련 업종일 것
② 지원 희망 국가에 대하여 공고일 기준 최근 3개년 이내(2023. 1. 1. 이후) 입점 지원 경험을 보유할 것
③ 지원 희망 국가에 대하여 공고일 기준 최근 3개년 이내(2023. 1. 1. 이후) 해당 국가 인플루언서를 활용한 SNS 마케팅을 통한 직접적인 매출 창출 경험을 보유할 것
④ 공고일 기준 최근 3개년 이내(2023. 1. 1. 이후) 스타트업, 중소기업을 대상으로 한 해외 진출 프로그램 운영 경험이 있을 것",,"1년미만,2년미만,3년미만,5년미만,7년미만,10년미만",시설ㆍ공간ㆍ보육,20260407,20260424,,,"온라인 접수: https://www.startup-plus.kr/project/PRJ006658
이메일 접수: None
팩스 접수: None
우편 접수: None
방문 접수: None
기타 접수: None",https://www.k-startup.go.kr/web/contents/bizpbanc-deadline.do?schM=view&pbancSn=177279,main,primary,서울창업허브창동운영,민간,20260407~20260424,시설ㆍ공간ㆍ보육,시설ㆍ공간ㆍ보육
kst,177278,2026년 벤처나라 벤처창업기업제품 등록 지원제도 기관 추천 희망 기업 모집,"조달청에서 추진하고 있는 벤처나라 ‘벤처창업기업제품’ 등록 지원제도와 관련하여
공공조달시장 진출을 희망하는 스타트업과 벤처기업을 모집하고 있사오니 많은 관심과 참여 바랍니다.",시설/공간,민간,서울,일반기업,"기업,초기창업기업","만 20세 미만,만 20세 이상 ~ 만 39세 이하,만 40세 이상",,,서울시 소재 벤처기업 또는 창업 7년 이내 스타트업,,7년미만,시설ㆍ공간ㆍ보육,20260303,20261215,,,"온라인 접수: https://www.startup-plus.kr/project/PRJ006510
이메일 접수: None
팩스 접수: None
우편 접수: None
방문 접수: None
기타 접수: None",https://www.k-startup.go.kr/web/contents/bizpbanc-ongoing.do?schM=view&pbancSn=177278,main,primary,2026년벤처나라벤처창업기업제품등록지원제도기관추천희망기업모집,민간,20260303~20261215,시설ㆍ공간ㆍ보육,시설ㆍ공간ㆍ보육
kst,177277,충청권 엔젤투자 허브 운영지원,"『충청권 엔젤투자 피칭룸』은 한국엔젤투자협회에서 충청 소재(대전·세종·충남·충북)의 스타트업의 투자유치를 지원하는 투자 상담 프로그램입니다.
투자유치에 관심있으신 충청 소재 스타트업 대표님들의 많은 관심과 참여 부탁드립니다.",교육/멘토링,민간,대전,"대학생,일반인,대학,연구기관,일반기업,1인 창조기업","기업,청년,초기창업기업","만 20세 이상 ~ 만 39세 이하,만 40세 이상",,,"- 대전/세종/충남/충북에 소재하는 기업
※ 연구소 및 지사가 충청권에 해당하는 경우 신청이 가능합니다.
※ 다양한 기업의 수혜를 위하여, 동일 기업은 반기별 1회 신청 가능합니다.",,"예비창업자,1년미만,2년미만,3년미만,5년미만,7년미만",멘토링ㆍ컨설팅ㆍ교육,20260420,20260504,,,"온라인 접수: https://www.kban.or.kr/jsp/ext/mrt/angelTalkTalk.jsp
이메일 접수: None
팩스 접수: None
우편 접수: None
방문 접수: None
기타 접수: None",https://www.k-startup.go.kr/web/contents/bizpbanc-ongoing.do?schM=view&pbancSn=177277,main,primary,충청권엔젤투자허브운영지원,민간,20260420~20260504,멘토링ㆍ컨설팅ㆍ교육,멘토링ㆍ컨설팅ㆍ교육
kst,177276,2026 중소기업 해외시장 홍보판촉 지원사업(호주),"논산시에서 주관하고 ( 재 ) 충남창조경제혁신센터에서 운영하는 「 2026 년 중소기업 해외시장 홍보판촉 지원사업 」 에 참가할 기업을 다음과 같이 공고하오니 , 
관심 있는 기업들의 많은 신청 바랍니다 .",판로/수출,공공기관,충남,"청소년,대학생,일반인,대학,연구기관,일반기업,1인 창조기업","기업,중소기업,청년,초기창업기업","만 20세 미만,만 20세 이상 ~ 만 39세 이하,만 40세 이상",,,"모집대상: 논산시 소재 수출 희망기업 5개사(기업당 2개 품목)

 모집분야: 식품, 생활소비재 등",,"예비창업자,1년미만,2년미만,3년미만,5년미만,7년미만,10년미만",판로ㆍ해외진출,20260417,20260505,,,"온라인 접수: None
이메일 접수: 72DKePpf7GmG+zChGBPJLyF3jJ+6/7bVHkZomczobXY=
팩스 접수: None
우편 접수: None
방문 접수: None
기타 접수: None",https://www.k-startup.go.kr/web/contents/bizpbanc-ongoing.do?schM=view&pbancSn=177276,main,primary,2026중소기업해외시장홍보판촉지원사업호주,공공기관,20260417~20260505,판로ㆍ해외진출,판로ㆍ해외진출
kst,177275,충주 바이오헬스산업 협의체  회원 모집 공고,충주 바이오헬스산업의 지속적 발전과 협력 기반 강화를 위해 산·학·연·관 전문가가 참여하는 협의체를 구성하고자 회원을 다음과 같이 모집하오니 많은 관심과 참여 바랍니다.,행사/네트워크,공공기관,전국,"청소년,대학생,일반인,대학,연구기관,일반기업,1인 창조기업","기업,청년,초기창업기업","만 20세 미만,만 20세 이상 ~ 만 39세 이하,만 40세 이상",,,"기업, 기관, 대학 등 충주 바이오헬스산업 유관기관 관계자
※ 협의체 운영에 기여 가능한 관외 유관기관 관계자 포함",,"예비창업자,1년미만,2년미만,3년미만,5년미만,7년미만,10년미만",행사ㆍ네트워크,20260417,20261231,,,"온라인 접수: None
이메일 접수: oeORxsIb+ZZcBB1bQ0iIoyL+2YQTfsyb3vS2umTGukI=
팩스 접수: 043-852-2899
우편 접수: None
방문 접수: 충청북도 충주시 목행산단7로 1 사무동 2층 북부권혁신지원센터
기타 접수: None",https://www.k-startup.go.kr/web/contents/bizpbanc-ongoing.do?schM=view&pbancSn=177275,main,primary,충주바이오헬스산업협의체회원모집공고,공공기관,20260417~20261231,행사ㆍ네트워크,행사ㆍ네트워크
kst,177274,2026년 충주시 바이오헬스기업 창업·성장 지원사업 모집 공고,충주시 바이오헬스분야 기업 경쟁력 강화를 통해 바이오헬스 산업 생태계 구축을 위하여 「2026년 충주시 바이오헬스기업 창업‧성장 지원사업」지원 기업 모집을 아래와 같이 공고하오니 지원을 희망하는 기업은 관련 절차에 따라 신청하여 주시기 바랍니다.,창업,공공기관,전국,"일반기업,1인 창조기업","기업,초기창업기업","만 20세 미만,만 20세 이상 ~ 만 39세 이하,만 40세 이상",,,충주시 소재 및 이전 예정 바이오헬스분야 기업(세부 지원대상 공고문 참고),,"1년미만,2년미만,3년미만,5년미만,7년미만,10년미만",사업화,20260417,20260528,,,"온라인 접수: None
이메일 접수: oeORxsIb+ZZcBB1bQ0iIoyL+2YQTfsyb3vS2umTGukI=
팩스 접수: None
우편 접수: None
방문 접수: 충청북도 충주시 목행산단7로 1 사무동 2층 북부권혁신지원센터
기타 접수: None",https://www.k-startup.go.kr/web/contents/bizpbanc-ongoing.do?schM=view&pbancSn=177274,main,primary,2026년충주시바이오헬스기업창업성장지원사업모집공고,공공기관,20260417~20260528,사업화,사업화
kst,177272,세종시설관리공단 거브테크 오픈이노베이션 참여 스타트업 모집공고,"세종창조경제혁신센터는 세종시설관리공단과 창업기업 간의 기술 기반 협업(PoC)을 통해 공공문제를 해결하고, 혁신기술의 시장 진출 및 스케일업을 지원하기 위하여「세종 거브테크 오픈이노베이션 프로그램」에 참여할 창업기업을 다음과 같이 모집하오니 많은 관심과 참여를 바랍니다.",창업,공공기관,전국,"청소년,대학생,일반인,대학,연구기관,일반기업,1인 창조기업","기업,스타트업,청년,초기창업기업","만 20세 미만,만 20세 이상 ~ 만 39세 이하,만 40세 이상",,,"공고일 기준 창업 후 7년 미만 기술창업기업 / 전국 소재
 * 관외 기업의 경우 세종시로 본점, 지사, 연구소, 공장 중 하나 이상을 협약 종료일 이전까지 이전 할 경우 지원 가능
 * 초격차 10대 분야(시스템반도체, 바이오·헬스, 미래모빌리티, 친환경에너지, 로봇, AI·빅데이터, 
     사이버보안·네트워크, 우주항공·해양, 차세대원전, 양자기술)는 10년까지 가능",,"예비창업자,1년미만,2년미만,3년미만,5년미만,7년미만,10년미만",사업화,20260416,20260506,,,"온라인 접수: None
이메일 접수: P6TdxlfslgL3Zc3asHA6dw==
팩스 접수: None
우편 접수: None
방문 접수: None
기타 접수: None",https://www.k-startup.go.kr/web/contents/bizpbanc-ongoing.do?schM=view&pbancSn=177272,main,primary,세종시설관리공단거브테크오픈이노베이션참여스타트업모집공고,공공기관,20260416~20260506,사업화,사업화
kst,177271,[무료 마케팅] 2026년 성공적인 마케팅을 위한 매출상승 사례 세미나,[무료 마케팅] 2026년 성공적인 마케팅을 위한 매출상승 사례 세미나 참여자 모집,창업,민간,전국,"대학생,일반인,대학,연구기관,일반기업,1인 창조기업","기업,청년,초기창업기업","만 20세 이상 ~ 만 39세 이하,만 40세 이상",,,"중소기업, 스타트업, 소상공인,사업구상자 참석가능",,"예비창업자,1년미만,2년미만,3년미만,5년미만,7년미만,10년미만",창업교육,20260418,20260422,,,"온라인 접수: https://adsld.link/leader0220
이메일 접수: None
팩스 접수: None
우편 접수: None
방문 접수: None
기타 접수: None",https://www.k-startup.go.kr/web/contents/bizpbanc-deadline.do?schM=view&pbancSn=177271,main,primary,무료마케팅2026년성공적인마케팅을위한매출상승사례세미나,민간,20260418~20260422,창업교육,창업교육
kst,177270,dcamp Startup OI Tokyo #K-Contents,"일본 대형 게임사 코로프라(Colopl)와 함께 일본 시장의 문을 열 K-콘텐츠 및 테크 스타트업을 모집합니다. 이번 프로그램은 단순한 기업 소개를 넘어 Sega Sammy, Genda 등 일본 대표 기업들과의 실질적인 사업 협업(PoC)과 투자 기회를 발굴하는 데 집중합니다.
오는 6월 도쿄 현지에서 진행되는 'Private Pitching'을 통해 일본 대기업 파트너사와 1:1로 매칭되어 공동 사업 기획을 검토할 수 있습니다. 상용화된 제품이나 IP를 보유하고 일본 시장 진출을 꿈꾸는 팀이라면, 이번 기회를 통해 현지 파트너십을 구축하고 글로벌 비즈니스를 본격화해 보시기 바랍니다.",판로/수출,민간,전국,일반기업,기업,"만 20세 미만,만 20세 이상 ~ 만 39세 이하,만 40세 이상",,,"• 일본 현지 기업과의 실질적인 파트너십 구축을 희망하는 스타트업
• 단순 기획 단계를 넘어 시연 가능한 최소 기능 제품(MVP) 또는 상용화된 제품·서비스를 보유한 팀
• 비즈니스 수준의 일본어 발표가 가능하거나 전담 통역 등을 통해 적극적인 소통 의지가 있는 팀",,"1년미만,2년미만,3년미만,5년미만,7년미만,10년미만",판로ㆍ해외진출,20260330,20260421,,,"온라인 접수: https://dub.sh/dGjR1Hw
이메일 접수: None
팩스 접수: None
우편 접수: None
방문 접수: None
기타 접수: None",https://www.k-startup.go.kr/web/contents/bizpbanc-deadline.do?schM=view&pbancSn=177270,main,primary,dcampstartupoitokyokcontents,민간,20260330~20260421,판로ㆍ해외진출,판로ㆍ해외진출
kst,177269,IBK 창공 Silicon Valley 4기,"IBK기업은행과 500 Global이 공동 운영하는 미국 진출 지원 프로그램으로, 국내에서 PMF와 초기 트랙션을 확보한 스타트업이 서울 4주, 실리콘밸리 8주 동안 미국 시장 진출 전략을 구체화하고 현지 실행까지 경험할 수 있도록 지원함.",판로/수출,민간,전국,"청소년,대학생,일반인,대학,연구기관,일반기업,1인 창조기업","기업,청년,초기창업기업","만 20세 미만,만 20세 이상 ~ 만 39세 이하,만 40세 이상",,,"•  Seed ~ Pre-Series A 단계 
•  미국 진출을 준비 중이거나, 현지 전략 고도화가 필요한 팀",,"예비창업자,1년미만,2년미만,3년미만,5년미만,7년미만",글로벌,20260417,20260701,,,"온라인 접수: be.500.co/ibkchanggongsv-b4-ecosystempartners
이메일 접수: m2AvFxEgbW4/h3OA9qyk5y90c8cBnvr1xQPwzOS5K6Y=
팩스 접수: None
우편 접수: None
방문 접수: None
기타 접수: None",https://www.k-startup.go.kr/web/contents/bizpbanc-ongoing.do?schM=view&pbancSn=177269,main,primary,ibk창공siliconvalley4기,민간,20260417~20260701,글로벌,글로벌
kst,177268,(대전센터) 2026년 제3회 제대군인 창업 워크숍 개최 안내,창업 준비에 필요한 다양한 정보를 창업 유형별 전문가의 현장 강의를 통해 통합 제공함으로써 창업 준비가 열악한 제대군인의 창업 추진 역량 강화를 위해 다음과 같이 안내하오니 참여를 희망하는 분께서는 안내에 따라 신청해 주시기 바랍니다.,창업,공공기관,대전,"일반인,일반기업,1인 창조기업","기업,초기창업기업","만 20세 이상 ~ 만 39세 이하,만 40세 이상",,,"1. 5년 이상 중·장기복무 제대(예정) 군인
2. 의무복무 제대군인 중 전역 후 3년 이내의 취업맞춤특기병, 저소득·모범장병, 등급미달 경상이자",,"예비창업자,1년미만,2년미만,3년미만,5년미만,7년미만,10년미만",창업교육,20260417,20260518,,,"온라인 접수: https://vnet.go.kr/esta/EstaLcr002D.do?idx=5622
이메일 접수: nKZY5DH9GBm04DZOFi2NN9TLGul0HynbxDIWZEX5/Zo=
팩스 접수: None
우편 접수: None
방문 접수: None
기타 접수: 담당자 유선 연락을 통한 교육 신청(044-202-5732)",https://www.k-startup.go.kr/web/contents/bizpbanc-ongoing.do?schM=view&pbancSn=177268,main,primary,대전센터2026년제3회제대군인창업워크숍개최안내,공공기관,20260417~20260518,창업교육,창업교육
kst,177267,2026년 의왕시 모두의 창업 설명회 및 사업계획서 전략교육,"의왕시 1인 창조기업지원센터에서는 의왕시 관내/외 예비창업자와 초기창업자를 위한 '2026년 모두의 창업' 설명회를 지원하며, 사업계획서 전략교육을 운영하고자 합니다.
모두의 도전을 위해 의왕시는 참여기업을 대상으로, 의왕시 창업지원 서비스를 안내하며 창업자와의 네트워킹을 통해 잠재력있는 기업을 발굴하고자 합니다.
많은 관심 바랍니다.",교육/멘토링,공공기관,전국,"청소년,대학생,일반인,대학,연구기관,일반기업,1인 창조기업","기업,예비창업자,청년,초기창업기업","만 20세 미만,만 20세 이상 ~ 만 39세 이하,만 40세 이상",,,의왕시 관내/외 예비창업자 및 3년이내 초기창업기업,,"예비창업자,1년미만,2년미만,3년미만",멘토링ㆍ컨설팅ㆍ교육,20260420,20260429,,,"온라인 접수: https://forms.gle/ni7YPDGVci1GEyLS8
이메일 접수: None
팩스 접수: None
우편 접수: None
방문 접수: None
기타 접수: None",https://www.k-startup.go.kr/web/contents/bizpbanc-deadline.do?schM=view&pbancSn=177267,main,primary,2026년의왕시모두의창업설명회및사업계획서전략교육,공공기관,20260420~20260429,멘토링ㆍ컨설팅ㆍ교육,멘토링ㆍ컨설팅ㆍ교육
kst,177266,[서울핀테크랩] Korea Financial Innovation Program 2026 오프라인 세션,서울핀테크랩에서 Korea Financial Innovation Program 2026 오프라인 세션을 진행하오니 많은 관심 부탁드리겠습니다.,교육/멘토링,지자체,전국,"청소년,대학생,일반인,대학,연구기관,일반기업,1인 창조기업","기업,누구나,청년,초기창업기업","만 20세 미만,만 20세 이상 ~ 만 39세 이하,만 40세 이상",,,*신청대상: 블록체인에 관신있는 누구나,,"예비창업자,1년미만,2년미만,3년미만,5년미만,7년미만,10년미만",멘토링ㆍ컨설팅ㆍ교육,20260410,20260422,,,"온라인 접수: https://luma.com/46atp8hi?tk=ybOi82
이메일 접수: None
팩스 접수: None
우편 접수: None
방문 접수: None
기타 접수: None",https://www.k-startup.go.kr/web/contents/bizpbanc-deadline.do?schM=view&pbancSn=177266,main,primary,서울핀테크랩koreafinancialinnovationprogram2026오프라인세션,지자체,20260410~20260422,멘토링ㆍ컨설팅ㆍ교육,멘토링ㆍ컨설팅ㆍ교육
kst,177265,『2026년 공공기술기반 시장연계 창업탐색 지원사업』 글로벌 경진대회 참가기업 모집,"에스아이디파트너스(주)는 공공기술기반 시장연계 창업탐색 지원사업에 참여한 창업팀이 보유한 혁신 기술의 글로벌 시장 진출 및 성장동력 확보를 지원하고자 글로벌 진출을 희망하는 창업기업들을 모집하오니, 많은 관심과 적극적인 참여를 바랍니다.",판로/수출,민간,전국,일반기업,기업,"만 20세 미만,만 20세 이상 ~ 만 39세 이하,만 40세 이상",,,"공공기술기반 시장연계 창업탐색 지원사업에 참여한 창업기업* 가운데 글로벌 진출역량과 의사가 있고, 상용화 가능한 제품이나 서비스를 보유하고 있는 글로벌 역량을 보유한 기업**

 * 창업후 7년 이내 기업(단, 딥테크분야는 10년이내), 전담인력 중 최소1인 이상 영어 능통자 보유

 ** 우대사항 : 글로벌 진출 이력(수출, 해외투자, 해외법인 등) 또는 경험(글로벌 전시회, 해외 수상 등)을 보유한 기업",,"예비창업자,1년미만,2년미만,3년미만,5년미만,7년미만,10년미만",글로벌,20260420,20260508,,,"온라인 접수: https://m.site.naver.com/24Zk5
이메일 접수: None
팩스 접수: None
우편 접수: None
방문 접수: None
기타 접수: None",https://www.k-startup.go.kr/web/contents/bizpbanc-ongoing.do?schM=view&pbancSn=177265,main,primary,2026년공공기술기반시장연계창업탐색지원사업글로벌경진대회참가기업모집,민간,20260420~20260508,글로벌,글로벌
kst,177264,2026년 서울시50플러스재단 공유사무실 입주기업 모집(2차),서울특별시가 중장년 통합지원정책을 추진하기 위해 설립한 서울시50플러스재단이 운영하는 공유사무실에 입주할 우수기업을 모집합니다. 유망 창업아이템 및 기술을 보유한 중장년 (예비)창업기업의 많은 관심과 참여 바랍니다.,시설/공간,공공기관,서울,"일반인,일반기업,1인 창조기업","기업,초기창업기업",만 40세 이상,40,,"서울 거주 또는 사업장 소재지가 서울인 40~64세 중장년 (예비)창업기업

- 서울시50플러스재단이 운영하는 공유사무실에 입주가능 최대연한(3년)의 기간 동안 입주경력이 있는 경우
- 중소기업창업지원법 시행령 제4조(창업에서 제외되는 업종)에 의거 지원이 불가능한 업종
- 금융기관 등으로부터 채무불이행으로 규제중인 자 또는 국세 또는 지방세를 체납중인 자(대표자), 또는 기업
- 기타 법령 등에서 창업지원의 제한 사유가 있다고 인정하는 자(대표자) 또는 기업",,"예비창업자,1년미만,2년미만,3년미만,5년미만,7년미만",시설ㆍ공간ㆍ보육,20260415,20260508,,,"온라인 접수: https://www.50plus.or.kr/in_appView.do?ANN_NO=1418
이메일 접수: None
팩스 접수: None
우편 접수: None
방문 접수: None
기타 접수: None",https://www.k-startup.go.kr/web/contents/bizpbanc-ongoing.do?schM=view&pbancSn=177264,main,primary,2026년서울시50플러스재단공유사무실입주기업모집2차,공공기관,20260415~20260508,시설ㆍ공간ㆍ보육,시설ㆍ공간ㆍ보육
kst,177263,2026년도 「인천 유니브-엑스(Univ. X)」 참여기업 모집 공고,인천광역시와 재단법인 인천테크노파크는 IGC 입주대학 본교 연구진과의 기술 검증 및 글로벌 표준 부합성 확인을 통한 기술 공신력 확보 지원 프로그램인 「2026년 인천 유니브-엑스(Univ. X)」사업에 참여할 기업을 선발하고자 하오니 많은 신청 바랍니다.,판로/수출,공공기관,인천,일반기업,기업,"만 20세 미만,만 20세 이상 ~ 만 39세 이하,만 40세 이상",,,"북미 시장 진출을 희망하는 디지털 분야 기술혁신기업
  ㅇ 인천 관내 본사를 둔 AI 등 디지털 분야(TRL 5단계 이상)의 원천기술을 보유한 기업
  ㅇ 북미 대학의 특화 인프라를 활용한 기술 검증 등을 통해 조기 상용화와 공신력 확보를 희망하는 디지털 분야 기술혁신기업
  ㅇ 본 프로그램으로 추진하는 전체 일정(국내·현지)에 성실한 참여가 가능한 기업

ㅇ 정부지원 사업 참여 제한기업 및 채무 불이행, 경영부실 등으로 정상적인 사업수행이 어렵다고 판단되는 기업
  ㅇ 국세, 지방세 체납 기업(공고 마감일 기준)
  ㅇ 타인의 아이템 및 기술 등을 모방하거나 도용 시 선발 제외",,"1년미만,2년미만,3년미만,5년미만,7년미만,10년미만",글로벌,20260408,20260427,,,"온라인 접수: https://bizok.incheon.go.kr/open_content/support.do?act=detail&policyno=6907
이메일 접수: None
팩스 접수: None
우편 접수: None
방문 접수: None
기타 접수: None",https://www.k-startup.go.kr/web/contents/bizpbanc-deadline.do?schM=view&pbancSn=177263,main,primary,2026년도인천유니브엑스univx참여기업모집공고,공공기관,20260408~20260427,글로벌,글로벌
kst,177262,「2026년 인천 라이즈업」참여기업 모집공고,인천광역시와 인천테크노파크에서는 인천지역 내 디지털 혁신기업의 성공적 미국 시장 진출을 위한 현지화 프로그램을 지원하는「2026년 인천 라이즈업」사업에 참여할 기업을 선발하고자 하오니 많은 신청 바랍니다.,판로/수출,공공기관,인천,일반기업,기업,"만 20세 미만,만 20세 이상 ~ 만 39세 이하,만 40세 이상",,,"북미 시장 진출을 희망하는 디지털 분야 기술혁신기업
  ㅇ 인천 관내 본사를 둔 글로벌 진출 제품 ‧ 서비스 보유 디지털 분야 기술혁신기업 ※ 관외 기업은 선정 후 60일 이내 관내 본사 이전 필수
  ㅇ 본 프로그램으로 추진하는 전체 일정(국내·현지)에 성실한 참여가 가능한 기업

ㅇ 인천 라이즈업(기존 Scale-up, 글로벌 현지화 챌린지) 북미진출지원 최종 수혜기업 제외
  ㅇ 정부지원 사업 참여 제한기업 및 채무 불이행, 경영부실 등으로 정상적인 사업수행이 어렵다고 판단되는 기업
  ㅇ 국세, 지방세 체납 기업(공고 마감일 기준)
  ㅇ 타인의 아이템 및 기술 등을 모방하거나 도용 시 선발 제외",,"1년미만,2년미만,3년미만,5년미만,7년미만,10년미만",글로벌,20260427,20260427,,,"온라인 접수: https://bizok.incheon.go.kr/open_content/support.do?act=detail&policyno=6886
이메일 접수: None
팩스 접수: None
우편 접수: None
방문 접수: None
기타 접수: None",https://www.k-startup.go.kr/web/contents/bizpbanc-deadline.do?schM=view&pbancSn=177262,main,primary,2026년인천라이즈업참여기업모집공고,공공기관,20260427~20260427,글로벌,글로벌
kst,177261,2026년 '인천 라이징스타 6기' 글로벌 스케일업 프로그램 지원기업 모집 공고,재단법인 인천테크노파크는 인천 지역 액셀러레이터와 협력하여 글로벌 시장 진출을 지원하는 ‘인천 라이징스타 6기’ 지원기업을 선발하오니 관내 유망 디지털 분야 기술혁신기업의 많은 관심과 신청 바랍니다.,판로/수출,공공기관,인천,일반기업,기업,"만 20세 미만,만 20세 이상 ~ 만 39세 이하,만 40세 이상",,,"글로벌 진출을 목표로 하는 인천 소재 디지털 혁신기업(법인사업자)
  ㅇ 제품 및 서비스가 상용화되었거나 매출이 발생한 인천 기업(업력 무관)
  ㅇ 인천 외 지역 기업일 경우, 선정 후 2개월 이내 본점 이전 필수

ㅇ 국세, 지방세 체납 기업(공고 마감일 기준)
  ㅇ 2021년 ~ 2025년 라이징스타 참여기업
  ㅇ 타인의 아이템 및 기술 등을 모방하거나 도용 시 선발 제외",,"1년미만,2년미만,3년미만,5년미만,7년미만,10년미만",글로벌,20260416,20260429,,,"온라인 접수: https://itp.or.kr/intro.asp?tmid=13&seq=10628
이메일 접수: None
팩스 접수: None
우편 접수: None
방문 접수: None
기타 접수: None",https://www.k-startup.go.kr/web/contents/bizpbanc-deadline.do?schM=view&pbancSn=177261,main,primary,2026년인천라이징스타6기글로벌스케일업프로그램지원기업모집공고,공공기관,20260416~20260429,글로벌,글로벌
kst,177260,2026년 과학기술 창업경진대회 공고 「올해의 K-스타트업 2026 연구자리그 연계」,"2026년 과학기술 창업경진대회(올해의 K-스타트업 2026 연구자리그 연계)의 참가자(팀) 모집을 위해 다음과 같이 공고하오니, (예비)창업자분들의 많은 참여 바랍니다.",행사/네트워크,공공기관,전국,"청소년,대학생,일반인,대학,연구기관,일반기업,1인 창조기업","기업,스타트업,예비창업자,청년,초기창업기업","만 20세 미만,만 20세 이상 ~ 만 39세 이하,만 40세 이상",,,"1) (창업트랙) 대학·과기특성화대, 출연(연) 등 보유한 공공 연구성과를 기반으로 한 공고일 기준 3년 이내 초기 실험실 창업기업

2) (예비창업트랙) 대학·과기특성화대, 출연(연) 등 보유한 공공 연구성과를 기반으로 한 공고일 기준 사업자등록을 하지 않은 예비창업팀
   ※ 창업트랙과 예비창업트랙을 구분하여 모집 및 선발

< 참가 제외 요건 >

① 타인의 특허, 실용신안 등 지식재산권을 침해한 사실이 있거나 침해 관련 소송 등의 재판 진행중인 자(기업) 또는 아이템
② 「중소기업창업 지원법」 시행령 제4조에 따라 창업에서 제외되는 업종과 사행성 및 환경오염 유발 등 반사회적 성격의 창업 아이템
③ 부처통합 창업경진대회 “도전! K-스타트업 왕중왕전 2016 ~ 2025” 기 수상자(팀원 포함) 또는 수상 아이템(특별상 수상자 제외)
④ 통합공고일 기준 동일 또는 유사한 아이템으로 최근 3년간(2023~2025) 他 창업경진대회를 통해 누적 상금 3천만원 이상 받은 자(팀)
 - 他 창업경진대회는 민간·공공·대학에서 주최한 모든 ‘창업경진대회’와 ‘창업 아이디어 공모전’을 포함
 - 상금은 ‘기타소득’으로 한정하며, 기술개발, 실증 등 사업화 목적의 지원금과는 별개
 - 예비창업팀의 경우 ‘팀장’(팀원제외), 창업팀의 경우 ‘대표자’와 ‘창업기업’ 수상 내역 확인
⑤ 공고일 기준 누적 투자유치 금액 30억 원을 초과한 팀(기업)
⑥ 창업트랙의 경우 아래 프로그램에 동일·유사한 아이템으로 진출한 자(팀)은 중복 참여 불가
 -  올해의 K-스타트업 2026? 타부처(중기부, 교육부, 문체부 등) 리그
 -  2026년 행정안전부 주최 「범정부 공공데이터 활용 창업경진대회」 통합본선",,"예비창업자,3년미만",행사ㆍ네트워크,20260416,20260513,,,"온라인 접수: None
이메일 접수: wwAjijpFYR7S76mZPP3+dA==
팩스 접수: None
우편 접수: None
방문 접수: None
기타 접수: None",https://www.k-startup.go.kr/web/contents/bizpbanc-ongoing.do?schM=view&pbancSn=177260,main,primary,2026년과학기술창업경진대회공고올해의k스타트업2026연구자리그연계,공공기관,20260416~20260513,행사ㆍ네트워크,행사ㆍ네트워크
kst,177259,지역창업특화지원,(재)대전정보문화산업진흥원에서는 ① (예비) 1인 창조기업 또는 ② 7년 이내 창업기업의 성장을 지원하기 위해 “2026년 대전 1인 창조기업 지원센터 제2차 입주기업 모집”을 다음과 같이 실시하오니 많은 관심과 지원 바랍니다.,시설/공간,공공기관,대전,"대학생,일반인,일반기업,1인 창조기업","기업,청년,초기창업기업","만 20세 이상 ~ 만 39세 이하,만 40세 이상",,,"① (예비) 1인 창조기업 또는 ② 7년 이내 창업기업
(중장년 기술창업기업 및 청년 창업기업 포함)

1인 창조기업 제외 업종",,"예비창업자,1년미만,2년미만,3년미만,5년미만,7년미만",시설ㆍ공간ㆍ보육,20260416,20260430,,,"온라인 접수: http://pms.dicia.or.kr
이메일 접수: None
팩스 접수: None
우편 접수: None
방문 접수: None
기타 접수: None",https://www.k-startup.go.kr/web/contents/bizpbanc-ongoing.do?schM=view&pbancSn=177259,main,primary,지역창업특화지원,공공기관,20260416~20260430,시설ㆍ공간ㆍ보육,시설ㆍ공간ㆍ보육
kst,177258,[전북ON프로젝트] 모두의 창업 도전을 위한 사전 교육,여러분의 상상속 아이디어를 전북이 함께 이뤄나가겠습니다,창업,공공기관,전국,"청소년,대학생,일반인,대학,연구기관,일반기업,1인 창조기업","기업,누구나,청년,초기창업기업","만 20세 미만,만 20세 이상 ~ 만 39세 이하,만 40세 이상",,,모두의 창업 도전자 누구나,,"예비창업자,1년미만,2년미만,3년미만",창업교육,20260417,20260506,,,"온라인 접수: https://www.jbci.or.kr/
이메일 접수: None
팩스 접수: None
우편 접수: None
방문 접수: None
기타 접수: None",https://www.k-startup.go.kr/web/contents/bizpbanc-ongoing.do?schM=view&pbancSn=177258,main,primary,전북on프로젝트모두의창업도전을위한사전교육,공공기관,20260417~20260506,창업교육,창업교육
kst,177257,서초창업스테이션 운영 사업,"4월 1:1 전문 분야 컨설팅에서는 온라인 마케팅, 퍼포먼스 마케팅 등 마케팅 분야 및 스타트업 인사노무, 조직구성 등의 인사노무 분야의 컨설팅 참여자를 모집 중이니 많은 참여 바랍니다.",시설/공간,민간,전국,"대학생,일반인,대학,연구기관,일반기업,1인 창조기업","기업,청년,초기창업기업","만 20세 미만,만 20세 이상 ~ 만 39세 이하,만 40세 이상",,,서초창업스테이션 멤버십 회원인 (예비)창업자,,"예비창업자,1년미만,2년미만,3년미만,5년미만,7년미만,10년미만",시설ㆍ공간ㆍ보육,20260416,20260427,,,"온라인 접수: https://www.xn--2i4bieu3bszgvtc6wlunby2r.com/sub_program/operate_view.php?idx=41
이메일 접수: None
팩스 접수: None
우편 접수: None
방문 접수: None
기타 접수: None",https://www.k-startup.go.kr/web/contents/bizpbanc-deadline.do?schM=view&pbancSn=177257,main,primary,서초창업스테이션운영사업,민간,20260416~20260427,시설ㆍ공간ㆍ보육,시설ㆍ공간ㆍ보육
kst,177256,모두의 창업 사업설명회,서울과학기술대학교 모두의 창업 사업설명회를 다음과 같이 공고하오니 참여를 희망하는 예비창업자 및 창업기업들은 안내에 따라 신청하기 바랍니다.,창업,교육기관,서울,"청소년,대학생,일반인,대학,연구기관,일반기업,1인 창조기업","기업,예비창업자,청년,초기창업기업","만 20세 미만,만 20세 이상 ~ 만 39세 이하,만 40세 이상",,,모두의 창업 지원 희망자 및 관심있는 예비창업자,,"예비창업자,1년미만,2년미만,3년미만",창업교육,20260416,20260421,,,"온라인 접수: https://forms.gle/UtbARZScRDXWCsBh8
이메일 접수: None
팩스 접수: None
우편 접수: None
방문 접수: None
기타 접수: None",https://www.k-startup.go.kr/web/contents/bizpbanc-deadline.do?schM=view&pbancSn=177256,main,primary,모두의창업사업설명회,교육기관,20260416~20260421,창업교육,창업교육
kst,177255,[인천] 모두의 창업 설명회,(주)더이노베이터스는 예비창업자 및 초기 창업기업을 대상으로 「모두의 창업 프로젝트」의 주요 내용과 참여 방법을 안내하기 위해 설명회를 개최합니다.,교육/멘토링,민간,인천,"청소년,대학생,일반인,대학,연구기관,일반기업,1인 창조기업","기업,누구나,예비창업자,청년,초기창업기업","만 20세 미만,만 20세 이상 ~ 만 39세 이하,만 40세 이상",,,창업을 고민 중인 예비창업자와 ‘모두의 창업’ 참여를 희망하는 누구나,,"예비창업자,1년미만,2년미만,3년미만,5년미만,7년미만,10년미만",멘토링ㆍ컨설팅ㆍ교육,20260416,20260418,,,"온라인 접수: https://forms.gle/3HY3CAyX8VCscJP5A
이메일 접수: None
팩스 접수: None
우편 접수: None
방문 접수: None
기타 접수: None",https://www.k-startup.go.kr/web/contents/bizpbanc-deadline.do?schM=view&pbancSn=177255,main,primary,인천모두의창업설명회,민간,20260416~20260418,멘토링ㆍ컨설팅ㆍ교육,멘토링ㆍ컨설팅ㆍ교육
kst,177254,재도전성공패키지,"성실한 실패 경험과 우수한 아이템을 바탕으로 성장 가능성이 높은 (예비)재창업기업을 발굴하고, 패키지형 재창업 지원을 위한「2026년도 재도전성공패키지(추경) (예비)재창업기업 모집계획」을 다음과 같이 공고합니다.",창업,공공기관,전국,"청소년,대학생,일반인,대학,연구기관,일반기업,1인 창조기업","기업,청년,초기창업기업","만 20세 미만,만 20세 이상 ~ 만 39세 이하,만 40세 이상",,,"폐업 이력 보유 예비재창업자 또는 7년 이내 재창업기업

※ 마감일에는 접속자가 집중될 수 있으니 기업인증, 사업신청을 마감일 2~3일 전에 완료 권장",,"예비창업자,1년미만,2년미만,3년미만,5년미만,7년미만",사업화,20260417,20260507,,,"온라인 접수: https://www.k-startup.go.kr/web/contents/webPMSBizUnvs.do?returnUrl=/screen/BMO0101M01?pbancId=0664101
이메일 접수: None
팩스 접수: None
우편 접수: None
방문 접수: None
기타 접수: None",https://www.k-startup.go.kr/web/contents/bizpbanc-ongoing.do?schM=view&pbancSn=177254,main,primary,재도전성공패키지,공공기관,20260417~20260507,사업화,사업화
kst,177253,「2026년 충남 천안·아산 강소특구 이노테크 발굴 및 창업지원 사업」 (예비)창업자 모집 공고,"한국자동차연구원 강소특구캠퍼스는 「2026년 충남 천안·아산 강소특구 이노테크 발굴 및 창업지원 사업」을 통해 유망 아이템을 발굴하고, 
검증 및 전주기 지원체계를 구축하여 지역 내 기술 창업 생태계를 활성화하고자 합니다.
 (예비)창업자 여러분의 많은 관심과 참여를 부탁드립니다.",창업,공공기관,전국,"청소년,대학생,일반인,대학,연구기관,일반기업,1인 창조기업","기업,예비창업자,청년,초기창업기업","만 20세 미만,만 20세 이상 ~ 만 39세 이하,만 40세 이상",,,"예비창업자 및 충남 천안·아산 지역 내 창업기업*
* 공고일 기준 업력 7년(‘19.4.16. 이후 창업) 이내 창업자를 의미하며, 창업일은 개인사업자의 경우 사업개시일(사업자등록증상의 개업일), 법인기업의 경우 법인등기부등본상 회사성립연월일을 기준으로 함

신청제한 요건 중 어느 한 가지라도 해당될 경우 신청할 수 없음

   ◦ 중소기업창업지원법에 의거 지원이 불가능한 기업
     - 금융 및 보험업, 부동산업, 숙박 및 음식점업, 무도장 운영업
     - 골프장 및 스키장 운영업, 기타 갬블링 및 베팅업

   ◦ 국세 또는 지방세 체납으로 규제 중인 자

   ◦ 폐업 경험이 있는 자가 동일한 사업 내용의 제품이나 서비스로 재창업하고자 하는 경우

   ◦ 타인의 특허, 실용신안 등 지식재산권을 침해한 사실이 있거나 침해 관련 소송 등의 재판 진행 중인 자(기업) 또는 아이템

   ◦ 기타 수행기관이 참여 제한의 사유가 있다고 인정하는 자",,"예비창업자,1년미만,2년미만,3년미만,5년미만,7년미만",사업화,20260417,20260522,,,"온라인 접수: None
이메일 접수: FziCBb/HAYnS1uuanksXtQbRJ0TuVgwxXogjdLCi1+c=
팩스 접수: None
우편 접수: None
방문 접수: None
기타 접수: None",https://www.k-startup.go.kr/web/contents/bizpbanc-ongoing.do?schM=view&pbancSn=177253,main,primary,2026년충남천안아산강소특구이노테크발굴및창업지원사업예비창업자모집공고,공공기관,20260417~20260522,사업화,사업화
kst,177252,2026년 3회차 지식재산 무료 초청교육 수요조사,"한국특허정보원은 개인, 소기업등 지식재산 정보가 필요한 다양한 계층을 대상으로 지식재산권과 관련된 폭넓은 교육기회를 제공하고자 「지식재산권 무료초청 교육」을 개최하오니, 관심있는 분들의 많은 참여를 부탁드립니다.",창업,공공기관,전국,"청소년,대학생,일반인,대학,연구기관,일반기업,1인 창조기업","기업,청년,초기창업기업","만 20세 미만,만 20세 이상 ~ 만 39세 이하,만 40세 이상",,,"지식재산교육이 필요한 개인 신청자
(5인 미만 기업의 경우 개인 자격으로만 신청이 가능합니다)",,"예비창업자,1년미만,2년미만,3년미만,5년미만,7년미만,10년미만",창업교육,20260417,20260512,,,"온라인 접수: https://m.site.naver.com/25wQN
이메일 접수: None
팩스 접수: None
우편 접수: None
방문 접수: None
기타 접수: None",https://www.k-startup.go.kr/web/contents/bizpbanc-ongoing.do?schM=view&pbancSn=177252,main,primary,2026년3회차지식재산무료초청교육수요조사,공공기관,20260417~20260512,창업교육,창업교육
kst,177251,2026 OSA AX 오픈이노베이션 밋업 데이 참여기업 모집,"(재)부산창조경제혁신센터에서는 ‘OSA(Ocean Startup Alliance)’ 스마트해 양 스타트업 지원 협의체와 함께 개방형 혁신에 기여할 유망 스타트업을 발굴 하여 비즈니스 매칭, 시장 검증, 사업 제휴 등의 기회를 제공하고자‘OSA AX 오픈이노베이션 밋업 데이’에 참여할 기업을 다음과 같이 공고하오니 많은 신청바랍니다.",행사/네트워크,공공기관,부산,일반기업,기업,"만 20세 미만,만 20세 이상 ~ 만 39세 이하,만 40세 이상",,,"공고일 (‘26.4.15.) 기준 업력 7 년 이내 전국 소재 창업기업
※ AX 관련 기술·서비스 보유 스타트업 및 OSA 보육기업 우대",,7년미만,행사ㆍ네트워크,20260415,20260505,,,"온라인 접수: https://forms.gle/4EawUMkCLZxsXDYe9
이메일 접수: None
팩스 접수: None
우편 접수: None
방문 접수: None
기타 접수: None",https://www.k-startup.go.kr/web/contents/bizpbanc-ongoing.do?schM=view&pbancSn=177251,main,primary,2026osaax오픈이노베이션밋업데이참여기업모집,공공기관,20260415~20260505,행사ㆍ네트워크,행사ㆍ네트워크
kst,177250,2026 OSA 스마트해양 액셀러레이팅 참여기업 모집,(재)부산창조경제혁신센터에서는 ‘OSA(Ocean Startup Alliance)’ 스마트해양 스타트업 지원 협의체 협력을 기반으로 스마트해양 분야 스타트업의 AX 적용 역량 강화 및 기술 고도화 지원을 위한 「OSA 스마트해양 액셀러레이팅」에 참여할 기업을 다음과 같이 공고하오니 많은 신청바랍니다.,창업,공공기관,부산,일반기업,기업,"만 20세 미만,만 20세 이상 ~ 만 39세 이하,만 40세 이상",,,"공고일 (‘26.4.15.) 기준 업력 7 년 이내 전국 소재 스마트해양 분야 창업기업

-  최근 2 년 (‘24~‘25) 센터 특화분야 액셀러레이팅 선정기업
   ※  2024 BOUNCE 초격차 액셀러레이팅 , 2025 BOUNCE 스마트해양·핀테크 엑셀러레이팅
- 그 외 일반 결격사유에 해당하는 자(기업)",,7년미만,사업화,20260415,20260505,,,"온라인 접수: https://forms.gle/AUB6W9ntkDXCQwk6A
이메일 접수: None
팩스 접수: None
우편 접수: None
방문 접수: None
기타 접수: None",https://www.k-startup.go.kr/web/contents/bizpbanc-ongoing.do?schM=view&pbancSn=177250,main,primary,2026osa스마트해양액셀러레이팅참여기업모집,공공기관,20260415~20260505,사업화,사업화
kst,177249,2026 Station C 성장자립지원 로컬라이제이션 모집공고,"수도권 및 타지역의 유망 창업기업이 춘천으로 이전하고, 지역 내에서 안정적으로 정착·성장할 수 있도록 지원하는 글로컬대학30사업 “2026 로컬라이제이션 사업”에 참여할 창업기업을 다음과 같이 모집하오니 많은 관심과 참여 바랍니다.",인력/일자리,교육기관,전국,"청소년,대학생,일반인,대학,연구기관,일반기업,1인 창조기업","기업,청년,초기창업기업","만 20세 미만,만 20세 이상 ~ 만 39세 이하,만 40세 이상",,,"① 협약일 이전 사업자등록증 또는 기업부설연구소 인정서상 소재지가 강원도가 아닌 기업
② 본사 또는 기업부설연구소, 자회사, 지사를 협약 후 6개월 이내에 이전 가능한 기업
③ 「중소기업기본법」제2조제1항에 따른 중소기업으로 10년이내 기업

- 지원 제외 대상 업종
 ① 일반유흥주점업
 ② 무도유흥주점업
 ③ 카지노 운영업
 ④ 기타 사행시설 관리 및 운영업
 ⑤ 그 밖에 경제질서 및 미풍양속에 현저히 어긋나는 업종으로서 중소벤처기업부령으로 정하는 업종
- 신청 자격 조건을 충족하지 못하거나 필수 제출서류를 허위 기재·누락 한 경우
- 부도, 휴·폐업기업, 금융기관 등의 채무불이행이 확인된 기업(사채업 포함)
- 세금을 체납 중인 기업, 기타 허위 또는 부정한 방법으로 지원을 신청한 기업
- 파산·회생절차·개인회생 절차의 개시 신청이 이루어진 경우
- 신청기관의 대표자, 과제책임자, 공동책임자가 공고일 기준으로 고용노동부가 공개하는 체불사업주 명단에 포함된 경우
- 공고일 기준 신청기관 또는 대표자가 중소벤처기업부 또는 강원특별자치도 지원사업 참여제한 제재 중이거나 중소벤처기업부 장관 또는 강원특별자치도지사가 참여를 제한할 정당한 사유가 있다고 인정하는 경우",,"예비창업자,1년미만,2년미만,3년미만,5년미만,7년미만,10년미만",인력,20260415,20260511,,,"온라인 접수: https://forms.gle/GGfVpxY94Q7Gw3USA
이메일 접수: None
팩스 접수: None
우편 접수: None
방문 접수: None
기타 접수: None",https://www.k-startup.go.kr/web/contents/bizpbanc-ongoing.do?schM=view&pbancSn=177249,main,primary,2026stationc성장자립지원로컬라이제이션모집공고,교육기관,20260415~20260511,인력,인력
kst,177248,소셜벤처 창업 플랫폼 운영 활성화,2026년 소셜 임팩트 랩(Lab)에 참여할 소셜벤처 분야의 기술역량과 자원을 보유한 예비 창업기업을 모집하오니 많은 관심과 참여 부탁드립니다.,시설/공간,공공기관,대전,"일반인,일반기업","기업,예비창업자","만 20세 미만,만 20세 이상 ~ 만 39세 이하,만 40세 이상",,,"▶ 대전소재 기술기반 소셜벤처 분야 예비창업 기업

(지원 시 유의사항)
 - 지원대상은 예비창업자 및 2026년 창업기업으로 한정

 - 창업일은 개인사업자의 경우 사업 개시일(사업자등록상의 개업일), 법인 기업의 경우 법인등기부 등본상의 회사설립 연월일을 기준

 - 공고일 기준으로 대전광역시에 사업장을 소재하거나, 소재 예정인 예비창업자
   * 단, 타지역에 소재한 창업기업의 경우 사업장(본사 또는 기업부설연구소)의 주소를 3개월 이내 대전광역시로 이전을 조건으로 신청 가능함

 - 사업자등록이 완료된 기업만 사업화 자금 지원 가능(예비창업자는 창업 후 신청 가능)

 - 소셜 임팩트 랩(Lab) 수료 및 창업기업은 차년도 소셜 임팩트 체인저스 지원 시 우대혜택 부여 예정

▶ 금융기관 등으로부터 채무불이행으로 규제 중인 자(기업)

   * 단, 신청·접수 마감까지 채무변제 완료 후 증빙이 가능한 자(기업), 신용회복위원회의 프리워크아웃, 개인워크아웃 제도에서 채무조정합의서를 체결한 경우, 법원의 개인회생제도에서 변제계획 인가를 받거나 파산면책 선고자, 회생인가를 받은 기업은 신청 가능

▶ 국세 또는 지방세 체납으로 규제중인 자(기업)

   * 단, 세금 분납 계획에 따른 성실 납부기업(체납처분유예신청), 신청·접수 마감까지 국세, 지방세 등의 특수채무 변제 후 증빙이 가능한 자(기업)는 신청 가능

▶ 단, 금융기관 등으로부터 채무불이행으로 규제 중인 자(기업)·국세 또는 지방세 체납으로 규제 중인 자(기업) 중 중소벤처기업진흥공단 등으로부터 재창업자금을 지원받은 자(기업), 건강관리시스템 기업구조 개선진단을 통한 정상화 의결기업 등 정부·공공기관으로부터 재기 지원 필요성을 인정받은 자(기업)는 신청 가능

▶ ?중소기업창업지원법? 시행령 제4조(창업에서 제외되는 업종)의 업종으로 동 사업에 신청하고자 하는 자(기업)

   * 지원제외 대상 업종: 일반유흥주점업, 무도유흥주점업, 카지노 운영업, 기타 사행시설 관리 및 운영업, 그 밖에 경제질서 및 미풍양속에 현저히 어긋나는 업종으로서 중소벤처기업부령으로 정하는 업종
  ** 대상 업종의 세부사항은 제11차 한국표준산업분류코드(통계청, kssc.kostat.go.kr) 참고

▶ 신청일 현재 휴업 중인 기업

▶ 대전시 타 지원사업*을 수행 중인 자(기업)
   * 지원사업: 창업(사업자등록)을 전제로 창업 아이템의 사업화를 위한 시제품 제작비, 기술이전료 등 사업화에 소요되는 자금을 창업자에게 지원하는 사업

▶ 기타 대전창조경제혁신센터 대표이사가 참여제한의 사유가 있다고 인정하는 자(기업)",,"예비창업자,1년미만",시설ㆍ공간ㆍ보육,20260415,20260504,,,"온라인 접수: None
이메일 접수: n+7nBa9r7yjixkvTCc/WxQ==
팩스 접수: None
우편 접수: None
방문 접수: None
기타 접수: None",https://www.k-startup.go.kr/web/contents/bizpbanc-ongoing.do?schM=view&pbancSn=177248,main,primary,소셜벤처창업플랫폼운영활성화,공공기관,20260415~20260504,시설ㆍ공간ㆍ보육,시설ㆍ공간ㆍ보육
kst,177247,『찾아가는 기업 고민해결 찐(眞)톡(talk)』,"광진구 소재 중소기업 및 스타트업을 대상으로 광진구와 중진공이 기업의 어려움을 해결해주는 상담 프로그램입니다.
관심 있는 기업들의 많은 참여 바랍니다.",교육/멘토링,민간,서울,"청소년,대학생,일반인,대학,연구기관,일반기업,1인 창조기업","기업,청년,초기창업기업","만 20세 미만,만 20세 이상 ~ 만 39세 이하,만 40세 이상",,,광진구 소재 중소기업 및 스타트업,,"예비창업자,1년미만,2년미만,3년미만,5년미만,7년미만,10년미만",멘토링ㆍ컨설팅ㆍ교육,20260415,20260428,,,"온라인 접수: https://forms.gle/1PqrJgPMXZ7HZgrK9
이메일 접수: None
팩스 접수: None
우편 접수: None
방문 접수: None
기타 접수: None",https://www.k-startup.go.kr/web/contents/bizpbanc-deadline.do?schM=view&pbancSn=177247,main,primary,찾아가는기업고민해결찐眞톡talk,민간,20260415~20260428,멘토링ㆍ컨설팅ㆍ교육,멘토링ㆍ컨설팅ㆍ교육
kst,177245,[블루포인트] 양자컴퓨팅 분야 창업 지원 프로그램 「Quantum NEST」,"양자컴퓨팅 분야 창업을 지원하는「Quantum NEST」프로그램을 다음과 같이 공고하오니,
관심 있는 예비창업자(개인/팀)의 많은 신청 바랍니다.",창업,민간,전국,"대학생,일반인,대학,연구기관","예비창업자,청년","만 20세 이상 ~ 만 39세 이하,만 40세 이상",,,양자컴퓨팅 분야 예비창업자(개인/팀),,예비창업자,사업화,20260415,20260509,,,"온라인 접수: https://forms.gle/JuqriDXYnVZA6r9u6
이메일 접수: None
팩스 접수: None
우편 접수: None
방문 접수: None
기타 접수: None",https://www.k-startup.go.kr/web/contents/bizpbanc-ongoing.do?schM=view&pbancSn=177245,main,primary,블루포인트양자컴퓨팅분야창업지원프로그램quantumnest,민간,20260415~20260509,사업화,사업화
kst,177244,2026 상반기 청년식품 창업캠프 참여자 모집 공고,식품분야 창업 관심도를 제고하고 미래 예비창업자를 발굴.지원하기 위하여 '2026 상반기 청년식품 창업캠프'를 다음과 같이 모집 공고하오니 많은 신청 바랍니다.,창업,공공기관,전국,"대학생,일반인,대학,연구기관","누구나,예비창업자,청년",만 20세 이상 ~ 만 39세 이하,20,39,창업에 관심있는 만 20세 이상 ~ 만 39세 미만의 예비창업자 누구나!,,예비창업자,창업교육,20260415,20260430,,,"온라인 접수: None
이메일 접수: VmmuWUA/EQqziYnoa6ldM9tANB2UOtv5vIGqX2A6kms=
팩스 접수: None
우편 접수: None
방문 접수: None
기타 접수: None",https://www.k-startup.go.kr/web/contents/bizpbanc-ongoing.do?schM=view&pbancSn=177244,main,primary,2026상반기청년식품창업캠프참여자모집공고,공공기관,20260415~20260430,창업교육,창업교육
kst,177243,[블루포인트] 양자컴퓨팅 분야 비즈니스 스케일업 프로그램「Quantum Jump」참가 기업 모집,"양자컴퓨팅 및 양자 전환(QX) 기업의 성장을 지원하는「Quantum Jump」 프로그램을 다음과 같이 공고하오니,
관심있는 기업의 많은 신청 바랍니다.",창업,민간,전국,"일반기업,1인 창조기업","기업,초기창업기업","만 20세 이상 ~ 만 39세 이하,만 40세 이상",,,"- 양자컴퓨팅 하드웨어·소프트웨어 개발 기업
- 양자전환(QX) 도입·추진 기업",,"1년미만,2년미만,3년미만,5년미만,7년미만,10년미만",사업화,20260415,20260501,,,"온라인 접수: https://forms.gle/udHiokykHSt5QjM76
이메일 접수: None
팩스 접수: None
우편 접수: None
방문 접수: None
기타 접수: None",https://www.k-startup.go.kr/web/contents/bizpbanc-ongoing.do?schM=view&pbancSn=177243,main,primary,블루포인트양자컴퓨팅분야비즈니스스케일업프로그램quantumjump참가기업모집,민간,20260415~20260501,사업화,사업화
kst,177242,2026년도 동대문구 창업지원센터 입주자 모집 공고,서울특별시 동대문구 창업지원센터 설치·운영 계획에 따라 예비창업자 및 창업기업을 건실한 중소기업으로 육성시키고자 동대문구 창업지원센터 입주자를 다음과 같이 모집 공고합니다.,시설/공간,교육기관,서울,"청소년,대학생,일반인,대학,연구기관,일반기업,1인 창조기업","기업,예비창업자,청년,초기창업기업","만 20세 미만,만 20세 이상 ~ 만 39세 이하,만 40세 이상",,,"모집대상
○ 예비창업자 : 계약체결 후 10일 이내 사업자등록이 가능한 자
○ (초기)창업기업 : 입주공고일 기준 창업 7년 미만 기업
○ 입주 대상 업종 : 중소기업창업지원법 시행령 제4조 제한업종외 가능
※ 우대업종
가.지식집약산업 - 벤처 및 연구개발 업종, 정보처리 및 컴퓨터 관련 업종
나.고부가가치산업(게임,애니메이션 등), 정보통신, 전자전기, 의료바이오 등

· 금융기관으로부터 불량거래자로 규제 중인 자
· 폐수, 소음, 진동, 악취 등 환경공해업종 (예비)사업자
· 휴·폐업 중인 자
·「벤처기업육성에 관한 특별조치법 시행령」제2조의4 업종에 해당하는 자
· 창업지원센터에서 임직원으로 근무했던 적이 있거나 현재 입주 기업의 임직원
· 창업지원센터에서 규칙 위반으로 퇴출(연장불허)된 자를 임직원으로 둔 자
· 기 입주자와의 관계가 민법 779조 가족(배우자, 직계혈족 및 형제자매 등)에 속하는 자
· 그 밖에 창업지원센터 입주 시 단순 영업행위 등 입주가 부적합하다고 인정되는 자",,"예비창업자,1년미만,2년미만,3년미만,5년미만,7년미만",시설ㆍ공간ㆍ보육,20260415,20260428,,,"온라인 접수: None
이메일 접수: None
팩스 접수: None
우편 접수: None
방문 접수: 동대문구 답십리로38길 19, B동 305호(답십리동, 창업지원센터)
기타 접수: None",https://www.k-startup.go.kr/web/contents/bizpbanc-deadline.do?schM=view&pbancSn=177242,main,primary,2026년도동대문구창업지원센터입주자모집공고,교육기관,20260415~20260428,시설ㆍ공간ㆍ보육,시설ㆍ공간ㆍ보육
kst,177241,부산글로벌테크비즈센터 입주기관(기업) 모집공고,"부산글로벌테크비즈센터에 입주하여 연구개발특구 기술사업화 촉진, 지역경제 활성화 및 국가과학기술 경쟁력 창출에 기여할 입주 희망자를 모집하오니 다음 내용을 참고하시어 신청하여 주시기 바랍니다.",시설/공간,공공기관,부산,"대학,연구기관,일반기업,1인 창조기업","기업,초기창업기업","만 20세 미만,만 20세 이상 ~ 만 39세 이하,만 40세 이상",,,"연구개발특구의 육성에 관한 특별법 제34조 및 과학기술정보통신부 고시에 따른 부산연구개발특구 R&D융합지구(미음일반산업단지)의 입주 허용 업종을 영위하는 기관(기업)
※ 입주 허용 업종은 [붙임 3] 참조

도금 및 도장업종, 입주가능업종 중 생산공정 단계별「악취방지법」에 의한 지정악취물질과 「대기환경보전법」에 의한 특정대기유해물질, 「수질 및 수생태계 보전에 관한 법률」에 의한 특정수질유해물질의 배출이 예상되는 경우는 입주를 제한함",,"1년미만,2년미만,3년미만,5년미만,7년미만,10년미만",시설ㆍ공간ㆍ보육,20260420,20280430,,,"온라인 접수: https://believed-surprise-7a6.notion.site/B-TBC-31fad30f061e80c6b738dcd0d71a6d97
이메일 접수: n0asDFXHa+G6/BzLxo8lueFMMU2JF1MG7ngAhdtdVBM=
팩스 접수: None
우편 접수: None
방문 접수: None
기타 접수: None",https://www.k-startup.go.kr/web/contents/bizpbanc-ongoing.do?schM=view&pbancSn=177241,main,primary,부산글로벌테크비즈센터입주기관기업모집공고,공공기관,20260420~20280430,시설ㆍ공간ㆍ보육,시설ㆍ공간ㆍ보육
kst,177240,"2026 특화역량 BI 지원사업 ""2026 도전! J-스타트업 콘테스트' 참가기업 모집","전북지역 우수 창업아이템과 혁신역량을 갖춘 창업기업의 발굴과 특화역량 창업보육센터 지원을 통해 창업기업의 성장 촉진과 지역창업 생태계 활성화에 기여하고자 
다음과 같이 『2026 도전! J-스타트업 콘테스트』를 개최하오니 많은 관심과 참여 바랍니다.",창업,공공기관,전북,"일반인,일반기업","기업,스타트업,예비창업자","만 20세 미만,만 20세 이상 ~ 만 39세 이하,만 40세 이상",,,공고일 기준 전북소재 예비창업자 또는 7년 이내 창업기업,,7년미만,사업화,20260414,20260428,,,"온라인 접수: None
이메일 접수: AfeKAwFEGezbQWHaDSHVJOVfDnLX6h2BULyUr5PxCBE=
팩스 접수: None
우편 접수: None
방문 접수: None
기타 접수: None",https://www.k-startup.go.kr/web/contents/bizpbanc-deadline.do?schM=view&pbancSn=177240,main,primary,2026특화역량bi지원사업2026도전j스타트업콘테스트참가기업모집,공공기관,20260414~20260428,사업화,사업화
kst,177239,인천 공공 실증 오픈이노베이션 운영기관 모집 공고,공공기관 수요기술 기반 실증을 통해 인천 지역 창업기업과 중소기업의 현장 적용 및 기술 검증을 지원하는 「인천 공공 실증 오픈이노베이션」의 운영기관을 아래와 같이 모집합니다.,창업,공공기관,전국,일반기업,기업,"만 20세 미만,만 20세 이상 ~ 만 39세 이하,만 40세 이상",,,"실증 프로그램을 운영할 수 있는 역량 및 인프라 등을 보유한 민간기관 및 단체

공고문 내 &apos;신청 제외 대상&apos; 참조",,"예비창업자,1년미만,2년미만,3년미만,5년미만,7년미만,10년미만",사업화,20260415,20260429,,,"온라인 접수: None
이메일 접수: //mTeFTWWQamN3ra0xOfc21BYoNOOvcGICYVADYnEfs=
팩스 접수: None
우편 접수: None
방문 접수: None
기타 접수: None",https://www.k-startup.go.kr/web/contents/bizpbanc-deadline.do?schM=view&pbancSn=177239,main,primary,인천공공실증오픈이노베이션운영기관모집공고,공공기관,20260415~20260429,사업화,사업화
kst,177238,2026년 군위 청년(예비)창업 지원사업 (예비)청년창업자 모집 공고,대구대학교 창업보육센터에서는 「2026년 군위군 청년(예비)창업 지원사업」에 참여할 우수하고 참신한 아이디어와 기술력을 갖춘 (예비)청년창업자를 다음과 같이 모집하고자 하오니 많은 신청 바랍니다.,창업,교육기관,대구,일반인,청년,"만 20세 이상 ~ 만 39세 이하,만 40세 이상",,,"공고일 기준 19세~45세 이하 대구시에 주소를 둔 자, 군위군 내에서 창업 3년이내 기창업자
※ 군위군에 사업자 등록 후 1개월 이내 군위군 전입 필수

- 정부, 시 및 시·군에서 지원하는 창업지원사업 또는 귀농·귀촌 지원사업 등 타 재정지원 사업에 참여중인 자
- 사업 선정 이후 직장생활을 지속할 계획이 있는 자
- 사업 선정 이후 대학교 생활을 지속할 계획이 있는자
(단, 졸업예정자 또는 취업으로 대체 가능한 자, 방송·통신·사이버대학·학점은행제·야간대학·대학원에 재학 중인 자는 가능)
- 신청서, 정보제공 동의서 등 관련 구비서류를 제출하지 않은 자
- 기타 지병, 건강쇠약 등으로 사업진행이 불가하다고 판단되는 자",,"예비창업자,3년미만",사업화,20260415,20260506,,,"온라인 접수: None
이메일 접수: /r6Zkplm79XHm7OAV44tjQ==
팩스 접수: None
우편 접수: None
방문 접수: None
기타 접수: None",https://www.k-startup.go.kr/web/contents/bizpbanc-ongoing.do?schM=view&pbancSn=177238,main,primary,2026년군위청년예비창업지원사업예비청년창업자모집공고,교육기관,20260415~20260506,사업화,사업화
kst,177237,서울창업허브 성수 운영,"서울시 창업지원 정책 구심점 역할을 수행하는 ‘서울창업허브’ 에서는 우수 창업기업을 키우고, 창업생태계를 연결하며, 글로벌 시장을 여는 혁신 거점을 구축하고자 합니다.
이에「서울창업허브 성수」에서는 입주공간 제공 및 집중 보육을 통해 글로벌 유니콘 기업으로 성장할 수 있도록 지원하오니, 서울창업허브와 함께 성장할 기업 분들의 많은 신청 바랍니다.",시설/공간,공공기관,전국,"청소년,대학생,일반인,대학,연구기관,일반기업,1인 창조기업","기업,청년,초기창업기업","만 20세 미만,만 20세 이상 ~ 만 39세 이하,만 40세 이상",,,"모집공고일(2026.4.6.) 기준, 창업 후 7년 미만의 스타트업(*신산업의 경우 창업 10년 이내 기업도 가능)
 -  신청일 기준 사업자 등록이 완료된 기업만 신청 가능

모집 공고문 참고",,"7년미만,10년미만",시설ㆍ공간ㆍ보육,20260415,20260423,,,"온라인 접수: https://www.startup-plus.kr/project/PRJ006617
이메일 접수: None
팩스 접수: None
우편 접수: None
방문 접수: None
기타 접수: None",https://www.k-startup.go.kr/web/contents/bizpbanc-deadline.do?schM=view&pbancSn=177237,main,primary,서울창업허브성수운영,공공기관,20260415~20260423,시설ㆍ공간ㆍ보육,시설ㆍ공간ㆍ보육
kst,177236,소셜벤처 창업 플랫폼 운영 활성화,"기술기반의 혁신성을 가지고 사회적 가치와 지속가능한 경영을 추구하는 유망 소셜벤처 (예비)창업자를 모집하오니, 관심 있는 (예비)창업자의 많은 신청 바랍니다.",시설/공간,공공기관,대전,"청소년,대학생,일반인,대학,연구기관,일반기업,1인 창조기업","기업,예비창업자,청년,초기창업기업","만 20세 미만,만 20세 이상 ~ 만 39세 이하,만 40세 이상",,,"(예비창업자)
- 공고일 기준 개인·법인 기업을 영위하고 있지 않은 자
- 입주계약일로부터 6개월 이내 대전소셜벤처캠퍼스로 사업자 설립이 가능한 자

(창업기업)
- 공고일 기준 창업 후 7년 미만의 중소(벤처) 기업
- 입주계약일로부터 2개월 이내 대전소셜벤처캠퍼스로 본사 또는 기업부설연구소 이전이 가능한 기업(필수)

- 창업보육센터 등 타 창업지원기관 입주자(본점, 지점, 기업부설연구소)
- 2026년 이전 대전소셜벤처캠퍼스 졸업기업(기 입주기업)
- 소음·진동·폐수 등 공해 다발업종 사업자
- 휴·폐업 중인 자
- 기타 부적합 하다고 인정되는 자",,"예비창업자,1년미만,2년미만,3년미만,5년미만,7년미만",시설ㆍ공간ㆍ보육,20260415,20260424,,,"온라인 접수: None
이메일 접수: kHz52Pfe8vHrV5DotsgaNg==
팩스 접수: None
우편 접수: None
방문 접수: None
기타 접수: None",https://www.k-startup.go.kr/web/contents/bizpbanc-deadline.do?schM=view&pbancSn=177236,main,primary,소셜벤처창업플랫폼운영활성화,공공기관,20260415~20260424,시설ㆍ공간ㆍ보육,시설ㆍ공간ㆍ보육
kst,177235,달서구 청년창업지원센터 11차 입주기업 모집,달서구 청년창업지원센터 11차 입주기업 모집을 다음과 같이 공고하오니 예비창업자 및 기창업자의 많은 관심과 참여 바랍니다.,시설/공간,교육기관,대구,"청소년,대학생,일반인,대학,연구기관,일반기업,1인 창조기업","기업,예비창업자,청년,초기창업기업",만 20세 이상 ~ 만 39세 이하,20,39,"39세 이하, 7년 미만 창업기업 및 예비창업자",,"예비창업자,1년미만,2년미만,3년미만,5년미만,7년미만",시설ㆍ공간ㆍ보육,20260420,20260515,,,"온라인 접수: https://d-youth.or.kr/program/view/352/?category1=2&category2=21
이메일 접수: None
팩스 접수: None
우편 접수: None
방문 접수: None
기타 접수: None",https://www.k-startup.go.kr/web/contents/bizpbanc-ongoing.do?schM=view&pbancSn=177235,main,primary,달서구청년창업지원센터11차입주기업모집,교육기관,20260420~20260515,시설ㆍ공간ㆍ보육,시설ㆍ공간ㆍ보육
kst,177234,2026년 G-Star 오픈이노베이션 커넥팅 데이,차별화된 기술과 아이디어를 매칭하여 민간기업의 신성장동력 창출과 스타트업의 시장진입을 가속화하기 위한 동반성장 협력의 일환인「2026년 G-Star 오픈이노베이션 커넥팅 데이」참여 스타트업을 모집을 모집합니다.,행사/네트워크,민간,전국,일반기업,기업,"만 20세 이상 ~ 만 39세 이하,만 40세 이상",,,업력 만 7년 이내 기업 또는 업력 10년 이내 신산업분야 기업,,"1년미만,2년미만,3년미만,5년미만,7년미만,10년미만",행사ㆍ네트워크,20260415,20260506,,,"온라인 접수: https://forms.gle/2o2PjBwAy7GTPCwZ6
이메일 접수: None
팩스 접수: None
우편 접수: None
방문 접수: None
기타 접수: None",https://www.k-startup.go.kr/web/contents/bizpbanc-ongoing.do?schM=view&pbancSn=177234,main,primary,2026년gstar오픈이노베이션커넥팅데이,민간,20260415~20260506,행사ㆍ네트워크,행사ㆍ네트워크
kst,177233,2026 경기도 ICT Product  시험 인증 지원  공모,"ICT/IoT기반 제조분야 글로벌 표준을 준수한 인증&보안 원천기술을 위한 다양한 솔루션 제공 및 인증서, 시험성적서 관리 플랫폼 지원합니다.",창업,공공기관,경기,"대학생,일반인,연구기관,일반기업,1인 창조기업","기업,청년,초기창업기업","만 20세 이상 ~ 만 39세 이하,만 40세 이상",,,"지원대상: ICT 제조분야 경기도 사업장 소재지 창업기업(7년 이내)  ,
신산업분야 (시스템반도체, 바이오헬스, 미래 모빌리티, 친환경 에너지, 로봇,   AI빅데이터 등) 창업 10년 이내 중소기업

경기도 외 지역",,7년미만,사업화,20260420,20260508,,,"온라인 접수: https://www.aictms.or.kr/core/?cid=65&role=programevview&pSeq=4319&tab=
이메일 접수: None
팩스 접수: None
우편 접수: None
방문 접수: None
기타 접수: None",https://www.k-startup.go.kr/web/contents/bizpbanc-ongoing.do?schM=view&pbancSn=177233,main,primary,2026경기도ictproduct시험인증지원공모,공공기관,20260420~20260508,사업화,사업화
kst,177231,K-Camp 강원 6기 액셀러레이팅 프로그램 스타트업 모집 공고,한국예탁결제원에서 주최하고 씨엔티테크가 운영하는 혁신·창업기업 지원프로그램 『2026년 K-Camp 강원 6기 액셀러레이팅 프로그램』에 참여할 스타트업을 모집합니다. 강원도의 스타트업 생태계를 이끌어 갈 유망 스타트업의 많은 관심과 참여 바랍니다.,창업,민간,강원,"대학생,일반인,대학,연구기관,일반기업,1인 창조기업","기업,스타트업,청년,초기창업기업","만 20세 이상 ~ 만 39세 이하,만 40세 이상",,,"1. 업력: 강원도에 본사가 소재하는 업력 6년 미만 혁신·창업기업(법인만 신청 가능) *벤처기업 등 업력 제한 예외 존재
2. 업력 무관: 
창업자(중소기업창업지원법 제2조)
- 벤처기업(벤처기업육성에 관한 특별조치법 제2조의2)
- 이노비즈기업(기술혁신형 중소기업제도 운영규정 제2조)
- 경영혁신형 중소기업(중소기업 기술혁신 촉진법 제2조)
- 사회적기업(사회적기업 육성법 제2조)
- 비상장중소기업 중 프로젝트 사업",,7년미만,사업화,20260415,20260506,,,"온라인 접수: None
이메일 접수: wemwySYK04K07nwJFCEyiFW0ode6bdJIM/WLO9blsr8=
팩스 접수: None
우편 접수: None
방문 접수: None
기타 접수: None",https://www.k-startup.go.kr/web/contents/bizpbanc-ongoing.do?schM=view&pbancSn=177231,main,primary,kcamp강원6기액셀러레이팅프로그램스타트업모집공고,민간,20260415~20260506,사업화,사업화
kst,177230,2026 상반기 서울 AI 허브 고성능 컴퓨팅 인프라 지원사업,"서울 AI 허브는 고성능 컴퓨팅 자원을 안정적으로 공급하여 스타트업의 기술적 임계점 돌파를 지원하고, 글로벌 클라우드 생태계와의 전략적 연계를 통해 서울 AI 스타트업의 실질적인 비즈니스 확장 기회를 창출하고자 합니다.",기술,공공기관,서울,"청소년,대학생,일반인,대학,연구기관,일반기업,1인 창조기업","기업,청년,초기창업기업","만 20세 미만,만 20세 이상 ~ 만 39세 이하,만 40세 이상",,,"서울시 소재 AI 스타트업

모집과정 및 기술검증(PoC) 프로그램 전 과정 참여가 불가능한 법인(단체) 및 개인
국세 또는 지방세 체납, 금융기관 등으로부터 채무불이행으로 규제 중인 법인(단체) 및 개인
타인의 지식재산권을 침해하거나 침해할 우려가 있는 법인(단체) 및 개인
신청일 기준 국가연구개발(또는 지원) 사업에 참여제한 조치 중인 법인(단체) 및 개인
기타 주관기관이 참가 지원 및 지원 제한 대상이라고 판단하는 법인(단체) 및 개인",,"1년미만,2년미만,3년미만,5년미만,7년미만",기술개발(R&amp;D),20260414,20260508,,,"온라인 접수: https://www.startup-plus.kr/project/PRJ006680
이메일 접수: None
팩스 접수: None
우편 접수: None
방문 접수: None
기타 접수: None",https://www.k-startup.go.kr/web/contents/bizpbanc-ongoing.do?schM=view&pbancSn=177230,main,primary,2026상반기서울ai허브고성능컴퓨팅인프라지원사업,공공기관,20260414~20260508,기술개발(R&D),기술개발(R&D)
kst,177229,「2026 광주콘텐츠코리아랩」콘텐츠 창·제작 지원사업 주니어 크리에이터(1단계) 추가 모집 공고,(재)광주정보문화산업진흥원 광주콘텐츠코리아랩에서는 콘텐츠 분야 예비창작자 및 초기창업자의 원천 IP 기반 콘텐츠 제작 및 사업화를 지원하기 위한 「2026 광주콘텐츠코리아랩 콘텐츠 창·제작 지원사업 부스터 크리에이터(2·3단계)」를 아래와 같이 공고합니다. 많은 관심과 참여 부탁드립니다.,창업,공공기관,광주,"일반인,일반기업,1인 창조기업","기업,청년,초기창업기업","만 20세 미만,만 20세 이상 ~ 만 39세 이하,만 40세 이상",,,"1. 접수일 기준 만 19세 이상으로 이루어진 개인 또는 팀
2. 주민등록등본상 주소지가 광주광역시인 창·제작자
3. 지원대상 요건을 충족하는 창·제작자
4. 광주정보문화산업진흥원 홈페이지 회원가입 완료된 신청자

1. 접수기간 내 신청서 및 첨부서류를 제출하지 않았거나 허위·거짓으로 작성한 경우  
2. 타인의 콘텐츠를 모방하거나 저작권을 침해한 아이디어 및 콘텐츠인 경우  
3. 금융기관 채무불이행 등으로 규제 중인 경우  
4. 동일 또는 유사한 사업계획으로 전담기관 또는 타 기관으로부터 보조금(간접교부금 포함)을 수혜했거나, 선정평가일 이전 타 공모사업에 중복 신청한 경우  
   (* 신청 단계라도 중복수급 의도로 간주하여 선정평가 대상에서 제외)  
5. 과제책임자 또는 참여인력이 진흥원 관련 협약·계약 위반 등으로 참여제한 중인 경우  
6. 신청일 기준 국고보조금 사업 등 정부지원사업 참여제한 조치 중인 기업 또는 과제책임자인 경우  
7. 상업적·산업적 활용을 목적으로 하지 않는 단순 기록·DB 구축 등 순수 학술연구 과제인 경우  
8. 사행성·선정성·폭력성 등 사회통념을 벗어난 콘텐츠이거나 지식재산권 분쟁의 소지가 있는 경우  
9. 사업자 등록 이력이 있는 기창업자(폐업 이력 포함)로서 지원 제외 대상에 해당하는 경우  
10. 기타 주관기관의 사업목적에 부적절하다고 판단되는 과제  

(* 세부내용 공고문 참조)",,"예비창업자,3년미만",사업화,20260413,20260420,,,"온라인 접수: https://www.gicon.or.kr/board.es?mid=a10204000000&bid=0003&act=view&list_no=31814
이메일 접수: None
팩스 접수: None
우편 접수: None
방문 접수: None
기타 접수: None",https://www.k-startup.go.kr/web/contents/bizpbanc-deadline.do?schM=view&pbancSn=177229,main,primary,2026광주콘텐츠코리아랩콘텐츠창제작지원사업주니어크리에이터1단계추가모집공고,공공기관,20260413~20260420,사업화,사업화
kst,177228,[국비지원교육]디지털드로잉 기반 창작캐릭터 IP 상품화 전문과정 교육생 모집,"[성평등가족부와 서울시 지원의 직업교육훈련] 디지털드로잉 기반 창작캐릭터 IP 상품화 전문과정 교육생 모집합니다. 캐릭터 창작에서 이모티콘 출시, 굿즈제작에서 스마트스토어 개설로 연계되는 콘텐츠 창업교육을 통하여 창업을 희망하는 여성은 안내에 따라 신청하시기 바랍니다.",창업,교육기관,서울,일반인,기타,"만 20세 이상 ~ 만 39세 이하,만 40세 이상",,,"이모티콘 제작자, 굿즈 셀러, SNS 캐릭터 크리에이터 참여 희망 여성 20명(디지털드로잉 활용 가능자, 관련경력 및 자격증 소지자 우대)",,"예비창업자,1년미만,2년미만,3년미만,5년미만,7년미만,10년미만",창업교육,20260414,20260518,,,"온라인 접수: None
이메일 접수: dR4fki+V4CN0JCJIjzm7lrWdhDw8ZfA29LUENpTbVO0=
팩스 접수: None
우편 접수: None
방문 접수: 서부여성발전센터 1층 사무실(서울시 양천구 남부순환로 371)
기타 접수: None",https://www.k-startup.go.kr/web/contents/bizpbanc-ongoing.do?schM=view&pbancSn=177228,main,primary,국비지원교육디지털드로잉기반창작캐릭터ip상품화전문과정교육생모집,교육기관,20260414~20260518,창업교육,창업교육
kst,177227,[성남산업진흥원] 2026 독일 뒤셀도르프 의료기기전시회(MEDICA 2026) 참가기업 모집,"성남시 및 성남산업진흥원은 관내 중소기업의 해외시장 판로개척 지원을 위해 '2026 독일 뒤셀도르프 의료기기전시회(MEDICA 2026)'참가 기업을 다음과 같이 모집하오니, 관내 기업들의 많은 관심과 신청 바랍니다.",판로/수출,공공기관,경기,"일반기업,1인 창조기업","기업,초기창업기업","만 20세 미만,만 20세 이상 ~ 만 39세 이하,만 40세 이상",,,"성남시 소재 바이오·헬스 관련 중소벤처기업 10개사 내외

○ 팁, 니들 등 소모품 제품만 보유한 의료기기 제조기업
  ○ 단순 무역, 유통, 전시품목 비관련 업체
  ○ 신청일부터 참가 기간까지 기업 소재지(주된 사무소나 공장)가 성남시에 소재하지 않는 경우
  ○ 국세 및 지방세 체납업체(징수유예 포함)
  ○ NICE 신용조회가 불가하거나, 조회 결과 회수의문·휴폐업·부도에 해당하는 기업
  ○ 법정관리, 기업회생신청, 청산절차 등에 해당하는 기업 
  ○ 동일 전시회로 타 기관 및 지자체의 지원금을 받는 기업 등 
    ※ 자세한 내용은 모집공고 참고",,"1년미만,2년미만,3년미만,5년미만,7년미만,10년미만",판로ㆍ해외진출,20260414,20260428,,,"온라인 접수: https://portal.snip.or.kr:8443/portal/snip/MainMenu/businessManagement/application.page?portlet=2026-0103&portlet2=4136&ptlYn=Y
이메일 접수: None
팩스 접수: None
우편 접수: None
방문 접수: None
기타 접수: None",https://www.k-startup.go.kr/web/contents/bizpbanc-deadline.do?schM=view&pbancSn=177227,main,primary,성남산업진흥원2026독일뒤셀도르프의료기기전시회medica2026참가기업모집,공공기관,20260414~20260428,판로ㆍ해외진출,판로ㆍ해외진출
youth,20260429005400212943,(접수 마감)2026년 11기 광주 청년 13(일+삶)통장,지역 청년 특성 및 수요에 적합한 자산 형성 기회를 제공함으로써 경제적 자립 및 생활 안정 지원,복지/문화,광주시청,광주시청,0013010 | 0049010,청년,만 19세 ~ 만 39세,19,39,,소득조건코드=0043001 / 소득범위=0~0,,"월 10만원씩 10개월 저축 시, 광주광역시 100만원 지원
금융역랑강화 교육프로그램 운영",20260101,20261231,- 청년도약계좌는 중복 신청 가능,"① 주민등록초본 (26.01.05 이후 발급본)
② 건강보험 자격득실 확인서 (26.01.05 이후 발급본)
③ 급여명세서 (최근 3개월 급여)
 ※ 제출서류에 대한 세부 기준은 공고문 참고",광주청년통합플랫폼 온라인 신청,https://youth.gwangju.go.kr/www/,main,primary,접수마감2026년11기광주청년13일삶통장,광주시청,20260101~20261231,금융･복지･문화,취약계층 및 금융지원
youth,20260429005400212942,남도학숙 운영,수도권에 유학중인 우리지역 출신 대학생들에게 편의 제공을 제공,주거,광주시청,광주시청,0013010 | 0049010,청년,만 0세 ~ 만 99세,,,,소득조건코드=0043001 / 소득범위=0~0,,"서울시 내부에 위치한 기숙사 학기별 64만원(월 16만원×4개월)에 제공, 제1남도학숙과 제2남도학숙 중 선택하여 한 곳만 지원가능, 제1남도학숙(동작관) 850명, 제2남도학숙(은평관) 604명 규모 기숙사 제공, 신규입사시 입사비 10만원 부담",20260101,20261231,"제1남도학숙과 제2남도학숙 중 선택하여 한 곳만 지원가능
제1남도학숙(동작관) 850명, 제2남도학숙(은평관) 604명 규모 기숙사 제공, 신규입사시 입사비 10만원 부담",공고문(4페이지) 참조,"인터넷 접수 : 입사지원 페이지(https://ndhsdormitory.saramin.co.kr)
우편 접수 : 접수마감시간(1월16일 18시)까지 도착분만 인정
보호자의 주민등록지가 광주광역시인 학생 : 광주광역시청
보호자의 주민등록지가 전라남도인 학생 : 주민등록지 시·군청(공고문 참고)",https://ndhsdormitory.saramin.co.kr,main,primary,남도학숙운영,광주시청,20260101~20261231,주거,주택 및 거주지
youth,20260429005400212941,광주청년 일경험드림사업 제19기 참여사업장(드림터) 모집,"『광주광역시 청년기본조례』 및 『광주광역시 청년일자리 창출 기본 조례』에 따라,
광주지역 미취업 청년들에게 다양한 일경험을 제공하면서 소득을 지원하는 「광주청년 일경험드림 사업」에 참여할 사업장을 다음과 같이 모집합니다.",인력/일자리,광주시청,광주시청,0013010 | 0049010,청년,만 19세 ~ 만 39세,19,39,,소득조건코드=0043001 / 소득범위=0~0,,"○ 참여청년 인건비의 90% 지원 (주휴수당 포함)
○ 참여사업장은 인건비의 10% + 4대 보험료 부담
○ 참여청년 연계채용 시 중소기업 사업장에 1년간 총 240만 원 인센티브 지급",20260301,20260731,"○ 단순 보조·단순노무 위주의 직무는 참여 제한
○ 근로기준법 위반, 보조금 부정수급 이력 사업장 등은 참여 제외","○ 사업자등록증명원(또는 고유번호증)
○ 4대 사회보험 가입자 명부 및 완납증명서
○ 사업장 로고·전경 사진 등 (세부사항 공고문 참조)",○ 온라인 접수 → 현장실사 → 최종 선정 심사 → 결과 발표(누리집 공지),https://gjyouthdream.com,main,primary,광주청년일경험드림사업제19기참여사업장드림터모집,광주시청,20260301~20260731,일자리,취업
youth,20260429005400212940,(동구)2026년 상반기 광주광역시 재정지원 일자리사업,○ 취업취약계층 시민들에게 일자리를 제공하여 생활안정 및 자립기반 마련에 도움을 주고자 「2026년 상반기 광주광역시 재정지원일자리사업(동구)」참여자를 모집합니다.,인력/일자리,광주시청,광주시청,0013010 | 0049010,청년,만 18세 ~ 만 99세,18,,,소득조건코드=0043001 / 소득범위=0~0,,"○ 공공·지역서비스 분야 일자리 제공
○ 시급 10,320원 지급
○ 교통·간식비 및 주·월차수당 별도 지급
○ 4대 보험(국민연금, 건강보험, 고용보험, 산재보험) 의무 가입",20260202,20260630,"○ 장애인, 장기실직자, 한부모가족, 결혼이민자 등 취업취약계층 증빙 가능자 우대
○ 사업별 자격증·경력 요건 충족 시 우대","○ 사업참여 신청서 및 개인정보 수집·이용·제공 동의서
○ 취업취약계층 증빙서류(해당자)
○ 기타 사업별 요구 서류","○ 방문 접수만 가능
○ 주소지 관할 동구 행정복지센터 또는 동구청 일자리경제과 방문 신청",,main,primary,동구2026년상반기광주광역시재정지원일자리사업,광주시청,20260202~20260630,일자리,취업
youth,20260429005400212939,(남구)2026년 광주광역시 재정지원 일자리사업,광주광역시 남구에서는 취업취약계층 주민들에게 일자리를 제공하여 생활안정 및 자립기반 마련에 도움을 주고자 2026년 상반기 남구 재정지원 일자리사업 참여자를 모집 공고합니다.,인력/일자리,광주시청,광주시청,0013010 | 0049010,청년,만 18세 ~ 만 99세,18,,,소득조건코드=0043001 / 소득범위=0~0,,"○ 공공근로 및 지역공동체 일자리 제공
○ 시급 10,320원 지급 
   ※교통·간식비 및 주·월차수당 별도 지급
○ ○ 4대 보험(국민연금, 건강보험, 고용보험, 산재보험) 의무 가입",20260202,20260630,"○ 장애인, 장기실직자, 한부모가족, 결혼이민자 등 취업취약계층 우대
○ 사업별 자격증·경력 요건 충족 시 우대","○ 사업참여 신청서
○ 개인정보 수집·이용·제공 동의서
○ 취업취약계층 증빙서류(해당자)","○ 방문 접수만 가능
○ 남구청 또는 주소지 관할 행정복지센터 방문 신청",,main,primary,남구2026년광주광역시재정지원일자리사업,광주시청,20260202~20260630,일자리,취업
youth,20260429005400212937,(1차) 2026 광주청년 구직활동수당 및 활동지원사업,"✅ 26년도 광주청년 구직활동수당 및 활동지원 사업을 시작합니다!
광주 미취업 청년들의 구직활동에 필요한 비용과 구직 역량강화 프로그램을 지원하여 청년의 지역사회 진입과 자립을 촉진합니다
(구)광주청년드림수당 및 활동지원사업",인력/일자리,광주시청,광주시청,0013010 | 0049010,청년,만 19세 ~ 만 39세,19,39,,소득조건코드=0043001 / 소득범위=0~0,," 구직활동비 월 50만원 x 6개월(1인당 최대 300만원)
       - 사업참여 중 취·창업으로 중단 시 취·창업 성공수당 지원
 구직역량 강화프로그램(1회 의무 참여 필요)",20260301,20260831,"▪️ 가구원 수 : ⭐가족관계증명서⭐기준
- (신청자 본인) 미혼 및 이혼 : (필수) 부, 모, 본인 + (선택) (등본상 함께 거주하는) 형제·자매
- (신청자 본인) 기혼(혼인신고 완료자) : (필수) 본인, 배우자, 자녀 + (선택) (등본상 함께 거주하는) 본인 부모

▪️지원제외 대상 : 공고일(26.01.26.)기준
- 참여요건을 충족하지 못한 자(연령, 취·창업, 재학생, 중위소득 초과 등)
- 생계급여, 조건부 생계급여 수급자(단, 의료·교육·주거급여만 받는 경우 가능)
- (대체 복무 포함) 군 복무자
- 2018년 이후 광주청년구직활동수당(광주청년드림수당) 참여자 및 중도포기자(2018, 2020~2025년) *생애 1회 지원
- 타 지자체 청년수당 참여자(서울, 전남, 부산, 인천, 광주 광산구, 광주 서구 등)
- 시 유사사업 참여중인 자(광주청년○○사업 : 광주청년일경험드림, 청년13(일+삶)통장 등)

▪️동시참여 제한
- 고용노동부 국민취업지원제도Ⅰ유형(구직촉진수당) 및 Ⅱ유형(취업활동비용·취업지원서비스) 참여자 및 
사업기간(지원+사후관리) 종료 후 6개월 미경과자 *2025년 7월 27일 이전 종료자
- 고용노동부 미래내일일경험사업(인턴형, 프로젝트형) 참여자
- 실업급여 수급자
- (주 30시간 이상) 재정지원 직접 일자리 사업 참여자
- 청년도전지원사업(장기·중기), 청년 농업인 육성정책, 청년 어업인 영어 정착자금
-  희망사다리 장학금(1·2유형)
- 고졸 취업연계 장려금/장학금
- 제대군인 전직지원금
- 창작준비금/지원금 등
- 정부지원(내일배움카드) 훈련 장려금 수급자 
* 계좌발급 및 훈련참여는 가능하나, 훈련장려금 동시 수급 불가","⚠️중요⚠️
▪️ 모든 제출 서류는 예외 없이 공고일(26.01.26)이후 발급분만 인정 됩니다. 

(온라인 제출)
▪️  지원신청서 : 작성 및 체크사항 누락 없이 작성
▪️ 구직활동계획서 : 구직분야 및 지원동기, 성장모습 등, 월별 목표 및 활동내용 등 상세 작성

(발급 후 업로드)
1. 최종학력증명서 : 
▪️ 가장 마지막 입학 학교를 최종 학교로 간주
▪️ 해외 학교의 경우 번역 또는 공증 또는 외국번역행정사 번역 필요

2. 주민등록표 등본
▪️ 본인 기준 상세증명서로 발급(모든 정보 표기)
▪️ 세대구성 사유 및 일자, 세대주와의 관계, 세대주 및 세대원 전원 성명, 본인 주민등록번호, 전입일/변동일 등
▪️ 초본 제출 유의 

3. 가족관계증명서(상세)
▪️ 발급 기준(부모 또는 본인) 및 발급 유형(일반, 특정 발급 않도록) 유의 
▪️ (본인이 미혼일 경우) 부 또는 모 기준 상세 발급
▪️ (본인이 기혼일 경우) 본인 기준 상세 발급

4. (본인 및 가구원) 건강보험자격확인 통보서
▪️ 가구원 모두의 자격이 확인될 수 있도록 발급
▪️ 1장 이상일 경우 pdf 병합 또는 zip으로 제출 
▪️ 수급자일 경우 수급자 증명서와 의료급여증명서로 대체 제출

5. (본인 및 가구원) 건강보험료 납부 확인서
▪️ 소득산정 가구원의 모두 1개월 납부내역 확인필요. *2025년도 11월 
▪️ 1장 이상일 경우 pdf 병합 또는 zip으로 제출 
▪️ 수급자일 경우 수급자 증명서와 의료급여증명서로 대체 제출

6. (본인 및 가구원) 개인정보 수집·이용·제공 및 고유식별정보 처리 동의서
▪️ 공고문 서식 다운로드 후 본인 및 가구원 자필 서명 필수 

[특정 상황에 해당하는 경우에만 제출]
7. 건강보험 자격득실 확인서
▪️ 건강보험자격확인(통보)서의 자격취득일이 2025.11.02. 이후 발생자(본인 및 가구원 포함)
▪️ 2개 이상의 사업장으로 건강보험 가입된 경우

8. 근로계약서
▪️  고용보험(상용)에 가입되어 있으나 주 30시간 미만 근로일 경우
▪️  인적사항 및 근로 시간, 조건, 기간 등 기재된 사본

9. 휴·폐업 증명서
▪️  사업자등록을 보유하고 있으나, 공고일 이전 휴·폐업 신고 사실이 있는 경우

10. 주민등록표 초본
▪️ 공고일 이후 광주광역시 내 이전 있는 경우(공고일 이후 타지에서 광주광역시 전입 지원 불가)
▪️ 본인이 개명한 경우","광주청년통합플랫폼 홈페이지(http://youth.gwangju.go.kr/) 온라인 신청
 ※ 신청기간 상단 신청하기 버튼 클릭",,main,primary,1차2026광주청년구직활동수당및활동지원사업,광주시청,20260301~20260831,일자리,취업
youth,20260429005400212933,공공임대주택 청년창업공간 입주기업 모집,"공공임대주택 상가 유휴공간을 활용, 청년 창업 활동을 지원하여 지역 활성화와 일자리 창출을 돕고자 하는‘청년창업공간 입주기업’을 모집합니다.",인력/일자리,광주시청,광주시청,0013010 | 0049010,청년,만 19세 ~ 만 35세,19,35,,소득조건코드=0043001 / 소득범위=0~0,,"○ 개별 사무실 무상 제공(임차보증금 및 임차료 무료)
○ 창업 전문 교육기관 연계 창업지원 프로그램 제공
○ 청년창업공간 사무실 이용 지원",20260113,20260206,"○ 가점사항 (기업 또는 기업의 대표자 기준)
  - 광주 북구에 주소지를 둔 자(공고일 기준, 주민등록 초본 제출)
  - 광주 북구청장배 창업아이디어 경진대회 또는 각종 창업경진대회 수상자(증빙 제출)  
  - 정부 출연 기관 창업보육 및 지원 프로그램을 이수한 자(증빙 제출) 
  - 청년창업사관학교, 신사업창업사관학교, 예비/초기창업패키지 수료자 (증빙 제출)",공고문을 확인해주시기 바랍니다.,"○ 온라인 또는 방문 접수
○ 이메일 접수(espoirbr@korea.kr)
○ 북구청 청년미래정책관 방문 접수",https://bukgu.gwangju.kr/menu.es?mid=a10201050100,main,primary,공공임대주택청년창업공간입주기업모집,광주시청,20260113~20260206,일자리,창업
youth,20260429005400212932,제2기 부끄리에이터(북구+크리에이터) 모집,"○ 주민이 직접 참여하는 북구 구정 정책 온라인 홍보단 운영
○ 영상 콘텐츠 제작을 통해 주민과 소통하고 공감하는 행정 구현
○ 북구 정책을 쉽고 재미있게 전달하는 시민 참여형 홍보사업",인력/일자리,광주시청,광주시청,0013010 | 0049010,청년,만 14세 ~ 만 99세,14,,,소득조건코드=0043001 / 소득범위=0~0,,"○ 분야별 원고료 및 활동료 지급
○ 활동 경력증명서 발급
○ 1365 자원봉사포털 봉사실적 부여
○ 연말 구정 홍보 우수 부끄리에이터 표창",20260301,20261231,"○ 광주 북구 주민 우대
○ 북구 관내 직장인·학생·외국인 우대","○ 참가 신청서 1부
○ 개인정보 수집·이용 동의서 1부","○ 신청방법
  - 이메일 접수
  - 신청서 작성 후 kpr1004@korea.kr 제출",,main,primary,제2기부끄리에이터북구크리에이터모집,광주시청,20260301~20261231,일자리,취업
youth,20260429005400212931,[남구] 월간 청년밋업 강연(1월),"청년들을 위한 재테크 강연
○ 일시/장소: 2026. 1. 28.(수) 14:00~17:00 / 남구청 8층 대회의실
○ 추진내용: 청년 눈높이에 맞는 현실 기반 금융·경제 교육프로그램 실시
○ 대 상: 남구 청년네트워크 및 지역 청년 50여 명
○ 강 사
 1) 곽지현 (‘생활의 달인’, ‘유퀴즈’ 등 프로그램 다수 출연)
 - 강의주제: 절약과 저축으로 시작하는 재테크 첫걸음
 2) 김잔잔 (구독자 17.5만명 금융분야 유튜브 크리에이터)
 - 강의주제: 원숭이도 따라하는 재테크",교육/멘토링,광주시청,광주시청,0013010 | 0049010,청년,만 0세 ~ 만 999세,,,,소득조건코드=0043001 / 소득범위=0~0,,"❍ (일    시) 2026. 1. 28.(수) 14:00 ~ 17:00
❍ (장    소) 남구청 8층 대회의실
❍ (대    상) 남구 청년네트워크 및 지역 청년 50여 명
❍ (내    용) 청년 맞춤형 금융·재테크·저축 관리 교육 실시(제1회)
❍ (추진방법) 강연·행사 전문업체 용역을 통한 강사 섭외 및 행사운영
❍ (강 연 자)
 1) 곽지현 강사 (‘생활의 달인’, ‘유퀴즈’ 등 프로그램 다수 출연)
   - 강의내용: 절약과 저축으로 시작하는 재테크 첫걸음(짠테크 꿀팁 5가지)
 2) 김잔잔 대표 (마음편한재테크 대표, 구독자 17.5만명 재테크 유튜버)
   - 강의내용: 원숭이도 따라하는 재테크(예금부터 주식까지 딱 ‘이것만’하세요)",20260128,20260128,,,https://naver.me/xydMbCD8,https://naver.me/xydMbCD8,main,primary,남구월간청년밋업강연1월,광주시청,20260128~20260128,교육･직업훈련,교육비지원
youth,20260429005400212929,광주청년 일경험드림 제19기,지역의 미취업 청년들이 다양한 일경험을 통해 진로와 직업 비전을 찾을 수 있도록 지원,인력/일자리,광주시청,광주시청,0013010 | 0049010,청년,만 19세 ~ 만 39세,19,39,,소득조건코드=0043001 / 소득범위=0~0,,"○ 매칭된 사업장에서 실제 직무 중심의 일경험 참여
○ 근로에 따른 급여 지급 및 안정적인 근무 환경 제공
○ 직무교육과 연계된 활동 지원으로 실무 역량 강화
○ 개인 성향과 진로 계획에 맞춰 트랙 유형 선택 가능

&lt;자기주도형&gt;
 - 5개월 근무(주 25시간 / 월 131시간)
 - 직무 탐색과 자기계발을 병행하며 개인 성장 가능성을 확장하는 트랙
 - 참여기간: 2026. 3. 1. ~ 7. 31.

&lt;집중참여형&gt;
 - 3개월 근무(주 40시간 / 월 209시간)
 - 심화된 직무 경험을 통해 실무 역량을 강화하는 트랙
 - 참여기간: 2026. 3. 1. ~ 5. 31.

○ 급여: 2026년 광주광역시 생활임금 시급 13,303원 적용
○ 희망 사업장의 모집 트랙 유형에 따라 지원 가능",20260301,20260731,"○ 제외대상
 ① 광주청년 일경험드림 사업 참여 이력이 있는 자
 ② 수당 및 인건비를 지급 받는 정부·지자체 사업에 참여중인 자
 ③ 학교 재학생(휴학생 포함) : 졸업예정자는 일경험드림사업 누리집 참고","○ 면접신청서(자기소개서)
○ 사업단에서 요구하는 구비서류(온라인 제출)","① 면접신청(온라인): 광주청년 일경험드림 사업 누리집 회원가입
② 면접신청서(자기소개서) 작성 및 구비서류 제출
③ ‘드림만남의 날’ 참여
④ 희망 사업장 상담 및 현장면접 진행
⑤ 최종신청서 작성 및 제출",https://gjyouthdream.com/,main,primary,광주청년일경험드림제19기,광주시청,20260301~20260731,일자리,취업
youth,20260429005400212928,2026년 삼삼오오 이웃돌봄 참여자 모집,"○ 이웃 간 자발적인 돌봄 공동체 형성을 통한 함께돌봄 문화 확산
○ 영유아 및 초등 돌봄 아동을 둔 가구의 양육 부담 완화
○ 공동체 기반 돌봄 활동을 통해 마음 편한 양육 환경 조성",복지/문화,광주시청,광주시청,0013010 | 0049010,청년,만 0세 ~ 만 99세,,,,소득조건코드=0043001 / 소득범위=0~0,,"○ 자조모임 내 상호 간 자녀 돌봄 활동비 지원
○ 강의료, 재료비, 간식비 등 최소한의 활동비 지원
○ 교육·문화체험 프로그램 및 돌봄 관련 교육 연계 지원
○ 남성 육아참여 활성화 프로그램 참여 기회 제공
○ 공동체 운영 및 돌봄 활동에 대한 멘토링 지원",20260101,20261231,"○ 맞벌이 가정, 한부모가정, 다문화가정, 장애아동 가정 등 가점 부여
○ 남성 육아휴직 가구 포함 시 가점 가능",☞ 공고문을 참고해주시기 바랍니다.,"○ 신청방법
 - 이메일 또는 방문 접수
  * 이메일: y0690@nate.com
  * 방문: 광주광역시 남구 중앙로107번길 15, 광주시민회관 4층",,main,primary,2026년삼삼오오이웃돌봄참여자모집,광주시청,20260101~20261231,금융･복지･문화,문화활동 및 생활지원
youth,20260429005400212927,2026년 당신근처의 광산일자리 지속일자리분야(1기) 참여자 모집,"○ 지역 기반 민간 플랫폼(당근)을 활용한 생활밀착형 공공일자리 제공
○ 내 집 근처 공공일자리 참여를 통한 다양한 일경험 기회 지원
○ 참여 중심의 새로운 일자리 모델을 통한 지역 공동체 활성화",인력/일자리,광주시청,광주시청,0013010 | 0049010,청년,만 18세 ~ 만 99세,18,,,소득조건코드=0043001 / 소득범위=0~0,,"○ 주 12시간 근무의 지속형 공공일자리 제공
○ 시간당 13,303원(광주광역시 생활임금) 지급
○ 생활권 내 공공·행정·환경·시설관리 등 다양한 일경험 제공",20260301,20260531,"○ 사업별 우대조건 충족자 우대
○ 당신근처의 광산일자리 지속일자리 분야 중복 참여 금지",,"○ 신청방법
 - 당근앱을 통한 온라인 신청
 - 1인 1개 사업장만 신청 가능",,main,primary,2026년당신근처의광산일자리지속일자리분야1기참여자모집,광주시청,20260301~20260531,일자리,취업
youth,20260429005400212924,2026년 창업도약패키지(일반형) 창업기업 모집,"○ 유망 기술창업 아이템 보유 도약기 창업기업 대상 비즈니스 모델 혁신 및 제품·서비스 고도화 지원
○ 사업화 자금 및 주관기관 창업프로그램(후속투자 유치, 글로벌 진출 등) 지원",인력/일자리,광주시청,광주시청,0013010 | 0049010,"청년,초기창업기업",만 0세 ~ 만 99세,,,,소득조건코드=0043001 / 소득범위=0~0,,"○ 사업화 자금 평균 1.2억원 내외(최대 2억원) 지원
○ 총사업비 = 정부지원사업비 + 자기부담사업비(현금·현물, 소재지에 따라 비율 차등)
○ 창업프로그램(공통: 후속투자 유치, 글로벌 시장 진출·확대 / 자율: BM·기술 고도화, 마케팅·판로, 네트워킹 등) 지원
○ 협약종료 이후 최종 성과평가 등급 '우수'이상이면서 기술보증ㅇ기금의 보증 조건을 충족하는 창업기업을 추천",20260401,20270101,,"○ 사업신청서
○ 사업계획서
○ 공동대표 또는 각자 대표 신분증 및 동의서
○ 신분 확인 서류
○ 사업자등록증명","○ K-Startup 누리집 온라인 신청·접수
○ 신청 시 실명인증 및 기업인증 필요
○ 1. 요건검토('26. 2월) ▶ 2. 서류평가('26. 3월) ▶ 3. 발표평가('26. 3. ~ 4.) ▶ 4. 최종 선정('26. 4월)",,main,primary,2026년창업도약패키지일반형창업기업모집,광주시청,20260401~20270101,일자리,창업
youth,20260429005400212923,2026년도 초기창업패키지(일반형) 창업기업 모집,유망 창업 아이템 및 기술을 보유한 초기창업기업의 사업 안정화와 성장을 지원하는『2026년도 초기창업패키지』에 참여할 창업기업을 다음과 같이 모집합니다.,인력/일자리,광주시청,광주시청,0013010 | 0049010,"청년,초기창업기업",만 0세 ~ 만 99세,,,,소득조건코드=0043001 / 소득범위=0~0,,"○ 사업화 자금 평균 0.5억원, 최대 1억원 지원(시제품 제작, 마케팅, 지식재산권 출원·등록 등)
  ※ 총사업비 구성: 정부지원사업비 + 자기부담사업비
○ 창업프로그램 지원(시장진입, 투자유치, 실증 검증, 기관별 자율 프로그램 등)
○ 협약종료 이후 최종 성과평가 등급 ‘우수’ 이상이면서 기술보증기금의 보증 조건을 충족하는 창업기업을 추천",20260401,20270101,"○ 신청 제외 대상: 채무불이행 규제, 국세·지방세 체납, 환수금 미반환, 지원 제외 업종 영위 등 공고문 기준 해당 여부 확인 필요","○ 사업신청서
○ 사업계획서
○ 공동대표 또는 각자 대표 신분증 및 동의서
○ 신분 확인 서류
○ 사업자등록증명","○ K-Startup 누리집 온라인 신청·접수
○ 신청·접수 시 실명인증 및 기업인증 절차 필요",https://www.k-startup.go.kr/web/contents/bizpbanc-ongoing.do?pbancClssCd=PBC010&amp;schM=view&amp;pbancSn=176019,main,primary,2026년도초기창업패키지일반형창업기업모집,광주시청,20260401~20270101,일자리,창업
youth,20260429005400212922,2026 동명청년창작소 [커머스빌딩 START] 참여 교육생 모집,"청년 창업자의 아이디어를 실질적인 사업 모델로 구체화하고, 분야별 전담 멘토링과 실습·코칭을 통해 실제 창업까지 이어질 수 있도록 지원하고자「커머스빌딩 START」 프로그램 참여자를 모집합니다.",인력/일자리,광주시청,광주시청,0013010 | 0049010,청년,만 0세 ~ 만 99세,,,,소득조건코드=0043001 / 소득범위=0~0,,"○ 공통 기초 교육: 창업 가치(WHY) 설정, 시장 분석, 고객 정의, 수익모델(BM) 설계, 사업계획서 작성 및 지원사업 전략
○ 분야별 전담 멘토 트랙: F&amp;B / 온라인 커머스 / 브랜딩·디자인 / AI 활용 창업 중 택1, 1:1 밀착 코칭
○ 실습·코칭 중심 과정: 사업 모델 고도화 실습, 팀별 피드백, 개별 멘토링, 졸업평가 운영
○ 수료혜택: 수료증 발급, 후속 프로그램 연계 지원, 분야별 전문가 멘토링 지속 연계",20260303,20260331,○ 동구 거주 청년 우대,"○ [서식1] 참가신청서
○ [서식2] 개인정보 수집·활용 동의서
○ 주민등록등본 사본(동구 거주 확인용)
○ 신분증 사본(해당)
○ (초기창업자) 사업자등록증 사본 1부(2026. 2. 발급본)
  ※ 제출형식: 모든 제출서류 PDF 또는 ZIP 파일","○ 신청방법 : 메일 접수(dmyouthlab@naver.com)
○ 메일 제목 형식: [커머스빌딩START] 홍길동_ 지원신청합니다.
○ 신청 후 확인전화 필수(062-417-7700)
○ 모집·신청(2. 3.(화) ~ 2. 20.(금)) → 1차 서류심사(2. 23.(월)) → 2차 면접심사(2. 24.(화) 14:00~) → 결과통보(2. 26.(목)) → 교육시작(3. 3.(화))",https://dmyouthlab.kr/program/fc11aa5d-8fef-4250-9961-75594912e3f3,main,primary,2026동명청년창작소커머스빌딩start참여교육생모집,광주시청,20260303~20260331,일자리,창업
youth,20260429005400212920,2026년 문화예술단체 및 생활예술동아리 지방보조금 지원 모집,"○ 구민 문화예술향유 관련 문화행사 사업 보조·지원 사업
○ 문화예술단체 활동 및 생활문화예술동아리 활동 지원 사업
○ 문화예술활동·창작사업, 지역 내 행사 연계 문화예술사업 등 지원",복지/문화,광주시청,광주시청,0013010 | 0049010,청년,만 0세 ~ 만 99세,,,,소득조건코드=0043001 / 소득범위=0~0,,"○ 문화예술단체 활동: 단체별 1,000천원 ~ 2,000천원 내외
○ 생활문화예술동아리 활동: 단체별 1,000천원 ~ 1,500천원 내외
○ 1단체 1사업 지원, 총사업비의 10% 이상 자부담 요건
○ 직접적인 사업 예산 지원(홍보비, 대관료 등)",20260601,20261130,"○ 활동 지역 북구로 한정, 단체소재지·동아리방 등 주민 참여 제한적 장소의 공연 불가
○ 회원 교육 등 강사비 지원 중심 사업 지원 제외
○ 보조금 편성 불가 경비: 시설·수선·시설부대비·자산취득비 등 자본적 경비, 상근직원 인건비·사무실 임차료·공공요금 등 운영경비, 시상금·장학금 등 현금성 지출경비","○ (공통) 2026년도 지방보조금 지원신청서(서식1)
○ (공통) 지원신청 사업계획서(서식2)
○ (공통) 단체(동아리)소개서(서식3)
○ (공통) 서약서(서식4)
○ [문화예술단체] 단체등록증 사본(서식5)
○ [생활예술동아리] 회원 명단(서식6-1), 연습공간 사용 확인서(서식6-2), 동아리 회칙","○ 이메일 접수(ssonyh@korea.kr)
○ 우편 및 방문접수 불가
○ 메일 제목: [단체/동아리] 문화예술단체보조금지원(단체명)",,main,primary,2026년문화예술단체및생활예술동아리지방보조금지원모집,광주시청,20260601~20261130,금융･복지･문화,문화활동 및 생활지원
youth,20260428005400212896,2026년 청년부부 결혼비용 지원사업,전주시 청년 결혼 초기 경제적 부담 완화 및 지역정착 지원,복지/문화,전북특별자치도 전주시,전북특별자치도 전주시,0013010 | 0049010,청년,만 18세 ~ 만 39세,18,39,,소득조건코드=0043003 / 소득범위=0~0 / 기준 중위소득 120% 이하,,"- 지원규모 : 청년부부 60쌍(상반기 30쌍, 하반기  30쌍)
- 지원내용 : 결혼식을 위한 스튜디오 촬영, 드레스, 메이크업 비용 최대 100만원 실비 지원",20260601 ~ 20260608,20261231,"○ 신청기간 : 연 2회 (6월, 12월) ※ 신청기간 변동될 수 있으며, 5월·11월 별도 모집공고 예정
      ­ (1차) 2026. 6. 1.(월) 9:00 ~ 6. 8.(월) 18:00
      ­ (2차) 2026. 12. 1.(화) 9:00 ~ 12. 8.(화) 18:00
○ 신청대상 : 아래 조건을 모두 충족하는 자 ※ 생애 1회 지원, 부부 중 1명만 신청 가능
   (연령) 혼인신고일 기준, 부부 중 최소 1인이 청년(18세~39세 이하
  ­ (혼인) 2026. 1. 1. 이후 혼인신고* 한 부부
     ① 혼인신고일 기준 : 6월 신청자(‘26.1.1.~5.31.), 12월 신청자(’26.6.1.~11.30.)
     ② 혼인관계증명서의 신고일 기준, 초혼·재혼 등 이전 혼인여부 무관
   ­ (거주) ① 부부 중 1명 이상이 신청일 기준 6개월 이상 전주시에 계속 거주 
              ② 혼인신고 후 부부 모두 전주시 내 거주
   ­ (소득 기준) 중위소득 120% 이하 ※ 공공예식장 이용 부부는 소득 기준 관계없이 신청 가능","①「청년 결혼비용 지원」신청서 1부
② 결혼 준비 비용(스튜디오, 드레스 대여, 메이크업) 영수증 
    * 혼인신고일 기준 1년 전부터 신청일까지 영수증
③ 개인정보 수집·이용·제공 동의서
④ 행정정보 공동이용 사전동의서
⑤ 배우자의 행정정보 공동이용 사전동의서(위임장 포함)
* 행정정보공동이용 조회(제출하지 않아도 되는 서류): 주민등록초본, 소득금액증명원 ※미동의 시 본인 제출
⑥ 혼인관계증명서(상세)
⑦ 통장 사본
⑧ 가족관계증명서(자녀가 있는 경우에 한함)
⑨ 사실 증명(소득이 없는 경우에 한함)","- 신청방법 : 온라인 신청(전주시 통합지원신청 jeonju.go.kr) ※ 방문, 우편접수 불가
- 접수방법 : 신청자 본인이 전주시 통합신청지원 접속하여 본인 인증 후 구비서류 제출",https://www.jeonju.go.kr/youth/index.9is,main,primary,2026년청년부부결혼비용지원사업,전북특별자치도전주시,20260601 ~ 20260608~20261231,금융･복지･문화,문화활동 및 생활지원
youth,20260428005400212894,2026년 청년 면접정장 무료대여 지원,취업을 준비하는 전주 청년들의 경제적 부담 경감 및 자신감 고취로 취업성공을 돕기 위한 청년 면접정장 무료대여 지원,복지/문화,전북특별자치도 전주시,전북특별자치도 전주시,0013003 | 0049010,청년,만 18세 ~ 만 39세,18,39,,소득조건코드=0043001 / 소득범위=0~0,,"- 사업대상 : 18세 ∼ 39세 이하 전주시 거주 구직 청년(1인당 최대 3회)
- 사업내용 : 면접 응시에 필요한 정장(세트) 대여 무료 지원",20260101,20261231,"1)온라인 신청 → 2)승인 통보 및 업체방문 → 3)정장 대여 → 4)정장 반납
     1) 개인정보 수집 등 동의서, 온라인 신청서(주민등록초본 첨부) 작성
     2) 온라인 신청 확인 후 승인통보(SMS) 및 업체방문 예약 안내
     3) 업체 방문하여 면접 응시 예정 확인 후 사이즈 측정 및 대여
     4) 대여기간(2박 3일) 내 반납","개인정보 수집 등 동의서, 온라인 신청서(주민등록초본 첨부)","-온라인 신청(전주 청정지대 홈페이지) : youth.jeonju.go.kr
",https://www.jeonju.go.kr/youth/index.9is,main,primary,2026년청년면접정장무료대여지원,전북특별자치도전주시,20260101~20261231,금융･복지･문화,취약계층 및 금융지원
youth,20260428005400212893,2026년 전주 청년만원주택 청춘★별채 예비입주자 모집,"전주시가 주택을 매입하여 청년(19~39세), 대학생 및 취업준비생을 대상으로 주거안정을 목적으로 공급하는 임대주택",주거,전북특별자치도 전주시,전북특별자치도 전주시,0013010 | 0049010,청년,만 18세 ~ 만 39세,18,39,,소득조건코드=0043003 / 소득범위=0~0 / 붙임 공고문의 소득 및 자산 기준 참고,,"‣ 공급주택 : 전주시 완산구 모악로 4685-22(청춘별채11)
‣ 모집호수 : 총 24호    
‣ 임대조건 : 월 임대료 1~2만원(방수 기준), 보증금 50만원    
  ※ 관리비 별도 부담(외부 위탁기관에서 주택 시설관리 예정)
‣ 임대기간 : 최초 임대기간은 2년이며, 재계약(2년 단위) 4회 가능(최장 10년 거주)
  - 입주 후 혼인한 경우, 재계약(2년 단위) 5회 추가연장 가능(최장 20년)
  ※ 재계약을 하는 경우 관계 법령에 따른 자격을 충족하는 경우에 한함.",20260330 ~ 20260401,20261231,"-입주 자격 : 공고일 현재(2026. 3. 19.) 무주택자(본인)인 미혼 청년으로서 소득 및 자산 기준을 충족하는 다음 어느 하나에 해당하는 사람
   ① 19세 이상 39세 이하인 사람            
   ② 대학생(입학 또는 복학 예정자 포함)
   ③ 취업준비생(고등학교 또는 대학교 등을 졸업(중퇴 포함) 후 2년 이내인 미취업자)","<공통>
1. 입주신청서
2. 주민등록표등본
3. 가족관계증명서
4. 개인정보 수집·이용 및 제3자 제공 동의서
<기타 제출서류> : 공고문 참고 후 해당하는 경우만 제","신청접수 : 온라인 접수(https://www.jeonju.go.kr) 
    - 전주시청 홈페이지 ‘통합신청지원’ → 2026년 전주 청년만원주택 청춘★별채 예비입주자 모집 
      → 로그인 후 신청서 작성(모든 제출서류 ‘첨부파일’에 등록) → 신청완료",https://www.jeonju.go.kr/youth/index.9is,main,primary,2026년전주청년만원주택청춘별채예비입주자모집,전북특별자치도전주시,20260330 ~ 20260401~20261231,주거,주택 및 거주지
youth,20260428005400212892,2026 전주기업반 취업지원 사업,지역(전주)기업의 수요를 반영한 직무역량강화 교육 운영을 통해 우수 전문인력 양성으로 청년 취업연계 및 장기재직 유도,인력/일자리,전북특별자치도 전주시,전북특별자치도 전주시,"① 소비향락업 등 업종
  ※ 일반유흥 주점업, 무도유흥 주점업, 단란주점, 유흥주점, 노래연습장업 등
② 국가 및 공공기관, 학교
③ 공직자 윤리법 제3조의 2에 따른 공직 유관단체
④ 임시 및 일용 인력 공급업, 근로자 파견 등 해당 청년을 직접 사용하지  아니하는 사업주
⑤ 근로기준법 제43조의2에 따라 임금 등을 체불하여 명단이 공개중인 사업주
⑥ 고용보험료 체납기업
⑦ 3개월 미만의 계절적‧일시적 인력수요 사업체
⑧ 산업안전보건법 제10조에 따라 중대 산업재해 발생 등으로 명단이 공표 중인 기업
⑨ 고용보험법 시행령 제56조제2항(부정행위에 따른 지원금 등의 지급 제한)에 따른 지원금 지급제한 기간내(최대12개월)에 있는 사업주
⑩ 노사분규 중인 사업장 등 청년 취업근무가 정상적으로 진행되기 어려운 사업장
⑪ 청년 취업자의 직계존속이 경영하는 사업장
⑫ 기타 중대한 사회적 문제를 야기한 기업 | 0013003 | 0049005,0049006,0049007",청년,만 18세 ~ 만 39세,18,39,"□ 신청대상 : 대학에서 지역기업 수요조사 및 참여가능 기업 모집 후 신청
 ◦ (대학) 산업현장 수요에 맞는 교육 운영-기업 취업 연계가 가능한 대학*의 사업단**
   * ｢고등교육법｣ 제2조에 따른 대학 및 전문대학
   ** 대학 내 기존 부서 신청 또는 부서 간 협업으로 신규 사업단 구성하여 신청가능
   ** 대학은 기업‧기관‧단체 등과 컨소시엄을 구성하여 신청 가능

 ◦ (참여기업) 전주시‧완주군 소재 지역기업으로, 채용설명회 참여, 인턴근무 지원, 참여학생 채용이 가능한 중소기업, 중견기업, 대기업
 * 4대 보험 가입자 3명 이상 기업(대표자 제외)  

 ◦ (참여학생) 18~39세 이하 졸업예정자(’27.2월) 또는 졸업 후 3년 이내 미취업자
   - 본 사업 참여에 의지가 있는 학생 중 기업에서 요구하는 인재상에 부합할 수 있는 기본역량을 갖춘 우수 학생을 공정하고 투명한 절차에 따라 선정
 * 신청대학 외 전주시 소재 대학 재학생(졸업생) 구성 가능하나, 총 참여학생의 30%내로 한정",소득조건코드=0043001 / 소득범위=0~0,,"전주기업반 교육과정 운영비 및 학생 취업장려금 지원
- (대학) 교육과정운영비 90백만원 지원
- (학생) 협약기업 취업 시 취업장려금 지원 (5년간 최대 4,200만원 지원)",20260327 ~ 20260331,20270331,"□ 신청대상 : 대학에서 지역기업 수요조사 및 참여가능 기업 모집 후 신청
 ◦ (대학) 산업현장 수요에 맞는 교육 운영-기업 취업 연계가 가능한 대학*의 사업단**
   * ｢고등교육법｣ 제2조에 따른 대학 및 전문대학
   ** 대학 내 기존 부서 신청 또는 부서 간 협업으로 신규 사업단 구성하여 신청가능
   ** 대학은 기업‧기관‧단체 등과 컨소시엄을 구성하여 신청 가능

 ◦ (참여기업) 전주시‧완주군 소재 지역기업으로, 채용설명회 참여, 인턴근무 지원, 참여학생 채용이 가능한 중소기업, 중견기업, 대기업
 * 4대 보험 가입자 3명 이상 기업(대표자 제외)  

 ◦ (참여학생) 18~39세 이하 졸업예정자(’27.2월) 또는 졸업 후 3년 이내 미취업자
   - 본 사업 참여에 의지가 있는 학생 중 기업에서 요구하는 인재상에 부합할 수 있는 기본역량을 갖춘 우수 학생을 공정하고 투명한 절차에 따라 선정
 * 신청대학 외 전주시 소재 대학 재학생(졸업생) 구성 가능하나, 총 참여학생의 30%내로 한정","① 신청공문 1부
② 사업계획서 6부(A4사이즈, 원본 1부, 사본 5부)
③ 참여기업 협약서 각 1부
④ 우선채용 약정서 각 1부
⑤ 참여기관 컨소시엄 구성 확약서 1부
⑥ 대학 및 참여기관의 사업자등록증 사본 1부"," ◦ 제출방법 : 방문접수
 ◦ 제 출 처 : 전주시청 청년일자리과 청년일자리팀 
   - 제본 제출 주소 : 전주시 완산구 노송광장로 29, 시청별관 9층(구 현대해상)
  - 전자파일 : jeh3564@korea.kr",https://www.jeonju.go.kr/youth/index.9is,main,primary,2026전주기업반취업지원사업,전북특별자치도전주시,20260327 ~ 20260331~20270331,일자리,취업
youth,20260428005400212891,언박싱 미!,"관내에 있는 고립이나 은둔감을 느끼는 청년들에게
정서안정을 위한 상담, 체험, 외부활동 프로그램등을 지원",복지/문화,경기도 평택시,경기도 평택시,0013010 | 0049010,청년,만 19세 ~ 만 39세,19,39,,소득조건코드=0043001 / 소득범위=0~0,,"❍ 참여기간 : 2026. 5. ~ 11.
❍ 프로그램 : 매주 수요일 14:00, 청년지원센터에서 실시
❍ 신청방법 : 홍보물 내 QR코드 스캔을 통해 구글폼 링크 접속 후 설문조사
❍ 사업대상 : 평택시 관내에 거주하는 고립이나 은둔감을 느끼는 청년
❍ 사업내용 : 전문상담 / 참여 프로그램 2개 영역 동시 진행
❍ 선정안내 : 2026. 4. 29. (수)부터 순차적으로 안내 (신청상황에 따라 변동 가능)
❍ 사업내용 (참여 프로그램)

프로그램
주요 내용
일상회복 챌린지
 - 총 4회기 구성
 - 생활습관 개선을 위한 챌린지, 향후 프로그램을 위한 라포 형성 등
단계별 자립
 - 총 4회기 구성
 - 심리, 생활, 관계, 경제적 자립 주제의 교육을 통해 일상회복 도모
진로‧직업 교육
 - 총 4회기 구성 (자기 이해 → 진로 설계 → 직업 탐색 → 지원 연계)
 - 프로그램을 통해 구직을 원하는 경우 고용복지플러스센터를 통한 구직 연계
AI활용 업무 교육
 - 총 4회기 구성 (Chat GPT, Claude, Gemini 등 주요 LLM모델 활용)
 - AI를 활용한 미디어 콘텐츠 제작 및 공유
의사소통 ‧ 갈등관리
 - 총 4회기 구성
 - 의사소통 유형 확인, 갈등 관리 기술, 경청 기술 습득을 통한 대인관계 기능 강화
공예 체험
 - 1회기 구성 (가죽공예 체험)
 - 생산물 직접 제작을 통한 자기 효능감 강화 효과 기대
유기동물 봉사활동
 - 총 2회기 구성 (화성시 소재 유기견/유기묘 보호소 “반려마루” 방문)
 - 봉사활동을 통한 성취감 획득, 외부 참여활동을 통한 유대감 형성 기대
외부 나들이 활동
 - 1회기 구성 (경기도 광주시 소재 “화담숲” 방문)
 - 외부 환경 적응, 정서적 환기 통한 사회 참여 확장 기반 마련


* 선착순 참여 인원 마감시 신청이 조기종료 될 수 있으며, 프로그램은 일정에 따라 변동될 수 있음.
❍ 사업내용 (상담 프로그램)
 - 초기상담 2회 실시 (심리검사 및 해석, 현재 주로 인지하는 문제 등 분석)
 - 전문상담 실시 (초기상담 후 상담 회기 수 결정)
❍ 기타 문의사항
 - 031-691-9917 (평택시 청년지원센터)",20260417 ~ 20260531,        ,,,홍보물 내 QR코드 통해 설문조사 참여로 신청,https://m.site.naver.com/24BMS,main,primary,언박싱미,경기도평택시,20260417 ~ 20260531~,금융･복지･문화,취약계층 및 금융지원
youth,20260428005400212890,2026년 전주시 소규모점포 청년창업 지원,특색 있는 점포 창업을 희망하는 지역 청년에게 컨설팅 및 사업화 자금을 지원하여 청년 자립·성장 유도,인력/일자리,전북특별자치도 전주시,전북특별자치도 전주시,"1. 국세 또는 지방세 체납 중인 자(단, 최종 선발 이후 완납하는 경우 가능)
2. 업종에 관계없이 타 사업자등록을 유지하려는 자
3. 재직 청년(신청일 기준 건강보험 직장가입자)
4. 재학 청년
5. 사업 운영 점포 건물주(임대인)의 배우자 및 직계존비속
6. 2026년 타 창업 지원사업과 동일 내용으로 중복지원 불가
7. 공고일 기준 3년 이내 동일 내용으로 타 창업 지원사업의 사업화 자금 지원을 받은 자
8. 본인 명의 계좌 개설이 불가하거나, 금융자산 압류가 진행 중인 자
9. 기타 전주시장이 참여 제한 사유가 있다고 인정하는 자(위법행위 등) | 0013003 | 0049010",청년,만 18세 ~ 만 39세,18,39," ① 전주시에 거주 중인 18~39세 청년 <공고일 기준 생년월일 : 1986.2.13.∼2008.2.12.> 
 ② 전주시 내 연면적 99㎡이하 점포 창업 예정자 
    ※ 2026년 6월 이내 창업(실제 점포 운영) 가능한 자
 ③ 직장건강보험(피부양자 제외) 미가입 되어있는 자",소득조건코드=0043001 / 소득범위=0~0,,"사업화자금(팀별 최대1,500만원), 창업 맞춤 컨설팅 ",20260219 ~ 20260312,20271231,"① 전주시에 거주 중인 18~39세 청년 <공고일 기준 생년월일 : 1986.2.13.∼2008.2.12.> 
 ② 전주시 내 연면적 99㎡이하 점포 창업 예정자 
    ※ 2026년 6월 이내 창업(실제 점포 운영) 가능한 자
 ③ 직장건강보험(피부양자 제외) 미가입 되어있는 자

<사업설명회 개최>
· 일 시 : 2026. 3. 6.(금) 오후 4시
· 장 소 : 전주시 소통협력센터 2층 컨퍼런스룸 (전주시 완산구 기린대로 209)
· 내 용 : 2026년 전주시 소규모점포 청년창업 지원사업 안내","<필수>
1. 지원 신청서
2. 사업계획서
3. 서약서 
4. 개인정보 수집·이용·제공 동의서
5. 주민등록 초본
6. 가족관계증명서 각1부(본인기준1, 부(父)기준1, 모(母)기준1, 총3부)
7. 국세 완납증명서 및 지방세 완납증명서 각1부
8. 사실증명(사업자등록사실여부 또는 총사업자등록내역)
9. 건강보험 자격득실확인서
10. 소상공인지식배움터 온라인 교육 수료증 2부(반드시 2과목 이상 수료)



","- (방문접수) 전주시 완산구 노송광장로 29, 전주시청 별관 9층  청년일자리과 청년내일팀
- (이메일접수) mj6632@korea.kr ",https://www.jeonju.go.kr/youth/index.9is,main,primary,2026년전주시소규모점포청년창업지원,전북특별자치도전주시,20260219 ~ 20260312~20271231,일자리,창업
youth,20260428005400212889,2026년 출향(전입)청년 채용 전주기업 취업지원,중소기업의 인력난을 해소하고 청년 고용의 기회를 확대하는 동시에 청년의 지역정착 지원,인력/일자리,전북특별자치도 전주시,전북특별자치도 전주시,"• 소비 향락업 등 업종 
 ① 『중소기업 인력지원 특별법』 제3조 및 같은 법 시행령 제2조에서 정하는 업종
    (일반유흥 주점업, 무도유흥 주점업, 기타 주점업, 기타 사행시설 관리 및 운영업, 무도장 운영업 등)
 ② 『청소년 보호법』 제2조 제5호의 ‘청소년 유해업소’, 『풍속영업의 규제에 관한 법률』 제2조, 『사해행위 등 규제 및 처벌 특례법』 제2조에 해당하는 업종
    (단란주점, 유흥주점, 노래연습장업, 비디오감상실업, 무도장업, 복권발행업 등)
• 국가 및 공공기관 등
• 『공직자 윤리법』 제3조의 2에 따른 공직 유관단체
• 임시 및 일용 인력 공급업, 근로자 파견업 등 근로자를 해당 사업주가 직접 사용하지 아니하는 사업주
• 『근로기준법』 제43조의2에 따라 임금 등을 체불하여 명단이 공개 중인 사업주
• 고용보험료 체납기업
• 3개월 미만의 계절적·일시적 인력수요 사업체(예, 계절적 농수산물 가공업체)
• 학원(「학원의 설립·운영 및 교습소에 관한 법률」 및 「도로교통법」에 의한 학원)
• 숙박·음식업종 사업체(다만, 호텔업·휴양콘도 사업체는 가능)
• 『산업안전보건법』 제10조에 따라 중대재해 발생 등으로 명단이 공표된 사업장
• 『고용보험법 시행령』 제56조제2항(부정행위에 따른 지원금 등의 지급제한)에 따른 지원금 지급제한 기간 내(최대 12개월)에 있는 사업주
• 출향청년 취업자 채용 이전 1개월 이내에 정리해고 등 근로자의 귀책사유 없는 인위적 감원이 있는 기업
• 노사분규 중인 사업장 등 출향청년 취업근무가 정상적으로 진행되기 어려운 사업장
• 출향청년 취업 신청자의 직계존속이 경영하는 사업장 
• 정부 및 시의 다른 재정지원 일자리사업에 중복하여 참여 중인 기업
• 기타 출향청년 채용 지원사업의 사업목적과 취지에 적정하지 않다고 판단하는 기업 | 0013001 | 0049010","중소기업,청년",만 18세 ~ 만 39세,18,39,,소득조건코드=0043001 / 소득범위=0~0,,"- 기    업 : 청년 채용 1인당 월 100만원씩 12개월간 지원
* 수습기간 2개월 포함 최대 12개월
- 청    년 : 장려금 최대 900만원 지원(6·12·24개월 경과 시 각 300만원 지급)",20260115 ~ 20260130,20261231,"<지원대상>
- 기    업 : 전주시 소재 상시근로자 3인 이상 고용보험 가입 기업으로 상시 고용인원 외 추가로 청년을 채용하고 월 급여액을 최저임금이상 지급 가능한 기업
- 청    년 : 18세~39세 전주시 전입 청년으로 참여기업에서 6개월 미만 근무한 아래의 자격요건을 충족하는 자","<필수>
 1. 출향청년 채용지원 신청서(기업용) 1부
 2. 확인서(기업용) 1부
 3. 출향청년 취업지원 신청서(참여자용) 1부
 4. 개인정보 이용에 관한 동의서(기업용, 개인용) 각 1부
 5. 출향청년 채용 선발자 명단통보서(기업용) 1부
 6. 출향청년 채용약정서 1부.
 7. 표준근로계약서 1부.
 8. 출향청년 채용지원 협약서 2부. (월, 일 미기재)
 9. 사업자등록증 1부.
10. 국세·지방세 완납증명서 각 1부
11. 고용보험 자격취득자 명부 1부(신청일 직전 3개월 매월 말일 기준 각 1부, ‘26년 1월 말 기준 1부.)","  - (방문접수) 점심시간(12:00∼13:00) 제외, 기간 중 평일(9:00~18:00)
  - (등기우편) ’26. 1. 30.(금) 우체국 소인분까지 인정
  - 방문 및 등기우편 접수처 : 전주시청 청년일자리과 청년내일팀(전주시 완산구 노송광장로 29, 전주시청별관 9층)",https://www.jeonju.go.kr/youth/index.9is,main,primary,2026년출향전입청년채용전주기업취업지원,전북특별자치도전주시,20260115 ~ 20260130~20261231,일자리,취업
youth,20260427005400212884,진주시 일자리 지원센터 운영,"구인 구직 신청, 취업상담 및 알선, 이력서 및 자기소개서 컨설팅 등을 통한 일자리 지원 및 취업 지원 서비스 제공",인력/일자리,경상남도 진주시 우주항공경제국,경상남도 진주시 인구청년정책관,0013003 | 0049010,청년,만 0세 ~ 만 0세,,,,소득조건코드=0043001 / 소득범위=0~0,,"진주시 일자리 지원센터 운영
○ 지원대상 : 관내 구인기업 및 구직자
○ 지원내용 : 취업상담 및 알선, 이력서 컨설팅 등 취업지원
○ 이용방법 : 방문신청(구직) 및 온라인 신청(구인)
○ 문의처 : 일자리경제과 일자리지원센터 055-749-8185",20260101,20261231,,, 방문신청(구직) 및 온라인 신청(구인),https://gyeongnam.work.go.kr/jinju/main.do,main,primary,진주시일자리지원센터운영,경상남도진주시우주항공경제국,20260101~20261231,일자리,취업
youth,20260427005400212883,「2026년 지역창업특화지원」AI기반 디지털 창업풀패키지 교육생 모집,"○ AI 기반 디지털 창업 역량강화 오프라인 교육 과정 운영
· (과정1) AI 비즈니스 모델(BM) 고도화 및 사업 성공 PT 제작 과정
· (과정2) AI 기반 노코딩 웹사이트 제작 및 디지털 창업 실무 과정",인력/일자리,광주시청,광주시청,0013010 | 0049010,청년,만 1세 ~ 만 99세,,,,소득조건코드=0043001 / 소득범위=0~0,,"○ 교육과정(오프라인)
· (과정1) ChatGPT 활용 수익형 BM 고도화 및 Gamma·Canva 기반 AI 투자유치(IR) PT 제작·발표 실무 컨설팅
· (과정2) 생성형 AI 기반 코딩 없는 웹사이트(Landing Page) 구축·배포 실습 및 디지털 마케팅·운영 전략

○ 교육신청 기간
· (과정1) 2026. 4.21.(화) ~ 4.30.(목)
· (과정2) 2026. 4.21.(화) ~ 2026. 5. 4.(월)

○ 교육일정/시간
· (과정1) 5. 3.(일) / 5.10.(일) / 5.17.(일) 14:00~18:00, 총 12시간(4시간×3회)
· (과정2) 5. 7.(목) / 5.12.(화) / 5.14.(목) / 5.19.(화) / 5.21.(목) / 5.26.(화) 19:00~21:00, 총 12시간(2시간×6회)

○ 수료기준/혜택
· 과정 80% 이상 수강 시 진흥원장 명의 수료증 발급
· 우수 수료자 대상 후속 창업지원 프로그램 연계 등",20260421 ~ 20260430,        ,,,"○ ‘교육 참가신청서’ 작성 후 메일(ivory@gicon.or.kr) 접수
○ 신청폼 작성 및 제출
· PT 제작 및 발표 컨설팅: (네이버폼)
· 웹사이트 제작 및 디지털 창업 실무: (네이버폼)",https://youth.gwangju.go.kr/www/50?siteId=www&policyId=1349&url=%2Fwww%2Fpolicy%2FgjYgPolicyView,main,primary,2026년지역창업특화지원ai기반디지털창업풀패키지교육생모집,광주시청,20260421 ~ 20260430~,일자리,창업
youth,20260427005400212882,로컬 스타트업 히어로즈(Heroes) 지원사업 초기창업기업 모집,"○ 2026 지역산업맞춤형 일자리지원 자치구 특화사업
· 기업 경영에 어려움을 겪는 초기창업기업 대상 사업 안정화 및 내실 성장·도약 지원",인력/일자리,광주시청,광주시청,0013010 | 0049010,"스타트업,청년,초기창업기업",만 1세 ~ 만 39세,,39,,소득조건코드=0043001 / 소득범위=0~0,,"○ 지원금
· 최대 550만원 지원(컨설팅 포함, 선정평가 결과에 따라 차등 지원)
· 자부담금 20% 이내 부담(추후 사업선정 시 별도 설명 예정)
· 부가세 신청자 부담(지원금 기준은 공급가액 기준)

○ 기업 컨설팅 지원
· 기업진단, 분야별 맞춤 컨설팅 지원

○ 피봇팅(Pivoting) 지원
· 기업진단, 피봇팅 유형에 따른 기업별 BM 제시, 사업전환 지원

○ 사업화 지원
· 제품, 마케팅 등 기업 경쟁력 강화를 위한 사업화 지원",20260420 ~ 20260529,        ,"○ 신청제외 대상
· 대기업 운영 프렌차이즈 직영점 또는 가맹점, 무점포 사업자
· 공고일 기준 정부 지원 사업 중복으로 참여한 자
· 허위 또는 부정한 방법으로 신청한 사업자
· 정부기관 및 지자체 각종 지원사업 제재중 또는 참여제한 해당자
· 계좌제 훈련생 및 정부지원 유사사업 참여중인 자
· 금융기관 등 채무 불이행 규제중인 자(마감일 이전 규제 해제 증명 시 신청 가능)
· 국세 또는 지방세 체납으로 규제중인 사업자
· 정부지원사업 참여 제한 업종(부동산업, 임대업, 유흥업, 주류, 오락, 숙박, 노래방 등)",☞ 자세한 내용은 붙임파일을 확인해주시기 바랍니다.,"○ 서식 다운로드 후 제출
· 동강대학교 창업보육센터 홈페이지(dcbi.dkc.ac.kr) 공지사항에서 지원서 양식 다운로드 → 작성 후 제출
○ 접수방법
· 우편: (61200) 광주광역시 북구 동문대로 50, 동강대학교 산학협력관 3층 302호(접수마감일 도착분에 한함)
· 이메일: persephone66@naver.com",https://youth.gwangju.go.kr/www/50?siteId=www&policyId=1350&url=%2Fwww%2Fpolicy%2FgjYgPolicyView,main,primary,로컬스타트업히어로즈heroes지원사업초기창업기업모집,광주시청,20260420 ~ 20260529~,일자리,창업
youth,20260427005400212881,2026년 반려동물 전문인력 양성 교육생 모집,반려동물 관련 자격증 취득을 위한 교육비를 지원하여 지역내 반려동물전문인력 양성 및 취업기회 제공,교육/멘토링,광주시청,광주시청,0013010 | 0049010,청년,만 19세 ~ 만 39세,19,39,,소득조건코드=0043001 / 소득범위=0~0,,"◆ 교육과정
- (과정명) 펫시터․반려동물관리사 자격증 취득 통합과정

◆ 교육비용 : 전액지원 (단, 협회자격증 취득에 따른 협회 가입비는 자부담) ",20260424 ~ 20260506,        ,,"가. 주민등록등본 1부
나. 신청서 및 자기소개서 1부(반려경험, 자격증 취득 후 계획 등 500자 내외)
다. 동물분야와 관련한 면허증, 자격증, 졸업증서, 경력증명서 등 각 1부(해당 시)",◆ 접수방법 : pdh0806@korea.kr 으로 서류 제출,https://youth.gwangju.go.kr/www/50?siteId=www&policyId=1351&url=%2Fwww%2Fpolicy%2FgjYgPolicyView,main,primary,2026년반려동물전문인력양성교육생모집,광주시청,20260424 ~ 20260506~,교육･직업훈련,온·오프라인교육
youth,20260427005400212880,2026년 시제품 제작 프로그램(양산 연계 지원 과정),창업 아이디어 보유 창업자 대상 시제품 제작 및 양산 연계 지원을 통한 아이디어 실현 가능성 검증·제품화 지원,인력/일자리,광주시청,광주시청,0013010 | 0049010,청년,만 1세 ~ 만 99세,,,,소득조건코드=0043001 / 소득범위=0~0,,"○ 시제품 제작 지원
· 센터 보유 전문장비(산업용 3D프린터, CNC, 레이저 커팅기 등) 활용 시제품 제작 지원

○ 재료비 지원
· 시제품 제작 및 양산 진행 시 재료비 지원(팀당 최대 6,000,000원 이내)
· 지원 불가 항목: 디자인 비용, 모델링 비용, 기타 용역비, 가공비, 특허 출원 비용 등

○ 멘토링·교육 프로그램
· CSU창작마을센터 ‘CSU 소싱 디렉팅 솔루션’ 1:1 멘토링 지원(필수 참여)
· AI 활용 & PPT 제작, AI 자동화 설계, AI 홍보콘텐츠 제작, 숏폼 콘텐츠 제작 등 창업 실무 교육(선택 참여)",20260422 ~ 20260508,        ,,☞ 자세한 내용은 붙임파일을 확인해주시기 바랍니다.,"○ 제출 방식
· 모집 마감일 17시까지 이메일 제출: csumaker@chosun.ac.kr
· QR코드 공고문 확인 후 신청",https://youth.gwangju.go.kr/www/50?siteId=www&policyId=1352&url=%2Fwww%2Fpolicy%2FgjYgPolicyView,main,primary,2026년시제품제작프로그램양산연계지원과정,광주시청,20260422 ~ 20260508~,일자리,창업
youth,20260427005400212879,지역사회서비스 청년사업단 운영,"- 청년사회서비스사업단 구성·운영 및 청년 인력(2명) 인건비 지원
 - 도내 청년 대상 지역사회서비스 제공 지원",인력/일자리,제주특별자치도 복지정책과,제주특별자치도경제통상진흥원 경영본부 청년센터,0013010 | 0049010,청년,만 19세 ~ 만 34세,19,34,,소득조건코드=0043001 / 소득범위=0~0,,※ 일몰사업으로 운영되지 않음,20260101 ~ 20260101,20260101,-,,-,https://jejuyouthdream.com/policy/detail/103,main,primary,지역사회서비스청년사업단운영,제주특별자치도복지정책과,20260101 ~ 20260101~20260101,일자리,취업
youth,20260427005400212878,청년 일 경험(기업탐방형) 프로그램 운영,- 청년들에게 다양한 직업세계와 산업현장에 대한 체험기회를 제공하고 우수한 중소기업에 대한 정보 제공을 통해 청년의 일 경험 확대 및 중소기업 취업활성화 도모,인력/일자리,제주특별자치도고용센터,제주특별자치도경제통상진흥원 경영본부 청년센터,0013003 | 0049010,청년,만 15세 ~ 만 34세,15,34,,소득조건코드=0043001 / 소득범위=0~0,,※ 일몰사업으로 운영되지 않음,20260101 ~ 20260101,20260101,,,,https://jejuyouthdream.com/policy/detail/104,main,primary,청년일경험기업탐방형프로그램운영,제주특별자치도고용센터,20260101 ~ 20260101~20260101,일자리,취업
youth,20260427005400212877,신성장산업-청년인재플러스사업,- 신성장산업 기반 업종 중 청년 채용 시 인건비 지원,인력/일자리,제주특별자치도 노동일자리과,제주특별자치도경제통상진흥원 경영본부 청년센터,0013010 | 0049010,청년,만 0세 ~ 만 0세,,,,소득조건코드=0043001 / 소득범위=0~0,,※ 신규 모집 받지 않음,20260101 ~ 20260101,20260101,,,,https://jejuyouthdream.com/policy/detail/105,main,primary,신성장산업청년인재플러스사업,제주특별자치도노동일자리과,20260101 ~ 20260101~20260101,"일자리,일자리,일자리","취업,재직자,권익보호"
youth,20260427005400212876,제주 일자리 재형저축 사업,ㅇ 근로자 1인당 월 25만원 5년간 지원,복지/문화,제주특별자치도 노동일자리과,제주특별자치도경제통상진흥원 경영본부 청년센터,0013001 | 0049010,청년,만 15세 ~ 만 39세,15,39,,소득조건코드=0043001 / 소득범위=0~0,,※ 신규 모집 받지 않음,20260101 ~ 20260101,20260101,,,,https://jejuyouthdream.com/policy/detail/106,main,primary,제주일자리재형저축사업,제주특별자치도노동일자리과,20260101 ~ 20260101~20260101,금융･복지･문화,취약계층 및 금융지원
youth,20260427005400212875,(정부)내일채움공제 가입장려금 지원사업,"- 가입 축하금, 유지 축하금(30개월), 만기 축하금(공제 만기 시) 지원",복지/문화,제주특별자치도 노동일자리과,제주특별자치도경제통상진흥원 경영본부 청년센터,0013010 | 0049010,청년,만 15세 ~ 만 34세,15,34,,소득조건코드=0043001 / 소득범위=0~0,,※ 신규모집 받지 않음,20260101 ~ 20260101,20260101,,,,https://jejuyouthdream.com/policy/detail/107,main,primary,정부내일채움공제가입장려금지원사업,제주특별자치도노동일자리과,20260101 ~ 20260101~20260101,금융･복지･문화,취약계층 및 금융지원
youth,20260424005400212874,진주시 사회초년생 운전면허 취득비용 지원사업,사회초년생의 경제적 부담 완화 및 사회 진출 역량 강화,복지/문화,경상남도 진주시 인구청년정책관,경상남도 진주시 인구청년정책관,"제외기준
   - 2025. 11. 13. 이전 운전면허 취득자(소급 지원 불가)
   - 거짓이나 그 밖의 부정한 방법으로 신청하는 경우
   - 신청서류 미비(서류 보완요청 기한 내 미제출 등), 판독 불가 등
   - 국가기관·타 지자체·공공기관 등 유사사업 지원 이력이 있는 경우 | 0013010 | 0049010",청년,만 18세 ~ 만 19세,18,19,"지원대상 : 다음 요건을 모두 충족하는 자
- 연    령 : 18세 ~ 19세 (2007년생 ~ 2008년생)
- 주    소 : 2025.12.31.(이전)부터 지급일까지 계속 진주시에 주민등록을 둔 자
- 취득기준 : 2026. 1. 1.이후 자동차 운전면허(1·2종 보통) 신규 취득자
※ 단, ‘25.11.13. 이전부터 계속하여 진주시에 주소를 두고 있는 자가‘25.11.13.(수능일) 이후 운전면허를 취득한 경우 소급 지원(첫 시행을 감안)
- 취득기한 : [2007년생] 2026.12.31.까지 / [2008년생] 2027.12.31.까지
※ 매년 당해연도 18세*를 다음 연도 12. 31.까지 지원 예정
    * 18세가 되는 연도의 직전 연말(이전)부터 진주시에 계속 주민등록이 되어 있는 자에 한함.",소득조건코드=0043001 / 소득범위=0~0,,"2026년 사회초년생 운전면허 취득비용 지원사업
- 지원대상 : 18 ~ 19세 청년(2007년생 ~ 2008년생)
※ 매년 당해연도 18세를 다음연도(19세) 12. 31.까지 지원
- 지원내용 : 1인당 10만 원 모바일 진주사랑상품권 지원(생애 1회) 
※ 면허 취득비용이 10만원 미만인 경우, 5천원(미만 절사) 단위로 실비 지원",        ,        ,"지원대상 : 다음 요건을 모두 충족하는 자
- 연    령 : 18세 ~ 19세 (2007년생 ~ 2008년생)
- 주    소 : 2025.12.31.(이전)부터 지급일까지 계속 진주시에 주민등록을 둔 자
- 취득기준 : 2026. 1. 1.이후 자동차 운전면허(1·2종 보통) 신규 취득자
※ 단, ‘25.11.13. 이전부터 계속하여 진주시에 주소를 두고 있는 자가‘25.11.13.(수능일) 이후 운전면허를 취득한 경우 소급 지원(첫 시행을 감안)
- 취득기한 : [2007년생] 2026.12.31.까지 / [2008년생] 2027.12.31.까지
※ 매년 당해연도 18세*를 다음 연도 12. 31.까지 지원 예정
    * 18세가 되는 연도의 직전 연말(이전)부터 진주시에 계속 주민등록이 되어 있는 자에 한함.","① 주민등록초본(신청월 발급분, 최근 5년간 주소 및 신고일 포함)
② 운전면허증 사본
③ 운전경력증명서(전체 경력)
④ 취득비용 증빙자료(면허시험 응시료, 학원 수강료 영수증 등)",진주시 청년 온라인플랫폼 온라인 신청,https://young.jinju.go.kr/young/,main,primary,진주시사회초년생운전면허취득비용지원사업,경상남도진주시인구청년정책관,,금융･복지･문화,문화활동 및 생활지원
youth,20260424005400212873,진주시 중소기업 청년채용 지원사업,신규채용 인건비 지원을 통해 기업의 재정 부담을 완화하고 청년의 지역 정착을 유도하여 지역경제 활성화 도모,인력/일자리,경상남도 진주시 인구청년정책관,경상남도 진주시 인구청년정책관,0013010 | 0049010,"중소기업,청년",만 18세 ~ 만 39세,18,39,"지원조건
   - 채용 : 진주시에 전입하거나 거주하는 18~39세 미취업 청년 신규 채용
            ※ 타 지역 거주자는 사업참여자로 선정된 날로 1개월 이내 전입신고 필수
   - 고용 : 청년을 정규직 근로자(주 40시간 이상)로 채용 후 5개월 이상 고용 유지
   - 임금 : 사업참여기간 동안 평균 월 급여가 250만 원(세전 기준) 이상",소득조건코드=0043003 / 소득범위=0~0 / 임금 : 사업참여기간 동안 평균 월 급여가 250만 원(세전 기준) 이상,,"- 지원인원 : 총 20명(청년채용, 기업당 최대 2명) 
- 지원대상 : 구인 계획이 있는 진주시 소재 상시근로자 3인 이상 중소기업
- 지원내용 : 미취업 청년 신규 채용 시 청년 1명당 최대 500만원 인건비 지원(월 100만원*5개월)",20260325 ~ 20260408,20261231,"지원조건
   - 채용 : 진주시에 전입하거나 거주하는 18~39세 미취업 청년 신규 채용
            ※ 타 지역 거주자는 사업참여자로 선정된 날로 1개월 이내 전입신고 필수
   - 고용 : 청년을 정규직 근로자(주 40시간 이상)로 채용 후 5개월 이상 고용 유지
   - 임금 : 사업참여기간 동안 평균 월 급여가 250만 원(세전 기준) 이상","신청서 및 개인정보 제공 동의서, 사업자등록증 및 법인등기부등본,중소기업 확인서, 국세․지방세 완납증명서, 4대 보험 가입자명부 및 완납증명서, 사업주 가족관계증명서 등",참여 기업 : 「진주시 청년온라인플랫폼」 신청,https://young.jinju.go.kr/young,main,primary,진주시중소기업청년채용지원사업,경상남도진주시인구청년정책관,20260325 ~ 20260408~20261231,일자리,취업
youth,20260424005400212872,서울영커리언스 인턴십Ⅰ(여름학기),서울 청년에게 재학 단계부터 양질의 직무 경험을 제공하는 인턴십 프로그램,교육/멘토링,서울특별시 미래청년기획관 청년정책담당관,서울특별시 미래청년기획관,소속 대학 대학생 표준현장실습학기제 운영 규정상 실습참여가 가능한 자 | 0013010 | 0049005,청년,만 19세 ~ 만 39세,19,39,"서울영커리언스 협약 대학(37개교) 학생
(가천대학교, 가톨릭대학교, 강남대학교, 건국대학교, 경기대학교, 경희대학교, 고려대학교, 국민대학교, 대진대학교, 덕성여자대학교, 동국대학교, 동남보건대학교, 동덕여자대학교, 명지대학교, 명지전문대학, 배화여자대학교, 삼육대학교, 상명대학교, 서울시립대학교, 서울여자대학교, 성신여자대학교, 세종대학교, 숙명여자대학교, 이화여자대학교, 인덕대학교, 인하대학교, 중앙대학교, 차의과학대학교, 한경국립대학교, 한국공학대학교, 한국성서대학교, 한국외국어대학교, 한국항공대학교, 한세대학교, 한양대학교 서울캠퍼스, 한양대학교 ERICA캠퍼스, 홍익대학교)",소득조건코드=0043001 / 소득범위=0~0,,"ㅇ 사업대상 : 만 19~39세 서울영커리언스 참여대학(37개교) 재학생
ㅇ 사업내용 : 대학과 연계한 학점 인정형 기업 직무체험 기회 제공
  - (사전교육) 법정의무교육 및 기초 OA교육, 직무별 현직자 멘토링 특강 등
  - (직무체험) 각 기업의 직접 선발에 따른 2 ~ 6개월의 직무체험 실시
  - (학점인정) 대학별 표준 현장실습학기제 운영기준에 따른 학점 인정
ㅇ 운영방법 
   - (참여기업-인턴 매칭) 기업 직접 채용 과정을 통한 인턴 선발 및 배치 
      *서울시 주관 대면 면접 심사가 진행되며, 기업별 담당자 심사위원으로 참석 필수
   - (인턴 근무조건) 기업-인턴 간 근로계약 체결(일 8시간 주 5일 근무), 4대 보험 필수 가입, 
                            최저임금 기준 월 급여(세전 2,156,880원)
ㅇ 인턴십Ⅰ 근무기간 : (여름학기) 2026. 7.~8.(2개월)
   - 기업 및 지원자 희망하는 경우 12월까지 6개월 근무 가능",20260421 ~ 20260508,        ,"서울영커리언스 협약 대학(37개교) 학생
(가천대학교, 가톨릭대학교, 강남대학교, 건국대학교, 경기대학교, 경희대학교, 고려대학교, 국민대학교, 대진대학교, 덕성여자대학교, 동국대학교, 동남보건대학교, 동덕여자대학교, 명지대학교, 명지전문대학, 배화여자대학교, 삼육대학교, 상명대학교, 서울시립대학교, 서울여자대학교, 성신여자대학교, 세종대학교, 숙명여자대학교, 이화여자대학교, 인덕대학교, 인하대학교, 중앙대학교, 차의과학대학교, 한경국립대학교, 한국공학대학교, 한국성서대학교, 한국외국어대학교, 한국항공대학교, 한세대학교, 한양대학교 서울캠퍼스, 한양대학교 ERICA캠퍼스, 홍익대학교)

서울영커리언스 협약대학 37개교 재학생만 지원 가능","1. 온라인 신청서 접수(필수)
2. 재학증명서(필수)
3. 거주요건 증빙서류(해당하는경우)
4. 우선선정요건 증빙서류(선택)",청년몽땅정보통 온라인 신청,https://youth.seoul.go.kr/youthConts.do?key=2511180001&sc_pbancSeCd=028&sc_bbsStngSn=2212200001&sc_bbsCtgrySn=2511170019&sc_faqCtgryCd=025,main,primary,서울영커리언스인턴십ⅰ여름학기,서울특별시미래청년기획관청년정책담당관,20260421 ~ 20260508~,교육･직업훈련,미래역량강화
youth,20260423005400212871,[강원 고성군]2026년 청년 취업수당 지원,관내 청년 유출 방지 및 청년 유입을 유도하기 위해 관내 업체에 정규직으로 취업하는 청년 대상 취업수당 지급,인력/일자리,강원특별자치도 고성군,강원특별자치도 고성군,"○ 기존「청년 취업수당 지원」 사업을 통해 지원받은 청년
 ○「중소기업 인력지원 특별법」제3조(적용범위)의 지원 제외업체 및 보조금 취지상 지원이 적합하지 않은 업종에 취업한 경우
    - 부동산업, 일반유흥 주점업, 무도유흥 주점업, 기타 주점업, 기타 갬블링업,  무도장 운영업, 단순노무, 일시사역인부 등
 ○ 정부 취업성공수당, 청년내일채움공제, 강원형 일자리 안심공제 등 청년 자산형성 지원사업 참여자
 ○ 사업주의 직계존비속 배우자 및 형제자매인 경우
 ○ 공무원, 공공기관, 공공단체, 공기업 등 운영비·인건비를 지원받는 기관
 ○ 그 외 담당자가 자격요건 등 검토 시 지원이 부적절하다고 판단할 경우 | 0013001 | 0049010","중소기업,청년",만 19세 ~ 만 39세,19,39,"- 2025. 7. 1. 이후 관내 업체에 정규직으로 취업하는 청년
- 공고일 기준 주민등록상 고성군 거주중인 19세∼39세이하의 청년
  * 공고일 ~ 수당지급 만료 시까지 주민등록상 고성군 거주(수당 지원 도중 타지역 전출 시 지원 중단)
- 4대보험(국민연금, 고용, 건강, 산재) 가입한 자
  * 사업(기업)체 : 신청일 현재 관내 관할세무서에 사업자등록을 한 관내 소재 업체(4대보험 가입자 기준) 근로자가 3인 이상인 업체  ",소득조건코드=0043001 / 소득범위=0~0,,청년이 관내 업체 취업 시 매월 30만원씩 12개월간 지원(생애 1회 지원),        ,        ,"- 2025. 7. 1. 이후 관내 업체에 정규직으로 취업하는 청년
- 공고일 기준 주민등록상 고성군 거주중인 19세∼39세이하의 청년
  * 공고일 ~ 수당지급 만료 시까지 주민등록상 고성군 거주(수당 지원 도중 타지역 전출 시 지원 중단)
- 4대보험(국민연금, 고용, 건강, 산재) 가입한 자
  * 사업(기업)체 : 신청일 현재 관내 관할세무서에 사업자등록을 한 관내 소재 업체(4대보험 가입자 기준) 근로자가 3인 이상인 업체

고성군 공고 제2026-18호 / 4. 23.기준 모집인원13명","  ( 최초신청 시 )
  ○ 2026년 청년 취업수당 지원 신청서「서식 1」
  ○ 개인정보 수집·이용동의서(지원자)「서식 2」 
  ○ 개인정보 수집·이용동의서(사업장)「서식 3」
  ○ 주민등록 등본 또는 초본 1부
  ○ 근로계약서 사본 1부
  ○ 4대보험 사업장 가입자 명부 1부
  ○ 통장사본(본인명의 통장) 1부

( 매월청구서류 ) 
* 지원여부 확정 후, 매월 25일까지 전월분에 대한 청구 / 예) 1월분 수당 → 2. 25.까지 신청
  ○ 청구서(도장지참) 1부
  ○ 4대보험 가입내역확인서 1부
  ○ 급여명세서 1부
  ○ 임금입금확인증(거래내역증빙) 1부",방문접수(고성군청 경제체육과 일자리육성팀),https://gwgs.go.kr/prog/saeolGosi/GOSI/kor/sub04_030401/list.do,main,primary,강원고성군2026년청년취업수당지원,강원특별자치도고성군,,일자리,취업
youth,20260423005400212870,2026년 고성군 미취업 청년 자격증 응시료 지원,고성군 미취업 청년 대상 국가기술(전문)자격증 및 어학시험 등 자격증 시험 응시료 지원(,인력/일자리,강원특별자치도 고성군,강원특별자치도 고성군,"- (중복수혜) 타 기관(정부, 지자체, 학교 등)에서 ‘동일한’ 시험으로 응시료 지원을 이미 받은 경우
- (유사 사업) 자격증 취득을 조건으로 수당을 받는 등 본 사업과 유사한 지원을 이미 완료받은 청년 
- (기타) 사업 취지에 부합하지 않다고 판단되는 경우 | 0013003 | 0049010",청년,만 19세 ~ 만 39세,19,39,"○ 다음 조건을 모두 만족하는 사람
  - (연령기준) 시험 응시일 기준 19세 이상 ~ 39세 이하인 청년
    ※ 시험 응시 당일 39세 이하였다면, 신청 시점에 40세가 되었더라도 지원 가능
  - (거주기준) 신청일 기준 고성군에 연속하여 1년 이상 거주(주민등록) 중인 자
  - (취업여부) 응시일부터 신청일까지 미취업 상태인 자(고용보험 미가입 및 사업자미등록)
    ※ 고용보험 가입 3개월 이하 또는 주 30시간 이하 단기근로자, 공공근로자 가능
  - (응시상태) 2026. 1. 1.이후 시행된 자격증 시험 실응시자",소득조건코드=0043001 / 소득범위=0~0,,고성군 미취업 청년 자격증 응시료 지원(1인 연 20만원 이내 응시료 실비지원 / 지원 횟수 제한 없음),        ,        ,"○ 다음 조건을 모두 만족하는 사람
  - (연령기준) 시험 응시일 기준 19세 이상 ~ 39세 이하인 청년
    ※ 시험 응시 당일 39세 이하였다면, 신청 시점에 40세가 되었더라도 지원 가능
  - (거주기준) 신청일 기준 고성군에 연속하여 1년 이상 거주(주민등록) 중인 자
  - (취업여부) 응시일부터 신청일까지 미취업 상태인 자(고용보험 미가입 및 사업자미등록)
    ※ 고용보험 가입 3개월 이하 또는 주 30시간 이하 단기근로자, 공공근로자 가능
  - (응시상태) 2026. 1. 1.이후 시행된 자격증 시험 실응시자

고성군 공고 제2026-100호","※ 신청일 기준 10일 이내 발급한 서류만 인정
[필수서류]
1. 응시료 지원 신청서 1부.
2. 유의사항 확인서 1부.
3. 개인정보 수집·이용·제공동의서 1부.
4. 주민등록초본(뒷자리 숨김) ※ 최근 5년 발생일 및 신고일 포함
5. 고용보험 피보험 자격이력내역서(미취업 여부 확인)
6. 사실증명(사업자등록사실 여부 확인)
7. 본인 응시 사실 확인자료(응시확인서 또는 성적증명서)
8. 응시료 결제 영수증(실제 금액 표기) ※ 실비 지급
9. 통장 사본(신청자 본인 명의)

[선택서류]
10. 근로계약서 1부.
※ 고용보험 가입 3개월 이하 및 주 30시간 이하 단기근로자, 공공근로자일 경우 제출
※ 근로계약서가 없을 경우 계약기간 및 근로시간, 공공근로를 증명할 수 있는 증명서 제출 ",본인 직접 방문 제출(고성군청 경제체육과 일자리육성팀),https://www.gwgs.go.kr/prog/saeolGosi/GOSI/kor/sub04_030401/list.do,main,primary,2026년고성군미취업청년자격증응시료지원,강원특별자치도고성군,,일자리,취업
youth,20260422005400212868,서귀포시 청년농업인 영농정착 지원,"영농초기 소득이 불안정한 청년농업인에게 영농정착지원금과 영농 교육, 컨설팅 등을 연계 지원하고 젊고 유능한 인재의 농업분야 진출을 촉진하고 건실한 경영체로 성장 및 유도",인력/일자리,제주특별자치도 서귀포시 농수축산경제국 친환경농정과,제주특별자치도경제통상진흥원 경영본부 청년센터,0013008 | 0049010,"농업인,청년",만 18세 ~ 만 39세,18,39,,"소득조건코드=0043003 / 소득범위=0~0 / 25년 건강보험료 기준 직장가입 311천원, 지역가입 269천원 이상 제외",,"- 대상: 18세 이상~ 40세 미만 독립경영 3년 이하 청년농업인
- 독립경영 청년에 영농정착지원금 월별 지급
- (1년차) 110만원, (2년차) 100만원. (3년차) 90만원
- 융자지원: 농지·시설 마련 및 기타자금(비료·묘목·농기계 구입 등) 5억원 융자
- 전달체계: 사업신청 → 서면·면접심사 → 대상자선정 → 지원금 지급 및 의무사항 이행점검",20251105 ~ 20251211,20261231,농식품부 선발 일정 및 선발 규모에 따라 신청 시기 및 선발인원이 달라질 수 있음..,,"농업e지시스템으로 온라인 신청‧접수
(농식품부 사업신청 공모 시 신청 가능)
사업신청 → 서면·면접심사 → 대상자선정 → 지원금 지급 및 의무사항 이행점검

- 교육이수(필수: 1년차-28H, 2~3년차-각 8H, 선택: 최대 72H)
- 재해보험
- 자조금 가입
- 경영장부 기록 및 영농계획이행
- 전업적 영농유지
- 의무영농기간 준수(지원금 지급 기간만큼)",https://www.nongupez.go.kr/nsm/main,main,primary,서귀포시청년농업인영농정착지원,제주특별자치도서귀포시농수축산경제국친환경농정과,20251105 ~ 20251211~20261231,일자리,창업
youth,20260422005400212865,서귀포시 대학생·청년 아르바이트,대학생 및 청년에게 동·하계 방학 동안 시정참여를 통한 진로탐색 기회 및 학비마련의 기회를 제공,인력/일자리,제주특별자치도 서귀포시 자치행정국 기획예산과,제주특별자치도경제통상진흥원 경영본부 청년센터,"0013003 | 0049004,0049005",청년,만 19세 ~ 만 39세,19,39,,소득조건코드=0043001 / 소득범위=0~0,,"- 대상: 공고일 현재 본인 또는 부모가 서귀포시에 주민동록이 되어있는 재(휴)학 대학생 또는 청년
- 대상인원: 212명(동계 106명, 하계 106명)
- 주요내용: 배치부서 업무 특성에 따른 행정업무 지원
- 전달체계: 직접사업",20260601 ~ 20260601,,- 공고일 현재 본인 또는 부모가 서귀포시에 주민동록이 되어있는 재(휴)학 대학생 또는 청년,,인터넷 접수(서귀포시 홈페이지 → 시민참여 → 아르바이트 모집),https://www.seogwipo.go.kr/group/selfgoverning/planning/job/summary.htm,main,primary,서귀포시대학생청년아르바이트,제주특별자치도서귀포시자치행정국기획예산과,20260601 ~ 20260601~,일자리,취업
youth,20260422005400212860,탐나는 디지털 창작소 운영사업,"ㅇ (목적) 예비창업자 초기 육성 기반 마련
ㅇ (대상) 예비창업자 및 학생 등
ㅇ (주요내용) 창업으로 연계될 수 있는 아이디어 공간 제공 및 디지털 장비교육 등 사업화 지원
ㅇ (전달체계) 공기관대행사업(제주경제통상진흥원)",인력/일자리,제주경제통상진흥원,제주특별자치도경제통상진흥원 경영본부 청년센터,0013010 | 0049010,청년,만 0세 ~ 만 0세,,,,소득조건코드=0043001 / 소득범위=0~0,,"ㅇ (지원대상) 예비창업자 및 학생 등
ㅇ (지원내용) 창작공간 제공 및 디지털 장비교육, 시제품 제작 사업화 지원",20260101,20261231,,,"ㅇ 팹랩제주 홈페이지를 통해 신청(연중수서)
ㅇ  문의처 : 064-710-3903(소상공인과), 064-805-3357(제주경제통상진흥원)",https://fablabjeju.org/,main,primary,탐나는디지털창작소운영사업,제주경제통상진흥원,20260101~20261231,일자리,창업
youth,20260422005400212859,서귀포시 스타트업베이 운영,"○(목적) 서귀포시 우수 스타트업 발굴 및 육성으로 일자리 창출 도모
○(대상) 서귀포시 관내 예비 및 초기창업자
○(주요내용) 기업 입주공간 제공, 스타트업 성장단계별 엑셀러레이팅 등 지원",인력/일자리,제주특별자치도 서귀포시 농수축산경제국 경제일자리과,제주특별자치도경제통상진흥원 경영본부 청년센터,0013006 | 0049010,"스타트업,청년",만 19세 ~ 만 39세,19,39,,소득조건코드=0043001 / 소득범위=0~0,,"○ 독립형 또는 공동형(4인1실) 사무공간 무상지원
○ 코워킹 공간, 회의실 제공
○ 사업단계별 프로그램 및 맞춤 멘토링 지원
○ 사업화 성장 프로그램",20261201 ~ 20261231,20261231,"○ 매년 12월 경 익년도 입주기업을 선발하며, 기존 입주기업 연장평가 후 잔여 공간에 대해 신규모집 진행함.
○ 입주일 기준 2개월 이내 서귀포시 지역 또는 서귀포시 스타트업베이로 주소지 이전 필수",,서귀포시 스타트업베이 홈페이지 게시물 내 ‘신청하기’를 통해 신청서 작성 및 제출,https://startupbay.or.kr/,main,primary,서귀포시스타트업베이운영,제주특별자치도서귀포시농수축산경제국경제일자리과,20261201 ~ 20261231~20261231,일자리,창업
youth,20260422005400212858,브릿지보증 (실패보장제) 강화,폐업한 자영업자의 전액 일시상환 의무를 완화하여 재기 기회를 제공하고 기존 대출금의 정상상환 유도,인력/일자리,제주특별자치도 소상공인과,제주특별자치도경제통상진흥원 경영본부 청년센터,0013010 | 0049010,청년,만 0세 ~ 만 0세,,,,소득조건코드=0043001 / 소득범위=0~0,,"보증업체가 폐업한 경우에도, 지속해서 보증을 이용할 수 있도록 하여 상환 부담 완화하고 재기 기회 제공 및 기존 대출금의 정상 상환 유도",20260101,20261231,,,"제주신용보증재단을 「보증드림 APP」을 통한 신청 
1. ‘보증드림’ APP 신청
2. 제주신용보증재단 선택
3. 회원가입 및 로그인
4. ‘신용보증 신청하기’ 클릭
5. 신청서 작성 

문의처 : 본점(064-740-4812~7), 서귀포지점(064-733-8133), 동제주지점(064-758-8020)",https://www.jcgf.or.kr/index2.php,main,primary,브릿지보증실패보장제강화,제주특별자치도소상공인과,20260101~20261231,"일자리,일자리","창업,취업"
youth,20260422005400212856,제주시 청년농업인 영농정착 지원사업,"영농정착지원금 지급 및 창업자금, 기술‧경영 교육, 컨설팅, 농지은행 사업 등 연계지원을 통해 건실한 경영체로 성장 유도",인력/일자리,제주시,제주특별자치도경제통상진흥원 경영본부 청년센터,0013008 | 0049010,"농업인,청년",만 18세 ~ 만 39세,18,39,,소득조건코드=0043003 / 소득범위=0~0 / 본인세대 건강보험료 부과 기준 중위소득 140%이내(4인 기준),,"영농 초기 소득이 불안정한 청년농업인을 선정, 최장 3년간 월 최대 110만원의 영농정착지원금 지급

- 대상: 18세 이상~ 40세 미만 독립경영 3년 이하 청년농업인
- 독립경영 청년에 영농정착지원금 월별 지급
- (1년차) 110만원, (2년차) 100만원. (3년차) 90만원
- 융자지원: 농지·시설 마련 및 기타자금(비료·묘목·농기계 구입 등) 5억원 융자
- 전달체계: 사업신청 → 서면·면접심사 → 대상자선정 → 지원금 지급 및 의무사항 이행점검",20251105 ~ 20251211,20261231,농식품부 선발 일정 및 선발 규모에 따라 신청 시기 및 선발인원이 달라질 수 있음.,,"농업e지시스템으로 온라인 신청‧접수
(농식품부 사업신청 공모 시 신청 가능)",https://www.nongupez.go.kr/nsm/main,main,primary,제주시청년농업인영농정착지원사업,제주시,20251105 ~ 20251211~20261231,일자리,창업
youth,20260422005400212852,구직자 취업역량강화 프로그램 운영,"취업에 어려움을 겪고 있는 일반구직자, 청년 등을 대상으로 취업의욕을 고취시키고 구직기술 향상을 위한 프로그램 운영",인력/일자리,제주특별자치도 경제활력국 고용센터,제주특별자치도경제통상진흥원 경영본부 청년센터,0013010,청년,만 0세 ~ 만 0세,,,,소득조건코드=0043001 / 소득범위=0~0,, 도내 구직자들이 자기탐색 및 진로지도 등을 통해 취업역량 강화 도모 ,20260303,20261231,* 고용센터 0647104223,,고용센터 및 위탁기관을 통한 전화 및 방문신청,https://www.work.go.kr/jeju/main.do,main,primary,구직자취업역량강화프로그램운영,제주특별자치도경제활력국고용센터,20260303~20261231,일자리,취업
youth,20260422005400212850,‘빛나는 제주 청년희망 대출’ 이차보전,제주도 내 청년층의 실질적 금융부담 경감을 위해 NH농협은행 제주본부와 협약하여 융자 지원을 통한 청년 맞춤형 저금리 대출 실행,복지/문화,제주특별자치도 경제활력국 경제정책과,제주특별자치도경제통상진흥원 경영본부 청년센터,0013001 | 0049010,청년,만 19세 ~ 만 39세,19,39,,소득조건코드=0043002 / 소득범위=0~0,,"ㅇ지원대상: 연소득 4,500만원 이하, 재직기간 1개월 이상의 도내 근로소득 청년(만19~39세)
ㅇ대출한도: 신규대출 1,000만원, 대환대출 2,500만원(단, 기존대출 잔액 이내)
ㅇ지원내용: 대출금리의 이자차액 보전  *보전금리: 1~3신용등급 3%, 4~9신용등급 4%
",20260101,20261231,"대출 가능 여부, 관련 서류 등에 대한 판단은 NH농협은행의 내부규정에 따르므로, NH농협은행 제주본부 또는 지점을 방문하여 상담 받으실 것을 권장드립니다.",,NH농협은행 제주본부 또는 지점 방문하여 대출가능 여부 상담 후 융자지원 신청,https://plus.gov.kr/portal/benefitV2/benefitTotalSrvcList/benefitSrvcDtl?svcSeq=2154016&bnefType=all&svcId=650000001131,main,primary,빛나는제주청년희망대출이차보전,제주특별자치도경제활력국경제정책과,20260101~20261231,금융･복지･문화,취약계층 및 금융지원
youth,20260422005400212849,하영드림 주택마련 지원,신혼부부 및 자녀출산 가구의 내 집 마련을 위한 주택 구입자금 대출이자 지원으로 주거비 부담 완화 및 맞춤형 주거복지 체계 구축,주거,제주특별자치도,제주특별자치도경제통상진흥원 경영본부 청년센터,0013010 | 0049010,청년,만 0세 ~ 만 0세,,,,"소득조건코드=0043003 / 소득범위=0~0 / 정부지원 대출(1억원), 민간은행 대출(1.3억원 이내)",," ❍ (지원대상) 주택 구입자금 대출을 받은 신혼부부·자녀출산 가구(7년 이내)
 ❍ (지원내용) 대출이자 최대 1.5%*(3억원 이내)
              * 신혼부부(0.2%), 1자녀(0.8%), 2자녀 이상(0.5%)
 ❍ (주택기준) 전용면적 85㎡ 이하·6억원 이하 주택
 ❍ (소득기준) 대출 유형에 따라 소득기준 차등 적용
    - 정부 지원 대출* 받은 경우: 부부합산 연소득 1억원 이내
    - 민간은행 대출 받은 경우: 부부합산 연소득 1억 3천만원 이내
     * 신생아특례, 보금자리론, 디딤돌 대출 등 정부에서 정책적으로 지원하여 낮은 금리로 대출 받은 경우
 ❍ (사 업 량) 646가구",20260501 ~ 20260630,20260630,,,(온라인) 정부24,https://plus.gov.kr/portal/benefitV2/benefitTotalSrvcList/benefitSrvcDtl?svcSeq=2146116&bnefType=all&svcId=650000001122,main,primary,하영드림주택마련지원,제주특별자치도,20260501 ~ 20260630~20260630,주거,전월세 및 주거급여 지원
youth,20260422005400212848,3만원 주택,"신혼부부·자녀출산 가구의 주거비 부담 완화를 위해 공공임대주택 임대료 지원을 통한 
주거안정 도모 
※ 지원대상: 모든 세대원이 무주택자로 제주도 소재 공공임대주택에 입주하고 있는(혹은 입주 예정인)자로 공공임대주택 임대차 계약을 완료한 자(계약자 본인만 신청가능)",주거,제주도청 주택토지과,제주특별자치도경제통상진흥원 경영본부 청년센터,0013010 | 0049010,청년,만 0세 ~ 만 0세,,,,소득조건코드=0043003 / 소득범위=0~0 / 전년도 도시근로자 가구원수별 월평균 소득을 기준 130%이하 (맞벌이부부 200%이하),,공고일기준 공공임대주택 입주자의(예정자 포함) 월임대료 중 3만원(본인부담액)을 제외한 모든 금액(원 단위 절하),20260318 ~ 20260430,20261231,"➊ (소득) 전년도 도시근로자 월평균 소득 100% 이하 (맞벌이 부부 120%이하),   
             * 2인가구인 경우 110% (맞벌이 130%이하) 
    ⟹ 신청인이 속한 가구의 최근 3개월 평균 건강보험료 납부금액 기준으로 판정
 ➋ (주택) 「공공주택 특별법 시행령」제2조에 따른 공공임대주택 
    ※ 단, 분양전환형 공공임대 등 지원 불가
 ➌ (신혼부부 혹은 자녀출산 가구) 
   - 신혼부부: 2025년 기준 2018. 1. 1. 이후 혼인신고 하여 계속 혼인을 유지하는 자 
   - 자녀출산가구: 2026년 기준 막내 자녀 2019. 1. 1. 이후 출생  
       ※ 신혼부부로 신청 시 계속하여 혼인관계를 유지하여야 함
       ※ 막내자녀 출생신고 기준이므로 추가 자녀 출산 시 지원 기간 연장
       ※ 자녀에는 태아는 미포함이며, 입양아는 포함됨.
       ※ 해당자는 매년신청 필요, 분기별 심사 후 지급 대상자 선정함  

정부24 → “제주 3만원 주택”검색 후 신청 (https://plus.gov.kr/)",,정부24 → “제주 3만원 주택”검색 후 신청 (https://plus.gov.kr/),https://plus.gov.kr/portal/benefitV2/benefitTotalSrvcList/benefitSrvcDtl?svcSeq=2143516&bnefType=all&svcId=650000001121,main,primary,3만원주택,제주도청주택토지과,20260318 ~ 20260430~20261231,주거,전월세 및 주거급여 지원
youth,20260422005400212847,공공주택 임대차보증금 지원사업,주택 및 전월세 가격이 상승으로 인해 주거약자의 주거비 부담 증가하여 임대차 보증금 지원을 통해 주거약자 등에 대한 주거권 확보 및 자립기반 조성 지원,주거,건설주택국 주택토지과,제주특별자치도경제통상진흥원 경영본부 청년센터,0013010 | 0049010,청년,만 0세 ~ 만 0세,,,,"소득조건코드=0043003 / 소득범위=0~0 / 공공임대주택을 공급하는 LH, 제주특별자치도개발공사, JDC에 문의",,기본 임대차보증금의 50% 이내지원,20260101 ~ 20261231,20261231,"퇴거 시 지원 보증금 반환 필요 
※ 공공임대주택을 공급하는 LH, 제주특별자치도개발공사, JDC 문의",,주택토지과 방문 접수,https://www.jeju.go.kr/city/welfare/leasedeposit.htm,main,primary,공공주택임대차보증금지원사업,건설주택국주택토지과,20260101 ~ 20261231~20261231,주거,전월세 및 주거급여 지원
youth,20260422005400212846,제주 청년 희망충전 월세 지원,청년층의 주거비 부담경감을 위해 부모와 별도 거주하는 35세~39세 이하의 무주택 청년 세대주에게 임차료 월 최대 20만원 지원,주거,제주특별자치도,제주특별자치도경제통상진흥원 경영본부 청년센터,0013010 | 0049010,청년,만 35세 ~ 만 39세,35,39,,소득조건코드=0043001 / 소득범위=0~0,," ❍ (지원대상) 우리 도에 주소를 두고 부모와 별도 거주하는 35세~39세 이하의 무주택 청년 세대주
 ❍ (소득요건) 기준 중위소득 60% 이하
 ❍ (지원내용) 임차료 월 20만원 이하 지원(최대 12개월 / 240만원)
 ❍ (사 업 량) 250가구",20260101,20261231,"19~34세는 국토부 청년월세 지원 사업
35~39세는 제주 자체사업인 제주 청년 희망충전 월세 지원 사업",,"(온라인) 정부24
(방  문) 읍·면·동 주민센터",https://plus.gov.kr/portal/benefitV2/benefitTotalSrvcList/benefitSrvcDtl?svcSeq=2130316&bnefType=all&svcId=650000001119,main,primary,제주청년희망충전월세지원,제주특별자치도,20260101~20261231,주거,전월세 및 주거급여 지원
youth,20260422005400212843,소규모 농가 경영안정 지원사업,"· 「공급망 위험 대응을 위한 필수농자재등 지원에 관한 법률」 제정에 따라 시행 전까지 농가 경영비 부담 완화 도모 위함
· 소규모 농가 중심의 영농자재 지원을 통한 농가경영 안정 및 지속가능한 영농환경 조성",인력/일자리,제주특별자치도,제주특별자치도경제통상진흥원 경영본부 청년센터,0013010 | 0049010,청년,만 19세 ~ 만 45세,19,45,,소득조건코드=0043001 / 소득범위=0~0,,"영농활동에 필요한 농기자재* 구입비 농가당 최대 150천원 지원
 * 비료, 농약, 종자, 농업용 보조(안전)용품, 500천원 이하 소모성 농기구 구입 가능
  ※ 단, 농·감협에서 구입한 품목에 한하며 농기계등 시설장비(500천원 초과), 부과세 환급 품목, 면세유는 대상품목 제외",20260203 ~ 20260223,20261231,"※ 지원규모: 별도 기준에 따라 심사
※ 지원순위에 따라 지원예정임
(1순위) 품목별 자조금 가입 청년농업인
(2순위) 품목별 자조금 가입 0.5ha 이하의 소규모 농가 경영주
(3순위) 1,2순위에 해당하지 않는 청년농 및 소규모 농가 경영주
 ※ ① 자조금 미가입 품목 청년농 → ② 자조금이 없는 품목 0.5ha 이하 소규모 농가 재배 농가 순으로 결정
(4순위) 본 보조사업을 지원받은 이력(`23~`25)이 있는 농가",,주소지 읍·면 사무소 및 동 주민센터,https://www.jeju.go.kr/index.htm,main,primary,소규모농가경영안정지원사업,제주특별자치도,20260203 ~ 20260223~20261231,일자리,취업
youth,20260422005400212842,청년동행 일자리 우수기업 지원사업,지역 내 임금·복지수준과 일-가정 양립이 우수한 기업을 발굴하여 일자리 우수기업 선정 및 지원,인력/일자리,제주특별자치도청,제주특별자치도경제통상진흥원 경영본부 청년센터,0013001 | 0049010,청년,만 18세 ~ 만 39세,18,39,,소득조건코드=0043001 / 소득범위=0~0,,"지역 내 임금·복지수준과 일-가정 양립이 우수한 기업을 발굴하여 일자리 우수기업 선정 및 지원
 - 주택임차금, 정착지원금, 교통비, 자녀돌봄지원금 중 택3
 - 육아휴직 지원금, 장기근속 축하금, 건강검진비, 결혼축하금(출산, 입양, 육아휴직 복귀)
 - (기업) 구내식당, 신규 채용장려금, 사업 담당자 인센티브, 청년 육아휴직자 고용 인센티브 등
3월 예정된 공고 전까지 변경 가능",20260316 ~ 20260410,20270531,,,"○ 방문접수
제주특별자치도 노동일자리과(064-710-3795)
제주시 신대로 63, 205호",https://www.jeju.go.kr/news/news/law/jeju2.htm#A_65447,main,primary,청년동행일자리우수기업지원사업,제주특별자치도청,20260316 ~ 20260410~20270531,일자리,취업
youth,20260422005400212841,평생교육이용권 지원사업,만 19세 이상 39세 이하(1987.1.1.부터 2007.12.31.까지 출생한 자) 제주특별자치도에 주소를 둔 제주도민에게 평생교육이용권 지원(1인당 35만원),교육/멘토링,제주특별자치도 문화체육교육국 교육정책협력과,제주특별자치도경제통상진흥원 경영본부 청년센터,0013010 | 0049010,청년,만 19세 ~ 만 39세,19,39,,소득조건코드=0043001 / 소득범위=0~0,,평생교육강좌 수강료 및 해당 강좌 수강에 필요한 교재비에 사용할 수 있는 평생교육이용권 지원(1인당 35만원),20260408 ~ 20260421,20261231,추후 공고문 참고,,"제주평생교육이용권 누리집(www.lllcard.kr/reg/jeju)에서 신청

※ 2차 공고문: https://www.jiles.or.kr/community/notice/notice.htm?seq=11217&act=view
(모집기간: 4/8~4/21 18:00)",https://www.lllcard.kr/reg/jeju,main,primary,평생교육이용권지원사업,제주특별자치도문화체육교육국교육정책협력과,20260408 ~ 20260421~20261231,교육･직업훈련,미래역량강화
youth,20260422005400212840,청년 취업지원 희망프로젝트 사업,5인 미만 중소기업 만 15~39세 신규 채용 시 월 50~70만 원 지원,인력/일자리,제주특별자치도청,제주특별자치도경제통상진흥원 경영본부 청년센터,0013001 | 0049010,청년,만 15세 ~ 만 39세,15,39,,소득조건코드=0043003 / 소득범위=0~0 / 취저임금 및 생활임금 이상 최저임금의 180% 이하,,"5인 미만 중소기업 만 15~39세 신규 채용 시 6개월 이내 생애첫일자리(월 50만 원), 추가고용(월 70만 원), 더나은일자리(월 60만 원) 3가지 지원항목 중 하나 선택하여 신청하며, 1년 약정 후 더나은일자리로 1년 연장 가능
 - 일자리도약장려금 반려 등의 경우 예외적으로 5인 이상 중소기업도 신청 가능",20260101 ~ 20261231,20261231,,,"- 사업 참여 신청 1, 4, 7, 10월 11~20일
- 선정 후 지원금 신청 3, 6, 9, 12월 1~10일

○이메일 또는 방문
- 이메일 신청: 제주특별자치도 노동일자리과 담당자 이메일(dlrn34@korea.kr)
(온라인: 제주특별자치도 일자리 지원사업 통합플랫폼 → 청년 취업지원 희망프로젝트(https://www.jeju.go.kr/jejusupport/index.htm))
- 방문 신청: 제주시 신대로 63(연동), 205호 노동일자리과 상생일자리팀",https://www.jeju.go.kr/news/news/law/jeju2.htm#A_64342,main,primary,청년취업지원희망프로젝트사업,제주특별자치도청,20260101 ~ 20261231~20261231,일자리,취업
youth,20260422005400212839,제주 스타크리에이터 육성사업,"경쟁력 있는 앵커기업의 발굴·육성을 위한 로컬크리에이터의 성장과 도약 지원
*로컬크리에이터: 제주특별자치도 고유의 유ㆍ무형의 자원을 바탕으로 혁신적인 아이디어를 결합하여 차별화된 브랜드와 사업적 가치 등을 창출하는 자",인력/일자리,"제주특별자치도, 제주창조경제혁신센터",제주특별자치도경제통상진흥원 경영본부 청년센터,0013010 | 0049010,청년,만 0세 ~ 만 0세,,,,소득조건코드=0043001 / 소득범위=0~0,,"공개 선발 절차를 통해 선정된 유망 로컬크리에이터 기업을 성장시키는 데 필요한 제품 브랜딩·고도화, 마케팅 역량 제고 등의 사업 지원",20260306 ~ 20260406,,"064-710-3426, 064-760-1970

※ 사업별 세부내용이 상이함에 따라, 자세한 사항은 문의처로 문의하시기 바랍니다.",,THE 제주크리에이터 누리집을 통한 온라인 신청,https://jejucreator.kr,main,primary,제주스타크리에이터육성사업,제주특별자치도제주창조경제혁신센터,20260306 ~ 20260406~,일자리,취업
youth,20260422005400212838,제주 크리에이터 경제 생태계 확장사업,"제주만의 크리에이터 경제 생태계 구축 및 지속가능한 지역경제의 선순환 구조 조성
*로컬크리에이터: 제주특별자치도 고유의 유ㆍ무형의 자원을 바탕으로 혁신적인 아이디어를 결합하여 차별화된 브랜드와 사업적 가치 등을 창출하는 자",인력/일자리,"제주특별자치도, 제주창조경제혁신센터",제주특별자치도경제통상진흥원 경영본부 청년센터,0013010 | 0049010,청년,만 0세 ~ 만 0세,,,,소득조건코드=0043001 / 소득범위=0~0,,"로컬크리에이터 온오프라인 플랫폼 운영, 지역 특화 콘텐츠 및 크리에이터 네트워킹, 전국 단위 크리에이터 행사 개최 등",20260101 ~ 20260131,,"064-710-3427, 064-760-1970

※ 사업별 세부내용이 상이함에 따라, 자세한 사항은 문의처로 문의하시기 바랍니다.",,THE 제주크리에이터 누리집을 통한 온라인 신청,https://jejucreator.kr,main,primary,제주크리에이터경제생태계확장사업,제주특별자치도제주창조경제혁신센터,20260101 ~ 20260131~,일자리,취업
youth,20260422005400212837,탐라청년출발패키지 사업 (청년 전입 축하장려금),"2026. 1. 1.이후 타 시도에서 전입하는 19~39세 청년을 주민등록인구로 편입, 행정서비스 정책 당사자성 강화, 삶의 질 제고, 정주로 선순환 흐름 형성을 목적으로 사업 추진",복지/문화,제주특별자치도,제주특별자치도경제통상진흥원 경영본부 청년센터,0013010 | 0049010,청년,만 19세 ~ 만 39세,19,39,,소득조건코드=0043001 / 소득범위=0~0,,"* 신청요건을 충족하고 지급기준일(신청일의 다음달 15일) 주민등록 유지 시 탐나는전 모바일 충전, 전입신고 시 50%, 주민등록 6개월 경과시 50%
- (주민등록 기준) 2026. 1. 1.이후 제주도에 전입하고, 전입일 기준 1년 이내 제주도 주민등록 이력이 없어야 함
-(일반형) 2026. 1. 1. 이후 제주도로 최초 전입하는 경우
          (1차)전입축하 5만원  (2차) 주민등록 6개월 경과 시 5만원  
-(U턴형) 과거 연속 5년 이상 제주도에 주민등록한 이력이 있고, 전입일 이전 1년 이내 제주도 주민등록 이력이 없으면서 2026. 1. 1. 이후 제주도로 전입하는 경우
         (1차) 전입축하 10만원  (2차) 주민등록 6개월 경과 시 10만원  ",20260223 ~ 20261231,20261231,"자세한 사항은 공고문 참조
(제주도청 누리집-입법고시공고-탐라청년출발패키지)
https://www.jeju.go.kr/news/news/law/jeju2.htm#A_64526",,"- 정부24를 통한 온라인 신청만 가능
  * 정부24 누리집→ 로그인(본인 인증) → “탐라청년출발” 검색 → 신청 화면
- 개인정보 수집‧이용‧제공 및 행정정보공동이용 사전동의 필수 

  * 주민등록표초본 행정정보공동이용을 통해 담당자가 주소이력을 직접 확인하므로 증빙자료를 따로 제출하지 않음
- 전입축하금 1차 신청으로 2차 신청까지 함께 신청한 것으로 처리함(담당자가 행정정보공동이용을 통해 6개월 경과 여부 확인)    
- 신청 전 본인 명의의 탐나는전 앱 설치 또는 탐나는전 카드 발급 필수",https://plus.gov.kr/portal/benefitV2/benefitTotalSrvcList/benefitSrvcDtl?svcSeq=2161821&bnefType=all&svcId=650000001137,main,primary,탐라청년출발패키지사업청년전입축하장려금,제주특별자치도,20260223 ~ 20261231~20261231,금융･복지･문화,문화활동 및 생활지원
youth,20260422005400212834,보호종료아동 자립지원(자립수당 지급),자립준비청년(보호종료아동)에게 자립수당을 지급하여 보호종료 후 경제적 부담을 완화하고 복지향상을 통해 안정적인 사회정착 및 성공적 자립 기여,복지/문화,제주특별자치도,제주특별자치도경제통상진흥원 경영본부 청년센터,0013010 | 0049010,청년,만 18세 ~ 만 0세,18,,,소득조건코드=0043001 / 소득범위=0~0,,"아동양육시설, 공동생활가정, 가정위탁 등 보호종료일을 기준으로 과거 2년이상 연속으로 보호를 받은 아동 중 만18세가 되어 보호가 종료된 아동(= 자립준비청년 / 연령: 만18세~만24세)을 대상으로 1인당 월 50만원의 자립수당을 보호종료일로부터 매월 본인명의의 계좌 이체를 통해 지원(60회)",,,"064-728-2684(제주시청 주민복지과) / 064-760-6444(서귀포시청 여성가족과)
보호 조기 종료 후 원가정으로 복귀한 경우 또는 자립수당 신청 시 타 법령에 따라 자립지원수당 등을 지급받고 있는 경우 지원불가",,대한민국 국적을 보유하고 ｢주민등록법｣에 따른 주민등록번호가 정상적으로 부여된 자 중 주민등록소재지 읍면동 행정복지센터에 방문 신청 또는 복지로누리집에 접속하여 본인인증 후 온라인 신청,https://www.bokjiro.go.kr,main,primary,보호종료아동자립지원자립수당지급,제주특별자치도,,금융･복지･문화,취약계층 및 금융지원
youth,20260421005400212832,2026년 청년 희망디딤돌 통장사업 대상자 모집 공고,청년과 지자체가 공동 적립통장을 개설·운영하여 청년의 자산형성에 보탬이 되어 안정적인 미래 준비를 지원합니다.,복지/문화,전라남도 인구청년이민국 청년희망과,재단법인전라남도중소기업일자리경제진흥원,"0013001,0013002,0013004,0013005,0013007 | 0049010",청년,만 18세 ~ 만 45세,18,45,"① (연령) 공고일 기준 18세 이상 45세 이하인 자
             (1981.1.1.이후~2008.12.31.이전 출생자)
   ② (거주) 공고일 현재 전라남도내에 주민등록상 주소지를 둔 자
   ③ (자격) 노동자 또는 사업자 중 아래에 해당하는 자
     - (노동자) 상용직･임시직･일용직 등 유형에 관계없이 공고일 기준 이전 최근 6개월 동안 3개월(90일) 이상 노동경력이 있는 자
     - (사업자) 공고일 기준 6개월 이전에 개업하고, 3개월 이상 사업체를 운영 중인 자
   ④ (소  득) 가구소득인정액이 기준중위소득 120% 이하인 자",소득조건코드=0043002 / 소득범위=0~0,,"본인부담금(월 10만원) 적립 시, 동일금액 3년간 매칭 지원",20260420 ~ 20260508,20290731,"① (연령) 공고일 기준 18세 이상 45세 이하인 자
             (1981.1.1.이후~2008.12.31.이전 출생자)
   ② (거주) 공고일 현재 전라남도내에 주민등록상 주소지를 둔 자
   ③ (자격) 노동자 또는 사업자 중 아래에 해당하는 자
     - (노동자) 상용직･임시직･일용직 등 유형에 관계없이 공고일 기준 이전 최근 6개월 동안 3개월(90일) 이상 노동경력이 있는 자
     - (사업자) 공고일 기준 6개월 이전에 개업하고, 3개월 이상 사업체를 운영 중인 자
   ④ (소  득) 가구소득인정액이 기준중위소득 120% 이하인 자

신청기한 등 세부사항은 변경될 수 있으며, 자세한 사항은 담당자 문의","①  「청년 희망디딤돌 통장사업」자가진단표
② 「청년 희망디딤돌 통장사업」 참여 신청서
③ 신분증 사본
④ 개인정보 수집 및 이용 동의서
⑤ 사회보장급여 제공(변경) 신청서
⑥ 소득･재산 신고서
⑦ 주민등록등본, 가족관계증명서 각 1부
⑧ 노동경력 확인서류
⑧-1. 노동자 : 고용보험내역 또는 고용임금확인서 등
⑧-2. 사업자 : 사업자등록증명원 및 부가가치세 과세표준증명원 등
⑧-3. 국가근로장학생 : 근로내역증명서
⑨ 기타 추가서류(해당자만 제출) : 위임장, 부채확인서, 전월세계약서, 사용대차확인서 등","① 신청서류 접수(주소지 읍·면·동 행정복지센터 방문 또는 등기우편 신청)
② 자격요건 확인 및 대상자 확정(시·군 및 읍·면·동)
③ 선정자 공고 및 지원",https://www.jeonnam.go.kr/J0203/boardView.do?seq=23937&infoReturn=&menuId=jeonnam0203000000&displayHeader=&searchType=&searchText=&searchStDate=&searchEnDate=&pageIndex=1&boardId=J0203&displayHeader=,main,primary,2026년청년희망디딤돌통장사업대상자모집공고,전라남도인구청년이민국청년희망과,20260420 ~ 20260508~20290731,금융･복지･문화,취약계층 및 금융지원
youth,20260421005400212830,청년기업 창업두드림 보증료 제로사업,"ㅇ (목적) 청년 창업기업의 금융비용 부담 경감
ㅇ (대상) 청년 창업기업
ㅇ (주요내용) 도내 청년기업의 창업자금 창업두드림 특별보증시 보증수수료(0.5%) 면제
 (최초 2년, 1회)
ㅇ (전달체계) 출연(제주신용보증재단)",인력/일자리,제주신용보증재단,제주특별자치도경제통상진흥원 경영본부 청년센터,0013010 | 0049010,청년,만 19세 ~ 만 39세,19,39,,소득조건코드=0043001 / 소득범위=0~0,,"ㅇ (지원대상) 창업 후 3년 이내 청년(39세 이하) 소기업·소상공인으로 창업교육 이수한 업체 
ㅇ (지원내용) 창업 두드림 특별보증시 최초 1회(2년) 보증료(0.5%) 전액 지원",20260101 ~ 20261231,,,,"ㅇ 신용보증재단 홈페이지에서 상담예약 후 방문 상담 및 서류접수
ㅇ 지역보증드림 앱에서 원하는 지역신보를 선택해 상담신청 후 PC·모바일로 보증신청을 진행

ㅇ 문의처 : 064-710-3902(소상공인과), 064-750-4845(제주신용보증재단)",https://www.jcgf.or.kr/,main,primary,청년기업창업두드림보증료제로사업,제주신용보증재단,20260101 ~ 20261231~,일자리,창업
youth,20260421005400212827,청년농업인 수요자 맞춤형 영농정착 지원,"농촌지역 고령화에 대응하여 45세미만 젊은 농업인들이 농촌의 주역으로 조기에 정착 지원
농산업 지원을 통한 미래 주역의 청년농업인들의 성장기반을 조성하고 제주농업 경쟁력 제고",인력/일자리,제주특별자치도 농업기술원,제주특별자치도경제통상진흥원 경영본부 청년센터,0013010 | 0049010,"농업인,청년",만 19세 ~ 만 45세,19,45,,소득조건코드=0043001 / 소득범위=0~0,,"❍ 청년농업인들의 안정적인 성장지원을 위한 장비 등 지원 
※ 본 사업은 사업대상자 기 선정으로 인한 신청 불가",20250901 ~ 20251021,20261231,"청년농업인: 3년이상 제주특별자치도에 주소를 두고 거주하면서 신규 또는 부모님의 농업을 승계하여 
농업에 종사하는 19세 이상 45세 이하인 농업인 및 영농종합 대표가 청년농업인",,"온라인(제주농업기술원)

❍ 신청대상 제한: 도내 청년농업인 및 영농조합법인 대표가 청년농업인
  * 청년농업인: 3년이상 제주특별자치도에 주소를 두고 거주하면서 신규 또는 부모님의 
                농업을 승계하여 농업에 종사하는 19세 이상 45세 이하인 농업인
  * 신청자가 영농조합법인인 경우 대표가 청년농업인이어야 하며, 사업 추진 시 
    사후관리기간 동안 대표자가 유지 되어어 하며, 대표자 변경 시 사업비 환수

※ 청년농업인 CEO 아이디어 경진대회 선발자 대상으로 진행됨",https://agri.jeju.go.kr/,main,primary,청년농업인수요자맞춤형영농정착지원,제주특별자치도농업기술원,20250901 ~ 20251021~20261231,일자리,재직자
youth,20260421005400212825,청년농업인 육성,"영농의지와 역량을 갖춘 청년농업인 육성으로 고령화 대비 농업인력 구조 개선 기반 마련
청년농업인 육성을 위한 교육 프로그램 운영을 통한 농업경영체로의 성장 유도",교육/멘토링,제주특별자치도 농업기술원,제주특별자치도경제통상진흥원 경영본부 청년센터,0013010 | 0049010,"농업인,청년",만 19세 ~ 만 45세,19,45,,소득조건코드=0043001 / 소득범위=0~0,,"❍ 청년농업인 학교
  - 교육기간: 2026년 4월 ~ 7월
  - 교육계획: 6회 18시간~24시간 이내(1회당 3~4시간 이내)
  - 교육인원: 청년농업인 20명 * 1순위)도내 청년농업인 2순위)교육을 희망하는 자
  * 청년농업인: 3년이상 제주특별자치도에 주소를 두고 거주하면서 신규 또는 부모님의 
                 농업을 승계하여 농업에 종사하는 19세 이상 45세 이하인 농업인
   - 교육내용
    ․ 농정시책(1): 농지은행제도, 농업경영체 및 공익직불금 소개
    ․ 농사기초(1): 토양의 이해 및 비료저감, 병해충 방제, 농약사용기초, 농업미생물 활용방법 
    ․ 감귤 재배기술 교육(1): 만감류 ‧ 노지감귤 재배기술 교육
    ․ 원예작물 재배기술 교육(1): 인경채류 ‧ 양채류 등 재배기술 교육
    ․ 현장실습 교육(1): 농업기술원 실증 포장 및 청년농 과원 방문 등 
    ․ 기타 교육(1): 제주DA 제주농업 디지털 전환, 종자분쟁 및 품종보호법, 농업전기 기초 및 안전교육
  * 위 교육기간 및 내용은 일정 및 강사 섭외 등 사정에 의해 변경되거나 취소될 수 있음.

❍ 청년농업인 영농문제 해결 스터디 그룹
  - 사업기간: 2026년 4월 ~ 11월
  - 운영횟수: 그룹당 15회 내외 * 월별 1~2회 내외(회당 최대 4시간 이내) 자율적 운영
  - 가입문의: 농업기술원 기술지원조정과(064-760-7524)",20260408 ~ 20260420,        ,"❍ 신청대상 제한: 1순위)도내 청년농업인 2순위)교육을 희망하는 자
  * 청년농업인: 3년이상 제주특별자치도에 주소를 두고 거주하면서 신규 또는 부모님의 
                농업을 승계하여 농업에 종사하는 19세 이상 45세 이하인 농업인
  * 1순위 접수인원 미달 시 2순위 접수 가능",,"방문(공휴일 제외, 근무시간 내) 또는 온라인 접수

※ 2026년 미래농업의 주역 청년농업인 학교 교육(4/8~4/20)
https://agri.jeju.go.kr/agri/farminginfo/education/agri.htm?act=view&seq=771",https://agri.jeju.go.kr/agri/index.htm,main,primary,청년농업인육성,제주특별자치도농업기술원,20260408 ~ 20260420~,교육･직업훈련,미래역량강화
youth,20260421005400212823,국민취업지원제도,"15~69세 이하 저소득 구직자, 청년, 중장년층 등 취업취약계층을 대상으로 취업지원서비스와 소득지원을 함께 제공하는 ‘한국형 실업부조’ 제도",인력/일자리,제주특별자치도 경제활력국 고용센터,제주특별자치도경제통상진흥원 경영본부 청년센터,0013003 | 0049010,청년,만 15세 ~ 만 69세,15,69,,"소득조건코드=0043003 / 소득범위=0~0 / Ⅰ유형 중위소득60%이하, 중위소득120%이하 / Ⅱ유형 소득,재산무관",,"소득·재산·취업경험에 따라 취업지원서비스와 구직촉진수당을 지원하는 Ⅰ유형, 취업지원서비스와 취업활동비용을 지원하는 Ⅱ유형으로 구분
(공통) 심층상담, 직업훈련, 일자리정보 제공 등 취업지원서비스
(Ⅰ유형) 취업활동계획에 따른 구직활동 이행시 월 60~100만원*, 6개월 지원
   *부양가족(18세이하, 70세 이상, 중증장애인)1인당 10만원씩 추가
(Ⅱ유형) 취업활동비용 최대 35만원 지원
(취업성공수당) 중위소득 60%이하인 자 및 특정계층 참여자, 최대 150만원 지원",20260101,20261231,"소득·재산·취업경험에 따라 참여요건(Ⅰ·Ⅱ유형)이 있으며, 최근2년이내 100일 이상 취업경험이 없거나, 청년 중 중위소득 60~초과~120%이하 가구일 경우 예산상황에 따라 Ⅰ유형으로 지원되지 않을 수 있음.",,"(오프라인) 고용센터 방문
- 제주시 : 제주시 중앙로 165, 2층 (제주시)064-710-4592~3,
- 서귀포시 : 서귀포시 동홍로 186, 4층 (서귀포시) 064-710-4594
(온라인) 고용24홈페이지-취업지원-국민취업지원제도-취업지원신청

",https://www.work24.go.kr/cm/main.do,main,primary,국민취업지원제도,제주특별자치도경제활력국고용센터,20260101~20261231,일자리,취업
youth,20260421005400212822,청년 희망이음 일자리(청년인턴)사업,"○(대상) 서귀포시 관내 미취업 청년층(19세~39세)
○(목적) 서귀포시 관내 미취업 청년층에게 공공분야 일자리를 통해 직무경험 제공
○(주요내용) 미취업 청년층에게 공공부문 일자리를 발굴, 제공하여 직무 경험을 제공하고 사회 진출 자립기반 마련",인력/일자리,제주특별자치도 서귀포시 농수축산경제국 경제일자리과,제주특별자치도경제통상진흥원 경영본부 청년센터,0013003 | 0049010,청년,만 19세 ~ 만 39세,19,39,,소득조건코드=0043001 / 소득범위=0~0,,"○사업 신청자의 범위: 사업공고일 현재 서귀포시에 주소를 둔 미취업 청년(19세~39세)
○근무조건
  - 근무시간: 주40시간 이내(1일 8시간 이내)
  - 임    금: 2026년도 제주특별자치도 생활임금 적용(시급 12,110원), 4대보험 가입",        ,        ,"각 사업별로 채용기간 및 사업기간이 상이하므로 서귀포시청 홈페이지 채용공고 확인
※ 채용 인원은 내부 계획에 따라 달라질 수 있음",,각 사업별 해당부서 방문 접수,https://www.seogwipo.go.kr/info/news/job/job.htm,main,primary,청년희망이음일자리청년인턴사업,제주특별자치도서귀포시농수축산경제국경제일자리과,,일자리,취업
youth,20260421005400212820,제주시 취업준비 청년 자격증 등 응시료 지원사업,"ㅇ (목적) 취업준비 청년들의 자격증 등 응시료 지원을 통해 제주시 청년 취업역량 강화 및 경쟁력 제고
ㅇ (주요내용) 취업준비 청년들의 자격증 등 응시료 실비 지원(1인 최대 10만원)
ㅇ (전달체계) 지원사업 공고 → 신청접수 및 지원",인력/일자리,제주특별자치도 제주시 자치행정국 기획예산과,제주특별자치도경제통상진흥원 경영본부 청년센터,0013003 | 0049010,청년,만 19세 ~ 만 39세,19,39,,소득조건코드=0043001 / 소득범위=0~0,,ㅇ 제주시에 주소지를 둔 미취업 청년(19~39세)을 대상으로 자격증 및 어학시험 등 자격증 응시료를 연 최대 10만 원 한도 내에서 실비 지원,20260209 ~ 20261210,20261210,"ㅇ 2026년 1월 1일 이후 실시한 자격증 시험에 한하여 응시료를 지원함.
ㅇ 신청은 반드시 시험 응시한 이후에 하여야 하며 시험 접수 상태에서는 신청 불가.",,제주시 누리집(https://www.jejusi.go.kr) → 홍보 배너 → 신청,https://www.jejusi.go.kr/participation/examfeeApply/receipt.do,main,primary,제주시취업준비청년자격증등응시료지원사업,제주특별자치도제주시자치행정국기획예산과,20260209 ~ 20261210~20261210,일자리,취업
youth,20260421005400212819,제주시 청년 글로벌기업 취업멘토링 콘서트,"ㅇ (목적) 취업을 준비하는 청년들에게 신성장산업 등 다양한 직무별 전문 멘토링과 특강 제공을 통한 실질적 취업역량 강화
ㅇ (주요내용) 기업 현직자와의 소규모 멘토링 및 특강 등 제공",인력/일자리,제주특별자치도 제주시 자치행정국 기획예산과,제주특별자치도경제통상진흥원 경영본부 청년센터,0013003 | 0049010,청년,만 19세 ~ 만 39세,19,39,,소득조건코드=0043001 / 소득범위=0~0,,"ㅇ 국내외 기업에 재직 중인 현직자가 멘토로 참여, 청년들에게 최신 채용 동향과 직무에 필요한 역량에 대한 실질적이고 현장감 있는 정보를 전달. 
ㅇ 멘토들은 청년들의 질문에 직접 답변하며 직무 맞춤형 상담 및 면접 준비 전략, 자기소개서 작성 방법 등 정보 제공.",20260101 ~ 20261231,20261231,,,제주시 누리집,https://www.jejusi.go.kr/index.ac,main,primary,제주시청년글로벌기업취업멘토링콘서트,제주특별자치도제주시자치행정국기획예산과,20260101 ~ 20261231~20261231,일자리,취업
youth,20260421005400212818,제주시 취업준비 청년 국내기업 견학 프로그램 행사,"ㅇ (목적) 도내에서 평소 접하기 힘든 국내기업 견학을 통해 취업을 준비하는 청년들에게 현장 중심의 취업 정보 제공
ㅇ (주요내용) 국내기업 견학 프로그램 행사 운영",인력/일자리,제주특별자치도 제주시 자치행정국 기획예산과,제주특별자치도경제통상진흥원 경영본부 청년센터,0013003 | 0049010,청년,만 19세 ~ 만 39세,19,39,,소득조건코드=0043001 / 소득범위=0~0,,"ㅇ 청년들은 국내기업을 방문하여 현직자와의 만남을 통해 기업 소개와 인재상, 채용정보 등을 직접 듣고 질의응답 시간을 통해 취업 준비와 경력 개발에 대한 진로 설계의 기회 마련",20260101 ~ 20261231,20261231,,,제주시 누리집,https://www.jejusi.go.kr/index.ac,main,primary,제주시취업준비청년국내기업견학프로그램행사,제주특별자치도제주시자치행정국기획예산과,20260101 ~ 20261231~20261231,일자리,취업
youth,20260421005400212817,한땀 프로젝트-청년과 함께하는 지속 가능한 문화 확산 프로그램,"생활에 필요한 수선, 기술 습득 기회 제공 및 지속가능한 의생활 문화 조성",복지/문화,제주특별자치도 서귀포시 문화예술과,제주특별자치도경제통상진흥원 경영본부 청년센터,0013010 | 0049010,청년,만 19세 ~ 만 39세,19,39,,소득조건코드=0043001 / 소득범위=0~0,,"- 대상: 서귀포시 관내 청년(19세 ~ 39세)
- 주요내용: 헌 옷을 활용한 손바느질 및 의류 리폼 프로그램 등 운영
- 전달체계: 직접운영",20260323 ~ 20260408,20261231,,,"ㅇ 방문 접수: 09:00~18:00(점심시간(11:30~12:30) 제외) / 문화예술과(서귀포시청 1청사 별관 6층)
ㅇ 전자우편: junho2617@korea.kr
※ 전자우편은 발송 후 반드시 확인 전화 요망
※ 자세한 사항은 서귀포시청 문화예술과 문의",https://seogwipo.go.kr/info/news/law/law.htm,main,primary,한땀프로젝트청년과함께하는지속가능한문화확산프로그램,제주특별자치도서귀포시문화예술과,20260323 ~ 20260408~20261231,금융･복지･문화,문화활동 및 생활지원
youth,20260421005400212816,대학일자리플러스센터(졸업생특화프로그램 포함) 운영,"재학생 및 졸업생, 지역청년들에게 체계적이고 다양한 진로 탐색을 통해 직무 역량에 기반한 맞춤형 진로·취업 서비스 제공",교육/멘토링,제주대학교 대학일자리플러스센터,제주특별자치도경제통상진흥원 경영본부 청년센터,0013010 | 0049010,청년,만 0세 ~ 만 0세,,,,소득조건코드=0043001 / 소득범위=0~0,,"◦ 진로취업 상담 / 비교과 프로그램 / 학생경력관리 시스템 / 진로취업 교과목국내외 일경험 / 대학일자리플러스센터, 졸업생 특화 프로그램 사업 운영
◦ 진로·취업 상담 지원 
  ❖ 제주대 포털(https://portal.jejunu.ac.kr) : 취업지원관 상담 신청‧관리
◦ 통합상담실 운영
   

진로취업 상담
- 개별 맞춤 진로취업 상담
- 직무별 입사지원서, 자기소개서 작성 및 유형별 면접 컨설팅
취업정보 제공
- 최신 채용 동향 및 기업(채용) 정보 제공
- 교내·외 취업 준비 프로그램 정보 제공
- 잡매칭, 취업 연계 등

◦ 졸업생 특화 프로그램 : 졸업생 및 지역청년 대상 진로취업 상담, 역량강화 교육, 기업탐방 등 맞춤 프로그램 운영",,,"◦ 제주지역 대학생, 취업준비생, 이전직자, 장기미취업자 등 청년이라면 누구든 진로취업을 위해 진로취업 맞춤 정보 및 서비스 제공 받을 수 있음
 ◦ 운영시간 : 월~금 09:00~18:00 (토, 일, 공휴일 휴무)
 ◦ 대학일자리플러스센터 위치 : 제주대학교 아라캠퍼스 글로벌하우스 1층",,"제주대학교 경력개발시스템(포털시스템) 등록 및 홍보자료 QR, 신청 링크 등
○ 상담
1. 제주대 포털 접속-로그인
2. 진로취업 상담 메뉴 찾기
   경력관리 메뉴 → 통합상담 → 진로취업 상담 선택 
3. 희망 취업지원관 선택
   희망 취업지원관 선택 → 일자 및 내용 등 입력 → 상담 신청
4. 상담 신청 확인 및 참여
   신청 상태 확인 후 참여 → 상담 후 만족도(취업지원관) 실시

○ 진로취업 프로그램
https://portal.jejunu.ac.kr 비교과 프로그램 또는 제주대학교 홈페이지 등 프로그램별 별도 신청 링크 활용하여 참여 가능

※제1회 제주공공기관 통합채용 취업아카데미 참여자 모집 안내(~6/15까지)
https://clip.jejunu.ac.kr/clip/supply/program.htm?act=view&seq=272838
※2026. JNU 해외취업 특별반 4기 연수생 모집(~4/20)
https://clip.jejunu.ac.kr/clip/supply/program.htm?act=view&seq=272879
※ 2026 취업동아리 모집(~4/24)
https://clip.jejunu.ac.kr/clip/supply/program.htm?act=view&seq=273120",https://clip.jejunu.ac.kr/clip/index.htm,main,primary,대학일자리플러스센터졸업생특화프로그램포함운영,제주대학교대학일자리플러스센터,,교육･직업훈련,미래역량강화
youth,20260421005400212815,대학생 천원의 아침밥 지원,고물가 시대에 도내 대학생이 질 좋은 아침 식사를 저렴한 가격에 이용할 수 있도록 학교에 비용을 지원하여 학생 건강 증진 도모,복지/문화,제주특별자치도,제주특별자치도경제통상진흥원 경영본부 청년센터,0013010 | 0049005,청년,만 0세 ~ 만 0세,,,,소득조건코드=0043001 / 소득범위=0~0,,"도내 대학(제주대, 한라대, 관광대) 학생이 본인 소속 학교 구내식당 이용 시 1천원에 아침 식사 가능",20260401 ~ 20261231,20261231,"제주대학교 064-754-4673
제주한라대학교 064-741-7519
제주관광대학교 064-740-8816",,"대학별 운영기간 및 시간 다름, 키오스크 또는 수기대장 이용
(제주대) 월~토(일요일, 공휴일 제외) 
        학기 중 7:30~9:20/ 방학 중 8:00~9:30
        학생생활관 1호관, 6호관 식당 및 학교 내 지정 편의점, 학생 인증 필요
(한라대) 월~금(토, 일, 공휴일, 방학 제외) 학기 중 8:00~9:30 학생식당, 학생 인증 필요
(관광대) 월~목(금,토, 일, 공휴일, 방학 제외) 학기 중 8:00~11:00 학교 기숙사 내 학생식당, 학생 인증 필요",https://www.jeju.go.kr/index.htm,main,primary,대학생천원의아침밥지원,제주특별자치도,20260401 ~ 20261231~20261231,금융･복지･문화,건강
youth,20260421005400212814,제주 런케이션 청년 유입 사업,"- 청년들의 제주 생활 만족도 상승에도 불구하고 제주의 청년 유출이 지속됨에 따라 청년의 제주 정주 경험 제공을 통한 긍정 이미지 확산 및 청년 유입 강화 필요
 - 도외의 청년층의 취·창업 탐색과 새로운 생활환경 경험에 대한 수요를 충족할 체류형 프로그램 필요
 - 제주 런케이션 한달살이 사업을 민간숙박시설로 확장하여 청년의 다양한 제주 경험 가능성 확장 및 지역경제 활성화 도모",복지/문화,제주관광공사,제주특별자치도경제통상진흥원 경영본부 청년센터,0013010 | 0049010,청년,만 19세 ~ 만 39세,19,39,,소득조건코드=0043001 / 소득범위=0~0,,"* 지원안(금액 및 세부내용 미정)
- 한달살이 프로그램 지원
- 숙박비 및 활동비 지원",20260415 ~ 20260503,20261231,※ 도외 청년 지원 사업,,"제주관광공사 문의

「2026 청춘 정거장 in 제주」 참가자 모집 공고(4/15~5/3 모집중)
https://ijto.or.kr/korean/Bd/view.php?btable=notice&bno=1456&p=1&lcate=

※ 추후 추가 기수 모집 예정",https://ijto.or.kr/korean/,main,primary,제주런케이션청년유입사업,제주관광공사,20260415 ~ 20260503~20261231,금융･복지･문화,문화활동 및 생활지원
youth,20260421005400212813,글로컬대학 지원 사업,"지역과 대학의 동반성장을 위한 교육부 공모사업인 글로컬대학에 선정된 제주대학교에서 
교육혁신을 통한 지역산업 맞춤형 인재 양성",교육/멘토링,제주특별자치도,제주특별자치도경제통상진흥원 경영본부 청년센터,0013010 | 0049009,청년,만 0세 ~ 만 0세,,,,소득조건코드=0043001 / 소득범위=0~0,,제주대학교 학생 대상 또는 도내 청년 대상 지역산업 맞춤형 인재 양성 프로그램 등 운영,20260401 ~ 20260421,20270228,,,"프로그램 모집과 운영이 시기별로 다르게 추진되어 시기별 별도 정보 제공 예정

※ 내외국인학생 생태문화 런케이션 '제주의 숲, 로컬의지혜' 프로그램 참가자 모집 (Korean/ English) (~4/21 18:00까지 모집중)
https://www.jejunu.ac.kr/ara/noticesurvey/outEvent.htm?q=%EA%B8%80%EB%A1%9C%EC%BB%AC&qType=title&category=&act=view&seq=272881",https://cms.jejunu.ac.kr/glocal/index.htm,main,primary,글로컬대학지원사업,제주특별자치도,20260401 ~ 20260421~20270228,교육･직업훈련,미래역량강화
youth,20260421005400212811,지역특화 청년 무역전문가 양성사업(GTEP),글로벌 무역 환경 변화에 대응할 수 있는 역량을 갖춘 청년 무역 전문 인력 양성으로 무역 인프라 구축 및 청년 일자리 창출,교육/멘토링,제주대학교 경상대학 무역학과,제주특별자치도경제통상진흥원 경영본부 청년센터,0013003 | 0049005,청년,만 0세 ~ 만 0세,,,,소득조건코드=0043001 / 소득범위=0~0,,"- FTA, 무역실무 등 기본교육과 전문교육
- 무역관련 자격증 취득 및 외국어 강좌 등 관련 인증취득 지원
- 도내 중소기업 등 산학협력업체와의 수출협력활동 진행 
- 전시박람회 참가 등 국내ㆍ외 현장마케팅 실습입력",20251103 ~ 20251128,20270331,"ㅇ 본 사업은 산업통상부 국가직접지원사업으로
  - 사업통상부는 무역업계의 요구에 부합하는 해외지역특화 무역인재를 공급하기 위해 (사)한국무역협회 무역아카데미에 위탁하여 추진함
ㅇ 3년 단위로 전국 4년제 대학을 대상으로 공모·선정(20개 대학) 함
  - 제주대학교는 ‘23년 말 공모신청 결과 선정되어 사업추진 중에 있음(사업기간: ‘24. 1. ~ 27. 3.)",,"제주대학교 지역특화청년무역전문가 양성사업 추진단 문의(064-754-3198)
",https://jejuyouthdream.com/policy/detail/40,main,primary,지역특화청년무역전문가양성사업gtep,제주대학교경상대학무역학과,20251103 ~ 20251128~20270331,교육･직업훈련,미래역량강화
youth,20260421005400212810,학자금 대출이자 및 신용회복 지원사업,"○ 제주 출신 대학생‧대학원생 학비 부담 경감을 위한 학자금 대출이자를 지원
○ 공고일 직전 학기에 발생한 한국 장학재단 학자금 대출이자 전액 지원
○ 학자금 대출로 인한 신용유의자로 취업 및 경제활동에 어려움을 겪고 있는 제주 거주 청년에게 초입금 지원을 통한 신용회복 지원",교육/멘토링,제주특별자치도,제주특별자치도경제통상진흥원 경영본부 청년센터,"0013010 | 0049005,0049006,0049007",청년,만 0세 ~ 만 0세,,,,소득조건코드=0043001 / 소득범위=0~0,,"<학자금 대출이자 지원사업>
○ 상반기: ~ 26.4.30.까지
○ 하반기-6월말 공고
❍ 지원대상
  - 국내 대학(원)* 재학생, 휴학생
  - 국내 대학(원) 졸업(중ㆍ자퇴, 수료 포함) 후 10년 이내의 자
     * 「한국장학재단 설립 등에 관한 법률」 제2조 제6호 가목부터 다목에 해당하는 고등교육기관
❍ 지원요건
  - ➀도내 고등학교를 졸업한 자 또는 ➁제주특별자치도에 주소지를 둔 자
  - 지원 신청 시 한국장학재단 학자금 대출을 이용 중인 자
❍ 지원내용 : 2010년 이후부터 한국장학재단을 통해 대출받은 학자금 대출에 따라 발생한 이자 중 지원 공고일 기준 직전학기에 발생한 이자 전액 지원
  ▸ 상반기: 2025년 하반기(’25. 7. 1. ~ 12. 31.) 발생한 대출이자 전액
  ▸ 하반기: 2026년 상반기(’26. 1. 1. ~ 6. 30.) 발생한 대출이자 전액
❍ 지원방법 : 대상자 확정 후 한국장학재단을 통해 개인별 대출 상환 계좌로 해당 이자액 입금
   ※ 본인 명의의 개인 금융계좌로는 입금되지 않음
   ※ 이자지원 이전에 전액 상환된 대출 건의 경우 이자지원 대상에서 제외됨

<신용회복 지원사업> 
○ ~ 2026.11.30.까지 신청
❍ 지원대상 :아래의 요건을 모두 충족하는 자
  - 신청일 기준 6개월 이전부터 계속하여 도내에 주민등록이 되어 있는 19세 이상 39세 이하의 청년
  - 한국장학재단 학자금대출 연체로 인해 신용유의정보에 등록된 자
❍ 지원내용 : 한국장학재단과의 분할상환약정 체결에 필요한 초입금 지원
❍ 지원방법 : 한국장학재단과의 분할상환약정 체결을 위해 선납하는 초입금을 지원하며, 납입 이후 정기 상환금은 본인 부담
  - 초입금 지원액: 채무금액의 10% 범위 내, 최대 100만 원 한도 지원
❍ 지원기준 : 1인 1회에 한하여 지원하며, 타 지자체 및 유관기관의 동일·유사 사업과 중복 지원 불가",20260128 ~ 20260430\N20260223 ~ 20261123,        ,"<학자금 대출이자>
○  신청한 내용이 정확하지 않은 경우 또는 구비서류의 내용 식별이 불가능할 시 지원 대상에서 제외될 수 있음
○ 행정정보공동이용 조회 및 개인정보 수집·이용에 동의하지 않는 경우 지원대상 확인이 불가하여 지원대상에서 제외될 수 있음
○ 신청인은 공고문의 내용을 충분히 숙지한 후 신청하여야 하며, 신청서에 기재한 정보(성명, 연락처 등)의 오기재로 인한 불이익은 신청인 본인의 책임으로 함
○ 허위 또는 기타 부정한 방법으로 신청한 사실이 확인될 경우 선정 취소 및 향후 동일 사업 신청 제한 등의 조치를 할 수 있음
○ 학자금 대출이자 지원을 받고자 하는 학생은 매학기마다 신청하여야 하며, 타 지자체 또는 타 사업을 통해 학자금 대출이자를 지원받은 경우에는 중복 지원이 불가함

<학자금 대출 신용회복>
○ 학자금 대출 신용회복 지원 사업은 온라인으로 신청ㆍ접수하며, 신청 내용이 사실과 다르거나 확인이 불가능한 경우 지원대상에서 제외함
○ 최종 지원대상자로 선정된 자는 대상자 통보 시 안내된 기간 내 한국장학재단을 통하여 분할상환약정을 체결하여야 하며, 기한 내 미체결 시 지원대상에서 제외함
○ 타 시ㆍ도 및 타 기관에서 동일 또는 유사한 내용으로 지원을 받은 경우에는 중복하여 지원하지 아니함",,"<학자금 대출이자>
정부24를 통한 온라인 신청
※ 신청경로: 정부24 접속 → ‘제주 학자금 대출이자’ 검색 후 신청하기 클릭 → 신청서 작성 및 증빙서류 업로드 → 개인정보제공 및 행정정보공동이용 동의 → 신청완료
※ 세부내용: https://plus.gov.kr/portal/benefitV2/benefitTotalSrvcList/benefitSrvcDtl?svcSeq=1002534&bnefType=all&svcId=650000000259

<학자금 대출 신용회복>
정부24(https://plus.gov.kr)을 통한 온라인 신청
※ 신청경로: 정부24 접속 → ‘제주 학자금대출 신용회복’ 검색 후 신청하기 클릭 → 신청서 작성 → 개인정보제공 및 행정정보공동이용 동의 → 신청완료
※ 세부내용: https://plus.gov.kr/portal/benefitV2/benefitTotalSrvcList/benefitSrvcDtl?svcSeq=2121707&bnefType=all&svcId=650000001095",https://plus.gov.kr,main,primary,학자금대출이자및신용회복지원사업,제주특별자치도,20260128 ~ 20260430\N20260223 ~ 20261123~,교육･직업훈련,교육비지원
youth,20260421005400212809,청년 예술활동 지원사업,"ㅇ(목적) 도내 청년예술가 대상 다양한 문화예술 분야의 참여기회 제공 및 활동 지원으로 장기적 관점에서의 활동 체계조성
ㅇ(대상) 제주도 거주 청년예술활동인
ㅇ(주요내용) 성장지원금 지원(첫발표, 성장지원), 기획사업 3종",복지/문화,제주특별자치도,제주특별자치도경제통상진흥원 경영본부 청년센터,0013010 | 0049010,청년,만 18세 ~ 만 39세,18,39,,소득조건코드=0043001 / 소득범위=0~0,,"1. 성장지원금 지원
ㅇ 청년 문화예술 처음 발표 지원
 -(지원내용) '26.11.30.까지 완료 가능한 예술 활동에 소요되는 직접 경비
 -(지원분야) 문학, 시각예술, 공연예술, 다원예술
 -(지원규모) 1인당 5백만원
ㅇ 청년예술인 성장지원
 -(지원내용) 순수예술 분야 청년 창작자의 원천 콘텐츠 개발을 통한 창작활동 지원(2개년)
 -(지원분야) 문학, 시각예술, 연극, 무용, 음악, 전통예술, 다원예술
 -(지원규모) 1인당 9백만원(상‧하반기 분할 지급)(2년차 8백만원)
2. 청년예술인지원 기획사업(예정)
ㅇ 청년예술인 홍보 콘텐츠 제작: 성장지원금 사업 선정자 대상 콘텐츠 제작 지원
ㅇ 청년예술인 활동 과정 공유회: 청년예술인 활동 과정 공유 및 지원사업 개선 간담회
ㅇ 청년예술인 네트워킹: 청년예술인 창의력 및 협업력 향상 프로그램 운영",20251215 ~ 20260105,20261231,※ 2026년 지원대상자 신청 마감,,"ㅇ 제주문화예술재단 통합공모 시 신청
ㅇ 청년 문화예술 처음 발표 지원
 - 공모기간 중 온라인 지원신청서 및 분야별 필수서류 제출(공모 참고)
ㅇ 청년 문화예술 처음 발표 지원
 - 공모기간 중 온라인 지원신청서, 신청자격확인자료 제출(공모 참고)",https://www.ncas.or.kr/,main,primary,청년예술활동지원사업,제주특별자치도,20251215 ~ 20260105~20261231,"금융･복지･문화,금융･복지･문화","예술인지원,문화활동 및 생활지원"
youth,20260421005400212808,제주청년 글로벌스탠다드 역량강화 지원사업,"ㅇ 지원대상: 제주 거주 중인 만19세 ~ 만39세 이하 청년
 ㅇ 지원내용: 제주청년이 지역 정체성을 바탕으로 글로벌 이슈를 이해하고, 국제무대 진출을 구체적으로 설계할 수 있도록 지원
 ㅇ 추진절차
 - 1단계: 제주 기반 세계시민·글로벌 역량 기본과정(개방형)
 - 2단계: 글로벌 역량 심화 워크숍 및 프로젝트(선발형)
 - 3단계: 우수 청년 국제기구 방문 연계(집중형)
 ※ 상기 추진절차는 시행 예정으로 변경사항 있을 수 있으니, 자세한 사항은 문의 바랍니다.",교육/멘토링,제주특별자치도 청년정책담당관,제주특별자치도경제통상진흥원 경영본부 청년센터,0013010 | 0049010,청년,만 19세 ~ 만 39세,19,39,,소득조건코드=0043001 / 소득범위=0~0,," ㅇ 1단계(공개모집,일정요건충족): 제주 바로 알기 교육, 세계 시민 교육 등
 ㅇ 2단계(1단계 수료자 중 선발): 제주포럼 연계 세션 참여, 워크숍 등
 ㅇ 3단계(2단계 참여자 중 선발): 국제기구, 국제행사 참석 등

   ※ 상기 내용은 시행 예정으로 변경사항 있을 수 있으니, 자세한 사항은 문의 바랍니다.",20260313 ~ 20260403,20261231,타 기관 협업 추진 사업,,"이메일 접수
※ 신청링크 > 공고문 확인",https://kr.cifaljeju.org/UpcomingEvents/?idx=170334161&bmode=view,main,primary,제주청년글로벌스탠다드역량강화지원사업,제주특별자치도청년정책담당관,20260313 ~ 20260403~20261231,교육･직업훈련,미래역량강화
youth,20260421005400212807,서귀포시 청년 부자학교 운영,사회 초년생부터 결혼 육아 청년까지 생애주기별 맞춤 금융교육을 통한 청년의 경제적 역량 강화,복지/문화,제주특별자치도 서귀포시 자치행정국 기획예산과,제주특별자치도경제통상진흥원 경영본부 청년센터,0013003 | 0049010,청년,만 19세 ~ 만 39세,19,39,,소득조건코드=0043001 / 소득범위=0~0,,"- 대상: 서귀포시 청년(19세~39세)
- 주요내용: 다양한 분야의 금융교육 및 금융상담 추진
- 전달체계: 직접사업",20260529 ~ 20260529,20261231,,,"직접 방문 또는 우편 제출
(서귀포시 중앙로 105, 서구포시청 본관 3층 기획예산과)",https://www.seogwipo.go.kr/,main,primary,서귀포시청년부자학교운영,제주특별자치도서귀포시자치행정국기획예산과,20260529 ~ 20260529~20261231,금융･복지･문화,취약계층 및 금융지원
youth,20260421005400212806,제주 ICT 전문인력 양성센터 운영 사업,"‧ 급변하는 디지털 시대에 대응하여 제주 청년들이 ICT 분야 핵심 인재로 성장할 수 있도록 전문 교육 지원
‧ 도내 ICT기업 수요조사를 기반으로 한 교육 연계 프로그램 운영을 통해 실무형 인재 양성
‧ ICT 실무역량을 갖춘 전문인력 양성을 통해 지역기업의 인력난을 해소하고 산업경쟁력 강화
‧ 제주특별자치도를 중심으로 산‧학‧연이 함께 참여하는 인력양성 체계 구축",교육/멘토링,(재)제주테크노파크,제주특별자치도경제통상진흥원 경영본부 청년센터,0013010 | 0049010,청년,만 0세 ~ 만 0세,,,,소득조건코드=0043001 / 소득범위=0~0,,"‧ ICT 미래신산업 분야 전문인력 양성을 위한 교육 프로그램 운영 및 지원
‧ AI 활용 과정, 드론 전문가 과정 등 산업 수요를 반영한 총 4개 교육과정 개설 예정
‧ 도내 ICT 기업 대상 수요조사를 기반으로, 현장에서 바로 활용할 수 있는 실무 중심 교육 제공
 ※교육과정 및 운영 내용은 산업 동향 및 운영 여건에 따라 일부 변경될 수 있음
",20260406 ~ 20260417,,제주산업정보서비스(JEIS) 회원가입 후 교육 신청이 가능합니다.,,"제주산업정보서비스(JEIS) 사이트를 통한 교육 신청

※ 국가공인 드론 조종자 자격증 1종 취득 과정(~4/17 모집중)
",https://jeis.or.kr/jeis/etcsupp/edu/eduSemina.ac?currentPageNo=&mode=Detail&annoId=e613e5ecd63b43a59f2e861225dead62&prevPg=eduSeminaList&eduDiv=&eduName=,main,primary,제주ict전문인력양성센터운영사업,재제주테크노파크,20260406 ~ 20260417~,교육･직업훈련,미래역량강화
youth,20260421005400212805,공공임대주택 공급,"ㅇ (목 적) 사회초년생, 대학생, 신혼부부 및 저소득층(노인계층, 취약계층)의 주거안정 도모로 
 무주택자의 주택마련 촉진 
ㅇ (대 상) 저소득층, 청년, 신혼부부, 고령자 등 무주택 서민
ㅇ (주요내용) 공공주택 건설․공급 및 공공주택 건립 부지 매입 추진
ㅇ (전달체계) 공공주택건립부지 매입, 설계 등 행정절차 이행(도,제주개발공사)⇒공공주택사업 단계별 소요액(국비) 요청⇒국비 교부⇒공공주택건설‧공급(개발공사)",주거,제주특별자치도개발공사,제주특별자치도경제통상진흥원 경영본부 청년센터,0013010 | 0049010,청년,만 18세 ~ 만 39세,18,39,,소득조건코드=0043003 / 소득범위=0~0 / 기준 중위소득 150% 이하,,"무주택 저소득층, 청년, 신혼부부, 고령자 등을 대상으로 공공임대주택을 건설‧공급하여 시세보다 저렴한 임대조건으로 안정적인 주거를 지원",20260101,20261231,"- 무주택자 및 세대구성원에 해당하는 전원이 주택(분양권 등 포함) 소유하고 있지 않은 세대 구성원
- 일반공급: 기준 중위소득 100%이하, 우선공급: 기준 중위소득 150%이하
- 기타 자산 및 소득 충족   ※ 계층에 따라 자산기준 상이

※ 제주주거복지센터 https://www.jejuhwc.co.kr/index.htm",,"현장 또는 우편접수
접수처: 제주개발공사 주거복지팀(제주시 첨단로 330, C동 1층)",https://www.jpdc.co.kr/housing/index.htm#,main,primary,공공임대주택공급,제주특별자치도개발공사,20260101~20261231,주거,주택 및 거주지
youth,20260421005400212804,다가구 등 기존주택 매입임대 사업,"다가구 등 신축하는 주택 및 기존주택을 매입 후 저렴한 임대조건으로 저소득 청년, 신혼부부, 다자녀 가구 등에 공급",주거,제주특별자치도,제주특별자치도경제통상진흥원 경영본부 청년센터,0013010 | 0049010,청년,만 0세 ~ 만 0세,,,,소득조건코드=0043003 / 소득범위=0~0 / 전년도 도시근로자 가구당 월평균 소득의 70% 이하,,"ㅇ(목적) 저소득 청년·신혼부부 등에게 다가구 등 기존주택 또는 신축주택을 매입하여 개보수한 후 저렴한 임대조건으로 공급하여 주거 안정 도모 
ㅇ(대상) 무주택 저소특 청년, 신혼부부, 고령자 등
ㅇ(주요내용) 매입임대주택 공급
ㅇ(전달체계) 매입승인(국토부)⇒매입공고 및 신청접수(개발공사)⇒대상주택 선정 및 매매협의 등(개발공사)⇒매입계약 및 공급(개발공사)",20260101,20261231,매 반기별 모집기간이 상이함으로 확인 필요,,제주특별자치도개발공사 현장 및 우편접수,http://www.jpdc.co.kr,main,primary,다가구등기존주택매입임대사업,제주특별자치도,20260101~20261231,주거,주택 및 거주지
youth,20260421005400212803,청년문화예술패스 사업,"제주 미래세대 청년의 품격있는 문화시민이자 적극적 문화주체로의 성장 지원을 위한
청년 문화향유 지원사업",복지/문화,한국문화예술위원회,제주특별자치도경제통상진흥원 경영본부 청년센터,0013010 | 0049010,청년,만 19세 ~ 만 20세,19,20,,소득조건코드=0043001 / 소득범위=0~0,,"❍ 대상: 19세 및 20세 청년
❍ 지원액: 1인당 연간 20만원
   * 신청자의 행정안전부 주민등록상 주소가 제주(비수도권)인 경우 20만원 지원
❍ 지원분야: 지정 온라인 협력 예매처(7개소)를 통한 각종 문화예술 관람 예매비용 지원
   * NOL티켓, YES티켓, 티켓링크, 멜론티켓, 메가박스, 롯데시네마, CGV
    -(공연): 연극, 뮤지컬, 클래식, 콘서트
    -(전시): 미술, 공예, 애니메이션 전시 등
    -(영화): 영화진흥위원회 코드작품",20260225 ~ 20260630,20261231,"1577-1968(청년문화예술패스 누리집 고객센터), 064-710-3415(제주특별자치도청 문화정책과)",,"❍ 청년문화예술패스 누리집(https://youthculturepass.or.kr)에서 본인인증을 통해 신청
  ※ 생애 최초 지원 운영에 따라 2025년 지원금 이용을 한 신청자는 신청 불가",https://youthculturepass.or.kr,main,primary,청년문화예술패스사업,한국문화예술위원회,20260225 ~ 20260630~20261231,금융･복지･문화,문화활동 및 생활지원
youth,20260421005400212802,청년층 자살시도자 치료비 지원사업,청년층 등 자살 시도자가 급증함에 따라 지자체의 적극적인 치료 개입으로 적기 치료 지원 및 사후관리 지속성을 확보하여 자살시도한 청년층의 일상 회복 도모,복지/문화,제주특별자치도,제주특별자치도경제통상진흥원 경영본부 청년센터,0013010 | 0049010,청년,만 15세 ~ 만 34세,15,34,,소득조건코드=0043001 / 소득범위=0~0,,"응급의료기관에 자살 시도로 내원한 청년층(15세~34세, 2026년 기준 1992. 1. 1.~2021. 12. 31. 출생) 중 사례관리 서비스를 동의한 자에 대하여 자살시도로 인한 신체손상 및 정신건강의학과 치료비 최대 100만원 한도 내에서 지원",20260101,20261231,"○ (지원대상) 다음 요건을 모두 충족하는 자
   ① 전국 응급의료기관에 자살시도로 내원 
     ※ [신규] 신청 시, 응급실 내원일로부터 3개월 이내 신청 가능
   ② 15세~34세 청년(2025년 기준, 1991.1.1.~2010.12.31. 출생자) 
   ③ 본인 거주지의 자살예방센터(정신건강복지센터) 사례관리 서비스 동의
ㅇ 이번 자살시도와 상관없는 이전 병력관련 치료비, 이번 자살시도로 인한 신체손상에 해당되지 않는 치료비, 코로나19 검사비, 심리검사비, 제증명료, 간병비, 응급후송비, 상급 병실료 등 지원 불가 ->자살시도로 인한 신체손상치료비, 입원외래치료비만 가능",,자살예방센터 사례관리 동의 후 대상자 등록-치료비 지원 신청-광역자살예방센터에서 접수 및 지급,https://jejuyouthdream.com/policy/detail/51,main,primary,청년층자살시도자치료비지원사업,제주특별자치도,20260101~20261231,금융･복지･문화,건강
youth,20260421005400212801,청년월세 지원,청년층의 주거비 부담경감을 위해 부모와 별도 거주하는 19세~34세 이하의 무주택 청년 세대주에게 임차료 월 최대 20만원 지원,주거,제주특별자치도,제주특별자치도경제통상진흥원 경영본부 청년센터,0013010 | 0049010,청년,만 19세 ~ 만 34세,19,34,,소득조건코드=0043003 / 소득범위=0~0 / 중위소득 60% 이하,," ❍ (지원대상) 우리 도에 주소를 두고 부모와 별도 거주하는 19세~34세 이하의 무주택 청년 세대주
 ❍ (소득요건) 기준 중위소득 60% 이하
 ❍ (지원내용) 임차료 월 20만원 이하 지원(최대 12개월 / 240만원)
 ❍ (사 업 량) 250가구",20260330 ~ 20260529,,"19~34세는 국토부 청년월세 지원 사업
35~39세는 제주 자체사업인 제주 청년 희망충전 월세 지원 사업

※ 신청기간은 변동될 수 있음",,"(온라인) 복지로
(방  문) 읍·면·동 주민센터",https://www.jeju.go.kr/city/welfare/monthlyrent.htm,main,primary,청년월세지원,제주특별자치도,20260330 ~ 20260529~,"주거,주거","주택 및 거주지,전월세 및 주거급여 지원"
youth,20260421005400212800,신혼부부 등 주택전세 연월세자금 대출이자 지원,신혼부부와 자녀출산 가정의 경제적 부담 해소를 위한 주택전세자금 대출이자 지원사업과 관련하여 연․월세 세입자에 대한 지원을 확대 시행,주거,건설주택국 주택토자과,제주특별자치도경제통상진흥원 경영본부 청년센터,0013010 | 0049010,청년,만 0세 ~ 만 0세,,,,소득조건코드=0043003 / 소득범위=0~0 / 2026년 기준 2019. 1. 1. 혼인 혹은 자녀출산한 가구 사회초년생은 신청일 기준 만 19세 ~ 39세 이하로 취업후 5년 이내인 사람,,"1. 연․월세 대출이자 3.5% 지원(고정금리 4%, 도민 0.5% 부담) 
2. 주택전세자금(대출잔액 기준)의 대출이율 1.5%(최대 150만원) 지원",20260109 ~ 20261231,20261231,"- 사회초년생 주택 연·월세 대출이자 지원
https://www.jeju.go.kr/city/welfare/rentfunds.htm
-신혼부부 및 자녀출산 가구 주택전세자금 대출이자 지원
https://www.jeju.go.kr/city/welfare/marriedcouple.htm",,"※ 사회초년생 등 연월세 이자지원(1/9~12/31. 상시접수)
- 주택토지과 방문 접수
※ 신혼부부 등 주택전세자금 대출이자 지원(1차 종료/ 2차 5~6월 예정)
- 주소지 읍면동 방문신청 및 도청홈페이지 온라인 신청",https://www.jeju.go.kr/city/welfare/rentfunds.htm,main,primary,신혼부부등주택전세연월세자금대출이자지원,건설주택국주택토자과,20260109 ~ 20261231~20261231,"주거,주거","주택 및 거주지,전월세 및 주거급여 지원"
youth,20260421005400212799,전세보증금반환보증 보증료 지원,"전세 사기, 역전세 현상의 주 피해자인 청년층 등 취약계층에게 전세보증금반환보증 보증료를 지원하여 보증가입 유도 및 주거안정 도모",주거,제주특별자치도,제주특별자치도경제통상진흥원 경영본부 청년센터,0013010 | 0049010,청년,만 0세 ~ 만 0세,,,,"소득조건코드=0043003 / 소득범위=0~0 / 연소득 기준 ➊(청년) 5천만원, ➋(청년 외) 6천만원, ➌(신혼부부) 7.5천만원 이하",,"❍ (지원대상) 신청일 기준 보증효력이 유효한 전세보증금반환보증에 가입한 임차보증금 3억원 이하, 연소득 ➊(청년) 5천만원, ➋(청년 외) 6천만원, ➌(신혼부부) 7.5천만원 이하 무주택 임차인
❍ (지원금액) 신청인이 기납부한 전세보증금반환보증 보증료에 대해 전부 또는 일부(최대 40만원) 지원
             * '25.3.31. 이후 보증 가입자만 해당('25.3.30. 이전 보증 가입자는 최대 30만원)",20260101,20261231,,,"(온라인) 정부24
(방  문) 제주시청 주택과, 서귀포시 건축과",https://plus.gov.kr/portal/benefitV2/benefitTotalSrvcList/benefitSrvcDtl?svcSeq=2126303&bnefType=all&svcId=161300000103,main,primary,전세보증금반환보증보증료지원,제주특별자치도,20260101~20261231,주거,주택 및 거주지
youth,20260421005400212798,청년 및 주거취약계층 주택 중개수수료 지원사업,청년 및 주거취약계층을 대상으로 주거이전에 따른 주택 중개 수수료 일부를 지원하여 경제적 부담 경감,주거,제주특별자치도,제주특별자치도경제통상진흥원 경영본부 청년센터,0013010 | 0049010,청년,만 19세 ~ 만 39세,19,39,,소득조건코드=0043001 / 소득범위=0~0,," ❍ (지원대상) 청년, 신혼부부, 기초생활수급자 및 차상위계층, 한부모가족
 ❍ (지원규모) 1,100가구
 ❍ (지원금액) 주택 중개수수료 최대 30만원 지원
 ❍ (지원기간) 계약일로부터 1년 이내 신청 가능
 ❍ (지원횟수) 2년 1회, 최대 3회 지급",20260119 ~ 20261231,20261231,예산 소진 시 조기 마감,,"(온라인) 정부24
(방문) 도 주택토지과, 시청 종합민원실",https://plus.gov.kr/portal/benefitV2/benefitTotalSrvcList/benefitSrvcDtl?svcSeq=2170966&bnefType=all&svcId=650000001138,main,primary,청년및주거취약계층주택중개수수료지원사업,제주특별자치도,20260119 ~ 20261231~20261231,"주거,주거","주택 및 거주지,전월세 및 주거급여 지원"
youth,20260421005400212797,청년 이사비 지원사업,잦은 이사와 주택가격 상승으로 경제적 어려움을 겪고 있는 청년 가구에 이사비를 지원하여 주거비 부담 완화 및 주거안정 도모,주거,제주특별자치도,제주특별자치도경제통상진흥원 경영본부 청년센터,0013010 | 0049010,청년,만 19세 ~ 만 39세,19,39,,소득조건코드=0043003 / 소득범위=0~0 / 중위소득 180% 이하,," ❍ (지원대상) 2026년 1월 1일 이후 제주특별자치도에 전입 또는 도내에서 이사 후 전입신고 완료한 만 19세~39세 청년가구
 ❍ (지원요건) ➊ (소득)가구당 기준 중위소득 180% 이하 ➋ (재산)무주택➌ (나이) 2026년 1월 1일 기준 만 19~39세 청년 
 ❍ (지원규모) 500가구
 ❍ (지원금액) 최대 40만원 한도 내 실비 지원
 ❍ (지원횟수) 2년 1회, 최대 3회 지급",20260203 ~ 20260508,20260508,,,"전입신고 및 이사비업체에 대금지급 완료 후, 정부24를 통한 온라인 신청",https://plus.gov.kr/,main,primary,청년이사비지원사업,제주특별자치도,20260203 ~ 20260508~20260508,주거,주택 및 거주지
youth,20260421005400212794,제주청년 갭이어 프로그램 운영,도내·외 청년들에게 진로 컨설팅 및 진로 탐색과제 수행으로 주체적 미래 설계 기회 제공과 제주 정주 여건 탐색 기회 제공,복지/문화,제주특별자치도 기획조정실 청년정책담당관,제주특별자치도경제통상진흥원 경영본부 청년센터,0013010 | 0049010,청년,만 19세 ~ 만 39세,19,39,,소득조건코드=0043001 / 소득범위=0~0,,"도내 청년 20명은 도외에서, 도외 청년 20명은 도내에서 20여일 동안 갭이어어 프로그램을 수행할 수 있도록 숙박, 교통, 소정의 프로그램 진행비 지원",        ,        ,"도내 청년의 경우 최근 1년 이상 제주도내 거주 기록이 있어야 참여 가능
신청링크 : 추후공지",,운영업체 홈페이지에서 참여 신청,https://jejuyouthdream.com/policy/detail/69,main,primary,제주청년갭이어프로그램운영,제주특별자치도기획조정실청년정책담당관,,금융･복지･문화,문화활동 및 생활지원
youth,20260421005400212793,청년 체인지메이커 아카데미 운영,생애전환기 인생의 진로 설계 등으로 고민하는 청년에게 유명인 및 명사의 강연 참여 기회를 제공하여 안정적인 사회진입 지원,교육/멘토링,제주특별자치도 기획조정실 청년정책담당관,제주특별자치도경제통상진흥원 경영본부 청년센터,0013010 | 0049010,청년,만 0세 ~ 만 0세,,,,소득조건코드=0043001 / 소득범위=0~0,,청년의 멘토가 되어 줄 각분야 유명인·명사 강연 지원,20260101 ~ 20261231,        ,※ 신청 및 사업기간 추후 공지,,QR코드 신청 예정,https://www.jeju.go.kr/index.htm,main,primary,청년체인지메이커아카데미운영,제주특별자치도기획조정실청년정책담당관,20260101 ~ 20261231~,교육･직업훈련,미래역량강화
youth,20260421005400212792,청년 어촌 정착 지원(청년어업인 영어정착 지원),창업 초기 청년 수산업 경영인의 안정적인 어촌 정착을 지원하여 어촌 이탈을 방지하고 우수한 청년인력의 어촌 유치로 어촌 활성화 도모,인력/일자리,제주도청,제주특별자치도경제통상진흥원 경영본부 청년센터,0013006 | 0049010,청년,만 18세 ~ 만 39세,18,39,,소득조건코드=0043003 / 소득범위=0~0 / `25년 건강보험료 소득판정기준 중위소득 150%(가구원 4인 기준),,"ㅇ(목적) 창업 초기 청년 수산업 경영인의 안정적인 어촌 정착을 지원하여 어촌 이탈을 방지하고 우수한 청년인력의 어촌 유치로 어촌 활성화 도모
ㅇ(대상) 제주도 내 실제거주하는 청년어업인
ㅇ(주요내용) 청년어업인 정착지원금 지급
ㅇ(전달체계) 사업자 모집→사업자 선정→사업비 교부결정→사업 수행→사업비 교부0자 이내)",20251030 ~ 20251205,20261231,,,공고문 참고 신청,https://www.jeju.go.kr/index.htm,main,primary,청년어촌정착지원청년어업인영어정착지원,제주도청,20251030 ~ 20251205~20261231,일자리,창업
youth,20260421005400212791,청년농업인 창업 인큐베이팅 지원사업,"○ 사업목적
 - 청년농업인 초기 영농 및 창업 비용 지원으로 농업분야 성공적 진출 및 정착 유도를 통한 제주 농촌을 주도할 청년 인적자원 확보
 - 젊고 유능한 인재의 농업 분야 진출을 촉진하는 선순환 체계 구축
○ 지원근거
 - ｢제주특별자치도 청년농업인 육성 조례｣ 제2조, 제6조
 - ｢제주특별자치도 지방보조금 관리 조례｣ 제4조",인력/일자리,제주특별자치도,제주특별자치도경제통상진흥원 경영본부 청년센터,"0013006,0013009 | 0049010","농업인,청년",만 19세 ~ 만 45세,19,45,,소득조건코드=0043001 / 소득범위=0~0,,"○ 사업기간: 2026. 2~12월
○ 사 업 량: 청년농업인 10명 내외
○ 사 업 비: 75,600천원(자체재원)
○ 지원한도: 농가당 7,560천원 범위 내
○ 지원대상: 3년 이상 제주도에 주소를 두고 거주하면서 신규 또는 부모의 농업을 승계하여 농업에 종사하는 19세 이상 45세 이하(1981.1.1.~2007.12.31. 출생자)인 청년농업인
○ 지원내용: 시제품 제작, 기계·장비 임차료, 컨설팅 비용, 교육비 등 청년농업인의 초기 영농창업비 지원",20260224 ~ 20260317,20261231,,,"○ 신청방법: 방문신청
○ 신청장소: 제주도청 친환경농업정책과 강다희 주무관
  - 주소: 제주시 문연로 6, 제주도청 1청사 별관 2층 친환경농업정책과 
○ 신청서류: 사업신청서, 사업계획서, 주민등록본(초본), 농업경영체 등록 확인서, 지방세납세증명서, 건강보험자격득실확인서 등",https://www.jeju.go.kr/news/news/law/jeju2.htm#A_65069,main,primary,청년농업인창업인큐베이팅지원사업,제주특별자치도,20260224 ~ 20260317~20261231,일자리,창업
youth,20260421005400212790,청년농업인 교육 프로그램 운영(제주 청년농업인 아카데미),"○ 사업목적: 제주 맞춤형 청년농업인 양성을 위한 교육 프로그램 운영으로 안정적 영농정착 지원 및 지속가능한 제주농업·농촌 기반 확충
○ 지원근거: ｢제주특별자치도 청년농업인 육성 조례｣ 제5조
○ 시행주체: 농협중앙회 제주본부",교육/멘토링,농협중앙회 제주본부,제주특별자치도경제통상진흥원 경영본부 청년센터,0013010 | 0049010,"농업인,청년",만 19세 ~ 만 45세,19,45,,소득조건코드=0043001 / 소득범위=0~0,,"○ 신청자격 및 요건: 교육을 희망하는 19세 이상 45세 이하 청년농업인
○ 교육내용: 제주 청년농업인 지원정책 등 각종 농업관련 정책 소개, 스마트팜 기초 교육, 농기계 운전실습, 재배기술 현장견학 등 관련 교육 실시
○ 수료자 혜택
  - 교육비 무료 및 우수 수료생 표창
  - 정부 인정 청년농업인 교육시간 반영 및 사업지원 시 가점 부여",20260316 ~ 20260320,20261231,,,농업교육포털(https://agriedu.net/)>교육과정신청>집합교육>'제주'선택>2026년 제주 청년농업인 아카데미,https://agriedu.net/,main,primary,청년농업인교육프로그램운영제주청년농업인아카데미,농협중앙회제주본부,20260316 ~ 20260320~20261231,교육･직업훈련,미래역량강화
youth,20260421005400212789,도외 직업훈련 참가 지원사업,제주에 개설되지 않은 도외 직업훈련에 참여하는 도민에게 숙박비 및 교통비 등 지원,인력/일자리,제주특별자치도청,제주특별자치도경제통상진흥원 경영본부 청년센터,0013003 | 0049010,청년,만 15세 ~ 만 0세,15,,,소득조건코드=0043001 / 소득범위=0~0,,"제주에 개설되지 않은 도외 직업훈련에 참여하는 도민에게 숙박비(1일 최대 10만 원 범위 내 실비, 월 최대 65만 원), 교통비(편도 최대 10만 원 범위 내 항공 및 선박 승객운임 실비), 자격증 취득비용(실비) 지원",20260211 ~ 20261231,20261231,,,"제주경제통상진흥원 직접방문, 우편, 이메일",https://www.jba.or.kr/bbs/board.php?bo_table=2_1_1_1&wr_id=707&sca=&sfl=wr_subject%7C%7Cwr_content&stx=%EB%8F%84%EC%99%B8&sst=&sod=desc&sop=and,main,primary,도외직업훈련참가지원사업,제주특별자치도청,20260211 ~ 20261231~20261231,일자리,취업
youth,20260421005400212788,기능경기대회 참가 지원사업,도내 숙련기술인의 사기진작 및 숙련기술 수준 향상 및 지방·전국 기능경기대회 참가지원,교육/멘토링,제주특별자치도청,제주특별자치도경제통상진흥원 경영본부 청년센터,0013010 | 0049010,청년,만 15세 ~ 만 39세,15,39,,소득조건코드=0043001 / 소득범위=0~0,,"제주특별자치도 기능경기대회 개최
 - 공정한 경쟁을 통해 대표선수 선발, 도내 숙련기술인 저변 확대, 도민이 참여하는 기능경기대회 개최

전국기능경기대회 참가
 - 제주특별자치도 대표선수의 훈련지원 및 선수와 지도교사 전국대회 참가 지원",20260112 ~ 20260123,20261231,"참가자격 : 누구나 참가 가능(연령제한 없음)
※ 단, 다음 각 호의 어느 하나에 해당하는 사람은 참가할 수 없다.
① 국제기능올림픽대회 입상자
② 전국대회 입상자 중 국가대표선수로 선발될 수 있는 기회*가 주어졌던 자
* 국제대회 후보선수 대상자(후보선수 미등록자 및 평가경기 불참자 포함)
③ 전국대회 입상자 중 차기년도 국제대회의 참가가능 연령*을 초과하는 자
* 연령 관련 세부사항은 본 홈페이지 공지사항에 ""[2026년 지방] 지방기능경기대회 공고 및 원서접수 계획 알림"" 참조",,"지방기능경기대회 신청: 온라인 접수
- 참가원서
- 원서사진
* 용량: 200kb이하, 사이즈(픽셀): 150px*200px, 파일형식: JPG확장자( .jpg, .jpeg), 해상도 300dpi 권장
* 기능경기대회 원서접수 사진으로 국가기술자격증 규격에 어긋나는 사진을 등록할 경우 추후 자격증 발급에 불이익이 있을 수 있음
- 기타서류",https://meister.hrdkorea.or.kr/main/main.do,main,primary,기능경기대회참가지원사업,제주특별자치도청,20260112 ~ 20260123~20261231,교육･직업훈련,미래역량강화
youth,20260421005400212787,혁신인재 플랫폼 제주더큰내일센터 운영,제주의 내일을 만들어가는 기업가적이고 자기주도적인 인재 양성 교육을 통해 취·창업 지원,교육/멘토링,제주특별자치도청,제주특별자치도경제통상진흥원 경영본부 청년센터,0013003 | 0049010,청년,만 15세 ~ 만 34세,15,34,,소득조건코드=0043003 / 소득범위=0~0 / 중위소득 180% 미만,,"- 청년 취·창업 맞춤형 프로그램 운영
- 빛나는 인재 프로그램(로컬 크리에이터, AI과정 등) 운영
- 취업트랙 참여자 대상 상시 취업역량강화 프로그램 운영
- 청년/인재 사후관리 프로그램 운영
- 청년 진로 탐색기간, 생활지원을 위한 훈련 수당 지원
- 도내외 취업 연계가능 기업과의 네트워크망을 활용한 직무경험 기회 제공 지원
",20260701 ~ 20260831,20261231,,,"더큰내일센터 홈페이지에서 신청
※ 자세한 사항은 홈페이지 참고",https://www.jdnc.or.kr/,main,primary,혁신인재플랫폼제주더큰내일센터운영,제주특별자치도청,20260701 ~ 20260831~20261231,교육･직업훈련,미래역량강화
youth,20260421005400212786,일하는 청년 보금자리 지원 사업,"청년 노동자*에게 직원 숙소임차료(주택보조금)를 지원하고 있는 고용보험 피보험자수 1인 이상 도내 중소기업에 대해 숙소 임차료(주택보조금) 지원
유형별 상이
1유형: 기업이 근로자 숙소를 직접 임차하여 제공하는 경우 → 주거지원비의 60% 지원
2유형: 급여에 주거지원비를 포함하여 지급하는 경우 → 주거지원비의 80% 지원 
 * 만 15세 이상 39세 이하 노동자",주거,제주특별자치도청,제주특별자치도경제통상진흥원 경영본부 청년센터,0013001 | 0049010,청년,만 15세 ~ 만 39세,15,39,,소득조건코드=0043003 / 소득범위=0~0 / 월급여(주거지원비 제외) 382만원 미만,,"신청일 기준 제주에 소재하고 제주특별자치도에 사업자등록을 한 중소기업 중, 고용보험 가입 피보험자수 1인* 이상을 고용하고 있는 기업에 재직 중인 근로자에게 기업이 숙소를 임차하여 제공하거나 급여에 주거지원비를 포함하여 지급하는 경우 주거지원비를 지원(유형별 지원비율 상이)
1유형: 기업이 근로자 숙소를 직접 임차하여 제공하는 경우 → 주거지원비의 60% 지원
2유형: 급여에 주거지원비를 포함하여 지급하는 경우 → 주거지원비의 80% 지원
*피보험자수는 사업주 단위로 판단하되, 사업주 및 일용근로자는 제외
사업 참여 신청: 매월 1~10일(최초 1회 신청)지원금 신청: 매분기 말월(3·6·9·12월) 1~10일
※ 지원금은 매분기 말월에 지급하며, 1년간 주거지원비 지원",20260120 ~ 20261210,20261231,,,"○ 사업 참여 신청 매월 1~10일
○ 선정 후 지원금 신청 3, 6, 9, 12월 1~10일
○ 온라인 신청
제주특별자치도 일자리지원사업통합플랫폼(https://www.jeju.go.kr/jejusupport/index.htm)
○ 이메일신청
ywh9698@korea.kr
○ 오프라인신청(방문)
제주시 신대로63 2층 205호",https://www.jeju.go.kr/jejusupport/index.htm,main,primary,일하는청년보금자리지원사업,제주특별자치도청,20260120 ~ 20261210~20261231,주거,전월세 및 주거급여 지원
youth,20260421005400212785,제주청년 희망사다리 재형저축 사업,"15~39세 정규직 노동자 월 10만 원, 중소기업 월 15만 원, 도 25만 원을 5년간 납입하여 3천만 원 + 이자로 목돈 마련",복지/문화,제주특별자치도청,제주특별자치도경제통상진흥원 경영본부 청년센터,0013001 | 0049010,청년,만 15세 ~ 만 39세,15,39,,소득조건코드=0043003 / 소득범위=0~0 / 신청일 기준 직전 3개월 평균 임금총액이 전국 5인 이상 사업체의 근로자 1인당 평균 임금 미만,,"15~39세 정규직 노동자 월 10만 원, 중소기업 월 15만 원, 도 25만 원을 5년간 납입하여 3천만 원 + 이자로 목돈 마련",20260202 ~ 20260226,20261231,,,,https://www.jba.or.kr/bbs/board.php?bo_table=2_1_1_1&wr_id=695&sca=&sfl=wr_subject%7C%7Cwr_content&stx=%EC%82%AC%EB%8B%A4%EB%A6%AC&sst=&sod=desc&sop=and,main,primary,제주청년희망사다리재형저축사업,제주특별자치도청,20260202 ~ 20260226~20261231,금융･복지･문화,취약계층 및 금융지원
youth,20260421005400212784,청년창업기업 경영안정자금 금리 확대 지원,"- 도내 청년사업가(사업자등록 후 3년 이내)
- (연령) 19~39세
청년 창업기업 경영안정자금 금리 확대 지원 1식",인력/일자리,제주도청 소상공인과,제주특별자치도경제통상진흥원 경영본부 청년센터,0013006 | 0049010,"청년,초기창업기업",만 18세 ~ 만 38세,18,38,,소득조건코드=0043001 / 소득범위=0~0,,"- (지원대상) 대표자가 39세 이하이고, 사업자등록 후 3년 이내 창업기업
- (금리지원) (1회차)일반 이차보전율 + 1.75%/ (2회차)일반 이차보전율 + 0.75%
- (우대지원) 청년창업기업(2회, 각2년) 등",20260101 ~ 20261231,20261231,,,경제통상진흥원 방문 또는 비대면(온라인)접수,https://www.jba.or.kr/pages.php?p=1_3_1_1,main,primary,청년창업기업경영안정자금금리확대지원,제주도청소상공인과,20260101 ~ 20261231~20261231,일자리,창업
youth,20260421005400212783,청년4·3 세대전승 프로젝트(청년4·3정감),"4·3의 위상 재정립을 통해 평화를 주제로하는 청년문화, 예술, 학술의 활성화 계기 마련",복지/문화,제주특별자치도 4·3지원과,제주특별자치도경제통상진흥원 경영본부 청년센터,0013010 | 0049010,청년,만 0세 ~ 만 35세,,35,,소득조건코드=0043001 / 소득범위=0~0,,"4·3관련 유적지 순례, 워크숍 및 성과발표·프리뷰 전시 등",20260120 ~ 20260131,20261130,신청 : jeju43art@gmail.com,,참가신청서를 작성하여 전자우편으로 공모 및 인터뷰 이후 대상자 선정,https://jejuyouthdream.com/policy/detail/90,main,primary,청년43세대전승프로젝트청년43정감,제주특별자치도43지원과,20260120 ~ 20260131~20261130,금융･복지･문화,예술인지원
youth,20260421005400212782,비정규학교 운영 및 교육비 지원,"ㅇ (목적) 어려운 상황으로 학업의 기회를 놓친 교육 소외계층에게 기초생활능력 학습 기회 제공
ㅇ (대상) 비정규학교(동려평생학교, 동려청소년학교, 제주장애인야간학교) 3개소 지원
ㅇ (주요내용) 비정규학교 학생 대상 검정고시 교육 운영
ㅇ (전달체계) 제주시 보조금 지원 → 비정규학교
(1)동려평생학교, 제주장애인야간학교: 연령제한없음
(2)동려청소년학교: 만 25세 이하",복지/문화,제주특별자치도 제주시,제주특별자치도경제통상진흥원 경영본부 청년센터,0013010 | 0049010,청년,만 0세 ~ 만 0세,,,,소득조건코드=0043001 / 소득범위=0~0,,"비정규학교(동려평생학교, 동려청소년학교, 제주장애인야간학교) 3개소 대상 비정규학교 운영 및 교육비 지원사업 정액 보조금 지원",20260101,20261231,"1. 동려평생학교(064-752-6381)
2. 동려청소년학교(064-752-7542)
3. 제주장애인야간학교(064-751-9102)

비정규학교 3개소 재학생 모집 관련(각 학교별 전화 문의)",,"비정규학교 3개소 재학생 모집관련(전화 문의)
1. 동려평생학교(064-752-6381): 1~2월 모집
2. 동려청소년학교(064-752-7542): 수시모집
3. 제주장애인야간학교(064-751-9102): 수시모집",전화문의,main,primary,비정규학교운영및교육비지원,제주특별자치도제주시,20260101~20261231,금융･복지･문화,취약계층 및 금융지원
youth,20260421005400212781,상장기업 육성 지원사업 운영,"ㅇ (목적) 도내 유망기업 상장지원
ㅇ (대상) 도내 상장을 희망하는 기업
ㅇ (주요내용) 상장지원 맞춤형 프로그램 및 기업상장(IPO) 클래스 운영 
ㅇ (전달체계) 도 → 제주TP → 기업",인력/일자리,제주특별자치도 기업투자과,제주특별자치도경제통상진흥원 경영본부 청년센터,0013010 | 0049010,청년,만 0세 ~ 만 0세,,,,소득조건코드=0043001 / 소득범위=0~0,,ㅇ 도내 상장을 희망하는 기업에 대한 상장지원 맞춤형 프로그램 지원,20260310 ~ 20260327,20261231,,,"제주테크노파크 제주산업정보서비스(http://www.jeis.or.kr) 회원가입
→ 온라인 등록 → 파일 업로드(신청서 등 제출서류)
- 온라인 접수 방법 안내(매뉴얼)자료는 [접수처 홈페이지] 참조

※ 스케일업&IPO 클래스 참여기업 모집(~3/27)",https://www.jeis.or.kr/suppbis/suppbisdtl.ac?currentPageNo=&annoId=d7e7440ce81f4871a057422e60f3cb04&annoName=&state=&businessDiv=&indDiv=&receiptSDate=&receiptEDate=,main,primary,상장기업육성지원사업운영,제주특별자치도기업투자과,20260310 ~ 20260327~20261231,일자리,취업
youth,20260421005400212780,청년내일저축계좌사업,"저소득청년에게 저축을 통한 자산 형성을 지원하여 청년이 교육, 주거, 창업 등 미래에 투자하고, 위기에 대비할 수 있도록 지원",복지/문화,제주특별자치도 복지가족국 복지정책과,제주특별자치도경제통상진흥원 경영본부 청년센터,"0013001,0013002,0013005,0013007,0013008,0013009 | 0049010",청년,만 15세 ~ 만 39세,15,39,,소득조건코드=0043003 / 소득범위=0~0 / 기준 중위소득 50%이하 가구의 일하는 청년 중 근로(사업)소득 월 10만원 이상,,"· 참여자가 매월 일정액을 저축하면 정부에서 추가로 일정수준의 근로소득장려금 등을 매칭·적립하여 3년 내 지급조건 만족 시 지급 (정부지원금 최대 3년 매칭·적립)
· 월 본인적금 10만원 이상 납입시 30만원 적립 ",20260504 ~ 20260520,,"· 제주특별자치도 복지정책과(T. 710-2862)
· 제주시 기초생활보장과(T. 728-2523)
· 서귀포시 주민복지과(T. 760-6513)
· 자산형성지원 콜센터(T. 1522-3690)

· 자세한 사항은 자산형성포털(https://hope.welfareinfo.or.kr)에서 확인
· 지원금 전액을 받기 위해서는 ① 3년간 꾸준한 근로활동 지속, ②매월 10만원 이상의 본인 저축금 적립, ③ 가입 기간내 총 10시간의 자립역량 교육 이수,  ④ 만기시 자금활용계획서 제출 등",,주소지 읍면동주민센터 방문 또는 복지로(https://www.bokjiro.go.kr) 온라인 신청,https://www.bokjiro.go.kr,main,primary,청년내일저축계좌사업,제주특별자치도복지가족국복지정책과,20260504 ~ 20260520~,금융･복지･문화,취약계층 및 금융지원
youth,20260421005400212779,청년농업인 농지 임대료 지원,"○ 사업목적
 - 청년농업인에 농업의 기본적 요소인 농지의 임대료 지원을 통해 농업 경영 부담 완화 및 안정적 영농정착 지원
○ 지원근거
 - ｢제주특별자치도 청년 기본조례｣ 제20조
 - ｢제주특별자치도 청년농업인 육성 조례｣ 제3조",복지/문화,제주특별자치도,제주특별자치도경제통상진흥원 경영본부 청년센터,0013008 | 0049010,"농업인,청년",만 19세 ~ 만 45세,19,45,,소득조건코드=0043001 / 소득범위=0~0,,"○ 사업기간: 2026. 4~12월
○ 사 업 량: 130명 내외
○ 사 업 비: 100,000천원(기타보상금)
○ 지원한도: 농가당 연간 1백만원 범위 내, 최대 3년 지원(매년 신청)
○ 지원대상: 만 19세 이상 45세 이하로, 도내에 주소를 두고 농업경영체에 등록된 청년농업인으로, 한국농어촌공사 농지은행 사업을 통해 농지 임대차 계약을 체결한 자
○ 지원내용: 농지 임대차 계약 시 임대료의 50% 지원",20260401 ~ 20260401,20261231,,,"○ 신청방법: 방문신청
○ 신청장소: 거주지 행정시 친환경농정과
○ 신청서류: 사업신청서, 농업경영체 등록확인서, 농어촌공사 농지임대차계약서, 임대료 납부약정서, 주민등록등본 등",https://www.jeju.go.kr/news/news/law/jeju2.htm,main,primary,청년농업인농지임대료지원,제주특별자치도,20260401 ~ 20260401~20261231,금융･복지･문화,취약계층 및 금융지원
youth,20260421005400212778,청년농업인 정책자금 이자 지원,"○ 사업목적
 - 청년농업인 정책자금에 대한 이차보전을 통해 청년농업인 유입 및 정착률 증가를 도모하여 제주 농업의 지속가능성 확보
○ 지원근거
 - ｢제주특별자치도 청년 기본조례｣ 제20조
 - ｢제주특별자치도 청년농업인 육성 조례｣ 제3조",복지/문화,제주특별자치도,제주특별자치도경제통상진흥원 경영본부 청년센터,0013008 | 0049010,"농업인,청년",만 19세 ~ 만 45세,19,45,,소득조건코드=0043001 / 소득범위=0~0,,"○ 사업기간: 2026. 4~12월
○ 사 업 량: 200명 내외
○ 사 업 비: 400,000천원(기타보상금)
○ 지원한도: 농가당 연간 2백만원 범위 내, 최대 3년 지원(매년 신청)
○ 지원대상: 만 19세 이상 45세 이하의 청년후계농으로, 신청일 기준 후계농업경영인 육성자금 실행 중인 자
○ 지원내용: 후계농업경영인 육성자금 대출 이자 금리 1.5% 중 0.5%에 해당하는 금액 지원",20260401 ~ 20260430,20261231,,,,https://jejuyouthdream.com/policy/detail/95,main,primary,청년농업인정책자금이자지원,제주특별자치도,20260401 ~ 20260430~20261231,금융･복지･문화,취약계층 및 금융지원
youth,20260421005400212777,가정위탁 보호종료아동 자립정착금,가정위탁 보호종료아동(자립준비청년)의 자립을 위한 자립정착금 지원,복지/문화,"제주시청 주민복지과, 서귀포시청 여성가족과",제주특별자치도경제통상진흥원 경영본부 청년센터,0013010 | 0049010,청년,만 18세 ~ 만 0세,18,,,소득조건코드=0043003 / 소득범위=0~0 / 가정위탁 보호종료아동,,"자립정착금 1,500만원 지급(1회차/1,000만원, 2회차 500만원)",        ,        ,"제주시 주민복지과 064-728-2684
서귀포시청 여성가족과 064-760-6444
제주가정위탁지원센터 064-747-3273",,"가정위탁 보호종료 결정 이후 자립정착금 신청서, 사용계획서 작성 및 의무교육(자립지원전담기관) 이수 후 가정위탁지원센터를 통해 행정시 제출",https://jejuyouthdream.com/policy/detail/96,main,primary,가정위탁보호종료아동자립정착금,제주시청주민복지과서귀포시청여성가족과,,금융･복지･문화,취약계층 및 금융지원
youth,20260421005400212776,청소년쉼터 퇴소 청소년 자립지원수당 지원,청소년쉼터 퇴소 및 청소년자립지원관 사례관리 중 또는 사례관리가 종료된 청소년에게 자립지원수당을 지급하여 안정적인 자립기반 마련을 지원,복지/문화,제주특별자치도,제주특별자치도경제통상진흥원 경영본부 청년센터,0013010 | 0049010,청년,만 18세 ~ 만 0세,18,,,소득조건코드=0043001 / 소득범위=0~0,,"- 사업대상: 청소년쉼터 퇴소일, 청소년자립지원관 사례 종료일로부터 5년 이내인 자로서 다음 모두에 해당하는 경우
 ․  만 18세 이후 퇴소(사례 종료)한 자
 ․  퇴소일 기준, 쉼터 입소기간 또는 청소년자립지원관 사례관리 기간을 합산하여 과거 3년 동안 2년 이상 보호받은 자(직전 6개월은 연속하여 보호받았을 것)
- 지원내용: 매월 50만원 현금 지급(본인 명의 계좌 이체)
- 지원기간: 퇴소일로부터 최대 60개월 한도 내
 ※ 보호종료아동 자립수당(아동복지법), 성폭력 피해자 보호시설 퇴소자립지원수당 수령 이력이 있는 자는 중복지원 불가",20260101,20261231,"제주시 여성가족과 728-2601 
서귀포시 여성가족과 760-2462

보호종료아동 자립수당(아동복지법), 성폭력 피해자 보호시설 퇴소자립지원수당 수령 이력이 있는 자는 중복신청 불가",,"최종 퇴소 쉼터(자립지원관) 추천 → 행정시 신청, 지급 결정 → 사례관리(쉼터 및 자립지원관) ",https://jejuyouthdream.com/policy/detail/98,main,primary,청소년쉼터퇴소청소년자립지원수당지원,제주특별자치도,20260101~20261231,금융･복지･문화,취약계층 및 금융지원
youth,20260421005400212775,지역산업 맞춤형 일자리 창출 지원사업,"비영리기관과 컨소시엄을 구성하여 지역 및 산업별 특성에 맞는 고용계획의 수립, 일자리 창출 및 일자리 질 개선, 인적자원 개발 지원",인력/일자리,제주지역 인적자원개발위원회,제주특별자치도경제통상진흥원 경영본부 청년센터,0013010 | 0049010,청년,만 0세 ~ 만 39세,,39,,소득조건코드=0043001 / 소득범위=0~0,,"수행기관 선정 완료(26.3.16)
1) 제주관광서비스업 일자리 전환 구축 프로젝트
- 제주관광 콘텐츠+ 밸류업 지원(제주콘텐츠진흥원)
- 내일찾기 프로젝트 Lab(제주산학융합원)
- 제주정착지원 및 기반사업(제주상공회의소)
- 제주 관광로컬기업 지속성장 지원사업(한국능률협회 제주)
- 청년과 지역자원을 활용한 제주관광 전환(제주사회적경제네트워크)

2) 고용둔화산업지원
- 제주건설 일용근로자 생계안정 지원사업(제주상공회의소)",20260320 ~ 20260409,20261231,※ 공고별 모집기간 상이,,"○ 2026년 지역·산업맞춤형 일자리창출 지원사업(로컬크리에이터) 참여팀 모집 공고(3/20~4/9)
 - 이메일 접수(070-7770-5073)",https://www.jejusen.org/board/1/90579?searchType=&keyword=&page=1&rowsPerPage=10&noticeType=&sortBy=createdDate&sortType=desc,main,primary,지역산업맞춤형일자리창출지원사업,제주지역인적자원개발위원회,20260320 ~ 20260409~20261231,일자리,취업
youth,20260421005400212774,제주청년작가전,"제주청년작가전은 제주 지역 청년 예술인을 발굴ㆍ육성하는 대표 사업으로 1994년부터 31회에 걸쳐 운영되었다.
2026년에도 만 19~39세 청년 예술인을 대상으로 공모를 실시하여 3인의 청년작가를 선정하고, 지원금 지급과 멘토 프로그램, 전시 개최를 통해 성장 기반을 제공한다. 
제주 출신 또는 제주 거주 경력을 갖춘 청년작가에게 실질적인 창작 기회를 제공함으로써 지역 예술 생태계를 강화하고, 전시를 통해 도민 문화 향유 기회를 확대하는데 목적이 있다.",복지/문화,제주특별자치도 문화예술진흥원,제주특별자치도경제통상진흥원 경영본부 청년센터,0013010 | 0049010,청년,만 19세 ~ 만 39세,19,39,,소득조건코드=0043001 / 소득범위=0~0,,"지원 대상은 만 19~39세의 청년 예술인으로, 지원대상은 공고일 기준 제주특별자치도에 주소지를 두고 1년 이상 계속하여 거주하고 있는 자, 또는 공고일 이전까지 제주특별자치도에 주소지를 두고 있었던 기간을 합산하여 총 3년 이상인 작가이다.
공모를 통해 총 3인 이내의 청년작가를 선정하며, 선정작가에게는 1인당 1,000만원의 지원금을 지급한다.
또한, 전문가 멘토 프로그램을 운영하여, 작품 방향성, 전시 기획, 예술 활동 전반에 대한 조언을 제공한다. 선정작가의 작품은 제주 문예회관에서 전시된다.",20260429 ~ 20260430,20261231,"❍ 선정 작가는 워크숍 및 관람객과의 만남 등 부대 프로그램 시행 시 반드시 참여
❍ 제출 서류는 일체 반환하지 않음
❍ 응모자의 기재 내용이 사실과 다를 경우 심사 대상에서 제외
❍ 제출된 작품의 대한 저작권 및 초상권, 명예훼손 등의 법적 분쟁 발생 시, 모든 책임은 응모자에게 있음
❍ 공고문 유의사항 미숙지로 발생하는 모든 문제는 응모자에게 있음",,"공모 부문은 시각예술 전 부문으로 공고된 양식(신청서, 전시계획서 등)과 개인 포트폴리오 등을 지참하여 방문접수 또는 우편접수로 신청",https://www.jeju.go.kr/jejuculture/news/notice.htm?act=view&seq=2015612,main,primary,제주청년작가전,제주특별자치도문화예술진흥원,20260429 ~ 20260430~20261231,금융･복지･문화,예술인지원
youth,20260421005400112773,미소금융 청년 미래이음 대출,미취업 또는 취˙창업 1년 이내 청년(19세 이상 34세 이하)에 대하여 사회진입을 위한 자금 지원,복지/문화,서민금융진흥원,한국고용정보원,"0013001,0013003,0013006 | 0049010",청년,만 19세 ~ 만 34세,19,34,"사회진입을 위한 자금이 필요한 미취업 또는 취업 초기 청년(19세 이상 34세 이하, 취˙창업 1년 이내)이면서 다음 하나의 요건을 충족한 자

1. 개인신용평점이 하위 100분의 20에 해당하는 자
2. 기초생활수급자 및 차상위계층 이하 자
3. 근로장려금 신청자격 요건에 해당하는 자",소득조건코드=0043001 / 소득범위=0~0,,"1. 대출한도: 최대 5백만원
2. 대출금리: 연 4.5% 이내
3. 대출기간: 최대 11년(거치기간 6년 이내, 상환기간 5년 이내)
4. 상환방법: 원리금균등분할상환",        ,        ,"사회진입을 위한 자금이 필요한 미취업 또는 취업 초기 청년(19세 이상 34세 이하, 취˙창업 1년 이내)이면서 다음 하나의 요건을 충족한 자

1. 개인신용평점이 하위 100분의 20에 해당하는 자
2. 기초생활수급자 및 차상위계층 이하 자
3. 근로장려금 신청자격 요건에 해당하는 자

문의처
1. 서민금융진흥원 (국번없이)1397
2. www.kinfa.or.kr (서금원 홈페이지>상담지원>서민금융통합지원센터>전국센터찾기>미소지점)",관련 서류 또는 자세한 지원대상은 전국 미소금융 지점에서 확인해주시길 바랍니다.,미소금융 전국 지점 방문 (하단 참고사이트2 참고),https://www.kinfa.or.kr/financialProduct/youngFutureLinkLoan.do,main,primary,미소금융청년미래이음대출,서민금융진흥원,,금융･복지･문화,취약계층 및 금융지원
youth,20260420005400212771,한옥 팝업 3기,"전시 공간과 전시 지원이 필요한 청년 작가님들!
한옥 공간에서 나만의 전시를 선보일 수 있는 기회를 놓치지 마세요",복지/문화,광주시청,광주시청,0013010 | 0049010,청년,만 19세 ~ 만 39세,19,39,,소득조건코드=0043001 / 소득범위=0~0,,"- 전시 공간 무료 지원
- 전시 지원금 1팀당 최대 120만원 지원
- 전시 종료 후 기록 및 아카이빙 지원",20260414 ~ 20260421,        ,,,"신청 방법
- 전시 신청서 및 포트폴리오 이메일 접수
*공고문 및 전시 신청서는 홈페이지에서 다운로드
[프로그램] - [한옥팝업 3기] - [신청하기] 클릭 후 서류 다운로드
- 접수 이메일 : help_dgit2023@naver.com
- 메일 제목 : ‘한옥팝업3기_지원자명’
",https://gjdgit.kr/program/detail/61,main,primary,한옥팝업3기,광주시청,20260414 ~ 20260421~,금융･복지･문화,문화활동 및 생활지원
youth,20260420005400212770,(연장신청)청년맞춤형 주택임차보증금 이자지원,"대학(원)생, 취업준비생, 사회초년생의 임대보증금 대출을 알선하고 대출이자의 일부를 이차보전하여 주거안정에 기여",주거,광주시청,광주시청,0013010 | 0049010,청년,만 19세 ~ 만 39세,19,39,,소득조건코드=0043001 / 소득범위=0~0,,"2억원이하 주택임차보증금 90% 이내(최대1억원) 
이자 일부(2%) 2년간 이차보전 | 연장1회 가능(최장4년)",20260101,20261231,"연 소득 : (부모)7천만원 이하, (본인)4천5백만원 이하, (부부합산) 6천만원 이하","※ 모든 서류는 신청일 기준 1개월 이내 발급분으로 제출 필수
   - 동의서 등 제출서류 일체(서명 필수) 스캔(내용식별 가능해야 함)
     → 서류는 제출 항목별로 압축 파일로 저장하여 업로드

○ 공통서류
 - 임차보증금 이자지원 신청자 의무사항 및 각서(공고문 서식 1)
 - 개인정보 수집‧이용 및 제3자 정보제공 동의서 (공고문 서식 2) 
   → (취업준비생) 본인 포함 부모님 서명 / (취창업자) 본인 서명 / (기혼자) 본인 포함 배우자 서명 필수 
 - 주민등록초본(주소변경이력포함, 발급일자 필수)
 - 주민등록등본(발급 일자 필수)
 - 가족관계증명서(본인 주민번호 전체 표시)
 - &apos;25~26 지방세 세목별 과세증명서(전국/전체) *홈택스 [미과세증명서] 증명서로 대체(선택: (전국) 체크 / 조회 : 재산세(전체), 취득세(부동산) 체크)
   ** 미과세증명서 발급이 안될시 : 지방세 세목별 과세 증명서 + [청약홈] 주택소유확인서 추가 제출
 - 건강보험 자격득실확인서(가입이력전체포함)
 - 건강보험 납부확인서(취창업자:본인, 기혼자:본인 및 배우자, 취준생:부모)
 - 건강보험 자격확인서(소득산정 가구원의 건강보험 자격확인, 가입이력포함)
 - 임대차계약서(갱신임차계약인 경우)
 
○ 대학(원)생, 취업준비생 추가서류 
 - 부모의 최근연도 소득금액증명원 또는 원천징수영수증 (부모 모두)
 - 사실증명원 (부모가 소득이 없는 경우) 
 - 재학(휴학)증명서 / 졸업증명서 등 (총장 직인 필수)
  ※ 본인소득 심사를 원하는 경우 공고문 3p의 예외사항 조건을 모두 충족할 시 가능
    → 이때 본인 기준 소득증빙서류, 현재 혹은 직전 취창업 확인서류 제출(공고문 5p 참고)

○ 취창업자 추가서류 
 - 재직증명서(사업자의 경우 사업자등록증, 최근1개월내 발급분 아닌 경우 사업등록증명 보완)
 - 현재 근무지(사업지)의 본인의 최근연도 소득금액증명원 또는 원천징수영수증(공고문 참고) ","상단 신청하기 클릭(신청시작일 생성), 접수 - 적격자 알림(시→은행, 신청인) - 대출적격자 통보(은행→신청인, 시) - 대출실행(은행→신청인) - 이자지원(시→은행)",https://youth.gwangju.go.kr/www/50?formSeq=46&mapngColumn=policy_id&mapngId=1241&url=%2Fwww%2Fform%2FapplFormView,main,primary,연장신청청년맞춤형주택임차보증금이자지원,광주시청,20260101~20261231,주거,전월세 및 주거급여 지원
youth,20260417005400112768,벤처기업 공동채용 지원사,채용수요가 있는 벤처기업들이 합동으로 취업포탈 사이트에 취업 공고 게시 및 채용박람회 등을 통해 벤처기업이 우수 인재채용을 지,인력/일자리,중소벤처기업부,중소벤처기업부 창업벤처혁신실 창업정책관,0013010 | 0049010,청년,만 0세 ~ 만 0세,,,,소득조건코드=0043001 / 소득범위=0~0,,벤처기업 공동채용을 통한 입사자 등 벤처 신입직원을 대상으로 벤처이해를 포함한 기초소양 및 직무역량 향상 교육 실시,        ,        ,,,,https://www.venture.or.kr/home/kor/M748473882/business/contents/index.do?idx=cb00d1a0008a85e71a41b8741facbffe71a547009cdc82b6a17d02db013fb623&idx2=cb00d1a0008a85e71a41b8741facbffe6345b0b94089980f84385e748ce0fc81,main,primary,벤처기업공동채용지원사,중소벤처기업부,,일자리,취업
youth,20260417005400112767,참 괜찮은 강소기업 선정 및 취업연계,구직자들이 선호할만한 우수 중소기업을 발굴하고 채용 정보 제공 및 매칭 지원을 통해 중소기업 일자리 미스매치 완화,인력/일자리,중소벤처기업부,중소벤처기업부 창업벤처혁신실 창업정책관,0013010 | 0049010,청년,만 0세 ~ 만 0세,,,,소득조건코드=0043001 / 소득범위=0~0,,기업정보 제공 및 매칭지원,        ,        ,,,,https://www.smes.go.kr/gsmb/main,main,primary,참괜찮은강소기업선정및취업연계,중소벤처기업부,,일자리,취업
youth,20260417005400112766,스타트업 원스톱 지원센터,"기술창업 기반의 창업가가 직면하는 법률, 세무, 경영 등 복합적인 애로해결 가이드, 전문가 매칭, 상담비용 지원 등 '원스톱'으로 상담 서비스를 지원합니다.",인력/일자리,중소벤처기업부,중소벤처기업부 창업벤처혁신실 창업정책관,0013010 | 0049010,"스타트업,청년",만 0세 ~ 만 0세,,,,소득조건코드=0043001 / 소득범위=0~0,,상담분야별 정보 제공과 전문가 매칭 및 상담 지원,        ,        ,,,,https://www.k-startup.go.kr/onestop/main/index.do,main,primary,스타트업원스톱지원센터,중소벤처기업부,,일자리,창업
youth,20260416005400112765,청소년비즈쿨,청소년을 대상으로 기업가정신 함양 및 창업 교육을 통해 꿈·끼·도전정신·진취성을 갖춘 '융합형 창의인재' 양성,교육/멘토링,중소벤처기업부,중소벤처기업부 창업벤처혁신실 창업정책관,0013009 | 0049010,기타,만 0세 ~ 만 0세,,,,소득조건코드=0043001 / 소득범위=0~0,,"(비즈쿨 학교 운영) 청소년과 밀접한 공간인 학교에서 기업가정신 관련 교육, 체험활동, 창업동아리 등을 지원 (체험활동 운영) 초·중·고등학생의 수준에 맞는 체험형 프로그램 및 캠프, 비즈쿨 페스티벌을 개최하여 기업가 정신 함양 및 창업 실무지식 습득 (기업가정신 교육지원) 담당교사 온·오프라인 직무연수 지원, 기업가정신 관련 교재·콘텐츠를 개발하여 전국 비즈쿨 운영학교에 보급",20260210 ~ 20260303,        ,,,,https://www.kised.or.kr/menu.es?mid=a10202010000,main,primary,청소년비즈쿨,중소벤처기업부,20260210 ~ 20260303~,교육･직업훈련,미래역량강화
youth,20260416005400112764,2026년도 창업중심대학 대학발 (예비)창업기업 모집 공고,대학의 창업 인프라를 활용하여 우수한 창업아이템을 보유한 대학발 (예비)창업기업의 사업화를 지원,인력/일자리,중소벤처기업부,중소벤처기업부 창업벤처혁신실 창업정책관,"0013006,0013009 | 0049010","청년,초기창업기업",만 0세 ~ 만 0세,,,,소득조건코드=0043001 / 소득범위=0~0,,"사업화자금 (평균 0.7억원 내외, 최대 1.5억원), 창업프로그램 등",20260303 ~ 20260324,        ,,,,https://www.k-startup.go.kr/web/contents/bizpbanc-deadline.do?pbancClssCd=PBC010&schStr=%EC%B0%BD%EC%97%85%EC%A4%91%EC%8B%AC%EB%8C%80%ED%95%99&schM=view&pbancSn=176498,main,primary,2026년도창업중심대학대학발예비창업기업모집공고,중소벤처기업부,20260303 ~ 20260324~,일자리,창업
youth,20260416005400112763,재도전성공패키지,"성실한 실패 경험과 우수한 아이템을 바탕으로 성장 가능성이 높은 (예비)재창업기업을 발굴하고, 패키지형 재창업 지원",인력/일자리,중소벤처기업부,중소벤처기업부 창업벤처혁신실 창업정책관,0013009 | 0049010,기타,만 0세 ~ 만 0세,,,,소득조건코드=0043001 / 소득범위=0~0,,"사업화 자금, 심리치유, 실패원인분석, 맞춤형 멘토링, 투자연계 등",20260211 ~ 20260304,        ,,,,https://www.k-startup.go.kr/web/contents/webCMRCZN.do?schM=view&id=170007,main,primary,재도전성공패키지,중소벤처기업부,20260211 ~ 20260304~,일자리,창업
youth,20260416005400112762,예비창업패키지,혁신적인 기술과 사업모델(BM)을 보유한 예비창업자를 발굴ㆍ지원,인력/일자리,중소벤처기업부,중소벤처기업부 창업벤처혁신실 창업정책관,0013006 | 0049010,"예비창업자,청년",만 0세 ~ 만 0세,,,,소득조건코드=0043001 / 소득범위=0~0,,"창업사업화에 소요되는 자금 평균 0.4억원, 창업프로그램 등

※ 사업화 자금(정부지원사업비)을 사업단계별(총 2단계)로 차등 지원(상세내용은 [별첨4] 참조)
- 1단계 : BM 구체화를 위한 시장조사 및 최소기능 제품(MVP) 제작 등 사업화 준비 자금 지원(20백만원)
- 2단계 : 협약 중간 시점에 1단계 사업계획의 진척도 및 향후 추진계획 등을 평가
평가 결과에 따라 50% 내외 선정하여 추가 정부지원사업비 지원",20260306 ~ 20260326,        ,,,,https://www.k-startup.go.kr/web/contents/bizpbanc-deadline.do?schM=view&pbancSn=176458,main,primary,예비창업패키지,중소벤처기업부,20260306 ~ 20260326~,일자리,창업
youth,20260416005400112761,올해의 K-스타트업(舊. 도전! K-스타트업),범부처 협업 창업경진대회를 통해 다양한 분야에서 유망 창업 아이템을 보유한 창업자(팀)를 발굴·시상하여 기술창업 분위기 확산,인력/일자리,중소벤처기업부,중소벤처기업부 창업벤처혁신실 창업정책관,0013010 | 0049010,"스타트업,청년",만 0세 ~ 만 0세,,,,소득조건코드=0043001 / 소득범위=0~0,,"시상(대통령상, 국무총리상, 장관‧청장상) 및 상금, 정부지원사업 후속 연계",20260327 ~ 20260831,        ,,,,https://www.k-startup.go.kr/web/contents/bizpbanc-ongoing.do?pbancClssCd=PBC010&schStr=%EA%B2%BD%EC%A7%84%EB%8C%80%ED%9A%8C&schM=view&pbancSn=176910,main,primary,올해의k스타트업舊도전k스타트업,중소벤처기업부,20260327 ~ 20260831~,일자리,창업
youth,20260416005400112760,글로벌 액셀러레이팅 지원사,"국내 창업기업의 글로벌 진출을 지원하고
해외 인재의 국내창업을 유도하여 국내 창업
생태계의 글로벌화 도모",인력/일자리,중소벤처기업부,중소벤처기업부 창업벤처혁신실 창업정책관,0013010 | 0049010,청년,만 0세 ~ 만 0세,,,,소득조건코드=0043001 / 소득범위=0~0,,"해외 진출을 희망하는 창업기업의 비즈니스 현지화, 멘토링 등 액셀러레이팅 프로그램 및 해외진출자금 평균 3천만원 지원",20260227 ~ 20260331,        ,,,,https://www.kised.or.kr/menu.es?mid=a10208020000,main,primary,글로벌액셀러레이팅지원사,중소벤처기업부,20260227 ~ 20260331~,일자리,창업
youth,20260416005400112759,스타트업AI기술인력양성(이어드림스쿨),"혁신 벤처·스타트업이 필요로 하는 AI 청년 실무 인력을 양성하고
취·창업 연계를 통해 청년 인재와 스타트업 간의 미스매치를 해소하는 사업입니다",교육/멘토링,중소벤처기업부,중소벤처기업부 창업벤처혁신실 창업정책관,0013010 | 0049010,"스타트업,청년",만 0세 ~ 만 39세,,39,,소득조건코드=0043001 / 소득범위=0~0,,"교육 과정은 비전공자인 초급자 누구나 참여할 수 있는 기존 ‘기본반(7개월)’에 더해, AI 관련 경력자, 전공자 등을 대상으로 맞춤 설계된 ‘심화반(3개월)’을 신설하여 교육생이 자신의 AI 활용 수준에 맞는 교육과정을 선택하여 수강할 수 있게 하였다.
 
교육비는 전액 무료이며, 교육생의 학업 성취도와 만족도 제고를 위해 성적 우수자 및 조기 취업자 등 우수 교육생을 대상으로 미국 실리콘밸리 등으로 해외 연수 기회를 제공하고 장학금, 상장 수여 등의 포상도 지원할 예정이다.",20260406 ~ 20260510,        ,,,,https://yeardream2026.elice.io/home/main,main,primary,스타트업ai기술인력양성이어드림스쿨,중소벤처기업부,20260406 ~ 20260510~,교육･직업훈련,미래역량강화
youth,20260416005400112758,모두의 창업,창의적 아이디어를 가진 국민 누구나 도전 할 수 있는 기회를제공하고 실패에 대한 부담을 완화하여 혁신 인재의 창업을 촉진하기위한「모두의 창업 프로젝트」도전자를 모집합니다,인력/일자리,중소벤처기업부,중소벤처기업부 창업벤처혁신실 창업정책관,0013010 | 0049010,청년,만 0세 ~ 만 0세,,,,소득조건코드=0043001 / 소득범위=0~0,,"창업활동자금, 사업화자금, 멘토링, AI솔루션 등 BM 고도화 프로그램 제공",20260326 ~ 20260515,        ,,,,https://www.modoo.or.kr/,main,primary,모두의창업,중소벤처기업부,20260326 ~ 20260515~,일자리,창업
youth,20260416005400212755,제주청년의 날 및 청년주간 운영,법정기념일인 ‘청년의 날’ 기념식 및 「청년기본법」에 따라 청년의 날로부터 1주간 청년 주간으로 운영하여 청년이 기획·참여하는 프로그램 운영으로 청년 이슈 공유와 청년 발전의 중요성을 알리는 행사 추진,복지/문화,제주특별자치도 청년정책담당관,제주특별자치도경제통상진흥원 경영본부 청년센터,0013010 | 0049010,청년,만 19세 ~ 만 39세,19,39,,소득조건코드=0043001 / 소득범위=0~0,,"청년의 날 기념식 개최 및 청년대상 시상
청년의 날 이벤트 운영, 청년주간 프로그램 운영",,,,,-,https://www.jeju.go.kr/index.htm,main,primary,제주청년의날및청년주간운영,제주특별자치도청년정책담당관,,금융･복지･문화,문화활동 및 생활지원
youth,20260416005400212753,제주 콘텐츠 청년일자리 빌드업 지원,"도내 콘텐츠 기업의 신규 정규직 채용을 지원하고, 
일정 기간 안정적인 고용과 직무 숙련을 병행함으로써 
실효성 있는 청년 일자리 창출 추진",인력/일자리,제주콘텐츠진흥원,제주특별자치도경제통상진흥원 경영본부 청년센터,0013001 | 0049010,청년,만 19세 ~ 만 39세,19,39,,소득조건코드=0043001 / 소득범위=0~0,,"□ 지원대상
(기업) 도내 콘텐츠 기업(기획・제작・개발・운영 등 수행)
(청년) 만19~39세 콘텐츠 직무 종사를 희망하는 도내 거주 청년

□ 지원내용
(인건비) 신규 청년 정규직 채용시 월 180만원 지원
(교통비) 읍・면 지역 소재 기업 취업 청년 월 10만원 지원
(교육) 콘텐츠 관련 직무역량 강화 교육 운영・지원",20260213 ~ 20260225,20261231,"* 모든 제출 서류는 1개의 PDF파일로 병합하고, 원본 한글파일과 함께 제출
* 제출서류의 누락・오기재・첨부파일 오류 등으로 인한 불이익은 신청자에 있음
* 제출서류는 접수 후 임의 추가・보완 불가(진흥원 보완 요청 시 제외)하며 일체 반환하지 않음",,"□접수방법 : 이메일 접수(abc@ofjeju.kr)
□제출서류 : 제공 신청양식을 활용 확인 후 작성 제출
  - 지원사업 신청서, 지원사업 참가계획서, 참여기업 확인서, 개인정보 활용・사업 참여등 동의서
    평가위원 추첨표, 사업자등록증, 법인등기부등본, 국세 지방세 납세증명서, 4대보험 가입자 명부, 완납증명서, 표준제무제표증명원, 우대가점 관련 증명서류",http://ofjeju.kr,main,primary,제주콘텐츠청년일자리빌드업지원,제주콘텐츠진흥원,20260213 ~ 20260225~20261231,일자리,취업
youth,20260415005400112751,(복지부) 26년 정신건강 심리상담 바우처사업,우울·불안 등 정서적 어려움으로 인해 심리상담이 필요한 국민에게 전문적인 심리상담 서비스를 제공합니다.,복지/문화,보건복지부,한국고용정보원,"1. 약물･알콜중독, 중증 정신질환(예: 조현병 등), 심각한 심리적 문제(급박한 자살위기 등)로 정신건강의학과 진료가 우선적으로 필요한 경우
2. 지역사회서비스 투자사업의 아동ㆍ청소년 심리지원서비스, 아동ㆍ청소년 정서발달 지원서비스, 정신건강토탈케어 서비스, 성인 심리지원서비스, 일상돌봄 서비스(심리상담), 발달장애인부모상담서비스를 지원받고 있는 경우 | 0013010 | 0049010",청년,만 0세 ~ 만 0세,,,"우울·불안 등 정서적 어려움이 있는 국민 중 아래 기준에 해당하는 자로, 나이 및 소득 기준은 없음
① 정신건강복지센터, 대학교상담센터, 청소년상담복지센터, Wee센터/Wee 클래스 등에서 심리상담이 필요하다고 인정하는 자
② 정신의료기관 등에서 우울·불안 등으로 인하여 심리상담이 필요하다고 인정하는 자
③ 국가 건강검진 중 정신건강검사(우울증 선별검사, PHQ-9) 결과에서 중간 정도 이상의 우울(10점 이상)이 확인된 자
④ 자립준비청년 및 보호연장아동
⑤ 「동네의원 마음건강돌봄 연계 시범사업*」 통해 의뢰된 자
⑥ 서비스 신청일로부터 5년 이내의 재난피해를 입은 본인 또는 재난피해로 사망한 자(실종자 포함)의 유가족",소득조건코드=0043001 / 소득범위=0~0,,"□ 서비스 내용
(지원내용) 우울·불안 등 정서적 어려움으로 인해 심리상담이 필요한 국민에게 전문 심리상담 서비스를 총 8회(1회당 최소 50분 이상) 이용할 수 있는 바우처 제공
(지원기간) 바우처 생성일로부터 120일간(연장 불가)
* 당해연도 사업은 1회만 신청 가능(재신청 불가)

□ 서비스 유형
(1급 유형) (국가전문자격) 정신건강전문요원 1급, 청소년상담사 1급, 전문상담교사 1급, (민간자격) 임상심리전문가, 상담심리사 1급, 전문상담사 1급
(2급 유형) (국가전문자격) 정신건강전문요원 2급, 청소년상담사 2급, 전문상담교사 2급, (국가기술자격) 임상심리사 1급, (민간자격) 상담심리사 2급, 전문상담사 2급

□ 서비스 가격
(서비스단가) 1회당 1급 유형은 8만원, 2급 유형은 7만원
(본인부담금) 이용자는 정부지원금을 제외한 차액을 부담
- 기준 중위소득 70% 이하 : 본인부담률 0%
- 기준 중위소득 70% 초과 ~ 120% 이하 : 본인부담률 10%
- 기준 중위소득 120% 초과 ~ 180% 이하 : 본인부담률 30%
- 기준 중위소득 180% 초과 : 본인부담률 50%
* 기초생활수급자, 차상위계층, 자립준비청년 및 보호연장아동, 법정한부모가족은 본인부담률, 재난피해자는 본인부담률 0%
* 사회보장정보시스템을 통해 신청일 기준 전월 건강보험료 부과액 기준으로 산정

※ 자세한 내용은 사업지침을 참고하시기 바랍니다.",20260101 ~ 20261231,20261231,"우울·불안 등 정서적 어려움이 있는 국민 중 아래 기준에 해당하는 자로, 나이 및 소득 기준은 없음
① 정신건강복지센터, 대학교상담센터, 청소년상담복지센터, Wee센터/Wee 클래스 등에서 심리상담이 필요하다고 인정하는 자
② 정신의료기관 등에서 우울·불안 등으로 인하여 심리상담이 필요하다고 인정하는 자
③ 국가 건강검진 중 정신건강검사(우울증 선별검사, PHQ-9) 결과에서 중간 정도 이상의 우울(10점 이상)이 확인된 자
④ 자립준비청년 및 보호연장아동
⑤ 「동네의원 마음건강돌봄 연계 시범사업*」 통해 의뢰된 자
⑥ 서비스 신청일로부터 5년 이내의 재난피해를 입은 본인 또는 재난피해로 사망한 자(실종자 포함)의 유가족","1. 사회보장급여(사회서비스이용권) 신청(변경)서
2. 사회서비스 이용자 준수사항 안내확인 동의서
3. 증빙서류(아래 항목 중 해당되는 1개 항목에 대한 증빙서류를 제출)
① 정신건강복지센터, 대학교상담센터, 청소년상담복지센터, Wee센터/Wee 클래스 등에서 심리상담이 필요하다고 인정하는 자
※ (증빙서류) 기관에서 발급하는 의뢰서 (신청일 기준 최근 3개월 이내)
② 정신의료기관 등에서 우울·불안 등으로 인하여 심리상담이 필요하다고 인정하는 자
※ (증빙서류) 정신과 의사, 한방신경정신과 한의사가 발급하는 진단서 또는 소견서 (신청일 기준 최근 3개월 이내)
③ 국가 건강검진 중 정신건강검사(우울증 선별검사, PHQ-9) 결과에서 중간 정도 이상의 우울(10점 이상)이 확인된 자
※ (증빙서류) 신청일 기준 1년 이내에 실시한 국가 일반건강검진 결과통보서
④ 자립준비청년 및 보호연장아동
※ (증빙서류) 보호종료된 자립준비청년 : 보호종료확인서, 보호연장아동 : 시설재원증명서 또는 가정위탁보호확인서
⑤ 「동네의원 마음건강돌봄 연계 시범사업*」 통해 의뢰된 자
* 동네의원 이용환자 중 정신건강 위험군에 대해 의사 면담 등을 통해 선별하여, 지역의 정신건강의료기관 또는 정신건강복지센터에 연계하는 시범사업(’22∼, 부산 등)
※ (증빙서류) 해당 사업 지침 별지 제4호 연계의뢰서 (신청일 기준 3개월 이내)
⑥ 서비스 신청일로부터 5년 이내의 재난피해를 입은 본인 또는 재난피해로 사망한 자(실종자 포함)의 유가족
* 유가족 범위: 배우자(사실혼 포함), 직계존비속, 형제자매
※ (증빙서류) 사회재난 피해사실확인서, 피해자 인정결정서","주민등록상 또는 실거주지 읍·면·동 행정복지센터(구. 주민센터/동사무소)를 직접 방문하거나 복지로 홈페이지(www.bokjiro.go.kr)에서 온라인으로 신청 가능
* 복지로 온라인신청 경로: 복지로 로그인 > 서비스 신청 > 복지서비스 신청 > 복지급여 신청 > 전국민 마음투자 지원사업

※ 이의신청: 신청결과에 대한 이의신청은 결정결과 통지받은 날로부터 60일 이내 관할 보건소에 방문하여 신청하시기 바랍니다.",https://www.bokjiro.go.kr,main,primary,복지부26년정신건강심리상담바우처사업,보건복지부,20260101 ~ 20261231~20261231,금융･복지･문화,건강
youth,20260415005400212750,2026년 미취업청년 자격증 응시료 지원사업(중랑구),미취업 청년의 자격증 취득 비용을 지원하여 경제적 부담을 완화하고 취업역량을 강화하여 청년들의 구직활동을 촉진하고자 함,인력/일자리,서울특별시 중랑구,서울특별시 중랑구,"- 현재까지 생애 10만원 이상 지원받은 자는 지원 제외(1인 생애 10만원 까지 지원가능)
- 2026년 서울 청년수당, 국민취업지원제도(1,2유형) 참여자는 지원 제외
- 2026년 타자치구 유사사업(자격증 응시료 지원사업 등) 참여자 지원 제외 | 0013003 | 0049010",청년,만 19세 ~ 만 39세,19,39,,소득조건코드=0043001 / 소득범위=0~0,," □ 신청기간 : 2026. 1. ~ 12. ※ 예산 소진시 조기 마감
 □ 대    상 : 주민등록상 중랑구 거주 19 ~ 39세(1987.1.1.~2007.12.31.출생자) 미취업 청년
 □ 지원내용 : 자격증 응시료 실비 (1인 생애 10만원 이내) 
 □ 대상 시험종류
   - 어학(토익, 토스, 토플, 오픽, 아이엘츠, 텝스, 지텔프, HSK, JPT, JLPT 등)
   - 한국사능력검정시험
   - 국기기술자격증, 국가전문자격증(Q-NET에서 확인가능)
   - 국가공인 민간 자격증(한국직업능력연구원 민간자격정보서비스에서 확인가능)  
  ※ 경찰청 주관 자동차운전면허 제외
  ※ 합격 여부와는 무관하며, 자격시험 접수 후 미응시자는 지원 제외

○ 신청자 제출서류 
 ① (필수)응시료 지원 신청서 ※ 서명란에 자필 서명
 ② (필수)개인정보 수집･이용 및 행정정보공동 이용에 관한 동의서 ※ 서명란에 자필 서명
 ③ (필수)응시 사실 확인 증빙(응시확인서 또는 성적표 중 택1) ※ 접수증 불가 
 ④ (필수)응시료 결제 영수증(실제 결제금액 표기) ※ 매출전표 제출 원칙
 ⑤ (필수)통장 사본(신청자 본인 명의) 
 ⑥ (선택)근로계약서
  ※ 근로계약서 : 근로계약 3개월 이하 또는 주 26시간 이하 단기근로자, 동행일자리 등 
     정부일자리 근로자일 경우 제출
  ※ 근로계약서가 없을 경우 계약기간 및 근로시간, 정부일자리 참여를 증명할 수 있는 증명서 제출

○ 기관 조회서류 ※ 단, 행정정보공동이용 미동의 시 신청자가 제출
 ① (필수)주민등록 초본 ※ 출생년도, 중랑구 거주유무 확인
 ② (필수)고용보험 피보험 자격이력내역서 ※ 미취업유무 확인

",20260202 ~ 20261210,        ,,,"신청방법 : 이메일(jnyouth2274@jn.go.kr) 또는 방문(중랑구청 지역경제과) 신청
",https://www.jungnang.go.kr/health/bbs/view/B0000117/164097?menuNo=400493,main,primary,2026년미취업청년자격증응시료지원사업중랑구,서울특별시중랑구,20260202 ~ 20261210~,일자리,취업
youth,20260415005400212748,2026년 중랑구 청년 창업 아카데미,창업 아이디어 발굴부터 비즈니스 모델 구축까지 단계별 창업 교육 및 멘토링을 통해 지역 청년 창업가를 양성하고자 함,인력/일자리,서울특별시 중랑구 기획경제국,서울특별시 중랑구,0013006 | 0049010,청년,만 19세 ~ 만 39세,19,39,"중랑구 거주 또는 활돋 예비 및 초기 창업가 20팀
(프로그램 완주 의지가 높고 실제 창업까지 연계가능한 중랑구 거주자 우선)",소득조건코드=0043001 / 소득범위=0~0,,"  □ 사업기간 : 2026. 5. ~ 6.  * 모집기간 : 4월말~5월초 예정
  □ 대    상 : 중랑구 거주 또는 활동하는 19~39세 청년 예비 및 초기 창업가 20팀
  □ 장    소 : 중랑청년청(중랑구 중랑역로 159)
  □ 주요내용 : 창업 교육·전문가 멘토링(5회), 모의 창업대회·네트워킹데이(2회) 개최",20260521,20260618,"중랑구 거주 또는 활돋 예비 및 초기 창업가 20팀
(프로그램 완주 의지가 높고 실제 창업까지 연계가능한 중랑구 거주자 우선)",,ㅇ 신청절차 및 기간 4월 말 중랑청년청 인스타그램에 게시 예정,https://www.instagram.com/jn_youth_,main,primary,2026년중랑구청년창업아카데미,서울특별시중랑구기획경제국,20260521~20260618,일자리,창업
youth,20260415005400212747,2026년 중랑구 청년 재테크 교육,사회초년생을 위한 재테크 교육을 통해 청년들의 자산 형성 및 투자 등 재무 관리 역량을 강화하고자 함,복지/문화,서울특별시 중랑구 기획경제국,서울특별시 중랑구,0013010 | 0049010,청년,만 19세 ~ 만 39세,19,39,중랑구 거주 또는 활동하는 19~39세 청년(중랑구 거주자 우선선발),소득조건코드=0043001 / 소득범위=0~0,,"  □ 사업기간 : 2026. 7. ~ 8.  * 2026. 5~6월중 모집 예정
  □ 대    상 : 중랑구 거주 또는 활동하는 19~39세 청년 240명(회당 40명) 
  □ 장    소 : 중랑청년청 지하프로그램실(중랑구 중랑역로 159)
  □ 주요내용 : 재무상태 진단·저축 및 투자 전략 수립 등 자산 관리 교육 운영",20260716,20260820,중랑구 거주 또는 활동하는 19~39세 청년(중랑구 거주자 우선선발),,신청기간 현재 미정으로 '중랑청년청' 인스타그램에 신청 기간 및 절차 등 안내예정,https://www.instagram.com/jn_youth_/,main,primary,2026년중랑구청년재테크교육,서울특별시중랑구기획경제국,20260716~20260820,금융･복지･문화,취약계층 및 금융지원
youth,20260415005400212746,유네스코 국제문화사업,"ㅇ (목적) 동북아 허브도시‘제주’를 통해 청년예술인 주도 문화혁신육성
ㅇ (대상) 제주·해외 청년예술인 15명
ㅇ (주요내용) 글로벌 청년해커톤 및 국제행사 유치 등",복지/문화,제주특별자치도,제주특별자치도경제통상진흥원 경영본부 청년센터,0013010 | 0049010,청년,만 0세 ~ 만 0세,,,,소득조건코드=0043001 / 소득범위=0~0,,"ㅇ (수탁기관) UNESCO
ㅇ (주요내용) 지속가능한 문화정책(Je* Create)  * Je : 프랑스어 ‘나는’/ 제주의 Je
 - 기후·AI·평화 등 글로벌 청년예술인 해커톤(아이디어 경진대회)
 - 글로벌 연례 포럼/워크숍(지식교류 플랫폼) 개최
 - 2028 국제행사 연계 전시/부대행사(정책브리프·사례 확산) 유치",20260101,20281231,※ 모집대상 등 세부사항 추후 안내 예정,,ㅇ UNESCO를 통해 신청,https://www.jeju.go.kr/index.htm,main,primary,유네스코국제문화사업,제주특별자치도,20260101~20281231,금융･복지･문화,문화활동 및 생활지원
youth,20260415005400212745,창의융합형 공학인재 양성 지원사업,"- 기업 수요자 중심의 산․학 협력 맞춤형 교육으로 우수 인력 양성
- 국내외 대학 간 공동 프로그램 운영 및 각종 경진대회 글로벌 교육 네트워크 구축
- 지역산업과 대학 핵심역량을 고려한 공학교육 인증 프로그램 운영",교육/멘토링,제주대학교 공학교육혁신센터,제주특별자치도경제통상진흥원 경영본부 청년센터,0013010 | 0049005,청년,만 0세 ~ 만 0세,,,,소득조건코드=0043001 / 소득범위=0~0,,"· 산․학 협력 맞춤형 교육 지원 등 기회 제공
· 공학교육 인증 프로그램(산업체 요구 맞춤형 인재양성 프로그램) 운영
· 미래신산업선도 창의융합인재 양성과정 운영",20260301 ~ 20260331,,"※사업별 신청 및 사업기간 상이, 공고문 별도 확인",,"※ 제주대학교 공과대학 학생 대상
※ 학과 방문 신청 등 홈페이지 확인",https://abeek.jejunu.ac.kr/abeek/news/notice.htm,main,primary,창의융합형공학인재양성지원사업,제주대학교공학교육혁신센터,20260301 ~ 20260331~,교육･직업훈련,미래역량강화
youth,20260414005400212743,여수시 청년 소상공인 맞춤형 방문 컨설팅 지원사업,여수시 청년 창업기업 대상 맞춤형 컨설팅 지원을 통한 청년 창업기업의 시장 경쟁력 강화 및 지역경제 활성화,인력/일자리,전라남도 여수시 기획경제국,전라남도 여수시 청년인구정책관,0013006 | 0049010,"소상공인,청년",만 18세 ~ 만 45세,18,45,대표자 주소지 및 영업장 소재지가 여수시로 등록되어 있는 기업,"소득조건코드=0043003 / 소득범위=0~0 / 업력 6개월 이상 5년 미만, 연 매출 2억원 이하",,"• 선정기업 전원 맞춤형 컨설팅 지원 :  기업당 15시간 이내
• 사업 고도화(환경개선, 상품개발, 판로개척 등) 지원 :  기업당 500만원 이내
• 홍보·마케팅비(리플렛, 폼페이지 제작, 홍보영상 제작 등) 지원 : 기업당 100만원 이내
• 창업교육(마케팅, BM, 사업고도화 등), 플리마켓 참가지원 등",20260330 ~ 20260417,20261231,대표자 주소지 및 영업장 소재지가 여수시로 등록되어 있는 기업," 사업신청서 및 사업계획서 각 1부 【서식 1-1, 1-2】
 개인정보 수집 및 활용 동의서 1부 【서식 2】
③ 주민등록초본 1부 (최근 5년 주소이력 포함, 공고일 이후 발급)
 국세 납세증명서 1부
⑤ 지방세 납세증명서 1부
⑥ 사업자등록증 1부
⑦ 부가가치세과세표준증명원 또는 표준재무제표증명 1부","공고문 내 제출서류 작성 및 첨부하여 이메일 접수
(접수처 : moolbeen@ccei.kr ) ",https://ccei.creativekorea.or.kr/jeonnam/main.do,main,primary,여수시청년소상공인맞춤형방문컨설팅지원사업,전라남도여수시기획경제국,20260330 ~ 20260417~20261231,일자리,창업
youth,20260414005400212732,공공기관 통합채용 실시,"ㅇ 사업목적: 도내 공공기관 채용과정의 공정성·투명성 확보 및 도민 신뢰 제고
ㅇ 대상기관: 통합채용 공동실시 협약*기관 (17개 공공기관)
* 
· (지방공기업) 제주개발공사, 제주관광공사, 제주에너지공사
· (출자‧출연기관) 제주국제컨벤션센터, 제주연구원, 제주4.3평화재단, 제주평생교육장학진흥원, 제주문화예술재단, 제주콘텐츠진흥원, 제주여성가족연구원, 제주의료원, 서귀포의료원, 제주한의약연구원, 제주경제통상진흥원, 제주신용보증재단, 제주테크노파크, 제주사회서비스원
ㅇ 채용대상: 정원이 확보된 정규직 직원(신입, 경력)
ㅇ 응시자격: 도내 일자리 창출 차원에서 제주특별자치도에 주소를 둔 사람으로 제한 (단, 도내에서 인력 수급이 어려운 전문 분야는 예외)
ㅇ 채용일정: (1회) 3월~6월 / (2회) 6월~9월/ (3회) 9월~12월 
ㅇ 전형단계: (1단계)필기시험 ⇨ (2단계)서류전형 ⇨ (3단계)면접시험",인력/일자리,제주특별자치도 특별자치행정국 총무과,제주특별자치도경제통상진흥원 경영본부 청년센터,0013010 | 0049009,청년,만 18세 ~ 만 60세,18,60,,소득조건코드=0043001 / 소득범위=0~0,,ㅇ 도내 공공기관 채용과정의 공정성·투명성 확보로 도내 공공기관 취업 희망자들에게 공정한 채용기회 보장,20260320 ~ 20260330,        ,ㅇ 회차별 공공기관 통합채용에 참여 기관 및 선발인원이 다르므로 입사희망 공공기관의 채용인원 등이 있는지 3월(1회) 6월(2회) 9월(3회)경 통합채용 공고 확인 필요,,"ㅇ 제주특별자치도 누리집(홈페이지) 등에서 공공기관 직원 통합채용 공고 시 공고문 확인 후 원서접수시스템에 접속 후 신청(지원)

※ 제주도청 공고문(1차): https://www.jeju.go.kr/works/exam/exam3/list.htm?act=view&seq=2009510",https://jeju.career.co.kr/,main,primary,공공기관통합채용실시,제주특별자치도특별자치행정국총무과,20260320 ~ 20260330~,일자리,취업
youth,20260414005400212731,지역혁신중심 대학지원체계(RISE) 사업,"- (인재육성) 현장 맞춤형 핵심인재 양성 및 지역정주 해외인재 유치·양성
 - (교육·연구) 글로벌 K-교육·연구 런케이션 플랫폼 조성, 전략산업 생태계 육성 및 미래혁신역량 강화
 - (창업) 인재-교육·연구-창업연계 지원 대학 거점 육성
 - (평생교육) 국민 평생교육대학 및 지역산업 특화 직업평생교육 활성화
 - (지역사회) 사회혁신 및 미래변화 대응 경쟁력 강화, 의료·늘봄 혁신",교육/멘토링,제주테크노파크,제주특별자치도경제통상진흥원 경영본부 청년센터,0013010 | 0049010,청년,만 0세 ~ 만 0세,,,,소득조건코드=0043001 / 소득범위=0~0,,사업별 프로그램 진행,20260301 ~ 20261231,        ,"※ 신청 및 사업기간은 사업별 상이, 공고문 확인 필수",,※ 공고문 확인 필수,https://www.jejutp.or.kr/,main,primary,지역혁신중심대학지원체계rise사업,제주테크노파크,20260301 ~ 20261231~,교육･직업훈련,미래역량강화
youth,20260413005400212725,청년창업 스케일업 지원사업,"ㅇ (목적) 청년창업 생태계 활성화 환경 조성
ㅇ (대상) 도내 청년 창업기업
ㅇ (주요내용) 청년 창업기업의 도약과 성장을 위한 투자 역량 강화 프로그램 운영
ㅇ (전달체계) 공기관대행사업(제주테크노파크)",인력/일자리,(재)제주테크노파크,제주특별자치도경제통상진흥원 경영본부 청년센터,0013010 | 0049010,청년,만 0세 ~ 만 0세,,,,소득조건코드=0043001 / 소득범위=0~0,,"ㅇ (지원대상) 제주지역 내 사업장을 소지한 창업 7년 이내 청년기업 
ㅇ (지원내용)
 - 창업(중소)기업 투자유치 역량강화를 위한 종합지원(사업모델 고도화, 경영‧기술 컨설팅, 멘토링, 마케팅, IR교육 등)
 - 기업 성장 단계 및 투자 준비도에 따라 단계별 맞춤 지원 제공
 - 창업기업 중 IR을 통한 상위 2개사를 선발하여 VC 연계투자(시트투자) 진행
ㅇ (지원규모) 기업당 13,500천원 내외, 12개사 내외 / 2개사 이상 투자, 투자금액 3억원 이상",20260301 ~ 20260430,20261231,,,"ㅇ 신청 접수(‘23.2~3월 중)
 - 제주산업정보서비스(JEIS) 홈페이지 온라인 접수

ㅇ 문의처 : 064-710-3902(소상공인과), 064-720-2300(제주테크노파크)",https://www.jeis.or.kr/,main,primary,청년창업스케일업지원사업,재제주테크노파크,20260301 ~ 20260430~20261231,일자리,창업
youth,20260413005400212724,청년도전지원사업,"청년도전지원사업은 구직단념 청년들을 대상으로 맞춤형 프로그램을 제공하여 청년의 구직의욕 고취, 노동시장 참여 및 취업촉진을 지원하는 정책으로 사회활동 참여 의욕을 높이고, 이수 시 취업·국민취업지원제도·미래내일일경험· 직업훈련 등과 연계한다.
참여자 대상은 만 18~34세 청년이며, 지역특화로 35~39세 까지 가능하다.
사업신청일 이전 6개월 이상 취업· 교육· 직업훈련 참여 이력이 없는 구직단념 청년, 자립준비청년, 청소년복지시설 입·퇴소 청년, 북한이탈청년,, 가습기살균제피해 청년, 지역특화청년 등이 참여 가능하다.",인력/일자리,사회적협동조합 제주내일,제주특별자치도경제통상진흥원 경영본부 청년센터,"0013003,0013005 | 0049010",청년,만 18세 ~ 만 39세,18,39,,소득조건코드=0043001 / 소득범위=0~0,,"단기(최소 5주 이상), 중기(최소 15주 이상), 장기(25주 이상)과정의 프로그램 참여가 가능하며, 각 단계별 밀착상담, 자신감회복, 사례관리, 진로탐색, 취업역량강화, 지역맞춤 프로그램 등 맞춤형 프로그램을 제공한다.
프로그램 참여자에 대해 최소 3개월 이상 사후 서비스가 제공 된다. 
각 유형 이수조건을 충족할 경우 각 50만원, 150만원, 250만원의 참여 수당과 중기·장기의 경우 20만원의 이수 인센티브가 지원되며, 이수 후 6개월 이내 취업·창업 후 3개월 근속이 확인된 경우 50만원의 취업인센티브가 추가로 지원된다.
장기의 경우 이수 후 취업 관련 활동시 30만원을 지원한다. ",20260101 ~ 20260930,20261231,"구체적인 개인별 참여자격은 상담을 통해 정확히 확인 가능하며, 참여 제한 사항에 해당하는 경우 참여가 불가할 수 있다. 또한 유사사업과의 중복참여인 경우 참여 불가하다.",,"1. 고용24 신청 
- 워크넷 회원가입 및 구직신청 후 취업지원 탭에서 청년도전지원사업을 선택
- 개인정보와 계좌번호를 입력 후 신청

2. 기관 참여신청 링크 신청
- 온라인 참여신청 링크를 이용
- 유선·방문 상담을 통해 가능하다. 

고용24: https://www.work24.go.kr/cm/main.do
홈페이지: http://jejutomorrow.net/gnuboard4/bbs/board.php?bo_table=sub0401&wr_id=77
신청세부사항(블로그):https://blog.naver.com/jejuworkchallenge23/224148568313",https://blog.naver.com/jejuworkchallenge23/224148568313,main,primary,청년도전지원사업,사회적협동조합제주내일,20260101 ~ 20260930~20261231,일자리,취업
youth,20260413005400212723,청년성장프로젝트,"청년의 구직활동 지원 및 쉬었음 전환 예방을 위해 고용노동부, 자치단체가 함께 미취업 청년 등에게 청년 친화적 인프라(청년카페) 및 맞춤형 프로그램 제공",인력/일자리,제주특별자치도 기획조정실 청년정책담당관,제주특별자치도경제통상진흥원 경영본부 청년센터,0013003 | 0049010,청년,만 15세 ~ 만 39세,15,39,,소득조건코드=0043001 / 소득범위=0~0,,"제주도 내 미취업 청년들에게 쉬었음 예방 및 진로탐색을 위하여 경력(재)설계, 집단심리상담, 일상지원, 실무교육, 네트워킹을 지원해주는 고용노동부 정책",20260101,20261231,,,"제주패스파인더 홈페이지 접속 후 신청(www.jejupathfinder.org)
제주패스파인더 인스타그램 접속 후 프로필링크 클릭하여 신청(instagram.com/jejupathfinder)

참여자 고용24 정보 등록 ▶ 프로그램 참여 및 이수 ▶ 청년정책 연계 및 사후관리

인프라 제공 : 청년의 일상 및 구직의욕 유지를 위한 청년 친화적 시설 등(청년카페)
프로그램 제공 : 초기상담 후 일상유지, 구직활동에 필요한 프로그램 제공
 ·일상지원 및 심리회복: 집단심리상담, 신체건강 프로그램, 지역특색 활용 일상회복 프로그램 등
 ·진로탐색 및 역량개발: 취업교육, 예비창업교육, 직무역량강화 특강, 경력(재)설계, 고용정책 안내 등
 ·네트워킹 프로그램: 기업 연계 프로젝트, 직무 체험 프로그램, 청년/지역 진로 네트워크 등
 ·지역특화 프로그램: 지역기업 일경험/탐방 프로그램, 제주 자연 체험 프로그램
후속 지원 : 정부·지자체의 청년고용정책 안내 및 연계 지원
",https://www.jejupathfinder.org/,main,primary,청년성장프로젝트,제주특별자치도기획조정실청년정책담당관,20260101~20261231,일자리,취업
youth,20260413005400212721,청년 취업 설계 프로그램 운영,"○(대상) 서귀포시 관내 미취업 청년(19세~39세)
○(목적) 청년 구인, 구직난 해소 및 청년 고용 활성화 도모
○(주요내용) 서귀포시 청년층 자기소개서 및 면접 컨설팅, 프로그램 제공 등",인력/일자리,제주특별자치도 서귀포시 농수축산경제국 경제일자리과,제주특별자치도경제통상진흥원 경영본부 청년센터,0013003 | 0049010,청년,만 19세 ~ 만 39세,19,39,,소득조건코드=0043001 / 소득범위=0~0,,"○ 사업내용
 - 전문 상담원을 통한 구인·구직 매칭 및 취업 관련 상시 상담
 - 청년 취업 지원 컨설팅: 이력서 및 자기소개서 컨설팅 및 모의면접 실전스킬, 스피치 기법 등
 - 청년 취업 특강: 디지털 기술 활용 등 미래형 인재 양성을 위한 특강 등",20260101,20261231,,,"(사)서귀포YWCA로 신청접수
 - 전화문의 및 방문접수",http://www.sgpoywca.or.kr/sub.asp?maincode=514&sub_sequence=520&sub_sub_sequence=&mskin=&exec=view&strBoardID=kui_520&intPage=1&intCategory=0&strSearchCategory=|s_name|s_subject|&strSearchWord=&intSeq=7019,main,primary,청년취업설계프로그램운영,제주특별자치도서귀포시농수축산경제국경제일자리과,20260101~20261231,일자리,취업
youth,20260413005400212720,청년 공공일자리사업,청년층 일자리 창출로 직무경험 제공 및 역량 발전 도모,인력/일자리,제주특별자치도 제주시 경제일자리국 일자리에너지과,제주특별자치도경제통상진흥원 경영본부 청년센터,0013010 | 0049010,청년,만 19세 ~ 만 39세,19,39,,소득조건코드=0043003 / 소득범위=0~0 / 취업취약계층(저소득층: 기준중위소득 60% 이하),,"❍ 사업내용: 청년층 대상 공공부문 일자리 창출 및 직무경험 등 제공
            (DB구축, 전산관리, 실태조사 등 자격 활용형 행정 지원 등)
❍ 근로시간 및 임금: 주 15시간 ~ 40시간 근무(사업에 따라 상이), 생활임금(시간당 12,110원) 적용
❍ 선정방법
  - (자격요건) 제주시 거주 청년(19~39세) 
  - (우선순위) 저소득층(기준중위소득 60%이하), 장기실업 및 구직활동 중인 청년 
",,,문의처 : 채용 공고문 내 사업부서 연락처,,"신청 기간 : (상반기)매년 1월 초, (하반기) 6월초 / 신청 기간은 모집 계획 수립에 따라 매년 상이함

제주시청 홈페이지-채용공고에서 모집 공고 확인 후 신청기간 내 접수처 방문 접수 원칙",https://www.jejusi.go.kr/information/intro/recruit.do,main,primary,청년공공일자리사업,제주특별자치도제주시경제일자리국일자리에너지과,,일자리,취업
youth,20260413005400212719,제주시 대학생·청년 아르바이트,대학생과 청년들에게 시정 참여를 통한 사회 경험 체득 및 학비 마련의 기회 제공,인력/일자리,제주시 자치행정국 총무과,제주특별자치도경제통상진흥원 경영본부 청년센터,0013003 | 0049010,청년,만 19세 ~ 만 39세,19,39,,소득조건코드=0043001 / 소득범위=0~0,,"제주시에 주민등록이 되어 있는 재(휴)학 대학생 또는 제주시에 주민등록이 되어 있는 시민의 자녀 중 재(휴)학 대학생 또는 청년
미취업 청년들에게 시정업무를 직접 체험하고 진로탐색의 기회를 제공하는 정책
",20260601 ~ 20260601,        ,"- 최근 1년 참여자 제외
- 우선순위: 국민기초생활보장수급자, 법정저소득 한부모가정 자녀, 장애인 본인
- 차선발순위: 다자녀 가구의 자녀*중 차상위계층 대상자
  *다자녀 가구: 2자녀 이상이면서 자녀 중 1명 이상 만 19세 미만
※우선순위 신청인원 모집인원 범위 내 전원 선발 → (미달 시) 차순위선발대상자 전원 선발 
  → (미달 시) 일반대상자 선발",,인터넷 접수(제주시 홈페이지 → 시민참여 → 아르바이트 모집),https://www.jejusi.go.kr/index.ac,main,primary,제주시대학생청년아르바이트,제주시자치행정국총무과,20260601 ~ 20260601~,일자리,취업
youth,20260413005400212718,서귀포시 취업준비 청년 자격증 등 응시료 지원사업,취업준비 청년들의 자격증 등 응시료 지원을 통해 서귀포시 청년 취업역량 강화 도모 및 경쟁력 제고,인력/일자리,제주특별자치도 서귀포시 자치행정국 기획예산과,제주특별자치도경제통상진흥원 경영본부 청년센터,0013003 | 0049010,청년,만 19세 ~ 만 39세,19,39,,소득조건코드=0043001 / 소득범위=0~0,,"- 대상: 신청일 기준 서귀포시 주민등록을 둔 미취업 청년
- 주요내용: 자격증 등 응시료 실비 지원
- 전달체계: 지원사업 공고 → 신청 접수 및 실비 지원(매월)",20260209 ~ 20261231,20261231,,,서귀포시청 홈페이지 → 배너 → 응시료 지원사업 신청 접수,https://seogwipo.go.kr/group/selfgoverning/planning/application/intro.htm,main,primary,서귀포시취업준비청년자격증등응시료지원사업,제주특별자치도서귀포시자치행정국기획예산과,20260209 ~ 20261231~20261231,일자리,취업
youth,20260413005400212717,구직자 취업도약 플러스 프로그램 운영,"전문직업상담사가 구직자 개인 수준에 맞는 직업상담, 면접지원 등1:1 맞춤형 취업알선 서비스를 제공",인력/일자리,제주특별자치도 경제활력국 고용센터,제주특별자치도경제통상진흥원 경영본부 청년센터,0013003 | 0049010,청년,만 0세 ~ 만 0세,,,,소득조건코드=0043001 / 소득범위=0~0,,"구직자 맞춤형 취업상담 지원, 진로코칭 및 취업컨설팅, 찾아가는 일자리 상담센터 운영 등",20260303,20261231,,,씨패스 전화 접수,https://jejuyouthdream.com/policy/detail/8,main,primary,구직자취업도약플러스프로그램운영,제주특별자치도경제활력국고용센터,20260303~20261231,일자리,취업
youth,20260413005400212715,산모·신생아 재가돌봄 서비스 지원,산모·신생아 건강관리 본인부담금 지원으로 출산·산후 회복에 소요되는 출산가정의 경제적 부담을 완화하고 아이낳기 좋은 도시 울산 구현,복지/문화,울산광역시,울산광역시 기업투자국,0013010 | 0049010,청년,만 0세 ~ 만 0세,,,,소득조건코드=0043001 / 소득범위=0~0,,"  ○ 사업기간 : ‘26. 1. ~ 12.  ※ 2026. 1. 1. 출생아부터 적용
  ○ 지원대상 : 산모·신생아 건강관리 지원 사업 바우처 이용 산모
  ○ 지원방법 : 현금 지급(계좌 입금)
  ○ 지원내용 : 산모·신생아 건강관리 바우처 이용 시 발생하는 본인부담금 일부 지원 
    ※ 본인부담금의 10% 제외 후 첫째아 20만원, 둘째아 30만원, 셋째아 40만원 이내 지원
  ○ 지원기준 : 울산광역시 출생신고 및 출생일 1개월 전부터 부 또는 모가 시에 주민등록을 두고 거주
  ○ 수행기관 : 구·군 보건소",20260101 ~ 20261231,20261231,,,,https://www.ulsan.go.kr/s/ulsanyouth/bbs/view.do?bbsId=BBS_0000000000000316&mId=008001001000000000&dataId=56215,main,primary,산모신생아재가돌봄서비스지원,울산광역시,20260101 ~ 20261231~20261231,금융･복지･문화,문화활동 및 생활지원
youth,20260413005400212714,울산형 초등 틈새돌봄,"돌봄 수요와 시설 확충 간 시차 존재, 동시설 설치에 따른 부담 심화 등에 따른 돌봄 공백을 기존 돌봄시설의 역할 강화, 공유시설의 돌봄시설 역할 부여, 이웃돌봄 장려로 해소하기 위함",복지/문화,울산광역시,울산광역시 기업투자국,0013010 | 0049010,청년,만 0세 ~ 만 0세,,,,소득조건코드=0043001 / 소득범위=0~0,,"  ○ 사업대상 : 틈새돌봄이 필요한 초등학생 및 부모
  ○ 사업내용
    - 야간‧토요 돌봄 : 기존 지역아동센터 5개소를 지정하여 야간 및 토요일 일시적인 돌봄서비스 제공
    - 늘곁애(愛) 돌봄 : 마을도서관, 아파트 커뮤니티 공간 등 공공시설에 돌봄인력을 파견하여 탄력적인 돌봄을 제공 
    - 이웃애(愛) 돌봄 : 이웃이 돌봄의 주체로서 함께하는 육아품앗이로 공적 돌봄 틈새 보완 및 돌봄 공동체 문화 확산 
  ○ 수행기관 : 지역아동센터울산광역시지원단 / 울산광역시육아종합지원센터",        ,        ,,,,https://www.ulsan.go.kr/s/ulsanyouth/bbs/view.do?bbsId=BBS_0000000000000316&mId=008001001000000000&dataId=56214,main,primary,울산형초등틈새돌봄,울산광역시,,금융･복지･문화,문화활동 및 생활지원
youth,20260413005400212713,울산시립아이돌봄센터 운영,갑작스런 돌봄공백 발생 시 부모들이 안심하고 맡길 수 있는 안전한 시설에 대한 수요에 적극 부응하기 위함,복지/문화,울산광역시,울산광역시 기업투자국,0013010 | 0049010,청년,만 0세 ~ 만 0세,,,,소득조건코드=0043001 / 소득범위=0~0,," ○ 사업대상 : 긴급돌봄이 필요한 0~12세(를 돌보는 부모)
  ○ 사업내용 : 365일 24시간 긴급돌봄 제공
    - 일 최대 4시간, 월 최대 48시간
  ○ 정    원 : 50명 
  ○ 신청방법 : 시설 홈페이지 신청(최소 2시간 전)
  ○ 수행기관 : 울산광역시 복지가족진흥사회서비스원",        ,        ,,,,https://www.ulsan.go.kr/s/ulsanyouth/bbs/view.do?bbsId=BBS_0000000000000316&mId=008001001000000000&dataId=56210,main,primary,울산시립아이돌봄센터운영,울산광역시,,금융･복지･문화,문화활동 및 생활지원
youth,20260413005400212712,"신혼, 맞벌이부부 행복 공동육아나눔터 확충","맞벌이 등으로 약화된 가족돌봄 기능을 보완하고, 지역사회 돌봄 공동체를 조성",복지/문화,울산광역시,울산광역시 기업투자국,0013010 | 0049010,청년,만 0세 ~ 만 0세,,,,소득조건코드=0043001 / 소득범위=0~0,,"  ○ 사업규모 : 10개소(중구 1, 남구 2, 동구 2, 북구 3, 울주군 2)
  ○ 주요내용
    - (공간 제공) 자녀 돌봄을 위한 안전한 공간 제공
    - (프로그램 운영) 부모와 자녀가 함께하는 부모참여형 프로그램 운영
    - (공동육아 지원) 품앗이 돌봄공동체 구성·운영, 다양한 활동 수행
    - (놀이할동 지원) 다양한 놀이 프로그램을 개발, 놀이활동 촉진 교구 등 지원",        ,        ,,,,https://www.ulsan.go.kr/s/ulsanyouth/bbs/view.do?bbsId=BBS_0000000000000316&mId=008001001000000000&dataId=56210,main,primary,신혼맞벌이부부행복공동육아나눔터확충,울산광역시,,금융･복지･문화,취약계층 및 금융지원
youth,20260413005400212711,울산형 공공예식장 지원사업,예비부부에게 합리적이고 부담 없는 결혼 기회 제공 및 지역 맞춤형 결혼 지원 정책으로 청년 정주여건 개선,복지/문화,울산광역시,울산광역시 기업투자국,0013010 | 0049010,청년,만 0세 ~ 만 0세,,,,소득조건코드=0043001 / 소득범위=0~0,,"  ○ 사업기간 : ‘26. 3. ~ 11.
  ○ 지원대상 : 울산에 주민등록을 둔 예비부부(둘 중 한명만 등록시에도 가능)
  ○ 지원금액 : 예비부부 1쌍당 5백만원
  ○ 지원인원 : 20쌍
  ○ 지원방법 : 공개모집(울산시 직접 접수), 시 홈페이지 신청(네이버폼 활용)
  ○ 지원내용 
    - 공공예식장 대관 : 태화강국가정원(2개소), 울산대공원(3개소), 대왕암공원(1개소), 공공시설(박물관 강당, 가족문화센터 공공예식장, 지관서가 세미나홀)
    - 웨딩패키지(장소꾸밈·예복·메이크업 등) 비용 일부지원
  ○ 수행기관 : 울산광역시 / 입찰 용역 예정 ",20260301 ~ 20261130,20261130,,,,https://www.ulsan.go.kr/s/ulsanyouth/bbs/view.do?bbsId=BBS_0000000000000316&mId=008001001000000000&dataId=56209,main,primary,울산형공공예식장지원사업,울산광역시,20260301 ~ 20261130~20261130,금융･복지･문화,문화활동 및 생활지원
youth,20260413005400212710,미혼 직장남녀 만남 프로그램 운영,저출생 및 인구 문제 대응 방안을 지역사회에 협력·확산하기 위한 울산 직장인 미혼남녀 만남의 날 추진,복지/문화,울산광역시,울산광역시 기업투자국,0013010 | 0049010,청년,만 0세 ~ 만 0세,,," ○ 지원대상 : 울산시에 주민등록을 두거나, 관내 기업에 재직중인 청년

       ※ (‘25년) 25~39세  (‘26년) 세부계획 수립시, 연령대 확대 가능",소득조건코드=0043001 / 소득범위=0~0,,"  ○ 사업기간 : ‘26. 하반기(초가을 경)
  ○ 지원대상 : 울산시에 주민등록을 두거나, 관내 기업에 재직중인 청년
       ※ (‘25년) 25~39세  (‘26년) 세부계획 수립시, 연령대 확대 가능
  ○ 지원인원 : 남녀 80명 정도 
  ○ 지원방법 : 공개모집(울산시 직접 접수), 시 홈페이지 신청(네이버폼 활용)
  ○ 지원내용 : 바쁜 직장생활로 이성을 만날 기회를 만들지 못한 미혼남녀에게 만남과 이야기 장을 제공
     - 연애코칭, 커플매칭 프로그램, 선상데이트 등
  ○ 수행기관 : 울산광역시 / 입찰 용역 예정 ",        ,        ,"○ 지원대상 : 울산시에 주민등록을 두거나, 관내 기업에 재직중인 청년

       ※ (‘25년) 25~39세  (‘26년) 세부계획 수립시, 연령대 확대 가능",,,https://www.ulsan.go.kr/s/ulsanyouth/bbs/view.do?bbsId=BBS_0000000000000316&mId=008001001000000000&dataId=56208,main,primary,미혼직장남녀만남프로그램운영,울산광역시,,금융･복지･문화,문화활동 및 생활지원
youth,20260413005400212709,청년크루 페스티벌,청년층에 의해 기획·운영되는 문화 향유 행사로 청년들이 즐길수 있는 꿀잼도시 울산 조성에 기여,복지/문화,울산광역시,울산광역시 기업투자국,0013010 | 0049010,청년,만 19세 ~ 만 39세,19,39,,소득조건코드=0043001 / 소득범위=0~0,,"
  ○ 기간/장소 : ’26. 9월 중 / 태화강체육공원, 중구 문화의거리 일원
      ※ 매년 9월 세 번째 토요일 : 청년의 날(법정기념일)
  ○ 참여인원 : 3,000여명(청년크루 50개팀, 울산시민 등)
  ○ 사 업 비 : 280백만원
  ○ 주요내용 : 개막식, 축하공연, 버스킹·플리마켓 테마존 운영 등",20260901 ~ 20260930,        ,,,,https://www.ulsan.go.kr/s/ulsanyouth/bbs/view.do?bbsId=BBS_0000000000000316&mId=008001001000000000&dataId=56207,main,primary,청년크루페스티벌,울산광역시,20260901 ~ 20260930~,금융･복지･문화,문화활동 및 생활지원
youth,20260413005400212708,울산 비보이 페스티벌,"젊은이들이 향유하는 힙합문화의 한 장르인 비보잉이 배틀 형식으로
 진행되는 축제로 청년문화의 발전에 기여",복지/문화,울산광역시,울산광역시 기업투자국,0013010 | 0049010,청년,만 0세 ~ 만 0세,,,,소득조건코드=0043001 / 소득범위=0~0,,"  ○ 사업기간 : ‘26. 7. ~ 10.
  ○ 참여대상 : 전국(지역) 내 비보이 및 댄서 등
  ○ 사 업 비 : 120백만원(시120)
  ○ 행사내용 : 비보이배틀경연대회, 축하공연, 그래피티 포토존 등
  ○ 주최/주관 : ㈜경상일보",20260701 ~ 20261031,20261031,,,,https://www.ulsan.go.kr/s/ulsanyouth/bbs/view.do?bbsId=BBS_0000000000000316&mId=008001001000000000&dataId=56206,main,primary,울산비보이페스티벌,울산광역시,20260701 ~ 20261031~20261031,금융･복지･문화,문화활동 및 생활지원
youth,20260413005400212707,울산 청년예술 지원사업,관내 청년예술인의 창작발표 활동 지원을 통한 안정적 예술현장 정착 도모,복지/문화,울산광역시,울산광역시 기업투자국,0013010 | 0049010,청년,만 19세 ~ 만 39세,19,39,,소득조건코드=0043001 / 소득범위=0~0,," ○ 사업기간 : ‘26. 1. ~ 12. 
  ○ 지원대상 : 만 19세 이상 39세 이하 관내 청년예술인
  ○ 지원내용 : 창작발표 활동 직접경비 지원

생애처음 지원 - 관내 청년예술인의 공공분야 예술제도 진입 지원 및 창작, 발표 활동 기회 제공
지원예산 - 52백만원
창작발표 지원 - 관내 단기 경력 보유 청년예술인의 창작활동 지원
지원예산 - 80백만원

○ 수행기관 : 울산문화관광재단",20260101 ~ 20261231,20261231,,,,https://www.ulsan.go.kr/s/ulsanyouth/bbs/view.do?bbsId=BBS_0000000000000316&mId=008001001000000000&dataId=56205,main,primary,울산청년예술지원사업,울산광역시,20260101 ~ 20261231~20261231,금융･복지･문화,예술인지원
