source,source_id,title,summary,s_category,provider,region,target_group,target_tags,target_age,target_age_min,target_age_max,target_detail,income_condition,startup_stage,support_type,apply_start,apply_end,additional_conditions,required_documents,application_method,detail_url,_scope,_scope_reason,norm_title,norm_provider,norm_period,category,subcategory
biz,PBLN_000000000122201,[강원] 인제군 2026년 중소기업 수출대금 보장 단체보험 가입 지원사업 참가기업 추가 모집 공고,"인제군 소재 중소 수출(예정)기업을 대상으로 수출시 발생할수 있는 미결재 등 수출대금 리스크 해소를 위해 아래와 같이「수출 대금 보장 단체보험 가입 지원사업」참가기업을 추가 모집하오니 많은 참여바랍니다.
☞ 인제군 중소 제조ㆍ서비스ㆍ수출대행기업(사회적기업ㆍ마을기업 포함)
☞ 수출 단체 보험 가입 지원
- 단기수출 보험 중 단체보험 가입(최대 보장금액 5만$)",자금,강원특별자치도경제진흥원,강원특별자치도,중소기업,중소기업,,,,,,,보험(수출+무역),2026-05-18,2026-05-22,,이메일 접수 (dslee@gwep.or.kr),이메일 접수 (dslee@gwep.or.kr),https://www.bizinfo.go.kr/sii/siia/selectSIIA200Detail.do?pblancId=PBLN_000000000122201,main,primary,강원인제군2026년중소기업수출대금보장단체보험가입지원사업참가기업추가모집공고,강원특별자치도경제진흥원,2026-05-18~2026-05-22,금융,보험(수출+무역)
biz,PBLN_000000000122200,[강원] 홍천군 2026년 중소기업 수출단체보험 가입 지원사업 참가기업 추가 모집 공고,"홍천군 관내 중소기업의 무역리스크 경감을 통하여 해외시장 진출을 적극 도모하기 위한 「2026년 홍천군 중소기업 수출 단체보험 가입 지원사업」을 아래와 같이 안내드리오니 많은 신청 바랍니다.
☞ 홍천군 수출(준비) 중소기업
☞ 한국무역보험공사 단기수출보험(단체보험) 가입 지원",자금,강원특별자치도경제진흥원,강원특별자치도,중소기업,중소기업,,,,,,,보험(수출+무역),2026-05-18,2026-05-22,,이메일 접수 (gpdls72@gwep.or.kr),이메일 접수 (gpdls72@gwep.or.kr),https://www.bizinfo.go.kr/sii/siia/selectSIIA200Detail.do?pblancId=PBLN_000000000122200,main,primary,강원홍천군2026년중소기업수출단체보험가입지원사업참가기업추가모집공고,강원특별자치도경제진흥원,2026-05-18~2026-05-22,금융,보험(수출+무역)
biz,PBLN_000000000122199,[강원] 속초시 2026년 중소기업 수출단체보험 가입 지원사업 참가기업 추가 모집 공고,"속초시 관내 중소기업의 무역리스크 경감을 통하여 해외시장 진출을 적극 도모하기 위한 「2026년 속초시 중소기업 수출 단체보험 가입 지원사업」을 아래와 같이 안내드리오니 많은 신청 바랍니다.
☞ 속초시 수출(준비) 중소기업
☞ 한국무역보험공사 단기수출보험(단체보험) 가입 지원",자금,강원특별자치도경제진흥원,강원특별자치도,중소기업,중소기업,,,,,,,보험(수출+무역),2026-05-18,2026-05-22,,이메일 접수 (gpdls72@gwep.or.kr),이메일 접수 (gpdls72@gwep.or.kr),https://www.bizinfo.go.kr/sii/siia/selectSIIA200Detail.do?pblancId=PBLN_000000000122199,main,primary,강원속초시2026년중소기업수출단체보험가입지원사업참가기업추가모집공고,강원특별자치도경제진흥원,2026-05-18~2026-05-22,금융,보험(수출+무역)
biz,PBLN_000000000122198,[부산] 2026년 제5회 여성기업 주간 및 부산지회 제27주년 창립기념식 포상 신청 연장 공고,"여성경제인의 자긍심을 고양하고 여성기업에 대한 국민의 인식을 높이기 위해 지정된 [제5회 여성기업 주간]을 맞아 [부산지회 창립 제27주년]을 기념하고 기업경영 활동 우수기업 및 중소기업 발전에 기여한 바가 큰 여성기업인을 발굴ㆍ포상하기 위해 「부산지회 제27주년 창립기념식」 포상 신청ㆍ접수를 다음과 같이 공고하오니 많은 신청 바랍니다.
☞ 건전한 기업가정신으로 경영합리화, 수출증대를 위한 기술개발 등에 적극 노력하여 모범이 되는 여성기업 대표자(여성임원 포함)
☞ 기관표창(부산광역시장, 부산지방중소벤처기업청장, 부산지방국세청장, 부산지방조달청장, 부산지방고용노동청장 등) 포상 지원",판로/수출,한국여성경제인협회부산지회,부산광역시,여성기업,여성,,,,,,,홍보지원,2026-05-18,2026-05-29,,"우편 또는 방문 및 이메일 접수
- 이메일 : yrlim@wbiz.or.kr
- 접수처 : (우) 48730 부산광역시 동구 중앙대로296번길 3-3 극동빌딩 4층한국여성경제인협회 부산지회
※ 작성자료 및 증빙자료 원본을 반드시 우편 또는 방문 접수
※ 우편 또는 방문접수와 이메일 접수 모두 제출하셔야 접수가 완료되며, 서류 미비시 접수하지 않습니다.
※ 자세한 방법 공고문 참조","우편 또는 방문 및 이메일 접수
- 이메일 : yrlim@wbiz.or.kr
- 접수처 : (우) 48730 부산광역시 동구 중앙대로296번길 3-3 극동빌딩 4층한국여성경제인협회 부산지회
※ 작성자료 및 증빙자료 원본을 반드시 우편 또는 방문 접수
※ 우편 또는 방문접수와 이메일 접수 모두 제출하셔야 접수가 완료되며, 서류 미비시 접수하지 않습니다.
※ 자세한 방법 공고문 참조",https://www.bizinfo.go.kr/sii/siia/selectSIIA200Detail.do?pblancId=PBLN_000000000122198,main,primary,부산2026년제5회여성기업주간및부산지회제27주년창립기념식포상신청연장공고,한국여성경제인협회부산지회,2026-05-18~2026-05-29,내수,홍보지원
biz,PBLN_000000000122197,[강원] 횡성군 2026년 중소기업 수출 단체보험 가입 지원사업 참가기업 추가 모집 공고,"횡성군 관내 중소기업의 무역리스크 경감을 통하여 해외시장 진출을 적극 도모하기 위한 「2026년 횡성군 중소기업 수출 단체보험 가입 지원사업」을 아래와 같이 안내드리오니 많은 신청 바랍니다.
☞ 횡성군 수출(준비) 중소기업
☞ 한국무역보험공사 단기수출보험(단체보험) 가입 지원",자금,강원특별자치도경제진흥원,강원특별자치도,중소기업,중소기업,,,,,,,보험(수출+무역),2026-05-18,2026-05-22,,이메일 접수 (gwep3362@naver.com),이메일 접수 (gwep3362@naver.com),https://www.bizinfo.go.kr/sii/siia/selectSIIA200Detail.do?pblancId=PBLN_000000000122197,main,primary,강원횡성군2026년중소기업수출단체보험가입지원사업참가기업추가모집공고,강원특별자치도경제진흥원,2026-05-18~2026-05-22,금융,보험(수출+무역)
biz,PBLN_000000000122196,[강원] 철원군 2026년 3차 청년창업 공간 지원사업 예비창업자 모집 공고,"철원군, 강원특별자치도경제진흥원에서 지역 내 빈점포를 활용하여 공실율을 줄이고 청년의 경제활동 참여를 유도하여 지역 경제 활력을 제고하고자「철원군 청년창업 공간지원사업」을 아래와 같이 공고하오니 창의적 아이디어와 열정적인 창업 의지가 있는 예비 청년 창업자(팀)의 많은 참여 바랍니다.
☞ 창업에 대한 열정과 참신한 아이디어를 갖추고 철원군 내 창업을 희망하는 예비창업자
- 사업공고일 기준 개인 또는 팀 전원 19세 이상 ~ 49세 이하 (주민등록상 출생일 1978. 1. 1. ~ 2008. 12. 31에 해당하는 자)
- 주민등록상 주소 및 사업장(예정지) 주소가 철원군인 예비창업자, 폐업 후 재창업 준비자 등
※ 자세한 지원대상 공고문 참조
☞ 창업 교육, 멘토링, 컨설팅, 사업화 자금 등 지원 
- 팀당 최대 20,000천원 지원",창업,강원특별자치도경제진흥원,강원특별자치도,창업벤처,"예비창업자,청년,초기창업기업",,,,,,,예비창업자지원,2026-05-18,2026-06-30,,온라인 접수 (강원특별자치도경제진흥원),온라인 접수 (강원특별자치도경제진흥원),https://www.bizinfo.go.kr/sii/siia/selectSIIA200Detail.do?pblancId=PBLN_000000000122196,main,primary,강원철원군2026년3차청년창업공간지원사업예비창업자모집공고,강원특별자치도경제진흥원,2026-05-18~2026-06-30,창업,예비창업자지원
biz,PBLN_000000000122195,[부산] 2026년 신발기업 해외물류 바우처 지원사업 참여기업 모집 공고(지원확대),"부산테크노파크 신발패션진흥단은 부산신발기업 수출입 경쟁력 회복을 위한 「2026 신발기업 해외물류 바우처 지원사업」을 추진합니다. 본 사업에 참가를 희망하는 기업은 아래 내용을 참고하시어 신청하시기 바랍니다.
☞ 아래 조건을 모두 충족시 지원가능
① 2026. 01. 01. ~ 현재까지 20만원 이상 물류비가 발생한 신발기업
② 직전년도 직수출 실적 3천만USD 이하 부산 소재 신발기업 또는 신발산업 관련 신발완제품, 소재, 부품, 장비 제조기업 등
③ 동일 건으로 타 기관 물류지원사업 수혜 이력이 없는 수출입 건만 해당 (중복수혜 방지)
④ 지방세 및 국세 완납 기업
☞ 항공 및 해상을 통한 국내발 수출품에 대한 물류비, 수출을 위한 국외 운송비, 국외 하역비 및 창고비, 국제특송 등, 직접생산 수출품의 경우 원자재 수입 물류비용(수출분 생산건 운임) 지원",판로/수출,부산테크노파크,부산광역시,중소기업,중소기업,,,,,,,해외진출,예산 소진시까지,,,"온라인 접수(부산 수출플랫폼 사업지원시스템)  
※ 온라인 접수 후 제출서류 이메일 발송
- 이메일 : lsc0337@btp.or.kr","온라인 접수(부산 수출플랫폼 사업지원시스템)  
※ 온라인 접수 후 제출서류 이메일 발송
- 이메일 : lsc0337@btp.or.kr",https://www.bizinfo.go.kr/sii/siia/selectSIIA200Detail.do?pblancId=PBLN_000000000122195,main,primary,부산2026년신발기업해외물류바우처지원사업참여기업모집공고지원확대,부산테크노파크,예산 소진시까지~,수출,해외진출
biz,PBLN_000000000122194,[경기] 포천시 2026년 가축분뇨 퇴ㆍ액비 제조시설 대기배출 관리 지원 사업 공고,"「대기환경보전법」제81조 및 관련 규정에 따라 가축분뇨 퇴ㆍ액비 제조시설에서 발생하는 악취 및 대기오염물질을 저감하고, 소규모 사업장의 환경관리 역량 강화를 지원하기 위한 「2026년 포천시 가축분뇨 퇴ㆍ액비 제조시설 대기배출 관리 지원 사업」을 아래와 같이 공고하오니 지원을 희망하는 사업장은 경기대진테크노파크로 신청하여 주시기 바랍니다.
☞ 포천시 관내에서 가축분뇨를 활용한 퇴비ㆍ액비 제조시설을 운영하는 사업장
- 「중소기업기본법」시행령 제3조 제1항에 따른 중ㆍ소기업
※ 자세한 지원대상 공고문 참조
☞ 방지시설 설치비, 악취저감 부대시설 비용 지원
- (방지시설 설치비) 가축분뇨 퇴액비 제조시설 방지시설 설치 지원 
- (악취저감 부대시설) 오염물질 포섭을 위한 밀폐시설 설치비, 성능이 확인된 탈취제 분사시설 및 세정 시설 등 악취 저감 시설 보완 비용 지원
- 공종(시설별) 최대금액 기준으로 개소당 총 공사금액 1,260,000천원 이내(기업 자부담 10% 포함)지원",경영,경기대진테크노파크,경기도,중소기업,중소기업,,,,,,,시설/입지지원,2026-05-18,2026-05-29,,"방문 접수
- 접수처 : (11158)경기도 포천시 자작로155, 경기대진테크노파크 시험생산동 3층 303-2호 비전사업팀
※ 사업승인 후 전자파일(PDF)로 이메일 추가 제출 요청(choi4232@gdtp.or.kr)
※ 자세한 신청방법 공고문 참조","방문 접수
- 접수처 : (11158)경기도 포천시 자작로155, 경기대진테크노파크 시험생산동 3층 303-2호 비전사업팀
※ 사업승인 후 전자파일(PDF)로 이메일 추가 제출 요청(choi4232@gdtp.or.kr)
※ 자세한 신청방법 공고문 참조",https://www.bizinfo.go.kr/sii/siia/selectSIIA200Detail.do?pblancId=PBLN_000000000122194,main,primary,경기포천시2026년가축분뇨퇴ㆍ액비제조시설대기배출관리지원사업공고,경기대진테크노파크,2026-05-18~2026-05-29,경영,시설/입지지원
biz,PBLN_000000000122193,[전남] 나주시 2026년 스타기업 육성사업 기업성장단계별 육성프로그램 시행 공고,"전남테크노파크는 나주시 소재 기업의 경쟁력 강화 및 강소기업 육성을 위하여 나주시 스타기업 및 Pre 스타기업을 대상으로「기업성장단계별 육성프로그램」시행 공고를 실시하오니 많은 참여 바랍니다.
☞ 나주시 스타기업 및 pre스타기업
☞ 시제품 제작, 마케팅, 정보화, 경영지원, 인증, 지식재산권 지원
※ 자세한 지원내용 공고문 참조",경영,전남테크노파크,전라남도,중소기업,중소기업,,,,,,,디자인/상품화/사업화,2026-05-19,2026-06-02,,온라인 접수(전남테크노파크 DATA플랫폼),온라인 접수(전남테크노파크 DATA플랫폼),https://www.bizinfo.go.kr/sii/siia/selectSIIA200Detail.do?pblancId=PBLN_000000000122193,main,primary,전남나주시2026년스타기업육성사업기업성장단계별육성프로그램시행공고,전남테크노파크,2026-05-19~2026-06-02,경영,디자인/상품화/사업화
biz,PBLN_000000000122192,[강원] 2027년 미국 국제전자제품박람회 CES 2027 통합 강원관 참가기업 모집 공고,"강원특별자치도 내 우수 혁신기업의 글로벌 시장 진출 및 수출 확대를 지원하기 위하여 「2027 미국 국제전자제품박람회(CES 2027)」 통합 강원관 참가기업을 다음과 같이 모집하오니 많은 관심과 참여 바랍니다.
☞ 도내 소재 기업 중 CES 전시분야 관련 제품ㆍ기술 보유기업
- 전시품목: AI, IoT, 디지털헬스, 모빌리티, 로보틱스, 양자기술 등
☞ 부스임차비, 부스조성비, 통역, 홍보비, 부대프로그램 지원",판로/수출,강원테크노파크,강원특별자치도,중소기업,중소기업,,,,,,,해외진출,2026-05-18,2026-05-29,,"이메일 접수(지역별 접수처 상이)
- 강원테크노파크 (춘천ㆍ강릉) : basic1945@gwtp.or.kr
- 원주의료기기산업진흥원 (원주) : ljm@wmit.or.kr
- 영월산업진흥원 (영월) : parktg@yipa.or.kr
- 강원대학교 (춘천ㆍ원주ㆍ홍천) : ys@kangwon.ac.kr
- 한림대학교 (춘천ㆍ홍천ㆍ정선ㆍ평창) : rise2@hallym.ac.kr","이메일 접수(지역별 접수처 상이)
- 강원테크노파크 (춘천ㆍ강릉) : basic1945@gwtp.or.kr
- 원주의료기기산업진흥원 (원주) : ljm@wmit.or.kr
- 영월산업진흥원 (영월) : parktg@yipa.or.kr
- 강원대학교 (춘천ㆍ원주ㆍ홍천) : ys@kangwon.ac.kr
- 한림대학교 (춘천ㆍ홍천ㆍ정선ㆍ평창) : rise2@hallym.ac.kr",https://www.bizinfo.go.kr/sii/siia/selectSIIA200Detail.do?pblancId=PBLN_000000000122192,main,primary,강원2027년미국국제전자제품박람회ces2027통합강원관참가기업모집공고,강원테크노파크,2026-05-18~2026-05-29,수출,해외진출
biz,PBLN_000000000122191,[경북] 2026년 소상공인 사회보험료 지원 사업 참여자 모집 공고,"경상북도와 경상북도경제진흥원에서는 도내 소상공인의 사회안전망 강화를 위해 사회보험료(자영업자 고용보험료ㆍ중소기업사업주 산재보험료) 지원을 실시하고자 다음과 같이 공고하오니 많은 참여 바랍니다.
☞ 경상북도 소상공인 중 근로복지공단에서 시행하는 「자영업자 고용보험」, 「중소기업사업주 산재보험」가입자(사업주만 해당)
☞ 2026년 1∼12월분 보험료 납부액의 10∼40% 지원
※ 소상공인시장진흥공단에서 시행 중인 「2026년 자영업자 고용보험료 지원사업」중복수혜 가능",경영,경상북도경제진흥원,경상북도,소상공인,소상공인,,,,,,,디자인/상품화/사업화,예산 소진시까지,,,"온라인 및 팩스ㆍ방문ㆍ우편 접수
- 온라인 : 소상공인 24
- 팩스 : 054-613-5657(읍면동사무소 팩스 서비스 이용 권장)
- 접수처 : (39393) 경북 구미시 이계북로 7 경상북도경제진흥원 4층 민생경제지원팀
※ 접수 우선순위는 온라인(소상공인24) 기준으로 결정되며 그 외 방법으로 제출할 경우, 접수 순번이 늦어질 수 있음
※ 자세한 신청방법 공고문 참조","온라인 및 팩스ㆍ방문ㆍ우편 접수
- 온라인 : 소상공인 24
- 팩스 : 054-613-5657(읍면동사무소 팩스 서비스 이용 권장)
- 접수처 : (39393) 경북 구미시 이계북로 7 경상북도경제진흥원 4층 민생경제지원팀
※ 접수 우선순위는 온라인(소상공인24) 기준으로 결정되며 그 외 방법으로 제출할 경우, 접수 순번이 늦어질 수 있음
※ 자세한 신청방법 공고문 참조",https://www.bizinfo.go.kr/sii/siia/selectSIIA200Detail.do?pblancId=PBLN_000000000122191,main,primary,경북2026년소상공인사회보험료지원사업참여자모집공고,경상북도경제진흥원,예산 소진시까지~,경영,디자인/상품화/사업화
biz,PBLN_000000000122190,[강원] 2026년 기업협력 프로젝트 지원기업 모집 공고(ICT이노베이션스퀘어 확산 사업),"강원정보문화산업진흥원에서는 지역의 소프트웨어(SW)분야 실무형 인재양성을 통해 지역 기업의 성장을 견인하고자 「기업협력 프로젝트 지원기업」을 다음과 같이 모집하오니 관심 있는 기업의 많은 참여 바랍니다.
☞ 강원 지역 소재 디지털 기업(공고일 전일 기준)
☞ 실습생 교육훈련비, 홍보물 제작 지원비 지원
- 지역 주력산업 분야의 기업 현장 프로젝트 기반 실습생 교육훈련비 지원(기업당 최대 10,000천원(실습생 2명))
- 지원기업별 기업 홍보물 제작비 지원(기업당 최대 2,500천원)",인력/일자리,강원정보문화산업진흥원,강원특별자치도,중소기업,중소기업,,,,,,,교육/훈련/연수,2026-06-05,2026-06-12,,"이메일 접수 (tmdwns0416@gica.or.kr)
※ 접수 후 확인 전화 필수","이메일 접수 (tmdwns0416@gica.or.kr)
※ 접수 후 확인 전화 필수",https://www.bizinfo.go.kr/sii/siia/selectSIIA200Detail.do?pblancId=PBLN_000000000122190,main,primary,강원2026년기업협력프로젝트지원기업모집공고ict이노베이션스퀘어확산사업,강원정보문화산업진흥원,2026-06-05~2026-06-12,인력,교육/훈련/연수
biz,PBLN_000000000122189,[전북] 2026년 2차 지역특화형(농ㆍ식품기업) 스마트공장 구축지원 사업 공고,"중소기업 제조 현장의 경쟁력 제고를 위하여 중소벤처기업부에서 추진하고 있는「2026년도 전북 지역특화형(농ㆍ식품기업) 스마트공장 구축사업」의 지원계획을 다음과 같이 공고합니다. 
☞ 전북특별자치도내 중소ㆍ중견 농ㆍ식품 제조기업 중 스마트공장 구축이 필요한 제조기업
- (도입기업) 전북특별자치도 내 농ㆍ식품 제조기업 중 「중소기업기본법」에 따른 중소기업 또는「중견기업 성장촉진 및 경쟁력 강화에 관한 특별법」에 따른 중견기업
- (공급기업) 스마트공장 구축 역량을 보유한 기업 및 협업체로서 스마트공장 사업관리시스템의 ‘공급기업 Pool’에 등록된 기업
☞ 정보통신기술(ICT)로 제품의 기획-설계-제조-판매 과정을 통합하여 제조 공정을 최적화하는 스마트공장 구축지원
- 제품설계ㆍ생산공정 개선 등을 위한 스마트공장 솔루션 구축 및 솔루션과 연동되는 자동화장비ㆍ제어기ㆍ센서 등 구축 지원",경영,전북테크노파크,전북특별자치도,중소기업,중소기업,,,,,,,시설/입지지원,2026-05-13,2026-06-12,,온라인 접수(스마트공장 사업관리 시스템),온라인 접수(스마트공장 사업관리 시스템),https://www.bizinfo.go.kr/sii/siia/selectSIIA200Detail.do?pblancId=PBLN_000000000122189,main,primary,전북2026년2차지역특화형농ㆍ식품기업스마트공장구축지원사업공고,전북테크노파크,2026-05-13~2026-06-12,경영,시설/입지지원
biz,PBLN_000000000122188,[경북] 2026년 오프라인 특판전(롯데백화점(본점)) 참가기업 모집 공고(K-통합 마케팅 생태계 조성사업),"경상북도와 경상북도경제진흥원은 14개 시ㆍ군과 협력하여 중소기업 및 소상공인의 시장 판로 개척과 브랜드 가치를 향상하기 위해 롯데백화점(본점)과 협업하여 「2026년 K-통합 마케팅 생태계 조성사업」오프라인 특판전을 진행할 예정입니다. 본 행사에 참여할 지역 중소기업 및 소상공인의 많은 관심과 신청 바랍니다.
☞ 포항, 경주, 안동, 구미, 영주, 영천, 상주, 문경, 경산, 의성, 청도, 성주, 칠곡, 봉화 소재 중소기업ㆍ소상공인
- 공고일 기준 사업자등록증 상 경북 도내에 주소지를 둔 중소기업 또는 소상공인
- 중소기업 확인서 또는 소상공인 확인서 발급이 가능한 기업
- 제품을 직접 생산ㆍ제조ㆍ가공업을 영위하고 있는 기업
☞ 롯데백화점 본점(서울 중구) 특판전 전용 공간에서 7일간 기획전 형식 입점 제공 지원
- 특판전 운영 : 특판전 홍보, 부스 및 디자인 구성, 판매인력, 이벤트, 물류보관 차량 등 지원
- 기업지원 : 할인 프로모션 등 공급가액의 90% 지원",판로/수출,경상북도경제진흥원,경상북도,중소기업,중소기업,,,,,,,오프라인,2026-05-18,2026-06-04,,이메일 접수 (bc100@gepa.kr),이메일 접수 (bc100@gepa.kr),https://www.bizinfo.go.kr/sii/siia/selectSIIA200Detail.do?pblancId=PBLN_000000000122188,main,primary,경북2026년오프라인특판전롯데백화점본점참가기업모집공고k통합마케팅생태계조성사업,경상북도경제진흥원,2026-05-18~2026-06-04,내수,오프라인
biz,PBLN_000000000122187,2026년 의약품 특허대응전략 컨설팅 지원 사업 지원기업 모집 공고,"제약기업의 의약품 개발 관련 특허전략 수립을 위한「2026년 의약품 특허대응전략 컨설팅 지원 사업」지원기업 모집을 다음과 같이 공고합니다.
☞ 특허에 도전하여 의약품 개발을 추진하고자 하는 중소제약기업
☞ 의약품 자료수집, 특허분석 및 특허전략 수립, 컨설팅 비용의 70% (기업별 최대 30백만원)지원",경영,한국지식재산보호원,식품의약품안전처,중소기업,중소기업,,,,,,,컨설팅,2026-05-18,2026-06-07,,이메일 접수 (medi-pat@koipa.re.kr),이메일 접수 (medi-pat@koipa.re.kr),https://www.bizinfo.go.kr/sii/siia/selectSIIA200Detail.do?pblancId=PBLN_000000000122187,main,primary,2026년의약품특허대응전략컨설팅지원사업지원기업모집공고,한국지식재산보호원,2026-05-18~2026-06-07,경영,컨설팅
biz,PBLN_000000000122186,[전북] 2026년 SW강소기업 도약 패키지 지원사업 연장 공고,"전북테크노파크에서는 전북특별자치도 SW강소기업을 대상으로「전북특별자치도 SW강소기업 도약 패키지 지원사업」을 통한 SW산업 활성화와 SW강소기업의 경쟁력 강화를 위하여 다음과 같이 공고하오니, 동 사업에 참여하고자 하는 기업의 많은 신청 바랍니다.
☞ 전북특별자치도 SW강소기업(※ 2016 ~ 2026 선정기업)
☞ 전문역량 강화 교육비 지원, 맞춤형 연구개발(R&D) 기획지원, 국내ㆍ외 판로확대, 홍보물 제작 및 마케팅 지원
- 기업당 13백만원 이내",경영,전북테크노파크,전북특별자치도,중소기업,중소기업,,,,,,,디자인/상품화/사업화,2026-05-18,2026-05-27,,온라인 접수(전북테크노파크 R&D 종합정보시스템),온라인 접수(전북테크노파크 R&D 종합정보시스템),https://www.bizinfo.go.kr/sii/siia/selectSIIA200Detail.do?pblancId=PBLN_000000000122186,main,primary,전북2026년sw강소기업도약패키지지원사업연장공고,전북테크노파크,2026-05-18~2026-05-27,경영,디자인/상품화/사업화
biz,PBLN_000000000122185,2026년 AI 스타트업 발굴ㆍ육성 지원사업(2차년도) 참여기업 모집 재공고,"경남창조경제혁신센터는 AI 기술을 기반으로 한 혁신 스타트업의 성장을 지원AI 하기 위해 실습형 창업교육과 맞춤형 액셀러레이팅을 제공하여 기업의 사업화 역량과 투자유치 경쟁력 강화를 제고하기 위한 [지역 주도형 AI 대전환] 2026년 AI 스타트업 발굴ㆍ육성 지원사업참가기업을 모집합니다.
☞ AI 관련 아이디어를 보유한 (예비)창업기업(공고일 기준 업력 10년 이내)
☞ 검증된 창업 방법론 및 맞춤형 프로그램을 통한 액셀러레이팅
- 프로젝트고객중심 사업화 역량강화를 위한 창업방법론
- 스타트업 아이디어 검증 및 고객검증 실습 지원 (키워드 광고비 30만원/팀)
- 사업계획 작성 특강 
- 자료 컨설팅 및 제작 지원 (200만원 상당)
- 데모데이 및 네트워킹",창업,경남창조경제혁신센터,경상남도,창업벤처,"스타트업,초기창업기업",,,,,,,사업화지원,2026-05-16,2026-05-22,,이메일 접수(yhs726@ccei.kr),이메일 접수(yhs726@ccei.kr),https://www.bizinfo.go.kr/sii/siia/selectSIIA200Detail.do?pblancId=PBLN_000000000122185,main,primary,2026년ai스타트업발굴ㆍ육성지원사업2차년도참여기업모집재공고,경남창조경제혁신센터,2026-05-16~2026-05-22,창업,사업화지원
biz,PBLN_000000000122184,[경북] 2026년 지역특화형 스마트공장 보급ㆍ확산사업 공고,"식품 제조ㆍ가공업체 생산 제조현장의 첨단화로 안정적인 식자제 관리, 스마트 식품생산, 품질관리기반 구축과 글로벌 경쟁력 제고하고, 식품 산업 분야 스마트 제조 공장 보급ㆍ확산을 위한 「2026년 경북 지역 특화형 스마트공장 보급ㆍ확산 사업」 을 다음과 같이 공고합니다.
☞ 경북 지역내 식품업을 영위하는 중소ㆍ중견 제조기업
☞ 스마트공장 구축, 고도화, 사업화, 지자체 특화프로그램 등 지원
※ 자세한 지원내용 공고문 참조",경영,구미전자정보기술원,경상북도,중소기업,중소기업,,,,,,,시설/입지지원,2026-05-13,2026-06-12,,온라인 접수 (스마트 공장 사업관리시스템),온라인 접수 (스마트 공장 사업관리시스템),https://www.bizinfo.go.kr/sii/siia/selectSIIA200Detail.do?pblancId=PBLN_000000000122184,main,primary,경북2026년지역특화형스마트공장보급ㆍ확산사업공고,구미전자정보기술원,2026-05-13~2026-06-12,경영,시설/입지지원
biz,PBLN_000000000122183,농식품 R&D 기업 CES 2027 지원사업 모집 공고,"농식품 R&D 성과 보유기업의 글로벌 시장 진출 및 경쟁력 강화를 위해 「CES 2027(통합 한국관)」전시 참여를 지원하고자 합니다. 농식품 R&D 성과 보유기업의 많은 관심과 참여 바랍니다.
☞ 소비재 전자 관련 완제품 및 자체 브랜드 보유(OEM/ODM 기업은 불가)한 중소기업
☞ 부스 조성을 비롯하여 참여기업 대상 CES 혁신상 수상 지원, 사전 비즈매칭, 피칭대회 등 역량 강화 프로그램 지원 예정(KOTRA 협업)",판로/수출,농림식품기술기획평가원,전국,중소기업,중소기업,,,,,,,해외진출,2026-05-19,2026-06-22,,이메일 접수 (sykgo@ipet.re.kr),이메일 접수 (sykgo@ipet.re.kr),https://www.bizinfo.go.kr/sii/siia/selectSIIA200Detail.do?pblancId=PBLN_000000000122183,main,primary,농식품rd기업ces2027지원사업모집공고,농림식품기술기획평가원,2026-05-19~2026-06-22,수출,해외진출
biz,PBLN_000000000122182,[부산] 2026년 블록체인기업 글로벌 사업화 지원사업 참가기업 모집 공고,"부산테크노파크는 2026년 블록체인 특화 클러스터 조성사업의 일환으로, 우수 블록체인 기술 및 서비스를 보유한 부산지역 기업의 베트남 시장 진출, 현지 비즈니스 파트너 발굴, 글로벌 협력 네트워크 구축을 지원하고자 「2026년 부산 블록체인기업 베트남 글로벌 사업화 지원사업」 참가기업을 아래와 같이 모집하오니 많은 관심과 신청 바랍니다.
☞ 블록체인 기반 기술 보유 기업 중 해외 진출 의향이 있고 부산 소재의 본사 또는 지사를 보유한 중소기업
※ 지사의 경우 사업자등록증 상에 지사가 종된사업장이면 지원 대상이 아님
☞ 베트남 현지 행사 참가, 기술시연ㆍ홍보, 시장조사ㆍ컨설팅, 바이어 초청 및 매칭, IRㆍ홍보자료, 홍보부스 등 지원
※ 자세한 지원내용 공고문 참조",판로/수출,부산테크노파크,부산광역시,중소기업,중소기업,,,,,,,해외진출,2026-05-18,2026-06-12,,"이메일 접수 (leo@btp.or.kr)
※ 신청 후 다음 날까지 “접수 완료” 메일 미수신 시 전화로 접수 확인 요망","이메일 접수 (leo@btp.or.kr)
※ 신청 후 다음 날까지 “접수 완료” 메일 미수신 시 전화로 접수 확인 요망",https://www.bizinfo.go.kr/sii/siia/selectSIIA200Detail.do?pblancId=PBLN_000000000122182,main,primary,부산2026년블록체인기업글로벌사업화지원사업참가기업모집공고,부산테크노파크,2026-05-18~2026-06-12,수출,해외진출
biz,PBLN_000000000122181,2026년 세계일류상품 및 생산기업 선정계획 공고,"「세계일류상품 선정 및 제도운영에 관한 요령」(산업통상부 공고 제2025-090호) 제7조 내지 제9조의 규정에 따라 2026년도 세계일류상품 및 생산기업 선정계획을 다음과 같이 공고합니다.
☞ 현재 세계일류상품 또는 차세대 세계일류상품 선정기준을 충족하는 상품 및 생산기업 
※ 자세한 지원대상 공고문 참조
☞ 선정기업에 인증서ㆍ로고를 부여하고 KOTRA포함 11개 전문기관이 인증ㆍ교육, 금융ㆍ컨설팅, 연구개발, 판로확보 등을 직ㆍ간접 지원",기타,대한무역투자진흥공사,전국,중소기업,중소기업,,,,,,,제도,2026-05-18,2026-06-30,,온라인 접수 (무역투자24),온라인 접수 (무역투자24),https://www.bizinfo.go.kr/sii/siia/selectSIIA200Detail.do?pblancId=PBLN_000000000122181,main,primary,2026년세계일류상품및생산기업선정계획공고,대한무역투자진흥공사,2026-05-18~2026-06-30,기타,제도
biz,PBLN_000000000122180,[강원] 춘천시 2026년 식품ㆍ공중위생업소 환경개선사업 대상자 모집 연장 공고,"식품 및 공중업소의 환경개선을 통한 식품ㆍ공중 위생향상 도모 및 강원특별자치도를 찾는 내ㆍ외국인 관광객에게 편안하고 쾌적한 서비스 제공을 위해 식품ㆍ공중위생업소 환경개선 지원사업 신청자 모집기간을 다음과 같이 연장하오니 많은 관심과 신청바랍니다.
☞ 신청일 현재 6개월 이상 춘천시에 영업주의 주소와 영업장이 있는 소상공인으로서 아래의 조건을 충족할 것
- 숙박, 이ㆍ미용, 목욕장, 세탁업소 :「공중위생관리법」제2조에 따른 업소
☞ 이‧미용업, 세탁업 업소당 최대 750만원 범위 내 소요금액의 80% 환경개선 지원
※ 자세한 지원내용 공고문 참조",경영,기초자치단체,강원특별자치도,소상공인,소상공인,,,,,,,시설/입지지원,2026-05-19,2026-05-29,,"방문 또는 우편 접수
- 접수처 :  강원특별자치도 춘천시 중앙로 135 춘천시보건소 3층 식품의약과","방문 또는 우편 접수
- 접수처 :  강원특별자치도 춘천시 중앙로 135 춘천시보건소 3층 식품의약과",https://www.bizinfo.go.kr/sii/siia/selectSIIA200Detail.do?pblancId=PBLN_000000000122180,main,primary,강원춘천시2026년식품ㆍ공중위생업소환경개선사업대상자모집연장공고,기초자치단체,2026-05-19~2026-05-29,경영,시설/입지지원
biz,PBLN_000000000122179,[부산] 2026년 혁신조달 패키지 지원사업 추가모집 공고(예비지원 트랙),"부산광역시ㆍ한국남부발전ㆍ부산테크노파크에서는 조달청 ‘혁신 시제품 지정 제도’ 와 연계하여 혁신시제품을 발굴하고, 혁신 시제품 지정 종합지원을 통한 기업의 시장경쟁력 확보 및 일자리 창출 도모하고자 하오니 지역 기업들의 많은 참여를 바랍니다.
☞ 특허권을 보유한 7년 미만 창업기업 및 본사/공장/연구소 소재가 부산지역인 중소ㆍ중견기업
- 예비지원트랙 : 조달청 혁신시제품 지정 요건 충족 기업
※ 자세한 지원대상 공고문 참조
☞ 사전진단 컨설팅(기업당 1,000천원 내외), 패스트트랙(기업당 12,000천원 내외) 지원
- 사전진단 컨설팅 : 혁신 시제품 신청 준비 기업 중 혁신시제품 사전진단 컨설팅 실시
- 패스트트랙 : 혁신 시제품 신청을 위한 종합 컨설팅, 시험분석 및 인증 지원, 특허출원 등",기술,부산테크노파크,부산광역시,중소기업,중소기업,,,,,,,기술사업화/이전/지도,2026-05-18,2026-05-28,,온라인 접수 (부산테크노파크 전자접수시스템),온라인 접수 (부산테크노파크 전자접수시스템),https://www.bizinfo.go.kr/sii/siia/selectSIIA200Detail.do?pblancId=PBLN_000000000122179,main,primary,부산2026년혁신조달패키지지원사업추가모집공고예비지원트랙,부산테크노파크,2026-05-18~2026-05-28,기술,기술사업화/이전/지도
biz,PBLN_000000000122178,[부산] 2026년 해운항만산업 우수기업 인증 및 지원 사업 역량강화 지원사업 모집 공고,"부산테크노파크는 부산광역시 해운항만산업 우수기업의 경쟁력 향상과 나아가 지역경제 활성화에 기여코자 「2026 부산광역시 해운항만산업 우수기업 역량강화 지원사업」을 다음과 같이 시행하오니 많은 참여를 바랍니다.
☞ 부산광역시 해운항만산업 우수기업(1~4STAR)
☞ 마케팅, 국제표준인증 획득, 디지털 전환, 정책연구 지원
- 마케팅 지원 사업 : 홈페이지 구축, 모바일 앱/웹, 홍보 동영상, 전자 카탈로그, 종이 카탈로그, 포스터 디자인, 브랜드 개발, 기타 지원(기업당 최대 3백만원)
- 국제 표준인증 획득 지원 사업 : 컨설팅비, 인증심사비(최초), 사후관리 및 갱신심사비, 전환심사비(기업당 최대 3백만원)
- 디지털 전환 지원 : 컨설팅, 교육, 데이터전환, 디지털 도구 및 솔루션 도입, RPAㆍAI 자동화 지원(기업당 최대 5백만원)
- 정책연구 지원 : 제도ㆍ규제대응, 산업기반강화, 산업고도화모델, 청년정책, 기타정책과제(단체별 최대 20백만원)
※ 중복지원 가능(마케팅, 국제표준인증획득, 디지털 전환 中 최대 2개 지원 가능).
※ 단, 정책연구지원 부문은 협회 및 조합에서 신청 가능.",경영,부산테크노파크,부산광역시,중소기업,중소기업,,,,,,,디자인/상품화/사업화,2026-05-14,2026-05-28,,이메일 접수 (hskim@btp.or.kr),이메일 접수 (hskim@btp.or.kr),https://www.bizinfo.go.kr/sii/siia/selectSIIA200Detail.do?pblancId=PBLN_000000000122178,main,primary,부산2026년해운항만산업우수기업인증및지원사업역량강화지원사업모집공고,부산테크노파크,2026-05-14~2026-05-28,경영,디자인/상품화/사업화
biz,PBLN_000000000122177,[경기] 안양시 2026년 청년창업기업 Start-Again 지원사업 모집 공고,"청년 고용창출 및 장기 미취업 청년의 취업 재진입을 지원하기 위해 청년기업과 구직청년을 연계(매칭)하여 고용지원금 및 정착지원(멘토링ㆍ사후관리)을 지원하는 「2026년 청년 Start-Again 지원사업」의 참여기업을 다음과 같이 모집 공고합니다.
☞ 안양시 관내 청년창업기업 및 스타트업ㆍ중소기업
☞ 고용지원금 기업당 3,000천원 지원",인력/일자리,안양산업진흥원,경기도,중소기업,"중소기업,청년,초기창업기업",,,,,,,국내일반인력,2026-06-22,2026-06-26,,"이메일 접수 (abc8595@aba.or.kr)
※ 이메일 제목 : [2026년도 스타트어게인] 기업명","이메일 접수 (abc8595@aba.or.kr)
※ 이메일 제목 : [2026년도 스타트어게인] 기업명",https://www.bizinfo.go.kr/sii/siia/selectSIIA200Detail.do?pblancId=PBLN_000000000122177,main,primary,경기안양시2026년청년창업기업startagain지원사업모집공고,안양산업진흥원,2026-06-22~2026-06-26,인력,국내일반인력
biz,PBLN_000000000122176,2026년 전남형 청년창업사관학교 지원자 추가모집 공고,"전라남도는 대학생과 청년들의 우수한 아이디어를 바탕으로 창업기술개발 사업화 지원을 통해 기업 성장 촉진 및 벤처창업 활성화를 위해「전남형 청년창업사관학교」를 운영하고자 아래와 같이 지원자를 모집하니 많은 참여 바랍니다.
☞ 18세 이상 ~ 45세 이하 예비 또는 5년 이내 창업자 전라남도 거주자 및 전입 예정자(타 시ㆍ도 거주자)
※ 자세한 신청자격 공고문 참조
☞ 월 100만 원의 창업기술 사업화 지원(최대 24개월, 24백만원 지원)",창업,직접수행,전라남도,창업벤처,"청년,초기창업기업",,,,,,,사업화지원,2026-05-18,2026-06-04,,"온라인 접수 (전남형 청년창업사관학교 홈페이지)
※ 온라인 신청 시 각 서류는 PDF 파일로 변환(스캔 등)하여 업로드","온라인 접수 (전남형 청년창업사관학교 홈페이지)
※ 온라인 신청 시 각 서류는 PDF 파일로 변환(스캔 등)하여 업로드",https://www.bizinfo.go.kr/sii/siia/selectSIIA200Detail.do?pblancId=PBLN_000000000122176,main,primary,2026년전남형청년창업사관학교지원자추가모집공고,직접수행,2026-05-18~2026-06-04,창업,사업화지원
biz,PBLN_000000000122175,[충북] 충주시 2026년 착한가격업소 신규모집 공고,"저렴한 가격과 친절한 서비스로 물가안정 및 지역경제 활성화에 기여하고 있는 착한가격업소를 선정하기 위하여 아래와 같이 모집 공고합니다.
☞ 관내 소재지를 두고 6개월이상 영업 중인 개인사업자, 법인으로서 서민생활과 밀접한 개인서비스요금에 해당하는 업종에 대해 시민에게 직접 소매단위로 판매행위를 하는 업소 
(예 : 외식업, 이ㆍ미용업, 목욕업, 세탁업 등)
☞ 인증표찰 부착, 홈페이지 홍보, 인센티브 지급",경영,기초자치단체,충청북도,소상공인,소상공인,,,,,,,디자인/상품화/사업화,2026-05-20,2026-06-02,,"방문 및 이메일 접수 
- 접수처 : 충주시 으뜸로 21, 충주시청 경제과 경제정책팀(5층) 
- 이메일 : 850608hy@korea.kr","방문 및 이메일 접수 
- 접수처 : 충주시 으뜸로 21, 충주시청 경제과 경제정책팀(5층) 
- 이메일 : 850608hy@korea.kr",https://www.bizinfo.go.kr/sii/siia/selectSIIA200Detail.do?pblancId=PBLN_000000000122175,main,primary,충북충주시2026년착한가격업소신규모집공고,기초자치단체,2026-05-20~2026-06-02,경영,디자인/상품화/사업화
biz,PBLN_000000000122174,2026년 인천 블록체인 바우처 지원사업 수요기업 모집 공고,"인천광역시와 인천테크노파크는 블록체인 기술 수요가 있는 인천지역 중소기업의 블록체인 솔루션ㆍ서비스(제품) 도입 장벽 해소를 위해「2026년 블록체인 바우처 지원사업」 수요기업 모집을 다음과 같이 공고하오니, 많은 참여 바랍니다.
☞ 인천 소재 또는 인천 이전ㆍ설립 예정 중소기업(본사)
※ 인천 이전ㆍ설립 예정 수요기업의 경우, 공고일 기준 2개월 이내 예정기업(확약서)
☞ 블록체인 도입을 희망하는 수요기업을 대상으로 블록체인 기술기업의 솔루션 및 서비스 도입ㆍ활용에 소요되는 비용(최대 5백만원 이내) 지원
- 지원분야(기술 상품 분야) : DID(탈중앙화 신원증명), NFT(대체불가능 토큰), 배지(블록체인 뱃지), 블록체인 이력관리, 블록체인 진위여부, 메인넷(Mainnet), 스마트 컨트렉트
 (Smart Contract), 기타",기술,인천테크노파크,인천광역시,중소기업,중소기업,,,,,,,기술사업화/이전/지도,선착순 접수,,,온라인 접수 (비즈오케이),온라인 접수 (비즈오케이),https://www.bizinfo.go.kr/sii/siia/selectSIIA200Detail.do?pblancId=PBLN_000000000122174,main,primary,2026년인천블록체인바우처지원사업수요기업모집공고,인천테크노파크,선착순 접수~,기술,기술사업화/이전/지도
biz,PBLN_000000000122173,[경남] 2026년 소상공인 온라인 쇼핑몰 기획전 참여 소상공인 모집 공고,"경상남도와 경상남도 투자경제진흥원에서는 경남 소상공인 우수 제품 판매 활성화 및 판로 확대를 지원하고자 「2026년 소상공인 온라인 쇼핑몰 기획전」에 참여할 소상공인을 모집하오니 많은 관심과 참여 바랍니다. 
☞ 공고일('26.5.18.) 기준 도내 소재지 사업장을 운영 중이면서, 「소상공인기본법」제2조에 따른 소상공인
☞ 대형 민간 온라인 쇼핑몰 내 경상남도 전용 기획전 개최를 통해 경남 소상공인의 판로 개척 및 우수 상품 판매를 활성화 지원
- 쇼핑몰 전문 인력, 노하우를 활용하여 전문 컨설팅 제공 및 마케팅 지원
- 할인 쿠폰 발급, 팝업 광고, 배너 광고 등 프로모션 지원",판로/수출,경남투자경제진흥원,경상남도,소상공인,소상공인,,,,,,,온라인,모집 완료시,,,이메일 접수 (jy08@giba.or.kr),이메일 접수 (jy08@giba.or.kr),https://www.bizinfo.go.kr/sii/siia/selectSIIA200Detail.do?pblancId=PBLN_000000000122173,main,primary,경남2026년소상공인온라인쇼핑몰기획전참여소상공인모집공고,경남투자경제진흥원,모집 완료시~,내수,온라인
biz,PBLN_000000000122172,[충북] 2026년 의료기기 수출기업 국내외 학회 개별 참가기업 추가모집 공고,"충청북도와 충청북도기업진흥원에서는 도내 의료기기 관련 기업의 글로벌 시장 진출 및 판로개척 지원을 위하여「2026년 K-의료기기 국내ㆍ외 학회 개별 참가지원」참가기업을 아래와 같이 모집하오니 참가를 희망하는 도내 기업 여러분의 많은 관심과 적극적인 참여를 바랍니다.
☞ 공고일 기준, 부가가치세법 제6조 규정에 의하여 충북지역에 사업장(본사, 공장, 연구소)을 보유한 의료기기 관련 기업
- 2026년 국내 또는 해외에서 개최하는 의료기기 관련 학회에 개별적으로 직접 단독부스로 참가하는 도내 의료기기 업체
☞ 의료기기 관련 학회의 참가비(부스비) 및 장치비의 80% 참가 비용 지원",판로/수출,충청북도기업진흥원,충청북도,중소기업,중소기업,,,,,,,해외진출준비,2026-05-18,2026-06-08,,온라인 접수(충청북도글로벌마케팅시스템),온라인 접수(충청북도글로벌마케팅시스템),https://www.bizinfo.go.kr/sii/siia/selectSIIA200Detail.do?pblancId=PBLN_000000000122172,main,primary,충북2026년의료기기수출기업국내외학회개별참가기업추가모집공고,충청북도기업진흥원,2026-05-18~2026-06-08,수출,해외진출준비
biz,PBLN_000000000122171,2026년 인천스타트업파크 TRYOUT AI 실증 사업(자율과제) 모집 공고,"인천경제자유구역청과 인천테크노파크는 AI 기술을 활용하여 도시 내 다양한 사회문제와 산업ㆍ생활 현장의 문제를 해결하고, 혁신 스타트업이 보유한 AI 기술ㆍ서비스의 현장 실증과 사업화를 지원하기 위해 「2026년 인천스타트업파크 TRYOUT AI 실증사업(자율과제)」 참여기업을 모집하오니 많은 관심과 참여 바랍니다.
☞ 혁신기술 및 제품ㆍ서비스를 보유하고 있는 기업으로 실증을 희망하는 기업
- 창업 7년(신산업 창업 분야 10년) 이내 인천 관내 기업 또는 이전 확약기업
※ 인천 소재 본점ㆍ연구소ㆍ공장 보유 AI 분야 스타트업 또는 중소기업, 이전 확약 기업
※ 단, 관외 기업은 협약일로부터 3개월 이내 본점ㆍ연구소ㆍ공장 중 1개소 이전 필수
☞ AI 기술ㆍ서비스의 현장실증과 사업화 지원
- AI 기술ㆍ제품ㆍ서비스의 현장 실증에 필요한 비용
- 도시 현안 및 시민 생활·산업 현장 문제 해결을 위한 AI 자율과제실증 지원
- AI 실증 결과 기반의 기술ㆍ서비스 고도화 및 사업화 연계 지원
- AI 학습 및 실증 수행을 위한 GPU자원 무상 제공 및 활용 교육 지원",창업,인천테크노파크,인천광역시,창업벤처,"스타트업,초기창업기업",,,,,,,사업화지원,2026-05-18,2026-06-08,,온라인 접수 (인천스타트업파크 누리집),온라인 접수 (인천스타트업파크 누리집),https://www.bizinfo.go.kr/sii/siia/selectSIIA200Detail.do?pblancId=PBLN_000000000122171,main,primary,2026년인천스타트업파크tryoutai실증사업자율과제모집공고,인천테크노파크,2026-05-18~2026-06-08,창업,사업화지원
biz,PBLN_000000000122170,[경북] 2026년 국제 AIㆍ메타버스 영상제(GAMFF 2026) B2B 전시관 참가기업 모집 공고,"경북테크노파크에서는 2026 경북 국제 AIㆍ메타버스 영상제의 B2B 전시관 참가기업을 모집하오니, 지역 내 관련 기업의 많은 관심과 신청 바랍니다.
☞ 공고 시작일 기준 경상북도 소재(본사, 지사, 공장) 기업
- 가상융합산업 시장 진출 및 홍보를 원하는 기업
- 전시 가능한 가상융합산업 콘텐츠 보유 기업(AI, 메타버스, XR/VR 콘텐츠 등)
☞ B2B 부스 설치 지원(옥타곤 3*3 기준)
- B2B 운영비 : 총30만원, 10만원/1일(현금지원)
- 점심 식권, 숙박 1개실, 전시 물류 운송비, 부스 월(WALL) 아트디자인 비용, 기업 홍보 영상 상영(제출 시) 지원",판로/수출,경북테크노파크,경상북도,중소기업,중소기업,,,,,,,홍보지원,2026-05-18,2026-06-15,,온라인 접수 (경북테크노파크),온라인 접수 (경북테크노파크),https://www.bizinfo.go.kr/sii/siia/selectSIIA200Detail.do?pblancId=PBLN_000000000122170,main,primary,경북2026년국제aiㆍ메타버스영상제gamff2026b2b전시관참가기업모집공고,경북테크노파크,2026-05-18~2026-06-15,내수,홍보지원
biz,PBLN_000000000122169,2026년 2차 세라믹서포터즈(단기상용화) 지원사업 대상기업 모집 공고,"한국세라믹기술원에서는 세라믹 소재기반 유망 기업을 발굴ㆍ지원하여 기업의 기술 경쟁력 확보를 통한 세라믹 강소기업을 육성하고자 아래와 같이 기업지원 사업을 시행 하오니 많은 참여 바랍니다.
☞ 세라믹 소재ㆍ부품 관련 중소ㆍ중견 기업
☞ 제품고급화지원, 시제품제작지원, 애로기술컨설팅지원, 특허컨설팅지원, 시험분석ㆍ인증지원
※ 애로기술컨설팅, 특허컨설팅, 시험분석ㆍ인증 지원 지원은 사업비 소진시까지 수시지원 가능",경영,한국세라믹기술원,전국,중소기업,중소기업,,,,,,,디자인/상품화/사업화,2026-05-18,2026-05-31,,이메일 접수(cera-support@kicet.re.kr),이메일 접수(cera-support@kicet.re.kr),https://www.bizinfo.go.kr/sii/siia/selectSIIA200Detail.do?pblancId=PBLN_000000000122169,main,primary,2026년2차세라믹서포터즈단기상용화지원사업대상기업모집공고,한국세라믹기술원,2026-05-18~2026-05-31,경영,디자인/상품화/사업화
biz,PBLN_000000000122168,[경북] 경주시 2026년 소규모 사업장 방지시설 설치 지원사업 공고,"소규모 사업장의 노후 방지시설 개선비용을 지원하여 방지시설 설치비 부담 완화 및 미세먼지 저감 등 대기질 개선을 위하여 「소규모 사업장 방지시설 설치 지원사업」을 다음과 같이 시행하오니 본 사업에 참여하고자 하는 사업장에서는 적극 신청하여 주시기 바랍니다.
☞ 공고일 현재 경주시 소재, 「중소기업기본법」시행령 제3조제1항에 따른 중ㆍ소기업
※ 자세한 지원대상 공고문 참조
☞ 사물인터넷(IoT) 측정기기 설치비용 지원",경영,기초자치단체,경상북도,중소기업,중소기업,,,,,,,시설/입지지원,예산 소진시까지,,,"방문 접수
- 접수처 : 경주시 양정로 260, 증축관 4층 경주시청 환경정책과 대기보전팀","방문 접수
- 접수처 : 경주시 양정로 260, 증축관 4층 경주시청 환경정책과 대기보전팀",https://www.bizinfo.go.kr/sii/siia/selectSIIA200Detail.do?pblancId=PBLN_000000000122168,main,primary,경북경주시2026년소규모사업장방지시설설치지원사업공고,기초자치단체,예산 소진시까지~,경영,시설/입지지원
biz,PBLN_000000000122167,2026년 인천 바이오 스타트업 지원을 위한 액셀러레이팅 프로그램 참가기업 모집 공고,"인천광역시가 지원하는 ‘바이오 클러스터 조성사업’의 일환으로 인천테크노파크에서는 성장 잠재력이 높은 바이오산업 분야 창업기업 및 예비 창업자를 발굴하고 액셀러레이터(창업기획자)와 연계한 바이오기업 성장을 지원하고자 다음과 같이 「바이오 스타트업 지원을 위한 액셀러레이팅 프로그램」 참가기업 모집 공고를 진행하오니, 많은 관심과 참여 바랍니다.
☞ 중소기업으로 사업을 개시한 날로부터 7년이 지나지 않고 2인 이상으로 구성된 (예비) 창업팀
- 의약품, 의료기기, 디지털의료제품 등 바이오 첨단산업 관련 기업
- 원부자재 수급 불안정성 타계를 위한 바이오 소부장 기업
- ESG 강화에 따른 바이오 헬스 분야 친환경 기술 및 제품 개발 기업
※ 중소기업창업 지원법 제25조제4항에 따른 신산업 창업 분야의 경우 창업 10년 이하도 지원가능
※ 인천 소재 외 지역 기업은 사업종료 후 1개월 내 인천으로 사업장(본사ㆍ지사ㆍ연구소) 이전 필수
☞ 기업 맞춤 액셀러레이팅, 사업화 자금 지원
- 기업 맞춤 액셀러레이팅 : 기업 진단, 멘토링 및 교육, IP 고도화, IR 역량 강화 프로그램, 투자유치 지원, 오픈이노베이션, 해외투자유치지원
- 사업화 자금 : 기업당 2,200만원 이내",창업,인천테크노파크,인천광역시,창업벤처,"스타트업,초기창업기업",,,,,,,예비창업자지원,2026-05-20,2026-06-11,,이메일 접수 (info@tbzpartners.co),이메일 접수 (info@tbzpartners.co),https://www.bizinfo.go.kr/sii/siia/selectSIIA200Detail.do?pblancId=PBLN_000000000122167,main,primary,2026년인천바이오스타트업지원을위한액셀러레이팅프로그램참가기업모집공고,인천테크노파크,2026-05-20~2026-06-11,창업,예비창업자지원
biz,PBLN_000000000122166,[경남] 김해시 2026년 창업기업 마케팅 역량 강화 지원사업 디자인 개발 참가기업 모집 공고,"김해지역 창업기업의 지속 가능한 성장을 견인하고 제품 정체성을 강화하기 위한 디자인 개발을 지원합니다. 차별화된 디자인으로 브랜드 가치를 높이고 디자인어워드 출품을 통해 마케팅 역량을 강화할 기업의 많은 참여바랍니다.
☞ 공고일 기준 관내 7년 이내 창업기업(단순 유통, 판매업 제외)
☞ 제품 및 패키지 디자인 개발 지원",경영,김해의생명산업진흥원,경상남도,창업벤처,초기창업기업,,,,,,,디자인/상품화/사업화,2026-05-18,2026-06-01,,이메일 접수 (ddu@gbia.or.kr),이메일 접수 (ddu@gbia.or.kr),https://www.bizinfo.go.kr/sii/siia/selectSIIA200Detail.do?pblancId=PBLN_000000000122166,main,primary,경남김해시2026년창업기업마케팅역량강화지원사업디자인개발참가기업모집공고,김해의생명산업진흥원,2026-05-18~2026-06-01,경영,디자인/상품화/사업화
biz,PBLN_000000000122165,2026년 여성특화 액셀러레이팅 프로그램 참여자 모집 공고,"여성 특화 전문 창업기획자(액셀러레이터)를 통해 초기 유망 여성 스타트업(창업 7년미만)을 육성하는「여성특화 액셀러레이팅 프로그램」에 참여할 창업기업 모집을 다음과 같이 공고합니다.
☞ 기술기반 혁신아이템, 여성 특화 및 친화제품 등을 보유한 여성 예비창업자 및 창업 7년 미만 여성 창업기업
☞ 액셀러레이팅 프로그램(멘토링, 네트워킹 등), 사업화자금(1,000만원), 직접 투자 및 연계투자 등 지원",창업,한국여성벤처협회,전국,여성기업,여성,,,,,,,사업화지원,2026-05-19,2026-06-09,,"이메일 접수
비수도권 
- 주식회사 리벤처스 2026women@reventures.co.kr
수도권
- 이화여자대학교기술지주 주식회사 : holdings@ewha.ac.kr
- 젠엑시스 주식회사 : shlee@genaxis.co.kr
- 주식회사 킹고스프링 : w_startup@kingospring.com","이메일 접수
비수도권 
- 주식회사 리벤처스 2026women@reventures.co.kr
수도권
- 이화여자대학교기술지주 주식회사 : holdings@ewha.ac.kr
- 젠엑시스 주식회사 : shlee@genaxis.co.kr
- 주식회사 킹고스프링 : w_startup@kingospring.com",https://www.bizinfo.go.kr/sii/siia/selectSIIA200Detail.do?pblancId=PBLN_000000000122165,main,primary,2026년여성특화액셀러레이팅프로그램참여자모집공고,한국여성벤처협회,2026-05-19~2026-06-09,창업,사업화지원
biz,PBLN_000000000122163,[부산] 북구 2026년 국내ㆍ외 권리화 지원사업 공고,"부산지식재산센터에서는 부산시 북구지역의 성장 잠재력이 높은 기업의 우수기술에 대한 경쟁력 향상을 위하여「2026년 북구청 국내ㆍ외 권리화 지원사업」을 다음과 같이 공고하오니, 사업에 참여를 희망하는 북구소재 중소기업의 많은 참여 바랍니다.
☞ 부산시 북구지역 소재 중소기업
※ 중소기업기본법 제2조에 따른 중소기업
☞ 국내 권리화(특허, 상표, 디자인 기업 당 2건 이내), 해외권리화(PCT 기업 당 1건 이내) 지원",기술,부산지식재산센터,부산광역시,중소기업,중소기업,,,,,,,시험/인증,2026-05-07,2026-05-29,,온라인 접수 (RIPC 지원기업 사업관리시스템),온라인 접수 (RIPC 지원기업 사업관리시스템),https://www.bizinfo.go.kr/sii/siia/selectSIIA200Detail.do?pblancId=PBLN_000000000122163,main,primary,부산북구2026년국내ㆍ외권리화지원사업공고,부산지식재산센터,2026-05-07~2026-05-29,기술,시험/인증
biz,PBLN_000000000122162,2026년 2차 판로확대 지원사업 참여 소상공인 모집 공고(쇼핑몰 통합관리 지원(사방넷)),"소상공인의 판로 확대와 매출 성장을 위해 쇼핑몰 통합관리 솔루션을 지원하는「2026년 판로확대 지원」사업을 다음과 같이 공고하오니 많은 관심과 참여 바랍니다.
☞ 온라인 판로 확대를 희망하는 소상공인
- 대표자 제외 상시 근로자 수 5인 또는 10인 미만의 소상공인
- 공고일 현재 온라인에서 판매 가능한 제품을 보유한 소상공인
- AX 아카데미 교육을 수강한 연간 프리미엄 멤버십 소상공인
※ 자세한 지원대상 공고문 참조
☞ 사방넷(쇼핑몰 통합관리 솔루션) 이용료 및 활용 지원
① 사방넷 솔루션 가입비
② 사방넷 싱글 요금제 6개월 이용료
③ 부가서비스(API서비스, 스케줄러, 알림톡)
④ 사업 및 솔루션 기초 사용법 교육",경영,중소상공인희망재단,전국,소상공인,소상공인,,,,,,,디자인/상품화/사업화,2026-05-13,2026-06-05,,온라인 접수(중소상공인희망재단),온라인 접수(중소상공인희망재단),https://www.bizinfo.go.kr/sii/siia/selectSIIA200Detail.do?pblancId=PBLN_000000000122162,main,primary,2026년2차판로확대지원사업참여소상공인모집공고쇼핑몰통합관리지원사방넷,중소상공인희망재단,2026-05-13~2026-06-05,경영,디자인/상품화/사업화
biz,PBLN_000000000122161,[충북] 증평군 2026년 3차 충북식품 신나는 일터조성 지원사업 모집 공고(지역상생형 일터조성 프로젝트),"고용노동부ㆍ충청북도ㆍ충주시ㆍ제천시ㆍ보은군ㆍ옥천군ㆍ증평군ㆍ진천군ㆍ괴산군ㆍ음성군과 함께 '지역상생형 일터조성 프로젝트(2026 충북식품 제조업 지역상생형 격차완화 지원)'사업의 일환으로 추진하는「충북식품 신나는 일터조성 지원사업」의 참여기업을 아래와 같이 모집하오니, 지역기업의 많은 관심과 참여를 바랍니다.
☞ 증평 소재 식품기업(식품제조업 및 전후방산업 포함) 중 공고일 현재 상시근로자 5인이상 기업
☞ 근로자워라밸 복지프로그램(근로자 워크숍, 리프레쉬, 간식차, 기업자율프로그램 등) 운영비 지원
※ 자세한 지원내용 공고문 참조",인력/일자리,청주상공회의소,충청북도,중소기업,중소기업,,,,,,,고용유지,2026-05-18,2026-05-22,,온라인 접수 (충북  일자리과제관리시스템),온라인 접수 (충북  일자리과제관리시스템),https://www.bizinfo.go.kr/sii/siia/selectSIIA200Detail.do?pblancId=PBLN_000000000122161,main,primary,충북증평군2026년3차충북식품신나는일터조성지원사업모집공고지역상생형일터조성프로젝트,청주상공회의소,2026-05-18~2026-05-22,인력,고용유지
biz,PBLN_000000000122160,[경북] 2026년 소상공인 IP창출지원 IP창출종합패키지(브랜드ㆍ디자인 융합) 사업 공고,"소상공인의 지식재산 피해를 예방하고 안정적 성장을 돕기 위하여, 시장ㆍ제품 특성이 반영된 브랜드와 디자인 융합 개발을 지원하고 소상공인이 보유한 지식재산을 권리로 보호하기 위한 「소상공인 IP창출 종합패키지 (브랜드&디자인 융합)」 지원 사업을 시행하오니 희망하는 소상공인은 아래에 따라 신청하여 주시기 바랍니다.
☞「소상공인기본법」제2조에 따른 소상공인(사업자등록증 보유)
☞ 과제금액 2,200만원(지원금 기준 1,760만원) (과업기간 100일) 지원
- 상표ㆍ디자인 각 1건 이상 IP출원, 컨설팅보고서ㆍ디자인적용가이드, IP교육 등 지원",경영,경북지식재산센터,경상북도,소상공인,소상공인,,,,,,,디자인/상품화/사업화,2026-05-19,2026-06-15,,온라인 접수 (RIPC 지원사업 신청시스템),온라인 접수 (RIPC 지원사업 신청시스템),https://www.bizinfo.go.kr/sii/siia/selectSIIA200Detail.do?pblancId=PBLN_000000000122160,main,primary,경북2026년소상공인ip창출지원ip창출종합패키지브랜드ㆍ디자인융합사업공고,경북지식재산센터,2026-05-19~2026-06-15,경영,디자인/상품화/사업화
biz,PBLN_000000000122159,[인천] 남동구 2026년 자카르타 국제 프리미엄 소비재전 단체참가 지원사업 모집 공고,"남동구청과 한국무역협회 인천지역본부는 중소기업의 해외시장 판로개척과 수출 역량 강화를 위해 「2026 자카르타 국제 프리미엄 소비재전」 참여업체를 모집하오니, 관련 업체의 많은 신청 바랍니다.
☞ 전년도(2025년) 매출액 500억 이하인 남동구 관내 본사 또는 공장이 소재한 중소제조업체(선정 후 이전 시 지원 불가)
☞ 참가비용의 일부 지원
- 프리미엄 부스 1개, 현지 바이어와 수출상담 매칭, 기업별 통역요원, 물류(항공 특송 15kg 내외) 지원",판로/수출,한국무역협회인천지역본부,인천광역시,중소기업,중소기업,,,,,,,해외진출,2026-05-19,2026-06-02,,온라인 접수 (비즈오케이),온라인 접수 (비즈오케이),https://www.bizinfo.go.kr/sii/siia/selectSIIA200Detail.do?pblancId=PBLN_000000000122159,main,primary,인천남동구2026년자카르타국제프리미엄소비재전단체참가지원사업모집공고,한국무역협회인천지역본부,2026-05-19~2026-06-02,수출,해외진출
biz,PBLN_000000000122158,[서울] 2026년 소상공인 IP창출지원 IP창출종합패키지(브랜드ㆍ디자인 융합) 사업 공고,"소상공인의 지식재산 피해를 예방하고 안정적 성장을 돕기 위하여, 시장ㆍ제품 특성이 반영된 브랜드와 디자인 융합 개발을 지원하고 소상공인이 보유한 지식재산을 권리로 보호하기 위한 「소상공인 IP창출 종합패키지 (브랜드&디자인 융합)」 지원 사업을 시행하오니 희망하는 소상공인은 아래에 따라 신청하여 주시기 바랍니다.
☞「소상공인기본법」제2조에 따른 소상공인(사업자등록증 보유)
☞ 과제금액 2,200만원(지원금 기준 1,760만원) (과업기간 100일) 지원
- 상표ㆍ디자인 각 1건 이상 IP출원, 컨설팅보고서ㆍ디자인적용가이드, IP교육 등 지원",경영,서울지식재산센터,서울특별시,소상공인,소상공인,,,,,,,디자인/상품화/사업화,2026-05-19,2026-06-15,,온라인 접수 (RIPC 지원사업 신청시스템),온라인 접수 (RIPC 지원사업 신청시스템),https://www.bizinfo.go.kr/sii/siia/selectSIIA200Detail.do?pblancId=PBLN_000000000122158,main,primary,서울2026년소상공인ip창출지원ip창출종합패키지브랜드ㆍ디자인융합사업공고,서울지식재산센터,2026-05-19~2026-06-15,경영,디자인/상품화/사업화
biz,PBLN_000000000122157,[충남] 2026년 소상공인 IP창출 종합패키지(브랜드&디자인 융합) 사업 공고,"소상공인의 지식재산 피해를 예방하고 안정적 성장을 돕기 위하여, 시장ㆍ제품 특성이 반영된 브랜드와 디자인 융합 개발을 지원하고 소상공인이 보유한 지식재산을 권리로 보호하기 위한「소상공인 IP 창출 종합패키지 (브랜드&디자인 융합)」지원 사업을 시행하오니 희망하는 소상공인은 아래에 따라 신청하여 주시기 바랍니다.
☞「소상공인기본법」제2조에 따른 소상공인(사업자등록증 보유)
☞ 상표ㆍ디자인 각 1건 이상 IP출원, 컨설팅보고서ㆍ디자인적용가이드, IP교육 등 지원
- 브랜드 개발(네이밍, 로고, 캐릭터 등)
- 디자인 개발(포장디자인)",경영,충남북부상공회의소,충청남도,소상공인,소상공인,,,,,,,디자인/상품화/사업화,2026-05-19,2026-06-15,,온라인 접수 (지역지식재산센터 사업관리시스템),온라인 접수 (지역지식재산센터 사업관리시스템),https://www.bizinfo.go.kr/sii/siia/selectSIIA200Detail.do?pblancId=PBLN_000000000122157,main,primary,충남2026년소상공인ip창출종합패키지브랜드디자인융합사업공고,충남북부상공회의소,2026-05-19~2026-06-15,경영,디자인/상품화/사업화
biz,PBLN_000000000122156,[부산] 사상구 2026년 사물인터넷 측정기기 부착 지원사업 추가모집 공고,"2026년 「사물인터넷 측정기기 부착지원사업」을 아래와 같이 추가모집 공고하오니 지원 희망사업장에서는 2026. 6. 15.(월)까지 신청하여 주시기 바랍니다.
☞ 공고일 현재 부산광역시 사상구에 소재하는 「중소기업기본법」 시행령 제3조제1항에 따른 중ㆍ소기업
① 「대기환경보전법」제37조의3[별표9의2] 규정에 따른 사물인터넷(IoT) 측정기기 부착대상 시설
② 보조금을 받아 설치한 방지시설 
③ 방지시설 설치면제 및 자가측정 면제와 관련하여 사물인터넷(IoT) 측정기기 부착지원을 신청한 사업장의 습식 배출시설
☞ 사물인터넷(IoT) 측정기기 설치비 한도 내에서 실제 소요비용의 60% 지원",경영,기초자치단체,부산광역시,중소기업,중소기업,,,,,,,시설/입지지원,2026-05-26,2026-06-15,,"방문 또는 우편 접수
- 접수처 : 부산광역시 사상구 학감대로 242(감전동, 사상구청) 환경위생과 ‘사물인터넷 측정기기 부착지원사업’ 담당자 앞
※ 원본 접수 후 스캔본 메일로 필수 송부 (kejj7168@korea.kr)","방문 또는 우편 접수
- 접수처 : 부산광역시 사상구 학감대로 242(감전동, 사상구청) 환경위생과 ‘사물인터넷 측정기기 부착지원사업’ 담당자 앞
※ 원본 접수 후 스캔본 메일로 필수 송부 (kejj7168@korea.kr)",https://www.bizinfo.go.kr/sii/siia/selectSIIA200Detail.do?pblancId=PBLN_000000000122156,main,primary,부산사상구2026년사물인터넷측정기기부착지원사업추가모집공고,기초자치단체,2026-05-26~2026-06-15,경영,시설/입지지원
biz,PBLN_000000000122155,[경남] 2026년 메이킹 아카데미(제품화 지원) 신청기업 모집 공고(제조전문형 메이커스페이스 지원사업),"경상남도에 소재한 제조분야 (예비)창업자를 대상으로 제조혁신을 이끌 핵심역량을 갖춘 우수기업으로 육성하고자 「메이킹 아카데미」 지원 대상자를 다음과 같이 모집하고자 합니다.
☞ 경남지역 내 소재한 예비창업자 또는 초기창업기업
- 우주, 항공, AAM, 수소, SMR, AI, 로봇, 바이오, 반도체 등 분야 전후방 산업 제조업종
☞ 제품화, 기술경영 애로해결(기술닥터 연계형), 금융지원
※ 자세한 지원내용 공고문 참조",기술,경남테크노파크,경상남도,창업벤처,초기창업기업,,,,,,,기술사업화/이전/지도,2026-05-12,2026-06-02,,"온라인 접수 (경남테크노파크)
※ 예비창업자 신청방법 : 이메일 접수(drg000@gntp.or.kr)","온라인 접수 (경남테크노파크)
※ 예비창업자 신청방법 : 이메일 접수(drg000@gntp.or.kr)",https://www.bizinfo.go.kr/sii/siia/selectSIIA200Detail.do?pblancId=PBLN_000000000122155,main,primary,경남2026년메이킹아카데미제품화지원신청기업모집공고제조전문형메이커스페이스지원사업,경남테크노파크,2026-05-12~2026-06-02,기술,기술사업화/이전/지도
biz,PBLN_000000000122154,[제주] 2026년 JEJU ROAD 글로벌 판로개척 및 수출 활성화 지원 모집 공고,"2026년도 중소벤처기업부와 제주특별자치도가 지원하는 지역기업 성장사다리 지원사업, JEJU ROAD 해외수출길 활성화 지원사업, 제주형 히든파워기업 육성 특성화 지원사업, 제주형 청년인재 육성사업의 일환으로 제주테크노파크에서 도내 수출기업의 글로벌 판로개척을 위한 지원 프로그램을 안내하오니, 해당 프로그램 참여를 희망하는 제주지역 중소기업의 많은 신청 바랍니다.
☞ 사업자등록증 상 본사가 제주 지역 내 소재하며, 제주 지역 주력산업 분야 및 전ㆍ후방 연계 분야를 영위하는 중소기업
- 제주에서 제품을 생산, 제조 또는 제주산 제품을 유통하는 기업
- 공고 마감일 기준 국세 및 지방세 체납이 없는 기업
※ 제주지역 주력산업 분야는 별첨의 제주지역 주력산업 KSIC 코드로 확인 가능
☞ 해외 방송프로그램 PPL, 온ㆍ오프라인 커머스 입점 대행 및 연계 마케팅 지원",판로/수출,제주테크노파크,제주특별자치도,중소기업,중소기업,,,,,,,해외진출,2026-05-18,2026-06-05,,온라인 접수 (기업지원사업 관리시스템),온라인 접수 (기업지원사업 관리시스템),https://www.bizinfo.go.kr/sii/siia/selectSIIA200Detail.do?pblancId=PBLN_000000000122154,main,primary,제주2026년jejuroad글로벌판로개척및수출활성화지원모집공고,제주테크노파크,2026-05-18~2026-06-05,수출,해외진출
biz,PBLN_000000000122153,[서울] 외식업 경영혁신 컨설팅 지원사업 컨설팅 참여업소 모집 공고,"경영 부담으로 어려움을 겪는 서울시 내 외식업체에 맞춤형 컨설팅을 제공하여, 외식업 경쟁력을 강화하고 경영 안정화를 도모하고자 「외식업 경영혁신 컨설팅 지원」사업에 참여할 대상업소를 다음과 같이 모집합니다.
☞ 서울시 내 일반ㆍ휴게음식점
- 배달 가능 업체
- 포스기가 있거나 모바일 기반 업무 수행 가능자
※ 자세한 지원대상 공고문 참조
☞ 희망분야 1:1 맞춤형 컨설팅, 인센티브 등 지원
- 컨설팅 세부 분야 : 경영관리, 마케팅관리, 메뉴개발, 법률
- 인센티브 : 서울배달+땡겨요 앱 내 사장님 지원금 최대 60만원 제공
- 우수사례 선정 시 홍보용 숏폼 제작 지원",경영,한국표준협회,서울특별시,중소기업,중소기업,,,,,,,컨설팅,선착순 접수,,,온라인 접수 (구글 폼),온라인 접수 (구글 폼),https://www.bizinfo.go.kr/sii/siia/selectSIIA200Detail.do?pblancId=PBLN_000000000122153,main,primary,서울외식업경영혁신컨설팅지원사업컨설팅참여업소모집공고,한국표준협회,선착순 접수~,경영,컨설팅
biz,PBLN_000000000122152,2026년 3-4차 투자유치설명회 ICT벤처IR 참여기업 모집 공고,"과학기술정보통신부와 함께 벤처기업협회는 유망 ICT 벤처기업의 투자 유치 기회 제공 및 성장을 지원하는 '제 3-4차 ICT벤처 IR' 모집이 시작되었습니다. 성공적인 자금 조달과 스케일업을 꿈꾸는 기업의 많은 참여 부탁드립니다.
☞ 투자가 필요한 ICT분야 우수 중소벤처기업
☞ 투자 M&A 역량강화 교육, 투자사 대상 실전 IR 피칭 및 Q&A, VC 대상 1:1 투자상담 및 밀착 멘토링 지원",경영,벤처기업협회,전국,중소기업,중소기업,,,,,,,컨설팅,2026-05-18,2026-06-05,,온라인 접수(벤처기업협회),온라인 접수(벤처기업협회),https://www.bizinfo.go.kr/sii/siia/selectSIIA200Detail.do?pblancId=PBLN_000000000122152,main,primary,2026년34차투자유치설명회ict벤처ir참여기업모집공고,벤처기업협회,2026-05-18~2026-06-05,경영,컨설팅
biz,PBLN_000000000122151,2026년 미래내일 일경험(프로젝트형) 참여기업 모집 공고,"2026년 일경험 프로젝트형 참여기업을 아래와 같이 공고하오니 많은 신청 바랍니다.
☞ 고용보험 피보험자 10인 이상 기업
※ 벤처/메인ㆍ이노비즈/사회적 기업은 10인 미만도 가능
☞ 기업지원금, 멘토수당, 프로젝트 수행수당 등 지원
※ 자세한 사항 공고문 참조",인력/일자리,인사이드아웃 사회적협동조합,전국,중소기업,중소기업,,,,,,,국내일반인력,2026-05-18,2026-06-30,,온라인 접수 (구글폼),온라인 접수 (구글폼),https://www.bizinfo.go.kr/sii/siia/selectSIIA200Detail.do?pblancId=PBLN_000000000122151,main,primary,2026년미래내일일경험프로젝트형참여기업모집공고,인사이드아웃사회적협동조합,2026-05-18~2026-06-30,인력,국내일반인력
biz,PBLN_000000000122150,2026년 일본우수기술자 제조현장 기술지도 참가기업 모집 공고(8~11월 지도),"우리 재단(한일산업기술협력재단)은 산업부 산하 공직 유관단체로, 산업통상부의 지원을 받아 국내 중소/중견 기업을 위한 다양한 사업을 추진하고 있습니다. 일본의 우수 기술자를 초청하여 국내 기업의 애로기술 해결 및 선진기술 습득을 위한 기술지도 및 컨설팅을 지원합니다. 이에 본 사업에 참가할 기업을 아래와 같이 모집하오니 관심 있는 기업의 많은 신청 바랍니다.
☞ 국내 중견ㆍ중소 소부장 제조기업
- 기계, 자동차부품, 전기/전자 부품, 화학, 반도체, 디스플레이, 플랜트, 의료기기, 기초소재 등의 제조분야
☞ 최대 4개월(8월~11월) 현장 맞춤형 기술지도 지원
- 재단DB 일본기술자와의 1:1 화상 매칭상담회 지원",기술,한일산업기술협력재단,전국,중소기업,중소기업,,,,,,,기술사업화/이전/지도,2026-05-18,2026-05-29,,온라인 접수 (한일산업기술협력재단),온라인 접수 (한일산업기술협력재단),https://www.bizinfo.go.kr/sii/siia/selectSIIA200Detail.do?pblancId=PBLN_000000000122150,main,primary,2026년일본우수기술자제조현장기술지도참가기업모집공고811월지도,한일산업기술협력재단,2026-05-18~2026-05-29,기술,기술사업화/이전/지도
biz,PBLN_000000000122149,[부산] 2026년 7차 중소기업 자금지원계획 변경 공고,"「부산광역시 중소기업육성기금 조례」제10조에 따라, 2026년도 부산광역시 중소기업 자금지원계획을 다음과 같이 공고합니다.
☞ 부산시 내 사업장을 둔 중소기업, 소상공인 등
※ 세부사업별 지원대상 상이, 공고문 참조
☞ 이차보전, 저금리 융자, 특례보증 지원
※ 자세한 지원내용 공고문 참조",자금,부산경제진흥원,부산광역시,중소기업,중소기업,,,,,,,융자,예산 소진시까지,,,"온라인 및 방문 접수
- 온라인 : 부산경제진흥원 중소기업 자금지원
- 방문 : 기술ㆍ신용보증기금 및 부산신용보증재단 등
※ 세부사업별 신청방법 상이(공고문 6, 7p 참조)","온라인 및 방문 접수
- 온라인 : 부산경제진흥원 중소기업 자금지원
- 방문 : 기술ㆍ신용보증기금 및 부산신용보증재단 등
※ 세부사업별 신청방법 상이(공고문 6, 7p 참조)",https://www.bizinfo.go.kr/sii/siia/selectSIIA200Detail.do?pblancId=PBLN_000000000122149,main,primary,부산2026년7차중소기업자금지원계획변경공고,부산경제진흥원,예산 소진시까지~,금융,융자
biz,PBLN_000000000122148,2026년 2차 신재생에너지R&D(수소ㆍ연료전지) 신규지원대상 연구개발과제 공고,"신재생에너지핵심기술개발사업(수소ㆍ연료전지)의 2026년도 2차 신규지원 대상 연구개발 과제를 다음과 같이 공고하오니 해당 기술개발과제를 수행하고자 하는 자는 관련규정에 따라신청하여 주시기 바랍니다.
☞ 기업, 대학, 연구기관, 연구조합, 사업자단체, 의료기관 등 국가연구개발혁신법 제2조 제3호 및 같은 법 시행령 제2조 제1항, 에너지법 제12조 제1항 및 같은 법 시행령 제8조의2, 에너지기술개발사업 공통 운영요령제2조제1항제3호, 제4호 및 제4의2호, 제8의3부터 제8의5, 제51호에 해당하는 기관
- 주관연구개발기관이 기업인 경우 접수마감일 현재 법인사업자이어야 함
☞ 신재생에너지(수소ㆍ연료전지) 연구개발비 지원",기술,한국에너지기술평가원,전국,중소기업,중소기업,,,,,,,공동기술개발,2026-05-26,2026-06-17,,"온라인 접수(범부처통합연구지원시스템)
※ 재무제표 원클릭서비스로 제출 (m.one-click.co.kr/#/ketep)
※ 자세한 신청방법 공고문 참조","온라인 접수(범부처통합연구지원시스템)
※ 재무제표 원클릭서비스로 제출 (m.one-click.co.kr/#/ketep)
※ 자세한 신청방법 공고문 참조",https://www.bizinfo.go.kr/sii/siia/selectSIIA200Detail.do?pblancId=PBLN_000000000122148,main,primary,2026년2차신재생에너지rd수소ㆍ연료전지신규지원대상연구개발과제공고,한국에너지기술평가원,2026-05-26~2026-06-17,기술,공동기술개발
biz,PBLN_000000000122147,2026년 영업비밀ㆍ기술 보호 컨설팅 모집 공고,"중소ㆍ중견기업, 대학ㆍ공공연구기관의 기술유출 방지 및 영업비밀 보호 강화를 위한 「2026년 영업비밀ㆍ기술 보호 컨설팅」을 아래와 같이 변경하여 공고합니다.
☞ 중소ㆍ중견기업, 대학ㆍ공공연구기관
☞ 단계별 컨설팅(기초ㆍ심화) 및 공공연 등 맞춤형 컨설팅 지원
※ 자세한 지원내용 공고문 참조",기술,한국지식재산보호원,지식재산처,중소기업,중소기업,,,,,,,기술사업화/이전/지도,예산 소진시까지,,,온라인 접수(영업비밀보호센터),온라인 접수(영업비밀보호센터),https://www.bizinfo.go.kr/sii/siia/selectSIIA200Detail.do?pblancId=PBLN_000000000122147,main,primary,2026년영업비밀ㆍ기술보호컨설팅모집공고,한국지식재산보호원,예산 소진시까지~,기술,기술사업화/이전/지도
biz,PBLN_000000000122146,2026년 국가첨단전략산업 소부장 중소ㆍ중견기업 투자지원금 사업시행 공고,"국가첨단전략산업 분야의 핵심 소재ㆍ부품ㆍ장비 기업의 국내 생산기반을 확충하고 공급망 안정화에 기여하기 위하여,「2026년 국가첨단전략산업 소부장 중소ㆍ중견기업 투자지원금」사업의 시행을 다음과 같이 공고합니다.
☞ 국가첨단전략산업 분야 중 지원품목(“공급망안정품목” 또는 “전략물자”)을 생산하는 중소ㆍ중견 소부장 기업
☞ 지원품목과 밀접하게 연관된 설비투자(건설 및 기계장비투자)와 설비투자를 위한 입지(토지) 매입에 대한 신규투자 비용 지원",경영,한국산업기술진흥원,전국,중소기업,중소기업,,,,,,,시설/입지지원,2026-05-20,2026-07-17,,온라인 접수(e나라도움),온라인 접수(e나라도움),https://www.bizinfo.go.kr/sii/siia/selectSIIA200Detail.do?pblancId=PBLN_000000000122146,main,primary,2026년국가첨단전략산업소부장중소ㆍ중견기업투자지원금사업시행공고,한국산업기술진흥원,2026-05-20~2026-07-17,경영,시설/입지지원
biz,PBLN_000000000122145,2026년 미래내일 일경험 사업 참여기업 모집 공고(인턴형),"전남인력개발원은 고용노동부, 대한상공회의소와 청년 일경험 기회 제공을 위하여 「2026년 미래내일 일경험 지원사업(인턴형)」 참여기업을 다음과 같이 모집하오니 우수기업들의 많은 참여 바랍니다.
☞ 고용보험 피보험자 10인 이상 기업, 공공기관, 지방공기업, 비영리단체, 비영리법인 등
※ 단, 벤처기업, Inno-Biz, Main-Biz, 사회적기업은 10인 미만 참여 가능
☞ 총 8주 기준, 청년 1인당 (기업지원금) 40만원 (멘토수당) 30만원 지원",인력/일자리,전남인력개발원,전라남도,중소기업,중소기업,,,,,,,교육/훈련/연수,예산 소진시까지,,,이메일 접수 (jnhrd2841@naver.com),이메일 접수 (jnhrd2841@naver.com),https://www.bizinfo.go.kr/sii/siia/selectSIIA200Detail.do?pblancId=PBLN_000000000122145,main,primary,2026년미래내일일경험사업참여기업모집공고인턴형,전남인력개발원,예산 소진시까지~,인력,교육/훈련/연수
biz,PBLN_000000000122144,2026년 2차 농식품 창업제품 브랜드관(우체국쇼핑몰) 전시기업 모집 공고(온라인 유통채널 연계 진출지원),"‘2026년 온라인 유통채널 연계 진출지원(우체국쇼핑몰)’ 사업과 관련하여「농식품 창업제품 브랜드관」제품 전시기업을 아래와 같이 모집 공고하오니, B2C 판매가 가능한 제품을 보유한 창업기업들의 많은 지원 바랍니다. 본 사업과 관련하여「우체국쇼핑몰 농식품 창업제품 브랜드관」은 농식품 창업기업의 지속적 성장 및 소비자 인지도 강화를 위해 한국농업기술진흥원과 한국우편사업진흥원이 협업하여 운영하고 있습니다. 자세한 모집요강은 아래를 참고하시기 바랍니다.
☞ 농식품벤처창업활성화 지원사업 참여이력 보유기업 및 우체국소포(택배)를 이용하여 제품 발송이 가능한 기업
☞ 상시판매, 프로모션, 제휴채널 연계, 콘텐츠 제작 등 지원
- 상시판매 : 우체국 쇼핑몰 內「농식품 창업제품 브랜드관」전시 지원을 통해 상시 온라인 판매처 제공 및 매출 확대 지원
- 프로모션 : 설ㆍ추석 등 주요시즌 할인쿠폰 프로모션, 라이브방송 송출지원
- 제휴채널 연계 : 우체국쇼핑몰 제휴채널 추가 입점 연계
- 콘텐츠 제작 : 온라인 콘텐츠(상세페이지 등)가 없을 경우 무상제작, 수정 및 보완 지원(기업당 연 5회)",판로/수출,한국농업기술진흥원,전국,창업벤처,초기창업기업,,,,,,,온라인,2026-05-18,2026-06-01,,온라인 접수 (농식품 창업정보망),온라인 접수 (농식품 창업정보망),https://www.bizinfo.go.kr/sii/siia/selectSIIA200Detail.do?pblancId=PBLN_000000000122144,main,primary,2026년2차농식품창업제품브랜드관우체국쇼핑몰전시기업모집공고온라인유통채널연계진출지원,한국농업기술진흥원,2026-05-18~2026-06-01,내수,온라인
biz,PBLN_000000000122143,2026년 2차 지역혁신클러스터육성(R&D) 사업 시행계획 공고,"2026년도 지역혁신클러스터육성(R&D) 사업의 신규지원을 위한 시행계획을 다음과 같이 공고하오니 지역 기업, 대학, 연구소 등의 많은 참여를 바랍니다.
☞ 중소ㆍ중견ㆍ대기업, 대학, 연구기관, 연구조합, 사업자단체, 의료기관 등「산업기술혁신촉진법」 제11조 제2항 및 같은 법 시행령 제11조,「지역산업지원사업 공통운영요령」 제2조 제1항 제2호, 제3호 및 제3의2호, 10의2호부터 10의4호, 10의7호에 해당하는 기관
- 지원대상분야 : 중부권(충북, 충남, 세종, 대전)ㆍ대경권(대구, 경북) 권역별 지역혁신클러스터 특화산업 등
☞ 지역혁신 클러스터 고도화 및 거점기관 개방형혁신 지원
- (지역혁신클러스터 고도화) 지역 특화산업 및 5극3특 전략산업의 시스템 구축 및 실증 연계 연구개발을 위한 협력형 R&D 지원
- (거점기관 개방형혁신) 지역혁신클러스터의 산ㆍ학ㆍ연 연계협력 활성화 및 오픈랩 등 지역 인프라를 활용한 개방적 연구 혁신 지원
※ 자세한 지원내용 공고문 참조",기술,한국산업기술진흥원,전국,중소기업,중소기업,,,,,,,공동기술개발,2026-05-18,2026-05-29,,온라인 접수 (KIAT 과제관리시스템),온라인 접수 (KIAT 과제관리시스템),https://www.bizinfo.go.kr/sii/siia/selectSIIA200Detail.do?pblancId=PBLN_000000000122143,main,primary,2026년2차지역혁신클러스터육성rd사업시행계획공고,한국산업기술진흥원,2026-05-18~2026-05-29,기술,공동기술개발
biz,PBLN_000000000122142,2026년 2차 농산업 혁신제품 판로지원사업 참여기업 모집 공고,"농식품 창업기업의 지속적 성장과 매출확대를 위해 한국농업기술진흥원과 한국중소벤처기업유통원이 협업 추진하는 「2026 농산업 혁신제품 판로지원사업(2차)」 참여기업을 다음과 같이 모집하오니 많은 신청바랍니다.
☞ 「농식품 벤처창업활성화 지원사업」참여이력 보유기업
☞ 유통채널(공영홈쇼핑, 지마켓ㆍGS샵 등) 입점 및 기획전 운영, 판매촉진 프로모션 지원
- 홈쇼핑 : 가격ㆍ구성, 상품기획 등 홈쇼핑 상품화 업무 및 방송(홈쇼핑ㆍTV 라이브 방송) 지원
- 온라인 입점 : 판로 지원기업 단독 온라인 기획전, 전용 기획전 운영 및 확인 프로모션, 연관 상품 등록 및 판매 지원을 통한 매출 확대기회 지원",판로/수출,한국농업기술진흥원,전국,창업벤처,초기창업기업,,,,,,,온라인,2026-05-18,2026-06-01,,온라인접수 (농식품 창업정보망),온라인접수 (농식품 창업정보망),https://www.bizinfo.go.kr/sii/siia/selectSIIA200Detail.do?pblancId=PBLN_000000000122142,main,primary,2026년2차농산업혁신제품판로지원사업참여기업모집공고,한국농업기술진흥원,2026-05-18~2026-06-01,내수,온라인
biz,PBLN_000000000122141,[경기] 남부 2026년 하반기 2차 IP 나래 프로그램 지원사업 모집 공고,"창업 기업에게 보유기술의 독점적 권리 도출을 지원하고 지식재산기반 경영을 위한 기술경영 융ㆍ복합 컨설팅을 제공하는 IP나래 프로그램 지원 기업을 다음과 같이 모집합니다.
☞ 창업 후 7년 이내이며 기술을 보유한 중소기업, 신산업분야 창업 10년 이내 중소기업
- 경기남부 : 수원, 성남
☞ 100일 내외의 기간 동안 전문가 밀착 맞춤형 IP(지식재산)기술경영 융ㆍ복합 컨설팅 지원
- IP(지식재산)기술전략 : 유망기술도출, IP분쟁예방 전략, 강한 특허권 확보, 경쟁사 기술분석, 
특허 포트폴리오 전략, R&D방향성 설정 등
- IP(지식재산)경영전략 : IP인프라/조직 구축, IP자산 구축, IP사업화 전략, IP브랜드/디자인 경영, 
타 기관 지원사업 연계, 기타 경영컨설팅 지원",기술,경기지식재산센터,경기도,창업벤처,초기창업기업,,,,,,,기술사업화/이전/지도,2026-05-06,2026-06-04,,온라인 접수 (지역지식재산센터 사업관리시스템),온라인 접수 (지역지식재산센터 사업관리시스템),https://www.bizinfo.go.kr/sii/siia/selectSIIA200Detail.do?pblancId=PBLN_000000000122141,main,primary,경기남부2026년하반기2차ip나래프로그램지원사업모집공고,경기지식재산센터,2026-05-06~2026-06-04,기술,기술사업화/이전/지도
biz,PBLN_000000000122139,[경기] 북부 2026년 하반기 2차 IP 나래 프로그램 지원사업 모집 공고,"창업 기업에게 보유기술의 독점적 권리 도출을 지원하고 지식재산기반 경영을 위한 기술경영 융ㆍ복합 컨설팅을 제공하는 IP나래 프로그램 지원 기업을 다음과 같이 모집합니다.
☞ 창업 후 7년 이내이며 기술을 보유한 중소기업, 신산업분야 창업 10년 이내 중소기업
- 경기북부 : 고양, 남양주, 파주, 의정부, 양주, 구리, 포천, 동두천, 가평, 연천
☞ 100일 내외의 기간 동안 전문가 밀착 맞춤형 IP(지식재산)기술경영 융ㆍ복합 컨설팅 지원
- IP(지식재산)기술전략 : 유망기술도출, IP분쟁예방 전략, 강한 특허권 확보, 경쟁사 기술분석, 
특허 포트폴리오 전략, R&D방향성 설정 등
- IP(지식재산)경영전략 : IP인프라/조직 구축, IP자산 구축, IP사업화 전략, IP브랜드/디자인 경영, 
타 기관 지원사업 연계, 기타 경영컨설팅 지원",기술,경기지식재산센터,경기도,창업벤처,초기창업기업,,,,,,,기술사업화/이전/지도,2026-05-06,2026-06-04,,온라인 접수 (지역지식재산센터 사업관리시스템),온라인 접수 (지역지식재산센터 사업관리시스템),https://www.bizinfo.go.kr/sii/siia/selectSIIA200Detail.do?pblancId=PBLN_000000000122139,main,primary,경기북부2026년하반기2차ip나래프로그램지원사업모집공고,경기지식재산센터,2026-05-06~2026-06-04,기술,기술사업화/이전/지도
biz,PBLN_000000000122138,[경북] 포항시 2026년 중소기업 국내외 박람회 지원사업 참여기업 모집 공고,"포항시와 포항테크노파크는 포항시 관내 중소기업의 기술 및 제품 홍보와 판로 개척 기회를 제공하고자「2026년 중소기업 국내외 박람회 지원사업」을 다음과 같이 시행하오니, 사업에 참여를 희망하는 기업은 절차에 따라 신청하여 주시기 바랍니다.
☞ 포항시 내 본사 또는 공장등록이 되어 있는 중소기업으로 전시 가능 및 상용화 단계의 제품을 보유한 기업
☞ 포항시 관내 중소기업의 국내ㆍ외 박람회 참가 지원
- (국내 박람회) 참가비, 부스임차료, 기본장치비 지원(최대 200만원)
- (국외 박람회) 부스임차료, 기본장치비, 항공료(1인편도, 이코노미), 운송료 지원(최대 450만원)",판로/수출,포항테크노파크,경상북도,중소기업,중소기업,,,,,,,오프라인,2026-05-18,2026-05-29,,온라인 접수 (포항테크노파크),온라인 접수 (포항테크노파크),https://www.bizinfo.go.kr/sii/siia/selectSIIA200Detail.do?pblancId=PBLN_000000000122138,main,primary,경북포항시2026년중소기업국내외박람회지원사업참여기업모집공고,포항테크노파크,2026-05-18~2026-05-29,내수,오프라인
biz,PBLN_000000000122137,[경기] 부천시 2026년 부천문화콘텐츠 성장지원플랫폼 참여기업 모집 공고,"부천시는 관내 문화콘텐츠 기업의 발굴 및 육성을 위해「부천문화콘텐츠 성장지원플랫폼」사업을 추진하고 있습니다. 이에 비즈니스 역량을 강화하고 성장을 함께 도모할 참여기업을 모집하오니 많은 관심과 참여를 바랍니다.
☞ 관내 문화콘텐츠 창업기업
- 공고일 기준, 부천시 소재 창업 7년 미만의 콘텐츠 분야 법인사업자 (본점ㆍ지점ㆍ기업부설연구소에 한함)
☞ 콘텐츠 개발지원(기업당 500만 원), 전문 멘토링(투자, 성장 등)1:1 투자상담회 및 유관기관 네트워킹 등",창업,기초자치단체,경기도,창업벤처,초기창업기업,,,,,,,사업화지원,2026-05-15,2026-06-05,,이메일 접수 (aja1@ajaschool.co.kr),이메일 접수 (aja1@ajaschool.co.kr),https://www.bizinfo.go.kr/sii/siia/selectSIIA200Detail.do?pblancId=PBLN_000000000122137,main,primary,경기부천시2026년부천문화콘텐츠성장지원플랫폼참여기업모집공고,기초자치단체,2026-05-15~2026-06-05,창업,사업화지원
biz,PBLN_000000000122136,[충남] 2026년 1인 자영업자 고용보험료 지원사업 공고,"도내 1인 자영업자의 생활안정 및 재취업을 지원하고 사회안전망을 강화하기 위한 「2026년 충청남도 1인 자영업자 고용보험료 지원사업」을 아래와 같이 공고합니다.
☞ 자영업자 고용보험에 가입한 도내 1인 자영업자 사업주
※ 상시근로자 없이 단독으로 사업을 영위하는 소상공인(붙임 연매출액 기준 참조)
☞ 1인 자영업자(소상공인)가 납부한 자영업자 고용보험료 등급별 20∼50% 지원(최대 5년) 지원",경영,직접수행,충청남도,소상공인,소상공인,,,,,,,디자인/상품화/사업화,예산 소진시까지,,,"온라인 및 방문 접수
- 온라인 : 소상공인24
- 접수처 : 사업장 소재지 시군 접수처","온라인 및 방문 접수
- 온라인 : 소상공인24
- 접수처 : 사업장 소재지 시군 접수처",https://www.bizinfo.go.kr/sii/siia/selectSIIA200Detail.do?pblancId=PBLN_000000000122136,main,primary,충남2026년1인자영업자고용보험료지원사업공고,직접수행,예산 소진시까지~,경영,디자인/상품화/사업화
biz,PBLN_000000000122135,[세종] 2026년 연고자원 활용 푸드테크산업 육성을 위한 고부가가치화 및 사업화 촉진 지원사업 모집 공고(시군구연고산업육성사업),"2026년도 중소벤처기업부와 세종특별자치시가 지원하는 시군구연고산업육성 협업프로젝트 수행자로 선정된 주관기관별 지원 프로그램을 안내하오니, 해당 프로그램 참여를 희망하는 세종특별자치시 지역 중소기업의 많은 신청 바랍니다.
☞ 세종특별자시치 소재 중소기업(본사, 지사, 공장 또는 기업부설연구소 등 1개 이상)으로 식품산업 및 푸드테크산업 전ㆍ후방 연관 제품(기술)의 사업화를 추진ㆍ준비 중인 기업
☞ 장비활용 기술, 시험분석, 생산공정 컨설팅, 브랜드 디자인 제작 지원
※ 자세한 지원내용 공고문 참조",기술,세종테크노파크,세종특별자치시,중소기업,중소기업,,,,,,,기술사업화/이전/지도,2026-05-06,2026-05-27,,온라인 접수 (중소기업기술개발사업 종합관리시스템),온라인 접수 (중소기업기술개발사업 종합관리시스템),https://www.bizinfo.go.kr/sii/siia/selectSIIA200Detail.do?pblancId=PBLN_000000000122135,main,primary,세종2026년연고자원활용푸드테크산업육성을위한고부가가치화및사업화촉진지원사업모집공고시군구연고산업육성사업,세종테크노파크,2026-05-06~2026-05-27,기술,기술사업화/이전/지도
biz,PBLN_000000000122134,[인천] 2026년 멕시코(멕시코시티) 해외시장개척단 수요조사 모집 공고,"인천광역시와 (재)인천테크노파크에서는 관내 중소 제조기업의 중남미 수출 판로개척 지원을 위하여「2026 멕시코 해외시장개척단」지원사업 참여기업을 모집하오니 많은 신청 바랍니다.
☞ 본사나 공장이 인천에 소재한 중소(제조)기업 (출장자 1社 1人 한정)
- 참가품목: 종합품목(소비재, 기계, 전기ㆍ전자, 뷰티 등)
☞ 바이어 발굴, 항공료(1인, 50%), 상담장 임차, 통역(1일), 공용차량(공항-호텔)",판로/수출,인천테크노파크,인천광역시,중소기업,중소기업,,,,,,,해외진출준비,2026-05-15,2026-05-29,,온라인 접수 (BizOK홈페이지),온라인 접수 (BizOK홈페이지),https://www.bizinfo.go.kr/sii/siia/selectSIIA200Detail.do?pblancId=PBLN_000000000122134,main,primary,인천2026년멕시코멕시코시티해외시장개척단수요조사모집공고,인천테크노파크,2026-05-15~2026-05-29,수출,해외진출준비
biz,PBLN_000000000122133,2026년 대전 인간친화형 로봇 스케일업 밸리 혁신 생태계 기반 구축사업 지원기업 추가 모집 공고,"대전테크노파크에서는 「인간친화형 로봇 스케일업 밸리 혁신 생태계 구축사업」의 일환으로 다음과 같이 추진하오니 관심있는 기업분들의 많은 신청 바랍니다.
☞ 대전 소재 로봇산업관련 전ㆍ후방 중소, 중견기업
- 대전소재 사업장(본사, 공장, 연구소, 지사)을 보유한 기업
- 대전소재 사업장 이전(신설) 예정 기업(사업기간 내)
※ 이전(신설) 예정 기업의 경우, 사업비 후지급(이전 완료 확인 후)
☞ 신기술 프로토타입, 로봇기업 인증, 로봇기업 실증 지원
※ 자세한 지원내용 공고문 참조",기술,대전테크노파크,대전광역시,중소기업,중소기업,,,,,,,기술사업화/이전/지도,2026-05-15,2026-05-29,,온라인 접수 (대전기업정보포털(DIPS)),온라인 접수 (대전기업정보포털(DIPS)),https://www.bizinfo.go.kr/sii/siia/selectSIIA200Detail.do?pblancId=PBLN_000000000122133,main,primary,2026년대전인간친화형로봇스케일업밸리혁신생태계기반구축사업지원기업추가모집공고,대전테크노파크,2026-05-15~2026-05-29,기술,기술사업화/이전/지도
biz,PBLN_000000000122132,2026년 2차 동해시 수소 전주기 분야 R&D 과제 지원사업 기업지원 공고,"강원테크노파크에서는 수소산업육성 산학연 클러스터 조성사업의 일환으로 수소기반 제품의 조기시장 진출 및 수소경제 활성화를 위하여 「수소 전주기 분야 R&D 기업지원」을 추진하오니, 수소관련 기업들의 많은 관심과 참여 바랍니다.
☞ 강원특별자치도 동해시 사업자의 수소산업 연관 기업
- 동해시 소재지 사업자 등록 관내기업 또는 동해시 이전 예정자인 수소산업 연관 기업
※ 공고일(2026. 5. 18.) 기준 6개월 이내 동해시 이전 예정 수소산업 연관 기업이어야 함
- 수혜기업 당해연도 연차별 신규인력 1명 고용 또는 연구인력 동해시 관내 이전 필수
- 수혜기업 당해연도 특허(등록 혹은 출원) 1건 도출 필수
☞ 제품고도화 기술 개발을 위한 연구재료비, 연구활동비 등 직접사업비 지원
- 수소 생산, 저장ㆍ운송, 활용 전 분야 수소산업 연관 기술개발 과제 지원",기술,강원테크노파크,강원특별자치도,중소기업,중소기업,,,,,,,기술사업화/이전/지도,2026-05-18,2026-05-22,,이메일 접수 (dudgjs1230@gwtp.or.kr),이메일 접수 (dudgjs1230@gwtp.or.kr),https://www.bizinfo.go.kr/sii/siia/selectSIIA200Detail.do?pblancId=PBLN_000000000122132,main,primary,2026년2차동해시수소전주기분야rd과제지원사업기업지원공고,강원테크노파크,2026-05-18~2026-05-22,기술,기술사업화/이전/지도
biz,PBLN_000000000122131,[전북] 2026년 전북권 산업단지 기업 인공지능 기술 도입을 위한 인공지능 전환 도입 컨설팅 지원사업 공고,"(재)전북테크노파크 전북디지털융합센터에서는 지역 산업단지의 디지털ㆍ인공지능 전환(DXㆍAX) 촉진을 위해 ‘AX실증산단 구축사업’을 수행하고 있습니다. 본 사업의 일환으로「2026년 인공지능 전환 도입 컨설팅」지원사업을 공고하오니 컨설팅을 희망하는 기업의 많은 관심과 신청 바랍니다.
☞ 당 사업 지침에서 정한 지역 내 위치한 해양 모빌리티 관련 기업
※ 군산 국가산업단지 및 연계산단(익산 제2일반산단, 완주과학산단, 새만금국가산단)
- 해양모빌리티 산업과 공정 기술적으로 직접적 연관성이 있거나 제조공정이 유사한 기업
☞ 심층진단, 맞춤형 컨설팅 지원",기술,전북테크노파크,전북특별자치도,중소기업,중소기업,,,,,,,기술사업화/이전/지도,2026-05-21,2026-06-10,,이메일 접수(kjiy@jbtp.or.kr),이메일 접수(kjiy@jbtp.or.kr),https://www.bizinfo.go.kr/sii/siia/selectSIIA200Detail.do?pblancId=PBLN_000000000122131,main,primary,전북2026년전북권산업단지기업인공지능기술도입을위한인공지능전환도입컨설팅지원사업공고,전북테크노파크,2026-05-21~2026-06-10,기술,기술사업화/이전/지도
biz,PBLN_000000000122130,2026년 LBS 스타트업 챌린지 모집 공고,"한국인터넷진흥원에서 위치정보를 활용한 창의적인 차세대 위치기반 서비스의 발굴 및 사업화 지원을 통해 기업가치 향상 및 위치정보 산업 활성화에 기여해드리는 사업입니다.
☞ 예비창업자 및 스타트업 등 공모전에 관심 있는 누구나
- 위치정보를 활용한 위치기반 서비스의 아이디어ㆍ사업화 단계의 사업자 및 기획ㆍ개발단계 스타트업
※ 자세한 지원대상 공고문 참조
☞ 아이디어ㆍ사업화 분야 별 지원
- (아이디어) 비즈니스 모델 분석 및 진단 컨설팅, 기술 멘토링 지원
- (사업화) 비즈니스 모델 진단, 서비스 개발 지원, PoC 체험단 운영, 홍보ㆍ마케팅, 특허ㆍ등록 출원 지원, 기업특화 컨설팅, AI 전환 컨설팅, 위치정보 사업자 등록ㆍ신고 지원, 투자유치 역량 강화 등",창업,한국인터넷진흥원,방송미디어통신위원회,창업벤처,"스타트업,초기창업기업",,,,,,,사업화지원,2026-05-11,2026-06-10,,온라인 접수 (LBS 스타트업 챌린지 누리집),온라인 접수 (LBS 스타트업 챌린지 누리집),https://www.bizinfo.go.kr/sii/siia/selectSIIA200Detail.do?pblancId=PBLN_000000000122130,main,primary,2026년lbs스타트업챌린지모집공고,한국인터넷진흥원,2026-05-11~2026-06-10,창업,사업화지원
biz,PBLN_000000000122129,[강원] 영동권 2026년 관광 가치이음 지원사업 모집 공고,"강원특별자치도와 강원특별자치도경제진흥원에서는 영동권(강릉, 동해, 속초, 삼척, 양양, 고성, 평창, 정선) 소재 관광기업체 간의 연계를 통한 신규 관광상품 개발을 목적으로 「강원 영동권 관광 가치이음 지원사업」을 추진함에 따라 사업 참여를 희망하는 기업을 다음과 같이 모집하오니 많은 관심과 신청 바랍니다.
☞ ‘26. 04. 24. 기준 영동권 소재(강릉, 속초, 동해, 삼척, 양양, 고성, 평창, 정선) 관광ㆍ서비스업 업종코드 대상 기업중 신청일 기준 근로자 5인 이상 고용 기업
☞ 지원사업을 신청한 관광기업체의 소재지 외 영동권 내 타 시군 소재 관광자원 간 연계, 신규 협업 관광상품 개발 비용 지원
- 팸투어, 홍보콘텐츠 제작, 통합 브랜드 네이밍, 제품 제작 등",경영,강원특별자치도경제진흥원,강원특별자치도,중소기업,중소기업,,,,,,,디자인/상품화/사업화,2026-05-15,2026-06-26,,"이메일 접수 (kbsc3333@gwep.or.kr)
※ 파일명 : (기업명) 영동권 관광가치 이음 지원사업(관광)”","이메일 접수 (kbsc3333@gwep.or.kr)
※ 파일명 : (기업명) 영동권 관광가치 이음 지원사업(관광)”",https://www.bizinfo.go.kr/sii/siia/selectSIIA200Detail.do?pblancId=PBLN_000000000122129,main,primary,강원영동권2026년관광가치이음지원사업모집공고,강원특별자치도경제진흥원,2026-05-15~2026-06-26,경영,디자인/상품화/사업화
biz,PBLN_000000000122128,[경북] 울진군 2026년 소상공인 카드수수료 지원사업 참여업체 모집 공고,"울진군과 경북경제진흥원에서는「울진군 소상공인 카드수수료 지원사업」을 추진하고 있습니다. 참여를 희망하는 업체는 신청하여 주시기 바랍니다.
☞ 2025년 연매출액이 5억원 이하인 울진군에 사업장을 둔 「소상공인기본법 제2조」에 해당하는 소상공인
☞ 2025년 카드매출액의 0.4~1% 지원 (최저 5만원, 최대 40만원)",경영,경상북도경제진흥원,경상북도,소상공인,소상공인,,,,,,,디자인/상품화/사업화,예산 소진시까지,,,"온라인 및 방문 접수
- 온라인 : 행복카드.kr
- 접수처 : 경상북도경제진흥원 동부지소(포항시 남구 희망대로 859, 2층), 울진군 10개 읍ㆍ면사무소 산업팀, 울진군 소상공인연합회(울진군 후포면 울진대게로 98, 2층)
※ 접수 우선순위는 온라인(행복카드.kr) 등록 기준으로 결정되며, 팩스ㆍ우편 등의 방법으로 제출할 경우 접수 순번이 늦어질 수 있습니다.","온라인 및 방문 접수
- 온라인 : 행복카드.kr
- 접수처 : 경상북도경제진흥원 동부지소(포항시 남구 희망대로 859, 2층), 울진군 10개 읍ㆍ면사무소 산업팀, 울진군 소상공인연합회(울진군 후포면 울진대게로 98, 2층)
※ 접수 우선순위는 온라인(행복카드.kr) 등록 기준으로 결정되며, 팩스ㆍ우편 등의 방법으로 제출할 경우 접수 순번이 늦어질 수 있습니다.",https://www.bizinfo.go.kr/sii/siia/selectSIIA200Detail.do?pblancId=PBLN_000000000122128,main,primary,경북울진군2026년소상공인카드수수료지원사업참여업체모집공고,경상북도경제진흥원,예산 소진시까지~,경영,디자인/상품화/사업화
biz,PBLN_000000000122127,2026년 2차 대경권 지역혁신클러스터육성(비R&D) 수혜기업 모집 공고,"2026년도 산업통상부, 경상북도가 지원하는 대경권 지역혁신클러스터육성(비R&D) 수행기관과 과제별 지원프로그램을 통합 안내하오니, 해당 프로그램 참여를 희망하는 경북 지역혁신융복합단지 소재 기업의 많은 참여 바랍니다.
☞ 경북 지역혁신융복합단지 내 사업장(본사, 공장, 연구소)을 보유 중인 기업
- 경북 전기차ㆍ수소차ㆍ하이브리드차ㆍ드론(전기를 동력원으로 사용하는 이동수단 관련 산업 총칭) 등 이동수단 관련 핵심 부품 및 경량화 섀시 등 완성차에 탑재 가능한 부품 기술 개발 산업
※ 지원기간 내 경북 지역혁신융복합단지로 이전이나 설립을 위한 사업장 이전 예정 기업
※ 자세한 지원대상 공고문 참조
☞ 대경권 공동 기술사업화, 전시회 공동관(국ㆍ내외), R&D 연계, R&D 사전기획, 사업화(선도기업, 혁신기업) 지원
※ 자세한 지원내용 공고문 참조",기술,경북지역산업진흥원,경상북도,중소기업,중소기업,,,,,,,기술사업화/이전/지도,2026-05-15,2026-06-05,,"온라인 접수 (지역혁신정보시스템)
※ 신청기업 소재지(대구ㆍ경북) 기준으로 접수
※ 프로그램 별 사업신청서 접수 후 접수 담당자 유선확인 요망","온라인 접수 (지역혁신정보시스템)
※ 신청기업 소재지(대구ㆍ경북) 기준으로 접수
※ 프로그램 별 사업신청서 접수 후 접수 담당자 유선확인 요망",https://www.bizinfo.go.kr/sii/siia/selectSIIA200Detail.do?pblancId=PBLN_000000000122127,main,primary,2026년2차대경권지역혁신클러스터육성비rd수혜기업모집공고,경북지역산업진흥원,2026-05-15~2026-06-05,기술,기술사업화/이전/지도
biz,PBLN_000000000122126,2026년 비축원자재 이용 혁신ㆍ수출기업 모집 공고,"「2026년 비축 원자재 이용 혁신ㆍ수출기업」을 아래와 같이 모집하오니, 참여를 희망하는 기업은 신청하여 주시기 바랍니다.
☞ ‘조달청 비축물자 이용업체와 민간 비축 사업자 등록ㆍ이용약관’(조달청 고시) 제2조의 비축물자 이용 업체로 등록한 아래 자격을 갖춘 중소ㆍ중견기업
-「독점규제 및 공정거래에 관한 법률」에 의한 상호출자제한기업집단 및 채무보증 제한기업집단에 지정되지 않는 기업으로서 제조업을 영위하는 기업
- 선택요건 중 1개 이상 적합 : (선택 1) 조달청 혁신제품 지정 업체, (선택 2) 수출유망기업
※ 자세한 지원대상 공고문 참조
☞ 비축 원자재 이용 혁신․수출기업 3년 간 지정, 공급량 확대, 유동성 지원, 행정적 지원",경영,직접수행,전국,중소기업,중소기업,,,,,,,디자인/상품화/사업화,2026-05-15,2026-06-12,,"우편 또는 방문 접수
접수처 : 조달청 공공물자국 전략비축물자과
- (35208) 대전광역시 서구 청사로 189 정부대전청사 3동(둔산동)","우편 또는 방문 접수
접수처 : 조달청 공공물자국 전략비축물자과
- (35208) 대전광역시 서구 청사로 189 정부대전청사 3동(둔산동)",https://www.bizinfo.go.kr/sii/siia/selectSIIA200Detail.do?pblancId=PBLN_000000000122126,main,primary,2026년비축원자재이용혁신ㆍ수출기업모집공고,직접수행,2026-05-15~2026-06-12,경영,디자인/상품화/사업화
biz,PBLN_000000000122125,2026년 비축원자재 이용 강소기업 모집 공고,"「2026년 비축원자재 이용 강소기업」을 아래와 같이 모집하오니, 참여를 희망하는 기업은 신청하여 주시기 바랍니다.
☞ ‘조달청 비축물자 이용업체와 민간 비축 사업자 등록ㆍ이용약관’(조달청 고시) 제2조의 비축물자 이용 업체로 등록한 아래 자격을 갖춘 중소ㆍ중견기업
-「독점규제 및 공정거래에 관한 법률」에 의한 상호출자제한기업집단 및 채무보증 제한기업집단에 지정되지 않는 기업으로서 제조업을 영위하는 기업
- 선택요건 중 1개 이상 적합 : (선택 1) 산업전반에 파급 영향이 큰 기업, (선택 2) 기술투자 우수기업, (선택 3) 일자리창출 우수기업 
※ 자세한 지원대상 공고문 참조
☞ 비축원자재 이용 강소기업 3년간 지정, 공급량 확대, 유동성 지원, 행정적 지원",경영,직접수행,전국,중소기업,중소기업,,,,,,,디자인/상품화/사업화,2026-05-15,2026-06-12,,"우편 또는 방문 접수
접수처 : 조달청 공공물자국 전략비축물자과
- (35208) 대전광역시 서구 청사로 189 정부대전청사 3동(둔산동)","우편 또는 방문 접수
접수처 : 조달청 공공물자국 전략비축물자과
- (35208) 대전광역시 서구 청사로 189 정부대전청사 3동(둔산동)",https://www.bizinfo.go.kr/sii/siia/selectSIIA200Detail.do?pblancId=PBLN_000000000122125,main,primary,2026년비축원자재이용강소기업모집공고,직접수행,2026-05-15~2026-06-12,경영,디자인/상품화/사업화
biz,PBLN_000000000122124,[경기] 2026년 지역특화콘텐츠개발지원 제작지원 기업 모집 공고,"경기콘텐츠진흥원에서는 ‘2026 경기 지역특화콘텐츠개발지원’ 사업을 통해 경기도의 특색을 담은 콘텐츠를 제작할 기업을 모집합니다. 관심 있는 기업의 많은 참여 바랍니다.
☞ 공고일(2026.5.15.) 현재 소재지가 경기도인 콘텐츠 기업
※ 콘텐츠 관련 기업만 지원 가능(부동산업 등 지원 불가)
※ 경기도 내 ‘본사/본점’ 소재한 기업만 지원 가능(지사/지점, 연구소 등 지원 불가)
※ 지역콘텐츠기업 제작역량 강화를 위한 역외기업과의 컨소시엄 가능
☞ 지정과제(250백만원 이내), 자유과제(각 100백만원 이내) 지원
※ 1개 기업당 최대 1개 분야, 1개 과제만 신청 가능하며 중복지원 불가",기술,경기콘텐츠진흥원,경기도,중소기업,중소기업,,,,,,,혼합(단독+공동),2026-05-18,2026-06-02,,온라인 접수 (e나라도움시스템),온라인 접수 (e나라도움시스템),https://www.bizinfo.go.kr/sii/siia/selectSIIA200Detail.do?pblancId=PBLN_000000000122124,main,primary,경기2026년지역특화콘텐츠개발지원제작지원기업모집공고,경기콘텐츠진흥원,2026-05-18~2026-06-02,기술,혼합(단독+공동)
biz,PBLN_000000000122123,[경기] 2026년 경기행복샵 입점지원 맞춤형 온라인마케팅 지원 장애인 기업 모집 추가 공고,"경기도와 경기테크노파크에서는 경기도내 장애인기업 우수제품의 온라인 매출증대를 위하여 시장 경쟁력과 자생력을 갖출 수 있도록 경기행복샵 입점 및 다양한 맞춤형 온라인 마케팅 지원사업을 지원하고자 참여할 기업을 아래와 같이 모집하오니 많은 기업들의 관심과 참여를 바랍니다.
☞ 경기도 소재 장애인기업
☞ 맞춤형 온라인 마케팅(사업대상자 당 최대 300만원 이내) 지원
- 제품홍보 상세페이지제작 지원
- 제품홍보 영상 제작 지원 
- 제품홍보 키워드 검색 및 쇼핑검색 광고지원
- 인스타그램, 페이스북, 블로그 바이럴마케팅 등
- 라이브커머스 지원
- 공영홈쇼핑 및 해외글로벌 마케팅 지원",판로/수출,경기테크노파크,경기도,장애인기업,기타,,,,,,,홍보지원,2026-05-15,2026-05-29,,"이메일 접수 및 우편, 방문 접수
- 이메일 접수 : ygh6463@gtp.or.kr
※ 「2026_경기행복샵_장애인_마케팅지원(회사명)」 첨부파일 형태
- 접수처 : (15588) 경기도 안산시 상록구 해안로 705 (재)경기테크노파크 4동(지원편의동) 3층 317호 기술사업화팀 <2026년 경기행복샵 입점 맞춤형 온라인마케팅지원사업 담당자 앞>","이메일 접수 및 우편, 방문 접수
- 이메일 접수 : ygh6463@gtp.or.kr
※ 「2026_경기행복샵_장애인_마케팅지원(회사명)」 첨부파일 형태
- 접수처 : (15588) 경기도 안산시 상록구 해안로 705 (재)경기테크노파크 4동(지원편의동) 3층 317호 기술사업화팀 <2026년 경기행복샵 입점 맞춤형 온라인마케팅지원사업 담당자 앞>",https://www.bizinfo.go.kr/sii/siia/selectSIIA200Detail.do?pblancId=PBLN_000000000122123,main,primary,경기2026년경기행복샵입점지원맞춤형온라인마케팅지원장애인기업모집추가공고,경기테크노파크,2026-05-15~2026-05-29,내수,홍보지원
biz,PBLN_000000000122122,[경북] 2026년 K-글로벌 리더기업 육성 지원사업 참여기업 모집 공고,"경상북도와 경상북도경제진흥원은 도내 중소기업의 글로벌 도약을 지원하기 위해 「K-글로벌 리더기업 육성」 지원사업 참여기업을 다음과 같이 모집하오니, 많은 참여 바랍니다.
☞ 본사와 공장이 모두 도내에 소재한 중소기업이고, 아래의 항목 모두 충족하는 기업
- 매출 : 직전연도 연매출액 140억 초과인 중소기업
- 수출 : 직전연도 직ㆍ간접수출액 300만불 이상인 중소기업
☞ 글로벌 진출 통합 솔루션 및 맞춤형 수출 스케일업 지원
- 글로벌진출 통합 솔루션 : 글로벌 진출 역량 진단, 수출 역량 강화, 해외 마케팅, 사업화 전략 컨설팅, 글로벌 매칭 프로그램, 사후관리
- 맞춤형 수출 스케일업 지원 : 해외 비즈니스 출장, 해외 바이어 초청, 해외 홍보, 수출 포장ㆍ운송, 수출보험료, 해외 규격 인증
- 기업당 최대 500만원 한도",판로/수출,경상북도경제진흥원,경상북도,중소기업,중소기업,,,,,,,해외진출,2026-05-15,2026-05-29,,"이메일 접수 (uujin0110@gepa.kr)
※ 이메일 제목에 [K-글로벌 리더기업] 문구 삽입하여 신청
※ 신청서류는 하나의 PDF 파일로 묶어서 제출(파일명: 기업체명)","이메일 접수 (uujin0110@gepa.kr)
※ 이메일 제목에 [K-글로벌 리더기업] 문구 삽입하여 신청
※ 신청서류는 하나의 PDF 파일로 묶어서 제출(파일명: 기업체명)",https://www.bizinfo.go.kr/sii/siia/selectSIIA200Detail.do?pblancId=PBLN_000000000122122,main,primary,경북2026년k글로벌리더기업육성지원사업참여기업모집공고,경상북도경제진흥원,2026-05-15~2026-05-29,수출,해외진출
biz,PBLN_000000000122121,2026년 해외 상표 무단선점 심층조사 지원사업 공고,"해외에서 국내 상표의 무단선점 피해를 예방하고 피해 발생 시 맞춤형 대응 전략을 제공하는 「해외 상표 무단선점 심층조사 지원사업」을 다음과 같이 공고합니다.
☞ 국내 사업자로 등록된 기업으로 해외에서 상표 무단선점 피해가 발생하였거나 피해가 예상되는 중소(개인사업자 포함)ㆍ중견기업
☞ 전문수행기관을 통한 해외 상표 무단선점 종합분석 보고서 및 맞춤형 온라인 상담 지원
※ 자세한 지원내용 공고문 참조",판로/수출,한국지식재산보호원,지식재산처,중소기업,중소기업,,,,,,,수출정보제공,차수별 상이,,,온라인 접수 (K-브랜드보호포털),온라인 접수 (K-브랜드보호포털),https://www.bizinfo.go.kr/sii/siia/selectSIIA200Detail.do?pblancId=PBLN_000000000122121,main,primary,2026년해외상표무단선점심층조사지원사업공고,한국지식재산보호원,차수별 상이~,수출,수출정보제공
biz,PBLN_000000000122120,[경북] 경주시 2026년 중소기업 수출 지원사업 참여업체 추가모집 공고,"경주시와 경상북도경제진흥원은 경주시 관내 중소기업을 대상으로 다양한 해외마케팅 지원사업을 맞춤형으로 지원함으로서 해외수출 전문기업으로 육성하기 위하여 「2026년 경주시 중소기업 수출 지원사업」을 다음과 같이 공고하오니 참여를 희망하시는 업체의 많은 신청 바랍니다.
☞ 공고일 기준 본점 및 사업장이 경주에 소재하는 제조 중소기업
- 수출 실적 또는 수출 계획이 있는 기업
- 사업자등록증 상 제조업이고 경주 관내 공장등록증 보유 기업
☞ 업체당 최대 10백만원 지원
- 메뉴사업별 지원한도(5백만원~10백만원) 범위 내에서 1개 사업 이상 지원
- 해외 홍보물 제작, 수출 포장 및 물류, 해외규격인증, 획득 및 갱신, 수출용 시제품 제작, 포장재 디자인 개발 및 제작, 해외 세일즈 개별출장, 해외 전시회 개별참가
※ 자세한 지원내용 공고문 참조",판로/수출,경상북도경제진흥원,경상북도,중소기업,중소기업,,,,,,,해외진출준비,2026-05-18,2026-05-29,,"이메일 접수 (gamin@gepa.kr)
※ 접수 후 반드시 담당자에게 유선 확인","이메일 접수 (gamin@gepa.kr)
※ 접수 후 반드시 담당자에게 유선 확인",https://www.bizinfo.go.kr/sii/siia/selectSIIA200Detail.do?pblancId=PBLN_000000000122120,main,primary,경북경주시2026년중소기업수출지원사업참여업체추가모집공고,경상북도경제진흥원,2026-05-18~2026-05-29,수출,해외진출준비
biz,PBLN_000000000122119,2026년 하반기 1차  IP-R&D 전략지원 사업 시행 계획 공고(유관기관 연계),"국내 중소ㆍ중견기업에 맞춤형ㆍ밀착형 특허전략을 지원하는 IP-R&D전략지원 사업(세부사업: 지재권 연계 연구개발 전략지원 사업)의 2026년 하반기 1차 시행 계획을 다음과 같이 공고하니 사업에 참여하고자 하는 기관의 많은 신청 바랍니다.
☞ 연구조직을 보유한 국내 중소 또는 중견기업
☞ 신기술ㆍ신사업 IP전략형, R&D수행 IP전략형, 중소기업 맞춤형
※ 자세한 지원내용 공고문 참조",기술,한국특허전략개발원,지식재산처,중소기업,중소기업,,,,,,,시험/인증,2026-05-15,2026-05-26,,온라인 접수 (IP-R&D 사업관리시스템),온라인 접수 (IP-R&D 사업관리시스템),https://www.bizinfo.go.kr/sii/siia/selectSIIA200Detail.do?pblancId=PBLN_000000000122119,main,primary,2026년하반기1차iprd전략지원사업시행계획공고유관기관연계,한국특허전략개발원,2026-05-15~2026-05-26,기술,시험/인증
biz,PBLN_000000000122118,[강원] 춘천시 2026년 4차 강원후평 스마트그린산단 스마트제조 고급인력 양성사업 문제해결기반 기업지원 프로그램 지원기업 모집 공고,"2026년도 산업통상자원부, 한국산업단지공단에서 지원하고 강원대학교 산학협력단, (재)춘천바이오산업진흥원, 한림대학교 산학협력단에서 수행하는「강원후평 스마트그린산단 스마트제조 고급인력 양성사업」문제해결기반기업지원 프로그램의 지원기업을 모집하고자 하오니, 희망하는 기업의 많은 참여 바랍니다.
☞ 춘천지역 산업단지 내 사업장 소재 바이오기업(본사, 지점, 공장, 연구소 중 1개 이상)
☞ 기업 맞춤형 애로해소 전문가 컨설팅 지원
- 스마트제조 바이오 인증ㆍ표준 대응 역량 확보 지원
※ 자세한 지원내용 공고문 참조",기술,춘천바이오산업진흥원,강원특별자치도,중소기업,중소기업,,,,,,,시험/인증,2026-05-15,2026-06-17,,이메일 접수 (marketing@cbf.or.kr),이메일 접수 (marketing@cbf.or.kr),https://www.bizinfo.go.kr/sii/siia/selectSIIA200Detail.do?pblancId=PBLN_000000000122118,main,primary,강원춘천시2026년4차강원후평스마트그린산단스마트제조고급인력양성사업문제해결기반기업지원프로그램지원기업모집공고,춘천바이오산업진흥원,2026-05-15~2026-06-17,기술,시험/인증
biz,PBLN_000000000122117,[대구] 2026년 공공데이터ㆍAI 활용 창업경진대회 참가자 모집 공고,"공공데이터를 활용한 아이디어 기획 및 제품ㆍ서비스 발굴을 통해 공공데이터 기반의 창업을 촉진하기 위하여 “2026년 대구광역시 공공데이터ㆍAI 활용 창업경진대회”를 아래와 같이 개최하오니 많은 관심과 참여를 바랍니다.
☞ 공공데이터를 활용하여, 사회문제 해결 아이디어를 기획하거나 제품 및 서비스를 개발한 창업 및 예비창업자
- 개인 또는 팀(최대 3명)
☞ 아이디어 기획, 제품 및 서비스 개발 분야 시상 및 상금",창업,대구디지털혁신진흥원,대구광역시,창업벤처,초기창업기업,,,,,,,사업화지원,2026-05-13,2026-06-28,,"이메일 접수 (bigdata01@dip.or.kr)
- 제출 서류를 하나의 파일로 압축하여 이메일 접수
※ 압축파일명: 참가부문(제출일자)_이름(팀의 경우 팀명), 메일 제목 동일
예시) 아이디어기획(250617)_홍길동, 제품및서비스개발(250617)_DIP","이메일 접수 (bigdata01@dip.or.kr)
- 제출 서류를 하나의 파일로 압축하여 이메일 접수
※ 압축파일명: 참가부문(제출일자)_이름(팀의 경우 팀명), 메일 제목 동일
예시) 아이디어기획(250617)_홍길동, 제품및서비스개발(250617)_DIP",https://www.bizinfo.go.kr/sii/siia/selectSIIA200Detail.do?pblancId=PBLN_000000000122117,main,primary,대구2026년공공데이터ㆍai활용창업경진대회참가자모집공고,대구디지털혁신진흥원,2026-05-13~2026-06-28,창업,사업화지원
biz,PBLN_000000000122116,[광주] 2026년 빛고을투자챌린지 IR 예선 1차 참여기업 모집 공고,"광주 지역의 우수 스타트업 발굴 및 스테이지(STAㆍG) 입주 활성화를 통한 지역 창업ㆍ투자생태계 조성을 위해 광주광역시와 광주창조경제혁신센터 공동으로 협력ㆍ지원하는「2026년 빛고을투자챌린지 IR 예선」에 참여할 스타트업을 다음과 같이 모집 공고하오니, 많은 참여 바랍니다.
☞ 공고일 기준 지역 소재 초기창업기업에 해당하는 스테이지(STAㆍG) 입주 희망기업, 초기 투자유치(Seed~Pre-A단계) 및 TIPS프로그램 희망 기업
- 모집분야 : AI(인공지능), 친환경(수소) 스마트모빌리티, 신재생에너지, 바이오ㆍ헬스, 친환경산업, 기타 사업성이 높은 기술 분야
※ 자세한 지원대상 공고문 참조
☞ IR 파이널 진출권 부여 및 후속지원 
※ 자세한 지원내용 공고문 참조",경영,광주창조경제혁신센터,광주광역시,창업벤처,초기창업기업,,,,,,,디자인/상품화/사업화,2026-05-15,2026-05-29,,이메일 접수(ak6352@ccei.kr),이메일 접수(ak6352@ccei.kr),https://www.bizinfo.go.kr/sii/siia/selectSIIA200Detail.do?pblancId=PBLN_000000000122116,main,primary,광주2026년빛고을투자챌린지ir예선1차참여기업모집공고,광주창조경제혁신센터,2026-05-15~2026-05-29,경영,디자인/상품화/사업화
biz,PBLN_000000000122115,[인천] 2026년 국내외 지식재산 심판소송 비용 지원사업 공고,"2026년 인천시 특허 및 지식재산권 활성화 사업의 일환으로「2026년 국내외 지식재산 심판소송 비용 지원사업」을 공고하오니 희망하는 기업은 다음에 따라 신청하여 주시기 바랍니다.
☞ 인천 소재 중소기업(신청일 기준 본사 소재지 인천인 기업)
☞ 지식재산 관련 심판 또는 소송 등 비용(최대 20,000천원 이내) 지원
- 대상사건 범위 : 신청일 기준 아래 중 하나에 해당하는 지식재산권 분쟁 사건
ㆍ (진행 중인 사건) 공고일 기준, 현재 심판원 또는 법원에서 절차가 진행 중인 사건
ㆍ (진행 완료된 사건) 당해 연도(2026. 1. 1~이후)에 종결된 사건
ㆍ (진행 예정인 사건) 당해 연도(2026년) 내에 심판 청구 또는 소장 접수를 계획 중인 사건
※ 제외: 2025년 이전에 이미 모든 법적 절차가 최종 종료된 사건",기술,인천지식재산센터,인천광역시,중소기업,중소기업,,,,,,,기술정보제공,2026-05-15,2026-06-09,,이메일 접수 (kangeuna@incham.net),이메일 접수 (kangeuna@incham.net),https://www.bizinfo.go.kr/sii/siia/selectSIIA200Detail.do?pblancId=PBLN_000000000122115,main,primary,인천2026년국내외지식재산심판소송비용지원사업공고,인천지식재산센터,2026-05-15~2026-06-09,기술,기술정보제공
biz,PBLN_000000000122114,[울산] 2026년 국가산단 소규모 영세사업장 안전컨설팅 지원사업 참여기업 모집 공고,"산업재해 예방을 위해 울산미포국가산업단지 및 온산국가산업단지 내에 입주한 기업을 대상으로「국가산단 소규모 영세사업장 안전컨설팅 지원사업」에 참여를 희망하는 기업을 모집하고자 아래와 같이 공고합니다.
☞ ‘울산미포 및 온산 국가산업단지’내 입주 소규모사업장
☞ 안전관리 분야별 전문가 활용을 통한 산업재해 위험요인 발굴 및 개선방안 도출 등에 관한 안전컨설팅 지원
- 안전용품 지원 및 창의적 기술자료 보급 등 지원",경영,대한산업안전협회 울산지회,울산광역시,중소기업,중소기업,,,,,,,컨설팅,2026-05-14,2026-10-31,,이메일 접수 (ma0030@safety.or.kr),이메일 접수 (ma0030@safety.or.kr),https://www.bizinfo.go.kr/sii/siia/selectSIIA200Detail.do?pblancId=PBLN_000000000122114,main,primary,울산2026년국가산단소규모영세사업장안전컨설팅지원사업참여기업모집공고,대한산업안전협회울산지회,2026-05-14~2026-10-31,경영,컨설팅
biz,PBLN_000000000122113,2026년 병무청ㆍ방위사업청ㆍ질병관리청 합동 공공데이터ㆍAI 활용 경진대회 공고,"공공데이터와 AI를 활용한 창업 및 사업화를 촉진하기 위해 「2026년 병무청ㆍ방위사업청ㆍ질병관리청 합동 공공데이터ㆍAI 활용 경진대회」를 개최하오니 많은 관심과 참여 바랍니다.
☞ 개인, 예비창업자, 기창업자, 연구자, 학생 등 대한민국 국민
※ 팀은 대표자 포함 최대 3명까지 구성 가능, 타인의 저작권을 침해하거나 유사 대회에서 중복 수상한 경우 입상 취소
☞ 아이디어 기획, 제품 및 서비스 개발 분야 시상 및 상금",창업,직접수행,병무청,창업벤처,초기창업기업,,,,,,,사업화지원,2026-05-15,2026-07-07,,온라인 접수 (병무청 공개개방포털),온라인 접수 (병무청 공개개방포털),https://www.bizinfo.go.kr/sii/siia/selectSIIA200Detail.do?pblancId=PBLN_000000000122113,main,primary,2026년병무청ㆍ방위사업청ㆍ질병관리청합동공공데이터ㆍai활용경진대회공고,직접수행,2026-05-15~2026-07-07,창업,사업화지원
biz,PBLN_000000000122112,[경기] 화성시 2026년 과수고품질시설현대화사업 추가모집 공고,"화성시에서는 과수생산시설 현대화를 통하여 고품질생산 및 재해예방 등 경쟁력강화 추진하기 위하여「자유무역협정 체결에 따른 농어업인 등의 지원에 관한 특별법 (농어업 등의 경쟁력 향상을 위한 지원)」 제5조 규정에 따라 “2026년 과수고품질시설현대화사업” 추가모집을 공고하오니 해당 경영체는 많은 참여바랍니다.
☞ 원예산업발전계획의 생산유통통합조직 참여조직(송산농협, 서신농협) 경영체
☞ 관관정개발, 무인방제시설(고정식), 배수시설, 비가림시설(간이형 파이프-소, 잎맞춤(켐벨)), 순환팬(강제환풍기), 품종갱신(포도) 지원",경영,기초자치단체,경기도,중소기업,중소기업,,,,,,,시설/입지지원,2026-05-18,2026-05-22,,"방문 접수
- 접수처 : 행정복지센터 또는 농식품유통과(화성시 남양읍 남양성지로 선주빌딩 4층)","방문 접수
- 접수처 : 행정복지센터 또는 농식품유통과(화성시 남양읍 남양성지로 선주빌딩 4층)",https://www.bizinfo.go.kr/sii/siia/selectSIIA200Detail.do?pblancId=PBLN_000000000122112,main,primary,경기화성시2026년과수고품질시설현대화사업추가모집공고,기초자치단체,2026-05-18~2026-05-22,경영,시설/입지지원
biz,PBLN_000000000122111,2026년 2차 오디오북 제작 지원 사업 신청 공고,"2026년 제2차 오디오북 제작 지원 사업을 다음과 같이 공고하오니, 출판사들의 많은 관심과 참여 바랍니다.
☞ 출간 도서 및 미출간 원고를 오디오북으로 제작ㆍ유통하고자 하는 출판사
☞ 연 2회 추진, 1종단 6맥만 원 이내 제작 실비, 내레이터(성우)비, 스튜디오 대여비, 엔지니어 녹음, 마스터링 및 편집비, 검수비 지원",경영,한국출판문화산업진흥원,전국,중소기업,중소기업,,,,,,,디자인/상품화/사업화,2026-05-21,2026-05-28,,온라인 접수 (전자책바로센터),온라인 접수 (전자책바로센터),https://www.bizinfo.go.kr/sii/siia/selectSIIA200Detail.do?pblancId=PBLN_000000000122111,main,primary,2026년2차오디오북제작지원사업신청공고,한국출판문화산업진흥원,2026-05-21~2026-05-28,경영,디자인/상품화/사업화
biz,PBLN_000000000122110,[경북] 2026년 대체식품산업 네트워크 강화 지원사업 참여기업 모집 공고,"경상북도에서는 경상북도의 대체식품산업 생태계 조성을 위하여「2026년 대체식품 네트워크 강화 지원사업」을 추진하고 있습니다. 이와 관련하여 글로벌 대체식품 혁신기업을 아래와 같이 모집하오니 많은 신청 바랍니다.
☞ 경상북도 내 본사 또는 공장을 소재한 기업, 기초연구 활동 후 현장 실증이 가능한 기술 보유 기업, 관련분야 연계 협업 연구가 가능한 산학연 연구팀 
- (미래식품 실증기술) 대체단백질 및 대체식품 개발을 추진 중인 스타트업 및 중소기업, 
기본적인 제품 컨셉 또는 원료(소재)를 보유한 기업
- (푸드프린팅 제조기술) 푸드프린팅 시스템 상용화를 추진 중인 경북 소재 기업, 기본적인 제품 또는 원료(소재)를 보유한 기업
- (미래식품 소재기술) 대체식품 및 바이오소재 전후방 기업, 관련분야 연계 협업 연구가 가능한 산학연 연구팀, 공고일 기준 창업 7년 이내 스타트업, 벤처 등
※ 대체식품 : 정밀발효, 세포배양식품, 생물전환, 식물엑소좀 등
☞ (미래식품 실증기술) 글로벌 대체식품 기업의 PIC technologist 기술 자문 및 기업별 
기술개발 컨설팅
- (푸드프린팅 제조기술) 카트리지형 푸드프린팅 시스템 개발 및 Soft Food 레시피 개발
- (미래식품 소재기술) 미래식품 소재기술 분야(정밀발효, 생물전환 등)의 아이디어 발굴 등 기초 연구 지원금 지원",기술,경상북도경제진흥원,경상북도,중소기업,중소기업,,,,,,,기술사업화/이전/지도,2026-05-15,2026-05-29,,"이메일 접수
- 대체식품 레시피 개발 지원 : jin940123@gepa.kr 
- 미래식품 소재기술 분야 기초 연구 지원 : xorud@gbtp.or.kr
- 푸드프린팅 시스템 개발 지원 : psy881024@geri.re.kr","이메일 접수
- 대체식품 레시피 개발 지원 : jin940123@gepa.kr 
- 미래식품 소재기술 분야 기초 연구 지원 : xorud@gbtp.or.kr
- 푸드프린팅 시스템 개발 지원 : psy881024@geri.re.kr",https://www.bizinfo.go.kr/sii/siia/selectSIIA200Detail.do?pblancId=PBLN_000000000122110,main,primary,경북2026년대체식품산업네트워크강화지원사업참여기업모집공고,경상북도경제진흥원,2026-05-15~2026-05-29,기술,기술사업화/이전/지도
biz,PBLN_000000000122109,[충남] 아산시 2026년 2차 여성농업인 농작업 편이장비 지원사업 지방보조금 지원계획 추가모집 공고,"여성농업인의 농작업 부담경감 및 작업능률 향상을 위한 2026년 여성농업인 편이장비 지원사업을 안내드립니다.
☞ 관내 거주 및 농업인경영체가 등록되어 있는 여성농업인
☞ 농가당 최대 50만원 한도 내 지원
- 지원항목 : 농작업대, 충전식분무기, 충전식예초기, 농업용수탱크 등",경영,기초자치단체,충청남도,여성기업,"농업인,여성",,,,,,,시설/입지지원,2026-05-18,2026-06-05,,"방문 접수
- 접수처 : 읍면동 행복복지센터
※ 주소지와 경작지가 상이한 경우 주소지 읍면동사무소 신청","방문 접수
- 접수처 : 읍면동 행복복지센터
※ 주소지와 경작지가 상이한 경우 주소지 읍면동사무소 신청",https://www.bizinfo.go.kr/sii/siia/selectSIIA200Detail.do?pblancId=PBLN_000000000122109,main,primary,충남아산시2026년2차여성농업인농작업편이장비지원사업지방보조금지원계획추가모집공고,기초자치단체,2026-05-18~2026-06-05,경영,시설/입지지원
biz,PBLN_000000000122108,2026년 창업패키지(AI 인재 실증형) 창업기업 모집 공고,"AI전문 교육프로그램을 수료한 우수인재 및 창업기업의 성장 지원을 위한 「2026년도 창업패키지(AI 인재 실증형)」에 참여할 창업기업을 다음과 같이 모집합니다.
☞ 딥테크 5대 분야의 창업기업(초기(3년 이내), 도약(3~7년 이내))으로서, 중앙정부 AI 양성과정 수료자(‘23~’25년 수료) 채용 예정인 기업
※ AIㆍ빅데이터, 로봇, 바이오ㆍ헬스, 미래 모빌리티, 친환경ㆍ에너지
※ 자세한 지원대상 공고문 참조
☞ 사업화 자금(평균 1.3억원 내외, 최대 2억원), 창업 프로그램 지원",창업,창업진흥원,전국,창업벤처,초기창업기업,,,,,,,사업화지원,2026-05-18,2026-06-12,,온라인 접수 (K-Startup 누리집),온라인 접수 (K-Startup 누리집),https://www.bizinfo.go.kr/sii/siia/selectSIIA200Detail.do?pblancId=PBLN_000000000122108,main,primary,2026년창업패키지ai인재실증형창업기업모집공고,창업진흥원,2026-05-18~2026-06-12,창업,사업화지원
biz,PBLN_000000000122107,[부산] 2026년 지역 특화 농식품 베트남 설명회 참가기업 모집 공고,"한국농수산식품유통공사 호치민 지사와 부산광역시 베트남 대표무역사무소 등 지자체가 연계하여 새로운 품목 발굴을 희망하는 현지 유통업체와 바이어를 대상으로, 지역 농특산물 소개와 바이어 매칭 행사를 개최하오니 베트남 진출을 희망하시는 부산기업께서는 아래 내용을 참고하시어 정해진 기간 내 신청해 주시기 바랍니다.
☞ 부산기업
※ 대상품목 : 농산물, 가공식품 등 농식품 전반
☞ 현지 유통업체ㆍ바이어 대상 지역 농특산물 소개 및 수출 상담 지원
- 전시부스, e카달로그, 샘플 배송비(2kg 한도), 통역요원, 점심식사 지원
- 항공료의 1/2 (1사당 375달러 한도) 지원",판로/수출,한국농수산식품유통공사,부산광역시,중소기업,중소기업,,,,,,,해외진출,2026-05-18,2026-05-29,,이메일 접수 (busanhcmc@gmail.com),이메일 접수 (busanhcmc@gmail.com),https://www.bizinfo.go.kr/sii/siia/selectSIIA200Detail.do?pblancId=PBLN_000000000122107,main,primary,부산2026년지역특화농식품베트남설명회참가기업모집공고,한국농수산식품유통공사,2026-05-18~2026-05-29,수출,해외진출
biz,PBLN_000000000122106,2026년 2차 성능인증(EPC) 신규신청 접수 공고,"중소기업 기술개발제품의 성능을 확보하였음을 확인ㆍ증명하여 공공기관의 기술개발제품 구매촉진 및 조달시장 판로 확대를 위해 추진하는「2026년 성능인증(EPC) 신규신청 접수 계획」을 다음과 같이 공고합니다.
☞ 「중소기업기본법」 제2조에 따른 중소기업
- 중소기업이 생산하는 기술개발제품 중 기준(공고문 2p 참조)을 만족하는 제품
☞ 성능인증(EPC) 지원
- 기술개발제품 우선구매 및 공공기관 수의계약 가능
ㆍ (우선구매) 판로지원법에 따라 기술개발제품 우선구매 대상에 포함
ㆍ (수의계약) 국가기관, 지방자치단체 등 공공기관과 수의계약 체결 가능",기술,한국중소벤처기업유통원,전국,중소기업,중소기업,,,,,,,시험/인증,2026-05-18,2026-05-29,,온라인 접수 (공공구매종합정보(SMPP)),온라인 접수 (공공구매종합정보(SMPP)),https://www.bizinfo.go.kr/sii/siia/selectSIIA200Detail.do?pblancId=PBLN_000000000122106,main,primary,2026년2차성능인증epc신규신청접수공고,한국중소벤처기업유통원,2026-05-18~2026-05-29,기술,시험/인증
biz,PBLN_000000000122105,[대구] 2026년 제조창업패키지 모집 공고,"경북대학교 스타트업지원센터는 대구 RISE 사업 ‘특화 창업거점 기반 기술창업ㆍ성장 촉진’  단위과제를 통해 「제조창업패키지」지원에 참여할 예비창업자 또는 창업 7년이내 기업을 다음과 같이 모집하오니 많은 참여 바랍니다.
☞ 대구 소재 예비창업자 및 창업기업(7년 이내)
- 지원분야 : 하드웨어 분야 신규 시제품 제작 및 제품 개선 (소재, 부품, 제품 등)
※ 자세한 지원대상 공고문 참조
☞ 재료비, 시제작 및 솔루션 개발 용역, 연계 지원 등(기업당 최대 40,000천원) 지원",기술,경북대학교 스타트업지원센터,대구광역시,창업벤처,초기창업기업,,,,,,,기술사업화/이전/지도,2026-05-14,2026-05-28,,온라인 접수 (스타트업지원센터),온라인 접수 (스타트업지원센터),https://www.bizinfo.go.kr/sii/siia/selectSIIA200Detail.do?pblancId=PBLN_000000000122105,main,primary,대구2026년제조창업패키지모집공고,경북대학교스타트업지원센터,2026-05-14~2026-05-28,기술,기술사업화/이전/지도
biz,PBLN_000000000122104,2026년 중소사업자 개인정보 안전조치 모니터링 지원 사업 공고,"중소사업자의 개인정보 보호수준을 높이고 유출사고를 사전에 예방하기 위한 시범사업입니다. 이용자의 개인정보를 취급하는 중소사업자를 대상으로 자가진단 및 맞춤형 컨설팅을 지원하여 기업의 보안 역량을 강화하고 개인정보 유출 사고를 예방하기 위한 사업입니다.
☞ 중소기업법 제2조 및 동법 시행령 3조에 따른 중소기업에 해당하는 사업자
☞ 기업 IT 환경 맞춤형 보안 컨설팅
- (취약점 점검) 개인정보를 처리하는 서비스 환경 전반에 대한 보안 진단
- (컨설팅 및 조치) 진단 결과 바탕 보안 컨설팅 및 취약점 조치 지원",경영,개인정보보호협회,개인정보보호위원회,중소기업,중소기업,,,,,,,컨설팅,상시 접수,,,온라인 접수 (개인정보보호협회),온라인 접수 (개인정보보호협회),https://www.bizinfo.go.kr/sii/siia/selectSIIA200Detail.do?pblancId=PBLN_000000000122104,main,primary,2026년중소사업자개인정보안전조치모니터링지원사업공고,개인정보보호협회,상시 접수~,경영,컨설팅
biz,PBLN_000000000122103,2026년 기술임치기업 보증용 기술가치평가 지원사업 참여기업 모집 공고,"중소기업의 금융기관 대출 연계 활성화 및 운용자금 확보, 안정적 기업 운영ㆍ사업화를 촉진하기 위해「2026년 기술임치기업 보증용 기술가치평가」참여기업을 다음과 같이 모집하오니 많은 관심과 참여 바랍니다.
☞ 협력재단 기술자료임치센터 내 기술자료 등을 임치한 국내 유망 중소기업
☞ 기술가치평가 비용 1건당 1백만원(50%) 지원",기술,대중소기업농어업협력재단,전국,중소기업,중소기업,,,,,,,기술사업화/이전/지도,상시 접수,,,온라인 접수(기술자료임치센터),온라인 접수(기술자료임치센터),https://www.bizinfo.go.kr/sii/siia/selectSIIA200Detail.do?pblancId=PBLN_000000000122103,main,primary,2026년기술임치기업보증용기술가치평가지원사업참여기업모집공고,대중소기업농어업협력재단,상시 접수~,기술,기술사업화/이전/지도
biz,PBLN_000000000122102,[경남] 2026년 지역서점 및 출판문화 활성화 지원사업 모집 재공고,"경남문화예술진흥원에서는 도내 지역서점의 복합문화공간 조성 및 출판문화산업 발전을 위한 「2026 지역서점 및 출판문화 활성화 지원사업」을 재공고하오니, 도내 서점 및 출판사의 많은 참여를 바랍니다.
☞ 경남 도내 지역서점 및 출판사
☞ 지역서점 활성화를 위한 각종 프로그램(북콘서트, 축제 등) 및 홍보ㆍ마케팅 지원
- 지역 문화 기반 우수 출판 콘텐츠 제작ㆍ발간 및 홍보ㆍ마케팅 지원
- 출판 콘텐츠의 확장을 위한 출판작가-창작자(웹툰ㆍ게임 등)간 네트워킹 지원",경영,경남문화예술진흥원,경상남도,중소기업,중소기업,,,,,,,디자인/상품화/사업화,2026-05-08,2026-05-21,,온라인 접수 (국가문화예술지원시스템(NCAS)),온라인 접수 (국가문화예술지원시스템(NCAS)),https://www.bizinfo.go.kr/sii/siia/selectSIIA200Detail.do?pblancId=PBLN_000000000122102,main,primary,경남2026년지역서점및출판문화활성화지원사업모집재공고,경남문화예술진흥원,2026-05-08~2026-05-21,경영,디자인/상품화/사업화
biz,PBLN_000000000122101,2026년 칭다오 K-패션 위크 참가기업 모집 공고,"세계 최대 패션 소비시장인 중국에서 K-Fashion에 대한 관심이 높아지고 있습니다. 이에 우리 수출기업의 브랜드 인지도 제고와 수출 확대를 지원하기 위해 ""2026 칭다오 K-패션 위크""참가기업을 모집하오니 많은 관심과 참여 바랍니다.
☞ 중국 시장 진출 희망 국내 패션기업(의류 및 악세서리 등)
☞ 중국(칭다오)패션 위크 참가 지원
① 행사장 내 한국 Fashion전시부스를 구성하여 전시 홍보
② FashionTV샤오홍슈 계정 및 FashionWeek공식 계정에서 제품 홍보
③ IMUSE플래그샵(칭다오 패션위크 쇼륨) 30일간 전시 및 상담 지원
④ 인플루언서 라이브 커머스 판매(기업 별도 비용 발생)
- FashiontvChina주최 ‘국제패션 슈퍼모델 대회’ : 결승전에서 모델이 한국제품 착용 후 제품 홍보 지원(모델이 선택한 제품에 한함)",판로/수출,대한무역투자진흥공사,전국,중소기업,중소기업,,,,,,,해외진출준비,2026-05-11,2026-05-31,,온라인 접수(무역투자24),온라인 접수(무역투자24),https://www.bizinfo.go.kr/sii/siia/selectSIIA200Detail.do?pblancId=PBLN_000000000122101,main,primary,2026년칭다오k패션위크참가기업모집공고,대한무역투자진흥공사,2026-05-11~2026-05-31,수출,해외진출준비
biz,PBLN_000000000122100,[전남] 2026년 JNGC 인디 게임 창업(예비창업자) 제작지원 공고(전남지역기반게임산업육성사업),"전남정보문화산업진흥원에서는「2026년 전남 지역기반 게임산업육성사업」의  일환으로 게임콘텐츠 개발 창업 기업과 스타트업 발굴 위한 “2026년 JNGC 인디 게임 창업 제작지원”을 시행하오니  많은 참여 바랍니다.
☞ 전남 소재 본사 기업을 설립할 예비 창업자
※ 예비창업자의 경우 협약체결일로부터 1개월 이내 전남지역에 사업자등록 및 전남 소재 본사 기업으로 게임제작업 등록(사업자등록증 및 게임 제작업 등록증 제출必)  
-  지원분야 : PC온라인, 모바일, 콘솔, 아케이드, 증강현실(AR) 등을 포함한 게임 전(全) 분야
☞ JNGC 인디 게임 창업 최대 2천만원 내외 지원",창업,전남정보문화산업진흥원,전라남도,창업벤처,"예비창업자,초기창업기업",,,,,,,예비창업자지원,2026-05-12,2026-06-09,,"온라인 접수 (e나라도움)
※ e나라도움 신청한 파일(업로드 파일)은 별도 이메일 제출(kjh@jcia.or.kr)
※ 모든 파일 통합하여 1개 PDF 파일로 업로드 (산출 내역 엑셀 파일은 별도 제출)","온라인 접수 (e나라도움)
※ e나라도움 신청한 파일(업로드 파일)은 별도 이메일 제출(kjh@jcia.or.kr)
※ 모든 파일 통합하여 1개 PDF 파일로 업로드 (산출 내역 엑셀 파일은 별도 제출)",https://www.bizinfo.go.kr/sii/siia/selectSIIA200Detail.do?pblancId=PBLN_000000000122100,main,primary,전남2026년jngc인디게임창업예비창업자제작지원공고전남지역기반게임산업육성사업,전남정보문화산업진흥원,2026-05-12~2026-06-09,창업,예비창업자지원
biz,PBLN_000000000122099,2026년 한-아세안 국방ㆍ방산협력 포럼 K방산 피칭 행사 참여기업 모집 공고,"방산물자교역지원센터는 국내 방산 수출 유망기업들의 아세안 시장 진출 지원을 위해「2026 한-아세안 국방ㆍ방산협력포럼 K방산 피칭 행사」의 참여 기업을 아래와 같이 모집하오니 많은 신청 바랍니다.
☞ 아세안 방산시장 진출 및 관심이 있는 방산기업
- 방산분야 체계기업 및 수출 유망 중소중견기업
☞ 아세안 군 관계자 초청, 행사장 조성, 통역 지원",판로/수출,대한무역투자진흥공사,전국,중소기업,중소기업,,,,,,,해외진출,2026-05-18,2026-05-29,,이메일 접수(jinmokim90@kotra.or.kr),이메일 접수(jinmokim90@kotra.or.kr),https://www.bizinfo.go.kr/sii/siia/selectSIIA200Detail.do?pblancId=PBLN_000000000122099,main,primary,2026년한아세안국방ㆍ방산협력포럼k방산피칭행사참여기업모집공고,대한무역투자진흥공사,2026-05-18~2026-05-29,수출,해외진출
biz,PBLN_000000000122098,2026년 투자유치 역량강화 지원사업 참여기업 모집 연장 공고,"군포산업진흥원에서는 관내 유망 창업기업을 대상으로 투자유치를 위한 전문 진단 프로그램을 지원하여 실질적 투자 활성화를 도모하고자「2026년 투자유치 역량강화 지원사업」을 다음과 같이 공고하오니 많은 관심과 신청 바랍니다.
☞ 관내 및 관외 유망 창업기업(7년 미만)
※ 관외 창업기업은 선정 후 1개월 이내 관내 사업자등록 필수
☞ 액셀러레이팅 프로그램 및 우수기업 투자 유치 연계 지원
※ 자세한 지원내용 공고문 참조",창업,군포산업진흥원,경기도,창업벤처,초기창업기업,,,,,,,사업화지원,2026-05-12,2026-05-29,,"온라인 및 이메일 접수 
온라인 : 투자유치 역량강화 지원사업
이메일 : dhkim@gpipa.or.kr
※ 두 가지 모두 접수되어야 최종 지원으로 간주함","온라인 및 이메일 접수 
온라인 : 투자유치 역량강화 지원사업
이메일 : dhkim@gpipa.or.kr
※ 두 가지 모두 접수되어야 최종 지원으로 간주함",https://www.bizinfo.go.kr/sii/siia/selectSIIA200Detail.do?pblancId=PBLN_000000000122098,main,primary,2026년투자유치역량강화지원사업참여기업모집연장공고,군포산업진흥원,2026-05-12~2026-05-29,창업,사업화지원
biz,PBLN_000000000122097,[강원] 2차 캐나다 유통망입점 지원사업 참가기업 모집 공고,"강원특별자치도와 KOTRA 강원지원본부는 도내 수출 유망 중소ㆍ중견기업의 캐나다 시장 판로 개척을 위하여 아래와 같이 현지 유통망 입점 지원 사업 참가기업을 모집하오니 많은 관심과 참여 바랍니다.
☞ 강원특별자치도 내 본사 혹은 공장 소재 기업
- BuyKorea 등록 완료 혹은 예정 기업
☞ 유망기업 선정 후 유통망 바이어 매칭, 온라인 상담을 통한 수출 성약, 유통망 입점을 위한 컨설팅(물류, 통관 등) 지원",판로/수출,KOTRA강원지원본부,강원특별자치도,중소기업,중소기업,,,,,,,해외진출,2026-05-11,2026-06-15,,온라인 접수 (무역투자24),온라인 접수 (무역투자24),https://www.bizinfo.go.kr/sii/siia/selectSIIA200Detail.do?pblancId=PBLN_000000000122097,main,primary,강원2차캐나다유통망입점지원사업참가기업모집공고,kotra강원지원본부,2026-05-11~2026-06-15,수출,해외진출
biz,PBLN_000000000122096,[부산] 2026년 지역거점형 보육 프로그램 참여기업 모집 공고(중소벤처기업부 지원 특화역량 BI 육성 지원사업),"부산 주력산업 기반의 우수 창업기업을 발굴하여 성장을 지원하는 2026년 특화역량 BI 육성 지원사업(지역거점형) 참여기업을 다음과 같이 모집하오니 많은 관심과 참여 바랍니다. 
☞ 모두 충족 시 신청 가능
- 사업자등록증 상 본사 소재지가 부산에 위치한 기업
- 부산 전략산업 및 전후방 연관사업 영위 기업 중 성장 가능성이 높은 기업 
※ 부산 전략산업 : 디지털테크, 에너지테크, 바이오헬스, 미래모빌리티, 융합부품소재, 라이프스타일, 해양, 금융, 문화환경
- 공고일 기준 창업 7년 이내 기업 (2019. 05. 15 이후 창업기업)
☞ 멘토링
컨설팅, 사업화 지원, 투자유치 지원",창업,특화역량BI육성지원사업(지역거점형) 부산지역사업단,부산광역시,창업벤처,초기창업기업,,,,,,,사업화지원,2026-05-15,2026-05-25,,"이메일 접수
- 동의대학교 BI : kangmh@deu.ac.kr
- 동명대학교 BI : jhkjsh11@tu.ac.kr
- 부산이노비즈센터 : b-innobiz@daum.net
- 국립한국해양대학교 : kmubi@kmou.ac.kr
※ 사업단 소속 보육기업의 경우 각 BI로 제출
※ 이외 기업은 사업 주관 센터인 동의대학교 BI로 제출","이메일 접수
- 동의대학교 BI : kangmh@deu.ac.kr
- 동명대학교 BI : jhkjsh11@tu.ac.kr
- 부산이노비즈센터 : b-innobiz@daum.net
- 국립한국해양대학교 : kmubi@kmou.ac.kr
※ 사업단 소속 보육기업의 경우 각 BI로 제출
※ 이외 기업은 사업 주관 센터인 동의대학교 BI로 제출",https://www.bizinfo.go.kr/sii/siia/selectSIIA200Detail.do?pblancId=PBLN_000000000122096,main,primary,부산2026년지역거점형보육프로그램참여기업모집공고중소벤처기업부지원특화역량bi육성지원사업,특화역량bi육성지원사업지역거점형부산지역사업단,2026-05-15~2026-05-25,창업,사업화지원
biz,PBLN_000000000122095,2026년 한-라 넷제로(Net-Zero) 파트너십 참가기업 모집 공고,"KOTRA는 라오스 2050 넷제로 목표 수립에 발맞추어, 우리 기업의 온실가스 국제감축 시장 진출을 지원코자 ‘2026 한국-라오스 넷제로(Net-Zero) 파트너십’을 추진합니다. 포럼, 상담회, 현장시찰 등을 통합한 비즈니스 패키지 사업을 통해 우리 기업의 실질적인 라오스 진출을 지원코자 하오니 관심 기업의 많은 참가 바랍니다.
☞ 국내 사업자등록을 필한 기업으로써, 탄소 감축 관련 기자재 또는 기술을 보유한 기업
☞ (시장 정보) 라오스 시장 환경 브리핑, 현장 시찰 지원
- (비즈니스 상담) 비즈니스 통역, 적격 파트너 1:1 매칭, 상담 매칭 파트너 후속 교신 및 사후 관리 지원
- (성과 도출) 현장 협약 체결 시 공식 세레머니 기획/운영, 기념 촬영 및 현지 보도자료 배포 지원
- (기타 지원) 공항 영송 및 출입국 편의, 행사 기간 중 공동 이동 수단(임차버스), 공식 만찬 지원",판로/수출,대한무역투자진흥공사,전국,중소기업,중소기업,,,,,,,해외진출,2026-05-08,2026-06-12,,온라인 접수 (무역투자 24),온라인 접수 (무역투자 24),https://www.bizinfo.go.kr/sii/siia/selectSIIA200Detail.do?pblancId=PBLN_000000000122095,main,primary,2026년한라넷제로netzero파트너십참가기업모집공고,대한무역투자진흥공사,2026-05-08~2026-06-12,수출,해외진출
biz,PBLN_000000000122094,[강원] 말레이시아 유통망입점 지원사업 참가기업 모집 공고,"강원특별자치도와 KOTRA 강원지원본부는 도내 수출 유망 중소ㆍ중견기업의 말레이시아 시장 판로 개척을 위하여 아래와 같이 유통망 입점 지원 사업 참가기업을 모집하오니 많은 관심과 참여 바랍니다.
☞ 강원특별자치도 내 본사 혹은 공장 소재 기업
- BuyKorea 등록 완료 혹은 예정 기업
※ 자세한 지원대상 공고문 참조
☞ 협업 유통망(Pixx Corporation) MD연결 1:1 수출상담회, 현지 인증(NPRA)등록 및 수출 행정, 온오프라인 판촉, (해당시) 인구감소지역소재기업 대상 AI활용 디지털마케팅 지원",판로/수출,KOTRA강원지원본부,강원특별자치도,중소기업,중소기업,,,,,,,해외진출,2026-05-15,2026-06-05,,온라인 접수 (무역투자24),온라인 접수 (무역투자24),https://www.bizinfo.go.kr/sii/siia/selectSIIA200Detail.do?pblancId=PBLN_000000000122094,main,primary,강원말레이시아유통망입점지원사업참가기업모집공고,kotra강원지원본부,2026-05-15~2026-06-05,수출,해외진출
biz,PBLN_000000000122093,[인천] 2026년 해외바이어 초청 수출상담회 참가업체 모집 공고,"인천광역시와 인천테크노파크에서는 관내 중소제조기업의 해외 판로개척을 위해「해외바이어 초청 수출상담회2026」참가기업을 아래와 같이 모집하오니 관심 있는 기업의 많은 신청 바랍니다.
☞ 본사 또는 공장이 인천에 소재한 관내 중소 제조기업
- 참가품목 : 종합품목(기계, 전기ㆍ전자, 산업재, 화장품ㆍ미용기기, 식품, 소비재 등)
☞ 바이어 초청수출 상담 매칭통역 지원 및 상담회 운영",판로/수출,인천테크노파크,인천광역시,중소기업,중소기업,,,,,,,해외진출준비,2026-05-04,2026-05-29,,온라인 접수 (BizOK홈페이지),온라인 접수 (BizOK홈페이지),https://www.bizinfo.go.kr/sii/siia/selectSIIA200Detail.do?pblancId=PBLN_000000000122093,main,primary,인천2026년해외바이어초청수출상담회참가업체모집공고,인천테크노파크,2026-05-04~2026-05-29,수출,해외진출준비
biz,PBLN_000000000122092,2026년 베트남 하노이 국제 베이비ㆍ키즈 전시회(VIETBABY) 한국관 참가기업 모집 공고,"KOTRA와 ㈜세계전람은 2026년 10월 15일 ~ 10월 18일 (4일간) 베트남 하노이에서 개최되는 ‘2026 베트남 하노이 국제 베이비 & 키즈 전시회 [VIETBABY]’ 한국관 참가기업을 아래와 같이 모집하오니 관심기업들의 많은 신청 바랍니다.
☞ '2026 베트남 하노이 국제 베이비&키즈 전시회' 참가를 희망하는 기업
- 전시품목 : 영유아관련 용품 및 서비스 일체
☞ 부스임차료, 장치비, 한국관 디렉토리 제작비, 운송비 1CBM 편도, 행정, 마케팅 및 홍보, 전시회 현장 지원",판로/수출,대한무역투자진흥공사,전국,중소기업,중소기업,,,,,,,해외진출,2026-05-11,2026-06-01,,"아래 3가지 절차를 모두 완료해야 최종 신청 완료로 간주
① 온라인 신청 (KOTRA 무역투자24 또는 글로벌 전시포털(GEP))
② 수행기관 부속서류 이메일 제출 (expomail@segefairs.co.kr)
③ 참가 신청금 납부","아래 3가지 절차를 모두 완료해야 최종 신청 완료로 간주
① 온라인 신청 (KOTRA 무역투자24 또는 글로벌 전시포털(GEP))
② 수행기관 부속서류 이메일 제출 (expomail@segefairs.co.kr)
③ 참가 신청금 납부",https://www.bizinfo.go.kr/sii/siia/selectSIIA200Detail.do?pblancId=PBLN_000000000122092,main,primary,2026년베트남하노이국제베이비ㆍ키즈전시회vietbaby한국관참가기업모집공고,대한무역투자진흥공사,2026-05-11~2026-06-01,수출,해외진출
biz,PBLN_000000000122091,[강원] 호주 유통망입점 지원사업 참가기업 모집 2차 공고,"강원특별자치도와 KOTRA 강원지원본부는 도내 수출 유망 중소ㆍ중견기업의 호주 시장 판로 개척을 위하여 아래와 같이 호주 유통망 입점 지원 사업 참가기업을 모집하오니 많은 관심과 참여 바랍니다.
☞ 강원특별자치도 내 본사 혹은 공장 소재 기업
- BuyKorea 등록 완료 혹은 예정 기업
☞ 유망기업 선정 후 유통망 바이어 매칭, 온라인 상담을 통한 수출 성약, 유통망 입점 지원",판로/수출,KOTRA강원지원본부,강원특별자치도,중소기업,중소기업,,,,,,,해외진출,2026-05-11,2026-05-22,,온라인 접수 (무역투자24),온라인 접수 (무역투자24),https://www.bizinfo.go.kr/sii/siia/selectSIIA200Detail.do?pblancId=PBLN_000000000122091,main,primary,강원호주유통망입점지원사업참가기업모집2차공고,kotra강원지원본부,2026-05-11~2026-05-22,수출,해외진출
biz,PBLN_000000000122090,[인천] 2026년 일자리창출 우수기업 인증제 공고,"지역 일자리 창출에 기여한 우수기업을 발굴ㆍ지원하고, 고용안정 및 양질의 일자리 창출을 촉진하기 위하여 다음과 같이 시행계획을 공고합니다.
☞ 아래 요건을 모두 충족하는 기업
① 인천소재(본사, 지점 등) 기업으로 2년 이상 정상 운영 (2024. 4. 30. 이전 사업자 등록)
② 제조업, 제조업관련 서비스업, 지식기반 서비스업, MICE관련업 중 1개 이상 해당
③ 근로자 증가 인원 수 2024년 12월 말 대비 2025년 12월 말 기준 5명 이상 증가 (상시근로자 50인 미만 기업은 3명 이상) 
④ 근로자 증가율 5% 이상
⑤ 공고일 기준(2026. 4. 30.) 위 요건 유지(기존 인증기업 재신청 가능) 
⑥ 신청자격 유의사항(배제사항)에 해당하지 않는 기업
☞ 지역 기업 중 일자리창출 우수기업 선정 및 29개 인센티브 지원
- 일자리창출 우수기업 인증서 및 현판 수여
- 인증기간 : 인증일로부터 2년",기타,직접수행,인천광역시,중소기업,중소기업,,,,,,,제도,2026-05-01,2026-05-22,,온라인 접수 (BizOK홈페이지),온라인 접수 (BizOK홈페이지),https://www.bizinfo.go.kr/sii/siia/selectSIIA200Detail.do?pblancId=PBLN_000000000122090,main,primary,인천2026년일자리창출우수기업인증제공고,직접수행,2026-05-01~2026-05-22,기타,제도
biz,PBLN_000000000122089,[부산] 2026년 온라인 전용 상품개발 지원기업 모집 연장 공고(오픈마켓 입점지원 및 활성화 사업),"부산광역시와 부산경제진흥원에서는 유통시장의 급격한 디지털 전환추세에 따라 지역 중소상공인기업 제품의 상품성 제고를 통한 성공적인 온라인 진출을 지원하고, 나아가 스타상품 발굴 등 기업 경쟁력 강화를 위해「2026 오픈마켓 입점지원 및 활성화 사업」을 아래와 같이 모집 연장하오니 본 사업에 참가를 희망하는 부산지역 기업의 많은 참여 부탁드립니다.
☞ 부산 지역 소재 중소상공인기업 (제품 직접생산 또는 OEM만 가능)
- 중소기업 확인서 또는 소상공인 확인서 발급이 가능한 기업
☞ 온라인 전용 상품 개발, 마케팅 지원
※ 자세한 지원내용 공고문 참조",판로/수출,부산경제진흥원,부산광역시,중소기업,중소기업,,,,,,,온라인,2026-04-30,2026-05-28,,이메일 접수 (jhe226@bepa.kr),이메일 접수 (jhe226@bepa.kr),https://www.bizinfo.go.kr/sii/siia/selectSIIA200Detail.do?pblancId=PBLN_000000000122089,main,primary,부산2026년온라인전용상품개발지원기업모집연장공고오픈마켓입점지원및활성화사업,부산경제진흥원,2026-04-30~2026-05-28,내수,온라인
biz,PBLN_000000000122088,[전북] 2026년 홀로그램 산업 확산 지원사업 사업 통합 공고,"전북테크노파크와 한국전자기술연구원에서는 가상융합산업 기업의 시장 진입 및 사업화 확산을 지원하고 산업 생태계 조성을 통한 지역 산업 경쟁력 강화 및 지역경제 활성화를 위해 다음과 같이 수혜기업을 모집하오니 많은 참여 바랍니다.
☞「중소기업기본법」제2조제1항(같은 법 시행령 제3조에 따른 기업) 및 동법 제2조제3항에 따른 중소기업
- 가상융합산업(홀로그램 포함) 관련 사업영역 확장 목적을 가진 기업
- 가상융합산업 제품ㆍ서비스 보유한 도내 기업
- 전북특별자치도 또는 익산시와 투자유치 MOU 체결(예정) 기업
☞ AI기술 융합형 제품 및 서비스 개발, AI활용 가상융합 기술 지원 및 컨설팅 지원
※ 자세한 지원내용 공고문 참조",기술,한국전자기술연구원,전북특별자치도,중소기업,중소기업,,,,,,,기술사업화/이전/지도,2026-05-13,2026-06-09,,온라인 접수 (홀로포탈),온라인 접수 (홀로포탈),https://www.bizinfo.go.kr/sii/siia/selectSIIA200Detail.do?pblancId=PBLN_000000000122088,main,primary,전북2026년홀로그램산업확산지원사업사업통합공고,한국전자기술연구원,2026-05-13~2026-06-09,기술,기술사업화/이전/지도
biz,PBLN_000000000122087,[인천] 2026년 드론 도시관리 실증(지정) 지원사업 참여기업 모집 공고,"인천광역시는 드론 산업 육성을 위한 인천형 드론 도시관리 실증도시 구축사업을 추진하고 있습니다. 이와 관련하여 인천 드론 활용 서비스 시장의 활성화와 드론기업의 성장지원을 위한「2026년 드론 도시관리 실증 지원사업」의 모집을 다음과 같이 공고하오니 많은 참여 바랍니다.
☞ 인천 소재 드론 및 부품 개발ㆍ제조ㆍ서비스 중소기업(단독 또는 컨소시엄) 
-「중소기업기본법」제2조(중소기업자의 범위)에서 정한 중소기업
- 공고일 기준 인천 내 본사ㆍ지사ㆍ기업 연구소 소재 기업 
☞ 시설, 안전, 보건, 단속ㆍ점검, 환경 분야 드론 실증 및 현장 적용 지원
※ 자세한 지원내용 공고문 참조",기술,인천테크노파크,인천광역시,중소기업,중소기업,,,,,,,시험/인증,2026-05-13,2026-05-22,,온라인 접수 (BizOK홈페이지),온라인 접수 (BizOK홈페이지),https://www.bizinfo.go.kr/sii/siia/selectSIIA200Detail.do?pblancId=PBLN_000000000122087,main,primary,인천2026년드론도시관리실증지정지원사업참여기업모집공고,인천테크노파크,2026-05-13~2026-05-22,기술,시험/인증
biz,PBLN_000000000122086,[인천] 2026년 인공지능 전환(AX) 컨설팅 지원사업 참여기업 모집 재공고(AI Playground 인천 조성사업),"인천광역시와 인천테크노파크에서는 인천지역 기업의 인공지능 전환(AX)을 촉진하고, 기업별 제품ㆍ서비스에 대한 AX 사전진단 및 기술ㆍ인증ㆍ솔루션 등 전문적인 컨설팅을 제공하기 위한 「인공지능 전환(AX) 컨설팅 지원사업」 참여기업을 모집하오니 많은 관심과 참여 바랍니다.
☞ 자사 제품ㆍ서비스의 AI 전환(AX)을 희망하는 관내 중소기업
☞ 인공지능 전환(AX) 컨설팅 지원
- (1단계) 기업 제품ㆍ서비스의 AI 전환(AX) 가능성 사전진단
- (2단계) AX 심화 컨설팅 및 전략수립 지원
- (후속지원) 사전진단 및 컨설팅 결과에 따른 후속지원 방향 도출",기술,인천테크노파크,인천광역시,중소기업,중소기업,,,,,,,기술사업화/이전/지도,2026-05-11,2026-05-22,,온라인 접수 (BizOK홈페이지),온라인 접수 (BizOK홈페이지),https://www.bizinfo.go.kr/sii/siia/selectSIIA200Detail.do?pblancId=PBLN_000000000122086,main,primary,인천2026년인공지능전환ax컨설팅지원사업참여기업모집재공고aiplayground인천조성사업,인천테크노파크,2026-05-11~2026-05-22,기술,기술사업화/이전/지도
biz,PBLN_000000000122085,[서울ㆍ경기ㆍ인천] 2026년 서울시 민간기업 참여형 매력 일자리 참여기업 모집 공고,"서울시 거주 청년 구직자 대상 교육과정별 실무교육을 진행하고 수료자와 기업을 매칭하여 인턴십 진행(3개월), 이후 정규직 전환이 될 수 있도록 지원하는 서울시 일자리 창출 사업입니다.
☞ 채용을 희망하는 상시근로자 5인 이상 수도권 소재 중소, 중견기업
☞ 교육과정을 수료한 전문인력 채용 연계, 인턴 3개월 기간 인건비 100%(월 281만원) 지원
- 교육과정 : AI 바이브 코딩 기반 프론트엔드 실무과정, AI기반 콘텐츠 크리에이터 양성과정",인력/일자리,한국경영혁신중소기업협회,서울특별시,중소기업,중소기업,,,,,,,국내일반인력,2026-05-18,2026-06-30,,이메일 접수 (shpark04@mainbiz.or.kr),이메일 접수 (shpark04@mainbiz.or.kr),https://www.bizinfo.go.kr/sii/siia/selectSIIA200Detail.do?pblancId=PBLN_000000000122085,main,primary,서울ㆍ경기ㆍ인천2026년서울시민간기업참여형매력일자리참여기업모집공고,한국경영혁신중소기업협회,2026-05-18~2026-06-30,인력,국내일반인력
biz,PBLN_000000000122084,[전북] 2026년 스케일업 공공실증 지원사업 참여기업 모집 공고(공공실증ㆍ규제지원ㆍ혁신 시제품 선정 지원),"벤처ㆍ창업기업의 혁신적인 제품ㆍ서비스를 공공서비스 현장에 설치하고 테스트 기회를 제공하며, 관련 규제 해소, 혁신 시제품 선정 및 구매 연계와 민간투자 유치까지 다각적으로 지원하는 「스케일업 공공실증 지원사업」의 참여기업 모집공고를 아래와 같이 진행하오니 도내 창업·벤처기업의 많은 신청 바랍니다.
☞ 공공분야에 적용될 수 있는 공공성과 혁신성을 가진 기술혁신 제품ㆍ서비스를 보유한 전북 소재 창업 또는 벤처기업
- 공공에 활용될 수 있음을 입증할 수 있는 제품ㆍ서비스 
- 기술성숙도(TRL) 6단계 이상으로 현장에 즉각 실증 가능한 제품ㆍ서비스
- 등록 특허, 실용신안, NEP, NET 중 1개 이상의 권리 보유 필수
※ 자세한 지원대상 공고문 참조
☞ 공공실증ㆍ규제 해소ㆍ혁신 시제품 선정 지원 및 민간투자로 연결될 수 있도록 행정력 및 실증 지원 등 기업당 최대 60백만원 매칭 지원",기술,전북테크노파크,전북특별자치도,창업벤처,초기창업기업,,,,,,,기술사업화/이전/지도,2026-05-13,2026-06-08,,온라인 접수 (전북테크노파크 과학기술 종합정보시스템),온라인 접수 (전북테크노파크 과학기술 종합정보시스템),https://www.bizinfo.go.kr/sii/siia/selectSIIA200Detail.do?pblancId=PBLN_000000000122084,main,primary,전북2026년스케일업공공실증지원사업참여기업모집공고공공실증ㆍ규제지원ㆍ혁신시제품선정지원,전북테크노파크,2026-05-13~2026-06-08,기술,기술사업화/이전/지도
biz,PBLN_000000000122083,[전북] 2026년 지역기업 성장사다리 지원사업 추가 모집 공고(예비선도기업 육성사업),"2026년 중소벤처기업부와 전북특별자치도가 지원하는 지역기업 성장사다리 지원사업 수행자로 지정된 전북테크노파크에서 지원대상별 지원 프로그램을 안내하오니 참여를 희망하는 전북 지역 중소기업의 많은 신청 바랍니다.
☞ 사업자등록증 상 본사가 전북 도내 소재 전북 주력 산업 분야 KSIC 코드 보유중소기업이면서 고용ㆍ매출 기준 해당 기업
※ 자세한 지원대상 공고문 참조
☞ R&D 
과제기획, 시험분석, 인증취득, 시제품 제작, 제품고도화, 마케팅, 디자인, 지식재산권, 컨설팅, 공정개선, 판로 확대 지원",경영,전북테크노파크,전북특별자치도,중소기업,중소기업,,,,,,,디자인/상품화/사업화,2026-05-13,2026-05-22,,온라인 접수(기업지원사업관리 시스템),온라인 접수(기업지원사업관리 시스템),https://www.bizinfo.go.kr/sii/siia/selectSIIA200Detail.do?pblancId=PBLN_000000000122083,main,primary,전북2026년지역기업성장사다리지원사업추가모집공고예비선도기업육성사업,전북테크노파크,2026-05-13~2026-05-22,경영,디자인/상품화/사업화
biz,PBLN_000000000122082,2026년 6기 BOUNCE PIE 배치 프로그램 기업 모집 공고,"부산창조경제혁신센터에서 유망 스타트업의 투자 유치 및 성장을 지원 하는 BOUNCE PIE(Potential Investment for Early-stage startup) 배치 프로그램에 참여할 스타트업을 모집하오니, 성공적인 투자 라운드 진입을 희망하는 스타트업의 많은 관심과 참여 바랍니다.
☞ 전국 소재 설립 7년 이내 창업기업
☞ 부산창조경제혁신센터 직접투자 검토(1~2억 내외)
- 파트너 투자사와의 1:1 밋업 & 멘토링 지원
- 투자사 밋업 데이 & FINAL DEMODAY 행사 참여 지원 
- 부산창조경제혁신센터 TIPS 추천 검토(R&D 8억 + 비 R&D 3억)
- 부산창조경제혁신센터 내 지원 프로그램 연계 지원",창업,부산창조경제혁신센터,부산광역시,창업벤처,초기창업기업,,,,,,,사업화지원,2026-05-12,2026-06-03,,온라인 접수 (부산창조경제혁신센터),온라인 접수 (부산창조경제혁신센터),https://www.bizinfo.go.kr/sii/siia/selectSIIA200Detail.do?pblancId=PBLN_000000000122082,main,primary,2026년6기bouncepie배치프로그램기업모집공고,부산창조경제혁신센터,2026-05-12~2026-06-03,창업,사업화지원
biz,PBLN_000000000122081,[부산] 2026년 커피산업 기반조성 및 기업육성사업 기업지원 프로그램 모집 재공고,"부산광역시와 부산테크노파크는 지역 커피산업 경쟁력 강화와 커피도시 부산의 위상제고를 위해 「커피산업 기반조성 및 기업육성사업」지원기업을 모집하오니 관심있는 기업은 많은 참여바랍니다.
☞ 제조기업 및 커피 산업 분야 관련 기업 (주사업장(본사)이 부산지역)
※ 가맹점(본사제외), 베이커리, 유통업체(수입판매점, 쇼핑몰 등) 신청불가
☞ 맞춤형 사업화, 제조업 육성, B2B 온라인 플랫폼 입점 지원
- 맞춤형 사업화 지원 : 시장분석, BM고도화, 교육훈련, 디자인, 전시회 온라인 홍보, 컨설팅 지원
- 제조업 육성 지원 : 커피산업으로의 전환으로 신규시장 진출 및 시제품개발 지원
- B2B 온라인 플랫폼 입점 지원 : 알리바바닷컴 입점 지원",경영,부산테크노파크,부산광역시,중소기업,중소기업,,,,,,,디자인/상품화/사업화,2026-05-13,2026-05-20,,"이메일 접수 (djeou86@btp.or.kr)
※ 제출서류 목록 내 리스트 순서대로 하나의 PDF로 발송","이메일 접수 (djeou86@btp.or.kr)
※ 제출서류 목록 내 리스트 순서대로 하나의 PDF로 발송",https://www.bizinfo.go.kr/sii/siia/selectSIIA200Detail.do?pblancId=PBLN_000000000122081,main,primary,부산2026년커피산업기반조성및기업육성사업기업지원프로그램모집재공고,부산테크노파크,2026-05-13~2026-05-20,경영,디자인/상품화/사업화
biz,PBLN_000000000122080,[부산] 2026년 신발허브센터 신발인가배AtoZ 신발제조 소셜 팩토리 교육생 모집 공고,"부산테크노파크에서는 2026년 메이커스페이스 사업의 일환으로 신발 제조 창업 활성화를 위하여 신발 샘플 제작 기반의 도제식 실무 교육 사업을 추진 하오니 많은 참여 바랍니다.
☞ 예비창업자 및 학생, 신발 창업자 등
☞ 도제식 신발 제조 기술, 창업 실무 습득을 위한 교육, 멘토링, 공동 펀딩 참여 등 지원",창업,부산테크노파크,부산광역시,창업벤처,초기창업기업,,,,,,,예비창업자지원,2026-05-13,2026-05-29,,이메일 접수 (jhw@btp.or.kr),이메일 접수 (jhw@btp.or.kr),https://www.bizinfo.go.kr/sii/siia/selectSIIA200Detail.do?pblancId=PBLN_000000000122080,main,primary,부산2026년신발허브센터신발인가배atoz신발제조소셜팩토리교육생모집공고,부산테크노파크,2026-05-13~2026-05-29,창업,예비창업자지원
biz,PBLN_000000000122079,2026년 인천 콘텐츠 실증 제작지원 사업 통합 재공고,"인천테크노파크에서는 지역특화콘텐츠개발지원 사업의 일환으로 인천을 전국 콘텐츠기업의 해외진출 거점으로 육성하고, 글로벌 콘텐츠 도시로 함께 만들어갈 역량 있는 콘텐츠기업을 모집합니다. 많은 관심과 참여 바랍니다.
☞ (글로벌 실증 파트너십 지원) 전국 콘텐츠기업(법인)
- 문화산업진흥기본법 제2조(정의)에 해당하는 산업 중 “만화(웹툰), 애니메이션, 캐릭터, 게임, 음악, 콘텐츠솔루션, 지식정보 등” 산업에 해당하는 콘텐츠를 제작하는 기업
※ 단, 순수예술 및 단순공연, 영화, 광고, 출판, 산업디자인 제외
※ 관내 이전(본사/지사) 기업에 한하여 지원 가능하며, 중간평가 시 이전 증빙 제출
※ 자세한 지원대상 공고문 참조
☞ 글로벌 실증 파트너십(과제당 최대 100백만원) 지원
※ 자세한 지원내용 공고문 참조",기술,인천테크노파크,인천광역시,중소기업,중소기업,,,,,,,기술사업화/이전/지도,2026-05-14,2026-05-29,,온라인 접수 (e나라도움 홈페이지),온라인 접수 (e나라도움 홈페이지),https://www.bizinfo.go.kr/sii/siia/selectSIIA200Detail.do?pblancId=PBLN_000000000122079,main,primary,2026년인천콘텐츠실증제작지원사업통합재공고,인천테크노파크,2026-05-14~2026-05-29,기술,기술사업화/이전/지도
biz,PBLN_000000000122078,[전북] 순창군 2026년 2차 지방소멸대응을 위한 마이크로바이옴 연계 농생명식품산업 생태계 구축 사업 지원기업 모집 공고(시군구연고산업육성 협업프로젝트),"2026년도 중소벤처기업부와 전북특별자치도 및 순창군이 지원하는 시군구연고산업육성 협업프로젝트 수행자로 선정된 주관기관별 지원 프로그램을 안내하오니, 해당 프로그램 참여를 희망하는 순창군 지역 중소기업의 많은 신청 바랍니다.
☞ 공고일 기준 순창군 소재 (본사, 지사, 기업부설연구소, 공장등록 기준) 농생명식품산업에 해당하는 기업
☞ 혁신화&성장촉진(고부가가치 제품개발 컨설팅), 사업화(기능성평가, 마케팅) 지원
※ 자세한 지원내용 공고문 참조",경영,전북테크노파크,전북특별자치도,중소기업,중소기업,,,,,,,디자인/상품화/사업화,2026-05-06,2026-05-20,,온라인 접수 (SMTECH 지역특화산업육성 기업지원사업 관리시스템),온라인 접수 (SMTECH 지역특화산업육성 기업지원사업 관리시스템),https://www.bizinfo.go.kr/sii/siia/selectSIIA200Detail.do?pblancId=PBLN_000000000122078,main,primary,전북순창군2026년2차지방소멸대응을위한마이크로바이옴연계농생명식품산업생태계구축사업지원기업모집공고시군구연고산업육성협업프로젝트,전북테크노파크,2026-05-06~2026-05-20,경영,디자인/상품화/사업화
biz,PBLN_000000000122077,[충북] 단양군 2026년 2차 특화작물 활용 푸드바이오산업 고도화 육성 기업지원 프로그램 수혜기업 모집 공고(시군구 연고산업 육성사업),"중소벤처기업부와 충청북도, 단양군이 지원하는 「2026년 시군구 연고산업 육성사업」의 수행기관별 기업지원 프로그램을 안내하오니, 참여를 희망하는 충청북도 단양군 중소기업의 많은 신청 바랍니다.
☞ 단양군에 소재한 푸드바이오산업 및 관련 전후방 산업을 영위하는 중소기업 (본사, 지사, 공장, 연구소 중 1개 이상 단양군 소재)
※ (푸드바이오산업) 지역 특화작물을 활용한 농식품산업에 바이오, ICT 등 기술이 접목되어 생산부터 서비스까지 전 범위에 걸쳐 변화하는 고부가가치산업
☞ 인식개선(기술지도 컨설팅), 사업화(시험분석, 제품고급화, 인증, 마케팅), 사업화 스탭업 연계(제품ㆍ품질 경쟁력 강화) 지원
- 기업당 최대 지원금은 5천만원 이내이며, 프로그램별 지원금 1천만원 미만 지원 불가단일 프로그램 신청 또는 사업화 스탭업 프로그램으로 구성하여 신청
※ 자세한 지원내용 공고문 참조",경영,충북테크노파크,충청북도,중소기업,중소기업,,,,,,,디자인/상품화/사업화,2026-05-11,2026-05-22,,온라인 접수 (SMTECH),온라인 접수 (SMTECH),https://www.bizinfo.go.kr/sii/siia/selectSIIA200Detail.do?pblancId=PBLN_000000000122077,main,primary,충북단양군2026년2차특화작물활용푸드바이오산업고도화육성기업지원프로그램수혜기업모집공고시군구연고산업육성사업,충북테크노파크,2026-05-11~2026-05-22,경영,디자인/상품화/사업화
biz,PBLN_000000000122076,[경남] 진주시 2026년 상반기 중소기업 단체 수출보험료 지원사업 공고,"관내 수출중소기업의 수출 보험 가입절차를 간소화하고, 수출 거래 시 발생할 수 있는 대금 미회수 위험에 대한 불안감을 해소하여 적극적으로 해외진출을 할 수 있도록 2026년 상반기 진주시 중소기업 단체 수출보험료 지원사업을 아래와 같이 공고합니다.
☞ Local 수출실적을 제외한 전년도(또는 최근1년간) 수출실적 USD 30백만불 이하이며 본사 또는 지사(공장)이 진주시에 소재하는 중소기업
☞ 단체보험료 전액 지원",자금,한국무역보험공사경남지사,경상남도,중소기업,중소기업,,,,,,,보험(수출+무역),2026-05-14,2026-06-14,,"※ 보험심사 담당자와 협의 후 팩스 또는 이메일 접수
- 방문 접수처 : (51430) 창원시 성산구 중앙대로 257 경남무역회관 5층
- 팩스 : 02-6234-1443
- 이메일 : pjh01061@ksure.or.kr","※ 보험심사 담당자와 협의 후 팩스 또는 이메일 접수
- 방문 접수처 : (51430) 창원시 성산구 중앙대로 257 경남무역회관 5층
- 팩스 : 02-6234-1443
- 이메일 : pjh01061@ksure.or.kr",https://www.bizinfo.go.kr/sii/siia/selectSIIA200Detail.do?pblancId=PBLN_000000000122076,main,primary,경남진주시2026년상반기중소기업단체수출보험료지원사업공고,한국무역보험공사경남지사,2026-05-14~2026-06-14,금융,보험(수출+무역)
biz,PBLN_000000000122075,[대구] 2026년 협동조합 성장 컨설팅 및 온라인 마케팅 고도화 지원사업 모집 공고,"커뮤니티와경제와 달구벌사회적협동조합연합회에서는 2026년 대구광역시 협동조합 육성사업의 일환으로 대구광역시 소재 (사회적)협동조합의 성장지원을 위한 「성장 컨설팅 및 마케팅 고도화 지원사업」의 참여를 희망하는 (사회적)협동조합을 다음과 같이 모집합니다. 
☞ 마을관리형, 사회서비스형, 일반형 (사회적)협동조합
- 마을관리형 : 지역재생을 위한 마을기반 (사회적)협동조합
- 사회서비스형 : 돌봄 분야 (사회적)협동조합
- 일반형 : 서비스업, 제조업 등의 (사회적)협동조합
☞ 고도화 컨설팅, 온라인 마케팅 고도화 사업비(조합별 400만원) 간접지원",경영,커뮤니티와경제,대구광역시,협동조합,기타,,,,,,,디자인/상품화/사업화,2026-05-14,2026-06-02,,이메일 접수 (dg_coopcenter@cne.or.kr),이메일 접수 (dg_coopcenter@cne.or.kr),https://www.bizinfo.go.kr/sii/siia/selectSIIA200Detail.do?pblancId=PBLN_000000000122075,main,primary,대구2026년협동조합성장컨설팅및온라인마케팅고도화지원사업모집공고,커뮤니티와경제,2026-05-14~2026-06-02,경영,디자인/상품화/사업화
biz,PBLN_000000000122074,[강원] 2026년 3차 바이오기업 성장 촉진 및 고용 활성화 지원기업 모집 공고(지역산업맞춤형 일자리창출 지원사업),"춘천바이오산업진흥원에서는 강원도 바이오기업의 역량 확대를 통한 고용수요 제고와 양질의 일자리 + 주거지원을 통한 인력 외부 유출 방지를 위해 다음과 같이 기업지원 사업을 추진합니다. 본 사업은 강원 지역 기업의 고용침체 및 고용위기를 극복하기 위한 사업으로 일자리 창출에 성과 목표를 두고 있습니다. 희망하는 기업은 신청하여 주시기 바랍니다.
☞ 강원특별자치도 소재 바이오헬스 관련 기업
- 분야 : 식품ㆍ건강기능식품, 화장품, 의약ㆍ제약, 바이오소재 등
- 소재지 : 고용관리등록번호 기준 주소지가 강원도 내 소재
※ 자세한 지원대상 공고문 참조
☞ 기업지원사업(제품고급화, 시제품제작, 온ㆍ오프라인 광고, 홍보물제작, 국내외 규격인증 획득, 국외전시참가), 고용환경개선(일자리시설 개선, 신규 채용자 초기 정주기반) 지원
※ 자세한 지원내용 공고문 참조",경영,춘천바이오산업진흥원,강원특별자치도,중소기업,중소기업,,,,,,,디자인/상품화/사업화,2026-05-14,2026-05-27,,"방문, 우편, 이메일 접수
- 접수처 : 강원도 춘천시 소양강로 32, BIO-1동 101호 기업지원팀
- 이메일 : marketing@cbf.or.kr","방문, 우편, 이메일 접수
- 접수처 : 강원도 춘천시 소양강로 32, BIO-1동 101호 기업지원팀
- 이메일 : marketing@cbf.or.kr",https://www.bizinfo.go.kr/sii/siia/selectSIIA200Detail.do?pblancId=PBLN_000000000122074,main,primary,강원2026년3차바이오기업성장촉진및고용활성화지원기업모집공고지역산업맞춤형일자리창출지원사업,춘천바이오산업진흥원,2026-05-14~2026-05-27,경영,디자인/상품화/사업화
biz,PBLN_000000000122072,[세종] 제5회 여성주기업주간 여성기업인대회 유공자 포상신청 공고,"한국여성경제인협회 세종지회의 「제5회 여성기업주간」을 기념하여 세종시 여성기업 발전에 모범이 되는 유공자를 발굴ㆍ포상함으로써, 지역 여성기업의 건전한 발전을 도모하고 경영 의욕을 고취해드리는 사업입니다.
☞ 여성기업(또는 대표자)
- 건전한 기업가정신으로 경영합리화, 수출증대를 위한 기술개발 등에 적극 노력하여 모범이 되는 여성기업 대표자로서 기업경영 5년 이상인 자
※ 창업기업 및 가업승계기업은 3년이상, 유통서비스 부문은 2년 이상
☞ 세종특별자치시장상, 대전지방조달청장상, 대전ㆍ세종지방중소벤처기업청장상 포상 등 지원",판로/수출,한국여성경제인협회 세종지회,세종특별자치시,여성기업,여성,,,,,,,홍보지원,2026-05-13,2026-05-27,,"- 접수처 : 한국여성경제인협회 세종지회 사무국
- 이메일 : sejong1@wbiz.or.kr
※ 우편ㆍ방문 접수 시 작성 파일은 이메일로 별도 제출할 것","- 접수처 : 한국여성경제인협회 세종지회 사무국
- 이메일 : sejong1@wbiz.or.kr
※ 우편ㆍ방문 접수 시 작성 파일은 이메일로 별도 제출할 것",https://www.bizinfo.go.kr/sii/siia/selectSIIA200Detail.do?pblancId=PBLN_000000000122072,main,primary,세종제5회여성주기업주간여성기업인대회유공자포상신청공고,한국여성경제인협회세종지회,2026-05-13~2026-05-27,내수,홍보지원
biz,PBLN_000000000122071,[전북] 2026년 첨단섬유산업 육성지원 수혜기업 모집 추가 공고,"ECO융합섬유연구원은 2026년도 전북특별자치도가 지원하는「전북형 첨단섬유산업 육성지원」사업의 참여기업 모집계획을 아래와 같이 공고 하오니 해당 프로그램 참여를 희망하는 전북자치도 내 섬유 소재 및 제품 관련 기업의 많은 신청 바랍니다.
☞ 전북자치도 내 섬유ㆍ소재 및 제품 관련 기업
☞ 산업전환, 디지털 전환 지원
- (산업전환 지원) 기술개발, 컨설팅 지원
- (디지털전환 지원) 시제품 및 공정개선 지원",기술,ECO융합섬유연구원,전북특별자치도,중소기업,중소기업,,,,,,,기술사업화/이전/지도,2026-05-08,2026-05-29,,이메일 접수 (sunnam@kictex.re.kr),이메일 접수 (sunnam@kictex.re.kr),https://www.bizinfo.go.kr/sii/siia/selectSIIA200Detail.do?pblancId=PBLN_000000000122071,main,primary,전북2026년첨단섬유산업육성지원수혜기업모집추가공고,eco융합섬유연구원,2026-05-08~2026-05-29,기술,기술사업화/이전/지도
biz,PBLN_000000000122070,2026년 신의료관광 광역연계형 규제자유특구 사업 참여희망 특구사업자 모집 공고,"중소벤처기업부와 강원특별자치도에서 시행하는「신의료관광 광역연계형 규제자유특구」사업(주관 : 충청북도, 참여 : 강원특별자치도)의 신규 특구사업자 모집을 다음과 같이 공고하오니 기업, 대학, 기관, 병원의 많은 참여를 바랍니다.
☞ 국내에 사업장을 가지고 있으며 향후 특구 지역 내 사업장(지사,지점,공장 등)이전 또는 신설이 가능한 기업, 대학, 기관, 병원 등
※ 자세한 지원대상 공고문 참조
☞ 특구사업자로 최종 선정평가(심의위원회,특구위원회 등)를 통과할 경우, 관련법에 의거하여 각 특구사업자들이 각각 신청한 ‘규제특례’가 부여
- (사업화) 책임보험 등 법적 의무사항, 안전성 검증 등 지원
- (R&D) 제품ㆍ서비스 및 상용화에 필요한 실증, 제품ㆍ서비스 실증을 위해 필요한 공용연구장비(인프라)등을 연계 지원",경영,강원테크노파크,강원특별자치도,중소기업,중소기업,,,,,,,디자인/상품화/사업화,2026-05-11,2026-05-26,,이메일 접수 (wjd8775@gwtp.or.kr),이메일 접수 (wjd8775@gwtp.or.kr),https://www.bizinfo.go.kr/sii/siia/selectSIIA200Detail.do?pblancId=PBLN_000000000122070,main,primary,2026년신의료관광광역연계형규제자유특구사업참여희망특구사업자모집공고,강원테크노파크,2026-05-11~2026-05-26,경영,디자인/상품화/사업화
biz,PBLN_000000000122069,[대구ㆍ경북] 2026년 대구경북 공공구매상담회 참가기업 모집 공고,"구매상담회를 통해 중소기업의 공공조달시장 진출을 지원하고, 지역공공기관의 중소기업제품 구매 촉진 유도하고자 '26년 대구경북 공공구매상담회 참가업체를 모집하오니 많은 신청 바랍니다.
☞ 대구경북지역 소재 중소기업
☞ 사전 매칭 및 공공구매상담회 참석 지원",판로/수출,대구경북지방중소벤처기업청,경상북도,중소기업,중소기업,,,,,,,오프라인,2026-05-14,2026-06-09,,이메일 접수 (jsoball9@korea.kr),이메일 접수 (jsoball9@korea.kr),https://www.bizinfo.go.kr/sii/siia/selectSIIA200Detail.do?pblancId=PBLN_000000000122069,main,primary,대구ㆍ경북2026년대구경북공공구매상담회참가기업모집공고,대구경북지방중소벤처기업청,2026-05-14~2026-06-09,내수,오프라인
biz,PBLN_000000000122068,[충북] 2026년 2차 AI 저전력ㆍ고성능 첨단반도체 기술개발 지원사업 수혜기업 모집 공고,"충청북도가 지원하고 충북테크노파크에서 수행하는 충북도내 AI, 첨단반도체 관련 기업의 기술ㆍ산업 경쟁력 강화를 통해 수급 문제 해결과 신시장 창출 및 산업 생태계 조성을 위한「2026 AI 저전력ㆍ고성능 첨단반도체 기술개발 지원사업」을 다음과 같이 공고하오니, 지역기업의 많은 참여 바랍니다. 
☞ 충북도내 본사ㆍ사업장(공장, 지사, 연구소)를 둔 AI, 첨단 반도체 및 관련 소재, 부품 등의 전/후방기업(중소, 벤처 및 중견기업)
☞ 시스템반도체융합부품 기술개발(모빌리티, 센서 등 반도체 적용분야) 지원",기술,충북테크노파크,충청북도,중소기업,중소기업,,,,,,,혼합(단독+공동),2026-05-14,2026-05-28,,"온라인 접수 후 방문 또는 우편 접수
- 온라인  : 충북테크노파크 기업지원종합정보망 4.0
- 접수처 : (28116) 충북 청주시 청원구 오창읍 연구단지로 76 충북테크노파크 스마트IT융합관(구 테니스장) 2층 반도체ㆍIT센터 신뢰성분석팀
※ 온라인 접수 후 제출서류 방문 또는 우편로 제출","온라인 접수 후 방문 또는 우편 접수
- 온라인  : 충북테크노파크 기업지원종합정보망 4.0
- 접수처 : (28116) 충북 청주시 청원구 오창읍 연구단지로 76 충북테크노파크 스마트IT융합관(구 테니스장) 2층 반도체ㆍIT센터 신뢰성분석팀
※ 온라인 접수 후 제출서류 방문 또는 우편로 제출",https://www.bizinfo.go.kr/sii/siia/selectSIIA200Detail.do?pblancId=PBLN_000000000122068,main,primary,충북2026년2차ai저전력ㆍ고성능첨단반도체기술개발지원사업수혜기업모집공고,충북테크노파크,2026-05-14~2026-05-28,기술,혼합(단독+공동)
biz,PBLN_000000000122067,2026년 혁신제품 지정기간 연장(2차 연장) 공고,"「조달사업에 관한 법률 시행령」제33조 제3항 및 기획재정부 훈령 「혁신제품 지정 및 구매촉진 등에 관한 규정」제13조에 따라 아래와 같이 ‘2026년도 혁신제품 지정기간 연장(2차연장) 공고’ 일정을 안내하오니, 지정기간 연장을 희망하는 혁신제품 지정 기업은 관련 규정 및 아래의 내용을 반드시 확인하신 후 신청하여 주시기 바랍니다.
☞ 보건복지부 지정 혁신제품 보유기업으로서, 1차 연장기간(1년)의 만료가 도래되는 혁신제품
※ 금회 연장 신청 대상 : ‘26.06. 만료 제품
☞ 총 3년의 범위 내에서 지정기간 연장",기술,한국보건산업진흥원,보건복지부,중소기업,중소기업,,,,,,,시험/인증,2026-05-18,2026-05-29,,이메일 접수(kimjh1950@khidi.or.kr),이메일 접수(kimjh1950@khidi.or.kr),https://www.bizinfo.go.kr/sii/siia/selectSIIA200Detail.do?pblancId=PBLN_000000000122067,main,primary,2026년혁신제품지정기간연장2차연장공고,한국보건산업진흥원,2026-05-18~2026-05-29,기술,시험/인증
biz,PBLN_000000000122066,[경남] 창원시 2026년 지역 제조기업 대상 제조 디지털전환(DX) 확산기술 지원사업 공고,"한국전자기술연구원은 「기계ㆍ방산 제조 디지털전환 지원센터 구축ㆍ운영사업」의 일환으로 창원지역 내 제조기업을 대상으로 하는 디지털전환(DX) 확산기술 지원사업을 다음과 같이 공고하오니, 지원을 희망하는 기업은 공고문에 기재된 요령에 따라 신청하여 주시기 바랍니다.
☞ 창원지역 내 중소ㆍ중견 제조기업(기계ㆍ방산 분야)
☞ DX 확산기술(기업당 최대 2,000만원) 지원
- 디지털 전환 실증(테스트) 및 내재화를 위한 기술지원성 재료구매 지원",기술,한국전자기술연구원,경상남도,중소기업,중소기업,,,,,,,기술사업화/이전/지도,2026-05-13,2026-06-26,,온라인 접수 (제조 DX 지원센터 홈페이지),온라인 접수 (제조 DX 지원센터 홈페이지),https://www.bizinfo.go.kr/sii/siia/selectSIIA200Detail.do?pblancId=PBLN_000000000122066,main,primary,경남창원시2026년지역제조기업대상제조디지털전환dx확산기술지원사업공고,한국전자기술연구원,2026-05-13~2026-06-26,기술,기술사업화/이전/지도
biz,PBLN_000000000122065,[강원] 2026년 전기ㆍ수소차 분야 수요기술 사업화 지원사업 참여기업 모집 추가 공고(전기차 충돌 후 배터리 핵심부품 안전성 확보 지원사업),"강원특별자치도 내 대학 및 공공 연구기관 기술을 도입한 전기ㆍ수소차 분야 기업을 대상으로 수요기술 사업화 지원사업을 추진하고자 하오니 기술이전ㆍ사업화에 관심있는 기업들의 많은 참여를 바랍니다.
☞ 최근 2년간(2025~2026년) 도내 전기ㆍ수소차 분야 기술이전 완료 또는 기술도입 예정인 기업
☞ 기술개발 제품의 사업화를 위한 분야별(제품공정, 시제품, 품질관리, 시험평가 등) 기술 지원
- 기업별 최대 10백만원 이내, 2개 프로그램 신청 가능",기술,강원테크노파크,강원특별자치도,중소기업,중소기업,,,,,,,기술사업화/이전/지도,2026-05-18,2026-05-29,,"이메일, 우편, 방문 접수
- 이메일 : sonjy@gwtp.or.kr
- 접수처 : 강원테크노파크 기업지원단 지역산업ㆍ위기지원팀","이메일, 우편, 방문 접수
- 이메일 : sonjy@gwtp.or.kr
- 접수처 : 강원테크노파크 기업지원단 지역산업ㆍ위기지원팀",https://www.bizinfo.go.kr/sii/siia/selectSIIA200Detail.do?pblancId=PBLN_000000000122065,main,primary,강원2026년전기ㆍ수소차분야수요기술사업화지원사업참여기업모집추가공고전기차충돌후배터리핵심부품안전성확보지원사업,강원테크노파크,2026-05-18~2026-05-29,기술,기술사업화/이전/지도
biz,PBLN_000000000122064,[강원] 2026년 정보보호 특화기업 지원사업 수혜기업 모집 공고,"과학기술정보통신부, 한국인터넷진흥원, 강원특별자치도와 (재)강원테크노파크는 강원지역 전략산업의 정보보호 수준제고 및 정보보호 대표기업 육성을 위하여 전략산업 중소기업 대상으로 정보보호 특화기업 지원사업을 시행하고, 다음과 같이 수혜기업을 모집하오니, 많은 관심과 참여 바랍니다.
☞「중소기업기본법」제2조에 따른 중소기업 중 강원지역 전략산업, 정보통신업, 제조업 및 침해사고 피해기업(전략산업 우선지원)
※ 전략산업 : 천연물ㆍ바이오소재, 의료기기ㆍ디지털헬스케어, 세라믹원료ㆍ소재
☞ 기업당 최대 3,000만원 지원
- 기업의 정보보호 수준 제고를 위한 맞춤형 정보보호 서비스 지원
- 정보보호 인증(ISMS, ISMS-P, ISO27001) 취득에 소요되는 컨설팅비, 심사수수료(최초인증 한정) 등을 지원규모 한도 내 지원
- 기업의 보안 현황 및 수요를 고려하여 정보보호 관리체계 구축, 보안 취약점 개선, 보안 역량 강화 활동 등 정보보호 전반에 대한 지원을 지원금액 한도 내에서 선택적으로 지원",경영,강원테크노파크,강원특별자치도,중소기업,중소기업,,,,,,,정보화지원,2026-05-14,2026-06-05,,이메일 접수 (leesw0912@gwtp.or.kr),이메일 접수 (leesw0912@gwtp.or.kr),https://www.bizinfo.go.kr/sii/siia/selectSIIA200Detail.do?pblancId=PBLN_000000000122064,main,primary,강원2026년정보보호특화기업지원사업수혜기업모집공고,강원테크노파크,2026-05-14~2026-06-05,경영,정보화지원
biz,PBLN_000000000122063,2026년 스마트 디지털헬스케어 제품 사업화 통합지원 사업 글로벌 진출 지원 기업 모집 공고,"산업통상부 ‘바이오산업 개방형 생태계 조성 촉진 사업’의 일환으로, 국산 스마트디지털헬스케어 제품의 성공적인 사업화와 글로벌 진출을 촉진하기 위한 「스마트 디지털헬스케어 제품 사업화 통합지원」 사업의 참여 기업을 모집합니다.본 사업은 미국, 유럽, 일본, 중국 등 주요 의료기기 시장 진출을 목표로 해외 인허가 획득, 임상시험, ISO 13485 품질경영시스템 구축, 사용적합성 평가, 사이버보안 시험 등을 종합적으로 지원하오니 관련 기업의 많은 참여를 바랍니다. 한편, 본 사업은 산업통상부와 창원특례시의 지원을 받아 (사)범부처통합헬스케어협회, 한국산업기술시험원, 서울대학교병원, 세종충남대학교병원 등이 연계하여 공동으로 추진합니다.
☞ 전국 전형, 창원특례시 전형 조건에 맞는 기업
- (전국 전형)국내에서 스마트 디지털헬스케어에 해당하는 제품을 개발 및 제작하고, 향후 4년 이내에 해외 수출을 계획 중인 기업, 각 지원분야에 대해 최소 신청 조건을 만족하는 기업
- (창원특례시 전형) 전국 전형 자격 조건을 포함하여, 접수 마감일 기준 창원특례시를 소재지로 하여 운영되고 있는 기업 이거나 [붙임5] 창원특례시 관내 본사 이전 또는 연구소ㆍ지사 설치확약서를 제출한 기업
☞ ISO 13485:2016(신규), ISO 13485:2016(갱신), 사용적합성, 사이버보안, 임상시험, 해외인허가 지원
※ 자세한 지원내용 공고문 참조",기술,범부처통합헬스케어협회,전국,중소기업,중소기업,,,,,,,기술사업화/이전/지도,2026-05-11,2026-05-25,,"온라인 접수(범부처통합헬스케어협회 사업관리시스템)
※ 공고명 [글로벌진출지원기업모집통합공고] 검색, 전국전형ㆍ창원특례시전형 구분 필수","온라인 접수(범부처통합헬스케어협회 사업관리시스템)
※ 공고명 [글로벌진출지원기업모집통합공고] 검색, 전국전형ㆍ창원특례시전형 구분 필수",https://www.bizinfo.go.kr/sii/siia/selectSIIA200Detail.do?pblancId=PBLN_000000000122063,main,primary,2026년스마트디지털헬스케어제품사업화통합지원사업글로벌진출지원기업모집공고,범부처통합헬스케어협회,2026-05-11~2026-05-25,기술,기술사업화/이전/지도
biz,PBLN_000000000122062,[경기] 성남시 2026년 스페인 바르셀로나 스마트시티 엑스포 월드 콩그레스 전시회(SCEWC) 참가기업 모집 재공고,"성남시는 스마트시티 기술 분야 관내 중소ㆍ벤처기업의 해외시장 개척을 통한 수출 경쟁력 향상을 위해 「2026 스페인 바르셀로나 스마트시티 엑스포 월드 콩그레스 (SCEWC)」의 참가기업을 모집하오니 관심 있는 기업의 많은 신청 바랍니다.
☞ 스마트시티 관련 AIot, 인공지능(AI), 미래모빌리티, 빅데이터 등 우수한 기술을 보유하고 있는 성남시 관내 중소ㆍ벤처기업
- 최근 3년 성남시와 스마트시티 공모(실증)사업을 추진했거나 추진 중인 기업
☞ 부스, 운송비, 항공료, 집체교육, 통역 지원
※ 자세한 지원내용 공고문 참조",판로/수출,기초자치단체,경기도,중소기업,중소기업,,,,,,,해외진출,2026-05-13,2026-05-22,,"방문 또는 이메일 접수
- 접수처 : 성남시청 스마트도시과(서관 8층)
- 이메일 : ymy0106@korea.kr
※ 제출 후 유선 확인 필수","방문 또는 이메일 접수
- 접수처 : 성남시청 스마트도시과(서관 8층)
- 이메일 : ymy0106@korea.kr
※ 제출 후 유선 확인 필수",https://www.bizinfo.go.kr/sii/siia/selectSIIA200Detail.do?pblancId=PBLN_000000000122062,main,primary,경기성남시2026년스페인바르셀로나스마트시티엑스포월드콩그레스전시회scewc참가기업모집재공고,기초자치단체,2026-05-13~2026-05-22,수출,해외진출
biz,PBLN_000000000122061,2026년 만화웹툰 해외진출지원 KOMICS 프랑스ㆍ독일 참가기업 모집 공고,"만화웹툰 해외진출 기반 마련 및 수출 경쟁력 강화를 위해「2026년 만화웹툰 해외진출지원(프랑스/독일) 참가기업 모집 공고」을 다음과 같이 공고하오니, 본 사업에 참여를 원하는 기업은 신청하여 주시기 바랍니다.
☞ 유럽 시장 진출 및 수출 확대에 대한 목적이 명확한 국내 만화ㆍ웹툰 IP 보유 기업 또는 해외(현지) 비즈니스 권한을 위임받은 에이전시
☞ 바이어 섭외, 비즈니스 매칭 등 현지 수출 상담을 위한 비즈니스, 상담 환경 조성 및 운영, 바이어 대상 온오프라인 홍보 등 지원
※ 자세한 지원내용 공고문 참조",판로/수출,한국콘텐츠진흥원,전국,중소기업,중소기업,,,,,,,해외진출,2026-05-14,2026-05-28,,온라인 접수 (콘텐츠수출마케팅플랫폼(Welcon)),온라인 접수 (콘텐츠수출마케팅플랫폼(Welcon)),https://www.bizinfo.go.kr/sii/siia/selectSIIA200Detail.do?pblancId=PBLN_000000000122061,main,primary,2026년만화웹툰해외진출지원komics프랑스ㆍ독일참가기업모집공고,한국콘텐츠진흥원,2026-05-14~2026-05-28,수출,해외진출
biz,PBLN_000000000122060,[경남] 2026년 자카르타 K-프리미엄 소비재전 참가 지원사업 참가업체 모집 공고,"도내 소비재 관련 수출 중소기업을 대상으로 「2026 자카르타 K-프리미엄 소비재전(JIPREMIUM 2026)」에 참가할 업체를 아래와 같이 모집하오니, 참가를 희망하는 업체는 신청하여 주시기 바랍니다.
☞ 도내 소비재 분야 수출 중소기업
☞ 부스임차 및 장치비, 편도항공료(1사 1인), 통역비 50% 등 지원",판로/수출,한국무역협회경남지역본부,경상남도,중소기업,중소기업,,,,,,,해외진출,2026-05-14,2026-05-29,,온라인 접수 (경상남도 해외마케팅 사업지원시스템),온라인 접수 (경상남도 해외마케팅 사업지원시스템),https://www.bizinfo.go.kr/sii/siia/selectSIIA200Detail.do?pblancId=PBLN_000000000122060,main,primary,경남2026년자카르타k프리미엄소비재전참가지원사업참가업체모집공고,한국무역협회경남지역본부,2026-05-14~2026-05-29,수출,해외진출
biz,PBLN_000000000122059,[경북] 2026년 관상어 산업 활성화 지원사업 참여기업 모집 공고,"「관상어 산업 활성화 지원사업 참여기업 모집」을 다음과 같이 공고합니다.
☞ 공고일 현재 경상북도에 소재지를 두고 있는 관상어 및 연관 산업 내 예비창업자(3년이내 창업기업 포함) 및 중소기업
☞ 상품개발, 마케팅홍보, 판로개척, 창업 지원
- 상품개발 : 창업기업 육성 지원, 유망기업 육성 지원
- 마케팅 홍보 : 브랜드 개선 및 고급화, 홍보활성화 및 프로모션
- 판로개척 : 국내 전시회 참가, 국외 전시회 참가
- 창업지원 : 역량강화 교육
※ 자세한 지원내용 공고문 참조",경영,환동해산업연구원,경상북도,중소기업,중소기업,,,,,,,디자인/상품화/사업화,2026-05-14,2026-06-08,,"이메일 또는 우편 접수
- 이메일 : minhi406@mire.re.kr
- 접수처 : 경상북도 환동해산업연구원 산업연구부 산업육성팀 (경상북도 울진군 죽변면 해양과학길 22, 우편번호 : 36315)","이메일 또는 우편 접수
- 이메일 : minhi406@mire.re.kr
- 접수처 : 경상북도 환동해산업연구원 산업연구부 산업육성팀 (경상북도 울진군 죽변면 해양과학길 22, 우편번호 : 36315)",https://www.bizinfo.go.kr/sii/siia/selectSIIA200Detail.do?pblancId=PBLN_000000000122059,main,primary,경북2026년관상어산업활성화지원사업참여기업모집공고,환동해산업연구원,2026-05-14~2026-06-08,경영,디자인/상품화/사업화
biz,PBLN_000000000122058,[경남] 2026년 창업어가 멘토링사업 창업어가 모집 재공고,"수산업 경영 경험이 부족한 신규인력의 창업 시 기술ㆍ경영ㆍ교육 등의 문제해결을 위해 후견인이 현장방문 등을 통해 지원하는 “2026년도 창업어가 멘토링사업”의 창업어가 및 후견인을 아래와 같이 모집 재공고합니다.
☞ 어업인후계자로 선정된 지 5년 이내 어업인
- 귀어 후 5년 이내 어업인
- 당해(이월사업 포함) 귀어 창업자금 지원(예정)자
☞ 기술ㆍ경영 측면 등에 대한 교육ㆍ지도 등 제공",창업,경상남도수산안전기술원,경상남도,창업벤처,초기창업기업,,,,,,,사업화지원,2026-05-14,2026-05-20,,"방문 접수
- 접수처 : 창원시 마산합포구 진동면 해양관광로 51","방문 접수
- 접수처 : 창원시 마산합포구 진동면 해양관광로 51",https://www.bizinfo.go.kr/sii/siia/selectSIIA200Detail.do?pblancId=PBLN_000000000122058,main,primary,경남2026년창업어가멘토링사업창업어가모집재공고,경상남도수산안전기술원,2026-05-14~2026-05-20,창업,사업화지원
biz,PBLN_000000000122057,[경기] 김포시 중소기업 육성자금 긴급 경영자금(중동위기 피해 관련) 지원계획 공고,"「김포시 중소기업 육성자금 지원조례」 제6조 규정에 따라 중동위기 대응 김포시 중소기업 긴급 경영자금 이차보전 지원계획을 다음과 같이 공고합니다.
☞ 중동분쟁으로 인한 수출ㆍ입 피해 및 경영 애로 기업
- 「중소기업기본법」 제2조의 중소기업으로 「김포시 중소기업 육성자금 지원조례」 제6조에 해당하는 기업체
- 중동 정세 영향으로 인한 경영애로 발생 기업
※ 자세한 지원대상 공고문 참조
☞ 업체당 운전자금 5억원 이내 지원
- 대출금리 중 0.5%~3.0%에 대한 이자차액 보전(최대 3.0%)",자금,기초자치단체,경기도,중소기업,중소기업,,,,,,,융자,예산 소진시까지,,,"방문 접수
- 접수처 : NH농협은행 김포시지부(경기도 김포시 사우중로 31)
※ 은행 영업시간 내 현장 접수","방문 접수
- 접수처 : NH농협은행 김포시지부(경기도 김포시 사우중로 31)
※ 은행 영업시간 내 현장 접수",https://www.bizinfo.go.kr/sii/siia/selectSIIA200Detail.do?pblancId=PBLN_000000000122057,main,primary,경기김포시중소기업육성자금긴급경영자금중동위기피해관련지원계획공고,기초자치단체,예산 소진시까지~,금융,융자
biz,PBLN_000000000122056,[강원] 횡성군 2026년 1차 청년창업가 양성 지원사업 참여기업 추가 모집 공고,"2026년도 횡성군이 지원하는 횡성군 청년 창업가 양성 지원사업에 대한 지원 프로그램을 안내하오니, 해당 프로그램 참여를 희망하는 횡성군 지역 청년 창업가 분의 많은 신청 바랍니다.
☞ 횡성군 관내 만45세 이하 창업기업(설립일 7년이내) 및 창업예정자
- 관내 직접 생산ㆍ제조 기업으로 창업 7년이내 기업
- 관내 제조업 분야 창업 예정인 예비창업자(협약일 기준 이내)
☞ 경영, 제품개발 및 판매전략 수립 등 전문가 1:1 매칭 지원, 관내 축제 및 전시회 참가 및 홍보(부스임차비, 참가비, 홍보물 설치비 등) 지원",창업,강원테크노파크,강원특별자치도,창업벤처,"청년,초기창업기업",,,,,,,사업화지원,2026-05-15,2026-05-27,,"이메일, 우편, 방문 접수
- 접수처 : 강원특별자치도 춘천시 신북읍 신북로 61-10, 강원테크노파크 기업지원단 산업지원팀
- 이메일 : sky72@gwtp.or.kr","이메일, 우편, 방문 접수
- 접수처 : 강원특별자치도 춘천시 신북읍 신북로 61-10, 강원테크노파크 기업지원단 산업지원팀
- 이메일 : sky72@gwtp.or.kr",https://www.bizinfo.go.kr/sii/siia/selectSIIA200Detail.do?pblancId=PBLN_000000000122056,main,primary,강원횡성군2026년1차청년창업가양성지원사업참여기업추가모집공고,강원테크노파크,2026-05-15~2026-05-27,창업,사업화지원
biz,PBLN_000000000122055,2026년 성평등가족형 예비사회적기업 지정 계획 공고,"「2026년 성평등가족형 예비사회적기업 운영지침」에 의거 2026년 성평등가족형 예비사회적기업 지정 계획을 다음과 같이 공고합니다.
☞ 「사회적기업 육성법」제8조 및 같은 법 시행령 제8조에 따른 조직형태를 갖춘 기업
※ 자세한 지원대상 공고문 참조
☞ 성평등가족부 지원 사업 정보 제공 
- 사회적기업 인증 추천이 필요하다고 판단된 기업은 심사위원회 심의를 거쳐 인증 추천",인력/일자리,한국사회적기업진흥원,성평등가족부,사회적기업,사회적기업,,,,,,,제도,2026-05-13,2026-06-01,,온라인 접수 (사회적기업 통합사업관리시스템),온라인 접수 (사회적기업 통합사업관리시스템),https://www.bizinfo.go.kr/sii/siia/selectSIIA200Detail.do?pblancId=PBLN_000000000122055,main,primary,2026년성평등가족형예비사회적기업지정계획공고,한국사회적기업진흥원,2026-05-13~2026-06-01,기타,제도
biz,PBLN_000000000122054,[경북] 2026년 2차 지역기업 성장사다리 지원사업 통합 공고,"2026년도 중소벤처기업부와 경상북도가 지원하는 지역기업 성장사다리 지원사업 수행자로 지정된 경북테크노파크에서 지원대상별 지원 프로그램을 안내하오니, 참여를 희망하는 경북 지역 중소기업의 많은 신청 바랍니다.
☞ 사업자등록증 상 본사가 해당 지역 내 소재하며, 경북지역 주력산업 분야(KSIC코드 첨부 必)를 영위하는 중소기업
☞ R&D연계기업, 선도기업, 투자 생태계 지원
※ 자세한 지원내용 공고문 참조",경영,경북테크노파크,경상북도,중소기업,중소기업,,,,,,,디자인/상품화/사업화,2026-05-14,2026-05-22,,온라인 접수(기업지원사업 관리시스템),온라인 접수(기업지원사업 관리시스템),https://www.bizinfo.go.kr/sii/siia/selectSIIA200Detail.do?pblancId=PBLN_000000000122054,main,primary,경북2026년2차지역기업성장사다리지원사업통합공고,경북테크노파크,2026-05-14~2026-05-22,경영,디자인/상품화/사업화
biz,PBLN_000000000122053,[경남] 창원시 2026년 국가산단 기계ㆍ방산 분야 제조기업 대상 제조 DXㆍAX 확산 컨설팅 수혜기업 모집 공고,"「2026년도 기계ㆍ방산 제조 디지털전환 지원센터 구축ㆍ운영」의 일환
으로 창원 국가산단 내 기계ㆍ방산 분야 제조기업을 대상으로 하는
현장 맞춤형 개선 솔루션 도출을 위한 DXㆍAX 확산 컨설팅 수혜기업 
모집을 위해 다음과 같이 공고합니다.
☞ 창원 국가산업단지 내 기계ㆍ방산 분야 중소ㆍ중견 제조기업
- DXㆍAX 모델구축에 관심이 있는 잠재적 수요(도입)기업
☞ 컨설팅 지원(최대 20,000천원)
- DXㆍAX 분야별 산학연 전문가 네트워크 및 전문 지원팀 활용
- 제조DXㆍAX 모델 구축을 위한 현장분석 및 컨설팅 지원(공급기업 포함)",경영,경남테크노파크,경상남도,중소기업,중소기업,,,,,,,컨설팅,2026-05-12,2026-05-29,,"온라인 접수 (경남테크노파크)
※ 제출서류 : PDF변환 후 넘버링, 하나의 파일로 압축하여 업로드","온라인 접수 (경남테크노파크)
※ 제출서류 : PDF변환 후 넘버링, 하나의 파일로 압축하여 업로드",https://www.bizinfo.go.kr/sii/siia/selectSIIA200Detail.do?pblancId=PBLN_000000000122053,main,primary,경남창원시2026년국가산단기계ㆍ방산분야제조기업대상제조dxㆍax확산컨설팅수혜기업모집공고,경남테크노파크,2026-05-12~2026-05-29,경영,컨설팅
biz,PBLN_000000000122052,[부산] 2026년 Bu:Star 게임콘텐츠 제작지원 사업 올인원패키지 재공고,"부산정보산업진흥원에서 지역 게임 기업의 글로벌 경쟁력 강화 및 창의적인 게임콘텐츠 제작 활성화를 통한 지역 게임 기업의 성장 지원을 위하여「2026 Bu:Star 게임콘텐츠 제작지원 사업 올인원패키지」사업을 추진하오니 많은 관심과 참여 바랍니다.
☞ 사업공고 시작일 전일 기준, 사업장 소재지가 부산인 게임콘텐츠 개발 중소기업
- 지원분야 : VR, AR, PC 온라인, 콘솔, 모바일 플랫폼 등 게임콘텐츠
※ 자세한 지원대상 공고문 참조
☞ 게임콘텐츠 제작비 지원(과제당 지원금 최대 75백만원 이내)
- 인건비(100% 구성 가능), 일반용역비, 수수료 및 사용료 등
- 게임 개발에 필요한 IP 확보 비용 및 용역비용 지원
- 창의적인 게임콘텐츠 개발을 위한 스토리 발굴, 컨셉 디자인 개발비 지원 등",기술,부산정보산업진흥원,부산광역시,중소기업,중소기업,,,,,,,기술사업화/이전/지도,2026-05-14,2026-06-01,,온라인 접수 (e나라도움),온라인 접수 (e나라도움),https://www.bizinfo.go.kr/sii/siia/selectSIIA200Detail.do?pblancId=PBLN_000000000122052,main,primary,부산2026년bustar게임콘텐츠제작지원사업올인원패키지재공고,부산정보산업진흥원,2026-05-14~2026-06-01,기술,기술사업화/이전/지도
biz,PBLN_000000000122051,2026년 경남 우주산업 혁신생태계 조성 지원 사업 수혜기업 추가 모집 공고,"경남테크노파크에서는 경남 지역 우주산업 육성 및 경쟁력 강화를 위해 추진하고 있는 「2026년 우주산업 혁신생태계 조성 지원」사업의 지원계획을 다음과 같이 공고하오니 기업들의 많은 참여를 바랍니다.
☞ 경상남도 소재 본사, 지사, 공장, 연구소 중 1개 이상을 보유하거나 보유예정인 우주기업 및 사업 다각화 추진 기업
※ 타 지역에서 신청하는 경우, 경남 이전 입주확약서 제출 필수
☞ 과제개발비(총 사업비의 90% 이내) 지원
- 국산화 기술개발, 사업화, 기술혁신 기업 지원 및 유치
※ 프로그램별 지원내용 상이 공고문 참조",기술,경남테크노파크,경상남도,중소기업,중소기업,,,,,,,기술사업화/이전/지도,2026-05-14,2026-05-28,,온라인 접수 (경남테크노파크),온라인 접수 (경남테크노파크),https://www.bizinfo.go.kr/sii/siia/selectSIIA200Detail.do?pblancId=PBLN_000000000122051,main,primary,2026년경남우주산업혁신생태계조성지원사업수혜기업추가모집공고,경남테크노파크,2026-05-14~2026-05-28,기술,기술사업화/이전/지도
biz,PBLN_000000000122050,[경남] 2026년 3차 중대재해 예방 사각지대 해소 지원사업 안전환경 개선 패키지 지원사업 참여기업 모집 공고,"도내 고위험 영세 사업장 중대재해 예방을 위해 추진하는 「2026년 경상남도 중대재해 예방 사각지대 해소 지원사업」의 '안전환경 개선 패키지 지원사업 참여기업' 모집을 다음과 같이 공고하오니, 많은 참여 바랍니다.
☞ 경상남도 소재 상시 근로자 수 50인 미만 제조업 기업
☞ '사전진단 –교육 –컨설팅 –환경개선(시설ㆍ장비)-사후관리'등 안전 보건관리체계구축 全과정패키지 지원
- 안전교육 : 사전의무교육, 체험형 안전보건교육
- 컨설팅 : 안전보건관리체계구축 컨설팅(기업당 최대 5회(사전진단 포함))
- 환경개선 : 시설ㆍ장비ㆍ디자인개선(약17백만원 내외)",인력/일자리,경남테크노파크,경상남도,중소기업,중소기업,,,,,,,작업환경개선,2026-05-14,2026-05-29,,온라인 접수 (경남테크노파크 홈페이지),온라인 접수 (경남테크노파크 홈페이지),https://www.bizinfo.go.kr/sii/siia/selectSIIA200Detail.do?pblancId=PBLN_000000000122050,main,primary,경남2026년3차중대재해예방사각지대해소지원사업안전환경개선패키지지원사업참여기업모집공고,경남테크노파크,2026-05-14~2026-05-29,인력,작업환경개선
biz,PBLN_000000000122049,신유통물류 광역연계형 규제자유특구 사업 참여희망 특구사업자 모집 연장 공고,"중소벤처기업부와 경상남도에서 시행하는「신유통물류 광역연계형 규제자유특구」사업의 신규 특구사업자 모집을 다음과 같이 연장 공고하오니 기업, 대학, 기관의 많은 참여를 바랍니다.
☞ 국내에 사업장을 가지고 있으며 향후 특구 지역 내 사업장(지사, 지점, 공장 등) 이전 또는 신설이 가능한 기업, 대학, 기관 
- 실증특례 및 임시허가를 통해 신기술ㆍ신사업을 영위하고자 하는 기업, 대학, 기관 
※ 자세한 지원대상 공고문 참조
☞ 특구사업자로 최종 선정평가(심의위원회, 특구위원회 등)를 통과할 경우, 관련법에 의거하여 각 특구사업자들이 각각 신청한 ‘규제특례’가 부여
- (사업화) 책임보험 등 법적 의무사항, 안전성 검증 등 지원
- (RnD) 제품ㆍ서비스 및 상용화에 필요한 실증, 제품ㆍ서비스 실증을 위해 필요한 공용 연구장비(인프라) 등을 연계 지원",경영,경남테크노파크,경상남도,중소기업,중소기업,,,,,,,디자인/상품화/사업화,2026-04-29,2026-05-21,,이메일 접수(banana4004@gntp.or.kr),이메일 접수(banana4004@gntp.or.kr),https://www.bizinfo.go.kr/sii/siia/selectSIIA200Detail.do?pblancId=PBLN_000000000122049,main,primary,신유통물류광역연계형규제자유특구사업참여희망특구사업자모집연장공고,경남테크노파크,2026-04-29~2026-05-21,경영,디자인/상품화/사업화
biz,PBLN_000000000122048,[경남] 2026년 3차 중대재해 예방 사각지대 해소 지원사업 안전관리 컨설팅 지원사업 참여기업 모집 공고,"도내 고위험 영세 사업장 중대재해 예방을 위해 추진하는「2026년 경상남도 중대재해 예방 사각지대 해소 지원사업」의 ‘안전관리 컨설팅 지원사업 참여기업’ 모집을 다음과 같이 공고하오니, 많은 참여 바랍니다
☞ 경상남도 소재 상시 근로자 수 20인 미만 기업, 외국인 또는 고령(만 55세 이상) 근로자 비율 20% 이상 기업
☞ 안전보건관리자 매칭 및 컨설팅ㆍ자문, 맞춤형 안전관리, 사업장에 대한 정밀 컨설팅 제공 및 기술적ㆍ지도 지원",인력/일자리,경남테크노파크,경상남도,중소기업,중소기업,,,,,,,작업환경개선,2026-05-14,2026-05-29,,온라인 접수 (경남테크노파크 홈페이지),온라인 접수 (경남테크노파크 홈페이지),https://www.bizinfo.go.kr/sii/siia/selectSIIA200Detail.do?pblancId=PBLN_000000000122048,main,primary,경남2026년3차중대재해예방사각지대해소지원사업안전관리컨설팅지원사업참여기업모집공고,경남테크노파크,2026-05-14~2026-05-29,인력,작업환경개선
biz,PBLN_000000000122047,[제주] 2026년 2차 주요 농산물 물류비 지원사업 공고,"「제주특별자치도 지방보조금 관리 조례」 제14조제1항에 의하여 지방보조금 지원계획을 다음과 같이 공고합니다.
☞ 도외 도매시장(산지공판장 포함)으로 월동무, 양배추, 조생양파를 출하하는 지역농협 및 영농조합법인
☞ 도외 도매시장(산지공판장 포함)으로 출하한 생산자에 대해 해상운송비 일부 지원
※ 자세한 지원내용 공고문 참조",판로/수출,직접수행,제주특별자치도,소상공인,소상공인,,,,,,,오프라인,2026-05-12,2026-05-26,,"방문, 우편 접수
- 접수처 : 제주특별자치도 감귤유통과","방문, 우편 접수
- 접수처 : 제주특별자치도 감귤유통과",https://www.bizinfo.go.kr/sii/siia/selectSIIA200Detail.do?pblancId=PBLN_000000000122047,main,primary,제주2026년2차주요농산물물류비지원사업공고,직접수행,2026-05-12~2026-05-26,내수,오프라인
biz,PBLN_000000000122046,[경기] 2026년 드론산업 육성 지원사업 드론기업 수요맞춤형 지원 모집 공고,"경기도내 우수한 기술력을 보유한 드론기업에 맞춤형 지원을 통한 기업 경쟁력 강화 및 조기/안정적 시장진출을 위한「드론기업 수요맞춤형 지원」사업을 다음과 공고하오니 많은 참여 바랍니다.
☞ 도내 드론관련 중소기업기본법 제2조에 따른 중소기업
- 본사, 지점, 공장 또는 기업부설연구소 중 하나 이상이 경기도 관내에 소재한 기업
☞ 지식재산권, 인증ㆍ시험분석, 마케팅, 시험비행(실증) 등 지원",기술,경기테크노파크,경기도,중소기업,중소기업,,,,,,,기술사업화/이전/지도,2026-05-14,2026-06-05,,온라인 접수(경기테크노파크 성과관리 시스템),온라인 접수(경기테크노파크 성과관리 시스템),https://www.bizinfo.go.kr/sii/siia/selectSIIA200Detail.do?pblancId=PBLN_000000000122046,main,primary,경기2026년드론산업육성지원사업드론기업수요맞춤형지원모집공고,경기테크노파크,2026-05-14~2026-06-05,기술,기술사업화/이전/지도
biz,PBLN_000000000122045,2026년 연구조직(기업부설연구소 등) 설립 및 기술ㆍ경영혁신 인증 지원사업 참여기업 모집 공고,"지역기업의 R&D 역량 강화와 국가연구개발사업 참여 확대를 도모하고, 대구지역 혁신형 중소기업 발굴을 통한 지역 과학기술 혁신역량 강화를 위해 과학기술정보통신부와 대구광역시가 지원하는「2026년 연구조직(기업부설연구소 등) 설립 및 기술ㆍ경영혁신 인증 지원사업」을 다음과 같이 공고하오니, 관심 있는 기업의 많은 참여 바랍니다.
☞ (연구조직 설립ㆍ확대 지원) 대구지역 내 연구조직 설립 희망 기업
- (기술ㆍ경영혁신 인증 지원) 대구지역 내 본사를 둔 중소기업
※ 지역 외 기업이 대구지역 내에 설립을 희망하는 경우 신청 가능
☞ 연구조직 설립ㆍ확대 지원, 기술ㆍ경영혁신 인증 지원, 역량강화교육 및 정보제공 지원",기술,대구테크노파크,대구광역시,중소기업,중소기업,,,,,,,기술사업화/이전/지도,세부사업별 상이,,,이메일 접수(kiraming@dgtp.or.kr),이메일 접수(kiraming@dgtp.or.kr),https://www.bizinfo.go.kr/sii/siia/selectSIIA200Detail.do?pblancId=PBLN_000000000122045,main,primary,2026년연구조직기업부설연구소등설립및기술ㆍ경영혁신인증지원사업참여기업모집공고,대구테크노파크,세부사업별 상이~,기술,기술사업화/이전/지도
biz,PBLN_000000000122044,[대전] 2026년 방산혁신클러스터 국방ㆍ드론분야 기술사업화 민-군 브릿지 코디네이터 지원기업 모집 공고,"방위사업청과 대전광역시가 지원하는 ‘2026년 방산혁신클러스터 국방ㆍ드론분야 기술사업화 지원사업’의 시행계획을 아래와 같이 공고하오니, 동 사업 참여하고자 하는 대전지역내 국방드론 전후방 분야 중소기업은 많은 신청 바랍니다.
☞ 대전지역 내에 소재한 국방드론(안티드론 포함) 전후방 분야 중소기업(신규진입 희망기업 포함)
☞ 민-군 브릿지 코디네이터(기업당 최대 6백만원 내외) 지원
- 드론 분야 기술(소프트웨어, 부품 등) 및 부품국산화 등 기술 컨설팅 지원
- 방위사업 계약 및 원가 계산ㆍ산정, 방산 사업 신청 등 사업관리 컨설팅 지원",경영,대전테크노파크,대전광역시,중소기업,중소기업,,,,,,,컨설팅,2026-05-11,2026-05-27,,온라인 접수 (대전기업정보포털),온라인 접수 (대전기업정보포털),https://www.bizinfo.go.kr/sii/siia/selectSIIA200Detail.do?pblancId=PBLN_000000000122044,main,primary,대전2026년방산혁신클러스터국방ㆍ드론분야기술사업화민군브릿지코디네이터지원기업모집공고,대전테크노파크,2026-05-11~2026-05-27,경영,컨설팅
biz,PBLN_000000000122043,[대전] 2026년 방산혁신클러스터 국방ㆍ드론분야 기술사업화 제품화 패키지 지원사업 지원기업 통합 모집 공고,"방위사업청과 대전광역시가 지원하는 ‘2026년도 대전 방산혁신클러스터 국방ㆍ드론분야 기술사업화 지원사업’의 시행계획을 아래와 같이 공고하오니, 동 사업에 참여하고자 하는 대전지역내 국방ㆍ드론분야 전후방 중소기업의 많은 신청 바랍니다.
☞ 대전지역 내에 소재한 국방드론(안티드론) 전후방 분야에서 영위 중이면서 교육용 상용드론 제품화할 수 있는 중소기업(신규진입 희망기업 포함)
☞ 제품화 패키지 과제당 최대 150백만원 내외 지원(개발ㆍ제작비용, 국내외 인증 및 시험장비 사용 수수료)",기술,대전테크노파크,대전광역시,중소기업,중소기업,,,,,,,기술사업화/이전/지도,2026-05-11,2026-05-22,,온라인 접수 (대전기업정보포털),온라인 접수 (대전기업정보포털),https://www.bizinfo.go.kr/sii/siia/selectSIIA200Detail.do?pblancId=PBLN_000000000122043,main,primary,대전2026년방산혁신클러스터국방ㆍ드론분야기술사업화제품화패키지지원사업지원기업통합모집공고,대전테크노파크,2026-05-11~2026-05-22,기술,기술사업화/이전/지도
biz,PBLN_000000000122042,[대구] 2026년 기술혁신전문가(기술닥터) 지원사업 공고,"중소벤처기업부와 대구광역시가 지원하는「20206년 기술혁신전문가(기술닥터)지원사업」을 다음과 같이 공고하오니, 동 사업에 참여하고자 하는 지역 중소기업은 관련 절차에 따라 신청해 주시기 바랍니다.
☞ 지역 내 일반기업 및 대구 스타기업
① 일반기업 : 스타기업을 제외한 사업자등록 기준 본사 대구시 소재 창업 6개월 이상 중소기업으로 대구지역 주력산업(제조, 모빌리티) 및 전ㆍ후방 연관분야 기업
② 스타기업 : 대구시에서 지정한 '스타기업' 또는 'pre-스타기업'
☞ 기술닥터 애로기술자문
- 기초기술개발 : 원천기술 및 신기술 안정화 등
- 제품/공정개발(개선) : 제품 성능 및 품질 향상, 생산성 향상 및 비용절감 공정개발(개선) 등
- 시제품제작 : 시제품 제작을 위한 시금형 제작, 목업 제작 등
- 설계/시뮬레이션 : 판매 제품의 생산성 향상과 품질향상을 위한 제품 설계ㆍ시뮬레이션 지원 등
- (산업)디자인 : 제품 디자인 변경 및 개선, 제품용기ㆍ포장디자인 개선 등
- 시험ㆍ분석 : 제품 성능 시험, 분석, 인증 및 장비활용 수수료 등",경영,대구테크노파크,대구광역시,중소기업,중소기업,,,,,,,컨설팅,2026-05-07,2026-10-31,,이메일 접수(jgyj6201@dgtp.or.kr),이메일 접수(jgyj6201@dgtp.or.kr),https://www.bizinfo.go.kr/sii/siia/selectSIIA200Detail.do?pblancId=PBLN_000000000122042,main,primary,대구2026년기술혁신전문가기술닥터지원사업공고,대구테크노파크,2026-05-07~2026-10-31,경영,컨설팅
biz,PBLN_000000000122041,[부산] 2026년 2차 지식재산 긴급지원 사업 모집 공고,"지역 중소기업에 맞춤형 지식재산 서비스를 지원하는 ‘지식재산 긴급지원’사업의 2026년 시행 계획을 다음과 같이 공고하오니 사업에 참여하고자 하는 기업의 많은 신청 바랍니다.
☞ 부산 지역소재 중소기업(「중소기업 기본법」제2조 및 동법 시행령 제3조에 의거)
☞ 기업 당 2,000만원 이내 지식재산 긴급지원(특허, 디자인, 브랜드, 국내출원, 해외출원)
※ 자세한 지원내용 공고문 참조",경영,부산지식재산센터,부산광역시,중소기업,중소기업,,,,,,,컨설팅,2026-05-11,2026-05-29,,온라인 접수 (지원사업 신청시스템),온라인 접수 (지원사업 신청시스템),https://www.bizinfo.go.kr/sii/siia/selectSIIA200Detail.do?pblancId=PBLN_000000000122041,main,primary,부산2026년2차지식재산긴급지원사업모집공고,부산지식재산센터,2026-05-11~2026-05-29,경영,컨설팅
biz,PBLN_000000000122040,[서울] ESG 개방형 테스트베드 사업 참가기업 모집 공고,"서울에너지공사와 서울경제진흥원은 서울에너지공사의 에너지인프라를 활용하여 에너지ㆍ환경 분야의 혁신을 함께 이루어 갈 기업을 발굴하는 「ESG 개방형 테스트베드 사업」을 운영하고 있습니다. 혁신적인 기술력과 참신한 아이디어를 보유하고 있으며, 서울에너지공사와의 협업을 통해 기술 실증 및 사업화를 희망하는 기업의 많은 참여를 바랍니다.
☞ 서울 소재 창업 10년 미만 기업(법인)
- 서울에너지공사 모집 분야에 해당하는 기술을 보유한 스타트업, 혁신 기업 등
- 모집분야 : AI 신기술과 열원시설, 열수송관, 태양관, 전기차ㆍ수소차 충전 기타 자유주제와의 접목
☞ 혁신기술별 최대 2천만원 지원
- 서울에너지공사 부지, 시설 등 개방 인프라를 활용한 기술 실증 기회 제공",기술,서울경제진흥원,서울특별시,창업벤처,초기창업기업,,,,,,,기술사업화/이전/지도,2026-05-15,2026-06-05,,"온라인 접수 (서울경제진흥원)
※ 제출서류는 모두 PDF 형식, 파일당 용량 20MB 이내","온라인 접수 (서울경제진흥원)
※ 제출서류는 모두 PDF 형식, 파일당 용량 20MB 이내",https://www.bizinfo.go.kr/sii/siia/selectSIIA200Detail.do?pblancId=PBLN_000000000122040,main,primary,서울esg개방형테스트베드사업참가기업모집공고,서울경제진흥원,2026-05-15~2026-06-05,기술,기술사업화/이전/지도
biz,PBLN_000000000122039,[대구] 2026년 중소기업 밀집지역 생태계 공동회복 지원과제 수요기업 모집 연장 공고(대구 중소기업 밀집지역 위기대응 체계 구축사업),"중소벤처기업부와 대구광역시가 지원하는「2026년 대구 중소기업 밀집지역 위기대응 체계 구축사업」지역중소기업 밀집지역 생태계 공동회복 지원과제 (「2026년 대한민국 미래모빌리티엑스포(DIFA 2026)」 공동관 운영)를 다음과 같이 추진하며, 지원기업을 모집하오니 관심 있는 기업들의 많은 신청 바랍니다.
☞ 성서4차산업단지, 성서5차산업단지 소재 중소기업 中 자동차부품 업종 영위 중소기업(「중소기업기본법」제2조 및 시행령 제3조에 따른 중소기업)
☞ 대구 자동차부품 영위 중소기업 밀집지역 국내외 판로 개척 공동지원을 위한「2026년 대한민국 미래모빌리티엑스포」공동관 운영 및 구매상담회, 수출상담회 참가 지원
※ 자세한 지원내용 공고문 참조",기술,대구테크노파크,대구광역시,중소기업,중소기업,,,,,,,기술사업화/이전/지도,2026-05-11,2026-05-29,,이메일 접수 (hibig51@dgtp.or.kr),이메일 접수 (hibig51@dgtp.or.kr),https://www.bizinfo.go.kr/sii/siia/selectSIIA200Detail.do?pblancId=PBLN_000000000122039,main,primary,대구2026년중소기업밀집지역생태계공동회복지원과제수요기업모집연장공고대구중소기업밀집지역위기대응체계구축사업,대구테크노파크,2026-05-11~2026-05-29,기술,기술사업화/이전/지도
biz,PBLN_000000000122038,[경기] 시흥시 2026년 AIㆍDX 기반 기업 역량 강화 지원 참여 기업 모집 추가 공고,"시흥산업진흥원에서는 시흥시 중소기업의 AIㆍDX 도입 및 활용 역량 강화를 위해 「AIㆍDX 기반 기업 역량 강화 지원」의 참여기업을 추가 모집하오니, 관심 있는 기업들의 많은 참여 바랍니다.
☞ 시흥시 소재 중소기업(공고일 기준 시흥 내 본사 및 공장을 둔 중소기업)
☞ AIㆍDX 도입을 희망하는 중소기업을 대상으로 전문가 매칭 기반 현장 컨설팅 지원
- AIㆍ데이터 활용, 산업안전 AI, 생산공정 DX(스마트 제조), 품질관리ㆍ검사 자동화, AIㆍDX 도입 전략 및 로드맵 수립",경영,시흥산업진흥원,경기도,중소기업,중소기업,,,,,,,컨설팅,예산 소진시까지,,,온라인 접수(시흥산업진흥원),온라인 접수(시흥산업진흥원),https://www.bizinfo.go.kr/sii/siia/selectSIIA200Detail.do?pblancId=PBLN_000000000122038,main,primary,경기시흥시2026년aiㆍdx기반기업역량강화지원참여기업모집추가공고,시흥산업진흥원,예산 소진시까지~,경영,컨설팅
biz,PBLN_000000000122037,[서울] 2026년 뿌리기업 자동화 지원사업 참여기업 추가모집 공고,"서울시 뿌리기업과 기계금속 소공인의 노후화된 제조환경에 자동화 공정을 
지원하여 생산성 향상을 위한「2026년도 서울시 뿌리기업 자동화 지원사업」에
많은 참여를 부탁 드립니다.
☞ 서울시 뿌리기업, 서울시 기계금속 소공인
- 도입기업과 공급기업이 컨소시엄 구성하여 신청
- (도입기업) 서울시 뿌리기업 또는 서울시 기계금속 소공인
☞ 핵심 기술공정 자동화를 위한 신규 자동화 공정 구축, 기존 공정의 보완 및 공정 데이터 수집 등을 위한 고도화 지원
- 도입기업 1개사 당 최대 3,000만원 지원",기술,서울경제진흥원,서울특별시,중소기업,중소기업,,,,,,,기술사업화/이전/지도,2026-04-22,2026-05-29,,온라인 접수 (서울경제진흥원),온라인 접수 (서울경제진흥원),https://www.bizinfo.go.kr/sii/siia/selectSIIA200Detail.do?pblancId=PBLN_000000000122037,main,primary,서울2026년뿌리기업자동화지원사업참여기업추가모집공고,서울경제진흥원,2026-04-22~2026-05-29,기술,기술사업화/이전/지도
biz,PBLN_000000000122036,[세종] 2026년 한글로(路) 조치원 공간 운영 기업 모집 공고,"세종시×SBS <우리 동네 전성시대>에서는 한글문화가 창작ㆍ소비되고 문화와 관광이 어우러지는 「한글로(路) 조치원」으로 새롭게 조성되는 한글문화 거점 공간을 운영할 사업자를 다음과 같이 모집합니다.
☞ 사업대상지인 ‘세종특별자치시’에서 F&B 사업(카페, 베이커리)을 운영 중이거나 운영한 경력이 있는 개인 또는 사업자
- '세종특별자치시' 내 사업자 주소지를 두고 F&B사업(카페,베이커리)을 운영중이거나 운영한 경력이 있는 개인 또는 사업자
- 세종 특산물을 활용한  베이커리 메뉴 레시피를 보유하고 있거나 메뉴 개발 및 제조ㆍ판매(운영)가 가능하며, 메뉴 개발을 위한 전문가 교육 및 레시피 개발과정에 적극 참여ㆍ협조가 가능한자
- 공간 계약 후 3년 이상 운영 유지가 가능한 자
☞ 운영 공간 조성 및 공간 홍보 방송 프로그램 제작 지원",경영,세종창조경제혁신센터,세종특별자치시,소상공인,소상공인,,,,,,,시설/입지지원,2026-05-14,2026-06-12,,이메일 접수 (ydd23@ccei.kr),이메일 접수 (ydd23@ccei.kr),https://www.bizinfo.go.kr/sii/siia/selectSIIA200Detail.do?pblancId=PBLN_000000000122036,main,primary,세종2026년한글로路조치원공간운영기업모집공고,세종창조경제혁신센터,2026-05-14~2026-06-12,경영,시설/입지지원
biz,PBLN_000000000122035,2026년 로봇 기반 공간컴퓨팅 창업지원 예비창업 및 초기창업기업 지원기업 모집 공고,"과학기술정보통신부와 대구광역시가 지원하는「2026년 로봇기반 공간컴퓨팅 창업지원사업」의 예비창업(팀) 및 초기창업기업 지원을 위한 과제를 수행할 예비창업자 및 참여기업을 다음과 같이 모집하고자 하오니, 많은 신청 바랍니다.
☞  AIㆍ공간컴퓨팅, 로봇, XR 등 공간 기반 SW 개발 분야
- 초기창업 기업 : 사업자등록상 개업일을 기준으로 공고일 현재 창업 7년 이내의 기업(대구테크노파크 내(동구동대구로475)
입주 가능한 기업)
- 예비창업팀 : 공고일 기준 신청자 명의의 사업자등록 또는 법인 설립 등기가 없는 자들로 구성된 예비 창업팀(1명 이상)
☞ 개발 및 사업화 비용, 인건비 지원",창업,대구테크노파크,대구광역시,창업벤처,"예비창업자,초기창업기업",,,,,,,사업화지원,2026-05-12,2026-06-15,,이메일 접수 (petra@dgtp.or.kr),이메일 접수 (petra@dgtp.or.kr),https://www.bizinfo.go.kr/sii/siia/selectSIIA200Detail.do?pblancId=PBLN_000000000122035,main,primary,2026년로봇기반공간컴퓨팅창업지원예비창업및초기창업기업지원기업모집공고,대구테크노파크,2026-05-12~2026-06-15,창업,사업화지원
biz,PBLN_000000000122034,[전남] 2026년 홍콩 식품박람회(HKTDC Food Expo) 참가 희망기업 모집 공고,"전라남도는 2026 홍콩 식품박람회(HKTDC Food Expo 2026) 참가 지원으로 도내 우수 농수산 제품 전시ㆍ홍보, 바이어 발굴 및 수출을 확대하고자 박람회 참가 희망기업을 다음과 같이 모집하니 많은 신청 바랍니다.
☞ 도내 농수산 가공식품 생산ㆍ유통기업
- 전시품목 : 제과ㆍ제빵, 음료, 가공식품, 과일ㆍ야채, 해산물 등 식품 전반
☞ 부스 임차료 및 기본 장치비(100%), 통역비(100%), 단체교통비(100%), 왕복 항공료(기업당 1인 50%, 50만원 한도), 전시품 물류비(50만원 한도) 지원",판로/수출,한국무역협회광주전남지역본부,전라남도,중소기업,중소기업,,,,,,,해외진출,2026-05-14,2026-06-02,,"온라인 접수(①~④모두신청)
① 전라남도 수출정보망 로그인 후 ‘지원사업신청’ 클릭(링크)
② ‘바이 전라남도’ 온라인 플랫폼 제품 등록
③ 세부 신청사항 무역협회 온라인 신청(https://buly.kr/3YFVvOo)
④ 신청서류 이메일 제출(jaeho.kim@kita.or.kr)","온라인 접수(①~④모두신청)
① 전라남도 수출정보망 로그인 후 ‘지원사업신청’ 클릭(링크)
② ‘바이 전라남도’ 온라인 플랫폼 제품 등록
③ 세부 신청사항 무역협회 온라인 신청(https://buly.kr/3YFVvOo)
④ 신청서류 이메일 제출(jaeho.kim@kita.or.kr)",https://www.bizinfo.go.kr/sii/siia/selectSIIA200Detail.do?pblancId=PBLN_000000000122034,main,primary,전남2026년홍콩식품박람회hktdcfoodexpo참가희망기업모집공고,한국무역협회광주전남지역본부,2026-05-14~2026-06-02,수출,해외진출
biz,PBLN_000000000122033,[경기] 수원시 2026년 싱가포르ㆍ인도네시아 수출개척단 지원 참가기업 모집 공고,"수원시에서는 중동 전쟁 리스크에 대응하기 위한 시책으로, 「2026 중소기업 싱가포르ㆍ인도네시아 수출개척단」 참가 중소기업을 아래와 같이 모집하오니 많은 신청 바랍니다.
☞ 수원시 관내 소재 중소제조기업(유통기업 제외)
☞ 현지바이어-참가기업 간 1:1 매칭 비즈니스 상담, 통역, 항공비(1개사당 1인) 일부 지원 등",판로/수출,기초자치단체,경기도,중소기업,중소기업,,,,,,,시장개척,2026-05-06,2026-06-05,,이메일 접수 (jiwoo68@korea.kr),이메일 접수 (jiwoo68@korea.kr),https://www.bizinfo.go.kr/sii/siia/selectSIIA200Detail.do?pblancId=PBLN_000000000122033,main,primary,경기수원시2026년싱가포르ㆍ인도네시아수출개척단지원참가기업모집공고,기초자치단체,2026-05-06~2026-06-05,수출,시장개척
biz,PBLN_000000000122032,[대전] 2026년 2차 바이오 혁신신약 특화단지 운영사업 지원기업 모집 공고,"대전광역시와 대전테크노파크는 지역 내 바이오 혁신신약 개발 기업의 육성을 위한 지원 프로그램을 안내하오니, 해당 프로그램 참여를 희망하는 대전 바이오의약품 개발 기업의 많은 신청 바랍니다.
☞ 대전 바이오 혁신신약 특화단지 지정 구역 내 입주기업(대전 유성구)
- 본사, 공장, 연구소 중 1개 이상이 대전광역시 유성구에 소재하여야 함
- 대전 바이오 혁신신약 특화단지 산업 분야 해당 기업(단백질, 유전자, 세포, 재생치료제 개발 기업)
☞ 대전 바이오 혁신신약 특화단지 핵심 기업 맞춤 기술지원 (기업당 최대 26,363천원)
- 시제품개발 및 제작, 시험 및 성능 분석",기술,대전테크노파크,대전광역시,중소기업,중소기업,,,,,,,기술사업화/이전/지도,2026-05-13,2026-05-28,,온라인 접수(대전기업정보포털),온라인 접수(대전기업정보포털),https://www.bizinfo.go.kr/sii/siia/selectSIIA200Detail.do?pblancId=PBLN_000000000122032,main,primary,대전2026년2차바이오혁신신약특화단지운영사업지원기업모집공고,대전테크노파크,2026-05-13~2026-05-28,기술,기술사업화/이전/지도
biz,PBLN_000000000122031,[충북] 2026년 장애인기업 활동촉진(마케팅지원)사업 공고,"도내 장애인기업의 인지도 및 경쟁력 강화를 위한 「2026년 장애인기업 활동촉진(마케팅) 지원사업」에 참여할 기업을 아래와 같이 모집 공고하오니, 도내 장애인기업의 많은 관심과 참여를 바랍니다.
☞ 사업자등록증상의 본점 주소지가 충청북도인 장애인기업
☞ 제품 및 기업홍보를 위한 온ㆍ오프라인 홍보물 제작 지원",판로/수출,장애인기업종합지원센터,충청북도,장애인기업,기타,,,,,,,홍보지원,2026-05-18,2026-06-08,,"이메일 접수 (cby@debc.or.kr)
※ 메일 송신 후 유선 또는 SMS상으로 수신 확인 요망","이메일 접수 (cby@debc.or.kr)
※ 메일 송신 후 유선 또는 SMS상으로 수신 확인 요망",https://www.bizinfo.go.kr/sii/siia/selectSIIA200Detail.do?pblancId=PBLN_000000000122031,main,primary,충북2026년장애인기업활동촉진마케팅지원사업공고,장애인기업종합지원센터,2026-05-18~2026-06-08,내수,홍보지원
biz,PBLN_000000000122030,[충북] 단양군 2026년 CCU 전후방산업 기업지원 프로그램 수혜기업 모집 공고(시군구연고산업육성사업),"2026년 중소벤처기업부와 충청북도 및 단양군이 지원하는 시군구연고산업육성사업 수행자로 선정된 수행기관별 기업지원 프로그램을 안내 하오니, 참여를 희망하는 충청북도 단양군 중소기업의 많은 신청 바랍니다.
☞ CCU 및 전후방산업을 영위하는 단양군에 소재한 중소기업 (본사, 지사, 공장, 연구소 중 1개 이상 단양군 소재)
☞ 사업화 지원(제품 고급화, 해외 판로개척, 인증 컨설팅)
※ 자세한 지원내용 공고문 참조",기술,충북테크노파크,충청북도,중소기업,중소기업,,,,,,,기술사업화/이전/지도,2026-04-30,2026-05-20,,온라인 접수 (기업지원사업 관리시스템),온라인 접수 (기업지원사업 관리시스템),https://www.bizinfo.go.kr/sii/siia/selectSIIA200Detail.do?pblancId=PBLN_000000000122030,main,primary,충북단양군2026년ccu전후방산업기업지원프로그램수혜기업모집공고시군구연고산업육성사업,충북테크노파크,2026-04-30~2026-05-20,기술,기술사업화/이전/지도
biz,PBLN_000000000122029,2026년 하반기 2차 중소기업기술혁신개발사업 시행계획 공고,"「2026년도중소기업기술혁신개발사업」하반기(2차)시행계획을 다음과
같이 공고하오니, 동사업에 참여하고자 하는 중소기업은 사업 안내에 따라
신청하시기 바랍니다.
☞「중소기업기본법」제2조에서 정한 중소기업
- (글로벌선도
기술개발_수출지향형) 최근년도 매출액 50억원 이상이고 직ㆍ간접 수출실적이 100만불 이상인 중소기업
- (글로벌선도 기술개발_점프업) 25년~26년 「도약(Jump-up)프로그램」에 선정되어 R&D 연계지원을 희망하는 중소기업
- (중소기업
유망기술개발_소부장) 최근년도 매출액 20억원 이상인 중소기업
☞ 글로벌선도기술개발, 중소기업유망기술개발 지원
※ 자세한 지원내용 공고문 참조",기술,중소기업기술정보진흥원,전국,중소기업,중소기업,,,,,,,공동기술개발,2026-06-01,2026-06-15,,온라인 접수(범부처통합연구지원시스템),온라인 접수(범부처통합연구지원시스템),https://www.bizinfo.go.kr/sii/siia/selectSIIA200Detail.do?pblancId=PBLN_000000000122029,main,primary,2026년하반기2차중소기업기술혁신개발사업시행계획공고,중소기업기술정보진흥원,2026-06-01~2026-06-15,기술,공동기술개발
biz,PBLN_000000000122028,2026년 서울바이오허브⎼삼성바이오에피스 오픈이노베이션 프로그램 참여기업 모집 공고,"서울특별시가 조성하고, 한국과학기술연구원과 고려대학교가 운영하는 서울바이오허브에서 바이오ㆍ의료 스타트업 성장지원을 위한 삼성바이오에피스 오픈이노베이션 프로그램에 참여할 바이오ㆍ의료 스타트업을 아래와 같이 모집하오니 많은 신청 바랍니다.
☞ 공고일 기준 창업 8년 미만 바이오ㆍ의료 기업
- 모집분야 : 삼성바이오에피스 신규사업 및 연구, 기술 수요와 관련하여 협업 가능한 분야
☞ 삼성바이오에피스와의 기술 실증(PoC) 및 협업기회 발굴, 맞춤형 액셀러레이팅, 서울바이오허브 입주권 및 임대료 지원 등
※ 자세한 지원내용 공고문 참조",창업,한국과학기술연구원,서울특별시,창업벤처,초기창업기업,,,,,,,사업화지원,2026-05-13,2026-06-12,,온라인 접수 (서울바이오허브),온라인 접수 (서울바이오허브),https://www.bizinfo.go.kr/sii/siia/selectSIIA200Detail.do?pblancId=PBLN_000000000122028,main,primary,2026년서울바이오허브삼성바이오에피스오픈이노베이션프로그램참여기업모집공고,한국과학기술연구원,2026-05-13~2026-06-12,창업,사업화지원
biz,PBLN_000000000122027,2026년 C4IR Korea 멤버십 프로그램 참가기업 모집 공고,"경기도와 세계경제포럼(World Economic Forum, WEF)이 협력해 설립한 경기도 4차산업혁명센터(C4IR Korea)에서는 국내 전략 산업 분야 초기ㆍ성장 단계 스타트업의 글로벌 진출을 지원하기 위해 WEF 협력 기반 글로벌 네트워크 참여 및 역량 강화를 지원하는 「2026년 C4IR Korea 멤버십 프로그램」 참여기업을 모집하오니, 관심 있는 기업의 많은 참여 바랍니다.
☞ 누적투자 10억원 내외 초기ㆍ성장 단계 유망 기업
- 공고일 기준 국내에 소재지를 둔 초기ㆍ성장 단계 유망 분야 법인 기업
- 누적 투자액 약 10억원 내외 또는 투자 수준에 상응하는 기술력ㆍ사업성을 보유한 기업
- 전략산업 분야 및 유망산업 관련 기술 또는 서비스를 보유한 기업
※ 유망 산업 : AIㆍ반도체, 스마트제조, 기후, 바이오, 거브테크, 환경 등
- 초기ㆍ성장 단계 기업으로 글로벌 진출 의지 및 잠재력을 보유한 기업
- 프로그램 참여 및 후속 연계 활동 수행이 가능한 기업
☞ 기업 액셀러레이팅(기업진단), 네트워킹(센터 주최 행사 및 국내외 행사), 홍보ㆍ마케팅 지원
※ 자세한 지원내용 공고문 참조",창업,경기도경제과학진흥원,경기도,창업벤처,초기창업기업,,,,,,,사업화지원,2026-05-14,2026-06-05,,이메일 접수 (c4irkorea@gbsa.or.kr),이메일 접수 (c4irkorea@gbsa.or.kr),https://www.bizinfo.go.kr/sii/siia/selectSIIA200Detail.do?pblancId=PBLN_000000000122027,main,primary,2026년c4irkorea멤버십프로그램참가기업모집공고,경기도경제과학진흥원,2026-05-14~2026-06-05,창업,사업화지원
biz,PBLN_000000000122026,[경기] 하남시 2026년 소상공인 특례보증 지원 확대 계획 공고,"중동 전쟁으로 인한 대외 경제 불확실성 속에서 관내 소상공인의 자금난을 해소하고 경영 안정을 도모하고자 「2026년 하남시 소상공인 특례보증 지원 확대 계획」을 다음과 같이 공고합니다.
☞ 주 사업장이 하남시 관내에 소재하며, 사업경력이 2개월 이상 경과한 소상공인
- 금융여신 거래가능자 및 신용보증기관 심사기준에 적합한 자
☞ 특례보증 및 보증료 지원
- 특례보증 : 업체당 최대 5천만원 이내
- 보증료 : 특례보증시 발생하는 보증료 1% 지원",자금,경기신용보증재단,경기도,소상공인,소상공인,,,,,,,보증,예산 소진시까지,,,"방문, 온라인, 모바일 접수
- 접수처 : (13023) 경기도 하남시 검단산로 239, 경기창업혁신공간 1층
- 온라인 : 경기신용보증재단
- 모바일 : 경기신용보증재단 앱 Easy One 이용
※ 전화 후 방문(031-690-4555, 4560, 4563)","방문, 온라인, 모바일 접수
- 접수처 : (13023) 경기도 하남시 검단산로 239, 경기창업혁신공간 1층
- 온라인 : 경기신용보증재단
- 모바일 : 경기신용보증재단 앱 Easy One 이용
※ 전화 후 방문(031-690-4555, 4560, 4563)",https://www.bizinfo.go.kr/sii/siia/selectSIIA200Detail.do?pblancId=PBLN_000000000122026,main,primary,경기하남시2026년소상공인특례보증지원확대계획공고,경기신용보증재단,예산 소진시까지~,금융,보증
biz,PBLN_000000000122025,[경기] 2026년 소상공인 청년 창업 원스텝 모집 공고(예비 창업자),"도내 예비 청년 창업자 대상으로 창업아이디어 진단 강화를 통한 무분별한 창업을 방지하고, 창업계획력(교육, 컨설팅, 평가 등) 향상 및 경영안정성(이자비 지원 등) 확보를 통해 청년 창업성공률 증진에 기여하고자「2026년 소상공인 청년 창업 원스텝(예비 창업자)지원사업」 모집 공고합니다.
☞ 공고일 기준 경기도 1년 이상 거주자이며, 도내 창업을 희망하는 청년(19세 이상 ~ 39세 이하인 자)
- 창업분과 : 음식업, 도소매업(전자상거래업 포함), 서비스업, 제조업
☞ 창업역량교육, 창업 계획 진단 및 심화 컨설팅, 창업자금 이자비 지원(1년, 최대 3%, 최대 1백만원), 사업화 지원금(최대 1천만원 이내)",창업,경기도시장상권진흥원,경기도,창업벤처,"소상공인,청년,초기창업기업",,,,,,,예비창업자지원,2026-05-08,2026-05-31,,온라인 접수(경기바로),온라인 접수(경기바로),https://www.bizinfo.go.kr/sii/siia/selectSIIA200Detail.do?pblancId=PBLN_000000000122025,main,primary,경기2026년소상공인청년창업원스텝모집공고예비창업자,경기도시장상권진흥원,2026-05-08~2026-05-31,창업,예비창업자지원
biz,PBLN_000000000122024,[경기] 하남시 2026년 중소기업 특례보증 지원 확대 계획 공고,"중동 전쟁으로 인한 대외 경제 불확실성 속에서 관내 중소기업의 자금난을 해소하고 경영 안정을 도모하고자 「2026년 하남시 중소기업 특례보증 지원 확대 계획」을 다음과 같이 공고합니다.
☞ 중소기업기본법 제2조에 규정한 중소기업
☞ 특례보증 및 보증료 지원
- 특례보증 : 업체당 최대 3억원 이내(심사 거쳐 보증금액 확정)
- 보증료 : 특례보증시 발생하는 보증료 1% 이내 지원",자금,경기신용보증재단,경기도,중소기업,중소기업,,,,,,,보증,예산 소진시까지,,,"방문, 온라인, 모바일 접수
- 접수처 : (13023) 경기도 하남시 검단산로 239, 경기창업혁신공간 1층
- 온라인 : 경기신용보증재단
- 모바일 : 경기신용보증재단 앱 Easy One 이용
※ 전화 후 방문(031-690-4555, 4560, 4563)","방문, 온라인, 모바일 접수
- 접수처 : (13023) 경기도 하남시 검단산로 239, 경기창업혁신공간 1층
- 온라인 : 경기신용보증재단
- 모바일 : 경기신용보증재단 앱 Easy One 이용
※ 전화 후 방문(031-690-4555, 4560, 4563)",https://www.bizinfo.go.kr/sii/siia/selectSIIA200Detail.do?pblancId=PBLN_000000000122024,main,primary,경기하남시2026년중소기업특례보증지원확대계획공고,경기신용보증재단,예산 소진시까지~,금융,보증
biz,PBLN_000000000122023,[서울] 2026년 글로벌 리테일 채널(인도네시아ㆍ싱가포르) 진출사업 참여기업 모집 공고,"서울경제진흥원은 서울 소재 중소기업의 글로벌 시장 진출을 지원하고자, 해외 유력 리테일 채널과의 전략적 협력을 통해 판로 확대를 도모하는「글로벌 리테일 채널 진출 사업」참여기업을 모집하오니 많은 관심 바랍니다.
☞ 다음 자격을 모두 충족하는 기업
① 본사, 지사, 연구소 중 1곳 이상이 서울에 소재한 중소기업 
② 본 프로그램의 모집 분야에 해당하는 자체 브랜드(제품)을 보유한 기업 
③ 영어로 업무 소통이 원활한 C레벨 의사결정자가 참여 가능한 기업
- 모집분야 : 뷰티 및 푸드
☞ (입점연계) 인도네시아 오프라인 리테일 채널 입점 연계 및 바이어 매칭 지원
- (기업 세미나) 싱가포르 진출 및 동남아 사업 확장을 위한 온라인 세미나
- (수출지원) 수출 제반 사항 지원(현지 패키지 디자인 제작, BPOM 인증 취득 등)
- (홍보마케팅) 현지 온/오프라인(인플루언서 연계 홍보, 팝업스토어 등) 마케팅 지원
- (온/오프라인 프로그램) 우수 기업 대상 별도 1:1 전문 멘토링 및 현지 비즈니스 매칭 세션 제공
- (투자검토) 우수기업 대상 동남아 스케일업을 위한 싱가포르 VC 투자 검토",판로/수출,서울경제진흥원,서울특별시,중소기업,중소기업,,,,,,,해외진출,2026-05-14,2026-05-22,,온라인 접수(서울경제진흥원),온라인 접수(서울경제진흥원),https://www.bizinfo.go.kr/sii/siia/selectSIIA200Detail.do?pblancId=PBLN_000000000122023,main,primary,서울2026년글로벌리테일채널인도네시아ㆍ싱가포르진출사업참여기업모집공고,서울경제진흥원,2026-05-14~2026-05-22,수출,해외진출
biz,PBLN_000000000122022,[경북] 2026년 지역특화 콘텐츠개발 지역 로컬 콘텐츠 IP 마케팅 지원사업 추가 모집 공고,"경북문화재단 콘텐츠진흥원은 경상북도 내 특화된 소재를 활용하여 부가가치가 창출될 수 있는 콘텐츠를 개발하기 위하여 「2026 경상북도 지역특화 콘텐츠개발 지역 로컬 콘텐츠 IP 마케팅 지원사업 추가모집」을 다음과 같이 공고하오니 적극적인 관심과 많은 참여를 바랍니다.
☞ 공고일 기준 경상북도에 소재하고(사업자등록증 기준), 설립된 지 3년 이상의 콘텐츠 영리기업
-「문화산업진흥기본법」제2조 1호에 따른 “문화산업”을 영위하거나 동법 제2조 2호에 따른 “문화상품”을 생산ㆍ제작하는 공고일 기준 경상북도에 소재하고(사업자등록증 기준), 지역 로컬 콘텐츠 IP를 보유하고 있는 설립된 지 3년 이상의 콘텐츠 영리기업
☞ 홍보물ㆍ미디어 콘텐츠 제작, 박람회 참가, 온라인 마케팅, 기업교육 및 자문 프로그램 지원 (기업당 최대 20,000천원)
※ 자세한 지원내용 공고문 참조",판로/수출,경북문화재단 콘텐츠진흥원,경상북도,중소기업,중소기업,,,,,,,홍보지원,2026-05-14,2026-05-29,,온라인 접수 (e나라도움),온라인 접수 (e나라도움),https://www.bizinfo.go.kr/sii/siia/selectSIIA200Detail.do?pblancId=PBLN_000000000122022,main,primary,경북2026년지역특화콘텐츠개발지역로컬콘텐츠ip마케팅지원사업추가모집공고,경북문화재단콘텐츠진흥원,2026-05-14~2026-05-29,내수,홍보지원
biz,PBLN_000000000122021,[경남] 진주시 2026년 상반기 중소기업육성기금 지원계획 변경 2차 공고,"2026년 상반기 진주시 중소기업육성기금 지원 계획을 다음과 같이 변경 공고합니다.
☞ 진주시에 본사와 사업장을 둔 중소기업으로서 다음 중 어느 하나에 해당되어야 함
① 공장등록을 완료하고 제조전업률이 30% 이상인 제조업체 (제조전업률 = 손익계산서상 제품매출액/총매출액)
② 공장등록을 완료하고「중소기업협동조합법」제2조 1호 나목에 따른 중소기업협동조합
③ 소프트웨어 개발업체(한국표준산업분류코드 58221~58222)
☞ 업체별 융자한도 2억원 ~ 9억원 지원
※ (재해피해업체) 기존한도의 1.5배 이내(최대 11억 원)
※ 자세한 지원내용 공고문 참조",자금,기초자치단체,경상남도,중소기업,중소기업,,,,,,,융자,예산 소진시까지,,,"방문 또는 우편 접수
- 접수처 : (우)52789 진주시 동진로 155, 진주시 기업통상과(시청 3층)","방문 또는 우편 접수
- 접수처 : (우)52789 진주시 동진로 155, 진주시 기업통상과(시청 3층)",https://www.bizinfo.go.kr/sii/siia/selectSIIA200Detail.do?pblancId=PBLN_000000000122021,main,primary,경남진주시2026년상반기중소기업육성기금지원계획변경2차공고,기초자치단체,예산 소진시까지~,금융,융자
biz,PBLN_000000000122020,[세종] 2026년 상반기 세종창업키움센터 전문가컨설팅 프로그램 모집 공고,"세종창업키움센터에서는 세종시의 (예비)창업자 및 시민을 대상으로 사업화 능력을 강화할 수 있는 기회를 제공하고자 '2026년 세종창업키움센터 상반기 전문가 컨설팅 프로그램' 모집을 다음과 같이 공고하오니 많은 참여 바랍니다.
☞ (예비)창업자 또는 창업에 관심이 있는 일반시민
☞ 세무ㆍ회계, 법률, 산업재산권, 인사ㆍ노무, 사업계획 등 창업관련 전 분야 컨설팅(중복선택 가능) 지원",창업,세종창조경제혁신센터,세종특별자치시,창업벤처,초기창업기업,,,,,,,창업정보제공,2026-05-08,2026-06-30,,"이메일 접수 (jcp@ccei.kr)
※ 신청서 이메일 제목 : 2026년 전문가컨설팅 신청서_신청자명","이메일 접수 (jcp@ccei.kr)
※ 신청서 이메일 제목 : 2026년 전문가컨설팅 신청서_신청자명",https://www.bizinfo.go.kr/sii/siia/selectSIIA200Detail.do?pblancId=PBLN_000000000122020,main,primary,세종2026년상반기세종창업키움센터전문가컨설팅프로그램모집공고,세종창조경제혁신센터,2026-05-08~2026-06-30,창업,창업정보제공
biz,PBLN_000000000122019,[경북] 울진군 2026년 2차 블루(blue)푸드 산업 활성화 지원사업 기업지원 프로그램 참여기업 모집 공고(시군구연고산업육성 협업프로젝트),"2026년도 중소벤처기업부와 경상북도 및 울진군이 지원하는 시군구연고산업육성 협업프로젝트의 수행자로 선정된 수행기관별 지원 프로그램을 안내하오니, 해당 프로그램 참여를 희망하는 울진군 지역 중소기업의 많은 신청 바랍니다.
☞ 관내 블루푸드 관련 지역기업 중 해당 지원을 필요로 하는 기업
☞ 애로기술 개선 컨설팅, 사업화(마케팅 홍보, 품질규격 인증, 시제품 제작, 제품 및 포장디자인 고급화, 국내외 유통망 확대), 유망기업 패키지, 생산성 향상 지원
※ 자세한 지원내용 공고문 참조",경영,경북테크노파크,경상북도,중소기업,중소기업,,,,,,,디자인/상품화/사업화,2026-05-13,2026-05-27,,온라인 접수 (기업지원사업 관리시스템),온라인 접수 (기업지원사업 관리시스템),https://www.bizinfo.go.kr/sii/siia/selectSIIA200Detail.do?pblancId=PBLN_000000000122019,main,primary,경북울진군2026년2차블루blue푸드산업활성화지원사업기업지원프로그램참여기업모집공고시군구연고산업육성협업프로젝트,경북테크노파크,2026-05-13~2026-05-27,경영,디자인/상품화/사업화
biz,PBLN_000000000122018,2026년 추계(27S/S) 서울패션위크 참가 패션브랜드 모집 연장 공고,"「글로벌 유망 패션브랜드」를 세계적인 브랜드로 육성하여 고부가가치 패션산업의 활성화를 도모하고자 추진하는 2026년 추계 서울패션위크 참가를 희망하는 기업 브랜드를 다음과 같이 공개 모집하오니 많은 관심과 참여를 바랍니다
☞ 공고일 기준 1년 이상 (2025. 4. 17. 이전) 사업자등록 중소기업(소공인포함)
※ 자세한 지원대상 공고문 참조
☞ 패션쇼, 프레젠테이션 지원
※ 자세한 지원내용 공고문 참조",경영,직접수행,서울특별시,중소기업,중소기업,,,,,,,디자인/상품화/사업화,2026-04-24,2026-05-20,,온라인 접수 (서울패션위크),온라인 접수 (서울패션위크),https://www.bizinfo.go.kr/sii/siia/selectSIIA200Detail.do?pblancId=PBLN_000000000122018,main,primary,2026년추계27ss서울패션위크참가패션브랜드모집연장공고,직접수행,2026-04-24~2026-05-20,경영,디자인/상품화/사업화
biz,PBLN_000000000122017,[부산] 2026년 스타트업 오픈이노베이션 챌린지 공고,"부산창조경제혁신센터에서는 대ㆍ중견기업과 함께 개방형 혁신에 기여할 유망 스타트업을 발굴하여 비즈니스 매칭, 시장 검증, 사업 제휴 등의 기회를 제공하여 지속가능한 동반성장 동력을 마련하기 위한 ‘스타트업 오픈이노베이션 챌린지 In 부산 2026’을 다음과 같이 공고하오니 많은 신청바랍니다
☞ (공고일 기준) 부산 소재 업력 7년 미만 스타트업
※ 본사 외 부산 소재 사무소 및 연구실 보유 기업 신청 가능
※ 사업자등록증 개업연월일 2019년 5월 12일 이후 창업 기업 신청 가능
☞ 파트너사 내 PoC 연계ㆍ검토를 통한 테스트베드 기회 및 멘토링 제공, PoC지원금(기업 당 약 1,000만원 내외), 오픈이노베이션 행사 참여 및 네트워킹 기회 제공, 선정 스타트업 투자 연계 검토 지원",창업,부산창조경제혁신센터,부산광역시,창업벤처,"스타트업,초기창업기업",,,,,,,사업화지원,2026-05-12,2026-05-27,,온라인 접수 (부산창업포털),온라인 접수 (부산창업포털),https://www.bizinfo.go.kr/sii/siia/selectSIIA200Detail.do?pblancId=PBLN_000000000122017,main,primary,부산2026년스타트업오픈이노베이션챌린지공고,부산창조경제혁신센터,2026-05-12~2026-05-27,창업,사업화지원
biz,PBLN_000000000122016,[인천] 2026년 인도네시아 자카르타 산업기계전시회(Manufacturing Indonesia 2026) 참가기업 모집 공고,"인천광역시와 (재)인천테크노파크에서는 인천 관내 중소 제조기업의 해외 수출 판로개척 지원을 위하여「2026 인도네시아 자카르타 산업기계전시회」에 인천 단체관으로 참가할 기업을 모집하오니 해외시장 진출을 희망하는 관내 제조기업의 많은 신청 바랍니다.
☞ 본사 또는 공장이 인천에 소재한 중소 제조기업
- 전시품목 : 기계 부품, 금형, 하드웨어, 공장자동화 등 제조산업 관련
☞ 부스 임차료 및 장치비(70%), 운송비(1CBM, 편도) 지원",판로/수출,인천테크노파크,인천광역시,중소기업,중소기업,,,,,,,해외진출,2026-05-12,2026-05-26,,온라인 접수 (Biz-OK),온라인 접수 (Biz-OK),https://www.bizinfo.go.kr/sii/siia/selectSIIA200Detail.do?pblancId=PBLN_000000000122016,main,primary,인천2026년인도네시아자카르타산업기계전시회manufacturingindonesia2026참가기업모집공고,인천테크노파크,2026-05-12~2026-05-26,수출,해외진출
biz,PBLN_000000000122015,[인천] 2027년 CES 미국 라스베가스 소비재전자 전시회 참가업체 모집 공고,"인천광역시 및 인천테크노파크에서는 소비재전자 관련 완제품 및 자체 브랜드를 보유한 관내 기업의 시장개척을 위한「2027 미국 라스베가스 소비재전자 전시회(CES) 통합한국관(Global Pavilion)」참가 희망기업을 모집하오니, 관심 있는 기업의 많은 신청 바랍니다.
☞ 관내 본사 또는 공장을 보유하고 전년도 수출실적이 2천만불 이하인 중소제조업체
- 소비재 전자 관련 완제품, 자체 브랜드 보유 기업(OEM 불가)
- 전시품목 : 소비자 전자제품(AI, AR&VR, IoT, 스마트시티, 로봇, 헬스테크 등)
☞ 오픈형 부스(4∼6㎡) 임차ㆍ장치비 70% 내외, 운송료(해상운송/편도 1CBM 한도), 행정지원(부스임차, 협력사 선정ㆍ운영 등)
- 공동관 마케팅 및 홍보(디렉토리 및 쇼가이드, 온라인 전시관 구축, 바이어 리스트 제공), 기타 현장지원(간담회, 현장상담 등)",판로/수출,인천테크노파크,인천광역시,중소기업,중소기업,,,,,,,시장개척,2026-05-07,2026-06-05,,온라인 접수(Biz OK),온라인 접수(Biz OK),https://www.bizinfo.go.kr/sii/siia/selectSIIA200Detail.do?pblancId=PBLN_000000000122015,main,primary,인천2027년ces미국라스베가스소비재전자전시회참가업체모집공고,인천테크노파크,2026-05-07~2026-06-05,수출,시장개척
biz,PBLN_000000000122014,2026년 홍콩 소비재 메가쇼 전시회 수출 컨소시엄 참가기업 모집 공고,"국내 중소기업의 해외 시장 진출 및 수출 판로개척을 위하여 우리 기관에서는 「2026 홍콩 소비재 메가쇼 전시회 수출 컨소시엄」의 참가기업을 모집하오니 관심 있으신 기업 분들의 많은 참여 바랍니다.
☞ 중소기업기본법 제2조 및 시행령 제3조 따른 대한민국 중소기업
- 지원품목 : 식품 및 화장품 등 종합 소비재
☞ 부스임차료, 등록비 최대 70%, 물품 운송료 1CBM 편도 기준 100%, 홍콩 메가쇼 내 한국관(또는 통합한국관) 구성 운영 지원
- 사전설명회 및 교육/온라인 상담회 운영, 사전발굴 바이어 대상 1:1 미팅, 1:1 통역원 최대 50%, 바이어 후속상담 지원(바이어 초청 수출상담회 연계)",판로/수출,강원특별자치도경제진흥원,강원특별자치도,중소기업,중소기업,,,,,,,해외진출,2026-05-13,2026-05-22,,온라인 접수 (중소기업 해외전시포탈),온라인 접수 (중소기업 해외전시포탈),https://www.bizinfo.go.kr/sii/siia/selectSIIA200Detail.do?pblancId=PBLN_000000000122014,main,primary,2026년홍콩소비재메가쇼전시회수출컨소시엄참가기업모집공고,강원특별자치도경제진흥원,2026-05-13~2026-05-22,수출,해외진출
biz,PBLN_000000000122013,[경기] 하남시 2026년 식품안심업소 청소비 지원사업 신청 재공고,"2026년 식품안심업소 청소비 지원사업 신청 안내를 다음과 같이 공고합니다.
☞ 일반음식점 및 식사를 주로 조리ㆍ판매하는 휴게음식점
※ 단순 차ㆍ커피ㆍ음료 등을 판매하는 업소 및 제과점 지원 제외(경기도 지침)
- 자격요건 : 신청일 기준 식품안심업소 지정 후 1년 경과 업소
☞ 청소비 (업소당 최대 70만원) 지원
- 주방시설(덕트, 후드, 환풍기 등) 청소비 / 주방, 객석, 객실의 바닥, 벽 등 청소비 지원",경영,기초자치단체,경기도,소상공인,소상공인,,,,,,,시설/입지지원,2026-05-13,2026-05-29,,"이메일 또는 방문 접수
- 이메일 : dongheony@korea.kr
- 접수처 : 식품위생농업과 위생관리팀 (별관 5층)","이메일 또는 방문 접수
- 이메일 : dongheony@korea.kr
- 접수처 : 식품위생농업과 위생관리팀 (별관 5층)",https://www.bizinfo.go.kr/sii/siia/selectSIIA200Detail.do?pblancId=PBLN_000000000122013,main,primary,경기하남시2026년식품안심업소청소비지원사업신청재공고,기초자치단체,2026-05-13~2026-05-29,경영,시설/입지지원
biz,PBLN_000000000122012,[강원] 속초시 2026년 전시박람회 참가 지원사업 참가기업 모집 추가 공고,"속초시 관내 중소기업의 제품 홍보 및 판로 확대를 위하여 추진하는 「2026년 속초시 전시박람회 참가 지원사업」의 참가기업을 아래와 같이 모집하오니 많은 신청 바랍니다.
☞ 속초시 소재 중소 제조기업
☞ 부스임차료 및 장치비, 비품 임차료(냉장쇼케이스, 진열대 등) 지원",판로/수출,강원특별자치도경제진흥원,강원특별자치도,중소기업,중소기업,,,,,,,오프라인,2026-05-13,2026-05-28,,이메일 접수 (gpdls72@gwep.or.kr),이메일 접수 (gpdls72@gwep.or.kr),https://www.bizinfo.go.kr/sii/siia/selectSIIA200Detail.do?pblancId=PBLN_000000000122012,main,primary,강원속초시2026년전시박람회참가지원사업참가기업모집추가공고,강원특별자치도경제진흥원,2026-05-13~2026-05-28,내수,오프라인
biz,PBLN_000000000122011,2026년 홈로봇가전 시제작 지원 기업 추가모집 공고,"홈로봇가전 특화 부품ㆍ제품 개발의 상용화 촉진을 위해 개발, 제조에 이르는 과정을 지원해드리는 사업입니다.
☞ 홈로봇가전 관련 기업
☞ 시제작 지원(전자보드)
- 전자 회로(아트웍) : PCB 아트웍 설계, 수정 등 전자보드 제작 관련 기술 지원
- 전자 보드 제작(SMT) : 표면실장, 조립, 검사 지원",기술,한국전자정보통신산업진흥회,전국,중소기업,중소기업,,,,,,,기술사업화/이전/지도,2026-05-11,2026-05-22,,이메일 접수 (yes@gokea.org),이메일 접수 (yes@gokea.org),https://www.bizinfo.go.kr/sii/siia/selectSIIA200Detail.do?pblancId=PBLN_000000000122011,main,primary,2026년홈로봇가전시제작지원기업추가모집공고,한국전자정보통신산업진흥회,2026-05-11~2026-05-22,기술,기술사업화/이전/지도
biz,PBLN_000000000122010,[인천] 2026년 6차 중소기업육성자금 경영안정자금(이자차액보전) 지원 공고,"「인천광역시 중소기업경영안정자금 지원 및 운용조례」 제6조 규정 및 2026년 인천광역시 중소기업육성자금 지원계획과 관련하여 ‘2026년 인천광역시 중소기업육성자금 6차 지원(이차보전)’사업을 다음과 같이 공고합니다.
☞ 인천시 소재 공장을 운영중인 제조기업 또는 제조관련업 중소기업
- 신청일 현재 인천시 경영안정자금(이차보전) 잔여한도가 있는 기업
※ 자세한 지원대상 공고문 참조
☞ 은행 대출 운전자금의 이자차액보전 지원",자금,인천테크노파크,인천광역시,중소기업,중소기업,,,,,,,융자,예산 소진시까지,,,온라인 접수(bizOK),온라인 접수(bizOK),https://www.bizinfo.go.kr/sii/siia/selectSIIA200Detail.do?pblancId=PBLN_000000000122010,main,primary,인천2026년6차중소기업육성자금경영안정자금이자차액보전지원공고,인천테크노파크,예산 소진시까지~,금융,융자
biz,PBLN_000000000122009,2026년 APEC-VC 중소환경기업 기술 B2B 홍보ㆍ교육 컨텐츠 제작 지원 참여기업 모집 공고,"아ㆍ태지역 시장진출을 희망하는 ‘APEC-VC 중소환경기업 기술 B2B 홍보ㆍ교육 컨텐츠 제작 지원사업’의 참여기업 모집 계획을 다음과 같이 공고하오니, 관심 있는 기업의 많은 지원바랍니다.
☞ 우수 환경기술ㆍ제품을 보유한 국내 중소기업
☞ 우수 기술(제품) 관련 홍보ㆍ교육 동영상 제작, APEC-VC 국제환경기술교육센터 홈페이지 내 업체별 소개 페이지 개설, 동영상 탑재ㆍ홍보 지원",경영,한국환경산업기술원,경기도,중소기업,중소기업,,,,,,,디자인/상품화/사업화,2026-05-13,2026-05-29,,"이메일 접수 (cometrue@keiti.re.kr)
※ 우편 또는 오프라인 방문접수 불가","이메일 접수 (cometrue@keiti.re.kr)
※ 우편 또는 오프라인 방문접수 불가",https://www.bizinfo.go.kr/sii/siia/selectSIIA200Detail.do?pblancId=PBLN_000000000122009,main,primary,2026년apecvc중소환경기업기술b2b홍보ㆍ교육컨텐츠제작지원참여기업모집공고,한국환경산업기술원,2026-05-13~2026-05-29,경영,디자인/상품화/사업화
biz,PBLN_000000000122008,[경기] 연천군 2026년 우리동네 맑은공기 패키지 지원사업 공고,"「대기환경보전법」제81조 및 환경부 「소규모 사업장 방지시설 설치 지원사업 업무처리지침」에 따라 연천군 청산대전 산업단지 및 주변 운영 중인 소규모 사업장에서 발생하는 미세먼지, 악취 등 대기오염물질을 저감하고, 영세 사업장의 대기환경 규제 대응력 및 환경관리 역량 강화를 지원하기 위한 「2026년 연천군 우리동네 맑은공기 패키지 지원사업」을 아래와 같이 공고하오니 지원을 희망하는 중소기업은 경기대진테크노파크로 신청하여 주시기 바랍니다.
☞ 연천군 청산대전 산업단지 및 주변 운영 중인 소규모사업장
- 「중소기업기본법」시행령 제3조제1항에 따른 중ㆍ소기업
☞ 소규모사업장 방지시설 설치 및 개선 비용의 90% 지원",경영,경기대진테크노파크,경기도,중소기업,중소기업,,,,,,,시설/입지지원,2026-05-18,2026-06-12,,"방문 접수
- 접수처 : (11158)경기도 포천시 자작로155, 경기대진테크노파크 시험생산동 3층 303-2호
※ 방문 제출과 동시에 전자파일(PDF)로 이메일 추가 제출 요청
- 이메일 : rosa88@gdtp.or.kr
※ 자세한 신청방법 공고문 참조","방문 접수
- 접수처 : (11158)경기도 포천시 자작로155, 경기대진테크노파크 시험생산동 3층 303-2호
※ 방문 제출과 동시에 전자파일(PDF)로 이메일 추가 제출 요청
- 이메일 : rosa88@gdtp.or.kr
※ 자세한 신청방법 공고문 참조",https://www.bizinfo.go.kr/sii/siia/selectSIIA200Detail.do?pblancId=PBLN_000000000122008,main,primary,경기연천군2026년우리동네맑은공기패키지지원사업공고,경기대진테크노파크,2026-05-18~2026-06-12,경영,시설/입지지원
biz,PBLN_000000000122007,[충남] 2026년 FTA활용 수출기업 원산지 검증  대응 지원 컨설팅 사업 참가기업 모집 공고,"도내 수출 중소ㆍ중견기업의 원산지 검증 대응력 강화를 위해 협력업체 대상 FTA 활용 원산지 검증 대응 컨설팅을 지원하오니, 참여를 희망하는 기업의 많은 신청 바랍니다.
☞ 협력업체 5개 이상 보유하고 있는 충남 도내 수출 중소ㆍ중견기업
☞ 수출기업 협력사 대상 원산지검증 대비 맞춤형 컨설팅 지원",판로/수출,충남경제진흥원,충청남도,중소기업,중소기업,,,,,,,FTA활용/대응,예산 소진시까지,,,온라인 접수 (충남경제진흥원 통합지원시스템),온라인 접수 (충남경제진흥원 통합지원시스템),https://www.bizinfo.go.kr/sii/siia/selectSIIA200Detail.do?pblancId=PBLN_000000000122007,main,primary,충남2026년fta활용수출기업원산지검증대응지원컨설팅사업참가기업모집공고,충남경제진흥원,예산 소진시까지~,수출,FTA활용/대응
biz,PBLN_000000000122006,2026년 그린바이오 벤처 캠퍼스 기업지원 프로그램 수혜기업 모집 공고,"농림축산식품부, 경상북도, 포항시, (재)포항테크노파크에서는 국내 그린바이오 산업 6대 유망분야 중소벤처기업 창업ㆍ보육을 위한 거점시설인 그린바이오 벤처 캠퍼스를 조성하고 있으며, 향후 입주 (예정) 기업을 대상으로 아래와 같이 기업지원 프로그램을 공고하오니, 많은 관심과 참여 부탁드립니다.
☞「그린바이오산업 육성에 관한 법률」제7조에 근거하여, 그린바이오기업 신고서가 제출 완료된 중소벤처기업 또는 예비창업자
- 그린바이오 벤처 캠퍼스 입주 희망 기업 및 예비 창업자
※ 자세한 지원대상 공고문 참조
☞ 기업당 최대 36,400천원/기업 지원
- 그린바이오 상용화 기술개발, 기술 사업화, 그린바이오 글로벌 파트너링 지원",기술,포항테크노파크,경상북도,창업벤처,초기창업기업,,,,,,,기술사업화/이전/지도,2026-05-14,2026-05-22,,온라인 접수 (포항테크노파크),온라인 접수 (포항테크노파크),https://www.bizinfo.go.kr/sii/siia/selectSIIA200Detail.do?pblancId=PBLN_000000000122006,main,primary,2026년그린바이오벤처캠퍼스기업지원프로그램수혜기업모집공고,포항테크노파크,2026-05-14~2026-05-22,기술,기술사업화/이전/지도
biz,PBLN_000000000122005,[경북] 경산시 2026년 2차 첨단 스마트센서 기술고도화 지원 사업 공고,"경북 지역의 신산업 융합기술 발굴 및 첨단 스마트 센서 생태계 구축을 위하여 경상북도, 경산시의 협력으로 경북IT융합산업기술원에서 추진하는 「첨단 스마트센서 기술고도화 지원」 사업의 지원내용을 안내하오니 관심 있는 관련 기업의 많은 참여를 바랍니다.
☞ 경산 內 전기전자분야 센서 응용제품(부품) 관련 중소기업
- 최근 2년 평균 연매출2억 이상인 중소기업
- 상시 근로자 2인 인상인 중소기업(대표자 제외, 신규채용 예정인 경우 신규채용확약서 제출)
※ 신규채용 예정시 사업 종료 전까지 반드시 채용 및 미채용시 사업비 미지급
☞ 사업화(비R&D) 최대 15,000천원 이내 지원
- (필수) 시제품 제작 지원 / (선택) 소프트웨어 운영관리, 장비 임차비, 시험/인증, 지식재산권(특허, 상표, 디자인)",기술,경북IT융합산업기술원,경상북도,중소기업,중소기업,,,,,,,기술사업화/이전/지도,2026-05-12,2026-06-05,,"이메일 접수 (gitc_sensor@gitc.or.kr)
※ 직인날인 스캔본 제출
※ 이메일 송부 시 담당자 수취확인 필요","이메일 접수 (gitc_sensor@gitc.or.kr)
※ 직인날인 스캔본 제출
※ 이메일 송부 시 담당자 수취확인 필요",https://www.bizinfo.go.kr/sii/siia/selectSIIA200Detail.do?pblancId=PBLN_000000000122005,main,primary,경북경산시2026년2차첨단스마트센서기술고도화지원사업공고,경북it융합산업기술원,2026-05-12~2026-06-05,기술,기술사업화/이전/지도
biz,PBLN_000000000122004,[인천] 2026년 해외 진출 콘텐츠 사업화 지원 기업 추가모집 공고,"인천테크노파크에서는「2026 지역특화콘텐츠개발 지원사업」의 일환으로 인천 콘텐츠기업의 해외 진출을 위한 사업화 자금을 지원하고자 하오니, 콘텐츠 기업의 많은 참여 바랍니다.
☞ 글로벌 진출을 원하는 인천(본사) 콘텐츠기업
- 문화산업진흥기본법 제2조(정의)에 해당하는 산업을 영위하면서 만화(웹툰), 애니메이션, 캐릭터, 게임, 음악, 콘텐츠솔루션, 지식정보 등에 해당하는 콘텐츠를 자체 제작 및 개발하는 기업(단, 순수예술 및 단순공연, 영화, 광고, 출판, 산업디자인 제외)  
※ 자세한 지원대상 공고문 참조
☞ 인천 콘텐츠 기업의 해외 진출을 위한 사업화 자금(기업당 최대 10백만원) 지원
- 글로벌 진출 및 기업 성장을 위한 해외지식재산권 출원, 홍보물, 전시참가",판로/수출,인천테크노파크,인천광역시,중소기업,중소기업,,,,,,,해외진출준비,2026-05-13,2026-05-27,,온라인 접수 (e나라도움),온라인 접수 (e나라도움),https://www.bizinfo.go.kr/sii/siia/selectSIIA200Detail.do?pblancId=PBLN_000000000122004,main,primary,인천2026년해외진출콘텐츠사업화지원기업추가모집공고,인천테크노파크,2026-05-13~2026-05-27,수출,해외진출준비
biz,PBLN_000000000122003,[경북] 경주시 2026년 2차 e-모빌리티산업 생태계 고도화를 위한 기술지원 사업 모집 공고(시군구연고산업육성사업),"2026년도 중소벤처기업부와 경상북도 및 경주시가 지원하는 시군구 연고산업 육성사업 수행자로 선정된 수행기관별 지원 프로그램을 안내하오니, 해당 프로그램 참여를 희망하는 경주시 지역 중소기업의 많은 신청 바랍니다.
☞ 공고일 기준, 경주시 소재(본사, 공장 기준)한 중소기업으로 e-모빌리티부품 분야(기술) 제조기업 중 아래 ①, ② 사항 중 한가지 이상 해당되는 기업 신청 가능
① e-모빌리티 중 도로용 전기차(승용, 상용EV 등), 물류용 모빌리티(전기화물차, 자율배송 로봇 등), 농업ㆍ비도로용 전용 장비(전통 트랙터, 자주식 픽업기, 전동 작업기(분무, 파종) 등) 분야 중 한가지에 해당
② e-모빌리티 전력구동계, 배터리부품, 내ㆍ외장재(경량화 또는 친환경소재 적용 필수) 제조 분야 중 한가지에 해당
☞ 사업화(제품고급화(품질향상), 공백기술도출지원, 홍보마케팅, 인증) 지원
- 지원한도 : 시제품제작, 제품고급화 중복 신청 불가, 그 외 프로그램 중복신청 가능, 기업당 최대 5천만원 이내로 지원 신청
※ 자세한 지원내용 공고문 참조",기술,경북테크노파크,경상북도,중소기업,중소기업,,,,,,,기술사업화/이전/지도,2026-05-13,2026-05-26,,온라인 접수 (지역산업육성 기업지원사업 관리시스템),온라인 접수 (지역산업육성 기업지원사업 관리시스템),https://www.bizinfo.go.kr/sii/siia/selectSIIA200Detail.do?pblancId=PBLN_000000000122003,main,primary,경북경주시2026년2차e모빌리티산업생태계고도화를위한기술지원사업모집공고시군구연고산업육성사업,경북테크노파크,2026-05-13~2026-05-26,기술,기술사업화/이전/지도
biz,PBLN_000000000122002,[경북] 2026년 디지털전환 지원모델 확산사업 지역특화산업지원 참여기업 모집 공고,"경북테크노파크는 경상북도의 지역특화산업 디지털 전환을 통해 지역경제 활성화와 新 부가가치 창출을 목적으로 「2026 경북 디지털전환 지원모델 확산사업의 지역특화산업지원」을 공고하오니 지역기업의 많은 참여 부탁드립니다.
☞ 경상북도 안동시, 상주시, 의성군, 예천군, 고령군에 소재한 지역특화상품 제조ㆍ가공기업
☞ 디지털ㆍ플랫폼 시스템(생산ㆍ제조, 선별, 검사, 포장 등) 개발 및 디지털ㆍ플랫폼 개발 사항 전문가 멘토링 (3회 이내, 필수사항) 지원
※ 자세한 지원내용 공고문 참조",기술,경북테크노파크,경상북도,중소기업,중소기업,,,,,,,기술사업화/이전/지도,2026-05-13,2026-05-28,,온라인 접수 (경북테크노파크 홈페이지),온라인 접수 (경북테크노파크 홈페이지),https://www.bizinfo.go.kr/sii/siia/selectSIIA200Detail.do?pblancId=PBLN_000000000122002,main,primary,경북2026년디지털전환지원모델확산사업지역특화산업지원참여기업모집공고,경북테크노파크,2026-05-13~2026-05-28,기술,기술사업화/이전/지도
biz,PBLN_000000000122001,2026년 장수군 2차  레드푸드 전ㆍ후방기업 경쟁력 강화 및 스마트 농업 활성화 지원 사업 지원기업 모집 공고(시군구연고산업육성 협업프로젝트),"2026년도 중소벤처기업부와 전북특별자치도 및 장수군이 지원하는 시군구연고산업육성 협업프로젝트 수행자로 선정된 주관기관별 지원 프로그램을 안내하오니, 해당 프로그램 참여를 희망하는 장수군 지역 중소기업의 많은 신청 바랍니다.
☞ 공고일 기준 장수군 소재 (본사, 지사, 기업부설연구소, 공장등록 기준) 레드푸드(사과, 토마토, 오미자)산업ㆍ스마트 농업 전ㆍ후방 연관 중소기업
※ 현재 타지역 소재 기업이나, 본 사업 수행 기간 내 장수군으로 사업장 이전 (사업자 등록 완료)하기로 확약한 기업(단, 소재지 외 요건을 충족해야함)
※ 자세한 지원대상 공고문 참조
☞ 혁신화&성장촉진(경영ㆍ기술 컨설팅, 농가혁신 애로기술 컨설팅), 사업화(제품 고급화, 마케팅, 시험분석ㆍ인증, 지식재산권 획득), 생산성향상(농가혁신 현장애로), 패키지(패키지, 유망기업 패키지) 지원
※ 자세한 지원내용 공고문 참조",경영,전북테크노파크,전북특별자치도,중소기업,중소기업,,,,,,,디자인/상품화/사업화,2026-05-06,2026-05-27,,온라인 접수 (SMTECH 지역특화산업육성 기업지원사업 관리시스템),온라인 접수 (SMTECH 지역특화산업육성 기업지원사업 관리시스템),https://www.bizinfo.go.kr/sii/siia/selectSIIA200Detail.do?pblancId=PBLN_000000000122001,main,primary,2026년장수군2차레드푸드전ㆍ후방기업경쟁력강화및스마트농업활성화지원사업지원기업모집공고시군구연고산업육성협업프로젝트,전북테크노파크,2026-05-06~2026-05-27,경영,디자인/상품화/사업화
biz,PBLN_000000000121999,[제주] 2026년 2차 제주관광 콘텐츠 프로젝트 지원사업 모집 공고(지역산업맞춤형 일자리지원 사업),"(재)제주콘텐츠진흥원은 고용노동부, 제주특별자치도와 함께 제주 관광산업 경쟁력 강화 및 지속가능한 정규직 일자리 창출을 위한「2026 제주관광 콘텐츠 프로젝트 지원사업」을 공고하오니 많은 참여 바랍니다. 
☞ 신청일 기준 제주특별자치도 소재 관광지 운영사 및 콘텐츠 기업 등으로 구성된 컨소시엄 (본사ㆍ지사 포함)
☞ 도내 관광지에 콘텐츠 기업의 기술ㆍ기획 역량을 접목하여 관광 가치를 창출하는 모든 형태의 관광콘텐츠 융합 프로젝트 지원
- 프로젝트 수행 과정 내 신규 정규직 채용 연계 필수",경영,제주콘텐츠진흥원,제주특별자치도,중소기업,중소기업,,,,,,,디자인/상품화/사업화,2026-05-18,2026-05-29,,이메일 접수( wnsgur9558@ofjeju.kr),이메일 접수( wnsgur9558@ofjeju.kr),https://www.bizinfo.go.kr/sii/siia/selectSIIA200Detail.do?pblancId=PBLN_000000000121999,main,primary,제주2026년2차제주관광콘텐츠프로젝트지원사업모집공고지역산업맞춤형일자리지원사업,제주콘텐츠진흥원,2026-05-18~2026-05-29,경영,디자인/상품화/사업화
biz,PBLN_000000000121998,[제주] 2026년 관광콘텐츠 특화형 고용정착 및 인재육성 지원사업 참여기업 모집 수정공고(지역ㆍ산업맞춤형 일자리지원 사업(제주지역 자율계정)),"(재)제주콘텐츠진흥원은 고용노동부, 제주특별자치도와 도내 관광ㆍ콘텐츠 기업의 신규 정규직 채용을 지원하고, 안정적인 고용 유지와 정착 도모를 위한「2026 관광콘텐츠 특화형 고용정착 및 인재육성 지원사업」참여기업을 모집하오니 많은 참여 바랍니다.
☞ 사업자등록 상 사업장 소재지가 제주특별자치도이며, 대표자 제외 상시근로자 1명 이상(4대보험 가입)을 보유한 기업
- 채용 지원분야 : 관광 연계 콘텐츠 관련 직무 전반
※ 자세한 지원대상 공고문 참조
☞ 신규 정규직 채용시 1인당 월 최대 150만원, 교육, 모니터링 지원",인력/일자리,제주콘텐츠진흥원,제주특별자치도,중소기업,중소기업,,,,,,,고용환경개선,2026-04-06,2026-05-20,,이메일 접수 (abc@ofjeju.kr),이메일 접수 (abc@ofjeju.kr),https://www.bizinfo.go.kr/sii/siia/selectSIIA200Detail.do?pblancId=PBLN_000000000121998,main,primary,제주2026년관광콘텐츠특화형고용정착및인재육성지원사업참여기업모집수정공고지역ㆍ산업맞춤형일자리지원사업제주지역자율계정,제주콘텐츠진흥원,2026-04-06~2026-05-20,인력,고용환경개선
kst,177732,창업보육센터 지원,동국대학교 창업보육센터에서는 동국 블루칩으로써 성장과 발전을 함께 도모할 (예비)창업기업을 발굴 및 육성하기 위해 신규 입주기업 모집 공고를 진행하오니 입주를 희망하는 기업은 아래 공고를 참고하여 지원해주시기 바랍니다.,시설/공간,교육기관,전국,"대학생,일반인,대학,연구기관,일반기업,1인 창조기업","기업,누구나,예비창업자,청년,초기창업기업","만 20세 이상 ~ 만 39세 이하,만 40세 이상",,,"- 우수한 기술 또는 아이템을 보유한 플랫폼·AI 분야 예비창업자 또는 창업 7년 이내 초기 창업기업
※ 공고일 기준이며, 예비창업자는 입주 후 3개월 이내 사업자 등록 가능자

- 입주 확정 시, 본점 소재지를 창업보육센터로 이전 가능한 기업
※ 단, 사업자 시설 활용 및 공동연구 목적으로 기업부설연구소 또는 연구개발전담부서(지사)가 입주하는 경우 본사가 입주한 것으로 간주

- 아래의 지원 제한 사항에 포함되지 않는 기업
※ 동종 업종으로 폐업한 후 3년(부도·파산은 2년)이 경과하지 않은 기업
※ 한국표준산업분류 세세분류코드 기준

- 창업지원 제외 업종 운영 기업 (일반유흥주점업, 무도유흥주점업, 기타 사행시설 관리 및 운영업)
- 소음, 진동, 폐수, 매연 등 공해유발 업종/ 국세·지방세 체납 중인 기업 또는 금융기관 신용불량 거래자",,"예비창업자,1년미만,2년미만,3년미만,5년미만,7년미만",시설ㆍ공간ㆍ보육,20260520,20260608,,,이메일 접수: 공고문 확인 필요,https://www.k-startup.go.kr/web/contents/bizpbanc-ongoing.do?schM=view&pbancSn=177732,main,primary,창업보육센터지원,교육기관,20260520~20260608,시설ㆍ공간ㆍ보육,시설ㆍ공간ㆍ보육
kst,177731,1인 창조기업 지원센터,㈜오피스허브 1인 창조기업 지원센터 입주기업 모집을 아래와 같이 공고합니다.,시설/공간,민간,전국,"청소년,대학생,일반인,대학,연구기관,일반기업,1인 창조기업","기업,누구나,예비창업자,청년,초기창업기업","만 20세 미만,만 20세 이상 ~ 만 39세 이하,만 40세 이상",,,예비창업자 및 창업 7년 이내 기업,,"예비창업자,1년미만,2년미만,3년미만,5년미만,7년미만",시설ㆍ공간ㆍ보육,20260520,20260527,,,이메일 접수: 공고문 확인 필요,https://www.k-startup.go.kr/web/contents/bizpbanc-ongoing.do?schM=view&pbancSn=177731,main,primary,1인창조기업지원센터,민간,20260520~20260527,시설ㆍ공간ㆍ보육,시설ㆍ공간ㆍ보육
kst,177730,2026 지역창업 페스티벌 연계 제102회 대전창업포럼,"안녕하세요, 대전창조경제혁신센터입니다.
「2026 스타트업 코리아 투자위크 (Startup Korea Investment Week)」는 국내 최대 규모의 지역 기반 골목형(Alley) 투자유치 행사로 유망 스타트업과 국내외 투자자 간 전략적 네트워킹과 실질적 투자 유치 연계를 지원합니다.
저희 센터에서는 올해로 4회차를 맞이한 이번 2026 스타트업 코리아 투자위크 진행과 관련, 중소벤처기업부의 2026 지역창업 페스티벌과 연계하여 오는 6월부터 사전붐업 행사를 거쳐 9월 본행사까지의 대장정을 시작합니다.
첫번째 행사로 이번 「제102회 대전창업포럼(K-콘텐츠)」를 개최하오니 투자자 분들의 많은 관심과 참여 바랍니다.",행사/네트워크,공공기관,대전광역시,"청소년,대학생,일반인,대학,연구기관,일반기업,1인 창조기업","기업,누구나,청년,초기창업기업","만 20세 미만,만 20세 이상 ~ 만 39세 이하,만 40세 이상",,,"「2026 지역창업 페스티벌 연계 제102회 대전창업포럼」 IR 데모데이 및 투자사 1:1 밋업 프로그램에 참여를 희망하는 투자사

* 스타트업, 유관기관 및 창업에 관심 있으신 일반 시민분들은 별도의 공고를 통해 신청하시기 바랍니다.",,"예비창업자,1년미만,2년미만,3년미만,5년미만,7년미만,10년미만",행사ㆍ네트워크,20260519,20260529,,,온라인 접수: https://forms.gle/d9oabStexkyhioPR6,https://www.k-startup.go.kr/web/contents/bizpbanc-ongoing.do?schM=view&pbancSn=177730,main,primary,2026지역창업페스티벌연계제102회대전창업포럼,공공기관,20260519~20260529,행사ㆍ네트워크,행사ㆍ네트워크
kst,177729,26년 5월 스타트업 언론 홍보 지원사업 참가사 모집 공고(2차),스타트업 전문 매체 『스타트업데일리』에서 홍보에 어려움을 겪는 예비창업자/스타트업의 홍보 지원을 위해 다음과 같이 공고하오니 많은 참여 바랍니다.,창업,민간,전국,"청소년,대학생,일반인,대학,연구기관,일반기업,1인 창조기업","기업,누구나,스타트업,예비창업자,청년,초기창업기업","만 20세 미만,만 20세 이상 ~ 만 39세 이하,만 40세 이상",,,"1. 예비창업자
2. 창업 7년 이내 초기 기업

1. 이미 배포된 보도자료(중복)·동일한 내용으로 재보도(반복) 배포 불가
2. 단순 제품 홍보(건강기능식품, 화장품 등), 프로모션 홍보 등 과도한 광고성 문안 게재 불가",,"예비창업자,1년미만,2년미만,3년미만,5년미만,7년미만",사업화,20260519,20260531,,,이메일 접수: 공고문 확인 필요,https://www.k-startup.go.kr/web/contents/bizpbanc-ongoing.do?schM=view&pbancSn=177729,main,primary,26년5월스타트업언론홍보지원사업참가사모집공고2차,민간,20260519~20260531,사업화,사업화
kst,177727,경기 스타트업 아카데미 운영,메가존클라우드와 협업하여 'AWS Kiro로 Spec 기반 바이브코딩' 기술특강을 운영합니다.,교육/멘토링,공공기관,경기도,"청소년,대학생,일반인,대학,연구기관,일반기업,1인 창조기업","기업,누구나,스타트업,청년,초기창업기업","만 20세 미만,만 20세 이상 ~ 만 39세 이하,만 40세 이상",,,"도내 예비·초기창업자, 창업기업 재직자, 대학(원)생, 유관기관 등",,"예비창업자,1년미만,2년미만,3년미만,5년미만,7년미만,10년미만",멘토링ㆍ컨설팅ㆍ교육,20260519,20260529,,,온라인 접수: https://gsp.or.kr/supportProject/UVSD0001.do?sportSeq=6233,https://www.k-startup.go.kr/web/contents/bizpbanc-ongoing.do?schM=view&pbancSn=177727,main,primary,경기스타트업아카데미운영,공공기관,20260519~20260529,멘토링ㆍ컨설팅ㆍ교육,멘토링ㆍ컨설팅ㆍ교육
kst,177726,지역창업특화지원,칠곡군중장년기술창업센터에서는 창업에 대한 두려움해소와 실질적인 창업역량을 강화하기 위해 인큐베이팅 창업교육을 실시하고자하오니 많은 참여 바랍니다.,시설/공간,교육기관,경상북도,"일반인,1인 창조기업","누구나,예비창업자,초기창업기업","만 20세 이상 ~ 만 39세 이하,만 40세 이상",,,"예비창업자, 3년이내 기업 15명",,"예비창업자,1년미만,2년미만,3년미만,5년미만,7년미만,10년미만",시설ㆍ공간ㆍ보육,20260518,20260615,,,이메일 접수: 공고문 확인 필요,https://www.k-startup.go.kr/web/contents/bizpbanc-ongoing.do?schM=view&pbancSn=177726,main,primary,지역창업특화지원,교육기관,20260518~20260615,시설ㆍ공간ㆍ보육,시설ㆍ공간ㆍ보육
kst,177725,글로벌 스타트업이륙작전,화성산업진흥원은 글로벌 진출 역량을 보유한 창업기업(스타트업)을 대상으로 액셀러레이팅을 지원하는 「글로벌 스타트업 이륙작전」 사업을 시행하고자 합니다. 이에 미래의 지역 선도기업으로 성장할 기업의 많은 관심과 지원 바랍니다.,판로/수출,공공기관,경기도,"일반기업,1인 창조기업","기업,스타트업,초기창업기업","만 20세 미만,만 20세 이상 ~ 만 39세 이하,만 40세 이상",,,"공고마감일 기준 기술(업력 7년 이내)또는 10대 신산업(업력 10년 이내) 분야 화성시 개인 또는 법인 창업기업(스타트업)

세부사항 공고문 참조",,"7년미만,10년미만",글로벌,20260519,20260527,,,온라인 접수: https://platform.hsbiz.or.kr/business/detail/N/1216,https://www.k-startup.go.kr/web/contents/bizpbanc-ongoing.do?schM=view&pbancSn=177725,main,primary,글로벌스타트업이륙작전,공공기관,20260519~20260527,글로벌,글로벌
kst,177724,[성남산업진흥원] 폴란드 국제방위산업전시회 2026(MSPO 2026) 참관단 참가기업 모집,"성남산업진흥원은 관내 중소벤처기업의 방산분야 진출을 지원하기 위해 '폴란드 국제방위산업전시회 2026(MSPO 2026) 참관단' 참가 기업을 다음과 같이 모집하오니, 관내 기업들의 많은 관심과 신청 바랍니다.
* 전시회 참가가 아닌 참관 지원사업입니다.",판로/수출,공공기관,경기도,일반기업,기업,"만 20세 미만,만 20세 이상 ~ 만 39세 이하,만 40세 이상",,,"성남시 소재 방산업체로 등록된 기업 및 방산분야 진출 추진 중인 중소벤처기업(IT, AI, 로봇, 드론, 바이오 등) 10개사 이내

○ 단순 무역, 유통, 전시품목 비관련 업체
○ 신청일부터 참가 기간까지 기업 소재지(주된 사무소나 공장)가 성남시에 소재하지 않는 경우
○ 국세 및 지방세 체납업체(징수유예 포함)
○ NICE 신용조회가 불가하거나, 조회 결과 회수의문·휴폐업·부도에 해당하는 기업
○ 법정관리, 기업회생신청, 청산절차 등에 해당하는 기업
○ 동일 전시회로 타 기관 및 지자체의 지원금을 받는 기업 등
※ 자세한 내용은 모집공고 참고",,"1년미만,2년미만,3년미만,5년미만,7년미만,10년미만",판로ㆍ해외진출,20260514,20260608,,,온라인 접수: https://portal.snip.or.kr:8443/portal/snip/MainMenu/businessManagement/application.page?portlet=2026-0130&portlet2=4137&ptlYn=Y,https://www.k-startup.go.kr/web/contents/bizpbanc-ongoing.do?schM=view&pbancSn=177724,main,primary,성남산업진흥원폴란드국제방위산업전시회2026mspo2026참관단참가기업모집,공공기관,20260514~20260608,판로ㆍ해외진출,판로ㆍ해외진출
kst,177722,IP 나래 프로그램,창업 기업에게 보유기술의 독점적 권리 도출을 지원하고 지식재산기반 경영을 위한 기술경영 융‧복합 컨설팅을 제공하는 IP나래 프로그램 지원 기업을 다음과 같이 모집합니다.,교육/멘토링,공공기관,광주광역시,일반기업,기업,"만 20세 미만,만 20세 이상 ~ 만 39세 이하,만 40세 이상",,,"창업 후 7년 이내이며 기술을 보유한 중소기업
신산업창업 분야 10년 이내 중소기업(기술 해당 여부를 공고문에서 반드시 확인)",,"7년미만,10년미만",멘토링ㆍ컨설팅ㆍ교육,20260506,20260604,,,온라인 접수: https://pms.ripc.org/pms/biz/applicant/notice/info.do?noticeSeq=4628&bizYear=2026,https://www.k-startup.go.kr/web/contents/bizpbanc-ongoing.do?schM=view&pbancSn=177722,main,primary,ip나래프로그램,공공기관,20260506~20260604,멘토링ㆍ컨설팅ㆍ교육,멘토링ㆍ컨설팅ㆍ교육
kst,177720,2026 위치정보 보호조치 교육 홍보 요청,"방송미디어통신위원회와 한국인터넷진흥원이 추진하는 「2026년 위치정보 보호조치 교육」을 안내드립니다.
위치정보 활용 과정에서 법적 의무나 보호조치 이행 기준 등이 막연하게 느껴졌다면, 이번 교육을 통해 사업 운영에 필요한 기본 사항을 점검해보시기 바랍니다.",교육/멘토링,민간,전국,"대학생,일반인,대학,연구기관,일반기업,1인 창조기업","기업,누구나,청년,초기창업기업","만 20세 이상 ~ 만 39세 이하,만 40세 이상",,,"위치정보사업자, 위치기반서비스사업자 및 예비사업자 등 위치정보와 관련된 일을 하시는 모든 분들",,"예비창업자,1년미만,2년미만,3년미만,5년미만,7년미만,10년미만",멘토링ㆍ컨설팅ㆍ교육,20260519,20260526,,,온라인 접수: http://www.openitrun.com,https://www.k-startup.go.kr/web/contents/bizpbanc-ongoing.do?schM=view&pbancSn=177720,main,primary,2026위치정보보호조치교육홍보요청,민간,20260519~20260526,멘토링ㆍ컨설팅ㆍ교육,멘토링ㆍ컨설팅ㆍ교육
kst,177718,2026년 디지털 전환 실습 전문가 양성 교육,"(재)경기테크노파크가 주최하고 (주)그란코에서 주관하는
『2026년 디지털 전환 실습 전문가 양성 교육』을 소개합니다.
제조 현장에서는 데이터 수집, 공정 모니터링, 대시보드 구성, 3D 공정 시뮬레이션 등
디지털 전환 기술을 실제 업무에 적용할 수 있는 실무 역량의 중요성이 점차 높아지고 있습니다.
이에 제조 DX 핵심 기술을 실습 중심으로 학습하고,
현장에서 바로 활용 가능한 디지털 전환 실무 역량을 강화할 수 있도록
아래와 같은 교육 과정이 운영될 예정입니다.",교육/멘토링,민간,경기도,"일반기업,1인 창조기업","기업,초기창업기업","만 20세 이상 ~ 만 39세 이하,만 40세 이상",,,일반 산업 재직자 및 관련 업계 종사자,,"예비창업자,1년미만,2년미만,3년미만,5년미만,7년미만,10년미만",멘토링ㆍ컨설팅ㆍ교육,20260518,20260703,,,온라인 접수: https://forms.gle/frF9Yn6jZWWxkpXP9,https://www.k-startup.go.kr/web/contents/bizpbanc-ongoing.do?schM=view&pbancSn=177718,main,primary,2026년디지털전환실습전문가양성교육,민간,20260518~20260703,멘토링ㆍ컨설팅ㆍ교육,멘토링ㆍ컨설팅ㆍ교육
kst,177716,[서울바이오허브] 2026년 전문기관 연계형 기술·경영 컨설팅 지원 사업 수요기업 모집 공고,서울특별시에서 조성하고 한국과학기술연구원ㆍ고려대학교가 운영하는 ‘서울바이오허브’에서 보건·의료 산업 분야 창업기업이 사업화 과정에서 겪는 다양한 문제를 해결할 수 있도록 전문성을 보유한 전문기관과 창업기업을 연계하여 컨설팅을 지원하고자 하오니 관심있는 창업기업의 많은 신청 바랍니다.,교육/멘토링,공공기관,서울특별시,"청소년,대학생,일반인,대학,연구기관,일반기업,1인 창조기업","기업,누구나,청년,초기창업기업","만 20세 미만,만 20세 이상 ~ 만 39세 이하,만 40세 이상",,,"서울 소재 창업 10년 이내 보건·의료 산업 분야 창업기업

① 사업자등록을 하지 않거나 휴업, 폐업, 부도, 화의, 법정관리중인 기업 및 기관
② 국세 및 지방세 체납중인 기업 및 기관
③ 금융 불량거래처로 규제중인 기업, 기관 및 대표자
④ 기존 정부 및 서울시 사업 부실판정, 참여제한 등으로 제재 중인 기업 및 기관
⑤ 수행실적 확인이 불분명하거나 허위서류를 제출한 기업 및 기관",,"예비창업자,1년미만,2년미만,3년미만,5년미만,7년미만,10년미만",멘토링ㆍ컨설팅ㆍ교육,20260518,20260603,,,온라인 접수: https://www.seoulbiohub.kr/front/supportManageReq/supportManageView.do?seq=769&gubun=09&link_g_topmenu_id=310&link_g_submenu_id=310&link_g_homepage=F,https://www.k-startup.go.kr/web/contents/bizpbanc-ongoing.do?schM=view&pbancSn=177716,main,primary,서울바이오허브2026년전문기관연계형기술경영컨설팅지원사업수요기업모집공고,공공기관,20260518~20260603,멘토링ㆍ컨설팅ㆍ교육,멘토링ㆍ컨설팅ㆍ교육
kst,177715,「인천항만공사 동반성장 지원 프로그램」 2026년 창업기업 육성 지원사업 (연장)공고,"인천항만공사와 대‧중소농․어업협력재단, 인천대학교 창업지원단(아이엔유파트너스)은 혁신 스타트업의 성장과 일자리 창출을 위한 창업기업 육성 지원사업을 다음과 같이 공고합니다.",창업,공공기관,인천광역시,"일반인,일반기업","기업,누구나,초기창업기업","만 20세 미만,만 20세 이상 ~ 만 39세 이하,만 40세 이상",,,"1. 디지털 해상교통 정보산업 분야 창업 7년 이내 중소기업
2. 어촌·수산분야 AI·디지털 전환 창업 7년 이내 중소기업",,7년미만,사업화,20260518,20260531,,,이메일 접수: 공고문 확인 필요,https://www.k-startup.go.kr/web/contents/bizpbanc-ongoing.do?schM=view&pbancSn=177715,main,primary,인천항만공사동반성장지원프로그램2026년창업기업육성지원사업연장공고,공공기관,20260518~20260531,사업화,사업화
kst,177714,2026 여성특화 액셀러레이팅 프로그램 참여자 모집 공고,여성 특화 전문 창업기획자(액셀러레이터)를 통해 초기 유망 여성 스타트업(창업 7년미만)을 육성하는『여성특화 액셀러레이팅 프로그램』에 참여할 창업기업 모집을 다음과 같이 공고합니다.,창업,민간,전국,"청소년,대학생,일반인,대학,연구기관,일반기업,1인 창조기업","기업,누구나,여성,예비창업자,청년,초기창업기업","만 20세 미만,만 20세 이상 ~ 만 39세 이하,만 40세 이상",,,"기술기반 혁신아이템, 여성 특화 및 친화제품 등을 보유한 여성 예비창업자 및 창업 7년 미만 여성 창업기업

사업 공고문 내 신청제외 대상 확인 必",,7년미만,사업화,20260519,20260609,,,기타 접수: 해당 운영기관 이메일 제출 (공고문 확인),https://www.k-startup.go.kr/web/contents/bizpbanc-ongoing.do?schM=view&pbancSn=177714,main,primary,2026여성특화액셀러레이팅프로그램참여자모집공고,민간,20260519~20260609,사업화,사업화
kst,177713,2026년 지역성장 예비창업지원사업 참여 모집 공고,한국기술교육대학교 앵커사업단에서는 충청남도 지역 내 유망 창업 아이템을 보유한 예비창업자 및 신규 창업기업을 발굴·지원하고자「2026년 지역성장 예비창업지원사업」 참여자를 다음과 같이 모집하오니 많은 관심과 참여 바랍니다.,창업,교육기관,충청남도,"청소년,대학생,일반인,일반기업,1인 창조기업","기업,누구나,예비창업자,청년,초기창업기업","만 20세 미만,만 20세 이상 ~ 만 39세 이하,만 40세 이상",,,"■ 모집대상

 1. 지원자격
  - 충청남도 내 창업을 희망하는 예비창업자
  - 창업일이 2026. 3. 1. 이후인 충청남도 소재 창업기업

 2. 우대사항
  - 한국기술교육대학교 교원 및 재학생(수료생·졸업생 제외)
  - 신성장동력산업 분야 사업아이템을 추진 중인 예비창업자 또는 창업기업

   ※신성장동력산업 분야: 반도체·디스플레이,  친환경·모빌리티,  AI·융합 분야",,"예비창업자,1년미만",사업화,20260518,20260623,,,이메일 접수: 공고문 확인 필요,https://www.k-startup.go.kr/web/contents/bizpbanc-ongoing.do?schM=view&pbancSn=177713,main,primary,2026년지역성장예비창업지원사업참여모집공고,교육기관,20260518~20260623,사업화,사업화
kst,177712,2026 경기 지역특화콘텐츠개발지원 제작지원 기업 모집공고,"(재)경기콘텐츠진흥원에서는 ‘2026 경기 지역특화콘텐츠개발지원’ 사업을 통해 경기도의 특색을 담은 콘텐츠를 제작할 기업을 모집합니다.
관심 있는 기업의 많은 참여 바랍니다.",창업,공공기관,경기도,일반기업,기업,"만 20세 미만,만 20세 이상 ~ 만 39세 이하,만 40세 이상",,,"공고일(2026.5.15.) 현재 소재지가 경기도인 콘텐츠 기업
 ※ 콘텐츠  관련 기업만 지원 가능(부동산업 등 지원 불가)
 ※ 경기도 내 ‘본사/본점’ 소재한 기업만 지원 가능(지사/지점, 연구소 등 지원 불가)
 ※ 지역콘텐츠기업 제작역량 강화를 위한 역외기업과의 컨소시엄 가능
    · 주관기업 : 경기도 소재 콘텐츠 분야 중소기업(컨소시엄 구성 시 사업비 51% 이상)
    · 참여기업 : 경기도 및 경기도 외 지역 소재 기업(참여기업은 최대 1개까지 가능)
 ※ 주관기업, 참여기업 모두 제재사유가 없어야 함

※ 참가 자격 제한
① 공고일 기준(2026.05.15.) 본사가 경기도 내에 소재하는 중소기업이 아닌 경우
   ※ 협약 체결 시 중소벤처기업부에서 발급하는 ‘중소기업확인서’를 제출하여야 함
② 과업 종료일(2026.10.31.)까지 4대보험 가입자 3인 이상 구성을 완료할 수 없는 경우(대표자 포함, 4대보험 가입자명부 기준)
③ 신청일 현재 사업자가 한국콘텐츠진흥원의 콘텐츠지원사업에서 지원금을 직접 교부받아 추진 중인 과제가 총 2개 과제 이상인 경우(단, 당해연도에 동시에 수행할 수 있는 콘텐츠지원사업은 최대 2개로 제한하며, 지원규모 1억원 이하인 과제는 과제 수에서 제외)
④ 신청일 현재 경기콘텐츠진흥원에서 지원금을 직접 교부받아 추진 중인 과제가 총 2개 이상인 경우(단, 지원규모 2,500만원 이하의 과제는 과제 수에서 제외)
⑤ 당해연도 포함 최근 3년간 경기콘텐츠진흥원에서 교부받은 기업별 지원과제금액의 합계가 6억원 이상인 경우
⑥ 신청일 현재 동일한 과제로(과제 목표와 산출물이 동일한 경우) 한국콘텐츠진흥원 및 경기콘텐츠진흥원의 지원사업에 기 선정되어 지원금을 직접 교부받은 경우
⑦ 신청일 또는 이후 현재 국세 또는 지방세 체납사실이 있는 경우 
⑧ 직전년도(2025) 본 지원사업 수혜기업에 해당하는 경우(주관/참여기업 모두 지원 불가)
⑨ 보조사업 수행 등의 배제결정을 받은 기업, 대표자 및 책임자, 또는 보조금 수급의 제한을 받은 보조금수령자
⑩ 문화체육관광부장관 등 중앙행정관서의 장으로부터 참여제한 조치를 받은 기업, 대표자 및 책임자
⑪ 한국콘텐츠진흥원 및 경기콘텐츠진흥원의 상임 임원이 부임 직전에 재직했던 기업인 경우
⑫ 신청일 현재 사업자가 콘텐츠지원사업에 따라 발생한 정산반납 대상액(지원사업 정산결과에 따라 사업자가 기관에 납부하여야하는 금액) 및 기술료를 체납(매출조사 거부, 회피 등 포함)하고 있는 경우 
⑬ 신청일 현재 기업의 재무제표/신용도 평가 상의 이유로 이행보증증권(계약/선금/중도금/잔금 등)의 발행이 불가능한 경우",,"1년미만,2년미만,3년미만,5년미만,7년미만,10년미만",사업화,20260518,20260602,,,온라인 접수: http://buly.kr/7x8Uzrs,https://www.k-startup.go.kr/web/contents/bizpbanc-ongoing.do?schM=view&pbancSn=177712,main,primary,2026경기지역특화콘텐츠개발지원제작지원기업모집공고,공공기관,20260518~20260602,사업화,사업화
kst,177711,[강동구 청년해냄센터] 고덕비즈밸리 강동U1센터 청년창업공간 입주기업 모집,고덕비즈밸리 강동U1센터 청년창업지원공간 입주기업을 모집하오니 입주 희망자는 안내에 따라 신청하시기 바랍니다.,시설/공간,공공기관,서울특별시,일반기업,"기업,청년",만 20세 이상 ~ 만 39세 이하,20,39,"※ 기업 대표자 기준, 아래 조건 충족
- 연 령 : 19세∼39세 이하 청년 (1986.5.19. ~ 2007.5.18.)
- 주소지 : 입주 후 1개월 내 사업장(본사) 이전이 가능한 자
※ 거주지(주민등록지)가 강동구인자 우대(서류 심사 시 가점 1점 부여)
- 창업일 : 7년 미만 기창업자(사업자등록증 기준일 2019. 5.19. 이후 창업)
- 대표자 제외 상시 근로자 1인 이상인 기업
- 고덕 비즈 밸리 청년 창업지원 공간 지원받은 사실이 없는 자
 ※상세한 신청자격은 공고문 참

▷ 지원제외업종: 금융 및 보험업, 부동산업, 숙박, 음식점업, 무도장, 유흥접객영업
(주점 등), 스키장, 갬블링, 베팅업, 프랜차이즈업 등 지원이 부적합하다고 자체 판단 시
▷ 국세 또는 지방세 체납자 (단, 분납 등을 통해 체납세금을 유예하고 있거나 현재 납부하고 있는 경우 가능)
▷ 동일 또는 유사한 정부 및 지자체의 타 사업으로부터 동일기간 내 유사・중복 지원 수혜자
▷ 신청서 및 사업계획서를 허위로 기재한 자
▷ 성년후견인(금치산자) 및 한정 성년후견인(한정치산자)
▷ 기타 자체 심사위원회에서 지원 제외함이 타당하다고 인정하는 자",,7년미만,시설ㆍ공간ㆍ보육,20260518,20260601,,,이메일 접수: 공고문 확인 필요,https://www.k-startup.go.kr/web/contents/bizpbanc-ongoing.do?schM=view&pbancSn=177711,main,primary,강동구청년해냄센터고덕비즈밸리강동u1센터청년창업공간입주기업모집,공공기관,20260518~20260601,시설ㆍ공간ㆍ보육,시설ㆍ공간ㆍ보육
kst,177710,[성남산업진흥원] CES 2027 참가기업 모집,"성남시 및 성남산업진흥원은 관내 중소기업의 해외시장 판로개척 지원을 위해 '미국 소비자제품전시회(CES 2027)'참가 기업을 다음과 같이 모집하오니, 관내 기업들의 많은 관심과 신청 바랍니다.",판로/수출,공공기관,경기도,"일반기업,1인 창조기업","기업,초기창업기업","만 20세 미만,만 20세 이상 ~ 만 39세 이하,만 40세 이상",,,"성남시 소재 중소벤처기업 25개사 내외

○ 단순 무역, 유통, 전시품목 비관련 업체
○ 신청일부터 참가 기간까지 기업 소재지(주된 사무소나 공장)가 성남시에 소재하지 않는 경우
○ 국세 및 지방세 체납업체(징수유예 포함)
○ NICE 신용조회가 불가하거나, 조회 결과 회수의문·휴폐업·부도에 해당하는 기업
○ 법정관리, 기업회생신청, 청산절차 등에 해당하는 기업
○ 동일 전시회로 타 기관 및 지자체의 지원금을 받는 기업 등
※ 자세한 내용은 모집공고 참고",,"1년미만,2년미만,3년미만,5년미만,7년미만,10년미만",판로ㆍ해외진출,20260513,20260608,,,온라인 접수: https://portal.snip.or.kr:8443/portal/snip/MainMenu/businessManagement/application.page?portlet=2026-0128&portlet2=4152&ptlYn=Y,https://www.k-startup.go.kr/web/contents/bizpbanc-ongoing.do?schM=view&pbancSn=177710,main,primary,성남산업진흥원ces2027참가기업모집,공공기관,20260513~20260608,판로ㆍ해외진출,판로ㆍ해외진출
kst,177709,2026년 제조전문형 메이커스페이스 지원사업 메이킹 아카데미(제품화 지원) 신청기업 모집공고,경상남도에 소재한 제조분야 (예비)창업자를 대상으로 제조혁신을 이끌 핵심역량을 갖춘 우수기업으로 육성하고자 『메이킹 아카데미』 지원 대상자를 다음과 같이 모집하고자 합니다.,기술,공공기관,경상남도,"청소년,대학생,일반인,대학,연구기관,일반기업,1인 창조기업","기업,누구나,예비창업자,청년,초기창업기업","만 20세 미만,만 20세 이상 ~ 만 39세 이하,만 40세 이상",,,"지원분야: 경상남도 미래첨단산업* 분야 전후방 산업 제조업종 *우주, 항공, AAM, 수소, SMR, AI, 로봇, 바이오, 반도체 등
지원규모: 초기 창업기업 30개사 내외
지원자격 : 경남지역 내 소재한 예비창업자 또는 초기창업기업 *사업자등록증 상 소재지가 경남지역으로 기재된 업력 7년 이내 창업기업

기타 부도, 휴폐업, 국세(지방세) 체납처분, 채무불이행자, 파산‧회생기업, 자본전액잠식, 부채 1,000%이상, 국가R&D 참여제한 기업 및 대표자 
- 단, 회생인가를 받은 기업, 중소기업진흥공단 등으로부터 재창업 자금을 지원받은 기업 등 정부・공공기관으로부터 재기지원 필요성을 인정받은 자(기업)는 참여 가능
 ◦ 신청 과제가 경남TP 및 타기관의 기 지원된 과제와 유사・중복인 경우
 ◦ 제출 서류의 미비 또는 제출서류가 사실과 다른 경우
 ◦ 기타 본 사업에 적정하지 않다고 판단되는 경우",,"예비창업자,1년미만,2년미만,3년미만,5년미만,7년미만",기술개발(R&amp;D),20260512,20260602,,,"온라인 접수: https://www.gntp.or.kr/biz/applyInfo/3723
이메일 접수: 공고문 확인 필요",https://www.k-startup.go.kr/web/contents/bizpbanc-ongoing.do?schM=view&pbancSn=177709,main,primary,2026년제조전문형메이커스페이스지원사업메이킹아카데미제품화지원신청기업모집공고,공공기관,20260512~20260602,기술개발(R&D),기술개발(R&D)
kst,177708,「2026 서울 인디게임 개발 챌린지」 참여팀 모집,"서울경제진흥원(SBA)에서는 유망 인디게임 개발팀의 게임 상용화 지원 및 동반성장을 도모하고, 몰입형 집중 개발 환경을 제공하기 위해 「2026 서울 인디게임 개발 챌린지」를 개최합니다. 역량 있는 인디게임 개발팀의 많은 관심과 참여를 부탁드립니다.",행사/네트워크,공공기관,서울특별시,"청소년,대학생,일반인,대학,연구기관,일반기업,1인 창조기업","기업,누구나,청년,초기창업기업","만 20세 미만,만 20세 이상 ~ 만 39세 이하,만 40세 이상",,,게임 개발 역량을 갖춘 5인 이하의 팀,,"1년미만,2년미만,3년미만,5년미만,7년미만,10년미만",행사ㆍ네트워크,20260511,20260529,,,온라인 접수: www.sba.seoul.kr/Pages/BusinessApply/PostingDetail.aspx?p=0&mid=6c01c045-d24c-f111-b404-d4f5ef4a1e33,https://www.k-startup.go.kr/web/contents/bizpbanc-ongoing.do?schM=view&pbancSn=177708,main,primary,2026서울인디게임개발챌린지참여팀모집,공공기관,20260511~20260529,행사ㆍ네트워크,행사ㆍ네트워크
kst,177707,2026 관악S밸리 X 미림마이스터고 인재매칭 잡페어 참여기업 모집,"관악중소벤처진흥원은 미림마이스터고와 함께 「2026 관악S밸리 X 미림마이스터고 인재매칭 잡페어」를 개최합니다. 스타트업과 특성화고 인재를 연결해 우수 인재 발굴과 채용 연계를 지원하고, 학교-기업 간 협력 및 지역 창업 생태계 활성화를 추진하고자 하오니 많은 관심과 참여 바랍니다.",행사/네트워크,공공기관,서울특별시,"대학,연구기관,일반기업,1인 창조기업","기업,초기창업기업","만 20세 미만,만 20세 이상 ~ 만 39세 이하,만 40세 이상",,,관악구 소재 기업 및 공공기관,,"1년미만,2년미만,3년미만,5년미만,7년미만,10년미만",행사ㆍ네트워크,20260506,20260528,,,온라인 접수: https://docs.google.com/forms/d/e/1FAIpQLSdPaBVrlqEXypFeROLA-h9d6gOUxZcuEn8101h7lha5ODJktw/viewform,https://www.k-startup.go.kr/web/contents/bizpbanc-ongoing.do?schM=view&pbancSn=177707,main,primary,2026관악s밸리x미림마이스터고인재매칭잡페어참여기업모집,공공기관,20260506~20260528,행사ㆍ네트워크,행사ㆍ네트워크
kst,177706,서울창업허브 창동 운영,"급변하는 뉴미디어 시대, 브랜딩과 콘텐츠 전략을 한 단계 업그레이드할 수 있는 『2026 브랜딩·콘텐츠 세미나』를 개최하여 안내드립니다.
AI를 활용한 실무적인 콘텐츠 기획부터 브랜딩 전략까지 심도 있는 인사이트를 나눌 예정이오니, 여러분의 많은 관심과 참석 부탁드립니다.",시설/공간,민간,서울특별시,"일반기업,1인 창조기업","기업,초기창업기업","만 20세 미만,만 20세 이상 ~ 만 39세 이하,만 40세 이상",,,기업 성장 단계별 브랜드 전략 수립이 필요한 서울시 소재 초기·중장기 창업기업,,"예비창업자,1년미만,2년미만,3년미만,5년미만,7년미만,10년미만",시설ㆍ공간ㆍ보육,20260430,20260520,,,온라인 접수: https://www.startup-plus.kr/project/PRJ006949,https://www.k-startup.go.kr/web/contents/bizpbanc-ongoing.do?schM=view&pbancSn=177706,main,primary,서울창업허브창동운영,민간,20260430~20260520,시설ㆍ공간ㆍ보육,시설ㆍ공간ㆍ보육
kst,177705,[무료/선착순] 대구데이터역량강화교육 - 바이브코딩 웹 서비스 구현,대구디지털혁신진흥원과 메타코드가 바이브코딩 분야 취업 및 창업에 필요한 개념부터 실습까지 준비하였습니다. 관심 있는 분들은 신청 바랍니다.,교육/멘토링,민간,대구광역시,"청소년,대학생,일반인,대학,연구기관,일반기업,1인 창조기업","기업,누구나,예비창업자,청년,초기창업기업","만 20세 미만,만 20세 이상 ~ 만 39세 이하,만 40세 이상",,,"대학생,취업준비생,예비창업자 및 예비 개발자, 현직실무자",,"예비창업자,1년미만,2년미만,3년미만,5년미만,7년미만,10년미만",멘토링ㆍ컨설팅ㆍ교육,20260518,20260609,,,온라인 접수: https://forms.gle/55Fne3q1PWwwX6k4A,https://www.k-startup.go.kr/web/contents/bizpbanc-ongoing.do?schM=view&pbancSn=177705,main,primary,무료선착순대구데이터역량강화교육바이브코딩웹서비스구현,민간,20260518~20260609,멘토링ㆍ컨설팅ㆍ교육,멘토링ㆍ컨설팅ㆍ교육
kst,177704,2026년 대전·세종관광기업지원센터 입주기업 모집기간 연장 공고,"대전관광공사 대전·세종관광기업지원센터에서는 관광기업의 안정적인 사업 운영과 성장을 지원하고, 입주공간의 효율적 운영을 위하여 
「2026년 대전‧세종관광기업지원센터 입주기업 모집」 기간을 다음과 같이 연장 공고하오니 많은 관심과 참여 바랍니다.",시설/공간,공공기관,대전광역시,일반기업,기업,"만 20세 미만,만 20세 이상 ~ 만 39세 이하,만 40세 이상",,,"관광·여행·MICE 및 관광 연계 산업 분야 기업

1. 타 기관(정부·지자체·공공기관·대학 등)의 창업보육 또는 유사 입주 지원사업에 참여 중인 기업
2. 2026년도 타 기관 입주공간 지원사업 수혜 기업(단‧장기 포함)
3. 대전·세종관광기업지원센터 입주 수혜 이력이 있는 기업
  ※ 단기입주는 기존 수혜기업도 신청 가능하나, 당해연도 입주 수혜 기업 및 단기입주 누적 3회 이상 지원 기업은 제외
4. 금융기관 채무불이행 등 신용정보 등록·관리 대상 기업
5. 국세 또는 지방세 체납 중인 기업
6. 정부 및 공공기관 사업 참여 제한 조치를 받은 기업
7. 신청일 현재 휴업 또는 폐업 상태인 기업
8. 「중소기업창업 지원법」상 창업 제외 업종을 영위하는 기업
   (일반유흥주점업, 무도유흥주점업, 사행시설 관리 및 운영업 등)
9. 기타 주관기관장이 사업목적 및 운영 기준에 따라 참여 제한이 필요하다고 인정되는 기업",,"1년미만,2년미만,3년미만,5년미만,7년미만,10년미만",시설ㆍ공간ㆍ보육,20260429,20260529,,,이메일 접수: 공고문 확인 필요,https://www.k-startup.go.kr/web/contents/bizpbanc-ongoing.do?schM=view&pbancSn=177704,main,primary,2026년대전세종관광기업지원센터입주기업모집기간연장공고,공공기관,20260429~20260529,시설ㆍ공간ㆍ보육,시설ㆍ공간ㆍ보육
kst,177703,2026 펀딩인사이더 뉴욕 현지 제품 홍보 영상 무료 촬영 지원기업 모집,"펀딩인사이더는 해외 크라우드펀딩 진출을 준비하는 기업을 대상으로 뉴욕 현지 제품 홍보 영상 무료 촬영 지원사업을 다음과 같이 공고하오니, 참여를 희망하는 기업은 안내에 따라 신청하시기 바랍니다.",창업,민간,전국,"일반인,일반기업,1인 창조기업","기업,누구나,초기창업기업","만 20세 이상 ~ 만 39세 이하,만 40세 이상",,,"킥스타터, 인디고고 등 미국 크라우드펀딩 플랫폼 진출을 준비 중인 국내 기업
해외 시장 진출을 위한 미국 감성의 제품 홍보 영상 및 캠페인 콘텐츠가 필요한 기업
2026년 내 미국 크라우드펀딩 런칭을 계획 중인 기업

신청 내용이 허위로 확인되는 기업
해외 크라우드펀딩 런칭 목적과 무관한 단순 홍보 영상 제작 희망 기업
촬영 대상 제품 또는 서비스가 명확하지 않은 기업
선정 후 촬영 일정 및 자료 제출 협조가 어려운 기업
제품의 부피와 무게의 제한으로 현지 이송이 어려운 제품",,"예비창업자,1년미만,2년미만,3년미만,5년미만,7년미만,10년미만",사업화,20260518,20260531,,,이메일 접수: 공고문 확인 필요,https://www.k-startup.go.kr/web/contents/bizpbanc-ongoing.do?schM=view&pbancSn=177703,main,primary,2026펀딩인사이더뉴욕현지제품홍보영상무료촬영지원기업모집,민간,20260518~20260531,사업화,사업화
kst,177702,초격차 스타트업 프로젝트,"「초격차 스타트업 프로젝트」일환으로, 플랫폼 기업과의 협업을 통해 실제 고객ㆍ상권ㆍ금융 데이터를 활용한 AI 서비스 개발, 실증 및 플랫폼 연계 사업화를 지원하는 「모두의 챌린지-플랫폼」에 참여할 창업기업을 다음과 같이 모집합니다.",창업,공공기관,전국,일반기업,"기업,스타트업","만 20세 미만,만 20세 이상 ~ 만 39세 이하,만 40세 이상",,,데이터 분석ㆍAI 모델링ㆍ플랫폼 연동 기반 서비스 구현 역량을 보유한 창업 10년 이내 기업,,10년미만,사업화,20260519,20260608,,,온라인 접수: https://www.k-startup.go.kr/web/contents/webPMSBizUnvs.do?returnUrl=/screen/BMO0101M01?pbancId=0667101,https://www.k-startup.go.kr/web/contents/bizpbanc-ongoing.do?schM=view&pbancSn=177702,main,primary,초격차스타트업프로젝트,공공기관,20260519~20260608,사업화,사업화
kst,177701,2026 지역창업 페스티벌 연계 제102회 대전창업포럼,"(재)대전창조경제혁신센터는 지역의 투자•창업 생태계 활성화를 위해 2026 지역창업 페스티벌과 연계하여 제102회 대전창업포럼을 개최합니다.
이번 행사는 K-콘텐츠를 주제로 기업의 투자유치 및 성장을 위한 IR 데모데이, 1:1 밋업은 물론 K-콘텐츠와 관련한 다양한 분야의 인사이트를 공유하기 위한 특강과 토크콘서트 등 다양한 프로그램을 준비하였으니 K-콘텐츠에 관심있는 (예비)스타트업 및 시민들의 많은 참여와 관심 바랍니다.",행사/네트워크,공공기관,대전광역시,"청소년,대학생,일반인,대학,연구기관,일반기업,1인 창조기업","기업,누구나,청년,초기창업기업","만 20세 미만,만 20세 이상 ~ 만 39세 이하,만 40세 이상",,,제102회 대전창엄포럼(K-콘텐츠)에 관심있는 누구나 참여 가능,,"예비창업자,1년미만,2년미만,3년미만,5년미만,7년미만",행사ㆍ네트워크,20260518,20260608,,,온라인 접수: https://forms.gle/J9NpLu4rgg2bN2Nb7,https://www.k-startup.go.kr/web/contents/bizpbanc-ongoing.do?schM=view&pbancSn=177701,main,primary,2026지역창업페스티벌연계제102회대전창업포럼,공공기관,20260518~20260608,행사ㆍ네트워크,행사ㆍ네트워크
kst,177698,ZUZU X 에트리홀딩스 투자 집중검토,"한국전자통신연구원의 AI·통신·반도체 소자·양자 기술과 함께 미래를 만들어갈 혁신 스타트업을 찾습니다.
한국전자통신연구원(ETRI)이 설립한 AC/VC, 에트리홀딩스가 새로운 기술 혁신을 이끌 유망 기업을 모집합니다.
심사역이 직접 검토하는 스타트업 집중검토
- IR 자료를 업로드하면 심사역이 반드시 검토해요.
- 에트리홀딩스의 투자 방향과 맞는 기업에는 미팅 제안이 이어질 수 있어요.
- ZUZU 회원가입 후 IR 자료만 업로드하면 무료로 간편하게 신청할 수 있어요.",행사/네트워크,민간,전국,"청소년,대학생,일반인,대학,연구기관,일반기업,1인 창조기업","기업,누구나,청년,초기창업기업","만 20세 미만,만 20세 이상 ~ 만 39세 이하,만 40세 이상",,,"※지원 자격
- 투자 단계: Pre Seed ~ Seed 
- 딥테크, 소부장(광통신, 웨어러블, 반도체, 양자)",,"예비창업자,1년미만,2년미만,3년미만,5년미만,7년미만",행사ㆍ네트워크,20260518,20260619,,,온라인 접수: https://zuzu.network/resource/promotion/26-etriholdings-deal-sourcing/,https://www.k-startup.go.kr/web/contents/bizpbanc-ongoing.do?schM=view&pbancSn=177698,main,primary,zuzux에트리홀딩스투자집중검토,민간,20260518~20260619,행사ㆍ네트워크,행사ㆍ네트워크
kst,177697,2026년 뉴욕 Revenue-First 성장 프로그램 창업기업 모집공고,글로벌 경쟁력을 보유한 유망 창업기업의 뉴욕 현지 시장 진출 및 실질적 매출 성과 창출을 지원하는「2026 K-Startup 뉴욕 Revenue-First 성장 프로그램」에 참여할 창업기업을 다음과 같이 모집 공고합니다.,판로/수출,공공기관,전국,"청소년,대학생,일반인,대학,연구기관,일반기업,1인 창조기업","기업,누구나,청년,초기창업기업","만 20세 미만,만 20세 이상 ~ 만 39세 이하,만 40세 이상",,,"공고일 기준 업력 7년 미만의 뉴욕 기진출, 또는 진출을 계획하고 있는 창업기업(단, 신산업창업분야는 업력 10년 미만)
세부내용은 공고문 참조

세부내용은 공고문 참조",,"예비창업자,1년미만,2년미만,3년미만,5년미만,7년미만,10년미만",글로벌,20260519,20260604,,,온라인 접수: https://forms.gle/DntzHbr1yZXUqevT9,https://www.k-startup.go.kr/web/contents/bizpbanc-ongoing.do?schM=view&pbancSn=177697,main,primary,2026년뉴욕revenuefirst성장프로그램창업기업모집공고,공공기관,20260519~20260604,글로벌,글로벌
kst,177696,청년 소셜벤처 기업 육성사업,"인천의 도시문제를 해결할 수 있는 ‘소셜벤처’ 분야의 청년* 아이디어를 발굴하고, 고도화된 아이템 개발 및 전략 수립을 통해 우수한 청년 기업을 육성하는 「2026년 청년 소셜벤처기업 육성사업」에 참여할 (예비)창업자를 다음과 같이 모집합니다.",창업,공공기관,인천광역시,"청소년,대학생,일반인,대학,연구기관,일반기업,1인 창조기업","기업,누구나,예비창업자,청년,초기창업기업","만 20세 미만,만 20세 이상 ~ 만 39세 이하",,,"□ 신청자격

 ◦ 공고일(‘26.5.15.)* 기준 인천시 현안문제 관련 창업아이템을 보유한 청년(만 18세~39세)으로 신청자 명의의 사업자 등록(개인, 법인)이 없는 예비창업자 또는 7년 이내 기창업자

 ◦ 신분증 사본 제출 필수 (만18~39세(1986.5.16.~2008.5.15.이후 출생))

 ◦ 예비창업자 및 본사, 연구소 또는 지사가 인천에 소재한 기업
   ※ 타 지역 소재 기업의 경우 사업화 지원 기업으로 선발된 후부터 1개월 이내에 본사, 연구소   또는 지사 중 하나를 인천시로 필수 이전

▶ 중소기업창업지원법 시행령 제4조(창업에서 제외되는 업종)의 업종을 영위하고 있거나 또는 영위하고자 하는 자(기업)
1. 일반유흥주점업
2. 무도유흥주점업
3. 기타 사행시설 관리 및 운영업
4. 그 밖에 1~3에 준하는 업종으로서 중소벤처기업부령으로 정하는 업종
    * 대상 업종의 세부사항은 제10차 한국표준산업분류코드(통계청, kssc.kostat.go.kr) 참고",,"예비창업자,7년미만",사업화,20260515,20260605,,,이메일 접수: 공고문 확인 필요,https://www.k-startup.go.kr/web/contents/bizpbanc-ongoing.do?schM=view&pbancSn=177696,main,primary,청년소셜벤처기업육성사업,공공기관,20260515~20260605,사업화,사업화
kst,177695,2026년 글로벌 스케일업 인바운드 공통교육 참가자 모집,경상국립대학교 창업중심대학사업단에서는 글로벌 진출의 구체적인 준비 및 절차에 대해 어려움을 겪고 있는 (예비)창업기업에게 국가별 진출 전략 교육을 위한 2026「글로벌 스케일업 인바운드 공통교육」프로그램 참여자를 모집합니다. 기업의 글로벌 진출과 판로개척의 기반이 될 수 있는 본 교육에 많은 관심과 참여 바랍니다.,창업,교육기관,전국,"청소년,대학생,일반인,대학,연구기관,일반기업,1인 창조기업","기업,누구나,청년,초기창업기업","만 20세 미만,만 20세 이상 ~ 만 39세 이하,만 40세 이상",,,글로벌 진출을 희망하는 (예비)창업자,,"예비창업자,1년미만,2년미만,3년미만,5년미만,7년미만,10년미만",창업교육,20260518,20260520,,,온라인 접수: https://buly.kr/1wL9kj,https://www.k-startup.go.kr/web/contents/bizpbanc-ongoing.do?schM=view&pbancSn=177695,main,primary,2026년글로벌스케일업인바운드공통교육참가자모집,교육기관,20260518~20260520,창업교육,창업교육
kst,177694,제2회 스타트업 비즈니스 경진대회 참여기업 모집,"성남상공회의소는 우수 스타트업 발굴 및 성장 지원을 통한 창업 생태계 활성화 기여를 위해 를 진행합니다. 
전문성 및 적극적인 실행 능력을 겸비한 스타트업을 다음과 같이 모집하오니 많은 관심과 참여 바랍니다.",교육/멘토링,민간,경기도,"청소년,대학생,일반인,대학,연구기관,일반기업,1인 창조기업","기업,누구나,스타트업,청년,초기창업기업","만 20세 미만,만 20세 이상 ~ 만 39세 이하,만 40세 이상",,,유망 창업 아이템 및 기술력을 보유한 성남시 및 경기도 소재 창업 5년 미만 스타트업,,5년미만,멘토링ㆍ컨설팅ㆍ교육,20260518,20260608,,,이메일 접수: 공고문 확인 필요,https://www.k-startup.go.kr/web/contents/bizpbanc-ongoing.do?schM=view&pbancSn=177694,main,primary,제2회스타트업비즈니스경진대회참여기업모집,민간,20260518~20260608,멘토링ㆍ컨설팅ㆍ교육,멘토링ㆍ컨설팅ㆍ교육
kst,177692,천안시 거점형 스마트도시 조성사업 「2026년 천안시 어반테크기업 클라우드 바우처 지원사업」 참여기업 모집 재공고,천안과학산업진흥원은 민간 클라우드 바우처를 활용한 천안 관내 기업의 클라우드 인프라 강화를 위해 다음과 같이 참여기업을 모집 공고하오니 많은 참여 바랍니다.,창업,공공기관,충청남도,"청소년,대학생,일반인,대학,연구기관,일반기업,1인 창조기업","기업,누구나,청년,초기창업기업","만 20세 미만,만 20세 이상 ~ 만 39세 이하,만 40세 이상",,,"천안시 관내 본사, 지사, 공장 소재 어반테크기업",,"1년미만,2년미만,3년미만,5년미만,7년미만,10년미만",사업화,20260518,20260615,,,이메일 접수: 공고문 확인 필요,https://www.k-startup.go.kr/web/contents/bizpbanc-ongoing.do?schM=view&pbancSn=177692,main,primary,천안시거점형스마트도시조성사업2026년천안시어반테크기업클라우드바우처지원사업참여기업모집재공고,공공기관,20260518~20260615,사업화,사업화
kst,177691,창업보육센터 지원,한국외국어대학교 창업보육센터는 우수한 아이템과 혁신기술을 보유한 예비·신규창업자를 발굴 및 육성지원하기 위해 다음과 같이 창업기업 입주모집을 공고하오니 많은 관심과 참여 바랍니다.,시설/공간,교육기관,경기도,일반기업,"기업,예비창업자","만 20세 미만,만 20세 이상 ~ 만 39세 이하,만 40세 이상",,,"예비창업자, 3년미만 창업기업",,"예비창업자,3년미만",시설ㆍ공간ㆍ보육,20260518,20260607,,,"이메일 접수: 공고문 확인 필요
방문 접수: 경기도 용인시 처인구 모현읍  외대로 81, 한국외국어대학교 창업보육센터 203호",https://www.k-startup.go.kr/web/contents/bizpbanc-ongoing.do?schM=view&pbancSn=177691,main,primary,창업보육센터지원,교육기관,20260518~20260607,시설ㆍ공간ㆍ보육,시설ㆍ공간ㆍ보육
kst,177690,2026년 2차 판로확대 지원사업 소상공인 모집 공고,소상공인의 판로 확대와 매출 성장을 위해 쇼핑몰 통합관리 솔루션을 지원하는 「2026년 판로확대 지원」 사업을 다음과 같이 공고하오니 많은 관심과 참여 바랍니다.,판로/수출,민간,전국,"일반기업,1인 창조기업","기업,소상공인,초기창업기업","만 20세 미만,만 20세 이상 ~ 만 39세 이하,만 40세 이상",,,"소상공인

사업자등록증이 없거나 휴·폐업중인 사업체
정부지원 제한 대상 업종·품목 등 판매자(유흥/향락 등)
프랜차이즈 가맹본부 또는 가맹점(공정위 등록 가맹사업자 기준)",,"1년미만,2년미만,3년미만,5년미만,7년미만,10년미만",판로ㆍ해외진출,20260518,20260605,,,온라인 접수: https://heemangfdn.or.kr/layout/res/home.php?go=pds.list&pds_type=1&start=0&num=1406&s_key1=&s_head=&s_que=,https://www.k-startup.go.kr/web/contents/bizpbanc-ongoing.do?schM=view&pbancSn=177690,main,primary,2026년2차판로확대지원사업소상공인모집공고,민간,20260518~20260605,판로ㆍ해외진출,판로ㆍ해외진출
kst,177689,고려대기술지주(주) 판교인큐베이팅센터 입주기업 모집공고,"고려대학교기술지주는 판교지역에 신규 보육공간을 확보하고, 우수 기업의 입주 및 성장을 지원하고자 입주기업을 모집합니다. 
입주기업에는 공간 제공과 더불어 창업·사업화·투자연계 등 고려대학교기술지주의 보육 역량을 활용한 성장 지원이 제공될 예정이오니, 관심 있는 기업의 많은 신청 바랍니다.",시설/공간,민간,경기도,일반기업,기업,"만 20세 미만,만 20세 이상 ~ 만 39세 이하,만 40세 이상",,,기술창업 7년이내 창업자,,7년미만,시설ㆍ공간ㆍ보육,20260518,20260529,,,이메일 접수: 공고문 확인 필요,https://www.k-startup.go.kr/web/contents/bizpbanc-ongoing.do?schM=view&pbancSn=177689,main,primary,고려대기술지주주판교인큐베이팅센터입주기업모집공고,민간,20260518~20260529,시설ㆍ공간ㆍ보육,시설ㆍ공간ㆍ보육
kst,177687,2026년 제2회 ICT콤플렉스 스타트업 투자상담회 참가기업 모집,"ICT콤플렉스에서 유망 사업 아이템을 보유한 창업기업의 성장 지원을 위해 스타트업 투자상담회를 개최합니다.
투자유치를 희망하는 창업자분들의 많은 관심과 참여바랍니다.",교육/멘토링,민간,전국,"대학생,일반인,대학,연구기관,일반기업,1인 창조기업","기업,누구나,스타트업,청년,초기창업기업","만 20세 이상 ~ 만 39세 이하,만 40세 이상",,,ICT기술 기반의 창업 7년 이내 기업,,7년미만,멘토링ㆍ컨설팅ㆍ교육,20260514,20260610,,,이메일 접수: 공고문 확인 필요,https://www.k-startup.go.kr/web/contents/bizpbanc-ongoing.do?schM=view&pbancSn=177687,main,primary,2026년제2회ict콤플렉스스타트업투자상담회참가기업모집,민간,20260514~20260610,멘토링ㆍ컨설팅ㆍ교육,멘토링ㆍ컨설팅ㆍ교육
kst,177686,2026년도 조달청 벤처나라 입점 기관추천(7월~12월) 참가기업 모집공고,창업기업의 공공조달시장 진출 및 판로확대 지원을 위해 「2026년도 조달청 벤처나라 입점 기관추천(7월~12월)」참가기업을 다음과 같이 모집합니다.,판로/수출,공공기관,전국,"대학생,일반인,대학,연구기관,일반기업,1인 창조기업","기업,누구나,청년,초기창업기업","만 20세 이상 ~ 만 39세 이하,만 40세 이상",,,"「중소기업창업 지원법」제2조 및 동법 시행령 제2조에 따라 '창업기업 확인서' 발급기업 중 벤처나라제품 지정 대상 부합기업
* 상세 요건은 공고문 내 [2. 신청자격 및 제외대상] 참고

「벤처나라 등록 물품서비스 지정 관리 규정」에 의한 신청 제외 대상은 지정신청 불가",,7년미만,판로ㆍ해외진출,20260519,20260618,,,온라인 접수: https://www.k-startup.go.kr/web/contents/webPMSBizUnvs.do?returnUrl=/screen/BMO0101M01?pbancId=0665601,https://www.k-startup.go.kr/web/contents/bizpbanc-ongoing.do?schM=view&pbancSn=177686,main,primary,2026년도조달청벤처나라입점기관추천7월12월참가기업모집공고,공공기관,20260519~20260618,판로ㆍ해외진출,판로ㆍ해외진출
kst,177685,2026년 바이오·메디컬 히든스타 창업 아이템 경진대회 모집 공고,"동국대학교 BMC창업보육센터에서는 바이오·메디컬 분야의 우수한 창업 아이템을 발굴하고 유망 창업기업의 성장을 지원하기 위하여「바이오·메디컬 히든스타 창업 아이템 경진대회」를 개최하오니, 혁신적인 창업 아이템을 보유한 예비창업자(팀) 및 초기창업기업의 많은 관심과 참여 바랍니다.",행사/네트워크,교육기관,경기도,"대학생,일반인,일반기업,1인 창조기업","기업,누구나,예비창업자,청년,초기창업기업","만 20세 이상 ~ 만 39세 이하,만 40세 이상",,,바이오·메디컬 분야 창업 아이템을 보유한 예비창업자(팀) 및 초기창업기업(창업7년 이내),,"예비창업자,7년미만",행사ㆍ네트워크,20260515,20260705,,,이메일 접수: 공고문 확인 필요,https://www.k-startup.go.kr/web/contents/bizpbanc-ongoing.do?schM=view&pbancSn=177685,main,primary,2026년바이오메디컬히든스타창업아이템경진대회모집공고,교육기관,20260515~20260705,행사ㆍ네트워크,행사ㆍ네트워크
kst,177684,관광 오픈이노베이션 프로그램,2026 관광 오픈이노베이션 매칭데이(3차)를 아래와 같이 추진 예정이니 많은 관심 부탁드립니다.,창업,공공기관,전국,"청소년,대학생,일반인,대학,연구기관,일반기업,1인 창조기업","기업,누구나,청년,초기창업기업","만 20세 미만,만 20세 이상 ~ 만 39세 이하,만 40세 이상",,,관광 오픈이노베이션 참여를 원하는 기업,,"1년미만,2년미만,3년미만,5년미만,7년미만",사업화,20260515,20260520,,,온라인 접수: https://tally.so/r/xX4K7E,https://www.k-startup.go.kr/web/contents/bizpbanc-ongoing.do?schM=view&pbancSn=177684,main,primary,관광오픈이노베이션프로그램,공공기관,20260515~20260520,사업화,사업화
kst,177683,서울창업허브 공덕 (우수기업 발굴·육성),서울창업허브 키친인큐베이터에서는 F&B 유망기업의 해외판로 개척을 지원하고자 2026 도쿄 외식산업 박람회(FOOD STYLE Japan) 에 참여할 기업을 모집하오니 많은 신청바랍니다.,시설/공간,공공기관,서울특별시,"청소년,대학생,일반인,대학,연구기관,일반기업,1인 창조기업","기업,누구나,예비창업자,청년,초기창업기업","만 20세 미만,만 20세 이상 ~ 만 39세 이하,만 40세 이상",,,"서울시 소재 7년 이내 시제품을 보유 중인 F&B 스타트업
※ 박람회 현장(일본 됴쿄) 참가자 1인 이상 가능한 기업

예비창업자",,7년미만,시설ㆍ공간ㆍ보육,20260518,20260611,,,온라인 접수: www.startup-plus.kr/project/PRJ007001,https://www.k-startup.go.kr/web/contents/bizpbanc-ongoing.do?schM=view&pbancSn=177683,main,primary,서울창업허브공덕우수기업발굴육성,공공기관,20260518~20260611,시설ㆍ공간ㆍ보육,시설ㆍ공간ㆍ보육
kst,177682,2026 NHarvestX 농협중앙회 및 범농협계열사 오픈이노베이션,"?농협중앙회 및 범농협 계열사와 함께 농산업의 미래를 설계해 나갈 스타트업을 찾습니다.
NHarvestX는 농협중앙회와 한국농업기술진흥원이 주최하고 소풍커넥트가 운영하는 오픈이노베이션 프로그램입니다. 참여 스타트업은 범농협 계열사와 협업하여 농업·유통·식품 산업의 디지털 전환과 기술 융합 기반의 혁신 사례를 검증할 수 있습니다. 현업 전문가 협업과 실증(PoC) 기회를 통해 기술을 실제 산업에 적용하며, 새로운 농산업 생태계를 함께 만들어 나갈 스타트업을 모집합니다.",창업,민간,전국,"청소년,대학생,일반인,대학,연구기관,일반기업,1인 창조기업","기업,누구나,청년,초기창업기업","만 20세 미만,만 20세 이상 ~ 만 39세 이하,만 40세 이상",,,범농협 계열사의 수요기술로 현장에서 실증 가능한 스타트업,,"예비창업자,1년미만,2년미만,3년미만,5년미만,7년미만,10년미만",사업화,20260515,20260607,,,온라인 접수: www.nharvestx.net,https://www.k-startup.go.kr/web/contents/bizpbanc-ongoing.do?schM=view&pbancSn=177682,main,primary,2026nharvestx농협중앙회및범농협계열사오픈이노베이션,민간,20260515~20260607,사업화,사업화
kst,177680,경기 스타트업 아카데미 운영,"경기도 내 예비·초기 창업자를 대상으로 창업 준비부터 실무 역량 강화까지 창업의 단계별 필수 역량을 체계적으로 지원하여 창업 성공 가능성을 높이고, 실무 중심의 맞춤형 교육과 전문가 멘토링을 통해 혁신적이고 지속 가능한 스타트업을 육성하기 위한 「창업기초 및 투자유치 과정(상반기)」 참여자를 다음과 같이 모집합니다.",교육/멘토링,공공기관,경기도,"청소년,대학생,일반인,대학,연구기관,일반기업,1인 창조기업","기업,누구나,스타트업,청년,초기창업기업","만 20세 미만,만 20세 이상 ~ 만 39세 이하,만 40세 이상",,,"도내 예비·초기창업자, 창업기업 재직자, 대학(원)생, 유관기관 등",,"예비창업자,1년미만,2년미만,3년미만,5년미만,7년미만",멘토링ㆍ컨설팅ㆍ교육,20260515,20260608,,,온라인 접수: https://gsp.or.kr/supportProject/UVSD0001.do?sportSeq=6230,https://www.k-startup.go.kr/web/contents/bizpbanc-ongoing.do?schM=view&pbancSn=177680,main,primary,경기스타트업아카데미운영,공공기관,20260515~20260608,멘토링ㆍ컨설팅ㆍ교육,멘토링ㆍ컨설팅ㆍ교육
kst,177679,구로구 청년창업지원센터_일반 창업교육,"사업 아이템 및 비즈니스 모델을 체계적으로 정리하고, 정부지원사업·투자유치 등에 활용 가능한 사업계획서 작성 역량 강화를 위한 교육입니다.",교육/멘토링,지자체,서울특별시,"대학생,일반인,대학,연구기관,일반기업,1인 창조기업","기업,누구나,청년,초기창업기업",만 20세 이상 ~ 만 39세 이하,20,39,"19 ~ 39세 서울시 거주 청년 중 (예비)창업희망자 및 일반인

서울시 그 외 타 지역",,"예비창업자,1년미만,2년미만,3년미만",멘토링ㆍ컨설팅ㆍ교육,20260515,20260527,,,온라인 접수: https://hive.dongyang.ac.kr/lecture/list.do?menu_idx=10,https://www.k-startup.go.kr/web/contents/bizpbanc-ongoing.do?schM=view&pbancSn=177679,main,primary,구로구청년창업지원센터일반창업교육,지자체,20260515~20260527,멘토링ㆍ컨설팅ㆍ교육,멘토링ㆍ컨설팅ㆍ교육
kst,177678,정보보호 유니콘 기업 육성 프로그램 참여기업 모집,국내 정보보호 유니콘 후보 기업의 발굴·육성을 위한 「정보보호 유니콘 기업 육성 프로그램 참여기업 모집」을 아래와 같이 진행하오니 많은 관심 부탁드립니다.,교육/멘토링,공공기관,전국,일반기업,기업,"만 20세 미만,만 20세 이상 ~ 만 39세 이하,만 40세 이상",,,"글로벌 성장 잠재력을 보유한 국내 정보보호 기업 (비상장 기업에 한함)
 ※ AI For Security 또는 Security For AI 중 하나 이상에 해당하는 제품·서비스를 보유하고 있어야 함

상장기업(코스피·코스닥·코넥스 등)",,"예비창업자,1년미만,2년미만,3년미만,5년미만,7년미만,10년미만",멘토링ㆍ컨설팅ㆍ교육,20260512,20260527,,,이메일 접수: 공고문 확인 필요,https://www.k-startup.go.kr/web/contents/bizpbanc-ongoing.do?schM=view&pbancSn=177678,main,primary,정보보호유니콘기업육성프로그램참여기업모집,공공기관,20260512~20260527,멘토링ㆍ컨설팅ㆍ교육,멘토링ㆍ컨설팅ㆍ교육
kst,177677,「한글로(路) 조치원」 공간 운영 기업 모집 공고,세종시×SBS 에서는 한글문화가 창작·소비되고 문화와 관광이 어우러지는「한글로(路) 조치원」으로 새롭게 조성되는 한글문화 거점 공간을 운영할 사업자를 다음과 같이 모집합니다.,시설/공간,공공기관,전국,"청소년,대학생,일반인,대학,연구기관,일반기업,1인 창조기업","기업,누구나,청년,초기창업기업","만 20세 미만,만 20세 이상 ~ 만 39세 이하,만 40세 이상",,,"□ (신청자격) 아래 조건을 모두 충족하는 개인 또는 사업자
   - '세종특별자치시' 내 사업자 주소지*를 두고 F&B 사업(카페, 베이커리)을 운영 중이거나 운영한 경력이 있는 개인 또는 사업자
     * 협약 체결일로부터 30일 이내에 세종시에 사업자 주소지 등록 및 계약 종료까지 유지할 경우, 신청 가능
   - 세종 특산물을 활용한 베이커리 메뉴 레시피를 보유하고 있거나 메뉴 개발 및 제조·판매(운영)가 가능하며, 메뉴 개발을 위한 전문가 교육 및 레시피 개발 과정에 적극 참여·협조가 가능한 자
   - 공간 계약 후 3년 이상 운영 유지가 가능한 자
     ※ 단, 계약기간 중 임의 포기 또는 중도 퇴거 시, 코레일 내부규정에 따라 시설 원상복구 비용 및 손해배상 등이 발생할 수 있음

① 소상공인 정책자금 지원제외 업종을 영위하고 있거나 또는 영위하고자 하는 자(기업)
② 금융기관 등으로부터 채무불이행으로 규제중인 자(기업)
  * 신청마감일까지 신용회복위원회 프리‧개인워크아웃 제도에서 채무조정합의서를 체결한 경우, 법원 개인회생제도에서 변제계획인가 받은 경우, 파산면책 선고자, 회생인가를 받은 기업은 신청가능
  ** 단, 추후 사업비 신청 시 이행보증보험증권 발급이 불가능한 경우 사업비 지급 불가
③ 국세 또는 지방세 체납으로 규제중인 자(기업)
  * 단, 신청마감일까지 국세징수법 제105조 1항에 따라 강제징수의 유예를 받은 자 또는 지방세징수법 제105조 1항에 따라 체납처분의 유예를 받은 자, 국세‧지방세 등의 특수채무 변제 후 증빙이 가능한자는 신청(지원) 가능
⑤ 중소벤처기업부 등 정부지원사업 참여 제한 등 제재 조치를 받고 있는 자(기업)
⑥ 신청일 현재 ‘기업의 부도, 휴·폐업’ 중인 자(기업)
⑦ 고용노동부가 공개하는 체불사업주 명단에 포함된 자(기업)
  * 사업에 참여하는 기관(참여기업, 공동개발기관 등) 및 기업의 대표자, 과제책임자, 공동책임자가 공고일 기준으로 고용노동부가 공개하는 체불사업주 명단에 포함된 경우
⑧ 비영리 개인사업자·법인, 단체 또는 조합
⑨ 기타 문화체육부장관이 참여제한의 사유가 있다고 인정하는 자(기업)",,"예비창업자,1년미만,2년미만,3년미만,5년미만,7년미만,10년미만",시설ㆍ공간ㆍ보육,20260514,20260612,,,이메일 접수: 공고문 확인 필요,https://www.k-startup.go.kr/web/contents/bizpbanc-ongoing.do?schM=view&pbancSn=177677,main,primary,한글로路조치원공간운영기업모집공고,공공기관,20260514~20260612,시설ㆍ공간ㆍ보육,시설ㆍ공간ㆍ보육
kst,177676,[동작구 창업지원센터] 3차 전문가 컨설팅,"동작구 청년창업지원센터에서는 동작구민 (예비)창업자를 위한 전문가 컨설팅 프로그램을 진행합니다. 
구민 여러분의 많은 관심과 참여 부탁드립니다.",교육/멘토링,지자체,서울특별시,"대학생,일반인,일반기업,1인 창조기업","기업,누구나,청년,초기창업기업","만 20세 이상 ~ 만 39세 이하,만 40세 이상",,,"동작구민 (예비)창업자, 동작구 소재 학생 및 직장인 등",,"예비창업자,1년미만,2년미만,3년미만,5년미만,7년미만,10년미만",멘토링ㆍ컨설팅ㆍ교육,20260515,20260601,,,이메일 접수: 공고문 확인 필요,https://www.k-startup.go.kr/web/contents/bizpbanc-ongoing.do?schM=view&pbancSn=177676,main,primary,동작구창업지원센터3차전문가컨설팅,지자체,20260515~20260601,멘토링ㆍ컨설팅ㆍ교육,멘토링ㆍ컨설팅ㆍ교육
kst,177675,데이터와 AI를 활용한 웹 기반 MVP 개발 실습,비전공자도 데이터 분석과 AI 예측 모델을 직접 실습하며 웹 기반 미니 서비스(MVP)를 기획·구현해볼 수 있는 실습 중심 교육 프로그램을 다음과 같이 진행하오니 많은 관심과 신청 바랍니다.,교육/멘토링,공공기관,경기도,"대학생,일반인,연구기관,일반기업,1인 창조기업","기업,누구나,청년,초기창업기업","만 20세 미만,만 20세 이상 ~ 만 39세 이하,만 40세 이상",,,"도내 거주 일반인, (예비)창업자 및 7년 이내 중소기업",,"예비창업자,1년미만,2년미만,3년미만,5년미만,7년미만",멘토링ㆍ컨설팅ㆍ교육,20260515,20260529,,,온라인 접수: https://www.aictms.or.kr/core/?cid=29&role=programview&pSeq=4331&tab=,https://www.k-startup.go.kr/web/contents/bizpbanc-ongoing.do?schM=view&pbancSn=177675,main,primary,데이터와ai를활용한웹기반mvp개발실습,공공기관,20260515~20260529,멘토링ㆍ컨설팅ㆍ교육,멘토링ㆍ컨설팅ㆍ교육
kst,177674,[SBA x 서울에너지공사]  ESG 개방형 테스트베드 사업 참가기업 모집,"서울에너지공사와 서울경제진흥원은 서울에너지공사의 에너지인프라를 활용하여 에너지·환경 분야의 혁신을 함께 이루어 갈 기업을 발굴하는「ESG 개방형 테스트베드 사업」을 운영하고 있습니다. 혁신적인 기술력과 참신한 아이디어를 보유하고 있으며, 서울에너지공사와의 협업을 통해 기술 실증 및 사업화를 희망하는 기업의 많은 참여를 바랍니다.",기술,공공기관,서울특별시,일반기업,기업,"만 20세 미만,만 20세 이상 ~ 만 39세 이하,만 40세 이상",,,"모집 분야에 해당하는 기술을 보유한 서울 소재 창업 10년 미만 기업(법인 사업자)
※ 지원금을 받지 않고 실증 인프라만 활용하는 경우, 소재지 및 창업 시점에 관계없이 신청 가능

①  국세 및 지방세를 체납 중인 자
②  서울시 소재 기업이 아닌 자
③  금융기관으로부터 불량거래자로 규제 중인 자
④  지급이행보증보험증권 발급이 불가한 자",,10년미만,기술개발(R&amp;D),20260515,20260605,,,온라인 접수: https://www.sba.seoul.kr/Pages/BusinessApply/PostingDetail.aspx?p=0&mid=14b75cef-924e-f111-b404-d4f5ef4a1e33,https://www.k-startup.go.kr/web/contents/bizpbanc-ongoing.do?schM=view&pbancSn=177674,main,primary,sbax서울에너지공사esg개방형테스트베드사업참가기업모집,공공기관,20260515~20260605,기술개발(R&D),기술개발(R&D)
kst,177672,2026년 서울바이오허브 삼성바이오에피스 오픈이노베이션 프로그램,"서울특별시가 조성하고, 한국과학기술연구원과 고려대학교가 운영하는 서울바이오허브에서 바이오‧의료 스타트업 성장지원을 위한 삼성바이오에피스 오픈이노베이션 프로그램에 참여할 바이오‧의료 스타트업을 아래와 같이 모집하오니 많은 신청 바랍니다.",창업,지자체,서울특별시,일반기업,기업,"만 20세 이상 ~ 만 39세 이하,만 40세 이상",,,"삼성바이오에피스 신규 사업 및 연구, 기술 수요와 관련하여 협업 가능한 국내 창업 8년 이내 바이오·의료 창업기업, 벤처기업, 중소기업(공고일 기준)",,7년미만,사업화,20260514,20260612,,,온라인 접수: https://m.site.naver.com/27k5a,https://www.k-startup.go.kr/web/contents/bizpbanc-ongoing.do?schM=view&pbancSn=177672,main,primary,2026년서울바이오허브삼성바이오에피스오픈이노베이션프로그램,지자체,20260514~20260612,사업화,사업화
kst,177670,초기창업패키지,AI 전문 교육프로그램을 수료한 우수 인재 및 창업기업의 성장 지원을 위한 「2026년도 창업패키지(AI 인재 실증형)」에 참여할 창업기업을 다음과 같이 모집합니다.,창업,공공기관,전국,일반기업,"기업,초기창업기업","만 20세 미만,만 20세 이상 ~ 만 39세 이하,만 40세 이상",,,"공고 내용 확인 필수
딥테크 5대 분야의 창업기업(초기, 도약)으로서, 중앙정부  AI 양성과정 수료자(&apos;23~&apos;25년 수료) 채용 예정인 기업 

- 초기 : 창업 후 3년 이내 창업기업
- 도약 : 창업 후 3년~7년 이내 창업기업 
 * 신산업  창업 분야(중소벤처기업부 고시 제2024-2호)에 해당하는 기업은 창업 후 10년  미만까지 신청 가능

공고문 내 신청제외대상 참조",,"1년미만,2년미만,3년미만,5년미만,7년미만,10년미만",사업화,20260518,20260612,,,기타 접수: 접수가 마감되었습니다.,https://www.k-startup.go.kr/web/contents/bizpbanc-ongoing.do?schM=view&pbancSn=177670,main,primary,초기창업패키지,공공기관,20260518~20260612,사업화,사업화
kst,177669,[강원창조경제혁신센터] 강원브릿지 배치프로그램(바이오헬스 트랙) 창업기업 모집 공고,한림대학교 Station C 사업단과 (재)강원창조경제혁신센터에서는 강원특별자치도 미래산업에 혁신을 이끌어 갈 유망 초기 창업기업을 발굴하고 직접투자 및 후속 투자 연계를 지원하는 「강원BRIDGE 배치프로그램(바이오·헬스 트랙)」에 참여할 창업기업을 모집합니다.,창업,공공기관,강원특별자치도,"청소년,대학생,일반인,대학,연구기관,일반기업,1인 창조기업","기업,누구나,예비창업자,청년,초기창업기업","만 20세 미만,만 20세 이상 ~ 만 39세 이하,만 40세 이상",,,"바이오·헬스 분야 초기 투자유치를 희망하는 예비창업자, 개인 또는 법인 창업기업
① 공고일 기준 창업 10년 이내(‘16. 5. 14. 이후 창업)
② Seed ~ Pre-A 단계
③ 기업가치 Pre-30억 미만

☞ 금융기관 등으로부터 채무불이행으로 규제 중인 자(기업)
☞ 국세 또는 지방세 체납으로 규제 중인 자(기업)
☞ 중소벤처기업부 등 정부지원사업 참여 제한 등 제재 중인 자(기업)
☞ ｢중소기업창업 지원법｣ 시행령 제4조의 업종을 영위하고 있는 자(기업)
☞ 신청일 기준 동 사업에 신청하는 사업자 휴·폐업 중인 자(기업)
☞ 고용노동부가 공개하는 체불 사업주 명단에 포함된 자(기업)
☞ 기타 주관기관이 참여 제한의 사유가 있다고 인정하는 자(기업)",,"예비창업자,1년미만,2년미만,3년미만,5년미만,7년미만,10년미만",사업화,20260514,20260528,,,온라인 접수: https://forms.gle/5ibHXS1JGbqUYnPR9,https://www.k-startup.go.kr/web/contents/bizpbanc-ongoing.do?schM=view&pbancSn=177669,main,primary,강원창조경제혁신센터강원브릿지배치프로그램바이오헬스트랙창업기업모집공고,공공기관,20260514~20260528,사업화,사업화
kst,177668,[강원창조경제혁신센터] 2026년 창업BuS 강원브릿지 화요IR 참여기업 모집(6월),(재)강원창조경제혁신센터에서는 유망 혁신 창업기업의 연중 상시 발굴과 맞춤형 성장 지원을 위한 창업-BuS(Build up Strategy for Start-ups) 프로그램*「강원브릿지 화요IR」참여기업을 아래와 같이 모집하오니 창업기업들의 많은 참여바랍니다.,행사/네트워크,공공기관,강원특별자치도,"청소년,대학생,일반인,대학,연구기관,일반기업,1인 창조기업","기업,누구나,청년,초기창업기업","만 20세 미만,만 20세 이상 ~ 만 39세 이하,만 40세 이상",,,"업력 7년 미만 창업기업
- 중점분야: 바이오·헬스, AI·빅데이터
- 우대분야: 강원 7대 전략산업(바이오·헬스/반도체/미래에너지/미래모빌리티/방위산업/기후테크/푸드테크)

신청제외대상  ※ 제외 대상 필요시 작성요청
☞ 금융기관 등으로부터 채무불이행으로 규제 중인 자(기업)
☞ 국세 또는 지방세 체납으로 규제 중인 자(기업)
☞ 중소벤처기업부 등 정부지원사업 참여 제한 등 제재 중인 자(기업)
☞ 중소기업창업 지원법 시행령 제4조의 업종을 영위하고 있는 자(기업)
☞ 신청일 기준 동 사업에 신청하는 사업자 휴·폐업 중인 자(기업)
☞ 고용노동부가 공개하는 체불 사업주 명단에 포함된 자(기업)
☞ 기타 주관기관이 참여 제한의 사유가 있다고 인정하는 자(기업)",,"예비창업자,1년미만,2년미만,3년미만,5년미만,7년미만",행사ㆍ네트워크,20260514,20260529,,,온라인 접수: https://forms.gle/AWDT3tNwjJK5cBTD9,https://www.k-startup.go.kr/web/contents/bizpbanc-ongoing.do?schM=view&pbancSn=177668,main,primary,강원창조경제혁신센터2026년창업bus강원브릿지화요ir참여기업모집6월,공공기관,20260514~20260529,행사ㆍ네트워크,행사ㆍ네트워크
kst,177667,"2026년 글로벌 리테일 채널(인도네시아, 싱가포르) 진출사업 참여기업  모집","서울경제진흥원은 서울 소재 중소기업의 글로벌 시장 진출을 지원하고자, 해외 유력 리테일 채널과의 전략적 협력을 통해 판로 확대를 도모하는 「글로벌 리테일 채널 진출 사업」참여기업을 모집하오니 많은 관심 바랍니다.",판로/수출,공공기관,서울특별시,일반기업,기업,"만 20세 미만,만 20세 이상 ~ 만 39세 이하,만 40세 이상",,,"다음 자격을 모두 충족하는 기업 ※ 세부 모집분야는 공고문 2page 확인 필수
① 본사, 지사, 연구소 중 1곳 이상이 서울에 소재한 중소기업
② 뷰티 또는 푸드 분야에 해당하는 자체 브랜드(제품)을 보유한 기업
③ 영어로 업무 소통이 원활한 C레벨 의사결정자가 참여 가능한 기업

※ 신청제외 대상은 공고문 2page 확인 필수",,"1년미만,2년미만,3년미만,5년미만,7년미만,10년미만",판로ㆍ해외진출,20260514,20260522,,,온라인 접수: https://www.sba.seoul.kr/Pages/ContentsMenu/Company_Support_Detail.aspx?RID=745d6250-5a4f-f111-b404-d4f5ef4a1e33,https://www.k-startup.go.kr/web/contents/bizpbanc-ongoing.do?schM=view&pbancSn=177667,main,primary,2026년글로벌리테일채널인도네시아싱가포르진출사업참여기업모집,공공기관,20260514~20260522,판로ㆍ해외진출,판로ㆍ해외진출
kst,177666,벙커샷 프로그램 참여기업 모집공고,"(주) 벙커샷 파트너스에서 함께 성장할 기술사업 예비창업자, 3년미만 초기 기업을 발굴하고 있습니다.
많은 관심과 참여 바랍니다.",창업,민간,전국,"청소년,대학생,일반인,대학,연구기관,일반기업,1인 창조기업","기업,누구나,예비창업자,청년,초기창업기업","만 20세 미만,만 20세 이상 ~ 만 39세 이하,만 40세 이상",,,"예비창업자, 3년미만 초기 기업",,"예비창업자,1년미만,2년미만,3년미만",사업화,20260515,20260612,,,온라인 접수: https://www.bunkershot.co.kr/programform1,https://www.k-startup.go.kr/web/contents/bizpbanc-ongoing.do?schM=view&pbancSn=177666,main,primary,벙커샷프로그램참여기업모집공고,민간,20260515~20260612,사업화,사업화
kst,177665,[한양대학교 캠퍼스타운] 2026 제2회 한양대학교 캠퍼스타운 창업경진대회,한양대학교 캠퍼스타운 창업센터에서는 「2026 제2회 한양대학교 캠퍼스타운 창업경진대회 참가자(기업) 모집」과 관련하여 우수하고 참신한 아이템으로 창업에 도전을 희망하는 창업자를 모집하고자 하오니 많은 참여 바랍니다.,시설/공간,교육기관,서울특별시,"대학생,일반인,대학,연구기관,일반기업,1인 창조기업","기업,누구나,예비창업자,청년,초기창업기업",만 20세 이상 ~ 만 39세 이하,20,39,"※ 공고일 2026. 5. 12. 기준, 아래 1 ~ 3 의 사항 모두 충족 시 지원 가능
 1. 서울시 거주 또는 생활권자 : 지역 거주자, 직장 재직자, 서울 내 대학(원) 재·휴학생
    * 개인 또는 팀 단위 신청 가능, 팀 단위 신청 시 최소 1인 이상 서울시 생활권자

 2. 예비창업자 및 업력 7년 미만 창업기업 
   1) 예비창업자
   2) 일반사업자 : 사업자등록증 상 ‘개업연월일‘ 2019. 5. 13. 이후 창업
   3) 법인사업자 : 법인등기부등본 상 ’회사성립연월일’ 2019. 5. 13. 이후 창업 
   4) (예외 사항) 신산업 창업 분야인 경우 업력 10년 기업까지 지원 가능
    ※ 신산업 창업 분야 : 중소기업창업 지원법 제25조 제4항 관련 27개 분야 (공고문 참고)

  3. 대표자 만 39세 이하 : 1986. 5. 13. 이후 출생자 (1986. 5. 13. 출생자 포함)
   ※  (예외사항)
    1) 제대군인의 경우 「서울시 청년 기본 조례」에 따라 최대 3세 연령 상한
    2) 교내창업, 외국인 유학생 창업자는 연령제한 적용 제외

1. 서울 캠퍼스타운 사업의 타대학 창업공간에 입주하여 지원사업을 수혜 중인 자
 2. ｢중소기업 창업지원법 시행령｣ 제4조 각 항에 해당하는 창업기업
   (1)일반유흥주점업, (2)무도유흥주점업, (3)카지노 운영업, (4)기타 사행시설 관리 및 운영업,
   (5)그 밖에 경제질서 및 미풍양속에 현저히 어긋나는 업종으로서 중소벤처기업부령으로 정하는 업종
 3. 금융기관 등으로부터 채무불이행으로 규제 중인 자 또는 국세 혹은 지방세를 체납 중인 자. 
 4. 공고일(’26.5.12.)기준 휴업 중인 기업
 5. 서울시 창업지원시설에서 문제가 있어 퇴거조치 된 기업
 6. 기타 한양대학교 캠퍼스타운 사업단의 참여 제한 사유가 있다고 인정하는 경우",,"예비창업자,1년미만,2년미만,3년미만,5년미만,7년미만",시설ㆍ공간ㆍ보육,20260512,20260601,,,온라인 접수: https://startup.hanyang.ac.kr/board/notice/view/4240?boardName=notice,https://www.k-startup.go.kr/web/contents/bizpbanc-ongoing.do?schM=view&pbancSn=177665,main,primary,한양대학교캠퍼스타운2026제2회한양대학교캠퍼스타운창업경진대회,교육기관,20260512~20260601,시설ㆍ공간ㆍ보육,시설ㆍ공간ㆍ보육
kst,177664,「제조창업패키지」모집 공고,"경북대학교 스타트업지원센터는
대구 RISE 사업 ?3-5) ‘특화 창업거점 기반 기술창업ㆍ성장 촉진’ 단위과제를 통해
「제조창업패키지」지원에 참여할 대구지역 예비창업자 또는 창업 7년이내 기업을 다음과 같이 모집하오니 많은 참여 바랍니다.",창업,민간,대구광역시,"청소년,대학생,일반인,대학,연구기관,일반기업,1인 창조기업","기업,누구나,예비창업자,청년,초기창업기업","만 20세 미만,만 20세 이상 ~ 만 39세 이하,만 40세 이상",,,"하드웨어(소재, 부품, 제품 등) 분야 대구지역 예비창업자 및 창업자(7년이하) 제조창업기업",,"예비창업자,1년미만,2년미만,3년미만,5년미만,7년미만",사업화,20260514,20260528,,,온라인 접수: https://startuprise.kr/page/bsi/noticeList.do,https://www.k-startup.go.kr/web/contents/bizpbanc-ongoing.do?schM=view&pbancSn=177664,main,primary,제조창업패키지모집공고,민간,20260514~20260528,사업화,사업화
kst,177663,룬샷 경진대회(지능형 가시광·적외선 능동 위장 기술) 난제 해결방안 제안서 공모,"룬샷 경진대회는 국방 분야 난제의 창의적 해결을 위해 복수의 민간 연구기관이 해결방법을 직접 모색하는 경진형 과제로서, 룬샷 경진대회의 난제 해결방안 제안서를 다음과 같이 공모하오니, 관련 전문가들의 많은 참여를 바랍니다.",창업,공공기관,전국,"대학,연구기관,일반기업",기업,"만 20세 미만,만 20세 이상 ~ 만 39세 이하,만 40세 이상",,,"혁신적 아이디어와 기술을 가진 모든 기관
* 방위사업청 예규 「미래도전국방기술 연구개발 업무처리지침」제2조(정의) 제2호에 따른 산학연",,"1년미만,2년미만,3년미만,5년미만,7년미만,10년미만",사업화,20260430,20260616,,,이메일 접수: 공고문 확인 필요,https://www.k-startup.go.kr/web/contents/bizpbanc-ongoing.do?schM=view&pbancSn=177663,main,primary,룬샷경진대회지능형가시광적외선능동위장기술난제해결방안제안서공모,공공기관,20260430~20260616,사업화,사업화
kst,177662,[국비지원] AI 기반 서비스 개발·사업화 1인 창업가 캠프 5기 모집,예비·초기 창업가 대상 AI 기반 서비스 개발 및 사업화 역량 강화를 위한 「1인 창업가 국비지원 부트캠프」모집을 다음과 같이 공고합니다.,교육/멘토링,교육기관,전국,"대학생,일반인,대학,연구기관,일반기업,1인 창조기업","기업,누구나,예비창업자,청년,초기창업기업","만 20세 이상 ~ 만 39세 이하,만 40세 이상",,,"1. 내일배움카드 소지자 또는 발급 가능한 자
2. 아이디어는 있지만 실행·개발이 어려웠던 예비창업자
3. 개발자 없이 AI로 직접 서비스 출시까지 해보고 싶은 분
4. AI 활용으로 1인 SaaS·자동화 서비스 제작에 관심 있는 분
5. MVP 제작 → 검증 → 수익화까지 실전 창업 프로세스를 경험하고 싶은 분
6. 외주 없이 직접 만들고 운영하는 ‘1인 창업’을 목표로 하는 분
7. 창업은 처음이지만 AI 툴로 빠르게 사업 역량을 키우고 싶은 분
8. 혼자 고민하기보다 실무 멘토링과 창업 지원을 함께 받고 싶은 분",,"예비창업자,1년미만,2년미만,3년미만,5년미만",멘토링ㆍ컨설팅ㆍ교육,20260427,20260614,,,온라인 접수: https://bit.ly/4nsSH33,https://www.k-startup.go.kr/web/contents/bizpbanc-ongoing.do?schM=view&pbancSn=177662,main,primary,국비지원ai기반서비스개발사업화1인창업가캠프5기모집,교육기관,20260427~20260614,멘토링ㆍ컨설팅ㆍ교육,멘토링ㆍ컨설팅ㆍ교육
kst,177660,「 2026 청주시 K- 바이오 글로벌 브릿지 」 참여기업 모집 공고,청주시 소재 또는 협약 기간 내 청주시 본사 이전 가능한 유망 바이오 스타트업의 글로벌 진출 지원을 위해 「 2026 청주시 K- 바이오 글로벌 브릿지 」 의 참여기업을 다음과 같이 모집하오니 많은 관심과 참여 바랍니다 .,판로/수출,공공기관,충청북도,"일반인,대학,연구기관,일반기업,1인 창조기업","기업,누구나,초기창업기업","만 20세 이상 ~ 만 39세 이하,만 40세 이상",,,"3년 이상 7년 이내 청주시 본사 소재 바이오 기업 또는 협약기간 내 청주시 본사 이전 가능 기업(연장공고일기준)
 
※ 「중소기업창업 지원법」 제25조에 따른 신산업 창업 분야 기업(바이오·의료기기·디지털헬스케어 등)은 업력 10년 이내까지 지원 가능
※   청주시 외 소재 기업의 경우 협약기간 내 청주시로 본사 이전을 완료하여야 하며, 이전완료일로부터 2년 이상 본사 소재지를 유지하여야 함",,"7년미만,10년미만",글로벌,20260513,20260519,,,이메일 접수: 공고문 확인 필요,https://www.k-startup.go.kr/web/contents/bizpbanc-deadline.do?schM=view&pbancSn=177660,main,primary,2026청주시k바이오글로벌브릿지참여기업모집공고,공공기관,20260513~20260519,글로벌,글로벌
kst,177659,2026년 달구벌여성창업보육센터 3차 입주기업 모집,"달구벌여성인력개발센터는 『달구벌여성창업보육센터』 운영을 통해
창의적 아이디어 및 우수 기술력을 보유한 여성(예비)창업가가
초기에서 성장으로 이어지는 기반을 마련하는데 도움이 되고자 다음과 같이 입주기업을 모집합니다.",시설/공간,민간,대구광역시,"대학생,일반인,일반기업,1인 창조기업","기업,누구나,여성,예비창업자,청년,초기창업기업","만 20세 이상 ~ 만 39세 이하,만 40세 이상",,,"- 대구지역 여성 중 우수한 창업아이템을 보유하고 창업의지가 강한 예비창업자 또는 대구지역 소재 3년 미만 창업자
- 공고일 기준 대구광역시에 주민등록(또는 사업자등록)이 되어 있는 자
※ 예비창업자의 경우 입주 계약 후 3개월 이내 달구벌여성창업보육센터로 사업자등록이 가능한 자
※ 기창업자의 경우 입주 계약 후 1개월 이내 주사업장(본사) 이전이 가능한 기업

-국세 또는 지방세를 체납 중인 자
- 정부지원사업 및 유관기관 사업에 참여제한으로 제재중인 자
- 공고일 현재 휴업 중인 기업
- 기타 운영위원회에서 부적합하다고 인정하는 자",,"예비창업자,1년미만,2년미만,3년미만",시설ㆍ공간ㆍ보육,20260513,20260619,,,온라인 접수: https://w-startup.daegu.go.kr/business/307,https://www.k-startup.go.kr/web/contents/bizpbanc-ongoing.do?schM=view&pbancSn=177659,main,primary,2026년달구벌여성창업보육센터3차입주기업모집,민간,20260513~20260619,시설ㆍ공간ㆍ보육,시설ㆍ공간ㆍ보육
kst,177658,창업보육센터및 기업 지원,단국대학교 생명공학창업보육센터에서는 성장과 발전을 함께 도모할 (예비)창업기업을 발굴 및 육성하기 위해 신규 입주기업을 다음과 같이 모집하오니 많은 참여바랍니다.,시설/공간,교육기관,충청남도,"청소년,대학생,일반인,대학,연구기관,일반기업,1인 창조기업","기업,누구나,예비창업자,청년,초기창업기업","만 20세 미만,만 20세 이상 ~ 만 39세 이하,만 40세 이상",,,"▪ 창업 7년 이내의 중소기업을 영위하는자 또는 예비창업자
▪ 산학협력을 통해 성장 가능성이 높은 기업
▪ 기업부설연구소 또는 연구개발전담부서(지사)
(단, 단국대의 시설을 활용하거나 공동연구 개발을 위함이 증명되어야 하며
본사는 정부 및 지자체가 지원하는 공간에 입주하지 않아야 함)

① 창업지원 제외 업종 운영 기업(일반유흥주점업, 무도유흥주점업, 기타 사행시설 관리 및 운영업)
② 소음, 진동, 악취 등 대학의 기능을 저해하는 공해유발 업종
③ 세금체납 및 금융기관 신용불량 거래자
④ 도‧소매기업만 영위할 기업",,"예비창업자,7년미만",시설ㆍ공간ㆍ보육,20260514,20260531,,,이메일 접수: 공고문 확인 필요,https://www.k-startup.go.kr/web/contents/bizpbanc-ongoing.do?schM=view&pbancSn=177658,main,primary,창업보육센터및기업지원,교육기관,20260514~20260531,시설ㆍ공간ㆍ보육,시설ㆍ공간ㆍ보육
kst,177657,2026년 2차 금천청년꿈터 입주기업 모집공고,서울특별시 금천구가 건립하고 중앙대학교 산학협력단이 위탁 운영하는 창업보육센터 ｢금천청년꿈터｣는 청년창업가의 도전과 성장을 지원하기 위해 혁신적이고 성장 잠재력이 높은 아이템을 보유한 창업기업 및 예비창업자를 다음과 같이 모집하오니 많은 관심과 신청 바랍니다.,시설/공간,교육기관,전국,"대학생,일반인,대학,연구기관,일반기업,1인 창조기업","기업,누구나,예비창업자,청년,초기창업기업",만 20세 이상 ~ 만 39세 이하,20,39,"• 예비창업자 또는 창업 7년 이내 청년창업 기업 (대표자 기준 만 19세 이상 ~ 만 39세 이하)
• 「중소기업창업 지원법」제2조에 따른 ‘창업자(창업기업)’
※ 1개월 이내 창업 및 본사 이전 필수(사업자등록증 제출)",,"예비창업자,7년미만",시설ㆍ공간ㆍ보육,20260518,20260611,,,이메일 접수: 공고문 확인 필요,https://www.k-startup.go.kr/web/contents/bizpbanc-ongoing.do?schM=view&pbancSn=177657,main,primary,2026년2차금천청년꿈터입주기업모집공고,교육기관,20260518~20260611,시설ㆍ공간ㆍ보육,시설ㆍ공간ㆍ보육
kst,177656,2026 판다밋업 : 제조 AI 혁신 인사이트,"경기도와 세계경제포럼(WEF)의 협력으로 설립된 경기도 4차산업혁명센터에서 글로벌 진출을 희망하는 초기·성장단계 유망기업을 대상으로, 
글로벌 진출의 초기 기반을 지원하는 2026년 C4IR Korea 멤버십 프로그램을 시작하오니, 관심있는 기업의 많은 지원 바랍니다.",교육/멘토링,공공기관,전국,"연구기관,일반기업,1인 창조기업","기업,초기창업기업","만 20세 미만,만 20세 이상 ~ 만 39세 이하,만 40세 이상",,,"① 공고일 기준 국내에 소재지를 둔 초기 • 성장 단계 유망 분야 법인 기업
② 누적 투자액 약 10억원 내외 또는 투자 수준에 상응하는 기술력· 사업성을 보유한 기업
③ 전략산업 분야 및 *유망산업 관련 기술 또는 서비스를 보유한 기업
*유망산업 : AI·반도체, 스마트제조, 기후, 바이오, 거브테크, 환경 등
④ 초기·성장 단계 기업으로 글로벌 진출 의지 및 잠재력을 보유한 기업
⑤ 프로그램 참여 및 후속 연계 활동 수행이 가능한 기업

① 휴폐업 기업 또는 가동 중에 있지 않은 기업
 ② 그 밖에 사회적 물의를 일으켜 지원이 합당하지 않다고 인정되는 기업",,"1년미만,2년미만,3년미만,5년미만,7년미만,10년미만",멘토링ㆍ컨설팅ㆍ교육,20260514,20260605,,,이메일 접수: 공고문 확인 필요,https://www.k-startup.go.kr/web/contents/bizpbanc-ongoing.do?schM=view&pbancSn=177656,main,primary,2026판다밋업제조ai혁신인사이트,공공기관,20260514~20260605,멘토링ㆍ컨설팅ㆍ교육,멘토링ㆍ컨설팅ㆍ교육
kst,177655,「2026년 전남 나주 강소연구개발특구」이노테크 창업기업육성 사업 예비·초기 창업자 모집 연장공고,유망한 창업아이템을 보유한 창업자의 성공적인 창업을 지원하는 『2026년 이노테크 창업기업육성(전남 나주 강소특구)』에 참여하실 예비창업자 및 초기창업자 모집 계획을 아래와 같이 연장 공고하오니 많은 관심과 참여 바랍니다.,창업,민간,전라남도,"청소년,대학생,일반인,대학,연구기관,일반기업,1인 창조기업","기업,누구나,예비창업자,청년,초기창업기업","만 20세 미만,만 20세 이상 ~ 만 39세 이하,만 40세 이상",,,"1. (전국) 예비창업자
2. (전국) 에너지 분야 초기창업자 [업력 7년 미만(공고일 기준)]

□ 아래 항목 중 1개 이상에 해당되는 경우 신청 불가
 ✓ 동 사업의 사업화자금으로 사행산업 등 경제질서 및 미풍양속에 현저히 어긋나는 아이템* 및 에너지분야 창업과 무관된 사업을 영위하고자 하는 자
   * 지원제외 대상 업종 : 일반유흥주점업, 무도유흥주점업, 기타 사행시설 관리 및 운영업(중소기업창업지원법 시행령 제4조)
 ✓ 공고일 기준 금융기관을 통한 계좌개설이 불가능하거나 본인 명의의 금융자산에 대한 압류가 진행 중인 자
 ✓ 국세 또는 지방세 체납으로 규제중인 자
 ✓ 국가 및 지방자치단체를 당사로 하는 계약에 관한 법률에 따른 부정당업자
 ✓ 타인의 아이디어, 기술 등을 모방하거나 도용하여 창업하려는 자
 ✓ 폐업 경험이 있는 자가 동일한 사업 내용의 제품이나 서비스로 재창업하고자 하는 경우
 ✓ 기타 수행기관이 참여 제한의 사유가 있다고 인정하는 자
 ✓ 동일한 아이템으로 복수의 지원사업에 신청한 경우 
 ✓ 강소특구 ‘이노테크 창업기업육성 또는 이노폴리스캠퍼스사업’ 당해연도 중복 불가",,"예비창업자,7년미만",사업화,20260513,20260529,,,이메일 접수: 공고문 확인 필요,https://www.k-startup.go.kr/web/contents/bizpbanc-ongoing.do?schM=view&pbancSn=177655,main,primary,2026년전남나주강소연구개발특구이노테크창업기업육성사업예비초기창업자모집연장공고,민간,20260513~20260529,사업화,사업화
kst,177654,5월『찾아가는 기업 고민해결 찐(眞)톡(talk)』,"광진구 소재 중소기업 및 스타트업을 대상으로 광진구와 중진공이 기업의 어려움을 해결해주는 상담 프로그램입니다.
관심 있는 기업들의 많은 참여 바랍니다.",인력/일자리,민간,서울특별시,"청소년,대학생,일반인,대학,연구기관,일반기업,1인 창조기업","기업,누구나,청년,초기창업기업","만 20세 미만,만 20세 이상 ~ 만 39세 이하,만 40세 이상",,,광진구 소재 중소기업 및 스타트업,,"예비창업자,1년미만,2년미만,3년미만,5년미만,7년미만,10년미만",인력,20260513,20260527,,,온라인 접수: https://forms.gle/4HpwQa1P8GXTiqVHA,https://www.k-startup.go.kr/web/contents/bizpbanc-ongoing.do?schM=view&pbancSn=177654,main,primary,5월찾아가는기업고민해결찐眞톡talk,민간,20260513~20260527,인력,인력
kst,177653,2026년 KICXUP 서울 입주기업 모집공고,"한국산업단지공단에서 KICXUP 서울에 입주할 혁신 스타트업을 모집합니다. 입주기업을 대상으로 사무공간 오피스 인프라, 산업단지 입주 대중견기업 오픈이노베이션, 신용보증기금 금융 지원, 맞춤형 성장지원 서비스(오피스아워) 등을 제공할 계획이오니, 역량 있는 스타트업의 많은 관심 바랍니다.",시설/공간,민간,서울특별시,일반기업,기업,"만 20세 이상 ~ 만 39세 이하,만 40세 이상",,,"설립 7년 미만 창업기업

국세, 지방세, 4대 보험료를 체납 중인 기업
기타 한국산업단지공단이 부적당 하다고 판단한 입주 희망자",,7년미만,시설ㆍ공간ㆍ보육,20260515,20260528,,,온라인 접수: https://forms.gle/yherGm7fs5zuJkga6,https://www.k-startup.go.kr/web/contents/bizpbanc-ongoing.do?schM=view&pbancSn=177653,main,primary,2026년kicxup서울입주기업모집공고,민간,20260515~20260528,시설ㆍ공간ㆍ보육,시설ㆍ공간ㆍ보육
kst,177651,2026 식품외식 푸드테크 기술사업화 교육,건국대학교 식품과학전공(학과)은 농림축산식품부와 한국농수산식품유통공사 지원으로 식품산업 정책이 반영된 맞춤형 인력양성을 통해 식품‧외식‧푸드테크 분야 우수인력 유입 촉진 및 지속 가능한 성장 기반을 마련하고자 「2026년 식품외식‧푸드테크 기술사업화 교육」을 운영하고 있으니 관심 있는 분들은 많은 참여 바랍니다.,창업,교육기관,서울특별시,"대학생,일반인","누구나,청년",만 20세 이상 ~ 만 39세 이하,20,39,"만 45세 미만으로 본 운영기관의 창업교육을 수료한 수료생이나 푸드테크 관련 기술 또는 아이템을 보유한 초기창업자, 개업 후 7년 미만의 초기 창업자 및 스타트업 종사자",,7년미만,창업교육,20260513,20260519,,,이메일 접수: 공고문 확인 필요,https://www.k-startup.go.kr/web/contents/bizpbanc-deadline.do?schM=view&pbancSn=177651,main,primary,2026식품외식푸드테크기술사업화교육,교육기관,20260513~20260519,창업교육,창업교육
kst,177650,광진경제허브센터 운영,"우수한 창업기업 발굴 및 기업별 단계에 맞는 컨설팅, 투자연계 등을 지원하기 위해 광진경제허브센터에 입주할 기업을 모집하오니 역량 있는 창업기업의 많은 신청을 바랍니다.",시설/공간,민간,서울특별시,"대학생,일반인,일반기업,1인 창조기업","기업,누구나,예비창업자,청년,초기창업기업","만 20세 이상 ~ 만 39세 이하,만 40세 이상",,,"❍ 독립형 입주 신청자
- 예비창업자 및 초기창업기업(3년 미만) 또는 벤처인증기업
- 업력 3년 이상의 경우는 벤처기업육성에 관한 특별조치법 제2조제1항 해당 기업으로 모집 공고 기간 내 해당하는 유효 기간의
벤처기업인증확인서 증빙 필수

❍ 개방형 입주 신청자
- 예비창업자로써 우수한 기술을 보유한 자
- 공고일 기준 사업자등록일이 3년 이내인 1인 창업기업
- 예비창업자의 경우, 혁신적인 기술을 보유하여 입주 후 6개월
  이내 최초 사업자등록이 가능한 자
  (단, 기존 사업자등록 보유 기업은 2개월 이내 본점 주소를 
   광진경제허브센터로 이전)
- 명확한 비즈니스모델과 사업계획을 가지고 구체적으로 실현할 
  의지가 있는 자

❍ 특화분야: 디지털 트랜스포메이션(DX) 솔루션을 제공하는 기술기반 창업 기업
- AI 기반 비즈니스 데이터 솔루션
- 자율주행 및 미래 모빌리티 솔루션
- 바이오/헬스/에너지
- 빅데이터 및 네트워크 기반 솔루션
- 스마트시티/스마트팩토리
- 로보틱스(Robotics)
- 기타 팁스(TIPS) 및 딥테크(DeepTech) 기술 분야 솔루션

❍ 법인등기부등본 상 본점 이전이 불가한 창업기업
❍ 휴·폐업중인 자
❍ 폐수, 소음, 진동, 악취 등 환경공해업종
❍ 금융기관으로부터 불량거래자로 규제중인 자
❍ 지방세 및 국세 체납자 등
❍ 기타 입주 시 단순 영업행위 등 입주가 부적합하다고 인정되는 자",,"예비창업자,1년미만,2년미만,3년미만,5년미만,7년미만,10년미만",시설ㆍ공간ㆍ보육,20260513,20260614,,,이메일 접수: 공고문 확인 필요,https://www.k-startup.go.kr/web/contents/bizpbanc-ongoing.do?schM=view&pbancSn=177650,main,primary,광진경제허브센터운영,민간,20260513~20260614,시설ㆍ공간ㆍ보육,시설ㆍ공간ㆍ보육
kst,177649,강동50+센터 공유사무실 입주자 모집,"강동50플러스센터는 사회적 가치를 기반으로 한 중장년 세대의 창업, 창직 활동을 지원하기 위해 강동50플러스센터 내 공유사무실 입주자를 모집하오니 관심있는 분들의 많은 지원 바랍니다.",시설/공간,지자체,서울특별시,"일반인,일반기업,1인 창조기업","기업,누구나,초기창업기업",만 40세 이상,40,,"모집공고일(26.4.27.) 기준 대표자가 40~64세인 서울시 거주자

-기존 강동50플러스센터 공유사무실 이용자
-50플러스 캠퍼스 및 타 센터의 공유사무실 입주 중인 자 (중도 퇴거·포기자 포함)
-허가받지 못한 사업 또는 정치, 종교 관련, 불법으로 창업 예정이거나 사업을 운영하는 경우
-제출서류를 허위로 기재한 경우
-외국인 (교포 포함)
※ 타 기관 (중앙정부, 자치단체, 공공기관 등)의 공간지원을 받는 경우, 입주 확정 시 기존 지원공간(개별사무실 포함) 정리·퇴거 필수",,"예비창업자,1년미만,2년미만,3년미만,5년미만,7년미만,10년미만",시설ㆍ공간ㆍ보육,20260513,20260522,,,이메일 접수: 공고문 확인 필요,https://www.k-startup.go.kr/web/contents/bizpbanc-ongoing.do?schM=view&pbancSn=177649,main,primary,강동50센터공유사무실입주자모집,지자체,20260513~20260522,시설ㆍ공간ㆍ보육,시설ㆍ공간ㆍ보육
kst,177648,[코레일유통/본사] 제2차 청년창업 제휴사업자 모집공고,"코레일유통(주) 청년창업 지원사업에 따른 매장 운영자 모집공고를 시행하오니, 참여를 희망하는 예비창업자 및 청년창업자는 참여해 주시길 바랍니다.
■ 공고대상 매장 : 천안역 동부맞이방(기타간식/40.0㎡)
■ 접수방법 : 코레일유통(주) 홈페이지 https://www.korailretail.com - 파트너십 - 청년창업 지원안내/공고 - 청년창업 신규공고
■ 비고사항 : [붙임8] 청년창업 전자입찰프로세스 매뉴얼 확인 必",시설/공간,공공기관,전국,"대학생,일반인","누구나,예비창업자,청년",만 20세 이상 ~ 만 39세 이하,20,39,"1. 공고일 기준 만 18세 이상 39세 이하
2. 공고일 기준 사업자등록을 하지 않은 예비창업자 또는 창업 후 3년 이하인 ｢중소기업기본법｣ 제2조 2항에 따른 소기업을 영위하는 자
(대표자 연령 조건 충족해야 함)
3. 계약 체결 후 7일 이내 일반과세 사업자등록이 가능하고 시설투자 가능자
4. 프랜차이즈 미가맹 사업자로, 고유의 브랜드 및 레시피로 운영가능한 자

- 회사와 특수관계에 있는 자 또는 공공성 확보를 위해 다음에 해당하는 경우 참가를 제한
1. 코레일유통(주) 청년창업 지원매장 운영자로 선정된 자와 그 배우자 및 직계혈족
2. 코레일유통(주) 부정당업체로 지정된 업체(자)와 그 배우자 및 직계혈족
3. 기존 계약자(공고일 기준)
① 우리사 편의점 및 자판기 관련 계약 중이거나 과거 계약 이력이 있는 자와 그 배우자 및 직계혈족
② 우리사 상설전문점 운영 중이거나 과거 계약 이력이 있는 자와 그 배우자 및 직계혈족
4. 회사와 특수관계인 관련(공고일 기준)
① 모집시작일 기준 퇴직 후 2년이 경과 하지 않은 전직 임직원의 직계혈족
② 모집시작일 기준 한국철도공사 및 그 계열사에 재직 중인 임직원과 그 배우자 및 직계혈족
5. 공고일 현재 상업시설 운영 중인 자로 점포 수 확대를 목적으로 지원하는 자와 그 배우자 및 직계혈족",,"예비창업자,3년미만",시설ㆍ공간ㆍ보육,20260513,20260522,,,온라인 접수: https://www.korailretail.com,https://www.k-startup.go.kr/web/contents/bizpbanc-ongoing.do?schM=view&pbancSn=177648,main,primary,코레일유통본사제2차청년창업제휴사업자모집공고,공공기관,20260513~20260522,시설ㆍ공간ㆍ보육,시설ㆍ공간ㆍ보육
kst,177647,2026년 JNGC 인디 게임 창업(예비창업자) 제작지원 공고,게임콘텐츠 개발 창업 기업과 스타트업 발굴 위한 “2026년 JNGC 인디 게임 창업(예비창업자) 제작지원”을 시행하오니 많은 참여 바랍니다.,창업,공공기관,전라남도,"대학생,일반인","누구나,예비창업자,청년","만 20세 이상 ~ 만 39세 이하,만 40세 이상",,,"• 전남 소재 본사 기업을 설립 예정인 예비 창업자
   ※ 예비창업자의 경우 협약체결일로부터 1개월 이내 전남지역에 사업자등록 및 전남 소재 본사 기업으로 게임제작업 등록(사업자등록증 및 게임 제작업 등록증 제출必)

기업 신청 불가",,예비창업자,사업화,20260512,20260609,,,"온라인 접수: https://www.bojo.go.kr/bojo.do
기타 접수: e나라도움을 통한 접수(https://www.gosims.go.kr) 필수 
e나라도움 미 접수시 지원 불가",https://www.k-startup.go.kr/web/contents/bizpbanc-ongoing.do?schM=view&pbancSn=177647,main,primary,2026년jngc인디게임창업예비창업자제작지원공고,공공기관,20260512~20260609,사업화,사업화
kst,177646,IP 디딤돌 프로그램,"인천지식재산센터는 인천시 관내 우수한 아이디어와 기술을 보유한 예비 창업자를 발굴하여 아이디어 창출에서 사업화까지 연계지원하고 있습니다.
 IP디딤돌 지원사업 중 지식재산 기반 창업교육인 IP창업존 49기 「청년특화」교육과정을 아래와 같이 운영하고자 하오니, 지식재산권 확보와 창업을 준비 중인 (예비)창업자들의 많은 참여 바랍니다.",교육/멘토링,민간,인천광역시,"청소년,일반인,1인 창조기업","누구나,청년,초기창업기업","만 20세 미만,만 20세 이상 ~ 만 39세 이하,만 40세 이상",,,"인천시민, (예비)창업자, 학생 등
  ※ 만 39세 이하 청년이 아닌 창업자도 교육 수강 가능",,예비창업자,멘토링ㆍ컨설팅ㆍ교육,20260513,20260610,,,이메일 접수: 공고문 확인 필요,https://www.k-startup.go.kr/web/contents/bizpbanc-ongoing.do?schM=view&pbancSn=177646,main,primary,ip디딤돌프로그램,민간,20260513~20260610,멘토링ㆍ컨설팅ㆍ교육,멘토링ㆍ컨설팅ㆍ교육
kst,177645,2026년 경남창원강소특구 이노테크 발굴 및 창업지원사업 KERITOR 7기 모집 공고(연장),기술기반 (예비)창업자의 지속 가능한 성장을 지원하는 2026년 경남창원강소특구 이노테크 발굴 및 창업지원사업에 참여할 예비창업자 및 7년 미만의 초기 창업자 모집을 공고하오니 많은 관심과 참여 부탁드립니다.,창업,민간,경상남도,"청소년,대학생,일반인,대학,연구기관,일반기업,1인 창조기업","기업,누구나,예비창업자,청년,초기창업기업","만 20세 미만,만 20세 이상 ~ 만 39세 이하,만 40세 이상",,,"- 특화분야1) : 전기추진시스템 분야의 예비창업자3) 및 설립 7년 미만 기업4)
- 일반분야2) : 특화분야 외 기술기반의 예비창업자 및 설립 7년 미만 기업

1) 특화분야는 전기추진시스템(참고2) 및 관련 아이템 생산 기술, 혹은 주관기관이 특화분야에 속한다고 인정하는 기술을 보유한 (예비)창업자
2) 일반분야는 특화분야 외 부품·소재, 기계·재료, 전기·전자, 정보·통신, 생명·식품, 화공·섬유 등의 기술 기반 (예비)창업자
3) 예비창업자는 사업 기한 내 사업자등록이 가능한 자
(양식 내 (붙임3) ‘창원시 창업의향서’ 필수 제출)
4) 초기창업자는 2019. 4. 22. 이후 설립 기업으로 창원시 소재 또는 향후 창원시로 본사 이전 및 지사 설립 등의 의향이 있는 기업 우대
(양식 내 (붙임2) ‘창원시 주소지 이전 의향서’ 자율 제출)

아래 항목 중 1개 이상에 해당되는 경우 신청 불가

◦ 연구개발특구진흥재단의 타지역 특구 사업(이노테크 발굴 및 창업지원 사업) 신청자(중복 참여 불가)
◦ 동 사업을 통해 사행산업 등 경제질서 및 미풍양속에 현저히 어긋나는 업종*을 영위하고자 하는 자
* 지원제외 대상 업종 : 일반유흥주점업, 무도유흥주점업, 기타 사행시설 관리 및 운영업 (중소기업창업지원법 시행령 제4조)
◦ 타인의 특허, 실용신안 등 지식재산권을 침해하거나 침해할 우려가 있는 아이템인 경우
◦ 공고일 기준 금융기관을 통한 계좌개설이 불가능하거나 본인 명의의 금융자산에 대한 압류가 진행 중인 자
◦ 제출내용이 사실과 다르거나, 허위사실 기재 및 대리작성 또는 표절 아이템인 경우
◦ 국세 또는 지방세 체납으로 규제 중인자
◦ 국가 및 지방차지단체를 당사로 하는 계약에 관한 법률에 따른 부정당업자
◦ 타인의 아이디어, 기술 등을 모방하거나 도용하여 창업하려는 자
◦ 폐업 경험이 있는 자가 동일한 사업 내용의 제품이나 서비스로 재창업하고자 하는 경우
◦ 금융기관 등으로부터 채무불이행으로 채무불이행으로 규제 중인 자(기업)
◦ 「근로기준법」에 따라 고용노동부가 공개하는 체불사업주 명단에 포함된 자(기업)
◦ 기타 수행기관이 판단하기에 참여 제한의 사유가 있다고 인정하는 자
◦ 기존 KERITOR 사업 참여기업",,7년미만,사업화,20260422,20260515,,,이메일 접수: 공고문 확인 필요,https://www.k-startup.go.kr/web/contents/bizpbanc-deadline.do?schM=view&pbancSn=177645,main,primary,2026년경남창원강소특구이노테크발굴및창업지원사업keritor7기모집공고연장,민간,20260422~20260515,사업화,사업화
kst,177644,특허활용 투자유치 전략 세미나,혁신기술경영인증지원센터는 기업의 지식재산(IP) 가치를 투자유치로 확장하는 실질적 전략과 인사이트를 공유하기 위해 「특허활용 투자유치 전략 세미나」를 개최합니다.,창업,민간,전국,"일반기업,1인 창조기업","기업,초기창업기업","만 20세 미만,만 20세 이상 ~ 만 39세 이하,만 40세 이상",,,"- 기업 인증 활용하여 정부지원사업 가점 및 세제 혜택을 받고져 인증을 준비하는 스타트업 및 중소기업
- 초기 투자 유치를 위한 전략과 투자연계 가능성 진단을 받고져 하는 스타트업 및 중소기업
- 국내 특허 보유(출원, 등록, 전용실시권) 또는 국내 특허 신규 취득 계획이 있는 스타트업 및 중소기업",,"1년미만,2년미만,3년미만,5년미만,7년미만,10년미만",사업화,20260513,20260516,,,온라인 접수: https://forms.gle/zyZ1nt4Mr1UUzXig8,https://www.k-startup.go.kr/web/contents/bizpbanc-deadline.do?schM=view&pbancSn=177644,main,primary,특허활용투자유치전략세미나,민간,20260513~20260516,사업화,사업화
kst,177643,레이저커팅기 장비교육,레이저커팅기 장비교육에 관심잇는분들께서는 많은 신청바랍니다,창업,교육기관,전국,"청소년,대학생,일반인,대학,연구기관,일반기업,1인 창조기업","기업,누구나,예비창업자,청년,초기창업기업","만 20세 미만,만 20세 이상 ~ 만 39세 이하,만 40세 이상",,,예비창업자 및 7년 이내 초기창업자,,"예비창업자,1년미만,2년미만,3년미만,5년미만,7년미만,10년미만",창업교육,20260518,20260521,,,이메일 접수: 공고문 확인 필요,https://www.k-startup.go.kr/web/contents/bizpbanc-ongoing.do?schM=view&pbancSn=177643,main,primary,레이저커팅기장비교육,교육기관,20260518~20260521,창업교육,창업교육
kst,177642,2026년 소모성자재 납품 중소기업 지원사업,소모성자재(MRO) 납품 중소기업의 신규 판로 개척 및 역량 강화 지원을 위한 「2026년 소모성자재(MRO) 납품 중소기업 구매상담회」 참여기업을 다음과 같이 모집하오니 많은 참여를 바랍니다.,행사/네트워크,공공기관,충청북도,"일반기업,1인 창조기업","기업,중소기업,초기창업기업","만 20세 미만,만 20세 이상 ~ 만 39세 이하,만 40세 이상",,,"중기업,소기업,소상공인
* 「판로지원법」 제2조제6호에 따른 중소 소모성자재 납품업체
** 사무용품, 공구류, 건설자재, 통신, 보안 등 17개 제품군(붙임 참조)",,"예비창업자,1년미만,2년미만,3년미만,5년미만,7년미만,10년미만",행사ㆍ네트워크,20260415,20260531,,,온라인 접수: https://fanfandaero.kr/portal/v2/preSprtBizPbancDetail.do?sprtBizCd=202618010100&sprtBizTrgtYn=N&groupNo=,https://www.k-startup.go.kr/web/contents/bizpbanc-ongoing.do?schM=view&pbancSn=177642,main,primary,2026년소모성자재납품중소기업지원사업,공공기관,20260415~20260531,행사ㆍ네트워크,행사ㆍ네트워크
kst,177639,[서울과학기술대학교]3D프린터 장비교육 (야간),3d프린터 장비교육에 관심있는분들은 많은 신청 바랍니다,창업,교육기관,서울특별시,"청소년,대학생,일반인,대학,연구기관,일반기업,1인 창조기업","기업,누구나,예비창업자,청년,초기창업기업","만 20세 미만,만 20세 이상 ~ 만 39세 이하,만 40세 이상",,,"7년이내 초기창업자, 예비창업",,"예비창업자,1년미만,2년미만,3년미만,5년미만,7년미만,10년미만",창업교육,20260513,20260515,,,이메일 접수: 공고문 확인 필요,https://www.k-startup.go.kr/web/contents/bizpbanc-deadline.do?schM=view&pbancSn=177639,main,primary,서울과학기술대학교3d프린터장비교육야간,교육기관,20260513~20260515,창업교육,창업교육
kst,177638,전국 대학(원)생 공공데이터 활용 창업 경진대회 개최,"한국조폐공사와 경북대학교는 함께 우수 창업 아이디어 발굴 및 공공데이터 활용 활성화를 위한 「전국 대학(원)생 공공데이터 활용 창업 경진대회」를 다음과 같이 개최하니, 전국 대학(원)생 여러분의 많은 관심과 참여 바랍니다.",행사/네트워크,공공기관,전국,"대학생,대학","누구나,청년","만 20세 미만,만 20세 이상 ~ 만 39세 이하",,,전국 대학(원)생 누구나 참가 가능(1인 ~ 최대 6인),,"예비창업자,1년미만,2년미만,3년미만,5년미만,7년미만,10년미만",행사ㆍ네트워크,20260513,20260608,,,이메일 접수: 공고문 확인 필요,https://www.k-startup.go.kr/web/contents/bizpbanc-ongoing.do?schM=view&pbancSn=177638,main,primary,전국대학원생공공데이터활용창업경진대회개최,공공기관,20260513~20260608,행사ㆍ네트워크,행사ㆍ네트워크
kst,177637,2026년 중소기업 MD 상담회 참가자 모집 공고,용인시산업진흥원에서는 용인시 중소기업·소상공인·예비창업자의 온라인 판로 역량 강화를 위한 MD 상담회 참가자를 다음과 같이 모집하오니 많은 관심과 신청 바랍니다.,교육/멘토링,공공기관,경기도,"청소년,대학생,일반인,대학,연구기관,일반기업,1인 창조기업","기업,누구나,예비창업자,중소기업,청년,초기창업기업","만 20세 미만,만 20세 이상 ~ 만 39세 이하,만 40세 이상",,,"용인 소재 본사 또는 공장이 있는 중소기업
  ※ 온라인마케팅 교육은 예비창업자도 신청가능

- 지방세  및 국세 납입 체납기업
- 부도 또는 휴폐업 기업
- 프렌차이즈 기업 
- 이외 진흥원에서 신청자격 등에 적합하지 않다고 판단되는 경우 제외됨",,"예비창업자,1년미만,2년미만,3년미만,5년미만,7년미만,10년미만",멘토링ㆍ컨설팅ㆍ교육,20260511,20260602,,,온라인 접수: https://ybs.ypa.or.kr/poratlAppFormDtl.do?regNo=RGS_0000000000000591,https://www.k-startup.go.kr/web/contents/bizpbanc-ongoing.do?schM=view&pbancSn=177637,main,primary,2026년중소기업md상담회참가자모집공고,공공기관,20260511~20260602,멘토링ㆍ컨설팅ㆍ교육,멘토링ㆍ컨설팅ㆍ교육
kst,177636,제3회 원주권 스타트업 커뮤니티 데이,"상지대학교 벤처창업본부에서는 (예비)창업기업의 네트워크 형성을 통한 사업화 촉진을 돕기 위해
「 제3회 원주권 스타트업 커뮤니티 데이 참가자 모집 」을 개최합니다.
많은 관심과 참여 바랍니다.",행사/네트워크,교육기관,강원특별자치도,"청소년,대학생,일반인,대학,연구기관,일반기업,1인 창조기업","기업,누구나,스타트업,청년,초기창업기업","만 20세 미만,만 20세 이상 ~ 만 39세 이하,만 40세 이상",,,창업에 관심있는 누구나,,"예비창업자,1년미만,2년미만,3년미만,5년미만,7년미만,10년미만",행사ㆍ네트워크,20260514,20260518,,,온라인 접수: https://forms.gle/Brg6MoxSf1nmpzmV6,https://www.k-startup.go.kr/web/contents/bizpbanc-deadline.do?schM=view&pbancSn=177636,main,primary,제3회원주권스타트업커뮤니티데이,교육기관,20260514~20260518,행사ㆍ네트워크,행사ㆍ네트워크
kst,177635,2026년 제7회 환경분야 청년창업 지원사업,한국환경공단·NH농협은행과 한국생산성본부는 환경분야 청년 창업기업을 발굴하여 혁신성장을 지원하고자 아래와 같이 참여기업을 모집하오니 많은 관심과 참여 바랍니다.,창업,교육기관,전국,일반기업,"기업,청년",만 20세 이상 ~ 만 39세 이하,20,39,"① 「청년기본법」 에 따른 청년에 해당하는 자(만 19세~만 39세) 
② 「중소기업기본법」 제2조에 따른 중소기업이면서, 「중소기업창업 지원법」 제2조에 따른 창업기업(창업 7년 이내)",,7년미만,사업화,20260513,20260527,,,이메일 접수: 공고문 확인 필요,https://www.k-startup.go.kr/web/contents/bizpbanc-ongoing.do?schM=view&pbancSn=177635,main,primary,2026년제7회환경분야청년창업지원사업,교육기관,20260513~20260527,사업화,사업화
kst,177634,[킹고스프링] KINGO LIPS SPRINGBOARD PROGRAM 2기 모집공고,"직접투자 및 LIPS 프로그램 지원이 필요한 F&B, 뷰티, 소비재 등 5년 이내 기업가형 소상공인 분들의 많은 지원을 부탁드립니다.",창업,민간,전국,"일반기업,1인 창조기업","기업,초기창업기업","만 20세 이상 ~ 만 39세 이하,만 40세 이상",,,"F&B, 뷰티, 소비재 등 5년 이내 기업가형 소상공인

소상공인 확인서 미보유, 5년 초과 소상공인, 타 중복사업 참여자",,"2년미만,3년미만,5년미만",사업화,20260513,20260522,,,온라인 접수: https://zrr.kr/L6Xn6l,https://www.k-startup.go.kr/web/contents/bizpbanc-ongoing.do?schM=view&pbancSn=177634,main,primary,킹고스프링kingolipsspringboardprogram2기모집공고,민간,20260513~20260522,사업화,사업화
kst,177633,dcamp Startup OI Kyoto #Deeptech,"글로벌 전자부품 선도기업 무라타와 기술 피칭 및 사업화 연계를 추진할 딥테크 스타트업을 찾습니다?
‘무라타제작소’ 본사 엔지니어 및 ‘한국무라타전자’ 신사업팀을 대상으로 우리 기술의 적용 가능성과 사업화 방향을 제안할 수 있는 기회!
?글로벌 확장의 벽을 넘어설 확실한 솔루션 디캠프 'Startup OI Kyoto'에 주목하세요!
기술의 잠재력은 충분하지만 글로벌 기업의 실제 사업 현장에 적용할 기회를 찾지 못해 고민하고 계신가요?
'Startup OI #Kyoto'는 디캠프와 한국무라타전자가 함께 운영하는 오픈 이노베이션 기반 해외 진출 프로그램입니다.
기술 검증 후의 다음 단계, 글로벌 기업과의 실제 협업 가능성을 만들고 싶은 팀이라면 디캠프 Startup OI Kyoto #Deeptech에 지원하세요.",판로/수출,민간,전국,일반기업,기업,"만 20세 미만,만 20세 이상 ~ 만 39세 이하,만 40세 이상",,,"글로벌 진출을 본격적으로 검토하고 있는 Seed ~ Series B 스타트업
✔️ 분야: ① 헬스케어 ② 모빌리티/로보틱스 ③ 반도체
✔️ PoC 경험이 있거나 시연 가능한 디바이스 데모를 보유한 팀
✔️ 영어 발표가 가능하거나 준비 의지가 있는 팀",,"1년미만,2년미만,3년미만,5년미만,7년미만,10년미만",판로ㆍ해외진출,20260513,20260612,,,온라인 접수: https://bit.ly/4u7aa3S,https://www.k-startup.go.kr/web/contents/bizpbanc-ongoing.do?schM=view&pbancSn=177633,main,primary,dcampstartupoikyotodeeptech,민간,20260513~20260612,판로ㆍ해외진출,판로ㆍ해외진출
kst,177632,투자유치 역량강화 지원사업,군포산업진흥원에서는 관내 유망 창업기업을 대상으로 투자유치를 위한 전문 진단 프로그램을 지원하여 실질적 투자 활성화를 도모하고자 「2026년 투자유치 역량강화 지원사업」을 다음과 같이 공고하오니 많은 관심과 신청 바랍니다.,교육/멘토링,공공기관,전국,"대학생,일반인,일반기업,1인 창조기업","기업,누구나,청년,초기창업기업","만 20세 미만,만 20세 이상 ~ 만 39세 이하,만 40세 이상",,,"관내 및 관외 유망 창업기업(7년 미만)
※ 관외 창업기업은 선정 후 1개월 이내 관내 사업자등록 필수

- 중소기업창업 지원법 시행령 제4조에 해당되는 업종
- 국세, 지방세 체납기업
- 금융기간으로부터 불량거래자로 규제 중이거나, 휴·폐업 중인 기업
- 신청일 현재 국가 연구개발 사업에 참여제한 조치중인 기업
- 사업기간 내 사업자등록증상의 소재지가 군포시 관외로 이전 기업
- 기타 제출 자료의 허위 기재 또는 지원이 합당하지 못하다고 인정되는 기업
- 지원대상으로 선정되어도 상기 결격사유가 확인될 시 지원 취소",,7년미만,멘토링ㆍ컨설팅ㆍ교육,20260512,20260529,,,"온라인 접수: https://bit.ly/workwithgpipa
이메일 접수: 공고문 확인 필요",https://www.k-startup.go.kr/web/contents/bizpbanc-ongoing.do?schM=view&pbancSn=177632,main,primary,투자유치역량강화지원사업,공공기관,20260512~20260529,멘토링ㆍ컨설팅ㆍ교육,멘토링ㆍ컨설팅ㆍ교육
kst,177631,2026년 팁스(TIPS) 오프라인 사업설명회,"2026년 팁스(TIPS) 창업기업 지원계획 통합 공고와 관련하여 사업 참여를 희망하는 (예비)창업기업 대상 오프라인 사업설명회 및 1:1 매칭 상담회를 개최하오니
팁스 참여를 희망하는 분들의 많은 관심과 참여를 바랍니다.",기술,민간,전국,일반기업,기업,"만 20세 미만,만 20세 이상 ~ 만 39세 이하,만 40세 이상",,,팁스 참여를 희망하는 (예비)창업기업,,"예비창업자,1년미만,2년미만,3년미만,5년미만,7년미만,10년미만",기술개발(R&amp;D),20260511,20260522,,,"온라인 접수: https://portal.kbaa.or.kr/tips/briefing/2026
기타 접수: 사업설명회는 자유롭게 참석이 가능하며, 팁스 운영사와의 1:1 매칭 상담회 희망 시 URL을 통한 신청 접수 필요",https://www.k-startup.go.kr/web/contents/bizpbanc-ongoing.do?schM=view&pbancSn=177631,main,primary,2026년팁스tips오프라인사업설명회,민간,20260511~20260522,기술개발(R&D),기술개발(R&D)
kst,177630,디캠프 배치 8기 모집,"디캠프 배치를 통해 도약할 딥테크 스타트업을 찾습니다.
디캠프 배치는 초기 스타트업을 위한 12개월 Scale up 프로그램입니다.
디캠프의 노하우가 담긴 배치 시스템을 기반으로, 업계 최고의 전문가 군단이 맞춤형 성장 로드맵을 설계하고 성공으로 안내합니다.",교육/멘토링,민간,전국,"일반기업,1인 창조기업","기업,초기창업기업","만 20세 미만,만 20세 이상 ~ 만 39세 이하,만 40세 이상",,,"Pre-value  100억원 ~ 300억원 내외, 제조 또는 기술 기반 딥테크 분야 스타트업
▪️ 우리 기술의 시장 검증과 사업화 전략이 필요한 팀
▪️ 투자 유치와 후속 성장의 다음 단계를 준비하는 팀
▪️ 대·중견기업, 공공기관과의 협업 기회를 넓히고 싶은 팀
▪️ 글로벌 진출을 본격적으로 검토하고 있는 팀

단순 애플리케이션 개발 및 서비스 분야 제외",,"예비창업자,1년미만,2년미만,3년미만,5년미만,7년미만,10년미만",멘토링ㆍ컨설팅ㆍ교육,20260513,20260611,,,온라인 접수: https://bit.ly/4wp5hEE,https://www.k-startup.go.kr/web/contents/bizpbanc-ongoing.do?schM=view&pbancSn=177630,main,primary,디캠프배치8기모집,민간,20260513~20260611,멘토링ㆍ컨설팅ㆍ교육,멘토링ㆍ컨설팅ㆍ교육
kst,177629,(수학없이 배우는) 머신러닝 이론과 실습 교육생 모집,"(수학없이 배우는) 머신러닝 이론과 실습 교육생 모집을 다음과 같이 공고하오니, 부울경 지역 내 대상자분들의 많은 관심과 참여 바랍니다.",창업,공공기관,부산광역시,"청소년,대학생,일반인,대학,연구기관,일반기업,1인 창조기업","기업,누구나,청년,초기창업기업","만 20세 미만,만 20세 이상 ~ 만 39세 이하,만 40세 이상",,,"▶ 교육대상 : 비전공자, 구직자, 재직자",,"예비창업자,1년미만,2년미만,3년미만,5년미만,7년미만,10년미만",창업교육,20260512,20260712,,,"온라인 접수: https://www.baeulang.kr/bbs/board.php?bo_table=BlockChain&wr_id=65
기타 접수: AI배울랑교 접속 및 회원가입 후, 해당 교육과정 신청",https://www.k-startup.go.kr/web/contents/bizpbanc-ongoing.do?schM=view&pbancSn=177629,main,primary,수학없이배우는머신러닝이론과실습교육생모집,공공기관,20260512~20260712,창업교육,창업교육
kst,177628,맞춤형 예비창업가 발굴·육성,"지역 내 창업기업을 대상으로 엑셀러레이팅 프로그램 및 기업 수요 기반 맞춤형 성장 컨설팅을 지원하고자, 전문성과 경험을 갖춘 전단 멘토단을 다음과 같이 모집하오니 많은 관심과 참여바랍니다.",창업,공공기관,전국,"일반인,1인 창조기업","누구나,예비창업자,초기창업기업","만 20세 이상 ~ 만 39세 이하,만 40세 이상",,,"- 전담멘토(엑셀러레이팅) ACㆍVC 투자심사역 등 관련 분야 3년 이상 경력자 또는 투자 검토 및 기업 컨설팅 가능 전문가 또는  대기업 O.I 금융기관 등 투자 관련 실무자
-  전담멘토(컨시어지) 관련 분야 5년 이상 경력자 또는 기술사, 경영지도사 등 자격 보유자 또는 멘토링 경력 3년 이상 또는 창업경험 보유자

- 금치산자 및 한정치산자 또는 파산선고를 받은 자로서 복권되지 아니한 자
- 금고 이상의 형을 받고 그 집행이 종료되거나 형을 받지 아니하기로 확정된 후 2년이 경과되지 아니한 자
- 국가연구개발사업 참여제한 제재를 받고 있는 자
- 기타 총괄기관의 장이 적합하지 않다고 인정하는 자
- 이력사항을 허위로 기록한 자 또는 불성실/불공정 평가경력이 있는 자 등 활동에 적합하지 않다고 판단되는 자",,"예비창업자,1년미만,2년미만,3년미만,5년미만,7년미만,10년미만",사업화,20260504,20260522,,,이메일 접수: 공고문 확인 필요,https://www.k-startup.go.kr/web/contents/bizpbanc-ongoing.do?schM=view&pbancSn=177628,main,primary,맞춤형예비창업가발굴육성,공공기관,20260504~20260522,사업화,사업화
kst,177627,2026-5회 호남권 엔젤투자 피칭룸 in 광주/전남 참가기업 모집 안내,『호남권 엔젤투자 피칭룸』은 한국엔젤투자협회에서 호남권 소재(광주·전남·전북·제주)의 스타트업의 투자유치 연계를 지원하는 투자 상담 프로그램입니다. 투자유치에 관심있으신 호남권 소재 스타트업 대표과 예비창업자분들의 많은 관심과 참여 부탁드립니다.,교육/멘토링,공공기관,광주광역시,"청소년,대학생,일반인,대학,연구기관,일반기업,1인 창조기업","기업,누구나,예비창업자,청년,초기창업기업","만 20세 미만,만 20세 이상 ~ 만 39세 이하,만 40세 이상",,,"창업 7년 이내 광주/전남 소재 스타트업 및 예비창업자
* 전북, 제주 별도 운영 예정",,"예비창업자,1년미만,2년미만,3년미만,5년미만,7년미만",멘토링ㆍ컨설팅ㆍ교육,20260512,20260521,,,온라인 접수: http://bit.ly/3XSJDch,https://www.k-startup.go.kr/web/contents/bizpbanc-ongoing.do?schM=view&pbancSn=177627,main,primary,20265회호남권엔젤투자피칭룸in광주전남참가기업모집안내,공공기관,20260512~20260521,멘토링ㆍ컨설팅ㆍ교육,멘토링ㆍ컨설팅ㆍ교육
kst,177626,2026년 K-푸드 창업사관학교(초기창업) 참여기업 추가 모집 공고,"식품분야 혁신창업자를 발굴하고 시제품제작, 사업화를 지원하는 2026년 K-푸드 창업사관학교에 참여할 참여기업을 다음과 같이 모집합니다.",창업,공공기관,전국,"대학생,일반인,일반기업,1인 창조기업","기업,누구나,청년,초기창업기업",만 20세 이상 ~ 만 39세 이하,20,39,"식품분야 초기 창업자

◆ 국가식품클러스터 산업단지 입주 불가업종 ex) 펫푸드, 단순소분, 플랫폼(IT)
◆ 신청자격 조건을 충족하지 못하거나 필수제출 서류를 허위기재·누락한 경우
◆ 동일 과제(시제품)로 유관기관 창업지원사업을 수행중인 자
◆ 타인의 지적재산권을 침해하였거나 침해할 우려가 있는 아이템
◆ 선정 후 지원금에 대한 이행보증보험증권 발급이 불가능한 자
◆ 기타 개별 사업에서 ‘참여제한’ 또는 ‘지원제외’ 사항 등에 해당하는 경우
◆ 지원사업에 참여하는 대표자가 국세 지방세 체납 중이거나 금융기관 등의 채무불이행 상태인 경우
* 서류심사 개시 전까지 해소하거나 체납처분 유예를 받은 경우에는 예외

기타사항은 본문 참고",,7년미만,사업화,20260511,20260522,,,이메일 접수: 공고문 확인 필요,https://www.k-startup.go.kr/web/contents/bizpbanc-ongoing.do?schM=view&pbancSn=177626,main,primary,2026년k푸드창업사관학교초기창업참여기업추가모집공고,공공기관,20260511~20260522,사업화,사업화
kst,177625,「2026년 전북특구 이노폴리스 캠퍼스 액셀러레이팅 배치프로그램 1기」창업기업 및 예비창업자 모집,우수한 기술창업아이템을 보유하고 있는 전북특구 내 창업기업 및 예비창업자의 역량 강화 및 투자유치 지원을 위한「2026년 전북특구 이노폴리스 캠퍼스(액셀러레이팅 지원) 사업」배치프로그램 1기 참여기업 모집을 다음과 같이 공고합니다.,교육/멘토링,민간,전북특별자치도,"대학생,일반인,연구기관,일반기업,1인 창조기업","기업,누구나,예비창업자,청년,초기창업기업","만 20세 이상 ~ 만 39세 이하,만 40세 이상",,,"전북연구개발특구 지역특화 분야*를 포함한 모든 창업 기업 또는 예비창업자(팀) 
*지역특화 분야 : 농생명바이오, 융·복합 소재부품",,"예비창업자,1년미만,2년미만,3년미만,5년미만,7년미만,10년미만",멘토링ㆍ컨설팅ㆍ교육,20260511,20260531,,,온라인 접수: https://forms.gle/8QXFfCQf3cJKCg3cA,https://www.k-startup.go.kr/web/contents/bizpbanc-ongoing.do?schM=view&pbancSn=177625,main,primary,2026년전북특구이노폴리스캠퍼스액셀러레이팅배치프로그램1기창업기업및예비창업자모집,민간,20260511~20260531,멘토링ㆍ컨설팅ㆍ교육,멘토링ㆍ컨설팅ㆍ교육
kst,177623,"『SBA X DUP 스몰캡 M&A 인수창업 설명회』예비 서처(Searcher, 매수희망 스타트업/예비 경영자) 모집","당신의 인수창업 파트너, 주식회사 디유파트너스 입니다.
인수창업(ETA, Entrepreneurship Through Acquisition)을 들어보셨나요?
미국의 아이비리그 대학생들은 그냥 창업하지 않습니다.
이미 창업된 회사를 인수해 전략적 창업을 합니다.
'엑시트(Exit)'의 M&A가 아닌, '진입(Entry)'의 M&A.
더 이상 큰 기업만의 전략이 아닙니다. 스타트업도 할 수 있습니다.
스몰캡 M&A를 통한 판로개척 전략이 궁금하신 분들의 많은 참여 바랍니다.",교육/멘토링,민간,전국,"청소년,대학생,일반인,대학,연구기관,일반기업,1인 창조기업","기업,누구나,스타트업,청년,초기창업기업","만 20세 미만,만 20세 이상 ~ 만 39세 이하,만 40세 이상",,,"스타트업 대표님들 또는 예비 창업자로, 인수창업에 관심 있는 누구나",,"예비창업자,1년미만,2년미만,3년미만,5년미만,7년미만,10년미만",멘토링ㆍ컨설팅ㆍ교육,20260512,20260518,,,온라인 접수: https://forms.gle/XShTQSu5zNmzYaU87,https://www.k-startup.go.kr/web/contents/bizpbanc-deadline.do?schM=view&pbancSn=177623,main,primary,sbaxdup스몰캡ma인수창업설명회예비서처searcher매수희망스타트업예비경영자모집,민간,20260512~20260518,멘토링ㆍ컨설팅ㆍ교육,멘토링ㆍ컨설팅ㆍ교육
kst,177622,2026년 경기도 공공데이터·AI 활용 창업경진대회,"경기도와 경기도경제과학진흥원은 공공데이터와 AI기술 이용을 활성화하고, 창업 생태계 선순환 환경을 조성하고자 아래와 같이 “경기도 공공데이터·AI 활용 창업경진대회”를 개최하오니 많은 관심과 참여를 바랍니다.",행사/네트워크,공공기관,경기도,"청소년,대학생,일반인,대학,연구기관,일반기업,1인 창조기업","기업,누구나,청년,초기창업기업","만 20세 미만,만 20세 이상 ~ 만 39세 이하,만 40세 이상",,,대한민국 국민 누구나,,"예비창업자,1년미만,2년미만,3년미만,5년미만,7년미만,10년미만",행사ㆍ네트워크,20260504,20260529,,,온라인 접수: https://egbiz.or.kr/pd/53954.do,https://www.k-startup.go.kr/web/contents/bizpbanc-ongoing.do?schM=view&pbancSn=177622,main,primary,2026년경기도공공데이터ai활용창업경진대회,공공기관,20260504~20260529,행사ㆍ네트워크,행사ㆍ네트워크
kst,177621,[현대차정몽구재단] CMK 캠퍼스프러너 1기 모집,현대차 정몽구 재단은 지역 문제를 창업으로 해결하고자 하는 대학생 임팩트 예비창업가를 지원하는 를 모집하고 있습니다. 많은 관심과 참여 바랍니다.,교육/멘토링,민간,전국,대학생,청년,"만 20세 미만,만 20세 이상 ~ 만 39세 이하",,,"국내 대학교 재학생 / 휴학생 / 2025년도 졸업생

*해외 대학 재학생, 기창업자 지원 불가",,예비창업자,멘토링ㆍ컨설팅ㆍ교육,20260511,20260527,,,온라인 접수: https://www.cmk-impactpreneur.kr/Campuspreneur,https://www.k-startup.go.kr/web/contents/bizpbanc-ongoing.do?schM=view&pbancSn=177621,main,primary,현대차정몽구재단cmk캠퍼스프러너1기모집,민간,20260511~20260527,멘토링ㆍ컨설팅ㆍ교육,멘토링ㆍ컨설팅ㆍ교육
kst,177620,교육) PBL기반 스마트헬스케어 (예비)스타트업 육성과정 추가모집,부산진여성새로일하기센터에서 전액 국비지원 직업교육훈련 창업과정『PBL기반 스마트헬스케어 (예비) 스타트업 육성과정』 훈련생을 추가모집하오니 관심 있는 분들의 많은 참여 부탁드립니다.,교육/멘토링,민간,부산광역시,"일반인,1인 창조기업","누구나,스타트업,초기창업기업",만 20세 이상 ~ 만 39세 이하,20,39,"◦ 전공무관, 헬스케어분야 창업에 관심 있는 여성(예비)창업가
◦ 의료 및 보건과학계열 전공자 및 관련 경력보유 여성우대
◦ 창업 경력있는 여성 우대

◦ 남성 지원 불가
※ ​ ​​​​​​자영업자 연간 매출액 1억5천만원 미만, 노무제공자는(구,특수형태근로종사자) 연간 매출액 4천8백만원 미만 참여 가능",,"예비창업자,1년미만,2년미만,3년미만,5년미만,7년미만,10년미만",멘토링ㆍ컨설팅ㆍ교육,20260512,20260525,,,"온라인 접수: https://forms.gle/DqQmpvmuaVWeZzTM8
방문 접수: 부산진여성인력개발센터(부산시 부산진구 부전로 94 영동프라자 2층)
기타 접수: 전 화 : 051-807-7945",https://www.k-startup.go.kr/web/contents/bizpbanc-ongoing.do?schM=view&pbancSn=177620,main,primary,교육pbl기반스마트헬스케어예비스타트업육성과정추가모집,민간,20260512~20260525,멘토링ㆍ컨설팅ㆍ교육,멘토링ㆍ컨설팅ㆍ교육
kst,177619,울산창업 L 시리즈,"울산과학기술원에서는 울산 지역 중심의 혁신창업기반을 구축하고, 창업문화 조성, 딥테크 유망기술 창업, 후속연계 집중 지원을 통한 지역발 딥테크 창업활성화를 위한「2026년 울산 창업 L시리즈(Learn)」사업에 참여할 예비창업자 및 창업기업을 다음과 같이 모집공고 합니다.",창업,교육기관,울산광역시,일반기업,"기업,예비창업자","만 20세 미만,만 20세 이상 ~ 만 39세 이하,만 40세 이상",,,"울산소재 창업(예정)자, 창업 7년 이내 창업기업 등
※ 예비창업자로 울산에서 창업을 희망하여 사업자 등록을 할 예정인 자
※ 협약기간내 본사 소재지를 울산으로 이전 가능한 창업 7년 이내 기업 포함
※ 공고문을 통해 세부사업별 신청자격 확인",,"예비창업자,7년미만",사업화,20260512,20260525,,,"온라인 접수: https://industry.unist.ac.kr/2026%eb%85%84-%ec%9a%b8%ec%82%b0-%ec%b0%bd%ec%97%85-llearn-%ec%8b%9c%eb%a6%ac%ec%a6%88%ec%97%b0%ea%b5%ac-%eb%aa%a8%ec%a7%912%ec%b0%a8-%ec%97%b0%ec%9e%a5-%ea%b3%b5%ea%b3%a0/
이메일 접수: 공고문 확인 필요",https://www.k-startup.go.kr/web/contents/bizpbanc-ongoing.do?schM=view&pbancSn=177619,main,primary,울산창업l시리즈,교육기관,20260512~20260525,사업화,사업화
kst,177618,「2026년 AI·PoC 분야 상생형 창업·벤처기업 지원사업」 참여기업 모집 공고,LH와 한국표준협회는 AI 분야 창업 벤처기업 역량을 제고하고 공동주택 AI 설계검증시스템 구축을 위한 민관 협업 PoC를 추진코자 다음과 같이 창업·벤처기업 지원사업을 모집 공고하오니 많은 참여 바랍니다.,창업,민간,전국,"청소년,대학생,일반인,대학,연구기관,일반기업,1인 창조기업","기업,누구나,청년,초기창업기업","만 20세 미만,만 20세 이상 ~ 만 39세 이하,만 40세 이상",,,"1) 7년이내 창업기업
2) 벤처인증기업(업력 무관)",,"1년미만,2년미만,3년미만,5년미만,7년미만,10년미만",사업화,20260508,20260605,,,"기타 접수: 구글폼 신청
https://forms.gle/CNQGB1k2BFoefJbr8",https://www.k-startup.go.kr/web/contents/bizpbanc-ongoing.do?schM=view&pbancSn=177618,main,primary,2026년aipoc분야상생형창업벤처기업지원사업참여기업모집공고,민간,20260508~20260605,사업화,사업화
kst,177617,마포청년창업취업지원센터 나루 2026,"[창업] 실전 마케팅 부트캠프를 진행하오니, 많은 관심과 지원 부탁드립니다.",창업,공공기관,서울특별시,"대학생,일반인,대학,연구기관,일반기업,1인 창조기업","기업,누구나,청년,초기창업기업",만 20세 이상 ~ 만 39세 이하,20,39,마케팅에 고민을 겪는 예비 및 초기 청년 창업가,,"예비창업자,1년미만,2년미만,3년미만",창업교육,20260512,20260526,,,온라인 접수: https://www.naroo.or.kr/bbs/content.php?co_id=program_view&np_seq=1266,https://www.k-startup.go.kr/web/contents/bizpbanc-ongoing.do?schM=view&pbancSn=177617,main,primary,마포청년창업취업지원센터나루2026,공공기관,20260512~20260526,창업교육,창업교육
kst,177616,InBodyLIKE (헬스케어/라이프스타일 분야 오픈이노베이션 프로그램 모집 공고),"Strategic Fit. Trusted Growth
InBody와 블루포인트가 함께 지원하는 액셀러레이팅 프로그램 InBodyLIKE에 참여할, 헬스케어/라이프스타일 분야 스타트업을 찾습니다.
InBodyLIKE는 InBody의 정밀 측정 기술력과 방대한 신체 데이터에 기반한 정확도(Precision), 
그리고 스타트업의 유연한 민첩성(Agility)을 결합해 헬스케어 산업의 새로운 혁신을 만들어가는 오픈이노베이션 프로그램입니다.
선발된 스타트업은 약 4개월간 진행되는 액셀러레이팅 프로그램에 참여하며, 인바디 인프라를 활용한 PoC(Proof of Concept) 기회와 전문가 멘토링을 지원받습니다.
또한, 블루포인트의 PMF(Product-Market Fit) 및 GTM(Go-To-Market) 중심의 사업화 멘토링을 비롯해, 
인바디•블루포인트 네트워크 연계, 투자 검토 기회 등 실질적인 성장 지원이 제공됩니다.
이 외에도 네이버클라우드, Claude AI, 서울창업허브, 서울바이오허브 등 다양한 파트너사의 크레딧 및 지원 혜택이 함께 제공될 예정입니다.",창업,민간,전국,"대학생,일반인,대학,연구기관,일반기업","기업,누구나,청년","만 20세 미만,만 20세 이상 ~ 만 39세 이하,만 40세 이상",,,"헬스케어/라이프스타일 기술, 서비스 및 제품을 보유한 예비•초기 창업팀
- 사업 추진 및 확장을 위해 인바디와 협업을 희망하는 팀
- 블루포인트의 액셀러레이팅을 통해 성장하고자 하는 팀
- 시제품 제작 및 서비스 출시를 위해 투자 유치가 필요한 팀
- 보유한 기술을 실제 환경에서 검증해보고 싶은 팀",,"예비창업자,1년미만,2년미만,3년미만,5년미만,7년미만",사업화,20260511,20260612,,,온라인 접수: https://inbodylike.com/?utm_source=k_startup&utm_medium=organic&utm_campaign=bluepoint_inbody&utm_content=notice,https://www.k-startup.go.kr/web/contents/bizpbanc-ongoing.do?schM=view&pbancSn=177616,main,primary,inbodylike헬스케어라이프스타일분야오픈이노베이션프로그램모집공고,민간,20260511~20260612,사업화,사업화
kst,177615,BOUNCE PIE 배치 프로그램 6기 기업 모집 공고,"(재)부산창조경제혁신센터에서 유망 스타트업의 투자 유치 및 성장을 지원 하는 BOUNCE PIE(Potential Investment for Early-stage startup) 배치 프로그램에 참여할 스타트업을 모집하오니, 성공적인 투자 라운드 진입을 희망하는 스타트업의 많은 관심과 참여 바랍니다.",창업,공공기관,전국,"일반기업,1인 창조기업","기업,초기창업기업","만 20세 미만,만 20세 이상 ~ 만 39세 이하,만 40세 이상",,,"전국 소재 설립 7년 이내 창업기업

신청일 기준 휴‧폐업 중인 자(기업)
금융기관 등으로부터 채무불이행 중인 자(기업)
국세 또는 지방세 체납 중인 자(기업)
고용노동부가 공개하는 임금 체불사업주 명단에 포함된 자(기업)
중소기업창업지원법 시행령 제4조에 따른 창업에서 제외되는 업종(별첨4) 및기타 중소벤처기업부 장관이 참여를 제한할 정당한 사유가 있다고 인정하는 자(기업)",,7년미만,사업화,20260512,20260603,,,온라인 접수: https://www.bcceiinv.com/BOUNCEPIE,https://www.k-startup.go.kr/web/contents/bizpbanc-ongoing.do?schM=view&pbancSn=177615,main,primary,bouncepie배치프로그램6기기업모집공고,공공기관,20260512~20260603,사업화,사업화
kst,177614,국내기업 글로벌 성장자본 유치지원 Invest KOREA Startup Program 참가기업 모집,"KOTRA Invest KOREA 에서는 국내기업의 외국인 투자 유치를 지원하기 위한 플랫폼으로서 Invest KOREA Startup Program(IKSP) 사업을 운영하고 있습니다. 
해외 투자유치를 희망하는 유망기업을 선정하여 KOTRA 해외무역관을 통한 홍보 및 글로벌 투자가와의 매칭 기회를 제공하는 동 사업에 많은 관심 바랍니다.",교육/멘토링,공공기관,전국,"일반기업,1인 창조기업","기업,초기창업기업","만 20세 미만,만 20세 이상 ~ 만 39세 이하,만 40세 이상",,,스타트업 및 혁신 기업,,"예비창업자,1년미만,2년미만,3년미만,5년미만,7년미만,10년미만",멘토링ㆍ컨설팅ㆍ교육,20260504,20260529,,,온라인 접수: http://www.investkorea.org,https://www.k-startup.go.kr/web/contents/bizpbanc-ongoing.do?schM=view&pbancSn=177614,main,primary,국내기업글로벌성장자본유치지원investkoreastartupprogram참가기업모집,공공기관,20260504~20260529,멘토링ㆍ컨설팅ㆍ교육,멘토링ㆍ컨설팅ㆍ교육
kst,177613,[KT&G 상상플래닛] 플래닛캠퍼스,"KT&G 상상플래닛 입주사 X 임팩트재단 X 월드비전이 함께 협업지점을 모색하는 네트워킹 행사입니다.
소셜벤처를 포함한 스타트업 기업 피칭이 예정되어 있으며, 월드비전과 사업 파트너십 가능성을 모색하는 네트워킹 시간도 예정되어 있습니다.
월드비전과 협업 가능한 파트는 1)국내사업 2)해외사업 3)AI·기술 혁신 4)기업사회공헌 파트이며
피칭 기업 뿐만 아니라 타 기관과의 협업 가능성도 열려있기에 해당 행사를 게재합니다.",행사/네트워크,민간,서울특별시,"일반인,대학,연구기관,일반기업,1인 창조기업","기업,누구나,예비창업자,초기창업기업","만 20세 미만,만 20세 이상 ~ 만 39세 이하,만 40세 이상",,,"- KT&G 상상플래닛, 임팩트재단, 월드비전과 네트워킹 희망하는 자 누구나
- 소셜벤처, 스타트업 대표자 또는 실무자
- 공공, 지자체 실무자
- 예비창업가",,"예비창업자,1년미만,2년미만,3년미만,5년미만,7년미만,10년미만",행사ㆍ네트워크,20260512,20260527,,,온라인 접수: https://naver.me/5WUHmmUx,https://www.k-startup.go.kr/web/contents/bizpbanc-ongoing.do?schM=view&pbancSn=177613,main,primary,ktg상상플래닛플래닛캠퍼스,민간,20260512~20260527,행사ㆍ네트워크,행사ㆍ네트워크
kst,177612,2026년 5월 전북 IR피칭 & 오피스아워 by KRYPTON 신청 접수,"크립톤에서 참여자 신청을 다음과 같이 공고합니다.
전북권 창업생태계 허브 전주에서 IR피칭 / 멘토링 / 투자검토의 오피스아워를 운영하오니
관심 있는 분들의 많은 참여 바랍니다.",교육/멘토링,민간,전북특별자치도,"청소년,대학생,일반인,대학,연구기관,일반기업,1인 창조기업","기업,누구나,청년,초기창업기업","만 20세 미만,만 20세 이상 ~ 만 39세 이하,만 40세 이상",,,전북권 소재 또는 전북권으로 이전을 희망하는 (예비)스타트업,,"예비창업자,1년미만,2년미만,3년미만,5년미만,7년미만,10년미만",멘토링ㆍ컨설팅ㆍ교육,20260512,20260517,,,온라인 접수: https://link24.kr/5UJrRpT,https://www.k-startup.go.kr/web/contents/bizpbanc-deadline.do?schM=view&pbancSn=177612,main,primary,2026년5월전북ir피칭오피스아워bykrypton신청접수,민간,20260512~20260517,멘토링ㆍ컨설팅ㆍ교육,멘토링ㆍ컨설팅ㆍ교육
kst,177610,2026년 성장 창업사업화 지원 사업 참여자 모집,"달구벌여성인력개발센터는 대구 서구 소재 영업장(사업자등록증 기준)의 3년 이내 창업기업 또는 예비 창업자 대상으로 사업화자금을 지원하여 창업기업의 정착과 성장을 지원하고,
지역 경제 활성화 도모를 위해 다음과 같이 「2026년 성장 창업사업화 지원 사업」을 시행하오니 많은 참여 바랍니다.",창업,민간,대구광역시,"일반기업,1인 창조기업","기업,초기창업기업","만 20세 이상 ~ 만 39세 이하,만 40세 이상",,,"공고일 기준 대구 서구 소재 영업장(사업자등록증 기준)의 3년 이내 창업기업 또는 예비 창업자 
※ 예비 창업자는 약정일까지 대구시 서구에 사업자등록 완료 조건

▶ 「중소기업창업 지원법 시행령」 제4조(창업에서 제외되는 업종)의 업종을 영위하고 있거나 영위하고자 하는 자(기업)
▶  신청일 기준 동 사업에 신청하는 사업자가 휴·폐업 중인 자(기업)
▶  국세 또는 지방세 체납 중이거나 금융기관 등의 채무불이행 상태인 경우
▶ 「근로기준법」에 따라 고용노동부가 공개하는 체불사업주 명단에 포함된 자(기업)
▶  사업주관기관이 지정한 은행 계좌(사업비 계좌) 개설 및 거래가 불가한 자(기업)
▶ 「보조금 관리에 관한 법률」 제 31조의2(보조사업 수행 배제 등)에 따라 수행대상에서 배제된 자(기업)
▶  타 창업지원사업에 참여 제한으로 제재 중인 자(기업)
▶  타 사업화지원사업 주관기관으로부터 발생한 환수금 등의 반환이 종결되지 않은 기업
▶  동일한 사업화 과제로 타 기관 창업지원사업을 수행중인 자(기업)
▶  기타 사업주관기관의 장이 참여를 제한할 정당한 사유가 있다고 인정하는 자(기업)",,"예비창업자,1년미만,2년미만,3년미만",사업화,20260511,20260611,,,온라인 접수: https://w-startup.daegu.go.kr/business/306,https://www.k-startup.go.kr/web/contents/bizpbanc-ongoing.do?schM=view&pbancSn=177610,main,primary,2026년성장창업사업화지원사업참여자모집,민간,20260511~20260611,사업화,사업화
kst,177609,'스타트업 오픈이노베이션 챌린지 In 부산 2026' 참여기업 모집,"(재)부산창조경제혁신센터에서는 파트너사와 함께 개방형 혁신에 기여할 유망 스타트업을 발굴하여, 
비지니스 매칭, 시장검증, 사업제휴 등의 기회를 제공하여 지속가능한동반성장 동력을 마련하기 위한
'스타트업 오픈이노베이션 챌린지 In 부산 2026' 를 다음과 같이 공고하오니 많은 신청바랍니다.",창업,공공기관,부산광역시,"청소년,대학생,일반인,대학,연구기관,일반기업,1인 창조기업","기업,누구나,스타트업,예비창업자,청년,초기창업기업","만 20세 미만,만 20세 이상 ~ 만 39세 이하,만 40세 이상",,,"부산 소재 7년 미만 스타트업

예비창업자",,7년미만,사업화,20260512,20260527,,,온라인 접수: https://zrr.kr/KyS4Ga,https://www.k-startup.go.kr/web/contents/bizpbanc-ongoing.do?schM=view&pbancSn=177609,main,primary,스타트업오픈이노베이션챌린지in부산2026참여기업모집,공공기관,20260512~20260527,사업화,사업화
kst,177608,CES 2027 관악S밸리관 참가기업 모집,"관악구 소재 우수 벤처·창업기업의 글로벌 시장 진출을 지원하고, 관악S밸리 창업 생태계 활성화 및 지역 창업 경쟁력 강화를 도모하고자 「CES 2027 관악S밸리관」 참가기업을 다음과 같이 모집하오니, 관심 있는 기업의 많은 참여 바랍니다.",판로/수출,공공기관,서울특별시,"대학생,일반인,대학,연구기관,일반기업,1인 창조기업","기업,누구나,청년,초기창업기업","만 20세 이상 ~ 만 39세 이하,만 40세 이상",,,"아래 자격요건을 모두 충족하는 관악구 소재 벤처·창업기업
  ○ (소재지) 관악구 소재(본사, 지사, 연구소 등 1곳 이상) 기업
    - 2026. 6. 30.까지 관악구에 주소 이전이 가능한 기업 신청 가능
    - CES 2027「관악S밸리관」최종 참가 기업은 2027. 1. 31.까지 관악구 주소를 유지해야 함 
  ○ (창업기간) 창업 7년 이내 기업  ※ 2019. 5. 12. ~ 2026. 5. 11. 기간 중 창업한 기업
    - 개인사업자의 경우 사업자등록증상 개업연월일, 법인의 경우 법인등기부등본상 법인설립등기일 기준으로 판단  ※「중소기업창업 지원법」 규정에 따름
  ○ (사업분야) AI, 모빌리티, 항공, 바이오, 헬스케어 등 CES 입점 기준 충족
  ○ (영문 소개자료 보유) 영문 홈페이지, 브로슈어, IR Deck, 홍보영상 등 보유
  ○ (글로벌사업 인력 보유) 글로벌사업을 담당할 수 있는 인력 보유
  ○ (Eureka Park 참가기준 충족) ※ 미국 소비자기술협회(CTA)에서 심사",,"예비창업자,1년미만,2년미만,3년미만,5년미만,7년미만",판로ㆍ해외진출,20260512,20260526,,,온라인 접수: https://www.gsva.or.kr/main/post/view.do?post_sn=1&search=UlVTRXgvS090NzV1MEZNcG96TTRxZz09,https://www.k-startup.go.kr/web/contents/bizpbanc-ongoing.do?schM=view&pbancSn=177608,main,primary,ces2027관악s밸리관참가기업모집,공공기관,20260512~20260526,판로ㆍ해외진출,판로ㆍ해외진출
kst,177607,"「NextRise 2026, Seoul」 1:1 Meetup 스타트업 모집","아시아 최대규모 스타트업 페어 NextRise 2026, Seoul의 1:1 Meetup 참여 스타트업을 아래와 같이 모집합니다.",행사/네트워크,공공기관,전국,"청소년,대학생,일반인,대학,연구기관,일반기업,1인 창조기업","기업,누구나,스타트업,청년,초기창업기업","만 20세 미만,만 20세 이상 ~ 만 39세 이하,만 40세 이상",,,"국내외 대·중견기업, VC(270여개사)와 사업협력 및 투자유치 상담을 희망하는 벤처·스타트업",,"예비창업자,1년미만,2년미만,3년미만,5년미만,7년미만,10년미만",행사ㆍ네트워크,20260512,20260513,,,온라인 접수: https://www.nextrise.co.kr,https://www.k-startup.go.kr/web/contents/bizpbanc-deadline.do?schM=view&pbancSn=177607,main,primary,nextrise2026seoul11meetup스타트업모집,공공기관,20260512~20260513,행사ㆍ네트워크,행사ㆍ네트워크
kst,177606,도전창업트랙 2기 [창업실무 기초교육],"비즈니스 모델 고도화, 사업계획서 작성 등 '청년 창업 역량 강화'를 위한 맞춤형 교육입니다.",창업,지자체,서울특별시,"대학생,일반인,대학,연구기관,일반기업,1인 창조기업","기업,누구나,청년,초기창업기업",만 20세 이상 ~ 만 39세 이하,20,39,"-대상 : 청년 예비·초기창업자(1987년 이후 출생자)

1987년 이전 출생자 및 미성년자",,"예비창업자,1년미만,2년미만,3년미만,5년미만",창업교육,20260512,20260525,,,온라인 접수: https://www.checkin-gwanak.or.kr/core/?cid=58&role=programvopn&pSeq=1199&tab=,https://www.k-startup.go.kr/web/contents/bizpbanc-ongoing.do?schM=view&pbancSn=177606,main,primary,도전창업트랙2기창업실무기초교육,지자체,20260512~20260525,창업교육,창업교육
kst,177605,서울창업허브 창동 운영,서울창업허브 창동에서 IR 자료 고도화가 필요한 창업기업을 대상으로 실전 피칭 역량 강화를 위한 IR 전문가 컨설팅 프로그램을 운영하오니 많은 신청 바랍니다.,시설/공간,민간,서울특별시,"대학생,일반인,일반기업,1인 창조기업","기업,누구나,청년,초기창업기업","만 20세 이상 ~ 만 39세 이하,만 40세 이상",,,"- IR 자료를 보유한 서울창업허브 창동 입주기업 또는 IR 자료 고도화를 희망하는 스타트업 등 창업기업
- 서울창업허브 창동 입주기업 또는 서울창업허브 창동 투자 특화 프로그램(IR 고도화 과정) &apos;IR 기초 교육 프로그램&apos; 1개 회차 이상 이수 기업 우선 선발",,"예비창업자,1년미만,2년미만,3년미만,5년미만,7년미만,10년미만",시설ㆍ공간ㆍ보육,20260511,20260529,,,온라인 접수: https://www.startup-plus.kr/project/PRJ006983,https://www.k-startup.go.kr/web/contents/bizpbanc-ongoing.do?schM=view&pbancSn=177605,main,primary,서울창업허브창동운영,민간,20260511~20260529,시설ㆍ공간ㆍ보육,시설ㆍ공간ㆍ보육
kst,177604,2026년 제8회 과천시 창업아이디어 경진대회,"과천지역 창업 활성화를 위하여 혁신적인 창업아이디어를 가진 창업가(팀)를 발굴하고, 창업 및 사업화 집중지원을 통해 우수기업으로 성장시키고자『제8회 과천시 창업아이디어 경진대회』의 창업자(팀) 모집을 다음과 같이 공고합니다.",창업,공공기관,전국,"청소년,대학생,일반인,대학,연구기관,일반기업,1인 창조기업","기업,누구나,예비창업자,청년,초기창업기업","만 20세 미만,만 20세 이상 ~ 만 39세 이하,만 40세 이상",,,"혁신적인 창업아이디어를 가진 예비창업자(팀) 및 설립 1년 미만 기창업자(팀)*
*공고일 기준, 설립 1년 이내(‘25. 5. 12. 이후 설립)의 사업체를 보유한 기업(개인 또는 법인) 및 예비창업자(개인 또는 팀)

▷ 과천시 창업지원센터 입주 및 관리기업으로서 지원받았거나 받는 자
   * 이전 과천시 창업아이디어 경진대회 선정기업 신청 불가능
 ▷ 금융기관 등으로부터 채무불이행으로 규제 중인 자
   * 단, 선정 후 협약 전까지 채무변제 완료 후 증빙이 가능한 자, 신용회복위원회의 프리워크아웃, 개인워크아웃 제도에서 채무조정합의서를 체결한 경우, 법원의 개인회생제도에서 변제 계획 인가를 받거나 파산면책 선고자, 회생인가를 받은 기업, 건강관리시스템 기업구조 개선 진단을 통한 정상화 의결기업 등 정부·공공기관으로부터 재기 지원 필요성을 인정받은 자는 신청 가능
 ▷ 국세 또는 지방세 체납으로 규제 중인 자
   * 단, 세금 분납 계획에 따른 성실납부자(체납처분유예신청), 선정 후 협약 전까지 국세, 지방세 등의 특수채무 변제 후 증빙이 가능한 자, 건강관리시스템 기업구조 개선 진단을 통한 정상화 의결기업 등 정부·공공기관으로부터 재기 지원 필요성을 인정받은 자는 신청(지원) 가능
 ▷ 타 중앙정부, 지자체, 공공기관의 유사한 사업을 지원받은 자
 ▷ 기타 중소벤처기업부, 경기도에서 참여 제한의 사유가 있다고 인정하는 자
※ 사업화지원팀 최종 선정자는 (국세 및 지방세) 완납 증명서, (금융기관 등) 채무불이행, 체납 규제 관련 증빙서류, 휴·폐업 사실증명원(국세청 홈택스 발급), 사업자등록증명원(국세청 홈택스 발급), 신용조회 동의서 등 제출",,"예비창업자,1년미만",사업화,20260512,20260525,,,온라인 접수: https://miniintern.com/event/3168,https://www.k-startup.go.kr/web/contents/bizpbanc-ongoing.do?schM=view&pbancSn=177604,main,primary,2026년제8회과천시창업아이디어경진대회,공공기관,20260512~20260525,사업화,사업화
kst,177603,[LH한국토지주택공사] 판교제2테크노밸리 기업지원허브 업무지원시설 임대 입점기업 모집 공고,LH 한국토지주택공사 경기남부지역본부에서 판교 제2테크노밸리 기업지원허브 업무지원시설 임대 입점기업을 모집하오니 많은 관심과 참여 부탁드립니다.,시설/공간,공공기관,경기도,"일반인,대학,연구기관,일반기업,1인 창조기업","기업,누구나,초기창업기업","만 20세 미만,만 20세 이상 ~ 만 39세 이하,만 40세 이상",,,"금회 공급하는 업무지원시설은 입주자모집공고일 현재 아래 업종 및 기관에 한하여 공급합니다.
- 금융(은행, 보증기금등), 창업·경영컨설팅, 특허, 법률, 회계서비스업, 마케팅
- 「중소기업창업 지원법」제32조에 따른 대학 내 창업지원 전담 조직을 갖춘 대학교
-「벤처투자 촉진에 관한 법률」제2조제9호 및 제10호에 따른 창업기획자(액셀러레이터) 및 벤처투자회사",,"예비창업자,1년미만,2년미만,3년미만,5년미만,7년미만,10년미만",시설ㆍ공간ㆍ보육,20260512,20260520,,,방문 접수: LH 경기남부지역본부(경기도 성남시 성남대로54번길 3) 2층 임대주택 고객상담실(218호),https://www.k-startup.go.kr/web/contents/bizpbanc-ongoing.do?schM=view&pbancSn=177603,main,primary,lh한국토지주택공사판교제2테크노밸리기업지원허브업무지원시설임대입점기업모집공고,공공기관,20260512~20260520,시설ㆍ공간ㆍ보육,시설ㆍ공간ㆍ보육
kst,177602,2026년 녹색·신기술·신제품 인증을 위한 실무교육 안내,"안녕하십니까. 국가녹색기술연구소 서울기후테크산업지원센터입니다.
다음과 같이 2026년 녹색·신기술·신제품 인증 실무교육에 대해 안내드리오니 참여할 의향이 있으신 분은
첨부한 신청서 작성 후 메일로 회신하시거나 네이버폼을 제출하여 신청 부탁드리겠습니다.",교육/멘토링,공공기관,서울특별시,"일반인,일반기업,1인 창조기업","기업,누구나,예비창업자,초기창업기업","만 20세 이상 ~ 만 39세 이하,만 40세 이상",,,서울시에 주소지를 둔 기후테크 기업 및 예비창업자,,"예비창업자,1년미만,2년미만,3년미만,5년미만,7년미만,10년미만",멘토링ㆍ컨설팅ㆍ교육,20260507,20260521,,,"온라인 접수: https://naver.me/5B0xuXtd
이메일 접수: 공고문 확인 필요",https://www.k-startup.go.kr/web/contents/bizpbanc-ongoing.do?schM=view&pbancSn=177602,main,primary,2026년녹색신기술신제품인증을위한실무교육안내,공공기관,20260507~20260521,멘토링ㆍ컨설팅ㆍ교육,멘토링ㆍ컨설팅ㆍ교육
kst,177601,미래 농산업을 주도할「농식품 MVP(Most Valuable Player) 1기」참여기업 모집,농림축산식품 분야 유망기업의 지속 가능한 성장을 이끌고자 전문 코디네이터의 맞춤형 컨설팅 및 상용화 비용을 지원하는「농식품 MVP(Most Valuable Player) 1기」참여기업을 모집합니다. 농림축산식품 혁신기업의 많은 관심과 참여 부탁드립니다.,창업,공공기관,전국,"일반인,대학,연구기관,일반기업,1인 창조기업","기업,누구나,초기창업기업","만 20세 이상 ~ 만 39세 이하,만 40세 이상",,,"자체 기술개발 성과를 보유하고, 이를 상용화하고자 하는 농림축산식품 분야 기업

‣ 접수 마감일 기준, 국가연구개발사업 연구과제의 기술료/정산금/환수금 납부 등 의무사항을 불이행하고 있는 경우
‣ 신청 서류가 허위이거나 거짓인 경우
‣「국가연구개발혁신법」제32조에 따른 부정행위 등에 대한 제재처분 참여제한 대상자(기업)
‣ 수사 중이거나 형사사건으로 기소 중인 자 또는 단체(기업)
‣「산업안전보건법」에 따라 산업재해 등과 관련하여 명단이 공표된 사업장(기업)
‣「공정거래관련법」위반 법인(기업 포함)
‣「근로기준법」에 의하여 임금체불과 관련하여 명단공개 또는 종합신용정보집중기관(한국신용정보원)에 자료제공이 된 체불사업장(대표)
‣「보조금법」 제31조의2에 따른 보조사업의 수행 대상에서 배제된 자(기업)
‣ 기타 본 사업에서 규정하는 모집 대상에 해당하지 않는 자(기업)",,"1년미만,2년미만,3년미만,5년미만,7년미만,10년미만",사업화,20260508,20260604,,,온라인 접수: https://www.newat.or.kr/info/intro/busiAnno/busiAnnoDetail.do?busiAnucSeq=2026700006&noticeAnucDivi=NT0004,https://www.k-startup.go.kr/web/contents/bizpbanc-ongoing.do?schM=view&pbancSn=177601,main,primary,미래농산업을주도할농식품mvpmostvaluableplayer1기참여기업모집,공공기관,20260508~20260604,사업화,사업화
kst,177600,영해 로컬 나이트마켓 창업팀 모집,"영덕 영해면의 로컬 거점 초하우스(CHO HOUSE)는 발효 식초 기반 웰니스 문화를 전파하는 카페이자 복합 공간입니다. 운영사 주식회사 초블레스는 지역 농수산물 가공과 로컬 콘텐츠 기획을 이어온 창업 선배로서, 상권의 동반 성장을 위해 이번 나이트마켓을 기획했습니다. 단순한 공간 대여가 아닙니다. 초블레스와 함께 영해의 밤을 새롭게 디자인하고, 실전에서 성장할 분들의 많은 지원 부탁드립니다.",시설/공간,민간,경상북도,"청소년,대학생,일반인,대학,연구기관,일반기업,1인 창조기업","기업,누구나,청년,초기창업기업","만 20세 미만,만 20세 이상 ~ 만 39세 이하,만 40세 이상",,,신규 및 예비 창업팀,,"예비창업자,1년미만,2년미만,3년미만,5년미만,7년미만,10년미만",시설ㆍ공간ㆍ보육,20260511,20260530,,,온라인 접수: https://forms.gle/N8a74yhqxQDSmpsd8,https://www.k-startup.go.kr/web/contents/bizpbanc-ongoing.do?schM=view&pbancSn=177600,main,primary,영해로컬나이트마켓창업팀모집,민간,20260511~20260530,시설ㆍ공간ㆍ보육,시설ㆍ공간ㆍ보육
kst,177599,창업보육센터 지원,군포산업진흥원에서는 초기창업기업과 중소·벤처기업의 육성지원을 위한 창업보육센터 입주기업을 모집하오니 역량 있는 (예비)창업자의 많은 신청 바랍니다.,시설/공간,공공기관,전국,"대학생,일반인,일반기업,1인 창조기업","기업,누구나,예비창업자,청년,초기창업기업","만 20세 이상 ~ 만 39세 이하,만 40세 이상",,,"우수한 기술 또는 아이템을 보유한 예비창업자 및 창업 7년 미만 기업

- 중소기업창업 지원법 시행령 제4조에 해당되는 업종
- 금융기관으로부터 불량거래자로 규제받고 있는 자 또는 기업
- 국세 또는 지방세 체납 중인 자 또는 기업
- 입주 심사위원회에서 부적합하다고 인정하는 자 또는 기업
- 이전 본원 창업보육센터에 입주한 경험이 있는 자 또는 기업",,7년미만,시설ㆍ공간ㆍ보육,20260511,20260529,,,이메일 접수: 공고문 확인 필요,https://www.k-startup.go.kr/web/contents/bizpbanc-ongoing.do?schM=view&pbancSn=177599,main,primary,창업보육센터지원,공공기관,20260511~20260529,시설ㆍ공간ㆍ보육,시설ㆍ공간ㆍ보육
kst,177597,2026년 여성CEO 비즈니스 아카데미 서울권역 시즌 1,"안녕하세요. 2026년, 기업의 변화와 성장을 준비하는 여성 CEO 여러분!
2026년은 정책, 경제, 트렌드, 기술 등 다양한 분야에서 큰 변화가 이루어지고 있으며, 이에 발맞춰 새로운 성장 전략을 준비해야 할 중요한 시기입니다.「2026 여성 CEO 비즈니스 아카데미 권역별 교육」은 기업의 다음 단계 성장을 고민하는 여성 CEO들에게 실질적이고 의미 있는 인사이트를 제공하기 위해 마련된 권역별 오픈특강입니다. 2026년 5월 27일(수) 서울권역 교육을 시작으로 호남권, 충청권, 강원권, 인천·경기권, 경상권까지 6개 권역에서 권역별로 2회씩, 총 12회의 교육이 순차적으로 진행될 예정입니다.
많은 참여와 관심 부탁드립니다.",행사/네트워크,교육기관,서울특별시,"일반기업,1인 창조기업","기업,여성,초기창업기업","만 20세 이상 ~ 만 39세 이하,만 40세 이상",,,기업의 성장과 변화를 고민하는 여성CEO (80명/선착순마감),,"1년미만,2년미만,3년미만,5년미만,7년미만,10년미만",행사ㆍ네트워크,20260508,20260521,,,온라인 접수: https://event-us.kr/m/125721/53973,https://www.k-startup.go.kr/web/contents/bizpbanc-ongoing.do?schM=view&pbancSn=177597,main,primary,2026년여성ceo비즈니스아카데미서울권역시즌1,교육기관,20260508~20260521,행사ㆍ네트워크,행사ㆍ네트워크
kst,177595,『2026년 공공기술기반 시장연계 창업탐색 지원사업』글로벌 액셀러레이팅 연계 참가기업 모집,"에스아이디파트너스(주)는 공공기술기반 시장연계 창업탐색 지원사업에 참여한 창업팀이 보유한 혁신 기술의 글로벌 시장 진출 및 성장동력 확보를 지원하고자 글로벌 진출을 희망하는 창업기업들을 모집하오니, 많은 관심과 적극적인 참여를 바랍니다.",판로/수출,민간,전국,일반기업,기업,"만 20세 미만,만 20세 이상 ~ 만 39세 이하,만 40세 이상",,,"공공기술기반 시장연계 창업탐색 지원사업에 참여한 창업기업 가운데 사업화·투자유치·대기업 협업·글로벌 진출 역량을 보유하고 스케일업 의지가 있는 기업
    * 창업후 7년 이내 기업(단, 딥테크 분야는 10년 이내)
    * 상용화 가능한 제품 또는 서비스 보유 기업
    * 전담인력 중 최소1인 이상 영어 능통자 보유",,"예비창업자,1년미만,2년미만,3년미만,5년미만,7년미만,10년미만",글로벌,20260508,20260522,,,온라인 접수: https://m.site.naver.com/24Zk5,https://www.k-startup.go.kr/web/contents/bizpbanc-ongoing.do?schM=view&pbancSn=177595,main,primary,2026년공공기술기반시장연계창업탐색지원사업글로벌액셀러레이팅연계참가기업모집,민간,20260508~20260522,글로벌,글로벌
kst,177594,2026년 스마트 전자약 사업화 종합 지원 사업,[스마트전자약 사업화 종합지원센터]는 국내 스마트 전자약 산업의 기술 역량을 보유한 기업들이 사업화를 성공적으로 추진할 수 있도록 지원하는 사업입니다,창업,민간,전국,일반기업,기업,"만 20세 미만,만 20세 이상 ~ 만 39세 이하,만 40세 이상",,,"국내 스마트 전자약 산업의 기술 역량을 보유한 기업

아래 내용 중 한개라도 해당하는 경우는 지원 불가
- 부도, 화의, 법정관리중인 경우
- 국세 및 지방세 체납중인 경우
- 금융 불량거래처로 규제중인 경우
- 수행실적 확인이 불분명하거나 허위 서류를 제출한 경우
- 허위 또는 그 밖의 부정한 방법으로 신청 서류를 제출한 경우
- 기타 본 사업 목적 및 지원분야 등으로 적정하지 않다고 판단되는 경우",,"예비창업자,1년미만,2년미만,3년미만,5년미만,7년미만,10년미만",사업화,20260518,20260529,,,"이메일 접수: 공고문 확인 필요
기타 접수: https://smartemedicine.co.kr",https://www.k-startup.go.kr/web/contents/bizpbanc-ongoing.do?schM=view&pbancSn=177594,main,primary,2026년스마트전자약사업화종합지원사업,민간,20260518~20260529,사업화,사업화
kst,177593,1인 창조기업 지원센터,벤처창업 도전 활성화를 위하여 춘천시 1인 창조기업 지원센터에서는 우수한 아이디어를 가진 예비창업자 및 1인 기업을 다음과 같이 모집하오니 많은 관심과 참여바랍니다.,시설/공간,공공기관,전국,"청소년,대학생,일반인,대학,연구기관,일반기업,1인 창조기업","기업,누구나,예비창업자,청년,초기창업기업","만 20세 미만,만 20세 이상 ~ 만 39세 이하,만 40세 이상",,,"1. 예비창업자 :
입주일 기준 사업자(개인, 법인) 등록이 없는 자로
예비 1인 창조기업 또는 예비 일반 창업자
(예비창업자의 경우 입주일 기준 6개월 이내 사업자등록 필수)
2. 1인 창조기업 : 1인 창조기업 육성에 관한 법률에 의한 1인 창조기업
3. 일반 창업기업 : 1인 창조기업에 해당하지 않은 7년 이내 창업기업

- 부동산업 등 대통령령으로 정하는 업종을 영위하는 자 ☞ 공고문 내 별표1 참조
- 건강보험 자격득실 확인서상 직장가입자 (※ 별도 승인 후 입주 가능)",,"예비창업자,1년미만,2년미만,3년미만,5년미만,7년미만",시설ㆍ공간ㆍ보육,20260512,20260522,,,"이메일 접수: 공고문 확인 필요
방문 접수: 강원 춘천시 공지로 305 4층 춘천시1인창조기업지원센터",https://www.k-startup.go.kr/web/contents/bizpbanc-ongoing.do?schM=view&pbancSn=177593,main,primary,1인창조기업지원센터,공공기관,20260512~20260522,시설ㆍ공간ㆍ보육,시설ㆍ공간ㆍ보육
kst,177592,ICT 학점연계 프로젝트 인턴십,과학기술정보통신부가 주최하고 정보통신기획평가원/한국정보산업연합회가 주관하는 「ICT 학점연계 프로젝트 인턴십」 사업의 2026년 하반기 국내과정 참여 기업을 모집하오니 공고문과 공지사항을 확인해주시기 바랍니다.,인력/일자리,민간,전국,"대학생,연구기관,일반기업,1인 창조기업","기업,청년,초기창업기업","만 20세 미만,만 20세 이상 ~ 만 39세 이하,만 40세 이상",,,"- (기업) 실습생에게 ICT 관련 직무를 부여할 수 있는 국내 중소/중견/스타트업 기업

대기업",,"1년미만,2년미만,3년미만,5년미만,7년미만,10년미만",인력,20260427,20260602,,,온라인 접수: https://www.ictintern.or.kr,https://www.k-startup.go.kr/web/contents/bizpbanc-ongoing.do?schM=view&pbancSn=177592,main,primary,ict학점연계프로젝트인턴십,민간,20260427~20260602,인력,인력
kst,177589,IP 디딤돌 프로그램,창원상공회의소(경남지식재산센터)에서는 경남도내 지식재산 인식 제고 및 지식재산 인력 양성을 위한 『2026년 제33기 IP창업존 교육』을 운영하오니 관심 있는 분들의 많은 참여 부탁드립니다.,교육/멘토링,공공기관,경상남도,"청소년,대학생,일반인,대학,연구기관,일반기업,1인 창조기업","기업,누구나,청년,초기창업기업","만 20세 미만,만 20세 이상 ~ 만 39세 이하,만 40세 이상",,,"경남도민, 경남지역 학교 재학생, 경남지역 창업 예정자",,예비창업자,멘토링ㆍ컨설팅ㆍ교육,20260511,20260610,,,이메일 접수: 공고문 확인 필요,https://www.k-startup.go.kr/web/contents/bizpbanc-ongoing.do?schM=view&pbancSn=177589,main,primary,ip디딤돌프로그램,공공기관,20260511~20260610,멘토링ㆍ컨설팅ㆍ교육,멘토링ㆍ컨설팅ㆍ교육
kst,177588,2026 LBS 스타트업 챌린지,2026 LBS 스타트업 챌린지와 관련하여 과 같이 우수한 아이템을 보유하고 있는 차세대 위치기반 비즈니스 모델을 발굴하여 사업화 지원을 통해 위치정보 산업 활성화에 기여하고자 하오니 많은 참여 바랍니다.,창업,공공기관,전국,"청소년,대학생,일반인,대학,연구기관,일반기업,1인 창조기업","기업,누구나,스타트업,청년,초기창업기업","만 20세 미만,만 20세 이상 ~ 만 39세 이하,만 40세 이상",,,"위치정보를 활용한 위치기반 서비스의 아이디어·사업화 단계의 사업자 및 기획·개발단계 스타트업

1) 아이디어 분야
- 청년(34세 이하) 개인 또는 팀​
- 공고일 기준 응모자 명의의 위치정보/위치기반사업체 등을 보유하고 있지 않은 자

2) 사업화 분야
- 상용화․사업화 단계의 중소･영세사업자
- 온․오프라인에서 구현 가능한 위치기반 서비스/상품에 대한 아이디어가 실제 사업단계에 이른 비즈니스 모델(시제품 보유)
※ 2차 발표심사 시, 발표자는 시제품(prototype) 시연 또는 상품/서비스 소개 성격의 1분 내외 영상을 발표에 포함시켜야

｢공정거래법｣에 따라 상호출자제한기업집단(대기업)으로 지정된 사업",,"예비창업자,1년미만,2년미만,3년미만,5년미만,7년미만,10년미만",사업화,20260511,20260610,,,"온라인 접수: https://www.korealbs.or.kr/2026/entry.asp
이메일 접수: 공고문 확인 필요",https://www.k-startup.go.kr/web/contents/bizpbanc-ongoing.do?schM=view&pbancSn=177588,main,primary,2026lbs스타트업챌린지,공공기관,20260511~20260610,사업화,사업화
kst,177587,"[인포뱅크X티비즈] (홍릉) 2026년 GRaND-K 창업학교 예비/초기창업 기업 모집(연장공고 ~5/15, 17:00)","2026 서울홍릉강소특구「GRaND-K 창업학교」프로그램에 함께 할 예비·초기 스타트업을 모집합니다.
지난 30여년간 다양한 신규 사업 및 성공적인 기업공개(IPO) 경험을 토대로 예비·초기 스타트업 육성과 투자를 활발하게 해 온 '인포뱅크'와 기술사업화 전문기업 '티비즈' 및 분야별 전문가들이
예비·초기 스타트업을 위한 맞춤형 프로그램을 제공하오니 많은 관심과 참여 바랍니다.",창업,민간,서울특별시,"청소년,대학생,일반인,대학,연구기관,일반기업,1인 창조기업","기업,누구나,예비창업자,청년,초기창업기업","만 20세 미만,만 20세 이상 ~ 만 39세 이하,만 40세 이상",,,"• 서울시 소재 기술창업을 희망하는 예비창업자 또는 초기 창업기업(홍릉강소특구 지역 내 우대)
- 예비창업자: 사업종료(‘27년 3월) 3개월 이전에 창업이 가능한 자
- 초기창업기업: 창업 3년 미만 기업(2023년 5월 9일 이후 창업자)

• 서울 소재 외 및 3년 초과 기업
- 타 사업화 지원사업과 중복 없음(예창, 초창 등)",,"예비창업자,1년미만,2년미만,3년미만",사업화,20260511,20260515,,,온라인 접수: https://forms.gle/WEr8NCdfZUjf5iZx9,https://www.k-startup.go.kr/web/contents/bizpbanc-deadline.do?schM=view&pbancSn=177587,main,primary,인포뱅크x티비즈홍릉2026년grandk창업학교예비초기창업기업모집연장공고5151700,민간,20260511~20260515,사업화,사업화
kst,177586,2026년 성북구 청년 소셜벤처 혁신 경연대회 참가팀 모집,"2026년 성북구 청년 소셜벤처 혁신 경연대회 참가팀 모집 공고
청년 창업을 지원하고 창의적이고 혁신적인 비즈니스 모델을 발굴하기 위한「2026년 성북구 청년 소셜벤처 혁신 경연대회」의 참가팀을 다음과 같이 공모하오니, 관심 있는 청년들의 많은 참여 바랍니다.",창업,민간,서울특별시,"대학생,일반인,일반기업,1인 창조기업","기업,누구나,청년,초기창업기업",만 20세 이상 ~ 만 39세 이하,20,39,"[신청자격 공고문 상세 내용 참조]
1) 2인 이상으로 구성된 창업 준비팀  또는 성북구 소셜벤처ㆍ사회적경제 기업
2) 연령기준 : 19세 ~ 39세인 청년이 전체 팀원의 50% 이상
3) 지역기준 : 성북구 거주 또는 성북구 소재 대학교 재학생ㆍ졸업생, 성북구 소재 기업

* 창업 준비팀 또는 공고일 기준 창업 2년 이하 기업 가점부여(심사표 참고)
    ※ 공고일 2026. 4. 30.  →  2024. 4. 30. 이후 설립 기업 가점 대상
 * 소셜벤처 기업 : 중소벤처기업부(기술보증기금)에서 소셜벤처 기업으로 확인된 기업
    사회적경제 기업 : (예비)사회적기업, (사회적)협동조합, 자활기업, 마을기업 등
 * 1987. 1. 1. ~ 2007. 12. 31. 출생자
 *창업 준비팀의 경우 전체 팀원의 50% 이상 지역기준 충족 시 참가 가능 
 *사업자등록증 기준 소재지가 성북구인 업체에 한함

- 동일 아이디어로 정부부처·지방자치단체 및 공공기관 등에서 주최ㆍ주관한 아이디어 경연대회에서 수상 이력이 있는 개인 또는 단체
   (추후 중복지원 발견 시 수상 취소 및 사업개발비 전액 환수)
※ 본 경연대회 수상 이력이 있는 개인 또는 단체는 다른 사업 모델로 참가 가능
       단, 심사 시 감점 부여(심사표 참고)",,"예비창업자,10년미만",사업화,20260511,20260520,,,이메일 접수: 공고문 확인 필요,https://www.k-startup.go.kr/web/contents/bizpbanc-ongoing.do?schM=view&pbancSn=177586,main,primary,2026년성북구청년소셜벤처혁신경연대회참가팀모집,민간,20260511~20260520,사업화,사업화
kst,177585,예술산업 금융지원 시범사업,"예술기업의 금융 접근성을 높이기 위한 ‘예술산업 금융지원 시범사업 지역설명회’를 개최합니다.
이번 설명회는 평소 금융 지원 문턱이 높았던 예술기업을 위해 지원사업의 이해부터 신청 준비, 정책자금 활용 방안, 그리고 1:1 상담까지 한 번에 준비했습니다.
예술기업 관계자분들의 많은 관심과 참여를 바랍니다.",행사/네트워크,공공기관,부산광역시,"일반기업,1인 창조기업","기업,예비창업자,초기창업기업","만 20세 이상 ~ 만 39세 이하,만 40세 이상",,,"예술분야 기업(임직원), 예술분야 협단체 관계자 등
(* 문화예술진흥법 제2조 제1호 문화, 미술, 음악(대중음악 제외), 무용, 연극, 국악, 뮤지컬 등과 관련된 예술작품 및 상품을 기획·제작·유통하거나 이를 지원하는 경제활동을 주된 사업으로 영위하는 사업자)

예비창업자 및 예술인(예술기업 혹은 개인 사업자 예외)",,"1년미만,2년미만,3년미만,5년미만,7년미만,10년미만",행사ㆍ네트워크,20260504,20260520,,,온라인 접수: https://event-us.kr/jfryo6fv/event/125207,https://www.k-startup.go.kr/web/contents/bizpbanc-ongoing.do?schM=view&pbancSn=177585,main,primary,예술산업금융지원시범사업,공공기관,20260504~20260520,행사ㆍ네트워크,행사ㆍ네트워크
kst,177583,IP 디딤돌 프로그램,"재)전남테크노파크에서는 전남 도내 창의적 아이디어를 발굴하고 이를, 지식재산 권리화 및 사업화로 연계하여 지역 경제 활성화에 기여하기 위해 아래와 같이「2026년 전남 IP창업Zone 2기」교육과정을 운영하오니, 많은 관심과 참여바랍니다.",교육/멘토링,공공기관,전국,"청소년,대학생,일반인,대학,연구기관,일반기업,1인 창조기업","기업,누구나,청년,초기창업기업","만 20세 미만,만 20세 이상 ~ 만 39세 이하,만 40세 이상",,,"중장년 (예비)창업자
     ※ 중장년: 만 40세 이상 / 10인 이상 모집시 교육 진행
      ※ 중장년이 아니어도 교육 신청 가능",,"예비창업자,1년미만,2년미만,3년미만,5년미만,7년미만,10년미만",멘토링ㆍ컨설팅ㆍ교육,20260511,20260605,,,이메일 접수: 공고문 확인 필요,https://www.k-startup.go.kr/web/contents/bizpbanc-ongoing.do?schM=view&pbancSn=177583,main,primary,ip디딤돌프로그램,공공기관,20260511~20260605,멘토링ㆍ컨설팅ㆍ교육,멘토링ㆍ컨설팅ㆍ교육
kst,177582,2026년 여성창업 지식재산권 지원사업 참가자 모집,북부여성새일센터 2026년 여성창업 지식재산권 지원사업 참가를 원하시는 분은 아래 내용을 확인하시고 신청해주시기 바랍니다.,교육/멘토링,공공기관,전국,"대학생,일반인,1인 창조기업","누구나,여성,청년,초기창업기업","만 20세 미만,만 20세 이상 ~ 만 39세 이하,만 40세 이상",,,"여성 예비 또는 초기 창업자(25명)
 *초기 창업자 기준 : 사업자등록증 개업일이 2026.6.18(목)로부터 3년 이내",,"예비창업자,1년미만,2년미만,3년미만",멘토링ㆍ컨설팅ㆍ교육,20260511,20260611,,,온라인 접수: https://naver.me/xJcquzpj,https://www.k-startup.go.kr/web/contents/bizpbanc-ongoing.do?schM=view&pbancSn=177582,main,primary,2026년여성창업지식재산권지원사업참가자모집,공공기관,20260511~20260611,멘토링ㆍ컨설팅ㆍ교육,멘토링ㆍ컨설팅ㆍ교육
kst,177580,2026년 6월 동네창업학교 교육생 모집 공고,충남신용보증재단에서 충남지역 청년 예비창업자와 중소기업 및 소상공인의 사업 역량 강화를 위해 2026년 6월 동네창업학교 교육생을 모집합니다.,창업,공공기관,충청남도,"대학생,일반인,대학,일반기업,1인 창조기업","기업,누구나,예비창업자,청년,초기창업기업","만 20세 미만,만 20세 이상 ~ 만 39세 이하",,,"- 충청남도 내 창업 예정인 청년 예비창업자 또는
- 충청남도 소재 사업장을 운영 중인 청년 기창업자(업종제한 없음)
 *(청년) 19세 이상 39세 이하(1986년 1월 3일 ~ 2007년 1월 2일)",,"예비창업자,1년미만,2년미만,3년미만,5년미만,7년미만,10년미만",창업교육,20260428,20260609,,,온라인 접수: https://www.cnsinbo.co.kr/reservation/educationView.do?m=1003&seq=399,https://www.k-startup.go.kr/web/contents/bizpbanc-ongoing.do?schM=view&pbancSn=177580,main,primary,2026년6월동네창업학교교육생모집공고,공공기관,20260428~20260609,창업교육,창업교육
kst,177579,스타트업 액셀러레이팅 지원,"유망 스타트업의 성장 준비단계 강화를 위하여「2026년 창원시 스타트업 액셀러레이팅 지원사업」을 추진하고 있으니, 창원시 소재 창업기업의 많은 참여 바랍니다.",창업,지자체,경상남도,일반기업,"기업,스타트업","만 20세 미만,만 20세 이상 ~ 만 39세 이하,만 40세 이상",,,"기술창업 업종을 영위하는 창업 7년 이내 창원시 관내 스타트업

휴․폐업 중인 기업 또는 세금 체납 중인 기업 등",,"1년미만,2년미만,3년미만,5년미만,7년미만",사업화,20260511,20260529,,,"온라인 접수: https://www.cwip.or.kr/bbs/board.php?bo_table=b0501&wr_id=390
이메일 접수: 공고문 확인 필요",https://www.k-startup.go.kr/web/contents/bizpbanc-ongoing.do?schM=view&pbancSn=177579,main,primary,스타트업액셀러레이팅지원,지자체,20260511~20260529,사업화,사업화
kst,177578,『2026년 창업지원센터 청년관 신규 1인창조기업 모집』공고,수원도시재단에서는 혁신 역량을 갖춘 청년 (예비)창업기업을 발굴·육성하기 위해 「2026년 제2회 창업지원센터 청년관 신규 1인창조기업」을 다음과 같이 모집합니다. 관심 있는 청년창업자 여러분의 많은 신청 바랍니다.,시설/공간,공공기관,전국,1인 창조기업,"예비창업자,청년,초기창업기업",만 20세 이상 ~ 만 39세 이하,20,39,"□ 신청자격
   ❍ 기술적 산업 지능화 혁신 기술을 보유하고, 청년관 입주 후 3개월 이내 창업이 가능한 청년 예비창업자
   ❍ 창업 7년 이내의 스타트업 및 기술집약형 청년창업자(공고일 기준) 
   ❍ 신청 제외 대상: 별첨 참조
   ❍ 청년창업기업: 만39세 이하의 창업가(대표자) / 공고일 기준

□ 제외대상
   ❍ 입주 후 본사 주소지를 창업지원센터 청년관으로 이전하지 않는 경우
      (연구소, 지사, 지점 등으로 입주를 희망하는 경우)
   ❍ 금융기관으로부터 채무불이행으로 규제 중인 개인, 기업 또는 휴․폐업 중인 자
   ❍ 국세 및 지방세 체납 중인 개인 또는 기업
   ❍ 중소기업창업지원법 시행령 제4조(창업에서 제외되는 업종)의 업종을 영위하고자 하는 자(기업) 및 공해 유발 등 센터에 부적합하다고 인정되는 개인 또는 기업【별첨】
   ❍ 서류평가 시 기타사항으로 부적합하다고 인정되는 경우",,"예비창업자,1년미만,2년미만,3년미만,5년미만,7년미만",시설ㆍ공간ㆍ보육,20260511,20260605,,,"이메일 접수: 공고문 확인 필요
방문 접수: 수원도시재단 창업지원센터 청년관(16463 경기도 수원시 팔달구 매산로 41 4층 행정실)",https://www.k-startup.go.kr/web/contents/bizpbanc-ongoing.do?schM=view&pbancSn=177578,main,primary,2026년창업지원센터청년관신규1인창조기업모집공고,공공기관,20260511~20260605,시설ㆍ공간ㆍ보육,시설ㆍ공간ㆍ보육
kst,177577,재도전·혁신캠퍼스 운영,"대전창조경제혁신센터는 정밀 진단 기반의 피보팅 지원과 투자 연계를 통해 성장 가능성이 높은 재창업자를 발굴·육성하고, Scale-Up 및 시장 재진입을 지원하기 위한 「재도전 : BRAVO 액셀러레이팅 지원사업」 참여 민간운영사를 모집하오니 많은 관심과 참여 바랍니다.",시설/공간,공공기관,대전광역시,일반기업,기업,"만 20세 미만,만 20세 이상 ~ 만 39세 이하,만 40세 이상",,,"- 공고일 기준 대전지역 내 본사 또는 지사를 설립하여 운영 중인 민간운영사
 - 「벤처투자 촉진에 관한 법률」제2조 제9호 내지 11호에 따라 중소벤처기업부에 창업기획자(액셀러레이터), 개인투자조합, 벤처투자회사, 벤처투자조합(중소기업창업투자조합), 한국벤처투자로 등록된 기관    * 학술연구 용역, 전시회 디자인, 전시 부스 설치로 등록된 기관은 제외
  - 창업기획자(액셀러레이터), 중소기업창업투자회사, 액셀러레이팅 프로그램을 보유한 기업 등
      * 단, 협약체결 후 2개월 이내 대전지역에 본사 또는 지사를 이전하거나 설립할 경우 지원 가능",,"예비창업자,1년미만,2년미만,3년미만,5년미만,7년미만,10년미만",시설ㆍ공간ㆍ보육,20260511,20260529,,,이메일 접수: 공고문 확인 필요,https://www.k-startup.go.kr/web/contents/bizpbanc-ongoing.do?schM=view&pbancSn=177577,main,primary,재도전혁신캠퍼스운영,공공기관,20260511~20260529,시설ㆍ공간ㆍ보육,시설ㆍ공간ㆍ보육
kst,177575,2026년 글로벌기업 협업프로그램(추경) 창업기업 모집 공고,글로벌 기업과 협업하여 창업기업의 글로벌 혁신 성장을 지원하는 「2026년 글로벌 기업 협업 프로그램」에 참여할 창업기업 모집계획을 다음과 같이 공고합니다.,창업,공공기관,전국,"청소년,대학생,일반인,대학,연구기관,일반기업,1인 창조기업","기업,누구나,청년,초기창업기업","만 20세 미만,만 20세 이상 ~ 만 39세 이하,만 40세 이상",,,"창업 후 업력 7년(또는 10년 이내) 창업기업
*세부 내용 공고 본문 참고

공고 본문 참고",,"1년미만,2년미만,3년미만,5년미만,7년미만,10년미만",사업화,20260511,20260528,,,기타 접수: 공고 신청은 아래의 [온라인 접수]표를 참고해주시기 바랍니다.,https://www.k-startup.go.kr/web/contents/bizpbanc-ongoing.do?schM=view&pbancSn=177575,main,primary,2026년글로벌기업협업프로그램추경창업기업모집공고,공공기관,20260511~20260528,사업화,사업화
kst,177574,고객 가치 제안과 검증 교육 참가자 모집,"상지대학교 벤처창업본부에서는 (예비)창업기업의 창업 추진 방향 설정을 돕기 위해
「 고객 가치 제안과 검증 교육 」을 개최합니다.
많은 관심과 참여 바랍니다.",교육/멘토링,교육기관,강원특별자치도,"청소년,대학생,일반인,대학,연구기관,일반기업,1인 창조기업","기업,누구나,청년,초기창업기업","만 20세 미만,만 20세 이상 ~ 만 39세 이하,만 40세 이상",,,창업에 관심있는 누구나,,"예비창업자,1년미만,2년미만,3년미만,5년미만,7년미만,10년미만",멘토링ㆍ컨설팅ㆍ교육,20260511,20260513,,,온라인 접수: https://forms.gle/SRjtU7xWJR4TgTec8,https://www.k-startup.go.kr/web/contents/bizpbanc-deadline.do?schM=view&pbancSn=177574,main,primary,고객가치제안과검증교육참가자모집,교육기관,20260511~20260513,멘토링ㆍ컨설팅ㆍ교육,멘토링ㆍ컨설팅ㆍ교육
kst,177573,컨셉 활용 고객 가치 제안 구체화 교육 참가자 모집,"상지대학교 벤처창업본부에서는 (예비)창업기업의 창업 추진 방향 설정을 돕기 위해
「 컨셉 활용 고객 가치 제안 구체화 교육 」을 개최합니다.
많은 관심과 참여 바랍니다.",교육/멘토링,교육기관,강원특별자치도,"청소년,대학생,일반인,대학,연구기관,일반기업,1인 창조기업","기업,누구나,청년,초기창업기업","만 20세 미만,만 20세 이상 ~ 만 39세 이하,만 40세 이상",,,창업에 관심있는 누구나,,"예비창업자,1년미만,2년미만,3년미만,5년미만,7년미만,10년미만",멘토링ㆍ컨설팅ㆍ교육,20260511,20260513,,,온라인 접수: https://forms.gle/CGJfYuWMhdmhzCk79,https://www.k-startup.go.kr/web/contents/bizpbanc-deadline.do?schM=view&pbancSn=177573,main,primary,컨셉활용고객가치제안구체화교육참가자모집,교육기관,20260511~20260513,멘토링ㆍ컨설팅ㆍ교육,멘토링ㆍ컨설팅ㆍ교육
kst,177572,[성평등가족부/서울시지원] AI기반 e커머스 쇼핑몰 창업과정 교육생 모집,오픈마켓 및 온라인 쇼핑몰 창업 의사가 확고한 여성 22명을 모집하오니 관심 있는 분들의 많은 신청 바랍니다.,창업,공공기관,서울특별시,"대학생,일반인","누구나,청년","만 20세 이상 ~ 만 39세 이하,만 40세 이상",,,"실제 온라인 쇼핑몰 창업을 계획·준비중인 분들에게 적합합니다
- 온라인쇼핑몰·오픈마켓 창업을 준비 중인 예비 창업자 
- 기존 오프라인 사업의 온라인 전환을 고민하는 소상공인
- SNS 마케팅이나 스마트스토어 운영에 관심을 가지고 실제 창업을 계획중인 여성
- 디지털 기반 부업 또는 1인 창업을 희망하는 여성
- 경력보유여성 및 경력단절 이후 창업을 고민하는 여성

남성",,"예비창업자,1년미만,2년미만,3년미만,5년미만,7년미만,10년미만",창업교육,20260501,20260627,,,이메일 접수: 공고문 확인 필요,https://www.k-startup.go.kr/web/contents/bizpbanc-ongoing.do?schM=view&pbancSn=177572,main,primary,성평등가족부서울시지원ai기반e커머스쇼핑몰창업과정교육생모집,공공기관,20260501~20260627,창업교육,창업교육
kst,177571,청년창조발전소 꿈터+ 운영,"청년창조발전소 꿈터플러스에서는
부산지역 내 대학(원)생, 창업동아리 및 청년 예비창업가의
창업 역량 증진을 통한 창업 계기 마련을 위해
「Dream-Camp 4기」를 개최하오니,
많은 관심과 참여를 바랍니다.",시설/공간,민간,부산광역시,"대학생,일반인","누구나,예비창업자,청년",만 20세 이상 ~ 만 39세 이하,20,39,"부산 지역 청년 예비창업자(공고일 기준 만 39세 이하)
우대사항 : 부산 소재 대학(원)생, 휴학생 우선 선발
*모집대상 및 우대사항은 대표자 기준",,예비창업자,시설ㆍ공간ㆍ보육,20260508,20260612,,,이메일 접수: 공고문 확인 필요,https://www.k-startup.go.kr/web/contents/bizpbanc-ongoing.do?schM=view&pbancSn=177571,main,primary,청년창조발전소꿈터운영,민간,20260508~20260612,시설ㆍ공간ㆍ보육,시설ㆍ공간ㆍ보육
kst,177570,(재)여성기업종합지원센터 울산센터 BI 신규입주기업 모집,(재)여성기업지원센터 울산센터에서는 창의적이고 역량 있는 여성(예비) 창업기업 지원을 위해 아래와 같이 모집합니다.,시설/공간,민간,울산광역시,"일반인,일반기업","기업,누구나,여성,예비창업자","만 20세 미만,만 20세 이상 ~ 만 39세 이하,만 40세 이상",,,"여성 예비창업자
창업 7년 미만 여성기업",,"예비창업자,7년미만",시설ㆍ공간ㆍ보육,20260511,20260531,,,"이메일 접수: 공고문 확인 필요
방문 접수: 울산광역시 남구 돋질로 20, 여성기업종합지원센터 울산센터 3층 운영사무실",https://www.k-startup.go.kr/web/contents/bizpbanc-ongoing.do?schM=view&pbancSn=177570,main,primary,재여성기업종합지원센터울산센터bi신규입주기업모집,민간,20260511~20260531,시설ㆍ공간ㆍ보육,시설ㆍ공간ㆍ보육
kst,177569,2026년도 시장창출형 지능형 로봇 활용 및 확산 사업 연장공고,"부산지역 도심형 서비스로봇 발굴 및 실증을 통해 로봇 서비스 도시 기반을 마련하고, 제조·서비스 산업과 로봇의 융합을 통한 기업 성장동력 확보를 위하여 기술력과 성장역량을 보유한 기업을 모집 지원하고자 다음과 같이 공고합니다.",창업,공공기관,부산광역시,"대학,연구기관,일반기업,1인 창조기업","기업,초기창업기업","만 20세 이상 ~ 만 39세 이하,만 40세 이상",,,공고일 기준 부산소재 기업,,"예비창업자,1년미만,2년미만,3년미만,5년미만,7년미만,10년미만",사업화,20260408,20260522,,,이메일 접수: 공고문 확인 필요,https://www.k-startup.go.kr/web/contents/bizpbanc-ongoing.do?schM=view&pbancSn=177569,main,primary,2026년도시장창출형지능형로봇활용및확산사업연장공고,공공기관,20260408~20260522,사업화,사업화
kst,177568,서대문청년창업센터 기업입주공간 2026년 하반기 입주기업 모집 공고,"「서울특별시 서대문구 청년기본조례」제14조,「서울특별시 서대문구사회적경제 활성화 지원 조례」제23조에 따라 서대문구가 운영중인 사무공간에 입주할 우수한 청년창업기업 및 사회적경제기업을 다음과 같이 공모합니다.",시설/공간,지자체,서울특별시,"청소년,대학생,일반인,일반기업,1인 창조기업","기업,누구나,청년,초기창업기업","만 20세 미만,만 20세 이상 ~ 만 39세 이하,만 40세 이상",,,"• 청년창업기업(공고일 기준 대표자 연령이 39세 이하인 법인, 법인이 아닌 경우1년이내 법인으로 전환을 조건)
• (예비)사회적기업,사회적협동조합, 예비청년창업자(팀)
※ 사회적경제기업 : (예비)사회적기업, (사회적)협동조합, (사회적)협동조합연합회, 마을기업, 자활기업 등(「서울특별시 서대문구 사회적경제 활성화 지원 조례」 제3조 제2호)※ 청년창업기업 : 대표자의 연령이 39세 이하인 창업기업(「중소기업창업지원법」 제2조 제11호)
※ 예비청년창업자 : 창업을 하려는 39세 이하의 개인 등(「중소기업창업지원법」 제2조 제12호)(각 공간별 지원 자격은 첨부된 공고문 참고)

지원불가) 중소벤처기업부 공고 정책자금 지원 제외 업종, 사치행락적 소비 투기 조장 업종등",,"예비창업자,1년미만,2년미만,3년미만,5년미만,7년미만",시설ㆍ공간ㆍ보육,20260508,20260525,,,이메일 접수: 공고문 확인 필요,https://www.k-startup.go.kr/web/contents/bizpbanc-ongoing.do?schM=view&pbancSn=177568,main,primary,서대문청년창업센터기업입주공간2026년하반기입주기업모집공고,지자체,20260508~20260525,시설ㆍ공간ㆍ보육,시설ㆍ공간ㆍ보육
kst,177567,마을?청년 공유 플랫폼,"성남시청소년청년재단 중원유스센터에서는 어썸332st 카페를 운영할 성남거주 청년 창업팀을 모집하고 있습니다. 이에, 많은 관심과 지원 바랍니다.",창업,공공기관,경기도,"대학생,일반인","누구나,청년",만 20세 이상 ~ 만 39세 이하,20,39,"- 모집기간: 2026. 5. 14.(목) ~ 2026. 5. 29.(금), 18:00까지
  - 모집규모: 1개팀
    1) 대표 1인, 팀원 1인 ~ 4인까지 가능
    2) 팀원은 단기근로(아르바이트) 형태로 참가하며, 대표와 별도 근로계약 체결
    3) 팀원은 최대 주 52시간이내 근무 가능
  - 모집대상
    1) 성남시 거주 청년(만19세 ~ 만39세)
    2) 월요일 ~ 토요일 센터 운영시간내(07:00~22:00) 근무 조건 충족 가능한 팀
    3) 공고일 기준 무직, 사업자 폐지상태
      ※ 사업자 이력이 있는 경우 참가는 가능하나 신규팀에게 가점이 적용됨

- 3년 이내에 본 사업 또는 재단 내 유사 사업에 지원받은 자는 지원 불가
   ※ 단, 팀원으로 참가했던 이력이 있는 청년이 대표로 참가 가능함
   ※ 참가 이력이 있는 청년이 지원시 신규 참여팀 대상 우대 점수 적용
 - 중복 사업자 불가
   ※ 본 사업은 신규 창업 지원을 목적으로 하므로, 공고일 기준 본인 명의의 사업자 등록을 보유한 자는 선발에서 제외됨
   ※ 과거 카페분야 사업자 등록 이력이 있는 청년이 지원시 신규 참여팀 대상 우대 점수 적용",,예비창업자,사업화,20260514,20260529,,,이메일 접수: 공고문 확인 필요,https://www.k-startup.go.kr/web/contents/bizpbanc-ongoing.do?schM=view&pbancSn=177567,main,primary,마을청년공유플랫폼,공공기관,20260514~20260529,사업화,사업화
kst,177566,2026년 서울시 국비지원 여성미래일자리 공모사업,서울시 국비지원 여성미래일자리 공모사업으로 교육생 모집합니다. 패션·뷰티·디자인분야 이커머스 창업을 희망하는 여성은 안내에 따라 신청하시기 바랍니다.,창업,공공기관,서울특별시,일반인,"누구나,여성","만 20세 이상 ~ 만 39세 이하,만 40세 이상",,,"서울시 거주 미취업 여성 중 패션·뷰티·디자인분야 이커머스 창업 희망자
(3040 여성, 구체적인 창업아이템 보유자, 취약계층 우대 )

사업자등록증 소지자 참여 불가",,예비창업자,창업교육,20260508,20260614,,,온라인 접수: https://dongbu.seoulwomanup.or.kr/dongbu/edu/selectRealEduProgram.do?sch_class_code=C100160484&returnUrl=%2Fdongbu%2Fedu%2FselectPageListRealEduProgram.do&edust=&manage_code=&form_code=&organ_code=06&priority_flag=&sch_course_code=&sch_domain_code=&sch_group_code=&sch_edust=&sch_edu_fee=&sch_dayofweek=&sch_time_from=&sch_time_to=&sch_lecturer=&sch_class_name=&currentPage=1,https://www.k-startup.go.kr/web/contents/bizpbanc-ongoing.do?schM=view&pbancSn=177566,main,primary,2026년서울시국비지원여성미래일자리공모사업,공공기관,20260508~20260614,창업교육,창업교육
kst,177565,Seoul Global Center OASIS-7(Incubation Office) Application,"SeoulGlobalCenter offers OASIS-7 (Incubation Office) for foreign entrepreneurs who wish to start a technology-based startup in Korea and need a place to work and grow. Applications are now open for OASIS-7, we look forward to the participation of those who are interested in being part of our SGC entrepreneur community!",시설/공간,공공기관,서울특별시,"대학생,일반인,일반기업,1인 창조기업","기업,누구나,청년,초기창업기업","만 20세 미만,만 20세 이상 ~ 만 39세 이하,만 40세 이상",,,"✅ Eligibility :
- Applicants eligible for D-8-4 (Technological Startup Visa)
- Foreign entrepreneurs who plan to start a technology-based business in Korea or who have established the company within the past 5 years. (Company registration date must be after 10th June, 2021) 

✅ Preferred Qualifications :
• Holder or applicant of intellectual property patent
• Outstanding participants in startup support programs
• Awardees of invention or startup competitions
• Holders of D-10-2(Technological Startup Preparation Visa) or D-8-4 (Technological Startup Visa)",,"예비창업자,1년미만,2년미만,3년미만,5년미만",시설ㆍ공간ㆍ보육,20260506,20260520,,,온라인 접수: https://m.site.naver.com/261mQ,https://www.k-startup.go.kr/web/contents/bizpbanc-ongoing.do?schM=view&pbancSn=177565,main,primary,seoulglobalcenteroasis7incubationofficeapplication,공공기관,20260506~20260520,시설ㆍ공간ㆍ보육,시설ㆍ공간ㆍ보육
kst,177563,2026년 수출 중소 중견기업을 위한 ESG 공급망 컨설팅 지원사업,"본 기업은 산업통상부와 한국생산성본부의 지원으로 「2026년 수출 중소·중견기업을 위한 ESG 공급망 컨설팅 지원사업」을 추진합니다.
이에 전국에 해당하는 참여 기업들을 모집하오니 희망하는 기업들의 많은 신청을 바랍니다.",교육/멘토링,민간,전국,"일반기업,1인 창조기업","기업,초기창업기업","만 20세 이상 ~ 만 39세 이하,만 40세 이상",,,"- 원청사로부터 ESG경영을 요구받는 중소‧중견기업
 - ESG 규제 대응이 필요한 해외 수출 중소‧중견기업
 - ESG 경영에 관심있는 국내 모든 대‧중‧소 기업",,"1년미만,2년미만,3년미만,5년미만,7년미만,10년미만",멘토링ㆍ컨설팅ㆍ교육,20260511,20261130,,,온라인 접수: https://www.k-esg.org/pretest/apply,https://www.k-startup.go.kr/web/contents/bizpbanc-ongoing.do?schM=view&pbancSn=177563,main,primary,2026년수출중소중견기업을위한esg공급망컨설팅지원사업,민간,20260511~20261130,멘토링ㆍ컨설팅ㆍ교육,멘토링ㆍ컨설팅ㆍ교육
kst,177562,[프로디지인베스트먼트] PRODIGY Road to TIPS 참가 기업 모집,팁스 운영사이자 스케일업팁스 운영사인 벤처캐피탈 프로디지인베스트먼트가 주관하는 'PRODIGY Road to TIPS' 참여 기업을 다음과 같이 모집합니다.,자금,민간,전국,일반기업,기업,"만 20세 미만,만 20세 이상 ~ 만 39세 이하,만 40세 이상",,,"TIPS 추천이 가능한 5년 미만 스타트업 (POC 검증 및 매출액 20억 미만)

TIPS 추천이 불가한 스타트업",,5년미만,정책자금,20260511,20260610,,,온라인 접수: https://forms.gle/3Mss1PinZXwW64Uy6,https://www.k-startup.go.kr/web/contents/bizpbanc-ongoing.do?schM=view&pbancSn=177562,main,primary,프로디지인베스트먼트prodigyroadtotips참가기업모집,민간,20260511~20260610,정책자금,정책자금
kst,177561,[부산] 국가공인 경영지도사의 업종별 지원사업 맞춤전략 교육,"부산지역 예비창업자 및 7년 미만 중소기업 업력의 중소기업 대표님 참여를 희망하는 관심있는 기업은 안내에 따라 
신청하기 바랍니다.",교육/멘토링,민간,부산광역시,"청소년,대학생,일반인,대학,연구기관,일반기업,1인 창조기업","기업,누구나,예비창업자,청년,초기창업기업","만 20세 미만,만 20세 이상 ~ 만 39세 이하,만 40세 이상",,,"예비창업자 및 7년 미만 중소기업 업력의 중소기업 대표자

없음",,"예비창업자,1년미만,2년미만,3년미만,5년미만,7년미만",멘토링ㆍ컨설팅ㆍ교육,20260511,20260516,,,온라인 접수: https://forms.gle/Q9HAencvkWQq9GQYA,https://www.k-startup.go.kr/web/contents/bizpbanc-deadline.do?schM=view&pbancSn=177561,main,primary,부산국가공인경영지도사의업종별지원사업맞춤전략교육,민간,20260511~20260516,멘토링ㆍ컨설팅ㆍ교육,멘토링ㆍ컨설팅ㆍ교육
kst,177560,「2026 사천 청년·전환세대 창업·창직 프로젝트 <THE LANDING>」 참여자 모집(연장),사천시 청년센터에서는 지역자원을 기반으로 한 창업 아이템 발굴과 청년 및 전환세대의 안정적인 창업 진입을 지원하기 위해 「2026 사천 청년·전환세대 창업·창직 프로젝트 THE LANDING 」 참여자를 다음과 같이 모집하오니 많은 관심과 참여 바랍니다.,창업,공공기관,경상남도,"청소년,대학생,일반인,1인 창조기업","누구나,예비창업자,청년,초기창업기업","만 20세 이상 ~ 만 39세 이하,만 40세 이상",,,"❍ 신청자격
∙ 사천시 거주 또는 생활권자(재직∙재학)
※ 생활권자: 주민등록상 거주지는 사천시가 아니지만, 사천시 내에서 학교나 직장 등으로 사천시에서 생활하는 사람
∙ 사천시 내 예비창업자 또는 창업 3년 이내 초기 창업자
※ 사업장 기준 사천시 필수

❍ 연령기준
∙ 청년 18~39세(1987.01.01. ~ 2008.12.31. 출생자) 및 경력단절여성 우선 선발
∙ 전환세대 40~54세(1972.01.01.~1986.12.31. 출생자)
∙ 사천시 지역자원 활용형 아이템(문화‧관광‧시장‧노포‧해양‧우주항공 등) 우대

공고문 참조",,"예비창업자,1년미만,2년미만",사업화,20260427,20260512,,,"이메일 접수: 공고문 확인 필요
기타 접수: [네이버폼] https://naver.me/xvCt6p7x  주소 접속 또는
포스터 내 네이버폼 신청 QR접속",https://www.k-startup.go.kr/web/contents/bizpbanc-deadline.do?schM=view&pbancSn=177560,main,primary,2026사천청년전환세대창업창직프로젝트thelanding참여자모집연장,공공기관,20260427~20260512,사업화,사업화
kst,177559,민간투자주도형 기술창업 활성화 지원,"전북특별자치도와 전북테크토파크는 농식품 분야의 우수 기술과 혁신 아이디어를 보유한 (예비)창업기업을 발굴·육성하고, 
액셀러레이팅, 투자연계를 통한 지역 기반 기술창업 생태계 활성화를 위하여 다음과 같이 농식품 테크 분야 (예비)창업기업을 모집하오니 많은 관심과 참여 바랍니다.",교육/멘토링,민간,전국,"청소년,대학생,일반인,대학,연구기관,일반기업,1인 창조기업","기업,누구나,예비창업자,청년,초기창업기업","만 20세 미만,만 20세 이상 ~ 만 39세 이하,만 40세 이상",,,"농식품 분야의 기술 및 사업 아이템을 보유한 예비창업자 또는 창업기업(7년 미만)
전북도 내 유망기업으로서 TIPS를 목표로 하는 기업

전북 민간주도형 기술창업 활성화 지원사업 참여 횟수 2회 이상 기업",,"예비창업자,7년미만",멘토링ㆍ컨설팅ㆍ교육,20260508,20260520,,,이메일 접수: 공고문 확인 필요,https://www.k-startup.go.kr/web/contents/bizpbanc-ongoing.do?schM=view&pbancSn=177559,main,primary,민간투자주도형기술창업활성화지원,민간,20260508~20260520,멘토링ㆍ컨설팅ㆍ교육,멘토링ㆍ컨설팅ㆍ교육
kst,177558,[코칭데이] 제품 출시 앞당기는 디자인·설계·양산 실전 노하우 (1:1 맞춤 무료 컨설팅),"인탑스 주식회사는 모바일 기기, 자동차, 가전, 의료기기, 로봇, 화장품 용기 등 다양한 분야의 부품과 완제품을 제조하는 글로벌 전문 기업입니다.
풍부한 CMF(Color, Material, Finish) 경험을 바탕으로 플라스틱 사출, 금속 표면처리, 패브릭 및 복합 소재 활용, 초경도·박막 코팅 등 다양한 기술을 제공하여 고객이 창의적인 제품을 디자인하고 생산할 수 있도록 지원합니다. 삼성전자, 현대차그룹, 베어로보틱스, KT 등 국내외 주요 기업과 협력해 온 40여 년 이상 경력의 제조 파트너로 디자인부터 설계, 양산까지 이어지는 원스톱 제조 시스템을 갖추고 있습니다.
인탑스가 운영하는 '페이퍼프로그램’은 하드웨어 스타트업이 제품을 시장에 성공적으로 출시할 수 있도록 기획, 디자인, 개발, IR 등 제조 전 과정을 함께 수행하는 협업 프로그램입니다.
페이퍼프로그램에서 하드웨어 스타트업을 위한 1:1 무료 컨설팅 ‘코칭데이’를 개최합니다.
코칭데이는 하드웨어 스타트업이 제품 디자인, 설계, 제조 등 다양한 분야에서 직면한 고민을 전문가와 함께 논의하고, 실질적인 해결책을 모색할 수 있는 기회를 제공합니다.
또한, 사업의 방향성과 성장 가능성에 따라 액셀러레이팅 및 투자 연계의 기회도 열려 있습니다.",교육/멘토링,민간,경상남도,"연구기관,일반기업,1인 창조기업","기업,초기창업기업","만 20세 이상 ~ 만 39세 이하,만 40세 이상",,,"· 하드웨어 관련 제조 분야(국내외 중소벤처기업)
· 개인 사업자 혹은 법인의 형태를 갖춘 업체
· 프로토타입 수준의 시연 가능한 제품 필요",,"5년미만,7년미만,10년미만",멘토링ㆍ컨설팅ㆍ교육,20260508,20260614,,,온라인 접수: https://paper-program.com/program-coachingday?utm_source=startupsite&utm_medium=kstartup&utm_campaign=coaching2605,https://www.k-startup.go.kr/web/contents/bizpbanc-ongoing.do?schM=view&pbancSn=177558,main,primary,코칭데이제품출시앞당기는디자인설계양산실전노하우11맞춤무료컨설팅,민간,20260508~20260614,멘토링ㆍ컨설팅ㆍ교육,멘토링ㆍ컨설팅ㆍ교육
kst,177557,"SK멤버사와 PoC 기회, 임팩트부스터 참여기업 모집","SK임팩트부스터는 사회문제를 비즈니스로 해결하는 임팩트 스타트업이 더 빠르게, 더 크게
성장할 수 있도록 지원하는 SK그룹의 임팩트 스타트업 육성 프로그램입니다.
SK임팩트부스터에서 당신의 임팩트를 스케일업하세요.",창업,민간,전국,일반기업,기업,"만 20세 미만,만 20세 이상 ~ 만 39세 이하,만 40세 이상",,,"- 사회문제를 비즈니스로 해결하고 있는 임팩트 스타트업
- Pre-A 이후 ~ IPO 이전 단계(또는 그에 상응하는 단계)의 대한민국 소재 기업
- SK멤버사와의 사업협력(PoC)을 통해 스케일업하고자 하는 기업",,"1년미만,2년미만,3년미만,5년미만,7년미만,10년미만",사업화,20260506,20260603,,,온라인 접수: https://skimpactbooster.happynarae.com/,https://www.k-startup.go.kr/web/contents/bizpbanc-ongoing.do?schM=view&pbancSn=177557,main,primary,sk멤버사와poc기회임팩트부스터참여기업모집,민간,20260506~20260603,사업화,사업화
kst,177556,강원BRIDGE 글로벌 진출 프로그램(알리바바닷컴 드림트립),"강원창조경제혁신센터에서는 도내 중소기업 및 스타트업의 해외 시장 진출을 돕기 위해, 글로벌 B2B 플랫폼인 알리바바닷컴을 활용한 현지 연수 및 입점 지원 프로그램을 다음과 같이 공고하오니 역량 있는 기업의 많은 참여바랍니다.",판로/수출,공공기관,강원특별자치도,일반기업,기업,"만 20세 이상 ~ 만 39세 이하,만 40세 이상",,,"글로벌 진출을 희망하는 알리바바닷컴 활용 가능 기업 또는 B2B 수출 관심 기업
(우대) 강원창조경제혁신센터 보육기업 및 투자기업/ 강원특별자치도 7대 전략산업 관련 분야 제품/ 기존 수출 실적 100만불 이상 기업",,"예비창업자,1년미만,2년미만,3년미만,5년미만,7년미만,10년미만",판로ㆍ해외진출,20260508,20260522,,,이메일 접수: 공고문 확인 필요,https://www.k-startup.go.kr/web/contents/bizpbanc-ongoing.do?schM=view&pbancSn=177556,main,primary,강원bridge글로벌진출프로그램알리바바닷컴드림트립,공공기관,20260508~20260522,판로ㆍ해외진출,판로ㆍ해외진출
kst,177555,제 12회 부산 창업 아이디어 경진대회,전국 대학(원)생 및 고교생 대상(학교 밖 청소년)으로 혁신적이고 도전적인 창업 아이디어를 발굴하고 청년 창업문화 확산을 위한 『제 12회 부산 창업 아이디어 경진대회』의 참가팀 모집을 다음과 같이 공고하오니 많은 참여 바랍니다.,교육/멘토링,공공기관,부산광역시,"청소년,대학생",청년,"만 20세 미만,만 20세 이상 ~ 만 39세 이하",,,"창업에 관심 있는 전국 대학(원)생 및 고교생(학교 밖 청소년 포함) 청년 창업팀

- 개인참가 불가(2~6인 팀 구성 필수)
- 수료생 또는 26년 8월 졸업예정자 참가 불가",,예비창업자,멘토링ㆍ컨설팅ㆍ교육,20260511,20260607,,,온라인 접수: https://www.busanstartup.kr/,https://www.k-startup.go.kr/web/contents/bizpbanc-ongoing.do?schM=view&pbancSn=177555,main,primary,제12회부산창업아이디어경진대회,공공기관,20260511~20260607,멘토링ㆍ컨설팅ㆍ교육,멘토링ㆍ컨설팅ㆍ교육
kst,177554,2026년도 해양수산 이전기술 R&BD 가속화 프로그램 모집공,해양수산 R&D 우수 연구성과 기술이전 활성화를 위해 「2026년도 해양수산 이전기술 R&BD 가속화 프로그램」을 추진하고자 하오니 관심있는 기업들의 많은 참여 바랍니다.,창업,공공기관,전국,"청소년,대학생,일반인,대학,연구기관,일반기업,1인 창조기업","기업,누구나,청년,초기창업기업","만 20세 미만,만 20세 이상 ~ 만 39세 이하,만 40세 이상",,,"해양수산 R&D 등을 통해 개발된 기술을 이전*받아 창업 및 사업화를 추진하고자 하는 예비 창업자** 및 창업·벤처기업***

*해양수산 공모형 R&D 완료 기술, 해양수산부 소속 및 산하 연구기관 등 지원사업을 통해 개발된 기술, 해양수산 유망신기술 매칭 지원사업을 통해 기술을 이전받아 계약을 체결 유지하고 있는 기업
**주관기관(KIMST)-지원기관 협약일 이전 창업 필수(미창업시 선정 제외)
***사업 기간 내 창업/벤처기업 유지 필수(창업일은 개인사업자의 경우 사업자등록증 상 개업일, 법인기업의 경우 법인등기부등본상 회사설립연월일기준)

ㅇ동 사업의 지원 자금으로 사행산업 등 경제질서 및 미풍양속에 현저히 어긋나는 업종을 영위하고자 하는 자
ㅇ「신용정보의 이용 및 보호에 관한 법률」제4조에 따라 허가 받은 신용정보회사에서 기업채무 불이행 등 비정상 또는 불량 거래처로 확인된 경우
ㅇ신청기업, 대표이사 또는 수행책임자가 접수마감일 현재 국가연구개발사업 참여 제한(제재)중인 경우
ㅇ국세 또는 지방세 체납으로 규제 중인 자
ㅇ신청일 현재 부도, 휴·폐업 중인 경우
ㅇ파산·회생철차·개인회생 절차의 개시 신청이 이루어진 경우
ㅇ최근 결산 기준 자본전액잠식인 경우
ㅇ지원기업이 창업·벤처기업에 해당하지 않을 경우",,"예비창업자,1년미만,2년미만,3년미만,5년미만,7년미만,10년미만",사업화,20260508,20260522,,,온라인 접수: badabom.go.kr/stup/pbanc/detail/view.do?pbancMngNo=S-ANN202600011,https://www.k-startup.go.kr/web/contents/bizpbanc-ongoing.do?schM=view&pbancSn=177554,main,primary,2026년도해양수산이전기술rbd가속화프로그램모집공,공공기관,20260508~20260522,사업화,사업화
kst,177553,2026년 오션스타기업 육성 프로그램 모집공고,"정부와 민간이 함께 성장 잠재력을 보유한 해양수산 벤처기업을 육성하기 위해 「2026년 오션스타기업 육성 프로그램」을 추진하고자 하오니
관심 있는 기업들의 많은 참여 바랍니다.",창업,공공기관,전국,"청소년,대학생,일반인,대학,연구기관,일반기업,1인 창조기업","기업,누구나,청년,초기창업기업","만 20세 미만,만 20세 이상 ~ 만 39세 이하,만 40세 이상",,,"예비오션스타기업* 및 해양수산분야에서 기술성 또는 혁신성**을 인정받은 창업·벤처기업***

     * 예비오션스타기업(’19~’25)은 우선 지원(가점 10점)
    ** 해양수산 R&D 수행 우수기업(최종평가 85점 이상 주관연구개발기관), 해양수산분야 신기술 인증 및 혁신제품 지정 등 최근 3년이내 기술성·혁신성을 인정받은 기업
   *** 사업 기간 내 창업/벤처기업 유지 필수(창업일은 개인사업자의 경우 사업자등록증 상 개업일, 법인기업의 경우 법인등기부등본상 회사설립연월일 기준)

ㅇ 동 사업의 지원 자금으로 사행산업 등 경제질서 및 미풍양속에 현저히 어긋나는 업종*을 영위하고자 하는 자
 ㅇ「신용정보의 이용 및 보호에 관한 법률」제4조에 따라 허가 받은 신용정보회사에서 기업채무 불이행 등 비정상 또는 불량 거래처로 확인된 경우
 ㅇ 신청기업, 대표이사 또는 수행책임자가 접수마감일 현재 국가연구개발사업 참여 제한(제재) 중인 경우
 ㅇ 국세 또는 지방세 체납으로 규제 중인 자
  ㅇ 신청일 현재 부도, 휴·폐업 중인 경우
 ㅇ 파산·회생절차·개인회생 절차의 개시 신청이 이루어진 경우",,"1년미만,2년미만,3년미만,5년미만,7년미만,10년미만",사업화,20260508,20260522,,,온라인 접수: badabom.go.kr/stup/pbanc/detail/view.do?pbancMngNo=S-ANN202600010,https://www.k-startup.go.kr/web/contents/bizpbanc-ongoing.do?schM=view&pbancSn=177553,main,primary,2026년오션스타기업육성프로그램모집공고,공공기관,20260508~20260522,사업화,사업화
kst,177552,2026년「강남 취‧창업허브센터」5회차 입주 기업 신규 모집,"2026년「강남 취‧창업허브센터」5회차 입주 기업 신규 모집을 진행하오니, 입주기업에 지원하고자 하는 기업은 공고문을 참고하시어 신청하시기 바랍니다.",시설/공간,민간,서울특별시,"청소년,대학생,일반인,대학,연구기관,일반기업,1인 창조기업","기업,누구나,예비창업자,청년,초기창업기업","만 20세 미만,만 20세 이상 ~ 만 39세 이하,만 40세 이상",,,예비창업자 및 7년이내 창업기업,,"예비창업자,7년미만",시설ㆍ공간ㆍ보육,20260507,20260520,,,온라인 접수: https://miniintern.com/event/3165,https://www.k-startup.go.kr/web/contents/bizpbanc-ongoing.do?schM=view&pbancSn=177552,main,primary,2026년강남취창업허브센터5회차입주기업신규모집,민간,20260507~20260520,시설ㆍ공간ㆍ보육,시설ㆍ공간ㆍ보육
kst,177551,2026년  B the B 글로벌 거점 확산 파트너사 모집,"서울경제진흥원(SBA)은 B the B 글로벌 거점을 기반으로 서울 소재 K-뷰티 브랜드의 해외 진출 및 현지 유통 확대를 지원하기 위해 민간 파트너와 협력사업을 추진합니다.
이에 글로벌 시장에서 성과를 창출할 역량 있는 기업의 많은 관심과 참여 바랍니다.",판로/수출,공공기관,전국,일반기업,기업,"만 20세 미만,만 20세 이상 ~ 만 39세 이하,만 40세 이상",,,"B the B 글로벌 거점 운영을 희망하는 국내외 기업
  - 해외 상설 매장을 보유 중이거나 2026년 11월 이내 신규 확보·조성이 가능한 기업
  - 해외에 B the B 콘셉트의 K-뷰티 매장을 연출하고 상설 운영할 수 있는 기업
  - SBA 지원금과 동일 규모 이상의 자부담금을 현물·현금으로 출자할 수 있는 기업

모집공고문 참고",,"2년미만,3년미만,5년미만,7년미만,10년미만",글로벌,20260508,20260528,,,온라인 접수: https://www.sba.seoul.kr?PD0=3c22840b-f549-f111-b404-d4f5ef4a1e33,https://www.k-startup.go.kr/web/contents/bizpbanc-ongoing.do?schM=view&pbancSn=177551,main,primary,2026년btheb글로벌거점확산파트너사모집,공공기관,20260508~20260528,글로벌,글로벌
kst,177550,2026년 대전 팁스타운 팁스아카데미(1차): 공공조달시장 입점전략(혁신시제품 지정제도 활용),"대전 팁스타운에서 창업기업 대상 공공조달시장 진입을 위한 조달역량 강화 교육을 진행합니다.
많은 참여 바랍니다.",교육/멘토링,공공기관,대전광역시,"청소년,대학생,일반인,대학,연구기관,일반기업,1인 창조기업","기업,누구나,청년,초기창업기업","만 20세 미만,만 20세 이상 ~ 만 39세 이하,만 40세 이상",,,대전 팁스타운 입주기업 및 지역 내 창업기업 등,,"예비창업자,1년미만,2년미만,3년미만,5년미만,7년미만,10년미만",멘토링ㆍ컨설팅ㆍ교육,20260508,20260512,,,온라인 접수: https://forms.gle/q9BGxHiBqnBspZht8,https://www.k-startup.go.kr/web/contents/bizpbanc-deadline.do?schM=view&pbancSn=177550,main,primary,2026년대전팁스타운팁스아카데미1차공공조달시장입점전략혁신시제품지정제도활용,공공기관,20260508~20260512,멘토링ㆍ컨설팅ㆍ교육,멘토링ㆍ컨설팅ㆍ교육
kst,177548,투자활성화 지원,"성남시 창업기업의 투자유치 역량 고도화 및 투자성과 창출을 위한 
｢2026년도 투자활성화 지원｣ 사업의 참가기업을
다음과 같이 모집하오니 국내 및 미국 투자유치를 희망하는 창업기업의 많은 관심과 신청 바랍니다.",판로/수출,공공기관,경기도,일반기업,기업,"만 20세 이상 ~ 만 39세 이하,만 40세 이상",,,"□ 투자유치를 희망하는 성남시 관내 기술기반 창업기업
 ① 공고일 기준 창업7년이내 기업 (2019. 5. 8.~공고일)
 ② 본사나 공장이 성남시 소재인 기업
   - 관외 기업인 경우 사업기간(2026.10.30.)까지 성남시로 사업장(본사 또는 공장) 이전을 완료하는 조건으로 조건부 신청할 수 있으며, 기한 내 미이행시 선정취소 및 지원금 일체를 반납하여야 함.
 ③ ｢중소기업기본법｣제2조에 따른 대표자(또는 담당자)가 현지 체류일정에 참여 가능한 기업이어야 하며,  참여자는 원활한 영어 소통(비즈니스 영어구사)이 가능해야함.

① 기업부설연구소만 성남시에 소재한 경우, 관외기업(성남시 외), 박업/임대업/유흥업/자영업 등 단순 서비스 기업
② 부도, 휴‧폐업 중인 기업
③ 법인 및 대표자가 국세 및 지방세 체납상태인 경우
   (징수유예 포함/ 공동대표인 경우 대표자 전원이 ‘신청제외대상’에 해당되지 아니하여야함)
④ 중앙정부부처 및 그 산하기관, 타 지방자치단체 및 그 산하기관의 지원사업에 부정참여하여 사업비 회수 판정을 받은 후 3년이 경과하지 않은 기업
⑤ 법정관리‧기업회생신청‧청산절차 등에 해당하는 기업",,"1년미만,2년미만,3년미만,5년미만,7년미만",글로벌,20260507,20260521,,,온라인 접수: https://portal.snip.or.kr:8443/portal/snip/MainMenu/businessManagement/application.page?portlet=2026-0123&portlet2=4133&ptlYn=Y,https://www.k-startup.go.kr/web/contents/bizpbanc-ongoing.do?schM=view&pbancSn=177548,main,primary,투자활성화지원,공공기관,20260507~20260521,글로벌,글로벌
kst,177547,2026년 과학사업화 특화 창업 교육,"과학벨트 내 우수 기초연구성과를 성공적인 비즈니스로 전환하는 실전 중심의 창업역량을 배양하고, 딥테크 창업생태계를 활성화하고자 「2026년 K-BRIDGE AHEAD 특화창업 교육프로그램」에 관심있는 예비창업자를 다음과 같이 모집 공고하오니 많은 참여를 바랍니다.",창업,민간,전국,"대학생,대학,연구기관","예비창업자,청년","만 20세 이상 ~ 만 39세 이하,만 40세 이상",,,"과학벨트 내 출연(연) 연구자, 대학(원)생, 예비창업자 (IBS, 대덕특구 출연(연) 연구자 우대)",,"예비창업자,1년미만",창업교육,20260507,20260528,,,이메일 접수: 공고문 확인 필요,https://www.k-startup.go.kr/web/contents/bizpbanc-ongoing.do?schM=view&pbancSn=177547,main,primary,2026년과학사업화특화창업교육,민간,20260507~20260528,창업교육,창업교육
kst,177546,관악S밸리 창업공간 운영,스타트업의 비즈니스 경쟁력을 강화하고 최적의 성장 동력을 발굴하기 위해 마련된 2026 관악S밸리 성장 지원 세미나에 미래의 변화를 선도할 벤처·창업기업 여러분의 많은 관심과 참여를 바랍니다.,시설/공간,공공기관,서울특별시,"청소년,대학생,일반인,일반기업,1인 창조기업","기업,누구나,예비창업자,청년,초기창업기업","만 20세 미만,만 20세 이상 ~ 만 39세 이하,만 40세 이상",,,관악구 스타트업 임직원 및 예비창업자,,"예비창업자,1년미만,2년미만,3년미만,5년미만,7년미만",시설ㆍ공간ㆍ보육,20260508,20260527,,,온라인 접수: https://forms.gle/VxGor7he4CSyf5pN9,https://www.k-startup.go.kr/web/contents/bizpbanc-ongoing.do?schM=view&pbancSn=177546,main,primary,관악s밸리창업공간운영,공공기관,20260508~20260527,시설ㆍ공간ㆍ보육,시설ㆍ공간ㆍ보육
kst,177545,2026년 중장년 중심 팀빌딩 지원사업 참여자 모집,서울경제진흥원(sba)에서는 유망 스타트업 육성을 위해 성장 가능성이 높은 예비·초기 창업자를 대상으로 팀빌딩 지원사업을 추진하고 있습니다. 해당 지원사업에 참여를 희망하는 창업자는 공고를 참고하여 많은 관심과 신청 부탁드립니다.,교육/멘토링,민간,서울특별시,"대학생,일반인,대학,연구기관,일반기업,1인 창조기업","기업,누구나,예비창업자,청년,초기창업기업","만 20세 이상 ~ 만 39세 이하,만 40세 이상",,,"- 예비창업 팀빌딩: 서울 소재 신규 사업자등록이 가능한 全 기술분야 중장년 중심 예비창업자 또는 팀
      ⦁ 개인(1인) 또는 팀(2~5인) 단위 신청 가능, 신청자가 중장년(만 40세 이상)의 경우 1차 서류 평가 가산점 부여(3점) 
         ※개인의 경우 프로그램을 통해 팀구성 지원

 - 초기창업 팀빌딩: 공고일 기준 창업 3년 이내 全 기술 분야 서울 소재 창업기업
      ⦁ 중장년 창업기업(대표자가 만 40세 이상)의 경우 1차 서류 평가 가산점 부여(3점)

※ 전체 지원 대상자 중 중장년 예비·초기 창업자 50% 이상 선발 예정, 중장년 판단 기준은 사업공고일(2026년 4월 30일) 기준 만 40세 이상인 자로서 1986년 4월 30일 이전 출생자(1986. 4. 30. 출생자 포함)

[예비창업 팀빌딩]
▸서울시 지원사업에서 동일한 아이템으로 사업 지원자
▸유흥주점업 등 재보증 제한업종으로 창업하려고 하는 자
▸국세 또는 지방세를 체납 중인 자
▸개인 신용 정보상 채무 불이행자 또는 신용도 판단 정보 등 이상이 있는 자
▸신용보증기관 신용보증사고 및 대위변제 관계자에 해당하는 자
▸기타 서울시장이 참여 제한의 사유가 있다고 인정하는 자

[초기창업 팀빌딩]
- 중소기업창업지원법 시행령 제4조(창업에서 제외되는 업종)에 의거 지원이 불가능한 업종
- 금융기관 등의 채무불이행, 휴폐업 상태, 연체, 부도, 법정관리 중인 경우
- 회생 신청 및 청산절차가 진행 중인 경우
- 서울경제진흥원 지원사업 참여 제한 등 제재 사실이 있는 경우",,"예비창업자,1년미만,2년미만,3년미만",멘토링ㆍ컨설팅ㆍ교육,20260430,20260520,,,온라인 접수: https://www.startup-plus.kr/project/PRJ006923,https://www.k-startup.go.kr/web/contents/bizpbanc-ongoing.do?schM=view&pbancSn=177545,main,primary,2026년중장년중심팀빌딩지원사업참여자모집,민간,20260430~20260520,멘토링ㆍ컨설팅ㆍ교육,멘토링ㆍ컨설팅ㆍ교육
kst,177544,"청년 창업의 꿈, 『성동청년 창업이룸센터』 입주자 모집 공고【8차】",「서울특별시 성동구 청년창업공간 설치 및 운영에 관한 조례」에 따라 청년창업을 지원하여 청년의 우수한 사업 능력을 배양하고 일자리 창출에 기여하기 위하여 건립한 “성동청년 창업이룸센터” 입주자 모집을 다음과 같이 공고합니다.,시설/공간,민간,서울특별시,"대학생,일반인,대학,연구기관,일반기업,1인 창조기업","기업,누구나,예비창업자,청년,초기창업기업",만 20세 이상 ~ 만 39세 이하,20,39,"- 청년 예비창업자 (※공고일 기준 성동구에 주민등록을 두고 있으며 입주 계약을 체결한 날부터 3개월 이내에 창업 예정인 만 39세 이하의 청년예비창업자)
- 청년 창업기업 (※공고일 기준 성동구에 사업자 등록을 하였거나, 입주 계약을 체결한 날부터 5개월 이내에 성동구로 사업자 등록을 이전 예정이며, 대표자가 만 39세 이하인 창업 7년 이내의 청년 창업기업)
- 창업 유관기관 (※엑셀러레이터 및 벤처캐피탈 등 투자기관, 기술거래기관 등 기술사업화 전문기관, 기타 대학 기술창업 관련 단체 등 청년창업 지원을 위한 창업 유관기관)

국세 또는 지방세 체납으로 규제 중인 개인 및 기업
금융기관 등으로부터 채무불이행으로 규제 중인 개인 및 기업
신청일 현재 휴업 중인 기업
중소기업창업지원법 시행령 제4조(창업에서 제외되는 업종)의 업종",,"예비창업자,1년미만,2년미만,3년미만,5년미만,7년미만",시설ㆍ공간ㆍ보육,20260508,20260601,,,"이메일 접수: 공고문 확인 필요
방문 접수: 서울특별시 성동구 왕십리로 137 성동청년 창업이룸센터 1층 운영사무실 (평일 9시~18시)",https://www.k-startup.go.kr/web/contents/bizpbanc-ongoing.do?schM=view&pbancSn=177544,main,primary,청년창업의꿈성동청년창업이룸센터입주자모집공고8차,민간,20260508~20260601,시설ㆍ공간ㆍ보육,시설ㆍ공간ㆍ보육
kst,177543,국토교통부「혁신 프리미어 1000」선정계획 연장공고,"정부는 「혁신 프리미어 1000」을 통해 성장 가능성이 높은 혁신 중소·중견기업을 선정하여 금융·투자 등 다양한 지원을 하고 있으며, 국토교통부는 대상기업을 선정하기 위해 아래와 같이 공고하오니 관심있는 기업들의 많은 참여 바랍니다.",자금,공공기관,전국,"대학생,일반인,대학,연구기관,일반기업,1인 창조기업","기업,누구나,청년,초기창업기업","만 20세 이상 ~ 만 39세 이하,만 40세 이상",,,"국토교통 분야 중소·중견기업
*신청 사이트 참조

신청 사이트 참조",,"예비창업자,1년미만,2년미만,3년미만,5년미만,7년미만,10년미만",정책자금,20260420,20260514,,,온라인 접수: https://hub.kaia.re.kr/organSupportHub.do/view?suppId=196&orgKind=ORG_KIND_1&curPage=,https://www.k-startup.go.kr/web/contents/bizpbanc-deadline.do?schM=view&pbancSn=177543,main,primary,국토교통부혁신프리미어1000선정계획연장공고,공공기관,20260420~20260514,정책자금,정책자금
kst,177541,2026년 하반기 KDB NextONE 13기 모집 공고,"한국산업은행이 대한민국의 미래성장 및 혁신기술을 선도할 유망 스타트업
발굴 및 육성을 위해 2026년 하반기 「KDB NextONE 13기」 모집을 다음과
같이 공고합니다.",시설/공간,민간,전국,"대학생,일반인,대학,연구기관,일반기업,1인 창조기업","기업,누구나,청년,초기창업기업","만 20세 이상 ~ 만 39세 이하,만 40세 이상",,,"혁신성장산업*을 영위하는 창업 7년 이내 유망 스타트업
* 「혁신성장 공동기준」에서 정하는 품목 (‘별첨2’ 참조)
○ KDB NextONE 부산 5기, KDB NextONE 광주 1기와 중복지원 불가
○ IBK창공 및 신보 NEST와 동 기간 선정 시 택1 필수*. 단, 보육
기간이 중복되지 않는 경우 가능
* (예시) `26년 하반기 IBK창공 및 KDB NextONE 동시 선정 시 IBK창공
선택할 경우, KDB NextONE 선정에서 제외
○ ‘창업’의 정의는 관계법령(중소기업창업지원법 등)에 따름
○ 공고 마감일 기준 설립등기일 7년 이내인 ‘법인’만 모집
(개인사업자 지원 불가)

○ 사행성, 향락업종 등 사회 건전한 풍속을 해하는 업종 영위기업
(벤처기업육성에 관한 특별법 시행령 제2조의4 벤처기업 제외업종 포함)
○ 채무불이행 및 부실기업
- 국세, 지방세 등의 체납기업 등
- 채무불이행 및 신용불량 등으로 금융거래가 어려운 기업
- 부도 또는 휴·폐업 기업
- 파산·회생절차·개인 회생절차의 개시 신청이 이루어진 경우
- 부채비율 1,000% 이상 또는 최근 결산기준 자본전액잠식*
* 단, 공고마감일 기준 창업 3년 미만 중소기업 또는 결산일 이후 투자유치를
통해 상기 요건 사유 해소되어 산업은행에서 인정하는 경우는 제외",,"1년미만,2년미만,3년미만,5년미만,7년미만",시설ㆍ공간ㆍ보육,20260506,20260602,,,온라인 접수: https://www.kdbnextone.kr/,https://www.k-startup.go.kr/web/contents/bizpbanc-ongoing.do?schM=view&pbancSn=177541,main,primary,2026년하반기kdbnextone13기모집공고,민간,20260506~20260602,시설ㆍ공간ㆍ보육,시설ㆍ공간ㆍ보육
kst,177540,[무료 웨비나] Gemini로 만드는 AI 기반 GTM 실행툴,"Gemini로 직접 만드는 나만의 GTM 실행 도구
해외 시장, 특히 미국 시장에서 실제 성과를 만드는 B2B 스타트업들은 단순히 전략만 배우지 않습니다.
직접 실행 도구를 만들고, 빠르게 실험하며, 데이터를 기반으로 움직입니다.
The Bridge Circle(TBC) X Google for Developers 팀이 Build with AI 커뮤니티 파트너십을 통해
B2B 테크 스타트업 창업자를 위한 실전형 AI 핸즈온 웨비나를 진행합니다.
이번 세션에서는 Google Gemini를 활용해
실제 GTM(Go-To-Market)에 활용할 수 있는 간단한 AI 툴을 직접 만들어봅니다.
코딩 경험이 많지 않아도 참여 가능합니다.
단순 강의가 아니라 “아이디어를 실행 가능한 도구로 바꾸는 경험”에 초점을 둔 세션입니다.",판로/수출,민간,전국,"일반인,대학,연구기관,일반기업,1인 창조기업","기업,누구나,초기창업기업","만 20세 이상 ~ 만 39세 이하,만 40세 이상",,,"- 미국 및 글로벌 시장 진출을 준비 중인 스타트업
- Founder-led Sales를 직접 수행 중인 창업자
- AI를 활용해 GTM 생산성을 높이고 싶은 팀
- 반복되는 영업/리서치 업무를 자동화하고 싶은 분
- 실무 중심 AI 활용 방법이 궁금한 초기 창업팀",,"예비창업자,1년미만,2년미만,3년미만,5년미만,7년미만,10년미만",글로벌,20260507,20260519,,,온라인 접수: https://luma.com/xh87ti8o,https://www.k-startup.go.kr/web/contents/bizpbanc-deadline.do?schM=view&pbancSn=177540,main,primary,무료웨비나gemini로만드는ai기반gtm실행툴,민간,20260507~20260519,글로벌,글로벌
kst,177539,2026년 한양대학교 ERICA 산학협력단지 입주기업 모집 공고,한양대학교 ERICA는 대학 내에 산학연협력 생태계 조성을 추진하기 위해 산학협력단지에 입주할 기업 및 연구소를 다음과 같이 모집합니다.,시설/공간,교육기관,전국,"대학생,일반인,대학,연구기관,일반기업,1인 창조기업","기업,누구나,청년,초기창업기업","만 20세 미만,만 20세 이상 ~ 만 39세 이하,만 40세 이상",,,"1. 입주자격
∘「산업집적활성화 및 공장설립에 관한 법률」 제28조의5, 동법 시행령 제6조, 제36조의4에 의한 입주자격을 갖추고 별도로 정한 입주업종을영위하는 자*
*한국표준산업분류, 사업자등록증 등을 기준으로 자격충족 여부 판단함
2. 창업기업(BI)
∘「중소기업창업 지원법」 제2조에 따라 중소기업을 창업하여 사업을 개시한 날부터 공고일(′25.12.02.) 현재 만 7년이 지나지 아니한 기업
3. 성장기업(POST-BI)
∘「중소기업창업 지원법」 제2조에 따라 중소기업을 창업하여 사업을 개시한 날부터 공고일(′25.12.02.) 현재 만 7년이 지난 기업
4. 입주가능업종 : 공고문 참조

기타 자세한 사항은 공고문 참조

【 제외대상 】 유치업종 중 아래와 같은 시설·공장은 입주 제한함
∘「대기환경보전법」제2조제9호에 따른 특정대기유해물질을 배출하는 대기오염물질배출시설∘「대기환경보전법」제2조제11호에 따른 대기오염물질배출시설을 설치하는 공장으로서 같은 법시행령 별표1의3의 1종 사업장부터 4종 사업장까지에 해당하는 공장
(다만, 같은 법 시행규칙 [별표3](대기오염물질배출시설) 중 폐수·폐기물처리시설 및 보일러·흡수식 냉·온수기시설에 한해 허용) ∘「물환경보전법」제2조제8호에 따른 특정수질유해물질을 배출하는 폐수배출시설
(다만, 「물환경보전법」시행규칙 [별표13](수질오염물질의 배출허용기준)의 물질 중, 「하수도법」
시행규칙 [별표1](공공하수처리시설 방류수수질기준)에서 정하는 물질(BOD, COD, SS, T-N,
T-P, 총대장균군수)의 경우, 「물환경보전법」시행규칙 [별표13] 제1호 다목 규정에 따라 ‘나’ 지역 기준으로 그 외 물질은 ‘가’ 지역 기준 이내로 1차 처리 후 연계 처리하거나 전량 위탁
처리하는 업체에 한해 허용) ∘「악취방취법」시행규칙 제3조에 따른 악취배출시설
∘「화학물질관리법」에 따른 유해화학물질 또는 폐기물관리법에 지정폐기물을 제조, 보관·저장하는 공장

기타 자세한 사항은 공고문 참조",,"1년미만,2년미만,3년미만,5년미만,7년미만,10년미만",시설ㆍ공간ㆍ보육,20260504,20260517,,,이메일 접수: 공고문 확인 필요,https://www.k-startup.go.kr/web/contents/bizpbanc-deadline.do?schM=view&pbancSn=177539,main,primary,2026년한양대학교erica산학협력단지입주기업모집공고,교육기관,20260504~20260517,시설ㆍ공간ㆍ보육,시설ㆍ공간ㆍ보육
kst,177538,2026년 창조문화산업지원센터 신규 입주자(창업지원) 2차 모집 연장공고,천안역 지하도상가 기반 창업 및 상권 활성화를 위한 신규 입주자(창업지원) 2차 모집을 다음과 같이 연장 공고하오니 많은 관심과 참여 바랍니다.,시설/공간,공공기관,전국,"청소년,대학생,일반인,대학,연구기관,일반기업,1인 창조기업","기업,누구나,예비창업자,청년,초기창업기업","만 20세 미만,만 20세 이상 ~ 만 39세 이하,만 40세 이상",,,"① 만 19세 이상 성인 
 ② 거주지 제한 없음
 ③ 지원센터 내 창업활동을 희망하는 5년 미만의 기창업자 및 예비창업자 
    ※ 기 창업자의 경우 공고일 기준 5년 미만 창업자 
    ※ 예비창업자의 경우 입주계약일로부터 3개월 內 사업자등록 완료가 가능한자
 ④ 주 5일 이상 주간 시간대 입주공간에 상주하여 사업장으로서 정상적인 판매‧수익사업 활동이 가능한 예비창업자 및 기창업자

< 근거 : (진흥원) 창조문화산업지원센터 운영 및 관리 지침 제9조 >
 ① 입주 신청일 시점에 창조문화산업지원센터 및 지하도상가 내 창업 활동을 하고 있는 자
 ② 국가 또는 지방자치단체, 공공기관으로부터 창업공간 관련 등 유사한 지원을 받고 있는 자
 ③ 창업대표자가 창업 후 사업을 진행하는데 결격사유가 있는 자(신용불량 등)
 ④ 기타 참여제한의 사유가 있다고 인정되는 자(위법행위 등)

 < 근거 : (진흥원) 문화콘텐츠지원사업 관리규정 제5조 >
 ① 신청일 현재 국세 또는 지방세 체납사실이 있는 자
 ② 신청일 현재 진흥원 유관기관 관련 각종 협약 또는 계약 위반으로 인해 참여제한 조치 중인 사업자, 대표자 및 책임자 여부",,"예비창업자,5년미만",시설ㆍ공간ㆍ보육,20260511,20260525,,,이메일 접수: 공고문 확인 필요,https://www.k-startup.go.kr/web/contents/bizpbanc-ongoing.do?schM=view&pbancSn=177538,main,primary,2026년창조문화산업지원센터신규입주자창업지원2차모집연장공고,공공기관,20260511~20260525,시설ㆍ공간ㆍ보육,시설ㆍ공간ㆍ보육
kst,177537,KT&G 상상스타트업캠프 10기,"KT&G 상상스타트업캠프는 사회혁신 스타트업의 성장을 지원하는 KT&G 상상플래닛의 시그니처 액셀러레이팅 프로그램입니다.
2017년부터 시작해 총 182개의 사회혁신 스타트업을 배출한 상상스타트업캠프는
KT&G 청년창업 지원 사업의 대표 프로그램으로서 사회문제를 비즈니스로 해결하고자 하는 청년 창업가들을 대상으로
성장에 필요한 교육, 멘토링, 사업 지원을 체계적으로 제공합니다.
2026년은 10기를 맞아 함께 무한한 가능성을 상상하고, 임팩트 플레이어들과 든든히 연결되며,
모두의 상상이 모여 빛나는 시너지를 만들어낼 수 있도록 상상스타트업캠프가 함께 하겠습니다.
혁신적인 청년 창업가들의 도전을 기다립니다.",교육/멘토링,민간,전국,"청소년,대학생,일반인,대학,연구기관,일반기업,1인 창조기업","기업,누구나,스타트업,예비창업자,청년,초기창업기업","만 20세 미만,만 20세 이상 ~ 만 39세 이하",,,"•  모집 대상: 사회문제 해결을 비즈니스 모델로 실현하는 청년 창업기업
•  신청 자격  *아래의 요건을 모두 충족하는 경우에만 지원 가능
    ① 대표자 연령 만 19세 이상 39세 이하 기업 (공고일 기준)
    ② 개인/법인 사업자등록이 유효한 창업 5년 이내 기업 (공고일 기준)

예비창업자",,5년미만,멘토링ㆍ컨설팅ㆍ교육,20260507,20260528,,,온라인 접수: https://www.sangsangplanet.com/renewal/startupcamp/apply,https://www.k-startup.go.kr/web/contents/bizpbanc-ongoing.do?schM=view&pbancSn=177537,main,primary,ktg상상스타트업캠프10기,민간,20260507~20260528,멘토링ㆍ컨설팅ㆍ교육,멘토링ㆍ컨설팅ㆍ교육
kst,177536,2026 하나 ESG 더블임팩트 매칭펀드 2차 모집 공고,"2026 하나 ESG 더블임팩트 매칭펀드와 함께 사회문제를 해결하며, 임팩트를 창출하고 비즈니스 성장을 이룰 ESG 스타트업을 찾습니다.",창업,민간,전국,일반기업,기업,"만 20세 이상 ~ 만 39세 이하,만 40세 이상",,,"AI기술을 핵심으로 하는 성장 잠재력이 높은 ESG 스타트업을 대상으로 아래에 해당하는 분야에 투자
① 일자리 창출, ② 친환경 기술, ③ 소상공인 지원(지역활성화), ④ 시니어 자립생활",,"1년미만,2년미만,3년미만,5년미만,7년미만,10년미만",사업화,20260504,20260626,,,온라인 접수: https://www.hanapoweron.com/fund/produce,https://www.k-startup.go.kr/web/contents/bizpbanc-ongoing.do?schM=view&pbancSn=177536,main,primary,2026하나esg더블임팩트매칭펀드2차모집공고,민간,20260504~20260626,사업화,사업화
kst,177535,[서울시x신한금융] 제 5회 피노베이션 챌린지,[서울시x신한금융] 제 5회 피노베이션 챌린지 모집을 다음과 같이 공고하오니 참여를 희망하는 스타트업은 안내에 따라 신청 바랍니다.,창업,민간,서울특별시,일반기업,기업,"만 20세 미만,만 20세 이상 ~ 만 39세 이하,만 40세 이상",,,"핀테크 영역에서 혁신적인 기술, 사업, 아이디어, 실행력을 보유한 스타트업",,"예비창업자,1년미만,2년미만,3년미만,5년미만,7년미만,10년미만",사업화,20260507,20260604,,,온라인 접수: https://futureslab.kr,https://www.k-startup.go.kr/web/contents/bizpbanc-ongoing.do?schM=view&pbancSn=177535,main,primary,서울시x신한금융제5회피노베이션챌린지,민간,20260507~20260604,사업화,사업화
kst,177533,2026년 서울 AI 허브 투자 연계 지원 프로그램 참여기업 모집 안내,"서울 AI 허브에서는 투자 유치를 희망하는 서울시 소재 AI 스타트업을 선발하여 기업의 투자 유치 가능성 제고와 지속적인 성장 견인을 위한 투자 연계 지원 프로그램 참여기업을 아래와 같이 모집하고자 하오니, 많은 관심과 접수 바랍니다.",교육/멘토링,교육기관,서울특별시,일반기업,기업,"만 20세 미만,만 20세 이상 ~ 만 39세 이하,만 40세 이상",,,"○모집대상 및 규모
    ㆍ성장단계 (3개사)
        1) 모집 공고일 기준 서울시 내 본사·지사·연구소 등 그 밖에 사업장을 둔 기업
        2) Pre-A ~ Series A 단계의 투자 유치를 희망하는 AI 스타트업
        3) 모집 공고일 기준 7년 이내 설립 기업 *2019년 4월 21일 이후 설립
    ㆍ초기단계 (7개사)
        1) 모집 공고일 기준 서울시 내 본사·지사·연구소 등 그 밖에 사업장을 둔 기업
        2) Seed 단계의 투자 유치를 희망하는 AI 스타트업
        3) 모집 공고일 기준 3년 이내 설립 기업 *2023년 4월 21일 이후 설립

ㆍ 모집과정 전 과정 참여가 불가능한 법인(단체) 및 개인
ㆍ 국세 또는 지방세 체납, 금융기관 등으로부터 채무불이행으로 규제 중인 법인(단체) 및 개인
ㆍ 타인의 지식재산권을 침해하거나 침해할 우려가 있는 법인(단체) 및 개인
ㆍ 신청일 기준 국가연구개발(또는 지원) 사업에 참여제한 조치 중인 법인(단체) 및 개인
ㆍ 기타 주관기관이 참가 지원 및 지원 제한 대상이라고 판단하는 법인(단체) 및 개인
ㆍ 「중소기업창업지원법 시행령」 제4조  각 항에 해당하는 창업기업 등",,7년미만,멘토링ㆍ컨설팅ㆍ교육,20260507,20260520,,,온라인 접수: https://www.startup-plus.kr/project/PRJ006942,https://www.k-startup.go.kr/web/contents/bizpbanc-ongoing.do?schM=view&pbancSn=177533,main,primary,2026년서울ai허브투자연계지원프로그램참여기업모집안내,교육기관,20260507~20260520,멘토링ㆍ컨설팅ㆍ교육,멘토링ㆍ컨설팅ㆍ교육
kst,177532,2026년 대구콘텐츠코리아랩 크리에이터 사업화(캐릭터) 창작지원 참가신청 모집,(재)대구디지털혁신진흥원에서는 「2026년 대구콘텐츠코리아랩 크리에이터 사업화(캐릭터) 창작지원」 참가자를 모집하오니 많은 참여 바랍니다.,교육/멘토링,공공기관,대구광역시,"청소년,대학생,일반인,대학,연구기관,일반기업,1인 창조기업","기업,누구나,청년,초기창업기업","만 20세 미만,만 20세 이상 ~ 만 39세 이하,만 40세 이상",,,대구 지역 캐릭터 크리에이터,,"예비창업자,1년미만,2년미만,3년미만,5년미만,7년미만,10년미만",멘토링ㆍ컨설팅ㆍ교육,20260507,20260520,,,온라인 접수: https://forms.gle/yAmJheqgj5pGoXPG8,https://www.k-startup.go.kr/web/contents/bizpbanc-ongoing.do?schM=view&pbancSn=177532,main,primary,2026년대구콘텐츠코리아랩크리에이터사업화캐릭터창작지원참가신청모집,공공기관,20260507~20260520,멘토링ㆍ컨설팅ㆍ교육,멘토링ㆍ컨설팅ㆍ교육
kst,177530,2026년 여성창업 사업화지원사업(1차) 참여자 모집,달구벌여성인력개발센터(대구달서여성새로일하기센터)는 대구 지역의 여성 (예비)창업자를 대상으로 성공적인 창업지원을 위해 다음과 같이 「2026년 여성창업 사업화지원사업(1차)」을 시행하오니 많은 참여 바랍니다.,창업,민간,대구광역시,"일반기업,1인 창조기업","기업,여성,초기창업기업","만 20세 이상 ~ 만 39세 이하,만 40세 이상",,,공고일 기준 대구지역 여성 중 예비 창업자 또는 3년 이내 창업자,,"예비창업자,1년미만,2년미만,3년미만",사업화,20260430,20260604,,,온라인 접수: https://w-startup.daegu.go.kr/business/301,https://www.k-startup.go.kr/web/contents/bizpbanc-ongoing.do?schM=view&pbancSn=177530,main,primary,2026년여성창업사업화지원사업1차참여자모집,민간,20260430~20260604,사업화,사업화
kst,177529,스타트업 점프업스쿨,"2026년 「스타트업 점프업 스쿨」기술창업교육 참여기업을 모집합니다.
스타트업 점프업 스쿨 특징
◆ 우수기업 사업화 지원 (1천만원 1개사 / 7백만원 1개사 / 5백만원 2개사)
◆ 딥테크 분야 심화 교육 운영
◆ 예비창업자 트랙 별도 운영",교육/멘토링,지자체,전국,"일반인,대학,연구기관,일반기업,1인 창조기업","기업,누구나,스타트업,예비창업자,초기창업기업","만 20세 이상 ~ 만 39세 이하,만 40세 이상",,,성남시 기술기반 예비창업자 및 창업기업 임직원 (관외기업 별도 문의),,"예비창업자,1년미만,2년미만,3년미만,5년미만,7년미만,10년미만",멘토링ㆍ컨설팅ㆍ교육,20260507,20260518,,,온라인 접수: https://portal.snip.or.kr:8443/portal/snip/MainMenu/businessManagement/application.page?portlet=2026-0117&portlet2=4058&homeYn=Y,https://www.k-startup.go.kr/web/contents/bizpbanc-deadline.do?schM=view&pbancSn=177529,main,primary,스타트업점프업스쿨,지자체,20260507~20260518,멘토링ㆍ컨설팅ㆍ교육,멘토링ㆍ컨설팅ㆍ교육
kst,177528,가죽패션 레벨업 아카데미 7기 모집,"'가죽·패션 산업분야의 상품개선, 또는 신제품개발'을 기획 중인 디자이너브랜드 및 가죽제조 분야에 종사하는 기업을 대상으로, 가죽제조에 관한 기술교육 및 샘플 제작지원의 기회를 마련하였습니다.
본 교육은 가죽제품 제작의 전반적인 제조과정의 이해 뿐 아니라, 지역 소공인 협업을 통한 시제품 제작·생산을 연계하여 지역 가죽제조산업을 활성화하기 위하여 기획되어, '가죽·패션 레벨업 아카데미' 7기를 다음과 같이 모집하오니 많은 신청 바랍니다.",교육/멘토링,지자체,서울특별시,"청소년,대학생,일반인,대학,연구기관,일반기업,1인 창조기업","기업,누구나,청년,초기창업기업","만 20세 미만,만 20세 이상 ~ 만 39세 이하,만 40세 이상",,,"가죽·패션 제품 개발에 관심 있는 기업 및 종사자
신제품 개발을 희망하는 가죽·패션 기업(종사자) 및 창업예정자
서울시 소재의 가죽·패션 산업 분야 제조소공인 및 브랜드",,"예비창업자,1년미만,2년미만,3년미만,5년미만,7년미만,10년미만",멘토링ㆍ컨설팅ㆍ교육,20260507,20260511,,,이메일 접수: 공고문 확인 필요,https://www.k-startup.go.kr/web/contents/bizpbanc-deadline.do?schM=view&pbancSn=177528,main,primary,가죽패션레벨업아카데미7기모집,지자체,20260507~20260511,멘토링ㆍ컨설팅ㆍ교육,멘토링ㆍ컨설팅ㆍ교육
kst,177527,「2026년 경남창조경제혁신센터 창업-BuS 프로그램」 액셀러레이팅 모집공고,"“ 스타트업의 투자 경쟁력 강화부터 TIPS 연계까지 , 성장의 엔진을 달아드립니다 .”
경남창조경제혁신센터의 「 창업 -BuS 프로그램 」 은 연중 상시 ‧ 정례적인 스타트업 발굴하고 , 기업 단계별 IR 데모데이 매칭과 액셀러레이팅을 통해 직접투자 , TIPS 추천 및 투자 유치 연계를 지원하여 유니콘 기업으로의 성장을 견인하고 있습니다 .
본 프로그램은 투자 유치와 R&D 선정을 실현하기 위해 기업별 성장 단계에 최적화된 맞춤형 집중 고도화 과정을 지원합니다 . 센터의 직접 투자와 TIPS 추천을 통 해 실질적인 성과를 창출할 역량 있는 스타트업을 다음과 같이 모집합니다 .",창업,공공기관,경상남도,"청소년,대학생,일반인,일반기업,1인 창조기업","기업,누구나,청년,초기창업기업","만 20세 미만,만 20세 이상 ~ 만 39세 이하,만 40세 이상",,,"- 7년 이내 스타트업 
    ① 창업기업 소재 지역 제한 없음
    ② (창업기업) 「중소기업창업 지원법」 제2조 3에 따른 “창업기업”                       으로 공고일 기준 창업 7년 이내 기업

▶ 신청일 기준 휴‧폐업 중인 자(기업)
▶ 금융기관 등으로부터 채무불이행 중인 자(기업)
* 단, 신청·접수 마감일까지 채무변제 완료 후 증빙이 가능한 자(기업), 신용회복위원회의 프리워크아웃, 개인워크 아웃 제도에서 채무조정합의서를 체결한 경우, 법원의 개인회생제도에서 변제계획 인가를 받거나 파산면책 선고자, 회생인가를 받은 기업, 중소벤처기업진흥공단, 중소기업기술정보진흥원, 신용보증기금, 기술보증기금, 창업진흥원 등으로부터 재창업자금을 지원 받은 자(기업) 등 정부‧공공기관으로부터 재기지원 필요성을 인정 받은 자(기업)는 신청(지원) 가능
▶ 국세 또는 지방세 체납 중인 자(기업)
* 단, 세금분납계획에 따른 성실납부기업(체납처분유예신청), 신청·접수 마감일(5.26.(화))까지 국세, 지방세 등의 특수채무 변제 후 증빙이 가능한 자(기업)는 신청 가능
▶ 고용노동부가 공개하는 임금 체불사업주 명단에 포함된 자(기업)
▶ 중소기업창업지원법 시행령 제4조에 따른 창업에서 제외되는 업종(붙임2) 및기타 중소벤처기업부 장관이참여제한의 사유가 있다고 인정하는 자(기업)",,7년미만,사업화,20260507,20260526,,,온라인 접수: https://forms.gle/nuEtykczHK2CPYQP7,https://www.k-startup.go.kr/web/contents/bizpbanc-ongoing.do?schM=view&pbancSn=177527,main,primary,2026년경남창조경제혁신센터창업bus프로그램액셀러레이팅모집공고,공공기관,20260507~20260526,사업화,사업화
kst,177526,2026-2027 혁신적 기술 프로그램(CTS) 신규사업 공모 안내,"한국국제협력단(기업협력사업팀)은 국내 혁신가의 아이디어와 기술을 개발협력에 적용하여 개발도상국 사회적 난제에 대한 솔루션을 찾고 개발협력 사업의 효과성을 제고하고자 
2026-2027 CTS 신규사업 공모를 실시하니, 파트너 기관의 많은 관심과 참여를 바랍니다.",창업,공공기관,전국,"대학생,일반인,일반기업,1인 창조기업","기업,누구나,예비창업자,청년,초기창업기업","만 20세 미만,만 20세 이상 ~ 만 39세 이하,만 40세 이상",,,"◆  공통 요건: 예비창업자, 업력 10년 이내의 개인사업자, 또는 업력 10년 이내의 상법에 따른 회사

◆  트랙 구성
▷ SEED 1 (ODA 테스트베드) / 지원규모 최대 4억
- 개발협력형 혁신 솔루션의 변화이론·수혜자·이해관계자를 정교화하고 PoC·시제품 제작·소규모 실증으로 현지 적용성과 초기 사업화 가능성을 검증

▷ SEED 2 / 지원규모 최대 7억
- 개발협력형 혁신 솔루션을 현지에 보급·확산하며 비즈니스 구조를 실증하고, 수혜자 확대와 자립 운영체계 구축을 통해 사회적 임팩트와 비즈니스 지속가능성을 함께 검증

▷ CTS-TIPS 연계형 / 지원규모 최대 11억
- SEED 1 과 2를 통합해 현지 실증부터 사업화 정착까지를 가속 수행하며, 사회적 임팩트와 비즈니스 지속가능성을 동시 단기간에 실증
- 공고일 기준 누적 20억 원 이상의 민간투자를 받은 기업
- 위 조건을 충족하면서, 아래 3개 조건 중 1개 이상에 부합하는 기업
① 중기부 팁스(TIPS) 성공기업
② KOICA CTS Seed 1 / Seed 2 졸업기업
③ 미국 소비자가전전시회(CES) 혁신상 수상 기업",,"예비창업자,1년미만,2년미만,3년미만,5년미만,7년미만,10년미만",사업화,20260511,20260710,,,온라인 접수: https://kopis.koica.go.kr/,https://www.k-startup.go.kr/web/contents/bizpbanc-ongoing.do?schM=view&pbancSn=177526,main,primary,20262027혁신적기술프로그램cts신규사업공모안내,공공기관,20260511~20260710,사업화,사업화
kst,177525,스타트런X페인터즈 LIPS 브릿지 데이(1회차),"LIPS 운영사 스타트런과 페인터즈앤벤처스가 유망 소상공인의 기업가형 소상공인 도약 및 성공적인 시장 안착을 지원하기 위해 운영사 강연 및 선배 기업 사례 공유의 장을 마련했습니다.
이에 기업가적 역량을 갖추고 혁신 성장을 희망하는 소상공인을 대상으로 「2026 스타트런 × 페인터즈 LIPS 브릿지 데이」 참가 기업을 다음과 같이 모집합니다.",행사/네트워크,민간,전국,"청소년,대학생,일반인,대학,연구기관,일반기업,1인 창조기업","기업,누구나,청년,초기창업기업","만 20세 미만,만 20세 이상 ~ 만 39세 이하,만 40세 이상",,,"유망 소상공인, LIPS 준비 중인 창업기업 등 본 행사에 관심있는 누구나",,"예비창업자,1년미만,2년미만,3년미만,5년미만,7년미만,10년미만",행사ㆍ네트워크,20260506,20260508,,,온라인 접수: https://forms.gle/eYz9uBEF2xokMye9A,https://www.k-startup.go.kr/web/contents/bizpbanc-deadline.do?schM=view&pbancSn=177525,main,primary,스타트런x페인터즈lips브릿지데이1회차,민간,20260506~20260508,행사ㆍ네트워크,행사ㆍ네트워크
kst,177524,「AI+ OpenData 챌린지」참여기업 모집공고,"공공기관의 현안 해결을 위해 기관이 실제 사용하는 현장 데이터를 AI 중소· 창업기업에 공개하고, 혁신적인 AI 솔루션 발굴을 지원하는 「AI+ OpenData 챌린지」참여기업을 아래와 같이 모집합니다.",행사/네트워크,공공기관,전국,"청소년,대학생,일반인,대학,연구기관,일반기업,1인 창조기업","기업,누구나,청년,초기창업기업","만 20세 미만,만 20세 이상 ~ 만 39세 이하,만 40세 이상",,,"AI 기술 역량을 보유한 10년이내 창업기업

(붙임)공고문 참조",,"1년미만,2년미만,3년미만,5년미만,7년미만,10년미만",행사ㆍ네트워크,20260511,20260605,,,기타 접수: 온라인접수를 참고해주시기 바랍니다.,https://www.k-startup.go.kr/web/contents/bizpbanc-ongoing.do?schM=view&pbancSn=177524,main,primary,aiopendata챌린지참여기업모집공고,공공기관,20260511~20260605,행사ㆍ네트워크,행사ㆍ네트워크
kst,177523,2026-2027 혁신적 기술 프로그램(CTS) 신규사업 공모설명회 및 온라인 컨설팅 안내,"한국국제협력단(기업협력사업팀)은 국내 혁신가의 아이디어와 기술을 개발협력에 적용하여 개발도상국 사회적 난제에 대한 솔루션을 찾고 개발협력 사업의 효과성을 제고하고자 2026-2027 CTS 신규사업 공모설명회 및 온라인 컨설팅을 실시하니, 파트너 기관의 많은 관심과 참여를 바랍니다.",창업,공공기관,전국,"대학생,일반인,일반기업,1인 창조기업","기업,누구나,예비창업자,청년,초기창업기업","만 20세 미만,만 20세 이상 ~ 만 39세 이하,만 40세 이상",,,"CTS 공모에 관심 있는 누구나

· 공통 요건: 예비창업자, 업력 10년 이내의 개인사업자, 또는 업력 10년 이내의 상법에 따른 회사
· 트랙 구성
- SEED 1(ODA 테스트베드): 개발협력형  혁신  솔루션의 변화이론·수혜자·이해관계자를  정교화하고  PoC·시제품  제작·소규모  실증으로 현지 적용성과 초기 사업화 가능성을 검증
- SEED 2(기술사업화): 개발협력형  혁신  솔루션을  현지에  보급·확산하며 비즈니스  구조를  실증하고,  수혜자  확대와  자립 운영체계  구축을  통해  사회적  임팩트와  비즈니스 지속가능성을 함께 검증
- CTS-TIPS 연계형(패스트트랙): SEED 1과 2를 통합해 현지 실증부터 사업화 정착까지를  가속  수행하며,  사회적  임팩트와  비즈니스 지속가능성을 동시 단기간에 실증",,"예비창업자,1년미만,2년미만,3년미만,5년미만,7년미만,10년미만",사업화,20260506,20260513,,,온라인 접수: https://forms.gle/VHon33UMzHKmt3L8A,https://www.k-startup.go.kr/web/contents/bizpbanc-deadline.do?schM=view&pbancSn=177523,main,primary,20262027혁신적기술프로그램cts신규사업공모설명회및온라인컨설팅안내,공공기관,20260506~20260513,사업화,사업화
kst,177522,충북대학교 『글로벌(G)테크벤처센터(BI) 』 입주기업 모집,"국립거점대학 충북대학교와 충북중소벤처기업청에서는 지역 유망 중소․벤처기업의 발굴 육성을 통해 지역경제 활성화 기여 및 고용창출을 선도하기 위하여 글로벌테크벤처센터(POST-BI)에 입주 할, 우수한 기술력과 사업 역량을 가진 유망 벤처기업 및 신기술 창업자를 아래와 같이 모집 공고합니다",시설/공간,교육기관,충청북도,"청소년,대학생,일반인,대학,연구기관,일반기업,1인 창조기업","기업,누구나,청년,초기창업기업","만 20세 미만,만 20세 이상 ~ 만 39세 이하,만 40세 이상",,,"- 본사 or 연구소 or 지점사업자 or 창업보육센터 졸업기업 입주 가능
- (창업자) 창업 후 7년이 경과 되지 않은 기업(창업일자기준)
- 우대 가점기업 : 여성기업, 사회적기업, 협동조합, 장애인기업, 내일채움공제가입기업, 창조경제혁신센터 및 청년창업사관학교 학생창업기업 등 우대

1. 중소기업창업지원법 제43조 제4항 제4호에 의거 입주 제외대상 업종
2. 소음, 진동, 약품, 악취, 폐기물 발생 등 환경 침해 및 공해 유발 업체
3. 금융기관으로부터 신용불량으로 규제중인 자
4. 기타, 입주선정심의위원회에서 부적절하다고 판단되는 기업",,"예비창업자,1년미만,2년미만,3년미만,5년미만,7년미만",시설ㆍ공간ㆍ보육,20260501,20260531,,,"온라인 접수: https://cb-postbi.cbnu.ac.kr/community_06_06
방문 접수: (28420) 충북 청주시 흥덕구 가로수로 1251 (복대동) 충북대학교 G테크벤처센터 107호",https://www.k-startup.go.kr/web/contents/bizpbanc-ongoing.do?schM=view&pbancSn=177522,main,primary,충북대학교글로벌g테크벤처센터bi입주기업모집,교육기관,20260501~20260531,시설ㆍ공간ㆍ보육,시설ㆍ공간ㆍ보육
kst,177521,"2026년 ｢혁신 프리미어 1000｣ AI·디지털, 기술사업화 분야 통합 공고","AI·디지털, 기술사업화 분야 중견/중소기업 대상으로 금융/비금융 지원하는 혁신 프리미어 1000 기업 모집을 하오니 많은 관심과 신청 바랍니다.",기타,민간,전국,"일반기업,1인 창조기업","기업,초기창업기업","만 20세 미만,만 20세 이상 ~ 만 39세 이하,만 40세 이상",,,"AI·디지털, 기술사업화 분야 금융, 비금융 지원을 원하는 중견, 중소기업",,"1년미만,2년미만,3년미만,5년미만,7년미만,10년미만",융자ㆍ보증,20260506,20260514,,,온라인 접수: www.innovation1000.kr/,https://www.k-startup.go.kr/web/contents/bizpbanc-deadline.do?schM=view&pbancSn=177521,main,primary,2026년혁신프리미어1000ai디지털기술사업화분야통합공고,민간,20260506~20260514,융자ㆍ보증,융자ㆍ보증
kst,177520,[코레일유통/본사] 제1차 청년창업 제휴사업자 모집공고,"코레일유통(주) 청년창업 지원사업에 따른 매장 운영자 모집공고를 시행하오니, 참여를 희망하는 예비창업자 및 청년창업자는 참여해 주시길 바랍니다. 
■ 공고대상 매장 : 왕십리역 맞이방(분식/12.0㎡), 부산역 1층맞이방(한식/52.0㎡) 
■ 접수방법 : 코레일유통(주) 홈페이지 https://www.korailretail.com - 파트너십 - 청년창업 지원안내/공고 - 청년창업 신규공고
■ 비고사항 : [붙임8] 청년창업 전자입찰프로세스 매뉴얼 확인 必",시설/공간,공공기관,전국,"대학생,일반인,일반기업","기업,누구나,예비창업자,청년",만 20세 이상 ~ 만 39세 이하,20,39,"1. 공고일 기준 만 18세 이상 39세 이하
2. 공고일 기준 사업자등록을 하지 않은 예비창업자 또는 창업 후 3년 이하인 ｢중소기업기본법｣ 제2조 2항에 따른 소기업을 영위하는 자
  (대표자 연령 조건 충족해야 함)
3. 계약 체결 후 7일 이내 일반과세 사업자등록이 가능하고 시설투자 가능자
4. 프랜차이즈 미가맹 사업자로, 고유의 브랜드 및 레시피로 운영가능한 자

- 회사와 특수관계에 있는 자 또는 공공성 확보를 위해 다음에 해당하는 경우 참가를 제한
1. 코레일유통(주) 청년창업 지원매장 운영자로 선정된 자와 그 배우자 및 직계혈족
2. 코레일유통(주) 부정당업체로 지정된 업체(자)와 그 배우자 및 직계혈족
3. 기존 계약자(공고일 기준)
① 우리사 편의점 및 자판기 관련 계약 중이거나 과거 계약 이력이 있는 자와 그 배우자 및 직계혈족
② 우리사 상설전문점 운영 중이거나 과거 계약 이력이 있는 자와 그 배우자 및 직계혈족
4. 회사와 특수관계인 관련(공고일 기준)
① 모집시작일 기준 퇴직 후 2년이 경과 하지 않은 전직 임직원의 직계혈족
② 모집시작일 기준 한국철도공사 및 그 계열사에 재직 중인 임직원과 그 배우자 및 직계혈족
5. 공고일 현재 상업시설 운영 중인 자로 점포 수 확대를 목적으로 지원하는 자와 그 배우자 및 직계혈족",,"예비창업자,3년미만",시설ㆍ공간ㆍ보육,20260430,20260511,,,온라인 접수: https://www.korailretail.com,https://www.k-startup.go.kr/web/contents/bizpbanc-deadline.do?schM=view&pbancSn=177520,main,primary,코레일유통본사제1차청년창업제휴사업자모집공고,공공기관,20260430~20260511,시설ㆍ공간ㆍ보육,시설ㆍ공간ㆍ보육
kst,177518,2026 혁신성장 청년 예비 소상공인 지원 사업 참여자 연장 모집,"강북청년창업마루 - 강북창업지원센터에서 2026 혁신성장 청년 예비 소상공인 지원사업 참여자를 연장 모집합니다.
연내 강북구에 점포 창업을 희망하는 청년 (예비) 창업자 분들의 많은 관심과 참여 바랍니다.",창업,교육기관,서울특별시,일반인,"누구나,소상공인,예비창업자,청년","만 20세 미만,만 20세 이상 ~ 만 39세 이하",,,"2026년 내 강북구에 제품 기반의 생활밀접업종(음식점, 도·소매업, 제조업 등) 매장 창업을 희망하는 청년(강북구 조례 기준 19세~39세) 중 아래 요건 1개 이상에 해당하는 자
​①​ 예비창업자
​②​ 2025 혁신성장 청년 예비 소상공인 지원 창업 아카데미 수료자
③ 공고일 기준 강북구에 점포 창업 5년 이내인 초기 창업자 중 사업확장(타 업종 점포 창업)을 목표로 하는 자",,"예비창업자,1년미만,2년미만,3년미만,5년미만",사업화,20260506,20260513,,,이메일 접수: 공고문 확인 필요,https://www.k-startup.go.kr/web/contents/bizpbanc-deadline.do?schM=view&pbancSn=177518,main,primary,2026혁신성장청년예비소상공인지원사업참여자연장모집,교육기관,20260506~20260513,사업화,사업화
kst,177517,[경기북서부FTA통상진흥센터] 동남아 플랫폼 쇼피(Shopee) 입점 교육,경기중소벤처기업연합회(경기북서부FTA통상진흥센터)와 안양대학교 창업보육센터에서는 해외시장 진출을 희망하는 경기도 내 창업기업을 대상으로 동남아 플랫폼 쇼피 입점 교육을 운영하오니 관심 있는 분들의 많은 신청 바랍니다.,교육/멘토링,교육기관,경기도,"대학생,일반인,일반기업,1인 창조기업","기업,누구나,청년,초기창업기업","만 20세 미만,만 20세 이상 ~ 만 39세 이하,만 40세 이상",,,경기도 내  창업기업,,"1년미만,2년미만,3년미만,5년미만,7년미만,10년미만",멘토링ㆍ컨설팅ㆍ교육,20260501,20260510,,,온라인 접수: https://www.ggfta.or.kr/edu/eduAppNonMem.do?edu_seq=957,https://www.k-startup.go.kr/web/contents/bizpbanc-deadline.do?schM=view&pbancSn=177517,main,primary,경기북서부fta통상진흥센터동남아플랫폼쇼피shopee입점교육,교육기관,20260501~20260510,멘토링ㆍ컨설팅ㆍ교육,멘토링ㆍ컨설팅ㆍ교육
kst,177516,K-스타트업그랜드 챌린지,"The Ministry of SMEs and Startups hereby announces the recruitment of (pre-)startups for the K-Startup Grand Challenge (KSGC), a program designed to support outstanding global startups in entering, settling, and growing in the Korean market.",행사/네트워크,공공기관,전국,"청소년,대학생,일반인,대학,연구기관,일반기업,1인 창조기업","기업,누구나,스타트업,청년,초기창업기업","만 20세 미만,만 20세 이상 ~ 만 39세 이하,만 40세 이상",,,Overseas (pre-)startups wishing to enter the Korean market (Separate track available for international students),,"예비창업자,1년미만,2년미만,3년미만,5년미만,7년미만,10년미만",행사ㆍ네트워크,20260506,20260617,,,온라인 접수: https://ksgc.global/,https://www.k-startup.go.kr/web/contents/bizpbanc-ongoing.do?schM=view&pbancSn=177516,main,primary,k스타트업그랜드챌린지,공공기관,20260506~20260617,행사ㆍ네트워크,행사ㆍ네트워크
kst,177515,[KEA] 2026년도 IoT제품 개발 및 데이터 분석 수요기업 모집,"가전기업은 단순 기능 중심을 넘어 AI기반 지능형 제품으로의 전환이 필요한 시점입니다.
이에 보유한 제품과 데이터를 바탕으로 기업의 AI전환을 지원하는 프로그램을 안내드립니다.
최근 3년내 매출 실적과 데이터 보유 기업을 우대하오니 적극적인 신청 바랍니다.",교육/멘토링,민간,전국,일반기업,기업,"만 20세 미만,만 20세 이상 ~ 만 39세 이하,만 40세 이상",,,"✔ IoT 가전·전자·디바이스 제품 개발을 준비중이거나 보유한 기업
✔ 제품 데이터 활용이 필요하지만 내부 인력이 부족한 기업
✔ AI·데이터 기반 신규 서비스/BM을 고민 중인 기업",,"1년미만,2년미만,3년미만,5년미만,7년미만,10년미만",멘토링ㆍ컨설팅ㆍ교육,20260506,20260520,,,온라인 접수: www.gokea.org/core/?cid=47&uid=52551&page=1&role=view,https://www.k-startup.go.kr/web/contents/bizpbanc-deadline.do?schM=view&pbancSn=177515,main,primary,kea2026년도iot제품개발및데이터분석수요기업모집,민간,20260506~20260520,멘토링ㆍ컨설팅ㆍ교육,멘토링ㆍ컨설팅ㆍ교육
kst,177514,메이커 스페이스,수원대학교 WoW!메이커스에서는 제조 기반 예비창업자와 초기 창업기업의 제품 완성도 향상과 시장 진입 지원을 위해 제품개발 지원을 다음과 같이 공고하오니 참여를 희망하는 기업은 신청하여 주시기 바랍니다.,시설/공간,교육기관,전국,"대학생,일반인,일반기업","기업,누구나,예비창업자,청년","만 20세 미만,만 20세 이상 ~ 만 39세 이하,만 40세 이상",,,(경기도 내) 예비창업자 또는 업력 7년 미만의 제조 창업기업,,"예비창업자,1년미만,2년미만,3년미만,5년미만,7년미만",시설ㆍ공간ㆍ보육,20260506,20260526,,,이메일 접수: 공고문 확인 필요,https://www.k-startup.go.kr/web/contents/bizpbanc-ongoing.do?schM=view&pbancSn=177514,main,primary,메이커스페이스,교육기관,20260506~20260526,시설ㆍ공간ㆍ보육,시설ㆍ공간ㆍ보육
kst,177512,양주시 청년창업 경진대회,예비 또는 초기 청년 창업자의 창의적인 아이디어와 신규 비즈니스 모델을 발굴하여 지원하는 「2026년 양주시 청년창업 경진대회」 참여자 모집을 다음과 같이 공고합니다,창업,지자체,경기도,"대학생,일반인,대학,일반기업,1인 창조기업","기업,누구나,예비창업자,청년,초기창업기업",만 20세 이상 ~ 만 39세 이하,20,39,"◦ (공통기준) 공고일(‘26. 5. 1.) 기준, 아래의 조건 모두 충족하는 자
    1) 19세 ~ 39세, 예비창업자 또는 3년이하 창업기업 대표자
     - 1986. 5. 2. 이후 출생, 2007. 5. 1. 이전 출생
     - 기 창업자의 경우 사업자등록일이 2023. 5. 1. ~ 2026. 5. 1. 까지 해당함.
    2) 양주시에 거주 또는 사업장 소재지를 둔 자
     - 공고일(2026. 5. 1.) 기준 주민등록상 주소가 양주시인 자
      ① 공고일(2026. 5. 1.)까지 양주시로 전입신고를 완료한 자에 한하여 인정
      ② 관내 실제 거주 중이더라도 주민등록상 주소지가 관외인 경우 지원 불가
      ③ 전입 예정자 지원 불가 
      ④ 관외 거주자로 2026. 12. 10. 이전, 양주시에 창업 예정이거나 양주시로 사업장 이전 예정인 자 : 이행확약서 제출 ☞ 불이행시 우수자 선정 취소(환수 조치 포함)

※ 상세 내용은 공고문 참조

◦ 참가 제외 요건 중 어느 한 가지라도 해당될 경우 대회에 참가할 수 없음
∙ 「중소기업창업 지원법」 시행령 제4조에 따라 창업에서 제외되는 업종과 사행성 및 환경오염 유발 등 반사회적 성격의 창업아이템
∙ 「양주시 청년창업 경진대회」 기 수상자(팀원 포함) 또는 수상 아이템
∙ 공고일 기준 동일 또는 유사한 아이템으로 과거 他 창업경진대회를 통해 누적상금 3천만원 이상 받은 자
 * 他 창업경진대회는 민간·공공·대학에서 주최한 모든 ‘창업경진대회’와 ‘창업 아이디어 공모전’을 포함
 * 상금은 ‘기타소득’으로 한정하며, 기술개발, 실증 등 사업화 목적의 지원금과는 별개
∙ 대회 참가 신청 아이템 및 기업이 타인의 특허, 실용신안 등 지식재산권을 침해한 사실이 있거나 침해 관련 소송 등의 재판 진행 중인자(기업) 또는 아이템",,"예비창업자,1년미만,2년미만,3년미만",사업화,20260506,20260529,,,"이메일 접수: 공고문 확인 필요
방문 접수: 경기도 양주시 덕정길 67 회천1동복합청사 5층",https://www.k-startup.go.kr/web/contents/bizpbanc-ongoing.do?schM=view&pbancSn=177512,main,primary,양주시청년창업경진대회,지자체,20260506~20260529,사업화,사업화
kst,177511,메이커 스페이스,"동대문구 창업지원센터에서는 센터 입주기업과 일반인을 대상으로 3D프린터, 레이저커터 교육을 진행합니다",시설/공간,교육기관,전국,"청소년,대학생,일반인,대학,연구기관,일반기업,1인 창조기업","기업,누구나,청년,초기창업기업","만 20세 미만,만 20세 이상 ~ 만 39세 이하,만 40세 이상",,,3D프린터 또는 레이저커터에 관심있는 누구나,,"예비창업자,1년미만,2년미만,3년미만,5년미만,7년미만,10년미만",시설ㆍ공간ㆍ보육,20260504,20260526,,,온라인 접수: https://ddm.startup-plus.kr/board/B000165/7668,https://www.k-startup.go.kr/web/contents/bizpbanc-ongoing.do?schM=view&pbancSn=177511,main,primary,메이커스페이스,교육기관,20260504~20260526,시설ㆍ공간ㆍ보육,시설ㆍ공간ㆍ보육
kst,177510,2026년 숭실대학교 캠퍼스타운 신규 입주기업 3차 모집,"숭실대학교 캠퍼스타운사업단은 유망 청년 창업기업을 발굴하여 캠퍼스타운 입주 연계 및
맞춤형 창업 지원 제공을 통해 성공적인 창업을 육성하고자 다음과 같이 공고합니다.",시설/공간,교육기관,서울특별시,"대학생,일반인,대학,연구기관,일반기업,1인 창조기업","기업,누구나,예비창업자,청년,초기창업기업",만 20세 이상 ~ 만 39세 이하,20,39,"[창업기업인 경우]
  1) 공고일 기준(26.04.28.) 업력 7년 미만의 창업기업
    ※ 창업기업 또는 재창업기업이 법인인 경우: 법인설립등기일
    ※ 창업기업 또는 재창업기업이 개인인 경우:「부가가치세법」제8조제7항에 따른 사업자등록증에 기재된 개업일
    ※ 단.「중소기업창업 지원법」제25조 4항에 따라 신산업 창업분야에 해당하는 중소기업의 경우 업력 10년 이하 적용(붙임 공고문 참고[예비창업자인 경우]
  1) 공고일 기준(26.04.28.) 신청자 명의의 사업자등록을 하지 않은 자
  2) 입주 선정 후 신청자가 대표자인 사업자등록이 가능한 자
  3) 우대사항: AI+X 특화분야의 창업을 희망하는 예비창업자(팀)
[공통 자격요건]
  1) 공고일 기준(26.04.28.) 만 39세 이하의 대표자 또는 예비창업자
       ※ 단, 본교 소속의 교원, 대학(원)생, 졸업생, 외국인 유학생은 대표자 연령제한 없음
       ※ 청년 정책 제대군인 우대 지원 정책에 따라 제대 군인의 경우 군복무기간을 적용하여 신청자 연령 상한 한도 상향
         -2년 이상 복무: 만 42세 이하/1년 이상 2년 미만 복무: 만 41세 이하/1년 미만 복무: 만 40세 이하",,"예비창업자,7년미만",시설ㆍ공간ㆍ보육,20260428,20260518,,,온라인 접수: https://forms.gle/8PGKZkxoB3pHemWH8,https://www.k-startup.go.kr/web/contents/bizpbanc-deadline.do?schM=view&pbancSn=177510,main,primary,2026년숭실대학교캠퍼스타운신규입주기업3차모집,교육기관,20260428~20260518,시설ㆍ공간ㆍ보육,시설ㆍ공간ㆍ보육
youth,20260518005400213206,2026 농식품가공창업보육센터 이용자 모집 공고(공유주방 창업팀 1기),지역 농산물을 활용한 식품 가공 창업 활성화 및 초기 창업자의 실전형 창업 지원을 위한 공유주방 이용자 모집,인력/일자리,광주시청,광주광역시,0013010 | 0049010,청년,만 19세 ~ 만 99세,19,,,소득조건코드=0043001 / 소득범위=0~0,,"○ 공유주방 시설 이용 지원
· 일반조리실 및 베이커리실 작업 공간(테이블) 제공 · 식품가공에 필요한 주요 장비 무상 사용 
○ 창업 보육 프로그램 운영
· 공유주방 첫걸음 과정 및 오리엔테이션 제공 · 시제품 개발 및 제조·판매 활동 지원",20260506 ~ 20260608,20260930,"○ 가점 대상
· 농업경영체등록확인서 제출자(농업인) · 청년 창업자 및 사업자등록 예정/완료자",☞ 자세한 내용은 붙임파일을 확인해주시기 바랍니다.,○ 신청방법 : 방문 접수 또는 이메일(diddh0428@korea.kr) 제출,https://www.youthcenter.go.kr/youthPolicy/ythPlcyTotalSearch/ythPlcyDetail/20260518005400213206,main,primary,2026농식품가공창업보육센터이용자모집공고공유주방창업팀1기,광주시청,20260506 ~ 20260608~20260930,일자리,창업
youth,20260513005400213199,부산 청년 월세 지원,청년층의 주거비부담 경감을 위해 청년 월세 지원,주거,부산광역시 청년산학국 청년정책과,부산광역시,※ 유사사업 참여 중 이거나 수혜이력이 있는 자 등 | 0013010 | 0049010,청년,만 19세 ~ 만 34세,19,34,"
 - 부모님과 별도 거주 무주택청년
 - 재산기준 : 원가구 4억7천만원 이하, 청년가구 1억22백만원 이하","소득조건코드=0043003 / 소득범위=0~0 / 청년 기준중위소득 60%(월소득 154만원) 이하, 원가구 기준중위소득 100%(월 536만원) 이하",," ○ 지원내용 : 월 최대 20만원, 최대 24개월 지원",20260330 ~ 20260529,20260509,"- 부모님과 별도 거주 무주택청년
 - 재산기준 : 원가구 4억7천만원 이하, 청년가구 1억22백만원 이하","월세지원신청서, 소득·재산 신고서, 임대차계약 및 월세이체 증빙서류, 서약서, 입금통장 사본, 청년 및 부·모의 가족관계증명서, 배우자 및 배우자 부·모의 가족관계증명서",복지로 누리집 온라인 신청,https://young.busan.go.kr/index.nm?menuCd=37,main,primary,부산청년월세지원,부산광역시청년산학국청년정책과,20260330 ~ 20260529~20260509,주거,전월세 및 주거급여 지원
youth,20260513005400213198,부산 청년 중개보수 및 이사비 지원,"부산시 전입, 부산시 내 이사 후 전입 신고한 일하는 청년에게 이사비 지원",주거,부산광역시 청년산학국 청년정책과,부산광역시,※ 유사사업 수혜이력이 있는 자 등 | 0013010 | 0049010,청년,만 18세 ~ 만 39세,18,39," - ‘25. 1. 1.이후 부산시 전입 및 부산시 내 이사 후 전입신고
 - 주택 거래금액 1.5억원 이하 전・월세 거주
 - 무주택자, 부모 별도 거주","소득조건코드=0043003 / 소득범위=0~0 / 기준중위소득 120%이하(월 3,078천원 이하)",," ○ 지원내용 : 부동산 중개보수 및 실제 소요된 이사 비용(최대 40만원)
   - (중개보수) 임대차 계약 체결 시 소요되는 중개 수수료
   - (이사비) 개인용달, (반)포장이사, 사다리차 이용비 등
   ※ 택배비, 청소비, 개인적 차량 렌트비, 개인 아르바이트 고용 용역비 등 제외 ",20260801 ~ 20261231,,"- ‘25. 1. 1.이후 부산시 전입 및 부산시 내 이사 후 전입신고
 - 주택 거래금액 1.5억원 이하 전・월세 거주
 - 무주택자, 부모 별도 거주","부동산임대차계약서, 중개보수 및 이사비 납부 영수증, 통장사본 등",부산청년플랫폼 온라인 신청,https://young.busan.go.kr/index.nm,main,primary,부산청년중개보수및이사비지원,부산광역시청년산학국청년정책과,20260801 ~ 20261231~,주거,전월세 및 주거급여 지원
youth,20260513005400213197,부산 청년 자산형성 지원(부산청년 기쁨두배통장),청년에게 저축을 통한 자산형성 지원 및 금융역량 강화,인력/일자리,부산광역시 청년산학국 청년정책과,부산광역시,"※ 유사사업 참여 중 이거나 수혜이력이 있는 자, 본인 명의 통장개설이 불가능한 자 등 | 0013010 | 0049010",청년,만 18세 ~ 만 39세,18,39," ※ 사업자의 경우 본인 명의 사업자등록증 
 ※ 공고일 기준 주민등록상 부산시 거주","소득조건코드=0043003 / 소득범위=0~0 / 기준중위소득 150%이하(월 소득 3,847천원 이하) / 건강보험료로 판단 : 직장가입자 138,780원 지역가입자 68,641원",," ○ 지원내용 : 청년 10만원 저축시 1:1 市 매칭 지원, 금융교육
  ※ 저축기간 24개월 또는 36개월",20260810 ~ 20260821,,"※ 사업자의 경우 본인 명의 사업자등록증 
 ※ 공고일 기준 주민등록상 부산시 거주",,부산청년기쁨두배통장 누리집 온라인 신청,https://young.busan.go.kr/index.nm?menuCd=53,main,primary,부산청년자산형성지원부산청년기쁨두배통장,부산광역시청년산학국청년정책과,20260810 ~ 20260821~,일자리,취업
youth,20260513005400213183,2026년 청년농업인(청년창업형 후계농업경영인) 영농정착지원사업(2차),"○ 영농 초기 소득이 불안정한 청년농업인 대상, 최장 3년간 영농정착지원금 지급 및 농지·자금·교육 등 연계 지원",인력/일자리,광주시청,광주광역시,0013010 | 0049010,"농업인,청년",만 18세 ~ 만 39세,18,39,,소득조건코드=0043001 / 소득범위=0~0,,"○ 영농정착지원금 차등 지급
·  1년차: 월 110만 원 / 2년차: 월 100만 원 / 3년차: 월 90만 원
○ 정책자금 및 연계 지원
·  후계농업경영인 육성자금: 최대 5억 원 한도 융자 지원(연리 1.5% 고정금리)
·  농지 지원: 한국농어촌공사 농지은행을 통한 농지 매입·임차 지원 우선순위 부여
·  교육 및 컨설팅: 영농 기술 및 경영 역량 강화를 위한 단계별 교육 제공",20260601 ~ 20260710,20261231,"○ 소득기준: 본인세대 건강보험료 산정액 기준 중위소득 140% 이하
○ 제외대상: 사업자 등록자(일부 허용 제외), 상근 직원 채용자, 재학생 및 휴학생 등",☞ 자세한 내용은 붙임파일을 확인해주시기 바랍니다.,○ 농림사업정보시스템(농업e지) 온라인 신청,https://www.nongupez.go.kr/nsm/main,main,primary,2026년청년농업인청년창업형후계농업경영인영농정착지원사업2차,광주시청,20260601 ~ 20260710~20261231,일자리,취업
youth,20260511005400213179,여성창업지원(사업화지원),한국여성경제인협회 광주지회는 여성창업자 창업성공률 제고 및 안정적 성장기반을 마련하고자 ‘여성창업지원(사업화지원)’ 사업을 안내합니다.,인력/일자리,광주시청,광주광역시,0013010 | 0049010,"여성,청년",만 1세 ~ 만 99세,,,,소득조건코드=0043001 / 소득범위=0~0,,"○ 생산·기술 지원
· 시제품 및 금형 제작, 시험 분석 지원 등
· 기업별 최대 2,400천원

○ 마케팅 지원(최대5개 기업)
· CI·BI 개발, 제품·포장 디자인, 홈페이지/앱 개발, 카달로그, 홍보동영상
· 언론기사·광고, 크라우드 펀딩 플랫폼 참가, 제품 판매 플랫폼 입점
· 전시회·박람회 참가 지원, 지식재산권 획득 등",20260507 ~ 20260527,20261130,"○ 지원제한
· 동일 내용 및 아이템으로 타 지원기관(정부 및 공공기관 등) 지원을 받았거나 받고 있는 경우 제외
· 중소기업창업지원법 시행령 제4조(창업에서 제외되는 업종) 해당 업종 제외
· 국세, 지방세 체납자 제외
· 기선정자 제외(최근 3년 이내)",☞ 자세한 내용은 붙임파일을 확인해주시기 바랍니다.,"○ 우편 또는 이메일 접수
· 주소: 광주광역시 북구 무등로 180번길 5(신안동 133-1)
· 이메일: kwea6028@daum.net",https://www.youthcenter.go.kr/youthPolicy/ythPlcyTotalSearch/ythPlcyDetail/20260511005400213179,main,primary,여성창업지원사업화지원,광주시청,20260507 ~ 20260527~20261130,일자리,창업
youth,20260506005400213174,(부평구) 청년창업 재정지원 사업,우수하고 창의적인 아이템을 가진 청년 창업자를 발굴하여 지역 우수 기업으로 성장 유도,인력/일자리,인천광역시 부평구 경제환경국 일자리창출과,인천광역시,"○ 창업자 대표 및 팀원 소유 건물의 임차료 지급 제외
○ 임대인이 창업자의 직계존비속, 형제, 자매, 배우자인 경우 지급 제외 | 0013006 | 0049010","예비창업자,청년",만 19세 ~ 만 39세,19,39,"○ (최초지원) 예비창업자(생애최초)
○ (초기지원) 부평구에 사업장을 둔 3년 이하 창업자
○ (성장지원) 부평구에 사업장을 청년 1명이상 채용 및 7년 이하 창업자상가 임차료는 사무공간에 한해 지원(원룸 등 주거공간 임차료 지원 불가)",소득조건코드=0043001 / 소득범위=0~0,,"○ (최초지원) 창업자금 최대 1,000만원 지원
○ (초기지원) 창업자금 최대 1,200만원 지원
○ (성장지원) 창업자금 최대 1,500만원 지원",        ,        ,"○ (최초지원) 예비창업자(생애최초)
○ (초기지원) 부평구에 사업장을 둔 3년 이하 창업자
○ (성장지원) 부평구에 사업장을 청년 1명이상 채용 및 7년 이하 창업자상가 임차료는 사무공간에 한해 지원(원룸 등 주거공간 임차료 지원 불가)",,"○ 신청 홈페이지에 접속하여 신청서 등 양식 다운
○ 구비 서류 양식 작성 및 증빙서류 구비
○ 일자리창출과 방문 또는 이메일 신청",https://youth.incheon.go.kr/youthpolicy/youthPolicyInfoDetail.do?poly_seq=106,main,primary,부평구청년창업재정지원사업,인천광역시부평구경제환경국일자리창출과,,일자리,창업
youth,20260506005400213171,(부평구) 청년도전 지원사업,"구직단념청년을 발굴, 노동시장 참여 촉진지원",인력/일자리,인천광역시 부평구 경제환경국 일자리창출과,인천광역시,0013003 | 0049010,청년,만 18세 ~ 만 34세,18,34,"구직단념 청년(부평구 거주자 35~39세 참여가능)
지원연령: 부평구 거주자 35~39세 참여가능",소득조건코드=0043001 / 소득범위=0~0,,"맞춤형 프로그램 및 참여수당, 인센티브 등",20260101 ~ 20261018,        ,"구직단념 청년(부평구 거주자 35~39세 참여가능)
지원연령: 부평구 거주자 35~39세 참여가능",,"○ 고용24(기관선택: (사협)일터와사람들)
○ 현장접수: 신청 전 전화문의 시 개별안내",https://youth.incheon.go.kr/youthpolicy/youthPolicyInfoDetail.do?poly_seq=110,main,primary,부평구청년도전지원사업,인천광역시부평구경제환경국일자리창출과,20260101 ~ 20261018~,일자리,취업
youth,20260506005400213164,미래우주교육센터 구축,산·학·연 컨소시엄 기반으로 미래 우주분야 문제를 해결하고 신기술을 선도할 수 있는 종합적인 전문인력 양성,교육/멘토링,인천광역시 해양항공국 항공과,인천광역시,0013010 | 0049010,청년,만 34세 ~ 만 99세,34,,-,소득조건코드=0043001 / 소득범위=0~0,,"○ 우주탐사 및 자원활용 분야 45명 전문인력양성 교육 추진
○ 우주탐사 및 우주자원활용 분야 연구개발 지원
 - [우주진입] 정밀천측항법 및 비행제어 시뮬레이터
 - [우주탐사] 다목적 탐사 로버
 - [자원활용] 수전해 추력기
○ 달/화성 탐사 시나리오 기반 우주핵심기술 시제품 연구개발",        ,        ,,,,https://youth.incheon.go.kr/youthpolicy/youthPolicyInfoDetail.do?poly_seq=170,main,primary,미래우주교육센터구축,인천광역시해양항공국항공과,,교육･직업훈련,미래역량강화
youth,20260506005400213162,(강화군) 창업일자리센터 운영,취·창업 지원 프로그램 운영 및 구인·구직자 취업 연계 지원,인력/일자리,인천광역시 강화군 경제산업국 일자리경제과,인천광역시,0013010 | 0049010,청년,만 19세 ~ 만 39세,19,39,-,소득조건코드=0043001 / 소득범위=0~0,,"구인구직 알선, 일자리박람회 개최, 청년의 날 행사 개최, 청년 및 창업 프로그램 운영 등",,,,,강화군 창업일자리센터 방문 또는 홈페이지 인터넷 접수,https://www.ganghwajob.kr/,main,primary,강화군창업일자리센터운영,인천광역시강화군경제산업국일자리경제과,,일자리,창업
youth,20260506005400213159,(연수구) 청년 정신건강 조기중재사업,청년 정신질환을 조기 발견 및 개입하여 청년층의 정신질환 발병 예방 및 만성화 방지,복지/문화,인천광역시 연수구 보건소 치매정신건강과,인천광역시,0013010 | 0049010,청년,만 15세 ~ 만 34세,15,34,-,소득조건코드=0043001 / 소득범위=0~0,,"고위험군 발굴 및 상담, 정신과 치료비 지원",        ,        ,,,,https://youth.incheon.go.kr/youthpolicy/youthPolicyInfoDetail.do?poly_seq=196,main,primary,연수구청년정신건강조기중재사업,인천광역시연수구보건소치매정신건강과,,금융･복지･문화,건강
youth,20260506005400213157,인천광역시 청년미래센터 운영,복지사각지대에 있는 위기청년 지원을 위한 전담기관 운영,복지/문화,인천광역시 외로움돌봄국 외로움정책과,인천광역시,0013010 | 0049010,청년,만 13세 ~ 만 39세,13,39,"가족돌봄청년(13~34세), 고립은둔청년(19~39세)",소득조건코드=0043001 / 소득범위=0~0,,"○ 가족돌봄청년
- 자기돌봄비 지급(연 200만원), 사례관리. 의료·돌봄서비스 연계, 자조모임 등
○ 고립은둔청년 
- 초기상담 및 고립은둔 정도 진단
- 심리지원, 회복지원, 공동활동 등 프로그램 제공
- 가족지원(가족상담, 자조모임 등)",,,"가족돌봄청년(13~34세), 고립은둔청년(19~39세)",,,http://www.mohw2030.co.kr/panel.asp,main,primary,인천광역시청년미래센터운영,인천광역시외로움돌봄국외로움정책과,,금융･복지･문화,취약계층 및 금융지원
youth,20260506005400213156,인천형 천원의 아침밥 지원,대학생 대상 아침밥 먹는 문화 확산 및 쌀 소비 촉진,복지/문화,인천광역시 농수산식품국 농축산과,인천광역시,0013010 | 0049005,청년,만 34세 ~ 만 99세,34,,인천시 관내 소재 대학의 재학생,소득조건코드=0043001 / 소득범위=0~0,,"○  [보조금 3천원(국2, 시1) + 쌀 120g(시) + 대학교 부담금 + 학생 1천원] / 1식 기준
○ (참여대학) 11개 대학(인천대, 인하대, 인하공전, 경인교대(인천), 연세대(국제), 청운대(인천), 가천대(메디컬), 한국뉴욕주립대, 조지메이슨대, 유타대, 겐트대)",        ,        ,인천시 관내 소재 대학의 재학생,,,https://youth.incheon.go.kr/youthpolicy/youthPolicyInfoDetail.do?poly_seq=282,main,primary,인천형천원의아침밥지원,인천광역시농수산식품국농축산과,,금융･복지･문화,건강
youth,20260506005400213155,(옹진군) 인천시 청년월세 지원사업,경제적 어려움을 겪는 청년들의 주거비용 부담 경감,주거,인천광역시 청년정책담당관,인천광역시,"○ 부모와 함께 거주(원가구와 세대분리하지 않은 자)하는 경우
○ 주택 소유자(분양권, 입주권 포함) 
○ 직계존속, 형제, 자매 등 2촌이내 주택을 임차한 경우(배우자의 2촌 이내 혈족 포함)
○ 공공주택특별법에 따른 공공임대주택 거주자
○ 1실(방)에 다수가 거주하는 방식의 전대차인 경우
○ 전국 지자체 월세사업 또는 국토부 1차 월세사업 수혜 중인자 등(수혜종료 후 신청가능) | 0013010 | 0049010",청년,만 35세 ~ 만 39세,35,39,"◎ 청약통장 가입 필수(종류무관) 
◎ 소득 : (청년독립가구) 기준 중위소득 60%이하 (원가구) 기준 중위소득 100% 이하
◎ 재산 : (청년독립가구) 재산 122백만원 이하 (원가구) 재산 470백만원 이하
◎ 주택 : 전입신고 필수            ※ 월세 임차보증금 5천만원 및 월세 70만원 이하 요건 폐지(2024.4.12.~시행)] 
  ※ 제출된 신청서를 토대로 공적자료 조회(조사시점 기준 적용)

<가구구성 방법>
 (청년독립가구) 청년 + 배우자 + 직계비속 + 동일 주소지에 거주하는 그 외 「민법」상 가족* 
 (원가구) 청년독립가구 + 1촌 이내 직계혈족(부,모)
 * (가족의 범위, 민법§779) ❶배우자, 직계혈족 및 형제자매, ❷직계혈족의 배우자, 배우자의 직계혈족 및 배우자의 형제자매(생계를 같이하는 경우에 한함)

※ 원가구(부모님) 소득·재산 미고려 : ①30세 이상 ②혼인 ③미혼부·모 ④30세 미만 미혼 청년의 소득이 중위 50% 이상으로 생계를 달리한다고 군수·구청장이 인정하는 경우자가진단서비스 사전 실시(개통예정)
- 복지로(www.bokjiro.go.kr) > 복지서비스 > 모의계산 > 청년월",소득조건코드=0043003 / 소득범위=0~0 / 소득 : (청년독립가구) 기준 중위소득 60%이하 (원가구) 기준 중위소득 100% 이하,,"지원금액 : 1인 월 20만원씩, 최대 12개월(회) 월세 지원
   - 실제 납부하는 월세의 최대 20만원까지 지원(임차보증금, 관리비 등은 제외)
◎ 지 급 일 : 매월 25일 현금으로 지급
   - 토요일이거나 공휴일인 경우에는 그 전날 지급
   - 지원대상으로 선정될 시, 신청일 기준 당월에 지출한 월세부터 지급
◎ 주거급여 수급자인 경우 전월(20일)에 지급한 주거급여를 차감하고 지급",        ,        ,"◎ 청약통장 가입 필수(종류무관) 
◎ 소득 : (청년독립가구) 기준 중위소득 60%이하 (원가구) 기준 중위소득 100% 이하
◎ 재산 : (청년독립가구) 재산 122백만원 이하 (원가구) 재산 470백만원 이하
◎ 주택 : 전입신고 필수            ※ 월세 임차보증금 5천만원 및 월세 70만원 이하 요건 폐지(2024.4.12.~시행)] 
  ※ 제출된 신청서를 토대로 공적자료 조회(조사시점 기준 적용)

<가구구성 방법>
 (청년독립가구) 청년 + 배우자 + 직계비속 + 동일 주소지에 거주하는 그 외 「민법」상 가족* 
 (원가구) 청년독립가구 + 1촌 이내 직계혈족(부,모)
 * (가족의 범위, 민법§779) ❶배우자, 직계혈족 및 형제자매, ❷직계혈족의 배우자, 배우자의 직계혈족 및 배우자의 형제자매(생계를 같이하는 경우에 한함)

※ 원가구(부모님) 소득·재산 미고려 : ①30세 이상 ②혼인 ③미혼부·모 ④30세 미만 미혼 청년의 소득이 중위 50% 이상으로 생계를 달리한다고 군수·구청장이 인정하는 경우자가진단서비스 사전 실시(개통예정)
- 복지로(www.bokjiro.go.kr) > 복지서비스 > 모의계산 > 청년월","월세지원 신청(변경)서(필수)
소득·재산 신고서(필수)
서약서(필수)
임대차계약서(확정일자 날인) 사본(필수)
월세이체 증빙 서류(최근 3개월) (받는분, 보내는분, 날짜, 금액 명시)(필수)
(월세지급을 위한) 통장사본(필수)
청약통장 사본(신청인 명의, 종류무관)(필수)
신청자 기준 가족관계증명서  (상세, 주민등록번호 공개)(필수)
부모님 기준 가족관계증명서  [부 / 모 기준 각  1부씩]  (상세, 주민등록번호 공개)(필수)
(혼인한 경우 필수 제출) 배우자 기준 가족관계증명서 및 배우자 부모의 가족관계증명서  (상세, 주민등록번호 공개)(선택)
신분증(방문신청시 필수지참)(선택)","(19세 ~ 34세) 복지로를 통한 온라인신청 및 관할 행정복지센터 방문 신청
(35세 ~ 39세) 인천청년포털을 통한 온라인신청 또는 관할 행정복지센터 방문 신청",https://youth.incheon.go.kr/youthpolicy/youthPolicyInfoDetail.do?poly_seq=267,main,primary,옹진군인천시청년월세지원사업,인천광역시청년정책담당관,,주거,전월세 및 주거급여 지원
youth,20260506005400213154,(서구) 청년e음 청년스타트업지원사업,청년e음 스타트업지원사업 「정서진 아라뱃길 청년창업공간 운영」,인력/일자리,인천광역시 서구 경제국 청년정책일자리과,인천광역시,0013006 | 0049010,"스타트업,청년",만 19세 ~ 만 39세,19,39,인천 거주 또는 사업자 등록한 예비 또는 3년이하 청년창업가,소득조건코드=0043001 / 소득범위=0~0,,창업공간 제공 및 공간 이용실적에 따른 초기창업사업기간 구축비 지원(30만원 이내),        ,        ,인천 거주 또는 사업자 등록한 예비 또는 3년이하 청년창업가,,,https://youth.incheon.go.kr/youthpolicy/youthPolicyInfoDetail.do?poly_seq=283,main,primary,서구청년e음청년스타트업지원사업,인천광역시서구경제국청년정책일자리과,,일자리,창업
youth,20260506005400213153,청년 취업설명회(공기업 및 우수기업),공기업·우수기업 취업설명회를 통한 청년 구직자 취업정보 제공 및 취업 촉진,인력/일자리,인천광역시 강화군 경제산업국 일자리경제과,인천광역시,0013003 | 0049010,청년,만 19세 ~ 만 39세,19,39,-,소득조건코드=0043001 / 소득범위=0~0,,"○ 인천일자리한마당 연계행사(2026. 7. 예정)로 진행
○ 취업설명회 및 상담 : 공기업 10개 이내, 우수기업 15개
○ 취업정보관 : 5개 이내(인천시, 중부지방고용노동청, 관내 대학 등)
○ 부대행사관 : 3개 이내(인생네컷, 퍼스털컬러 등 이벤트 행사)",        ,        ,,,,https://youth.incheon.go.kr/youthpolicy/youthPolicyInfoDetail.do?poly_seq=285,main,primary,청년취업설명회공기업및우수기업,인천광역시강화군경제산업국일자리경제과,,일자리,취업
youth,20260506005400213152,인천시 일자리센터 운영,인천시 일자리지원 허브 기관으로 시민에 대한 입체적 취업지원 및 기업에 대한 적기 인재채용 지원,인력/일자리,인천광역시 경제산업본부 경제정책과,인천광역시,0013010 | 0049010,청년,만 34세 ~ 만 99세,34,,-,소득조건코드=0043001 / 소득범위=0~0,,-,,,,,,https://incheon.work.go.kr/main.do/main.do,main,primary,인천시일자리센터운영,인천광역시경제산업본부경제정책과,,일자리,취업
youth,20260506005400213151,청년고용 우수기업 근로환경 개선,청년고용 우수기업에 근로환경 개선 인센티브를 제공하여 중소기업 인식개선 및 일하고 싶은 직장 환경 조성,인력/일자리,인천광역시 청년정책담당관,인천광역시,0013010 | 0049010,청년,만 18세 ~ 만 39세,18,39,,소득조건코드=0043001 / 소득범위=0~0,,"○ 기업별 6백만원 ~ 24백만원 이내(청년 신규채용 1인당 3백만원 기준)
○ 근로환경개선을 위한 시설 개보수 및 물품구입 비용 지원
- 물품구입 : 냉·난방기, 공기청정기, 안마기기, 옷장, 냉장고, 비데, 세탁기, 건조기, 신발장, 온수기, 핸드드라이기, 집진기
- 시설개보수 : 화장실, 휴게실, 샤워실, 탈의실, 집진·공조시설",,,,,,https://bizok.incheon.go.kr/open_content/support.do?act=detail&policyno=6835&pgno=4,main,primary,청년고용우수기업근로환경개선,인천광역시청년정책담당관,,일자리,취업
youth,20260506005400213150,인천혁신모펀드 조성·운영(청년벤처·창업기업 투자유치 펀드 지원사업),청년벤처·창업기업 투자유치 펀드 지원사업,인력/일자리,인천광역시 미래산업국 산업창업정책과,인천광역시,0013010 | 0049010,"청년,초기창업기업",만 19세 ~ 만 39세,19,39,-,소득조건코드=0043001 / 소득범위=0~0,,인천 소재 유망 청년 벤처․창업기업을 발굴하여 펀드자금 투자   * 지원대상별 투자액 상이,        ,        ,,,,https://youth.incheon.go.kr/youthpolicy/youthPolicyInfoDetail.do?poly_seq=290,main,primary,인천혁신모펀드조성운영청년벤처창업기업투자유치펀드지원사업,인천광역시미래산업국산업창업정책과,,일자리,창업
youth,20260506005400213149,청년 소셜벤처기업 육성 사업,관내 대학과 연계하여 원도심재생ㆍ복지ㆍ환경 등 사회 현안문제에 대한 청년들의 참신한 아이디어를 발굴하고 지원함으로써 지역 청년 사업가 육성,인력/일자리,인천광역시 미래산업국 산업창업정책과,인천광역시,0013010 | 0049010,청년,만 18세 ~ 만 39세,18,39,-,소득조건코드=0043001 / 소득범위=0~0,,-,        ,        ,,,,https://youth.incheon.go.kr/youthpolicy/youthPolicyInfoDetail.do?poly_seq=291,main,primary,청년소셜벤처기업육성사업,인천광역시미래산업국산업창업정책과,,일자리,창업
youth,20260506005400213148,신개념 세대융합 청년창업 지원,"청년의 열정, 아이디어와 중장년의 경험을 멘토로 하는 새로운 창업지원을 통한 청년 창업 활성화",인력/일자리,인천광역시 미래산업국 산업창업정책과,인천광역시,0013006 | 0049010,청년,만 19세 ~ 만 39세,19,39,-,소득조건코드=0043001 / 소득범위=0~0,,"○ (전문가 풀 운영) 10년 이상 경력의 중장년 전문가
○ (컨설팅 지원) 50명 이상, 기업당 최대 2회(회당 2시간)
○ (우수 멘티 사업화 지원) 컨설팅 우수기업 선정 마케팅비 등 지원",        ,        ,,,,https://youth.incheon.go.kr/youthpolicy/youthPolicyInfoDetail.do?poly_seq=294,main,primary,신개념세대융합청년창업지원,인천광역시미래산업국산업창업정책과,,일자리,창업
youth,20260506005400213147,청년농업인 영농정착지원,젊고 유능한 인재의 농업분야 진출을 촉진을 통한 농가 고령화 완화 및 농업인력구조 개선,인력/일자리,농림축산식품부 농식품인재개발원,인천광역시,0013008 | 0049010,"농업인,청년",만 19세 ~ 만 39세,19,39,-,소득조건코드=0043001 / 소득범위=0~0,,"영농경력에 따라 3년간 영농정착 지원금 차등지급
- 독립경영 1년차 월110만원, 2년차 월100만원, 3년차 월90만원",20260101,20261231,,,,https://youth.incheon.go.kr/youthpolicy/youthPolicyInfoDetail.do?poly_seq=295,main,primary,청년농업인영농정착지원,농림축산식품부농식품인재개발원,20260101~20261231,일자리,취업
youth,20260506005400213146,청년농업인 영농 스타트업 지원,농촌 고령화에 대응하여 청년농업인들을 새롭게 유입시키고 안정적으로 정착할 수 있도록 지원,인력/일자리,인천광역시 농수산식품국 농축산과,인천광역시,사업자등록을 하고 사업체를 경영하는 자 제외 | 0013008 | 0049010,"농업인,스타트업,청년",만 19세 ~ 만 39세,19,39,-,소득조건코드=0043001 / 소득범위=0~0,,"농식품 가공·제조용 시설의 설치, 하우스, 온실 등 시설설치, 농기계 장비 구입비 지원",        ,        ,,,,https://youth.incheon.go.kr/youthpolicy/youthPolicyInfoDetail.do?poly_seq=296,main,primary,청년농업인영농스타트업지원,인천광역시농수산식품국농축산과,,일자리,취업
youth,20260506005400213145,인천콘텐츠코리아랩 운영,콘텐츠 비즈니스 모델 발굴 및 사업화 지원을 통해 스타트업의 성장 지원 기반 마련 확대,교육/멘토링,인천광역시 문화체육국 문화정책과,인천광역시,0013010 | 0049010,청년,만 34세 ~ 만 99세,34,,-,소득조건코드=0043001 / 소득범위=0~0,,-,,,,,,https://www.inckl.or.kr/user/main.do,main,primary,인천콘텐츠코리아랩운영,인천광역시문화체육국문화정책과,,교육･직업훈련,미래역량강화
youth,20260506005400213144,청년어업인 영어정착지원,창업 초기 청년어업인의 안정적인 어촌 정착 지원을 통한 우수한 청년인력의 어촌 유치,인력/일자리,인천광역시 수산기술지원센터,인천광역시,"유흥, 사치품 및 술·담배의 구매 등 일부 제외 | 0013010 | 0049010",청년,만 18세 ~ 만 39세,18,39,"(소득기준) 상근고용, 어업과 무관한 사업체 경영 금지
(기타조건) 수산업 경영기반 해당 시·군·구에 실제 거주(주민등록포함), 어업 및 양식업 경력 3년 이하 독립경영, 병역필 또는 병역면제자",소득조건코드=0043001 / 소득범위=0~0,,"수산업 경영비 및 어가 가계자금 지원
- 수산업경영 경력에 따라 차등 지급
(1년차 월 110만원, 2년차 월 100만원, 3년차 월 90만원)",        ,        ,"(소득기준) 상근고용, 어업과 무관한 사업체 경영 금지
(기타조건) 수산업 경영기반 해당 시·군·구에 실제 거주(주민등록포함), 어업 및 양식업 경력 3년 이하 독립경영, 병역필 또는 병역면제자",,,https://youth.incheon.go.kr/youthpolicy/youthPolicyInfoDetail.do?poly_seq=298,main,primary,청년어업인영어정착지원,인천광역시수산기술지원센터,,일자리,취업
youth,20260506005400213143,청년농업인4-H 연합회 활동지원,인천광역시 청년농업인4-H연합회 교육·행사지원 및 조직활성화,교육/멘토링,인천광역시 농업기술센터 농촌자원과,인천광역시,0013008 | 0049010,"농업인,청년",만 19세 ~ 만 39세,19,39,-,소득조건코드=0043001 / 소득범위=0~0,,인천광역시 농업인4-H연합회 워크숍 추진,        ,        ,,,,https://youth.incheon.go.kr/youthpolicy/youthPolicyInfoDetail.do?poly_seq=299,main,primary,청년농업인4h연합회활동지원,인천광역시농업기술센터농촌자원과,,교육･직업훈련,온·오프라인교육
youth,20260506005400213142,인천 전세보증금반환보증 보증료 지원,전세보증금반환보증 가입을 유도하여 저소득층의 전세사기 피해를 예방하고 주거안정 도모,주거,인천광역시 도시계획국 주택정책과,인천광역시,"○ 외국인 및 국내에 거주하지 않는 재외국민
○ 임차인이 법인인 경우(회사 지원 숙소 등)
○ 그 밖에 지자체장이 지원이 적합하지 않다고 판단하는 경우
*자세한 사항은 '정부24' 사업안내 참조 | 0013010 | 0049010",청년,만 34세 ~ 만 99세,34,,"◉ 소득기준
 - (청년) 신청일 기준 만18세~39세이하로 연소득 5천만원 이하
 - (청년 외) 연소득 6천만원 이하(기혼자는 부부합산임)
 - (신혼부부) 신청일 기준 혼인신고일 7년이내인 부부, 부부합산 연소득 7천5백만원 이하
◉ 주택기준
 - 임차보증금 3억원 이하
 * 주민등록상 주소지와 보증가입 물건지는 동일해야 함",소득조건코드=0043002 / 소득범위=0~6000,,"임차보증금 3억원 이하 주택에 대하여 신청일 기준 보증 효력이 유효한 전세금반환보증(HUG,HF,SGI)보증료 기납액을 지원",,,"◉ 소득기준
 - (청년) 신청일 기준 만18세~39세이하로 연소득 5천만원 이하
 - (청년 외) 연소득 6천만원 이하(기혼자는 부부합산임)
 - (신혼부부) 신청일 기준 혼인신고일 7년이내인 부부, 부부합산 연소득 7천5백만원 이하
◉ 주택기준
 - 임차보증금 3억원 이하
 * 주민등록상 주소지와 보증가입 물건지는 동일해야 함",,정부24홈페이지 온라인 신청(www.gov.kr),https://www.youthcenter.go.kr/youthPolicy/ythPlcyTotalSearch/ythPlcyDetail/20260506005400213142,main,primary,인천전세보증금반환보증보증료지원,인천광역시도시계획국주택정책과,,주거,주택 및 거주지
youth,20260506005400213141,대학생 학자금대출 이자 지원,인천시 대학생에게 학자금대출 이자를 지원하여 균등한 고등교육 기회 제공 및 지역인재 육성에 기여,교육/멘토링,인천광역시 기획조정실 교육협력담당관,인천광역시,"0013010 | 0049005,0049006,0049008",청년,만 34세 ~ 만 99세,34,,"-○지원시기 : 2026년 12월말(예정)
○결과확인 : 한국장학재단 홈페이지 → 학자금대출 → 학자금뱅킹 → 학자금대출상환지원 → 지자체 이자지원 지급내역 조회",소득조건코드=0043001 / 소득범위=0~0,,"2019년 1학기부터 한국장학재단을 통해 대출받은 학자금의 2025년 하반기(7~12월), 2026년 상반기(1~6월) 발생이자 지원 
- 발생한 이자금액만큼 한국장학재단의 대출원리금에서 차감",,,"-○지원시기 : 2026년 12월말(예정)
○결과확인 : 한국장학재단 홈페이지 → 학자금대출 → 학자금뱅킹 → 학자금대출상환지원 → 지자체 이자지원 지급내역 조회

○구비서류 
- 재학(휴학)생: 주민등록초본, 재학(휴학)증명서 
- 졸업생: 주민등록초본, 졸업증명서, 건강보험자격득실확인서",,인천시 홈페이지 > 시민참여 > 대학생 학자금대출 이자지원 신청,https://www.kosaf.go.kr/ko/main.do,main,primary,대학생학자금대출이자지원,인천광역시기획조정실교육협력담당관,,교육･직업훈련,교육비지원
youth,20260506005400213140,대학일자리플러스센터 운영 지원,관내 대학 인프라를 활용한 지역 대학생 및 청년 선호기업 취업 지원,인력/일자리,인천광역시 청년정책담당관,인천광역시,0013003 | 0049010,청년,만 18세 ~ 만 39세,18,39,-,소득조건코드=0043001 / 소득범위=0~0,,"대학일자리플러스센터 운영비 지원(인하대, 인천대, 재능대, 인하공전)
*구직스킬 향상 취업스터디, 직무특강, 커리어 매칭 프로그램, 청년층 선호 기업(공기업·대기업 등) 특별반운영 등",,,,,"○대학별 대학일자리플러스센터 사이트 회원가입 및 로그인
○대학일자리플러스센터 바로가기
 - 인하대  https://job.inha.ac.kr
 - 인천대 https://job.inu.ac.kr/sites/job/index.do?epTicket=LOG
 - 재능대  https://ewe.jeiu.ac.kr
 - 인하공전 https://www.inhatc.ac.kr/kr/3719/subview.do",https://www.youthcenter.go.kr/youthPolicy/ythPlcyTotalSearch/ythPlcyDetail/20260506005400213140,main,primary,대학일자리플러스센터운영지원,인천광역시청년정책담당관,,일자리,취업
youth,20260506005400213139,청년 해외진출기지 지원,"해외진출 역량이 있으나, 자원이 부족한 청년 창업가를 발굴하여 체계적인 지원으로 지역 청년 창업기업 해외진출 도모",인력/일자리,인천광역시 미래산업국 산업창업정책과,인천광역시,0013006 | 0049010,청년,만 19세 ~ 만 39세,19,39,-,소득조건코드=0043001 / 소득범위=0~0,,"○ 해외진출 전략 코칭 등 글로벌 역량강화
○ 글로벌진출을 위한 사업화 자금 및 해외진출 지원",        ,        ,,,,https://youth.incheon.go.kr/youthpolicy/youthPolicyInfoDetail.do?poly_seq=311,main,primary,청년해외진출기지지원,인천광역시미래산업국산업창업정책과,,일자리,창업
youth,20260504005400113138,다문화청년 취᭼창업지원 사업,다문화청년이 취᭼창업을 통한 주체적 역량으로서 성장이 필요함에 따라 취᭼창업 교육을 통해 현실적᭼경제적 자립 지원,인력/일자리,외국인정책과,전국,제한없음 | 0013003 | 0049010,청년,만 0세 ~ 만 0세,,,해당사항 없음,소득조건코드=0043003 / 소득범위=0~0 / -,,다문화가족 청년 대상 취᭼창업준비를 위한 프로그램 지원,20260301 ~ 20260331,20261231,해당사항 없음,다문화 청년 취창업 프로그램 지원,"신청(신청자)→접수(읍면동)→조사(시군 조사팀)→지원결정(시군 사업팀)
※ 전문자격증(간호조무사, 보육교사, 조리사등)은 관련 여성인력개발센터, 여성새로일하기센터 연계지원",https://youth.chungnam.go.kr/web/main/customSupp/M030-01/view?bizId=A2024021500300201100001197,main,primary,다문화청년취창업지원사업,외국인정책과,20260301 ~ 20260331~20261231,일자리,취업
youth,20260504005400113137,SW중심대학 지원,대학 SW교육 혁신을 통한 국가·기업·학생의 경쟁력 강화 및 소프트웨어 가치 확산 선도 대학 육성,교육/멘토링,AI육성과,전국,해당 없음 | 0013010 | 0049010,청년,만 0세 ~ 만 0세,,,해당 없음,소득조건코드=0043001 / 소득범위=0~0,,"SW전공/융합과정 개설·교육, 온/오프라인 교육콘텐츠 개발·활용, 도내 청소년 및 초·중·고 교사 대상 SW교육 등",        ,        ,해당 없음,별도 문의,별도 문의,https://youth.chungnam.go.kr/web/main/customSupp/M030-02/view?bizId=A20250415CT000000000002223,main,primary,sw중심대학지원,ai육성과,,교육･직업훈련,미래역량강화
youth,20260504005400113135,SW미래채움,지역 내 미취업 청년 등을 SW교육 전문강사로 양성하고 SW교육 지원을 통한 SW미래인재 양성,교육/멘토링,AI육성과,전국,해당 없음 | 0013003 | 0049010,청년,만 19세 ~ 만 0세,19,,해당 없음,소득조건코드=0043001 / 소득범위=0~0,,"SW전공/융합과정 개설·교육, 온/오프라인 교육콘텐츠 개발·활용, 도내 청소년 및 초·중·고 교사 대상 SW교육 등",        ,        ,해당 없음,별도 문의,별도 문의,https://youth.chungnam.go.kr/web/main/customSupp/M030-02/view?bizId=A20250415CT000000000002222,main,primary,sw미래채움,ai육성과,,교육･직업훈련,미래역량강화
youth,20260504005400113134,창의융합형 공학인재양성지원,산업계 수요에 부합하는 교육 프로그램 개발·운영을 통한 공학교육의 글로벌 경쟁력 제고 및 창의융합형 공학인재 양성,인력/일자리,미래산업과,전국,해당 없음 | 0013003 | 0049005,청년,만 0세 ~ 만 0세,,,해당 없음,소득조건코드=0043003 / 소득범위=0~0 / -,,"ㅇ 산업계 수요에 부합하는 공학교육 프로그램 개발 및 운영지원
- 교육프로그램 개발·운영 및 캠프 운영, 캡스톤 디자인 지원, 현장실습·견학 등",        ,        ,해당 없음,별도 문의,별도 문의,https://youth.chungnam.go.kr/web/main/customSupp/M030-02/view?bizId=A20250415CT000000000002199,main,primary,창의융합형공학인재양성지원,미래산업과,,일자리,취업
youth,20260504005400213132,생활권 보행환경 종합정비사업 (안서동 청년안심 탄소중립 보행환경 개선),민선 8기 공약사업 ‘대학로 조성’ 관련 대학로 특화거리 조성 및 보행안전도로 조성,주거,시장,전국,제한없음 | 0013010 | 0049010,청년,만 0세 ~ 만 0세,,,제한없음,소득조건코드=0043001 / 소득범위=0~0,,대학로 특화거리 조성 및 보행안전도로 조성,20260101,20281231,제한없음,,별도문의,https://youth.chungnam.go.kr/web/main/customSupp/M040-06/view?bizId=A20260309LC000000000003065,main,primary,생활권보행환경종합정비사업안서동청년안심탄소중립보행환경개선,시장,20260101~20281231,주거,주택 및 거주지
youth,20260504005400113131,2026 충남 창업마루 나비(Starup-NAvi),"도내 유망 스타트업 발굴 및 육성을 위한 공간 조성, 지속가능한 지역 일자리 토대 마련을 위한 충남 창업의 중심(HUB) 역할 수행",인력/일자리,AI육성과,충청남도,"· 금융기관으로부터 채무불이행으로 제재 중인 개인, 기업 또는 휴·폐업중인 자
· 국세 또는 지방세 체납 중인 개인, 기업
· 정부정책에 따라 창업지원 사업에 제한되는 업종을 영위하는 자
· 입주신청일 기준 휴·폐업·행정처분 등의 제재가 진행되는 자
· 충청남도, 충남혁신센터 또는 중소벤처기업부 등 정부기관으로부터 창업지원사업의 참여제한 조치가 진행 중인 기업 또는 해당 대표자
· 정부지원 사업 수혜를 위해 다수의 사업장에서 사업을 영위하는 경우 | 0013006,0013009 | 0049010","누구나,청년",만 0세 ~ 만 0세,,,"제조+4차산업(AI, Big Data, Robotics 등) 융합 item, 미래자동차, 차세대 디스플레이, 반도체, 에너지신산업 등 제조분야(부품·소재 포함),스마트 플랫폼 분야(업종제한 없음), 친환경-기후변화 대응 분야(미세먼지·온실가스 저감, 친환경제품 및 서비스), 바이오, 그 외 디지털·그린 뉴딜 연계분야",소득조건코드=0043003 / 소득범위=0~0 / -,,"입주 지원, 장비·공간 지원, 홍보, 멘토링, 투자, 네트워킹 지원",20260101,20261231,"제조+4차산업(AI, Big Data, Robotics 등) 융합 item, 미래자동차, 차세대 디스플레이, 반도체, 에너지신산업 등 제조분야(부품·소재 포함),스마트 플랫폼 분야(업종제한 없음), 친환경-기후변화 대응 분야(미세먼지·온실가스 저감, 친환경제품 및 서비스), 바이오, 그 외 디지털·그린 뉴딜 연계분야","입주신청서, 사업계획서, 개인정보 동의서, 사업자등록증(해당 시), 법인등기부등본(해당 시), 국세, 지방세 납세증명서 각1부, 4대보험가입자명부(해당 시), 매출증빙(표준재무제표, 부가가치세 과세표준증명원, 부가가치세 과세표준증명원_해당 시), 각종 증빙 서류 등",① 모집공고(공개모집) → ② 요건검토 → ③ 1차평가(서면평가) → ④ 2차평가(발표평가) → ⑤ 면담(심층면담) → ⑥ 계약,http://www.ccceicontest.or.kr/contest/list.php,main,primary,2026충남창업마루나비starupnavi,ai육성과,20260101~20261231,일자리,창업
youth,20260504005400113130,청년인턴 사업,청년 일 경험 기회 제공을 통한 취업 지원,인력/일자리,청년정책관,전국,해당 없음 | 0013003 | 0049006,청년,만 19세 ~ 만 39세,19,39,해당 없음,소득조건코드=0043003 / 소득범위=0~0 / -,,"기업·공공기관 내 인턴 근무 기회 제공(4개월)
 - 직무교육 및 학점 인정, 자기개발비 지급",,,해당 없음,공고 참조,별도 문의,https://www.youthcenter.go.kr/youthPolicy/ythPlcyTotalSearch/ythPlcyDetail/20260504005400113130,main,primary,청년인턴사업,청년정책관,,일자리,취업
youth,20260504005400113129,청년예술인 해외 공연,청년예술인의 국제무대 경험을 통해 역량강화 및 경력확장 도모,복지/문화,문화정책과,전국,도내 19~39세 예술인 | 0013010 | 0049010,청년,만 19세 ~ 만 39세,19,39,해당 사항 없음,소득조건코드=0043001 / 소득범위=0~0,,"청년예술인과 멘토 역할을 수행할 전문예술인 해외공연(15명 내외)
   - 중국, 일본, 베트남 등 우호협력단체의 교류행사와 연계 추진",20260401 ~ 20260630,20261231,해당 사항 없음,,별도 문의,https://youth.chungnam.go.kr/web/main/bbs/cnyouth_notice/545?cp=1&sortOrder=BA_REGDATE&sortDirection=DESC&bcId=cnyouth_notice&baNotice=false&baCommSelec=false&baOpenDay=false&baUse=true,main,primary,청년예술인해외공연,문화정책과,20260401 ~ 20260630~20261231,금융･복지･문화,예술인지원
youth,20260504005400113128,학교 밖 청소년 진로진학 박람회,학교 밖 청소년 특성에 맞는 대학입시 및 진로·직업 정보 제공,인력/일자리,여성가족정책과,전국,해당 없음 | 0013010 | 0049010,청년,만 0세 ~ 만 0세,,,해당 없음,소득조건코드=0043001 / 소득범위=0~0,,학교 밖 청소년 진로진학박람회 운영,,,해당 없음,별도 문의,별도 문의,https://www.youthcenter.go.kr/youthPolicy/ythPlcyTotalSearch/ythPlcyDetail/20260504005400113128,main,primary,학교밖청소년진로진학박람회,여성가족정책과,,일자리,취업
youth,20260504005400113127,청년성장 프로젝트,미취업 청년 등의 구직단념 예방 및 ’쉬었음‘ 전환 방지,인력/일자리,청년정책관,전국,별도 문의 | 0013010 | 0049010,청년,만 15세 ~ 만 39세,15,39,"15세~39세 이하 청년
※ 35세∼39세 청년은 전체 사업량의 30% 이내 참여",소득조건코드=0043003 / 소득범위=0~0 / -,,"- 청년정책 정보 제공: 청년이 필요로 하는 정책 정보 제공
   - 맞춤형 프로그램 제공: 진로적성 검사, 일상 자신감 회복, 취업 역량 강화, 취업 정보 습득 등 기회 제공
   - 청년 인프라 제공: 휴식 공간, 각종 모임 활동 공간, 웹서핑, 문서 출력 등 필요시 자유롭게 이용할 수 있는 인프라 제공",        ,        ,"15세~39세 이하 청년
※ 35세∼39세 청년은 전체 사업량의 30% 이내 참여",별도 문의,별도 문의,https://youth-up.kr/growth,main,primary,청년성장프로젝트,청년정책관,,일자리,취업
youth,20260504005400113126,충남 청년 뮤직 페스타,청년 예술인 지원을 위한 충남의 젊은 문화 활성화 및 도민 문화예술향유 기회 확대,복지/문화,문화정책과,충청남도,해당 없음 | 0013010 | 0049010,청년,만 19세 ~ 만 39세,19,39,해당 없음,소득조건코드=0043001 / 소득범위=0~0,,"도내 문화예술 법인‧단체 1개소 선정, 뮤직페스타 순회공연",20260101,20261231,해당 없음,별도 문의,별도 문의,https://www.chungnam.go.kr/cnportal/province/province/view.do?nttId=2176260&menuNo=500487&pageIndex=1&sdate=2025-04-27&edate=2026-04-27,main,primary,충남청년뮤직페스타,문화정책과,20260101~20261231,금융･복지･문화,문화활동 및 생활지원
youth,20260504005400113125,충남 음악창작소운영,"- 충남 지역 청년 뮤지션의 창작·제작·유통·무대경험·산업진입까지 연계하는 통합 음악창작 생태계 구축
- 지역기반 신규 뮤지션 발굴 및 음반 제작·홍보·쇼케이스 지원을 통해 청년의 문화예술 진입장벽 완화 및 자립 기반 마련",복지/문화,문화정책과,충청남도,해당 없음 | 0013010 | 0049010,청년,만 19세 ~ 만 50세,19,50,해당 없음,소득조건코드=0043001 / 소득범위=0~0,,"- 지역뮤지션 발굴 및 후속제작지원(소속사 매칭, 해외 쇼케이스 등)
- 지역특화 음원콘텐츠 제작 및 지역 창작자 네트워킹
- 발굴 뮤지션 대외공연 활동 및 지역축제·지자체 협업 공연 지원 
- 충남음악창작소 시설 운영 및 대관 서비스",20260101,20261231,해당 없음,별도 문의,별도 문의,https://www.cnmusicfactory.com/,main,primary,충남음악창작소운영,문화정책과,20260101~20261231,금융･복지･문화,문화활동 및 생활지원
youth,20260504005400113124,충남콘텐츠기업지원센터 운영,"- 지역 콘텐츠 기업의 체계적 발굴·육성을 통한 기업역량 강화 및 성장 견인 
- 지역 콘텐츠 기업 맞춤형 성장 지원을 통한 기업 및 콘텐츠 경쟁력 제고
- 콘텐츠 분야 신규 일자리 창출 및 지역 청년 인재 고용 촉진",복지/문화,문화정책과,충청남도,해당 없음 | 0013010 | 0049010,청년,만 19세 ~ 만 39세,19,39,해당 없음,소득조건코드=0043001 / 소득범위=0~0,,"❶ 콘텐츠기업 육성 
    - (맞춤형 기업성장 지원) 지역 콘텐츠기업 맞춤형 콘텐츠 개발과 사업화 지원을 통해 기업의 신규 IP 확보와 기존 콘텐츠의 고도화 및 경쟁력을 강화 
    - (스케일업 엑셀러레이팅 지원) 액셀러레이팅 전문기관을 통해 맞춤형 기업성장 솔루션 제공으로 IR 역량 및 투자유치 등 기업역량을 강화
 ❷ 지역인재 매칭 지원
    - 지역 소재 청년, 콘텐츠 기업 간 일자리 매칭 지원 ￫ 지역인재 채용 활성화",20260101,20261201,해당 없음,별도 문의,별도 문의,https://ccon.kr/,main,primary,충남콘텐츠기업지원센터운영,문화정책과,20260101~20261201,금융･복지･문화,문화활동 및 생활지원
youth,20260504005400113123,워케이션 충남 프로그램 운영,일과 휴양을 연계한 체류형 관광객 유치 및 관광산업 육성,복지/문화,관광진흥과,충청남도,해당 없음 | 0013001 | 0049010,청년,만 19세 ~ 만 0세,19,,해당 없음,소득조건코드=0043001 / 소득범위=0~0,,숙박+업무공간+체험활동 연계 워케이션 프로그램 제공,20260401 ~ 20261231,        ,해당 없음,별도 문의,별도 문의,https://www.cacf.or.kr/site/,main,primary,워케이션충남프로그램운영,관광진흥과,20260401 ~ 20261231~,금융･복지･문화,문화활동 및 생활지원
youth,20260504005400113122,청년문화예술패스,"○ 청년 19~20세 대상으로 문화예술 관람료를 지원하여 이들의 직접적인 문화 소비 확대
○ 문화예술인 창작활동에 대해 간접적 지원, 문화예술시장 확대를 통한 내수 활성화 도모",복지/문화,문화정책과,전국,19~20세 청년(’26년 기준 ’06~’07년생) | 0013010 | 0049010,청년,만 19세 ~ 만 20세,19,20,"문화예술(공연, 전시, 영화)에 사용 가능",소득조건코드=0043001 / 소득범위=0~0,,"문화예술(공연, 전시, 영화)에 사용 가능한 문화예술패스(연간 20만원) 지원",20260101,20261231,"문화예술(공연, 전시, 영화)에 사용 가능",별도문의,별도문의,https://youthculturepass.or.kr/,main,primary,청년문화예술패스,문화정책과,20260101~20261231,금융･복지･문화,문화활동 및 생활지원
youth,20260504005400113121,지역문화 전문인력 양성,지역 문화예술 생태계 자생력 강화를 위한 문화예술교육 전문인력 양성,복지/문화,문화정책과,전국,해당 없음 | 0013010 | 0049010,청년,만 19세 ~ 만 0세,19,,해당 없음,소득조건코드=0043001 / 소득범위=0~0,,"문화예술교육가 양성을 위한 3단계 교육 프로그램 운영
※ 보통과정(e-러닝 이론 교육), 심화과정(특강 및 워크숍), 실습과정(시범사업 운영)",20260101,20261231,해당 없음,별도 문의,별도 문의,https://www.cacf.or.kr/site/index-hub.php,main,primary,지역문화전문인력양성,문화정책과,20260101~20261231,금융･복지･문화,문화활동 및 생활지원
youth,20260504005400113120,공공형 축산 스마트팜 인큐베이터 운영,사양관리 및 경영관리 등 스마트 축산 ICT 기술 습득 지원,인력/일자리,축산기술연구소,전국,해당 없음 | 0013008 | 0049010,청년,만 0세 ~ 만 50세,,50,18세 이상 50세 미만,소득조건코드=0043001 / 소득범위=0~0,,직무교육 및 인턴 근무 기회 제공,        ,        ,18세 이상 50세 미만,‘우선 선발기준’에 대한 증빙서류 등,시군 축산부서에 신청서 및 증빙서류 제출,https://www.chungnam.go.kr/liveStock.do,main,primary,공공형축산스마트팜인큐베이터운영,축산기술연구소,,일자리,창업
youth,20260504005400113119,청년농업인 역량강화 지원,"- 청년농업인 역량강화 지원
 - 청년농부되기 진로교육
 - 청년농업인 온라인 마케팅 기술시범
 - 청년농업인 품목별 연구동아리 육성지원",교육/멘토링,지도정책과,전국,0013008 | 0049009,"농업인,청년",만 18세 ~ 만 44세,18,44,"- 만 18세 이상~만 45세 미만 청년농업인(충청남도 거주)
- 시군 농업계고등학교",소득조건코드=0043003 / 소득범위=0~0 / -,,"- 청년농업인 역량강화 지원
 - 청년농부되기 진로교육
 - 청년농업인 온라인 마케팅 기술시범
 - 청년농업인 품목별 연구동아리 육성지원",20260101 ~ 20261231,20261231,"- 만 18세 이상~만 45세 미만 청년농업인(충청남도 거주)
- 시군 농업계고등학교",별도 문의,신청(신청자)→접수(시·군)→대상자 결정(시·군)→추진,https://youth.chungnam.go.kr/web/main/customSupp/M030-01/view?bizId=A20260309CT000000000003014,main,primary,청년농업인역량강화지원,지도정책과,20260101 ~ 20261231~20261231,교육･직업훈련,미래역량강화
youth,20260504005400113118,산업단지 청년문화센터 건립,산단 내 부족한 문화·복지·편의시설 확충을 위해 청년문화센터를 건립하여 청년 유입 기능강화 및 근로자 복지환경 개선,복지/문화,산업입지과,전국,제한없음 | 0013010 | 0049010,청년,만 0세 ~ 만 0세,,,제한없음,소득조건코드=0043001 / 소득범위=0~0,,산업단지 청년문화센터 건립을 위한 건축비 지원,        ,        ,제한없음,별도문의,별도문의,https://youth.chungnam.go.kr/web/main/customSupp/M060-09/view?bizId=A20260309CT000000000003054,main,primary,산업단지청년문화센터건립,산업입지과,,금융･복지･문화,문화활동 및 생활지원
youth,20260504005400113117,청년·사회초년생을 위한 필수 교육 운영,"19세 ~ 39세 경제교육이 필요한 청년 누구나 자산관리, 투자 기초지식, 올바른 투자법 등 대상과 여건에 맞는 주제로 맞춤형 경제교육 시행",교육/멘토링,청년정책관,전국,제한 없음 | 0013009 | 0049009,"누구나,청년",만 19세 ~ 만 39세,19,39,제한 없음,소득조건코드=0043003 / 소득범위=0~0 / -,,"19세 ~ 39세 경제교육이 필요한 청년 누구나 자산관리, 투자 기초지식, 올바른 투자법 등 대상과 여건에 맞는 주제로 맞춤형 경제교육 시행",20260101,20261231,제한 없음,별도 문의,반기별 수요조사(시군·교육기관 등) → 일정 조정 → 교육 제공,https://youth.chungnam.go.kr/web/main/customSupp/M030-02/view?bizId=A20260309CT000000000003051,main,primary,청년사회초년생을위한필수교육운영,청년정책관,20260101~20261231,교육･직업훈련,미래역량강화
youth,20260504005400113116,정신건강 심리상담 바우처 사업,도민의 마음건강 돌봄 및 자살 예방·정신질환 조기 발견,복지/문화,건강증진식품과,전국,해당 없음 | 0013010 | 0049010,청년,만 19세 ~ 만 39세,19,39,해당 없음,소득조건코드=0043001 / 소득범위=0~0,,"- 심리상담 서비스 바우처 총 8회기 제공(회당 최소 50분 이상)
- 심리검사* 실시 및 대상자 상황 및 수요** 등을 고려하여 적합한 심리상담 서비스를 1:1 대면으로 제공
 * ▴우울의 평가 : PHQ-9(Patient Health Questionnaire-9), ▴불안의 평가 : GAD-7(Generalized Anxiety Disorder-7),     
    ▴자살 위험성의 평가 : P4 suicidality screen scale 등
** ▴심리정서적 문제(우울, 불안 등)에 대한 개입 및 예방, ▴상황적 스트레스 대처능력 향상, ▴의사소통 기술 및 대인관계 향상 도모 등",20260101,20261231,해당 없음,별도 문의,별도 문의,https://www.bokjiro.go.kr/ssis-tbu/twataa/wlfareInfo/moveTWAT52011M.do?wlfareInfoId=WLF00005567,main,primary,정신건강심리상담바우처사업,건강증진식품과,20260101~20261231,금융･복지･문화,건강
youth,20260504005400113115,인재육성사업 추진,"충남도민 및 그 자녀
 - (연령 기준) 장학사업별 연령기준 다름
 - (소득 기준) 장학사업별 소득기준 다름
 ㅇ (사업 내용) 학자금대출이자지원사업 외 8종
 - 학자금대출이자지원, 충남형공공간호, 충남사랑, 재능키움, 아름드리, 거주비지원, 지역인재육성간호 예체능특기생, 해외유학장학사업",복지/문화,고등교육정책담당관,전국,"충남도민 및 그 자녀
   - (연령 기준) 장학사업별 연령기준 다름
   - (소득 기준) 장학사업별 소득기준 다름 | 0013009 | 0049009",청년,만 0세 ~ 만 0세,,,"충남도민 및 그 자녀
   - (연령 기준) 장학사업별 연령기준 다름
   - (소득 기준) 장학사업별 소득기준 다름","소득조건코드=0043003 / 소득범위=0~0 / 충남도민 및 그 자녀
   - (연령 기준) 장학사업별 연령기준 다름
   - (소득 기준) 장학사업별 소득기준 다름",,"충남도민 및 그 자녀
   - (연령 기준) 장학사업별 연령기준 다름
   - (소득 기준) 장학사업별 소득기준 다름
  
 ㅇ (사업 내용) 학자금대출이자지원사업 외 8종
   - 학자금대출이자지원, 충남형공공간호, 충남사랑, 재능키움, 아름드리, 거주비지원, 지역인재육성간호 예체능특기생, 해외유학장학사업",20260101 ~ 20261231,20261231,"충남도민 및 그 자녀
   - (연령 기준) 장학사업별 연령기준 다름
   - (소득 기준) 장학사업별 소득기준 다름",별도 문의(충남평생교육진흥원),별도 문의(충남평생교육진흥원),https://youth.chungnam.go.kr/web/main/customSupp/M030-04/view?bizId=A20260309CT000000000003045,main,primary,인재육성사업추진,고등교육정책담당관,20260101 ~ 20261231~20261231,금융･복지･문화,취약계층 및 금융지원
youth,20260504005400113114,지역사회서비스 청년사업단,청년 수요에 맞는 사회서비스(신체·정신건강 분야) 개발 ·제공 및 청년 일자리 창출,복지/문화,복지보훈정책과,전국,해당 없음 | 0013010 | 0049010,청년,만 19세 ~ 만 39세,19,39,해당 없음,소득조건코드=0043001 / 소득범위=0~0,,"지역 청년 대상 운동치료, 식생활·체질 개선, 우울·불안·스트레스 예방 프로그램 등 개발·제공을 위한 사업비 지원",20260301,20261231,해당 없음,별도 문의,별도 문의,https://youth.chungnam.go.kr/web/main/customSupp/M040-06/view?bizId=A20260309CT000000000003043,main,primary,지역사회서비스청년사업단,복지보훈정책과,20260301~20261231,금융･복지･문화,건강
youth,20260504005400113113,대학생 천원의 아침밥 사업 지원,"도내 대학 재학생 대상으로 충남 쌀 등 지역 농산물 활용한 아침식사를 1,000원에 제공하는 사업",복지/문화,고등교육정책담당관,전국,해당 없음 | 0013009 | 0049005,청년,만 0세 ~ 만 0세,,,해당 없음,소득조건코드=0043003 / 소득범위=0~0 / -,,공모 선정된 도내 대학에 대학생 아침식사 제공을 위한 충남 쌀 등 지역 농산물 구입 비용 지원(1천원/1식),20260101 ~ 20260228,20261231,해당 없음,해당 없음,해당 없음,https://www.youthcenter.go.kr/youthPolicy/ythPlcyTotalSearch/ythPlcyDetail/20260504005400113113,main,primary,대학생천원의아침밥사업지원,고등교육정책담당관,20260101 ~ 20260228~20261231,금융･복지･문화,취약계층 및 금융지원
youth,20260504005400113112,창업중심 대학 사업 지원,대학의 창업 인프라를 활용하여 우수한 창업아이템을 보유한 (예비)창업기업의 사업화 지원,인력/일자리,AI육성과,전국,해당 없음 | 0013006 | 0049010,청년,만 0세 ~ 만 0세,,,"시스템반도체, 스마트제조, 전기수소차, 인공지능",소득조건코드=0043001 / 소득범위=0~0,,직무교육 및 인턴 근무 기회 제공,20260303 ~ 20260324,,"시스템반도체, 스마트제조, 전기수소차, 인공지능",사업계획서 및 기타 증빙서류,k-startuup 홈페이지를 통한 온라인 신청,https://www.k-startup.go.kr,main,primary,창업중심대학사업지원,ai육성과,20260303 ~ 20260324~,일자리,창업
youth,20260504005400113111,광역이음(충청권 연계) 일자리사업,"충청권 전략산업(첨단바이오, 미래모빌리티) 종사 노동자에 대한 집중지원을 통해 청년 인재의 수도권 유출을 방지하고 지역 정착을 유도",인력/일자리,일자리기업지원과,전국,제한 없음 | 0013010 | 0049010,"누구나,청년",만 19세 ~ 만 39세,19,39,제한 없음,소득조건코드=0043001 / 소득범위=0~0,,충청권역 전략산업에 취업한 청년을 대상으로 권역 내 경력인증을 통해 지역 정착 및 장기근속을 유도하는 지원제도를 운영,20260201 ~ 20261231,        ,제한 없음,별도 문의,별도 문의,https://youth.chungnam.go.kr/web/main/customSupp/M030-01/view?bizId=A20260309CT000000000003041,main,primary,광역이음충청권연계일자리사업,일자리기업지원과,20260201 ~ 20261231~,일자리,취업
youth,20260504005400113110,충남도립대 등록금 장학금 지급,"2022학년도 이후 입학자 중, 국가장학금을 신청했으나 수혜를 받지 못한 재학생으로서 직전학기 성적이 70점(C0) 이상인 자 
※ 학자금 지원구간이 0~3구간인 학생은 D0(60점) 이상
 - (1단계) 2022학년도 신입생(1학년) 전학기 전액 장학금 지급
 - (2단계) 2023학년도 1~2학년 전액 장학금 지급
 - (3단계) 2024학년도 1~3학년 전액 장학금 지급
 - (4단계) 2025학년도 1~4학년 전액 장학금 지급",교육/멘토링,교무학생처,충청남도,"2022학년도 이후 입학자 중, 국가장학금을 신청했으나 수혜를 받지 못한 재학생으로서 직전학기 성적이 70점(C0) 이상인 자 
※ 학자금 지원구간이 0~3구간인 학생은 D0(60점) 이상 | 0013009 | 0049005,0049009",청년,만 0세 ~ 만 0세,,,"2022학년도 이후 입학자 중, 국가장학금을 신청했으나 수혜를 받지 못한 재학생으로서 직전학기 성적이 70점(C0) 이상인 자 
※ 학자금 지원구간이 0~3구간인 학생은 D0(60점) 이상",소득조건코드=0043003 / 소득범위=0~0 / -,,"2022학년도 이후 입학자 중, 국가장학금을 신청했으나 수혜를 받지 못한 재학생으로서 직전학기 성적이 70점(C0) 이상인 자 
※ 학자금 지원구간이 0~3구간인 학생은 D0(60점) 이상
 - (1단계) 2022학년도 신입생(1학년) 전학기 전액 장학금 지급
 - (2단계) 2023학년도 1~2학년 전액 장학금 지급
 - (3단계) 2024학년도 1~3학년 전액 장학금 지급
 - (4단계) 2025학년도 1~4학년 전액 장학금 지급",20260301 ~ 20270228,20270228,"2022학년도 이후 입학자 중, 국가장학금을 신청했으나 수혜를 받지 못한 재학생으로서 직전학기 성적이 70점(C0) 이상인 자 
※ 학자금 지원구간이 0~3구간인 학생은 D0(60점) 이상",별도 문의,국가장학금 신청→국가·등록금성 장학금 지급→  미수혜자조사→대상자 장학금 지원,https://www.cnsu.ac.kr/univ/bachelor/scholarship/type.do,main,primary,충남도립대등록금장학금지급,교무학생처,20260301 ~ 20270228~20270228,교육･직업훈련,온·오프라인교육
youth,20260504005400113109,대학생 연합설계 지원(건축역량 강화),"도내 건축학과 대학생들이 연합하여 건축설계를 할 수 있도록 대학교 경계를 허무는 프로그램을 운영하고, 충남건축디자인문화제 행사기간 동안 작품 전시 지원",교육/멘토링,건축디자인과,전국,도내 건축학과 대학생 | 0013009 | 0049005,청년,만 0세 ~ 만 0세,,,도내 건축학과 대학생,소득조건코드=0043003 / 소득범위=0~0 / -,,"ㅇ 도 내 대학교가 연합하여 건축학과 학생들의 건축 설계 추진
ㅇ 충남건축디자인문화제 행사기간 동안 학생 작품 전시 및 대내외 홍보",20260301 ~ 20261231,20261231,도내 건축학과 대학생,별도 문의,연합설계 추진(대학교) ⇨ 작품전시 지원(도),https://youth.chungnam.go.kr/web/main/customSupp/M030-02/view?bizId=A20260309CT000000000003044,main,primary,대학생연합설계지원건축역량강화,건축디자인과,20260301 ~ 20261231~20261231,교육･직업훈련,온·오프라인교육
youth,20260504005400113108,예비청년 현장중심 진로체험 프로그램 운영,"도내 학교에 재학 중인 예비청년 대상
- 지역사회 내 다양한 진로체험처 발굴, 관리 지원
- 예비청년 대상 진로직업체험 프로그램 운영 지원",교육/멘토링,고등교육정책담당관,전국,도내 학교에 재학 중인 예비청년 만13~18세 | 0013009 | 0049009,청년,만 13세 ~ 만 18세,13,18,도내 학교에 재학 중인 예비청년 만13~18세,소득조건코드=0043003 / 소득범위=0~0 / -,,"도내 학교에 재학 중인 예비청년 대상
- 지역사회 내 다양한 진로체험처 발굴, 관리 지원
- 예비청년 대상 진로직업체험 프로그램 운영 지원",20260101 ~ 20261231,20261231,도내 학교에 재학 중인 예비청년 만13~18세,별도 문의,교부(도) → 교육기관 보조(시군) → 사업추진(교육청),https://youth.chungnam.go.kr/web/main/customSupp/M030-02/view?bizId=A20260309CT000000000003039,main,primary,예비청년현장중심진로체험프로그램운영,고등교육정책담당관,20260101 ~ 20261231~20261231,교육･직업훈련,온·오프라인교육
youth,20260504005400113107,지역특화형 비자 사업(지역우수인재),"인구감소지역 내 지역 산업, 일자리 특화 외국인 인재 유치로 지역 생활인구 확대 및 장기 정착을 통한 선순환 구조 실현",인력/일자리,외국인정책과,전국,별도문의 | 0013010 | 0049010,청년,만 19세 ~ 만 39세,19,39,해당없음,소득조건코드=0043003 / 소득범위=0~0 / -,,"요건을 갖춘 국내체류 외국인에게 장기거주 비자를 발급 
※ (지자체) 비자전환 추천서 발급, (법무부) 비자 전환",,,해당없음,별도문의,별도문의,https://www.youthcenter.go.kr/youthPolicy/ythPlcyTotalSearch/ythPlcyDetail/20260504005400113107,main,primary,지역특화형비자사업지역우수인재,외국인정책과,,일자리,취업
youth,20260504005400113106,충남도립대학교 취업역량 강화 사업,"충남도립대학교 본교 재학생․졸업생 대상 컨설팅, 취업역량 강화 프로그램 제공",교육/멘토링,취업지원처,충청남도,충남도립대학교 재학생․졸업생 | 0013009 | 0049005,청년,만 0세 ~ 만 0세,,,충남도립대학교 재학생․졸업생,소득조건코드=0043003 / 소득범위=0~0 / -,,"충남도립대학교 본교 재학생․졸업생 대상 컨설팅, 취업역량 강화 프로그램 제공",20260301 ~ 20270228,20270228,충남도립대학교 재학생․졸업생,별도 문의,별도 문의,https://youth.chungnam.go.kr/web/main/customSupp/M030-02/view?bizId=A20260309CT000000000003036,main,primary,충남도립대학교취업역량강화사업,취업지원처,20260301 ~ 20270228~20270228,교육･직업훈련,온·오프라인교육
youth,20260504005400113105,주력산업 일자리 지원사업,자동차·반도체 등 도 주력산업 취업 장려를 통해 도 청년인재의 수도권 유출을 방지하고 지역 내 정착 및 장기근속 기반 마련,인력/일자리,일자리기업지원과,전국,제한 없음 | 0013001 | 0049010,"누구나,청년",만 0세 ~ 만 0세,,,제한 없음,소득조건코드=0043003 / 소득범위=0~0 / -,,"- 도내 대학 졸업 청년*에게 월세 월 30만원(연 300만원)을 지원
 * ’25 ~ ’26년 졸업자 중 반도체, 자동차 분야 취업 청년  
- 노동부 근속지원 장려금* 종료 후 도 자체 장려금**을 연계해 장기근속 유도 
 * (노동부 청년도약장려금) 5인 이상 제조기업, 24개월 근속 시 480만원 지원
 ** (충청남도 도약장려금) 반도체, 자동차 분야 기업 3년차 200만원, 4년차 300만원 지원
- 주력산업 기업을 대상으로 휴게·복지공간 조성 등 근로여건 개선 지원
- 석탄화력발전소 종사자를 대상으로 직무전환 교육 프로그램 운영",20260201 ~ 20260430,20261231,제한 없음,별도 문의,별도 문의,https://youth.chungnam.go.kr/web/main/customSupp/M030-02/view?bizId=A20260309CT000000000003037,main,primary,주력산업일자리지원사업,일자리기업지원과,20260201 ~ 20260430~20261231,일자리,취업
youth,20260504005400113104,자립준비청년 지원,자립준비청년(보호종료아동)의 안정적인 사회 정착을 위한 자립수당 및 자립정착금 등 초기비용 지원,복지/문화,인구정책과,전국,해당 없음 | 0013010 | 0049010,청년,만 0세 ~ 만 0세,,,해당 없음,소득조건코드=0043001 / 소득범위=0~0,,"- (자립정착금) 자립준비청년에게 주거 마련 등 자립에 소요되는 초기비용 1,000만원 지원
- (대학생활안정자금) 대학에 진학한 자립준비청년 및 보호연장아동에게 대학생활에 필요한 자금 200만원 지원
- (자립수당) 보호 종료 5년 이내 자립준비청년에게 자립에 필요한 비용 월 50만원 지원",20260101,20261231,해당 없음,별도 문의,별도 문의,https://youth.chungnam.go.kr/web/main/customSupp/M040-06/view?bizId=A20260309CT000000000003035,main,primary,자립준비청년지원,인구정책과,20260101~20261231,금융･복지･문화,취약계층 및 금융지원
youth,20260504005400113103,안서동 목조 커뮤니티시설 및 전망대 설치,국산 목재를 활용한 전망대 및 목재 특화 거리 조성을 통한 탄소중립 실현 및 지역 경제 활성화,복지/문화,산림자원과,전국,제한없음 | 0013010 | 0049010,청년,만 0세 ~ 만 0세,,,제한없음,소득조건코드=0043001 / 소득범위=0~0,,"- 국산목재 목조건축물
   - 목재특화거리조성",20260101 ~ 20261231,20291231,제한없음,별도문의,별도문의,https://youth.chungnam.go.kr/web/main/customSupp/M040-06/view?bizId=A20260309CT000000000003033,main,primary,안서동목조커뮤니티시설및전망대설치,산림자원과,20260101 ~ 20261231~20291231,금융･복지･문화,문화활동 및 생활지원
youth,20260504005400113102,공동훈련센터 운영 지원,"- 지역 산업·기업 수요를 반영한 청년 중심 맞춤형 직업훈련 과정 운영
- 취업 연계형·현장 중심 교육을 통한 청년 고용 가능성 제고",교육/멘토링,일자리기업지원과,전국,"도내 미취업 청년 및 구직자, 지역 중소기업 재직자 | 0013010 | 0049009","중소기업,청년",만 0세 ~ 만 0세,,,"도내 미취업 청년 및 구직자, 지역 중소기업 재직자",소득조건코드=0043003 / 소득범위=0~0 / -,,"AI·데이터(14개 과정), 기계조립·관리(15개 과정), 기계설비(12개 과정), 제조분야 등(30개 과정) 등 71개 과정 운영",20260101 ~ 20261231,20261231,"도내 미취업 청년 및 구직자, 지역 중소기업 재직자",별도 문의,별도 문의,https://youth.chungnam.go.kr/web/main/customSupp/M030-02/view?bizId=A20260309CT000000000003032,main,primary,공동훈련센터운영지원,일자리기업지원과,20260101 ~ 20261231~20261231,교육･직업훈련,온·오프라인교육
youth,20260504005400113101,청소년 한부모 복지급여 지원,저소득 청소년 한부모에게 양육비 등 지원을 통한 양육부담 경감 및 생활안정 도모,복지/문화,여성가족정책과,전국,해당 없음 | 0013010 | 0049010,청년,만 0세 ~ 만 24세,,24,해당 없음,소득조건코드=0043001 / 소득범위=0~0,,"- 자녀 1인당 아동양육비 월 37만원~40만원 지원, 자립촉진수당, 검정고시 등 학습지원(가구당 연 154만원 이내)",20260101,20261231,해당 없음,관할 주소지 읍면동 행정복지센터 문의,관할 주소지 읍면동 행정복지센터 문의,https://youth.chungnam.go.kr/web/main/customSupp/M040-06/view?bizId=A20260309CT000000000003030,main,primary,청소년한부모복지급여지원,여성가족정책과,20260101~20261231,금융･복지･문화,취약계층 및 금융지원
youth,20260504005400113100,청년 브릿지 온,취업에 어려움을 겪는 청년에 대한 일경험 등 고용지원서비스 제공,인력/일자리,청년정책관,전국,제한 없음청년 등 구직자 19~39세 | 0013010 | 0049010,"누구나,청년",만 19세 ~ 만 39세,19,39,제한 없음,소득조건코드=0043003 / 소득범위=0~0 / -,,방문형 취업서비스 제공 및 청년일자리정책 홍보,        ,        ,제한 없음,별도 문의,별도 문의,https://youth.chungnam.go.kr/web/main/customSupp/M030-02/view?bizId=A20260309CT000000000003027,main,primary,청년브릿지온,청년정책관,,일자리,취업
youth,20260504005400113099,반도체 특성화 대학,4년간(선정 연도 포함) 반도체 인재양성 및 R&D 자율 수행,교육/멘토링,산업육성과,전국,"도내 3개 대학(한기대, 호서대, 공주대) 반도체 관련 학과 재학생 | 0013009 | 0049005",청년,만 0세 ~ 만 0세,,,"도내 3개 대학(한기대, 호서대, 공주대) 반도체 관련 학과 재학생",소득조건코드=0043003 / 소득범위=0~0 / -,,"ㅇ (한기대) 공정‧장비 분야 인재 양성 110명 / 기업참여 교과목 개발 1건, 산학협력프로젝트 6건, 반도체 기업탐방 2회 추진 등
 ㅇ (호서대) 패키징 분야 인재 양성 290명 / 국내 산업체 견학 4회, 반도체산업 리더 초청 특강 5회, 산학협력프로젝트 2건 추진 등
 ㅇ (공주대) 계측‧분석 분야 인재 양성 190명 / 기업참여 교과목 개발 2건, 산학프로젝트 및 실무 전문가 멘토링 추진 등",20260101 ~ 20261231,20261231,"도내 3개 대학(한기대, 호서대, 공주대) 반도체 관련 학과 재학생",별도 문의,교육부 공모사업 선정 → 도비 보조금 교부 → 사업 추진,https://youth.chungnam.go.kr/web/main/customSupp/M030-02/view?bizId=A20260309CT000000000003029,main,primary,반도체특성화대학,산업육성과,20260101 ~ 20261231~20261231,교육･직업훈련,온·오프라인교육
youth,20260504005400113097,청년수산인단체 역량강화 지원,청년수산인 역량강화 교육 지원,교육/멘토링,어촌산업과,전국,"만 18세 이상~만 45세 미만 청년수산인(충청남도 거주) | 0013008,0013009 | 0049009",청년,만 18세 ~ 만 44세,18,44,만 18세 이상~만 45세 미만 청년수산인(충청남도 거주),소득조건코드=0043003 / 소득범위=0~0 / -,,ㅇ청년수산인연합회 회원 대상 수산분야 역량강화 워크숍 및 교육 실시,20260101 ~ 20261231,20261231,만 18세 이상~만 45세 미만 청년수산인(충청남도 거주),별도 문의,별도 문의,https://youth.chungnam.go.kr/web/main/customSupp/M030-02/view?bizId=A20260309CT000000000003025,main,primary,청년수산인단체역량강화지원,어촌산업과,20260101 ~ 20261231~20261231,교육･직업훈련,온·오프라인교육
youth,20260504005400113096,충청남도 친화형 PILOT 프로그램 (프로젝트 인턴십),청년의 실무 능력을 강화하고 기업의 채용 가능성 제고,인력/일자리,청년정책관,전국,도내 대학(원)생 등 청년 19~39세 | 0013003 | 0049009,청년,만 19세 ~ 만 39세,19,39,제한없음,소득조건코드=0043003 / 소득범위=0~0 / -,,"기업이 제시한 프로젝트를 청년들이 직접 수행하고 결과물에 대한 기업의 평가를 통한 청년 경력 개발
(4~6개월, 20개 프로젝트)",20260301 ~ 20260331,        ,제한없음,별도 문의,별도 문의,https://youth.chungnam.go.kr/web/main/customSupp/M030-02/view?bizId=A20260309CT000000000003023,main,primary,충청남도친화형pilot프로그램프로젝트인턴십,청년정책관,20260301 ~ 20260331~,일자리,취업
youth,20260504005400113095,첨단산업 인재양성 부트캠프,반도체·디스플레이 산업수요 맞춤형 전문인력 양성,교육/멘토링,고등교육정책담당관,전국,"반도체·디스플레이 관련 공과계열 대학생 2~4학년
- 선문대(반도체) : 전자공학, 반도체소재공학, 스마트정보통신공학
- 순천향대(디스플레이) : 디스플레이신소재공학, 전자정보공학, 나노화학공학, 기계공학 | 0013009 | 0049005",청년,만 0세 ~ 만 0세,,,"반도체·디스플레이 관련 공과계열 대학생 2~4학년
- 선문대(반도체) : 전자공학, 반도체소재공학, 스마트정보통신공학
- 순천향대(디스플레이) : 디스플레이신소재공학, 전자정보공학, 나노화학공학, 기계공학",소득조건코드=0043003 / 소득범위=0~0 / -,,"ㅇ 반도체 패키징 소재‧공정 중심으로 특화된 교육과정 및 인프라 확보
ㅇ 디스플레이 소재․부품, 공정․장비 분야 핵심 인재 양성을 위한 전공심화 교육 및 실습 프로그램 운영
ㅇ 산업체 연계 현장실습, 산학프로젝트실습, 기업특강 등을 통한 실무역량 강화
ㅇ 채용박람회 및 전시회 참관 지원, 취업 캠프 운영",20260101 ~ 20261231,20261231,"반도체·디스플레이 관련 공과계열 대학생 2~4학년
- 선문대(반도체) : 전자공학, 반도체소재공학, 스마트정보통신공학
- 순천향대(디스플레이) : 디스플레이신소재공학, 전자정보공학, 나노화학공학, 기계공학",별도 문의,별도 문의,https://youth.chungnam.go.kr/web/main/customSupp/M030-02/view?bizId=A20260309CT000000000003021,main,primary,첨단산업인재양성부트캠프,고등교육정책담당관,20260101 ~ 20261231~20261231,교육･직업훈련,미래역량강화
youth,20260504005400113094,자립지원 사업비,자립준비청년(보호종료아동)의 안정적인 사회 정착 도모,복지/문화,인구정책과,전국,보호 종료 5년 이내 자립준비청년 | 0013010 | 0049010,청년,만 0세 ~ 만 0세,,,보호 종료 5년 이내 자립준비청년,소득조건코드=0043003 / 소득범위=0~0 / -,,"보호 종료 5년 이내 자립준비청년 자립수준평가 등 기본 사후관리 및 맞춤형 자립지원통합서비스 제공
 * 자립지원통합서비스 : 기본 사후관리 인원 중 자립기술평가 및 초기상담을 통해 지원이 필요한 청년을 선정, 
   생활·주거·교육·취업 등 월 40만원 한도 내 지원
  - 자립준비청년 간 자조모임(바람개비 서포터즈) 운영 지원",20260101,20261201,보호 종료 5년 이내 자립준비청년,별도 안내,별도 안내,https://youth.chungnam.go.kr/web/main/customSupp/M040-06/view?bizId=A20260309CT000000000003018,main,primary,자립지원사업비,인구정책과,20260101~20261201,금융･복지･문화,취약계층 및 금융지원
youth,20260504005400113093,창업어가 멘토링,"창업어가와 후견인을 1:1 매칭하여, 후견인의 교육 및 지도에 필요한 비용 지원",교육/멘토링,수산자원연구소,전국,"0013008,0013009 | 0049009",청년,만 0세 ~ 만 0세,,,"1. 창업어가 : 어업인 후계자로 선정된 지 3년 이내인 자, 귀어한 지 3년 이내인 자, 당해연도 귀어 창업자금 지원(예정)자
2. 후 견 인 : 우수경영인, 수산 신지식인, 수산 퇴직공무원, 대학교수 등 수산 분야 전문가로 어업 분야에 10년 이상 종사한 자",소득조건코드=0043003 / 소득범위=0~0 / -,,"창업어가와 후견인을 1:1 매칭하여, 후견인의 교육 및 지도에 필요한 비용 지원
ㅇ 창업어가 및 후견인 사업자 선정(창업어가 3명, 후견인 3명)
ㅇ 창업어가에 수산업 전반에 대한 기술·경영 지도(월 6회 이상)",20260101 ~ 20261231,20261231,"1. 창업어가 : 어업인 후계자로 선정된 지 3년 이내인 자, 귀어한 지 3년 이내인 자, 당해연도 귀어 창업자금 지원(예정)자
2. 후 견 인 : 우수경영인, 수산 신지식인, 수산 퇴직공무원, 대학교수 등 수산 분야 전문가로 어업 분야에 10년 이상 종사한 자",별도 문의,별도 문의,https://youth.chungnam.go.kr/web/main/customSupp/M050-08/view?bizId=A20260309CT000000000003017,main,primary,창업어가멘토링,수산자원연구소,20260101 ~ 20261231~20261231,교육･직업훈련,온·오프라인교육
youth,20260504005400113092,스마트팜 청년 창업 교육,"- 스마트팜 청년 창업 입문교육
- 스마트팜 청년 창업 재배실습 교육
- 스마트팜 선도 농가 현장실습 교육",교육/멘토링,스마트교육센터,전국,0013008 | 0049009,청년,만 18세 ~ 만 44세,18,44,청년농업인 18세 이상~45세 미만,소득조건코드=0043003 / 소득범위=0~0 / -,,"- 스마트팜 청년 창업 입문교육
- 스마트팜 청년 창업 재배실습 교육
- 스마트팜 선도 농가 현장실습 교육",20260101 ~ 20261231,20261231,청년농업인 18세 이상~45세 미만,별도 문의,신청(신청자)→접수(시·군)→대상자 결정(도원)→추진,https://youth.chungnam.go.kr/web/main/customSupp/M030-02/view?bizId=A20260309CT000000000003016,main,primary,스마트팜청년창업교육,스마트교육센터,20260101 ~ 20261231~20261231,교육･직업훈련,온·오프라인교육
youth,20260504005400113091,충남 천안아산 강소연구개발특구 육성,"입주기관의 활발한 신기술 창출 및 사업화를 촉진할 수 있는 환경 조성으로, 특화분야(미래모빌리티 전장기술) 업종기업 중심 양질의 일자리 창출",인력/일자리,미래산업과,충청남도,해당 없음 | 0013010 | 0049010,청년,만 0세 ~ 만 0세,,,미래차 전장부품 중심 스타트업-스케일업 기업,소득조건코드=0043001 / 소득범위=0~0,,"연구소기업·창업기업 설립, 기술이전 및 사업화, 투자연계 등 지원",        ,        ,미래차 전장부품 중심 스타트업-스케일업 기업,별도 문의,별도 문의,https://youth.chungnam.go.kr/web/main/customSupp/M030-01/view?bizId=A20260309CT000000000003022,main,primary,충남천안아산강소연구개발특구육성,미래산업과,,일자리,취업
youth,20260504005400113090,청년내일저축계좌 지원,- 저소득 청년이 사회에 안착할 수 있도록 자산형성 지원 및 자립 촉진,복지/문화,복지보훈정책과,전국,해당 없음 | 0013010 | 0049010,청년,만 19세 ~ 만 39세,19,39,해당 없음,"소득조건코드=0043003 / 소득범위=0~0 / (소득기준)현재 근로활동 중이며, 월 근로·사업소득이 10만원 이상인 청년
(가구소득) 소득인정액 기준 중위소득 50% 이하",,"연령·소득기준·가구소득을 모두 충족한 청년이 3년간 근로, 매월 10만원 이상 저축하면 매월 30만원 지원
(연령) 신청 당시 만 15세 이상 ~ 만 39세 이하
(소득기준)현재 근로활동 중이며 월 근로·사업소득이 10만원 이상인 청년
(가구소득) 소득인정액 기준 중위소득 50% 이하",20260504 ~ 20260520,20261231,해당 없음,별도 문의,별도 문의,https://youth.chungnam.go.kr/web/main/customSupp/M040-06/view?bizId=A20260309CT000000000003015,main,primary,청년내일저축계좌지원,복지보훈정책과,20260504 ~ 20260520~20261231,금융･복지･문화,취약계층 및 금융지원
youth,20260504005400213089,태안학사 운영,우리군 출신 수도권지역 대학생들의 주거비 부담 완화 및 안정된 학업 환경 제공,주거,교육체육과,전국,취업자 | 0013010 | 0049005,청년,만 19세 ~ 만 39세,19,39,해당 없음,소득조건코드=0043001 / 소득범위=0~0,,거주환경 제공,20260106 ~ 20260116,20261231,해당 없음,"입사신청서, 성적증명서, 재학증명서 등",우편 또는 방문접수,https://youth.chungnam.go.kr/web/main/customSupp/M040-05/view?bizId=A20260401LC000000000003123,main,primary,태안학사운영,교육체육과,20260106 ~ 20260116~20261231,주거,주택 및 거주지
youth,20260504005400213088,청년 사람유두종 바이러스 예방접종 지원,청년 대상 사람유두종 바이러스 예방접종 지원,복지/문화,보건행정과,전국,해당없음 | 0013010 | 0049010,"누구나,청년",만 18세 ~ 만 20세,18,20,해당없음,소득조건코드=0043001 / 소득범위=0~0,,"1년 이상 계룡시 주민등록을 둔 18~20세 백신 미완료 청년 예방접종 지원
(본인 부담금 5만원, 기초생활수급자·차상위계층 무료)",20260201,20261231,해당없음,"신분증, 기초생활수급자ㆍ차상위계층 증명서(해당자만)",계룡시보건소 1층 예방접종실에 신분증 지참 후 접종,https://youth.chungnam.go.kr/web/main/customSupp/M040-06/view?bizId=A20260401LC000000000003121,main,primary,청년사람유두종바이러스예방접종지원,보건행정과,20260201~20261231,금융･복지･문화,건강
youth,20260504005400113084,창업보육센터 및 기업지원,"창업보육센터 내 입주기업 운영지원, 창업경진대회를 통한 사업화 자금 지원 등",인력/일자리,AI육성과,전국,"해당 없음 | 0013006,0013009 | 0049009","예비창업자,청년",만 0세 ~ 만 0세,,,예비창업자 및 5년미만 창업기업,소득조건코드=0043001 / 소득범위=0~0,,도내 15개 대학 창업보육센터 운영 등,20260401 ~ 20260415,        ,예비창업자 및 5년미만 창업기업,각 대학별 보육센터 개별 진행,각 대학별 보육센터 개별 진행,https://youth.chungnam.go.kr/web/main/customSupp/M030-03/view?bizId=A20260309CT000000000003013,main,primary,창업보육센터및기업지원,ai육성과,20260401 ~ 20260415~,일자리,창업
youth,20260504005400113083,그린스타트업타운 운영,신성장·친환경·ICT 분야 스타트업 발굴/육성사업,인력/일자리,AI육성과,전국,"참여제한 사유에 해당하는 경우(지원사업별 공고문 확인) | 0013006,0013009 | 0049010","스타트업,청년",만 0세 ~ 만 0세,,,그린스타트업타운 입주 후 지원사업 신청 가능,소득조건코드=0043001 / 소득범위=0~0,,"스타트업 대상 입주공간, 경영컨설팅, 기술사업화, 글로벌 진출지원, 청년인재 정주여건, 스타트업 직무교육지원 등",,,"그린스타트업타운 입주 후 지원사업 신청 가능

사업별 지원내용/모집시기 등이 상이하므로 해당 공고문 기준으로 신청해야함",사업별 공고문 확인,사업별 모집공고 확인 → 신청/접수 → 선정평가 → 최종선정 대상자별 협약체결 후 지원,https://www.ccon.kr/,main,primary,그린스타트업타운운영,ai육성과,,일자리,창업
youth,20260504005400113082,청년농업인 창농 신성장 활동,"- 농고·농대 재학·졸업생 창농 교육
- 충남 우수 청년농업인 선발 운영",교육/멘토링,지도정책과,전국,0013008 | 0049009,"농업인,청년",만 18세 ~ 만 44세,18,44,"- 만 18세 이상~만 45세 미만 청년농업인(충청남도 거주)
 - 시군 농업계고등학교",소득조건코드=0043003 / 소득범위=0~0 / -,,"ㅇ 청년농업인 역량강화 교육
ㅇ 청년농부되기 진로교육
ㅇ 청년농업인 품목별 연구동아리
ㅇ 청년농업인 온라인 마케팅 기술지원",20260101 ~ 20261231,20261231,"- 만 18세 이상~만 45세 미만 청년농업인(충청남도 거주)
 - 시군 농업계고등학교",별도 문의,신청(신청자)→접수(시·군)→대상자 결정(시·군)→추진,https://youth.chungnam.go.kr/web/main/customSupp/M030-02/view?bizId=A20260309CT000000000003011,main,primary,청년농업인창농신성장활동,지도정책과,20260101 ~ 20261231~20261231,교육･직업훈련,미래역량강화
youth,20260504005400113081,전세보증금반환보증 보증료 지원,"전세사기, 역전세 현상 등 임대차 계약 종료 이후에도 보증금을 반환받지 못하는 저소득층의 피해가 증가함에 따라, 전세보증금반환보증 가입 유도 및 전세사기 피해 예방",주거,주택도시과,전국,보증효력이 유효한 전세보증금반환보증에 가입한 임차보증금 3억원 이하의 무주택 임차인 | 0013010 | 0049010,청년,만 0세 ~ 만 0세,,,"연소득 (청년) 5천만원, (청년 외) 6천만원, (신혼부부) 7.5천만원 이하","소득조건코드=0043003 / 소득범위=0~0 / 연소득 (청년)5천만원, (청년 외)6천만원, (신혼부부)7.5천만원 이하",,전세보증금반환보증 보증료 전부 또는 일부 지원(최대 40만원),20260101,20261231,"연소득 (청년) 5천만원, (청년 외) 6천만원, (신혼부부) 7.5천만원 이하","신청서, 서약서, 통장사본, 전세보증금반환보증 보증서, 보증료 납부 증빙서류, 임대차계약서, 등기사항전부증명서, 주민등록등본, 혼인관계증명서, 소득금액증명 등",(신청인)읍면동 행정복지센터 내방 신청 또는 온라인 신청(안심전세포털) → (시군) 지원여부 조사 및 지원결정,https://youth.chungnam.go.kr/web/main/customSupp/M040-05/view?bizId=A20260309CT000000000003007,main,primary,전세보증금반환보증보증료지원,주택도시과,20260101~20261231,주거,주택 및 거주지
youth,20260504005400113078,지역기반형 콘텐츠코리아랩 운영,"충남도 내 콘텐츠 창작문화 확산 및 지역 신규 창·제작자 발굴 및 육성을 통한 지역 콘텐츠 전문인력 양성, 콘텐츠 기업 육성",복지/문화,문화정책과,전국,해당 없음 | 0013010 | 0049010,청년,만 0세 ~ 만 0세,,,해당 없음,소득조건코드=0043001 / 소득범위=0~0,,"- 취업·창업·사업화 연계를 위한 창작인력 양성 교육 프로그램 운영
- 맞춤형 사업화지원, 유통·투자 연계로 콘텐츠 스타트업기업성장지원
- 콘텐츠 스타트업 자율형 마케팅 전략 자금지원 홍보효과·매출 극대화",20260101,20261231,해당 없음,별도 문의,별도 문의,https://youth.chungnam.go.kr/web/main/customSupp/M060-09/view?bizId=A20260309CT000000000003061,main,primary,지역기반형콘텐츠코리아랩운영,문화정책과,20260101~20261231,금융･복지･문화,문화활동 및 생활지원
youth,20260504005400113077,청년 등 생애주기별 마음건강사업,정신건강 고위험군 청년을 조기발견·개입하여 청년 정신건강 개선 및 청년 정신질환의 적절한 치료·관리를 통해 회복지원,복지/문화,건강증진식품과,전국,해당 없음 | 0013010 | 0049010,청년,만 19세 ~ 만 39세,19,39,해당 없음,소득조건코드=0043001 / 소득범위=0~0,,"- 청년정신건강 인식 개선 홍보 및 교육
- 지역자원(대학교, 청년센터, 고용센터 등) 연계를 통해 고위험군 발굴 및 심리 지원
- 고위험군 온·오프라인 상담(모바일앱, SNS 등 활용한 비대면상담소 운영)
- 정신건강통합서비스 (사례관리, 집단프로그램 등) 운영",20260101,20261231,해당 없음,별도 문의,별도 문의,https://youth.chungnam.go.kr/web/main/customSupp/M040-06/view?bizId=A20250416CT000000000002241,main,primary,청년등생애주기별마음건강사업,건강증진식품과,20260101~20261231,금융･복지･문화,건강
youth,20260504005400113076,청년 자살예방 조기검진 및 심리지원,도내 청년 대상 자살예방 조기검진 통한 심리지원 및 자원 연계,복지/문화,건강증진식품과,전국,해당 없음 | 0013010 | 0049010,청년,만 19세 ~ 만 39세,19,39,해당 없음,소득조건코드=0043001 / 소득범위=0~0,,"- 충남정신건강관리망을 통한 우울 및 자살 정신건강검진시행
   ⇨ 고위험군 발굴시 즉각 개입(상담, 치료연계) 및 자원연계(치료비 지원 등)

- 청년 대상 정신건강프로그램(나에게로 떠나는 여행) 연계",20260101,20261231,해당 없음,별도 문의,별도 문의,https://youth.chungnam.go.kr/web/main/customSupp/M040-06/view?bizId=A20260309CT000000000003050,main,primary,청년자살예방조기검진및심리지원,건강증진식품과,20260101~20261231,금융･복지･문화,건강
youth,20260504005400113075,청년 정신건강 관리 협력·홍보체계 구축·운영,정신질환에 대한 인식 개선 홍보사업을 통해 서비스 접근성 제고 및 지역사회 정신건강 관계기관 협력체계 구축,복지/문화,건강증진식품과,전국,해당 없음 | 0013010 | 0049010,청년,만 19세 ~ 만 39세,19,39,해당 없음,소득조건코드=0043001 / 소득범위=0~0,,"- 비대면 선별도구를 활용한 고위험군 발굴 및 정신건강 서비스 지역사회 자원 연계 및 모니터링
- 청년 정신건강서포터즈 [마음;잇길] 운영 및 지원
- 통합 조기중재 홈페이지 [안녕;마음] 운영 및 관리
- 청년 정신건강의 중요성 및 인식개선 홍보를 위한 홍보컨텐츠 제작 및 보급 등",20260101,20261231,해당 없음,별도 문의,별도 문의,https://youth.chungnam.go.kr/web/main/customSupp/M040-06/view?bizId=A20260310CT000000000003066,main,primary,청년정신건강관리협력홍보체계구축운영,건강증진식품과,20260101~20261231,금융･복지･문화,건강
youth,20260504005400113074,컨설턴트 파견 및 취업지원프로그램 운영,"충남도립대학교 본교 재학생(프로그램에 따라 졸업생 포함) 대상 컨설팅, 취업역량 강화 프로그램 제공",교육/멘토링,취업지원처,전국,"충남도립대학교 재학생(프로그램에 따라 졸업생 포함) | 0013003 | 0049005,0049006,0049007",청년,만 0세 ~ 만 0세,,,해당없음,소득조건코드=0043001 / 소득범위=0~0,,"충남도립대학교 본교 재학생(프로그램에 따라 졸업생 포함) 대상 컨설팅, 취업역량 강화 프로그램 제공",20260301 ~ 20270228,20270228,해당없음,별도 문의,별도 문의,https://youth.chungnam.go.kr/web/main/customSupp/M030-02/view?bizId=A20260324CT000000000003067,main,primary,컨설턴트파견및취업지원프로그램운영,취업지원처,20260301 ~ 20270228~20270228,교육･직업훈련,온·오프라인교육
youth,20260504005400213073,서산시 전입 대학생 생활안정 지원,"관내 소재 대학교(한서대학교) 재(휴)학생 중, 전입신고를 한 대학생을 대상으로 생활안정 지원금 10만원 지급",복지/문화,자치행정국,충청남도,만 19세 이상 대학생 | 0013009 | 0049005,청년,만 0세 ~ 만 0세,,,만 19세 이상 대학생,소득조건코드=0043001 / 소득범위=0~0,,생활안정지원금,20260101 ~ 20261231,20261231,만 19세 이상 대학생,"주민등록초본, 재(휴학) 증명서 등","신청 접수(공문 등) 후, 지원",https://youth.chungnam.go.kr/web/main/customSupp/M040-06/view?bizId=A20260401LC000000000003120,main,primary,서산시전입대학생생활안정지원,자치행정국,20260101 ~ 20261231~20261231,금융･복지･문화,취약계층 및 금융지원
youth,20260504005400213072,청년농업인 인큐베이팅 기술지원,미래농업의 주역인 청년농업인들의 소득기반 구축,인력/일자리,기술지원과,전국,해당 없음 | 0013008 | 0049010,"농업인,청년",만 18세 ~ 만 45세,18,45,해당 없음,소득조건코드=0043001 / 소득범위=0~0,,"컨설팅을 통한 경영전략 계획수립 → 농장개선 및 생산성 품질향상 장비도입, 창업아이템 도출 및 지원",20260112 ~ 20260130,20261231,해당 없음,"사업신청서, 경영체등록증",농업기술센터 신청서류 제출,https://youth.chungnam.go.kr/web/main/customSupp/M050-07/view?bizId=A20260401LC000000000003126,main,primary,청년농업인인큐베이팅기술지원,기술지원과,20260112 ~ 20260130~20261231,일자리,취업
youth,20260504005400213070,서산시 창업보육센터 지원,창업기업 육성 및 지원을 위한 창업보육센터 활성화 촉진,교육/멘토링,투자유치과,충청남도,창업을 희망하는 예비창업자 또는 창업 3년 미만인 기업 | 0013002 | 0049010,"예비창업자,청년",만 0세 ~ 만 0세,,,창업을 희망하는 예비창업자 또는 창업 3년 미만인 기업,소득조건코드=0043001 / 소득범위=0~0,,"마케팅 및 홍보지원, 시제품 제작 지원, 창업 교육 등",20260501 ~ 20260930,20260930,"창업을 희망하는 예비창업자 또는 창업 3년 미만인 기업

한서대학교 창업보육센터
정수영 팀장 (TEL: 041-671-6053 / FAX: 041-671-6055)",별도 안내,방문접수/ 우편접수/ 팩스/ 이메일,http://www.habi.or.kr/main/index.action,main,primary,서산시창업보육센터지원,투자유치과,20260501 ~ 20260930~20260930,교육･직업훈련,온·오프라인교육
youth,20260504005400213069,태안 청년네트워크 운영,청년 문제 해결을 위한 의제와 정책을 발굴하고 실현하기 위해 청년 참여를 기반으로 한 청년 네트워크 운영,복지/문화,기획예산담당관,전국,해당 없음 | 0013010 | 0049010,청년,만 18세 ~ 만 45세,18,45,해당 없음,소득조건코드=0043001 / 소득범위=0~0,,청년네트워크 참석 실비 및 급·간식 제공,20251201 ~ 20271231,20271231,해당 없음,지원신청서 및 증빙서류,태안군 홈페이지 공고(공개모집),https://youth.chungnam.go.kr/web/main/customSupp/M060-10/view?bizId=A20260401LC000000000003142,main,primary,태안청년네트워크운영,기획예산담당관,20251201 ~ 20271231~20271231,금융･복지･문화,문화활동 및 생활지원
youth,20260504005400213068,태안 군 복무 태안 청년 상해 보험 가입,군 복무 태안 청년 단체 상해보험 가입,복지/문화,안전관리과,전국,해당 없음 | 0013010 | 0049010,청년,만 19세 ~ 만 39세,19,39,해당 없음,소득조건코드=0043001 / 소득범위=0~0,,군 복무 중 상해 및 질병 보험 가입,20260220 ~ 20270219,20270219,해당 없음,담당자 문의,담당자 문의,https://youth.chungnam.go.kr/web/main/customSupp/M040-06/view?bizId=A20260401LC000000000003140,main,primary,태안군복무태안청년상해보험가입,안전관리과,20260220 ~ 20270219~20270219,금융･복지･문화,취약계층 및 금융지원
youth,20260504005400213067,서산시 성연청소년문화의집 운영,청소년의 건강하고 행복한 성장을 돕기 위한 청소년전용시설 운영,복지/문화,가족지원과,충청남도,해당없음 | 0013010 | 0049010,"누구나,청년",만 9세 ~ 만 24세,9,24,해당없음,소득조건코드=0043001 / 소득범위=0~0,,"청소년전용카페(이리모young) 운영 및 
학교연계·진로역량 개발·문화·청소년동아리 활동,",20260101,29991231,해당없음,해당없음,"프로그램 별 상이, 홈페이지 참고",https://www.s3youth.or.kr/,main,primary,서산시성연청소년문화의집운영,가족지원과,20260101~29991231,금융･복지･문화,문화활동 및 생활지원
youth,20260504005400213066,태안 사회복무요원 보상 및 배상책임 보험,공무상 의료비·재해보상금 보험/ 대인대물배상책임 보험,복지/문화,안전관리과,전국,해당 없음 | 0013010 | 0049010,청년,만 19세 ~ 만 39세,19,39,해당 없음,소득조건코드=0043001 / 소득범위=0~0,,공무상 의료비·재해보상금 보험 가입 / 대인대물배상책임 보험 가입,20260117 ~ 20270117,20270117,해당 없음,해당 없음,태안군 소속 사회복무요원 자동 가입,https://youth.chungnam.go.kr/web/main/customSupp/M030-04/view?bizId=A20260401LC000000000003139,main,primary,태안사회복무요원보상및배상책임보험,안전관리과,20260117 ~ 20270117~20270117,금융･복지･문화,취약계층 및 금융지원
youth,20260504005400213065,천안형 채용연계프로그램,"관내 미취업 청년이 취업역량 강화 교육과 기업설명회, 면접 연계 등을 통해 관내 기업과의 채용 기회를 확대하는 프로그램으로, 기업 정보 제공과 취업 지원을 통해 청년의 노동시장 진입을 돕고 지역 인재의 안정적인 정착과 청년 일자리 창출에 기여하고자 추진하는 사업",인력/일자리,청년정책과,충청남도,해당없음 | 0013010 | 0049010,"누구나,청년",만 18세 ~ 만 39세,18,39,해당없음,소득조건코드=0043001 / 소득범위=0~0,,"취업기술 향상 교육(약 50시간), 관내 우수기업 정보 제공 및 기업설명회, 정규직 채용연계 면접 동행 지원, 천안 청년 취업응원금(천안사랑카드 50만원) 지원",20260201,20261231,해당없음,해당없음,홈페이지 신청,https://www.ch2030youth.kr/bbs/board.php?bo_table=notice&wr_id=582,main,primary,천안형채용연계프로그램,청년정책과,20260201~20261231,일자리,취업
youth,20260504005400213064,태안 청년 신혼부부 주택자금 대출이자 지원,"주택자금(매매, 전세) 대출을 받고 납입한 이자 지원 사업",주거,신속허가과,전국,해당 없음 | 0013010 | 0049010,청년,만 18세 ~ 만 45세,18,45,해당 없음,소득조건코드=0043003 / 소득범위=0~0 / 기준중위소득 180%이하,,"가구당 연간 100만원 이내 대출이자 지원
(자년 1명당 10만원 가산 지원, 총 3명까지)",20260101,20261231,해당 없음,"주민등록등본, 초본, 건강보험 자격확인서, 건강보험 납부확인서, 
매매계약서 또는 임대차(전세) 계약서, 지방세 세목별 과세증명서, 대출 및 이자납부 내역 확인서, 통장사본",신속허가과 방문신청,https://youth.chungnam.go.kr/web/main/customSupp/M040-05/view?bizId=A20260401LC000000000003135,main,primary,태안청년신혼부부주택자금대출이자지원,신속허가과,20260101~20261231,주거,전월세 및 주거급여 지원
youth,20260504005400213063,서산시 자립준비청년 운전면허 취득지원 사업,"가정위탁보호, 시설보호 종료 또는 연장된 청소년에게 운전면허 취득지원으로 실질적이고 안정적인 사회정착 및 성공적 자립에 기여코자 함.",교육/멘토링,가족지원과,충청남도,등록된 보호대상 청소년 | 0013009 | 0049009,청년,만 19세 ~ 만 29세,19,29,등록된 보호대상 청소년,소득조건코드=0043003 / 소득범위=0~0 / -,,운전면허 취득에 따른 일체 비용지원,20260201 ~ 20260227,20261130,등록된 보호대상 청소년,"신청서, 신분증, 개인정보제공동의서, 납부영수증, 통장사본",시청 가족지원과에 신청,https://youth.chungnam.go.kr/web/main/customSupp/M060-09/view?bizId=A20260401LC000000000003150,main,primary,서산시자립준비청년운전면허취득지원사업,가족지원과,20260201 ~ 20260227~20261130,교육･직업훈련,미래역량강화
youth,20260504005400213062,계룡행정인턴 운영,대학생이 방학기간을 이용하여 시정에 참여함으로써 지역사회에 대한 이해와 자긍심을 갖는 기회 제공,인력/일자리,자치행정과,전국,"계룡시청에서 대학생 행정인턴 근무경험이 있는 자
공고일 기준 대학교 입학 예정자, 대학원생
방송통신대학교, 사이버대학, 평생교육기관에 재학 중인 자 | 0013010 | 0049005,0049006",청년,만 19세 ~ 만 39세,19,39,해당없음　,소득조건코드=0043001 / 소득범위=0~0,,"1개월 간 행정사무 보조, 현장 업무 지원에 따른 급여 지급",20251201 ~ 20260630,20260731,해당없음,"신청서, 개인정보제공 동의서, 주민등록등본 또는 초본 등",시 홈페이지 신청,https://youth.chungnam.go.kr/web/main/customSupp/M060-10/view?bizId=A20260401LC000000000003152,main,primary,계룡행정인턴운영,자치행정과,20251201 ~ 20260630~20260731,일자리,취업
youth,20260504005400213061,공공근로 일자리(청년 우선 선발),공공일자리를 제공하여 청년들의 고용시장 진입을 위한 완충 역할 및 생활 안정 도모,인력/일자리,경제산업과,전국,"실업급여 및 연금수급자, 4회 연속 초과 참여자, 1세대 2인 참여자, 공무원(경찰, 소방, 교육, 군인, 군무원) 배우자 및 자녀, 대학 및 대학원 재학생 | 0013003 | 0049010",청년,만 19세 ~ 만 39세,19,39,해당없음　,소득조건코드=0043001 / 소득범위=0~0,,상ㆍ하반기 각 5개월 간 행정사무 보조에 따른 급여 지급,20260501 ~ 20260531,20261130,해당없음,"신청서, 개인정보제공 동의서 등",신청서 및 구비서류 주소지 면동사무소에 제출,https://youth.chungnam.go.kr/web/main/customSupp/M030-01/view?bizId=A20260401LC000000000003070,main,primary,공공근로일자리청년우선선발,경제산업과,20260501 ~ 20260531~20261130,일자리,취업
youth,20260504005400213060,청년인턴,"관내 미취업 청년이 우수 중소·중견기업에서 인턴으로 근무하며 실무 경험을 쌓을 수 있도록 최대 3개월간 인건비를 지원하는 프로그램으로, 직무 경험 제공과 취업 연계를 통해 청년의 직무역량 강화 및 청년 일자리 창출을 도모하고자 추진하는 사업",인력/일자리,청년정책과,전국,채용일 기준 고등학교 또는 대학교에 재학중인 자 | 0013010 | 0049010,청년,만 18세 ~ 만 39세,18,39,"상·하반기 참여자 모집 공고 시 신청(3월, 7월 예정)",소득조건코드=0043001 / 소득범위=0~0,,기업체에게 최대 3개월 인건비 지원 및 청년에게 인턴 근무 기회 제공,20260301 ~ 20260731,20261231,"상·하반기 참여자 모집 공고 시 신청(3월, 7월 예정)

해당없음",기업별 상이,각 기업별 TO 고려한 상시 운영,https://youth.chungnam.go.kr/web/main/customSupp/M030-02/view?bizId=A20260401LC000000000003145,main,primary,청년인턴,청년정책과,20260301 ~ 20260731~20261231,일자리,취업
youth,20260504005400213059,홍성복합문화창업공간 잇슈창고 운영,청년창업가 양성을 위한 전문교육기관의 교육·컨설팅 및 실습기관으로 활용,복지/문화,경제정책과,전국,"해당 없음 | 0013003,0013006 | 0049010",청년,만 19세 ~ 만 34세,19,34,해당 없음,소득조건코드=0043001 / 소득범위=0~0,,외식 창업 교육 프로그램 제공,20260501 ~ 20261231,20261231,"해당 없음

해당없음",미정,홍성군 홈페이지 공지사항 공고 게시,https://youth.chungnam.go.kr/web/main/customSupp/M060-09/view?bizId=A20260401LC000000000003071,main,primary,홍성복합문화창업공간잇슈창고운영,경제정책과,20260501 ~ 20261231~20261231,금융･복지･문화,문화활동 및 생활지원
youth,20260504005400213058,서산시 일자리종합센터 취업지원 프로그램 운영,"일자리종합센터 운영, 취업지원 프로그램 운영 등",인력/일자리,일자리경제과,충청남도,해당없음 | 0013010 | 0049010,"누구나,청년",만 19세 ~ 만 39세,19,39,해당없음,소득조건코드=0043001 / 소득범위=0~0,,"일자리 정보 제공 및 일자리 알선, 
취업 지원 교육 프로그램 운영 등",        ,        ,해당없음,해당없음,구직 등록,https://youth.chungnam.go.kr/web/main/youthSearch/list,main,primary,서산시일자리종합센터취업지원프로그램운영,일자리경제과,,일자리,취업
youth,20260504005400213057,태안 청년 이사비 지원,"전입청년들의 이사비용(운송비, 부동산중개보수비) 지원 사업",주거,신속허가과,전국,해당 없음 | 0013010 | 0049010,청년,만 18세 ~ 만 45세,18,45,해당 없음,소득조건코드=0043001 / 소득범위=0~0,,가구당 이사비 및 중개보수 포함 40만원 이내 지원,20260101,20261231,해당 없음,"주민등록등본, 초본, 건강보험 자격확인서, 건강보험 납부확인서, 임대차계약서 사본, 이사비 및 중개보수 지출 증빙서류, 지방세 세목별과세증명서, 통장사본",신속허가과 방문신청,https://youth.chungnam.go.kr/web/main/customSupp/M040-06/view?bizId=A20260401LC000000000003132,main,primary,태안청년이사비지원,신속허가과,20260101~20261231,주거,전월세 및 주거급여 지원
youth,20260504005400213056,서산시 공동육아나눔터(장난감도서관) 운영,"- 공동육아나눔터 품앗이 활동 및 프로그램 운영
- 장난감도서관을 통한 장난감 대여 서비스 지원",복지/문화,가족지원과,충청남도,해당없음 | 0013010 | 0049010,"누구나,청년",만 0세 ~ 만 0세,,,해당없음,소득조건코드=0043001 / 소득범위=0~0,,장난감 대여 및 활동 프로그램 지원,20260101,20261231,해당없음,주민등록등본,- 품앗이 활동 및 장난감 대여 직접 방문 후 신청,https://seosan.familynet.or.kr,main,primary,서산시공동육아나눔터장난감도서관운영,가족지원과,20260101~20261231,금융･복지･문화,문화활동 및 생활지원
youth,20260504005400213055,청년센터 운영,"청년들의 역량 개발과 교류를 위한 공간 조성, 청년 맞춤 프로그램 운영으로 지역 발전의 주체인 청년들의 성장 지원",복지/문화,경제산업과,전국,해당없음 | 0013010 | 0049010,"누구나,청년",만 18세 ~ 만 39세,18,39,해당없음,소득조건코드=0043001 / 소득범위=0~0,,"청년프로그램 참여, 북카페 및 회의실 등 무료 이용",        ,        ,해당없음,"신청서, 개인정보제공 동의서, 주민등록등본 또는 초본 등",프로그램 참여자는 홈페이지를 통해 신청,https://youth.chungnam.go.kr/web/main/customSupp/M060-09/view?bizId=A20260401LC000000000003151,main,primary,청년센터운영,경제산업과,,금융･복지･문화,문화활동 및 생활지원
youth,20260504005400213054,청년 면접용 정장 대여비 지원,미취업(또는 계약직 근무) 청년이 취업 면접을 위해 지정된 정장 대여업체에서 3박 4일간 정장 무료 대여 지원,인력/일자리,경제산업과,전국,"해당없음 | 0013003,0013005,0013007 | 0049010","누구나,청년",만 19세 ~ 만 39세,19,39,해당없음　,소득조건코드=0043001 / 소득범위=0~0,,청년 면접용 정장 대여 지원,20260101,20261231,해당없음,"신청서, 개인정보제공 동의서, 주민등록등본 또는 초본, 고용보험 최근 3개월 자격이력내역서, 근로계약서(선택), 면접 증빙서류",정장 대여업체 방문 2일 전까지 신청서 및 구비서류 첨부하여 이메일 또는 청년센터 방문 신청,https://youth.chungnam.go.kr/web/main/customSupp/M030-02/view?bizId=A20260401LC000000000003073,main,primary,청년면접용정장대여비지원,경제산업과,20260101~20261231,일자리,취업
youth,20260504005400213053,부여군 군복무 청년 상해보험 가입 지원,군 복무 중 불의의 사고 대비 위한 상해보험 가입 및 운영,복지/문화,안전총괄과,전국,해당 없음 | 0013010 | 0049009,청년,만 0세 ~ 만 0세,,,해당 없음,소득조건코드=0043001 / 소득범위=0~0,,"군 복무 중 발생한 상해사망 등 7개 항목 보장(최대 3,000만원)",20260301 ~ 20261130,20261130,해당 없음,보험 청구서 및 증빙서류 등,상해 발생 시 보험사(농협손해보험(1644-9666)) 직접 신청,https://youth.chungnam.go.kr/web/main/customSupp/M040-06/view?bizId=A20260401LC000000000003072,main,primary,부여군군복무청년상해보험가입지원,안전총괄과,20260301 ~ 20261130~20261130,금융･복지･문화,취약계층 및 금융지원
youth,20260504005400213052,홍성형일자리 군민채용제,군민채용제 기업선발 및 근로자 매칭하여 근속지원금 지급,인력/일자리,경제정책과,전국,해당 없음 | 0013010 | 0049010,청년,만 18세 ~ 만 64세,18,64,해당 없음,소득조건코드=0043001 / 소득범위=0~0,,상시 근로자 3인 이상 중소기업에 군민 신규채용시 1인당 월 70만원씩 12개월 지급,20260112 ~ 20261231,20261231,해당 없음,홍성군 공고 제2026-78호 참고,이메일 접수,https://youth.chungnam.go.kr/web/main/customSupp/M030-04/view?bizId=A20260401LC000000000003074,main,primary,홍성형일자리군민채용제,경제정책과,20260112 ~ 20261231~20261231,일자리,권익보호
youth,20260504005400213051,홍성 청년4-H회원 시범과제,청년 4-H회원 대상 시범과제(장비 구입 등) 지원,복지/문화,농업기술센터,전국,해당 없음 | 0013010 | 0049010,청년,만 0세 ~ 만 0세,,,해당 없음,소득조건코드=0043001 / 소득범위=0~0,,"4-H회원 영농 안정 기반 조성을 위한 시설 지원, 장비 구입 등 신기술 시범 지원",20260301 ~ 20261231,20261231,해당 없음,사이트 참고,해당 없음,https://youth.chungnam.go.kr/web/main/customSupp/M050-07/view?bizId=A20260401LC000000000003076,main,primary,홍성청년4h회원시범과제,농업기술센터,20260301 ~ 20261231~20261231,금융･복지･문화,취약계층 및 금융지원
youth,20260504005400213050,청년 AI 자격증 취득 지원,"청년들에게 취창업, 이직, 자기개발 등 실질적 도움이 될 수 있는 AI 자격증 취득 과정 프로그램 운영",인력/일자리,경제산업과,전국,해당없음 | 0013010 | 0049010,"누구나,청년",만 19세 ~ 만 39세,19,39,해당없음　,소득조건코드=0043001 / 소득범위=0~0,,자격증 취득 과정 프로그램,20260501 ~ 20261130,20261231,해당없음,"신청서, 개인정보제공 동의서, 주민등록등본 또는 초본 등",상ㆍ하반기 각 1회씩 교육 신청 기간에 홈페이지를 통해 신청 접수,https://youth.chungnam.go.kr/web/main/customSupp/M030-02/view?bizId=A20260401LC000000000003077,main,primary,청년ai자격증취득지원,경제산업과,20260501 ~ 20261130~20261231,일자리,취업
youth,20260504005400213049,대학생 국외 연수,국제적 감각과 능력을 갖춘 글로벌 인재 양성,복지/문화,평생교육과,전국,"계룡시애향장학회 장학금 기 지원 받은자, 
대학생 국외연수 및 글로벌 탐방 연수 기 참여자 | 0013010 | 0049005",청년,만 19세 ~ 만 39세,19,39,해당없음,소득조건코드=0043001 / 소득범위=0~0,,"대학생 국외연수자를 선발 후 영어권 국가를 방문하여 영어 학습, 기업 방문, 해외 취업 컨설팅, 국문화축제 홍보 활동 등 다양한 활동 지원",20260211 ~ 20260213,20260831,해당없음,"신청서, 재학증명서, 미래계획서 및 계룡시 기여 계획서, 졸업증명서(관내 학교), 주민등록초본, 개인정보동의서",신청서 및 구비서류를 계룡시청 평생교육과에 방문 및 우편 신청,https://youth.chungnam.go.kr/web/main/customSupp/M060-10/view?bizId=A20260401LC000000000003080,main,primary,대학생국외연수,평생교육과,20260211 ~ 20260213~20260831,금융･복지･문화,문화활동 및 생활지원
youth,20260504005400213048,서산시 청년정책네트워크 구성·운영,청년정책 발굴을 위한 회의 개최 및 청년 관련 각종 행사 등 시정 참여,복지/문화,기획예산담당관,충청남도,서산시에서 거주 및 활동하는 청년 | 0013010 | 0049010,청년,만 18세 ~ 만 39세,18,39,서산시에서 거주 및 활동하는 청년,소득조건코드=0043001 / 소득범위=0~0,,기타(회원 위촉 및 활동수당 5만원 지급),20260101 ~ 20270101,20270101,서산시에서 거주 및 활동하는 청년,담당자 확인필요,"신청기간 내 서류 제출(이메일, 방문)",https://youth.chungnam.go.kr/web/main/customSupp/M060-09/view?bizId=A20260401LC000000000003081,main,primary,서산시청년정책네트워크구성운영,기획예산담당관,20260101 ~ 20270101~20270101,금융･복지･문화,문화활동 및 생활지원
youth,20260504005400213047,청년 행정체험 프로그램,"천안시에 거주하는 청년이 시청, 읍·면·동, 도서관, 박물관 및 유관기관 등에서 근무하며 행정 현장을 체험하는 프로그램으로, 
시정 참여 기회 확대와 사회 경험 제공을 통해 청년 일자리 창출에 기여하고자 추진하는 사업",인력/일자리,청년정책과,전국,최근 2년간 천안시 청년(대학생) 행정체험 프로그램 참여자 | 0013010 | 0049010,청년,만 18세 ~ 만 39세,18,39,(특별모집) 저소득층/차상위/한부모/국가유공자세대/장애인/북한이탈주민/취업지원 대상자/다자녀,소득조건코드=0043003 / 소득범위=0~0 / -,,청년들의 행정현장 체험 및 근무 수당 지급,20260501 ~ 20260630,20260807,(특별모집) 저소득층/차상위/한부모/국가유공자세대/장애인/북한이탈주민/취업지원 대상자/다자녀,"일반선발 : 제출서류 없음
특별선발 : 수급자 증명서/장애인 증명서/ 차상위계층 확인서/한부모가족증명서/취업지원 대상자 증명서/북한이탈주민 등록확인서/등본 등","천안시 홈페이지 공개 모집
(동계) 2025년 11월 중
(하계) 2026년 5·6월 중",https://youth.chungnam.go.kr/web/main/customSupp/M030-01/view?bizId=A20260401LC000000000003083,main,primary,청년행정체험프로그램,청년정책과,20260501 ~ 20260630~20260807,일자리,취업
youth,20260504005400213046,글로벌 탐방 연수,자기주도 해외 문화탐방으로 창의 인재 양성,복지/문화,평생교육과,전국,"계룡시애향장학회 장학금 기 지원 받은자, 
대학생 국외연수 및 글로벌 탐방 연수 기 참여자 | 0013010 | 0049010",청년,만 19세 ~ 만 29세,19,29,해당없음　,소득조건코드=0043001 / 소득범위=0~0,,글로벌 탐방 연수자에게 1인 2백만원 지원,20260309 ~ 20260311,20260831,해당없음,"신청서, 여행계획서, 졸업증명서(관내 학교), 주민등록초본, 개인정보동의서 등",신청서 및 구비서류를 계룡시청 평생교육과에 방문 및 우편 신청,https://youth.chungnam.go.kr/web/main/customSupp/M060-10/view?bizId=A20260401LC000000000003085,main,primary,글로벌탐방연수,평생교육과,20260309 ~ 20260311~20260831,금융･복지･문화,문화활동 및 생활지원
youth,20260504005400213045,서산시 청년의 날 행사 추진,‘청년의 날’을 기념하는 행사 개최로 청년들의 정책 제안과 문화 소통의 장 마련,복지/문화,기획예산담당관,충청남도,해당없음 | 0013010 | 0049010,"누구나,청년",만 0세 ~ 만 0세,,,해당없음,소득조건코드=0043001 / 소득범위=0~0,,각종 부스 프로그램 운영 및 문화예술공연 등 제공,,,해당없음,해당없음,해당없음,https://www.youthcenter.go.kr/youthPolicy/ythPlcyTotalSearch/ythPlcyDetail/20260504005400213045,main,primary,서산시청년의날행사추진,기획예산담당관,,금융･복지･문화,문화활동 및 생활지원
youth,20260504005400213042,서산시 군복무 청년 상해보험 가입,군복무 청년 대상 상해 보험 가입,복지/문화,기획예산담당관,충청남도,군복무 청년 | 0013009 | 0049010,청년,만 0세 ~ 만 0세,,,군복무 청년,소득조건코드=0043001 / 소득범위=0~0,,상해보험 지원,20260301 ~ 20270228,20270228,군복무 청년,보험금 청구서류,전용 콜센터 신청,https://youth.chungnam.go.kr/web/main/customSupp/M040-06/view?bizId=A20260401LC000000000003092,main,primary,서산시군복무청년상해보험가입,기획예산담당관,20260301 ~ 20270228~20270228,금융･복지･문화,건강
youth,20260504005400213041,인생 설계 프로그램,"청년들의 진로, 적성 탐색 프로그램 운영",복지/문화,경제산업과,전국,해당없음 | 0013010 | 0049010,"누구나,청년",만 19세 ~ 만 39세,19,39,해당없음,소득조건코드=0043001 / 소득범위=0~0,,"청년들의 진로, 적성 탐색을 위한 인생 설계 프로그램 운영",20260101 ~ 20261231,20261231,해당없음,"신청서, 개인정보제공 동의서, 주민등록등본 또는 초본 등",연중 인생설계 프로그램 신청 기간에 홈페이지를 통해 신청 접수,https://gyeryong.go.kr/kr/html/sub05/05100302.html,main,primary,인생설계프로그램,경제산업과,20260101 ~ 20261231~20261231,금융･복지･문화,문화활동 및 생활지원
youth,20260504005400213040,청년 문화시설 관람비 지원,20대 청년들에게 보다 넓은 문화 향유의 기회 제공,복지/문화,경제산업과,전국,신청일 기준 청년문화예술패스 적용 대상자 | 0013010 | 0049010,청년,만 20세 ~ 만 29세,20,29,해당없음,소득조건코드=0043001 / 소득범위=0~0,,전국 문화시설 관람비 5만원을 지역상품권으로 환급,20260101 ~ 20261130,20261231,해당없음,"신청서, 주민등록등본 또는 초본, 본인 사용 증빙 카드 영수증 등",신청서 및 구비서류를 이메일 또는 청년센터 방문 신청,https://youth.chungnam.go.kr/web/main/customSupp/M060-10/view?bizId=A20260401LC000000000003097,main,primary,청년문화시설관람비지원,경제산업과,20260101 ~ 20261130~20261231,금융･복지･문화,문화활동 및 생활지원
youth,20260504005400213039,홍성 신혼부부 주거자금 대출이자 지원,「홍성군 신혼부부 주거자금 대출이자 지원에 관한 조례」에 따라 관내 신혼부부의 주거비 부담 경감,주거,건축허가과,전국,해당 없음 | 0013010 | 0049010,청년,만 19세 ~ 만 49세,19,49,해당 없음,소득조건코드=0043003 / 소득범위=0~0 / 기준중위소득 180%이하,,주택 구입 및 전월세 보증금 대출금 잔액의 1.5% 범위 내 연 최대 150만원 지원(최대 3년),20260303 ~ 20260529,20260630,해당 없음,홍성군 공고 제2026-538호 참고,주소지 읍면 방문신청,https://youth.chungnam.go.kr/web/main/customSupp/M040-05/view?bizId=A20260401LC000000000003098,main,primary,홍성신혼부부주거자금대출이자지원,건축허가과,20260303 ~ 20260529~20260630,주거,전월세 및 주거급여 지원
youth,20260504005400213038,홍성 청년 4-H회 영농 공동과제포 운영,기본 식량 작물인 벼 육묘 기술의 체계적 습득 및 회원간 협동심 고취,복지/문화,농업기술센터,전국,해당 없음 | 0013010 | 0049010,청년,만 0세 ~ 만 0세,,,해당 없음,소득조건코드=0043001 / 소득범위=0~0,,1개소,20260401,20260731,해당 없음,해당 없음,해당 없음,https://www.youthcenter.go.kr/youthPolicy/ythPlcyTotalSearch/ythPlcyDetail/20260504005400213038,main,primary,홍성청년4h회영농공동과제포운영,농업기술센터,20260401~20260731,금융･복지･문화,취약계층 및 금융지원
youth,20260504005400213037,서산시 출산지원금 및 둘째 이후 영유아 양육비 지원,"출산지원금(첫째 50, 둘째 100, 셋째 500, 넷째 이상 1,000만원)
둘째 이후 영유아 양육비 (만 3세까지 매달 10만원)",복지/문화,기획예산담당관,충청남도,해당 없음 | 0013010 | 0049010,청년,만 0세 ~ 만 0세,,,해당 없음,소득조건코드=0043001 / 소득범위=0~0,,"출산지원금(첫째 50, 둘째 100, 셋째 500, 넷째 이상 1,000만원)
둘째 이후 영유아 양육비 (만 3세까지 매달 10만원)",        ,        ,해당 없음,행복출산통합신고서,출생신고 시 일괄 접수,https://youth.chungnam.go.kr/web/main/customSupp/M040-06/view?bizId=A20260401LC000000000003101,main,primary,서산시출산지원금및둘째이후영유아양육비지원,기획예산담당관,,금융･복지･문화,취약계층 및 금융지원
youth,20260504005400213036,청년의 날 행사,"청년의 날 특별 프로그램 및 행사 등을 진행하여 청년의 날을 기념, 문화 경험 제공",복지/문화,경제산업과,전국,해당없음 | 0013010 | 0049010,"누구나,청년",만 18세 ~ 만 39세,18,39,해당없음,소득조건코드=0043001 / 소득범위=0~0,,"청년의 날에 토크콘서트, 플리마켓, 다양한 부스 운영 등 청년 친화적 문화 경험을 제공",20260901 ~ 20260930,20260930,해당없음,해당없음,별도 신청 절차 없이 청년의 날 행사에 참여 가능,https://youth.chungnam.go.kr/web/main/customSupp/M060-11/view?bizId=A20260401LC000000000003102,main,primary,청년의날행사,경제산업과,20260901 ~ 20260930~20260930,금융･복지･문화,문화활동 및 생활지원
youth,20260504005400213035,홍성 4-H회 활동 지원,청년농업인 역량 강화 교육,복지/문화,농업기술센터,전국,해당 없음 | 0013010 | 0049010,청년,만 19세 ~ 만 39세,19,39,해당 없음,소득조건코드=0043001 / 소득범위=0~0,,"4-H 과제교육, 리더십 및 농업 역량 강화 교육",20260201 ~ 20261231,20261231,해당 없음,해당 없음,해당 없음,https://youth.chungnam.go.kr/web/main/customSupp/M050-07/view?bizId=A20260401LC000000000003103,main,primary,홍성4h회활동지원,농업기술센터,20260201 ~ 20261231~20261231,금융･복지･문화,문화활동 및 생활지원
youth,20260504005400213034,서산시 대학생 아르바이트 운영,"- 대학생 일자리 제공을 통한 행정업무 체험 및 시정 홍보
- 봉사와 근로를 통한 건전한 가치관을 지닌 인재 육성",인력/일자리,자치행정국,충청남도,"만 19세 이상 대학생 | 0013009 | 0049005,0049006",청년,만 0세 ~ 만 0세,,,만 19세 이상 대학생,소득조건코드=0043001 / 소득범위=0~0,,직무교육 및 근무 기회 제공,20260701 ~ 20260831,20260831,만 19세 이상 대학생,"신청서, 개인정보 수집 및 이용 동의서, 주민등록초본, 재(휴학) 증명서 및 기타 증빙서류",내부계획 수립 및 모집공고 게시 후 신청자 접수,https://youth.chungnam.go.kr/web/main/customSupp/M030-01/view?bizId=A20260401LC000000000003107,main,primary,서산시대학생아르바이트운영,자치행정국,20260701 ~ 20260831~20260831,일자리,취업
youth,20260504005400213033,홍성 대학 4-H회 과제 교육,"도시 출신자가 대부분인 대학교 4-H회원들의 지역 소속감 부족, 농촌·농업에 대한 이해도 저하 상황 해소하기 위해 교육 행사 참여 유도",복지/문화,농업기술센터,전국,해당 없음 | 0013010 | 0049005,청년,만 19세 ~ 만 39세,19,39,해당 없음,소득조건코드=0043001 / 소득범위=0~0,,"혜전대학교 4-H회(동아리) 홍보 및 활성화, 역량 강화 교육, 각종 홍성군 4-H회 연계 교육 행사 참여 지원",20260301,20261231,해당 없음,해당 없음,해당 없음,https://www.youthcenter.go.kr/youthPolicy/ythPlcyTotalSearch/ythPlcyDetail/20260504005400213033,main,primary,홍성대학4h회과제교육,농업기술센터,20260301~20261231,금융･복지･문화,문화활동 및 생활지원
youth,20260504005400213032,아산시 쉼표청년 지원사업,고립·은둔 청년의 사회 복귀 및 자립을 지원하기 위한 단계별 맞춤형 프로그램 운영,복지/문화,일자리경제과,충청남도,"검사 결과 전문 상담 등이 필요하다고 판단되는 경우, 본 사업 대상에서는 제외하고 전문기관으로 안내 | 0013003 | 0049010",청년,만 18세 ~ 만 34세,18,34,아산시에 거주하는 만 18~34세 청년 3개월 이상 ‘쉼’ 상태에 있는 청년(최근 3개월 이상 구직·경제활동을 하지 않은 경우),소득조건코드=0043001 / 소득범위=0~0,,"힐링 프로그램, 일경험 연계, 취업 준비 지원 및 청년내일카드 지원",20260202 ~ 20260831,20260831,아산시에 거주하는 만 18~34세 청년 3개월 이상 ‘쉼’ 상태에 있는 청년(최근 3개월 이상 구직·경제활동을 하지 않은 경우),"건강보험자격득실확인서, 고용보험 자격이력내역서","청년아지트 나와유 홈페이지 신청 →검사 링크 발송 → 건강보험자격득실확인서, 고용보험 자격이력내역서 확인 → 쉼표 청년 참여",https://www.asan.go.kr/naeil/page/?page=commayouth,main,primary,아산시쉼표청년지원사업,일자리경제과,20260202 ~ 20260831~20260831,금융･복지･문화,취약계층 및 금융지원
youth,20260504005400213031,아산시 청년정책조정위원회 운영,청년정책 심의·의결,복지/문화,일자리경제과,충청남도,해당없음 | 0013010 | 0049010,"누구나,청년",만 18세 ~ 만 39세,18,39,거주·생활권이 아산시 만 18세 ~ 39세 이하 지역 청년 및 청년 정책에 관한 학식과 전문성을 보유한 자,소득조건코드=0043001 / 소득범위=0~0,,해당없음,20260101,20261231,거주·생활권이 아산시 만 18세 ~ 39세 이하 지역 청년 및 청년 정책에 관한 학식과 전문성을 보유한 자,해당없음,해당없음,https://youth.chungnam.go.kr/web/main/customSupp/M060-10/view?bizId=A20260402LC000000000003161,main,primary,아산시청년정책조정위원회운영,일자리경제과,20260101~20261231,금융･복지･문화,문화활동 및 생활지원
youth,20260504005400213030,아산시 청년 재무상담 서비스 「영앤리치」,"청년의 실용적이고 체계적인 자산 형성과 건전한 소비 습관을 위해 재무 진단 상담, 소득‧지출 관리에 대한 전문가 1:1 재무 컨설팅 지원",교육/멘토링,일자리경제과,충청남도,해당없음 | 0013010 | 0049010,"누구나,청년",만 18세 ~ 만 39세,18,39,아산시를 생활권으로 하는 18~39세 청년,소득조건코드=0043001 / 소득범위=0~0,,1:1 맞춤형 재무상담 컨설팅 제공/1인당 최대 2회(회당 90분),20260201,20261130,아산시를 생활권으로 하는 18~39세 청년,"신청서 1부 / 등본, 초본, 학생증 사본, 재직 증명 자료 중 택1",신청서 및 증빙서류 이메일 제출,https://youth.chungnam.go.kr/web/main/customSupp/M040-06/view?bizId=A20260402LC000000000003165,main,primary,아산시청년재무상담서비스영앤리치,일자리경제과,20260201~20261130,교육･직업훈련,미래역량강화
youth,20260504005400213029,서산시 청년농어업인 행복바우처 지원사업,청년농업인 문화.복지 증진 등 삶의 질 향상을 위하여 행복바우처 지원,복지/문화,농업정책과,충청남도,"서산시에 주민등록 주소만 두고 있는 학생, 직장인 등,
유사 복지서비스 수혜자 | 0013008 | 0049010",청년,만 18세 ~ 만 45세,18,45,해당없음,소득조건코드=0043003 / 소득범위=0~0 / 농외소득 3천7백만원 이상인 자 제외,,1인당 20만원,20260101,20261231,해당없음,"신청서, 개인신용정보의 수집 등 동의서, 주민등록등초본, 농어업경영체 등록 확인서, 연간 소득 확인 서류",읍면동 행정복지센터 방문 신청,https://youth.chungnam.go.kr/web/main/customSupp/M060-09/view?bizId=A20260402LC000000000003158,main,primary,서산시청년농어업인행복바우처지원사업,농업정책과,20260101~20261231,금융･복지･문화,문화활동 및 생활지원
youth,20260504005400213028,아산시 청년 마음상담 서비스 토닥토닥,다양한 문제로 걱정과 고민을 안고 있는 청년들에게 마음상담 서비스를 제공하여 청년의 일상 회복을 지원,복지/문화,일자리경제과,충청남도,해당없음 | 0013010 | 0049010,"누구나,청년",만 18세 ~ 만 39세,18,39,2026년 신규 신청자 우선 선정,소득조건코드=0043001 / 소득범위=0~0,,전문 심리 상담가 개별상담 진행/1인당 최대 7회,20260223,20261231,"2026년 신규 신청자 우선 선정

총사업비 범위 내에서 상담 회기 및 참여 인원을 탄력적으로 운영하며, 예산 소진 시까지 추진",해당없음,상담신청 ▷ 사전검사 및 상담 희망 내용 작성 ▷ 상담사 배정 ▷ 초기상담(1회기) ▷ 상담 진행 여부 결정 ▷ 상담진행(6회기) ▷ 만족도조사,https://www.asan.go.kr/naeil/regular_programs/?m_mode=view&pds_no=2026022115223850152,main,primary,아산시청년마음상담서비스토닥토닥,일자리경제과,20260223~20261231,금융･복지･문화,건강
youth,20260504005400213027,서산시 청년농 미디어커머스 지원,청년농에 미디어커머스를 활용한 온라인 콘텐츠 제작·홍보 지원,복지/문화,농식품유통과,청년정책과,최근 3년간 정당한 사유없이 사업 중도 포기한 자 | 0013008 | 0049010,청년,만 18세 ~ 만 44세,18,44,"만18세 이상 ~ 만45세 미만(1981.1.2. ~ 2008.1.1. 출생자)
관내 주소 및 경영체 등록된 만45세 미만 청년농업인
관내에서 직접 생산한 1차 농산물 및 가공품 대상",소득조건코드=0043001 / 소득범위=0~0,,"방송 제작 및 송출, 물류·포장재 구입 등 지원",20251124 ~ 20261212,20261231,"만18세 이상 ~ 만45세 미만(1981.1.2. ~ 2008.1.1. 출생자)
관내 주소 및 경영체 등록된 만45세 미만 청년농업인
관내에서 직접 생산한 1차 농산물 및 가공품 대상","사업신청서, 사업계획서, 경영체등록증, 매출액 증빙자료 등",신청기간 내 읍·면·동 행정복지센터에 신청,https://youth.chungnam.go.kr/web/main/customSupp/M060-09/view?bizId=A20260402LC000000000003155,main,primary,서산시청년농미디어커머스지원,농식품유통과,20251124 ~ 20261212~20261231,금융･복지･문화,예술인지원
youth,20260504005400213026,서산시 임신축하금 지원,임신축하금 지원,복지/문화,건강증진과,충청남도,"신청일 이전부터 서산시에 주민등록 3개월 거주한 서산시보건소 등록 임산부(※ 출산 후 신청불가)
서산시보건소 등록 임산부 | 0013010 | 0049010",청년,만 0세 ~ 만 0세,,,"신청일 이전부터 서산시에 주민등록 3개월 거주한 서산시보건소 등록 임산부(※ 출산 후 신청불가)
서산시보건소 등록 임산부",소득조건코드=0043001 / 소득범위=0~0,,신청일 이전부터 서산시에 주민등록 3개월 거주한 서산시보건소 등록 임산부(※ 출산 후 신청불가),20260101 ~ 20261231,20261231,"신청일 이전부터 서산시에 주민등록 3개월 거주한 서산시보건소 등록 임산부(※ 출산 후 신청불가)
서산시보건소 등록 임산부","주민등록등·초본, 산모수첩 또는 임신확인서, 통장사본(임산부)",보건소 방문 신청,https://youth.chungnam.go.kr/web/main/customSupp/M040-06/view?bizId=A20260402LC000000000003157,main,primary,서산시임신축하금지원,건강증진과,20260101 ~ 20261231~20261231,금융･복지･문화,취약계층 및 금융지원
youth,20260504005400213025,청년이 일하기 좋은 청년친화적 기업 지원,재직 청년들이 지역에서 함께 성장・정주・동행할 수 있도록 지속적으로 청년친화적 기업 문화 확산 촉진,인력/일자리,청년정책과,전국,천안형 청년친화기업 9개사 및 재직 청년 | 0013001 | 0049010,청년,만 18세 ~ 만 39세,18,39,천안형 청년친화기업 9개사 및 재직 청년,소득조건코드=0043001 / 소득범위=0~0,,청년친화기업 재직 청년들의 재직자 커뮤니티 활성화 및 역량강화를 위한 자기개발 지원,20260101,20261231,천안형 청년친화기업 9개사 및 재직 청년,기업별 상이,기업별 상이,https://youth.chungnam.go.kr/web/main/customSupp/M030-01/view?bizId=A20260402LC000000000003164,main,primary,청년이일하기좋은청년친화적기업지원,청년정책과,20260101~20261231,일자리,재직자
youth,20260504005400213024,아산시 청년위원회 운영,"청년이 만들어가는 아산’실현을 위해 대표 청년 소통 기구인 청년위원회를 구성, 현장 의견 수렴 및 청년정책 제안을 통해 청년의 시정 참여 확대",복지/문화,일자리경제과,충청남도,"- 타 지역(기초자치단체) 청년참여기구에 중복 가입되어 있는 자
- 특정 정당 가입 및 후보의 지지/지원 등 정치 활동을 목적으로 하는 자
- 특정 종교의 교리 전파를 목적으로 하는 자
- 특정 개인 또는 단체의 이익이나 영리를 목적으로 하는 자 
- 과거 청년위원회 활동 임기 내 해촉 및 회의 출석률이 70% 미만인 자 | 0013010 | 0049010",청년,만 19세 ~ 만 39세,19,39,공고일 기준 아산시 거주 청년 및 생활권(대학교·직장·개인사업장 등)이 아산인 만 18세 ~ 39세 이하 청년,소득조건코드=0043001 / 소득범위=0~0,,"위원회 회의, 워크샵 등",20251212 ~ 20260107,20280311,공고일 기준 아산시 거주 청년 및 생활권(대학교·직장·개인사업장 등)이 아산인 만 18세 ~ 39세 이하 청년,"신청서, 지원 분과별 서류, 개인정보 수집이용 동의서, 
해촉 동의서, 주소지‧생활권 증빙자료",신청서 및 기타증빙서류 이메일 제출,https://youth.chungnam.go.kr/web/main/customSupp/M060-10/view?bizId=A20260402LC000000000003162,main,primary,아산시청년위원회운영,일자리경제과,20251212 ~ 20260107~20280311,금융･복지･문화,문화활동 및 생활지원
youth,20260504005400213023,아산시 독서커뮤니티 시트러스,책을 읽고 다양한 생각을 나누며 독서를 통해 새로운 경험과 삶의 감도를 높일 수 있도록 지원하는 청년 독서 모임 프로그램,복지/문화,일자리경제과,충청남도,해당없음 | 0013010 | 0049010,"누구나,청년",만 18세 ~ 만 39세,18,39,해당없음,소득조건코드=0043001 / 소득범위=0~0,,"도서 기반 프로그램 제공, 참여자 간 교류 및 소통 활동 지원",20260101 ~ 20261231,20261231,해당없음,참여신청서,홈페이지 공개모집,https://www.asan.go.kr/naeil/page/?page=050300,main,primary,아산시독서커뮤니티시트러스,일자리경제과,20260101 ~ 20261231~20261231,금융･복지･문화,문화활동 및 생활지원
youth,20260504005400213022,아산시 청년 생활물품 대여,청년의 주거와 생활안정,복지/문화,일자리경제과,충청남도,해당없음 | 0013010 | 0049010,"누구나,청년",만 19세 ~ 만 39세,19,39,해당없음,소득조건코드=0043001 / 소득범위=0~0,,"기타 청년생활용품 대여 서비스 지원을 통해 
경제적 분담 완화",20260101,20261231,해당없음,아산시 거주 확인(등초본) 및 관내 대학 재학증명서,온라인 접수,https://www.asan.go.kr/naeil/page/?page=040200,main,primary,아산시청년생활물품대여,일자리경제과,20260101~20261231,금융･복지･문화,취약계층 및 금융지원
youth,20260504005400213021,아산시 2026년 청년 취업아카데미,장기 미취업자 및 구직 단념자 증가에 따라 취업 의지를 고취하고 취업 역량을 강화하는 프로그램을 단계별로 운영하여 청년 구직 지원 안전망을 구축하고 함,인력/일자리,일자리경제과,충청남도,해당없음 | 0013010 | 0049010,"누구나,청년",만 18세 ~ 만 39세,18,39,해당없음,소득조건코드=0043001 / 소득범위=0~0,,"취업 준비도에 따른‘단계별 맞춤형 프로그램’지원
- 취업스터디, 온라인 컨설팅, 취업역량강화프로그램, 개별 취업상담",20260101,20261231,해당없음,해당없음,홈페이지 통한 신청,https://www.asan.go.kr/naeil/page/?page=sparta,main,primary,아산시2026년청년취업아카데미,일자리경제과,20260101~20261231,일자리,취업
youth,20260504005400213020,서산시 청년 신혼부부 주택 전세자금 대출이자 지원사업,청년 신혼부부의 전세자금 대출이자를 지원하여 주거비 경감을 통한 결혼 및 출산 장려,주거,주택과,충청남도,"부부 중 1명이 만 19~39세
부부합산 기준중위소득 180%이하 | 0013010 | 0049010",청년,만 19세 ~ 만 39세,19,39,"부부 중 1명이 만 19~39세
부부합산 기준중위소득 180%이하","소득조건코드=0043003 / 소득범위=0~0 / 부부 중 1명이 만 19~39세
부부합산 기준중위소득 180%이하",,청년 신혼부부의 전세자금 대출이자를 지원하여 주거비 경감을 통한 결혼 및 출산 장려,20260201,20261231,"부부 중 1명이 만 19~39세
부부합산 기준중위소득 180%이하","신청서, 서약서 및 동의서, 가족관계증명서, 혼인관계증명서, 
임대차계약서, 주택전세자금 대출확인 서류, 세대구성원
소득확인서류, 대출계좌 거래내역서, 지급통장 등",주소지 행정복지센터 방문 신청,https://youth.chungnam.go.kr/web/main/customSupp/M040-05/view?bizId=A20260402LC000000000003154,main,primary,서산시청년신혼부부주택전세자금대출이자지원사업,주택과,20260201~20261231,주거,전월세 및 주거급여 지원
youth,20260504005400213019,아산시 청년아지트 나와유 청년 클래스,청년의 취향과 관심을 반영한 트렌디한 자기계발 프로그램을 운영하여 청년들의 삶의 만족도를 높이고 청년센터 공간을 활성화하고자 하는 프로그램,복지/문화,일자리경제과,충청남도,해당없음 | 0013010 | 0049010,"누구나,청년",만 18세 ~ 만 39세,18,39,해당없음,소득조건코드=0043001 / 소득범위=0~0,,강의 및 체험 활동 참여 기회,20260101,20261231,해당없음,해당없음,홈페이지 공개모집,https://www.asan.go.kr/naeil/program/?m_mode=list,main,primary,아산시청년아지트나와유청년클래스,일자리경제과,20260101~20261231,금융･복지･문화,문화활동 및 생활지원
youth,20260504005400213018,청년 버스 운전자 양성 프로그램,"관내 미취업 청년을 대상으로 버스 운전자 양성과 면허 취득 및 취업 연계 지원을 통해 대중교통 분야 전문 인력을 양성하는 프로그램으로, 청년의 노동시장 진입을 지원하고 지역 운수업계 인력난 해소와 청년 일자리 창출에 기여하고자 추진하는 사업",인력/일자리,청년정책과,전국,"동일 또는 유사 사업 참여 중인 자, 운전면허 취득 및 버스 운전 종사가 불가능한 자 | 0013003 | 0049010",청년,만 20세 ~ 만 39세,20,39,"1,2종 보통 면허 취득 후 1년 이상 경과한자, 신체에 결함이 없는자, 교통법규 위반 이력이 없는 자(음주운전, 난폭운전 등)",소득조건코드=0043001 / 소득범위=0~0,,"버스 운전자 취업을 희망하는 청년을 대상으로 대형면허 취득 및 버스 운전자 양성 교육을 지원하고, 관내 운수업체와 연계한 취업을 지원",20260301 ~ 20261130,20261231,"1,2종 보통 면허 취득 후 1년 이상 경과한자, 신체에 결함이 없는자, 교통법규 위반 이력이 없는 자(음주운전, 난폭운전 등)",해당없음,홈페이지를 통한 신청,https://youth.chungnam.go.kr/web/main/customSupp/M030-01/view?bizId=A20260402LC000000000003169,main,primary,청년버스운전자양성프로그램,청년정책과,20260301 ~ 20261130~20261231,일자리,취업
youth,20260504005400213017,서산시 청년어촌정착지원사업,창업 초기 청년 수산업 경영인의 안정적인 어촌 정착을 지원하여 어촌 이탈을 방지하고 우수한 청년인력의 어촌 유치,주거,해양수산과,충청남도,"만 18세 이상 ~ 40세 미만
25년 건강보험료 중위소득 150% 미만
어업 및 양식업 경력 3년이하의 독립경영자 | 0013008 | 0049010",청년,만 18세 ~ 만 39세,18,39,"만 18세 이상 ~ 40세 미만
25년 건강보험료 중위소득 150% 미만
어업 및 양식업 경력 3년이하의 독립경영자","소득조건코드=0043003 / 소득범위=0~0 / 만 18세 이상 ~ 40세 미만
25년 건강보험료 중위소득 150% 미만",,3년간 매월 어촌정착금 지원,        ,        ,"만 18세 이상 ~ 40세 미만
25년 건강보험료 중위소득 150% 미만
어업 및 양식업 경력 3년이하의 독립경영자",시행지침 참고,접수-심의-면접-선정,https://youth.chungnam.go.kr/web/main/customSupp/M050-08/view?bizId=A20260402LC000000000003153,main,primary,서산시청년어촌정착지원사업,해양수산과,,주거,주택 및 거주지
youth,20260504005400213016,홍성 청년 4-H회원 역량 강화 교육,청년농업인 역량 강화 교육,교육/멘토링,농업기술센터,전국,해당 없음 | 0013010 | 0049010,청년,만 19세 ~ 만 39세,19,39,해당 없음,소득조건코드=0043001 / 소득범위=0~0,,"4-H 과제교육, 리더십 및 농업 역량 강화 교육",20260201 ~ 20261231,,해당 없음,해당 없음,해당 없음,https://www.hongseong.go.kr/farm/,main,primary,홍성청년4h회원역량강화교육,농업기술센터,20260201 ~ 20261231~,교육･직업훈련,미래역량강화
youth,20260504005400213015,아산시 청년정장 대여사업,"사회진입 과정에서 정장이 필요한 청년 대상으로
정장 대여 지원 및 정쟁 구매 부담 완화",인력/일자리,일자리경제과,충청남도,해당없음 | 0013010 | 0049010,"누구나,청년",만 18세 ~ 만 39세,18,39,해당없음　,소득조건코드=0043001 / 소득범위=0~0,,면접⋅하객⋅조문용 정장 무료 대여(1인 연7회),20260101 ~ 20261231,20261231,해당없음,"신분증, 면접 증빙자료, 경⋅조사 증빙서류","① 청년아지트 나와유 홈페이지 정장대여 신청
② 관리자 승인 및 승인 문자 발송
③ 방문예약일에 대여 매장 방문",https://www.asan.go.kr/naeil/page/?page=030100,main,primary,아산시청년정장대여사업,일자리경제과,20260101 ~ 20261231~20261231,일자리,취업
youth,20260504005400213014,아산시 AI-디스플레이 인력양성사업,기업 맞춤형 교육을 통한 전문인력 양성으로 청년 취업 지원,인력/일자리,일자리경제과,일자리경제과,해당없음 | 0013003 | 0049010,"누구나,청년",만 19세 ~ 만 39세,19,39,아산시 거주자,소득조건코드=0043001 / 소득범위=0~0,,직무교육 및 인턴 근무 기회 제공,20260301 ~ 20261231,20261231,아산시 거주자,신청서 등,(사)충남디스플레이산업기업협의회 메일접수,http://www.cdica.or.kr/,main,primary,아산시ai디스플레이인력양성사업,일자리경제과,20260301 ~ 20261231~20261231,일자리,취업
youth,20260504005400213013,청년이어드림(Dream) 지원금,"- 청년들의 정책 참여를 높여 제주형 청년보장제의 빈 공간을 채우는 청년 맞춤형 정책 전달체계
 - (오프라인)
 청년과 정책을 이어주는 1:1 맞춤형 정책 상담 / 1~3단계 운영, 각 단계별 참여시 지원금 지급
 - (온라인)
 청년정책 및 청년소식 전달 제주청년플랫폼 운영",복지/문화,제주청년센터,제주특별자치도,0013010 | 0049010,청년,만 19세 ~ 만 39세,19,39,,소득조건코드=0043001 / 소득범위=0~0,,"청년이어드림 지원사업의 단계별 참여((1단계)정책상담 - (2단계)정책참여 - (3단계)피드백상담)를 완료한 경우 지원금(지역화폐) 지급 
- 정책참여 10~60만원 / 정책미참여 10~40만원",20260101,20261231,,,"- 청년이어드림 플랫폼을 통한 신청
- 회원가입 후 상담 오픈일에 맞춰 선착순 신청
- 상담오픈일 공지사항 별도 공지",https://jejuyouthdream.com/policy/detail/102,main,primary,청년이어드림dream지원금,제주청년센터,20260101~20261231,"금융･복지･문화,금융･복지･문화,금융･복지･문화,금융･복지･문화","예술인지원,문화활동 및 생활지원,건강,취약계층 및 금융지원"
youth,20260504005400213012,전남형 청년창업사관학교,"전라남도는 대학생과 청년들의 우수한 아이디어를 바탕으로 창업기술개발 사업화 지원을 통해 기업 성장 촉진 및 벤처창업 활성화를 위해 「전남형청년창업사관학교」를 운영하고자 지원자를 모집하니 많은
참여 바랍니다.",인력/일자리,전라남도 동부지역본부 일자리투자유치국 중소벤처기업과,전라남도,"0013002,0013006 | 0049010",청년,만 0세 ~ 만 0세,,,"신청자격
  ❍ 아래 요건을 모두 충족해야 신청이 가능하며,
   ① 창업경력 : 예비 또는 5년 이내 창업자
     - 창업 5년 이내 기업은 선정일 기준 창업 5년 전 해당연도*
      * 2021. 1. 1. 이후 창업 기업
   ② 연    령 : 18세 이상 ~ 45세 이하
   ③ 주 소 지 : 전라남도 거주자, 전입 예정자 및 타 시·도 거주자
     - 전라남도 거주자 및 전입 예정자는 평가 시 우대
     ※ 단, 전입 예정자는 선발일 기준 30일 이내 주민등록 주소지를 전라남도로 변경
   ④ 사 무 실 : 전라남도 16개 보육기관(｢참고 1｣)에 입주한 기업
     ※ 각 보육기관 입주 시, 입주사무실에 대한 임대료가 발생할 수 있으며, 임대료는 학생(기업) 직접 부담 원칙임",소득조건코드=0043001 / 소득범위=0~0,,"창업 교육(연 7회 이상), 창업 공간 지원, 전문가 코칭, 창업 비용 지원(월 100만원 최대 24개월)",20260420 ~ 20260515,20280630,"신청자격
  ❍ 아래 요건을 모두 충족해야 신청이 가능하며,
   ① 창업경력 : 예비 또는 5년 이내 창업자
     - 창업 5년 이내 기업은 선정일 기준 창업 5년 전 해당연도*
      * 2021. 1. 1. 이후 창업 기업
   ② 연    령 : 18세 이상 ~ 45세 이하
   ③ 주 소 지 : 전라남도 거주자, 전입 예정자 및 타 시·도 거주자
     - 전라남도 거주자 및 전입 예정자는 평가 시 우대
     ※ 단, 전입 예정자는 선발일 기준 30일 이내 주민등록 주소지를 전라남도로 변경
   ④ 사 무 실 : 전라남도 16개 보육기관(｢참고 1｣)에 입주한 기업
     ※ 각 보육기관 입주 시, 입주사무실에 대한 임대료가 발생할 수 있으며, 임대료는 학생(기업) 직접 부담 원칙임","제출 서류 : 11종
 ❍ 예비창업자 : ① ~ ⑦ 모두
 ❍ 5년 이내 창업자 : ① ~ ⑨ 모두와 추가서류 제출

필수서류(공통)
① 전남형 청년창업사관학교 사업신청서(서식2)
② 주민등록등본 또는 초본 원본 및 신분증 사본** 주민등록증, 운전면허증, 여권
③ 국세 및 지방세 완납증명서 각 1매
④ 사업계획서* 인쇄물(A4 기준 10매 내외) 1부 및파일(PDF 등)
   * 전남형 청년창업사관학교 벤처창업 사업계획서(서식3)
⑤ 개인·기업 (신용)정보 수집‧이용‧제공‧조회동의서 1부(서식4) 및 서약서(서식5)
⑥ 건강보험자격확인서
⑦ 사업자등록사실여부
   * 단, 과거 창업 사실이 있는 경우 총사업자등록내역 제출

5년 이내창업자(추가)서류는 공고를 참고
  ※ 제출서류는 발급일이 공고일 이후(공고일 포함) 발급된 증명서만 인정","온라인 신청
   - 온라인 : 회원가입 후 제출서류 업로드(https://jnchangup.ezwel.com)
     ※ 온라인 신청 시 각 서류는 PDF 파일로 변환(스캔 등)하여 업로드

   - 입주 희망 보육기관 : 1순위, 2순위, 3순위까지 기재 필요
     ※ 보육기관 선정규모, 보육기관 전문성 등을 고려하여 배정되므로 신중한 선택필요",https://www.jeonnam.go.kr/J0203/boardView.do?seq=23864&infoReturn=&menuId=jeonnam0203000000&displayHeader=&searchType=0&searchText=%EC%B2%AD%EB%85%84&searchStDate=&searchEnDate=&pageIndex=1&boardId=J0203&displayHeader=,main,primary,전남형청년창업사관학교,전라남도동부지역본부일자리투자유치국중소벤처기업과,20260420 ~ 20260515~20280630,일자리,창업
youth,20260504005400213011,[6월 1일 10:00 오픈예정] 2026년 구직청년 자격증 취득지원 사업(5월 접수마감),구직활동에 필요한 어학(능력)·자격증 시험 응시료 지원,인력/일자리,광주시청,광주광역시,0013010 | 0049010,청년,만 19세 ~ 만 39세,19,39,,소득조건코드=0043001 / 소득범위=0~0,,"❍ 지원내용 : 자격증 응시료 인당 10만원 내 연 1개 시험 응시료 지원
     ※ 단계별 시험(필기,실기 등)은 명칭과 상관 없이 합산 신청 가능(개별 신청하여 지급 완료 시, 당해 연도 추가 신청 및 소급 지원 불가)

❍ 지원분야
  - 한국사 및 어학능력시험 : 국사편찬위원회 주관 한국사 시험 및 어학능력시험 20종 
  - 국가기술자격증 : 「국가기술자격법」시행규칙 별표2에 따른 국가기술자격증
  - 국가전문자격증 : 한국산업인력공단(Q-net) 국가자격 종목별 상세정보 참고 /*자동차운전면허 제외
  - 국가공인자격증 : 민간자격정보서비스에 등록된 &apos;공인&apos;자격증 /* 민간자격정보서비스 상의 구분이 &quot;부분공인&quot;이라면 국가공인 등급(급수) 취득 및 해당 성적 달성 시에 한하여 지원 가능 /* 민간자격정보서비스 상의 구분이 &quot;등록&quot;이라면 지원 제외 ",20260504,20260531,,"1. 주민등록표 초본: 신청월 발급본, 발생일/신고일 포함, 마지막장까지 제출
2. 건강보험 자격득실 확인서: 신청월 발급본, 발급시 조회 조건 전체
*건강보험 자격득실 확인서 가입자구분이 구분없음일 때 고용보험자격이력내역서로 대체 제출
3. 응시사실 증명서류: 응시 확인서 또는 성적표
*성명, 응시일, 자격종목(명) 등 확인할 수 있는 서류(시험 접수증, 수험표 불인정)
*민간자격정보서비스상 구분이 ‘부분공인’인 종목은 국가공인 자격증 사본 또는 공인 등급이 명시된 성적표 제출 
4. 결제영수증
*결제 금액, 일시, 승인번호, 거래처 등이 포함된 영수증(시험 사이트에서 발급된 영수증 불인정)
5. 통장 사본: 은행명, 성명, 계좌번호 표기

※ 서류 보완이 필요한 경우, 보완 요청을 할 수 있음(기한 내(보완요청일 기준 3일) 미제출시 부적격처리)",시험 응시 → 광주청년통합플랫폼 접수 → 제출 서류 확인 (자격심사 및 중복지원여부 조회) → 선정안내 및 만족도조사 → 지원금 지급,https://youth.gwangju.go.kr/www/50?siteId=www&policyId=1358&url=%2Fwww%2Fpolicy%2FgjYgPolicyView,main,primary,6월1일1000오픈예정2026년구직청년자격증취득지원사업5월접수마감,광주시청,20260504~20260531,일자리,취업
youth,20260430005400213010,청년성장프로젝트,미취업 청년 등에게 청년 친화적 인프라 및 맟춤형 프로그램 제공,인력/일자리,지역경제과,전국,해당없음 | 0013003 | 0049010,"누구나,청년",만 15세 ~ 만 34세,15,34,해당없음,소득조건코드=0043001 / 소득범위=0~0,,"지역사회 중심의 다양한 프로그램 제공, 청년고용정책 연계",20260101,20261231,해당없음,해당없음,온라인(구글폼) 등 신청,https://youth.chungnam.go.kr/web/main/customSupp/M030-02/view?bizId=A20260403LC000000000003175,main,primary,청년성장프로젝트,지역경제과,20260101~20261231,일자리,취업
youth,20260430005400113009,청년내일저축계좌,"근로빈곤층 청년의 생계수급자 등으로의 하락을 사전에 예방하고, 일하는 중간계층 청년이 사회에 안착할 수 있도록 자산형성을 지원합니다.",복지/문화,보건복지부,전국,0013010 | 0049010,청년,만 15세 ~ 만 40세,15,40,"□ 연령·소득기준·가구소득 3가지를 모두 충족한 청년을 지원합니다.
1. 가입연령 : 신청 당시 만 15세~만 39세
※ 신청 월의 전월에 만 15세가 된 자 ~ 신청 월에 만 40세가 되는 자
2. 근로·사업소득 : 근로, 사업소득이 월 10만원 이상 발생
3. 가구소득 : 소득인정액 기준 중위소득 100% 이하","소득조건코드=0043003 / 소득범위=0~0 / 근로, 사업 소득이 월 10만원 이상 발생, 가구소득이 소득인정액 기준 중위소득 50% 이하",,"□ 매월 본인 저축 납입자에 한하여 본인저축액 10만원 이상(매월 전월 23일 ~ 현월 22일 입금마감일 이전) 대비 정부지원금을 정액 매칭합니다.
 ○ 중위소득 50%초과 ~ 100%이하: 10만원 정액 매칭
 ○ 중위소득 50%이하: 30만원 정액 매칭(3년간 통장유지, 근로활동 지속, 교육이수, 자금사용계획서 제출시 적립금 전액 지급)

□ 정책대상별 추가지원금(근로소득공제금(생계급여 수급 청년), 탈수급장려금, 내일키움장려금, 내일키움수익금 등) 지급이 가능합니다. 
",20260504 ~ 20260520,        ,"□ 연령·소득기준·가구소득 3가지를 모두 충족한 청년을 지원합니다.
1. 가입연령 : 신청 당시 만 15세~만 39세
※ 신청 월의 전월에 만 15세가 된 자 ~ 신청 월에 만 40세가 되는 자
2. 근로·사업소득 : 근로, 사업소득이 월 10만원 이상 발생
3. 가구소득 : 소득인정액 기준 중위소득 100% 이하",※첨부파일 참고,"□ 읍면동 주민센터 방문접수 및 복지로(www.bokjiro.go.kr)를 통한 온라인 신청이 가능합니다.
 ○ 복지로 온라인 신청 경로: 복지로 로그인 > 서비스 신청 > 복지서비스 신청 > 복지급여 신청 > 저소득층 > 자산형성지원(청년내일저축계좌)
 ○ 주소지가 아니더라도, 동일 시군구내 모든 주민센터에서 접수 가능",https://hope.welfareinfo.or.kr/main/main.do,main,primary,청년내일저축계좌,보건복지부,20260504 ~ 20260520~,금융･복지･문화,취약계층 및 금융지원
youth,20260430005400213008,아산시 지역우수인재 고용촉진사업,"협약 체결 후, 지역 청년 채용일로부터 6개월 이상 고용 유지 중인 기업에 청년 1인당 360만원 고용인센티브 지급(매년 최대 2명)",인력/일자리,일자리경제과,충청남도,해당없음 | 0013010 | 0049010,"누구나,청년",만 0세 ~ 만 35세,,35,해당없음　,소득조건코드=0043001 / 소득범위=0~0,,"협약 체결 후, 지역 청년 채용일로부터 6개월 이상 고용 유지 중인 기업에 청년 1인당 360만원 고용인센티브 지급(매년 최대 2명)",20260101 ~ 20261231,20261231,해당없음,전자우편,전자우편,https://youth.chungnam.go.kr/web/main/customSupp/M030-01/view?bizId=A20260403LC000000000003176,main,primary,아산시지역우수인재고용촉진사업,일자리경제과,20260101 ~ 20261231~20261231,일자리,취업
youth,20260430005400213007,청년도전지원사업,"구직단념청년 등을 대상으로 맞춤형 프로그램 제공하여 청년의 구직의욕 고취, 노동시장 참여 촉진 지원",인력/일자리,지역경제과,전국,해당없음 | 0013003 | 0049010,"누구나,청년",만 18세 ~ 만 34세,18,34,해당없음　,소득조건코드=0043001 / 소득범위=0~0,,"밀착상담, 사례관리, 진로탐색 등 맞춤형 프로그램 지원",20260101,20261231,해당없음,해당없음,고용24 홈페이지를 통한 온러인 등 신청,https://www.dangjin.go.kr/narae.do,main,primary,청년도전지원사업,지역경제과,20260101~20261231,일자리,취업
youth,20260430005400213006,청년창업가 입주공간 제공,청년 창업가에 사무공간 지원,인력/일자리,지역경제과,전국,해당없음 | 0013006 | 0049010,"누구나,청년",만 19세 ~ 만 39세,19,39,해당없음　,소득조건코드=0043001 / 소득범위=0~0,,"사무공간, 제품고도화, 홍보마케팅, 컨설팅 등",        ,        ,해당없음,공고문 참조,담당자 이메일 접수,https://youth.chungnam.go.kr/web/main/customSupp/M030-03/view?bizId=A20260403LC000000000003173,main,primary,청년창업가입주공간제공,지역경제과,,일자리,창업
youth,20260430005400213005,창의융합형 인재육성 사업,4차 산업혁명에 발맞춘 첨단 장비 및 미디어 인재 육성,인력/일자리,지역경제과,전국,해당없음 | 0013010 | 0049010,"누구나,청년",만 18세 ~ 만 39세,18,39,프로그램 별도 확인,소득조건코드=0043001 / 소득범위=0~0,,"정나영 주무관(041-350-4053)
스튜디오 등 장비 대여, 교육 프로그램 운영",20260101,20261231,프로그램 별도 확인,해당없음,"온라인, 오프라인 신청",https://youth.chungnam.go.kr/web/main/customSupp/M030-02/view?bizId=A20260406LC000000000003181,main,primary,창의융합형인재육성사업,지역경제과,20260101~20261231,일자리,취업
youth,20260430005400213004,청년농업인 후원결연 멘토링 지원 시범,현장 실습교육비 지원,인력/일자리,농촌진흥과,전국,해당없음 | 0013010 | 0049010,"농업인,누구나,청년",만 18세 ~ 만 45세,18,45,해당없음　,소득조건코드=0043001 / 소득범위=0~0,,정착지원금 지원,20260201 ~ 20260215,20261130,해당없음,시범사업 서류 작성,당진시 농업기술센터 방문,https://youth.chungnam.go.kr/web/main/customSupp/M050-07/view?bizId=A20260406LC000000000003182,main,primary,청년농업인후원결연멘토링지원시범,농촌진흥과,20260201 ~ 20260215~20261130,일자리,취업
youth,20260430005400213003,청년농업인 국제농업연수,국외 연수비 지원,인력/일자리,농촌진흥과,전국,해당없음 | 0013010 | 0049010,"농업인,누구나,청년",만 18세 ~ 만 45세,18,45,해당없음　,소득조건코드=0043001 / 소득범위=0~0,,국제 농업연수 지원,20260201 ~ 20260315,20261130,해당없음,시범사업 서류 작성,당진시 농업기술센터 방문,https://youth.chungnam.go.kr/web/main/customSupp/M050-07/view?bizId=A20260406LC000000000003183,main,primary,청년농업인국제농업연수,농촌진흥과,20260201 ~ 20260315~20261130,일자리,취업
youth,20260430005400213002,청년농업인 육성 종합체계 구축,청년농업인 화합 행사 등 활동비 지원,인력/일자리,농촌진흥과,전국,해당없음 | 0013010 | 0049010,"농업인,누구나,청년",만 18세 ~ 만 45세,18,45,해당없음　,소득조건코드=0043001 / 소득범위=0~0,,당진시 청년농업인 전체대상 및 학생 4-H 대상 활동비 지원 등,20260301,20261231,해당없음,시범사업 서류 작성,당진시 농업기술센터 방문,https://youth.chungnam.go.kr/web/main/customSupp/M050-07/view?bizId=A20260406LC000000000003184,main,primary,청년농업인육성종합체계구축,농촌진흥과,20260301~20261231,일자리,취업
youth,20260430005400213001,청년 셰어하우스 운영,무주택 청년타운 관외 입주자 및 스마트팜 청년창업농에 주거 지원,주거,지역경제과,전국,해당없음 | 0013010 | 0049010,"누구나,청년",만 18세 ~ 만 39세,18,39,해당없음,소득조건코드=0043001 / 소득범위=0~0,,주거 지원(10호실 운영),20260101,20261231,해당없음,공유재산 사용수익허가 신청서 등 관련 사업 참조,입주신청서 제출,https://youth.chungnam.go.kr/web/main/customSupp/M040-05/view?bizId=A20260406LC000000000003187,main,primary,청년셰어하우스운영,지역경제과,20260101~20261231,주거,주택 및 거주지
youth,20260430005400213000,청년 취·창업 활성화 지원 사업,청년의 취업 및 창업을 위한 교육 프로그램 등 제공,인력/일자리,지역경제과,전국,"해당없음 | 0013003,0013006 | 0049010","누구나,청년",만 19세 ~ 만 39세,19,39,해당없음,소득조건코드=0043001 / 소득범위=0~0,,"모의 창업 스쿨, 멘토 특강 등 역량강화 교육",        ,        ,해당없음,해당없음,구글 폼 등 온라인 신청,https://youth.chungnam.go.kr/web/main/customSupp/M030-02/view?bizId=A20260406LC000000000003180,main,primary,청년취창업활성화지원사업,지역경제과,,일자리,취업
youth,20260430005400212999,청년 취업지원 프로그램 운영,지역 기업 수요 맞춤 인재 육성으로 취업시장 경쟁력 확보,인력/일자리,지역경제과,전국,해당없음 | 0013010 | 0049010,"누구나,청년",만 18세 ~ 만 39세,18,39,해당없음,소득조건코드=0043001 / 소득범위=0~0,,취업 역량 강화 및 자격증 취득 지원,        ,        ,해당없음,해당없음,수시,https://youth.chungnam.go.kr/web/main/customSupp/M030-02/view?bizId=A20260406LC000000000003186,main,primary,청년취업지원프로그램운영,지역경제과,,일자리,취업
youth,20260430005400212998,청년 창업농 주거지원 사업,스마트팜 청년농 주거비 경감으로 당진시에 안정적 정착 지원,인력/일자리,농업정책과,전국,해당없음 | 0013008 | 0049010,"누구나,청년",만 18세 ~ 만 39세,18,39,해당없음　,소득조건코드=0043001 / 소득범위=0~0,,월세 및 전세자금 대출이자 지원(월 최대 50만원) / 융자 추천,20260101,20261231,해당없음,"신청서(첨부서류 포함), 서약서",개별신청(신청서 및 기타첨부서류,https://youth.chungnam.go.kr/web/main/customSupp/M050-08/view?bizId=A20260406LC000000000003188,main,primary,청년창업농주거지원사업,농업정책과,20260101~20261231,일자리,취업
youth,20260430005400212997,청년창업농 임대형 스마트팜 운영,"❍ 영농 경험이 부족한 청년에게 스마트팜을 대부하여 시설 운영 및 재배기술 습득과 창업 기반 제공
❍ 교육·실습 중심의 스마트팜 운영으로 청년농업인의 재배 역량을 단계적 향상 지원",인력/일자리,농업기술과,전국,"해당없음 | 0013003,0013005,0013006,0013007,0013008 | 0049010","누구나,청년",만 18세 ~ 만 44세,18,44,해당없음,소득조건코드=0043001 / 소득범위=0~0,,임대형 스마트팜 장기 임대(3년) 및 영농 지원,20260223 ~ 20260313,20261231,해당없음,"대부신청서, 영농계획서 등",서류 지참 후 방문신청,https://youth.chungnam.go.kr/web/main/customSupp/M050-07/view?bizId=A20260406LC000000000003185,main,primary,청년창업농임대형스마트팜운영,농업기술과,20260223 ~ 20260313~20261231,일자리,취업
youth,20260430005400212995,청년창업농 디딤돌 사업,청년농업인 영농․정착 지원금,인력/일자리,농촌진흥과,전국,해당없음 | 0013010 | 0049010,"누구나,청년",만 18세 ~ 만 45세,18,45,해당없음,소득조건코드=0043001 / 소득범위=0~0,,정착지원금 지원,20260201 ~ 20260315,        ,해당없음,시범사업 서류 작성,당진시 농업기술센터 방문,https://youth.chungnam.go.kr/web/main/customSupp/M050-07/view?bizId=A20260406LC000000000003189,main,primary,청년창업농디딤돌사업,농촌진흥과,20260201 ~ 20260315~,일자리,취업
youth,20260430005400212993,천안시 일자리종합지원센터 운영,구인정보 및 구직정보 제공 및 구인기업과 구직자 취업알선,인력/일자리,청년정책과,충청남도,제한 없음 | 0013010 | 0049010,"누구나,청년",만 0세 ~ 만 0세,,,해당없음,소득조건코드=0043001 / 소득범위=0~0,,구인정보 및 구직정보 제공 및 구인기업과 구직자 취업알선,20260101,20261231,해당없음,"구직신청 : 신분증, 구직신청서
구인신청 : 구인신청서, 사업자등록증 사본, 신청인 재직증명서, 계약서",방문상담 및 전화상담(041-568-9002~6),https://www.cheonan.go.kr/job.do,main,primary,천안시일자리종합지원센터운영,청년정책과,20260101~20261231,일자리,취업
youth,20260430005400212992,청년일자리 창출을 위한 민관학 협력네트워크「청춘동행」 운영,기업의 인력수요와 대학의 인재공급을 유기적으로 연결하는 민-관-학 협력네트워크 구축으로 청년일자리 창출 도모,인력/일자리,청년정책과,전국,제한없음 | 0013010 | 0049010,청년,만 0세 ~ 만 0세,,,"천안시 소재 지역대학 및 유관기관, 단체, 지역우수기업, 직업계고교 등",소득조건코드=0043001 / 소득범위=0~0,,청년일자리창출을 위한 민관학협력네트워크 구성 및 구체적 협력 방안 도출 논의 등,20260101,20261231,"천안시 소재 지역대학 및 유관기관, 단체, 지역우수기업, 직업계고교 등",해당 없음,해당 없음,https://youth.chungnam.go.kr/web/main/customSupp/M030-01/view?bizId=A20260415LC000000000003192,main,primary,청년일자리창출을위한민관학협력네트워크청춘동행운영,청년정책과,20260101~20261231,일자리,취업
youth,20260430005400212990,충청남도 전국청년축제 개최,"제2차 청년친화도시로 선정된 공주시에서 개최되는 전국 단위 청년 축제입니다. 청년의 달인 9월중 1일 기간동안 개최 예정입니다. 참석을 희망하는 전국 청년 누구나 공주시에 방문해 공주시 역사문화자원을 경험하고, 청년중심 문화를 확산할 수 있는 소통의 장에 참여할 수 있습니다.",복지/문화,청년인구정책과,전국,제한없음 | 0013010 | 0049010,청년,만 0세 ~ 만 0세,,,제한없음,소득조건코드=0043001 / 소득범위=0~0,,"옥외 행사(축제)(1일)
- 전국 청년 대상 문화 공연, 청년포럼, 
-청년 참여형 기획 프로그램 및 네트워킹 파티 지원
-축제 기간 내 인근 상권연계 판매부스·프로그램으로 다양한 부대행사",20260901 ~ 20260930,20260930,"제한없음

충청남도·공주시 공동 주최",매 등 일부 프로그램에 신청 필요시 홍보기간내 공주시청홈페이지 별도 게시,해당없음,https://www.youthcenter.go.kr/youthPolicy/ythPlcyTotalSearch/ythPlcyDetail/20260430005400212990,main,primary,충청남도전국청년축제개최,청년인구정책과,20260901 ~ 20260930~20260930,금융･복지･문화,문화활동 및 생활지원
youth,20260430005400212987,공주시 전입지원사업,전입자에 대한 경제적지원을 통하여 지역 정착 효과 및 지역경제 활성화 도모,주거,청년인구정책과,충청남도,해당없음 | 0013010 | 0049010,"누구나,청년",만 0세 ~ 만 0세,,,근로자의 경우 공공기관 근로자,소득조건코드=0043001 / 소득범위=0~0,,3만원 상당의 온누리상품권 및 공주페이지급,,,근로자의 경우 공공기관 근로자,"재학증명서, 재직증명서 등",전입신고 및 전입지원금 신청서 제출,https://www.youthcenter.go.kr/youthPolicy/ythPlcyTotalSearch/ythPlcyDetail/20260430005400212987,main,primary,공주시전입지원사업,청년인구정책과,,주거,주택 및 거주지
youth,20260430005400212986,군복무 청년 상해보험,공주시에 주민등록을 둔 군복무청년 상해보험 자동가입,복지/문화,청년인구정책과,전국,해당없음 | 0013010 | 0049010,"누구나,청년",만 0세 ~ 만 0세,,,해당없음,소득조건코드=0043001 / 소득범위=0~0,,"군복무 중(휴가,외출 포함) 사망과 상해·질병장해 등(10종)
 - 상해사망, 상해후유장해, 질병사망, 질병후유장해, 상해/질병입원일당, 골절진단금, 화상진단금, 정신질환위로금, 수술비, 손발가락수술비",20260301,20261231,해당없음,보험금 지급 청구 서류,본인 직접 청구(메리츠화재해상보험주식회사),https://www.gongju.go.kr/kr/sub06_01_09_04_06.do,main,primary,군복무청년상해보험,청년인구정책과,20260301~20261231,금융･복지･문화,취약계층 및 금융지원
youth,20260430005400212985,공주시 결혼장려금 지원사업,25.1.1.이후 혼인신고하는 만18~45세 청년 신혼부부에게 결혼장려금 지원(※혼인신고일로부터 1년 이내 신청 가능),복지/문화,청년인구정책과,충청남도,해당없음 | 0013010 | 0049010,"누구나,청년",만 18세 ~ 만 45세,18,45,해당없음,소득조건코드=0043001 / 소득범위=0~0,,결혼장려금 지원(공주페이),20260101,20261231,해당없음,"혼인관계증명서, 주민등록등본, 주민등록초본 등",해당없음,https://youth.chungnam.go.kr/web/main/bbs/cnyouth_notice/291,main,primary,공주시결혼장려금지원사업,청년인구정책과,20260101~20261231,금융･복지･문화,취약계층 및 금융지원
youth,20260430005400212984,청년공유주택 운영,노후건물을 새롭게 리모델링하여 다양한 형태의 청년공유주택을 조성하여 청년의 주거비 부담 완화,주거,청년인구정책과,전국,"공공임대주택 거주자, 청년월세 및 주거비 등 지원 수혜자 등 | 0013001,0013002,0013006 | 0049010",청년,만 18세 ~ 만 45세,18,45,"대학생 및 직장인, 사업자등록을 한 청년창업자 및 예비사업자 등",소득조건코드=0043003 / 소득범위=0~0 / 공유주택 구역별 상이,,공유주택 제공,20260101,20261231,"대학생 및 직장인, 사업자등록을 한 청년창업자 및 예비사업자 등

공실 발생 시 신청 가능","입주신청서 및 개인정보제공동의서, 무주택확인각서, 초본,건강보험자격득실확인서, 지역활성화 활동증명서 등",방문 및 우편접수,https://www.gongju.go.kr/prog/bbsArticle/BBSMSTR_000000000834/view.do?nttId=B000000337478Hk6kH8m,main,primary,청년공유주택운영,청년인구정책과,20260101~20261231,주거,주택 및 거주지
