source,source_id,title,summary,s_category,provider,region,target_group,target_tags,target_age,target_age_min,target_age_max,target_detail,income_condition,startup_stage,support_type,apply_start,apply_end,additional_conditions,required_documents,application_method,detail_url,_scope,_scope_reason,norm_title,norm_provider,norm_period,category,subcategory
biz,PBLN_000000000125352,[경남] 2026년 하반기 식품진흥기금 융자금 지원계획 공고,"｢경상남도 식품진흥기금 설치 및 운용 조례｣ 제4조(융자계획)에 따라 2026년도 경상남도 식품진흥기금 ‘시설개선’ 융자금 지원계획을 다음과 같이 공고합니다.
☞ HACCP 지정업소또는 적용 희망업소, 식품제조ㆍ가공업소(즉석판매제조ㆍ가공업 포함), 식품위생검사기관, 식품접객업소(휴게ㆍ일반, 제과점, 위탁급식)
☞ 대상별 5천만원~2억원 식품진흥기금 융자 지원
※ 자세한 지원내용 공고문 참조",자금,기초자치단체,경상남도,중소기업,중소기업,,,,,,,융자,예산 소진시까지,,,"방문 접수
- 접수처 : 영업장 소재지 관할 시ㆍ군 식품위생부서","방문 접수
- 접수처 : 영업장 소재지 관할 시ㆍ군 식품위생부서",https://www.bizinfo.go.kr/sii/siia/selectSIIA200Detail.do?pblancId=PBLN_000000000125352,main,primary,경남2026년하반기식품진흥기금융자금지원계획공고,기초자치단체,예산 소진시까지~,금융,융자
biz,PBLN_000000000125351,[서울] 강남구 2026년 중국 무역사절단 참가기업 추가 모집 공고,"강남구 소재 중소기업의 수출 확대를 위한 위해 「2026 강남구 중국 무역사절단(2026 중국 국제수입박람회)」에 참여할 기업을 다음과 같이 추가 모집하오니 많은 신청 바랍니다. 
☞ 강남구 소재(본사) 중소기업(중소기업기본법 제2조)
- 취급품목 : 소비재 (뷰티, 생활용품, 패션/잡화 등 소비재 전반)
☞ 전시회 참가비, 바이어 매칭비 등 지원",판로/수출,한국무역협회,서울특별시,중소기업,중소기업,,,,,,,시장개척,2026-08-10,2026-08-17,,온라인 접수(구글폼),온라인 접수(구글폼),https://www.bizinfo.go.kr/sii/siia/selectSIIA200Detail.do?pblancId=PBLN_000000000125351,main,primary,서울강남구2026년중국무역사절단참가기업추가모집공고,한국무역협회,2026-08-10~2026-08-17,수출,시장개척
biz,PBLN_000000000125350,2026년 관광기업 베트남 오픈 이노베이션 참가기업 공고,"한국관광공사는 관광산업 분야 유망 스타트업의 베트남 시장 진출을 지원하기 위해, 「2026년 관광기업 베트남 오픈 이노베이션」에 참여할 기업을 스타트업을 아래와 같이 모집하오니, 많은 관심과 참여 바랍니다.
☞ 관광산업 분야 스타트업 중 MVP 이상 보유, 베트남ㆍ글로벌 진출 가능 기업
※ 단, MVP(Minimum Viable Product, 최소기능제품) 제작을 완료한 기업
☞ 앵커 파트너 연계 PMFㆍIR 멘토링, 베트남 호치민 데모데이(밋업데이), 우수기업 대상 PoC(현지 실증) 멘토링 등 지원
※ 자세한 지원내용 공고문 참조",판로/수출,한국관광공사,전국,창업벤처,초기창업기업,,,,,,,해외진출,2026-07-30,2026-08-18,,온라인 접수 (신청링크),온라인 접수 (신청링크),https://www.bizinfo.go.kr/sii/siia/selectSIIA200Detail.do?pblancId=PBLN_000000000125350,main,primary,2026년관광기업베트남오픈이노베이션참가기업공고,한국관광공사,2026-07-30~2026-08-18,수출,해외진출
biz,PBLN_000000000125348,[전북] 2026년 하반기 전북해양수산창업투자지원센터 국내박람회 참여기업 통합 모집 공고,"(재)전북바이오융합산업진흥원에서는 해양수산부와 전북특별자치도의 지원을 받아 도내 해양수산 관련 기업의 박람회 참가를 통해 호남권, 영남권 및 수도권 판로개척 기회의 장을 만들고자 아래와 같이 참가기업을 통합모집합니다.
☞ 도내 해양수산 관련 제조 및 가공 기업
☞ 참가비, 기본 장치비, 기본전시비품, 전시운영 등 지원",판로/수출,전북바이오융합산업진흥원,전북특별자치도,중소기업,중소기업,,,,,,,오프라인,2026-08-11,2026-09-04,,"이메일 접수(nof914@jif.re.kr, dew0120@jif.re.kr)","이메일 접수(nof914@jif.re.kr, dew0120@jif.re.kr)",https://www.bizinfo.go.kr/sii/siia/selectSIIA200Detail.do?pblancId=PBLN_000000000125348,main,primary,전북2026년하반기전북해양수산창업투자지원센터국내박람회참여기업통합모집공고,전북바이오융합산업진흥원,2026-08-11~2026-09-04,내수,오프라인
biz,PBLN_000000000125347,2026년 K-관광 비즈니스데이 in 나고야 참가기관 모집 공고,"한국관광공사 오사카지사에서는 한·일 관광업계 비즈니스 교류를 통한 일본 중부지역 방한수요 확대 기반조성을 위해, 「2026 K-관광 비즈니스데이 in 나고야」를 개최하고자 하니다. 이에 아래와 같이 참가 기관을 모집하오니 많은 관심 부탁드립니다.
☞ 호텔ㆍ컨벤션센터, 의료ㆍ웰니스기관, 관광벤처 등
☞ 통역 아르바이트 수배, 일본 국내 이동(센토레아 공항→행사장), 호텔 예약 지원 예정, 일본 주요 관광업계 담당자간 1:1 상담 매칭, '한일관광교류의 밤' 개최 등 자유 네트워킹 기회 제공 지원",판로/수출,한국관광공사,전국,중소기업,중소기업,,,,,,,해외진출,2026-08-03,2026-08-24,,온라인 접수 (한국관광산업포털(투어라즈)),온라인 접수 (한국관광산업포털(투어라즈)),https://www.bizinfo.go.kr/sii/siia/selectSIIA200Detail.do?pblancId=PBLN_000000000125347,main,primary,2026년k관광비즈니스데이in나고야참가기관모집공고,한국관광공사,2026-08-03~2026-08-24,수출,해외진출
biz,PBLN_000000000125346,[충남] 2026년 그린스타트업타운 오픈이노베이션 사업화 지원사업 참여기업 모집 공고,"충남콘텐츠진흥원 그린스타트업타운에서는 오픈이노베이션 밋업을 통해 발굴된 지역 스타트업과 대ㆍ중견기업, 공공기관 등 수요처 간 협력과제의 실행을 지원하고, 실질적인 사업협력 성과를 창출하고자 「2026 오픈이노베이션 사업화 지원사업」 참여기업을 다음과 같이 모집하오니, 많은 관심과 참여를 바랍니다. 
☞ 2026 그린스타트업타운 입주기업 중 오픈이노베이션 밋업 참가기업
☞ 밋업에서 발굴된 협력과제의 실행 등을 위한 사업화 자금 지원
- 제품ㆍ서비스 개발/고도화, 실증, 시제품 제작, 시험ㆍ인증, 공동사업 추진 등 협력과제 수행에 필요한 제반 비용 지원",기술,충남콘텐츠진흥원,충청남도,중소기업,"스타트업,중소기업",,,,,,,기술사업화/이전/지도,2026-08-14,2026-09-04,,"이메일 접수(by1419@ccon.kr)
※ 신청서 이메일 제출 후, 유선문의를 통해 최종접수 여부 확인 요망","이메일 접수(by1419@ccon.kr)
※ 신청서 이메일 제출 후, 유선문의를 통해 최종접수 여부 확인 요망",https://www.bizinfo.go.kr/sii/siia/selectSIIA200Detail.do?pblancId=PBLN_000000000125346,main,primary,충남2026년그린스타트업타운오픈이노베이션사업화지원사업참여기업모집공고,충남콘텐츠진흥원,2026-08-14~2026-09-04,기술,기술사업화/이전/지도
biz,PBLN_000000000125345,[전남광주] 2026년 전남형 신중년 사회연대경제 노동통합 모델 구축사업 참여기업 상시 모집 공고,"전남사회적경제통합지원센터에서는 고용노동부와 전라남도가 함께 추진하는「전략사업별 지역생태계 활성화 사업」의 운영기관으로서, 사회연대경제기업의 성장과 현장 혁신을 지원하고, 신중년의 경력과 전문성을 지역사회에 환원할 수 있는 지속가능한 노동통합 모델 구축을 위해 다음과 같이 참여기업을 모집하오니, 관련 기업의 적극적인 관심과 참여를 바랍니다.
☞ 근로자 5인 미만 기업(70%), 5인 이상 기업(30%)
-「사회적기업 육성법」에 따른 (예비)사회적기업
-「마을기업 육성 및 지원에 관한 법률」에 따른 (예비)마을기업
-「협동조합 기본법」에 따른 사회적협동조합 
☞ 기업 운영비 월 23만원 지원
- 기업교육 운영, 현장배치 인턴십, 문제해결 프로젝트 수행
※ 자세한 지원내용 공고문 참조",인력/일자리,전남사회적경제통합지원센터,광주광역시,사회적기업,사회적기업,,,,,,,국내일반인력,상시 접수,,,이메일 접수 (secenter@jnsec.kr),이메일 접수 (secenter@jnsec.kr),https://www.bizinfo.go.kr/sii/siia/selectSIIA200Detail.do?pblancId=PBLN_000000000125345,main,primary,전남광주2026년전남형신중년사회연대경제노동통합모델구축사업참여기업상시모집공고,전남사회적경제통합지원센터,상시 접수~,인력,국내일반인력
biz,PBLN_000000000125344,[충북] 2026년 KOREA BUSINESS EXPO SHENZHEN 충북관 참여기업 모집 공고,"충청북도와 한국무역협회는 충북 유망 수출기업의 중국 시장 진출 지원을 위해 ""KOREA BUSINESS EXPO SHENZEN"" 충북 공동관 참여기업을 아래와 같이 모집합니다. 중국 시장 진출을 희망하는 충북 소재 기업 여러분의 많은 관심과 참여 바랍니다.
☞ 충북 소재 중소, 중견 수출기업 (신청일 현재, 본점이 충북에 위치한 기업)
☞ 전시회 참가비(500만원)의 80%, 편도 운송비(해상 1CBM/항공특송 20KG 중 택일), 전시마케팅(바이어-셀러 1:1 사전 매칭, 전시상담 통역 등), 현지 이동 수단 및 전시 참가 관련 제반 행정 지원",판로/수출,한국무역협회,충청북도,중소기업,중소기업,,,,,,,해외진출,2026-08-07,2026-08-21,,온라인 접수(충북글로벌마케팅시스템),온라인 접수(충북글로벌마케팅시스템),https://www.bizinfo.go.kr/sii/siia/selectSIIA200Detail.do?pblancId=PBLN_000000000125344,main,primary,충북2026년koreabusinessexposhenzhen충북관참여기업모집공고,한국무역협회,2026-08-07~2026-08-21,수출,해외진출
biz,PBLN_000000000125343,[서울] 2026년 콘텐츠 투자협의체 투자상담회 참가기업 모집 공고,"서울경제진흥원(SBA) 창조산업본부에서는 콘텐츠 기업의 투자유치 활성화를 위한 투자 컨설팅 지원사업인 ‘투자상담회’를 ‘SPP 국제콘텐츠마켓 2026’와 연계하여 아래와 같이 개최하오니, 관심 있는 콘텐츠 기업의 많은 참여 바랍니다.
☞ 투자 유치를 희망하는 서울 소재 초ㆍ중기 콘텐츠 기업(법인기업)
- 애니메이션/캐릭터, 웹툰/웹소설, 영화/드라마, AR/VRㆍ융복합, 게임, 음악/전시/공연, OTT/플랫폼/MCN, 도서/출판, 이 외 콘텐츠 관련 서비스, 엔터테크 기업
☞ 콘텐츠 기업과 투자사 간 상호 매칭을 통해 기업 맞춤형 1:1 투자 컨설팅, 콘텐츠 분야의 다양한 정보 공유 및 연계 관계자와의 네트워킹 기회 제공 지원",경영,서울경제진흥원,서울특별시,중소기업,중소기업,,,,,,,컨설팅,2026-08-11,2026-08-28,,온라인 접수 (서울경제진흥원),온라인 접수 (서울경제진흥원),https://www.bizinfo.go.kr/sii/siia/selectSIIA200Detail.do?pblancId=PBLN_000000000125343,main,primary,서울2026년콘텐츠투자협의체투자상담회참가기업모집공고,서울경제진흥원,2026-08-11~2026-08-28,경영,컨설팅
biz,PBLN_000000000125342,[경북] 북부권 2026년 구인ㆍ구직 만남의 날 채용 행사 일자리 잡(JOB)는 날 참여기업 모집 공고,"경상북도와 경북일자리종합센터에서는 지역기업의 상시 구인수요에 맞춰 구인ㆍ구직 미스매치를 해소하고, 고용 활성화를 도모하고자 다음과 같이 경북 북부권 「일자리 잡(JOB)는 날」 채용행사를 개최하오니, 채용계획이 있는 기업의 많은 참여를 바랍니다.
☞ 경북 북부권(문경ㆍ상주ㆍ예천 등) 소재 채용계획이 있는 중소ㆍ중견기업
☞ 일자리 잡(JOB)는 날 채용행사 참여 지원
- 행사내용 : 구인기업과 구직자 간 1:1 현장면접 실시",인력/일자리,경상북도경제진흥원,경상북도,중소기업,중소기업,,,,,,,고용환경개선,2026-08-03,2026-08-18,,"이메일 또는 팩스 접수
- 이메일 : jobgo@gepa.kr
- 팩스 : 054-470-8569
※ 신청 후 접수 여부 확인 필수","이메일 또는 팩스 접수
- 이메일 : jobgo@gepa.kr
- 팩스 : 054-470-8569
※ 신청 후 접수 여부 확인 필수",https://www.bizinfo.go.kr/sii/siia/selectSIIA200Detail.do?pblancId=PBLN_000000000125342,main,primary,경북북부권2026년구인ㆍ구직만남의날채용행사일자리잡job는날참여기업모집공고,경상북도경제진흥원,2026-08-03~2026-08-18,인력,고용환경개선
biz,PBLN_000000000125341,2026년 2차 국토교통연구기획 사업 시행 공고,"국토교통과학기술 연구개발을 통하여 국토교통분야 미래 신성장동력 창출 및 국민의 삶의 질을 향상시키기 위해 아래와 같이 연구개발과제를 공고하오니 많은 관심과 참여 바랍니다.
☞「국가연구개발혁신법」제2조 제3호,「국가연구개발혁신법 시행령」 제2조 제1항에 의한 연구개발기관
☞ 국토교통연구기획 사업 內 14개 연구개발과제 지원
※ 자세한 지원내용 공고문 참조",기술,국토교통과학기술진흥원,국토교통부,중소기업,중소기업,,,,,,,단독기술개발,2026-08-10,2026-08-18,,온라인 접수 (범부처통합연구지원시스템),온라인 접수 (범부처통합연구지원시스템),https://www.bizinfo.go.kr/sii/siia/selectSIIA200Detail.do?pblancId=PBLN_000000000125341,main,primary,2026년2차국토교통연구기획사업시행공고,국토교통과학기술진흥원,2026-08-10~2026-08-18,기술,단독기술개발
biz,PBLN_000000000125340,2026년 ATF 연계 방송콘텐츠 해외유통 지원 사업 공고,"방송미디어통신위원회와 한국방송통신전파진흥원은 창의적이고 경쟁력 있는 국내 방송콘텐츠의 해외수출 및 홍보 등을 위해「2026년 ATF 연계 방송콘텐츠 해외유통 지원 사업」을 아래와 같이 공고하오니 많은 참여바랍니다.
☞ (비즈매칭 홍보관) 25년~’26년 KCA 방송프로그램 제작지원 사업 선정작
- (쇼케이스) AIㆍ디지털 기술을 활용한 기획단계(기획안)의 국내 방송 콘텐츠
☞ 행사지원, 비용지원
- (비즈매칭 홍보관) 국내 송출 완료 또는 제작 완료된 콘텐츠의 해외 유통을 위한 비즈니스 매칭(Match Making) 및 상담 부스 지원, 참가자 1인 운임비 및 숙박비 지원
- (쇼케이스) 국내 방송 송출(서비스) 전, AI 또는 디지털 기술을 활용한 국내 방송콘텐츠 기획안 피칭, 참가자 1인 운임비 및 숙박비 지원
※ 자세한 지원내용 공고문 참조",판로/수출,한국방송통신전파진흥원,방송미디어통신위원회,중소기업,중소기업,,,,,,,해외진출준비,2026-08-10,2026-09-08,,이메일 접수(content@kca.kr),이메일 접수(content@kca.kr),https://www.bizinfo.go.kr/sii/siia/selectSIIA200Detail.do?pblancId=PBLN_000000000125340,main,primary,2026년atf연계방송콘텐츠해외유통지원사업공고,한국방송통신전파진흥원,2026-08-10~2026-09-08,수출,해외진출준비
biz,PBLN_000000000125339,2026년 고신뢰 반도체 상용화를 위한 검증ㆍ확인 지원사업 기업 지원 프로그램 모집 공고,"한국산업기술시험원(KTL)은 경북대학교, 한국팹리스산업협회와 함께 산업통상자원부가 주관하고 있는 「고신뢰 반도체 상용화를 위한 검증ㆍ확인 지원」을 수행하고 있으며, 국내 팹리스 기업의 제품 신뢰성 확보와 상용화 촉진을 위해 아래와 같이 기업지원을 진행하오니, 희망하는 비수도권 소재의 팹리스 기업의 많은 신청 바랍니다. 
☞ 고신뢰 반도체 설계 기업(팹리스, IP 전문 기업 등)으로 중소기업 및 중견기업(창업 및 벤처기업 포함)이며, 다음①, ② 요건 중 하나라도 해당하는 기업
- ① 비수도권(서울ㆍ인천ㆍ경기ㆍ해외 제외) 내 본사, 지사, 공장, 연구소 중 1개 이상 소재한 기업 
- ② 수도권 기업 중 ‘26년까지 (대구)지능형 반도체 개발지원센터 입주 예정인 기업
☞ 반도체 검증ㆍ확인(V&V) 지원(최대 2,000만원 이내)
- 기능안전 인증 및 기술 대응을 위한 핵심 산출물(Work Product) 생성, FMEDA (Failure Modes, Effects, and Diagnostic Analysis) 분석 및 시뮬레이션 지원
- FTA (Fault Tree Analysis) 등 정량적ㆍ정성적 안전성 분석, 차량용 반도체(ISO 26262) 등 글로벌 표준에 부합하는 프로세스 구축 및 검증 확인 지원
※ 상기 명시된 항목은 대표적인 예시이며, 수요기업의 개발 단계 및 필요에 따라 협의를 통한 기타 ISO 26262 관련 산출물 생성 지원 가능",기술,한국산업기술시험원,전국,중소기업,중소기업,,,,,,,시험/인증,예산 소진시까지,,,이메일 접수 (jeong1009@ktl.re.kr),이메일 접수 (jeong1009@ktl.re.kr),https://www.bizinfo.go.kr/sii/siia/selectSIIA200Detail.do?pblancId=PBLN_000000000125339,main,primary,2026년고신뢰반도체상용화를위한검증ㆍ확인지원사업기업지원프로그램모집공고,한국산업기술시험원,예산 소진시까지~,기술,시험/인증
biz,PBLN_000000000125338,[경북] 2026년 경북PRIDE기업 수요 연계형 전주기 신기술 지원사업 참여기업 모집 공고,"경상북도와 경상북도경제진흥원은 경북PRIDE기업의 공급자 중심 개발에서 수요처 맞춤형 개발로 전환하여 예산 집행 효율성 극대화 및 매출 다각화 기반 구축을 위해 「수요 연계형 전주기 신기술 지원사업」을 다음과 같이 공고하오니 많은 관심과 참여 바랍니다.
☞ 경북PRIDE기업
☞ 기업당 최대 2,000만원 한도 지원",기술,경상북도경제진흥원,경상북도,중소기업,중소기업,,,,,,,기술사업화/이전/지도,2026-08-11,2026-08-28,,이메일 접수 (lhwokok@gepa.kr),이메일 접수 (lhwokok@gepa.kr),https://www.bizinfo.go.kr/sii/siia/selectSIIA200Detail.do?pblancId=PBLN_000000000125338,main,primary,경북2026년경북pride기업수요연계형전주기신기술지원사업참여기업모집공고,경상북도경제진흥원,2026-08-11~2026-08-28,기술,기술사업화/이전/지도
biz,PBLN_000000000125337,2026년 목재 수출 지원사업(바우처) 준비기업 추가모집 공고,"목재기업의 국외 판로개척을 지원하기 위하여 다음과 같이 추가 공고하오니, 많은 관심과 적극적인 참여 부탁드립니다.
☞ 목재류 품목분류번호(HS코드, 산림청에서 관리하는 코드)로 수출이 가능한 목재ㆍ목재제품(또는 이를 가공하는 설비 등)을 생산하는 업체 
- 대상 : 수출실적이 3만불 미만이거나, 수출을 준비 중인 기업
☞ 수출컨설팅, 전문인력 양성, 지적재산권 출원(국내외), 해외인증 취득, 해외박람회 참가, 해외 바이어 초청, 샘플통관ㆍ운송, 홍보 콘텐츠 제작, 통ㆍ번역 및 서류대행, 현지 구매자(바이어) 방문, 브랜드 로고, BI/CI 등 개발",판로/수출,한국임업진흥원,산림청,중소기업,중소기업,,,,,,,해외진출준비,2026-08-05,2026-08-19,,이메일 접수(hsb1217@kofpi.or.kr),이메일 접수(hsb1217@kofpi.or.kr),https://www.bizinfo.go.kr/sii/siia/selectSIIA200Detail.do?pblancId=PBLN_000000000125337,main,primary,2026년목재수출지원사업바우처준비기업추가모집공고,한국임업진흥원,2026-08-05~2026-08-19,수출,해외진출준비
biz,PBLN_000000000125336,2026년 3분기 국내 저온 저장시설 보관 지원업체 모집 공고,"우리 수출 수산물의 해외시장 경쟁력 향상을 위해 2026년 국내 저온 저장시설 지원업체를 아래와 같이 모집하오니 관심 있는 업체의 많은 신청 바랍니다.
☞ 수산물 수출업체(중소ㆍ중견 기업)
- 지원품목 : 냉장ㆍ냉동 수산물 및 수산가공식품
☞ 저온 저장시설 보관비 최대 80% 지원(업체당 최대 20백만원)
※ 자세한 지원내용 공고문 참조",경영,한국수산무역협회,전국,중소기업,중소기업,,,,,,,시설/입지지원,2026-08-10,2026-08-31,,온라인 접수 (온라인 사업 신청 통합시스템),온라인 접수 (온라인 사업 신청 통합시스템),https://www.bizinfo.go.kr/sii/siia/selectSIIA200Detail.do?pblancId=PBLN_000000000125336,main,primary,2026년3분기국내저온저장시설보관지원업체모집공고,한국수산무역협회,2026-08-10~2026-08-31,경영,시설/입지지원
biz,PBLN_000000000125335,[제주] 2026년 중소기업육성자금 융자지원계획 변경 공고,"「제주특별자치도 중소기업육성기금 조례」제6조에 따른 “2026년 제주특별자치도 중소기업육성자금 융자지원계획”을 다음과 같이 변경 공고합니다.
☞ 제주특별자치도에 사업장을 둔 중소기업ㆍ소상공인
※ 자세한 지원대상 공고문 참조
☞ 시설투자자금, 경영안정자금, 청년창업기업 금리 지원
※ 자세한 지원내용 공고문 참조",자금,제주특별자치도경제통상진흥원,제주특별자치도,중소기업,중소기업,,,,,,,융자,예산 소진시까지,,,"접수처
- 제주시 : 제주시 연삼로 473 경제통상진흥원 지하1층
- 서귀포시 : 서귀포시 일주동로 8532 축산업협동조합 3층","접수처
- 제주시 : 제주시 연삼로 473 경제통상진흥원 지하1층
- 서귀포시 : 서귀포시 일주동로 8532 축산업협동조합 3층",https://www.bizinfo.go.kr/sii/siia/selectSIIA200Detail.do?pblancId=PBLN_000000000125335,main,primary,제주2026년중소기업육성자금융자지원계획변경공고,제주특별자치도경제통상진흥원,예산 소진시까지~,금융,융자
biz,PBLN_000000000125334,[부산] 경력단절예방 지원사업 기업환경개선 참여 기업체 모집 공고,"부산광역여성새로일하기센터에서 여성 근로자의 고용안정과 일·생활 균형 지원을 통한 여성친화적 기업문화 조성을 위해 「2026년도 경력단절예방 지원사업 기업환경개선」 참여 기업체 모집을 다음과 같이 공고합니다.
☞ 부산 광역시 소재 기업
- 상시근로자 수 5~300인 미만 기업(조건 중 한 가지 이상 해당)
- 성평등가족부로부터 가족친화인증을 받은 중소기업
- 새일센터를 통해 창업한 기업(창업 후 1년 이내)
※ 자세한 지원대상 공고문 참조
☞ 총 사업비의 70%까지 지원(최대 5백만원 한도)
- 여성 화장실, 여성 휴게실, 수유실 등 시설환경 개선
- 사무공간 및 작업공간 개선(여성근로자 비율 50% 이상일 경우에 한함)
- 새일센터를 통해 창업한 기업의 초기 세팅을 위한 물품
- 유연근무 활용을 위한 시설 개선 및 시스템 도입",경영,부산광역여성새로일하기센터,부산광역시,중소기업,중소기업,,,,,,,시설/입지지원,2026-08-10,2026-08-28,,"방문 또는 이메일 접수
- 접수처 : 사상구 학감대로 95(학장동, 여성문화회관)
- 이메일 : whth334@korea.kr","방문 또는 이메일 접수
- 접수처 : 사상구 학감대로 95(학장동, 여성문화회관)
- 이메일 : whth334@korea.kr",https://www.bizinfo.go.kr/sii/siia/selectSIIA200Detail.do?pblancId=PBLN_000000000125334,main,primary,부산경력단절예방지원사업기업환경개선참여기업체모집공고,부산광역여성새로일하기센터,2026-08-10~2026-08-28,경영,시설/입지지원
biz,PBLN_000000000125333,2026년 국제방송영상마켓(BCWW 2026) X FOX K-포맷 쇼케이스 참가기업 모집 공고,"국제방송영상마켓 BCWW 2026 X FOX K-포맷 쇼케이스 참가기업을 모집합니다. 관심 있는 기업들은 하기 내용 참고하시어 신청 바랍니다.
☞ BCWW 2026 비즈매칭 참가 기업 중 글로벌 진출을 희망하는 방송 포맷의 판매/공동제작/개발을 위한 지적재산권(IP) 보유 국내 기업
☞ 상금 : FOX 선정 3팀(최우수 1팀 1,500 USD, 우수 2팀 각 500 USD)
- FOX와의 공동개발 관련 비즈매칭 등 지원",판로/수출,한국콘텐츠진흥원,전국,중소기업,중소기업,,,,,,,해외진출,2026-07-23,2026-08-24,,이메일 접수 (showcase@bcww.kr),이메일 접수 (showcase@bcww.kr),https://www.bizinfo.go.kr/sii/siia/selectSIIA200Detail.do?pblancId=PBLN_000000000125333,main,primary,2026년국제방송영상마켓bcww2026xfoxk포맷쇼케이스참가기업모집공고,한국콘텐츠진흥원,2026-07-23~2026-08-24,수출,해외진출
biz,PBLN_000000000125332,[부산] 2026년 소셜 비즈니스 육성 지원 사업 기업 모집 공고,"부산경제진흥원(부산사회적경제지원센터)에서는 부산 지역 소셜벤처 기업 발굴을 위해 추진하는 「2026 소셜 비즈니스 육성 지원 사업」에 참여할 사회적경제기업을 모집하오니 많은 참여 바랍니다.
☞ 소셜벤처 인증 사회적기업
- 사회적기업 및 사회적기업 진입희망 기업 등
☞ 소셜벤처 판별 및 사업비(판별 완료 기업당 5백만원 이내) 지원",경영,부산경제진흥원,부산광역시,사회적기업,사회적기업,,,,,,,디자인/상품화/사업화,2026-08-07,2026-08-14,,이메일 접수 (yeoyk612@bepa.kr),이메일 접수 (yeoyk612@bepa.kr),https://www.bizinfo.go.kr/sii/siia/selectSIIA200Detail.do?pblancId=PBLN_000000000125332,main,primary,부산2026년소셜비즈니스육성지원사업기업모집공고,부산경제진흥원,2026-08-07~2026-08-14,경영,디자인/상품화/사업화
biz,PBLN_000000000125331,2026년 2차 더현대글로벌×더셀렉츠 글로벌 팝업스토어(일본 도쿄) 참가 브랜드 모집 공고,"한국콘텐츠진흥원에서 유망 디자이너 브랜드의 유통 경쟁력 강화 및 시장 진출 기반 마련을 위한 해외 홍보 및 팝업스토어 입점 지원을 하기 위해 「2026년 더현대글로벌×더셀렉츠 글로벌 팝업스토어(일본 도쿄)」사업을 추진하오니 많은 참여 바랍니다.
☞ 2025년 연 매출 10억 원 이상의 한국 패션 디자이너 브랜드
※ 자세한 지원대상 공고문 참조
☞ 국내 유통사 연계 더셀렉츠 일본 팝업스토어 입점 및 현지 B2C 판매/홍보 등 지원
- 팝업스토어 사전/사후 준비(상품 현지화, 해외 운송, 현지 물류, 상품 철수, 기본 인테리어 등)
- 팝업스토어 운영 지원(판매 스탭 투입, 판매 집기 이용 등)
- 팝업스토어 온라인 홍보ㆍ마케팅 지원(사전 시딩, 인플루언서 홍보 등)",판로/수출,한국콘텐츠진흥원,전국,소상공인,소상공인,,,,,,,해외진출,2026-08-10,2026-08-31,,온라인 접수 (한국콘텐츠진흥원 사업관리시스템),온라인 접수 (한국콘텐츠진흥원 사업관리시스템),https://www.bizinfo.go.kr/sii/siia/selectSIIA200Detail.do?pblancId=PBLN_000000000125331,main,primary,2026년2차더현대글로벌더셀렉츠글로벌팝업스토어일본도쿄참가브랜드모집공고,한국콘텐츠진흥원,2026-08-10~2026-08-31,수출,해외진출
biz,PBLN_000000000125330,[울산] 2026년 말레이시아-인도 조선해양 무역사절단 참가기업 모집 공고,"KOTRA울산지원본부는 관내 기업의 해외시장 개척을 지원하기 위해 다음과 같이 「2026 울산 말레이시아-인도 조선해양 무역사절단」참가기업을 모집합니다.
☞ 울산 조선해양기자재 기업
☞ 현지 시장조사 및 바이어 섭외, 현지 바이어와 1:1 수출상담 주선 및 전문 통역원, 편도 항공료 및 보험료, BuyKorea 등을 활용한 사전ㆍ사후 마케팅 등 지원",판로/수출,KOTRA울산지원본부,울산광역시,중소기업,중소기업,,,,,,,시장개척,2026-08-10,2026-08-28,,온라인 접수 (울산통상지원시스템),온라인 접수 (울산통상지원시스템),https://www.bizinfo.go.kr/sii/siia/selectSIIA200Detail.do?pblancId=PBLN_000000000125330,main,primary,울산2026년말레이시아인도조선해양무역사절단참가기업모집공고,kotra울산지원본부,2026-08-10~2026-08-28,수출,시장개척
biz,PBLN_000000000125329,UNFCCC COP31 한국홍보관 부대행사 참여 모집 공고,"제31차 유엔기후변화협약 당사국총회(COP31) 한국홍보관 부대행사 참여기업 모집 공고 사항을 안내합니다.
☞ 기후변화 관련 정부산하기관, 산ㆍ학ㆍ연 및 NGO 등
☞ COP31 계기 기후 공동 행동ㆍ실행, 에너지전환 관련 부대행사, 기술 전시 등을 통한 우리나라의 기후위기 대응 활동 대외 홍보 지원",판로/수출,한국환경산업기술원,경상북도,중소기업,중소기업,,,,,,,시장개척,2026-08-10,2026-08-30,,이메일 접수 (unfccccopkorea@gmail.com),이메일 접수 (unfccccopkorea@gmail.com),https://www.bizinfo.go.kr/sii/siia/selectSIIA200Detail.do?pblancId=PBLN_000000000125329,main,primary,unfccccop31한국홍보관부대행사참여모집공고,한국환경산업기술원,2026-08-10~2026-08-30,수출,시장개척
biz,PBLN_000000000125328,2026년 하반기 7차 IP-R&D 전략지원 사업 시행 계획 공고(자유공모),"국내 중소기업에 맞춤형ㆍ밀착형 특허전략을 지원하는 IP-R&D 전략 지원 사업(세부사업: 지재권 연계 연구개발 전략지원 사업)의 2026년 하반기 7차 시행 계획을 다음과같이 공고하니 사업에 참여하고자 하는 기관의 많은 신청 바랍니다.
☞ 연구조직을 보유한 국내 중소기업
☞ 한국특허전략개발원 소속 특허전략전문가(PM)와 특허분석 기관이 전담팀을 구성하여 기업 니즈에 따른 특허전략 수립을 지원
- 핵심특허 대응 전략, IP 창출 전략 중 택1
※ 자세한 지원내용 공고문 참조",기술,한국특허전략개발원,지식재산처,중소기업,중소기업,,,,,,,시험/인증,2026-08-05,2026-08-18,,온라인 접수 (IP-R&D 사업관리시스템),온라인 접수 (IP-R&D 사업관리시스템),https://www.bizinfo.go.kr/sii/siia/selectSIIA200Detail.do?pblancId=PBLN_000000000125328,main,primary,2026년하반기7차iprd전략지원사업시행계획공고자유공모,한국특허전략개발원,2026-08-05~2026-08-18,기술,시험/인증
biz,PBLN_000000000125327,[부산] 2026년 제2회 부산진구ㆍ부산상공회의소 채용박람회 참가기업 모집 공고(관광ㆍ마이스 특별관 운영),"부산진구와 부산상공회의소가 공동 주관하는「2026년 제2회 부산진구ㆍ부산상공회의소 채용박람회」에 참가기업을 모집하오니 관심있는 기업의 많은 관심과 신청 바랍니다.
☞ 부산지역 주요 POC(전시ㆍ컨벤션 기획), 호텔ㆍ리조트, 여행사 등
☞ 면접용 부스 및 운영비품 지원, 정부일자리 사업 우선지원",경영,부산상공회의소,부산광역시,중소기업,중소기업,,,,,,,디자인/상품화/사업화,2026-08-10,2026-08-28,,"이메일 및 팩스 접수
(관광ㆍMICE 특별관) 부산상공회의소 이메일 yubinkang@korcham.net / 팩스 051-711-7414
(기업 채용관) 부산진구청 이메일 busanjinjob@korea.kr / 팩스 051-605-6429","이메일 및 팩스 접수
(관광ㆍMICE 특별관) 부산상공회의소 이메일 yubinkang@korcham.net / 팩스 051-711-7414
(기업 채용관) 부산진구청 이메일 busanjinjob@korea.kr / 팩스 051-605-6429",https://www.bizinfo.go.kr/sii/siia/selectSIIA200Detail.do?pblancId=PBLN_000000000125327,main,primary,부산2026년제2회부산진구ㆍ부산상공회의소채용박람회참가기업모집공고관광ㆍ마이스특별관운영,부산상공회의소,2026-08-10~2026-08-28,경영,디자인/상품화/사업화
biz,PBLN_000000000125326,2026년 3차 방산 중소기업 컨설팅 지원사업 지원대상기업 모집 공고,"「방위산업 진입을 위한 지원사업 공통운영규정」(방위사업청 훈령 제808호) 및「방산 중소기업 컨설팅 지원사업 세부운영규정」(국방기술진흥연구소 규정)에 따라,「’26-3차 방산 중소기업 컨설팅 지원사업」의 지원대상기업 모집 및 선정 계획을 다음과 같이 공고합니다.
☞ 방산 중소기업 또는 방산분야 진출을 희망하는 중소기업 중 기술력을 갖춘 중소기업
☞ 전문가 컨설팅 비용의 75% 이내(기업당 1개 과제, 3천만 원 한도) 지원
- 지원분야 : 기업의 컨설팅 수요에 따라 맞춤식으로 지원(기술 분야, 경영 분야, 법률 분야, 행정 분야)",경영,한국방위산업진흥회,방위사업청,중소기업,중소기업,,,,,,,컨설팅,2026-08-11,2026-08-31,,이메일 접수 (consul@kdia.or.kr),이메일 접수 (consul@kdia.or.kr),https://www.bizinfo.go.kr/sii/siia/selectSIIA200Detail.do?pblancId=PBLN_000000000125326,main,primary,2026년3차방산중소기업컨설팅지원사업지원대상기업모집공고,한국방위산업진흥회,2026-08-11~2026-08-31,경영,컨설팅
biz,PBLN_000000000125325,UNFCCC COP31 한국홍보관 기술전시 참여 모집 공고,"제31차 유엔기후변화협약 당사국총회(COP31) 한국홍보관 기술전시 참여기업 모집 공고 사항을 안내합니다.
☞ 순환경제 및 저탄소 경제 실현을 위한 분야별 국내 녹색기술을 보유한 기업 및 기관
- (기술분야) AI활용 디지털 탄소중립, 유망 기후기술, 우수 환경기술 등
☞ 전시공간, COP31 온라인 홈페이지 홍보 지원",판로/수출,한국환경산업기술원,경상북도,중소기업,중소기업,,,,,,,시장개척,2026-08-10,2026-08-30,,이메일 접수 (unfccccopkorea@gmail.com),이메일 접수 (unfccccopkorea@gmail.com),https://www.bizinfo.go.kr/sii/siia/selectSIIA200Detail.do?pblancId=PBLN_000000000125325,main,primary,unfccccop31한국홍보관기술전시참여모집공고,한국환경산업기술원,2026-08-10~2026-08-30,수출,시장개척
biz,PBLN_000000000125324,2026년 판로확대 지원 참여 소상공인 모집(쇼핑몰 통합관리ㆍ입점ㆍ판매대행 지원(셀러허브)) 공고,"소상공인의 판로 확대와 매출 성장을 위해 쇼핑몰 통합관리 솔루션을 지원하는 「2026년 판로확대 지원」 사업을 다음과 같이 공고하오니 많은 관심과 참여 바랍니다.
☞ 온라인 판로 확대를 희망하는 소상공인
- 대표자 제외 상시 근로자 수 5인 또는 10인 미만의 소상공인
- 공고일 현재 온라인에서 판매 가능한 제품을 보유한 소상공인
- AX 아카데미 교육을 수강한 연간 프리미엄 멤버십 소상공인
☞ 셀러허브 이용료 및 소상공인 희망 스타트 플랜 지원
- 셀러허브 6개월 이용료, 판매채널 입점(오픈마켓, 폐쇄몰 등), 판매 수수료 인하, 마케팅(기획전&판매코칭/자사몰제작, 기획전&판매코칭) 지원",판로/수출,중소상공인희망재단,전국,소상공인,소상공인,,,,,,,온라인,2026-08-04,2026-08-30,,온라인 접수 (중소상공인희망재단),온라인 접수 (중소상공인희망재단),https://www.bizinfo.go.kr/sii/siia/selectSIIA200Detail.do?pblancId=PBLN_000000000125324,main,primary,2026년판로확대지원참여소상공인모집쇼핑몰통합관리ㆍ입점ㆍ판매대행지원셀러허브공고,중소상공인희망재단,2026-08-04~2026-08-30,내수,온라인
biz,PBLN_000000000125323,[강원] 2026년 2차 제조ㆍ창업 맞춤형 지원 프로그램 지원기업 통합 모집 공고,"역량 있는 제조 및 창업기업의 성장과 제품화 경쟁력 강화를 위하여 아래와 같이 [제조ㆍ창업 맞춤형 지원 프로그램]의 지원기업을 통합 모집하오니, 신청을 희망하는 기업은 각 프로그램별 카테고리 및 평가 기준을 숙지하시어 신청해 주시기 바랍니다.
☞ 공고일 기준 강원특별자치도 소재 중소ㆍ창업기업(※ 본사, 주사업장 또는 주공장(2년 이상 정상가동), 도내 공장등록)
※ 자세한 지원대상 공고문 참조
☞ 제품 설계부터 시제품 제작, 인증, 초도양산 및 사업화까지 전 주기에 걸친 맞춤형 지원
- One-Stop 양산설계 (DFM) 컨설팅, 디자인/워킹 목업 고도화, 크라우드 펀딩 시제품 고도화, 사업화 패키지, 당해연도 (2026년) 창업기업 시제품 제작 지원
- 기업별 최대 2개 프로그램 선택 신청 가능",기술,강원정보문화산업진흥원,강원특별자치도,중소기업,중소기업,,,,,,,기술사업화/이전/지도,2026-08-10,2026-08-18,,"이메일 접수 (stbc@gica.or.kr)
※ 발송 후 확인 전화 필수","이메일 접수 (stbc@gica.or.kr)
※ 발송 후 확인 전화 필수",https://www.bizinfo.go.kr/sii/siia/selectSIIA200Detail.do?pblancId=PBLN_000000000125323,main,primary,강원2026년2차제조ㆍ창업맞춤형지원프로그램지원기업통합모집공고,강원정보문화산업진흥원,2026-08-10~2026-08-18,기술,기술사업화/이전/지도
biz,PBLN_000000000125322,2026년 제조AI 기술지도 프로그램 참가기업 모집 공고(산업통상부 제조AI 솔루션 개발 지원센터 사업),"산업통상부 제조AI솔루션 개발 지원센터 사업 2026 제조AI 기술지도 프로그램 (지원기관: KAIST) 참가기업을 8월 31일(월) 까지 모집합니다. 이번 사업은 제조 현장에서 AI 도입하려는 기업들의 애로사항 해결 및 기술지도를 목적으로 합니다.
☞ 자사 제조 공정에 AI 도입을 희망하는 국내 중소ㆍ중견 제조 기업 및 스타트업
☞ KAIST 교수진 및 제조AI 전문가로 구성된 자문단과 1:1 매칭하여 기술 도입전략 수립부터 개발까지 애로사항 해결을 지원",기술,KAIST,전국,중소기업,중소기업,,,,,,,기술사업화/이전/지도,2026-08-04,2026-08-31,,온라인 접수 (구글 폼),온라인 접수 (구글 폼),https://www.bizinfo.go.kr/sii/siia/selectSIIA200Detail.do?pblancId=PBLN_000000000125322,main,primary,2026년제조ai기술지도프로그램참가기업모집공고산업통상부제조ai솔루션개발지원센터사업,kaist,2026-08-04~2026-08-31,기술,기술사업화/이전/지도
biz,PBLN_000000000125321,2026년 강원특별자치도 첨단바이오 Pre-Open innovation((재)스크립스코리아항체연구원) 지원 기업 모집 재공고,"강원특별자치도 첨단바이오 산업 육성 및 발전을 위한, 바이오 신약 분야 중소ㆍ벤처기업 대상 Pre-Open Innovation 프로그램에 참여할 바이오 스타트업을 아래와 같이 모집하오니, 많은 관심과 신청 바랍니다.
☞ 바이오 신약 초기 기업의 기술개념검증(PoC) 및 목표제품특성(TPP) 검증이 필요한, 국내 창업 8년 이내 첨단바이오기업 ※사업공고연도(2026년도)기준
- 당해연도 바이오 앵커기업 오픈이노베이션 프로그램 미선정 되었으나,
추후 협업 가능성이 있는 기업 및 그 외 본 프로그램에 지원한 기업
- 춘천ㆍ홍천 지역 강원 바이오 특화단지 지정 구역 10개 단지에 소재하거나, 해당 단지로 기업 이전(본사, 기업부설연구소, 공장 등) 예정 기업
※ 자세한 지원대상 공고문 참조
☞ (재)스크립스코리아항체연구원 지원프로그램과 춘천ㆍ홍천 지자체 추가지원사업 연계 가능
- (① (재)스크립스코리아항체연구원) 초기바이오신약기업핵심기술의 실현가능성 및 사업화 제고 등을 위해 강원자치도 대표 거점 연구기관인 스크립스코리아항체연구원과의 협업 기회 제공
- (② 지자체(춘천ㆍ홍천) 추가 연계 지원) Pre-Open Innovation 프로그램 연계수출지원ㆍ판로개척 및 향후 오픈이노베이션 프로그램 선정 가능성 향상 제고 등 추가 지원제공가능
※ 자세한 지원내용 공고문 참조",기술,강원테크노파크,강원특별자치도,중소기업,중소기업,,,,,,,기술사업화/이전/지도,2026-08-11,2026-08-21,,"온라인 접수 (강원특별자치도 연구개발사업관리시스템)
※ 자세한 신청방법 공고문 참조","온라인 접수 (강원특별자치도 연구개발사업관리시스템)
※ 자세한 신청방법 공고문 참조",https://www.bizinfo.go.kr/sii/siia/selectSIIA200Detail.do?pblancId=PBLN_000000000125321,main,primary,2026년강원특별자치도첨단바이오preopeninnovation재스크립스코리아항체연구원지원기업모집재공고,강원테크노파크,2026-08-11~2026-08-21,기술,기술사업화/이전/지도
biz,PBLN_000000000125320,[충남] 2026년 지역 거점 정보보호 클러스터 구축 사업 정보보호 비즈니스 모델 발굴 및 유망기업 지원 모집 재공고,"(재)충남테크노파크에서는 충남 소재 지역특화산업 기업의 디지털전환 등 지역 ICT사업과 정보보호 클러스터 간 연계를 통한 정보보호 산업 생태계 구축과 지역 기업의 비즈니스 영역 확장을 위해「신규 비즈니스 모델 발굴 및 유망(창업ㆍ벤처기업) 기업지원 사업」을 추진하오니, 관심 있는 기업의 많은 지원을 바랍니다.
☞ 충남 소재 창업ㆍ벤처기업 중 아래에 해당하는 기업
- 정보보호 전ㆍ후방 기업, 자동차 산업 전ㆍ후방 기업
※ 자세한 지원대상 공고문 참조
☞ (1단계) 신청기업에서 제시한 사업계획서를 바탕으로 정보보호 비즈니스 모델 발굴(고도화)을 위한 활동 지원
- (지원항목) 정보보호 비즈니스 모델 발굴(고도화)을 위한 외부 전문 공급기업에 지급될 비용 지원
(2단계) 정보보호 유망 기술 보유 창업ㆍ벤처기업의 발굴 및 육성지원
- (지원항목) 기술 확보(개발), 시제품 제작, IR자료 제작, 해외전시회 참가, 홍보물 제작, 추가 컨설팅 지원 등 사업모델 개선 관련 서비스를 위한 외부 전문기업(공급기업)에 지급될 비용 지원",창업,충남테크노파크,충청남도,창업벤처,초기창업기업,,,,,,,사업화지원,2026-08-10,2026-08-21,,이메일 접수(sjw@ctp.or.kr),이메일 접수(sjw@ctp.or.kr),https://www.bizinfo.go.kr/sii/siia/selectSIIA200Detail.do?pblancId=PBLN_000000000125320,main,primary,충남2026년지역거점정보보호클러스터구축사업정보보호비즈니스모델발굴및유망기업지원모집재공고,충남테크노파크,2026-08-10~2026-08-21,창업,사업화지원
biz,PBLN_000000000125319,[충남] 2026년 정보보호 기업 성장(특화산업 사업화) 지원사업 모집 공고(지역 거점 정보보호 클러스터 구축사업),"「2026년도 지역거점 정보보호 클러스터 구축사업」“충남 정보보호 기업 성장(사업화) 지원사업 과제”의 모집을 다음과 같이 공고하오니, 동 사업에 참여를 희망하는 중소(중견)기업은 관련 규정 및 절차에 따라 신청하여 주시기 바랍니다.
☞ 충남 소재 정보보호 관련 분야 기업
☞ 지역특화산업(스마트모빌리티)과 연계 또는 개발 완료된 정보보호 기술 및 제품(서비스)의 사업화 또는 상용화 비용 지원 (국내외 전시회 참가비, 홍보물 제작비, 마케팅 및 브랜딩, 상용화 패키징, 사업화 컨설팅 비용 등)",기술,충남테크노파크,충청남도,중소기업,중소기업,,,,,,,기술사업화/이전/지도,2026-08-10,2026-08-21,,이메일 접수(sjw@ctp.or.kr),이메일 접수(sjw@ctp.or.kr),https://www.bizinfo.go.kr/sii/siia/selectSIIA200Detail.do?pblancId=PBLN_000000000125319,main,primary,충남2026년정보보호기업성장특화산업사업화지원사업모집공고지역거점정보보호클러스터구축사업,충남테크노파크,2026-08-10~2026-08-21,기술,기술사업화/이전/지도
biz,PBLN_000000000125318,2026년 2차 아트코리아랩 AI+기술융합 오픈이노베이션 공모,"문화체육관광부와 (재)예술경영지원센터는 예술의 산업적 성장기반 마련을 위한 종합지원 플랫폼 <아트코리아랩(Arts Korea Lab)>에서 ‘AI+기술융합 오픈이노베이션(2차)’ 사업 참여 예술기업을 모집합니다. 선도기업(파트너사)과의 협업을 통한 사업 확장과 신시장 진출을 희망하는 예술기업들의 많은 관심과 참여 바랍니다.
☞ 공고일 기준 설립일로부터 업력 10년 이내 예술기업
- 선도기업(파트너사)과의 협업을 통해 AI, 기술을 예술분야 적용한 PoC 과제 수행, 이를 기반으로 사업화 및 판로 확장을 희망하는 예술기업
☞ 협업 지원금 및 전문 컨설팅 지원
※ 자세한 지원내용 공고문 참조",경영,예술경영지원센터,전국,중소기업,중소기업,,,,,,,디자인/상품화/사업화,2026-08-10,2026-08-24,,온라인 접수 (e나라도움),온라인 접수 (e나라도움),https://www.bizinfo.go.kr/sii/siia/selectSIIA200Detail.do?pblancId=PBLN_000000000125318,main,primary,2026년2차아트코리아랩ai기술융합오픈이노베이션공모,예술경영지원센터,2026-08-10~2026-08-24,경영,디자인/상품화/사업화
biz,PBLN_000000000125317,[대구] 2026년 사회적경제기업 온라인판로 기초 지원사업 참여기업 모집 연장 공고,"대구광역시 사회적경제지원센터는 온라인판로 진입 전ㆍ초기 단계의 사회적경제기업을 대상으로 온라인 판매 기반을 구축하고, 기초역량을 강화하고자「2026 대구시 사회적경제기업 온라인판로 기초 지원사업」을 추진하오니, 관심있는 기업의 많은 참여 바랍니다.
☞ 온라인 판매가 가능한 제품 또는 서비스를 보유하고 있으며, 온라인판로 진입준비 또는 온라인 판매 기반 구축이 필요한 대구 소재 사회적경제기업
※ (예비)사회적기업, (사회적)협동조합, 마을기업
☞ 온라인판로 진입 전ㆍ초기 기업의 판매 준비도 향상을 위해 '온라인판로 초기진입ㆍ역량강화 컨설팅' 또는 '온라인 판매 콘텐츠 제작 지원' 중 1개분야를 선택하여 기업당 최대2,000천원이내 사업화 지원",경영,대구광역시사회적경제지원센터,대구광역시,사회적기업,사회적기업,,,,,,,디자인/상품화/사업화,2026-08-10,2026-08-19,,이메일 접수 (dgsecenter@daum.net),이메일 접수 (dgsecenter@daum.net),https://www.bizinfo.go.kr/sii/siia/selectSIIA200Detail.do?pblancId=PBLN_000000000125317,main,primary,대구2026년사회적경제기업온라인판로기초지원사업참여기업모집연장공고,대구광역시사회적경제지원센터,2026-08-10~2026-08-19,경영,디자인/상품화/사업화
biz,PBLN_000000000125316,[충남] 2026년 2차 예비수소전문기업지원사업 수소산업분야 기술사업화(비R&D) 수혜기업 모집 공고,"(재)충남테크노파크에서는 충남도내 수소산업 관련한 중소ㆍ중견 기업의 경쟁력강화와 수소전문기업으로의 육성을 위하여 아래와 같이 “2026  예비수소전문기업지원 사업을 추진하고 수혜기업을 모집하오니 지원을 받고자 하는 기업에서는 많은 관심과 신청 바랍니다.
☞  충청남도에 소재한 중소ㆍ중견 기업으로 수소산업과 관련된 사업 영위(수소산업 매출) 또는 기술력(지식재산권 등)을 보유하고 수소전문기업으로 지정되지 않는 기업
☞ 기술사업화(시제품 제작, 인증 및 특허, 장비활용), 판로개척, 컨설팅 지원",기술,충남테크노파크,충청남도,중소기업,중소기업,,,,,,,기술사업화/이전/지도,2026-08-18,2026-08-21,,"우편 또는 방문 접수
- 접수처 : 충청남도 예산군 예산읍 수철길 10(미래자동차센터 202호)","우편 또는 방문 접수
- 접수처 : 충청남도 예산군 예산읍 수철길 10(미래자동차센터 202호)",https://www.bizinfo.go.kr/sii/siia/selectSIIA200Detail.do?pblancId=PBLN_000000000125316,main,primary,충남2026년2차예비수소전문기업지원사업수소산업분야기술사업화비rd수혜기업모집공고,충남테크노파크,2026-08-18~2026-08-21,기술,기술사업화/이전/지도
biz,PBLN_000000000125315,[경기] 화성시 2026년 하반기 공급망 확대 사업화 기술컨설팅 참여기업 모집 공고,"화성산업진흥원은 반도체ㆍ모빌리티ㆍ바이오ㆍ로봇 분야 공급망 기업의 현장 기술애로 해결을 지원하고자 다음과 같이 기술컨설팅 참여기업을 모집합니다. 
☞ 공고일 현재 화성시 관내 본사ㆍ공장 또는 기업부설연구소를 둔 중소기업
- 반도체ㆍ모빌리티ㆍ바이오ㆍ로봇 분야의 제품ㆍ공정ㆍ기술문제 해결을 위한 컨설팅 수요가 있는 기업
☞ 제품ㆍ공정ㆍ기술문제 해결을 위한 현장 중심 전문가 컨설팅 지원",기술,화성산업진흥원,경기도,중소기업,중소기업,,,,,,,기술사업화/이전/지도,2026-08-11,2026-08-24,,온라인 접수(화성시기업지원플랫폼),온라인 접수(화성시기업지원플랫폼),https://www.bizinfo.go.kr/sii/siia/selectSIIA200Detail.do?pblancId=PBLN_000000000125315,main,primary,경기화성시2026년하반기공급망확대사업화기술컨설팅참여기업모집공고,화성산업진흥원,2026-08-11~2026-08-24,기술,기술사업화/이전/지도
biz,PBLN_000000000125314,[경기] 화성시 2026년 하반기 국내전시회 단체관 참여기업 모집 공고,"화성시와 화성산업진흥원은 관내 중소기업의 수출 판로개척 및 산업 트렌드 파악을 위하여 「2026년 화성시 국내전시회 하반기 단체관 지원사업」을 운영하고자 합니다. 이에 기업들의 많은 관심과 지원 바랍니다.
☞ 관내 사업장(본사) 또는 공장이 소재한 전년도 수출액 2,000만불 이하 중소기업
☞ 전시회 단체관 참가비(부스임차비 및 장치비 등) 전액 지원, 전시회 참가 전략 및 바이어 유치 전략 등 사전교육 운영 지원",판로/수출,화성산업진흥원,경기도,중소기업,중소기업,,,,,,,해외진출준비,2026-08-10,2026-09-04,,온라인 접수(화성산업진흥원 기업지원플랫폼),온라인 접수(화성산업진흥원 기업지원플랫폼),https://www.bizinfo.go.kr/sii/siia/selectSIIA200Detail.do?pblancId=PBLN_000000000125314,main,primary,경기화성시2026년하반기국내전시회단체관참여기업모집공고,화성산업진흥원,2026-08-10~2026-09-04,수출,해외진출준비
biz,PBLN_000000000125313,[경북] 2026년 지역 중소기업 우수IP 투자역량 강화 지원사업 기업 모집 공고,"한국발명진흥회와 경상북도가 지원하는 「경북지역 중소기업 우수IP 투자역량강화 지원사업」의 주관기관인 (재)경북테크노파크에서 도내 우수 지식재산보유 기업의 기술가치 입증과 투자 촉진을 위한 참여기업 모집을 안내하오니 많은 관심 바랍니다.
☞ 우수 IP(등록ㆍ공개 특허 등)를 보유하고 투자유치를 희망하는 경상북도 내 중소ㆍ벤처기업
☞ IP투자용 기술가치평가, 투자 네트워크 및 IR연계 프로그램 지원(후속ㆍ연계지원)
※ 자세한 지원내용 공고문 참조",기술,경북테크노파크,경상북도,중소기업,중소기업,,,,,,,기술사업화/이전/지도,2026-08-10,2026-08-21,,"온라인 접수 (경북테크노파크)
※ 순서대로 작성하여 PDF/HPW로 두 가지 버전으로 제출","온라인 접수 (경북테크노파크)
※ 순서대로 작성하여 PDF/HPW로 두 가지 버전으로 제출",https://www.bizinfo.go.kr/sii/siia/selectSIIA200Detail.do?pblancId=PBLN_000000000125313,main,primary,경북2026년지역중소기업우수ip투자역량강화지원사업기업모집공고,경북테크노파크,2026-08-10~2026-08-21,기술,기술사업화/이전/지도
biz,PBLN_000000000125312,경남 정보보호 기업 육성 창업ㆍ벤처 기업모집 재공고,"경남테크노파크에서 수행하고 있는 지역 거점 정보보호 클러스터 구축 사업의 일환으로 우리 지역의 정보보호 기업 발굴 및 경쟁력 강화를 위해 아래와 같이 창업ㆍ벤처 기업을 재모집합니다. 
☞ 창업 10년 이내 기업
- SW+보안적용, 제품+보안적용 등 융합 분야로 확대
- 타 지역 기업 신청 가능(2026. 10월까지 경남 본사 이전 또는 지사/연구소 설립 필수)  
☞ 시제품 제작, IR 및 멘토링 참가, BM(비즈니스 모델) 고도화 지원
※ 자세한 지원내용 공고문 참조",경영,경남테크노파크,경상남도,창업벤처,초기창업기업,,,,,,,디자인/상품화/사업화,2026-08-10,2026-08-21,,온라인 접수 (경남테크노파크),온라인 접수 (경남테크노파크),https://www.bizinfo.go.kr/sii/siia/selectSIIA200Detail.do?pblancId=PBLN_000000000125312,main,primary,경남정보보호기업육성창업ㆍ벤처기업모집재공고,경남테크노파크,2026-08-10~2026-08-21,경영,디자인/상품화/사업화
biz,PBLN_000000000125311,[부산] 2026년 하반기 중소기업 밀집지역 위기대응 체계 구축사업 Stand-up 맞춤지원 모집 공고,"중소벤처기업부와 부산광역시가 지원하는 「2026년 중소기업 밀집지역 위기대응 체계 구축사업」 하반기 Stand-up 맞춤지원을 다음과 같이 추진하오니, 참여를 희망하는 해당지역 중소기업들의 많은 신청 바랍니다.
☞ 부산광역시 2026년 하반기 Stand-up 맞춤지원 대상 중소기업 밀집지역 소재 중소기업
※ 자세한 지원대상 공고문 참조
☞ 지원한도 내 자원분야를 제한하지 않고 프로그램 선택 지원(기업당 최대 1,000만원)
- 전문가 또는 공급기관(업)을 활용하여 기업의 현장실사(위기진단 및 요건검토) 결과에 기반한 맞춤 지원 프로그램 지원
- Tech-UP(기술지원) : 기술정보 분석 지원/기술 멘토링, 국내외 지재권/인증 지원, 시험 및 성능분석 지원
- Biz-UP(사업화지원) : 마케팅 지원, 디자인 개발, IR자료/투자계약서 작성, 물류비, 경영 개선 컨설팅 지원
※ 자세한 지원내용 공고문 참조",경영,부산테크노파크,부산광역시,중소기업,중소기업,,,,,,,디자인/상품화/사업화,예산 소진시까지,,,온라인 접수 (부산테크노파크 전자평가시스템),온라인 접수 (부산테크노파크 전자평가시스템),https://www.bizinfo.go.kr/sii/siia/selectSIIA200Detail.do?pblancId=PBLN_000000000125311,main,primary,부산2026년하반기중소기업밀집지역위기대응체계구축사업standup맞춤지원모집공고,부산테크노파크,예산 소진시까지~,경영,디자인/상품화/사업화
biz,PBLN_000000000125310,[경북] 영천시 2026년 5차 지방소멸 대응을 위한 모빌리티 가공부품산업 제조전환 및 구조 효율화 지원사업 공고(시군구연고산업육성 협업프로젝트),"2026년도 중소벤처기업부, 경상북도, 영천시가 지원하는 시군구연고산업육성 협업프로젝트 수행자로 선정된 주관기관별 지원 프로그램을 안내하오니, 해당 프로그램 참여를 희망하는 영천시 지역 중소기업의 많은 신청 바랍니다.
☞ 인구감소(관심)지역으로 지정된 영천시 소재(본사, 공장, 사무실, 기술연구소 등 기준)의 모빌리티 가공부품산업 전ㆍ후방 관련 제품을 생산하는 중소기업
☞ 제조 공정개선 지원
- 노후화 되었거나 안전장치가 미흡한 생산장비의 개선, 고위험 장비의 DX 전환, 생산설비 효율화 지원",경영,경북테크노파크,경상북도,중소기업,중소기업,,,,,,,시설/입지지원,2026-08-10,2026-08-14,,온라인 접수 (기업지원사업 관리시스템),온라인 접수 (기업지원사업 관리시스템),https://www.bizinfo.go.kr/sii/siia/selectSIIA200Detail.do?pblancId=PBLN_000000000125310,main,primary,경북영천시2026년5차지방소멸대응을위한모빌리티가공부품산업제조전환및구조효율화지원사업공고시군구연고산업육성협업프로젝트,경북테크노파크,2026-08-10~2026-08-14,경영,시설/입지지원
biz,PBLN_000000000125309,[부산] 일본 MEDICAL JAPAN 수출상담회 지원사업 공고(2025년도 시군구연고산업육성사업 2차년도),"(재)부산테크노파크에서는 중소벤처기업부, 부산광역시청, 부산서구청에서 지원하는 시군구연고산업육성사업의 일환으로 의료ㆍ헬스케어 관련 기업의 해외 시장진출과 판로확대를 도모하기 위해 아래와 같이 지원 사업을 시행하오니 관심 있는 기업의 많은 신청바랍니다.
☞ 부산지역 소재 (본사, 공장) 의료ㆍ헬스케어산업 중소기업
- 지원대상 기업은 제조업, 제조+서비스업, 의료와 관련된 서비스업 등
☞ 수출상담회 지원
- 일본 MEDICAL JAPAN (10월 7일 ~ 9일)  기간 중 수출상담회 개최 지원
- 전시회 참관 유망 바이어 발굴 및 매칭 상담 지원
- 기업별 통역지원 및 상담장 등 환경 조성 지원",판로/수출,부산테크노파크,부산광역시,중소기업,중소기업,,,,,,,해외진출,2026-08-10,2026-08-21,,온라인 접수(기업지원사업 관리시스템),온라인 접수(기업지원사업 관리시스템),https://www.bizinfo.go.kr/sii/siia/selectSIIA200Detail.do?pblancId=PBLN_000000000125309,main,primary,부산일본medicaljapan수출상담회지원사업공고2025년도시군구연고산업육성사업2차년도,부산테크노파크,2026-08-10~2026-08-21,수출,해외진출
biz,PBLN_000000000125308,[부산] 3차 기업성장기반 글로벌 하이메디 허브 특구 상생협력사업 지원프로그램 기업지원 모집공고(2025년 시군구연고산업육성 협업프로젝트 2차년도),"2026년도 중소벤처기업부와 부산광역시청 및 부산시 서구청이 지원하는 시군구연고산업육성 협업프로젝트 수행자로 선정된 주관기관별 지원 프로그램을 안내하오니, 해당 프로그램 참여를 희망하는 부산지역 중소기업의 많은 신청 바랍니다.
☞ 부산지역 소재(본사, 공장 등) 의료ㆍ헬스케어산업 및 전ㆍ후방 관련 중소기업
※ 지원 대상 중소기업은 제조업, 제조+서비스업, 의료와 관련된 서비스업 등
- 선정평가일 전까지 부산에 소재 또는 이전이 확정된 중소기업
☞ 인증 및 시험분석지원, 글로벌 마켓 입점지원, 생산성향상 지원",기술,부산테크노파크,부산광역시,중소기업,중소기업,,,,,,,기술사업화/이전/지도,2026-08-10,2026-08-21,,온라인 접수(기업지원사업 관리시스템),온라인 접수(기업지원사업 관리시스템),https://www.bizinfo.go.kr/sii/siia/selectSIIA200Detail.do?pblancId=PBLN_000000000125308,main,primary,부산3차기업성장기반글로벌하이메디허브특구상생협력사업지원프로그램기업지원모집공고2025년시군구연고산업육성협업프로젝트2차년도,부산테크노파크,2026-08-10~2026-08-21,기술,기술사업화/이전/지도
biz,PBLN_000000000125307,2026년 2차 기계장비산업기술개발사업(AI팩토리) 신규지원 대상과제 공고,"2026년도 2차 기계장비산업기술개발사업 신규 지원대상 연구개발과제를 다음과 같이 공고하오니 수행하고자 하는 자는 신청하여 주시기 바랍니다.
☞ 기업, 대학, 연구기관, 연구조합, 사업자단체, 의료기관 등
- 주관연구개발기관이 기업인 경우는 접수마감일 현재 법인사업자이어야 하며, 선정평가 개최일 이전에 기업부설연구소(한국산업기술진흥협회 인정서 기준)를 보유하고 있어야 함
☞ 기계장비산업기술개발(제조기반생산시스템, 제조장비실증) 연구개발비 지원",기술,한국산업기술기획평가원,전국,중소기업,중소기업,,,,,,,단독기술개발,2026-08-19,2026-09-09,,온라인 접수 (범부처통합연구지원시스템),온라인 접수 (범부처통합연구지원시스템),https://www.bizinfo.go.kr/sii/siia/selectSIIA200Detail.do?pblancId=PBLN_000000000125307,main,primary,2026년2차기계장비산업기술개발사업ai팩토리신규지원대상과제공고,한국산업기술기획평가원,2026-08-19~2026-09-09,기술,단독기술개발
biz,PBLN_000000000125306,[전북] 2026년 제2회 공영홈쇼핑 혁신기업 제품 코칭 상담회 참여기업 모집 공고,"전북지방중소벤처기업청과 ㈜공영홈쇼핑에서는 ’2026년 9월 전북 지역을 직접 찾아가는 코칭ㆍ상담회를 통해 우수한 혁신 제품들을 발굴 및 육성하고자 하오니 기업 여러분의 많은 관심과 참여 바랍니다.
☞ 전북 소재 기업 중 중소기업기본법 제2조 및 소상공인기본법 제2조에 따른 중소기업 및 소상공인의 B2C 소비재 제품
- 국내 소상공인, 소기업, 중기업 등 (농업, 임업, 어업 생산자 및 생산단체 포함)
☞ 기본 지원(제품 상담ㆍ코칭, 교육지원 및 설명회), 최종 선정 제품 추가 지원(TV홈쇼핑 및 마케팅 지원)
※ 자세한 지원내용 공고문 참조",경영,지방중소벤처기업청,전북특별자치도,중소기업,중소기업,,,,,,,컨설팅,2026-08-10,2026-09-06,,온라인 접수 (판판대로),온라인 접수 (판판대로),https://www.bizinfo.go.kr/sii/siia/selectSIIA200Detail.do?pblancId=PBLN_000000000125306,main,primary,전북2026년제2회공영홈쇼핑혁신기업제품코칭상담회참여기업모집공고,지방중소벤처기업청,2026-08-10~2026-09-06,경영,컨설팅
biz,PBLN_000000000125305,[대전] 2026년 하반기 지역형 예비사회적기업 지정 계획 공고,"「대전광역시 사회적경제 육성 및 지원 조례」 제31조(예비사회적기업의 발굴 등) 및 「고용노동부 2026년도 사회적기업 인증 업무지침」에 따라 2026년 하반기 지역형 예비사회적기업 지정계획을 다음과 같이 공고합니다.
☞ 예비사회적기업 지정 요건을 모두 갖춘 법인ㆍ단체
※ 자세한 신청자격 공고문 참조 
☞ 예비사회적기업 3년 지정
- 대전사회적경제혁신타운 입주기업 대상 임대료 감면 및 혁신타운 내 시설 이용 혜택 등
- 공공기관 우선구매 대상, 사회적기업 컨설팅ㆍ홍보ㆍ판로지원 등",경영,직접수행,대전광역시,사회적기업,사회적기업,,,,,,,디자인/상품화/사업화,2026-08-10,2026-08-28,,"온라인 접수 (사회적기업 포털)
※ 자세한 신청방법 공고문 참조","온라인 접수 (사회적기업 포털)
※ 자세한 신청방법 공고문 참조",https://www.bizinfo.go.kr/sii/siia/selectSIIA200Detail.do?pblancId=PBLN_000000000125305,main,primary,대전2026년하반기지역형예비사회적기업지정계획공고,직접수행,2026-08-10~2026-08-28,경영,디자인/상품화/사업화
biz,PBLN_000000000125304,2026년 2차 기술개발제품 공공기관 실증지원 사업 공고,"중소기업 기술개발제품을 공공기관 현장에 설치하여 성능 시험 등의 실증 지원을 통해 공공구매를 촉진하는「기술개발제품 공공기관 실증지원 사업」의 참여기업 모집을 다음과 같이 공고합니다.
☞ 영 제13조의5 제1항의 요건을 갖춘 중소기업(조합제외)
- 제품 자격 : 우선구매 대상 기술개발제품(12종) 또는 상생협력제품
☞ 현장실증비 제품당 3,000만원까지, 현장 실증비용의 80% 지원
- 제품 설치, 현장 입회시험 공인시험성적서, 재료비, 계측장비 임차, 공공기관 인프라 복구 등",기술,한국중소벤처기업유통원,전국,중소기업,중소기업,,,,,,,기술사업화/이전/지도,2026-08-10,2026-08-24,,온라인 접수 (공공구매종합정보망(SMPP)),온라인 접수 (공공구매종합정보망(SMPP)),https://www.bizinfo.go.kr/sii/siia/selectSIIA200Detail.do?pblancId=PBLN_000000000125304,main,primary,2026년2차기술개발제품공공기관실증지원사업공고,한국중소벤처기업유통원,2026-08-10~2026-08-24,기술,기술사업화/이전/지도
biz,PBLN_000000000125303,[경기] 2026년 친환경차 전환 진단 컨설팅 참여기업 모집 공고,"경기도 노사민정협의회는 기존 내연기관 중심의 자동차 정비업체의 경쟁력 강화와 친환경차 전환 지원을 위해 사업장 진단 분석을 통한 맞춤형 무료 컨설팅을 제공하오니, 관심있는 도내 자동차 정비업 관계자분들의 많은 참여 부탁드립니다. 
☞ 경기도 내 위치한 정비업체
☞ 컨설팅 진행 사업장의 현황 분석을 통한 맞춤형 컨설팅 지원
- 분야 : 인력ㆍ시설ㆍ장비 진단, 정책ㆍ지원사업 안내 및 도입, 경영ㆍ노무ㆍ세무 관련 지원 등",경영,경기도 노사민정협의회,경기도,중소기업,중소기업,,,,,,,컨설팅,모집 완료시,,,이메일 접수 (mscs8808@gyef.or.kr),이메일 접수 (mscs8808@gyef.or.kr),https://www.bizinfo.go.kr/sii/siia/selectSIIA200Detail.do?pblancId=PBLN_000000000125303,main,primary,경기2026년친환경차전환진단컨설팅참여기업모집공고,경기도노사민정협의회,모집 완료시~,경영,컨설팅
biz,PBLN_000000000125302,[충북] 북부 2026년 4차 지식재산 긴급지원 사업 모집 공고,"지역 중소기업에 맞춤형 지식재산 서비스를 지원하는 ‘지식재산 긴급지원’ 사업의 2026년 시행 계획을 다음과 같이 공고하오니 사업에 참여하고자 하는 기업의 많은 신청 바랍니다.
☞ 충주, 제천, 음성, 단양 소재 중소기업 (「중소기업 기본법」제2조 및 동법 시행령 제3조에 의거)
☞ 기업당 2,000만 원 이내 지원
- 지식재산 전문가의 IP현안 진단을 통해 컨설턴트 직접컨설팅을 제공하고, 외부기관(분야별 전문기관)과 함께 국내맞춤 특허ㆍ디자인전략, 디자인ㆍ브랜드개발, 특허기술홍보영상제작, 국내ㆍ해외출원비용 등을 지원
※ 자세한 지원내용 공고문 참조",기술,충북북부지식재산센터,충청북도,중소기업,중소기업,,,,,,,시험/인증,2026-08-10,2026-08-21,,온라인 접수 (지원기업 사업관리시스템),온라인 접수 (지원기업 사업관리시스템),https://www.bizinfo.go.kr/sii/siia/selectSIIA200Detail.do?pblancId=PBLN_000000000125302,main,primary,충북북부2026년4차지식재산긴급지원사업모집공고,충북북부지식재산센터,2026-08-10~2026-08-21,기술,시험/인증
biz,PBLN_000000000125301,[전남광주] 2026년 3차 사회연대경제 청년 일경험사업 시범사업 참여기업 모집 공고,"전남사회적경제통합지원센터는 행정안전부와 전라남도가 공동 추진하는 「사회연대경제 청년 일경험 시범사업」의 운영기관으로서, 미취업 청년에게 사회연대경제 분야의 양질의 일경험 기회를 제공하고자 참여기업을 모집합니다. 
☞ 마을기업, 협동조합 및 고용 10인미만의 사회연대 경제 관련 비영리 법인ㆍ단체
- 2차 선정 이후 잔여 사업량이 발생한 지자체 소재 기업
※ 참여가능 지역 : 광양시, 담양군, 화순군, 무안군, 함평군, 영광군
※ 자세한 지원대상 공고문 참조
☞ 참여청년 인건비, 운영비, 멘토수당, 4대 보험료 약 268,400원 기업 부담분(11.47%) 지원
※ 자세한 지원내용 공고문 참조",인력/일자리,전남사회적경제통합지원센터,광주광역시,사회적기업,"사회적기업,청년",,,,,,,고용유지,2026-08-11,2026-08-20,,이메일 접수(cbcenter@jnsec.kr),이메일 접수(cbcenter@jnsec.kr),https://www.bizinfo.go.kr/sii/siia/selectSIIA200Detail.do?pblancId=PBLN_000000000125301,main,primary,전남광주2026년3차사회연대경제청년일경험사업시범사업참여기업모집공고,전남사회적경제통합지원센터,2026-08-11~2026-08-20,인력,고용유지
biz,PBLN_000000000125300,2026년 제4차 기업부설창작연구소(전담부서) 인정신청 공고,"문화체육관광부와 한국콘텐츠진흥원에서는 ‘2026년 제4차 기업부설창작연구소(전담부서) 인정심의’를 다음과 같이 공고하오니 본 제도의 인정을 희망하는 기관(기업)은 관련 규정 및 절차에 따라 신청하여 주시기 바랍니다.
☞ 문화산업진흥 기본법 제2조에서 정의하는 산업에 해당되는 사업자로 기업부설창작연구소 또는 기업창작전담부서 인정요건을 갖추어 설립하고 인정받고자 하는 기업(개인기업 포함)
※ 자세한 지원대상 공고문 참조
☞ 법인세 세액공제, 벤처기업 요건 등의 혜택 등 지원
※ 자세한 지원내용 공고문 참조
※ 02_신청 매뉴얼.zip 출처 바로가기 내 첨부파일 참조",경영,한국콘텐츠진흥원,전국,중소기업,중소기업,,,,,,,디자인/상품화/사업화,2026-08-03,2026-09-30,,온라인 접수 (기업부설창작연구소 시스템),온라인 접수 (기업부설창작연구소 시스템),https://www.bizinfo.go.kr/sii/siia/selectSIIA200Detail.do?pblancId=PBLN_000000000125300,main,primary,2026년제4차기업부설창작연구소전담부서인정신청공고,한국콘텐츠진흥원,2026-08-03~2026-09-30,경영,디자인/상품화/사업화
biz,PBLN_000000000125299,[대구] 2026년 하반기 중소기업 밀집지역 위기대응 체계 구축사업 Stand-up 맞춤지원 모집 공고,"중소벤처기업부와 충청남도가 지원하는 「2026년 중소기업 밀집지역 위기대응 체계 구축사업」 하반기 Stand-up 맞춤지원을 다음과 같이 추진하오니, 참여를 희망하는 해당지역 중소기업들의 많은 신청 바랍니다.
☞ 대구광역시 2026년 하반기 Stand-up 맞춤지원 대상 중소기업 밀집지역 소재 중소기업
※ 자세한 지원대상 공고문 참조
☞ 지원한도 내 자원분야를 제한하지 않고 프로그램 선택 지원(기업당 최대 10백만원)
- 전문가 또는 공급기관(업)을 활용하여 기업의 현장실사(위기진단 및 요건검토) 결과에 기반한 맞춤 지원 프로그램 지원
- Tech-UP(기술지원) : 기술정보 분석 지원/기술 멘토링, 국내외 지재권/인증 지원, 시험 및 성능분석 지원
- Biz-UP(사업화지원) : 마케팅 지원, 디자인 개발, IR자료/투자계약서 작성, 물류비, 경영 개선 컨설팅 지원
※ 자세한 지원내용 공고문 참조",경영,대구테크노파크,대구광역시,중소기업,중소기업,,,,,,,디자인/상품화/사업화,2026-08-10,2026-08-26,,이메일 접수 (hibig51@dgtp.or.kr),이메일 접수 (hibig51@dgtp.or.kr),https://www.bizinfo.go.kr/sii/siia/selectSIIA200Detail.do?pblancId=PBLN_000000000125299,main,primary,대구2026년하반기중소기업밀집지역위기대응체계구축사업standup맞춤지원모집공고,대구테크노파크,2026-08-10~2026-08-26,경영,디자인/상품화/사업화
biz,PBLN_000000000125298,[전북] 2026년 오픈이노베이션 판로개척형 지원사업 참여기업 모집 공고,"전북창조경제혁신센터는 도내 유망 스타트업의 안정적인 판로 확보와 매출 증대를 위하여 「2026년 오픈이노베이션 판로개척형 지원사업: 더현대Hiㆍ우체국쇼핑 입점지원 프로젝트」에 참여할 기업을 다음과 같이 모집하오니 관심 있는 기업의 적극적인 참여를 바랍니다.
☞ 온라인 플랫폼 입점을 희망하는 전북특별자치도 내 본사 소재 공고일 기준 7년 이내 창업기업(농식품 제조 분야 우대)
☞ 온라인 플랫폼 입점 및 입점에 필요한 과정 지원
※ 자세한 지원내용 공고문 참조",창업,전북창조경제혁신센터,전북특별자치도,창업벤처,초기창업기업,,,,,,,사업화지원,2026-08-07,2026-08-21,,온라인 접수 (전북센터 온라인 신청 플랫폼),온라인 접수 (전북센터 온라인 신청 플랫폼),https://www.bizinfo.go.kr/sii/siia/selectSIIA200Detail.do?pblancId=PBLN_000000000125298,main,primary,전북2026년오픈이노베이션판로개척형지원사업참여기업모집공고,전북창조경제혁신센터,2026-08-07~2026-08-21,창업,사업화지원
biz,PBLN_000000000125297,[충북] 2026년 충북조달박람회 개별참가 지원사업 재공고,"충청북도와 충청북도기업진흥원은 도내 우수 중소기업의 제품 홍보와 판로개척을 지원하고자 다음과 같이 충북조달박람회 참가 지원사업을 시행하오니 희망하는 기업의 많은 참여를 바랍니다.
☞ 도내 소재하는 본사 또는 공장등록을 필한 중소기업
- 제조업 또는 제조업관련 서비스업을 영위하는 업체
☞ 충북조달박람회 참가 부스 임차료(125만원 한도, 기업당 연 1회/조달박람회 1부스) 지원",판로/수출,충청북도기업진흥원,충청북도,중소기업,중소기업,,,,,,,오프라인,2026-07-01,2026-09-28,,이메일 접수 (cba8662@naver.com),이메일 접수 (cba8662@naver.com),https://www.bizinfo.go.kr/sii/siia/selectSIIA200Detail.do?pblancId=PBLN_000000000125297,main,primary,충북2026년충북조달박람회개별참가지원사업재공고,충청북도기업진흥원,2026-07-01~2026-09-28,내수,오프라인
biz,PBLN_000000000125296,[경기] 안양시 2026년 해외시장 개척단 파견 운영 베트남 하노이 참가기업 모집 공고,"관내 중소ㆍ벤처기업의 해외 판로 개척 지원을 통해 글로벌 경쟁력 강화와 수출 증대를 도모하고, 글로벌 네트워크 구축을 위한 「2026년 해외시장 개척단(베트남 하노이)」에 참가할 기업을 모집 공고합니다.
☞ 관내 중소ㆍ벤처기업
- 품목 : 뷰티, 헬스케어, 식품, 유아용품 등 소비재 全품목
※ 자세한 지원대상 공고문 참조 
☞ 유망 바이어 발굴 및 상담주선(참가기업 기준 최소 10 개이상), 온라인 화상 상담회 사전ㆍ사후 운영 지원
- 현지 팝업스토어 운영, 인플루언서 활용 라이브커머스 2회, 쇼핑몰, 유통채널 등 산업시찰을 통한 글로벌 시장 파악 지원
- 참가기업 숙박 지원(기업당1실), 현지 상담장 임차 및 차량 임차료, 통역, 물류비(15kg) 일부지원(초과분 자부담)
- 현지 상담관 운영, 이동 등 상담에 필요한 제반 비용 지원 등",판로/수출,안양산업진흥원,경기도,중소기업,중소기업,,,,,,,시장개척,2026-08-07,2026-08-21,,"이메일 접수 (cws@aba.or.kr)
※ 접수확인 전화 必 (031-8045-6711)","이메일 접수 (cws@aba.or.kr)
※ 접수확인 전화 必 (031-8045-6711)",https://www.bizinfo.go.kr/sii/siia/selectSIIA200Detail.do?pblancId=PBLN_000000000125296,main,primary,경기안양시2026년해외시장개척단파견운영베트남하노이참가기업모집공고,안양산업진흥원,2026-08-07~2026-08-21,수출,시장개척
biz,PBLN_000000000125295,2026년 K-AI 글로벌 밸류체인 진출 지원 참가기업 공고,"우수 K-AI 기업을 대상으로 중소벤처기업진흥공단 동북아아세안 본부 거점(상하이, 싱가포르, 호치민) 간 연계지원을 통해 해외 제조기업과 협력을 촉진하고, 글로벌 밸류체인 진입을 지원하고자 「K-AI 글로벌 밸류체인 진출 지원」사업을 진행합니다. K-AI 분야 중소기업의 많은 신청 바랍니다.
☞ AI기반 솔루션ㆍ서비스 기업, 제조AI, 스마트팩토리, 산업용AI Saas, 로봇ㆍ물류 AI 등 제조혁신 분야 기업 등
☞ 프로그램 전체 기간 내 항공 및 숙박, 국가별 신기술 발표회, 제조기업 등 현지기업(바이어) 매칭상담, VC등 투자유치, 산업시찰 및 네트워킹 등 지원
- (상하이) 신기술 포럼, 제조기업ㆍ산업단지 방문, 1:1 비즈니스 상담 등
- (싱가포르) 현지 VC 초청 IRㆍDEMO DAY 등 
- (호치민) 현지시장 분석보고서 제공, 비즈니스 상담회 개최 등",판로/수출,중소벤처기업진흥공단,전국,중소기업,중소기업,,,,,,,시장개척,2026-08-05,2026-08-20,,"이메일 접수(wujing55@kosmes.or.kr, 605475652@qq.com)
※ 안전한 수신을 위해 2개 E-mail 모두 송부 요청(신청기업에는 신청확인 이메일 1영업일 내 발송예정, 신청확인 이메일을 받지 못한 기업은 문의처로 반드시 신청여부 확인바람)","이메일 접수(wujing55@kosmes.or.kr, 605475652@qq.com)
※ 안전한 수신을 위해 2개 E-mail 모두 송부 요청(신청기업에는 신청확인 이메일 1영업일 내 발송예정, 신청확인 이메일을 받지 못한 기업은 문의처로 반드시 신청여부 확인바람)",https://www.bizinfo.go.kr/sii/siia/selectSIIA200Detail.do?pblancId=PBLN_000000000125295,main,primary,2026년kai글로벌밸류체인진출지원참가기업공고,중소벤처기업진흥공단,2026-08-05~2026-08-20,수출,시장개척
biz,PBLN_000000000125294,2026년 4차 국민생활안전 긴급대응연구(2단계) 기술개발 및 실증 신규과제 공모,"과학기술정보통신부와 행정안전부에서 추진하는「2026년 4차 국민생활안전 긴급대응연구(2단계) 기술개발 및 실증」의 신규과제를 아래와 같이 공모하오니 관심 있는 연구자들의 많은 참여 바랍니다.
☞「국가연구개발혁신법」제2조 제3호 및 동법 시행령 제2조에서 정하는 기관 및 단체
-「기초연구진흥 및 기술개발지원에 관한 법률」제14조 제1항에서 정하는 기관 및 단체
※ 자세한 신청자격 공고문 참조
☞ 긴급한 현장대응 및 재발 방지를 위한 기술개발 연구비 지원
- 재난안전통신망 연동 스마트워치 및 AI 무전요약ㆍ알림시스템 개발
※ 자세한 지원내용 공고문 참조",기술,한국연구재단,전국,중소기업,중소기업,,,,,,,혼합(단독+공동),2026-08-24,2026-09-07,,"온라인 접수 (범부처통합연구지원시스템)
※ 자세한 신청방법 공고문 참조","온라인 접수 (범부처통합연구지원시스템)
※ 자세한 신청방법 공고문 참조",https://www.bizinfo.go.kr/sii/siia/selectSIIA200Detail.do?pblancId=PBLN_000000000125294,main,primary,2026년4차국민생활안전긴급대응연구2단계기술개발및실증신규과제공모,한국연구재단,2026-08-24~2026-09-07,기술,혼합(단독+공동)
biz,PBLN_000000000125293,[부산] 2026년 스마트시티 엑스포 월드 콩그레스(SCEWC) 부산관 전시 참가기업 모집 공고,"부산창조경제혁신센터는 부산 소재의 혁신 기업을 대상으로 기업이 보유한 혁신 기술과 제품의 기술력 제고 및 글로벌 비즈니스 역량 강화를 지원하고자 스페인 바르셀로나에서 개최되는 「2026년 스마트시티 엑스포 월드 콩그레스(SCEWC)」부산관 전시 참가기업 모집을 아래와 같이 공고하오니 역량 있는 기업의 적극적인 신청 바랍니다.
☞ 스마트 도시건설&인프라, 교통, 에너지&환경, 라이프&헬스케어, 스마트 경제, 스마트 정부, IoT 및 기타 스마트시티 관련 분야 등 혁신 기술을 보유한 부산 소재 기업
- 부산 소재 기업으로, 전시가 가능한 완제품 및 상용화 기술 등 을 보유한 기업
☞ 2026년 스마트시티 엑스포 월드 콩그레스(SCEWC) 부산관 전시 홍보 부스 제공 (참가비, 입장료, 부스, 구축비 등)
- 참가 기업별 왕복 항공료(이코노미석 기준) 최대 4백만원, 기타 홍보, 물류, 숙박, 통역, 운영 관련 제반 비용 최대 1백만원 지원(사후 증빙 정산 지급)",판로/수출,부산창조경제혁신센터,부산광역시,중소기업,중소기업,,,,,,,해외진출,2026-08-10,2026-08-23,,"이메일 접수 (chohs@ccei.kr)
※ 이메일 제출 시 제목표기 : [기업명(대표자명)] 2026 SCEWC 부산관 전시 참가접수","이메일 접수 (chohs@ccei.kr)
※ 이메일 제출 시 제목표기 : [기업명(대표자명)] 2026 SCEWC 부산관 전시 참가접수",https://www.bizinfo.go.kr/sii/siia/selectSIIA200Detail.do?pblancId=PBLN_000000000125293,main,primary,부산2026년스마트시티엑스포월드콩그레스scewc부산관전시참가기업모집공고,부산창조경제혁신센터,2026-08-10~2026-08-23,수출,해외진출
biz,PBLN_000000000125292,[충북] 2026년 CIS 종합 무역사절단 참여기업 모집 공고,"충청북도와 KOTRA는 관내 중소ㆍ중견기업의 CIS 시장(타슈켄트/모스크바) 진출 지원을 위하여 「2026 충북 CIS 종합 무역사절단」을 하기와 같이 파견할 예정이오니 많은 관심과 참여 바랍니다.
☞ 도내 중소ㆍ중견 수출기업
☞ 왕복 항공료 일부 (1사 1인, 50만원 이내) 이코노미 기준
-  현지 비즈니스 관련 활동 비용(통역, 공식 활동 차량 등)
- 상담회 개최 비용(행사장 운영, 현지 시장 조사 및 바이어 초청 등)
- 기타 KOTRA 바이어 트래킹 서비스(BTS) 등 사후 관리 지원
- 충북AI무역지원센터를 통한 전문 제품촬영, buyKOREA 업로드 지원",판로/수출,KOTRA충북지원본부,충청북도,중소기업,중소기업,,,,,,,시장개척,2026-08-10,2026-08-28,,온라인 접수 (충북글로벌마케팅시스템),온라인 접수 (충북글로벌마케팅시스템),https://www.bizinfo.go.kr/sii/siia/selectSIIA200Detail.do?pblancId=PBLN_000000000125292,main,primary,충북2026년cis종합무역사절단참여기업모집공고,kotra충북지원본부,2026-08-10~2026-08-28,수출,시장개척
biz,PBLN_000000000125291,2026년 녹색자산유동화증권 이차보전 지원사업(신보5차) 공고,"「2026년 녹색자산유동화증권 이차보전 지원사업」시행계획을 다음과 같이 공고하오니, 본 지원사업 참여를 희망하는 중소ㆍ중견기업은 아래 내용을 참고하여 신청하여 주시기 바랍니다.
☞ 한국형 녹색분류체계에 부합하는 자산(회사채)을 기초로 한 유동화증권 발행에 편입된 중소ㆍ중견기업
☞ 녹색자산유동화증권 발행 시 발생하는 이자비용 일부 지원
※ 자세한 지원내용 공고문 참조",자금,한국환경산업기술원,경상북도,중소기업,중소기업,,,,,,,보증,2026-08-10,2026-09-01,,"온라인 접수 (환경책임투자종합플랫폼 사이트)
※ 필요시 전자우편(gabs@keiti.re.kr)으로 신청서류 제출 가능","온라인 접수 (환경책임투자종합플랫폼 사이트)
※ 필요시 전자우편(gabs@keiti.re.kr)으로 신청서류 제출 가능",https://www.bizinfo.go.kr/sii/siia/selectSIIA200Detail.do?pblancId=PBLN_000000000125291,main,primary,2026년녹색자산유동화증권이차보전지원사업신보5차공고,한국환경산업기술원,2026-08-10~2026-09-01,금융,보증
biz,PBLN_000000000125290,[경북] 북부 2026년 4차 지식재산 긴급지원 사업 모집 공고,"경상북도 북부 지역 중소기업에 맞춤형 지식재산 서비스를 지원하는 ‘지식재산 긴급지원’ 사업의 2026년 시행 계획을 다음과 같이 공고하오니 사업에 참여하고자 하는 기업의 많은 신청 바랍니다.
☞ 경상북도 북부지역 8개 시군 (안동시, 영주시, 문경시, 의성군, 예천군, 청송군, 영양군, 봉화군) 소재 중소기업 (중소기업 기본법 제2조 및 동법 시행령 제3조에 의거)
☞ 기업 당 2,000만원 이내 지원
- 지식재산 전문가의 IP현안 진단을 통해 컨설턴트 직접컨설팅을 제공하고, 외부기관(분야별 전문기관)과 함께 국내맞춤 특허ㆍ디자인전략, 디자인ㆍ브랜드개발, 특허기술홍보영상제작, 국내ㆍ해외출원비용 등을 지원
※ 자세한 지원내용 공고문 참조",기술,경북북부지식재산센터,경상북도,중소기업,중소기업,,,,,,,시험/인증,2026-08-10,2026-08-21,,온라인 접수 (지원기업 사업관리시스템),온라인 접수 (지원기업 사업관리시스템),https://www.bizinfo.go.kr/sii/siia/selectSIIA200Detail.do?pblancId=PBLN_000000000125290,main,primary,경북북부2026년4차지식재산긴급지원사업모집공고,경북북부지식재산센터,2026-08-10~2026-08-21,기술,시험/인증
biz,PBLN_000000000125289,[경북] 2026년 제34회 경상북도 중소기업대상 선정계획 공고,"건실한 기업경영을 통하여 지역발전에 기여한 공이 많은 우수 중소기업에 대해「제34회 경상북도 중소기업대상」을 시상코자 다음과 같이 공고합니다.
☞ 본사가 도내에 소재한 중소기업기본법상 중소기업(제조업 및 지식기반 서비스업)으로 최근 2년 이상 매출실적이 발생하고, 업종별 매출액 및 각 부문별 추천요건을 충족하는 기업
※ 제조업의 경우 본사와 공장이 모두 경상북도 내에 있어야 함.
※ 매출액(25년말) : [제조] 50억원 이상 [지식기반서비스] 20억원 이상
☞ 종합대상, 경영혁신부문대상, 기술개발부문대상, 고용창출부문대상, 여성기업부문대상, 우수상 수상 지원",경영,직접수행,경상북도,중소기업,중소기업,,,,,,,디자인/상품화/사업화,2026-08-10,2026-08-31,,"추천기관을 통한 공문 접수
- (기업) 접수처 : 시ㆍ군, 중소기업 유관 기관/단체
- (추천자) 접수처 : (36759) 경북 안동시 풍천면 도청대로 455 경북도청 기업지원과
※ 신청기업은 추천기관을 통해 접수, 추천기관에서 경상북도 기업지원과 로 추천
※ 추천기관 공문은 신청기간 내 경상북도로 접수되어야 하며, 관련서류 원본은 우편(접수마감일까지 우체국 소인이 찍힌 경우에 한함) 또는 방문제출하고, 해당파일 스캔본을 전자메일(sonyoungsin@korea.kr)로 제출해야함.
※ 자세한 신청방법 공고문 참조","추천기관을 통한 공문 접수
- (기업) 접수처 : 시ㆍ군, 중소기업 유관 기관/단체
- (추천자) 접수처 : (36759) 경북 안동시 풍천면 도청대로 455 경북도청 기업지원과
※ 신청기업은 추천기관을 통해 접수, 추천기관에서 경상북도 기업지원과 로 추천
※ 추천기관 공문은 신청기간 내 경상북도로 접수되어야 하며, 관련서류 원본은 우편(접수마감일까지 우체국 소인이 찍힌 경우에 한함) 또는 방문제출하고, 해당파일 스캔본을 전자메일(sonyoungsin@korea.kr)로 제출해야함.
※ 자세한 신청방법 공고문 참조",https://www.bizinfo.go.kr/sii/siia/selectSIIA200Detail.do?pblancId=PBLN_000000000125289,main,primary,경북2026년제34회경상북도중소기업대상선정계획공고,직접수행,2026-08-10~2026-08-31,경영,디자인/상품화/사업화
biz,PBLN_000000000125288,2026년 3분기 국내 저온 수송차량 지원업체 모집 공고,"우리 수출 수산물의 해외시장 경쟁력 향상을 위해 2026년 3분기 국내 저온 수송차량 지원업체를 아래와 같이 모집하오니 관심 있는 업체의 많은 신청 바랍니다.
☞ 수산물 수출업체(중소ㆍ중견기업)
☞ 저온 수송차량 이용비(vat 제외) 80% 분기별 사후정산 지원
- 지원기간 : ’26.1.1. ∼’26.11.30. (최대 11개월)
- 지원한도 : 업체당 연간 20백만원",판로/수출,한국수산무역협회,전국,중소기업,중소기업,,,,,,,해외진출준비,2026-08-10,2026-08-31,,온라인 접수(온라인 사업신청 통합시스템),온라인 접수(온라인 사업신청 통합시스템),https://www.bizinfo.go.kr/sii/siia/selectSIIA200Detail.do?pblancId=PBLN_000000000125288,main,primary,2026년3분기국내저온수송차량지원업체모집공고,한국수산무역협회,2026-08-10~2026-08-31,수출,해외진출준비
biz,PBLN_000000000125287,2026년 하반기 해양수산신기술 적용제품ㆍ시설 확인 시행 공고,"「해양수산과학기술 육성법」제19조의2, 같은 법 시행령 제18조의2 및 시행규칙 제10조에 따라 2026년 하반기 해양수산신기술 적용제품ㆍ시설 확인 시행계획을 다음과 같이 공고합니다.
☞ 「해양수산과학기술 육성법」제17조제1항에 따른 해양수산신기술(NET) 인증을 받은 자가 그 신기술을 이용하여 제조한 제품이나, 설치한 시설이 신기술을 실증적으로 구현 가능하게 한 경우 신청 가능
※ 자세한 신청대상 공고문 참조
☞ 확인심사 시 발생하는 심사 비용은 정부지원으로 전액 무료 지원
※ 자세한 지원내용 공고문 참조",기술,해양수산과학기술진흥원,전국,중소기업,중소기업,,,,,,,시험/인증,2026-08-07,2026-09-07,,온라인 접수 (해양수산 기술평가시스템),온라인 접수 (해양수산 기술평가시스템),https://www.bizinfo.go.kr/sii/siia/selectSIIA200Detail.do?pblancId=PBLN_000000000125287,main,primary,2026년하반기해양수산신기술적용제품ㆍ시설확인시행공고,해양수산과학기술진흥원,2026-08-07~2026-09-07,기술,시험/인증
biz,PBLN_000000000125286,[인천] 2026년 4차 IFEZ ESG 경영 컨설팅 참여 기업 모집 공고(인천공급망ESG지원센터),"인천상공회의소는 ‘인천공급망ESG지원센터’ 사업의 일환으로 인천광역시 경제자유구역 소재 중소기업의 ESG 경영 부담을 완화하고 ESG 역량 및 수출경쟁력 강화를 위해 붙임과 같이 ‘IFEZ ESG 경영 컨설팅’을 진행하오니 인천광역시경제자유구역 내 중소기업의 많은 관심과 참여 바랍니다. 
☞ 인천광역시 경제자유구역에 본사 또는 공장을 보유한 중소기업
☞ ESG 경영 실천을 위한 맞춤형 컨설팅 지원
- ESG 경영전략 수립(KPI)연계, 지속가능성보고서 작성 지원, 공급망 평가 대응 컨설팅, 안전 보건 경영 체계 구축, 윤리 경영 체계 구축 중 택1하여 진행됨",경영,인천상공회의소,인천광역시,중소기업,중소기업,,,,,,,컨설팅,2026-08-10,2026-08-31,,온라인 접수 (비즈오케이),온라인 접수 (비즈오케이),https://www.bizinfo.go.kr/sii/siia/selectSIIA200Detail.do?pblancId=PBLN_000000000125286,main,primary,인천2026년4차ifezesg경영컨설팅참여기업모집공고인천공급망esg지원센터,인천상공회의소,2026-08-10~2026-08-31,경영,컨설팅
biz,PBLN_000000000125285,[전북] 2026년 5차 전북벤처산업발전협의회 벤처기업육성 지원사업 모집 공고,"(사)전북벤처산업발전협의회에서는 도내 중소ㆍ벤처기업의 성장과 발전을 촉진하기 위한「2026년 벤처기업육성 지원사업 추진계획」을 다음과 같이 공고하오니, 많은 관심과 참여 바랍니다.
☞ 전주벤처촉진지구 내 입주기업 및 전북특별자치도 내 중소기업, 벤처기업 (제조업) 
☞ 벤처기업확인 컨설팅, 벤처기업 IPㆍ인증, 기술평가 벤처기업 성장촉진 지원
※ 자세한 지원내용 공고문 참조",경영,한국방산혁신기업협회,전북특별자치도,중소기업,중소기업,,,,,,,디자인/상품화/사업화,2026-08-07,2026-08-20,,"이메일 또는 방문 접수
- 접수처 : 전북 전주시 덕진구 유상로 67, 스마트배움터 2층 JVADA (사)전북벤처산업발전협의회 
- 이메일 :  jc@jvada.or.kr","이메일 또는 방문 접수
- 접수처 : 전북 전주시 덕진구 유상로 67, 스마트배움터 2층 JVADA (사)전북벤처산업발전협의회 
- 이메일 :  jc@jvada.or.kr",https://www.bizinfo.go.kr/sii/siia/selectSIIA200Detail.do?pblancId=PBLN_000000000125285,main,primary,전북2026년5차전북벤처산업발전협의회벤처기업육성지원사업모집공고,한국방산혁신기업협회,2026-08-07~2026-08-20,경영,디자인/상품화/사업화
biz,PBLN_000000000125284,[전남광주] 2026년 광주형일자리 인증 참여기업 모집 공고,"광주경제진흥상생일자리재단은 전남광주통합특별시와 공동으로 광주형일자리 4대 의제인 적정임금, 적정노동시간, 노사책임경영 및 원·하청 관계 개선을 실천하고, 근로환경 개선과 양질의 일자리 조성, 노사상생문화 확산을 위해 노력하는 지역기업을 발굴·육성하고자 합니다. 이에 「2026년 광주형일자리 기업 인증」 참여기업을 다음과 같이 모집하오니 많은 관심과 참여 바랍니다.
☞ 광주형일자리 4대 의제(적정임금, 적정노동시간, 노사책임경영, 원ㆍ하청관계 개선) 도입을 희망 또는 적용 중인 관내 기업
※ 자세한 지원대상 공고문 참조
☞ 인증 희망 기업을 대상으로 광주형일자리 4대 의제의 실천 수준과 노사상생ㆍ근로환경 개선 노력을 심사ㆍ평가하여 인증기업을 선정하고, 컨설팅ㆍ인증지원금ㆍ인센티브 및 사후관리를 통해 양질의 일자리 확산을 지원
※ 자세한 지원내용 공고문 참조",기타,광주경제진흥상생일자리재단,광주광역시,중소기업,중소기업,,,,,,,제도,2026-08-07,2026-09-13,,온라인 접수(전남광주기업지원시스템),온라인 접수(전남광주기업지원시스템),https://www.bizinfo.go.kr/sii/siia/selectSIIA200Detail.do?pblancId=PBLN_000000000125284,main,primary,전남광주2026년광주형일자리인증참여기업모집공고,광주경제진흥상생일자리재단,2026-08-07~2026-09-13,기타,제도
biz,PBLN_000000000125283,[서울] 2026년 한-일 뿌리기업 비즈니스 매칭 상담회 참여 기업 추가 모집 공고,"서울경제진흥원은 우수한 기술력을 보유하고 있으나 일본 현지 진출에 어려움을 겪고 있는 서울시 뿌리기업 및 기계금속 소공인을 위해 한-일 뿌리기업 비즈니스 매칭 상담회를 지원합니다. 해외 판로 개척을 희망하는 기업들의 많은 관심과 참여를 부탁 드립니다.
☞ 서울시 뿌리기업 및 기계금속 소공인
☞ 오사카 상담회 통역 및 행사 전반 지원
- 기업별 맞춤형 오사카 현지 기업 1:1 매칭 및 비즈니스 상담 진행 지원
- 희망 기업 대상 현지 우수 기업 시찰 진행
- 오사카 시내 호텔(선정기업 별도 안내) 1박 지원(일본 오사카에서 제품 수입이 가능한 기업의 경우 2박 지원 가능)",판로/수출,서울경제진흥원,서울특별시,중소기업,중소기업,,,,,,,해외진출,2026-08-06,2026-08-14,,"이메일 접수 후 온라인 접수
- 이메일 : hope7@sba.seoul.kr
- 온라인 : 캐치시큐
※ 엑셀파일(한글 탭, 영어 탭) 작성 후 이메일로 접수 후 사업자등록증, 중소기업 확인서 등 온라인을 통해 접수","이메일 접수 후 온라인 접수
- 이메일 : hope7@sba.seoul.kr
- 온라인 : 캐치시큐
※ 엑셀파일(한글 탭, 영어 탭) 작성 후 이메일로 접수 후 사업자등록증, 중소기업 확인서 등 온라인을 통해 접수",https://www.bizinfo.go.kr/sii/siia/selectSIIA200Detail.do?pblancId=PBLN_000000000125283,main,primary,서울2026년한일뿌리기업비즈니스매칭상담회참여기업추가모집공고,서울경제진흥원,2026-08-06~2026-08-14,수출,해외진출
biz,PBLN_000000000125282,[전남광주] 2026년 투자진흥지구 및 지역 콘텐츠기업 보증료ㆍ출원료 지원사업 참여기업 모집 공고,"아시아문화중심도시 문화산업 투자진흥지구 소재 콘텐츠 창ㆍ제작 기업 자금난 해소와 안정적인 자금운영을 위해 보증료ㆍ출원료 지원사업에 대하여 아래와 같이 공고합니다.
☞ 투자진흥지구 권역 및 지역 내 콘텐츠 창ㆍ제작 기업
☞ 보증료, 출원료 지원",경영,광주정보문화산업진흥원,광주광역시,중소기업,중소기업,,,,,,,디자인/상품화/사업화,2026-08-05,2026-09-30,,이메일 접수(invest@gicon.or.kr),이메일 접수(invest@gicon.or.kr),https://www.bizinfo.go.kr/sii/siia/selectSIIA200Detail.do?pblancId=PBLN_000000000125282,main,primary,전남광주2026년투자진흥지구및지역콘텐츠기업보증료ㆍ출원료지원사업참여기업모집공고,광주정보문화산업진흥원,2026-08-05~2026-09-30,경영,디자인/상품화/사업화
biz,PBLN_000000000125281,[경북] 안동시 2026년 중소기업 공장 화재보험료 지원 참여기업 추가모집 공고,"안동시와 경상북도경제진흥원은 제조 중소기업을 대상으로 화재 발생시 기업의 피해를 줄여 경영안정을 도모하기 위하여「안동시 중소기업공장 화재보험료 지원사업」을 추진하오니 관심 있는 기업의 많은 참여를 바랍니다.
☞ 안동시에 사업장을 두고 아래 요건을 모두 충족하는 제조 중소기업
-「중소기업기본법」상의 중소기업으로 공장등록증을 보유하고 신청일 현재 가동 중인 기업
- 화재보장(화재배상, 화재손해)이 포함된 보험에 가입한 제조 중소기업
☞ 보험 기간이 12개월 이상인 화재보장(화재배상, 화재손해) 포함 보험가입 시 연간보험료의 80% 지원(최대 100만원)",경영,경상북도경제진흥원,경상북도,중소기업,중소기업,,,,,,,시설/입지지원,예산 소진시까지,,,이메일 접수 (gepa_north@naver.com),이메일 접수 (gepa_north@naver.com),https://www.bizinfo.go.kr/sii/siia/selectSIIA200Detail.do?pblancId=PBLN_000000000125281,main,primary,경북안동시2026년중소기업공장화재보험료지원참여기업추가모집공고,경상북도경제진흥원,예산 소진시까지~,경영,시설/입지지원
biz,PBLN_000000000125280,한류 연계 K-뷰티 태국 진출 미디어 마케팅 지원 참여기업 모집 공고,"국내 K-뷰티 분야 중소벤처기업의 태국 시장 진출 지원을 위한 ‘한류 연계 K-뷰티 태국 미디어 마케팅 프로그램’을 다음과 같이 안내하오니, 관심 있는 기업들의 많은 참여 부탁드립니다.
☞ 국내 K-뷰티 중소벤처기업
☞ 제품 특성을 반영한 맞춤형 미디어 마케팅, 마케팅 영상 등 디지털 자산 제공 및 고객 반응 피드백 지원",판로/수출,중소벤처기업진흥공단,전국,중소기업,중소기업,,,,,,,해외진출준비,2026-08-10,2026-08-21,,"이메일 접수 (ypkim620@kosmes.or.kr, pimchakorn.kosme@gmail.com)","이메일 접수 (ypkim620@kosmes.or.kr, pimchakorn.kosme@gmail.com)",https://www.bizinfo.go.kr/sii/siia/selectSIIA200Detail.do?pblancId=PBLN_000000000125280,main,primary,한류연계k뷰티태국진출미디어마케팅지원참여기업모집공고,중소벤처기업진흥공단,2026-08-10~2026-08-21,수출,해외진출준비
biz,PBLN_000000000125279,[부산] 2026년 CIS 종합소비재 무역사절단  참가기업 모집 공고,"(사)부산벤처기업협회에서는 부산광역시 소재 종합소비재 기업의 해외시장 진출 및 수출확대를 지원하기 위해「2026 CIS 종합소비재 무역사절단」참여기업을 아래와 같이 모집하오니, 해외시장 판로 개척에 관심 있는 지역 기업의 많은 신청 바랍니다.
☞ 전년도 수출총액 3천만불 이하 부산 소재 중소기업
- 참가품목 : 종합소비재(식품, 화장품, 의류, 생활용품 등)
☞ 상담회 개최 제반 비용 
- 왕복 항공료 50% (참가기업 1개사 1인 기준)
- 현지 바이어 발굴·섭외 및 상담주선, 통역 등
- 외국어 공동 카달로그 제작·홍보
- 현지 이동 차량 제공(공식 일정)",판로/수출,부산벤처기업협회,부산광역시,중소기업,중소기업,,,,,,,시장개척,2026-08-07,2026-08-27,,온라인 접수(부산수출플랫폼),온라인 접수(부산수출플랫폼),https://www.bizinfo.go.kr/sii/siia/selectSIIA200Detail.do?pblancId=PBLN_000000000125279,main,primary,부산2026년cis종합소비재무역사절단참가기업모집공고,부산벤처기업협회,2026-08-07~2026-08-27,수출,시장개척
biz,PBLN_000000000125278,러시아 K-Festival O2O 마케팅 프로그램 참여기업 모집 공고,"국내 K-Beauty, Food, Lifestyle 분야 중소벤처기업의 러시아 극동 시장 진출 지원을 위한 러시아 K-Festival O2O 마케팅 프로그램 참여기업 모집을 다음과 같이 안내하오니, 관심 있는 기업들의 많은 참여 부탁드립니다.
☞ K-Beauty, Food, Lifestyle(Fashion 등) 분야 중소벤처기업
☞ K-Festival 內 장소 임차, 부스 설치, 현지 진출 지원(물류, 통관, 온ㆍ오프라인 입점 등) 제품 홍보ㆍ판매 등 지원",판로/수출,중소벤처기업진흥공단,전국,중소기업,중소기업,,,,,,,해외진출,2026-08-06,2026-08-19,,"이메일 접수 (davidkim@kosmes.or.kr, liza.kosmes@mail.ru)","이메일 접수 (davidkim@kosmes.or.kr, liza.kosmes@mail.ru)",https://www.bizinfo.go.kr/sii/siia/selectSIIA200Detail.do?pblancId=PBLN_000000000125278,main,primary,러시아kfestivalo2o마케팅프로그램참여기업모집공고,중소벤처기업진흥공단,2026-08-06~2026-08-19,수출,해외진출
biz,PBLN_000000000125277,2026년 하반기 해양수산신기술(NET) 인증 시행 공고,"「해양수산과학기술 육성법」 제17조, 같은 법 시행령 제16조, 시행규칙 제6조 및 제7조에 따라 2026년 하반기 해양수산신기술(NET) 인증 시행계획을 다음과 같이 공고합니다.
☞ 국내 기업, 연구기관 및 대학 등
※ 해앙수산신기술 인증
- 정량적 평가지표(한국인정기구(KOLAS) 인정을 받은 시험기관의 시험성적서 등)를 확보한 개발 완료기술로서 향후 2년 이내에 상용화가 가능한 기술
- 정량적 평가지표(한국인정기구(KOLAS) 인정을 받은 시험기관의 시험성적서 등)를 확보한 개발완료기술로서 향후 기존 제품의 성능을 현저히 개선시킬 수 있는 기술
- 제품의 생산성이나 품질을 향후 현저히 향상시킬 수 있는 공정기술
※ 해양수산신기술 인증 유효기간 연장 : 인증 유효기간이 끝나는 날의 6개월 전부터 2개월 전까지 아직 상용화가 되지 아니한 신기술 또는 상용화된 지 1년 이내인 신기술
☞ 해양수산신기술 인증 또는 유효기간 연장",기술,해양수산과학기술진흥원,전국,중소기업,중소기업,,,,,,,시험/인증,2026-08-07,2026-09-07,,온라인 접수 (해양수산 R&D지식정보시스템),온라인 접수 (해양수산 R&D지식정보시스템),https://www.bizinfo.go.kr/sii/siia/selectSIIA200Detail.do?pblancId=PBLN_000000000125277,main,primary,2026년하반기해양수산신기술net인증시행공고,해양수산과학기술진흥원,2026-08-07~2026-09-07,기술,시험/인증
biz,PBLN_000000000125276,2026년 BABY AND KIDS FAIR 참가기업 모집 공고,"KOTRA 도쿄무역관에서는 유아용품 대형 일본 유통망(아카짱혼포, 베이비저러스 등)을 보유한 일본 벤더 KJC社와 온라인 수출상담회ㆍ전시회를 개최하고자 합니다. 일본 유아용품 시장 진출을 희망하는 관련 우리 기업의 많은 관심 바랍니다.
☞ 일본 유아용품 시장 진출을 희망하는 수출초보기업
- 대상 분야 : 유아용품(육아, 아기, 출산, 완구 등 전반)
※ 국내외에서 반응이 좋은 새로운 유아용품 제품 전반 선호
※ 제조사/브랜드사가 아닌 단순 무역상사는 지원 불가
☞ 수출상담 및 전시회 출전 기회 제공 지원
- (수출상담) 일본 유아용품 벤더와 온라인 수출상담
- (전시회) 벤더 주최 고객사 대상 신상품 전시회 출전",판로/수출,대한무역투자진흥공사,전국,중소기업,중소기업,,,,,,,해외진출,2026-08-10,2026-09-04,,온라인 접수 (무역투자24),온라인 접수 (무역투자24),https://www.bizinfo.go.kr/sii/siia/selectSIIA200Detail.do?pblancId=PBLN_000000000125276,main,primary,2026년babyandkidsfair참가기업모집공고,대한무역투자진흥공사,2026-08-10~2026-09-04,수출,해외진출
biz,PBLN_000000000125275,[부산] 2026년 데이터센터 글로벌 시장진출 지원사업 참여기업 모집 공고,"부산정보산업진흥원은 지역 데이터센터 관련 기업의 글로벌 시장 진출 기반 마련 및 해외 네트워크 구축을 위해「데이터센터 글로벌 시장진출 지원사업」을 추진하고 있습니다. 일본 최대 IT 전시회 참가를 통해 해외 비즈니스 기회를 창출하고자 하는 지역 기업의 많은 관심과 참여를 바랍니다. 
☞ 데이터센터 관련 기술ㆍ제품ㆍ서비스의 해외시장 진출 및 글로벌 네트워크 구축을 희망하는 기업으로서 다음 각 호에 해당하는 기업
- 단독 신청의 경우 사업자등록증 기준 부산광역시 소재 기업
- 컨소시엄 신청의 경우, 대표기업은 사업자등록증 기준 부산광역시 소재 기업
- (전시분야) 데이터센터 및 관련 기술ㆍ제품ㆍ서비스(AI, 클라우드, IT 인프라 등)
☞ 체재비, 전시, 마케팅, 비즈니스 매칭, 사후 관리 지원",판로/수출,부산정보산업진흥원,부산광역시,중소기업,중소기업,,,,,,,시장개척,2026-08-07,2026-08-21,,이메일 접수 (wlzp@bipa.kr),이메일 접수 (wlzp@bipa.kr),https://www.bizinfo.go.kr/sii/siia/selectSIIA200Detail.do?pblancId=PBLN_000000000125275,main,primary,부산2026년데이터센터글로벌시장진출지원사업참여기업모집공고,부산정보산업진흥원,2026-08-07~2026-08-21,수출,시장개척
biz,PBLN_000000000125274,2026년 3차 해양수산부 혁신제품 지정 시행 공고,"「조달사업에 관한 법률」 제27조제1항 및「(해양수산부) 혁신제품 지정 지침」에 따라 “2026년도 3차 혁신제품 지정제도” 시행을 다음과 같이 공고하오니, 관심이 있는 기업은 안내에 따라 신청하여 주시기 바랍니다.
☞ (신규지정) 아래 두 가지 자격요건을 모두 충족하는 기업
①「중소기업기본법」제2조에서 정한 중소기업
② 접수마감일 기준 5년 이내 해양수산 연구개발사업(R&D) 완료기술을 사업화한 제품 보유기업
- (지정기간 연장) 혁신제품 지정기업 중 혁신제품의 공공부분 시장안착 및 판로개척 지원 등을 강화하기 위하여 총 3년의 범위 내에서 지정기간 연장
- (규격추가ㆍ변경) 혁신제품 지정기업 중 기존 혁신제품의 핵심성능은 유지하되, 제품의 외형 및 기타 성능 등이 추가된 경우(규격추가) 또는 기존 혁신제품의 제품명ㆍ설명 등 단순 변경된 경우(규격변경)
☞ “혁신제품”으로 지정, 지정된 “혁신제품”은 국가계약법, 지방계약법에 근거하여 수의계약이 가능하도록 지원",기술,해양수산과학기술진흥원,전국,중소기업,중소기업,,,,,,,시험/인증,2026-08-07,2026-09-07,,"온라인 접수(나라장터, 해양수산 R&D 바다봄 지식정보시스템)
- 나라장터 : 나라장터(www.g2b.go.kr)에서 물품식별번호 발급 완료 확인
- R&D 바다봄 지식정보시스템 전산접수
※ 자세한 신청방법 공고문 참조","온라인 접수(나라장터, 해양수산 R&D 바다봄 지식정보시스템)
- 나라장터 : 나라장터(www.g2b.go.kr)에서 물품식별번호 발급 완료 확인
- R&D 바다봄 지식정보시스템 전산접수
※ 자세한 신청방법 공고문 참조",https://www.bizinfo.go.kr/sii/siia/selectSIIA200Detail.do?pblancId=PBLN_000000000125274,main,primary,2026년3차해양수산부혁신제품지정시행공고,해양수산과학기술진흥원,2026-08-07~2026-09-07,기술,시험/인증
biz,PBLN_000000000125273,[경북] 구미시 2026년 CIS 식품 무역사절단 참가기업 모집 공고,"구미시와 KOTRA 대구경북지원본부 구미분소에서는 구미시 내 수출유망 중소기업의 CIS 시장 판로개척을 위하여 아래와 같이 해외 파견단을 모집하오니 관심기업의 많은 신청 바랍니다.
☞ 구미시 소재 농식품 관련 중소기업
☞ 현지 바이어 섭외 및 1:1 수출상담회 주선, 통역, 현지 이동 및 식사(공식일정), 상담장 임차, 바이어 발굴 조사비, 최정 선정 업체당 1명 왕복 항공료 50% 지원",판로/수출,KOTRA대구경북지원본부,경상북도,중소기업,중소기업,,,,,,,시장개척,2026-08-10,2026-08-28,,"온라인 접수 후 이메일 접수
- (1단계) 무역투자24 홈페이지(www.kotra.or.kr)에서 신청 후
- (2단계) 하기 제출서류를 KOTRA구미분소 담당자 e-mail로 별도 제출(jeongmh@kotra.or.kr)","온라인 접수 후 이메일 접수
- (1단계) 무역투자24 홈페이지(www.kotra.or.kr)에서 신청 후
- (2단계) 하기 제출서류를 KOTRA구미분소 담당자 e-mail로 별도 제출(jeongmh@kotra.or.kr)",https://www.bizinfo.go.kr/sii/siia/selectSIIA200Detail.do?pblancId=PBLN_000000000125273,main,primary,경북구미시2026년cis식품무역사절단참가기업모집공고,kotra대구경북지원본부,2026-08-10~2026-08-28,수출,시장개척
biz,PBLN_000000000125272,2026년 AI응용제품신속상용화 지원사업(국방)사업 재공고,"국민의 삶을 지키는 강한 국방, 민간 AI 기술을 신속히 국방에 도입하여 국방의 AI 대전환(AX)을 가속화하고, 국내 AI 기업의 국방시장 진입 생태계를 조성하고자 범부처 합동으로 추진 중인 「AI 응용제품 신속 상용화 지원사업(AX-Sprint)」 중 국방분야 지원사업을 다음과 같이 재공고합니다.
☞ 영리기업(중소ㆍ중견ㆍ대기업)을 주관으로 하는 단독 또는 컨소시엄(기업/공공기관/연구소/대학/협회 등)
※ 국방 AI 생태계의 균형있는 활성화를 위해 컨소시엄 구성 권장 
☞ 국방 피지컬 AI 행동 데이터 수집ㆍ가공ㆍ검증 플랫폼 정부지원금(인건비, 군 실증용 테스트베드 구축 및 실증비, 기자재비 등) 지원
- 실증환경, 군 데이터 지원 
※ 자세한 지원내용 공고문 참조",기술,정보통신기획평가원,국방부,중소기업,중소기업,,,,,,,혼합(단독+공동),2026-08-20,2026-09-07,,"온라인 접수 (IITP사업관리시스템) 
※ 날인 및 서명을 완료한 서류 일체를 스캔하여 사업신청 화면 첨부파일란에 첨부하며, 파일명은 연변과 신청서류_신청 기업명으로 기재요망(예시 : 01 사업신청서_주관기업명, 02 사업계획서_주관기업명)","온라인 접수 (IITP사업관리시스템) 
※ 날인 및 서명을 완료한 서류 일체를 스캔하여 사업신청 화면 첨부파일란에 첨부하며, 파일명은 연변과 신청서류_신청 기업명으로 기재요망(예시 : 01 사업신청서_주관기업명, 02 사업계획서_주관기업명)",https://www.bizinfo.go.kr/sii/siia/selectSIIA200Detail.do?pblancId=PBLN_000000000125272,main,primary,2026년ai응용제품신속상용화지원사업국방사업재공고,정보통신기획평가원,2026-08-20~2026-09-07,기술,혼합(단독+공동)
biz,PBLN_000000000125271,[충남] 2026년 하반기 중소기업 밀집지역 위기대응 체계 구축사업 Stand-up 맞춤지원 모집 공고,"중소벤처기업부와 충청남도가 지원하는 「2026년 중소기업 밀집지역 위기대응 체계 구축사업」 하반기 Stand-up 맞춤지원을 다음과 같이 추진하오니, 참여를 희망하는 해당지역 중소기업들의 많은 신청 바랍니다.
☞ 충청남도 2026년 하반기 Stand-up 맞춤지원 대상 중소기업 밀집지역 소재 중소기업
☞ 기업당 지원한도는 최대 1,000만원 까지 지원
- Tech-UP 기술(기술정보 분석 지원/기술 멘토링, 국내외 지재권/인증, 시험 및 성능 분석) 지원
- Biz-UP 사업화(마케팅, 디자인 개발, IR자료/투자계약서 작성, 물류비, 경영 개선 컨설팅) 지원",경영,충남테크노파크,충청남도,중소기업,중소기업,,,,,,,디자인/상품화/사업화,예산 소진시까지,,,이메일 접수 (srv12@ctp.or.kr),이메일 접수 (srv12@ctp.or.kr),https://www.bizinfo.go.kr/sii/siia/selectSIIA200Detail.do?pblancId=PBLN_000000000125271,main,primary,충남2026년하반기중소기업밀집지역위기대응체계구축사업standup맞춤지원모집공고,충남테크노파크,예산 소진시까지~,경영,디자인/상품화/사업화
biz,PBLN_000000000125270,[충남] 2026년 지자체 지식재산창출지원사업 수혜기업 모집 공고,"중소기업의 경쟁우위 확보 및 미래성장 동력 확보를 위하여 「2026년 충남지자체 지식재산창출지원사업」 수요기업 지원계획을 다음과 같이 공고합니다.
☞ 충남 논산시, 보령시, 홍성군 소재 중소기업으로 해당 주소지에 공장 또는 연구소가 위치한 경우도 가능(지사는 불가)
☞ 국내 및 국외 출원비용 지원, 디자인 제품 혁신, IP컨설팅 지원
- 기업별 2개 프로그램 이내 지원
※ 자세한 지원내용 공고문 참조",기술,충남테크노파크,충청남도,중소기업,중소기업,,,,,,,기술사업화/이전/지도,2026-08-07,2026-08-26,,"이메일 접수 (jn0817@ctp.or.kr)
※ 수혜기업이 수행기관을 사전 매칭하여 신청
※ 신청서 확인 후 신청메일로 접수확인 메일발송(제출일 이후 3일 이내), 메일 회신이 오지 않는 경우 반드시 유선으로 접수 확인 요망","이메일 접수 (jn0817@ctp.or.kr)
※ 수혜기업이 수행기관을 사전 매칭하여 신청
※ 신청서 확인 후 신청메일로 접수확인 메일발송(제출일 이후 3일 이내), 메일 회신이 오지 않는 경우 반드시 유선으로 접수 확인 요망",https://www.bizinfo.go.kr/sii/siia/selectSIIA200Detail.do?pblancId=PBLN_000000000125270,main,primary,충남2026년지자체지식재산창출지원사업수혜기업모집공고,충남테크노파크,2026-08-07~2026-08-26,기술,기술사업화/이전/지도
biz,PBLN_000000000125269,2026년 중국 선전 스마트제조기기 전시회 참가기업 모집공고,"국내 중소기업 전시마케팅 역량강화 및 수출활성화를 위해「2026 중국 선전 스마트제조기기 전시회」참여기업을 다음과 같이 모집 공고합니다
☞ 국내 소재 HI-TECH 관련 완제품 또는 모형 전시가 가능한 기업, 기술부문은 디바이스 시연이 가능한 중소기업
- 전시분야 : 바이오ㆍ헬스케어, ITㆍ전자제품, 신소재ㆍ신에너지, 로봇 및 자동화 기술, 첨단제조ㆍ3D프린팅, 저고도ㆍ항공우주, 스마트시티ㆍ환경
※ 자세한 지원대상 공고문 참조
☞  전시회 참가(기업별 부스(9㎡) 제공, 기본 설비 및 디자인)
- 통역지원 (기업당 1명 통역원 배정(영어ㆍ중국어 전시기간 3일))
- 체제비(항공료 및 숙박비 등) (200만원/업체)
- 차량지원(관련일정 이동간 단체버스)
- 중국시장 진출지원 프로그램
- 물품운송료 1CBM 편도(해상) 지원",판로/수출,시흥산업진흥원,경기도,중소기업,중소기업,,,,,,,시장개척,2026-08-10,2026-08-31,,온라인 접수(중소기업 해외전시포탈),온라인 접수(중소기업 해외전시포탈),https://www.bizinfo.go.kr/sii/siia/selectSIIA200Detail.do?pblancId=PBLN_000000000125269,main,primary,2026년중국선전스마트제조기기전시회참가기업모집공고,시흥산업진흥원,2026-08-10~2026-08-31,수출,시장개척
biz,PBLN_000000000125268,[경남] 2026년 현장실습 지원사업 표준현장실습 학기제(2학기) 참여기업 모집 공고,"경상남도와 경남테크노파크는 지역 대학생에게 지역 내 우수기업 소개와 취업에 대한 관심도 고취ㆍ직무연계 선순환 채용환경 조성을 위해「2026년 현장실습 지원사업」을 시행합니다. 이에, 경남지역대학의 표준현장실습학기제와 연계하여 기업 맞춤형 현장실습 참여기업을 모집하오니 지역기업의 많은 신청 바랍니다.
☞ 경남 소재 기업 중 2026년 표준현장실습학기제 참여희망 기업
- 경상남도에 주소지를 두고 있는 중소ㆍ중견기업
- 경남 지역 내 소재한 대학의 대학생을 실습생으로 매칭한 기업
☞ 대학생 표준현장실습학기제 실습기업으로 확정된 기업에게 참여 실습생 현장실습비 지원
- 현장실습생 1명당 월 120만원 / 최대 3개월 지원
※ 자세한 지원내용 공고문 참조",인력/일자리,경남테크노파크,경상남도,중소기업,중소기업,,,,,,,국내일반인력,2026-08-07,2026-08-24,,"온라인 또는 방문, 우편 접수
- 온라인 : 경남테크노파크
- 접수처 : 경남 창원시 의창구 창원대로 18번길 22, 벤처동 504호","온라인 또는 방문, 우편 접수
- 온라인 : 경남테크노파크
- 접수처 : 경남 창원시 의창구 창원대로 18번길 22, 벤처동 504호",https://www.bizinfo.go.kr/sii/siia/selectSIIA200Detail.do?pblancId=PBLN_000000000125268,main,primary,경남2026년현장실습지원사업표준현장실습학기제2학기참여기업모집공고,경남테크노파크,2026-08-07~2026-08-24,인력,국내일반인력
biz,PBLN_000000000125267,[대전] 2026년 2차 특허 기술이전(중개) 지원기업 모집 공고(중소기업 혁신성장 지원 및 기술경쟁력 강화사업),"대전소재 중소기업의 기술경쟁력 강화 및 기술 혁신형 중소기업 육성을 위해 「특허 기술이전(중개) 지원사업」을 다음과 같이 공고하오니 관심 있는 기업의 많은 신청을 바랍니다.
☞ 우수기술(특허)을 도입하여 사업화하고자 하는 대전소재의 중소기업(법인사업자)
☞ 기술이전 중개, 기술이전 비용(기술료) 지원
※ 1개 기업당 1건 이상의 특허 기술이전 신청 가능하며, 복수 특허 이전 시 특허별 기술료를 구분",기술,대전테크노파크,대전광역시,중소기업,중소기업,,,,,,,기술사업화/이전/지도,2026-08-10,2026-08-31,,"온라인 접수 (대전기업정보포털)
※ 자세한 신청방법 공고문 참조","온라인 접수 (대전기업정보포털)
※ 자세한 신청방법 공고문 참조",https://www.bizinfo.go.kr/sii/siia/selectSIIA200Detail.do?pblancId=PBLN_000000000125267,main,primary,대전2026년2차특허기술이전중개지원기업모집공고중소기업혁신성장지원및기술경쟁력강화사업,대전테크노파크,2026-08-10~2026-08-31,기술,기술사업화/이전/지도
biz,PBLN_000000000125266,[전남광주] 2026년 중동 상황 대응 긴급 수출물류비 사업 대상 모집 공고,"중동지역 분쟁에 따른 물류비 급등에 대응하여 도내 수출기업의 경영 악화 해소를 위해 「2026 중동 상황 대응 긴급 수출물류비 지원사업」을 아래와 같이 공고하니 많은 신청 바랍니다.
☞ 다음 요건을 모두 충족하는 도내 중소기업
- 도내에 본사 또는 공장을 보유한 기업
- 전남산 제품을 직접 수출하는 기업(직수출)
※ 수출신고필증상 수출화주와 제조사 모두 전남광주통합특별시 소재
☞ 국외 물류비(항공ㆍ해상 운임, 해외 내륙운송료) 및 창고보관료
- 기업당 최대 3백만원 이내 지원",판로/수출,전남창조경제혁신센터,광주광역시,중소기업,중소기업,,,,,,,해외진출,예산 소진시까지,,,"온라인 신청 후 제반서류 이메일 접수
- 이메일 : story625@ccei.kr
- 온라인 : 전라남도 수출정보망(수출e음)","온라인 신청 후 제반서류 이메일 접수
- 이메일 : story625@ccei.kr
- 온라인 : 전라남도 수출정보망(수출e음)",https://www.bizinfo.go.kr/sii/siia/selectSIIA200Detail.do?pblancId=PBLN_000000000125266,main,primary,전남광주2026년중동상황대응긴급수출물류비사업대상모집공고,전남창조경제혁신센터,예산 소진시까지~,수출,해외진출
biz,PBLN_000000000125265,합성생물학 기반 첨단 바이오제조 글로벌 혁신특구 기업육성 지원사업 모집 공고,"중소벤처기업부와 대전광역시의 지원으로, 합성생물학 기반 첨단 바이오제조의 실증부터 사업화까지 전 과정을 글로벌 스탠더드에 맞춰 수행할 수 있도록 신산업 책임보험, 현지 실증 및 해외 인증 프로그램을 수행할 특구사업자를 아래와 같이 모집하오니 많은 관심과 참여 바랍니다.
☞ 아래 조건을 모두 만족하는 자
-「글로벌 혁신특구 지정 등의 변경」(중소벤처기업부고시 제2026-41호('26.06.18))에서 지정되어 있는 대전 규제자유특구사업자
- 규제자유특구 재정지원사업 운영요령 제10조(수행기관 등의 자격)에 해당하는 자
☞ 신산업 책임보험, 현지실증 및 해외인증 지원
※ 자세한 지원내용 공고문 참조",기술,대전테크노파크,대전광역시,중소기업,중소기업,,,,,,,기술사업화/이전/지도,세부사업별 상이,,,"이메일 및 온라인 접수
- 신산업 책임보험 지원 : 이메일 접수 (yohn06@djtp.or.kr)
- 현지실증 및 해외인증 지원 : 온라인 접수 (대전기업정보포털)","이메일 및 온라인 접수
- 신산업 책임보험 지원 : 이메일 접수 (yohn06@djtp.or.kr)
- 현지실증 및 해외인증 지원 : 온라인 접수 (대전기업정보포털)",https://www.bizinfo.go.kr/sii/siia/selectSIIA200Detail.do?pblancId=PBLN_000000000125265,main,primary,합성생물학기반첨단바이오제조글로벌혁신특구기업육성지원사업모집공고,대전테크노파크,세부사업별 상이~,기술,기술사업화/이전/지도
biz,PBLN_000000000125264,[경남] 양산시 2026년 수산물 가공공장 스마트화 지원사업 신청 공고,"「2026년 수산물 가공공장 스마트화 지원사업」시행지침을 붙임과 같이 안내하오니, 사업희망 업체는 신청바랍니다.
☞ 관내 소재한 수산물 생산ㆍ가공업체
☞ 수산식품 생산성 증가와 위생 및 안전성 확보를 위한 스마트 장비 구입 비용 지원",경영,기초자치단체,경상남도,중소기업,중소기업,,,,,,,시설/입지지원,2026-08-06,2026-08-20,,"이메일, 방문 접수
- 접수처 : 양산시 농업기술센터 농정과 농업유통팀
- 이메일 : jss0310@korea.kr","이메일, 방문 접수
- 접수처 : 양산시 농업기술센터 농정과 농업유통팀
- 이메일 : jss0310@korea.kr",https://www.bizinfo.go.kr/sii/siia/selectSIIA200Detail.do?pblancId=PBLN_000000000125264,main,primary,경남양산시2026년수산물가공공장스마트화지원사업신청공고,기초자치단체,2026-08-06~2026-08-20,경영,시설/입지지원
biz,PBLN_000000000125263,2026년 대구 동구 청년센터 예비 창업 지원 제 5기 Pre D-LINK 프로그램 참여자 모집 연장 공고,"대구광역시 동구는 청년 예비창업자의 발굴 및 안정적인 창업 기반 조성을 위해 「제5기 Pre D-Link 프로그램」참여자 모집을 다음과 같이 연장 공고합니다.
☞ 공고일 기준 동구 내 창업을 희망하는 청년 예비 창업자(19~39세)
☞ 창업기초 및 실무교육 지원
- 최종 선정 시 창업지원금 각 300만원 및 멘토링 지원",창업,동구청년센터the꿈,대구광역시,창업벤처,"청년,초기창업기업",,,,,,,예비창업자지원,2026-07-24,2026-08-14,,이메일로 접수 (theggum3355@gmail.com),이메일로 접수 (theggum3355@gmail.com),https://www.bizinfo.go.kr/sii/siia/selectSIIA200Detail.do?pblancId=PBLN_000000000125263,main,primary,2026년대구동구청년센터예비창업지원제5기predlink프로그램참여자모집연장공고,동구청년센터the꿈,2026-07-24~2026-08-14,창업,예비창업자지원
biz,PBLN_000000000125260,[경남] 김해시 2026년 우리동네 맑은공기 패키지 지원사업 참여 사업자 모집 공고,"「2026년 우리동네 맑은공기 패키지 지원사업」 참여 사업자를 모집하고자 다음과 같이 공고합니다.
☞ 공고일 기준 다음 조건을 모두 충족하는 사업장
① 김해시 진영읍 진영ㆍ본산리 준공업지역(악취관리지역), 부곡ㆍ유하동 일반 공업지역(악취관리지역), 지내ㆍ안동 일반공업지역 내 소재한 사업장
②「대기환경보전법 시행령」 제13조에 따른 1~5종 사업장
③「중소기업기본법 시행령」 제3조제1항에 따른 중ㆍ소기업
☞ 소규모 사업장 대기오염방지시설 설치비 지원",경영,기초자치단체,경상남도,중소기업,중소기업,,,,,,,시설/입지지원,2026-08-07,2026-09-04,,"방문 또는 우편 접수
- 접수처 : (50924) 김해시 김해대로 2401 김해시청 북관 3층 기후대응과 ‘우리동네 맑은공기 패키지 지원사업’ 담당자 앞","방문 또는 우편 접수
- 접수처 : (50924) 김해시 김해대로 2401 김해시청 북관 3층 기후대응과 ‘우리동네 맑은공기 패키지 지원사업’ 담당자 앞",https://www.bizinfo.go.kr/sii/siia/selectSIIA200Detail.do?pblancId=PBLN_000000000125260,main,primary,경남김해시2026년우리동네맑은공기패키지지원사업참여사업자모집공고,기초자치단체,2026-08-07~2026-09-04,경영,시설/입지지원
biz,PBLN_000000000125259,2026년 지방소멸대응 유공 포상 후보자 모집 공고,"지역경제 활성화를 통해 지방소멸 대응에 기여한 유공자 및 단체를 발굴ㆍ격려하기 위하여 「2026년 지방소멸대응 유공」 포상 후보자를 아래와 같이 모집하오니 많은 신청 바랍니다.
☞ 개인ㆍ기업(중소기업 대표 또는 임직원), 기관ㆍ단체(지방정부ㆍ혁신기관및 담당자)
- 개인ㆍ기업 : 인구감소(관심) 지역 등 소멸 위기 지역의 일자리 창출, 생활 인구 유입 등 활성화에 기여한 바가 큰 중소기업 대표자 또는 임직원
- 기관ㆍ단체 : 인구감소(관심) 지역 등 소멸 위기 지역의 지역 경제 활성화와 일자리 창출에 기여한 바가 큰 지방정부, 지역혁신기관 단체 또는 담당자
☞ 총 9점 중소벤처기업부 장관 표창 포상 지원
※ 자세한 지원내용 공고문 참조",판로/수출,중소기업기술정보진흥원,전국,중소기업,중소기업,,,,,,,오프라인,2026-08-10,2026-08-31,,이메일 접수 (ris1@tipa.or.kr ),이메일 접수 (ris1@tipa.or.kr ),https://www.bizinfo.go.kr/sii/siia/selectSIIA200Detail.do?pblancId=PBLN_000000000125259,main,primary,2026년지방소멸대응유공포상후보자모집공고,중소기업기술정보진흥원,2026-08-10~2026-08-31,내수,오프라인
biz,PBLN_000000000125258,경북 K-차세대 전기추진 선박 글로벌혁신 규제자유특구 사업설명회 안내 및 특구사업자 추가 모집 공고,"중소벤처기업부와 경상북도에서 시행하는 「경북 K-차세대 전기추진 선박 글로벌혁신 규제자유특구」사업의 신규 특구사업자 모집을 다음과 같이 공고하오니 기업, 대학, 기관의 많은 참여를 바랍니다.
☞ 특구 지역 내에 사업장이 있거나,향후 특구 지역 내 사업장(지사, 지점, 공장 등)이전 또는 신설이 가능한 기업, 대학, 기관
☞ 관련법에 의거하여 각 특구사업자들이 신청한 ‘규제특례’가 부여
- (사업화) 시제품 고도화, 특허ㆍ인증, 판로개척을 위한 마케팅 등 지원
- (인프라) 규제특례 등의 실증과 상용화 R&D수행에 필수적인 공용 연구장비 등을 연계지원",기술,포항소재산업진흥원,경상북도,중소기업,중소기업,,,,,,,기술사업화/이전/지도,2026-08-07,2026-08-14,,"이메일 접수 (an0901@pomia.or.kr, jwlee12@pomia.or.kr)","이메일 접수 (an0901@pomia.or.kr, jwlee12@pomia.or.kr)",https://www.bizinfo.go.kr/sii/siia/selectSIIA200Detail.do?pblancId=PBLN_000000000125258,main,primary,경북k차세대전기추진선박글로벌혁신규제자유특구사업설명회안내및특구사업자추가모집공고,포항소재산업진흥원,2026-08-07~2026-08-14,기술,기술사업화/이전/지도
biz,PBLN_000000000125257,[경남] 통영시 2026년 2차 외국인근로자 생활환경 개선 지원사업 참여기업 모집 공고,"통영시 관내 숙련 외국인근로자의 안정적 유치, 장기근무 유도를 위한 2026년「외국인근로자 생활환경 개선」지원사업을 아래와 같이 공고하오니 관내 중소기업의 많은 참여 바랍니다.
☞ 사업 공고일(2026. 8. 3.) 기준 외국인근로자 기숙사를 보유한 중소ㆍ중견기업
※ 자세한 지원대상 공고문 참조
☞ 기업이 소유한 외국인 근로자 기숙사 개ㆍ보수비 지원(개소당 최대 50백만원 이내)",인력/일자리,기초자치단체,경상남도,중소기업,중소기업,,,,,,,고용환경개선,2026-08-03,2026-08-14,,"방문, 우편 접수
- 접수처 : 경상남도 통영시 해미당1길 33, 2청사 4층 일자리경제과
 ※ 마감일 18시까지 접수처 도착분에 한함","방문, 우편 접수
- 접수처 : 경상남도 통영시 해미당1길 33, 2청사 4층 일자리경제과
 ※ 마감일 18시까지 접수처 도착분에 한함",https://www.bizinfo.go.kr/sii/siia/selectSIIA200Detail.do?pblancId=PBLN_000000000125257,main,primary,경남통영시2026년2차외국인근로자생활환경개선지원사업참여기업모집공고,기초자치단체,2026-08-03~2026-08-14,인력,고용환경개선
biz,PBLN_000000000125256,[전북] 2026년 스케일업 공공실증 지원사업 참여기업 추가모집 공고(공공실증ㆍ규제 해소ㆍ혁신 시제품 선정 지원),"벤처ㆍ창업기업의 혁신적인 제품ㆍ서비스를 공공서비스 현장에 설치하고 테스트 기회를 제공하며, 관련 규제 해소, 혁신 시제품 선정 및 구매 연계와 민간투자 유치까지 다각적으로 지원하는「스케일업 공공실증 지원사업」의 참여기업 추가 모집을 아래와 같이 진행하오니 도내 창업ㆍ벤처기업의 많은 신청 바랍니다.
☞ 공공분야에 적용될 수 있는 공공성과 혁신성을 가진 기술혁신 제품ㆍ서비스를 보유한 전북 소재 창업 또는 벤처기업
- 공공에 활용될 수 있음을 입증할 수 있는 제품ㆍ서비스 
- 기술성숙도(TRL) 6단계 이상으로 현장에 즉각 실증 가능한 제품ㆍ서비스
- 등록 특허, 실용신안, NEP, NET 중 1개 이상의 권리 보유 필수
※ 자세한 지원대상 공고문 참조
☞ 공공실증ㆍ규제 해소ㆍ혁신 시제품 선정 지원 및 민간투자로 연결될 수 있도록 행정력 및 실증 지원 등 기업당 최대 60백만원 매칭 지원",기술,전북테크노파크,전북특별자치도,창업벤처,초기창업기업,,,,,,,기술사업화/이전/지도,2026-08-10,2026-08-25,,온라인 접수 (전북테크노파크 과학기술 종합정보시스템),온라인 접수 (전북테크노파크 과학기술 종합정보시스템),https://www.bizinfo.go.kr/sii/siia/selectSIIA200Detail.do?pblancId=PBLN_000000000125256,main,primary,전북2026년스케일업공공실증지원사업참여기업추가모집공고공공실증ㆍ규제해소ㆍ혁신시제품선정지원,전북테크노파크,2026-08-10~2026-08-25,기술,기술사업화/이전/지도
biz,PBLN_000000000125255,[경북] 2026년 가속기 활용 산업체 경쟁력 강화사업 기술개발 지원사업 참여기업 모집 공고,"경상북도와 경북테크노파크는 국가핵심연구시설의 산업체 이용률을 제고하고 중소ㆍ중견기업의 경쟁력 및 기술력 강화를 위해「2026년도 가속기 활용 산업체 경쟁력 강화사업」의 일환으로 가속기 활용 사업화 기술개발 지원사업의 참여기업 모집을 다음과 같이 공고하오니 많은 관심과 참여 부탁드립니다.
☞ 공고일 기준 경상북도 내 본사, 공장 및 연구소 등이 소재한 중소ㆍ중견 기업
- 지원분야 : 가속기 활용 가능 전 분야
☞ 경북 기업의 신기술 개발 및 적용을 위해 가속기를 활용하여 매출향상 및 성능개선을 목적으로 기술개발 지원",기술,경북테크노파크,경상북도,중소기업,중소기업,,,,,,,기술사업화/이전/지도,2026-08-07,2026-08-20,,온라인 접수(경북테크노파크),온라인 접수(경북테크노파크),https://www.bizinfo.go.kr/sii/siia/selectSIIA200Detail.do?pblancId=PBLN_000000000125255,main,primary,경북2026년가속기활용산업체경쟁력강화사업기술개발지원사업참여기업모집공고,경북테크노파크,2026-08-07~2026-08-20,기술,기술사업화/이전/지도
biz,PBLN_000000000125254,[충남] 천안시 2026년 천안 전략산업 가치사슬 체계구축 지원사업 참여기업 모집 공고,"천안과학산업진흥원은 천안시 관내 중소기업의 오픈이노베이션을 촉진하고 대ㆍ중견기업과의 가치사슬 체계구축을 통해 지역 산업 생태계 활성화를 지원하고자 「2026년 천안 전략산업 가치사슬 체계구축 지원사업」 참여기업 모집을 다음과 같이 공고합니다. 관내 중소기업의 많은 관심과 적극적인 참여를 바랍니다.
☞ 천안 소재(본사, 공장, 부설연구소 등) 중소기업
☞ 대ㆍ중견기업과 지역 중소기업의 협업 체계 구축을 위한 개발 자금 지원
※ 자세한 지원내용 공고문 참조",경영,천안과학산업진흥원,충청남도,중소기업,중소기업,,,,,,,디자인/상품화/사업화,2026-08-06,2026-08-18,,"이메일 접수 (sbson@cistep.re.kr)
※ 이메일 제목 : [가치사슬]_기업명, 예) [가치사슬]_천안과학산업진흥원","이메일 접수 (sbson@cistep.re.kr)
※ 이메일 제목 : [가치사슬]_기업명, 예) [가치사슬]_천안과학산업진흥원",https://www.bizinfo.go.kr/sii/siia/selectSIIA200Detail.do?pblancId=PBLN_000000000125254,main,primary,충남천안시2026년천안전략산업가치사슬체계구축지원사업참여기업모집공고,천안과학산업진흥원,2026-08-06~2026-08-18,경영,디자인/상품화/사업화
biz,PBLN_000000000125253,[경북] 김천시ㆍ구미시 2026년 중소기업 ESG 경영지원 구축 사업 참여기업 모집 4차 연장 공고,"경상북도ㆍ구미시ㆍ김천시와 경상북도경제진흥원에서는 도내 중소기업의 ESG 역량 강화를 위해「중소기업 ESG 경영지원 구축 사업」참여기업 모집을 다음과 같이 공고를 연장하오니 많은 참여 바랍니다. 
☞ 김천시, 구미시 내 중소기업
※ 구미시 중견기업 참여가능
※ 지원내용 별 대상 상이하므로, 자세한 지원대상 공고문 참조
☞ ESG 수준진단ㆍ평가, ESG 심층 컨설팅, RE100 이행 컨설팅 지원
- ESG 수준진단ㆍ평가 : 기업당 최대 300만원
- ESG 심층 컨설팅 : 기업당 최대 1,200만원
- RE100 이행 컨설팅 : 기업당 최대 1,000만원
※ 자세한 지원내용 공고문 참조",경영,경상북도경제진흥원,경상북도,중소기업,중소기업,,,,,,,디자인/상품화/사업화,2026-08-07,2026-08-14,,"이메일 접수 (lhwokok@gepa.kr)
※ 이메일 제목에 [중소기업 ESG 경영지원 구축사업]_기업명 문구 삽입하여 신청
※ 제출서류 1~4번은 작성 후 한글파일 또는 PDF로 저장하거나 변환하여 제출(스캔본 지양)","이메일 접수 (lhwokok@gepa.kr)
※ 이메일 제목에 [중소기업 ESG 경영지원 구축사업]_기업명 문구 삽입하여 신청
※ 제출서류 1~4번은 작성 후 한글파일 또는 PDF로 저장하거나 변환하여 제출(스캔본 지양)",https://www.bizinfo.go.kr/sii/siia/selectSIIA200Detail.do?pblancId=PBLN_000000000125253,main,primary,경북김천시ㆍ구미시2026년중소기업esg경영지원구축사업참여기업모집4차연장공고,경상북도경제진흥원,2026-08-07~2026-08-14,경영,디자인/상품화/사업화
biz,PBLN_000000000125252,[경기] 구리시 2026년 중소기업 온라인 플랫폼 마케팅 지원사업 참가 모집 공고,"구리시와 경기테크노파크에서는 관내 중소기업의 온라인 매출증대를 위하여 시장 경쟁력과 자생력을 갖출 수 있도록「2026년 구리시 중소기업 온라인 플랫폼 마케팅 지원사업」참여기업를 모집하고자 다음과 같이 공고하오니 많은 관심과 참여 바랍니다.
☞ 구리시 관내 중소기업
☞ 맞춤형 온라인 마케팅 지원(업체당 최대 150만원)
- 제품 상세페이지 제작, 제품 홍보 동영상 제작, 제품홍보 키워드 검색 및 쇼핑검색 광고, 홈쇼핑(라이브커머스 등) 및 글로벌 이커머스 지원",판로/수출,경기테크노파크,경기도,중소기업,중소기업,,,,,,,홍보지원,2026-08-07,2026-08-21,,"온라인, 방문, 우편 및 사전 이메일 접수
- 온라인 : 경기TP 성과관리시스템
- 접수처 : (15588) 경기도 안산시 상록구 해안로 705 (재)경기테크노파크 4동(지원편의동) 3층 319호 기술사업화센터 <2026 구리시 중소기업 온라인 플랫폼 마케팅 지원사업 담당자 앞>
- 이메일 : ygh6463@gtp.or.kr
※ 「2026_구리시온라인플랫폼마케팅지원(회사명).zip」 첨부파일 형태","온라인, 방문, 우편 및 사전 이메일 접수
- 온라인 : 경기TP 성과관리시스템
- 접수처 : (15588) 경기도 안산시 상록구 해안로 705 (재)경기테크노파크 4동(지원편의동) 3층 319호 기술사업화센터 <2026 구리시 중소기업 온라인 플랫폼 마케팅 지원사업 담당자 앞>
- 이메일 : ygh6463@gtp.or.kr
※ 「2026_구리시온라인플랫폼마케팅지원(회사명).zip」 첨부파일 형태",https://www.bizinfo.go.kr/sii/siia/selectSIIA200Detail.do?pblancId=PBLN_000000000125252,main,primary,경기구리시2026년중소기업온라인플랫폼마케팅지원사업참가모집공고,경기테크노파크,2026-08-07~2026-08-21,내수,홍보지원
biz,PBLN_000000000125251,[전남광주] 2026년 바이오플러스 인터펙스코리아 통합홍보관 참가기업 모집 재공고,"전남광주통합특별시 소재 바이오ㆍ헬스케어 기업의 국내외 판로 확대와 대외 홍보를 지원하기 위하여「2026 바이오플러스 인터펙스코리아」전남바이오진흥원 통합홍보관 참가기업을 다음과 같이 모집하오니 많은 참여 바랍니다.
☞ 전남광주통합특별시 내 소재한 바이오ㆍ헬스케어 기업
- 공고일 기준 3개월 이상 전남광주통합특별시 내 본사 또는 공장, 주 사업장이 있는 기업
- 전시분야 : 바이오의약품ㆍ위탁개발ㆍ생산(CDMO), 바이오소재ㆍ원료, 분석ㆍ시험ㆍ품질관리 장비, 생산ㆍ공정ㆍ자동화 장비, 디지털헬스케어ㆍ바이오데이터플랫폼, 제약ㆍ바이오
☞ 기업당 9㎡ 내외 전시 공간, 사전 바이어 초청 및 부대행사 참여 지원",판로/수출,전남바이오진흥원,광주광역시,중소기업,중소기업,,,,,,,오프라인,2026-08-06,2026-08-12,,"이메일 접수 (hyeonuk@jbf.kr)
※ 신청 후 내선 확인 필수","이메일 접수 (hyeonuk@jbf.kr)
※ 신청 후 내선 확인 필수",https://www.bizinfo.go.kr/sii/siia/selectSIIA200Detail.do?pblancId=PBLN_000000000125251,main,primary,전남광주2026년바이오플러스인터펙스코리아통합홍보관참가기업모집재공고,전남바이오진흥원,2026-08-06~2026-08-12,내수,오프라인
biz,PBLN_000000000125250,[전남광주] AI어장 현장실증(응용 서비스 사업화) 지원 모집 3차 재공고(AI기반 어장공간정보 빅데이터 플랫폼 구축 및 활용사업),"전남정보문화산업진흥원에서는 「AI기반 어장공간정보 빅데이터 플랫폼 구축 및 활용사업」의 일환으로 수산양식 분야 디지털 전환 촉진을 위한 “AI어장 현장실증(응용 서비스 사업화) 지원”을 다음과 같이 공고하오니, 역량 있는 기업의 많은 관심과 참여 바랍니다.
☞  해양, 수산양식 분야에 적용가능한 해양조사, 서비스(SW, 응용서비스) 분야 ICT기업으로 전남광주통합특별시 소재의 기업, 법인 또는 연구소 보유기업
※ 공고일 기준 전남광주통합특별시에 사업자등록을 완료한 기업(사업자등록 必)
※ 단독 또는 컨소시엄 형태로 지원 가능. 컨소시엄 구성 시 주관기관은 전남광주통합특별시 기업만 해당하며, 주관기관 참여율 51%(구성, 사업비 등) 이상 의무
☞ 해양수산-ICT 기술 융합 서비스의 양식업 현장 적용 가능성 및 시장성 검증 지원",기술,전남정보문화산업진흥원,광주광역시,중소기업,중소기업,,,,,,,공동기술개발,2026-08-07,2026-08-21,,"이메일, 우편, 방문 접수
- 접수처 : (58600) 전라남도 목포시 대양산단로 200번길 107, 전남유틸리티 자원공유센터
- 이메일 : seo@jcia.or.kr
※ 방문 접수 시 담당자에게 사전 연락 필수","이메일, 우편, 방문 접수
- 접수처 : (58600) 전라남도 목포시 대양산단로 200번길 107, 전남유틸리티 자원공유센터
- 이메일 : seo@jcia.or.kr
※ 방문 접수 시 담당자에게 사전 연락 필수",https://www.bizinfo.go.kr/sii/siia/selectSIIA200Detail.do?pblancId=PBLN_000000000125250,main,primary,전남광주ai어장현장실증응용서비스사업화지원모집3차재공고ai기반어장공간정보빅데이터플랫폼구축및활용사업,전남정보문화산업진흥원,2026-08-07~2026-08-21,기술,공동기술개발
biz,PBLN_000000000125249,[경남] 창원시 제12회 창원음식문화축제 홍보판매 및 체험부스 참가업소 모집 공고,"「제12회 창원음식문화축제」를 찾은 관람객에게 관내 식품위생업소의 대표 메뉴 및 특색 음식을 홍보하고, 다양한 음식문화 체험 기회를 제공하기 위하여 홍보판매부스 및 체험부스 참여업체를 다음과 같이 모집하오니 많은 관심과 참여 바랍니다.
☞ 관내 일반음식점, 휴게음식점, 제과점, 식품제조가공업, 즉석판매제조가공업
☞ 부스 공간, 테이블ㆍ의자 등 기본 집기, 전기시설(필요 시 사전 조율), 체험부스 운영에 필요한 재료비 지원(사전조율)",판로/수출,기초자치단체,경상남도,소상공인,소상공인,,,,,,,오프라인,2026-08-03,2026-08-21,,"이메일, 방문 접수
- 접수처 : 창원시 성산구 중앙대로 181(성산아트홀 지하1층, 보건위생과)
- 이메일 : kmj5956@korea.kr
※ 메일 접수 시 전화 확인 필수","이메일, 방문 접수
- 접수처 : 창원시 성산구 중앙대로 181(성산아트홀 지하1층, 보건위생과)
- 이메일 : kmj5956@korea.kr
※ 메일 접수 시 전화 확인 필수",https://www.bizinfo.go.kr/sii/siia/selectSIIA200Detail.do?pblancId=PBLN_000000000125249,main,primary,경남창원시제12회창원음식문화축제홍보판매및체험부스참가업소모집공고,기초자치단체,2026-08-03~2026-08-21,내수,오프라인
biz,PBLN_000000000125248,2026년 하반기 양산시 관광객 유치 인센티브 지원 계획 공고,"양산시는 단체 관광객 유치를 통해 관광산업의 활력을 제고하고, 지역 관광  생태계 활성화를 위하여 관광객을 유치한 관광사업자를 대상으로 인센티브를 지원하고자 하오니 많은 관심과 참여 바랍니다.
☞ 관광진흥법 제3조 및 제4조에 따른 여행업을 등록한 국내여행업체
☞ 당일관광, 숙박관광, 기차(당일), 유치 우수 여행사 추가 지원
※ 자세한 지원내용 공고문 참조",경영,기초자치단체,경상남도,중소기업,중소기업,,,,,,,디자인/상품화/사업화,예산 소진시까지,,,"방문 또는 우편 접수
- 접수처 : 경상남도 양산시 중앙로 39(남부동), 양산비즈니스센터 3층 관광과 관광마케팅파트
※ 단, 사전 여행계획서는 이메일 가능 (jcmun5@korea.kr) 
※ 사전계획서 이메일 제출시, 도장 또는 서명 포함하여 파일로제출 및 유선으로 접수 여부 확인 必 (055-392-3293)","방문 또는 우편 접수
- 접수처 : 경상남도 양산시 중앙로 39(남부동), 양산비즈니스센터 3층 관광과 관광마케팅파트
※ 단, 사전 여행계획서는 이메일 가능 (jcmun5@korea.kr) 
※ 사전계획서 이메일 제출시, 도장 또는 서명 포함하여 파일로제출 및 유선으로 접수 여부 확인 必 (055-392-3293)",https://www.bizinfo.go.kr/sii/siia/selectSIIA200Detail.do?pblancId=PBLN_000000000125248,main,primary,2026년하반기양산시관광객유치인센티브지원계획공고,기초자치단체,예산 소진시까지~,경영,디자인/상품화/사업화
biz,PBLN_000000000125247,[제주] 서귀포시 2026년 2차 친환경 에너지절감장비 보급사업 대상자 모집 공고,"2026년 친환경 에너지절감장비 보급사업 시행지침에 따라 본 사업 대상자 선정을 위하여 아래와 같이 2차 모집 공고하오니 기한 내 신청하시기 바랍니다.
☞ 어선의 기관, 고효율 등(집어등, 작업등) 외 에너지절감장비의 대체 또는 설치를 희망하는 어업인
- 사업신청 공고일 현재 본인 명의로 어선을 소유하고 최근 1년간 60일 이상 조업실적이 있거나 연간 120만원 이상 수산물 판매실적이 있는 연근해어업 어선 소유자
☞ 고효율 등(LED, 무전극등 등), 노후화된 기관(디젤, 가솔린기관 등), 그 외 유류절감장치ㆍ매연저감장치 등 지원",경영,기초자치단체,제주특별자치도,중소기업,중소기업,,,,,,,시설/입지지원,2026-08-06,2026-08-12,,"방문 접수 
- 접수처 : 지구별 수협(사업과)","방문 접수 
- 접수처 : 지구별 수협(사업과)",https://www.bizinfo.go.kr/sii/siia/selectSIIA200Detail.do?pblancId=PBLN_000000000125247,main,primary,제주서귀포시2026년2차친환경에너지절감장비보급사업대상자모집공고,기초자치단체,2026-08-06~2026-08-12,경영,시설/입지지원
biz,PBLN_000000000125246,[제주] 제주시 2026년 우리동네 맑은공기 패키지 지원사업 소규모 사업장 방지시설 지원사업 공고,"「대기환경보전법」제81조의 규정에 따라 미세먼지 등 대기환경개선을 위하여 추진하는 소규모 사업장 방지시설 설치 지원사업(“우리동네 맑은공기 패키지 지원사업”)에 대한 사업 시행을 아래와 같이 공고하오니 지원 사업장은 2026.8.19. 까지 신청하여 주시기 바랍니다.
☞ 「중소기업기본법」시행령 제3조제1항에 따른 중ㆍ소기업으로서「대기환경보전법」시행령 제13조에 따른 4ㆍ5종 사업장으로서 `26년 사전 공모신청에 참여한 사업장
☞ 방지시설 설치비용의 90% 지원
- 기후에너지환경부의 `2026년도 소규모 사업장 방지시설 설치 지원사업 국고보조금 업무처리지침`에 따른 보조금 지원액 범위내 지원",경영,기초자치단체,제주특별자치도,중소기업,중소기업,,,,,,,시설/입지지원,2026-08-05,2026-08-14,,"방문 접수
- 접수처 : 제주시 동광로2길 13 제주시청 청정환경국 환경지도과","방문 접수
- 접수처 : 제주시 동광로2길 13 제주시청 청정환경국 환경지도과",https://www.bizinfo.go.kr/sii/siia/selectSIIA200Detail.do?pblancId=PBLN_000000000125246,main,primary,제주제주시2026년우리동네맑은공기패키지지원사업소규모사업장방지시설지원사업공고,기초자치단체,2026-08-05~2026-08-14,경영,시설/입지지원
biz,PBLN_000000000125245,[경남] 2026년 수산물 수출가공 HACCP 시설 지원사업 공고,"「2026년 수산물 수출가공 HACCP 시설 지원사업」시행지침을 붙임과 같이 안내하오니, 사업희망 업체는 신청바랍니다.
☞ 도내 소재한 HACCP 등록 또는 등록예정인 수산물 수출업체
※ 최근 2년이내 수산물 수출 실적을 증빙할 수 있는 생산가공업체
☞ 작업장 바닥, 벽, 천장, 출입문 및 창 등 개ㆍ보수 공사 비용 지원 
- HACCP 적용에 따른 칸막이 공사(분리, 구획 등) 비용
- 작업장 청정도 관리에 필요한 설비 설치비용 : 공조기, 환기시설, 에어커튼 등",경영,농업기술센터,경상남도,중소기업,중소기업,,,,,,,시설/입지지원,2026-08-06,2026-08-20,,"방문, 이메일 접수
- 접수처 : 양산시 농업기술센터 농정과 농업유통팀
- 이메일 : jss0310@korea.kr
※ 이메일 접수 시 정상제출 여부 유선상 확인요망 (055-392-5374)","방문, 이메일 접수
- 접수처 : 양산시 농업기술센터 농정과 농업유통팀
- 이메일 : jss0310@korea.kr
※ 이메일 접수 시 정상제출 여부 유선상 확인요망 (055-392-5374)",https://www.bizinfo.go.kr/sii/siia/selectSIIA200Detail.do?pblancId=PBLN_000000000125245,main,primary,경남2026년수산물수출가공haccp시설지원사업공고,농업기술센터,2026-08-06~2026-08-20,경영,시설/입지지원
biz,PBLN_000000000125244,[제주] 제주시 2026년 4차 사회적경제기업 시설기능강화사업 공고,"2026년도 제주시 사회적경제기업 시설기능강화사업 참여기업 4차 공모 사항을 아래와 같이 공고합니다.
☞ 제주시 관내 사회적경제기업중에서 최초 지정(인증)일로부터 1년 이상 및 법인 설립 후 2년 이상 경과한 기업
※ (예비)사회적기업, 사회적협동조합, 마을기업 및 자활기업(법인)
☞ 기업 운영을 위한 시설ㆍ장비 등 자본 형성에 필요한 경비 지원",경영,기초자치단체,제주특별자치도,사회적기업,사회적기업,,,,,,,시설/입지지원,2026-08-05,2026-08-12,,"방문 또는 우편 접수
- 접수처 : 제주특별자치도 제주시 광양9길 17, 3별관 2층 제주시청 경제소상공인과
※ 2026. 8. 12.(수) 18:00 도착분까지 신청 유효함.","방문 또는 우편 접수
- 접수처 : 제주특별자치도 제주시 광양9길 17, 3별관 2층 제주시청 경제소상공인과
※ 2026. 8. 12.(수) 18:00 도착분까지 신청 유효함.",https://www.bizinfo.go.kr/sii/siia/selectSIIA200Detail.do?pblancId=PBLN_000000000125244,main,primary,제주제주시2026년4차사회적경제기업시설기능강화사업공고,기초자치단체,2026-08-05~2026-08-12,경영,시설/입지지원
biz,PBLN_000000000125243,2026년 창업진흥원 대전 팁스타운 일본 파트너 초청 상담회 참가기업 모집 공고,"창업진흥원 대전 팁스타운이 창업기업의 해외시장 진출 기반 마련을 위해 개최하는 「2026년 일본 파트너 초청 상담회」에 참가할 창업기업을 다음과 같이 모집 공고합니다.
☞ 「중소기업기본법」제2조제1항에 따른 중소기업의 대표자이자, 「중소기업창업 지원법」동법 제2조제2호부터 제2조제3의2까지의 각 호의 정의에 따른 창업기업의 대표자로서 모집공고일(’26.8.6.) 기준 창업 7년 이내인 자
※ 신산업 분야 창업기업의 경우 업력 10년 이내까지 지원 가능(중소벤처기업부 고시 「신산업 창업 분야에 관한 규정」 참조)
☞ 일본 파트너 초청 및 국내 창업기업과 1:1 매칭 주선, 상담장소 제공, 통역 지원 (참가기업 비용 부담 없음)",판로/수출,창업진흥원,대전광역시,창업벤처,초기창업기업,,,,,,,해외진출준비,2026-08-07,2026-08-12,,온라인 접수 (K-Startup),온라인 접수 (K-Startup),https://www.bizinfo.go.kr/sii/siia/selectSIIA200Detail.do?pblancId=PBLN_000000000125243,main,primary,2026년창업진흥원대전팁스타운일본파트너초청상담회참가기업모집공고,창업진흥원,2026-08-07~2026-08-12,수출,해외진출준비
biz,PBLN_000000000125242,[경기] 시흥시 2026년 스타트업 투자유치 지원 참여기업 추가 모집 공고,"시흥산업진흥원은 관내 스타트업의 해외 투자 연계 기회를 확대하고 글로벌 투자 유치 가능성 제고을 위한 「2026년 스타트업 투자유치 지원사업」을 다음과 같이 공고합니다.
☞ 관내 본사, 연구소, 지사 등 업력 7년 이내 창업기업
※ 창업기업은 「중소기업창업 지원법」에 따른 창업기업(업력 7년 이내)으로하며, 공고 시작일을 기준으로 업력 판단  
☞ 창업기업의 투자유치 프로그램(피칭, 데모데이 등)이 포함된 공식 글로벌 IR행사 참여 활동비 지원
- 기업당 소요비용 최대 500만원 한도
- 해외 IR 행사 참가경비, 해외출장 교통비",판로/수출,시흥산업진흥원,경기도,창업벤처,"스타트업,초기창업기업",,,,,,,해외진출,2026-08-07,2026-08-25,,"온라인 접수
- 시흥산업홈페이지, 시흥창업센터(startup.sida.kr) 홈페이지 中 택 1
※ 자세한 신청방법 공고문 참조
※ 1, 2의 홈페이지(온라인) 제출시, 전산 오류에 따른 기업 피해 최소화를 위해 서류 제출(업로드) 후 문의처(031-497-6246)를 통한 정상 등록 여부 확인 요망","온라인 접수
- 시흥산업홈페이지, 시흥창업센터(startup.sida.kr) 홈페이지 中 택 1
※ 자세한 신청방법 공고문 참조
※ 1, 2의 홈페이지(온라인) 제출시, 전산 오류에 따른 기업 피해 최소화를 위해 서류 제출(업로드) 후 문의처(031-497-6246)를 통한 정상 등록 여부 확인 요망",https://www.bizinfo.go.kr/sii/siia/selectSIIA200Detail.do?pblancId=PBLN_000000000125242,main,primary,경기시흥시2026년스타트업투자유치지원참여기업추가모집공고,시흥산업진흥원,2026-08-07~2026-08-25,수출,해외진출
biz,PBLN_000000000125241,2026년 K-브랜드 챌린지 참여기업 모집 연장 공고,"주요 소비재 분야 유망기업 발굴 및 해외시장 진출 지원을 위하여 「K-브랜드 챌린지」 참여기업을 다음과 같이 모집합니다.
☞ 「중소기업기본법」 제2조 및 같은 법 시행령 제3조에 따른 중소기업
- 뷰티ㆍ패션ㆍ라이프 분야 자사 브랜드를 보유한 중소기업
- 내수 또는 ‘25년 기준 수출액 500만불미만 수출 초보 기업
※ 지원분야 : 뷰티, 패션, 라이프 (중복신청 가능)
☞ 뷰티ㆍ패션ㆍ라이프 분야 수출 유망기업을 발굴하여 수출 선도기업으로 성장할 수 있도록 지원
- (결선 진출) 팝업스토어, 수출상담, 네트워킹 지원
- (왕중왕전 진출) 상장ㆍ상금, 사업우대, 온라인마케팅 지원 
※ 자세한 지원내용 공고문 참조",판로/수출,중소벤처기업진흥공단,전국,중소기업,중소기업,,,,,,,해외진출준비,2026-07-27,2026-08-14,,온라인 접수 (고비즈코리아),온라인 접수 (고비즈코리아),https://www.bizinfo.go.kr/sii/siia/selectSIIA200Detail.do?pblancId=PBLN_000000000125241,main,primary,2026년k브랜드챌린지참여기업모집연장공고,중소벤처기업진흥공단,2026-07-27~2026-08-14,수출,해외진출준비
biz,PBLN_000000000125240,2026년 농식품 중소기업 기술보호 컨설팅 지원사업 참여기업 모집 공고,"농림식품기술기획평가원에서는 농식품 중소기업 기술보호 컨설팅 지원사업을 다음과 같이 추진하오니, 자격 요건에 해당하는 기업에서는 많은 관심과 참여를 부탁드립니다.
☞ 농식품 R&D 수행, 신기술ㆍ녹색인증 획득 및 혁신제품 지정 기업 등 농림식품 관련 산업 종사 중소기업
☞ 농식품 중소기업 핵심기술 보호전략 수립 및 실무교육 지원",경영,농림식품기술기획평가원,전국,중소기업,중소기업,,,,,,,컨설팅,2026-08-06,2026-08-21,,온라인 접수(상생누리플랫폼),온라인 접수(상생누리플랫폼),https://www.bizinfo.go.kr/sii/siia/selectSIIA200Detail.do?pblancId=PBLN_000000000125240,main,primary,2026년농식품중소기업기술보호컨설팅지원사업참여기업모집공고,농림식품기술기획평가원,2026-08-06~2026-08-21,경영,컨설팅
biz,PBLN_000000000125239,[충북] 2026년 자동차 부품기업 국내외 마케팅 지원사업 모집 공고,"도내 자동차 부품기업의 판로개척 및 수출경쟁력 강화를 위하여 「2026년 자동차 부품기업 국내외 마케팅 지원사업」을 아래와 같이 공고하오니 지원을 희망하는 기업은 관련 절차에 따라 신청하여 주시기 바랍니다.
☞ 도내 자동차부품 관련 중소ㆍ중견기업
☞ 해외 모빌리티 전시회 참가지원(공동부스 운영)",판로/수출,충북과학기술혁신원,충청북도,중소기업,중소기업,,,,,,,해외진출,2026-08-07,2026-08-21,,온라인 접수 (충북과학기술혁신원 과제관리시스템 비즈온),온라인 접수 (충북과학기술혁신원 과제관리시스템 비즈온),https://www.bizinfo.go.kr/sii/siia/selectSIIA200Detail.do?pblancId=PBLN_000000000125239,main,primary,충북2026년자동차부품기업국내외마케팅지원사업모집공고,충북과학기술혁신원,2026-08-07~2026-08-21,수출,해외진출
biz,PBLN_000000000125238,최초 수출기업의 해외인증 취득 사전 검증 지원 참여기업 모집 공고,"한국기계전기전자시험연구원에서 수출 경험이 없는 기업을 대상으로 수출 수요와 인증장벽이 높은 해외인증 분야의 핵심 시험 항목을 사전검증하고 1:1 기술 멘토링 지원을 통해 부적합 리스크를 선제 해소하여 해외인증 취득 성공률을 제고하기 위해 「최초 수출기업의 해외인증 취득 사전 검증 지원 참여기업 모집」을 실시합니다. 많은 관심과 신청 바랍니다. 
☞ 수출 경험이 없는 중소, 중견 기업
- 모집 분야 : 전기전자, 화장품, 사이버보안
※ 자세한 지원대상 공고문 참조 
☞ 기술지도, 검증 및 시험비(기업당 최대 500만원) 지원
※ 자세한 지원내용 공고문 참조",기술,한국기계전기전자시험연구원,전국,중소기업,중소기업,,,,,,,시험/인증,2026-08-06,2026-08-21,,이메일접수 (precert2026@ktc.re.kr),이메일접수 (precert2026@ktc.re.kr),https://www.bizinfo.go.kr/sii/siia/selectSIIA200Detail.do?pblancId=PBLN_000000000125238,main,primary,최초수출기업의해외인증취득사전검증지원참여기업모집공고,한국기계전기전자시험연구원,2026-08-06~2026-08-21,기술,시험/인증
biz,PBLN_000000000125237,2026년 2차 해외산림자원개발 이차보전 사업 공고,"「해외농업ㆍ산림자원 개발협력법」 제25조, 「산림사업종합자금 운용규정」, 「산림사업종합자금 이차보전 규정」에 따라 ‘2026년 해외산림자원개발 이차보전 사업’을 다음과 같이 공고합니다.
☞「해외농업ㆍ산림자원 개발협력법」제2조 규정에 의한 해외산림자원을 개발하기 위하여 같은 법 제7조 규정에 의하여 해외산림자원개발 사업계획 신고가 수리된 자
※ 자세한 지원대상 공고문 참조
☞ 해외산림자원개발에 필요한 사업 자금 융자 지원
- 신규 대출규모 : 3,664백만원
※ 자세한 지원내용 공고문 참조",자금,산림조합중앙회,산림청,중소기업,중소기업,,,,,,,융자,2026-08-10,2026-09-11,,"우편 또는 방문 접수
- 접수처 : (우편번호 07570) 서울특별시 강서구 공항대로 475 한국임업진흥원 산림산업지원본부 국제산림협력실","우편 또는 방문 접수
- 접수처 : (우편번호 07570) 서울특별시 강서구 공항대로 475 한국임업진흥원 산림산업지원본부 국제산림협력실",https://www.bizinfo.go.kr/sii/siia/selectSIIA200Detail.do?pblancId=PBLN_000000000125237,main,primary,2026년2차해외산림자원개발이차보전사업공고,산림조합중앙회,2026-08-10~2026-09-11,금융,융자
biz,PBLN_000000000125236,[경북] 2026년 해양 콘텐츠 제작 지원사업 모집 공고(경북콘텐츠기업지원센터),"경북 동해안이 보유한 해양 자원을 기반으로 지역특화 콘텐츠를 발굴ㆍ제작하고 콘텐츠 기업의 역량 강화와 사업 기반을 마련하기 위하여 [2026 해양 콘텐츠 제작 지원사업]을 다음과 같이 공고하오니 경상북도 소재 콘텐츠기업의 많은 참여 바랍니다.
☞ 공고일 기준 사업자등록증 상 본사 또는 지사가 경상북도에 소재한 콘텐츠 기업
- 지원분야 : 해양 자원(소재)을 바탕으로 한 방송, 애니메이션, 캐릭터, 만화(웹툰), 음악 및 실감콘텐츠 등 순수 콘텐츠 분야
- 「문화산업진흥 기본법 제2조 1항」에 해당하는 문화산업 분야 기업(단, 게임, 공연, 영화, 출판, 디자인 분야 제외)
- 경상북도 소개 IPㆍ기술 보유 콘텐츠 기업
- 경상북도 동해안의 해양 자원을 기반으로 지역 특화 콘텐츠를 발굴ㆍ제작하여 역량 강화 및 사업화 기반을 마련하고자 하는 기업
※ 자세한 지원대상 공고문 참조
☞ 지역 해양 자원을 활용한 신규 해양 콘텐츠 제작(과제당 45,000 천원) 지원",기술,경북문화재단 콘텐츠진흥원,경상북도,중소기업,중소기업,,,,,,,기술사업화/이전/지도,2026-08-06,2026-08-20,,온라인 접수 (e나라도움),온라인 접수 (e나라도움),https://www.bizinfo.go.kr/sii/siia/selectSIIA200Detail.do?pblancId=PBLN_000000000125236,main,primary,경북2026년해양콘텐츠제작지원사업모집공고경북콘텐츠기업지원센터,경북문화재단콘텐츠진흥원,2026-08-06~2026-08-20,기술,기술사업화/이전/지도
biz,PBLN_000000000125235,2026년 농식품 중소기업 ESG 경영 도입 및 국제표준 인증 취득 지원사업 참여기업 모집 공고,"농림식품기술기획평가원에서는 농식품 중소기업의 ESG경영 도입과 국제표준 인증 취득을 위한 컨설팅 지원사업을 다음과 같이 추진하오니, 자격 요건에 해당하는 기업에서는 많은 관심과 참여를 부탁드립니다.
☞ 농식품 R&D 수행, 신기술/녹색인증 획득 및 혁신제품 지정 등 농림식품 관련 산업 종사 중소기업
☞ ESG경영 도입 및 국제표준(ISO) 인증 취득 등 종합 컨설팅 지원",경영,농림식품기술기획평가원,전국,중소기업,중소기업,,,,,,,컨설팅,2026-08-06,2026-08-21,,온라인 접수(상생누리플랫폼),온라인 접수(상생누리플랫폼),https://www.bizinfo.go.kr/sii/siia/selectSIIA200Detail.do?pblancId=PBLN_000000000125235,main,primary,2026년농식품중소기업esg경영도입및국제표준인증취득지원사업참여기업모집공고,농림식품기술기획평가원,2026-08-06~2026-08-21,경영,컨설팅
biz,PBLN_000000000125234,2026년 하반기 지식재산처 우수특허기반 혁신제품 추가등록 공고,"지식재산처에서는 우수특허기반 혁신제품의 공공조달 연계 활성화를 위해 「2026년 하반기 우수특허기반 혁신제품 추가등록」을 다음과 같이 공고하오니, 기 지정된 혁신제품의 규격 추가등록을 희망하는 중소기업은 안내에 따라 신청해 주시기 바랍니다.
☞ 혁신제품(지정 유효)을 소유한 중소기업 또는 개인사업자
- 기 지정된 혁신제품의 핵심 기술ㆍ성능ㆍ특허 등은 유지하되 제품의 외형, 핵심성능이 아닌 기타 성능 등이 변경되어 물품 추가등록이 필요한 혁신제품
※ 자세한 지원대상 공고문 참조 
☞ 기 지정 우수특허기반 혁신제품의 규격 추가등록을 지원하여, 공공조달 연계 활성화 및 판로 구축 지원",판로/수출,한국발명진흥회,지식재산처,중소기업,중소기업,,,,,,,공공구매,2026-08-12,2026-09-04,,"온라인 접수 (한국발명진흥회)
※ 물품식별번호 등록 완료 후 신청 서류 구비하여 평가기관(한국발명진흥회) 홈페이지를 통해 접수
※ 자세한 신청방법 공고문 참조","온라인 접수 (한국발명진흥회)
※ 물품식별번호 등록 완료 후 신청 서류 구비하여 평가기관(한국발명진흥회) 홈페이지를 통해 접수
※ 자세한 신청방법 공고문 참조",https://www.bizinfo.go.kr/sii/siia/selectSIIA200Detail.do?pblancId=PBLN_000000000125234,main,primary,2026년하반기지식재산처우수특허기반혁신제품추가등록공고,한국발명진흥회,2026-08-12~2026-09-04,내수,공공구매
biz,PBLN_000000000125233,[경북] 메가 이벤트 연계 제작 지원사업 모집 공고(경북콘텐츠기업지원센터),"경상북도 내 지역 축제ㆍ행사ㆍ관광자원 등 메가 이벤트 현장에서 활용 가능한 콘텐츠 제작을 위한 지원사업을 진행하오니 많은 참여 바랍니다.
☞ 공고일 기준 사업자등록증 상 본사 또는 지사가 경상북도에 소재한 콘텐츠 기업
- 지원분야 : 지역 행사ㆍ축제 연계 캐릭터, 애니메이션, 실감형 콘텐츠 등 순수 콘텐츠 분야
- 「문화산업진흥 기본법 제2조 1항」에 해당하는 문화산업 분야 기업(단, 게임, 공연, 영화, 출판, 디자인 분야 제외)
- 지역행사 참여를 통해 콘텐츠의 시장성을 검증하고자 하는 경북 소재 콘텐츠 기업
- 신규 콘텐츠 IP, 캐릭터, 굿즈, 전시·체험 콘텐츠 등 현장 판매 및 홍보 확산이 가능한 콘텐츠를 보유하거나 개발하고자 하는 기업
※ 자세한 지원대상 공고문 참조
☞ 메가 이벤트 연계 제작 지원비 45,000,000원 지원
- 지역 행사 참여를 통해 현장 테스트 및 팝업 전시, 굿즈ㆍ라이선싱 활용이 가능한 콘텐츠 제작 지원",기술,경북문화재단 콘텐츠진흥원,경상북도,중소기업,중소기업,,,,,,,기술사업화/이전/지도,2026-08-06,2026-08-20,,온라인 접수 (e나라도움),온라인 접수 (e나라도움),https://www.bizinfo.go.kr/sii/siia/selectSIIA200Detail.do?pblancId=PBLN_000000000125233,main,primary,경북메가이벤트연계제작지원사업모집공고경북콘텐츠기업지원센터,경북문화재단콘텐츠진흥원,2026-08-06~2026-08-20,기술,기술사업화/이전/지도
biz,PBLN_000000000125232,2026년 하반기 지식재산처 우수특허기반 혁신제품 신규지정 공고,"지식재산처에서는 우수특허기반 혁신제품의 공공조달 연계 활성화를 위해 「2026년 하반기 우수특허기반 혁신제품 신규지정」을 다음과 같이 공고하오니, 혁신제품 지정을 희망하는 중소기업은 안내에 따라 신청해 주시기 바랍니다.
☞ 지식재산처 우수연구개발 제품, 우수발명품 우선구매 추천 제품
- 중소기업진흥에 관한 법률 제2조제1호에 따른 중소기업 또는 개인사업자
- 조달청에 물품분류번호 및 물품식별번호가 모두 등록된 제품
- 신청제품에 적용한 기술에 대한 지식재산권(특허, 실용신안)이 있는 경우
- 개발완성수준(TRL) 7~9단계에 이르는 상용화 이전의 혁신 (시)제품으로 기술혁신 성능 확인이 가능한 (시)제품
☞ 혁신제품 지정, '국가를 당사자로 하는 계약'의 수의 계약이 가능하도록 허용(지정기간 : 지정일로부터 3년) 지원
※ 자세한 지원내용 공고문 참조",기술,한국발명진흥회,지식재산처,중소기업,중소기업,,,,,,,시험/인증,2026-08-12,2026-09-04,,"온라인 접수 (한국발명진흥회)
※ 물품식별번호 등록 완료 후 신청 서류 구비하여 평가기관(한국발명진흥회) 홈페이지를 통해 접수
※ 자세한 신청방법 공고문 참조","온라인 접수 (한국발명진흥회)
※ 물품식별번호 등록 완료 후 신청 서류 구비하여 평가기관(한국발명진흥회) 홈페이지를 통해 접수
※ 자세한 신청방법 공고문 참조",https://www.bizinfo.go.kr/sii/siia/selectSIIA200Detail.do?pblancId=PBLN_000000000125232,main,primary,2026년하반기지식재산처우수특허기반혁신제품신규지정공고,한국발명진흥회,2026-08-12~2026-09-04,기술,시험/인증
biz,PBLN_000000000125231,[충북] 2026년 하반기 중소기업 밀집지역 위기대응 체계 구축사업 Stand-up 맞춤지원 모집 공고,"중소벤처기업부와 충청북도가 지원하는 「2026년 중소기업 밀집지역 위기대응 체계 구축사업」 하반기 Stand-up 맞춤지원을 다음과 같이 추진하오니, 참여를 희망하는 해당지역 중소기업들의 많은 신청 바랍니다.
☞ 충청북도 2026년 하반기 Stand-up 맞춤지원 대상 중소기업 밀집지역 소재 중소기업
☞ 충청북도 내 중소기업 밀집지역 상시 모니터링 및 긴급처방 지원(Stand-up 맞춤지원)
- Tech-UP (기술지원) : 기술정보 분석 지원/기술 멘토링, 국내외 지재권/인증 지원, 시험 및 성능분석 지원
- Biz-UP (사업화지원) : 마케팅 지원, 디자인 개발, IR자료/투자계약서 작성 지원, 물류비 지원, 경영 개선 컨설팅",경영,충북테크노파크,충청북도,중소기업,중소기업,,,,,,,디자인/상품화/사업화,2026-08-06,2026-08-24,,"온라인 접수 (기업지원종합정보망 컨택센터) 
※ 자세한 신청방법 공고문 참조","온라인 접수 (기업지원종합정보망 컨택센터) 
※ 자세한 신청방법 공고문 참조",https://www.bizinfo.go.kr/sii/siia/selectSIIA200Detail.do?pblancId=PBLN_000000000125231,main,primary,충북2026년하반기중소기업밀집지역위기대응체계구축사업standup맞춤지원모집공고,충북테크노파크,2026-08-06~2026-08-24,경영,디자인/상품화/사업화
biz,PBLN_000000000125230,[경남] 2026년 2차 R&D기획 지원 신청기업 모집 공고,"중소벤처기업부와 경상남도, 경남테크노파크에서는 도내 중소기업의 기술개발 방향 설정과 사업화 성공률 제고를 지원하기 위해 「R&D기획 지원사업」을 공고하오니, 관심 있는 기업의 많은 참여 바랍니다.
☞ 본사를 경남에 보유하고 있는 중소기업(「부가가치세법 시행령」 제8조에 따른 사업자등록 기준)
☞ 2026년 정부부처 R&D 공모과제 신청을 위한 기술개발 기획 및 사업계획서 작성 전 과정에 대한 기업 지원
※ 자세한 지원내용 공고문 참조",기술,경남테크노파크,경상남도,중소기업,중소기업,,,,,,,기술정보제공,2026-08-06,2026-08-14,,온라인 접수 (경남테크노파크 홈페이지),온라인 접수 (경남테크노파크 홈페이지),https://www.bizinfo.go.kr/sii/siia/selectSIIA200Detail.do?pblancId=PBLN_000000000125230,main,primary,경남2026년2차rd기획지원신청기업모집공고,경남테크노파크,2026-08-06~2026-08-14,기술,기술정보제공
biz,PBLN_000000000125229,2026년 이차전지 소재부품 기업대상 시제품 제작 지원프로그램 참여기업 추가 상시모집 공고,"구미전자정보기술원은 국내 이차전지 산업생태계 활성화 및 경쟁력 강화를 위한「이차전지 육성 거점센터 구축 지원사업」의 일환으로 이차전지 원소재ㆍ전구체ㆍ양극재 개발을 위한 지원프로그램을 시행하고자 합니다. 아래와 같이 지원 사업을 공고하오니 관심있는 시업의 참여를 바랍니다.
☞ 이차전지 소재개발과 관련된 국내 기업
☞ 이차전지 소재 및 셀 공정장비를 활용하여 기업의 시제품 제작 지원
※ 자세한 지원내용 공고문 참조",기술,구미전자정보기술원,경상북도,중소기업,중소기업,,,,,,,기술사업화/이전/지도,상시 접수,,,이메일 접수 (tnd02204@geri.re.kr),이메일 접수 (tnd02204@geri.re.kr),https://www.bizinfo.go.kr/sii/siia/selectSIIA200Detail.do?pblancId=PBLN_000000000125229,main,primary,2026년이차전지소재부품기업대상시제품제작지원프로그램참여기업추가상시모집공고,구미전자정보기술원,상시 접수~,기술,기술사업화/이전/지도
biz,PBLN_000000000125228,2026년 6차 해외지식재산센터 법률서비스 지원사업 정기 공고,"해외 수출 또는 수출 준비 중인 우리 중소ㆍ중견 기업의 해외 지재권 권리확보 및 지재권 분쟁ㆍ침해 초기대응을 위한 해외 지재권 지원사업을 다음과 같이 공고합니다.
☞  대한민국에 사업자로 등록이 되어 있고, 국세 및 지방세 체납이 없는 현지 수출 또는 수출 준비 중인 중소ㆍ중견기업(개인사업자 포함)
☞ 권리확보(해외 출원) 지원, 분쟁ㆍ침해 초기대응 지원, 심층 법률자문 지원(무료)",판로/수출,한국지식재산보호원,지식재산처,중소기업,중소기업,,,,,,,해외진출,세부사업별 상이,,,"온라인 및 유선 접수
- 정기모집 : 온라인 접수(해외지식재산센터 법률서비스지원시스템)
- 수시접수 : 해외지식재산협력실(1600-9099), 해외지식재산센터(붙임2참조)","온라인 및 유선 접수
- 정기모집 : 온라인 접수(해외지식재산센터 법률서비스지원시스템)
- 수시접수 : 해외지식재산협력실(1600-9099), 해외지식재산센터(붙임2참조)",https://www.bizinfo.go.kr/sii/siia/selectSIIA200Detail.do?pblancId=PBLN_000000000125228,main,primary,2026년6차해외지식재산센터법률서비스지원사업정기공고,한국지식재산보호원,세부사업별 상이~,수출,해외진출
biz,PBLN_000000000125227,2026년 예술기업 상생혁신(오픈이노베이션) 지원사업 공고,"문화체육관광부와 (재)예술경영지원센터는 예술분야 창업기업의 창의적인 아이디어와 전문 역량을 바탕으로 대ㆍ중견기업과의 개방형 혁신(Open Innovation) 협업을 촉진하고, 협업 과제의 실행부터 사업화 검증(PoC)까지 단계별로 지원하는 <2026 예술기업 상생혁신(오픈이노베이션) 지원사업>을 추진합니다. 예술 전문성과 적극적인 실행역량을 갖춘 예술분야 창업기업을 다음과 같이 모집하오니 많은 관심과 참여 바랍니다. 
☞ 업력 10년 이내 예술분야 창업기업
※ 자세한 지원대상 공고문 참조 
☞ 대ㆍ중견기업과 1:1 매칭 및 협업 기회 지원
- 협업과제 사업화 검증(PoC) 지원금 지원
- 협업 과정 내 전담 모더레이터 및 전문 컨설턴트 지원
- 사업 홍보ㆍ마케팅, 네트워킹, 성과공유회 등을 통한 기업 홍보 기회 제공
- 성과 확산 등 선정기업 후속 지원",창업,예술경영지원센터,전국,창업벤처,초기창업기업,,,,,,,사업화지원,2026-08-06,2026-08-20,,온라인 접수 (e나라도움),온라인 접수 (e나라도움),https://www.bizinfo.go.kr/sii/siia/selectSIIA200Detail.do?pblancId=PBLN_000000000125227,main,primary,2026년예술기업상생혁신오픈이노베이션지원사업공고,예술경영지원센터,2026-08-06~2026-08-20,창업,사업화지원
biz,PBLN_000000000125226,[전남광주ㆍ충남] 2026년 인공지능 맞춤형 뷰티기기 고도화 글로벌화 지원사업 기업지원 통합 모집 공고(바이오산업 개방형 생태계 조성 촉진 사업),"「2026년도 바이오산업 개방형 생태계 조성 촉진사업」의 일환으로 추진되는 인공지능 맞춤형 뷰티기기 고도화 글로벌화 지원사업 수행자로 선정된 수행기관 및 과제별 지원프로그램을 안내하오니, 해당 프로그램 참여를 희망하는 지역 기업의 많은 신청 바랍니다.
☞ 전남광주통합특별시 및 충청남도 소재 뷰티ㆍ인공지능ㆍ헬스케어 등 분야 중소ㆍ중견기업
- AI 기술 적용을 희망하는 제품(뷰티 디바이스, 뷰티ㆍ헬스케어 콜라보 디바이스, 기능성 화장품 콜라보ㆍ패키징 제품 등)을 보유ㆍ개발 중인 기업
※ 공고일 기준 사업자등록증 상 본사, 지사, 공장, 기업부설 연구소 중 1개 이상이 해당 지역에 소재한 기업
☞ AI 모델 개발, 시제품 제작, 국내ㆍ외 특허, 국내 사용성평가, 인체적용 임상유효성 평가, 사용적합성 평가 등 지원
※ 자세한 지원내용 공고문 참조",기술,광주테크노파크,광주광역시,중소기업,중소기업,,,,,,,기술사업화/이전/지도,2026-08-06,2026-08-19,,"이메일 접수
※ 지원프로그램 별 이메일 상이, 공고문 참조","이메일 접수
※ 지원프로그램 별 이메일 상이, 공고문 참조",https://www.bizinfo.go.kr/sii/siia/selectSIIA200Detail.do?pblancId=PBLN_000000000125226,main,primary,전남광주ㆍ충남2026년인공지능맞춤형뷰티기기고도화글로벌화지원사업기업지원통합모집공고바이오산업개방형생태계조성촉진사업,광주테크노파크,2026-08-06~2026-08-19,기술,기술사업화/이전/지도
biz,PBLN_000000000125225,[울산] 2026년 5차 사회연대경제 청년 일경험 시범사업 참여기업 추가 모집 공고,"미취업 청년에게 사회연대경제 분야 일경험 기회를 제공하여 직무 역량 강화 등 진입 기반을 마련하고 사회연대경제 분야에 대한 청년의 관심을 높이기 위한 「2026년 사회연대경제 청년 일경험 시범사업」의 참여기업을 다음과 같이 5차 추가 모집 공고합니다.
☞ 마을기업, 협동조합, 고용 10인 미만 사회연대경제 관련 비영리법인 및 단체
-「마을기업 육성 및 지원에 관한 법률」에 따른 마을기업
-「협동조합 기본법」에 따른 협동조합
- 고용 10인 미만의 사회연대경제 관련 비영리법인ㆍ단체
☞ 사회연대경제 조직 현장에서 과업을 직접 수행하는 방식으로 청년 일경험 기회 제공 및 제반 비용 지원
- 참여청년 1인당 운영비 월 20만원, 멘토수당 월 15만원, 4대보험 기업부담분(11.47%)",인력/일자리,울산경제일자리진흥원,울산광역시,사회적기업,"사회적기업,청년",,,,,,,국내일반인력,모집 완료시,,,"이메일 접수 (swork@ubpi.or.kr)
※ 제출서류를 1개의 파일로 만들어 제출","이메일 접수 (swork@ubpi.or.kr)
※ 제출서류를 1개의 파일로 만들어 제출",https://www.bizinfo.go.kr/sii/siia/selectSIIA200Detail.do?pblancId=PBLN_000000000125225,main,primary,울산2026년5차사회연대경제청년일경험시범사업참여기업추가모집공고,울산경제일자리진흥원,모집 완료시~,인력,국내일반인력
biz,PBLN_000000000125224,[충남] 2026년 3차 소기업형 스마트공장 구축 지원사업 공고,"도내 소기업의 스마트공장 보급 활성화를 통해 기업의 경쟁력을 확보 할 수 있도록 소기업 특화형 스마트공장 구축ㆍ운영 진단 및 솔루션 도입 비용을 지원하고자「26년 충남 소기업형 스마트공장 구축 지원 사업」을 공고하오니 많은 관심과 참여 바랍니다.
☞ 충청남도 소재 제조 소기업,「중소기업기본법」시행령 기준에 의한 제조 소기업
☞ 스마트공장 기반 “생산자동화 장비/설비, IT시스템” 구축비 지원
- ICT 연계 간이 생산시스템, 제조공정 설비
DX 전환지원, 중대재해 예방 및 ESG 경영지원 (안전보건 시스템)",경영,충남테크노파크,충청남도,중소기업,중소기업,,,,,,,시설/입지지원,2026-08-10,2026-08-14,,온라인 접수(스마트공장 사업관리시스템),온라인 접수(스마트공장 사업관리시스템),https://www.bizinfo.go.kr/sii/siia/selectSIIA200Detail.do?pblancId=PBLN_000000000125224,main,primary,충남2026년3차소기업형스마트공장구축지원사업공고,충남테크노파크,2026-08-10~2026-08-14,경영,시설/입지지원
biz,PBLN_000000000125222,[경북] 2026년 2차 특화형 공공조달 연계 군수품 상용화 지원사업(교육 및 컨설팅 분야) 참여기업 모집 공고,"경북지역 방산 군수품 관련 기업의 경쟁력 강화를 위해 「026 경북지역 특화형 공공조달 연계 군수품 상용화 지원사업」의 일환으로, 경북지역 기업 제품이 군수물자로 납품을 위한 「교육ㆍ컨설팅ㆍ기술교류회」를 지원하고자 하오니, 기업의 많은 관심과 신청 바랍니다.
☞ 공고일 기준 경상북도 내 본사 또는 사업장을 보유하고 군수품 납품을 희망하는 중소ㆍ중견기업
- 신청 가능제품 : 군수물자 또는 군(軍) 수요 품목
☞ 군수물자 납품 모의평가, 교육, 컨설팅, 기술교류회 지원",경영,경북테크노파크,경상북도,중소기업,중소기업,,,,,,,교육,2026-08-06,2026-08-28,,온라인 접수 (경북테크노파크 홈페이지),온라인 접수 (경북테크노파크 홈페이지),https://www.bizinfo.go.kr/sii/siia/selectSIIA200Detail.do?pblancId=PBLN_000000000125222,main,primary,경북2026년2차특화형공공조달연계군수품상용화지원사업교육및컨설팅분야참여기업모집공고,경북테크노파크,2026-08-06~2026-08-28,경영,교육
biz,PBLN_000000000125221,2026년 K-브랜드 해외 상표권 보호ㆍ라이선싱 전략 지원(시범)사업 공고,"해외 진출을 추진하거나, 진출 예정인 국내 중소ㆍ중견기업의 안정적인 해외시장 진출과 IP 기반 수익 창출을 지원하고자「2026년 K-브랜드 해외 상표 보호ㆍ라이선싱 전략 지원 시범사업」을 다음과 같이공고합니다.
☞ 해외에서 프랜차이즈 계약, 상표권 사용 계약, 라이선스 계약 등을 추진(예정) 중인 수출 중소ㆍ중견기업
☞ 해외 로열티 수익 창출(예정) 중소ㆍ중견기업을 대상으로 해외 상표권 라이선스 계약 전략 수립, 기존 계약서 검토ㆍ개선 등 맞춤형 대응전략 수립을 위한 전문가(특허법인, 지식재산 전문 로펌 등)의 컨설팅 지원",판로/수출,한국지식재산보호원,지식재산처,중소기업,중소기업,,,,,,,해외진출,2026-08-03,2026-08-21,,온라인 접수(국제 지재권분쟁 대응전략 지원사업 지원기업 서비스),온라인 접수(국제 지재권분쟁 대응전략 지원사업 지원기업 서비스),https://www.bizinfo.go.kr/sii/siia/selectSIIA200Detail.do?pblancId=PBLN_000000000125221,main,primary,2026년k브랜드해외상표권보호ㆍ라이선싱전략지원시범사업공고,한국지식재산보호원,2026-08-03~2026-08-21,수출,해외진출
biz,PBLN_000000000125220,2026년 산림분야 지식재산권 우수기술 사업화 지원사업 공고,"산림분야의 우수 지식재산권을 발굴하고, 임업 기술의 실용화 및 산업 경쟁력 강화를 도모하고자 「2026년 산림분야 지식재산권 우수기술 사업화 지원사업」을 다음과 같이 공고하오니, 관련 임산업체 여러분의 많은 관심과 참여 바랍니다.
☞ 산림분야 등록특허ㆍ실용신안 기술을 활용한 제품 판매 예정 또는 판매 중인 임산업체
※ 등록특허ㆍ실용신안을 자체 보유 또는 기술이전 등을 통해 활용하려는 경우 포함 
※ 단, 산림형(예비)사회적기업, 산림분야 국유특허 기술이전기업, 산림청 혁신제품 보유기업 등은 별도의증빙서류를제출하는경우, 예외적으로인정
☞ 사업화 지원사업(1,000만원 이내/건) 지원
- 시제품, 실증, 인허가, 판로개척 등 소요비용 지원
- 사업화 컨설팅 및 관련 보고서 지원",기술,한국임업진흥원,산림청,중소기업,중소기업,,,,,,,기술사업화/이전/지도,2026-08-03,2026-08-23,,이메일 접수 (jjangu@kofpi.or.kr),이메일 접수 (jjangu@kofpi.or.kr),https://www.bizinfo.go.kr/sii/siia/selectSIIA200Detail.do?pblancId=PBLN_000000000125220,main,primary,2026년산림분야지식재산권우수기술사업화지원사업공고,한국임업진흥원,2026-08-03~2026-08-23,기술,기술사업화/이전/지도
biz,PBLN_000000000125219,2026년 산림분야 지식재산권 출원 지원사업 공고,"산림분야의 지식재산권 창출을 촉진하고 임업기술의 실용화 및 경쟁력 강화를 위한 지원사업을 다음과 같이 공고하오니, 관심 있는 분들의 많은 참여 바랍니다.
☞ 임업인 또는 임산업체
※ 단, 산림형(예비)사회적기업, 산림분야 국유특허 기술이전기업, 산림청 혁신제품 보유기업 등은 별도의증빙서류를제출하는경우, 예외적으로인정
☞ 지식재산권 출원, 선행기술조사 지원
- (지식재산권 출월) 보유 기술의 권리화를 위해 출원 관납료ㆍ대리 비용 지원, 선정된 기술 출원 컨설팅 지원
ㆍ국내특허/실용신안(100만원 이내/건), 디자인(50만원 이내/건), 상표(30만원 이내/건) 지원
- (선행기술조사) 민간 보유 기술의 선행여부 조사 후 조사보고서 지원",기술,한국임업진흥원,산림청,중소기업,중소기업,,,,,,,기술사업화/이전/지도,2026-08-03,2026-08-23,,이메일 접수 (jjangu@kofpi.or.kr),이메일 접수 (jjangu@kofpi.or.kr),https://www.bizinfo.go.kr/sii/siia/selectSIIA200Detail.do?pblancId=PBLN_000000000125219,main,primary,2026년산림분야지식재산권출원지원사업공고,한국임업진흥원,2026-08-03~2026-08-23,기술,기술사업화/이전/지도
biz,PBLN_000000000125218,2026년 2차 바이오헬스산업 기술평가-사업화 연계 지원사업 참여기관(업) 모집 공고,"바이오헬스산업 분야 혁신창업 및 기술사업화 활성화를 위한 「2026년도 바이오헬스산업 기술평가-사업화 연계 지원사업」 참여기관(업)을 다음과 같이 모집 공고합니다.
☞ 의약품, 의료기기 기술을 보유한 대학, 연구기관 및 기업
☞ 보건의료 연구개발 성과물을 사업화 관점에서 검토하여 기술사업화 전략을 담은 보고서 제공 및 사업화 연계 지원",기술,한국보건산업진흥원,보건복지부,중소기업,중소기업,,,,,,,기술사업화/이전/지도,2026-08-05,2026-08-25,,이메일 접수 (hanui4@khidi.or.kr),이메일 접수 (hanui4@khidi.or.kr),https://www.bizinfo.go.kr/sii/siia/selectSIIA200Detail.do?pblancId=PBLN_000000000125218,main,primary,2026년2차바이오헬스산업기술평가사업화연계지원사업참여기관업모집공고,한국보건산업진흥원,2026-08-05~2026-08-25,기술,기술사업화/이전/지도
biz,PBLN_000000000125217,2026년 민관 공동 전략형 상생협력사업 (창의트랙사업) 추가모집 공고,"대ㆍ중소기업ㆍ농어업협력재단(이하 ‘상생협력재단’)은 대ㆍ중소기업 등이 자율적으로 기획한 창의적 상생협력 과제를 지원하기 위해 「2026년도 민관 공동 전략형 상생협력사업(창의트랙사업)」을 다음과 같이 추가 공고하오니 많은 참여 바랍니다.
☞ 출연기업과 공동으로 과제에 참여하는 중소기업(참여기업)
☞ 대ㆍ중소기업 상생협력기금(이하 ‘상생협력기금’)을 활용하여 자율적으로 추진하는 과제 중 창의적이면서 상호 윈윈할 수 있는 상생협력과제 지원
- 지원분야 : 해외진출, 창업기업, 생산성향상, 기술보호, 복리증진
- 과제당 최대 50백만원 지원",기타,대중소기업농어업협력재단,전국,중소기업,중소기업,,,,,,,동반성장,2026-07-30,2026-08-18,,온라인 접수 (국고보조금통합관리시스템),온라인 접수 (국고보조금통합관리시스템),https://www.bizinfo.go.kr/sii/siia/selectSIIA200Detail.do?pblancId=PBLN_000000000125217,main,primary,2026년민관공동전략형상생협력사업창의트랙사업추가모집공고,대중소기업농어업협력재단,2026-07-30~2026-08-18,기타,동반성장
biz,PBLN_000000000125216,[인천] 2027년 방산 중소기업 생산성향상 지원사업 수혜기업 모집 공고,"(재)인천테크노파크에서는 무기체계 부품 생산기업의 방산 부품 생산능력 향상을 위한 금형 및 생산설비 고도화 지원을 실시하고자 하오니 관심 있는 기업에서는 많은 참여와 신청 바랍니다.
☞ 접수마감일 기준 ① ∼ ④ 모두 충족
① 소재지 : 인천광역시 내 본사 또는 주사업장 소재 중소법인체
② 업종 : 방위산업 분야 종사 중소기업
③ 규모 : 중소기업법에 따른 중소기업(중견기업, 대기업 해당없음)
④ 분야 : 2022년 이후 $50백만 이상 수출 수주 무기체계 관련 부품 생산기업
☞ (공통) 유형자산 자산취득비 지원
- 금형 고도화 및 신규제작 지원 : 재료비, 외주가공비
- 생산 최적화 및 생산설비 고도화 지원 : 설계비, 설비구축비, 재료비, 수선유지비 등
※ 자세한 지원내용 공고문 참조",기술,인천테크노파크,인천광역시,중소기업,중소기업,,,,,,,기술사업화/이전/지도,2026-08-05,2026-09-04,,온라인 접수(비즈오케이),온라인 접수(비즈오케이),https://www.bizinfo.go.kr/sii/siia/selectSIIA200Detail.do?pblancId=PBLN_000000000125216,main,primary,인천2027년방산중소기업생산성향상지원사업수혜기업모집공고,인천테크노파크,2026-08-05~2026-09-04,기술,기술사업화/이전/지도
biz,PBLN_000000000125215,2026년 순환경제 상생라운지 참여기업 모집 공고,"산업통상부와 한국생산기술연구원은 순환경제 분야의 우수한 제품ㆍ기술ㆍ서비스를 보유한 공급기업과 수요기업 간 비즈니스 협력을 촉진하기 위해 「2026 순환경제 상생라운지」를 개최합니다. 비즈니스 미팅, 기업 피칭 및 홍보 등에 참여할 기업을 다음과 같이 모집하오니 많은 관심과 참여 바랍니다.
☞ 모집분야와 관련된 순환경제 제품ㆍ기술ㆍ공정ㆍ소재ㆍ장비 또는 서비스를 보유하고, 수요기업과의 기술협력ㆍ구매ㆍ실증ㆍ사업화 등을 희망하거나, 협력과제를 제안하고자 하는 중소ㆍ중견 기업
- 모집분야 : 시멘트, 철강, 자동차, 로봇(피지컬 AI), 섬유ㆍ석유화학, 반도체, 전기ㆍ전자 
※ 스타트업ㆍ벤처기업 포함, 행사 목적상 필요한 경우 기타 기업ㆍ기관의 참여 가능
☞ 비즈니스 매칭, 협력과제 검토, 기업 피칭, 발표기업 자료 제작, 디스플레이 홍보 지원",기술,한국생산기술연구원,전국,중소기업,중소기업,,,,,,,기술사업화/이전/지도,2026-07-29,2026-08-12,,이메일 접수 (jaeho1130@kncpc.re.kr),이메일 접수 (jaeho1130@kncpc.re.kr),https://www.bizinfo.go.kr/sii/siia/selectSIIA200Detail.do?pblancId=PBLN_000000000125215,main,primary,2026년순환경제상생라운지참여기업모집공고,한국생산기술연구원,2026-07-29~2026-08-12,기술,기술사업화/이전/지도
biz,PBLN_000000000125214,[인천] 2026년 스마트공장 DX견학공장 기업 모집 연장 공고,"인천광역시 중소ㆍ중견기업이 견학 및 벤치마킹할 수 있는 모범사례 공장을 지원하는 2026년 인천 스마트공장 DX견학공장 운영 사업의 지원계획을 다음과 같이 공고합니다.
☞ 인천광역시 소재 스마트공장을 도입한 기업
☞ 견학공장 유지보수 및 기능개선, 운영비 지원 (최대 10,000천원)
– 공장 설비ㆍ시스템 유지보수 및 기능개선, 기업 홍보자료 제작 (영상, 전자카달로그 등), 견학 운영에 필요한 기자재 및 다과
– 공장 견학 담당자 인건비(총 사업비의 10% 이내), 교육비 등",기술,인천테크노파크,인천광역시,중소기업,중소기업,,,,,,,기술사업화/이전/지도,2026-08-07,2026-08-21,,이메일 접수(yhchoi@itp.or.kr),이메일 접수(yhchoi@itp.or.kr),https://www.bizinfo.go.kr/sii/siia/selectSIIA200Detail.do?pblancId=PBLN_000000000125214,main,primary,인천2026년스마트공장dx견학공장기업모집연장공고,인천테크노파크,2026-08-07~2026-08-21,기술,기술사업화/이전/지도
biz,PBLN_000000000125213,국내 게임산업 해외 진출 아세안 최대규모 2026 Gamescom Asia x Thailand Game Show 전시 공동관 및  현지 네트워킹 행사 참여기업 모집 공고,"한국인공지능ㆍ소프트웨어산업협회(KOSA)는 국내 대표 멀티 클라우드 MSP이자 KOSA 해외진출위원장사 메가존클라우드(주)와 함께 국내 게임산업 밸류체인 기업의 태국ㆍ아세안 판로 개척 지원을 위해 「아세안 최대 규모 게임 전시회 2026 Gamescom Asia x Thailand Game Show 및 현지 네트워킹 행사」 참여기업을 모집합니다. 관심기업의 많은 참여 부탁드립니다.
☞ 태국ㆍ아세안 시장 진출 의지가 높은 국내 게임 콘텐츠 및 게임산업 연관 솔루션을 보유한 국내 중소기업
-  모집분야 게임 콘텐츠, 페이먼트, 사이버보안, AIㆍ클라우드 인프라, VR/AR, 운영ㆍ마케팅 솔루션 등
☞ 아세안 최대규모 게임산업 전시회 「Gamescom Asia x Thailand Game Show」 전시상담회 공동관 참가 및 사전 매칭 밋업 지원
- 아세안 게임산업 관계자 대상 피칭 및 네트워킹 행사
- 메가존클라우드(주관기업) 연계 클라우드 교육ㆍ기술 지원 등",판로/수출,한국인공지능소프트웨어산업협회,전국,중소기업,중소기업,,,,,,,시장개척,2026-08-07,2026-08-28,,"온라인 접수 (구글폼) 
※ 제반서류 등록 시 반드시 PDF로 변환하여 업로드 필수","온라인 접수 (구글폼) 
※ 제반서류 등록 시 반드시 PDF로 변환하여 업로드 필수",https://www.bizinfo.go.kr/sii/siia/selectSIIA200Detail.do?pblancId=PBLN_000000000125213,main,primary,국내게임산업해외진출아세안최대규모2026gamescomasiaxthailandgameshow전시공동관및현지네트워킹행사참여기업모집공고,한국인공지능소프트웨어산업협회,2026-08-07~2026-08-28,수출,시장개척
biz,PBLN_000000000125212,2026년 2차 마케팅 역량강화 매칭 지원사업 참여기업 모집 공고,"중소기업의 마케팅 역량 제고 및 경쟁력 강화를 위한「2026년 마케팅 역량강화 매칭 지원사업」참여기업을 다음과 같이 모집하오니 많은 참여바랍니다.
☞ 온라인판로 종합지원, 오프라인 판로지원을 받은 기업
☞ 플랫폼(롯데온ㆍ지마켓)별 마케팅 역량 컨설팅, 홍보/광고지원, 인증 지원, AI 활용 지원 중 메뉴판 방식으로 선택 지원",판로/수출,한국중소벤처기업유통원,전국,중소기업,중소기업,,,,,,,홍보지원,2026-08-06,2026-08-20,,온라인 접수 (판판대로),온라인 접수 (판판대로),https://www.bizinfo.go.kr/sii/siia/selectSIIA200Detail.do?pblancId=PBLN_000000000125212,main,primary,2026년2차마케팅역량강화매칭지원사업참여기업모집공고,한국중소벤처기업유통원,2026-08-06~2026-08-20,내수,홍보지원
biz,PBLN_000000000125211,2026년 3차 기술개발제품 시범구매 지원계획 공고,"창업기업 등 기술개발제품의 공공판로 개척을 지원하기 위한「2026년 기술개발제품 시범구매 지원계획(3차)」을 다음과 같이 공고하오니 많은 참여 바랍니다.
☞ 설립 7년 이하 「판로지원법」시행령 제13조의2제1항제1호에 따른 중소기업자
- 우선구매 대상 기술개발제품 12종 또는 벤처창업혁신조달상품, 우수발명품, 상생협력제품, 산업융합 신제품 적합성인증제품 중 1개 이상의 인증을 보유한 제품
※ 자세한 지원대상 공고문 참조
☞ 구매기관이 적용 받는 법률 또는 규정에 의거하여 시범구매, 공공기관 대상 제품홍보(안내), 교류행사 운영, 정책연계 등 지원",경영,한국중소벤처기업유통원,전국,중소기업,중소기업,,,,,,,디자인/상품화/사업화,2026-08-06,2026-08-26,,온라인 접수 (공공구매종합정보망(SMPP)),온라인 접수 (공공구매종합정보망(SMPP)),https://www.bizinfo.go.kr/sii/siia/selectSIIA200Detail.do?pblancId=PBLN_000000000125211,main,primary,2026년3차기술개발제품시범구매지원계획공고,한국중소벤처기업유통원,2026-08-06~2026-08-26,경영,디자인/상품화/사업화
biz,PBLN_000000000125210,2026년 현장실습 훈련(시니어 인턴십) 지원사업 참여 기업 모집 공고(차오름),"현장실습 훈련(시니어인턴십) 지원사업은 60세 이상자의 고용촉진을 위해 기업에 인건비를 지원하여 계속고용을 유도하는 사업입니다.
☞ 60세 이상인 자를 고용할 의사가 있는 4대보험 가입사업장 중 근로자 보호 규정을 준수하는 기업
☞ 현장실습훈련 지원금(최대 550만원)
- 인턴지원금 : 입사일로부터 3개월 간 1인당 120만원 (월 급여의 50%, 최대 40만원 한도 내)지원
- 채용지원금 : 인턴종료 후 6개월 이상 계속고용 계약 체결 시 3개월 간 1인당 150만원 (월 급여의 50%, 최대 50만원 한도 내)지원
- 장기취업 유지 시 3년 간 280만원 지원
※ 자세한 사항 공고문 참조",인력/일자리,한국노인인력개발원,보건복지부,중소기업,중소기업,,,,,,,고용유지,예산 소진시까지,,,"유선, 이메일, 온라인 접수
- 유선 : 0502-6683-3111
- 이메일 : fdcrewhh@naver.com
- 온라인：네이버폼","유선, 이메일, 온라인 접수
- 유선 : 0502-6683-3111
- 이메일 : fdcrewhh@naver.com
- 온라인：네이버폼",https://www.bizinfo.go.kr/sii/siia/selectSIIA200Detail.do?pblancId=PBLN_000000000125210,main,primary,2026년현장실습훈련시니어인턴십지원사업참여기업모집공고차오름,한국노인인력개발원,예산 소진시까지~,인력,고용유지
biz,PBLN_000000000125209,2026년 1차 하반기 나라장터 상생세일 참여업체 모집 공고,"조달청은 조달 기업의 판로 확대 지원과 내수시장 활성화를 위해 ‘2026 하반기 나라장터 상생세일‘을 개최하오니 많은 참여 바랍니다.
☞ 다수공급자계약(MAS) 품목, 우수조달물품 및 정부조달문화상품  
- 나라장터 종합쇼핑몰에서 구매 가능한 제품에 한함
☞ 할인제품 홍보 및 판매 지원
※ 자세한 지원내용 공고문 참조",판로/수출,직접수행,전국,중소기업,중소기업,,,,,,,홍보지원,2026-08-06,2026-09-02,,"온라인 접수 (나라장터 종합쇼핑몰)
※ 조달업체 로그인 > 마이페이지 > 사후/상품관리 > 할인행사/기획전 > 할인상품 기획전(상생세일) 신청 목록","온라인 접수 (나라장터 종합쇼핑몰)
※ 조달업체 로그인 > 마이페이지 > 사후/상품관리 > 할인행사/기획전 > 할인상품 기획전(상생세일) 신청 목록",https://www.bizinfo.go.kr/sii/siia/selectSIIA200Detail.do?pblancId=PBLN_000000000125209,main,primary,2026년1차하반기나라장터상생세일참여업체모집공고,직접수행,2026-08-06~2026-09-02,내수,홍보지원
biz,PBLN_000000000125208,2026년 산업융합 혁신품목 및 산업융합 선도기업 선정 계획 공고,"「산업융합 선도기업 선정 및 지원에 관한 요령」(산업통상부 고시 제2020-40호) 제5조의 규정에 따라 2026년 산업융합 혁신품목 및 산업융합 선도기업 선정계획을 아래와 같이 공고합니다.
☞ 산업융합 중소중견기업이 개발 및 자체생산하는 도전적ㆍ혁신적 품목(첨단기술융합ㆍ융합성과확산)으로, 융합을 통해 국내외 최초 개발 또는 기존기술을 혁신적으로 개선한 품목
☞ ‘산업융합 선도기업’으로 선정된 중소ㆍ중견기업의 경쟁력 강화를 위해 필요한 지원시책을 패키지(기술확보, 금융, 컨설팅, 네트워크, 전시회)로 지원
※ 자세한 지원내용 공고문 참조",경영,국가산업융합센터,전국,중소기업,중소기업,,,,,,,디자인/상품화/사업화,2026-08-06,2026-09-02,,"온라인, 우편 접수
- 온라인 : 국가산업융합센터
- 우편 : (우)15588 경기도 안산시 상록구 항가울로 143(사동 1271-18번지)한국생산기술연구원 융복합동(D동) 국가산업융합센터 210호
※ 전산접수 후 관련자료 우편 제출
※ 우편물 표지에 전산 접수번호 및 기업명 필히 기재","온라인, 우편 접수
- 온라인 : 국가산업융합센터
- 우편 : (우)15588 경기도 안산시 상록구 항가울로 143(사동 1271-18번지)한국생산기술연구원 융복합동(D동) 국가산업융합센터 210호
※ 전산접수 후 관련자료 우편 제출
※ 우편물 표지에 전산 접수번호 및 기업명 필히 기재",https://www.bizinfo.go.kr/sii/siia/selectSIIA200Detail.do?pblancId=PBLN_000000000125208,main,primary,2026년산업융합혁신품목및산업융합선도기업선정계획공고,국가산업융합센터,2026-08-06~2026-09-02,경영,디자인/상품화/사업화
biz,PBLN_000000000125207,2026년 소재ㆍ부품ㆍ장비 기업 해외 공급망 ESG 요구대응 맞춤형 컨설팅 참가기업 모집 공고,"KOTRA 소재부품장비팀은 해외기업의 ESG 관리 기준 강화에 따라, 국내 소부장 중소ㆍ중견기업의 대응역량 제고를 위해 (컨설팅 수행사명)와 “2026 소재ㆍ부품ㆍ장비 기업 해외 공급망 ESG 요구대응 맞춤형 컨설팅”을 진행합니다. 동 컨설팅은 KOTRA의 위탁으로 (컨설팅 수행사명)에서 ESG 교육을 포함하여, 참가기업별 요구사항을 기반으로 자동차 부품 ESG 부문별 맞춤형 컨설팅을 제공드릴 예정이오니, 많은 관심 및 신청 부탁드립니다.
☞ 국내 소재ㆍ부품ㆍ장비 중소ㆍ중견기업
- 해외 원청사로부터 ESG 평가, 실사, 데이터 등을 요구받고 있는 기업
- EU 등 선진시장 수출을 위해 ESG 경영체계를 구축하고자 하는 기업
☞ 기업별 요구사항 기반 ESG 개선 부문 선정 및 맞춤형 컨설팅 지원",판로/수출,대한무역투자진흥공사,전국,중소기업,중소기업,,,,,,,해외진출준비,2026-07-23,2026-08-14,,온라인 접수(무역투자24),온라인 접수(무역투자24),https://www.bizinfo.go.kr/sii/siia/selectSIIA200Detail.do?pblancId=PBLN_000000000125207,main,primary,2026년소재ㆍ부품ㆍ장비기업해외공급망esg요구대응맞춤형컨설팅참가기업모집공고,대한무역투자진흥공사,2026-07-23~2026-08-14,수출,해외진출준비
biz,PBLN_000000000125206,[경기] 성남시 2026년 유관기관 협력 지원(오아시스마켓) 참가기업 모집 공고,"성남산업진흥원은 관내 새벽배송 전문기업인 오아시스마켓과 협력하여 관내 중소 제조기업의 판로개척에 도움을 드리고자 합니다. 관심 있는 우리 기업들의 많은 참여를 바랍니다.
☞ 성남 관내 중소 제조기업
- 식품기업(농ㆍ축ㆍ수산물, 가공식품, 간식, 유제품, 건강식품, 양념, 음료 반찬) 생활 및 주방용품 등
☞ 우수기업 직매입 전환 및 새벽배송 서비스 진행, 오프라인 생협 매장 입점 지원
- 오아시스마켓 온라인 플랫폼 입점 및 성남관 별도 카테고리(성남장터) 상시 운영 지원
- 전단 배너 및 기타 이벤트 배너 홍보, 특별 할인쿠폰 제공
- 전담 MD 지정 후 품질, 판로, 마케팅 상담 및 상품배너 및 상세페이지 제작 지원 등",판로/수출,성남산업진흥원,경기도,중소기업,중소기업,,,,,,,홍보지원,2026-08-05,2026-08-20,,온라인 접수 (성남산업진흥원),온라인 접수 (성남산업진흥원),https://www.bizinfo.go.kr/sii/siia/selectSIIA200Detail.do?pblancId=PBLN_000000000125206,main,primary,경기성남시2026년유관기관협력지원오아시스마켓참가기업모집공고,성남산업진흥원,2026-08-05~2026-08-20,내수,홍보지원
biz,PBLN_000000000125205,[경기] 성남시 찾아가는 스마트 경영 컨설팅 참가기업 모집 공고(성남 섬유제조 소공인특화지원센터),"성남산업진흥원(성남 섬유제조 소공인특화지원센터)에서는 집적지 내 섬유제조 소공인의 성장 촉진 및 경쟁력 강화를 위해 다음과 같이 「찾아가는 스마트 경영 컨설팅」참가기업을 모집하오니 많은 신청 바랍니다.
☞ 성남시 소재 상시 근로자 10인 미만 섬유제조 소공인(C13, C14)
☞ 산업ㆍ기술ㆍ생산ㆍ마케팅 등 경영활동 전분야에서 발생하는 애로요인 해소를 위한 전문가 1:1 현장 방문형 심층 상담 지원
- 지원분야 : 경영, 자금ㆍ융자, 판로수출, 행정사항, 세무ㆍ회계, 기술ㆍ인증, 과제유치, 스마트공정, 기타",경영,성남산업진흥원,경기도,소상공인,소상공인,,,,,,,컨설팅,2026-08-06,2026-10-30,,온라인 접수 (소상공인24),온라인 접수 (소상공인24),https://www.bizinfo.go.kr/sii/siia/selectSIIA200Detail.do?pblancId=PBLN_000000000125205,main,primary,경기성남시찾아가는스마트경영컨설팅참가기업모집공고성남섬유제조소공인특화지원센터,성남산업진흥원,2026-08-06~2026-10-30,경영,컨설팅
biz,PBLN_000000000125204,2026년 하반기 고양 IR데이 참가기업 추가모집 공고,"고양시가 주최하는 「2026 창업오디션, 고양 IR데이」에 우수 창업기업의 참여 기회를 확대하고자 아래와 같이 참가기업을 추가 모집하오니, 많은 관심과 참여를 바랍니다.
☞ 공고일 기준, 고양시 소재 또는 고양시로 1년 이내 이전 예정인 기업 중 업력 7년 이내 창업기업 또는 예비창업자 (설립연월일 : 2019. 8. 5. 이후)
※ 기존 고양 IR데이 프로그램(2021~2025) 신청기업도 재신청 가능
※ 본사 또는 지사ㆍ지점, 부설연구소, 공장의 사업장 등 이전(신규 설치 포함)
☞ 기업진단 및 투자유치 전략 수립을 위한 1:1 컨설팅, IR 스토리라인 및 스피치 역량강화 컨설팅 지원
- 고양창업펀드 등 투자운용사 투자심사 연계 IR 피칭, 투자사 1:1 밋업 네트워킹 지원
- 운영사(TIPS 운영사, 액셀러레이터) 직접 투자 검토, 지원 사업 추천및 연계 지원
- 동국대ㆍ한국항공대 창업보육센터 사업화자금 지원 연계 지원",창업,기초자치단체,경기도,창업벤처,초기창업기업,,,,,,,사업화지원,2026-08-05,2026-08-30,,온라인 접수 (구글폼),온라인 접수 (구글폼),https://www.bizinfo.go.kr/sii/siia/selectSIIA200Detail.do?pblancId=PBLN_000000000125204,main,primary,2026년하반기고양ir데이참가기업추가모집공고,기초자치단체,2026-08-05~2026-08-30,창업,사업화지원
biz,PBLN_000000000125203,[경기] 안양시 2026년 안양춤축제 연계 안양 중소기업 홍보관 참가 기업모집 공고,"2026 안양 춤축제 기간 중 유망 중소기업과 시민의 만남의 장을 마련하기 위해「2026 안양 중소기업 홍보관」을 운영합니다. 우수제품 및 기술을 보유한 유망 중소기업의 많은 참여를 바랍니다.
☞ 안양시에 사업장 또는 공장을 운영하고 있는 중소ㆍ벤처기업 
- 소비재를 중심으로 완제품 개발 생산 및 제품 시연 가능 기업
- 스타트기업ㆍ청년예비창업자로 시민들에게 브랜드 및 제품 홍보가 가능한 기업
☞ 기업홍보 및 제품 현장 판매 지원",판로/수출,안양산업진흥원,경기도,중소기업,중소기업,,,,,,,홍보지원,2026-08-06,2026-08-31,,"온라인 및 이메일 접수
- 온라인 : 네이버 폼
- 이메일 : treasure@aba.or.kr
※ 온라인 접수 후 담당자 이메일로 서류 발송
※ 자세한 지원내용 공고문 참조","온라인 및 이메일 접수
- 온라인 : 네이버 폼
- 이메일 : treasure@aba.or.kr
※ 온라인 접수 후 담당자 이메일로 서류 발송
※ 자세한 지원내용 공고문 참조",https://www.bizinfo.go.kr/sii/siia/selectSIIA200Detail.do?pblancId=PBLN_000000000125203,main,primary,경기안양시2026년안양춤축제연계안양중소기업홍보관참가기업모집공고,안양산업진흥원,2026-08-06~2026-08-31,내수,홍보지원
biz,PBLN_000000000125202,[경남] 거제시 2026년 3차 노동자 휴게시설 지원사업 재공고,"「경상남도 노동자 권익 보호 및 증진을 위한 조례」제25조 및 「거제시노동자 권리보호 및 증진을 위한 조례」제9조에 따라 “2026년 노동자 휴게시설 지원사업”을 재공고(3차)합니다.
☞ 상시 근로자 수 50명 미만 관내 사업장
※  신청일 이전 달의 고용보험 가입 근로자 수 기준
☞ 휴게쉼터 신설 및 개보수(공동휴게시설 포함) 개소당 최대 5백만 원 지원
- 편의시설 설치 (냉난방기, 안마의자, 탁자, 정수기 등 휴게쉼터 내 비품 일체)
- 감정노동자의 경우, 필요장비(CCTV, 전화녹음기, 격리시설 설치 등)",인력/일자리,기초자치단체,경상남도,중소기업,중소기업,,,,,,,고용환경개선,2026-08-10,2026-08-28,,"온라인 및 방문 또는 우편 접수
- 접수처 : 거제시청 조선지원과 노동자지원팀
- 온라인 : 보탬e","온라인 및 방문 또는 우편 접수
- 접수처 : 거제시청 조선지원과 노동자지원팀
- 온라인 : 보탬e",https://www.bizinfo.go.kr/sii/siia/selectSIIA200Detail.do?pblancId=PBLN_000000000125202,main,primary,경남거제시2026년3차노동자휴게시설지원사업재공고,기초자치단체,2026-08-10~2026-08-28,인력,고용환경개선
biz,PBLN_000000000125201,2026년 창업혁신공간(동부권) 하남시 스타트업 발굴 및 육성 지원사업 이루다+ 참여기업 모집 공고,"경기도경제과학진흥원은 하남시에서 기술성이 높은 우수 기업을 발굴 및 지원하고자 아래와 같이 2026년 창업혁신공간(동부권) 하남시 스타트업 발굴 및 육성 지원사업 「이루다+」 참가기업을 모집하오니 지원을 희망하는 기업의 많은 관심과 참여를 바랍니다.
☞ 하남시 내 본사를 등록 또는 등록 예정인 7년 이내 기술창업 기업(예비창업자 포함)
※ 등록 예정에 해당하는 기업은 2026.09.30.까지 등록 必
※ 자세한 지원대상 공고문 참조
☞ 성장기반구축(맞춤형 컨설팅, 액셀러레이팅, 보육공간 제공), 실전투자연계(단계별 IR 컨설팅, IR 참여 기회, 투자상담회 등), 협업기반구축(비즈니스 매칭 기회, 매칭 기업 PoC 연계 및 후속 미팅 등), 성과공유회 등 지원
※ 자세한 지원내용 공고문 참조",창업,경기도경제과학진흥원,경기도,창업벤처,"스타트업,초기창업기업",,,,,,,사업화지원,2026-07-23,2026-08-17,,"온라인 접수 (경기스타트업플랫폼 및 구글폼)
※ 자세한 신청방법 공고문 참조","온라인 접수 (경기스타트업플랫폼 및 구글폼)
※ 자세한 신청방법 공고문 참조",https://www.bizinfo.go.kr/sii/siia/selectSIIA200Detail.do?pblancId=PBLN_000000000125201,main,primary,2026년창업혁신공간동부권하남시스타트업발굴및육성지원사업이루다참여기업모집공고,경기도경제과학진흥원,2026-07-23~2026-08-17,창업,사업화지원
biz,PBLN_000000000125200,2026년 수출시장 확장하기 온라인 통합 사절단(CIS) 모집 공고,"KOTRA는 우리 중소기업의 CIS 지역 수출 확대를 위해 아래와 같이 통합 온라인 사절단을 추진코자 하오니 희망하는 기업들의 많은 신청 바랍니다.
☞ CIS시장 진출 희망기업
- 품목 : 소비재(식품ㆍ화장품ㆍ의료기기 등), 기계ㆍ자동차부품 등
☞ CIS지역 세미나 : 러-우 사태 5년차에 따른 지역별 주요 현안 및 우리기업 수출 기회요인 안내 등
- 현지 바이어 발굴 및 1:1 화상상담 주선(통역지원) or 상담 지역 바이어 정보 및 국내기업 제품에 대한 현지 바이어 피드백을 담은 ’프리뷰 보고서‘ 제공
- buyKOREA 온라인전시관 상품등록, 이메일 교신, 샘플 대리전달 등 후속 등 지원",판로/수출,대한무역투자진흥공사,전국,중소기업,중소기업,,,,,,,해외진출,2026-08-06,2026-08-14,,온라인 접수 (무역투자24),온라인 접수 (무역투자24),https://www.bizinfo.go.kr/sii/siia/selectSIIA200Detail.do?pblancId=PBLN_000000000125200,main,primary,2026년수출시장확장하기온라인통합사절단cis모집공고,대한무역투자진흥공사,2026-08-06~2026-08-14,수출,해외진출
biz,PBLN_000000000125199,2026년 지역SW산업발전 유공자 및 공모전 공고,"과학기술정보통신부는 지역SW산업발전에 기여한 유공자 및 지역 SW 사업 우수사례를 선정하여 표창하고자 ‘지역SW산업발전 유공자 및 공모전’을 다음과 같이 공고합니다.
☞ (유공자) 지역SW산업발전을 위한 정책ㆍ산업육성ㆍ기술개발에 기여한 자
※ 자세한 지원대상 공고문 참조
☞ 지역SW산업발전
유공자 포상, 지역SW산업발전
우수사례 공모전 시상 지원
※ 자세한 지원내용 공고문 참조",경영,정보통신산업진흥원,전국,중소기업,중소기업,,,,,,,디자인/상품화/사업화,2026-08-03,2026-09-30,,이메일 접수 (swtest@rsw.or.kr),이메일 접수 (swtest@rsw.or.kr),https://www.bizinfo.go.kr/sii/siia/selectSIIA200Detail.do?pblancId=PBLN_000000000125199,main,primary,2026년지역sw산업발전유공자및공모전공고,정보통신산업진흥원,2026-08-03~2026-09-30,경영,디자인/상품화/사업화
biz,PBLN_000000000125198,[대구] 2026년 3차 BIT융합캠퍼스(의료ㆍ헬스ㆍ바이오) 지원사업 기업 모집 공고,"경북대학교 첨단정보통신융합산업기술원에서는 대구 앵커 사업 ‘③-2) 기업집적지 현장캠퍼스 운영’ 단위과제 수행과 관련하여 의료ㆍ바이오ㆍ헬스케어 분야 융합 기술ㆍ제품 개발을 지원하고자 지원대상 기업을 모집합니다. 
☞ BIT 융합 기반 의료ㆍ바이오ㆍ헬스케어 전분야 대구광역시 소재 기업
※ 지원분야별 지원대상 상이하므로 자세한 사항 공고문 참조
☞ BIT융합 프로젝트 랩, 전문시설 활용, 글로벌 의료기기 개발지원 플랫폼 지원
※ 자세한 지원내용 공고문 참조",기술,경북대학교 첨단정보통신융합산업기술원,대구광역시,중소기업,중소기업,,,,,,,시험/인증,세부사업별 상이,,,"온라인 접수 및 이메일 접수
- 온라인 : 지산학연협력기술연구소 홈페이지
※ 지원분야별 신청방법 상이하므로 자세한 신청방법 공고문 참조","온라인 접수 및 이메일 접수
- 온라인 : 지산학연협력기술연구소 홈페이지
※ 지원분야별 신청방법 상이하므로 자세한 신청방법 공고문 참조",https://www.bizinfo.go.kr/sii/siia/selectSIIA200Detail.do?pblancId=PBLN_000000000125198,main,primary,대구2026년3차bit융합캠퍼스의료ㆍ헬스ㆍ바이오지원사업기업모집공고,경북대학교첨단정보통신융합산업기술원,세부사업별 상이~,기술,시험/인증
biz,PBLN_000000000125197,2026년 민관협력 K-뷰티 중소벤처기업 일본 데뷔 프로그램 참여기업 모집 공고,"국내 K-뷰티 분야 중소벤처기업의 일본 시장 진출 지원을 위한「민관협력 K-뷰티 중소벤처기업 일본 데뷔 프로그램」을 다음과 같이 안내하오니, 관심 있는 기업들의 많은 참여 부탁드립니다. 
☞ K-뷰티 분야 영위 일본 수출(예정) 중소벤처기업
- ｢중소기업기본법｣ 제2조에 따른 중소기업
☞ K-뷰티 주간 연계 전시 홍보부스 제공(10.26-30), 사전 인플루언서 마케팅, 현지 유통, 물류기업 대상 피칭 및 네트워킹 교류회, 일본 법인설립, 계좌개설, 무역거래 등 금융상담 지원",판로/수출,중소벤처기업진흥공단,전국,중소기업,중소기업,,,,,,,해외진출,2026-08-06,2026-08-21,,"이메일 접수 (kosmetokyo@kosmes.or.kr, kdh21@kosmes.or.kr)","이메일 접수 (kosmetokyo@kosmes.or.kr, kdh21@kosmes.or.kr)",https://www.bizinfo.go.kr/sii/siia/selectSIIA200Detail.do?pblancId=PBLN_000000000125197,main,primary,2026년민관협력k뷰티중소벤처기업일본데뷔프로그램참여기업모집공고,중소벤처기업진흥공단,2026-08-06~2026-08-21,수출,해외진출
biz,PBLN_000000000125196,[전북] 2026년 기후테크 특화 오픈이노베이션 참여기업 추가모집 연장 재공고(기후테크 창업기업 성장지원사업),"전북특별자치도 내 기후테크 산업 활성화 및 기업의 신성장 동력 확보를 위하여, 기후테크 창업기업과 앵커기업 간 협업을 통한 기술 실증(PoC) 및 사업화 연계를 지원하는 「2026 기후테크 특화 오픈이노베이션」참여기업을 다음과 같이 추가모집하오니 역량 있는 기업의 많은 참여 바랍니다.
☞ 신청 마감일 기준 아래의 자격을 모두 갖추어야 함(유형1 : 창업기업, 유형2 : 창업기업+앵커기업) 
- 창업기업 : ① 공고일 기준 창업 7년 이내 ② 기후테크 분야 기술ㆍ제품ㆍ서비스를 보유한 기업, ③ 전북특별자치도 내 사업장(본사, 지사, 연구소, 공장 등)을 보유하거나 협약 후 3개월 이내 전북특별자치도 내 사업장(본사, 지사, 연구소, 공장 등) 설립이 가능한 기업
- 앵커기업 : ① 공고일 현재 전북특별자치도 소재 중소ㆍ중견ㆍ대기업, ② 프로그램 진행 시 창업기업과 협업 가능한 전담인력 1명 이상 보유, ③ 창업기업과 공동으로 기술 실증(PoC)이 가능하도록 공간ㆍ설비ㆍ인프라를 보유하거나 확보할 수 있는 기업
※ 신산업 창업 분야 해당 시 창업 10년 이내까지 가능
☞ 기술 실증(PoC) 지원, 전시 및 홍보 지원, 투자 및 후속연계 지원
※ 자세한 지원내용 공고문 참조",기술,전북테크노파크,전북특별자치도,중소기업,"중소기업,초기창업기업",,,,,,,시험/인증,2026-08-06,2026-08-21,,"이메일 접수(hsyoo@jbtp.or.kr)
※ 제출 후 접수 확인 필수(063-219-2128)","이메일 접수(hsyoo@jbtp.or.kr)
※ 제출 후 접수 확인 필수(063-219-2128)",https://www.bizinfo.go.kr/sii/siia/selectSIIA200Detail.do?pblancId=PBLN_000000000125196,main,primary,전북2026년기후테크특화오픈이노베이션참여기업추가모집연장재공고기후테크창업기업성장지원사업,전북테크노파크,2026-08-06~2026-08-21,기술,시험/인증
biz,PBLN_000000000125195,2026년 빅웨이브 글로벌(일본5차)참가기업 모집 공고,"인천창조경제혁신센터에서는 일본진출을 희망하는 기업을 대상으로 빅웨이브 글로벌(일본5차)에 참여할 기업을 모집합니다.일본시장에 관심있고, ILS2026 오픈이노베이션 전시회에 참여할 준비된 기업분들의 많은 참여를 바랍니다.
☞ 공고일 기준 설립 7년이내 전국 우수 스타트업 
※ 초격차분야의 경우 10년차까지 지원
☞ 국내역량강화, 일본 파트너발굴, 전시회참가 등 
- 기업 현황파악, 국내역량강화 및 파트너발굴지원 등
- 현지 비즈니스 매칭, 기업 IR, 네트워킹 등 현지프로그램 제공
- ILS2026 전시회 등록 및 프로그램 참가지원
- 기타 센터 사업 연계지원 검토(오픈이노베이션, 투자 등)",판로/수출,인천창조경제혁신센터,인천광역시,창업벤처,초기창업기업,,,,,,,해외진출,2026-08-04,2026-08-21,,이메일 접수 (global@biigwave.org),이메일 접수 (global@biigwave.org),https://www.bizinfo.go.kr/sii/siia/selectSIIA200Detail.do?pblancId=PBLN_000000000125195,main,primary,2026년빅웨이브글로벌일본5차참가기업모집공고,인천창조경제혁신센터,2026-08-04~2026-08-21,수출,해외진출
biz,PBLN_000000000125194,[충북] 2026년 2차 미취업청년 취업연계 일경험 지원사업 참여기업 모집 공고,"충청북도와 충북기업진흥원은 미취업 청년에게 전공과 적성을 고려한 
일경험 기회를 제공하여 직무 역량을 강화하기 위한「2026년 미취업 청년 
취업연계 일경험 지원사업」을 추진하오니 참여 희망 기업의 많은 관심과 
참여 바랍니다.
☞ 충북 도내 소재지를 둔 고용보험 피보험자 5인 이상 (소상공인, 중소ㆍ중견기업, 의료기관)
※ 자세한 신청대상 공고문 참조
☞ 일경험 청년 인건비 월 최대 180만원(3개월) 지원
※ 사대보험 사업장 부담금, 별도 부대비용 등 제외",인력/일자리,충청북도기업진흥원,충청북도,중소기업,"중소기업,청년",,,,,,,국내일반인력,2026-08-05,2026-09-04,,"방문 또는 우편, 이메일 접수
- 접수처 : (28542) 충북 청주시 상당구 사북로 164(우민타워), 5층 충북청년희망센터 일경험 지원 담당자 앞
- 이메일 : cba9783@naver.com","방문 또는 우편, 이메일 접수
- 접수처 : (28542) 충북 청주시 상당구 사북로 164(우민타워), 5층 충북청년희망센터 일경험 지원 담당자 앞
- 이메일 : cba9783@naver.com",https://www.bizinfo.go.kr/sii/siia/selectSIIA200Detail.do?pblancId=PBLN_000000000125194,main,primary,충북2026년2차미취업청년취업연계일경험지원사업참여기업모집공고,충청북도기업진흥원,2026-08-05~2026-09-04,인력,국내일반인력
biz,PBLN_000000000125193,[대전] 2026년 독일 뒤셀도르프 의료기기 전시회(MEDICA) 단체참가 참여기업 모집 공고,"대전광역시와 대전일자리경제진흥원에서는 대전 관내 본사 또는 공장 소재기업을 대상으로 「2026년도 독일 뒤셀도르프 의료기기 전시회」 참여기업을 다음과 같이 모집하오니 많은 참여 바랍니다.
☞ 대전지역 본사 또는 공장 소재 중소, 중견 제조기업(S/W포함)
☞ 단체참가 비용(부스임차료, 장치비, 통역비 등) 12백만원 한도 내외 지원",판로/수출,대전일자리경제진흥원,대전광역시,중소기업,중소기업,,,,,,,해외진출,2026-07-30,2026-08-13,,온라인 접수 (대전비즈 홈페이지),온라인 접수 (대전비즈 홈페이지),https://www.bizinfo.go.kr/sii/siia/selectSIIA200Detail.do?pblancId=PBLN_000000000125193,main,primary,대전2026년독일뒤셀도르프의료기기전시회medica단체참가참여기업모집공고,대전일자리경제진흥원,2026-07-30~2026-08-13,수출,해외진출
biz,PBLN_000000000125192,2026년 중국 섬서성 환경보호산업 시장진출 지원사업 연장 공고,"대한무역투자진흥공사에서「2026년 중국 섬서성 환경보호산업 시장진출 지원사업」을 공고하오니 관심있는 기업에 많은 관심과 참여를 바랍니다.
☞ 석탄/마그네슘 자동 채굴설비, 공장설비, 가공설비, 친환경 제품 관련 기업
※ 주요 품목 : 탄소배출, 음식물처리, 고체폐기물, 수처리 분야 등
☞ 환경보호기술기업 로드쇼, 1:1상담회 및 전시회 참가 지원
※ 자세한 지원내용 공고문 참조",판로/수출,대한무역투자진흥공사,전국,중소기업,중소기업,,,,,,,시장개척,2026-07-23,2026-08-13,,온라인 접수(무역투자24),온라인 접수(무역투자24),https://www.bizinfo.go.kr/sii/siia/selectSIIA200Detail.do?pblancId=PBLN_000000000125192,main,primary,2026년중국섬서성환경보호산업시장진출지원사업연장공고,대한무역투자진흥공사,2026-07-23~2026-08-13,수출,시장개척
biz,PBLN_000000000125190,[대전] 2026년 3차 해외규격인증 획득지원사업 참여기업 모집 공고,"대전광역시는 대전 관내에 본사 또는 공장이 소재한 기업을 대상으로 해외시장 진출 확대를 위해 「2026년 해외규격인증 획득지원사업」을 아래와 같이 공고하오니 많은 참여 바랍니다.
☞ 대전 관내 본사 또는 제조시설(공장)을 둔 중소제조기업으로 ‘25년 12월 ~ ’26년 11월 내 인증획득 완료한 기업(신청일 기준 획득 완료, 24년 및 25년 지원받은 기업 제외)
☞ 해외규격인증획득에 직접적으로 소요된 인증비, 시험비, 컨설팅비 등 기업당 최대 14,000천원 한도 지원
- 기업당 최대 3건 인증 지원(지원한도 내)",기술,대전일자리경제진흥원,대전광역시,중소기업,중소기업,,,,,,,시험/인증,선착순 접수,,,온라인 접수 (대전비즈홈페이지),온라인 접수 (대전비즈홈페이지),https://www.bizinfo.go.kr/sii/siia/selectSIIA200Detail.do?pblancId=PBLN_000000000125190,main,primary,대전2026년3차해외규격인증획득지원사업참여기업모집공고,대전일자리경제진흥원,선착순 접수~,기술,시험/인증
biz,PBLN_000000000125189,[경북] 영천시 2026년 해외(태국ㆍ말레이시아) 무역사절단 참가기업 추가모집 공고,"영천시와 경상북도경제진흥원은 영천시 중소기업의 해외 판로 개척을 지원하기 위하여 다음과 같이 무역사절단 파견을 희망하는 중소기업을 모집하오니, 관심 있는 기업들의 많은 참여 바랍니다.
☞ 영천시 소재 제조 중소기업
- (품목) 종합(식품, 화장품, 생활용품, 자동차부품, 산업재 등)
☞ 기업 맞춤형 바이어 발굴 및 상담 지원, 현지 홍보 행사 등 지원 
- (수출상담회) 기업별 태국ㆍ말레이시아 현지 바이어 발굴 및 상담, 통역 지원 등
- (홍보판촉전) 현지 바이어 및 고객 대상 홍보ㆍ판촉행사 참가 지원
- (기업지원금) 항공료(1개사 1인 이코노미)및 숙박비 일부 지원, 파견 국가(태국ㆍ말레이시아)수출 인프라 구축 지원
- (연계지원사업 추진) 지사화 및 시장조사 서비스,경북 AI무역 지원센터 활용 지원 등",판로/수출,경상북도경제진흥원,경상북도,중소기업,중소기업,,,,,,,시장개척,모집 완료시까지,,,이메일 접수 (summerseol@gepa.kr),이메일 접수 (summerseol@gepa.kr),https://www.bizinfo.go.kr/sii/siia/selectSIIA200Detail.do?pblancId=PBLN_000000000125189,main,primary,경북영천시2026년해외태국ㆍ말레이시아무역사절단참가기업추가모집공고,경상북도경제진흥원,모집 완료시까지~,수출,시장개척
biz,PBLN_000000000125188,[경북] 김천시 2026년 해외무역사절단 파견 지원 참가기업 모집 공고,"김천시와 경상북도경제진흥원에서는 김천시 관내 중소기업을 대상으로 해외 (신)시장 개척 및 글로벌 역량 강화 기회를 제공하고자 ‘2026년 김천시 해외무역사절단’참가기업을 모집하오니 많은 신청 바랍니다.
☞ 김천시 소재 중소기업
- 김천시 소재 중소기업 중 공장등록 기업이거나 제조시설 면적이 500㎡ 미만인 경우 건축물관리대장상 건축물 용도가 ‘공장’ 또는 ‘제조업소’ 인 기업
- 최근 3년 이내(2023 ~ 2025) 직ㆍ간접 수출실적 보유 기업
- 참여품목 : 종합품목(소비재, 기계류, 식품, 화장품, 자동차 부품 등)
☞ 해외무역사절단 파견을 통해 해외 시장 개척 및 수출 판로 확대 지원
- 왕복항공료 50%(1사1인), 샘플운송료(한도), 바이어 발굴 및 1:1 상담, 현지 비즈니스 관련 공식 활동 비용(통역, 단체 이동 차량 등), 상담회 개최 비용 지원",판로/수출,경상북도경제진흥원,경상북도,중소기업,중소기업,,,,,,,시장개척,2026-08-06,2026-08-24,,이메일 접수 (dkkim00700@daum.net),이메일 접수 (dkkim00700@daum.net),https://www.bizinfo.go.kr/sii/siia/selectSIIA200Detail.do?pblancId=PBLN_000000000125188,main,primary,경북김천시2026년해외무역사절단파견지원참가기업모집공고,경상북도경제진흥원,2026-08-06~2026-08-24,수출,시장개척
biz,PBLN_000000000125186,[경북] 김천시ㆍ칠곡군 2026년 6차 시군 특화 맞춤형 일자리 지원사업 참여기업 모집 공고,"경북 서부권 소재 중소기업의 R&D 연구개발 역량 강화를 지원하고 이공계 인재 신규 고용을 연계하여 기업 경쟁력 제고와 지역 내 양질의 일자리 창출을 도모하고자 「2026년 시군특화 맞춤형 일자리 지원사업」에 참여햘 기업을 다음과 같이 모집합니다.
☞ 본사 또는 사업장이 김천, 칠곡 소재 기업
- R&D 역량 강화를 위해 만 39세 이하의 청년 인재 신규 채용 예정 기업
- 신규 인력은 이공계 전공자로 구미시 거주자 또는 전입 예정자
※ 타 지역 청년의 경우 협약 체결 후 60일 이내 구미 전입 必
☞ 프로젝트 과제비(현장 기반 과제비 12,000천원), 도제식 교육 훈련(최대 2,400천원, 참여 강사 지급) 지원
※ 자세한 지원내용 공고문 참조",인력/일자리,구미전자정보기술원,경상북도,중소기업,중소기업,,,,,,,국내일반인력,2026-07-29,2026-08-14,,온라인 접수 (구미시 창업지원 통합안내사이트),온라인 접수 (구미시 창업지원 통합안내사이트),https://www.bizinfo.go.kr/sii/siia/selectSIIA200Detail.do?pblancId=PBLN_000000000125186,main,primary,경북김천시ㆍ칠곡군2026년6차시군특화맞춤형일자리지원사업참여기업모집공고,구미전자정보기술원,2026-07-29~2026-08-14,인력,국내일반인력
biz,PBLN_000000000125185,[강원] 2026년 하반기 중소기업 밀집지역 위기대응 체계 구축사업 Stand-up 맞춤지원 모집 공고,"중소벤처기업부와 강원특별자치도가 지원하는 「2026년 중소기업 밀집지역 위기대응 체계 구축사업」 상반기 Stand-up 맞춤지원을 다음과 같이 추진하오니, 참여를 희망하는 해당지역 중소기업들의 많은 신청 바랍니다.
☞ 강원특별자치도 2026년 하반기 Stand-up 맞춤지원 대상 중소기업 밀집지역 소재 중소기업
☞ 기술지원(기술정보 분석/기술멘토링, 국내외 지재권/인증, 시험 및 성능분석), 사업화 지원(마케팅, 디자인개발, IR자료ㆍ투자계약서 작성, 물류비, 경영 개선 컨설팅)
- 기업당 지원한도는 최대 1,000만원까지이며, 지원분야ㆍ프로그램별 지원금액 한도 내에서 구성할 수 있음
※ 자세한 지원내용 공고문 참조",경영,강원테크노파크,강원특별자치도,중소기업,중소기업,,,,,,,디자인/상품화/사업화,예산 소진시까지,,,"이메일 또는 우편 접수
- 이메일 : leesy@gwtp.or.kr
- 접수처 : 강원 지역중소기업 위기지원센터(강원테크노파크)","이메일 또는 우편 접수
- 이메일 : leesy@gwtp.or.kr
- 접수처 : 강원 지역중소기업 위기지원센터(강원테크노파크)",https://www.bizinfo.go.kr/sii/siia/selectSIIA200Detail.do?pblancId=PBLN_000000000125185,main,primary,강원2026년하반기중소기업밀집지역위기대응체계구축사업standup맞춤지원모집공고,강원테크노파크,예산 소진시까지~,경영,디자인/상품화/사업화
biz,PBLN_000000000125183,[충남] 예산군 2026년 3차 뿌리산업 고도화를 통한 전후방산업 동반성장 모델 구축 사업 모집 공고(시군구 연고산업 육성사업),"2026년도 중소벤처기업부와 충남도 및 예산군이 지원하는 시군구 연고산업 육성사업(부처협업프로젝트) 수행자로 선정된 수행기관별 지원 프로그램을 안내하오니, 해당 프로그램 참여를 희망하는 예산군 지역 중소기업의 많은 신청 바랍니다. 
☞ 예산군 지역에 소재한 중소기업으로 예산군 뿌리산업 전ㆍ후방 연관 제품(기술) 분야로 신청 가능
☞ 사업화(기술지도, 마케팅), 생산 효율화, 외국인 인력채용 지원
- 기업별 총 한도 9천만원 이내에서 지원
※ 자세한 지원내용 공고문 참조",경영,충남테크노파크,충청남도,중소기업,중소기업,,,,,,,디자인/상품화/사업화,2026-08-05,2026-08-25,,온라인 접수 (중소기업 기술개발사업 종합관리시스템),온라인 접수 (중소기업 기술개발사업 종합관리시스템),https://www.bizinfo.go.kr/sii/siia/selectSIIA200Detail.do?pblancId=PBLN_000000000125183,main,primary,충남예산군2026년3차뿌리산업고도화를통한전후방산업동반성장모델구축사업모집공고시군구연고산업육성사업,충남테크노파크,2026-08-05~2026-08-25,경영,디자인/상품화/사업화
biz,PBLN_000000000125182,[인천] 2026년 공공구매(조달) 상담회 참가기업 모집 공고(지역상품 공공 조달정보 지원사업),"인천상공회의소는 인천 관내 기업의 공공조달 시장 진출 및 판로 지원을 위하여 다음과 같이 공공기관과 공급 희망 기업 간 1:1 매칭 상담을 진행하는 ‘2026년 인천지역 공공구매(조달) 상담회'를 붙임과 같이 진행하오니 많은 관심과 참여 바랍니다.
☞ 인천 관내 기업(본사, 공장, 지사 : 사업자등록증 상 주소지 기준)
☞ 구매상담, 정책상담, 실무교육 지원",판로/수출,인천상공회의소,인천광역시,중소기업,중소기업,,,,,,,공공구매,2026-08-05,2026-09-14,,온라인 접수(Biz-OK),온라인 접수(Biz-OK),https://www.bizinfo.go.kr/sii/siia/selectSIIA200Detail.do?pblancId=PBLN_000000000125182,main,primary,인천2026년공공구매조달상담회참가기업모집공고지역상품공공조달정보지원사업,인천상공회의소,2026-08-05~2026-09-14,내수,공공구매
biz,PBLN_000000000125181,2026년 민관협력 오픈이노베이션 지원 성과기업 후속 지원 창업기업 모집 공고,"중소벤처기업부 오픈이노베이션 지원사업에 참여한 우수 창업기업과 수요기업 간 시장검증(PoV) 등 후속 협업을 지원하는 ‘성과기업 후속지원’ 사업에 참여할 창업기업을 다음과 같이 모집합니다.
☞ 중소벤처기업부 오픈이노베이션 지원사업 참여기업 중 공고문 내 신청자격 및 요건을 충족하는 기업
- 성과 우수형 : 중소벤처기업부 오픈이노베이션 지원사업 최종평가결과가 일정 수준(우수 또는 최우수) 이상이며, 수요기업과 협업을 희망하는 창업기업
- 후속 협업형 : 중소벤처기업부 오픈이노베이션 지원사업 종료 후 기존 수요기업과 후속 협업을 희망하는 창업기업
※ 자세한 지원대상 공고문 참조
☞ 창업기업 대상 사업화 자금(최대2억원) 및 후속 연계 지원
- (사업화 자금) 기술ㆍ제품ㆍ서비스 등 개발을 위한 사업화 자금 지원
- (후속 연계 지원) 창업성장기술개발(디딤돌)ㆍ민관공동기술사업화(구매연계ㆍ상생협력) 연계 지원",창업,창업진흥원,전국,창업벤처,초기창업기업,,,,,,,사업화지원,2026-08-06,2026-08-26,,온라인 접수 (K-Startup누리집),온라인 접수 (K-Startup누리집),https://www.bizinfo.go.kr/sii/siia/selectSIIA200Detail.do?pblancId=PBLN_000000000125181,main,primary,2026년민관협력오픈이노베이션지원성과기업후속지원창업기업모집공고,창업진흥원,2026-08-06~2026-08-26,창업,사업화지원
biz,PBLN_000000000125180,2026년 부산국제수산EXPO(BISFE) 연계 상담회 참가업체 모집 공고,"「2026 부산국제수산EXPO(BISFE)」와 연계 추진 예정인 상담회가 ‘26. 11. 4(수) ~ 6(금) 3일간 벡스코(BEXCO)에서 개최됩니다. 2026년 부산국제수산EXPO에서는 해외 각지의 무역지원센터에서 엄선한 해외 수산바이어 약 80개사를 초청하여 실질적인 비즈니스 네트워크 장을 제공합니다. 또한, 무역지원센터 소재 국가 외에도 인근 국가 바이어를 추가 초청하여 귀사의 해외시장 수출 확대 기회가 될 수 있도록 추진할 예정이오니 많은 신청 바랍니다.
☞ 수산식품(냉동ㆍ냉장품, 연제품, 염장품, 가공품 등) 업체
☞ 1:1 상담회(해외 우수바이어사와의 사전 매칭) 및 찾아가는 상담회, 상담 시 통역 무료 지원",판로/수출,수협중앙회,부산광역시,중소기업,중소기업,,,,,,,해외진출,2026-07-29,2026-09-18,,온라인 신청(K-씨푸드 온라인 사업신청 통합시스템),온라인 신청(K-씨푸드 온라인 사업신청 통합시스템),https://www.bizinfo.go.kr/sii/siia/selectSIIA200Detail.do?pblancId=PBLN_000000000125180,main,primary,2026년부산국제수산expobisfe연계상담회참가업체모집공고,수협중앙회,2026-07-29~2026-09-18,수출,해외진출
biz,PBLN_000000000125179,[부산] 2026년 국제게임전시회 지스타 BTBㆍBTC 부산공동관 참가기업 모집 공고,"(재)부산정보산업진흥원에서는 지역 게임콘텐츠 기업의 국내ㆍ외 시장 진출 및 비즈니스 기회 확대를 위해 「지스타 2026 BTBㆍBTC 부산공동관」 참가기업을 다음과 같이 모집합니다.
☞ 사업공고일 기준 부산광역시에 소재한 게임콘텐츠 관련 기업
☞ (공통) 부산공동관 부스 임차 및 구축, 전력, 인터넷, 테이블 등 기본 부스 비품 지원, 공동관 운영 인력 및 통역(BTB) 지원, 전시자 출입증, 홍보물 제작 지원
- (BTB) BTB 네트워킹 파티 등 참가 지원, 지스타 온라인 비즈매칭 사이트 등록 및 매칭 지원, 바이어 기념품 지원
- (BTC) 부스 참관객 대상 이벤트 운영 지원, 참관객 대상 경품 지원",판로/수출,부산정보산업진흥원,부산광역시,중소기업,중소기업,,,,,,,해외진출준비,2026-08-05,2026-08-20,,"이메일 접수(jhj0813@bipa.kr)
※ BTBㆍBTC 동시 신청 가능","이메일 접수(jhj0813@bipa.kr)
※ BTBㆍBTC 동시 신청 가능",https://www.bizinfo.go.kr/sii/siia/selectSIIA200Detail.do?pblancId=PBLN_000000000125179,main,primary,부산2026년국제게임전시회지스타btbㆍbtc부산공동관참가기업모집공고,부산정보산업진흥원,2026-08-05~2026-08-20,수출,해외진출준비
biz,PBLN_000000000125178,2026년 2차 ICT 비즈니스 파트너십(일본) 참가기업 모집 공고,"과학기술정보통신부와 정보통신산업진흥원은 정보통신방송융합서비스 분야 중소ㆍ중견기업의 해외 시장진출 및 파트너십 구축을 위해 현지 바이어 발굴 및 매칭, B2B 상담회 개최, 현지 기관 방문 등으로 구성된 2026년 2차 ICT 비즈니스 파트너십을 추진하오니 많은 참여와 관심 부탁드립니다.
☞ 정보통신방송 융합서비스 중소ㆍ중견기업
※ ICT, AI, 디지털 전분야의 제품 또는 솔루션/서비스
☞ 파트너십 개최 및 운영, 현지 네트워킹, 통역지원(현지어 또는 영어), 현지 교통지원(공식일정), 참가기업별 1인 출장비용(최대 200만원)",판로/수출,정보통신산업진흥원,전국,중소기업,중소기업,,,,,,,시장개척,2026-08-05,2026-09-02,,이메일 접수 (sohee7278@nipa.kr),이메일 접수 (sohee7278@nipa.kr),https://www.bizinfo.go.kr/sii/siia/selectSIIA200Detail.do?pblancId=PBLN_000000000125178,main,primary,2026년2차ict비즈니스파트너십일본참가기업모집공고,정보통신산업진흥원,2026-08-05~2026-09-02,수출,시장개척
biz,PBLN_000000000125177,2026년 제26회 올해의 여성과학기술인상 선정계획 공고,"우수한 업적으로 과학기술 발전에 공헌한 여성과학기술인을 발굴ㆍ포상하고자 아래와 같이「올해의 여성과학기술인상」 선정계획을 공고하오니 많은 관심과 추천 바랍니다.
☞ 국내 대학, 공공 연구기관, 산업체 등에서 활동하는 한국인 및 한국계 여성과학기술인(진흥부문 후보자는 과학기술분야 비전공자도 포함)
※ 5년 이내 동일 업적으로 국가가 수여하는 타 상이나 포상을 받은 자는 제외
☞ 과학기술정보통신부 장관 상장 및 상금 각 1천만 원 지원
※ 자세한 지원내용 공고문 참조",판로/수출,한국여성과학기술인육성재단,전국,중소기업,"여성,중소기업",,,,,,,오프라인,2026-07-28,2026-08-31,,"온라인 접수 (한국여성과학기술인육성재단)
※ 자세한 신청방법 공고문 참조","온라인 접수 (한국여성과학기술인육성재단)
※ 자세한 신청방법 공고문 참조",https://www.bizinfo.go.kr/sii/siia/selectSIIA200Detail.do?pblancId=PBLN_000000000125177,main,primary,2026년제26회올해의여성과학기술인상선정계획공고,한국여성과학기술인육성재단,2026-07-28~2026-08-31,내수,오프라인
biz,PBLN_000000000125176,2026년 문화체육관광 연구개발사업 기술사업화 및 글로벌 전시 참가기업 모집 공고,"문화체육관광부와 한국콘텐츠진흥원 부설 한국문화기술기획평가원은 기술사업화 및 글로벌 전시 지원사업을 통해 문화기술 경쟁력 강화 및 해외 진출 기반을 마련하고자 참가기업을 모집하오니 많은 신청 바랍니다.
☞ 우수 R&D 기술을 보유한 중소기업 및 창업기업
- 문화체육관광 분야 연구개발사업(과제) 수행 경험이 있는 중소기업 및 창업기업
- 지원분야 : 문화콘텐츠/저작권/스포츠/관광
※ 자세한 지원대상 공고문 참조
☞ 기술사업화 역량진단 및 홍보, 비즈니스 매칭, 해외 전시 참가 지원
- (기술사업화 역량진단 및 홍보) 우수 R&D 기술의 사업화 가능성 등 검토 및 R&D 기술 소개 영상 기획ㆍ제작ㆍ홍보 등 지원
- (비즈니스 매칭) 문화체육관광 분야 R&D 기술 수요기업(엔터사, 플랫폼사, 콘텐츠 IP 보유기업 등) 네트워킹 및 매칭 등 지원
- (해외 전시 참가) R&D 기업 글로벌 시장 진출 및 유통망 확보를 위한 현지 바이어 매칭 등 중국 심천 해외 전시회 참가 등 지원",기술,한국콘텐츠진흥원,전국,중소기업,중소기업,,,,,,,기술사업화/이전/지도,2026-08-05,2026-08-17,,온라인 접수 (한국콘텐츠진흥원 사업관리시스템),온라인 접수 (한국콘텐츠진흥원 사업관리시스템),https://www.bizinfo.go.kr/sii/siia/selectSIIA200Detail.do?pblancId=PBLN_000000000125176,main,primary,2026년문화체육관광연구개발사업기술사업화및글로벌전시참가기업모집공고,한국콘텐츠진흥원,2026-08-05~2026-08-17,기술,기술사업화/이전/지도
biz,PBLN_000000000125175,[대구] 2026년 모빌리티 부품 제조AI 확산센터 구축 사업 기업지원 수혜기업 모집 통합 공고,"2026년 산업통상부가 지원하고 지역기관이 수행하는 기업 제조현장 맞춤형 AI 도입 및 상용화 촉진을 위한 지원프로그램을 안내하오니, 제조현장의 AI 도입 및 활용을 통해 경쟁력 강화를 추진하고자 하는 지역 중소ㆍ중견기업의 많은 신청 바랍니다.
☞ 대구지역 내에 소재한 중소ㆍ중견기업(본사, 공장, 연구소 등 1개 이상)으로 미래 모빌리티 핵심부품 제조업 및 관련 부품군 제조업 또는 미래 모빌리티 부품으로 제조 전환 예정 시 신청 가능
- 지원분야 : 미래 모빌리티 핵심부품 또는 관련 부품군 제조업 분야
☞ 제조 AI 기술도입을 위한 기술지원, 차량SW 설계ㆍ특화 검증 및 기술지원, 제조공정 혁신 및 공정지원 특화 기술지원
※ 자세한 지원내용 공고문 참조",기술,지능형자동차부품진흥원,대구광역시,중소기업,중소기업,,,,,,,기술사업화/이전/지도,2026-07-27,2026-08-17,,"이메일 접수
- 지원프로그램에 따라 해당 기관 접수처로 이메일 접수
ㆍ 제조 AI 기술도입을 위한 기술지원 : 지능형자동차부품진흥원 gamja38@kiapi.or.kr
ㆍ 차량 SW 설계ㆍ특화ㆍ검증 및 기술지원 : 한국전자기술연구원 youngbo.shim@keti.re.kr
ㆍ 제조공정 혁신 및 공정지원 특화 기술지원 : 대구경북과학기술원 kjp@dgist.ac.kr","이메일 접수
- 지원프로그램에 따라 해당 기관 접수처로 이메일 접수
ㆍ 제조 AI 기술도입을 위한 기술지원 : 지능형자동차부품진흥원 gamja38@kiapi.or.kr
ㆍ 차량 SW 설계ㆍ특화ㆍ검증 및 기술지원 : 한국전자기술연구원 youngbo.shim@keti.re.kr
ㆍ 제조공정 혁신 및 공정지원 특화 기술지원 : 대구경북과학기술원 kjp@dgist.ac.kr",https://www.bizinfo.go.kr/sii/siia/selectSIIA200Detail.do?pblancId=PBLN_000000000125175,main,primary,대구2026년모빌리티부품제조ai확산센터구축사업기업지원수혜기업모집통합공고,지능형자동차부품진흥원,2026-07-27~2026-08-17,기술,기술사업화/이전/지도
biz,PBLN_000000000125174,[울산] 2026년 방폭안전 강화사업 지원기업 모집 추가 공고,"2026년도 울산광역시가 지원하는 「2026년 맞춤형 방폭안전관리 역량강화 사업」의 참여기업을 모집합니다. 본 사업은 울산지역 방폭 대상 사업장의 현장 중심 전수조사를 통해 폭발위험요소를 발굴하고, 방폭 안전관리 체계 구축 및 산업현장의 자율적인 안전관리 역량 강화를 지원하기 위한 사업으로, 참여를 희망하는 사업장의 많은 신청 바랍니다.
☞ 울산광역시 소재 PSM(Process Safety Management) 사업장 중 가연성 가스, 인화성 액체 또는 분진을 취급하는 방폭 대상 사업장
※ PSM : 「산업안전보건법」 제44조에 따른 공정안전보고서 제출 대상 사업장
☞ 방폭 안전관리 전수조사 지원
- 방폭 위험 Site(위험장소) 현장조사
- 방폭구역(Zone) 설정 적정성 검토
- 방폭설비 설치ㆍ운영 및 유지관리 실태조사
- 폭발위험요소 발굴 및 개선 필요사항 제시
- 조사결과 DB 구축 및 정책 기초자료 활용",인력/일자리,울산테크노파크,울산광역시,중소기업,중소기업,,,,,,,작업환경개선,2026-08-05,2026-08-21,,온라인 접수 (U Biz Platform),온라인 접수 (U Biz Platform),https://www.bizinfo.go.kr/sii/siia/selectSIIA200Detail.do?pblancId=PBLN_000000000125174,main,primary,울산2026년방폭안전강화사업지원기업모집추가공고,울산테크노파크,2026-08-05~2026-08-21,인력,작업환경개선
biz,PBLN_000000000125173,[경기] 안산시 2026년 해외지사화 지원사업 참가기업 추가모집 공고,"안산시에서는 관내 중소기업의 해외시장 판로개척과 수출활성화를 지원하기 위해 「2026년 안산시 해외지사화 지원사업」에 참여할 기업을 아래와 같이 추가모집하오니, 관심 있는 기업의 많은 참여를 바랍니다. 
☞ 관내에 본사 또는 공장이 소재한 중소기업으로서, 대한무역투자진흥공사(KOTRA) 등 유관기관이 주관하는 ‘해외지사화사업’에 선정된 중소기업
※ 공고일 이전인 2026. 1. 1.부터 선정된 기업 포함
☞ ‘2026년 해외지사화사업’ 참가비 (진입ㆍ발전단계만 지원) 업체당 최대 300만원 이내 지원
- 서비스단계 ‘진입’의 경우 : 사업 참가비의 60% 지원 (60만원)
- 서비스단계 ‘발전’의 경우 : 사업 참가비의 60% 지원 (최대 300만원)",판로/수출,기초자치단체,경기도,중소기업,중소기업,,,,,,,해외진출준비,2026-08-05,2026-08-31,,"방문 또는 우편 접수
- 접수처 : (15396) 안산시 단원구 중앙대로 685(초지동) 산업지원본부 기업지원과 해외지사화사업 담당자 앞
※ 각종 증빙서류 사본 제출 시, 원본대조필 및 직인 날인 필요","방문 또는 우편 접수
- 접수처 : (15396) 안산시 단원구 중앙대로 685(초지동) 산업지원본부 기업지원과 해외지사화사업 담당자 앞
※ 각종 증빙서류 사본 제출 시, 원본대조필 및 직인 날인 필요",https://www.bizinfo.go.kr/sii/siia/selectSIIA200Detail.do?pblancId=PBLN_000000000125173,main,primary,경기안산시2026년해외지사화지원사업참가기업추가모집공고,기초자치단체,2026-08-05~2026-08-31,수출,해외진출준비
biz,PBLN_000000000125172,[경기] 부천시 2026년 부천상권페스타 맞춤형 마케팅 지원사업 공고,"부천산업진흥원 상권활성화센터에서는 상점가별 특색에 맞는 마케팅을 지원하여 전통시장 및 골목상권의 고객 유입 확대와 소비 활성화를 도모하고, 부천 대표상권 축제로서 지역 상권 활력을 제고하고자 「2026년 부천상권페스타」를 시행하오니 많은 관심과 참여 바랍니다. 
☞ 부천시 내 전통시장 및 골목상권 상인회
☞ 마케팅 비용 및 전문가 컨설팅 지원
① 상권별 부천상권페스타 운영을 위한 맞춤형 마케팅 비용 지원(경품구입비, 프로그램 운영비, 페이백행사 운영비, 홍보물 제작비, 기타항목) 
② 전문가 컨설팅 지원(부천상권페스타 운영 컨설팅)",경영,부천산업진흥원,경기도,소상공인,소상공인,,,,,,,디자인/상품화/사업화,2026-08-05,2026-08-14,,"온라인, 이메일 접수
- 온라인 : 부천산업진흥원
- 이메일 : (전통시장) mjy@bizbc.or.kr (골목상권) leehy@bizbc.or.kr","온라인, 이메일 접수
- 온라인 : 부천산업진흥원
- 이메일 : (전통시장) mjy@bizbc.or.kr (골목상권) leehy@bizbc.or.kr",https://www.bizinfo.go.kr/sii/siia/selectSIIA200Detail.do?pblancId=PBLN_000000000125172,main,primary,경기부천시2026년부천상권페스타맞춤형마케팅지원사업공고,부천산업진흥원,2026-08-05~2026-08-14,경영,디자인/상품화/사업화
biz,PBLN_000000000125170,2026년 스마트도시 특화단지 조성사업 스마트도시 알파-부스트 지원사업 추가모집 공고,"AI+α 기술로 도시를 혁신하고 어반테크기업 성장을 지원하는 미래형 실증도시 모델 구축을 위하여 국토교통부와 대구광역시에서 추진하는「스마트도시 특화단지 조성사업」의 2026년 스마트도시「알파-부스트」지원사업을 다음과 같이 공고합니다.
☞ 스마트도시 서비스 및 개발 역량을 보유한 국내 법인사업자
- 지원분야 : 스마트인프라(AI 컴퓨팅, 데이터허브, 5G, IoT 등)를 활용한 도시서비스 및 공공서비스(로봇 / 모빌리티 / 지능형 관제 / 안전 서비스 및 솔루션 등)
☞ 기업 성장단계와 기업활동 전반(상용화, 실증, 마케팅)에 걸친 원스톱 맞춤형 솔루션 ‘알파-부스트(Alpha-Boost)' 패키지 지원
- 상용화 지원, 실증 지원, 마케팅 지원
- 기업당 최대 66,000천원
※ 자세한 지원내용 공고문 참조",기술,대구테크노파크,국토교통부,중소기업,중소기업,,,,,,,기술사업화/이전/지도,2026-08-06,2026-08-26,,온라인 접수 (대구테크노파크),온라인 접수 (대구테크노파크),https://www.bizinfo.go.kr/sii/siia/selectSIIA200Detail.do?pblancId=PBLN_000000000125170,main,primary,2026년스마트도시특화단지조성사업스마트도시알파부스트지원사업추가모집공고,대구테크노파크,2026-08-06~2026-08-26,기술,기술사업화/이전/지도
biz,PBLN_000000000125168,[강원] 2026년 비관세장벽 대응 지원사업(미국FDA 식품등록) 참여기업 모집 공고,"강원지역 우수 식품기업의 미국 시장 진출을 지원하기 위한 「2026년 강원지역 비관세장벽 대응 지원사업(미국 FDA 식품등록)」 참여기업을 다음과 같이 모집 공고합니다.
☞ 강원특별자치도 소재(본사 등록) 식품 제조 중소벤처기업
- (공통) 국내 식약처 등록완료 및 판매 중인 제품(등록 예정은 불가)
- (미국 FDA 식품시설등록) 제품 등록의 경우 제조사의 시설등록 정보 제공 가능자
※ (참가제한) ① 전년도(2025년) 수출실적 1,000만불 이상 기업 / ② 동일품목ㆍ동일인증에 대하여 타기관에서 지원 받은 기업
☞ 미국 FDA 식품등록(FFR) 등 소요비용(기업당 최대 100만원) 지원",판로/수출,강원지방중소벤처기업청,강원특별자치도,중소기업,중소기업,,,,,,,해외진출,2026-08-05,2026-08-21,,이메일 접수 (jmkim1121@korea.kr),이메일 접수 (jmkim1121@korea.kr),https://www.bizinfo.go.kr/sii/siia/selectSIIA200Detail.do?pblancId=PBLN_000000000125168,main,primary,강원2026년비관세장벽대응지원사업미국fda식품등록참여기업모집공고,강원지방중소벤처기업청,2026-08-05~2026-08-21,수출,해외진출
biz,PBLN_000000000125167,[경북] 연구장비 활용 수수료 지원사업 수혜기업 모집 공고(경북산업기술단지 거점기능강화사업),"중소벤처기업부, 경상북도, 경북테크노파크에서는 지역기업의 경쟁력 강화 및 지역 내 연구장비 활용도 제고를 위해 다음과 같이 “경상북도 연구장비 활용 수수료지원사업”을 공고하오니 많은 관심과 참여바랍니다.
☞ 경상북도 소재 중소벤처기업
① 본사(또는 공장, 연구소)가 경상북도에 소재하면서 다음 사항 중 하나 이상에 해당하는 기업
※ 「중소기업기본법」 에 따른 중소기업에 해당하는 기업
※ 벤처기업 육성에 관한 특별조치법 제2조의 2 「벤처기업 요건」에 해당하는 기업
② 제품ㆍ기술 개발을 목적으로 연구 장비를 활용하는 기업
③ 경상북도 내 대학 및 연구기관의 연구장비로 “경상북도연구장비정보시스템(https://gbrems.gbtp.or.kr)”에 등록된 공동활용 장비를 활용하는 기업 
☞ 연구장비 활용 수수료(기업당 최대 3백만원) 지원
- 도내 제조 중소ㆍ벤처ㆍ창업기업을 대상으로 도내 대학 및 연구기관 연구장비 활용 수수료 지원",기술,경북테크노파크,경상북도,중소기업,중소기업,,,,,,,기술인력/장비지원,2026-08-06,2026-08-21,,온라인 접수 (경북테크노파크),온라인 접수 (경북테크노파크),https://www.bizinfo.go.kr/sii/siia/selectSIIA200Detail.do?pblancId=PBLN_000000000125167,main,primary,경북연구장비활용수수료지원사업수혜기업모집공고경북산업기술단지거점기능강화사업,경북테크노파크,2026-08-06~2026-08-21,기술,기술인력/장비지원
biz,PBLN_000000000125166,2026년 디지털커머스 전문기관(소담스퀘어 in 경북) 모집 공고,"소상공인 디지털 콘텐츠 제작 및 온라인시장 진출을 위해 필요한 장비ㆍ시설을 구축하고 전문인력, 사업지원 등을 통한 소상공인 디지털 전환 촉진을 위한 사업입니다.
☞ 디지털커머스 역량강화를 필요로 하는「소상공인기본법」제2조에 따른 소상공인
☞ AI플랫폼 활용 디지털 커머스 역량강화 교육 및 컨설팅 
- AI플랫폼 활용 홍보 및 광고 콘텐츠 제작 실습 
- 디지털커머스 전환 및 역량강화를 위한 정책연계 컨설팅
- 온라인 유통 플랫폼 입점지원(별도 사업 연계지원)",판로/수출,한국중소벤처기업유통원,경상북도,소상공인,소상공인,,,,,,,홍보지원,2026-08-05,2026-10-30,,온라인 접수 (판판대로),온라인 접수 (판판대로),https://www.bizinfo.go.kr/sii/siia/selectSIIA200Detail.do?pblancId=PBLN_000000000125166,main,primary,2026년디지털커머스전문기관소담스퀘어in경북모집공고,한국중소벤처기업유통원,2026-08-05~2026-10-30,내수,홍보지원
biz,PBLN_000000000125162,2026년 해외 온라인 플랫폼 입점지원 사업 참여 소상공인 모집 공고,"해외 온라인 플랫폼 진출을 희망하는 소상공인의 플랫폼 입점을 지원하는 ’26년「해외 온라인 플랫폼 입점지원」사업 참여 소상공인을 모집합니다.
☞ 신청일 기준 정상 영업 중인 「소상공인 기본법」 제2조에 따른 소상공인으로 해외 온라인 플랫폼에 미 입점한 업체
☞ 해외 온라인 플랫폼 진출 및 수출 기반 마련을 위한 4가지 항목 지원
- (필수) 입점지원
- (선택) 콘텐츠 제작, 컨설팅, 특허ㆍ지재권",판로/수출,소상공인시장진흥공단,전국,소상공인,소상공인,,,,,,,해외진출,2026-08-04,2026-08-18,,온라인 접수(소상공인24),온라인 접수(소상공인24),https://www.bizinfo.go.kr/sii/siia/selectSIIA200Detail.do?pblancId=PBLN_000000000125162,main,primary,2026년해외온라인플랫폼입점지원사업참여소상공인모집공고,소상공인시장진흥공단,2026-08-04~2026-08-18,수출,해외진출
biz,PBLN_000000000125161,패션 브랜드 협업활성화 원단지원 기업 모집 공고(원단 제공기업 대상 디자인 협업 및 홍보ㆍ마케팅 지원),"다이텍연구원 미래의류연구소에서는 섬유소재기업과 패션기업의 동반성장과 디자이너의 창작활동을 지원하기 위한 작업 공간을 구축하고 있습니다. 이에 디자인 개발과 샘플 제작용 원단을 확보하고 참여기업의 소재 홍보ㆍ마케팅을 지원하고자 소재지원 기업을 모집하오니 많은 관심과 참여를 바랍니다.
☞ 패션 브랜드 및 디자이너의 디자인 개발 및 샘플 제작에 활용할 원단을 제공할 수 있는 국내 섬유ㆍ의류 소재기업
- 디자이너 및 패션 브랜드와의 협업을 통해 자사 원단과 소재의 홍보를 희망하는 기업
☞ 패션 브랜드 및 디자이너의 창작활동에 활용할 원단 지원
- 제공 원단의 특성 및 활용 정보 공유
- 패션 브랜드 및 디자이너와의 협업 참여
※ 자세한 지원내용 공고문 참조",경영,DYETEC연구원,전국,중소기업,중소기업,,,,,,,디자인/상품화/사업화,2026-08-05,2026-08-21,,"이메일, 팩스, 방문 접수
- 이메일 : fabricdive@dyetec.or.kr
- 팩스 : 053-350-3887
- 접수처 : (41706) 대구광역시 서구 달서천로 92 DYETEC연구원 섬유패션AX센터
※ 발송 후 전화 연락 바랍니다","이메일, 팩스, 방문 접수
- 이메일 : fabricdive@dyetec.or.kr
- 팩스 : 053-350-3887
- 접수처 : (41706) 대구광역시 서구 달서천로 92 DYETEC연구원 섬유패션AX센터
※ 발송 후 전화 연락 바랍니다",https://www.bizinfo.go.kr/sii/siia/selectSIIA200Detail.do?pblancId=PBLN_000000000125161,main,primary,패션브랜드협업활성화원단지원기업모집공고원단제공기업대상디자인협업및홍보ㆍ마케팅지원,dyetec연구원,2026-08-05~2026-08-21,경영,디자인/상품화/사업화
biz,PBLN_000000000125160,[경북] 2026년 우수 수산물 육성사업 대만 해외시장개척단 참가기업 추가 모집 공고,"경상북도와 (재)경상북도경제진흥원에서는 경북도내 수산기업을 대상으로 해외 신규시장 개척 및 수출증대를 위해 「경북 우수 수산물 육성사업 대만 해외시장개척단」 참가기업을 다음과 같이 모집하오니 많은 관심 바랍니다.
☞ 경상북도 수산물 생산 및 가공기업
☞ 행사장 구성(상담회, 판촉홍보전), 바이어 섭외 및 1:1 상담, 물류지원 등, 통역사 지원(1기업당 1인), 현지 이동수단(단체) 지원",판로/수출,경상북도경제진흥원,경상북도,중소기업,중소기업,,,,,,,시장개척,2026-08-07,2026-08-20,,이메일 접수 (osmasis@gepa.kr),이메일 접수 (osmasis@gepa.kr),https://www.bizinfo.go.kr/sii/siia/selectSIIA200Detail.do?pblancId=PBLN_000000000125160,main,primary,경북2026년우수수산물육성사업대만해외시장개척단참가기업추가모집공고,경상북도경제진흥원,2026-08-07~2026-08-20,수출,시장개척
biz,PBLN_000000000125159,[전북] 2026년 5차 글로벌 IP스타기업 육성 해외출원비용지원사업 모집 공고,"2026년도 글로벌 IP스타기업 육성 해외출원비용 지원사업을 다음과 같이 공고하오니, 동 사업에 참여를 원하는 기업은 신청하여 주시기 바랍니다.
☞ 전북 글로벌 IP스타기업
☞ 해외 특허, 상표, 디자인 출원에 소요되는 비용 중 일부를 지원하며, 전북지식재산센터 컨설턴트의 컨설팅 병행 지원
※ 개별국 직접출원, PCT출원(국제/국내단계), 마드리드 국제상표출원, 헤이그 국제디자인출원 등 해외에서 권리 획득을 위한 모든 산업재산권 출원 가능",판로/수출,전북지식재산센터,전북특별자치도,중소기업,중소기업,,,,,,,해외진출준비,2026-08-03,2026-08-18,,온라인 접수(RIPC사업관리시스템),온라인 접수(RIPC사업관리시스템),https://www.bizinfo.go.kr/sii/siia/selectSIIA200Detail.do?pblancId=PBLN_000000000125159,main,primary,전북2026년5차글로벌ip스타기업육성해외출원비용지원사업모집공고,전북지식재산센터,2026-08-03~2026-08-18,수출,해외진출준비
biz,PBLN_000000000125158,[전북] 2026년 2차 기능성식품 규제자유특구 규제자유특구혁신사업육성  사업화지원 사업 모집 공고,"한국식품산업클러스터진흥원은「식품산업진흥법」제12조의2에 따라 국가식품클러스터의 육성ㆍ관리와 농림축산식품부 장관이 위탁하는 사업 등을 효율적으로 지원하기 위하여 설립된 농림축산식품부 산하 공공기관입니다. 우리 진흥원은 전북 기능성식품 규제자유특구 사업자의 성공적인 시장 안착 및 판로 확대를 지원하고자「2026년 규제자유특구혁신사업육성 사업화지원 사업」을 다음과 같이 공고하오니, 특구 사업자들의 많은 참여 바랍니다.
☞ 전북 기능성식품 규제자유특구 사업자
☞ 기술지원 및 사업화 지원
- (기술 지원) 시험ㆍ분석, 현장애로 기술지도
- (사업화 지원) 디자인 개발, 홍보물 제작, 사업화 전략 수립, 국내/외 전시ㆍ박람회 참가",경영,한국식품산업클러스터진흥원,전북특별자치도,중소기업,중소기업,,,,,,,디자인/상품화/사업화,2026-08-04,2026-08-18,,이메일 접수(ryu2616@foodpolis.kr),이메일 접수(ryu2616@foodpolis.kr),https://www.bizinfo.go.kr/sii/siia/selectSIIA200Detail.do?pblancId=PBLN_000000000125158,main,primary,전북2026년2차기능성식품규제자유특구규제자유특구혁신사업육성사업화지원사업모집공고,한국식품산업클러스터진흥원,2026-08-04~2026-08-18,경영,디자인/상품화/사업화
biz,PBLN_000000000125157,[인천] 제물포구 2026년 하반기 착한가격업소 신규 지정 모집 공고,"우리 구에서는 지역의 동일 업종 평균가격에 비하여 저렴한 가격으로 친절하고 품질 높은 서비스를 제공해 물가안정에 기여하고 있는 착한가격업소를 선정하고자 합니다. 아래와 같이 착한가격업소를 모집하오니 많은 신청 바랍니다.
☞ 인천광역시 제물포구에 사업장을 둔 개인서비스요금에 해당하는 품목 관련 업종에 대해 자영업자, 개인사업자가 운영하는 업소 중 물가안정에 기여해 온 개인서비스업종
☞ 착한가격업소 표찰, 업소별 인센티브, 인천광역시 제물포구청 홈페이지, SNS 등을 통한 업소 홍보 등",판로/수출,기초자치단체,인천광역시,소상공인,소상공인,,,,,,,홍보지원,2026-08-05,2026-09-04,,"방문, 우편, 팩스 및 이메일 접수
- 접수처 : 인천광역시 제물포구 신포로27번길 80, 서별관 1층 일자리경제과
- 팩스 : 032-745-3119
- 이메일 : smileyul@korea.kr
※ 팩스나 이메일 신청 시 반드시 담당자에게 연락해주시기 바랍니다. (032-745-3103)","방문, 우편, 팩스 및 이메일 접수
- 접수처 : 인천광역시 제물포구 신포로27번길 80, 서별관 1층 일자리경제과
- 팩스 : 032-745-3119
- 이메일 : smileyul@korea.kr
※ 팩스나 이메일 신청 시 반드시 담당자에게 연락해주시기 바랍니다. (032-745-3103)",https://www.bizinfo.go.kr/sii/siia/selectSIIA200Detail.do?pblancId=PBLN_000000000125157,main,primary,인천제물포구2026년하반기착한가격업소신규지정모집공고,기초자치단체,2026-08-05~2026-09-04,내수,홍보지원
biz,PBLN_000000000125156,2026년 로봇 기반 공간컴퓨팅 창업지원 예비창업자(팀) 모집 추가공고,"과학기술정보통신부와 대구광역시가 지원하는「2026년 로봇기반 공간컴퓨팅 창업지원사업」의 예비창업(팀) 지원을 위한 과제를 수행할 예비창업자를 다음과 같이 모집하고자 하오니, 많은 신청 바랍니다.
☞ AIㆍ공간컴퓨팅, 로봇, XR 등 공간 기반 SW 개발 분야
※ 산업여건 및 수요를 고려하여, SW기반 HW 융합 분야까지 확대
- 예비창업팀 : 공고일 기준 신청자 명의의 사업자등록 또는 법인 설립 등기가 없는 자들로 구성된 예비 창업팀(1명 이상)
☞ 개발 및 사업화 비용, 인건비 지원
※ 자세한 지원내용 공고문 참조",창업,대구테크노파크,대구광역시,창업벤처,"예비창업자,초기창업기업",,,,,,,예비창업자지원,2026-08-04,2026-08-19,,"이메일 접수 (petra@dgtp.or.kr)
※ 접수 후 유선 확인 필수","이메일 접수 (petra@dgtp.or.kr)
※ 접수 후 유선 확인 필수",https://www.bizinfo.go.kr/sii/siia/selectSIIA200Detail.do?pblancId=PBLN_000000000125156,main,primary,2026년로봇기반공간컴퓨팅창업지원예비창업자팀모집추가공고,대구테크노파크,2026-08-04~2026-08-19,창업,예비창업자지원
biz,PBLN_000000000125155,2026년 경북 K-뷰티산업 국내외 마케팅 지원사업 모집 공고(말레이시아ㆍ우즈베키스탄 공동관),"화장품산업 활성화와 기업의 성장을 위해, 경상북도와 경산시가 지원하는「2026년도 K-뷰티산업 국내외 마케팅 지원사업」모집 공고를 다음과 같이 진행하오니 관련 기업의 많은 참여 바랍니다.
☞ 경북지역 內 소재하는 화장품, 화장품 관련 디바이스 기업
※ 본사, 공장, 연구소 등 1개 이상 소재한 기업
※ 경북지역 외 소재 기업은 사업종료 이내 전입 시 지원가능
☞ 말레이시아 뷰티엑스포&코스모뷰티, 뷰티월드 우즈베키스탄 해외 전시회 참가 지원
- 전시회 부스 임차료, 부스 장치비, 통역사(기업당 1인) 지원",판로/수출,경북IT융합산업기술원,경상북도,중소기업,중소기업,,,,,,,시장개척,2026-08-05,2026-08-12,,"방문 또는 우편 접수
- 접수처 : 경북 경산시 삼성현로 738(유곡동 294-39), 글로벌 코스메틱 비즈니스센터 105호","방문 또는 우편 접수
- 접수처 : 경북 경산시 삼성현로 738(유곡동 294-39), 글로벌 코스메틱 비즈니스센터 105호",https://www.bizinfo.go.kr/sii/siia/selectSIIA200Detail.do?pblancId=PBLN_000000000125155,main,primary,2026년경북k뷰티산업국내외마케팅지원사업모집공고말레이시아ㆍ우즈베키스탄공동관,경북it융합산업기술원,2026-08-05~2026-08-12,수출,시장개척
biz,PBLN_000000000125154,[경기] 성남시 2026년 산업기술보호 컨설팅 지원사업 모집 공고,"성남시ㆍ성남산업진흥원ㆍ한국산업기술보호협회는 성남시 중소ㆍ중견기업, 대학교 연구소의 기술유출 방지 및 보안역량 강화를 위한 「2026년 성남시 산업기술보호 컨설팅」지원 사업을 다음과 같이 공고합니다.
☞ 성남시 중소ㆍ중견기업
☞ 보안관리체계 전반 진단 및 개선방안 컨설팅, 정보시스템 취약점 점검 및 조치 지원(솔루션 제공), 성남시 산업기술보호 협의체 구성원 자격 부여 등 지원",경영,한국산업기술보호협회,경기도,중소기업,중소기업,,,,,,,컨설팅,예산 소진시까지,,,이메일 접수 (security@kaits.or.kr),이메일 접수 (security@kaits.or.kr),https://www.bizinfo.go.kr/sii/siia/selectSIIA200Detail.do?pblancId=PBLN_000000000125154,main,primary,경기성남시2026년산업기술보호컨설팅지원사업모집공고,한국산업기술보호협회,예산 소진시까지~,경영,컨설팅
biz,PBLN_000000000125153,[제주] 2026년 아세안+α 시장 개척을 위한  바이어 초청 수출상담회 참가업체 모집 공고,"도내 우수 기업의 신규 해외 수출 판로개척 지원을 위한 「2026 아세안+α 시장 개척을 위한 바이어 초청 수출상담회」를 다음과 같이 개최하오니 많은 참가 바랍니다.
☞ 제주 도내 농수축산물, 가공식품, 화장품 등 제주상품 수출(희망)기업
- 국문/영문 홍보 카탈로그 보유 업체
- 생산 제품의 수출단가(FOB부산 등) 산출이 가능한 업체
☞ 해외 바이어 간 1:1 비즈니스 상담 지원",판로/수출,직접수행,제주특별자치도,중소기업,중소기업,,,,,,,시장개척,2026-07-30,2026-08-14,,온라인 접수 (전자무역시스템),온라인 접수 (전자무역시스템),https://www.bizinfo.go.kr/sii/siia/selectSIIA200Detail.do?pblancId=PBLN_000000000125153,main,primary,제주2026년아세안α시장개척을위한바이어초청수출상담회참가업체모집공고,직접수행,2026-07-30~2026-08-14,수출,시장개척
biz,PBLN_000000000125152,[대전] 2026년 반도체 공정기반 나노메디컬 기술상용화 지원 사업 모집 공고,"나노종합기술원은 대전광역시의 반도체 공정기반 나노메디컬 디바이스 R&D, 시제품 생산 플랫폼 구축으로 지역기업 지원 육성 및 지역전략사업 활성화를 위해 최첨단 장비/시설을 활용하여 제품을 개발하고자 하거나 해외전시회 참관/기업의 해외 진출을 위한 컨설팅을 희망하는 지역 유망기업을 모집하여 지원하고자 하오니 희망하시는 기업에서는 신청하여 주시기 바랍니다.
☞ 대전광역시에 본사, 지사, 연구소, 공장 중 하나 이상을 둔 중소기업(사업공고일 기준 사업자 등록증의 본사, 지사, 연구소, 공장 중 하나 이상의 소재지가 대전광역시인 경우)
※ 반도체 기술/인프라와 ICT 연계를 통한 미래 헬스케어 신시장 창출과 바이오 산업과 연계가 가능한 지역 첨단 전략산업 분야
☞ 기술지도 분야(기업당 2.2천만원 이내), 시제품 제작 분야(기업당 2.2천만원 이내) 및 MEDICA 등 해외전시회 참관, 해외 진출 컨설팅(기업당 300만원 이내) 지원
※ 자세한 지원내용 공고문 참조",기술,나노종합기술원,대전광역시,중소기업,중소기업,,,,,,,기술사업화/이전/지도,2026-07-31,2026-08-14,,"이메일 접수 (hkyoun@nnfc.re.kr)
※ 원본 1부 현장 방문 제출","이메일 접수 (hkyoun@nnfc.re.kr)
※ 원본 1부 현장 방문 제출",https://www.bizinfo.go.kr/sii/siia/selectSIIA200Detail.do?pblancId=PBLN_000000000125152,main,primary,대전2026년반도체공정기반나노메디컬기술상용화지원사업모집공고,나노종합기술원,2026-07-31~2026-08-14,기술,기술사업화/이전/지도
biz,PBLN_000000000125151,2026년 딥테크 창업기업 기술지원사업 LAB TO CITY (L2C)ㆍ반도체 공고,"대전창조경제혁신센터와 나노종합기술원은 창업기업의 기술 사업화 역량을 강화하고 성장 지원을 위해 2026년 「딥테크 창업기업 지술지원사업, LAB TO CITY(L2C)ㆍ반도체」를 공고하오니 많은 관심과 참여를 바랍니다.
☞ 대전광역시 내 사업장을 보유하며, 사업자등록증 기준 창업일로부터 7년 이내 나노ㆍ소재ㆍ반도체ㆍ바이오ㆍICT 융합 분야 창업기업
☞ 나노종합기술원 신뢰성 및 분석 장비 사용료 지원(2,000만원)
- 분석 결과 기술 컨설팅 (전담 연구원 매칭) 지원",창업,나노종합기술원,대전광역시,창업벤처,초기창업기업,,,,,,,사업화지원,2026-08-07,2026-08-20,,이메일 접수 (woojinyun@nnfc.re.kr),이메일 접수 (woojinyun@nnfc.re.kr),https://www.bizinfo.go.kr/sii/siia/selectSIIA200Detail.do?pblancId=PBLN_000000000125151,main,primary,2026년딥테크창업기업기술지원사업labtocityl2cㆍ반도체공고,나노종합기술원,2026-08-07~2026-08-20,창업,사업화지원
biz,PBLN_000000000125150,제24회 전주국제발효식품엑스포 참가기업 추가모집 공고,"전북바이오융합산업진흥원에서는 전북특별자치도와 전주시지원으로 제24회 전주국제발효식품엑스포 개최에 따른 국내 우수 발효식품기업 및 관련 기관의 참가를 통해 기업홍보 및 제품판로개척 등 기회의 장을 만들고자 아래와 같이 참가기업 및 관련 기관을 모집하오니, 많은 참여 바랍니다.
☞ 발효식품 및 발효관련 제품을 제조 생산하는 기업 및 기관
- 전시품목 : 발효식품, 식음료, 기타(연구소, 기관, 사업단 등)
☞ 기업홍보 및 제품판로개척 등 지원",판로/수출,전북바이오융합산업진흥원,전북특별자치도,중소기업,중소기업,,,,,,,홍보지원,2026-08-03,2026-08-21,,"이메일 접수 (iffe@iffe.or.kr) 
※ 서류제출 후 접수여부 확인 필수(063-210-6590)","이메일 접수 (iffe@iffe.or.kr) 
※ 서류제출 후 접수여부 확인 필수(063-210-6590)",https://www.bizinfo.go.kr/sii/siia/selectSIIA200Detail.do?pblancId=PBLN_000000000125150,main,primary,제24회전주국제발효식품엑스포참가기업추가모집공고,전북바이오융합산업진흥원,2026-08-03~2026-08-21,내수,홍보지원
biz,PBLN_000000000125149,[경북] 2026년 경북세일페스타 유통사 입점 마케팅 데이 참여기업 모집 공고,"경상북도경제진흥원에서 중소기업ㆍ소상공인을 대상으로 평소 미팅이 어려웠던 온라인 유통 MD를 1:1 전문가 상담을 지원하고자 「2026년 경북세일페스타 유통사 입점 마케팅 데이 참여기업 모집」을 실시합니다. 많은 관심과 참여 바랍니다.
☞ 경상북도 소재 중소기업ㆍ소상공인
☞ 구매상담ㆍ전문가 상담ㆍ상품 전시, 현장 상담 멘토 등 지원
※ 자세한 지원내용 공고문 참조",경영,경상북도경제진흥원,경상북도,중소기업,중소기업,,,,,,,컨설팅,선착순 접수,,,온라인 접수 (라라랩),온라인 접수 (라라랩),https://www.bizinfo.go.kr/sii/siia/selectSIIA200Detail.do?pblancId=PBLN_000000000125149,main,primary,경북2026년경북세일페스타유통사입점마케팅데이참여기업모집공고,경상북도경제진흥원,선착순 접수~,경영,컨설팅
biz,PBLN_000000000125148,2026년 북미 자동차 부품 전략 상담회 참가기업 모집 공고,"북미 내 보호무역주의 확산과 부품 현지화 요구를 공급망 재편 과정에서 발생하는 대체 수요 확보의 기회로 활용하여 현지 주요 OEM 및 Tier-1 공급망에 대한 선제적 진입을 지원하기 위해 「2026 북미 자동차 부품 전략 상담회」을 추진합니다. 다가오는 10월 13일, 미국 디트로이트에서 개최되는 동 행사에 참여를 희망하는 기업을 아래와 같이 모집하오니 많은 관심과 참여 바랍니다.
☞ 국내 자동차부품ㆍ이차전지 소부장 기업
- KOTRA 기업회원 중 북미 바이어(OEM, Tier-1) 수요 대응 가능한 국내 자동차 부품사
☞ 북미 모빌리티 공급망 진입 세미나, 1:1 수출상담회 지원",판로/수출,대한무역투자진흥공사,전국,중소기업,중소기업,,,,,,,시장개척,2026-08-05,2026-08-28,,온라인 접수 (무역투자24),온라인 접수 (무역투자24),https://www.bizinfo.go.kr/sii/siia/selectSIIA200Detail.do?pblancId=PBLN_000000000125148,main,primary,2026년북미자동차부품전략상담회참가기업모집공고,대한무역투자진흥공사,2026-08-05~2026-08-28,수출,시장개척
biz,PBLN_000000000125147,[인천] 계양구 2026년 하반기 착한가격업소 신규지정 모집 공고,"저렴한 가격과 양질의 서비스로 지역물가안정에 기여할 착한가격업소를 지정하고자 하오니 희망하는 업소의 많은 신청 바랍니다.
☞ 계양구 소재 외식업, 이ㆍ미용업, 목욕업, 세탁업 등 개인(법인)서비스 업소
☞ 착한가격업소 인증 표찰 및 착한가격메뉴판 지원, 업소별 인센티브 지원(종량제봉투, 소모품 등), 계양구 홈페이지, SNS 등을 통한 홍보 지원",경영,기초자치단체,인천광역시,소상공인,소상공인,,,,,,,디자인/상품화/사업화,2026-08-03,2026-09-04,,"방문, 팩스, 이메일 접수
- 접수처 : 계양구청 5층 지역경제과(평일 09:00~18:00) 
- 팩스 : 032-551-5746
- 이메일 : kar9533@korea.kr
※ 팩스나 이메일 신청시 반드시 담당자에게 연락해주시기 바랍니다.(032-450-5484)","방문, 팩스, 이메일 접수
- 접수처 : 계양구청 5층 지역경제과(평일 09:00~18:00) 
- 팩스 : 032-551-5746
- 이메일 : kar9533@korea.kr
※ 팩스나 이메일 신청시 반드시 담당자에게 연락해주시기 바랍니다.(032-450-5484)",https://www.bizinfo.go.kr/sii/siia/selectSIIA200Detail.do?pblancId=PBLN_000000000125147,main,primary,인천계양구2026년하반기착한가격업소신규지정모집공고,기초자치단체,2026-08-03~2026-09-04,경영,디자인/상품화/사업화
biz,PBLN_000000000125146,2026년 ILS(Innovation Leaders Summit) 연계 한일 오픈이노베이션 참가기업 모집 공고,"KOTRA 도쿄무역관에서는 일본 경제산업성(METI)이 후원하는 아시아 최대 규모 오픈이노베이션 행사 'Innovation Leaders Summit(ILS) 2026'과 연계하여 일본 대기업ㆍVCㆍCVC와의 협업ㆍ투자 매칭 프로그램을 개최하오니 관심 있는 국내 스타트업의 많은 신청 바랍니다.
☞ 국내 유망 스타트업
- 모집분야 : 재생에너지ㆍ탈탄소ㆍGXㆍ탄소중립ㆍSDGs, 고기능 소재, 배터리ㆍ에너지저장ㆍ수소ㆍ바이오매스 등
※ 자세한 지원대상 공고문 참조 
☞ ILS 공식 참가, 파워 매칭, 통역, 사전 컨설팅, 네트워킹, 사후, 투자 연계 지원
※ 자세한 지원 내용 공고문 참조",창업,대한무역투자진흥공사,전국,창업벤처,초기창업기업,,,,,,,사업화지원,2026-08-05,2026-08-19,,온라인 접수 (무역투자24),온라인 접수 (무역투자24),https://www.bizinfo.go.kr/sii/siia/selectSIIA200Detail.do?pblancId=PBLN_000000000125146,main,primary,2026년ilsinnovationleaderssummit연계한일오픈이노베이션참가기업모집공고,대한무역투자진흥공사,2026-08-05~2026-08-19,창업,사업화지원
biz,PBLN_000000000125145,[인천] 미추홀구 2026년 하반기 착한가격업소 신규 모집 공고,"우리 구에서는 지역 물가안정에 기여해 온 업소를 착한가격업소로 지정하여 지원 하고자 다음과 같이 신규 지정 신청 공고합니다.
☞ 개인사업자, 법인으로서 서민생활과 밀접한 개인서비스요금(통계청 분류)에 해당하는 업종에 대해 시민에게 직접 소매 단위로 물품ㆍ서비스 등의 판매행위를 하는 업소 (예: 외식업, 이ㆍ미용업, 목욕업, 숙박업 등)
☞ 미추홀구 홈페이지에 착한가격업소 소개 및 홍보지원, 착한가격업소 인증 표찰 제작 지원, 식재료, 소모품 등 인센티브 지원",경영,기초자치단체,인천광역시,소상공인,소상공인,,,,,,,디자인/상품화/사업화,2026-08-03,2026-09-04,,"팩스 또는 이메일 접수
- 팩스 : 032-880-4872
- 이메일 : zeze1011@korea.kr","팩스 또는 이메일 접수
- 팩스 : 032-880-4872
- 이메일 : zeze1011@korea.kr",https://www.bizinfo.go.kr/sii/siia/selectSIIA200Detail.do?pblancId=PBLN_000000000125145,main,primary,인천미추홀구2026년하반기착한가격업소신규모집공고,기초자치단체,2026-08-03~2026-09-04,경영,디자인/상품화/사업화
biz,PBLN_000000000125144,[경기] 2026년 에너지기술공유대학(ETU) 산업체 연계 인턴십 참여기업 모집 공고,"2026년도 「에너지기술공유대학(ETU) 사업」 산업체 연계 인턴십 참여기업 모집을 다음과 같이 공고하오니 참여를 희망하는 기업 및 기관은 신청하여 주시기 바랍니다.
☞ 경기도 내 사업장(본사 또는 공장)이 있는 에너지 관련 기업 및 대학ㆍ연구기관
※ 에너지기술공유대학 핵심 분야(전력계통, 전력변환, 태양광, 섹터커플링, 탄소중립, 수요관리)와 관련된 기술을 활용하거나 에너지 분야 사업을 영위하는 기업ㆍ기관
☞ 인턴 인건비 지원(기업당 1,000,000원)",인력/일자리,경기산학융합원,경기도,중소기업,중소기업,,,,,,,고용유지,예산 소진시까지,,,이메일 접수 (chjm@giuci.or.kr),이메일 접수 (chjm@giuci.or.kr),https://www.bizinfo.go.kr/sii/siia/selectSIIA200Detail.do?pblancId=PBLN_000000000125144,main,primary,경기2026년에너지기술공유대학etu산업체연계인턴십참여기업모집공고,경기산학융합원,예산 소진시까지~,인력,고용유지
biz,PBLN_000000000125143,[전북] 전북사회적경제혁신타운 생생마을 한가위 큰장터 참여업체 모집 공고,"전북특별자치도경제통상진흥원에서 전북특별자치도 생생마을 한가위 큰장터에 참여할 업체를 첨부와 같이 모집하니 본 사업에 참여를 희망하고자 하는 업체들의 많은 신청 바랍니다.
☞ 도내 사회적경제기업
- 참가품목 : 한가위에 관련된 제품(과일, 곡물 등)
☞ 행사 판매실적의 20% 범위 내 프로모션(업체당 일 최대 50만원), 판매부스 운영 비품 및 식비 등",판로/수출,전북특별자치도경제통상진흥원,전북특별자치도,사회적기업,사회적기업,,,,,,,오프라인,2026-08-03,2026-08-17,,"이메일 접수(pms@jbba.kr)
※ 이메일 송부 후 메일 수신 확인 전화 必","이메일 접수(pms@jbba.kr)
※ 이메일 송부 후 메일 수신 확인 전화 必",https://www.bizinfo.go.kr/sii/siia/selectSIIA200Detail.do?pblancId=PBLN_000000000125143,main,primary,전북전북사회적경제혁신타운생생마을한가위큰장터참여업체모집공고,전북특별자치도경제통상진흥원,2026-08-03~2026-08-17,내수,오프라인
biz,PBLN_000000000125142,[경기] 성남시 공동브랜드 활용 사업화 패키지 참여기업 모집 공고(성남 섬유제조 소공인특화지원센터),"성남산업진흥원(성남 섬유제조 소공인특화지원센터)에서는 집적지 내 섬유제조 소공인의 성장 촉진 및 경쟁력 강화를 위해 다음과 같이「공동브랜드 활용 사업화 패키지」사업 참가기업을 모집하오니 사업 참여를 희망하는 기업은 아래 내용에 따라 신청하시기 바랍니다.
☞ 성남시 소재 상시 근로자 수 10인 미만 섬유제조 소공인(C13, C14)
☞ 공동브랜드 활용을 통한 사업화(단일분야, 복수분야 모두 지원가능) 기업당 최대 5,000천원 지원
- 마케팅, (시)제품개발, 인증 및 지식재산권 3개 분야 중 사업수행 증빙 검토 후 지원금 지급",경영,성남산업진흥원,경기도,소상공인,소상공인,,,,,,,디자인/상품화/사업화,2026-07-31,2026-08-14,,온라인 접수 (소상공인24),온라인 접수 (소상공인24),https://www.bizinfo.go.kr/sii/siia/selectSIIA200Detail.do?pblancId=PBLN_000000000125142,main,primary,경기성남시공동브랜드활용사업화패키지참여기업모집공고성남섬유제조소공인특화지원센터,성남산업진흥원,2026-07-31~2026-08-14,경영,디자인/상품화/사업화
biz,PBLN_000000000125141,[전남광주] 2026년 무등포레스트 상품화 참여기업 모집 공고(남부권 광역관광개발 사업),"전남광주통합특별시와 광주관광공사가 남부권 광역관광개발 사업의 일환으로 추진 중인「2026 무등포레스트 상품화」참여기업 모집을 다음과 같이 공고합니다.
☞ 전남광주통합특별시 동구ㆍ북구ㆍ서구 및 화순군ㆍ담양군 소재 숙박ㆍ식음ㆍ체험기업
☞  광주ㆍ전남 숙박ㆍ식음ㆍ체험기업 연계 관광상품 개발 및 상품화 지원
- OTAㆍ여행사 연계 프로모션, 맞춤형 교육 및 컨설팅, 홍보물 및 운영물품 지원, 브랜드 공동홍보, 거버넌스 운영 지원",경영,광주광역시관광공사,광주광역시,중소기업,중소기업,,,,,,,디자인/상품화/사업화,2026-08-03,2026-08-23,,"이메일 접수(jhha@kost.re.kr)
※ 이메일 발송 후 유선확인 필수(02-332-6439)","이메일 접수(jhha@kost.re.kr)
※ 이메일 발송 후 유선확인 필수(02-332-6439)",https://www.bizinfo.go.kr/sii/siia/selectSIIA200Detail.do?pblancId=PBLN_000000000125141,main,primary,전남광주2026년무등포레스트상품화참여기업모집공고남부권광역관광개발사업,광주광역시관광공사,2026-08-03~2026-08-23,경영,디자인/상품화/사업화
kst,178875,민관협력 오픈이노베이션 지원사업,공공기관이 보유한 데이터를 기반으로 스타트업과 개방형 협업을 통해 공공서비스 혁신과 창업기업의 성장(Scale-up)을 촉진하는 '공공데이터 활용 지원' 사업에 참여할 창업기업을 다음과 같이 모집합니다.,행사/네트워크,공공기관,전국,"청소년,대학생,일반인,대학,연구기관,일반기업,1인 창조기업","기업,누구나,청년,초기창업기업","만 20세 미만,만 20세 이상 ~ 만 39세 이하,만 40세 이상",,,"아래 ①, ②, ③요건을 모두 충족하는 창업기업
① 모집공고문 내 신청자격에 해당하는 7년이내 창업기업
② 공공데이터포털(www.data.go.kr)을 통해 공고 마감일 이전 공공데이터 제공 신청을 하였으나, 보유기관으로부터 '제공불가' 통보를 받은 경우
   * 개인정보, 영업비밀 등 관계 법령에 따라 공개 또는 제공이 금지‧제한되는 데이터는 지원 대상에서 제외
③ 필요한 데이터의 미개방 또는 확보 곤란으로 사업 추진에 어려움이 있으며, 해당 데이터 확보를 통한 활용을 통해 제품‧서비스 개발 또는 연구개발 계획 등 '구체적 활용계획'을 제시하여야함
   * 제품‧서비스 개발 또는 연구개발 등과 관련 없는 단순 정보 수집‧열람‧출판 등을 목적으로 하는 경우 제외",,"1년미만,2년미만,3년미만,5년미만,7년미만",행사ㆍ네트워크,20260811,20260831,,,온라인 접수: https://www.k-startup.go.kr/web/contents/webPMSBizUnvs.do?returnUrl=/screen/BMO0101M01?pbancId=0684001,https://www.k-startup.go.kr/web/contents/bizpbanc-ongoing.do?schM=view&pbancSn=178875,main,primary,민관협력오픈이노베이션지원사업,공공기관,20260811~20260831,행사ㆍ네트워크,행사ㆍ네트워크
kst,178856,모두의 창업 프로젝트 2기 AI 솔루션 공급기업 모집공고,"중소벤처기업부는 국민의 아이디어에 국가가 투자하는 창업 오디션, 「모두의 창업」프로젝트의 일환으로 창업자의 창업 모델과 기술 고도화를 지원하기 위해 범용 AI 솔루션을 보유한 벤처·스타트업을 다음과 같이 모집합니다.",창업,공공기관,전국,"청소년,대학생,일반인,대학,연구기관,일반기업,1인 창조기업","기업,누구나,청년,초기창업기업","만 20세 미만,만 20세 이상 ~ 만 39세 이하,만 40세 이상",,,"범용 AI 솔루션(SaaS) 보유 스타트업(10년 이내)·벤처기업 (세부사항은 공고문 참조)

① 금융기관 등으로부터 채무불이행으로 규제 중인 자(기업)

② 국세 또는 지방세 체납 중인 자(기업)

③ 창업진흥원으로부터 발생한 환수금등의 반환이 종결되지 않은 자(기업)

④ 「중소기업창업 지원법 시행령」 제4조(창업에서 제외되는 업종)의 업종을 영위하고 있거나 영위하고자 하는 자(기업) ([붙임 3] 지원 제외 대상 업종 참조)

⑤ 중소벤처기업부 창업지원사업에 참여 제한으로 제재 중인 자

⑥ 신청일 기준 동 사업에 신청하는 사업자가 휴‧폐업 중인 자(기업)

⑦ 「근로기준법」에 따라 고용노동부가 공개하는 체불사업주 명단에 포함된 자(기업)

⑧ 「보조금 관리에 관한 법률」 제31조의2(보조사업 수행 배제 등)에 따라 수행대상에서 배제된 자(기업)

⑨  기타 중소벤처기업부 장관이 참여를 제한할 정당한 사유가 있다고 인정하는 자(기업)

⑩  현재 서비스를 개발 중이거나, 상용화된 AI 솔루션을 보유하지 못한 자(기업)

⑪ 자체 개발된 AI 솔루션이 아닌 단순 연동으로 구축된 AI 솔루션을 제공하는 자(기업)

⑫ AI 보안 서약서 등 관련 제출을 하지 않는 자(기업)

⑬ 모두의 창업에 소속된 멘토, 멘토기관의 소속 임직원 등 이해관계로 판단되는",,10년미만,사업화,20260813,20260827,,,온라인 접수: https://www.k-startup.go.kr/web/contents/webPMSBizUnvs.do?returnUrl=/screen/BMO0101M01?pbancId=0681701,https://www.k-startup.go.kr/web/contents/bizpbanc-ongoing.do?schM=view&pbancSn=178856,main,primary,모두의창업프로젝트2기ai솔루션공급기업모집공고,공공기관,20260813~20260827,사업화,사업화
kst,178851,"2026년  강동 K-ISS멘토링센터 3차 교육 및 튜토링 과정 ""﻿AI 디지털 마케팅 이해와 스킬업""","﻿AI 시대, 창업자의 마케팅 전략도 달라져야 합니다.
AI 도구를 활용한 콘텐츠 제작부터 랜딩 페이지와 전환율 최적화,유튜브.숏폼, 이메일 마케팅 자동화, 소셜 미디어 타깃 광고까지 AI 활용 능력이 마케팅 성과를 결정합니다. 
본 과정에서 창업자는 직접 고객을 찾고 검증하고 전환시키는 AI 마케팅의 전체 흐름을 이해할 수 있습니다.
고객을 찾는 것부터 마케팅과 판매를 고민하는 창업자라면 제품-> 고객-> 마케팅-> 전환-> 데이터-> 성장의 전체 흐름을 따라가 보세요.",교육/멘토링,민간,서울특별시,"청소년,대학생,일반인,대학,연구기관,일반기업,1인 창조기업","기업,누구나,예비창업자,청년,초기창업기업","만 20세 미만,만 20세 이상 ~ 만 39세 이하,만 40세 이상",,,창업자 예비창업자,,"예비창업자,7년미만",멘토링ㆍ컨설팅ㆍ교육,20260810,20260827,,,온라인 접수: https://forms.gle/fE5qFpAZYQ4Fhw4B9,https://www.k-startup.go.kr/web/contents/bizpbanc-ongoing.do?schM=view&pbancSn=178851,main,primary,2026년강동kiss멘토링센터3차교육및튜토링과정ai디지털마케팅이해와스킬업,민간,20260810~20260827,멘토링ㆍ컨설팅ㆍ교육,멘토링ㆍ컨설팅ㆍ교육
kst,178848,2026 Startup for All Global(Silicon Valley) Program Public Announcement for Program Service Provider,"We invite applications for the role of Program Service Provider for the ""2026 Startup for All Global (Silicon Valley) Program"", designed to provide acceleration support in the Silicon Valley region for startups of the program. We look forward to your interest and participation.",판로/수출,공공기관,전국,"대학,일반기업",기업,"만 20세 미만,만 20세 이상 ~ 만 39세 이하,만 40세 이상",,,"A company(Accelerator) capable of executing the project locally in Silicon Valley, USA 
- Task must be performed entirely (100%) on-site in Silicon Valley",,"1년미만,2년미만,3년미만,5년미만,7년미만,10년미만",글로벌,20260810,20260824,,,이메일 접수: kisedus@kised.or.kr,https://www.k-startup.go.kr/web/contents/bizpbanc-ongoing.do?schM=view&pbancSn=178848,main,primary,2026startupforallglobalsiliconvalleyprogrampublicannouncementforprogramserviceprovider,공공기관,20260810~20260824,글로벌,글로벌
kst,178847,Request for Proposals (RFP) for the 2026 Startup for All Global (New York) Program,"Established as a follow-up measure (January 2026) to the National Startup Era Strategy Meeting's goal of “creating an environment where anyone with an idea can pursue entrepreneurship.”
Announced the launch of the “Startup for All Global League” (May 2026) to support entrepreneurs pursuing global expansion.
Accordingly, we are opening a public solicitation (Request for Proposals) to select a qualified local accelerating agency to execute this program.",판로/수출,공공기관,전국,"청소년,대학생,일반인,대학,연구기관,일반기업,1인 창조기업","기업,누구나,청년,초기창업기업","만 20세 미만,만 20세 이상 ~ 만 39세 이하,만 40세 이상",,,"-  As this is an overseas bid, the bidding eligibility requirements under Article 12 (Eligibility to Participate in Competitive 
Bidding) of the Enforcement Decree of the Act on Contracts to Which the State Is a Party shall apply, by reference, to 
both domestic and local (U.S.) companies.
-  As this is an overseas bid, a bidder must not be a party restricted under Article 76 (Restriction on Bidding Qualification 
of Persons Committing Improp",,"예비창업자,1년미만,2년미만,3년미만,5년미만,7년미만,10년미만",글로벌,20260810,20260825,,,이메일 접수: nyc@kised.or.kr,https://www.k-startup.go.kr/web/contents/bizpbanc-ongoing.do?schM=view&pbancSn=178847,main,primary,requestforproposalsrfpforthe2026startupforallglobalnewyorkprogram,공공기관,20260810~20260825,글로벌,글로벌
kst,178845,2026년 웰컴 투 팁스 1차 참가기업 모집 (충청권),"충청권 소재의 유망한 기술 기반 초기 창업기업을 발굴하여, 팁스(TIPS) 사업 연계 등 사업 성장을 지원하는 『2026년 웰컴 투 팁스』프로그램의 참가기업을 아래와 같이 공고합니다.",행사/네트워크,민간,전국,"일반기업,1인 창조기업","기업,초기창업기업","만 20세 이상 ~ 만 39세 이하,만 40세 이상",,,"충청권(대전·세종·충남·충북) 소재 창업 후 2년 3개월 미만 기업
※ 신청가능 창업(설립)일 기준 : '24.5.1 ~

사업연도를 불문하고 프리 팁스, 팁스 R&D 및 팁스 연계 사업 (창업사업화·해외마케팅)에 선정되어 협약을 체결한 이력이 있는 창업기업(대표자 포함)은 신청 불가",,3년미만,행사ㆍ네트워크,20260807,20260818,,,온라인 접수: https://buly.kr/HHf3KNe,https://www.k-startup.go.kr/web/contents/bizpbanc-ongoing.do?schM=view&pbancSn=178845,main,primary,2026년웰컴투팁스1차참가기업모집충청권,민간,20260807~20260818,행사ㆍ네트워크,행사ㆍ네트워크
kst,178844,2026 바른동행 3차 모집,"한국투자액셀러레이터의 바른동행은 스타트업을 위한 초기 투자 프로그램입니다.
더 커진 규모와 더 넓어진 기준으로 
최대 5억 원의 투자와 함께, 그룹의 폭넓은 인프라와 네트워크를 통해 스타트업의 성장으로 연결합니다.",창업,민간,전국,"청소년,대학생,일반인,대학,연구기관,일반기업,1인 창조기업","기업,누구나,예비창업자,청년,초기창업기업","만 20세 미만,만 20세 이상 ~ 만 39세 이하,만 40세 이상",,,"창업 3년 이내, Pre-valuation
100억 원 이하 기업 (예비창업자 포함)",,"예비창업자,1년미만,2년미만,3년미만",사업화,20260807,20260903,,,온라인 접수: https://apply.koreainvestment.ac/,https://www.k-startup.go.kr/web/contents/bizpbanc-ongoing.do?schM=view&pbancSn=178844,main,primary,2026바른동행3차모집,민간,20260807~20260903,사업화,사업화
kst,178842,2026년 인천 ICT이노베이션스퀘어 확산사업,"2026년 인천 ICT이노베이션스퀘어 확산사업의 일환으로 「AWS x AI 실무 프로젝트 아카데미」 교육생을 다음과 같이 모집하오니, AWS 및 생성형 AI 실무 경험이 필요한 (예비)창업자와 실무자 여러분의 많은 신청 바랍니다.",창업,교육기관,인천광역시,"청소년,대학생,일반인,대학,연구기관,일반기업,1인 창조기업","기업,누구나,청년,초기창업기업","만 20세 이상 ~ 만 39세 이하,만 40세 이상",,,"AWS와 생성형 AI 기술을 접목한 실무 프로젝트 경험이 필요한 (예비)창업자, 실무자 등",,"예비창업자,1년미만,2년미만,3년미만,5년미만,7년미만,10년미만",창업교육,20260807,20260816,,,온라인 접수: https://docs.google.com/forms/d/1UrVVI_wT8NNk9_nXLY_T1yeEhENrVJqxuG7CvrLaheE/viewform?edit_requested=true,https://www.k-startup.go.kr/web/contents/bizpbanc-ongoing.do?schM=view&pbancSn=178842,main,primary,2026년인천ict이노베이션스퀘어확산사업,교육기관,20260807~20260816,창업교육,창업교육
kst,178841,제3회 K-ROBOTICS Startup CUP 참가팀 모집(~8/31 마감),"?피지컬 AI 산업의 등용문, KAIST와 함께 하세요! ?
단순한 경진대회를 넘어, KAIST 연구진과의 기술 교류 및 전문 멘토링을 통해 혁신기술을 고도화하고 시장에서 작동하는 비즈니스로 성장할 수 있는 기회를 제공합니다.
연구실의 기술을 시장으로, 혁신적인 아이디어를 미래 산업의 주역으로 만들어 갈 로봇 스타트업의 도전을 기다립니다.",창업,교육기관,전국,"대학생,일반인,일반기업","기업,누구나,예비창업자,청년","만 20세 이상 ~ 만 39세 이하,만 40세 이상",,,"로보틱스 전 분야 예비창업자(팀) 및 창업 3년 이내 초기 창업기업 총 10개팀

① Fresh Track : 예비창업자(팀) 및 창업 3년 이내 초기 창업기업
② Deep Track : '25년 하반기 및 '26년 상반기 경진대회 본선 진출 이력이 있는 기업",,"예비창업자,1년미만,2년미만,3년미만",사업화,20260807,20260831,,,온라인 접수: https://onephai.com/challenge/k-robotics-startup-cup-2026,https://www.k-startup.go.kr/web/contents/bizpbanc-ongoing.do?schM=view&pbancSn=178841,main,primary,제3회kroboticsstartupcup참가팀모집831마감,교육기관,20260807~20260831,사업화,사업화
kst,178840,?[무료] 정책자금·TIPS 심사를 좌우하는 재무제표 결산 포인트?,[정책자금·TIPS 심사를 좌우하는 재무제표 결산 포인트] 행사를 공고하오니 관심 있으신 분들은 신청바랍니다.,창업,민간,전국,"청소년,대학생,일반인,대학,연구기관,일반기업,1인 창조기업","기업,누구나,청년,초기창업기업","만 20세 미만,만 20세 이상 ~ 만 39세 이하,만 40세 이상",,,"정책자금·TIPS·바우처·R&D 과제를 준비하고 있는 스타트업 대표 및 임직원
결산을 앞두고 재무제표를 점검하려는 스타트업 재무담당자·CFO
가지급금·가수금·재고자산·차입금 등 재무제표상 위험 요소를 정비하려는 기업
재무제표에서 심사위원이 확인하는 핵심 항목과 평가 관점을 익히고 싶은 창업자

별도의 신청 제외대상은 없습니다.",,"예비창업자,1년미만,2년미만,3년미만,5년미만,7년미만,10년미만",창업교육,20260806,20260812,,,온라인 접수: https://tax-seminar-site.vercel.app/,https://www.k-startup.go.kr/web/contents/bizpbanc-ongoing.do?schM=view&pbancSn=178840,main,primary,무료정책자금tips심사를좌우하는재무제표결산포인트,민간,20260806~20260812,창업교육,창업교육
kst,178839,2026년 창업진흥원 대전 팁스타운 일본 파트너 초청 상담회 참가기업 모집 공고,창업진흥원 대전 팁스타운이 창업기업의 해외시장 진출 기반 마련을 위해 개최하는 2026년 일본 파트너 초청 상담회에 참가할 창업기업을 다음과 같이 모집 공고합니다.,행사/네트워크,공공기관,대전광역시,"청소년,대학생,일반인,대학,연구기관,일반기업,1인 창조기업","기업,누구나,청년,초기창업기업","만 20세 미만,만 20세 이상 ~ 만 39세 이하,만 40세 이상",,,"｢중소기업기본법｣ 제2조제1항에 따른 중소기업의 대표자이자, ｢중소기업창업 지원법｣ 동법 제2조제2호부터 제2조제3의2까지의 각 호의 정의에 따른 창업기업의 대표자로서 모집공고일(’26.8.6.) 기준 창업 7년 이내*인 자

※ 법인과 대표자 모두 제외 사유에 해당하지 않아야 함(공고문 p.4 참조)

① 금융기관 등으로부터 채무불이행으로 규제 중인 자(기업)

② 국세 또는 지방세 체납 중인 자(기업)

③ 창업진흥원으로부터 발생한 환수금등의 반환이 종결되지 않은 자(기업)

④ 「중소기업창업 지원법 시행령」 제4조(창업에서 제외되는 업종)의 업종을 영위하고 있거나 영위하고자 하는 자(기업) ([붙임 3] 지원 제외 대상 업종 참조)

⑤ 중소벤처기업부 창업지원사업에 참여 제한으로 제재 중인 자

⑥ 신청일 기준 동 사업에 신청하는 사업자가 휴‧폐업 중인 자(기업)

⑦ 「근로기준법」에 따라 고용노동부가 공개하는 체불사업주 명단에 포함된 자(기업)

⑧ 「보조금 관리에 관한 법률」 제31조의2(보조사업 수행 배제 등)에 따라 수행대상에서 배제된 자(기업)

⑨ 기타 중소벤처기업부 장관이 참여를 제한할 정당한 사유가 있다고 인정하는 자(기업)",,"1년미만,2년미만,3년미만,5년미만,7년미만,10년미만",행사ㆍ네트워크,20260806,20260812,,,온라인 접수: https://www.k-startup.go.kr/web/contents/webPMSBizUnvs.do?returnUrl=/screen/BMO0101M01?pbancId=0683101,https://www.k-startup.go.kr/web/contents/bizpbanc-ongoing.do?schM=view&pbancSn=178839,main,primary,2026년창업진흥원대전팁스타운일본파트너초청상담회참가기업모집공고,공공기관,20260806~20260812,행사ㆍ네트워크,행사ㆍ네트워크
kst,178838,2026년 대전 스타트업 원스톱 지원센터 아카데미 1차,대전창조경제혁신센터의 모집 계획을 다음과 같이 공고하오니 참여를 희망하는 예비 및 초기 창업자는 안내에 따라 신청하시길 바랍니다.,창업,민간,대전광역시,"청소년,대학생,일반인,대학,연구기관,일반기업,1인 창조기업","기업,누구나,스타트업,청년,초기창업기업","만 20세 미만,만 20세 이상 ~ 만 39세 이하,만 40세 이상",,,"■ 모집 대상: 대전시 소재 (예비)창업기업
■ 모집 인원: 프로그램별 30명 내외 (선착순 마감)
■ 선정 안내: 신청 후 3일 이내 개별 통보 (평일 기준, 자격 요건 검토 후 안내)",,"예비창업자,1년미만,2년미만,3년미만",창업교육,20260807,20260821,,,온라인 접수: https://answer.moaform.com/answers/RNalxK,https://www.k-startup.go.kr/web/contents/bizpbanc-ongoing.do?schM=view&pbancSn=178838,main,primary,2026년대전스타트업원스톱지원센터아카데미1차,민간,20260807~20260821,창업교육,창업교육
kst,178837,Se7en on the table 전문가 멘토링 프로그램,"Se7en on the table 전문가 멘토링 프로그램을 아래와 같이 공고하오니, 관심있는 창업기업들의 많은 신청 부탁드립니다.",교육/멘토링,교육기관,전국,"대학생,일반인,대학,연구기관,일반기업,1인 창조기업","기업,누구나,청년,초기창업기업","만 20세 이상 ~ 만 39세 이하,만 40세 이상",,,"7년 이내 창업기업
※신산업 창업 분야에 관한 규정 제3조 1항에 따라 신산업 창업 분야는 창업 10년 이내",,"예비창업자,1년미만,2년미만,3년미만,5년미만,7년미만,10년미만",멘토링ㆍ컨설팅ㆍ교육,20260806,20260819,,,이메일 접수: weround@sogang.ac.kr,https://www.k-startup.go.kr/web/contents/bizpbanc-ongoing.do?schM=view&pbancSn=178837,main,primary,se7enonthetable전문가멘토링프로그램,교육기관,20260806~20260819,멘토링ㆍ컨설팅ㆍ교육,멘토링ㆍ컨설팅ㆍ교육
kst,178833,「2026년 로봇 기반 공간컴퓨팅 창업지원사업」예비창업자(팀) 모집 추가공고,"과학기술정보통신부와 대구광역시가 지원하는 「2026년 로봇기반 공간컴퓨팅 창업지원사업」의 예비창업(팀) 지원을 위한 과제를 수행할 예비창업자를 다음과 같이 추가 모집하오니, 많은 신청 바랍니다.",창업,공공기관,전국,"대학생,일반인","누구나,예비창업자,청년","만 20세 미만,만 20세 이상 ~ 만 39세 이하,만 40세 이상",,,"○지원대상 : 예비창업자(팀) : 1차 공고일(2026.05.12) 기준 신청자 명의의 사업자등록 또는 법인 설립 등기가 없는 자들로 구성된 예비 창업팀(1명 이상)
※ 예비창업팀의 책임자(대표자)는 전국 대학, 대학원(석·박사) 재학생 또는 졸업자로서, 선정 후 국내에 사업자등록 및 창업활동 수행이 가능한 자 

○지원분야 : AI·공간컴퓨팅, 로봇, XR 등 공간 기반 SW 개발 분야
※ 산업여건 및 수요를 고려하여, SW기반 HW 융합 분야까지 확대",,예비창업자,사업화,20260804,20260819,,,이메일 접수: petra@dgtp.or.kr,https://www.k-startup.go.kr/web/contents/bizpbanc-ongoing.do?schM=view&pbancSn=178833,main,primary,2026년로봇기반공간컴퓨팅창업지원사업예비창업자팀모집추가공고,공공기관,20260804~20260819,사업화,사업화
kst,178832,(재)여성기업종합지원센터 제주센터 제2차 입주기업 모집 연장 공고(~8/14),"(재)여성기업종합지원센터 제주센터는「여성기업 지원에 관한 법률」에 의해 설립된 기관으로, 여성기업의 경쟁력 향상을 위하여 교육·훈련·연수·상담 등의 서비스를 제공하고 있습니다.
이에 도내 우수하고 참신한 기술 및 아이템을 갖춘 창업 초기(예비) 여성기업으로 제주센터에서 함께 성장해나갈 입주기업을 다음과 같이 모집합니다.",시설/공간,민간,제주특별자치도,"청소년,대학생,일반인,대학,연구기관,일반기업,1인 창조기업","기업,누구나,여성,청년,초기창업기업","만 20세 미만,만 20세 이상 ~ 만 39세 이하,만 40세 이상",,,"「여성기업지원에관한법률」제2조에 의한 여성기업으로 창업 7년 미만의 여성기업확인서 보유한 여성기업 또는 입주 후 3개월 내 사업자등록 가능한 예비 여성 창업자

- 금융기관의 신용불량거래자
- 국세, 지방세 체납자 및 기타 정부지원사업 부적격자
- 금융 및 보험업, 부동산업, 무도장 운영업 등 창업에서 제외되는 업종 및 입주기업
선정이 합당치 않다고 판단되는 경우
- 센터가 운영 중인 지역센터에 입주경력이 있는 자(타 지역 창업보육센터와 중복 입주도 불가)
*입주 시 반드시 본점이 입주해야 함
- 기타 재단 운영요령 및 센터 추진목적에 부적합한 경우 등",,"예비창업자,1년미만,2년미만,3년미만,5년미만,7년미만",시설ㆍ공간ㆍ보육,20260806,20260814,,,"이메일 접수: ghgang@wbiz.or.kr
방문 접수: (쟤)여성기업종합지원센터 제주센터(제주시 관덕로15길 23, 2층)",https://www.k-startup.go.kr/web/contents/bizpbanc-ongoing.do?schM=view&pbancSn=178832,main,primary,재여성기업종합지원센터제주센터제2차입주기업모집연장공고814,민간,20260806~20260814,시설ㆍ공간ㆍ보육,시설ㆍ공간ㆍ보육
kst,178831,[국비지원] AI 기반 서비스 개발·사업화 1인 창업가 캠프 7기 모집,예비·초기 창업가 대상 AI 기반 서비스 개발 및 사업화 역량 강화를 위한 「1인 창업가 국비지원 부트캠프」모집을 다음과 같이 공고합니다.,교육/멘토링,교육기관,전국,"대학생,일반인,대학,연구기관,일반기업,1인 창조기업","기업,누구나,예비창업자,청년,초기창업기업","만 20세 이상 ~ 만 39세 이하,만 40세 이상",,,"1. 내일배움카드 소지자 또는 발급 가능한 자
2. 아이디어는 있지만 실행·개발이 어려웠던 예비창업자
3. 개발자 없이 AI로 직접 서비스 출시까지 해보고 싶은 분
4. AI 활용으로 1인 SaaS·자동화 서비스 제작에 관심 있는 분
5. MVP 제작 → 검증 → 수익화까지 실전 창업 프로세스를 경험하고 싶은 분
6. 외주 없이 직접 만들고 운영하는 ‘1인 창업’을 목표로 하는 분
7. 창업은 처음이지만 AI 툴로 빠르게 사업 역량을 키우고 싶은 분
8. 혼자 고민하기보다 실무 멘토링과 창업 지원을 함께 받고 싶은 분",,"예비창업자,1년미만,2년미만,3년미만,5년미만",멘토링ㆍ컨설팅ㆍ교육,20260801,20260925,,,온라인 접수: https://bit.ly/4xnG8Kn,https://www.k-startup.go.kr/web/contents/bizpbanc-ongoing.do?schM=view&pbancSn=178831,main,primary,국비지원ai기반서비스개발사업화1인창업가캠프7기모집,교육기관,20260801~20260925,멘토링ㆍ컨설팅ㆍ교육,멘토링ㆍ컨설팅ㆍ교육
kst,178830,KAC 한국공항공사 창업 인큐베이팅 프로그램,"2026년 한국공항공사 창업 인큐베이팅 프로그램 참여자 모집계획을 다음과 같이 공고하오니, 참여를 희망하는 예비창업자는 안내에 따라 신청하기 바랍니다.",창업,민간,전국,"대학생,일반인,대학,연구기관,일반기업,1인 창조기업","기업,누구나,예비창업자,청년,초기창업기업","만 20세 미만,만 20세 이상 ~ 만 39세 이하,만 40세 이상",,,"항공산업과 연계된 아이디어를 가진 전업 예비창업자 15인
(모집분야: 공항건설분야, 공항운영분야, 항공관광분야 및 기타 — 항공산업 전 분야, 기타 분야도 지원 가능)",,"예비창업자,1년미만,2년미만,3년미만,5년미만,7년미만,10년미만",창업교육,20260806,20260823,,,온라인 접수: https://www.te.university/teu-aviation,https://www.k-startup.go.kr/web/contents/bizpbanc-ongoing.do?schM=view&pbancSn=178830,main,primary,kac한국공항공사창업인큐베이팅프로그램,민간,20260806~20260823,창업교육,창업교육
kst,178827,인뎁스 네트워킹(In-depth Networking) 2회차 모집 공고,기술·시장·경영 전반의 핵심 현안 진단 및 1:1 맞춤형 솔루션을 제공하는 본 컨설팅에 참여를 희망하는 예비창업자 및 유망 혁신기업은 안내사항에 따라 신청하시기 바랍니다.,교육/멘토링,공공기관,경기도,"일반기업,1인 창조기업","기업,예비창업자,초기창업기업","만 20세 이상 ~ 만 39세 이하,만 40세 이상",,,"기술 사업화, 투자유치 등 관련 전문분야에 컨설팅이 필요한 예비창업자 및 유망 혁신기업",,"예비창업자,1년미만,2년미만,3년미만,5년미만,7년미만,10년미만",멘토링ㆍ컨설팅ㆍ교육,20260807,20260827,,,온라인 접수: https://forms.gle/By725SYXKiVRfaCY6,https://www.k-startup.go.kr/web/contents/bizpbanc-ongoing.do?schM=view&pbancSn=178827,main,primary,인뎁스네트워킹indepthnetworking2회차모집공고,공공기관,20260807~20260827,멘토링ㆍ컨설팅ㆍ교육,멘토링ㆍ컨설팅ㆍ교육
kst,178826,[2026년 지역창업페스티벌 연계] 2026 스타트업 코리아 투자위크(SIW),"지역 투자 생태계 조성 및 스타트업 투자 활성화를 위한 '2026년 스타트업 코리아 투자위크(SIW)' 행사의 참여 투자자 및 유관기관, 스타트업 모집을 진행하고자 합니다.",행사/네트워크,민간,전국,"청소년,대학생,일반인,대학,연구기관,일반기업,1인 창조기업","기업,누구나,스타트업,청년,초기창업기업","만 20세 미만,만 20세 이상 ~ 만 39세 이하,만 40세 이상",,,"-투자자: AC 및 VC
-유관기관(금융, 법률, 컨설팅 등)
-스타트업: 밋업 또는 프로그램 참여를 원하는 스타트업",,"예비창업자,1년미만,2년미만,3년미만,5년미만,7년미만",행사ㆍ네트워크,20260806,20260821,,,온라인 접수: https://siw.or.kr,https://www.k-startup.go.kr/web/contents/bizpbanc-ongoing.do?schM=view&pbancSn=178826,main,primary,2026년지역창업페스티벌연계2026스타트업코리아투자위크siw,민간,20260806~20260821,행사ㆍ네트워크,행사ㆍ네트워크
kst,178825,서초창업스테이션 운영 사업,서초창업스테이션에서는 8월 전문 분야 컨설팅 참여자를 모집 중에 있습니다. 관심있으신 분들의 많은 참여 바랍니다.,시설/공간,민간,서울특별시,"일반인,대학,연구기관,일반기업,1인 창조기업","기업,누구나,초기창업기업","만 20세 미만,만 20세 이상 ~ 만 39세 이하,만 40세 이상",,,컨설팅 참여를 희망하는 (예비)창업자,,"예비창업자,1년미만,2년미만,3년미만,5년미만,7년미만",시설ㆍ공간ㆍ보육,20260806,20260826,,,온라인 접수: https://www.xn--2i4bieu3bszgvtc6wlunby2r.com/sub_program/operate_view.php?idx=53,https://www.k-startup.go.kr/web/contents/bizpbanc-ongoing.do?schM=view&pbancSn=178825,main,primary,서초창업스테이션운영사업,민간,20260806~20260826,시설ㆍ공간ㆍ보육,시설ㆍ공간ㆍ보육
kst,178824,초기창업패키지,"씨엔티테크 초기창업패키지 운영사무국은 스타트업의 투자유치와 네트워크 확장을 지원하기 위해, 산업별 특화 투자사를 초청한 IR 경진대회를 개최합니다. 투자유치를 희망하는 AI·빅데이터 분야 초기창업패키지 선정기업 및 졸업기업 여러분의 많은 관심과 적극적인 참여를 바랍니다.",창업,민간,전국,"청소년,대학생,일반인,대학,연구기관,일반기업,1인 창조기업","기업,누구나,청년,초기창업기업","만 20세 미만,만 20세 이상 ~ 만 39세 이하,만 40세 이상",,,&apos;23년~ &apos;26년 초기창업패키지 선정·졸업기업,,7년미만,사업화,20260810,20260821,,,이메일 접수: ac4@cntt.co.kr,https://www.k-startup.go.kr/web/contents/bizpbanc-ongoing.do?schM=view&pbancSn=178824,main,primary,초기창업패키지,민간,20260810~20260821,사업화,사업화
kst,178823,2026 대전·세종 관광 창업 역량강화교육 및 창업경진대회,"대전관광공사는 「2026 대전세종관광창업육성지원사업」의 일환으로
지역 관광 창업 인재와 경쟁력있는 관광 창업 모델 발굴 및 지원을 위하여
맞춤형 교육과 창업경진대회를 운영하고자합니다.
해당 과정의 교육생을 모집하오니, 관심 있는 창업자 여려분들의 많은 참여를 바랍니다.",교육/멘토링,공공기관,대전광역시,"대학생,일반인,일반기업,1인 창조기업","기업,누구나,청년,초기창업기업","만 20세 미만,만 20세 이상 ~ 만 39세 이하,만 40세 이상",,,"- 대전·세종 소재의 관광 분야 창업 5년 미만의 사업자

*휴·폐업자인 경우 관내 관광분야로 재창업 예정인 경우 신청 가능

(이전 사업장 주소 무관)

* 공고일 기준 사업자등록증 또는 법인등기부등본 회사 설립연월일 기준의 사업자

* 관내 관광 분야 창업 예정자도 신청 가능",,"예비창업자,1년미만,2년미만,3년미만,5년미만",멘토링ㆍ컨설팅ㆍ교육,20260806,20260820,,,온라인 접수: https://forms.gle/4nwJ6hcijSXg92mX7,https://www.k-startup.go.kr/web/contents/bizpbanc-ongoing.do?schM=view&pbancSn=178823,main,primary,2026대전세종관광창업역량강화교육및창업경진대회,공공기관,20260806~20260820,멘토링ㆍ컨설팅ㆍ교육,멘토링ㆍ컨설팅ㆍ교육
kst,178822,"[네스토리움] AI시대, 예비·초기창업기업 생존전략 세미나","AI시대, 예비창업자·초기창업기업 및 중소기업 실무자를 위한 생존전략 세미나를 개최하오니 많은 참여 부탁드립니다. 사업운영·AI활용·세무·노무·지식재산·숫자경영 6개 분야 전문가 강연으로 구성되며, 참가비는 무료 입니다.",행사/네트워크,민간,전국,"일반인,일반기업,1인 창조기업","기업,누구나,예비창업자,초기창업기업","만 20세 이상 ~ 만 39세 이하,만 40세 이상",,,"예비창업자, 초기창업기업 및 중소기업 실무자 등",,"예비창업자,1년미만,2년미만,3년미만,5년미만,7년미만,10년미만",행사ㆍ네트워크,20260810,20260817,,,온라인 접수: https://nestorium.xyz/seminars/2026-08-19#register,https://www.k-startup.go.kr/web/contents/bizpbanc-ongoing.do?schM=view&pbancSn=178822,main,primary,네스토리움ai시대예비초기창업기업생존전략세미나,민간,20260810~20260817,행사ㆍ네트워크,행사ㆍ네트워크
kst,178821,민관협력 오픈이노베이션 지원사업,중소벤처기업부 오픈이노베이션 지원사업에 참여한 우수 창업기업과 수요기업 간 시장검증(PoV) 등 후속 협업을 지원하는 '성과기업 후속 지원'사업에 참여할 창업기업을 다음과 같이 모집합니다.,행사/네트워크,공공기관,전국,"청소년,대학생,일반인,대학,연구기관,일반기업,1인 창조기업","기업,누구나,청년,초기창업기업","만 20세 이상 ~ 만 39세 이하,만 40세 이상",,,"아래 ①, ② 요건을 모두 충족하는 창업기업
① 모집공고문 내 신청자격에 해당하는 7년 이내 창업기업
 * 신산업 분야에 해당하는 창업기업은 10년 이내 창업기업
② 성과 우수형 또는 후속 협업형 중 1개 이상에 해당하는 기업

상세 내용은 공고문 내 '신청 제외 대상', '신청 시 유의사항' 확인",,"1년미만,2년미만,3년미만,5년미만,7년미만,10년미만",행사ㆍ네트워크,20260806,20260826,,,온라인 접수: https://www.k-startup.go.kr/web/contents/webPMSBizUnvs.do?returnUrl=/screen/BMO0101M01?pbancId=0683201,https://www.k-startup.go.kr/web/contents/bizpbanc-ongoing.do?schM=view&pbancSn=178821,main,primary,민관협력오픈이노베이션지원사업,공공기관,20260806~20260826,행사ㆍ네트워크,행사ㆍ네트워크
kst,178820,2026년 대전 스타트업스쿨 스타트업 리딩클래스 3회차,"대전창조경제혁신센터가 대전 스타트업 협의체 ‘다이노소어(Daejeon INitiative Of Startup And entrepreneUR)’와 함께 스타트업 네트워킹 프로그램을 진행하오니, 관심 있는 창업가, 스타트업 임직원 등의 많은 관심과 참여 부탁드립니다.",행사/네트워크,공공기관,대전광역시,"청소년,대학생,일반인,대학,연구기관,일반기업,1인 창조기업","기업,누구나,스타트업,청년,초기창업기업","만 20세 미만,만 20세 이상 ~ 만 39세 이하,만 40세 이상",,,스타트업 역량 강화에 관심이 있는 누구나,,"예비창업자,1년미만,2년미만,3년미만,5년미만,7년미만,10년미만",행사ㆍ네트워크,20260805,20260825,,,온라인 접수: https://nextstep.io.kr/startup-leading-class,https://www.k-startup.go.kr/web/contents/bizpbanc-ongoing.do?schM=view&pbancSn=178820,main,primary,2026년대전스타트업스쿨스타트업리딩클래스3회차,공공기관,20260805~20260825,행사ㆍ네트워크,행사ㆍ네트워크
kst,178819,2026년 기술 기반 창업·스케일업 지원 액셀러레이팅 프로그램 모집 공고,"대구·경북 지역 내 유망한 기술 기반 (예비)창업자를 발굴하고, 사업화 지원, 맞춤형 멘토링, 직접 투자 및 TIPS 연계 등 기업의 고속 성장을 도모하고자 
「2026 기술기반 창업·스케일업 지원 액셀러레이팅 프로그램(특화산업형)」 참가기업 모집을 다음과 같이 공고하오니, 참여를 희망하는 기업은 안내에 따라 신청해 주시기 바랍니다.",교육/멘토링,민간,대구광역시,"청소년,대학생,일반인,대학,연구기관,일반기업,1인 창조기업","기업,누구나,청년,초기창업기업","만 20세 미만,만 20세 이상 ~ 만 39세 이하,만 40세 이상",,,"경북대 교원 및 학생 (예비)창업기업, 학내 입주기업, 경북대 기술 도입기업 등
  - 예비 창업자 또는 7년 이내 초기 창업자
  - 재학생 및 휴학생 또는 5년 이내 졸업생",,"예비창업자,7년미만",멘토링ㆍ컨설팅ㆍ교육,20260805,20260821,,,이메일 접수: ghson@tbizip.com,https://www.k-startup.go.kr/web/contents/bizpbanc-ongoing.do?schM=view&pbancSn=178819,main,primary,2026년기술기반창업스케일업지원액셀러레이팅프로그램모집공고,민간,20260805~20260821,멘토링ㆍ컨설팅ㆍ교육,멘토링ㆍ컨설팅ㆍ교육
kst,178818,2026년 CKL기업지원센터 입주기업 하반기 모집 공고,2026년 CKL기업지원센터 입주기업 하반기 모집 계획을 다음과 같이 공고하오니 입주를 희망하는 기업은 안내에 따라 신청해 주시기 바랍니다.,시설/공간,공공기관,전국,일반기업,기업,"만 20세 미만,만 20세 이상 ~ 만 39세 이하,만 40세 이상",,,"ㅇ 공고일 기준 설립일로부터 만 7년 이내 콘텐츠 스타트업
    * 공고일 기준 「중소기업기본법」 제2조에 따른 중소기업
  ** 콘텐츠 비즈니스(기획·개발·창작·제작·생산·유통·소비 등)에 혁신적 요소(기술의 혁신적 결합·활용 등)를 더하여 새로운 사업적 접근을 시도하는 스타트업
*** 단, 입주 동안 수행할 사업 내용과 결과물이 문화콘텐츠(방송·영상, 애니, 만화, 웹툰, 캐릭터, 음악, 패션 등 한국콘텐츠진흥원의 사업 범위)를 포함하여야 함

ㅇ 공고문 참고",,7년미만,시설ㆍ공간ㆍ보육,20260805,20260818,,,온라인 접수: https://pms.kocca.kr/,https://www.k-startup.go.kr/web/contents/bizpbanc-ongoing.do?schM=view&pbancSn=178818,main,primary,2026년ckl기업지원센터입주기업하반기모집공고,공공기관,20260805~20260818,시설ㆍ공간ㆍ보육,시설ㆍ공간ㆍ보육
kst,178816,2026-10회 호남권 엔젤투자 피칭룸 in 제주 참가기업 모집 안내,⌜호남권 엔젤투자 피칭룸⌟ 은 한국엔젤투자협회에서 호남권 소재(광주·전남·전북·제주)의 스타트업의 투자유치 연계를 지원하는 투자 상담 프로그램입니다. 투자유치에 관심있으신 호남권 소재 스타트업 대표님과 예비창업자분들의 많은 관심과 참여 부탁드립니다.,교육/멘토링,민간,제주특별자치도,"청소년,대학생,일반인,대학,연구기관,일반기업,1인 창조기업","기업,누구나,예비창업자,청년,초기창업기업","만 20세 미만,만 20세 이상 ~ 만 39세 이하,만 40세 이상",,,"창업 7년 이내 제주 소재 스타트업 및 예비창업자
*전남광주, 전북 별도 운영",,"예비창업자,7년미만",멘토링ㆍ컨설팅ㆍ교육,20260805,20260906,,,온라인 접수: http://bit.ly/3XSJDch,https://www.k-startup.go.kr/web/contents/bizpbanc-ongoing.do?schM=view&pbancSn=178816,main,primary,202610회호남권엔젤투자피칭룸in제주참가기업모집안내,민간,20260805~20260906,멘토링ㆍ컨설팅ㆍ교육,멘토링ㆍ컨설팅ㆍ교육
kst,178815,28청춘창업소 운영,"고양특례시가 조성하고 고양산업진흥원이 운영하는 28청춘창업소에서는 예비창업자 및 초기창업자의 성공적인 사업화와 창업 역량 강화를 지원하기 위해 「2026년 28청춘창업소 액셀러레이팅 전문가 멘토링 프로그램」을 운영합니다.
관심있는 분들의 많은 참여 바랍니다.",시설/공간,공공기관,경기도,"청소년,대학생,일반인,1인 창조기업","누구나,예비창업자,청년,초기창업기업","만 20세 미만,만 20세 이상 ~ 만 39세 이하,만 40세 이상",,,"고양시에 거주하는 예비창업자, 초기창업자 또는 고양시 소재 기업이나 학교에 다니는 창업에 관심 있는 직장인 및 대학생",,"예비창업자,1년미만,2년미만,3년미만,5년미만,7년미만",시설ㆍ공간ㆍ보육,20260806,20260821,,,온라인 접수: https://forms.gle/NKD26o4DKDaH2VXX9,https://www.k-startup.go.kr/web/contents/bizpbanc-ongoing.do?schM=view&pbancSn=178815,main,primary,28청춘창업소운영,공공기관,20260806~20260821,시설ㆍ공간ㆍ보육,시설ㆍ공간ㆍ보육
kst,178814,재도전성공패키지,"2026년 2026년 재도전성공패키지 충청·강원권 커뮤니티 데이 참가 안내 드리오니,
참여를 희망하시는 경우 아래 링크를 통해 신청해주시기 바랍니다.",행사/네트워크,민간,전국,"대학생,일반인,대학,연구기관,일반기업,1인 창조기업","기업,누구나,청년,초기창업기업","만 20세 이상 ~ 만 39세 이하,만 40세 이상",,,"창업에 관심이 있는 누구나

해당없음",,"예비창업자,1년미만,2년미만,3년미만,5년미만,7년미만,10년미만",행사ㆍ네트워크,20260805,20260813,,,온라인 접수: https://retry-hoseo.vercel.app/,https://www.k-startup.go.kr/web/contents/bizpbanc-ongoing.do?schM=view&pbancSn=178814,main,primary,재도전성공패키지,민간,20260805~20260813,행사ㆍ네트워크,행사ㆍ네트워크
kst,178813,2026년  서울시 기후테크 3D프린팅 장비 활용 교육,"안녕하십니까. 국가녹색기술연구소 서울기후테크산업지원센터입니다.
다음과 같이 2026년 서울시 기후테크 3D프린팅 장비 활용 교육에 대해 안내드리오니 참여할 의향이 있으신 분은
첨부한 포스터 내 구글폼(QR)을 제출하여 신청 부탁드리겠습니다.",교육/멘토링,공공기관,서울특별시,"일반인,일반기업,1인 창조기업","기업,누구나,예비창업자,초기창업기업","만 20세 이상 ~ 만 39세 이하,만 40세 이상",,,서울시에 주소지를 둔 기후테크 기업 및 예비창업자,,"예비창업자,1년미만,2년미만,3년미만,5년미만,7년미만,10년미만",멘토링ㆍ컨설팅ㆍ교육,20260805,20260821,,,온라인 접수: https://docs.google.com/forms/d/e/1FAIpQLScrka4D9V0-gdrdaQOOc3fJH8VJ3FggZlsrso5zQ8Eywz3g8Q/viewform,https://www.k-startup.go.kr/web/contents/bizpbanc-ongoing.do?schM=view&pbancSn=178813,main,primary,2026년서울시기후테크3d프린팅장비활용교육,공공기관,20260805~20260821,멘토링ㆍ컨설팅ㆍ교육,멘토링ㆍ컨설팅ㆍ교육
kst,178812,2026년 성남시 폴란드 방산 시장개척단 참가기업 모집,성남시 중소기업의 해외시장 진출 및 수출 경쟁력 강화를 위하여「2026년도 성남시 폴란드 시장개척단」에 참가할 기업을 다음과 같이 모집하오니 많은 관심과 신청 바랍니다.,판로/수출,공공기관,경기도,일반기업,기업,"만 20세 이상 ~ 만 39세 이하,만 40세 이상",,,"중소기업기본법 제2조에 의한 중소기업으로 본사 또는 공장 소재지가 성남시인 기업

- 제출서류 허위 작성 또는 위변조한 증명서를 제출한 기업
  - 국세 및 지방세 체납업체
  - NICE 신용조회 결과 회수의문, 휴폐업, 부도에 해당하는 기업
  - 타사의 제품에 상표만 붙여서 판매하는 등의 단순 유통회사
  - 진흥원 참여기업 기본조건에 부합하고 지원부적격 사항에 해당하지 않는 기업
  - 사업 선정 후 참가포기 시 당해연도 '해외전시회 단체참가 지원'사업 및 '해외 시장개척단 운영' 사업 참여 제한",,"1년미만,2년미만,3년미만,5년미만,7년미만,10년미만",판로ㆍ해외진출,20260805,20260818,,,온라인 접수: https://portal.snip.or.kr:8443/portal/snip/MainMenu/businessManagement/application.page?portlet=2026-0218&portlet2=4196&ptlYn=Y,https://www.k-startup.go.kr/web/contents/bizpbanc-ongoing.do?schM=view&pbancSn=178812,main,primary,2026년성남시폴란드방산시장개척단참가기업모집,공공기관,20260805~20260818,판로ㆍ해외진출,판로ㆍ해외진출
kst,178811,제10회 소셜벤처 혁신경연대회,창의적이고 혁신적인 사업모델을 가진 창업 후 7년 이내의 전국 소셜벤처 기업을 대상으로 사업개발비와 1:1 멘토링을 지원하니 참여를 희망하는 팀은 안내에 따라 신청하시기 바랍니다.,창업,민간,전국,"청소년,대학생,일반인,대학,연구기관,일반기업,1인 창조기업","기업,누구나,예비창업자,청년,초기창업기업","만 20세 미만,만 20세 이상 ~ 만 39세 이하,만 40세 이상",,,"1. 혁신적인 사업모델로 사회적 가치를 창출하는 전국 소셜벤처
2.  소셜미션 또는 사회적 가치 확인가능 하여야 함 
3.  접수 전월 말 기준(2026. 7. 31.)으로 모집부문에 따른 자격 확인 (스타트: 3년 이내, 스케일업: 3년 초과 ~ 7년 이내)

예비창업자",,"1년미만,2년미만,3년미만,5년미만,7년미만,10년미만",사업화,20260805,20260821,,,온라인 접수: https://myscapply.web.app/programs,https://www.k-startup.go.kr/web/contents/bizpbanc-ongoing.do?schM=view&pbancSn=178811,main,primary,제10회소셜벤처혁신경연대회,민간,20260805~20260821,사업화,사업화
kst,178810,고양IR데이 개최,"고양시가 주최하는 「2026 창업오디션, 고양 IR데이」에 우수 창업기업의 참여 기회를 확대하고자 아래와 같이 참가기업을 추가 모집하오니, 많은 관심과 참여를 바랍니다.",행사/네트워크,민간,경기도,"청소년,대학생,일반인,대학,연구기관,일반기업,1인 창조기업","기업,누구나,예비창업자,청년,초기창업기업","만 20세 미만,만 20세 이상 ~ 만 39세 이하,만 40세 이상",,,"◦ 공고일 기준, 고양시 소재 또는 고양시로 1년 이내 이전* 예정인 기업 중 업력 7년 이내 창업기업 또는 예비창업자 (설립연월일 : 2019. 8. 5. 이후)
* 본사 또는 지사·지점, 부설연구소, 공장의 사업장 등 이전(신규 설치 포함)
◦ 기존 고양 IR데이 프로그램(2021~2025) 신청기업도 재신청 가능
◦ 투자유치를 진행 중이신 스타트업이시라면 누구나 참여 가능하며, 고양시 소재가 아니더라도 추후 이전 확약을 통해 지원 가능합니다.

1. 국세 또는 지방세를 체납 중(징수유예 포함)인 자(기업)
2. 한국신용정보원의 “일반신용정보관리규약”에 따라 연체, 대위변제·대지급, 부도, 관련인, 금융질서문란, 화의·법정관리·기업회생신청·청산절차 등 정보가 등록되어 있는 자(기업)
* 단, 신용회복위원회의 프리워크아웃, 개인워크아웃 제도에서 채무조정합의서를 체결한 경우, 법원의 개인회생 제도에서 변제계획인가를 받거나 파산면책 선고자, 회생인가를 받은 기업은 신청 가능
3. 신청요건에 적합하지 않거나 신청내용이 사업목적에 부합하지 않는 경우
4. 신청일 현재 휴업중인 기업
5. 기타 참여 제한의 사유가 있다고 인정하는 자(기업)",,"예비창업자,1년미만,2년미만,3년미만,5년미만,7년미만",행사ㆍ네트워크,20260805,20260830,,,온라인 접수: https://forms.gle/NvxMk1YnL7528iLeA,https://www.k-startup.go.kr/web/contents/bizpbanc-ongoing.do?schM=view&pbancSn=178810,main,primary,고양ir데이개최,민간,20260805~20260830,행사ㆍ네트워크,행사ㆍ네트워크
kst,178808,예비창업패키지,"광운대학교 NCI창업패키지사업단에서는 창의성과 잠재력을 갖춘 예비창업자를 발굴하고, 창업 아이디어 구체화부터 사업계획서 작성 및 사업화 전략 수립까지 지원하는 「2026 창업 준비 아카데미(원석 발굴 창업캠프 1차)」 참가자를 모집합니다.
본 프로그램은 2박 3일 집중 창업캠프로 운영되며, 사업계획서 작성 교육, 시장 검증, 비즈니스모델(BM) 고도화, 전문가 멘토링 및 피드백 등을 지원합니다. 창업을 준비 중인 예비창업자 및 이종창업을 준비 중인 기창업자의 많은 관심과 참여 바랍니다.",창업,교육기관,전국,"대학생,일반인,대학,일반기업,1인 창조기업","기업,누구나,예비창업자,청년,초기창업기업","만 20세 이상 ~ 만 39세 이하,만 40세 이상",,,예비창업자 및 이종창업을 준비 중인 기창업자,,"예비창업자,1년미만,2년미만,3년미만,5년미만,7년미만",사업화,20260804,20260814,,,온라인 접수: https://forms.gle/ew1LmRt3qN4qc3iv6,https://www.k-startup.go.kr/web/contents/bizpbanc-ongoing.do?schM=view&pbancSn=178808,main,primary,예비창업패키지,교육기관,20260804~20260814,사업화,사업화
kst,178807,중앙대-금천구 창업 협력공간(창업교육스튜디오) 입주자 모집 공고,“중앙대학교 산학협력단”에서는 (예비)창업자의 체계적인 육성과 창업성공률 제고를 위해 본 스튜디오에 입주할 기업을 모집하고자 다음과 같이 공고하오니 많은 신청 바랍니다.,시설/공간,교육기관,전국,"대학생,일반인,대학,연구기관,일반기업,1인 창조기업","기업,누구나,예비창업자,청년,초기창업기업","만 20세 이상 ~ 만 39세 이하,만 40세 이상",,,"￭ 예비창업자(입주 후 6개월 이내 사업자 등록이 가능한 자) 및 기창업자
￭ 중앙대학교와 산학연 상생협력 프로그램 참여 가능한 자/기업
￭ 본교 학생 창업 또는 교원 창업자 우대
￭ 금천구 소재 기업 우대

￭ 중소기업창업지원법시행령 제4조에서 정하는 지원 제외 업종
(숙박 및 음식점업, 금융 및 보험업, 부동산업, 기타 개인 서비스업 등)
￭ 금융기관으로부터 불량거래자로 규제 중인 자
￭ 폐수, 소음, 진동 등 공해 다발 업종
￭ 기타 지원사업 목적에 부적합하다고 인정되는 경우",,"예비창업자,1년미만,2년미만,3년미만,5년미만,7년미만,10년미만",시설ㆍ공간ㆍ보육,20260804,20260818,,,이메일 접수: iacf_planning@cau.ac.kr,https://www.k-startup.go.kr/web/contents/bizpbanc-ongoing.do?schM=view&pbancSn=178807,main,primary,중앙대금천구창업협력공간창업교육스튜디오입주자모집공고,교육기관,20260804~20260818,시설ㆍ공간ㆍ보육,시설ㆍ공간ㆍ보육
kst,178806,2026년 민간 산림복지 창업·성장 패키지 FOR:SEED [예비창업패키지],2026년 민간 산림복지 창업·성장 패키지 FOR:SEED [예비창업패키지] 2차 모집 을 다음과 같이 공고하오니 참여 희망자는 안내에 따라 신청하기 바랍니다.,교육/멘토링,공공기관,전국,"청소년,대학생,일반인,대학,연구기관,일반기업,1인 창조기업","기업,누구나,예비창업자,청년,초기창업기업","만 20세 미만,만 20세 이상 ~ 만 39세 이하,만 40세 이상",,,산림복지전문업 창업에 관심이 있는 예비창업자 또는 사업자등록 5년 미만 기업 중 산림복지전문업 미등록 기업,,"예비창업자,1년미만,2년미만,3년미만,5년미만",멘토링ㆍ컨설팅ㆍ교육,20260804,20260825,,,이메일 접수: forseed@letsedu.kr,https://www.k-startup.go.kr/web/contents/bizpbanc-ongoing.do?schM=view&pbancSn=178806,main,primary,2026년민간산림복지창업성장패키지forseed예비창업패키지,공공기관,20260804~20260825,멘토링ㆍ컨설팅ㆍ교육,멘토링ㆍ컨설팅ㆍ교육
kst,178805,중앙대-금천구 창업 협력공간(혁신지원거점센터) 입주자 모집 공고,“중앙대학교 산학협력단”에서는 (예비)창업자의 체계적인 육성과 창업성공률 제고를 위해 본 공간에 입주할 기업을 모집하고자 다음과 같이 공고하오니 많은 신청 바랍니다.,시설/공간,교육기관,전국,"대학생,일반인,대학,연구기관,일반기업,1인 창조기업","기업,누구나,예비창업자,청년,초기창업기업","만 20세 이상 ~ 만 39세 이하,만 40세 이상",,,"￭ 예비창업자(입주 후 6개월 이내 사업자 등록이 가능한 자) 및 기창업자
￭ 중앙대학교와 산학연 상생협력 프로그램 참여 가능한 자/기업
￭ 본교 학생 창업 또는 교원 창업자 우대
￭ 금천구 소재 기업 우대

￭ 중소기업창업지원법시행령 제4조에서 정하는 지원 제외 업종
(숙박 및 음식점업, 금융 및 보험업, 부동산업, 기타 개인 서비스업 등)
￭ 금융기관으로부터 불량거래자로 규제 중인 자
￭ 폐수, 소음, 진동 등 공해 다발 업종
￭ 기타 지원사업 목적에 부적합하다고 인정되는 경우",,"예비창업자,1년미만,2년미만,3년미만,5년미만,7년미만,10년미만",시설ㆍ공간ㆍ보육,20260804,20260818,,,이메일 접수: iacf_planning@cau.ac.kr,https://www.k-startup.go.kr/web/contents/bizpbanc-ongoing.do?schM=view&pbancSn=178805,main,primary,중앙대금천구창업협력공간혁신지원거점센터입주자모집공고,교육기관,20260804~20260818,시설ㆍ공간ㆍ보육,시설ㆍ공간ㆍ보육
kst,178804,28청춘창업소 운영,"고양특례시가 조성하고 고양산업진흥원이 운영하는 28청춘창업소에서는 예비창업자 및 초기창업자의 성공적인 사업화와 창업 역량 강화를 지원하기 위해 「2026년 28청춘창업소 액셀러레이팅 창업 역량강화교육」 2차 교육생을 모집합니다.
창업을 준비 중이거나 사업 아이템을 구체화하고자 하는 예비·초기창업자 여러분의 많은 관심과 참여를 바랍니다.",시설/공간,공공기관,경기도,"청소년,대학생,일반인","누구나,예비창업자,청년",만 20세 이상 ~ 만 39세 이하,20,39,"고양시에 거주하는 예비창업자, 초기창업자 또는 고양시 소재 기업이나 학교에 다니는 창업에 관심 있는 직장인 및 대학생",,"예비창업자,1년미만,2년미만,3년미만",시설ㆍ공간ㆍ보육,20260805,20260820,,,온라인 접수: https://forms.gle/LtohTrdUtByoftm77,https://www.k-startup.go.kr/web/contents/bizpbanc-ongoing.do?schM=view&pbancSn=178804,main,primary,28청춘창업소운영,공공기관,20260805~20260820,시설ㆍ공간ㆍ보육,시설ㆍ공간ㆍ보육
kst,178803,2026 SVC Seoul Membership(Global) Recruitment Announcement,"We hereby announce the recruitment of startup companies to participate in the ""SVC Seoul Global Membership"" designed to support foreign startup companies wishing to enter the Korean market in settling down within the domestic startup ecosystem and establishing a foundation for commercialization.",시설/공간,공공기관,전국,"청소년,대학생,일반인,대학,연구기관,일반기업,1인 창조기업","기업,누구나,청년,초기창업기업","만 20세 미만,만 20세 이상 ~ 만 39세 이하,만 40세 이상",,,"Prospective entrepreneurs or startup companies with less than 7 years of business operation history who wish to establish a business in Korea or enter the Korean market.
* Reference to the Announcement

* Reference to the Announcement",,"예비창업자,7년미만,10년미만",시설ㆍ공간ㆍ보육,20260806,20261211,,,"기타 접수: <p class=""txt-button"">Online Register :<a href=""javascript:fn_open_window('https://airtable.com/appqfcK5K8sbiUYQ5/pagUoOCii6OPMWPZd/form');"" class=""btn_by-bl"" title=""새창으로 열기"">Registered Business</a><a href=""javascript:fn_open_window('https://airtable.com/appP54aKtJK5IZGgE/pagUoOCii6OPMWPZd/form');"" class=""btn_by-bl"" title=""새창으로 열기"">Pre-founder</a></p>",https://www.k-startup.go.kr/web/contents/bizpbanc-ongoing.do?schM=view&pbancSn=178803,main,primary,2026svcseoulmembershipglobalrecruitmentannouncement,공공기관,20260806~20261211,시설ㆍ공간ㆍ보육,시설ㆍ공간ㆍ보육
kst,178802,2026 SVC Seoul 멤버십(확장형) 모집공고,"글로벌 진출을 희망하는 창업기업을 대상으로 공유오피스 및 회의공간 이용, 전문 자문 등을 제공하는「SVC Seoul 확장형 멤버십」에 참여할 창업기업을 다음과 같이 공고합니다.",시설/공간,공공기관,전국,"청소년,대학생,일반인,대학,연구기관,일반기업,1인 창조기업","기업,누구나,예비창업자,청년,초기창업기업","만 20세 미만,만 20세 이상 ~ 만 39세 이하,만 40세 이상",,,"예비창업자* 및 업력 7년 이내의 창업기업*
* 예비창업자의 경우, 중소벤처기업부(창업진흥원)에서 지원하는 ①2026년 예비창업패키지(사내벤처 포함), ②2026년 재도전성공패키지에 협약체결 한 자에 한하여 신청 가능
** 단, 중소기업창업 지원법 제25조(유망 신산업 기술 창업기업 집중 육성)에 따라 중소벤처기업부 장관이 고시하는 신산업창업 분야의 중소기업은 업력 10년까지 신청가능
※ 세부내용은 공고문 참고

지원 제외 대상 업종 운영 기업 등
※ 세부내용은 공고문 참고",,"예비창업자,7년미만,10년미만",시설ㆍ공간ㆍ보육,20260806,20261211,,,온라인 접수: https://www.k-startup.go.kr/web/contents/webPMSBizUnvs.do?returnUrl=/screen/BMO0101M01?pbancId=0669801,https://www.k-startup.go.kr/web/contents/bizpbanc-ongoing.do?schM=view&pbancSn=178802,main,primary,2026svcseoul멤버십확장형모집공고,공공기관,20260806~20261211,시설ㆍ공간ㆍ보육,시설ㆍ공간ㆍ보육
kst,178801,「제5회 대구콘텐츠페어」 대구콘텐츠기업지원센터(DIP) 공동관 참가기업 모집 공고,제5회 대구콘텐츠페어 대구콘텐츠기업지원센터 공동관 참가기업 모집,행사/네트워크,공공기관,대구광역시,"일반기업,1인 창조기업","기업,초기창업기업","만 20세 미만,만 20세 이상 ~ 만 39세 이하,만 40세 이상",,,"-공고 시작일 기준 대구시에 본사를 둔 중소기업(개인/법인)
-콘텐츠 시장 진출·홍보를 원하는 콘텐츠 기업
-전시 가능한 IP,콘텐츠 보유 기업(문화콘텐츠 전 장르)

단,웹툰,출판,게임,영화,순수 문화예술공연기업 제외",,"예비창업자,1년미만,2년미만,3년미만,5년미만,7년미만,10년미만",행사ㆍ네트워크,20260804,20260811,,,이메일 접수: hjh@dip.or.kr,https://www.k-startup.go.kr/web/contents/bizpbanc-ongoing.do?schM=view&pbancSn=178801,main,primary,제5회대구콘텐츠페어대구콘텐츠기업지원센터dip공동관참가기업모집공고,공공기관,20260804~20260811,행사ㆍ네트워크,행사ㆍ네트워크
kst,178798,2026 산업전문인력 AI역량강화 지원사업,글로벌 공공조달·수출 분야의 AI 활용 역량을 강화하고 디지털 전환을 지원하기 위한 「2026 산업전문인력 AI역량강화 지원사업」 교육과정에 참여할 기업및 재직자를 다음과 같이 모집합니다.,교육/멘토링,민간,전국,일반기업,기업,"만 20세 이상 ~ 만 39세 이하,만 40세 이상",,,글로벌 공공조달 및 수출(예비) 기업 실무자 및 중간관리급 재직자,,"1년미만,2년미만,3년미만,5년미만,7년미만,10년미만",멘토링ㆍ컨설팅ㆍ교육,20260804,20260914,,,온라인 접수: https://challvion.ai/course/%ec%9e%ac%ec%a7%81%ec%9e%90-%ea%b3%bc%ec%a0%95-5%ea%b8%b0%ec%83%9d%ec%84%b1%ed%98%95-ai-%ea%b8%b0%eb%b0%98-%eb%ac%b4%ec%97%ad-%ec%bb%b4%ed%94%8c%eb%9d%bc%ec%9d%b4%ec%96%b8%ec%8a%a4-%eb%b0%8f/,https://www.k-startup.go.kr/web/contents/bizpbanc-ongoing.do?schM=view&pbancSn=178798,main,primary,2026산업전문인력ai역량강화지원사업,민간,20260804~20260914,멘토링ㆍ컨설팅ㆍ교육,멘토링ㆍ컨설팅ㆍ교육
kst,178797,[강동구 청년해냄센터]  투자유치  마스터 스쿨 참가자 모집 공고,투자유치 마스터 스쿨 참여 희망자는 안내에 따라 신청하시기 바랍니다.,교육/멘토링,공공기관,서울특별시,"청소년,대학생,일반인,대학,연구기관,일반기업,1인 창조기업","기업,누구나,청년,초기창업기업","만 20세 미만,만 20세 이상 ~ 만 39세 이하,만 40세 이상",,,투자유치를 준비중이거나 IR 발표 역량 강화를 희망하는 창업팀,,"예비창업자,1년미만,2년미만,3년미만,5년미만,7년미만,10년미만",멘토링ㆍ컨설팅ㆍ교육,20260803,20260818,,,온라인 접수: http://www.gdhaenaem.com/?c=168&s=&gp=1&gbn=viewok&ix=11578,https://www.k-startup.go.kr/web/contents/bizpbanc-ongoing.do?schM=view&pbancSn=178797,main,primary,강동구청년해냄센터투자유치마스터스쿨참가자모집공고,공공기관,20260803~20260818,멘토링ㆍ컨설팅ㆍ교육,멘토링ㆍ컨설팅ㆍ교육
kst,178796,2026 오픈웨이브 with 한진,인천창조경제혁신센터에서는 ㈜한진과 오픈이노베이션을 통해 스마트물류 분야 창업기업을 발굴하고 지원하기 위한 『2026 오픈웨이브 with 한진』에 참여할 기업을 발굴하오니 많은 관심과 참여 바랍니다.,창업,공공기관,전국,일반기업,기업,"만 20세 미만,만 20세 이상 ~ 만 39세 이하,만 40세 이상",,,"한진과 사업화할 수 있는 창업 7년 이내 기업

[모집분야]
1) 공정 자동화 : 택배/물류 터미널 내 하드웨어·소프트웨어 자동화 기술
2) 업무 효율화 : 단순 반복 업무, 데이터 분석 기반의 운영 프로세스 및 공급망 최적화
3) 미래 신산업 : 한진의 중장기 포트폴리오 다변화를 위한 신규 비즈니스 모델 및 지속 가능 기술 등

공고문 내 &apos;모집 제외&apos; 참조",,7년미만,사업화,20260804,20260824,,,이메일 접수: openwave@ccei.kr,https://www.k-startup.go.kr/web/contents/bizpbanc-ongoing.do?schM=view&pbancSn=178796,main,primary,2026오픈웨이브with한진,공공기관,20260804~20260824,사업화,사업화
kst,178795,2026 Nexus Connect 오픈이노베이션 밋업 데이,"충남창조경제혁신센터는 대·중견기업의 기술 수요를 기반으로 AI·딥테크 스타트업을 발굴하고, 차년도 기술실증(PoC), 공동사업화 및 투자 연계 대상기업을 발굴하기 위한
 ⌜2026 Nexus Connect 오픈이노베이션 밋업 데이⌟를 개최합니다. 혁신적인 기술과 성장 잠재력을 보유한 유망 스타트업의 많은 관심과 참여를 바랍니다.",창업,공공기관,전국,"대학생,일반인,일반기업,1인 창조기업","기업,누구나,청년,초기창업기업","만 20세 이상 ~ 만 39세 이하,만 40세 이상",,,"수요기업과 협업을 희망하는 7년 이내 전국 소재 스타트업

공고문 참조",,7년미만,사업화,20260806,20260831,,,이메일 접수: ckyshoo@ccei.kr,https://www.k-startup.go.kr/web/contents/bizpbanc-ongoing.do?schM=view&pbancSn=178795,main,primary,2026nexusconnect오픈이노베이션밋업데이,공공기관,20260806~20260831,사업화,사업화
kst,178794,2026 빅웨이브 글로벌(일본5차) - ILS2026 참여기업 모집,"인천창조경제혁신센터에서는 일본진출을 희망하는 기업을 대상으로 
빅웨이브 글로벌(일본5차)에 참여할 기업을 모집합니다.
일본시장에 관심있고, ILS2026 오픈이노베이션 전시회에 참여할 
준비된 기업분들의 많은 참여를 바랍니다.",판로/수출,공공기관,전국,일반기업,"기업,예비창업자","만 20세 미만,만 20세 이상 ~ 만 39세 이하,만 40세 이상",,,"전국 7년이내 스타트업(*초격차분야 10년이내까지)

예비창업자",,"예비창업자,1년미만,2년미만,3년미만,5년미만,7년미만,10년미만",글로벌,20260804,20260821,,,이메일 접수: global@biigwave.org,https://www.k-startup.go.kr/web/contents/bizpbanc-ongoing.do?schM=view&pbancSn=178794,main,primary,2026빅웨이브글로벌일본5차ils2026참여기업모집,공공기관,20260804~20260821,글로벌,글로벌
kst,178793,IP 디딤돌 프로그램,"서울지식재산센터에서 IP창업존 32기 교육생을 모집합니다.
「서울지식재산센터」는 서울특별시 출연기관 서울경제진흥원(SBA)이 운영하는 지식재산처 지정 지역지식재산센터로, 서울 시민과 기업의 지식재산 창출·보호·활용을 지원합니다.
「서울지식재산센터」는 매년 서울 시민 및 예비창업자를 대상으로 「IP창업존」을 운영하여 창업 아이디어 발상부터 지식재산 권리화, 사업화 전략, 비즈니스 모델 수립까지 아우르는 창업 실무 교육을 제공을 통해 서울 창업생태계 활성화에 기여하고자 합니다. 서울 소재 예비/초기 창업자 여러분의 많은 성원 바랍니다.
※ 본 과정 수료 시 IP디딤돌프로그램 자부담금 환급 혜택을 드립니다(상세 지원 요건 공고문 참고).
※ IP창업존은 연간 총 3회 진행되며, 본 기수 참가가 어려우신 경우 2,3차 모집에 지원하여 주시기 바랍니다(9~11월 중, 상세 일정 서울지식재산센터 홈페이지(ipseoul.kr) 공지).
★ 접수방법
 1. 서울경제진흥원 홈페이지(sba.seoul.kr) 접속 → 사업신청 → 접수중인사업 목록에서 “IP창업존 32기 모집 공고” 확인 
 2. 신청서 작성(첨부 양식 활용)
 3. 공고문 내 '신청하기' 버튼 클릭하여 신청 ※회원가입/로그인 필요",교육/멘토링,공공기관,서울특별시,"대학생,일반인,대학,일반기업,1인 창조기업","기업,누구나,청년,초기창업기업","만 20세 미만,만 20세 이상 ~ 만 39세 이하,만 40세 이상",,,"서울 소재 예비/초기 창업자, 기술 기반 창업을 희망하는 서울 시민 누구나
※ 거주지·사업장·소속 학교가 서울 소재인 경우만 지원가능

거주지·사업장·소속 학교 모두 서울 외 지역에 소재한 경우",,"예비창업자,1년미만,2년미만,3년미만,5년미만,7년미만,10년미만",멘토링ㆍ컨설팅ㆍ교육,20260803,20260814,,,온라인 접수: https://www.sba.seoul.kr/Pages/BusinessApply/PostingDetail.aspx?p=0&mid=990bf389-878c-f111-b404-d4f5ef4a1e33,https://www.k-startup.go.kr/web/contents/bizpbanc-ongoing.do?schM=view&pbancSn=178793,main,primary,ip디딤돌프로그램,공공기관,20260803~20260814,멘토링ㆍ컨설팅ㆍ교육,멘토링ㆍ컨설팅ㆍ교육
kst,178792,1인 창조기업 지원센터,"중소벤처기업부와 경기도가 지원하고, 경기도일자리재단 남부사업본부가 운영하는 1인 창조기업지원센터에서는 창업을 촉진시키고, 유망한 기업인 양성을 위해 경기도 내 열정 있는 예비 창업가 및 1인 창조기업을 다음과 같이 모집합니다.",시설/공간,공공기관,경기도,"일반인,일반기업,1인 창조기업","기업,누구나,예비창업자,초기창업기업","만 20세 이상 ~ 만 39세 이하,만 40세 이상",,,"- 예비창업자 : 공고일 현재 경기도 내에 주소를 둔 예비창업자로, 타 직장에 재직 중이지 않은 1인 창조기업 창업예정자
- 기창업자 : 공고일 현재 경기도 내에 주된 사무소를 둔 창업 7년 이내 기업으로, 타 직장에 재직 중이지 않은 창업자
※ 예비창업자의 경우 최종 선정 후, 최대 6개월 이내 창업(사업자 등록) 하여야 함

- 국가 또는 지방자치단체가 운영하는 1인 창조기업 지원을 받고 있는 자
- 중소기업창업지원법 시행령 제4조(창업에서 제외되는 업종)에 해당하는 자
- 금융기관 등의 채무불이행 중 인자",,"예비창업자,7년미만",시설ㆍ공간ㆍ보육,20260804,20260911,,,온라인 접수: https://apply.jobaba.net/bsns/bsnsDetailView.do?bsnsSeq=5839,https://www.k-startup.go.kr/web/contents/bizpbanc-ongoing.do?schM=view&pbancSn=178792,main,primary,1인창조기업지원센터,공공기관,20260804~20260911,시설ㆍ공간ㆍ보육,시설ㆍ공간ㆍ보육
kst,178791,제2회 판다밋업 : AI 반도체 글로벌 파트너십  Innovation Bridge,"경기도 4차산업혁명센터는 국내 기업의 글로벌 공동 연구개발 사례와 이스라엘의 AI·반도체 산업 현황을 공유하고, 
한·이스라엘 공동 연구개발 지원사업을 소개하는 「제2회 판(교에서)다(보스를 만나다) 밋업」을 개최합니다. 
본 행사는 AI·반도체 분야 기업의 글로벌 기술협력 기회를 확대하고 실질적인 공동연구 연계 가능성을 모색하기 위해 마련되었습니다.
많은 참여부탁드립니다.",행사/네트워크,공공기관,전국,"청소년,대학생,일반인,대학,연구기관,일반기업,1인 창조기업","기업,누구나,청년,초기창업기업","만 20세 미만,만 20세 이상 ~ 만 39세 이하,만 40세 이상",,,"1. AI·반도체 분야 종사자
2. 글로벌 공동연구 및 한·이스라엘 기술협력에 관심 있는 기업 관계자",,"예비창업자,1년미만,2년미만,3년미만,5년미만,7년미만,10년미만",행사ㆍ네트워크,20260804,20260820,,,온라인 접수: https://forms.gle/1yN7AesbFsaLPe9a9,https://www.k-startup.go.kr/web/contents/bizpbanc-ongoing.do?schM=view&pbancSn=178791,main,primary,제2회판다밋업ai반도체글로벌파트너십innovationbridge,공공기관,20260804~20260820,행사ㆍ네트워크,행사ㆍ네트워크
kst,178790,[용인시산업진흥원] 2026년 용인 오픈이노베이션 교류회 3회차(바이오·헬스케어),"2026년 용인 오픈이노베이션 교류회 3회차(바이오·스마트시티) 참가 안내 드리오니,
참여를 희망하시는 경우 아래 링크를 통해 신청해주시기 바랍니다.",행사/네트워크,민간,전국,"청소년,대학생,일반인,대학,연구기관,일반기업,1인 창조기업","기업,누구나,청년,초기창업기업","만 20세 미만,만 20세 이상 ~ 만 39세 이하,만 40세 이상",,,"전국에 있는 오픈이노베이션에 관심있는 기업 및 관계자 (선착순)

해당없음",,"예비창업자,1년미만,2년미만,3년미만,5년미만,7년미만,10년미만",행사ㆍ네트워크,20260804,20260818,,,온라인 접수: https://vo.la/7VKSvyS,https://www.k-startup.go.kr/web/contents/bizpbanc-ongoing.do?schM=view&pbancSn=178790,main,primary,용인시산업진흥원2026년용인오픈이노베이션교류회3회차바이오헬스케어,민간,20260804~20260818,행사ㆍ네트워크,행사ㆍ네트워크
kst,178789,2026 지역창업페스티벌 연계 제106회 대전창업포럼,"안녕하세요, 대전창조경제혁신센터입니다.
대전창조경제혁신센터는 중소벤처기업부, 과학기술정보통신부, 대전광역시와 함께 AI•로봇 분야 유망 스타트업의 투자유치 및 사업화 연계를 지원하기 위하여 [2026 지역창업 페스티벌 연계 제106회 대전창업포럼]을 개최합니다.
이번 포럼은 “AI × 로봇: 지능이 산업을 움직이다”를 주제로, AI•로봇 딥테크 산업·기술 인사이트를 공유하고, AI•로봇 스타트업의 투자유치 및 후속 연계 기회를 확대하기 위해 [AI•로봇 딥테크 포럼], [AI•로봇 스타트업 투자유치 IR], [1:1 투자·비즈니스 밋업], [네트워킹] 등을 운영할 예정이오니 많은 관심과 참여 부탁드립니다.",행사/네트워크,공공기관,대전광역시,"청소년,대학생,일반인,대학,연구기관,일반기업,1인 창조기업","기업,누구나,청년,초기창업기업","만 20세 미만,만 20세 이상 ~ 만 39세 이하,만 40세 이상",,,"? 1:1 투자·비즈니스 밋업 참가 AI·로봇 스타트업
? IR 참관 및 1:1 투자·비즈니스 밋업 참가 투자사•기관
?‍?‍? 포럼 참관 유관기관 관계자 및 일반 참관객

✨1:1 투자·비즈니스 밋업은 자리가 한정되어 있어 조기 마감될 수 있습니다!✨
✨행사 당일 현장등록도 가능하나 원활한 운영을 위해 사전 신청 부탁드립니다!✨

※ AI·로봇 스타트업 투자유치 IR은 발표기업 5개사가 확정되어 추가 모집은 진행하지 않습니다.
※ 1:1 투자·비즈니스 밋업은 사전 신청 및 내부 검토·매칭 후 참여가 확정됩니다.",,"예비창업자,1년미만,2년미만,3년미만,5년미만,7년미만,10년미만",행사ㆍ네트워크,20260803,20260810,,,온라인 접수: forms.gle/uGmwWTRHKVX4okvu5,https://www.k-startup.go.kr/web/contents/bizpbanc-ongoing.do?schM=view&pbancSn=178789,main,primary,2026지역창업페스티벌연계제106회대전창업포럼,공공기관,20260803~20260810,행사ㆍ네트워크,행사ㆍ네트워크
kst,178788,2026 경제계 주도 대국민 창업·육성 프로젝트 「더하기 창업」 참가팀 모집,"한국경제인협회(FKI)가 창립 65주년을 맞아 추진하는 「2026 경제계 주도 대국민 창업·육성 프로 젝트 - 더하기 창업」 참가팀을 모집합니다.
예비창업자와 초기창업기업을 대상으로 총 100개 팀을 선발하여, 12주간 성장단계별 액셀러레이팅과 한국경제인협회 회원사 연계를 지원할 예정입니다.
관심 있으신 창업자 여러분의 많은 신청을 부탁드립니다.",창업,민간,전국,"청소년,대학생,일반인,대학,연구기관,일반기업,1인 창조기업","기업,누구나,예비창업자,청년,초기창업기업","만 20세 미만,만 20세 이상 ~ 만 39세 이하,만 40세 이상",,,"한국경제인협회(FKI) 회원사와의 협업 및 사업 연계를 희망하는 예비창업자 또는 창업기업

- 트랙1 : 예비창업자 (아이디어 단계 포함)
- 트랙2 : 초기창업기업 (업력 7년 미만) 
※ 신산업 분야의 경우 업력 10년 이내 창업기업 지원 가능
     (신산업 분야: AI, 반도체, 바이오·헬스케어, 디지털헬스, 로봇, 첨단제조, 기후·에너지, 콘텐츠테크 등 분야 스타트업)",,"예비창업자,1년미만,2년미만,3년미만,5년미만,7년미만,10년미만",사업화,20260810,20260828,,,온라인 접수: https://fkiplus.com/,https://www.k-startup.go.kr/web/contents/bizpbanc-ongoing.do?schM=view&pbancSn=178788,main,primary,2026경제계주도대국민창업육성프로젝트더하기창업참가팀모집,민간,20260810~20260828,사업화,사업화
kst,178787,로보어드바이저(RA) 신규 알고리즘 발굴 사업,키움증권 랩솔루션팀에서 로보어드바이저(RA) 신규 알고리즘 발굴 및 상품화 프로젝트 참가자 모집을 진행 합니다. 자신의 투자 알고리즘을 실전에서 검증하고 상품화 할 기회를 갖기를 희망합니다.,창업,민간,전국,"청소년,대학생,일반인,대학,연구기관,일반기업,1인 창조기업","기업,누구나,청년,초기창업기업","만 20세 미만,만 20세 이상 ~ 만 39세 이하,만 40세 이상",,,"독창적인 알고리즘을 보유한 개인, 팀, 법인이면 누구나 신청할 수 있습니다. 팀(업체)당 최대 3개 알고리즘까지 신청 가능합니다.",,"예비창업자,1년미만,2년미만,3년미만,5년미만,7년미만,10년미만",사업화,20260803,20260814,,,온라인 접수: https://www.kiwoom.com/e/m/home/event/VEventS2026009View,https://www.k-startup.go.kr/web/contents/bizpbanc-ongoing.do?schM=view&pbancSn=178787,main,primary,로보어드바이저ra신규알고리즘발굴사업,민간,20260803~20260814,사업화,사업화
kst,178786,「2026년 강소특구 이노테크 발굴 및 창업지원사업」예비 창업자 사업화 지원 모집 공고,우수한 기술과 아이디어를 보유한 예비 창업자의 제품 경쟁력 강화와 사업화 촉진을 위한「2026년 강소특구 이노테크 발굴 및 창업지원사업」예비 창업자 사업화 지원 프로그램을 아래와 같이 공고하오니 많은 관심과 참여 바랍니다.,창업,민간,전남광주,"청소년,대학생,일반인,대학","누구나,예비창업자,청년","만 20세 미만,만 20세 이상 ~ 만 39세 이하,만 40세 이상",,,"나주시 내 에너지 관련 기술 창업을 준비하는 예비창업자
※ (예비창업) 2026. 1. 1. ~ 2026. 12. 31. 창업자 또는 창업예정자에 한함 / 2026. 12. 31. 이전 사업자등록이 가능한 자

□ 아래 항목 중 1개 이상에 해당되는 경우 신청 불가
✓ 2026년 전남 나주 강소연구개발특구 사업 시제품 제작 지원프로그램 지원기업 제외
✓ 동 사업의 사업화자금으로 사행산업 등 경제질서 및 미풍양속에 현저히 어긋나는 아이템* 및 에너지분야 창업과 무관된 사업을 영위하고자 하는 자
* 지원제외 대상 업종 : 일반유흥주점업, 무도유흥주점업, 기타 사행시설 관리 및 운영업(중소기업창업지원법 시행령 제4조)
✓ 타인의 아이디어, 기술 등을 모방하거나 도용하여 창업하려는 자
✓ 폐업 경험이 있는 자가 동일한 사업 내용의 제품이나 서비스로 재창업하고자 하는 경우",,예비창업자,사업화,20260803,20260930,,,이메일 접수: kwg@evedi.or.kr,https://www.k-startup.go.kr/web/contents/bizpbanc-ongoing.do?schM=view&pbancSn=178786,main,primary,2026년강소특구이노테크발굴및창업지원사업예비창업자사업화지원모집공고,민간,20260803~20260930,사업화,사업화
kst,178785,[LH한국토지주택공사] 판교 제2테크노밸리 기업성장센터(F2블록) 산업시설 입주기업 추가 모집 공고,판교 제2테크노밸리 LH 기업성장센터(F2블록)의 산업시설(임대) 잔여호실에 대한 입주기업 추가 모집공고를 붙임과 같이 게시합니다.,시설/공간,공공기관,경기도,"일반인,대학,연구기관,일반기업,1인 창조기업","기업,누구나,초기창업기업","만 20세 미만,만 20세 이상 ~ 만 39세 이하,만 40세 이상",,,"- 산업집적법 제28조의5(지식산업센터에의 입주) 제1항제1호 및 제2호, 동법 시행령 제6조(산업단지의 입주자격),
             제36조의4(지식산업센터에의 입주) 제1항에 의한 입주자격을 갖춘 민간기업 또는 지원기관

․ 민간기업 : 「본사 또는 전체사업장」이 수도권에 소재한 기업으로서 창업(개인,법인) 후 사업개시일*로부터
                            「10년차 이하(신청접수일자 기준)」에 해당하고 입주시설에서 관리기본계획상 허용 업종을 영위할 기업

․ 지원기관 :  첨단제조업, 지식·문화·정보통신 업종의 지원·육성을 위한 관계 법령에 의해 설립된 법인으로서
                         『판교 제2테크노밸리 도시첨단산업단지 관리 기본계획』(이하 관리기본계획)에서 정한  산업시설구역 내의 
                               지식산업센터 입주자격을 갖춘 공기업 및 준정부기관

* 사업개시일 기준 : 개인은 사업자등록증상 사업개시일, 법인은 법인등기부등본상 법인설립등기일

①    산업집적법 제28조의5 및 동법 시행령 제36조의4의 규정에 의한 입주자격 및 대상이 아닌 업종

② 『대기환경보전법』에 의한 특정대기유해물질, 『물환경보전법』에 의한 특정수질유해물질의 배출업종, 『악취방지법』, 『폐기물관리법』, 『유해화학물질관리법』 등에 의한 환경오염물질을 배출하여 환경오염을 유발하는 업종

③    그 외 특정유해물질이 발생되는 업종(도금업 등), 폐수를 발생시키는 업종(피혁, 염색, 제지업 등), 대기오염 다량배출업종(석유화학공업, 타이어제조업, 철강업, 시멘트제조업 등)은 입주제외",,"예비창업자,1년미만,2년미만,3년미만,5년미만,7년미만,10년미만",시설ㆍ공간ㆍ보육,20260804,20260902,,,방문 접수: LH 경기남부지역본부 (경기도 성남시 분당구 성남대로54번길 3) 2층 임대주택 고객상담실 (218호),https://www.k-startup.go.kr/web/contents/bizpbanc-ongoing.do?schM=view&pbancSn=178785,main,primary,lh한국토지주택공사판교제2테크노밸리기업성장센터f2블록산업시설입주기업추가모집공고,공공기관,20260804~20260902,시설ㆍ공간ㆍ보육,시설ㆍ공간ㆍ보육
kst,178784,중견기업 스타트업 동행라운지(참여 스타트업 모집),중견기업-스타트업 동행라운지에 참여를 희망하는 스타트업을 아래와 같이 모집합니다.,창업,민간,전국,일반기업,"기업,스타트업","만 20세 미만,만 20세 이상 ~ 만 39세 이하,만 40세 이상",,,"혁신 스타트업(7년 이내), AI 등 빅테크 스타트업(10년 이내)",,"7년미만,10년미만",사업화,20260803,20260821,,,온라인 접수: https://www.koiia.or.kr/board/read.php?M2_IDX=21989&B_IDX=178797,https://www.k-startup.go.kr/web/contents/bizpbanc-ongoing.do?schM=view&pbancSn=178784,main,primary,중견기업스타트업동행라운지참여스타트업모집,민간,20260803~20260821,사업화,사업화
kst,178782,2026년 SaaS 전환지원센터xAWS SaaS 현대화 교육 2회차 참가자 모집 공고,"정보통신산업진흥원 SaaS 전환지원센터는 AWS와 함께 「클라우드 기반 SaaS 현대화 기술 특강 및 실습 교육」을 운영합니다.
본 교육은 SaaS 현대화를 위한 핵심 사용 사례와 최신 클라우드 기술 트렌드를 중심으로, SaaS 전환 및 서비스 고도화에 필요한 핵심 개념과 실무 방향을 공유하기 위해 마련되었습니다.
관련한 정보나 교육을 받아보고 싶으신 분들은, 신청 링크를 통한 구글폼 신청서 작성 후 제출해 주시길 바랍니다.",교육/멘토링,민간,전국,"대학생,일반인,대학,연구기관,일반기업,1인 창조기업","기업,누구나,청년,초기창업기업","만 20세 이상 ~ 만 39세 이하,만 40세 이상",,,SaaS 제품을 보유하고 있거나 출시 예정인 기업의 사업·기술 담당자,,"예비창업자,1년미만,2년미만,3년미만,5년미만,7년미만,10년미만",멘토링ㆍ컨설팅ㆍ교육,20260803,20260817,,,온라인 접수: https://forms.gle/n3K1rdkMGo2Mvvnj9,https://www.k-startup.go.kr/web/contents/bizpbanc-ongoing.do?schM=view&pbancSn=178782,main,primary,2026년saas전환지원센터xawssaas현대화교육2회차참가자모집공고,민간,20260803~20260817,멘토링ㆍ컨설팅ㆍ교육,멘토링ㆍ컨설팅ㆍ교육
kst,178781,충북대학교 『글로벌(G)테크벤처센터(BI) 』 입주기업 모집,"국립거점대학 충북대학교와 충북중소벤처기업청에서는 지역 유망 중소․벤처기업의 발굴 육성을 통해 지역경제 활성화 기여 및 고용창출을 선도하기 위하여 글로벌테크벤처센터(POST-BI)에 입주 할, 우수한 기술력과 사업 역량을 가진 유망 벤처기업 및 신기술 창업자를 아래와 같이 모집 공고합니다",시설/공간,교육기관,충청북도,"청소년,대학생,일반인,대학,연구기관,일반기업,1인 창조기업","기업,누구나,청년,초기창업기업","만 20세 미만,만 20세 이상 ~ 만 39세 이하,만 40세 이상",,,"- 본사 or 연구소 or 지점사업자 or 창업보육센터 졸업기업 입주 가능
- (창업자) 창업 후 7년이 경과 되지 않은 기업(창업일자기준)
- 우대 가점기업 : 여성기업, 사회적기업, 협동조합, 장애인기업, 내일채움공제가입기업, 창조경제혁신센터 및 청년창업사관학교 학생창업기업 등 우대

1. 중소기업창업지원법 제43조 제4항 제4호에 의거 입주 제외대상 업종
2. 소음, 진동, 약품, 악취, 폐기물 발생 등 환경 침해 및 공해 유발 업체
3. 금융기관으로부터 신용불량으로 규제중인 자
4. 기타, 입주선정심의위원회에서 부적절하다고 판단되는 기업",,"예비창업자,1년미만,2년미만,3년미만,5년미만,7년미만",시설ㆍ공간ㆍ보육,20260803,20260831,,,"온라인 접수: https://cb-postbi.cbnu.ac.kr/community_06_06
방문 접수: (28420) 충북 청주시 흥덕구 가로수로 1251 (복대동) 충북대학교 G테크벤처센터 107호",https://www.k-startup.go.kr/web/contents/bizpbanc-ongoing.do?schM=view&pbancSn=178781,main,primary,충북대학교글로벌g테크벤처센터bi입주기업모집,교육기관,20260803~20260831,시설ㆍ공간ㆍ보육,시설ㆍ공간ㆍ보육
kst,178780,2026년 블록체인 기업성장허브 입주기업 모집,블록체인 기업성장허브에 입주할 역량 있는 블록체인 기업을 모집합니다,시설/공간,공공기관,전국,"일반기업,1인 창조기업","기업,초기창업기업","만 20세 미만,만 20세 이상 ~ 만 39세 이하,만 40세 이상",,,"업력 10년 이내 블록체인 중소기업 또는 예비벤처확인서 보유자

공고문 참고",,"예비창업자,10년미만",시설ㆍ공간ㆍ보육,20260730,20260827,,,이메일 접수: gong@kisa.or.kr,https://www.k-startup.go.kr/web/contents/bizpbanc-ongoing.do?schM=view&pbancSn=178780,main,primary,2026년블록체인기업성장허브입주기업모집,공공기관,20260730~20260827,시설ㆍ공간ㆍ보육,시설ㆍ공간ㆍ보육
kst,178779,모두의 창업 글로벌 프로그램,해외AC와 연계하여 유학생 등 재외국민의 창업준비와 성장을 지원하는『모두의 창업 글로벌 프로그램』사업의 주관기관을 다음과 같이 모집공고합니다.,판로/수출,공공기관,전국,"청소년,대학생,일반인,대학,연구기관,일반기업,1인 창조기업","기업,누구나,청년,초기창업기업","만 20세 미만,만 20세 이상 ~ 만 39세 이하,만 40세 이상",,,"창업기업 사업비 관리, 현지 AC와의 협력, 창업지원 프로그램 운영 등 창업기업 지원 역량 및 전문성을 보유한 기관  [공고문 참조]

공고문 참조",,"예비창업자,1년미만,2년미만,3년미만,5년미만,7년미만,10년미만",글로벌,20260804,20260824,,,온라인 접수: https://www.k-startup.go.kr/web/contents/webPMSBizUnvs.do?returnUrl=/screen/BMO0101M01?pbancId=0682301,https://www.k-startup.go.kr/web/contents/bizpbanc-ongoing.do?schM=view&pbancSn=178779,main,primary,모두의창업글로벌프로그램,공공기관,20260804~20260824,글로벌,글로벌
kst,178778,[한국수자원공사] CES 2027 K-water관 참여기관 모집 공고(2차),"K-water 협력기업의 글로벌 시장 진출을 지원하기 위해, 세계 최대 규모의 ICT·가전 박람회인 'CES 2027 K-water관'에 함께할 참여기업을 아래와 같이 모집합니다.",판로/수출,공공기관,전국,"청소년,대학생,일반인,대학,연구기관,일반기업,1인 창조기업","기업,누구나,청년,초기창업기업","만 20세 미만,만 20세 이상 ~ 만 39세 이하,만 40세 이상",,,"- 물산업 및 기후테크 분야 혁신 기술(제품)·서비스를 보유한 스타트업
- 최근(2026. 4. 1. 이후) 새롭게 출시했거나, 출시 예정인 제품·서비스 보유
- 유레카파크에 최초 또는 두번째 참가(3회 이상 불가, 온라인 참가 이력 제외)
- 이 밖의 CTA 유레카파크 심사기준 모두 충족 [붙임4]
  * 자세한 사항은 첨부의 공고 참조",,"1년미만,2년미만,3년미만,5년미만",글로벌,20260803,20260811,,,온라인 접수: https://www.kwater.or.kr/wis/wq/index.do?w2xPath=/wis/ui/index.xml,https://www.k-startup.go.kr/web/contents/bizpbanc-ongoing.do?schM=view&pbancSn=178778,main,primary,한국수자원공사ces2027kwater관참여기관모집공고2차,공공기관,20260803~20260811,글로벌,글로벌
kst,178777,충북대학교 『글로벌(G)테크벤처센터』연구소기업 참여희망 기업 모집 안내,충북대학교 글로벌 G-테크벤처센터에서는 연구소기업 지원사업과 연계하여 연구소기업 설립 및 사업화에 관심 있는 창업기업을 모집합니다.,창업,교육기관,충청북도,일반기업,기업,"만 20세 미만,만 20세 이상 ~ 만 39세 이하,만 40세 이상",,,전국 창업기업 중 연구소기업 참여를 희망하는 기업,,"1년미만,2년미만,3년미만,5년미만,7년미만",사업화,20260803,20260814,,,"온라인 접수: https://cb-postbi.cbnu.ac.kr
기타 접수: <신청절차>
홈페이지 접속 → 간편회원가입 및 로그인 → 개인정보 입력 → 교육정보 화면 이동 →[신청/연구소기업 참여기업 모집] 클릭 → 정보 입력",https://www.k-startup.go.kr/web/contents/bizpbanc-ongoing.do?schM=view&pbancSn=178777,main,primary,충북대학교글로벌g테크벤처센터연구소기업참여희망기업모집안내,교육기관,20260803~20260814,사업화,사업화
kst,178775,2026년 하반기 DDP B the B(비더비) 뷰티테크·뷰티 디바이스 전시·체험 및 테스트베드 지원기업 모집,"서울경제진흥원은 DDP에 위치한 뷰티복합문화공간 ‘B the B(비더비)’를 활용하여 기업이 주도적으로 국내외 소비자를 대상으로 제품·기술을 테스트하고 피드백을 받을 수 있도록 지원함으로써, 중소 뷰티테크·디바이스 기업의 소비자 접점 확대와 경쟁력 강화를 지원하고자 합니다.",창업,공공기관,서울특별시,일반기업,"기업,예비창업자","만 20세 미만,만 20세 이상 ~ 만 39세 이하,만 40세 이상",,,"서울 소재 중소 뷰티테크·디바이스 기업

- 예비창업자(기업)
- 참여기업 또는 대표자 등이 서울시 사업에 참여 제한 대상인 경우
- B the B 전시 기간 종료 시까지 전시를 위한 기업 제품·서비스 무상 제공 및 관리·유지보수가 불가한 기업
- 기타 사업 공고 시 제시한 신청자격 및 참여조건 기준에 부합하지 않거나 관련하여 허위 또는 그 밖의 부정한 사실이 발견되는 경우
· 신청 이후 위 사항이 밝혀질 경우 선정 제외 또는 취소될 수 있으며, 향후 SBA 사업 참여에 제한될 수 있음
· 해당 사항을 통해 발생하는 모든 민·형사상의 책임(타인의 지적재산권을 침해하였을 경우 발생하는 모든 민·형사상의 책임 포함)은 참가기업에게 있음",,"1년미만,2년미만,3년미만,5년미만,7년미만,10년미만",사업화,20260731,20260821,,,온라인 접수: https://www.sba.seoul.kr/Pages/BusinessApply/PostingDetail.aspx?p=1&mid=6d512064-ac8c-f111-b404-d4f5ef4a1e33,https://www.k-startup.go.kr/web/contents/bizpbanc-ongoing.do?schM=view&pbancSn=178775,main,primary,2026년하반기ddpbtheb비더비뷰티테크뷰티디바이스전시체험및테스트베드지원기업모집,공공기관,20260731~20260821,사업화,사업화
kst,178774,메이커 스페이스,"동대문구 창업지원센터에서는 센터 입주기업과 일반인을 대상으로 3D프린터, 레이저커터 교육을 진행합니다",시설/공간,교육기관,전국,"청소년,대학생,일반인,대학,연구기관,일반기업,1인 창조기업","기업,누구나,청년,초기창업기업","만 20세 미만,만 20세 이상 ~ 만 39세 이하,만 40세 이상",,,3D프린터 또는 레이저커터에 관심있는 누구나,,"예비창업자,1년미만,2년미만,3년미만,5년미만,7년미만,10년미만",시설ㆍ공간ㆍ보육,20260803,20260826,,,온라인 접수: https://ddm.startup-plus.kr/board/B000165/7828,https://www.k-startup.go.kr/web/contents/bizpbanc-ongoing.do?schM=view&pbancSn=178774,main,primary,메이커스페이스,교육기관,20260803~20260826,시설ㆍ공간ㆍ보육,시설ㆍ공간ㆍ보육
kst,178773,2026 예술분야 예비창업 프로그램 참여자 모집,"문화체육관광부와 (재)예술경영지원센터는 예술분야 예비창업자 및 초기기업을 대상으로 비즈니스모델의 시장검증 기반 사업역량을 강화하고 체계적인 지원을 통해 경쟁력 있는 예술기업을 육성하고자 「2026 예술분야 예비창업 프로그램」을 추진합니다.
예술 전문성과 적극적인 실행능력을 갖춘 예비창업자 및 예술분야 창업기업을 다음과 같이 모집하오니 많은 관심과 참여 바랍니다.",교육/멘토링,민간,전국,"청소년,대학생,일반인,대학,연구기관,일반기업,1인 창조기업","기업,누구나,예비창업자,청년,초기창업기업","만 20세 미만,만 20세 이상 ~ 만 39세 이하,만 40세 이상",,,"공고일인 2026년 7월 27일 기준 다음 중 하나에 해당하는 자 또는 기업

1. 예술분야 예비창업자
- 공고일 기준 신청자 명의의 사업자등록 및 법인설립등기를 하지 않은 자
- 대표자는 공고일 기준 개인사업자 및 법인사업자 미등록자여야 함
- 공고일 이후 사업자를 개시한 경우 예비창업자로 신청 가능
- 선정된 창업 아이템 관련 업종으로 사업기간 내 사업자등록이 가능한 자
- 선정된 예비창업자는 본 사업기간 내 사업자등록을 완료해야 함

2. 업력 3년 미만의 예술분야 창업기업
- 개인사업자 또는 법인사업자
- 신청 가능 업력: 2023년 7월 28일~2026년 7월 27일
- 개인사업자: 사업자등록증상 개업연월일 기준
- 법인사업자: 법인등기부등본상 법인설립등기일 기준

단, 개인사업자에서 포괄양수·양도를 통해 법인으로 전환한 경우에는 개인사업자의 사업 개시일부터 업력을 산정합니다.",,"예비창업자,3년미만",멘토링ㆍ컨설팅ㆍ교육,20260727,20260810,,,이메일 접수: jhmoon@sigong-ip.com,https://www.k-startup.go.kr/web/contents/bizpbanc-ongoing.do?schM=view&pbancSn=178773,main,primary,2026예술분야예비창업프로그램참여자모집,민간,20260727~20260810,멘토링ㆍ컨설팅ㆍ교육,멘토링ㆍ컨설팅ㆍ교육
kst,178772,2026년 구미시 스타트업 필드 3차 입주기업 모집 공고,구미시에서 우수 기술을 보유한 창업기업 발굴 및 육성하기 위해 조성한 스타트업 필드의 입주기업을 다음과 같이 모집 공고합니다.,시설/공간,공공기관,경상북도,"대학생,일반인,일반기업,1인 창조기업","기업,누구나,스타트업,예비창업자,청년,초기창업기업","만 20세 미만,만 20세 이상 ~ 만 39세 이하,만 40세 이상",,,"1. 예비창업 또는 창업 후 7년 이내 창업 기업
2. 사업장 주소 : 구미소재 기업 및 구미(본사)로 이전 계획 기업
- 선정 후 60일 이내 본사 소재 및 근로자(대표 포함) 70% 이전 필

공고문 참고",,"예비창업자,1년미만,2년미만,3년미만,5년미만,7년미만",시설ㆍ공간ㆍ보육,20260803,20260824,,,온라인 접수: startup.geri.re.kr/,https://www.k-startup.go.kr/web/contents/bizpbanc-ongoing.do?schM=view&pbancSn=178772,main,primary,2026년구미시스타트업필드3차입주기업모집공고,공공기관,20260803~20260824,시설ㆍ공간ㆍ보육,시설ㆍ공간ㆍ보육
kst,178771,창업보육센터 지원,협성대학교 창업보육센터에서는 창업자 및 예비창업자에게 안정적인 창업 활동을 위한 공간 제공 및 창업 초기 기업의 지속 성장 기여를 위해 다음과 같이 신규 입주기업 및 예비창업자를 모집하오니 많은 관심과 참여 바랍니다.,시설/공간,교육기관,경기도,"청소년,대학생,일반인,대학,연구기관,일반기업,1인 창조기업","기업,누구나,청년,초기창업기업","만 20세 미만,만 20세 이상 ~ 만 39세 이하,만 40세 이상",,,"- 창업 후 7년 이내 중소기업
1) 사업개시일 : 법인등기일(법인), 사업자등록일(개인)
2) 입주조건 : 사업자등록증 내 본점을 협성대학교 창업보육센터로 지정

- 예비 창업자
1) 입주조건 : 입주 후 6개월 이내 협성대학교 창업보육센터를 본점으로 사업자 등록

중소기업창업 지원법 시행령 제4조에 해당되는 경우
1. 일반유흥주점업
2. 무도유흥주점업
3. 기타 사행시설 관리 및 운영업
4. 제1호부터 제3호까지의 규정에 준하는 업종으로서 중소벤처기업부령으로 정하는 업종",,"예비창업자,1년미만,2년미만,3년미만,5년미만,7년미만",시설ㆍ공간ㆍ보육,20260804,20260831,,,이메일 접수: sanhak@office.uhs.ac.kr,https://www.k-startup.go.kr/web/contents/bizpbanc-ongoing.do?schM=view&pbancSn=178771,main,primary,창업보육센터지원,교육기관,20260804~20260831,시설ㆍ공간ㆍ보육,시설ㆍ공간ㆍ보육
kst,178770,2026. 도봉구 외식업 창업 인큐배이팅랩 입주자 모집 공고,외식업 분양 창업 아이템을 구체화하고 시장성을 검증하여 경쟁력을 갖추고 창업할 수 있도록 시험공간을 제공하는 도봉구 외식업 창업 인큐베이팅 랩 입주자를 다음과 같이 모집합니다.,시설/공간,지자체,서울특별시,"청소년,대학생,일반인,대학,연구기관,일반기업,1인 창조기업","기업,누구나,예비창업자,청년,초기창업기업","만 20세 미만,만 20세 이상 ~ 만 39세 이하,만 40세 이상",,,"○ 예비창업자 또는 설립 3년 이내 초기 창업자 1명(팀)
     (모집분야: 간편조리 가능한 외식업)
○ 요건: 공고일(2026. 7. 24.) 기준 다음 요건을 모두 충족한 자
     - 주민등록상 도봉구민 또는 도봉구를 주 생활권으로 하는 자
     - 입주 후 2개월 이내 사업자등록이 가능한 자",,"예비창업자,1년미만,2년미만,3년미만",시설ㆍ공간ㆍ보육,20260803,20260807,,,"이메일 접수: amairo@dobong.go.kr
방문 접수: 서울시 도봉구 마들로 656  도봉구청 6층 지역경제과",https://www.k-startup.go.kr/web/contents/bizpbanc-ongoing.do?schM=view&pbancSn=178770,main,primary,2026도봉구외식업창업인큐배이팅랩입주자모집공고,지자체,20260803~20260807,시설ㆍ공간ㆍ보육,시설ㆍ공간ㆍ보육
kst,178769,구로구 청년창업지원센터_일반 창업교육,"본 교육은 예비·초기 창업자를 대상으로 창업 자금 마련을 위한 정부 지원사업의 종류와 초보자도 가능한 준비 절차를 안내하고, 정부지원사업을 효율적으로 활용할 수 있도록 돕기 위해 마련되었습니다. 지원사업 이해부터 신청 준비, 사업계획서 작성 방향, 실무 활용 방법까지 체계적으로 교육하여 창업 준비 및 사업 운영에 실질적인 도움이 될 수 있도록 구성되었습니다.",교육/멘토링,지자체,서울특별시,"대학생,일반인,대학,연구기관,일반기업,1인 창조기업","기업,누구나,청년,초기창업기업",만 20세 이상 ~ 만 39세 이하,20,39,19 ~ 39세 서울시 거주 청년 중 (예비)창업희망자 및 일반인,,"예비창업자,1년미만,2년미만,3년미만",멘토링ㆍ컨설팅ㆍ교육,20260803,20260819,,,온라인 접수: https://hive.dongyang.ac.kr/lecture/list.do?menu_idx=10,https://www.k-startup.go.kr/web/contents/bizpbanc-ongoing.do?schM=view&pbancSn=178769,main,primary,구로구청년창업지원센터일반창업교육,지자체,20260803~20260819,멘토링ㆍ컨설팅ㆍ교육,멘토링ㆍ컨설팅ㆍ교육
kst,178768,2026년 이천시 청년창업지원센터 입주기업 모집,"청강문화산업대학교 에서 위탁 운영중인 「이천시 청년창업지원센터」에서 혁신적인 기술과 아이디어를 보유한 (예비)창업자를 모집 합니다.
많은 관심과 참여 부탁 드립니다.",시설/공간,교육기관,경기도,"대학생,일반인,대학,연구기관,일반기업,1인 창조기업","기업,누구나,예비창업자,청년,초기창업기업","만 20세 이상 ~ 만 39세 이하,만 40세 이상",,,"■ 19세∼39세 이하 청년 창업자 또는 예비창업자
⦁예비창업자의 경우 입주 후 3개월 이내 사업자등록이 가능한 자
⦁기존창업자의 경우 공고일 기준 사업자등록 3년 미만인 자
※ 입주 직후 본 센터를 본점 주소지로 하여 사업자등록(예비창업자) 또는 사업자등록증 주소지 이전을 완료하여야 함

⦁지원제외업종: 금융 및 보험업, 부동산업, 숙박, 음식점업, 무도장, 스키장, 갬블링, 베팅업, 유흥접객영업(주점 등), 프랜차이즈업 등 지원이 부적합하다고 자체 판단 시
 ⦁국세 또는 지방세 체납자 
   (단, 분납 등을 통해 체납세금을 유예하고 있거나 현재 납부하고 있는 경우 가능) 
 ⦁신청서 및 사업계획서를 허위로 기재한 자 
 ⦁성년후견인(금치산자) 및 한정 성년후견인(한정치산자)
 ⦁기타 자체 심사위원회에서 지원 제외함이 타당하다고 인정하는 자",,"예비창업자,1년미만,2년미만,3년미만",시설ㆍ공간ㆍ보육,20260803,20260828,,,온라인 접수: https://icheonstartup.kr/resident_apply?mode=write&bi_ix=1,https://www.k-startup.go.kr/web/contents/bizpbanc-ongoing.do?schM=view&pbancSn=178768,main,primary,2026년이천시청년창업지원센터입주기업모집,교육기관,20260803~20260828,시설ㆍ공간ㆍ보육,시설ㆍ공간ㆍ보육
kst,178767,IP 디딤돌 프로그램,"인천지식재산센터는 인천시 관내 우수한 아이디어와 기술을 보유한 예비 창업자를 발굴하여 아이디어 창출에서 사업화까지 연계지원하고 있습니다.
 IP디딤돌 지원사업 중 지식재산 기반 창업교육인 IP창업존 50기 교육과정을 아래와 같이 운영하고자 하오니, 지식재산권 확보와 창업을 준비 중인 (예비)창업자들의 많은 참여 바랍니다.",교육/멘토링,민간,인천광역시,"청소년,대학생,일반인,대학,연구기관,일반기업,1인 창조기업","기업,누구나,청년,초기창업기업","만 20세 미만,만 20세 이상 ~ 만 39세 이하,만 40세 이상",,,"인천시민, (예비)창업자, 학생 등 25명 내외",,"예비창업자,1년미만",멘토링ㆍ컨설팅ㆍ교육,20260803,20260821,,,이메일 접수: surasis032@incham.net,https://www.k-startup.go.kr/web/contents/bizpbanc-ongoing.do?schM=view&pbancSn=178767,main,primary,ip디딤돌프로그램,민간,20260803~20260821,멘토링ㆍ컨설팅ㆍ교육,멘토링ㆍ컨설팅ㆍ교육
kst,178766,창업혁신공간(동부권) 운영(하남시),하남시 관내 우수인재를 발굴하여 라이브커머스를 진행할 수 있는 교육생을 양성하고자 하는 교육이오니 많은 관심과 참여 바랍니다,교육/멘토링,공공기관,경기도,"청소년,대학생,일반인,대학,연구기관,일반기업,1인 창조기업","기업,누구나,청년,초기창업기업","만 20세 미만,만 20세 이상 ~ 만 39세 이하,만 40세 이상",,,하남시 소재 거주자 및 사업장 임직원,,"예비창업자,1년미만,2년미만,3년미만,5년미만,7년미만,10년미만",멘토링ㆍ컨설팅ㆍ교육,20260803,20260904,,,온라인 접수: https://forms.gle/cxtWdUV4hFUJZEKFA,https://www.k-startup.go.kr/web/contents/bizpbanc-ongoing.do?schM=view&pbancSn=178766,main,primary,창업혁신공간동부권운영하남시,공공기관,20260803~20260904,멘토링ㆍ컨설팅ㆍ교육,멘토링ㆍ컨설팅ㆍ교육
kst,178765,해외진출 기업 대상 AI 통역 서비스 「아네스노트」 이용권 지원,"AI 실시간 통역·분석 서비스 「아네스노트(anessNote)」를 운영하는 (주)팀제로코드는 해외 진출 과정에서 언어 장벽을 겪고 있는 (예비)창업자 및 중소기업의 글로벌 비즈니스 활동을 지원하기 위하여, AI 통역 서비스 이용권 증정 프로그램 참여기업을 다음과 같이 모집합니다.",창업,민간,전국,"대학,연구기관,일반기업,1인 창조기업","기업,초기창업기업","만 20세 미만,만 20세 이상 ~ 만 39세 이하,만 40세 이상",,,"해외 바이어 상담, 수출 계약 협상, 해외 전시회 참가 등 해외 진출 과정에서 언어 장벽을 겪고 있는 국내 (예비)창업자 및 중소기업

- 본 프로그램을 통해 이용권을 이미 지급받은 기업 (기업당 1회 신청 가능)
- 신청 정보(기업명, 계정 이메일 등)가 사실과 다르거나 확인이 불가능한 경우",,"예비창업자,1년미만,2년미만,3년미만,5년미만,7년미만,10년미만",사업화,20260803,20260831,,,온라인 접수: https://forms.gle/KqmuaREPr1SHueM7A,https://www.k-startup.go.kr/web/contents/bizpbanc-ongoing.do?schM=view&pbancSn=178765,main,primary,해외진출기업대상ai통역서비스아네스노트이용권지원,민간,20260803~20260831,사업화,사업화
kst,178764,연구개발특구진흥재단 X HS효성/효성  2026년 오픈이노베이션 배치프로그램 참가기업 모집공고,"특구 내 유망 기술·기업을 발굴하여 오픈이노베이션 역량을 강화하고, HS효성/효성 계열사와의 기술·제품 수요 기반 비즈니스 피칭데이를 통해 공동사업화 및 PoC 추진 가능성을 검토하고자 「2026년 오픈이노베이션 배치프로그램」 참가기업을 다음과 같이 모집합니다.",행사/네트워크,민간,전국,"대학생,일반인,일반기업,1인 창조기업","기업,누구나,청년,초기창업기업","만 20세 이상 ~ 만 39세 이하,만 40세 이상",,,"연구소기업, 첨단기술기업 등 전국 연구개발특구 소재 기업
* 탄소·첨단 소재, IT/서비스, 핀테크/모바일 서비스 등 4개 분야",,"예비창업자,1년미만,2년미만,3년미만,5년미만,7년미만,10년미만",행사ㆍ네트워크,20260731,20260814,,,"온라인 접수: https://forms.gle/ShfjzKryfTHj8WyK7
이메일 접수: innocamp@betalab.ac",https://www.k-startup.go.kr/web/contents/bizpbanc-ongoing.do?schM=view&pbancSn=178764,main,primary,연구개발특구진흥재단xhs효성효성2026년오픈이노베이션배치프로그램참가기업모집공고,민간,20260731~20260814,행사ㆍ네트워크,행사ㆍ네트워크
kst,178763,2026 한국관광공사 관광기업지원센터 관광기업 역량강화 3차 교육,"관광기업의 역량강화를 위한 교육 참가계획을 다음과 같이 공고하오니, 참여를 희망하는 기업 및 임직원은 안내에 따라 신청하기 바랍니다.",교육/멘토링,공공기관,전국,"청소년,대학생,일반인,대학,연구기관,일반기업,1인 창조기업","기업,누구나,청년,초기창업기업","만 20세 미만,만 20세 이상 ~ 만 39세 이하,만 40세 이상",,,"관광 분야 스타트업 및 임직원, 예비 창업자 등",,"예비창업자,1년미만,2년미만,3년미만,5년미만,7년미만,10년미만",멘토링ㆍ컨설팅ㆍ교육,20260731,20260824,,,온라인 접수: https://docs.google.com/forms/d/e/1FAIpQLSdKu5_9HTvbGhhryym2DX1Afr_1ZoNOoeZL6Dy6nS5VKcZvwQ/viewform,https://www.k-startup.go.kr/web/contents/bizpbanc-ongoing.do?schM=view&pbancSn=178763,main,primary,2026한국관광공사관광기업지원센터관광기업역량강화3차교육,공공기관,20260731~20260824,멘토링ㆍ컨설팅ㆍ교육,멘토링ㆍ컨설팅ㆍ교육
kst,178762,2026 강원권 LIPS 민간운영사 연합 INVESTOR DAY 8월,"강원권 립스(LIPS) 민간 운영사 7개사 연합 INVESTOIR DAY를 운영하며, 참여기업을 모집합니다. 투자 및 LIPS 연계 검토를 희망하는 창업기업의 많은 관심과 참여 바랍니다.",행사/네트워크,공공기관,강원특별자치도,"일반인,대학,연구기관,일반기업,1인 창조기업","기업,누구나,초기창업기업","만 20세 이상 ~ 만 39세 이하,만 40세 이상",,,"투자검토 및 LIPS 연계를 희망하는 업력 1년 이상 창업기업

업력 1년 미만 창업기업",,"2년미만,3년미만,5년미만,7년미만,10년미만",행사ㆍ네트워크,20260804,20260824,,,온라인 접수: https://ccei.creativekorea.or.kr/gangwon/custom/notice_view.do?no=38536&rnum=1617&kind=my&sPtime=my,https://www.k-startup.go.kr/web/contents/bizpbanc-ongoing.do?schM=view&pbancSn=178762,main,primary,2026강원권lips민간운영사연합investorday8월,공공기관,20260804~20260824,행사ㆍ네트워크,행사ㆍ네트워크
kst,178761,스타트업 점프업스쿨,"예비·초기 창업기업의 역량 강화를 위해 다음과 같이 「2026년 스타트업 점프업 스쿨」 기술창업교육을 운영합니다.
참여를 희망하는 예비창업자 및 스타트업 대표께서는 아래 내용을 확인하시어 기간 내 신청하여 주시기 바랍니다.",교육/멘토링,공공기관,전국,"대학생,일반인,대학,연구기관,일반기업,1인 창조기업","기업,누구나,스타트업,예비창업자,청년,초기창업기업","만 20세 이상 ~ 만 39세 이하,만 40세 이상",,,성남시 기술기반 예비창업자 및 창업기업 임직원 (관외기업 별도 문의),,"예비창업자,1년미만,2년미만,3년미만,5년미만,7년미만,10년미만",멘토링ㆍ컨설팅ㆍ교육,20260731,20260814,,,온라인 접수: https://portal.snip.or.kr:8443/portal/snip/MainMenu/businessManagement/application.page?portlet=2026-0216&portlet2=4058&homeYn=Y,https://www.k-startup.go.kr/web/contents/bizpbanc-ongoing.do?schM=view&pbancSn=178761,main,primary,스타트업점프업스쿨,공공기관,20260731~20260814,멘토링ㆍ컨설팅ㆍ교육,멘토링ㆍ컨설팅ㆍ교육
kst,178759,26년 8월 스타트업 언론 홍보 지원사업 참가사 모집 공고(1차),스타트업 전문 매체 『스타트업데일리』에서 홍보에 어려움을 겪는 예비창업자/스타트업의 홍보 지원을 위해 다음과 같이 공고하오니 많은 참여 바랍니다.,창업,민간,전국,"청소년,대학생,일반인,대학,연구기관,일반기업,1인 창조기업","기업,누구나,스타트업,예비창업자,청년,초기창업기업","만 20세 미만,만 20세 이상 ~ 만 39세 이하,만 40세 이상",,,"1. 예비창업자
2. 창업 7년 이내 초기 기업

1. 이미 배포된 보도자료(중복)·동일한 내용으로 재보도(반복) 배포 불가
2. 단순 제품 홍보(건강기능식품, 화장품 등), 프로모션 홍보 등 과도한 광고성 문안 게재 불가",,"예비창업자,1년미만,2년미만,3년미만,5년미만,7년미만,10년미만",사업화,20260803,20260816,,,이메일 접수: contact@startupdaily.kr,https://www.k-startup.go.kr/web/contents/bizpbanc-ongoing.do?schM=view&pbancSn=178759,main,primary,26년8월스타트업언론홍보지원사업참가사모집공고1차,민간,20260803~20260816,사업화,사업화
kst,178757,창업혁신공간(동부권) 운영(하남시),경기도경제과학진흥원은 하남시에서 기술성이 높은 우수 기업을 발굴 및 지원하고자 아래와 같이 2026년 창업혁신공간(동부권) 하남시 스타트업 발굴 및 육성 지원사업 『이루다+』 참가기업을 모집하오니 지원을 희망하는 기업의 많은 관심과 참여를 바랍니다.,창업,공공기관,경기도,"청소년,대학생,일반인,대학,연구기관,일반기업,1인 창조기업","기업,누구나,예비창업자,청년,초기창업기업","만 20세 미만,만 20세 이상 ~ 만 39세 이하,만 40세 이상",,,"하남시 내 본사를 등록 또는 등록 예정인 7년 이내 기술창업 기업(예비창업자 포함)
 * 등록 예정에 해당하는 기업은 &apos;26년 9월 30일까지 등록 필수",,"예비창업자,1년미만,2년미만,3년미만,5년미만,7년미만",사업화,20260723,20260817,,,온라인 접수: https://forms.gle/WEma3K89j7ApN81B8,https://www.k-startup.go.kr/web/contents/bizpbanc-ongoing.do?schM=view&pbancSn=178757,main,primary,창업혁신공간동부권운영하남시,공공기관,20260723~20260817,사업화,사업화
kst,178756,[서울경제진흥원] 서울시 글로벌 창업행사 Try Everything 2026,"창업에 관심 있는 누구나 참여하는 글로벌 행사로, 컨퍼런스 세션 및 국내외 투자사·기업·기관·스타트업 간 1:1 현장 밋업을 통한 투자·협력 기회를 제공하고자 하니 많은 관심과 참여 바랍니다.",행사/네트워크,공공기관,서울특별시,"청소년,대학생,일반인,대학,연구기관,일반기업,1인 창조기업","기업,누구나,예비창업자,청년,초기창업기업","만 20세 미만,만 20세 이상 ~ 만 39세 이하,만 40세 이상",,,"예비창업자, 국내외 대·중견기업, 스타트업, VC/AC, 유관기관, 학생 등 창업/투자 생태계에 관심있는 누구나",,"예비창업자,1년미만,2년미만,3년미만,5년미만,7년미만,10년미만",행사ㆍ네트워크,20260731,20260908,,,온라인 접수: tryeverything.or.kr/,https://www.k-startup.go.kr/web/contents/bizpbanc-ongoing.do?schM=view&pbancSn=178756,main,primary,서울경제진흥원서울시글로벌창업행사tryeverything2026,공공기관,20260731~20260908,행사ㆍ네트워크,행사ㆍ네트워크
kst,178754,[서울과학기술대학교]SLA 3D프린터 장비교육,SLA 3D프린터 장비교육에 관심있는 예비창업자분들께서는 많은 신청바랍니다.,창업,교육기관,서울특별시,"청소년,대학생,일반인,대학,연구기관,일반기업,1인 창조기업","기업,누구나,예비창업자,청년,초기창업기업","만 20세 미만,만 20세 이상 ~ 만 39세 이하,만 40세 이상",,,예비창업자 및 7년 이내 초기창업자,,"예비창업자,1년미만,2년미만,3년미만,5년미만,7년미만",창업교육,20260814,20260824,,,이메일 접수: qazsec@seoultech.ac.kr,https://www.k-startup.go.kr/web/contents/bizpbanc-ongoing.do?schM=view&pbancSn=178754,main,primary,서울과학기술대학교sla3d프린터장비교육,교육기관,20260814~20260824,창업교육,창업교육
kst,178753,[서울과학기술대학교]3D프린터 장비교육,3D프린터에 관심있는 창업자분들은 많은 신청 바랍니다.,창업,교육기관,서울특별시,"청소년,대학생,일반인,대학,연구기관,일반기업,1인 창조기업","기업,누구나,예비창업자,청년,초기창업기업","만 20세 미만,만 20세 이상 ~ 만 39세 이하,만 40세 이상",,,예비창업자 및 초기창업자,,"예비창업자,1년미만,2년미만,3년미만,5년미만,7년미만",창업교육,20260731,20260806,,,이메일 접수: qazsec@seoultech.ac.kr,https://www.k-startup.go.kr/web/contents/bizpbanc-ongoing.do?schM=view&pbancSn=178753,main,primary,서울과학기술대학교3d프린터장비교육,교육기관,20260731~20260806,창업교육,창업교육
kst,178752,[혁신창업캠프]청년 창업자를 위한 창업 인사이트 캠프,"창업교육, 선배창업가 패널토크, 네트워킹에 참여할 수 있는 창업 캠프 프로그램을 운영합니다. 
청년 예비창업자/초기창업자 분들의 많은 관심과 참여 바랍니다.",창업,지자체,서울특별시,"대학생,일반인,대학,연구기관,일반기업,1인 창조기업","기업,누구나,청년,초기창업기업",만 20세 이상 ~ 만 39세 이하,20,39,청년 예비 및 초기창업자(1987년 이후 출생자),,"예비창업자,1년미만,2년미만,3년미만,5년미만,7년미만,10년미만",창업교육,20260730,20260816,,,온라인 접수: https://www.checkin-gwanak.or.kr/core/?cid=58&role=programvopn&pSeq=1236&tab=,https://www.k-startup.go.kr/web/contents/bizpbanc-ongoing.do?schM=view&pbancSn=178752,main,primary,혁신창업캠프청년창업자를위한창업인사이트캠프,지자체,20260730~20260816,창업교육,창업교육
kst,178751,2026년 창업기업 오프라인 팝업스토어 및 기획전 입점기업 모집공고,중소벤처기업부와 한국중소벤처기업유통원에서는 우수 중소기업 제품의 팝업스토어 및 오프라인 기획전 입점기업 모집을 아래와 같이 공고하오니 많은 관심과 참여를 바랍니다.,판로/수출,공공기관,전국,일반기업,"기업,초기창업기업","만 20세 미만,만 20세 이상 ~ 만 39세 이하,만 40세 이상",,,"① 창업 후 7년이내 기업 (신청마감일 기준 7년이내)
② 4대 소비재 품목(뷰티, 패션, 라이프, 푸드)의 제조·판매 분야의 국내 창업중소기업",,7년미만,판로ㆍ해외진출,20260720,20260807,,,온라인 접수: https://fanfandaero.kr/portal/v2/preSprtBizPbancDetail.do?sprtBizCd=202616080200&sprtBizTrgtYn=N&groupNo=,https://www.k-startup.go.kr/web/contents/bizpbanc-ongoing.do?schM=view&pbancSn=178751,main,primary,2026년창업기업오프라인팝업스토어및기획전입점기업모집공고,공공기관,20260720~20260807,판로ㆍ해외진출,판로ㆍ해외진출
kst,178750,2026년 서귀포시 스타트업타운(STARTUPTOWN) 입주기업 2기 하반기 모집 (~8/18 마감),서귀포시 스타트업타운에서는 제주 지역에 특화된 인큐베이팅 및 액셀러레이팅을 통해 우수한 스타트업을 발굴하고 육성하기 위해 ‘2026년 스타트업타운 입주기업 2기 하반기 모집’을 공고하오니 많은 참여 바랍니다.,시설/공간,민간,제주특별자치도,"일반인,대학,연구기관,일반기업,1인 창조기업","기업,누구나,스타트업,초기창업기업","만 20세 이상 ~ 만 39세 이하,만 40세 이상",,,"가.  서귀포시에 사업자 설립 또는 설립(이전) 예정인 3년 초과 7년 이내 청년사업자
     ※ 창업 후 3년 초과 ~ 7년 이내 기준
		- 창업일이 2019년 8월 18일 ~ 2023년 8월 17일 이내인 사업자
		- 3년 초과는 37개월부터 해당하며, 공고마감일 기준 산정
	※ 창업일 기준
      - (개인사업자) 사업자등록증 상 ‘개업연월일’
      - (법인사업자) 법인등기부등본 상 ‘회사성립연월일’
		- ‘24~’25년 서귀포시 창업지원시설 졸업기업은 본 공고문에서 정한 창업 업력 요건(3년          초과~7년 이내)을 적용하지 아니함
       (스타트업베이, 스타트업베이 글로벌센터, 제주중장년기술창업센터)
		※ 서귀포시 거주 및 소재 사업자 우대
	 ※ 선정자는 정해진 기간 내 서귀포시 스타트업타운에 사업자등록(개인/법인) 조건 있음.
         세부사항 『6. 선정자의 의무』 참고

가. 신청제한 사업분야(아이템)
- 공해, 소음 및 환경오염 유발물질 배출, 도박, 부동산, 다단계, 보험, 정치, 종교 등에 해당하는 업종
- 중소기업창업지원법 및 동법 시행령의 중소기업 창업지원 제외 업종
- 타인의 아이디어, 기술 등을 명백히 모방하거나 도용한 기업
   ※ 모방으로 인해 발생 되는 모든 민·형사상의 책임은 참가자 본인에게 있음
   - 국세 또는 지방세 체납중인 자(기업)   - 금융기관등의 채무불이행 또는 휴·폐업중인 자(기업)
   - 기타 입주심사위원회에서 부적합하다고 인정하는 자(기업)
   - 타 중앙정부, 지자체, 공공기관의 창업사업화 지원 사업(공간제공)을 수행중인 자",,"5년미만,7년미만",시설ㆍ공간ㆍ보육,20260731,20260818,,,온라인 접수: https://startupbay.or.kr/acc/?bmode=view&idx=172768809&back_url=Lw%3D%3D&t=board&page=1,https://www.k-startup.go.kr/web/contents/bizpbanc-ongoing.do?schM=view&pbancSn=178750,main,primary,2026년서귀포시스타트업타운startuptown입주기업2기하반기모집818마감,민간,20260731~20260818,시설ㆍ공간ㆍ보육,시설ㆍ공간ㆍ보육
kst,178748,2026 KB스타터스 전문가 세미나,2026 KB스타터스 전문가 세미나 모집을 다음과 같이 공고하오니 참여를 희망하는 창업팀은 안내 따라 신청하기 바랍니다.,교육/멘토링,공공기관,전국,"청소년,대학생,일반인,대학,연구기관,일반기업,1인 창조기업","기업,누구나,청년,초기창업기업","만 20세 미만,만 20세 이상 ~ 만 39세 이하,만 40세 이상",,,"M&A, 세무, 회계, 투자 전문가가 필요한 투자팀",,"예비창업자,1년미만,2년미만,3년미만,5년미만,7년미만,10년미만",멘토링ㆍ컨설팅ㆍ교육,20260731,20260821,,,온라인 접수: https://event-us.kr/kbinnovationhub/event/130278,https://www.k-startup.go.kr/web/contents/bizpbanc-ongoing.do?schM=view&pbancSn=178748,main,primary,2026kb스타터스전문가세미나,공공기관,20260731~20260821,멘토링ㆍ컨설팅ㆍ교육,멘토링ㆍ컨설팅ㆍ교육
kst,178747,「2026 청년창업 지역정착 지원사업」 신규참여자 3차 추가모집,"경상북도 및 시·군과 (재)경상북도경제진흥원은 경상북도 지역자원을 활용한 창업 및 지역정착 지원을 통해 지역활력을 도모할 청년 참여자를 다음과 같이 추가모집하오니, 많은 참여 바랍니다.",창업,공공기관,경상북도,일반인,"누구나,예비창업자,청년",만 20세 이상 ~ 만 39세 이하,20,39,"① 만 19세 이상 만 39세 이하(1986. 1. 2. ~ 2007. 1. 1. 출생)의 대한민국 국민으로서 사업참여 배제 사유가 없는 자

신청자는 최초 공고일(2026.08.03.) 전일 기준 경상북도 외에 주소를 두어야 함
경상북도 내 주소지를 둔 청년은 경상북도 외 지역 거주자와 함께 팀으로 참여 가능

② 개인 또는 팀별(최대 2인) 참여 가능

경상북도 내 주소지를 둔 청년은 단독으로 신청할 수 없으며, 경상북도 외 지역 거주자와 팀을 구성하여 신청 가능
팀으로 신청할 경우 선정 이후 공동대표 사업자등록을 원칙으로 하며, 부득이한 경우 대표자 1인이 구성원을 고용하는 형태로 고용보험 가입 필요

① 정부·도·시군에서 지원하는 창업지원사업 또는 귀농·귀촌 지원사업 등 타 재정지원사업 참여자(중복지원 불가)

② 경상북도 내 주소지를 둔 청년 단독 신청자

③ 운영기관이 요구하는 신청서류 미제출자

④ 사업 선정 후 약정기일까지 주소지를 해당 시·군으로 이전하지 않는 자

⑤ 사업 선정 이후에도 직장생활 또는 학업(학·석·박사)을 지속할 계획인 자

⑥ 사업 선정 이후에도 취업 또는 기존 사업자를 유지하려는 자
※ 취업자 및 기창업자는 협약일로부터 1개월 이내 퇴사·폐업 조건으로 참여 가능

⑦ 도시청년시골파견제 등 지역주도형 청년일자리사업, 청년커플창업지원, 예비창업가육성사업 등 경상북도 및 경북경제진흥원 창업지원사업 참여 이력이 있는 자

⑧ 지병, 건강쇠약 등 사업수행이 어렵거나 운영지침상 신청 제한 또는 취소 사유에 해당하는 자

※ 자격요건 및 자세한 사항은 모집공고문 참고",,예비창업자,사업화,20260803,20260814,,,이메일 접수: gepa02@gepa.kr,https://www.k-startup.go.kr/web/contents/bizpbanc-ongoing.do?schM=view&pbancSn=178747,main,primary,2026청년창업지역정착지원사업신규참여자3차추가모집,공공기관,20260803~20260814,사업화,사업화
kst,178746,「2026 산업단지 오픈이노베이션 프로그램」 KICXUP 챌린지 & 로컬 스타트업 모집 공고,"한국산업단지공단과 신용보증기금에서 산업단지 오픈이노베이션 생태계 활성화를 위해 「2026 KICXUP 챌린지 & 로컬 프로그램」을 아래와 같이 실시하고자 하오니, 참여를 희망하는 혁신 스타트업의 많은 지원 바랍니다.",창업,공공기관,전국,"대학생,일반인,대학,연구기관,일반기업,1인 창조기업","기업,누구나,스타트업,예비창업자,청년,초기창업기업","만 20세 이상 ~ 만 39세 이하,만 40세 이상",,,"산업단지 수요기업과 기술 협업을 희망하는 국 내외 스타트업

* 공고일 기준 업력 7년 이하 법인 및 예비창업자(대학 및 연구기관 포함)
* 개인사업자

* 초격차 10대 분야 등 딥테크 분야 스타트업의 경우 업력 10년 이하
  (10대 분야) ➊ 시스템반도체 ➋ 바이오·헬스 ➌ 미래 모빌리티 ➍ 친환경·에너지 ➎ 로봇  ➏ AI·빅데이터 ➐ 사이버보안·네트워크 
                           ➑ 우주항공·해양 ➒ 차세대원전 ➓ 양자기술

채무불이행: 금융기관 등으로부터 채무불이행으로 규제 중인 자 또는 기업
세금 체납: 국세 또는 지방세를 체납 중인 기업
부정행위 이력: 서류 위·변조, 거짓이나 부정한 방법으로 사업에 참여하여 제재 조치를 받은 이력이 있는 자
제외 업종: 주된 사업의 업종이 지원 대상 업종(유흥업, 숙박업, 부동산업 등)에 해당하지 않는 경우",,"예비창업자,7년미만",사업화,20260731,20260812,,,온라인 접수: https://forms.gle/dNu1nhhXtTLeefNg9,https://www.k-startup.go.kr/web/contents/bizpbanc-ongoing.do?schM=view&pbancSn=178746,main,primary,2026산업단지오픈이노베이션프로그램kicxup챌린지로컬스타트업모집공고,공공기관,20260731~20260812,사업화,사업화
kst,178745,2026 벤처확인 인증준비기업 맞춤형 무료 진단 지원사업,"벤처기업확인인증은 기업의 자금조달, 정부지원사업 참여 시 가점 확보, 세제 혜택 등 다양한 제도적 지원을 받을 수 있는 핵심 인증입니다.
벤처기업확인 맞춤형 진단평가를 통해 기업 경쟁력을 강화하고자 참여를 희망하시는 분은 아래 신청링크로 신청해주시기 바랍니다.
사전진단 및 컨설팅은 무료로 진행되며，선발된 기업에게 개별 안내됩니다．",창업,민간,전국,"일반기업,1인 창조기업","기업,예비창업자,초기창업기업","만 20세 미만,만 20세 이상 ~ 만 39세 이하,만 40세 이상",,,"- 벤처기업확인 인증을 준비하는 스타트업 및 중소기업
- 벤처확인 신청을 준비하면서, 실질적인 서류 작성 방법과 현장 실사 대응 전략이 필요한 기업
- 정책자금 우대 및 정부 지원사업 참여 시 가점을 받기 위해 벤처 인증을 필요로 하는 기업
- 소득세·법인세 등의 세제 혜택을 고려하여 벤처기업 인증을 추진 중인 기업

- 벤처기업에 포함되지 않는 업종 ( 일반 유흥 주점업, 무도 유흥 주점업, 기타 주점업, 블록체인 기반 암호화 자산 매매 및 중개업, 기타 사행시설 관리 운영업, 무도장 운영업)
- 신청일 기준 회사 설립이 완료되지 않은 기업 (예비창업자)
- 국제 또는 지방세 체납으로 규제 중인 자
- 공고 마감일 기준 휴업 중인 기업, 금융기관 등으로부터 채무불이행으로 규제 중인 자 또는 기업",,"1년미만,2년미만,3년미만,5년미만,7년미만,10년미만",사업화,20260803,20260831,,,온라인 접수: https://m.site.naver.com/29ex4,https://www.k-startup.go.kr/web/contents/bizpbanc-ongoing.do?schM=view&pbancSn=178745,main,primary,2026벤처확인인증준비기업맞춤형무료진단지원사업,민간,20260803~20260831,사업화,사업화
kst,178744,2026년 『G-Bio Funding Lab』 경기 바이오스타트업 투자유치 역량강화 참가기업 모집 공고,"경기도경제과학진흥원은 성장 잠재력이 높은 바이오산업 분야 창업기업을 발굴하고 투자유치 역량강화 및 투자연계 지원을 통해 경기도 바이오 스타트업 생태계를 활성화 하고자 다음과 같이 참가기업 모집 공고를 진행하오니, 많은 관심과 참여 바랍니다.",창업,공공기관,경기도,"대학생,일반인,일반기업,1인 창조기업","기업,누구나,스타트업,예비창업자,청년,초기창업기업","만 20세 미만,만 20세 이상 ~ 만 39세 이하,만 40세 이상",,,"경기도 내 본사/지사/연구소/공장을 등록(예정)한 7년 이내 기술창업 법인기업, 개인사업자, 예비창업자
    *권역외기업 : 협약일로부터 1개월 이내 본사/지사/연구소/공장 이전·등록을 확약한 기업
    *예비창업자 : 협약일로부터 1개월 이내 관내 사업자 등록을 완료한 기업
    *창업기업 : 중소기업창업지원법상의 창업기업으로 ’19.07.28. 이후 사업을 개시한 자  (법인등기부등본 상의 회사설립연월일)

‣ 접수기간 내 신청서 및 필수 첨부서류를 제출하지 않았거나 제출서류의 내용이 허위로 확인된 경우
‣ 금융기관 등으로부터 채무불이행, 금융질서 문란 등의 사유로 규제를 받고 있거나 국세 또는 지방세를 체납하고 있는 기업
‣ 법정관리, 회생절차 또는 이에 준하는 절차가 진행 중인 기업
‣ 대기업 또는 중견기업에 해당하는 경우
‣ 공고일 기준 신청기업 또는 신청기업의 대표자가 정부·지방자치단체·공공기관의 지원사업 참여제한 또는 제재를 받고 있는 경우
‣ 「법 위반 기업 지원 제한 기준 고시」에 따라 지원이 제한되는 기업
‣ 국가·지방자치단체·공공기관의 지원사업에서 사업비 부정수급, 목적 외 사용, 허위보고 등의 사유로 제재를 받고있는 기업
‣ 동일하거나 유사한 사업내용으로 국가·지방자치단체·공공기관의 다른 지원사업에서 사업비를 중복하여 지원받고있는 기업
‣ 신청일 현재 휴업 또는 폐업 중이거나 정상적으로 사업을 영위하지 않는 기업
‣ 그 밖에 사업목적, 지원요건 및 관련 규정 등을 고려하여 진흥원장이 참여제한이 필요하다고 인정하는 기업",,"예비창업자,1년미만,2년미만,3년미만,5년미만,7년미만",사업화,20260728,20260814,,,온라인 접수: https://forms.gle/FfNP9F6xGZ5a1NsW7,https://www.k-startup.go.kr/web/contents/bizpbanc-ongoing.do?schM=view&pbancSn=178744,main,primary,2026년gbiofundinglab경기바이오스타트업투자유치역량강화참가기업모집공고,공공기관,20260728~20260814,사업화,사업화
kst,178743,[글로벌] 2026 BIOHEALTH GLOBAL BRIDGE : JOHNS HOPKINS / HIKMA 프로그램 참가기업 모집,"서울창조경제혁신센터에서는 국내 유망 바이오 · 헬스케어 창업기업의 미국 및 글로벌 시장 진출과 글로벌 연구기관·제약사와의 파트너링 기회를 지원합니다.
Johns Hopkins Technology Ventures(JHTV) 및 HIKMA Pharmaceuticals 와의 협력을 희망하는 혁신적인 아이디어와 우수한 기술을 보유한 창업기업의 많은 참여 바랍니다 .",판로/수출,공공기관,전국,"청소년,대학생,일반인,대학,연구기관,일반기업,1인 창조기업","기업,누구나,청년,초기창업기업","만 20세 미만,만 20세 이상 ~ 만 39세 이하,만 40세 이상",,,공고일기준 업력 10년 이내 바이오헬스 분야 창업기업,,"예비창업자,1년미만,2년미만,3년미만,5년미만,7년미만,10년미만",글로벌,20260730,20260819,,,온라인 접수: https://docs.google.com/forms/d/144FQt1vFMpcC5_e3pqYqUpr4BQ9hOdTg7Ystr0HqKWI/edit,https://www.k-startup.go.kr/web/contents/bizpbanc-ongoing.do?schM=view&pbancSn=178743,main,primary,글로벌2026biohealthglobalbridgejohnshopkinshikma프로그램참가기업모집,공공기관,20260730~20260819,글로벌,글로벌
kst,178742,2026년 8월 동네창업학교 교육생 모집 공고,충남신용보증재단에서 충남지역 청년 예비창업자와 중소기업 및 소상공인의 사업 역량 강화를 위해 2026년 8월 동네창업학교 교육생을 모집합니다.,창업,공공기관,전국,"대학생,일반인,대학,연구기관,일반기업,1인 창조기업","기업,누구나,예비창업자,청년,초기창업기업","만 20세 미만,만 20세 이상 ~ 만 39세 이하",,,"- 충청남도 내 창업 예정인 청년 예비창업자 또는
- 충청남도 소재 사업장을 운영 중인 청년 기창업자(업종제한 없음)
 *(청년) 19세 이상 39세 이하(1986년 1월 3일 ~ 2007년 1월 2일)",,"예비창업자,1년미만,2년미만,3년미만,5년미만,7년미만,10년미만",창업교육,20260706,20260813,,,온라인 접수: https://www.cnsinbo.co.kr/reservation/educationView.do?m=1003&seq=426,https://www.k-startup.go.kr/web/contents/bizpbanc-ongoing.do?schM=view&pbancSn=178742,main,primary,2026년8월동네창업학교교육생모집공고,공공기관,20260706~20260813,창업교육,창업교육
kst,178741,2026년 여성CEO 비즈니스 아카데미 서울권역 시즌 2,"안녕하세요. 2026년, 기업의 변화와 성장을 준비하는 여성 CEO 여러분!
2026년은 정책, 경제, 트렌드, 기술 등 다양한 분야에서 큰 변화가 이루어지고 있으며, 이에 발맞춰 새로운 성장 전략을 준비해야 할 중요한 시기입니다.「2026 여성 CEO 비즈니스 아카데미 권역별 교육」은 기업의 다음 단계 성장을 고민하는 여성 CEO들에게 실질적이고 의미 있는 인사이트를 제공하기 위해 마련된 권역별 오픈특강입니다. 8월 27일(목) 삼정호텔에서 진행하는 서울권역 시즌 2를 진행합니다. 많은 관심 및 참여부탁드립니다.",창업,민간,서울특별시,"일반인,일반기업,1인 창조기업","기업,누구나,여성,초기창업기업",만 40세 이상,40,,기업의 성장을 고민하는 여성CEO,,"1년미만,2년미만,3년미만,5년미만,7년미만,10년미만",창업교육,20260730,20260819,,,온라인 접수: https://forms.gle/ECnEtZfGsYvMosJD6,https://www.k-startup.go.kr/web/contents/bizpbanc-ongoing.do?schM=view&pbancSn=178741,main,primary,2026년여성ceo비즈니스아카데미서울권역시즌2,민간,20260730~20260819,창업교육,창업교육
kst,178740,2026년 스타 IR 데모데이 참여기업 모집공고(4차),"스타에셋파트너스(주)에서 2026년 스타 IR 데모데이를 통해 F&B 및 프랜차이즈 분야 창업 생태계 활성화 및 투자 유치 기회를 제공하고자 하오니, 관련 예비창업자 및 창업기업들의 적극적인 관심과 많은 참여 바랍니다.",행사/네트워크,민간,전국,"일반인,대학,일반기업,1인 창조기업","기업,누구나,예비창업자,초기창업기업","만 20세 이상 ~ 만 39세 이하,만 40세 이상",,,F&B 및 프랜차이즈 분야 예비창업자 및 7년 이내 초기 창업자,,"예비창업자,1년미만,2년미만,3년미만,5년미만,7년미만",행사ㆍ네트워크,20260801,20260831,,,이메일 접수: sap@starasset.co.kr,https://www.k-startup.go.kr/web/contents/bizpbanc-ongoing.do?schM=view&pbancSn=178740,main,primary,2026년스타ir데모데이참여기업모집공고4차,민간,20260801~20260831,행사ㆍ네트워크,행사ㆍ네트워크
kst,178739,용인시 AI 데이터 기반 창업 지원 참여자 추가 모집,"AI 서비스 개발의 핵심 기반이 되는 데이터 구축․가공․품질관리 등 AI 데이터 생산과정에 대한 이해를 갖춘 예비창업자를 발굴․육성하여, 지역 기반 AI 서비스를 개발하고 지역 인재와 함께 성장하는 AI 창업 생태계를 조성합니다.",창업,민간,전국,"청소년,대학생,일반인,대학,연구기관,일반기업,1인 창조기업","기업,누구나,예비창업자,청년,초기창업기업","만 20세 미만,만 20세 이상 ~ 만 39세 이하,만 40세 이상",,,"AI 또는 데이터 기반 제품․서비스를 개발하고자 하는 예비창업자

다음 각 호의 요건을 모두 충족하는 자
1. 용인시에 사업장(본사)을 설립할 계획이 있는 예비창업자
2. AI 데이터 생산과정(데이터 구축·가공·검수·품질관리 등)에 대한 이해
를 바탕으로 AI 또는 데이터 기반 창업 아이템을 고도화하고자 하는 자
3. AI 서비스 개발에 필요한 데이터 구축·가공·품질관리 역량 확보를 위하여 창업팀 내 1인 이상이 AI 데이터 직무교육을 반드시 이수할 수 있는 자",,예비창업자,사업화,20260727,20260731,,,이메일 접수: wtjob@hamkke.org,https://www.k-startup.go.kr/web/contents/bizpbanc-ongoing.do?schM=view&pbancSn=178739,main,primary,용인시ai데이터기반창업지원참여자추가모집,민간,20260727~20260731,사업화,사업화
kst,178738,재도전·혁신캠퍼스 운영,재창업 아이디어 경진대회를 다음과 같이 공고하오니 참여를 희망하는 재창업자는 안내에 따라 신청하기 바랍니다.,시설/공간,공공기관,전국,"대학생,일반인,대학,연구기관,일반기업,1인 창조기업","기업,누구나,청년,초기창업기업","만 20세 미만,만 20세 이상 ~ 만 39세 이하,만 40세 이상",,,"◦ 신청자격 : 예비 재창업자, 재창업 3년 미만 창업자 또는 폐업 위기 창업자",,"예비창업자,1년미만,2년미만,3년미만,5년미만,7년미만,10년미만",시설ㆍ공간ㆍ보육,20260730,20260821,,,이메일 접수: wonhee9321@ccei.kr,https://www.k-startup.go.kr/web/contents/bizpbanc-ongoing.do?schM=view&pbancSn=178738,main,primary,재도전혁신캠퍼스운영,공공기관,20260730~20260821,시설ㆍ공간ㆍ보육,시설ㆍ공간ㆍ보육
kst,178737,2026년 하반기 화성시 벤처인증 비용 지원사업,화성산업진흥원에서는 화성동탄테크노폴 벤처기업육성촉진지구 지정에 따른 관내 벤처기업 육성사업을 시행하오니 많은 관심과 지원 바랍니다.,자금,공공기관,경기도,"청소년,대학생,일반인,대학,연구기관,일반기업,1인 창조기업","기업,누구나,청년,초기창업기업","만 20세 미만,만 20세 이상 ~ 만 39세 이하,만 40세 이상",,,"(지원대상) 벤처기업 인증을 취득한* 화성시 소재** 중소기업    ※ 벤처기업 확인서 유효기간 시작일이 2026. 2. 23. 이후인 기업
   * 2026. 2. 23.로부터 공고마감일 이내 신규 및 재확인 인증 취득 
 ** 화성시 관내 본사를 두고 있는 기업(※ 공장 및 연구소 제외)",,"예비창업자,1년미만,2년미만,3년미만,5년미만,7년미만,10년미만",정책자금,20260715,20261015,,,온라인 접수: https://platform.hsbiz.or.kr/business/detail/N/1251,https://www.k-startup.go.kr/web/contents/bizpbanc-ongoing.do?schM=view&pbancSn=178737,main,primary,2026년하반기화성시벤처인증비용지원사업,공공기관,20260715~20261015,정책자금,정책자금
kst,178736,2026년 「차세대 반도체 패키징 산업전 시스템반도체 OSAT 전문교육(세미나)」 개최,"2026년 「차세대 반도체 패키징 산업전 시스템반도체 OSAT 전문교육(세미나)」를 개최하오니 많은 관심과 신청 바랍니다.
※ 신청방법 : 
① 포스터 내 QR 코드 스캔
② 포스터 내 링크주소 접속",행사/네트워크,공공기관,전국,"청소년,대학생,일반인,대학,연구기관,일반기업,1인 창조기업","기업,누구나,청년,초기창업기업","만 20세 미만,만 20세 이상 ~ 만 39세 이하,만 40세 이상",,,교육(세미나) 참여 희망자,,"예비창업자,1년미만,2년미만,3년미만,5년미만,7년미만,10년미만",행사ㆍ네트워크,20260730,20260827,,,온라인 접수: https://m.site.naver.com/2d2tC,https://www.k-startup.go.kr/web/contents/bizpbanc-ongoing.do?schM=view&pbancSn=178736,main,primary,2026년차세대반도체패키징산업전시스템반도체osat전문교육세미나개최,공공기관,20260730~20260827,행사ㆍ네트워크,행사ㆍ네트워크
kst,178733,AI Platform Startup Enabling Program,"글로벌벤처센터(GVC)는 AI 기반 플랫폼 서비스를 만들고 싶은 예비창업자와 초기 스타트업을 모집합니다.
아이템 검증부터 MVP 개발, 글로벌 런칭, 투자 연계까지 창업 과정을 함께하는 Startup Builder 사업화 육성 프로그램입니다.",창업,민간,전국,"청소년,대학생,일반인,대학,연구기관,일반기업,1인 창조기업","기업,누구나,예비창업자,청년,초기창업기업","만 20세 미만,만 20세 이상 ~ 만 39세 이하,만 40세 이상",,,"예비창업자 또는 창업 3년 이내 기업
AI·플랫폼·SaaS·데이터 기반 서비스 아이템 보유자
MVP 개발 및 서비스 출시를 목표로 하는 팀 또는 개인
글로벌 시장 진출을 계획하거나 AI를 활용한 플랫폼 비즈니스를 준비 중인 창업자
프로그램 기간 동안 성실하게 참여 가능한 개인 또는 팀

신청 내용이 허위이거나 제출서류가 사실과 다른 경우
금융기관 채무불이행 또는 관련 법령에 따라 정부 지원사업 참여가 제한된 경우
단순 아이디어 수준으로 사업화 의지가 없는 경우
프로그램 운영 목적과 부합하지 않는 업종 또는 아이템",,"예비창업자,1년미만,2년미만,3년미만,5년미만,7년미만,10년미만",사업화,20260729,20260805,,,온라인 접수: https://global.venture.center/launchpad,https://www.k-startup.go.kr/web/contents/bizpbanc-ongoing.do?schM=view&pbancSn=178733,main,primary,aiplatformstartupenablingprogram,민간,20260729~20260805,사업화,사업화
kst,178732,[코레일유통/본사] 제9차 청년창업 제휴사업자 모집공고,"코레일유통(주) 청년창업 지원사업에 따른 매장 운영자 모집공고를 시행하오니, 참여를 희망하는 예비창업자 및 청년창업자는 참여해 주시길 바랍니다.
■ 공고대상 매장 : 압구정로데오역 맞이방(분식/43.0㎡), 천안역 동부맞이방(커피/40.0㎡)
■ 접수방법 : 코레일유통(주) 홈페이지 https://www.korailretail.com - 파트너십 - 청년창업 지원안내/공고 - 청년창업 신규공고
■ 비고사항 : [붙임8] 청년창업 전자입찰프로세스 매뉴얼 확인 必",시설/공간,공공기관,전국,"대학생,일반인","누구나,예비창업자,청년",만 20세 이상 ~ 만 39세 이하,20,39,"1. 공고일 기준 만 18세 이상 39세 이하
2. 공고일 기준 사업자등록을 하지 않은 예비창업자 또는 창업 후 3년 이하인 ｢중소기업기본법｣ 제2조 2항에 따른 소기업을 영위하는 자
(대표자 연령 조건 충족해야 함)
3. 계약 체결 후 7일 이내 일반과세 사업자등록이 가능하고 시설투자 가능자
4. 프랜차이즈 미가맹 사업자로, 고유의 브랜드 및 레시피로 운영가능한 자

- 회사와 특수관계에 있는 자 또는 공공성 확보를 위해 다음에 해당하는 경우 참가를 제한
1. 코레일유통(주) 청년창업 지원매장 운영자로 선정된 자와 그 배우자 및 직계혈족
2. 코레일유통(주) 부정당업체로 지정된 업체(자)와 그 배우자 및 직계혈족
3. 기존 계약자(공고일 기준)
① 우리사 편의점 및 자판기 관련 계약 중이거나 과거 계약 이력이 있는 자와 그 배우자 및 직계혈족
② 우리사 상설전문점 운영 중이거나 과거 계약 이력이 있는 자와 그 배우자 및 직계혈족
4. 회사와 특수관계인 관련(공고일 기준)
① 모집시작일 기준 퇴직 후 2년이 경과 하지 않은 전직 임직원의 직계혈족
② 모집시작일 기준 한국철도공사 및 그 계열사에 재직 중인 임직원과 그 배우자 및 직계혈족
5. 공고일 현재 상업시설 운영 중인 자로 점포 수 확대를 목적으로 지원하는 자와 그 배우자 및 직계혈족",,예비창업자,시설ㆍ공간ㆍ보육,20260731,20260810,,,온라인 접수: www.korailretail.com,https://www.k-startup.go.kr/web/contents/bizpbanc-ongoing.do?schM=view&pbancSn=178732,main,primary,코레일유통본사제9차청년창업제휴사업자모집공고,공공기관,20260731~20260810,시설ㆍ공간ㆍ보육,시설ㆍ공간ㆍ보육
kst,178731,[국토교통부 x 물류산업진흥재단] 2026 물류상생 Meet-up 행사 기술기업 모집,국토교통부·물류산업진흥재단이 물류 수요기업의 현장 과제를 해결할 기술기업을 모집합니다. 수요기업 과제 기반 1:1 매칭이 제공되며 최우수 기술기업에게는 국토부장관상을 수여합니다.,행사/네트워크,민간,전국,"일반인,대학,연구기관,일반기업,1인 창조기업","기업,누구나,초기창업기업","만 20세 미만,만 20세 이상 ~ 만 39세 이하,만 40세 이상",,,"○ 사업자등록증을 보유한 법인·개인사업자
○ 물류 현장에 적용 가능한 기술·서비스를 보유하고, 실제 적용 사례 또는 검증 이력을 보유한 기업
○ 수요(물류)기업과 직접 미팅·실증(PoC)에 참여할 의지가 있는 기업",,"예비창업자,1년미만,2년미만,3년미만,5년미만,7년미만,10년미만",행사ㆍ네트워크,20260729,20260831,,,온라인 접수: http://www.klip.or.kr/notice/notice.php?mode=v&idx=11564&code=notice&cate_idx=,https://www.k-startup.go.kr/web/contents/bizpbanc-ongoing.do?schM=view&pbancSn=178731,main,primary,국토교통부x물류산업진흥재단2026물류상생meetup행사기술기업모집,민간,20260729~20260831,행사ㆍ네트워크,행사ㆍ네트워크
kst,178730,한계를 뛰어넘는 연구와 기술에 투자하다 hosted by ARIA × Antler Korea 밋업,도전적인 과학기술 연구와 프런티어 기술의 새로운 가능성을 모색하는 「한계를 뛰어넘는 연구와 기술에 투자하다 hosted by ARIA × Antler Korea 밋업」 참가자를 다음과 같이 모집합니다.,행사/네트워크,민간,전국,"청소년,대학생,일반인,대학,연구기관,일반기업,1인 창조기업","기업,누구나,청년,초기창업기업","만 20세 미만,만 20세 이상 ~ 만 39세 이하,만 40세 이상",,,"본 행사는 일반적인 창업·네트워킹 행사가 아닌,  새로운 과학기술의 방향을 제시하고 고난도 연구개발을 주도할 수 있는 연구자, 기술 리더 및 창업자를 대상으로 합니다.

다음 중 하나 이상에 해당하는 과학자, 연구자, AI 엔지니어, 딥테크 및 라이프사이언스 창업자, 기술 전문가, 산업 관계자의 참여를 권장합니다. 신청 후 승인된 80명만 참여가 가능합니다. 

- 도전적이고 성과 지향적인 과학·기술 프로젝트를 주도했으며, 어려운 문제에 대해 기존과 다른 접근 방식을 탐구하는 분
- 딥테크, 라이프사이언스, AI, 로보틱스, 반도체, 에너지 등 과학기술 분야의 연구자 또는 기술 전문가
- 대학, 연구기관, 기업에서 연구 또는 기술개발 프로젝트를 주도한 경험이 있는 분
- 논문, 특허, 기술 상용화, 제품 개발 등 구체적인 연구·기술 성과를 보유한 분
- 딥테크 또는 라이프사이언스 스타트업의 창업자, CTO 및 핵심 기술 책임자
- ARIA Programme Director 또는 고위험·고성과 연구 지원 프로그램에 관심 있는 분

단순 참관이나 일반적인 네트워킹보다, 전문 분야에서 명확한 연구 경험과 기술적 성과 또는 독창적인 문제의식을 보유한 분에게 적합한 행사입니다.

본 행사의 취지 및 참가 대상과 관련성이 낮은 경우 참가 승인이 제한될 수 있습니다.

- 단순 홍보, 영업 또는 투자 권유만을 목적으로 신청한 경우
- 신청 정보가 불충분하거나 사실과 다른 경우
- 행사 운영 및 다른 참가자의 참여를 방해할 우려가 있는 경우
- 주최 측의 사전 승인 없이 행사 장소를 제3자에게 공유하는 경우",,"예비창업자,1년미만,2년미만,3년미만,5년미만,7년미만,10년미만",행사ㆍ네트워크,20260729,20260817,,,온라인 접수: https://luma.com/h68bhif1,https://www.k-startup.go.kr/web/contents/bizpbanc-ongoing.do?schM=view&pbancSn=178730,main,primary,한계를뛰어넘는연구와기술에투자하다hostedbyariaantlerkorea밋업,민간,20260729~20260817,행사ㆍ네트워크,행사ㆍ네트워크
kst,178729,2026년 국토교통 중소벤처기업 투자유치설명회 참여기업 모집 공고,"국토교통 분야 혁신기술, 지식재산권을 보유한 중소·벤처기업의 사업화 역량 강화 및 사업화 자금(운영·시설자금) 확보를 지원하기 위한 “국토교통 중소·벤처기업 투자유치설명회” 참여기업을 모집하오니 많은 신청 바랍니다.",행사/네트워크,공공기관,전국,일반기업,"기업,예비창업자","만 20세 이상 ~ 만 39세 이하,만 40세 이상",,,"◻ (모집대상) 국토교통 분야 기업 성장단계 및 업력별
   - 투자유치 컨설팅은 희망 기업 중 선정평가시 별도 선발하여 지원 예정

   * (성장단계) Pre-Seed, Seed / Pre-A, Series A / Series A 이상
  ** (업력별) 예비창업자 / 1∼3년차 / 3년차 이상(장기업력 포함) 
 *** (참고) 국토교통 12대 S.T.A.R 관련 분야자율협력 주행, 도심항공교통(UAM), 초고속하이퍼튜브, 이용자 중심 모빌리티, 디지털 물류체계, 탄소중립도시, Net Zero 건축, 액화수소 인프라, 디지털 트윈 공간정보, 초연결스마트도시, 스마트건설, 스마트빌딩(제2차 국토교통과학기술종합계획 참조)",,"예비창업자,7년미만,10년미만",행사ㆍ네트워크,20260728,20260814,,,온라인 접수: https://hub.kaia.re.kr/organSupportHub.do/view?suppId=203&orgKind=ORG_KIND_1&curPage=,https://www.k-startup.go.kr/web/contents/bizpbanc-ongoing.do?schM=view&pbancSn=178729,main,primary,2026년국토교통중소벤처기업투자유치설명회참여기업모집공고,공공기관,20260728~20260814,행사ㆍ네트워크,행사ㆍ네트워크
kst,178727,소셜벤처 창업 플랫폼 운영 활성화,"기술기반의 혁신성과 성장 가능성을 갖춘 (예비)창업기업 및 사회적 가치와 지속가능한 경영을 추구하는 소셜벤처의 안정적인 성장을 지원하기 위하여 입주기업을 모집하오니, 관심 있는 (예비)창업자의 많은 신청 바랍니다.",시설/공간,공공기관,대전광역시,"청소년,대학생,일반인,대학,연구기관,일반기업,1인 창조기업","기업,누구나,예비창업자,청년,초기창업기업","만 20세 미만,만 20세 이상 ~ 만 39세 이하,만 40세 이상",,,"모집공고일(‘26.7.27.)기준 창업 7년 미만 창업자(기업) 및 예비창업자

- 창업보육센터 등 타 창업지원기관 입주자(본점·지점·기업부설연구소 포함) (단, 대전창업허브 입주 전 퇴거 시 입주 신청 가능)
- 기존 대전창업허브 졸업기업(기 입주기업)
- 소음·진동·폐수 등 공해 다발업종 사업자
- 휴·폐업 중인 자
- 기타 부적합 하다고 인정되는 자",,"예비창업자,1년미만,2년미만,3년미만,5년미만,7년미만",시설ㆍ공간ㆍ보육,20260728,20260811,,,이메일 접수: sjnam@ccei.kr,https://www.k-startup.go.kr/web/contents/bizpbanc-ongoing.do?schM=view&pbancSn=178727,main,primary,소셜벤처창업플랫폼운영활성화,공공기관,20260728~20260811,시설ㆍ공간ㆍ보육,시설ㆍ공간ㆍ보육
kst,178726,2026년 세종 스타트업 원스톱 지원센터 아카데미 2차,2026년 세종 스타트업 원스톱 지원센터 아카데미 2차 모집을 다음과 같이 공고하오니 참가를 희망하는 창업기업은 안내에 따라 신청하기 바랍니다.,창업,민간,세종특별자치시,"일반인,일반기업,1인 창조기업","기업,누구나,스타트업,초기창업기업","만 20세 미만,만 20세 이상 ~ 만 39세 이하,만 40세 이상",,,세종시 소재 (예비)창업기업,,"예비창업자,1년미만,2년미만,3년미만,5년미만,7년미만,10년미만",창업교육,20260727,20260824,,,온라인 접수: https://moaform.com/q/PmNvXC,https://www.k-startup.go.kr/web/contents/bizpbanc-ongoing.do?schM=view&pbancSn=178726,main,primary,2026년세종스타트업원스톱지원센터아카데미2차,민간,20260727~20260824,창업교육,창업교육
kst,178725,앤틀러코리아 | ANTLER FORGE 참여 기업 모집,앤틀러코리아 ANTLER FORGE 프로그램 참여 기업 모집을 위한 웨비나를 진행하오니 창업자들의 많은 참여 바랍니다.,행사/네트워크,민간,전국,"청소년,대학생,일반인,대학,연구기관,일반기업,1인 창조기업","기업,누구나,예비창업자,청년,초기창업기업","만 20세 미만,만 20세 이상 ~ 만 39세 이하,만 40세 이상",,,"다음에 해당하는 국내외 기술 스타트업 및 창업팀

이미 제품(MVP 이상) 또는 초기 시장 배포 사례를 보유한 팀
기업 고객 대상 제품 검증, PoC 또는 상용화를 준비 중인 팀
한국 및 아시아 시장 진출을 검토하고 있는 팀
기업 고객의 피드백을 바탕으로 빠르게 제품을 개선하고자 하는 팀
Antler Forge 레지던시 및 투자 기회에 관심 있는 팀

※ 권장 단계는 Seed~Pre-Series A이며, 투자 단계보다 제품 준비도와 창업팀의 실행력을 중요하게 평가합니다.

아이디어만 보유한 예비창업자 또는 제품이 없는 팀
기업 고객 대상 검증 및 상용화를 목표로 하지 않는 팀
Antler Forge 레지던시 참여가 어려운 팀
영어 피칭이 어려운 팀",,"예비창업자,1년미만,2년미만,3년미만",행사ㆍ네트워크,20260729,20260813,,,온라인 접수: https://luma.com/every-ahqm,https://www.k-startup.go.kr/web/contents/bizpbanc-ongoing.do?schM=view&pbancSn=178725,main,primary,앤틀러코리아antlerforge참여기업모집,민간,20260729~20260813,행사ㆍ네트워크,행사ㆍ네트워크
kst,178724,"청년 창업의 꿈, 『성동청년 창업이룸센터』 입주자 모집 공고【9차】",「서울특별시 성동구 청년창업공간 설치 및 운영에 관한 조례」에 따라 청년창업을 지원하여 청년의 우수한 사업 능력을 배양하고 일자리 창출에 기여하기 위하여 건립한 “성동청년 창업이룸센터” 입주자 모집을 다음과 같이 공고합니다.,시설/공간,민간,서울특별시,"대학생,일반인,대학,연구기관,일반기업,1인 창조기업","기업,누구나,예비창업자,청년,초기창업기업","만 20세 미만,만 20세 이상 ~ 만 39세 이하",,,"- 청년 예비창업자 (※공고일 기준 성동구에 주민등록을 두고 있으며 입주 계약을 체결한 날부터 3개월 이내에 창업 예정인 만 39세 이하의 청년예비창업자)
- 청년 창업기업 (※공고일 기준 성동구에 사업자 등록을 하였거나, 입주 계약을 체결한 날부터 5개월 이내에 성동구로 사업자 등록을 이전 예정이며, 대표자가 만 39세 이하인 창업 7년 이내의 청년 창업기업)
- 창업 유관기관 (※엑셀러레이터 및 벤처캐피탈 등 투자기관, 기술거래기관 등 기술사업화 전문기관, 기타 대학 기술창업 관련 단체 등 청년창업 지원을 위한 창업 유관기관)

국세 또는 지방세 체납으로 규제 중인 개인 및 기업
금융기관 등으로부터 채무불이행으로 규제 중인 개인 및 기업
신청일 현재 휴업 중인 기업
중소기업창업지원법 시행령 제4조(창업에서 제외되는 업종)의 업종
제출서류
 제출서류(첨부파일 참고)",,"예비창업자,1년미만,2년미만,3년미만,5년미만,7년미만",시설ㆍ공간ㆍ보육,20260729,20260812,,,"이메일 접수: sdstartup7@gmail.com
방문 접수: 서울특별시 성동구 왕십리로 137 성동청년 창업이룸센터 (평일 9시~18시)",https://www.k-startup.go.kr/web/contents/bizpbanc-ongoing.do?schM=view&pbancSn=178724,main,primary,청년창업의꿈성동청년창업이룸센터입주자모집공고9차,민간,20260729~20260812,시설ㆍ공간ㆍ보육,시설ㆍ공간ㆍ보육
kst,178723,수원남문시장 「이어가게·열어가게」 창업아카데미 참여자 모집,수원남문시장 상인의 가업승계와 업종전환을 지원하고 예비창업자의 성공적인 창업을 돕기 위한 「이어가게·열어가게 창업아카데미」 참여자를 다음과 같이 모집하오니 많은 관심과 신청 바랍니다.,교육/멘토링,공공기관,경기도,"대학생,일반인,1인 창조기업","누구나,청년,초기창업기업","만 20세 이상 ~ 만 39세 이하,만 40세 이상",,,"1. 이어가게 과정 : 가업승계 또는 업종전환을 희망하는 수원남문시장 상인
2.  열어가게 과정 : 수원남문시장 내 신규 창업 또는 추가 창업을 준비하는 분",,"예비창업자,1년미만,2년미만,3년미만,5년미만,7년미만,10년미만",멘토링ㆍ컨설팅ㆍ교육,20260729,20260807,,,온라인 접수: https://sscf2016.or.kr/board_view.do?mn_key=03010000&brd_key=1&srch_page=1&bbs_key=202607231504320397,https://www.k-startup.go.kr/web/contents/bizpbanc-ongoing.do?schM=view&pbancSn=178723,main,primary,수원남문시장이어가게열어가게창업아카데미참여자모집,공공기관,20260729~20260807,멘토링ㆍ컨설팅ㆍ교육,멘토링ㆍ컨설팅ㆍ교육
kst,178722,"""스타트업이 알아야 할 스테이블코인이 바꾸는 금융의 미래"" 비대면 교육 모집",서울핀테크랩에서는 디지털 자산에 관심 있는 스타트업을 대상으로 제18회 FIN-아카데미 '스타트업을 위한 스테이블코인이 바꾸는 금융의 미래' 교육을 운영합니다.,교육/멘토링,공공기관,전국,"청소년,대학생,일반인,대학,연구기관,일반기업,1인 창조기업","기업,누구나,스타트업,청년,초기창업기업","만 20세 미만,만 20세 이상 ~ 만 39세 이하,만 40세 이상",,,디지털 자산 및 블록체인에 관심 있는 스타트업 등 누구나,,"예비창업자,1년미만,2년미만,3년미만,5년미만,7년미만,10년미만",멘토링ㆍ컨설팅ㆍ교육,20260728,20260906,,,온라인 접수: https://forms.gle/fpqq4Whavn5oi9VJ9,https://www.k-startup.go.kr/web/contents/bizpbanc-ongoing.do?schM=view&pbancSn=178722,main,primary,스타트업이알아야할스테이블코인이바꾸는금융의미래비대면교육모집,공공기관,20260728~20260906,멘토링ㆍ컨설팅ㆍ교육,멘토링ㆍ컨설팅ㆍ교육
kst,178721,2026년 2nd S.Stage 개최 안내,"서울창조경제혁신센터에서 8월 3일(월)부터 8월 30일(일)까지
2026년 2nd S.Stage 프로그램을 개최합니다.
우수 스타트업분들의 많은 관심 부탁 드립니다.",행사/네트워크,공공기관,전국,"청소년,대학생,일반인,대학,연구기관,일반기업,1인 창조기업","기업,누구나,청년,초기창업기업","만 20세 미만,만 20세 이상 ~ 만 39세 이하,만 40세 이상",,,"- 토스뱅크: 사업자 계좌 연계 솔루션, 포용금융, 비이자수익, 리테일자산관리, 해외뱅킹, 기타
- 한국평가데이터: 리스크 관리, 데이터 자산화, 내부통제, 업무 자동화
- 현대홈쇼핑: 차별화 상품 발굴 및 혁신소재/기술 협업을 통한 상품 개발, AI 등 Tech 기반 시스템 개선을 통한 업무 효율화, 기타 협업 가능한 비즈니스
- DB손해보험: 고객 일상케어, 영업지원&제휴, 신상품 개발, 기타 
- LG화학: 반도체 소재/접착제, 자동차(EV 포함) 로봇 항공/드론, AI Datacenter ESS에너지",,"예비창업자,1년미만,2년미만,3년미만,5년미만,7년미만,10년미만",행사ㆍ네트워크,20260803,20260830,,,온라인 접수: https://scceioi.kr/2026/2nd_sstage,https://www.k-startup.go.kr/web/contents/bizpbanc-ongoing.do?schM=view&pbancSn=178721,main,primary,2026년2ndsstage개최안내,공공기관,20260803~20260830,행사ㆍ네트워크,행사ㆍ네트워크
kst,178720,1인 창조기업 지원센터,벤처창업 도전 활성화를 위하여 춘천시 1인 창조기업 지원센터에서는 우수한 아이디어를 가진 예비창업자 및 1인 기업을 다음과 같이 모집하오니 많은 관심과 참여바랍니다.,시설/공간,공공기관,전국,"청소년,대학생,일반인,대학,연구기관,일반기업,1인 창조기업","기업,누구나,예비창업자,청년,초기창업기업","만 20세 미만,만 20세 이상 ~ 만 39세 이하,만 40세 이상",,,"1. 예비창업자 
입주일 기준 사업자(개인, 법인) 등록이 없는 자로
예비 1인 창조기업 또는 예비 일반 창업자
(예비창업자의 경우 입주일 기준 6개월 이내 사업자등록 필수)

2. 1인 창조기업 : 1인 창조기업 육성에 관한 법률에 의한 1인 창조기업

3. 일반 창업기업 : 1인 창조기업에 해당하지 않은 7년 이내 창업기업

부동산업 등 대통령령으로 정하는 업종을 영위하는 자 ☞ 공고문 내 별표1 참조

- 건강보험 자격득실 확인서상 직장가입자 (※ 별도 승인 후 입주 가능)",,"예비창업자,1년미만,2년미만,3년미만,5년미만,7년미만",시설ㆍ공간ㆍ보육,20260728,20260814,,,"이메일 접수: conebiz@c-onebiz.or.kr
방문 접수: 강원 춘천시 공지로 305 4층 춘천시1인창조기업지원센터",https://www.k-startup.go.kr/web/contents/bizpbanc-ongoing.do?schM=view&pbancSn=178720,main,primary,1인창조기업지원센터,공공기관,20260728~20260814,시설ㆍ공간ㆍ보육,시설ㆍ공간ㆍ보육
kst,178719,2026 대덕특구 딥테크 혁신성장 플랫폼(전략기술 발굴 및 매칭),새로운 성장동력인 국가전략기술 분야의 시장 선점을 위해 공공기술을 활용하여 신속한 사업화를 추진하는 기업을 지원합니다.,창업,공공기관,전국,"청소년,대학생,일반인,대학,연구기관,일반기업,1인 창조기업","기업,누구나,청년,초기창업기업","만 20세 미만,만 20세 이상 ~ 만 39세 이하,만 40세 이상",,,"1. 대중견기업 오픈이노베이션 프로그램 운영자
2. 중견기업 및 중소기업 신사업 스핀오프 사업부
3. 스타트업 및 중소기업
4. 투자기관/지원기관",,"예비창업자,1년미만,2년미만,3년미만,5년미만,7년미만,10년미만",사업화,20260801,20260831,,,온라인 접수: https://docs.google.com/forms/d/e/1FAIpQLSfVEzugVpfKUMlCAN0ZqPArVro-WH4Rnp6BAMwo_K0vaT0U5Q/viewform,https://www.k-startup.go.kr/web/contents/bizpbanc-ongoing.do?schM=view&pbancSn=178719,main,primary,2026대덕특구딥테크혁신성장플랫폼전략기술발굴및매칭,공공기관,20260801~20260831,사업화,사업화
kst,178718,[KEA] 	 IoT제품 개발 지원 및 빅데이터 분석 과제기획 수요기업 모집,"가전기업은 단순 기능 중심을 넘어 IoT기반 지능형 제품으로의 전환이 필요한 시점입니다.
이에 보유한 제품과 데이터를 바탕으로 IoT제품 개발 및 데이터 분석 과제 기획을 지원하는 프로그램을 안내드립니다.",교육/멘토링,민간,전국,일반기업,기업,"만 20세 이상 ~ 만 39세 이하,만 40세 이상",,,"IoT가전 전자 디바이스 제품 개발을 준비중이거나 보유한 기업
제품 데이터 활용이 필요하지만 내부 인력이  부족한 기업
AI 데이터기반 신규 서비스/ BM을 고민 중인 기업",,"3년미만,5년미만,7년미만,10년미만",멘토링ㆍ컨설팅ㆍ교육,20260728,20260831,,,온라인 접수: https://www.gokea.org/core/?cid=47&uid=52820&page=1&role=view,https://www.k-startup.go.kr/web/contents/bizpbanc-ongoing.do?schM=view&pbancSn=178718,main,primary,keaiot제품개발지원및빅데이터분석과제기획수요기업모집,민간,20260728~20260831,멘토링ㆍ컨설팅ㆍ교육,멘토링ㆍ컨설팅ㆍ교육
kst,178717,제5회 김해스타트업 창업캠프 참여기업 모집 공고,"(재)김해의생명산업진흥원에서 진행하는 김해창업카페 및 메이커팩토리 사업과 관련하여 관내 비즈니스 발굴 및 창업자(예비창업자) 역량 강화를 위한『제5회 김해스타트업 창업캠프 참가기업』을 모집하오니, 관심있는 기업들의 많은 참여 바랍니다.",행사/네트워크,공공기관,경상남도,"청소년,대학생,일반인,대학,연구기관,일반기업,1인 창조기업","기업,누구나,스타트업,청년,초기창업기업","만 20세 미만,만 20세 이상 ~ 만 39세 이하,만 40세 이상",,,김해소재 7년이내 스타트업 및 (예비)창업자,,7년미만,행사ㆍ네트워크,20260728,20260809,,,온라인 접수: https://forms.gle/h778ZacQA45WhbYy9,https://www.k-startup.go.kr/web/contents/bizpbanc-ongoing.do?schM=view&pbancSn=178717,main,primary,제5회김해스타트업창업캠프참여기업모집공고,공공기관,20260728~20260809,행사ㆍ네트워크,행사ㆍ네트워크
kst,178716,2026년 특허출원·등록 비용 바우처 지원사업 10차(하반기 3차),"(사)한국중소기업발전협회의 2026년 특허출원·등록 비용 바우처 
지원사업 시행계획을 다음과 같이 공고하오니, 동 사업에 참여하여 지원을 
받고자 하는 기업은 안내에 따라 신청하시기 바랍니다.",창업,민간,전국,"일반인,연구기관,일반기업,1인 창조기업","기업,누구나,예비창업자,초기창업기업","만 20세 미만,만 20세 이상 ~ 만 39세 이하,만 40세 이상",,,"스타트업, 중소기업, 1인기업, 예비창업자, 연구소 등",,"예비창업자,1년미만,2년미만,3년미만,5년미만,7년미만,10년미만",사업화,20260801,20260814,,,이메일 접수: ip@ceo-korea.org,https://www.k-startup.go.kr/web/contents/bizpbanc-ongoing.do?schM=view&pbancSn=178716,main,primary,2026년특허출원등록비용바우처지원사업10차하반기3차,민간,20260801~20260814,사업화,사업화
kst,178715,2026년 예비창업패키지 특화분야(소셜벤처) 창업준비 아카데미 교육생 모집(~7/30),"벤처기업협회는 소셜벤처 창업을 희망하는 예비창업자분들의 창업 역량 강화를 위해「2026 창업준비 아카데미」 교육생을 모집합니다.
소셜벤처 개념 이해부터 사업계획서 작성 기초까지, 준비된 창업가로 성장하기 위한 교육 프로그램으로, 많은 관심과 참여 바랍니다.",창업,민간,서울특별시,"청소년,대학생,일반인","누구나,예비창업자,청년","만 20세 미만,만 20세 이상 ~ 만 39세 이하,만 40세 이상",,,서울 권역 내 창업을 희망하는 예비창업자 누구나,,예비창업자,창업교육,20260723,20260731,,,온라인 접수: https://forms.gle/gPpkBXZgWgmnMcgP7,https://www.k-startup.go.kr/web/contents/bizpbanc-ongoing.do?schM=view&pbancSn=178715,main,primary,2026년예비창업패키지특화분야소셜벤처창업준비아카데미교육생모집730,민간,20260723~20260731,창업교육,창업교육
kst,178714,디캠프 8월 오피스아워 #벤처투자·#사업협력 모집,"스타트업의 ‘만남’이 다음 투자와 협업으로 이어질 수 있도록, 디캠프 8월 오피스아워 참가 스타트업을 모집합니다.
이번 8월 디캠프 오피스아워에는 국내외 주요 투자사 11곳과 현대건설, 콜로세움코퍼레이션, SK에너지 등 사업협력 파트너가 함께합니다.
기업의 성장 단계와 산업 분야에 맞는 투자사를 1:1로 만나 투자 가능성을 논의하고, 건설·물류·에너지 현장의 실제 수요를 바탕으로 PoC와 후속 사업협력 기회도 확인해 보세요.
투자사와 산업 파트너를 한자리에서 만나 #투자유치와 #사업협력의 다음 기회를 만들어 보세요.",교육/멘토링,민간,전국,"일반기업,1인 창조기업","기업,초기창업기업","만 20세 미만,만 20세 이상 ~ 만 39세 이하,만 40세 이상",,,투자유치 또는 사업협력 멘토링이 필요한 스타트업,,"예비창업자,1년미만,2년미만,3년미만,5년미만,7년미만,10년미만",멘토링ㆍ컨설팅ㆍ교육,20260727,20260811,,,온라인 접수: https://bit.ly/4wvYx7R,https://www.k-startup.go.kr/web/contents/bizpbanc-ongoing.do?schM=view&pbancSn=178714,main,primary,디캠프8월오피스아워벤처투자사업협력모집,민간,20260727~20260811,멘토링ㆍ컨설팅ㆍ교육,멘토링ㆍ컨설팅ㆍ교육
kst,178713,2026년 제 5회 경남 스타트업 IR「A.C.E(에이스) 경진대회」오픈리그 참여기업 모집 공고,"경상남도 내 창업유관기관의 창업기업 추천을 통해 경남지역 내 창업기업의 성장 
및 도약까지 창업기업의 성장주기별 맞춤형 엑셀러레이팅을 지원하는 「2026년 제 
5회 경남 스타트업 IR 「A.C.E(에이스) 경진대회」 오픈리그에 참여할 설립 7년 
미만의 초기 창업기업을 모집하오니 많은 관심과 참여 부탁드립니다.",행사/네트워크,공공기관,경상남도,"일반인,일반기업","기업,누구나,스타트업","만 20세 이상 ~ 만 39세 이하,만 40세 이상",,,경남지역 내 7년 미만 (예비)창업자,,7년미만,행사ㆍ네트워크,20260716,20260810,,,온라인 접수: www.lynup.kr/ace2026,https://www.k-startup.go.kr/web/contents/bizpbanc-ongoing.do?schM=view&pbancSn=178713,main,primary,2026년제5회경남스타트업irace에이스경진대회오픈리그참여기업모집공고,공공기관,20260716~20260810,행사ㆍ네트워크,행사ㆍ네트워크
kst,178712,[서울경제진흥원] 서울시 글로벌 창업행사  Try Everything 2026],"Try Everything 2026 1:1 현장 밋업을 개최하여, 국내외 투자사·기업·기관·스타트업이 한자리에 모여 상호 투자 기회와 협력 방안을 모색하는 자리를 마련하고자 하니 많은 관심과 참여 부탁드립니다.",행사/네트워크,공공기관,서울특별시,"청소년,대학생,일반인,대학,연구기관,일반기업,1인 창조기업","기업,누구나,청년,초기창업기업","만 20세 미만,만 20세 이상 ~ 만 39세 이하,만 40세 이상",,,"국내외 대·중견기업, 스타트업, VC/AC, 유관기관 등  창업/투자 생태계에 관심있는 누구나",,"예비창업자,1년미만,2년미만,3년미만,5년미만,7년미만,10년미만",행사ㆍ네트워크,20260728,20260802,,,온라인 접수: https://tryeverything.or.kr/,https://www.k-startup.go.kr/web/contents/bizpbanc-ongoing.do?schM=view&pbancSn=178712,main,primary,서울경제진흥원서울시글로벌창업행사tryeverything2026,공공기관,20260728~20260802,행사ㆍ네트워크,행사ㆍ네트워크
kst,178711,2027 서울관광플라자 신규 입주 스타트업 모집 공고,서울관광재단은 서울 관광 발전에 기여할 서울관광플라자 입주 스타트업을 모집하오니 많은 신청바랍니다.,시설/공간,공공기관,서울특별시,"일반인,일반기업","기업,누구나,스타트업","만 20세 이상 ~ 만 39세 이하,만 40세 이상",,,"「중소기업창업지원법」제2조 제3항에 따른 창업기업으로서 서울 관광 활성화 관련 사업을 영위하는 공고일 기준(26. 7. 28) 창업 7년 미만의 개인 또는 법인사업자

다음 각 호에 해당하는 경우 신청 불가
       -「중소기업창업지원법 시행령」제 4조에 해당하는 기업
       - 중앙정부, 지자체, 공공기관, 대학 창업보육센터, 지역관광기업지원센터 등 타 지원시설에 입주 중이며 2026. 12. 31.까지 퇴거가 불가능한 기업
       - 공고일 이후 신규 설립 기업
       - 금융기관 채무불이행 또는 신용불량 상태인 기업
       - 국세 혹은 지방세 체납 기업
       - 신청일 기준 휴·폐업 기업
       - 과거 본 시설 입주 지원을 받은 기업
       - 기타 관련 법령에 따라 지원이 제한되는 기업※ 중소기업창업지원법 시행령 제4조 근거 유흥․사행성 및 미풍양속 저해 업종 제외",,"1년미만,2년미만,3년미만,5년미만,7년미만",시설ㆍ공간ㆍ보육,20260728,20260817,,,온라인 접수: https://forms.gle/sLfXMoqr4jxgCzog8,https://www.k-startup.go.kr/web/contents/bizpbanc-ongoing.do?schM=view&pbancSn=178711,main,primary,2027서울관광플라자신규입주스타트업모집공고,공공기관,20260728~20260817,시설ㆍ공간ㆍ보육,시설ㆍ공간ㆍ보육
kst,178710,[8월 창업 온라인 교육] K-2026 창업 초보를 위한 창업 A-Z 교육,"하우그로우 원격평생교육원에서는 8월 창업 교육에 참여할 참여자를 모집 중에 있으니 많은 신청 바랍니다.
참여를 원하시는 분은 첨부드린 링크의 구글폼을 제출하여 신청 부탁드리겠습니다.",교육/멘토링,교육기관,전국,"일반인,일반기업,1인 창조기업","기업,누구나,초기창업기업","만 20세 미만,만 20세 이상 ~ 만 39세 이하,만 40세 이상",,,"(예비)창업자, 기창업자, 교육 수강 희망자

- 국세 또는 지방세 체납으로 규제중인 자
- 공고일 기준 금융기관 등으로부터 채무불이행으로 규제중인 자
- 중소기업 창업지원법 시행령 제4조*의 창업 제외 업종 해당자
* 일반유흥주점업, 무도유흥주점업, 기타 사행시설 관리 및 운영업 등에 준하는 업종",,"예비창업자,1년미만,2년미만,3년미만,5년미만,7년미만,10년미만",멘토링ㆍ컨설팅ㆍ교육,20260728,20260827,,,온라인 접수: http://forms.gle/3Q1QYwBfQPoSGRLd6,https://www.k-startup.go.kr/web/contents/bizpbanc-ongoing.do?schM=view&pbancSn=178710,main,primary,8월창업온라인교육k2026창업초보를위한창업az교육,교육기관,20260728~20260827,멘토링ㆍ컨설팅ㆍ교육,멘토링ㆍ컨설팅ㆍ교육
kst,178709,2026년 창업진흥원 정책 아이디어 공모전,창업진흥원은 창업 환경을 개선할 수 있는 실현 가능성 높은 아이디어 발굴을 위해 '2026년 창업진흥원 정책 아이디어 공모전' 참여자를 아래와 같이 모집합니다.,행사/네트워크,공공기관,전국,"청소년,대학생,일반인,대학,연구기관,일반기업,1인 창조기업","기업,누구나,청년,초기창업기업","만 20세 미만,만 20세 이상 ~ 만 39세 이하,만 40세 이상",,,"창업, 지역상생·동반성장 관련 정책 아이디어나 관심이 있는 자(개인)

창업진흥원 임직원",,"예비창업자,1년미만,2년미만,3년미만,5년미만,7년미만,10년미만",행사ㆍ네트워크,20260803,20260903,,,온라인 접수: https://www.k-startup.go.kr/web/contents/webPMSBizUnvs.do?returnUrl=/screen/BMO1201M01?cermnPbancId=10984&pbancType=event,https://www.k-startup.go.kr/web/contents/bizpbanc-ongoing.do?schM=view&pbancSn=178709,main,primary,2026년창업진흥원정책아이디어공모전,공공기관,20260803~20260903,행사ㆍ네트워크,행사ㆍ네트워크
kst,178708,용인시산업진흥원 2026년 제3차 창업지원센터 입주기업 모집공고(~8/19 수 16시까지),용인시산업진흥원에서 창업지원센터와 함께 성장하고자 하는 우수하고 유망한 입주기업을 모집하오니 많은 신청 바랍니다.,시설/공간,공공기관,전국,"일반인,일반기업,1인 창조기업","기업,누구나,예비창업자,초기창업기업","만 20세 이상 ~ 만 39세 이하,만 40세 이상",,,"□ 공고일 기준 사업 개시 7년 미만 기업 및 예비창업자
❍ 창업지원센터(동백) : 바이오헬스 분야 (디지털 헬스케어, Age-Tech, 의료기기, 바이오의약, 유전체분석, 건강기능식품, 뷰티·코스메틱, 재활·돌봄 로봇, AI 융합 한의학,AI 기반 진단·처방 솔루션 등)기업
❍ 창업지원센터(영덕): AI·반도체 분야 (반도체 설계·제조·소재부품장비 관련 업종, AI 모델·서비스·하드웨어 등)기업
❍ 창업지원센터(역북): 全산업 기업
※ 개인사업자: 사업자등록증 개업일 기준 / 법인사업자: 법인설립등기일 기준
※ 센터별 모집분야 및 상세 신청자격 확인 후 신청 요망
※ 창업지원센터 입주 호실별 입주부담금 및 면적 확인 후 신청 必
※ 창업지원센터 동백, 영덕, 역북 중 1개 센터만 신청 가능(중복신청 불가)
※ 자세한 내용은 첨부된 공고문 참조

□ 아래에 해당하는자 또는 기업은 신청불가
❍ 중소기업창업지원법 시행령 제4조(창업에서 제외되는 업종)
1. 일반유흥주점업
2. 무도유흥주점업
3. 카지노 운영업
4. 기타 사행시설 관리 및 운영업
5. 그 밖에 경제질서 및 미풍양속에 현저히 어긋나는 업종
❍ 소음, 진동, 오폐수 발생유발업종
❍ 금융기관 등의 채무불이행 중인 자 또는 기업
❍ 정부지원사업 및 유관기관사업에 참여 제한으로 제재 중인 자 또는 기업
❍ 중소기업의 규모 요건을 초과하는 기업 (중소기업확인서 必)
❍ 지방세·국세 체납기업, 부도 또는 휴·폐업 중인 기업
❍ 진흥원 창업지원센터(역북, 영덕, 동백)에서 졸업·퇴거한 이력이 있는 기업 및 대표자
❍ 사업 참여를 위해 제출한 서류가 허위로 판명된 경우
※ 자세한 내용은 첨부된 공고문 참조",,"예비창업자,7년미만",시설ㆍ공간ㆍ보육,20260728,20260819,,,온라인 접수: https://ybs.ypa.or.kr/poratlAppFormDtl.do?regNo=RGS_0000000000000640,https://www.k-startup.go.kr/web/contents/bizpbanc-ongoing.do?schM=view&pbancSn=178708,main,primary,용인시산업진흥원2026년제3차창업지원센터입주기업모집공고819수16시까지,공공기관,20260728~20260819,시설ㆍ공간ㆍ보육,시설ㆍ공간ㆍ보육
kst,178706,창업보육센터및 기업 지원,"남서울대학교 창업보육센터 입주기업을 다음과 같이 모집하오니, 입주를 희망하는 기업은 안내에 따라 신청하여 주시기 바랍니다.",시설/공간,교육기관,충청남도,"대학생,일반인,일반기업,1인 창조기업","기업,누구나,예비창업자,청년,초기창업기업","만 20세 미만,만 20세 이상 ~ 만 39세 이하,만 40세 이상",,,"신청대상	예비창업자 및 창업 7년미만 기업 (단, 업력 3년 초과 ~ 7년 이내의 경우 유선 문의 필요)

• 중소기업창업 지원법 시행령 제4조에 해당하는 경우
• 소음, 진동, 폐수 등 공해 유발업종이나 제한 업종
• 건축법 시행령 제3조의5 [별표1]의 제1종 근린생활시설이 아니므로 의료기기법 제17조 및 식품위생법 제37조에 따른 의료기기 판매업신고 및 식품 영업허가 불가
• 도소매, 금융 및 보험업, 부동산업, 교육 서비스업, 사회 서비스업 등 보육센터 입주 불가 업종",,"예비창업자,1년미만,2년미만,3년미만,5년미만,7년미만",시설ㆍ공간ㆍ보육,20260729,20260930,,,"이메일 접수: iacfb1@nsu.ac.kr
팩스 접수: 0415821030
방문 접수: 충청남도 천안시 성환읍 대학로 91, 지식정보관 408호 창업보육센터",https://www.k-startup.go.kr/web/contents/bizpbanc-ongoing.do?schM=view&pbancSn=178706,main,primary,창업보육센터및기업지원,교육기관,20260729~20260930,시설ㆍ공간ㆍ보육,시설ㆍ공간ㆍ보육
kst,178705,2026 한난 온랩(On-Lab) 프로그램 참가팀 모집 연장 (~8/3),"「2026 한난 온랩(On-Lab)」 참가팀을 모집하오니, 미래기술(AX·GX), 친환경, 에너지 분야의 우수한 아이디어와 기술을 보유한 예비 창업팀의 많은 관심과 참여 바랍니다.",창업,민간,전국,"대학생,일반인","누구나,청년",만 20세 이상 ~ 만 39세 이하,20,39,"- 예비 창업팀
공고일(‘26.7.1.) 기준, 아래 ①, ②를 모두 충족하는 팀
① 대표자가 대한민국 국적의 만 19세 이상, 39세 이하인 팀
② 예비 창업팀(법인 등록 포함 사업자등록을 하지 않은 자

공고일(‘26.7.1.) 기준, 아래 ① 또는 ②에 해당하는 팀
① 최근 3년간(‘23.7.1. 이후)* 동일한 사업 아이디어나 아이템으로 공공 또는 민간 기관/단체로부터 5천만원 초과의 상금 또는 창업지원금(자부담액 제외)을 받은 자
* 상금(대회일 기준), 창업지원금(지원기간 종료일 기준) 각 5천만원 초과시 결격사유
② 정부지원사업에 참여 제한으로 제재 중인 자",,예비창업자,사업화,20260728,20260803,,,온라인 접수: https://forms.gle/W9i6cFkUbZC3wWq69,https://www.k-startup.go.kr/web/contents/bizpbanc-ongoing.do?schM=view&pbancSn=178705,main,primary,2026한난온랩onlab프로그램참가팀모집연장83,민간,20260728~20260803,사업화,사업화
kst,178704,"""스타트업 SEO 마케팅 전략"" 비대면 교육 모집",서울핀테크랩에서는 스타트업의 AI 시대 마케팅 경쟁력 강화를 실무 교육으로 「스타트업을 위한 SEO 마케팅 전략」교육을 운영합니다.,교육/멘토링,공공기관,전국,"청소년,대학생,일반인,대학,연구기관,일반기업,1인 창조기업","기업,누구나,스타트업,청년,초기창업기업","만 20세 미만,만 20세 이상 ~ 만 39세 이하,만 40세 이상",,,SEO 마케팅에 관심있는 스타트업 관계자 누구나,,"예비창업자,1년미만,2년미만,3년미만,5년미만,7년미만,10년미만",멘토링ㆍ컨설팅ㆍ교육,20260727,20260823,,,온라인 접수: https://forms.gle/fzBWhNMYUtGFF1QU9,https://www.k-startup.go.kr/web/contents/bizpbanc-ongoing.do?schM=view&pbancSn=178704,main,primary,스타트업seo마케팅전략비대면교육모집,공공기관,20260727~20260823,멘토링ㆍ컨설팅ㆍ교육,멘토링ㆍ컨설팅ㆍ교육
kst,178703,2026 대전·세종 관광기업 네트워킹 데이 3회차,"대전세종 관광기업 간 교류 활성화를 위하여 네트워킹 행사를 다음과 같이 공고하오니
참여를 희망하는 창업기업들은 안내에 따라 신청하기 바랍니다.",행사/네트워크,공공기관,대전광역시,"일반기업,1인 창조기업","기업,예비창업자,초기창업기업","만 20세 미만,만 20세 이상 ~ 만 39세 이하,만 40세 이상",,,"(30개사 모집)
- 센터 협업 및 입주 관광기업
- 관내 관광기업 및 관련 분야 종사자
- 관광 분야 협업 희망 창업기업

※예비창업자 제외
실질적인 협업 비즈니스 추진을 위해 제한이 있는 점 양해부탁드립니다.",,"1년미만,2년미만,3년미만,5년미만,7년미만,10년미만",행사ㆍ네트워크,20260728,20260813,,,온라인 접수: https://forms.gle/vewNYz8jeU1jS3AL8,https://www.k-startup.go.kr/web/contents/bizpbanc-ongoing.do?schM=view&pbancSn=178703,main,primary,2026대전세종관광기업네트워킹데이3회차,공공기관,20260728~20260813,행사ㆍ네트워크,행사ㆍ네트워크
kst,178702,2026년 서울시 소셜벤처 임팩트 측정 사업설명회(2차) 참여기업 모집,서울소셜벤처허브에서는 서울시 소셜벤처기업이 창출하는 지속가능한 임팩트 측정과 보고서 지원을 통해 경쟁력과 임팩트를 강화하기 위해서 아래와 같이 참여기업을 모집하오니 관심 있는 전문가의 많은 참여 바랍니다.,행사/네트워크,공공기관,서울특별시,"일반기업,1인 창조기업","기업,초기창업기업","만 20세 이상 ~ 만 39세 이하,만 40세 이상",,,"서울시 소셜벤처기업, 소셜벤처 희망기업 ※ 선착순 30명(대면교육)",,"예비창업자,1년미만,2년미만,3년미만,5년미만,7년미만,10년미만",행사ㆍ네트워크,20260728,20260826,,,온라인 접수: https://forms.gle/9Lz1d7BNpJCYEikK8,https://www.k-startup.go.kr/web/contents/bizpbanc-ongoing.do?schM=view&pbancSn=178702,main,primary,2026년서울시소셜벤처임팩트측정사업설명회2차참여기업모집,공공기관,20260728~20260826,행사ㆍ네트워크,행사ㆍ네트워크
kst,178700,고려대기술지주(주) 판교인큐베이팅센터 입주기업 모집공고(기간연장),"고려대학교기술지주는 판교지역에 신규 보육공간을 확보하고, 우수 기업의 입주 및 성장을 지원하고자 입주기업을 모집합니다.
입주기업에는 공간 제공과 더불어 창업·사업화·투자연계 등 고려대학교기술지주의 보육 역량을 활용한 성장 지원이 제공될 예정이오니, 관심 있는 기업의 많은 신청 바랍니다.",시설/공간,민간,경기도,일반기업,기업,"만 20세 미만,만 20세 이상 ~ 만 39세 이하,만 40세 이상",,,"공고일 기준 사업자등록이 되어 있는 개인사업자 또는 법인사업자
- 우대사항 : 법인설립 7년 이내 창업자 / TIPS(민간투자주도형 기술창업지원사업) 선정 기업",,"예비창업자,1년미만,2년미만,3년미만,5년미만,7년미만,10년미만",시설ㆍ공간ㆍ보육,20260729,20260807,,,이메일 접수: ski682@korea.ac.kr,https://www.k-startup.go.kr/web/contents/bizpbanc-ongoing.do?schM=view&pbancSn=178700,main,primary,고려대기술지주주판교인큐베이팅센터입주기업모집공고기간연장,민간,20260729~20260807,시설ㆍ공간ㆍ보육,시설ㆍ공간ㆍ보육
kst,178699,라이콘 창업 경진대회 참여팀 모집,"유원대학교 충남 앵커사업단에서는 라이콘 스타트업의 지속가능한 성장을 지원하기 위한「라이콘 창업 경진대회」참여기업을 모집합니다. 본 프로그램은 예비창업자 및 기창업자를 대상으로 로컬 창업 아이디어톤으로 운영되며, 로컬 & 라이프스타일, 콘텐츠 분야 창업자의 많은 참여 바랍니다.",창업,민간,전국,"대학생,일반인,일반기업,1인 창조기업","기업,누구나,청년,초기창업기업","만 20세 이상 ~ 만 39세 이하,만 40세 이상",,,"① 지역·업종·연령 제한 없음(단, 미성년자 참여 불가)
② 예비 창업자(팀), 기창업자, 대학생, 일반인, 국내 거주 외국인 등 
   ※ 유학생 참여 가능
③ 기창업 기업(공고일 26.07.27 기준 창업 7년 미만)
④ 팀별 참여 인원 제한 없음(1인 팀 지원 가능)",,"예비창업자,1년미만,2년미만,3년미만,5년미만,7년미만",사업화,20260728,20260807,,,온라인 접수: https://forms.gle/qGRzNJ65mHXEAR7VA,https://www.k-startup.go.kr/web/contents/bizpbanc-ongoing.do?schM=view&pbancSn=178699,main,primary,라이콘창업경진대회참여팀모집,민간,20260728~20260807,사업화,사업화
kst,178698,「2026년 하반기 화성특례시 사회적경제 창업아카데미」교육생 모집,"사회적경제를 기반으로 창업을 꿈꾸는 화성시민에게 사회적 가치 및 사회적경제 인식확산과 예비 창업가를 발굴할 목적으로
「2026년 하반기 화성특례시 사회적경제 창업아카데미」를 실시합니다.
관심 있는 분들의 많은 참가 신청 바랍니다.",창업,민간,경기도,"청소년,대학생,일반인,대학,연구기관,일반기업,1인 창조기업","기업,누구나,예비창업자,청년,초기창업기업","만 20세 이상 ~ 만 39세 이하,만 40세 이상",,,화성시민(또는 일반시민) 포함 사회적경제기업 예비창업자,,"예비창업자,1년미만,2년미만,3년미만,5년미만,7년미만,10년미만",창업교육,20260728,20261019,,,"온라인 접수: www.hssesc.or.kr/bbs/board.php?bo_table=recruit&wr_id=139
이메일 접수: 80599909@daum.net
방문 접수: 경기도 화성시 팔탄면 서촌길 19, 화성시사회적경제지원센터",https://www.k-startup.go.kr/web/contents/bizpbanc-ongoing.do?schM=view&pbancSn=178698,main,primary,2026년하반기화성특례시사회적경제창업아카데미교육생모집,민간,20260728~20261019,창업교육,창업교육
kst,178697,서대문구-서울시립대학교창업지원센터 운영,"서대문구-서울시립대학교 창업지원센터에서는디지털 정보화의 시대를 맞이하여
고부가가치 및 고용창출효과가 큰 벤처기업의 성장을 효율적으로 지원하고자 신규 입주기업을 다음과 같이 모집합니다.",시설/공간,교육기관,서울특별시,"청소년,대학생,일반인,대학,연구기관,일반기업,1인 창조기업","기업,누구나,예비창업자,청년,초기창업기업","만 20세 미만,만 20세 이상 ~ 만 39세 이하,만 40세 이상",,,"예비창업자 및 창업 개시일로부터 7년 미만 기술창업기업
○ 우대 대상: 서대문구 거주자, 벤처기업, 여성창업자, 예비기술창업자(서울시립대 관련자)

- 금융 기관으로부터 불량거래자로 규제중인 자
- 폐수ㆍ소음ㆍ진동 등 공해가 발생되는 업종으로 타 입주자에게 피해를 끼칠 것으로 예상되는 자
- 휴ㆍ폐업 중인 자
- 기타 창업보육센터 입주 시 단순 영업행위 등 입주가 부적합하다고 인정하는 자",,"예비창업자,1년미만,2년미만,3년미만,5년미만,7년미만",시설ㆍ공간ㆍ보육,20260803,20260823,,,이메일 접수: uosbi@uos.ac.kr,https://www.k-startup.go.kr/web/contents/bizpbanc-ongoing.do?schM=view&pbancSn=178697,main,primary,서대문구서울시립대학교창업지원센터운영,교육기관,20260803~20260823,시설ㆍ공간ㆍ보육,시설ㆍ공간ㆍ보육
kst,178696,호서대학교(단계별 창업솔루션) 지역문제 해결 청년창업 리빙랩,아이디어 발굴부터 BM 고도화까지 단계별 창업솔루션이 필요하신 충남 소재 예비 창업가 분들의 많은 관심 부탁드립니다.,창업,민간,충청남도,"대학생,일반인,대학,연구기관,일반기업,1인 창조기업","기업,누구나,청년,초기창업기업",만 20세 이상 ~ 만 39세 이하,20,39,"충남 지역 내 주소지를 둔 대학(원)생, 휴학생 및 예비 창업자

충남 지역 내 주소지를 두지 않은 대학(원)생, 휴학생 및 예비 창업자",,"예비창업자,1년미만,2년미만,3년미만,5년미만",창업교육,20260715,20260811,,,"온라인 접수: https://docs.google.com/forms/d/1Xo1ti6POnSnWxYI_vygmu1LQb4xrZHKuyqMASvVjpWs/edit
기타 접수: kingospring.com 접속 후 신청서 제출 또는 포스터 QR 코드 스캔",https://www.k-startup.go.kr/web/contents/bizpbanc-ongoing.do?schM=view&pbancSn=178696,main,primary,호서대학교단계별창업솔루션지역문제해결청년창업리빙랩,민간,20260715~20260811,창업교육,창업교육
kst,178693,2026년 체육인 직업안정사업(창업열매) 참여자 추가 모집,"체육인의 직업 전환을 지원하여 생활 불안정성을 완화하고, 역량별 맞춤 지원을 통해 창업 성공률을 높이며 진로 선택의 폭을 확대하고자
「2026년 체육인 직업안정 사업(창업지원) 창업점검과정(열매)」 참여자를 다음과 같이 모집하오니 많은 관심과 참여 바랍니다.
※ 체육인 복지 시행지침 개정으로 체육인 인정 대회 범위 확대(경기 단체 주관 전국대회 출전 경력도 포함)",창업,민간,전국,"청소년,대학생,일반인,대학,연구기관,일반기업,1인 창조기업","기업,누구나,청년,초기창업기업","만 20세 미만,만 20세 이상 ~ 만 39세 이하,만 40세 이상",,,"- 체육인 복지법 시행령 제2~4조에 따른 체육인(선수·지도자·심판)으로서, 은퇴(예정) 또는 경력단절 체육인 중 기창업자
- 사업계획이 준비되어 있고, 창업 실무 역량 강화 및 전문가 보육을 통해 창업을 발전시키고자 하는 자(전문컨설팅 희망자)
- 사업 공고일(2026.7.10.) 기준 신청자 명의로 사업자 등록을 완료한 자

- 타 정부부처의 창업지원 관련 사업을 지원받고 있는 경우(협약 기간 중복 불가)
- 사업화지원금을 제공하는 국민체육진흥공단 타 지원사업과 중복수혜 불가
- 정부지원사업 참여 제한 제재조치를 받고 있는 자",,"1년미만,2년미만,3년미만,5년미만,7년미만,10년미만",사업화,20260728,20260831,,,온라인 접수: https://spowell.kspo.or.kr/html/welfare/apply/foundation/12?mSn=7679,https://www.k-startup.go.kr/web/contents/bizpbanc-ongoing.do?schM=view&pbancSn=178693,main,primary,2026년체육인직업안정사업창업열매참여자추가모집,민간,20260728~20260831,사업화,사업화
kst,178692,2026년 체육인 직업안정(창업지원) 사업 참여자 추가 모집(~7.31.),"체육인의 직업 전환을 지원하여 생활 불안정성을 완화하고, 역량별 맞춤 지원을 통해 창업 성공률을 높이며 진로 선택의 폭을 확대하고자 「2026년 체육인 직업안정 사업(창업지원) 창업보육과정(새싹)」 참여자를 다음과 같이 모집하오니 많은 관심과 참여 바랍니다.
※ 체육인 복지 시행지침 개정으로 체육인 인정 대회 범위 확대(경기 단체 주관 전국대회 출전 경력도 포함)",창업,민간,전국,"대학생,일반인,대학,연구기관,일반기업,1인 창조기업","기업,누구나,예비창업자,청년,초기창업기업","만 20세 미만,만 20세 이상 ~ 만 39세 이하,만 40세 이상",,,"- 체육인 복지법 시행령 제2~4조에 따른 체육인(선수·지도자·심판) 중, 은퇴(예정) 또는 경력단절 체육인으로 창업 의지가 있는 자
- 현재 운영 중인 사업이 없는 예비창업자 (사업계획은 준비되어 있고, 창업 실무 역량 강화 및 전문가 보육을 통해 창업하고자 하는 자)
- 사업 공고일(2026.7.10.) 기준 신청자 명의로 사업자 등록 및 법인 설립 등기를 하지 않은 자
- 협약기간 내 사업자 등록 및 사업계획 이행(창업)을 완료할 수 있는 자

- 타 정부부처 창업지원 관련 사업을 지원받고 있는 경우(협약기간 중복 불가)
- 국민체육진흥공단의 다른 사업화지원금 지원사업과 중복 수혜 불가
- 정부지원사업 참여 제한 제재조치를 받고 있는 자",,예비창업자,사업화,20260728,20260731,,,온라인 접수: https://spowell.kspo.or.kr/html/welfare/apply/foundation/12?mSn=7679,https://www.k-startup.go.kr/web/contents/bizpbanc-ongoing.do?schM=view&pbancSn=178692,main,primary,2026년체육인직업안정창업지원사업참여자추가모집731,민간,20260728~20260731,사업화,사업화
kst,178691,2026년 연구개발특구 과기특성화대학 기술창업투자 경진대회 공고,"연구개발특구 소재 과기특성화대 혁신자원을 활용한 국가전략기술분야 기술창업 활성화를 위한「2026년 연구개발특구 과기특성화대학 기술창업투자 경진대회」를 개최하고자 하오니, (예비)창업기업의 많은 관심과 참여를 부탁드립니다.",행사/네트워크,민간,전국,대학,기타,"만 20세 미만,만 20세 이상 ~ 만 39세 이하,만 40세 이상",,,"과기특성화대학* 소속・출신 학생(석・박사)・연구자・교원 (예비)창업기업과 과기특성화대학 기술이전(출자) 사업화를 추진하는 (예비)창업기업
    * KAIST, GIST, DGIST, UNIST, POSTECH",,"예비창업자,7년미만",행사ㆍ네트워크,20260727,20260731,,,"온라인 접수: innotech2026contest@innopolis.or.kr
이메일 접수: innotech2026contest@innopolis.or.kr",https://www.k-startup.go.kr/web/contents/bizpbanc-ongoing.do?schM=view&pbancSn=178691,main,primary,2026년연구개발특구과기특성화대학기술창업투자경진대회공고,민간,20260727~20260731,행사ㆍ네트워크,행사ㆍ네트워크
kst,178690,서초창업스테이션 운영 사업,서초창업스테이션에서는 컨설팅을 희망하는 예비·초기 소상공인을 위한 1:1 컨설팅을 진행하니 많은 신청바랍니다.,시설/공간,민간,서울특별시,"일반인,일반기업,1인 창조기업","기업,누구나,초기창업기업","만 20세 미만,만 20세 이상 ~ 만 39세 이하,만 40세 이상",,,컨설팅을 희망하는 예비·초기 소상공인,,"예비창업자,1년미만,2년미만,3년미만,5년미만,7년미만",시설ㆍ공간ㆍ보육,20260727,20260819,,,온라인 접수: https://www.xn--2i4bieu3bszgvtc6wlunby2r.com/sub_program/operate_view.php?idx=52,https://www.k-startup.go.kr/web/contents/bizpbanc-ongoing.do?schM=view&pbancSn=178690,main,primary,서초창업스테이션운영사업,민간,20260727~20260819,시설ㆍ공간ㆍ보육,시설ㆍ공간ㆍ보육
kst,178689,서울디자인런 2026 - 입점은 왜 이렇게 어려울까?,디자인 분야 창업 활성화를 위한 교육 참여자를 모집하고 있으니 많은 관심과 참여 부탁드립니다.,창업,민간,서울특별시,"청소년,대학생,일반인,일반기업,1인 창조기업","기업,누구나,청년,초기창업기업","만 20세 미만,만 20세 이상 ~ 만 39세 이하,만 40세 이상",,,디자인 창업에 관심있는 누구나,,"예비창업자,1년미만,2년미만,3년미만,5년미만,7년미만,10년미만",창업교육,20260722,20260805,,,온라인 접수: https://event-us.kr/openknowl2/event/131082,https://www.k-startup.go.kr/web/contents/bizpbanc-ongoing.do?schM=view&pbancSn=178689,main,primary,서울디자인런2026입점은왜이렇게어려울까,민간,20260722~20260805,창업교육,창업교육
kst,178688,재도전응원본부 정책포럼 개최,"'재도전의 시작, 새롭게 정의하는 재도전'
 ⌈재도전응원본부 정책포럼⌋에 초대합니다.
실패는 멈춤이 아니라 다음 도전을 준비하는 과정입니다.
경험은 쌓이고, 관점은 넓어지고, 다시 시작할 힘은 그 안에서 만들어집니다. 
이번 포럼에서는 재도전을 바라보는 새로운 시각과, 그 시작을 든든하게 뒷받침할 방향을 현장의 창업가분들, 창업지원 관계자분들과 함께 그려보려 합니다.
여러분의 의견을 남겨주시면, 포럼에서 함께 나눌 이야기에 담도록 하겠습니다.
많은 관심과 참여 부탁드립니다.",행사/네트워크,민간,전국,"청소년,대학생,일반인,대학,연구기관,일반기업,1인 창조기업","기업,누구나,청년,초기창업기업","만 20세 미만,만 20세 이상 ~ 만 39세 이하,만 40세 이상",,,"정책관계자, 학계, 창업지원 관계자, 재도전 창업가 등",,"예비창업자,1년미만,2년미만,3년미만,5년미만,7년미만,10년미만",행사ㆍ네트워크,20260727,20260730,,,"온라인 접수: https://docs.google.com/forms/d/e/1FAIpQLScy2cIT1P53Qn1LPoXYif1UZWtUFPx-Jm5GDwzuyK9oel6NOw/viewform
기타 접수: 구글폼을 통해 신청 접수 바랍니다.",https://www.k-startup.go.kr/web/contents/bizpbanc-ongoing.do?schM=view&pbancSn=178688,main,primary,재도전응원본부정책포럼개최,민간,20260727~20260730,행사ㆍ네트워크,행사ㆍ네트워크
kst,178687,2026 신용보증기금 「혁신아이콘」제16기 모집 공고,"신용보증기금은 혁신 생태계 활력 제고를 위해 성장 유망한 혁신기업을 발굴·지원하는 「혁신아이콘 지원 프로그램」대상기업 공모를 시행하오니, 
 관심 있는 기업의 적극적인 참여를 부탁드립니다.",자금,공공기관,전국,일반기업,기업,"만 20세 미만,만 20세 이상 ~ 만 39세 이하,만 40세 이상",,,"2026년 8월 4일 현재 아래 요건을 모두 충족하는 기업
- 업력 : 공개모집 개시일 현재 업력 2년 이상 12년 이하
- 대상분야 : 신성장동력산업, 유망서비스업 등 해당분야 사업영위(※세부사항은 공고문 참조)
- 기업규모 : ① 2025년(연간) 또는 최근 1년간 매출액이 10억원 이상이고 최근 2개년 연평균 매출증가율 20% 이상 또는
② 기관투자자의 누적투자금액 50억원 이상

공고문 참조",,"3년미만,5년미만,7년미만,10년미만",정책자금,20260803,20260826,,,온라인 접수: https://www.kodit.or.kr/sut/index.do,https://www.k-startup.go.kr/web/contents/bizpbanc-ongoing.do?schM=view&pbancSn=178687,main,primary,2026신용보증기금혁신아이콘제16기모집공고,공공기관,20260803~20260826,정책자금,정책자금
kst,178686,28청춘창업소 운영,28청춘창업소는 고양특례시 대표 청년창업공간입니다. 고양산업진흥원이 운영하는 고양시 대표 청년 창업공간인 28청춘창업소에서「2026년 2차 28청춘창업소 신규 입주기업」신청자를 아래와 같이 모집하오니 관심 있는 고양시 청년 창업가들의 많은 참여 바랍니다.,시설/공간,공공기관,전국,"대학생,일반인,일반기업","기업,누구나,예비창업자,청년",만 20세 이상 ~ 만 39세 이하,20,39,"- 공고일 기준 대표자 기준 39세 이하(1986.7.27.이후 출생)인 (예비)창업자
※ 공동 대표일 경우 신청서 내 기재된 대표자 모두 신청 대상에 해당해야 함
- 기창업자의 경우, 사업자등록일이 공고일로부터 3년 이내(2023. 7. 27. 이후)이며, 입주일로부터 2개월 이내 본사 사업장 소재지를 28청춘창업소로 이전 가능한 자
- 예비창업자의 경우, 입주일로부터 3개월 이내에 28청춘창업소(고양시 덕양구 화중로104번길 33) 내 사업자등록이 가능한 자
※ 본 건물은 가설건축물로 인허가 업종은 사업자등록이 제한될 수 있음

- 중소기업창업 지원법 시행령(4조)에 따른 제외 업종
- 국세 또는 지방세 미납 중인 자
- 심사위원회에서 부적당하다고 인정하는 자
- 공고일 기준, 고양시 창업 지원 유관기관 및 관내 대학 창업시설* 입주기업
* 동국대 BMC창업보육센터, 항공대 창업보육센터 등 고양시 창업지원협의체 참여기관",,"예비창업자,1년미만,2년미만,3년미만",시설ㆍ공간ㆍ보육,20260727,20260828,,,이메일 접수: leeyj@gipa.or.kr,https://www.k-startup.go.kr/web/contents/bizpbanc-ongoing.do?schM=view&pbancSn=178686,main,primary,28청춘창업소운영,공공기관,20260727~20260828,시설ㆍ공간ㆍ보육,시설ㆍ공간ㆍ보육
kst,178685,2026 Blender와 AI로 완성하는 3D콘텐츠 제작교육,"무료 툴 Blender로 제품을 3D로 구현하고, 고품질 렌더링 이미지와 영상까지 완성하는 실전 중심 교육 프로그램을 진행하오니 많은 참여료 툴 Blender로 제품을 3D로 구현하고, 고품질 렌더링 이미지와 영상까지 완성하는 실전 중심 교육 프로그램을 다음과 같이 진행하오니 많은 관심과 신청 바랍니다.",교육/멘토링,공공기관,경기도,"대학생,일반인,연구기관,일반기업,1인 창조기업","기업,누구나,청년,초기창업기업","만 20세 이상 ~ 만 39세 이하,만 40세 이상",,,"경기도 내 (예비)창업자, 창업 7년 이내 중소기업, 일반인 등",,"예비창업자,1년미만,2년미만,3년미만,5년미만,7년미만",멘토링ㆍ컨설팅ㆍ교육,20260721,20260807,,,온라인 접수: https://www.aictms.or.kr/core/?cid=29&role=programview&pSeq=5062&tab=,https://www.k-startup.go.kr/web/contents/bizpbanc-ongoing.do?schM=view&pbancSn=178685,main,primary,2026blender와ai로완성하는3d콘텐츠제작교육,공공기관,20260721~20260807,멘토링ㆍ컨설팅ㆍ교육,멘토링ㆍ컨설팅ㆍ교육
kst,178684,맞춤형 예비창업가 발굴·육성,"(재)광주테크노파크에서는 이노플러스 스테이지 및 테크플러스 스테이지 입주기업(입주예정 기업 포함)을 대상으로 보유 제품ㆍ서비스의 사업화 및 기술고도화, 시장진출 역량 강화를 지원하여 기업의 지속가능한 성장을 촉진하고자 「기술창업 성장 패키지 지원」참여기업을 다음과 모집하오니 많은 관심과 참여 바랍니다.",창업,공공기관,전국,"일반기업,1인 창조기업","기업,누구나,예비창업자,초기창업기업","만 20세 미만,만 20세 이상 ~ 만 39세 이하,만 40세 이상",,,"이노플러스 스테이지, 테크플러스 스테이지 입주기업(입주예정 기업 포함) 중 7년 이내 기술창업기업(지역제한 없음)

공고일 기준(사업자등록증 개업연월) 7년 이내(2019년 7월 22일 ~ 2026년 7월 22일)에 해당되지 않은 기업",,"1년미만,2년미만,3년미만,5년미만,7년미만,10년미만",사업화,20260722,20260814,,,"이메일 접수: jjanggon@gjtp.or.kr
방문 접수: 전남광주통합특별시 동구 동계천로 150, I-PLEX광주 2층 운영본부(202호)",https://www.k-startup.go.kr/web/contents/bizpbanc-ongoing.do?schM=view&pbancSn=178684,main,primary,맞춤형예비창업가발굴육성,공공기관,20260722~20260814,사업화,사업화
kst,178683,테크플러스 스테이지 입주기업 모집 공고,광주테크노파크는 우수한 기술력을 갖춘 창업기업 등의 성장을 지원하기 위해 테크플러스 스테이지 입주기업을 모집하오니 입주를 희망하는 기업들의 많은 신청 바랍니다.,시설/공간,공공기관,전국,"연구기관,일반기업,1인 창조기업","기업,초기창업기업","만 20세 미만,만 20세 이상 ~ 만 39세 이하,만 40세 이상",,,"타겟업종 분야 등 산집법 제한업종 외 전 분야

산업직접활성화 및 공장설립에 관한 법률 시행령 제 36조 4 지식산업센터에 입주에 근거한 제한업종",,"1년미만,2년미만,3년미만,5년미만,7년미만,10년미만",시설ㆍ공간ㆍ보육,20260722,20260814,,,이메일 접수: jjanggon@gjtp.or.kr,https://www.k-startup.go.kr/web/contents/bizpbanc-ongoing.do?schM=view&pbancSn=178683,main,primary,테크플러스스테이지입주기업모집공고,공공기관,20260722~20260814,시설ㆍ공간ㆍ보육,시설ㆍ공간ㆍ보육
kst,178682,[투자 및 TIPS 추천] 한림대학교 Station C 연계 창업기업 투자·육성 지원 프로그램 참가 안내,"한림대학교(Station C)와 한국바이오투자파트너스가 협력하여 성장 잠재력이 우수한 창업 예정자 ~ 창업기업을 대상으로 직접투자 및 TIPS 추천과 성공 창업 교육, 기술사업화, IR, 스케일업 등 종합적인 경쟁력 강화 프로그램을 지원할 창업기업(자)을 모집하오니 많은 관심과 참여를 바랍니다.",창업,민간,전국,"청소년,대학생,일반인,대학,연구기관,일반기업,1인 창조기업","기업,누구나,청년,초기창업기업","만 20세 미만,만 20세 이상 ~ 만 39세 이하,만 40세 이상",,,"· 창업 예정자 : 강원도에서 창업(본사가 강원도에 소재)할 예비 창업자 또는
   · 2017년 5월 1일 이후에 설립한 창업기업으로 본사가 강원도에 소재하고 있거나
      2027년 1월 31일까지 강원도로 이전할 기업

· 신청서를 제출하는 이메일 제목과 제출서류 파일명에 한글 기업명, 대표자 작성
   · 제출하는 서류와 작성 내용이 허위로 확인되는 경우에는 모든 지원을 중지함
   · 국세·지방세 체납, 휴업·폐업 등 계속 사업 영위가 불가한 기업은 신청 불가",,10년미만,사업화,20260727,20260814,,,이메일 접수: admin@kobai.kr,https://www.k-startup.go.kr/web/contents/bizpbanc-ongoing.do?schM=view&pbancSn=178682,main,primary,투자및tips추천한림대학교stationc연계창업기업투자육성지원프로그램참가안내,민간,20260727~20260814,사업화,사업화
kst,178681,2026 빅웨이브 글로벌(일본4차) - 글로벌 오픈이노베이션 세미나 및 밋업(일본 츄가이제약) 참여기업 모집,"인천창조경제혁신센터에서는 국내 바이오 스타트업과 일본 글로벌 제약기업 츄가이제약(Chugai Pharmaceutical) 간 오픈이노베이션 및 기술협력 기회를 마련하고자 「2026 글로벌 오픈이노베이션 밋업(츄가이제약)」을 개최합니다.
일본 글로벌 제약기업과의 공동연구, 기술협력, 라이선싱, 오픈이노베이션에 관심 있는 바이오 스타트업의 많은 신청 바랍니다.",판로/수출,공공기관,전국,"청소년,대학생,일반인,대학,연구기관,일반기업,1인 창조기업","기업,누구나,청년,초기창업기업","만 20세 미만,만 20세 이상 ~ 만 39세 이하,만 40세 이상",,,"1) 츄가이제약과 공동연구 및 기술협력을 희망하는 바이오·헬스케어 스타트업
2) 연구기관, 대학, 바이오 분야 관계자 등",,"예비창업자,1년미만,2년미만,3년미만,5년미만,7년미만,10년미만",글로벌,20260720,20260805,,,온라인 접수: https://forms.gle/e8hoN3tLSjGTG9no9,https://www.k-startup.go.kr/web/contents/bizpbanc-ongoing.do?schM=view&pbancSn=178681,main,primary,2026빅웨이브글로벌일본4차글로벌오픈이노베이션세미나및밋업일본츄가이제약참여기업모집,공공기관,20260720~20260805,글로벌,글로벌
kst,178680,2026  시흥시 스타트업 통합 IR DAY,시흥시 관내 창업지원기관과 함께 혁신 스타트업의 투자기회 제공을 통한 투자생태계 조성 및 성장지원을 위하여 다음과 같이 시흥시 스타트업 통합 IR데이 참여기업을 모집 합니다.,교육/멘토링,지자체,경기도,"청소년,대학생,일반인,대학,연구기관,일반기업,1인 창조기업","기업,누구나,스타트업,예비창업자,청년,초기창업기업","만 20세 미만,만 20세 이상 ~ 만 39세 이하,만 40세 이상",,,"시흥시 관내 창업을 희망하는 예비창업자 및 7년 이내 스타트업(본사, 연구소, 공장 포함)",,7년미만,멘토링ㆍ컨설팅ㆍ교육,20260724,20260813,,,온라인 접수: https://docs.google.com/forms/d/e/1FAIpQLSdMChPUJ9LAYxXx8S0wpkhy0oPZNVlMNytzQV-Dtzu8Kv6SNw/formResponse,https://www.k-startup.go.kr/web/contents/bizpbanc-ongoing.do?schM=view&pbancSn=178680,main,primary,2026시흥시스타트업통합irday,지자체,20260724~20260813,멘토링ㆍ컨설팅ㆍ교육,멘토링ㆍ컨설팅ㆍ교육
kst,178679,[창원산업진흥원] CES2027 참가기업 지원사업 참가기업 모집 공고,창원시 창업기업의 해외 마케팅 및 글로벌 역량 증대를 위하여 ｢CES2027 참가기업 지원사업｣을 추진하오니 관심 있는 관내 기업의 많은 참여를 바랍니다.,판로/수출,공공기관,경상남도,일반기업,기업,"만 20세 미만,만 20세 이상 ~ 만 39세 이하,만 40세 이상",,,"신제품을 보유한 창원시 소재 창업기업 중 CES 유레카파크 조건을 충족하는 기업 6개사

- 신청일 기준 휴·폐업 중인 기업
- 참여기업 사업자등록증 소재지가 창원이 아닌 경우
- 창원산업진흥원의 지원을 받아 CES 유레카파크에 2회 참가한 기업
- 타 기관으로부터 중복 지원을 받은 경우
- 접수서류에 누락이 있거나 허위사실을 기재한 경우",,"1년미만,2년미만,3년미만,5년미만",글로벌,20260722,20260821,,,온라인 접수: https://www.cwip.or.kr/application/application_view.php?ab_id=322,https://www.k-startup.go.kr/web/contents/bizpbanc-ongoing.do?schM=view&pbancSn=178679,main,primary,창원산업진흥원ces2027참가기업지원사업참가기업모집공고,공공기관,20260722~20260821,글로벌,글로벌
kst,178677,창업중심대학,"CEO사관학교 한양대학교의 대표 창업 교육 프로그램, '한양스타트업아카데미'에서 교육생을 모집합니다.
성공 창업으로 향하는 첫 번째 디딤돌, '한양스타트업아카데미' 23기에 도전하세요!",창업,교육기관,서울특별시,"대학생,일반인,대학,연구기관,일반기업,1인 창조기업","기업,누구나,청년,초기창업기업","만 20세 이상 ~ 만 39세 이하,만 40세 이상",,,서울·경기·인천 거주 (예비)창업자 중 혁신 아이디어 보유자,,"예비창업자,1년미만,2년미만,3년미만,5년미만,7년미만,10년미만",사업화,20260722,20260811,,,온라인 접수: https://2026hysa.netlify.app/,https://www.k-startup.go.kr/web/contents/bizpbanc-ongoing.do?schM=view&pbancSn=178677,main,primary,창업중심대학,교육기관,20260722~20260811,사업화,사업화
kst,178676,2026 하반기 MARU 배치 스타트업 모집,아산나눔재단 기업가정신 플랫폼 MARU의 2026년 하반기 MARU 배치 스타트업 모집을 아래와 같이 공고합니다.,시설/공간,민간,전국,"일반인,일반기업","기업,누구나,스타트업","만 20세 미만,만 20세 이상 ~ 만 39세 이하,만 40세 이상",,,"마루 공간, 성장 프로그램, 커뮤니티를 적극적으로 활용하여 성장할 수 있는 국내 스타트업 (최대 12인실 제공)
대표 포함 핵심인력(C레벨)이 마루에 상주하며 실제 출근해야 함
해외법인의 경우 국내 자회사가 있고, 국내에서 실질적 운영이 이루어져야 함
마루를 주 사무공간으로 사용해야 함 (타 사무실과 병행 사용 시 사전 협의 필요)",,"1년미만,2년미만,3년미만,5년미만,7년미만,10년미만",시설ㆍ공간ㆍ보육,20260804,20260828,,,온라인 접수: maru.org/maru/news/detail/47,https://www.k-startup.go.kr/web/contents/bizpbanc-ongoing.do?schM=view&pbancSn=178676,main,primary,2026하반기maru배치스타트업모집,민간,20260804~20260828,시설ㆍ공간ㆍ보육,시설ㆍ공간ㆍ보육
kst,178675,2026년 전주 로컬브랜딩 아이디어 해커톤 참가자 모집,전주소통협력센터에서는 전주시 지역자원을 활용한 로컬브랜딩 커뮤니티를 지원하여 차별화된 로컬 사업 발굴을 위한 을 공고 모집하오니 많은 관심과 참여 부탁드립니다.,교육/멘토링,민간,전북특별자치도,"대학생,일반인,대학,연구기관,일반기업","기업,누구나,청년","만 20세 이상 ~ 만 39세 이하,만 40세 이상",,,"전주 지역자원을 활용한 아이디어가 있는 누구나
총 15팀 모집(2~5인 팀 구성)",,"예비창업자,1년미만,2년미만,3년미만,5년미만,7년미만,10년미만",멘토링ㆍ컨설팅ㆍ교육,20260722,20260821,,,이메일 접수: kyj@jlcc.or.kr,https://www.k-startup.go.kr/web/contents/bizpbanc-ongoing.do?schM=view&pbancSn=178675,main,primary,2026년전주로컬브랜딩아이디어해커톤참가자모집,민간,20260722~20260821,멘토링ㆍ컨설팅ㆍ교육,멘토링ㆍ컨설팅ㆍ교육
kst,178674,2026년 대구콘텐츠코리아랩 캐릭터 글로벌 진입 프로젝트 참가자 모집 공고,(재)대구디지털혁신진흥원에서는 「2026년 대구콘텐츠코리아랩 캐릭터 글로벌 진입 프로젝트」 참가자를 모집하오니 많은 참여 바랍니다.,교육/멘토링,공공기관,대구광역시,"청소년,대학생,일반인,대학,연구기관,일반기업,1인 창조기업","기업,누구나,예비창업자,청년,초기창업기업","만 20세 미만,만 20세 이상 ~ 만 39세 이하,만 40세 이상",,,"대구 지역 예비창업자 및 3년 이내 콘텐츠 기업

공고문 참고",,"예비창업자,1년미만,2년미만,3년미만",멘토링ㆍ컨설팅ㆍ교육,20260722,20260807,,,이메일 접수: dgckl@dip.or.kr,https://www.k-startup.go.kr/web/contents/bizpbanc-ongoing.do?schM=view&pbancSn=178674,main,primary,2026년대구콘텐츠코리아랩캐릭터글로벌진입프로젝트참가자모집공고,공공기관,20260722~20260807,멘토링ㆍ컨설팅ㆍ교육,멘토링ㆍ컨설팅ㆍ교육
kst,178673,[숭실대학교 캠퍼스타운] 2026 석·박사급 실험실 창업스쿨(유형1),"본 과정은 석·박사급 연구인력을 대상으로 딥테크·기술사업화 분야의 실제 창업 사례를 통해 연구성과가 사업으로 이어지는 과정을 배우고, 
창업에 대한 이해와 인사이트를 넓힐 수 있는 프로그램입니다.
많은 참여와 관심 부탁드립니다.",창업,교육기관,서울특별시,"대학생,일반인,대학,연구기관,일반기업,1인 창조기업","기업,누구나,청년,초기창업기업","만 20세 이상 ~ 만 39세 이하,만 40세 이상",,,"이공계(예비)석·박사급 연구인력, 기술사업화 분야 (예비)창업자·초기창업자",,"예비창업자,1년미만,2년미만,3년미만,5년미만,7년미만,10년미만",창업교육,20260724,20260825,,,온라인 접수: https://forms.gle/ZpMsx3Zppfhavkt56,https://www.k-startup.go.kr/web/contents/bizpbanc-ongoing.do?schM=view&pbancSn=178673,main,primary,숭실대학교캠퍼스타운2026석박사급실험실창업스쿨유형1,교육기관,20260724~20260825,창업교육,창업교육
kst,178672,2026 산업전문인력 AI역량강화 지원사업,글로벌 공공조달·수출 분야의 AI 활용 역량을 강화하고 디지털 전환을 지원하기 위한 「2026 산업전문인력 AI역량강화 지원사업」 교육과정에 참여할 기업및 재직자를 다음과 같이 모집합니다.,교육/멘토링,민간,전국,일반기업,기업,"만 20세 이상 ~ 만 39세 이하,만 40세 이상",,,글로벌 공공조달 및 수출(예비) 기업 실무자 및 중간관리급 재직자,,"1년미만,2년미만,3년미만,5년미만,7년미만,10년미만",멘토링ㆍ컨설팅ㆍ교육,20260724,20260831,,,온라인 접수: https://challvion.ai/course/%ec%9e%ac%ec%a7%81%ec%9e%90-%ea%b3%bc%ec%a0%95-4%ea%b8%b0%ec%83%9d%ec%84%b1%ed%98%95-ai-%ea%b8%b0%eb%b0%98-%ea%b8%80%eb%a1%9c%eb%b2%8c-%eb%a7%88%ec%bc%80%ed%8c%85-%ec%9e%90%eb%8f%99%ed%99%94/,https://www.k-startup.go.kr/web/contents/bizpbanc-ongoing.do?schM=view&pbancSn=178672,main,primary,2026산업전문인력ai역량강화지원사업,민간,20260724~20260831,멘토링ㆍ컨설팅ㆍ교육,멘토링ㆍ컨설팅ㆍ교육
kst,178671,2026년 여성CEO 비즈니스 아카데미 경상권역 시즌 1,"안녕하세요. 2026년, 기업의 변화와 성장을 준비하는 여성 CEO 여러분!
2026년은 정책, 경제, 트렌드, 기술 등 다양한 분야에서 큰 변화가 이루어지고 있으며, 이에 발맞춰 새로운 성장 전략을 준비해야 할 중요한 시기입니다.「2026 여성 CEO 비즈니스 아카데미 권역별 교육」은 기업의 다음 단계 성장을 고민하는 여성 CEO들에게 실질적이고 의미 있는 인사이트를 제공하기 위해 마련된 권역별 오픈특강입니다. 8월 20일(목) 창원컨벤션센터에서 진행하는 경상권역 시즌 1에 많은 관심과 참여부탁드립니다.",교육/멘토링,민간,경상남도,일반인,"누구나,여성","만 20세 이상 ~ 만 39세 이하,만 40세 이상",,,기업의 성장을 고민하는 여성CEO(여성임원포함) 총 80명 / 선착순마감,,"예비창업자,1년미만,2년미만,3년미만,5년미만,7년미만,10년미만",멘토링ㆍ컨설팅ㆍ교육,20260724,20260812,,,온라인 접수: https://forms.gle/kfhWuxCMm35DEY7cA,https://www.k-startup.go.kr/web/contents/bizpbanc-ongoing.do?schM=view&pbancSn=178671,main,primary,2026년여성ceo비즈니스아카데미경상권역시즌1,민간,20260724~20260812,멘토링ㆍ컨설팅ㆍ교육,멘토링ㆍ컨설팅ㆍ교육
kst,178670,경기 서부권 기술사업화 세미나,"가톨릭대학교와 한국기술거래사회가 함께하는 기술사업화 전 과정에 필요한 핵심 실무역량을 한 번에 익힐 수 있는 교육과정입니다. 특허(IP) 전략, 시장성 분석, 기술가치평가, 정부지원사업 활용, IR 자료 구성 등 기술사업화 전반을 분야별 전문가의 실무 중심 강의로 제공합니다. 일정 기준 이상 교육을 이수한 참가자에게는 한국기술거래사회 명의의 수료증을 발급합니다.",교육/멘토링,교육기관,경기도,"청소년,대학생,일반인,대학,연구기관,일반기업,1인 창조기업","기업,누구나,예비창업자,청년,초기창업기업","만 20세 미만,만 20세 이상 ~ 만 39세 이하,만 40세 이상",,,"예비창업자, 스타트업 및 기술사업화에 관심 있는 기업 관계자, 가톨릭대 앵커사업단 GAIA센터 협의체 기관",,"예비창업자,1년미만,2년미만,3년미만,5년미만,7년미만,10년미만",멘토링ㆍ컨설팅ㆍ교육,20260724,20260819,,,온라인 접수: https://docs.google.com/forms/d/e/1FAIpQLSdSIqwNjd5iCtYJY_YNAcfT6VPNPJW89-WUiwMdwaLlHchuUA/viewform,https://www.k-startup.go.kr/web/contents/bizpbanc-ongoing.do?schM=view&pbancSn=178670,main,primary,경기서부권기술사업화세미나,교육기관,20260724~20260819,멘토링ㆍ컨설팅ㆍ교육,멘토링ㆍ컨설팅ㆍ교육
kst,178669,청년취업사관학교 AI 창업가 양성 과정 참가자 모집,서울경제진흥원이 주관하는 청년취업사관학교 AI 창업가 양성 교육 과정 참가자를 모집합니다.,창업,민간,서울특별시,"대학생,일반인","누구나,청년","만 20세 이상 ~ 만 39세 이하,만 40세 이상",,,"청년취업사관학교(SeSAC) 수료생 및 서울 소재 예비 창업가

가. 자격 요건 미충족자
1. 만 19세 미만인 자
2. 대한민국 국적자가 아닌 자(단, 국내 거주 외국인 등록증 보유자는 지원 가능)
3. 사업계획서·지원서 등 제출 서류가 허위·위조·표절로 확인된 자

나. 사업 목적 부적합자
4. 사행성·유흥·미풍 양속을 해치는 업종, 불법·반사회적 아이템으로 창업을 계획하는 자
5. 본인이 직접 학습·창업을 수행할 의사가 없거나 대리 참여 우려가 있는 자

다. 결격 사유 보유자
6. 국세·지방세 체납자 (사실 확인 시점 기준)
7. 신용회복·개인회생·파산 절차 진행 중인 자 (단, 변제 완료 또는 면책 결정자는 제외)

라. 운영 적합성 결격자
8. 프로그램 전 일정 80% 이상 참여가 불가능한 자 (직장·학업·해외 체류 등 사유 무관)",,예비창업자,창업교육,20260722,20260811,,,온라인 접수: https://sesac.seoul.kr/sesac/course/offline/courseDetail.do?crsSn=1403&searchCrsNm=&searchRcrtStts=&cPage=2&rowCount=12&pageCount=10&startPage=1&endPage=10&totalPage=16,https://www.k-startup.go.kr/web/contents/bizpbanc-ongoing.do?schM=view&pbancSn=178669,main,primary,청년취업사관학교ai창업가양성과정참가자모집,민간,20260722~20260811,창업교육,창업교육
kst,178668,2026년도 교통 분야 원스톱 수출환경 구축사업 참여기업 모집 공고,"한국도로교통공단(KOROAD)는 강원창조경제혁신센터와 창업기업(스타트업) 대상「2026년도 교통 분야 원스톱(One-Stop) 수출환경 구축사업」을 공고하오니, 본 사업에 참여를 희망하는 민간(창업)기업의 많은 신청 바랍니다.",판로/수출,공공기관,전국,"대학생,일반인,대학,연구기관,일반기업,1인 창조기업","기업,누구나,예비창업자,청년,초기창업기업","만 20세 이상 ~ 만 39세 이하,만 40세 이상",,,"해외실증을 희망하는 교통분야 창업 10년 이내 기업

예비창업자",,"1년미만,2년미만,3년미만,5년미만,7년미만,10년미만",판로ㆍ해외진출,20260724,20260731,,,이메일 접수: ODA@koroad.or.kr,https://www.k-startup.go.kr/web/contents/bizpbanc-ongoing.do?schM=view&pbancSn=178668,main,primary,2026년도교통분야원스톱수출환경구축사업참여기업모집공고,공공기관,20260724~20260731,판로ㆍ해외진출,판로ㆍ해외진출
kst,178667,2026년 G-Space 창업기업 홍보 콘텐츠 제작 지원사업창업기업 모집 연장공고,"(재)경남창조경제혁신센터에서는 창업기업 맞춤형 홍보 콘텐츠 제작을 통해 디지털 시장 진입 기회 확대와 실질적인 기업 성장 기반 마련을 목표로「G-Space 창업기업 홍보 콘텐츠 제작」지원사업을 운영하고 있습니다. 이에, 본 사업에 참여할 창업기업을 다음과 같이 모집하고 있으니 많은 관심과 참여 바랍니다.",창업,공공기관,경상남도,"대학생,일반인,일반기업,1인 창조기업","기업,누구나,청년,초기창업기업","만 20세 미만,만 20세 이상 ~ 만 39세 이하,만 40세 이상",,,"신청일 기준 창업 후 7년 이내의 경상남도 소재* 창업기업 
(타 지역 지원자의 경우 협약체결 후 1개월 이내  경상남도로  본점 또는 지점으로 하는 사업자등록(이전)이 가능한 경우에 한하여 신청할 수 있음)

모집공고문 세부내용확인",,7년미만,사업화,20260724,20260813,,,온라인 접수: https://www.gnstartup.kr/business/8339db24-725a-45bc-baf9-d778adc7b0d8/10748/detail,https://www.k-startup.go.kr/web/contents/bizpbanc-ongoing.do?schM=view&pbancSn=178667,main,primary,2026년gspace창업기업홍보콘텐츠제작지원사업창업기업모집연장공고,공공기관,20260724~20260813,사업화,사업화
kst,178666,[숭실대학교 캠퍼스타운] 2026 숭실 스타트업 아카데미,"숭실대학교 캠퍼스타운에서 창업자들이 직면한 애로사항과 관심도를 반영한 주제를 선정하여, 전문적이고 
실효성 있는 창업 정보를 제공하는 실무 중심의 교육을 진행합니다. 많은 관심과 참여 부탁드립니다.",창업,교육기관,서울특별시,"대학생,일반인,대학,연구기관,일반기업,1인 창조기업","기업,누구나,스타트업,청년,초기창업기업","만 20세 이상 ~ 만 39세 이하,만 40세 이상",,,"스타트업 대표 및 임직원, 예비 창업자 및 창업에 관심이 있는 학생 등",,"예비창업자,1년미만,2년미만,3년미만,5년미만,7년미만,10년미만",창업교육,20260724,20260821,,,온라인 접수: https://forms.gle/knBThJ6rbLFYccaP6,https://www.k-startup.go.kr/web/contents/bizpbanc-ongoing.do?schM=view&pbancSn=178666,main,primary,숭실대학교캠퍼스타운2026숭실스타트업아카데미,교육기관,20260724~20260821,창업교육,창업교육
kst,178665,(재)여성기업종합지원센터 인천센터 2026년 제1차 입주기업 모집 공고,(재)여성기업종합지원센터 인천센터에서는 혁신 기술을 보유한 예비창업자와 초기 창업기업의 성장 지원을 위하여 아래와 같이 입주기업을 모집하오니 역량 있는 여성기업의 많은 신청 바랍니다.,시설/공간,민간,인천광역시,"청소년,대학생,일반인,대학,연구기관,일반기업,1인 창조기업","기업,누구나,여성,청년,초기창업기업","만 20세 미만,만 20세 이상 ~ 만 39세 이하,만 40세 이상",,,"「여성기업지원에관한법률」제2조에 의한 여성기업으로 창업 7년 미만의 여성기업확인서 및 창업기업확인서 둘 다 보유한 여성기업 또는 입주 후 3개월 내 사업자등록 가능한 예비 여성 창업자
     ※ 선정 이후 사업자등록증 주소 이전 필수

- 금융기관의 신용불량거래자
- 국세, 지방세 체납자 및 기타 정부지원사업 부적격자
- 기타 재단 운영요령 및 운영위원회에서 부적합하다고 인정하는 자 등
- 중소기업창업 지원법의 창업으로 인정하지 않는 경우
(사업의 승계, 기업의 형태의 변경, 폐업후 사업재개)
- 중소기업창업지원법 시행령 제4조(창업에서 제외되는 업종)에 해당하는 경우",,"예비창업자,1년미만,2년미만,3년미만,5년미만,7년미만",시설ㆍ공간ㆍ보육,20260723,20260813,,,이메일 접수: gwkim@wbiz.or.kr,https://www.k-startup.go.kr/web/contents/bizpbanc-ongoing.do?schM=view&pbancSn=178665,main,primary,재여성기업종합지원센터인천센터2026년제1차입주기업모집공고,민간,20260723~20260813,시설ㆍ공간ㆍ보육,시설ㆍ공간ㆍ보육
kst,178664,DDM  Union 청년창업 아이디어 챌린지,"동대문구와 동대문구 소재 3개 대학(경희대, 서울시립대, 한국외대)이 연합하여 창의적인 창업 아이디어를 보유한 청년 창업자를 발굴 및 지원하고자 「제3회 DDM Union 청년 창업 아이디어 챌린지」를 개최하오니 관심 있는 청년들의 많은 참여 바랍니다.",행사/네트워크,교육기관,전국,일반인,"누구나,예비창업자,청년",만 20세 이상 ~ 만 39세 이하,20,39,"19세~39세 이하 청년으로 창업에 관심 있는 예비창업자 (첨부된 공고문 내 상세내용 참조)

① 부동산임대업만을 영위하는 창업기업(개인사업자) 대표는 단순 부동산임대업 종사 여부가 확인되는 경우에 한하여 신청 가능
  * 사업자등록증상 사업자등록증상 부동산임대업 이외에 타 업종을 복수로 영위하고 있는 경우 신청 불가

② 사업 공고일 기준 26년도(’26. 1. 1. ~ 7. 20.)에 개인사업자 폐업 또는 법인사업자 폐업(해산 및 청산)을 했을 경우 신청 불가",,예비창업자,행사ㆍ네트워크,20260720,20260807,,,"온라인 접수: https://www.ddm.go.kr/www/selectEminwonWebView.do?key=3291&notAncmtMgtNo=22217
이메일 접수: ddmstartup@ddm.go.kr",https://www.k-startup.go.kr/web/contents/bizpbanc-ongoing.do?schM=view&pbancSn=178664,main,primary,ddmunion청년창업아이디어챌린지,교육기관,20260720~20260807,행사ㆍ네트워크,행사ㆍ네트워크
kst,178663,재도전성공패키지,"중소벤처기업부와 창업진흥원이 추진하는 「2026년 재도전 커뮤니티데이(수도권)」 행사를 다음과 같이 안내하오니, 재도전 창업에 관심 있는 기업(팀) 및 예비창업자의 많은 참여를 바랍니다.
본 행사는 수도권 재도전 창업 커뮤니티 구축을 위해 재도전기업과 예비 재도전 창업자의 경험과 인사이트를 나누고, 정책·금융·투자·재도전 지원 정보를 한 번에 접할 수 있는 프로그램으로 구성되어 있습니다.
참여를 희망하는 분께서는 공고문에 제시된 참가자격 및 신청방법을 확인하시어 기한 내 신청하여 주시기 바랍니다.",창업,교육기관,전국,"청소년,대학생,일반인,대학,연구기관,일반기업,1인 창조기업","기업,누구나,청년,초기창업기업","만 20세 이상 ~ 만 39세 이하,만 40세 이상",,,재도전에 관심있는 누구나,,"예비창업자,1년미만,2년미만,3년미만,5년미만,7년미만,10년미만",사업화,20260727,20260809,,,온라인 접수: https://docs.google.com/forms/d/e/1FAIpQLSdCCWblmcJ6b032Q4NLmMb8L8EEpImFhu0zudcYSbPW06HyOg/viewform?usp=dialog,https://www.k-startup.go.kr/web/contents/bizpbanc-ongoing.do?schM=view&pbancSn=178663,main,primary,재도전성공패키지,교육기관,20260727~20260809,사업화,사업화
kst,178662,창업중심대학,"방산 분야 창업 활성화 및 사업화 지원을 위해 우수한 창업 아이템을 보유한 방산 창업기업을 모집하고자
 『2026년 방산 특화 창업중심대학』창업기업 모집계획을 공고하오니 많은 참여 바랍니다.",창업,공공기관,전국,일반기업,기업,"만 20세 미만,만 20세 이상 ~ 만 39세 이하,만 40세 이상",,,"업력 7년 이내 창업기업 또는 신산업분야의 업력 10년 이내 창업기업
 * 공고문 내 '신청자격 및 요건' 참조

공고문 내 신청제외 대상 참조",,"7년미만,10년미만",사업화,20260724,20260812,,,온라인 접수: https://www.k-startup.go.kr/web/contents/webPMSBizUnvs.do?returnUrl=/screen/BMO0101M01?pbancId=0681301,https://www.k-startup.go.kr/web/contents/bizpbanc-ongoing.do?schM=view&pbancSn=178662,main,primary,창업중심대학,공공기관,20260724~20260812,사업화,사업화
kst,178661,2026년 2차 서울 AI 허브 신규 입주기업 모집 안내,서울시에서 설립하고 서울대학교 공학연구원이 운영하고 있는 「서울 AI 허브」에서는 사무공간 제공 및 성장 지원 사업을 통하여 기업이 스케일업할 수 있도록 인공지능 분야 산업 우수기업을 모집합니다. 서울 AI 허브와 함께 성장할 기업분들의 많은 관심과 신청 바랍니다.,시설/공간,교육기관,서울특별시,"청소년,대학생,일반인,대학,연구기관,일반기업,1인 창조기업","기업,누구나,예비창업자,청년,초기창업기업","만 20세 미만,만 20세 이상 ~ 만 39세 이하,만 40세 이상",,,"인공지능 기술 및 서비스를 보유하거나 세부적인 계획을 추진중인 예비창업자 또는 스타트업
※ 세부자격 공고문 참고

① 「중소기업창업지원법 시행령」 제 4조 각 항에 해당하는 창업기업
② 금융기관 등으로부터 채무불이행으로 규제중인 개인, 기업
③ 국세 혹은 지방세를 체납중인 개인, 기업
④ 서울시 또는 자치구(서울시 소재)의 창업 공간 입주 지원 사업을 수혜중인 개인, 기
※ 단, 입주계약체결일 이전에 사업 수혜기간이 종료되거나 사업을 중도포기한 자는 신청 가능
⑤ 신청일 현재 휴업 또는 폐업인 개인, 기업
⑥ 서울시 창업지원시설에서 문제가 있어 퇴거조치된 기업
⑦ 과거 본 시설에서 창업공간 지원사업에 선정되어 입주공간 지원을 받은 개인, 기업
⑧ 기타 규정 상 규제사항의 위배 등으로 입주가 적정하지 아니하다고 판단되는 개인, 기업
⑨ 개인신용정보상 채무불이행자 또는 신용도 판단정보 등 이상이 있는 자
⑩ 신용보증기관 신용보증사고 및 대위변제 관계자에 해당되는 개인, 기업
⑪ 소음·진동·폐수·악취 등의 공해를 유발하는 기업 또는 업종
⑫ 기타 서울시장이 참여제한의 사유가 있다고 인정하는 자
⑬ 서울 AI 허브 입주 이력이 있는 중도퇴거 및 만기 졸업 기업
⑬ 공고일 기준 사업개시일이 아래 일자 이전에 법인을 설립한 기업
- 신규기업: ‘18년 10월 이전 법인 설립 기업(사업 개시일로부터 8년이 지난 기업)
※ 이 밖에 다른 사유로 서울시 창업지원시설 입주에 문제가 있다고 판단되는 기업",,"예비창업자,1년미만,2년미만,3년미만,5년미만,7년미만,10년미만",시설ㆍ공간ㆍ보육,20260722,20260811,,,온라인 접수: https://www.startup-plus.kr/project/PRJ007360,https://www.k-startup.go.kr/web/contents/bizpbanc-ongoing.do?schM=view&pbancSn=178661,main,primary,2026년2차서울ai허브신규입주기업모집안내,교육기관,20260722~20260811,시설ㆍ공간ㆍ보육,시설ㆍ공간ㆍ보육
kst,178659,「2026 한국전자전(KES)」 관악S밸리관 참가기업 모집,"(재)관악중소벤처진흥원에서는 AX, 로보틱스 등 전 산업 분야를 총망라하는 국내 최고 IT 전시회인 「2026 한국전자전(KES)」 관악S밸리관에 참가할 관악 소재 유망 스타트업을 아래와 같이 모집하오니 많은 관심과 신청 바랍니다.",판로/수출,공공기관,서울특별시,"청소년,대학생,일반인,대학,연구기관,일반기업,1인 창조기업","기업,누구나,청년,초기창업기업","만 20세 미만,만 20세 이상 ~ 만 39세 이하,만 40세 이상",,,"- 관악 소재 기업 중 아래 세가지 요건을 모두 충족한 기업
①‘2026 한국전자전(KES)’전시분야에 적합한 기업
*분야: AX(AI transformation), 로보틱스, 모빌리티, 디지털헬스·라이프, XR·공간컴퓨팅, 전자부품소재 등
② 전시회에 출품 가능한 수준의 제품 및 솔루션을 보유한 기업
③ 기타 공공기관 지원사업을 통해 지원받는 &apos;2026 한국전자전(KES)&apos; 참가지원사업과 중복지원 불가

본점 및 주 사업장 소재지(연구소, 지사 등)가 관악구가 아닌 기업",,"1년미만,2년미만,3년미만,5년미만,7년미만,10년미만",판로ㆍ해외진출,20260723,20260807,,,온라인 접수: https://www.gsva.or.kr/main/post/view.do?post_sn=11,https://www.k-startup.go.kr/web/contents/bizpbanc-ongoing.do?schM=view&pbancSn=178659,main,primary,2026한국전자전kes관악s밸리관참가기업모집,공공기관,20260723~20260807,판로ㆍ해외진출,판로ㆍ해외진출
kst,178658,일본 CEATEC 2026 전시회 참가기업 모집 공고,"재단법인 글로벌디지털혁신네트워크는 일본 IT 시장을 타켓으로 하는 디지털 분야 기업 대상 일본 지바현(도쿄 인근 도시)에서 개최하는 ‘CEATEC 2026'(일본 전자정보통신박람회) 전시회 참여기업을 모집하오니, 많은 참여와 신청 바랍니다.",판로/수출,민간,전국,일반기업,기업,"만 20세 미만,만 20세 이상 ~ 만 39세 이하,만 40세 이상",,,"? 일본시장 진출 준비도가 우수한 디지털·ICT‧AI 분야 기업 8개사

? 신청자격 (①~④번 사항 모두 충족)
① 시장에 출시된 제품 및 시연이 가능한 디지털·ICT 융합 기술의 상용화된 제품 및 서비스 보유기업
② 일본시장 진출이 준비된 기업
1) 일본 지역 파트너사, 기업, 기관 대상 수출 또는 매출 보유
2) 일본 지역 파트너사, 기업, 기관 대상 MOU, NDA 등 협약 체결 보유
3) 일본 지역 내 현지 지식재산권 보유
4) 일본 현지 법인(지사, 자회사 등)을 보유한 기업
5) 일본 지역 VC 또는 투자기관에 투자를 받은 기업
6) 일본 전시회 참여 이력이 있는 기업
※ 위 1) ~ 6) 중 6개 사항에 대해 1개 이상 해당되는 기업
③ 전시회 기간(`10.13 ~10`.16.) 중 일본 지역 내 성과가 예상되는 기업
- 일본시장 및 타 국가 파트너사와의 매출, 계약, 투자, MOU, 경진대회 수상 등 실질적인 성과 발생이 확정된 기업
④ 참여자 중 반드시 대표자 또는 공동창업자 1명 이상 필수 참여가 가능한 기업

① 상기 ‘신청자격’ 기준미달 기업
② 정부/지자체/유관기관으로부터 본 전시회 지원 내용으로 지원금을 받은 기업 (공고일 기준)
※ 본 사업에 선정된 기업이 상기 사항을 위배하고 허위 사실을 기재한 경우, 그 즉시 선정취소 및 정부지원금 환수 등의 조치를 취할 수 있음
③ 기업공개(IPO) 상장 기업, 금융기관 채무불이행, 국세 및 지방세 체납중인 기업",,"예비창업자,1년미만,2년미만,3년미만,5년미만,7년미만,10년미만",글로벌,20260723,20260804,,,온라인 접수: https://www.gdinfoundation.com/event-details/a1BTJ000008h7WH2AY,https://www.k-startup.go.kr/web/contents/bizpbanc-ongoing.do?schM=view&pbancSn=178658,main,primary,일본ceatec2026전시회참가기업모집공고,민간,20260723~20260804,글로벌,글로벌
kst,178657,[무료 웨비나] 2027년을 대비하는 기업 고정비 절감 전략,"기업 운영 과정에서 발생하는 SaaS 구독료, AI 도구 사용료, 결제 수수료, 정산 업무 등은 지속적으로 증가하는 고정비 항목입니다. 이러한 비용은 정기적인 점검과 관리만으로도 운영 효율을 높이고 비용을 절감할 수 있습니다.
본 웨비나에서는 고정비 진단 방법부터 SaaS 비용 관리, 결제 수수료 절감, 정산 자동화 및 백오피스 운영 효율화 사례까지 실제 기업 운영에 활용할 수 있는 실무 중심의 내용을 소개합니다. 운영비 절감과 업무 효율화에 관심 있는 기업 담당자 및 사업자 여러분의 많은 참여를 바랍니다.",교육/멘토링,민간,전국,"일반기업,1인 창조기업","기업,누구나,초기창업기업","만 20세 미만,만 20세 이상 ~ 만 39세 이하,만 40세 이상",,,"SaaS 비용 관리, 결제 수수료 절감, 정산 자동화에 관심 있는 기업 및 사업자 누구나",,"예비창업자,1년미만,2년미만,3년미만,5년미만,7년미만,10년미만",멘토링ㆍ컨설팅ㆍ교육,20260723,20260729,,,온라인 접수: https://tosspayments.recatch.cc/workflows/rqmowecjds?utm_source=toss&utm_medium=viral&utm_campaign=k_strartup,https://www.k-startup.go.kr/web/contents/bizpbanc-ongoing.do?schM=view&pbancSn=178657,main,primary,무료웨비나2027년을대비하는기업고정비절감전략,민간,20260723~20260729,멘토링ㆍ컨설팅ㆍ교육,멘토링ㆍ컨설팅ㆍ교육
kst,178656,인천스타트업파크 부스트 스타트업,인천스타트업파크는 세계적인 바이오‧헬스케어 분야 투자 파트너링 행사인 RESI(Redefining Early Stage Investment) Boston 참가를 통해 글로벌 투자유치와 사업협력 기회를 모색할 인천 혁신 스타트업을 모집합니다. 글로벌 투자자와의 1:1 파트너링 미팅 중심으로 진행되는 본 프로그램에 많은 관심과 신청 바랍니다.,판로/수출,공공기관,인천광역시,"청소년,대학생,일반인,대학,연구기관,일반기업,1인 창조기업","기업,누구나,스타트업,청년,초기창업기업","만 20세 미만,만 20세 이상 ~ 만 39세 이하,만 40세 이상",,,"o 글로벌 진출역량과 의사가 있고, 상용화 가능한 제품이나 서비스를
보유하고 있는 바이오‧헬스케어 분야의 스타트업
※ 전담인력 중 최소 1인 이상 영어 능통자를 보유하여야 함
o 공고 마감일 기준 인천 소재 본사‧연구소‧공장을 보유한 창업 7년 이내 
관내 기업(중소기업창업 지원법에 의거 신산업 창업 분야는 10년까지 신청 가능)

공고일 기준 아래 요건에 해당하는 기업
- 국세 및 지방세 체납 이력 및 해외출국에 결격 사유 보유 기업
- 인천스타트업파크 프로그램 참여 제한 이력 보유 기업",,10년미만,글로벌,20260710,20260731,,,온라인 접수: https://startuppark.kr/main/business/view.do?sq=416&TP=modify&search=,https://www.k-startup.go.kr/web/contents/bizpbanc-ongoing.do?schM=view&pbancSn=178656,main,primary,인천스타트업파크부스트스타트업,공공기관,20260710~20260731,글로벌,글로벌
kst,178655,메이커 스페이스,제품 개발 재료비를 지원하는 제조 AI 기술 사업화 지원 수혜기업을 모집하오니 관심 있는 기업의 많은 참여 바랍니다.,시설/공간,교육기관,전국,"일반기업,1인 창조기업","기업,초기창업기업","만 20세 이상 ~ 만 39세 이하,만 40세 이상",,,"제조 현장 활용 가능 AI 기술을 보유·개발한 하드웨어 제조기업

공고문 참조",,"1년미만,2년미만,3년미만,5년미만,7년미만,10년미만",시설ㆍ공간ㆍ보육,20260722,20260807,,,이메일 접수: creativefactory@iact.or.kr,https://www.k-startup.go.kr/web/contents/bizpbanc-ongoing.do?schM=view&pbancSn=178655,main,primary,메이커스페이스,교육기관,20260722~20260807,시설ㆍ공간ㆍ보육,시설ㆍ공간ㆍ보육
kst,178653,제3회 W-Venture 창업 경진대회,"「제 3회 W-Venture 창업경진대회 x B-Vensday」참가자 모집을 아래와 같이 공고하오니, 부산·울산·경남 지역의 예비 여성창업자 및 여성창업기업(7년 미만)의 많은 참여를 바랍니다.",교육/멘토링,민간,부산광역시,"대학생,일반인,일반기업,1인 창조기업","기업,누구나,청년,초기창업기업","만 20세 이상 ~ 만 39세 이하,만 40세 이상",,,"부산·울산·경남 예비 여성창업자 및 창업 후 7년 미만 여성창업기업 (투자유치 30억 미만)

‘26년 중 동일한 아이템으로 상금 1천만원 이상의 수혜를 받은 경력이 있는 기업은 시상 시 수혜 불가",,"예비창업자,1년미만,2년미만,3년미만,5년미만,7년미만",멘토링ㆍ컨설팅ㆍ교육,20260701,20260807,,,온라인 접수: https://docs.google.com/forms/d/e/1FAIpQLSfwAsEfNjZNgMKHeWEuBjNyKOvNyoai8AqJBXzSN2pY53_cJQ/viewform,https://www.k-startup.go.kr/web/contents/bizpbanc-ongoing.do?schM=view&pbancSn=178653,main,primary,제3회wventure창업경진대회,민간,20260701~20260807,멘토링ㆍ컨설팅ㆍ교육,멘토링ㆍ컨설팅ㆍ교육
kst,178652,롯데중앙연구소×스타트업 오픈이노베이션 챌린지 2026 참여기업 모집,"(재)부산창조경제혁신센터에서는 윌로펌프 와 함께 개방형 혁신에 기여할 유망 스타트업을 발굴하여, 
비지니스 매칭, 시장검증, 사업제휴 등의 기회를 제공하여 지속가능한동반성장 동력을 마련하기 위한
'롯데중앙연구소×스타트업 오픈이노베이션 챌린지 2026' 를 다음과 같이 재공고하오니 많은 신청바랍니다.",창업,공공기관,전국,일반기업,"기업,스타트업","만 20세 미만,만 20세 이상 ~ 만 39세 이하,만 40세 이상",,,"(공고일 기준) 전국 소재 업력 7년 미만 스타트업
* AX 기술/서비스 스타트업 우대",,7년미만,사업화,20260722,20260804,,,온라인 접수: https://zrr.kr/qYSgHm,https://www.k-startup.go.kr/web/contents/bizpbanc-ongoing.do?schM=view&pbancSn=178652,main,primary,롯데중앙연구소스타트업오픈이노베이션챌린지2026참여기업모집,공공기관,20260722~20260804,사업화,사업화
kst,178651,이노베이션 어워즈,세계 최고 수준의 기술력과 경쟁력을 보유한 모빌리티·AI/ICT·로봇산업 등 유망기업을 발굴ㆍ포상하여 글로벌 시장경쟁력을 제고하기 위한 “FIX 이노베이션 어워즈” 선정 계획을 다음과 같이 공고합니다.,행사/네트워크,민간,대구광역시,"대학,연구기관,일반기업,1인 창조기업","기업,초기창업기업","만 20세 미만,만 20세 이상 ~ 만 39세 이하,만 40세 이상",,,"미래모빌리티, AI·ICT, 로봇 분야의 혁신 기술·제품을 보유한 기업

· 접수 마감일 현재, 신청 기업/대표가 정부기관 등으로부터 사업 제재 중이거나, 의무사항(보고서 제출, 기술료(납부계획서)/정산금/환수금 납부 등) 등을 불이행 중인 경우
· 신청서 등 관련 서류를 허위로 작성, 제출한 경우
· 금융기관 등으로부터 금융 불량 거래처로 규제 중인 기업
· 휴ㆍ폐업 중인 기업
· 부도덕한 행위 등으로 사회적 물의를 야기하거나, 언론보도 또는 소송․민원제기 등의 논란이 있어 포상이 합당치 않다고 판단되는 기업(대표자)
· 기타 상훈법 및 정부포상업무지침 상 추천제한에 해당하는 기업(대표자)
※ 수상에 선정되었더라도 상기 지원제외 사항이 확인될 경우 수상 취소",,"예비창업자,1년미만,2년미만,3년미만,5년미만,7년미만,10년미만",행사ㆍ네트워크,20260723,20260822,,,온라인 접수: https://fixkorea.or.kr/event/sub05.asp,https://www.k-startup.go.kr/web/contents/bizpbanc-ongoing.do?schM=view&pbancSn=178651,main,primary,이노베이션어워즈,민간,20260723~20260822,행사ㆍ네트워크,행사ㆍ네트워크
kst,178650,2026-9회 호남권 엔젤투자 피칭룸 in 전남광주 참가기업 모집 안내,⌜호남권 엔젤투자 피칭룸⌟ 은 한국엔젤투자협회에서 호남권 소재(전남광주·전북·제주)의 스타트업의 투자유치 연계를 지원하는 투자 상담 프로그램입니다. 투자유치에 관심 있으신 호남권 소재 스타트업 대표님과 예비창업자분들의 많은 관심과 참여 부탁드립니다.,교육/멘토링,민간,전남광주,"청소년,대학생,일반인,대학,연구기관,일반기업,1인 창조기업","기업,누구나,예비창업자,청년,초기창업기업","만 20세 미만,만 20세 이상 ~ 만 39세 이하,만 40세 이상",,,"창업 7년 이내 전남광 소재 스타트업 및 예비창업자
* 전북, 제주 별도 운영

창업 7년 초과기업",,"예비창업자,1년미만,2년미만,3년미만,5년미만,7년미만",멘토링ㆍ컨설팅ㆍ교육,20260722,20260803,,,온라인 접수: http://bit.ly/3XSJDch,https://www.k-startup.go.kr/web/contents/bizpbanc-ongoing.do?schM=view&pbancSn=178650,main,primary,20269회호남권엔젤투자피칭룸in전남광주참가기업모집안내,민간,20260722~20260803,멘토링ㆍ컨설팅ㆍ교육,멘토링ㆍ컨설팅ㆍ교육
kst,178649,2026년 대구 스타트업 오픈이노베이션 자율제안형(상향식) 실증 프로그램 지원기업 모집 공고,"대구광역시와 (재)대구창조경제혁신센터는 대·중견·중소·공기업 등 선도기업과의 협업을 통한 창업기업의 혁신 성장을 지원하기 위해 「2026년 대구 스타트업 오픈이노베이션 자율제안형(상향식) 실증 프로그램」을 운영하며, 본 프로그램에 참여할 창업기업 모집을 다음과 같이 공고합니다.",창업,공공기관,대구광역시,일반기업,"기업,스타트업","만 20세 미만,만 20세 이상 ~ 만 39세 이하,만 40세 이상",,,"○ (필수사항) 3가지 기준 모두 충족 시 지원 가능
    ① 선도기업(대·중견·중소·공기업 등)과 사전 협업 협의가 완료된 창업기업
        * 구체적인 실증 과제 내용을 제안하여야 하며, 사업 신청 시 선도기업의 참여 확약서 제출 필수
    ② 공고일 기준 업력 7년 이내의 창업기업(’19. 7. 22. ~ ’26. 7. 21.)
        * 신산업 분야의 경우 공고일 기준 10년 이내의 창업기업(’16. 7. 22. ~ ’26. 7. 21.)
    ③ 공고일 기준 본사 소재지가 대구광역시인 기업 혹은 협약 후 2개월 이내 대구광역시로 본사 이전 예정인 기업
 ○ (우대사항) 대구 스타트업 오픈이노베이션 밋업데이* 참여 창업기업
        * 해당 기업은 서류평가 시 가점 3점 부여
        * 2023년부터 공고 마감일까지 개최된 총 9회의 밋업데이 참여기업을 대상으로 함",,"7년미만,10년미만",사업화,20260721,20260807,,,온라인 접수: https://startup.daegu.go.kr/index.do?menu_id=00002552&menu_link=/front/project/projectFrontDetail.do?project_id=PROJECT_00004928,https://www.k-startup.go.kr/web/contents/bizpbanc-ongoing.do?schM=view&pbancSn=178649,main,primary,2026년대구스타트업오픈이노베이션자율제안형상향식실증프로그램지원기업모집공고,공공기관,20260721~20260807,사업화,사업화
kst,178648,벤처창업지원센터,신규 입주기업 모집 계획을 다음과 같이 공고하오니 입주를 희망하는 기업은 안내에 따라 신청하기 바랍니다.,시설/공간,교육기관,서울특별시,"일반기업,1인 창조기업","기업,예비창업자,초기창업기업","만 20세 미만,만 20세 이상 ~ 만 39세 이하,만 40세 이상",,,"■ 예비창업자 또는 입주신청일 기준 창업 3년 미만의 중소기업법상 창업의 범위에
해당하는 개인 및 법인사업자
■ 우대 사항 : 성북구 내 사업장 소재 기업, 대표자가 성북구 주민인 기업

■ 국세 및 지방세 체납자, 사법기관으로부터 기소 중인 기업
■ 폐수, 소음, 진동 공해 다발업종 영유기업
■ 동일 업태·업종의 창업 3년 이상의 기존 사업자를 보유하고 있는 자
■ 입주일 이후 3개월 이내 센터 보육실로 사업자주소 변경이 불가능한 기업
■ 본사가 아닌 연구소·지사로 입주를 원하는 기업
■ 기타 센터에서 부적합하다고 인정된 자(일반소상공인, 단순 창업 등)",,"예비창업자,3년미만",시설ㆍ공간ㆍ보육,20260722,20260805,,,이메일 접수: venture@hansung.ac.kr,https://www.k-startup.go.kr/web/contents/bizpbanc-ongoing.do?schM=view&pbancSn=178648,main,primary,벤처창업지원센터,교육기관,20260722~20260805,시설ㆍ공간ㆍ보육,시설ㆍ공간ㆍ보육
kst,178647,2026년 부산 창업기업 액셀러레이팅 프로그램 참여기업 모집 공고,( 재 ) 부산창조경제혁신센터는 지역의 초격차 및 딥테크 분야 우수 창업기업 육성 및 스케일업을 위한 「 2026 년 부산 창업기업 액셀러 레이팅 프로그램 」에 참여할 (예비) 창업기업을 다음과 같이 모집합니다 .,교육/멘토링,공공기관,부산광역시,"일반인,일반기업,1인 창조기업","기업,누구나,예비창업자,초기창업기업","만 20세 이상 ~ 만 39세 이하,만 40세 이상",,,"- 부산지역 예비 · 초기 창업패키지 * 및 창업중심대학 ** 선정된 예비창업자 및 초기창업자 중 17 개 팀
  * 부산창조경제혁신센터 예비 · 초기 창업패키지 , 동아대학교 초기창업패키지
  ** 부산대학교 창업중심대학

-  신청일 기준 휴·폐업 중인 자(기업)
- 금융기관 등으로부터 채무불이행으로 규제 중인 자(기업)
- 국세 또는 지방세 체납 중인 자(기업)
「근로기준법」에 따라 고용노동부가 공개하는 체불사업주 명단에 포함된 자(기업)
- 중소기업창업지원법 시행령 제4조(창업에서 제외되는 업종)의 업종을 영위하고 있거나 영위하고자 하는 자
- 기타 주최·주관기관장이 참여를 제한할 정당한 사유가 있다고 인정하는 자(기업)",,"예비창업자,1년미만,2년미만,3년미만,5년미만,7년미만,10년미만",멘토링ㆍ컨설팅ㆍ교육,20260721,20260729,,,"온라인 접수: https://forms.gle/RMh3HvX1YHbk8gMb8
기타 접수: - 신청서 및 서류는 압축파일 형태로 구글폼 내 드라이브 업로드
- 압축파일 제목은 ‘신청자명_기업명(또는 팀명)’ 으로 저장
- 신청 마감일에는 문의 및 접속이 원활하지 않을 수 있으므로, 마감 1일 전에 미리 신청하는 것을 권장",https://www.k-startup.go.kr/web/contents/bizpbanc-ongoing.do?schM=view&pbancSn=178647,main,primary,2026년부산창업기업액셀러레이팅프로그램참여기업모집공고,공공기관,20260721~20260729,멘토링ㆍ컨설팅ㆍ교육,멘토링ㆍ컨설팅ㆍ교육
kst,178646,[강동구 청년해냄센터] 전문분야 창업멘토링 8월 참가자 모집,강동구 청년해냄센터에서 전문분야 창업 멘토링 데이 계획을 다음과 같이 공고하오니 참여 희망자는 안내에 따라 신청하시기 바랍니다.,교육/멘토링,공공기관,서울특별시,"청소년,대학생,일반인,대학,연구기관,일반기업,1인 창조기업","기업,누구나,예비창업자,청년,초기창업기업","만 20세 미만,만 20세 이상 ~ 만 39세 이하,만 40세 이상",,,"예비창업자, 기창업자",,"예비창업자,1년미만,2년미만,3년미만,5년미만,7년미만,10년미만",멘토링ㆍ컨설팅ㆍ교육,20260722,20260804,,,온라인 접수: https://docs.google.com/forms/d/e/1FAIpQLSd_wI5eMvjMG8uNlPFanD4MCNEQJ0ktunn9nk9uNRoWTZfBDw/viewform,https://www.k-startup.go.kr/web/contents/bizpbanc-ongoing.do?schM=view&pbancSn=178646,main,primary,강동구청년해냄센터전문분야창업멘토링8월참가자모집,공공기관,20260722~20260804,멘토링ㆍ컨설팅ㆍ교육,멘토링ㆍ컨설팅ㆍ교육
kst,178645,KAIST 딥테크 유망랩 라운드테이블,"KAIST 우수 성과를 산업계와 연결하여 기술이전 및 상용화를 촉진하고자, 「KAIST 딥테크 유망랩 라운드테이블」을 개최하오니 많은 관심과 참여 바랍니다.",창업,민간,전국,"일반기업,1인 창조기업","기업,초기창업기업","만 20세 이상 ~ 만 39세 이하,만 40세 이상",,,KAIST 기술 활용 및 도입을 희망하는 전국 중소·중견기업,,"1년미만,2년미만,3년미만,5년미만,7년미만,10년미만",사업화,20260723,20260807,,,온라인 접수: https://forms.gle/5nLWFyRCGvQWF8y96,https://www.k-startup.go.kr/web/contents/bizpbanc-ongoing.do?schM=view&pbancSn=178645,main,primary,kaist딥테크유망랩라운드테이블,민간,20260723~20260807,사업화,사업화
kst,178644,2026 GH 베이스캠프 참여기업 모집공고,글로벌 진출을 희망하는 판교 스타트업·기업의 글로벌 시장개척 및 사업화 지원을 위한 2026년 GH 베이스캠프 참여 대상기업을 모집하오니 많은 관심과 참여를 바랍니다.,행사/네트워크,공공기관,경기도,"일반기업,1인 창조기업","기업,초기창업기업","만 20세 미만,만 20세 이상 ~ 만 39세 이하,만 40세 이상",,,"제1, 2판교에 소재지를 두고 있는 기업",,"1년미만,2년미만,3년미만,5년미만,7년미만,10년미만",행사ㆍ네트워크,20260709,20260803,,,온라인 접수: https://www.gh.or.kr/gh/notice.do?mode=view&articleNo=64988&article.offset=0&articleLimit=10,https://www.k-startup.go.kr/web/contents/bizpbanc-ongoing.do?schM=view&pbancSn=178644,main,primary,2026gh베이스캠프참여기업모집공고,공공기관,20260709~20260803,행사ㆍ네트워크,행사ㆍ네트워크
kst,178643,1인 창조기업 지원센터,중소벤처기업부가 지원하고 한국여성벤처협회가 운영하는 여성 1인 창조기업 지원센터에서는 여성 창업을 촉진하고 혁신적 아이템으로 벤처창업에 도전을 희망하는 여성 (예비)창업자를 모집하고자 다음과 같이 공고합니다.,시설/공간,민간,서울특별시,"청소년,대학생,일반인,대학,연구기관,일반기업,1인 창조기업","기업,누구나,청년,초기창업기업","만 20세 미만,만 20세 이상 ~ 만 39세 이하,만 40세 이상",,,"창의성과 전문성을 갖춘 여성 1인 창조기업 및 6개월 이내 창업이 가능한 여성 (예비)창업자
* 타 직장에 재직 중이지 않은 여성 (예비)창업자

1인 창조기업 범위에서 제외되는 업종으로 상세한 내용은 공고문 참고1(1인 창조기업 인정범위)을 확인하여 주시기 바랍니다.",,"예비창업자,1년미만,2년미만,3년미만,5년미만,7년미만,10년미만",시설ㆍ공간ㆍ보육,20260723,20260813,,,이메일 접수: kovwabiz@naver.com,https://www.k-startup.go.kr/web/contents/bizpbanc-ongoing.do?schM=view&pbancSn=178643,main,primary,1인창조기업지원센터,민간,20260723~20260813,시설ㆍ공간ㆍ보육,시설ㆍ공간ㆍ보육
kst,178642,2026년 성남시 북유럽 시장개척단 참여기업 모집,성남시 중소기업의 해외시장 진출 및 수출 경쟁력 강화를 위하여「2026년도 성남시 북유럽 시장개척단」에 참가할 기업을 다음과 같이 모집하오니 많은 관심과 신청 바랍니다.,판로/수출,지자체,경기도,일반기업,기업,"만 20세 미만,만 20세 이상 ~ 만 39세 이하,만 40세 이상",,,"중소기업기본법 제2조에 의한 중소기업으로 본사 또는 공장 소재지가 성남시인 기업

- 제출서류 허위 작성 또는 위변조한 증명서를 제출한 기업
  - 국세 및 지방세 체납업체
  - NICE 신용조회 결과 회수의문, 휴폐업, 부도에 해당하는 기업
  - 타사의 제품에 상표만 붙여서 판매하는 등의 단순 유통회사
  - 진흥원 참여기업 기본조건에 부합하고 지원부적격 사항에 해당하지 않는 기업
  - 사업 선정 후 참가포기 시 당해연도 '해외전시회 단체참가 지원'사업 및 '해외 시장개척단 운영' 사업 참여 제한",,"1년미만,2년미만,3년미만,5년미만,7년미만,10년미만",판로ㆍ해외진출,20260721,20260805,,,온라인 접수: https://portal.snip.or.kr:8443/portal/snip/MainMenu/businessManagement/application.page?portlet=2026-0205&portlet2=4191&ptlYn=Y,https://www.k-startup.go.kr/web/contents/bizpbanc-ongoing.do?schM=view&pbancSn=178642,main,primary,2026년성남시북유럽시장개척단참여기업모집,지자체,20260721~20260805,판로ㆍ해외진출,판로ㆍ해외진출
kst,178640,일본 후쿠오카 진출 지원 Plug in: Fukuoka #13 참가 스타트업 모집 공고(~ 7/31 18:00),"(재)부산창조경제혁신센터에서는 글로벌역량을 갖춘 AI, 피지컬 AI·로보틱스, 애그테크, 헬스케어·바이오 분야 스타트업의 일본 진출 지원을 위한 「Plug in: Fukuoka #13」에 참가할 스타트업을 다음과 같이 모집합니다.",판로/수출,공공기관,전국,일반기업,"기업,스타트업","만 20세 미만,만 20세 이상 ~ 만 39세 이하,만 40세 이상",,,"- TRACK 1 (부산소재) : 부산소재 AI, 피지컬 AI·로보틱스, 애그테크, 헬스케어·바이오 분야 7년이내 스타트업 (2개사 내외)
   ㄴ 부산창업포털 접수 (https://www.busanstartup.kr/)
- TRACK 2 (전국소재) : 전국소재 AI, 피지컬 AI·로보틱스, 애그테크, 헬스케어·바이오 분야 7년이내 스타트업 (3개사 내외)
   ㄴ 담당자 메일 접수 (daeun@ccei.kr) 
       ※ 이메일 제출 시 제목 표기 : [기업명] Plug in: Fukuoka #13 신청",,7년미만,판로ㆍ해외진출,20260721,20260731,,,"온라인 접수: https://www.busanstartup.kr/biz_sup/2185?mcode=biz02&pageNo=1&deadline=N&deleteYn=N&s_orderby=regi&s_desc=desc
이메일 접수: daeun@ccei.kr",https://www.k-startup.go.kr/web/contents/bizpbanc-ongoing.do?schM=view&pbancSn=178640,main,primary,일본후쿠오카진출지원pluginfukuoka13참가스타트업모집공고7311800,공공기관,20260721~20260731,판로ㆍ해외진출,판로ㆍ해외진출
kst,178639,26년 국토교통 창업지원센터 입주기업 추가 모집공고,국토교통 분야 혁신기술 보유 예비창업자 및 기업을 맞춤형 지원하기 위하여 운영중인 ‘국토교통 창업지원센터’에 입주할 예비창업자 및 기업을 모집하오니 많은 신청 바랍니다.,시설/공간,공공기관,전국,"일반인,일반기업","기업,누구나,예비창업자","만 20세 미만,만 20세 이상 ~ 만 39세 이하,만 40세 이상",,,예비창업자 및 업력 7년 이내 국토교통 분야 기업,,"예비창업자,7년미만",시설ㆍ공간ㆍ보육,20260721,20260804,,,온라인 접수: https://hub.kaia.re.kr/organSupportHub.do/view?suppId=202&orgKind=ORG_KIND_1&curPage=,https://www.k-startup.go.kr/web/contents/bizpbanc-ongoing.do?schM=view&pbancSn=178639,main,primary,26년국토교통창업지원센터입주기업추가모집공고,공공기관,20260721~20260804,시설ㆍ공간ㆍ보육,시설ㆍ공간ㆍ보육
kst,178637,관악 라이브커머스 지원 참여기업 모집,온라인 판로 진출을 위한 관악 라이브커머스 지원 참여기업 모집하오니 많은 신청 바랍니다.,판로/수출,지자체,서울특별시,"대학생,일반인,대학,연구기관,일반기업,1인 창조기업","기업,누구나,청년,초기창업기업",만 20세 이상 ~ 만 39세 이하,20,39,관악거주 혹은 관악에 사업자를 등록한 청년(1987년 이후 출생자),,"예비창업자,1년미만,2년미만,3년미만,5년미만",판로ㆍ해외진출,20260721,20260816,,,온라인 접수: https://www.checkin-gwanak.or.kr/core/?cid=58&role=programvopn&pSeq=1223&tab=,https://www.k-startup.go.kr/web/contents/bizpbanc-ongoing.do?schM=view&pbancSn=178637,main,primary,관악라이브커머스지원참여기업모집,지자체,20260721~20260816,판로ㆍ해외진출,판로ㆍ해외진출
kst,178636,2026년 WEROUND 공유형 공간 신규 입주기업 상시 모집,"2026년 WEROUND 공유형 공간 신규 입주기업 상시 모집을 다음과 같이 공고하오니, 관심있는 기업들의 많은 신청바랍니다.",시설/공간,교육기관,전국,"대학생,일반인,대학,연구기관,일반기업,1인 창조기업","기업,누구나,청년,초기창업기업","만 20세 미만,만 20세 이상 ~ 만 39세 이하,만 40세 이상",,,"기술기반 아이템을 보유한 예비~창업 7년 이내 스타트업
※ 신산업 창업 분야에 관한 규정 제3조 1항에 따라 신산업 창업 분야는 창업 10년 이내",,"예비창업자,1년미만,2년미만,3년미만,5년미만,7년미만,10년미만",시설ㆍ공간ㆍ보육,20260722,20260807,,,방문 접수: 경기도 성남시 수정구 금토로 80번길 56 위든타워 2층 WEROUND 행정실,https://www.k-startup.go.kr/web/contents/bizpbanc-ongoing.do?schM=view&pbancSn=178636,main,primary,2026년weround공유형공간신규입주기업상시모집,교육기관,20260722~20260807,시설ㆍ공간ㆍ보육,시설ㆍ공간ㆍ보육
kst,178635,2026년 WEROUND 제3차 신규 입주기업 모집 공고 (~8/7),"WEROUND 제3차 신규 입주기업 모집을 다음과 같이 공고하오니, 관심있는 기업들의 많은 신청바랍니다.",시설/공간,교육기관,전국,"대학생,일반인,대학,연구기관,일반기업,1인 창조기업","기업,누구나,청년,초기창업기업","만 20세 미만,만 20세 이상 ~ 만 39세 이하,만 40세 이상",,,"기술기반 아이템을 보유한 예비~창업 7년 이내 스타트업
※ 신산업 창업 분야에 관한 규정 제3조 1항에 따라 신산업 창업 분야는 창업 10년 이내",,"예비창업자,1년미만,2년미만,3년미만,5년미만,7년미만,10년미만",시설ㆍ공간ㆍ보육,20260722,20260807,,,이메일 접수: weround@sogang.ac.kr,https://www.k-startup.go.kr/web/contents/bizpbanc-ongoing.do?schM=view&pbancSn=178635,main,primary,2026년weround제3차신규입주기업모집공고87,교육기관,20260722~20260807,시설ㆍ공간ㆍ보육,시설ㆍ공간ㆍ보육
kst,178634,2026년 제3회 ICT콤플렉스 스타트업 투자상담회 참가기업 모집,"ICT콤플렉스에서 유망 사업 아이템을 보유한 창업기업의 성장 지원을 위해 스타트업 투자상담회를 개최합니다.
투자유치를 희망하는 창업자분들의 많은 관심과 참여바랍니다.",교육/멘토링,민간,전국,"대학생,일반인,대학,연구기관,일반기업,1인 창조기업","기업,누구나,스타트업,청년,초기창업기업","만 20세 이상 ~ 만 39세 이하,만 40세 이상",,,ICT기술 기반의 창업 7년 이내 기업,,7년미만,멘토링ㆍ컨설팅ㆍ교육,20260721,20260812,,,이메일 접수: ictcoc@kfict.or.kr,https://www.k-startup.go.kr/web/contents/bizpbanc-ongoing.do?schM=view&pbancSn=178634,main,primary,2026년제3회ict콤플렉스스타트업투자상담회참가기업모집,민간,20260721~20260812,멘토링ㆍ컨설팅ㆍ교육,멘토링ㆍ컨설팅ㆍ교육
kst,178633,「2026 기업가정신 확산 및 진흥 유공」 포상 신청 공고,기업가정신 생태계 구축과 문화조성에 기여한 공적이 있는 단체 또는 개인의 성과와 노고를 격려하기 위한 「2026 기업가정신 확산 및 진흥 유공」 포상 신청·접수를 아래와 같이 공고하오니 많은 참여 바랍니다.,창업,민간,전국,"청소년,대학생,일반인,대학,연구기관,일반기업,1인 창조기업","기업,누구나,청년,초기창업기업","만 20세 미만,만 20세 이상 ~ 만 39세 이하,만 40세 이상",,,"기업가정신 교육, 정책 개발, 연구 등 기업가정신 생태계 구축과 문화조성에 3년 이상 기여한 공적이 있는 개인 또는 단체
1) 개인
- 교사, 교수, 창업지원 기관 및 기업가정신 관련 기관 소속 임직원 
- 기업가정신을 발현하고 있는 기업·기관 소속 대표 및 임직원
2) 단체
- 교육, 창업지원, 정책개발, 연구 등 기업가정신 확산에 기여한 단체 
- 기업가정신을 발현하고 있는 기업·기관 및 단체",,"예비창업자,1년미만,2년미만,3년미만,5년미만,7년미만,10년미만",창업교육,20260713,20260911,,,이메일 접수: angel@koef.or.kr,https://www.k-startup.go.kr/web/contents/bizpbanc-ongoing.do?schM=view&pbancSn=178633,main,primary,2026기업가정신확산및진흥유공포상신청공고,민간,20260713~20260911,창업교육,창업교육
kst,178632,제13회 기업가정신 교육 우수사례 경진대회 참가자 모집,기업가정신 교육콘텐츠 개발 및 활용 노하우를 교육현장의 동료들과 공유하고자 하는 교육자 여러분의 많은 참여를 바랍니다. 또한 국내 기업가정신교육 환경의 지속적 발전을 위한 신규 콘텐츠 개발 및 교육자 역량 강화 프로그램 마련의 기반이 되는 본 경진대회에 많은 관심 부탁드립니다.,창업,민간,전국,"청소년,대학생,일반인,대학,연구기관,일반기업,1인 창조기업","기업,누구나,청년,초기창업기업","만 20세 미만,만 20세 이상 ~ 만 39세 이하,만 40세 이상",,,"◦ 기업가정신교육 경험을 열린 마음으로 공유하고자 하는 누구나
   - 기업가정신 및 창업 관련 교육 운영 경험을 보유한 초･중･고 교사
   - 기업가정신 및 창업 관련 교과목 개설・운영 경험 있는 대학 교수・강사
   - 민간영역에서 기업가정신 및 창업 관련 교육을 운영한 경험이 있는 교육자
   - 기업가정신 및 창업 관련 교육 프로그램 개발자・기획자 등",,"예비창업자,1년미만,2년미만,3년미만,5년미만,7년미만,10년미만",창업교육,20260622,20260814,,,이메일 접수: angel@koef.or.kr,https://www.k-startup.go.kr/web/contents/bizpbanc-ongoing.do?schM=view&pbancSn=178632,main,primary,제13회기업가정신교육우수사례경진대회참가자모집,민간,20260622~20260814,창업교육,창업교육
kst,178631,[문화예술 창업지원]메이커스페이스 자개 공예 원데이클래스,전통 공예를 활용한 아이템 만들기!,창업,지자체,전국,"대학생,일반인,대학,연구기관,일반기업,1인 창조기업","기업,누구나,청년,초기창업기업",만 20세 이상 ~ 만 39세 이하,20,39,청년(1987년 이후 출생자),,"예비창업자,1년미만,2년미만,3년미만,5년미만,7년미만,10년미만",창업교육,20260715,20260804,,,온라인 접수: https://www.checkin-gwanak.or.kr/core/?cid=58&role=programvopn&pSeq=1222&tab=,https://www.k-startup.go.kr/web/contents/bizpbanc-ongoing.do?schM=view&pbancSn=178631,main,primary,문화예술창업지원메이커스페이스자개공예원데이클래스,지자체,20260715~20260804,창업교육,창업교육
kst,178630,메이커스페이스 3D프린팅 교육/실습,3D 프린팅을 활용해 내 아이디어를 실물로 만들기!,창업,지자체,전국,"대학생,일반인,대학,연구기관,일반기업,1인 창조기업","기업,누구나,청년,초기창업기업",만 20세 이상 ~ 만 39세 이하,20,39,청년(1987년 이후 출생자),,"예비창업자,1년미만,2년미만,3년미만,5년미만,7년미만,10년미만",창업교육,20260715,20260729,,,온라인 접수: https://www.checkin-gwanak.or.kr/core/?cid=58&role=programvopn&pSeq=1221&tab=,https://www.k-startup.go.kr/web/contents/bizpbanc-ongoing.do?schM=view&pbancSn=178630,main,primary,메이커스페이스3d프린팅교육실습,지자체,20260715~20260729,창업교육,창업교육
kst,178629,"<2026 로컬 스타트업 챌린지, 의정부 2026>","의정부시 행정수요 연계 공공 실증(PoC) 및 비즈니스 매칭을 지원하는 『2026 로컬 스타트업 챌린지, 의정부 2026』 참가기업 모집계획을 다음과 같이 공고하오니, 역량 있는 스타트업의 많은 신청 바랍니다",창업,민간,경기도,일반기업,"기업,누구나,스타트업","만 20세 미만,만 20세 이상 ~ 만 39세 이하,만 40세 이상",,,공고일 기준 창업7년 이내 스타트업(국적·지역 제한 없음),,7년미만,사업화,20260721,20260817,,,온라인 접수: bit.ly/CityON,https://www.k-startup.go.kr/web/contents/bizpbanc-ongoing.do?schM=view&pbancSn=178629,main,primary,2026로컬스타트업챌린지의정부2026,민간,20260721~20260817,사업화,사업화
kst,178628,서울캠퍼스타운사업,경희대학교 (서울)RISE사업단 캠퍼스타운센터는 지역사회와 함께 성장해 나갈 수 있는 혁신적인 기술 창업 소재를 보유한 (예비) 창업자를 발굴 및 육성하고자 「2026 경희대학교 캠퍼스타운 입주기업 ‘캠퍼 8기’ 특별형 선발 창업경진대회 [캠퍼서핑챌린지]」를 다음과 같이 공고하오니 많은 참여 바랍니다.,시설/공간,교육기관,서울특별시,"청소년,대학생,일반인,대학,연구기관,일반기업,1인 창조기업","기업,누구나,예비창업자,청년,초기창업기업","만 20세 미만,만 20세 이상 ~ 만 39세 이하",,,"‣ 아래 사항 모두 충족해야 하며, 외국인의 경우 한국어 소통 가능자
◦ 예비창업자(개인, 팀) 또는 협약일 기준 설립 후 7년 이내인 기업(‘19.09.01.이후)
* 신산업 창업 분야의 경우 협약일 기준 설립 후 10년 이내인 기업 신청 가능
◦ 대표자 연령 제한: 협약일(’26.09.01.) 기준 만 39세 이하
* 교내 창업 및 외국인 창업자는 대표자 연령 제한 적용 제외함
◦ 사업자등록 및 입주 의무 사항을 성실히 수행할 수 있는 자

1) ｢중소기업 창업지원법 시행령｣ 제4조 각 항에 해당하는 창업기업
2) 금융기관 등으로부터 채무불이행으로 규제중인 자 또는 국세 혹은 지방세를 체납 중인 자. 다만, 신용회복위원회의 사전채무조정(프리워크아웃), 개인워크아웃에서 채무조정합의서를 체결한 경우, 법원의 개인회생제도에서 변제계획인가를 받거나 파산면책 선고자, 회생인가를 받은 기업, 중소기업진흥공단 등으로부터 재창업자금을 지원받은 경우, 세금분납 계획에 따른 성실 납부기업(인), 정부지원 협약 전까지 세금완납기업(인), 정부 공공기관으로부터 재기지원 필요성을 인정받은 기업(인), 건강관리시스템기업구조 개선 진단을 통한 정상화 의결기업은 신청 가능하다.
3) 서울 캠퍼스타운 사업의 타 창업공간에 입주하여 지원사업을 수혜 중인 자. 다만, 입주개시일 이전에 사업 수혜기간이 종료되거나 사업을 중도포기한 자는 신청 가능하다.
4) 신청일 현재 폐업 또는 휴업중인 기업
5) 서울시 창업지원시설에서 문제가 있어 퇴거조치된 기업
6) 기타 서울시장이 참여제한의 사유가 있다고 인정하는 자
7) 기타 경희대학교 (서울)RISE사업단장이 참여제한의 사유가 있다고 인정하는 경우",,"예비창업자,1년미만,2년미만,3년미만,5년미만,7년미만,10년미만",시설ㆍ공간ㆍ보육,20260721,20260722,,,온라인 접수: https://www.blaybus.com/activities/910/landing,https://www.k-startup.go.kr/web/contents/bizpbanc-ongoing.do?schM=view&pbancSn=178628,main,primary,서울캠퍼스타운사업,교육기관,20260721~20260722,시설ㆍ공간ㆍ보육,시설ㆍ공간ㆍ보육
kst,178627,[무료] 2026년 새싹 성동 AI 콘텐츠마케터 과정 교육생 모집,"메타코드에서는 AI 기술을 통해 도약을 도모하는 스타트업에게 새싹 AI 콘텐츠마케터 교육을 통해, 1인창업자의 기술 역량을 향상 시킬 수 있는 기회를 마련했습니다. 관계자분들의 많은 관심과 참여 부탁 드립니다.",교육/멘토링,민간,서울특별시,"대학생,일반인,대학,일반기업,1인 창조기업","기업,누구나,예비창업자,청년,초기창업기업","만 20세 이상 ~ 만 39세 이하,만 40세 이상",,,"서울에 거주 중인 AI를 활용한 마케팅에 관심이 있는 예비창업자 및 관계자 누구나

서울 외 거주자",,"예비창업자,1년미만,2년미만,3년미만,5년미만,7년미만,10년미만",멘토링ㆍ컨설팅ㆍ교육,20260721,20260819,,,온라인 접수: https://m.site.naver.com/2cZ2b,https://www.k-startup.go.kr/web/contents/bizpbanc-ongoing.do?schM=view&pbancSn=178627,main,primary,무료2026년새싹성동ai콘텐츠마케터과정교육생모집,민간,20260721~20260819,멘토링ㆍ컨설팅ㆍ교육,멘토링ㆍ컨설팅ㆍ교육
kst,178625,[무료 웨비나] 글로벌 시장을 위한 AI 마이크로 서비스 제작 실전,"글로벌 시장을 위한 AI 마이크로 서비스 제작 실전 창업교육을 진행하오니, AI를 활용한 빠른 서비스 개발과 글로벌 시장 검증에 관심 있는 분들의 많은 참여 바랍니다.",창업,민간,전국,"청소년,대학생,일반인,대학,연구기관,일반기업,1인 창조기업","기업,누구나,청년,초기창업기업","만 20세 미만,만 20세 이상 ~ 만 39세 이하,만 40세 이상",,,"초기 및 성장 스타트업, AI를 활용한 서비스 개발과 글로벌 시장 검증에 관심 있는 누구나",,"예비창업자,1년미만,2년미만,3년미만,5년미만,7년미만,10년미만",창업교육,20260721,20260730,,,온라인 접수: https://luma.com/1i0k7z2o,https://www.k-startup.go.kr/web/contents/bizpbanc-ongoing.do?schM=view&pbancSn=178625,main,primary,무료웨비나글로벌시장을위한ai마이크로서비스제작실전,민간,20260721~20260730,창업교육,창업교육
kst,178623,2026년 7월 KICXUP_서울 _입주기업_모집공고,"한국산업단지공단에서 KICXUP 서울에 입주할 혁신 스타트업을 모집합니다. 입주기업을 대상으로 사무공간 오피스 인프라, 산업단지 입주 대중견기업 오픈이노베이션, 신용보증기금 금융 지원, 맞춤형 성장지원 서비스(오피스아워) 등을 제공할 계획이오니, 역량 있는 스타트업의 많은 관심 바랍니다.",시설/공간,민간,서울특별시,일반기업,기업,"만 20세 이상 ~ 만 39세 이하,만 40세 이상",,,"설립 7년 미만 창업기업

국세, 지방세, 4대 보험료를 체납 중인 기업
기타 한국산업단지공단이 부적당 하다고 판단한 입주 희망자",,7년미만,시설ㆍ공간ㆍ보육,20260721,20260807,,,온라인 접수: https://forms.gle/yherGm7fs5zuJkga6,https://www.k-startup.go.kr/web/contents/bizpbanc-ongoing.do?schM=view&pbancSn=178623,main,primary,2026년7월kicxup서울입주기업모집공고,민간,20260721~20260807,시설ㆍ공간ㆍ보육,시설ㆍ공간ㆍ보육
youth,20260810005400113328,산림산업 창업지원_청년 산림창업가 시너지캠프,산림분야 청년들의 창업 역량강화 및 신규시장 진입을 지원하기 위해 ‘2026년 청년 산림창업가 시너지캠프’ 개최,인력/일자리,산림청,한국임업진흥원,0013006 | 0049010,청년,만 19세 ~ 만 39세,19,39,,소득조건코드=0043001 / 소득범위=0~0,,"🌳 2026 청년 산림창업가 시너지캠프 참가자 모집 🌳
산림분야 청년들의 창업 역량강화 및 신규시장 진입을 지원하기 위해 ‘2026년 청년 산림창업가 시너지캠프’를 개최합니다. 
아래 내용을 확인하시고 관심 있는 청년들의 많은 지원 바랍니다.

📌 행사 안내
✔ 행 사 명 : 2026년 청년 산림창업가 시너지캠프
✔ 일 시 : 2026. 9. 3.(목) ~ 9. 4.(금), 1박 2일
✔ 장 소 : 국립대전숲체원 (대전광역시 유성구 숲체원로 124)
✔ 모집인원 : 산림분야 청년 (예비·초기) 창업자 30명 (공고일 기준 만 19세 ~ 39세 이하)
✔ 주요내용 : ① 산림분야 신생 창업기업 전문가 특강 ② 6대 핵심분야(사업모델 고도화, 고객발굴, 마케팅, 지원사업 활용, 공공시장 진출 전략, 투자유치) 그룹별 멘토링 ③ 선배 창업자와의 상호소통 강연 및 1:1 상담부스 운영
✔ 혜 택 :
참가비 전액 무료 지원 (숙소 및 식비 포함)
2027년도 청년 산림창업 마중물 지원사업 서류 가점 부여
✔ 접수기간 : 2026. 8. 10.(월) ~ 8. 25.(화) (신청서 작성 후 구글폼 제출, 추첨을 통한 선정)
신청 접속 링크 : https://forms.gle/mQZEGDmkF9JUAyYS8
✔ 선정발표 : 2026. 8. 27.(목) ~ 8. 31.(월) 최종 선정자 대상 개별 안내 예정
요청 자료(신청서 등) 미제출 시 선정이 취소될 수 있습니다.
✔ 문 의 처 : 시너지캠프 운영사무국 (☎ 070-4640-0333)",20260810 ~ 20260825,20260904,,[붙임] 시너지캠프 신청서 작성 및 구글폼(신청사이트 URL) 제출,"신청서 작성 후 구글폼 제출, 추첨을 통한 선정",https://www.kofpi.or.kr/notice/notice_01view.do,main,primary,산림산업창업지원청년산림창업가시너지캠프,산림청,20260810 ~ 20260825~20260904,일자리,창업
youth,20260810005400213327,2026년 청년 IT 자격증 취득지원 프로그램 수강생 모집,2026년 9월 2일부터 10월 16일까지 청년들의 역량 제고 및 취업경쟁력 향상을 위해 청년IT자격증 취득지원 프로그램을 운영하오니 많은 관심과 참여 바랍니다.,인력/일자리,전남광주통합특별시,전남광주통합특별시,0013010 | 0049010,청년,만 19세 ~ 만 39세,19,39,,소득조건코드=0043001 / 소득범위=0~0,,"○ AI시대 새로운 기회 창업 아카데미
· AI 창업트렌드
· 노코드 기반 시제품 개발
· AI활용 비즈니스 모델
· AI 발표자료 제작
· 정부지원사업 로드맵
· 수·목요일 저녁 6시~9시, 10회차

○ AI콘텐츠 크리에이터 양성교육
· AI 이미지 제작 & 3D 에셋 추출
· 포토그래메트리 3D 생성 & 가공
· AI 시나리오 & 영상제작 테크닉
· 수요일·금요일 14:00~17:00, 10회차
· 수강료 무료",20260804 ~ 20260901,        ,,,"○ 신청방법
· QR신청 또는 문의처로 연락
· 방문접수: 남구청 일자리정책과 청년정책팀
· 이메일접수: dbswl0980@korea.kr",https://youth.gwangju.go.kr/www/50?siteId=www&policyId=1420&url=%2Fwww%2Fpolicy%2FgjYgPolicyView,main,primary,2026년청년it자격증취득지원프로그램수강생모집,전남광주통합특별시,20260804 ~ 20260901~,일자리,창업
youth,20260810005400213326,사회연대경제 청년 일경험사업 시범사업(3차),"○ 사회연대경제 청년 일경험 시범사업 참여청년 3차 모집
· 미취업 청년에게 사회연대경제 분야 일경험 기회 제공
· 노동시장 진입 기반 마련
· 진로탐색 및 직무역량 강화 지원",인력/일자리,전남광주통합특별시,전남광주통합특별시,0013010 | 0049010,청년,만 19세 ~ 만 39세,19,39,,소득조건코드=0043001 / 소득범위=0~0,,"○ 직무교육
· 교육시간: 총 20시간(1일 최대 8시간 편성)
· 교육내용: 사회연대경제 이해 및 직무 기초역량 강화, 참여청년 직무 분야별 실무교육, 진로 연계 등
· 수료기준: 교육시간의 90% 이상 출석

○ 일경험 프로그램
· 근로기간: 2026. 8. 24. ~ 2027. 1. 23.
· 근로시간: 주 5일(주 40시간), 1일 8시간(9:00~18:00)
· 휴게시간: 12:00~13:00(1시간)
· 임금수준: 월 234만원(유급주휴 포함, 세전)
· 급여공제: 근로소득세, 지방소득세, 근로자 부담 4대 보험료 등

○ 청년밀착형 프로그램
· 상시상담: 현장적응 지원, 고충 상담, 진로탐색, 심리･정서적 안정 지원

○ 멘토링 프로그램
· 진로탐색: 직무수행, 진로탐색 등을 지원하기 위한 1:1 멘토 지정",20260807 ~ 20260813,20270123,"○ 참여제한
· 사업자등록이 있는 자
· 타 부처 또는 지방정부의 취업 관련 지원사업에 참여 중인 자
· 참여 신청일 기준 6개월 내 해당 참여기업에서 근무한 이력이 있는 자
· 배우자, 직계존비속 또는 형제자매가 참여기업 사업주(대표자)인 자
· 허위 기타 부정한 방법으로 정부(국가·지방정부) 일경험 사업에 참여한 자
· 단순 변심으로 청년 일경험 사업에 참여하여 2회 이상 중도이탈한 자
· 대한민국 국적을 보유하지 않은 자",☞ 자세한 내용은 붙임파일을 확인해주시기 바랍니다,"○ 신청방법
· 고용24 온라인신청
· https://m.site.naver.com/29ZAK",https://m.site.naver.com/29ZAK,main,primary,사회연대경제청년일경험사업시범사업3차,전남광주통합특별시,20260807 ~ 20260813~20270123,일자리,취업
youth,20260807005400213325,2026 제4회 멘토러닝톡,"○ 웰니스 전문가와 함께 스트레칭과 러닝을 직접 체험하며 건강한 일상을 만드는 방법 안내
○ 러닝 후 샌드위치 만들기, 커피와 함께 참여자 간 네트워킹 진행",복지/문화,전남광주통합특별시,전남광주통합특별시,0013010 | 0049010,청년,만 19세 ~ 만 39세,19,39,,소득조건코드=0043001 / 소득범위=0~0,,"○ Part 1. 웰니스 라이프
· 웰니스란?
· 건강한 습관 만들기
· 안전한 러닝을 위한 기능성 트레이닝
○ Part 2. 웰니스 체험
· 스트레칭 및 몸풀기
· 함께하는 러닝
· 샌드위치 만들기 및 커피챗(청년 네트워킹)
○ 참가비
· 무료",20260804 ~ 20260810,20260814,"○ 준비물
· 활동하기 편한 복장과 운동화",,"○ 아지트 홈페이지 신청
· [프로그램] → [멘토러닝톡] → [프로그램 신청] 클릭",https://gjdgit.kr/program/detail/86,main,primary,2026제4회멘토러닝톡,전남광주통합특별시,20260804 ~ 20260810~20260814,금융･복지･문화,건강
youth,20260807005400213324,서울영커리언스 점프업(미래 청년 일자리 사업),미래 변화를 주도할 신산업 분야 청년일자리 발굴 및 제공,인력/일자리,서울특별시 미래청년기획관 청년정책담당관,서울특별시,0013003 | 0049010,청년,만 19세 ~ 만 39세,19,39,대학생 참여 불가,소득조건코드=0043001 / 소득범위=0~0,,최대 6개월 일자리(서울형 생활임금) 지원 + 역량강화 교육 지원,20260504 ~ 20260531,20261231,대학생 참여 불가,(필요시) 취업취약계층 증빙 등,청년몽땅정보통(youth.seoul.go.kr) 온라인 신청,https://youth.seoul.go.kr/infoData/plcyInfo/view.do?key=2309150002&plcyBizId=V202600006,main,primary,서울영커리언스점프업미래청년일자리사업,서울특별시미래청년기획관청년정책담당관,20260504 ~ 20260531~20261231,일자리,취업
youth,20260806005400213323,「광산형 당신근처일자리」 지속일자리 분야(3기),"○ 지역 기반 민간플랫폼(당근)을 활용하여 내 집 근처 공공일자리 참여
· 다양한 일 경험과 참여에 따른 보상 지급",인력/일자리,전남광주통합특별시,전남광주통합특별시,0013010 | 0049010,청년,만 18세 ~ 만 99세,18,,,소득조건코드=0043001 / 소득범위=0~0,,"○ 공공일자리 참여
· 개별입지 현황조사, 활력옷장 2호점 운영, 이동노동자 쉼터 ‘쉬소’ 관리, 작은도서관 활동가, 더하기센터 운영지원, 가로환경 정비, 생활폐기물 불법투기 지킴이 활동가, 행정복지센터 주차관리, 민원 행정업무 보조 등

○ 수당조건
· 시간당 13,303원(생활임금)",20260812 ~ 20260814,        ,,,"○ 신청방법
· <당근앱>을 통한 신청
· 1인 1곳만 신청 가능

○ 신청경로
· 핸드폰 ⇨ 앱스토어 ⇨ 당근앱 다운 ⇨ 당근앱 클릭 ⇨ 알바 ⇨ 배너 <광산구청 지속, 단기 일자리 지원하세요> 클릭 ⇨ 지원",https://youth.gwangju.go.kr/www/50?policyId=1417&url=%2Fwww%2Fpolicy%2FgjYgPolicyView,main,primary,광산형당신근처일자리지속일자리분야3기,전남광주통합특별시,20260812 ~ 20260814~,일자리,취업
youth,20260806005400213322,2026년 고립 청년 일상회복 지원 사업,"○ 청년 고립 예방 일상회복 프로그램
· RESET 다시, 연결
· 새로운 경험 속에서 나를 돌보는 시간
· 혼자 밥 먹고, 혼자 쉬고, 혼자 고민하던 청년 대상 일상회복 지원",복지/문화,전남광주통합특별시,전남광주통합특별시,0013010 | 0049010,청년,만 19세 ~ 만 39세,19,39,,소득조건코드=0043001 / 소득범위=0~0,,"○ 총 6회 프로그램 운영
· 정리수납: 2026. 8. 10.(월)
· AI 툴 배우기: 2026. 8. 18.(화)
· TCI 기질검사: 2026. 8. 24.(월)
· 건강한 반찬 만들기: 2026. 8. 31.(월)
· 숙면베개 만들기: 2026. 9. 7.(월)
· 반려식물 만들기: 2026. 9. 14.(월)

○ 참여혜택
· 집으로 찾아가는 1:1 정리수납 컨설팅",20260728 ~ 20260807,        ,,,○ 신청 페이지 URL 접속 또는 QR코드 스캔,https://youth.gwangju.go.kr/www/50?siteId=www&policyId=1415&url=%2Fwww%2Fpolicy%2FgjYgPolicyView,main,primary,2026년고립청년일상회복지원사업,전남광주통합특별시,20260728 ~ 20260807~,금융･복지･문화,취약계층 및 금융지원
youth,20260806005400213321,서구 청년 천원 복비(부동산 중개보수) 지원사업,"○ 무주택 청년 주거 이동 빈도 증가로 인한 초기 정착비용 부담 완화
○ 청년의 안정적인 주거 정착 지원",주거,전남광주통합특별시,전남광주통합특별시,0013010 | 0049010,청년,만 19세 ~ 만 39세,19,39,,소득조건코드=0043001 / 소득범위=0~0,,"○ 주택 임대차 중개보수 지원
· 최대 30만원 이내 지원
· 본인부담금 1천원 제외 금액 지급
· 전남광주통합특별시 서구 소재 거래금액 1억원 이하 주택 임대차계약 체결 건
· 신청인 중개보수 우선 지급 후 증빙서류 제출 시 지원",20260701 ~ 20261231,        ,,☞ 자세한 내용은 붙임파일을 확인해주시기 바랍니다,"○ 신청인
· 대상자 본인 및 대리인(가족)
○ 접수방법
· 방문: 동행정복지센터
· 온라인: 일자리청년지원과 온라인 접수
· 이메일: satang2526@korea.kr",https://youth.gwangju.go.kr/www/50?siteId=www&policyId=1416&url=%2Fwww%2Fpolicy%2FgjYgPolicyView,main,primary,서구청년천원복비부동산중개보수지원사업,전남광주통합특별시,20260701 ~ 20261231~,주거,전월세 및 주거급여 지원
youth,20260806005400213320,2026년 하반기 광양청년꿈터 드림클래스 학과운영자 모집,"지역 청년들이 강사가 되어 자신의 지식과 경험을 나누는 동시에 강사로서의 역량을 키울 수 있도록 지원
- 강사비 및 재료비 지원",교육/멘토링,전남광주통합특별시,전남광주통합특별시,0013010 | 0049010,청년,만 18세 ~ 만 45세,18,45,,소득조건코드=0043001 / 소득범위=0~0,,"지역 청년들이 강사가 되어 자신의 지식과 경험을 나누는 동시에 강사로서의 역량을 키울 수 있도록 지원
- 강사비 및 재료비 지원",20260805 ~ 20260819,        ,,,"광양청년꿈터 전자우편 접수 또는 방문접수

전자우편: youthdreamgy@gmail.com
방문접수: 광양시 오류5길 8, 광양청년꿈터 사무실(1층)",https://youth.gwangju.go.kr/www/50?siteId=www&policyId=1414&url=%2Fwww%2Fpolicy%2FgjYgPolicyView,main,primary,2026년하반기광양청년꿈터드림클래스학과운영자모집,전남광주통합특별시,20260805 ~ 20260819~,교육･직업훈련,온·오프라인교육
youth,20260803005400213317,(광양시)광양청년꿈터 드림클래스,지역 청년들이 강사가 되어 자신의 지식과 경험을 나누는 동시에 강사로서의 역량을 키울 수 있도록 지원,교육/멘토링,전남광주통합특별시 광양시 미래산업국,전남광주통합특별시 광양시 미래산업국,0013010 | 0049010,청년,만 18세 ~ 만 45세,18,45,광양청년꿈터 청년DB 및 국무조정실 청년인재DB 등록 완료자,소득조건코드=0043001 / 소득범위=0~0,,"(강사) 강의 기회 제공, 강사비 및 재료비 지원
(수강자) 드림클래스 수강 기회 제공",        ,        ,광양청년꿈터 청년DB 및 국무조정실 청년인재DB 등록 완료자,,,https://gwangyang.go.kr/youth/kr/board/view.do?bbsId=BBS_000000000000000&nttId=6906&menuNo=102002000000,main,primary,광양시광양청년꿈터드림클래스,전남광주통합특별시광양시미래산업국,,교육･직업훈련,미래역량강화
youth,20260803005400213315,청년온가 2026년 정기 입주자 모집 재공고,"광산구가 미취업청년의 성공적인 자립과 미래를 위해 준비한 청년 빌드업스테이 광산청년온(溫)가(家)에서 2026년 정기 입주자를 아래와 같이 모집하오니 미취업 청년들의 많은 관심과 도전 바랍니다.
□ 모집개요
o 모집대상 : 미취업 청년(19~39세) 총 3명(남성·여성 청년 총 3명)
o 모집기간 : 2026. 5. 14.(목) ~ 충원 시 까지
o 내 용
- 청년 1인 1호실 독립공간 무료 제공
- 자립역량 교육 : 혼밥 식단관리, 개별 심리상담, 동아리활동 지원, 재무관리, 구 직기술 및 직무역량 강화 등
- 취업역량교육 : 청년정책 사업 연계, 구직활동 지도, 일경험 프로그램 운영
o 신청방법 : 이메일 접수(youth-onga@naver.com)
o 문 의 처 : ☎062-710-7717 (광산 청년온가)",주거,전남광주통합특별시,전남광주통합특별시,0013010 | 0049010,청년,만 19세 ~ 만 39세,19,39,,소득조건코드=0043001 / 소득범위=0~0,,"o 내 용

- 청년 1인 1호실 독립공간 무료 제공

- 자립역량 교육 : 혼밥 식단관리, 개별 심리상담, 동아리활동 지원, 재무관리, 구 직기술 및 직무역량 강화 등

- 취업역량교육 : 청년정책 사업 연계, 구직활동 지도, 일경험 프로그램 운영
[출처] 청년온가 2026년 정기 입주자 모집 재공고|작성자 광산 청년온가",20260730,20261231,,,o 신청방법 : 이메일 접수(youth-onga@naver.com),https://blog.naver.com/youth-onga/224285460127,main,primary,청년온가2026년정기입주자모집재공고,전남광주통합특별시,20260730~20261231,주거,주택 및 거주지
youth,20260731005400213314,[8월 마감] 2026년 구직청년 자격증 취득지원 사업(9월 1일 10시 접수 예정),구직활동에 필요한 어학(능력)·자격증 시험 응시료 지원,교육/멘토링,전남광주통합특별시,전남광주통합특별시,0013010 | 0049010,청년,만 19세 ~ 만 39세,19,39,,소득조건코드=0043001 / 소득범위=0~0,," ※ 단계별 시험(필기,실기 등)은 명칭과 상관 없이 합산 신청 가능(개별 신청하여 지급 완료 시, 당해 연도 추가 신청 및 소급 지원 불가)

❍ 지원분야
  - 한국사 및 어학능력시험 : 국사편찬위원회 주관 한국사 시험 및 어학능력시험 20종 
  - 국가기술자격증 : 「국가기술자격법」시행규칙 별표2에 따른 국가기술자격증
  - 국가전문자격증 : 한국산업인력공단(Q-net) 국가자격 종목별 상세정보 참고 /*자동차운전면허 제외
  - 국가공인자격증 : 민간자격정보서비스에 등록된 &apos;공인&apos;자격증 /* 민간자격정보서비스 상의 구분이 &quot;부분공인&quot;이라면 국가공인 등급(급수) 취득 및 해당 성적 달성 시에 한하여 지원 가능 /* 민간자격정보서비스 상의 구분이 &quot;등록&quot;이라면 지원 제외 ",20260803,20261231,,"1. 주민등록표 초본: 신청월 발급본, 발생일/신고일 포함, 마지막장까지 제출
2. 건강보험 자격득실 확인서: 신청월 발급본, 발급시 조회 조건 전체
*건강보험 자격득실 확인서 가입자구분이 구분없음일 때 고용보험자격이력내역서로 대체 제출
3. 응시사실 증명서류: 응시 확인서 또는 성적표
*성명, 응시일, 자격종목(명) 등 확인할 수 있는 서류(시험 접수증, 수험표 불인정)
*민간자격정보서비스상 구분이 ‘부분공인’인 종목은 국가공인 자격증 사본 또는 공인 등급이 명시된 성적표 제출 
4. 결제영수증
*결제 금액, 일시, 승인번호, 거래처 등이 포함된 영수증(시험 사이트에서 발급된 영수증 불인정)
5. 통장 사본: 은행명, 성명, 계좌번호 표기

※ 서류 보완이 필요한 경우, 보완 요청을 할 수 있음(기한 내(보완요청일 기준 3일) 미제출시 부적격처리)",시험 응시 → 전남광주통합특별시청년통합플랫폼 접수 → 제출 서류 확인 (자격심사 및 중복지원여부 조회) → 선정안내 및 만족도조사 → 지원금 지급(익월 10일),https://youth.gwangju.go.kr/www/50?siteId=www&policyId=1408&url=%2Fwww%2Fpolicy%2FgjYgPolicyView,main,primary,8월마감2026년구직청년자격증취득지원사업9월1일10시접수예정,전남광주통합특별시,20260803~20261231,교육･직업훈련,교육비지원
youth,20260729005400213313,전남광주 기후에너지 JOB 스쿨 참가자 모집,"○ 기후에너지 분야 직업 탐색 프로그램
· 지역 대학생 및 청년 대상 기후·에너지 관련 직업 및 취업정보, 최신 트렌드 파악 교육 과정 운영
· 교육명: 전남광주 기후에너지 JOB 스쿨",인력/일자리,전남광주통합특별시,전남광주통합특별시,0013010 | 0049010,청년,만 19세 ~ 만 39세,19,39,,소득조건코드=0043001 / 소득범위=0~0,,"○ 교육비 무료

○ 참여혜택
· 전체의 80%(13시간) 이상 수강 시 기후에너지진흥원장 명의 이수증 발급
· 점심 식사, 교육 교재 및 현장 탐방 차량 지원

○ 교육 프로그램
· 이론강의: 광주기후에너지진흥원 소개 및 탐방, 차세대 에너지 리터러시, AI 시대의 전기 에너지, 기후테크 스타트업 사례
· 현장탐방: 한국전력공사·한전KDN, 한국에너지공단 광주전남지역본부, ㈜레플러스·RE100 메가스테이션
· 취업정보: 생성형 AI 활용 취업전략",20260723 ~ 20260806,        ,,☞ 자세한 내용은 붙임파일을 확인해주시기 바랍니다,○ 신청방법 : 온라인 신청(선착순) / https://forms.gle/2qzzCSAu5EyaEEJi7,https://youth.gwangju.go.kr/www/50?siteId=www&policyId=1413&url=%2Fwww%2Fpolicy%2FgjYgPolicyView,main,primary,전남광주기후에너지job스쿨참가자모집,전남광주통합특별시,20260723 ~ 20260806~,일자리,취업
youth,20260728005400213311,전남광주 청년 문화복지카드,"전남광주통합특별시 22개 시·군에 거주하는 청년을 대상으로 공연관람, 학원수강, 도서구입 등을 위한 문화복지비 연 25만원 지원",복지/문화,전남광주통합특별시,전남광주통합특별시,0013010 | 0049010,청년,만 19세 ~ 만 29세,19,29,,소득조건코드=0043001 / 소득범위=0~0,,청년의 문화생활 향유 및 자기계발 지원 위한 문화복지비 연 25만원 지원 ,20260803 ~ 20260831,        ,,"사업신청서, 개인정보동의서, 주민등록초본, 건강보험자격득실확인서 등","(시 거주자) 광주은행 홈페이지 또는 주소지 읍·면·동사무소 방문신청
(군 거주자) 농협카드 홈페이지 또는 주소지 읍·면·동사무소 방문신청",https://card.nonghyup.com/,main,primary,전남광주청년문화복지카드,전남광주통합특별시,20260803 ~ 20260831~,금융･복지･문화,문화활동 및 생활지원
youth,20260728005400213310,2026년 하반기 임신부 가사지원서비스 지원사업,○ 임신부의 가사 어려움을 덜어주고 출산 준비를 돕기 위한 가사지원서비스 지원사업,복지/문화,전남광주통합특별시,전남광주통합특별시,0013010 | 0049010,청년,만 1세 ~ 만 99세,,,,소득조건코드=0043001 / 소득범위=0~0,,"○ 가사 지원 또는 정리수납 서비스 이용 지원
· 임신부 거주지 내 청소, 정리정돈 등 가사 지원 또는 정리수납 서비스 이용 지원
· 전남광주통합특별시 자치구 내 주소지 공간 사용만 인정
· 임신부 1인 기준 최대 200천원 한도 내 지원
· 초과 비용 본인부담

○ 지원방법
· 가사서비스 이용 후, 이용금액 청구",20260728 ~ 20260930,20261231,"○ 신청자격
· 임신부 본인
· 부득이한 경우 가족 대리신청 가능
· 대리 신청 시 가족관계증명서 등 첨부

○ 지원 제한
· 2026년 상반기 신청자 지원 불가
· 사인 간 가족, 친인척 등의 서비스 제공방식 불가
· 출산 후 이용 불가
· 중복 신청 및 청구 불가",☞ 자세한 내용은 붙임파일을 확인해주시기 바랍니다,"○ 온라인시스템 신청
· 신청처: https://jngji.kr
· 홈페이지 접속 > 광주권역 거주자 > 임신부 가사지원서비스 > 임신부 본인 인증 및 개인정보 동의 > 신청서 작성 > 구비서류 첨부 > 신청",https://www.xn--hc0by27bu6atul3dc6t.kr/main/housework,main,primary,2026년하반기임신부가사지원서비스지원사업,전남광주통합특별시,20260728 ~ 20260930~20261231,금융･복지･문화,건강
youth,20260728005400213309,2026년 찬찬히 청년 사회생활(정서·심리)지원 캠퍼스 참여자 모집,"○ 찬찬히 청년을 위한 맞춤형 평생학습 프로그램
· 또래 친구들과 소그룹으로 함께하며 자기 이해 및 사회생활에 필요한 소통법 학습
· 정서조절, 대인관계, 문제해결 등 사회생활 역량 강화",복지/문화,전남광주통합특별시,전남광주통합특별시,0013010 | 0049010,청년,만 18세 ~ 만 34세,18,34,,소득조건코드=0043001 / 소득범위=0~0,,"○ 그룹형 교육과정 운영 및 통합 힐링 워크샵 병행
· 자아존중감 향상
· 정서 및 스트레스 조절
· 의사소통
· 대인관계
· 문제해결 역량 강화
※ 필요시 개인의 성향·특성에 맞는 개별 개입 병행",20260720 ~ 20261231,        ,,,"○ 네이버폼을 통한 온라인 접수
· https://naver.me/x3cfS0qQ",https://youth.gwangju.go.kr/www/50?siteId=www&policyId=1411&url=%2Fwww%2Fpolicy%2FgjYgPolicyView,main,primary,2026년찬찬히청년사회생활정서심리지원캠퍼스참여자모집,전남광주통합특별시,20260720 ~ 20261231~,금융･복지･문화,건강
youth,20260728005400213308,[남구] 구직청년 증명사진 촬영지원,[남구] 구직청년 증명사진 촬영지원,인력/일자리,전남광주통합특별시,전남광주통합특별시,0013010 | 0049010,청년,만 19세 ~ 만 39세,19,39,,소득조건코드=0043001 / 소득범위=0~0,,"❍ 지원기간 : 2026. 7. ~ 12.   ※ 예산 소진 시 조기 마감
❍ 지원대상 : 신청일 기준 청년 구직자로서, 본인이 남구 주민이거나 남구 소재 대학교에 재(휴)학 중인 청년
❍ 지원내용 : 이력서(면접)용 증명사진 무료 촬영 지원(1인 연 1회)
❍ 지원절차 : 신청(방문·이메일) → 승인(통보) → 사전예약 및 촬영 
❍ 촬영업체 : 아래 사진관 중 택1 하여 신청

  1) 고운날사진관  (남구 효천중앙로 62, 203호 / 062-710-0040)
  2) 노블스튜디오 (남구 서문대로 676, 2층 / 062-651-7154)
  3) 더인스튜디오 (남구 효우로 79, 6층 602호 / 062-672-5819)
  4) 블루레코드     (남구 독립로 20, 3층 / 0507-1332-2574)
  5) 연리지스튜디오 (남구 봉선로 1, 지하 1층 / 062-376-7343)",20260727 ~ 20261218,20261218,,,"1) 신청 및 접수
   - 신청기간: 2026. 7. 27. ~ 12. 18.    ※ 예산 소진 시 조기 종료
   - 신청방법: 방문 또는 이메일 신청
     · 방  문: 남구청 일자리정책과 청년정책팀(남구 봉선로 1, 6층)
     · 이메일: iljari1234@korea.kr
   - 구비서류: ① 증명사진 촬영 지원 신청서 ② 워크넷 구직등록확인증③ 주민등록초본(1년 포함) 또는 대학교 재(휴)학 증명서 1부
 2) 선    정: 대상 요건(연령, 거주기준 등) 검토 및 선정(개별통보)
 3) 촬영예약: 촬영일시 확인 등 촬영업체에 신청자가 유선예약 실시
     ※ 선정 안내일로부터 1개월 이내에 촬영하지 않을 경우, 선정 취소 및 예비순번 대상자 선정",https://www.namgu.gwangju.kr/board.es?mid=a10604010000&bid=0001,main,primary,남구구직청년증명사진촬영지원,전남광주통합특별시,20260727 ~ 20261218~20261218,일자리,취업
youth,20260724005400113307,청년 자금지원을 위한 햇살론유스 운영,저소득 청년층을 위한 보증부대출,복지/문화,금융위원회,전국,0013010 | 0049010,청년,만 19세 ~ 만 34세,19,34,,소득조건코드=0043002 / 소득범위=0~3500,,대학생·청년층의 금융애로를 해소하고 향후 제도권 금융으로 안착할 수 있도록 지원 ,        ,        ,,,"서민금융진흥원 앱에서 보증신청을 먼저 진행한 뒤, 협약은행에서 대출신청·실행을 진행
(상세사항은 서민금융진흥원 홈페이지 참조)",https://www.kinfa.or.kr/financialProduct/hessalLoanYoos.do,main,primary,청년자금지원을위한햇살론유스운영,금융위원회,,금융･복지･문화,취약계층 및 금융지원
youth,20260724005400213306,군복무 인천청년 상해보험 지원,군복무 청년들의 불의의 사고에 대비하는 상해보험을 지원하여 본인과 가족의 사회안전망 확보,복지/문화,인천광역시 청년정책담당관,인천광역시,0013010 | 0049010,청년,만 18세 ~ 만 39세,18,39,-,소득조건코드=0043001 / 소득범위=0~0,,"○ 보장내용 
  - 상해사망 : 보험기간 내 상해로 사망한 경우 1,000만원 보장
  - 상해후유장해 : 보험기간 내 상해로 후유장해가 발생한 경우 장해지급률(3~100%)에 따라 최대 1,000만원 보장
  - 질병사망 : 보험기간 내 질병으로 사망한 경우 1,000만원 보장
  - 질병후유장해 : 보험기간 내 질병으로 80% 이상의 후유장해가 발생한 경우 최대 1,000만원 보장
  - 중증장해진단비 : 보험기간 내 상해로 장해지급률이 100%에 해당되는 고도후유장해 진단시 1,000만원 보장
  - 상해입원(일당) : 보험기간 내 상해로 인한 1일이상 입원시(180일 한도) 1만 5천원 보장
  - 질병입원(일당) : 보험기간 내 질병으로 인한 1일이상 입원시(180일 한도) 1만 5천원 보장
  - 정신질환위로금 : 보험기간 중 정신질환으로 진단 확정 시 보험가입금액 100만원 지급(1회한)
  - 손/발가락 수술비 : 보험기간 내 상해·질병으로 인하여 특정 손/발가락 수술 시 20만원 보장(1회한)
  - 골절발생위로금(회당) : 보험기간 내 사고로 인한 골절진단 시 10만원 보장(치아파절 제외)
  - 화상발생위로금(회당) : 보험기간 내 사고로 인한 화상진단 시 10만원 보장(심재성 2도 이상 화상)
  - 외상성절단진단비 : 보험기간 내 사고로 인한 외상성 절단 진단 확정 시 50만원 보장(1회한) * 2026년 추가
  - 상해사망장례지원금 : 보험기간 내 상해로 사망하여 장례비가 발생한 경우 100만원 보장  *2026년 추가

★보장항목에 따라 메리츠화재해상보험과 KB손해보험이 보장금액을 나눠서 지급하여 각각 안내 전화를 받으실 수 있습니다.",,,"◎보험기간 내 발생한 피해에 대하여 보상
  - 2024년 보험기간 : 3.1.~12.31. / 2025년 보험기간 : 1.1.~12.31. / 2026년 보험기간 : 1.1 ~ 12. 31.
  (휴가, 외출을 포함한 군복무 기간 중 치료에 대하여 보상 및 청구 가능, 전역 후 치료 사항 보상 불가)


◎제출서류 (보험사에 따라 추가 서류 요구가 있을 수 있습니다)
   - 보험금 청구서, 개인정보 수집, 이용 및 제3자 제공 동의서  - 첨부 서류 확인
   - 주민등록등본(진단 당시 인천시민임을 증빙할 수 있는 서류)
   - 복무확인서 또는 병적증명서
   - 신분증 사본 및 통장사본(신청자 명의)
   - 초진진료차트(최초 진단받은 병원에서 발급)
   - 청구 항목에 따른 필요서류 (접수센터 문의 및 하단 참고)

※ 청구유형별 구비서류
 가. 사망보험금 : ①기본증명서, 가족관계증명서(사망사실기재, 망인기준) ②사체검안서 또는 사망진단서 ③위임장 및 인감증명서 (상속자 모두 기재)
 나. 장해보험금
                           ①AMA방식 후유장해진단서(장애인복지법상의 장애진단서는 해당 안됨)",,"○ 보험금 청구 안내
 ▸보험 청구기간 3년 내 보험사로 청구(3년 내 미청구시 청구권 소멸)   
 ▸접수센터 : ☎ 070-4693-1655 또는 070-8892-3786
 ▸접수방법 : (팩스) 070-4758-8556 (이메일) a18997751@hanmail.net
                     (우편] [06732] 서울특별시 서초구 서운로 13, 중앙로얄빌딩 19층 1902호 사병보험 접수센터 
      ※ 팩스, 이메일, 우편 중 선택하여 접수 가능(단, 사망, 후유장해 청구건은 원본 서류 우편 접수 원칙)",https://youth.incheon.go.kr/youthpolicy/youthPolicyInfoDetail.do?poly_seq=394,main,primary,군복무인천청년상해보험지원,인천광역시청년정책담당관,,금융･복지･문화,취약계층 및 금융지원
youth,20260724005400213304,2026년 찾아가는 청년주거 상담소(국토교통부),"주거교육을 희망하는 청년층을 대상으로 부동산 계약, 주택도시기금 대출, 공공·민영주택 청약 등 청년층이 필요로 하는 주거정책 및 관련 정보를 제공",복지/문화,인천광역시 청년정책담당관,인천광역시,0013010 | 0049010,청년,만 18세 ~ 만 39세,18,39,-,소득조건코드=0043001 / 소득범위=0~0,,"○ 행사일시: 2026. 6. 18.(목) 14:00 ~ 16:00
○ 행사장소: 인천광역시청 본관 2층 대회의실
○ 행사일정
- 14:00 ~14:05(5‘)  : 개회 및 프로그램 안내, 국토부
- 14:05 ~14:25(20‘) : 사회초년생을 위한 부동산 계약 교육, 자문위원(공인중개사)
- 14:25 ~14:45(20‘) : 부동산 금융 및 전세사기 방지 교육, 주택도시보증공사
- 14:45 ~15:05(20‘) : 공공주택‧청약 관련 교육, 한국토지주택공사
- 15:05 ~15:25(20‘) : 민영주택‧청약 관련 교육, 한국부동산원
- 15:25 ~15:55(30‘) : 분야별 주거상담(청약, 전세사기, 금융), 각 분야 강사
- 15:55 ~16:00(5‘)   : 단체사진 촬영 및 폐회, 참석자 전원",,,"온라인 접수는 6.16 까지 이며, 참여를 희망하는 경우 현장 등록 가능",,,https://youth.incheon.go.kr/youthpolicy/youthPolicyInfoDetail.do?poly_seq=461,main,primary,2026년찾아가는청년주거상담소국토교통부,인천광역시청년정책담당관,,금융･복지･문화,취약계층 및 금융지원
youth,20260724005400213303,(검단구) 인천시 청년월세 지원사업,경제적 어려움을 겪는 청년들의 주거비용 부담 경감,주거,인천광역시 청년정책담당관,인천광역시,"○ 부모와 함께 거주(원가구와 세대분리하지 않은 자)하는 경우
○ 주택 소유자(분양권, 입주권 포함) 
○ 직계존속, 형제, 자매 등 2촌이내 주택을 임차한 경우(배우자의 2촌 이내 혈족 포함)
○ 공공주택특별법에 따른 공공임대주택 거주자
○ 1실(방)에 다수가 거주하는 방식의 전대차인 경우
○ 전국 지자체 월세사업 또는 국토부 시행 월세지원사업 수혜 중인자 등(수혜종료 후 신청가능)
○ 과거 국토부가 시행한 청년월세 한시 특별지원에 선정되어 이미 24개월 수혜 받은 자 | 0013010 | 0049010",청년,만 35세 ~ 만 39세,35,39,"◎ 소득 : (청년독립가구) 기준 중위소득 60%이하 (원가구) 기준 중위소득 100% 이하
◎ 재산 : (청년독립가구) 재산 122백만원 이하 (원가구) 재산 470백만원 이하
◎ 주택 : 전입신고 필수            ※ 월세 임차보증금 5천만원 및 월세 70만원 이하 요건 폐지(2024.4.12.~시행)] 
  ※ 제출된 신청서를 토대로 공적자료 조회(조사시점 기준 적용)

<가구구성 방법>
 (청년독립가구) 청년 + 배우자 + 직계비속 + 동일 주소지에 거주하는 그 외 「민법」상 가족* 
 (원가구) 청년독립가구 + 1촌 이내 직계혈족(부,모)
 * (가족의 범위, 민법§779) ❶배우자, 직계혈족 및 형제자매, ❷직계혈족의 배우자, 배우자의 직계혈족 및 배우자의 형제자매(생계를 같이하는 경우에 한함)

※ 원가구(부모님) 소득·재산 미고려 : ①30세 이상 ②혼인 ③미혼부·모 ④30세 미만 미혼 청년의 소득이 중위 50% 이상으로 생계를 달리한다고 군수·구청장이 인정하는 경우자가진단서비스 사전 실시('24.2.23. 개통)
- 복지로(www.bokjiro.go.kr) > 복지서비스 > 모의계산 > 청년월세지원
- 월세 신청",소득조건코드=0043003 / 소득범위=0~0 / 소득 : (청년독립가구) 기준 중위소득 60%이하 (원가구) 기준 중위소득 100% 이하,,"지원금액 : 1인 월 20만원씩, 최대 24개월(회) 월세 지원(기존 지원횟수 포함 한사람당 최대 24회 지급 가능)
   - 실제 납부하는 월세의 최대 20만원까지 지원(임차보증금, 관리비 등은 제외)
◎ 지 급 일 : 매월 25일 현금으로 지급
   - 토요일이거나 공휴일인 경우에는 그 전날 지급
   - 지원대상으로 선정될 시, 2026. 5월에 지출한 월세부터 지급
◎ 주거급여 수급자인 경우 전월(20일)에 지급한 주거급여를 차감하고 지급",20260330,20260529,"◎ 소득 : (청년독립가구) 기준 중위소득 60%이하 (원가구) 기준 중위소득 100% 이하
◎ 재산 : (청년독립가구) 재산 122백만원 이하 (원가구) 재산 470백만원 이하
◎ 주택 : 전입신고 필수            ※ 월세 임차보증금 5천만원 및 월세 70만원 이하 요건 폐지(2024.4.12.~시행)] 
  ※ 제출된 신청서를 토대로 공적자료 조회(조사시점 기준 적용)

<가구구성 방법>
 (청년독립가구) 청년 + 배우자 + 직계비속 + 동일 주소지에 거주하는 그 외 「민법」상 가족* 
 (원가구) 청년독립가구 + 1촌 이내 직계혈족(부,모)
 * (가족의 범위, 민법§779) ❶배우자, 직계혈족 및 형제자매, ❷직계혈족의 배우자, 배우자의 직계혈족 및 배우자의 형제자매(생계를 같이하는 경우에 한함)

※ 원가구(부모님) 소득·재산 미고려 : ①30세 이상 ②혼인 ③미혼부·모 ④30세 미만 미혼 청년의 소득이 중위 50% 이상으로 생계를 달리한다고 군수·구청장이 인정하는 경우자가진단서비스 사전 실시('24.2.23. 개통)
- 복지로(www.bokjiro.go.kr) > 복지서비스 > 모의계산 > 청년월세지원
- 월세 신청","월세지원 신청(변경)서(필수)
소득·재산 신고서(필수)
서약서(필수)
임대차계약서(확정일자 날인) 사본(필수)
월세이체 증빙 서류(최근 3개월) (받는분, 보내는분, 날짜, 금액 명시)(필수)
(월세지급을 위한) 통장사본(필수)
신청자 기준 가족관계증명서  (상세, 주민등록번호 공개)(필수)
부모님 기준 가족관계증명서 [부 / 모 기준 각  1부씩]  (상세, 주민등록번호 공개)(필수)
(혼인한 경우 필수 제출) 배우자 기준 가족관계증명서 및 배우자 부모의 가족관계증명서  (상세, 주민등록번호 공개)(선택)
신분증(방문신청시 필수지참)(선택)
추가 증빙서류(등기부등본 등)(선택)","(19세 ~ 34세) 복지로를 통한 온라인신청 및 관할 행정복지센터 방문 신청
(35세 ~ 39세) 인천청년포털을 통한 온라인신청 또는 관할 행정복지센터 방문 신청",https://youth.incheon.go.kr/youthpolicy/youthPolicyInfoDetail.do?poly_seq=463,main,primary,검단구인천시청년월세지원사업,인천광역시청년정책담당관,20260330~20260529,주거,전월세 및 주거급여 지원
youth,20260724005400213302,(서해구) 인천시 청년월세 지원사업,경제적 어려움을 겪는 청년들의 주거비용 부담 경감,주거,인천광역시 청년정책담당관,인천광역시,"○ 부모와 함께 거주(원가구와 세대분리하지 않은 자)하는 경우
○ 주택 소유자(분양권, 입주권 포함) 
○ 직계존속, 형제, 자매 등 2촌이내 주택을 임차한 경우(배우자의 2촌 이내 혈족 포함)
○ 공공주택특별법에 따른 공공임대주택 거주자
○ 1실(방)에 다수가 거주하는 방식의 전대차인 경우
○ 전국 지자체 월세사업 또는 국토부 시행 월세지원사업 수혜 중인자 등(수혜종료 후 신청가능)
○ 과거 국토부가 시행한 청년월세 한시 특별지원에 선정되어 이미 24개월 수혜 받은 자 | 0013010 | 0049010",청년,만 35세 ~ 만 39세,35,39,"◎ 소득 : (청년독립가구) 기준 중위소득 60%이하 (원가구) 기준 중위소득 100% 이하
◎ 재산 : (청년독립가구) 재산 122백만원 이하 (원가구) 재산 470백만원 이하
◎ 주택 : 전입신고 필수            ※ 월세 임차보증금 5천만원 및 월세 70만원 이하 요건 폐지(2024.4.12.~시행)] 
  ※ 제출된 신청서를 토대로 공적자료 조회(조사시점 기준 적용)

<가구구성 방법>
 (청년독립가구) 청년 + 배우자 + 직계비속 + 동일 주소지에 거주하는 그 외 「민법」상 가족* 
 (원가구) 청년독립가구 + 1촌 이내 직계혈족(부,모)
 * (가족의 범위, 민법§779) ❶배우자, 직계혈족 및 형제자매, ❷직계혈족의 배우자, 배우자의 직계혈족 및 배우자의 형제자매(생계를 같이하는 경우에 한함)

※ 원가구(부모님) 소득·재산 미고려 : ①30세 이상 ②혼인 ③미혼부·모 ④30세 미만 미혼 청년의 소득이 중위 50% 이상으로 생계를 달리한다고 군수·구청장이 인정하는 경우자가진단서비스 사전 실시('24.2.23. 개통)
- 복지로(www.bokjiro.go.kr) > 복지서비스 > 모의계산 > 청년월세지원
- 월세 신청",소득조건코드=0043003 / 소득범위=0~0 / 소득 : (청년독립가구) 기준 중위소득 60%이하 (원가구) 기준 중위소득 100% 이하,,"지원금액 : 1인 월 20만원씩, 최대 24개월(회) 월세 지원(기존 지원횟수 포함 한사람당 최대 24회 지급 가능)
   - 실제 납부하는 월세의 최대 20만원까지 지원(임차보증금, 관리비 등은 제외)
◎ 지 급 일 : 매월 25일 현금으로 지급
   - 토요일이거나 공휴일인 경우에는 그 전날 지급
   - 지원대상으로 선정될 시, 2026. 5월에 지출한 월세부터 지급
◎ 주거급여 수급자인 경우 전월(20일)에 지급한 주거급여를 차감하고 지급",,,"◎ 소득 : (청년독립가구) 기준 중위소득 60%이하 (원가구) 기준 중위소득 100% 이하
◎ 재산 : (청년독립가구) 재산 122백만원 이하 (원가구) 재산 470백만원 이하
◎ 주택 : 전입신고 필수            ※ 월세 임차보증금 5천만원 및 월세 70만원 이하 요건 폐지(2024.4.12.~시행)] 
  ※ 제출된 신청서를 토대로 공적자료 조회(조사시점 기준 적용)

<가구구성 방법>
 (청년독립가구) 청년 + 배우자 + 직계비속 + 동일 주소지에 거주하는 그 외 「민법」상 가족* 
 (원가구) 청년독립가구 + 1촌 이내 직계혈족(부,모)
 * (가족의 범위, 민법§779) ❶배우자, 직계혈족 및 형제자매, ❷직계혈족의 배우자, 배우자의 직계혈족 및 배우자의 형제자매(생계를 같이하는 경우에 한함)

※ 원가구(부모님) 소득·재산 미고려 : ①30세 이상 ②혼인 ③미혼부·모 ④30세 미만 미혼 청년의 소득이 중위 50% 이상으로 생계를 달리한다고 군수·구청장이 인정하는 경우자가진단서비스 사전 실시('24.2.23. 개통)
- 복지로(www.bokjiro.go.kr) > 복지서비스 > 모의계산 > 청년월세지원
- 월세 신청","월세지원 신청(변경)서(필수)
소득·재산 신고서(필수)
서약서(필수)
임대차계약서(확정일자 날인) 사본(필수)
월세이체 증빙 서류(최근 3개월) (받는분, 보내는분, 날짜, 금액 명시)(필수)
(월세지급을 위한) 통장사본(필수)
신청자 기준 가족관계증명서  (상세, 주민등록번호 공개)(필수)
부모님 기준 가족관계증명서 [부 / 모 기준 각  1부씩]  (상세, 주민등록번호 공개)(필수)
(혼인한 경우 필수 제출) 배우자 기준 가족관계증명서 및 배우자 부모의 가족관계증명서  (상세, 주민등록번호 공개)(선택)
신분증(방문신청시 필수지참)(선택)
추가 증빙서류(등기부등본 등)(선택)","(19세 ~ 34세) 복지로를 통한 온라인신청 및 관할 행정복지센터 방문 신청
(35세 ~ 39세) 인천청년포털을 통한 온라인신청 또는 관할 행정복지센터 방문 신청",https://youth.incheon.go.kr/youthpolicy/youthPolicyInfoDetail.do?poly_seq=464,main,primary,서해구인천시청년월세지원사업,인천광역시청년정책담당관,,주거,전월세 및 주거급여 지원
youth,20260724005400213301,(영종구) 인천시 청년월세 지원사업,경제적 어려움을 겪는 청년들의 주거비용 부담 경감,주거,인천광역시 청년정책담당관,인천광역시,"○부모와 함께 거주(원가구와 세대분리하지 않은 자)하는 경우
○주택 소유자(분양권, 입주권 포함)
○직계존속, 형제, 자매 등 2촌 이내 주택을 임차한 경우(배우자의 2촌 이내 혈족 포함)
○공공주택특별법에 따른 공공임대주택 거주자
○1실(방)에 다수가 거주하는 방식의 전대차인 경우
○국토부 또는 지자체에서 시행하는 월세지원 수혜 중 인자 등(수혜종료 후 신청가능)
○기존 청년월세 한시 특별지원에서 24회를 모두 지원받은 사람 등 | 0013010 | 0049010",청년,만 35세 ~ 만 39세,35,39,"◎ 소득 : (청년독립가구) 기준 중위소득 60%이하 (원가구) 기준 중위소득 100% 이하 (자세한 내용은 FAQ참고)
◎ 재산 : (청년독립가구) 재산 122백만원 이하 (원가구) 재산 470백만원 이하
◎ 주택 : 전입신고 필수 ※ 기존 월세 임차보증금 5천만원 및 월세 70만원 이하 요건 폐지(2024.4.12.~)]
※ 제출된 신청서를 토대로 공적자료 조회(조사시점 기준 적용)
◎ 가구구성 방법
(청년독립가구) 청년 + 배우자 + 직계비속 + 동일 주소지에 거주하는 그 외 「민법」상 가족
*(원가구) 청년독립가구 + 1촌 이내 직계혈족(부,모)
*(가족의 범위, 민법§779) ❶배우자, 직계혈족 및 형제자매, ❷직계혈족의 배우자, 배우자의 직계혈족 및 배우자의 형제자매(생계를 같이하는 경우에 한함)
※ 원가구(부모님) 소득·재산 미고려 : ➀30세 이상, ➁혼인(이혼), ➂미혼부·모, ➃30세 미만 미혼 청년의 소득이 중위소득 50% 이상으로 생계를 달리한다고 구청장이 인정하는 경우 등★청년월세 지원사업 질의응답(FAQ) 안내 : 인천청년포털-주거복지-청년월세지원사업-FAQ 확인
◎자가진단서비스 사전 실시
- 복지로(www.bokj",소득조건코드=0043003 / 소득범위=0~0 / 소득 : (청년독립가구) 기준 중위소득 60%이하 (원가구) 기준 중위소득 100% 이하,,"○ 지원금액 : 1인 월 20만원씩, 최대 24개월(회) 월세 지원(기존 지원횟수 포함 한사람당 최대 24회 지급 가능)
- 실제 납부하는 월세의 최대 20만원까지 지원(임차보증금, 관리비 등은 제외)
○ 지 급 일 : 매월 25일 현금으로 지급
- 토요일이거나 공휴일인 경우에는 그 전날 지급
- 신규 신청자의 경우 선정된 이후 5월분 월세부터 소급 지원하며, 변경 신청자의 경우 신청월부터 가산하여 소급 지원
○ 주거급여 수급자인 경우 전월(20일)에 지급한 주거급여를 차감하고 지급",,,"◎ 소득 : (청년독립가구) 기준 중위소득 60%이하 (원가구) 기준 중위소득 100% 이하 (자세한 내용은 FAQ참고)
◎ 재산 : (청년독립가구) 재산 122백만원 이하 (원가구) 재산 470백만원 이하
◎ 주택 : 전입신고 필수 ※ 기존 월세 임차보증금 5천만원 및 월세 70만원 이하 요건 폐지(2024.4.12.~)]
※ 제출된 신청서를 토대로 공적자료 조회(조사시점 기준 적용)
◎ 가구구성 방법
(청년독립가구) 청년 + 배우자 + 직계비속 + 동일 주소지에 거주하는 그 외 「민법」상 가족
*(원가구) 청년독립가구 + 1촌 이내 직계혈족(부,모)
*(가족의 범위, 민법§779) ❶배우자, 직계혈족 및 형제자매, ❷직계혈족의 배우자, 배우자의 직계혈족 및 배우자의 형제자매(생계를 같이하는 경우에 한함)
※ 원가구(부모님) 소득·재산 미고려 : ➀30세 이상, ➁혼인(이혼), ➂미혼부·모, ➃30세 미만 미혼 청년의 소득이 중위소득 50% 이상으로 생계를 달리한다고 구청장이 인정하는 경우 등★청년월세 지원사업 질의응답(FAQ) 안내 : 인천청년포털-주거복지-청년월세지원사업-FAQ 확인
◎자가진단서비스 사전 실시
- 복지로(www.bokj","월세지원 신청(변경)서(필수)
소득·재산 신고서(필수)
서약서(필수)
임대차계약서(확정일자 날인) 사본(필수)
월세이체 증빙 서류(최근 3개월)(받는분, 보내는분, 날짜, 금액 명시) *최근 계약시 최소1개월(회) 이상(필수)
(월세지급을 위한) 통장사본(필수)
신청자 기준 가족관계증명서 (상세, 주민등록번호 공개)(필수)
부/모(각각) 기준 가족관계증명서 (상세, 주민등록번호 공개)(필수)
(혼인한 경우 필수 제출) 배우자 기준 가족관계증명서 및 배우자 부모의 가족관계증명서 (상세, 주민등록번호 공개)(선택)
신분증 (방문신청시 필수지참)(선택)","[2026년 신청연령]
(19세 ~ 34세(1991년~2007년)) 복지로를 통한 온라인신청 및 관할 행정복지센터 방문 신청
(35세 ~ 39세(1986년~1990년)) 인천청년포털을 통한 온라인신청 또는 관할 행정복지센터 방문 신청
※ 39세 이상 의무복무 제대군인의 경우, 군복무 기간을 고려하여 신청 가능 연령을 연장
- 군복무 기간이 1년 미만인 경우 1세 연장(1985년생)
- 군복무 기간이 1년이상~2년 미만인 경우 2세 연장(1984년생) 
- 군복무 기간이 2년 이상인 경우 3세 연장(1983년생)",https://youth.incheon.go.kr/bbs/bbsMsgDetail.do?msg_seq=45&bcd=notice,main,primary,영종구인천시청년월세지원사업,인천광역시청년정책담당관,,주거,전월세 및 주거급여 지원
youth,20260724005400213300,(영종구) 청년 자격증 응시료 지원,취업에 어려움을 겪고 있는 영종구 청년에게 자격증 응시료 지원을 통한 경제적 부담 경감 및 사회진입 활성화 도모,인력/일자리,인천광역시 청년정책담당관,인천광역시,건강보험 직장가입자 및 개인사업자는 제외 | 0013003 | 0049010,청년,만 18세 ~ 만 39세,18,39,--,소득조건코드=0043001 / 소득범위=0~0,,"○ 1인 1회, 연 최대 10만원 범위 자격증시험 응시료 지원
※ 실제 본인이 부담한 비용만 신청 가능
○ 자격증 한 종목 당 필기, 실기 등 여러 단계로 이루어져 있는 경우 그 중 1건만 지원 가능
○ 1회에 여러 건을 신청한 경우, 금액이 가장 높은 1건에 대해서만 지원 가능
○ 지원 자격증 종목
 - 국가기술자격증, 국가전문자격증, 국가공인민간자격, 한국사 및 어학시험
 ※ 자세한 자격증 종목은 하단의 참고사이트를 확인하시기 바랍니다.
 ※ 한국산업인력공단(Q-net) 국가기술자격 시험 응시료의 50%를 감면 지원받은 경우, 차액(실제 결제액)을 지원합니다.",20260201 ~ 20261130,,--,"시험 결제영수증(실제 본인이 부담한 비용 증빙)(필수)
시험응시 증빙서류(성적표, 응시확인서 등)(필수)
통장사본(본인명의)(필수)
사업자등록여부 사실증명(필수)
건강보험자격득실확인서(필수)
정부직접일자리 참여자 및 단기근로자 증빙서류(정부일자리 참여 확인서, 근로계약서 등)(선택)
추가서류(필요시)(선택)",,https://youth.incheon.go.kr/bbs/bbsMsgDetail.do?msg_seq=40&bcd=notice,main,primary,영종구청년자격증응시료지원,인천광역시청년정책담당관,20260201 ~ 20261130~,일자리,취업
youth,20260722005400213299,[남구] 2026년 구직 청년 면접용 정장대여,2026년 구직 청년 면접용 정장대여,인력/일자리,전남광주통합특별시,전남광주통합특별시,0013010 | 0049010,청년,만 19세 ~ 만 39세,19,39,,소득조건코드=0043001 / 소득범위=0~0,,"  ❍ 지원내용 : 면접용 정장 무료대여
    - 대여품목 : (남자) 자켓, 셔츠, 바지, 넥타이(여자) 자켓, 블라우스, 스커트(바지)
    - 대여기간 : 3박 4일(1인 연간 3회 이용 가능)",20260119 ~ 20261218,        ,,"❍ 구비서류
   ① 대여 신청서 1부 (서식1)
   ② 신분증 사본 1부
   ③ 주민등록표 초본(1년) 1부 ※ 최근 1개월 이내 발급분만 인정
   ④ 면접 증빙자료 1부
    - 면접 통보 메일·문자, 서류접수 확인증 등 면접일, 회사명 확인 필수
    - 증빙자료의 대상자가 본인임을 확인할 수 있어야 증빙자료로 인정(응시번호만 제출 X, 본인의 이름과 응시번호가 함께 나온 캡처본 인정)","❍ 신청대상 : 남구 거주(주민등록)하는 청년(19세 ~ 39세)
    - 신청일 기준 주민등록상 거주지가 남구로 되어 있는 자
    - 일반교육, 모의면접, 대학교(원) 면접 제외
    - 면접대상 기업에 대한 지역 제한 없음
  ❍ 신청방법 : 방문 또는 이메일 신청
    - 방    문 : 남구청 일자리정책과 청년정책팀(남구 봉선로 1, 6층)
    - 이 메 일 : dbswl0980@korea.kr",https://youth.gwangju.go.kr/www/51?siteId=www&plcyNo=20260408005400212638&url=%2Fwww%2Fpolicy%2FallYgPolicyView,main,primary,남구2026년구직청년면접용정장대여,전남광주통합특별시,20260119 ~ 20261218~,일자리,취업
youth,20260722005400213298,청년월세지원,"고물가, 고금리 등으로 경제적 어려움을 겪고 있는 청년층의 주거비 부담 경감을 위하여 일시적으로 청년월세 지원",주거,전남광주통합특별시,전남광주통합특별시,0013010 | 0049010,청년,만 19세 ~ 만 34세,19,34,,소득조건코드=0043001 / 소득범위=0~0,,"월 최대 20만원 임대료 지원 (최장 24개월)
* 생애 1회 / 임차보증금, 관리비 등은 제외",20260101,20261231,주거급여 수급자의 경우 청년 주거급여 분리액 또는 별도보장가구는 주거급여액을 차감한 금액만 지원,"(필수서류)
월세지원 신청(변경)서, 
소득·재산 신고서, 
임대차계약(확정일자 날인) 및 월세이체 증빙서류, 
서약서, 
입금통장사본, 
청년 및 부모의 가족관계증명서(상세), 
배우자 및 배우자 부모의 가족관계증명서(상세)

(추가서류-필요시) 
위임장, 거주사실 입증 서류, 주택 구입 및 임차보증금 용도의 부채증빙 서류 등 
 
** 선정 후 주소 변경 시 
지급기간 동안 주소지 변경 등으로 임대차계약이 변경되는 경우 새로운 주소지(전입지)의 관할 행정복지센터에 변경 계약서 제출","(온라인) 복지로 홈페이지(또는 앱) : [중앙부처 복지사업] 청년월세지원 신청
(오프라인) 청년거주지(월세 임차지)의 관할 행정복지센터 방문",https://www.bokjiro.go.kr/,main,primary,청년월세지원,전남광주통합특별시,20260101~20261231,주거,전월세 및 주거급여 지원
youth,20260722005400213297,2026년 광산구 구직청년 자격증 취득비용 지원사업,광산구의 청년의 구직활동에 대한 경제적 부담 완화 및 취업역량 강화 기여하고자 구직청년 자격증 취득비용 지원사업 시행,교육/멘토링,전남광주통합특별시,전남광주통합특별시,0013010 | 0049010,청년,만 19세 ~ 만 39세,19,39,,소득조건코드=0043001 / 소득범위=0~0,,"o 접수기간: 2026. 2. 2.(월) 09:00 ~ 11. 30.(월) 18:00   ※ 예산 소진 시 조기 마감
o 지원대상: 광산구에 주민등록을 둔 미취업 청년
o 지원분야: 국가기술자격증(540종), 국가전문자격증, 어학(16종), 한국사, 운전면허(1종 대형)
o 지원내용: 자격증 취득 소요 비용(응시료,수강료)의 80% 지원
 ※ 인당 연 2회, 최대 20만원
o 지원규모: 100명 내외(선착순 모집)

※ 기타 자세한 사항은 공고문 확인",20260202 ~ 20261130,20261130,,,"o 접수방법
  - 직접방문 : 광산구청 3층, 일자리정책과
  - 이 메 일 : gwangsanjob@korea.kr",https://youth.gwangju.go.kr/www/51?siteId=www&plcyNo=20260408005400212632&url=%2Fwww%2Fpolicy%2FallYgPolicyView,main,primary,2026년광산구구직청년자격증취득비용지원사업,전남광주통합특별시,20260202 ~ 20261130~20261130,교육･직업훈련,교육비지원
youth,20260722005400213296,[남구]2026년 청년 자격증 취득 지원 사업,광주광역시 남구에서는 청년의 취업개발능력 향상 및 사회진입 활성화를 위해 「2026년 청년 자격증 취득 지원 사업」 을 다음과 같이 시행하오니 많은 신청 바랍니다.,교육/멘토링,전남광주통합특별시,전남광주통합특별시,0013010 | 0049010,청년,만 19세 ~ 만 39세,19,39,,소득조건코드=0043001 / 소득범위=0~0,,"○ 시험 응시 인정기간: 2026. 1. 1. ~ 2026. 12. 17. 기간 내 해당 시험 응시

○ 자격증 시험 응시료 지원(1인 연 2회, 최대 20만원 한도)

○ 시험 응시료 20만원 이하: 실제 소요 금액(실비)만 지급

○ 지원분야: 국가기술자격증(541종), 어학(16종), 한국사",20260219 ~ 20261218,        ,"○ ‘필기+실기’ 시험 존재 시 1회로 적용하여 신청 가능

○ 시험일 이전 접수 상태 신청 불가(실제 응시 후 응시사실 확인서류 첨부 신청)","①자격증 취득 지원사업 신청서(서식1)
②신청자 유의사항 및 동의서(서식 2) 
③ 응시사실 증명서류(응시확인서 또는 성적표)  ※ 접수확인서 불인정
   ☞ 시험일 이전 접수상태 신청 불가, 해당 시험을 실제 응시한 후 신청 가능
④응시료 결제 영수증(내역서) 사본(카드사 결제 영수증 등)  ※YBM 등 시험기관에서 발급한 영수증 불인정, 금융기관에서 발급해주세요
   ☞ 영수증(내역서) 상 시험과목(또는 시험기관), 결제금액 표기되어야 함
⑤주민등록초본(주소이력 5년, 신고일표시)
   ☞ 공고일 전일부터 신청일까지 광주 남구 거주사실(주민등록 기준)이 확인 가능해야 함
⑥건강보험자격득실확인서(미취업 여부 확인)
   ☞조회조건 전체, 내역 전체 선택
⑦통장 사본(신청자 본인 명의)","○ 방문 또는 이메일 신청

○ 방문: 남구청 일자리정책과 청년정책팀(남구 봉선로 1, 6층)

○ 이메일: iljari1234@korea.kr",https://youth.gwangju.go.kr/www/51?siteId=www&plcyNo=20260408005400212626&url=%2Fwww%2Fpolicy%2FallYgPolicyView,main,primary,남구2026년청년자격증취득지원사업,전남광주통합특별시,20260219 ~ 20261218~,교육･직업훈련,교육비지원
youth,20260722005400213295,2026년 서구 청년도전지원사업,구직 단념 청년에게 맞춤형 프로그램(단·중·장기)을 통해 취업 의지 격려 및 쉬었음 상태 장기화 방지 등,인력/일자리,전남광주통합특별시,전남광주통합특별시,0013010 | 0049010,청년,만 18세 ~ 만 39세,18,39,,소득조건코드=0043001 / 소득범위=0~0,,"단계별 맞춤형 프로그램 및 수당(최대 350만원) 제공
- 단기(5주, 50만원×1개월) : 밀착상담, 자신감 회복, 진로탐색, 취업역량
- 중기(15주, 50만원×3개월) : 단기과정 + 외부연계  +자율활동
- 장기(25주, 50만원×5개월) : 단기과정 + 외부연계  +자율활동
  ※ 중·장기 과정 이수자 : 취·창업 인센티브 추가 지급",        ,        ,,,"신청(고용 24 또는 센터 방문) → 신청자 조건 확인 → 프로그램 참여자 선정
※ 온라인 신청시 운영기관 &apos;서구 청년도전지원센터&apos; 신청",https://youth.gwangju.go.kr/www/51?siteId=www&plcyNo=20260408005400212595&url=%2Fwww%2Fpolicy%2FallYgPolicyView,main,primary,2026년서구청년도전지원사업,전남광주통합특별시,,일자리,취업
youth,20260722005400213294,"[조선대학교] 현직자 리얼토크 멘토링 6월 : 앰코코리아, 광주교통공사","○ 현직자가 알려주는 취업 성공 노하우 공유
· 진짜 취업 준비 과정 공개
· 현직자가 전하는 생생한 업무 이야기
· 합격 노하우 및 취업 전략 공유
· 궁금한 점 직접 물어보는 Q&A",인력/일자리,전남광주통합특별시,전남광주통합특별시,0013010 | 0049010,청년,만 19세 ~ 만 39세,19,39,,소득조건코드=0043001 / 소득범위=0~0,,"○ 엠코코리아 멘토링
· 일시: 6. 25.(목) 14:00 ~ 16:00
· 분야: 공정기술(반도체)
· 내용: 엠코코리아 취업 준비 방법, 현직자와 취업 준비 과정부터 직무 이야기까지
○ 광주교통공사 멘토링
· 일시: 6. 26.(금) 14:00 ~ 16:00
· 분야: 신호팀 / 통신팀·전자팀
· 내용: 신호 관리, 통신 설비, 전자 설비 준비 방법, 공기업 취업 전략과 직무별 핵심 노하우 공유",        ,        ,"○ 추천 대상
· 취업 준비를 어떻게 시작할지 고민인 청년
· 관심 기업과 직무에 대해서 알아보고 싶은 청년
· 현직자의 취업 준비 경험을 알아보고 싶은 청년
· 공기업 및 반도체 분야 취업을 희망하는 청년
· 취업 선배에게 직접 질문하고 취업 준비하고 싶은 청년",,"○ 학생통합지원시스템(THE조아) 참여 신청
 엠코코리아 신청 : https://link24.kr/9iI9nvo
 광주교통공사 신청 : https://link24.kr/7QOJ3Nj",https://youth.gwangju.go.kr/www/50?siteId=www&policyId=1378&url=%2Fwww%2Fpolicy%2FgjYgPolicyView,main,primary,조선대학교현직자리얼토크멘토링6월앰코코리아광주교통공사,전남광주통합특별시,,일자리,취업
youth,20260722005400213292,[2026 광주청년드림은행 생활경제특강①],"""구해줘 내 집!"" - [전세사기 피해예방과 임대차보호법]
생활 속 빈 곳을 채워 삶의 질을 높이는 특강!
다채로운 삶의 영역에서 나만의 기준을 갖고 살아가고 싶을 때,
안전하고 풍요로운 삶을 만들 수 있는 광주청년드림은행 특강을 소개합니다!
고민하며 시작한 독립, 더 나은 주거 환경을 위한 선택으로 전세를 고민하고 있나요?
계약서 앞에서 자신이 없고 불안한 마음 때문에 고민하고 있나요?
혹시 이미 피해가 발생한 것은 아닐지, 내가 사는 전세는 괜찮은지 점검하고 싶나요?
혹하게 하는 말로 다가오지만 금전 피해뿐만 아니라 심리적 고통, 추가 피해까지 발생시키는 전세사기. 예방부터 대처까지, 나와 내 보금자리를 지키는 방법을 소개합니다.",복지/문화,전남광주통합특별시,광주광역시,0013010 | 0049010,청년,만 19세 ~ 만 39세,19,39,,소득조건코드=0043001 / 소득범위=0~0,,"<강의내용>
01 전세사기 주요 유형별 사례와 예방
02 임대차보호법과 전세 계약 시 참고사항

☞ 이런 분에게 적합해요
- 안전한 독립생활을 꿈꾸는 청년
- 전세사기피해로 고민하는 청년
- 전세사기피해를 예방하고 싶은 청년
- 전세사기와 임대차보호법에 대해 알고 싶은 청년

◈ 앞 강의를 듣지 않아도, 내가 듣고 싶은 강의를 자유롭게 신청하실 수 있습니다.",        ,        ,,,"✿ 일 시 : 2026년 6월 23일(화) 오후 7-9시(2시간)
✿ 대 상 : 전세사기 예방에 관심있는 광주 청년 30명, 선착순
✿ 장 소 : 광주청년드림은행 (광주광역시 북구 무등로 237 2층)
✿ 참 가 비 : 무료(광주광역시 지원)
✿ 신 청 : 2026년 6월 19일(금)까지 신청
✿ 문 의 : 062-521-2567 광주청년드림은행",https://youth.gwangju.go.kr/www/51?siteId=www&plcyNo=20260612005400213230&url=%2Fwww%2Fpolicy%2FallYgPolicyView,main,primary,2026광주청년드림은행생활경제특강①,전남광주통합특별시,,금융･복지･문화,취약계층 및 금융지원
youth,20260722005400213290,오픈마이크 2기,"○ 청년 강연자 양성 프로젝트
· 내 경험을 한 편의 강연으로 완성하고, 작은 무대(토크콘서트)에서 직접 발표하는 프로그램
· 전문가 코칭과 또래 피드백 매 회차 운영
· 말의 순서와 전달 방식 학습",교육/멘토링,전남광주통합특별시,전남광주통합특별시,0013010 | 0049010,청년,만 19세 ~ 만 39세,19,39,,소득조건코드=0043001 / 소득범위=0~0,,"○ 프로그램 운영
· 참가자 소개 및 아이스브레이킹, 스토리텔링의 개요
· 특강 <당신의 이야기를 삽니다>
· 기본 스피치 강연 내용 작성하기 <CODI법>
· 설득하는 힘 <강연 스피치>
· 전문가 코칭 및 상호 피드백
· 토크콘서트 진행",        ,        ,,,"○ 아지트 홈페이지 신청
· [프로그램] → [오픈마이크 2기] → [프로그램 신청] 클릭 후 구글폼 작성",https://youth.gwangju.go.kr/www/51?siteId=www&plcyNo=20260616005400213237&url=%2Fwww%2Fpolicy%2FallYgPolicyView,main,primary,오픈마이크2기,전남광주통합특별시,,교육･직업훈련,교육비지원
youth,20260722005400213289,2026 마음건강상담소 2차 참여자 모집 (접수 마감),청년 정신건강 증진을 위한 1:1 전문심리상담 지원,복지/문화,전남광주통합특별시,전남광주통합특별시,0013010 | 0049010,청년,만 19세 ~ 만 39세,19,39,,소득조건코드=0043001 / 소득범위=0~0,," ·  1:1 전문 심리상담 제공 (기본 6회기, 최대 8회기)
 ·  필요 시 심리검사 지원
 ·  마음건강 증진 프로그램 운영",20260702,20261231,"- 기참여자일 경우 후순위 선정, 신규 신청자 우선 선정
- 동일 연도 참여자 신청 불가",,광주청년통합플랫폼 온라인 신청 → 상담소 배정 → 마음건강 상담 진행 → 만족도 조사,https://youth.gwangju.go.kr/www/51?siteId=www&plcyNo=20260622005400213243&url=%2Fwww%2Fpolicy%2FallYgPolicyView,main,primary,2026마음건강상담소2차참여자모집접수마감,전남광주통합특별시,20260702~20261231,금융･복지･문화,건강
youth,20260722005400213288,사회연대경제 청년 일경험사업 시범사업,"○ 미취업 청년에게 사회연대경제 분야 일경험 기회 제공
· 노동시장 진입 기반 마련
· 진로탐색 및 직무역량 강화 지원",인력/일자리,전남광주통합특별시,전남광주통합특별시,0013010 | 0049010,청년,만 19세 ~ 만 39세,19,39,,소득조건코드=0043001 / 소득범위=0~0,,"○ 직무교육
· 총 20시간(1일 최대 8시간 편성)
· 사회연대경제 이해 및 직무 기초역량 강화, 참여청년 직무 분야별 실무교육, 진로 연계 등
· 교육시간의 90% 이상 출석 시 수료

○ 일경험 프로그램
· 근로기간: 2026. 7. 1. ~ 11. 30. (5개월)
· 근로시간: 주 5일(주 40시간), 1일 8시간(9:00~18:00)
· 휴게시간: 12:00~13:00(1시간)
· 임금수준: 시급 11,188원(월 209시간 개근 시 2,338,292원, 유급주휴 포함, 세전)
· 급여공제: 근로소득세, 지방소득세, 근로자 부담 4대 보험료 등

○ 청년밀착형 프로그램
· 현장적응 지원, 고충 상담, 진로탐색, 심리･정서적 안정 지원

○ 멘토링 프로그램
· 직무수행, 진로탐색 등을 지원하기 위한 1:1 멘토 지정",        ,        ,"○ 참여제한
· 사업자등록이 있는 자
· 타 부처 또는 지방정부의 취업 관련 지원사업에 참여 중인 자
· 참여 신청일 기준 6개월 내 해당 참여기업에서 근무한 이력이 있는 자
· 배우자, 직계존비속 또는 형제자매가 참여기업 사업주(대표자)인 자
· 허위 기타 부정한 방법으로 정부(국가·지방정부) 일경험 사업에 참여한 자
· 단순 변심으로 청년 일경험 사업에 참여하여 2회 이상 중도이탈한 자
· 대한민국 국적을 보유하지 않은 자
※ 참여제한 사유는 참여 신청일 기준으로 판단, 근로기간 중 해당 사유가 발생한 경우 즉시 참여 중단 가능",☞ 자세한 내용은 붙임파일을 확인해주시기 바랍니다,"○ 고용24 온라인신청
· https://m.site.naver.com/29ZAK",https://youth.gwangju.go.kr/www/51?siteId=www&plcyNo=20260616005400213235&url=%2Fwww%2Fpolicy%2FallYgPolicyView,main,primary,사회연대경제청년일경험사업시범사업,전남광주통합특별시,,일자리,취업
youth,20260722005400213286,[서구]2026년 전입 청년 웰컴 박스 지원사업,"○ 전입 청년 웰컴 박스 지원
· 광주광역시 서구로 전입한 1인 가구 청년들의 새로운 출발 응원 및 지역사회 적응 지원
· 청년정책 안내 자료와 생활용품이 담긴 웰컴박스 지원",인력/일자리,전남광주통합특별시,전남광주통합특별시,0013010 | 0049010,청년,만 19세 ~ 만 39세,19,39,,소득조건코드=0043001 / 소득범위=0~0,,"○ 웰컴 박스 제공
· 생활 물품과 청년정책 책자로 구성된 웰컴 박스 제공",        ,        ,"○ 전입 청년 웰컴 박스 지원은 최초 1번만 가능
○ 신청기간 내 예산 소진 시 조기 종료
○ 신청서 및 개인정보 동의서는 본인이 직접 작성
○ 대리신청 불가",☞ 자세한 내용은 붙임파일을 확인해주시기 바랍니다,"○ 신청방법
· 방문 및 이메일(satang2526@korea.kr) 신청 가능",https://youth.gwangju.go.kr/www/51?siteId=www&plcyNo=20260616005400213236&url=%2Fwww%2Fpolicy%2FallYgPolicyView,main,primary,서구2026년전입청년웰컴박스지원사업,전남광주통합특별시,,일자리,취업
youth,20260722005400213285,2026년 성인진로상담,"○ 광주시민이 자신의 진로를 자각, 탐색, 계획, 준비, 관리할 수 있도록 무료 상담 제공
· 진흥원에서 양성한 성인진로컨설턴트 파견
· 생애주기에 맞는 맞춤형 1:1 상담 제공",교육/멘토링,전남광주통합특별시,전남광주통합특별시,0013010 | 0049010,청년,만 1세 ~ 만 99세,,,,소득조건코드=0043001 / 소득범위=0~0,,"○ 맞춤형 1:1 상담 제공
· 진로 설계
· 경력 전환
· 학습 방향
· 관계 및 마음 고민 상담
○ 상담 운영
· 상담 신청 후 성인진로컨설턴트 파견
· 상담 진행 1~4회기
· 1회 기준 90분
○ 비용
· 무료",        ,        ,,,"○ 신청방법
· 진흥원 홈페이지(www.gie.kr) 접속
· 성인진로상담 메뉴 클릭
· 정보입력 후 접수",https://www.gie.kr/kr/79?url=%2Fkr%2Fredsgn%2Fview%2Fintro,main,primary,2026년성인진로상담,전남광주통합특별시,,교육･직업훈련,교육비지원
youth,20260722005400213284,[7월 마감] 2026년 구직청년 자격증 취득지원 사업(8월 3일 10시 접수 예정),구직활동에 필요한 어학(능력)·자격증 시험 응시료 지원,교육/멘토링,전남광주통합특별시,전남광주통합특별시,0013010 | 0049010,청년,만 19세 ~ 만 39세,19,39,,소득조건코드=0043001 / 소득범위=0~0,," ※ 단계별 시험(필기,실기 등)은 명칭과 상관 없이 합산 신청 가능(개별 신청하여 지급 완료 시, 당해 연도 추가 신청 및 소급 지원 불가)

❍ 지원분야
  - 한국사 및 어학능력시험 : 국사편찬위원회 주관 한국사 시험 및 어학능력시험 20종 
  - 국가기술자격증 : 「국가기술자격법」시행규칙 별표2에 따른 국가기술자격증
  - 국가전문자격증 : 한국산업인력공단(Q-net) 국가자격 종목별 상세정보 참고 /*자동차운전면허 제외
  - 국가공인자격증 : 민간자격정보서비스에 등록된 &apos;공인&apos;자격증 /* 민간자격정보서비스 상의 구분이 ""부분공인""이라면 국가공인 등급(급수) 취득 및 해당 성적 달성 시에 한하여 지원 가능 /* 민간자격정보서비스 상의 구분이 ""등록""이라면 지원 제외 ",        ,        ,,"1. 주민등록표 초본: 신청월 발급본, 발생일/신고일 포함, 마지막장까지 제출
2. 건강보험 자격득실 확인서: 신청월 발급본, 발급시 조회 조건 전체
*건강보험 자격득실 확인서 가입자구분이 구분없음일 때 고용보험자격이력내역서로 대체 제출
3. 응시사실 증명서류: 응시 확인서 또는 성적표
*성명, 응시일, 자격종목(명) 등 확인할 수 있는 서류(시험 접수증, 수험표 불인정)
*민간자격정보서비스상 구분이 ‘부분공인’인 종목은 국가공인 자격증 사본 또는 공인 등급이 명시된 성적표 제출 
4. 결제영수증
*결제 금액, 일시, 승인번호, 거래처 등이 포함된 영수증(시험 사이트에서 발급된 영수증 불인정)
5. 통장 사본: 은행명, 성명, 계좌번호 표기

※ 서류 보완이 필요한 경우, 보완 요청을 할 수 있음(기한 내(보완요청일 기준 3일) 미제출시 부적격처리)",시험 응시 → 광주청년통합플랫폼 접수 → 제출 서류 확인 (자격심사 및 중복지원여부 조회) → 선정안내 및 만족도조사 → 지원금 지급,https://youth.gwangju.go.kr/www/50?siteId=www&policyId=1389&url=%2Fwww%2Fpolicy%2FgjYgPolicyView,main,primary,7월마감2026년구직청년자격증취득지원사업8월3일10시접수예정,전남광주통합특별시,,교육･직업훈련,교육비지원
youth,20260722005400213283,[조선대] 현직자 리얼토크 멘토링 : 하이트진로음료,"○ 현직자 리얼토크 멘토링 : 하이트진로음료
· 현직자가 알려주는 실무 이야기 및 취업 노하우 제공
· 온라인 마케팅 현직자의 실제 업무 소개
· 취업 준비 과정 및 합격 노하우 안내
· 취업 전 알아야 할 현실 이야기 및 현직자 실시간 Q&A 운영",인력/일자리,전남광주통합특별시,전남광주통합특별시,0013010 | 0049010,청년,만 19세 ~ 만 39세,19,39,,소득조건코드=0043001 / 소득범위=0~0,,"○ 온라인 마케팅 전략
· 온라인 채널, 광고 기획, 퍼포먼스 마케팅 전략 노하우 전수
○ 자사몰 운영
· 자사몰 기획 및 운영 실무 전체 흐름 안내
○ 콜라보 브랜딩
· 타사와의 콜라보 브랜딩 및 마케팅 역량 안내
○ 취업 준비 전략
· 현직자의 취업 준비 경험 및 취업 노하우 공유
○ 현직자 Q&A
· 취업 관련 궁금한 사항 질의응답",20260721,20260721,"○ 운영방식
· 비대면(ZOOM)
○ 참여기업
· 하이트진로음료",,"○ 신청방법
· 학생통합지원시스템(THE조아) 참여 신청
· 신청 링크: https://link24.kr/FAfoPnG",https://link24.kr/FAfoPnG,main,primary,조선대현직자리얼토크멘토링하이트진로음료,전남광주통합특별시,20260721~20260721,일자리,취업
youth,20260722005400213282,2026년 완도군 청년 자격증 응시료 지원사업,청년 구직활동의 경제적 부담 완화 및 취업 능력 개발 지원을 위해 자격증 응시료 지원,교육/멘토링,전남광주통합특별시,전남광주통합특별시,0013010 | 0049010,청년,만 19세 ~ 만 49세,19,49,,소득조건코드=0043001 / 소득범위=0~0,,"어학·한국사, 국가자격증 응시료 실비 및 교재비 지원
 - 실제 결제한 응시료 및 교재비에 한하여 최대 10만원까지 지급
 - 연 10만원 한도 내에서 1인당 최대 2회까지 신청 가능
 - 지원분야
   (어학8종) 토익(TOEIC), 토익스피킹, 토플(TOEFLE), 아이엘츠(IELTS), 오픽(OPIC), 텝스(TEPS), 지텔프(G-TELF), 플렉스(FLEX)
   (한국사)  한국사능력검정시험
   (국가, 민간자격) 국가기술자격증(국가기술자격법 시행규칙 별표 2), 국가전문자격증(개별법), 국가공인민간자격증(개별법)
    한국산업인력공단(Q-net) 사이트를 통해 세부 종목 확인 가능
   (www.q-net.or.kr→국가자격시험→자격정보→국가자격종목별상세정보)",20260121 ~ 20261210,        ,,"응시료 지원 신청서(개인정보동의서 포함)
응시사실 확인 증빙자료 및 교재사진
응시료 및 교재 결제 영수증
주민등록초본
건강보험 자격득실확인서
통장사본","온라인 접수(이메일 ruddnr0405@korea.kr) 제출 ※ 선착순 모집
- 신청기간 : 2026. 1. ~ 12. / 매월 1일 ~ 10일 접수
- 제출서류는 스캔 또는 선명하게 촬영 후 파일로 제출
- 자세한 사항은 공고문 참고",https://youth.gwangju.go.kr/www/51?siteId=www&plcyNo=20260702005400213247&url=%2Fwww%2Fpolicy%2FallYgPolicyView,main,primary,2026년완도군청년자격증응시료지원사업,전남광주통합특별시,20260121 ~ 20261210~,교육･직업훈련,교육비지원
youth,20260722005400213281,「광주청년 일경험드림 사업」 제20기 드림청년(참여청년) 모집,"○ 지역 미취업 청년 대상 일경험 지원
· 다양한 일경험을 통해 진로와 직업 비전을 찾을 수 있도록 지원
· 매칭된 사업장에서 일경험 제공 및 근로에 따른 급여 지급
· 직무교육과 연계활동 지원",인력/일자리,전남광주통합특별시,전남광주통합특별시,0013010 | 0049010,청년,만 19세 ~ 만 39세,19,39,,소득조건코드=0043001 / 소득범위=0~0,,"○ 자기주도형
· 5개월, 주 25시간, 월 131시간
· 직무 탐색과 자기 계발을 병행하여 개인의 성장 가능성을 확장하는 트랙

○ 집중참여형
· 3개월, 주 40시간, 월 209시간
· 심화된 직무를 경험하며 실무 역량을 강화하는 트랙

○ 급여
· 2026년 광주광역시 생활임금 13,303원 적용
※ 희망 사업장의 모집 트랙유형에 따라 지원 가능",20260801,20261231,"○ 제외대상
· 광주청년 일경험드림 사업 참여 이력이 있는 자
· 수당 및 인건비를 지급받는 정부·지자체 사업에 참여 중인 자
· 학교 재학생 및 휴학생
※ 졸업예정자는 일경험드림사업 누리집 참고",☞ 자세한 내용은 붙임파일을 확인해주시기 바랍니다,"○ 면접신청(온라인)
· 광주청년 일경험드림 사업 누리집 회원가입(http://gjyouthdream.com)
· 면접신청서(자기소개서) 작성
· 구비서류 첨부

○ 드림만남의 날(최종신청)
· 시청 방문
· 희망사업장 상담
· 현장면접
· 최종신청서 작성·제출",http://gjyouthdream.com,main,primary,광주청년일경험드림사업제20기드림청년참여청년모집,전남광주통합특별시,20260801~20261231,일자리,취업
youth,20260722005400213279,청년맞춤형 주택임차보증금 이자지원,"대학(원)생, 취업준비생, 사회초년생의 임대보증금 대출을 알선하고 대출이자의 일부를 이차보전하여 주거안정에 기여
○ 신규임차계약 : 2026. 7. 6.(월) 09:00 ~ 7. 15.(수) 18:00 (10일) 
○ 갱신임차계약 : 2026. 7. 1.(수) 09:00 ~ 7. 10.(금) 18:00 (10일)",주거,전남광주통합특별시,전남광주통합특별시,0013010 | 0049010,청년,만 19세 ~ 만 39세,19,39,,소득조건코드=0043001 / 소득범위=0~0,,"★26.5.15. 기준으로 임차보증금 기준 변경(2억원 -&gt; 2.5억원)

2억5천만원이하 주택임차보증금 90% 이내(최대1억원) 
이자 일부(2%) 2년간 이차보전 | 연장1회 가능(최장4년)",20260101,20261231,"★26.5.15. 기준으로 본인(4천5백만원-&gt;5천만원) 및 부부합산 소득기준(6천만원-&gt;8천만원) 변경 

연 소득 : (부모)7천만원 이하, (본인)5천만원 이하, (부부합산) 8천만원 이하","※ 모든 서류는 신청일 기준 1개월 이내 발급분으로 제출 필수
   - 동의서 등 제출서류 일체(서명 필수) 스캔(내용식별 가능해야 함)
     → 서류는 제출 항목별로 압축 파일로 저장하여 업로드

○ 공통서류
 - 임차보증금 이자지원 신청자 의무사항 및 각서(공고문 서식 1)
 - 개인정보 수집‧이용 및 제3자 정보제공 동의서 (공고문 서식 2) 
   → (취업준비생) 본인 포함 부모님 서명 / (취창업자) 본인 서명 / (기혼자) 본인 포함 배우자 서명 필수 
 - 주민등록초본(주소변경이력포함, 발급일자 필수)
 - 주민등록등본(발급 일자 필수)
 - 가족관계증명서(본인 주민번호 전체 표시)
 - &apos;25~26 지방세 세목별 과세증명서(전국/전체) *홈택스 [미과세증명서] 증명서로 대체(선택: (전국) 체크 / 조회 : 재산세(전체), 취득세(부동산) 체크)
   ** 미과세증명서 발급이 안될시 : 지방세 세목별 과세 증명서 + [청약홈] 주택소유확인서 추가 제출
 - 건강보험 자격득실확인서(가입이력전체포함)
 - 2026 건강보험 납부확인서(취창업자:본인, 기혼자:본인 및 배우자, 취준생:부모)
 - 건강보험 자격확인서(소득산정 가구원의 건강보험 자격확인, 가입이력포함)
 - (갱신 및 연장인경우) 임대차계약서, 부모의 가족관계증명서(기혼의 경우 배우자 부모의 가족관계증명서 포함)
 
○ 대학(원)생, 취업준비생 추가서류 
 - 부모의 2025년도 소득금액증명원 또는 원천징수영수증 (부모 모두)
 - 사실증명원 (부모가 소득이 없는 경우) 
 - 재학(휴학)증명서 / 졸업증명서 등 (총장 직인 필수)
  ※ 본인소득 심사를 원하는 경우 공고문 3p의 예외사항 조건을 모두 충족할 시 가능
    → 이때 본인 기준 소득증빙서류, 현재 혹은 직전 취창업 확인서류 제출(공고문 5p 참고)

○ 취창업자 추가서류 
 - 재직증명서(사업자의 경우 사업자등록증, 최근1개월내 발급분 아닌 경우 사업등록증명 보완)
 - 현재 근무지(사업지)의 본인의 2025년도 소득금액증명원 또는 원천징수영수증(공고문 참고)","상단 신청하기 클릭(신청시작일 생성), 접수 - 적격자 알림(시→은행, 신청인) - 대출적격자 통보(은행→신청인, 시) - 대출실행(은행→신청인) - 이자지원(시→은행)",https://youth.gwangju.go.kr/www/50?formSeq=46&mapngColumn=policy_id&mapngId=1241&url=%2Fwww%2Fform%2FapplFormView,main,primary,청년맞춤형주택임차보증금이자지원,전남광주통합특별시,20260101~20261231,주거,전월세 및 주거급여 지원
youth,20260722005400213278,광주형 청년일자리 공제(추가모집_마감),"지역 중소기업 재직 청년에 대한 재정 지원을 통해 장기근속 및 지역정착을 유도하고, 미취업 청년의 지역기업 유입 촉진 도모",복지/문화,전남광주통합특별시,전남광주통합특별시,0013010 | 0049010,청년,만 19세 ~ 만 39세,19,39,,소득조건코드=0043001 / 소득범위=0~0,,"청년이 2년간 500만원을 적립하면 
기업(200만원)과 광주시(300만원)가 각각 적립 
24개월 후 만기공제금 1,000만원 지원",20260417,20260625,"[지원사업 제외대상]
 
기   업 : 모집공고 2페이지 가입 제외 기업 참고, 11페이지 가입 제외 기업 (지원제외 업종) 참고

청   년 : 모집공고 4페이지 가입 제외자 참고, 10페이지 별첨 1 가입 제외 청년 (*중복참여 불가 사업) 참고
 
*중복참여 불가 사업: 청년내일채움공제, 청년재직자내일채움공제, 청년13통장 등","*기업*
1. 가입 신청서(기업용) (서식1)
2. 부정수급 방지 확인서(기업용) (서식2)
3. 사업장정보 수집‧이용 및 제3자 제공 동의서 (서식3)
4. 사업자등록증명(+법인의 경우 등기사항전부증명서(현재 유효사항))
5. 4대 사회보험 사업장 가입자 명부
6. 국세 납세증명서
7. 지방세 납세증명서
8. 중소기업 확인서
9. 가입 청년 근로계약서
10. 환급계좌 통장 사본

*청년*
1. 가입 신청서(청년용) (서식1)
2. 부정수급 방지 확인서(청년용) (서식2)
3. 개인정보 수집‧이용 및 제3자 제공 동의서 (서식3)
4. 주민등록표 초본  (*주민등록표 등본 아님)
5. 가족관계증명서
6. 가입자 건강‧장기요양보험료 납부확인서(최근 6개월/ 2025년 3월 신청시 2024년 9월분부터 제출)
7. 환급계좌 통장 사본

-모든 서류는 신청일이 포함된 월 의 서류로 제출  (2월 신청 시, 2월 1일 이후 발급서류 제출)
-기업서류 (1~10)/ 청년서류 (1~7) 번호 순서대로 취합하여 기업용, 청년용 구분하여 pdf파일로 업로드",광주청년통합플랫폼 온라인 접수,https://youth.gwangju.go.kr/www/50?formSeq=52&mapngColumn=policy_id&mapngId=819&url=%2Fwww%2Fform%2FapplFormView,main,primary,광주형청년일자리공제추가모집마감,전남광주통합특별시,20260417~20260625,금융･복지･문화,취약계층 및 금융지원
youth,20260722005400213277,[22개 시·군] 2026 청년 잡업 프로젝트 자격증 취득 온라인 수강권 지원사업,"취업 경쟁력 강화를 위한 미취업 청년 대상 자격증 취득 온라인 수강권 지원(7개 분야 약 1,600개 이상 강의 제공)",교육/멘토링,전남광주통합특별시,전남광주통합특별시,0013010 | 0049010,청년,만 19세 ~ 만 34세,19,34,,소득조건코드=0043001 / 소득범위=0~0,,"전남광주통합특별시 22개 시·군 거주 미취업 청년(19~34세) 1,100명 대상 
다양한 강의로 원하는 스펙 쌓기! 자격증 관련 약 1,600개 이상 강의 수강권 무료 지원

지원분야 : 국가기술·국가전문·국가공인민간자격증, 한국사 및 어학시험, 
NCS 이론 및 실전 과목, 7·9급(PAST) 공무원 공통 과목, 취업 후 실무 적용 기초사무능력 과정 등",20260724 ~ 20260823,        ,,주민등록등본 및 건강보험 자격득실확인서(신청일 기준),온라인 신청 → 신청자 정보 조회 → 대상자 선정 안내 → 학습시작 → 만족도 조사,https://youth.gwangju.go.kr/www/50?siteId=www&policyId=1394&url=%2Fwww%2Fpolicy%2FgjYgPolicyView,main,primary,22개시군2026청년잡업프로젝트자격증취득온라인수강권지원사업,전남광주통합특별시,20260724 ~ 20260823~,교육･직업훈련,교육비지원
youth,20260722005400213276,「공공임대주택 청년창업공간」입주기업 모집,"○ 공공임대주택 상가 유휴공간을 활용, 청년 창업 활동을 지원하여 지역 활성화와 일자리 창출을 돕기 위한 청년창업공간 입주기업 모집",인력/일자리,전남광주통합특별시,전남광주통합특별시,0013010 | 0049010,청년,만 19세 ~ 만 35세,19,35,,소득조건코드=0043001 / 소득범위=0~0,,"○ 개별 사무실 무상 제공
· 임차 보증금 및 임차료 지원
· 공간 규모: 전용 54㎡(약 16평)
· 소재지: 전남광주통합특별시 북구 서하로194번길 2 오치 주공 지하상가

○ 창업지원 프로그램 제공
· 창업 전문 교육기관 연계 창업지원 프로그램 제공",20260713 ~ 20260729,        ,"○ 신청제외 대상
· 타기관 창업지원 공간을 제공하는 유사 지원사업에 참여 중인 경우
· 북구 창업지원 공간을 제공하는 사업에 지원받은 이력이 있는 경우
· 국세·지방세를 체납하였거나 신용불량 거래자인 경우
· 중소기업 창업지원법 시행령 제4조에 해당하는 업종 등 해당 창업 지원 공간에 입주하기 어렵다고 판단되는 업종
· 기타 해당 사업 참여가 부적절하다고 판단할 만한 사유가 있는 자",☞ 자세한 내용은 붙임파일을 확인해주시기 바랍니다,"○ 신청방법: 온라인 및 방문 접수
· 온라인: 북구청 홈페이지 공지사항 확인 및 서식 작성 후 이메일 제출
· 이메일: espoirbr@korea.kr
· 방문: 북구청 청년미래정책관 접수
· 접수처: 북구 우치로 77, 2층 북구청 청년미래정책관 청년일자리팀
· 접수시간: 9:00~18:00
· 공휴일 및 점심시간 12:00~13:00 불가
※ 서류 제출 후 접수 확인 전화 요망, 제출 서류 누락시 본인에게 책임이 있음",https://youth.gwangju.go.kr/www/51?siteId=www&plcyNo=20260708005400213251&url=%2Fwww%2Fpolicy%2FallYgPolicyView,main,primary,공공임대주택청년창업공간입주기업모집,전남광주통합특별시,20260713 ~ 20260729~,일자리,창업
youth,20260722005400213275,2026년 7월 청년 취업 지원 프로그램 「취업힐링캠프」,"○ 광산구 청년 취업지원 프로그램 「취업힐링캠프」
· 광주청년일자리스테이션(동명)과 연계 운영
· 이력서·자기소개서 작성법, 면접 전략, 실전 모의면접, 면접 스피치, 플라워 디자인 클래스 운영",인력/일자리,전남광주통합특별시,전남광주통합특별시,0013010 | 0049010,청년,만 19세 ~ 만 39세,19,39,,소득조건코드=0043001 / 소득범위=0~0,,"○ 1~2회차
· 일정/시간: 2026. 7. 8.(수) 13:00~18:00
· 직무중심 서류 전략: 이력서·자기소개서 작성법
· 면접의 정석 기초: 첫인상 전략부터 실전 모의면접까지

○ 3~4회차
· 일정/시간: 2026. 7. 22.(수) 13:00~18:00
· 면접의 정석 완성: 유형별 면접 스피치·밀착 피드백
· 마음치유 원데이 클래스: 오감 만족 플라워 디자인 클래스",20260708,20260722,,,○ 신청방법 : 포스터 내 QR코드로 접속 후 참여신청서 제출,https://www.youthcenter.go.kr/youthPolicy/ythPlcyTotalSearch/ythPlcyDetail/20260722005400213275,main,primary,2026년7월청년취업지원프로그램취업힐링캠프,전남광주통합특별시,20260708~20260722,일자리,취업
youth,20260722005400213274,『광주청년창업지원센터』입주스타트업(20기) 모집,"○ 지역 내 청년(예비)창업가 전문기업 육성 및 지원을 위한 입주스타트업 모집
· 창업 준비 공간, 입주 공간, 정보교류, 창업교육 등 창업 관련 개방형 네트워크 공간 지원",인력/일자리,전남광주통합특별시,전남광주통합특별시,0013010 | 0049010,"스타트업,청년",만 15세 ~ 만 39세,15,39,,소득조건코드=0043001 / 소득범위=0~0,,"○ 사무공간 지원
· 사무용 집기류 및 무인경비시스템 제공
○ 편의시설 지원
· 회의실, 휴게실 등 공용시설 이용 지원
○ 창업지원 프로그램
· 센터 보유 기술고도화 자금지원 등 입주기업 협의회 네트워킹
· 비즈니스 고도화 교육, 컨설팅 및 기업 수요 기반 사업 지원 등",20260801,20270131,"○ 입주조건
· 입주계약서 체결 후 1개월 이내 사업자등록증 주소를 센터(I-PLEX광주)로 변경
· 사업자등록증 주소지 변경 이후 타 주소지 이전 불가
· 예비창업자의 경우 입주 후 15일 이내 창업 및 사업자등록 가능자
○ 신청자격 제한
· 중소기업창업지원법 시행령 제4조의 창업지원에서 제외되는 업종 불가",☞ 자세한 내용은 붙임파일을 확인해주시기 바랍니다,"○ 접수방법
· 방문접수 또는 e-mail 접수
○ 접수처
· [61436] 광주광역시 동구 동계천로 150 『I-PLEX 광주』 2층 운영본부(202호)
○ 접수메일
· jjanggon@gjtp.or.kr","https://www.gjtp.or.kr/home/business.cs?act=view&amp;bsnssId=2222&amp;ctg01=01,02,03,04,05,06,09,07,08,10,11,12&amp;ctg02=04&amp;ctg03=14&amp;pageIndex=1&amp;pageUnit=30&amp;searchKeyword=",main,primary,광주청년창업지원센터입주스타트업20기모집,전남광주통합특별시,20260801~20270131,일자리,창업
youth,20260722005400213273,2026년 신혼부부 전세자금 대출이자 지원 안내,"○ 「주택도시기금 신혼부부 전용 전세자금대출」 신규 대출자 및 대출 연장자 대출이자 지원
· 납입 대출이자의 일부 지원
· 무자녀 0.5%, 1자녀 0.7%, 2자녀이상 1.0%",주거,전남광주통합특별시,전남광주통합특별시,0013010 | 0049010,청년,만 1세 ~ 만 99세,,,,소득조건코드=0043001 / 소득범위=0~0,,"○ 납입 대출이자의 일부 지원
· 무자녀 0.5%
· 1자녀 0.7%
· 2자녀이상 1.0%
○ 지원한도
· 대출 신청자가 은행에 납입한 총 이자액 범위 내
○ 지급방법
· 연간 2회(상·하반기) 청구 및 지급
· 개인별 계좌입금",20260105 ~ 20261030,        ,"○ 취급은행
· 농협, 우리, 국민, 신한, 하나, iM, 부산",,○ 신청방법 : 광주아이키움플랫폼 확인 후 신청 및 청구(구비서류 첨부),https://youth.gwangju.go.kr/www/51?siteId=www&plcyNo=20260710005400213254&url=%2Fwww%2Fpolicy%2FallYgPolicyView,main,primary,2026년신혼부부전세자금대출이자지원안내,전남광주통합특별시,20260105 ~ 20261030~,주거,전월세 및 주거급여 지원
youth,20260722005400213272,[청년드림은행] 2026년 7월 가계부 워크샵 - 내꿈실현 돈관리,"만족스러운 돈 관리법을 찾고 계세요?
바로 여기 있어요!
나만의 꿈지도를 그리며 목표를 설정하고,
현실적인 돈 관리 방법을 듣고 싶다면 지금 바로 신청하세요!
✔ 강의 내용 맛보기
Vol. 1 돈과 관계맺기
Vol. 2 꿈 지도 그리기
Vol. 3 재무목표 설정
Vol. 4 재무 상태 파악하기
Vol. 5 예산 수립 및 통장 시스템
*실습이 있으니 향후 계획과 한달 지출 자료들을 준비해오시면 더 좋습니다!
✔ 강의를 수강하는 분들에게는 직접 작성할 수 있는 가계부를 선물로 드립니다!",복지/문화,전남광주통합특별시,전남광주통합특별시,0013010 | 0049010,청년,만 19세 ~ 만 39세,19,39,,소득조건코드=0043001 / 소득범위=0~0,,"✔이런 분에게 적합해요

- 돈 관리 어떻게 시작해야 할지 모르겠어요

- 나의 한 달 지출을 알고 싶어요

- 예산을 계획하고 통장 시스템을 만들고 싶어요

- 가계부를 활용해 지출 점검을 해보고 싶어요



*한번 강의를 들으신 분들은 참여가 취소될 수 있으며, 많은 분들의 참여을 돕고자 함이니 양해부탁드립니다.",20260708,20260722,,,"✔ 7월 20일(월)까지 신청 마감

- 일 시 : 2026년 7월 22일 (수) 저녁 7-9시

- 장 소 : 청년드림은행 (전남광주통합특별시 북구 무등로 237, 2층)

- 대 상 : 돈 관리법을 알고 싶은 전남,광주 청년 30명 선착순

- 문 의 : 청년드림은행 062-521-2567",https://www.youthcenter.go.kr/youthPolicy/ythPlcyTotalSearch/ythPlcyDetail/20260722005400213272,main,primary,청년드림은행2026년7월가계부워크샵내꿈실현돈관리,전남광주통합특별시,20260708~20260722,금융･복지･문화,취약계층 및 금융지원
youth,20260722005400213271,[광주 서구] 마음회복×진로설계 특강,"진로 불안에서 오는 스트레스에 대해 극복할수 있도록 긍정 감정의 선순환 구조를 만들고, 개인이 가진 핵심 강점 영역으로 인생의 방향성을 (재)설계 할수 있도록 지원",교육/멘토링,전남광주통합특별시,광주광역시,0013010 | 0049010,청년,만 19세 ~ 만 39세,19,39,,소득조건코드=0043001 / 소득범위=0~0,,"    ○ (오전) 미술치료 : 그림검사(빗속의 사람)을 통해 집단 동질감으로 고립감을 해소하고 취업 준비 과정의 심리적 어려움을 정황하여 자기 이해 증진
    ○ (오후) 강점검사 : AI강점 검사(9WAY)를 통한 강점 개발 및 적성에 맞는 진로 설계 제공",20260720 ~ 20260807,20260820,,,(7. 20. ~ 8. 7.) 참여자 모집 - (8. 13.) 선정자 개별 문자 - (8. 20.) 진로설계 특강 운영 - (~8월) 활동증명서 발급 및 만족도 조사 취합,https://youth.gwangju.go.kr/www/50?siteId=www&policyId=1404&url=%2Fwww%2Fpolicy%2FgjYgPolicyView,main,primary,광주서구마음회복진로설계특강,전남광주통합특별시,20260720 ~ 20260807~20260820,교육･직업훈련,교육비지원
youth,20260722005400213270,[남구] 2026년 현직자와의 특별한 만남,"❍ 주요내용 : 광주 공기업 현직자 멘토와 청년 멘티(10명 내외)의 만남으로, 취업 노하우, 직무경험 등을 공유할 수 있는 강의 추진
 ❍ 멘토현황 
 - 한국토지주택공사 광주전남지부(경영지원팀)
 - 한국철도공사 광주본부 (경영인사처)
 - 광주교통공사 (2호선 운영기획단)
 - 광주교통공사 (신호팀)",교육/멘토링,전남광주통합특별시,전남광주통합특별시,0013010 | 0049010,청년,만 19세 ~ 만 39세,19,39,,소득조건코드=0043001 / 소득범위=0~0,,"  ❍ 주요내용 : 광주 공기업 현직자 멘토와 청년 멘티(10명 내외)의 만남으로, 취업 노하우, 직무경험 등을 공유할 수 있는 강의 추진
  ❍ 멘토현황 
    - 한국토지주택공사 광주전남지부(경영지원팀)
    - 한국철도공사 광주본부 (경영인사처)
    - 광주교통공사 (2호선 운영기획단)
    - 광주교통공사 (차량운영처)",        ,        ,,,"네이버폼 신청(중복신청 가능)
 https://naver.me/FJOcNIEc
(초과 인원 접수 시 모집 마감 될 수 있음)",https://youth.gwangju.go.kr/www/50?siteId=www&policyId=1405&url=%2Fwww%2Fpolicy%2FgjYgPolicyView,main,primary,남구2026년현직자와의특별한만남,전남광주통합특별시,,교육･직업훈련,교육비지원
youth,20260722005400213269,제4회 광주 북구청장배 청년 창업 아이디어 경진대회,"○ 지역 청년 창업 활성화
 · 창의적 창업 아이템 및 공공데이터 활용 혁신 아이디어 발굴
○ 청년창업 아이디어 경진대회 개최
 · 루키리그(예비창업자)·성장리그(기창업자) 운영
○ 모집분야
· 기술혁신 · 문화콘텐츠 · 지역문제해결 · 메디뷰티",인력/일자리,전남광주통합특별시,전남광주통합특별시,0013010 | 0049010,청년,만 15세 ~ 만 39세,15,39,,소득조건코드=0043001 / 소득범위=0~0,,"○ 시상금 지급
 · 총 상금 1,360만원 규모
○ 사업화 지원
 · 대상~장려상 팀별 최대 300만원 상당 사업화 자금 차등 지원
○ 후속지원
 · 대상~입상팀 북구 청년창업공간 입주기업 선정 심사 가점 부여",20260709 ~ 20260807,        ,"관련 공고문 참고
https://bukgu.gwangju.kr/board.es?mid=c20201000000&bid=0330&act=view&list_no=407",,○ 북구청년센터 홈페이지 공고문에서 참가신청서 다운로드 후 이메일(p9302050@korea.kr) 제출,https://bukgu.gwangju.kr/board.es?mid=c20201000000&bid=0330&act=view&list_no=407,main,primary,제4회광주북구청장배청년창업아이디어경진대회,전남광주통합특별시,20260709 ~ 20260807~,일자리,창업
youth,20260722005400213268,2026년 「청년농업인 스마트창농 교육」,"○ 농산물 유통·마케팅 교육을 통한 청년농업인의 경영혁신 역량 강화
· 유통경영, 마케팅, 브랜딩 실무교육 등",교육/멘토링,전남광주통합특별시,전남광주통합특별시,0013010 | 0049010,"농업인,청년",만 18세 ~ 만 45세,18,45,,소득조건코드=0043001 / 소득범위=0~0,,"○ 청년농업인 스마트창농 교육 운영
· 교육장소: 전남광주통합특별시농업기술센터 스마트농업교육관 등
· 교육내용: 유통경영, 마케팅, 브랜딩 실무교육 등
· 주요과정: 개강식, 퍼실리테이션, 농식품 브랜딩의 이해, 상품 포장 디자인과 패키지 전략, 청년농 농산물 직거래 우수사례, 갈등관리 및 소통 전략, 청년창업 우수사례 현장견학, 농산물 유통의 이해, 농업마케팅의 실제, 청년농업인 워크숍 등

※ 상기 일정은 상황에 따라 변경될 수 있음",20260716 ~ 20260731,        ,,☞ 자세한 내용은 붙임파일을 확인해주시기 바랍니다,"○ 제출방법: 이메일 또는 방문접수
· 이메일: youmin9355@korea.kr
· 방문신청: 09:00~18:00 농업기술센터 농업지원과 인력육성팀(1층) 방문
· 주소: (우)62450 광주광역시 광산구 평동로 639-22(용곡동 418)

※ 이메일 접수시, 제출 후 담당자 접수 확인 필수",https://youth.gwangju.go.kr/www/50?siteId=www&policyId=1407&url=%2Fwww%2Fpolicy%2FgjYgPolicyView,main,primary,2026년청년농업인스마트창농교육,전남광주통합특별시,20260716 ~ 20260731~,교육･직업훈련,온·오프라인교육
youth,20260722005400213267,(서해구) 청년 자격증 응시료 지원,취업에 어려움을 겪고 있는 인천 청년에게 자격증 응시료 지원을 통한 경제적 부담 경감 및 사회진입 활성화 도모,인력/일자리,인천광역시 서해구 경제환경국 기업일자리정책과,인천광역시,건강보험 직장가입자 및 개인사업자는 제외 | 0013003 | 0049010,청년,만 18세 ~ 만 39세,18,39,--,소득조건코드=0043001 / 소득범위=0~0,,"○ 1인1회, 연 최대 10만원 범위 자격증시험 응시료 지원
※ 실제 본인이 부담한 비용만 신청 가능
○ 지원 자격증 종목
 - 국가기술자격증, 국가전문자격증, 국가공인민간자격, 한국사 및 어학시험
 ※ 자세한 자격증 종목은 하단의 참고사이트를 확인하시기 바랍니다.
 ※ 한국산업인력공단(Q-net) 국가기술자격 시험 응시료의 50%를 감면 지원받은 경우, 차액(실제 결제액)을 지원합니다.",20260201 ~ 20261130,,--,"시험 결제영수증(필수)
시험응시 증빙서류(필수)
통장사본(본인명의)(필수)
사업자등록여부 사실증명(필수)
건강보험자격득실확인서(필수)
추가서류(필요시)(선택)",,https://youth.incheon.go.kr/bbs/bbsMsgDetail.do?msg_seq=40&bcd=notice,main,primary,서해구청년자격증응시료지원,인천광역시서해구경제환경국기업일자리정책과,20260201 ~ 20261130~,일자리,취업
youth,20260722005400213266,(검단구) 청년 자격증 응시료 지원,취업에 어려움을 겪고 있는 인천 청년에게 자격증 응시료 지원을 통한 경제적 부담 경감 및 사회진입 활성화 도모,인력/일자리,인천광역시 청년정책담당관,인천광역시,건강보험 직장가입자 및 개인사업자는 제외 | 0013003 | 0049010,청년,만 18세 ~ 만 39세,18,39,--,소득조건코드=0043001 / 소득범위=0~0,,"○ 1인1회, 연 최대 10만원 범위 자격증시험 응시료 지원
※ 실제 본인이 부담한 비용만 신청 가능
○ 지원 자격증 종목
 - 국가기술자격증, 국가전문자격증, 국가공인민간자격, 한국사 및 어학시험
 ※ 자세한 자격증 종목은 하단의 참고사이트를 확인하시기 바랍니다.
 ※ 한국산업인력공단(Q-net) 국가기술자격 시험 응시료의 50%를 감면 지원받은 경우, 차액(실제 결제액)을 지원합니다.",20260201 ~ 20261130,,--,"시험 결제영수증(필수)
시험응시 증빙서류(필수)
통장사본(본인명의)(필수)
사업자등록여부 사실증명(필수)
건강보험자격득실확인서(필수)
추가서류(필요시)(선택)",,https://youth.incheon.go.kr/bbs/bbsMsgDetail.do?msg_seq=40&bcd=notice,main,primary,검단구청년자격증응시료지원,인천광역시청년정책담당관,20260201 ~ 20261130~,일자리,취업
youth,20260722005400213265,2026 지역가치창업가 양성사업,잠재력있는 예비 청년창업가 발굴하여 창업역량 강화 지원,인력/일자리,서울특별시 민생노동국 상권활성화과,서울특별시,0013010 | 0049010,청년,만 19세 ~ 만 39세,19,39,,소득조건코드=0043001 / 소득범위=0~0,,"창업교육 및 컨설팅, 창업자금 3천만원 지원",20260420 ~ 20260514,20261231,,,지원서 다운로드 후 이메일로 접수,https://underdogs.global/apply/2026-localinseoul,main,primary,2026지역가치창업가양성사업,서울특별시민생노동국상권활성화과,20260420 ~ 20260514~20261231,일자리,창업
youth,20260718005400113262,경계선지능청년지원,"법상 지적장애에 해당하지 않아 각종 지원 사각지대에 존재하는 경계선 지능 청년(18~39세)에게 상담, 기초소양 및 구직기술 습득 지원 등 맞춤형 프로그램 지원",복지/문화,고용노동부,전국,"""o 한 명의 참여자가 동시에 다수의 경계선지능청년지원 사업 참여 제한
o 동일한 내용의 프로그램 재참여 및 프로그램 최대 참여 횟수는 2회"" | 0013010 | 0049010",청년,만 18세 ~ 만 39세,18,39,,소득조건코드=0043001 / 소득범위=0~0,,"""ㅇ (내용) 참여자 참여수당(1인 20만원) 및 지자체 사업비(1인 80만원) 지급
 ㅇ (방법) 경계선 지능 청년(18~39세) 발굴, 상담, 기초소양 및 구직기술 습득 지원 등 프로그램 지원
  ① (지자체 선정) 공모를 통해 사업 희망하는 지자체 선정
  ② (참여자 발굴) 경계선 지능 청년(18~39세) 발굴
  ③ (프로그램 운영) 상담, 지역 및 참여자 특성 고려한 기초소양 및 구직기술 습득 프로그램 운영
  ④ (서비스연계) 프로그램 종료 후 국취, 청년 일경험 지원사업 등 연계""
",20260101 ~ 20261231,        ,,,"""선정된 지자체/운영기관 통해 신청",https://www.moel.go.kr/policyitrd/policyItrdView.do?policy_itrd_sn=413,main,primary,경계선지능청년지원,고용노동부,20260101 ~ 20261231~,금융･복지･문화,취약계층 및 금융지원
youth,20260718005400113261,청년미래플러스,"산업계와 협업하여 청년의 구직부터 재직 및 산업 내 성장까지 청년고용 전체 주기를 지원하고, 기업의 청년 친화적인 조직문화 조성을 지원",인력/일자리,고용노동부,전국,"""◦(구직청년 프로그램) 재학생의 참여 제한(졸업예정자는 가능)
◦(재직청년 프로그램) 중견·중소기업에 채용 후 3년 이내인 15세 이상 34세 이하 청년
◦( 조직문화 개선 프로그램) 중견·중소기업에 재직중인 CEO‧중간관리자‧인사담당자"" | 0013010 | 0049010","중소기업,청년",만 15세 ~ 만 34세,15,34,"◦ 군 경력자는 복무기간에 비례하여 참여 제한 연령을 연동하여 적용(최고 만 39세로 한정)
",소득조건코드=0043001 / 소득범위=0~0,,"""◦구직청년, 재직청년, 조직문화 개선 3개 유형으로 운영
 - (구직청년) 미취업 청년을 대상으로 취업 컨설팅, 맞춤형 직무교육,  멘토링 등을 제공하여 취업을 지원
 - (재직청년) 중소·중견기업 재직 청년을 대상으로 온보딩 및 직무교육, 멘토링, 경력설계 등을 제공하여 산업 내 안착과 성장을 지원
 - (조직문화 개선) 중소·중견기업의 CEO, 중간관리자, 인사담당자 대상으로 청년친화적 조직문화 조성을 위한 교육 제공""",        ,        ,"◦ 군 경력자는 복무기간에 비례하여 참여 제한 연령을 연동하여 적용(최고 만 39세로 한정)

""1. 구직청년 프로그램: 취업컨설팅, 직무교육, 멘토링, 취업연계 등 지원
2. 재직청년 프로그램: 온보딩 및 직무교육, 멘토링, 경력설계 등 지원
3. 조직문화 개선 프로그램: 청년세대 이해, 커뮤니케이션, 리더십, 공정채용 등에 관한 교육 지원
*선정된 운영기관별 모집일자, 산업특화 프로그램 내용 등이 상이할 수 있으므로 운영기관별 모집 내용 확인""",,"""청년미래플러스 운영기관으로 선정된 7개 기관에 문의
운영기관은 한국산업인력공단 홈페이지의 공지사항에서 확인 가능(https://hrdkorea.or.kr)""",https://hrdkorea.or.kr,main,primary,청년미래플러스,고용노동부,,일자리,취업
youth,20260716005400113260,청년일자리도약장려금,"기업의 청년고용 확대를 지원하고, 취업애로청년의 취업을 촉진함으로써 청년고용 활성화를 목적으로 함",인력/일자리,고용노동부,전국,0013003 | 0049010,청년,만 15세 ~ 만 34세,15,34,,소득조건코드=0043001 / 소득범위=0~0,,"□ 「청년일자리도약장려금」은 사업주와 근로자를 지원하여 청년의 신규 일자리 창출을 통한 청년고용 활성화를 위한 사업으로,
- (유형 Ⅰ ) 취업애로청년의 취업을 촉진하고,
- (유형 Ⅱ ) 제조업 등 빈 일자리 업종의 인력난 완화와 청년에게는 신규 일자리 창출 및 장기근속 지원을 목적으로 함(6개월 이상 근속시 청년장기근속인센티브 신청 가능)

□ (청년 요건) 채용일 기준 만 15세~34세 청년으로 기업요건을 만족한 기업에 정규직으로 6개월 이상 근속
□ (채용 요건) 주 소정근로시간 28시간 이상, 최저임금법 준수, 월 평균 급여 450만원 이하인 자 등

*자세한 요건은 2026년도 사업운영 지침 및 2026년도 운영기관을 통해 문의하실 수 있습니다. 
https://www.work24.go.kr/wk/k/a/1430/operOrgList.do",        ,        ,"□ (기업 요건) 고용보험 상 기준 피보험자수 5인 이상인 우선지원대상기업

     * 지식서비스·문화콘텐츠·신재생에너지 산업, 청년창업기업, 미래유망기업, 지역주력산업에 해당하는 기업은 기준 피보험자 수 1인 이상도 가능. (단, 도약장려금 지원받고자 하는 청년, 대표자 등은 기준 피보험자수에 해당하지 않음)

ㅇ (수도권) 취업애로청년을 채용한 수도권 내 5인 이상 우선지원대상기업

     * (취업애로청년) ▴4개월 이상 실업, ▴고졸 이하 청년 등

ㅇ (비수도권)  청년을 채용한 비수도권 내 5인 이상 우선지원대상기업 및 중견기업

□ (청년 요건) 채용일 기준 만 15세~34세 청년으로 기업요건을 만족한 기업에 정규직으로 6개월 이상 근속

□ (채용 요건) 주 소정근로시간 28시간 이상, 최저임금법 준수, 월 평균 급여 450만원 이하인 자 등



*자세한 요건은 2026년도 사업운영 지침 및 2026년도 운영기관을 통해 문의하실 수 있습니다. 

https://www.work24.go.kr/wk/k/a/1430/operOrgList.do",,"○ 온라인 신청
- 고용24(www.work24.go.kr) 에서 사업장 소재지 관할 운영기관 선택 후 사업참여 신청
- ""고용24"" 상단의 ""기업 탭""에서 ""도약장려금 운영기관"" 검색 후, 사업장 주소지의 운영기관 선택",https://www.work24.go.kr/wk/k/a/1430/operOrgList.do,main,primary,청년일자리도약장려금,고용노동부,,일자리,취업
youth,20260714005400113259,청년도약 인재양성 부트캠프,청년(비재학생) 대상으로 대학-기업이 함께 수준별 단기 집중교육을 제공하여 역량 제고 및 사회참여 기회 제공,교육/멘토링,교육부,전국,0013010 | 0049007,청년,만 19세 ~ 만 34세,19,34,첨단산업 분야 취·창업을 희망하는 청년(만19세 ~ 34세 이하 청년),소득조건코드=0043001 / 소득범위=0~0,,"청년도약 인재양성 부트캠프는 대학의 우수한 교육 체계와 교내 기반 시설(인프라)을 활용하여 청년들에게 재도약 기회를 제공하는 프로그램이며,
 <첨단인재형> 은 AI, 반도체, 이차전지, 항공우주 등 첨단분야 중심의 교육을, 
 <실전인재형> 은 인문,사회,예슬, 서비스 등의 분야에서 직무 중심의 AI전환 교육과정을 지원합니다. 
* 자세한 사항은 한국산업기술진흥원(https://www.nais.or.kr) 참조
",20260707 ~ 20280229,20280229,"첨단산업 분야 취·창업을 희망하는 청년(만19세 ~ 34세 이하 청년)

첨단산업 분야 취·창업을 희망하는 청년(만19세 ~ 34세 이하) 청년",,"(온라인신청)https://www.nais.or.kr/
청년도약 부트캠프 ->교육프로그램 신청 -> 회원가입 및 로그인 -> 대학별 교육프로그램 확인 및 하단의 신청하기 버튼 클릭 -> 정보 입력 후 제출

* 신청기간은 각 대학별로 상이함.",https://blog.naver.com/we_are_youth/224324345256,main,primary,청년도약인재양성부트캠프,교육부,20260707 ~ 20280229~20280229,교육･직업훈련,미래역량강화
youth,20260714005400113258,k-뉴딜 아카데미,청년이 선호하는 대기업 등이 주도로 청년이 선호하는 분야의 프로그램을 설계·운영하여 직무역량 향상과 사회·직장 적응 지원 등을 통해 자신감 회복과 새로운 도약을 지원,인력/일자리,고용노동부,전국,"ㅇ(참여제한) 아래 기준 중 하나에 해당하는 경우, 아카데미 참여가 제한됩니다.
① 취업 중이거나 사업자등록 중인 사람
  * 아카데미 개시 전까지 참여 제한 사유가 해소되는 경우 참여 가능(증빙서류 제출 필요)
 ② 「초·중등교육법」에 다른 고등학교 및 「고등교육법」에 따른 대학(원) 재학생
  ⁎︎ 대학(원) 졸업예정자(4학년 2학기 이상 또는 마지막 학기 등록자)이거나 졸업예정자가 아니더라도 신청일 현재 휴학 중으로 및 장기 휴학생(연속 1년 이상 또는 통산 2년 이상 휴학 중인 자)임을 증명한 경우에는 참여 가능  
 ③  「직업안정법」에 다른 직업안정기관에 구직등록을 하지 않은 사람
 ④ 국가 또는 지방자치단체가 실시하거나 비용을 지원하는 직업능력개발훈련을 수강하고 있는 사람
 ⑤ 대한민국 국적을 보유하지 않은 사람 | 0013003 | 0049010",청년,만 15세 ~ 만 34세,15,34,"ㅇ미취업 청년(만 15세 이상~만 34세 이하)
 * 참여 신청일 현재 고용보험에 가입되어 있지 않은 사람",소득조건코드=0043001 / 소득범위=0~0,,"ㅇ 참여 청년에게는 참여수당(최대 월 50만원까지)과 훈련비 전액 지원(자부담 없음)

 - 수료 후에는 고용센터를 통해 취업지원 등 고용서비스 연계 가능

⁎︎ 아카데미 개시일 기준 연도에 최대 2회까지 참여 가능하며, 동시에 여러 아카데미에 참여하거나, 동일한 아카데미에 재참여할 수 없습니다. ",20260707 ~ 20261231,        ,"ㅇ미취업 청년(만 15세 이상~만 34세 이하)
 * 참여 신청일 현재 고용보험에 가입되어 있지 않은 사람",,"ㅇ 고용24(www.work24.go.kr)에서 'K-뉴딜 아카데미' 검색 후 아카데미 정보 확인 
    → 연계된 개별 기업 모집 페이지에서 수강 신청
      * 아카데미는 2026년 6월말부터 순차개설 예정",https://www.work24.go.kr/hr/a/a/1100/trnnCrsInf8.do?dtlContextPath=&redirectUrl=%2Fa%2Fa%2F1100%2FtrnnCrsInf8Post.do&topArea=&dtlSmtmConcCtrlId=&dtlExnwMenuConcSecd=&programMenuIdentification=EBG020000001538&menuPurpSecd=EBM01&dtlPwdCfrmYn=&serverToday=20260716&currentMenuId=EBG020040400100&dtlForwardPolyUrl=&dtlMenuId=&dtlMenuPurpSecd=&area=&crseTracseSe=&crseTracseSeKDT=&ncs=&gvrnInstt=&selectNCSKeyword=&srchType=&compareArgArr=&action=trnnCrsInf8Post.do&pageId=12,main,primary,k뉴딜아카데미,고용노동부,20260707 ~ 20261231~,일자리,취업
youth,20260710005400113257,K-패스(K패스),"○ 국민 교통비 절감 및 대중교통 이용 활성화를 위해 정기적 대중교통 이용시 교통비 지출액의 일정비율 환급
○ 월15회 이상 K-패스 교통카드 사용 시 청년(19~34세) 대중교통비 30% 환급",복지/문화,국토교통부,전국,0013010 | 0049010,청년,만 0세 ~ 만 0세,,,,소득조건코드=0043001 / 소득범위=0~0,,"○ 월 15회 이상 대중교통 이용 시 지출액의 일정비율 환급(1일 최대 2회, 월 최대 60회까지)
- 일반층 : 20%
- 청년층 : 30% , ㆍ 청년기본법에 따른 만19~34세
- 저소득층 : 53%, ㆍ 기초생활보장법에 따른 기초생활수급자 및 차상위계층
- 2자녀가구 : 30%
- 3자녀 이상 가구 : 50%",        ,        ,"○ 전화문의 :  (국토교통부) K-패스 고객센터 (031-427-4415)
○ 2026.04.01 ~ 2026.09.30 한시 적용 정책으로, 시차 출퇴근 일반 혜택 20% → 50% 확대
○ K-패스 혜택과 함께 지자체 별 추가 혜택 있을 수 있음(인천, 경기, 세종, 충남, 전남광주통합특별시, 광주, 울산, 부산, 경남 등)",,"○ 신청방법 : K-패스 모바일 앱(App) 혹은 누리집(korea-pass.kr)을 통해 회원가입(회원가입 전 K-패스 카드 발급 필요)
1. K-패스 카드 발급
2. K-패스 회원가입
3.  K-패스 대중교통 이용
4. 익월 초 7영업일, 가장큰 환급 혜택을 카드사로 지급(기본형, 일반형, 플러스형 중 환급액이 큰 방식으로 자동 계산)
* 자세한 사항은 누리집(korea-pass.kr)에서 확인",https://korea-pass.kr/info/intro.do,main,primary,k패스k패스,국토교통부,,금융･복지･문화,취약계층 및 금융지원
youth,20260710005400113256,국민취업지원제도,"15~69세 이하 저소득 구직자, 청년, 중장년층 등 취업취약계층을 대상으로 취업지원서비스와 소득지원을 함께 제공하는 ‘한국형 실업부조’ 제도",인력/일자리,고용노동부,전국,0013003 | 0049010,청년,만 15세 ~ 만 69세,15,69,"∙ I유형
-(요건심사형) 15세~69세 구직자 중 중위소득 60% 이하, 재산 4억 이하(15~34세 청년은 재산 5억원 이하)이면서, 최근 2년 이내 100일 또는 800시간 이상의 취업경험이 있는 분
-(선발형) 15세~69세 구직자 중 요건심사형 중 취업경험 요건을 충족하지 못한 분( 15~34세 청년은 중위소득 120% 이하, 재산 5억원 이하, 취업경험은 선발시 고려)

∙ II유형: 15세~69세 구직자 중 I유형에 해당하지 않는 가구단위 중위소득 100% 이하(청년은 소득 무관)","소득조건코드=0043003 / 소득범위=0~0 / Ⅰ유형 중위소득60%이하, 중위소득120%이하 / Ⅱ유형 소득,재산무관",,"ㅇ소득·재산·취업경험에 따라 취업지원서비스와 구직촉진수당을 지원하는 Ⅰ유형, 취업지원서비스와 취업활동비용을 지원하는 Ⅱ유형으로 구분
(공통) 심층상담, 직업훈련, 일자리정보 제공 등 취업지원서비스
(Ⅰ유형) 구직촉진수당 : 취업활동계획에 따른 구직활동 이행시 월 60~100만원*, 6개월 지원
   *부양가족(18세이하, 70세 이상, 중증장애인)1인당 10만원씩 추가
(Ⅱ유형) 참여수당 : 취업활동비용 최대 35만원 지원
(취업성공수당) 중위소득 60%이하인 자 및 특정계층 참여자, 최대 150만원 지원",        ,        ,"∙ I유형
-(요건심사형) 15세~69세 구직자 중 중위소득 60% 이하, 재산 4억 이하(15~34세 청년은 재산 5억원 이하)이면서, 최근 2년 이내 100일 또는 800시간 이상의 취업경험이 있는 분
-(선발형) 15세~69세 구직자 중 요건심사형 중 취업경험 요건을 충족하지 못한 분( 15~34세 청년은 중위소득 120% 이하, 재산 5억원 이하, 취업경험은 선발시 고려)

∙ II유형: 15세~69세 구직자 중 I유형에 해당하지 않는 가구단위 중위소득 100% 이하(청년은 소득 무관)

ㅇ 소득·재산·취업경험에 따라 참여요건(Ⅰ·Ⅱ유형)이 있으며, 최근2년이내 100일 이상 취업경험이 없거나, 청년 중 중위소득 60~초과~120%이하 가구일 경우 예산상황에 따라 Ⅰ유형으로 지원되지 않을 수 있음.
ㅇ 참여제한대상 : 현재 취업 중인 자 (단, 불완전 취업자는 예외), 실업급여 수급 중인 자, 상급학교 진학 목적의 재학생",,"ㅇ (오프라인)  주소지 관할 고용센터 방문
ㅇ (온라인) 고용24홈페이지-취업지원-국민취업지원제도-취업지원신청",https://www.work24.go.kr/cm/main.do,main,primary,국민취업지원제도,고용노동부,,일자리,취업
youth,20260710005400213254,2026년 신혼부부 전세자금 대출이자 지원 안내,"○ 「주택도시기금 신혼부부 전용 전세자금대출」 신규 대출자 및 대출 연장자 대출이자 지원
· 납입 대출이자의 일부 지원
· 무자녀 0.5%, 1자녀 0.7%, 2자녀이상 1.0%",주거,전남광주통합특별시,전남광주통합특별시,0013010 | 0049010,청년,만 1세 ~ 만 99세,,,,소득조건코드=0043001 / 소득범위=0~0,,"○ 납입 대출이자의 일부 지원
· 무자녀 0.5%
· 1자녀 0.7%
· 2자녀이상 1.0%
○ 지원한도
· 대출 신청자가 은행에 납입한 총 이자액 범위 내
○ 지급방법
· 연간 2회(상·하반기) 청구 및 지급
· 개인별 계좌입금",20260105 ~ 20261030,20261231,"○ 취급은행
· 농협, 우리, 국민, 신한, 하나, iM, 부산",,○ 신청방법 : 광주아이키움플랫폼 확인 후 신청 및 청구(구비서류 첨부),https://www.xn--hc0by27bu6atul3dc6t.kr/main/rentSubsidy,main,primary,2026년신혼부부전세자금대출이자지원안내,전남광주통합특별시,20260105 ~ 20261030~20261231,주거,전월세 및 주거급여 지원
youth,20260708005400213252,2026년 7월 청년 취업 지원 프로그램 「취업힐링캠프」,"○ 광산구 청년 취업지원 프로그램 「취업힐링캠프」
· 광주청년일자리스테이션(동명)과 연계 운영
· 이력서·자기소개서 작성법, 면접 전략, 실전 모의면접, 면접 스피치, 플라워 디자인 클래스 운영",인력/일자리,전남광주통합특별시,전남광주통합특별시,0013010 | 0049010,청년,만 19세 ~ 만 39세,19,39,,소득조건코드=0043001 / 소득범위=0~0,,"○ 1~2회차
· 일정/시간: 2026. 7. 8.(수) 13:00~18:00
· 직무중심 서류 전략: 이력서·자기소개서 작성법
· 면접의 정석 기초: 첫인상 전략부터 실전 모의면접까지

○ 3~4회차
· 일정/시간: 2026. 7. 22.(수) 13:00~18:00
· 면접의 정석 완성: 유형별 면접 스피치·밀착 피드백
· 마음치유 원데이 클래스: 오감 만족 플라워 디자인 클래스",        ,        ,,,○ 신청방법 : 포스터 내 QR코드로 접속 후 참여신청서 제출,https://youth.gwangju.go.kr/www/50?siteId=www&policyId=1397&url=%2Fwww%2Fpolicy%2FgjYgPolicyView,main,primary,2026년7월청년취업지원프로그램취업힐링캠프,전남광주통합특별시,,일자리,취업
youth,20260706005400213250,"2026 청년 취업교육(N잡/프리랜서, 진로/취업 커리어 개발 교육)",취업·프리랜서 등 다양한 진로를 가진 청년 대상 맞춤형 커리어 개발 교육을 통해 청년들의 취업 역량을 강화하고 구직활동을 독려하고자 함,교육/멘토링,서울특별시 중랑구,서울특별시,당일 불참자 등 | 0013010 | 0049010,청년,만 19세 ~ 만 39세,19,39,선착순 지원 / 원하는 일정 선택 시 미참여자 우선 회차별 선발,소득조건코드=0043001 / 소득범위=0~0,,"1차) N잡·프리랜서 교육(7회) : 7.14.~8.25. (화) 19시 운영 * 신청 : ~7.12.(선착순 마감)
      - 교육내용 : 포트폴리오 작성, 비즈니스매너, 상황별 스타일링, 웹페이지 제작 등

2차) 진로·취업교육(7회) : 9.4.~10.30.(금) 14시 운영 * 신청 : 8월경(선착순 마감)
      - 교육내용 : 진로탐색, 이력서 작성, 면접 준비, 퍼스널컨설팅 등 

3차) 연말정산 특강(1회) : 11.10.(화) 19시 운영 * 신청 : 10~11월경(선착순 마감)
      - 교육내용 : 사회초년생 연말정산 특강",20260626 ~ 20260712,20261110,선착순 지원 / 원하는 일정 선택 시 미참여자 우선 회차별 선발,,중랑청년청 인스타그램 참조 및 링크 네이버폼 작성 신청(1차),https://youth.seoul.go.kr/infoData/sprtInfo/view.do?sprtInfoId=71822&key=2309130006,main,primary,2026청년취업교육n잡프리랜서진로취업커리어개발교육,서울특별시중랑구,20260626 ~ 20260712~20261110,교육･직업훈련,미래역량강화
youth,20260702005400213247,2026년 완도군 청년 자격증 응시료 지원사업,청년 구직활동의 경제적 부담 완화 및 취업 능력 개발 지원을 위해 자격증 응시료 지원,교육/멘토링,전남광주통합특별시,광주광역시,0013010 | 0049010,청년,만 19세 ~ 만 49세,19,49,,소득조건코드=0043001 / 소득범위=0~0,,"어학·한국사, 국가자격증 응시료 실비 및 교재비 지원
 - 실제 결제한 응시료 및 교재비에 한하여 최대 10만원까지 지급
 - 연 10만원 한도 내에서 1인당 최대 2회까지 신청 가능
 - 지원분야
   (어학8종) 토익(TOEIC), 토익스피킹, 토플(TOEFLE), 아이엘츠(IELTS), 오픽(OPIC), 텝스(TEPS), 지텔프(G-TELF), 플렉스(FLEX)
   (한국사)  한국사능력검정시험
   (국가, 민간자격) 국가기술자격증(국가기술자격법 시행규칙 별표 2), 국가전문자격증(개별법), 국가공인민간자격증(개별법)
    한국산업인력공단(Q-net) 사이트를 통해 세부 종목 확인 가능
   (www.q-net.or.kr→국가자격시험→자격정보→국가자격종목별상세정보)",20260121 ~ 20261210,20261210,,"응시료 지원 신청서(개인정보동의서 포함)
응시사실 확인 증빙자료 및 교재사진
응시료 및 교재 결제 영수증
주민등록초본
건강보험 자격득실확인서
통장사본","온라인 접수(이메일 ruddnr0405@korea.kr) 제출 ※ 선착순 모집
- 신청기간 : 2026. 1. ~ 12. / 매월 1일 ~ 10일 접수
- 제출서류는 스캔 또는 선명하게 촬영 후 파일로 제출
- 자세한 사항은 공고문 참고",https://youth.gwangju.go.kr/www/50?siteId=www&policyId=1391&url=%2Fwww%2Fpolicy%2FgjYgPolicyView,main,primary,2026년완도군청년자격증응시료지원사업,전남광주통합특별시,20260121 ~ 20261210~20261210,교육･직업훈련,교육비지원
youth,20260625005400113245,사회연대경제 청년일경험,청년이 사회연대경제 조직에서 5개월간 실제 업무를 경험하며 진로를 탐색하고 경력을 쌓을 수 있도록 지원하는 사업,인력/일자리,행정안전부,행정안전부,"① 사업자등록이 있는 자
② 타 부처 또는 지방정부의 취업 관련 지원사업에 참여 중인 자
③ 참여 신청일 기준 6개월 내 해당 참여기업에서 근무한 이력이 있는 자
④ 배우자, 직계존비속 또는 형제자매가 참여기업 사업주(대표자)인 자
⑤ 허위 기타 부정한 방법으로 정부(국가·지방정부) 일경험 사업에 참여한 자
⑥ 단순 변심으로 청년 일경험 사업에 참여하여 2회 이상 중도이탈한 자
⑦ 대한민국 국적을 보유하지 않은 자 | 0013003 | 0049010",청년,만 19세 ~ 만 39세,19,39,"해당 자치단체 거주 19세~34세 미취업자(4대보험 미가입자)

※ 조례에서 청년 연령을 달리 정하는 경우 최고 39세",소득조건코드=0043001 / 소득범위=0~0,,"① 일경험을 통한 취업역량 강화
  - 사회연대경제 조직에서 5개월간 일경험(주 40시간, 1일 8시간)

② 월 234만원 참여수당 지급
 - 월 최대 234만원 지급(세전, 주 40시간 기준), 4대 보험 가입

③ 직무교육 및 멘토링 제공
  - 직무분야 실무교육 등(20시간)
  - 참여기업 현직자 멘토링

④ 정부 인증 이력확인서 발급
  - 일경험 수료 후 수료증 및 이력확인서 발급 가능
    (근무 기간 90% 이상 출석 시 수료)",20260601 ~ 20260930,20261231,"해당 자치단체 거주 19세~34세 미취업자(4대보험 미가입자)

※ 조례에서 청년 연령을 달리 정하는 경우 최고 39세

자치단체별 모집기간 상이",,"고용24(www.work24.go.kr) '정부지원 일자리 채용관'에서 신청
(자세한 사항은 소속 자치단체 운영기관 문의)",https://mois.go.kr/frt/bbs/type002/commonSelectBoardArticle.do?bbsId=BBSMSTR_000000000215&nttId=126775,main,primary,사회연대경제청년일경험,행정안전부,20260601 ~ 20260930~20261231,일자리,취업
youth,20260622005400213244,2026년 여름 청년 행정체험사업,"미취업 청년들의 사회적응력 증진 및 진로탐색, 취업역량 향상을 위하여 다양한 구정체험 기회를 제공",인력/일자리,대구광역시 달서구 경제환경국,대구광역시,"- 고용보험 가입자(단, 주30시간 이하 또는 3개월 이하의 단기근로자는 가능)
- 청년 행정체험단(구 대학생 행정인턴) 기참여자 | 0013003 | 0049010",청년,만 19세 ~ 만 34세,19,34,"○ 특별선발(디자인): 일러스트, 포토샵 활용가능자(디자인 전공, 관련 자격증 취득자 등)
○ 특별선발(간호보건): 간호 및 보건 계열 학과(전공, 관련 자격증 취득자)",소득조건코드=0043001 / 소득범위=0~0,,"○ 근무장소
- 달서구 관내(구청, 보건소, 동 행정복지센터 등)

○ 근무시간
- 1일 6시간(09:00~18:00), 주 5일 근무
- 사업에 따라 주말에 근무할 수 있음(분야별 모집요강 참고)

○ 보수
- 시급 10,320원, 주휴수당 지급, 고용/산재보험 가입",20260615 ~ 20260624,20260812,"○ 특별선발(디자인): 일러스트, 포토샵 활용가능자(디자인 전공, 관련 자격증 취득자 등)
○ 특별선발(간호보건): 간호 및 보건 계열 학과(전공, 관련 자격증 취득자)",,"○ 신청기간: 6. 15.(월) 9:00 ~ 6. 24.(수) 18:00
○ 신청자격: 공고일 기준 달서구에 주민등록이 되어있는 19세 이상 34세 이하의 미취업 청년 또는 대학생 (1992년~2007년 출생자)
○ 달서구청 홈페이지 온라인 접수
  - 구 홈페이지: 통합예약 -> 일자리/생활 -> 청년 행정체험단(구 대학생 행정인턴) 신청
  - 신청주소: https://www.dalseo.daegu.kr/index.do?menu_id=00002551
  - 일반, 우선, 특별선발 중 1개 분야만 신청 가능, 중복 신청 불가",https://www.dalseo.daegu.kr/index.do?menu_id=00002551,main,primary,2026년여름청년행정체험사업,대구광역시달서구경제환경국,20260615 ~ 20260624~20260812,일자리,취업
youth,20260622005400213243,2026 마음건강상담소 2차 참여자 모집 (접수 마감),청년 정신건강 증진을 위한 1:1 전문심리상담 지원,복지/문화,전남광주통합특별시,전남광주통합특별시,0013010 | 0049010,청년,만 19세 ~ 만 39세,19,39,,소득조건코드=0043001 / 소득범위=0~0,," ·  1:1 전문 심리상담 제공 (기본 6회기, 최대 8회기)
 ·  필요 시 심리검사 지원
 ·  마음건강 증진 프로그램 운영",        ,        ,"- 기참여자일 경우 후순위 선정, 신규 신청자 우선 선정
- 동일 연도 참여자 신청 불가",,광주청년통합플랫폼 온라인 신청 → 상담소 배정 → 마음건강 상담 진행 → 만족도 조사,https://youth.gwangju.go.kr/www/50?siteId=www&policyId=1383&url=%2Fwww%2Fpolicy%2FgjYgPolicyView,main,primary,2026마음건강상담소2차참여자모집접수마감,전남광주통합특별시,,금융･복지･문화,건강
youth,20260619005400213242,2026년 경북 청년창업 지역정착 지원사업 신규참여자 2차 추가모집 공고,"경북 외 거주 39세 이하 예비 청년창업자 경북 지역 내 창업 지원사업
(경북 거주 청년은 경북 외 거주 청년과 팀 이룰 시 지원 가능)",인력/일자리,경상북도 지방시대정책국 청년정책과,경상북도,0013003 | 0049010,청년,만 19세 ~ 만 39세,19,39,,소득조건코드=0043001 / 소득범위=0~0,,"창업활동비 최대 20백만원(정착활동비 포함), 교육, 컨설팅, 네트워킹 등 지원",20260622 ~ 20260710,20261231,,공고문 확인,경북경제진흥원 홈페이지(www.gepa.kr) 공고문에서 서류 확인 후 이메일(gepa02@gepa.kr) 신청,https://www.gepa.kr/?page_id=36&vid=2310,main,primary,2026년경북청년창업지역정착지원사업신규참여자2차추가모집공고,경상북도지방시대정책국청년정책과,20260622 ~ 20260710~20261231,일자리,창업
youth,20260618005400213241,청년 부동산 중개보수 및 이사비 지원사업,주거비 부담이 높은 서울 청년의 주거 안전망 강화 추진,주거,서울특별시 미래청년기획관 청년사업담당관,서울특별시,0013010 | 0049010,청년,만 19세 ~ 만 39세,19,39,,"소득조건코드=0043003 / 소득범위=0~0 / 중위소득 150% 이하, 거래금액 2억원 이하 무주택 임차가구",,"최대 40만원 실비 지원(중개보수, 이사비) ※ 생애 1회",20260401 ~ 20260414,20261231,,,청년몽땅정보통(youth.seoul.go.kr) 온라인 신청,https://youth.seoul.go.kr,main,primary,청년부동산중개보수및이사비지원사업,서울특별시미래청년기획관청년사업담당관,20260401 ~ 20260414~20261231,주거,전월세 및 주거급여 지원
youth,20260618005400213240,2026년 성인진로상담,"○ 광주시민이 자신의 진로를 자각, 탐색, 계획, 준비, 관리할 수 있도록 무료 상담 제공
· 진흥원에서 양성한 성인진로컨설턴트 파견
· 생애주기에 맞는 맞춤형 1:1 상담 제공",교육/멘토링,전남광주통합특별시,광주광역시,0013010 | 0049010,청년,만 1세 ~ 만 99세,,,,소득조건코드=0043001 / 소득범위=0~0,,"○ 맞춤형 1:1 상담 제공
· 진로 설계
· 경력 전환
· 학습 방향
· 관계 및 마음 고민 상담
○ 상담 운영
· 상담 신청 후 성인진로컨설턴트 파견
· 상담 진행 1~4회기
· 1회 기준 90분
○ 비용
· 무료",20260301,20261231,,,"○ 신청방법
· 진흥원 홈페이지(www.gie.kr) 접속
· 성인진로상담 메뉴 클릭
· 정보입력 후 접수",https://youth.gwangju.go.kr/www/50?siteId=www&policyId=1388&url=%2Fwww%2Fpolicy%2FgjYgPolicyView,main,primary,2026년성인진로상담,전남광주통합특별시,20260301~20261231,교육･직업훈련,교육비지원
youth,20260616005400113238,청년주택드림청약통장,저소득 무주택 청년의 주택구입과 자산형성을 지원하기 위하여 위해 재형 기능을 강화한 청약통장 도입,주거,국토교통부,전국,0013010 | 0049010,청년,만 19세 ~ 만 34세,19,34,,소득조건코드=0043002 / 소득범위=0~5000,,"□ 이자율: 최대 4.5%
□ 소득기준: 연 5,000만원(직전년도 신고소득이 있는 자 기준), 무주택자
□ 납입한도: 월 100만원
□ 소득공제 : 현 주택청약종합저축과 동일(무주택세대주에 대해 연 300만원 한도로 40%까지 소득공제 제공) 
□ 주택청약에 당첨된 경우 청년주택드림 대출 연계
  ㅇ 청년주택드림 청약통장 1년 이상 가입
  ㅇ 통장요건 : 가입(전환) 후 1년 이상, 1,000만원 이상 납입(예외 인정 가능)
  ㅇ 당첨 시 분양가 80%까지 대출
  ㅇ 금리 : 	2.4% ~ 4.15% (소득·만기 등 차등)\
  ㅇ 한도 : 미혼 3억원, 신혼 4억원 이내(LTV 70%, 생애최초 80%, DTI 60% 이내)
  ㅇ 대상주택 : 분양가 6억원 이하, 전용 85㎡ 이하(읍·면 일부 100㎡)
  ㅇ 생애주기별 금리 인하: 결혼 0.1%p 인하, 첫째 출산: 0.5%p 인하, 다자녀: 0.2%p 인하
     (하한선 : 연 1.5%p 미만으로는 1.5% 적용)",        ,        ,"□ 업무 취급 은행
○ 우리은행 : 1599-0800
○ KB 국민은행 : 1599-1771
○ IBK 기업은행 : 1566-2566
○ NHBank : 1588-2100
○ 신한은행 : 1599-8000
○ 하나은행 : 1599-1111
○ iM뱅크 : 1588-0956
○ 부산은행 : 1800-1333
○ 경남은행 : 1600-8585",,,https://www.molit.go.kr/2024dreamaccount/main.jsp,main,primary,청년주택드림청약통장,국토교통부,,주거,주택 및 거주지
youth,20260616005400213237,오픈마이크 2기,"○ 청년 강연자 양성 프로젝트
· 내 경험을 한 편의 강연으로 완성하고, 작은 무대(토크콘서트)에서 직접 발표하는 프로그램
· 전문가 코칭과 또래 피드백 매 회차 운영
· 말의 순서와 전달 방식 학습",교육/멘토링,전남광주통합특별시,광주광역시,0013010 | 0049010,청년,만 19세 ~ 만 39세,19,39,,소득조건코드=0043001 / 소득범위=0~0,,"○ 프로그램 운영
· 참가자 소개 및 아이스브레이킹, 스토리텔링의 개요
· 특강 <당신의 이야기를 삽니다>
· 기본 스피치 강연 내용 작성하기 <CODI법>
· 설득하는 힘 <강연 스피치>
· 전문가 코칭 및 상호 피드백
· 토크콘서트 진행",20260613 ~ 20260630,        ,,,"○ 아지트 홈페이지 신청
· [프로그램] → [오픈마이크 2기] → [프로그램 신청] 클릭 후 구글폼 작성",https://youth.gwangju.go.kr/www/50?siteId=www&policyId=1384&url=%2Fwww%2Fpolicy%2FgjYgPolicyView,main,primary,오픈마이크2기,전남광주통합특별시,20260613 ~ 20260630~,교육･직업훈련,교육비지원
youth,20260616005400213235,사회연대경제 청년 일경험사업 시범사업,"○ 미취업 청년에게 사회연대경제 분야 일경험 기회 제공
· 노동시장 진입 기반 마련
· 진로탐색 및 직무역량 강화 지원",인력/일자리,전남광주통합특별시,광주광역시,0013010 | 0049010,청년,만 19세 ~ 만 39세,19,39,,소득조건코드=0043001 / 소득범위=0~0,,"○ 직무교육
· 총 20시간(1일 최대 8시간 편성)
· 사회연대경제 이해 및 직무 기초역량 강화, 참여청년 직무 분야별 실무교육, 진로 연계 등
· 교육시간의 90% 이상 출석 시 수료

○ 일경험 프로그램
· 근로기간: 2026. 7. 1. ~ 11. 30. (5개월)
· 근로시간: 주 5일(주 40시간), 1일 8시간(9:00~18:00)
· 휴게시간: 12:00~13:00(1시간)
· 임금수준: 시급 11,188원(월 209시간 개근 시 2,338,292원, 유급주휴 포함, 세전)
· 급여공제: 근로소득세, 지방소득세, 근로자 부담 4대 보험료 등

○ 청년밀착형 프로그램
· 현장적응 지원, 고충 상담, 진로탐색, 심리･정서적 안정 지원

○ 멘토링 프로그램
· 직무수행, 진로탐색 등을 지원하기 위한 1:1 멘토 지정",20260618 ~ 20260624,        ,"○ 참여제한
· 사업자등록이 있는 자
· 타 부처 또는 지방정부의 취업 관련 지원사업에 참여 중인 자
· 참여 신청일 기준 6개월 내 해당 참여기업에서 근무한 이력이 있는 자
· 배우자, 직계존비속 또는 형제자매가 참여기업 사업주(대표자)인 자
· 허위 기타 부정한 방법으로 정부(국가·지방정부) 일경험 사업에 참여한 자
· 단순 변심으로 청년 일경험 사업에 참여하여 2회 이상 중도이탈한 자
· 대한민국 국적을 보유하지 않은 자
※ 참여제한 사유는 참여 신청일 기준으로 판단, 근로기간 중 해당 사유가 발생한 경우 즉시 참여 중단 가능",☞ 자세한 내용은 붙임파일을 확인해주시기 바랍니다,"○ 고용24 온라인신청
· https://m.site.naver.com/29ZAK",https://youth.gwangju.go.kr/www/50?siteId=www&policyId=1385&url=%2Fwww%2Fpolicy%2FgjYgPolicyView,main,primary,사회연대경제청년일경험사업시범사업,전남광주통합특별시,20260618 ~ 20260624~,일자리,취업
youth,20260612005400213231,[6월 마감]2026년 구직청년 자격증 취득지원 사업(7월 1일 10시 접수 예정),구직활동에 필요한 어학(능력)·자격증 시험 응시료 지원,교육/멘토링,전남광주통합특별시,광주광역시,0013010 | 0049010,청년,만 19세 ~ 만 39세,19,39,,소득조건코드=0043001 / 소득범위=0~0,,"     ※ 단계별 시험(필기,실기 등)은 명칭과 상관 없이 합산 신청 가능(개별 신청하여 지급 완료 시, 당해 연도 추가 신청 및 소급 지원 불가)

❍ 지원분야
  - 한국사 및 어학능력시험 : 국사편찬위원회 주관 한국사 시험 및 어학능력시험 20종 
  - 국가기술자격증 : 「국가기술자격법」시행규칙 별표2에 따른 국가기술자격증
  - 국가전문자격증 : 한국산업인력공단(Q-net) 국가자격 종목별 상세정보 참고 /*자동차운전면허 제외
  - 국가공인자격증 : 민간자격정보서비스에 등록된 &apos;공인&apos;자격증 /* 민간자격정보서비스 상의 구분이 ""부분공인""이라면 국가공인 등급(급수) 취득 및 해당 성적 달성 시에 한하여 지원 가능 /* 민간자격정보서비스 상의 구분이 ""등록""이라면 지원 제외 ",        ,        ,,"1. 주민등록표 초본: 신청월 발급본, 발생일/신고일 포함, 마지막장까지 제출
2. 건강보험 자격득실 확인서: 신청월 발급본, 발급시 조회 조건 전체
*건강보험 자격득실 확인서 가입자구분이 구분없음일 때 고용보험자격이력내역서로 대체 제출
3. 응시사실 증명서류: 응시 확인서 또는 성적표
*성명, 응시일, 자격종목(명) 등 확인할 수 있는 서류(시험 접수증, 수험표 불인정)
*민간자격정보서비스상 구분이 ‘부분공인’인 종목은 국가공인 자격증 사본 또는 공인 등급이 명시된 성적표 제출 
4. 결제영수증
*결제 금액, 일시, 승인번호, 거래처 등이 포함된 영수증(시험 사이트에서 발급된 영수증 불인정)
5. 통장 사본: 은행명, 성명, 계좌번호 표기

※ 서류 보완이 필요한 경우, 보완 요청을 할 수 있음(기한 내(보완요청일 기준 3일) 미제출시 부적격처리)",시험 응시 → 광주청년통합플랫폼 접수 → 제출 서류 확인 (자격심사 및 중복지원여부 조회) → 선정안내 및 만족도조사 → 지원금 지급,https://youth.gwangju.go.kr/www/50?siteId=www&policyId=1374&url=%2Fwww%2Fpolicy%2FgjYgPolicyView,main,primary,6월마감2026년구직청년자격증취득지원사업7월1일10시접수예정,전남광주통합특별시,,교육･직업훈련,교육비지원
youth,20260612005400213230,[2026 광주청년드림은행 생활경제특강①],"""구해줘 내 집!"" - [전세사기 피해예방과 임대차보호법]
생활 속 빈 곳을 채워 삶의 질을 높이는 특강!
다채로운 삶의 영역에서 나만의 기준을 갖고 살아가고 싶을 때,
안전하고 풍요로운 삶을 만들 수 있는 광주청년드림은행 특강을 소개합니다!
고민하며 시작한 독립, 더 나은 주거 환경을 위한 선택으로 전세를 고민하고 있나요?
계약서 앞에서 자신이 없고 불안한 마음 때문에 고민하고 있나요?
혹시 이미 피해가 발생한 것은 아닐지, 내가 사는 전세는 괜찮은지 점검하고 싶나요?
혹하게 하는 말로 다가오지만 금전 피해뿐만 아니라 심리적 고통, 추가 피해까지 발생시키는 전세사기. 예방부터 대처까지, 나와 내 보금자리를 지키는 방법을 소개합니다.",복지/문화,전남광주통합특별시,광주광역시,0013010 | 0049010,청년,만 19세 ~ 만 39세,19,39,,소득조건코드=0043001 / 소득범위=0~0,,"<강의내용>
01 전세사기 주요 유형별 사례와 예방
02 임대차보호법과 전세 계약 시 참고사항

☞ 이런 분에게 적합해요
- 안전한 독립생활을 꿈꾸는 청년
- 전세사기피해로 고민하는 청년
- 전세사기피해를 예방하고 싶은 청년
- 전세사기와 임대차보호법에 대해 알고 싶은 청년

◈ 앞 강의를 듣지 않아도, 내가 듣고 싶은 강의를 자유롭게 신청하실 수 있습니다.",20260610 ~ 20260619,20260623,,,"✿ 일 시 : 2026년 6월 23일(화) 오후 7-9시(2시간)
✿ 대 상 : 전세사기 예방에 관심있는 광주 청년 30명, 선착순
✿ 장 소 : 광주청년드림은행 (광주광역시 북구 무등로 237 2층)
✿ 참 가 비 : 무료(광주광역시 지원)
✿ 신 청 : 2026년 6월 19일(금)까지 신청
✿ 문 의 : 062-521-2567 광주청년드림은행",https://youth.gwangju.go.kr/www/50?siteId=www&policyId=1380&url=%2Fwww%2Fpolicy%2FgjYgPolicyView,main,primary,2026광주청년드림은행생활경제특강①,전남광주통합특별시,20260610 ~ 20260619~20260623,금융･복지･문화,취약계층 및 금융지원
youth,20260605005400113228,청년미래적금,"청년들의 기초자산 형성을 지원하기 위한 정책형 금융상품으로, 3년 만기 시까지 매월 최대 50만원 한도 내에서 자유롭게 납입 가능(2026년 6월 22일 출시)",복지/문화,금융위원회,전국,0013010 | 0049010,청년,만 19세 ~ 만 34세,19,34,,"소득조건코드=0043003 / 소득범위=0~0 / 총급여 7,500만원 이하 또는 연매출 3억원 이하 소상공인 중 가구 중위소득 200% 이하인 청년을 대상",,"은행이자+비과세 혜택+정부기여금(납입금액에 비례해 일반형 6%, 우대형 12%의 정부기여금 지원)
 * 신청기간 : 2026년 6월 22일 ~ 2026년 7월 3일 (2026년 하반기 2차 모집 예정)
 * 사업기간 : 2026년 6월 22일 ~
 * 요일제 신청 :  첫 5영업일(6/22 ~ 6/26)은 출생연도 끝자리 기준 5부제(요일제) 이며,  둘째 주(6/29 ~ 7/3)부터는 출생연도와 무관하게 누구나 신청 가능",20260622 ~ 20260703,        ,"ㅇ 청년도약계좌-청년미래적금 간 갈아타기는 2026년 6월 최초 가입 기간에 한해 허용됨(*갈아타기 세부절차는 서민금융진흥원 카카오톡 알림톡 등으로 별도 안내할 예정)
ㅇ 금리 : 취급 금융기관 자율 결정*
   (공통 우대금리) 일정소득(총급여 3,600만원 이하 또는 종합소득 2,600만원) 이하 0.5%p (단, 비과세소득(육아휴직급여(수당), 군장병급여)자는 미적용), 청년 모두를 위한 재무상담 이수 0.2%p
* 은행연합회 소비자포털(portal.kfb.or.kr > 금리/수수료 > 예금상품금리 비교) 확인","별도의 서류 제출은 불필요하며, 증빙 필요 시 서민금융진흥원에서 별도 안내 예정","ㅇ 2026년 6월 22일부터 7월 3일까지 취급기관 앱을 통해 비대면 신청
※ 소상공인 자격으로 가입을 희망하는 경우 사전에 중소기업현황정보시스템(sminfo.mss.go.kr)에서 소상공인확인서 발급 필요

ㅇ 청년미래적금 신청은 2026년 6월 22일(월)부터 7월 3일(금)까지 2주간 진행되며, 
    첫 5영업일(6/22 ~ 6/26)은 출생연도 끝자리 기준 5부제(요일제)로 신청 요일이 정해집니다. 
    둘째 주(6/29 ~ 7/3)부터는 출생연도와 무관하게 누구나 신청 가능합니다.",https://blog.naver.com/blogfsc/224323093033,main,primary,청년미래적금,금융위원회,20260622 ~ 20260703~,금융･복지･문화,취약계층 및 금융지원
youth,20260528005400113227,(농식품부) 농식품 바우처,『농업·농촌 및 식품산업 기본법』 제 23조의 2(취약계층 등에 대한 식품지원)에 근거하여 취약계층의 식품 접근성을 강화하고 균형 있는 식품 섭취를 지원하는 식품지원 제도,복지/문화,농림축산식품부,전국,"아래 기초지자체는 '26년 농식품바우처 사업 미추진
- 서울 : 강서구, 송파구(청년 포함가구 미지원)
- 인천 : 미추홀구
- 경기 : 수원시, 부천시, 안산시, 안양시, 하남시

* 농식품바우처 지정 오프라인 매장은 이용가능
* 미시행 지자체 전입시 바우처 사용 불가, 전입전까지 지원금액 모두 사용 | 0013010 | 0049010",청년,만 18세 ~ 만 34세,18,34,"생계급여 수급가구 가구원 중 「국민기초생활 보장법」상 보장시설 수급자는 가구원 수 산출에서 제외
보건복지부 영양플러스 사업 이용자는 해당 기간 동안 가구원 수 산출에서 제외",소득조건코드=0043003 / 소득범위=0~0 / 생계급여(기준 중위소득 32%이하) 수급가구 중 임산부·영유아·아동·청년 포함가구,,"- 지원방식: 전자바우처(카드방식)
- 지원품목: 국산 채소류, 과일류, 육류, 신선알류, 흰 우유, 잡곡류, 두부류, 임산물 (이외 품목 구매 불가)",20251222 ~ 20261211,20261231,"생계급여 수급가구 가구원 중 「국민기초생활 보장법」상 보장시설 수급자는 가구원 수 산출에서 제외
보건복지부 영양플러스 사업 이용자는 해당 기간 동안 가구원 수 산출에서 제외",,"1. 방문신청 : 주소지 관할 읍ㆍ면ㆍ동 행정복지센터 방문
2. 전화신청 : 고객지원센터 (1551-0857)를 통해 신청
3. 온라인신청 : 농식품 바우처 홈페이지에서 신청
4. 자동신청 : 2025년 농식품바우처 이용가구 중 2025. 12. 22. 기준 지원 자격을 충족하는 경우 별도 절차 없이 자동으로 승인 처리",https://www.foodvoucher.go.kr/view/fm/vucintro/agriFood,main,primary,농식품부농식품바우처,농림축산식품부,20251222 ~ 20261211~20261231,금융･복지･문화,건강
youth,20260528005400113226,(문체부) 청년예술인 예술활동 적립계좌,청년예술인에게 중장기 자산형성의 기회를 마련하여 안정적인 예술활동을 지원하는 사업,복지/문화,문화체육관광부,전국,"1. 적금 7개월 이상 연속 미납자
2. 적금 만기 전 상품 해지자
3. 사망 및 압류계좌로 확인된 자
4. 적금 선납 시 1회 지원금만 지원되며, 잔여 회차 지원금 지급 불가(240만원 한도 외 추가 납입 불가)
* (예시) 적금 선납 예시
- (1회차)10만원 (2회차)230만원 ⇒ 지원금 20만원 인정. 선납한 22회차 지원금 지급 불가.
- (1회차)10만원 (2회차)100만원 ⇒ 지원금 20만원 인정. 선납한 9회차 지원금 지급 불가 | 0013010 | 0049010",청년,만 18세 ~ 만 39세,18,39,"「예술인복지법」상 예술활동증명을 완료한 예술인(신청일 기준 예술활동증명 유효자)
- 일반 예술활동증명 완료자(공개 발표된 예술활동, 예술활동 수입, 경력단절예술인, 특수한 작업방식, 무형유산 관련 특례), 신진예술인 예술활동증명 완료자
- 국내 거주 내국인 및 재외국민에 한함 (외국인은 참여 불가)
- 재외국민의 경우, 출입국사실증명을 통해 신청일 기준 2년간 국내 거주 사실이 확인되며 일시 출국 기간 매회 90일 이내 및 연간* 국내 체류 총합 183일 이상인 자
* 연간기준: (1차년) 2024. 2. 4. ~ 2025. 2. 3., (2차년) 2025. 2. 4. ~ 2026. 2. 3.",소득조건코드=0043002 / 소득범위=0~3692,,"매월 일정 금액을 24개월간 적금 저축 시 가입자가 저축한 금액만큼 정부지원금을 지원 (1인 최대 240만원)
- 상품종류: 10만원 정액 적금
- 가입기간: 2년 (24개월)
- 납입한도: 월 10만원 (2년 최대 240만원)
- 지급방식: 만기 일시지급 (지원금은 만기 익월 지급)",20260101,20261231,"「예술인복지법」상 예술활동증명을 완료한 예술인(신청일 기준 예술활동증명 유효자)
- 일반 예술활동증명 완료자(공개 발표된 예술활동, 예술활동 수입, 경력단절예술인, 특수한 작업방식, 무형유산 관련 특례), 신진예술인 예술활동증명 완료자
- 국내 거주 내국인 및 재외국민에 한함 (외국인은 참여 불가)
- 재외국민의 경우, 출입국사실증명을 통해 신청일 기준 2년간 국내 거주 사실이 확인되며 일시 출국 기간 매회 90일 이내 및 연간* 국내 체류 총합 183일 이상인 자
* 연간기준: (1차년) 2024. 2. 4. ~ 2025. 2. 3., (2차년) 2025. 2. 4. ~ 2026. 2. 3.","1. 주민등록초본
- 2026년 발급분
- 발급 시 발급대상자 본인 및 전체 발급

2. 소득금액증명원
- 2026년 발급분
- 귀속년도: 직전년도(2024년도) 소득금액증명원 발급
- 작성기준: 종합소득세 신고 현황의 소득금액(사업, 근로, 기타) 및 연말정산 현황의 근로소득, 사업소득의 소득금액 총합계 (소득이 없을경우, 사실증명원 제출 가능)

3. 성희롱·성폭력 예방교육 수료증
- 예술인권리보장시스템 (sinmungo.kawf.kr)에서 수강 후 수료증 발급

4. 출입국에 관한 사실증명
- 신청·접수 기간 내 발급
- 조회기간: 2024. 2. 4.부터 ~ 2026. 2. 3.까지","1. 예술활동증명확인
예술인경력정보시스템(https://www.kawfartist.kr)을 접속하시어
경력지원 > 예술활동증명 > 신청내역 진행 상태에서 신청일 현재 예술활동증명 유효 여부를 확인합니다.

2. 구비서류 확인
상품 및 구비서류를 확인하여 준비합니다.

3. 온라인 신청
공지사항에 공지된 신청기간 내 적립계좌 신청하기를 통해 신청 정보 동의 및 인적사항, 신청자료를 입력합니다.",https://www.artloan.kr/notice/savingsAccount.do,main,primary,문체부청년예술인예술활동적립계좌,문화체육관광부,20260101~20261231,금융･복지･문화,예술인지원
youth,20260527005400113224,청년 국가기술자격 응시료 지원 사업,"구직활동을 하거나 경력을 개발하는 청년들의 경제적 부담을 완화하고, 국가기술자격 취득을 통한 취업 경쟁력 강화를 도모",인력/일자리,고용노동부,전국,0013010 | 0049010,청년,만 0세 ~ 만 34세,,34,,소득조건코드=0043001 / 소득범위=0~0,,"34세 이하 청년*이(소득 및 취업 여부 무관) 한국산업인력공단이 시행하는 국가기술자격 시험(’26년 기준 491종목)에 응시하는 경우 응시료의 50%를 선 지원
(1인당 年 3회 지원, 단 예산 242억 원 소진시 마감)

* ’26년 기준 ’91.1.1. 이후 출생자",        ,        ,,,"한국산업인력공단 Q-Net(https://www.q-net.or.kr) 원서접수 결제 단계에서, 34세 이하 청년인 경우 별도의 신청 절차 없이 50% 할인 자동 적용",https://www.q-net.or.kr/man004.do?id=man00402&gSite=Q&gId=,main,primary,청년국가기술자격응시료지원사업,고용노동부,,일자리,취업
youth,20260527005400113223,전세보증금반환보증 보증료 지원,"전세사기, 역전세 등 임차인이 전세보증금을 돌려받지 못하는 전세 피해를 예방하고, 상대적으로 주거 취약계층인 청년 및 저소득층의 주거 안정을 도모",주거,국토교통부,전국,0013010 | 0049010,청년,만 0세 ~ 만 0세,,,,소득조건코드=0043001 / 소득범위=0~0,,"○ 지원대상
- 신청일 기준 유효한 전세보증금반환보증(HUG, HF, SGI)에 가입한 임차보증금 3억원 이하, 연소득 (청년) 5천만원, (청년외) 6천만원, (신혼부부) 7.5천만원 이하 무주택 임차인

○ 지원금
- 신청인이 기납부한 전세보증금반환보증 보증료에 대해 최대 40만원 한도 내 지원('25.3.30 이전 가입건은 최대 30만원 지원)
ㆍ단, 청년외의 경우 신청인이 기납부한 보증료의 90%를 최대 40만원 한도 내 지원

○ 신청시기
- 연중 (지자체별 예산 소진시 조기 마감)",        ,        ,,"<민원인이 제출해야 하는 서류>
○ 보증기관에서 보증가입 시 전세보증금반환보증 보증료 지원 사업을 위한 제3자 정보제공에 동의한 경우
- 보증료 지원 신청서, 서약서

○ 신청인 제출 서류
- 보증료 지원 신청 및 서약서, 지급받을 계좌의 통장 사본
- 전세보증금반환보증 보증서(보증기관 날인 필수), 보증료 납부 증빙서류*(납부액 기재, 보증기관 날인 필수)
* HUG와 SGI의경우 보증서에 보증료가 기재되어 있으므로 별도 증빙서류 불필요
- 임대차계약서, 부동산 등기사항 전부증명서
- 주민등록등본(전체공개), 혼인관계증명서(일반증명서, 전부공개, 국내기관제출용)
- 소득금액증빙자료(열람용은 법적 효력 없음)
(근로소득) 아래 서류 중 택1
· 최근년도 근로소득원천징수 영수증
· 전년도 소득금액 증명원(7.1일 이전은 전전년도 소득금액증명원)
· 소득확인증명서(ISA 가입용)
· 갑근세원천징수확인서(홈택스에서 발급시 관공서 제출용, 회사 발급시 회사 직인 필요)
· 급여명세표, 임금대장 등 최근 1년간의 급여액을 알 수 있는 자료
(사업소득) 아래 서류 중 택1
· 전년도 소득금액 증명원(7.1일 이전은 전전년도 소득금액증명원)
· 소득확인증명서(ISA 가입용)
· 종합소득세 과세표준확정신고 및 납부 계산서(세무사 확인분)
· 사업소득원천징수영수증(연말정산용)
(연금소득) 연금수급권자 확인서 등 기타 연금을 확인할 수 있는 지급기관의 증명서(단, 연금수령액이 표기되지 않는 경우 연금 수령통장)
* 기존 소득심사방법과 동일하게 소득금액증명원 제출시 별도 서류 제출하지 않아도 무방하나, 그 외 소득확인증명서 등 재직기간 확인이 어려운 경우는 재직증명서, 건강보험자격득실확인서 등 재직기간을 확인할 수 있는 서류 추가 제출 필요
** 소득이 발생하지 않아 소득금액증명이 발급되지 않는 경우에는 '사실증명(신고사실없음)' 제출
*** 기혼자는 배우자의 소득증빙 서류도 필수 제출
- 대리신청의 경우 위임장, 대리인 신분증, 본인-대리인 관계 증명 서류 제출

※ 소득금액증명 상 연소득 확인:
- (근로소득) 종합소득세 신고 현황 - 수입금액 / 연말정산 현황 - 지급받은 총액
- (그 외 소득) 종합소득 신고 현황 - 소득금액 합계 / 연말정산 현황 - 소득금액 합계
※ 모든 서류는 신청일 기준 3개월 이내에 발급한 서류로 제출","○ 신청방법 : 시·군·구청 또는 주민센터에 방문 접수 혹은 온라인 접수
※ 방문접수의 경우 구군별 상이하니 전화 후 방문 필요
* 대구광역시는 온라인 접수 또는 시청 방문 신청

○ 지급시기 및 지급방법
- 지급일 : 접수 후 심사를 거쳐 30일 이내(기간 연장 필요한 경우 신청인 통지 후 15일 연장 가능) 지급
- 지급방법 : 신청인 계좌에 직접 입금

○ 신청 처리상태 안내
- 알림수신에 동의하신 경우 SMS/국민비서를 통해 처리상태를 안내받으실 수 있습니다.
※ 알림수신 동의 참고사항
1. 정부24 → MyGOV → 나의 정보관리 → 알림 수신동의 → SMS/국민비서 (예)로 변경
2. 국민비서 → 로그인 → 화면 좌측에 국민비서 알림 체크 → 화면 좌측에 수신받을 앱 선택 → 화면 우측에 알림서비스 선택 (정부 24 체크)",https://www.gov.kr/portal/rcvfvrSvc/dtlEx/161300000103,main,primary,전세보증금반환보증보증료지원,국토교통부,,주거,전월세 및 주거급여 지원
youth,20260527005400213222,2026년 청년근로자 교통비 지원사업,교통비 지원을 통해 관내 청년 이탈 방지 및 안정적인 직장생활 유도를 통한 청년 일자리 창출 기여,인력/일자리,경상북도 고령군 인구정책실,경상북도,0013001 | 0049010,청년,만 18세 ~ 만 45세,18,45,,소득조건코드=0043001 / 소득범위=0~0,,"ㅇ (대상)
- 18~45세 고령군 거주(예정)인 청년근로자
- 중소기업에 근무하는 청년근로자
※타지역 중소기업에 근무하더라도 고령군 청년이면 신청 가능
ㅇ (주요내용) 최대 8개월 간 월 5만원 지원",20260526 ~ 20260624,20261231,,,,https://www.goryeong.go.kr/kor/boardView.do?IDX=154&BRD_ID=1023&BOARD_IDX=41670&searchType=ALL&searchValue=&page=1,main,primary,2026년청년근로자교통비지원사업,경상북도고령군인구정책실,20260526 ~ 20260624~20261231,일자리,취업
youth,20260527005400213221,2026년 청년창업자 임차료 지원사업,초기 청년창업자에게 최대 5개월간 임차료 50%(월 최대 40만원) 지원,인력/일자리,경상북도 고령군 인구정책실,경상북도,"0013002,0013003 | 0049010",청년,만 18세 ~ 만 45세,18,45,,소득조건코드=0043001 / 소득범위=0~0,,"ㅇ (목적) 청년 창업자에 임차료를 일부 지원함으로써 안정적인 창업환경을 유지하고 경제적 자립을 지원하여 관내 청년 이탈 방지 도모
ㅇ (대상) 18세~45세 고령군 거주(예정)인 3년 이내 초기 청년창업가
ㅇ (주요내용) 최대 5개월간 월 임차료 50% 지원(월 최대 40만원)",20260518 ~ 20260616,20261031,,,,https://www.goryeong.go.kr/kor/boardView.do?IDX=154&BRD_ID=1023&BOARD_IDX=41634&searchType=ALL&searchValue=%EC%9E%84%EC%B0%A8%EB%A3%8C&page=1,main,primary,2026년청년창업자임차료지원사업,경상북도고령군인구정책실,20260518 ~ 20260616~20261031,일자리,창업
youth,20260522005400213220,삼척형 일자리 안심공제,"공제가입 기업에 재직 중인 정규직 또는 무기계약직
공제 가입 및 공제부금 납부(5년간)",복지/문화,강원특별자치도 삼척시,강원특별자치도,"<기업>
1) 지원제외 업종(품목코드)     * 붙임 「한국표준사업분류(통계청 고시)」참조
 - 일반 유흥주점업(56211), 무도 유흥주점업(56212), 기타 주점업(56219), 기타 사행시설 관리 및
   운영업(91249), 무도장 운영업(91291) 등
2) 사업자등록을 하지 않은 기업 
3) 휴‧폐업 중인 기업. 단, 재해를 직접 원인으로 휴업 중인 기업은 가동 중인 기업으로 간주하여 가입대상에 포함
4) 국세‧지방세 체납 중인 기업. 단, 세금분납계획에 따라 성실하게 세금을 납부하고 있는 기업은 가입대상에 포함
5) 공제금․해지환급금의 부정수급 시도 등의 사유로 진흥원이 공제계약을 해지한 날로부터 3년이 경과되지 않은 기업

<근로자>
1) 해당기업의 대표자  
2) 위 1)에 해당하는 자의 배우자, 부모, 자녀
3) 신청일부터 해지일까지 주민등록상 주소지가 삼척시로 유지가 불가능한 자
4) 신청일 기준 정부 및 지방자치단체에서 시행 중인 근로자에게 직접 지원하는 
   자산형성 지원성격의 사업*에 참여 중인 자
  * (중복관리 대상사업) 강원형 일자리 안심공제, 청년내일채움공제, 청년재직자내일채움공제, 희망키움통장Ⅰ, 희망키움통장Ⅱ, 
    내일키움통장, 청년희망키움통장, 청년저축계좌, 희망저축계좌 1, 희망저축계좌 2, 청년내일저축계좌, 강원형청년일자리사업(지역정착지원), 강원 청년 디딤돌 두배 적금 등 지자체 자산형성 사업
5) 정년이 있는 기업 근로자의 경우 정년까지의 근무기간이 5년 미만인 자 
6) 대한민국 국적을 보유하지 않은 외국인 | 0013001 | 0049010",청년,만 0세 ~ 만 0세,,,"❍ 기업(법인 또는 개인사업자)
   -「중소기업기본법」제2조제1항(중소기업자의 범위)에 따른 중소기업
   -「중견기업 성장촉진 및 경쟁력 강화에 관한 특별법」제2조제1호(정의)에 따른 중견기업  ※ 소상공인 포함
   - 위 중소기업 또는 중견기업 중 삼척시에 사업장을 두고 있고, 소속 상용근로자   1명 이상인 기업 ※ 지원기간 동안 사업자등록증 상 사업장 소재지가 삼척시 내로 되어 있어야 함.

  ❍ 근로자 
   - 공제가입 기업에 재직 중인 정규직 또는 무기계약직
     ※‘정규직 또는 무기계약직’은 기간의 정함이 없는 근로계약을 체결한 근로자를 말하며 
          「기간제 및 단시간근로자 보호 등에 관한 법률」 제2조에 따른 기간제근로자는 제외함.
   - 신청일부터 해지일까지 주민등록상 주소지가 삼척시이며, 해당기업에 계속 재직이 가능한 자
   - 기업의 공제가입 승인을 받은 자",소득조건코드=0043001 / 소득범위=0~0,,"월 50만원*씩 5년간 적립 후 만기에 적립금(3천만 원)과 공제부금 이자를 근로자에게 지급
   *공제부금: 기업 기여금 15만원, 근로자 납부금 15만원 / 삼척시 지원금 20만원",        ,        ,"❍ 기업(법인 또는 개인사업자)
   -「중소기업기본법」제2조제1항(중소기업자의 범위)에 따른 중소기업
   -「중견기업 성장촉진 및 경쟁력 강화에 관한 특별법」제2조제1호(정의)에 따른 중견기업  ※ 소상공인 포함
   - 위 중소기업 또는 중견기업 중 삼척시에 사업장을 두고 있고, 소속 상용근로자   1명 이상인 기업 ※ 지원기간 동안 사업자등록증 상 사업장 소재지가 삼척시 내로 되어 있어야 함.

  ❍ 근로자 
   - 공제가입 기업에 재직 중인 정규직 또는 무기계약직
     ※‘정규직 또는 무기계약직’은 기간의 정함이 없는 근로계약을 체결한 근로자를 말하며 
          「기간제 및 단시간근로자 보호 등에 관한 법률」 제2조에 따른 기간제근로자는 제외함.
   - 신청일부터 해지일까지 주민등록상 주소지가 삼척시이며, 해당기업에 계속 재직이 가능한 자
   - 기업의 공제가입 승인을 받은 자",,삼척형 일자리 안심공제 홈페이지(https://gwwell.kr/samcheok),https://gwwell.kr/samcheok,main,primary,삼척형일자리안심공제,강원특별자치도삼척시,,금융･복지･문화,취약계층 및 금융지원
youth,20260522005400213219,대학생 아르바이트 운영,"방학기간 시정 참여를 통한 사회 경험 및 경제 활동 기회 부여
2026년 하계 (1기) 7. 6. ~ 7. 19. (2기) 7. 20. ~ 8. 2. (3기) 8. 3. ~ 8. 16.",인력/일자리,강원특별자치도 삼척시,강원특별자치도,"** 입학예정자, 제적생, 졸업생, 대학원생 제외 | 0013010 | 0049005",청년,만 0세 ~ 만 0세,,,"모집 공고일 기준으로 아래 ①, ② 요건을 모두 충족할 것
① 본인 또는 부모(친권자, 후견인 포함)의 주민등록주소가 삼척시 관내로 되어 있고,
② 대학(교)*에 재학(휴학 포함)하고 있는 학생**
  * 방송통신대학, 사이버대학, 평생교육시설 등 포함",소득조건코드=0043001 / 소득범위=0~0,,"-행정업무 보조, 현장(관광지) 업무 지원 등(1일 8시간, 주5-7일) *근무지에 따라 상이할 수 있음
-인건비: 1일 83,200원(10,400원 * 8시간)",20260526 ~ 20260605,20260816,"모집 공고일 기준으로 아래 ①, ② 요건을 모두 충족할 것
① 본인 또는 부모(친권자, 후견인 포함)의 주민등록주소가 삼척시 관내로 되어 있고,
② 대학(교)*에 재학(휴학 포함)하고 있는 학생**
  * 방송통신대학, 사이버대학, 평생교육시설 등 포함",,온라인(삼척시 공식 누리집->시민참여->시민마당->대학생 아르바이트 신청),https://www.samcheok.go.kr/citizen/01430/02605.web,main,primary,대학생아르바이트운영,강원특별자치도삼척시,20260526 ~ 20260605~20260816,일자리,취업
youth,20260522005400213218,삼척형 청년인턴 지원사업,삼척시 거주 미취업 청년(18~49세) 공공 행정 분야 인턴 연수 기회 제공,인력/일자리,강원특별자치도 삼척시,강원특별자치도,0013003 | 0049004,청년,만 18세 ~ 만 49세,18,49,"□ 선발 우선순위(모집인원 초과 시)
  ① 취약계층(기초생활수급자, 차상위계층, 한부모가정), 국가유공자
  ② 전 단계 행복일자리(청년층) 및 행정인턴 미 참여자
  ③ 선발기준표에 의한 고득점자 순 선발
     ※ 동점자 발생 시 : 연령이 낮은 자 우선 선발
     ※ 주소지, 근무가능지역 고려하여 고득점자 우선 배치",소득조건코드=0043001 / 소득범위=0~0,,"상/하반기 행정인턴 모집(주 5일 근무, 1일 7시간)",20260202 ~ 20260206,20260628,"□ 선발 우선순위(모집인원 초과 시)
  ① 취약계층(기초생활수급자, 차상위계층, 한부모가정), 국가유공자
  ② 전 단계 행복일자리(청년층) 및 행정인턴 미 참여자
  ③ 선발기준표에 의한 고득점자 순 선발
     ※ 동점자 발생 시 : 연령이 낮은 자 우선 선발
     ※ 주소지, 근무가능지역 고려하여 고득점자 우선 배치",,경제과 방문 접수,https://www.samcheok.go.kr/specialty/00471/00480.web,main,primary,삼척형청년인턴지원사업,강원특별자치도삼척시,20260202 ~ 20260206~20260628,일자리,취업
youth,20260522005400213217,삼척중앙시장 청년몰 운영사업,삼척중앙시장 청년몰 입점 청년 상인 모집,인력/일자리,강원특별자치도 삼척시,강원특별자치도,"① 피성년후견인 또는 피한정후견인
② 파산선고를 받고 복권되지 아니한 자
③ 금고 이상의 실형 후 집행종료 또는 집행면제 후 5년이 지나지 아니한 자
④ 금고 이상의 실형 후 집행유예 기간이 끝난 날부터 2년이 지나지 아니한 자
⑤ 금고 이상의 형의 선고유예를 받은 경우에는 그 선고 유예기간 중에 있는 자
⑥ 공고일 기준 청년상인 육성사업(전통시장 청년상인 창업지원)에 참여 중인 자
⑦ 공고일 기준 최근 3년 이내 청년상인 지원사업(전통시장 청년상인 창업지원)에 선정된 후     지원 중 중도포기, 폐업, 법령이나 지침 위반 등으로 계약해지 된 자
⑧ 현 청년몰 입점상인의 배우자 및 직계존비속인 자
⑨ 국세 또는 지방세를 체납 중인 자 | 0013006 | 0049010",청년,만 18세 ~ 만 49세,18,49,,소득조건코드=0043001 / 소득범위=0~0,,삼척청년센터 청년몰 입점 (공유재산 사용료 연 5~60만 원),20260421 ~ 20260508,        ,,,"1차 평가(서류), 2차 평가(면접) -> 최종선발 및 입점",https://www.samcheok.go.kr/intro/00443/02086.web?amode=view&idx=138414,main,primary,삼척중앙시장청년몰운영사업,강원특별자치도삼척시,20260421 ~ 20260508~,일자리,창업
youth,20260522005400213216,미취업 청년 자격증 응시료 지원사업,삼척시 거주 6개월 이상 미취업 청년(18~49세) 자격증 응시료 실비 지원,교육/멘토링,강원특별자치도 삼척시,강원특별자치도,정부 및 타 지자체 동일/유사사업 수혜자 | 0013003 | 0049010,청년,만 18세 ~ 만 49세,18,49,"신청일 기준 6개월 이상 삼척시에 주민등록을 두고 있는 자
2025. 12. 1. ~ 2026. 11. 30. 실시한 시험의 실제 응시자",소득조건코드=0043001 / 소득범위=0~0,,"자격증 응시료 실비 지원(1인 10만 원 이내)
지원분야: 어학, 한국사, 국가기술(전문)자격증, 국가공인민간자격증",20260101 ~ 20261130,20261231,"신청일 기준 6개월 이상 삼척시에 주민등록을 두고 있는 자
2025. 12. 1. ~ 2026. 11. 30. 실시한 시험의 실제 응시자",,정부24 누리집 접수,https://plus.gov.kr/portal/benefitV2/benefitTotalSrvcList/benefitSrvcDtl?svcSeq=2130026&bnefType=all&svcId=424100000003,main,primary,미취업청년자격증응시료지원사업,강원특별자치도삼척시,20260101 ~ 20261130~20261231,교육･직업훈련,미래역량강화
youth,20260522005400213215,삼척형 청년스타트업 창업지원사업,삼척시 거주 예비 창업자 및 1년 미만 초기 창업 청년(18~49세) 대상 창업간접비 지원,인력/일자리,강원특별자치도 삼척시,강원특별자치도,"0013003,0013006 | 0049010","스타트업,청년",만 18세 ~ 만 49세,18,49,,소득조건코드=0043001 / 소득범위=0~0,,"창업간접비 1,200만 원 지원(자부담 200만 원 포함) *자체공모형 보조사업",20251222 ~ 20260123,20270324,,,,https://www.bizinfo.go.kr/sii/siia/selectSIIA200Detail.do?pblancId=PBLN_000000000117641,main,primary,삼척형청년스타트업창업지원사업,강원특별자치도삼척시,20251222 ~ 20260123~20270324,일자리,창업
youth,20260522005400213213,2026년 창업 아이디어 공모 및 지원,○ 창의적인 창업 아이디어 보유 창업가 발굴·지원(광주대학교 협업),인력/일자리,전남광주통합특별시,광주광역시,0013010 | 0049010,청년,만 1세 ~ 만 99세,,,,소득조건코드=0043001 / 소득범위=0~0,,"○ 사업화 자금 지원(총 6,000만원 / 각 1,000만원)
· (남구) 500만원: 창업비, 홍보 마케팅, 재료비, 디자인 개발비 등
· (광주대) 500만원: 마케팅 프로듀싱비(온라인콘텐츠, 홍보물 제작 등)
※ 인건비, 사무실 임차료, 공과금, 관리비 등 운영 경비 목적 사용 불가
○ 창업 역량강화
· 창업 기본교육, 멘토링 지원",20260526 ~ 20260612,20261231,"○ 제외대상
· 사행성, 환경오염 유발 가능성 등 반사회적 성격의 창업 아이디어
· 타인의 특허·실용신안 등 지적재산권 침해(우려) 아이디어
· 창업 거점 주소 및 공간이 명확하지 않은 경우 등
· (중복지원) 타 기관 창업지원사업 선정자 신청 가능하나, 동일·유사 내용 지원 이력 시 중복지원 여부 검토 및 선정 제한 가능",☞ 자세한 내용은 붙임파일을 확인해주시기 바랍니다.,"○  신청방법 : 방문 또는 이메일 접수
· (방 문) 광주 남구 봉선로 1, 남구청 6층 일자리정책과
· (이메일) ids2915@korea.kr(제출 후 유선확인必, ☎ 607-2671)",https://www.youthcenter.go.kr/youthPolicy/ythPlcyTotalSearch/ythPlcyDetail/20260522005400213213,main,primary,2026년창업아이디어공모및지원,전남광주통합특별시,20260526 ~ 20260612~20261231,일자리,창업
youth,20260522005400213211,2026 광주광역시 전략사업별 지역생태계 활성화 사업 「내일을 만드는 청년 직무형 일경험 사업」,"○ 지역 내 청년 구직 의욕 고취 및 사회적경제 기업 실질 직무경험 지원
○ 디지털마케팅·통합돌봄 분야 직무교육 및 일경험 연계 운영",인력/일자리,전남광주통합특별시,광주광역시,0013010 | 0049010,청년,만 19세 ~ 만 39세,19,39,,소득조건코드=0043001 / 소득범위=0~0,,"○ 디지털 및 통합돌봄 전문 직무교육(50명)
○ 현장 중심 일경험 운영(일경험 수당 총 600만원 지급)
○ 프로젝트 기반 협업 활동 운영(디지털 직무 일경험 참여자)
○ 생활 안정화 교육(50명) 및 재무 상담(50명) 운영
○ 취업 연계 지원",20260519 ~ 20260614,20261130,"○ 우대사항
· 취업취약청년(준비 중 청년, 자립준비청년, 북한이탈청년, 은둔형외톨이, 경력단절여성 등)
· 마케팅 및 돌봄분야 취업 준비 청년",☞ 자세한 내용은 붙임파일을 확인해주시기 바랍니다.,○ 신청하기→ 온라인 신청서 작성 → 제출(해당자에 한해 추가서류 제출),https://gjsec.kr/bbs/board.php?bo_table=noti&wr_id=2902,main,primary,2026광주광역시전략사업별지역생태계활성화사업내일을만드는청년직무형일경험사업,전남광주통합특별시,20260519 ~ 20260614~20261130,일자리,취업
youth,20260518005400213206,2026 농식품가공창업보육센터 이용자 모집 공고(공유주방 창업팀 1기),지역 농산물을 활용한 식품 가공 창업 활성화 및 초기 창업자의 실전형 창업 지원을 위한 공유주방 이용자 모집,인력/일자리,전남광주통합특별시,광주광역시,0013010 | 0049010,청년,만 19세 ~ 만 99세,19,,,소득조건코드=0043001 / 소득범위=0~0,,"○ 공유주방 시설 이용 지원
· 일반조리실 및 베이커리실 작업 공간(테이블) 제공 · 식품가공에 필요한 주요 장비 무상 사용 
○ 창업 보육 프로그램 운영
· 공유주방 첫걸음 과정 및 오리엔테이션 제공 · 시제품 개발 및 제조·판매 활동 지원",20260506 ~ 20260608,20260930,"○ 가점 대상
· 농업경영체등록확인서 제출자(농업인) · 청년 창업자 및 사업자등록 예정/완료자",☞ 자세한 내용은 붙임파일을 확인해주시기 바랍니다.,○ 신청방법 : 방문 접수 또는 이메일(diddh0428@korea.kr) 제출,https://www.youthcenter.go.kr/youthPolicy/ythPlcyTotalSearch/ythPlcyDetail/20260518005400213206,main,primary,2026농식품가공창업보육센터이용자모집공고공유주방창업팀1기,전남광주통합특별시,20260506 ~ 20260608~20260930,일자리,창업
youth,20260513005400213205,부산 청년문화축제(부산 스텝업댄스페스티벌),부산 청년문화 대표 축제 ‘부산스텝업댄스페스티벌’ 개최로 지역 청년예술가들에게 공연 기회 제공과 시민 문화향유 기회 확대,복지/문화,부산광역시 청년산학국 청년정책과,부산광역시,0013010 | 0049010,청년,만 0세 ~ 만 0세,,,,소득조건코드=0043001 / 소득범위=0~0,,"① 대회 운영
 - 메인경연: 1:1 댄스 배틀, 퍼포먼스 챔피언십 등
 - 서브경연: 주니어 챔피언십, 케이팝댄스챔피언십 등
② 사전 행사: 랜덤플레이댄스, 대회 지원
③ 부대 프로그램: 개막식&토크쇼, 댄스클래스, 워너비토크쇼, 스텝업콘서트, 스트릿마켓",20260318 ~ 20260417,20260510,,,,https://busanstepupfestival.com/home,main,primary,부산청년문화축제부산스텝업댄스페스티벌,부산광역시청년산학국청년정책과,20260318 ~ 20260417~20260510,금융･복지･문화,문화활동 및 생활지원
youth,20260513005400213204,부산 청년 일하는 기쁨카드 지원,부산 소재 중소기업 재직 청년에게 복지포인트 지원으로 근로의욕 고취 및 복지수준 향상,인력/일자리,부산광역시 청년산학국 청년정책과,부산광역시,※ 유사사업 참여 중 이거나 수혜이력이 있는 자 등 | 0013001 | 0049010,청년,만 18세 ~ 만 39세,18,39," - 공고일 기준 주민등록상 부산광역시 거주자
 - 공고일 기준 부산 소재 중소기업 3개월 이상 재직자(2024.1.1. 이후 입사자)","소득조건코드=0043003 / 소득범위=0~0 / 월 소득 3,847천원 이하(기준 중위소득 150% 이하)",," ○ 지원내용
   - 1인당 100만원 복지포인트 지원(연 2회, 50만원씩 나누어 지원)
   - 사용분야 : 문화여가, 자기계발, 건강관리, 생활지원
   - 사용기간 : 복지 포인트 지급 시부터 2026. 11. 30.까지",20260406 ~ 20260424,20261231,"- 공고일 기준 주민등록상 부산광역시 거주자
 - 공고일 기준 부산 소재 중소기업 3개월 이상 재직자(2024.1.1. 이후 입사자)

제출서류 심사 후 적격자 대상 추첨 2,000명","재직처 중소기업확인서 및 사업자 등록증
 (그 외 필요서류 공공마이데이터 연계하여 수집)",부산 청년 일하는 기쁨카드 누리집 온라인 신청,https://young.busan.go.kr/index.nm?menuCd=33,main,primary,부산청년일하는기쁨카드지원,부산광역시청년산학국청년정책과,20260406 ~ 20260424~20261231,일자리,재직자
youth,20260513005400213203,부산 청년두드림센터 운영,"부산지역 청년의 취업역량 강화프로그램 운영, 취업활동공간 지원, 청년일자리 상담 및 취업 알선 등 부산청년 취업 지원을 위한 센터 운영사업",인력/일자리,부산광역시 청년산학국 청년정책과,부산광역시,0013003 | 0049010,청년,만 18세 ~ 만 39세,18,39,,소득조건코드=0043001 / 소득범위=0~0,,"① 청년두드림센터 공간 운영
 - 청년들의 커뮤니티 활동 및 각종 행사를 위한 장소, 취업 준비 활동(개별학습 및 스터디모임 등)을 위한 공간 지원
 - 오픈공간, 학습공간, 대회의실, 스터디룸 등 취업활동 공간제공
② 전주기 맞춤형 취업 상담 ‘드리미케어’
 - 전문 취업 상담을 통한 청년구직 단계별 1:1맞춤형 전담 매칭 실시
 - 공채 시기별 맞춤형 프로그램 구성, 소그룹 운영 상담 실시, 입사지원서 및 자기소개서 지도, 실전 모의면접 진행 등
③ 청년취업역량강화 프로그램
 - 분기별 맞춤형 취업지원 프로그램 운영을 통한 청년 유입 유도 및 구직역량 강화 등
 - 다양한 구인‧구직 요구의 적시 대응을 위한 협업 네트워크 구축 등",20260101 ~ 20261231,20261231,,"기초상담 질문지 입력, 예약",‘청년부산잡스‘ 홈페이지 상담 예약 ⇒ 대면(유선)상담,https://young.busan.go.kr/index.nm?menuCd=34,main,primary,부산청년두드림센터운영,부산광역시청년산학국청년정책과,20260101 ~ 20261231~20261231,일자리,취업
youth,20260513005400213202,부산 면접정장 대여서비스(드림옷장),취업준비생 입사면접용 정장 무료대여,인력/일자리,부산광역시 청년산학국 청년정책과,부산광역시,0013003 | 0049010,청년,만 18세 ~ 만 39세,18,39," ※ 부산 거주(거소) 청년
 ※ 타 지역 거주(거소) 청년의 경우 부산소재 기업 면접 시 가능",소득조건코드=0043001 / 소득범위=0~0,,"입사 면접용 정장 무료 대여 및 코디 컨설팅
 - 만 15~39세 이하 부산 거주(거소) 청년 구직자 대상 정장 대여
 - 자켓, 셔츠, 블라우스, 치마, 바지, 넥타이, 벨트, 구두 등 면접 용품 대여 가능
 - 사이즈 일부 수선, 정장 피팅 및 코디 컨설팅 지원",,,"※ 부산 거주(거소) 청년
 ※ 타 지역 거주(거소) 청년의 경우 부산소재 기업 면접 시 가능","부산 거주 확인서류, 면접 사실 확인서류",온라인예약 ▷ 예약승인 ▷ 현장방문 대여 ▷ 정장 반납,https://young.busan.go.kr/index.nm?menuCd=32,main,primary,부산면접정장대여서비스드림옷장,부산광역시청년산학국청년정책과,,일자리,취업
youth,20260513005400213201,부산 취업연수생 고용사업,미취업 청년에게 행정체험을 제공함으로써 직장 적응능력 향상과 역량 강화로 일자리 진입 지원,인력/일자리,부산광역시 청년산학국 청년정책과,부산광역시,타 직접일자리사업 중복참여자 참여 불가 | 0013003 | 0049009,청년,만 18세 ~ 만 29세,18,29, 최종학력 고졸 이상 미취업자로서 졸업 후 3년 이내인 자,소득조건코드=0043001 / 소득범위=0~0,,"① 행정 체험 제공
 - 시·시의회, 직속기관·사업소, 공공기관·출자출연기관, 비영리단체 등 다양한 기관의 행정 체험 제공 및 취업역량 강화
② 시정체험 및 취업역량강화 프로그램 제공
 - 연수생의 시정 관심 제고 및 홍보를 위한 다양한 시정 주요현장 업무 체험 기회 마련
 - 맞춤형 취업상담 및 지역 내 우수기업 탐방 기회 제공으로 직장 적응능력 향상 및 구직 의욕 고취
",,,"최종학력 고졸 이상 미취업자로서 졸업 후 3년 이내인 자

부서별 신청(중복신청 불가)","(필수) 신청서, 개인정보수집·이용·제공동의서, 졸업증명서, 등/초본
 (선택) 취약계층 증빙서류",➀ 부산청년플랫폼 접속 → ➁ [일자리] 클릭 → ➂ [취업연수생] 클릭 → ④ 청년부산잡스 취업연수생 바로가기 클릭 ⑤ 회원가입(로그인) → ⑥ 신청하기(온라인 신청서 작성 및 제출서류 스캔 파일 업로드),https://young.busan.go.kr/index.nm?menuCd=161,main,primary,부산취업연수생고용사업,부산광역시청년산학국청년정책과,,일자리,취업
youth,20260513005400213200,부산 청년 임차보증금 대출 및 대출이자 지원(머물자리론),청년층의 주거비부담 경감을 위해 청년 임차보증금 대출 및 대출이자 지원,주거,부산광역시 청년산학국 청년정책과,부산광역시,"- 신혼부부 (혼인신고일 기준 7년이내) 
 - 기초생활(생계,주거)수급자
 - 부·모, 배우자의 부·모와 임대차계약한 자 
 ※ 유사사업 참여 중 이거나 수혜이력이 있는 자 등 | 0013010 | 0049010",청년,만 19세 ~ 만 39세,19,39," - 주민등록상 부산거주 무주택 청년 세대주
 - 주택기준 : 임차보증금 2억원 이하 
 - 임대차계약을 체결하고 임차보증금 5% 이상을 지불한 자","소득조건코드=0043003 / 소득범위=0~0 / 본인 연소득 6천만원 이하, 부부합산 1억원 이하",," ○ 지원내용 : 임차보증금 대출 및 대출이자 지원 
  - 대출한도 : 최대 1억원 이내 (임차보증금 90% 범위 내)
  - 이자지원 : 연소득 45백만원 이하 2.5%, 45백만원 초과 2% ",,,"- 주민등록상 부산거주 무주택 청년 세대주
 - 주택기준 : 임차보증금 2억원 이하 
 - 임대차계약을 체결하고 임차보증금 5% 이상을 지불한 자","가족관계증명서, 임대차계약서",부산청년플랫폼 누리집 온라인 신청,https://young.busan.go.kr/index.nm,main,primary,부산청년임차보증금대출및대출이자지원머물자리론,부산광역시청년산학국청년정책과,,주거,전월세 및 주거급여 지원
youth,20260513005400213199,부산 청년 월세 지원,청년층의 주거비부담 경감을 위해 청년 월세 지원,주거,부산광역시 청년산학국 청년정책과,부산광역시,※ 유사사업 참여 중 이거나 수혜이력이 있는 자 등 | 0013010 | 0049010,청년,만 19세 ~ 만 34세,19,34,"
 - 부모님과 별도 거주 무주택청년
 - 재산기준 : 원가구 4억7천만원 이하, 청년가구 1억22백만원 이하","소득조건코드=0043003 / 소득범위=0~0 / 청년 기준중위소득 60%(월소득 154만원) 이하, 원가구 기준중위소득 100%(월 536만원) 이하",," ○ 지원내용 : 월 최대 20만원, 최대 24개월 지원",20260330 ~ 20260529,20260509,"- 부모님과 별도 거주 무주택청년
 - 재산기준 : 원가구 4억7천만원 이하, 청년가구 1억22백만원 이하","월세지원신청서, 소득·재산 신고서, 임대차계약 및 월세이체 증빙서류, 서약서, 입금통장 사본, 청년 및 부·모의 가족관계증명서, 배우자 및 배우자 부·모의 가족관계증명서",복지로 누리집 온라인 신청,https://young.busan.go.kr/index.nm?menuCd=37,main,primary,부산청년월세지원,부산광역시청년산학국청년정책과,20260330 ~ 20260529~20260509,주거,전월세 및 주거급여 지원
youth,20260513005400213198,부산 청년 중개보수 및 이사비 지원,"부산시 전입, 부산시 내 이사 후 전입 신고한 일하는 청년에게 이사비 지원",주거,부산광역시 청년산학국 청년정책과,부산광역시,※ 유사사업 수혜이력이 있는 자 등 | 0013010 | 0049010,청년,만 18세 ~ 만 39세,18,39," - ‘25. 1. 1.이후 부산시 전입 및 부산시 내 이사 후 전입신고
 - 주택 거래금액 1.5억원 이하 전・월세 거주
 - 무주택자, 부모 별도 거주","소득조건코드=0043003 / 소득범위=0~0 / 기준중위소득 120%이하(월 3,078천원 이하)",," ○ 지원내용 : 부동산 중개보수 및 실제 소요된 이사 비용(최대 40만원)
   - (중개보수) 임대차 계약 체결 시 소요되는 중개 수수료
   - (이사비) 개인용달, (반)포장이사, 사다리차 이용비 등
   ※ 택배비, 청소비, 개인적 차량 렌트비, 개인 아르바이트 고용 용역비 등 제외 ",20260801 ~ 20261231,,"- ‘25. 1. 1.이후 부산시 전입 및 부산시 내 이사 후 전입신고
 - 주택 거래금액 1.5억원 이하 전・월세 거주
 - 무주택자, 부모 별도 거주","부동산임대차계약서, 중개보수 및 이사비 납부 영수증, 통장사본 등",부산청년플랫폼 온라인 신청,https://young.busan.go.kr/index.nm,main,primary,부산청년중개보수및이사비지원,부산광역시청년산학국청년정책과,20260801 ~ 20261231~,주거,전월세 및 주거급여 지원
youth,20260513005400213197,부산 청년 자산형성 지원(부산청년 기쁨두배통장),청년에게 저축을 통한 자산형성 지원 및 금융역량 강화,인력/일자리,부산광역시 청년산학국 청년정책과,부산광역시,"※ 유사사업 참여 중 이거나 수혜이력이 있는 자, 본인 명의 통장개설이 불가능한 자 등 | 0013010 | 0049010",청년,만 18세 ~ 만 39세,18,39," ※ 사업자의 경우 본인 명의 사업자등록증 
 ※ 공고일 기준 주민등록상 부산시 거주","소득조건코드=0043003 / 소득범위=0~0 / 기준중위소득 150%이하(월 소득 3,847천원 이하) / 건강보험료로 판단 : 직장가입자 138,780원 지역가입자 68,641원",," ○ 지원내용 : 청년 10만원 저축시 1:1 市 매칭 지원, 금융교육
  ※ 저축기간 24개월 또는 36개월",20260810 ~ 20260821,,"※ 사업자의 경우 본인 명의 사업자등록증 
 ※ 공고일 기준 주민등록상 부산시 거주",,부산청년기쁨두배통장 누리집 온라인 신청,https://young.busan.go.kr/index.nm?menuCd=53,main,primary,부산청년자산형성지원부산청년기쁨두배통장,부산광역시청년산학국청년정책과,20260810 ~ 20260821~,일자리,취업
youth,20260513005400213196,부산 청년 신용회복 지원,"경제적 어려움을 겪고 있는 청년들 대상으로 재무상담, 채무조정, 연체예방비용 지원 및 경제교육 등을 실시하여 경제적 자립을 지원",복지/문화,부산광역시 청년산학국 청년정책과,부산광역시,0013010 | 0049010,청년,만 18세 ~ 만 39세,18,39," ※ 신청일 기준 주민등록상 부산시 거주
 ※ 연체예방비용 지원: 최근 3개월 월 평균 소득 50만원 이상, 연체가능성이 있거나 최근 3개월 이내 연체이력이 있는 청년",소득조건코드=0043001 / 소득범위=0~0,," ○ 지원내용
  - 1:1 맞춤형 재무상담 지원
  - 채무조정 및 연체예방 비용 지원
  - 청년 맞춤형 경제교육 지원",,,"※ 신청일 기준 주민등록상 부산시 거주
 ※ 연체예방비용 지원: 최근 3개월 월 평균 소득 50만원 이상, 연체가능성이 있거나 최근 3개월 이내 연체이력이 있는 청년",,부산신용보증재단 상담 후 신청,https://www.부산청년희망.kr,main,primary,부산청년신용회복지원,부산광역시청년산학국청년정책과,,금융･복지･문화,취약계층 및 금융지원
youth,20260513005400213195,부산 청년 생활인구 유입 활성화(부산온나청년패스),"부산을 방문하는 타지역 청년 대상으로 부산온나청년패스 발급,
 제휴시설 이용 할인 제공",복지/문화,부산광역시 청년산학국 청년정책과,부산광역시,0013010 | 0049010,청년,만 18세 ~ 만 39세,18,39, ※ 타시도 청년(주민등록이 부산광역시 외로 등록되어 있는 청년),소득조건코드=0043001 / 소득범위=0~0,,"① 부산온나청년패스 신청 및 발급
 - (신청) 대상자가 “부산청년플랫폼”에서 「부산온나청년패스」 신청 
 - (승인) 신청즉시 발급, 실시간 승인
② 제휴업체 할인·이용
 - (이용) 제휴시설 방문시 청년패스 확인 후 이용료 할인 
    ① 이용자가 “단말기에 업체 QR코드 인식”
    ② 제휴업체에서 청년패스 확인 후 생활인구 이용료 적용",,,"※ 타시도 청년(주민등록이 부산광역시 외로 등록되어 있는 청년)

주민등록이 부산광역시 외로 등록되어 있는 청년
 (행정정보공동이용을 연계하여 주민등록 확인)",,부산청년플랫폼-부산청년정책-부산온나청년패스 신청,https://young.busan.go.kr/index.nm?menuCd=269,main,primary,부산청년생활인구유입활성화부산온나청년패스,부산광역시청년산학국청년정책과,,금융･복지･문화,문화활동 및 생활지원
youth,20260513005400213194,부산 청년문화육성 지원,부산지역 청년 및 청년예술인을 위한 청년문화육성 지원,복지/문화,부산광역시 청년산학국 청년정책과,부산광역시,0013010 | 0049010,청년,만 18세 ~ 만 39세,18,39,,소득조건코드=0043001 / 소득범위=0~0,,"① 청년신진예술가 창작활동지원
 - 부산 청년신진예술가의 창작활동을 위한 지원금 지급
② 청년예술가 자율기획
 - 청년이 문화예술을 소재로 직접 설계한 프로젝트 제안 및 수행
③ 청년연출가 작품 제작지원
 - 청년연출가의 우수공연 콘텐츠 지원하여 지역의 대표 공연 브랜드 육성
④ 예술×기술 융복합 프로젝트 운영
 - 청년예술가들이 첨단기술(AI 등)을 능동적 창작 도구로 활용 가능하도록 기술교육 등 역할 강화
⑤ 민락인디트레이닝센터 운영
 - 인디문화 콘텐츠 개발 및 육성을 위한 트레이닝 프로그램 운영
⑥ 청년예술가 국제교류
 - 청년예술가들의 국제적 감각을 배양 및 교류를 통한 역량 강화
⑦ 청년 아트페어
 - 시각분야 청년예술가들의 작품을 판매하는 페어 운영
⑧ 청년 예술작품 구독
 - 시민들에게 노출될 수 있는 기관의 주요공간에 시각 분야 청년
   예술가들의 작품을 일정기간 향유할 수 있도록 구독 지원
⑨ 부산 아티스트택
 - 시각예술 분야 청년 예술가 작품을 활용한 상품 출시
⑩ 청년문화홍보
 - 청년문화 온라인 콘텐츠 제작, 성과공유회 운영",,,,,사업별 상이(부산문화재단 홈페이지 공모내용 확인),https://young.busan.go.kr/index.nm?menuCd=235,main,primary,부산청년문화육성지원,부산광역시청년산학국청년정책과,,금융･복지･문화,예술인지원
youth,20260513005400213193,부산 청년만원플러스문화패스,청년들의 문화관람비 부담경감 통해 다양한 문화콘텐츠 향유기회 제공,복지/문화,부산광역시 청년산학국 청년정책과,부산광역시,부산청년만원+문화패스 및 청년문화예술패스 기선정자 | 0013010 | 0049010,청년,만 18세 ~ 만 39세,18,39,,소득조건코드=0043001 / 소득범위=0~0,,"부산시 거주 청년(18~39세) 대상 지역 우수 문화공연을 1만원으로 
관람할 수 있도록 지원
  - (청년) 1만원 결제 / (市) 공연기획사에 차액 사후 보전 ▹1인 최대 10만원까지",20260428 ~ 20260430,,,,"부산이즈굿 동백전 → 부산청년만원+문화패스 신청 → 정책자금 신청 목록에서 부산청년만원+문화패스 선택 → 선착순 신청 선택 → 서비스 정보이용 제공 동의 → 신청인 정보 입력 → 8,500명 선착순 선정",https://young.busan.go.kr/index.nm?menuCd=234,main,primary,부산청년만원플러스문화패스,부산광역시청년산학국청년정책과,20260428 ~ 20260430~,금융･복지･문화,문화활동 및 생활지원
youth,20260513005400213192,부산 청년문화예술패스,"19∼20세 청년(2006∼2007년생)에게 문화예술 관람 등 지원을 통한
 문화향유 기회 제공",복지/문화,부산광역시 청년산학국 청년정책과,부산광역시,"2025년 청년문화예술패스 이용자 신청 불가
 (단, 실제 사용 금액이 없는 이용자는 신청 가능) | 0013010 | 0049010",청년,만 19세 ~ 만 20세,19,20,,소득조건코드=0043001 / 소득범위=0~0,,1인당 연 15만원~20만원 공연·전시 ·영화 관람비 지원,20260225 ~ 20260630,,,,"‘청년문화예술패스’ 누리집에서 신청·발급 후 지정된 협력예매처에서
 공연･전시･영화 관람권 예매 시 사용",https://young.busan.go.kr/index.nm?menuCd=245,main,primary,부산청년문화예술패스,부산광역시청년산학국청년정책과,20260225 ~ 20260630~,금융･복지･문화,문화활동 및 생활지원
youth,20260513005400213190,부산 신진예술인 육성 지원(신진청년예술인 인큐베이팅 및 경력 개발 지원),부산지역 신진청년예술인 공연제작 전반 참여 지원,복지/문화,부산광역시 청년산학국 청년정책과,부산광역시,0013010 | 0049010,청년,만 18세 ~ 만 39세,18,39,,소득조건코드=0043001 / 소득범위=0~0,," - 부산지역 청년예술인 25여 명 선발 (공모·오디션 등)
 - 대규모 작품 제작·참여를 통해 신진청년예술인 발굴 및 육성
 - 공연 창작물 국내·외 아트마켓 연계 추진으로 활동기반 마련",,,,,부산문화회관 홈페이지 공모 확인 후 지원,https://young.busan.go.kr/index.nm?menuCd=61,main,primary,부산신진예술인육성지원신진청년예술인인큐베이팅및경력개발지원,부산광역시청년산학국청년정책과,,금융･복지･문화,예술인지원
youth,20260513005400213189,부산 청년 로컬크리에이터 레벨업,"부산지역 자원 및 특성을 기반으로 창업한 청년 기업에 재정지원, 네트워킹 활성화 등으로 성장·정착 지원",인력/일자리,부산광역시 청년산학국 청년정책과,부산광역시,0013010 | 0049010,청년,만 18세 ~ 만 39세,18,39,,소득조건코드=0043001 / 소득범위=0~0,,"① 청년 로컬크리에이터 육성 및 발굴
  - 대상: 창업 7년 미만 만39세 이하, 소비자 대상 제품·서비스를 보유한
    청년 로컬크리에이터 기업 ▸ 16개사 내외 선정
  - 일정: 모집공고(2~3월) → 선정발표(3월 내) → 자금지원 및 수행(4~12월) 
  - 지원: 사업화 자금(기업당 최대 4,000만원이내), 맞춤형 컨설팅 등

② 로컬자원 활용 프로젝트 수행기업 지원
  - 대상: 인구 감소·관심지역내 상권, 빈집, 유휴공간을 활용한 프로젝트 수행 청년 기업 ▸ 4개사 내외 선정 ※  감소지역: 동구, 서구, 영도구 / 관심지역: 중구, 금정구
  - 일정: 모집(3~4월) → 선정·사업 착수(4월내) → 1차 지원(50%) 및 수행(4~7월)
    → 중간평가 → 2차 지원(50%) 및 수행(8~12월)
  - 지원: 사업화 자금(기업당 4,000만원 내외 차등 지급), 맞춤형 컨설팅 등
 
③ 로컬크리에이터 교류·협력 프로그램 추진(5~11월 중) 
  - 로컬크리에이터 협의체 구성: 기업 자문·의견 교류
  - 로컬 비즈니스 컨퍼런스 개최: 민간 투자·유관기관 연계 네트워킹 등
  - 로컬크리에이터 쇼케이스 개최: 지원기업 제품 팝업스토어 등
  - 로컬 콘텐츠 제작 및 홍보: 공식 SNS 등 다수 채널 활용 홍보",20260201 ~ 20260430,,,,,https://busanjob.net/yjob/index.do,main,primary,부산청년로컬크리에이터레벨업,부산광역시청년산학국청년정책과,20260201 ~ 20260430~,일자리,창업
youth,20260513005400213188,부산청년 글로벌 잡(JOB) 챌린지 프로젝트,해외일경험 참여 청년의 글로벌 기업 취업 매칭 위해 정규직 채용 조건의 인턴 채용 인건비 제공,인력/일자리,부산광역시 청년산학국 청년정책과,부산광역시,0013010 | 0049010,청년,만 18세 ~ 만 39세,18,39,,소득조건코드=0043001 / 소득범위=0~0,,"① 해외일경험 참여 청년의 글로벌 기업 취업 매칭
  - (기업) 정규직 채용 조건의 인재 채용 인건비 제공
          (1인 월 150만원*최대3개월)
  - (청년) 채용 전후 역량강화 프로그램 제공 및 연계 ",        ,        ,,(기업) 사업참여 신청서 및 증빙서류,‘부산일자리정보망‘ 홈페이지,https://www.busan.go.kr/expdetail/view?schYear=2025&schDbiz=626000020253008E,main,primary,부산청년글로벌잡job챌린지프로젝트,부산광역시청년산학국청년정책과,,일자리,취업
youth,20260513005400213187,부산 전세보증금 반환보증 보증료 지원,전세보증금 반환보증 보증료 지원을 통해 반환보증 가입을 유도하여 전세사기 피해방지 및 주거안정 도모,주거,부산광역시 주택건축국 주택정책과,부산광역시,"신청인 기준 보증효력이 유효한 전세보증금반환보증에 가입
 임차보증금 3억원 이하, 무주택 | 0013010 | 0049010",청년,만 18세 ~ 만 39세,18,39,"소득요건 : 연소득 (청년) 5천만원, (청년 외) 6천만원, (신혼부부) 7.5천만원 이하
  - 청년: 18세~39세(부산시 청년 기본조례)
  - 신혼부부: 혼인신고일 7년 이내, 신혼부부 유형으로 보증료 할인 받은 경우 등 연령 무관",소득조건코드=0043003 / 소득범위=0~0 / 신청자격요건 참조,,"전세보증금 반환보증 가입을 유도하여 전세사기 피해 예방
- (사업기간) 26. 1. 1. ~ 예산 소진 시까지
- (추진기관) 국토교통부, 부산시, 16개 구군
- (사 업 비) 1,238,000천원(국 50%, 시 50%)  
- (지원대상) 지원기준을 모두 충족하는 주민등록상 부산 거주 시민
 ▹신청인 기준 보증 효력이 유효한 전세보증금반환보증에 가입
 ▹임차보증금 3억원 이하
 ▹연소득 (청년) 5천만원, (청년 외) 6천만원, (신혼부부) 7.5천만원 이하
 ▹무주택  ※ 본인, 배우자 모두 무주택 / 분양권, 입주권 주택 포함
- (지원내용) 전세보증금 반환보증 보증료 전부 또는 일부 지원(최대 40만원)
- (지원인원) 약 4,000명",,,"소득요건 : 연소득 (청년) 5천만원, (청년 외) 6천만원, (신혼부부) 7.5천만원 이하
  - 청년: 18세~39세(부산시 청년 기본조례)
  - 신혼부부: 혼인신고일 7년 이내, 신혼부부 유형으로 보증료 할인 받은 경우 등 연령 무관

방문 신청 가능(주소지 관할 구군청)","신청서, 서약서, 통장사본, 보증서, 보증료 납부 증빙서류, 임대차계약서,
 부동산 등기사항 전부증명서, 주민등록등본, 혼인관계증명서 등","보증보험 가입(신청자) → 신청(정부24, 안심전세포털 등) → 접수(구군)",https://www.busan.go.kr/depart/reguarantee01,main,primary,부산전세보증금반환보증보증료지원,부산광역시주택건축국주택정책과,,주거,주택 및 거주지
youth,20260513005400213186,부산 전세피해 임차인 민간주택 월세지원사업,「전세사기피해자 지원 및 주거안정에 관한 특별법」과 연계하여 부산지역 전세사기 등 피해자들의 주거 불안 해소 및 주거 안정 지원,주거,부산광역시 주택건축국 주택정책과,부산광역시,"① (지원제외) 아래 1가지 이상 해당하는 자는 지원 대상에서 제외
  - 전세사기피해자가 거주주택을 경락받거나 신규주택을 구입한 경우
  - 공공 임대주택에 입주한 경우(긴급주거지원 포함)
  - 직계존·비속, 형제·자매 등 2촌 이내 친족의 주택을 임차한 경우
  - 「긴급복지지원법」에 의한 긴급복지지원을 받고 있는 경우
  - 정부 및 지자체의 월세(주택임대료) 지원사업 참여자(청년 월세      지원 사업 등)
  - 국민기초생활수급자 중 주거급여 수급자
  - 국토부에서 피해자 결정이 철회 또는 취소된 자(패해액 전액 회수 등)
 ② (지원종료) 아래 1가지 이상 해당하는 자는 지원종료
  - 정부 및 지자체의 월세(주택임대료) 지원사업 참여가 사후 확인된 경우
  - 관외 전출할 경우, 전출일이 속하는 달부터 지원종료
 ③ (지원중단) 대상자로 선정되었으나, 사유 없이 월세 납입내역 등      증빙자료 제출하지 않은 월에 한하여 해당월 납입분 미지급(횟수차감)
 ④ (선정취소) 거짓이나 그 밖의 부정한 방법으로 지원받은 경우 지원  
    전액 회수 | 0013010 | 0049010",청년,만 18세 ~ 만 39세,18,39,"ㅇ 아래 요건을 모두 충족하는 자
 - 특별법에 따라 전세사기피해자(등)으로 결정된 자
   * 전세사기피해자(등)으로 결정된 날부터 3년이내 신청(법14조의2)
 - 신청일 현재, 부산광역시에 주민등록이 되어있는 무주택자*
    * 분양권 및 조합원 입주권은 주택으로 산정하지 않음 
      ▸ 전세피해 임차인 버팀목 전세대출 조건을 따름
 - 전세피해 주택이 부산광역시에 소재하면서, 부산광역시에 소재한     민간 주택에 월세 계약을 체결하여 주민등록 전입 및 실제 거주하는 자
 - 피해주택 임대차계약서의 임차인과 월세주택 임대차계약서의 임차인     및 본 사업 신청자가 모두 피해자 본인일 것",소득조건코드=0043001 / 소득범위=0~0,,"ㅇ전세피해 임차인 민간주택 월세 한시 지원
- 지원대상: 특별법에 따른 전세사기피해자(등) 결정자로서, 민간주택으로         신규 이주하여 월세 형태로 주거 중인 세대
- 지원내용: 월세 실비 지원(월 최대 40만원 한도)
- 지원기간: 선정월로부터 2년간(최대 24회차 납입분까지)",,,"ㅇ 아래 요건을 모두 충족하는 자
 - 특별법에 따라 전세사기피해자(등)으로 결정된 자
   * 전세사기피해자(등)으로 결정된 날부터 3년이내 신청(법14조의2)
 - 신청일 현재, 부산광역시에 주민등록이 되어있는 무주택자*
    * 분양권 및 조합원 입주권은 주택으로 산정하지 않음 
      ▸ 전세피해 임차인 버팀목 전세대출 조건을 따름
 - 전세피해 주택이 부산광역시에 소재하면서, 부산광역시에 소재한     민간 주택에 월세 계약을 체결하여 주민등록 전입 및 실제 거주하는 자
 - 피해주택 임대차계약서의 임차인과 월세주택 임대차계약서의 임차인     및 본 사업 신청자가 모두 피해자 본인일 것

① 민간주택 월세 실비 지원 (최대 40만원 한도)
  - 임대차계약서의 월세액에 한하며, 관리비 등은 제외
  - 긴급 주거지원(공공 임대주택) 이용 중 민간 월세 주택으로 이주한 경우,  총 지원기간 2년 중 긴급 주거지원 기간을 제외한 기간만 지원대상
 ② 사업 신청 이전 지출 내역에 대하여 소급 지급 불가
  - (예) 26년 1월 신청의 경우, 26년 1월분 월세 납입금액부터 지원함
 ③ 최대 24회차 납입분까지 지원
 ④ 본 사업과 전세대출 이자지원 사업은 동시 지급 불가
  - (예1) 1인 24회차 범위중 12회는 대출이자지원 12회는 월세지원 불가
  - (예2) 전·월세 혼합된 형태로 거주하는 경우, 대출이자 지원사업과 월세지원 중 신청자 희망 사업 선택지원","신청서, 개인정보수집·이용등 동의서, 주민등록등본, 통장사본, 신분증, 가족관계증명서(상세)(부·모·본인 기준 각 1부씩), 전세사기피해자등 결정통지서 및 결정문, 피해주택 및 이주주택 임대차계약서, 월세 납부 증빙서류(계좌이체내역서 등)","① 민간월세 계약
② 이주
③ 월세지원 신청 및 월세납입내역 제출(매월 말까지)
④ 지원대상 적합여부 및구비서류 검토
⑤ 월세지원
⑥ 사후관리",https://www.busan.go.kr/depart/charterdamage001,main,primary,부산전세피해임차인민간주택월세지원사업,부산광역시주택건축국주택정책과,,주거,주택 및 거주지
youth,20260513005400213184,청년내일저축계좌 지원,"○ 저소득 일하는 청년의 자산형성을 지원하여 자립 기반을 마련함 
○ 본인 저축액에 정부지원금을 매칭 적립하여 목돈 마련의 기회를 제공함",복지/문화,전남광주통합특별시,광주광역시,0013010 | 0049010,청년,만 15세 ~ 만 39세,15,39,,소득조건코드=0043001 / 소득범위=0~0,,"○ 근로소득장려금 지원
· 매월 10만원 저축 시 정부가 월 30만원 지원

○ 정책대상별 추가지원금 (해당자)
· 근로소득공제금(월 10만원), 내일키움장려금(월 20만원), 내일키움수익금(최대 월 15만원), 탈수급장려금 등   ",20260504 ~ 20260520,        ,"○ 가입기준(소득상한) : 신청 당시 가구 소득인정액이 기준 중위소득 50% 이하 (1인 가구 기준 1,282,119원) 
○ 유지기준(소득상한) : 청년 본인의 총 근로·사업소득이 기준 중위소득 100% 이하",☞ 자세한 내용은 붙임파일을 확인해주시기 바랍니다.,"○ 온라인 신청 : 복지로 홈페이지(www.bokjiro.go.kr)
○ 방문 신청 : 주소지 읍면동 행정복지센터",https://youth.gwangju.go.kr/www/50?siteId=www&policyId=1362&url=%2Fwww%2Fpolicy%2FgjYgPolicyView,main,primary,청년내일저축계좌지원,전남광주통합특별시,20260504 ~ 20260520~,금융･복지･문화,취약계층 및 금융지원
youth,20260513005400213183,2026년 청년농업인(청년창업형 후계농업경영인) 영농정착지원사업(2차),"○ 영농 초기 소득이 불안정한 청년농업인 대상, 최장 3년간 영농정착지원금 지급 및 농지·자금·교육 등 연계 지원",인력/일자리,전남광주통합특별시,광주광역시,0013010 | 0049010,"농업인,청년",만 18세 ~ 만 39세,18,39,,소득조건코드=0043001 / 소득범위=0~0,,"○ 영농정착지원금 차등 지급
·  1년차: 월 110만 원 / 2년차: 월 100만 원 / 3년차: 월 90만 원
○ 정책자금 및 연계 지원
·  후계농업경영인 육성자금: 최대 5억 원 한도 융자 지원(연리 1.5% 고정금리)
·  농지 지원: 한국농어촌공사 농지은행을 통한 농지 매입·임차 지원 우선순위 부여
·  교육 및 컨설팅: 영농 기술 및 경영 역량 강화를 위한 단계별 교육 제공",20260601 ~ 20260710,20261231,"○ 소득기준: 본인세대 건강보험료 산정액 기준 중위소득 140% 이하
○ 제외대상: 사업자 등록자(일부 허용 제외), 상근 직원 채용자, 재학생 및 휴학생 등",☞ 자세한 내용은 붙임파일을 확인해주시기 바랍니다.,○ 농림사업정보시스템(농업e지) 온라인 신청,https://www.nongupez.go.kr/nsm/main,main,primary,2026년청년농업인청년창업형후계농업경영인영농정착지원사업2차,전남광주통합특별시,20260601 ~ 20260710~20261231,일자리,취업
youth,20260513005400213181,2026 전입청년 교통비 지원,"2023. 1. 1. 이후 원주시로 전입하여, 타지역 직장으로 출퇴근하는 18~39세 청년들의 원주시 전입 및 정착 유도를 위한 전입청년 교통비 지원",복지/문화,강원특별자치도 원주시,강원특별자치도,"공무원, 교사, 공공기관 재직자, 2023~2025 해당 사업 대상자 | 0013001 | 0049010",청년,만 18세 ~ 만 39세,18,39,2023. 1. 1. 이후 원주시로 전입하여 거주하고 있는 18~39세 청년 중 관외에 직장을 두고 출퇴근하는 자 (*신청일 기준),소득조건코드=0043001 / 소득범위=0~0,,"대중교통비(고속버스, 시외버스, 기차), 승용차 유류비 / 월 최대 10만 원(실비) 지급 / 2026. 7.~2027. 6.(12개월) 지원 ",20260501 ~ 20260619,20270630,2023. 1. 1. 이후 원주시로 전입하여 거주하고 있는 18~39세 청년 중 관외에 직장을 두고 출퇴근하는 자 (*신청일 기준),"가. 전입청년 교통비 지원 사업 신청서 1부 [붙임 1]
나. 개인정보 수집 및 이용 동의서 1부 [붙임 2]
다. 사업 신청 각서 1부 [붙임 3]
라. 주민등록초본 1부 (주소변동사항 포함, 공고일 이후 발급분)
마. 건강보험자격득실확인서 1부 (직장가입자에 한함, 공고일 이후 발급분)
바. 재직증명서 1부 (공고일 이후 발급분)
사. 사업자등록증 혹은 고유번호증 1부","온라인
-원주시 청년지원센터 홈페이지",https://www.wonju.go.kr/www/selectBbsNttView.do?key=216&bbsNo=140&nttNo=483082&searchCtgry=&searchCnd=SJ&searchKrwd=%EC%A0%84%EC%9E%85%EC%B2%AD%EB%85%84&pageIndex=1&integrDeptCode=,main,primary,2026전입청년교통비지원,강원특별자치도원주시,20260501 ~ 20260619~20270630,금융･복지･문화,문화활동 및 생활지원
youth,20260511005400213180,부산 청년내일저축계좌,"근로빈곤층 청년의 생계수급자 등으로의 하락을 사전에 예방하고, 일하는 중간계층 청년이 사회에 안착할 수 있도록 자산형성을 지원",복지/문화,부산광역시 사회복지국 복지정책과,부산광역시,"부산청년 기쁨두배통장 등 유사자산형성사업과 중복 신청 불가
금융위원회 청년희망적금, 청년도약계좌는 중복 대상사업에 해당되지 않음에 따라 동시 신청 가능 | 0013001,0013002,0013004,0013005,0013006,0013007,0013008,0013009 | 0049010",청년,만 15세 ~ 만 39세,15,39,,"소득조건코드=0043003 / 소득범위=0~0 / 가구소득 : 기준 중위소득 50% 이하, 근로기준 : 월 10만원 이상 근로사업소득 발생",,"○ 근   거
 - 「국민기초생활보장법」제18조의8(자산형성지원)
○ 사업내용
 - 3년간 매월 본인 저축액 저축 시 근로소득장려금 등 적립·지원
 - 본인저축액(월 10만원 이상 ~ 50만원 이하) 납입 시 30만원 적립
○ 가입대상
 - 일하는 기준중위소득 50%이하 청년(15세~39세)
○ 시행주체
 - 16개 구·군
 *재원부담: 국 90 시 7 구군 3
○ 지원조건
 - 3년간 통장유지, 자립역량교육 이수 및 자금 사용계획서 제출 등",20260505 ~ 20260520,,,신청사이트 참고,"온라인 신청 : 복지로 사이트
방문 신청 : 읍면동 주민센터(주소지가 아니더라도, 동일 시군구내 모든 주민센터 신청 가능)",https://young.busan.go.kr/index.nm?menuCd=48,main,primary,부산청년내일저축계좌,부산광역시사회복지국복지정책과,20260505 ~ 20260520~,금융･복지･문화,취약계층 및 금융지원
youth,20260511005400213179,여성창업지원(사업화지원),한국여성경제인협회 광주지회는 여성창업자 창업성공률 제고 및 안정적 성장기반을 마련하고자 ‘여성창업지원(사업화지원)’ 사업을 안내합니다.,인력/일자리,전남광주통합특별시,광주광역시,0013010 | 0049010,"여성,청년",만 1세 ~ 만 99세,,,,소득조건코드=0043001 / 소득범위=0~0,,"○ 생산·기술 지원
· 시제품 및 금형 제작, 시험 분석 지원 등
· 기업별 최대 2,400천원

○ 마케팅 지원(최대5개 기업)
· CI·BI 개발, 제품·포장 디자인, 홈페이지/앱 개발, 카달로그, 홍보동영상
· 언론기사·광고, 크라우드 펀딩 플랫폼 참가, 제품 판매 플랫폼 입점
· 전시회·박람회 참가 지원, 지식재산권 획득 등",20260507 ~ 20260527,20261130,"○ 지원제한
· 동일 내용 및 아이템으로 타 지원기관(정부 및 공공기관 등) 지원을 받았거나 받고 있는 경우 제외
· 중소기업창업지원법 시행령 제4조(창업에서 제외되는 업종) 해당 업종 제외
· 국세, 지방세 체납자 제외
· 기선정자 제외(최근 3년 이내)",☞ 자세한 내용은 붙임파일을 확인해주시기 바랍니다.,"○ 우편 또는 이메일 접수
· 주소: 광주광역시 북구 무등로 180번길 5(신안동 133-1)
· 이메일: kwea6028@daum.net",https://www.youthcenter.go.kr/youthPolicy/ythPlcyTotalSearch/ythPlcyDetail/20260511005400213179,main,primary,여성창업지원사업화지원,전남광주통합특별시,20260507 ~ 20260527~20261130,일자리,창업
youth,20260511005400213178,2026년 5월 가계부소모임-2회차,"""한번 더 나의 지출을 돌아볼 수 있었어요""
""계획 된 소비를 할 수 있을 거 같아서 좋아요""
- 참여자 후기 -
돈 관리, 이렇게 하는 게 맞는 걸까? 싶을 때
이따가 해볼까? 자꾸 미루게 될 때
서로 같이, 함께 돈 관리 습관을 만들어가는
가계부 소모임에 참여해보세요!",복지/문화,전남광주통합특별시,광주광역시,0013010 | 0049010,청년,만 19세 ~ 만 39세,19,39,,소득조건코드=0043001 / 소득범위=0~0,,"▶ 내 용 : 예산 수립, 통장 시스템, 꿈꾸는 가계부 작성법 익히기
▶ 일 시 : 2026년 5월 20일(수) 19-21시
▶ 대 상 : 돈 관리법을 알고 싶은 광주 청년 10명
▶ 방 법 : 오프라인
▶ 장 소 : 광주청년드림은행(광주광역시 북구 무등로 237,2층)
▶ 신 청: bit.ly/가계부소모임

*가계부 작성 실습과 참여자 간 이야기 나눔이 있습니다.

- 2026년 5월 15일(금)까지 신청 링크를 통해 접수, 선착순 마감",20260508 ~ 20260515,        ,,,"▶ 내 용 : 예산 수립, 통장 시스템, 꿈꾸는 가계부 작성법 익히기
▶ 일 시 : 2026년 5월 20일(수) 19-21시
▶ 대 상 : 돈 관리법을 알고 싶은 광주 청년 10명
▶ 방 법 : 오프라인
▶ 장 소 : 광주청년드림은행(광주광역시 북구 무등로 237,2층)
▶ 신 청: bit.ly/가계부소모임

*가계부 작성 실습과 참여자 간 이야기 나눔이 있습니다.

- 2026년 5월 15일(금)까지 신청 링크를 통해 접수, 선착순 마감

*한번 강의를 들으신 분들은 참여가 취소될 수 있으며, 많은 분들의 참여을 돕고자 함이니 양해부탁드립니다.",https://youth.gwangju.go.kr/www/52?siteId=www&bbsId=bbs1&postId=2052&url=%2Fwww%2Fbbs%2FpostView,main,primary,2026년5월가계부소모임2회차,전남광주통합특별시,20260508 ~ 20260515~,금융･복지･문화,취약계층 및 금융지원
youth,20260506005400213174,(부평구) 청년창업 재정지원 사업,우수하고 창의적인 아이템을 가진 청년 창업자를 발굴하여 지역 우수 기업으로 성장 유도,인력/일자리,인천광역시 부평구 경제환경국 일자리창출과,인천광역시,"○ 창업자 대표 및 팀원 소유 건물의 임차료 지급 제외
○ 임대인이 창업자의 직계존비속, 형제, 자매, 배우자인 경우 지급 제외 | 0013006 | 0049010","예비창업자,청년",만 19세 ~ 만 39세,19,39,"○ (최초지원) 예비창업자(생애최초)
○ (초기지원) 부평구에 사업장을 둔 3년 이하 창업자
○ (성장지원) 부평구에 사업장을 청년 1명이상 채용 및 7년 이하 창업자상가 임차료는 사무공간에 한해 지원(원룸 등 주거공간 임차료 지원 불가)",소득조건코드=0043001 / 소득범위=0~0,,"○ (최초지원) 창업자금 최대 1,000만원 지원
○ (초기지원) 창업자금 최대 1,200만원 지원
○ (성장지원) 창업자금 최대 1,500만원 지원",        ,        ,"○ (최초지원) 예비창업자(생애최초)
○ (초기지원) 부평구에 사업장을 둔 3년 이하 창업자
○ (성장지원) 부평구에 사업장을 청년 1명이상 채용 및 7년 이하 창업자상가 임차료는 사무공간에 한해 지원(원룸 등 주거공간 임차료 지원 불가)",,"○ 신청 홈페이지에 접속하여 신청서 등 양식 다운
○ 구비 서류 양식 작성 및 증빙서류 구비
○ 일자리창출과 방문 또는 이메일 신청",https://youth.incheon.go.kr/youthpolicy/youthPolicyInfoDetail.do?poly_seq=106,main,primary,부평구청년창업재정지원사업,인천광역시부평구경제환경국일자리창출과,,일자리,창업
youth,20260506005400213171,(부평구) 청년도전 지원사업,"구직단념청년을 발굴, 노동시장 참여 촉진지원",인력/일자리,인천광역시 부평구 경제환경국 일자리창출과,인천광역시,0013003 | 0049010,청년,만 18세 ~ 만 34세,18,34,"구직단념 청년(부평구 거주자 35~39세 참여가능)
지원연령: 부평구 거주자 35~39세 참여가능",소득조건코드=0043001 / 소득범위=0~0,,"맞춤형 프로그램 및 참여수당, 인센티브 등",20260101 ~ 20261018,        ,"구직단념 청년(부평구 거주자 35~39세 참여가능)
지원연령: 부평구 거주자 35~39세 참여가능",,"○ 고용24(기관선택: (사협)일터와사람들)
○ 현장접수: 신청 전 전화문의 시 개별안내",https://youth.incheon.go.kr/youthpolicy/youthPolicyInfoDetail.do?poly_seq=110,main,primary,부평구청년도전지원사업,인천광역시부평구경제환경국일자리창출과,20260101 ~ 20261018~,일자리,취업
youth,20260506005400213164,미래우주교육센터 구축,산·학·연 컨소시엄 기반으로 미래 우주분야 문제를 해결하고 신기술을 선도할 수 있는 종합적인 전문인력 양성,교육/멘토링,인천광역시 해양항공국 항공과,인천광역시,0013010 | 0049010,청년,만 34세 ~ 만 99세,34,,-,소득조건코드=0043001 / 소득범위=0~0,,"○ 우주탐사 및 자원활용 분야 45명 전문인력양성 교육 추진
○ 우주탐사 및 우주자원활용 분야 연구개발 지원
 - [우주진입] 정밀천측항법 및 비행제어 시뮬레이터
 - [우주탐사] 다목적 탐사 로버
 - [자원활용] 수전해 추력기
○ 달/화성 탐사 시나리오 기반 우주핵심기술 시제품 연구개발",        ,        ,,,,https://youth.incheon.go.kr/youthpolicy/youthPolicyInfoDetail.do?poly_seq=170,main,primary,미래우주교육센터구축,인천광역시해양항공국항공과,,교육･직업훈련,미래역량강화
youth,20260506005400213162,(강화군) 창업일자리센터 운영,취·창업 지원 프로그램 운영 및 구인·구직자 취업 연계 지원,인력/일자리,인천광역시 강화군 경제산업국 일자리경제과,인천광역시,0013010 | 0049010,청년,만 19세 ~ 만 39세,19,39,-,소득조건코드=0043001 / 소득범위=0~0,,"구인구직 알선, 일자리박람회 개최, 청년의 날 행사 개최, 청년 및 창업 프로그램 운영 등",,,,,강화군 창업일자리센터 방문 또는 홈페이지 인터넷 접수,https://www.ganghwajob.kr/,main,primary,강화군창업일자리센터운영,인천광역시강화군경제산업국일자리경제과,,일자리,창업
youth,20260506005400213159,(연수구) 청년 정신건강 조기중재사업,청년 정신질환을 조기 발견 및 개입하여 청년층의 정신질환 발병 예방 및 만성화 방지,복지/문화,인천광역시 연수구 보건소 치매정신건강과,인천광역시,0013010 | 0049010,청년,만 15세 ~ 만 34세,15,34,-,소득조건코드=0043001 / 소득범위=0~0,,"고위험군 발굴 및 상담, 정신과 치료비 지원",        ,        ,,,,https://youth.incheon.go.kr/youthpolicy/youthPolicyInfoDetail.do?poly_seq=196,main,primary,연수구청년정신건강조기중재사업,인천광역시연수구보건소치매정신건강과,,금융･복지･문화,건강
youth,20260506005400213157,인천광역시 청년미래센터 운영,복지사각지대에 있는 위기청년 지원을 위한 전담기관 운영,복지/문화,인천광역시 외로움돌봄국 외로움정책과,인천광역시,0013010 | 0049010,청년,만 13세 ~ 만 39세,13,39,"가족돌봄청년(13~34세), 고립은둔청년(19~39세)",소득조건코드=0043001 / 소득범위=0~0,,"○ 가족돌봄청년
- 자기돌봄비 지급(연 200만원), 사례관리. 의료·돌봄서비스 연계, 자조모임 등
○ 고립은둔청년 
- 초기상담 및 고립은둔 정도 진단
- 심리지원, 회복지원, 공동활동 등 프로그램 제공
- 가족지원(가족상담, 자조모임 등)",,,"가족돌봄청년(13~34세), 고립은둔청년(19~39세)",,,http://www.mohw2030.co.kr/panel.asp,main,primary,인천광역시청년미래센터운영,인천광역시외로움돌봄국외로움정책과,,금융･복지･문화,취약계층 및 금융지원
youth,20260506005400213156,인천형 천원의 아침밥 지원,대학생 대상 아침밥 먹는 문화 확산 및 쌀 소비 촉진,복지/문화,인천광역시 농수산식품국 농축산과,인천광역시,0013010 | 0049005,청년,만 34세 ~ 만 99세,34,,인천시 관내 소재 대학의 재학생,소득조건코드=0043001 / 소득범위=0~0,,"○  [보조금 3천원(국2, 시1) + 쌀 120g(시) + 대학교 부담금 + 학생 1천원] / 1식 기준
○ (참여대학) 11개 대학(인천대, 인하대, 인하공전, 경인교대(인천), 연세대(국제), 청운대(인천), 가천대(메디컬), 한국뉴욕주립대, 조지메이슨대, 유타대, 겐트대)",        ,        ,인천시 관내 소재 대학의 재학생,,,https://youth.incheon.go.kr/youthpolicy/youthPolicyInfoDetail.do?poly_seq=282,main,primary,인천형천원의아침밥지원,인천광역시농수산식품국농축산과,,금융･복지･문화,건강
youth,20260506005400213155,(옹진군) 인천시 청년월세 지원사업,경제적 어려움을 겪는 청년들의 주거비용 부담 경감,주거,인천광역시 청년정책담당관,인천광역시,"○ 부모와 함께 거주(원가구와 세대분리하지 않은 자)하는 경우
○ 주택 소유자(분양권, 입주권 포함) 
○ 직계존속, 형제, 자매 등 2촌이내 주택을 임차한 경우(배우자의 2촌 이내 혈족 포함)
○ 공공주택특별법에 따른 공공임대주택 거주자
○ 1실(방)에 다수가 거주하는 방식의 전대차인 경우
○ 전국 지자체 월세사업 또는 국토부 1차 월세사업 수혜 중인자 등(수혜종료 후 신청가능) | 0013010 | 0049010",청년,만 35세 ~ 만 39세,35,39,"◎ 청약통장 가입 필수(종류무관) 
◎ 소득 : (청년독립가구) 기준 중위소득 60%이하 (원가구) 기준 중위소득 100% 이하
◎ 재산 : (청년독립가구) 재산 122백만원 이하 (원가구) 재산 470백만원 이하
◎ 주택 : 전입신고 필수            ※ 월세 임차보증금 5천만원 및 월세 70만원 이하 요건 폐지(2024.4.12.~시행)] 
  ※ 제출된 신청서를 토대로 공적자료 조회(조사시점 기준 적용)

<가구구성 방법>
 (청년독립가구) 청년 + 배우자 + 직계비속 + 동일 주소지에 거주하는 그 외 「민법」상 가족* 
 (원가구) 청년독립가구 + 1촌 이내 직계혈족(부,모)
 * (가족의 범위, 민법§779) ❶배우자, 직계혈족 및 형제자매, ❷직계혈족의 배우자, 배우자의 직계혈족 및 배우자의 형제자매(생계를 같이하는 경우에 한함)

※ 원가구(부모님) 소득·재산 미고려 : ①30세 이상 ②혼인 ③미혼부·모 ④30세 미만 미혼 청년의 소득이 중위 50% 이상으로 생계를 달리한다고 군수·구청장이 인정하는 경우자가진단서비스 사전 실시(개통예정)
- 복지로(www.bokjiro.go.kr) > 복지서비스 > 모의계산 > 청년월",소득조건코드=0043003 / 소득범위=0~0 / 소득 : (청년독립가구) 기준 중위소득 60%이하 (원가구) 기준 중위소득 100% 이하,,"지원금액 : 1인 월 20만원씩, 최대 12개월(회) 월세 지원
   - 실제 납부하는 월세의 최대 20만원까지 지원(임차보증금, 관리비 등은 제외)
◎ 지 급 일 : 매월 25일 현금으로 지급
   - 토요일이거나 공휴일인 경우에는 그 전날 지급
   - 지원대상으로 선정될 시, 신청일 기준 당월에 지출한 월세부터 지급
◎ 주거급여 수급자인 경우 전월(20일)에 지급한 주거급여를 차감하고 지급",        ,        ,"◎ 청약통장 가입 필수(종류무관) 
◎ 소득 : (청년독립가구) 기준 중위소득 60%이하 (원가구) 기준 중위소득 100% 이하
◎ 재산 : (청년독립가구) 재산 122백만원 이하 (원가구) 재산 470백만원 이하
◎ 주택 : 전입신고 필수            ※ 월세 임차보증금 5천만원 및 월세 70만원 이하 요건 폐지(2024.4.12.~시행)] 
  ※ 제출된 신청서를 토대로 공적자료 조회(조사시점 기준 적용)

<가구구성 방법>
 (청년독립가구) 청년 + 배우자 + 직계비속 + 동일 주소지에 거주하는 그 외 「민법」상 가족* 
 (원가구) 청년독립가구 + 1촌 이내 직계혈족(부,모)
 * (가족의 범위, 민법§779) ❶배우자, 직계혈족 및 형제자매, ❷직계혈족의 배우자, 배우자의 직계혈족 및 배우자의 형제자매(생계를 같이하는 경우에 한함)

※ 원가구(부모님) 소득·재산 미고려 : ①30세 이상 ②혼인 ③미혼부·모 ④30세 미만 미혼 청년의 소득이 중위 50% 이상으로 생계를 달리한다고 군수·구청장이 인정하는 경우자가진단서비스 사전 실시(개통예정)
- 복지로(www.bokjiro.go.kr) > 복지서비스 > 모의계산 > 청년월","월세지원 신청(변경)서(필수)
소득·재산 신고서(필수)
서약서(필수)
임대차계약서(확정일자 날인) 사본(필수)
월세이체 증빙 서류(최근 3개월) (받는분, 보내는분, 날짜, 금액 명시)(필수)
(월세지급을 위한) 통장사본(필수)
청약통장 사본(신청인 명의, 종류무관)(필수)
신청자 기준 가족관계증명서  (상세, 주민등록번호 공개)(필수)
부모님 기준 가족관계증명서  [부 / 모 기준 각  1부씩]  (상세, 주민등록번호 공개)(필수)
(혼인한 경우 필수 제출) 배우자 기준 가족관계증명서 및 배우자 부모의 가족관계증명서  (상세, 주민등록번호 공개)(선택)
신분증(방문신청시 필수지참)(선택)","(19세 ~ 34세) 복지로를 통한 온라인신청 및 관할 행정복지센터 방문 신청
(35세 ~ 39세) 인천청년포털을 통한 온라인신청 또는 관할 행정복지센터 방문 신청",https://youth.incheon.go.kr/youthpolicy/youthPolicyInfoDetail.do?poly_seq=267,main,primary,옹진군인천시청년월세지원사업,인천광역시청년정책담당관,,주거,전월세 및 주거급여 지원
youth,20260506005400213154,(서해구) 청년e음 청년스타트업지원사업,청년e음 스타트업지원사업 「정서진 아라뱃길 청년창업공간 운영」,인력/일자리,인천광역시 서해구 경제환경국 기업일자리정책과,인천광역시,0013006 | 0049010,"스타트업,청년",만 19세 ~ 만 39세,19,39,인천 거주 또는 사업자 등록한 예비 또는 3년이하 청년창업가,소득조건코드=0043001 / 소득범위=0~0,,창업공간 제공 및 공간 이용실적에 따른 초기창업사업기간 구축비 지원(30만원 이내),        ,        ,인천 거주 또는 사업자 등록한 예비 또는 3년이하 청년창업가,,,https://youth.incheon.go.kr/youthpolicy/youthPolicyInfoDetail.do?poly_seq=283,main,primary,서해구청년e음청년스타트업지원사업,인천광역시서해구경제환경국기업일자리정책과,,일자리,창업
youth,20260506005400213153,청년 취업설명회(공기업 및 우수기업),공기업·우수기업 취업설명회를 통한 청년 구직자 취업정보 제공 및 취업 촉진,인력/일자리,인천광역시 강화군 경제산업국 일자리경제과,인천광역시,0013003 | 0049010,청년,만 19세 ~ 만 39세,19,39,-,소득조건코드=0043001 / 소득범위=0~0,,"○ 인천일자리한마당 연계행사(2026. 7. 예정)로 진행
○ 취업설명회 및 상담 : 공기업 10개 이내, 우수기업 15개
○ 취업정보관 : 5개 이내(인천시, 중부지방고용노동청, 관내 대학 등)
○ 부대행사관 : 3개 이내(인생네컷, 퍼스털컬러 등 이벤트 행사)",        ,        ,,,,https://youth.incheon.go.kr/youthpolicy/youthPolicyInfoDetail.do?poly_seq=285,main,primary,청년취업설명회공기업및우수기업,인천광역시강화군경제산업국일자리경제과,,일자리,취업
youth,20260506005400213152,인천시 일자리센터 운영,인천시 일자리지원 허브 기관으로 시민에 대한 입체적 취업지원 및 기업에 대한 적기 인재채용 지원,인력/일자리,인천광역시 경제산업본부 경제정책과,인천광역시,0013010 | 0049010,청년,만 34세 ~ 만 99세,34,,-,소득조건코드=0043001 / 소득범위=0~0,,-,,,,,,https://incheon.work.go.kr/main.do/main.do,main,primary,인천시일자리센터운영,인천광역시경제산업본부경제정책과,,일자리,취업
youth,20260506005400213151,청년고용 우수기업 근로환경 개선,청년고용 우수기업에 근로환경 개선 인센티브를 제공하여 중소기업 인식개선 및 일하고 싶은 직장 환경 조성,인력/일자리,인천광역시 청년정책담당관,인천광역시,0013010 | 0049010,청년,만 18세 ~ 만 39세,18,39,,소득조건코드=0043001 / 소득범위=0~0,,"○ 기업별 6백만원 ~ 24백만원 이내(청년 신규채용 1인당 3백만원 기준)
○ 근로환경개선을 위한 시설 개보수 및 물품구입 비용 지원
- 물품구입 : 냉·난방기, 공기청정기, 안마기기, 옷장, 냉장고, 비데, 세탁기, 건조기, 신발장, 온수기, 핸드드라이기, 집진기
- 시설개보수 : 화장실, 휴게실, 샤워실, 탈의실, 집진·공조시설",,,,,,https://bizok.incheon.go.kr/open_content/support.do?act=detail&policyno=6835&pgno=4,main,primary,청년고용우수기업근로환경개선,인천광역시청년정책담당관,,일자리,취업
youth,20260506005400213150,인천혁신모펀드 조성·운영(청년벤처·창업기업 투자유치 펀드 지원사업),청년벤처·창업기업 투자유치 펀드 지원사업,인력/일자리,인천광역시 미래산업국 산업창업정책과,인천광역시,0013010 | 0049010,"청년,초기창업기업",만 19세 ~ 만 39세,19,39,-,소득조건코드=0043001 / 소득범위=0~0,,인천 소재 유망 청년 벤처․창업기업을 발굴하여 펀드자금 투자   * 지원대상별 투자액 상이,        ,        ,,,,https://youth.incheon.go.kr/youthpolicy/youthPolicyInfoDetail.do?poly_seq=290,main,primary,인천혁신모펀드조성운영청년벤처창업기업투자유치펀드지원사업,인천광역시미래산업국산업창업정책과,,일자리,창업
youth,20260506005400213149,청년 소셜벤처기업 육성 사업,관내 대학과 연계하여 원도심재생ㆍ복지ㆍ환경 등 사회 현안문제에 대한 청년들의 참신한 아이디어를 발굴하고 지원함으로써 지역 청년 사업가 육성,인력/일자리,인천광역시 미래산업국 산업창업정책과,인천광역시,0013010 | 0049010,청년,만 18세 ~ 만 39세,18,39,-,소득조건코드=0043001 / 소득범위=0~0,,-,        ,        ,,,,https://youth.incheon.go.kr/youthpolicy/youthPolicyInfoDetail.do?poly_seq=291,main,primary,청년소셜벤처기업육성사업,인천광역시미래산업국산업창업정책과,,일자리,창업
youth,20260506005400213148,신개념 세대융합 청년창업 지원,"청년의 열정, 아이디어와 중장년의 경험을 멘토로 하는 새로운 창업지원을 통한 청년 창업 활성화",인력/일자리,인천광역시 미래산업국 산업창업정책과,인천광역시,0013006 | 0049010,청년,만 19세 ~ 만 39세,19,39,-,소득조건코드=0043001 / 소득범위=0~0,,"○ (전문가 풀 운영) 10년 이상 경력의 중장년 전문가
○ (컨설팅 지원) 50명 이상, 기업당 최대 2회(회당 2시간)
○ (우수 멘티 사업화 지원) 컨설팅 우수기업 선정 마케팅비 등 지원",        ,        ,,,,https://youth.incheon.go.kr/youthpolicy/youthPolicyInfoDetail.do?poly_seq=294,main,primary,신개념세대융합청년창업지원,인천광역시미래산업국산업창업정책과,,일자리,창업
youth,20260506005400213147,청년농업인 영농정착지원,젊고 유능한 인재의 농업분야 진출을 촉진을 통한 농가 고령화 완화 및 농업인력구조 개선,인력/일자리,농림축산식품부 농식품인재개발원,인천광역시,0013008 | 0049010,"농업인,청년",만 19세 ~ 만 39세,19,39,-,소득조건코드=0043001 / 소득범위=0~0,,"영농경력에 따라 3년간 영농정착 지원금 차등지급
- 독립경영 1년차 월110만원, 2년차 월100만원, 3년차 월90만원",20260101,20261231,,,,https://youth.incheon.go.kr/youthpolicy/youthPolicyInfoDetail.do?poly_seq=295,main,primary,청년농업인영농정착지원,농림축산식품부농식품인재개발원,20260101~20261231,일자리,취업
youth,20260506005400213146,청년농업인 영농 스타트업 지원,농촌 고령화에 대응하여 청년농업인들을 새롭게 유입시키고 안정적으로 정착할 수 있도록 지원,인력/일자리,인천광역시 농수산식품국 농축산과,인천광역시,사업자등록을 하고 사업체를 경영하는 자 제외 | 0013008 | 0049010,"농업인,스타트업,청년",만 19세 ~ 만 39세,19,39,-,소득조건코드=0043001 / 소득범위=0~0,,"농식품 가공·제조용 시설의 설치, 하우스, 온실 등 시설설치, 농기계 장비 구입비 지원",        ,        ,,,,https://youth.incheon.go.kr/youthpolicy/youthPolicyInfoDetail.do?poly_seq=296,main,primary,청년농업인영농스타트업지원,인천광역시농수산식품국농축산과,,일자리,취업
youth,20260506005400213145,인천콘텐츠코리아랩 운영,콘텐츠 비즈니스 모델 발굴 및 사업화 지원을 통해 스타트업의 성장 지원 기반 마련 확대,교육/멘토링,인천광역시 문화체육국 문화정책과,인천광역시,0013010 | 0049010,청년,만 34세 ~ 만 99세,34,,-,소득조건코드=0043001 / 소득범위=0~0,,-,,,,,,https://www.inckl.or.kr/user/main.do,main,primary,인천콘텐츠코리아랩운영,인천광역시문화체육국문화정책과,,교육･직업훈련,미래역량강화
youth,20260506005400213144,청년어업인 영어정착지원,창업 초기 청년어업인의 안정적인 어촌 정착 지원을 통한 우수한 청년인력의 어촌 유치,인력/일자리,인천광역시 수산기술지원센터,인천광역시,"유흥, 사치품 및 술·담배의 구매 등 일부 제외 | 0013010 | 0049010",청년,만 18세 ~ 만 39세,18,39,"(소득기준) 상근고용, 어업과 무관한 사업체 경영 금지
(기타조건) 수산업 경영기반 해당 시·군·구에 실제 거주(주민등록포함), 어업 및 양식업 경력 3년 이하 독립경영, 병역필 또는 병역면제자",소득조건코드=0043001 / 소득범위=0~0,,"수산업 경영비 및 어가 가계자금 지원
- 수산업경영 경력에 따라 차등 지급
(1년차 월 110만원, 2년차 월 100만원, 3년차 월 90만원)",        ,        ,"(소득기준) 상근고용, 어업과 무관한 사업체 경영 금지
(기타조건) 수산업 경영기반 해당 시·군·구에 실제 거주(주민등록포함), 어업 및 양식업 경력 3년 이하 독립경영, 병역필 또는 병역면제자",,,https://youth.incheon.go.kr/youthpolicy/youthPolicyInfoDetail.do?poly_seq=298,main,primary,청년어업인영어정착지원,인천광역시수산기술지원센터,,일자리,취업
youth,20260506005400213143,청년농업인4-H 연합회 활동지원,인천광역시 청년농업인4-H연합회 교육·행사지원 및 조직활성화,교육/멘토링,인천광역시 농업기술센터 농촌자원과,인천광역시,0013008 | 0049010,"농업인,청년",만 19세 ~ 만 39세,19,39,-,소득조건코드=0043001 / 소득범위=0~0,,인천광역시 농업인4-H연합회 워크숍 추진,        ,        ,,,,https://youth.incheon.go.kr/youthpolicy/youthPolicyInfoDetail.do?poly_seq=299,main,primary,청년농업인4h연합회활동지원,인천광역시농업기술센터농촌자원과,,교육･직업훈련,온·오프라인교육
youth,20260506005400213142,인천 전세보증금반환보증 보증료 지원,전세보증금반환보증 가입을 유도하여 저소득층의 전세사기 피해를 예방하고 주거안정 도모,주거,인천광역시 도시계획국 주택정책과,인천광역시,"○ 외국인 및 국내에 거주하지 않는 재외국민
○ 임차인이 법인인 경우(회사 지원 숙소 등)
○ 그 밖에 지자체장이 지원이 적합하지 않다고 판단하는 경우
*자세한 사항은 '정부24' 사업안내 참조 | 0013010 | 0049010",청년,만 34세 ~ 만 99세,34,,"◉ 소득기준
 - (청년) 신청일 기준 만18세~39세이하로 연소득 5천만원 이하
 - (청년 외) 연소득 6천만원 이하(기혼자는 부부합산임)
 - (신혼부부) 신청일 기준 혼인신고일 7년이내인 부부, 부부합산 연소득 7천5백만원 이하
◉ 주택기준
 - 임차보증금 3억원 이하
 * 주민등록상 주소지와 보증가입 물건지는 동일해야 함",소득조건코드=0043002 / 소득범위=0~6000,,"임차보증금 3억원 이하 주택에 대하여 신청일 기준 보증 효력이 유효한 전세금반환보증(HUG,HF,SGI)보증료 기납액을 지원",,,"◉ 소득기준
 - (청년) 신청일 기준 만18세~39세이하로 연소득 5천만원 이하
 - (청년 외) 연소득 6천만원 이하(기혼자는 부부합산임)
 - (신혼부부) 신청일 기준 혼인신고일 7년이내인 부부, 부부합산 연소득 7천5백만원 이하
◉ 주택기준
 - 임차보증금 3억원 이하
 * 주민등록상 주소지와 보증가입 물건지는 동일해야 함",,정부24홈페이지 온라인 신청(www.gov.kr),https://www.youthcenter.go.kr/youthPolicy/ythPlcyTotalSearch/ythPlcyDetail/20260506005400213142,main,primary,인천전세보증금반환보증보증료지원,인천광역시도시계획국주택정책과,,주거,주택 및 거주지
youth,20260506005400213141,대학생 학자금대출 이자 지원,인천시 대학생에게 학자금대출 이자를 지원하여 균등한 고등교육 기회 제공 및 지역인재 육성에 기여,교육/멘토링,인천광역시 기획조정실 교육협력담당관,인천광역시,"0013010 | 0049005,0049006,0049008",청년,만 34세 ~ 만 99세,34,,"-○지원시기 : 2026년 12월말(예정)
○결과확인 : 한국장학재단 홈페이지 → 학자금대출 → 학자금뱅킹 → 학자금대출상환지원 → 지자체 이자지원 지급내역 조회",소득조건코드=0043001 / 소득범위=0~0,,"2019년 1학기부터 한국장학재단을 통해 대출받은 학자금의 2025년 하반기(7~12월), 2026년 상반기(1~6월) 발생이자 지원 
- 발생한 이자금액만큼 한국장학재단의 대출원리금에서 차감",,,"-○지원시기 : 2026년 12월말(예정)
○결과확인 : 한국장학재단 홈페이지 → 학자금대출 → 학자금뱅킹 → 학자금대출상환지원 → 지자체 이자지원 지급내역 조회

○구비서류 
- 재학(휴학)생: 주민등록초본, 재학(휴학)증명서 
- 졸업생: 주민등록초본, 졸업증명서, 건강보험자격득실확인서",,인천시 홈페이지 > 시민참여 > 대학생 학자금대출 이자지원 신청,https://www.kosaf.go.kr/ko/main.do,main,primary,대학생학자금대출이자지원,인천광역시기획조정실교육협력담당관,,교육･직업훈련,교육비지원
youth,20260506005400213140,대학일자리플러스센터 운영 지원,관내 대학 인프라를 활용한 지역 대학생 및 청년 선호기업 취업 지원,인력/일자리,인천광역시 청년정책담당관,인천광역시,0013003 | 0049010,청년,만 18세 ~ 만 39세,18,39,-,소득조건코드=0043001 / 소득범위=0~0,,"대학일자리플러스센터 운영비 지원(인하대, 인천대, 재능대, 인하공전)
*구직스킬 향상 취업스터디, 직무특강, 커리어 매칭 프로그램, 청년층 선호 기업(공기업·대기업 등) 특별반운영 등",,,,,"○대학별 대학일자리플러스센터 사이트 회원가입 및 로그인
○대학일자리플러스센터 바로가기
 - 인하대  https://job.inha.ac.kr
 - 인천대 https://job.inu.ac.kr/sites/job/index.do?epTicket=LOG
 - 재능대  https://ewe.jeiu.ac.kr
 - 인하공전 https://www.inhatc.ac.kr/kr/3719/subview.do",https://www.youthcenter.go.kr/youthPolicy/ythPlcyTotalSearch/ythPlcyDetail/20260506005400213140,main,primary,대학일자리플러스센터운영지원,인천광역시청년정책담당관,,일자리,취업
youth,20260506005400213139,청년 해외진출기지 지원,"해외진출 역량이 있으나, 자원이 부족한 청년 창업가를 발굴하여 체계적인 지원으로 지역 청년 창업기업 해외진출 도모",인력/일자리,인천광역시 미래산업국 산업창업정책과,인천광역시,0013006 | 0049010,청년,만 19세 ~ 만 39세,19,39,-,소득조건코드=0043001 / 소득범위=0~0,,"○ 해외진출 전략 코칭 등 글로벌 역량강화
○ 글로벌진출을 위한 사업화 자금 및 해외진출 지원",        ,        ,,,,https://youth.incheon.go.kr/youthpolicy/youthPolicyInfoDetail.do?poly_seq=311,main,primary,청년해외진출기지지원,인천광역시미래산업국산업창업정책과,,일자리,창업
youth,20260504005400113138,다문화청년 취᭼창업지원 사업,다문화청년이 취᭼창업을 통한 주체적 역량으로서 성장이 필요함에 따라 취᭼창업 교육을 통해 현실적᭼경제적 자립 지원,인력/일자리,외국인정책과,전국,제한없음 | 0013003 | 0049010,청년,만 0세 ~ 만 0세,,,해당사항 없음,소득조건코드=0043003 / 소득범위=0~0 / -,,다문화가족 청년 대상 취᭼창업준비를 위한 프로그램 지원,20260301 ~ 20260331,20261231,해당사항 없음,다문화 청년 취창업 프로그램 지원,"신청(신청자)→접수(읍면동)→조사(시군 조사팀)→지원결정(시군 사업팀)
※ 전문자격증(간호조무사, 보육교사, 조리사등)은 관련 여성인력개발센터, 여성새로일하기센터 연계지원",https://youth.chungnam.go.kr/web/main/customSupp/M030-01/view?bizId=A2024021500300201100001197,main,primary,다문화청년취창업지원사업,외국인정책과,20260301 ~ 20260331~20261231,일자리,취업
youth,20260504005400113137,SW중심대학 지원,대학 SW교육 혁신을 통한 국가·기업·학생의 경쟁력 강화 및 소프트웨어 가치 확산 선도 대학 육성,교육/멘토링,AI육성과,전국,해당 없음 | 0013010 | 0049010,청년,만 0세 ~ 만 0세,,,해당 없음,소득조건코드=0043001 / 소득범위=0~0,,"SW전공/융합과정 개설·교육, 온/오프라인 교육콘텐츠 개발·활용, 도내 청소년 및 초·중·고 교사 대상 SW교육 등",        ,        ,해당 없음,별도 문의,별도 문의,https://youth.chungnam.go.kr/web/main/customSupp/M030-02/view?bizId=A20250415CT000000000002223,main,primary,sw중심대학지원,ai육성과,,교육･직업훈련,미래역량강화
youth,20260504005400113135,SW미래채움,지역 내 미취업 청년 등을 SW교육 전문강사로 양성하고 SW교육 지원을 통한 SW미래인재 양성,교육/멘토링,AI육성과,전국,해당 없음 | 0013003 | 0049010,청년,만 19세 ~ 만 0세,19,,해당 없음,소득조건코드=0043001 / 소득범위=0~0,,"SW전공/융합과정 개설·교육, 온/오프라인 교육콘텐츠 개발·활용, 도내 청소년 및 초·중·고 교사 대상 SW교육 등",        ,        ,해당 없음,별도 문의,별도 문의,https://youth.chungnam.go.kr/web/main/customSupp/M030-02/view?bizId=A20250415CT000000000002222,main,primary,sw미래채움,ai육성과,,교육･직업훈련,미래역량강화
youth,20260504005400113134,창의융합형 공학인재양성지원,산업계 수요에 부합하는 교육 프로그램 개발·운영을 통한 공학교육의 글로벌 경쟁력 제고 및 창의융합형 공학인재 양성,인력/일자리,미래산업과,전국,해당 없음 | 0013003 | 0049005,청년,만 0세 ~ 만 0세,,,해당 없음,소득조건코드=0043003 / 소득범위=0~0 / -,,"ㅇ 산업계 수요에 부합하는 공학교육 프로그램 개발 및 운영지원
- 교육프로그램 개발·운영 및 캠프 운영, 캡스톤 디자인 지원, 현장실습·견학 등",        ,        ,해당 없음,별도 문의,별도 문의,https://youth.chungnam.go.kr/web/main/customSupp/M030-02/view?bizId=A20250415CT000000000002199,main,primary,창의융합형공학인재양성지원,미래산업과,,일자리,취업
youth,20260504005400213132,생활권 보행환경 종합정비사업 (안서동 청년안심 탄소중립 보행환경 개선),민선 8기 공약사업 ‘대학로 조성’ 관련 대학로 특화거리 조성 및 보행안전도로 조성,주거,시장,전국,제한없음 | 0013010 | 0049010,청년,만 0세 ~ 만 0세,,,제한없음,소득조건코드=0043001 / 소득범위=0~0,,대학로 특화거리 조성 및 보행안전도로 조성,20260101,20281231,제한없음,,별도문의,https://youth.chungnam.go.kr/web/main/customSupp/M040-06/view?bizId=A20260309LC000000000003065,main,primary,생활권보행환경종합정비사업안서동청년안심탄소중립보행환경개선,시장,20260101~20281231,주거,주택 및 거주지
youth,20260504005400113131,2026 충남 창업마루 나비(Starup-NAvi),"도내 유망 스타트업 발굴 및 육성을 위한 공간 조성, 지속가능한 지역 일자리 토대 마련을 위한 충남 창업의 중심(HUB) 역할 수행",인력/일자리,AI육성과,충청남도,"· 금융기관으로부터 채무불이행으로 제재 중인 개인, 기업 또는 휴·폐업중인 자
· 국세 또는 지방세 체납 중인 개인, 기업
· 정부정책에 따라 창업지원 사업에 제한되는 업종을 영위하는 자
· 입주신청일 기준 휴·폐업·행정처분 등의 제재가 진행되는 자
· 충청남도, 충남혁신센터 또는 중소벤처기업부 등 정부기관으로부터 창업지원사업의 참여제한 조치가 진행 중인 기업 또는 해당 대표자
· 정부지원 사업 수혜를 위해 다수의 사업장에서 사업을 영위하는 경우 | 0013006,0013009 | 0049010","누구나,청년",만 0세 ~ 만 0세,,,"제조+4차산업(AI, Big Data, Robotics 등) 융합 item, 미래자동차, 차세대 디스플레이, 반도체, 에너지신산업 등 제조분야(부품·소재 포함),스마트 플랫폼 분야(업종제한 없음), 친환경-기후변화 대응 분야(미세먼지·온실가스 저감, 친환경제품 및 서비스), 바이오, 그 외 디지털·그린 뉴딜 연계분야",소득조건코드=0043003 / 소득범위=0~0 / -,,"입주 지원, 장비·공간 지원, 홍보, 멘토링, 투자, 네트워킹 지원",20260101,20261231,"제조+4차산업(AI, Big Data, Robotics 등) 융합 item, 미래자동차, 차세대 디스플레이, 반도체, 에너지신산업 등 제조분야(부품·소재 포함),스마트 플랫폼 분야(업종제한 없음), 친환경-기후변화 대응 분야(미세먼지·온실가스 저감, 친환경제품 및 서비스), 바이오, 그 외 디지털·그린 뉴딜 연계분야","입주신청서, 사업계획서, 개인정보 동의서, 사업자등록증(해당 시), 법인등기부등본(해당 시), 국세, 지방세 납세증명서 각1부, 4대보험가입자명부(해당 시), 매출증빙(표준재무제표, 부가가치세 과세표준증명원, 부가가치세 과세표준증명원_해당 시), 각종 증빙 서류 등",① 모집공고(공개모집) → ② 요건검토 → ③ 1차평가(서면평가) → ④ 2차평가(발표평가) → ⑤ 면담(심층면담) → ⑥ 계약,http://www.ccceicontest.or.kr/contest/list.php,main,primary,2026충남창업마루나비starupnavi,ai육성과,20260101~20261231,일자리,창업
youth,20260504005400113130,청년인턴 사업,청년 일 경험 기회 제공을 통한 취업 지원,인력/일자리,청년정책관,전국,해당 없음 | 0013003 | 0049006,청년,만 19세 ~ 만 39세,19,39,해당 없음,소득조건코드=0043003 / 소득범위=0~0 / -,,"기업·공공기관 내 인턴 근무 기회 제공(4개월)
 - 직무교육 및 학점 인정, 자기개발비 지급",,,해당 없음,공고 참조,별도 문의,https://www.youthcenter.go.kr/youthPolicy/ythPlcyTotalSearch/ythPlcyDetail/20260504005400113130,main,primary,청년인턴사업,청년정책관,,일자리,취업
youth,20260504005400113129,청년예술인 해외 공연,청년예술인의 국제무대 경험을 통해 역량강화 및 경력확장 도모,복지/문화,문화정책과,전국,도내 19~39세 예술인 | 0013010 | 0049010,청년,만 19세 ~ 만 39세,19,39,해당 사항 없음,소득조건코드=0043001 / 소득범위=0~0,,"청년예술인과 멘토 역할을 수행할 전문예술인 해외공연(15명 내외)
   - 중국, 일본, 베트남 등 우호협력단체의 교류행사와 연계 추진",20260401 ~ 20260630,20261231,해당 사항 없음,,별도 문의,https://youth.chungnam.go.kr/web/main/bbs/cnyouth_notice/545?cp=1&sortOrder=BA_REGDATE&sortDirection=DESC&bcId=cnyouth_notice&baNotice=false&baCommSelec=false&baOpenDay=false&baUse=true,main,primary,청년예술인해외공연,문화정책과,20260401 ~ 20260630~20261231,금융･복지･문화,예술인지원
youth,20260504005400113128,학교 밖 청소년 진로진학 박람회,학교 밖 청소년 특성에 맞는 대학입시 및 진로·직업 정보 제공,인력/일자리,여성가족정책과,전국,해당 없음 | 0013010 | 0049010,청년,만 0세 ~ 만 0세,,,해당 없음,소득조건코드=0043001 / 소득범위=0~0,,학교 밖 청소년 진로진학박람회 운영,,,해당 없음,별도 문의,별도 문의,https://www.youthcenter.go.kr/youthPolicy/ythPlcyTotalSearch/ythPlcyDetail/20260504005400113128,main,primary,학교밖청소년진로진학박람회,여성가족정책과,,일자리,취업
youth,20260504005400113127,청년성장 프로젝트,미취업 청년 등의 구직단념 예방 및 ’쉬었음‘ 전환 방지,인력/일자리,청년정책관,전국,별도 문의 | 0013010 | 0049010,청년,만 15세 ~ 만 39세,15,39,"15세~39세 이하 청년
※ 35세∼39세 청년은 전체 사업량의 30% 이내 참여",소득조건코드=0043003 / 소득범위=0~0 / -,,"- 청년정책 정보 제공: 청년이 필요로 하는 정책 정보 제공
   - 맞춤형 프로그램 제공: 진로적성 검사, 일상 자신감 회복, 취업 역량 강화, 취업 정보 습득 등 기회 제공
   - 청년 인프라 제공: 휴식 공간, 각종 모임 활동 공간, 웹서핑, 문서 출력 등 필요시 자유롭게 이용할 수 있는 인프라 제공",        ,        ,"15세~39세 이하 청년
※ 35세∼39세 청년은 전체 사업량의 30% 이내 참여",별도 문의,별도 문의,https://youth-up.kr/growth,main,primary,청년성장프로젝트,청년정책관,,일자리,취업
youth,20260504005400113126,충남 청년 뮤직 페스타,청년 예술인 지원을 위한 충남의 젊은 문화 활성화 및 도민 문화예술향유 기회 확대,복지/문화,문화정책과,충청남도,해당 없음 | 0013010 | 0049010,청년,만 19세 ~ 만 39세,19,39,해당 없음,소득조건코드=0043001 / 소득범위=0~0,,"도내 문화예술 법인‧단체 1개소 선정, 뮤직페스타 순회공연",20260101,20261231,해당 없음,별도 문의,별도 문의,https://www.chungnam.go.kr/cnportal/province/province/view.do?nttId=2176260&menuNo=500487&pageIndex=1&sdate=2025-04-27&edate=2026-04-27,main,primary,충남청년뮤직페스타,문화정책과,20260101~20261231,금융･복지･문화,문화활동 및 생활지원
youth,20260504005400113125,충남 음악창작소운영,"- 충남 지역 청년 뮤지션의 창작·제작·유통·무대경험·산업진입까지 연계하는 통합 음악창작 생태계 구축
- 지역기반 신규 뮤지션 발굴 및 음반 제작·홍보·쇼케이스 지원을 통해 청년의 문화예술 진입장벽 완화 및 자립 기반 마련",복지/문화,문화정책과,충청남도,해당 없음 | 0013010 | 0049010,청년,만 19세 ~ 만 50세,19,50,해당 없음,소득조건코드=0043001 / 소득범위=0~0,,"- 지역뮤지션 발굴 및 후속제작지원(소속사 매칭, 해외 쇼케이스 등)
- 지역특화 음원콘텐츠 제작 및 지역 창작자 네트워킹
- 발굴 뮤지션 대외공연 활동 및 지역축제·지자체 협업 공연 지원 
- 충남음악창작소 시설 운영 및 대관 서비스",20260101,20261231,해당 없음,별도 문의,별도 문의,https://www.cnmusicfactory.com/,main,primary,충남음악창작소운영,문화정책과,20260101~20261231,금융･복지･문화,문화활동 및 생활지원
youth,20260504005400113124,충남콘텐츠기업지원센터 운영,"- 지역 콘텐츠 기업의 체계적 발굴·육성을 통한 기업역량 강화 및 성장 견인 
- 지역 콘텐츠 기업 맞춤형 성장 지원을 통한 기업 및 콘텐츠 경쟁력 제고
- 콘텐츠 분야 신규 일자리 창출 및 지역 청년 인재 고용 촉진",복지/문화,문화정책과,충청남도,해당 없음 | 0013010 | 0049010,청년,만 19세 ~ 만 39세,19,39,해당 없음,소득조건코드=0043001 / 소득범위=0~0,,"❶ 콘텐츠기업 육성 
    - (맞춤형 기업성장 지원) 지역 콘텐츠기업 맞춤형 콘텐츠 개발과 사업화 지원을 통해 기업의 신규 IP 확보와 기존 콘텐츠의 고도화 및 경쟁력을 강화 
    - (스케일업 엑셀러레이팅 지원) 액셀러레이팅 전문기관을 통해 맞춤형 기업성장 솔루션 제공으로 IR 역량 및 투자유치 등 기업역량을 강화
 ❷ 지역인재 매칭 지원
    - 지역 소재 청년, 콘텐츠 기업 간 일자리 매칭 지원 ￫ 지역인재 채용 활성화",20260101,20261201,해당 없음,별도 문의,별도 문의,https://ccon.kr/,main,primary,충남콘텐츠기업지원센터운영,문화정책과,20260101~20261201,금융･복지･문화,문화활동 및 생활지원
youth,20260504005400113123,워케이션 충남 프로그램 운영,일과 휴양을 연계한 체류형 관광객 유치 및 관광산업 육성,복지/문화,관광진흥과,충청남도,해당 없음 | 0013001 | 0049010,청년,만 19세 ~ 만 0세,19,,해당 없음,소득조건코드=0043001 / 소득범위=0~0,,숙박+업무공간+체험활동 연계 워케이션 프로그램 제공,20260401 ~ 20261231,        ,해당 없음,별도 문의,별도 문의,https://www.cacf.or.kr/site/,main,primary,워케이션충남프로그램운영,관광진흥과,20260401 ~ 20261231~,금융･복지･문화,문화활동 및 생활지원
youth,20260504005400113122,청년문화예술패스,"○ 청년 19~20세 대상으로 문화예술 관람료를 지원하여 이들의 직접적인 문화 소비 확대
○ 문화예술인 창작활동에 대해 간접적 지원, 문화예술시장 확대를 통한 내수 활성화 도모",복지/문화,문화정책과,전국,19~20세 청년(’26년 기준 ’06~’07년생) | 0013010 | 0049010,청년,만 19세 ~ 만 20세,19,20,"문화예술(공연, 전시, 영화)에 사용 가능",소득조건코드=0043001 / 소득범위=0~0,,"문화예술(공연, 전시, 영화)에 사용 가능한 문화예술패스(연간 20만원) 지원",20260101,20261231,"문화예술(공연, 전시, 영화)에 사용 가능",별도문의,별도문의,https://youthculturepass.or.kr/,main,primary,청년문화예술패스,문화정책과,20260101~20261231,금융･복지･문화,문화활동 및 생활지원
