source,source_id,title,summary,s_category,provider,region,target_group,target_tags,target_age,target_age_min,target_age_max,target_detail,income_condition,startup_stage,support_type,apply_start,apply_end,additional_conditions,required_documents,application_method,detail_url,_scope,_scope_reason,norm_title,norm_provider,norm_period,category,subcategory
biz,PBLN_000000000126041,2026년 3차 고강도 고방열 경량금속소재 부품화 실증 기반구축사업 수요기업 대응형 기술전환 지원 컨설팅 수요기업 추가모집 공고,"인천테크노파크 미래차센터에서는「고강도 고방열 경량금속소재 부품화 실증 기반구축사업」의 일환으로 추진하는「수요기업 대응형 기술전환 패키지 지원」사업의 전문 컨설팅 수요기업을 아래와 같이 모집하오니 역량 있는 기업의 많은 관심과 신청 바랍니다.
☞ 경량금속소재를 활용(개발 계획)하는 중소ㆍ중견기업
☞ Track 1 기술ㆍ공정 전환 컨설팅 (기업당 2,300만 원), Track 2 구조 분석/해석 컨설팅 (기업당 2,300만 원), 후속 시험평가 지원",기술,인천테크노파크,인천광역시,중소기업,중소기업,,,,,,,기술사업화/이전/지도,모집 완료시까지,,,온라인 접수(인천R&D관리시스템(IRDS)),온라인 접수(인천R&D관리시스템(IRDS)),https://www.bizinfo.go.kr/sii/siia/selectSIIA200Detail.do?pblancId=PBLN_000000000126041,main,primary,2026년3차고강도고방열경량금속소재부품화실증기반구축사업수요기업대응형기술전환지원컨설팅수요기업추가모집공고,인천테크노파크,모집 완료시까지~,기술,기술사업화/이전/지도
biz,PBLN_000000000126040,[경남] 합천군 2026년 하반기 농업발전기금 융자시행계획 공고,"「합천군 농업발전기금 설치 및 운용 조례」에 의하여 합천군 소재 농축산업인, 농축산업 관련 법인, 생산자단체에 대한 농업발전기금 융자시행계획을 다음과 같이 공고합니다.
☞ 합천군 관내 거주하는 농축산업인 및 농축산업관련 법인ㆍ생산자단체
☞ 운영자금, 시설자금 지원
- 운영자금 : 농산물 생산ㆍ가공ㆍ유통ㆍ판매ㆍ수출 자금
- 시설자금 : 농업ㆍ축산ㆍ화훼산업 설비 및 기자재의 확충ㆍ개선 자금",자금,기초자치단체,경상남도,중소기업,중소기업,,,,,,,융자,2026-08-26,2026-09-15,,- 접수처 : 신청인의 주소지 읍ㆍ면사무소,- 접수처 : 신청인의 주소지 읍ㆍ면사무소,https://www.bizinfo.go.kr/sii/siia/selectSIIA200Detail.do?pblancId=PBLN_000000000126040,main,primary,경남합천군2026년하반기농업발전기금융자시행계획공고,기초자치단체,2026-08-26~2026-09-15,금융,융자
biz,PBLN_000000000126039,[경남] 고성군 2026년 신중년 내일이음 50+사업 참여기업 모집 변경 공고,"고성군 공고 제2026-1066호로 공고한 「2026년 신중년 내일이음 50+사업 참여기업 모집」와 관련하여, 경상남도 사업 시행지침 변경에 따라 지원대상 연령 등을 다음과 같이 변경하여 공고합니다.
☞ 2026. 1. 1. 이후 중장년 근로자를 신규 채용한 고성군 소재 중소ㆍ중견 기업
※ 자세한 지원대상 공고문 참조
☞ 신규 채용 근로자 1인당 월 50만원× 5개월 지원, 총 250만원(기업당 최대 2명) 지원",인력/일자리,기초자치단체,경상남도,중소기업,중소기업,,,,,,,고용유지,예산 소진시까지,,,"방문 또는 이메일 접수
- 접수처 : 고성군청 경제기업과 일자리정책담당
- 이메일 : kingtory@korea.kr(유선으로 접수 확인 필수)","방문 또는 이메일 접수
- 접수처 : 고성군청 경제기업과 일자리정책담당
- 이메일 : kingtory@korea.kr(유선으로 접수 확인 필수)",https://www.bizinfo.go.kr/sii/siia/selectSIIA200Detail.do?pblancId=PBLN_000000000126039,main,primary,경남고성군2026년신중년내일이음50사업참여기업모집변경공고,기초자치단체,예산 소진시까지~,인력,고용유지
biz,PBLN_000000000126038,[충북] 증평군 2026년 기숙사임차비지원사업 참여기업 모집 공고,"도내 중소기업 근로자들의 정주여건 개선과 생활 안정을 도모하여 기업의 신규 채용을 독려하고, 양질의 일자리 기반을 만들기 위한「2026년 충청북도 기숙사 임차비 지원사업」을 추진하오니 많은 관심과 참여 바랍니다.
☞ 임차 기숙사를 운영하여 근로자에게 제공하는 증평군 소재 중소기업
☞ 사업장 주변의 기숙사를 임차하여 근로자에게 제공하는 경우, 월 임차비용 일부(80%) 지원(당해연도)
※ 자세한 지원내용 공고문 참조",인력/일자리,충청북도기업진흥원,충청북도,중소기업,중소기업,,,,,,,고용유지,예산 소진시까지,,,이메일 접수 (whansqls185@cba.ne.kr),이메일 접수 (whansqls185@cba.ne.kr),https://www.bizinfo.go.kr/sii/siia/selectSIIA200Detail.do?pblancId=PBLN_000000000126038,main,primary,충북증평군2026년기숙사임차비지원사업참여기업모집공고,충청북도기업진흥원,예산 소진시까지~,인력,고용유지
biz,PBLN_000000000126037,[경기] 2026년 경기도형 스마트공장 종합지원 SMATEC 2026 경기도통합관 참가기업 및 연계 컨퍼런스 발표기업 모집 공고,"스마트공장 솔루션, 공장자동화 설비ㆍ기기 등 스마트제조 기술 및 제품을 보유한 경기도 중소기업을 대상으로「제8회 스마트공장 구축 및 생산자동화전(SMATEC 2026)」에‘경기도 통합관’으로 참가할 기업과, SMATEC 연계 컨퍼런스 발표기업을 모집하오니 관심있는 기업들의 많은 참여 바랍니다.
☞ 경기도 소재 공장 자동화 및 스마트공장 솔루션 관련 기술 및 제품을 보유한 중소ㆍ중견기업
※ 지원내역별 지원대상 상이, 자세한 사항 공고문 참조
☞ (경기도 통합관 참가기업) ‘경기도 통합관’구성, 전시 지원(부스임차료, 부대설비대여비)
- (SMATEC 연계 컨퍼런스 발표기업) 컨퍼런스 발표 기회 제공 및 발표자에게 강사료 지원",판로/수출,경기테크노파크,경기도,중소기업,중소기업,,,,,,,오프라인,2026-09-01,2026-09-21,,온라인 접수(경기테크노파크 사업관리시스템),온라인 접수(경기테크노파크 사업관리시스템),https://www.bizinfo.go.kr/sii/siia/selectSIIA200Detail.do?pblancId=PBLN_000000000126037,main,primary,경기2026년경기도형스마트공장종합지원smatec2026경기도통합관참가기업및연계컨퍼런스발표기업모집공고,경기테크노파크,2026-09-01~2026-09-21,내수,오프라인
biz,PBLN_000000000126036,2027년 콘텐츠 아메리카(Content Americas) 한국공동관 및 쇼케이스 참가기업 모집 공고,"한국콘텐츠진흥원은 한국 방송콘텐츠의 해외 수출 증진을 위해 다음과 같이 2027년 콘텐츠 아메리카(Content Americas) 한국공동관 및 쇼케이스 참가기업을 모집하오니 관심 있는 업체들의 많은 신청 바랍니다.
☞ 국내 방송프로그램의 기획ㆍ제작ㆍ배급 및 유통 관련 해외수출을 희망하는 기업
- 글로벌 OTT를 통해 해외 방영ㆍ전송된 방송영상콘텐츠 기획개발 및 제작 레퍼런스 보유 혹은 자사 콘텐츠 IP 비즈니스 경쟁력이 높은 기업
- 한국공동관 및 쇼케이스 모두 참가 가능한 기업(참가사 직접 발표 예정)
☞ 공동관 비즈매칭, 쇼케이스, 홍보마케팅 지원",판로/수출,한국콘텐츠진흥원,전국,중소기업,중소기업,,,,,,,해외진출,2026-08-31,2026-09-21,,온라인 접수 (웰콘),온라인 접수 (웰콘),https://www.bizinfo.go.kr/sii/siia/selectSIIA200Detail.do?pblancId=PBLN_000000000126036,main,primary,2027년콘텐츠아메리카contentamericas한국공동관및쇼케이스참가기업모집공고,한국콘텐츠진흥원,2026-08-31~2026-09-21,수출,해외진출
biz,PBLN_000000000126035,2026년 남해군 독일마을 맥주축제ㆍ관광객 유치 인센티브 지원 사업 공고,"10월 예정 중인 독일마을 맥주축제와 관광객 유치증대로 지역경제 활성화를 도모하고자 「2026년 남해군 독일마을 맥주축제+관광객 유치 인센티브 지원 사업」을 다음과 같이 공고합니다. 
☞「관광진흥법」제4조에 따라 여행업 등록을 필한 여행업체
☞ 단체관광객 유치 인센티브 지원
※ 자세한 지원내용 공고문 참조",경영,기초자치단체,경상남도,중소기업,중소기업,,,,,,,디자인/상품화/사업화,2026-08-24,2026-10-25,,"방문, 팩스, 우편, 이메일 접수
- 접수처 : 경남 남해군 남해읍 망운로9번길 12 관광진흥과 관광정책팀
- 팩스 : 055-860-3748
- 이메일 : eeeun000@korea.kr
- (여행 전) 관광객 유치 사전계획 신청 : 방문 7일 전까지 (※팩스 가능)
※ 팩스전송 후, 전화 필수(055-860-8605)
- (여행 후) 인센티브 지원신청 : 여행 종료일로부터 14일 이내
※ 여행 전(사전계획), 여행 후 신청방법 상이하므로 자세한 신청방법 공고문 참조","방문, 팩스, 우편, 이메일 접수
- 접수처 : 경남 남해군 남해읍 망운로9번길 12 관광진흥과 관광정책팀
- 팩스 : 055-860-3748
- 이메일 : eeeun000@korea.kr
- (여행 전) 관광객 유치 사전계획 신청 : 방문 7일 전까지 (※팩스 가능)
※ 팩스전송 후, 전화 필수(055-860-8605)
- (여행 후) 인센티브 지원신청 : 여행 종료일로부터 14일 이내
※ 여행 전(사전계획), 여행 후 신청방법 상이하므로 자세한 신청방법 공고문 참조",https://www.bizinfo.go.kr/sii/siia/selectSIIA200Detail.do?pblancId=PBLN_000000000126035,main,primary,2026년남해군독일마을맥주축제ㆍ관광객유치인센티브지원사업공고,기초자치단체,2026-08-24~2026-10-25,경영,디자인/상품화/사업화
biz,PBLN_000000000126034,2026년 남해군 면 지역 마을가게 창업 지원사업 참여자 모집 공고,"농어촌기본소득 지급에 따라 증가한 소비 수요에 대응하고, 자본력이 부족한 면 지역 예비 창업자를 집중 지원하기 위한 「2026년 남해군 면 지역 마을가게 창업 지원사업」을 다음과 같이 공고하오니, 열정적인 창업 의지를 가진 예비창업자 및 기창업자들의 많은 참여 바랍니다.
☞ 남해군 면(9개) 지역 창업 희망자
-  2026. 1. 1. 기준 남해군에 주민등록자 또는 전입예정자 (※ 사업자 선정 후 1개월 이내 남해군에 전입)
- 지정 기한 내 면 지역 사업자등록 완료 가능한 자 (※ 사업자 선정 후 2개월 이내 사업자등록 완료)
- 대상 업종 : 생활밀착형, 식음료, 문화·교육 등 소상공인 전 업종
☞ 인테리어(외ㆍ내부), 간판, 입식테이블, 화장실/안전시스템, 디지털기기 (최대 300만원) 지원",창업,기초자치단체,경상남도,소상공인,소상공인,,,,,,,예비창업자지원,2026-09-01,2026-09-23,,"방문 접수
- 접수처 : 남해군 경제과 지역경제팀(남해군 남해읍 망운로9번길 12)","방문 접수
- 접수처 : 남해군 경제과 지역경제팀(남해군 남해읍 망운로9번길 12)",https://www.bizinfo.go.kr/sii/siia/selectSIIA200Detail.do?pblancId=PBLN_000000000126034,main,primary,2026년남해군면지역마을가게창업지원사업참여자모집공고,기초자치단체,2026-09-01~2026-09-23,창업,예비창업자지원
biz,PBLN_000000000126033,[대구] 2026년 패션뷰인대구 디지털마케팅 지원 D-Fashion Brand Content Lab 참가 디자이너 및 패션업체 모집 재공고,"대구광역시 주최, 대구경북패션사업협동조합 주관하는「2026 디지털마케팅 지원」은 기존 오프라인 중심의 지역 패션업체 디지털 전환을 통한 e-커머스 시장 진출 및 디지털 유통망 대응 마케팅 지원 및 온라인 Biz중심의 여성복, 남성복, 워크웨어(유니폼, 가드닝), 아웃도어, 패션 소품등 지역 패션업체 및 디자이너를 대상으로 라이프스타일형 패션필름 및 패션 룩북 제작을 지원하고 이를 활용한 SNSㆍ온라인 플랫폼을 활용한 디지털 마케팅을 통해 브랜드 인지도 및 소비자 접점을 확대코자 사업을 추진하고자 합니다. 이에 함께할 참가 브랜드 및 디자이너를 다음과 같이 모집하오니, 많은 관심과 참여 바랍니다.
☞ 지역(대구) 패션 관련 업체 및 브랜드(패션, 잡화등) 
- 규모 : 자사몰 및 오픈마켓(스마트스토어등) 운영 중인 브랜드
☞ 패션필름 제작 및 룩북 촬영 제작 지원",판로/수출,대구경북패션사업협동조합,대구광역시,중소기업,중소기업,,,,,,,홍보지원,2026-08-31,2026-09-09,,이메일 접수 (jini83@fcdg.org),이메일 접수 (jini83@fcdg.org),https://www.bizinfo.go.kr/sii/siia/selectSIIA200Detail.do?pblancId=PBLN_000000000126033,main,primary,대구2026년패션뷰인대구디지털마케팅지원dfashionbrandcontentlab참가디자이너및패션업체모집재공고,대구경북패션사업협동조합,2026-08-31~2026-09-09,내수,홍보지원
biz,PBLN_000000000126032,[경남] 거제시 2026년 하반기 기업환경개선사업 참여업체 모집 재공고,"여성친화 기업문화 조성에 앞선 우수기업을 선발하고, 고용환경 개선자금을 지원함으로써 여성근로자들의 업무환경 개선과 지속적인 고용 유지를 위해 「2026년 하반기 기업환경개선사업」참여업체를 다음과 같이 공개 모집합니다.
☞ 상시근로자 수 5~300인 미만 기업(아래 조건 중 한가지 이상 해당)
- 새일센터를 통한 취업자(인턴 연계자 포함)가 최근 1년간 2명 이상 혹은 2년간 3명 이상인 업체
- 여성친화일촌기업 (단, 새일센터와 경력단절여성 채용을 약정한 업체에 한함)
- 새일센터를 통해 창업한 기업(창업 후 1년 이내)
- 여성가족부로부터 가족친화인증을 받은 중소기업
☞ 여성 화장실, 여성 휴게실(수유실) 등 시설환경개선 우선 지원, 그 외 필요한 물품을 제한적으로 구입 지원",경영,거제여성새로일하기센터,경상남도,중소기업,중소기업,,,,,,,시설/입지지원,2026-08-26,2026-09-10,,이메일 접수 (kwa2011@hanmail.net),이메일 접수 (kwa2011@hanmail.net),https://www.bizinfo.go.kr/sii/siia/selectSIIA200Detail.do?pblancId=PBLN_000000000126032,main,primary,경남거제시2026년하반기기업환경개선사업참여업체모집재공고,거제여성새로일하기센터,2026-08-26~2026-09-10,경영,시설/입지지원
biz,PBLN_000000000126031,[전남광주] 여수시 2026년 기업환경개선 참여기업 모집 공고(여수형 여성친화기업 발굴지원 사업),"본 사업은 여수시가 여수형 여성친화기업을 발굴하고 지역 내 여성이 일하기 좋은 기업환경을 조성하기 위해 지원합니다.
☞ 근로자가 5인 이상 ~ 50인 미만 사업장 또는 여성근로자가 20% 이상인 사업장
☞ 근무 환경개선금 지원(기업당 최대 600만원)",경영,여수여성인력개발센터,광주광역시,중소기업,"여성,중소기업",,,,,,,시설/입지지원,2026-08-27,2026-09-18,,"방문 또는 이메일 접수
- 접수처 : 여수시 시청로 34, 이레타운 4층(쌍봉사거리 우리스포츠건물)
- 이메일 : ysvocation@hanmail.net","방문 또는 이메일 접수
- 접수처 : 여수시 시청로 34, 이레타운 4층(쌍봉사거리 우리스포츠건물)
- 이메일 : ysvocation@hanmail.net",https://www.bizinfo.go.kr/sii/siia/selectSIIA200Detail.do?pblancId=PBLN_000000000126031,main,primary,전남광주여수시2026년기업환경개선참여기업모집공고여수형여성친화기업발굴지원사업,여수여성인력개발센터,2026-08-27~2026-09-18,경영,시설/입지지원
biz,PBLN_000000000126030,[서울] 2026년 찾아가는 가치소비 기획전(한국환경산업기술원) 참여기업 모집공고,"서울특별시 소재 사회적경제기업과 소셜벤처의 제품 홍보 및 공공판로 확대를 위해「26년 찾아가는 가치소비 기획전(한국환경산업기술원)」 참여기업 모집공고를 추진하고자 하오니 많은 관심과 적극적인 참여를 바랍니다.
☞ 서울시 소재 사회적경제기업, 소셜벤처 등 기업
※ 자세한 지원대상 공고문 참조
☞ 한국환경산업기술원 기관 대상 기업홍보 및 마케팅, 함께누리몰 기획전 참여 지원",판로/수출,서울특별시사회적경제지원센터,서울특별시,사회적기업,사회적기업,,,,,,,오프라인,2026-08-31,2026-09-07,,"이메일 접수(rkd995511@sehub.net) 
※ “26년 찾아가는 가치소비 기획전-한국환경산업기술원_신청기업명”을 제목으로 기재하며 PDF 형식으로 발송
※ 제출 후 담당자(02-2088-6209)를 통하여 접수 확인 필수","이메일 접수(rkd995511@sehub.net) 
※ “26년 찾아가는 가치소비 기획전-한국환경산업기술원_신청기업명”을 제목으로 기재하며 PDF 형식으로 발송
※ 제출 후 담당자(02-2088-6209)를 통하여 접수 확인 필수",https://www.bizinfo.go.kr/sii/siia/selectSIIA200Detail.do?pblancId=PBLN_000000000126030,main,primary,서울2026년찾아가는가치소비기획전한국환경산업기술원참여기업모집공고,서울특별시사회적경제지원센터,2026-08-31~2026-09-07,내수,오프라인
biz,PBLN_000000000126029,[전남광주] 첨단로봇ㆍAI 활용 중소기업 제조혁신 사업 기업지원(실증지원) 2차 모집 공고,"전남테크노파크에서는 지역 내 특화 제조기업의 생산성 향상과 산업 생태계 조성을 위해「첨단로봇ㆍAI 활용 중소기업 제조혁신 사업」의 수혜기업 모집을 다음과 같이 공고하오니, 관련 기업의 많은 참여 바랍니다.
☞ 전남광주 도내 제조기업
- (주관기업) 공고문 현재 사업자등록증 상 순천시, 무안군 내에 본사, 공장, 연구소 또는 사업장을 보유한 기업(수요기업)
- (참여기업) 수요기업 대상 공정에 로봇시스템 설치를 위한 SI 관련 기술지원 및 유지보수 등이 가능한 기업(공급기업)
- (제조업종) 기계, 금속, 자동차, 전기ㆍ전자, 조선ㆍ항공, 섬유, 식ㆍ음료, 바이오ㆍ화학 등 로봇 자동화가 필요한 제조업 전분야
☞ 로봇공정모델 적용을 통한 공정 첨단화 및 旣 개발 모델 실증 지원, 제조기업 현장의 첨단 제조로봇 및 시스템 설계 도입 지원
- 기업당 최대 70백만원",기술,전남테크노파크,광주광역시,중소기업,중소기업,,,,,,,기술사업화/이전/지도,2026-09-01,2026-09-15,,온라인 접수 (전남TP스마트 과제 관리 시스템),온라인 접수 (전남TP스마트 과제 관리 시스템),https://www.bizinfo.go.kr/sii/siia/selectSIIA200Detail.do?pblancId=PBLN_000000000126029,main,primary,전남광주첨단로봇ㆍai활용중소기업제조혁신사업기업지원실증지원2차모집공고,전남테크노파크,2026-09-01~2026-09-15,기술,기술사업화/이전/지도
biz,PBLN_000000000126028,[부산] 2026년 4차 고위험산업 사각지대 집중관리사업(안전보호구 지원) 추가모집 공고,"부산광역시와 부산테크노파크는 지역내 소규모 사업장의 중대재해 예방활동을 지원하고 사고위험의 격차를 해소하기 위해「2026년 고위험 산업 사각지대 집중관리 사업(안전보호구 지원)」의 참여기업을 다음과 같이 추가 모집합니다.
☞ 부산지역 내 30인 미만 소규모 사업장으로서, 본 사업에서 지정한 부산 3대 고위험 산업군에 해당하는 기업
- 고위험 산업군 1 : 뿌리산업 (※ 뿌리산업 진흥과 첨단화에 관한 법률 시행령 제2조 근거)
- 고위험 산업군 2 : 창고ㆍ항만물류업
- 고위험 산업군 3 : 수리조선ㆍ기자재업
☞ 중대재해 예방의 사각지대 해소를 위한 안전보호구 구입관련 보조금 지급 지원
- 안전인증(KC 등)을 받은 제품 기준, 사고 예방 효과가 높은 품목 및 스마트 보조장치 중심 지원
- 사업장당 최대 29인, 1인당 10만원 이내의 안전보호구 지원",인력/일자리,부산테크노파크,부산광역시,중소기업,중소기업,,,,,,,작업환경개선,2026-09-01,2026-10-30,,이메일 접수 (sglee8153@btp.or.kr),이메일 접수 (sglee8153@btp.or.kr),https://www.bizinfo.go.kr/sii/siia/selectSIIA200Detail.do?pblancId=PBLN_000000000126028,main,primary,부산2026년4차고위험산업사각지대집중관리사업안전보호구지원추가모집공고,부산테크노파크,2026-09-01~2026-10-30,인력,작업환경개선
biz,PBLN_000000000126027,[경북] 2026년 청년창업제품 판로개척 지원사업 K-FOOD EXPO 전시 참가지원  모집 공고,"청년창업제품의 판로확보와 경쟁력 강화를 위해 아래와 같이 「K-FOOD EXPO 2026 전시 참가지원」사업에 참가할 기업을 모집하오니, 많은 관심과 참여를 바랍니다. 
☞ 사업자등록증상 본점 소재지가 경북이면서 전시품목에 적합한 기업
※ 대표자 만 19세 ~ 39세 이하, 1987년 이후 출생자
- 전시품목 : 농축산물, 가공식품, 첨가물, 건강기능식품, 주류, 커피 및 디저트 등
☞ 전시 부스 참가비 및 홍보 지원
- (부스임차) 기업 당 1개 부스(3m×3m×H2.5m), 기본조립부스 지원",판로/수출,경상북도경제진흥원,경상북도,중소기업,"중소기업,청년",,,,,,,오프라인,2026-08-31,2026-09-11,,온라인 접수(Google Apps Script),온라인 접수(Google Apps Script),https://www.bizinfo.go.kr/sii/siia/selectSIIA200Detail.do?pblancId=PBLN_000000000126027,main,primary,경북2026년청년창업제품판로개척지원사업kfoodexpo전시참가지원모집공고,경상북도경제진흥원,2026-08-31~2026-09-11,내수,오프라인
biz,PBLN_000000000126026,[부산] 2026년 블록체인 기업 글로벌(싱가포르) 사업화 지원사업 참가기업 모집 공고(과학기술정보통신부 블록체인 특화 클러스터 조성사업),"부산테크노파크는 2026년 블록체인 특화 클러스터 조성사업의 일환으로 관련 분야 우수 기술 및 서비스를 보유한 부산지역 블록체인 기업의 해외시장 진출 및 글로벌 협력 네트워크 구축, 선진사례 연구를 위한 해외전시 참가기업을 아래와 같이 모집하오니, 많은 관심과 신청 바랍니다.
☞ 부산 소재 본사 또는 지사를 보유한 블록체인 서비스 기업
☞ 전시 부스, 현지 IR데모데이 및 투자자/바이어 네트워킹, 통역, 부스운영비, 1인 항공/숙박 일부지원 등 지원
- 기업 지원 한도 : 2,500,000원",판로/수출,부산테크노파크,부산광역시,중소기업,중소기업,,,,,,,해외진출,2026-09-01,2026-09-11,,"이메일 접수 (bogo10da@btp.or.kr)
※ 메일 송부 후 접수 확인 요망 (051-923-8326)","이메일 접수 (bogo10da@btp.or.kr)
※ 메일 송부 후 접수 확인 요망 (051-923-8326)",https://www.bizinfo.go.kr/sii/siia/selectSIIA200Detail.do?pblancId=PBLN_000000000126026,main,primary,부산2026년블록체인기업글로벌싱가포르사업화지원사업참가기업모집공고과학기술정보통신부블록체인특화클러스터조성사업,부산테크노파크,2026-09-01~2026-09-11,수출,해외진출
biz,PBLN_000000000126025,[강원] 2026년 2차 지역기업 인식개선ㆍ브랜딩 콘텐츠 제작 지원 추가 모집 공고(지역산업맞춤형 일자리 지원사업),"우리 재단에서 수행하고 있는「2026년 지역산업맞춤형 일자리 지원사업(인재유입ㆍ고용서비스 지원)」의 기업지원사업과 관련하여 아래와 같이 추가모집 공고하오니 관심 있는 기업들의 많은 신청 바랍니다.
☞ 원주ㆍ춘천ㆍ홍천ㆍ횡성 소재 의료기기 및 의료기기산업 전ㆍ후방 소부장 기업
※ 자세한 지원대상 공고문 참조 
☞ 기업별 브랜딩 영상 콘텐츠 제작, 기업 특성을 반영한 콘텐츠 제작(기업당 최대 800만원) 지원",판로/수출,원주의료기기산업진흥원,강원특별자치도,중소기업,중소기업,,,,,,,홍보지원,2026-08-31,2026-09-11,,이메일 접수 (jbm@wmit.or.kr),이메일 접수 (jbm@wmit.or.kr),https://www.bizinfo.go.kr/sii/siia/selectSIIA200Detail.do?pblancId=PBLN_000000000126025,main,primary,강원2026년2차지역기업인식개선ㆍ브랜딩콘텐츠제작지원추가모집공고지역산업맞춤형일자리지원사업,원주의료기기산업진흥원,2026-08-31~2026-09-11,내수,홍보지원
biz,PBLN_000000000126024,[경기] 김포시 2026년 2차 사물인터넷(IoT) 측정기기 부착 지원사업 수정 공고,"「대기환경보전법 시행령」 제17조의 규정에 따라 오염물질배출량과 배출허용기준의 준수 여부 및 방지시설의 적정 가동 여부를 확인하기 위하여 추진하는「2026년 사물인터넷[IoT] 측정기기 부착 지원사업」을 아래와 같이 공고하오니 지원을 희망하는 중소기업은 경기대진테크노파크로 신청하여 주시기 바랍니다.
☞ 「중소기업기본법」시행령 제3조 제1항에 따른 중ㆍ소기업
- 「대기환경보전법 시행규칙」제37조의3[별표9의2] 규정에 따른 사물인터넷(IoT) 측정기기 부착대상 시설
- 보조금을 받아 설치한 방지시설
- 방지시설 설치면제 및 자가측정 면제와 관련하여 사물인터넷(IoT) 측정기기 부착  지원을 신청한 사업장의 습식 배출시설
☞ 부착대상 방지시설에 해당하는 사물인터넷(IoT) 측정기기 60% 지원",경영,경기대진테크노파크,경기도,중소기업,중소기업,,,,,,,시설/입지지원,2026-04-23,2026-09-30,,"온라인 접수 (네이버 폼)
※ 방문, 우편접수 불가
※ 10MB를 초과하는 파일의 경우 네이버폼 우선 접수 이후, chughong70@gdtp.or.kr로 추가 제출
※ 자세한 신청방법 공고문 참조","온라인 접수 (네이버 폼)
※ 방문, 우편접수 불가
※ 10MB를 초과하는 파일의 경우 네이버폼 우선 접수 이후, chughong70@gdtp.or.kr로 추가 제출
※ 자세한 신청방법 공고문 참조",https://www.bizinfo.go.kr/sii/siia/selectSIIA200Detail.do?pblancId=PBLN_000000000126024,main,primary,경기김포시2026년2차사물인터넷iot측정기기부착지원사업수정공고,경기대진테크노파크,2026-04-23~2026-09-30,경영,시설/입지지원
biz,PBLN_000000000126023,[경북] 2026년 하반기 예비사회적기업 지정계획 공고,"「경상북도 사회적경제 육성 및 지원에 관한 조례」 및 고용노동부 「2026년 예비사회적기업 지정 업무지침」에 따라 지역사회의 다양한 사회적기업 육성을 위해 2026년 상반기 경상북도 예비사회적기업 지정 계획을 다음과 같이 공고합니다. 
☞「사회적기업 육성법」제8조 및 같은 법 시행령 제8조에 따른 조직형태를 갖춘 기업
- 주된 사무소(본점) 소재지가 경상북도에 있고, 중앙부처나 자치단체에 등록ㆍ허가ㆍ신고ㆍ인증 등을 받은 다음의 조직
※ 자세한 조직형태 공고문 참조
☞ 각종 지원사업(판로, 교육, 컨설팅 등) 참여 자격 부여, 지방자치단체(경북도 및 시ㆍ군, 산하 공기업 포함) 우선구매 등 지원",경영,지역과소셜비즈,경상북도,사회적기업,사회적기업,,,,,,,디자인/상품화/사업화,2026-09-01,2026-09-21,,온라인 접수 (사회적기업 통합사업관리시스템),온라인 접수 (사회적기업 통합사업관리시스템),https://www.bizinfo.go.kr/sii/siia/selectSIIA200Detail.do?pblancId=PBLN_000000000126023,main,primary,경북2026년하반기예비사회적기업지정계획공고,지역과소셜비즈,2026-09-01~2026-09-21,경영,디자인/상품화/사업화
biz,PBLN_000000000126022,2026년 3차 재생에너지R&D(태양광) 신규지원대상 연구개발과제 공고,"신재생에너지핵심기술개발사업(태양광)의 2026년 3차 신규지원 대상 연구개발과제를 다음과 같이 공고하오니 해당 기술개발과제를 수행하고자 하는 자는 관련규정에 따라 신청하여 주시기 바랍니다.
☞ 주관연구개발기관 및 공동연구개발기관
- 기업, 대학, 연구기관, 연구조합, 사업자단체, 의료기관 등
※ 주관연구개발기관이 기업인 경우 접수마감일 현재 법인사업자이어야 함
※ 자세한 지원대상 공고문 참조
☞ 신재생에너지핵심기술개발사업(태양광) 연구개발비 지원
※ 자세한 지원내용 공고문 참조",기술,한국에너지기술평가원,전국,중소기업,중소기업,,,,,,,공동기술개발,2026-09-08,2026-10-01,,온라인 접수 (범부처통합연구지원시스템),온라인 접수 (범부처통합연구지원시스템),https://www.bizinfo.go.kr/sii/siia/selectSIIA200Detail.do?pblancId=PBLN_000000000126022,main,primary,2026년3차재생에너지rd태양광신규지원대상연구개발과제공고,한국에너지기술평가원,2026-09-08~2026-10-01,기술,공동기술개발
biz,PBLN_000000000126021,2026년 3차 KICET 기술이전조건부사업화지원사업 수혜기업 모집 공고,"한국세라믹기술원 보유기술을 이전받은 기업의 조기사업화지원을 위하여 아래와 같이 공고하오니 많은 신청 바랍니다. 
☞ 2025년 內 KICET 보유 기술을 이전 계약 체결한 기업 대상으로 아래 세부 기준을 모두 만족하는 기업
- (업종) 세라믹 관련 소재ㆍ부품ㆍ장비 기업
- (기술이전) 공고일 기준 기술료 1천만원 이상 납부 완료
☞ KICET 보유인프라 활용 기술지원부터 양산까지 선택형 지원
- 기술 지원, 사업화 지원, 양산 지원
※ 기업당 지원금 한도 내에서 프로그램(①~⑫)에서 중복신청 가능
※ 자세한 지원내용 공고문 참조",기술,한국세라믹기술원,전국,중소기업,중소기업,,,,,,,기술사업화/이전/지도,2026-08-31,2026-09-04,,이메일 접수 (kicet-tlo@kicet.re.kr),이메일 접수 (kicet-tlo@kicet.re.kr),https://www.bizinfo.go.kr/sii/siia/selectSIIA200Detail.do?pblancId=PBLN_000000000126021,main,primary,2026년3차kicet기술이전조건부사업화지원사업수혜기업모집공고,한국세라믹기술원,2026-08-31~2026-09-04,기술,기술사업화/이전/지도
biz,PBLN_000000000126020,2026년 하반기 방송통신정책연구 신규지원 대상과제 공고,"2026년도 하반기 방송통신정책연구(R&D) 신규과제를 다음과 같이 공고하오니 동 사업에 참여를 희망하는 기관(기업) 등은 관련 규정 및 절차에 따라 신청하여 주시기 바랍니다.
☞ 기업, 대학, 연구기관, 연구조합, 사업자단체 등
☞ ICT 및 방송통신융합분야 13개 과제 지원
※ 자세한 지원내용 공고문 참조",기술,정보통신기획평가원,전국,중소기업,중소기업,,,,,,,공동기술개발,2026-09-09,2026-09-23,,온라인 접수 (범부처통합연구지원시스템),온라인 접수 (범부처통합연구지원시스템),https://www.bizinfo.go.kr/sii/siia/selectSIIA200Detail.do?pblancId=PBLN_000000000126020,main,primary,2026년하반기방송통신정책연구신규지원대상과제공고,정보통신기획평가원,2026-09-09~2026-09-23,기술,공동기술개발
biz,PBLN_000000000126019,[충남] 2026년 4차 해양수산 창업투자지원사업 육성기업 상품홍보 참여기업 추가모집 공고,"충남테크노파크 그린바이오센터에서는「충남 해양수산 창업투자지원사업」의 일환으로 본 사업을 통해 제품화 및 사업화를 성공한 도내 해양수산 관련 기업을 대상으로 글로벌 상품 홍보, 신규 바이어 및 수출 판로 개척을 지원하고자 추진하는「2026년 육성기업 상품홍보」에 참여할 참가기업을 다음과 같이 모집합니다. 
☞ 아래 조건을 모두 충족하는 기업
① 본사, 연구소, 공장 중 1개 이상이 충남 내 소재하고 있는 해양수산 관련 중소기업
②「충남 해양수산 창업투자지원사업」수혜기업(2019~2026년)
-「해양수산 창업투자지원사업」을 통해 제품 개발 및 사업화 성공 기업(2026년 수혜기업 포함)
☞ 육성기업 상품홍보 지원
- 상품홍보, 통역, 바이어, 항공료, 물류, 사후관리, 기타",판로/수출,충남테크노파크,충청남도,중소기업,중소기업,,,,,,,시장개척,2026-09-01,2026-09-23,,이메일 접수 (sj5@ctp.or.kr),이메일 접수 (sj5@ctp.or.kr),https://www.bizinfo.go.kr/sii/siia/selectSIIA200Detail.do?pblancId=PBLN_000000000126019,main,primary,충남2026년4차해양수산창업투자지원사업육성기업상품홍보참여기업추가모집공고,충남테크노파크,2026-09-01~2026-09-23,수출,시장개척
biz,PBLN_000000000126018,2026년 KOTRA-쇼피 파워셀러 1단계 입점교육 4기 참가기업 모집 공고,"KOTRA는 온라인 수출 지원 수요 증가에 대응하여 유망 소비재 기업의 글로벌 온라인 유통망 입점부터 생존, 파워셀러로 성장하는 전 과정을 지원하는「2026 KOTRA-쇼피 파워셀러 육성사업 1단계 입점교육 4기」를 모집합니다. 아래와 같이 참가기업을 모집하오니 관심 기업의 많은 신청 부탁드립니다. 이번 4기에서는 동남아 시장과 더불어 브라질 마켓을 중심으로 한 중남미 시장 진출 관련 내용도 함께 다룰 예정이오니 관심 기업의 많은 신청 부탁드립니다.
☞ 쇼피 계정 미보유 기업 혹은 계정 보유 중이나 상품 미등록 상태로 기초입점 교육을 필요로 하는 국내 기업
☞ 기초입점교육 2회, 마케팅비 지원 30만원 지원
※ 자세한 지원내용 공고문 참조",판로/수출,대한무역투자진흥공사,전국,중소기업,중소기업,,,,,,,해외진출준비,2026-09-01,2026-09-22,,온라인 접수(무역투자24),온라인 접수(무역투자24),https://www.bizinfo.go.kr/sii/siia/selectSIIA200Detail.do?pblancId=PBLN_000000000126018,main,primary,2026년kotra쇼피파워셀러1단계입점교육4기참가기업모집공고,대한무역투자진흥공사,2026-09-01~2026-09-22,수출,해외진출준비
biz,PBLN_000000000126017,2026년 여성벤처 성장 챌린지 참가자 모집 공고,"우수한 창업 아이디어를 보유한 여성 (예비)창업자의 창업도전을 
응원하고 지원하는「2026 여성벤처 성장 챌린지」창업 공모전을 개최하오니, 관심 있는 분들의 많은 참여 바랍니다.
☞  사업 공고일 기준(26.9.1) 유망 기술창업 아이디어를 보유하고 있으며, 벤처기업으로 창업 및 성장 가능한 여성 예비창업자 또는 창업 6개월 미만의 기업 여성 대표자
※ 자세한 지원대상 공고문 참조
☞ 상장 및 상금 수여",창업,한국여성벤처협회,전국,여성기업,여성,,,,,,,사업화지원,2026-09-01,2026-09-30,,이메일 제출(kovwabiz@naver.com),이메일 제출(kovwabiz@naver.com),https://www.bizinfo.go.kr/sii/siia/selectSIIA200Detail.do?pblancId=PBLN_000000000126017,main,primary,2026년여성벤처성장챌린지참가자모집공고,한국여성벤처협회,2026-09-01~2026-09-30,창업,사업화지원
biz,PBLN_000000000126016,[경기] 안산시 제조업 혁신을 위한 첨단 로봇 공정개발 및 실증사업 공고,"한국생산기술연구원은 안산지역 제조기업의 고난도ㆍ노동집약 공정을 개선하고, 피지컬 AI 및 첨단로봇 기술을 활용한 공정모델 개발과 현장실증을 통해 제조경쟁력과 로봇산업 생태계를 강화하고자「제조업 혁신을 위한 첨단 로봇 공정개발 및 실증사업 공고」을 추진하고자 합니다. 다음과 같이 사업공모 계획을 공고하오니, 참여를 희망하는 기업의 많은 참여를 바랍니다.
☞ 첨단로봇 공정모델 R&D와 현장실증을 안정적으로 수행할 수 있는 수요-공급 컨소시엄
- 수요기업 : 본사 또는 실증공장이 안산시에 소재한 중소ㆍ중견 제조기업
※ 자세한 지원대상 공고문 참조 
☞ 로봇공정 도입 컨설팅, 첨단로봇 공정모델 설계, 첨단로봇 공정실증(Scale-up), 안전ㆍ교육ㆍ성능검증 지원",기술,한국생산기술연구원,경기도,중소기업,중소기업,,,,,,,기술사업화/이전/지도,2026-08-31,2026-09-11,,이메일 접수 (ythwang@kitech.re.kr),이메일 접수 (ythwang@kitech.re.kr),https://www.bizinfo.go.kr/sii/siia/selectSIIA200Detail.do?pblancId=PBLN_000000000126016,main,primary,경기안산시제조업혁신을위한첨단로봇공정개발및실증사업공고,한국생산기술연구원,2026-08-31~2026-09-11,기술,기술사업화/이전/지도
biz,PBLN_000000000126015,[인천] 서해구 2026년 한ㆍ중 IP SOLUTION 지원기업 모집 공고,"인천지식재산센터는 인천시 서구 소재 중소기업의 중국 수출을 위한 현지 IP 분석 및 권리화 지원사업을 아래와 같이 운영하오니, 중국 수출을 진행(준비) 중인 중소기업의 많은 참여 바랍니다.
☞ 인천 서구(본사) 서해구 소재의 중국 수출(예정)중인 중소기업
☞ 중국 개별국 IP(특허, 실용신안, 상표, 디자인) 출원 비용 지원",판로/수출,인천지식재산센터,인천광역시,중소기업,중소기업,,,,,,,해외진출준비,2026-08-31,2026-09-14,,이메일 접수 (ysttsy@incham.net),이메일 접수 (ysttsy@incham.net),https://www.bizinfo.go.kr/sii/siia/selectSIIA200Detail.do?pblancId=PBLN_000000000126015,main,primary,인천서해구2026년한ㆍ중ipsolution지원기업모집공고,인천지식재산센터,2026-08-31~2026-09-14,수출,해외진출준비
biz,PBLN_000000000126014,[강원] 2026년 디자인어워드(해외) 출품지원 참여기업 모집 재공고,"강원디자인진흥원은 도내 중소기업 및 디자인기업의 디자인 경쟁력 강화 및 브랜드 가치 제고를 위하여 「2026 디자인어워드(해외) 출품지원사업」을 시행하오니, 관심 있는 기업의 많은 신청 바랍니다.
☞ 아래 요건(필수 1~3번)을 모두 충족하여야 함
- (필수 1) 강원지역 소재 중소기업 또는 디자인기업(사업자등록증명원 기준)
- (필수 2) 출품 상품의 소유권을 보유한 기업 또는 디자인개발기업
※ 단, 디자인개발기업은 상품 소유기업과 공동 신청하거나 사전 동의를 받아 신청 가능
- (필수 3) 참여 어워드 출품자격 요건 해당 기업(어워드 공식 홈페이지 확인 必)
☞ iF, Red Dot, IDEA 디자인어워드 출품 및 심사료 등(기업당 최대 200만원) 지원",판로/수출,강원디자인진흥원,강원특별자치도,중소기업,중소기업,,,,,,,해외진출준비,2026-08-20,2026-12-04,,온라인 접수 (지역디자인통합플랫폼),온라인 접수 (지역디자인통합플랫폼),https://www.bizinfo.go.kr/sii/siia/selectSIIA200Detail.do?pblancId=PBLN_000000000126014,main,primary,강원2026년디자인어워드해외출품지원참여기업모집재공고,강원디자인진흥원,2026-08-20~2026-12-04,수출,해외진출준비
biz,PBLN_000000000126013,[경기] 하남시 2026년 일자리창출 우수기업 선정 계획 공고,"하남시에서는 일자리 창출 및 취업 취약계층 등 고용안정에 기여한 지속 성장성이 높은 기업을 발굴ㆍ선정하여 고용창출 확대와 지역경제를 활성화하고자「2026년 일자리창출 우수기업 선정」계획을 다음과 같이 공고하오니 많은 참여 바랍니다.
☞ 공고일 현재 관내에서 2년 이상 운영 중인 기업으로 청년 및 취업 취약계층 등의 시민을 고용하여 고용 촉진, 지역경제 발전에 기여하고 지속 성장성이 높은 관내 기업
☞ 일자리 창출 우수기업 선정 및 직원복지와 관련된 필요경비 등 지원",기술,기초자치단체,경기도,중소기업,중소기업,,,,,,,기술인력/장비지원,2026-09-01,2026-10-02,,"방문 또는 우편 접수
- 접수처 : (12951)경기도 하남시 대청로 10, 하남시청 본관 3층 지역경제과","방문 또는 우편 접수
- 접수처 : (12951)경기도 하남시 대청로 10, 하남시청 본관 3층 지역경제과",https://www.bizinfo.go.kr/sii/siia/selectSIIA200Detail.do?pblancId=PBLN_000000000126013,main,primary,경기하남시2026년일자리창출우수기업선정계획공고,기초자치단체,2026-09-01~2026-10-02,기술,기술인력/장비지원
biz,PBLN_000000000126012,[대구] 동구 2026년 청년 창업기업 사무실 임차료 지원사업 참여자 추가모집 공고,"대구광역시 동구에서는 청년 창업자의 사업장 임차료 부담을 경감하여 안정적인 창업 환경을 제공하고자 「2026년 청년 창업기업 사무실 임차료 지원사업」 참여자를 다음과 같이 추가 모집합니다.
☞ (′26. 2. 25. 기준) 청년 창업자로 아래 조건을 모두 충족하는 자
- 주소지 :(′26. 5. 31. 주민등록 기준) 대구광역시 동구
- 연령 : 19 ~ 39세의 청년   ※ 1987. 1. 1. ~ 2007. 12. 31. 출생자 해당 
- 사업장 : (′26. 2. 25. 기준) 동구에 사업자 등록(7년 미만) 후 현재까지 영업중※ 2019. 2. 26. 이후 사업자 등록
- 임차료 : 월 임차료 30만원 이상
- 근로자 수 : 광업ㆍ제조업ㆍ건설업 및 운수업 : 10명 미만 / 그 외 업종 : 5명 미만
☞ 사무실 임차료 50% 지원(월 최대 50만원 한도, 최대 10개월)",경영,기초자치단체,대구광역시,창업벤처,"청년,초기창업기업",,,,,,,시설/입지지원,2026-08-25,2026-09-09,,"방문, 우편, 이메일 접수
- 접수처 : 대구광역시 동구 효목로 7, 2층 동구청년센터
※ 방문 : 평일 09~18시, 공휴일 제외 / 우편 : 9월 9일 소인분까지 유효
- 이메일 : hope1953@daum.net 
※ 9월 9일 18시까지 이메일 수신 완료에 한하여 유효 이메일 접수 시 수신 여부를 전화로 반드시 확인(053-261-3358)","방문, 우편, 이메일 접수
- 접수처 : 대구광역시 동구 효목로 7, 2층 동구청년센터
※ 방문 : 평일 09~18시, 공휴일 제외 / 우편 : 9월 9일 소인분까지 유효
- 이메일 : hope1953@daum.net 
※ 9월 9일 18시까지 이메일 수신 완료에 한하여 유효 이메일 접수 시 수신 여부를 전화로 반드시 확인(053-261-3358)",https://www.bizinfo.go.kr/sii/siia/selectSIIA200Detail.do?pblancId=PBLN_000000000126012,main,primary,대구동구2026년청년창업기업사무실임차료지원사업참여자추가모집공고,기초자치단체,2026-08-25~2026-09-09,경영,시설/입지지원
biz,PBLN_000000000126011,[부산] 2027년 2차 방산 중소기업 생산성향상 지원사업 공고,"부산테크노파크는 방산 중소기업의 생산성 향상과 제조 경쟁력 강화를 위해 금형 및 생산설비 고도화를 지원하고, 방산 공급망 참여 확대와 수출 경쟁력 확보를 통한 지역 방위산업 생태계 활성화를 도모하고자 「방산 중소기업 생산성 향상 지원사업」을 다음과 같이 2차 공고하오니, 관련 기업의 많은 참여를 바랍니다.
☞ 부산지역(본사 또는 공장 소재) 방산 중소기업으로서 대규모 방산 수출 수주(`22년 이후 기준 50백만 달러 이상 수주 무기체계) 체계기업에 부품을 공급하고 있거나 공급 예정인 기업 중 생산성 향상이 필요한 기업
☞ 금형 고도화 및 신규제작, 생산 최적화 및 생산설비 고도화 지원
※ 자세한 지원내용 공고문 참조",기술,부산테크노파크,부산광역시,중소기업,중소기업,,,,,,,기술사업화/이전/지도,2026-08-31,2026-09-08,,온라인 접수 (부산테크노파크 전자평가시스템 ),온라인 접수 (부산테크노파크 전자평가시스템 ),https://www.bizinfo.go.kr/sii/siia/selectSIIA200Detail.do?pblancId=PBLN_000000000126011,main,primary,부산2027년2차방산중소기업생산성향상지원사업공고,부산테크노파크,2026-08-31~2026-09-08,기술,기술사업화/이전/지도
biz,PBLN_000000000126010,[울산] 2026년 글로벌 공공조달 수출상담회(GPPM) 참가기업 모집 공고,"울산경제일자리진흥원은 지역 중소기업의 해외공공조달 시장진출을 지원하고자, 국제기구, 해외발주처 초청 수출상담회「글로벌 공공조달 수출상담회(GPPM)」참가기업을 다음과 같이 모집합니다.
☞ 울산지역 중소기업
☞ 참가기업 대상 출장자 울산 ↔ 서울 왕복교통비(실비), 중식 지원",판로/수출,울산경제일자리진흥원,울산광역시,중소기업,중소기업,,,,,,,해외진출준비,2026-08-31,2026-09-15,,온라인 접수(GPPM 2026 공식 홈페이지),온라인 접수(GPPM 2026 공식 홈페이지),https://www.bizinfo.go.kr/sii/siia/selectSIIA200Detail.do?pblancId=PBLN_000000000126010,main,primary,울산2026년글로벌공공조달수출상담회gppm참가기업모집공고,울산경제일자리진흥원,2026-08-31~2026-09-15,수출,해외진출준비
biz,PBLN_000000000126009,[충남] 2026년 4차 소상공인ㆍ자영업자 재기지원사업 모집 공고,"충청남도와 소상공인자영업자새출발기금(주), (재)충남경제진흥원에서는 소상공인ㆍ자영업자의 재기지원을 통한 안정적인 사업운영을 지원하기 위해「충남 소상공인ㆍ자영업자 재기지원사업」참여업체를 모집하오니 많은 참여 바랍니다.
☞ 「충청남도 소상공인 지원 및 보호에 관한 조례」제2조에 따른 소상공인으로 새출발기금 채무조정 약정체결자 중 미연체자
☞ 재기사업화 수행을 위한 사업화 자금(100 ~ 600만원) 지원
- 매장 모델링, 브랜드 개발, 마케팅 홍보, 온라인 판로 지원",경영,충남경제진흥원,충청남도,소상공인,소상공인,,,,,,,시설/입지지원,2026-08-31,2026-09-04,,온라인 접수(충남경제진흥원 통합지원시스템),온라인 접수(충남경제진흥원 통합지원시스템),https://www.bizinfo.go.kr/sii/siia/selectSIIA200Detail.do?pblancId=PBLN_000000000126009,main,primary,충남2026년4차소상공인ㆍ자영업자재기지원사업모집공고,충남경제진흥원,2026-08-31~2026-09-04,경영,시설/입지지원
biz,PBLN_000000000126008,[강원] 2026년 푸드엑스포 카자흐스탄 참가 지원사업 참가기업 모집 공고,"도내 기업의 중앙아시아 시장 수출 판로개척 및 확대를 위하여 아래와 같이 「2026 푸드엑스포 카자흐스탄 참가 지원사업」의 참가기업을 모집하오니 많은 참여 바랍니다.
☞ 강원특별자치도 소재(본사 또는 공장) 식품 관련 중소기업
☞ 강원특별자치도 공동관(24.5sqm) 구성 및 운영, 바이어 발굴 및 현장 상담(통역) 지원",판로/수출,강원특별자치도경제진흥원,강원특별자치도,중소기업,중소기업,,,,,,,시장개척,2026-08-31,2026-09-14,,온라인 접수(수출기업서포트),온라인 접수(수출기업서포트),https://www.bizinfo.go.kr/sii/siia/selectSIIA200Detail.do?pblancId=PBLN_000000000126008,main,primary,강원2026년푸드엑스포카자흐스탄참가지원사업참가기업모집공고,강원특별자치도경제진흥원,2026-08-31~2026-09-14,수출,시장개척
biz,PBLN_000000000126007,[광주] 문화예술ㆍ관광도시 활성화 지원사업 수혜기업 모집 공고,"광주테크노파크는 지역 내 문화예술ㆍ관광도시 분야 기업이 시장 수요에 적합한 콘텐츠와 서비스를 개발ㆍ사업화할 수 있도록 맞춤형 제작 지원, 기술 자문, 실증ㆍ홍보 연계 등을 제공함으로써 기업의 경쟁력 강화와 지역 초기 창업 활성화에 기여하고자「광주 문화예술ㆍ관광도시 활성화 지원사업」의 수혜기업을 모집하오니, 참여를 희망하는 기업의 많은 관심과 지원 바랍니다.
☞ 전남광주통합특별시 지역 내 본사 또는 주사업장 소재 기반 문화예술ㆍ관광도시 분야 기업(7년 이내 초기창업 기업 또는 예비창업자(선정 시, 사업자 등록 必))
☞ 디지털콘텐츠 제작, 문화 관광형 서비스 개발, 전시ㆍ체험ㆍ홍보관 등 실증 지원
※ 자세한 지원내용 공고문 참조",창업,광주테크노파크,광주광역시,창업벤처,초기창업기업,,,,,,,사업화지원,2026-08-31,2026-09-11,,"이메일 또는 방문, 우편 접수
- 접수처 : 전남광주통합특별시 북구 추암로 249 생체의료로봇센터 201호 메디헬스케어센터
- 이메일 : pyojh@gjtp.or.kr
※ 이메일(권장 지원) 및 우편 접수","이메일 또는 방문, 우편 접수
- 접수처 : 전남광주통합특별시 북구 추암로 249 생체의료로봇센터 201호 메디헬스케어센터
- 이메일 : pyojh@gjtp.or.kr
※ 이메일(권장 지원) 및 우편 접수",https://www.bizinfo.go.kr/sii/siia/selectSIIA200Detail.do?pblancId=PBLN_000000000126007,main,primary,광주문화예술ㆍ관광도시활성화지원사업수혜기업모집공고,광주테크노파크,2026-08-31~2026-09-11,창업,사업화지원
biz,PBLN_000000000126006,[경남] 기업주도형 산ㆍ학ㆍ연 공동R&D 과제기획(연구회) 지원기업 모집 공고,"경남테크노파크는 산업기술단지거점기능강화사업 일환으로, '27년 정부R&D 공모 대응을 위한 기업주도형 산ㆍ학ㆍ연 과제연구회의 공동 R&D 과제기획을 지원하오니 도내 중소기업의 많은 신청 바랍니다.
☞ 2027년 정부R&D 과제 신청을 목표로 사업자등록증을 기준으로 본사가 경남에 소재한 중소기업이 주관하는 과제연구회
☞ '27년 정부R&D 수행을 위한 산학연 공동R&D 과제기획 연구비 지원",기술,경남테크노파크,경상남도,중소기업,중소기업,,,,,,,공동기술개발,2026-08-31,2026-09-11,,온라인 접수 (경남테크노파크),온라인 접수 (경남테크노파크),https://www.bizinfo.go.kr/sii/siia/selectSIIA200Detail.do?pblancId=PBLN_000000000126006,main,primary,경남기업주도형산ㆍ학ㆍ연공동rd과제기획연구회지원기업모집공고,경남테크노파크,2026-08-31~2026-09-11,기술,공동기술개발
biz,PBLN_000000000126005,[강원] 2026년 소상공인 IP창출지원 레시피 특허 출원 지원사업 모집 공고,"소상공인의 지식재산 피해를 예방하고 안정적 성장을 돕기 위하여, 소상공인이 보유하고 있는 레시피(음식 조리 또는 식품 제조 방법)를 권리로 보호하기 위한 특허 출원 지원 사업을 진행하오니 희망하는 소상공인은 아래에 따라 신청하여 주시기 바랍니다.
☞ 「소상공인기본법」제2조에 따른 소상공인(사업자등록증 보유)으로서 소상공인 IP창출지원 상표출원 지원사업 또는 IP창출 종합패키지를 지원받은 소상공인
※ 자세한 지원대상 공고문 참조
☞ 레시피 특허 출원 1건 지원",기술,강원특별자치도경제진흥원,강원특별자치도,소상공인,소상공인,,,,,,,시험/인증,2026-09-01,2026-09-10,,온라인 접수(RIPC 지원사업 신청시스템),온라인 접수(RIPC 지원사업 신청시스템),https://www.bizinfo.go.kr/sii/siia/selectSIIA200Detail.do?pblancId=PBLN_000000000126005,main,primary,강원2026년소상공인ip창출지원레시피특허출원지원사업모집공고,강원특별자치도경제진흥원,2026-09-01~2026-09-10,기술,시험/인증
biz,PBLN_000000000126004,2026년 한국영화 첨단제작 집중지원 2회차 사업 공고,"영화산업 침체로 위축된 제작환경 속에서 기술 집약도가 높은 한국영화의 기술 수준을 제고함으로써 한국영화 산업 경쟁력 회복 도모해드리는 사업입니다.
☞「영화 및 비디오물의 진흥에 관한 법률」에 따른 영화제작업자 또는「애니메이션산업 진흥에 관한 법률」에 따른 애니메이션제작업자로, 사업자등록증과 영화제작업 신고증(또는 애니메이션제작업신고증)을 발급받은 법인사업자
- 순제작비 20억 원 이상의 한국영화(극장 상영용 장편, 60분 이상)
- 신청접수 마감일 기준 촬영 중이거나 후반작업 진행 중인 작품(완성작 신청 불가)
※ 단, 지원작 선정 후 약정 체결 전까지 제작 착수(본 촬영 진행) 예정인 작품도 신청 가능
※ 자세한 지원대상 공고문 참조
☞ 편당 지원금액 후반작업비 50% 이내 지원
※ 자세한 지원내용 공고문 참조",경영,영화진흥위원회,전국,중소기업,중소기업,,,,,,,디자인/상품화/사업화,2026-08-28,2026-09-11,,온라인 접수 (영화진흥위원회),온라인 접수 (영화진흥위원회),https://www.bizinfo.go.kr/sii/siia/selectSIIA200Detail.do?pblancId=PBLN_000000000126004,main,primary,2026년한국영화첨단제작집중지원2회차사업공고,영화진흥위원회,2026-08-28~2026-09-11,경영,디자인/상품화/사업화
biz,PBLN_000000000126003,[경북] 구미시 2026년 소상공인 로컬팩(Local Pack) 지원사업 로컬 크리에이터 팝업전 참여자 모집 공고,"구미 지역 로컬 크리에이터 및 소상공인 제품의 판로 확대를 위해「(가칭)픽앤로컬」팝업전을 추진하고자 하오니, 참여를 희망하는 기업의 많은 신청 바랍니다.
☞ 구미시 로컬 크리에이터 및 사업 취지에 부합하는 제품을 보유한 소상공인
- 모집품목 : 굿즈, 공예품, 생활소비재, 패션잡화, 디자인 상품, 관광 기념품 등 백화점(쇼핑몰) 팝업 판매가 가능한 제품 
☞ 백화점(쇼핑몰) 팝업전 내 제품 전시ㆍ판매 공간 구성, 제품 진열, 현장 판매, 고객 응대 등 팝업 운영, 제품 홍보 콘텐츠 제작 및 온ㆍ오프라인 홍보, 참여기업 제품 및 브랜드 홍보 지원
※ 자세한 지원내용 공고문 참조",경영,구미전자정보기술원,경상북도,소상공인,소상공인,,,,,,,디자인/상품화/사업화,2026-08-26,2026-09-09,,온라인 접수 (구미시 창업지원안내사이트),온라인 접수 (구미시 창업지원안내사이트),https://www.bizinfo.go.kr/sii/siia/selectSIIA200Detail.do?pblancId=PBLN_000000000126003,main,primary,경북구미시2026년소상공인로컬팩localpack지원사업로컬크리에이터팝업전참여자모집공고,구미전자정보기술원,2026-08-26~2026-09-09,경영,디자인/상품화/사업화
biz,PBLN_000000000126002,[충북] 흥덕구 2026년 하반기 영농부산물 파쇄지원 사업 신청 공고,"농업부산물 소각으로 인한 산불을 예방하기 위해 2026년 하반기 영농부산물 파쇄지원 사업 신청을 접수합니다. 농업인 여러분의 많은 신청 바랍니다!
☞ 관내 농지를 소유(임대)하여 농작물을 실경작하고 있는 농업인(1인당 최대 1,500평 이하)
- 파쇄작목 : 과수 전정가지, 밭 농업 부산물(고춧대, 깻대 등)
☞ 찾아가는 영농부산물 파쇄 지원",경영,농업기술센터,충청북도,중소기업,중소기업,,,,,,,시설/입지지원,2026-09-07,2026-09-30,,"문의처 접수 (043-201-3866, 3864)","문의처 접수 (043-201-3866, 3864)",https://www.bizinfo.go.kr/sii/siia/selectSIIA200Detail.do?pblancId=PBLN_000000000126002,main,primary,충북흥덕구2026년하반기영농부산물파쇄지원사업신청공고,농업기술센터,2026-09-07~2026-09-30,경영,시설/입지지원
biz,PBLN_000000000126001,[충북] 2026년 지능형첨단부품산업의 디지털전환 거점 구축 사업 AI 융합 제품ㆍ솔루션 고도화 지원 수혜기업 추가 모집 공고,"2026년도 산업통상부와 충청북도의 지원으로 국가혁신융복합단지 內 입주기업을대상 AI 융합 제품ㆍ솔루션 고도화 지원 프로그램을 추진하오니, 해당 프로그램참여를 희망하는 관련 중소ㆍ중견기업의 많은 신청 바랍니다.
☞ 충북 국가혁신융ㆍ복합단지 內에 본사, 공장, 연구소(기업부설연구소) 등 지능형첨단부품산업 관련 기업
- 기존 제품에 AI 기술을 접목한 제품 개발이나 기존 AI 솔루션을 보유하고 있으나 성능 개선이 필요한 기업
☞ 기업이 보유한 제품에 AI 기술을 적용하기 위한 비용 및 기존 AI 솔루션의 성능 개선ㆍ고도화를 위한 비용 지원
- 핵심부품, 제품 설계 및 구조 변경, 데이터 품질 개선, 데이터 수집 환경, AI 기능 고도화 지원",기술,충북테크노파크,충청북도,중소기업,중소기업,,,,,,,기술인력/장비지원,2026-08-31,2026-09-11,,온라인 접수 (충북테크노파크 사업관리시스템),온라인 접수 (충북테크노파크 사업관리시스템),https://www.bizinfo.go.kr/sii/siia/selectSIIA200Detail.do?pblancId=PBLN_000000000126001,main,primary,충북2026년지능형첨단부품산업의디지털전환거점구축사업ai융합제품ㆍ솔루션고도화지원수혜기업추가모집공고,충북테크노파크,2026-08-31~2026-09-11,기술,기술인력/장비지원
biz,PBLN_000000000126000,[충북] 2026년 지능형첨단부품산업의 디지털전환 거점 구축 사업 글로벌 플랫폼 연계 사업화 기술지원 수혜기업 추가 모집 공고,"2026년도 산업통상부와 충청북도의 지원으로 국가혁신융복합단지 內 입주기업을 대상 글로벌 플랫폼 연계 사업화 기술지원 프로그램을 추진하오니, 해당 프로그램 참여를 희망하는 관련 중소ㆍ중견기업의 많은 신청 바랍니다.
☞ 충북 국가혁신융ㆍ복합단지 內에 본사, 공장, 연구소(기업부설연구소) 등 지능형첨단부품산업 관련 기업
- AI 제품ㆍ솔루션을 보유하거나 개발 중인 기업, 클라우드 기반의 서비스를 지원받아 사업화를 준비하고 있는 기업
☞ 클라우드 플랫폼(Microsoft Azure) 활용 지원
- 클라우드 크레딧, AI 서비스 운영, AI API 활용, SaaS 운영환경, 기술컨설팅, 기술지원, 교육 프로그램 지원",기술,충북테크노파크,충청북도,중소기업,중소기업,,,,,,,기술인력/장비지원,2026-08-31,2026-09-11,,온라인 접수 (충북테크노파크 사업관리시스템),온라인 접수 (충북테크노파크 사업관리시스템),https://www.bizinfo.go.kr/sii/siia/selectSIIA200Detail.do?pblancId=PBLN_000000000126000,main,primary,충북2026년지능형첨단부품산업의디지털전환거점구축사업글로벌플랫폼연계사업화기술지원수혜기업추가모집공고,충북테크노파크,2026-08-31~2026-09-11,기술,기술인력/장비지원
biz,PBLN_000000000125999,[충남] 아산시 CES 2027 기업지원 사업 참가기업 모집 공고,"아산시는 미래 첨단산업 분야 기업의 글로벌 산업ㆍ기술 동향 파악과 해외시장 진출 역량 강화를 지원하기 위해 세계 최대 ITㆍ가전 전시회인「CES 2027」참관기업을 모집합니다. CES 2027 참관을 통해 글로벌 첨단기술 및 산업 동향을 파악하고, 해외 기업과의 네트워크 구축 및 새로운 비즈니스 기회를 발굴하고자 하는 아산시 소재 우수기업의 많은 관심과 참여 바랍니다.
☞ 아산시 소재 미래 첨단산업 관련 중소ㆍ벤처기업
※ 인공지능(AI), 모빌리티, 디지털헬스, 반도체 등 미래 첨단산업 분야의 혁신기업
※ 시내 본사, 공장, 지사, 연구소 등이 소재한 기업(단순 영업소 제외)
☞ CES 2027 참관에 소요되는 항공료, 숙박비, CES 뱃지 등록비 등 참관 경비 지원
- 참관기업 간 현지 교류 및 사후 성과공유를 위한 간담회 운영",판로/수출,충남테크노파크,충청남도,중소기업,중소기업,,,,,,,해외진출,2026-09-10,2026-09-15,,"이메일 접수 후 방문 또는 우편 접수
- 이메일 : soob@ctp.or.kr
- 접수처 : (31214) 충남 천안시 동남구 풍세면 풍세로 303 충남테크노파크 첨단모빌리티센터 201호
※ 무역통계 이용동의 필수
※ 자세한 신청방법 공고문 참조","이메일 접수 후 방문 또는 우편 접수
- 이메일 : soob@ctp.or.kr
- 접수처 : (31214) 충남 천안시 동남구 풍세면 풍세로 303 충남테크노파크 첨단모빌리티센터 201호
※ 무역통계 이용동의 필수
※ 자세한 신청방법 공고문 참조",https://www.bizinfo.go.kr/sii/siia/selectSIIA200Detail.do?pblancId=PBLN_000000000125999,main,primary,충남아산시ces2027기업지원사업참가기업모집공고,충남테크노파크,2026-09-10~2026-09-15,수출,해외진출
biz,PBLN_000000000125998,2026년 중앙지구 도시재생 뉴딜사업 비단길청년몰 청년상인 및 창업 아카데미 교육 대상자 모집 공고,"진주중앙시장 내 빈 점포를 활용하여 전통시장 상권 활성화와 청년 상인을 육성하기 위해 창업에 대한 열정과 도전정신을 가진 청년 창업자를 모집하오니 적극 지원하여 주시기 바랍니다.
☞ 19세이상~39세이하 청년상인
※ 선정후 진주시로 전입신고를 반드시 해야 하며, 협약기간동안 진주시에 주소를 두어야 함.
☞ 공용공간 무료이용, 청년몰(주방설비, 공용 세척실, 공용 식사공간, 공용 창고, 홍보ㆍ마케팅), 창업 아카데미 교육 지원",경영,기초자치단체,경상남도,소상공인,"소상공인,청년",,,,,,,시설/입지지원,2026-08-31,2026-09-09,,"온라인 및 이메일 접수
- 온라인 : 구글폼
- 이메일 : jinju_cenpre@naver.com
※ 반드시 담당자와 유선전화(055-743-3954) 확인 후 신청","온라인 및 이메일 접수
- 온라인 : 구글폼
- 이메일 : jinju_cenpre@naver.com
※ 반드시 담당자와 유선전화(055-743-3954) 확인 후 신청",https://www.bizinfo.go.kr/sii/siia/selectSIIA200Detail.do?pblancId=PBLN_000000000125998,main,primary,2026년중앙지구도시재생뉴딜사업비단길청년몰청년상인및창업아카데미교육대상자모집공고,기초자치단체,2026-08-31~2026-09-09,경영,시설/입지지원
biz,PBLN_000000000125997,2026년 중소기업제품 전용판매장(면세장) 참여기업 모집 공고,"우수 중소기업제품의 해외시장 진출 지원을 위한「2026년 중소기업 제품전용판매장(면세장)」의 참여기업 모집을 아래와 같이 공고하오니, 중소기업의 많은 참여를 바랍니다.
☞ 「중소기업기본법」 제2조에 따른 중소기업 또는「소상공인기본법」제2조에 따른 소상공인으로, 면세점에서 판매 가능한 B2C 제품을 생산(제조)하는 기업
- 인천국제공항 제1ㆍ2여객터미널 3층 출국장에 위치한 정책면세점(판판듀티프리샵)에 신규 입점하여 지원사업 참여를 희망하는 기업
☞  중소기업제품 전용면세점에서 국내외 방문객을 대상으로 홍보ㆍ마케팅, 인테리어 및 판매를 위한 공간ㆍ인력 지원",판로/수출,한국중소벤처기업유통원,전국,중소기업,중소기업,,,,,,,오프라인,2026-09-01,2027-06-30,,온라인 접수 (판판대로),온라인 접수 (판판대로),https://www.bizinfo.go.kr/sii/siia/selectSIIA200Detail.do?pblancId=PBLN_000000000125997,main,primary,2026년중소기업제품전용판매장면세장참여기업모집공고,한국중소벤처기업유통원,2026-09-01~2027-06-30,내수,오프라인
biz,PBLN_000000000125996,2026년 중소기업 AX 우수사례 공모전 참가기업 모집 공고,"중소벤처기업부는 중소기업의 AI 기술 활용 우수사례를 발굴ㆍ전파하여 지역 중소기업의 AI 전환(AX)을 확산하고자 「중소기업 AX 우수사례 공모전」을 개최합니다. 경영 혁신을 이룬 중소기업의 많은 관심과 참여를 바랍니다.
☞ AI 도입을 통한 경영 혁신성과 중소기업ㆍ소상공인
☞ 중소벤처기업부 장관, 중소벤처기업진흥공단 이사장 훈ㆍ포상
※ 자세한 지원내용 공고문 참조",기술,지방중소벤처기업청,전국,중소기업,중소기업,,,,,,,기술사업화/이전/지도,2026-09-01,2026-09-21,,"이메일 접수
- 접수처 : 관할구역 내 지방중소벤처기업청별 담당자 
※ 자세한 신청방법 및 담당자 이메일 주소 공고문 참조","이메일 접수
- 접수처 : 관할구역 내 지방중소벤처기업청별 담당자 
※ 자세한 신청방법 및 담당자 이메일 주소 공고문 참조",https://www.bizinfo.go.kr/sii/siia/selectSIIA200Detail.do?pblancId=PBLN_000000000125996,main,primary,2026년중소기업ax우수사례공모전참가기업모집공고,지방중소벤처기업청,2026-09-01~2026-09-21,기술,기술사업화/이전/지도
biz,PBLN_000000000125995,2026년 4차 전북 기업성장 환류형 상생일자리 지원사업 참여기업 모집 공고(BIONE 고용혁신 프로젝트),"고용노동부ㆍ전북특별자치도와 전주시ㆍ익산시ㆍ정읍시에서는 지역의 우수한 바이오 기능을 연계하고 산업 성장과 양질의 일자리 생태계 구축을 위해「BIONE 고용혁신 프로젝트」를 시행합니다. 이에 전북바이오융합산업진흥원에서는 전주시ㆍ익산시ㆍ정읍시에 소재한 바이오기업을 대상으로 기업성장이 근로자복지로 환류하는 상생형 일자리 지원을 위하여 다음과 같이 참여기업을 모집하오니 많은 관심과 참여 바랍니다.
☞ 전주ㆍ익산ㆍ정읍시에 사업장을 두었거나, 협약 종료일까지 해당지역에 사업장(본사 또는 연구소, 공장 등)을 이전ㆍ추가 설치할 계획인 바이오기업
- 신청자격을 충족하는 기업 중 권역별 지역 내 연계를 활용해 기업성장 및 신규 고용창출이 가능한 기업(지원사업 1차 공고일 기준<2026. 5. 8. 이후> 채용자에 한하여 소급적용 가능)
※ 바이오기업 : 바이오의약품, 바이오헬스, 바이오화학ㆍ연료, 기능성식품ㆍ화장품 등 공고문 하단 지원대상 산업분류 코드 참고
※ 자세한 지원대상 공고문 참조
☞ 고용이음 기반지원(기능이음형, 이전ㆍ확장형, 협력이음형), 고용이음 확장지원
- 고용이음 기반지원(유형 중 택1) : 기업당 최대 40백만원
- 고용이음 확장지원(기반지원 선정기업 중 조건충족 기업) : 단계별 최대 15백만원 지원
※ 자세한 지원내용 공고문 참조",기술,전북바이오융합산업진흥원,전북특별자치도,중소기업,중소기업,,,,,,,기술사업화/이전/지도,2026-08-31,2026-09-15,,"이메일 접수 (jife6581@gmail.com)
※ 담당자 유선 확인 필수","이메일 접수 (jife6581@gmail.com)
※ 담당자 유선 확인 필수",https://www.bizinfo.go.kr/sii/siia/selectSIIA200Detail.do?pblancId=PBLN_000000000125995,main,primary,2026년4차전북기업성장환류형상생일자리지원사업참여기업모집공고bione고용혁신프로젝트,전북바이오융합산업진흥원,2026-08-31~2026-09-15,기술,기술사업화/이전/지도
biz,PBLN_000000000125994,2026년 지역 중소기업 AI 활용ㆍ확산 유공 포상 후보자 모집 공고,"지역 중소기업의 AI 도입 및 활용ㆍ확산 등 지역 AI 대전환에 기여한 유공자 및 단체를 발굴ㆍ격려하기 위하여「지역 중소기업 AI 활용ㆍ확산 유공 포상」후보자를 아래와 같이 모집하오니 많은 신청 바랍니다.
☞ ‘지역 주도형 AI 대전환’ 등 중기부 AI 사업에 참여하여 지역 AI 활성화 및 대전환에 기여한 개인 또는 기관ㆍ단체 
※ 자세한 지원대상 공고문 참조
☞ 중소벤처기업부 장관 표창 지원",경영,중소벤처기업진흥공단,전국,중소기업,중소기업,,,,,,,디자인/상품화/사업화,2026-09-01,2026-09-21,,이메일 접수(ai@kosmes.or.kr),이메일 접수(ai@kosmes.or.kr),https://www.bizinfo.go.kr/sii/siia/selectSIIA200Detail.do?pblancId=PBLN_000000000125994,main,primary,2026년지역중소기업ai활용ㆍ확산유공포상후보자모집공고,중소벤처기업진흥공단,2026-09-01~2026-09-21,경영,디자인/상품화/사업화
biz,PBLN_000000000125993,2026년 2차 동물세포기반 백신 공공 CDMO 전략적 육성 및 바이오텍 생산지원 사업 수혜기업 모집 공고,"「2026년도 동물세포기반 백신 공공 CDMO 전략적 육성 및 바이오텍 생산지원 사업」의 수혜기업을 아래와 같이 모집하오니, 지원을 희망하는 기업은 관련 절차에 따라 신청하여 주시기 바랍니다.
☞ 기술력은 보유하고 있으나 제조기반이 부족한 국내 제약ㆍ바이오 기업
☞ 제조공정 최적화, 제조공정 Scale-up, 세포주 은행 제조, 전임상/임상 시험용 시료 생산, 품질시험/안정성시험 지원
- 지원범위 : 동물세포기반 백신 공공 CDMO를 통한 생산 간접지원
※ 자세한 지원내용 공고문 참조",기술,동물세포실증지원센터,전국,중소기업,중소기업,,,,,,,기술사업화/이전/지도,2026-08-31,2026-09-14,,이메일 접수 (minyoung@ipogiv.or.kr),이메일 접수 (minyoung@ipogiv.or.kr),https://www.bizinfo.go.kr/sii/siia/selectSIIA200Detail.do?pblancId=PBLN_000000000125993,main,primary,2026년2차동물세포기반백신공공cdmo전략적육성및바이오텍생산지원사업수혜기업모집공고,동물세포실증지원센터,2026-08-31~2026-09-14,기술,기술사업화/이전/지도
biz,PBLN_000000000125992,[대구] 2026년 콘텐츠코리아랩 콘텐츠 스타트업 글로벌 챌린지 참가기업 모집 공고,"대구디지털혁신진흥원에서 지역 내 우수 콘텐츠 기업 발굴 및 육성을 목적으로 「2026년 대구콘텐츠코리아랩 콘텐츠 스타트업 글로벌 챌린지」참가기업을 모집 하오니 많은 관심과 참여 바랍니다.
☞ 글로벌 진출을 희망하는 3년 이내 대구시 콘텐츠 기업
※ 주 사업아이템 서비스 형태가 콘텐츠여야 함
☞ (사전 프로그램) 진단 1회, 교육 2회, 컨설팅 3회, 글로벌 IR DECK 지원
- (현지 프로그램) 참가기업 1개사 1인 항공료, 숙박비, 컨퍼런스 참가비 지원
- (후속 지원) 사업 및 투자 연계, 후속 컨설팅 등",창업,대구디지털혁신진흥원,대구광역시,창업벤처,"스타트업,초기창업기업",,,,,,,사업화지원,2026-08-31,2026-09-15,,"이메일 접수 (dgckl@dip.or.kr)
※ 이메일로 접수번호를 회신 받아야 최종 접수 완료 됨","이메일 접수 (dgckl@dip.or.kr)
※ 이메일로 접수번호를 회신 받아야 최종 접수 완료 됨",https://www.bizinfo.go.kr/sii/siia/selectSIIA200Detail.do?pblancId=PBLN_000000000125992,main,primary,대구2026년콘텐츠코리아랩콘텐츠스타트업글로벌챌린지참가기업모집공고,대구디지털혁신진흥원,2026-08-31~2026-09-15,창업,사업화지원
biz,PBLN_000000000125991,[전남광주] 진도군 2026년 외국인 근로자 숙소 지원사업 신청자 추가 모집 공고,"외국인 근로자의 근로ㆍ주거여건 개선을 위해 「2026년 외국인 근로자 숙소 지원사업」신청자를 아래와 같이 모집합니다.
☞ 외국인 근로자를 5개월 이상 고용하고 있는 자
- 지원요건을 충족하는 신청자가 사업량(2개소)을 초과하는 경우 외국인 근로자 고용인원, 고용기간 등을 고려하여 사업 대상자 선정
☞ 농어촌지역의 빈집 등을 개보수하거나, 이동식 조립주택을 구입(상ㆍ하수도, 전기ㆍ통신시설 등 기반시설 설치 가능)하는 것을 지원하여 외국인 근로자의 주거환경 개선 지원",인력/일자리,기초자치단체,광주광역시,중소기업,중소기업,,,,,,,고용유지,2026-08-27,2026-09-10,,"방문 접수
- 접수처 : 읍ㆍ면사무소","방문 접수
- 접수처 : 읍ㆍ면사무소",https://www.bizinfo.go.kr/sii/siia/selectSIIA200Detail.do?pblancId=PBLN_000000000125991,main,primary,전남광주진도군2026년외국인근로자숙소지원사업신청자추가모집공고,기초자치단체,2026-08-27~2026-09-10,인력,고용유지
biz,PBLN_000000000125990,[전남광주] 장성군 2026년 하반기 소상공인 지원사업 공고,"관내 소상공인에 대한 맞춤형 시설개선 지원 및 대출이자 차액 지원으로 소상공인의 자립 의지를 고취하고 지역경제 활성화에 기여하기 위해 「2026년 하반기 소상공인 지원사업」을 다음과 같이 공고합니다.
☞ 사업 공고일 기준 장성군에 사업장과 주소를 두고 사업을 영위하고 있는 「소상공인기본법」제2조에 따라 규정한 소상공인
※ 세부사업별 지원대상 상이하므로 자세한 사항 공고문 참조
☞ 점포경영개선, 대출이자 차액지원, 신용보증 수수료 지원
※ 각 사업별 중복 지원 불가, 예산 범위 내 지원, 기 지원자 불가",경영,기초자치단체,광주광역시,소상공인,소상공인,,,,,,,디자인/상품화/사업화,2026-08-26,2026-09-04,,"방문 접수
- 접수처 : 장성군청 4층 인구경제실 지역경제팀","방문 접수
- 접수처 : 장성군청 4층 인구경제실 지역경제팀",https://www.bizinfo.go.kr/sii/siia/selectSIIA200Detail.do?pblancId=PBLN_000000000125990,main,primary,전남광주장성군2026년하반기소상공인지원사업공고,기초자치단체,2026-08-26~2026-09-04,경영,디자인/상품화/사업화
biz,PBLN_000000000125989,[전남광주] 함평군 2026년 음식점 입식테이블 및 경사로 설치 지원사업 신청 공고,"취약계층(노인ㆍ장애인ㆍ임산부) 및 외국인 관광객 등 음식점 이용객의 편의를 개선하여 지역 상권 활성화를 도모하고 영업장 환경개선을 지원하기 위하여 아래와 같이 공고하오니 신청 바랍니다.
☞ 「식품위생법」시행령 제21조에 따른 일반ㆍ휴게음식점
☞ 음식점 입식테이블 설치, 음식점 경사로 설치 지원",경영,기초자치단체,광주광역시,중소기업,중소기업,,,,,,,시설/입지지원,2026-08-26,2026-09-02,,"방문 접수
- 접수처 : 보건소 건강증진과 위생팀(함평군 함평읍 중앙길 54-8, 2층)","방문 접수
- 접수처 : 보건소 건강증진과 위생팀(함평군 함평읍 중앙길 54-8, 2층)",https://www.bizinfo.go.kr/sii/siia/selectSIIA200Detail.do?pblancId=PBLN_000000000125989,main,primary,전남광주함평군2026년음식점입식테이블및경사로설치지원사업신청공고,기초자치단체,2026-08-26~2026-09-02,경영,시설/입지지원
biz,PBLN_000000000125988,[전남광주] 강진군 2026년 4차 음식점 주방시설 및 냉ㆍ난방기 청소 지원사업 모집 공고,"우리 군에서는 일반음식점, 휴게음식점, 제과점을 대상으로 주방시설 및 냉ㆍ난방기 청소 지원사업을 통해 쾌적하고 깨끗한 위생환경을 조성하고 음식문화 서비스 향상에 기여하고자 아래와 같이 2026년 음식점 주방시설 및 냉·난방기 청소 지원사업의 희망자를 모집하오니 관심있는 업소는 신청하여 주시기 바랍니다.
☞ 관내 일반ㆍ휴게음식점, 제과점
☞ 영업장 주방 시설(후드, 덕트, 환풍기 등) 및 냉ㆍ난방기 청소비 일부 지원(50% 이내)
- 업소 당 최대 25만원 지원",경영,기초자치단체,광주광역시,중소기업,중소기업,,,,,,,시설/입지지원,2026-08-28,2026-09-04,,"방문, 우편, 이메일 접수
- 방문 : 강진군청 관광체육국 축제마케팅추진단 식품위생팀(4층) / 09시~18시
- 우편 : 강진읍 탐진로 111, 관광체육국 축제마케팅추진단 식품위생팀(4층)
- 이메일 : mahj0215@korea.kr","방문, 우편, 이메일 접수
- 방문 : 강진군청 관광체육국 축제마케팅추진단 식품위생팀(4층) / 09시~18시
- 우편 : 강진읍 탐진로 111, 관광체육국 축제마케팅추진단 식품위생팀(4층)
- 이메일 : mahj0215@korea.kr",https://www.bizinfo.go.kr/sii/siia/selectSIIA200Detail.do?pblancId=PBLN_000000000125988,main,primary,전남광주강진군2026년4차음식점주방시설및냉ㆍ난방기청소지원사업모집공고,기초자치단체,2026-08-28~2026-09-04,경영,시설/입지지원
biz,PBLN_000000000125987,[전남광주] 고흥군 2026년 2차 소상공인 디지털 전환 지원사업 신청ㆍ접수 공고,"고흥군은 온라인 주문 등 디지털 전환이 가속됨에 따른 소상공인의 경쟁력을 제고하기 위해 스마트 기술기기 보급을 지원하고자 2026년 소상공인 디지털 전환 지원사업 참여를 희망하는 소상공인을 모집하오니 많은 신청 바랍니다.
☞ 「소상공인 보호 및 지원에 관한 법률」에 따른 소상공인으로, 신청일 기준 정상적으로 영업 중인 연매출액 10억원 이하 사업자
☞ 스마트기술 기기 도입 시 최대 100만원 지원
- 지원기기 : 스마트 기술 목록 中 자율 선택(참고 1)
ㆍ 스마트오더, 웨이팅보드, 무인판매기, 키오스크, 테이블오더 등",경영,기초자치단체,광주광역시,소상공인,소상공인,,,,,,,시설/입지지원,2026-08-24,2026-09-18,,"방문 및 우편 접수
- 접수처 : 읍ㆍ면사무소
- 우편 접수처 : (59542)전남 고흥군 고흥읍 고흥군청로 1, 경제산업과(4층) 소상공인 디지털 전환사업 담당자","방문 및 우편 접수
- 접수처 : 읍ㆍ면사무소
- 우편 접수처 : (59542)전남 고흥군 고흥읍 고흥군청로 1, 경제산업과(4층) 소상공인 디지털 전환사업 담당자",https://www.bizinfo.go.kr/sii/siia/selectSIIA200Detail.do?pblancId=PBLN_000000000125987,main,primary,전남광주고흥군2026년2차소상공인디지털전환지원사업신청ㆍ접수공고,기초자치단체,2026-08-24~2026-09-18,경영,시설/입지지원
biz,PBLN_000000000125986,[전남광주] 고흥군 2026년 영세 소상공인 임대료 지원사업 공고,"고정비 부담이 큰 영세 소상공인의 경영 부담을 완화하고 안정적인 영업 기반을 마련하기 위하여 「2026년 영세 소상공인 임대료 지원사업」을 다음과 같이 공고하오니 많은 신청 바랍니다.
☞ 「소상공인기본법」에 따른 소상공인으로서, 공고일 기준 사업장 소재지와 대표자의 주민등록상 주소가 모두 고흥군이며 정상 영업 중인 사업자
- 임대차계약서상 임차인과 사업자등록증상 대표자가 동일하고 실제 임대료를 납부한 사업자
- 2025년 연매출 1억400만원 미만 업체
※ 2025년도 중 개업한 사업자는 국세청 등에서 확인 가능한 2025년도 실제 신고 매출액을 기준으로 평가
☞ 2026년도에 실제 납부한 사업장 임대료 중 월 최대 20만원, 최대 2개월분 지원(업체당 최대 40만원)",경영,기초자치단체,광주광역시,소상공인,소상공인,,,,,,,시설/입지지원,2026-09-01,2026-09-18,,"방문 접수
- 접수처 : 사업장 소재지 관할 읍ㆍ면사무소","방문 접수
- 접수처 : 사업장 소재지 관할 읍ㆍ면사무소",https://www.bizinfo.go.kr/sii/siia/selectSIIA200Detail.do?pblancId=PBLN_000000000125986,main,primary,전남광주고흥군2026년영세소상공인임대료지원사업공고,기초자치단체,2026-09-01~2026-09-18,경영,시설/입지지원
biz,PBLN_000000000125985,[전남광주] 고흥군 2026년 소상공인 희망플러스 지원사업 공고,"경영 고정비 부담이 큰 영세 소상공인의 경영안정을 도모하고 카드결제 이용 기반을 확대하기 위하여 「2026년 소상공인 희망플러스 지원사업」을 다음과 같이 공고하오니 많은 신청 바랍니다.
☞「소상공인기본법」제2조에 따른 소상공인
- 공고일 기준 사업장 소재지와 대표자의 주민등록상 주소가 모두 고흥군이고, 정상적으로 영업 중인 자
- 2025년 연매출액이 1억 400만원 미만인 자
- 카드수수료 또는 사업장 전기요금을 실제 부담하고 객관적인 증빙자료를 제출할 수 있는 자
☞ 카드수수료(최대 20만원), 전기요금(최대 30만원) 지원",경영,기초자치단체,광주광역시,소상공인,소상공인,,,,,,,디자인/상품화/사업화,2026-09-01,2026-09-18,,"방문 접수
- 접수처 : 사업장 소재지 관할 읍ㆍ면사무소","방문 접수
- 접수처 : 사업장 소재지 관할 읍ㆍ면사무소",https://www.bizinfo.go.kr/sii/siia/selectSIIA200Detail.do?pblancId=PBLN_000000000125985,main,primary,전남광주고흥군2026년소상공인희망플러스지원사업공고,기초자치단체,2026-09-01~2026-09-18,경영,디자인/상품화/사업화
biz,PBLN_000000000125984,[전남광주] 구례군 2026년 귀농어귀촌인 우수 창업활성화 지원사업 모집 공고,"귀농어귀촌인이 안정적으로 농어촌에 정착할 수 있도록 창업 컨설팅 및 영농어 초기비용을 지원함으로써 농업 인력 육성 및 지역 정착을 지원하고자「2026년 귀농어귀촌인 우수 창업활성화 지원사업」을 다음과 같이 공고합니다.
☞ 귀농어귀촌인 중 농어업 등 창업을 희망하는 자
☞ 귀농어귀촌인 대상 농어업 등 창업비용 지원
- 맞춤형 컨설팅, 기술지원, 맞춤형 제품개발, 창업기반 구축, 국내외식품 인증, 온오프라인 홍보 지원",창업,기초자치단체,광주광역시,창업벤처,"농업인,초기창업기업",,,,,,,사업화지원,2026-08-28,2026-09-28,,"방문 접수
- 접수처 : 구례군농업기술센터 귀농귀촌팀(용방면 용방로 320)","방문 접수
- 접수처 : 구례군농업기술센터 귀농귀촌팀(용방면 용방로 320)",https://www.bizinfo.go.kr/sii/siia/selectSIIA200Detail.do?pblancId=PBLN_000000000125984,main,primary,전남광주구례군2026년귀농어귀촌인우수창업활성화지원사업모집공고,기초자치단체,2026-08-28~2026-09-28,창업,사업화지원
biz,PBLN_000000000125983,[전남광주] 보성군 2026년 2차 일반음식점 시설환경개선 지원사업 신청 공고,"안전하고 위생적인 외식환경을 조성하고자 일반음식점 시설환경개선 지원사업을 다음과 같이 공고하오니 여러분의 많은 응모 바랍니다.
☞ 관내 주소를 두고 6개월 이상 일반음식점을 영업 중인 자(공고일 기준)
☞ 입식테이블 교체, 주방 및 화장실 및 손씻는 시설, 객석ㆍ객실 환경개선, 업소 간판 교체 등 지원",경영,기초자치단체,광주광역시,중소기업,중소기업,,,,,,,시설/입지지원,2026-08-20,2026-09-04,,"방문 접수
- 접수처
- (보성군청) 전남광주통합특별시 보성읍 송재로 165, 보성군청 문화관광과 위생관리팀
- (한국외식업중앙회 보성군지부) 전남광주통합특별시 보성읍 중앙로 41, 2층","방문 접수
- 접수처
- (보성군청) 전남광주통합특별시 보성읍 송재로 165, 보성군청 문화관광과 위생관리팀
- (한국외식업중앙회 보성군지부) 전남광주통합특별시 보성읍 중앙로 41, 2층",https://www.bizinfo.go.kr/sii/siia/selectSIIA200Detail.do?pblancId=PBLN_000000000125983,main,primary,전남광주보성군2026년2차일반음식점시설환경개선지원사업신청공고,기초자치단체,2026-08-20~2026-09-04,경영,시설/입지지원
biz,PBLN_000000000125982,[전남광주] 보성군 2026년 2차 이ㆍ미용업소 시설환경개선 지원사업 신청 공고,"관내 이ㆍ미용업소 이용객의 편의증진과 위생수준 향상을 도모하고, 안전하고 깨끗한 지역 이미지 개선에 기여하고자 이ㆍ미용업소 시설환경개선 지원사업을 다음과 같이 공고하오니 신청해 주시기 바랍니다.
☞ 관내에 주소를 두고 6개월 이상 이ㆍ미용업소를 영업 중인 자(공고일 기준)
☞ 시설환경개선(인테리어, 출입문 및 간판 개ㆍ보수, 외벽 도색 등), 설비교체(이ㆍ미용 의자, 샴푸의자 등) 지원",경영,기초자치단체,광주광역시,중소기업,중소기업,,,,,,,시설/입지지원,2026-08-20,2026-09-04,,"방문 접수
-접수처 : 전남광주통합특별시 보성읍 송재로 165, 보성군청 문화관광과 위생관리팀","방문 접수
-접수처 : 전남광주통합특별시 보성읍 송재로 165, 보성군청 문화관광과 위생관리팀",https://www.bizinfo.go.kr/sii/siia/selectSIIA200Detail.do?pblancId=PBLN_000000000125982,main,primary,전남광주보성군2026년2차이ㆍ미용업소시설환경개선지원사업신청공고,기초자치단체,2026-08-20~2026-09-04,경영,시설/입지지원
biz,PBLN_000000000125981,[전남광주] 보성군 2027년 청년농업인 창업 스케일업(성장) 지원사업 대상자 모집 공고,"효율적인 농촌진흥사업 추진을 위해 2027년 청년농업인 창업 스케일업(성장) 지원사업 대상자 모집을 다음과 같이 공고합니다.
☞ 조건을 모두 만족하는 보성군에 주소를 둔 청년 창농기업(개인 또는 법인)
- 농업경영체 등록이 1년 이상 된 관내 청년농업인(18세~45세)
- 청년농업인이 대표인 1년 이상 보성군에 본사를 둔 창농기업
☞ 창업 아이템과 관련한 장비, 시설 등 구축으로 성장 지원",창업,농업기술센터,광주광역시,창업벤처,"농업인,청년,초기창업기업",,,,,,,사업화지원,2026-08-21,2026-09-21,,"방문, 우편, 이메일, 팩스 접수
- 접수처 : 보성군 보성읍 녹차로 1357 보성군농업기술센터
※ 읍ㆍ면 농민상담소를 경유 후 직접 방문
※ 자세한 신청방법 문의처 문의","방문, 우편, 이메일, 팩스 접수
- 접수처 : 보성군 보성읍 녹차로 1357 보성군농업기술센터
※ 읍ㆍ면 농민상담소를 경유 후 직접 방문
※ 자세한 신청방법 문의처 문의",https://www.bizinfo.go.kr/sii/siia/selectSIIA200Detail.do?pblancId=PBLN_000000000125981,main,primary,전남광주보성군2027년청년농업인창업스케일업성장지원사업대상자모집공고,농업기술센터,2026-08-21~2026-09-21,창업,사업화지원
biz,PBLN_000000000125980,[전남광주] 곡성군 2026년 2차 소상공인 카드수수료 지원사업 공고,"경제 불확실성 확대 및 급격한 매출감소로 어려움을 겪고 있는 관내 영세 소상공인의 카드 수수료를 보전하여 경영안정을 지원하고자「곡성군 소상공인 지원 조례」에 따라 다음과 같이 소상공인 카드수수료 지원 사업을 추진하고자 공고합니다.
☞ 곡성군 내 사업장을 둔 영세 소상공인
- (소상공인) 업종별 상시근로자 수가 도ㆍ소매업 등 각종 서비스업 5명 광업ㆍ제조업ㆍ건설업 및 운수업 10명 미만
- (기준일) 2025년부터 사업공고일 현재까지 관내 사업장 등록ㆍ유지
- (매출기준) 2025년 기준 연 매출 3억 원 이하
☞ 2025년도 카드 매출액의 0.4% 지급(최대 50만원) 지원
※ 사업자등록 기준 신청. 1인이 여러 사업장 운영 시 사업장별 신청 가능
※ 2025년 연 매출 3억 원 이하 영세 가맹점 신용카드 수수료율 : 0.4%",경영,기초자치단체,광주광역시,소상공인,소상공인,,,,,,,디자인/상품화/사업화,2026-08-26,2026-09-04,,"방문 접수
- 접수처 : 사업장 소재 읍ㆍ면사무소","방문 접수
- 접수처 : 사업장 소재 읍ㆍ면사무소",https://www.bizinfo.go.kr/sii/siia/selectSIIA200Detail.do?pblancId=PBLN_000000000125980,main,primary,전남광주곡성군2026년2차소상공인카드수수료지원사업공고,기초자치단체,2026-08-26~2026-09-04,경영,디자인/상품화/사업화
biz,PBLN_000000000125979,[전남광주] 순천시 2026년  글로벌 IP 창ㆍ제작 지원사업 모집 공고,"글로벌 경쟁력을 갖춘 유망 K-콘텐츠 IP를 발굴하여 지역 대표 콘텐츠 기업 육성 및 브랜드 창출을 위하여「순천시 글로벌IP 창ㆍ제작 지원사업」수행기관을 다음과 같이 모집하오니 많은 관심과 참여를 바랍니다.
☞ 공고일 기준 사업장 본사 또는 지사 소재지가 전남광주통합특별시 순천시이며, 콘텐츠산업 특수분류 및 한국표준산업분류(KSIC 11차) 연계표상 애니메이션, 웹툰, 신기술 융합 콘텐츠산업에 해당하는 법인사업자
※ 자세한 지원대상 공고문 참조
☞ 콘텐츠 제작 및 성과확산 관련 직접 비용
- 인건비, 제작ㆍ후반작업ㆍ홍보ㆍ유통 관련 일반수용비, 일반용역비 등",경영,전남정보문화산업진흥원,광주광역시,중소기업,중소기업,,,,,,,디자인/상품화/사업화,2026-08-25,2026-09-09,,이메일 접수(jcia_ci@jcia.or.kr),이메일 접수(jcia_ci@jcia.or.kr),https://www.bizinfo.go.kr/sii/siia/selectSIIA200Detail.do?pblancId=PBLN_000000000125979,main,primary,전남광주순천시2026년글로벌ip창ㆍ제작지원사업모집공고,전남정보문화산업진흥원,2026-08-25~2026-09-09,경영,디자인/상품화/사업화
biz,PBLN_000000000125978,중소제조 특화 Multi AI Agent 개발(R&D) 점프업 Track 시행계획 공고,"「중소제조 특화 Multi AI Agent 개발(R&D)」의 점프업 Track 시행계획을 다음과 같이 공고하오니, 동 사업에 참여하고자 하는 중소기업은 사업안내에 따라 신청하시기 바랍니다.
☞ 공급기업 및 수요기업 형태의 컨소시엄 참여 필수
- (공급기업) 스마트제조, AI Agent 등 공급기술 역량을 보유한 주관연구개발기관으로서,「중소기업기본법」제2조에서 정한 중소기업
- (수요기업) 제조공정의 스마트화및AI Agent 도입을위해공급기업과 함께 기술개발에 참여하고, 연구성과물을 공정에 적용하는 제조기업
- (지원산업) 중소제조 특화산업군 지원
※ 자세한 지원대상 공고문 참조
☞ 동 사업 Multi AI Agent 개발 中 “점프업 Track” 지원
- 과제당 최대 39억원, 24개월 이내 지원
※ 자세한 지원내용 공고문 참조",기술,중소기업기술정보진흥원,전국,중소기업,중소기업,,,,,,,공동기술개발,2026-10-01,2026-10-30,,온라인 접수 (범부처통합연구지원시스템),온라인 접수 (범부처통합연구지원시스템),https://www.bizinfo.go.kr/sii/siia/selectSIIA200Detail.do?pblancId=PBLN_000000000125978,main,primary,중소제조특화multiaiagent개발rd점프업track시행계획공고,중소기업기술정보진흥원,2026-10-01~2026-10-30,기술,공동기술개발
biz,PBLN_000000000125977,[경기] 2026년 AI 클러스터 글로벌 프로그램(유럽) 2026 SLUSH 참가기업 모집 공고(경기도 AI 혁신클러스터 조성 사업),"경기도와 경기도경제과학진흥원은 도내 유망 AI 기업의 글로벌 진출 기반을 확대하고 해외 투자 및 비즈니스 협력 기회를 제공하기 위한 ‘AI 클러스터 글로벌 프로그램(유럽) 2026 헬싱키 창업전시회(SLUSH)’ 참가기업을 아래와 같이 모집하오니 많은 관심과 신청 바랍니다.
☞ 유럽 시장 진출 또는 글로벌 투자유치를 희망하는 경기도 소재 AI 기업
☞ SLUSH 등록비 및 체재비 등(기업당 최대 300만원 이내) 지원
※ SLUSH 패스권, 항공료, 숙박비, 교통비 등 지원
- 기업별 사전 진단 및 1:1 맞춤형 컨설팅, IRㆍ피칭 역량강화 지원
- 현지 IR 데모데이 및 투자자ㆍ바이어 1:1 비즈니스 매칭 지원
- 현지 본행사ㆍ사이드 프로그램 참가 및 혁신기관 네트워킹ㆍ협력기회 발굴 지원",판로/수출,경기도경제과학진흥원,경기도,창업벤처,초기창업기업,,,,,,,시장개척,2026-08-28,2026-09-11,,"온라인 접수 (경기스타트업플랫폼) 
※ 정상 접수되었는지 확인","온라인 접수 (경기스타트업플랫폼) 
※ 정상 접수되었는지 확인",https://www.bizinfo.go.kr/sii/siia/selectSIIA200Detail.do?pblancId=PBLN_000000000125977,main,primary,경기2026년ai클러스터글로벌프로그램유럽2026slush참가기업모집공고경기도ai혁신클러스터조성사업,경기도경제과학진흥원,2026-08-28~2026-09-11,수출,시장개척
biz,PBLN_000000000125976,[전남광주] 남구 2026년 하반기 착한가격업소 신규모집 추가 공고,"지역물가와 서민생활 안정 분위기 확산을 위한 2026년 착한가격업소 신규 모집을 다음과 같이 추가 공고합니다.
☞ 개인사업자, 법인으로서 서민생활과 밀접한 개인서비스요금[통계청분류]에 해당하는 업종에 대해 시민에게 직접 소매단위로 물품ㆍ서비스 등의 판매행위를 하는 업소
- 행정안전부 지방물가정보 지역평균 및 주변 시세보다 저렴한 가격으로 물가안정에 기여하는 업소
☞ 착한가격업소 지정, 인센티브(인증표찰 부착, 홈페이지 홍보, 청소 지원, 공과금 보조 등) 지원",경영,기초자치단체,광주광역시,중소기업,중소기업,,,,,,,디자인/상품화/사업화,2026-08-27,2026-09-04,,"방문, 우편 및 이메일 접수
- 접수처 : 전남광주통합특별시 남구 봉선로 1, 남구청 6층 민생경제과
- 이메일 : jh11001@korea.kr
※ 이메일 유선연락 후 접수 확인(062-607-2713)","방문, 우편 및 이메일 접수
- 접수처 : 전남광주통합특별시 남구 봉선로 1, 남구청 6층 민생경제과
- 이메일 : jh11001@korea.kr
※ 이메일 유선연락 후 접수 확인(062-607-2713)",https://www.bizinfo.go.kr/sii/siia/selectSIIA200Detail.do?pblancId=PBLN_000000000125976,main,primary,전남광주남구2026년하반기착한가격업소신규모집추가공고,기초자치단체,2026-08-27~2026-09-04,경영,디자인/상품화/사업화
biz,PBLN_000000000125975,[전남광주] 순천시 중동사태 어업용 면세유 유가연동보조금 지원사업 신청 공고,"중동사태에 따른 유류가격 상승으로 어업용 면세휘발유 인상액 일부를 지원하는 중동사태 어업용 면세유 유가연동보조금 지원사업 신청자를 다음과 같이 모집 공고합니다.
☞ 순천시에 주소지를 둔 어업인으로서, 도내 어업용 면세유류카드를 발급받은 어선, 관리선
- 「어선법」에 따라 도내 시군에 어선등록을 필하고,「수산업법」제40조 및「내수면어업법」제9조에 따라 도내 근해ㆍ연안ㆍ구획ㆍ내수면어업 허가를 득한 동력어선, 「수산업법」제27조에 따라 관리선으로 지정받은 동력 어선
☞ 2026년 4월 1일부터 9월 30일까지 어업용 면세휘발유를 사용한 어가에 어업용 면세휘발유 인상분 정액 지원(소급 적용)",경영,기초자치단체,광주광역시,중소기업,중소기업,,,,,,,디자인/상품화/사업화,2026-09-01,2026-09-18,,"방문 접수
- 접수처 : 순천시 순천만길 513-25, 순천만자연생태관 1층 해양수산과","방문 접수
- 접수처 : 순천시 순천만길 513-25, 순천만자연생태관 1층 해양수산과",https://www.bizinfo.go.kr/sii/siia/selectSIIA200Detail.do?pblancId=PBLN_000000000125975,main,primary,전남광주순천시중동사태어업용면세유유가연동보조금지원사업신청공고,기초자치단체,2026-09-01~2026-09-18,경영,디자인/상품화/사업화
biz,PBLN_000000000125974,[경남] 진주시 2026년 발달장애인 가족창업 컨설팅 지원 모집 공고,"진주시에 소재한 발달장애인 가족창업기업의 경쟁력 제고와 성장 촉진 및 발달장애인 예비창업자의 성공적인 창업을 지원하고자 2026년 진주시 발달장애인 가족창업 컨설팅 지원 대상자를 다음과 같이 모집하오니, 많은 관심과 참여 바랍니다.
☞ 진주시 지역의 발달장애인 가족공동 창업기업, 예비창업자 및 창업특화교육 참여 교육생
☞ 창업단계(예비, 초기)에 따른 1:1 맞춤형 컨설팅",창업,기초자치단체,경상남도,장애인기업,기타,,,,,,,사업화지원,예산 소진시까지,,,"이메일, 방문 접수
- 접수처 : (52786) 경상남도 진주시 모덕로47번길 54
- 이메일 : debc_01@debc.or.kr","이메일, 방문 접수
- 접수처 : (52786) 경상남도 진주시 모덕로47번길 54
- 이메일 : debc_01@debc.or.kr",https://www.bizinfo.go.kr/sii/siia/selectSIIA200Detail.do?pblancId=PBLN_000000000125974,main,primary,경남진주시2026년발달장애인가족창업컨설팅지원모집공고,기초자치단체,예산 소진시까지~,창업,사업화지원
biz,PBLN_000000000125973,[전남광주] 2026년 청년친화도시 청년 스타트업 쇼룸 순천 참여업체 모집 재공고,"전남광주통합특별시 순천시는 청년친화도시 앵커사업으로 도전하는 청년 창업가들의 제품과 서비스를 시민들에게 직접 선보이고 사업의 성장 지원을 위한「청년 스타트업 쇼룸 순천」에 함께할 입점업체를 다음과 같이 모집합니다.
☞ 전남광주 소재 청년 창업가(18~45세)
- 입점 가능 품목 : 의류, 신발, 액세서리, 향수, 굿즈, 포장식품(베이커리 포함) 등 단순 판매 가능 품목
☞ 공간 지원, 운영 지원, 홍보 지원
- 공간 지원 : 연향동, 신대 소재 점포 3주간 무상 사용, 기본 인테리어 및 진열대, 포스기 등 판매ㆍ운영에 필요한 집기물품 제공
- 운영 지원 : 전기요금ㆍ통신요금, POS 사용료 등 일부 지원
- 홍보 지원 : 온ㆍ오프라인 홍보, 통합 홍보물품 제작 및 배포, 행사 및 이벤트 개최",창업,기초자치단체,광주광역시,창업벤처,"스타트업,청년,초기창업기업",,,,,,,창업공간지원,2026-08-28,2026-09-03,,"이메일 접수 (jw2293@korea.kr)
※ 이메일 신청 시 서명 날인 후 하나의 PDF 파일로 제출 및 신청서 접수 여부 확인 요망(061-749-4207)","이메일 접수 (jw2293@korea.kr)
※ 이메일 신청 시 서명 날인 후 하나의 PDF 파일로 제출 및 신청서 접수 여부 확인 요망(061-749-4207)",https://www.bizinfo.go.kr/sii/siia/selectSIIA200Detail.do?pblancId=PBLN_000000000125973,main,primary,전남광주2026년청년친화도시청년스타트업쇼룸순천참여업체모집재공고,기초자치단체,2026-08-28~2026-09-03,창업,창업공간지원
biz,PBLN_000000000125972,[경기] 화성시 2026년 1차 오프라인 판매기획전 화성별별상점 참여기업 추가모집 공고,"화성산업진흥원은 관내 생활소비재 기업의 국내 판로개척 및 거래 활성화를 위하여 2026년 생활소비재 오프라인 판매기획전 ‘화성별별상점’을 운영하고자 합니다. 이에 관내 기업들의 많은 관심과 지원 바랍니다.
☞ 관내 본사 또는 공장 소재 생활소비재 관련 중소기업
※ 생활소비재 범위 : 생활용품, 식품, 뷰티, 유아용품 등 B2C 거래가 가능한 완제품
☞ 관내 생활소비재 관련 중소기업을 대상으로 국내 대형 유통사와 협업하여 오프라인 판매기획전 진행 지원 
※ 자세한 지원내용 공고문 참조",판로/수출,화성산업진흥원,경기도,중소기업,중소기업,,,,,,,오프라인,2026-08-28,2026-09-04,,온라인 접수 (화성시 기업지원플랫폼),온라인 접수 (화성시 기업지원플랫폼),https://www.bizinfo.go.kr/sii/siia/selectSIIA200Detail.do?pblancId=PBLN_000000000125972,main,primary,경기화성시2026년1차오프라인판매기획전화성별별상점참여기업추가모집공고,화성산업진흥원,2026-08-28~2026-09-04,내수,오프라인
biz,PBLN_000000000125971,[제주] 2026년 3차 중장년 중소기업 장기재직 재형저축 참여기업(중장년근로자) 모집 공고,"인력 수급이 어려운 중소기업의 숙련인력 장기근속 장려를 통한 기업경쟁력 강화 및 근로자의 목돈마련 지원을 위하여「제주특별자치도 일자리 창출 지원에 관한 조례」 제6조 및 제13조에 따라 2026년「제주 중소기업 장기재직 재형저축」사업 참여기업 및 중장년 노동자 3차 모집을 아래와 같이 공고합니다.
☞ 「중소기업기본법」제2조에 따른 중소기업
※ 자세한 지원대상 공고문 참조
☞ 5년간 매월 12만원 적립 시 사업참여근로자에게 2,040만원 + 이자 지급",인력/일자리,중소벤처기업진흥공단,제주특별자치도,장애인기업,중소기업,,,,,,,고용유지,2026-09-01,2026-09-30,,"방문 접수
- 접수처 : 제주시 연삼로 473 제주특별자치도경제통상진흥원 3층","방문 접수
- 접수처 : 제주시 연삼로 473 제주특별자치도경제통상진흥원 3층",https://www.bizinfo.go.kr/sii/siia/selectSIIA200Detail.do?pblancId=PBLN_000000000125971,main,primary,제주2026년3차중장년중소기업장기재직재형저축참여기업중장년근로자모집공고,중소벤처기업진흥공단,2026-09-01~2026-09-30,인력,고용유지
biz,PBLN_000000000125970,[경기] 화성시 2026년 안전-Up 현장개선 지원사업 모집 공고,"화성산업안전지킴의 현장진단을 통해 도출된 위험요인을 분석하고 기업특성에 맞는 맞춤형 현장개선 추진을 수행하여 실효성있는 산업재해 예방효과 도모를 위한 “2026년 안전-Up 현장개선 지원사업”을 시행합니다. 관내 50인 미만 제조업 기업들의 많은 관심과 지원 바랍니다.
☞ 화성시 관내 상시근로자 수 50인 미만 제조업 중소사업장
☞ 일반개선형(기업당 최대 100만원), 화재예방형(기업당 최대500만원) 지원
※ '일반개선형 (최대100만원) 종합' 원출처 첨부파일 참조",경영,화성산업진흥원,경기도,중소기업,중소기업,,,,,,,시설/입지지원,2026-09-01,2026-09-30,,온라인 접수 (화성시 기업지원플랫폼),온라인 접수 (화성시 기업지원플랫폼),https://www.bizinfo.go.kr/sii/siia/selectSIIA200Detail.do?pblancId=PBLN_000000000125970,main,primary,경기화성시2026년안전up현장개선지원사업모집공고,화성산업진흥원,2026-09-01~2026-09-30,경영,시설/입지지원
biz,PBLN_000000000125969,[전남광주] 2026년 전남광주통합특별시 예비사회적기업 지정계획(전남권역) 공고,"「사회적기업 육성법」 제5조의2, (구)「전라남도 사회적경제 육성과 지원에 관한 조례」 제13조 및「2026 사회적기업 인증 업무지침(고용노동부)」에 따라 2026년도 전남광주통합특별시 예비사회적기업 지정계획(전남권역)을 다음과 같이 공고합니다.
☞ 접수일 기준, 예비사회적기업 지정 요건을 모두 갖춘 전남광주특별시 전남권역 소재의 법인ㆍ단체
- 본 공고의 실적 산정기준일은 2026. 8. 31.로 하며, 최근 3개월의 실적을 확인하는 경우 2026. 6. 1. ~ 8. 31.의 실적을 적용함
☞ 예비사회적기업 지정일로부터 3년 지정 등 지원",인력/일자리,직접수행,광주광역시,사회적기업,사회적기업,,,,,,,제도,2026-09-01,2026-09-18,,온라인 접수 (사회적기업 포털),온라인 접수 (사회적기업 포털),https://www.bizinfo.go.kr/sii/siia/selectSIIA200Detail.do?pblancId=PBLN_000000000125969,main,primary,전남광주2026년전남광주통합특별시예비사회적기업지정계획전남권역공고,직접수행,2026-09-01~2026-09-18,기타,제도
biz,PBLN_000000000125968,[전남광주] 2026년 떡 산업 고도화 지원사업(농촌자원복합산업화) 대상자 모집 재공고,"지역 농산물을 활용한 시그니처 떡 제품 발굴 및 브랜드화를 통해 고부가가치 식품산업으로 육성하고, 변화하는 식품 소비 트렌드 및 시장 확대에 대응한 떡류 제품의 고급화ㆍ표준화 및 유통 경쟁력 강화를 통해 산업화 기반을 구축하고자「2026 떡 산업 고도화 지원사업」대상자를 다음과 같이 모집 재공고합니다.
☞ 공고일 기준 종전 광주광역시(現 전남광주통합특별시 동, 서, 남, 북, 광산구)에 소재하고 있고「식품위생법」에 따른 식품제조가공업 또는 즉석판매제조가공업의 영업등록ㆍ신고를 완료한 떡류 제조업체
- 농업법인, 농식품기업 등으로서 사업 운영 실적이 1년 이상 10년 이하인 업체
※ 자세한 지원대상 공고문 참조
☞ 떡류 생산 효율 향상을 위한 제조ㆍ가공 시설, 공정 개선 및 자동화 설비 도입 지원",경영,기초자치단체,광주광역시,중소기업,중소기업,,,,,,,시설/입지지원,2026-08-27,2026-09-02,,"우편, 이메일 접수
- 접수처 : (61945) 전남광주통합특별시 서구 내방로 111(치평동) 농업동물정책과 식품김치산업팀
- 이메일 : relicht97@korea.kr","우편, 이메일 접수
- 접수처 : (61945) 전남광주통합특별시 서구 내방로 111(치평동) 농업동물정책과 식품김치산업팀
- 이메일 : relicht97@korea.kr",https://www.bizinfo.go.kr/sii/siia/selectSIIA200Detail.do?pblancId=PBLN_000000000125968,main,primary,전남광주2026년떡산업고도화지원사업농촌자원복합산업화대상자모집재공고,기초자치단체,2026-08-27~2026-09-02,경영,시설/입지지원
biz,PBLN_000000000125967,[전남광주] 2차 2026년 광주 관광 실무 인턴십 프로그램 모집 공고,"광주관광기업지원센터에서는 지역 기반 관광 미래인재 양성을 위하여 다음과 같이「2026 광주 관광 실무 인턴십 프로그램」을 실시하고자 합니다. 광주형 관광 분야 일자리 창출을 위하여 적극적인 관심과 참여 바랍니다.
☞ 광주 지역 내 관광 관련 아이템으로 사업을 운영중인 기업
☞ 기업-인턴 매칭 관광기업 대상 인턴십 인건비 지원 (2개월간 월 최대 200만원)",인력/일자리,광주관광기업지원센터,광주광역시,중소기업,중소기업,,,,,,,교육/훈련/연수,2026-08-28,2026-09-04,,이메일 접수 (impureum@gjto.or.kr),이메일 접수 (impureum@gjto.or.kr),https://www.bizinfo.go.kr/sii/siia/selectSIIA200Detail.do?pblancId=PBLN_000000000125967,main,primary,전남광주2차2026년광주관광실무인턴십프로그램모집공고,광주관광기업지원센터,2026-08-28~2026-09-04,인력,교육/훈련/연수
biz,PBLN_000000000125966,2026년 AX실증밸리조성(R&D) 사업 신규지원 대상과제 공고,"인공지능산업융합사업단 공고 제2026-18호 추진에 따른 2026년 AX실증밸리조성(R&D) 사업 신규 공고 신청시 유의사항을 안내드립니다. 동 사업의 연구개발과제 참여를 희망하시는 연구개발기관 및 기업은 유의사항과 관련 규정 및 절차 등에 따라 신청하여 주시기 바랍니다.
☞ 기업, 대학, 연구기관, 연구조합, 사업자단체 등 관련 규정에 해당되는 기관(접수 마감일 기준)
☞ '모두의 AI' 구현, 미래 모빌리티 AX 혁신, AI기반 에너지 운영 최적화 및 안전관리 연구개발비 지원
※ 자세한 지원내용 공고문 참조",기술,인공지능산업융합사업단,전국,중소기업,중소기업,,,,,,,공동기술개발,2026-09-16,2026-09-30,,온라인 접수(범부처통합연구지원시스템),온라인 접수(범부처통합연구지원시스템),https://www.bizinfo.go.kr/sii/siia/selectSIIA200Detail.do?pblancId=PBLN_000000000125966,main,primary,2026년ax실증밸리조성rd사업신규지원대상과제공고,인공지능산업융합사업단,2026-09-16~2026-09-30,기술,공동기술개발
biz,PBLN_000000000125965,[충북] 2026년 2차 충북 인공지능산업 컨트롤타워 기반 구축사업 AI융합 기획과제 모집 공고,"충북과학기술혁신원은 충북의 인공지능 산업 생태계 시장 선점 기반을 마련하기 위해 정부 공모 및 신규사업에 선제 대응하고자 충북 AI융합 기획과제 모집을 다음과 같이 공고하오니 많은 관심과 참여를 바랍니다. 
☞ 산ㆍ학ㆍ연ㆍ관 기획전문가로 구성된 연구그룹 5인 이내
- 컨소시엄 구성 시 충북 내 본사, 지사, 연구소가 소재한 수요, 공급 기업을 반드시 포함하여 제시
☞ 충북 AI융합(AI+바이오 분야) 기획과제 공동연구 비용 지원
※ 자세한 지원내용 공고문 참조",기술,충북과학기술혁신원,충청북도,중소기업,중소기업,,,,,,,공동기술개발,2026-08-26,2026-09-17,,온라인 접수 (충북과학기술혁신원 과제관리시스템),온라인 접수 (충북과학기술혁신원 과제관리시스템),https://www.bizinfo.go.kr/sii/siia/selectSIIA200Detail.do?pblancId=PBLN_000000000125965,main,primary,충북2026년2차충북인공지능산업컨트롤타워기반구축사업ai융합기획과제모집공고,충북과학기술혁신원,2026-08-26~2026-09-17,기술,공동기술개발
biz,PBLN_000000000125964,[충북] 2026년 과학융합기술 연구개발지원사업 연구기획과제 모집 공고,"충북과학기술혁신원에서 추진하는「2026년 과학융합기술 연구개발지원사업」연구기획과제 모집을 아래와 같이 공고하오니 많은 관심과 참여 바랍니다. 
☞ 연구과제 기획에 관심이 있는 산ㆍ학ㆍ연ㆍ관 컨소시엄
※ 충북 내 산ㆍ학ㆍ연ㆍ관 소속 1인 이상 필수 참여, 5인 이내(연구책임자 포함) 구성
☞ 충북 전략산업 및 국가전략기술 분야의 정부부처 공모(또는 제안)사업 대응 목적 연구기획 지원",기술,충북과학기술혁신원,충청북도,중소기업,중소기업,,,,,,,공동기술개발,2026-08-26,2026-09-17,,온라인 접수 (충북과학기술혁신원 과제관리시스템),온라인 접수 (충북과학기술혁신원 과제관리시스템),https://www.bizinfo.go.kr/sii/siia/selectSIIA200Detail.do?pblancId=PBLN_000000000125964,main,primary,충북2026년과학융합기술연구개발지원사업연구기획과제모집공고,충북과학기술혁신원,2026-08-26~2026-09-17,기술,공동기술개발
biz,PBLN_000000000125963,[대구ㆍ경북] 2026년 홍콩 코스모프로프 아시아 대구관ㆍ경북관 참여기업 모집 공고,"한국무역협회대구경북지역본부에서「2026년 홍콩 코스모프로프 아시아 대구관ㆍ경북관 참여기업 모집」을 실시합니다. 많은 관심과 신청 바랍니다.
☞ 본사 또는 공장이 대구ㆍ경북에 소재한 뷰티분야 중소기업
- 전시품목 : 스킨케어ㆍ메이크업제품, 헤어제품, 천연화장품, 네일ㆍ액 세서리, 미용기기, 화장품 원료, 위탁생산, 포장, 화장품 생산장비 등
☞ 부스(기업당 9m2) 임차비ㆍ장치비, 운송료(편도 특송, 1CBM 기준), 1:1 바이어 매칭 지원",판로/수출,한국무역협회대구경북지역본부,경상북도,중소기업,중소기업,,,,,,,시장개척,2026-08-31,2026-09-11,,온라인 접수 (구글폼),온라인 접수 (구글폼),https://www.bizinfo.go.kr/sii/siia/selectSIIA200Detail.do?pblancId=PBLN_000000000125963,main,primary,대구ㆍ경북2026년홍콩코스모프로프아시아대구관ㆍ경북관참여기업모집공고,한국무역협회대구경북지역본부,2026-08-31~2026-09-11,수출,시장개척
biz,PBLN_000000000125962,[경북] 2026년 상인ㆍ소상공인 AI코칭 지원사업 참여자 모집 연장공고,"경상북도와 진흥원은 소상공인의 AI 기반 경영혁신을 지원하기 위해 한수원 관련지역 (경주시, 안동시, 울진군, 예천군, 청송군)에 소재하고 있는 소상공인을 대상으로 AI 보급 및 현장코칭을 지원하는「2026년 상인 · 소상공인 AI코칭 지원사업」참여자를 모집하오니, 많은 참여 부탁드립니다.
☞ 도내 아래 지역에 소재하고 있는 소상공인
- 대상 지역 : 경주시, 안동시, 울진군, 예천군, 청송군
☞ 업체별 사용료 지원교육 및 코칭 지원
- (AI교육) 플랫폼 사용방법도구별 사용방법 교육 
- (AI현장코칭) 전문가가 개별 업장을 방문하여 맞춤형 코칭 진행
- (AI 에이전트 사용료 지원) 직접활용, API비용 지원
※ 자세한 지원내용 공고문 참조",인력/일자리,경상북도경제진흥원,경상북도,소상공인,소상공인,,,,,,,교육/훈련/연수,모집 완료시,,,"이메일 접수 (hjlee@gepa.kr)
※ 신청 후 접수 확인전화 필수","이메일 접수 (hjlee@gepa.kr)
※ 신청 후 접수 확인전화 필수",https://www.bizinfo.go.kr/sii/siia/selectSIIA200Detail.do?pblancId=PBLN_000000000125962,main,primary,경북2026년상인ㆍ소상공인ai코칭지원사업참여자모집연장공고,경상북도경제진흥원,모집 완료시~,인력,교육/훈련/연수
biz,PBLN_000000000125961,[경북] 김천시 2026년 해외무역사절단 파견 참가기업 추가모집 공고,"김천시와 경상북도경제진흥원에서는 김천시 관내 중소기업을 대상으로 해외 (신)시장 개척 및 글로벌 역량 강화 기회를 제공하고자 ‘2026년 김천시 해외무역사절단’참가기업을 모집하오니 많은 신청 바랍니다.
☞ 김천시 소재 중소기업
- 김천시 소재 중소기업 중 공장등록 기업이거나 제조시설 면적이 500㎡ 미만인 경우 건축물관리대장상 건축물 용도가 ‘공장’ 또는 ‘제조업소’ 인 기업
- 최근 3년 이내(2023 ~ 2025) 직ㆍ간접 수출실적 보유 기업
- 참여품목 : 종합품목(소비재, 기계류, 식품, 화장품, 자동차 부품 등)
☞ 해외무역사절단 파견을 통해 해외 시장 개척 및 수출 판로 확대 지원
- 왕복항공료 50%(1사1인), 샘플운송료(한도), 바이어 발굴 및 1:1 상담, 현지 비즈니스 관련 공식 활동 비용(통역, 단체 이동 차량 등), 상담회 개최 비용 지원",판로/수출,경상북도경제진흥원,경상북도,중소기업,중소기업,,,,,,,시장개척,2026-08-28,2026-09-11,,이메일 접수 (dkkim00700@daum.net),이메일 접수 (dkkim00700@daum.net),https://www.bizinfo.go.kr/sii/siia/selectSIIA200Detail.do?pblancId=PBLN_000000000125961,main,primary,경북김천시2026년해외무역사절단파견참가기업추가모집공고,경상북도경제진흥원,2026-08-28~2026-09-11,수출,시장개척
biz,PBLN_000000000125960,[경기] 2026년 2차 규제샌드박스 지원사업 승인기업 사업화 지원 참여기업 모집 공고,"경기도와 경기도경제과학진흥원은 도내 기업의 혁신성장을 도모하고 도내 신산업 규제개혁 우수사례 창출을 위하여,「경기도 규제샌드박스 지원사업 승인기업 사업화 지원」참여기업을 모집하오니 많은 신청 바랍니다.
☞ 도내 창업/스타트업 중 규제샌드박스 승인기업
※ 본사, 사업장(공장), 기업부설연구소 포함
☞ 실증비용, 책임보험료, 조기실증 컨설팅(사업비 총액 중 80% 이내) 지원",기술,경기도경제과학진흥원,경기도,창업벤처,초기창업기업,,,,,,,기술사업화/이전/지도,2026-08-31,2026-09-02,,온라인 접수 (경기도 R&D 과제관리시스템),온라인 접수 (경기도 R&D 과제관리시스템),https://www.bizinfo.go.kr/sii/siia/selectSIIA200Detail.do?pblancId=PBLN_000000000125960,main,primary,경기2026년2차규제샌드박스지원사업승인기업사업화지원참여기업모집공고,경기도경제과학진흥원,2026-08-31~2026-09-02,기술,기술사업화/이전/지도
biz,PBLN_000000000125959,[대구] 2026년 4차 대학-기업 공동 기술ㆍ제품 기획 지원 과제 기업 모집 공고,"경북대학교 지산학연협력기술연구소에서 수행하는「대구형 R&D 전주기 지원체계 구축」사업의 「대학-기업 공동 기술/제품 기획 지원」과제를 아래와 같이 공고하오니 대구 지역 기업의 많은 참여 바랍니다.
☞ 신청서 접수일 기준 대구 지역(사업자등록증 기준) 內에 소재하는 중소ㆍ중견기업 중 대구 5대 신산업 분야 법인기업
① 본사, 공장, 연구소, 지사가 대구 지역 내 소재하고 있으며, 참여 인력은 4대 보험 가입증명서로 증빙할 수 있어야 함 
② 사업 참여 기간 중 사업장의 역외 이전 불가(이전 시 모든 지원금 환수)
③ 대구 지역에 상주인력 1명 이상이 있어야 하며, 지역에서 사업을 영위하고 있어야 함
※ 대구 5대 신산업 : 헬스케어, 로봇, 미래모빌리티, ABB, 반도체
☞ 기술 기획, 제품 기획 지원",기술,경북대학교 지산학연협력기술연구소,대구광역시,중소기업,중소기업,,,,,,,기술사업화/이전/지도,2026-08-28,2026-09-15,,온라인 접수(경북대학교 지산학연협력기술연구소),온라인 접수(경북대학교 지산학연협력기술연구소),https://www.bizinfo.go.kr/sii/siia/selectSIIA200Detail.do?pblancId=PBLN_000000000125959,main,primary,대구2026년4차대학기업공동기술ㆍ제품기획지원과제기업모집공고,경북대학교지산학연협력기술연구소,2026-08-28~2026-09-15,기술,기술사업화/이전/지도
biz,PBLN_000000000125958,Plug in : Osaka #14 참가 스타트업 모집 공고,"부산창조경제혁신센터에서는 국내 유망 친환경(GX) 분야 스타트업의 일본 시장 진출 및 현지 네트워크 구축을 지원하기 위해, 현지 스타트업 피칭 및 전시, 글로벌 네트워킹 기회 등을 제공하는 「Plug in: Osaka #14」 참여기업을 아래와 같이 모집하오니 많은 관심과 참여 바랍니다.
☞ 일본 진출을 희망하는 친환경(GX) 분야 스타트업 
☞ 왕복 항공료 실비(최대 40만원), IR 피칭 및 전시, GSE 입장권, 참가비 등 지원 
※ 자세한 지원내용 공고문 참조",판로/수출,부산창조경제혁신센터,부산광역시,창업벤처,"스타트업,초기창업기업",,,,,,,시장개척,2026-08-28,2026-09-07,,"온라인 및 이메일 접수
- 부산소재 : 온라인 접수(부산창업포털 홈페이지)
- 전국소재 : 이메일 접수(daeun@ccei.kr)","온라인 및 이메일 접수
- 부산소재 : 온라인 접수(부산창업포털 홈페이지)
- 전국소재 : 이메일 접수(daeun@ccei.kr)",https://www.bizinfo.go.kr/sii/siia/selectSIIA200Detail.do?pblancId=PBLN_000000000125958,main,primary,pluginosaka14참가스타트업모집공고,부산창조경제혁신센터,2026-08-28~2026-09-07,수출,시장개척
biz,PBLN_000000000125957,[대전] 2026년 충청권 에너지기술공유대학 지역에너지 문제해결 프로젝트 지원사업 공고,"(재)대전테크노파크에서 에너지분야 전문인력 양성 및 지역정주 지원을 위해 추진하고 있는「충청권 분산에너지 대응 에너지기술공유대학 사업」을 통해 지역 내 에너지관련 문제 해결을 목적으로 하는 산학공동 프로젝트를 발굴ㆍ지원하고자 하오니 많은 관심과 참여를 부탁드립니다.
☞ 대전 소재 중소ㆍ중견기업(공고일 현재 사업자등록증 기준)
☞ 지역 내 에너지 관련 문제 발굴 및 해결을 위한 산학공동 프로젝트 지원 (기업당 최대 20백만원 이내 지원)
- (현물지원) : 소모성 연구재료 구입, 시제품 제작, 시험평가, 과제기획 용역",기술,대전테크노파크,대전광역시,중소기업,중소기업,,,,,,,기술사업화/이전/지도,2026-08-31,2026-09-11,,온라인 접수(대전테크노파크 사업관리시스템(DIPS)),온라인 접수(대전테크노파크 사업관리시스템(DIPS)),https://www.bizinfo.go.kr/sii/siia/selectSIIA200Detail.do?pblancId=PBLN_000000000125957,main,primary,대전2026년충청권에너지기술공유대학지역에너지문제해결프로젝트지원사업공고,대전테크노파크,2026-08-31~2026-09-11,기술,기술사업화/이전/지도
biz,PBLN_000000000125956,[충북] 충주시 2026년 AI 파일럿 프로젝트 실증 지원 사업 수혜기업 추가 모집 공고(AI 자율제조 선도프로젝트),"2026년도 충청북도와 충주시가 지원하는 AI 파일럿 프로젝트 지원 프로그램을 안내하오니, 해당 프로그램 참여를 희망하는 충북 충주시 중견ㆍ중소기업은 아래 내용을 참고하여 신청하시기 바랍니다.
☞ 충북 충주시 내 제조기업(본사, 공장, 연구소 등) 중, 제조 현장에서 수집된 제조 데이터(Raw Data)를 보유하고 있는 기업 
※ 수요기업과 공급기업 간 컨소시엄 구성 후 신청
※ Raw Data는 PLC, 센서 등을 통해 실시간으로 수집ㆍ저장된 데이터를 의미
☞ 기업당 최대 60,000천원 이내 지원
- 데이터셋 구축, AI 맞춤형 솔루션 실증 지원
※ 자세한 지원내용 공고문 참조",기술,충북테크노파크,충청북도,중소기업,중소기업,,,,,,,기술사업화/이전/지도,2026-08-28,2026-09-10,,온라인 접수 (충북테크노파크 컨택센터),온라인 접수 (충북테크노파크 컨택센터),https://www.bizinfo.go.kr/sii/siia/selectSIIA200Detail.do?pblancId=PBLN_000000000125956,main,primary,충북충주시2026년ai파일럿프로젝트실증지원사업수혜기업추가모집공고ai자율제조선도프로젝트,충북테크노파크,2026-08-28~2026-09-10,기술,기술사업화/이전/지도
biz,PBLN_000000000125955,[인천] 2026년 인천스타트업파크 부스트 스타트업(TechCrunch Disrupt 2026) 참가기업 모집 공고,"인천스타트업파크는 북미 최대 스타트업 컨퍼런스인 TechCrunch Disrupt(TCD) 2026 인천스타트업파크관 참가를 희망하는 인천 스타트업을 모집합니다. 현지 투자자 및 글로벌 파트너와의 비즈니스 기회 확대를 희망하는 성장 잠재력 있는 인천 소재 스타트업의 많은 관심과 적극적인 신청 바랍니다. 
☞ 글로벌 진출역량과 의사가 있고,상용화 가능한 제품이나 서비스를 보유하고 있는 4차산업ㆍ바이오융합 분야의 스타트업
※ 전담인력 중 최소 1인 이상 영어 능통자를 보유하여야 함
-  공고 마감일 기준 인천 소재 본사ㆍ연구소ㆍ공장을 보유한 창업 7년 이내 관내 기업(중소기업창업 지원법에 의거 신산업 창업 분야는 10년까지 신청 가능)
☞ 부스 조성 및 출입패스, 행사 참가 경비(기업별 500만원 이내), 현지 행사장 피칭 지원, 현지 생태계 탐방, 홍보지원
※ 자세한 지원내용 공고문 참조",판로/수출,인천테크노파크,인천광역시,창업벤처,"스타트업,초기창업기업",,,,,,,해외진출준비,2026-08-28,2026-09-11,,온라인 접수(인천스타트업파크),온라인 접수(인천스타트업파크),https://www.bizinfo.go.kr/sii/siia/selectSIIA200Detail.do?pblancId=PBLN_000000000125955,main,primary,인천2026년인천스타트업파크부스트스타트업techcrunchdisrupt2026참가기업모집공고,인천테크노파크,2026-08-28~2026-09-11,수출,해외진출준비
biz,PBLN_000000000125954,[제주] 2026년 코스모프로프 아시아 홍콩 박람회 참가기업 모집 공고,"제주화장품 경쟁력 강화를 위하여, 2026 코스모프로프 아시아 홍콩 박람회의 참가 희망 기업을 다음과 같이 모집하오니, 많은 관심과 참여 부탁드립니다. 
☞ 제주특별자치도 내 본사 또는 지사가 관련 사업자등록(화장품 제조, 화장품책인판매업 등)을 필한 창업 1년 이상인 기업
☞ 부스 임차비ㆍ장치비, 물품임대비, 통역 지원",판로/수출,제주테크노파크,제주특별자치도,창업벤처,초기창업기업,,,,,,,시장개척,2026-08-28,2026-09-10,,온라인 접수 (제주산업정보서비스),온라인 접수 (제주산업정보서비스),https://www.bizinfo.go.kr/sii/siia/selectSIIA200Detail.do?pblancId=PBLN_000000000125954,main,primary,제주2026년코스모프로프아시아홍콩박람회참가기업모집공고,제주테크노파크,2026-08-28~2026-09-10,수출,시장개척
biz,PBLN_000000000125953,[울산] 울주군 2026년 하반기 기술창업 생태계 지원사업 성장단계별 맞춤형 프로그램 추가 모집 공고,"기술창업기업 육성을 통한 울주군 지역경제의 활성화를 위해 2026년도 울주군 기술창업 생태계 지원사업「성장단계별 맞춤형 프로그램」을 운영하오니 많은 참여 바랍니다.
☞ (입주기업 창업패키지)
- 울주군창업일자리종합지원센터 입주기업(예비창업자 제외)
※ 본 센터 졸업기업(2023.1.1. 이후)이면서 울주군 소재기업
☞ 입주기업 창업패키지 지원
- 시장조사, 디자인개발, 제품분석·시험인증, 판로개척, 지식재산권 등",기술,울산테크노파크,울산광역시,중소기업,중소기업,,,,,,,기술사업화/이전/지도,2026-08-31,2026-09-04,,온라인 접수(울산테크노파크 기업지원사업 관리시스템),온라인 접수(울산테크노파크 기업지원사업 관리시스템),https://www.bizinfo.go.kr/sii/siia/selectSIIA200Detail.do?pblancId=PBLN_000000000125953,main,primary,울산울주군2026년하반기기술창업생태계지원사업성장단계별맞춤형프로그램추가모집공고,울산테크노파크,2026-08-31~2026-09-04,기술,기술사업화/이전/지도
biz,PBLN_000000000125952,2026년 KOTRA-이베이 파워셀러 1단계 입점교육 4기 참가기업 모집 공고,"KOTRA는 온라인 수출 지원 수요 증가에 대응하여 유망 소비재 기업의 글로벌 온라인 유통망 입점부터 생존, 파워셀러로 성장하는 전 과정을 지원하는「2026 KOTRA-이베이(eBay) 파워셀러 육성사업 1단계 입점교육 4기」를 모집합니다. 아래와 같이 참가기업을 모집하오니 관심 기업의 많은 신청 부탁드립니다.
☞ 이베이 유통망에 미입점 상태로 기초 입점교육을 필요로 하는 국내 중소중견기업
☞ OT 및 입점 교육 4회(온라인 실시간 웨비나), 기수별 10개사 대상 30만원 마케팅비 지원
※ 자세한 지원내용 공고문 참조",판로/수출,대한무역투자진흥공사,전국,중소기업,중소기업,,,,,,,해외진출준비,2026-08-31,2026-09-20,,온라인 접수 (무역투자24),온라인 접수 (무역투자24),https://www.bizinfo.go.kr/sii/siia/selectSIIA200Detail.do?pblancId=PBLN_000000000125952,main,primary,2026년kotra이베이파워셀러1단계입점교육4기참가기업모집공고,대한무역투자진흥공사,2026-08-31~2026-09-20,수출,해외진출준비
biz,PBLN_000000000125951,[서울] 구로구 2026년 하반기 일반음식점 시설개선 지원사업 공고,"우리 구 위생업소 환경개선 및 서비스 수준 향상을 위해「서울특별시 구로구위생업소에 관한 지원 조례」제4조(지원사업)에 따라「2026년 하반기 일반음식점 시설개선지원사업」을 다음과 같이 공고합니다.
☞ 구로구에서 영업신고를 하고 1년이 지난 일반음식점
※ 지원결정을 통보받은 날(11월 초 예정)로부터 1개월 이내에 착공 가능한 업소
☞ 일반음식점 시설개선비 지원
※ 자세한 지원내용 공고문 참조",경영,기초자치단체,서울특별시,소상공인,소상공인,,,,,,,시설/입지지원,2026-08-24,2026-09-07,,"방문 또는 우편 접수
- 접수처 : 서울특별시 구로구 구로중앙로28길 66,구로보건소 5층 위생과","방문 또는 우편 접수
- 접수처 : 서울특별시 구로구 구로중앙로28길 66,구로보건소 5층 위생과",https://www.bizinfo.go.kr/sii/siia/selectSIIA200Detail.do?pblancId=PBLN_000000000125951,main,primary,서울구로구2026년하반기일반음식점시설개선지원사업공고,기초자치단체,2026-08-24~2026-09-07,경영,시설/입지지원
biz,PBLN_000000000125950,2026년 2차 스마트공장 공급기업 역량진단 참여기업 모집 공고,"스마트공장 공급기업의 역량을 체계적으로 진단하는 ‘2026년도 스마트공장 공급기업 역량진단’에 참여할 기업을 다음과 같이 모집 공고 하오니 희망하는 기업의 많은 참여를 바랍니다.
☞ 중소ㆍ중견기업 중 사업관리시스템에 등록된 스마트제조, 스마트서비스, 스마트공방 공급기업
☞ 역량진단 지원(정부지원금 80%)
※ 자세한 지원내용 공고문 참조",기술,중소기업기술정보진흥원,전국,중소기업,중소기업,,,,,,,공동기술개발,2026-08-28,2026-09-29,,온라인 접수(스마트공장 사업관리시스템),온라인 접수(스마트공장 사업관리시스템),https://www.bizinfo.go.kr/sii/siia/selectSIIA200Detail.do?pblancId=PBLN_000000000125950,main,primary,2026년2차스마트공장공급기업역량진단참여기업모집공고,중소기업기술정보진흥원,2026-08-28~2026-09-29,기술,공동기술개발
biz,PBLN_000000000125949,2026년 INKE 인도 시장진출 지원 프로그램  참가기업 모집 연장 공고(뉴델리 현지 바이어 매칭 및 수출상담회),"벤처기업협회는 INKE 인도 뉴델리 지부(Koindo Trading Pvt., Ltd.)의 현지 네트워크를 활용하여 국내 벤처기업의 인도 시장 진출과 판로개척을 지원하는 '2026 INKE 인도 시장진출 지원 프로그램'을 추진합니다. 본 프로그램은 현지 전문 바이어 발굴ㆍ매칭, 1:1 비즈니스 상담회, 인도 진출 전략 세미나, 산업시찰 및 후속미팅을 연계하여 참가기업에 실질적인 수출 상담 기회와 현지 협력 기반을 제공하는 것을 목적으로 합니다.
☞ 인도 시장 진출 및 현지 바이어 상담을 희망하는 국내 벤처기업
- 영문 회사소개서ㆍ제품소개서ㆍ샘플 등 상담 준비가 가능한 기업
- K-뷰티ㆍ라이프스타일 분야(화장품, 퍼스널케어, 미용기기, 생활용품 등), 화학제품, 산업기계, 자동차부품, ICT, 전기전자, 기계금속, 자동화ㆍ로봇 등 인도 현지 수요와 연계 가능한 분야
☞ 협회 지원(기업당 약 400만원 내)
- 현지 바이어 발굴 및 기업별 1:1 상담 매칭, 상담회장 임차ㆍ운영 및 기업별 상담 통역 지원 
- 현지 공식일정 차량 및 전략 세미나 운영, 산업시찰 섭외, 홍보물 제작 및 사전 마케팅 지원 
- 상담일지 작성 및 후속 성과관리 지원",판로/수출,벤처기업협회,전국,창업벤처,초기창업기업,,,,,,,해외진출,2026-08-12,2026-09-04,,이메일 접수 (min@kova.or.kr),이메일 접수 (min@kova.or.kr),https://www.bizinfo.go.kr/sii/siia/selectSIIA200Detail.do?pblancId=PBLN_000000000125949,main,primary,2026년inke인도시장진출지원프로그램참가기업모집연장공고뉴델리현지바이어매칭및수출상담회,벤처기업협회,2026-08-12~2026-09-04,수출,해외진출
biz,PBLN_000000000125948,[부산] 기장군 2026년 다시미마켓(사회적경제기업 및 청년창업ㆍ여성기업 프리마켓) 참여기업 모집 공고,"기장군 소재 영세 사회적경제기업, 청년창업기업, 여성기업 등의 판로 개척 및 홍보를 지원하고자 개최하는「2026년 기장군 다시미마켓」에 참여할 기업을 모집하오니 많은 신청 바랍니다.
☞ 부산시 소재 사회적경제기업ㆍ청년창업기업ㆍ여성기업 
※ (예비)사회적기업, (예비)마을기업, 자활기업, (사회적)협동조합, 청년창업기업(공고일 현재 대표자가 만18세~만39세 청년인 기업), 여성기업(공고일 현재 대표자가 여성인 기업)
☞ (기업별)프리마켓 부스(판매부스 또는 체험부스), 사은품, 홍보 현수막 등 제공, 뽑기 이벤트 등 판촉행사 진행예정",판로/수출,기초자치단체,부산광역시,중소기업,"여성,중소기업,청년",,,,,,,오프라인,차수별 상이,,,온라인 접수 (sjy1hf@korea.kr),온라인 접수 (sjy1hf@korea.kr),https://www.bizinfo.go.kr/sii/siia/selectSIIA200Detail.do?pblancId=PBLN_000000000125948,main,primary,부산기장군2026년다시미마켓사회적경제기업및청년창업ㆍ여성기업프리마켓참여기업모집공고,기초자치단체,차수별 상이~,내수,오프라인
biz,PBLN_000000000125947,2026년 AI 기반 주파수 간섭분석 및 전파예측기술 개발사업 신규지원 대상과제 공고,"2026년도 AI 기반 주파수 간섭분석 및 전파예측기술개발사업 신규지원 대상과제를 다음과 같이 재공고하오니 동 사업에 참여를 희망하는 기관(기업) 등은 관련 규정 및 절차에 따라 신청하여 주시기 바랍니다.
☞ 기업, 대학, 연구기관, 연구조합, 사업자단체 등 관련 규정에 해당되는 기관
☞ (차세대통신) AI 기반 차세대 주파수 간섭분석 기술개발 연구개발비 지원",기술,정보통신기획평가원,전국,중소기업,중소기업,,,,,,,공동기술개발,2026-08-31,2026-09-11,,온라인 접수 (범부처통합연구지원시스템),온라인 접수 (범부처통합연구지원시스템),https://www.bizinfo.go.kr/sii/siia/selectSIIA200Detail.do?pblancId=PBLN_000000000125947,main,primary,2026년ai기반주파수간섭분석및전파예측기술개발사업신규지원대상과제공고,정보통신기획평가원,2026-08-31~2026-09-11,기술,공동기술개발
biz,PBLN_000000000125946,[부산] 사하구 한시적 수출 수산식품 포장재 지원사업 추가 신청 안내 공고,"「부산광역시 지방보조금 관리 조례」제16조에 따라 한시적 수출 수산식품 포장재 지원사업 추가 신청 안내를 아래와 같이 공고합니다.
☞ 관내 수산식품기업
- 우리 구 소재 사업장에서「수산식품산업의 육성 및 지원에 관한 법률」제2조제3호에 따른 수산식품을 생산하는 개인 또는 법인(단체) 중 최근 3년(2023~2025년)간 계속하여 수출실적이 있는 중소기업체
※ 자세한 지원대상 공고문 참조
☞ 2026. 3월 ~ 5월중 구입한 포장재 구매가(공급가액 기준)의 30% 지원(업체당 10,000천원 이내)",판로/수출,기초자치단체,부산광역시,중소기업,중소기업,,,,,,,해외진출,2026-08-16,2026-09-16,,,,https://www.bizinfo.go.kr/sii/siia/selectSIIA200Detail.do?pblancId=PBLN_000000000125946,main,primary,부산사하구한시적수출수산식품포장재지원사업추가신청안내공고,기초자치단체,2026-08-16~2026-09-16,수출,해외진출
biz,PBLN_000000000125945,2026년 2차 베트남 ODA 스마트공장 공정개선 컨설팅 지원사업 공고,"베트남 제조기업의 생산현장 애로를 진단하고 기업별 공정개선 과제와 스마트공장 구축 방향을 제시하기 위하여 「2026년 베트남 ODA 스마트공장 공정개선 컨설팅 지원사업」의 참여기업 모집을 다음과 같이 공고하오니, 동 사업 참여를 희망하는 기업은 다음 안내에 따라 신청하시기 바랍니다.
☞ 베트남 현지(하노이 및 주변 산업단지) 제조기업
☞ 컨설팅 비용 지원(기업당 920만원) 
- 스마트공장 구축 전 사전컨설팅을 통해 생산ㆍ품질ㆍ설비ㆍ자재ㆍ데이터 등 활용 수준을 진단하고, 기업별 실행 가능한 공정개선 과제와 구축 로드맵 제시 지원",경영,서울테크노파크,서울특별시,중소기업,중소기업,,,,,,,컨설팅,2026-08-31,2026-09-17,,"이메일 접수 (hjlee@seoultp.or.kr)
※ 한국시간 기준 필수서류 모두 제출시에 접수된 것으로 간주","이메일 접수 (hjlee@seoultp.or.kr)
※ 한국시간 기준 필수서류 모두 제출시에 접수된 것으로 간주",https://www.bizinfo.go.kr/sii/siia/selectSIIA200Detail.do?pblancId=PBLN_000000000125945,main,primary,2026년2차베트남oda스마트공장공정개선컨설팅지원사업공고,서울테크노파크,2026-08-31~2026-09-17,경영,컨설팅
biz,PBLN_000000000125944,[경북] 2027년 지역선도기업사업화지원사업 신규지원과제 모집 공고(지역디지털기초체력지원사업),"2027년 과학기술정보통신부에서 추진 예정인「지역디지털기초체력지원사업」의 “지역선도기업사업화지원사업” 신규지원 과제 발굴을 위해 모집 공고를 다음과 같이 실시하오니 많은 참여 바랍니다.
☞ 경상북도 內 디지털기업(강소SW기업, 스타트업) 및 우수디지털역량 확보기업
- 예비선도기업 요건을 충족하는 SW사업자
- 주관기관(포항테크노파크 경북디지털혁신본부) 및 참여기관으로 구성된 컨소시엄
ㆍ (주관기관) 소프트웨어진흥법 제9조 제2항에 따라 지정된 경북권역거점 SW산업진흥기관(과기정통부 공고 2021-0925호)
ㆍ (참여기관) SW사업자, 대학, 연구소 가능
☞ 도내 핵심역량을 갖춘 선도기업 육성을 위해 기술고도화, 국내ㆍ외 마케팅, 테스트, 기술경영 컨설팅, 투자유치 등 기업수요에 맞춤 자율형 맞춤형 지원",기술,포항테크노파크,경상북도,중소기업,중소기업,,,,,,,기술사업화/이전/지도,2026-08-28,2026-09-18,,온라인 접수 (포항테크노파크 홈페이지),온라인 접수 (포항테크노파크 홈페이지),https://www.bizinfo.go.kr/sii/siia/selectSIIA200Detail.do?pblancId=PBLN_000000000125944,main,primary,경북2027년지역선도기업사업화지원사업신규지원과제모집공고지역디지털기초체력지원사업,포항테크노파크,2026-08-28~2026-09-18,기술,기술사업화/이전/지도
biz,PBLN_000000000125943,[부산] 동래구 2026년 청년기업 인증 및 지원 계획 공고,"「부산광역시동래구 청년기업 육성 및 지원에 관한 조례」 제6조에 따라
동래구 청년의 경제활동을 촉진하고 지역경제 활성화에 기여하고자 2026년 
동래구 청년기업 인증 및 지원 계획을 다음과 같이 공고합니다.
☞ 동래구에 소재하며 18~39세 이하의 청년이 대표로서 1년 이상 사업을
 운영하고 있는 기업
- 「중소기업기본법」 제2조제1항제1호에 따른 기업
☞ 청년기업 3년간 인증, 인증 청년기업 제품ㆍ서비스 우선 구매ㆍ이용(권고), 구 주요행사 우선 참여권 제공, 구청 홈페이지 '청년기업 인증 현황' 게시 지원",경영,기초자치단체,부산광역시,중소기업,"중소기업,청년",,,,,,,디자인/상품화/사업화,상시 접수,,,"이메일 또는 우편 접수
- 이메일: hy0909@korea.kr 
- 주소: 부산 동래구 충렬대로237번길 93(복천동), 동래구청 일자리경제과","이메일 또는 우편 접수
- 이메일: hy0909@korea.kr 
- 주소: 부산 동래구 충렬대로237번길 93(복천동), 동래구청 일자리경제과",https://www.bizinfo.go.kr/sii/siia/selectSIIA200Detail.do?pblancId=PBLN_000000000125943,main,primary,부산동래구2026년청년기업인증및지원계획공고,기초자치단체,상시 접수~,경영,디자인/상품화/사업화
biz,PBLN_000000000125942,[부산] 중구 2026년 하반기 착한가격업소 지정 신청 공고,"2026년 하반기 착한가격업소 지정 계획에 따라 다음과 같이 공고합니다.
☞ 자영업자, 개인사업자, 법인으로서 서민생활과 밀접한 개인서비스요금에 해당하는 업종에 대해 시민에게 직접 소매단위로 물품ㆍ서비스 등의 판매행위를 하는 업소
☞ 착한가격업소 지정, 인증 표찰 부착 및 인센티브(물품, 홍보 등) 지원",경영,기초자치단체,부산광역시,중소기업,중소기업,,,,,,,디자인/상품화/사업화,2026-08-27,2026-09-10,,"방문, 팩스, 이메일 접수
- 접수처 : 중구청 6층 일자리경제과
- 팩스 : 051-600-4479
- 이메일 : podo129@korea.kr
※ 팩스, 이메일은 접수여부 확인요망","방문, 팩스, 이메일 접수
- 접수처 : 중구청 6층 일자리경제과
- 팩스 : 051-600-4479
- 이메일 : podo129@korea.kr
※ 팩스, 이메일은 접수여부 확인요망",https://www.bizinfo.go.kr/sii/siia/selectSIIA200Detail.do?pblancId=PBLN_000000000125942,main,primary,부산중구2026년하반기착한가격업소지정신청공고,기초자치단체,2026-08-27~2026-09-10,경영,디자인/상품화/사업화
biz,PBLN_000000000125941,[대구] 동구 청년 창업기업 사무실 임차료 지원사업 참여자 추가모집 공고,"대구광역시 동구에서는 청년 창업자의 사업장 임차료 부담을 경감하여 안정적인 창업 환경을 제공하고자 「2026년 청년 창업기업 사무실 임차료 지원사업」 참여자를 다음과 같이 추가 모집합니다.
☞ (′26. 2. 25. 기준) 청년 창업자로 아래 조건을 모두 충족하는 자
- (주소지) (′26. 5. 31. 주민등록 기준) 대구광역시 동구
- 19 ~ 39세의 청년(1987. 1. 1. ~ 2007. 12. 31. 출생자 해당)
- (′26. 2. 25. 기준) 동구에 사업자 등록(7년 미만) 후 현재까지 영업중 (※ 2019. 2. 26. 이후 사업자 등록)
- 월 임차료 30만원 이상
- 광업ㆍ제조업ㆍ건설업 및 운수업 : 10명 미만 / 그 외 업종 : 5명 미만
☞ 사무실 임차료 50% 지원(월 최대 50만원 한도, 최대 10개월)",창업,기초자치단체,대구광역시,창업벤처,"청년,초기창업기업",,,,,,,창업공간지원,2026-08-25,2026-09-09,,"방문, 우편, 이메일 접수
- 접수처 : 대구관역시 동구 효목로 7, 2층 동구청년센터
- 이메일 : hope1953@daum.net
※ 이메일 접수 시 수신 여부를 전화로 반드시 확인 (053-261-3358)","방문, 우편, 이메일 접수
- 접수처 : 대구관역시 동구 효목로 7, 2층 동구청년센터
- 이메일 : hope1953@daum.net
※ 이메일 접수 시 수신 여부를 전화로 반드시 확인 (053-261-3358)",https://www.bizinfo.go.kr/sii/siia/selectSIIA200Detail.do?pblancId=PBLN_000000000125941,main,primary,대구동구청년창업기업사무실임차료지원사업참여자추가모집공고,기초자치단체,2026-08-25~2026-09-09,창업,창업공간지원
biz,PBLN_000000000125940,[인천] 2026년 어르신일자리 창출 우수기업ㆍ기관 인증 공고,"인천광역시에서는 어려운 경제 여건 속에서도 어르신일자리 고용 증대에 기여하거나 어르신 친화적 환경 조성 등에 모범이 되는 기업·기관을 발굴하고 지역내 어르신일자리 창출 분위기를 확산하고자 「2026년 어르신일자리 창출 우수기업ㆍ기관 인증」을 공모하오니 많은 관심과 참여 바랍니다.
☞ 인천시 관내 소재 1년 이상 정상 가동 중인 기업ㆍ기관
- 근로자 수가 10인 이상으로 어르신 고용 10%이상(최소 2명 이상)인 기업
☞ 우수기업ㆍ기관 인증서 및 인증패 수여 및 가점 부여, 자율평점 부여, 이자차액 보전, 홍보 등 지원",기타,직접수행,인천광역시,중소기업,중소기업,,,,,,,제도,2026-08-24,2026-09-18,,"방문, 우편, 이메일 접수
- 접수처 : (22101) 인천광역시 미추홀구 석정로 229, 3층 (도화동, 제물포스마트타운) 인천광역시 노인인력개발센터
- 이메일 : ini1855@naver.com
※ 우편 또는 이메일 접수시 사전 전화 必 (032-886-1855)","방문, 우편, 이메일 접수
- 접수처 : (22101) 인천광역시 미추홀구 석정로 229, 3층 (도화동, 제물포스마트타운) 인천광역시 노인인력개발센터
- 이메일 : ini1855@naver.com
※ 우편 또는 이메일 접수시 사전 전화 必 (032-886-1855)",https://www.bizinfo.go.kr/sii/siia/selectSIIA200Detail.do?pblancId=PBLN_000000000125940,main,primary,인천2026년어르신일자리창출우수기업ㆍ기관인증공고,직접수행,2026-08-24~2026-09-18,기타,제도
biz,PBLN_000000000125939,2026년 산업전파대전(KRS) 방송장비기업 전시참가사 모집 공고,"안녕하세요, 한국전파진흥협회 방송미디어장비산업센터입니다. 과학기술정보통신부와 한국전파진흥협회는 방송, 통신, 에너지, 위성, 국방의 초융합 산업의 미래를 한 눈에 볼 수 있는 2026 대한민국산업전파대전(KRS) 전시회에서 방송 장비기업들의 전시 참가를 독려하며, 부스 참여를 지원하고 있습니다. 관심있는 기업들의 많은 신청과 참여 부탁드립니다.
☞ 방송 장비, 솔루션, 서비스 관련 국내 중소, 중견기업
☞ 전시 면적 및 조립부스 공사 지원",판로/수출,한국전파진흥협회,대전광역시,중소기업,중소기업,,,,,,,오프라인,2026-08-20,2026-09-18,,이메일 접수(kobec@rapa.or.kr),이메일 접수(kobec@rapa.or.kr),https://www.bizinfo.go.kr/sii/siia/selectSIIA200Detail.do?pblancId=PBLN_000000000125939,main,primary,2026년산업전파대전krs방송장비기업전시참가사모집공고,한국전파진흥협회,2026-08-20~2026-09-18,내수,오프라인
biz,PBLN_000000000125938,[전남광주] 2026년 2차 절임연수 재활용 설비 구축 지원사업 대상자 모집 공고,"전남산 김치의 가격경쟁력 제고로 안정적인 판로 확보를 위해 2026년 절임염수 재활용 설비 구축 지원사업대상자를 다음과 같이 공모하니 많은 관심과 참여 바랍니다.
☞ 구 전남도 내 김치 또는 절임배추 제조업체
- 공고일 이전 구 전남도 내에서 「식품위생법」에 따라 등록한 김치제조업체 및 절임배추제조업체로 「중소기업기업기본법」제2조에 따른 중소기업 이하 규모인 업체
- 법인은 총 출자금이 5천만 원 이상이고 1년 이상 운영실적이 있는 법인
- 개인 농식품 제조ㆍ가공업체의 경우 1년 이상 운영실적이 있는 업체
☞ 절임염수 재활용을 위한 설비 일체 구축(이물제거 및 정밀 정화 장치 등 신규 구비) 지원",기술,직접수행,광주광역시,중소기업,중소기업,,,,,,,기술인력/장비지원,2026-08-26,2026-09-09,,"방문 접수
- 접수처 : 시ㆍ군청 농식품유통 담당 부서","방문 접수
- 접수처 : 시ㆍ군청 농식품유통 담당 부서",https://www.bizinfo.go.kr/sii/siia/selectSIIA200Detail.do?pblancId=PBLN_000000000125938,main,primary,전남광주2026년2차절임연수재활용설비구축지원사업대상자모집공고,직접수행,2026-08-26~2026-09-09,기술,기술인력/장비지원
biz,PBLN_000000000125937,[부산] 국제수산교류협력지원사업(해외바이어초청지원) 참가업체 모집 공고,"우리협회는 부산광역시로부터 국제수산교류협력지원사업 (해외바이어초청) 보조사업자로 선정되었습니다. 아래 모집내용을 참고하시어 관심업체에서는 신청서를 접수하시기 바랍니다.
☞ BISFE 참가하는 부산소재 수산물수출기업
☞ 해외바이어초청(1인) 항공료, BISFE기간 3박 숙박 등 지원",판로/수출,한국수산무역협회,부산광역시,중소기업,중소기업,,,,,,,해외진출,2026-08-27,2026-09-06,,"이메일 접수 (kfta.bs@gmail.com)
※ 신청서 제출 후 담당자 통화 필수(051-231-8806)","이메일 접수 (kfta.bs@gmail.com)
※ 신청서 제출 후 담당자 통화 필수(051-231-8806)",https://www.bizinfo.go.kr/sii/siia/selectSIIA200Detail.do?pblancId=PBLN_000000000125937,main,primary,부산국제수산교류협력지원사업해외바이어초청지원참가업체모집공고,한국수산무역협회,2026-08-27~2026-09-06,수출,해외진출
biz,PBLN_000000000125936,[전남광주] 2026년 3차 양파 가공식품 경쟁력 강화 사업대상자 모집 공고,"양파 가공식품 소비촉진 홍보ㆍ마케팅 지원을 통해 양파 가공식품의 시장 경쟁력을 강화하고 농식품 기업 육성 및 소득 향상을 위해 “2026년 양파 가공식품 경쟁력강화 사업” 대상자를 아래와 같이 공모하니, 양파 가공식품 제조ㆍ가공업체(법인, 개인업체)의 많은 관심과 참여 바랍니다.
☞ 구 전남도 내 양파 가공업체
- 공고일 이전 구 전남도 내에서 식품제조ㆍ가공업 영업등록증을 받은 법인 또는 개인
- 법인의 경우 총 출자금 5천만원 이상, 1년 이상 운영실적 있는 업체
- 개인의 경우 1년 이상 운영실적 있는 업체
☞ 브랜드(포장재 제작), 마케팅(홍보물 제작) 등 지원",경영,직접수행,광주광역시,중소기업,중소기업,,,,,,,디자인/상품화/사업화,2026-08-26,2026-09-09,,"방문 접수
- 접수처 : 시ㆍ군청 농식품유통 담당 부서","방문 접수
- 접수처 : 시ㆍ군청 농식품유통 담당 부서",https://www.bizinfo.go.kr/sii/siia/selectSIIA200Detail.do?pblancId=PBLN_000000000125936,main,primary,전남광주2026년3차양파가공식품경쟁력강화사업대상자모집공고,직접수행,2026-08-26~2026-09-09,경영,디자인/상품화/사업화
biz,PBLN_000000000125935,2026년 5차 무기체계 부품국산화개발 지원사업 (상생협력부품국산화) 과제ㆍ연구개발기관 모집 공고,"국방 분야 중소기업 육성과 무기체계 부품개발 활성화를 위해 정부가 개발자금을 지원하고 구매를 보장하는「무기체계 부품국산화개발 지원사업」의 과제 및 연구개발기관을 모집하오니, 관련 기관의 많은 참여를 바랍니다.
☞「중소기업기본법」제2조 및 동법 시행령 제3조에 따른 중소기업
☞ 핵심부품국산화, 수출연계부품국산화, 전략부품국산화, 상생협력부품국산화 기술개발 지원",기술,국방기술진흥연구소,방위사업청,중소기업,중소기업,,,,,,,공동기술개발,2026-08-26,2026-09-29,,온라인 접수(국방기술진흥연구소 과제관리시스템),온라인 접수(국방기술진흥연구소 과제관리시스템),https://www.bizinfo.go.kr/sii/siia/selectSIIA200Detail.do?pblancId=PBLN_000000000125935,main,primary,2026년5차무기체계부품국산화개발지원사업상생협력부품국산화과제ㆍ연구개발기관모집공고,국방기술진흥연구소,2026-08-26~2026-09-29,기술,공동기술개발
biz,PBLN_000000000125934,싱가포르 현지 진출 지원 국내 블록체인 기업 모집 공고,"한국인터넷진흥원은 국내 블록체인 기업의 해외진출 지원 사업을 통해 2026년 싱가포르 현지 진출을 지원합니다. 본 사업에 참여할 국내 블록체인 기업을 아래와 같이 모집하오니 많은 참여 바랍니다.
☞ 블록체인 기술 보유 및 해외 진출 역량이 있는 블록체인 중소기업 또는 스타트업(업력 10년 이내)
☞ IR 컨설팅, 교육, 전시 임차비, 체재비 일부 지원 등
※ 자세한 지원내용 공고문 참조",판로/수출,한국인터넷진흥원,전국,중소기업,중소기업,,,,,,,시장개척,2026-08-27,2026-09-16,,"온라인 접수 (상생누리) 
※ 사이트 내 제출 항목이 없는 서류는 (21jun@kisa.or.kr) 추가 제출","온라인 접수 (상생누리) 
※ 사이트 내 제출 항목이 없는 서류는 (21jun@kisa.or.kr) 추가 제출",https://www.bizinfo.go.kr/sii/siia/selectSIIA200Detail.do?pblancId=PBLN_000000000125934,main,primary,싱가포르현지진출지원국내블록체인기업모집공고,한국인터넷진흥원,2026-08-27~2026-09-16,수출,시장개척
biz,PBLN_000000000125933,[충북] 2026년 충북 청주 강소특구 이노테크 기업 육성 기업 맞춤형 고도화 지원사업 모집 공고,"충북 청주 강소특구에서는 특화분야 기업의 기술ㆍ제품 사업화 과정에서 발생하는 애로사항을 해결하고 사업화 가능성 및 기업 경쟁력을 제고하기 위하여 「기업 맞춤형 고도화 지원 사업」을 시행하오니 관심 있는 기업의 많은 신청 바랍니다.
☞ 충북 청주 강소특구 내 기업 중 특화 분야 관련 사업을 수행하는 과정에서 발생한 기업 문제를 해결하고자 하는 기업
- 특구 외 지역 선정기업은 협약일로부터 2개월 이내 충북 청주 강소특구 내 본사 또는 지사 설립
- 특화분야 : ① 이차전지 분야, ②첨단반도체(ITㆍ부품ㆍ시스템) 분야, ③ AI기반 지능형 정보화 시스템 분야 [별첨1] 분류코드 참고
☞ 기업이 사업화 과정에서 발생하는 문제를 스스로 분석하고 해당 문제를 해결하는데 필요한 분야를 직접 선택하는 기업 수요 기반 맞춤형 지원",기술,충북대학교 산학협력단,충청북도,중소기업,중소기업,,,,,,,기술사업화/이전/지도,2026-08-24,2026-09-08,,이메일 접수 (gangso@cbnu.ac.kr),이메일 접수 (gangso@cbnu.ac.kr),https://www.bizinfo.go.kr/sii/siia/selectSIIA200Detail.do?pblancId=PBLN_000000000125933,main,primary,충북2026년충북청주강소특구이노테크기업육성기업맞춤형고도화지원사업모집공고,충북대학교산학협력단,2026-08-24~2026-09-08,기술,기술사업화/이전/지도
biz,PBLN_000000000125932,[전남광주] 2026년 3차 김치 생산비 절감 설비 지원사업 대상자 모집 공고,"전남산 김치의 가격경쟁력 제고로 안정적인 판로 확보를 위해 2026년 김치 생산비 절감 설비 지원사업대상자를 다음과 같이 공모하니 많은 관심과 참여 바랍니다.
☞ 구 전남도 내 김치 또는 절임배추 제조(가공)업체
☞ 양념 속 넣기, 절임염수 재활용 설비, 기타 자동 시스템 등 생산비 절감 기계ㆍ지원",기술,직접수행,광주광역시,중소기업,중소기업,,,,,,,기술인력/장비지원,2026-08-26,2026-09-09,,"방문 접수
- 접수처 : 시ㆍ군청 농식품유통 담당 부서","방문 접수
- 접수처 : 시ㆍ군청 농식품유통 담당 부서",https://www.bizinfo.go.kr/sii/siia/selectSIIA200Detail.do?pblancId=PBLN_000000000125932,main,primary,전남광주2026년3차김치생산비절감설비지원사업대상자모집공고,직접수행,2026-08-26~2026-09-09,기술,기술인력/장비지원
biz,PBLN_000000000125931,[전남광주] 2026년 3차 농촌융복합산업 인증경영체 융복합강화사업 대상자 모집 공고,"농촌자원을 활용한 유통ㆍ체험(3차)을 활성화시켜 농촌융복합산업화를 촉진하고 지원하여 농촌융복합산업 발전을 유도하기 위해 2026년 농촌융복합산업 인증경영체 융복합강화사업 대상자를 아래와 같이 공모하니, 농촌융복합산업 인증경영체에서는 많은 관심과 참여 바랍니다.
☞ 공고일 이전 농림축산식품부 장관이 지정한 농촌융복합산업 인증을 받은 (구)전라남도 소재 경영체(법인 또는 개인)
- 법인은 총출자금이 5천만원 이상이고, 1년 이상 운영 실적이 있는 법인 또는 개인
☞ (S/W분야) 가공제품 및 체험프로그램 개발, 시제품 및 디자인 개발 등 지원",기술,직접수행,광주광역시,중소기업,중소기업,,,,,,,기술사업화/이전/지도,2026-08-26,2026-09-09,,"방문 접수
- 접수처 : 시ㆍ군청 농식품유통 담당부서","방문 접수
- 접수처 : 시ㆍ군청 농식품유통 담당부서",https://www.bizinfo.go.kr/sii/siia/selectSIIA200Detail.do?pblancId=PBLN_000000000125931,main,primary,전남광주2026년3차농촌융복합산업인증경영체융복합강화사업대상자모집공고,직접수행,2026-08-26~2026-09-09,기술,기술사업화/이전/지도
biz,PBLN_000000000125930,[전남광주] 2026년 3차 농식품 제조ㆍ가공 지원사업 대상자 모집 공고,"우리 농촌의 다양한 자원을 기반으로 농식품 제조ㆍ가공분야 활성화와 지역농산물 소비에 기여하고, 생산기업의 매출향상과 일자리 창출을 위하여 “2026년 농식품 제조ㆍ가공 지원사업” 대상자를 아래와 같이 공모하니, 농식품 제조ㆍ가공업체(법인, 개인업체)에서는 많은 관심과 참여 바랍니다.
☞ 농식품 제조ㆍ가공업으로 등록된 도내 법인 또는 개인
- (구)전남도 내 생산 농산물을 주원료로 사용하는 농식품 제조ㆍ가공업체
- 공고일 이전 (구)전남도 내에서 농식품 제조ㆍ가공업 영업등록증을 받은 법인(총 출자금  5천만원 이상이고 운영 실적 1년 이상) 또는 개인(운영 실적 1년 이상)
☞ 농식품 제조ㆍ가공시설, HACCP 및 GMP시설, 기계ㆍ장비 지원
- 지원규모 : 개소당 3억원 또는 5억원 이내",경영,직접수행,광주광역시,중소기업,중소기업,,,,,,,시설/입지지원,2026-08-26,2026-09-09,,"방문 접수
- 접수처 : 시ㆍ군청 농식품유통 담당부서","방문 접수
- 접수처 : 시ㆍ군청 농식품유통 담당부서",https://www.bizinfo.go.kr/sii/siia/selectSIIA200Detail.do?pblancId=PBLN_000000000125930,main,primary,전남광주2026년3차농식품제조ㆍ가공지원사업대상자모집공고,직접수행,2026-08-26~2026-09-09,경영,시설/입지지원
biz,PBLN_000000000125929,[전남광주] 2026년 3차 농촌자원 복합산업화 시군 특화자원사업 대상자 모집 공고,"우리 농촌의 다양한 자원을 기반으로 농식품 제조ㆍ가공분야 활성화와 지역농산물 소비에 기여하고, 생산기업의 매출향상과 일자리 창출을 위하여 “2026년 농촌자원 복합산업화 시군 특화자원사업” 대상자를 아래와 같이 공모하니, 농식품 제조ㆍ가공업체(법인, 개인업체)에서는 많은 관심과 참여 바랍니다.
☞ 연매출 5억원 이상의 농식품 제조ㆍ가공하는 법인 또는 개인
- (구)전남도 내에서 생산한 농산물을 주원료로 공고일 이전 (구)전남 도내에서 농식품 제조ㆍ가공업 영업등록증을 받은 법인(총 출자금 5천만 원 이상이고 운영 실적 1년 이상) 또는 개인(운영 실적 1년 이상)
☞ 농식품 제조ㆍ가공ㆍ체험ㆍ전시 시설 신ㆍ증축 및 기계ㆍ장비 등 지원
- 지원규모: 개소당 5억원 이상 ~ 20억 이내
- 식품제조에 필요한 HACCP시설(사업완료 후 1년 이내 인증을 받는 조건), GMP시설, 저장, 유통 시설 포함
- 체험·전시시설의 경우 농촌융복합산업 인증을 받는 경우만 해당하며 생산ㆍ 제조ㆍ가공 등과 연계하여 지원(단독지원 불가)",경영,직접수행,광주광역시,중소기업,중소기업,,,,,,,시설/입지지원,2026-08-26,2026-09-09,,"방문 접수
- 접수처 : 시ㆍ군청 농식품유통 담당 부서","방문 접수
- 접수처 : 시ㆍ군청 농식품유통 담당 부서",https://www.bizinfo.go.kr/sii/siia/selectSIIA200Detail.do?pblancId=PBLN_000000000125929,main,primary,전남광주2026년3차농촌자원복합산업화시군특화자원사업대상자모집공고,직접수행,2026-08-26~2026-09-09,경영,시설/입지지원
biz,PBLN_000000000125928,[경남] 창원시 2026년 강소특구 이노테크 기업육성 AI-CNC 기반 제품 실증 및 성능 검증 지원 사업 공고,"창원시 소재 기업의 기술적 애로해소 및 사업화 지원을 통해 창원 강소특구 특화분야산업을 육성하기 위하여 2026년 강소특구 이노테크 기업육성(AI-CNC 기반 제품 실증 및 성능 검증 지원)을 아래와 같이공고하오니 동 사업에 참여를 희망하는 기업은 공고 내용에 따라 신청하여 주시기 바랍니다.
☞ 강소특구 내 기업, 지역 특화 기업 등 (각 세부 사업별 상이)
- (1순위) 강소특구 내 기업
- (2순위) 강소특구 소재 기초지자체 기업 중 ①특화 분야 기업, ②강소특구 육성사업 수혜기업, ③공공기술을 이전 받은 기업
☞ AI-CNC 실증지원
- 기업이 개발한 CNC 및 제조분야 제품ㆍ부품과 서보모터ㆍ드라이브, 감속기, 제어기 등 로봇 핵심부품에 대한 실증ㆍ성능 검증 및 신뢰성 시험ㆍ평가 지원
- 실증 및 시험 결과를 기반으로 제품 개선, 시험ㆍ인증 대응 및 국가 R&Dㆍ사업화 연계 지원",기술,한국전기연구원,경상남도,중소기업,중소기업,,,,,,,기술사업화/이전/지도,예산 소진시까지,,,이메일 접수 (hyuk08@keri.re.kr),이메일 접수 (hyuk08@keri.re.kr),https://www.bizinfo.go.kr/sii/siia/selectSIIA200Detail.do?pblancId=PBLN_000000000125928,main,primary,경남창원시2026년강소특구이노테크기업육성aicnc기반제품실증및성능검증지원사업공고,한국전기연구원,예산 소진시까지~,기술,기술사업화/이전/지도
biz,PBLN_000000000125927,[경기] 파주시 2026년 수제품 박람회 참가자 모집 공고,"「파주시 수제품 생산 및 판매촉진 지원에 관한 조례」 제7조에 따라 수제품 홍보 및 판로 지원을 위한 수제품 박람회를 개최하오니, 참가자 모집에 관내 수제품 소상공인들의 많은 관심과 참여 바랍니다.
☞ 공고일 현재 파주시에 사업자를 등록해 수제품을 생산ㆍ판매하는 소상공인(공정의 50% 이상을 직접 제작하거나 수작업 한 경우)
※ 수제품 : 가죽, 유리, 종이, 금속, 나무 등의 재료를 가지고 생산자가 직접 디자인해 수작업으로 만든 제품
- 판매품목: 도자, 금속, 목재, 섬유, 가죽 등의 다양한 재료를 활용한 창의적인 수제품
☞ 몽골텐트(3×3m), 기본집기(테이블, 의자), 상ㆍ하단 현수막 지원",판로/수출,기초자치단체,경기도,소상공인,소상공인,,,,,,,오프라인,2026-08-27,2026-09-09,,"이메일 또는 방문 접수
- 이메일 : surom25@korea.kr
- 접수처 : 파주시 민생경제과 소상공인팀","이메일 또는 방문 접수
- 이메일 : surom25@korea.kr
- 접수처 : 파주시 민생경제과 소상공인팀",https://www.bizinfo.go.kr/sii/siia/selectSIIA200Detail.do?pblancId=PBLN_000000000125927,main,primary,경기파주시2026년수제품박람회참가자모집공고,기초자치단체,2026-08-27~2026-09-09,내수,오프라인
biz,PBLN_000000000125925,[경기] 고양시 2027년 기업환경 개선사업 모집 공고,"관내 중ㆍ소기업의 열악한 근로환경 개선을 위하여 사업비용의 일부를  지원하는 「2027년 소규모 기업환경 개선사업」에 참가할 기업을 아래와 같이 모집하오니 관심 있는 중·소기업은 신청하여 주시기 바랍니다.
☞ 관내 본사 또는 공장이 소재한 제조 중소기업
- 1) 공장 등록이 되어있는 제조 기업
- 2) 공장 등록이 되어있지 않은 경우, 현재 사용 중인 공장 건축면적이 500㎡ 미만이고 건축물 용도가 건축법상 공장 또는 제2종 근린생활시설인 제조 기업
☞ 기반시설, 노동복지, 소방안전(작업환경, 소방시설) 등 기업환경 개선 지원
※ 자세한 지원내용 공고문 참조",경영,기초자치단체,경기도,중소기업,중소기업,,,,,,,시설/입지지원,2026-08-24,2026-09-11,,"이메일 또는 우편 접수
- 접수처 : 경기도 고양시 덕양구 고양시청로 10, 고양시청 기업지원과
- 이메일 : bitnara2128@korea.kr","이메일 또는 우편 접수
- 접수처 : 경기도 고양시 덕양구 고양시청로 10, 고양시청 기업지원과
- 이메일 : bitnara2128@korea.kr",https://www.bizinfo.go.kr/sii/siia/selectSIIA200Detail.do?pblancId=PBLN_000000000125925,main,primary,경기고양시2027년기업환경개선사업모집공고,기초자치단체,2026-08-24~2026-09-11,경영,시설/입지지원
biz,PBLN_000000000125924,[경남] 2026년 (예비)사회적기업 사회적가치지표(SVI) 컨설팅 참여기업 모집 공고,"경남 (예비)사회적기업의 현재 사회적가치를 파악하고, 개선 기준점 설정ㆍ관리를 통한 사회적가치 향상을 지원하기 위한「2026년 경남 (예비)사회적기업 사회적가치지표(SVI) 컨설팅」의 참여기업을 모집하오니, 경남지역 (예비)사회적기업의 많은 관심과 참여 바랍니다.
☞ 도내 (예비)사회적기업
☞ 사회적가치지표(SVI) 작성 컨설팅 지원",경영,모두의경제사회적협동조합,경상남도,사회적기업,사회적기업,,,,,,,컨설팅,2026-08-27,2026-09-04,,온라인 접수 (구글폼),온라인 접수 (구글폼),https://www.bizinfo.go.kr/sii/siia/selectSIIA200Detail.do?pblancId=PBLN_000000000125924,main,primary,경남2026년예비사회적기업사회적가치지표svi컨설팅참여기업모집공고,모두의경제사회적협동조합,2026-08-27~2026-09-04,경영,컨설팅
biz,PBLN_000000000125923,[경기] 안산시 2027년 기업환경 개선사업 모집 공고,"관내 중ㆍ소기업의 열악한 근로환경 개선을 위하여 사업비용의 일부를  지원하는 「2027년 소규모 기업환경 개선사업」에 참가할 기업을 아래와 같이 모집하오니 관심 있는 중·소기업은 신청하여 주시기 바랍니다.
☞ 도내 소재 중소기업(제조업) 등
※ 자세한 지원대상 공고문 참조
☞ 노동복지, 소방안전(작업환경, 소방시설) 등 기업환경 개선 지원
※ 자세한 지원내용 공고문 참조",경영,기초자치단체,경기도,중소기업,중소기업,,,,,,,시설/입지지원,2026-09-01,2026-09-18,,"방문 접수
- 접수처 : 경기도 안산시 중앙대로 685, 기업지원과
※ 신청기업의 담당자가 방문하여 접수(대리(시공사)접수 및 우편 접수 불가)","방문 접수
- 접수처 : 경기도 안산시 중앙대로 685, 기업지원과
※ 신청기업의 담당자가 방문하여 접수(대리(시공사)접수 및 우편 접수 불가)",https://www.bizinfo.go.kr/sii/siia/selectSIIA200Detail.do?pblancId=PBLN_000000000125923,main,primary,경기안산시2027년기업환경개선사업모집공고,기초자치단체,2026-09-01~2026-09-18,경영,시설/입지지원
biz,PBLN_000000000125922,[부산] 2026년 3차 게임콘텐츠 멀티부스팅 지원사업 추가 모집 공고,"부산정보산업진흥원은 부산 지역 게임 기업 성장을 위한 「게임콘텐츠 멀티부스팅 지원사업」을 시행하고자 합니다. 본 사업은 부산 소재 게임 기업을 대상으로 게임 개발의 완성도를 높이는 게임 고도화, 시장 출시 및 홍보를 위한 게임 상용화까지, 기업의 필요에 맞는 다양한 지원 분야를 제공합니다. 부산 지역 게임 기업 분들의 많은 관심과 참여 부탁드립니다.
☞ 사업공고일 기준, 본사 사업장 소재지가 부산광역시에 위치한 게임콘텐츠 제작 기업
- (게임 고도화) 정식 출시(공고일 기준 앞선 해보기 개시 2년 미만) 1년 미만의 게임 콘텐츠 또는 상용화 단계 직전의 완성도를 갖춘 게임콘텐츠
※ 자세한 지원대상 공고문 참조
☞ 게임 고도화 지원(콘텐츠당 13백만원 이내)
- (공통) 창업자 사업화 컨설팅, 통합 성과 관리 및 컨설팅 지원
- (게임 고도화) 게임콘텐츠 퀼업, 심층 FGT 및 QA 지원",경영,부산정보산업진흥원,부산광역시,중소기업,중소기업,,,,,,,디자인/상품화/사업화,2026-08-27,2026-09-09,,이메일 접수 (bgc@bipa.kr),이메일 접수 (bgc@bipa.kr),https://www.bizinfo.go.kr/sii/siia/selectSIIA200Detail.do?pblancId=PBLN_000000000125922,main,primary,부산2026년3차게임콘텐츠멀티부스팅지원사업추가모집공고,부산정보산업진흥원,2026-08-27~2026-09-09,경영,디자인/상품화/사업화
biz,PBLN_000000000125921,[경기] 의정부시 2027년 기업환경 개선사업 참여기업 모집 공고,"중소 제조기업의 열악한 노동ㆍ작업환경 개선을 통해 경영활동에만 전념할 수 있도록 하여 지역경제 활성화 및 일자리 창출에 기여하고자 2027년 「기업환경 개선사업」 모집공고를 다음과 같이 공고합니다.
☞ 사업자등록 후 1년 이상 영업중인 관내 중소 제조기업 등
※ 자세한 지원대상 공고문 참조
☞ 노동복지, 소방안전(작업환경, 소방시설) 등 기업환경 개선 지원
※ 자세한 지원내용 공고문 참조",경영,기초자치단체,경기도,중소기업,중소기업,,,,,,,시설/입지지원,2026-08-27,2026-09-18,,"방문, 우편, 이메일 접수
- 접수처 : 의정부시 시민로 1, 제2별관 3층, 기업투자유치과(의정부동, 의정부시청)
- 이메일 : wkdtjddlr123@korea.kr","방문, 우편, 이메일 접수
- 접수처 : 의정부시 시민로 1, 제2별관 3층, 기업투자유치과(의정부동, 의정부시청)
- 이메일 : wkdtjddlr123@korea.kr",https://www.bizinfo.go.kr/sii/siia/selectSIIA200Detail.do?pblancId=PBLN_000000000125921,main,primary,경기의정부시2027년기업환경개선사업참여기업모집공고,기초자치단체,2026-08-27~2026-09-18,경영,시설/입지지원
biz,PBLN_000000000125920,[경북] 2026년 중소기업 글로벌 온라인몰 입점 지원 참가기업 추가 모집 공고,"경상북도와 (재)경북경제진흥원은 도내 수출유망 중소기업의 해외 시장 판로개척 지원을 위해「2026 중소기업 글로벌 온라인몰 입점 지원」사업을 추진하오니 해외 온라인시장 진출 확대의 기회를 얻고자 하는 기업에서는 많은 신청을 바랍니다.
☞ 도내 소재한 중소기업으로 제조 또는 수출 기업
① 경북도내 소재한 공장등록증 보유 중소기업
② (제조시설 면적 500㎡미만일 경우) 건물건축물대장 용도가 경북도내 소재로 공장 또는 제조업소로 명시된 기업
③ 수출신고필증 내 수출대행자 또는 수출화주 또는 제조자가 경북 소재로 표기된 기업
☞  해외 유명 온라인 마켓에 도내기업 제품 입점, 배송, 홍보 및 프로모션, C/S 등 원스톱 지원 
- 상품페이지 제작 및 제품등록 ※입점 기업당 5개 품목 이내
- 주문, 결제, 배송, 재고관리, 고객관리 등 판매ㆍ운영 지원
- 상품 라이선스 및 인증 취득(필요시) ※일부 자부담 발생
- 온ㆍ오프라인 제품홍보 및 프로모션 등",판로/수출,경상북도경제진흥원,경상북도,중소기업,중소기업,,,,,,,해외진출준비,2026-08-27,2026-11-30,,이메일 접수(jhrin5199@gepa.kr),이메일 접수(jhrin5199@gepa.kr),https://www.bizinfo.go.kr/sii/siia/selectSIIA200Detail.do?pblancId=PBLN_000000000125920,main,primary,경북2026년중소기업글로벌온라인몰입점지원참가기업추가모집공고,경상북도경제진흥원,2026-08-27~2026-11-30,수출,해외진출준비
biz,PBLN_000000000125919,[경기] 시흥시 2026년 소비재 판촉전(월곶포구 축제 연계) 참여기업 모집 공고,"시흥산업진흥원은 관내 소비재기업의 판로개척을 지원하고, 축제와 연계한 현장 판촉을 통해 기업의 내수시장 진출 및 소비자 접점 확대를 지원하고자 「2026년 소비재 판촉전(월곶포구 축제 연계)」을 개최합니다. 이에 따라 다음과 같이 참여기업을 모집하오니 관내 소비재 기업의 많은 관심과 참여 바랍니다.
☞ 사업장(본사 또는 공장)이 시흥시에 소재한 소비재 중소기업
☞ 시흥 소재 소비재 기업 제품 전시ㆍ판매 및 홍보 지원
- 월곶포구 축제 방문객 대상 현장 판촉 지원
- 축제와 연계한 관내 소비재 기업의 소비자 접점 확대 및 판로개척 지원",판로/수출,시흥산업진흥원,경기도,중소기업,중소기업,,,,,,,홍보지원,2026-08-28,2026-09-09,,"온라인, 이메일 접수
- 온라인 : 시흥산업진흥원
- 이메일 : zero0@sida.kr","온라인, 이메일 접수
- 온라인 : 시흥산업진흥원
- 이메일 : zero0@sida.kr",https://www.bizinfo.go.kr/sii/siia/selectSIIA200Detail.do?pblancId=PBLN_000000000125919,main,primary,경기시흥시2026년소비재판촉전월곶포구축제연계참여기업모집공고,시흥산업진흥원,2026-08-28~2026-09-09,내수,홍보지원
biz,PBLN_000000000125917,2026년 2차 글로벌기술도입지원사업(X&D) 전문가 컨설팅지원 참여기업 모집 공고,"한국소재부품장비투자기관협의회는 2026년 산업기술국제협력 전략기술형 사업의 일환으로「글로벌기술도입지원사업(X&D)」전문가 컨설팅 지원사업을 공고하오니 참여 희망기업은 관련 규정 및 절차에 따라 신청하여 주시기 바랍니다.
☞ 해외기술도입을 희망하는 중소ㆍ중견기업
※ 기업부설연구소 인정서 보유기업
☞ 글로벌기술도입(M&A, 지분투자, 합작법인, 특허권확보 등) 협상단계에 있는 기업 대상 전문가 컨설팅 비용 일부 지원",기술,한국소재부품장비투자기관협의회,전국,중소기업,중소기업,,,,,,,기술정보제공,2026-08-28,2026-10-01,,이메일 접수(tech@kitia.or.kr),이메일 접수(tech@kitia.or.kr),https://www.bizinfo.go.kr/sii/siia/selectSIIA200Detail.do?pblancId=PBLN_000000000125917,main,primary,2026년2차글로벌기술도입지원사업xd전문가컨설팅지원참여기업모집공고,한국소재부품장비투자기관협의회,2026-08-28~2026-10-01,기술,기술정보제공
biz,PBLN_000000000125916,패션 브랜드 협업활성화 원단지원 기업 모집 공고(원단 제공기업 대상 디자인 협업 및 홍보ㆍ마케팅 지원),"다이텍연구원 미래의류연구소에서는 섬유소재기업과 패션기업의 동반성장과 디자이너의 창작활동을 지원하기 위한 작업 공간을 구축하고 있습니다. 이에 디자인 개발과 샘플 제작용 원단을 확보하고 참여기업의 소재 홍보ㆍ마케팅을 지원하고자 소재지원 기업을 모집하오니 많은 관심과 참여를 바랍니다.
☞  패션 브랜드 및 디자이너의 디자인 개발 및 샘플 제작에 활용할 원단을 제공할 수 있는 국내 섬유ㆍ의류 소재기업
- 디자이너 및 패션 브랜드와의 협업을 통해 자사 원단과 소재의 홍보를 희망하는 기업
☞ 창업연계 원단지원, 디자이너 연계 원단지원, 패션브랜드 협업 원단지원",경영,DYETEC연구원,전국,중소기업,중소기업,,,,,,,디자인/상품화/사업화,상시 접수,,,"방문, 이메일, 팩스 접수
- 접수처 : (41706) 대구광역시 서구 달서천로 92 DYETEC연구원 섬유패션AX센터
- 이메일 : fabricdive@dyetec.or.kr
- 팩스 : 053-350-3887
※ 발송 후 전화 연락 바랍니다","방문, 이메일, 팩스 접수
- 접수처 : (41706) 대구광역시 서구 달서천로 92 DYETEC연구원 섬유패션AX센터
- 이메일 : fabricdive@dyetec.or.kr
- 팩스 : 053-350-3887
※ 발송 후 전화 연락 바랍니다",https://www.bizinfo.go.kr/sii/siia/selectSIIA200Detail.do?pblancId=PBLN_000000000125916,main,primary,패션브랜드협업활성화원단지원기업모집공고원단제공기업대상디자인협업및홍보ㆍ마케팅지원,dyetec연구원,상시 접수~,경영,디자인/상품화/사업화
biz,PBLN_000000000125915,[서울] 강남구 2026년 사회적경제 마켓 참여기업 모집 공고,"사회적경제기업의 제품과 서비스의 홍보 및 판매 활성화 지원을 위해 [2026년 강남구 사회적경제 마켓] 행사에 참여할 사회적경제기업을 다음과 같이 모집합니다. 
☞ 사회적경제기업
☞ 사회적경제기업 홍보 및 제품 판매, 참여형 체험 프로그램, 홍보 등 지원",판로/수출,기초자치단체,서울특별시,사회적기업,사회적기업,,,,,,,오프라인,2026-08-27,2026-09-04,,이메일 접수 (jjddhh@gangnam.go.kr),이메일 접수 (jjddhh@gangnam.go.kr),https://www.bizinfo.go.kr/sii/siia/selectSIIA200Detail.do?pblancId=PBLN_000000000125915,main,primary,서울강남구2026년사회적경제마켓참여기업모집공고,기초자치단체,2026-08-27~2026-09-04,내수,오프라인
biz,PBLN_000000000125914,2026년 6차 예술산업보증 9월 공고,"문화체육관광부, (재)예술경영지원센터, 기술보증기금은 예술기업 대상으로 보증지원을 추진하여 예술산업의 지속가능한 성장 및 미래 경쟁력을 제고하고자 <2026 예술산업보증>을 진행합니다. 관심 있는 예술기업의 많은 참여 바랍니다.
☞ 예술산업분야 예술기업 및 예술 프로젝트
- 분야 : 공연예술, 시각예술, 문학, 그 외 예술 일반 등
☞ 예술기업 보증, 예술 프로젝트 보증(기업당 최대 통합 한도는 10억 원 이내) 지원
※ 자세한 지원내용 공고문 참조",자금,예술경영지원센터,전국,중소기업,중소기업,,,,,,,보증,2026-09-01,2026-09-10,,온라인 접수 (국가문화예술지원시스템),온라인 접수 (국가문화예술지원시스템),https://www.bizinfo.go.kr/sii/siia/selectSIIA200Detail.do?pblancId=PBLN_000000000125914,main,primary,2026년6차예술산업보증9월공고,예술경영지원센터,2026-09-01~2026-09-10,금융,보증
biz,PBLN_000000000125913,[전북] 부안군ㆍ김제시 2026년 4차 지역특화형(농ㆍ식품기업) 스마트공장 구축지원사업 공고,"중소기업 제조 현장의 경쟁력 제고를 위하여 중소벤처기업부에서 추진하고있는「2026년도 전북 지역특화형(농ㆍ식품기업) 스마트공장 구축사업」의 지원계획을 다음과 같이 공고합니다.
☞ 전북특별자치도내 중소ㆍ중견 농ㆍ식품 제조기업 중 스마트공장 구축이 필요한 제조기업
☞ 정보통신기술(ICT)로 제품의 기획-설계-제조-판매 과정을 통합하여 제조 공정을 최적화하는 스마트공장 구축지원
- 제품설계ㆍ생산공정 개선 등을 위한 스마트공장 솔루션 구축 및 솔루션과 연동되는 자동화장비ㆍ제어기ㆍ센서 등 구축 지원",기술,전북테크노파크,전북특별자치도,중소기업,중소기업,,,,,,,기술사업화/이전/지도,2026-08-27,2026-09-16,,온라인 접수(스마트공장 사업관리 시스템),온라인 접수(스마트공장 사업관리 시스템),https://www.bizinfo.go.kr/sii/siia/selectSIIA200Detail.do?pblancId=PBLN_000000000125913,main,primary,전북부안군ㆍ김제시2026년4차지역특화형농ㆍ식품기업스마트공장구축지원사업공고,전북테크노파크,2026-08-27~2026-09-16,기술,기술사업화/이전/지도
biz,PBLN_000000000125911,2026년 K-Lifestyle 국내ㆍ외 바이어 초청 구매상담회 참가업체 모집 공고,"해외시장 진출 및 수출 경쟁력 강화를 위해 수출 유망 장애인기업을 대상으로 국내외 유망 바이어 초청 맞춤형 수출 상담을 지원하고자 「2026년 K-Lifestyle 국내ㆍ외 바이어 초청 구매상담회」를 개최하오니, 관심 있는 기업의 많은 참여 바랍니다.
☞ 사업공고 마감일 기준, ‘장애인기업확인서’ 보유기업
☞ 바이어 발굴ㆍ매칭, 바이어 초청 수출상담회 개최, 상담회 후속 지원
※ 자세한 지원내용 공고문 참조",판로/수출,장애인기업종합지원센터,전국,장애인기업,기타,,,,,,,시장개척,2026-08-27,2026-09-15,,"방문, 우편, 이메일 접수
- 접수처 : (07230) 서울시 영등포구 버드나루로 14길 25, (재)장애인기업종합지원센터 6층
- 이메일 : nsh@debc.or.kr
※ 메일 발송 후 확인 전화 必","방문, 우편, 이메일 접수
- 접수처 : (07230) 서울시 영등포구 버드나루로 14길 25, (재)장애인기업종합지원센터 6층
- 이메일 : nsh@debc.or.kr
※ 메일 발송 후 확인 전화 必",https://www.bizinfo.go.kr/sii/siia/selectSIIA200Detail.do?pblancId=PBLN_000000000125911,main,primary,2026년klifestyle국내ㆍ외바이어초청구매상담회참가업체모집공고,장애인기업종합지원센터,2026-08-27~2026-09-15,수출,시장개척
biz,PBLN_000000000125910,[대구] 2026년 5차 대학 기술 활용 사업화 지원 과제 기업 모집 공고,"경북대학교 지산학연협력기술연구소에서 수행하는「대구형 R&D 전주기 지원체계 구축」사업의 「대학 기술 활용 사업화 지원」 과제를 아래와 같이 공고하오니 지역 기업의 많은 참여 바랍니다.
☞ 과제공고일 기준 대구 지역(사업자등록증 기준) 內에 소재 중인 중소ㆍ중견기업 중, 대구 5대 신산업 분야의 법인기업
※ 자세한 지원대상 공고문 참조
☞ 대학 보유 특허 및 노하우 기술 이전을 통한 기업의 제품화 및 사업화 지원
- 개발된 제품의 글로벌 시장 진출 및 신시장 진입 지원과 연계지원
- 일반용역비, 연구재료비, 연구활동비 지원",기술,경북대학교 지산학연협력기술연구소,대구광역시,중소기업,중소기업,,,,,,,기술사업화/이전/지도,2026-08-27,2026-09-15,,온라인접수(경북대학교 지산학연협력기술연구소),온라인접수(경북대학교 지산학연협력기술연구소),https://www.bizinfo.go.kr/sii/siia/selectSIIA200Detail.do?pblancId=PBLN_000000000125910,main,primary,대구2026년5차대학기술활용사업화지원과제기업모집공고,경북대학교지산학연협력기술연구소,2026-08-27~2026-09-15,기술,기술사업화/이전/지도
biz,PBLN_000000000125909,[대구] 2026년 5차 대학 테스트베드ㆍ인프라 활용 실증 개발 지원 과제 기업 모집 공고(대구형 R&D 전주기 지원체계 구축),"경북대학교 지산학연협력기술연구소에서 수행하는「대구형 R&D 전주기 지원체계 구축」사업의 「대학 테스트베드/인프라 활용 실증 개발 지원(2026년도)」 과제를 아래와 같이 공고하오니 지역 기업의 많은 참여 바랍니다.
☞ 사업공고일 기준 대구 지역(사업자등록증 기준) 內 소재하는 중소ㆍ중견기업 중 대구 5대 신산업 분야의 법인기업
※ 대구 5대 미래신산업 : 헬스케어, 로봇, 미래모빌리티, ABB, 반도체
☞ 대학의 테스트베드/인프라 활용을 통한 제품개발 지원
- 지원사항 : 일반용역비, 연구재료비, 연구활동비
※ 자세한 지원내용 공고문 참조",기술,경북대학교 지산학연협력기술연구소,대구광역시,중소기업,중소기업,,,,,,,기술인력/장비지원,2026-08-27,2026-09-15,,온라인 접수 (경북대학교 과제관리시스템),온라인 접수 (경북대학교 과제관리시스템),https://www.bizinfo.go.kr/sii/siia/selectSIIA200Detail.do?pblancId=PBLN_000000000125909,main,primary,대구2026년5차대학테스트베드ㆍ인프라활용실증개발지원과제기업모집공고대구형rd전주기지원체계구축,경북대학교지산학연협력기술연구소,2026-08-27~2026-09-15,기술,기술인력/장비지원
biz,PBLN_000000000125908,2026년 스마트도시 특화단지 데이터바우처 지원사업 모집 공고,"대구광역시와 경북대학교 산학협력단에서는 기업의 데이터 기반 비즈니스를 통하여 새로운 가치를 창출하는 혁신기업 육성과 산업 성장을 견인하고, 기술과 환경 변화에 따른 데이터 활용 지원으로 데이터 경제 활성화를 마련하고자 ‘2026년 스마트도시 특화단지 데이터바우처 지원사업’의 수요기업을 모집하오니 많은 참여 바랍니다.
☞ 중견기업, 중소기업 등(컨소시엄 참여 가능)
☞ 스마트도시 특화단지 비즈니스 고도화 및 AI 서비스 등 혁신 창출 필요 기업에 바우처 형식의 데이터 구매ㆍ가공 비용 지원",기술,첨단정보통신융합산업기술원,국토교통부,중소기업,중소기업,,,,,,,기술사업화/이전/지도,2026-08-25,2026-09-04,,이메일 접수(humancare@iact.or.kr),이메일 접수(humancare@iact.or.kr),https://www.bizinfo.go.kr/sii/siia/selectSIIA200Detail.do?pblancId=PBLN_000000000125908,main,primary,2026년스마트도시특화단지데이터바우처지원사업모집공고,첨단정보통신융합산업기술원,2026-08-25~2026-09-04,기술,기술사업화/이전/지도
biz,PBLN_000000000125907,[전남광주] 철강ㆍ금속 제조기업 DXㆍAX 전환 혁신 기업지원 사업 모집 공고,"철강ㆍ금속 제조기업의 DXㆍAX 수준 진단부터 전환 전략 수립, 맞춤형 구축까지 지원하여 데이터 기반 제조환경과 단계별 DXㆍAX 전환 기반 마련을 위한 「철강ㆍ금속 제조기업 DXㆍAX 전환 혁신 기업지원 사업(도입단계)」을 다음과 같이 공고하오니 관련 기업들의 많은 참여 바랍니다.
☞ 공고일 기준, 광양시 소재 본사 또는 지사에 공장이 등록 된 철강ㆍ금속 중소ㆍ중견기업
☞ DXㆍAX 전환 전략 수립 및 DXㆍAX 구축 동시 지원
- DXㆍAX 전환 전략 수립: 현장 분석, DXㆍAX 적용 가능 분야 검토, 우선 실행 과제도출 및 단계별 전환
- DXㆍAX 구축: PLCㆍ센서ㆍ생산설비 데이터 수집ㆍ연계, 제조데이터 모니터링ㆍ시각화, AI 기반 분석ㆍ예측 등 ​기업 맞춤형 DXㆍAX 구축 지원",기술,전남테크노파크,광주광역시,중소기업,중소기업,,,,,,,기술인력/장비지원,2026-08-26,2026-09-08,,온라인 접수 (스마트 과제관리 시스템),온라인 접수 (스마트 과제관리 시스템),https://www.bizinfo.go.kr/sii/siia/selectSIIA200Detail.do?pblancId=PBLN_000000000125907,main,primary,전남광주철강ㆍ금속제조기업dxㆍax전환혁신기업지원사업모집공고,전남테크노파크,2026-08-26~2026-09-08,기술,기술인력/장비지원
biz,PBLN_000000000125906,[인천] 항공산업 진출희망기업 전문가 컨설팅 참여기업 모집 공고,"인천광역시와 (재)인천테크노파크는 항공산업 진출을 희망하는 인천 기업의 성공적인 시장 진입을 지원하기 위하여「2026년 항공산업 진출희망기업 전문가 컨설팅 지원사업」을 추진하고 있습니다. 이에 따라 참여기업을 다음과 같이 모집하오니, 관심있는 기업 임ㆍ직원 여러분의 적극적인 참여 바랍니다.
☞ 항공산업 진출을 희망하는 인천광역시 소재 기업
☞ 전문가-기업 간 1:1 컨설팅 비용 지원
- (기업진단) 지원기업 기술역량, 사업모델 등 진단을 통한 컨설팅 방향 설정
- (맞춤형 컨설팅) 항공산업 진출을 위한 아이템 발굴, 진출 전략, 사업화 전략 수립 등 지원
- (네트워킹) 항공산업 진출 관련 산/학/연/관 관계자 네트워킹 확대 등",경영,인천테크노파크,인천광역시,중소기업,중소기업,,,,,,,컨설팅,2026-08-27,2026-09-11,,온라인 접수 (비즈오케이),온라인 접수 (비즈오케이),https://www.bizinfo.go.kr/sii/siia/selectSIIA200Detail.do?pblancId=PBLN_000000000125906,main,primary,인천항공산업진출희망기업전문가컨설팅참여기업모집공고,인천테크노파크,2026-08-27~2026-09-11,경영,컨설팅
biz,PBLN_000000000125905,2026년 연안하구 인간-자연시스템 관리기술 개발 사업 신규과제 선정계획 재공고,"「국가연구개발혁신법」제9조(예고 및 공모 등) 및 「해양수산과학기술육성법」제8조(연구개발사업 등의 추진)에 따라, “연안하구 인간-자연시스템 관리기술 개발” 사업의 신규과제를 추진하고자 다음과 같이 공고하오니 많은 관심과 참여 바랍니다.
☞「국가연구개발혁신법(이하 혁신법)」제2조제3호 및 같은 법 시행령 제2조제1항과「해양수산과학기술 육성법(이하 육성법)」제8조제1항 및 같은 법 시행령 제6조에 해당하는 연구개발기관
☞ 연안하구 인간-자연시스템 관리기술 개발 연구개발비 지원",기술,해양수산과학기술진흥원,전국,중소기업,중소기업,,,,,,,공동기술개발,2026-09-02,2026-09-09,,온라인 접수(범부처통합연구지원시스템),온라인 접수(범부처통합연구지원시스템),https://www.bizinfo.go.kr/sii/siia/selectSIIA200Detail.do?pblancId=PBLN_000000000125905,main,primary,2026년연안하구인간자연시스템관리기술개발사업신규과제선정계획재공고,해양수산과학기술진흥원,2026-09-02~2026-09-09,기술,공동기술개발
biz,PBLN_000000000125904,2026년 하반기 산업융합 규제샌드박스 사업화 지원 프로그램 지원 대상과제  공고,"「2026년 산업융합 규제샌드박스 사업화 지원 프로그램」 대상과제를 다음과 같이 공고하오니, 프로그램에 참여하고자 하는 기업은 아래 절차에 따라 신청하여 주시기 바랍니다.
☞ 접수 마감일까지 산업융합 규제샌드박스 실증특례/임시허가를 승인받고 사업을 개시(진행ㆍ종료과제)한 중소ㆍ중견기업
☞ 실증제품 고도화, 성능ㆍ디자인ㆍ공정 개선, 고도화ㆍ개선 시제품 제작
- 시험ㆍ검사ㆍ인증
- 특허/지재권 권리화
- 브랜딩, 마케팅 및 홍보
- 국내외 전시회 참가 등 판로개척",기술,한국산업기술진흥원,전국,중소기업,중소기업,,,,,,,기술사업화/이전/지도,2026-08-31,2026-10-01,,온라인 접수(KIAT 과제관리시스템),온라인 접수(KIAT 과제관리시스템),https://www.bizinfo.go.kr/sii/siia/selectSIIA200Detail.do?pblancId=PBLN_000000000125904,main,primary,2026년하반기산업융합규제샌드박스사업화지원프로그램지원대상과제공고,한국산업기술진흥원,2026-08-31~2026-10-01,기술,기술사업화/이전/지도
biz,PBLN_000000000125903,2026년 울산 첨단이차전지 특화단지 전주기 생태계 구축 사업 기업지원 수혜기업 모집 공고,"울산테크노파크에서는 이차전지 관련 울산지역의 기술력 있는 중소ㆍ중견기업의 지속성장 및 기술혁신을 위하여, 「첨단이차전지 특화단지 전주기 생태계 구축사업」의 지원사업을 시행하오니, 지역기업의 많은 참여 바랍니다.
☞ 울산 내 이차전지 관련 전ㆍ후방 중소ㆍ중견기업
- 울산광역시 내에 사업장(본사, 공장, 지사, 연구소)를 보유하고 있으며, 전담인력이 상주하여 영업활동을 하고 있는 법인 또는 개인사업자 
- 이차전지 관련 사업화 가능성이 높은 기술을 보유한 기업
※ 관외의 경우 울산 내 부설연구소 등 이전확인서 또는 사업자등록증 증빙 필수
☞ 신규개발ㆍ사업화 R&D지원 및 장비활용 바우처 지원
※ 자세한 지원내용 공고문 참조",기술,울산테크노파크,울산광역시,중소기업,중소기업,,,,,,,기술사업화/이전/지도,2026-08-27,2026-09-18,,"온라인 접수 (울산TP 기업지원사업관리시스템)
※ 주의 : 사전 회원가입 필수, 승인절차 후 접수 가능(승인 1일 소요)
※ 전체 서류 중 원본 서류는 선정 후 우편 또는 방문 제출 필요","온라인 접수 (울산TP 기업지원사업관리시스템)
※ 주의 : 사전 회원가입 필수, 승인절차 후 접수 가능(승인 1일 소요)
※ 전체 서류 중 원본 서류는 선정 후 우편 또는 방문 제출 필요",https://www.bizinfo.go.kr/sii/siia/selectSIIA200Detail.do?pblancId=PBLN_000000000125903,main,primary,2026년울산첨단이차전지특화단지전주기생태계구축사업기업지원수혜기업모집공고,울산테크노파크,2026-08-27~2026-09-18,기술,기술사업화/이전/지도
biz,PBLN_000000000125902,[부산] 지역원자력산업 기반 에너지기술공유대학 기업지원 모집 2차 공고,"지역원자력산업 기반 에너지기술공유대학의 산학협력 공동연구 및 지역원자력산업의 경쟁력 강화를 위한 기업지원 프로그램을 안내하오니, 참여를 희망하는 협력기업의 많은 신청 바랍니다.
☞ 부산시 내 소재 원전기업(선정기업 기술공유대학사업 협력기업 참여 必)
☞ 지역산학공동프로젝트, 시제품제작 지원
※ 자세한 지원내용 공고문 참조",기술,부산테크노파크,부산광역시,중소기업,중소기업,,,,,,,기술사업화/이전/지도,2026-08-27,2026-09-09,,이메일 접수 (flyjinuk@btp.or.kr),이메일 접수 (flyjinuk@btp.or.kr),https://www.bizinfo.go.kr/sii/siia/selectSIIA200Detail.do?pblancId=PBLN_000000000125902,main,primary,부산지역원자력산업기반에너지기술공유대학기업지원모집2차공고,부산테크노파크,2026-08-27~2026-09-09,기술,기술사업화/이전/지도
biz,PBLN_000000000125901,[세종] 2026년 지역특화콘텐츠개발지원 사업 공고 (웹툰콘텐츠분야),"(재)세종테크노파크에서는 세종 지역특화소재 활용 콘텐츠 개발을 위하여「2026 세종 지역특화콘텐츠개발 지원」 사업을 다음과 같이 공고합니다.
☞ 공고 마감일 기준 세종시 소재 법인ㆍ개인사업자(본사 또는 지사) 
- 공고 마감일 내 사업자등록 완료한 콘텐츠 관련 기업 (사업자등록일 기준)
- 공고일 내 e나라도움에 사업자로 등록 후, 사업 접수가 완료 필수
※ 자세한 지원대상 공고문 참조
☞ 웹툰분야 IP 기획 및 제작 지원(과제당 500 만원 이내, 1개 이내)",경영,세종테크노파크,세종특별자치시,중소기업,중소기업,,,,,,,디자인/상품화/사업화,2026-08-27,2026-09-10,,온라인 접수(e나라도움),온라인 접수(e나라도움),https://www.bizinfo.go.kr/sii/siia/selectSIIA200Detail.do?pblancId=PBLN_000000000125901,main,primary,세종2026년지역특화콘텐츠개발지원사업공고웹툰콘텐츠분야,세종테크노파크,2026-08-27~2026-09-10,경영,디자인/상품화/사업화
biz,PBLN_000000000125900,[경기] 안산시 2026년 특화역량 BI 육성지원사업 ICTㆍSW 창업기업 사업화 지원사업 참여기업 모집 공고,"안산시 관내 ICTㆍSW 창업기업의 대외 경쟁력 강화 및 사업화 성공률 제고를 위해 사업화 지원에 참여할 기업을 모집하오니 많은 관심과 신청바랍니다.
☞ 안산시 관내 ICT/SW 관련 창업기업
- 사업분야 : ICT/SW 융합 산업분야(빅데이터, 클라우드, AI, 바이오ㆍ헬스, 미래모빌리티, 로봇, 친환경에너지, 모바일, 블록체인, AR, 3D프린팅, 디지털 플랫폼, Social Media 등)
☞ 상용화(제품설계바, 제품 디자인비, 시제품 재료비 등), 마케팅(광고비, 브로셔/리플렛/포스터 제작비 등), 인증, 지재권 지원
※ 자세한 지원내용 공고문 참조",창업,경기테크노파크,경기도,창업벤처,초기창업기업,,,,,,,사업화지원,2026-08-27,2026-09-09,,이메일 접수 (mj1226@gtp.or.kr),이메일 접수 (mj1226@gtp.or.kr),https://www.bizinfo.go.kr/sii/siia/selectSIIA200Detail.do?pblancId=PBLN_000000000125900,main,primary,경기안산시2026년특화역량bi육성지원사업ictㆍsw창업기업사업화지원사업참여기업모집공고,경기테크노파크,2026-08-27~2026-09-09,창업,사업화지원
biz,PBLN_000000000125898,[경기] 2026년 기술보호 전문교육 및 산업보안 컨설팅 지원 참여기업(기관) 모집 공고,"경기도와 (재)경기테크노파크에서 경기도 내 우수기술개발 확보를 위하여 노력하는 중소기업 및 연구개발 기관 등을 대상으로 기술보호 강화 전문교육 및 기술유출 피해 예방을 위한 산업보안 컨설팅 지원사업을 아래와 같이 안내하오니, 많은 관심과 참여 바랍니다.
☞ 경기도 내 연구개발을 수행하는 중소기업, 연구개발기관, 대학 등
- 본사 또는 연구기관이 경기도 소재인 기업(기관)
☞ 기술보호 전문교육 및 산업보안 컨설팅 지원
※ 자세한 지원내용 공고문 참조",경영,경기테크노파크,경기도,중소기업,중소기업,,,,,,,컨설팅,예산 소진시까지,,,"이메일 접수 (gtpripc@gtp.or.kr)
※ 메일 제목 양식 미준수 시 누락될 수 있으니 반드시 확인 후 접수","이메일 접수 (gtpripc@gtp.or.kr)
※ 메일 제목 양식 미준수 시 누락될 수 있으니 반드시 확인 후 접수",https://www.bizinfo.go.kr/sii/siia/selectSIIA200Detail.do?pblancId=PBLN_000000000125898,main,primary,경기2026년기술보호전문교육및산업보안컨설팅지원참여기업기관모집공고,경기테크노파크,예산 소진시까지~,경영,컨설팅
biz,PBLN_000000000125897,[대구] 2026년 콘텐츠 스케일업 액셀러레이팅 프로그램 참여기업 추가모집 공고(대구콘텐츠기업지원센터),"지역 내 콘텐츠 기업의 투자유치 역량강화 및 투자유치 기회 제공을 위한 「2026년 대구 콘텐츠 스케일업 액셀러레이팅 프로그램」 참여기업을 모집하오니, 관심 있는 기업의 많은 참여 바랍니다.
☞ 본점 소재지가 대구인 업력 7년 미만(공고시작일 기준) 콘텐츠 기업
- 투자유치를 통한 사업 확장 및 글로벌 시장 진출을 희망하는 기업
☞ 액셀러레이팅 프로그램, 투자유치 연계 등 지원
- 액셀러레이팅 프로그램: OT 및 네트워킹, 기업 IP/BM 진단 및 현황 분석, 1:1 투자 전문가 멘토링/컨설팅, IR Deck 기획 및 제작 지원
- 투자유치 연계: 투자유치 행사 연계 참가, 투자자 1:1 매칭 상담 지원
- 사후관리 및 후속지원: 후속 투자미팅 연계 등 지원",경영,대구디지털혁신진흥원,대구광역시,중소기업,중소기업,,,,,,,디자인/상품화/사업화,2026-08-26,2026-09-10,,이메일 접수 (shine@dip.or.kr),이메일 접수 (shine@dip.or.kr),https://www.bizinfo.go.kr/sii/siia/selectSIIA200Detail.do?pblancId=PBLN_000000000125897,main,primary,대구2026년콘텐츠스케일업액셀러레이팅프로그램참여기업추가모집공고대구콘텐츠기업지원센터,대구디지털혁신진흥원,2026-08-26~2026-09-10,경영,디자인/상품화/사업화
biz,PBLN_000000000125896,2026년 하반기 D-테스트베드 참여자 모집 공고,"금융위원회와 한국핀테크지원센터는 금융ㆍ비금융 결합데이터 및 분석 환경 등을 지원하여 초기 핀테크 아이디어를 테스트하고 그 효과성을 시험해볼 수 있도록 「D-테스트베드」사업을 운영하고 있습니다. 이에 따라,「2026년 D-테스트베드」사업의 하반기 참여자 모집을 아래와 같이 공모하오니 관심 있는 기업과 개인의 많은 참여 바랍니다.
☞ 제공되는 데이터를 활용하여 자신의 아이디어 검증을 희망하는 기업 및 개인
☞ 금융ㆍ비금융 결합데이터 및 공공데이터, 원격분석환경, 멘토링, 타당성 평가 의견서 등 지원
※ 자세한 지원내용 공고문 참조",기술,한국핀테크지원센터,금융위원회,중소기업,중소기업,,,,,,,기술사업화/이전/지도,2026-08-12,2026-09-08,,온라인 접수 (D-테스트베드),온라인 접수 (D-테스트베드),https://www.bizinfo.go.kr/sii/siia/selectSIIA200Detail.do?pblancId=PBLN_000000000125896,main,primary,2026년하반기d테스트베드참여자모집공고,한국핀테크지원센터,2026-08-12~2026-09-08,기술,기술사업화/이전/지도
biz,PBLN_000000000125895,[충남] 2026년 기술닥터제 활성화 지원사업  컨설팅 수요기업 모집 재공고,"(재)충남테크노파크에서는 기업 현장의 애로기술 해소를 통한 지역 내 중소기업의 기술경쟁력 강화, 고용창출에 기여하고자 「2026년도 충남 기술닥터 활성화 운영사업」을 아래와 같이 공고하오니 기업인 여러분의 많은 참여 바랍니다.
☞ 본사 및 공장이 충남에 소재한 기술 및 경영 애로를 보유한 컨설팅 수요기업
- (유형①) 충남지역 주축산업 및 전/후방 연관 산업 분야의 중소기업
- (유형②) 국가 중점과제와 연계한 사업 분야 중소기업
☞ 전문가 매칭을 통한 중소기업 현장 애로기술 해결 및 기술지도ㆍ컨설팅",기술,충남테크노파크,충청남도,중소기업,중소기업,,,,,,,기술사업화/이전/지도,2026-08-27,2026-09-11,,이메일 접수 (asmr@ctp.or.kr),이메일 접수 (asmr@ctp.or.kr),https://www.bizinfo.go.kr/sii/siia/selectSIIA200Detail.do?pblancId=PBLN_000000000125895,main,primary,충남2026년기술닥터제활성화지원사업컨설팅수요기업모집재공고,충남테크노파크,2026-08-27~2026-09-11,기술,기술사업화/이전/지도
biz,PBLN_000000000125894,[충남ㆍ충북ㆍ대전ㆍ세종] 2026년 충청권 미래모빌리티 전략 사업 모빌리티 부품기업 기술박람회 참가기업  모집 공고,"(재)충남테크노파크 미래자동차센터에서 충청권(충남, 충북, 대전, 세종) 자동차부품 및 전ㆍ후방 기업의 미래차 전환을 위한 기업지원의 일환으로「2026년 충청권 미래모빌리티 전략사업」을 추진하고 있으며 이에 따라 충청권 모빌리티 부품기업 기술박람회 참가기업을 다음과 같이 모집하오니, 관련기업은 신청 절차에 따라 신청하여 주시기 바랍니다.
☞ 충청권(충남, 충북, 대전, 세종) 소재 자동차부품 및 전ㆍ후방 기업으로서, 미래차전환 희망기업
☞ 전시회 참가비 지원, 홍보물 제작 지원",기술,충남테크노파크,대전광역시,중소기업,중소기업,,,,,,,기술사업화/이전/지도,2026-08-27,2026-09-07,,"우편, 이메일 접수
- 접수처 : (32422) 충남 예산군 예산읍 수철길 10, 충남테크노파크 미래자동차센터(202호)
- 이메일 : yskwon@ctp.or.kr","우편, 이메일 접수
- 접수처 : (32422) 충남 예산군 예산읍 수철길 10, 충남테크노파크 미래자동차센터(202호)
- 이메일 : yskwon@ctp.or.kr",https://www.bizinfo.go.kr/sii/siia/selectSIIA200Detail.do?pblancId=PBLN_000000000125894,main,primary,충남ㆍ충북ㆍ대전ㆍ세종2026년충청권미래모빌리티전략사업모빌리티부품기업기술박람회참가기업모집공고,충남테크노파크,2026-08-27~2026-09-07,기술,기술사업화/이전/지도
biz,PBLN_000000000125893,[제주] 소상공인 민생회복 대출안심보험 지원사업 공고,"제주특별자치도와 제주특별자치도 경제통상진흥원에서는 도내 소상공인의 경영 부담을 완화하고 안정적인 경영 환경을 조성하기 위해 「소상공인 민생회복 대출안심보험 지원사업」을 추진하오니, 도내 소상공인 여러분의 많은 관심과 신청 바랍니다. 
☞ 아래 조건을 모두 충족하는 제주도 내 소상공인
- 나이: 가입일 기준 보험나이 만 20세 ~ 65세 (주민등록상 생년월일 기준 만 나이 6개월 미만 절사, 6개월 이상은 1년 산정)
- 사업장: 사업자등록상 사업장 소재지가 제주특별자치도일 것
- 대출: 신청일 현재 도내 제도권 금융기관 대출 잔액이 1,000만 원 이상일 것 (한국신용정보원 신용정보조회 확인 기준)
※ 지원 제외 대상 : 사행성ㆍ불건전 오락기구 제조업, 도박ㆍ담배ㆍ성인용품 관련업, 주점업, 금융 및 보험업,부동산업, 법무ㆍ회계ㆍ세무 서비스업 등 (세부 사항은 [붙임] 지원 제외 대상 업종 참조)
☞ 가입 보험료 전액 지원",경영,제주특별자치도경제통상진흥원,제주특별자치도,소상공인,소상공인,,,,,,,디자인/상품화/사업화,2026-09-01,2026-12-31,,온라인 접수 (QR코드),온라인 접수 (QR코드),https://www.bizinfo.go.kr/sii/siia/selectSIIA200Detail.do?pblancId=PBLN_000000000125893,main,primary,제주소상공인민생회복대출안심보험지원사업공고,제주특별자치도경제통상진흥원,2026-09-01~2026-12-31,경영,디자인/상품화/사업화
biz,PBLN_000000000125892,2026년 1차 K-브랜드 정부인증제도 참여기업 모집 공고,"해외 K-브랜드 위조상품 유통에 따른 우리기업의 피해를 예방하고 피해 발생 시, 정부가 기업과 함께 대응하기 위한 「2026년 K-브랜드 정부인증제도」의 참여기업 모집을 다음과 같이 공고합니다.
☞ 「중소기업기본법」제2조 및 시행령 제3조,「중견기업 성장 촉진 및 경쟁력 강화에 관한 특별법」제2조 및 시행령 제2조에 해당하는 중소ㆍ중견기업
- 사용을 원하는 해외 국가에 기업 자체상표(국가인증상표의 지정상품 범위에 해당)가 출원 또는 등록되어 있을 것
- 신청 상품이 국내 인증기준(별첨3)을 충족할 것
☞ 도입비용, 모니터링 결과 제공ㆍ실태조사 지원
- 도입비용 : 정품인증기술이 적용된 국가인증상표 사용에 필요한 비용을 기업별로 최대 2억원 지원
- 모니터링 결과 제공ㆍ실태조사 : 해외 소비자가 정ㆍ가품 여부를 확인한 결과를 정부가 실시간으로 모니터링하고 기업에 그 결과를 제공하며, 대규모 침해 확인 시 현지 실태조사 지원",판로/수출,한국지식재산보호원,지식재산처,중소기업,중소기업,,,,,,,해외진출,2026-08-24,2026-09-11,,온라인 접수 (K-브랜드 정부인증 참여신청 시스템),온라인 접수 (K-브랜드 정부인증 참여신청 시스템),https://www.bizinfo.go.kr/sii/siia/selectSIIA200Detail.do?pblancId=PBLN_000000000125892,main,primary,2026년1차k브랜드정부인증제도참여기업모집공고,한국지식재산보호원,2026-08-24~2026-09-11,수출,해외진출
biz,PBLN_000000000125891,[부산] 2026년 수출 스타기업 점프업 지원사업 진입기업 추가모집 공고,"부산광역시가 지원하는 ‘2026년도 부산 수출 스타기업 점프업 지원사업’의 시행계획을 다음과 같이 공고하오니, 사업에 참여하고자 하는 중소기업은 관련 규정 및 절차에 따라 신청해 주시기 바랍니다. 
☞ 공고일 기준 부산지역 전년도 매출액 500억원 미만 중소기업(수출 진입기업)
- (산업재) 수출액 5만불 이상～20만불 미만
- (소비재) 수출액 2만불 이상～10만불 미만
☞ 수출 진입ㆍ확장ㆍ정착 단계별 패키지 지원(기업당 800만원 이내)
- (수출 진입) 수출전략 수립 컨설팅, 현지화 기초 지원, 국내외 지재권 취득 지원, 해외시장조사 지원, 해외마케팅 콘텐츠 제작
- (수출 확장) 바이어 매칭 및 계약 지원, 바이어 방문 및 초청 지원, FTA 및 관세ㆍ통관 최적화
- (수출 정착) 해외 물류 및 창고 보관, 해외플랫폼 진입 지원, 해외 공공조달 진입 지원, 지사화 및 법인 설립 지원, 수출조건부 제품 개선
- (공통 지원) 1사 1인 전담 수출 코디네이터 매칭 및 밀착 멘토링(3회) 제공을 통한 사업화 지원",판로/수출,부산테크노파크,부산광역시,중소기업,중소기업,,,,,,,해외진출준비,2026-08-26,2026-09-03,,"온라인 및 이메일 접수
- 온라인 : 부산시 해외마케팅 통합시스템
- 이메일 : yul@btp.or.kr
※ 부산시 해외마케팅 통합시스템 온라인 업로드 완료 후 사업신청서, 사업계획서 및 기타서류 일체 부산TP 담당자에게 이메일 제출 요망","온라인 및 이메일 접수
- 온라인 : 부산시 해외마케팅 통합시스템
- 이메일 : yul@btp.or.kr
※ 부산시 해외마케팅 통합시스템 온라인 업로드 완료 후 사업신청서, 사업계획서 및 기타서류 일체 부산TP 담당자에게 이메일 제출 요망",https://www.bizinfo.go.kr/sii/siia/selectSIIA200Detail.do?pblancId=PBLN_000000000125891,main,primary,부산2026년수출스타기업점프업지원사업진입기업추가모집공고,부산테크노파크,2026-08-26~2026-09-03,수출,해외진출준비
biz,PBLN_000000000125890,[울산] 2026년 소상공인 온라인 판로ㆍ마케팅 지원 사업 공고,"소상공인의 온라인 홍보ㆍ마케팅비 지원을 통해 온라인시장 판로 확대 및 전환 기회를 제공하기 위해「2026년 울산광역시 소상공인 온라인 판로ㆍ마케팅 지원 사업」을 아래와 같이 공고합니다.
☞ 울산광역시 내 사업장을 두고 사업을 영위하고 있는「소상공인기본법」, 제2조 및「소상공인기본법 시행령」제3조에 따른 소상공인 사업자
☞ 온라인 플랫폼(울산페달, 배달의 민족, NAVER, 다방 등)의 직접 홍보ㆍ광고비 등, 홍보ㆍ마케팅 운영비용, 콘텐츠 제작비용 등 지원",판로/수출,울산광역시소상공인행복드림센터,울산광역시,소상공인,소상공인,,,,,,,홍보지원,예산 소진시까지,,,온라인 접수(행복드림센터),온라인 접수(행복드림센터),https://www.bizinfo.go.kr/sii/siia/selectSIIA200Detail.do?pblancId=PBLN_000000000125890,main,primary,울산2026년소상공인온라인판로ㆍ마케팅지원사업공고,울산광역시소상공인행복드림센터,예산 소진시까지~,내수,홍보지원
biz,PBLN_000000000125889,테크패션 시제품ㆍ기술지도(컨설팅) 기술지원 및 고도화 지원사업 프로그램(기술지도 추가모집) 공고,"한국생산기술연구원(주관기관)과 한국섬유개발연구원, 한국섬유산업연합회에서는 온디맨드 섬유패션산업 실현을 위한 지능형 마이크로팩토리 제조혁신 모델을 산업계에 보급ㆍ확산하는 사업을 추진하고 있습니다. 본 사업의 일환으로 테크패션 제품 관련 기업을 대상으로 빠른 시장출시 및 사업화(제품화) 지원을 위한 프로그램을 운영하고 있으며, 테크패션 시제품 제작 지원사업을 통해 가능성을 보여준 기업을 대상으로, 제품의 기술ㆍ디자인ㆍ시장 경쟁력 향상을 위한 ‘고도화 지원’을 수행하고 있습니다. 본 사업에 참여를 희망하는 기업은 아래 공고 내용에 따라 많은 신청 바랍니다.
☞ 테크패션 분야 니트 패브릭ㆍ우븐 패브릭 및 제품 개발/전문 기업, 테크패션 분야 초창기 창업 기업
- 지원 대상 품목 : 테크패션 분야(액티브웨어 (활동성/신체기능 향상 스포츠/피트니스 패브릭과 제품))
☞ 테크패션 관련 패브릭 및 제품 애로기술 기술지도(컨설팅) 지원",기술,한국섬유개발연구원,전국,중소기업,중소기업,,,,,,,기술사업화/이전/지도,2026-08-27,2026-09-11,,이메일 접수 (wcjung@textile.or.kr),이메일 접수 (wcjung@textile.or.kr),https://www.bizinfo.go.kr/sii/siia/selectSIIA200Detail.do?pblancId=PBLN_000000000125889,main,primary,테크패션시제품ㆍ기술지도컨설팅기술지원및고도화지원사업프로그램기술지도추가모집공고,한국섬유개발연구원,2026-08-27~2026-09-11,기술,기술사업화/이전/지도
biz,PBLN_000000000125888,[전남광주] 2026년 AI융합 지능형 농업 생태계 구축 인공지능 기술 고도화(신뢰성평가) 지원사업 추가 모집 공고,"지속가능한 지능형 농업 생태계를 조성하기 위한 「AI융합 지능형 농업 생태계 구축사업」의 일환으로 「인공지능 기술 고도화(신뢰성평가)지원사업」의 지원기업 모집을 공고하오니, 많은 관심과 참여 바랍니다.
☞ 공고일 기준 다음 요건을 모두 충족하는 기업
- (조건) ‘정보통신업’ (AIㆍSWㆍICT등) 또는 ‘농업’ 관련 사업자이자, 전라남도에 본사 또는 지사(부설연구소)를 둔 기업 ※ ‘농업’ 관련된 기업은 협약 후 1개월 이내 ‘정보통신업 ’보유 필요
- (규모) ‘중견기업’ 또는 ‘중소기업’
☞ 지능형 농업(노지) 관련 기술의 신뢰성 평가 실비(최대 10백만원 이내)지원",기술,전남정보문화산업진흥원,광주광역시,중소기업,중소기업,,,,,,,기술사업화/이전/지도,차수별 상이,,,이메일 접수 (ict@jcia.or.kr),이메일 접수 (ict@jcia.or.kr),https://www.bizinfo.go.kr/sii/siia/selectSIIA200Detail.do?pblancId=PBLN_000000000125888,main,primary,전남광주2026년ai융합지능형농업생태계구축인공지능기술고도화신뢰성평가지원사업추가모집공고,전남정보문화산업진흥원,차수별 상이~,기술,기술사업화/이전/지도
biz,PBLN_000000000125887,2026년 중소기업 기술거래 기반조성사업 시행계획 수정 공고,"2026년도 「중소기업 기술거래 기반조성사업」시행계획을 다음과 같이 공고하오니, 동 사업에 참여하고자 하는 중소기업 및 참여기관은 사업안내에 따라 신청하시기 바랍니다.
☞ 「중소기업기본법」제2조에 따른 중소기업
※ 세부사업별 지원대상 상이, 공고문 참조
☞ 기술정보 발굴 및 활용 촉진, 기술 중개 지원
- 기술정보 발굴 및 활용 촉진 : 기술거래 서포터즈, 글로벌 진출기업 역량강화, 공급기술 DB 고도화 사업
- 기술중개 지원 : 기술이전 중개수수료 지원, 혁신중개 촉진 지원사업
※ 사업별 특성에 따라 대상, 규모, 지원내용이 변경될 수 있으므로 개별 사업공고를 반드시 확인 바람",기술,기술보증기금,전국,중소기업,중소기업,,,,,,,기술사업화/이전/지도,추후 공지,,,"세부사업별 상이
※ 시행계획공고로 신청 방법 추후 공지 (공고문 참조)","세부사업별 상이
※ 시행계획공고로 신청 방법 추후 공지 (공고문 참조)",https://www.bizinfo.go.kr/sii/siia/selectSIIA200Detail.do?pblancId=PBLN_000000000125887,main,primary,2026년중소기업기술거래기반조성사업시행계획수정공고,기술보증기금,추후 공지~,기술,기술사업화/이전/지도
biz,PBLN_000000000125886,[경북] 안동시 2026년 중소기업 근로자 기숙사 임차비 지원사업 참여기업 추가모집 공고,"안동시와 경상북도경제진흥원에서는 관내 중소기업들의 고용환경 개선 및 우수인력 유치, 기업 경쟁력 향상에 도움을 드리고자「안동시 중소기업 근로자 기숙사 임차비 지원 사업」을 추진하오니 관내 중소기업의 많은 참여를 바랍니다.
☞ 안동시 소재 중소(중견)기업
※ 자세한 지원대상 공고문 참조
☞ 근로자 1인당 월 30만원 한도(월임차료 80%이내) 지원
※ 가족동거 근로자 추가지원(배우자 10만원, 자녀 1명당 5만원추가(총 한도 20만원, 월 임차료 100% 지원)",인력/일자리,경상북도경제진흥원,경상북도,중소기업,중소기업,,,,,,,고용유지,2026-08-26,2026-09-11,,이메일 접수 (gepa_north@naver.com),이메일 접수 (gepa_north@naver.com),https://www.bizinfo.go.kr/sii/siia/selectSIIA200Detail.do?pblancId=PBLN_000000000125886,main,primary,경북안동시2026년중소기업근로자기숙사임차비지원사업참여기업추가모집공고,경상북도경제진흥원,2026-08-26~2026-09-11,인력,고용유지
biz,PBLN_000000000125885,[서울] 2026년 홍콩 코스모프로프 미용 전시회(Cosmoprof Asia 2026) 참가기업 모집 공고,"서울경제진흥원에서 아시아 대표 무역 허브인 홍콩에서 개최되는 세계 3대 뷰티 전문 
전시회 「Cosmoprof Asia 2026」에 서울관을 운영하고자 참가기업을 모집하오니, 참가를 
희망하는 기업은 관련 절차에 따라 신청하여 주시기 바랍니다.
☞ 서울 소재 완제품 화장품(스킨케어, 메이크업, 바디케어, 향수 등)을 보유하고, 
전시회 전 기간 동안 최소 1인 이상의 출장자가 현장 상주 가능한 중소기업
- 접수 마감일 기준 서울 소재 본사 또는 주된 사업장을 보유한 「중소기업기본법」 제 2조에 따른 중ㆍ소기업
☞ 부스(공동관 부스 임차료 및 장치비 약 80%), 물류(편도 전시품 해상운송비(한국→홍콩) 기업당 1CBM 이내), 홍보 지원",판로/수출,서울경제진흥원,서울특별시,중소기업,중소기업,,,,,,,해외진출,2026-08-26,2026-09-10,,온라인 접수 (서울경제진흥원 홈페이지),온라인 접수 (서울경제진흥원 홈페이지),https://www.bizinfo.go.kr/sii/siia/selectSIIA200Detail.do?pblancId=PBLN_000000000125885,main,primary,서울2026년홍콩코스모프로프미용전시회cosmoprofasia2026참가기업모집공고,서울경제진흥원,2026-08-26~2026-09-10,수출,해외진출
biz,PBLN_000000000125884,2026년 하반기 우수발명품 우선구매 추천사업 기간연장 공고,"2026년도 상반기 우수발명품 우선구매 추천사업 기간연장을 아래와 같이 공고하오니, 자격요건에 해당하는 기업은 신청하여 주시기 바랍니다.
☞ 기 지정된 우수발명품 우선구매 추천 제품의 기간 연장을 희망하는 자
- 기간연장 대상 제품과 관련된 특허권ㆍ실용신안권ㆍ디자인권을 등록ㆍ보유 유지한(전용실시권 포함) 기업
- 기간연장 제품은 등록된 권리 적용 및 양산 가능한 상태의 제품
- 조달청 목록정보시스템에 물품분류번호 및 식별번호를 등록한 제품
☞ 사업 선정 후 ‘우선구매추천 확인서’ 재발급(연장 3년간) 지원
- 희망 수요기관(정부, 지자체, 공공기관 등) 대상 우선구매 추천 공문 발송
- 지식재산처 우수특허기반 혁신제품 지정사업 신청자격 부여
- 우수발명품 마크(BI) 사용 및 제품 마케팅 활용 가능
- 조달청 벤처나라 등록 제품 후보 기관 추천(기술ㆍ품질 평가 면제) 
- 중소벤처기업부 ‘기술개발제품 시범구매‘ 사업 소액과제 신청자격 부여
※ 자세한 지원내용 공고문 참조",판로/수출,한국발명진흥회,지식재산처,중소기업,중소기업,,,,,,,공공구매,2026-09-07,2026-09-22,,온라인 접수(한국발명진흥회),온라인 접수(한국발명진흥회),https://www.bizinfo.go.kr/sii/siia/selectSIIA200Detail.do?pblancId=PBLN_000000000125884,main,primary,2026년하반기우수발명품우선구매추천사업기간연장공고,한국발명진흥회,2026-09-07~2026-09-22,내수,공공구매
biz,PBLN_000000000125882,2026년 하반기 우수발명품 우선구매 추천사업 규격추가 공고,"2026년도 하반기 우수발명품 우선구매 추천사업 규격추가를 아래와 같이 공고하오니, 자격요건에 해당하는 기업은 신청하여 주시기 바랍니다.
☞ 기 지정된 우수발명품 우선구매 추천제품의 규격 추가를 희망하는 자
- 규격추가 제품과 관련된 특허권ㆍ실용신안권ㆍ디자인권을 등록ㆍ보유 유지한(전용실시권 포함) 기업
- 규격추가 제품은 등록된 권리 적용 및 양산 가능한 상태의 제품
- 조달청 목록정보시스템에 물품분류번호 및 식별번호를 추가 등록된 제품
※ 자세한 지원대상 공고문 참조
☞ 규격추가 선정 후 ‘우선구매추천 확인서’ 재발급
- 지식재산처 우수특허기반 혁신제품 지정사업 신청자격 지원
- 우수발명품 마크(BI) 사용 및 제품 마케팅 활용 지원
- 중소벤처기업부 ‘기술개발제품 시범구매‘ 사업 소액과제 신청자격 부여
- 우선구매 추천을 받은 경우, 기술표준원 신제품 인증(NEP) 심사 시 신기술성을 증명하는 자료로 활용 가능",판로/수출,한국발명진흥회,지식재산처,중소기업,중소기업,,,,,,,공공구매,2026-09-07,2026-09-22,,온라인 접수(한국발명진흥회),온라인 접수(한국발명진흥회),https://www.bizinfo.go.kr/sii/siia/selectSIIA200Detail.do?pblancId=PBLN_000000000125882,main,primary,2026년하반기우수발명품우선구매추천사업규격추가공고,한국발명진흥회,2026-09-07~2026-09-22,내수,공공구매
biz,PBLN_000000000125881,[대전] 2026년 독일 뒤셀도르프 의료기기 전시회(MEDICA) 단체참가 참여기업 추가모집 공고,"대전광역시와 대전일자리경제진흥원에서는 대전 관내 본사 또는 공장 소재기업을 대상으로 「2026년도 독일 뒤셀도르프 의료기기 전시회」 참여기업을 다음과 같이 모집하오니 많은 참여 바랍니다.
☞ 대전지역 본사 또는 공장 소재 중소, 중견 제조기업(S/W포함)
☞ 단체참가 비용(부스임차료, 장치비, 통역비 등) 12백만원 한도 내외 지원",판로/수출,대전일자리경제진흥원,대전광역시,중소기업,중소기업,,,,,,,해외진출,모집 완료시까지,,,온라인 접수 (대전비즈 홈페이지),온라인 접수 (대전비즈 홈페이지),https://www.bizinfo.go.kr/sii/siia/selectSIIA200Detail.do?pblancId=PBLN_000000000125881,main,primary,대전2026년독일뒤셀도르프의료기기전시회medica단체참가참여기업추가모집공고,대전일자리경제진흥원,모집 완료시까지~,수출,해외진출
biz,PBLN_000000000125880,2026년 2차 스마트상점 기술보급사업 참여 소상공인 모집 공고(구입형ㆍ렌탈형ㆍS/W형),"중소벤처기업부와 소상공인시장진흥공단은 소상공인의 경영효율화를 위해 스마트기술을 지원하고 있습니다. 노동 강도와 인건비 부담은 줄이고 고객서비스 질을 향상할 수 있는 다양한 기술을 지원하니, 소상공인분들의 많은 관심과 참여 바랍니다.
☞「소상공인기본법」제2조에 따른 소상공인으로, 신청일
현재 정상적으로 영업 중인 점포
※ 중소기업현황정보시스템(sminfo.mss.go.kr)에서 소상공인확인서 발급 가능한 점포
☞ 구입형, 렌탈형, S/W형 지원
- 구입형 : 보편ㆍ일반ㆍ배리어프리 스마트기술 구입비용 지원
- 렌탈형 : 배리어프리ㆍ로봇기술 렌탈비용 지원(최대2년, 1+1)
- S/W형 : S/W의구독료지원(최대2년, 1+1)
※ 자세한 지원내용 공고문 참조",기술,소상공인시장진흥공단,전국,소상공인,소상공인,,,,,,,기술사업화/이전/지도,2026-08-26,2026-09-30,,온라인 접수 (소상공인 스마트상점),온라인 접수 (소상공인 스마트상점),https://www.bizinfo.go.kr/sii/siia/selectSIIA200Detail.do?pblancId=PBLN_000000000125880,main,primary,2026년2차스마트상점기술보급사업참여소상공인모집공고구입형ㆍ렌탈형ㆍsw형,소상공인시장진흥공단,2026-08-26~2026-09-30,기술,기술사업화/이전/지도
biz,PBLN_000000000125879,2026년 하반기 우수발명품 우선구매 추천사업 신규지정 공고,"2026년 하반기 우수발명품 우선구매 추천사업 신규지정을 아래와 같이 공고하오니, 자격요건에 해당하는 기업은 신청하여 주시기 바랍니다.
☞ 「중소기업기본법」에 의한 중소기업 또는 사업자등록을 필한 개인사업자로서 등록된 특허권ㆍ실용신안권ㆍ디자인권 보유(전용실시권 포함) 기업
- 신청 제품은 등록된 권리가 적용되어 양산 가능한 상태의 제품
- 신청 제품에 적용된 특허권ㆍ실용신안권ㆍ디자인권이 유효하고, 잔존 존속기간이 사업공고일 기준 3년 이상인 경우
- 조달청 목록정보시스템에 물품분류번호 및 식별번호를 등록한 제품
☞ 사업 선정 후 ‘우선구매추천 확인서’ 발급(3년) 지원
- 희망 수요기관(정부, 지자체, 공공기관 등) 대상 우선구매 추천 공문 발송
- 특허청 우수특허기반 혁신제품 지정사업 신청자격 부여
- 우수발명품 마크(BI) 사용 및 제품 마케팅 활용 가능
- 조달청 벤처나라 등록 제품 후보 기관 추천(기술ㆍ품질 평가 면제) 
- 중소벤처기업부 ‘기술개발제품 시범구매‘ 사업 소액과제 신청자격 부여
※ 자세한 지원내용 공고문 참조",판로/수출,한국발명진흥회,지식재산처,중소기업,중소기업,,,,,,,공공구매,2026-09-07,2026-09-22,,온라인 접수(한국발명진흥회),온라인 접수(한국발명진흥회),https://www.bizinfo.go.kr/sii/siia/selectSIIA200Detail.do?pblancId=PBLN_000000000125879,main,primary,2026년하반기우수발명품우선구매추천사업신규지정공고,한국발명진흥회,2026-09-07~2026-09-22,내수,공공구매
biz,PBLN_000000000125878,[제주] 제주시 2026년 지역연고자원을 활용한 치유산업 육성 및 활성화 지원사업 기술고도화 컨설팅 지원 수혜기업 모집 공고(시군구연고산업육성사업),"제주테크노파크에서는 제주 바이오기업의 경쟁력 강화를 위해 연고자원을 활용한 기업 현장 중심의 맞춤형 애로기술 해결과 기업 경쟁력 강화 및 일자리 
창출 도모를 위해 기술고도화 컨설팅 지원 프로그램을 아래와 같이 공고하오니 
많은 관심과 참여 바랍니다.
☞ 공고일 기준 사업자등록증 상 제주특별자치도 제주시 청정바이오산업 기업
- 제주지역 특화자원 활용 산업 전ㆍ후방 연관 제품(기술)의 사업화를 추진준비 중인 기업
- 지원분야 : 경영, 기술개발, 시험분석, 디자인, 마케팅, 품질관리 등
☞ 기업의 기술 및 경영분야 애로요인 해결을 위한 기업 현장 중심의 1:1 맞춤형 전문가 컨설팅(기업당 컨설팅 1회 내외) 지원",경영,제주테크노파크,제주특별자치도,중소기업,중소기업,,,,,,,컨설팅,2026-08-27,2026-09-30,,온라인 접수 (제주산업정보서비스),온라인 접수 (제주산업정보서비스),https://www.bizinfo.go.kr/sii/siia/selectSIIA200Detail.do?pblancId=PBLN_000000000125878,main,primary,제주제주시2026년지역연고자원을활용한치유산업육성및활성화지원사업기술고도화컨설팅지원수혜기업모집공고시군구연고산업육성사업,제주테크노파크,2026-08-27~2026-09-30,경영,컨설팅
biz,PBLN_000000000125877,2026년 3차 정보보호제품 성능평가 지원 공모 사업 공고,"한국인터넷진흥원은 정보보호제품의 성능향상과 성능평가제도 활성화를 위해 대상제품군에 대한 성능평가 지원 사업을 아래와 같이 실시하오니 관심있는 기업들의 많은 참여 부탁드립니다.
☞ 대한민국에 본사를 둔 국내 정보보호제품 개발 기업
☞ 성능평가ㆍ컨설팅 비용 최대 75%(최소 5백만원 ~ 최대 10백만원) 지원",기술,한국인터넷진흥원,전국,중소기업,중소기업,,,,,,,시험/인증,2026-08-26,2026-09-16,,"이메일 접수
- (재)한국기계전기전자시험연구원 (KTC) : hwangbh2486@ktc.re.kr
- 한국시스템보증㈜ (KOSYAS) : spec@kosyas.com
- ㈜한국아이티평가원 (KSEL) : spp-test@ksel.co.kr
- ㈜한국정보보안기술원 (KOIST) : performance@koist.kr
- (재)한국화학융합시험연구원 (KTR) : tkkim@ktr.or.kr","이메일 접수
- (재)한국기계전기전자시험연구원 (KTC) : hwangbh2486@ktc.re.kr
- 한국시스템보증㈜ (KOSYAS) : spec@kosyas.com
- ㈜한국아이티평가원 (KSEL) : spp-test@ksel.co.kr
- ㈜한국정보보안기술원 (KOIST) : performance@koist.kr
- (재)한국화학융합시험연구원 (KTR) : tkkim@ktr.or.kr",https://www.bizinfo.go.kr/sii/siia/selectSIIA200Detail.do?pblancId=PBLN_000000000125877,main,primary,2026년3차정보보호제품성능평가지원공모사업공고,한국인터넷진흥원,2026-08-26~2026-09-16,기술,시험/인증
biz,PBLN_000000000125876,[전남광주] 2026년 전남농공단지 기업맞춤형 특화지원사업 수혜기업 모집 공고,"전남지역 농공단지 입주기업의 경영개선 및 경쟁력 제고를 위한「전남 농공단지 특화지원사업」을 다음과 같이 공고하오니 농공단지 입주기업들의 많은 참여 바랍니다.
☞ 모집공고일 기준, 전남 농공단지 입주 확인서를 발급받은 기업
- 여수, 순천, 구례, 장흥, 영암, 함평
※ 자세한 지원대상 공고문 참조
☞ 기술사업화(시제품 제작 및 제품고급화, 인증 및 시험분석 지원 등), 마케팅 기반구축(ERP구축, 마케팅 활용 제작 지원 등), 물류비(제품판매, 운송비지원), 안전환경 고도화, 기술ㆍ경영 컨설팅 지원",기술,전남테크노파크,광주광역시,중소기업,중소기업,,,,,,,기술사업화/이전/지도,2026-07-21,2026-09-04,,온라인 접수 (전남테크노파크 데이터 플랫폼),온라인 접수 (전남테크노파크 데이터 플랫폼),https://www.bizinfo.go.kr/sii/siia/selectSIIA200Detail.do?pblancId=PBLN_000000000125876,main,primary,전남광주2026년전남농공단지기업맞춤형특화지원사업수혜기업모집공고,전남테크노파크,2026-07-21~2026-09-04,기술,기술사업화/이전/지도
biz,PBLN_000000000125875,한중 문화 및 푸드 교류 페스티벌(K-브랜드 홍보ㆍ판촉 마켓) 참가기업 모집 추가 공고,"한국콘텐츠진흥원은 국내 콘텐츠기업의 해외시장 진출 및 한국 콘텐츠의 수요 저변 확대를 위하여 다음과 같이 “한중 문화 및 푸드 교류 페스티벌(K-브랜드 홍보ㆍ판촉 마켓)” 국내 참가기업을 추가 모집합니다. 많은 관심과 참여 부탁드립니다.
☞ 중국 소비자에 직접 홍보를 희망하는 국내 콘텐츠기업
※ 자세한 지원대상 공고문 참조
☞ 기업별 실외 천막 부스(테이블, 의자 등), 현지 일반 소비자 대상 행사에 대한 온ㆍ오프라인 홍보 지원",판로/수출,한국콘텐츠진흥원,전국,중소기업,중소기업,,,,,,,해외진출,2026-08-26,2026-09-07,,온라인 접수(콘텐츠수출마케팅플랫폼(Welcon)),온라인 접수(콘텐츠수출마케팅플랫폼(Welcon)),https://www.bizinfo.go.kr/sii/siia/selectSIIA200Detail.do?pblancId=PBLN_000000000125875,main,primary,한중문화및푸드교류페스티벌k브랜드홍보ㆍ판촉마켓참가기업모집추가공고,한국콘텐츠진흥원,2026-08-26~2026-09-07,수출,해외진출
biz,PBLN_000000000125874,2026년 반도체 후공정 소부장기업 정부 R&D 과제 기획 지원 참여기업 모집 공고,"인천광역시와 인천테크노파크는「2026년 반도체 후공정 소부장기업 혁신역량 강화사업」의 일환으로 인천지역 반도체 후공정 소부장기업의 기술선도와 R&D 활성화를 위하여 정부 R&D 과제 기획을 지원하고자 다음과 같이 참여기업을 모집하오니 많은 참여 바랍니다.
☞ 공고일 기준 인천광역시 내에 소재한 반도체 후공정(패키징) 분야 소재ㆍ부품ㆍ장비 관련 중소ㆍ중견기업
- 본사 또는 공장, 기업부설연구소가 인천광역시에 소재한 기업
- 모집분야 : 반도체 후공정 분야의 소재ㆍ부품ㆍ장비 등 관련 과제
☞ 인천 반도체 후공정 분야 R&D 과제 기획을 위한 사업계획 컨설팅, 특허ㆍ시장 조사, 전문가 매칭 및 자문료 등 지원",기술,인천테크노파크,인천광역시,중소기업,중소기업,,,,,,,기술사업화/이전/지도,2026-08-26,2026-09-11,,온라인 접수 (비즈오케이),온라인 접수 (비즈오케이),https://www.bizinfo.go.kr/sii/siia/selectSIIA200Detail.do?pblancId=PBLN_000000000125874,main,primary,2026년반도체후공정소부장기업정부rd과제기획지원참여기업모집공고,인천테크노파크,2026-08-26~2026-09-11,기술,기술사업화/이전/지도
biz,PBLN_000000000125873,[울산] 남구 2026년 1차 지역산업위기대응 맞춤형 지원사업 수혜기업 모집 공고,"2026년도 산업통상부와 울산광역시가 지원하는 지역산업위기대응 맞춤형 지원사업 「(울산 남구) 지역산업위기대응 맞춤형 지원사업」를 다음과 같이 추진하오니, 해당 프로그램 참여를 희망하는 중소ㆍ중견기업의 많은 신청 바랍니다.
☞ 석유화학 및 관련 전ㆍ후방산업을 영위하는 중소ㆍ중견기업
- 울산광역시 남구 내 소재하거나, 2026년 내 해당 지역으로 이전 예정인 기업
※ 자세한 지원대상 공고문 참조
☞ 기술(시제품 제작, 기술지도, 인증, 특허, 기술경영, IT 융합), 사업화(마케팅, 전시회, 상품홍보, 컨설팅) 지원
※ 자세한 지원내용 공고문 참조",경영,울산테크노파크,울산광역시,중소기업,중소기업,,,,,,,디자인/상품화/사업화,2026-08-31,2026-09-15,,온라인 접수 (울산TP 기업지원사업관리시스템),온라인 접수 (울산TP 기업지원사업관리시스템),https://www.bizinfo.go.kr/sii/siia/selectSIIA200Detail.do?pblancId=PBLN_000000000125873,main,primary,울산남구2026년1차지역산업위기대응맞춤형지원사업수혜기업모집공고,울산테크노파크,2026-08-31~2026-09-15,경영,디자인/상품화/사업화
biz,PBLN_000000000125872,2026년 경기게임커넥트 참가개발사(게임전시) 모집 공고,"경기콘텐츠진흥원에서는 게임산업의 저변 확대와 우수 게임 발굴을 목적으로, 2026 플레이엑스포(PlayX4) 후속지원 프로그램인「경기게임커넥트(G-GameConnect) 2026」참가할 개발사를 모집하고자 합니다. 다음과 같이 공고하오니, 많은 관심과 참여 바랍니다.
☞ 2026 플레이엑스포 BTCㆍBTB 참가 이력이 있는 개발사 중, 게임전시 및 비즈니스 상담회 참여를 희망하는 개발사
☞ 게임 전시 공간 및 시연 인프라 일체 지원, 비즈니스 상담회 및 매칭 지원",판로/수출,경기콘텐츠진흥원,경기도,중소기업,중소기업,,,,,,,오프라인,2026-08-26,2026-09-13,,온라인 접수 (구글폼),온라인 접수 (구글폼),https://www.bizinfo.go.kr/sii/siia/selectSIIA200Detail.do?pblancId=PBLN_000000000125872,main,primary,2026년경기게임커넥트참가개발사게임전시모집공고,경기콘텐츠진흥원,2026-08-26~2026-09-13,내수,오프라인
biz,PBLN_000000000125871,[강원] 양구군 2026년 2차 중소기업 물류보조금 지원사업 공고,"수도권 대비 불리한 입지조건으로 인한 관내 중소기업의 물류비 부담을 경감하고, 경영 안정화를 지원함으로써 기업의 지속가능한 성장을 도모하기 위한「2026년 양구군 중소기업 물류보조금 지원사업」을 다음과 같이 추가 공고합니다.
☞ 양구군 내의 제조업(공장등록 기업) 중, 공고일 이전 해당 사업을 1년 이상 영위한 중소기업
☞ 물류비 지원
- 생산된 완제품을 비롯한 원자재의 수출 및 판매 및 출하 목적으로 관할구역을 벗어나 운송하는 경우 소요된 물류비용(원자재 구입에 소요되는 물류비용 최대 6백만원 포함)",경영,기초자치단체,강원특별자치도,중소기업,중소기업,,,,,,,디자인/상품화/사업화,2026-08-24,2026-09-23,,"방문 접수
- 접수처 : 양구군청 경제체육과 기업지원팀(제2본관 3층) / 양구군 DMZ경제순환센터(1층 사무실)","방문 접수
- 접수처 : 양구군청 경제체육과 기업지원팀(제2본관 3층) / 양구군 DMZ경제순환센터(1층 사무실)",https://www.bizinfo.go.kr/sii/siia/selectSIIA200Detail.do?pblancId=PBLN_000000000125871,main,primary,강원양구군2026년2차중소기업물류보조금지원사업공고,기초자치단체,2026-08-24~2026-09-23,경영,디자인/상품화/사업화
biz,PBLN_000000000125870,[경남] 2026년 경남특산물박람회 경상남도 추천상품관(QC관) 참가업체 모집 공고,"경상남도에 위치한 경쟁력 있는 농ㆍ수ㆍ축산물 등 특산물 생산 유망 중소기업을 대상으로 박람회 참가와 바이어 상담을 통해 수출시장을 확대할 기회를 제공하고자, 「2026 경남특산물박람회 경상남도 추천상품(QC관)」에 참가할 업체를 아래와 같이 모집하오니 많은 참여 바랍니다.
☞ 경상남도 추천상품(QC) 및 우수상품 생산업체
- 참가품목 : 농수축산물, 한방차ㆍ약초, 건강식품류, 공예품, 전통주 등
☞ 부스임차비, 장치 및 기본비품 제공 등 지원",판로/수출,경남무역,경상남도,중소기업,중소기업,,,,,,,해외진출준비,2026-09-01,2026-09-13,,온라인 접수(경상남도 해외마케팅 사업지원시스템),온라인 접수(경상남도 해외마케팅 사업지원시스템),https://www.bizinfo.go.kr/sii/siia/selectSIIA200Detail.do?pblancId=PBLN_000000000125870,main,primary,경남2026년경남특산물박람회경상남도추천상품관qc관참가업체모집공고,경남무역,2026-09-01~2026-09-13,수출,해외진출준비
biz,PBLN_000000000125869,[강원] 양구군 2026년 2차 중소기업 공장 화재보험료 지원사업 공고,"양구군 관내 중소기업의 안전한 기업 경영과 창업 및 투자 유치를 도모하는「2026년 양구군 중소기업 공장 화재보험료 지원사업」을 다음과 같이 추가 공고합니다.
☞ 신청일 현재 양구군 관내「산업집적활성화 및 공장설립에 관한 법률」에 따른 공장을 운영하고 화재보장 보험에 가입한 제조 중소기업(공장등록증有)
☞ 화재보장 가입 연간 보험료 80% 범위 내 최대 100만원(기업당 1개 보험, 연 1회) 지원",경영,기초자치단체,강원특별자치도,중소기업,중소기업,,,,,,,디자인/상품화/사업화,2026-08-24,2026-09-23,,"방문 접수
- 접수처 : 양구군청 경제체육과 기업지원팀(제2본관 3층) / 양구군 DMZ경제순환센터(1층 사무실)","방문 접수
- 접수처 : 양구군청 경제체육과 기업지원팀(제2본관 3층) / 양구군 DMZ경제순환센터(1층 사무실)",https://www.bizinfo.go.kr/sii/siia/selectSIIA200Detail.do?pblancId=PBLN_000000000125869,main,primary,강원양구군2026년2차중소기업공장화재보험료지원사업공고,기초자치단체,2026-08-24~2026-09-23,경영,디자인/상품화/사업화
biz,PBLN_000000000125868,[강원] 양구군 2026년 2차 중소기업 보조금(기반시설ㆍ마케팅) 지원사업 공고,"「양구군 기업 및 투자유치 촉진조례」에 따라 양구군 관내 중소기업의 기반시설 및 마케팅 분야 지원을 통하여 기업의 경영활성화 및 성장기반을 구축하고 지역경제 활성화를 도모하는「2026년 양구군 중소기업 보조금(기반시설ㆍ마케팅) 지원사업」을 다음과 같이 추가 공고합니다.
☞ 양구군 내의 공장등록 기업 중 공고일 기준 관내에서 1년 이상 사업 영위 실적이 있는 중소기업 (한국표준산업분류 상 제조업)
※ (전시ㆍ박람회) 지역특산품을 홍보하는 경우 공장등록여부 상관 없이 지원 (단, 관내 사업자등록이 되어있는 업체에 한함(사업자 미등록 개인 신청불가))
☞ 기반시설, 마케팅 보조금 지원
- 기반시설 : 기업의 시설 개선 및 설치, 도로ㆍ용수ㆍ환경오염 방지시설, 기계 장비 구입 및 수리 비용 등
- 마케팅 보조금 : 포장재 제작, 전시ㆍ박람회",경영,기초자치단체,강원특별자치도,중소기업,중소기업,,,,,,,디자인/상품화/사업화,2026-08-24,2026-09-23,,"방문 접수
- 접수처 : - 양구군청 경제체육과 기업지원팀(제2본관 3층) / 경제순환센터(1층 사무실)","방문 접수
- 접수처 : - 양구군청 경제체육과 기업지원팀(제2본관 3층) / 경제순환센터(1층 사무실)",https://www.bizinfo.go.kr/sii/siia/selectSIIA200Detail.do?pblancId=PBLN_000000000125868,main,primary,강원양구군2026년2차중소기업보조금기반시설ㆍ마케팅지원사업공고,기초자치단체,2026-08-24~2026-09-23,경영,디자인/상품화/사업화
biz,PBLN_000000000125867,[강원] 평창군 2026년 중소기업 경쟁력 강화 지원사업 추가모집 공고,"평창군은 기업의 경영 안정화 및 육성지원을 도모하기 위해중소기업 경쟁력 강화 지원사업을 추진하고 있습니다. 중소기업 경영인들의 참여 기회 확대를 위해 추가모집을 진행하오니 많은 관심과 참여를 바랍니다.
☞ 관내 제조업분야 중소기업(사업자등록 또는 공장등록 필수)
※ 건물이 본인 소유이거나 소유자와 임대차 계약이 되어 있는 개인 또는 법인
☞ 기계설비, 시설확장, 제품개발ㆍ품질향상 사업비 등 지원",경영,기초자치단체,강원특별자치도,중소기업,중소기업,,,,,,,디자인/상품화/사업화,2026-08-27,2026-09-04,,"방문, 우편 접수
- 접수처 : 평창군청 관광경제국 경제과 기업지원팀","방문, 우편 접수
- 접수처 : 평창군청 관광경제국 경제과 기업지원팀",https://www.bizinfo.go.kr/sii/siia/selectSIIA200Detail.do?pblancId=PBLN_000000000125867,main,primary,강원평창군2026년중소기업경쟁력강화지원사업추가모집공고,기초자치단체,2026-08-27~2026-09-04,경영,디자인/상품화/사업화
biz,PBLN_000000000125866,2026년 여수시 단체관광객 유치 인센티브 지원 계획 변경 공고,"여수시에서는 단체관광객 유치를 통한 관광산업 발전과 지역경제 활성화를 위해 “2026년 단체관광객 유치 인센티브 지원 계획”을 다음과 같이 변경 공고합니다.
☞ 「관광진흥법」 제4조에 따른 여행업 등록을 필한 여행업체
- 지원분야 : 4개 분야(내ㆍ외국인, 수학여행단, 항공관광, 체험학습)
☞ 단체관광객 유치 인센티브 지원
※ 자세한 사항 공고문 참조",경영,기초자치단체,전남광주통합특별시,중소기업,중소기업,,,,,,,디자인/상품화/사업화,예산 소진시까지,,,"이메일, 우편 접수
- 접수처 : (59761) 전남 여수시 신월로 648 여수시청 관광과 관광마케팅(인센티브 담당)
- 이메일 : sun71@korea.kr
※ 사전 신청 여행 3일 전까지 담당자 E-mail 제출, 지급 신청 서류 원본 제출(여행 종료 후 15일 이내)
※ 자세한 신청방법 공고문 참조","이메일, 우편 접수
- 접수처 : (59761) 전남 여수시 신월로 648 여수시청 관광과 관광마케팅(인센티브 담당)
- 이메일 : sun71@korea.kr
※ 사전 신청 여행 3일 전까지 담당자 E-mail 제출, 지급 신청 서류 원본 제출(여행 종료 후 15일 이내)
※ 자세한 신청방법 공고문 참조",https://www.bizinfo.go.kr/sii/siia/selectSIIA200Detail.do?pblancId=PBLN_000000000125866,main,primary,2026년여수시단체관광객유치인센티브지원계획변경공고,기초자치단체,예산 소진시까지~,경영,디자인/상품화/사업화
biz,PBLN_000000000125865,[전북] 수출통합지원센터 수출애로 해소 전문가 컨설팅 지원사업 참여기업 모집 공고,"(재)전북특별자치도경제통상진흥원에서는 도내 중소제조기업의 수출 고충 해소를 위한 컨설팅 지원사업의 참여기업을 아래와 같이 모집하오니 많은 관심과 참여 바랍니다.
☞ 도내 중소 수출(예정) 제조기업
☞ 수출 전문가 컨설팅 무상 지원(관세사, 변리사 등)
- 무역실무 : 무역서류 작성, 무역실무 지원, 해외시장 개척 등
- 통관 : 국내ㆍ외 수출입요건 확인, 검사ㆍ검역, 전략물자 수출, 수출 환급, 국제 운송ㆍ물류, 외국환거래법 신고/허가 등
- 해외 인증ㆍ규격 : 중국 위생허가 및 라벨링, 미국 FDA, 유럽 CE, 할랄 등
- 해외전자상거래 : 해외온라인 플랫폼 이해 및 노하우, 글로벌쇼핑몰, 해외온라인 입점 등",판로/수출,전북특별자치도경제통상진흥원,전북특별자치도,중소기업,중소기업,,,,,,,해외진출준비,예산 소진시까지,,,온라인 접수(전북특별자치도 수출통합지원시스템),온라인 접수(전북특별자치도 수출통합지원시스템),https://www.bizinfo.go.kr/sii/siia/selectSIIA200Detail.do?pblancId=PBLN_000000000125865,main,primary,전북수출통합지원센터수출애로해소전문가컨설팅지원사업참여기업모집공고,전북특별자치도경제통상진흥원,예산 소진시까지~,수출,해외진출준비
biz,PBLN_000000000125864,2026년 3차 영월군 청년 창업육성 지원사업 수정 공고,"「영월군 청년 기본 조례」 제15조에 따라 지역 상권과 함께 창업 및 성장하고자 하는 청년 (예비)창업자를 발굴ㆍ지원하여 청년 창업 활성화 및 고용 확대를 도모하고자 2026년 청년 창업육성 지원사업(제3차)을 다음과 같이 공고하오니 많은 신청 바랍니다.
☞ 공고일 기준 영월군 관내에 주소지를 둔 자 또는 사업자 선정 후 1개월 이내 영월군에 주소 이전 가능한 자
- 18세 이상 45세 이하 (예비) 창업가 (‘80. 1. 1.~’08. 1. 1. 출생)
- (예비창업가) 공고일부터 사업자 선정 시까지 사업자등록이 없는 청년 ※ 보조금 정산일부터 1년이내 영월군에 사업자등록 완료해야함
- (기창업자) 공고일 기준 창업 후 7년 이내인 자 ※「중소기업창업 지원법」 제2조에 따름
※ 자세한 지원대상 공고문 참조
☞ 하드웨어 분야 최대 50,000천원, 소프트웨어 분야 최대 20,000천원 지원
- (하드웨어) 기술창업 및 공간구축 자본 보조 (리모델링 등)
- (소프트웨어) 홍보물 제작, 정보화 지원, 온라인 입점지원, 홍보마케팅 등",창업,기초자치단체,강원특별자치도,창업벤처,"청년,초기창업기업",,,,,,,사업화지원,2026-10-08,2026-10-12,,"방문 접수
- 접수처 : 영월읍 봉래산로 5, 1층 영월군 청년사업단 청정지대","방문 접수
- 접수처 : 영월읍 봉래산로 5, 1층 영월군 청년사업단 청정지대",https://www.bizinfo.go.kr/sii/siia/selectSIIA200Detail.do?pblancId=PBLN_000000000125864,main,primary,2026년3차영월군청년창업육성지원사업수정공고,기초자치단체,2026-10-08~2026-10-12,창업,사업화지원
biz,PBLN_000000000125863,[강원] 2026년 4차 중소기업육성자금 지원 변경계획 공고,"「강원특별자치도 중소기업육성기금 설치 및 운용 조례」 제10조의 규정에 따라「2026년 강원특별자치도 중소기업육성자금 지원 변경계획」을 다음과 같이 변경하여 공고합니다.
☞ 도내 소재(본사 또는 공장) 중소기업   
※ 은행 여신규정에 의한 담보능력 보유 기업
☞ 경영안정자금, 창업 및 경쟁력강화자금, 특수목적 자금 지원
※ 자세한 지원내용 공고문 참조",자금,강원특별자치도경제진흥원,강원특별자치도,중소기업,중소기업,,,,,,,융자,예산 소진시까지,,,"온라인 또는 방문 접수
- 온라인 : 융자관리시스템
- 방문 : 각 시군 중소기업육성자금 관련 부서","온라인 또는 방문 접수
- 온라인 : 융자관리시스템
- 방문 : 각 시군 중소기업육성자금 관련 부서",https://www.bizinfo.go.kr/sii/siia/selectSIIA200Detail.do?pblancId=PBLN_000000000125863,main,primary,강원2026년4차중소기업육성자금지원변경계획공고,강원특별자치도경제진흥원,예산 소진시까지~,금융,융자
biz,PBLN_000000000125862,[전북] 2026년 제7회 여성창업아이디어 경진대회 참가자 모집 공고,"예비ㆍ초기 여성 창업자들의 창의적이고 우수한 창업아이템을 조기에 발굴ㆍ육성하고, 여성의 창업분위기를 조성하여 적극적인 창업을 지원하기 위해「제7회 여성 창업아이디어 경진대회」를 아래와 같이 진행하오니, 우수한 창업아이템을 보유한 예비ㆍ초기 여성 창업자들의 적극적인 참여를 바랍니다.
☞ 전북지역 내 예비 여성창업자, 공고일 기준 5년 미만 기 창업자로 개인 및 팀(2021년 8월 7일 이후 사업자등록)
☞ 장려상, 우수상, 최우수상 시상 및 상금 지원",창업,전북여성가족재단,전북특별자치도,창업벤처,"여성,초기창업기업",,,,,,,사업화지원,2026-08-17,2026-09-11,,이메일 접수(kewler@jbwf.or.kr),이메일 접수(kewler@jbwf.or.kr),https://www.bizinfo.go.kr/sii/siia/selectSIIA200Detail.do?pblancId=PBLN_000000000125862,main,primary,전북2026년제7회여성창업아이디어경진대회참가자모집공고,전북여성가족재단,2026-08-17~2026-09-11,창업,사업화지원
biz,PBLN_000000000125861,2026년 하반기 단양군 단체관광객 유치 인센티브 지원계획 공고,"우리 군에서는 관광산업 발전과 지역경제 활성화를 위해 단체관광객을 유치한 여행사 등에 대하여 인센티브를 제공하고자 “2026년 하반기 단양군 단체관광객 유치 인센티브 지원계획”을 아래와 같이 공고하오니 많은 참여 바랍니다.
☞ 「관광진흥법」 제3조 및 제4조에 의하여 여행업 등록을 필한 전국 여행사
☞ 단체관광객 유치 인센티브(동일 여행업체 지원 한도액 최대 10,000천원) 지원",경영,기초자치단체,충청북도,중소기업,중소기업,,,,,,,디자인/상품화/사업화,예산 소진시까지,,,"이메일, 우편 접수
① 사전 신청 : 이메일 접수 (alsgmlcmh@korea.kr)
※ 제출 후 전화 확인 필수
② 지원금 신청 : 등기우편
- 접수처 : (27010) 충북 단양군 단양읍 중앙1로 10, 단양군청 관광과
※ 자세한 신청방법 공고문 참조","이메일, 우편 접수
① 사전 신청 : 이메일 접수 (alsgmlcmh@korea.kr)
※ 제출 후 전화 확인 필수
② 지원금 신청 : 등기우편
- 접수처 : (27010) 충북 단양군 단양읍 중앙1로 10, 단양군청 관광과
※ 자세한 신청방법 공고문 참조",https://www.bizinfo.go.kr/sii/siia/selectSIIA200Detail.do?pblancId=PBLN_000000000125861,main,primary,2026년하반기단양군단체관광객유치인센티브지원계획공고,기초자치단체,예산 소진시까지~,경영,디자인/상품화/사업화
biz,PBLN_000000000125860,[충북] 옥천군 2026년 4차 중소기업 환경개선 지원사업 모집 공고,"옥천군 중소기업의 기업경영 관련 기반시설 정비 지원을 통해 기업활동 촉진 및 경쟁력을 강화하고자 2026년 중소기업 환경개선 지원사업을 다음과 같이 모집 공고합니다
☞ 관내 공장으로 등록된 중소기업(제조업) 
☞ 업체당 최대 30,000천원, 총사업비의 50% 지원
- 근로자 복지편익 개선사업 : 기숙사, 식당, 화장실 등 개보수
- 근로자 근무환경 개선사업 : 환기ㆍ집진시설, 소음 및 악취 방지시설 등 개보수
- 천재지변 또는 화재 등으로 인한 피해시설 및 건축물 복구",경영,기초자치단체,충청북도,중소기업,중소기업,,,,,,,시설/입지지원,2026-08-26,2026-09-11,,"방문 및 우편 접수
- 접수처 : 충북 옥천군 옥천읍 중앙로99 옥천군청 경제과(2층)","방문 및 우편 접수
- 접수처 : 충북 옥천군 옥천읍 중앙로99 옥천군청 경제과(2층)",https://www.bizinfo.go.kr/sii/siia/selectSIIA200Detail.do?pblancId=PBLN_000000000125860,main,primary,충북옥천군2026년4차중소기업환경개선지원사업모집공고,기초자치단체,2026-08-26~2026-09-11,경영,시설/입지지원
biz,PBLN_000000000125859,[인천] 중소 식품제조업체 해외인증 지원 사업 모집 공고,"인천광역시 식품산업육성지원센터는 관내 식품 제조ㆍ가공업체 등을 대상으로 식품산업 수출 경쟁력 향상을 위한「중소 식품제조업체 해외인증 지원」사업을 추진하고자 신청업소를 아래와 같이 모집하오니 많은 참여 바랍니다.
☞ 관내 식품제조ㆍ가공업체 등
☞ 해외인증 분야 취득 및 유지에 필수적으로 소요되는 인증비, 시험비 및 컨설팅비 등 지원
- 업소당 최대 1,000천원 한도 내 실제 소요비용 지원
- 지원대상 인증분야 : FSSC22000, ISO22000, 할랄, BRCGS Food Safety, 코셔 등 식품 제조ㆍ가공 관련 해외인증 및 수출 대상국에서 요구하는 등록ㆍ허가 등",판로/수출,인천광역시 식품산업육성지원센터,인천광역시,중소기업,중소기업,,,,,,,해외진출,2026-08-26,2026-09-08,,"이메일 접수 (min@ifdsc.or.kr)
※ 담당자 이메일 접수 후 유선 확인","이메일 접수 (min@ifdsc.or.kr)
※ 담당자 이메일 접수 후 유선 확인",https://www.bizinfo.go.kr/sii/siia/selectSIIA200Detail.do?pblancId=PBLN_000000000125859,main,primary,인천중소식품제조업체해외인증지원사업모집공고,인천광역시식품산업육성지원센터,2026-08-26~2026-09-08,수출,해외진출
biz,PBLN_000000000125858,[전남광주] 에이지테크 산학공동 실증기반 제품 사업화 지원사업 수혜기업 모집 공고,"광주테크노파크 고령친화산업지원센터는 광주/전남 지역 에이지테크(고령친화산업) 관련 기업의 제품 경쟁력 강화 및 사업화를 지원하고자, 지역 대학의 연구 역량과 실증 인프라를 연계한「에이지테크 산학공동 실증기반 제품 사업화 지원사업」의 수혜기업을 모집하오니, 참여를 희망하는 기업의 많은 관심과 지원 바랍니다.
☞ 광주ㆍ전남 지역 내 본사 또는 주사업장이 소재한 에이지테크 관련 기업
- 지원분야 : 시니어케어 분야(헬스케어, 그린바이오, 안티에이징 등)
☞ 융복합 고령친화관련 기업 대상 제품 고도화 지원",기술,광주테크노파크,광주광역시,중소기업,중소기업,,,,,,,기술사업화/이전/지도,2026-08-26,2026-09-09,,"이메일 또는 우편 접수
- 접수처 : (61748) 전남광주특별시 남구 덕남길 37 (행암동156) 고령친화산업지원센터 2층 운영본부
- 이메일 : hyoj098@gjtp.or.kr","이메일 또는 우편 접수
- 접수처 : (61748) 전남광주특별시 남구 덕남길 37 (행암동156) 고령친화산업지원센터 2층 운영본부
- 이메일 : hyoj098@gjtp.or.kr",https://www.bizinfo.go.kr/sii/siia/selectSIIA200Detail.do?pblancId=PBLN_000000000125858,main,primary,전남광주에이지테크산학공동실증기반제품사업화지원사업수혜기업모집공고,광주테크노파크,2026-08-26~2026-09-09,기술,기술사업화/이전/지도
biz,PBLN_000000000125857,[부산] 2026년 부산경제활성화지원기금(BEF) 해외 무역사절기업 개별수출 지원사업 참여기업 모집 공고,"(재)부산경제진흥원은 수출 애로를 겪는 부산지역 중소기업의 수출 경쟁력 강화 및 해외시장 진출을 지원하기 위한 「2026 부산경제활성화지원기금(BEF) 해외 무역사절기업 지원사업」의 참여기업을 다음과 같이 모집 하오니 많은 참여 바랍니다.
☞ 부산시 소재 수출 중소기업(제조업)
- 사업자등록증상 본사 또는 공장 소재지가 부산인 중소기업
☞ 중소기업 개별 수출준비 및 수출 진행 비용 일부 지원(1개사당 6백만원 한도 내 지원)
- 지원항목 : Track별 동시진행 가능하나 Track(2)는 최대 50% 지원
※ 자세한 지원내용 공고문 참조",판로/수출,부산경제진흥원,부산광역시,중소기업,중소기업,,,,,,,해외진출준비,2026-08-25,2026-09-08,,이메일 접수(pgr@bepa.kr),이메일 접수(pgr@bepa.kr),https://www.bizinfo.go.kr/sii/siia/selectSIIA200Detail.do?pblancId=PBLN_000000000125857,main,primary,부산2026년부산경제활성화지원기금bef해외무역사절기업개별수출지원사업참여기업모집공고,부산경제진흥원,2026-08-25~2026-09-08,수출,해외진출준비
biz,PBLN_000000000125856,[세종] 2026년 2차 중소기업육성자금 지원계획 변경 공고,"세종특별자치시 중소기업육성기금 운용 조례 제7조 및 같은 조례 시행규칙 제3조에 따른 2026년도 중소기업육성자금 지원계획을 다음과 같이 변경 공고합니다.
☞ 세종특별자치시에 사업장을 둔 중소기업으로「별표1」의 ‘업종별 세부지원대상’과「별표2, 4」의 ‘자금별 지원조건’에 해당하는 기업
☞ 창업자금, 경쟁력강화자금, 혁신형 자금, 기업회생자금, 경영안정자금 지원",자금,세종일자리경제진흥원,세종특별자치시,중소기업,중소기업,,,,,,,융자,예산 소진시까지,,,"방문 접수 
- (30098) 세종특별자치시 보듬6로 20(도담동) 세종사회적경제공동체센터 2층
※ 접수 전 반드시 사전연락","방문 접수 
- (30098) 세종특별자치시 보듬6로 20(도담동) 세종사회적경제공동체센터 2층
※ 접수 전 반드시 사전연락",https://www.bizinfo.go.kr/sii/siia/selectSIIA200Detail.do?pblancId=PBLN_000000000125856,main,primary,세종2026년2차중소기업육성자금지원계획변경공고,세종일자리경제진흥원,예산 소진시까지~,금융,융자
biz,PBLN_000000000125855,[세종] 2026년 지역혁신클러스터육성(비R&D) 기업지원사업 공고,"산업통상부, 세종특별자치시, 세종 지역혁신융복합단지 추진단은 자율주행 플랫폼 산업 관련 기업의 마케팅 역량 강화 및 사업화 촉진을 위해 ‘사전기획지원’, ‘사업화지원’, ‘장비활용기술지원’사업을 아래와 같이 공고하오니, 많은 참여 바랍니다.
☞ 세종 지역혁신융복합단지 입주기업 중 자율주행 플랫폼 산업 관련 전ㆍ후방 중소ㆍ중견기업 및 기회발전특구 투자(예정)기업
☞ 사전기획지원, 사업화지원, 장비활용기술지원
※ 자세한 지원내용 공고문 참조",기술,세종테크노파크,세종특별자치시,중소기업,중소기업,,,,,,,기술사업화/이전/지도,2026-08-25,2026-09-04,,"온라인 접수(세종기업지원 통합관리시스템SEMS)
※ 장비활용지원은 ekshin@sjtp.or.kr 로 직접 접수 필요
※ 온라인 접수 후 세종TP 담당자와 접수완료 확인 요망 (접수 누락시 신청인 책임)","온라인 접수(세종기업지원 통합관리시스템SEMS)
※ 장비활용지원은 ekshin@sjtp.or.kr 로 직접 접수 필요
※ 온라인 접수 후 세종TP 담당자와 접수완료 확인 요망 (접수 누락시 신청인 책임)",https://www.bizinfo.go.kr/sii/siia/selectSIIA200Detail.do?pblancId=PBLN_000000000125855,main,primary,세종2026년지역혁신클러스터육성비rd기업지원사업공고,세종테크노파크,2026-08-25~2026-09-04,기술,기술사업화/이전/지도
biz,PBLN_000000000125850,2026년 서울용산시제품제작소 AIㆍ스마트전자제품 금형지원 기업 모집 공고,"한국전자정보통신산업진흥회에서 창업기업 및 중소기업의 우수한 AIㆍ스마트전자제품의 금형 제작을 지원하여 제품의 완성도 향상과 신속한 상품화를 지원하는 사업입니다.
☞ 전자기기 기반 제품을 개발, 제조하는 창업기업 및 중소기업
☞ 금형 설계(2D, 3D), 금형 제작 지원
- 금형지원 최대 6개 제품 (제품당 최대 1,650만원 상당 제작 지원)",기술,한국전자정보통신산업진흥회,서울특별시,중소기업,중소기업,,,,,,,기술사업화/이전/지도,2026-08-26,2026-09-10,,온라인 접수(스타트업플러스 플랫폼),온라인 접수(스타트업플러스 플랫폼),https://www.bizinfo.go.kr/sii/siia/selectSIIA200Detail.do?pblancId=PBLN_000000000125850,main,primary,2026년서울용산시제품제작소aiㆍ스마트전자제품금형지원기업모집공고,한국전자정보통신산업진흥회,2026-08-26~2026-09-10,기술,기술사업화/이전/지도
biz,PBLN_000000000125849,[경북] 경산산학융합지구조성사업(기업밀착형 산학융합촉진지원사업) 기업애로해결지원 과제 공고,"경산산학융합지구조성사업 참여 기업 및 참여 희망 기업의 성장을 지원
하기 위하여 경산산학융합지구조성사업(기업밀착형 산학융합촉진지원사업)
기업애로해결지원 과제를 공고하오니 동 과제에 참여하고자 하는 기업은 
다음 안내에 따라 신청하시기 바랍니다.
☞ 경북에 소재한 법인기업
※ 자세한 지원대상 공고문 참조
☞ 기업 애로 해결 지원
- 현장애로기술(전문가활용), 제품 업그레이드, 홍보ㆍ마케팅, 연구개발서비스활용 지원
- 현장애로기술은 필수 사항이며 2회 이상 진행(회당 250천원*), 전문가 작성 필수",기술,경북경산산학융합원,경상북도,중소기업,중소기업,,,,,,,기술사업화/이전/지도,2026-08-18,2026-09-07,,"이메일 접수(jyd1024@ggic.kr)
※ 메일이 수신되지 않는 경우가 많으므로 제출 후 담당자 연락 필수","이메일 접수(jyd1024@ggic.kr)
※ 메일이 수신되지 않는 경우가 많으므로 제출 후 담당자 연락 필수",https://www.bizinfo.go.kr/sii/siia/selectSIIA200Detail.do?pblancId=PBLN_000000000125849,main,primary,경북경산산학융합지구조성사업기업밀착형산학융합촉진지원사업기업애로해결지원과제공고,경북경산산학융합원,2026-08-18~2026-09-07,기술,기술사업화/이전/지도
biz,PBLN_000000000125848,[대구] 2026년 대구식품산업 인재양성 및 마케팅지원사업 국내 식품 박람회(제26회 대구국제식품산업전) 대구식품협회 공동부스 참가업체 모집 공고,"대구광역시 소재 식품 제조ㆍ유통업체의 마케팅 역량 강화 및 판로 확대를 위해「제26회 대구국제식품산업전」대구식품협회 공동부스 참가업체를 다음과 같이 모집하오니 많은 참여 바랍니다.
☞ 사업 공고일 현재 대구광역시에 소재한 식품 제조ㆍ유통업체
☞ 공동부스 조성비 지원",판로/수출,대구식품협회,대구광역시,중소기업,중소기업,,,,,,,오프라인,2026-08-24,2026-09-10,,"방문, 우편, 팩스, 이메일 접수
- 접수처 : 대구광역시 달서구 성서공단로 46-17(대천동) 대구테크노파크 신기술산업지원센터 2동 401호
- 펙스 : 053-593-9133
- 이메일 : shadawn@naver.com
※ 팩스 또는 이메일 신청 시 접수 여부 유선 확인(053-593-9132) 필수","방문, 우편, 팩스, 이메일 접수
- 접수처 : 대구광역시 달서구 성서공단로 46-17(대천동) 대구테크노파크 신기술산업지원센터 2동 401호
- 펙스 : 053-593-9133
- 이메일 : shadawn@naver.com
※ 팩스 또는 이메일 신청 시 접수 여부 유선 확인(053-593-9132) 필수",https://www.bizinfo.go.kr/sii/siia/selectSIIA200Detail.do?pblancId=PBLN_000000000125848,main,primary,대구2026년대구식품산업인재양성및마케팅지원사업국내식품박람회제26회대구국제식품산업전대구식품협회공동부스참가업체모집공고,대구식품협회,2026-08-24~2026-09-10,내수,오프라인
biz,PBLN_000000000125847,[전북] 2026년 식품기업 창업프로그램 지원사업 스마트 푸드테크 LAB 현장애로 해결 자문 프로그램 참여기업 모집 공고,"전북바이오융합산업진흥원에서는「식품기업 창업프로그램 지원사업」의 일환으로, 수혜기업의 역량강화 및 현장애로 해결을 위해 아래와 같이 자문 프로그램을 지원하오니 관심 있는 기업 많은 참여 바랍니다.
☞ 2026년 식품기업 창업프로그램 지원사업 수혜기업
☞ 지원한도 기업당 최대 3회 지원 
- 기업 희망, 애로발생 분야의 전문가 발굴 및 매칭 지원
- 기업의 투자유치 및 경쟁력 강화 해법 제시를 위한 전문가 자문지원
- 모의심사ㆍ평가를 통한 현장 취약 요인 진단 및 개선방안 제시 지원",경영,전북바이오융합산업진흥원,전북특별자치도,중소기업,중소기업,,,,,,,컨설팅,예산 소진시까지,,,"이메일 접수(jin1968@jif.re.kr)
※ 이메일 접수 후 담당자 유선 확인 필수","이메일 접수(jin1968@jif.re.kr)
※ 이메일 접수 후 담당자 유선 확인 필수",https://www.bizinfo.go.kr/sii/siia/selectSIIA200Detail.do?pblancId=PBLN_000000000125847,main,primary,전북2026년식품기업창업프로그램지원사업스마트푸드테크lab현장애로해결자문프로그램참여기업모집공고,전북바이오융합산업진흥원,예산 소진시까지~,경영,컨설팅
biz,PBLN_000000000125846,[경북] 2026년 3차 규제샌드박스 지원사업 지원기업 모집 공고,"경상북도와 경북테크노파크는 경북 기업의 규제샌드박스 제도 활용을 독려하고 혁신성장을 지원하기 위해 「2026년 경상북도 규제샌드박스 지원사업」 지원기업을 모집하오니 참여를 희망하는 기업의 많은 신청 바랍니다.
☞ 경북 소재 중소ㆍ중견기업(본사ㆍ지사ㆍ공장ㆍ연구소 소재) 중 규제샌드박스 신청을 희망하거나 실증특례 승인 후 실증 지원을 희망하는 기업
☞ 규제샌드박스 상담, 실증 지원
※ 자세한 지원내용 공고문 참조",기술,경북테크노파크,경상북도,중소기업,중소기업,,,,,,,기술사업화/이전/지도,2026-08-25,2026-09-02,,"이메일, 온라인 접수
- 규제샌드박스 상담 : sgs123@gbtp.or.kr
- 실증 지원 : 경북테크노파크","이메일, 온라인 접수
- 규제샌드박스 상담 : sgs123@gbtp.or.kr
- 실증 지원 : 경북테크노파크",https://www.bizinfo.go.kr/sii/siia/selectSIIA200Detail.do?pblancId=PBLN_000000000125846,main,primary,경북2026년3차규제샌드박스지원사업지원기업모집공고,경북테크노파크,2026-08-25~2026-09-02,기술,기술사업화/이전/지도
biz,PBLN_000000000125845,[충남] 공주시 2026년 착한가격업소 소규모 시설개선 지원사업 공고,"「공주시 지방보조금 관리조례」제16조에 따라「2026년 착한가격업소 소규모 시설개선 지원사업」을 아래와 같이 공고합니다.
☞ 관내 착한가격업소
☞ 소규모 인테리어, 간판 교체 등(업소당 최대 5,000,000원) 지원",경영,기초자치단체,충청남도,중소기업,중소기업,,,,,,,시설/입지지원,2026-09-09,2026-09-11,,"방문 접수
- 접수처 : 충남 공주시 봉황1로, 공주시청 별관 2층 경제과","방문 접수
- 접수처 : 충남 공주시 봉황1로, 공주시청 별관 2층 경제과",https://www.bizinfo.go.kr/sii/siia/selectSIIA200Detail.do?pblancId=PBLN_000000000125845,main,primary,충남공주시2026년착한가격업소소규모시설개선지원사업공고,기초자치단체,2026-09-09~2026-09-11,경영,시설/입지지원
biz,PBLN_000000000125844,[충북] 2026년 지역혁신클러스터육성사업 기업 맞춤형 지원 프로그램 수혜기업 모집 통합 공고,"지역혁신클러스터 지구ㆍ지번 내에 소재한 「지능형 첨단부품」산업 영위기업을 대상으로 연구개발 과제의 성과확산과 문제 해결을 위해 다음과 같이 기업지원 사업을 공고하오니 지원을 희망하는 기업은 절차에 따라 신청하여 주시기 바랍니다.
☞ 공고일 현재 다음 각 호의 요건을 모두 충족하는 영리기업
① 충북 지역혁신융복합단지 지정지구(이하 “지정지구”) 내에 본사, 지사, 공장, 연구소 등의 사업장을 1개 이상 보유한 기업
② 한국표준산업분류(KSIC) 세세분류 중 하나에 해당하는 기업
※ 자세한 지원대상 공고문 참조
☞ R&D PULL-UP 지원(성과확산형) 기업당 최대 30,000천원, 수요맞춤형 찾아가는 컨설팅(문제해결형) 기업당 최대 10,000천원 지원
※ 자세한 지원내용 공고문 참조",경영,충북지역산업진흥원,충청북도,중소기업,중소기업,,,,,,,디자인/상품화/사업화,2026-09-02,2026-09-09,,온라인 접수 (지역산업진흥원 사업관리시스템),온라인 접수 (지역산업진흥원 사업관리시스템),https://www.bizinfo.go.kr/sii/siia/selectSIIA200Detail.do?pblancId=PBLN_000000000125844,main,primary,충북2026년지역혁신클러스터육성사업기업맞춤형지원프로그램수혜기업모집통합공고,충북지역산업진흥원,2026-09-02~2026-09-09,경영,디자인/상품화/사업화
biz,PBLN_000000000125843,[전북] 2026년 사회적경제 제품경쟁력 강화 지원사업 모집 공고,"전북특별자치도와 전북특별자치도경제통상진흥원은 사회적경제기업의 시장경쟁력 확보를 위한 제품 경쟁력 제고 및 민간시장 판로 확보를 위해 「2026년 사회적경제 제품경쟁력 강화 지원사업」에 참여기업을 아래와 같이 모집하오니 많은 관심과 참여 바랍니다.
☞ 전북특별자치도 소재 사회적경제기업
☞ 패키지 개발, 제품 인증(기업당 최대 3,500천원 지원)
- 패키지 개발 : 제품 품질 및 상품성 고도화, 브랜드 네이밍, 통합 디자인 개발, 친환경 및 기능성 포장재 및 구조개선 등
- 제품 인증 : HACCP, 중금속 검사, 잔류농약 검사, 미생물 검사, 영양성분 검사 등",기술,전북특별자치도경제통상진흥원,전북특별자치도,사회적기업,사회적기업,,,,,,,기술사업화/이전/지도,2026-08-24,2026-09-07,,온라인 접수 (전북특별자치도 중소기업종합지원시스템),온라인 접수 (전북특별자치도 중소기업종합지원시스템),https://www.bizinfo.go.kr/sii/siia/selectSIIA200Detail.do?pblancId=PBLN_000000000125843,main,primary,전북2026년사회적경제제품경쟁력강화지원사업모집공고,전북특별자치도경제통상진흥원,2026-08-24~2026-09-07,기술,기술사업화/이전/지도
biz,PBLN_000000000125842,2026년 권역별 선도서점 육성 사업 컨설팅(경영ㆍ마케팅ㆍ디지털) 참여서점 모집 공고,"지역서점의 경쟁력을 강화하여 서점이 지역사회와 긴밀하게 연결된 독서 문화 공간으로 자리 잡을 수 있도록「2026년 권역별 선도서점 육성 사업 컨설팅 참여서점 모집」을 다음과 같이 공고합니다. 지역서점 관계자 여러분의 많은 관심과 참여를 부탁드립니다.
☞ 아래 2가지 조건 모두 충족
① 「출판문화산업 진흥법」제7조의2에 따른 지역서점의 요건을 갖추고, 정상적으로 영업 중인 오프라인 매장 서점
② e나라도움 사용가능 서점
☞ 선도서점 아카데미(공통 교육과정, Track1)와 심화 컨설팅(Track2) 지원
※ 자세한 지원내용 공고문 참조",경영,한국출판문화산업진흥원,전국,중소기업,중소기업,,,,,,,컨설팅,지원분야별 상이,,,"온라인 접수
- 선도서점 아카데미(공통 교육과정, Track1) : 구글폼
- 심화 컨설팅(Track2) : 서점 ON(https://bookshop.or.kr/home/bbs/20017/boardView.do?idx=3229)","온라인 접수
- 선도서점 아카데미(공통 교육과정, Track1) : 구글폼
- 심화 컨설팅(Track2) : 서점 ON(https://bookshop.or.kr/home/bbs/20017/boardView.do?idx=3229)",https://www.bizinfo.go.kr/sii/siia/selectSIIA200Detail.do?pblancId=PBLN_000000000125842,main,primary,2026년권역별선도서점육성사업컨설팅경영ㆍ마케팅ㆍ디지털참여서점모집공고,한국출판문화산업진흥원,지원분야별 상이~,경영,컨설팅
biz,PBLN_000000000125841,[충남] 서천군 2026년 5차 지역특화 농특산물 가공 및 유통시설 지원사업 신청 공고,"「서천군 지방보조금 관리 조례」 제4조에 따라 2026년 지역특화 농특산물 가공 및 유통시설 지원사업(5차) 신청을 다음과 같이 공고합니다.
☞ 공고일 기준으로 서천군에 주소를 둔 지역산 농산물의 전처리 또는 가공 등을 통해 유통하는 농업법인 및 생산자 단체 등
☞ 기계설비 및 가공시설, 저온유통시설 등(개소당 지원한도 100~300백만원) 지원",경영,기초자치단체,충청남도,중소기업,중소기업,,,,,,,시설/입지지원,2026-08-18,2026-09-11,,"방문 접수
- 접수처 : 서천군농업기술센터 농업정책과 농산물유통팀","방문 접수
- 접수처 : 서천군농업기술센터 농업정책과 농산물유통팀",https://www.bizinfo.go.kr/sii/siia/selectSIIA200Detail.do?pblancId=PBLN_000000000125841,main,primary,충남서천군2026년5차지역특화농특산물가공및유통시설지원사업신청공고,기초자치단체,2026-08-18~2026-09-11,경영,시설/입지지원
biz,PBLN_000000000125839,[충남] 당진시 2026년 사회적경제기업 시설장비 지원사업 공고,"「사회적기업육성법」제11조,「충청남도 사회적경제 육성지원에 관한 조례」제5조 및「당진시 사회적경제 육성지원에 관한 조례」제16조에 의거 2026년 당진시 사회적경제 시설장비 지원사업 참여기업을 다음과 같이 모집 공고합니다. 
☞ 당진시 소재 사회적경제기업
※ (예비)사회적기업, 마을기업, 협동조합(사회적O/일반X) 등
☞ 사회적경제기업의 사업유형 및 사업내용 범위 내에서 생산ㆍ판매ㆍ용역활동과 관련이 있는 신규(노후) 시설ㆍ장비 구입(교체)비 지원
※ 자세한 지원내용 공고문 참조",경영,기초자치단체,충청남도,사회적기업,사회적기업,,,,,,,시설/입지지원,2026-08-24,2026-09-07,,"방문 접수
- 접수처 : 당진시 기업육성과 사회적경제팀","방문 접수
- 접수처 : 당진시 기업육성과 사회적경제팀",https://www.bizinfo.go.kr/sii/siia/selectSIIA200Detail.do?pblancId=PBLN_000000000125839,main,primary,충남당진시2026년사회적경제기업시설장비지원사업공고,기초자치단체,2026-08-24~2026-09-07,경영,시설/입지지원
biz,PBLN_000000000125838,[대구] QR 다국어 메뉴판 제작사업 참여 사업체 모집 공고,"대구광역시와 대구문화예술진흥원은 대구를 찾는 외국인 
관광객의 식음분야 메뉴 확인과 주문 편의성을 높이기 위해 「QR 다국어 
메뉴판 제작사업」을 아래와 같이 시행하오니 외국어 소통에 어려움을 겪는 사업주의 많은 관심과 참여를 바랍니다.
☞ 공고일 기준 사업자등록증 상 대구에 소재한 사업체
- 공고일 기준 최근 1년간 식품위생법 위반에 따른 영업정지 이상의 처분을 받은 이력이 없는 음식점
- 한식음식점업(일반음식점)(5611), 외국식 
음식점업(5612), 피자, 햄버거 및 치킨 전문점(5616),
 김밥 및 기타 간이 음식점업(5619), 커피전문점업(5621), 
 기타 비알코올 음료점업(5622), 기타 주점업(56219) 등 
식사 및 음료 판매업 (※ 2024년 제11차 한국표준산업분류(KSIC) 기준)
☞ QR 다국어 메뉴판, 주문ㆍ결제 시스템이 결합된 QR 메뉴판 설치 지원
- 매장별 5개 언어 메뉴판 무상 제작 지원
- 메뉴판 사용료 1년간 무상 지원 (설치일로부터 1년간)",경영,대구문화예술진흥원,대구광역시,중소기업,중소기업,,,,,,,시설/입지지원,모집 완료시까지,,,"온라인, 오프라인(우편 또는 방문) 접수
- 접수처 : (41920) 대구시 중구 달성로22길 31-12, 대구예술발전소 관광본부(5층)
- 온라인 : 구글폼","온라인, 오프라인(우편 또는 방문) 접수
- 접수처 : (41920) 대구시 중구 달성로22길 31-12, 대구예술발전소 관광본부(5층)
- 온라인 : 구글폼",https://www.bizinfo.go.kr/sii/siia/selectSIIA200Detail.do?pblancId=PBLN_000000000125838,main,primary,대구qr다국어메뉴판제작사업참여사업체모집공고,대구문화예술진흥원,모집 완료시까지~,경영,시설/입지지원
biz,PBLN_000000000125837,[대구] 2026년 지역현안 해결형 R&D 과제기획 및 지원사업 신규과제 공고,"지역 내 문제성ㆍ특수성ㆍ전략성이 반영된 지역현안 해결형 연구개발을 위하여 과학기술정보통신부와 대구광역시에서 지원하는「2026년 지역현안 해결형 R&D 과제기획 및 지원사업」을 다음과 같이 공고하오니, 대구지역 기업 및 대학, 연구기관의 많은 참여 바랍니다. 
☞ 사업 공고일 현재 대구지역 내 본사 및 사업장이 있는 기업, 대학, 연구기관, 혁신기관, 사회조직 등
☞ 지역 현안문제 해결 중심의 우수 과제 발굴·기획을 위한 기획 활동 지원 및 중앙정부 공모사업 수주를 위한 워킹그룹 운영 지원
- (과제기획) 중앙 및 지역 R&D과제발굴ㆍ기획에 필요한 기획연구회 운영 및 전문가 매칭에 필요한 예산 지원
- (기획지원) 기획과제의 문제해결형 R&D 수주를 위해 기획위원회 운영, 중앙부처 전문기관 전문가의 정부 추진 방향 컨설팅 및 의견수렴 등
- (사후지원) 지원종료 후 중앙부처 R&SD 등 관련 공모사업 대응 지원 등 지역 유치를 위한 후속지원",기술,대구테크노파크,대구광역시,중소기업,중소기업,,,,,,,공동기술개발,2026-08-25,2026-09-11,,이메일 접수(kei96306@dgtp.or.kr),이메일 접수(kei96306@dgtp.or.kr),https://www.bizinfo.go.kr/sii/siia/selectSIIA200Detail.do?pblancId=PBLN_000000000125837,main,primary,대구2026년지역현안해결형rd과제기획및지원사업신규과제공고,대구테크노파크,2026-08-25~2026-09-11,기술,공동기술개발
biz,PBLN_000000000125836,[서울] 강남구 2026년 하반기 중소기업육성기금 융자지원 계획 공고,"「서울특별시 강남구 중소기업 육성기금 설치 및 운용 조례」 및 동조례 시행규칙에 
따라 2026년 하반기 중소기업육성기금 융자지원 계획을 다음과 같이 공고합니다.
☞ 사업자등록 1년 경과(서류 접수일 기준)된 관내 중소기업 및 소상공인
- 은행 여신규정에 의한 담보(부동산 또는 신용보증서) 능력이 있는 자
☞ 중소기업 육성기금(법인사업자 융자한도 3억원 이내, 개인사업자 융자한도 1억원 이내) 지원
- 운전자금, 시설자금, 기술개발자금",자금,기초자치단체,서울특별시,중소기업,중소기업,,,,,,,융자,예산 소진시까지,,,"방문 접수
- 사업자별 취급점 공고문 참조
※ 자세한 신청방법 공고문 참조","방문 접수
- 사업자별 취급점 공고문 참조
※ 자세한 신청방법 공고문 참조",https://www.bizinfo.go.kr/sii/siia/selectSIIA200Detail.do?pblancId=PBLN_000000000125836,main,primary,서울강남구2026년하반기중소기업육성기금융자지원계획공고,기초자치단체,예산 소진시까지~,금융,융자
biz,PBLN_000000000125835,[충남] 2026년 4차 지역혁신클러스터육성(비R&D)사업 사업화 지원 수혜기업 추가모집 공고,"충남 수소에너지 기업의 역량 강화 및 성장잠재력 확보를 통해 산업경쟁력을 제고하고 생태계를 조성하고자, 수소 생산–저장ㆍ운송–충전–활용 전주기 밸류체인 기반의 수요맞춤형 사업화 지원사업을 다음과 같이 시행하오니 많은 관심과 참여를 바랍니다.
☞ 아래 각 호의 어느 하나에 해당하는 기업
- 충남 지역혁신융복합단지에 입주하고, 수소에너지산업 한국표준산업분류(KSIC)에 해당하는 기업
- 충남 기회발전특구 투자기업이고, 중부권 지역혁신클러스터 한국표준산업분류(KSIC)에 해당하는 기업
※ 자세한 지원대상 공고문 참조
☞ 기업당 최대 6,000만원 이내 지원(프로그램 2개까지 지원 가능)
- 특화산업(수소에너지) 분야 사업화 촉진 위한 시제품 제작, 제품고도화, 시험분석 및 인증, 특허, 마케팅, 국내외 전시회 등 지원",기술,충남테크노파크,충청남도,중소기업,중소기업,,,,,,,기술사업화/이전/지도,2026-08-25,2026-09-11,,온라인 접수 (충남지역혁신클러스터),온라인 접수 (충남지역혁신클러스터),https://www.bizinfo.go.kr/sii/siia/selectSIIA200Detail.do?pblancId=PBLN_000000000125835,main,primary,충남2026년4차지역혁신클러스터육성비rd사업사업화지원수혜기업추가모집공고,충남테크노파크,2026-08-25~2026-09-11,기술,기술사업화/이전/지도
biz,PBLN_000000000125834,[경북] 구미시 2026년 청년 정착 인턴십 지원사업 청년예비취업자 인턴십 참여기업 모집 공고,"지역 청년예비취업자를 대상으로 지역 기업에 실무 경험 및 취업 기회를 제공하고 직무 적응 지원을 통해 지역에 정착을 도모하는「2026년 구미 청년 정착 인턴십 지원사업」의 참여기업 및 인턴을 모집하오니 관심있는 기업과 지역 청년의 신청을 바랍니다.
☞ 공고일 현재 사업자등록증상 소재지가 구미시인 상시 근로자수 5인 이상 기업 또는 기관 중 다음 요건을 갖춘 곳
① 인턴 근무지를 구미시 관내 사업장으로 운영할 수 있는 기업/기관
② 인턴의 안전, 보건, 위생을 보장할 수 있는 기업/기관
③ 인턴 직무 지도 및 관리를 위한 기업 소속의 담당 멘토 배정 및 멘토링 활동이 가능한 기업/기관
④ 인턴십 진행을 위한 서류 제출 가능한 기업/기관(협약서, 고용계약서, 4대보험 가입확인서, 출근부, 만족도 조사 등 제출사항 이행)
☞ 구미 소재 기업의 관내 청년 인턴십 운영 지원
- 인턴십 운영비(월110만원/인), 사내 멘토 수당(월10만원/인), 인턴 근무 환경 개선 지원비(2000만원/인)",인력/일자리,구미전자정보기술원,경상북도,중소기업,"중소기업,청년",,,,,,,국내일반인력,2026-08-25,2026-11-30,,이메일 접수(jieun36@geri.re.kr),이메일 접수(jieun36@geri.re.kr),https://www.bizinfo.go.kr/sii/siia/selectSIIA200Detail.do?pblancId=PBLN_000000000125834,main,primary,경북구미시2026년청년정착인턴십지원사업청년예비취업자인턴십참여기업모집공고,구미전자정보기술원,2026-08-25~2026-11-30,인력,국내일반인력
biz,PBLN_000000000125833,[충남] 규제자유특구혁신사업육성 사업화지원 9차(그린암모니아 발전) 사업화지원(기업지원) 프로그램 기업지원 모집 공고(상용화 및 판로개척 지원),"충남테크노파크는 암모니아 직접연료 활용을 위한 생산, 운송, 저장 서비스의 상용화 지원을 목표로「규제자유특구혁신사업육성」사업의 충남 그린암모니아 특구 특구사업자 규제특례 적용 기술사업화를 위한 기업지원 프로그램을 안내하오니, 해당 프로그램에 참여를 희망하는 규제자유특구계획에 포함된 특구사업자 기업의 많은 참여바랍니다.
☞ 충청남도 규제자유특구 내 그린암모니아발전 지정 사업자
※ 지역특구법 제86조 제4항에 따라 실증특례확인서 또는 임시허가를 부여받아 실증을 하려는 특구사업자(특구계획에 포함, 실증특례확인서 발급, 특구內 소재기업)
☞ 기업당 85,000천원 이내 지원
- 상용화(시제품, 기술자문, 기술이전), 판로개척(특허출원 및 등록, 시장성분석, 마케팅)
※ 자세한 지원내용 공고문 참조",기술,충남테크노파크,충청남도,중소기업,중소기업,,,,,,,기술사업화/이전/지도,2026-08-24,2026-09-04,,이메일 접수 (jeong_hun@ctp.or.kr),이메일 접수 (jeong_hun@ctp.or.kr),https://www.bizinfo.go.kr/sii/siia/selectSIIA200Detail.do?pblancId=PBLN_000000000125833,main,primary,충남규제자유특구혁신사업육성사업화지원9차그린암모니아발전사업화지원기업지원프로그램기업지원모집공고상용화및판로개척지원,충남테크노파크,2026-08-24~2026-09-04,기술,기술사업화/이전/지도
biz,PBLN_000000000125832,[인천] 2026년 국방기술진흥연구소 인천국방벤처센터 협약기업 모집 공고,"국방 기술기획ㆍ관리ㆍ평가, 방위산업육성을 통한 수출지원 업무를 수행하고 있는 국방기술진흥연구소는 인천광역시, 인천테크노파크, 항공우주산학융합원과 협력하여 지역 소재 중소ㆍ벤처기업의 국방시장 진출 및 육성을 위해 2026년 2월부터 인천국방벤처센터를 운영 중에 있습니다. 이에 따라 국방사업 참여를 희망하는 인천광역시 소재 유망 중소ㆍ벤처기업을 대상으로 인천국방벤처센터 협약기업을 다음과 같이 모집하오니 많은 관심과 참여 바랍니다.
☞ 인천시에 소재(본사, 기업부설연구소, 공장 또는 사업장)한 중소ㆍ벤처기업으로 국방 분야에 적용 가능한 기술 및 제품을 보유하고 군사업화를 준비 중이거나 희망하는 기업
☞ 군사업화 과제 발굴, 기술개발 및 시험평가 지원 등 전반적인 국방사업화 지원
- 국방기술진흥연구소 및 외부 전문기술인력을 활용한 기술지원
- 개발기술ㆍ제품에 대한 수출상담 지원 및 홍보, 전시회 참여 등 마케팅 지원  
- 정부기관 또는 연구기관에서 공모하는 개발사업 안내 및 개발신청 지원 
- 국방 관련 정보제공 등",기술,국방기술진흥연구소,인천광역시,중소기업,중소기업,,,,,,,기술사업화/이전/지도,2026-09-14,2026-09-22,,이메일 접수(lgh1221@krit.re.kr),이메일 접수(lgh1221@krit.re.kr),https://www.bizinfo.go.kr/sii/siia/selectSIIA200Detail.do?pblancId=PBLN_000000000125832,main,primary,인천2026년국방기술진흥연구소인천국방벤처센터협약기업모집공고,국방기술진흥연구소,2026-09-14~2026-09-22,기술,기술사업화/이전/지도
kst,179112,"하드웨어 제조 고민, 현직 엔지니어가 1:1 무료 진단합니다.","인탑스 주식회사는 모바일, 자동차, 가전, 의료기기, 로봇 등 다양한 분야의 부품과 완제품을 제조하는 글로벌 전문 기업입니다.
풍부한 CMF 경험을 바탕으로 플라스틱 사출, 금속 표면처리, 패브릭 및 복합 소재 활용, 초경도·박막 코팅 등 다양한 기술을 제공하여 고객이 창의적인 제품을 디자인하고 생산할 수 있도록 지원합니다. 삼성전자, 현대차그룹, 베어로보틱스, KT 등 국내외 주요 기업과 협력해 온 45년 경력의 제조 파트너로 디자인부터 설계, 양산까지 이어지는 원스톱 제조 시스템을 갖추고 있습니다.
인탑스가 운영하는 '페이퍼프로그램’은 하드웨어 스타트업의 아이디어가 성공적인 제품으로 양산될 수 있도록 돕는 제조사 주도 성장 파트너입니다.
반세기 가까이 축적된 인탑스의 제조 노하우와 현직 전문가의 밀착 멘토링을 통해 기획부터 양산까지 완벽한 제품화를 지원합니다.
페이퍼프로그램에서 현직 전문가와 함께하는 '코칭데이'를 개최합니다. 
150건 이상의 컨설팅 경험을 통해 축적된 인사이트로 개별 제품을 정확히 진단하며, 단순한 양산 검토를 넘어 비즈니스 스케일업까지 아우르는 밀착 멘토링을 통해 스타트업의 막막한 제조 고민을 해결해 드립니다.",교육/멘토링,민간,전국,"일반인,대학,연구기관,일반기업,1인 창조기업","기업,누구나,초기창업기업","만 20세 이상 ~ 만 39세 이하,만 40세 이상",,,"국내외 중소벤처기업 , 제품 관련 제조 컨설팅이 필요한 전 분야 스타트업",,"3년미만,5년미만,7년미만,10년미만",멘토링ㆍ컨설팅ㆍ교육,20260901,20260927,,,온라인 접수: https://paper-program.com/program-coachingday?utm_source=startupsite&utm_medium=kstartup&utm_campaign=coaching2609,https://www.k-startup.go.kr/web/contents/bizpbanc-ongoing.do?schM=view&pbancSn=179112,main,primary,하드웨어제조고민현직엔지니어가11무료진단합니다,민간,20260901~20260927,멘토링ㆍ컨설팅ㆍ교육,멘토링ㆍ컨설팅ㆍ교육
kst,179110,2026년 한국공항공사 상생형 창업·벤처 기업지원 프로그램,"한국공항공사는 한국표준협회, 대·중소기업농어업협력재단과 국토교통, 항공분야 우수 창업·벤처기업 발굴 및 아이디어 사업화, 판로확대 등을 위한 사업화 자금지원을 통해 선순환적 창업생태계 조성하고자 다음과 같이 지원 프로그램을 공고하오니 관련 기업의 많은 참여 바랍니다.",창업,민간,전국,"청소년,대학생,일반인,대학,연구기관,일반기업,1인 창조기업","기업,누구나,청년,초기창업기업","만 20세 미만,만 20세 이상 ~ 만 39세 이하,만 40세 이상",,,"① 창업기업 : 「중소기업기본법」제2조 제1항에 따른 중소기업이면서, 「중소기업창업 지원법」제2조에 따른 창업 7년 이내 창업기업
② 벤처기업 : 「중소기업기본법」제2조 제1항에 따른 중소기업이면서, 「벤처기업육성에 관한 특별법」제2조의2를 만족하는 벤처기업",,"1년미만,2년미만,3년미만,5년미만,7년미만,10년미만",사업화,20260831,20260911,,,온라인 접수: https://forms.gle/Uv7dRS7j6mCuwass8,https://www.k-startup.go.kr/web/contents/bizpbanc-ongoing.do?schM=view&pbancSn=179110,main,primary,2026년한국공항공사상생형창업벤처기업지원프로그램,민간,20260831~20260911,사업화,사업화
kst,179109,2026 광명시 기업박람회 (GM TECH EXPO 2026) 참여기업 모집 공고,"광명시는 기업의 혁신과 성장을 지원하고, 시민이 미래산업과 첨단기술을 직접 체감할 수 있는 상호 성장의 장인 「광명시 기업박람회(GM TECH EXPO 2026)」에 참여할 기업을 모집하오니 참가를 희망하는 관내・외 기업의 많은 참여 바랍니다.",행사/네트워크,민간,경기도,"청소년,대학생,일반인,대학,연구기관,일반기업,1인 창조기업","기업,누구나,청년,초기창업기업","만 20세 미만,만 20세 이상 ~ 만 39세 이하,만 40세 이상",,,30개사 내외 (관내기업 24개사 내외 / 관외기업 6개사 내외),,"예비창업자,1년미만,2년미만,3년미만,5년미만,7년미만,10년미만",행사ㆍ네트워크,20260825,20260922,,,이메일 접수: eklee90@korea.kr,https://www.k-startup.go.kr/web/contents/bizpbanc-ongoing.do?schM=view&pbancSn=179109,main,primary,2026광명시기업박람회gmtechexpo2026참여기업모집공고,민간,20260825~20260922,행사ㆍ네트워크,행사ㆍ네트워크
kst,179107,IP 디딤돌 프로그램,"서울지식재산센터에서 IP창업존 33기 교육생을 모집합니다.
「서울지식재산센터」는 서울특별시 출연기관 서울경제진흥원(SBA)이 운영하는 지식재산처 지정 지역지식재산센터로, 서울 시민과 기업의 지식재산 창출·보호·활용을 지원합니다.
「서울지식재산센터」는 매년 서울 시민 및 예비창업자를 대상으로 「IP창업존」을 운영하여 창업 아이디어 발상부터 지식재산 권리화, 사업화 전략, 비즈니스 모델 수립까지 아우르는 창업 실무 교육을 제공을 통해 서울 창업생태계 활성화에 기여하고자 합니다. 서울 소재 예비/초기 창업자 여러분의 많은 성원 바랍니다.
※ 본 과정 수료 시 IP디딤돌프로그램 자부담금 환급 혜택을 드립니다(상세 지원 요건 공고문 참고).
※ IP창업존은 연간 총 3회 진행되며, 본 기수 참가가 어려우신 경우 3차 모집에 지원하여 주시기 바랍니다(10~11월 중, 상세 일정 서울지식재산센터 홈페이지(ipseoul.kr) 공지).",교육/멘토링,공공기관,서울특별시,"청소년,대학생,일반인,대학,연구기관,일반기업,1인 창조기업","기업,누구나,청년,초기창업기업","만 20세 미만,만 20세 이상 ~ 만 39세 이하,만 40세 이상",,,"서울 소재 예비/초기 창업자, 기술 기반 창업을 희망하는 서울 시민 누구나
※ 거주지·사업장·소속 학교가 서울 소재인 경우만 지원가능

거주지·사업장·소속 학교 모두 서울 외 지역에 소재한 경우",,"예비창업자,1년미만,2년미만,3년미만,5년미만,7년미만,10년미만",멘토링ㆍ컨설팅ㆍ교육,20260825,20260904,,,온라인 접수: www.sba.seoul.kr/Pages/BusinessApply/PostingDetail.aspx?p=1&mid=b2503811-5f9f-f111-b404-d4f5ef4a1e33,https://www.k-startup.go.kr/web/contents/bizpbanc-ongoing.do?schM=view&pbancSn=179107,main,primary,ip디딤돌프로그램,공공기관,20260825~20260904,멘토링ㆍ컨설팅ㆍ교육,멘토링ㆍ컨설팅ㆍ교육
kst,179105,(창업공모전) 2026 여성벤처 성장 챌린지 참가자 모집 공고,"우수한 창업 아이디어를 보유한 여성 (예비)창업자의 창업도전을 
응원하고 지원하는 「2026 여성벤처 성장 챌린지」창업 공모전을 개최하오니 
관심있는 분들의 많은 참여 바랍니다.",창업,민간,전국,"청소년,대학생,일반인,대학,연구기관,일반기업,1인 창조기업","기업,누구나,여성,예비창업자,청년,초기창업기업","만 20세 미만,만 20세 이상 ~ 만 39세 이하,만 40세 이상",,,"모집 공고일(&apos;26.9.1) 기준, 사업자 등록을 하지 않은 여성 예비창업자 및 창업 6개월 미만의 여성 대표자

공고문 2p &apos;참가 제외 대상&apos; 참조",,"예비창업자,1년미만",사업화,20260901,20260930,,,이메일 접수: kovwabiz@naver.com,https://www.k-startup.go.kr/web/contents/bizpbanc-ongoing.do?schM=view&pbancSn=179105,main,primary,창업공모전2026여성벤처성장챌린지참가자모집공고,민간,20260901~20260930,사업화,사업화
kst,179104,인천스타트업파크 부스트 스타트업 SCEWC 2026 참가기업 모집공고,인천테크노파크는 스페인 바르셀로나에서 개최되는 2026 스마트시티 엑스포 월드 콩그레스(SCEWC) 인천스타트업파크관 참가기업을 모집합니다. 글로벌 스마트시티 시장 진출과 해외 투자자 및 기업·기관과의 비즈니스 기회 확대를 희망하는 인천 소재 스타트업의 많은 관심과 적극적인 신청 바랍니다.,판로/수출,공공기관,인천광역시,일반기업,"기업,스타트업","만 20세 미만,만 20세 이상 ~ 만 39세 이하,만 40세 이상",,,"o 글로벌 진출역량과 의사가 있고, 상용화 가능한 제품이나 서비스를 보유하고 있는 4차산업·바이오융합 분야의 스타트업
    ※ 출장자 중 최소 1인 이상 영어 능통자를 보유하여야 함

o 공고 마감일을 기준으로 창업 7년 이내 인천 본사/공장/연구소 기업
   (중소기업창업 지원법에 의거 신산업 창업 분야는 10년까지 신청 가능)

o 아래의 제한요건에 해당하지 않는 기업(공고 마감일 기준)
  - 국세 및 지방세 체납 이력이 없고 해외출국에 결격 사유가 없는 기업
  - 인천스타트업파크 프로그램 참여 제한 이력이 없는 기업",,"7년미만,10년미만",글로벌,20260901,20260921,,,온라인 접수: www.startuppark.kr/main/business/view.do?sq=421&TP=modify&search=,https://www.k-startup.go.kr/web/contents/bizpbanc-ongoing.do?schM=view&pbancSn=179104,main,primary,인천스타트업파크부스트스타트업scewc2026참가기업모집공고,공공기관,20260901~20260921,글로벌,글로벌
kst,179102,2026년 세종특별자치시 나성동 AI융합창업보육센터 3차 입주기업(인큐베이팅룸) 모집 공고,"세종특별자치시와 (재)세종창조경제혁신센터는 신도심(나성동) 내 ICT 기술창업 거점을 마련하고 초기 창업기업의 안정적인 성장을 지원하기 위해「나성동 창업보육센터」인큐베이팅룸에 입주할 기업을 다음과 같이 모집하오니, 역량 있는 예비창업자 및 창업기업의 많은 관심과 참여 바랍니다.",시설/공간,공공기관,세종특별자치시,"일반기업,1인 창조기업","기업,예비창업자,초기창업기업","만 20세 이상 ~ 만 39세 이하,만 40세 이상",,,"◦ 예비창업자
- 단, 최종 선정 시 입주 개시일로부터 6개월 이내에 본 센터로 사업자등록 필수

◦ 업력 7년 이내(공고일 기준 )의 스타트업
- 타 시·도 소재 기업의 경우, 선정 시 입주 개시일로부터 3개월 이내에 세종시 관내(본 센터)로 본사 혹은 기업부설연구소(연구개발전담부서 포함) 소재지 이전 필수

◦ 세종시 관내 타 창업 지원기관 입주자 지원 불가(세종창업빌, 세종창업키움센터, 세종테크노파크 등)
※ 단, 기존 플랫폼 계약종료 3개월 전부터 지원 가능
◦「산업집적활성화 및 공장설립에 관한 법률」에 따른 제한 업종
◦「대기환경보전법」에 의한 특정대기유해물질,「물환경보전법」에 의한 특정수질유해물질,
◦「악취방지법」에 의한 악취물질 배출이 예상되는 업종
◦「위험물관리법」에 의한 위험물을 저장ㆍ취급하는 업종
◦ 금융기관으로부터 불량거래자로 규제 중인 사업자
◦ 소음, 진동 등 공해 다발업종
◦ 휴·폐업중인 사업자
◦ 그밖에 평가를 통해 센터 입주에 부적합하다고 판단 되는 자",,"예비창업자,1년미만,2년미만,3년미만,5년미만,7년미만",시설ㆍ공간ㆍ보육,20260901,20260911,,,이메일 접수: jobs2030@ccei.kr,https://www.k-startup.go.kr/web/contents/bizpbanc-ongoing.do?schM=view&pbancSn=179102,main,primary,2026년세종특별자치시나성동ai융합창업보육센터3차입주기업인큐베이팅룸모집공고,공공기관,20260901~20260911,시설ㆍ공간ㆍ보육,시설ㆍ공간ㆍ보육
kst,179100,고려대기술지주(주) 판교인큐베이팅센터 입주기업 모집공고,"고려대학교기술지주는 판교지역에 신규 보육공간을 확보하고, 우수 기업의 입주 및 성장을 지원하고자 입주기업을 모집합니다.
입주기업에는 공간 제공과 더불어 창업·사업화·투자연계 등 고려대학교기술지주의 보육 역량을 활용한 성장 지원이 제공될 예정이오니, 관심 있는 기업의 많은 신청 바랍니다.",시설/공간,민간,전국,"청소년,대학생,일반인,대학,연구기관,일반기업,1인 창조기업","기업,누구나,청년,초기창업기업","만 20세 미만,만 20세 이상 ~ 만 39세 이하,만 40세 이상",,,"공고일 기준 사업자등록이 되어 있는 개인사업자 또는 법인사업자
- 우대사항 : 법인설립 7년 이내 창업자 / TIPS(민간투자주도형 기술창업지원사업) 선정 기업",,"예비창업자,1년미만,2년미만,3년미만,5년미만,7년미만,10년미만",시설ㆍ공간ㆍ보육,20260901,20260911,,,이메일 접수: ski682@korea.ac.kr,https://www.k-startup.go.kr/web/contents/bizpbanc-ongoing.do?schM=view&pbancSn=179100,main,primary,고려대기술지주주판교인큐베이팅센터입주기업모집공고,민간,20260901~20260911,시설ㆍ공간ㆍ보육,시설ㆍ공간ㆍ보육
kst,179098,연구개발특구진흥재단 X 현대차증권 Corporate Venture Connect 오픈이노베이션 배치프로그램 참가기업 모집공고,"특구 내 유망 기술·기업을 발굴하여 투자역량을 강화하고, 현대차증권과의 투자 가능성 및 현대차그룹 현업 적용 가능성을 검토하고자 「연구개발특구진흥재단×현대차증권 Corporate Venture Connect 오픈이노베이션 배치프로그램」 참가기업을 모집합니다.",행사/네트워크,민간,전국,"대학생,일반인,일반기업,1인 창조기업","기업,누구나,청년,초기창업기업","만 20세 이상 ~ 만 39세 이하,만 40세 이상",,,"연구소기업, 첨단기술기업 등 全특구 소재 기업* 
* 신청일 기준 연구개발특구(본사, 지사, 기업부설연구소, 공장 등) 내 소재기업",,"예비창업자,1년미만,2년미만,3년미만,5년미만,7년미만,10년미만",행사ㆍ네트워크,20260901,20260925,,,"온라인 접수: https://forms.gle/FLE3mJnzU8KEepVm6
이메일 접수: hmsec-oi@betalab.ac",https://www.k-startup.go.kr/web/contents/bizpbanc-ongoing.do?schM=view&pbancSn=179098,main,primary,연구개발특구진흥재단x현대차증권corporateventureconnect오픈이노베이션배치프로그램참가기업모집공고,민간,20260901~20260925,행사ㆍ네트워크,행사ㆍ네트워크
kst,179097,창업보육센터및 기업 지원,"국립공주대학교 산학협력단(창업보육센터)에서는 기술집약형 중소기업의 창업 촉진을 위하여 우수한 기술력을 바탕으로 도전적이고 창의적인 입주기업을 모집하오니, 입주를 희망하시는 분들의 많은 지원 바랍니다.",시설/공간,교육기관,충청남도,"대학생,일반인","누구나,예비창업자,청년","만 20세 미만,만 20세 이상 ~ 만 39세 이하,만 40세 이상",,,"[ 예비창업자]
￭ 잠재력 높은 기술의 개발 단계에 있는 창업 준비자
￭ 기술적 아이디어를 바탕으로 구체적 사업화 목적이 있는 자
￭ 입주 후 3개월 이내 창업(사업자등록)이 가능한 자

[기창업자]
￭ 기술집약형 업종의 창업 기업으로 공고일 기준 업력 7년 이내의 기업
￭ 입주 확정 시 3개월 이내 본점 소재지 이전이 가능한 기업
※ 기업부설연구소 입주 가능(자격요건 관련 상세 내용 확인 필수)

[공통]
- 대학과의 산학협력을 통한 성장 가능성이 높은 예비창업자 또는 기업
- 창업보육센터 입주 확정 기업은 주사업장(본점)이 입주하여야 함
- 산학협력 공동연구 사업을 위한 기업부설연구소 입주 가능
※ 단, 연구소 입주 시 본사가 정부나 지자체에서 지원하는 공간에 입주하지 않아야 함
- 우대사항: 국립공주대학교 학생·교원창업자 / 지역주력산업 및 전･후방산업 분야* 등
* 충남 주력산업: (주축산업) 디스플레이부품장비, 탄소저감자동차부품, 고기능성그린바이오
(미래신산업) 수소연료전지 및 발전, 반도체첨단패키징

- 기업부설연구소 입주시 본사가 정부나 지자체 지원 공간에 입주한 경우
- 금융기관으로부터 채무불이행 및 국세·지방세 체납으로 규제 중인 자 또는 기업
- 폐수, 소음, 진동 등 공해 다발업종 영위 자
- 기타 운영위원회에서 부적당하다고 인정하는 자",,"예비창업자,7년미만",시설ㆍ공간ㆍ보육,20260831,20260914,,,이메일 접수: knubi@kongju.ac.kr,https://www.k-startup.go.kr/web/contents/bizpbanc-ongoing.do?schM=view&pbancSn=179097,main,primary,창업보육센터및기업지원,교육기관,20260831~20260914,시설ㆍ공간ㆍ보육,시설ㆍ공간ㆍ보육
kst,179096,메이커 스페이스,"동대문구 창업지원센터에서는 센터 입주기업과 일반인을 대상으로 3D프린터, 레이저커터 교육을 진행합니다",시설/공간,교육기관,전국,"청소년,대학생,일반인,대학,연구기관,일반기업,1인 창조기업","기업,누구나,청년,초기창업기업","만 20세 미만,만 20세 이상 ~ 만 39세 이하,만 40세 이상",,,3D프린터 또는 레이저커터에 관심있는 누구나,,"예비창업자,1년미만,2년미만,3년미만,5년미만,7년미만,10년미만",시설ㆍ공간ㆍ보육,20260831,20260930,,,온라인 접수: https://ddm.startup-plus.kr/board/B000165/7866,https://www.k-startup.go.kr/web/contents/bizpbanc-ongoing.do?schM=view&pbancSn=179096,main,primary,메이커스페이스,교육기관,20260831~20260930,시설ㆍ공간ㆍ보육,시설ㆍ공간ㆍ보육
kst,179095,2026 경기 고양 MICE 연계 창업리그 참가자 모집 공고 (모집기간 연장),"고양시 MICE 산업 창업활성화 및 일자리 창출 등 고용 촉진을 위한 「2026 경기 고양 MICE 연계 창업리그」 프로그램을 다음과 같이 공모하오니, 많은 관심과 참여바랍니다.",창업,민간,경기도,"청소년,대학생,일반인,대학,연구기관,일반기업,1인 창조기업","기업,누구나,예비창업자,청년,초기창업기업","만 20세 미만,만 20세 이상 ~ 만 39세 이하,만 40세 이상",,,"□ 신청자격: 전 일정 참가 가능한 예비창업자(팀) 또는 창업 3년 미만 초기 창업자
- 초기 창업자의 경우 공고일로부터 3년 이내의 창업기업
- 프로그램 이수 후 데모데이 우승 상위 3개 팀은 고양시 내 사업자등록 및 고양 MICE 육성센터 공유실 필수 입주하여야 함
(본점, 지점, 기업부설연구소/전담부서 모두 가능)

□ 모집분야: MICE 산업과 연계하여 확장시킬 수 있는 사업화 아이디어 또는 아이템

□ 참가제외
- 동일 아이디어(유사 아이디어 포함)으로 타 공모전 또는 창업경진대회에 입상한 자
- 타인의 특허, 실용신안 등 지식재산권을 침해하거나 침해할 우려가 있는 경우
- 중소기업창업 지원법 제3조에 따라 창업에서 제외되는 업종과 사행성 및 환경오염 유발 등 반사회적 성격의 아이템은 제외",,"예비창업자,1년미만,2년미만,3년미만",사업화,20260901,20260908,,,온라인 접수: https://korean.goyangcvb.com/News/?q=YToxOntzOjEyOiJrZXl3b3JkX3R5cGUiO3M6MzoiYWxsIjt9&bmode=view&idx=173102300&t=board,https://www.k-startup.go.kr/web/contents/bizpbanc-ongoing.do?schM=view&pbancSn=179095,main,primary,2026경기고양mice연계창업리그참가자모집공고모집기간연장,민간,20260901~20260908,사업화,사업화
kst,179094,2026 디캠프 배치 9기 모집 공고,"좋은 시작을 넘어 더 큰 성장으로.
IT 서비스·솔루션 스타트업의 다음 도약을 함께할 디캠프 배치 9기 참여 기업을 모집합니다.
제품·서비스 출시 후 본격적인 스케일업을 준비하고 있다면 디캠프 배치 9기와 함께하세요. 
선발 즉시 투자부터 1:1 코칭, 후속투자와 사업 기회 연결까지 스타트업의 성장 과제를 진단하고 다음 단계에 필요한 전략을 함께 설계하고 실행합니다.",교육/멘토링,민간,전국,"일반기업,1인 창조기업","기업,초기창업기업","만 20세 미만,만 20세 이상 ~ 만 39세 이하,만 40세 이상",,,"IT 서비스·솔루션 분야의 Pre-money Valuation 100억~300억 원 내외 스타트업

▪️ 제품·서비스 출시 후 본격적인 스케일업을 준비하는 팀
▪️ 투자 유치와 후속 성장의 다음 단계가 필요한 팀
▪️ 사업화 전략과 적절한 파트너 연결이 필요한 팀
▪️ 대·중견기업 및 공공기관과의 협업 기회를 넓히고 싶은 팀
▪️ 글로벌 진출을 본격적으로 검토하고 있는 팀

공고에 명시된 신청 대상 요건에 해당하지 않는 기업",,"예비창업자,1년미만,2년미만,3년미만,5년미만,7년미만,10년미만",멘토링ㆍ컨설팅ㆍ교육,20260831,20261014,,,온라인 접수: https://bit.ly/4ygo2dQ,https://www.k-startup.go.kr/web/contents/bizpbanc-ongoing.do?schM=view&pbancSn=179094,main,primary,2026디캠프배치9기모집공고,민간,20260831~20261014,멘토링ㆍ컨설팅ㆍ교육,멘토링ㆍ컨설팅ㆍ교육
kst,179093,2026년 06월 초기 창업기업 대상  벤처기업 인증 행정자문&전략 수립 기업모집,"혁신적인 기술과 아이디어를 보유한 초기 창업기업이 한 단계 더 성장할 수 있도록, 기업 진단과 맞춤형 벤처인증 자문을 지원하는 본 사업을 다음과 같이 안내드립니다.
참여를 희망하시는 기업 대표님께서는 아래 내용을 확인하신 후, 기한 내 신청해 주시기 바랍니다.",교육/멘토링,민간,전국,"청소년,대학생,일반인,대학,연구기관,일반기업,1인 창조기업","기업,누구나,청년,초기창업기업","만 20세 미만,만 20세 이상 ~ 만 39세 이하,만 40세 이상",,,"- 중소기업
- 벤처기업 인증을 준비 중이거나, 재도전이 필요한 기업 (신규 신청, 탈락 후 재신청, 유형 변경 등 포함)
- 투자유치, 정책자금, 기술보증, 정부 R&D 연계를 희망하는 기업
- 기업가치 제고 및 사업 구조 고도화가 필요한 기업",,"예비창업자,1년미만,2년미만,3년미만,5년미만,7년미만,10년미만",멘토링ㆍ컨설팅ㆍ교육,20260901,20260930,,,"온라인 접수: https://forms.gle/6zJAGVLzSTAif8aq9
이메일 접수: 950615jbp@gmail.com",https://www.k-startup.go.kr/web/contents/bizpbanc-ongoing.do?schM=view&pbancSn=179093,main,primary,2026년06월초기창업기업대상벤처기업인증행정자문전략수립기업모집,민간,20260901~20260930,멘토링ㆍ컨설팅ㆍ교육,멘토링ㆍ컨설팅ㆍ교육
kst,179091,<소셜벤처 프렙스쿨 14기>  사회연대경제기업 창업 육성 프로그램  참여기업 모집,"유원대학교 충남 앵커 사업단에서 비전웍스벤처스와 함께「소셜벤처 프렙스쿨 : 사회연대경제기업 창업 육성 프로그램」참여자를 모집합니다. 사회연대경제 조직(사회적기업, 소셜벤처, 임팩트 스타트업, 로컬벤처 등)창업 중인 예비·초기 창업자를 위한 창업 육성 프로그램을 제공합니다.",창업,민간,전국,"대학생,일반인,일반기업,1인 창조기업","기업,누구나,청년,초기창업기업","만 20세 미만,만 20세 이상 ~ 만 39세 이하,만 40세 이상",,,"① 지역·업종·연령 제한 없으며 누구나 지원 가능
② 예비 창업자(팀), 기창업자, 대학생, 일반인, 국내 거주 외국인 등
③ 단, 기창업 기업의 경우 공고일 기준 창업 7년 미만 기업
④ (우대) 아산시 창업 준비 예비 창업자/기창업자, 아산 소재 기업 등",,"예비창업자,7년미만",사업화,20260831,20260912,,,온라인 접수: https://forms.gle/fqm61YASJJ5eWcAE8,https://www.k-startup.go.kr/web/contents/bizpbanc-ongoing.do?schM=view&pbancSn=179091,main,primary,소셜벤처프렙스쿨14기사회연대경제기업창업육성프로그램참여기업모집,민간,20260831~20260912,사업화,사업화
kst,179090,28청춘창업소 운영,"고양특례시가 조성하고 고양산업진흥원이 운영하는 28청춘창업소에서는 초기창업기업의 성공적인 사업화와 창업 역량 강화를 지원하기 위해 「2026년 28청춘창업소 액셀러레이팅 창업 역량강화교육」 3차 교육생을 모집합니다.
사업 아이템을 구체화하고 투자 유치에 관심있는 초기 창업기업 여러분의 많은 관심과 참여를 바랍니다.",시설/공간,공공기관,경기도,"청소년,대학생,일반인","누구나,청년","만 20세 이상 ~ 만 39세 이하,만 40세 이상",,,고양시에 거주 또는 사업장을 두고 있는 초기창업기업,,"1년미만,2년미만,3년미만,5년미만",시설ㆍ공간ㆍ보육,20260901,20260913,,,온라인 접수: https://forms.gle/aZe5oqQdbreHR95f6,https://www.k-startup.go.kr/web/contents/bizpbanc-ongoing.do?schM=view&pbancSn=179090,main,primary,28청춘창업소운영,공공기관,20260901~20260913,시설ㆍ공간ㆍ보육,시설ㆍ공간ㆍ보육
kst,179087,2026년 한양대학교 ERICA 산학협력단지 입주기업 모집 공고,한양대학교 ERICA는 대학 내에 산학연협력 생태계 조성을 추진하기 위해 산학협력단지에 입주할 기업 및 연구소를 다음과 같이 모집합니다.,시설/공간,교육기관,전국,"대학생,일반인,대학,연구기관,일반기업,1인 창조기업","기업,누구나,청년,초기창업기업","만 20세 미만,만 20세 이상 ~ 만 39세 이하,만 40세 이상",,,"1. 입주자격
∘「산업집적활성화 및 공장설립에 관한 법률」 제28조의5, 동법 시행령 제6조, 제36조의4에 의한 입주자격을 갖추고 별도로 정한 입주업종을영위하는 자*
*한국표준산업분류, 사업자등록증 등을 기준으로 자격충족 여부 판단함
2. 창업기업(BI)
∘「중소기업창업 지원법」 제2조에 따라 중소기업을 창업하여 사업을 개시한 날부터 공고일(′25.12.02.) 현재 만 7년이 지나지 아니한 기업
3. 성장기업(POST-BI)
∘「중소기업창업 지원법」 제2조에 따라 중소기업을 창업하여 사업을 개시한 날부터 공고일(′25.12.02.) 현재 만 7년이 지난 기업
4. 입주가능업종 : 공고문 참조

기타 자세한 사항은 공고문 참조

【 제외대상 】 유치업종 중 아래와 같은 시설·공장은 입주 제한함
∘「대기환경보전법」제2조제9호에 따른 특정대기유해물질을 배출하는 대기오염물질배출시설∘「대기환경보전법」제2조제11호에 따른 대기오염물질배출시설을 설치하는 공장으로서 같은 법시행령 별표1의3의 1종 사업장부터 4종 사업장까지에 해당하는 공장
(다만, 같은 법 시행규칙 [별표3](대기오염물질배출시설) 중 폐수·폐기물처리시설 및 보일러·흡수식 냉·온수기시설에 한해 허용) ∘「물환경보전법」제2조제8호에 따른 특정수질유해물질을 배출하는 폐수배출시설
(다만, 「물환경보전법」시행규칙 [별표13](수질오염물질의 배출허용기준)의 물질 중, 「하수도법」
시행규칙 [별표1](공공하수처리시설 방류수수질기준)에서 정하는 물질(BOD, COD, SS, T-N,
T-P, 총대장균군수)의 경우, 「물환경보전법」시행규칙 [별표13] 제1호 다목 규정에 따라 ‘나’ 지역 기준으로 그 외 물질은 ‘가’ 지역 기준 이내로 1차 처리 후 연계 처리하거나 전량 위탁
처리하는 업체에 한해 허용) ∘「악취방취법」시행규칙 제3조에 따른 악취배출시설
∘「화학물질관리법」에 따른 유해화학물질 또는 폐기물관리법에 지정폐기물을 제조, 보관·저장하는 공장

기타 자세한 사항은 공고문 참조",,"1년미만,2년미만,3년미만,5년미만,7년미만,10년미만",시설ㆍ공간ㆍ보육,20260831,20260911,,,이메일 접수: ericcdanji@hanyang.ac.kr,https://www.k-startup.go.kr/web/contents/bizpbanc-ongoing.do?schM=view&pbancSn=179087,main,primary,2026년한양대학교erica산학협력단지입주기업모집공고,교육기관,20260831~20260911,시설ㆍ공간ㆍ보육,시설ㆍ공간ㆍ보육
kst,179086,2026년 대구콘텐츠코리아랩 콘텐츠 스타트업 글로벌 챌린지 참가기업 모집 공고,(재)대구디지털혁신진흥원에서 지역 내 우수 콘텐츠 기업 발굴 및 육성을 목적으로 '2026년 대구콘텐츠코리아랩 콘텐츠 스타트업 글로벌 챌린지' 참가기업을 모집 하오니 많은 관심과 참여 바랍니다.,교육/멘토링,공공기관,대구광역시,"일반인,일반기업","기업,누구나,스타트업",만 20세 이상 ~ 만 39세 이하,20,39,"글로벌 진출을 희망하는 3년 이내 대구시 콘텐츠 기업 또는 기존 대구콘텐츠코리아랩 창업 육성 지원사업 협약기업
(공고문을 통해 협약 관련 지원사업 확인 가능)

※ 게임, 출판, 영화, 디자인, 공예, 공연 등 문화예술 장르는 중복성을 고려하여 지원 제외
※ 신청과제 내용이 표절 및 타인의 작품을 모방하거나 타인의 저작권을 무단으로 침해한 경우
※ 지식재산권 등 관련 분쟁 등의 법률 위반 소지가 있는 경우
※ 정부 및 타 기관(DIP 포함) 참여제한으로 제재 중인 사업자
※ 국세, 지방세 체납자(기업 또는 대표자) 및 기술료 체납 해당 자 또는 기업
※ 대표자 및 참여인력이 성폭력 범죄 이력 또는 관련 판결을 받은 사실이 있는 경우(수사 진행 중 또는 기소 중 포함)
※ 금융기관으로부터 채무불이행으로 규제 중인 자
※ 기타 진흥원에서 참여제한 사유가 있다고 판단되는 경우",,3년미만,멘토링ㆍ컨설팅ㆍ교육,20260831,20260915,,,이메일 접수: dgckl@dip.or.kr,https://www.k-startup.go.kr/web/contents/bizpbanc-ongoing.do?schM=view&pbancSn=179086,main,primary,2026년대구콘텐츠코리아랩콘텐츠스타트업글로벌챌린지참가기업모집공고,공공기관,20260831~20260915,멘토링ㆍ컨설팅ㆍ교육,멘토링ㆍ컨설팅ㆍ교육
kst,179085,"출연연, 대학 연구소기업 Business Development 프로그램 참여 예비창업자 모집","공공 연구인프라를 통해 개발된 우수기술을 활용하여 연구소기업 설립을 희망하는 공공연구자를 모집합니다. 사업화 기술이 양산 및 사업화에 까지 걸리는 갭을 메우고, 인력과 시장을 연결하여 연구자의 기술사업화를 지원 합니다.",창업,공공기관,전국,"청소년,대학생,일반인,대학,연구기관,일반기업,1인 창조기업","기업,누구나,예비창업자,청년,초기창업기업","만 20세 미만,만 20세 이상 ~ 만 39세 이하,만 40세 이상",,,"1. 출연(연) 및 대학에 재직 중이며, 본인이 개발한 기술의 사업화를 희망하는 연구자
2. 대덕특구 내 연구소기업 희망 연구자",,"예비창업자,1년미만,2년미만,3년미만,5년미만,7년미만,10년미만",사업화,20260901,20260930,,,온라인 접수: https://forms.gle/AHixjAmgsRqnzTxt7,https://www.k-startup.go.kr/web/contents/bizpbanc-ongoing.do?schM=view&pbancSn=179085,main,primary,출연연대학연구소기업businessdevelopment프로그램참여예비창업자모집,공공기관,20260901~20260930,사업화,사업화
kst,179084,창업존,딥테크 분야의 글로벌 유망 스타트업을 집중 육성하기 위해 『판교 창업존』 신규 입주기업 및 투자사를 모집합니다. 관심 있는 창업기업 및 투자사의 많은 지원 바랍니다.,시설/공간,공공기관,경기도,"대학생,일반인,대학,연구기관,일반기업,1인 창조기업","기업,누구나,예비창업자,청년,초기창업기업","만 20세 미만,만 20세 이상 ~ 만 39세 이하,만 40세 이상",,,"입주기업 및 투자사·협력기관 16개사 내외

- 국내·외 예비창업자 및 창업 7년 이내 딥테크 창업기업
　※ 신산업 분야 창업기업은 창업 10년 이내 가능
- 초기 창업기업 투자 역량을 보유한 투자사
- 창업기업의 성장 및 사업화 지원이 가능한 협력기관

▣ 금융기관 등으로부터 채무불이행으로 규제중인 자 또는 기업
* 단, 신청 접수 마감일까지 채무변제 완료 후 증빙이 가능한 자(기업), 신용회복 위원회의 프리워크아웃, 개인워크아웃 제도에서 채무조정합의서를 체결한 경우, 법원의 개인회생제도에서 변제계획인가를 받거나 파산면책 선고자, 회생인가를 받은 기업, 중소 벤처기업진흥공단 등으로부터 재창업자금을 지원 받은 자(기업), 건강관리시스템 기업구조 개선진단을 통한 정상화 의결기업 등 정부·공공기관으로부터 재기지원 필요성을 인정받은 자(기업)는 신청(지원) 가능

▣ 국세 또는 지방세 체납으로 규제중인 자
* 단, 세금분납계획에 따른 성실납부기업 (체납처분유예신청), 신청 접수 마감일까지 국세, 지방세 등의 특수채무 변제 후 증빙이 가능한 자(기업), 중소벤처기업진흥공단 등으로부터 재창업 자금을 지원 받은 자(기업), 건강관리시스템 기업구조 개선진단을 통한 정상화 의결기업 등 정부·공공기관으로부터 재기지원 필요성을 인정받은 자(기업)는 신청 (지원) 가능

▣ 신청일 현재 휴업 중인 기업

▣ 중소기업창업지원법 시행령 제4조(창업에서 제외되는 업종)의 업종으로 본 사업에 신청하고자 자(기업)

▣ 기타 중소벤처기업부장관 · 창업진흥원장 및 경기창조경제혁신센터장이 참여제한의 사유가 있다고 인정하는 자(기업)",,"예비창업자,1년미만,2년미만,3년미만,5년미만,7년미만,10년미만",시설ㆍ공간ㆍ보육,20260831,20260914,,,온라인 접수: https://pangyozone.or.kr/usc/bbs/showBoardArticle.php?board_id=notice&board_key=1369&page=1&type=continue,https://www.k-startup.go.kr/web/contents/bizpbanc-ongoing.do?schM=view&pbancSn=179084,main,primary,창업존,공공기관,20260831~20260914,시설ㆍ공간ㆍ보육,시설ㆍ공간ㆍ보육
kst,179083,사회적협동조합 설립인가 및 경영공시 교육,"2026년 하반기 부산·울산·경남권역 사회적협동조합 설립인가·경영공시 교육이 아래와 같이 진행됩니다.
교육 신청 희망 시, ① 하단 신청링크 혹은 ② 포스터 내 QR코드를 통해 링크에 접속하여 신청서 양식을 제출하여 주시기 바랍니다.",교육/멘토링,공공기관,울산광역시,"청소년,대학생,일반인,대학,연구기관,일반기업,1인 창조기업","기업,누구나,청년,초기창업기업","만 20세 이상 ~ 만 39세 이하,만 40세 이상",,,사회적 협동조합에 관심있는 누구나 (온·오프라인 병행),,"예비창업자,1년미만,2년미만,3년미만,5년미만,7년미만,10년미만",멘토링ㆍ컨설팅ㆍ교육,20260831,20260917,,,"온라인 접수: https://forms.gle/jrsVFv4KgcJyLdaa7
이메일 접수: hellowo@ikosea.or.kr
기타 접수: 문의: 부산울산경남센터 (051-753-2507, 2512)",https://www.k-startup.go.kr/web/contents/bizpbanc-ongoing.do?schM=view&pbancSn=179083,main,primary,사회적협동조합설립인가및경영공시교육,공공기관,20260831~20260917,멘토링ㆍ컨설팅ㆍ교육,멘토링ㆍ컨설팅ㆍ교육
kst,179082,2026년 SaaS 전환지원센터xAWS SaaS 현대화 교육 3회차 참가자 모집 공고,"정보통신산업진흥원 SaaS 전환지원센터는 AWS와 함께 「클라우드 기반 SaaS 현대화 기술 특강 및 실습 교육」을 운영합니다.
본 교육은 SaaS 현대화를 위한 핵심 사용 사례와 최신 클라우드 기술 트렌드를 중심으로, SaaS 전환 및 서비스 고도화에 필요한 핵심 개념과 실무 방향을 공유하기 위해 마련되었습니다.
관련한 정보나 교육을 받아보고 싶으신 분들은, 신청 링크를 통한 구글폼 신청서 작성 후 제출해 주시길 바랍니다.",교육/멘토링,민간,전국,"대학생,일반인,대학,연구기관,일반기업,1인 창조기업","기업,누구나,청년,초기창업기업","만 20세 이상 ~ 만 39세 이하,만 40세 이상",,,AI 기능 도입을 검토 중인 기업의 사업·기술 담당자,,"예비창업자,1년미만,2년미만,3년미만,5년미만,7년미만,10년미만",멘토링ㆍ컨설팅ㆍ교육,20260831,20260913,,,온라인 접수: https://forms.gle/GmuEWANPUU2CHxjx6,https://www.k-startup.go.kr/web/contents/bizpbanc-ongoing.do?schM=view&pbancSn=179082,main,primary,2026년saas전환지원센터xawssaas현대화교육3회차참가자모집공고,민간,20260831~20260913,멘토링ㆍ컨설팅ㆍ교육,멘토링ㆍ컨설팅ㆍ교육
kst,179081,2026년 안양산업진흥원 제3차 입주기업 모집 공고,안양산업진흥원에서는 우수기업에 대한 종합지원과 경쟁력 강화를 위해 안양시 벤처기업집적시설에 입주할 우수한 유망기업을 모집하오니 역량 있는 기업인의 많은 신청 바랍니다,시설/공간,공공기관,경기도,"일반인,연구기관,일반기업,1인 창조기업","기업,누구나,초기창업기업","만 20세 이상 ~ 만 39세 이하,만 40세 이상",,,"입주 후 1개월 이내 센터 건물로 본사, 연구소 또는 공장 이전이 가능한 기업(자)로 다음 중 하나에 해당하는 기업
 - 벤처기업육성에 관한 특별조치법에 의거 벤처기업 확인을 받은 기업
 - 지식산업을 영위하는 중소기업 : 세부내용은 공고문 참조

1. 금융기관에서 불량거래로 규제중인 기업 (대표자, 법인)
2. 소음, 진동, 폐수, 악취 등의 공해를 발생하는 기업
3. 기타 입주심사위원회에서 부적합하다고 인정하는 기업
4. 이전 안양산업진흥원에서 운영 중인 벤처지원실에 입주 경력이 있는 기업",,"1년미만,2년미만,3년미만,5년미만,7년미만,10년미만",시설ㆍ공간ㆍ보육,20260901,20260930,,,이메일 접수: Lbs@aba.or.kr,https://www.k-startup.go.kr/web/contents/bizpbanc-ongoing.do?schM=view&pbancSn=179081,main,primary,2026년안양산업진흥원제3차입주기업모집공고,공공기관,20260901~20260930,시설ㆍ공간ㆍ보육,시설ㆍ공간ㆍ보육
kst,179080,2026년 2차 CNU Startup to TIPS  참여기업 모집,충남대학교기술지주㈜에서는 지방 소재 유망 기술창업기업을 발굴하고 투자 및 TIPS 연계를 통한 성장을 지원하기 위해 「2026년 2차 CNU Startup to TIPS」 참여기업을 모집하오니 많은 관심과 참여 바랍니다.,창업,민간,전국,"청소년,대학생,일반인,대학,연구기관,일반기업,1인 창조기업","기업,누구나,예비창업자,청년,초기창업기업","만 20세 미만,만 20세 이상 ~ 만 39세 이하,만 40세 이상",,,"· 공고일 기준 창업 7년 이내의 지방 소재 기술기반 창업기업
· 지방 소재 지역을 기반으로 기술창업을 준비 중인 예비창업자

※ 창업 3년 미만 기업, 충남대학교 교원·재휴학생 창업기업, 충남대학교 창업보육센터 입주기업, 충남대학교 산학협력단 기술이전기업은 평가 시 가점 부여",,"예비창업자,1년미만,2년미만,3년미만,5년미만,7년미만",사업화,20260901,20260930,,,이메일 접수: hjsong@cnu.ac.kr,https://www.k-startup.go.kr/web/contents/bizpbanc-ongoing.do?schM=view&pbancSn=179080,main,primary,2026년2차cnustartuptotips참여기업모집,민간,20260901~20260930,사업화,사업화
kst,179078,[성동구 관내기업] 2026년도 정부지원사업 및 베트남 현지진출 컨설팅 지원기업 모집,"성동구 관내 소재 기업을 대상으로 정부지원사업 제안서 작성 및 발표평가 준비 등 정부 R&D 및 TIPS, LIPS 지원사업 참여를 위한 맞춤형 컨설팅을 지원하며, 베트남 진출 가능성 및 진출 전략 검토, 현지법인·대표사무소 설립, 수출바우처·해외지사화 사업 등 해외진출 지원사업 참여 준비​를 지원합니다.
또한 성동구에서 창업을 준비하고 있는 예비창업자를 대상으로 「모두의 창업 프로젝트」와 「2026년 GovTech 창업경진대회」참여를 위한 창업 아이템 구체화, 사업계획서 구성 및 작성 방법, 신청서 작성 내용 점검·보완 등 사업 신청에 필요한 컨설팅​을 추가로 지원합니다.",교육/멘토링,지자체,서울특별시,"청소년,대학생,일반인,대학,연구기관,일반기업,1인 창조기업","기업,누구나,예비창업자,청년,초기창업기업","만 20세 미만,만 20세 이상 ~ 만 39세 이하,만 40세 이상",,,"성동구에서 창업을 준비하고 있는 예비창업자 
정부지원사업 참여를 준비 중인 기업 
정부 R&D 및 사업화 과제를 준비 혹은 진행 중인 기업 
투자유치 및 기술사업화를 준비 중인 기업 
베트남 현지 진출을 검토 중인 기업（현지 인력 채용 및 운영, 법인 설립 등）",,"예비창업자,1년미만,2년미만,3년미만,5년미만,7년미만,10년미만",멘토링ㆍ컨설팅ㆍ교육,20260831,20260930,,,온라인 접수: https://forms.gle/1o3PyNPqLAa7WU3w7,https://www.k-startup.go.kr/web/contents/bizpbanc-ongoing.do?schM=view&pbancSn=179078,main,primary,성동구관내기업2026년도정부지원사업및베트남현지진출컨설팅지원기업모집,지자체,20260831~20260930,멘토링ㆍ컨설팅ㆍ교육,멘토링ㆍ컨설팅ㆍ교육
kst,179076,관악 마케팅 지원 참여자 모집,"브랜드와 제품을 알리고 고객과 만날 수 있도록 마케팅 지원 사업을 운영합니다.
관악구 청년 예비창업자/초기창업자 분들의 많은 관심과 참여 바랍니다.",창업,지자체,서울특별시,"대학생,일반인,일반기업,1인 창조기업","기업,누구나,청년,초기창업기업",만 20세 이상 ~ 만 39세 이하,20,39,관악구 소재 7년 이내 청년 창업기업 또는 관악구 거주 청년 (예비)창업자(1987년 이후 출생자),,"예비창업자,1년미만,2년미만,3년미만,5년미만,7년미만",사업화,20260828,20260909,,,온라인 접수: https://www.checkin-gwanak.or.kr/core/?cid=58&role=programvopn&pSeq=1242&tab=,https://www.k-startup.go.kr/web/contents/bizpbanc-ongoing.do?schM=view&pbancSn=179076,main,primary,관악마케팅지원참여자모집,지자체,20260828~20260909,사업화,사업화
kst,179075,인천스타트업파크 부스트 스타트업 TechCrunch Disrupt 2026 참가기업 모집공고,인천스타트업파크는 북미 최대 스타트업 컨퍼런스인 TechCrunch Disrupt(TCD) 2026 인천스타트업파크관 참가를 희망하는 인천 스타트업을 모집합니다. 현지 투자자 및 글로벌 파트너와의 비즈니스 기회 확대를 희망하는 성장 잠재력 있는 인천 소재 스타트업의 많은 관심과 적극적인 신청 바랍니다.,판로/수출,공공기관,인천광역시,일반기업,"기업,스타트업","만 20세 미만,만 20세 이상 ~ 만 39세 이하,만 40세 이상",,,"o 글로벌 진출역량과 의사가 있고, 상용화 가능한 제품이나 서비스를 보유하고 있는 4차산업·바이오융합 분야의 스타트업
    ※ 출장자 중 최소 1인 이상 영어 능통자를 보유하여야 함
 o 공고 마감일을 기준으로 창업 7년 이내 인천 본사/공장/연구소 기업
   (중소기업창업 지원법에 의거 신산업 창업 분야는 10년까지 신청 가능)

- 국세 및 지방세 체납 이력이 없고 해외출국에 결격 사유가 없는 기업
  - 인천스타트업파크 프로그램 참여 제한 이력이 없는 기업",,"7년미만,10년미만",글로벌,20260828,20260911,,,온라인 접수: https://startuppark.kr/main/business/view.do?sq=420&TP=modify&search=,https://www.k-startup.go.kr/web/contents/bizpbanc-ongoing.do?schM=view&pbancSn=179075,main,primary,인천스타트업파크부스트스타트업techcrunchdisrupt2026참가기업모집공고,공공기관,20260828~20260911,글로벌,글로벌
kst,179074,스타트업 자금조달 WEEK (투자),"투자기관과 1:1 상담을 진행할 수 있는 스타트업 자금조달 WEEK 프로그램을 운영하오니, 관심있는 기업들의 많은 신청 바랍니다.",교육/멘토링,교육기관,전국,"대학생,일반인,대학,연구기관,일반기업,1인 창조기업","기업,누구나,스타트업,예비창업자,청년,초기창업기업","만 20세 미만,만 20세 이상 ~ 만 39세 이하,만 40세 이상",,,"예비창업자 ~ 창업 7년 이내 스타트업
※ 신산업 창업 분야에 관한 규정 제3조 1항에 따라 신산업 창업 분야는 창업 10년 이내",,"예비창업자,1년미만,2년미만,3년미만,5년미만,7년미만,10년미만",멘토링ㆍ컨설팅ㆍ교육,20260828,20260909,,,온라인 접수: https://forms.gle/bz4DrQenmgC2Effu6,https://www.k-startup.go.kr/web/contents/bizpbanc-ongoing.do?schM=view&pbancSn=179074,main,primary,스타트업자금조달week투자,교육기관,20260828~20260909,멘토링ㆍ컨설팅ㆍ교육,멘토링ㆍ컨설팅ㆍ교육
kst,179073,2026년 성장기업 재무·세무 관리개선  바우처 지원사업 제1차 시행계획 공고,"(사)한국중소기업발전협회는 기업의 성장과정에서 발생하는 재무·세무 관리의 복잡성과 경영리스크에 대응하고, 중소기업의 체계적인 경영관리 기반 구축을 지원하기 위하여 「2026년 성장기업 재무·세무 관리개선 바우처 지원사업」 제1차 시행계획을 다음과 같이 공고하오니 참여를 희망하는 기업은 안내에 따라 신청하시기 바랍니다.",창업,민간,전국,"일반기업,1인 창조기업","기업,초기창업기업","만 20세 미만,만 20세 이상 ~ 만 39세 이하,만 40세 이상",,,"o 국내 중소기업 중 법인사업자
    o 업력 2년 이상 기업 우선
    o 최근 재무제표 등 기업현황 확인이 가능한 기업
    o 기업 성장에 따라 재무·세무 관리체계의 점검 또는 개선이 필요한 기업
    o 대표자 또는 주요 경영진이 진단 및 1:1 자문에 직접 참여 가능한 기업",,"1년미만,2년미만,3년미만,5년미만,7년미만,10년미만",사업화,20260901,20260915,,,이메일 접수: tax@ceo-korea.org,https://www.k-startup.go.kr/web/contents/bizpbanc-ongoing.do?schM=view&pbancSn=179073,main,primary,2026년성장기업재무세무관리개선바우처지원사업제1차시행계획공고,민간,20260901~20260915,사업화,사업화
kst,179072,[코레일유통/본사] 제11차 청년창업 제휴사업자 모집공고,"코레일유통(주) 청년창업 지원사업에 따른 매장 운영자 모집공고를 시행하오니, 참여를 희망하는 예비창업자 및 청년창업자는 참여해 주시길 바랍니다.
■ 공고대상 매장 : 상록수맞이방(커피/25.2㎡)
■ 접수방법 : 코레일유통(주) 홈페이지 https://www.korailretail.com - 파트너십 - 청년창업 지원안내/공고 - 청년창업 신규공고
■ 비고사항 : [붙임8] 청년창업 전자입찰프로세스 매뉴얼 확인 必
2026년 08월 28일
공고 기업(기관)명 : 코레일유통(주)",시설/공간,공공기관,전국,"대학생,일반인","누구나,예비창업자,청년",만 20세 이상 ~ 만 39세 이하,20,39,"1. 공고일 기준 만 18세 이상 39세 이하
2. 공고일 기준 사업자등록을 하지 않은 예비창업자 또는 창업 후 3년 이하인 ｢중소기업기본법｣ 제2조 2항에 따른 소기업을 영위하는 자
(대표자 연령 조건 충족해야 함)
3. 계약 체결 후 7일 이내 일반과세 사업자등록이 가능하고 시설투자 가능자
4. 프랜차이즈 미가맹 사업자로, 고유의 브랜드 및 레시피로 운영가능한 자

- 회사와 특수관계에 있는 자 또는 공공성 확보를 위해 다음에 해당하는 경우 참가를 제한
1. 코레일유통(주) 청년창업 지원매장 운영자로 선정된 자와 그 배우자 및 직계혈족
2. 코레일유통(주) 부정당업체로 지정된 업체(자)와 그 배우자 및 직계혈족
3. 기존 계약자(공고일 기준)
① 우리사 편의점 및 자판기 관련 계약 중이거나 과거 계약 이력이 있는 자와 그 배우자 및 직계혈족
② 우리사 상설전문점 운영 중이거나 과거 계약 이력이 있는 자와 그 배우자 및 직계혈족
4. 회사와 특수관계인 관련(공고일 기준)
① 모집시작일 기준 퇴직 후 2년이 경과 하지 않은 전직 임직원의 직계혈족
② 모집시작일 기준 한국철도공사 및 그 계열사에 재직 중인 임직원과 그 배우자 및 직계혈족
5. 공고일 현재 상업시설 운영 중인 자로 점포 수 확대를 목적으로 지원하는 자와 그 배우자 및 직계혈족",,예비창업자,시설ㆍ공간ㆍ보육,20260828,20260907,,,온라인 접수: www.korailretail.com,https://www.k-startup.go.kr/web/contents/bizpbanc-ongoing.do?schM=view&pbancSn=179072,main,primary,코레일유통본사제11차청년창업제휴사업자모집공고,공공기관,20260828~20260907,시설ㆍ공간ㆍ보육,시설ㆍ공간ㆍ보육
kst,179071,홍콩 코스모프로프 미용 전시회(Cosmoprof Asia 2026) 서울 공동관 참여기업 모집,"서울경제진흥원에서 아시아 대표 무역 허브인 홍콩에서 개최되는 세계 3대 뷰티 전문 전시회 「Cosmoprof Asia 2026」에 서울관을 운영하고자 참가기업을 모집하오니, 참가를 희망하는 기업은 관련 절차에 따라 신청하여 주시기 바랍니다.",행사/네트워크,공공기관,서울특별시,"일반기업,1인 창조기업","기업,초기창업기업","만 20세 미만,만 20세 이상 ~ 만 39세 이하,만 40세 이상",,,"- 서울 소재 완제품 화장품(스킨케어, 메이크업, 바디케어, 향수 등)을 보유하고, 전시회 전 기간 동안 최소 1인 이상의 출장자가 현장 상주 가능한 중소기업
  - 접수 마감일 기준 서울 소재 본사 또는 주된 사업장을 보유한 「중소기업기본법」 제 2조에 따른 중·소기업",,"예비창업자,1년미만,2년미만,3년미만,5년미만,7년미만,10년미만",행사ㆍ네트워크,20260826,20260910,,,온라인 접수: https://www.sba.seoul.kr/Pages/BusinessApply/PostingDetail.aspx?p=0&mid=a271326e-22a0-f111-b404-d4f5ef4a1e33,https://www.k-startup.go.kr/web/contents/bizpbanc-ongoing.do?schM=view&pbancSn=179071,main,primary,홍콩코스모프로프미용전시회cosmoprofasia2026서울공동관참여기업모집,공공기관,20260826~20260910,행사ㆍ네트워크,행사ㆍ네트워크
kst,179069,2026 부산 창업기획자 전문인력 양성과정 공고,창업기획자(액셀러레이터)의 기본 전문지식을 보유하고 부산 소재 투자 및 보육 능력을 겸비한 창업기획 전문역량 학습을 위한 2026「부산 창업기획자 전문인력 양성과정」의 교육생을 모집합니다.,교육/멘토링,공공기관,부산광역시,"청소년,대학생,일반인,대학,연구기관,일반기업,1인 창조기업","기업,누구나,청년,초기창업기업","만 20세 미만,만 20세 이상 ~ 만 39세 이하,만 40세 이상",,,"전국 단위 창업, 투자에 관심있는 자(부산·울산·경남 소재 교육신청자 대상 교육비 50만원 할인)",,"예비창업자,1년미만,2년미만,3년미만,5년미만,7년미만,10년미만",멘토링ㆍ컨설팅ㆍ교육,20260825,20260922,,,온라인 접수: https://forms.gle/395i9cSeQa6qLC4u5,https://www.k-startup.go.kr/web/contents/bizpbanc-ongoing.do?schM=view&pbancSn=179069,main,primary,2026부산창업기획자전문인력양성과정공고,공공기관,20260825~20260922,멘토링ㆍ컨설팅ㆍ교육,멘토링ㆍ컨설팅ㆍ교육
kst,179068,싱가포르 현지 진출 지원 국내 블록체인 기업 모집,한국인터넷진흥원은 국내 블록체인 기업의 해외진출 지원 사업을 통해 2026년 싱가포르 현지 진출을 지원합니다.,판로/수출,공공기관,전국,일반기업,기업,"만 20세 미만,만 20세 이상 ~ 만 39세 이하,만 40세 이상",,,"블록체인 기술 보유 및 해외 진출 역량이 있는 블록체인 중소기업 또는 스타트업

공고문 참고",,10년미만,판로ㆍ해외진출,20260828,20260916,,,온라인 접수: https://www.winwinnuri.or.kr/pg/businessView.do?pageNumber=1&bizNm=%EC%8B%B1%EA%B0%80%ED%8F%AC%EB%A5%B4&corpNm=%ED%95%9C%EA%B5%AD%EC%9D%B8%ED%84%B0%EB%84%B7&supoTrgt=0&bizAreaSecd=0&progStep=0&bizArea=0&prgIdH=16924&bizIdH=35653&returnUrl=%2Fpg%2FselectPgSearchList.do,https://www.k-startup.go.kr/web/contents/bizpbanc-ongoing.do?schM=view&pbancSn=179068,main,primary,싱가포르현지진출지원국내블록체인기업모집,공공기관,20260828~20260916,판로ㆍ해외진출,판로ㆍ해외진출
kst,179067,2026 이노폴리스캠퍼스 엑셀러레이팅 프로그램 ILS(일본 OI행사)참여기업 모집,"일본 경제산업성(METI)이 후원하는 아시아 최대 규모 오픈이노베이션 행사 'Innovation Leaders Summit(ILS) 2026'에 참여할 기업을 모집합니다.
일본 시장에 관심 있고, ILS 2026 오픈이노베이션 전시회에 관심있는 국내 스타트업의 많은 신청 바랍니다.",판로/수출,민간,부산광역시,일반기업,기업,"만 20세 미만,만 20세 이상 ~ 만 39세 이하,만 40세 이상",,,공고일 기준 부산특구에 본사를 둔 창업 7년 이내 기업,,7년미만,글로벌,20260828,20260831,,,온라인 접수: https://forms.gle/P7vFGXYY9bHxdMM7A,https://www.k-startup.go.kr/web/contents/bizpbanc-ongoing.do?schM=view&pbancSn=179067,main,primary,2026이노폴리스캠퍼스엑셀러레이팅프로그램ils일본oi행사참여기업모집,민간,20260828~20260831,글로벌,글로벌
kst,179066,「상생형 창업벤처기업 지원사업」한전KDN 에너지 ICT 창업벤처기업 모집 공고,"한전KDN과 에너지밸리기업개발원이 공동 시행하는「상생형 창업·벤처기업 지원사업」의 「한전KDN 에너지 ICT 창업·벤처기업 육성사업」을 다음과 같이 공고하오니, 관심 있는 
기업의 많은 신청 바랍니다.",창업,민간,전국,일반기업,기업,"만 20세 미만,만 20세 이상 ~ 만 39세 이하,만 40세 이상",,,"에너지 ICT 분야 창업기업 또는 벤처기업
 -「중소기업기본법」 제2조 제1항에 따른 중소기업으로서, 아래 요건 중 하나에 해당하는 기업
 ① 모집공고일 기준 창업 7년 이내 창업기업
 ② 벤처기업확인서를 보유한 벤처기업

2026년 상생형 창업·벤처기업 지원사업에 선정된 자(기업)
* 동일 지원연도 내 타 출연기업 사업에 중복 선정된 경우 지원기업은 최초 협약 완료한 과제에 한하여 지원 받을 수 있으며 협약 취소 시 재선정 불가",,7년미만,사업화,20260827,20260911,,,이메일 접수: kwg@evedi.or.kr,https://www.k-startup.go.kr/web/contents/bizpbanc-ongoing.do?schM=view&pbancSn=179066,main,primary,상생형창업벤처기업지원사업한전kdn에너지ict창업벤처기업모집공고,민간,20260827~20260911,사업화,사업화
kst,179065,[추가모집] 2026 창업경진대회 모의투자자 모집(~9.3. 14:00),"강북청년창업마루 - 강북창업지원센터에서
2026 창업경진대회(IMPACT ON 강북 : 아이디어와 투자로 만드는 강북의 창업 무대) 모의투자자를 추가 모집합니다.",행사/네트워크,교육기관,서울특별시,"대학생,일반인,대학,연구기관,일반기업,1인 창조기업","기업,누구나,청년,초기창업기업","만 20세 미만,만 20세 이상 ~ 만 39세 이하",,,서울시 강북구 거주민 또는 생활권을 둔 청년,,"예비창업자,1년미만,2년미만,3년미만",행사ㆍ네트워크,20260827,20260903,,,온라인 접수: https://forms.gle/gpDfezU23erkHb6SA,https://www.k-startup.go.kr/web/contents/bizpbanc-ongoing.do?schM=view&pbancSn=179065,main,primary,추가모집2026창업경진대회모의투자자모집931400,교육기관,20260827~20260903,행사ㆍ네트워크,행사ㆍ네트워크
kst,179064,「2026 투자유치 프로그램: 멘토링」참가기업 모집 공고,수원도시재단은 기업의 투자유치 역량을 강화하고 투자유치 가능성을 확대하고자 참가기업을 다음과 같이 모집하오니 많은 관심과 신청바랍니다.,창업,공공기관,경기도,일반기업,기업,"만 20세 미만,만 20세 이상 ~ 만 39세 이하,만 40세 이상",,,"○ 투자유치를 희망하는 수원시 기술 창업기업
  • 투자유치가 가능한 법인기업 형태 또는 법인전환 예정인 기업
  • 중소기업기본법 제2조 규정에 의한 중소기업으로 창업 후 최대 10년 이내의 기업(공고일 기준)

○ 국세 또는 지방세를 체납 중인 경우
○ 금융기관으로부터 불량거래자로 규제 중이거나, 휴업 중인 경우
○ 제출자료 허위 기재 또는 지원 제한의 사유가 있다고 인정되는 경우",,"1년미만,2년미만,3년미만,5년미만,7년미만,10년미만",사업화,20260827,20260917,,,이메일 접수: msi91@sscf2016.or.kr,https://www.k-startup.go.kr/web/contents/bizpbanc-ongoing.do?schM=view&pbancSn=179064,main,primary,2026투자유치프로그램멘토링참가기업모집공고,공공기관,20260827~20260917,사업화,사업화
kst,179063,2026년 온디바이스AI 제품개발·제조 및 기술지원 기업모집공고,2026년 온디바이스AI 제품개발·제조 및 기술지원 기업을 다음과 같이 모집합니다.,기술,민간,전국,일반기업,기업,"만 20세 미만,만 20세 이상 ~ 만 39세 이하,만 40세 이상",,,"스마트가전, IoT디바이스, 헬스케어기기, 로봇 등 AI를 통해 분석 및 제어가 가능한 하드웨어 제품을 개발·상용화 추진 중인 중소·중견기업",,10년미만,기술개발(R&amp;D),20260826,20260914,,,기타 접수: 이메일 접수: (유형1)yes@gokea.org/(유형2)ilovemama@keti.re.kr,https://www.k-startup.go.kr/web/contents/bizpbanc-ongoing.do?schM=view&pbancSn=179063,main,primary,2026년온디바이스ai제품개발제조및기술지원기업모집공고,민간,20260826~20260914,기술개발(R&D),기술개발(R&D)
kst,179062,한전KPS 창업벤처기업 육성 지원사업 참여기업 모집안내,한전KPS와 에너지밸리기업개발원이 공동 시행하는「상생형 창업‧벤처기업 지원사업」 2026년 창업벤처기업 육성 지원사업에 참여할 기업을 다음과 같이 모집하오니 관심 있는 기업의 많은 신청 바랍니다.,창업,민간,전국,일반기업,기업,"만 20세 이상 ~ 만 39세 이하,만 40세 이상",,,"에너지(원자력, 화력발전, 신재생), 탄소중립/친환경 분야 창업(공고일기준 7년미만), 벤처기업

2026년 상생형 창업벤처기업 지원사업에  기 선정된 기업 (동일년도 중복지원 불가)
채무 불이행으로 규제중인 기업 등  기타  참여제한의 사유가 있다고 판단되는 기업(상세내용 공고문 참조)",,7년미만,사업화,20260827,20260904,,,이메일 접수: summer@evedi.or.kr,https://www.k-startup.go.kr/web/contents/bizpbanc-ongoing.do?schM=view&pbancSn=179062,main,primary,한전kps창업벤처기업육성지원사업참여기업모집안내,민간,20260827~20260904,사업화,사업화
kst,179061,서울용산시제품제작소 운영,창업기업 및 중소기업의 우수한 AI·스마트전자제품의 금형 제작을 지원할 계획이오니 많은 참여 부탁드립니다.,시설/공간,민간,서울특별시,일반기업,기업,"만 20세 미만,만 20세 이상 ~ 만 39세 이하,만 40세 이상",,,"전자기기 기반 제품을 개발, 제조하는 창업기업 및 중소기업",,10년미만,시설ㆍ공간ㆍ보육,20260826,20260910,,,온라인 접수: https://yfactory.startup-plus.kr/project/PRJ007462,https://www.k-startup.go.kr/web/contents/bizpbanc-ongoing.do?schM=view&pbancSn=179061,main,primary,서울용산시제품제작소운영,민간,20260826~20260910,시설ㆍ공간ㆍ보육,시설ㆍ공간ㆍ보육
kst,179060,청년창업지원센터 운영,"구로구 청년창업지원센터에서는 구로구 주민 대상으로 예비·초기창업가를 대상으로 다음과 같이 지원사업을 공고하오니, 자격요건을 확인하시어 신청하여 주시기 바랍니다.",시설/공간,지자체,서울특별시,"대학생,일반인,대학,연구기관,일반기업,1인 창조기업","기업,누구나,청년,초기창업기업",만 20세 이상 ~ 만 39세 이하,20,39,"1. 19~39세 청년 (예비)창업자 및 일반인
2. 구로구 거주 (필수)",,"예비창업자,1년미만,2년미만,3년미만",시설ㆍ공간ㆍ보육,20260827,20260907,,,온라인 접수: https://hive.dongyang.ac.kr/lecture/list.do?menu_idx=10,https://www.k-startup.go.kr/web/contents/bizpbanc-ongoing.do?schM=view&pbancSn=179060,main,primary,청년창업지원센터운영,지자체,20260827~20260907,시설ㆍ공간ㆍ보육,시설ㆍ공간ㆍ보육
kst,179058,2026년 제3회 신격호 롯데 청년기업가대상,"롯데장학재단이 대한민국 경제의 미래를 선도할 청년 창업가를 발굴하는 '2026년 제3회 신격호 롯데 청년기업가대상'(신격호 창업대회)의 참가 접수를 9월 30일까지 진행합니다.
신격호 창업대회는 롯데그룹의 창업주인 고(故) 신격호 회장의 이름을 내건 창업경진대회로, 그의 도전 정신과 기업가정신을 계승해 한국경제를 선도하고 부흥시킬 청년 창업가인 '리틀 신격호'를 발굴하고 지원할 목적으로 2024년부터 시작했습니다.
롯데장학재단과 연구개발특구진흥재단이 주최하고 한국기업가정신재단과 AC패스파인더가 주관하는 '2026년 제3회 신격호 롯데 청년기업가대상'은 산업 전 분야에서 혁신적인 기술·비즈니스 모델을 보유한 전국의 청년 창업가와 예비 창업가라면 누구나 참가할 수 있습니다.
참가 기업 모집을 다음과 같이 공고하오니, 많은 관심과 참여 바랍니다.",행사/네트워크,민간,전국,"대학생,일반인,대학,연구기관,일반기업,1인 창조기업","기업,누구나,청년,초기창업기업","만 20세 미만,만 20세 이상 ~ 만 39세 이하,만 40세 이상",,,"■ 참가자격 제한 없음 
      ※심사/시상 분야 구분 ① 대학(원)생 ② 일반인

■ 신청 방법
     1. 롯데재단 홈페이지 접속(www.lottefoundation.or.kr) → 공지사항 내 대회 공고 확인 → 신청페이지 회원가입 → 사업신청
     2. 포스터 내 QR코드 스캔 → 공지사항 내 대회 공고 확인 → 신청페이지 회원가입 → 사업신청",,"예비창업자,1년미만,2년미만,3년미만,5년미만,7년미만,10년미만",행사ㆍ네트워크,20260827,20260930,,,온라인 접수: https://www.lottefoundation.or.kr/,https://www.k-startup.go.kr/web/contents/bizpbanc-ongoing.do?schM=view&pbancSn=179058,main,primary,2026년제3회신격호롯데청년기업가대상,민간,20260827~20260930,행사ㆍ네트워크,행사ㆍ네트워크
kst,179057,2026 대덕특구 딥테크 혁신성장 플랫폼(전략기술 발굴 및 매칭),새로운 성장동력인 국가전략기술 분야의 시장 선점을 위해 공공기술을 활용하여 신속한 사업화를 추진하는 기업을 지원합니다.,창업,공공기관,전국,"청소년,대학생,일반인,대학,연구기관,일반기업,1인 창조기업","기업,누구나,청년,초기창업기업","만 20세 미만,만 20세 이상 ~ 만 39세 이하,만 40세 이상",,,"1. 대중견기업 오픈이노베이션 프로그램 운영자
2. 중견기업 및 중소기업 신사업 스핀오프 사업부
3. 스타트업 및 중소기업
4. 투자기관/지원기관",,"예비창업자,1년미만,2년미만,3년미만,5년미만,7년미만,10년미만",사업화,20260901,20260930,,,온라인 접수: https://docs.google.com/forms/d/e/1FAIpQLSfVEzugVpfKUMlCAN0ZqPArVro-WH4Rnp6BAMwo_K0vaT0U5Q/viewform,https://www.k-startup.go.kr/web/contents/bizpbanc-ongoing.do?schM=view&pbancSn=179057,main,primary,2026대덕특구딥테크혁신성장플랫폼전략기술발굴및매칭,공공기관,20260901~20260930,사업화,사업화
kst,179056,창업보육센터 지원사업,서울여자대학교 창업보육센터에서는 창의적인 아이디어와 기술력을 가진 예비창업자 및 초기창업자를 모집하오니 입주를 희망하는 기업의 많은 관심과 신청 바랍니다.,시설/공간,교육기관,전국,"대학생,일반인,일반기업,1인 창조기업","기업,누구나,예비창업자,청년,초기창업기업","만 20세 이상 ~ 만 39세 이하,만 40세 이상",,,"예비창업자(6개월 이내 창업가능자) 또는 창업일로부터 7년이 경과되지 않은 기업

1. 사법기관으로부터 100만원 이상의 벌금형을 선고받은 자
2. 금융기관으로부터 불량거래자로 규제 중인 자
3. 폐수, 소음, 진동 등 공해 다발업종 영위자
4. 기타 운영위원회에서 부적당하다고 인정하는 자",,"예비창업자,1년미만,2년미만,3년미만,5년미만,7년미만",시설ㆍ공간ㆍ보육,20260826,20260909,,,이메일 접수: startup@swu.ac.kr,https://www.k-startup.go.kr/web/contents/bizpbanc-ongoing.do?schM=view&pbancSn=179056,main,primary,창업보육센터지원사업,교육기관,20260826~20260909,시설ㆍ공간ㆍ보육,시설ㆍ공간ㆍ보육
kst,179054,[숭실대학교 캠퍼스타운] 2026 석·박사급 실험실 창업스쿨(유형2),"본 과정은 숭실대 교원과 동문 창업가의 생생한 사업화 경험을 통해 기술과 연구가 비즈니스로 연결되는 과정을 살펴보고,
나의 연구를 '새로운 기회와 진로의 관점'에서 탐색해보는 프로그램입니다.
많은 참여와 관심 부탁드립니다.",창업,교육기관,서울특별시,"대학생,일반인,대학,연구기관,일반기업,1인 창조기업","기업,누구나,청년,초기창업기업","만 20세 이상 ~ 만 39세 이하,만 40세 이상",,,"이공계(예비)석·박사급 연구인력,  (예비)창업자·초기창업자",,"예비창업자,1년미만,2년미만,3년미만,5년미만,7년미만,10년미만",창업교육,20260827,20261007,,,온라인 접수: https://forms.gle/o1YAHqNzNmjXhNk96,https://www.k-startup.go.kr/web/contents/bizpbanc-ongoing.do?schM=view&pbancSn=179054,main,primary,숭실대학교캠퍼스타운2026석박사급실험실창업스쿨유형2,교육기관,20260827~20261007,창업교육,창업교육
kst,179053,[인천대학교] 모두의창업 프로젝트(2차) 모집홍보 교육 『AI와 함께하는 BM 스쿨』,"[모두의 창업 프로젝트(2차)] 도전자를 대상으로 생성형 AI를 활용하여 마케팅 자료를 제작하고, BM설계부터 사업계획서 작성법 교육까지 원스톱으로 제공해드리는『AI와 함께 하는 BM스쿨』을 다음과 같이 진행합니다.",창업,교육기관,인천광역시,"청소년,대학생,일반인,대학,연구기관,일반기업,1인 창조기업","기업,누구나,예비창업자,청년,초기창업기업","만 20세 미만,만 20세 이상 ~ 만 39세 이하,만 40세 이상",,,예비창업자 또는 업력 7년 이내 기창업자(이종창업 필수),,"예비창업자,7년미만",창업교육,20260827,20260904,,,온라인 접수: https://forms.gle/ioM6c3VZwDxdumK36,https://www.k-startup.go.kr/web/contents/bizpbanc-ongoing.do?schM=view&pbancSn=179053,main,primary,인천대학교모두의창업프로젝트2차모집홍보교육ai와함께하는bm스쿨,교육기관,20260827~20260904,창업교육,창업교육
kst,179052,2026 벤처확인 인증준비기업 맞춤형 무료 진단 지원사업,"벤처기업확인인증은 기업의 자금조달, 정부지원사업 참여 시 가점 확보, 세제 혜택 등 다양한 제도적 지원을 받을 수 있는 핵심 인증입니다.
벤처기업확인 맞춤형 진단평가를 통해 기업 경쟁력을 강화하고자 참여를 희망하시는 분은 아래 신청링크로 신청해주시기 바랍니다.
사전진단 및 컨설팅은 무료로 진행되며，선발된 기업에게 개별 안내됩니다．",창업,민간,전국,"일반기업,1인 창조기업","기업,예비창업자,초기창업기업","만 20세 미만,만 20세 이상 ~ 만 39세 이하,만 40세 이상",,,"- 벤처기업확인 인증을 준비하는 스타트업 및 중소기업
- 벤처확인 신청을 준비하면서, 실질적인 서류 작성 방법과 현장 실사 대응 전략이 필요한 기업
- 정책자금 우대 및 정부 지원사업 참여 시 가점을 받기 위해 벤처 인증을 필요로 하는 기업
- 소득세·법인세 등의 세제 혜택을 고려하여 벤처기업 인증을 추진 중인 기업

- 벤처기업에 포함되지 않는 업종 ( 일반 유흥 주점업, 무도 유흥 주점업, 기타 주점업, 블록체인 기반 암호화 자산 매매 및 중개업, 기타 사행시설 관리 운영업, 무도장 운영업)
- 신청일 기준 회사 설립이 완료되지 않은 기업 (예비창업자)
- 국제 또는 지방세 체납으로 규제 중인 자
- 공고 마감일 기준 휴업 중인 기업, 금융기관 등으로부터 채무불이행으로 규제 중인 자 또는 기업",,"1년미만,2년미만,3년미만,5년미만,7년미만,10년미만",사업화,20260901,20260930,,,온라인 접수: https://m.site.naver.com/29ex4,https://www.k-startup.go.kr/web/contents/bizpbanc-ongoing.do?schM=view&pbancSn=179052,main,primary,2026벤처확인인증준비기업맞춤형무료진단지원사업,민간,20260901~20260930,사업화,사업화
kst,179051,BOUNCE 2026 글로벌 오피스아워 참여 스타트업 모집 공고,"(재)부산창조경제혁신센터는 국가별 글로벌 파트너와의 1:1 상담을 통해 국내 스타트업의 글로벌 네트워크 확장 및 정보 교류를 위한 상담, 연계 기회를 제공하고자 BOUNCE 2026 글로벌 오피스아워 를 운영하오니 참가를 희망하는 스타트업의 많은 신청 바랍니다 .",판로/수출,공공기관,전국,일반기업,"기업,스타트업","만 20세 미만,만 20세 이상 ~ 만 39세 이하,만 40세 이상",,,전국 소재 창업 7년 미만 스타트업,,7년미만,글로벌,20260820,20260904,,,온라인 접수: https://forms.gle/JLueRVwtsy3cggsv9,https://www.k-startup.go.kr/web/contents/bizpbanc-ongoing.do?schM=view&pbancSn=179051,main,primary,bounce2026글로벌오피스아워참여스타트업모집공고,공공기관,20260820~20260904,글로벌,글로벌
kst,179050,2026년 9월 동네창업학교 교육생 모집 공고,충남신용보증재단에서 충남지역 청년 예비창업자와 중소기업 및 소상공인의 사업 역량 강화를 위해 2026년 9월 동네창업학교 교육생을 모집합니다.,창업,공공기관,전국,"대학생,일반인,대학,연구기관,일반기업,1인 창조기업","기업,누구나,예비창업자,청년,초기창업기업","만 20세 미만,만 20세 이상 ~ 만 39세 이하",,,"- 충청남도 내 창업 예정인 청년 예비창업자 또는
- 충청남도 소재 사업장을 운영 중인 청년 기창업자(업종제한 없음)
 *(청년) 19세 이상 39세 이하(1986년 1월 3일 ~ 2007년 1월 2일)",,"예비창업자,1년미만,2년미만,3년미만,5년미만,7년미만,10년미만",창업교육,20260814,20260914,,,온라인 접수: https://www.cnsinbo.co.kr/reservation/educationView.do?m=1003&seq=440,https://www.k-startup.go.kr/web/contents/bizpbanc-ongoing.do?schM=view&pbancSn=179050,main,primary,2026년9월동네창업학교교육생모집공고,공공기관,20260814~20260914,창업교육,창업교육
kst,179049,국내 특허(IP) 보유기업 투자&사업화 스케일업 지원사업,"혁신기술경영인증지원센터에서는 특허를 보유한 스타트업 및 중소기업의 투자유치 역량 강화와 기업의 사업화 제고를 지원하기 위해 
「국내 특허(IP) 보유기업 투자&사업화 스케일업 지원사업」 참여기업을 모집합니다.
본 지원사업은 기업이 보유한 특허의 기술적·사업적 가치와 투자 활용 가능성을 점검하고, 이를 바탕으로 투자유치 전략 수립 및 관련 지원사업 연계를 지원하는 프로그램입니다.
특허를 단순히 보유하는 데 그치지 않고, 투자유치 및 기업 성장의 핵심 자산으로 활용하고자 하는 기업의 많은 관심과 참여 바랍니다.",창업,민간,전국,"일반기업,1인 창조기업","기업,예비창업자,초기창업기업","만 20세 미만,만 20세 이상 ~ 만 39세 이하,만 40세 이상",,,"다음 중 하나 이상에 해당하는 스타트업 및 중소기업

• 특허를 보유한 법인 또는 개인사업자(국내 특허 등록 또는 출원)
• 기업이 보유한 특허(IP)를 활용하여 투자유치 활동에 활용 계획이 있는 기업
• 기업이 보유한 특허(IP)의 기술적·사업적 가치 진단받고자 하는 기업
• 특허를 기반으로 사업화 성장 전략을 구축하고자 하는 기업

• 예비창업자
• 국내 특허 등록 또는 출원 중인 특허를 보유하지 않은 기업",,"1년미만,2년미만,3년미만,5년미만,7년미만,10년미만",사업화,20260827,20260930,,,온라인 접수: https://m.site.naver.com/2eUox,https://www.k-startup.go.kr/web/contents/bizpbanc-ongoing.do?schM=view&pbancSn=179049,main,primary,국내특허ip보유기업투자사업화스케일업지원사업,민간,20260827~20260930,사업화,사업화
kst,179048,서초창업스테이션 운영 사업,서초창업스테이션에서는 컨설팅을 희망하는 예비·초기 소상공인을 위한 1:1 컨설팅을 진행하니 많은 신청바랍니다.,시설/공간,민간,서울특별시,"대학생,일반인,대학,연구기관,일반기업,1인 창조기업","기업,누구나,청년,초기창업기업","만 20세 미만,만 20세 이상 ~ 만 39세 이하,만 40세 이상",,,컨설팅을 희망하는 예비·초기 소상공인,,"예비창업자,1년미만,2년미만,3년미만,5년미만,7년미만,10년미만",시설ㆍ공간ㆍ보육,20260826,20260928,,,온라인 접수: https://www.xn--2i4bieu3bszgvtc6wlunby2r.com/sub_program/operate_view.php?idx=62,https://www.k-startup.go.kr/web/contents/bizpbanc-ongoing.do?schM=view&pbancSn=179048,main,primary,서초창업스테이션운영사업,민간,20260826~20260928,시설ㆍ공간ㆍ보육,시설ㆍ공간ㆍ보육
kst,179047,해외진출 기업 대상 AI 통역 서비스 「아네스노트」 이용권 지원 (9월),"AI 실시간 통역·분석 서비스 「아네스노트(anessNote)」를 운영하는 (주)팀제로코드는 해외 진출 과정에서 언어 장벽을 겪고 있는 (예비)창업자 및 중소기업의 글로벌 비즈니스 활동을 지원하기 위하여, AI 통역 서비스 이용권 증정 프로그램 참여기업을 다음과 같이 모집합니다.",창업,민간,전국,"대학생,일반인,대학,연구기관,일반기업,1인 창조기업","기업,누구나,청년,초기창업기업","만 20세 이상 ~ 만 39세 이하,만 40세 이상",,,"해외 바이어 상담, 수출 계약 협상, 해외 전시회 참가 등 해외 진출 과정에서 언어 장벽을 겪고 있는 국내 (예비)창업자 및 중소기업

- 본 프로그램을 통해 이용권을 이미 지급받은 기업 (기업당 1회 신청 가능)
- 신청 정보(기업명, 계정 이메일 등)가 사실과 다르거나 확인이 불가능한 경우",,"예비창업자,1년미만,2년미만,3년미만,5년미만,7년미만,10년미만",사업화,20260827,20260930,,,온라인 접수: https://forms.gle/y96Y9yYSAr4AeTcd7,https://www.k-startup.go.kr/web/contents/bizpbanc-ongoing.do?schM=view&pbancSn=179047,main,primary,해외진출기업대상ai통역서비스아네스노트이용권지원9월,민간,20260827~20260930,사업화,사업화
kst,179046,2026년 대전 스타트업스쿨 스타트업 리딩클래스 4회차,"대전창조경제혁신센터가 대전 스타트업 협의체 ‘다이노소어(Daejeon INitiative Of Startup And entrepreneUR)’와 함께 스타트업 네트워킹 프로그램을 진행하오니 관심 있는 창업가, 스타트업 임직원 등의 많은 관심과 참여 부탁드립니다.",행사/네트워크,공공기관,대전광역시,"청소년,대학생,일반인,대학,연구기관,일반기업,1인 창조기업","기업,누구나,스타트업,청년,초기창업기업","만 20세 미만,만 20세 이상 ~ 만 39세 이하,만 40세 이상",,,스타트업 역량 강화에 관심이 있는 누구나,,"예비창업자,1년미만,2년미만,3년미만,5년미만,7년미만,10년미만",행사ㆍ네트워크,20260826,20260907,,,온라인 접수: https://nextstep.io.kr/startup-leading-class,https://www.k-startup.go.kr/web/contents/bizpbanc-ongoing.do?schM=view&pbancSn=179046,main,primary,2026년대전스타트업스쿨스타트업리딩클래스4회차,공공기관,20260826~20260907,행사ㆍ네트워크,행사ㆍ네트워크
kst,179045,민간 산림복지 창업 아카데미 1차 모집,"민간 산림복지 분야 창업 진입 활성화를 위한 실무형 창업교육 과정을
아래와 같이 운영하오니 많은 관심과 참여 부탁드립니다.",교육/멘토링,공공기관,전국,"청소년,대학생,일반인,대학,연구기관,일반기업,1인 창조기업","기업,누구나,예비창업자,청년,초기창업기업","만 20세 미만,만 20세 이상 ~ 만 39세 이하,만 40세 이상",,,산림복지전문업 창업에 관심이 있는 예비창업자,,"예비창업자,1년미만,2년미만,3년미만,5년미만,7년미만,10년미만",멘토링ㆍ컨설팅ㆍ교육,20260826,20260910,,,온라인 접수: https://buly.kr/GP5Ra1Y,https://www.k-startup.go.kr/web/contents/bizpbanc-ongoing.do?schM=view&pbancSn=179045,main,primary,민간산림복지창업아카데미1차모집,공공기관,20260826~20260910,멘토링ㆍ컨설팅ㆍ교육,멘토링ㆍ컨설팅ㆍ교육
kst,179044,2026 강원랜드 상생형 창업·벤처기업 지원사업,"강원도 內 창업・벤처기업의 성장촉진 및 상생협력을 도모하고, 기업의 아이디어 사업화・생산성 향상 지원 등을 통해 기업역량 강화 및 일자리 창출에 기여하고자 사업화 자금을 지원하오니 많은 신청 바랍니다.",창업,교육기관,강원특별자치도,"일반기업,1인 창조기업","기업,초기창업기업","만 20세 미만,만 20세 이상 ~ 만 39세 이하,만 40세 이상",,,"강원도 內 소재 창업⋅벤처기업
* ｢중소기업기본법｣ 제2조에 따른 중소기업이면서, 
 ① 창업기업 : ｢중소기업창업 지원법｣ 제2조에 의한 창업기업 (창업 7년 이내) 또는
 ② 벤처기업 : ｢벤처기업육성에 관한 특별법｣ 제2조의2에 의한 벤처기업 (창업 7년 초과 가능)",,"1년미만,2년미만,3년미만,5년미만,7년미만,10년미만",사업화,20260826,20260908,,,이메일 접수: kpcstartup2@gmail.com,https://www.k-startup.go.kr/web/contents/bizpbanc-ongoing.do?schM=view&pbancSn=179044,main,primary,2026강원랜드상생형창업벤처기업지원사업,교육기관,20260826~20260908,사업화,사업화
kst,179043,2026년 특허출원·등록 비용 바우처 지원사업 12차(하반기 5차),"(사)한국중소기업발전협회의 2026년 특허출원·등록 비용 바우처 지원사업 시행계획을 다음과 같이 공고하오니, 동 사업에 참여하여 지원을 받고자 하는 기업은 안내에 따라 신청하시기 바랍니다.",창업,민간,전국,"일반인,대학,연구기관,일반기업,1인 창조기업","기업,누구나,예비창업자,초기창업기업","만 20세 이상 ~ 만 39세 이하,만 40세 이상",,,"스타트업, 중소기업, 1인기업, 예비창업자 등",,"예비창업자,1년미만,2년미만,3년미만,5년미만,7년미만,10년미만",사업화,20260901,20260915,,,이메일 접수: ip@ceo-korea.org,https://www.k-startup.go.kr/web/contents/bizpbanc-ongoing.do?schM=view&pbancSn=179043,main,primary,2026년특허출원등록비용바우처지원사업12차하반기5차,민간,20260901~20260915,사업화,사업화
kst,179042,중앙대-금천구 창업 협력공간(창업교육스튜디오) 입주자 모집 공고,“중앙대학교 산학협력단”에서는 (예비)창업자의 체계적인 육성과 창업성공률 제고를 위해 본 스튜디오에 입주할 기업을 모집하고자 다음과 같이 공고하오니 많은 신청 바랍니다.,시설/공간,교육기관,전국,"대학생,일반인,대학,연구기관,일반기업,1인 창조기업","기업,누구나,예비창업자,청년,초기창업기업","만 20세 이상 ~ 만 39세 이하,만 40세 이상",,,"￭ 예비창업자(입주 후 6개월 이내 사업자 등록이 가능한 자) 및 기창업자
￭ 중앙대학교와 산학연 상생협력 프로그램 참여 가능한 자/기업
￭ 본교 학생 창업 또는 교원 창업자 우대
￭ 금천구 소재 기업 우대

￭ 중소기업창업지원법시행령 제4조에서 정하는 지원 제외 업종
(숙박 및 음식점업, 금융 및 보험업, 부동산업, 기타 개인 서비스업 등)
￭ 금융기관으로부터 불량거래자로 규제 중인 자
￭ 폐수, 소음, 진동 등 공해 다발 업종
￭ 기타 지원사업 목적에 부적합하다고 인정되는 경우",,"예비창업자,1년미만,2년미만,3년미만,5년미만,7년미만,10년미만",시설ㆍ공간ㆍ보육,20260826,20260913,,,이메일 접수: iacf_planning@cau.ac.kr,https://www.k-startup.go.kr/web/contents/bizpbanc-ongoing.do?schM=view&pbancSn=179042,main,primary,중앙대금천구창업협력공간창업교육스튜디오입주자모집공고,교육기관,20260826~20260913,시설ㆍ공간ㆍ보육,시설ㆍ공간ㆍ보육
kst,179041,"2026 4대 과학기술원 창업리그 통합 결선, GRAVITY (9/3 목)","KAIST, DIGIST, GIST, UNIST 4대 과학기술원이 함께하는 창업리그 통합 결선 「GRAVITY 2026」을 다음과 같이 개최하오니, 관심 있는 기업 및 관계자 여러분의 많은 참여 바랍니다.",행사/네트워크,민간,전국,"청소년,대학생,일반인,대학,연구기관,일반기업,1인 창조기업","기업,누구나,청년,초기창업기업","만 20세 미만,만 20세 이상 ~ 만 39세 이하,만 40세 이상",,,제한 없음 (누구나 참여 가능),,"예비창업자,1년미만,2년미만,3년미만,5년미만,7년미만,10년미만",행사ㆍ네트워크,20260814,20260902,,,온라인 접수: https://event-us.kr/sparklabs-demoday12/event/132750,https://www.k-startup.go.kr/web/contents/bizpbanc-ongoing.do?schM=view&pbancSn=179041,main,primary,20264대과학기술원창업리그통합결선gravity93목,민간,20260814~20260902,행사ㆍ네트워크,행사ㆍ네트워크
kst,179040,중앙대-금천구 창업 협력공간(혁신지원거점센터) 입주자 모집 공고,“중앙대학교 산학협력단”에서는 (예비)창업자의 체계적인 육성과 창업성공률 제고를 위해 본 공간에 입주할 기업을 모집하고자 다음과 같이 공고하오니 많은 신청 바랍니다.,시설/공간,교육기관,전국,"대학생,일반인,대학,연구기관,일반기업,1인 창조기업","기업,누구나,예비창업자,청년,초기창업기업","만 20세 이상 ~ 만 39세 이하,만 40세 이상",,,"￭ 예비창업자(입주 후 6개월 이내 사업자 등록이 가능한 자) 및 기창업자
￭ 중앙대학교와 산학연 상생협력 프로그램 참여 가능한 자/기업
￭ 본교 학생 창업 또는 교원 창업자 우대
￭ 금천구 소재 기업 우대

￭ 중소기업창업지원법시행령 제4조에서 정하는 지원 제외 업종
(숙박 및 음식점업, 금융 및 보험업, 부동산업, 기타 개인 서비스업 등)
￭ 금융기관으로부터 불량거래자로 규제 중인 자
￭ 폐수, 소음, 진동 등 공해 다발 업종
￭ 기타 지원사업 목적에 부적합하다고 인정되는 경우",,"예비창업자,1년미만,2년미만,3년미만,5년미만,7년미만,10년미만",시설ㆍ공간ㆍ보육,20260826,20260913,,,이메일 접수: iacf_planning@cau.ac.kr,https://www.k-startup.go.kr/web/contents/bizpbanc-ongoing.do?schM=view&pbancSn=179040,main,primary,중앙대금천구창업협력공간혁신지원거점센터입주자모집공고,교육기관,20260826~20260913,시설ㆍ공간ㆍ보육,시설ㆍ공간ㆍ보육
kst,179039,2026년 대구 콘텐츠 스케일업 액셀러레이팅 프로그램 지원사업 참여기업 추가 모집 공고,"지역 내 콘텐츠 기업의 투자유치 역량강화 및 투자유치 기회 제공을 위한
2026년 대구 콘텐츠 스케일업 액셀러레이팅 프로그램 참여기업을 추가 모집하오니, 관심 있는 기업의 많은 참여 바랍니다.",교육/멘토링,공공기관,대구광역시,일반기업,기업,"만 20세 미만,만 20세 이상 ~ 만 39세 이하,만 40세 이상",,,"- 본점 소재지가 대구인 업력 7년 미만(공고시작일 기준) 콘텐츠 기업
- 투자유치를 통한 사업 확장 및 글로벌 시장 진출을 희망하는 기업

- 「보조금 관리에 관한 법률」제31조의2에 따라 보조사업 또는 간접보조사업의 수행이 제한된 기업/대표자
- 정부 또는 공공기관으로부터 동일·유사한 과제를 지원받고 있거나 부정수급·중복수혜 등으로 행정처분을 받은 이력이 있는 기업/대표자
- 우리원의 기술료, 관리비 등 채무가 있는 기업/대표자
- 국세·지방세, 4대 보험료 체납 기업/대표자
- 휴·폐업 중인 기업
- 파산, 회생절차, 개인회생절차의 개시 신청자
- 기타 지원에 부적합하다고 인정되는 경우
※ 해당 조건에 대한 증명은 신청자의 확약서 제출에 의하며, 평가결과 선정되었더라도 위 제외대상 해당 시 선정을 취소할 수 있음",,7년미만,멘토링ㆍ컨설팅ㆍ교육,20260826,20260910,,,이메일 접수: shine@dip.or.kr,https://www.k-startup.go.kr/web/contents/bizpbanc-ongoing.do?schM=view&pbancSn=179039,main,primary,2026년대구콘텐츠스케일업액셀러레이팅프로그램지원사업참여기업추가모집공고,공공기관,20260826~20260910,멘토링ㆍ컨설팅ㆍ교육,멘토링ㆍ컨설팅ㆍ교육
kst,179038,[투자연계&사업화] 더인벤션랩 2026 엣지업 크리에이터스 4기 AX/LX Challenge 모집공고,"2026 엣지업 크리에이터스 4기 AX/LX Challenge 참여 기업을 아래와 같이 모집하오니 
유망 창업 기업의 많은 지원 부탁 드립니다.",창업,민간,전국,"청소년,대학생,일반인,대학,연구기관,일반기업,1인 창조기업","기업,누구나,예비창업자,청년,초기창업기업","만 20세 미만,만 20세 이상 ~ 만 39세 이하,만 40세 이상",,,"2026 엣지업 크리에이터스 4기는 
AX Challenge와 LX Challenge 두 트랙으로 나누어 모집합니다.

1) AX Challenge

[모집 분야]
- Vertical AI Agent (산업군 무관) : 특정 산업 워크플로우를 end-to-end로 대체하는 AI Agent
- Robotics / Physical AI (산업군 무관) : 도메인 에이전트를 물리 현장과 연결하는 로보틱스·피지컬 AI
- AX 인프라: AI Agent·로보틱스의 인프라가 되는 특수 반도체·센서(AI 추론용 특수 반도체 / 환경 인식 센서 / 저전력 하드웨어 등)

[우대조건]
- 모집분야에 해당되는 법인 설립 3년차 미만, TIPS 일반트랙 미수행 초기 창업기업
- 교원창업기업 또는 AI 전문가로 구성된 창업기업
- 구체적인 해외진출 계획 및 실적을 보유한 창업기업

* 위 조건에 해당하지 않아도 지원 가능합니다.

2) LX Challenge

[모집 분야]
- Lifestyle Core (F&B, 뷰티&웰니스, 패션, 컨텐츠 등)
   : 공간 경험을 통해 충성 고객을 만들고, 다양한 수익화 가능성을 보유한 라이프스타일 브랜드

[선별 기준]
- 공간 경험을 통한 충성 고객(재방문) 확보 여부
- 가맹·콜라보·굿즈·데이터 등 다각화된 수익 채널 보유 여부
- 한 매장을 넘어 다른 지역·채널로 확장 가능한 구조
- AI 기반 운영 효율화(재고·CS·디자인 등)로 확장 속도를 높일 수 있는 팀 우대

[우대조건]
- LX 선별기준에 부합하는 초기 창업기업(업력 무관, 예비창업자 가능)
- 라이프스타일 소비재 + 컨텐츠 기업 
- 기존 매장(온/오프라인)을 보유하여 매출 및 고객 데이터 수집이 가능한 기업
- 구체적인 해외진출 계획이 있거나 해외진출 실적을 보유한 기업

* 위 조건에 해당하지 않아도 지원 가능합니다.",,"예비창업자,1년미만,2년미만,3년미만,5년미만,7년미만,10년미만",사업화,20260826,20260928,,,온라인 접수: https://www.edgeup.kr/,https://www.k-startup.go.kr/web/contents/bizpbanc-ongoing.do?schM=view&pbancSn=179038,main,primary,투자연계사업화더인벤션랩2026엣지업크리에이터스4기axlxchallenge모집공고,민간,20260826~20260928,사업화,사업화
kst,179037,2026 모험·도전적 AI 스타트업 투자대상 발굴 경진대회,2026 모험·도전적 AI 스타트업 투자대상 발굴 경진대회 일반관람객 모집을 홍보하오니 참관 희망하는 분들은 안내에 따라 신청하시길 바랍니다.,행사/네트워크,민간,서울특별시,"청소년,대학생,일반인,대학,연구기관,일반기업,1인 창조기업","기업,누구나,스타트업,청년,초기창업기업","만 20세 미만,만 20세 이상 ~ 만 39세 이하,만 40세 이상",,,"투자자, 창업자 및 경진대회에 관심 있는 모든 분",,"예비창업자,1년미만,2년미만,3년미만,5년미만,7년미만,10년미만",행사ㆍ네트워크,20260826,20260916,,,온라인 접수: https://event-us.kr/ktoaventurium/event/133040,https://www.k-startup.go.kr/web/contents/bizpbanc-ongoing.do?schM=view&pbancSn=179037,main,primary,2026모험도전적ai스타트업투자대상발굴경진대회,민간,20260826~20260916,행사ㆍ네트워크,행사ㆍ네트워크
kst,179036,2026년 세종 스타트업 원스톱 지원센터 아카데미 3차,세종창조경제혁신센터의 교육 게획을 다음과 같이 공고하오니 참여를 희망하는 창업팀은 안내에 따라 신청하시길 바랍니다.,창업,민간,대전광역시,"대학생,일반인,대학,연구기관,일반기업,1인 창조기업","기업,누구나,스타트업,청년,초기창업기업","만 20세 미만,만 20세 이상 ~ 만 39세 이하,만 40세 이상",,,"■ 모집 대상: 세종시 소재 (예비)창업기업
   세종지역 내 연구소, 지사 등 사업 거점 보유 기업 포함
■ 모집 인원: 
   프로그램별 20명 내외 (선착순 마감)",,"예비창업자,1년미만,2년미만,3년미만",창업교육,20260825,20260914,,,온라인 접수: https://moaform.com/q/PmNvXC,https://www.k-startup.go.kr/web/contents/bizpbanc-ongoing.do?schM=view&pbancSn=179036,main,primary,2026년세종스타트업원스톱지원센터아카데미3차,민간,20260825~20260914,창업교육,창업교육
kst,179035,2026년도 한국도로공사 청년 AI 스타트업 지원 시범사업,한국도로공사는 혁신적인 AI 기술을 보유한 청년의 창업을 지원하기 위하여 2026년도 [청년 AI 스타트업 지원 시범사업]을 공고하오니 동 사업에 참여하고자 하는 자는 공고문에 따라 신청하시기 바랍니다.,창업,공공기관,전국,"대학생,일반인,대학","누구나,스타트업,예비창업자,청년",만 20세 이상 ~ 만 39세 이하,20,39,"빅데이터 및 AI분야* 청년 예비창업자**
  * 예시) 데이터 수집, 데이터 분석,관리,보안, 데이터플랫폼 등 데이터 솔루션, 인공지능 소프트웨어, 인공지능서비스, 인공지능 하드웨어 등
  ** 만 19세～39세이하 청년으로 신청자 명의의 사업자 등록 및 법인 설립등기를 하지 않은 자",,예비창업자,창업교육,20260814,20260930,,,온라인 접수: https://market.ex.co.kr:5004,https://www.k-startup.go.kr/web/contents/bizpbanc-ongoing.do?schM=view&pbancSn=179035,main,primary,2026년도한국도로공사청년ai스타트업지원시범사업,공공기관,20260814~20260930,창업교육,창업교육
kst,179034,2026년 서울지식재산센터 소상공인 지식재산 인식제고 & 창업 교육,서울지식재산센터는 매년 서울 소재 소상공인을 대상으로 지식재산권(IP) 및 창업 교육을 제공하고 있습니다. 올해에도1차·2차 교육을 아래와 같이 진행하며 교육생을 모집하오니 많은 관심 바랍니다.,교육/멘토링,공공기관,서울특별시,"대학생,일반기업,1인 창조기업","기업,누구나,소상공인,청년,초기창업기업","만 20세 미만,만 20세 이상 ~ 만 39세 이하,만 40세 이상",,,"서울 소재 소상공인 누구나

사업자등록증 상 소상공인이 아닌 경우",,"예비창업자,1년미만,2년미만,3년미만,5년미만,7년미만,10년미만",멘토링ㆍ컨설팅ㆍ교육,20260827,20260903,,,온라인 접수: https://www.ipseoul.kr/Pages/NotificationCenter/NC_DetailView.aspx?guid=4dcacbbd-7fa0-f111-b404-d4f5ef4a1e33&category=100000000,https://www.k-startup.go.kr/web/contents/bizpbanc-ongoing.do?schM=view&pbancSn=179034,main,primary,2026년서울지식재산센터소상공인지식재산인식제고창업교육,공공기관,20260827~20260903,멘토링ㆍ컨설팅ㆍ교육,멘토링ㆍ컨설팅ㆍ교육
kst,179032,메이커 스페이스,"수원대학교 메이커스페이스에서는 예비 및 초기 창업기업의 우수기술의 외부침해 방지를 지원하여 지식재산의 피해를 예방하고 안정적인 제조 창업과 성장을 도모하고자 합니다. 이에, 국내 특허 출원 지원사업을 운영하오니, 특허 확보를 준비 중인 (예비)창업자들의 많은 참여 바랍니다.",시설/공간,교육기관,전국,"청소년,대학생,일반인,대학,연구기관,일반기업,1인 창조기업","기업,누구나,청년,초기창업기업","만 20세 미만,만 20세 이상 ~ 만 39세 이하,만 40세 이상",,,"기술개발이 완료된 예비 창업자 및 업력 3년 미만의 제조 창업기업

1. 사업자등록증 내 업태 [제조업] 미포함 기업 
2. 출원아이템 SW 는 신청 불가합니다.",,3년미만,시설ㆍ공간ㆍ보육,20260826,20260911,,,이메일 접수: jalee21@suwon.ac.kr,https://www.k-startup.go.kr/web/contents/bizpbanc-ongoing.do?schM=view&pbancSn=179032,main,primary,메이커스페이스,교육기관,20260826~20260911,시설ㆍ공간ㆍ보육,시설ㆍ공간ㆍ보육
kst,179031,경기「스담스담」(오픈 네트워킹)  8회차,"경기도 내 스타트업과 분야별 전문가 간 교류를 통해 기업의 성장 역량을 강화하고, 스타트업 간 네트워크를 활성화하기 위한 오픈 네트워킹 프로그램 「스담스담」을 운영합니다.
이번 8회차에서는 「IPO/M&A 관점에서 보는 우리기업」을 주제로 기업의 성장 방향과 기업가치를 살펴보는 전문가 강연 및 참여기업 간 라운드테이블 네트워킹을 진행하오니 많은 관심과 참여 바랍니다.",행사/네트워크,공공기관,경기도,"청소년,대학생,일반인,대학,연구기관,일반기업,1인 창조기업","기업,누구나,청년,초기창업기업","만 20세 미만,만 20세 이상 ~ 만 39세 이하,만 40세 이상",,,경기도내 7년 미만 스타트업 및 스타트업 관계자,,"예비창업자,1년미만,2년미만,3년미만,5년미만,7년미만",행사ㆍ네트워크,20260826,20260901,,,온라인 접수: https://docs.google.com/forms/d/e/1FAIpQLScRrkMrCgbjDQ9OhcLKjvXzhBMcN2oaV7EpYu1sjwo7usSarA/viewform,https://www.k-startup.go.kr/web/contents/bizpbanc-ongoing.do?schM=view&pbancSn=179031,main,primary,경기스담스담오픈네트워킹8회차,공공기관,20260826~20260901,행사ㆍ네트워크,행사ㆍ네트워크
kst,179030,경기 스타트업 아카데미 운영,"경기도경제과학진흥원은 초기 스타트업의 AI 기반 업무체계 구축 및 업무 실행력 강화를 위해「2026년 경기 스타트업 아카데미 링크업 프로그램 – Notion으로 만드는 Startup AI OS」를 운영하오니, 참여를 희망하는 초기 스타트업 대표 및 실무자께서는 안내에 따라 신청하여 주시기 바랍니다.",교육/멘토링,공공기관,경기도,"청소년,대학생,일반인,대학,연구기관,일반기업,1인 창조기업","기업,누구나,스타트업,예비창업자,청년,초기창업기업","만 20세 미만,만 20세 이상 ~ 만 39세 이하,만 40세 이상",,,"예비창업자, 창업기업 대표 및 임직원, 대학(원)생 등
* 창업기업 대표, 재직자 우선선발",,"예비창업자,7년미만",멘토링ㆍ컨설팅ㆍ교육,20260826,20260909,,,온라인 접수: https://www.gsp.or.kr/supportProject/UVSD0001.do?sportSeq=6365,https://www.k-startup.go.kr/web/contents/bizpbanc-ongoing.do?schM=view&pbancSn=179030,main,primary,경기스타트업아카데미운영,공공기관,20260826~20260909,멘토링ㆍ컨설팅ㆍ교육,멘토링ㆍ컨설팅ㆍ교육
kst,179029,2026 해양수산 창업투자 지원사업,"투자기관이 현장에 직접 방문하여 해양수산 기업의 투자를 검토하는 2026년 해양수산 현장방문행사(팸투어) 참여기업을 다음과 같이 모집하오니, 투자유치를 희망하는 해양수산 분야 창업·중소·벤처기업의 많은 참여 바랍니다.",행사/네트워크,공공기관,전국,"청소년,대학생,일반인,일반기업,1인 창조기업","기업,누구나,청년,초기창업기업","만 20세 미만,만 20세 이상 ~ 만 39세 이하,만 40세 이상",,,"투자유치를 희망하는 해양수산 분야 창업·중소·벤처기업

ㅇ (제외대상) 접수 마감일까지 다음 중 하나에 해당하는 경우
    - 기업의 부도, 휴·폐업 중인 경우
    - 세무당국에 의하여 국세, 지방세 등의 체납처분을 받은 경우
    - 「신용정보의 이용 및 보호에 관한 법률」제4조에 따라 허가 받은 신용정보회사에서 기업채무 불이행 등 비정상 또는 불량 거래처로 확인된 경우
    - 파산·회생절차·개인회생 절차의 개시 신청이 이루어진 경우
      * 단, 법원의 인가를 받은 회생/변제 계획에 따라 채무변제를 정상 이행하고 있는 경우 예외",,"예비창업자,1년미만,2년미만,3년미만,5년미만,7년미만,10년미만",행사ㆍ네트워크,20260826,20260907,,,온라인 접수: https://badabom.go.kr/stup/pbanc/detail/view.do?pbancMngNo=S-ANN202600021,https://www.k-startup.go.kr/web/contents/bizpbanc-ongoing.do?schM=view&pbancSn=179029,main,primary,2026해양수산창업투자지원사업,공공기관,20260826~20260907,행사ㆍ네트워크,행사ㆍ네트워크
kst,179028,2026 서울 오픈이노베이션 인사이트 데이,대·중견기업 오픈이노베이션 리더와 실무자가 스타트업 발굴 전략 및 협업·운영 노하우를 공유하는 2026 서울 오픈이노베이션 인사이트 데이를 다음과 같이 개최하오니 많은 참여 부탁드립니다.,행사/네트워크,민간,서울특별시,"청소년,대학생,일반인,대학,연구기관,일반기업,1인 창조기업","기업,누구나,청년,초기창업기업","만 20세 미만,만 20세 이상 ~ 만 39세 이하,만 40세 이상",,,"대·중견기업, 스타트업, AC, VC, 유관기관 등",,"1년미만,2년미만,3년미만,5년미만,7년미만,10년미만",행사ㆍ네트워크,20260826,20260909,,,온라인 접수: https://event-us.kr/hubopen/event/132644,https://www.k-startup.go.kr/web/contents/bizpbanc-ongoing.do?schM=view&pbancSn=179028,main,primary,2026서울오픈이노베이션인사이트데이,민간,20260826~20260909,행사ㆍ네트워크,행사ㆍ네트워크
kst,179027,[부산대학교병원] 「2026년 의료·헬스케어 스타트업 인큐베이터 사업 」오픈이노베이션 지원사업 모집 공고,"의료·헬스케어 스타트업 인큐베이터 사업의 일환으로, 의료·헬스케어 분야 스타트업의 혁신성장과 오픈이노베이션 활성화를 지원하기 위해 프로그램 참여기업을 다음과 같이 모집하오니 많은 관심과 참여 바랍니다.",창업,공공기관,부산광역시,"청소년,대학생,일반인,대학,연구기관,일반기업,1인 창조기업","기업,누구나,스타트업,청년,초기창업기업","만 20세 미만,만 20세 이상 ~ 만 39세 이하,만 40세 이상",,,"의료·헬스케어 전후방 연관 분야의 업력 10년 이내 중소기업 
(부산시 서구 내 본사, 지사, 공장, 부설연구소 등 이전 예정 기업 우대)

공고문 내 &apos;제외 대상&apos; 참조",,"예비창업자,1년미만,2년미만,3년미만,5년미만,7년미만,10년미만",사업화,20260824,20260911,,,이메일 접수: guswl970203@gmail.com,https://www.k-startup.go.kr/web/contents/bizpbanc-ongoing.do?schM=view&pbancSn=179027,main,primary,부산대학교병원2026년의료헬스케어스타트업인큐베이터사업오픈이노베이션지원사업모집공고,공공기관,20260824~20260911,사업화,사업화
kst,179026,서울창업허브 공덕 (우수기업 발굴·육성),"안녕하세요,
서울창업허브 공덕입니다
해외 진출을 준비 중이거나 이미 시도해 보신 스타트업 대표님들께 도움이 될 만한 자리를 소개드립니다.
한국 스타트업은 해외 진출 시 대부분 미국을 먼저 고려하지만, 규제·인증·지속가능성이 중요한 분야라면 오히려 유럽이 더 맞는 선택일 수 있습니다. 명함만 주고받는 전시회형 프로그램이 아니라, 실제 유럽 창업 경험자와 직접 대화할 수 있는 자리를 마련했습니다.
서울창업허브 공덕과 Saint Clair가 함께 준비한 이번 세미나에서, 유럽에서 직접 창업하고 투자·심사 경험을 쌓아온 연사분들에게 ""돈 쓰기 전에"" 꼭 필요한 현실적인 조언을 들어보세요.",시설/공간,공공기관,서울특별시,"청소년,대학생,일반인,대학,연구기관,일반기업,1인 창조기업","기업,누구나,청년,초기창업기업","만 20세 미만,만 20세 이상 ~ 만 39세 이하,만 40세 이상",,,서울 소재 스타트업,,"예비창업자,1년미만,2년미만,3년미만,5년미만,7년미만,10년미만",시설ㆍ공간ㆍ보육,20260825,20260908,,,온라인 접수: https://hubgongdeok.startup-plus.kr/project/PRJ007454,https://www.k-startup.go.kr/web/contents/bizpbanc-ongoing.do?schM=view&pbancSn=179026,main,primary,서울창업허브공덕우수기업발굴육성,공공기관,20260825~20260908,시설ㆍ공간ㆍ보육,시설ㆍ공간ㆍ보육
kst,179025,「2026년 제3회 부기테크 투자쇼」상담회 참가기업 모집공고,부산광역시와 부산기술창업투자원은 지역 내 성장가능성을 보유한 창업기업의 투자유치 활성화를 위해「2026년 제3회 부기테크 투자쇼」상담회 참가기업을 다음과 같이 모집하오니 많은 신청 바랍니다.,행사/네트워크,공공기관,부산광역시,"일반기업,1인 창조기업","기업,초기창업기업","만 20세 미만,만 20세 이상 ~ 만 39세 이하,만 40세 이상",,,"부․울․경 소재* 기업이자 투자유치를 희망하는 기술기반 기업 중 ①투자유치 이력이 있거나 ②제품 출시 및 사업화 성과 보유 기업
 * 부․울․경 소재: 법인등기부등본상 본사(지사,지점 포함) 영업점 또는 연구소, 공장 중 하나 이상 부산, 울산, 경남 소재 해당 또는 부산 이전 수요가 있는 기업
  * 사업화 성과 : 매출, 납품계약, 해외진출 등",,"예비창업자,1년미만,2년미만,3년미만,5년미만,7년미만,10년미만",행사ㆍ네트워크,20260825,20260902,,,온라인 접수: https://busanstartup.kr/biz_sup/2229?mcode=biz02,https://www.k-startup.go.kr/web/contents/bizpbanc-ongoing.do?schM=view&pbancSn=179025,main,primary,2026년제3회부기테크투자쇼상담회참가기업모집공고,공공기관,20260825~20260902,행사ㆍ네트워크,행사ㆍ네트워크
kst,179024,2026년 컴퍼니빌더형 기술·경영 컨설팅 지원사업 TechBiz Venture Clinic 참가 기업 모집,"주식회사 단국대학교 기술지주회사, 씨엔티테크, 충남산학융합원은 공공 및 대학이 보유한 우수기술의 사업화를 촉진하고 기술기반 창업기업의 성장을 지원하기 위하여 「2026 컴퍼니빌더형 기술·경영 컨설팅 지원사업(TechBiz Venture Clinic)」을 공동 운영합니다. 본 사업은 기업별 성장단계와 사업화 수준을 고려한 맞춤형 전문가 컨설팅을 통해 기술사업화, 투자유치, 사업화 전략 수립 및 후속연계를 지원하고자 다음과 같이 참여기업을 모집합니다.",교육/멘토링,민간,전국,"대학생,일반인,대학,일반기업,1인 창조기업","기업,누구나,예비창업자,청년,초기창업기업","만 20세 미만,만 20세 이상 ~ 만 39세 이하,만 40세 이상",,,"공공기술 및 대학 보유 기술을 활용하거나 이를 통해 사업모델 고도화를 희망하는 예비창업자 및 창업 7년 이내 스타트업
 ※ AI, ICT, 반도체, 바이오, 로봇, 미래모빌리티, 에너지, 첨단소재, 우주항공, 디지털헬스케어 등",,"예비창업자,7년미만",멘토링ㆍ컨설팅ㆍ교육,20260825,20261130,,,온라인 접수: https://forms.gle/noKj8CszVCfwLKRX8,https://www.k-startup.go.kr/web/contents/bizpbanc-ongoing.do?schM=view&pbancSn=179024,main,primary,2026년컴퍼니빌더형기술경영컨설팅지원사업techbizventureclinic참가기업모집,민간,20260825~20261130,멘토링ㆍ컨설팅ㆍ교육,멘토링ㆍ컨설팅ㆍ교육
kst,179023,KAC 한국공항공사 항공산업분야 창업 인큐베이팅 프로그램,"KAC 한국공항공사 창업 인큐베이팅 프로그램 참여자를 모집합니다. - 'CRAFT YOUR RUNWAY!'
2026년 한국공항공사 창업 인큐베이팅 프로그램 참여자 모집계획을 다음과 같이 공고하오니, 참여를 희망하는 예비창업자는 안내에 따라 신청하기 바랍니다.",창업,민간,전국,"대학생,일반인,대학,연구기관,일반기업,1인 창조기업","기업,누구나,예비창업자,청년,초기창업기업","만 20세 미만,만 20세 이상 ~ 만 39세 이하,만 40세 이상",,,"항공산업과 연계된 아이디어를 가진 전업, 겸업 예비창업자 15인
(모집분야: 공항건설분야, 공항운영분야, 항공관광분야 및 기타 — 항공산업 전 분야, 기타 분야도 지원 가능)",,예비창업자,창업교육,20260825,20260907,,,온라인 접수: www.te.university/teu-aviation,https://www.k-startup.go.kr/web/contents/bizpbanc-ongoing.do?schM=view&pbancSn=179023,main,primary,kac한국공항공사항공산업분야창업인큐베이팅프로그램,민간,20260825~20260907,창업교육,창업교육
kst,179022,양주시청년센터,"창업을 먼저 경험한 선배 창업가와 투자자의 생생한 이야기를 듣고, 창업 지원사업부터 네트워킹까지 관심있는 청년 창업가분들의 많은 참여 부탁드립니다.",교육/멘토링,지자체,경기도,"청소년,대학생,일반인,대학,연구기관,일반기업,1인 창조기업","기업,누구나,청년,초기창업기업",만 20세 이상 ~ 만 39세 이하,20,39,19세~39세 청년 창업가,,"예비창업자,1년미만,2년미만,3년미만,5년미만,7년미만,10년미만",멘토링ㆍ컨설팅ㆍ교육,20260825,20260901,,,온라인 접수: yangju.go.kr/youth/eduLctreWebView.do?key=3180&eduLctreNo=13010&searchEduInsttNo=&searchEduPlaceNo=&searchEduSttus=&searchRceptBgnde=&searchRceptEndde=&pageUnit=20&searchCnd=all&searchKrwd=&pageIndex=1,https://www.k-startup.go.kr/web/contents/bizpbanc-ongoing.do?schM=view&pbancSn=179022,main,primary,양주시청년센터,지자체,20260825~20260901,멘토링ㆍ컨설팅ㆍ교육,멘토링ㆍ컨설팅ㆍ교육
kst,179020,창업부트캠프 바이오큐브 17차 교육 신청 안내,"한국바이오협회는 예비창업자 및 창업 초기기업부터 기업 상장까지 기업의 성장 단계별 지원을 통해 산업 생태계의 지속가능한 발전을 지원하는 선순환 플랫폼 Venture Playground를 운영하고 있습니다. 
Venture Playground의 일환으로 예비창업자 및 창업 초기기업(7년 이내)를 대상으로 아래와 같이 제17회 창업부트캠프(Bio Cube)를 개최하오니, 많은 관심과 참여를 부탁드립니다.",교육/멘토링,민간,전국,"대학생,일반인,대학,일반기업,1인 창조기업","기업,누구나,청년,초기창업기업","만 20세 미만,만 20세 이상 ~ 만 39세 이하,만 40세 이상",,,바이오 분야 예비 창업자 및 창업 초기기업(7년 이내) 관계자,,"예비창업자,1년미만,2년미만,3년미만,5년미만,7년미만",멘토링ㆍ컨설팅ㆍ교육,20260825,20260930,,,이메일 접수: koreabio3@koreabio.org,https://www.k-startup.go.kr/web/contents/bizpbanc-ongoing.do?schM=view&pbancSn=179020,main,primary,창업부트캠프바이오큐브17차교육신청안내,민간,20260825~20260930,멘토링ㆍ컨설팅ㆍ교육,멘토링ㆍ컨설팅ㆍ교육
kst,179019,2026년 구미시 스타트업 필드 4차 입주기업 모집 공고,구미시에서 우수 기술을 보유한 창업기업 발굴 및 육성하기 위해 조성한 스타트업 필드의 입주기업을 다음과 같이 모집 공고합니다.,시설/공간,공공기관,경상북도,"대학생,일반인,일반기업,1인 창조기업","기업,누구나,스타트업,예비창업자,청년,초기창업기업","만 20세 미만,만 20세 이상 ~ 만 39세 이하,만 40세 이상",,,"1. 예비창업 또는 창업 후 7년 이내 창업 기업
2. 사업장 주소 : 구미소재 기업 및 구미(본사)로 이전 계획 기업
- 선정 후 60일 이내 본사 소재 및 근로자(대표 포함) 70% 이전 필

공고문 참고",,"예비창업자,1년미만,2년미만,3년미만,5년미만,7년미만",시설ㆍ공간ㆍ보육,20260825,20260914,,,온라인 접수: startup.geri.re.kr,https://www.k-startup.go.kr/web/contents/bizpbanc-ongoing.do?schM=view&pbancSn=179019,main,primary,2026년구미시스타트업필드4차입주기업모집공고,공공기관,20260825~20260914,시설ㆍ공간ㆍ보육,시설ㆍ공간ㆍ보육
kst,179018,2026년 중동상황 대응 「수출위기 극복 물류지원금」 지원사업 모집,"중동 사태 장기화에 따른 글로벌 물류 차질 및 물류비 상승에 대응하고, 서울 소재 중소기업의 수출 부담을 완화하여 안정적인 수출 활동을 지원하기 위해 「2026년 중동상황 대응 수출위기 
극복 물류지원금 지원사업」을 다음과 같이 공고하오니, 참여를 희망하는 기업은 관련 규정 및 절차에 따라 신청하여 주시기 바랍니다",판로/수출,공공기관,서울특별시,"일반기업,1인 창조기업","기업,초기창업기업","만 20세 미만,만 20세 이상 ~ 만 39세 이하,만 40세 이상",,,"서울 소재 수출기업으로서, 아래의 ①, ②, ③ 요건을 모두 충족하는 기업

- 기업소재지 : 「중소기업기본법」 제2조에 따른 중소기업으로서, 본사 또는 독립된 사업장(지사 등)이 서울특별시에 소재하며, 해당 사업장을 기준으로 지방세 납세의무가 있는 중소기업
- 대상 국가 : 기존 지원대상 국가를 포함한 중동·유럽·아프리카 지역 국가를 최종 수출 목적지로 하거나, 해당 국가를 경유하는 항로를 이용한 수출 건
- 자격 요건 : 수출자가 운임을 부담하는 인코텀즈 C조건(CFR·CIF·CPT·CIP), D조건(DAP·DPU·DDP)에 한해 지원",,"예비창업자,1년미만,2년미만,3년미만,5년미만,7년미만,10년미만",판로ㆍ해외진출,20260820,20261231,,,온라인 접수: https://www.sba.seoul.kr/Pages/BusinessApply/PostingDetail.aspx?p=0&mid=fd88d79b-529c-f111-b404-d4f5ef4a1e33,https://www.k-startup.go.kr/web/contents/bizpbanc-ongoing.do?schM=view&pbancSn=179018,main,primary,2026년중동상황대응수출위기극복물류지원금지원사업모집,공공기관,20260820~20261231,판로ㆍ해외진출,판로ㆍ해외진출
kst,179017,중동상황대응  [수출위기극복 및 대체시장 개척]  심화컨설팅,"서울경제진흥원(SBA)에서는 미·이란 분쟁 등 중동 상황 장기화로 인해 물류·대금·계약 애로를 겪거나, 새로운 대체시장으로 진출하려는 서울 소재 중소기업을 위해 「수출 위기극복 및 대체시장 개척 심화 컨설팅 지원사업」을 공고합니다.",교육/멘토링,공공기관,서울특별시,"일반기업,1인 창조기업","기업,초기창업기업","만 20세 미만,만 20세 이상 ~ 만 39세 이하,만 40세 이상",,,"서울소재 중소기업
- 중동 수출 이력 보유 기업
- 중동 진출(재진출) 희망 기업",,"예비창업자,1년미만,2년미만,3년미만,5년미만,7년미만,10년미만",멘토링ㆍ컨설팅ㆍ교육,20260820,20260909,,,온라인 접수: https://www.sba.seoul.kr/Pages/BusinessApply/PostingDetail.aspx?p=0&mid=dd497bd9-4d9c-f111-b404-d4f5ef4a1e33,https://www.k-startup.go.kr/web/contents/bizpbanc-ongoing.do?schM=view&pbancSn=179017,main,primary,중동상황대응수출위기극복및대체시장개척심화컨설팅,공공기관,20260820~20260909,멘토링ㆍ컨설팅ㆍ교육,멘토링ㆍ컨설팅ㆍ교육
kst,179016,2026 이화여대 모두의 창업 2기 프로젝트 사업설명회,"이화여자대학교에서 2026년 모두의창업 2차 프로젝트 사업설명회를 다음과 같이 개최하오니
관심 있으신 대표님들의 많은 참여 부탁드립니다.",교육/멘토링,교육기관,전국,"청소년,대학생,일반인,대학,연구기관,일반기업,1인 창조기업","기업,누구나,예비창업자,청년,초기창업기업","만 20세 미만,만 20세 이상 ~ 만 39세 이하,만 40세 이상",,,"혁신적인 아이디어를 보유한 전국민 누구나
*신청요건: 예비창업자 또는 업력 7년 이내(공고일(26.08.20) 기준) 이종 창업 기업",,"예비창업자,7년미만",멘토링ㆍ컨설팅ㆍ교육,20260825,20260903,,,온라인 접수: https://docs.google.com/forms/d/1reGoXRnYLTu3wIKdP-NbR6lA-RrKIlbIFbbqMq9bdfI/edit,https://www.k-startup.go.kr/web/contents/bizpbanc-ongoing.do?schM=view&pbancSn=179016,main,primary,2026이화여대모두의창업2기프로젝트사업설명회,교육기관,20260825~20260903,멘토링ㆍ컨설팅ㆍ교육,멘토링ㆍ컨설팅ㆍ교육
kst,179015,K-패션 브랜드 글로벌 런웨이 참가·개최 지원사업 참여기업 모집,서울경제진흥원 패션기업육성팀에서는 서울 패션 브랜드들의 글로벌 런웨이 참가·개최 지원을 통한 K-패션 글로벌 경쟁력 강화 및 해외 바이어 네트워크 구축을 위해 글로벌 런웨이 참가·개최를 지원하고자 하오니 해외 런웨이를 희망하는 패션 브랜드들의 많은 관심 부탁드립니다.,판로/수출,공공기관,서울특별시,일반기업,기업,"만 20세 미만,만 20세 이상 ~ 만 39세 이하,만 40세 이상",,,"[지원대상]: 패션 분야 글로벌 런웨이 참가·개최를 희망하는 서울 소재 중소기업
- 신청일 기준 서울 소재 사업장, 연구소, 지사 등을 보유하고 있는 기업(사업자등록증상)
- 공정거래위원회 기준 대기업 및 계열사에 해당하지 않는 사업자(브랜드)
- 패션쇼 참가·개최 경험 2회 이상(국내외 패션위크, 공공 또는 민간 주관 패션쇼, 공식 초청 런웨이 등)
- 2시즌 이상 컬렉션 제작 및 국내외 세일즈 경험이 있는 브랜드(룩북, 라인시트, 연도벌 매출/수출실적 등 확인 가능 서류 증빙 필수)
- 2025년 기준 연매출 5억원 이상(부가가치세 과세표준증명 기준)

· 「K-패션 브랜드 글로벌 팝업 지원사업(1차) 및 (2차)」 최종 선정기업인 경우
· 접수마감일까지 계획서 등 제반서류를 제출 완료하지 않거나 제출양식을 준수하지 않은 경우
· 국세·지방세 체납이 확인되었거나 금융기관 채무 불이행인 경우
· 접수 마감일 기준 기업 부도, 휴·폐업 중인 경우
· 접수 마감일 기준 정부사업 참여제한(부정수급) 등 제재조치 대상일 경우
· 신청서 및 제출서류 등이 허위이거나 거짓인 경우
· 기타 본 사업목적 및 지원분야 등으로 적정하지 않다고 판단되는 경우",,"2년미만,3년미만,5년미만,7년미만,10년미만",글로벌,20260825,20260907,,,온라인 접수: https://app.catchsecu.com/project/cae96b2ecba656d/form,https://www.k-startup.go.kr/web/contents/bizpbanc-ongoing.do?schM=view&pbancSn=179015,main,primary,k패션브랜드글로벌런웨이참가개최지원사업참여기업모집,공공기관,20260825~20260907,글로벌,글로벌
kst,179013,2026년도 재도전응원본부 재창업 특화교육ㆍ컨설팅,"? 창업에 다시 도전하는 (예비)재창업자를 모집합니다!
폐업 경험을 보유한 (예비)재창업자를 대상으로 실패 원인을 분석하고, 
재창업에 필요한 교육부터 맞춤형 컨설팅, IR까지 단계별로 지원합니다.
(예비)재창업자분들의 많은 신청 부탁드립니다.",교육/멘토링,공공기관,전국,"청소년,대학생,일반인,대학,연구기관,일반기업,1인 창조기업","기업,누구나,청년,초기창업기업","만 20세 미만,만 20세 이상 ~ 만 39세 이하,만 40세 이상",,,"- 폐업 이력이 있는 (예비)재창업자 200명
※ 본 사업 신청일 이전 폐업이력 보유 필수
※ 분야 제한 없음",,"예비창업자,1년미만,2년미만,3년미만,5년미만,7년미만,10년미만",멘토링ㆍ컨설팅ㆍ교육,20260824,20260904,,,온라인 접수: https://buly.kr/FWVcrMg,https://www.k-startup.go.kr/web/contents/bizpbanc-ongoing.do?schM=view&pbancSn=179013,main,primary,2026년도재도전응원본부재창업특화교육ㆍ컨설팅,공공기관,20260824~20260904,멘토링ㆍ컨설팅ㆍ교육,멘토링ㆍ컨설팅ㆍ교육
kst,179012,코리아 핀테크 위크 2026  「핀테크 스타트업 1:1 투자 밋업」 참여기업 모집,"한국성장금융투자운용은 핀테크 스타트업의 투자 유치를 지원하기 위하여 (11.25.(수) ~ 11.27.(금))에서 스타트업과 전문투자자가 1:1로 만날 수 있는 “핀테크 스타트업 1:1 투자 밋업”을 개최하고자 합니다. 
핀테크 스타트업뿐만 아니라, 핀테크 영역으로의 사업 확장을 고민 중인 스타트업이라면 누구나 사업 고도화에서부터 투자 유치 전략까지 다양한 영역의 상담을 제공할 예정이오니 많은 기업분들의 적극적인 참여를 바랍니다.",교육/멘토링,민간,전국,일반기업,"기업,누구나,스타트업","만 20세 미만,만 20세 이상 ~ 만 39세 이하,만 40세 이상",,,핀테크 스타트업뿐만 아니라 핀테크 영역으로서의 사업 확장을 고민 중인 스타트업 누구나(선착순),,"예비창업자,1년미만,2년미만,3년미만,5년미만,7년미만,10년미만",멘토링ㆍ컨설팅ㆍ교육,20260824,20261026,,,온라인 접수: https://event-us.kr/fintech2026/event/132813,https://www.k-startup.go.kr/web/contents/bizpbanc-ongoing.do?schM=view&pbancSn=179012,main,primary,코리아핀테크위크2026핀테크스타트업11투자밋업참여기업모집,민간,20260824~20261026,멘토링ㆍ컨설팅ㆍ교육,멘토링ㆍ컨설팅ㆍ교육
kst,179011,창업보육센터 지원,"경기도일자리재단이 운영하는 창업보육센터에서는 도내 여성의 창업을 촉진시키고, 유망한 여성기업인을 양성하기 위하여 창업활동 지원공간을 제공합니다. 이에, 우수한 사업 비전과 아이템을 보유한 여성예비창업자 및 창업초기 여성기업인을 다음과 같이 모집합니다.",시설/공간,공공기관,경기도,일반기업,"기업,예비창업자","만 20세 이상 ~ 만 39세 이하,만 40세 이상",,,"○입주모집 공고일 현재 경기도 내에 주소를 둔 여성 예비창업자
○입주모집 공고일 현재 경기도 내에 주된 사무소를 둔 창업 후 3년 이내의 여성기업
※ 센터 입주 후에는 반드시 주 사업장을 센터에 두어야 함.

○타창업보육센터 입주경력자(중소벤처기업부 고시 제2021-90호)
○중소기업창업지원법 시행령 제4조(창업에서 제외되는 업종)에 해당하는 자",,3년미만,시설ㆍ공간ㆍ보육,20260814,20260915,,,온라인 접수: https://www.dreammaru.or.kr/www/selectBbsNttView.do?key=3913&bbsNo=356&nttNo=81238&searchCtgry=&searchCnd=all&searchKrwd=&pageIndex=1&integrDeptCode=&aditfield2=&searchType=&searchBgnde=&searchEndde=,https://www.k-startup.go.kr/web/contents/bizpbanc-ongoing.do?schM=view&pbancSn=179011,main,primary,창업보육센터지원,공공기관,20260814~20260915,시설ㆍ공간ㆍ보육,시설ㆍ공간ㆍ보육
kst,179010,2026 오픈소스 로봇 손(Amazing Hand)으로 배우는 Physical AI 실습 교육,"(예비)창업자 및 중소기업, 대학(원)생 대상으로 오픈소스 로봇 손(Amazing Hand)과 생성형 AI 기반 로봇 제어 및 피지컬 AI (Physical AI) 실습 교육 프로그램을 다음과 같이 진행하오니 많은 관심과 신청 바랍니다.",교육/멘토링,공공기관,경기도,"대학생,일반인,일반기업,1인 창조기업","기업,누구나,청년,초기창업기업","만 20세 이상 ~ 만 39세 이하,만 40세 이상",,,"경기도 내 (예비)창업자, 창업 7년 이내 중소기업, 일반인 등",,"예비창업자,1년미만,2년미만,3년미만,5년미만,7년미만",멘토링ㆍ컨설팅ㆍ교육,20260824,20260911,,,온라인 접수: https://www.aictms.or.kr/core/?cid=29&role=programview&pSeq=5071&tab=,https://www.k-startup.go.kr/web/contents/bizpbanc-ongoing.do?schM=view&pbancSn=179010,main,primary,2026오픈소스로봇손amazinghand으로배우는physicalai실습교육,공공기관,20260824~20260911,멘토링ㆍ컨설팅ㆍ교육,멘토링ㆍ컨설팅ㆍ교육
kst,179009,2026 경기 스타트업 서밋(G-SUMMIT 2026) 사전등록 오픈,2026 경기 스타트업 서밋(G-SUMMIT 2026) 일반참관객 사전등록이 오픈되었습니다. 창업에 관심있는 누구나 신청 가능하오니 많은 관심 부탁드립니다.,행사/네트워크,공공기관,경기도,"청소년,대학생,일반인,대학,연구기관,일반기업,1인 창조기업","기업,누구나,스타트업,청년,초기창업기업","만 20세 미만,만 20세 이상 ~ 만 39세 이하,만 40세 이상",,,"(예비) 창업자, 투자사, 유관기관 등 창업에 관심있는 누구나",,"예비창업자,1년미만,2년미만,3년미만,5년미만,7년미만,10년미만",행사ㆍ네트워크,20260824,20261013,,,온라인 접수: https://gsummit.micehub-gov.com/fairEvent2.do?EVENT_IDX=546&FAIRMENU_IDX=24424&hl=KOR,https://www.k-startup.go.kr/web/contents/bizpbanc-ongoing.do?schM=view&pbancSn=179009,main,primary,2026경기스타트업서밋gsummit2026사전등록오픈,공공기관,20260824~20261013,행사ㆍ네트워크,행사ㆍ네트워크
kst,179008,2026년도 ｢서울 관광스타트업 육성 지원(상생협력) 사업｣ 공모,서울시는 서울관광 경쟁력 강화를 위해 외래관광객 여행 편의를 개선하는 독창적인콘텐츠·서비스를개발하고자 서울관광스타트업육성지원(상생협력)사업을 추진할 업체를 공모하오니 많은 참여 바랍니다.,창업,민간,서울특별시,"청소년,대학생,일반인,대학,연구기관,일반기업,1인 창조기업","기업,누구나,스타트업,청년,초기창업기업","만 20세 미만,만 20세 이상 ~ 만 39세 이하,만 40세 이상",,,"○ 공모대상 :  외래관광객을 대상으로 하는 서비스 및 콘텐츠 개발·운영 사업 
－ 외래관광객 대상 독창적인 콘텐츠를 갖춘 관광 서비스 제공 사업
－ 시 주요 정책과 협력하여 관광산업 측면에서 상승효과를 낼 수 있는 사업
○ 서울특별시 소재*  창업 7년 이내 개인사업자 또는 중소기업 법인
*서울  내  본점,  지사,  지점,  연구소,  공장 포함  1곳  이상 주소지  보유
－ 설립연월일 기준 2019. 9. 9. 이후 창업기업
※ 중소기업창업지원법 제2조(정의)창업기업:  중소기업을  창업하여 사업을  개시한 날부터  7년이  지나지  아니한 기업(법인과 개인사업자  포함)
○ 접수 마감일까지 다음 중 하나의 요건을 갖춘 개인 또는 단체
－ ｢중소기업기본법｣에 따른 중소기업
－ ｢사회적기업 육성법｣에 따른 사회적기업
－ ｢서울특별시 사회적기업 육성에 관한 조례｣에 따른 예비사회적기업
－ ｢협동조합기본법｣에 따른 협동조합
※법인사업자의 경우 중소기업임을 입증할 수 있는 서류로 중소기업청장 발행의 중소기업확인서 제출 
※복수의 기업이 컨소시엄을 구성하여 참여하는 경우, 해당 기업 모두 위의 요건을 갖춰야 함

○ 다음 조건에 해당하지 않는 개인 또는 단체
－ 정부기관, 서울시 및 자치구에서 동일한 사업으로 사업비를 지원받고 있거나 지원받기로 예정된 기업",,"1년미만,2년미만,3년미만,5년미만,7년미만",사업화,20260825,20260909,,,온라인 접수: https://forms.gle/Y2azH772EMBs8qgu9,https://www.k-startup.go.kr/web/contents/bizpbanc-ongoing.do?schM=view&pbancSn=179008,main,primary,2026년도서울관광스타트업육성지원상생협력사업공모,민간,20260825~20260909,사업화,사업화
kst,179006,2026년 기술 기반 창업·스케일업 지원 액셀러레이팅 프로그램 모집 공고 2차,"구·경북 지역 내 유망한 기술 기반 (예비)창업자를 발굴하고, 사업화 지원, 맞춤형 멘토링, 직접 투자 및 TIPS 연계 등 기업의 고속 성장을 도모하고자
「2026 기술기반 창업·스케일업 지원 액셀러레이팅 프로그램(특화산업형)」 참가기업 모집을 다음과 같이 공고하오니, 참여를 희망하는 기업은 안내에 따라 신청해 주시기 바랍니다.",교육/멘토링,민간,대구광역시,"대학생,일반인,대학,연구기관,일반기업,1인 창조기업","기업,누구나,청년,초기창업기업","만 20세 미만,만 20세 이상 ~ 만 39세 이하,만 40세 이상",,,"경북대 교원 및 학생 (예비)창업기업, 학내 입주기업
- 예비 창업자 또는 7년 이내 초기 창업자
- 재학생 및 휴학생",,"예비창업자,1년미만,2년미만,3년미만,5년미만,7년미만",멘토링ㆍ컨설팅ㆍ교육,20260824,20260827,,,이메일 접수: ghson@tbizip.com,https://www.k-startup.go.kr/web/contents/bizpbanc-ongoing.do?schM=view&pbancSn=179006,main,primary,2026년기술기반창업스케일업지원액셀러레이팅프로그램모집공고2차,민간,20260824~20260827,멘토링ㆍ컨설팅ㆍ교육,멘토링ㆍ컨설팅ㆍ교육
kst,179005,'26-2차 KHNP AI(아이)누리 입주기업 공모,"한국수력원자력(주)은 AI 스타트업 기업 발굴 및 육성을 위한 '26-2차 KHNP AI(아이)누리 입주기업'을 다음과 같이 공모하오니 에너지 분야 진출을 희망하는 AI 스타트업 기업은
신청하여 주시기 바랍니다",시설/공간,공공기관,전국,"일반기업,1인 창조기업","기업,초기창업기업","만 20세 이상 ~ 만 39세 이하,만 40세 이상",,,(공고일 기준)  창업 7년 미만 창업 기업,,"1년미만,2년미만,3년미만,5년미만,7년미만",시설ㆍ공간ㆍ보육,20260824,20260911,,,온라인 접수: https://www.winwinnuri.or.kr/pg/businessView.do?pageNumber=1&prgIdH=14807&bizIdH=35585&returnUrl=%2Fpg%2FselectEdPgSearchList.do,https://www.k-startup.go.kr/web/contents/bizpbanc-ongoing.do?schM=view&pbancSn=179005,main,primary,262차khnpai아이누리입주기업공모,공공기관,20260824~20260911,시설ㆍ공간ㆍ보육,시설ㆍ공간ㆍ보육
kst,179004,2026년 한국지역난방공사 창업·벤처기업 지원사업 참여기업 모집,"한국지역난방공사 業 연계분야 및 미래기술(AX·GX) 분야의 유망 창업·벤처기업을 발굴·육성하고 성장을 지원하고자 참여기업을 모집하오니, 많은 관심과 참여 바랍니다.",창업,민간,전국,"일반기업,1인 창조기업","기업,초기창업기업","만 20세 미만,만 20세 이상 ~ 만 39세 이하,만 40세 이상",,,"모집공고일 기준 창업 7년 이내 창업기업 또는 벤처기업

☞ 금융기관 등으로부터 채무불이행으로 규제중인 자(기업)
   * 단, 신청·접수 마감일까지 채무변제 완료 후 증빙이 가능한 자(기업), 신용회복위원회의 프리워크아웃,   개인워크아웃 제도에서 채무조정합의서를 체결한 경우, 법원의 개인회생제도에서 변제계획인가를 받거나 파산면책 선고자, 회생인가를 받은 기업, 중소기업진흥공단 등으로부터 재창업자금을 지원 받은 자(기업), 건강관리시스템 기업구조 개선진단을 통한 정상화 의결기업 등 정부․공공기관으로부터 재기지원 필요성을 인정받은 자(기업)는 신청(지원) 가능
 ☞ 국세 또는 지방세 체납으로 규제중인 자(기업)
   * 단, 세금분납계획에 따른 성실납부기업(체납처분유예신청), 신청·접수 마감일까지 국세, 지방세 등의 특수채무 변제 후 증빙이 가능한 자(기업), 중소기업진흥공단 등으로부터 재창업자금을 지원 받은 자(기업), 건강관리시스템 기업구조 개선진단을 통한 정상화 의결기업 등 정부․공공기관으로부터 재기지원 필요성을 인정받은 자(기업)는 신청(지원) 가능
 ☞ 신청일 현재 휴업 중인 자(기업)
 ☞ 중소기업창업지원법 시행령 제4조의 업종을 영위하고 있거나 또는 영위하고자 하는 자(기업)
 ☞ 사업비 잔액 및 불인정금액 등의 환수 불이행으로 사업비 회수조치(채권추심, 법적 행정절차 등) 진행 이력이 있는 자(기업)
 ☞ 사업비 부정청구로 인한 부정이익 환수 요청에 불응한 자(기업) 
 ☞ 기타 출연기관(한국지역난방공사)이 참여제한의 사유가 있다고 인정하는 자(기업)
 ☞ 사업에 선정되어 수행 중 위 사실이 확인되는 경우 지원금 환수 조치됨 
 ☞ 지원자격에 미달하거나, 유효한 적격 증빙서류 제출이 불가한 기업
 ☞ 과거 우리공사 상생형 창업·벤처기업 지원사업을 통해 지원받은 이력이 있는 기업",,7년미만,사업화,20260819,20260828,,,이메일 접수: hn_ongi@koef.or.kr,https://www.k-startup.go.kr/web/contents/bizpbanc-ongoing.do?schM=view&pbancSn=179004,main,primary,2026년한국지역난방공사창업벤처기업지원사업참여기업모집,민간,20260819~20260828,사업화,사업화
kst,179003,2026년『고양시 투자 레벨업 프로그램 NEXT ROUND』모집 공고,"고양산업진흥원(이하 진흥원)은 고양시 유망 기업의 투자 경쟁력 강화를 위해『고양시 투자 레벨업 프로그램 NEXT ROUND』사업 참가기업을 아래와 같이 모집하오니, 많은 관심과 참여 바랍니다.",판로/수출,공공기관,경기도,"청소년,대학생,일반인,대학,연구기관,일반기업,1인 창조기업","기업,누구나,청년,초기창업기업","만 20세 미만,만 20세 이상 ~ 만 39세 이하,만 40세 이상",,,"[필수 조건]
- 투자유치를 희망하는 고양시 소재(지사, 연구소 포함) 기업
- AI, ICT, 바이오, 콘텐츠, 제조 등 기술 기반 제품·서비스를 보유한 기술창업 분야 기업
  ※ 창업 연차 제한 없음

[우대 사항]
- 공고일 기준 2년 이내 누적 1,000만원 이상 민간 투자 유치 이력이 있는 기업
- 2024년, 2025년 고양산업진흥원의 ‘혁신 창업 스타트업 아카데미’ 수료 기업

○ 중소기업창업 지원법 시행령(4조)에 따른 제외 업종
○ 부도, 휴·폐업 기업, 금융기관 등의 채무 불이행으로 규제 중인 경우
○ 정부 기관 등으로부터 제재 처분이 확정되었거나, 불공정 행위 또는 사회적 물의를 일으킨 경우
○ 신청일 기준 국세ㆍ지방세 미납일 경우
○ 채무불이행으로 규제 중이거나 부도, 화의, 법정관리 등 정상적으로 금융거래가 불가능한 경우
○ 최근 결산 기준, 완전 자본 잠식(전액 자본 잠식)인 경우(단, 창업 3년 미만 기업은 제외)
○ 진흥원과의 협약 및 계약 위반 등으로 참여 제한 조치 중인 경우",,"예비창업자,1년미만,2년미만,3년미만,5년미만,7년미만,10년미만",판로ㆍ해외진출,20260824,20260909,,,이메일 접수: kevinyoo@startrun.co.kr,https://www.k-startup.go.kr/web/contents/bizpbanc-ongoing.do?schM=view&pbancSn=179003,main,primary,2026년고양시투자레벨업프로그램nextround모집공고,공공기관,20260824~20260909,판로ㆍ해외진출,판로ㆍ해외진출
kst,179002,창업보육센터 지원,한국외국어대학교 창업보육센터는 우수한 아이템과 혁신기술을 보유한 예비·신규창업자를 발굴 및 육성지원하기 위해 다음과 같이 창업기업 입주모집을 공고하오니 많은 관심과 참여 바랍니다.,시설/공간,교육기관,경기도,"일반인,일반기업,1인 창조기업","기업,누구나,예비창업자,초기창업기업","만 20세 미만,만 20세 이상 ~ 만 39세 이하,만 40세 이상",,,"- 예비창업자
- 3년미만 창업기업",,"예비창업자,3년미만",시설ㆍ공간ㆍ보육,20260824,20260930,,,이메일 접수: sjm@hufs.ac.kr,https://www.k-startup.go.kr/web/contents/bizpbanc-ongoing.do?schM=view&pbancSn=179002,main,primary,창업보육센터지원,교육기관,20260824~20260930,시설ㆍ공간ㆍ보육,시설ㆍ공간ㆍ보육
kst,179001,2026년 위치정보 보호조치 교육 (5차),"방송미디어통신위원회와 한국인터넷진흥원이 추진하는 「2026년 위치정보 보호조치 교육」을 안내드립니다.
위치정보 활용 과정에서 법적 의무나 보호조치 이행 기준 등이 막연하게 느껴졌다면, 이번 교육을 통해 사업 운영에 필요한 기본 사항을 점검해보시기 바랍니다.",교육/멘토링,민간,전국,"청소년,대학생,일반인,대학,연구기관,일반기업,1인 창조기업","기업,누구나,청년,초기창업기업","만 20세 미만,만 20세 이상 ~ 만 39세 이하,만 40세 이상",,,"위치정보사업자, 위치기반서비스사업자 및 예비사업자 등 위치정보와 관련된 일을 하시는 모든 분들",,"예비창업자,1년미만,2년미만,3년미만,5년미만,7년미만,10년미만",멘토링ㆍ컨설팅ㆍ교육,20260824,20260916,,,온라인 접수: https://forms.gle/vWiMDoTNRPeVFK586,https://www.k-startup.go.kr/web/contents/bizpbanc-ongoing.do?schM=view&pbancSn=179001,main,primary,2026년위치정보보호조치교육5차,민간,20260824~20260916,멘토링ㆍ컨설팅ㆍ교육,멘토링ㆍ컨설팅ㆍ교육
kst,179000,"시니어 비즈니스, 에이지테크 포럼 & 커피챗 네트워킹","'글로벌 에이지테크 허브 부산, AI로 여는 100세도시'
초고령화 시대, 대한민국 시니어 비즈니스와 에이지테크(AgeTech)의 미래를 이끌어갈 혁신가들을 초대합니다.
동남권 최대 ICT 박람회 ‘K-ICT WEEK in BUSAN’과 함께 「2026 부산 에이지테크 진흥주간」이 열립니다.
- 시니어 산업과 AgeTech 혁신가들이 한자리에 모입니다.
- 리딩 기업 인사이트 강연 · 오픈이노베이션 커피챗 · 에이지테크 공동관 투어를 통해 기술과 수요, 기업과 기업을 연결하는 비즈니스의 장이 펼쳐집니다.",행사/네트워크,민간,부산광역시,"청소년,대학생,일반인,대학,연구기관,일반기업,1인 창조기업","기업,누구나,예비창업자,청년,초기창업기업","만 20세 미만,만 20세 이상 ~ 만 39세 이하,만 40세 이상",,,"시니어·IT 분야 창업가 및 예비창업자
기업 신사업·오픈이노베이션·R&D 담당자
스타트업 투자자 (VC / AC / CVC)
공공기관, 지자체 및 학계·연구 관계자
시니어 산업, 에이지테크에 관심이 많은자",,"예비창업자,1년미만,2년미만,3년미만,5년미만,7년미만,10년미만",행사ㆍ네트워크,20260820,20260906,,,온라인 접수: https://event-us.kr/seniorfuture/event/132593,https://www.k-startup.go.kr/web/contents/bizpbanc-ongoing.do?schM=view&pbancSn=179000,main,primary,시니어비즈니스에이지테크포럼커피챗네트워킹,민간,20260820~20260906,행사ㆍ네트워크,행사ㆍ네트워크
kst,178999,[강동구 청년해냄센터] 전문분야 창업멘토링 9월 참가자 모집,강동구 청년해냄센터에서 전문분야 창업 멘토링 데이 계획을 다음과 같이 공고하오니 참여 희망자는 안내에 따라 신청하시기 바랍니다.,교육/멘토링,공공기관,서울특별시,"청소년,대학생,일반인,대학,연구기관,일반기업,1인 창조기업","기업,누구나,예비창업자,청년,초기창업기업","만 20세 미만,만 20세 이상 ~ 만 39세 이하,만 40세 이상",,,"예비창업자, 기창업자",,"예비창업자,1년미만,2년미만,3년미만,5년미만,7년미만,10년미만",멘토링ㆍ컨설팅ㆍ교육,20260824,20260908,,,온라인 접수: http://www.gdhaenaem.com/?c=168&s=&gp=1&gbn=viewok&ix=11673,https://www.k-startup.go.kr/web/contents/bizpbanc-ongoing.do?schM=view&pbancSn=178999,main,primary,강동구청년해냄센터전문분야창업멘토링9월참가자모집,공공기관,20260824~20260908,멘토링ㆍ컨설팅ㆍ교육,멘토링ㆍ컨설팅ㆍ교육
kst,178998,2026년 충북 바이오 오픈이노베이션 사업 참여 스타트업 모집,"바이오 분야 혁신 기술과 성장 가능성을 보유한 스타트업과 대·중견기업과의 개방형 협업(Open Innovation)을 통한 동반성장을 지원하고자, 
‘2026년 충북-GC녹십자 바이오 오픈이노베이션 사업’에 참여할 참여기업을 아래와 같이 모집하오니 많은 참여 바랍니다.",기술,공공기관,충청북도,일반기업,"기업,스타트업","만 20세 이상 ~ 만 39세 이하,만 40세 이상",,,"GC녹십자 수요기술 관련 기술‧아이디어 등을 보유한 창업 10년 이내 바이오 창업기업*
  * 타 지역 소재 기업은 최종 선정 시, ‘사업 기간 내 충북으로 사업장 이전’ 확약 필요",,10년미만,기술개발(R&amp;D),20260820,20260909,,,이메일 접수: minapark@kbiohealth.kr,https://www.k-startup.go.kr/web/contents/bizpbanc-ongoing.do?schM=view&pbancSn=178998,main,primary,2026년충북바이오오픈이노베이션사업참여스타트업모집,공공기관,20260820~20260909,기술개발(R&D),기술개발(R&D)
kst,178997,[환경재단] 2027 어스샷 상 혁신 환경 솔루션 공모,환경재단은 한국 최초 어스샷 공식 노미네이터로서 2027 어스샷 상 수상 후보를 아래와 같이 공개 모집하오니 많은 관심과 참여 부탁드립니다.,판로/수출,민간,전국,"청소년,대학생,일반인,대학,연구기관,일반기업,1인 창조기업","기업,누구나,청년,초기창업기업","만 20세 미만,만 20세 이상 ~ 만 39세 이하,만 40세 이상",,,"영향력 있는 환경 솔루션을 보유한 국내 단체 및 기업/기관
※ 스타트업, 중소기업, 비영리기관, 지역 커뮤니티, 학계, 정부 등 다양한 조직 형태의 모든 환경 솔루션 포함

※ 단, 아직 실제로 적용된 적이 없거나 효과나 영향이 검증되지 않은 아이디어 단계의 제안은 제외",,"1년미만,2년미만,3년미만,5년미만,7년미만,10년미만",글로벌,20260824,20260920,,,이메일 접수: greenasia@greenfund.org,https://www.k-startup.go.kr/web/contents/bizpbanc-ongoing.do?schM=view&pbancSn=178997,main,primary,환경재단2027어스샷상혁신환경솔루션공모,민간,20260824~20260920,글로벌,글로벌
kst,178996,지역창업특화지원,대구광역시 달서구와 계명대학교 산학협력단이 컨소시엄으로 운영하는 달서구 중장년 기술창업센터에서는 창조적 아이디어 및 우수한 기술력을 보유한 창업기업을 육성하기 위하여 다음과 같이 신규 입주기업을 모집하오니 많은 신청 바랍니다.,시설/공간,지자체,대구광역시,일반인,"누구나,예비창업자","만 20세 이상 ~ 만 39세 이하,만 40세 이상",,,"입주공고일(′25.12.29.) 기준 ① 창업 3년 이내의 만 40세 이상 중장년 (예비)창업자 혹은 ② (연령무관) 창업 7년 이내의 (예비)창업자
* 예비창업자의 경우 입주 계약일로부터 6개월 이내 사업자등록 필수

◦ 사행성 업종 및 단순 서비스업(숙박업, 임대업, 유흥업, 컨설팅업, 자영업 등)
◦ 국세 또는 지방세를 체납 중인 자
◦ 정부지원사업 및 유관기관 사업에 참여제한으로 제재 중인 자
◦ 타 중장년 기술창업센터 입주이력이 있고, 그 기간이 2년을 초과한 자
◦ 기타 평가위원회에서 부적합하다고 인정하는 자",,3년미만,시설ㆍ공간ㆍ보육,20260824,20260911,,,이메일 접수: jdm9335@kmu.ac.kr,https://www.k-startup.go.kr/web/contents/bizpbanc-ongoing.do?schM=view&pbancSn=178996,main,primary,지역창업특화지원,지자체,20260824~20260911,시설ㆍ공간ㆍ보육,시설ㆍ공간ㆍ보육
kst,178995,소공인 아카데미 4차 교육(소공인을 위한 특허 활용 전략),"화성산업진흥원에서는 화성시 소공인 역량 강화를 위해 기업 재직자, 예비 창업자 등을 대상으로 『소공인 아카데미 4차 교육(소공인을 위한 특허 활용 전략)』을 진행합니다. 이에 많은 관심과 지원 바랍니다.",교육/멘토링,공공기관,경기도,"청소년,대학생,일반인,대학,연구기관,일반기업,1인 창조기업","기업,누구나,예비창업자,청년,초기창업기업","만 20세 미만,만 20세 이상 ~ 만 39세 이하,만 40세 이상",,,화성시 기업 임직원 및 화성시민(예비창업자),,"예비창업자,1년미만,2년미만,3년미만,5년미만,7년미만,10년미만",멘토링ㆍ컨설팅ㆍ교육,20260824,20260831,,,온라인 접수: https://platform.hsbiz.or.kr/business/detail/N/1290,https://www.k-startup.go.kr/web/contents/bizpbanc-ongoing.do?schM=view&pbancSn=178995,main,primary,소공인아카데미4차교육소공인을위한특허활용전략,공공기관,20260824~20260831,멘토링ㆍ컨설팅ㆍ교육,멘토링ㆍ컨설팅ㆍ교육
kst,178994,초기창업패키지,네이버클라우드와 씨엔티테크가 함께하는 오픈이노베이션 밋업 프로그램에 참여할 유망 창업기업을 모집합니다. 네이버클라우드와의 협업 가능성을 모색하고 기술 및 사업화 검증에 참여할 스타트업의 많은 신청 바랍니다.,창업,민간,전국,"청소년,대학생,일반인,대학,연구기관,일반기업,1인 창조기업","기업,누구나,청년,초기창업기업","만 20세 미만,만 20세 이상 ~ 만 39세 이하,만 40세 이상",,,2023년~2026년 초기창업패키지 선정·졸업기업,,7년미만,사업화,20260826,20260911,,,이메일 접수: ac4@cntt.co.kr,https://www.k-startup.go.kr/web/contents/bizpbanc-ongoing.do?schM=view&pbancSn=178994,main,primary,초기창업패키지,민간,20260826~20260911,사업화,사업화
kst,178993,모두의 창업 2차 프로젝트 사업설명회,단국대학교에서 모두의창업 2차 프로젝트 설명회를 다음과 같이 개최하오니 많은 참여 부탁드립니다.,창업,교육기관,경기도,"청소년,대학생,일반인,대학,연구기관,일반기업,1인 창조기업","기업,누구나,예비창업자,청년,초기창업기업","만 20세 미만,만 20세 이상 ~ 만 39세 이하,만 40세 이상",,,"혁신적인 아이디어를 보유한 전 국민 누구나
*신청요건: 예비창업자 또는 업력 7년 이내(공고일(26.08.20) 기준) 창업기업",,"예비창업자,7년미만",창업교육,20260824,20260907,,,온라인 접수: https://forms.gle/HhhLuJkJbHLbrw1v7,https://www.k-startup.go.kr/web/contents/bizpbanc-ongoing.do?schM=view&pbancSn=178993,main,primary,모두의창업2차프로젝트사업설명회,교육기관,20260824~20260907,창업교육,창업교육
kst,178992,메이커 스페이스,수원대학교 WoW!메이커스에서는 제조 창업기업의 실전형 투자역량 강화 및 투자유치 가능성 향상을 위해 「2026년 WoW!메이커스 IR클리닉」 참가기업을 다음과 같이 모집하오니 참여를 희망하는 기업은 신청하여 주시기 바랍니다.,시설/공간,교육기관,전국,"일반인,일반기업","기업,누구나","만 20세 이상 ~ 만 39세 이하,만 40세 이상",,,업력 7년 미만의 제조창업기업,,7년미만,시설ㆍ공간ㆍ보육,20260824,20260909,,,이메일 접수: makerspace@suwon.ac.kr,https://www.k-startup.go.kr/web/contents/bizpbanc-ongoing.do?schM=view&pbancSn=178992,main,primary,메이커스페이스,교육기관,20260824~20260909,시설ㆍ공간ㆍ보육,시설ㆍ공간ㆍ보육
kst,178991,2026 제조 스타트업 멘토링 데이,"2026 제조 스타트업 멘토링데이 행사를 다음과 같이 공고하오니, 안내에 따라 신청하기 바랍니다.",행사/네트워크,민간,서울특별시,"청소년,대학생,일반인,대학,연구기관,일반기업,1인 창조기업","기업,누구나,스타트업,청년,초기창업기업","만 20세 미만,만 20세 이상 ~ 만 39세 이하,만 40세 이상",,,"(예비)창업자, 기술창업에 관심 있는 누구나",,"예비창업자,1년미만,2년미만,3년미만,5년미만,7년미만,10년미만",행사ㆍ네트워크,20260824,20260902,,,온라인 접수: https://forms.gle/5yEJt99CRMEsu8V57,https://www.k-startup.go.kr/web/contents/bizpbanc-ongoing.do?schM=view&pbancSn=178991,main,primary,2026제조스타트업멘토링데이,민간,20260824~20260902,행사ㆍ네트워크,행사ㆍ네트워크
kst,178990,e-news25 언론 홍보 무상지원 프로그램,"우수한 기술과 제품, 서비스를 보유하고도 홍보 인력과 비용 부족으로 언론홍보에 어려움을 겪는 스타트업과 소상공인을 지원하고자 합니다.
기업의 주요 사업, 제품 및 서비스, 기술개발 성과, 투자유치, 업무협약, 인증·수상 등의 소식을 기사로 제작하여 기업 인지도 향상과 판로 확대를 지원합니다.
다음과 같이 공고 하오니 참여를 원하시는 참여팀은 신청해주시길 바랍니다.",창업,민간,전국,"청소년,대학생,일반인,대학,연구기관,일반기업,1인 창조기업","기업,누구나,예비창업자,청년,초기창업기업","만 20세 미만,만 20세 이상 ~ 만 39세 이하,만 40세 이상",,,"전국의 다음 기업을 대상으로 합니다.

스타트업 및 창업기업
벤처기업 및 중소기업
소상공인
제품 또는 서비스 출시를 준비 중인 예비창업자
기업, 제품, 서비스 또는 사업성과와 관련된 홍보 소재를 보유한 기업",,"예비창업자,1년미만,2년미만,3년미만,5년미만,7년미만,10년미만",사업화,20260826,20261231,,,"온라인 접수: https://www.e-news25.co.kr/news/view.php?idx=777
기타 접수: e-news25 사이트내 구글 폼을 통한 신청

유의사항
신청서 접수만으로 기사 게재가 확정되는 것은 아닙니다.
제출내용이 부족한 경우 추가자료를 요청할 수 있습니다.
허위·과장 내용 또는 사실 확인이 어려운 내용은 게재가 제한될 수 있습니다.
제출자료의 사실관계, 저작권 및 초상권에 대한 책임은 신청기업에 있습니다.
타인의 권리를 침해하거나 명예를 훼손하는 내용은 지원 대상에서 제외됩니다.
불법, 사행성, 성인, 정치·종교 선전, 투자수익 보장 등의 내용은 지원하지 않습니다.
기사 제목, 문장, 이미지 배치 및 게재 시점은 이뉴스25 편집기준에 따라 조정될 수 있습니다.
기사 게재",https://www.k-startup.go.kr/web/contents/bizpbanc-ongoing.do?schM=view&pbancSn=178990,main,primary,enews25언론홍보무상지원프로그램,민간,20260826~20261231,사업화,사업화
kst,178988,2026 충남 대학생 창업경진대회 참가희망자 모집,"(재)충남콘텐츠진흥원 그린스타트업타운에서는 충남 도내 대학생을 대상으로 창업경진대회를 진행합니다. 체험형·실습형 창업 교육을 기반으로 창업 기초 역량을 함양하고, 우수팀 5팀 선발을 통해 최대 2백만 원 상금 시상하는 창업 경진대회 프로그램에 많은 관심과 참여를 바랍니다.",창업,민간,충청남도,"대학생,일반기업,1인 창조기업","기업,청년,초기창업기업","만 20세 미만,만 20세 이상 ~ 만 39세 이하,만 40세 이상",,,"충남 內 대학 소속 대학(원)생 개인 또는 팀(1~4인, 휴학/재학생)

수료생 및 대학 미소속자",,"예비창업자,1년미만,2년미만,3년미만,5년미만,7년미만,10년미만",사업화,20260820,20260831,,,이메일 접수: greenstartuptown@gmail.com,https://www.k-startup.go.kr/web/contents/bizpbanc-ongoing.do?schM=view&pbancSn=178988,main,primary,2026충남대학생창업경진대회참가희망자모집,민간,20260820~20260831,사업화,사업화
kst,178987,2026년 금천청년꿈터 『모두의창업 2기 A to Z 창업교육』 참가자 모집,"중앙대학교 산학협력단이 운영하는 금천청년꿈터에서 금천구 소재 청년 창업기업(예비창업자)을 대상으로 『모두의 창업 2기 A to Z 창업교육』
교육생을 모집하오니 많은 신청 바랍니다.",교육/멘토링,교육기관,서울특별시,"대학생,일반인,대학,연구기관,일반기업,1인 창조기업","기업,누구나,예비창업자,청년,초기창업기업",만 20세 이상 ~ 만 39세 이하,20,39,"금천구 내 거주하는 청년 예비창업자 또는 금천구 내 사업장 주소를 둔 기업
※ 청년 기준: 공고일 기준 만 19세 이상 ~ 만 39세 이하

◦ (신청불가) 일반유흥주점업, 무도유흥주점업 등 「중소기업창업지원법 시행령」 제4조 창업에서 제외되는 업종을 영위하는 경우 등",,"예비창업자,1년미만,2년미만,3년미만,5년미만,7년미만,10년미만",멘토링ㆍ컨설팅ㆍ교육,20260824,20260906,,,온라인 접수: https://docs.google.com/forms/d/1y6wyBuY_G7d9HGKs3nEHzSL5BcWr9U-4JKb8etDYmOs/edit,https://www.k-startup.go.kr/web/contents/bizpbanc-ongoing.do?schM=view&pbancSn=178987,main,primary,2026년금천청년꿈터모두의창업2기atoz창업교육참가자모집,교육기관,20260824~20260906,멘토링ㆍ컨설팅ㆍ교육,멘토링ㆍ컨설팅ㆍ교육
kst,178985,창업중심대학,신산업 창업 분야 유망 창업기업을 발굴·지원하는 「2026년도 딥테크 특화 창업중심대학」추천형 창업기업 모집계획을 공고하오니 많은 참여 바랍니다.,창업,공공기관,전국,일반기업,기업,"만 20세 미만,만 20세 이상 ~ 만 39세 이하,만 40세 이상",,,"신산업 창업 분야의 창업 10년 이내 창업기업으로, 지원요건을 충족하며 4대 과학기술원(광주과학기술원, 대구경북과학기술원, 울산과학기술원, 한국과학기술원)의 추천을 받은 기업

* 공고문 내 &apos;지자격 및 요건&apos; 참조

공고문 내 &apos;신청 제외 대상&apos; 참조",,10년미만,사업화,20260821,20260904,,,온라인 접수: https://www.k-startup.go.kr/web/contents/webPMSBizUnvs.do?returnUrl=/screen/BMO0101M01,https://www.k-startup.go.kr/web/contents/bizpbanc-ongoing.do?schM=view&pbancSn=178985,main,primary,창업중심대학,공공기관,20260821~20260904,사업화,사업화
kst,178984,2026 SIAL InterFood Indonesia 전시회  참가 기업 모집,"중소벤처기업부, 경기지방중소벤처기업청과 성남산업진흥원은 경기도 소재 식품 기업의 해외시장판로 확대와 시장 다변화를 지원하기위해 「2026 SIAL InterFood Indonesia 전시회」단체참가 희망기업을 모집하오니 관심 있는 기업의 많은 신청 바랍니다.",판로/수출,공공기관,경기도,"청소년,대학생,일반인,대학,연구기관,일반기업,1인 창조기업","기업,누구나,청년,초기창업기업","만 20세 미만,만 20세 이상 ~ 만 39세 이하,만 40세 이상",,,"- 지역 요건: 본사, 연구소 또는 제조공장이 경기도에 소재한 기업
    - 업종 요건: 식품, 식자재, 식품 가공, 베이커리, 식품 서비스 등 식품 관련 업종 (HALAL 인증 전 품목 포함)
    - 중소기업확인 : 「중소기업기본법」 제2조에 따른 중소기업임을 입증할 수 있는 기업 (소상공인확인서 또는 중소기업 확인서 등)",,"예비창업자,1년미만,2년미만,3년미만,5년미만,7년미만,10년미만",판로ㆍ해외진출,20260820,20260910,,,온라인 접수: https://www.smes.go.kr/sme-expo/site/main/business/user/exhibition/list.do,https://www.k-startup.go.kr/web/contents/bizpbanc-ongoing.do?schM=view&pbancSn=178984,main,primary,2026sialinterfoodindonesia전시회참가기업모집,공공기관,20260820~20260910,판로ㆍ해외진출,판로ㆍ해외진출
kst,178983,"2026년 크리에이터미디어 콤플렉스 하반기 입주 모집공고(~9/15, 16:00)","방송미디어통신위원회와 한국전파진흥협회는 크리에이터미디어 기반 타 산업과 융합형 사업을 영위 중인 초기 창업기업의 성장 기반 마련과 취·창업 활성화를 위한 인프라 지원사업을 추진하고 있습니다. 이에, 크리에이터미디어 콤플렉스 입주기업을 모집하오니, 많은 참여 바랍니다.",시설/공간,민간,전국,"일반기업,1인 창조기업","기업,초기창업기업","만 20세 이상 ~ 만 39세 이하,만 40세 이상",,,"크리에이터미디어 기반 타 사업과 결합하여 융합형 사업을 영위하는 창업 5년 이내(공고마감일 기준) 초기 창업기업(스타트업)
※ 자격요건 : 크리에이터 미디어 관련 국세청 업종코드(1인미디어콘텐츠창작자(940306) 또는 미디어콘텐츠창작업(921505)) 보유

공고문 상의 지원제외 검토대상 관련 내용에 해당 하는 기업",,5년미만,시설ㆍ공간ㆍ보육,20260821,20260915,,,온라인 접수: https://meplex.co.kr/,https://www.k-startup.go.kr/web/contents/bizpbanc-ongoing.do?schM=view&pbancSn=178983,main,primary,2026년크리에이터미디어콤플렉스하반기입주모집공고9151600,민간,20260821~20260915,시설ㆍ공간ㆍ보육,시설ㆍ공간ㆍ보육
kst,178981,2026년 제3차 대전 팁스타운 입주기업 모집 공고,지역 창업기업의 성장을 촉진하고 성공적인 창업을 지원하기 위해 조성한 「대전 팁스타운」에 입주할 창업기업을 다음과 같이 모집 공고합니다.,시설/공간,공공기관,대전광역시,"청소년,대학생,일반인,대학,연구기관,일반기업,1인 창조기업","기업,누구나,청년,초기창업기업","만 20세 미만,만 20세 이상 ~ 만 39세 이하,만 40세 이상",,,"「중소기업기본법」 제2조 제1호에 따른 중소기업의 대표자이자, 「중소기업창업 지원법 」동법 제2조 제2호부터 제2조 제3의2까지의 각 호의 정의에 따른 창업기업의 대표자로서 모집공고일(’26.8.31.) 기준 창업 7년 이내*인 자

* 신산업 분야([참고 2] 참조) 창업기업의 경우 업력 10년 이내까지 지원 가능

※ 자세한 내용은 공고문 p.4 참조

※ 법인과 대표자 모두 제외 사유에 해당하지 않아야 함(공고문 p.5 참조)

① 금융기관 등으로부터 채무불이행으로 규제 중인 자(기업)

② 국세 또는 지방세 체납 중인 자(기업)

③ 창업진흥원으로부터 발생한 환수금등의 반환이 종결되지 않은 자(기업)

④ 「중소기업창업 지원법 시행령」 제4조(창업에서 제외되는 업종)의 업종을 영위하고 있거나 영위하고자 하는 자(기업) ([붙임 3] 지원 제외 대상 업종 참조)

⑤ 중소벤처기업부 창업지원사업에 참여 제한으로 제재 중인 자

⑥ 신청일 기준 동 사업에 신청하는 사업자가 휴‧폐업 중인 자(기업)

⑦ 「근로기준법」에 따라 고용노동부가 공개하는 체불사업주 명단에 포함된 자(기업)

⑧ 「보조금 관리에 관한 법률」 제31조의2(보조사업 수행 배제 등)에 따라 수행대상에서 배제된 자(기업)

⑨ 기타 중소벤처기업부 장관이 참여를 제한할 정당한 사유가 있다고 인정하는 자(기업)",,"예비창업자,1년미만,2년미만,3년미만,5년미만,7년미만,10년미만",시설ㆍ공간ㆍ보육,20260831,20260928,,,온라인 접수: https://www.k-startup.go.kr/web/contents/webPMSBizUnvs.do?returnUrl=/screen/BMO0101M01?pbancId=685701,https://www.k-startup.go.kr/web/contents/bizpbanc-ongoing.do?schM=view&pbancSn=178981,main,primary,2026년제3차대전팁스타운입주기업모집공고,공공기관,20260831~20260928,시설ㆍ공간ㆍ보육,시설ㆍ공간ㆍ보육
kst,178980,제2회 도봉 창업 포럼(NCI 민.관.학 창업포럼),"대전환의 시대, 기술과 사회적 가치가 여는 창업의 새로운 기회!
도봉구는 AI 비즈니스, K-콘텐츠, 임팩트 테크 분야의 최신 동향과 창업 기회를 공유하는 「제2회 도봉창업포럼」을 개최합니다. 
기술의 변화가 새로운 시장을 만들고, 사회적 가치가 지속 가능한 성장의 방향을 제시합니다. 
새로운 사업 기회를 발굴하고 창업의 방향을 구체화하고 싶은 예비창업자와 스타트업 관계자 여러분의 많은 관심과 참여를 바랍니다. 
​",행사/네트워크,교육기관,서울특별시,"청소년,대학생,일반인,대학,연구기관,일반기업,1인 창조기업","기업,누구나,예비창업자,청년,초기창업기업","만 20세 미만,만 20세 이상 ~ 만 39세 이하,만 40세 이상",,,"* AI와 딥테크 기반의 사업 기회를 찾는 예비창업자
* 비즈니스 모델을 고도화하려는 초기 스타트업
* K-콘텐츠와 IP 비즈니스에 관심 있는 창업기업
* 사회적 가치와 기술을 결합한 임팩트 창업에 관심 있는 분
* 창업 지원기관, 투자기관 및 유관기관 관계자
* 최신 창업 트렌드와 전문가 인사이트를 얻고 싶은 누구나",,"예비창업자,1년미만,2년미만,3년미만,5년미만,7년미만,10년미만",행사ㆍ네트워크,20260820,20260914,,,온라인 접수: https://dobongstartup.com/program/programview.php?pg_id=270,https://www.k-startup.go.kr/web/contents/bizpbanc-ongoing.do?schM=view&pbancSn=178980,main,primary,제2회도봉창업포럼nci민관학창업포럼,교육기관,20260820~20260914,행사ㆍ네트워크,행사ㆍ네트워크
kst,178979,2026 인천 관광스타트업 IR 데이 참가기업 모집,인천광역시와 인천관광공사는 인천 관광스타트업의 투자유치 조성을 목적으로 「2026 인천 관광스타트업 IR 데이」 참가 기업을 모집합니다. 많은 관심과 참여 바랍니다.,행사/네트워크,공공기관,인천광역시,"청소년,대학생,일반인,대학,연구기관,일반기업,1인 창조기업","기업,누구나,스타트업,청년,초기창업기업","만 20세 미만,만 20세 이상 ~ 만 39세 이하,만 40세 이상",,,창업 7년 이내 인천 소재 관광스타트업 (공고일 기준 사업자등록증 주소가 인천 소재 본사·지사),,"1년미만,2년미만,3년미만,5년미만,7년미만",행사ㆍ네트워크,20260820,20260908,,,이메일 접수: incheontourbiz@ito.or.kr,https://www.k-startup.go.kr/web/contents/bizpbanc-ongoing.do?schM=view&pbancSn=178979,main,primary,2026인천관광스타트업ir데이참가기업모집,공공기관,20260820~20260908,행사ㆍ네트워크,행사ㆍ네트워크
kst,178978,서울디자인런 2026 - 사고 싶은 작은 것들: 창작의 가치를 상품으로 바꾸는 안목,디자인 분야 창업 활성화를 위한 교육 참여자를 모집하고 있으니 많은 관심과 참여 부탁드립니다.,창업,민간,서울특별시,"청소년,대학생,일반인,대학,연구기관,일반기업,1인 창조기업","기업,누구나,청년,초기창업기업","만 20세 미만,만 20세 이상 ~ 만 39세 이하,만 40세 이상",,,디자인 창업에 관심있는 누구나,,"예비창업자,1년미만,2년미만,3년미만,5년미만,7년미만,10년미만",창업교육,20260820,20260826,,,온라인 접수: https://event-us.kr/openknowl2/event/132787,https://www.k-startup.go.kr/web/contents/bizpbanc-ongoing.do?schM=view&pbancSn=178978,main,primary,서울디자인런2026사고싶은작은것들창작의가치를상품으로바꾸는안목,민간,20260820~20260826,창업교육,창업교육
kst,178977,2026 예비오션스타 기업 모집 공고,해양수산 유망기업 발굴 및 지원을 위해「2026 예비오션스타 기업」을 모집하고자 하오니 관심 있는 기업들의 많은 참여 바랍니다.,교육/멘토링,공공기관,전국,"일반기업,1인 창조기업","기업,초기창업기업","만 20세 미만,만 20세 이상 ~ 만 39세 이하,만 40세 이상",,,"우수기술력을 바탕으로 높은 성장성이 기대되고 최근 3년간 평균 매출액이 100억 원 이상인 기업
  * 창업 3년 이내 기업의 경우에는 창업 이후 평균 매출액으로 적용

<신청제외대상>
ㅇ「2021~2025 예비오션스타」로 선정된 기업
ㅇ 기업의 부도, 휴·폐업 중인 경우
ㅇ 세무당국에 의하여 국세, 지방세 등의 체납 처분을 받은 경우
ㅇ「신용정보의 이용 및 보호에 관한 법률」제4조에 따라 허가 받는 신용정보회사에서 기업채무 불이행 등 비정상 또는 불량 거래처로 확인된 경우
ㅇ 파산·회생절차·개인회생 절차의 개시 신청이 이루어진 경우
        * 단, 법원의 인가를 받은 회생/변제 계획에 따라 채무변제를 정상 이행하고 있는 경우 예외
ㅇ 최근 결산 기준 자본전액잠식인 경우
ㅇ 신청기업, 대표이사 또는 수행책임자가 접수마감일 현재 국가개발사업에 참여제한 중인 경우
ㅇ 예비오션스타 기업 선정 시 실적 등 허위로 제출한 사실이 확인된 경우
ㅇ 동 사업의 지원 자금으로 사행산업 등 경제질서 및 미풍양속에 현저히 어긋나는 업종을 영위하고 있거나 하고자 하는 자",,"1년미만,2년미만,3년미만,5년미만,7년미만,10년미만",멘토링ㆍ컨설팅ㆍ교육,20260820,20260911,,,온라인 접수: https://badabom.go.kr/stup/pbanc/detail/view.do?pbancMngNo=S-ANN202600020,https://www.k-startup.go.kr/web/contents/bizpbanc-ongoing.do?schM=view&pbancSn=178977,main,primary,2026예비오션스타기업모집공고,공공기관,20260820~20260911,멘토링ㆍ컨설팅ㆍ교육,멘토링ㆍ컨설팅ㆍ교육
kst,178976,2026년 대한민국 물산업 혁신 창업대전(Startup Water 2026) 참가자(팀) 모집,"물산업 혁신 및 창업에 대한 국민적 관심을 확산하고 혁신 아이디어 및 유망한 창업기업 발굴을 통해 물산업 혁신 생태계를 조성하기 위해
「2026년 대한민국 물산업 혁신 창업대전(STARTUP WATER 2026)」을 개최하오니 관심 있는 여러분들의 많은 참여 바랍니다.
주최: 기후에너지환경부 / 주관: 한국수자원공사",행사/네트워크,공공기관,대전광역시,"대학생,일반인,대학,연구기관,일반기업,1인 창조기업","기업,누구나,예비창업자,청년,초기창업기업","만 20세 미만,만 20세 이상 ~ 만 39세 이하,만 40세 이상",,,"■ (아이디어 부문) 대학(원)생 및 만 19세이상 예비창업자 / (사업화 부문) 공고일 기준 업력 7년 이내 창업기업의 대표자

■  공모분야
  - 물안전 : 기후재난 대응과 지속가능한 수자원 확보·관리
  - 물환경 : 수질·수생태 보전과 자원순환형 물환경 조성
  - 물이용 : 국민과 산업의 안정적 물이용 보장 및 물산업 혁신

▪ 동일(유사) 아이템으로 ’20∼’25년도 “대한민국 물산업 혁신 창업대전” 또는, ’26년도 타 기관(단체) 주관의 창업 경진대회 수상자(팀)
※ 팀장과 팀원을 포함하여 신청서상 기재된 참여자 수상내역 모두 해당

▪ 타인의 특허, 실용신안 등 지식재산권을 침해한 사실이 있거나 침해 관련 소송 등의 재판 진행 중인 자(기업) 또는 아이템
※ 타인의 지식재산권을 침해한 경우 발생되는 모든 민‧형사상의 책임은 참가자에게 있으며, 특허 검색(www.kipris.or.kr)에서 아이템 중복 확인 필수

▪ 본 대회 추진 목적에 부합되지 않는 아이템",,"예비창업자,1년미만,2년미만,3년미만,5년미만,7년미만",행사ㆍ네트워크,20260820,20261019,,,온라인 접수: http://www.startupwater.net,https://www.k-startup.go.kr/web/contents/bizpbanc-ongoing.do?schM=view&pbancSn=178976,main,primary,2026년대한민국물산업혁신창업대전startupwater2026참가자팀모집,공공기관,20260820~20261019,행사ㆍ네트워크,행사ㆍ네트워크
kst,178975,민관협력 오픈이노베이션 지원사업,지방정부 및 지역 혁신기관과 창업기업 간 협력을 통한 규제정비 오픈이노베이션 촉진을 위한 「민관협력 오픈이노베이션 지원」 '규제자유특구 지원' 협업 과제 수행에 참여할 창업기업을 다음과 같이 모집합니다.,행사/네트워크,공공기관,전국,"청소년,대학생,일반인,대학,연구기관,일반기업,1인 창조기업","기업,누구나,청년,초기창업기업","만 20세 미만,만 20세 이상 ~ 만 39세 이하,만 40세 이상",,,"<span style=""color: #2c57ae; font-size: 22px; font-weight: 700;"">※ 본 공고는 규제자유특구 수요기관(지방정부·지역 혁신기관) 추천을 받은 창업기업을 대상으로 진행하는 폐쇄형 공고입니다. </span>

1) )모집공고일 기준 창업 후 7년 이내 창업기업 또는 10년 이내 신산업 분야 창업·중소기업
2) 참여 중인 규제자유특구 실증특례 또는 임시허가 등 허용기간이 해당 사업의 종료일(&apos;27.4월 예정)까지 유효한 수요기관 추천 기업

상세내용은 공고문 내 &apos;신청 제외 대상&apos;, &apos;신청 시 유의사항&apos; 확인",,"1년미만,2년미만,3년미만,5년미만,7년미만,10년미만",행사ㆍ네트워크,20260820,20260909,,,온라인 접수: https://www.k-startup.go.kr/web/contents/webPMSBizUnvs.do?returnUrl=/screen/BMO0101M01?pbancId=0684601,https://www.k-startup.go.kr/web/contents/bizpbanc-ongoing.do?schM=view&pbancSn=178975,main,primary,민관협력오픈이노베이션지원사업,공공기관,20260820~20260909,행사ㆍ네트워크,행사ㆍ네트워크
kst,178974,경기 스타트업 아카데미 운영,"2026년 경기스타트업 아카데미 「모두의 창업」 사업계획서 작성 방법 특강을 다음과 같이 운영하오니, 정부지원사업 참여를 준비 중인 경기도 내 예비창업자 및 창업 초기기업 대표·임직원 여러분의 많은 관심과 참여 바랍니다.",교육/멘토링,공공기관,경기도,"청소년,대학생,일반인,대학,연구기관,일반기업,1인 창조기업","기업,누구나,스타트업,예비창업자,청년,초기창업기업","만 20세 미만,만 20세 이상 ~ 만 39세 이하,만 40세 이상",,,"예비창업자, 창업기업 대표 및 임직원, 대학(원)생 등
 * 모두의창업 지원 희망자 권장",,"예비창업자,1년미만,2년미만,3년미만,5년미만,7년미만,10년미만",멘토링ㆍ컨설팅ㆍ교육,20260820,20260831,,,온라인 접수: https://forms.gle/uhYBbsrQr8y3hzWd9,https://www.k-startup.go.kr/web/contents/bizpbanc-ongoing.do?schM=view&pbancSn=178974,main,primary,경기스타트업아카데미운영,공공기관,20260820~20260831,멘토링ㆍ컨설팅ㆍ교육,멘토링ㆍ컨설팅ㆍ교육
kst,178973,청년창업지원센터 운영,"스타트업의 재무관리 역량 강화를 위해 「스타트업 재무(Feat. 합법적인 절세방안)」 교육을 다음과 같이 운영하오니, 창업기업 및 예비창업자 여러분의 많은 관심과 참여 바랍니다.",시설/공간,지자체,서울특별시,"대학생,일반인,대학,연구기관,일반기업,1인 창조기업","기업,누구나,청년,초기창업기업",만 20세 이상 ~ 만 39세 이하,20,39,19 ~ 39세 서울시 거주 청년 중 (예비)창업희망자 및 일반인,,"예비창업자,1년미만,2년미만,3년미만",시설ㆍ공간ㆍ보육,20260820,20260902,,,온라인 접수: https://hive.dongyang.ac.kr/lecture/list.do?menu_idx=10,https://www.k-startup.go.kr/web/contents/bizpbanc-ongoing.do?schM=view&pbancSn=178973,main,primary,청년창업지원센터운영,지자체,20260820~20260902,시설ㆍ공간ㆍ보육,시설ㆍ공간ㆍ보육
kst,178972,2026  경기 고양 MICE 연계 창업리그 참가자 모집 공고,"고양시 MICE 산업 창업활성화 및 일자리 창출 등 고용 촉진을 위한 「2026 경기 고양 MICE 연계 창업리그」 프로그램을 다음과 같이 공모하오니, 많은 관심과 참여바랍니다.",창업,민간,경기도,"청소년,대학생,일반인,대학,연구기관,일반기업,1인 창조기업","기업,누구나,예비창업자,청년,초기창업기업","만 20세 미만,만 20세 이상 ~ 만 39세 이하,만 40세 이상",,,"□ 신청자격: 전 일정 참가 가능한 예비창업자(팀) 또는 창업 3년 미만 초기 창업자
- 초기 창업자의 경우 공고일로부터 3년 이내의 창업기업
- 프로그램 이수 후 데모데이 우승 상위 3개 팀은 고양시 내 사업자등록 및 고양 MICE 육성센터 공유실 필수 입주하여야 함
(본점, 지점, 기업부설연구소/전담부서 모두 가능)

□ 모집분야: MICE 산업과 연계하여 확장시킬 수 있는 사업화 아이디어 또는 아이템

□ 참가제외
- 동일 아이디어(유사 아이디어 포함)으로 타 공모전 또는 창업경진대회에 입상한 자
- 타인의 특허, 실용신안 등 지식재산권을 침해하거나 침해할 우려가 있는 경우
- 중소기업창업 지원법 제3조에 따라 창업에서 제외되는 업종과 사행성 및 환경오염 유발 등 반사회적 성격의 아이템은 제외",,"예비창업자,1년미만,2년미만,3년미만",사업화,20260814,20260901,,,온라인 접수: https://korean.goyangcvb.com/News/?q=YToxOntzOjEyOiJrZXl3b3JkX3R5cGUiO3M6MzoiYWxsIjt9&bmode=view&idx=173102300&t=board,https://www.k-startup.go.kr/web/contents/bizpbanc-ongoing.do?schM=view&pbancSn=178972,main,primary,2026경기고양mice연계창업리그참가자모집공고,민간,20260814~20260901,사업화,사업화
kst,178971,2026 K-라이프스타일 페스타 with 메가쇼 참가기업(소상공인) 모집(~8/31(월)까지),"중소상공인희망재단은 라이프스타일 분야 중소상공인의 판로 확대와 시장 진출을 지원하기 위해 
「2026 K-라이프스타일 페스타 with 메가쇼」 참가기업(소상공인)을 모집합니다.
이번 행사는 매회 약 10만 명의 관람객이 방문하는 국내 대표 소비재 전시회 ‘메가쇼’와 연계하여 개최되며, 
제품 전시·판매부터 소비자 반응 확인, 유통사·바이어와의 비즈니스 기회까지 제공합니다.
특히 8월 중 참가 신청을 완료한 기업에 한하여 참가비 일부를 중소상공인희망재단에서 지원합니다. 
모집 규모에 따라 신청 순으로 마감될 수 있으니 관심 있는 기업(소상공인)들의 많은 참여 바랍니다.",판로/수출,민간,전국,"일반기업,1인 창조기업","기업,소상공인,초기창업기업","만 20세 미만,만 20세 이상 ~ 만 39세 이하,만 40세 이상",,,"유통·판로를 확대하고자 메가쇼(국내 최대 소비재 박람회)참가를 희망하는 기업(소상공인)

① 메가쇼 2026 시즌2에 기참가 계약을 체결하였거나 계약 진행·협의 중인 기업
② 접수마감일 현재 휴·폐업 또는 부도 상태인 기업
③ 행사 취지 및 전시품목에 부합하지 않거나 행사 운영기준상 참가가 어려운 기업",,"예비창업자,1년미만,2년미만,3년미만,5년미만,7년미만,10년미만",판로ㆍ해외진출,20260820,20260831,,,온라인 접수: https://www.heemangfdn.or.kr/layout/res/home.php?go=pds.list&pds_type=10&num=1459,https://www.k-startup.go.kr/web/contents/bizpbanc-ongoing.do?schM=view&pbancSn=178971,main,primary,2026k라이프스타일페스타with메가쇼참가기업소상공인모집831월까지,민간,20260820~20260831,판로ㆍ해외진출,판로ㆍ해외진출
kst,178970,초기창업패키지,동아대학교 창업지원단에서는 초기 창업기업이 필요로 하는 세무·지식을 함양시키고 애로사항 해소 및 사업 안정화를 도모하고자 2026년 초기창업패키지「SAVE the TAX」프로그램을 아래와 같이 운영하오니 많은 관심과 참여 바랍니다.,창업,교육기관,전국,"청소년,대학생,일반인,대학,연구기관,일반기업,1인 창조기업","기업,누구나,청년,초기창업기업","만 20세 미만,만 20세 이상 ~ 만 39세 이하,만 40세 이상",,,"2026년 초기창업패키지 일반형 선정기업(주관기관 구분 없음)

2026년 초기창업패키지 미선정자",,3년미만,사업화,20260820,20260906,,,이메일 접수: dbdmswjd12@dau.ac.kr,https://www.k-startup.go.kr/web/contents/bizpbanc-ongoing.do?schM=view&pbancSn=178970,main,primary,초기창업패키지,교육기관,20260820~20260906,사업화,사업화
kst,178968,2026년 GovTech 창업경진대회,"AI, 데이터 등 디지털 기술을 활용하여 공공 서비스를 혁신할 유망 아이디어와 예비·초기 GovTech 유망기업 발굴하여 기술 창업 촉진을 위한 창업경진대회를 개최하오니 참여를 희망하는 창업팀은 안내에 따라 신청하기 바랍니다.",창업,민간,전국,"청소년,대학생,일반인,대학,연구기관,일반기업,1인 창조기업","기업,누구나,예비창업자,청년,초기창업기업","만 20세 미만,만 20세 이상 ~ 만 39세 이하,만 40세 이상",,,예비창업자(개인 또는 팀) 및 초기창업기업(공고일 기준 사업개시일부터 3년이 지나지 않은 창업기업),,"예비창업자,1년미만,2년미만,3년미만",사업화,20260820,20260921,,,온라인 접수: https://www.k-govtech.kr,https://www.k-startup.go.kr/web/contents/bizpbanc-ongoing.do?schM=view&pbancSn=178968,main,primary,2026년govtech창업경진대회,민간,20260820~20260921,사업화,사업화
kst,178966,2026년도 '빅웨이브(BiiG WAVE)' IR 사업 2회차 바이오 특화 IR 참여기업 모집공고,"인천광역시와 인천창조경제혁신센터는 유망 바이오·헬스케어 스타트업을 발굴하고, 기업별 투자유치 역량 강화 및 전문 투자사 연계를 지원하기 위해 「2026년도 투자기업 발굴 플랫폼 빅웨이브(BiiG WAVE) IR 사업」 2회차 참여기업을 모집합니다.",창업,공공기관,전국,"청소년,대학생,일반인,대학,연구기관,일반기업,1인 창조기업","기업,누구나,예비창업자,청년,초기창업기업","만 20세 미만,만 20세 이상 ~ 만 39세 이하,만 40세 이상",,,"투자유치를 희망하는 업력 7년 이내의 바이오·헬스케어 분야 초기 법인 스타트업
- 모집 분야: 신약개발, 디지털 헬스케어, 의료기기, 바이오 소부장 등 바이오·헬스케어 전 분야

- 금융기관 등으로부터 채무불이행으로 규제 중인 자 또는 기업
- 국세 또는 지방세 체납으로 규제 중인 자 또는 기업
- 공고 마감일 기준 휴업 중인 기업
- 사업 공고일 기준 법인 설립이 완료되지 않은 기업
- 예비창업자
- 허위자료 제출 등 사업 참여에 부적절한 사유가 확인된 기업",,"1년미만,2년미만,3년미만,5년미만,7년미만",사업화,20260819,20260902,,,온라인 접수: https://forms.gle/dJxeX1X6n3VJpfY46,https://www.k-startup.go.kr/web/contents/bizpbanc-ongoing.do?schM=view&pbancSn=178966,main,primary,2026년도빅웨이브biigwaveir사업2회차바이오특화ir참여기업모집공고,공공기관,20260819~20260902,사업화,사업화
kst,178965,서울창업허브 창동 운영,서울창업허브 창동에서 투자에 관심 있는 창업기업을 대상으로 투자사와의 1:1 미팅 기회를 제공하는 프로그램을 운영하오니 많은 신청 바랍니다.,시설/공간,민간,서울특별시,"일반기업,1인 창조기업","기업,초기창업기업","만 20세 미만,만 20세 이상 ~ 만 39세 이하,만 40세 이상",,,"투자자와 IR 미팅을 희망하는 서울시 소재 스타트업
* 서울창업허브 창동 입주기업 또는 IR 고도화 과정(IR 기초교육, IR 전문가 컨설팅), VC 밋업 이수기업 우선 선발",,"예비창업자,1년미만,2년미만,3년미만,5년미만,7년미만,10년미만",시설ㆍ공간ㆍ보육,20260819,20260904,,,온라인 접수: https://www.startup-plus.kr/project/PRJ007436,https://www.k-startup.go.kr/web/contents/bizpbanc-ongoing.do?schM=view&pbancSn=178965,main,primary,서울창업허브창동운영,민간,20260819~20260904,시설ㆍ공간ㆍ보육,시설ㆍ공간ㆍ보육
kst,178964,서울창업허브 창동 운영,서울창업허브 창동에서 졸업 선배기업과 입주기업 간의 교류와 실질적인 비즈니스 협업을 도모하고자 「창동 허브 네트워킹 데이」를 개최합니다.,시설/공간,민간,서울특별시,"일반기업,1인 창조기업","기업,초기창업기업","만 20세 이상 ~ 만 39세 이하,만 40세 이상",,,"서울창업허브 창동 입주기업 , 1인 창조기업 (대표 및 임직원), 졸업기업  및  기타 예비‧초기 창업기업",,"예비창업자,1년미만,2년미만,3년미만,5년미만,7년미만,10년미만",시설ㆍ공간ㆍ보육,20260810,20260901,,,온라인 접수: https://forms.gle/p5feYxi9AWGgLWsL9,https://www.k-startup.go.kr/web/contents/bizpbanc-ongoing.do?schM=view&pbancSn=178964,main,primary,서울창업허브창동운영,민간,20260810~20260901,시설ㆍ공간ㆍ보육,시설ㆍ공간ㆍ보육
kst,178963,한-인니 기후 생태계(기후테크) 컨퍼런스 SOLVE Conference 2026,9월 8일(화) 부산 BPEX에서 한-인니 기후테크 컨퍼런스 'SOLVE Conference'가 열립니다.,행사/네트워크,민간,전국,"청소년,대학생,일반인,대학,연구기관,일반기업,1인 창조기업","기업,누구나,청년,초기창업기업","만 20세 미만,만 20세 이상 ~ 만 39세 이하,만 40세 이상",,,"기후·환경 분야에서 일하시거나, 인도네시아 진출을 준비 중이신 분들, 아세안 시장이 궁금하셨던 분들 모두 신청대상입니다.",,"예비창업자,1년미만,2년미만,3년미만,5년미만,7년미만,10년미만",행사ㆍ네트워크,20260819,20260907,,,온라인 접수: https://solveconference.ai.kr/,https://www.k-startup.go.kr/web/contents/bizpbanc-ongoing.do?schM=view&pbancSn=178963,main,primary,한인니기후생태계기후테크컨퍼런스solveconference2026,민간,20260819~20260907,행사ㆍ네트워크,행사ㆍ네트워크
kst,178962,[차세대융합기술연구원] 2026 제조 스타트업 멘토링 Meet-up Day,「2026 제조 스타트업 멘토링 Meet-up Day」 참가자 모집 계획을 다음과 같이 공고하오니 참여를 희망하는 (예비)창업자 및 창업기업은 안내에 따라 신청하기 바랍니다.,행사/네트워크,공공기관,경기도,"청소년,대학생,일반인,일반기업,1인 창조기업","기업,누구나,스타트업,청년,초기창업기업","만 20세 미만,만 20세 이상 ~ 만 39세 이하,만 40세 이상",,,경기도 내 사업장 소재 제조분야 (예비)창업자 또는 창업 7년 이내 창업기업 (30개사 내외),,"예비창업자,1년미만,2년미만,3년미만,5년미만,7년미만",행사ㆍ네트워크,20260818,20260902,,,온라인 접수: https://www.aictms.or.kr/core/?cid=65&role=programevview&pSeq=5056&tab,https://www.k-startup.go.kr/web/contents/bizpbanc-ongoing.do?schM=view&pbancSn=178962,main,primary,차세대융합기술연구원2026제조스타트업멘토링meetupday,공공기관,20260818~20260902,행사ㆍ네트워크,행사ㆍ네트워크
kst,178961,관악S밸리 창업공간 운영,스타트업의 비즈니스 경쟁력을 강화하고 최적의 성장 동력을 발굴하기 위해 마련된 2026 관악S밸리 성장 지원 세미나에 미래의 변화를 선도할 벤처·창업기업 여러분의 많은 관심과 참여를 바랍니다.,시설/공간,공공기관,서울특별시,"청소년,대학생,일반인,대학,연구기관,일반기업,1인 창조기업","기업,누구나,예비창업자,청년,초기창업기업","만 20세 미만,만 20세 이상 ~ 만 39세 이하,만 40세 이상",,,관악구 스타트업 임직원 및 예비창업자,,"예비창업자,1년미만,2년미만,3년미만,5년미만,7년미만",시설ㆍ공간ㆍ보육,20260819,20260902,,,온라인 접수: https://forms.gle/4cAMeRJ5oqtmXxw76,https://www.k-startup.go.kr/web/contents/bizpbanc-ongoing.do?schM=view&pbancSn=178961,main,primary,관악s밸리창업공간운영,공공기관,20260819~20260902,시설ㆍ공간ㆍ보육,시설ㆍ공간ㆍ보육
kst,178960,2026 시흥시 청년 도약 창업가 육성 프로그램 참여자 모집,2026 시흥시 청년 창업가 육성 프로그램에 도약 단계(4~7년차) 청년 창업가를 모집합니다.,교육/멘토링,민간,경기도,"청소년,대학생,일반인,대학,연구기관,일반기업,1인 창조기업","기업,누구나,청년,초기창업기업","만 20세 미만,만 20세 이상 ~ 만 39세 이하",,,청년 창업가 4~7년차,,"5년미만,7년미만",멘토링ㆍ컨설팅ㆍ교육,20260819,20260901,,,온라인 접수: https://forms.gle/jYXYdokJoM8CLSkb8,https://www.k-startup.go.kr/web/contents/bizpbanc-ongoing.do?schM=view&pbancSn=178960,main,primary,2026시흥시청년도약창업가육성프로그램참여자모집,민간,20260819~20260901,멘토링ㆍ컨설팅ㆍ교육,멘토링ㆍ컨설팅ㆍ교육
kst,178958,[비전웍스벤처스] GTM 오디세이 차이나 오픈특강 참가자 모집 (~08/25),비전웍스벤처스와 함께 중국 시장을 탐색하고 비즈니스 네트워크를 연결하는 '시장진입형(GTM) 글로벌 엑셀러레이팅' 프로그램 중 일부를 오픈특강으로 공개합니다.,판로/수출,민간,전국,"청소년,대학생,일반인,대학,연구기관,일반기업,1인 창조기업","기업,누구나,청년,초기창업기업","만 20세 미만,만 20세 이상 ~ 만 39세 이하,만 40세 이상",,,○ (참가대상) 중국 시장 진출에 관심 있는 누구나,,"예비창업자,1년미만,2년미만,3년미만,5년미만,7년미만,10년미만",판로ㆍ해외진출,20260819,20260825,,,온라인 접수: https://forms.gle/7kZ1RzqTDAtLUFKT8,https://www.k-startup.go.kr/web/contents/bizpbanc-ongoing.do?schM=view&pbancSn=178958,main,primary,비전웍스벤처스gtm오디세이차이나오픈특강참가자모집0825,민간,20260819~20260825,판로ㆍ해외진출,판로ㆍ해외진출
kst,178956,마포청년창업취업지원센터 나루 2026,"[창업] 고객 경험(CX) 설계 실전 창업교육을 진행하오니, 많은 관심과 지원 부탁드립니다.",창업,공공기관,서울특별시,"대학생,일반인,대학,연구기관,일반기업,1인 창조기업","기업,누구나,청년,초기창업기업",만 20세 이상 ~ 만 39세 이하,20,39,예비 및 초기 청년(만 19세~39세) 창업자,,"예비창업자,1년미만,2년미만,3년미만",창업교육,20260819,20260923,,,온라인 접수: https://www.naroo.or.kr/bbs/content.php?co_id=program_view&np_seq=1295,https://www.k-startup.go.kr/web/contents/bizpbanc-ongoing.do?schM=view&pbancSn=178956,main,primary,마포청년창업취업지원센터나루2026,공공기관,20260819~20260923,창업교육,창업교육
kst,178954,「제24차 세계한상대회 스타트업 경연대회-시애틀 진출 연계」 참여기업 모집 공고(AI 분야),제24차 세계한상대회와 함께하는 「2026 제2차 스타트업 해외진출 지원사업(시애틀)」참여 스타트업을 다음과 같이 모집하니 관심 있는 기업의 많은 참여 바랍니다.,판로/수출,공공기관,전국,"청소년,대학생,일반인,대학,연구기관,일반기업,1인 창조기업","기업,누구나,스타트업,청년,초기창업기업","만 20세 미만,만 20세 이상 ~ 만 39세 이하,만 40세 이상",,,국내 AI 분야 스타트업,,7년미만,글로벌,20260820,20260826,,,온라인 접수: https://www.hansang.net/businessInfo/2026/globalBizApply/outline.do,https://www.k-startup.go.kr/web/contents/bizpbanc-ongoing.do?schM=view&pbancSn=178954,main,primary,제24차세계한상대회스타트업경연대회시애틀진출연계참여기업모집공고ai분야,공공기관,20260820~20260826,글로벌,글로벌
kst,178953,2026년 Tokyo PMF·GTM 프로그램 창업기업 모집 공고,글로벌 경쟁력을 보유한 유망 창업기업의 도쿄 현지 시장 진출 가능성 검증 및 진출(희망) 창업기업의 성장을 지원하는 '2026년 Tokyo PMF·GTM 프로그램'에 참여할 창업기업을 다음과 같이 모집합니다.,판로/수출,공공기관,전국,"청소년,대학생,일반인,대학,연구기관,일반기업,1인 창조기업","기업,누구나,청년,초기창업기업","만 20세 미만,만 20세 이상 ~ 만 39세 이하,만 40세 이상",,,"공고일 기준 업력 7년 미만의 도쿄 기진출, 또는 진출을 계획하고 있는 창업기업(단, 신산업창업분야는 업력 10년 미만)
- 중소기업창업 지원법 상의 창업기업에 해당되는 국외창업기업*, 플립기업**도 지원가능
* 한국인 또는 국내 법인이 국외(일본)에서 법인을 설립해 주식 총수 또는 출자 지분 총액의 일정규모 이상을 보유, 실질 지배력을 행사하는 7년 미만 기업(단, 신산업창업분야는 업력 10년 미만)
** 해외(일본)에 지주회사 또는 본사를 신설하고 국내 회사를 자회사로 전환한 기업

모집 공고문 참조",,"예비창업자,1년미만,2년미만,3년미만,5년미만,7년미만,10년미만",글로벌,20260819,20260903,,,이메일 접수: tokyo@kised.or.kr,https://www.k-startup.go.kr/web/contents/bizpbanc-ongoing.do?schM=view&pbancSn=178953,main,primary,2026년tokyopmfgtm프로그램창업기업모집공고,공공기관,20260819~20260903,글로벌,글로벌
kst,178952,「모두의 창업 프로젝트」통합 모집공고 2차,창의적 아이디어를 가진 국민 누구나 도전 할 수 있는 기회를 제공하고 실패에 대한 부담을 완화하여 혁신 인재의 창업을 촉진하기 위한 「모두의 창업 프로젝트」도전자를 다음과 같이 모집합니다.,창업,공공기관,전국,"청소년,대학생,일반인","누구나,청년","만 20세 미만,만 20세 이상 ~ 만 39세 이하,만 40세 이상",,,"혁신적인 아이디어를 보유한 전 국민 누구나 (단, 공고문 내 신청자격 참고)

모집공고문 내 신청자격 및 요건 확인",,"예비창업자,7년미만",사업화,20260820,20260917,,,온라인 접수: https://www.modoo.or.kr,https://www.k-startup.go.kr/web/contents/bizpbanc-ongoing.do?schM=view&pbancSn=178952,main,primary,모두의창업프로젝트통합모집공고2차,공공기관,20260820~20260917,사업화,사업화
kst,178951,2026 현대모비스 CSV 오픈 이노베이션 참여 기업 모집,"현대모비스가 혁신 기술과 아이디어를 가진 스타트업을 찾습니다. 
자사의 노하우만으로는 풀기 힘들었던 사회·환경 문제의 답을 스타트업과 함께 풀어나가는 CSV(공유가치창출) 프로그램입니다.
선정된 기업은 실제 현업 부서와 6개월간 PoC(기술 실증)를 함께 진행하고, 최대 9,000만 원의 사업화 지원금까지 받을 수 있는 실전형 프로그램입니다.
검증된 혁신 기술 및 솔루션 개발을 희망하는 많은 스타트업의 도전을 기다립니다.",창업,민간,전국,"청소년,대학생,일반인,대학,연구기관,일반기업,1인 창조기업","기업,누구나,청년,초기창업기업","만 20세 미만,만 20세 이상 ~ 만 39세 이하,만 40세 이상",,,"현대모비스와 PoC 가능한 혁신 기술·솔루션 보유 스타트업 (기 창업자만 지원 가능)
(우대) 사회적 가치 · 임팩트 실적 보유 기업",,"1년미만,2년미만,3년미만,5년미만,7년미만,10년미만",사업화,20260817,20260907,,,온라인 접수: https://mysc-ac.web.app/mobis2026,https://www.k-startup.go.kr/web/contents/bizpbanc-ongoing.do?schM=view&pbancSn=178951,main,primary,2026현대모비스csv오픈이노베이션참여기업모집,민간,20260817~20260907,사업화,사업화
kst,178950,(~8/25) 2026 SIW 서구 스타트업 스케일업 위크 참가자 모집,"스타트업의 성장 및 투자유치 역량 강화를 지원하기 위한 「2026 SIW 서구 스타트업 스케일업 위크」 참가자를 다음과 같이 모집하오니, 참여를 희망하는 스타트업 및 예비창업자 등은 안내에 따라 신청하여 주시기 바랍니다.",행사/네트워크,공공기관,대전광역시,"청소년,대학생,일반인,대학,연구기관,일반기업,1인 창조기업","기업,누구나,스타트업,예비창업자,청년,초기창업기업","만 20세 미만,만 20세 이상 ~ 만 39세 이하,만 40세 이상",,,"● Day 1. 투자 인사이트 데이: 창업기업 성장·투자유치 전략 특강 & 창업 토크콘서트 & 네트워킹
- 신청대상: 스타트업 관계자 및 예비창업자, 창업에 관심있는 시민 누구나(50명 내외 / 선착순)

● Day 2. IR·투자상담 데이: IR 데모데이 & 1:1 맞춤상담(투자·융자·보증)    
- 신청대상: 스타트업 대표 및 관계자, 창업보육센터 입주기업 등(6개사 내외)",,"예비창업자,1년미만,2년미만,3년미만,5년미만,7년미만,10년미만",행사ㆍ네트워크,20260807,20260825,,,온라인 접수: https://m.site.naver.com/2ebpW,https://www.k-startup.go.kr/web/contents/bizpbanc-ongoing.do?schM=view&pbancSn=178950,main,primary,8252026siw서구스타트업스케일업위크참가자모집,공공기관,20260807~20260825,행사ㆍ네트워크,행사ㆍ네트워크
kst,178949,2026년 하반기 D-테스트베드 참여자 모집,"금융위원회와 한국핀테크지원센터는 금융·비금융 결합데이터 및 분석 환경 등을 지원하여 초기 핀테크 아이디어를 테스트하고 그 효과성을 시험해볼 수 있도록 D-테스트베드 사업을 운영하고 있습니다.
 이에 따라, 「2026년 D-테스트베드」 사업의 하반기 참여자 모집을 아래와 같이 공모하오니 관심 있는 기업과 개인의 많은 참여 바랍니다.",기술,민간,전국,"대학생,일반인,대학,연구기관,일반기업,1인 창조기업","기업,누구나,청년,초기창업기업","만 20세 이상 ~ 만 39세 이하,만 40세 이상",,,"제공되는 데이터를 활용하여 자신의 아이디어 검증을 희망하는 기업, 개인(팀 포함)",,"예비창업자,1년미만,2년미만,3년미만,5년미만,7년미만,10년미만",기술개발(R&amp;D),20260812,20260908,,,온라인 접수: https://dtest.fintech.or.kr/,https://www.k-startup.go.kr/web/contents/bizpbanc-ongoing.do?schM=view&pbancSn=178949,main,primary,2026년하반기d테스트베드참여자모집,민간,20260812~20260908,기술개발(R&D),기술개발(R&D)
kst,178948,취약분야 상시 컨설팅 9월 참가자 모집 공고,강동구 청년해냄센터에서 9월 취약 분야 상시 컨설팅 계획을 다음과 같이 공고하니 참여 희망자는 안내에 따라 신청하시기 바랍니다.,교육/멘토링,공공기관,전국,"청소년,대학생,일반인,대학,연구기관,일반기업,1인 창조기업","기업,누구나,예비창업자,청년,초기창업기업","만 20세 미만,만 20세 이상 ~ 만 39세 이하,만 40세 이상",,,"예비창업자, 기창업자",,"예비창업자,1년미만,2년미만,3년미만,5년미만,7년미만,10년미만",멘토링ㆍ컨설팅ㆍ교육,20260819,20260930,,,온라인 접수: http://www.gdhaenaem.com/?c=169,https://www.k-startup.go.kr/web/contents/bizpbanc-ongoing.do?schM=view&pbancSn=178948,main,primary,취약분야상시컨설팅9월참가자모집공고,공공기관,20260819~20260930,멘토링ㆍ컨설팅ㆍ교육,멘토링ㆍ컨설팅ㆍ교육
kst,178947,2026년 하반기 벤처확인 도전기업 일대일 비대면 밋업 참여기업 모집,"벤처기업확인 인증은 자금조달, 정부지원사업 가점, 세제 감면 등 기업 성장의 든든한 발판이 되는 핵심 인증제도 입니다. 혁신기술경영인증지원센터에서는 벤처기업확인(최초·재인증)을 준비하는 기업의 성공적인 인증 준비를 지원하기 위하여 『2026년 벤처확인 가능성 1:1 비대면 밋업』 참여기업을 다음과 같이 모집하오니 많은 관심과 참여 바랍니다.",창업,민간,전국,"일반기업,1인 창조기업","기업,예비창업자,초기창업기업","만 20세 미만,만 20세 이상 ~ 만 39세 이하,만 40세 이상",,,"① 벤처기업확인 최초 인증을 준비하는 기업
② 벤처기업 재인증을 준비하는 기업
③ 벤처확인 준비 방향이 필요한 기업
④ 기술성 및 사업성 진단을 희망하는 기업
⑤ 벤처인증 준비 상태 점검 및 전문가 자문이 필요한 기업

- 벤처기업에 포함되지 않는 업종 ( 일반 유흥 주점업, 무도 유흥 주점업, 기타 주점업, 블록체인 기반 암호화 자산 매매 및 중개업, 기타 사행시설 관리 운영업, 무도장 운영업)
- 신청일 기준 회사 설립이 완료되지 않은 기업 (예비창업자)
- 국제 또는 지방세 체납으로 규제 중인 자
- 공고 마감일 기준 휴업 중인 기업, 금융기관 등으로부터 채무불이행으로 규제 중인 자 또는 기업",,"1년미만,2년미만,3년미만,5년미만,7년미만,10년미만",사업화,20260822,20260918,,,온라인 접수: https://m.site.naver.com/2bCTe,https://www.k-startup.go.kr/web/contents/bizpbanc-ongoing.do?schM=view&pbancSn=178947,main,primary,2026년하반기벤처확인도전기업일대일비대면밋업참여기업모집,민간,20260822~20260918,사업화,사업화
kst,178946,2026년 한국광해광업공단  상생형 창업‧벤처기업 지원사업 참여기업 모집,"우수한 창업·벤처기업의 발굴 및 사업화 자금지원 등을 통한 국내 중소기업의 육성과 발전을 위하여 다음과 같이 창업·벤처기업 지원 사업을 시행하오니, 많은 참여를 바랍니다.",창업,민간,전국,"청소년,대학생,일반인,대학,연구기관,일반기업,1인 창조기업","기업,누구나,청년,초기창업기업","만 20세 미만,만 20세 이상 ~ 만 39세 이하,만 40세 이상",,,창업 7년이내 중소기업 혹은 벤처기업(벤처인증서 보유시 업력 무관),,7년미만,사업화,20260814,20260831,,,온라인 접수: https://forms.gle/8mLtGEPzSQXidp7b8,https://www.k-startup.go.kr/web/contents/bizpbanc-ongoing.do?schM=view&pbancSn=178946,main,primary,2026년한국광해광업공단상생형창업벤처기업지원사업참여기업모집,민간,20260814~20260831,사업화,사업화
kst,178944,『2026 AI 기반 소셜임팩트 기업 활성화 지원사업』,"AI 기술을 기반으로 사회·환경 문제를 해결하고 사회적 가치를 창출하는 강남구 소재 유망기업을 발굴·육성하고자 『2026 AI 기반 소셜임팩트 기업 활성화 지원사업』 참여기업을 모집합니다.
본 사업은 강남구 소재 업력 7년 이내 AI 기반 소셜임팩트 기업을 대상으로, 기업별 맞춤형 액셀러레이팅, BM·IR 고도화, AC·VC 참여 데모데이 및 1:1 투자 밋업, 우수기업은 2027년도 LIPS·TIPS 투자 검토 및 후속 연계 등을 지원합니다.
성장 가능성과 사회적 가치를 갖춘 AI 기업의 많은 관심과 참여 바랍니다.",창업,민간,서울특별시,"대학생,일반인,일반기업","기업,누구나,청년","만 20세 이상 ~ 만 39세 이하,만 40세 이상",,,"강남구 소재 업력 7년 이내 AI 기반 소셜임팩트 기업

※ 주요 분야 예시
AI 헬스케어·웰니스, 시니어테크·돌봄, 기후테크·에너지, 에듀테크·교육격차, 산업·생활안전, 접근성·포용기술, 일자리·HR테크, 지역·생활문제 해결, 푸드테크·식품안전, 자원순환·친환경, 모빌리티·교통문제, 금융접근성·핀테크, 소상공인·지역경제 활성화, 공공·행정서비스 혁신 등

※ 상기 분야 외에도 AI 기술을 활용하여 사회·환경적 문제를 해결하거나 사회적 편익 및 가치를 창출하는 기업이라면 지원 가능",,"예비창업자,1년미만,2년미만,3년미만,5년미만,7년미만",사업화,20260818,20260904,,,"온라인 접수: https://forms.gle/qsXcCfM4pXzKpmwb8
이메일 접수: pocket.invest.hq@gmail.com
기타 접수: ① 온라인 신청폼 작성 및 제출
② 사업계획서 또는 IR Deck 이메일 제출
신청폼 : https://forms.gle/qsXcCfM4pXzKpmwb8",https://www.k-startup.go.kr/web/contents/bizpbanc-ongoing.do?schM=view&pbancSn=178944,main,primary,2026ai기반소셜임팩트기업활성화지원사업,민간,20260818~20260904,사업화,사업화
kst,178943,해외바이어 초청 '글로벌 비즈니스 상담회 2026'  참가기업 모집,서울경제진흥원(SBA)은 서울 우수 중소기업의 글로벌 시장 진출 및 해외 판로개척을 지원하기 위하여 해외 바이어를 초청하고 국내·외 투자사·파트너사와 함께하는「글로벌 비즈니스 상담회 2026」를 개최합니다. 해외 진출을 희망하는 서울 소재 중소기업의 많은 관심과 참여를 바랍니다.,행사/네트워크,공공기관,서울특별시,일반기업,기업,"만 20세 이상 ~ 만 39세 이하,만 40세 이상",,,"해외 판로개척을 희망하는 서울 소재 중소기업(본사, 지점, 연구소 등 1곳 이상 보유)",,"1년미만,2년미만,3년미만,5년미만,7년미만,10년미만",행사ㆍ네트워크,20260813,20260831,,,온라인 접수: https://app.catchsecu.com/url/bad73f84e4b4bc9,https://www.k-startup.go.kr/web/contents/bizpbanc-ongoing.do?schM=view&pbancSn=178943,main,primary,해외바이어초청글로벌비즈니스상담회2026참가기업모집,공공기관,20260813~20260831,행사ㆍ네트워크,행사ㆍ네트워크
kst,178942,"""동남아 시장 진입과 사업 확장 실행 전략"" 특별 강연 참가자 모집 (『신한 스퀘어브릿지』 9월 브릿지 클럽)","『신한 스퀘어브릿지』 스타트업 네트워킹 9월 브릿지 클럽에서는 아시아 주요 국가 정부기관 및 글로벌 진출 전문가가 함께하는 아시아 시장 진출 전략 특별 강연을 준비했습니다.
글로벌 진출에 관심있는 스타트업 임직원 및 예비창업자분들의 많은 관심과 참여 바랍니다.",행사/네트워크,민간,전국,"청소년,대학생,일반인,대학,연구기관,일반기업,1인 창조기업","기업,누구나,예비창업자,청년,초기창업기업","만 20세 미만,만 20세 이상 ~ 만 39세 이하,만 40세 이상",,,"스타트업 임직원, 예비창업자, AC/VC 및 스타트업 유관기관 관계자 누구나",,"예비창업자,1년미만,2년미만,3년미만,5년미만,7년미만,10년미만",행사ㆍ네트워크,20260819,20260906,,,온라인 접수: https://m.site.naver.com/2et1G,https://www.k-startup.go.kr/web/contents/bizpbanc-ongoing.do?schM=view&pbancSn=178942,main,primary,동남아시장진입과사업확장실행전략특별강연참가자모집신한스퀘어브릿지9월브릿지클럽,민간,20260819~20260906,행사ㆍ네트워크,행사ㆍ네트워크
kst,178941,2026년「강남 취‧창업허브센터」7차 입주 기업 신규 모집,우수한 기술과 참신한 아이디어를 보유한 창업 초기 기업 및 (예비) 창업자를 대상으로 체계적인 인큐베이팅을 통하여 성장 가능성이 높은 혁신형 중소기업으로 육성하고자 신규 입주기업을 아래와 같이 공개 모집하오니 관심 있는 기업의 많은 신청 바랍니다.,시설/공간,민간,서울특별시,"대학생,일반인,대학,연구기관,일반기업,1인 창조기업","기업,누구나,예비창업자,청년,초기창업기업","만 20세 이상 ~ 만 39세 이하,만 40세 이상",,,"예비창업자 및 7년이내 창업기업

▣ 최종 선발 후 입주를 취소한 기록이 있는 기업
▣ 국세 또는 지방세 체납으로 규제 중인 기업
▣ 금융기관 등으로부터 채무불이행으로 규제 중인 기업
▣ 신청일 현재 휴업 중인 기업
▣ 국가 또는 지방자치단체로부터 시설지원을 받고있는 자
  ※ 단, 입주일 이전 퇴소 예정인 기업은 협약서 및 계약서 증빙을 제출하여 신청 가능
▣ 중소기업창업지원법 시행령 제4조(창업에서 제외되는 업종)의 업종
  ※ 일반유흥주점업, 무도유흥주점업, 기타 사행(射倖) 시설 관리 및 운영업 등 중소벤처기업부령으로 정하는 업종
▣ 국가, 지방자치단체, 공공기관의 창업공간 입주 지원사업을 수혜 중인 자
  ※ 다만, 협약일 이전에 사업수혜 기간이 종료되거나 사업을 중도 포기한 자는 신청 가능함",,"예비창업자,1년미만,2년미만,3년미만,5년미만,7년미만",시설ㆍ공간ㆍ보육,20260818,20260906,,,온라인 접수: https://miniintern.com/event/3298,https://www.k-startup.go.kr/web/contents/bizpbanc-ongoing.do?schM=view&pbancSn=178941,main,primary,2026년강남취창업허브센터7차입주기업신규모집,민간,20260818~20260906,시설ㆍ공간ㆍ보육,시설ㆍ공간ㆍ보육
kst,178940,경기창업혁신공간 서부권 「스담스담」(오픈 네트워킹)  2회차,"경기창업혁신공간 서부권에서는 투자 전문가와 함께 스타트업의 성장과 투자유치 전략을 살펴보고, 기업 간 교류를 활성화하기 위해 「스담스담」을 운영하고 있습니다.
이번 2회차에서는 「투자자가 바라보는 스타트업의 성장 조건」을 주제로, 투자자가 주목하는 스타트업의 핵심 경쟁력과 성장 가능성을 살펴보고, 투자유치를 위해 준비해야 할 주요 요소를 알아봅니다.
스타트업의 성장과 투자유치에 관심 있는 분들의 많은 참여 바랍니다.",행사/네트워크,공공기관,경기도,"청소년,대학생,일반인,대학,연구기관,일반기업,1인 창조기업","기업,누구나,예비창업자,청년,초기창업기업","만 20세 미만,만 20세 이상 ~ 만 39세 이하,만 40세 이상",,,경기도 내 예비창업자 및 스타트업 임직원,,"예비창업자,1년미만,2년미만,3년미만,5년미만,7년미만",행사ㆍ네트워크,20260818,20260825,,,온라인 접수: https://forms.gle/sURrrUTKJY6ESvF69,https://www.k-startup.go.kr/web/contents/bizpbanc-ongoing.do?schM=view&pbancSn=178940,main,primary,경기창업혁신공간서부권스담스담오픈네트워킹2회차,공공기관,20260818~20260825,행사ㆍ네트워크,행사ㆍ네트워크
kst,178939,2026년 서초AICT 고성능 컴퓨팅 인프라 지원사업 모집 공고,"안녕하세요. 서초AICT 운영센터 입니다. 
서초AICT 운영센터에서는 「2026년 서초AICT 고성능 컴퓨팅 인프라 지원사업」에 참여할 AI·ICT 분야 중소·벤처기업 및 스타트업을 모집합니다.
고성능 컴퓨팅 자원을 활용하여 AI 연구·개발을 추진하고자 하는 기업의 많은 관심과 참여 바랍니다.",시설/공간,지자체,서울특별시,일반기업,기업,"만 20세 미만,만 20세 이상 ~ 만 39세 이하,만 40세 이상",,,서울시 서초구 양재·우면동 소재 기업 중 AI 연구·개발을 추진하고자 하는 AI·ICT 산업 관련 중소·벤처기업 및 스타트업 기업,,"예비창업자,1년미만,2년미만,3년미만,5년미만,7년미만,10년미만",시설ㆍ공간ㆍ보육,20260818,20260831,,,온라인 접수: http://seochoaict.ai/notice/108,https://www.k-startup.go.kr/web/contents/bizpbanc-ongoing.do?schM=view&pbancSn=178939,main,primary,2026년서초aict고성능컴퓨팅인프라지원사업모집공고,지자체,20260818~20260831,시설ㆍ공간ㆍ보육,시설ㆍ공간ㆍ보육
kst,178938,디캠프 9월 오피스아워 #벤처투자·#사업협력 모집,"스타트업의 ‘만남’이 다음 투자와 협업으로 이어질 수 있도록, 디캠프 9월 오피스아워 참가 스타트업을 모집합니다.
이번 9월 디캠프 오피스아워에는 국내외 주요 투자기관 12곳과 아모레퍼시픽, 에쓰오일, 쿠팡 등 사업협력 파트너가 함께합니다.
기업의 성장 단계와 산업 분야에 맞는 투자사를 1:1로 만나 투자 가능성을 논의하고, 각 산업 현장의 실제 수요를 바탕으로 PoC와 후속 사업협력 기회도 확인해 보세요.
투자사와 산업 파트너를 한자리에서 만나 #투자유치와 #사업협력의 다음 기회를 만들어 보세요.",교육/멘토링,민간,전국,"일반기업,1인 창조기업","기업,초기창업기업","만 20세 미만,만 20세 이상 ~ 만 39세 이하,만 40세 이상",,,투자유치 또는 사업협력 멘토링이 필요한 스타트업,,"예비창업자,1년미만,2년미만,3년미만,5년미만,7년미만,10년미만",멘토링ㆍ컨설팅ㆍ교육,20260818,20260902,,,온라인 접수: https://bit.ly/45xBM7y,https://www.k-startup.go.kr/web/contents/bizpbanc-ongoing.do?schM=view&pbancSn=178938,main,primary,디캠프9월오피스아워벤처투자사업협력모집,민간,20260818~20260902,멘토링ㆍ컨설팅ㆍ교육,멘토링ㆍ컨설팅ㆍ교육
kst,178937,마포청년창업취업지원센터 나루 2026,"[창업] AI 활용 상세페이지·상품 기획 실습 창업교육을 진행하오니, 많은 관심과 지원 부탁드립니다.",창업,공공기관,서울특별시,"대학생,일반인,대학,연구기관,일반기업,1인 창조기업","기업,누구나,청년,초기창업기업",만 20세 이상 ~ 만 39세 이하,20,39,예비 및 초기 청년(만 19세~39세) 창업자,,"예비창업자,1년미만,2년미만,3년미만",창업교육,20260818,20260907,,,온라인 접수: https://www.naroo.or.kr/bbs/content.php?co_id=program_view&np_seq=1293,https://www.k-startup.go.kr/web/contents/bizpbanc-ongoing.do?schM=view&pbancSn=178937,main,primary,마포청년창업취업지원센터나루2026,공공기관,20260818~20260907,창업교육,창업교육
kst,178936,[무료/선착순] 대구 피지컬AI & 공공데이터 활용 세미나,대구디지털혁신진흥원과 메타코드가 피지컬AI와 공공데이터 활용 분야 취업 및 창업에 필요한 개념부터 컨설팅까지 준비했습니다. 관심 있는 분들은 신청 바랍니다.,교육/멘토링,민간,대구광역시,"청소년,대학생,일반인,대학,연구기관,일반기업,1인 창조기업","기업,누구나,청년,초기창업기업","만 20세 미만,만 20세 이상 ~ 만 39세 이하,만 40세 이상",,,"대학생,취업준비생,예비 창업자 및 현직 실무자",,"예비창업자,1년미만,2년미만,3년미만,5년미만,7년미만,10년미만",멘토링ㆍ컨설팅ㆍ교육,20260814,20260907,,,온라인 접수: https://forms.gle/kS5VmnJjHEMmzHFp6,https://www.k-startup.go.kr/web/contents/bizpbanc-ongoing.do?schM=view&pbancSn=178936,main,primary,무료선착순대구피지컬ai공공데이터활용세미나,민간,20260814~20260907,멘토링ㆍ컨설팅ㆍ교육,멘토링ㆍ컨설팅ㆍ교육
kst,178935,마포청년창업취업지원센터 나루 2026,"[창업] 창업가를 위한 온라인 판매 실전 창업교육을 진행하오니, 많은 관심과 지원 부탁드립니다.",창업,공공기관,서울특별시,"대학생,일반인,대학,연구기관,일반기업,1인 창조기업","기업,누구나,청년,초기창업기업",만 20세 이상 ~ 만 39세 이하,20,39,예비 및 초기 청년(만 19세~39세) 창업자,,"예비창업자,1년미만,2년미만,3년미만",창업교육,20260818,20260901,,,온라인 접수: https://www.naroo.or.kr/bbs/content.php?co_id=program_view&np_seq=1292,https://www.k-startup.go.kr/web/contents/bizpbanc-ongoing.do?schM=view&pbancSn=178935,main,primary,마포청년창업취업지원센터나루2026,공공기관,20260818~20260901,창업교육,창업교육
kst,178934,2026 대구·경북 스타트업 페스티벌 연계 제10회 대구 스타트업 오픈이노베이션 밋업데이(Meet-up)  참여 스타트업 모집,"대구창조경제혁신센터와 경북대학교 창업지원단은 대구광역시와 중소벤처기업부의 지원으로, 선도기업과 지역 스타트업 간 실증·협업 과제 발굴을 지원하기 위한 「제10회 대구 스타트업 오픈이노베이션 밋업데이」를 운영하고, 본 밋업에 참여할 스타트업을 모집하오니 많은 관심과 참여를 바랍니다.",행사/네트워크,공공기관,대구광역시,"청소년,대학생,일반인,대학,연구기관,일반기업,1인 창조기업","기업,누구나,스타트업,청년,초기창업기업","만 20세 미만,만 20세 이상 ~ 만 39세 이하,만 40세 이상",,,"참여 선도기업과의 미팅을 희망하는 전국 소재의 공고일 기준 만 7년 이내 창업기업 
*신산업 창업 분야의 경우, 만 10년 이내 참여 가능",,"7년미만,10년미만",행사ㆍ네트워크,20260729,20260901,,,온라인 접수: https://startup.daegu.go.kr/index.do?menu_id=00002731&menu_link=/front/project/projectFrontMypageDetail.do?project_id=PROJECT_00004944,https://www.k-startup.go.kr/web/contents/bizpbanc-ongoing.do?schM=view&pbancSn=178934,main,primary,2026대구경북스타트업페스티벌연계제10회대구스타트업오픈이노베이션밋업데이meetup참여스타트업모집,공공기관,20260729~20260901,행사ㆍ네트워크,행사ㆍ네트워크
kst,178933,2026년 서울시 기후테크 온라인 기획전 실무교육,"안녕하십니까. 국가녹색기술연구소 서울기후테크산업지원센터입니다.
다음과 같이 2026년 서울시 기후테크 온라인 기획전 실무교육에 대해 안내드리오니 참여할 의향이 있으신 분은
첨부한 포스터 내 구글폼(QR)을 제출하여 신청 부탁드리겠습니다.",교육/멘토링,공공기관,서울특별시,일반기업,"기업,예비창업자","만 20세 이상 ~ 만 39세 이하,만 40세 이상",,,서울시에 주소지를 둔 기후테크 기업 및 예비창업자,,"예비창업자,1년미만,2년미만,3년미만,5년미만,7년미만,10년미만",멘토링ㆍ컨설팅ㆍ교육,20260818,20260826,,,온라인 접수: https://docs.google.com/forms/d/e/1FAIpQLSflXnmZ6bi_GQvwPeU75F_edsOECL6HC-1gY7c-0KbCP2uCOg/viewform,https://www.k-startup.go.kr/web/contents/bizpbanc-ongoing.do?schM=view&pbancSn=178933,main,primary,2026년서울시기후테크온라인기획전실무교육,공공기관,20260818~20260826,멘토링ㆍ컨설팅ㆍ교육,멘토링ㆍ컨설팅ㆍ교육
kst,178932,이재용 회계사와 함께하는 ‘스타트업 재무 특강’ 참여자 모집 (『신한 스퀘어브릿지 대전』 X SIW BRIDGE TALK),"2026 지역창업페스티벌 연계 스타트업 코리아 투자위크(SIW)를 맞이해 『신한 스퀘어브릿지 대전』이 준비한 BRIDGE TALK
“재무덕후 이재용 회계사에게 듣는 스타트업 재무 이야기” 
스타트업 재무와 현금흐름의 기본기를 탄탄하게 다지고 싶은 창업가와 창업 전 꼭 알아야 할 돈 흐름 읽는 법에 대해 듣고 싶은 예비창업가의 많은 관심과 참여 부탁 드립니다.",행사/네트워크,민간,대전광역시,"청소년,대학생,일반인,대학,연구기관,일반기업,1인 창조기업","기업,누구나,스타트업,청년,초기창업기업","만 20세 미만,만 20세 이상 ~ 만 39세 이하,만 40세 이상",,,"대전 지역 (예비)창업가, 스타트업 유관기관 관계자",,"예비창업자,1년미만,2년미만,3년미만,5년미만,7년미만,10년미만",행사ㆍ네트워크,20260818,20260831,,,온라인 접수: https://www.siw.or.kr/pre-registration/view/id/26/date/all,https://www.k-startup.go.kr/web/contents/bizpbanc-ongoing.do?schM=view&pbancSn=178932,main,primary,이재용회계사와함께하는스타트업재무특강참여자모집신한스퀘어브릿지대전xsiwbridgetalk,민간,20260818~20260831,행사ㆍ네트워크,행사ㆍ네트워크
kst,178931,2026년 제대군인 창업 경진대회 참가자 모집,국가보훈부는 우수 사업 아이템을 보유한 예비 또는 창업기업 단계에 있는 제대군인을 발굴 및 홍보하여 제대군인의 잠재된 창업 의욕 고취를 위해 「2026년 제대군인 창업 경진대회」를 개최합니다. 창업에 관심이 있는 제대군인 분들의 많은 관심과 참여 바랍니다.,행사/네트워크,공공기관,전국,"일반인,일반기업,1인 창조기업","기업,누구나,초기창업기업","만 20세 이상 ~ 만 39세 이하,만 40세 이상",,,"ㅇ 지원 대상
- 공고일 기준 혁신적인 기술과 사업모델(BM) 또는 우수 창업 아이템*을 보유하고 있는 예비 창업자 또는 창업 7년 이내 창업기업**
* 「중소기업창업지원법 시행령 제4조」 에 따라 창업에서 제외되는 업종 관련 창업 아이템은 선정에서 제외
** 공고문 내 붙임 3 창업여부 기준표에 따라 신청자격 적합 여부 결정(신청 전 필수 확인)

ㅇ 참가 자격
- 공고일 기준 국가보훈부에 등록된 중·장기복무 제대군인(5년 이상) 또는 국가보훈부 지원 대상자로 선정된 의무복무제대군인*
* 공고일 기준 전역 후 3년이 지나지 아니한 등급미달 경상이자, 취업맞춤특기병, 저소득·모범장병

공고문 2페이지 참가 제외 요건 확인",,"예비창업자,1년미만,2년미만,3년미만,5년미만,7년미만",행사ㆍ네트워크,20260818,20260917,,,온라인 접수: https://naver.me/FdqSN6no,https://www.k-startup.go.kr/web/contents/bizpbanc-ongoing.do?schM=view&pbancSn=178931,main,primary,2026년제대군인창업경진대회참가자모집,공공기관,20260818~20260917,행사ㆍ네트워크,행사ㆍ네트워크
kst,178930,광명업사이클아트센터 2026년 하반기 가상오피스 지원기업 모집,"광명시 업사이클아트센터는 에코디자인, 콘텐츠 융·복합 분야 스타트업을 대상으로 가상오피스를 지원하고 있습니다. 다음과 같이 신규 가상오피스를 모집하오니 창의적인 아이디어와 우수한 역량을 보유한 (예비)창업자의 많은 관심과 참여를 바랍니다.",시설/공간,지자체,경기도,"청소년,대학생,일반기업,1인 창조기업","기업,청년,초기창업기업","만 20세 미만,만 20세 이상 ~ 만 39세 이하,만 40세 이상",,,"○ 업사이클 및 친환경 분야의 창업 5년 이내 (예비)창업자 중 개인사업자
○ 가상오피스 지원 계약 체결 후 1개월 이내에 광명업사이클아트센터로 사업자 주소지 등록(변경) 가능한 (예비)창업자

※ 법인사업자 가상오피스 지원 불가",,"예비창업자,1년미만,2년미만,3년미만,5년미만",시설ㆍ공간ㆍ보육,20260814,20260914,,,이메일 접수: gmghub@naver.com,https://www.k-startup.go.kr/web/contents/bizpbanc-ongoing.do?schM=view&pbancSn=178930,main,primary,광명업사이클아트센터2026년하반기가상오피스지원기업모집,지자체,20260814~20260914,시설ㆍ공간ㆍ보육,시설ㆍ공간ㆍ보육
kst,178929,"[무료 웨비나] 해외 VC가 바라보는 시장, 창업가 그리고 글로벌 성장","글로벌 시장 진출을 준비하는 창업가를 대상으로 해외 VC의 투자 관점과 크로스보더 성장 전략을 공유하는 웨비나를 다음과 같이 진행하오니, 관심 있는 창업가들의 많은 참여 바랍니다.",창업,민간,전국,"청소년,대학생,일반인,대학,연구기관,일반기업,1인 창조기업","기업,누구나,청년,초기창업기업","만 20세 미만,만 20세 이상 ~ 만 39세 이하,만 40세 이상",,,"글로벌 진출 및 해외 투자유치에 관심 있는 창업가, 스타트업 및 관련 업계 종사자",,"예비창업자,1년미만,2년미만,3년미만,5년미만,7년미만,10년미만",창업교육,20260815,20260825,,,온라인 접수: luma.com/ufvlba8g,https://www.k-startup.go.kr/web/contents/bizpbanc-ongoing.do?schM=view&pbancSn=178929,main,primary,무료웨비나해외vc가바라보는시장창업가그리고글로벌성장,민간,20260815~20260825,창업교육,창업교육
kst,178928,마포청년창업취업지원센터 나루 2026,"[창업] 경험을 디자인하는 기획자 양성 과정 창업교육을 진행하오니, 많은 관심과 지원 부탁드립니다.",창업,공공기관,서울특별시,"대학생,일반인,대학,연구기관,일반기업,1인 창조기업","기업,누구나,청년,초기창업기업",만 20세 이상 ~ 만 39세 이하,20,39,예비 및 초기 청년(만 19세~39세) 창업자,,"예비창업자,1년미만,2년미만,3년미만",창업교육,20260814,20260826,,,온라인 접수: https://www.naroo.or.kr/bbs/content.php?co_id=program_view&np_seq=1294,https://www.k-startup.go.kr/web/contents/bizpbanc-ongoing.do?schM=view&pbancSn=178928,main,primary,마포청년창업취업지원센터나루2026,공공기관,20260814~20260826,창업교육,창업교육
kst,178927,﻿2026 큐네스티 소셜임팩트 TIPS IR 데모데이 참가기업 모집 (@ 배민스타트업스퀘어),"﻿'사회문제를 해결하는 기술, TIPS 도약의 무대에 서다'
재단법인 큐네스티에서 소셜임팩트 기술 스타트업의 투자 유치와 2027년도 TIPS 도전을 지원하기 위해 아래와 같이 「2026 큐네스티 소셜임팩트 TIPS IR 데모데이」 참가기업을 모집합니다.
큐네스티는 TIPS 운영사이자 임팩트 투자기관으로, 본 행사의 우수 기업에게는 직접 투자 검토와 2027년도 TIPS 추천 프로그램 연계를 지원합니다. 사회·환경 문제를 기술로 해결하는 유망 스타트업의 많은 관심과 지원 바랍니다.",행사/네트워크,민간,전국,일반기업,"기업,스타트업","만 20세 미만,만 20세 이상 ~ 만 39세 이하,만 40세 이상",,,"﻿○ 사회·환경 문제를 해결하는 소셜임팩트 기술 스타트업 (본선 10개사 내외 선발)

○ 모집 분야
  1. 소셜임팩트 일반: 일자리창출, 친환경·기후테크, 소상공인/지역활성화, 시니어·돌봄 등
  2. 생활·상거래 연계: 물류·유통 테크, 핀테크, 소상공인 디지털 솔루션, 푸드테크 등

○ 참가 요건 (TIPS 추천 자격 준용)
  - 창업 7년 이내 (신산업 10년 이내) 법인 스타트업
  - 대표자 포함 2인 이상 창업팀 구성
  - 직전 연도 전체 매출액 20억 원 미만 / 누적 투자유치금액 50억 원 미만

﻿○ 과거 TIPS R&D(일반/딥테크/글로벌/스케일업) 수혜 이력이 있는 기업
○ 현재 타 TIPS 트랙에 신청하여 평가가 진행 중인 기업
○ 국가연구개발사업 및 중소기업 기술개발사업 참여제한 대상 기업
○ 기타 세무, 임금체불, 창업 제외 업종 등 법적 결격 사유가 있는 기업",,7년미만,행사ㆍ네트워크,20260818,20260915,,,이메일 접수: hur1846@cunaest.kr,https://www.k-startup.go.kr/web/contents/bizpbanc-ongoing.do?schM=view&pbancSn=178927,main,primary,2026큐네스티소셜임팩트tipsir데모데이참가기업모집배민스타트업스퀘어,민간,20260818~20260915,행사ㆍ네트워크,행사ㆍ네트워크
kst,178926,크라우드펀딩 플랫폼 등록 희망 여성창업자를 위한 2026 여성창업자 사업화지원금 경진대회,여성 예비창업자 및 여성창업자의 시제품을 크라우드펀딩 플랫폼 '와디즈'에 개설하여 초기 시제품 제작 자금을 확보하고 시제품의 홍보 및 시장검증을 할 수 있는 기회를 제공하기 위해 아래와 같이 경진대회 참가자를 모집합니다.,창업,민간,전국,"대학생,일반인,일반기업,1인 창조기업","기업,누구나,여성,청년,초기창업기업","만 20세 미만,만 20세 이상 ~ 만 39세 이하,만 40세 이상",,,"-리워드형 크라우드펀딩에 적합한 시제품을 보유한 예비 여성창업자 및 여성창업자
※ 판매 이력이 있는 제품은 제한, 새로 출시하는 제품만 가능
※ 기 수상 경력 있는 아이템 제외",,"예비창업자,1년미만,2년미만,3년미만,5년미만,7년미만,10년미만",사업화,20260814,20260825,,,이메일 접수: kywcenter@daum.net,https://www.k-startup.go.kr/web/contents/bizpbanc-ongoing.do?schM=view&pbancSn=178926,main,primary,크라우드펀딩플랫폼등록희망여성창업자를위한2026여성창업자사업화지원금경진대회,민간,20260814~20260825,사업화,사업화
kst,178925,로컬 브랜드 창업자 육성과정 교육 및 플리마켓 참가자 모집,"영덕 로컬브랜드 창출사업, 로컬 브랜드 창업자 육성과정 사전교육(7회)·플리마켓(12회) 참가자를 모집합니다. 개발비·IR자료 제작비를 지원하며, 신청마감은 8월 27일입니다.",창업,민간,경상북도,"청소년,대학생,일반인,대학,연구기관,일반기업,1인 창조기업","기업,누구나,예비창업자,청년,초기창업기업","만 20세 미만,만 20세 이상 ~ 만 39세 이하,만 40세 이상",,,"영덕군 내 상인·창업가, 교육 종료 전까지 영덕군으로 사업장 이전이 가능한 사업자, 사업자등록이 가능한 예비창업자이며, F&B·푸드트럭 참여 희망자도 신청 가능합니다.",,"예비창업자,1년미만,2년미만,3년미만,5년미만,7년미만,10년미만",창업교육,20260814,20260827,,,온라인 접수: https://forms.gle/MiTR26mh3fHrNGpQ8,https://www.k-startup.go.kr/web/contents/bizpbanc-ongoing.do?schM=view&pbancSn=178925,main,primary,로컬브랜드창업자육성과정교육및플리마켓참가자모집,민간,20260814~20260827,창업교육,창업교육
kst,178924,2026년 CAU Tech-Connecting Day,"중앙대학교 창업보육센터에서는 대학 보유 우수 기술을 발굴하고, 이를 필요로 하는 기업과 연결하여 기술사업화 및 비즈니스 고도화를 지원하고자 『2026년 CAU Tech-Connecting Day』를 개최합니다.
기술 도입 및 사업 확장을 희망하는 기업 대표님들의 많은 관심과 참여 바랍니다.",기술,교육기관,전국,"청소년,대학생,일반인,대학,연구기관,일반기업,1인 창조기업","기업,누구나,청년,초기창업기업","만 20세 미만,만 20세 이상 ~ 만 39세 이하,만 40세 이상",,,중앙대와 기술교류를 희망하는 (예비)창업기업,,"예비창업자,1년미만,2년미만,3년미만,5년미만,7년미만,10년미만",기술개발(R&amp;D),20260814,20260910,,,온라인 접수: https://www.cautech.co.kr/,https://www.k-startup.go.kr/web/contents/bizpbanc-ongoing.do?schM=view&pbancSn=178924,main,primary,2026년cautechconnectingday,교육기관,20260814~20260910,기술개발(R&D),기술개발(R&D)
kst,178923,2026 U-Global Connect x Fincantieri 참여기업 모집,울산창조경제혁신센터에서는 이탈리아 최대 조선·해양 그룹 핀칸티에리(Fincantieri)와 협력하여 국내 스타트업의 글로벌 시장 진출 기회를 지원하기 위해 「2026 U-Global Connect × Fincantieri」 프로그램 참여기업을 다음과 같이 모집하오니 관심 있는 스타트업의 많은 참여 바랍니다.,판로/수출,공공기관,전국,일반기업,기업,"만 20세 미만,만 20세 이상 ~ 만 39세 이하,만 40세 이상",,,"조선·해양 산업 분야 기술을 보유한 국내 스타트업

• 「중소기업창업 지원법 시행령」 제4조에 따른 창업 제외 업종을 영위하는 기업 (※ 일반유흥주점업, 무도유흥주점업, 기타 사행시설 관리 및 운영업 등) 
• 국세 또는 지방세를 체납 중인 기업 
• 정부, 지방자치단체 또는 공공기관의 지원사업 참여 제한 등 제재를 받고 있는 기업 
• 신청서 및 제출서류의 내용이 허위이거나 제출 서류를 위·변조한 기업 
• 타인의 기술, 특허 또는 지식재산권을 침해하거나 모방한 사업아이템으로 신청한 기업 
• 금융기관을 통한 계좌 개설이 불가능하거나 금융거래에 중대한 제약이 있는 기업 
• 기타 운영기관이 본 사업의 목적 및 운영 취지에 부적합하다고 판단하는 기업",,"예비창업자,1년미만,2년미만,3년미만,5년미만,7년미만,10년미만",글로벌,20260812,20260826,,,온라인 접수: https://ulsanstartuphub.kr/program?category=apply&mod=view&idx=113,https://www.k-startup.go.kr/web/contents/bizpbanc-ongoing.do?schM=view&pbancSn=178923,main,primary,2026uglobalconnectxfincantieri참여기업모집,공공기관,20260812~20260826,글로벌,글로벌
kst,178921,2026 대한민국 발명특허대전 출품 신청(~8.26),"2026 대한민국 발명특허대전 출품 안내 드립니다.
우수 발명품 및 특허 기술을 널리 알리고, 대통령상과 국무총리상을 비롯한 수상의 기회까지 만나볼 수 있는 좋은 기회입니다. 
전시 기간 중 라이브커머스와 IR 피칭, 지식재산을 활용한 다양한 사업화 지원 컨설팅도 준비되어 있습니다. 
예비창업자와 스타트업의 많은 신청 바랍니다!",판로/수출,공공기관,대전광역시,"일반인,대학,연구기관,일반기업,1인 창조기업","기업,누구나,초기창업기업","만 20세 이상 ~ 만 39세 이하,만 40세 이상",,,"내국인으로서 특허, 실용신안을 출원 또는 등록한 권리자(1권리자당 발명품 3점 이내)

*국내 발명품전시회 및 유사 대회에 입상한 발명(정부기관 주최에 한함)
*기타 자세한 사항은 상세 공고문을 참고해주시기 바랍니다.",,"예비창업자,1년미만,2년미만,3년미만,5년미만,7년미만,10년미만",판로ㆍ해외진출,20260708,20260826,,,온라인 접수: www.kipa.org/kinpex,https://www.k-startup.go.kr/web/contents/bizpbanc-ongoing.do?schM=view&pbancSn=178921,main,primary,2026대한민국발명특허대전출품신청826,공공기관,20260708~20260826,판로ㆍ해외진출,판로ㆍ해외진출
kst,178920,일본 오사카(간사이) 지역 진출 지원사업 Plug in: Osaka #12 참가 스타트업 모집(~8/28 17:59까지),"(재)부산창조경제혁신센터에서는 국내 유망한 스타트업의 일본 간사이 지역 진출 및 현지 대·중견기업과의 1:1 밋업 기회 등을 제공하기 위해「Plug in: Osaka #12」에 참여할 기업을 아래와 같이 모집하오니, 많은 관심과 참여 바랍니다.",판로/수출,공공기관,전국,"일반인,일반기업,1인 창조기업","기업,누구나,스타트업,초기창업기업","만 20세 미만,만 20세 이상 ~ 만 39세 이하,만 40세 이상",,,"(모집분야) 라이프 사이언스(Life Sciences)
※ 라이프사이언스란, 바이오·헬스케어를 기반으로 의약품, 의료기기, 진단, 디지털헬스 등 생명과 건강 관련 제품 및 서비스를 개발하는 산업 분야를 의미함
□ (모집규모) 7개사 내외(전국 소재 4개사, 부산 소재 3개사)
※ 전국 소재 및 부산 소재 트랙별 모집규모를 구분하여 선정
전국 소재 : (4개사 내외) 전국 소재 라이프사이언스 분야 스타트업
부산 소재 : (3개사 내외) 부산 소재(본사, 지사, 연구소 등) 사업장을 보유한 라이프사이언스 분야 스타트업",,7년미만,판로ㆍ해외진출,20260814,20260828,,,"온라인 접수: https://busanstartup.kr/biz_sup/2210?mcode=biz02&pageNo=1&deadline=N&deleteYn=N&s_orderby=regi&s_desc=desc
이메일 접수: daeun@ccei.kr",https://www.k-startup.go.kr/web/contents/bizpbanc-ongoing.do?schM=view&pbancSn=178920,main,primary,일본오사카간사이지역진출지원사업pluginosaka12참가스타트업모집8281759까지,공공기관,20260814~20260828,판로ㆍ해외진출,판로ㆍ해외진출
kst,178919,메이커 스페이스,대구소재 제조 분야 예비창업자 및 기업에 금형 설계·제작과 초도물량 생산을 지원하는 초도물량 양산 패키지를 공고하오니 관심 있는 분들의 많은 참여 바랍니다.,시설/공간,교육기관,대구광역시,"대학생,일반인,일반기업,1인 창조기업","기업,누구나,예비창업자,청년,초기창업기업","만 20세 이상 ~ 만 39세 이하,만 40세 이상",,,"대구소재 제조 분야 예비창업자 및 기업
(모빌리티/ICT/의료·헬스 우대)

공고문 참조",,"예비창업자,1년미만,2년미만,3년미만,5년미만,7년미만,10년미만",시설ㆍ공간ㆍ보육,20260814,20260828,,,이메일 접수: cf4000@iact.or.kr,https://www.k-startup.go.kr/web/contents/bizpbanc-ongoing.do?schM=view&pbancSn=178919,main,primary,메이커스페이스,교육기관,20260814~20260828,시설ㆍ공간ㆍ보육,시설ㆍ공간ㆍ보육
kst,178916,웹서밋(Web Summit 2026) 참여기업 모집,웹서밋(Web Summit 2026) 참여기업 모집을 다음과 같이 공고하오니 서울 소재 유망 기업의 많은 관심과 신청 부탁드립니다.,판로/수출,공공기관,서울특별시,일반기업,기업,"만 20세 미만,만 20세 이상 ~ 만 39세 이하,만 40세 이상",,,"* 모집분야: AI/머신러닝, B2B SaaS, 핀테크, 헬스케어 등
① 본사가 서울에 소재하거나, 법인등기부등본에 서울 지점이 등록된 기업 ※ 단, 종된사업장만 서울에 소재한 경우 제외함
② 웹서밋 참가일(ʼ26.11.9.) 기준 설립 6년 미만의 기업
③ 자체적인 소프트웨어 제품이나 솔루션을 보유하고 있거나, 연결형 하드웨어 기기를 개발 중인 기업
④ 자회사가 아닌 독립 기업
⑤ 활성화된 공식 웹사이트를 보유하고 있으며, .eps 형식의 로고 파일 제출이 가능한 기업
⑥ 영어로 원활한 업무 소통이 가능한 담당자가 1인 이상 참여할 수 있는 기업
⑦ 11. 9.(월) ~ 12.(목) 기간 중 현지 프로그램에 1인 이상 참여가 가능한 기업

① 금융기관 등으로부터 채무불이행으로 규제 중인 자(기업)
② 국세 또는 지방세 체납으로 규제 중인 자(기업)
③ 중소기업창업 지원법 시행령 제4조(창업에서 제외되는 업종)의 업종을 영위하고자 하는 자(기업)
④ 공고 마감일 기준 휴업 중인 기업
⑤ 2026 웹서밋 전시 참가 등록을 완료한 기업
⑥ 상장 기업 또는 근로자 수 150인 이상의 기업
⑦ 컨설팅 업체, 마케팅 및 광고 대행사",,5년미만,글로벌,20260813,20260827,,,온라인 접수: https://www.startup-plus.kr/project/PRJ007411,https://www.k-startup.go.kr/web/contents/bizpbanc-ongoing.do?schM=view&pbancSn=178916,main,primary,웹서밋websummit2026참여기업모집,공공기관,20260813~20260827,글로벌,글로벌
kst,178915,서울창업허브 M+ 운영,서울창업허브M+는 서울 소재 유망 스타트업의 해외 진출을 지원하기 위해 시장분석 보고서를 제공하고 수요기업 연계 오픈 이노베이션을 운영합니다. 현지 시장정보 획득 및 FTP 및 Sunwah Group과의 협업을 희망하는 스타트업의 많은 관심과 참여 바랍니다.,시설/공간,공공기관,서울특별시,일반기업,기업,"만 20세 미만,만 20세 이상 ~ 만 39세 이하,만 40세 이상",,,서울 소재 창업 7년 이내 스타트업(신산업 창업분야 10년 미만),,"1년미만,2년미만,3년미만,5년미만,7년미만",시설ㆍ공간ㆍ보육,20260813,20260911,,,온라인 접수: https://mplus.startup-plus.kr/project/PRJ007422,https://www.k-startup.go.kr/web/contents/bizpbanc-ongoing.do?schM=view&pbancSn=178915,main,primary,서울창업허브m운영,공공기관,20260813~20260911,시설ㆍ공간ㆍ보육,시설ㆍ공간ㆍ보육
kst,178914,[도봉구 청년창업센터] 2026 도봉 청년창업 아이디어 경진대회  참가자 모집,도봉구 청년창업센터에서는 청년창업 문화를 활성화하고 우수한 창업 아이디어를 발굴·확산하고자 「2026 도봉 청년창업 아이디어 경진대회」를 개최합니다. 성장 가능성과 창의성을 갖춘 청년 (예비)창업가 여러분의 많은 관심과 참여 바랍니다.,행사/네트워크,교육기관,서울특별시,"대학생,일반인,일반기업,1인 창조기업","기업,누구나,예비창업자,청년,초기창업기업","만 20세 이상 ~ 만 39세 이하,만 40세 이상",,,"19세~45세 전국 청년 예비창업자 또는 3년 미만 창업기업 대표자
 - 연령기준 : 1980. 8. 13.～2007. 8. 12. 출생자(대표자)

1) 신청 아이템으로 주최·주관기관이 최근 3년간 개최한 창업경진대회에서 이미 수상한 자, 팀 또는 기업
2) 동일·유사한 아이템으로 다른 중앙행정기관, 지방자치단체 또는 공공기관이 개최한 창업경진대회에서 수상하여 중복수상 제한에 해당하는 자
3) 제출서류를 허위로 작성하거나 사실을 은폐한 자, 타인의 명의를 사용한 자 또는 대리 발표를   한 자
4) 신청 아이템과 관련하여 분쟁 또는 소송이 진행 중인 자
5) 타인의 특허권·실용신안권·상표권·저작권 등 지식재산권을 침해하거나 침해할 우려가 있는 아이템, 「중소기업창업 지원법 시행령」       
     제4조에 따른 창업에서 제외되는 업종에 해당하거나 사회통념상 지원이 부적절한 아이템을 제출한 자
6) 그 밖에 주최·주관기관이 대회의 목적 및 공정한 운영에 부적합하다고 판단되는 자",,"예비창업자,1년미만,2년미만,3년미만",행사ㆍ네트워크,20260812,20260903,,,"온라인 접수: https://dobongstartup.com/bbs/board.php?bo_table=donotic&wr_id=155
이메일 접수: dobongstartup@gmail.com",https://www.k-startup.go.kr/web/contents/bizpbanc-ongoing.do?schM=view&pbancSn=178914,main,primary,도봉구청년창업센터2026도봉청년창업아이디어경진대회참가자모집,교육기관,20260812~20260903,행사ㆍ네트워크,행사ㆍ네트워크
kst,178913,IP 디딤돌 프로그램,"한국발명진흥회 광주지부(광주지식재산센터)는 광주광역시 내에서 아이디어를 발굴하고 이를 지식재산으로 발전시켜 사업화까지 연계함으로써, 지역 창업 생태계 활성화에 기여하고자 「IP창업존 62기(26년 4기)」과정을 운영합니다.
창업 및 지식재산에 관심 있는 분들의 많은 참여 바랍니다.",교육/멘토링,공공기관,전남광주,"대학생,일반인","누구나,예비창업자,청년","만 20세 미만,만 20세 이상 ~ 만 39세 이하,만 40세 이상",,,"• 예비창업자: 광주광역시에 거주하며 사업화 가능한 아이디어를 보유하고 창업 의지가 명확한 자
• 재학생: 광주 소재 대학(원)에 재학 중인 학생으로 창업 또는 지식재산권에 관심이 있는 자
※ 기창업자(2026년 이전 창업)는 교육 수강 가능하나 권리화 지원 제외",,예비창업자,멘토링ㆍ컨설팅ㆍ교육,20260813,20260904,,,이메일 접수: seokvic94@kipa.org,https://www.k-startup.go.kr/web/contents/bizpbanc-ongoing.do?schM=view&pbancSn=178913,main,primary,ip디딤돌프로그램,공공기관,20260813~20260904,멘토링ㆍ컨설팅ㆍ교육,멘토링ㆍ컨설팅ㆍ교육
kst,178912,26년 8월 스타트업 언론 홍보 지원사업 참가사 모집 공고(2차),스타트업 전문 매체 『스타트업데일리』에서 홍보에 어려움을 겪는 예비창업자/스타트업의 홍보 지원을 위해 다음과 같이 공고하오니 많은 참여 바랍니다.,창업,민간,전국,"청소년,대학생,일반인,대학,연구기관,일반기업,1인 창조기업","기업,누구나,스타트업,예비창업자,청년,초기창업기업","만 20세 미만,만 20세 이상 ~ 만 39세 이하,만 40세 이상",,,"1. 예비창업자
2. 창업 7년 이내 초기 기업

1. 이미 배포된 보도자료(중복)·동일한 내용으로 재보도(반복) 배포 불가
2. 단순 제품 홍보(건강기능식품, 화장품 등), 프로모션 홍보 등 과도한 광고성 문안 게재 불가",,"예비창업자,1년미만,2년미만,3년미만,5년미만,7년미만",사업화,20260817,20260831,,,이메일 접수: contact@startupdaily.kr,https://www.k-startup.go.kr/web/contents/bizpbanc-ongoing.do?schM=view&pbancSn=178912,main,primary,26년8월스타트업언론홍보지원사업참가사모집공고2차,민간,20260817~20260831,사업화,사업화
kst,178911,예비창업패키지,"「모두의 창업 프로젝트 2기」 기술·일반분야 지원을 희망하는 예비창업자를 대상으로 사업 이해도 제고 및 원활한 참여 준비를 지원하기 위해 사업설명 및 Q&A, 신청서 작성 특강, 사전 지원 프로그램 안내 등을 포함한 「모두의 창업 프로젝트 2기 찾아가는 설명회」를 개최하오니 많은 관심과 참여 바랍니다.",창업,교육기관,전국,"청소년,대학생,일반인,대학,연구기관,일반기업,1인 창조기업","기업,누구나,예비창업자,청년,초기창업기업","만 20세 미만,만 20세 이상 ~ 만 39세 이하,만 40세 이상",,,&apos;모두의 창업&apos; 2기 기술/일반분야 지원 희망자 및 관심 있는 예비창업자 누구나,,"예비창업자,1년미만,2년미만,3년미만,5년미만,7년미만",사업화,20260813,20260904,,,온라인 접수: https://forms.gle/z7LVkmPTpx9f6TeZ6,https://www.k-startup.go.kr/web/contents/bizpbanc-ongoing.do?schM=view&pbancSn=178911,main,primary,예비창업패키지,교육기관,20260813~20260904,사업화,사업화
kst,178909,서울디자인런 2026 - 클릭이 구매로 전환되는 시점,디자인 분야 창업 활성화를 위한 교육 참여자를 모집하고 있으니 많은 관심과 참여 부탁드립니다.,창업,민간,서울특별시,"청소년,대학생,일반인,대학,연구기관,일반기업,1인 창조기업","기업,누구나,청년,초기창업기업","만 20세 미만,만 20세 이상 ~ 만 39세 이하,만 40세 이상",,,디자인 창업에 관심있는 누구나,,"예비창업자,1년미만,2년미만,3년미만,5년미만,7년미만,10년미만",창업교육,20260806,20260818,,,온라인 접수: https://event-us.kr/openknowl2/event/131817,https://www.k-startup.go.kr/web/contents/bizpbanc-ongoing.do?schM=view&pbancSn=178909,main,primary,서울디자인런2026클릭이구매로전환되는시점,민간,20260806~20260818,창업교육,창업교육
kst,178908,2026년 제2회 사회서비스 투자 교류회,"「2026년 제2회 사회서비스 투자 교류회」 가 2026년 9월 4일(금) 김대중컨벤션센터에서 개최됩니다.
보건복지부와 중앙사회서비스원, 광주광역시사회서비스원 그리고 엠와이소셜컴퍼니가 함께하는 사회서비스 투자 교류회는 사회서비스 기업의 투자 유치 기회를 확대하고, 유관기관과의 교류를 통해 협업·실증을 논의하는 연결의 장입니다.
누적 14회를 맞이한 올해의 두 번째 교류회는 '일상 속 돌봄을 채우는 사회서비스'를 주제로 진행됩니다.
해당 주제와 관련하여 우수한 돌봄 기술과 성장 가능성을 가진 사회서비스 기업을 모집하오니,
많은 관심과 참여 부탁드리며 자세한 내용은 첨부된 안내문 및 웹포스터를 참고해주시기 바랍니다.
감사합니다.
※ 참여 기업 신청 바로가기: https://ema.kr/378",행사/네트워크,민간,전국,"청소년,대학생,일반인,대학,연구기관,일반기업,1인 창조기업","기업,누구나,청년,초기창업기업","만 20세 미만,만 20세 이상 ~ 만 39세 이하,만 40세 이상",,,"○ (사회서비스 기업) 돌봄 기술 관련 사회서비스 기업
* 돌봄 기술 예시: 기술·제품·서비스 등이 노인, 장애인, 아동 등 돌봄 대상자의 생활을 지원하고 돌봄 인력 부담을 경감하는 기술

○ (참관 및 네트워킹) 사회서비스 투자 교류회 참관 및 네트워킹을 희망하는 기업 또는 기관",,"1년미만,2년미만,3년미만,5년미만,7년미만,10년미만",행사ㆍ네트워크,20260813,20260820,,,온라인 접수: https://ema.kr/378,https://www.k-startup.go.kr/web/contents/bizpbanc-ongoing.do?schM=view&pbancSn=178908,main,primary,2026년제2회사회서비스투자교류회,민간,20260813~20260820,행사ㆍ네트워크,행사ㆍ네트워크
kst,178907,2026년 8월 크립톤 IR피칭 & 오피스아워 신청 접수,"크립톤에서 참여자 신청을 다음과 같이 공고합니다.
동남권 창업생태계 허브 영도에서 IR피칭 / 멘토링 / 투자검토의 오피스아워를 운영하오니, 많은 참여 바랍니다.",교육/멘토링,민간,부산광역시,"청소년,대학생,일반인,대학,연구기관,일반기업,1인 창조기업","기업,누구나,청년,초기창업기업","만 20세 미만,만 20세 이상 ~ 만 39세 이하,만 40세 이상",,,"동남권 소재 또는 동남권으로 이전을 희망하는 (예비) 스타트업
* 동남권: 부산 울산 경남",,"예비창업자,1년미만,2년미만,3년미만,5년미만,7년미만,10년미만",멘토링ㆍ컨설팅ㆍ교육,20260813,20260819,,,온라인 접수: vo.la/TI08TFX,https://www.k-startup.go.kr/web/contents/bizpbanc-ongoing.do?schM=view&pbancSn=178907,main,primary,2026년8월크립톤ir피칭오피스아워신청접수,민간,20260813~20260819,멘토링ㆍ컨설팅ㆍ교육,멘토링ㆍ컨설팅ㆍ교육
kst,178906,(인도)2026_GLOBAL BUSINESS ROAD TO 인도 시장진출지원 프로그램 참여기업 모집(~8/27),벤처기업협회는 국내 벤처기업의 인도 시장 진출과 현지 판로개척을 지원하기 위해 「2026 INKE 인도 시장진출 지원 프로그램」 참가기업을 모집하오니 많은 관심과 신청 바랍니다.,판로/수출,민간,전국,"청소년,대학생,일반인,대학,연구기관,일반기업,1인 창조기업","기업,누구나,청년,초기창업기업","만 20세 미만,만 20세 이상 ~ 만 39세 이하,만 40세 이상",,,"인도 시장 진출을 희망하는 벤처기업협회 정회원사 중 다음 요건을 충족하는 국내 벤처기업

인도 현지 수요와 연계 가능한 제품·서비스를 보유한 기업
영문 회사소개서 및 제품소개서 제출이 가능한 기업
현지 상담을 위한 제품 샘플 등 사전 준비가 가능한 기업
모집 분야: 일반 소비재, 화학제품, 산업기계, 자동차부품, ICT, 전기·전자, 기계·금속, 자동화·로봇 등

※ 지원규모: 5개사 내외

벤처기업협회 정회원사 요건을 충족하지 않는 기업
신청서 및 필수 제출서류를 허위로 작성하거나 누락한 기업
영문 회사·제품소개서 등 현지 바이어 매칭에 필요한 자료를 제출하기 어려운 기업
현지 프로그램 일정에 정상적으로 참여하기 어려운 기업
기타 사업 목적 및 모집 요건에 부합하지 않는 기업",,"예비창업자,1년미만,2년미만,3년미만,5년미만,7년미만,10년미만",글로벌,20260813,20260827,,,이메일 접수: min@kova.or.kr,https://www.k-startup.go.kr/web/contents/bizpbanc-ongoing.do?schM=view&pbancSn=178906,main,primary,인도2026globalbusinessroadto인도시장진출지원프로그램참여기업모집827,민간,20260813~20260827,글로벌,글로벌
kst,178905,제8회 DDM 벤처스타트업 아카데미,"'200% 경쟁력 있는 사업계획서 작성법'을 주제로 제8차 DDM 벤처스타트업 아카데미를 진행합니다.
아카데미 이후에는 모두의 창업 설명회 및 모두의창업 1:1 상담부스를 운영 예정이오니
관심있는 분들의 많은 참여 부탁드립니다.",교육/멘토링,지자체,전국,"청소년,대학생,일반인,대학,연구기관,일반기업,1인 창조기업","기업,누구나,스타트업,청년,초기창업기업","만 20세 미만,만 20세 이상 ~ 만 39세 이하,만 40세 이상",,,창업에 관심이 있는 누구나,,"예비창업자,1년미만,2년미만,3년미만,5년미만,7년미만,10년미만",멘토링ㆍ컨설팅ㆍ교육,20260813,20260826,,,온라인 접수: https://forms.gle/mSQTQ8vR3esmhn298,https://www.k-startup.go.kr/web/contents/bizpbanc-ongoing.do?schM=view&pbancSn=178905,main,primary,제8회ddm벤처스타트업아카데미,지자체,20260813~20260826,멘토링ㆍ컨설팅ㆍ교육,멘토링ㆍ컨설팅ㆍ교육
kst,178904,2026년 강북창업지원센터 8월 창업교육 프로그램 참가자 모집,"강북청년창업마루 - 강북창업지원센터에서
8월 창업 교육 프로그램을 진행합니다.
관심있는 예비·초기 창업자 분들의 많은 관심과 참여 바랍니다.",창업,교육기관,서울특별시,"청소년,대학생,일반인,대학,연구기관,일반기업,1인 창조기업","기업,누구나,청년,초기창업기업","만 20세 미만,만 20세 이상 ~ 만 39세 이하,만 40세 이상",,,"수익모델 개선 및 투자 전략 수립에 관심 있는 예비·초기 창업자

없음",,"예비창업자,1년미만,2년미만,3년미만,5년미만,7년미만,10년미만",창업교육,20260813,20260824,,,온라인 접수: https://forms.gle/tvu32N7jG21GS99J6,https://www.k-startup.go.kr/web/contents/bizpbanc-ongoing.do?schM=view&pbancSn=178904,main,primary,2026년강북창업지원센터8월창업교육프로그램참가자모집,교육기관,20260813~20260824,창업교육,창업교육
kst,178903,경기 스타트업 아카데미 운영,"경기도경제과학진흥원에서는 도내 (예비)창업자 및 창업기업의 시장진입·성장 역량 강화를 위해 「2026 경기 스타트업아 카데미 이오스튜디오(EO) 김태용 대의 글로벌 마케팅 특강」을 개최하오니, 관심 있는 분들의 많은 참여 바랍니다.",교육/멘토링,공공기관,경기도,"청소년,대학생,일반인,대학,연구기관,일반기업,1인 창조기업","기업,누구나,스타트업,예비창업자,청년,초기창업기업","만 20세 미만,만 20세 이상 ~ 만 39세 이하,만 40세 이상",,,"예비창업자, 창업기업 대표 및 임직원, 대학(원)생 등",,"예비창업자,1년미만,2년미만,3년미만,5년미만,7년미만,10년미만",멘토링ㆍ컨설팅ㆍ교육,20260813,20260826,,,온라인 접수: https://forms.gle/KVPSSt66tWiquDjh9,https://www.k-startup.go.kr/web/contents/bizpbanc-ongoing.do?schM=view&pbancSn=178903,main,primary,경기스타트업아카데미운영,공공기관,20260813~20260826,멘토링ㆍ컨설팅ㆍ교육,멘토링ㆍ컨설팅ㆍ교육
kst,178902,디캠프 x HAX Hardtech Pre-Program US Forged,"디캠프는 글로벌 벤처캐피탈 SOSV의 하드테크 투자 프로그램인 HAX와 함께 딥테크·하드테크 스타트업의 미국 시장 진출 및 글로벌 투자 유치를 지원하는 US forged 프로그램을 운영합니다.
본 프로그램은 HAX와 함께 미국 시장의 첫 고객과 핵심 Use Case를 구체화하고, 시장 진입 전략부터 PoC·Pilot 사업화, 글로벌 투자 준비까지 단계적으로 고도화하는 프로그램입니다. Robotics, Advanced Manufacturing, Energy·Climate Tech, Semiconductor, Sensor·Edge Device, Physical AI 등 다양한 딥테크·하드테크 분야의 미국 시장 진출 가능성을 함께 검토합니다.",교육/멘토링,민간,전국,일반기업,기업,"만 20세 미만,만 20세 이상 ~ 만 39세 이하,만 40세 이상",,,"미국 시장 진출 및 글로벌 투자 유치를 준비하고 있는 딥테크·하드테크 스타트업이라면 지원 가능합니다.

● Pre-Seed ~ Seed 단계 기업
● Robotics, Advanced Manufacturing, Energy·Climate Tech, Semiconductor, Sensor·Edge Device, Physical AI 등 딥테크·하드테크 분야 기업
● 미국 시장 진출 및 현지 고객 발굴을 준비 중인 기업
● PoC·Pilot 등 미국 내 사업화 기회를 구체적으로 검토하고 있는 기업
● 글로벌 VC 투자 유치를 준비하고 있는 기업

※ 영문 IR Deck 제출이 필수입니다.",,"1년미만,2년미만,3년미만,5년미만,7년미만,10년미만",멘토링ㆍ컨설팅ㆍ교육,20260810,20260906,,,온라인 접수: https://bit.ly/4qbXtDL,https://www.k-startup.go.kr/web/contents/bizpbanc-ongoing.do?schM=view&pbancSn=178902,main,primary,디캠프xhaxhardtechpreprogramusforged,민간,20260810~20260906,멘토링ㆍ컨설팅ㆍ교육,멘토링ㆍ컨설팅ㆍ교육
kst,178901,2026년 위치정보 보호조치 교육,"방송미디어통신위원회와 한국인터넷진흥원이 추진하는 「2026년 위치정보 보호조치 교육」을 안내드립니다.
위치정보 활용 과정에서 법적 의무나 보호조치 이행 기준 등이 막연하게 느껴졌다면, 이번 교육을 통해 사업 운영에 필요한 기본 사항을 점검해보시기 바랍니다.",교육/멘토링,민간,전국,"청소년,대학생,일반인,대학,연구기관,일반기업,1인 창조기업","기업,누구나,청년,초기창업기업","만 20세 미만,만 20세 이상 ~ 만 39세 이하,만 40세 이상",,,"위치정보사업자, 위치기반서비스사업자 및 예비사업자 등 위치정보와 관련된 일을 하시는 모든 분들",,"예비창업자,1년미만,2년미만,3년미만,5년미만,7년미만,10년미만",멘토링ㆍ컨설팅ㆍ교육,20260813,20260825,,,온라인 접수: https://docs.google.com/forms/d/14Rh3X0pUe9lO4npjc-sXNo2HywQ9A9jhemq-Z0PEf0s/edit,https://www.k-startup.go.kr/web/contents/bizpbanc-ongoing.do?schM=view&pbancSn=178901,main,primary,2026년위치정보보호조치교육,민간,20260813~20260825,멘토링ㆍ컨설팅ㆍ교육,멘토링ㆍ컨설팅ㆍ교육
kst,178900,2026년 지역 혁신 Start-up Demo Day,"제조 분야의 유망 창업기업 발굴 및 투자역량 강화를 기반으로, 실질적인 후속연계 기회 제공을 위한 투자연계형 IR 프로그램을 개최하오니 많은 관심과 참여 바랍니다.",행사/네트워크,공공기관,경기도,"대학생,일반인,일반기업,1인 창조기업","기업,누구나,청년,초기창업기업","만 20세 이상 ~ 만 39세 이하,만 40세 이상",,,"경기도 사업장 소재지 제조분야 (예비)창업자 또는 소재지 창업기업(7년이내)

1. 중소기업창업 지원법에 따른 창업 제외 업종, 사행성 등 반사회적 성격의 아이템
2. “도전! K-스타트업 왕중왕전 2016~2025” 기 수상자 또는 수상 아이템
3. 동일·유사 아이템으로 과거 他 창업경진대회에서 누적 상금 3천만원 이상 받은 자",,"예비창업자,1년미만,2년미만,3년미만,5년미만,7년미만",행사ㆍ네트워크,20260812,20260903,,,온라인 접수: https://www.aictms.or.kr/core/?cid=65&role=programevview&pSeq=5068&tab=,https://www.k-startup.go.kr/web/contents/bizpbanc-ongoing.do?schM=view&pbancSn=178900,main,primary,2026년지역혁신startupdemoday,공공기관,20260812~20260903,행사ㆍ네트워크,행사ㆍ네트워크
kst,178899,Startup OI Tokyo #Physical AI,"디캠프는 일본 Fujitsu의 오픈이노베이션 거점인 Fujitsu Uvance Innovation Studio와 함께 Physical AI 분야의 사업 협력 및 일본 시장 진출 기회를 발굴하는 오픈이노베이션 프로그램을 운영합니다.
본 프로그램은 Fujitsu 실무진과의 기술 검토 및 비즈니스 미팅을 통해 실제 PoC와 사업 협력 가능성을 검토하는 프로그램으로, 로보틱스, 엣지 AI·센서, 시뮬레이션, 휴머노이드, 로봇 통신 및 데이터 등 Physical AI 전반에서 공동 솔루션 및 신규 사업 기회를 모색합니다.",교육/멘토링,민간,전국,일반기업,기업,"만 20세 미만,만 20세 이상 ~ 만 39세 이하,만 40세 이상",,,"아래 지원 요건 중 3개 이상을 충족하는 스타트업이라면 지원 가능합니다.

● Seed ~ Series B 단계 기업
● PoC 경험 또는 상용화 가능한 기술을 보유한 기업
● AI·로보틱스 분야 핵심 기술을 보유한 기업
● 일본어 발표가 가능하거나 준비 의지가 있는 팀
● 2026년 10월 일본 현지 프로그램 참석이 가능한 팀

※ 일본 사업 경험은 필수 사항이 아닙니다.
※ 사업소개서는 영문 또는 일본어로 제출 필수입니다.",,"1년미만,2년미만,3년미만,5년미만,7년미만,10년미만",멘토링ㆍ컨설팅ㆍ교육,20260803,20260826,,,온라인 접수: https://bit.ly/4xDfEEK,https://www.k-startup.go.kr/web/contents/bizpbanc-ongoing.do?schM=view&pbancSn=178899,main,primary,startupoitokyophysicalai,민간,20260803~20260826,멘토링ㆍ컨설팅ㆍ교육,멘토링ㆍ컨설팅ㆍ교육
kst,178898,도봉구 중소기업창업보육센터,경영자금 및 사무공간 확보에 어려움을 겪는 중소기업 창업자를 지원하고자 도봉구 중소기업창업보육센터 신규 입주기업을 다음과 같이 모집하니 입주를 희망하는 기업의 많은 신청 바랍니다.,시설/공간,지자체,서울특별시,"청소년,대학생,일반인,대학,연구기관,일반기업,1인 창조기업","기업,누구나,중소기업,청년,초기창업기업","만 20세 미만,만 20세 이상 ~ 만 39세 이하,만 40세 이상",,,"[1센터] 공고일 기준 설립 7년 미만의 중소기업 창업자(사업자등록 必)
[2센터] 예비 창업자 및 설립 7년 미만의 중소기업 창업자

① 중소기업창업지원법 시행령 제4조(창업에서 제외되는 업종)에 해당되는 자
② 악취, 폐수, 소음, 진동 등 공해 발생 업체
③ 금융기관으로부터 불량거래자로 규제 중이거나 국세·지방세를 체납 중인 자
④ 휴·폐업 중인 자
⑤ 국가 또는 타 지자체, 공공/민간기관에서 사무공간 지원을 받고 있는 자
(※ 입주 개시일 이전에 사업수혜 기간이 종료되었거나 중도 포기한 기업은 신청 가능)
⑥ 도봉구 창업보육센터에 입주한 경험이 있는 자
(※ 상시근로자, 업종 등을 변경하여 다시 입주 신청을 한 자 포함)",,"예비창업자,1년미만,2년미만,3년미만,5년미만,7년미만",시설ㆍ공간ㆍ보육,20260813,20260826,,,이메일 접수: kjiwon00@dobong.go.kr,https://www.k-startup.go.kr/web/contents/bizpbanc-ongoing.do?schM=view&pbancSn=178898,main,primary,도봉구중소기업창업보육센터,지자체,20260813~20260826,시설ㆍ공간ㆍ보육,시설ㆍ공간ㆍ보육
kst,178897,창업보육센터및 기업 지원,"국립공주대학교 산학협력단(창업보육센터)에서는 기술집약형 중소기업의 창업 촉진을 위하여 우수한 기술력을 바탕으로 도전적이고 창의적인 입주기업을 모집하오니, 입주를 희망하시는 분들의 많은 지원 바랍니다.",시설/공간,교육기관,충청남도,"대학생,일반인","누구나,예비창업자,청년","만 20세 미만,만 20세 이상 ~ 만 39세 이하,만 40세 이상",,,"[ 예비창업자]
￭ 잠재력 높은 기술의 개발 단계에 있는 창업 준비자
￭ 기술적 아이디어를 바탕으로 구체적 사업화 목적이 있는 자
￭ 입주 후 3개월 이내 창업(사업자등록)이 가능한 자

[기창업자]
￭ 기술집약형 업종의 창업 기업으로 공고일 기준 업력 7년 이내의 기업
￭ 입주 확정 시 3개월 이내 본점 소재지 이전이 가능한 기업
※ 기업부설연구소 입주 가능(자격요건 관련 상세 내용 확인 필수)

[공통]
- 대학과의 산학협력을 통한 성장 가능성이 높은 예비창업자 또는 기업
- 창업보육센터 입주 확정 기업은 주사업장(본점)이 입주하여야 함
- 산학협력 공동연구 사업을 위한 기업부설연구소 입주 가능
※ 단, 연구소 입주 시 본사가 정부나 지자체에서 지원하는 공간에 입주하지 않아야 함
- 우대사항: 국립공주대학교 학생·교원창업자 / 지역주력산업 및 전･후방산업 분야* 등
* 충남 주력산업: (주축산업) 디스플레이부품장비, 탄소저감자동차부품, 고기능성그린바이오
(미래신산업) 수소연료전지 및 발전, 반도체첨단패키징

- 기업부설연구소 입주시 본사가 정부나 지자체 지원 공간에 입주한 경우
- 금융기관으로부터 채무불이행 및 국세·지방세 체납으로 규제 중인 자 또는 기업
- 폐수, 소음, 진동 등 공해 다발업종 영위 자
- 기타 운영위원회에서 부적당하다고 인정하는 자",,"예비창업자,7년미만",시설ㆍ공간ㆍ보육,20260813,20260827,,,이메일 접수: knubi@kongju.ac.kr,https://www.k-startup.go.kr/web/contents/bizpbanc-ongoing.do?schM=view&pbancSn=178897,main,primary,창업보육센터및기업지원,교육기관,20260813~20260827,시설ㆍ공간ㆍ보육,시설ㆍ공간ㆍ보육
kst,178896,모두의 창업 글로벌 프로젝트,해외 AC 등과 연계하여 유학생 등 재외국민의 창업준비와 성장을 지원하는 모두의 창업 글로벌 재외국민 프로그램에 참여할 참여자를 다음과 같이 모집 공고 합니다.,판로/수출,공공기관,전국,"청소년,대학생,일반인,대학,연구기관,일반기업,1인 창조기업","기업,누구나,예비창업자,청년,초기창업기업","만 20세 미만,만 20세 이상 ~ 만 39세 이하,만 40세 이상",,,"한국 국적을 보유하고 해외에 거주 중인 유학생 등 예비창업자 또는 업력 7년 이내 해외 진출 창업기업 [공고문 참조]

공고문 내 신청제외대상 참조",,"예비창업자,1년미만,2년미만,3년미만,5년미만,7년미만",글로벌,20260812,20260914,,,온라인 접수: https://www.k-startup.go.kr/web/contents/webPMSBizUnvs.do?returnUrl=/screen/BMO0101M01?pbancId=0683701,https://www.k-startup.go.kr/web/contents/bizpbanc-ongoing.do?schM=view&pbancSn=178896,main,primary,모두의창업글로벌프로젝트,공공기관,20260812~20260914,글로벌,글로벌
kst,178895,2026 KU AI Nest AI 창업 실전 교육 프로그램,건국대학교 ANCHOR 사업단 캠퍼스타운사업본부는 바이오·펫·에코푸드 분야 예비창업자 및 창업기업을 대상으로 생성형 AI를 활용한 실전 창업 역량 강화를 위해 「2026 KU AI Nest AI 창업 실전 프로그램」 참가자를 아래와 같이 모집합니다.,창업,교육기관,서울특별시,"대학생,일반인,대학,연구기관,일반기업,1인 창조기업","기업,누구나,청년,초기창업기업","만 20세 이상 ~ 만 39세 이하,만 40세 이상",,,"건국대 캠퍼스타운 입주기업, 건국대 재학생·대학원생, 서울시민 등
바이오·펫·에코푸드 분야 AI 활용 창업팀(1인~4인)
팀 구성 관련 자세한 내용은 접수 홈페이지에서 확인",,"예비창업자,1년미만,2년미만,3년미만,5년미만,7년미만,10년미만",창업교육,20260812,20260819,,,온라인 접수: https://ku-ai-nest.illusionists.co.kr/,https://www.k-startup.go.kr/web/contents/bizpbanc-ongoing.do?schM=view&pbancSn=178895,main,primary,2026kuainestai창업실전교육프로그램,교육기관,20260812~20260819,창업교육,창업교육
kst,178894,2026년 여성CEO 비즈니스 아카데미 호남권역 시즌 2,"안녕하세요. 2026년, 기업의 변화와 성장을 준비하는 여성 CEO 여러분!
2026년은 정책, 경제, 트렌드, 기술 등 다양한 분야에서 큰 변화가 이루어지고 있으며, 이에 발맞춰 새로운 성장 전략을 준비해야 할 중요한 시기입니다.「2026 여성 CEO 비즈니스 아카데미 권역별 교육」은 기업의 다음 단계 성장을 고민하는 여성 CEO들에게 실질적이고 의미 있는 인사이트를 제공하기 위해 마련된 권역별 오픈특강입니다. 9월 7일(월) 메종 그래드호텔 제주에서 진행하는 호남권역 시즌 2를 진행합니다. 많은 관심 및 참여부탁드립니다.",창업,민간,제주특별자치도,"일반인,일반기업,1인 창조기업","기업,누구나,여성,초기창업기업",만 40세 이상,40,,기업의 성장을 고민하는 여성CEO(여성임원포함) 총 80명 / 선착순마감,,"1년미만,2년미만,3년미만,5년미만,7년미만,10년미만",창업교육,20260811,20260831,,,온라인 접수: https://forms.gle/2RVa7nZT5ntiXL6E7,https://www.k-startup.go.kr/web/contents/bizpbanc-ongoing.do?schM=view&pbancSn=178894,main,primary,2026년여성ceo비즈니스아카데미호남권역시즌2,민간,20260811~20260831,창업교육,창업교육
kst,178893,2026년 웰컴 투 팁스 2차 참가기업 모집 (대경권),"대경권 소재의 유망한 기술 기반 초기 창업기업을 발굴하여, 팁스(TIPS) 사업 연계 등 사업 성장을 지원하는 『2026년 웰컴 투 팁스』프로그램의 참가기업을 아래와 같이 공고합니다.",행사/네트워크,민간,전국,"일반기업,1인 창조기업","기업,초기창업기업","만 20세 이상 ~ 만 39세 이하,만 40세 이상",,,"대경권(대구·경북) 소재 창업 후 2년 3개월 미만 기업
※ 신청가능 창업(설립)일 기준 : ’24.5.1 ∼

사업연도를 불문하고 프리 팁스, 팁스 R&D 및 팁스 연계 사업 (창업사업화·해외마케팅)에 선정되어 협약을 체결한 이력이 있는 창업기업(대표자 포함)은 신청 불가",,3년미만,행사ㆍ네트워크,20260812,20260826,,,온라인 접수: https://forms.gle/XxhiGPxZ5sQFkiNq7,https://www.k-startup.go.kr/web/contents/bizpbanc-ongoing.do?schM=view&pbancSn=178893,main,primary,2026년웰컴투팁스2차참가기업모집대경권,민간,20260812~20260826,행사ㆍ네트워크,행사ㆍ네트워크
kst,178892,2026 대전 팁스타운 팁스 링크 일본 파트너 초청 상담회,"대전 팁스타운에서 창업기업 및 예비창업자를 위한 2026 대전 팁스타운 팁스 링크(TIPS LINK) 행사를 진행합니다.
창업기업의 일본 시장 진출을 지원하고자 일본무역진흥기구(JETRO) 기관 소개 및 현지 투자사 리버스 피칭 프로그램을 운영하오니 많은 관심과 참여 바랍니다.",행사/네트워크,공공기관,대전광역시,"청소년,대학생,일반인,대학,연구기관,일반기업,1인 창조기업","기업,누구나,예비창업자,청년,초기창업기업","만 20세 미만,만 20세 이상 ~ 만 39세 이하,만 40세 이상",,,"일본 시장 진출에 관심있는 창업기업, 예비창업자",,"예비창업자,1년미만,2년미만,3년미만,5년미만,7년미만,10년미만",행사ㆍ네트워크,20260812,20260831,,,온라인 접수: https://moaform.com/q/oVWp61,https://www.k-startup.go.kr/web/contents/bizpbanc-ongoing.do?schM=view&pbancSn=178892,main,primary,2026대전팁스타운팁스링크일본파트너초청상담회,공공기관,20260812~20260831,행사ㆍ네트워크,행사ㆍ네트워크
kst,178891,2026 산업전문인력 AI역량강화 지원사업,글로벌 공공조달·수출 분야의 AI 활용 역량을 강화하고 디지털 전환을 지원하기 위한 「2026 산업전문인력 AI역량강화 지원사업」 교육과정에 참여할 기업및 재직자를 다음과 같이 모집합니다.,교육/멘토링,민간,대전광역시,일반기업,기업,"만 20세 이상 ~ 만 39세 이하,만 40세 이상",,,글로벌 공공조달 및 수출(예비) 기업 실무자 및 중간관리급 재직자,,"1년미만,2년미만,3년미만,5년미만,7년미만,10년미만",멘토링ㆍ컨설팅ㆍ교육,20260810,20261013,,,온라인 접수: https://challvion.ai/course/%ec%9e%ac%ec%a7%81%ec%9e%90-%ea%b3%bc%ec%a0%95-6%ea%b8%b0%ec%83%9d%ec%84%b1%ed%98%95-ai-%ea%b8%b0%eb%b0%98-%eb%ac%b4%ec%97%ad-%ea%b8%88%ec%9c%b5-%eb%a6%ac%ec%8a%a4%ed%81%ac-%ec%b5%9c%ec%a0%81/,https://www.k-startup.go.kr/web/contents/bizpbanc-ongoing.do?schM=view&pbancSn=178891,main,primary,2026산업전문인력ai역량강화지원사업,민간,20260810~20261013,멘토링ㆍ컨설팅ㆍ교육,멘토링ㆍ컨설팅ㆍ교육
kst,178890,[숭실대학교 캠퍼스타운] 2026 숭실 스타트업 아카데미,"숭실대학교 캠퍼스타운에서 창업자들이 직면한 애로사항과 관심도를 반영한 주제를 선정하여, 전문적이고 
실효성 있는 창업 정보를 제공하는 실무 중심의 교육을 진행합니다. 많은 관심과 참여 부탁드립니다.",창업,교육기관,서울특별시,"대학생,일반인,대학,연구기관,일반기업,1인 창조기업","기업,누구나,스타트업,청년,초기창업기업","만 20세 이상 ~ 만 39세 이하,만 40세 이상",,,"스타트업 대표 및 임직원, 예비 창업자 및 창업에 관심이 있는 학생 등",,"예비창업자,1년미만,2년미만,3년미만,5년미만,7년미만,10년미만",창업교육,20260812,20260918,,,온라인 접수: https://forms.gle/knBThJ6rbLFYccaP6,https://www.k-startup.go.kr/web/contents/bizpbanc-ongoing.do?schM=view&pbancSn=178890,main,primary,숭실대학교캠퍼스타운2026숭실스타트업아카데미,교육기관,20260812~20260918,창업교육,창업교육
kst,178889,2026 YUnicorn 지역정주형 창업스쿨 참여자 모집,"아이디어는 있지만 어디서부터 시작해야 할지 막막한 분, 혼자 준비하기보다 체계적인 과정을 통해 창업 가능성을 확인해 보고 싶은 분을 '2026 YUnicorn 지역정주형 창업스쿨' 참여자를 아래와 같이 모집합니다.",교육/멘토링,교육기관,경상북도,대학생,청년,만 20세 이상 ~ 만 39세 이하,20,39,창업에 관심이 있는 영남대학교 및 경산 지역 내 대학교 (예비)졸업자 중 (예비)창업자,,예비창업자,멘토링ㆍ컨설팅ㆍ교육,20260812,20260819,,,이메일 접수: yunicorn@yu.ac.kr,https://www.k-startup.go.kr/web/contents/bizpbanc-ongoing.do?schM=view&pbancSn=178889,main,primary,2026yunicorn지역정주형창업스쿨참여자모집,교육기관,20260812~20260819,멘토링ㆍ컨설팅ㆍ교육,멘토링ㆍ컨설팅ㆍ교육
kst,178888,IP 디딤돌 프로그램,"청주상공회의소 충북지식재산센터는 지식재산 기반 아이디어와 기술을 보유한 예비창업자, 대학생, 일반인을 대상으로 강력한 지식재산권 획득과 사업화 극대화를 위한 「2026년 IP창업ZONE 제37기」 교육생을 모집합니다.",교육/멘토링,공공기관,충청북도,"청소년,대학생,일반인,대학,연구기관,일반기업,1인 창조기업","기업,누구나,청년,초기창업기업","만 20세 미만,만 20세 이상 ~ 만 39세 이하,만 40세 이상",,,"충북도내 (예비)창업자,「모두의 창업」선정자 등",,"예비창업자,1년미만,2년미만,3년미만,5년미만,7년미만",멘토링ㆍ컨설팅ㆍ교육,20260812,20260903,,,"이메일 접수: minkm817@hanmail.net
방문 접수: 충북 청주시 상당구 상당로 106, 청주상공회의소 1층 충북지식재산센터",https://www.k-startup.go.kr/web/contents/bizpbanc-ongoing.do?schM=view&pbancSn=178888,main,primary,ip디딤돌프로그램,공공기관,20260812~20260903,멘토링ㆍ컨설팅ㆍ교육,멘토링ㆍ컨설팅ㆍ교육
kst,178887,『2026년 창업지원센터 제3회 청년관 신규 1인창조기업 모집』공고,수원도시재단에서는 혁신 역량을 갖춘 청년 (예비)창업기업을 발굴·육성하기 위해 「2026년 제3회 창업지원센터 청년관 신규 1인창조기업」을 다음과 같이 모집합니다. 관심 있는 청년창업자 여러분의 많은 신청 바랍니다.,시설/공간,공공기관,전국,1인 창조기업,"예비창업자,청년,초기창업기업",만 20세 이상 ~ 만 39세 이하,20,39,"❍ 공고일 기준 대표자가 만 19세 이상 39세 이하인 자로서 다음 각 호 중 어느 하나에 해당하는 자 
     ⦁예비창업자: 「1인 창조기업 육성에 관한 법률」에 따른 1인 창조기업 대상 업종으로 청년관 입주 후 3개월 이내 창업이 가능한 자
     ⦁기창업자: 「1인 창조기업 육성에 관한 법률」 제2조에 따른 1인 창조기업으로서 공고일 기준 사업을 개시한 날부터 7년이 지나지 아니한 기업
　     ※ 같은 법 제3조에 따른 1인 창조기업 인정특례 적용 기업 포함

❍ 입주 후 본사 주소지를 창업지원센터 청년관으로 이전하지 않는 경우
      (연구소, 지사, 지점 등으로 입주를 희망하는 경우)
   ❍ 금융기관으로부터 채무불이행으로 규제 중인개인, 기업 또는 휴․폐업 중인 자
   ❍ 국세 및 지방세 체납 중인 개인 또는 기업
   ❍ 중소기업창업지원법 시행령 제4조(창업에서 제외되는 업종)의 업종을 영위하고자 하는 자(기업) 및 공해 유발 등 센터에 부적합하다고 인정되는 개인 또는 기업【별첨】(공고문 참고)
   ❍ 서류평가 시 기타사항으로 부적합하다고 인정되는 경우",,"예비창업자,1년미만,2년미만,3년미만,5년미만,7년미만",시설ㆍ공간ㆍ보육,20260812,20260906,,,"이메일 접수: jwmin@sscf2016.or.kr
방문 접수: 수원도시재단 창업지원센터 청년관(16463 경기도 수원시 팔달구 매산로 41 4층 행정실)",https://www.k-startup.go.kr/web/contents/bizpbanc-ongoing.do?schM=view&pbancSn=178887,main,primary,2026년창업지원센터제3회청년관신규1인창조기업모집공고,공공기관,20260812~20260906,시설ㆍ공간ㆍ보육,시설ㆍ공간ㆍ보육
kst,178886,경기 스타트업 아카데미 운영,"경기도 내 예비·초기 창업자를 대상으로 창업 준비부터 실무 역량 강화까지 창업의 단계별 필수 역량을 체계적으로 지원하여 창업 성공 가능성을 높이고, 실무 중심의 맞춤형 교육과 전문가 멘토링을 통해 혁신적이고 지속 가능한 스타트업을 육성하기 위한 「창업기초 및 투자유치 과정(하반기)」 참여자를 다음과 같이 모집합니다.",교육/멘토링,공공기관,경기도,"청소년,대학생,일반인,대학,연구기관,일반기업,1인 창조기업","기업,누구나,스타트업,청년,초기창업기업","만 20세 미만,만 20세 이상 ~ 만 39세 이하,만 40세 이상",,,"도내 예비·초기창업자, 창업기업 재직자, 대학(원)생, 유관기관 등",,"예비창업자,7년미만",멘토링ㆍ컨설팅ㆍ교육,20260812,20260826,,,온라인 접수: https://www.gsp.or.kr/supportProject/UVSD0001.do?sportSeq=6351,https://www.k-startup.go.kr/web/contents/bizpbanc-ongoing.do?schM=view&pbancSn=178886,main,primary,경기스타트업아카데미운영,공공기관,20260812~20260826,멘토링ㆍ컨설팅ㆍ교육,멘토링ㆍ컨설팅ㆍ교육
kst,178885,2026년 6회차 지식재산 무료 초청교육 수요조사,"한국특허정보원은 개인, 소기업등 지식재산 정보가 필요한 다양한 계층을 대상으로 지식재산권과 관련된 폭넓은 교육기회를 제공하고자 「지식재산권 무료초청 교육」을 개최하오니, 관심있는 분들의 많은 참여를 부탁드립니다.",창업,공공기관,전국,"청소년,대학생,일반인,대학,연구기관,일반기업,1인 창조기업","기업,누구나,청년,초기창업기업","만 20세 미만,만 20세 이상 ~ 만 39세 이하,만 40세 이상",,,"지식재산교육이 필요한 개인 신청자
(5인 미만 기업의 경우 개인 자격으로만 신청이 가능합니다)",,"예비창업자,1년미만,2년미만,3년미만,5년미만,7년미만,10년미만",창업교육,20260814,20260914,,,온라인 접수: https://m.site.naver.com/2e8IY,https://www.k-startup.go.kr/web/contents/bizpbanc-ongoing.do?schM=view&pbancSn=178885,main,primary,2026년6회차지식재산무료초청교육수요조사,공공기관,20260814~20260914,창업교육,창업교육
kst,178884,2026 창업경진대회(IMPACT ON 강북 : 아이디어와 투자로 만드는 강북의 창업 무대) 참가자 모집,"강북청년창업마루 - 강북창업지원센터에서
2026 창업경진대회(IMPACT ON 강북 : 아이디어와 투자로 만드는 강북의 창업 무대) 참가자를 모집합니다.
예비·초기 창업자 분들의 많은 관심과 참여 바랍니다.",행사/네트워크,교육기관,서울특별시,"대학생,일반인,대학,연구기관,일반기업,1인 창조기업","기업,누구나,청년,초기창업기업","만 20세 미만,만 20세 이상 ~ 만 39세 이하",,,서울시 강북구 거주민 또는 생활권을 둔 청년 또는 강북청년창업마루 입주기업,,"예비창업자,1년미만,2년미만,3년미만",행사ㆍ네트워크,20260811,20260826,,,온라인 접수: https://forms.gle/ZNdT29zRDWAUMzPg7,https://www.k-startup.go.kr/web/contents/bizpbanc-ongoing.do?schM=view&pbancSn=178884,main,primary,2026창업경진대회impacton강북아이디어와투자로만드는강북의창업무대참가자모집,교육기관,20260811~20260826,행사ㆍ네트워크,행사ㆍ네트워크
kst,178883,『 BOUNCE 2026 』 스타트업 오픈이노베이션 페스타 참여기 스타트업 모집,"( 재 ) 부산창조경제혁신센터에서는 대 · 중견기업과 스타트업 간 연계 및 협업을 도모하기 위해 
『 BOUNCE 2026 』 '스타트업 오픈이노베이션 페스타'를 개최하오니 참여를 희망하시는 스타트업의 많은 신청 바랍니다 .",교육/멘토링,공공기관,전국,일반기업,"기업,스타트업,예비창업자","만 20세 미만,만 20세 이상 ~ 만 39세 이하,만 40세 이상",,,"(공고일 기준) 전국 소재 업력 7년 미만 스타트업

예비창업자",,7년미만,멘토링ㆍ컨설팅ㆍ교육,20260811,20260902,,,온라인 접수: https://ccei.creativekorea.or.kr/busan/custom/notice_view.do?no=38626&div_code=&pn=1&kind=my&sPtime=now&sMenuType=&pagePerContents=8&cmntySeqNum=&menuSeqNum=&storyList=&sdate=&edate=&orderByVal=1&title=,https://www.k-startup.go.kr/web/contents/bizpbanc-ongoing.do?schM=view&pbancSn=178883,main,primary,bounce2026스타트업오픈이노베이션페스타참여기스타트업모집,공공기관,20260811~20260902,멘토링ㆍ컨설팅ㆍ교육,멘토링ㆍ컨설팅ㆍ교육
youth,20260831005400213365,[남구] 증명사진 무료지원,[남구] 2026년 구직청년 증명사진 촬영지원,인력/일자리,전남광주통합특별시,전남광주통합특별시,0013010 | 0049010,청년,만 19세 ~ 만 39세,19,39,,소득조건코드=0043001 / 소득범위=0~0,,"❍ 지원기간 : 2026. 7. ~ 12.   ※ 예산 소진 시 조기 마감
❍ 지원대상 : 신청일 기준 청년 구직자로서, 본인이 남구 주민이거나 남구 소재 대학교에 재(휴)학 중인 청년
❍ 지원내용 : 이력서(면접)용 증명사진 무료 촬영 지원(1인 연 1회)
❍ 지원절차 : 신청(방문·이메일) → 승인(통보) → 사전예약 및 촬영 
❍ 촬영업체 : 아래 사진관 중 택1 하여 신청

  1) 고운날사진관  (남구 효천중앙로 62, 203호 / 062-710-0040)
  2) 노블스튜디오 (남구 서문대로 676, 2층 / 062-651-7154)
  3) 더인스튜디오 (남구 효우로 79, 6층 602호 / 062-672-5819)
  4) 블루레코드     (남구 독립로 20, 3층 / 0507-1332-2574)
  5) 연리지스튜디오 (남구 봉선로 1, 지하 1층 / 062-376-7343)",        ,        ,,,"1) 신청 및 접수
   - 신청기간: 2026. 7. 27. ~ 12. 18.    ※ 예산 소진 시 조기 종료
   - 신청방법: 방문 또는 이메일 신청
     · 방  문: 남구청 일자리정책과 청년정책팀(남구 봉선로 1, 6층)
     · 이메일: iljari1234@korea.kr
   - 구비서류: ① 증명사진 촬영 지원 신청서 ② 워크넷 구직등록확인증③ 주민등록초본(1년 포함) 또는 대학교 재(휴)학 증명서 1부
 2) 선    정: 대상 요건(연령, 거주기준 등) 검토 및 선정(개별통보)
 3) 촬영예약: 촬영일시 확인 등 촬영업체에 신청자가 유선예약 실시
     ※ 선정 안내일로부터 1개월 이내에 촬영하지 않을 경우, 선정 취소 및 예비순번 대상자 선정",https://youth.gwangju.go.kr/www/50?siteId=www&policyId=1453&url=%2Fwww%2Fpolicy%2FgjYgPolicyView,main,primary,남구증명사진무료지원,전남광주통합특별시,,일자리,취업
youth,20260831005400213364,(최초공개) LH 현직자가 이 것마저 공개....,"2026년 남구 청년와락 '현직자와의 특별한 만남'
청년 - 현직자 멘토링 강의 프로그램
ㅇ 일시: 2026. 10. 13.(화) 14:00 ~ 16:00
ㅇ 장소: 남구 청년와락(남구 독립로 2, 2층)
ㅇ 멘토: LH 한국토지주택공사 3급 차장님
ㅇ 신청방법: 네이버폼
ㅇ 강의내용: 한국토지주택공사 경영지원팀 3급 차장님이 풀어주는 LH 취업 노하우 아 줴줴이야",인력/일자리,전남광주통합특별시,전남광주통합특별시,0013010 | 0049010,청년,만 19세 ~ 만 39세,19,39,,소득조건코드=0043001 / 소득범위=0~0,,.,        ,        ,,,https://naver.me/FJOcNIEc,https://youth.gwangju.go.kr/www/50?siteId=www&policyId=1454&url=%2Fwww%2Fpolicy%2FgjYgPolicyView,main,primary,최초공개lh현직자가이것마저공개,전남광주통합특별시,,일자리,취업
youth,20260831005400213362,청년도약 인재양성 부트캠프(제조AI 분야),"○ 제조AI 전문인재 양성 프로그램
· 취업준비 청년을 실무형 인재로 성장시키는 집중형 제조 AI 교육과정
· 생성형 AI·제조데이터 분석·스마트제조 등 핵심 기술 기반 교육
· 교육-프로젝트-현장실습-취업연계로 이어지는 실무형 프로그램 운영",교육/멘토링,전남광주통합특별시,전남광주통합특별시,0013010 | 0049010,청년,만 19세 ~ 만 34세,19,34,,소득조건코드=0043001 / 소득범위=0~0,,"○ 교육과정 운영
· 초급 과정: 생성형 AI 활용, AI 기초, 제조데이터 이해, AI 프로그래밍 기초, 스마트제조 기초 등
· 중급 과정: 산업 분야별 제조공정과 설비 운영, 품질관리, 제조데이터 분석, AI 활용 실습 등
· 고급 과정: AI를 활용한 공정 최적화, 설비 진단, 공정데이터 분석, 프로젝트 수행 등
○ 특화 교육 분야
· 제조 AI 반도체
· 제조 AI 모빌리티
· 제조 AI 석유화학
○ 이수혜택
· 교육비 전액 지원
· 교육이수 지원금: 초급 30만원, 중급 40만원, 고급 50만원
· 전문가 멘토링
· 프로젝트 수행 및 포트폴리오 제작
· 수료증 및 디지털 배지
· 자격증 취득 지원
· 기업연계 취업 우대",20260826 ~ 20260925,20261231,,,"○ 포스터 내 QR 확인
○ 홈페이지 신청: https://www.nais.or.kr/",https://www.nais.or.kr/,main,primary,청년도약인재양성부트캠프제조ai분야,전남광주통합특별시,20260826 ~ 20260925~20261231,교육･직업훈련,미래역량강화
youth,20260831005400213361,삼척중앙시장 청년몰 청년상인 수시모집,삼척중앙시장 청년몰 입점 희망 청년상인 모집,인력/일자리,강원특별자치도 삼척시,강원특별자치도,"[결격사유]
① 피성년후견인 또는 피한정후견인
② 파산선고를 받고 복권되지 아니한 자
③ 금고 이상의 실형 후 집행종료 또는 집행면제 후 5년이 지나지 아니한 자
④ 금고 이상의 실형 후 집행유예 기간이 끝난 날부터 2년이 지나지 아니한 자
⑤ 금고 이상의 형의 선고유예를 받은 경우에는 그 선고 유예기간 중에 있는 자
⑥ 공고일 기준 청년상인 육성사업(전통시장 청년상인 창업지원)에 참여 중인 자
⑦ 공고일 기준 최근 3년 이내 청년상인 지원사업(전통시장 청년상인 창업지원)에 선정된 후 지원 중 중도포기, 폐업, 법령이나 지침 위반 등으로 계약해지 된 자
⑧ 현 청년몰 입점상인의 배우자 및 직계존비속인 자
⑨ 국세 또는 지방세를 체납 중인 자 | 0013006 | 0049010",청년,만 18세 ~ 만 49세,18,49,,소득조건코드=0043001 / 소득범위=0~0,,"청년몰 입점 계약(최대 7년), 
공유재산 사용료 연 50~60만 원(면적 등 점포 여건에 따른 차액 발생)",20260831 ~ 20261231,        ,,"◦ 청년상인 지원신청서 및 사업계획서(별지 서식)
     * 관련 자격증, 수상경력, 경력증명 등 증빙서류 미제출 시 해당 점수 불인정
     ※ 기 제출하신 사업계획서 이외에 발표 자료가 있을 경우 자료는 추가 제출 가능   (e-메일 : parkgh2026@korea.kr)
  ◦ 개인정보 수집 및 이용 동의서(별지 서식)
  ◦ 청년몰 입점 자격확인서(별지 서식)
  ◦ 사업자등록 사실증명원
     * 사업자 등록 사실 여부 확인서(지방 세무서 방문 발급, 국세청 홈택스 홈페이지 발급)
  ◦ 국세, 지방세 완납증명서
     * 국  세 : 지방 세무서 방문 또는 국세청 홈택스 홈페이지 
     * 지방세 : 읍면동 행정복지센터 방문 또는 민원 24 홈페이지
  ◦ 주민등록증 사본 및 주민등록초본
  ◦ 기타 자격, 경력 등의 검증을 위해 필요하다고 인정하는 서류(필요시)","◦ (신청서접수) 2026. 8. 31.(월) ~ 12. 31.(목)
  ◦ (신청방법) 이메일 신청, 방문 및 등기우편 접수
      * 방문접수 기간 중 근무시간(월~금요일 09:00~18:00)내 
      * 이메일, 우편접수 2026. 12. 31.(목) 18:00까지 도착분(접수 순번)에 한함",https://www.samcheok.go.kr/media/00084/00095.web?amode=view&mgtNo=37890&cd=01&cpage=1&sstring=%EC%B2%AD%EB%85%84%EB%AA%B0&stype=title,main,primary,삼척중앙시장청년몰청년상인수시모집,강원특별자치도삼척시,20260831 ~ 20261231~,일자리,창업
youth,20260828005400213360,[소진 마감]2026 동구 청년 웰컴 박스,동구 청년센터 아지트에서는 초기 생활 적응에 필요한 물품을 제공하여 청년의 안정적인 정착을 돕고자 「2026 동구 청년 웰컴 박스」 신청자를 모집합니다.,복지/문화,전남광주통합특별시,전남광주통합특별시,0013010 | 0049010,청년,만 19세 ~ 만 39세,19,39,,소득조건코드=0043001 / 소득범위=0~0,,"○ 웰컴 박스 물품 제공
· 롤 화장지(3개), 호텔 수건(1개)
· 광주 동구 종량제봉투 10L(5장)
· 구급상자 미니(1개), 이케아 장바구니(1개)",        ,        ,"○ 제외 대상
· 동일 행정구역(동구) 내 주소 이동(동구 → 동구 전입) 제외",☞ 자세한 내용은 붙임파일을 확인해주시기 바랍니다.,○ 구글폼 신청서 제출(동구 청년센터 아지트 홈페이지 회원가입 후 가능),https://youth.gwangju.go.kr/www/50?siteId=www&policyId=1323&url=%2Fwww%2Fpolicy%2FgjYgPolicyView,main,primary,소진마감2026동구청년웰컴박스,전남광주통합특별시,,금융･복지･문화,취약계층 및 금융지원
youth,20260828005400213359,[무료 강의] 방송 쪽 취업 관심 있는 분만,"ㅁ 프로그램명: 2026년 청년와락 '청년이 청년에게'
ㅁ 강의 일시 
 ㅇ 2026. 11. 16.(월) ~ 11. 27.(금) 월~금 14:00~17:00 (총 10차시)
ㅁ 강의 내용
 ㅇ 방송·미디어·엔터테인먼트 관련 산업 교육
 ㅇ 방송콘텐츠 제작 과정, 직무 이해
 ㅇ 방송국 탐방 등 현장 경험
 ㅇ 1:1 방송 분야 취업 컨설팅 등
ㅁ 강사
 ㅇ 이영은 PD (방송 제작 경력 15년 PD)
ㅁ 모집대상 
 ㅇ 취업 준비 청년(19~39세) 15명
ㅁ 장소
 ㅇ 청년와락(독립로 2, 2층) 등",교육/멘토링,전남광주통합특별시,전남광주통합특별시,0013010 | 0049010,청년,만 19세 ~ 만 39세,19,39,,소득조건코드=0043001 / 소득범위=0~0,,"ㅁ 프로그램명: 2026년 청년와락 &apos;청년이 청년에게&apos;

ㅁ 강의 일시 
 ㅇ 2026. 11. 16.(월) ~ 11. 27.(금) 월~금 14:00~17:00 (총 10차시)

ㅁ 강의 내용
 ㅇ 방송·미디어·엔터테인먼트 관련 산업 교육
 ㅇ 방송콘텐츠 제작 과정, 직무 이해
 ㅇ 방송국 탐방 등 현장 경험
 ㅇ 1:1 방송 분야 취업 컨설팅 등

ㅁ 강사
 ㅇ 이영은 PD (방송 제작 경력 15년 PD)

ㅁ 모집대상 
 ㅇ 취업 준비 청년(19~39세) 15명

ㅁ 장소
 ㅇ 청년와락(독립로 2, 2층) 등",        ,        ,,,https://naver.me/FwG21V3I,https://youth.gwangju.go.kr/www/50?siteId=www&policyId=1450&url=%2Fwww%2Fpolicy%2FgjYgPolicyView,main,primary,무료강의방송쪽취업관심있는분만,전남광주통합특별시,,교육･직업훈련,온·오프라인교육
youth,20260828005400213358,[무료강좌] 돈이 돈을 버는 법 (원숭이도 따라하는 쉬운 재테크),"※ ※ ※ ※ 2026년 8월 26일 기준 접수 마감 임박 ※ ※ ※ ※ ※ 
 서 두 르 세 요 ! ! ! 
※ ※ ※ ※ 모집인원 10명 자리밖에 안 남았습니다 ! ! ! ※ ※ ※ ※ ※
ㅁ 프로그램명
 ㅇ 2026년 남구 청년와락 '청년이 청년에게' 
ㅁ 강사
 ㅇ 김잔잔 ← 무려 19.7만 구독자 보유 재테크 유튜브 크리에이터
ㅁ 강의 일정
 ㅇ (1차시) 9월 10일(목) 19:00~21:00
 - 안전자산: 은행예금보다 이자 더 받는 꿀팁
 ㅇ (2차시) 9월 14일(월) 19:00~21:00
 - 적극자산: '이 것' 하나로 평생 재테크 '끝'
 ㅇ (3차시) 9월 15일(화) 19:00~21:00
 - 절세계좌: 가입 안 하면 바보! 3대장 활용법
 ㅇ (4차시) 9월 22일(화) 19:00~21:00
 - 개별주식: X10배 수익내는 나만의 보물 종목 찾기
ㅁ 강의장소 : 남구 청년와락( 남구 독립로 2, 2층)",교육/멘토링,전남광주통합특별시,전남광주통합특별시,0013010 | 0049010,청년,만 19세 ~ 만 39세,19,39,,소득조건코드=0043001 / 소득범위=0~0,,"ㅁ 강의 일정
 ㅇ (1차시) 9월 10일(목) 19:00~21:00
  - 안전자산: 은행예금보다 이자 더 받는 꿀팁
 ㅇ (2차시) 9월 14일(월) 19:00~21:00
  - 적극자산: &apos;이 것&apos; 하나로 평생 재테크 &apos;끝&apos;
 ㅇ (3차시) 9월 15일(화) 19:00~21:00
  - 절세계좌: 가입 안 하면 바보! 3대장 활용법
 ㅇ (4차시) 9월 22일(화) 19:00~21:00
  - 개별주식: X10배 수익내는 나만의 보물 종목 찾기
",        ,        ,,,https://naver.me/FwG21V3I,https://youth.gwangju.go.kr/www/50?siteId=www&policyId=1448&url=%2Fwww%2Fpolicy%2FgjYgPolicyView,main,primary,무료강좌돈이돈을버는법원숭이도따라하는쉬운재테크,전남광주통합특별시,,교육･직업훈련,교육비지원
youth,20260827005400213357,청년도약 인재양성 부트캠프 사업(미래차 분야),"○ 청년도약 미래차 교육생 모집
· 미래차 전문가로 성장하는 단계별 교육과정을 통한 실전형 인재육성
· 전자차·자율주행·전장·AI 등 미래차 핵심 기술을 기반으로 산업 현장에 바로 활용할 수 있는 실무형 미래차 전문인재 양성 집중 교육 프로그램",교육/멘토링,전남광주통합특별시,전남광주통합특별시,0013010 | 0049010,청년,만 19세 ~ 만 34세,19,34,,소득조건코드=0043001 / 소득범위=0~0,,"○ 교육과정 운영
· 입문·초급: AI기초, 미래모빌리티개론, 미래차 생산기술 이해
· 실무·중급 A과정: 자율주행 시스템 이해, 자율주행 데이터처리, 실증 시나리오 실습
· 실무·중급 B과정: 제조 공정 시스템 이해, 전장부품 평가실습, 부품 설계평가 기술
· 실증·고급: 자율차 현장실증, 자율차 설계 프로젝트, 미래차 설계 및 평가기술, 미래차 현장이해
○ 공통 교육
· 미래설계
· 취업역량
· PPT, 자소서
· 마음건강
· 팀워크
○ 이수혜택
· 교육지원비 지원
· 취업장려금 지원
· 실습지원
· 우수보상
· 취업 우선추천
· 직무역량 인증",20260819 ~ 20260918,        ,"○ 이수조건
· 출석률
· 소정의 평가와 현장보고서
○ 이수기준
· 입문·초급: 기초 직무·자기개발 레포트
· 실무·중급: 팀프로젝트 + 실습평가
· 실증·고급: 실습보고서 + 종합평가
※ 출석률 공통",,"○ QR코드 스캔하여 작성 후 제출
○ 신청 완료
○ 홈페이지 참고",https://youth.gwangju.go.kr/www/50?siteId=www&policyId=1447&url=%2Fwww%2Fpolicy%2FgjYgPolicyView,main,primary,청년도약인재양성부트캠프사업미래차분야,전남광주통합특별시,20260819 ~ 20260918~,교육･직업훈련,미래역량강화
youth,20260826005400213356,청년 스타트업 쇼룸 순천,"○ 청년 스타트업 쇼룸 순천 참여업체 모집
· 청년 창업가의 도전을 응원하기 위한 참여업체 모집
· 청년 창업가 상품 판매·홍보를 위한 쇼룸 운영",인력/일자리,전남광주통합특별시,전남광주통합특별시,0013010 | 0049010,"스타트업,청년",만 18세 ~ 만 45세,18,45,,소득조건코드=0043001 / 소득범위=0~0,,"○ 공간 지원
· 연향동·신대 점포 3주간 무상 제공
· 기본 인테리어·진열대·POS 등 집기 지원
※ 판매수익은 입점기업에게 귀속",20260814 ~ 20260827,        ,"○ 입점 가능 품목
· 단순 판매 가능 품목
· 의류, 신발, 액세서리, 향수, 굿즈, 포장식품(베이커리 포함) 등

○ 입점 불가 품목
· 음식점, 카페 등 직접 제조·조리 업종
· 시설·설비 설치 업종
※ 베이커리 분야는 사업자등록증상 ‘제과점’ 등록 사업자에 한함
※ 한시적 영업허가 필요 업종은 해당업체에서 직접 신청

○ 입점기업 조건
· 주 5일 이상, 하루 4시간 이상 운영
· 상품 판매·고객 응대·매장 관리
· 자체 홍보행사 1회 이상 운영
· SNS 콘텐츠 제작·게시
· 입점 전 교육·오픈식·성과공유회 참석","○ 입점신청서 1부
○ 회사소개서(브랜드·기업 개요, 대표자 정보) 1부
○ 사업자등록증 또는 법인등기부등본 1부
○ 주민등록표 초본 1부(대표자 순천시 내 거주 시 가점용)
☞ 자세한 내용은 붙임파일을 확인해주시기 바랍니다","○ 이메일 접수
· jw2293@korea.kr
※ 이메일 신청 시 서명 날인 후 하나의 PDF 파일로 제출 및 신청서 접수 여부 확인 요망
※ 확인 연락처: 061-749-4207",https://youth.gwangju.go.kr/www/50?siteId=www&policyId=1446&url=%2Fwww%2Fpolicy%2FgjYgPolicyView,main,primary,청년스타트업쇼룸순천,전남광주통합특별시,20260814 ~ 20260827~,일자리,창업
youth,20260826005400213354,청년도약 인재양성 부트캠프 사업(인공지능 분야),"○ AI·첨단산업 분야 취업을 희망하는 미취업 청년 대상 실무 중심 인재양성 프로그램
· AI 기초부터 기업 연계 프로젝트, 취업지원까지 운영
· AI·첨단산업 분야 취업을 꿈꾸는 청년 대상 실무 중심 인재양성 프로그램",교육/멘토링,전남광주통합특별시,전남광주통합특별시,0013010 | 0049010,청년,만 19세 ~ 만 34세,19,34,,소득조건코드=0043001 / 소득범위=0~0,,"○ 교육혜택
· 네이버클라우드·메가존클라우드 수료증 발급
· 교육비 전액 무료
· 단계별 지원금 최대 100만 원 지급
· 채용연계형 실전 인턴십 기회 부여
· 3개월간 월 240만 원 지원
· 디지털도서관 전공·교양 도서 이용 및 최신 AI 서비스 제공
· 타 지역 참여자 교육기간 중 숙박(게스트 하우스) 무료 제공",20260824 ~ 20260828,        ,,,○ 홈페이지 신청,https://youth.gwangju.go.kr/www/50?siteId=www&policyId=1444&url=%2Fwww%2Fpolicy%2FgjYgPolicyView,main,primary,청년도약인재양성부트캠프사업인공지능분야,전남광주통합특별시,20260824 ~ 20260828~,교육･직업훈련,미래역량강화
youth,20260826005400213353,[여수]2026년 전남 청년 근속장려금 지원사업,○ 여수시 중소기업 취업 청년들의 장기근속 유도 및 정규직 일자리 취업 촉진을 위한 2026년 전남 청년 근속장려금 지원사업 참여기업 및 청년근로자 2차 모집,인력/일자리,전남광주통합특별시,전남광주통합특별시,0013010 | 0049010,청년,만 18세 ~ 만 45세,18,45,,소득조건코드=0043001 / 소득범위=0~0,,"○ 지원금
· 4년간 1인당 최대 2,000만원 지원
· 청년 1,500만원, 기업 500만원
○ 연차별 지원내용
· 취업장려금(1년차): 500만원(청년 300만원, 기업 200만원)
· 고용유지금(2년차): 450만원(청년 300만원, 기업 150만원)
· 근속장려금(3년차): 550만원(청년 400만원, 기업 150만원)
· 장기근속금(4년차): 500만원(청년 500만원)
○ 지원방법
· 분기별 지급
· 2차 선정자 1, 2분기 소급 지급",20260824 ~ 20260828,        ,,☞ 자세한 내용은 붙임파일을 확인해주시기 바랍니다,"○ 신청방법
· 문서24
· 수신처: 전남광주통합특별시 여수시 기획경제국 경제일자리과",https://youth.gwangju.go.kr/www/50?siteId=www&policyId=1443&url=%2Fwww%2Fpolicy%2FgjYgPolicyView,main,primary,여수2026년전남청년근속장려금지원사업,전남광주통합특별시,20260824 ~ 20260828~,일자리,취업
youth,20260826005400213352,2026 일상돌봄서비스 사업 이용자 모집,"○ 일상돌봄서비스 사업 이용자 모집
· 신청대상: 가족돌봄청년(청소년 포함)
· 대상서비스 유형: 기본서비스(A,B,C형) 및 식사관리서비스, 영양관리서비스",복지/문화,전남광주통합특별시,전남광주통합특별시,0013010 | 0049010,청년,만 1세 ~ 만 39세,,39,,소득조건코드=0043001 / 소득범위=0~0,,"○ 기본서비스
· A형(기본돌봄형): 월 36시간, 재가돌봄 및 가사지원
· C형(추가돌봄형): 월 72시간, 재가돌봄 및 가사지원
· B형(기본가사형): 월 24시간, 가사지원
○ 특화서비스
· 식사관리: 월 8회, 식사 지원
· 영양관리: 월 8회, 맞춤형 식사 지원 및 영양관리
※ 특화서비스 중 식사관리서비스, 영양관리서비스만 모집
○ 서비스가격
· 소득수준별 본인부담금 및 정부지원금 차등 적용",20260824 ~ 20260923,        ,"○ 신청대상
· 가족돌봄청년(청소년 포함)
※ 만 나이제 적용",☞ 자세한 내용은 붙임파일을 확인해주시기 바랍니다,"○ 신청방법
· 주민등록상 거주지 동 행정복지센터 방문
※ 거동 불편 등 부득이한 경우 전화, 우편, 팩스 신청 가능
○ 신청장소
· 관할 주소지 동 행정복지센터",https://youth.gwangju.go.kr/www/50?siteId=www&policyId=1442&url=%2Fwww%2Fpolicy%2FgjYgPolicyView,main,primary,2026일상돌봄서비스사업이용자모집,전남광주통합특별시,20260824 ~ 20260923~,금융･복지･문화,취약계층 및 금융지원
youth,20260824005400113351,"희망사다리 장학사업(Ⅰ,Ⅱ유형)","희망사다리 장학사업Ⅰ유형(중소기업 취업연계 장학금)
: 중소·중견기업 취업·창업(희망)자를 위한 장학금
희망사다리 장학사업Ⅱ유형(고졸 후학습자 장학금)
: 선취업 후학습을 희망하는 자를 위한 장학금",교육/멘토링,한국장학재단,한국장학재단,"0013001,0013003,0013006 | 0049004,0049005",청년,만 0세 ~ 만 0세,,,,소득조건코드=0043001 / 소득범위=0~0,,"1. 희망사다리 장학사업Ⅰ유형(중소기업 취업연계 장학금)
ㅇ 소개: 중소·중견기업 취업·창업(희망)자를 위한 장학금
ㅇ 신청기간: 2026. 9. 1.(화) 09:00 ~ 9. 18.(금) 18:00
ㅇ 지원유형
  - 취업지원형: 중소·중견기업 취업희망자 또는 기취업자
  - 창업지원형: 창업희망자 또는 기창업자
ㅇ 지원내용
  - 등록금 : 수혜 학기당 등록금 전액
  - 취업·창업지원금 : 수혜 학기당 200만 원
  ※ 학기 내 직무기초교육 이수자에 한하여 지원
ㅇ 지원자격
  - 대한민국 국적자로 선발학기 사업 참여대학에 재학 중인 자
  - 일반대 3학년 이상 또는 전문대 2학년 이상 재학생
  - 대학의 최소이수학점 이상을 이수하고, 직전학기 성적이 백분위 70점(C0) 이상인 자
ㅇ 장학생 의무사항
  - 매 학기 지급신용보험 가입을 위한 개인정보제공동의 필요
  - 수혜학기 이수(재학) 필수(휴학, 자퇴 등 학적변동 시 장학금 반환)
  - 직무기초교육 이수(이수자 대상으로 취업·창업지원금 지원)
  - 졸업 후 '수혜학기(횟수) x 6개월' 간 중소·중견기업에 취업 또는 창업 상태(재단이 정하는 기준 이상의 매출액 발생 필수) 유지
  ※ 자퇴 및 제적으로 인한 장학생 자격상실 시 전액 반환 필수(의무종사 불가)
2. 희망사다리 장학사업Ⅱ유형(고졸 후학습자 장학금)
ㅇ 소개: 선취업 후학습을 희망하는 자를 위한 장학금
ㅇ 신청 기간: 2026. 9. 1.(화) 09:00 ~ 9. 18.(금) 18:00 
  ※ 지역 인재(비수도권) 장학생 우대 선발 예정
ㅇ 지원 내용
  - 중소 및 중견기업 재직자 : 등록금 전액 지원
  - 대기업, 비영리기관 재직자 : 등록금 50% 지원
  ※ 사업 예산 범위 내 선발 배점이 높은 순으로 장학생 선발하여 지원
ㅇ 지원자격
  - 대한민국 국적자로 최종학력이 고졸인 대학교 재학생
  ※ 학위취득 전 2년 이상의 재직 경력이 있는 전문학사 취득자 지원 가능
  - 재직기간이 2년 이상인 자
  ※ 현 중소·중견기업 재직자는 1년 이상
  - 지원 대상 기업에 재직 중인 자
  ※ 지원 대상기업: 중소 및 중견기업, 대기업, 비영리기관(가족기관, 공공기관 등은 제외)
  - 직전학기 성적이 백분위 70점(C0) 이상인 자
ㅇ 의무사항
  - 수혜학기 이수(재학) 필수 ※ 휴학, 자퇴 등 학적변동 발생 시 장학금 전액 반환
  - 의무재직 이행 
  ※ 재직 인정기업에 '수혜학기(호시수) x 4개월' 간 재직 유지
  ※ 의무사항 미이행 시, 지원금액에 대한 반환 필요
ㅇ 문의처
  - 한국장학재단 누리집(www.kosaf.go.kr)
  - 희망사다리 상담센터(1800-0499)
",20260901 ~ 20260918,20260918,자세한 내용은 한국장학재단 누리집(www.kosaf.go.kr)에서 확인하시기 바랍니다.,,,https://www.kosaf.go.kr,main,primary,희망사다리장학사업ⅰⅱ유형,한국장학재단,20260901 ~ 20260918~20260918,교육･직업훈련,교육비지원
youth,20260824005400213350,부산 남구 청년 창업 아이디어 경진대회,초기 창업 아이디어를 가진 청년들이 아이디어를 실험하고 다듬을 수 있는 기회를 제공하고자 제2회 부산 남구 청년 창업 아이디어 경진대회를 개최합니다,인력/일자리,부산광역시 남구 행정자치국 청년정책과,부산광역시,0013010 | 0049010,청년,만 18세 ~ 만 39세,18,39,,소득조건코드=0043001 / 소득범위=0~0,," (참가대상) 전국의 창업 아이디어를 가진 18~39세 미창업 또는 초기창업* 청년
                * 공고일 기준 사업자등록 3년 이내
 (참가형태) 개인 또는 팀*   
                * 대표자 포함 5명 이내
 (신청기간) 2026. 9. 7.(월) ~ 9. 18.(금) 18:00
 (모집분야) 제한없음
 (참가혜택) ① 예선통과 10명(팀) - 아이디어 고도화 지원금(50만원), 맞춤형 컨설팅
                ② 본선수상  3명(팀) - 남구청장상 4명(팀), 상금 최대 200만원
 (신청방법) 이메일 신청(jejecks@korea.kr)  ※ 공고문 내 서식 참조
 (문      의) 부산 남구 청년정책과(청년지원팀) 051-607-3681",20260907 ~ 20260918,20261116,,,,https://www.bsnamgu.go.kr/index.namgu?menuCd=DOM_000000105001002000,main,primary,부산남구청년창업아이디어경진대회,부산광역시남구행정자치국청년정책과,20260907 ~ 20260918~20261116,일자리,창업
youth,20260824005400213349,[9월 1일 10시 접수 예정] 2026년 구직청년 자격증 취득지원 사업,구직활동에 필요한 어학(능력)·자격증 시험 응시료 지원,교육/멘토링,전남광주통합특별시,전남광주통합특별시,0013010 | 0049010,청년,만 19세 ~ 만 39세,19,39,,소득조건코드=0043001 / 소득범위=0~0,," ※ 단계별 시험(필기,실기 등)은 명칭과 상관 없이 합산 신청 가능(개별 신청하여 지급 완료 시, 당해 연도 추가 신청 및 소급 지원 불가)

❍ 지원분야
  - 한국사 및 어학능력시험 : 국사편찬위원회 주관 한국사 시험 및 어학능력시험 20종 
  - 국가기술자격증 : 「국가기술자격법」시행규칙 별표2에 따른 국가기술자격증
  - 국가전문자격증 : 한국산업인력공단(Q-net) 국가자격 종목별 상세정보 참고 /*자동차운전면허 제외
  - 국가공인자격증 : 민간자격정보서비스에 등록된 &apos;공인&apos;자격증 /* 민간자격정보서비스 상의 구분이 &quot;부분공인&quot;이라면 국가공인 등급(급수) 취득 및 해당 성적 달성 시에 한하여 지원 가능 /* 민간자격정보서비스 상의 구분이 &quot;등록&quot;이라면 지원 제외 ",20260901 ~ 20261231,20261231,,"1. 주민등록표 초본: 신청월 발급본, 발생일/신고일 포함, 마지막장까지 제출
2. 건강보험 자격득실 확인서: 신청월 발급본, 발급시 조회 조건 전체
*건강보험 자격득실 확인서 가입자구분이 구분없음일 때 고용보험자격이력내역서로 대체 제출
3. 응시사실 증명서류: 응시 확인서 또는 성적표
*성명, 응시일, 자격종목(명) 등 확인할 수 있는 서류(시험 접수증, 수험표 불인정)
*민간자격정보서비스상 구분이 ‘부분공인’인 종목은 국가공인 자격증 사본 또는 공인 등급이 명시된 성적표 제출 
4. 결제영수증
*결제 금액, 일시, 승인번호, 거래처 등이 포함된 영수증(시험 사이트에서 발급된 영수증 불인정)
5. 통장 사본: 은행명, 성명, 계좌번호 표기

※ 서류 보완이 필요한 경우, 보완 요청을 할 수 있음(기한 내(보완요청일 기준 3일) 미제출시 부적격처리)",시험 응시 → 전남광주통합특별시청년통합플랫폼 접수 → 제출 서류 확인 (자격심사 및 중복지원여부 조회) → 선정안내 및 만족도조사 → 지원금 지급(익월 10일),https://youth.gwangju.go.kr/www/50?siteId=www&policyId=1441&url=%2Fwww%2Fpolicy%2FgjYgPolicyView,main,primary,9월1일10시접수예정2026년구직청년자격증취득지원사업,전남광주통합특별시,20260901 ~ 20261231~20261231,교육･직업훈련,교육비지원
youth,20260821005400113348,국가근로장학금,대학생의 안정적인 학업여건 조성과 취업역량 제고를 위한 장학금,교육/멘토링,한국장학재단,한국장학재단,0013010 | 0049005,청년,만 0세 ~ 만 0세,,,"- 직전학기 성적 70점/100점(C학점) 이상
※ 단, 학생이 장애인, 자립준비청년(구. 보호종료아동)인 경우 성적기준 적용 제외 가능
- 학자금 지원구간 9구간 이하
※ 단, 학부모 실·폐업 등 긴급 경제적 위기가구 학생, 봉사유형 및 취업연계유형 근로학생은 학자금 지원구간 적용 제외 가능",소득조건코드=0043001 / 소득범위=0~0,,"2026년 2학기 2차 국가근로장학금 안내
ㅇ 신청대상: 대한민국 국적으로 국내 대학의 재학생
ㅇ 선발요건
- 직전학기 성적 70점/100점(C학점) 이상
※ 단, 학생이 장애인, 자립준비청년(구. 보호종료아동)인 경우 성적기준 적용 제외 가능
- 학자금 지원구간 9구간 이하
※ 단, 학부모 실·폐업 등 긴급 경제적 위기가구 학생, 봉사유형 및 취업연계유형 근로학생은 학자금 지원구간 적용 제외 가능
ㅇ 신청방법
  - 한국장학재단 누리집(www.kosaf.go.kr) 및 모바일 앱에서 신청
ㅇ 신청기간
  - (학생신청) '26. 8. 12.(수) 9시 ~ '26. 9. 9.(수) 18시
  - (서류제출 및 가구원 동의) '26. 8. 12.(수) 9시 ~ '26. 9. 16.(수) 18시
  ※ 주말 및 공휴일 포함 신청기간 내 24시간 신청 가능 (단, 마감일 제외)
ㅇ 장학금 시급
  - 교내근로: 10,320원
  - 교외근로: 12,790원
  ※ 단, 장애대학생 봉사유형에 한하여 교외근로 시급 적용: 12,790원(대학 대응투자 20% 이상)
ㅇ 문의처: 한국장학재단 상담센터(1599-2290)",20260812 ~ 20260909,20260916,"- 직전학기 성적 70점/100점(C학점) 이상
※ 단, 학생이 장애인, 자립준비청년(구. 보호종료아동)인 경우 성적기준 적용 제외 가능
- 학자금 지원구간 9구간 이하
※ 단, 학부모 실·폐업 등 긴급 경제적 위기가구 학생, 봉사유형 및 취업연계유형 근로학생은 학자금 지원구간 적용 제외 가능","서류제출 대상자는 온라인으로 서류 제출
- 누리집: 장학금 > 장학금 신청 > 서류제출 현황
- 모바일 앱: 장학금 > 서류제출","- 한국장학재단 누리집(www.kosaf.go.kr) 혹은 모바일 앱에서 신청(반드시 학생 본인이 신청)
- 사용 가능한 전자서명수단 한 가지 준비
- 신청 2~3일 후 한국장학재단 누리집 및 모바일 앱에서 제출 필요 서류 확인",https://www.kosaf.go.kr/,main,primary,국가근로장학금,한국장학재단,20260812 ~ 20260909~20260916,교육･직업훈련,교육비지원
youth,20260821005400213346,[광산구]청년 노동자 주거 지원사업 참여기업 모집,"기업, 노동자, 시민사회 및 지방정부가 협력하여 일자리 질을 개선하고 ‘일하기 좋고, 청년이 머무는 광산’ 만들기를 위한 「청년 노동자 주거 지원사업」의 참여기업을 모집합니다.",주거,전남광주통합특별시,전남광주통합특별시,0013010 | 0049010,청년,만 15세 ~ 만 39세,15,39,,소득조건코드=0043001 / 소득범위=0~0,,"○ 주거비 지원
· 청년 1인당 월 최대 50만원씩 최소 2년간 지원
· 협약갱신을 통해 2년 단위로 지원기간 연장 가능
· 최대 8년 지원 가능
· 실제 부담하는 주택임차비를 월 최대 50만원까지 매월 지원
· 주택임차비에 월세, 전세이자 등 포함
· 임차보증금, 관리비 제외",20260818 ~ 20260903,        ,,☞ 자세한 내용은 붙임파일을 확인해주시기 바랍니다,"○ 접수방법
· 오프라인(방문 또는 우편(등기)) 또는 온라인(이메일) 접수
· 우편 접수는 등기로 할 것
· 접수는 마감일 18:00까지 도착분에 한함
· 제출 후 확인 전화
○ 접수처
· 광산구청년노동자주거지원센터
· 방문·우편: 전남광주통합특별시 서구 대남대로 465 광주상공회의소 604호(내일엔)
· 온라인: 이메일(mojankim@naver.com)",https://youth.gwangju.go.kr/www/50?siteId=www&policyId=1440&url=%2Fwww%2Fpolicy%2FgjYgPolicyView,main,primary,광산구청년노동자주거지원사업참여기업모집,전남광주통합특별시,20260818 ~ 20260903~,주거,전월세 및 주거급여 지원
youth,20260821005400213344,청년도약 인재양성 부트캠프 사업(인문·사회 분야),청년(비재학생) 대상으로 대학-기업이 함께 수준별 단기 집중교육 제공하여 역량 제고 및 사회참여 기회 확대,교육/멘토링,전남광주통합특별시,전남광주통합특별시,0013010 | 0049010,청년,만 19세 ~ 만 34세,19,34,,소득조건코드=0043001 / 소득범위=0~0,,"○ 부트캠프 취·창업 성공하자
· K-Food AX: 커피·베이커리 레시피 기획 및 온라인 홍보 AX 전문가 양성 과정
· 문화콘텐츠 AX: AI 숏폼 콘텐츠 크리에이터 및 영상편집 AX 전문가 양성 과정
· 라이프케어 AX: 통합돌봄 프로그램 기획·운영 및 디지털 도구 활용 AX 전문가 양성 과정
○ 교육혜택
· 비용/장비 지원
· 교육비 전액 무료
· AI 툴 제공
· 장학금 지원
○ 실무/취업 지원
· 기업 프로젝트 및 인턴십 연계
· 맞춤형 취·창업 컨설팅",20260720 ~ 20260831,        ,○ 비재학생 중심,,○ 포스터 내 QR코드 확인,https://youth.gwangju.go.kr/www/50?siteId=www&policyId=1438&url=%2Fwww%2Fpolicy%2FgjYgPolicyView,main,primary,청년도약인재양성부트캠프사업인문사회분야,전남광주통합특별시,20260720 ~ 20260831~,교육･직업훈련,미래역량강화
youth,20260821005400213343,콘텐츠 테크하이어 QA 과정 교육생 모집,"○ 문화콘텐츠 전문인력 양성 및 취업지원
· SW·게임 QA 및 IT 서비스 운영 분야 실무인재 양성
· QA 기초 및 품질관리 체계
· 테스트 설계기법과 Test Scenario/Case 작성
· 결함관리, Jira·Confluence, 서비스 운영 및 VOC·CS
· 통합 프로젝트와 참여기업 실무과제 수행",교육/멘토링,전남광주통합특별시,전남광주통합특별시,0013010 | 0049010,청년,만 18세 ~ 만 39세,18,39,,소득조건코드=0043001 / 소득범위=0~0,,"○ 교육기간
· 2026. 9. 21.(월) ~ 11. 19.(목) / 8주, 총 320시간
· 4주 이론교육 + 4주 실습교육
○ 교육일정
· 월 ~ 금(주 5회) 10:00 ~ 19:00 / 약 320시간
※ 교육과정 운영 협의에 따라 세부일정은 변경될 수 있음",20260814 ~ 20260907,        ,,☞ 자세한 내용은 붙임파일을 확인해주시기 바랍니다,○ GCC사관학교 홈페이지를 통한 교육생 접수,https://youth.gwangju.go.kr/www/50?siteId=www&policyId=1437&url=%2Fwww%2Fpolicy%2FgjYgPolicyView,main,primary,콘텐츠테크하이어qa과정교육생모집,전남광주통합특별시,20260814 ~ 20260907~,교육･직업훈련,온·오프라인교육
youth,20260820005400213342,창업전문가 특강 “취업? 창업!”,"지역 기반 청년 창업자를 발굴하고 체계적인 성장을 지원하기 위한 「서구 창업전문가 특강」을 아래와 같이 개최하오니, 많은 관심과 참여 바랍니다. 취업과 창업이 고민되는 누구에게나 도움이 되는 강의와 현장 Q&A 를 진행할 예정입니다.
※ 행사일시 : 2026. 8. 26.(수) 14:00",인력/일자리,전남광주통합특별시,전남광주통합특별시,0013010 | 0049010,청년,만 19세 ~ 만 39세,19,39,,소득조건코드=0043001 / 소득범위=0~0,,"    - [특강Ⅰ] 노점상에서 중견기업까지! 와이마트 성공스토리

    - [특강 Ⅱ] 300만원 월급쟁이가 400억 매출 사장되기

    - 즉문즉답 현장 Q&A",20260814 ~ 20260825,        ,,,신청 (선착순) - 선정 안내 문자 발송,https://youth.gwangju.go.kr/www/50?siteId=www&policyId=1436&url=%2Fwww%2Fpolicy%2FgjYgPolicyView,main,primary,창업전문가특강취업창업,전남광주통합특별시,20260814 ~ 20260825~,일자리,창업
youth,20260818005400213340,2026년 하반기(2026년도 1학기) 5개 자치구(광주권역) 대학(원)생 학자금 대출이자 지원,"경제적 이유로 교육을 받기 곤란한 지역 대학생과 대학원생, 졸업생에게 균등한 고등교육을 받을 기회를 제공하고 교육비 부담 경감에 기여",복지/문화,전남광주통합특별시,전남광주통합특별시,0013010 | 0049010,청년,만 0세 ~ 만 0세,,,,소득조건코드=0043001 / 소득범위=0~0,,"2017년 1학기부터 2026년 1학기까지 한국장학재단으로부터 대출받은 일반 상환 학자금 및 취업 후 상환 학자금 대출금의 2026년 상반기(1월~6월)동안 발생한 이자 지원

* 2026년 상반기에 신청하여 지원받은 학생도 새로 신청해야 지원 가능",20260818 ~ 20260930,20261231,,"&lt;본인이 주소를 두는 경우&gt;
 ① 신청서(시스템 입력)
 ② 주민등록초본(최근 2년 주소이력 포함)
 ③ 대학(원) 재학증명서, 휴학증명서, 졸업(예정)증명서

&lt;직계존속이 주소를 두는 경우&gt;
 ① 신청서(시스템 입력)
 ② 주민등록초본(최근 2년 주소이력 포함)
 ③ 가족관계증명서
 ④ 대학(원) 재학증명서, 휴학증명서, 졸업(예정)증명서",전남광주청년통합플랫폼 온라인 접수 (신청기간동안 신청하기 버튼 활성화),https://youth.gwangju.go.kr/www/50?siteId=www&policyId=1425&url=%2Fwww%2Fpolicy%2FgjYgPolicyView,main,primary,2026년하반기2026년도1학기5개자치구광주권역대학원생학자금대출이자지원,전남광주통합특별시,20260818 ~ 20260930~20261231,금융･복지･문화,취약계층 및 금융지원
youth,20260818005400213339,[전남]2026년 하반기 대학생 학자금 대출이자 지원사업,○ 대학생과 미취업 청년의 안정적인 학습 환경 조성 및 경제적 부담 완화를 위한 학자금 대출이자 지원,복지/문화,전남광주통합특별시,전라남도,0013010 | 0049010,청년,만 19세 ~ 만 39세,19,39,,소득조건코드=0043001 / 소득범위=0~0,,"○ 2026년 1월 ~ 6월(상반기)에 한국장학재단에서 대출받은 학자금 대출의 이자 전액
· 등록금, 생활비 대출
· 일반상환 + 취업 후 상환 학자금 대출
○ 지원방법
· 발생한 이자 금액만큼 대출 원리금에서 자동 상환
· 개인계좌로 입금되지 않음
○ 지원제외
· 이자 조회 및 지급 당시 대출금이 전액 상환된 경우",20260803 ~ 20260911,        ,"○ 한국장학재단 학자금대출자 명의로 회원가입 필수
○ 제출서류는 홈페이지 신청화면에서 PDF 파일로 등록
○ 공고일(’26. 8. 3.) 이후 발급서류 제출",☞ 자세한 내용은 붙임파일을 확인해주시기 바랍니다,○ 전남인재평생교육진흥원 누리집 온라인 신청,https://youth.gwangju.go.kr/www/50?siteId=www&policyId=1428&url=%2Fwww%2Fpolicy%2FgjYgPolicyView,main,primary,전남2026년하반기대학생학자금대출이자지원사업,전남광주통합특별시,20260803 ~ 20260911~,금융･복지･문화,취약계층 및 금융지원
youth,20260818005400213338,2026년 서구 청년 플러스 데이,"○ 취업 지원 관련 정책 (국민취업지원제도, 구직등록 등) 상담 및 현장 연계
○ 서구 청년 정책 및 현장 체험 프로그램(취업타로, 과일샌드위치 만들기) 참여",인력/일자리,전남광주통합특별시,전남광주통합특별시,0013010 | 0049010,청년,만 19세 ~ 만 39세,19,39,,소득조건코드=0043001 / 소득범위=0~0,,"○ 취업 지원 관련 정책 (국민취업지원제도, 구직등록 등) 상담 및 현장 연계
○ 서구 청년 정책 및 현장 체험 프로그램(취업타로, 과일샌드위치 만들기) 참여
○ 부스 참여 및 사전 예약(네이버폼) 이벤트",20260810 ~ 20260820,        ,,,신청 - 안내 문자 수령 - 행사 참여,https://youth.gwangju.go.kr/www/50?siteId=www&policyId=1429&url=%2Fwww%2Fpolicy%2FgjYgPolicyView,main,primary,2026년서구청년플러스데이,전남광주통합특별시,20260810 ~ 20260820~,일자리,취업
youth,20260818005400213337,2027년 청년농업인 창업 스케일업(성장) 지원사업,"○ 2027년 청년농업인 창업 스케일업(성장) 지원사업 대상자 선정
· 관심있는 창농기업 신청 접수
· 창농기업: 농업·농촌 연계 부가가치 창출 창업기업",인력/일자리,전남광주통합특별시,전남광주통합특별시,0013010 | 0049010,"농업인,청년",만 18세 ~ 만 45세,18,45,,소득조건코드=0043001 / 소득범위=0~0,,"○ 개소당 150백만 원
· 시비 30%, 시군비 50%, 자부담 20%

○ 생산비 절감 및 보유기술 확보 지원
· 시설·장비 구축
· 투자유치 역량 강화
· 경영 컨설팅
· 마케팅·판로개척 등 브랜드 고도화 지원",20260728 ~ 20260916,        ,"○ 유의사항
· 신청자격 반드시 확인
· 사업대상자 모집공고 기간은 30일 이상 공고
· 자치단체의 예산 여건을 사전에 확인 후 추천",☞ 자세한 내용은 붙임파일을 확인해주시기 바랍니다,"○ 1단계 : 대상자 모집 : 2026. 7. 28. ~ 9. 16.
 - 추진기관 : 시군 농업기술센터

○ 2단계 : 시군심사 및 추천 : 2026. 9. 17. ~ 9. 23.
 - 추진기관 : 시군 농업기술센터

○  3단계 : 특별시 평가 
 - 추진기관 : 전남광주통합특별시 농업기술",https://youth.gwangju.go.kr/www/50?siteId=www&policyId=1430&url=%2Fwww%2Fpolicy%2FgjYgPolicyView,main,primary,2027년청년농업인창업스케일업성장지원사업,전남광주통합특별시,20260728 ~ 20260916~,일자리,창업
youth,20260818005400213336,2026년 고흥군 청년 귀어가 정착어장,"○ 청년 귀어가 정착어장 공모
· 귀어‧귀촌을 희망하는 도시민들이 어촌지역에 안정적으로 정착할 수 있도록 어업을 경영하고자 하는 청년 귀어가에게 삶의 터전 마련",인력/일자리,전남광주통합특별시,전남광주통합특별시,0013010 | 0049010,청년,만 18세 ~ 만 49세,18,49,,소득조건코드=0043001 / 소득범위=0~0,,"○ 김 양식어업 면허지 공모
· 해조류양식 / 부류식 / 김
· 김 양식어업 면허지 3건/55.63ha에 대해 3명 모집",20260813 ~ 20260827,        ,"○ 선정 제외대상
· 청년 귀어가 정착어장 기 선정자
· 병역 미필자, 고등학교․대학 등에 재학 중이거나 휴학 중인 자
· 공고시작일 기준, 공무원, 교사, 공기업, 정부 및 지자체 출연기관․농(축)․수․산림조합 및 일반회사 등 재직자
· 보조사업 수행 대상에 배제되거나 제한받고 있는 자",☞ 자세한 내용은 붙임파일을 확인해주시기 바랍니다,"○ 제출처
· 고흥군 수산정책과 양식산업팀
· 우편, 방문접수
※ 방문접수: 공모기간 마감일(8월 27일) 18시까지 인정
※ 우편접수: 공모기간 마감일(8월 27일) 소인분까지 인정",https://youth.gwangju.go.kr/www/50?siteId=www&policyId=1432&url=%2Fwww%2Fpolicy%2FgjYgPolicyView,main,primary,2026년고흥군청년귀어가정착어장,전남광주통합특별시,20260813 ~ 20260827~,일자리,취업
youth,20260813005400213335,청년도전지원사업 단기 3기·4기 프로그램 참여자 모집,"○ 청년도전지원사업 단기 프로그램 참여자 모집
· 5주 동안 자신을 돌아보고 자신감을 회복하며, 진로 탐색과 취업 준비를 단계적으로 지원하는 맞춤형 프로그램
· 취업 준비의 첫걸음을 시작하고 싶은 청년 대상 프로그램",인력/일자리,전남광주통합특별시,전남광주통합특별시,0013010 | 0049010,청년,만 18세 ~ 만 39세,18,39,,소득조건코드=0043001 / 소득범위=0~0,,"○ 프로그램
· 밀착상담
· 사례관리
· 진로탐색
· 자신감회복
· 취업역량강화

○ 참여수당
· 5주 40시간 참여수당 50만원",20260807 ~ 20260930,        ,"○ 운영장소
· 단기 3기: 첨단종합사회복지관 내 청청플랫폼
· 단기 4기: 광산구 청년도전지원센터",,"○ 온라인 신청
· 모집 포스터 QR코드 접속
· 고용24에서 ‘청년도전지원사업’ 검색 후 운영기관 ‘광산구청년도전지원센터’ 선택

○ 방문 신청
· 광산구 청년도전지원센터 방문 접수
· 광주광역시 광산구 하남대로 135, 4층",https://youth.gwangju.go.kr/www/50?siteId=www&policyId=1427&url=%2Fwww%2Fpolicy%2FgjYgPolicyView,main,primary,청년도전지원사업단기3기4기프로그램참여자모집,전남광주통합특별시,20260807 ~ 20260930~,일자리,취업
youth,20260813005400213334,청년드림은행(청년재무상담소),고금리·고물가 등 청년의 경제적 여건이 더욱 악화되어 청년부채 문제를 해소하고 안정적 생활기반을 위한 금융안전망 구축,복지/문화,전남광주통합특별시,전남광주통합특별시,0013010 | 0049010,청년,만 19세 ~ 만 39세,19,39,,소득조건코드=0043001 / 소득범위=0~0,,"1:1 재무관리 상담을 통한 재무상태 진단 및 채무조정 지원 등

재무관리 상담 : 신용 및 부채 상담과 더불어 당장에 문제가 없더라도 현재 재무상태를 진단하고 앞으로의 현명한 경제생활을 위한 솔루션을 제공
 - 1차 상담 [인터뷰] 약 1시간 30분 / 2차 상담 [솔루션 실행 계획 수립] 약 1시간 30분

(비금전) 재무관리상담, 신용회복기관 및 학자금대출 신용유의자 지원 사업 연계, 소모임․교육 등
(금  전) 재무관리 상담자 중 심사를 통한 연체예방지원금 지원(1인당 100만원/ 2회 분할)",        ,        ,,,"청년드림은행(청년재무상담소)은 다양한 신청 방법을 제공합니다.

○ 인터넷 접수 : 상단 신청하기 클릭(회원가입이 불가능한 경우 하단 신청사이트 주소(구글폼)를 통해 인터넷 접수)
○ 전화접수 : 062-521-2567
○ 카카오톡 : 하단 참고 사이트 2번",https://youth.jeonnam-gwangju.go.kr/www/50?siteId=www&policyId=824&url=%2Fwww%2Fpolicy%2FgjYgPolicyView,main,primary,청년드림은행청년재무상담소,전남광주통합특별시,,금융･복지･문화,취약계층 및 금융지원
youth,20260812005400213330,「2026년 청년 창업 성장 육성 프로젝트 지원사업」 청년창업자 모집 공고,"창업 성장기에 접어든 청년 창업자의 안정적인 시장 안착과 지속 가능한 성장 기반 마련을 지원하기 위하여
「2026년 청년 창업 성장 육성 프로젝트 지원사업」의 참여자를 다음과 같이 모집하오니 많은 신청 바랍니다.",인력/일자리,전남광주통합특별시,전남광주통합특별시,0013010 | 0049010,청년,만 19세 ~ 만 39세,19,39,,소득조건코드=0043001 / 소득범위=0~0,,"❍ 지원 내용
  - 공통 역량강화 프로그램 
  - 온라인 마케팅 및 sns홍보 지원
   1. 온라인 마케팅 및 홍보비(기업 당 1,000천원) 지원
   2. 전문업체를 통한 선정기업 맞춤형 온라인 홍보콘텐츠 제작 지원

",20260810 ~ 20260828,        ,"❍ 지원 제외 대상

◦ 당해연도 정부(중앙, 지방), 공공기관의 창업지원 사업에 중복 수혜를 받고 있는 자
    (예시) 창업지원 관련사업(예시: 2026년 빈집(빈점포) 청년창업 채움 프로젝트, 지역자원연계 창업
     지원사업 등)의 창업 관련 지원 사업
 ◦ 국세 또는 지방세 체납자
 ◦ 보조금 취지상 지원이 적합하지 않은 업종의 창업을 희망하는 자
   - 「중소기업창업 지원법」 시행령 제4조(창업에서 제외되는 업종) 등 적용
 
 지원 제외업종(자세한 사항 하단 코드번호 참조)
   ① 프랜차이즈, ② 단란•유흥주점, ③ 부동산업, 금융 및 보험업  ④ 숙박업 
   ⑤ 사회통념상 유해하다고 판단되는 업종  ⑥ 기타 부적합하다고 판단되는 업종은 제외

 ◦ 공고일 기준 고용보험 가입자 및 휴업 중 인 자(기업)
 ◦ 공고일 기준 최근 1년 이내 동일 업종을 폐업한 후 동일 업종으로 재 창업한 자
 ※ 다만, 사업 목적상 필요하다고 인정되는 경우 예외 인정 가능
 ◦ 기타 동구청장이 참여제한의 사유가 있다고 인정하는 자(또는 기업)
 ※ 공동대표 또는 각자대표로 구성된 기업은 대표자 전원이 ‘지원조건’을 갖추고‘지원 제외 
    대상’에 해당되지 않아야 함.","①제출 서류 목록 ②사업 신청서 ③사업계획서 ④개인정보 수집 이용제공 동의서 
⑤성실의무 이행확약서 ⑥사업자등록증명원 ⑦법인등기부등본(법인일 시) ⑧주민등록 
 초본(최근 5년, 주민번호 표시) ⑨사실증명 ⑩2025년 부가가치세 과세표준증명원 
⑪국세 완납증명서 ⑫지방세 완납증명서 ⑬고용보험 자격이력 내역서 ⑭창업 관련 자격증, 수료증 등","□ 신청접수
 ❍ 신청기간 : 2026. 8. 10.(월) ~ 8. 28.(금) 18:00 까지  
 ❍ 신청방법 : 이메일 (bunnyqu@korea.kr) 접수 ※ 이메일 접수 후 반드시 수신 여부 확인
  - 신청서 및 사업계획서는 HWP 파일과 PDF 파일을 함께 제출하여야 함",https://youth.gwangju.go.kr/www/50?siteId=www&policyId=1422&url=%2Fwww%2Fpolicy%2FgjYgPolicyView,main,primary,2026년청년창업성장육성프로젝트지원사업청년창업자모집공고,전남광주통합특별시,20260810 ~ 20260828~,일자리,창업
youth,20260812005400213329,2026년 청년정책 종합상담 참여자 모집,청년 개인 상황에 맞는 맞춤형 1:1 정책 상담 진행,복지/문화,전남광주통합특별시,전남광주통합특별시,0013010 | 0049010,청년,만 19세 ~ 만 39세,19,39,,소득조건코드=0043001 / 소득범위=0~0,,"○ 맞춤형 정책상담
· 청년 개인 상황에 맞는 맞춤형 1:1 정책 상담 진행

○ 참여혜택
· 상담 참여자 선착순 100명 대상 광주청년센터 키링 제공
· 정책 참여자 선착순 50명 대상 3만원 상당 기프티콘 제공",20260701,20261211,,,"1. 중앙청년지원센터 홈페이지 상단 메뉴에서 「청년정책종합상담」 메뉴 선택
2. 상담 신청 페이지에서 신청서를 작성
3. 신청이 완료되면 담당자가 접수 내용을 확인한 후 상담 일정을 안내",https://nysc.or.kr/nysc/,main,primary,2026년청년정책종합상담참여자모집,전남광주통합특별시,20260701~20261211,금융･복지･문화,취약계층 및 금융지원
youth,20260810005400113328,산림산업 창업지원_청년 산림창업가 시너지캠프,산림분야 청년들의 창업 역량강화 및 신규시장 진입을 지원하기 위해 ‘2026년 청년 산림창업가 시너지캠프’ 개최,인력/일자리,산림청,한국임업진흥원,0013006 | 0049010,청년,만 19세 ~ 만 39세,19,39,,소득조건코드=0043001 / 소득범위=0~0,,"🌳 2026 청년 산림창업가 시너지캠프 참가자 모집 🌳
산림분야 청년들의 창업 역량강화 및 신규시장 진입을 지원하기 위해 ‘2026년 청년 산림창업가 시너지캠프’를 개최합니다. 
아래 내용을 확인하시고 관심 있는 청년들의 많은 지원 바랍니다.

📌 행사 안내
✔ 행 사 명 : 2026년 청년 산림창업가 시너지캠프
✔ 일 시 : 2026. 9. 3.(목) ~ 9. 4.(금), 1박 2일
✔ 장 소 : 국립대전숲체원 (대전광역시 유성구 숲체원로 124)
✔ 모집인원 : 산림분야 청년 (예비·초기) 창업자 30명 (공고일 기준 만 19세 ~ 39세 이하)
✔ 주요내용 : ① 산림분야 신생 창업기업 전문가 특강 ② 6대 핵심분야(사업모델 고도화, 고객발굴, 마케팅, 지원사업 활용, 공공시장 진출 전략, 투자유치) 그룹별 멘토링 ③ 선배 창업자와의 상호소통 강연 및 1:1 상담부스 운영
✔ 혜 택 :
참가비 전액 무료 지원 (숙소 및 식비 포함)
2027년도 청년 산림창업 마중물 지원사업 서류 가점 부여
✔ 접수기간 : 2026. 8. 10.(월) ~ 8. 25.(화) (신청서 작성 후 구글폼 제출, 추첨을 통한 선정)
신청 접속 링크 : https://forms.gle/mQZEGDmkF9JUAyYS8
✔ 선정발표 : 2026. 8. 27.(목) ~ 8. 31.(월) 최종 선정자 대상 개별 안내 예정
요청 자료(신청서 등) 미제출 시 선정이 취소될 수 있습니다.
✔ 문 의 처 : 시너지캠프 운영사무국 (☎ 070-4640-0333)",20260810 ~ 20260825,20260904,,[붙임] 시너지캠프 신청서 작성 및 구글폼(신청사이트 URL) 제출,"신청서 작성 후 구글폼 제출, 추첨을 통한 선정",https://www.kofpi.or.kr/notice/notice_01view.do,main,primary,산림산업창업지원청년산림창업가시너지캠프,산림청,20260810 ~ 20260825~20260904,일자리,창업
youth,20260810005400213327,2026년 청년 IT 자격증 취득지원 프로그램 수강생 모집,2026년 9월 2일부터 10월 16일까지 청년들의 역량 제고 및 취업경쟁력 향상을 위해 청년IT자격증 취득지원 프로그램을 운영하오니 많은 관심과 참여 바랍니다.,인력/일자리,전남광주통합특별시,전남광주통합특별시,0013010 | 0049010,청년,만 19세 ~ 만 39세,19,39,,소득조건코드=0043001 / 소득범위=0~0,,"○ AI시대 새로운 기회 창업 아카데미
· AI 창업트렌드
· 노코드 기반 시제품 개발
· AI활용 비즈니스 모델
· AI 발표자료 제작
· 정부지원사업 로드맵
· 수·목요일 저녁 6시~9시, 10회차

○ AI콘텐츠 크리에이터 양성교육
· AI 이미지 제작 & 3D 에셋 추출
· 포토그래메트리 3D 생성 & 가공
· AI 시나리오 & 영상제작 테크닉
· 수요일·금요일 14:00~17:00, 10회차
· 수강료 무료",20260804 ~ 20260901,        ,,,"○ 신청방법
· QR신청 또는 문의처로 연락
· 방문접수: 남구청 일자리정책과 청년정책팀
· 이메일접수: dbswl0980@korea.kr",https://youth.gwangju.go.kr/www/50?siteId=www&policyId=1420&url=%2Fwww%2Fpolicy%2FgjYgPolicyView,main,primary,2026년청년it자격증취득지원프로그램수강생모집,전남광주통합특별시,20260804 ~ 20260901~,일자리,창업
youth,20260810005400213326,사회연대경제 청년 일경험사업 시범사업(3차),"○ 사회연대경제 청년 일경험 시범사업 참여청년 3차 모집
· 미취업 청년에게 사회연대경제 분야 일경험 기회 제공
· 노동시장 진입 기반 마련
· 진로탐색 및 직무역량 강화 지원",인력/일자리,전남광주통합특별시,전남광주통합특별시,0013010 | 0049010,청년,만 19세 ~ 만 39세,19,39,,소득조건코드=0043001 / 소득범위=0~0,,"○ 직무교육
· 교육시간: 총 20시간(1일 최대 8시간 편성)
· 교육내용: 사회연대경제 이해 및 직무 기초역량 강화, 참여청년 직무 분야별 실무교육, 진로 연계 등
· 수료기준: 교육시간의 90% 이상 출석

○ 일경험 프로그램
· 근로기간: 2026. 8. 24. ~ 2027. 1. 23.
· 근로시간: 주 5일(주 40시간), 1일 8시간(9:00~18:00)
· 휴게시간: 12:00~13:00(1시간)
· 임금수준: 월 234만원(유급주휴 포함, 세전)
· 급여공제: 근로소득세, 지방소득세, 근로자 부담 4대 보험료 등

○ 청년밀착형 프로그램
· 상시상담: 현장적응 지원, 고충 상담, 진로탐색, 심리･정서적 안정 지원

○ 멘토링 프로그램
· 진로탐색: 직무수행, 진로탐색 등을 지원하기 위한 1:1 멘토 지정",20260807 ~ 20260813,20270123,"○ 참여제한
· 사업자등록이 있는 자
· 타 부처 또는 지방정부의 취업 관련 지원사업에 참여 중인 자
· 참여 신청일 기준 6개월 내 해당 참여기업에서 근무한 이력이 있는 자
· 배우자, 직계존비속 또는 형제자매가 참여기업 사업주(대표자)인 자
· 허위 기타 부정한 방법으로 정부(국가·지방정부) 일경험 사업에 참여한 자
· 단순 변심으로 청년 일경험 사업에 참여하여 2회 이상 중도이탈한 자
· 대한민국 국적을 보유하지 않은 자",☞ 자세한 내용은 붙임파일을 확인해주시기 바랍니다,"○ 신청방법
· 고용24 온라인신청
· https://m.site.naver.com/29ZAK",https://m.site.naver.com/29ZAK,main,primary,사회연대경제청년일경험사업시범사업3차,전남광주통합특별시,20260807 ~ 20260813~20270123,일자리,취업
youth,20260807005400213325,2026 제4회 멘토러닝톡,"○ 웰니스 전문가와 함께 스트레칭과 러닝을 직접 체험하며 건강한 일상을 만드는 방법 안내
○ 러닝 후 샌드위치 만들기, 커피와 함께 참여자 간 네트워킹 진행",복지/문화,전남광주통합특별시,전남광주통합특별시,0013010 | 0049010,청년,만 19세 ~ 만 39세,19,39,,소득조건코드=0043001 / 소득범위=0~0,,"○ Part 1. 웰니스 라이프
· 웰니스란?
· 건강한 습관 만들기
· 안전한 러닝을 위한 기능성 트레이닝
○ Part 2. 웰니스 체험
· 스트레칭 및 몸풀기
· 함께하는 러닝
· 샌드위치 만들기 및 커피챗(청년 네트워킹)
○ 참가비
· 무료",20260804 ~ 20260810,20260814,"○ 준비물
· 활동하기 편한 복장과 운동화",,"○ 아지트 홈페이지 신청
· [프로그램] → [멘토러닝톡] → [프로그램 신청] 클릭",https://gjdgit.kr/program/detail/86,main,primary,2026제4회멘토러닝톡,전남광주통합특별시,20260804 ~ 20260810~20260814,금융･복지･문화,건강
youth,20260806005400213323,「광산형 당신근처일자리」 지속일자리 분야(3기),"○ 지역 기반 민간플랫폼(당근)을 활용하여 내 집 근처 공공일자리 참여
· 다양한 일 경험과 참여에 따른 보상 지급",인력/일자리,전남광주통합특별시,전남광주통합특별시,0013010 | 0049010,청년,만 18세 ~ 만 99세,18,,,소득조건코드=0043001 / 소득범위=0~0,,"○ 공공일자리 참여
· 개별입지 현황조사, 활력옷장 2호점 운영, 이동노동자 쉼터 ‘쉬소’ 관리, 작은도서관 활동가, 더하기센터 운영지원, 가로환경 정비, 생활폐기물 불법투기 지킴이 활동가, 행정복지센터 주차관리, 민원 행정업무 보조 등

○ 수당조건
· 시간당 13,303원(생활임금)",20260812 ~ 20260814,        ,,,"○ 신청방법
· <당근앱>을 통한 신청
· 1인 1곳만 신청 가능

○ 신청경로
· 핸드폰 ⇨ 앱스토어 ⇨ 당근앱 다운 ⇨ 당근앱 클릭 ⇨ 알바 ⇨ 배너 <광산구청 지속, 단기 일자리 지원하세요> 클릭 ⇨ 지원",https://youth.gwangju.go.kr/www/50?policyId=1417&url=%2Fwww%2Fpolicy%2FgjYgPolicyView,main,primary,광산형당신근처일자리지속일자리분야3기,전남광주통합특별시,20260812 ~ 20260814~,일자리,취업
youth,20260806005400213322,2026년 고립 청년 일상회복 지원 사업,"○ 청년 고립 예방 일상회복 프로그램
· RESET 다시, 연결
· 새로운 경험 속에서 나를 돌보는 시간
· 혼자 밥 먹고, 혼자 쉬고, 혼자 고민하던 청년 대상 일상회복 지원",복지/문화,전남광주통합특별시,전남광주통합특별시,0013010 | 0049010,청년,만 19세 ~ 만 39세,19,39,,소득조건코드=0043001 / 소득범위=0~0,,"○ 총 6회 프로그램 운영
· 정리수납: 2026. 8. 10.(월)
· AI 툴 배우기: 2026. 8. 18.(화)
· TCI 기질검사: 2026. 8. 24.(월)
· 건강한 반찬 만들기: 2026. 8. 31.(월)
· 숙면베개 만들기: 2026. 9. 7.(월)
· 반려식물 만들기: 2026. 9. 14.(월)

○ 참여혜택
· 집으로 찾아가는 1:1 정리수납 컨설팅",20260728 ~ 20260807,        ,,,○ 신청 페이지 URL 접속 또는 QR코드 스캔,https://youth.gwangju.go.kr/www/50?siteId=www&policyId=1415&url=%2Fwww%2Fpolicy%2FgjYgPolicyView,main,primary,2026년고립청년일상회복지원사업,전남광주통합특별시,20260728 ~ 20260807~,금융･복지･문화,취약계층 및 금융지원
youth,20260806005400213321,서구 청년 천원 복비(부동산 중개보수) 지원사업,"○ 무주택 청년 주거 이동 빈도 증가로 인한 초기 정착비용 부담 완화
○ 청년의 안정적인 주거 정착 지원",주거,전남광주통합특별시,전남광주통합특별시,0013010 | 0049010,청년,만 19세 ~ 만 39세,19,39,,소득조건코드=0043001 / 소득범위=0~0,,"○ 주택 임대차 중개보수 지원
· 최대 30만원 이내 지원
· 본인부담금 1천원 제외 금액 지급
· 전남광주통합특별시 서구 소재 거래금액 1억원 이하 주택 임대차계약 체결 건
· 신청인 중개보수 우선 지급 후 증빙서류 제출 시 지원",20260701 ~ 20261231,        ,,☞ 자세한 내용은 붙임파일을 확인해주시기 바랍니다,"○ 신청인
· 대상자 본인 및 대리인(가족)
○ 접수방법
· 방문: 동행정복지센터
· 온라인: 일자리청년지원과 온라인 접수
· 이메일: satang2526@korea.kr",https://youth.gwangju.go.kr/www/50?siteId=www&policyId=1416&url=%2Fwww%2Fpolicy%2FgjYgPolicyView,main,primary,서구청년천원복비부동산중개보수지원사업,전남광주통합특별시,20260701 ~ 20261231~,주거,전월세 및 주거급여 지원
youth,20260806005400213320,2026년 하반기 광양청년꿈터 드림클래스 학과운영자 모집,"지역 청년들이 강사가 되어 자신의 지식과 경험을 나누는 동시에 강사로서의 역량을 키울 수 있도록 지원
- 강사비 및 재료비 지원",교육/멘토링,전남광주통합특별시,전남광주통합특별시,0013010 | 0049010,청년,만 18세 ~ 만 45세,18,45,,소득조건코드=0043001 / 소득범위=0~0,,"지역 청년들이 강사가 되어 자신의 지식과 경험을 나누는 동시에 강사로서의 역량을 키울 수 있도록 지원
- 강사비 및 재료비 지원",20260805 ~ 20260819,        ,,,"광양청년꿈터 전자우편 접수 또는 방문접수

전자우편: youthdreamgy@gmail.com
방문접수: 광양시 오류5길 8, 광양청년꿈터 사무실(1층)",https://youth.gwangju.go.kr/www/50?siteId=www&policyId=1414&url=%2Fwww%2Fpolicy%2FgjYgPolicyView,main,primary,2026년하반기광양청년꿈터드림클래스학과운영자모집,전남광주통합특별시,20260805 ~ 20260819~,교육･직업훈련,온·오프라인교육
youth,20260803005400213317,(광양시)광양청년꿈터 드림클래스,지역 청년들이 강사가 되어 자신의 지식과 경험을 나누는 동시에 강사로서의 역량을 키울 수 있도록 지원,교육/멘토링,전남광주통합특별시 광양시 미래산업국,전남광주통합특별시 광양시 미래산업국,0013010 | 0049010,청년,만 18세 ~ 만 45세,18,45,광양청년꿈터 청년DB 및 국무조정실 청년인재DB 등록 완료자,소득조건코드=0043001 / 소득범위=0~0,,"(강사) 강의 기회 제공, 강사비 및 재료비 지원
(수강자) 드림클래스 수강 기회 제공",        ,        ,광양청년꿈터 청년DB 및 국무조정실 청년인재DB 등록 완료자,,,https://gwangyang.go.kr/youth/kr/board/view.do?bbsId=BBS_000000000000000&nttId=6906&menuNo=102002000000,main,primary,광양시광양청년꿈터드림클래스,전남광주통합특별시광양시미래산업국,,교육･직업훈련,미래역량강화
youth,20260803005400213315,청년온가 2026년 정기 입주자 모집 재공고,"광산구가 미취업청년의 성공적인 자립과 미래를 위해 준비한 청년 빌드업스테이 광산청년온(溫)가(家)에서 2026년 정기 입주자를 아래와 같이 모집하오니 미취업 청년들의 많은 관심과 도전 바랍니다.
□ 모집개요
o 모집대상 : 미취업 청년(19~39세) 총 3명(남성·여성 청년 총 3명)
o 모집기간 : 2026. 5. 14.(목) ~ 충원 시 까지
o 내 용
- 청년 1인 1호실 독립공간 무료 제공
- 자립역량 교육 : 혼밥 식단관리, 개별 심리상담, 동아리활동 지원, 재무관리, 구 직기술 및 직무역량 강화 등
- 취업역량교육 : 청년정책 사업 연계, 구직활동 지도, 일경험 프로그램 운영
o 신청방법 : 이메일 접수(youth-onga@naver.com)
o 문 의 처 : ☎062-710-7717 (광산 청년온가)",주거,전남광주통합특별시,전남광주통합특별시,0013010 | 0049010,청년,만 19세 ~ 만 39세,19,39,,소득조건코드=0043001 / 소득범위=0~0,,"o 내 용

- 청년 1인 1호실 독립공간 무료 제공

- 자립역량 교육 : 혼밥 식단관리, 개별 심리상담, 동아리활동 지원, 재무관리, 구 직기술 및 직무역량 강화 등

- 취업역량교육 : 청년정책 사업 연계, 구직활동 지도, 일경험 프로그램 운영
[출처] 청년온가 2026년 정기 입주자 모집 재공고|작성자 광산 청년온가",20260730,20261231,,,o 신청방법 : 이메일 접수(youth-onga@naver.com),https://blog.naver.com/youth-onga/224285460127,main,primary,청년온가2026년정기입주자모집재공고,전남광주통합특별시,20260730~20261231,주거,주택 및 거주지
youth,20260731005400213314,[8월 마감] 2026년 구직청년 자격증 취득지원 사업(9월 1일 10시 접수 예정),구직활동에 필요한 어학(능력)·자격증 시험 응시료 지원,교육/멘토링,전남광주통합특별시,전남광주통합특별시,0013010 | 0049010,청년,만 19세 ~ 만 39세,19,39,,소득조건코드=0043001 / 소득범위=0~0,," ※ 단계별 시험(필기,실기 등)은 명칭과 상관 없이 합산 신청 가능(개별 신청하여 지급 완료 시, 당해 연도 추가 신청 및 소급 지원 불가)

❍ 지원분야
  - 한국사 및 어학능력시험 : 국사편찬위원회 주관 한국사 시험 및 어학능력시험 20종 
  - 국가기술자격증 : 「국가기술자격법」시행규칙 별표2에 따른 국가기술자격증
  - 국가전문자격증 : 한국산업인력공단(Q-net) 국가자격 종목별 상세정보 참고 /*자동차운전면허 제외
  - 국가공인자격증 : 민간자격정보서비스에 등록된 &apos;공인&apos;자격증 /* 민간자격정보서비스 상의 구분이 &quot;부분공인&quot;이라면 국가공인 등급(급수) 취득 및 해당 성적 달성 시에 한하여 지원 가능 /* 민간자격정보서비스 상의 구분이 &quot;등록&quot;이라면 지원 제외 ",20260803,20261231,,"1. 주민등록표 초본: 신청월 발급본, 발생일/신고일 포함, 마지막장까지 제출
2. 건강보험 자격득실 확인서: 신청월 발급본, 발급시 조회 조건 전체
*건강보험 자격득실 확인서 가입자구분이 구분없음일 때 고용보험자격이력내역서로 대체 제출
3. 응시사실 증명서류: 응시 확인서 또는 성적표
*성명, 응시일, 자격종목(명) 등 확인할 수 있는 서류(시험 접수증, 수험표 불인정)
*민간자격정보서비스상 구분이 ‘부분공인’인 종목은 국가공인 자격증 사본 또는 공인 등급이 명시된 성적표 제출 
4. 결제영수증
*결제 금액, 일시, 승인번호, 거래처 등이 포함된 영수증(시험 사이트에서 발급된 영수증 불인정)
5. 통장 사본: 은행명, 성명, 계좌번호 표기

※ 서류 보완이 필요한 경우, 보완 요청을 할 수 있음(기한 내(보완요청일 기준 3일) 미제출시 부적격처리)",시험 응시 → 전남광주통합특별시청년통합플랫폼 접수 → 제출 서류 확인 (자격심사 및 중복지원여부 조회) → 선정안내 및 만족도조사 → 지원금 지급(익월 10일),https://youth.gwangju.go.kr/www/50?siteId=www&policyId=1408&url=%2Fwww%2Fpolicy%2FgjYgPolicyView,main,primary,8월마감2026년구직청년자격증취득지원사업9월1일10시접수예정,전남광주통합특별시,20260803~20261231,교육･직업훈련,교육비지원
youth,20260729005400213313,전남광주 기후에너지 JOB 스쿨 참가자 모집,"○ 기후에너지 분야 직업 탐색 프로그램
· 지역 대학생 및 청년 대상 기후·에너지 관련 직업 및 취업정보, 최신 트렌드 파악 교육 과정 운영
· 교육명: 전남광주 기후에너지 JOB 스쿨",인력/일자리,전남광주통합특별시,전남광주통합특별시,0013010 | 0049010,청년,만 19세 ~ 만 39세,19,39,,소득조건코드=0043001 / 소득범위=0~0,,"○ 교육비 무료

○ 참여혜택
· 전체의 80%(13시간) 이상 수강 시 기후에너지진흥원장 명의 이수증 발급
· 점심 식사, 교육 교재 및 현장 탐방 차량 지원

○ 교육 프로그램
· 이론강의: 광주기후에너지진흥원 소개 및 탐방, 차세대 에너지 리터러시, AI 시대의 전기 에너지, 기후테크 스타트업 사례
· 현장탐방: 한국전력공사·한전KDN, 한국에너지공단 광주전남지역본부, ㈜레플러스·RE100 메가스테이션
· 취업정보: 생성형 AI 활용 취업전략",20260723 ~ 20260806,        ,,☞ 자세한 내용은 붙임파일을 확인해주시기 바랍니다,○ 신청방법 : 온라인 신청(선착순) / https://forms.gle/2qzzCSAu5EyaEEJi7,https://youth.gwangju.go.kr/www/50?siteId=www&policyId=1413&url=%2Fwww%2Fpolicy%2FgjYgPolicyView,main,primary,전남광주기후에너지job스쿨참가자모집,전남광주통합특별시,20260723 ~ 20260806~,일자리,취업
youth,20260728005400213311,전남광주 청년 문화복지카드,"전남광주통합특별시 22개 시·군에 거주하는 청년을 대상으로 공연관람, 학원수강, 도서구입 등을 위한 문화복지비 연 25만원 지원",복지/문화,전남광주통합특별시,전남광주통합특별시,0013010 | 0049010,청년,만 19세 ~ 만 29세,19,29,,소득조건코드=0043001 / 소득범위=0~0,,청년의 문화생활 향유 및 자기계발 지원 위한 문화복지비 연 25만원 지원 ,20260803 ~ 20260831,        ,,"사업신청서, 개인정보동의서, 주민등록초본, 건강보험자격득실확인서 등","(시 거주자) 광주은행 홈페이지 또는 주소지 읍·면·동사무소 방문신청
(군 거주자) 농협카드 홈페이지 또는 주소지 읍·면·동사무소 방문신청",https://card.nonghyup.com/,main,primary,전남광주청년문화복지카드,전남광주통합특별시,20260803 ~ 20260831~,금융･복지･문화,문화활동 및 생활지원
youth,20260728005400213310,2026년 하반기 임신부 가사지원서비스 지원사업,○ 임신부의 가사 어려움을 덜어주고 출산 준비를 돕기 위한 가사지원서비스 지원사업,복지/문화,전남광주통합특별시,전남광주통합특별시,0013010 | 0049010,청년,만 1세 ~ 만 99세,,,,소득조건코드=0043001 / 소득범위=0~0,,"○ 가사 지원 또는 정리수납 서비스 이용 지원
· 임신부 거주지 내 청소, 정리정돈 등 가사 지원 또는 정리수납 서비스 이용 지원
· 전남광주통합특별시 자치구 내 주소지 공간 사용만 인정
· 임신부 1인 기준 최대 200천원 한도 내 지원
· 초과 비용 본인부담

○ 지원방법
· 가사서비스 이용 후, 이용금액 청구",20260728 ~ 20260930,20261231,"○ 신청자격
· 임신부 본인
· 부득이한 경우 가족 대리신청 가능
· 대리 신청 시 가족관계증명서 등 첨부

○ 지원 제한
· 2026년 상반기 신청자 지원 불가
· 사인 간 가족, 친인척 등의 서비스 제공방식 불가
· 출산 후 이용 불가
· 중복 신청 및 청구 불가",☞ 자세한 내용은 붙임파일을 확인해주시기 바랍니다,"○ 온라인시스템 신청
· 신청처: https://jngji.kr
· 홈페이지 접속 > 광주권역 거주자 > 임신부 가사지원서비스 > 임신부 본인 인증 및 개인정보 동의 > 신청서 작성 > 구비서류 첨부 > 신청",https://www.xn--hc0by27bu6atul3dc6t.kr/main/housework,main,primary,2026년하반기임신부가사지원서비스지원사업,전남광주통합특별시,20260728 ~ 20260930~20261231,금융･복지･문화,건강
youth,20260728005400213309,2026년 찬찬히 청년 사회생활(정서·심리)지원 캠퍼스 참여자 모집,"○ 찬찬히 청년을 위한 맞춤형 평생학습 프로그램
· 또래 친구들과 소그룹으로 함께하며 자기 이해 및 사회생활에 필요한 소통법 학습
· 정서조절, 대인관계, 문제해결 등 사회생활 역량 강화",복지/문화,전남광주통합특별시,전남광주통합특별시,0013010 | 0049010,청년,만 18세 ~ 만 34세,18,34,,소득조건코드=0043001 / 소득범위=0~0,,"○ 그룹형 교육과정 운영 및 통합 힐링 워크샵 병행
· 자아존중감 향상
· 정서 및 스트레스 조절
· 의사소통
· 대인관계
· 문제해결 역량 강화
※ 필요시 개인의 성향·특성에 맞는 개별 개입 병행",20260720 ~ 20261231,        ,,,"○ 네이버폼을 통한 온라인 접수
· https://naver.me/x3cfS0qQ",https://youth.gwangju.go.kr/www/50?siteId=www&policyId=1411&url=%2Fwww%2Fpolicy%2FgjYgPolicyView,main,primary,2026년찬찬히청년사회생활정서심리지원캠퍼스참여자모집,전남광주통합특별시,20260720 ~ 20261231~,금융･복지･문화,건강
youth,20260728005400213308,[남구] 구직청년 증명사진 촬영지원,[남구] 구직청년 증명사진 촬영지원,인력/일자리,전남광주통합특별시,전남광주통합특별시,0013010 | 0049010,청년,만 19세 ~ 만 39세,19,39,,소득조건코드=0043001 / 소득범위=0~0,,"❍ 지원기간 : 2026. 7. ~ 12.   ※ 예산 소진 시 조기 마감
❍ 지원대상 : 신청일 기준 청년 구직자로서, 본인이 남구 주민이거나 남구 소재 대학교에 재(휴)학 중인 청년
❍ 지원내용 : 이력서(면접)용 증명사진 무료 촬영 지원(1인 연 1회)
❍ 지원절차 : 신청(방문·이메일) → 승인(통보) → 사전예약 및 촬영 
❍ 촬영업체 : 아래 사진관 중 택1 하여 신청

  1) 고운날사진관  (남구 효천중앙로 62, 203호 / 062-710-0040)
  2) 노블스튜디오 (남구 서문대로 676, 2층 / 062-651-7154)
  3) 더인스튜디오 (남구 효우로 79, 6층 602호 / 062-672-5819)
  4) 블루레코드     (남구 독립로 20, 3층 / 0507-1332-2574)
  5) 연리지스튜디오 (남구 봉선로 1, 지하 1층 / 062-376-7343)",20260727 ~ 20261218,        ,,,"1) 신청 및 접수
   - 신청기간: 2026. 7. 27. ~ 12. 18.    ※ 예산 소진 시 조기 종료
   - 신청방법: 방문 또는 이메일 신청
     · 방  문: 남구청 일자리정책과 청년정책팀(남구 봉선로 1, 6층)
     · 이메일: iljari1234@korea.kr
   - 구비서류: ① 증명사진 촬영 지원 신청서 ② 워크넷 구직등록확인증③ 주민등록초본(1년 포함) 또는 대학교 재(휴)학 증명서 1부
 2) 선    정: 대상 요건(연령, 거주기준 등) 검토 및 선정(개별통보)
 3) 촬영예약: 촬영일시 확인 등 촬영업체에 신청자가 유선예약 실시
     ※ 선정 안내일로부터 1개월 이내에 촬영하지 않을 경우, 선정 취소 및 예비순번 대상자 선정",https://youth.gwangju.go.kr/www/51?siteId=www&plcyNo=20260728005400213308&url=%2Fwww%2Fpolicy%2FallYgPolicyView,main,primary,남구구직청년증명사진촬영지원,전남광주통합특별시,20260727 ~ 20261218~,일자리,취업
youth,20260724005400113307,청년 자금지원을 위한 햇살론유스 운영,저소득 청년층을 위한 보증부대출,복지/문화,금융위원회,전국,0013010 | 0049010,청년,만 19세 ~ 만 34세,19,34,,소득조건코드=0043002 / 소득범위=0~3500,,대학생·청년층의 금융애로를 해소하고 향후 제도권 금융으로 안착할 수 있도록 지원 ,        ,        ,,,"서민금융진흥원 앱에서 보증신청을 먼저 진행한 뒤, 협약은행에서 대출신청·실행을 진행
(상세사항은 서민금융진흥원 홈페이지 참조)",https://www.kinfa.or.kr/financialProduct/hessalLoanYoos.do,main,primary,청년자금지원을위한햇살론유스운영,금융위원회,,금융･복지･문화,취약계층 및 금융지원
youth,20260724005400213306,군복무 인천청년 상해보험 지원,군복무 청년들의 불의의 사고에 대비하는 상해보험을 지원하여 본인과 가족의 사회안전망 확보,복지/문화,인천광역시 청년정책담당관,인천광역시,0013010 | 0049010,청년,만 18세 ~ 만 39세,18,39,-,소득조건코드=0043001 / 소득범위=0~0,,"○ 보장내용 
  - 상해사망 : 보험기간 내 상해로 사망한 경우 1,000만원 보장
  - 상해후유장해 : 보험기간 내 상해로 후유장해가 발생한 경우 장해지급률(3~100%)에 따라 최대 1,000만원 보장
  - 질병사망 : 보험기간 내 질병으로 사망한 경우 1,000만원 보장
  - 질병후유장해 : 보험기간 내 질병으로 80% 이상의 후유장해가 발생한 경우 최대 1,000만원 보장
  - 중증장해진단비 : 보험기간 내 상해로 장해지급률이 100%에 해당되는 고도후유장해 진단시 1,000만원 보장
  - 상해입원(일당) : 보험기간 내 상해로 인한 1일이상 입원시(180일 한도) 1만 5천원 보장
  - 질병입원(일당) : 보험기간 내 질병으로 인한 1일이상 입원시(180일 한도) 1만 5천원 보장
  - 정신질환위로금 : 보험기간 중 정신질환으로 진단 확정 시 보험가입금액 100만원 지급(1회한)
  - 손/발가락 수술비 : 보험기간 내 상해·질병으로 인하여 특정 손/발가락 수술 시 20만원 보장(1회한)
  - 골절발생위로금(회당) : 보험기간 내 사고로 인한 골절진단 시 10만원 보장(치아파절 제외)
  - 화상발생위로금(회당) : 보험기간 내 사고로 인한 화상진단 시 10만원 보장(심재성 2도 이상 화상)
  - 외상성절단진단비 : 보험기간 내 사고로 인한 외상성 절단 진단 확정 시 50만원 보장(1회한) * 2026년 추가
  - 상해사망장례지원금 : 보험기간 내 상해로 사망하여 장례비가 발생한 경우 100만원 보장  *2026년 추가

★보장항목에 따라 메리츠화재해상보험과 KB손해보험이 보장금액을 나눠서 지급하여 각각 안내 전화를 받으실 수 있습니다.",,,"◎보험기간 내 발생한 피해에 대하여 보상
  - 2024년 보험기간 : 3.1.~12.31. / 2025년 보험기간 : 1.1.~12.31. / 2026년 보험기간 : 1.1 ~ 12. 31.
  (휴가, 외출을 포함한 군복무 기간 중 치료에 대하여 보상 및 청구 가능, 전역 후 치료 사항 보상 불가)


◎제출서류 (보험사에 따라 추가 서류 요구가 있을 수 있습니다)
   - 보험금 청구서, 개인정보 수집, 이용 및 제3자 제공 동의서  - 첨부 서류 확인
   - 주민등록등본(진단 당시 인천시민임을 증빙할 수 있는 서류)
   - 복무확인서 또는 병적증명서
   - 신분증 사본 및 통장사본(신청자 명의)
   - 초진진료차트(최초 진단받은 병원에서 발급)
   - 청구 항목에 따른 필요서류 (접수센터 문의 및 하단 참고)

※ 청구유형별 구비서류
 가. 사망보험금 : ①기본증명서, 가족관계증명서(사망사실기재, 망인기준) ②사체검안서 또는 사망진단서 ③위임장 및 인감증명서 (상속자 모두 기재)
 나. 장해보험금
                           ①AMA방식 후유장해진단서(장애인복지법상의 장애진단서는 해당 안됨)",,"○ 보험금 청구 안내
 ▸보험 청구기간 3년 내 보험사로 청구(3년 내 미청구시 청구권 소멸)   
 ▸접수센터 : ☎ 070-4693-1655 또는 070-8892-3786
 ▸접수방법 : (팩스) 070-4758-8556 (이메일) a18997751@hanmail.net
                     (우편] [06732] 서울특별시 서초구 서운로 13, 중앙로얄빌딩 19층 1902호 사병보험 접수센터 
      ※ 팩스, 이메일, 우편 중 선택하여 접수 가능(단, 사망, 후유장해 청구건은 원본 서류 우편 접수 원칙)",https://youth.incheon.go.kr/youthpolicy/youthPolicyInfoDetail.do?poly_seq=394,main,primary,군복무인천청년상해보험지원,인천광역시청년정책담당관,,금융･복지･문화,취약계층 및 금융지원
youth,20260724005400213304,2026년 찾아가는 청년주거 상담소(국토교통부),"주거교육을 희망하는 청년층을 대상으로 부동산 계약, 주택도시기금 대출, 공공·민영주택 청약 등 청년층이 필요로 하는 주거정책 및 관련 정보를 제공",복지/문화,인천광역시 청년정책담당관,인천광역시,0013010 | 0049010,청년,만 18세 ~ 만 39세,18,39,-,소득조건코드=0043001 / 소득범위=0~0,,"○ 행사일시: 2026. 6. 18.(목) 14:00 ~ 16:00
○ 행사장소: 인천광역시청 본관 2층 대회의실
○ 행사일정
- 14:00 ~14:05(5‘)  : 개회 및 프로그램 안내, 국토부
- 14:05 ~14:25(20‘) : 사회초년생을 위한 부동산 계약 교육, 자문위원(공인중개사)
- 14:25 ~14:45(20‘) : 부동산 금융 및 전세사기 방지 교육, 주택도시보증공사
- 14:45 ~15:05(20‘) : 공공주택‧청약 관련 교육, 한국토지주택공사
- 15:05 ~15:25(20‘) : 민영주택‧청약 관련 교육, 한국부동산원
- 15:25 ~15:55(30‘) : 분야별 주거상담(청약, 전세사기, 금융), 각 분야 강사
- 15:55 ~16:00(5‘)   : 단체사진 촬영 및 폐회, 참석자 전원",,,"온라인 접수는 6.16 까지 이며, 참여를 희망하는 경우 현장 등록 가능",,,https://youth.incheon.go.kr/youthpolicy/youthPolicyInfoDetail.do?poly_seq=461,main,primary,2026년찾아가는청년주거상담소국토교통부,인천광역시청년정책담당관,,금융･복지･문화,취약계층 및 금융지원
youth,20260724005400213303,(검단구) 인천시 청년월세 지원사업,경제적 어려움을 겪는 청년들의 주거비용 부담 경감,주거,인천광역시 청년정책담당관,인천광역시,"○ 부모와 함께 거주(원가구와 세대분리하지 않은 자)하는 경우
○ 주택 소유자(분양권, 입주권 포함) 
○ 직계존속, 형제, 자매 등 2촌이내 주택을 임차한 경우(배우자의 2촌 이내 혈족 포함)
○ 공공주택특별법에 따른 공공임대주택 거주자
○ 1실(방)에 다수가 거주하는 방식의 전대차인 경우
○ 전국 지자체 월세사업 또는 국토부 시행 월세지원사업 수혜 중인자 등(수혜종료 후 신청가능)
○ 과거 국토부가 시행한 청년월세 한시 특별지원에 선정되어 이미 24개월 수혜 받은 자 | 0013010 | 0049010",청년,만 35세 ~ 만 39세,35,39,"◎ 소득 : (청년독립가구) 기준 중위소득 60%이하 (원가구) 기준 중위소득 100% 이하
◎ 재산 : (청년독립가구) 재산 122백만원 이하 (원가구) 재산 470백만원 이하
◎ 주택 : 전입신고 필수            ※ 월세 임차보증금 5천만원 및 월세 70만원 이하 요건 폐지(2024.4.12.~시행)] 
  ※ 제출된 신청서를 토대로 공적자료 조회(조사시점 기준 적용)

<가구구성 방법>
 (청년독립가구) 청년 + 배우자 + 직계비속 + 동일 주소지에 거주하는 그 외 「민법」상 가족* 
 (원가구) 청년독립가구 + 1촌 이내 직계혈족(부,모)
 * (가족의 범위, 민법§779) ❶배우자, 직계혈족 및 형제자매, ❷직계혈족의 배우자, 배우자의 직계혈족 및 배우자의 형제자매(생계를 같이하는 경우에 한함)

※ 원가구(부모님) 소득·재산 미고려 : ①30세 이상 ②혼인 ③미혼부·모 ④30세 미만 미혼 청년의 소득이 중위 50% 이상으로 생계를 달리한다고 군수·구청장이 인정하는 경우자가진단서비스 사전 실시('24.2.23. 개통)
- 복지로(www.bokjiro.go.kr) > 복지서비스 > 모의계산 > 청년월세지원
- 월세 신청",소득조건코드=0043003 / 소득범위=0~0 / 소득 : (청년독립가구) 기준 중위소득 60%이하 (원가구) 기준 중위소득 100% 이하,,"지원금액 : 1인 월 20만원씩, 최대 24개월(회) 월세 지원(기존 지원횟수 포함 한사람당 최대 24회 지급 가능)
   - 실제 납부하는 월세의 최대 20만원까지 지원(임차보증금, 관리비 등은 제외)
◎ 지 급 일 : 매월 25일 현금으로 지급
   - 토요일이거나 공휴일인 경우에는 그 전날 지급
   - 지원대상으로 선정될 시, 2026. 5월에 지출한 월세부터 지급
◎ 주거급여 수급자인 경우 전월(20일)에 지급한 주거급여를 차감하고 지급",20260330,20260529,"◎ 소득 : (청년독립가구) 기준 중위소득 60%이하 (원가구) 기준 중위소득 100% 이하
◎ 재산 : (청년독립가구) 재산 122백만원 이하 (원가구) 재산 470백만원 이하
◎ 주택 : 전입신고 필수            ※ 월세 임차보증금 5천만원 및 월세 70만원 이하 요건 폐지(2024.4.12.~시행)] 
  ※ 제출된 신청서를 토대로 공적자료 조회(조사시점 기준 적용)

<가구구성 방법>
 (청년독립가구) 청년 + 배우자 + 직계비속 + 동일 주소지에 거주하는 그 외 「민법」상 가족* 
 (원가구) 청년독립가구 + 1촌 이내 직계혈족(부,모)
 * (가족의 범위, 민법§779) ❶배우자, 직계혈족 및 형제자매, ❷직계혈족의 배우자, 배우자의 직계혈족 및 배우자의 형제자매(생계를 같이하는 경우에 한함)

※ 원가구(부모님) 소득·재산 미고려 : ①30세 이상 ②혼인 ③미혼부·모 ④30세 미만 미혼 청년의 소득이 중위 50% 이상으로 생계를 달리한다고 군수·구청장이 인정하는 경우자가진단서비스 사전 실시('24.2.23. 개통)
- 복지로(www.bokjiro.go.kr) > 복지서비스 > 모의계산 > 청년월세지원
- 월세 신청","월세지원 신청(변경)서(필수)
소득·재산 신고서(필수)
서약서(필수)
임대차계약서(확정일자 날인) 사본(필수)
월세이체 증빙 서류(최근 3개월) (받는분, 보내는분, 날짜, 금액 명시)(필수)
(월세지급을 위한) 통장사본(필수)
신청자 기준 가족관계증명서  (상세, 주민등록번호 공개)(필수)
부모님 기준 가족관계증명서 [부 / 모 기준 각  1부씩]  (상세, 주민등록번호 공개)(필수)
(혼인한 경우 필수 제출) 배우자 기준 가족관계증명서 및 배우자 부모의 가족관계증명서  (상세, 주민등록번호 공개)(선택)
신분증(방문신청시 필수지참)(선택)
추가 증빙서류(등기부등본 등)(선택)","(19세 ~ 34세) 복지로를 통한 온라인신청 및 관할 행정복지센터 방문 신청
(35세 ~ 39세) 인천청년포털을 통한 온라인신청 또는 관할 행정복지센터 방문 신청",https://youth.incheon.go.kr/youthpolicy/youthPolicyInfoDetail.do?poly_seq=463,main,primary,검단구인천시청년월세지원사업,인천광역시청년정책담당관,20260330~20260529,주거,전월세 및 주거급여 지원
youth,20260724005400213302,(서해구) 인천시 청년월세 지원사업,경제적 어려움을 겪는 청년들의 주거비용 부담 경감,주거,인천광역시 청년정책담당관,인천광역시,"○ 부모와 함께 거주(원가구와 세대분리하지 않은 자)하는 경우
○ 주택 소유자(분양권, 입주권 포함) 
○ 직계존속, 형제, 자매 등 2촌이내 주택을 임차한 경우(배우자의 2촌 이내 혈족 포함)
○ 공공주택특별법에 따른 공공임대주택 거주자
○ 1실(방)에 다수가 거주하는 방식의 전대차인 경우
○ 전국 지자체 월세사업 또는 국토부 시행 월세지원사업 수혜 중인자 등(수혜종료 후 신청가능)
○ 과거 국토부가 시행한 청년월세 한시 특별지원에 선정되어 이미 24개월 수혜 받은 자 | 0013010 | 0049010",청년,만 35세 ~ 만 39세,35,39,"◎ 소득 : (청년독립가구) 기준 중위소득 60%이하 (원가구) 기준 중위소득 100% 이하
◎ 재산 : (청년독립가구) 재산 122백만원 이하 (원가구) 재산 470백만원 이하
◎ 주택 : 전입신고 필수            ※ 월세 임차보증금 5천만원 및 월세 70만원 이하 요건 폐지(2024.4.12.~시행)] 
  ※ 제출된 신청서를 토대로 공적자료 조회(조사시점 기준 적용)

<가구구성 방법>
 (청년독립가구) 청년 + 배우자 + 직계비속 + 동일 주소지에 거주하는 그 외 「민법」상 가족* 
 (원가구) 청년독립가구 + 1촌 이내 직계혈족(부,모)
 * (가족의 범위, 민법§779) ❶배우자, 직계혈족 및 형제자매, ❷직계혈족의 배우자, 배우자의 직계혈족 및 배우자의 형제자매(생계를 같이하는 경우에 한함)

※ 원가구(부모님) 소득·재산 미고려 : ①30세 이상 ②혼인 ③미혼부·모 ④30세 미만 미혼 청년의 소득이 중위 50% 이상으로 생계를 달리한다고 군수·구청장이 인정하는 경우자가진단서비스 사전 실시('24.2.23. 개통)
- 복지로(www.bokjiro.go.kr) > 복지서비스 > 모의계산 > 청년월세지원
- 월세 신청",소득조건코드=0043003 / 소득범위=0~0 / 소득 : (청년독립가구) 기준 중위소득 60%이하 (원가구) 기준 중위소득 100% 이하,,"지원금액 : 1인 월 20만원씩, 최대 24개월(회) 월세 지원(기존 지원횟수 포함 한사람당 최대 24회 지급 가능)
   - 실제 납부하는 월세의 최대 20만원까지 지원(임차보증금, 관리비 등은 제외)
◎ 지 급 일 : 매월 25일 현금으로 지급
   - 토요일이거나 공휴일인 경우에는 그 전날 지급
   - 지원대상으로 선정될 시, 2026. 5월에 지출한 월세부터 지급
◎ 주거급여 수급자인 경우 전월(20일)에 지급한 주거급여를 차감하고 지급",,,"◎ 소득 : (청년독립가구) 기준 중위소득 60%이하 (원가구) 기준 중위소득 100% 이하
◎ 재산 : (청년독립가구) 재산 122백만원 이하 (원가구) 재산 470백만원 이하
◎ 주택 : 전입신고 필수            ※ 월세 임차보증금 5천만원 및 월세 70만원 이하 요건 폐지(2024.4.12.~시행)] 
  ※ 제출된 신청서를 토대로 공적자료 조회(조사시점 기준 적용)

<가구구성 방법>
 (청년독립가구) 청년 + 배우자 + 직계비속 + 동일 주소지에 거주하는 그 외 「민법」상 가족* 
 (원가구) 청년독립가구 + 1촌 이내 직계혈족(부,모)
 * (가족의 범위, 민법§779) ❶배우자, 직계혈족 및 형제자매, ❷직계혈족의 배우자, 배우자의 직계혈족 및 배우자의 형제자매(생계를 같이하는 경우에 한함)

※ 원가구(부모님) 소득·재산 미고려 : ①30세 이상 ②혼인 ③미혼부·모 ④30세 미만 미혼 청년의 소득이 중위 50% 이상으로 생계를 달리한다고 군수·구청장이 인정하는 경우자가진단서비스 사전 실시('24.2.23. 개통)
- 복지로(www.bokjiro.go.kr) > 복지서비스 > 모의계산 > 청년월세지원
- 월세 신청","월세지원 신청(변경)서(필수)
소득·재산 신고서(필수)
서약서(필수)
임대차계약서(확정일자 날인) 사본(필수)
월세이체 증빙 서류(최근 3개월) (받는분, 보내는분, 날짜, 금액 명시)(필수)
(월세지급을 위한) 통장사본(필수)
신청자 기준 가족관계증명서  (상세, 주민등록번호 공개)(필수)
부모님 기준 가족관계증명서 [부 / 모 기준 각  1부씩]  (상세, 주민등록번호 공개)(필수)
(혼인한 경우 필수 제출) 배우자 기준 가족관계증명서 및 배우자 부모의 가족관계증명서  (상세, 주민등록번호 공개)(선택)
신분증(방문신청시 필수지참)(선택)
추가 증빙서류(등기부등본 등)(선택)","(19세 ~ 34세) 복지로를 통한 온라인신청 및 관할 행정복지센터 방문 신청
(35세 ~ 39세) 인천청년포털을 통한 온라인신청 또는 관할 행정복지센터 방문 신청",https://youth.incheon.go.kr/youthpolicy/youthPolicyInfoDetail.do?poly_seq=464,main,primary,서해구인천시청년월세지원사업,인천광역시청년정책담당관,,주거,전월세 및 주거급여 지원
youth,20260724005400213301,(영종구) 인천시 청년월세 지원사업,경제적 어려움을 겪는 청년들의 주거비용 부담 경감,주거,인천광역시 청년정책담당관,인천광역시,"○부모와 함께 거주(원가구와 세대분리하지 않은 자)하는 경우
○주택 소유자(분양권, 입주권 포함)
○직계존속, 형제, 자매 등 2촌 이내 주택을 임차한 경우(배우자의 2촌 이내 혈족 포함)
○공공주택특별법에 따른 공공임대주택 거주자
○1실(방)에 다수가 거주하는 방식의 전대차인 경우
○국토부 또는 지자체에서 시행하는 월세지원 수혜 중 인자 등(수혜종료 후 신청가능)
○기존 청년월세 한시 특별지원에서 24회를 모두 지원받은 사람 등 | 0013010 | 0049010",청년,만 35세 ~ 만 39세,35,39,"◎ 소득 : (청년독립가구) 기준 중위소득 60%이하 (원가구) 기준 중위소득 100% 이하 (자세한 내용은 FAQ참고)
◎ 재산 : (청년독립가구) 재산 122백만원 이하 (원가구) 재산 470백만원 이하
◎ 주택 : 전입신고 필수 ※ 기존 월세 임차보증금 5천만원 및 월세 70만원 이하 요건 폐지(2024.4.12.~)]
※ 제출된 신청서를 토대로 공적자료 조회(조사시점 기준 적용)
◎ 가구구성 방법
(청년독립가구) 청년 + 배우자 + 직계비속 + 동일 주소지에 거주하는 그 외 「민법」상 가족
*(원가구) 청년독립가구 + 1촌 이내 직계혈족(부,모)
*(가족의 범위, 민법§779) ❶배우자, 직계혈족 및 형제자매, ❷직계혈족의 배우자, 배우자의 직계혈족 및 배우자의 형제자매(생계를 같이하는 경우에 한함)
※ 원가구(부모님) 소득·재산 미고려 : ➀30세 이상, ➁혼인(이혼), ➂미혼부·모, ➃30세 미만 미혼 청년의 소득이 중위소득 50% 이상으로 생계를 달리한다고 구청장이 인정하는 경우 등★청년월세 지원사업 질의응답(FAQ) 안내 : 인천청년포털-주거복지-청년월세지원사업-FAQ 확인
◎자가진단서비스 사전 실시
- 복지로(www.bokj",소득조건코드=0043003 / 소득범위=0~0 / 소득 : (청년독립가구) 기준 중위소득 60%이하 (원가구) 기준 중위소득 100% 이하,,"○ 지원금액 : 1인 월 20만원씩, 최대 24개월(회) 월세 지원(기존 지원횟수 포함 한사람당 최대 24회 지급 가능)
- 실제 납부하는 월세의 최대 20만원까지 지원(임차보증금, 관리비 등은 제외)
○ 지 급 일 : 매월 25일 현금으로 지급
- 토요일이거나 공휴일인 경우에는 그 전날 지급
- 신규 신청자의 경우 선정된 이후 5월분 월세부터 소급 지원하며, 변경 신청자의 경우 신청월부터 가산하여 소급 지원
○ 주거급여 수급자인 경우 전월(20일)에 지급한 주거급여를 차감하고 지급",,,"◎ 소득 : (청년독립가구) 기준 중위소득 60%이하 (원가구) 기준 중위소득 100% 이하 (자세한 내용은 FAQ참고)
◎ 재산 : (청년독립가구) 재산 122백만원 이하 (원가구) 재산 470백만원 이하
◎ 주택 : 전입신고 필수 ※ 기존 월세 임차보증금 5천만원 및 월세 70만원 이하 요건 폐지(2024.4.12.~)]
※ 제출된 신청서를 토대로 공적자료 조회(조사시점 기준 적용)
◎ 가구구성 방법
(청년독립가구) 청년 + 배우자 + 직계비속 + 동일 주소지에 거주하는 그 외 「민법」상 가족
*(원가구) 청년독립가구 + 1촌 이내 직계혈족(부,모)
*(가족의 범위, 민법§779) ❶배우자, 직계혈족 및 형제자매, ❷직계혈족의 배우자, 배우자의 직계혈족 및 배우자의 형제자매(생계를 같이하는 경우에 한함)
※ 원가구(부모님) 소득·재산 미고려 : ➀30세 이상, ➁혼인(이혼), ➂미혼부·모, ➃30세 미만 미혼 청년의 소득이 중위소득 50% 이상으로 생계를 달리한다고 구청장이 인정하는 경우 등★청년월세 지원사업 질의응답(FAQ) 안내 : 인천청년포털-주거복지-청년월세지원사업-FAQ 확인
◎자가진단서비스 사전 실시
- 복지로(www.bokj","월세지원 신청(변경)서(필수)
소득·재산 신고서(필수)
서약서(필수)
임대차계약서(확정일자 날인) 사본(필수)
월세이체 증빙 서류(최근 3개월)(받는분, 보내는분, 날짜, 금액 명시) *최근 계약시 최소1개월(회) 이상(필수)
(월세지급을 위한) 통장사본(필수)
신청자 기준 가족관계증명서 (상세, 주민등록번호 공개)(필수)
부/모(각각) 기준 가족관계증명서 (상세, 주민등록번호 공개)(필수)
(혼인한 경우 필수 제출) 배우자 기준 가족관계증명서 및 배우자 부모의 가족관계증명서 (상세, 주민등록번호 공개)(선택)
신분증 (방문신청시 필수지참)(선택)","[2026년 신청연령]
(19세 ~ 34세(1991년~2007년)) 복지로를 통한 온라인신청 및 관할 행정복지센터 방문 신청
(35세 ~ 39세(1986년~1990년)) 인천청년포털을 통한 온라인신청 또는 관할 행정복지센터 방문 신청
※ 39세 이상 의무복무 제대군인의 경우, 군복무 기간을 고려하여 신청 가능 연령을 연장
- 군복무 기간이 1년 미만인 경우 1세 연장(1985년생)
- 군복무 기간이 1년이상~2년 미만인 경우 2세 연장(1984년생) 
- 군복무 기간이 2년 이상인 경우 3세 연장(1983년생)",https://youth.incheon.go.kr/bbs/bbsMsgDetail.do?msg_seq=45&bcd=notice,main,primary,영종구인천시청년월세지원사업,인천광역시청년정책담당관,,주거,전월세 및 주거급여 지원
youth,20260724005400213300,(영종구) 청년 자격증 응시료 지원,취업에 어려움을 겪고 있는 영종구 청년에게 자격증 응시료 지원을 통한 경제적 부담 경감 및 사회진입 활성화 도모,인력/일자리,인천광역시 청년정책담당관,인천광역시,건강보험 직장가입자 및 개인사업자는 제외 | 0013003 | 0049010,청년,만 18세 ~ 만 39세,18,39,--,소득조건코드=0043001 / 소득범위=0~0,,"○ 1인 1회, 연 최대 10만원 범위 자격증시험 응시료 지원
※ 실제 본인이 부담한 비용만 신청 가능
○ 자격증 한 종목 당 필기, 실기 등 여러 단계로 이루어져 있는 경우 그 중 1건만 지원 가능
○ 1회에 여러 건을 신청한 경우, 금액이 가장 높은 1건에 대해서만 지원 가능
○ 지원 자격증 종목
 - 국가기술자격증, 국가전문자격증, 국가공인민간자격, 한국사 및 어학시험
 ※ 자세한 자격증 종목은 하단의 참고사이트를 확인하시기 바랍니다.
 ※ 한국산업인력공단(Q-net) 국가기술자격 시험 응시료의 50%를 감면 지원받은 경우, 차액(실제 결제액)을 지원합니다.",20260201 ~ 20261130,,--,"시험 결제영수증(실제 본인이 부담한 비용 증빙)(필수)
시험응시 증빙서류(성적표, 응시확인서 등)(필수)
통장사본(본인명의)(필수)
사업자등록여부 사실증명(필수)
건강보험자격득실확인서(필수)
정부직접일자리 참여자 및 단기근로자 증빙서류(정부일자리 참여 확인서, 근로계약서 등)(선택)
추가서류(필요시)(선택)",,https://youth.incheon.go.kr/bbs/bbsMsgDetail.do?msg_seq=40&bcd=notice,main,primary,영종구청년자격증응시료지원,인천광역시청년정책담당관,20260201 ~ 20261130~,일자리,취업
youth,20260722005400213299,[남구] 2026년 구직 청년 면접용 정장대여,2026년 구직 청년 면접용 정장대여,인력/일자리,전남광주통합특별시,전남광주통합특별시,0013010 | 0049010,청년,만 19세 ~ 만 39세,19,39,,소득조건코드=0043001 / 소득범위=0~0,,"  ❍ 지원내용 : 면접용 정장 무료대여
    - 대여품목 : (남자) 자켓, 셔츠, 바지, 넥타이(여자) 자켓, 블라우스, 스커트(바지)
    - 대여기간 : 3박 4일(1인 연간 3회 이용 가능)",20260119 ~ 20261218,        ,,"❍ 구비서류
   ① 대여 신청서 1부 (서식1)
   ② 신분증 사본 1부
   ③ 주민등록표 초본(1년) 1부 ※ 최근 1개월 이내 발급분만 인정
   ④ 면접 증빙자료 1부
    - 면접 통보 메일·문자, 서류접수 확인증 등 면접일, 회사명 확인 필수
    - 증빙자료의 대상자가 본인임을 확인할 수 있어야 증빙자료로 인정(응시번호만 제출 X, 본인의 이름과 응시번호가 함께 나온 캡처본 인정)","❍ 신청대상 : 남구 거주(주민등록)하는 청년(19세 ~ 39세)
    - 신청일 기준 주민등록상 거주지가 남구로 되어 있는 자
    - 일반교육, 모의면접, 대학교(원) 면접 제외
    - 면접대상 기업에 대한 지역 제한 없음
  ❍ 신청방법 : 방문 또는 이메일 신청
    - 방    문 : 남구청 일자리정책과 청년정책팀(남구 봉선로 1, 6층)
    - 이 메 일 : dbswl0980@korea.kr",https://youth.gwangju.go.kr/www/51?siteId=www&plcyNo=20260408005400212638&url=%2Fwww%2Fpolicy%2FallYgPolicyView,main,primary,남구2026년구직청년면접용정장대여,전남광주통합특별시,20260119 ~ 20261218~,일자리,취업
youth,20260722005400213298,청년월세지원,"고물가, 고금리 등으로 경제적 어려움을 겪고 있는 청년층의 주거비 부담 경감을 위하여 일시적으로 청년월세 지원",주거,전남광주통합특별시,전남광주통합특별시,0013010 | 0049010,청년,만 19세 ~ 만 34세,19,34,,소득조건코드=0043001 / 소득범위=0~0,,"월 최대 20만원 임대료 지원 (최장 24개월)
* 생애 1회 / 임차보증금, 관리비 등은 제외",20260101,20261231,주거급여 수급자의 경우 청년 주거급여 분리액 또는 별도보장가구는 주거급여액을 차감한 금액만 지원,"(필수서류)
월세지원 신청(변경)서, 
소득·재산 신고서, 
임대차계약(확정일자 날인) 및 월세이체 증빙서류, 
서약서, 
입금통장사본, 
청년 및 부모의 가족관계증명서(상세), 
배우자 및 배우자 부모의 가족관계증명서(상세)

(추가서류-필요시) 
위임장, 거주사실 입증 서류, 주택 구입 및 임차보증금 용도의 부채증빙 서류 등 
 
** 선정 후 주소 변경 시 
지급기간 동안 주소지 변경 등으로 임대차계약이 변경되는 경우 새로운 주소지(전입지)의 관할 행정복지센터에 변경 계약서 제출","(온라인) 복지로 홈페이지(또는 앱) : [중앙부처 복지사업] 청년월세지원 신청
(오프라인) 청년거주지(월세 임차지)의 관할 행정복지센터 방문",https://www.bokjiro.go.kr/,main,primary,청년월세지원,전남광주통합특별시,20260101~20261231,주거,전월세 및 주거급여 지원
youth,20260722005400213297,2026년 광산구 구직청년 자격증 취득비용 지원사업,광산구의 청년의 구직활동에 대한 경제적 부담 완화 및 취업역량 강화 기여하고자 구직청년 자격증 취득비용 지원사업 시행,교육/멘토링,전남광주통합특별시,전남광주통합특별시,0013010 | 0049010,청년,만 19세 ~ 만 39세,19,39,,소득조건코드=0043001 / 소득범위=0~0,,"o 접수기간: 2026. 2. 2.(월) 09:00 ~ 11. 30.(월) 18:00   ※ 예산 소진으로 조기 마감
o 지원대상: 광산구에 주민등록을 둔 미취업 청년
o 지원분야: 국가기술자격증(540종), 국가전문자격증, 어학(16종), 한국사, 운전면허(1종 대형)
o 지원내용: 자격증 취득 소요 비용(응시료,수강료)의 80% 지원
 ※ 인당 연 2회, 최대 20만원
o 지원규모: 100명 내외(선착순 모집)

※ 기타 자세한 사항은 공고문 확인",20260202,20260806,,,"o 접수방법
  - 직접방문 : 광산구청 3층, 일자리정책과
  - 이 메 일 : gwangsanjob@korea.kr",https://youth.gwangju.go.kr/www/51?siteId=www&plcyNo=20260408005400212632&url=%2Fwww%2Fpolicy%2FallYgPolicyView,main,primary,2026년광산구구직청년자격증취득비용지원사업,전남광주통합특별시,20260202~20260806,교육･직업훈련,교육비지원
youth,20260722005400213296,[남구]2026년 청년 자격증 취득 지원 사업,광주광역시 남구에서는 청년의 취업개발능력 향상 및 사회진입 활성화를 위해 「2026년 청년 자격증 취득 지원 사업」 을 다음과 같이 시행하오니 많은 신청 바랍니다.,교육/멘토링,전남광주통합특별시,전남광주통합특별시,0013010 | 0049010,청년,만 19세 ~ 만 39세,19,39,,소득조건코드=0043001 / 소득범위=0~0,,"○ 시험 응시 인정기간: 2026. 1. 1. ~ 2026. 12. 17. 기간 내 해당 시험 응시

○ 자격증 시험 응시료 지원(1인 연 2회, 최대 20만원 한도)

○ 시험 응시료 20만원 이하: 실제 소요 금액(실비)만 지급

○ 지원분야: 국가기술자격증(541종), 어학(16종), 한국사",20260219 ~ 20261218,        ,"○ ‘필기+실기’ 시험 존재 시 1회로 적용하여 신청 가능

○ 시험일 이전 접수 상태 신청 불가(실제 응시 후 응시사실 확인서류 첨부 신청)","①자격증 취득 지원사업 신청서(서식1)
②신청자 유의사항 및 동의서(서식 2) 
③ 응시사실 증명서류(응시확인서 또는 성적표)  ※ 접수확인서 불인정
   ☞ 시험일 이전 접수상태 신청 불가, 해당 시험을 실제 응시한 후 신청 가능
④응시료 결제 영수증(내역서) 사본(카드사 결제 영수증 등)  ※YBM 등 시험기관에서 발급한 영수증 불인정, 금융기관에서 발급해주세요
   ☞ 영수증(내역서) 상 시험과목(또는 시험기관), 결제금액 표기되어야 함
⑤주민등록초본(주소이력 5년, 신고일표시)
   ☞ 공고일 전일부터 신청일까지 광주 남구 거주사실(주민등록 기준)이 확인 가능해야 함
⑥건강보험자격득실확인서(미취업 여부 확인)
   ☞조회조건 전체, 내역 전체 선택
⑦통장 사본(신청자 본인 명의)","○ 방문 또는 이메일 신청

○ 방문: 남구청 일자리정책과 청년정책팀(남구 봉선로 1, 6층)

○ 이메일: iljari1234@korea.kr",https://youth.gwangju.go.kr/www/51?siteId=www&plcyNo=20260408005400212626&url=%2Fwww%2Fpolicy%2FallYgPolicyView,main,primary,남구2026년청년자격증취득지원사업,전남광주통합특별시,20260219 ~ 20261218~,교육･직업훈련,교육비지원
youth,20260722005400213295,2026년 서구 청년도전지원사업,구직 단념 청년에게 맞춤형 프로그램(단·중·장기)을 통해 취업 의지 격려 및 쉬었음 상태 장기화 방지 등,인력/일자리,전남광주통합특별시,전남광주통합특별시,0013010 | 0049010,청년,만 18세 ~ 만 39세,18,39,,소득조건코드=0043001 / 소득범위=0~0,,"단계별 맞춤형 프로그램 및 수당(최대 350만원) 제공
- 단기(5주, 50만원×1개월) : 밀착상담, 자신감 회복, 진로탐색, 취업역량
- 중기(15주, 50만원×3개월) : 단기과정 + 외부연계  +자율활동
- 장기(25주, 50만원×5개월) : 단기과정 + 외부연계  +자율활동
  ※ 중·장기 과정 이수자 : 취·창업 인센티브 추가 지급",        ,        ,,,"신청(고용 24 또는 센터 방문) → 신청자 조건 확인 → 프로그램 참여자 선정
※ 온라인 신청시 운영기관 &apos;서구 청년도전지원센터&apos; 신청",https://youth.gwangju.go.kr/www/51?siteId=www&plcyNo=20260408005400212595&url=%2Fwww%2Fpolicy%2FallYgPolicyView,main,primary,2026년서구청년도전지원사업,전남광주통합특별시,,일자리,취업
youth,20260722005400213294,"[조선대학교] 현직자 리얼토크 멘토링 6월 : 앰코코리아, 광주교통공사","○ 현직자가 알려주는 취업 성공 노하우 공유
· 진짜 취업 준비 과정 공개
· 현직자가 전하는 생생한 업무 이야기
· 합격 노하우 및 취업 전략 공유
· 궁금한 점 직접 물어보는 Q&A",인력/일자리,전남광주통합특별시,전남광주통합특별시,0013010 | 0049010,청년,만 19세 ~ 만 39세,19,39,,소득조건코드=0043001 / 소득범위=0~0,,"○ 엠코코리아 멘토링
· 일시: 6. 25.(목) 14:00 ~ 16:00
· 분야: 공정기술(반도체)
· 내용: 엠코코리아 취업 준비 방법, 현직자와 취업 준비 과정부터 직무 이야기까지
○ 광주교통공사 멘토링
· 일시: 6. 26.(금) 14:00 ~ 16:00
· 분야: 신호팀 / 통신팀·전자팀
· 내용: 신호 관리, 통신 설비, 전자 설비 준비 방법, 공기업 취업 전략과 직무별 핵심 노하우 공유",        ,        ,"○ 추천 대상
· 취업 준비를 어떻게 시작할지 고민인 청년
· 관심 기업과 직무에 대해서 알아보고 싶은 청년
· 현직자의 취업 준비 경험을 알아보고 싶은 청년
· 공기업 및 반도체 분야 취업을 희망하는 청년
· 취업 선배에게 직접 질문하고 취업 준비하고 싶은 청년",,"○ 학생통합지원시스템(THE조아) 참여 신청
 엠코코리아 신청 : https://link24.kr/9iI9nvo
 광주교통공사 신청 : https://link24.kr/7QOJ3Nj",https://youth.gwangju.go.kr/www/50?siteId=www&policyId=1378&url=%2Fwww%2Fpolicy%2FgjYgPolicyView,main,primary,조선대학교현직자리얼토크멘토링6월앰코코리아광주교통공사,전남광주통합특별시,,일자리,취업
youth,20260722005400213292,[2026 광주청년드림은행 생활경제특강①],"""구해줘 내 집!"" - [전세사기 피해예방과 임대차보호법]
생활 속 빈 곳을 채워 삶의 질을 높이는 특강!
다채로운 삶의 영역에서 나만의 기준을 갖고 살아가고 싶을 때,
안전하고 풍요로운 삶을 만들 수 있는 광주청년드림은행 특강을 소개합니다!
고민하며 시작한 독립, 더 나은 주거 환경을 위한 선택으로 전세를 고민하고 있나요?
계약서 앞에서 자신이 없고 불안한 마음 때문에 고민하고 있나요?
혹시 이미 피해가 발생한 것은 아닐지, 내가 사는 전세는 괜찮은지 점검하고 싶나요?
혹하게 하는 말로 다가오지만 금전 피해뿐만 아니라 심리적 고통, 추가 피해까지 발생시키는 전세사기. 예방부터 대처까지, 나와 내 보금자리를 지키는 방법을 소개합니다.",복지/문화,전남광주통합특별시,광주광역시,0013010 | 0049010,청년,만 19세 ~ 만 39세,19,39,,소득조건코드=0043001 / 소득범위=0~0,,"<강의내용>
01 전세사기 주요 유형별 사례와 예방
02 임대차보호법과 전세 계약 시 참고사항

☞ 이런 분에게 적합해요
- 안전한 독립생활을 꿈꾸는 청년
- 전세사기피해로 고민하는 청년
- 전세사기피해를 예방하고 싶은 청년
- 전세사기와 임대차보호법에 대해 알고 싶은 청년

◈ 앞 강의를 듣지 않아도, 내가 듣고 싶은 강의를 자유롭게 신청하실 수 있습니다.",        ,        ,,,"✿ 일 시 : 2026년 6월 23일(화) 오후 7-9시(2시간)
✿ 대 상 : 전세사기 예방에 관심있는 광주 청년 30명, 선착순
✿ 장 소 : 광주청년드림은행 (광주광역시 북구 무등로 237 2층)
✿ 참 가 비 : 무료(광주광역시 지원)
✿ 신 청 : 2026년 6월 19일(금)까지 신청
✿ 문 의 : 062-521-2567 광주청년드림은행",https://youth.gwangju.go.kr/www/51?siteId=www&plcyNo=20260612005400213230&url=%2Fwww%2Fpolicy%2FallYgPolicyView,main,primary,2026광주청년드림은행생활경제특강①,전남광주통합특별시,,금융･복지･문화,취약계층 및 금융지원
youth,20260722005400213290,오픈마이크 2기,"○ 청년 강연자 양성 프로젝트
· 내 경험을 한 편의 강연으로 완성하고, 작은 무대(토크콘서트)에서 직접 발표하는 프로그램
· 전문가 코칭과 또래 피드백 매 회차 운영
· 말의 순서와 전달 방식 학습",교육/멘토링,전남광주통합특별시,전남광주통합특별시,0013010 | 0049010,청년,만 19세 ~ 만 39세,19,39,,소득조건코드=0043001 / 소득범위=0~0,,"○ 프로그램 운영
· 참가자 소개 및 아이스브레이킹, 스토리텔링의 개요
· 특강 <당신의 이야기를 삽니다>
· 기본 스피치 강연 내용 작성하기 <CODI법>
· 설득하는 힘 <강연 스피치>
· 전문가 코칭 및 상호 피드백
· 토크콘서트 진행",        ,        ,,,"○ 아지트 홈페이지 신청
· [프로그램] → [오픈마이크 2기] → [프로그램 신청] 클릭 후 구글폼 작성",https://youth.gwangju.go.kr/www/51?siteId=www&plcyNo=20260616005400213237&url=%2Fwww%2Fpolicy%2FallYgPolicyView,main,primary,오픈마이크2기,전남광주통합특별시,,교육･직업훈련,교육비지원
youth,20260722005400213289,2026 마음건강상담소 2차 참여자 모집 (접수 마감),청년 정신건강 증진을 위한 1:1 전문심리상담 지원,복지/문화,전남광주통합특별시,전남광주통합특별시,0013010 | 0049010,청년,만 19세 ~ 만 39세,19,39,,소득조건코드=0043001 / 소득범위=0~0,," ·  1:1 전문 심리상담 제공 (기본 6회기, 최대 8회기)
 ·  필요 시 심리검사 지원
 ·  마음건강 증진 프로그램 운영",20260702,20261231,"- 기참여자일 경우 후순위 선정, 신규 신청자 우선 선정
- 동일 연도 참여자 신청 불가",,광주청년통합플랫폼 온라인 신청 → 상담소 배정 → 마음건강 상담 진행 → 만족도 조사,https://youth.gwangju.go.kr/www/51?siteId=www&plcyNo=20260622005400213243&url=%2Fwww%2Fpolicy%2FallYgPolicyView,main,primary,2026마음건강상담소2차참여자모집접수마감,전남광주통합특별시,20260702~20261231,금융･복지･문화,건강
youth,20260722005400213288,사회연대경제 청년 일경험사업 시범사업,"○ 미취업 청년에게 사회연대경제 분야 일경험 기회 제공
· 노동시장 진입 기반 마련
· 진로탐색 및 직무역량 강화 지원",인력/일자리,전남광주통합특별시,전남광주통합특별시,0013010 | 0049010,청년,만 19세 ~ 만 39세,19,39,,소득조건코드=0043001 / 소득범위=0~0,,"○ 직무교육
· 총 20시간(1일 최대 8시간 편성)
· 사회연대경제 이해 및 직무 기초역량 강화, 참여청년 직무 분야별 실무교육, 진로 연계 등
· 교육시간의 90% 이상 출석 시 수료

○ 일경험 프로그램
· 근로기간: 2026. 7. 1. ~ 11. 30. (5개월)
· 근로시간: 주 5일(주 40시간), 1일 8시간(9:00~18:00)
· 휴게시간: 12:00~13:00(1시간)
· 임금수준: 시급 11,188원(월 209시간 개근 시 2,338,292원, 유급주휴 포함, 세전)
· 급여공제: 근로소득세, 지방소득세, 근로자 부담 4대 보험료 등

○ 청년밀착형 프로그램
· 현장적응 지원, 고충 상담, 진로탐색, 심리･정서적 안정 지원

○ 멘토링 프로그램
· 직무수행, 진로탐색 등을 지원하기 위한 1:1 멘토 지정",        ,        ,"○ 참여제한
· 사업자등록이 있는 자
· 타 부처 또는 지방정부의 취업 관련 지원사업에 참여 중인 자
· 참여 신청일 기준 6개월 내 해당 참여기업에서 근무한 이력이 있는 자
· 배우자, 직계존비속 또는 형제자매가 참여기업 사업주(대표자)인 자
· 허위 기타 부정한 방법으로 정부(국가·지방정부) 일경험 사업에 참여한 자
· 단순 변심으로 청년 일경험 사업에 참여하여 2회 이상 중도이탈한 자
· 대한민국 국적을 보유하지 않은 자
※ 참여제한 사유는 참여 신청일 기준으로 판단, 근로기간 중 해당 사유가 발생한 경우 즉시 참여 중단 가능",☞ 자세한 내용은 붙임파일을 확인해주시기 바랍니다,"○ 고용24 온라인신청
· https://m.site.naver.com/29ZAK",https://youth.gwangju.go.kr/www/51?siteId=www&plcyNo=20260616005400213235&url=%2Fwww%2Fpolicy%2FallYgPolicyView,main,primary,사회연대경제청년일경험사업시범사업,전남광주통합특별시,,일자리,취업
youth,20260722005400213286,[서구]2026년 전입 청년 웰컴 박스 지원사업,"○ 전입 청년 웰컴 박스 지원
· 광주광역시 서구로 전입한 1인 가구 청년들의 새로운 출발 응원 및 지역사회 적응 지원
· 청년정책 안내 자료와 생활용품이 담긴 웰컴박스 지원",인력/일자리,전남광주통합특별시,전남광주통합특별시,0013010 | 0049010,청년,만 19세 ~ 만 39세,19,39,,소득조건코드=0043001 / 소득범위=0~0,,"○ 웰컴 박스 제공
· 생활 물품과 청년정책 책자로 구성된 웰컴 박스 제공",        ,        ,"○ 전입 청년 웰컴 박스 지원은 최초 1번만 가능
○ 신청기간 내 예산 소진 시 조기 종료
○ 신청서 및 개인정보 동의서는 본인이 직접 작성
○ 대리신청 불가",☞ 자세한 내용은 붙임파일을 확인해주시기 바랍니다,"○ 신청방법
· 방문 및 이메일(satang2526@korea.kr) 신청 가능",https://youth.gwangju.go.kr/www/51?siteId=www&plcyNo=20260616005400213236&url=%2Fwww%2Fpolicy%2FallYgPolicyView,main,primary,서구2026년전입청년웰컴박스지원사업,전남광주통합특별시,,일자리,취업
youth,20260722005400213285,2026년 성인진로상담,"○ 광주시민이 자신의 진로를 자각, 탐색, 계획, 준비, 관리할 수 있도록 무료 상담 제공
· 진흥원에서 양성한 성인진로컨설턴트 파견
· 생애주기에 맞는 맞춤형 1:1 상담 제공",교육/멘토링,전남광주통합특별시,전남광주통합특별시,0013010 | 0049010,청년,만 1세 ~ 만 99세,,,,소득조건코드=0043001 / 소득범위=0~0,,"○ 맞춤형 1:1 상담 제공
· 진로 설계
· 경력 전환
· 학습 방향
· 관계 및 마음 고민 상담
○ 상담 운영
· 상담 신청 후 성인진로컨설턴트 파견
· 상담 진행 1~4회기
· 1회 기준 90분
○ 비용
· 무료",        ,        ,,,"○ 신청방법
· 진흥원 홈페이지(www.gie.kr) 접속
· 성인진로상담 메뉴 클릭
· 정보입력 후 접수",https://www.gie.kr/kr/79?url=%2Fkr%2Fredsgn%2Fview%2Fintro,main,primary,2026년성인진로상담,전남광주통합특별시,,교육･직업훈련,교육비지원
youth,20260722005400213284,[7월 마감] 2026년 구직청년 자격증 취득지원 사업(8월 3일 10시 접수 예정),구직활동에 필요한 어학(능력)·자격증 시험 응시료 지원,교육/멘토링,전남광주통합특별시,전남광주통합특별시,0013010 | 0049010,청년,만 19세 ~ 만 39세,19,39,,소득조건코드=0043001 / 소득범위=0~0,," ※ 단계별 시험(필기,실기 등)은 명칭과 상관 없이 합산 신청 가능(개별 신청하여 지급 완료 시, 당해 연도 추가 신청 및 소급 지원 불가)

❍ 지원분야
  - 한국사 및 어학능력시험 : 국사편찬위원회 주관 한국사 시험 및 어학능력시험 20종 
  - 국가기술자격증 : 「국가기술자격법」시행규칙 별표2에 따른 국가기술자격증
  - 국가전문자격증 : 한국산업인력공단(Q-net) 국가자격 종목별 상세정보 참고 /*자동차운전면허 제외
  - 국가공인자격증 : 민간자격정보서비스에 등록된 &apos;공인&apos;자격증 /* 민간자격정보서비스 상의 구분이 ""부분공인""이라면 국가공인 등급(급수) 취득 및 해당 성적 달성 시에 한하여 지원 가능 /* 민간자격정보서비스 상의 구분이 ""등록""이라면 지원 제외 ",        ,        ,,"1. 주민등록표 초본: 신청월 발급본, 발생일/신고일 포함, 마지막장까지 제출
2. 건강보험 자격득실 확인서: 신청월 발급본, 발급시 조회 조건 전체
*건강보험 자격득실 확인서 가입자구분이 구분없음일 때 고용보험자격이력내역서로 대체 제출
3. 응시사실 증명서류: 응시 확인서 또는 성적표
*성명, 응시일, 자격종목(명) 등 확인할 수 있는 서류(시험 접수증, 수험표 불인정)
*민간자격정보서비스상 구분이 ‘부분공인’인 종목은 국가공인 자격증 사본 또는 공인 등급이 명시된 성적표 제출 
4. 결제영수증
*결제 금액, 일시, 승인번호, 거래처 등이 포함된 영수증(시험 사이트에서 발급된 영수증 불인정)
5. 통장 사본: 은행명, 성명, 계좌번호 표기

※ 서류 보완이 필요한 경우, 보완 요청을 할 수 있음(기한 내(보완요청일 기준 3일) 미제출시 부적격처리)",시험 응시 → 광주청년통합플랫폼 접수 → 제출 서류 확인 (자격심사 및 중복지원여부 조회) → 선정안내 및 만족도조사 → 지원금 지급,https://youth.gwangju.go.kr/www/50?siteId=www&policyId=1389&url=%2Fwww%2Fpolicy%2FgjYgPolicyView,main,primary,7월마감2026년구직청년자격증취득지원사업8월3일10시접수예정,전남광주통합특별시,,교육･직업훈련,교육비지원
youth,20260722005400213283,[조선대] 현직자 리얼토크 멘토링 : 하이트진로음료,"○ 현직자 리얼토크 멘토링 : 하이트진로음료
· 현직자가 알려주는 실무 이야기 및 취업 노하우 제공
· 온라인 마케팅 현직자의 실제 업무 소개
· 취업 준비 과정 및 합격 노하우 안내
· 취업 전 알아야 할 현실 이야기 및 현직자 실시간 Q&A 운영",인력/일자리,전남광주통합특별시,전남광주통합특별시,0013010 | 0049010,청년,만 19세 ~ 만 39세,19,39,,소득조건코드=0043001 / 소득범위=0~0,,"○ 온라인 마케팅 전략
· 온라인 채널, 광고 기획, 퍼포먼스 마케팅 전략 노하우 전수
○ 자사몰 운영
· 자사몰 기획 및 운영 실무 전체 흐름 안내
○ 콜라보 브랜딩
· 타사와의 콜라보 브랜딩 및 마케팅 역량 안내
○ 취업 준비 전략
· 현직자의 취업 준비 경험 및 취업 노하우 공유
○ 현직자 Q&A
· 취업 관련 궁금한 사항 질의응답",20260721,20260721,"○ 운영방식
· 비대면(ZOOM)
○ 참여기업
· 하이트진로음료",,"○ 신청방법
· 학생통합지원시스템(THE조아) 참여 신청
· 신청 링크: https://link24.kr/FAfoPnG",https://link24.kr/FAfoPnG,main,primary,조선대현직자리얼토크멘토링하이트진로음료,전남광주통합특별시,20260721~20260721,일자리,취업
youth,20260722005400213282,2026년 완도군 청년 자격증 응시료 지원사업,청년 구직활동의 경제적 부담 완화 및 취업 능력 개발 지원을 위해 자격증 응시료 지원,교육/멘토링,전남광주통합특별시,전남광주통합특별시,0013010 | 0049010,청년,만 19세 ~ 만 49세,19,49,,소득조건코드=0043001 / 소득범위=0~0,,"어학·한국사, 국가자격증 응시료 실비 및 교재비 지원
 - 실제 결제한 응시료 및 교재비에 한하여 최대 10만원까지 지급
 - 연 10만원 한도 내에서 1인당 최대 2회까지 신청 가능
 - 지원분야
   (어학8종) 토익(TOEIC), 토익스피킹, 토플(TOEFLE), 아이엘츠(IELTS), 오픽(OPIC), 텝스(TEPS), 지텔프(G-TELF), 플렉스(FLEX)
   (한국사)  한국사능력검정시험
   (국가, 민간자격) 국가기술자격증(국가기술자격법 시행규칙 별표 2), 국가전문자격증(개별법), 국가공인민간자격증(개별법)
    한국산업인력공단(Q-net) 사이트를 통해 세부 종목 확인 가능
   (www.q-net.or.kr→국가자격시험→자격정보→국가자격종목별상세정보)",20260121 ~ 20261210,        ,,"응시료 지원 신청서(개인정보동의서 포함)
응시사실 확인 증빙자료 및 교재사진
응시료 및 교재 결제 영수증
주민등록초본
건강보험 자격득실확인서
통장사본","온라인 접수(이메일 ruddnr0405@korea.kr) 제출 ※ 선착순 모집
- 신청기간 : 2026. 1. ~ 12. / 매월 1일 ~ 10일 접수
- 제출서류는 스캔 또는 선명하게 촬영 후 파일로 제출
- 자세한 사항은 공고문 참고",https://youth.gwangju.go.kr/www/51?siteId=www&plcyNo=20260702005400213247&url=%2Fwww%2Fpolicy%2FallYgPolicyView,main,primary,2026년완도군청년자격증응시료지원사업,전남광주통합특별시,20260121 ~ 20261210~,교육･직업훈련,교육비지원
youth,20260722005400213281,「광주청년 일경험드림 사업」 제20기 드림청년(참여청년) 모집,"○ 지역 미취업 청년 대상 일경험 지원
· 다양한 일경험을 통해 진로와 직업 비전을 찾을 수 있도록 지원
· 매칭된 사업장에서 일경험 제공 및 근로에 따른 급여 지급
· 직무교육과 연계활동 지원",인력/일자리,전남광주통합특별시,전남광주통합특별시,0013010 | 0049010,청년,만 19세 ~ 만 39세,19,39,,소득조건코드=0043001 / 소득범위=0~0,,"○ 자기주도형
· 5개월, 주 25시간, 월 131시간
· 직무 탐색과 자기 계발을 병행하여 개인의 성장 가능성을 확장하는 트랙

○ 집중참여형
· 3개월, 주 40시간, 월 209시간
· 심화된 직무를 경험하며 실무 역량을 강화하는 트랙

○ 급여
· 2026년 광주광역시 생활임금 13,303원 적용
※ 희망 사업장의 모집 트랙유형에 따라 지원 가능",20260801,20261231,"○ 제외대상
· 광주청년 일경험드림 사업 참여 이력이 있는 자
· 수당 및 인건비를 지급받는 정부·지자체 사업에 참여 중인 자
· 학교 재학생 및 휴학생
※ 졸업예정자는 일경험드림사업 누리집 참고",☞ 자세한 내용은 붙임파일을 확인해주시기 바랍니다,"○ 면접신청(온라인)
· 광주청년 일경험드림 사업 누리집 회원가입(http://gjyouthdream.com)
· 면접신청서(자기소개서) 작성
· 구비서류 첨부

○ 드림만남의 날(최종신청)
· 시청 방문
· 희망사업장 상담
· 현장면접
· 최종신청서 작성·제출",http://gjyouthdream.com,main,primary,광주청년일경험드림사업제20기드림청년참여청년모집,전남광주통합특별시,20260801~20261231,일자리,취업
youth,20260722005400213279,(연장신청)청년맞춤형 주택임차보증금 이자지원,"대학(원)생, 취업준비생, 사회초년생의 임대보증금 대출을 알선하고 대출이자의 일부를 이차보전하여 주거안정에 기여
○ 신규임차계약 : 2026. 7. 6.(월) 09:00 ~ 7. 15.(수) 18:00 (10일) 
○ 갱신임차계약 : 2026. 7. 1.(수) 09:00 ~ 7. 10.(금) 18:00 (10일)",주거,전남광주통합특별시,전남광주통합특별시,0013010 | 0049010,청년,만 19세 ~ 만 39세,19,39,,소득조건코드=0043001 / 소득범위=0~0,,"★26.5.15. 기준으로 임차보증금 기준 변경(2억원 -> 2.5억원)

2억5천만원이하 주택임차보증금 90% 이내(최대1억원) 
이자 일부(2%) 2년간 이차보전 | 연장1회 가능(최장4년)",        ,        ,"★26.5.15. 기준으로 본인(4천5백만원->5천만원) 및 부부합산 소득기준(6천만원->8천만원) 변경 

연 소득 : (부모)7천만원 이하, (본인)5천만원 이하, (부부합산) 8천만원 이하","※ 모든 서류는 신청일 기준 1개월 이내 발급분으로 제출 필수
   - 동의서 등 제출서류 일체(서명 필수) 스캔(내용식별 가능해야 함)
     → 서류는 제출 항목별로 압축 파일로 저장하여 업로드

○ 공통서류
 - 임차보증금 이자지원 신청자 의무사항 및 각서(공고문 서식 1)
 - 개인정보 수집‧이용 및 제3자 정보제공 동의서 (공고문 서식 2) 
   → (취업준비생) 본인 포함 부모님 서명 / (취창업자) 본인 서명 / (기혼자) 본인 포함 배우자 서명 필수 
 - 주민등록초본(주소변경이력포함, 발급일자 필수)
 - 주민등록등본(발급 일자 필수)
 - 가족관계증명서(본인 주민번호 전체 표시)
 - &apos;25~26 지방세 세목별 과세증명서(전국/전체) *홈택스 [미과세증명서] 증명서로 대체(선택: (전국) 체크 / 조회 : 재산세(전체), 취득세(부동산) 체크)
   ** 미과세증명서 발급이 안될시 : 지방세 세목별 과세 증명서 + [청약홈] 주택소유확인서 추가 제출
 - 건강보험 자격득실확인서(가입이력전체포함)
 - 2026 건강보험 납부확인서(취창업자:본인, 기혼자:본인 및 배우자, 취준생:부모)
 - 건강보험 자격확인서(소득산정 가구원의 건강보험 자격확인, 가입이력포함)
 - (갱신 및 연장인경우) 임대차계약서, 부모의 가족관계증명서(기혼의 경우 배우자 부모의 가족관계증명서 포함)
 
○ 대학(원)생, 취업준비생 추가서류 
 - 부모의 2025년도 소득금액증명원 또는 원천징수영수증 (부모 모두)
 - 사실증명원 (부모가 소득이 없는 경우) 
 - 재학(휴학)증명서 / 졸업증명서 등 (총장 직인 필수)
  ※ 본인소득 심사를 원하는 경우 공고문 3p의 예외사항 조건을 모두 충족할 시 가능
    → 이때 본인 기준 소득증빙서류, 현재 혹은 직전 취창업 확인서류 제출(공고문 5p 참고)

○ 취창업자 추가서류 
 - 재직증명서(사업자의 경우 사업자등록증, 최근1개월내 발급분 아닌 경우 사업등록증명 보완)
 - 현재 근무지(사업지)의 본인의 2025년도 소득금액증명원 또는 원천징수영수증(공고문 참고)","상단 신청하기 클릭(신청시작일 생성), 접수 - 적격자 알림(시→은행, 신청인) - 대출적격자 통보(은행→신청인, 시) - 대출실행(은행→신청인) - 이자지원(시→은행)",https://youth.gwangju.go.kr/www/50?siteId=www&policyId=1241&url=%2Fwww%2Fpolicy%2FgjYgPolicyView,main,primary,연장신청청년맞춤형주택임차보증금이자지원,전남광주통합특별시,,주거,전월세 및 주거급여 지원
youth,20260722005400213278,광주형 청년일자리 공제(추가모집_마감),"지역 중소기업 재직 청년에 대한 재정 지원을 통해 장기근속 및 지역정착을 유도하고, 미취업 청년의 지역기업 유입 촉진 도모",복지/문화,전남광주통합특별시,전남광주통합특별시,0013010 | 0049010,청년,만 19세 ~ 만 39세,19,39,,소득조건코드=0043001 / 소득범위=0~0,,"청년이 2년간 500만원을 적립하면 
기업(200만원)과 광주시(300만원)가 각각 적립 
24개월 후 만기공제금 1,000만원 지원",20260417,20260625,"[지원사업 제외대상]
 
기   업 : 모집공고 2페이지 가입 제외 기업 참고, 11페이지 가입 제외 기업 (지원제외 업종) 참고

청   년 : 모집공고 4페이지 가입 제외자 참고, 10페이지 별첨 1 가입 제외 청년 (*중복참여 불가 사업) 참고
 
*중복참여 불가 사업: 청년내일채움공제, 청년재직자내일채움공제, 청년13통장 등","*기업*
1. 가입 신청서(기업용) (서식1)
2. 부정수급 방지 확인서(기업용) (서식2)
3. 사업장정보 수집‧이용 및 제3자 제공 동의서 (서식3)
4. 사업자등록증명(+법인의 경우 등기사항전부증명서(현재 유효사항))
5. 4대 사회보험 사업장 가입자 명부
6. 국세 납세증명서
7. 지방세 납세증명서
8. 중소기업 확인서
9. 가입 청년 근로계약서
10. 환급계좌 통장 사본

*청년*
1. 가입 신청서(청년용) (서식1)
2. 부정수급 방지 확인서(청년용) (서식2)
3. 개인정보 수집‧이용 및 제3자 제공 동의서 (서식3)
4. 주민등록표 초본  (*주민등록표 등본 아님)
5. 가족관계증명서
6. 가입자 건강‧장기요양보험료 납부확인서(최근 6개월/ 2025년 3월 신청시 2024년 9월분부터 제출)
7. 환급계좌 통장 사본

-모든 서류는 신청일이 포함된 월 의 서류로 제출  (2월 신청 시, 2월 1일 이후 발급서류 제출)
-기업서류 (1~10)/ 청년서류 (1~7) 번호 순서대로 취합하여 기업용, 청년용 구분하여 pdf파일로 업로드",광주청년통합플랫폼 온라인 접수,https://youth.gwangju.go.kr/www/50?formSeq=52&mapngColumn=policy_id&mapngId=819&url=%2Fwww%2Fform%2FapplFormView,main,primary,광주형청년일자리공제추가모집마감,전남광주통합특별시,20260417~20260625,금융･복지･문화,취약계층 및 금융지원
youth,20260722005400213277,[22개 시·군] 2026 청년 잡업 프로젝트 자격증 취득 온라인 수강권 지원사업,"취업 경쟁력 강화를 위한 미취업 청년 대상 자격증 취득 온라인 수강권 지원(7개 분야 약 1,600개 이상 강의 제공)",교육/멘토링,전남광주통합특별시,전남광주통합특별시,0013010 | 0049010,청년,만 19세 ~ 만 34세,19,34,,소득조건코드=0043001 / 소득범위=0~0,,"전남광주통합특별시 22개 시·군 거주 미취업 청년(19~34세) 1,100명 대상 
다양한 강의로 원하는 스펙 쌓기! 자격증 관련 약 1,600개 이상 강의 수강권 무료 지원

지원분야 : 국가기술·국가전문·국가공인민간자격증, 한국사 및 어학시험, 
NCS 이론 및 실전 과목, 7·9급(PSAT) 공무원 공통 과목, 취업 후 실무 적용 기초사무능력 과정 등

※ 2026. 9. 1.(화) 오전 10시부터 신청 가능",20260901 ~ 20260930,20270731,,주민등록등본 및 건강보험 자격득실확인서(신청일 기준),온라인 신청 → 신청자 정보 조회 → 대상자 선정 안내 → 학습시작 → 만족도 조사,https://youth.gwangju.go.kr/www/50?siteId=www&policyId=1394&url=%2Fwww%2Fpolicy%2FgjYgPolicyView,main,primary,22개시군2026청년잡업프로젝트자격증취득온라인수강권지원사업,전남광주통합특별시,20260901 ~ 20260930~20270731,교육･직업훈련,교육비지원
youth,20260722005400213276,「공공임대주택 청년창업공간」입주기업 모집,"○ 공공임대주택 상가 유휴공간을 활용, 청년 창업 활동을 지원하여 지역 활성화와 일자리 창출을 돕기 위한 청년창업공간 입주기업 모집",인력/일자리,전남광주통합특별시,전남광주통합특별시,0013010 | 0049010,청년,만 19세 ~ 만 35세,19,35,,소득조건코드=0043001 / 소득범위=0~0,,"○ 개별 사무실 무상 제공
· 임차 보증금 및 임차료 지원
· 공간 규모: 전용 54㎡(약 16평)
· 소재지: 전남광주통합특별시 북구 서하로194번길 2 오치 주공 지하상가

○ 창업지원 프로그램 제공
· 창업 전문 교육기관 연계 창업지원 프로그램 제공",20260713 ~ 20260729,        ,"○ 신청제외 대상
· 타기관 창업지원 공간을 제공하는 유사 지원사업에 참여 중인 경우
· 북구 창업지원 공간을 제공하는 사업에 지원받은 이력이 있는 경우
· 국세·지방세를 체납하였거나 신용불량 거래자인 경우
· 중소기업 창업지원법 시행령 제4조에 해당하는 업종 등 해당 창업 지원 공간에 입주하기 어렵다고 판단되는 업종
· 기타 해당 사업 참여가 부적절하다고 판단할 만한 사유가 있는 자",☞ 자세한 내용은 붙임파일을 확인해주시기 바랍니다,"○ 신청방법: 온라인 및 방문 접수
· 온라인: 북구청 홈페이지 공지사항 확인 및 서식 작성 후 이메일 제출
· 이메일: espoirbr@korea.kr
· 방문: 북구청 청년미래정책관 접수
· 접수처: 북구 우치로 77, 2층 북구청 청년미래정책관 청년일자리팀
· 접수시간: 9:00~18:00
· 공휴일 및 점심시간 12:00~13:00 불가
※ 서류 제출 후 접수 확인 전화 요망, 제출 서류 누락시 본인에게 책임이 있음",https://youth.gwangju.go.kr/www/51?siteId=www&plcyNo=20260708005400213251&url=%2Fwww%2Fpolicy%2FallYgPolicyView,main,primary,공공임대주택청년창업공간입주기업모집,전남광주통합특별시,20260713 ~ 20260729~,일자리,창업
youth,20260722005400213275,2026년 7월 청년 취업 지원 프로그램 「취업힐링캠프」,"○ 광산구 청년 취업지원 프로그램 「취업힐링캠프」
· 광주청년일자리스테이션(동명)과 연계 운영
· 이력서·자기소개서 작성법, 면접 전략, 실전 모의면접, 면접 스피치, 플라워 디자인 클래스 운영",인력/일자리,전남광주통합특별시,전남광주통합특별시,0013010 | 0049010,청년,만 19세 ~ 만 39세,19,39,,소득조건코드=0043001 / 소득범위=0~0,,"○ 1~2회차
· 일정/시간: 2026. 7. 8.(수) 13:00~18:00
· 직무중심 서류 전략: 이력서·자기소개서 작성법
· 면접의 정석 기초: 첫인상 전략부터 실전 모의면접까지

○ 3~4회차
· 일정/시간: 2026. 7. 22.(수) 13:00~18:00
· 면접의 정석 완성: 유형별 면접 스피치·밀착 피드백
· 마음치유 원데이 클래스: 오감 만족 플라워 디자인 클래스",20260708,20260722,,,○ 신청방법 : 포스터 내 QR코드로 접속 후 참여신청서 제출,https://www.youthcenter.go.kr/youthPolicy/ythPlcyTotalSearch/ythPlcyDetail/20260722005400213275,main,primary,2026년7월청년취업지원프로그램취업힐링캠프,전남광주통합특별시,20260708~20260722,일자리,취업
youth,20260722005400213274,『광주청년창업지원센터』입주스타트업(20기) 모집,"○ 지역 내 청년(예비)창업가 전문기업 육성 및 지원을 위한 입주스타트업 모집
· 창업 준비 공간, 입주 공간, 정보교류, 창업교육 등 창업 관련 개방형 네트워크 공간 지원",인력/일자리,전남광주통합특별시,전남광주통합특별시,0013010 | 0049010,"스타트업,청년",만 15세 ~ 만 39세,15,39,,소득조건코드=0043001 / 소득범위=0~0,,"○ 사무공간 지원
· 사무용 집기류 및 무인경비시스템 제공
○ 편의시설 지원
· 회의실, 휴게실 등 공용시설 이용 지원
○ 창업지원 프로그램
· 센터 보유 기술고도화 자금지원 등 입주기업 협의회 네트워킹
· 비즈니스 고도화 교육, 컨설팅 및 기업 수요 기반 사업 지원 등",20260801,20270131,"○ 입주조건
· 입주계약서 체결 후 1개월 이내 사업자등록증 주소를 센터(I-PLEX광주)로 변경
· 사업자등록증 주소지 변경 이후 타 주소지 이전 불가
· 예비창업자의 경우 입주 후 15일 이내 창업 및 사업자등록 가능자
○ 신청자격 제한
· 중소기업창업지원법 시행령 제4조의 창업지원에서 제외되는 업종 불가",☞ 자세한 내용은 붙임파일을 확인해주시기 바랍니다,"○ 접수방법
· 방문접수 또는 e-mail 접수
○ 접수처
· [61436] 광주광역시 동구 동계천로 150 『I-PLEX 광주』 2층 운영본부(202호)
○ 접수메일
· jjanggon@gjtp.or.kr","https://www.gjtp.or.kr/home/business.cs?act=view&amp;bsnssId=2222&amp;ctg01=01,02,03,04,05,06,09,07,08,10,11,12&amp;ctg02=04&amp;ctg03=14&amp;pageIndex=1&amp;pageUnit=30&amp;searchKeyword=",main,primary,광주청년창업지원센터입주스타트업20기모집,전남광주통합특별시,20260801~20270131,일자리,창업
youth,20260722005400213273,2026년 신혼부부 전세자금 대출이자 지원 안내,"○ 「주택도시기금 신혼부부 전용 전세자금대출」 신규 대출자 및 대출 연장자 대출이자 지원
· 납입 대출이자의 일부 지원
· 무자녀 0.5%, 1자녀 0.7%, 2자녀이상 1.0%",주거,전남광주통합특별시,전남광주통합특별시,0013010 | 0049010,청년,만 1세 ~ 만 99세,,,,소득조건코드=0043001 / 소득범위=0~0,,"○ 납입 대출이자의 일부 지원
· 무자녀 0.5%
· 1자녀 0.7%
· 2자녀이상 1.0%
○ 지원한도
· 대출 신청자가 은행에 납입한 총 이자액 범위 내
○ 지급방법
· 연간 2회(상·하반기) 청구 및 지급
· 개인별 계좌입금",20260105 ~ 20261030,        ,"○ 취급은행
· 농협, 우리, 국민, 신한, 하나, iM, 부산",,○ 신청방법 : 광주아이키움플랫폼 확인 후 신청 및 청구(구비서류 첨부),https://youth.gwangju.go.kr/www/51?siteId=www&plcyNo=20260710005400213254&url=%2Fwww%2Fpolicy%2FallYgPolicyView,main,primary,2026년신혼부부전세자금대출이자지원안내,전남광주통합특별시,20260105 ~ 20261030~,주거,전월세 및 주거급여 지원
youth,20260722005400213272,[청년드림은행] 2026년 7월 가계부 워크샵 - 내꿈실현 돈관리,"만족스러운 돈 관리법을 찾고 계세요?
바로 여기 있어요!
나만의 꿈지도를 그리며 목표를 설정하고,
현실적인 돈 관리 방법을 듣고 싶다면 지금 바로 신청하세요!
✔ 강의 내용 맛보기
Vol. 1 돈과 관계맺기
Vol. 2 꿈 지도 그리기
Vol. 3 재무목표 설정
Vol. 4 재무 상태 파악하기
Vol. 5 예산 수립 및 통장 시스템
*실습이 있으니 향후 계획과 한달 지출 자료들을 준비해오시면 더 좋습니다!
✔ 강의를 수강하는 분들에게는 직접 작성할 수 있는 가계부를 선물로 드립니다!",복지/문화,전남광주통합특별시,전남광주통합특별시,0013010 | 0049010,청년,만 19세 ~ 만 39세,19,39,,소득조건코드=0043001 / 소득범위=0~0,,"✔이런 분에게 적합해요

- 돈 관리 어떻게 시작해야 할지 모르겠어요

- 나의 한 달 지출을 알고 싶어요

- 예산을 계획하고 통장 시스템을 만들고 싶어요

- 가계부를 활용해 지출 점검을 해보고 싶어요



*한번 강의를 들으신 분들은 참여가 취소될 수 있으며, 많은 분들의 참여을 돕고자 함이니 양해부탁드립니다.",20260708,20260722,,,"✔ 7월 20일(월)까지 신청 마감

- 일 시 : 2026년 7월 22일 (수) 저녁 7-9시

- 장 소 : 청년드림은행 (전남광주통합특별시 북구 무등로 237, 2층)

- 대 상 : 돈 관리법을 알고 싶은 전남,광주 청년 30명 선착순

- 문 의 : 청년드림은행 062-521-2567",https://www.youthcenter.go.kr/youthPolicy/ythPlcyTotalSearch/ythPlcyDetail/20260722005400213272,main,primary,청년드림은행2026년7월가계부워크샵내꿈실현돈관리,전남광주통합특별시,20260708~20260722,금융･복지･문화,취약계층 및 금융지원
youth,20260722005400213271,[광주 서구] 마음회복×진로설계 특강,"진로 불안에서 오는 스트레스에 대해 극복할수 있도록 긍정 감정의 선순환 구조를 만들고, 개인이 가진 핵심 강점 영역으로 인생의 방향성을 (재)설계 할수 있도록 지원",교육/멘토링,전남광주통합특별시,광주광역시,0013010 | 0049010,청년,만 19세 ~ 만 39세,19,39,,소득조건코드=0043001 / 소득범위=0~0,,"    ○ (오전) 미술치료 : 그림검사(빗속의 사람)을 통해 집단 동질감으로 고립감을 해소하고 취업 준비 과정의 심리적 어려움을 정황하여 자기 이해 증진
    ○ (오후) 강점검사 : AI강점 검사(9WAY)를 통한 강점 개발 및 적성에 맞는 진로 설계 제공",20260720 ~ 20260807,20260820,,,(7. 20. ~ 8. 7.) 참여자 모집 - (8. 13.) 선정자 개별 문자 - (8. 20.) 진로설계 특강 운영 - (~8월) 활동증명서 발급 및 만족도 조사 취합,https://youth.gwangju.go.kr/www/50?siteId=www&policyId=1404&url=%2Fwww%2Fpolicy%2FgjYgPolicyView,main,primary,광주서구마음회복진로설계특강,전남광주통합특별시,20260720 ~ 20260807~20260820,교육･직업훈련,교육비지원
youth,20260722005400213270,[남구] 2026년 현직자와의 특별한 만남,"❍ 주요내용 : 광주 공기업 현직자 멘토와 청년 멘티(10명 내외)의 만남으로, 취업 노하우, 직무경험 등을 공유할 수 있는 강의 추진
 ❍ 멘토현황 
 - 한국토지주택공사 광주전남지부(경영지원팀)
 - 한국철도공사 광주본부 (경영인사처)
 - 광주교통공사 (2호선 운영기획단)
 - 광주교통공사 (신호팀)",교육/멘토링,전남광주통합특별시,전남광주통합특별시,0013010 | 0049010,청년,만 19세 ~ 만 39세,19,39,,소득조건코드=0043001 / 소득범위=0~0,,"  ❍ 주요내용 : 광주 공기업 현직자 멘토와 청년 멘티(10명 내외)의 만남으로, 취업 노하우, 직무경험 등을 공유할 수 있는 강의 추진
  ❍ 멘토현황 
    - 한국토지주택공사 광주전남지부(경영지원팀)
    - 한국철도공사 광주본부 (경영인사처)
    - 광주교통공사 (2호선 운영기획단)
    - 광주교통공사 (차량운영처)",        ,        ,,,"네이버폼 신청(중복신청 가능)
 https://naver.me/FJOcNIEc
(초과 인원 접수 시 모집 마감 될 수 있음)",https://youth.gwangju.go.kr/www/50?siteId=www&policyId=1405&url=%2Fwww%2Fpolicy%2FgjYgPolicyView,main,primary,남구2026년현직자와의특별한만남,전남광주통합특별시,,교육･직업훈련,교육비지원
youth,20260722005400213269,제4회 광주 북구청장배 청년 창업 아이디어 경진대회,"○ 지역 청년 창업 활성화
 · 창의적 창업 아이템 및 공공데이터 활용 혁신 아이디어 발굴
○ 청년창업 아이디어 경진대회 개최
 · 루키리그(예비창업자)·성장리그(기창업자) 운영
○ 모집분야
· 기술혁신 · 문화콘텐츠 · 지역문제해결 · 메디뷰티",인력/일자리,전남광주통합특별시,전남광주통합특별시,0013010 | 0049010,청년,만 15세 ~ 만 39세,15,39,,소득조건코드=0043001 / 소득범위=0~0,,"○ 시상금 지급
 · 총 상금 1,360만원 규모
○ 사업화 지원
 · 대상~장려상 팀별 최대 300만원 상당 사업화 자금 차등 지원
○ 후속지원
 · 대상~입상팀 북구 청년창업공간 입주기업 선정 심사 가점 부여",20260709 ~ 20260807,        ,"관련 공고문 참고
https://bukgu.gwangju.kr/board.es?mid=c20201000000&bid=0330&act=view&list_no=407",,○ 북구청년센터 홈페이지 공고문에서 참가신청서 다운로드 후 이메일(p9302050@korea.kr) 제출,https://bukgu.gwangju.kr/board.es?mid=c20201000000&bid=0330&act=view&list_no=407,main,primary,제4회광주북구청장배청년창업아이디어경진대회,전남광주통합특별시,20260709 ~ 20260807~,일자리,창업
youth,20260722005400213268,2026년 「청년농업인 스마트창농 교육」,"○ 농산물 유통·마케팅 교육을 통한 청년농업인의 경영혁신 역량 강화
· 유통경영, 마케팅, 브랜딩 실무교육 등",교육/멘토링,전남광주통합특별시,전남광주통합특별시,0013010 | 0049010,"농업인,청년",만 18세 ~ 만 45세,18,45,,소득조건코드=0043001 / 소득범위=0~0,,"○ 청년농업인 스마트창농 교육 운영
· 교육장소: 전남광주통합특별시농업기술센터 스마트농업교육관 등
· 교육내용: 유통경영, 마케팅, 브랜딩 실무교육 등
· 주요과정: 개강식, 퍼실리테이션, 농식품 브랜딩의 이해, 상품 포장 디자인과 패키지 전략, 청년농 농산물 직거래 우수사례, 갈등관리 및 소통 전략, 청년창업 우수사례 현장견학, 농산물 유통의 이해, 농업마케팅의 실제, 청년농업인 워크숍 등

※ 상기 일정은 상황에 따라 변경될 수 있음",20260716 ~ 20260731,        ,,☞ 자세한 내용은 붙임파일을 확인해주시기 바랍니다,"○ 제출방법: 이메일 또는 방문접수
· 이메일: youmin9355@korea.kr
· 방문신청: 09:00~18:00 농업기술센터 농업지원과 인력육성팀(1층) 방문
· 주소: (우)62450 광주광역시 광산구 평동로 639-22(용곡동 418)

※ 이메일 접수시, 제출 후 담당자 접수 확인 필수",https://youth.gwangju.go.kr/www/50?siteId=www&policyId=1407&url=%2Fwww%2Fpolicy%2FgjYgPolicyView,main,primary,2026년청년농업인스마트창농교육,전남광주통합특별시,20260716 ~ 20260731~,교육･직업훈련,온·오프라인교육
youth,20260722005400213267,(서해구) 청년 자격증 응시료 지원,취업에 어려움을 겪고 있는 인천 청년에게 자격증 응시료 지원을 통한 경제적 부담 경감 및 사회진입 활성화 도모,인력/일자리,인천광역시 서해구 경제환경국 기업일자리정책과,인천광역시,건강보험 직장가입자 및 개인사업자는 제외 | 0013003 | 0049010,청년,만 18세 ~ 만 39세,18,39,--,소득조건코드=0043001 / 소득범위=0~0,,"○ 1인1회, 연 최대 10만원 범위 자격증시험 응시료 지원
※ 실제 본인이 부담한 비용만 신청 가능
○ 지원 자격증 종목
 - 국가기술자격증, 국가전문자격증, 국가공인민간자격, 한국사 및 어학시험
 ※ 자세한 자격증 종목은 하단의 참고사이트를 확인하시기 바랍니다.
 ※ 한국산업인력공단(Q-net) 국가기술자격 시험 응시료의 50%를 감면 지원받은 경우, 차액(실제 결제액)을 지원합니다.",20260201 ~ 20261130,,--,"시험 결제영수증(필수)
시험응시 증빙서류(필수)
통장사본(본인명의)(필수)
사업자등록여부 사실증명(필수)
건강보험자격득실확인서(필수)
추가서류(필요시)(선택)",,https://youth.incheon.go.kr/bbs/bbsMsgDetail.do?msg_seq=40&bcd=notice,main,primary,서해구청년자격증응시료지원,인천광역시서해구경제환경국기업일자리정책과,20260201 ~ 20261130~,일자리,취업
youth,20260722005400213266,(검단구) 청년 자격증 응시료 지원,취업에 어려움을 겪고 있는 인천 청년에게 자격증 응시료 지원을 통한 경제적 부담 경감 및 사회진입 활성화 도모,인력/일자리,인천광역시 청년정책담당관,인천광역시,건강보험 직장가입자 및 개인사업자는 제외 | 0013003 | 0049010,청년,만 18세 ~ 만 39세,18,39,--,소득조건코드=0043001 / 소득범위=0~0,,"○ 1인1회, 연 최대 10만원 범위 자격증시험 응시료 지원
※ 실제 본인이 부담한 비용만 신청 가능
○ 지원 자격증 종목
 - 국가기술자격증, 국가전문자격증, 국가공인민간자격, 한국사 및 어학시험
 ※ 자세한 자격증 종목은 하단의 참고사이트를 확인하시기 바랍니다.
 ※ 한국산업인력공단(Q-net) 국가기술자격 시험 응시료의 50%를 감면 지원받은 경우, 차액(실제 결제액)을 지원합니다.",20260201 ~ 20261130,,--,"시험 결제영수증(필수)
시험응시 증빙서류(필수)
통장사본(본인명의)(필수)
사업자등록여부 사실증명(필수)
건강보험자격득실확인서(필수)
추가서류(필요시)(선택)",,https://youth.incheon.go.kr/bbs/bbsMsgDetail.do?msg_seq=40&bcd=notice,main,primary,검단구청년자격증응시료지원,인천광역시청년정책담당관,20260201 ~ 20261130~,일자리,취업
youth,20260722005400213265,2026 지역가치창업가 양성사업,잠재력있는 예비 청년창업가 발굴하여 창업역량 강화 지원,인력/일자리,서울특별시 민생노동국 상권활성화과,서울특별시,0013010 | 0049010,청년,만 19세 ~ 만 39세,19,39,,소득조건코드=0043001 / 소득범위=0~0,,"창업교육 및 컨설팅, 창업자금 3천만원 지원",20260420 ~ 20260514,20261231,,,지원서 다운로드 후 이메일로 접수,https://underdogs.global/apply/2026-localinseoul,main,primary,2026지역가치창업가양성사업,서울특별시민생노동국상권활성화과,20260420 ~ 20260514~20261231,일자리,창업
youth,20260722005400213264,서울영커리언스 점프업(미래 청년 일자리 사업),미래 변화를 주도할 신산업 분야 청년일자리 발굴 및 제공,인력/일자리,서울특별시 미래청년기획관 청년정책담당관,서울특별시,0013003 | 0049010,청년,만 19세 ~ 만 39세,19,39,대학생 참여 불가,소득조건코드=0043001 / 소득범위=0~0,,최대 6개월 일자리(서울형 생활임금) 지원 + 역량강화 교육 지원,20260504 ~ 20260531,20261231,대학생 참여 불가,(필요시) 취업취약계층 증빙 등,청년몽땅정보통(youth.seoul.go.kr) 온라인 신청,https://youth.seoul.go.kr/infoData/plcyInfo/view.do?key=2309150002&plcyBizId=V202600006,main,primary,서울영커리언스점프업미래청년일자리사업,서울특별시미래청년기획관청년정책담당관,20260504 ~ 20260531~20261231,일자리,취업
youth,20260718005400113262,경계선지능청년지원,"법상 지적장애에 해당하지 않아 각종 지원 사각지대에 존재하는 경계선 지능 청년(18~39세)에게 상담, 기초소양 및 구직기술 습득 지원 등 맞춤형 프로그램 지원",복지/문화,고용노동부,전국,"""o 한 명의 참여자가 동시에 다수의 경계선지능청년지원 사업 참여 제한
o 동일한 내용의 프로그램 재참여 및 프로그램 최대 참여 횟수는 2회"" | 0013010 | 0049010",청년,만 18세 ~ 만 39세,18,39,,소득조건코드=0043001 / 소득범위=0~0,,"""ㅇ (내용) 참여자 참여수당(1인 20만원) 및 지자체 사업비(1인 80만원) 지급
 ㅇ (방법) 경계선 지능 청년(18~39세) 발굴, 상담, 기초소양 및 구직기술 습득 지원 등 프로그램 지원
  ① (지자체 선정) 공모를 통해 사업 희망하는 지자체 선정
  ② (참여자 발굴) 경계선 지능 청년(18~39세) 발굴
  ③ (프로그램 운영) 상담, 지역 및 참여자 특성 고려한 기초소양 및 구직기술 습득 프로그램 운영
  ④ (서비스연계) 프로그램 종료 후 국취, 청년 일경험 지원사업 등 연계""
",20260101 ~ 20261231,        ,,,"""선정된 지자체/운영기관 통해 신청",https://www.moel.go.kr/policyitrd/policyItrdView.do?policy_itrd_sn=413,main,primary,경계선지능청년지원,고용노동부,20260101 ~ 20261231~,금융･복지･문화,취약계층 및 금융지원
youth,20260718005400113261,청년미래플러스,"산업계와 협업하여 청년의 구직부터 재직 및 산업 내 성장까지 청년고용 전체 주기를 지원하고, 기업의 청년 친화적인 조직문화 조성을 지원",인력/일자리,고용노동부,전국,"""◦(구직청년 프로그램) 재학생의 참여 제한(졸업예정자는 가능)
◦(재직청년 프로그램) 중견·중소기업에 채용 후 3년 이내인 15세 이상 34세 이하 청년
◦( 조직문화 개선 프로그램) 중견·중소기업에 재직중인 CEO‧중간관리자‧인사담당자"" | 0013010 | 0049010","중소기업,청년",만 15세 ~ 만 34세,15,34,"◦ 군 경력자는 복무기간에 비례하여 참여 제한 연령을 연동하여 적용(최고 만 39세로 한정)
",소득조건코드=0043001 / 소득범위=0~0,,"""◦구직청년, 재직청년, 조직문화 개선 3개 유형으로 운영
 - (구직청년) 미취업 청년을 대상으로 취업 컨설팅, 맞춤형 직무교육,  멘토링 등을 제공하여 취업을 지원
 - (재직청년) 중소·중견기업 재직 청년을 대상으로 온보딩 및 직무교육, 멘토링, 경력설계 등을 제공하여 산업 내 안착과 성장을 지원
 - (조직문화 개선) 중소·중견기업의 CEO, 중간관리자, 인사담당자 대상으로 청년친화적 조직문화 조성을 위한 교육 제공""",        ,        ,"◦ 군 경력자는 복무기간에 비례하여 참여 제한 연령을 연동하여 적용(최고 만 39세로 한정)

""1. 구직청년 프로그램: 취업컨설팅, 직무교육, 멘토링, 취업연계 등 지원
2. 재직청년 프로그램: 온보딩 및 직무교육, 멘토링, 경력설계 등 지원
3. 조직문화 개선 프로그램: 청년세대 이해, 커뮤니케이션, 리더십, 공정채용 등에 관한 교육 지원
*선정된 운영기관별 모집일자, 산업특화 프로그램 내용 등이 상이할 수 있으므로 운영기관별 모집 내용 확인""",,"""청년미래플러스 운영기관으로 선정된 7개 기관에 문의
운영기관은 한국산업인력공단 홈페이지의 공지사항에서 확인 가능(https://hrdkorea.or.kr)""",https://hrdkorea.or.kr,main,primary,청년미래플러스,고용노동부,,일자리,취업
youth,20260716005400113260,청년일자리도약장려금,"기업의 청년고용 확대를 지원하고, 취업애로청년의 취업을 촉진함으로써 청년고용 활성화를 목적으로 함",인력/일자리,고용노동부,전국,0013003 | 0049010,청년,만 15세 ~ 만 34세,15,34,,소득조건코드=0043001 / 소득범위=0~0,,"□ 「청년일자리도약장려금」은 사업주와 근로자를 지원하여 청년의 신규 일자리 창출을 통한 청년고용 활성화를 위한 사업으로,
- (유형 Ⅰ ) 취업애로청년의 취업을 촉진하고,
- (유형 Ⅱ ) 제조업 등 빈 일자리 업종의 인력난 완화와 청년에게는 신규 일자리 창출 및 장기근속 지원을 목적으로 함(6개월 이상 근속시 청년장기근속인센티브 신청 가능)

□ (청년 요건) 채용일 기준 만 15세~34세 청년으로 기업요건을 만족한 기업에 정규직으로 6개월 이상 근속
□ (채용 요건) 주 소정근로시간 28시간 이상, 최저임금법 준수, 월 평균 급여 450만원 이하인 자 등

*자세한 요건은 2026년도 사업운영 지침 및 2026년도 운영기관을 통해 문의하실 수 있습니다. 
https://www.work24.go.kr/wk/k/a/1430/operOrgList.do",        ,        ,"□ (기업 요건) 고용보험 상 기준 피보험자수 5인 이상인 우선지원대상기업

     * 지식서비스·문화콘텐츠·신재생에너지 산업, 청년창업기업, 미래유망기업, 지역주력산업에 해당하는 기업은 기준 피보험자 수 1인 이상도 가능. (단, 도약장려금 지원받고자 하는 청년, 대표자 등은 기준 피보험자수에 해당하지 않음)

ㅇ (수도권) 취업애로청년을 채용한 수도권 내 5인 이상 우선지원대상기업

     * (취업애로청년) ▴4개월 이상 실업, ▴고졸 이하 청년 등

ㅇ (비수도권)  청년을 채용한 비수도권 내 5인 이상 우선지원대상기업 및 중견기업

□ (청년 요건) 채용일 기준 만 15세~34세 청년으로 기업요건을 만족한 기업에 정규직으로 6개월 이상 근속

□ (채용 요건) 주 소정근로시간 28시간 이상, 최저임금법 준수, 월 평균 급여 450만원 이하인 자 등



*자세한 요건은 2026년도 사업운영 지침 및 2026년도 운영기관을 통해 문의하실 수 있습니다. 

https://www.work24.go.kr/wk/k/a/1430/operOrgList.do",,"○ 온라인 신청
- 고용24(www.work24.go.kr) 에서 사업장 소재지 관할 운영기관 선택 후 사업참여 신청
- ""고용24"" 상단의 ""기업 탭""에서 ""도약장려금 운영기관"" 검색 후, 사업장 주소지의 운영기관 선택",https://www.work24.go.kr/wk/k/a/1430/operOrgList.do,main,primary,청년일자리도약장려금,고용노동부,,일자리,취업
youth,20260714005400113259,청년도약 인재양성 부트캠프,청년(비재학생) 대상으로 대학-기업이 함께 수준별 단기 집중교육을 제공하여 역량 제고 및 사회참여 기회 제공,교육/멘토링,교육부,전국,0013010 | 0049007,청년,만 19세 ~ 만 34세,19,34,첨단산업 분야 취·창업을 희망하는 청년(만19세 ~ 34세 이하 청년),소득조건코드=0043001 / 소득범위=0~0,,"청년도약 인재양성 부트캠프는 대학의 우수한 교육 체계와 교내 기반 시설(인프라)을 활용하여 청년들에게 재도약 기회를 제공하는 프로그램이며,
 <첨단인재형> 은 AI, 반도체, 이차전지, 항공우주 등 첨단분야 중심의 교육을, 
 <실전인재형> 은 인문,사회,예슬, 서비스 등의 분야에서 직무 중심의 AI전환 교육과정을 지원합니다. 
* 자세한 사항은 한국산업기술진흥원(https://www.nais.or.kr) 참조
",20260707 ~ 20280229,20280229,"첨단산업 분야 취·창업을 희망하는 청년(만19세 ~ 34세 이하 청년)

첨단산업 분야 취·창업을 희망하는 청년(만19세 ~ 34세 이하) 청년",,"(온라인신청)https://www.nais.or.kr/
청년도약 부트캠프 ->교육프로그램 신청 -> 회원가입 및 로그인 -> 대학별 교육프로그램 확인 및 하단의 신청하기 버튼 클릭 -> 정보 입력 후 제출

* 신청기간은 각 대학별로 상이함.",https://blog.naver.com/we_are_youth/224324345256,main,primary,청년도약인재양성부트캠프,교육부,20260707 ~ 20280229~20280229,교육･직업훈련,미래역량강화
youth,20260714005400113258,k-뉴딜 아카데미,청년이 선호하는 대기업 등이 주도로 청년이 선호하는 분야의 프로그램을 설계·운영하여 직무역량 향상과 사회·직장 적응 지원 등을 통해 자신감 회복과 새로운 도약을 지원,인력/일자리,고용노동부,전국,"ㅇ(참여제한) 아래 기준 중 하나에 해당하는 경우, 아카데미 참여가 제한됩니다.
① 취업 중이거나 사업자등록 중인 사람
  * 아카데미 개시 전까지 참여 제한 사유가 해소되는 경우 참여 가능(증빙서류 제출 필요)
 ② 「초·중등교육법」에 다른 고등학교 및 「고등교육법」에 따른 대학(원) 재학생
  ⁎︎ 대학(원) 졸업예정자(4학년 2학기 이상 또는 마지막 학기 등록자)이거나 졸업예정자가 아니더라도 신청일 현재 휴학 중으로 및 장기 휴학생(연속 1년 이상 또는 통산 2년 이상 휴학 중인 자)임을 증명한 경우에는 참여 가능  
 ③  「직업안정법」에 다른 직업안정기관에 구직등록을 하지 않은 사람
 ④ 국가 또는 지방자치단체가 실시하거나 비용을 지원하는 직업능력개발훈련을 수강하고 있는 사람
 ⑤ 대한민국 국적을 보유하지 않은 사람 | 0013003 | 0049010",청년,만 15세 ~ 만 34세,15,34,"ㅇ미취업 청년(만 15세 이상~만 34세 이하)
 * 참여 신청일 현재 고용보험에 가입되어 있지 않은 사람",소득조건코드=0043001 / 소득범위=0~0,,"ㅇ 참여 청년에게는 참여수당(최대 월 50만원까지)과 훈련비 전액 지원(자부담 없음)

 - 수료 후에는 고용센터를 통해 취업지원 등 고용서비스 연계 가능

⁎︎ 아카데미 개시일 기준 연도에 최대 2회까지 참여 가능하며, 동시에 여러 아카데미에 참여하거나, 동일한 아카데미에 재참여할 수 없습니다. ",20260707 ~ 20261231,        ,"ㅇ미취업 청년(만 15세 이상~만 34세 이하)
 * 참여 신청일 현재 고용보험에 가입되어 있지 않은 사람",,"ㅇ 고용24(www.work24.go.kr)에서 'K-뉴딜 아카데미' 검색 후 아카데미 정보 확인 
    → 연계된 개별 기업 모집 페이지에서 수강 신청
      * 아카데미는 2026년 6월말부터 순차개설 예정",https://www.work24.go.kr/hr/a/a/1100/trnnCrsInf8.do?dtlContextPath=&redirectUrl=%2Fa%2Fa%2F1100%2FtrnnCrsInf8Post.do&topArea=&dtlSmtmConcCtrlId=&dtlExnwMenuConcSecd=&programMenuIdentification=EBG020000001538&menuPurpSecd=EBM01&dtlPwdCfrmYn=&serverToday=20260716&currentMenuId=EBG020040400100&dtlForwardPolyUrl=&dtlMenuId=&dtlMenuPurpSecd=&area=&crseTracseSe=&crseTracseSeKDT=&ncs=&gvrnInstt=&selectNCSKeyword=&srchType=&compareArgArr=&action=trnnCrsInf8Post.do&pageId=12,main,primary,k뉴딜아카데미,고용노동부,20260707 ~ 20261231~,일자리,취업
youth,20260710005400113257,K-패스(K패스),"○ 국민 교통비 절감 및 대중교통 이용 활성화를 위해 정기적 대중교통 이용시 교통비 지출액의 일정비율 환급
○ 월15회 이상 K-패스 교통카드 사용 시 청년(19~34세) 대중교통비 30% 환급",복지/문화,국토교통부,전국,0013010 | 0049010,청년,만 0세 ~ 만 0세,,,,소득조건코드=0043001 / 소득범위=0~0,,"○ 월 15회 이상 대중교통 이용 시 지출액의 일정비율 환급(1일 최대 2회, 월 최대 60회까지)
- 일반층 : 20%
- 청년층 : 30% , ㆍ 청년기본법에 따른 만19~34세
- 저소득층 : 53%, ㆍ 기초생활보장법에 따른 기초생활수급자 및 차상위계층
- 2자녀가구 : 30%
- 3자녀 이상 가구 : 50%",        ,        ,"○ 전화문의 :  (국토교통부) K-패스 고객센터 (031-427-4415)
○ 2026.04.01 ~ 2026.09.30 한시 적용 정책으로, 시차 출퇴근 일반 혜택 20% → 50% 확대
○ K-패스 혜택과 함께 지자체 별 추가 혜택 있을 수 있음(인천, 경기, 세종, 충남, 전남광주통합특별시, 광주, 울산, 부산, 경남 등)",,"○ 신청방법 : K-패스 모바일 앱(App) 혹은 누리집(korea-pass.kr)을 통해 회원가입(회원가입 전 K-패스 카드 발급 필요)
1. K-패스 카드 발급
2. K-패스 회원가입
3.  K-패스 대중교통 이용
4. 익월 초 7영업일, 가장큰 환급 혜택을 카드사로 지급(기본형, 일반형, 플러스형 중 환급액이 큰 방식으로 자동 계산)
* 자세한 사항은 누리집(korea-pass.kr)에서 확인",https://korea-pass.kr/info/intro.do,main,primary,k패스k패스,국토교통부,,금융･복지･문화,취약계층 및 금융지원
youth,20260710005400113256,국민취업지원제도,"15~69세 이하 저소득 구직자, 청년, 중장년층 등 취업취약계층을 대상으로 취업지원서비스와 소득지원을 함께 제공하는 ‘한국형 실업부조’ 제도",인력/일자리,고용노동부,전국,0013003 | 0049010,청년,만 15세 ~ 만 69세,15,69,"∙ I유형
-(요건심사형) 15세~69세 구직자 중 중위소득 60% 이하, 재산 4억 이하(15~34세 청년은 재산 5억원 이하)이면서, 최근 2년 이내 100일 또는 800시간 이상의 취업경험이 있는 분
-(선발형) 15세~69세 구직자 중 요건심사형 중 취업경험 요건을 충족하지 못한 분( 15~34세 청년은 중위소득 120% 이하, 재산 5억원 이하, 취업경험은 선발시 고려)

∙ II유형: 15세~69세 구직자 중 I유형에 해당하지 않는 가구단위 중위소득 100% 이하(청년은 소득 무관)","소득조건코드=0043003 / 소득범위=0~0 / Ⅰ유형 중위소득60%이하, 중위소득120%이하 / Ⅱ유형 소득,재산무관",,"ㅇ소득·재산·취업경험에 따라 취업지원서비스와 구직촉진수당을 지원하는 Ⅰ유형, 취업지원서비스와 취업활동비용을 지원하는 Ⅱ유형으로 구분
(공통) 심층상담, 직업훈련, 일자리정보 제공 등 취업지원서비스
(Ⅰ유형) 구직촉진수당 : 취업활동계획에 따른 구직활동 이행시 월 60~100만원*, 6개월 지원
   *부양가족(18세이하, 70세 이상, 중증장애인)1인당 10만원씩 추가
(Ⅱ유형) 참여수당 : 취업활동비용 최대 35만원 지원
(취업성공수당) 중위소득 60%이하인 자 및 특정계층 참여자, 최대 150만원 지원",        ,        ,"∙ I유형
-(요건심사형) 15세~69세 구직자 중 중위소득 60% 이하, 재산 4억 이하(15~34세 청년은 재산 5억원 이하)이면서, 최근 2년 이내 100일 또는 800시간 이상의 취업경험이 있는 분
-(선발형) 15세~69세 구직자 중 요건심사형 중 취업경험 요건을 충족하지 못한 분( 15~34세 청년은 중위소득 120% 이하, 재산 5억원 이하, 취업경험은 선발시 고려)

∙ II유형: 15세~69세 구직자 중 I유형에 해당하지 않는 가구단위 중위소득 100% 이하(청년은 소득 무관)

ㅇ 소득·재산·취업경험에 따라 참여요건(Ⅰ·Ⅱ유형)이 있으며, 최근2년이내 100일 이상 취업경험이 없거나, 청년 중 중위소득 60~초과~120%이하 가구일 경우 예산상황에 따라 Ⅰ유형으로 지원되지 않을 수 있음.
ㅇ 참여제한대상 : 현재 취업 중인 자 (단, 불완전 취업자는 예외), 실업급여 수급 중인 자, 상급학교 진학 목적의 재학생",,"ㅇ (오프라인)  주소지 관할 고용센터 방문
ㅇ (온라인) 고용24홈페이지-취업지원-국민취업지원제도-취업지원신청",https://www.work24.go.kr/cm/main.do,main,primary,국민취업지원제도,고용노동부,,일자리,취업
youth,20260710005400213254,2026년 신혼부부 전세자금 대출이자 지원 안내,"○ 「주택도시기금 신혼부부 전용 전세자금대출」 신규 대출자 및 대출 연장자 대출이자 지원
· 납입 대출이자의 일부 지원
· 무자녀 0.5%, 1자녀 0.7%, 2자녀이상 1.0%",주거,전남광주통합특별시,전남광주통합특별시,0013010 | 0049010,청년,만 1세 ~ 만 99세,,,,소득조건코드=0043001 / 소득범위=0~0,,"○ 납입 대출이자의 일부 지원
· 무자녀 0.5%
· 1자녀 0.7%
· 2자녀이상 1.0%
○ 지원한도
· 대출 신청자가 은행에 납입한 총 이자액 범위 내
○ 지급방법
· 연간 2회(상·하반기) 청구 및 지급
· 개인별 계좌입금",20260105 ~ 20261030,20261231,"○ 취급은행
· 농협, 우리, 국민, 신한, 하나, iM, 부산",,○ 신청방법 : 광주아이키움플랫폼 확인 후 신청 및 청구(구비서류 첨부),https://www.xn--hc0by27bu6atul3dc6t.kr/main/rentSubsidy,main,primary,2026년신혼부부전세자금대출이자지원안내,전남광주통합특별시,20260105 ~ 20261030~20261231,주거,전월세 및 주거급여 지원
youth,20260708005400213252,2026년 7월 청년 취업 지원 프로그램 「취업힐링캠프」,"○ 광산구 청년 취업지원 프로그램 「취업힐링캠프」
· 광주청년일자리스테이션(동명)과 연계 운영
· 이력서·자기소개서 작성법, 면접 전략, 실전 모의면접, 면접 스피치, 플라워 디자인 클래스 운영",인력/일자리,전남광주통합특별시,전남광주통합특별시,0013010 | 0049010,청년,만 19세 ~ 만 39세,19,39,,소득조건코드=0043001 / 소득범위=0~0,,"○ 1~2회차
· 일정/시간: 2026. 7. 8.(수) 13:00~18:00
· 직무중심 서류 전략: 이력서·자기소개서 작성법
· 면접의 정석 기초: 첫인상 전략부터 실전 모의면접까지

○ 3~4회차
· 일정/시간: 2026. 7. 22.(수) 13:00~18:00
· 면접의 정석 완성: 유형별 면접 스피치·밀착 피드백
· 마음치유 원데이 클래스: 오감 만족 플라워 디자인 클래스",        ,        ,,,○ 신청방법 : 포스터 내 QR코드로 접속 후 참여신청서 제출,https://youth.gwangju.go.kr/www/50?siteId=www&policyId=1397&url=%2Fwww%2Fpolicy%2FgjYgPolicyView,main,primary,2026년7월청년취업지원프로그램취업힐링캠프,전남광주통합특별시,,일자리,취업
youth,20260706005400213250,"2026 청년 취업교육(N잡/프리랜서, 진로/취업 커리어 개발 교육)",취업·프리랜서 등 다양한 진로를 가진 청년 대상 맞춤형 커리어 개발 교육을 통해 청년들의 취업 역량을 강화하고 구직활동을 독려하고자 함,교육/멘토링,서울특별시 중랑구,서울특별시,당일 불참자 등 | 0013010 | 0049010,청년,만 19세 ~ 만 39세,19,39,선착순 지원 / 원하는 일정 선택 시 미참여자 우선 회차별 선발,소득조건코드=0043001 / 소득범위=0~0,,"1차) N잡·프리랜서 교육(7회) : 7.14.~8.25. (화) 19시 운영 * 신청 : ~7.12.(선착순 마감)
      - 교육내용 : 포트폴리오 작성, 비즈니스매너, 상황별 스타일링, 웹페이지 제작 등

2차) 진로·취업교육(7회) : 9.4.~10.30.(금) 14시 운영 * 신청 : 8월경(선착순 마감)
      - 교육내용 : 진로탐색, 이력서 작성, 면접 준비, 퍼스널컨설팅 등 

3차) 연말정산 특강(1회) : 11.10.(화) 19시 운영 * 신청 : 10~11월경(선착순 마감)
      - 교육내용 : 사회초년생 연말정산 특강",20260626 ~ 20260712,20261110,선착순 지원 / 원하는 일정 선택 시 미참여자 우선 회차별 선발,,중랑청년청 인스타그램 참조 및 링크 네이버폼 작성 신청(1차),https://youth.seoul.go.kr/infoData/sprtInfo/view.do?sprtInfoId=71822&key=2309130006,main,primary,2026청년취업교육n잡프리랜서진로취업커리어개발교육,서울특별시중랑구,20260626 ~ 20260712~20261110,교육･직업훈련,미래역량강화
youth,20260702005400213247,2026년 완도군 청년 자격증 응시료 지원사업,청년 구직활동의 경제적 부담 완화 및 취업 능력 개발 지원을 위해 자격증 응시료 지원,교육/멘토링,전남광주통합특별시,광주광역시,0013010 | 0049010,청년,만 19세 ~ 만 49세,19,49,,소득조건코드=0043001 / 소득범위=0~0,,"어학·한국사, 국가자격증 응시료 실비 및 교재비 지원
 - 실제 결제한 응시료 및 교재비에 한하여 최대 10만원까지 지급
 - 연 10만원 한도 내에서 1인당 최대 2회까지 신청 가능
 - 지원분야
   (어학8종) 토익(TOEIC), 토익스피킹, 토플(TOEFLE), 아이엘츠(IELTS), 오픽(OPIC), 텝스(TEPS), 지텔프(G-TELF), 플렉스(FLEX)
   (한국사)  한국사능력검정시험
   (국가, 민간자격) 국가기술자격증(국가기술자격법 시행규칙 별표 2), 국가전문자격증(개별법), 국가공인민간자격증(개별법)
    한국산업인력공단(Q-net) 사이트를 통해 세부 종목 확인 가능
   (www.q-net.or.kr→국가자격시험→자격정보→국가자격종목별상세정보)",20260121 ~ 20261210,20261210,,"응시료 지원 신청서(개인정보동의서 포함)
응시사실 확인 증빙자료 및 교재사진
응시료 및 교재 결제 영수증
주민등록초본
건강보험 자격득실확인서
통장사본","온라인 접수(이메일 ruddnr0405@korea.kr) 제출 ※ 선착순 모집
- 신청기간 : 2026. 1. ~ 12. / 매월 1일 ~ 10일 접수
- 제출서류는 스캔 또는 선명하게 촬영 후 파일로 제출
- 자세한 사항은 공고문 참고",https://youth.gwangju.go.kr/www/50?siteId=www&policyId=1391&url=%2Fwww%2Fpolicy%2FgjYgPolicyView,main,primary,2026년완도군청년자격증응시료지원사업,전남광주통합특별시,20260121 ~ 20261210~20261210,교육･직업훈련,교육비지원
youth,20260625005400113245,사회연대경제 청년일경험,청년이 사회연대경제 조직에서 5개월간 실제 업무를 경험하며 진로를 탐색하고 경력을 쌓을 수 있도록 지원하는 사업,인력/일자리,행정안전부,행정안전부,"① 사업자등록이 있는 자
② 타 부처 또는 지방정부의 취업 관련 지원사업에 참여 중인 자
③ 참여 신청일 기준 6개월 내 해당 참여기업에서 근무한 이력이 있는 자
④ 배우자, 직계존비속 또는 형제자매가 참여기업 사업주(대표자)인 자
⑤ 허위 기타 부정한 방법으로 정부(국가·지방정부) 일경험 사업에 참여한 자
⑥ 단순 변심으로 청년 일경험 사업에 참여하여 2회 이상 중도이탈한 자
⑦ 대한민국 국적을 보유하지 않은 자 | 0013003 | 0049010",청년,만 19세 ~ 만 39세,19,39,"해당 자치단체 거주 19세~34세 미취업자(4대보험 미가입자)

※ 조례에서 청년 연령을 달리 정하는 경우 최고 39세",소득조건코드=0043001 / 소득범위=0~0,,"① 일경험을 통한 취업역량 강화
  - 사회연대경제 조직에서 5개월간 일경험(주 40시간, 1일 8시간)

② 월 234만원 참여수당 지급
 - 월 최대 234만원 지급(세전, 주 40시간 기준), 4대 보험 가입

③ 직무교육 및 멘토링 제공
  - 직무분야 실무교육 등(20시간)
  - 참여기업 현직자 멘토링

④ 정부 인증 이력확인서 발급
  - 일경험 수료 후 수료증 및 이력확인서 발급 가능
    (근무 기간 90% 이상 출석 시 수료)",20260601 ~ 20260930,20261231,"해당 자치단체 거주 19세~34세 미취업자(4대보험 미가입자)

※ 조례에서 청년 연령을 달리 정하는 경우 최고 39세

자치단체별 모집기간 상이",,"고용24(www.work24.go.kr) '정부지원 일자리 채용관'에서 신청
(자세한 사항은 소속 자치단체 운영기관 문의)",https://mois.go.kr/frt/bbs/type002/commonSelectBoardArticle.do?bbsId=BBSMSTR_000000000215&nttId=126775,main,primary,사회연대경제청년일경험,행정안전부,20260601 ~ 20260930~20261231,일자리,취업
youth,20260622005400213244,2026년 여름 청년 행정체험사업,"미취업 청년들의 사회적응력 증진 및 진로탐색, 취업역량 향상을 위하여 다양한 구정체험 기회를 제공",인력/일자리,대구광역시 달서구 경제환경국,대구광역시,"- 고용보험 가입자(단, 주30시간 이하 또는 3개월 이하의 단기근로자는 가능)
- 청년 행정체험단(구 대학생 행정인턴) 기참여자 | 0013003 | 0049010",청년,만 19세 ~ 만 34세,19,34,"○ 특별선발(디자인): 일러스트, 포토샵 활용가능자(디자인 전공, 관련 자격증 취득자 등)
○ 특별선발(간호보건): 간호 및 보건 계열 학과(전공, 관련 자격증 취득자)",소득조건코드=0043001 / 소득범위=0~0,,"○ 근무장소
- 달서구 관내(구청, 보건소, 동 행정복지센터 등)

○ 근무시간
- 1일 6시간(09:00~18:00), 주 5일 근무
- 사업에 따라 주말에 근무할 수 있음(분야별 모집요강 참고)

○ 보수
- 시급 10,320원, 주휴수당 지급, 고용/산재보험 가입",20260615 ~ 20260624,20260812,"○ 특별선발(디자인): 일러스트, 포토샵 활용가능자(디자인 전공, 관련 자격증 취득자 등)
○ 특별선발(간호보건): 간호 및 보건 계열 학과(전공, 관련 자격증 취득자)",,"○ 신청기간: 6. 15.(월) 9:00 ~ 6. 24.(수) 18:00
○ 신청자격: 공고일 기준 달서구에 주민등록이 되어있는 19세 이상 34세 이하의 미취업 청년 또는 대학생 (1992년~2007년 출생자)
○ 달서구청 홈페이지 온라인 접수
  - 구 홈페이지: 통합예약 -> 일자리/생활 -> 청년 행정체험단(구 대학생 행정인턴) 신청
  - 신청주소: https://www.dalseo.daegu.kr/index.do?menu_id=00002551
  - 일반, 우선, 특별선발 중 1개 분야만 신청 가능, 중복 신청 불가",https://www.dalseo.daegu.kr/index.do?menu_id=00002551,main,primary,2026년여름청년행정체험사업,대구광역시달서구경제환경국,20260615 ~ 20260624~20260812,일자리,취업
youth,20260622005400213243,2026 마음건강상담소 2차 참여자 모집 (접수 마감),청년 정신건강 증진을 위한 1:1 전문심리상담 지원,복지/문화,전남광주통합특별시,전남광주통합특별시,0013010 | 0049010,청년,만 19세 ~ 만 39세,19,39,,소득조건코드=0043001 / 소득범위=0~0,," ·  1:1 전문 심리상담 제공 (기본 6회기, 최대 8회기)
 ·  필요 시 심리검사 지원
 ·  마음건강 증진 프로그램 운영",        ,        ,"- 기참여자일 경우 후순위 선정, 신규 신청자 우선 선정
- 동일 연도 참여자 신청 불가",,광주청년통합플랫폼 온라인 신청 → 상담소 배정 → 마음건강 상담 진행 → 만족도 조사,https://youth.gwangju.go.kr/www/50?siteId=www&policyId=1383&url=%2Fwww%2Fpolicy%2FgjYgPolicyView,main,primary,2026마음건강상담소2차참여자모집접수마감,전남광주통합특별시,,금융･복지･문화,건강
youth,20260619005400213242,2026년 경북 청년창업 지역정착 지원사업 신규참여자 2차 추가모집 공고,"경북 외 거주 39세 이하 예비 청년창업자 경북 지역 내 창업 지원사업
(경북 거주 청년은 경북 외 거주 청년과 팀 이룰 시 지원 가능)",인력/일자리,경상북도 지방시대정책국 청년정책과,경상북도,0013003 | 0049010,청년,만 19세 ~ 만 39세,19,39,,소득조건코드=0043001 / 소득범위=0~0,,"창업활동비 최대 20백만원(정착활동비 포함), 교육, 컨설팅, 네트워킹 등 지원",20260622 ~ 20260710,20261231,,공고문 확인,경북경제진흥원 홈페이지(www.gepa.kr) 공고문에서 서류 확인 후 이메일(gepa02@gepa.kr) 신청,https://www.gepa.kr/?page_id=36&vid=2310,main,primary,2026년경북청년창업지역정착지원사업신규참여자2차추가모집공고,경상북도지방시대정책국청년정책과,20260622 ~ 20260710~20261231,일자리,창업
youth,20260618005400213241,청년 부동산 중개보수 및 이사비 지원사업,주거비 부담이 높은 서울 청년의 주거 안전망 강화 추진,주거,서울특별시 미래청년기획관 청년사업담당관,서울특별시,0013010 | 0049010,청년,만 19세 ~ 만 39세,19,39,,"소득조건코드=0043003 / 소득범위=0~0 / 중위소득 150% 이하, 거래금액 2억원 이하 무주택 임차가구",,"최대 40만원 실비 지원(중개보수, 이사비) ※ 생애 1회",20260401 ~ 20260414,20261231,,,청년몽땅정보통(youth.seoul.go.kr) 온라인 신청,https://youth.seoul.go.kr,main,primary,청년부동산중개보수및이사비지원사업,서울특별시미래청년기획관청년사업담당관,20260401 ~ 20260414~20261231,주거,전월세 및 주거급여 지원
youth,20260618005400213240,2026년 성인진로상담,"○ 광주시민이 자신의 진로를 자각, 탐색, 계획, 준비, 관리할 수 있도록 무료 상담 제공
· 진흥원에서 양성한 성인진로컨설턴트 파견
· 생애주기에 맞는 맞춤형 1:1 상담 제공",교육/멘토링,전남광주통합특별시,광주광역시,0013010 | 0049010,청년,만 1세 ~ 만 99세,,,,소득조건코드=0043001 / 소득범위=0~0,,"○ 맞춤형 1:1 상담 제공
· 진로 설계
· 경력 전환
· 학습 방향
· 관계 및 마음 고민 상담
○ 상담 운영
· 상담 신청 후 성인진로컨설턴트 파견
· 상담 진행 1~4회기
· 1회 기준 90분
○ 비용
· 무료",20260301,20261231,,,"○ 신청방법
· 진흥원 홈페이지(www.gie.kr) 접속
· 성인진로상담 메뉴 클릭
· 정보입력 후 접수",https://youth.gwangju.go.kr/www/50?siteId=www&policyId=1388&url=%2Fwww%2Fpolicy%2FgjYgPolicyView,main,primary,2026년성인진로상담,전남광주통합특별시,20260301~20261231,교육･직업훈련,교육비지원
youth,20260616005400113238,청년주택드림청약통장,저소득 무주택 청년의 주택구입과 자산형성을 지원하기 위하여 위해 재형 기능을 강화한 청약통장 도입,주거,국토교통부,전국,0013010 | 0049010,청년,만 19세 ~ 만 34세,19,34,,소득조건코드=0043002 / 소득범위=0~5000,,"□ 이자율: 최대 4.5%
□ 소득기준: 연 5,000만원(직전년도 신고소득이 있는 자 기준), 무주택자
□ 납입한도: 월 100만원
□ 소득공제 : 현 주택청약종합저축과 동일(무주택세대주에 대해 연 300만원 한도로 40%까지 소득공제 제공) 
□ 주택청약에 당첨된 경우 청년주택드림 대출 연계
  ㅇ 청년주택드림 청약통장 1년 이상 가입
  ㅇ 통장요건 : 가입(전환) 후 1년 이상, 1,000만원 이상 납입(예외 인정 가능)
  ㅇ 당첨 시 분양가 80%까지 대출
  ㅇ 금리 : 	2.4% ~ 4.15% (소득·만기 등 차등)\
  ㅇ 한도 : 미혼 3억원, 신혼 4억원 이내(LTV 70%, 생애최초 80%, DTI 60% 이내)
  ㅇ 대상주택 : 분양가 6억원 이하, 전용 85㎡ 이하(읍·면 일부 100㎡)
  ㅇ 생애주기별 금리 인하: 결혼 0.1%p 인하, 첫째 출산: 0.5%p 인하, 다자녀: 0.2%p 인하
     (하한선 : 연 1.5%p 미만으로는 1.5% 적용)",        ,        ,"□ 업무 취급 은행
○ 우리은행 : 1599-0800
○ KB 국민은행 : 1599-1771
○ IBK 기업은행 : 1566-2566
○ NHBank : 1588-2100
○ 신한은행 : 1599-8000
○ 하나은행 : 1599-1111
○ iM뱅크 : 1588-0956
○ 부산은행 : 1800-1333
○ 경남은행 : 1600-8585",,,https://www.molit.go.kr/2024dreamaccount/main.jsp,main,primary,청년주택드림청약통장,국토교통부,,주거,주택 및 거주지
youth,20260616005400213237,오픈마이크 2기,"○ 청년 강연자 양성 프로젝트
· 내 경험을 한 편의 강연으로 완성하고, 작은 무대(토크콘서트)에서 직접 발표하는 프로그램
· 전문가 코칭과 또래 피드백 매 회차 운영
· 말의 순서와 전달 방식 학습",교육/멘토링,전남광주통합특별시,광주광역시,0013010 | 0049010,청년,만 19세 ~ 만 39세,19,39,,소득조건코드=0043001 / 소득범위=0~0,,"○ 프로그램 운영
· 참가자 소개 및 아이스브레이킹, 스토리텔링의 개요
· 특강 <당신의 이야기를 삽니다>
· 기본 스피치 강연 내용 작성하기 <CODI법>
· 설득하는 힘 <강연 스피치>
· 전문가 코칭 및 상호 피드백
· 토크콘서트 진행",20260613 ~ 20260630,        ,,,"○ 아지트 홈페이지 신청
· [프로그램] → [오픈마이크 2기] → [프로그램 신청] 클릭 후 구글폼 작성",https://youth.gwangju.go.kr/www/50?siteId=www&policyId=1384&url=%2Fwww%2Fpolicy%2FgjYgPolicyView,main,primary,오픈마이크2기,전남광주통합특별시,20260613 ~ 20260630~,교육･직업훈련,교육비지원
youth,20260616005400213235,사회연대경제 청년 일경험사업 시범사업,"○ 미취업 청년에게 사회연대경제 분야 일경험 기회 제공
· 노동시장 진입 기반 마련
· 진로탐색 및 직무역량 강화 지원",인력/일자리,전남광주통합특별시,광주광역시,0013010 | 0049010,청년,만 19세 ~ 만 39세,19,39,,소득조건코드=0043001 / 소득범위=0~0,,"○ 직무교육
· 총 20시간(1일 최대 8시간 편성)
· 사회연대경제 이해 및 직무 기초역량 강화, 참여청년 직무 분야별 실무교육, 진로 연계 등
· 교육시간의 90% 이상 출석 시 수료

○ 일경험 프로그램
· 근로기간: 2026. 7. 1. ~ 11. 30. (5개월)
· 근로시간: 주 5일(주 40시간), 1일 8시간(9:00~18:00)
· 휴게시간: 12:00~13:00(1시간)
· 임금수준: 시급 11,188원(월 209시간 개근 시 2,338,292원, 유급주휴 포함, 세전)
· 급여공제: 근로소득세, 지방소득세, 근로자 부담 4대 보험료 등

○ 청년밀착형 프로그램
· 현장적응 지원, 고충 상담, 진로탐색, 심리･정서적 안정 지원

○ 멘토링 프로그램
· 직무수행, 진로탐색 등을 지원하기 위한 1:1 멘토 지정",20260618 ~ 20260624,        ,"○ 참여제한
· 사업자등록이 있는 자
· 타 부처 또는 지방정부의 취업 관련 지원사업에 참여 중인 자
· 참여 신청일 기준 6개월 내 해당 참여기업에서 근무한 이력이 있는 자
· 배우자, 직계존비속 또는 형제자매가 참여기업 사업주(대표자)인 자
· 허위 기타 부정한 방법으로 정부(국가·지방정부) 일경험 사업에 참여한 자
· 단순 변심으로 청년 일경험 사업에 참여하여 2회 이상 중도이탈한 자
· 대한민국 국적을 보유하지 않은 자
※ 참여제한 사유는 참여 신청일 기준으로 판단, 근로기간 중 해당 사유가 발생한 경우 즉시 참여 중단 가능",☞ 자세한 내용은 붙임파일을 확인해주시기 바랍니다,"○ 고용24 온라인신청
· https://m.site.naver.com/29ZAK",https://youth.gwangju.go.kr/www/50?siteId=www&policyId=1385&url=%2Fwww%2Fpolicy%2FgjYgPolicyView,main,primary,사회연대경제청년일경험사업시범사업,전남광주통합특별시,20260618 ~ 20260624~,일자리,취업
youth,20260612005400213231,[6월 마감]2026년 구직청년 자격증 취득지원 사업(7월 1일 10시 접수 예정),구직활동에 필요한 어학(능력)·자격증 시험 응시료 지원,교육/멘토링,전남광주통합특별시,광주광역시,0013010 | 0049010,청년,만 19세 ~ 만 39세,19,39,,소득조건코드=0043001 / 소득범위=0~0,,"     ※ 단계별 시험(필기,실기 등)은 명칭과 상관 없이 합산 신청 가능(개별 신청하여 지급 완료 시, 당해 연도 추가 신청 및 소급 지원 불가)

❍ 지원분야
  - 한국사 및 어학능력시험 : 국사편찬위원회 주관 한국사 시험 및 어학능력시험 20종 
  - 국가기술자격증 : 「국가기술자격법」시행규칙 별표2에 따른 국가기술자격증
  - 국가전문자격증 : 한국산업인력공단(Q-net) 국가자격 종목별 상세정보 참고 /*자동차운전면허 제외
  - 국가공인자격증 : 민간자격정보서비스에 등록된 &apos;공인&apos;자격증 /* 민간자격정보서비스 상의 구분이 ""부분공인""이라면 국가공인 등급(급수) 취득 및 해당 성적 달성 시에 한하여 지원 가능 /* 민간자격정보서비스 상의 구분이 ""등록""이라면 지원 제외 ",        ,        ,,"1. 주민등록표 초본: 신청월 발급본, 발생일/신고일 포함, 마지막장까지 제출
2. 건강보험 자격득실 확인서: 신청월 발급본, 발급시 조회 조건 전체
*건강보험 자격득실 확인서 가입자구분이 구분없음일 때 고용보험자격이력내역서로 대체 제출
3. 응시사실 증명서류: 응시 확인서 또는 성적표
*성명, 응시일, 자격종목(명) 등 확인할 수 있는 서류(시험 접수증, 수험표 불인정)
*민간자격정보서비스상 구분이 ‘부분공인’인 종목은 국가공인 자격증 사본 또는 공인 등급이 명시된 성적표 제출 
4. 결제영수증
*결제 금액, 일시, 승인번호, 거래처 등이 포함된 영수증(시험 사이트에서 발급된 영수증 불인정)
5. 통장 사본: 은행명, 성명, 계좌번호 표기

※ 서류 보완이 필요한 경우, 보완 요청을 할 수 있음(기한 내(보완요청일 기준 3일) 미제출시 부적격처리)",시험 응시 → 광주청년통합플랫폼 접수 → 제출 서류 확인 (자격심사 및 중복지원여부 조회) → 선정안내 및 만족도조사 → 지원금 지급,https://youth.gwangju.go.kr/www/50?siteId=www&policyId=1374&url=%2Fwww%2Fpolicy%2FgjYgPolicyView,main,primary,6월마감2026년구직청년자격증취득지원사업7월1일10시접수예정,전남광주통합특별시,,교육･직업훈련,교육비지원
youth,20260612005400213230,[2026 광주청년드림은행 생활경제특강①],"""구해줘 내 집!"" - [전세사기 피해예방과 임대차보호법]
생활 속 빈 곳을 채워 삶의 질을 높이는 특강!
다채로운 삶의 영역에서 나만의 기준을 갖고 살아가고 싶을 때,
안전하고 풍요로운 삶을 만들 수 있는 광주청년드림은행 특강을 소개합니다!
고민하며 시작한 독립, 더 나은 주거 환경을 위한 선택으로 전세를 고민하고 있나요?
계약서 앞에서 자신이 없고 불안한 마음 때문에 고민하고 있나요?
혹시 이미 피해가 발생한 것은 아닐지, 내가 사는 전세는 괜찮은지 점검하고 싶나요?
혹하게 하는 말로 다가오지만 금전 피해뿐만 아니라 심리적 고통, 추가 피해까지 발생시키는 전세사기. 예방부터 대처까지, 나와 내 보금자리를 지키는 방법을 소개합니다.",복지/문화,전남광주통합특별시,광주광역시,0013010 | 0049010,청년,만 19세 ~ 만 39세,19,39,,소득조건코드=0043001 / 소득범위=0~0,,"<강의내용>
01 전세사기 주요 유형별 사례와 예방
02 임대차보호법과 전세 계약 시 참고사항

☞ 이런 분에게 적합해요
- 안전한 독립생활을 꿈꾸는 청년
- 전세사기피해로 고민하는 청년
- 전세사기피해를 예방하고 싶은 청년
- 전세사기와 임대차보호법에 대해 알고 싶은 청년

◈ 앞 강의를 듣지 않아도, 내가 듣고 싶은 강의를 자유롭게 신청하실 수 있습니다.",20260610 ~ 20260619,20260623,,,"✿ 일 시 : 2026년 6월 23일(화) 오후 7-9시(2시간)
✿ 대 상 : 전세사기 예방에 관심있는 광주 청년 30명, 선착순
✿ 장 소 : 광주청년드림은행 (광주광역시 북구 무등로 237 2층)
✿ 참 가 비 : 무료(광주광역시 지원)
✿ 신 청 : 2026년 6월 19일(금)까지 신청
✿ 문 의 : 062-521-2567 광주청년드림은행",https://youth.gwangju.go.kr/www/50?siteId=www&policyId=1380&url=%2Fwww%2Fpolicy%2FgjYgPolicyView,main,primary,2026광주청년드림은행생활경제특강①,전남광주통합특별시,20260610 ~ 20260619~20260623,금융･복지･문화,취약계층 및 금융지원
youth,20260605005400113228,청년미래적금,"청년들의 기초자산 형성을 지원하기 위한 정책형 금융상품으로, 3년 만기 시까지 매월 최대 50만원 한도 내에서 자유롭게 납입 가능(2026년 6월 22일 출시)",복지/문화,금융위원회,전국,0013010 | 0049010,청년,만 19세 ~ 만 34세,19,34,,"소득조건코드=0043003 / 소득범위=0~0 / 총급여 7,500만원 이하 또는 연매출 3억원 이하 소상공인 중 가구 중위소득 200% 이하인 청년을 대상",,"은행이자+비과세 혜택+정부기여금(납입금액에 비례해 일반형 6%, 우대형 12%의 정부기여금 지원)
 * 신청기간 : 2026년 6월 22일 ~ 2026년 7월 3일 (2026년 하반기 2차 모집 예정)
 * 사업기간 : 2026년 6월 22일 ~
 * 요일제 신청 :  첫 5영업일(6/22 ~ 6/26)은 출생연도 끝자리 기준 5부제(요일제) 이며,  둘째 주(6/29 ~ 7/3)부터는 출생연도와 무관하게 누구나 신청 가능",20260622 ~ 20260703,        ,"ㅇ 청년도약계좌-청년미래적금 간 갈아타기는 2026년 6월 최초 가입 기간에 한해 허용됨(*갈아타기 세부절차는 서민금융진흥원 카카오톡 알림톡 등으로 별도 안내할 예정)
ㅇ 금리 : 취급 금융기관 자율 결정*
   (공통 우대금리) 일정소득(총급여 3,600만원 이하 또는 종합소득 2,600만원) 이하 0.5%p (단, 비과세소득(육아휴직급여(수당), 군장병급여)자는 미적용), 청년 모두를 위한 재무상담 이수 0.2%p
* 은행연합회 소비자포털(portal.kfb.or.kr > 금리/수수료 > 예금상품금리 비교) 확인","별도의 서류 제출은 불필요하며, 증빙 필요 시 서민금융진흥원에서 별도 안내 예정","ㅇ 2026년 6월 22일부터 7월 3일까지 취급기관 앱을 통해 비대면 신청
※ 소상공인 자격으로 가입을 희망하는 경우 사전에 중소기업현황정보시스템(sminfo.mss.go.kr)에서 소상공인확인서 발급 필요

ㅇ 청년미래적금 신청은 2026년 6월 22일(월)부터 7월 3일(금)까지 2주간 진행되며, 
    첫 5영업일(6/22 ~ 6/26)은 출생연도 끝자리 기준 5부제(요일제)로 신청 요일이 정해집니다. 
    둘째 주(6/29 ~ 7/3)부터는 출생연도와 무관하게 누구나 신청 가능합니다.",https://blog.naver.com/blogfsc/224323093033,main,primary,청년미래적금,금융위원회,20260622 ~ 20260703~,금융･복지･문화,취약계층 및 금융지원
youth,20260528005400113227,(농식품부) 농식품 바우처,『농업·농촌 및 식품산업 기본법』 제 23조의 2(취약계층 등에 대한 식품지원)에 근거하여 취약계층의 식품 접근성을 강화하고 균형 있는 식품 섭취를 지원하는 식품지원 제도,복지/문화,농림축산식품부,전국,"아래 기초지자체는 '26년 농식품바우처 사업 미추진
- 서울 : 강서구, 송파구(청년 포함가구 미지원)
- 인천 : 미추홀구
- 경기 : 수원시, 부천시, 안산시, 안양시, 하남시

* 농식품바우처 지정 오프라인 매장은 이용가능
* 미시행 지자체 전입시 바우처 사용 불가, 전입전까지 지원금액 모두 사용 | 0013010 | 0049010",청년,만 18세 ~ 만 34세,18,34,"생계급여 수급가구 가구원 중 「국민기초생활 보장법」상 보장시설 수급자는 가구원 수 산출에서 제외
보건복지부 영양플러스 사업 이용자는 해당 기간 동안 가구원 수 산출에서 제외",소득조건코드=0043003 / 소득범위=0~0 / 생계급여(기준 중위소득 32%이하) 수급가구 중 임산부·영유아·아동·청년 포함가구,,"- 지원방식: 전자바우처(카드방식)
- 지원품목: 국산 채소류, 과일류, 육류, 신선알류, 흰 우유, 잡곡류, 두부류, 임산물 (이외 품목 구매 불가)",20251222 ~ 20261211,20261231,"생계급여 수급가구 가구원 중 「국민기초생활 보장법」상 보장시설 수급자는 가구원 수 산출에서 제외
보건복지부 영양플러스 사업 이용자는 해당 기간 동안 가구원 수 산출에서 제외",,"1. 방문신청 : 주소지 관할 읍ㆍ면ㆍ동 행정복지센터 방문
2. 전화신청 : 고객지원센터 (1551-0857)를 통해 신청
3. 온라인신청 : 농식품 바우처 홈페이지에서 신청
4. 자동신청 : 2025년 농식품바우처 이용가구 중 2025. 12. 22. 기준 지원 자격을 충족하는 경우 별도 절차 없이 자동으로 승인 처리",https://www.foodvoucher.go.kr/view/fm/vucintro/agriFood,main,primary,농식품부농식품바우처,농림축산식품부,20251222 ~ 20261211~20261231,금융･복지･문화,건강
youth,20260528005400113226,(문체부) 청년예술인 예술활동 적립계좌,청년예술인에게 중장기 자산형성의 기회를 마련하여 안정적인 예술활동을 지원하는 사업,복지/문화,문화체육관광부,전국,"1. 적금 7개월 이상 연속 미납자
2. 적금 만기 전 상품 해지자
3. 사망 및 압류계좌로 확인된 자
4. 적금 선납 시 1회 지원금만 지원되며, 잔여 회차 지원금 지급 불가(240만원 한도 외 추가 납입 불가)
* (예시) 적금 선납 예시
- (1회차)10만원 (2회차)230만원 ⇒ 지원금 20만원 인정. 선납한 22회차 지원금 지급 불가.
- (1회차)10만원 (2회차)100만원 ⇒ 지원금 20만원 인정. 선납한 9회차 지원금 지급 불가 | 0013010 | 0049010",청년,만 18세 ~ 만 39세,18,39,"「예술인복지법」상 예술활동증명을 완료한 예술인(신청일 기준 예술활동증명 유효자)
- 일반 예술활동증명 완료자(공개 발표된 예술활동, 예술활동 수입, 경력단절예술인, 특수한 작업방식, 무형유산 관련 특례), 신진예술인 예술활동증명 완료자
- 국내 거주 내국인 및 재외국민에 한함 (외국인은 참여 불가)
- 재외국민의 경우, 출입국사실증명을 통해 신청일 기준 2년간 국내 거주 사실이 확인되며 일시 출국 기간 매회 90일 이내 및 연간* 국내 체류 총합 183일 이상인 자
* 연간기준: (1차년) 2024. 2. 4. ~ 2025. 2. 3., (2차년) 2025. 2. 4. ~ 2026. 2. 3.",소득조건코드=0043002 / 소득범위=0~3692,,"매월 일정 금액을 24개월간 적금 저축 시 가입자가 저축한 금액만큼 정부지원금을 지원 (1인 최대 240만원)
- 상품종류: 10만원 정액 적금
- 가입기간: 2년 (24개월)
- 납입한도: 월 10만원 (2년 최대 240만원)
- 지급방식: 만기 일시지급 (지원금은 만기 익월 지급)",20260101,20261231,"「예술인복지법」상 예술활동증명을 완료한 예술인(신청일 기준 예술활동증명 유효자)
- 일반 예술활동증명 완료자(공개 발표된 예술활동, 예술활동 수입, 경력단절예술인, 특수한 작업방식, 무형유산 관련 특례), 신진예술인 예술활동증명 완료자
- 국내 거주 내국인 및 재외국민에 한함 (외국인은 참여 불가)
- 재외국민의 경우, 출입국사실증명을 통해 신청일 기준 2년간 국내 거주 사실이 확인되며 일시 출국 기간 매회 90일 이내 및 연간* 국내 체류 총합 183일 이상인 자
* 연간기준: (1차년) 2024. 2. 4. ~ 2025. 2. 3., (2차년) 2025. 2. 4. ~ 2026. 2. 3.","1. 주민등록초본
- 2026년 발급분
- 발급 시 발급대상자 본인 및 전체 발급

2. 소득금액증명원
- 2026년 발급분
- 귀속년도: 직전년도(2024년도) 소득금액증명원 발급
- 작성기준: 종합소득세 신고 현황의 소득금액(사업, 근로, 기타) 및 연말정산 현황의 근로소득, 사업소득의 소득금액 총합계 (소득이 없을경우, 사실증명원 제출 가능)

3. 성희롱·성폭력 예방교육 수료증
- 예술인권리보장시스템 (sinmungo.kawf.kr)에서 수강 후 수료증 발급

4. 출입국에 관한 사실증명
- 신청·접수 기간 내 발급
- 조회기간: 2024. 2. 4.부터 ~ 2026. 2. 3.까지","1. 예술활동증명확인
예술인경력정보시스템(https://www.kawfartist.kr)을 접속하시어
경력지원 > 예술활동증명 > 신청내역 진행 상태에서 신청일 현재 예술활동증명 유효 여부를 확인합니다.

2. 구비서류 확인
상품 및 구비서류를 확인하여 준비합니다.

3. 온라인 신청
공지사항에 공지된 신청기간 내 적립계좌 신청하기를 통해 신청 정보 동의 및 인적사항, 신청자료를 입력합니다.",https://www.artloan.kr/notice/savingsAccount.do,main,primary,문체부청년예술인예술활동적립계좌,문화체육관광부,20260101~20261231,금융･복지･문화,예술인지원
youth,20260527005400113224,청년 국가기술자격 응시료 지원 사업,"구직활동을 하거나 경력을 개발하는 청년들의 경제적 부담을 완화하고, 국가기술자격 취득을 통한 취업 경쟁력 강화를 도모",인력/일자리,고용노동부,전국,0013010 | 0049010,청년,만 0세 ~ 만 34세,,34,,소득조건코드=0043001 / 소득범위=0~0,,"34세 이하 청년*이(소득 및 취업 여부 무관) 한국산업인력공단이 시행하는 국가기술자격 시험(’26년 기준 491종목)에 응시하는 경우 응시료의 50%를 선 지원
(1인당 年 3회 지원, 단 예산 242억 원 소진시 마감)

* ’26년 기준 ’91.1.1. 이후 출생자",        ,        ,,,"한국산업인력공단 Q-Net(https://www.q-net.or.kr) 원서접수 결제 단계에서, 34세 이하 청년인 경우 별도의 신청 절차 없이 50% 할인 자동 적용",https://www.q-net.or.kr/man004.do?id=man00402&gSite=Q&gId=,main,primary,청년국가기술자격응시료지원사업,고용노동부,,일자리,취업
youth,20260527005400113223,전세보증금반환보증 보증료 지원,"전세사기, 역전세 등 임차인이 전세보증금을 돌려받지 못하는 전세 피해를 예방하고, 상대적으로 주거 취약계층인 청년 및 저소득층의 주거 안정을 도모",주거,국토교통부,전국,0013010 | 0049010,청년,만 0세 ~ 만 0세,,,,소득조건코드=0043001 / 소득범위=0~0,,"○ 지원대상
- 신청일 기준 유효한 전세보증금반환보증(HUG, HF, SGI)에 가입한 임차보증금 3억원 이하, 연소득 (청년) 5천만원, (청년외) 6천만원, (신혼부부) 7.5천만원 이하 무주택 임차인

○ 지원금
- 신청인이 기납부한 전세보증금반환보증 보증료에 대해 최대 40만원 한도 내 지원('25.3.30 이전 가입건은 최대 30만원 지원)
ㆍ단, 청년외의 경우 신청인이 기납부한 보증료의 90%를 최대 40만원 한도 내 지원

○ 신청시기
- 연중 (지자체별 예산 소진시 조기 마감)",        ,        ,,"<민원인이 제출해야 하는 서류>
○ 보증기관에서 보증가입 시 전세보증금반환보증 보증료 지원 사업을 위한 제3자 정보제공에 동의한 경우
- 보증료 지원 신청서, 서약서

○ 신청인 제출 서류
- 보증료 지원 신청 및 서약서, 지급받을 계좌의 통장 사본
- 전세보증금반환보증 보증서(보증기관 날인 필수), 보증료 납부 증빙서류*(납부액 기재, 보증기관 날인 필수)
* HUG와 SGI의경우 보증서에 보증료가 기재되어 있으므로 별도 증빙서류 불필요
- 임대차계약서, 부동산 등기사항 전부증명서
- 주민등록등본(전체공개), 혼인관계증명서(일반증명서, 전부공개, 국내기관제출용)
- 소득금액증빙자료(열람용은 법적 효력 없음)
(근로소득) 아래 서류 중 택1
· 최근년도 근로소득원천징수 영수증
· 전년도 소득금액 증명원(7.1일 이전은 전전년도 소득금액증명원)
· 소득확인증명서(ISA 가입용)
· 갑근세원천징수확인서(홈택스에서 발급시 관공서 제출용, 회사 발급시 회사 직인 필요)
· 급여명세표, 임금대장 등 최근 1년간의 급여액을 알 수 있는 자료
(사업소득) 아래 서류 중 택1
· 전년도 소득금액 증명원(7.1일 이전은 전전년도 소득금액증명원)
· 소득확인증명서(ISA 가입용)
· 종합소득세 과세표준확정신고 및 납부 계산서(세무사 확인분)
· 사업소득원천징수영수증(연말정산용)
(연금소득) 연금수급권자 확인서 등 기타 연금을 확인할 수 있는 지급기관의 증명서(단, 연금수령액이 표기되지 않는 경우 연금 수령통장)
* 기존 소득심사방법과 동일하게 소득금액증명원 제출시 별도 서류 제출하지 않아도 무방하나, 그 외 소득확인증명서 등 재직기간 확인이 어려운 경우는 재직증명서, 건강보험자격득실확인서 등 재직기간을 확인할 수 있는 서류 추가 제출 필요
** 소득이 발생하지 않아 소득금액증명이 발급되지 않는 경우에는 '사실증명(신고사실없음)' 제출
*** 기혼자는 배우자의 소득증빙 서류도 필수 제출
- 대리신청의 경우 위임장, 대리인 신분증, 본인-대리인 관계 증명 서류 제출

※ 소득금액증명 상 연소득 확인:
- (근로소득) 종합소득세 신고 현황 - 수입금액 / 연말정산 현황 - 지급받은 총액
- (그 외 소득) 종합소득 신고 현황 - 소득금액 합계 / 연말정산 현황 - 소득금액 합계
※ 모든 서류는 신청일 기준 3개월 이내에 발급한 서류로 제출","○ 신청방법 : 시·군·구청 또는 주민센터에 방문 접수 혹은 온라인 접수
※ 방문접수의 경우 구군별 상이하니 전화 후 방문 필요
* 대구광역시는 온라인 접수 또는 시청 방문 신청

○ 지급시기 및 지급방법
- 지급일 : 접수 후 심사를 거쳐 30일 이내(기간 연장 필요한 경우 신청인 통지 후 15일 연장 가능) 지급
- 지급방법 : 신청인 계좌에 직접 입금

○ 신청 처리상태 안내
- 알림수신에 동의하신 경우 SMS/국민비서를 통해 처리상태를 안내받으실 수 있습니다.
※ 알림수신 동의 참고사항
1. 정부24 → MyGOV → 나의 정보관리 → 알림 수신동의 → SMS/국민비서 (예)로 변경
2. 국민비서 → 로그인 → 화면 좌측에 국민비서 알림 체크 → 화면 좌측에 수신받을 앱 선택 → 화면 우측에 알림서비스 선택 (정부 24 체크)",https://www.gov.kr/portal/rcvfvrSvc/dtlEx/161300000103,main,primary,전세보증금반환보증보증료지원,국토교통부,,주거,전월세 및 주거급여 지원
youth,20260527005400213222,2026년 청년근로자 교통비 지원사업,교통비 지원을 통해 관내 청년 이탈 방지 및 안정적인 직장생활 유도를 통한 청년 일자리 창출 기여,인력/일자리,경상북도 고령군 인구정책실,경상북도,0013001 | 0049010,청년,만 18세 ~ 만 45세,18,45,,소득조건코드=0043001 / 소득범위=0~0,,"ㅇ (대상)
- 18~45세 고령군 거주(예정)인 청년근로자
- 중소기업에 근무하는 청년근로자
※타지역 중소기업에 근무하더라도 고령군 청년이면 신청 가능
ㅇ (주요내용) 최대 8개월 간 월 5만원 지원",20260526 ~ 20260624,20261231,,,,https://www.goryeong.go.kr/kor/boardView.do?IDX=154&BRD_ID=1023&BOARD_IDX=41670&searchType=ALL&searchValue=&page=1,main,primary,2026년청년근로자교통비지원사업,경상북도고령군인구정책실,20260526 ~ 20260624~20261231,일자리,취업
youth,20260527005400213221,2026년 청년창업자 임차료 지원사업,초기 청년창업자에게 최대 5개월간 임차료 50%(월 최대 40만원) 지원,인력/일자리,경상북도 고령군 인구정책실,경상북도,"0013002,0013003 | 0049010",청년,만 18세 ~ 만 45세,18,45,,소득조건코드=0043001 / 소득범위=0~0,,"ㅇ (목적) 청년 창업자에 임차료를 일부 지원함으로써 안정적인 창업환경을 유지하고 경제적 자립을 지원하여 관내 청년 이탈 방지 도모
ㅇ (대상) 18세~45세 고령군 거주(예정)인 3년 이내 초기 청년창업가
ㅇ (주요내용) 최대 5개월간 월 임차료 50% 지원(월 최대 40만원)",20260518 ~ 20260616,20261031,,,,https://www.goryeong.go.kr/kor/boardView.do?IDX=154&BRD_ID=1023&BOARD_IDX=41634&searchType=ALL&searchValue=%EC%9E%84%EC%B0%A8%EB%A3%8C&page=1,main,primary,2026년청년창업자임차료지원사업,경상북도고령군인구정책실,20260518 ~ 20260616~20261031,일자리,창업
youth,20260522005400213220,삼척형 일자리 안심공제,"공제가입 기업에 재직 중인 정규직 또는 무기계약직
공제 가입 및 공제부금 납부(5년간)",복지/문화,강원특별자치도 삼척시,강원특별자치도,"<기업>
1) 지원제외 업종(품목코드)     * 붙임 「한국표준사업분류(통계청 고시)」참조
 - 일반 유흥주점업(56211), 무도 유흥주점업(56212), 기타 주점업(56219), 기타 사행시설 관리 및
   운영업(91249), 무도장 운영업(91291) 등
2) 사업자등록을 하지 않은 기업 
3) 휴‧폐업 중인 기업. 단, 재해를 직접 원인으로 휴업 중인 기업은 가동 중인 기업으로 간주하여 가입대상에 포함
4) 국세‧지방세 체납 중인 기업. 단, 세금분납계획에 따라 성실하게 세금을 납부하고 있는 기업은 가입대상에 포함
5) 공제금․해지환급금의 부정수급 시도 등의 사유로 진흥원이 공제계약을 해지한 날로부터 3년이 경과되지 않은 기업

<근로자>
1) 해당기업의 대표자  
2) 위 1)에 해당하는 자의 배우자, 부모, 자녀
3) 신청일부터 해지일까지 주민등록상 주소지가 삼척시로 유지가 불가능한 자
4) 신청일 기준 정부 및 지방자치단체에서 시행 중인 근로자에게 직접 지원하는 
   자산형성 지원성격의 사업*에 참여 중인 자
  * (중복관리 대상사업) 강원형 일자리 안심공제, 청년내일채움공제, 청년재직자내일채움공제, 희망키움통장Ⅰ, 희망키움통장Ⅱ, 
    내일키움통장, 청년희망키움통장, 청년저축계좌, 희망저축계좌 1, 희망저축계좌 2, 청년내일저축계좌, 강원형청년일자리사업(지역정착지원), 강원 청년 디딤돌 두배 적금 등 지자체 자산형성 사업
5) 정년이 있는 기업 근로자의 경우 정년까지의 근무기간이 5년 미만인 자 
6) 대한민국 국적을 보유하지 않은 외국인 | 0013001 | 0049010",청년,만 0세 ~ 만 0세,,,"❍ 기업(법인 또는 개인사업자)
   -「중소기업기본법」제2조제1항(중소기업자의 범위)에 따른 중소기업
   -「중견기업 성장촉진 및 경쟁력 강화에 관한 특별법」제2조제1호(정의)에 따른 중견기업  ※ 소상공인 포함
   - 위 중소기업 또는 중견기업 중 삼척시에 사업장을 두고 있고, 소속 상용근로자   1명 이상인 기업 ※ 지원기간 동안 사업자등록증 상 사업장 소재지가 삼척시 내로 되어 있어야 함.

  ❍ 근로자 
   - 공제가입 기업에 재직 중인 정규직 또는 무기계약직
     ※‘정규직 또는 무기계약직’은 기간의 정함이 없는 근로계약을 체결한 근로자를 말하며 
          「기간제 및 단시간근로자 보호 등에 관한 법률」 제2조에 따른 기간제근로자는 제외함.
   - 신청일부터 해지일까지 주민등록상 주소지가 삼척시이며, 해당기업에 계속 재직이 가능한 자
   - 기업의 공제가입 승인을 받은 자",소득조건코드=0043001 / 소득범위=0~0,,"월 50만원*씩 5년간 적립 후 만기에 적립금(3천만 원)과 공제부금 이자를 근로자에게 지급
   *공제부금: 기업 기여금 15만원, 근로자 납부금 15만원 / 삼척시 지원금 20만원",        ,        ,"❍ 기업(법인 또는 개인사업자)
   -「중소기업기본법」제2조제1항(중소기업자의 범위)에 따른 중소기업
   -「중견기업 성장촉진 및 경쟁력 강화에 관한 특별법」제2조제1호(정의)에 따른 중견기업  ※ 소상공인 포함
   - 위 중소기업 또는 중견기업 중 삼척시에 사업장을 두고 있고, 소속 상용근로자   1명 이상인 기업 ※ 지원기간 동안 사업자등록증 상 사업장 소재지가 삼척시 내로 되어 있어야 함.

  ❍ 근로자 
   - 공제가입 기업에 재직 중인 정규직 또는 무기계약직
     ※‘정규직 또는 무기계약직’은 기간의 정함이 없는 근로계약을 체결한 근로자를 말하며 
          「기간제 및 단시간근로자 보호 등에 관한 법률」 제2조에 따른 기간제근로자는 제외함.
   - 신청일부터 해지일까지 주민등록상 주소지가 삼척시이며, 해당기업에 계속 재직이 가능한 자
   - 기업의 공제가입 승인을 받은 자",,삼척형 일자리 안심공제 홈페이지(https://gwwell.kr/samcheok),https://gwwell.kr/samcheok,main,primary,삼척형일자리안심공제,강원특별자치도삼척시,,금융･복지･문화,취약계층 및 금융지원
youth,20260522005400213219,대학생 아르바이트 운영,"방학기간 시정 참여를 통한 사회 경험 및 경제 활동 기회 부여
2026년 하계 (1기) 7. 6. ~ 7. 19. (2기) 7. 20. ~ 8. 2. (3기) 8. 3. ~ 8. 16.",인력/일자리,강원특별자치도 삼척시,강원특별자치도,"** 입학예정자, 제적생, 졸업생, 대학원생 제외 | 0013010 | 0049005",청년,만 0세 ~ 만 0세,,,"모집 공고일 기준으로 아래 ①, ② 요건을 모두 충족할 것
① 본인 또는 부모(친권자, 후견인 포함)의 주민등록주소가 삼척시 관내로 되어 있고,
② 대학(교)*에 재학(휴학 포함)하고 있는 학생**
  * 방송통신대학, 사이버대학, 평생교육시설 등 포함",소득조건코드=0043001 / 소득범위=0~0,,"-행정업무 보조, 현장(관광지) 업무 지원 등(1일 8시간, 주5-7일) *근무지에 따라 상이할 수 있음
-인건비: 1일 83,200원(10,400원 * 8시간)",20260526 ~ 20260605,20260816,"모집 공고일 기준으로 아래 ①, ② 요건을 모두 충족할 것
① 본인 또는 부모(친권자, 후견인 포함)의 주민등록주소가 삼척시 관내로 되어 있고,
② 대학(교)*에 재학(휴학 포함)하고 있는 학생**
  * 방송통신대학, 사이버대학, 평생교육시설 등 포함",,온라인(삼척시 공식 누리집->시민참여->시민마당->대학생 아르바이트 신청),https://www.samcheok.go.kr/citizen/01430/02605.web,main,primary,대학생아르바이트운영,강원특별자치도삼척시,20260526 ~ 20260605~20260816,일자리,취업
youth,20260522005400213218,삼척형 청년인턴 지원사업,삼척시 거주 미취업 청년(18~49세) 공공 행정 분야 인턴 연수 기회 제공,인력/일자리,강원특별자치도 삼척시,강원특별자치도,0013003 | 0049004,청년,만 18세 ~ 만 49세,18,49,"□ 선발 우선순위(모집인원 초과 시)
  ① 취약계층(기초생활수급자, 차상위계층, 한부모가정), 국가유공자
  ② 전 단계 행복일자리(청년층) 및 행정인턴 미 참여자
  ③ 선발기준표에 의한 고득점자 순 선발
     ※ 동점자 발생 시 : 연령이 낮은 자 우선 선발
     ※ 주소지, 근무가능지역 고려하여 고득점자 우선 배치",소득조건코드=0043001 / 소득범위=0~0,,"상/하반기 행정인턴 모집(주 5일 근무, 1일 7시간)",20260202 ~ 20260206,20260628,"□ 선발 우선순위(모집인원 초과 시)
  ① 취약계층(기초생활수급자, 차상위계층, 한부모가정), 국가유공자
  ② 전 단계 행복일자리(청년층) 및 행정인턴 미 참여자
  ③ 선발기준표에 의한 고득점자 순 선발
     ※ 동점자 발생 시 : 연령이 낮은 자 우선 선발
     ※ 주소지, 근무가능지역 고려하여 고득점자 우선 배치",,경제과 방문 접수,https://www.samcheok.go.kr/specialty/00471/00480.web,main,primary,삼척형청년인턴지원사업,강원특별자치도삼척시,20260202 ~ 20260206~20260628,일자리,취업
youth,20260522005400213217,삼척중앙시장 청년몰 운영사업,삼척중앙시장 청년몰 입점 청년 상인 모집,인력/일자리,강원특별자치도 삼척시,강원특별자치도,"① 피성년후견인 또는 피한정후견인
② 파산선고를 받고 복권되지 아니한 자
③ 금고 이상의 실형 후 집행종료 또는 집행면제 후 5년이 지나지 아니한 자
④ 금고 이상의 실형 후 집행유예 기간이 끝난 날부터 2년이 지나지 아니한 자
⑤ 금고 이상의 형의 선고유예를 받은 경우에는 그 선고 유예기간 중에 있는 자
⑥ 공고일 기준 청년상인 육성사업(전통시장 청년상인 창업지원)에 참여 중인 자
⑦ 공고일 기준 최근 3년 이내 청년상인 지원사업(전통시장 청년상인 창업지원)에 선정된 후     지원 중 중도포기, 폐업, 법령이나 지침 위반 등으로 계약해지 된 자
⑧ 현 청년몰 입점상인의 배우자 및 직계존비속인 자
⑨ 국세 또는 지방세를 체납 중인 자 | 0013006 | 0049010",청년,만 18세 ~ 만 49세,18,49,,소득조건코드=0043001 / 소득범위=0~0,,삼척청년센터 청년몰 입점 (공유재산 사용료 연 5~60만 원),20260421 ~ 20260508,        ,,,"1차 평가(서류), 2차 평가(면접) -> 최종선발 및 입점",https://www.samcheok.go.kr/intro/00443/02086.web?amode=view&idx=138414,main,primary,삼척중앙시장청년몰운영사업,강원특별자치도삼척시,20260421 ~ 20260508~,일자리,창업
youth,20260522005400213216,미취업 청년 자격증 응시료 지원사업,삼척시 거주 6개월 이상 미취업 청년(18~49세) 자격증 응시료 실비 지원,교육/멘토링,강원특별자치도 삼척시,강원특별자치도,정부 및 타 지자체 동일/유사사업 수혜자 | 0013003 | 0049010,청년,만 18세 ~ 만 49세,18,49,"신청일 기준 6개월 이상 삼척시에 주민등록을 두고 있는 자
2025. 12. 1. ~ 2026. 11. 30. 실시한 시험의 실제 응시자",소득조건코드=0043001 / 소득범위=0~0,,"자격증 응시료 실비 지원(1인 10만 원 이내)
지원분야: 어학, 한국사, 국가기술(전문)자격증, 국가공인민간자격증",20260101 ~ 20261130,20261231,"신청일 기준 6개월 이상 삼척시에 주민등록을 두고 있는 자
2025. 12. 1. ~ 2026. 11. 30. 실시한 시험의 실제 응시자",,정부24 누리집 접수,https://plus.gov.kr/portal/benefitV2/benefitTotalSrvcList/benefitSrvcDtl?svcSeq=2130026&bnefType=all&svcId=424100000003,main,primary,미취업청년자격증응시료지원사업,강원특별자치도삼척시,20260101 ~ 20261130~20261231,교육･직업훈련,미래역량강화
youth,20260522005400213215,삼척형 청년스타트업 창업지원사업,삼척시 거주 예비 창업자 및 1년 미만 초기 창업 청년(18~49세) 대상 창업간접비 지원,인력/일자리,강원특별자치도 삼척시,강원특별자치도,"0013003,0013006 | 0049010","스타트업,청년",만 18세 ~ 만 49세,18,49,,소득조건코드=0043001 / 소득범위=0~0,,"창업간접비 1,200만 원 지원(자부담 200만 원 포함) *자체공모형 보조사업",20251222 ~ 20260123,20270324,,,,https://www.bizinfo.go.kr/sii/siia/selectSIIA200Detail.do?pblancId=PBLN_000000000117641,main,primary,삼척형청년스타트업창업지원사업,강원특별자치도삼척시,20251222 ~ 20260123~20270324,일자리,창업
youth,20260522005400213213,2026년 창업 아이디어 공모 및 지원,○ 창의적인 창업 아이디어 보유 창업가 발굴·지원(광주대학교 협업),인력/일자리,전남광주통합특별시,광주광역시,0013010 | 0049010,청년,만 1세 ~ 만 99세,,,,소득조건코드=0043001 / 소득범위=0~0,,"○ 사업화 자금 지원(총 6,000만원 / 각 1,000만원)
· (남구) 500만원: 창업비, 홍보 마케팅, 재료비, 디자인 개발비 등
· (광주대) 500만원: 마케팅 프로듀싱비(온라인콘텐츠, 홍보물 제작 등)
※ 인건비, 사무실 임차료, 공과금, 관리비 등 운영 경비 목적 사용 불가
○ 창업 역량강화
· 창업 기본교육, 멘토링 지원",20260526 ~ 20260612,20261231,"○ 제외대상
· 사행성, 환경오염 유발 가능성 등 반사회적 성격의 창업 아이디어
· 타인의 특허·실용신안 등 지적재산권 침해(우려) 아이디어
· 창업 거점 주소 및 공간이 명확하지 않은 경우 등
· (중복지원) 타 기관 창업지원사업 선정자 신청 가능하나, 동일·유사 내용 지원 이력 시 중복지원 여부 검토 및 선정 제한 가능",☞ 자세한 내용은 붙임파일을 확인해주시기 바랍니다.,"○  신청방법 : 방문 또는 이메일 접수
· (방 문) 광주 남구 봉선로 1, 남구청 6층 일자리정책과
· (이메일) ids2915@korea.kr(제출 후 유선확인必, ☎ 607-2671)",https://www.youthcenter.go.kr/youthPolicy/ythPlcyTotalSearch/ythPlcyDetail/20260522005400213213,main,primary,2026년창업아이디어공모및지원,전남광주통합특별시,20260526 ~ 20260612~20261231,일자리,창업
youth,20260522005400213211,2026 광주광역시 전략사업별 지역생태계 활성화 사업 「내일을 만드는 청년 직무형 일경험 사업」,"○ 지역 내 청년 구직 의욕 고취 및 사회적경제 기업 실질 직무경험 지원
○ 디지털마케팅·통합돌봄 분야 직무교육 및 일경험 연계 운영",인력/일자리,전남광주통합특별시,광주광역시,0013010 | 0049010,청년,만 19세 ~ 만 39세,19,39,,소득조건코드=0043001 / 소득범위=0~0,,"○ 디지털 및 통합돌봄 전문 직무교육(50명)
○ 현장 중심 일경험 운영(일경험 수당 총 600만원 지급)
○ 프로젝트 기반 협업 활동 운영(디지털 직무 일경험 참여자)
○ 생활 안정화 교육(50명) 및 재무 상담(50명) 운영
○ 취업 연계 지원",20260519 ~ 20260614,20261130,"○ 우대사항
· 취업취약청년(준비 중 청년, 자립준비청년, 북한이탈청년, 은둔형외톨이, 경력단절여성 등)
· 마케팅 및 돌봄분야 취업 준비 청년",☞ 자세한 내용은 붙임파일을 확인해주시기 바랍니다.,○ 신청하기→ 온라인 신청서 작성 → 제출(해당자에 한해 추가서류 제출),https://gjsec.kr/bbs/board.php?bo_table=noti&wr_id=2902,main,primary,2026광주광역시전략사업별지역생태계활성화사업내일을만드는청년직무형일경험사업,전남광주통합특별시,20260519 ~ 20260614~20261130,일자리,취업
youth,20260518005400213206,2026 농식품가공창업보육센터 이용자 모집 공고(공유주방 창업팀 1기),지역 농산물을 활용한 식품 가공 창업 활성화 및 초기 창업자의 실전형 창업 지원을 위한 공유주방 이용자 모집,인력/일자리,전남광주통합특별시,광주광역시,0013010 | 0049010,청년,만 19세 ~ 만 99세,19,,,소득조건코드=0043001 / 소득범위=0~0,,"○ 공유주방 시설 이용 지원
· 일반조리실 및 베이커리실 작업 공간(테이블) 제공 · 식품가공에 필요한 주요 장비 무상 사용 
○ 창업 보육 프로그램 운영
· 공유주방 첫걸음 과정 및 오리엔테이션 제공 · 시제품 개발 및 제조·판매 활동 지원",20260506 ~ 20260608,20260930,"○ 가점 대상
· 농업경영체등록확인서 제출자(농업인) · 청년 창업자 및 사업자등록 예정/완료자",☞ 자세한 내용은 붙임파일을 확인해주시기 바랍니다.,○ 신청방법 : 방문 접수 또는 이메일(diddh0428@korea.kr) 제출,https://www.youthcenter.go.kr/youthPolicy/ythPlcyTotalSearch/ythPlcyDetail/20260518005400213206,main,primary,2026농식품가공창업보육센터이용자모집공고공유주방창업팀1기,전남광주통합특별시,20260506 ~ 20260608~20260930,일자리,창업
youth,20260513005400213205,부산 청년문화축제(부산 스텝업댄스페스티벌),부산 청년문화 대표 축제 ‘부산스텝업댄스페스티벌’ 개최로 지역 청년예술가들에게 공연 기회 제공과 시민 문화향유 기회 확대,복지/문화,부산광역시 청년산학국 청년정책과,부산광역시,0013010 | 0049010,청년,만 0세 ~ 만 0세,,,,소득조건코드=0043001 / 소득범위=0~0,,"① 대회 운영
 - 메인경연: 1:1 댄스 배틀, 퍼포먼스 챔피언십 등
 - 서브경연: 주니어 챔피언십, 케이팝댄스챔피언십 등
② 사전 행사: 랜덤플레이댄스, 대회 지원
③ 부대 프로그램: 개막식&토크쇼, 댄스클래스, 워너비토크쇼, 스텝업콘서트, 스트릿마켓",20260318 ~ 20260417,20260510,,,,https://busanstepupfestival.com/home,main,primary,부산청년문화축제부산스텝업댄스페스티벌,부산광역시청년산학국청년정책과,20260318 ~ 20260417~20260510,금융･복지･문화,문화활동 및 생활지원
youth,20260513005400213204,부산 청년 일하는 기쁨카드 지원,부산 소재 중소기업 재직 청년에게 복지포인트 지원으로 근로의욕 고취 및 복지수준 향상,인력/일자리,부산광역시 청년산학국 청년정책과,부산광역시,※ 유사사업 참여 중 이거나 수혜이력이 있는 자 등 | 0013001 | 0049010,청년,만 18세 ~ 만 39세,18,39," - 공고일 기준 주민등록상 부산광역시 거주자
 - 공고일 기준 부산 소재 중소기업 3개월 이상 재직자(2024.1.1. 이후 입사자)","소득조건코드=0043003 / 소득범위=0~0 / 월 소득 3,847천원 이하(기준 중위소득 150% 이하)",," ○ 지원내용
   - 1인당 100만원 복지포인트 지원(연 2회, 50만원씩 나누어 지원)
   - 사용분야 : 문화여가, 자기계발, 건강관리, 생활지원
   - 사용기간 : 복지 포인트 지급 시부터 2026. 11. 30.까지",20260406 ~ 20260424,20261231,"- 공고일 기준 주민등록상 부산광역시 거주자
 - 공고일 기준 부산 소재 중소기업 3개월 이상 재직자(2024.1.1. 이후 입사자)

제출서류 심사 후 적격자 대상 추첨 2,000명","재직처 중소기업확인서 및 사업자 등록증
 (그 외 필요서류 공공마이데이터 연계하여 수집)",부산 청년 일하는 기쁨카드 누리집 온라인 신청,https://young.busan.go.kr/index.nm?menuCd=33,main,primary,부산청년일하는기쁨카드지원,부산광역시청년산학국청년정책과,20260406 ~ 20260424~20261231,일자리,재직자
youth,20260513005400213203,부산 청년두드림센터 운영,"부산지역 청년의 취업역량 강화프로그램 운영, 취업활동공간 지원, 청년일자리 상담 및 취업 알선 등 부산청년 취업 지원을 위한 센터 운영사업",인력/일자리,부산광역시 청년산학국 청년정책과,부산광역시,0013003 | 0049010,청년,만 18세 ~ 만 39세,18,39,,소득조건코드=0043001 / 소득범위=0~0,,"① 청년두드림센터 공간 운영
 - 청년들의 커뮤니티 활동 및 각종 행사를 위한 장소, 취업 준비 활동(개별학습 및 스터디모임 등)을 위한 공간 지원
 - 오픈공간, 학습공간, 대회의실, 스터디룸 등 취업활동 공간제공
② 전주기 맞춤형 취업 상담 ‘드리미케어’
 - 전문 취업 상담을 통한 청년구직 단계별 1:1맞춤형 전담 매칭 실시
 - 공채 시기별 맞춤형 프로그램 구성, 소그룹 운영 상담 실시, 입사지원서 및 자기소개서 지도, 실전 모의면접 진행 등
③ 청년취업역량강화 프로그램
 - 분기별 맞춤형 취업지원 프로그램 운영을 통한 청년 유입 유도 및 구직역량 강화 등
 - 다양한 구인‧구직 요구의 적시 대응을 위한 협업 네트워크 구축 등",20260101 ~ 20261231,20261231,,"기초상담 질문지 입력, 예약",‘청년부산잡스‘ 홈페이지 상담 예약 ⇒ 대면(유선)상담,https://young.busan.go.kr/index.nm?menuCd=34,main,primary,부산청년두드림센터운영,부산광역시청년산학국청년정책과,20260101 ~ 20261231~20261231,일자리,취업
youth,20260513005400213202,부산 면접정장 대여서비스(드림옷장),취업준비생 입사면접용 정장 무료대여,인력/일자리,부산광역시 청년산학국 청년정책과,부산광역시,0013003 | 0049010,청년,만 18세 ~ 만 39세,18,39," ※ 부산 거주(거소) 청년
 ※ 타 지역 거주(거소) 청년의 경우 부산소재 기업 면접 시 가능",소득조건코드=0043001 / 소득범위=0~0,,"입사 면접용 정장 무료 대여 및 코디 컨설팅
 - 만 15~39세 이하 부산 거주(거소) 청년 구직자 대상 정장 대여
 - 자켓, 셔츠, 블라우스, 치마, 바지, 넥타이, 벨트, 구두 등 면접 용품 대여 가능
 - 사이즈 일부 수선, 정장 피팅 및 코디 컨설팅 지원",,,"※ 부산 거주(거소) 청년
 ※ 타 지역 거주(거소) 청년의 경우 부산소재 기업 면접 시 가능","부산 거주 확인서류, 면접 사실 확인서류",온라인예약 ▷ 예약승인 ▷ 현장방문 대여 ▷ 정장 반납,https://young.busan.go.kr/index.nm?menuCd=32,main,primary,부산면접정장대여서비스드림옷장,부산광역시청년산학국청년정책과,,일자리,취업
youth,20260513005400213201,부산 취업연수생 고용사업,미취업 청년에게 행정체험을 제공함으로써 직장 적응능력 향상과 역량 강화로 일자리 진입 지원,인력/일자리,부산광역시 청년산학국 청년정책과,부산광역시,타 직접일자리사업 중복참여자 참여 불가 | 0013003 | 0049009,청년,만 18세 ~ 만 29세,18,29, 최종학력 고졸 이상 미취업자로서 졸업 후 3년 이내인 자,소득조건코드=0043001 / 소득범위=0~0,,"① 행정 체험 제공
 - 시·시의회, 직속기관·사업소, 공공기관·출자출연기관, 비영리단체 등 다양한 기관의 행정 체험 제공 및 취업역량 강화
② 시정체험 및 취업역량강화 프로그램 제공
 - 연수생의 시정 관심 제고 및 홍보를 위한 다양한 시정 주요현장 업무 체험 기회 마련
 - 맞춤형 취업상담 및 지역 내 우수기업 탐방 기회 제공으로 직장 적응능력 향상 및 구직 의욕 고취
",,,"최종학력 고졸 이상 미취업자로서 졸업 후 3년 이내인 자

부서별 신청(중복신청 불가)","(필수) 신청서, 개인정보수집·이용·제공동의서, 졸업증명서, 등/초본
 (선택) 취약계층 증빙서류",➀ 부산청년플랫폼 접속 → ➁ [일자리] 클릭 → ➂ [취업연수생] 클릭 → ④ 청년부산잡스 취업연수생 바로가기 클릭 ⑤ 회원가입(로그인) → ⑥ 신청하기(온라인 신청서 작성 및 제출서류 스캔 파일 업로드),https://young.busan.go.kr/index.nm?menuCd=161,main,primary,부산취업연수생고용사업,부산광역시청년산학국청년정책과,,일자리,취업
youth,20260513005400213200,부산 청년 임차보증금 대출 및 대출이자 지원(머물자리론),청년층의 주거비부담 경감을 위해 청년 임차보증금 대출 및 대출이자 지원,주거,부산광역시 청년산학국 청년정책과,부산광역시,"- 신혼부부 (혼인신고일 기준 7년이내) 
 - 기초생활(생계,주거)수급자
 - 부·모, 배우자의 부·모와 임대차계약한 자 
 ※ 유사사업 참여 중 이거나 수혜이력이 있는 자 등 | 0013010 | 0049010",청년,만 19세 ~ 만 39세,19,39," - 주민등록상 부산거주 무주택 청년 세대주
 - 주택기준 : 임차보증금 2억원 이하 
 - 임대차계약을 체결하고 임차보증금 5% 이상을 지불한 자","소득조건코드=0043003 / 소득범위=0~0 / 본인 연소득 6천만원 이하, 부부합산 1억원 이하",," ○ 지원내용 : 임차보증금 대출 및 대출이자 지원 
  - 대출한도 : 최대 1억원 이내 (임차보증금 90% 범위 내)
  - 이자지원 : 연소득 45백만원 이하 2.5%, 45백만원 초과 2% ",,,"- 주민등록상 부산거주 무주택 청년 세대주
 - 주택기준 : 임차보증금 2억원 이하 
 - 임대차계약을 체결하고 임차보증금 5% 이상을 지불한 자","가족관계증명서, 임대차계약서",부산청년플랫폼 누리집 온라인 신청,https://young.busan.go.kr/index.nm,main,primary,부산청년임차보증금대출및대출이자지원머물자리론,부산광역시청년산학국청년정책과,,주거,전월세 및 주거급여 지원
youth,20260513005400213199,부산 청년 월세 지원,청년층의 주거비부담 경감을 위해 청년 월세 지원,주거,부산광역시 청년산학국 청년정책과,부산광역시,※ 유사사업 참여 중 이거나 수혜이력이 있는 자 등 | 0013010 | 0049010,청년,만 19세 ~ 만 34세,19,34,"
 - 부모님과 별도 거주 무주택청년
 - 재산기준 : 원가구 4억7천만원 이하, 청년가구 1억22백만원 이하","소득조건코드=0043003 / 소득범위=0~0 / 청년 기준중위소득 60%(월소득 154만원) 이하, 원가구 기준중위소득 100%(월 536만원) 이하",," ○ 지원내용 : 월 최대 20만원, 최대 24개월 지원",20260330 ~ 20260529,20260509,"- 부모님과 별도 거주 무주택청년
 - 재산기준 : 원가구 4억7천만원 이하, 청년가구 1억22백만원 이하","월세지원신청서, 소득·재산 신고서, 임대차계약 및 월세이체 증빙서류, 서약서, 입금통장 사본, 청년 및 부·모의 가족관계증명서, 배우자 및 배우자 부·모의 가족관계증명서",복지로 누리집 온라인 신청,https://young.busan.go.kr/index.nm?menuCd=37,main,primary,부산청년월세지원,부산광역시청년산학국청년정책과,20260330 ~ 20260529~20260509,주거,전월세 및 주거급여 지원
youth,20260513005400213198,부산 청년 중개보수 및 이사비 지원,"부산시 전입, 부산시 내 이사 후 전입 신고한 일하는 청년에게 이사비 지원",주거,부산광역시 청년산학국 청년정책과,부산광역시,※ 유사사업 수혜이력이 있는 자 등 | 0013010 | 0049010,청년,만 18세 ~ 만 39세,18,39," - ‘25. 1. 1.이후 부산시 전입 및 부산시 내 이사 후 전입신고
 - 주택 거래금액 1.5억원 이하 전・월세 거주
 - 무주택자, 부모 별도 거주","소득조건코드=0043003 / 소득범위=0~0 / 기준중위소득 120%이하(월 3,078천원 이하)",," ○ 지원내용 : 부동산 중개보수 및 실제 소요된 이사 비용(최대 40만원)
   - (중개보수) 임대차 계약 체결 시 소요되는 중개 수수료
   - (이사비) 개인용달, (반)포장이사, 사다리차 이용비 등
   ※ 택배비, 청소비, 개인적 차량 렌트비, 개인 아르바이트 고용 용역비 등 제외 ",20260801 ~ 20261231,,"- ‘25. 1. 1.이후 부산시 전입 및 부산시 내 이사 후 전입신고
 - 주택 거래금액 1.5억원 이하 전・월세 거주
 - 무주택자, 부모 별도 거주","부동산임대차계약서, 중개보수 및 이사비 납부 영수증, 통장사본 등",부산청년플랫폼 온라인 신청,https://young.busan.go.kr/index.nm,main,primary,부산청년중개보수및이사비지원,부산광역시청년산학국청년정책과,20260801 ~ 20261231~,주거,전월세 및 주거급여 지원
youth,20260513005400213197,부산 청년 자산형성 지원(부산청년 기쁨두배통장),청년에게 저축을 통한 자산형성 지원 및 금융역량 강화,인력/일자리,부산광역시 청년산학국 청년정책과,부산광역시,"※ 유사사업 참여 중 이거나 수혜이력이 있는 자, 본인 명의 통장개설이 불가능한 자 등 | 0013010 | 0049010",청년,만 18세 ~ 만 39세,18,39," ※ 사업자의 경우 본인 명의 사업자등록증 
 ※ 공고일 기준 주민등록상 부산시 거주","소득조건코드=0043003 / 소득범위=0~0 / 기준중위소득 150%이하(월 소득 3,847천원 이하) / 건강보험료로 판단 : 직장가입자 138,780원 지역가입자 68,641원",," ○ 지원내용 : 청년 10만원 저축시 1:1 市 매칭 지원, 금융교육
  ※ 저축기간 24개월 또는 36개월",20260810 ~ 20260821,,"※ 사업자의 경우 본인 명의 사업자등록증 
 ※ 공고일 기준 주민등록상 부산시 거주",,부산청년기쁨두배통장 누리집 온라인 신청,https://young.busan.go.kr/index.nm?menuCd=53,main,primary,부산청년자산형성지원부산청년기쁨두배통장,부산광역시청년산학국청년정책과,20260810 ~ 20260821~,일자리,취업
youth,20260513005400213196,부산 청년 신용회복 지원,"경제적 어려움을 겪고 있는 청년들 대상으로 재무상담, 채무조정, 연체예방비용 지원 및 경제교육 등을 실시하여 경제적 자립을 지원",복지/문화,부산광역시 청년산학국 청년정책과,부산광역시,0013010 | 0049010,청년,만 18세 ~ 만 39세,18,39," ※ 신청일 기준 주민등록상 부산시 거주
 ※ 연체예방비용 지원: 최근 3개월 월 평균 소득 50만원 이상, 연체가능성이 있거나 최근 3개월 이내 연체이력이 있는 청년",소득조건코드=0043001 / 소득범위=0~0,," ○ 지원내용
  - 1:1 맞춤형 재무상담 지원
  - 채무조정 및 연체예방 비용 지원
  - 청년 맞춤형 경제교육 지원",,,"※ 신청일 기준 주민등록상 부산시 거주
 ※ 연체예방비용 지원: 최근 3개월 월 평균 소득 50만원 이상, 연체가능성이 있거나 최근 3개월 이내 연체이력이 있는 청년",,부산신용보증재단 상담 후 신청,https://www.부산청년희망.kr,main,primary,부산청년신용회복지원,부산광역시청년산학국청년정책과,,금융･복지･문화,취약계층 및 금융지원
youth,20260513005400213195,부산 청년 생활인구 유입 활성화(부산온나청년패스),"부산을 방문하는 타지역 청년 대상으로 부산온나청년패스 발급,
 제휴시설 이용 할인 제공",복지/문화,부산광역시 청년산학국 청년정책과,부산광역시,0013010 | 0049010,청년,만 18세 ~ 만 39세,18,39, ※ 타시도 청년(주민등록이 부산광역시 외로 등록되어 있는 청년),소득조건코드=0043001 / 소득범위=0~0,,"① 부산온나청년패스 신청 및 발급
 - (신청) 대상자가 “부산청년플랫폼”에서 「부산온나청년패스」 신청 
 - (승인) 신청즉시 발급, 실시간 승인
② 제휴업체 할인·이용
 - (이용) 제휴시설 방문시 청년패스 확인 후 이용료 할인 
    ① 이용자가 “단말기에 업체 QR코드 인식”
    ② 제휴업체에서 청년패스 확인 후 생활인구 이용료 적용",,,"※ 타시도 청년(주민등록이 부산광역시 외로 등록되어 있는 청년)

주민등록이 부산광역시 외로 등록되어 있는 청년
 (행정정보공동이용을 연계하여 주민등록 확인)",,부산청년플랫폼-부산청년정책-부산온나청년패스 신청,https://young.busan.go.kr/index.nm?menuCd=269,main,primary,부산청년생활인구유입활성화부산온나청년패스,부산광역시청년산학국청년정책과,,금융･복지･문화,문화활동 및 생활지원
youth,20260513005400213194,부산 청년문화육성 지원,부산지역 청년 및 청년예술인을 위한 청년문화육성 지원,복지/문화,부산광역시 청년산학국 청년정책과,부산광역시,0013010 | 0049010,청년,만 18세 ~ 만 39세,18,39,,소득조건코드=0043001 / 소득범위=0~0,,"① 청년신진예술가 창작활동지원
 - 부산 청년신진예술가의 창작활동을 위한 지원금 지급
② 청년예술가 자율기획
 - 청년이 문화예술을 소재로 직접 설계한 프로젝트 제안 및 수행
③ 청년연출가 작품 제작지원
 - 청년연출가의 우수공연 콘텐츠 지원하여 지역의 대표 공연 브랜드 육성
④ 예술×기술 융복합 프로젝트 운영
 - 청년예술가들이 첨단기술(AI 등)을 능동적 창작 도구로 활용 가능하도록 기술교육 등 역할 강화
⑤ 민락인디트레이닝센터 운영
 - 인디문화 콘텐츠 개발 및 육성을 위한 트레이닝 프로그램 운영
⑥ 청년예술가 국제교류
 - 청년예술가들의 국제적 감각을 배양 및 교류를 통한 역량 강화
⑦ 청년 아트페어
 - 시각분야 청년예술가들의 작품을 판매하는 페어 운영
⑧ 청년 예술작품 구독
 - 시민들에게 노출될 수 있는 기관의 주요공간에 시각 분야 청년
   예술가들의 작품을 일정기간 향유할 수 있도록 구독 지원
⑨ 부산 아티스트택
 - 시각예술 분야 청년 예술가 작품을 활용한 상품 출시
⑩ 청년문화홍보
 - 청년문화 온라인 콘텐츠 제작, 성과공유회 운영",,,,,사업별 상이(부산문화재단 홈페이지 공모내용 확인),https://young.busan.go.kr/index.nm?menuCd=235,main,primary,부산청년문화육성지원,부산광역시청년산학국청년정책과,,금융･복지･문화,예술인지원
youth,20260513005400213193,부산 청년만원플러스문화패스,청년들의 문화관람비 부담경감 통해 다양한 문화콘텐츠 향유기회 제공,복지/문화,부산광역시 청년산학국 청년정책과,부산광역시,부산청년만원+문화패스 및 청년문화예술패스 기선정자 | 0013010 | 0049010,청년,만 18세 ~ 만 39세,18,39,,소득조건코드=0043001 / 소득범위=0~0,,"부산시 거주 청년(18~39세) 대상 지역 우수 문화공연을 1만원으로 
관람할 수 있도록 지원
  - (청년) 1만원 결제 / (市) 공연기획사에 차액 사후 보전 ▹1인 최대 10만원까지",20260428 ~ 20260430,,,,"부산이즈굿 동백전 → 부산청년만원+문화패스 신청 → 정책자금 신청 목록에서 부산청년만원+문화패스 선택 → 선착순 신청 선택 → 서비스 정보이용 제공 동의 → 신청인 정보 입력 → 8,500명 선착순 선정",https://young.busan.go.kr/index.nm?menuCd=234,main,primary,부산청년만원플러스문화패스,부산광역시청년산학국청년정책과,20260428 ~ 20260430~,금융･복지･문화,문화활동 및 생활지원
youth,20260513005400213192,부산 청년문화예술패스,"19∼20세 청년(2006∼2007년생)에게 문화예술 관람 등 지원을 통한
 문화향유 기회 제공",복지/문화,부산광역시 청년산학국 청년정책과,부산광역시,"2025년 청년문화예술패스 이용자 신청 불가
 (단, 실제 사용 금액이 없는 이용자는 신청 가능) | 0013010 | 0049010",청년,만 19세 ~ 만 20세,19,20,,소득조건코드=0043001 / 소득범위=0~0,,1인당 연 15만원~20만원 공연·전시 ·영화 관람비 지원,20260225 ~ 20260630,,,,"‘청년문화예술패스’ 누리집에서 신청·발급 후 지정된 협력예매처에서
 공연･전시･영화 관람권 예매 시 사용",https://young.busan.go.kr/index.nm?menuCd=245,main,primary,부산청년문화예술패스,부산광역시청년산학국청년정책과,20260225 ~ 20260630~,금융･복지･문화,문화활동 및 생활지원
youth,20260513005400213190,부산 신진예술인 육성 지원(신진청년예술인 인큐베이팅 및 경력 개발 지원),부산지역 신진청년예술인 공연제작 전반 참여 지원,복지/문화,부산광역시 청년산학국 청년정책과,부산광역시,0013010 | 0049010,청년,만 18세 ~ 만 39세,18,39,,소득조건코드=0043001 / 소득범위=0~0,," - 부산지역 청년예술인 25여 명 선발 (공모·오디션 등)
 - 대규모 작품 제작·참여를 통해 신진청년예술인 발굴 및 육성
 - 공연 창작물 국내·외 아트마켓 연계 추진으로 활동기반 마련",,,,,부산문화회관 홈페이지 공모 확인 후 지원,https://young.busan.go.kr/index.nm?menuCd=61,main,primary,부산신진예술인육성지원신진청년예술인인큐베이팅및경력개발지원,부산광역시청년산학국청년정책과,,금융･복지･문화,예술인지원
youth,20260513005400213189,부산 청년 로컬크리에이터 레벨업,"부산지역 자원 및 특성을 기반으로 창업한 청년 기업에 재정지원, 네트워킹 활성화 등으로 성장·정착 지원",인력/일자리,부산광역시 청년산학국 청년정책과,부산광역시,0013010 | 0049010,청년,만 18세 ~ 만 39세,18,39,,소득조건코드=0043001 / 소득범위=0~0,,"① 청년 로컬크리에이터 육성 및 발굴
  - 대상: 창업 7년 미만 만39세 이하, 소비자 대상 제품·서비스를 보유한
    청년 로컬크리에이터 기업 ▸ 16개사 내외 선정
  - 일정: 모집공고(2~3월) → 선정발표(3월 내) → 자금지원 및 수행(4~12월) 
  - 지원: 사업화 자금(기업당 최대 4,000만원이내), 맞춤형 컨설팅 등

② 로컬자원 활용 프로젝트 수행기업 지원
  - 대상: 인구 감소·관심지역내 상권, 빈집, 유휴공간을 활용한 프로젝트 수행 청년 기업 ▸ 4개사 내외 선정 ※  감소지역: 동구, 서구, 영도구 / 관심지역: 중구, 금정구
  - 일정: 모집(3~4월) → 선정·사업 착수(4월내) → 1차 지원(50%) 및 수행(4~7월)
    → 중간평가 → 2차 지원(50%) 및 수행(8~12월)
  - 지원: 사업화 자금(기업당 4,000만원 내외 차등 지급), 맞춤형 컨설팅 등
 
③ 로컬크리에이터 교류·협력 프로그램 추진(5~11월 중) 
  - 로컬크리에이터 협의체 구성: 기업 자문·의견 교류
  - 로컬 비즈니스 컨퍼런스 개최: 민간 투자·유관기관 연계 네트워킹 등
  - 로컬크리에이터 쇼케이스 개최: 지원기업 제품 팝업스토어 등
  - 로컬 콘텐츠 제작 및 홍보: 공식 SNS 등 다수 채널 활용 홍보",20260201 ~ 20260430,,,,,https://busanjob.net/yjob/index.do,main,primary,부산청년로컬크리에이터레벨업,부산광역시청년산학국청년정책과,20260201 ~ 20260430~,일자리,창업
youth,20260513005400213188,부산청년 글로벌 잡(JOB) 챌린지 프로젝트,해외일경험 참여 청년의 글로벌 기업 취업 매칭 위해 정규직 채용 조건의 인턴 채용 인건비 제공,인력/일자리,부산광역시 청년산학국 청년정책과,부산광역시,0013010 | 0049010,청년,만 18세 ~ 만 39세,18,39,,소득조건코드=0043001 / 소득범위=0~0,,"① 해외일경험 참여 청년의 글로벌 기업 취업 매칭
  - (기업) 정규직 채용 조건의 인재 채용 인건비 제공
          (1인 월 150만원*최대3개월)
  - (청년) 채용 전후 역량강화 프로그램 제공 및 연계 ",        ,        ,,(기업) 사업참여 신청서 및 증빙서류,‘부산일자리정보망‘ 홈페이지,https://www.busan.go.kr/expdetail/view?schYear=2025&schDbiz=626000020253008E,main,primary,부산청년글로벌잡job챌린지프로젝트,부산광역시청년산학국청년정책과,,일자리,취업
youth,20260513005400213187,부산 전세보증금 반환보증 보증료 지원,전세보증금 반환보증 보증료 지원을 통해 반환보증 가입을 유도하여 전세사기 피해방지 및 주거안정 도모,주거,부산광역시 주택건축국 주택정책과,부산광역시,"신청인 기준 보증효력이 유효한 전세보증금반환보증에 가입
 임차보증금 3억원 이하, 무주택 | 0013010 | 0049010",청년,만 18세 ~ 만 39세,18,39,"소득요건 : 연소득 (청년) 5천만원, (청년 외) 6천만원, (신혼부부) 7.5천만원 이하
  - 청년: 18세~39세(부산시 청년 기본조례)
  - 신혼부부: 혼인신고일 7년 이내, 신혼부부 유형으로 보증료 할인 받은 경우 등 연령 무관",소득조건코드=0043003 / 소득범위=0~0 / 신청자격요건 참조,,"전세보증금 반환보증 가입을 유도하여 전세사기 피해 예방
- (사업기간) 26. 1. 1. ~ 예산 소진 시까지
- (추진기관) 국토교통부, 부산시, 16개 구군
- (사 업 비) 1,238,000천원(국 50%, 시 50%)  
- (지원대상) 지원기준을 모두 충족하는 주민등록상 부산 거주 시민
 ▹신청인 기준 보증 효력이 유효한 전세보증금반환보증에 가입
 ▹임차보증금 3억원 이하
 ▹연소득 (청년) 5천만원, (청년 외) 6천만원, (신혼부부) 7.5천만원 이하
 ▹무주택  ※ 본인, 배우자 모두 무주택 / 분양권, 입주권 주택 포함
- (지원내용) 전세보증금 반환보증 보증료 전부 또는 일부 지원(최대 40만원)
- (지원인원) 약 4,000명",,,"소득요건 : 연소득 (청년) 5천만원, (청년 외) 6천만원, (신혼부부) 7.5천만원 이하
  - 청년: 18세~39세(부산시 청년 기본조례)
  - 신혼부부: 혼인신고일 7년 이내, 신혼부부 유형으로 보증료 할인 받은 경우 등 연령 무관

방문 신청 가능(주소지 관할 구군청)","신청서, 서약서, 통장사본, 보증서, 보증료 납부 증빙서류, 임대차계약서,
 부동산 등기사항 전부증명서, 주민등록등본, 혼인관계증명서 등","보증보험 가입(신청자) → 신청(정부24, 안심전세포털 등) → 접수(구군)",https://www.busan.go.kr/depart/reguarantee01,main,primary,부산전세보증금반환보증보증료지원,부산광역시주택건축국주택정책과,,주거,주택 및 거주지
youth,20260513005400213186,부산 전세피해 임차인 민간주택 월세지원사업,「전세사기피해자 지원 및 주거안정에 관한 특별법」과 연계하여 부산지역 전세사기 등 피해자들의 주거 불안 해소 및 주거 안정 지원,주거,부산광역시 주택건축국 주택정책과,부산광역시,"① (지원제외) 아래 1가지 이상 해당하는 자는 지원 대상에서 제외
  - 전세사기피해자가 거주주택을 경락받거나 신규주택을 구입한 경우
  - 공공 임대주택에 입주한 경우(긴급주거지원 포함)
  - 직계존·비속, 형제·자매 등 2촌 이내 친족의 주택을 임차한 경우
  - 「긴급복지지원법」에 의한 긴급복지지원을 받고 있는 경우
  - 정부 및 지자체의 월세(주택임대료) 지원사업 참여자(청년 월세      지원 사업 등)
  - 국민기초생활수급자 중 주거급여 수급자
  - 국토부에서 피해자 결정이 철회 또는 취소된 자(패해액 전액 회수 등)
 ② (지원종료) 아래 1가지 이상 해당하는 자는 지원종료
  - 정부 및 지자체의 월세(주택임대료) 지원사업 참여가 사후 확인된 경우
  - 관외 전출할 경우, 전출일이 속하는 달부터 지원종료
 ③ (지원중단) 대상자로 선정되었으나, 사유 없이 월세 납입내역 등      증빙자료 제출하지 않은 월에 한하여 해당월 납입분 미지급(횟수차감)
 ④ (선정취소) 거짓이나 그 밖의 부정한 방법으로 지원받은 경우 지원  
    전액 회수 | 0013010 | 0049010",청년,만 18세 ~ 만 39세,18,39,"ㅇ 아래 요건을 모두 충족하는 자
 - 특별법에 따라 전세사기피해자(등)으로 결정된 자
   * 전세사기피해자(등)으로 결정된 날부터 3년이내 신청(법14조의2)
 - 신청일 현재, 부산광역시에 주민등록이 되어있는 무주택자*
    * 분양권 및 조합원 입주권은 주택으로 산정하지 않음 
      ▸ 전세피해 임차인 버팀목 전세대출 조건을 따름
 - 전세피해 주택이 부산광역시에 소재하면서, 부산광역시에 소재한     민간 주택에 월세 계약을 체결하여 주민등록 전입 및 실제 거주하는 자
 - 피해주택 임대차계약서의 임차인과 월세주택 임대차계약서의 임차인     및 본 사업 신청자가 모두 피해자 본인일 것",소득조건코드=0043001 / 소득범위=0~0,,"ㅇ전세피해 임차인 민간주택 월세 한시 지원
- 지원대상: 특별법에 따른 전세사기피해자(등) 결정자로서, 민간주택으로         신규 이주하여 월세 형태로 주거 중인 세대
- 지원내용: 월세 실비 지원(월 최대 40만원 한도)
- 지원기간: 선정월로부터 2년간(최대 24회차 납입분까지)",,,"ㅇ 아래 요건을 모두 충족하는 자
 - 특별법에 따라 전세사기피해자(등)으로 결정된 자
   * 전세사기피해자(등)으로 결정된 날부터 3년이내 신청(법14조의2)
 - 신청일 현재, 부산광역시에 주민등록이 되어있는 무주택자*
    * 분양권 및 조합원 입주권은 주택으로 산정하지 않음 
      ▸ 전세피해 임차인 버팀목 전세대출 조건을 따름
 - 전세피해 주택이 부산광역시에 소재하면서, 부산광역시에 소재한     민간 주택에 월세 계약을 체결하여 주민등록 전입 및 실제 거주하는 자
 - 피해주택 임대차계약서의 임차인과 월세주택 임대차계약서의 임차인     및 본 사업 신청자가 모두 피해자 본인일 것

① 민간주택 월세 실비 지원 (최대 40만원 한도)
  - 임대차계약서의 월세액에 한하며, 관리비 등은 제외
  - 긴급 주거지원(공공 임대주택) 이용 중 민간 월세 주택으로 이주한 경우,  총 지원기간 2년 중 긴급 주거지원 기간을 제외한 기간만 지원대상
 ② 사업 신청 이전 지출 내역에 대하여 소급 지급 불가
  - (예) 26년 1월 신청의 경우, 26년 1월분 월세 납입금액부터 지원함
 ③ 최대 24회차 납입분까지 지원
 ④ 본 사업과 전세대출 이자지원 사업은 동시 지급 불가
  - (예1) 1인 24회차 범위중 12회는 대출이자지원 12회는 월세지원 불가
  - (예2) 전·월세 혼합된 형태로 거주하는 경우, 대출이자 지원사업과 월세지원 중 신청자 희망 사업 선택지원","신청서, 개인정보수집·이용등 동의서, 주민등록등본, 통장사본, 신분증, 가족관계증명서(상세)(부·모·본인 기준 각 1부씩), 전세사기피해자등 결정통지서 및 결정문, 피해주택 및 이주주택 임대차계약서, 월세 납부 증빙서류(계좌이체내역서 등)","① 민간월세 계약
② 이주
③ 월세지원 신청 및 월세납입내역 제출(매월 말까지)
④ 지원대상 적합여부 및구비서류 검토
⑤ 월세지원
⑥ 사후관리",https://www.busan.go.kr/depart/charterdamage001,main,primary,부산전세피해임차인민간주택월세지원사업,부산광역시주택건축국주택정책과,,주거,주택 및 거주지
youth,20260513005400213184,청년내일저축계좌 지원,"○ 저소득 일하는 청년의 자산형성을 지원하여 자립 기반을 마련함 
○ 본인 저축액에 정부지원금을 매칭 적립하여 목돈 마련의 기회를 제공함",복지/문화,전남광주통합특별시,광주광역시,0013010 | 0049010,청년,만 15세 ~ 만 39세,15,39,,소득조건코드=0043001 / 소득범위=0~0,,"○ 근로소득장려금 지원
· 매월 10만원 저축 시 정부가 월 30만원 지원

○ 정책대상별 추가지원금 (해당자)
· 근로소득공제금(월 10만원), 내일키움장려금(월 20만원), 내일키움수익금(최대 월 15만원), 탈수급장려금 등   ",20260504 ~ 20260520,        ,"○ 가입기준(소득상한) : 신청 당시 가구 소득인정액이 기준 중위소득 50% 이하 (1인 가구 기준 1,282,119원) 
○ 유지기준(소득상한) : 청년 본인의 총 근로·사업소득이 기준 중위소득 100% 이하",☞ 자세한 내용은 붙임파일을 확인해주시기 바랍니다.,"○ 온라인 신청 : 복지로 홈페이지(www.bokjiro.go.kr)
○ 방문 신청 : 주소지 읍면동 행정복지센터",https://youth.gwangju.go.kr/www/50?siteId=www&policyId=1362&url=%2Fwww%2Fpolicy%2FgjYgPolicyView,main,primary,청년내일저축계좌지원,전남광주통합특별시,20260504 ~ 20260520~,금융･복지･문화,취약계층 및 금융지원
youth,20260513005400213183,2026년 청년농업인(청년창업형 후계농업경영인) 영농정착지원사업(2차),"○ 영농 초기 소득이 불안정한 청년농업인 대상, 최장 3년간 영농정착지원금 지급 및 농지·자금·교육 등 연계 지원",인력/일자리,전남광주통합특별시,광주광역시,0013010 | 0049010,"농업인,청년",만 18세 ~ 만 39세,18,39,,소득조건코드=0043001 / 소득범위=0~0,,"○ 영농정착지원금 차등 지급
·  1년차: 월 110만 원 / 2년차: 월 100만 원 / 3년차: 월 90만 원
○ 정책자금 및 연계 지원
·  후계농업경영인 육성자금: 최대 5억 원 한도 융자 지원(연리 1.5% 고정금리)
·  농지 지원: 한국농어촌공사 농지은행을 통한 농지 매입·임차 지원 우선순위 부여
·  교육 및 컨설팅: 영농 기술 및 경영 역량 강화를 위한 단계별 교육 제공",20260601 ~ 20260710,20261231,"○ 소득기준: 본인세대 건강보험료 산정액 기준 중위소득 140% 이하
○ 제외대상: 사업자 등록자(일부 허용 제외), 상근 직원 채용자, 재학생 및 휴학생 등",☞ 자세한 내용은 붙임파일을 확인해주시기 바랍니다.,○ 농림사업정보시스템(농업e지) 온라인 신청,https://www.nongupez.go.kr/nsm/main,main,primary,2026년청년농업인청년창업형후계농업경영인영농정착지원사업2차,전남광주통합특별시,20260601 ~ 20260710~20261231,일자리,취업
youth,20260513005400213181,2026 전입청년 교통비 지원,"2023. 1. 1. 이후 원주시로 전입하여, 타지역 직장으로 출퇴근하는 18~39세 청년들의 원주시 전입 및 정착 유도를 위한 전입청년 교통비 지원",복지/문화,강원특별자치도 원주시,강원특별자치도,"공무원, 교사, 공공기관 재직자, 2023~2025 해당 사업 대상자 | 0013001 | 0049010",청년,만 18세 ~ 만 39세,18,39,2023. 1. 1. 이후 원주시로 전입하여 거주하고 있는 18~39세 청년 중 관외에 직장을 두고 출퇴근하는 자 (*신청일 기준),소득조건코드=0043001 / 소득범위=0~0,,"대중교통비(고속버스, 시외버스, 기차), 승용차 유류비 / 월 최대 10만 원(실비) 지급 / 2026. 7.~2027. 6.(12개월) 지원 ",20260501 ~ 20260619,20270630,2023. 1. 1. 이후 원주시로 전입하여 거주하고 있는 18~39세 청년 중 관외에 직장을 두고 출퇴근하는 자 (*신청일 기준),"가. 전입청년 교통비 지원 사업 신청서 1부 [붙임 1]
나. 개인정보 수집 및 이용 동의서 1부 [붙임 2]
다. 사업 신청 각서 1부 [붙임 3]
라. 주민등록초본 1부 (주소변동사항 포함, 공고일 이후 발급분)
마. 건강보험자격득실확인서 1부 (직장가입자에 한함, 공고일 이후 발급분)
바. 재직증명서 1부 (공고일 이후 발급분)
사. 사업자등록증 혹은 고유번호증 1부","온라인
-원주시 청년지원센터 홈페이지",https://www.wonju.go.kr/www/selectBbsNttView.do?key=216&bbsNo=140&nttNo=483082&searchCtgry=&searchCnd=SJ&searchKrwd=%EC%A0%84%EC%9E%85%EC%B2%AD%EB%85%84&pageIndex=1&integrDeptCode=,main,primary,2026전입청년교통비지원,강원특별자치도원주시,20260501 ~ 20260619~20270630,금융･복지･문화,문화활동 및 생활지원
youth,20260511005400213180,부산 청년내일저축계좌,"근로빈곤층 청년의 생계수급자 등으로의 하락을 사전에 예방하고, 일하는 중간계층 청년이 사회에 안착할 수 있도록 자산형성을 지원",복지/문화,부산광역시 사회복지국 복지정책과,부산광역시,"부산청년 기쁨두배통장 등 유사자산형성사업과 중복 신청 불가
금융위원회 청년희망적금, 청년도약계좌는 중복 대상사업에 해당되지 않음에 따라 동시 신청 가능 | 0013001,0013002,0013004,0013005,0013006,0013007,0013008,0013009 | 0049010",청년,만 15세 ~ 만 39세,15,39,,"소득조건코드=0043003 / 소득범위=0~0 / 가구소득 : 기준 중위소득 50% 이하, 근로기준 : 월 10만원 이상 근로사업소득 발생",,"○ 근   거
 - 「국민기초생활보장법」제18조의8(자산형성지원)
○ 사업내용
 - 3년간 매월 본인 저축액 저축 시 근로소득장려금 등 적립·지원
 - 본인저축액(월 10만원 이상 ~ 50만원 이하) 납입 시 30만원 적립
○ 가입대상
 - 일하는 기준중위소득 50%이하 청년(15세~39세)
○ 시행주체
 - 16개 구·군
 *재원부담: 국 90 시 7 구군 3
○ 지원조건
 - 3년간 통장유지, 자립역량교육 이수 및 자금 사용계획서 제출 등",20260505 ~ 20260520,,,신청사이트 참고,"온라인 신청 : 복지로 사이트
방문 신청 : 읍면동 주민센터(주소지가 아니더라도, 동일 시군구내 모든 주민센터 신청 가능)",https://young.busan.go.kr/index.nm?menuCd=48,main,primary,부산청년내일저축계좌,부산광역시사회복지국복지정책과,20260505 ~ 20260520~,금융･복지･문화,취약계층 및 금융지원
youth,20260511005400213179,여성창업지원(사업화지원),한국여성경제인협회 광주지회는 여성창업자 창업성공률 제고 및 안정적 성장기반을 마련하고자 ‘여성창업지원(사업화지원)’ 사업을 안내합니다.,인력/일자리,전남광주통합특별시,광주광역시,0013010 | 0049010,"여성,청년",만 1세 ~ 만 99세,,,,소득조건코드=0043001 / 소득범위=0~0,,"○ 생산·기술 지원
· 시제품 및 금형 제작, 시험 분석 지원 등
· 기업별 최대 2,400천원

○ 마케팅 지원(최대5개 기업)
· CI·BI 개발, 제품·포장 디자인, 홈페이지/앱 개발, 카달로그, 홍보동영상
· 언론기사·광고, 크라우드 펀딩 플랫폼 참가, 제품 판매 플랫폼 입점
· 전시회·박람회 참가 지원, 지식재산권 획득 등",20260507 ~ 20260527,20261130,"○ 지원제한
· 동일 내용 및 아이템으로 타 지원기관(정부 및 공공기관 등) 지원을 받았거나 받고 있는 경우 제외
· 중소기업창업지원법 시행령 제4조(창업에서 제외되는 업종) 해당 업종 제외
· 국세, 지방세 체납자 제외
· 기선정자 제외(최근 3년 이내)",☞ 자세한 내용은 붙임파일을 확인해주시기 바랍니다.,"○ 우편 또는 이메일 접수
· 주소: 광주광역시 북구 무등로 180번길 5(신안동 133-1)
· 이메일: kwea6028@daum.net",https://www.youthcenter.go.kr/youthPolicy/ythPlcyTotalSearch/ythPlcyDetail/20260511005400213179,main,primary,여성창업지원사업화지원,전남광주통합특별시,20260507 ~ 20260527~20261130,일자리,창업
youth,20260511005400213178,2026년 5월 가계부소모임-2회차,"""한번 더 나의 지출을 돌아볼 수 있었어요""
""계획 된 소비를 할 수 있을 거 같아서 좋아요""
- 참여자 후기 -
돈 관리, 이렇게 하는 게 맞는 걸까? 싶을 때
이따가 해볼까? 자꾸 미루게 될 때
서로 같이, 함께 돈 관리 습관을 만들어가는
가계부 소모임에 참여해보세요!",복지/문화,전남광주통합특별시,광주광역시,0013010 | 0049010,청년,만 19세 ~ 만 39세,19,39,,소득조건코드=0043001 / 소득범위=0~0,,"▶ 내 용 : 예산 수립, 통장 시스템, 꿈꾸는 가계부 작성법 익히기
▶ 일 시 : 2026년 5월 20일(수) 19-21시
▶ 대 상 : 돈 관리법을 알고 싶은 광주 청년 10명
▶ 방 법 : 오프라인
▶ 장 소 : 광주청년드림은행(광주광역시 북구 무등로 237,2층)
▶ 신 청: bit.ly/가계부소모임

*가계부 작성 실습과 참여자 간 이야기 나눔이 있습니다.

- 2026년 5월 15일(금)까지 신청 링크를 통해 접수, 선착순 마감",20260508 ~ 20260515,        ,,,"▶ 내 용 : 예산 수립, 통장 시스템, 꿈꾸는 가계부 작성법 익히기
▶ 일 시 : 2026년 5월 20일(수) 19-21시
▶ 대 상 : 돈 관리법을 알고 싶은 광주 청년 10명
▶ 방 법 : 오프라인
▶ 장 소 : 광주청년드림은행(광주광역시 북구 무등로 237,2층)
▶ 신 청: bit.ly/가계부소모임

*가계부 작성 실습과 참여자 간 이야기 나눔이 있습니다.

- 2026년 5월 15일(금)까지 신청 링크를 통해 접수, 선착순 마감

*한번 강의를 들으신 분들은 참여가 취소될 수 있으며, 많은 분들의 참여을 돕고자 함이니 양해부탁드립니다.",https://youth.gwangju.go.kr/www/52?siteId=www&bbsId=bbs1&postId=2052&url=%2Fwww%2Fbbs%2FpostView,main,primary,2026년5월가계부소모임2회차,전남광주통합특별시,20260508 ~ 20260515~,금융･복지･문화,취약계층 및 금융지원
youth,20260506005400213174,(부평구) 청년창업 재정지원 사업,우수하고 창의적인 아이템을 가진 청년 창업자를 발굴하여 지역 우수 기업으로 성장 유도,인력/일자리,인천광역시 부평구 경제환경국 일자리창출과,인천광역시,"○ 창업자 대표 및 팀원 소유 건물의 임차료 지급 제외
○ 임대인이 창업자의 직계존비속, 형제, 자매, 배우자인 경우 지급 제외 | 0013006 | 0049010","예비창업자,청년",만 19세 ~ 만 39세,19,39,"○ (최초지원) 예비창업자(생애최초)
○ (초기지원) 부평구에 사업장을 둔 3년 이하 창업자
○ (성장지원) 부평구에 사업장을 청년 1명이상 채용 및 7년 이하 창업자상가 임차료는 사무공간에 한해 지원(원룸 등 주거공간 임차료 지원 불가)",소득조건코드=0043001 / 소득범위=0~0,,"○ (최초지원) 창업자금 최대 1,000만원 지원
○ (초기지원) 창업자금 최대 1,200만원 지원
○ (성장지원) 창업자금 최대 1,500만원 지원",        ,        ,"○ (최초지원) 예비창업자(생애최초)
○ (초기지원) 부평구에 사업장을 둔 3년 이하 창업자
○ (성장지원) 부평구에 사업장을 청년 1명이상 채용 및 7년 이하 창업자상가 임차료는 사무공간에 한해 지원(원룸 등 주거공간 임차료 지원 불가)",,"○ 신청 홈페이지에 접속하여 신청서 등 양식 다운
○ 구비 서류 양식 작성 및 증빙서류 구비
○ 일자리창출과 방문 또는 이메일 신청",https://youth.incheon.go.kr/youthpolicy/youthPolicyInfoDetail.do?poly_seq=106,main,primary,부평구청년창업재정지원사업,인천광역시부평구경제환경국일자리창출과,,일자리,창업
youth,20260506005400213171,(부평구) 청년도전 지원사업,"구직단념청년을 발굴, 노동시장 참여 촉진지원",인력/일자리,인천광역시 부평구 경제환경국 일자리창출과,인천광역시,0013003 | 0049010,청년,만 18세 ~ 만 34세,18,34,"구직단념 청년(부평구 거주자 35~39세 참여가능)
지원연령: 부평구 거주자 35~39세 참여가능",소득조건코드=0043001 / 소득범위=0~0,,"맞춤형 프로그램 및 참여수당, 인센티브 등",20260101 ~ 20261018,        ,"구직단념 청년(부평구 거주자 35~39세 참여가능)
지원연령: 부평구 거주자 35~39세 참여가능",,"○ 고용24(기관선택: (사협)일터와사람들)
○ 현장접수: 신청 전 전화문의 시 개별안내",https://youth.incheon.go.kr/youthpolicy/youthPolicyInfoDetail.do?poly_seq=110,main,primary,부평구청년도전지원사업,인천광역시부평구경제환경국일자리창출과,20260101 ~ 20261018~,일자리,취업
youth,20260506005400213164,미래우주교육센터 구축,산·학·연 컨소시엄 기반으로 미래 우주분야 문제를 해결하고 신기술을 선도할 수 있는 종합적인 전문인력 양성,교육/멘토링,인천광역시 해양항공국 항공과,인천광역시,0013010 | 0049010,청년,만 34세 ~ 만 99세,34,,-,소득조건코드=0043001 / 소득범위=0~0,,"○ 우주탐사 및 자원활용 분야 45명 전문인력양성 교육 추진
○ 우주탐사 및 우주자원활용 분야 연구개발 지원
 - [우주진입] 정밀천측항법 및 비행제어 시뮬레이터
 - [우주탐사] 다목적 탐사 로버
 - [자원활용] 수전해 추력기
○ 달/화성 탐사 시나리오 기반 우주핵심기술 시제품 연구개발",        ,        ,,,,https://youth.incheon.go.kr/youthpolicy/youthPolicyInfoDetail.do?poly_seq=170,main,primary,미래우주교육센터구축,인천광역시해양항공국항공과,,교육･직업훈련,미래역량강화
youth,20260506005400213162,(강화군) 창업일자리센터 운영,취·창업 지원 프로그램 운영 및 구인·구직자 취업 연계 지원,인력/일자리,인천광역시 강화군 경제산업국 일자리경제과,인천광역시,0013010 | 0049010,청년,만 19세 ~ 만 39세,19,39,-,소득조건코드=0043001 / 소득범위=0~0,,"구인구직 알선, 일자리박람회 개최, 청년의 날 행사 개최, 청년 및 창업 프로그램 운영 등",,,,,강화군 창업일자리센터 방문 또는 홈페이지 인터넷 접수,https://www.ganghwajob.kr/,main,primary,강화군창업일자리센터운영,인천광역시강화군경제산업국일자리경제과,,일자리,창업
youth,20260506005400213159,(연수구) 청년 정신건강 조기중재사업,청년 정신질환을 조기 발견 및 개입하여 청년층의 정신질환 발병 예방 및 만성화 방지,복지/문화,인천광역시 연수구 보건소 치매정신건강과,인천광역시,0013010 | 0049010,청년,만 15세 ~ 만 34세,15,34,-,소득조건코드=0043001 / 소득범위=0~0,,"고위험군 발굴 및 상담, 정신과 치료비 지원",        ,        ,,,,https://youth.incheon.go.kr/youthpolicy/youthPolicyInfoDetail.do?poly_seq=196,main,primary,연수구청년정신건강조기중재사업,인천광역시연수구보건소치매정신건강과,,금융･복지･문화,건강
youth,20260506005400213157,인천광역시 청년미래센터 운영,복지사각지대에 있는 위기청년 지원을 위한 전담기관 운영,복지/문화,인천광역시 외로움돌봄국 외로움정책과,인천광역시,0013010 | 0049010,청년,만 13세 ~ 만 39세,13,39,"가족돌봄청년(13~34세), 고립은둔청년(19~39세)",소득조건코드=0043001 / 소득범위=0~0,,"○ 가족돌봄청년
- 자기돌봄비 지급(연 200만원), 사례관리. 의료·돌봄서비스 연계, 자조모임 등
○ 고립은둔청년 
- 초기상담 및 고립은둔 정도 진단
- 심리지원, 회복지원, 공동활동 등 프로그램 제공
- 가족지원(가족상담, 자조모임 등)",,,"가족돌봄청년(13~34세), 고립은둔청년(19~39세)",,,http://www.mohw2030.co.kr/panel.asp,main,primary,인천광역시청년미래센터운영,인천광역시외로움돌봄국외로움정책과,,금융･복지･문화,취약계층 및 금융지원
