source,source_id,title,summary,s_category,provider,region,target_group,target_tags,target_age,target_age_min,target_age_max,target_detail,income_condition,startup_stage,support_type,apply_start,apply_end,additional_conditions,required_documents,application_method,detail_url,_scope,_scope_reason,norm_title,norm_provider,norm_period,category,subcategory
biz,PBLN_000000000122433,[대구] 2026년 (Pre)스타기업 육성사업 개별지원 유형별 특성화지원 통합 공고,"2026년 (Pre)스타기업 육성사업 개별지원「유형별 특성화지원」에 대해 아래와 같이 공고합니다.
☞ 대구시 스타기업(스타기업, Pre-스타기업 등)
☞ 3개 지원유형(혁신촉진형, 경쟁력강화형, 시장진출형)으로 세분화하여 기업 수요기반 맞춤형 지원
- 혁신촉진형 : 신사업도전, ESG상생, 투자유치
- 경쟁력강화형 : 시제품 제작, 제품 고도화, 공정개선, 특허, 인증 지원, 경영컨설팅 등
- 시장 진출형 : 마케팅(전시회 참가, 온오프라인 홍보 등), 디자인, 컨설팅 등
※ 자세한 지원내용 공고문 참조",경영,대구테크노파크,대구광역시,중소기업,중소기업,,,,,,,디자인/상품화/사업화,세부사업별 상이,,,온라인 접수(대구스타기업 플랫폼),온라인 접수(대구스타기업 플랫폼),https://www.bizinfo.go.kr/sii/siia/selectSIIA200Detail.do?pblancId=PBLN_000000000122433,main,primary,대구2026년pre스타기업육성사업개별지원유형별특성화지원통합공고,대구테크노파크,세부사업별 상이~,경영,디자인/상품화/사업화
biz,PBLN_000000000122432,2026년 대구 투자 및 상장(IPO) 활성화 통합사업 투자 및 상장(IPO) 지원 공고,"2026년 대구 투자 및 상장(IPO) 활성화 통합사업「투자 및 상장(IPO) 지원」에 대해 아래와 같이 공고합니다.
☞ 투자유치 및 상장(IPO)을 희망하는 대구 중소ㆍ중견기업 등
- 상장(IPO)희망 기업 : 상장기본요건을 충족하고 향후 2년 이내 상장 계획 중인 기업
※ '26년 內 대구시로 본점 이전이 가능한 기업(법인) 지원 가능
☞ 공통지원 : 투자 및 상장(IPO) 교육 지원, 공개 IR 피칭 및 투자상담회 지원(무료)
- 상장(IPO) 기초형ㆍIR컨설팅ㆍIR홍보영상 : 기업당 최대 5백만원
- 상장(IPO) 스케일업형 : 기업당 최대 25백만원
- 트랙별 지원내용 상이, 자세한 사항 공고문 참조",자금,대구테크노파크,대구광역시,중소기업,중소기업,,,,,,,펀드/투자,2026-05-26,2026-06-09,,"이메일 접수 (kms3664@dgtp.or.kr / rimkim@dgtp.or.kr)
※ 이메일 제출 후 제출 사실을 전화로 확인하여야 하며, 불이행시 누락 책임은 기업에 있음","이메일 접수 (kms3664@dgtp.or.kr / rimkim@dgtp.or.kr)
※ 이메일 제출 후 제출 사실을 전화로 확인하여야 하며, 불이행시 누락 책임은 기업에 있음",https://www.bizinfo.go.kr/sii/siia/selectSIIA200Detail.do?pblancId=PBLN_000000000122432,main,primary,2026년대구투자및상장ipo활성화통합사업투자및상장ipo지원공고,대구테크노파크,2026-05-26~2026-06-09,금융,펀드/투자
biz,PBLN_000000000122431,[충남] 아산시 2026년 착한가격업소 소규모 시설개선 지원사업 공고,"착한가격업소를 운영하는 관내 소상공인의 자생력과 경쟁력을 제고하고, 지역물가 안정화를 위해 추진하는 2026년 아산시 착한가격업소 소규모 시설개선 지원 사업에 대하여「아산시 착한가격업소 지원 및 관리에 관한 조례」제6조에 따라 다음과 같이 공고합니다.
☞ 공고일 기준 아산시 착한가격업소 지정 후 1년 이상 경과한 업소
☞ 소규모 시설 개선(인테리어, 옥외간판, 기타) 최대 250만원 지원
- 주방, 객실, 화장실 등 리모델링, 도배, 간판 교체, LED 전등 교체 등 업소 내 시설이 낙후되어 환경 개선이 필요한 사항
※ 화장실은 판매시설과 동일 실내 공간에 위치한 경우에만 지원
- 집기류 등 단순 소모품 구입, 업종 변경을 위한 리모델링 등은 지원 제외",경영,기초자치단체,충청남도,소상공인,소상공인,,,,,,,시설/입지지원,2026-05-21,2026-06-30,,"방문 접수
- 접수처 : 아산시청 지역경제과(아산시 시민로 456, 별관 3층)","방문 접수
- 접수처 : 아산시청 지역경제과(아산시 시민로 456, 별관 3층)",https://www.bizinfo.go.kr/sii/siia/selectSIIA200Detail.do?pblancId=PBLN_000000000122431,main,primary,충남아산시2026년착한가격업소소규모시설개선지원사업공고,기초자치단체,2026-05-21~2026-06-30,경영,시설/입지지원
biz,PBLN_000000000122430,2026년 전남 글로벌 스타트업 육성사업(베트남) 모집 공고,"전남창조경제혁신센터에서는 도내 유망기업의 글로벌 진출을 지원하기 위하여 「2026년 전남 글로벌 스타트업 육성사업(베트남)」의 참여기업을 모집하오니, 신사업 아이디어와 신기술을 보유한 우수 중소기업의 많은 관심과 참여 바랍니다.
☞ 전남도내 본사 또는 공장, 기업부설연구소, 지사 등이 1개 이상 소재하거나 이전ㆍ신규 설치 예정인 기업 중 아래 조건을 모두 충족하는 기업
-「중소기업기본법」 제2조 제1항에 따른 기업, 업력제한 없음
- 심층기술(Deep Tech) 기반 중소기업 등 : 바이오테크, 신재생에너지, 소재기술, k-푸드ㆍ뷰티, 디지털 헬스케어 등
※ 공고일 기준 도내 본사 또는 지점, 지사, 기업부설연구소 등이 소재하지 아니할 경우, 협약체결 후 1개월 이내 전남도로 이전 또는 신규 설치해야함 / 이전ㆍ설치하지 아니할 경우 협약을 취소할 수 있음 
☞ 기업 글로벌 역량진단, 기업 맞춤형 글로벌 액셀러레이팅, 데모데이 개최, 해외 현지 액셀러레이팅 프로그램, 글로벌 으뜸기업 지역창업페스티벌 참여, 글로벌 으뜸기업 성과공유회 개최 지원
※ 자세한 지원내용 공고문 참조",판로/수출,전남창조경제혁신센터,전라남도,창업벤처,"스타트업,초기창업기업",,,,,,,해외진출준비,2026-05-20,2026-06-10,,"이메일 접수 (jiwon@ccei.kr)
※ 이메일로 신청 후 반드시 접수 확인 요망","이메일 접수 (jiwon@ccei.kr)
※ 이메일로 신청 후 반드시 접수 확인 요망",https://www.bizinfo.go.kr/sii/siia/selectSIIA200Detail.do?pblancId=PBLN_000000000122430,main,primary,2026년전남글로벌스타트업육성사업베트남모집공고,전남창조경제혁신센터,2026-05-20~2026-06-10,수출,해외진출준비
biz,PBLN_000000000122429,[충북] 2026년 대한민국 국제 의약품 전시회(CPHI KOREA 2026) 참가기업 모집 공고,"충청북도와 충청북도기업진흥원에서는 도내 바이오 원료 및 의약품, 의료기기 관련 기업의 글로벌 시장 진출 확대를 위하여 도비 100% 지원「2026 대한민국 의약품 전문전시회(CPHI KOREA 2026)」참가 지원사업을 아래와 같이 추진합니다. 대한민국 국제 제약ㆍ바이오 산업 전시회에 참가를 희망하는 도내 기업 여러분의 많은 관심과 적극적인 참여를 바랍니다.
☞ 공고일 기준, 부가가치세법 제6조 규정에 의하여 충북지역에 사업장(본사, 공장, 연구소)을 보유한 바이오 원료 및 의약품, 의료기기 관련 기업
☞ 부스비(80%), 장치비(80%), 행정 등 지원",판로/수출,충청북도기업진흥원,충청북도,중소기업,중소기업,,,,,,,오프라인,2026-05-22,2026-06-12,,온라인 접수(충청북도글로벌마케팅시스템),온라인 접수(충청북도글로벌마케팅시스템),https://www.bizinfo.go.kr/sii/siia/selectSIIA200Detail.do?pblancId=PBLN_000000000122429,main,primary,충북2026년대한민국국제의약품전시회cphikorea2026참가기업모집공고,충청북도기업진흥원,2026-05-22~2026-06-12,내수,오프라인
biz,PBLN_000000000122428,2026년 콘텐츠 기업 노무 컨설팅 참가기업 모집 공고,"한국콘텐츠진흥원은 일하는 방식 및 고용환경 변화에 따른 국내 콘텐츠 기업의 경쟁력 강화를 위해 기업 맞춤형 노무 컨설팅을 지원할 예정입니다. 콘텐츠 기업의 많은 관심과 참여 바랍니다.
☞ 콘텐츠 기업(개인/법인사업자)
※ 콘텐츠 기업 : 방송, 출판, 만화, 음악, 게임, 애니메이션, 캐릭터, 콘텐츠솔루션, 공연 등
※ 상시근로자 수 : 공고 게시일로부터 제출일 이내 대표를 제외한 4대 보험 가입자명부 기준
※ 중소기업기본법 시행령 제8조에 따른 중소기업이 아닌 경우 신청 불가
※ 방송법 제2조 3호에 의거한 방송사업자 신청 불가
☞ 노무 종합컨설팅 지원
- 기업별 기초진단, 수요 맞춤형 노무 종합컨설팅 제공(기업별 최대 5회 예정)
- 컨설팅 결과보고서 등 제공, 노무 상시ㆍ사후 상담 지원",경영,한국콘텐츠진흥원,전국,중소기업,중소기업,,,,,,,컨설팅,예산 소진시까지,,,이메일 접수 (ear@kocca.kr),이메일 접수 (ear@kocca.kr),https://www.bizinfo.go.kr/sii/siia/selectSIIA200Detail.do?pblancId=PBLN_000000000122428,main,primary,2026년콘텐츠기업노무컨설팅참가기업모집공고,한국콘텐츠진흥원,예산 소진시까지~,경영,컨설팅
biz,PBLN_000000000122426,2026년 글로벌 웹툰 IP 제작지원 추가 모집 공고,"한국콘텐츠진흥원에서 만화웹툰 해외진출 기반 마련 및 수출 경쟁력 강화를 도모하고자 웹툰 플랫폼 또는 제작사를 대상으로 글로벌 웹툰 IP 제작 비용을 지원해드리는 사업입니다.
☞ 웹툰 개발ㆍ제작 경험이 있거나 개발ㆍ제작할 수 있는 능력이 있는 글로벌 웹툰 플랫폼 또는 제작사
☞ 글로벌 웹툰 IP 제작 비용 지원",판로/수출,한국콘텐츠진흥원,전국,중소기업,중소기업,,,,,,,해외진출준비,2026-05-22,2026-06-05,,온라인 접수 (e나라도움),온라인 접수 (e나라도움),https://www.bizinfo.go.kr/sii/siia/selectSIIA200Detail.do?pblancId=PBLN_000000000122426,main,primary,2026년글로벌웹툰ip제작지원추가모집공고,한국콘텐츠진흥원,2026-05-22~2026-06-05,수출,해외진출준비
biz,PBLN_000000000122425,2026년 3차 민관공동기술사업화R&D(구매연계ㆍ상생협력) 시행계획 공고,"「2026년도 민관공동기술사업화R&D」(구매연계ㆍ상생협력) 제3차 시행계획을 다음과 같이 공고하오니, 동 사업에 참여하고자 하는 중소기업은 사업 안내에 따라 신청하시기 바랍니다.
☞ 「중소기업기본법」제2조의 중소기업으로 수요처 또는 투자기업이 구매 또는 투자의사를 밝히고 개발을 제안한 기업
※ 내역사업별 지원자격은 첨부파일(붙임2) 참조
☞ 구매연계ㆍ상생협력 최대 2년, 6억원 이내 지원
- 국내수요처, 해외수요처, 조달혁신, 혁신형도전, 상생협력형 지원
※ 자세한 지원내용 공고문 참조",기술,중소기업기술정보진흥원,전국,중소기업,중소기업,,,,,,,혼합(단독+공동),2026-06-15,2026-06-29,,온라인 접수 (범부처통합연구지원시스템),온라인 접수 (범부처통합연구지원시스템),https://www.bizinfo.go.kr/sii/siia/selectSIIA200Detail.do?pblancId=PBLN_000000000122425,main,primary,2026년3차민관공동기술사업화rd구매연계ㆍ상생협력시행계획공고,중소기업기술정보진흥원,2026-06-15~2026-06-29,기술,혼합(단독+공동)
biz,PBLN_000000000122424,2026년 2차 원전기업 인증 신청기업 모집 공고,"경영진의 안전의식을 바탕으로 높은 사업역량을 갖춘 원전기업을 인증함으로써 국내 원전 기술경쟁력 강화 및 원전 안전성 제고를 도모하고자「원전기업 인증제도」를 다음과 같이 시행하고자 하오니 인증을 받고자 하는 기업은 신청하여 주시기 바랍니다.
☞ 한수원 유자격 공급자 등록 중소ㆍ중견기업 및 기타 중소ㆍ중견기업 중 원전사업 참여 중 또는 참여 희망 기업
☞ 원전기업 인증 지원
※ 자세한 지원내용 공고문 참조",기타,한국원자력산업협회,전국,중소기업,중소기업,,,,,,,제도,2026-05-18,2026-06-12,,"이메일 및 방문 또는 우편 접수
- 이메일 : edu@kaif.or.kr
- 접수처 : (04505) 서울특별시 중구 서소문로 38, 9층 한국원자력산업협회, 원전기업 인증사무국
※ 자세한 신청방법 공고문 참조","이메일 및 방문 또는 우편 접수
- 이메일 : edu@kaif.or.kr
- 접수처 : (04505) 서울특별시 중구 서소문로 38, 9층 한국원자력산업협회, 원전기업 인증사무국
※ 자세한 신청방법 공고문 참조",https://www.bizinfo.go.kr/sii/siia/selectSIIA200Detail.do?pblancId=PBLN_000000000122424,main,primary,2026년2차원전기업인증신청기업모집공고,한국원자력산업협회,2026-05-18~2026-06-12,기타,제도
biz,PBLN_000000000122423,2026년 2차 배출권거래제 할당대상업체 탄소중립설비 지원사업 공고,"배출권거래제 할당대상업체 대상으로 2026년도 「할당대상업체 탄소중립설비 지원사업」을 다음과 같이 공고(2차)하오니 많은 참여 바랍니다.
☞「온실가스 배출권의 할당 및 거래에 관한 법률」제8조의 규정에 따른 할당대상업체 
- (온실가스감축설비 지원) 할당대상업체 중에서 중소ㆍ중견ㆍ유상할당 대기업, 공공기관, 학교, 병원
- (할당대상업체 상생프로그램) 주사업자는 모든 할당업체(민간기업)
※ 자세한 지원대상 공고문 참조
☞ 온실가스감축설비, 할당대상업체 상생프로그램 지원
- 사업예산 범위 내에서 설비투자비의 30 ~ 70% 이내 지원
※ 자세한 지원내용 공고문 참조",경영,한국환경공단,전국,중소기업,중소기업,,,,,,,시설/입지지원,2026-05-22,2026-06-23,,온라인 접수 (국고보조금통합관리시스템),온라인 접수 (국고보조금통합관리시스템),https://www.bizinfo.go.kr/sii/siia/selectSIIA200Detail.do?pblancId=PBLN_000000000122423,main,primary,2026년2차배출권거래제할당대상업체탄소중립설비지원사업공고,한국환경공단,2026-05-22~2026-06-23,경영,시설/입지지원
biz,PBLN_000000000122422,2026년 홍콩 소비재 메가쇼 전시회 수출 컨소시엄 참가기업 모집 연장 공고,"국내 중소기업의 해외 시장 진출 및 수출 판로개척을 위하여 우리 기관에서는 「2026 홍콩 소비재 메가쇼 전시회 수출 컨소시엄」의 참가기업을 모집하오니 관심 있으신 기업 분들의 많은 참여 바랍니다.
☞ 중소기업기본법 제2조 및 시행령 제3조 따른 대한민국 중소기업
- 지원품목 : 식품 및 화장품 등 종합 소비재
☞ 부스임차료, 등록비 최대 70%, 물품 운송료 1CBM 편도 기준 100%, 홍콩 메가쇼 내 한국관(또는 통합한국관) 구성 운영 지원
- 사전설명회 및 교육/온라인 상담회 운영, 사전발굴 바이어 대상 1:1 미팅, 1:1 통역원 최대 50%, 바이어 후속상담 지원(바이어 초청 수출상담회 연계)",판로/수출,강원특별자치도경제진흥원,강원특별자치도,중소기업,중소기업,,,,,,,해외진출,2026-05-13,2026-06-02,,온라인 접수 (중소기업 해외전시포탈),온라인 접수 (중소기업 해외전시포탈),https://www.bizinfo.go.kr/sii/siia/selectSIIA200Detail.do?pblancId=PBLN_000000000122422,main,primary,2026년홍콩소비재메가쇼전시회수출컨소시엄참가기업모집연장공고,강원특별자치도경제진흥원,2026-05-13~2026-06-02,수출,해외진출
biz,PBLN_000000000122421,[강원] 2026년 지역특화형(바이오헬스ㆍ식품) 스마트공장 구축사업 공고,"「2026년도 강원 지역특화형(바이오헬스ㆍ식품) 스마트공장 보급ㆍ확산사업」의 지원계획을 다음과 같이 공고합니다.
☞ 도내 바이오헬스ㆍ식품 분야 중소ㆍ중견기업 중 스마트공장 구축이 필요한 제조기업
※ 지원범위 : 기능성 식품 및 화장품(소재 및 완제), 생물자원 유래 의약소재 및 제품, 진단 소재 및 기기, 의료기기, 일반(가공)식품(전통식품, 청정가공식품 등) 등 제조 기업
☞ 정보통신기술(ICT)로 제품의 기획-설계-제조-판매 과정을 통합하여 제조 공정을 최적화하는 스마트공장 구축지원
- 제품설계ㆍ생산공정 개선 등을 위한 스마트공장 솔루션 구축 및 솔루션과 연동되는 자동화장비ㆍ제어기ㆍ센서 등 구축 지원",경영,강원테크노파크,강원특별자치도,중소기업,중소기업,,,,,,,시설/입지지원,2026-05-22,2026-06-30,,온라인 접수 (스마트공장 사업관리 시스템),온라인 접수 (스마트공장 사업관리 시스템),https://www.bizinfo.go.kr/sii/siia/selectSIIA200Detail.do?pblancId=PBLN_000000000122421,main,primary,강원2026년지역특화형바이오헬스ㆍ식품스마트공장구축사업공고,강원테크노파크,2026-05-22~2026-06-30,경영,시설/입지지원
biz,PBLN_000000000122420,[경기] 부천시 IBK ESG 컨설팅 참가기업 모집 공고,"최근 급변하는 글로벌 경영 환경 속에서 ESG(환경ㆍ사회ㆍ지배구조)는 중소기업의 지속가능한 성장을 위한 필수 패러다임으로 부각되고 있습니다. 이에 따라 부천산업진흥원에서는 IBK기업은행과 협력하여 지역내 중소기업의 구조적 전환과 경쟁력 강화를 돕기 위한 「IBK ESG 컨설팅 지원사업」의 참여기업을 모집하오니 ESG 경영체계 구축을 통해 기업가치를 한단계 높이고자 하는 역량 있는 기업들의 많은 관심과 신청 바랍니다.
☞ 부천 소재 중소기업
☞ ESG 교육, ESG 진단, 컨설팅 지원
- ESG 교육 : ESG 인식제고 및 변화관리를 위한 교육프로그램
- ESG 진단 : 업종별 특성을 고려한 ESG 경영수준 진단
- 컨설팅 : 진단을 통해 확인된 이슈 및 개선사항에 대한 솔루션 제시",경영,부천산업진흥원,경기도,중소기업,중소기업,,,,,,,컨설팅,예산 소진시까지,,,이메일 접수 (bizbc@bizbc.or.kr),이메일 접수 (bizbc@bizbc.or.kr),https://www.bizinfo.go.kr/sii/siia/selectSIIA200Detail.do?pblancId=PBLN_000000000122420,main,primary,경기부천시ibkesg컨설팅참가기업모집공고,부천산업진흥원,예산 소진시까지~,경영,컨설팅
biz,PBLN_000000000122419,[경기] 시흥시 2026년 소공인 협업 활성화 지원사업 모집 공고,"소공인 간 협업을 활성화하여 사업화 역량을 강화하고 지속가능한 성장 기반 마련하고자 「2026년 소공인 협업 활성화 지원사업」 참여모임을 다음과 같이 모집 공고합니다.
☞ 시흥시 관내 10인 미만 제조 소공인(신청기업ㆍ참여기업)
☞ 소공인 협업 활성화를 위한(모임별 최대 10,000천원) 지원
- 시제품 아이디어 사업화 지원 : 시제품 제작, 제품 디자인 등
- 통합 마케팅 지원 : 홍보물ㆍ홈페이지 제작, 전시회 참가 등
- 지식재산 출원 등록비 지원 : 특허, 기술경영 지원 등
- 교육지원 : AX, DX, ESG경영, AI 등 전문 교육 지원 등",경영,시흥산업진흥원,경기도,소상공인,소상공인,,,,,,,디자인/상품화/사업화,2026-05-22,2026-06-12,,"방문, 이메일, 온라인 접수
- 접수처 : 시흥시 호현로 27번길 25-1 시흥시소공인지원센터 3층 소공인지원실
- 이메일 : lys123@sida.kr
- 온라인 : 시흥산업진흥원","방문, 이메일, 온라인 접수
- 접수처 : 시흥시 호현로 27번길 25-1 시흥시소공인지원센터 3층 소공인지원실
- 이메일 : lys123@sida.kr
- 온라인 : 시흥산업진흥원",https://www.bizinfo.go.kr/sii/siia/selectSIIA200Detail.do?pblancId=PBLN_000000000122419,main,primary,경기시흥시2026년소공인협업활성화지원사업모집공고,시흥산업진흥원,2026-05-22~2026-06-12,경영,디자인/상품화/사업화
biz,PBLN_000000000122418,[경기] 용인시 2026년 공공조달 멘토링 지원 참여기업 모집 공고,"용인시산업진흥원에서는 용인시 중소기업의 공공조달시장 진출을 위한 2026년 공공조달 멘토링 지원 사업을 다음과 같이 모집하오니 많은 관심과 신청 바랍니다.
☞ 용인 소재 본사 또는 공장이 있는 중소기업
☞ 공공시장 진입을 위한 기초 멘토링 지원
※ 자세한 지원내용 공고문 참조",경영,용인시산업진흥원,경기도,중소기업,중소기업,,,,,,,컨설팅,선착순 접수,,,온라인 접수(용인기업지원시스템),온라인 접수(용인기업지원시스템),https://www.bizinfo.go.kr/sii/siia/selectSIIA200Detail.do?pblancId=PBLN_000000000122418,main,primary,경기용인시2026년공공조달멘토링지원참여기업모집공고,용인시산업진흥원,선착순 접수~,경영,컨설팅
biz,PBLN_000000000122417,[울산] 2026년 유망 소상공인 로컬브랜드 육성사업 참여기업 모집 공고,"지역 내 유망 소상공인 대상 종합 마케팅 지원으로 브랜드 경쟁력이 우수한 기업가형 소상공인 육성을 위한  ‘유망 소상공인 로컬브랜드 육성사업’의 참여기업을 모집하오니 많은 신청 바랍니다.
☞ 공고일 기준 울산시 소재 업력 1년 이상 소상공인
☞ 전문 컨설팅 프로그램, 마케팅 및 판로개척 지원
- 전문 컨설팅 프로그램 : 경영전략 심화, 브랜드 고도화, 인증(전문분야) 지원
- 마케팅 : SNS마케팅, 라이브커머스, 패키지디자인, 스마트 전환 지원
- 판로개척 : 지역행사(울산공업축제, 동행축제 등), 전시박람회, 판촉 행사 지원",경영,울산경제일자리진흥원,울산광역시,소상공인,소상공인,,,,,,,컨설팅,2026-05-22,2026-06-05,,이메일 접수 (hpine@ubpi.or.kr),이메일 접수 (hpine@ubpi.or.kr),https://www.bizinfo.go.kr/sii/siia/selectSIIA200Detail.do?pblancId=PBLN_000000000122417,main,primary,울산2026년유망소상공인로컬브랜드육성사업참여기업모집공고,울산경제일자리진흥원,2026-05-22~2026-06-05,경영,컨설팅
biz,PBLN_000000000122416,[경북] 2026년 미국 포틀랜드 추계 아웃도어스포츠 기능성섬유박람회(FFF) 공동관 참가기업 모집 공고,"경상북도와 경상북도경제진흥원은 기능성 섬유분야 유망 시장에서 개최되는 전시 참가를 통해 해외 판로 개척을 희망하는 도내 수출 기업을 다음과 같이 모집하오니, 기업의 적극적인 참여 바랍니다.
☞ 경상북도 제조 또는 수출 중소기업으로 다음 중 1가지 이상 충족
가. 경북도 내 소재한 공장등록증 보유 중소기업
나. 제조시설면적 500㎡ 미만으로 건물건축물대장 용도가 경북도 내 소재로 공장 또는 제조업소로 명시된 기업
다. 수출신고필증 내 수출대행자 또는 수출화주 또는 제조자가 경북소재로 표기
- (전시품목) 아웃도어ㆍ스포츠 의류 및 섬유제품, 라이프스타 및 엑티브웨어의 기능성 소재, 액세서리 및 원부자재 등
☞ 전시참가비, 전시운영비, 편도운송료 및 통역비 지원
- (전시참가비) 전시 등록, 전시회 공식 디렉토리북 등재 등 비용의 50%
- (전시운영비) 부스 임차 및 공동관 장치비 50% 지원(14㎡, 패키지부스)
- (편도운송료 및 통역비) 1개사 당 최대 1,500,000원 한도 지원",판로/수출,경상북도경제진흥원,경상북도,중소기업,중소기업,,,,,,,해외진출,2026-05-22,2026-06-05,,이메일 접수(uujin0110@gepa.kr),이메일 접수(uujin0110@gepa.kr),https://www.bizinfo.go.kr/sii/siia/selectSIIA200Detail.do?pblancId=PBLN_000000000122416,main,primary,경북2026년미국포틀랜드추계아웃도어스포츠기능성섬유박람회fff공동관참가기업모집공고,경상북도경제진흥원,2026-05-22~2026-06-05,수출,해외진출
biz,PBLN_000000000122415,2026년 2차 산업기술R&D연구기획사업 신규지원 대상과제 공고,"산업기술R&D연구기획사업의 2026년도 제2차 신규지원 대상과제를 다음과 같이 공고하오니 동 사업에 참여를 희망하는 기관(기업)에서는 신청하여 주시기 바랍니다.
☞ 기업, 대학, 연구기관, 연구조합, 사업자단체, 의료기관 등 
- 「산업기술혁신촉진법」 제11조 제2항 및 같은 법 시행령 제11조, 「산업기술혁신사업 공통 운영요령」 제2조제1항제3호, 제4호 및 제4의2호, 9의2부터 9의5에 해당하는 기관
☞ 산업기술분야 신규 R&D 사업기획 연구개발비 지원
- 대형사업기획 : 총사업비 1천억(국비 500억) 이상인 대형규모 R&D 사업기획
- 중소형사업기획 : 총사업비 1천억(국비 500억 미만인 중소규모 R&D 사업기획
※ 자세한 지원내용 공고문 참조",기술,한국산업기술기획평가원,전국,중소기업,중소기업,,,,,,,혼합(단독+공동),2026-05-22,2026-06-22,,온라인 접수 (범부처통합연구지원시스템),온라인 접수 (범부처통합연구지원시스템),https://www.bizinfo.go.kr/sii/siia/selectSIIA200Detail.do?pblancId=PBLN_000000000122415,main,primary,2026년2차산업기술rd연구기획사업신규지원대상과제공고,한국산업기술기획평가원,2026-05-22~2026-06-22,기술,혼합(단독+공동)
biz,PBLN_000000000122414,[인천] 2026년 1인 창조기업 지원센터 선택형 지원 모집 공고,"중소벤처기업부와 인천광역시가 지원하고, 인천테크노파크가 운영하는 인천 1인 창조기업 지원센터에서 입주기업의 사업화 및 마케팅 지원 등을 위하여 2026년 선택형 지원사업을 추진하오니 많은 관심과 참여 바랍니다.
☞ 인천지원센터 입주기업 및 당해연도 졸업기업
☞ 디자인 개발, 시제품 제작, 마케팅 지원, 기업 역량 강화 등 지원(기업당 최대 3백만원 이내)",창업,인천테크노파크,인천광역시,창업벤처,초기창업기업,,,,,,,사업화지원,2026-05-26,2026-06-08,,이메일 접수 (gracejin@itp.or.kr),이메일 접수 (gracejin@itp.or.kr),https://www.bizinfo.go.kr/sii/siia/selectSIIA200Detail.do?pblancId=PBLN_000000000122414,main,primary,인천2026년1인창조기업지원센터선택형지원모집공고,인천테크노파크,2026-05-26~2026-06-08,창업,사업화지원
biz,PBLN_000000000122413,[경북] 포항시 2026년 2차 탄소중립기술 신산업 육성사업 중소기업 탄소저감 지원 기업 모집 공고,"포항시 중소기업 탄소중립 기술 강화 및 탄소중립 시대 기업 경쟁력 강화를 위한 ‘2026년 탄소중립기술 신산업 육성사업’에 참여할 기업을 다음과 같이 모집하오니 많은 관심과 참여 바랍니다.
☞ 포항시에 본사 또는 공장을 보유하고 있는 중소기업(공고일 기준)
※ 중소기업 : 중소기업「중소기업기본법」제2조의 규정에 의한 중소기업
※ 지원대상지 주소가 포항시 내에 있어야함
☞ 탄소 다배출 공정개선 지원
- ICT, 무선전력전송 기반 설비 개선 및 공정 최적화
- 요소부품 고장, 수명, 내구성 및 신뢰성 평가 지원
- 온실가스 감축 및 자원순환 기술 적용 시제품 제작 지원
- 폐열 회수 및 자연순환 공정 구축",경영,경북테크노파크,경상북도,중소기업,중소기업,,,,,,,시설/입지지원,2026-05-21,2026-05-31,,온라인 접수 (경북테크노파크),온라인 접수 (경북테크노파크),https://www.bizinfo.go.kr/sii/siia/selectSIIA200Detail.do?pblancId=PBLN_000000000122413,main,primary,경북포항시2026년2차탄소중립기술신산업육성사업중소기업탄소저감지원기업모집공고,경북테크노파크,2026-05-21~2026-05-31,경영,시설/입지지원
biz,PBLN_000000000122412,[전남] 2026년 대한민국 중소기업 박람회 참가기업 모집 공고,"「전라남도 중소기업제품 구매촉진 및 판로지원에 관한 조례」제5조에 따라 도내 중소기업의 판로 개척을 지원하기 위해 ‘2026년 대한민국 중소기업 박람회’ 참가기업 모집 계획을 다음과 같이 공고합니다.
☞ 다음의 요건을 모두 충족하는 중소기업
-「중소기업기본법」제2조제1항제1호에 따른 기업
- 전라남도 내 본사, 주사무소 또는 공장 중 어느 하나를 둔 기업
- 제조업을 영위하고, 박람회 전시ㆍ상담ㆍ판매가 가능한 자체 제품을 보유한 기업
☞ 대한민국 중소기업 박람회 참가 부스 사용료 및 기본 장치",판로/수출,직접수행,전라남도,중소기업,중소기업,,,,,,,오프라인,2026-05-22,2026-06-05,,이메일 접수(sys96@korea.kr),이메일 접수(sys96@korea.kr),https://www.bizinfo.go.kr/sii/siia/selectSIIA200Detail.do?pblancId=PBLN_000000000122412,main,primary,전남2026년대한민국중소기업박람회참가기업모집공고,직접수행,2026-05-22~2026-06-05,내수,오프라인
biz,PBLN_000000000122410,[전남] 2026년 지역특화형(식품ㆍ바이오분야) 스마트공장 구축사업(고도화) 공고,"「2026년도 전남 지역특화형(식품, 바이오분야) 스마트공장 구축사업」의 지원계획을 다음과 같이 공고합니다. 
☞ 전남소재 중소ㆍ중견기업 중 스마트공장 구축이 필요한 식품, 바이오분야 제조기업
☞ 정보통신기술(ICT)로 제품의 기획-설계-제조-판매 과정을 통합하여 제조 공정을 최적화하는 스마트공장 구축지원
- (식품) 품질향상 효과를 가져올 수 있도록 금속검출기, 이물질검사장치, X-ray 검사장비, 비전검사장비 및 중량선별기 등 품질 관련 검사장비 구축을 지원
- (바이오) 생산현장의 청정도 유지를 위한 환경제어ㆍ청정 공조 등 시스템 지원 및 생산 후 품질향상을 위한 검사장비 도입 지원",경영,전남테크노파크,전라남도,중소기업,중소기업,,,,,,,시설/입지지원,2026-05-22,2026-06-30,,온라인 접수 (스마트공장 사업관리시스템),온라인 접수 (스마트공장 사업관리시스템),https://www.bizinfo.go.kr/sii/siia/selectSIIA200Detail.do?pblancId=PBLN_000000000122410,main,primary,전남2026년지역특화형식품ㆍ바이오분야스마트공장구축사업고도화공고,전남테크노파크,2026-05-22~2026-06-30,경영,시설/입지지원
biz,PBLN_000000000122409,[경북] 포항시 2026년 신산업플러스 일자리창출 우수기업 지원사업 참여기업 추가모집 공고,"포항시와 경북경제진흥원에서는「2026년 포항시 신산업플러스 일자리창출 우수기업 지원사업」을 추진하고 있습니다. 참여를 희망하시는 기업은 신청하여 주시기 바랍니다.
☞ 포항시 소재 중소기업으로 하단의 조건을 모두 충족하는 기업
① 기업규모 :「중소기업기본법」상 중소기업이며, 근로자수가 5인 이상이고, 포항에 본점 또는 주 사업장이 있는 기업
② 고용유지: 2024년 12월말 대비 2025년 12월말 고용인원을 유지
③ 신규채용: 2025년도 7월 1일 이후부터 신청일 현재 신규채용 인원이 3명 이상, 또는 고용증가율(2024.12.31. 대비 2025.12.31.)이 20% 이상인 기업  
※ 자세한 지원대상 공고문 참조
☞ 근로복지 향상 및 기업경쟁력 강화 맞춤형 사업비 1천만원 지원",경영,경상북도경제진흥원,경상북도,중소기업,중소기업,,,,,,,디자인/상품화/사업화,예산 소진시까지,,,이메일 접수 (gagol173@nate.com),이메일 접수 (gagol173@nate.com),https://www.bizinfo.go.kr/sii/siia/selectSIIA200Detail.do?pblancId=PBLN_000000000122409,main,primary,경북포항시2026년신산업플러스일자리창출우수기업지원사업참여기업추가모집공고,경상북도경제진흥원,예산 소진시까지~,경영,디자인/상품화/사업화
biz,PBLN_000000000122408,[부산] 2026년 프랑스 메종ㆍ오브제 한국디자인관 참가기업 모집 공고(중소기업 디자인개발 지원사업),"부산광역시와 부산디자인진흥원, 한국디자인진흥원에서는 국내 디자인 기업 및 상품을 홍보하고 해외 마케팅 및 판로개척을 지원하고자, 생활소비재ㆍ디자인 전문 전시회 중 하나인 프랑스 메종&오브제에 참가, 한국디자인관을 운영합니다. 2026년 프랑스 메종&오브제 한국디자인관 참여할 지역기업을 모집하니 많은 참여 바랍니다.
☞ 전시 및 수출에 적합한 상품을 보유ㆍ판매하고 있는 부산소재 중소기업
- 사업자등록증 또는 법인등기부등본 기준 본사, 주사무소 등이 공고일 기준 부산 소재일 것
- 15대 생활소비재 품목 : 주방용품, 가방, 주얼리, 문구, 미용기기, 소형가전, 시계, 신발, 악기, 안경, 완구, 운동ㆍ레저용품, 위생용품, 의류, 주방용품, 가구
☞ 전시공간(공동관) 임차, 전시부스 기획 및 제작, 전시품 왕복 운송(해상 또는 항공) 및 관련 통관수속, 전시참가 전반의 행정절차 등 지원
※ 자세한 지원내용 공고문 참조",판로/수출,부산디자인진흥원,부산광역시,중소기업,중소기업,,,,,,,해외진출,2026-05-22,2026-06-07,,"이메일 접수 (myungji@dcb.or.kr)
- 이메일 제목 표기 : [참가신청서] 기업명_2026 메종오브제 참가 신청서 제출","이메일 접수 (myungji@dcb.or.kr)
- 이메일 제목 표기 : [참가신청서] 기업명_2026 메종오브제 참가 신청서 제출",https://www.bizinfo.go.kr/sii/siia/selectSIIA200Detail.do?pblancId=PBLN_000000000122408,main,primary,부산2026년프랑스메종ㆍ오브제한국디자인관참가기업모집공고중소기업디자인개발지원사업,부산디자인진흥원,2026-05-22~2026-06-07,수출,해외진출
biz,PBLN_000000000122407,[전북] 2026년 인공지능 기술고도화 지원사업 추가 모집 공고(AI융합 지능형 농업 생태계 구축 사업),"「인공지능 기술고도화 지원사업」을 다음과 같이 공고합니다.
☞ 공고일 기준 AI, SW, ICT, 지능형 농업 등 관련 업종으로 사업자 등록된 전북특별자치도 내 기업(본사, 지사, 부설연구소 소재)
☞ AI 및 농업(노지 분야) 기반 기술 확보 및 AIㆍSW 품질 경쟁력 강화를 위한 기술이전ㆍIP지재권ㆍ컨설팅ㆍ평가 지원",기술,전북테크노파크,전북특별자치도,중소기업,중소기업,,,,,,,기술사업화/이전/지도,2026-05-18,2026-05-29,,온라인 접수 (R&D종합정보시스템),온라인 접수 (R&D종합정보시스템),https://www.bizinfo.go.kr/sii/siia/selectSIIA200Detail.do?pblancId=PBLN_000000000122407,main,primary,전북2026년인공지능기술고도화지원사업추가모집공고ai융합지능형농업생태계구축사업,전북테크노파크,2026-05-18~2026-05-29,기술,기술사업화/이전/지도
biz,PBLN_000000000122406,[서울] 2026년 2차 소규모 세탁소 VOCs 저감시설 지원사업 세탁소 모집 공고,"서울시는 휘발성유기화합물(VOCs) 배출 저감을 위해 「소규모 세탁소 VOCs 저감시설 지원사업」을 실시하고자 다음과 같이 공고합니다.
☞ VOCs 저감시설 설치 지원 대상 세탁소
☞ 회수건조기 설치비(제작비 포함)의 최대 80%까지 지원",경영,직접수행,서울특별시,소상공인,소상공인,,,,,,,시설/입지지원,2026-05-27,2026-06-10,,"방문 또는 우편 접수
- 접수처 : 서울 중구 덕수궁길 15 서소문청사 1동 11층 서울시청 대기정책과 대기관리팀
※ 우편 접수는 접수마감일까지의 우편 소인에 한해 유효","방문 또는 우편 접수
- 접수처 : 서울 중구 덕수궁길 15 서소문청사 1동 11층 서울시청 대기정책과 대기관리팀
※ 우편 접수는 접수마감일까지의 우편 소인에 한해 유효",https://www.bizinfo.go.kr/sii/siia/selectSIIA200Detail.do?pblancId=PBLN_000000000122406,main,primary,서울2026년2차소규모세탁소vocs저감시설지원사업세탁소모집공고,직접수행,2026-05-27~2026-06-10,경영,시설/입지지원
biz,PBLN_000000000122405,[경기] 시흥시 2026년 기업 홍보 콘텐츠 제작 지원사업 추가 모집 공고,"관내 중소기업의 판로개척을 위한 홍보 콘텐츠 제작 지원을 통해 기업 홍보 역량 강화를 도모하고자 「2026년 시흥 기업 홍보 콘텐츠 제작 지원사업」추가 모집 공고하오니 많은 관심과 참여 바랍니다.
☞ 본사 또는 공장이 시흥시 소재한 중소기업
☞ 기업 제품 홍보 이미지, 홈페이지, 홍보영상 제작 등 기업 수요 맞춤형 홍보 콘텐츠 제작 지원
- 브로슈어 : 기업 홍보 및 마케팅 등을 위한 회사 또는 제품 브로슈어 제작비 지원 등
- 홈페이지 : 홈페이지 제작 및 개선 지원 등
- 홍보영상 : 기업 및 제품 홍보 동영상물 제작비 지원 등
※ 기업당 최대 4,000천원 한도 내 자율 구성",판로/수출,시흥산업진흥원,경기도,중소기업,중소기업,,,,,,,홍보지원,2026-05-22,2026-06-05,,온라인 접수 (시흥산업진흥원),온라인 접수 (시흥산업진흥원),https://www.bizinfo.go.kr/sii/siia/selectSIIA200Detail.do?pblancId=PBLN_000000000122405,main,primary,경기시흥시2026년기업홍보콘텐츠제작지원사업추가모집공고,시흥산업진흥원,2026-05-22~2026-06-05,내수,홍보지원
biz,PBLN_000000000122404,[충남] 2026년 2차 소기업형 스마트공장 구축 지원사업 공고,"도내 소기업의 스마트공장 보급 활성화를 통해 기업의 경쟁력을 확보 할 수 있도록 소기업 특화형 스마트공장 구축ㆍ운영 진단 및 솔루션 도입 비용을 지원하고자「26년 충남 소기업형 스마트공장 구축 지원 사업(2차)」을 공고하오니 많은 관심과 참여 바랍니다.
☞ 충청남도 소재 제조 소기업,「중소기업기본법」시행령 기준에 의한 제조 소기업
☞  스마트공장 기반 “생산자동화 장비/설비, IT시스템” 구축비 지원
- ICT 연계 간이 생산시스템, 제조공정 설비
DX 전환지원, 중대재해 예방 및 ESG 경영지원 (안전보건 시스템)",경영,충남테크노파크,충청남도,중소기업,중소기업,,,,,,,정보화지원,2026-05-15,2026-05-29,,온라인 접수(스마트공장 사업관리시스템),온라인 접수(스마트공장 사업관리시스템),https://www.bizinfo.go.kr/sii/siia/selectSIIA200Detail.do?pblancId=PBLN_000000000122404,main,primary,충남2026년2차소기업형스마트공장구축지원사업공고,충남테크노파크,2026-05-15~2026-05-29,경영,정보화지원
biz,PBLN_000000000122403,[충북] 2026년 베트남 찾아가는 수출상담회 참여기업 모집 공고,"충청북도가 지원하는「2026년 다목적자동차 사업전환 혁신지원사업」의
”아세안 충북도 공동전시관” 프로그램을 안내하오니, 해당 프로그램 참여를 
희망하는 기업은 많은 신청 바랍니다.
☞ 충청북도 내 자동차 부품산업 관련 중소ㆍ중견기업
☞ 기업수요 중심의 바이어 1:1 매칭 상담 지원, 전문통역, 현지교통, 숙식 등 상담회 관련 일체의 편의사항 지원",판로/수출,충북테크노파크,충청북도,중소기업,중소기업,,,,,,,해외진출준비,2026-05-13,2026-05-29,,"이메일 접수 (ytkim@cbtp.or.kr)
※ 접수 후 담당자 확인必 043-270-2711","이메일 접수 (ytkim@cbtp.or.kr)
※ 접수 후 담당자 확인必 043-270-2711",https://www.bizinfo.go.kr/sii/siia/selectSIIA200Detail.do?pblancId=PBLN_000000000122403,main,primary,충북2026년베트남찾아가는수출상담회참여기업모집공고,충북테크노파크,2026-05-13~2026-05-29,수출,해외진출준비
biz,PBLN_000000000122401,2026년 전시회 부스 지원 참여 소상공인 모집(비건ㆍ클린뷰티페어ㆍ펫쇼코리아(하)ㆍ 동아 홈&리빙페어),"소상공인의 오프라인 판로 개척 및 전시회 활용력 강화를 위해 전시회 부스 지원 사업에 참여할 소상공인을 다음과 같이 모집하오니 많은 관심과 참여 바랍니다.
☞ AX 아카데미 교육을 수강한 연간 프리미엄 멤버십 소상공인
- 대표자 제외 상시 근로자 수 5인 또는 10인 미만의 소상공인
- 각 전시회 참여에 적합한 품목을 보유한 소상공인
☞ 공동관 부스 및 기본 집기 지원(약 260만원 상당)",판로/수출,중소상공인희망재단,전국,소상공인,소상공인,,,,,,,오프라인,세부사업별 상이,,,온라인 접수 (희망재단),온라인 접수 (희망재단),https://www.bizinfo.go.kr/sii/siia/selectSIIA200Detail.do?pblancId=PBLN_000000000122401,main,primary,2026년전시회부스지원참여소상공인모집비건ㆍ클린뷰티페어ㆍ펫쇼코리아하ㆍ동아홈리빙페어,중소상공인희망재단,세부사업별 상이~,내수,오프라인
biz,PBLN_000000000122400,[충남] 아산시 2026년 2차 식량작물 생산비 절감 지원사업 신청접수 공고,"「지방자치단체 보조금 관리에 관한 법률」제7조 제2항에 따라 2026년 지방보조금 지원계획을 다음과 같이 공고합니다.
☞ 아산시 내 주소를 두고, 농업경영체 등록한 농업인으로 관내 농지 벼 및 밭 경작 농업인
☞ 곡물건조기, 동력살분무기, 육묘상자운반기 구입비용의 50% 지원",경영,기초자치단체,충청남도,중소기업,중소기업,,,,,,,시설/입지지원,2026-05-22,2026-06-08,,"방문 접수
- 접수처 : 주소지 관할 읍면동 행정복지센터","방문 접수
- 접수처 : 주소지 관할 읍면동 행정복지센터",https://www.bizinfo.go.kr/sii/siia/selectSIIA200Detail.do?pblancId=PBLN_000000000122400,main,primary,충남아산시2026년2차식량작물생산비절감지원사업신청접수공고,기초자치단체,2026-05-22~2026-06-08,경영,시설/입지지원
biz,PBLN_000000000122399,[충북] 괴산군 2026년 2차 친환경 로컬식품의 고부가가치화를 위한 푸드테크산업 육성사업 모집 공고(시군구연고산업 육성사업),"2026년도 중소벤처기업부와 충청북도 및 괴산군이 지원하는 시군구 연고산업 육성사업 수행자로 선정된 수행기관별 지원 프로그램을 안내하오니, 해당 프로그램 참여를 희망하는 괴산군 지역 중소기업의 많은 신청 바랍니다.
☞ 괴산군 소재 식품 관련 전후방 중소기업 (본사, 지사, 공장 연구소 중 1개 이상 괴산군 소재)
☞ 인식개선(글로벌 인재 활용 고도화), 사업화(시제품제작, , 푸드테크 공동프로모션 지원, 성능평가 지원, 국내외인증 등), 패키지, 외국인력채용프로그램 지원
※ 프로그램별 지원금 총액이 최대 64,000천원 이내
※ 자세한 지원내용 공고문 참조",경영,충북테크노파크,충청북도,중소기업,중소기업,,,,,,,디자인/상품화/사업화,2026-05-19,2026-06-08,,온라인 접수 (SMTECH 지역산업육성사업 기업지원사업 관리시스템),온라인 접수 (SMTECH 지역산업육성사업 기업지원사업 관리시스템),https://www.bizinfo.go.kr/sii/siia/selectSIIA200Detail.do?pblancId=PBLN_000000000122399,main,primary,충북괴산군2026년2차친환경로컬식품의고부가가치화를위한푸드테크산업육성사업모집공고시군구연고산업육성사업,충북테크노파크,2026-05-19~2026-06-08,경영,디자인/상품화/사업화
biz,PBLN_000000000122398,2026년 서울뷰티위크 비즈니스 밋업 피칭대회 참가기업 모집 공고,"2026 서울뷰티위크의 ‘비즈니스 밋업 피칭대회’ 참가를 원하는 뷰티관련 분야의 기업을 다음과 같이 공개 모집합니다.
☞ 공고일 기준 전국 예비 창업자 및 창업 7년 이내 초기기업 
- 분야 : 화장품, 뷰티테크, 플랫폼 등 뷰티 관련 분야 제품 및 기술
☞ 시상금 및 상장 수여, 리딩기업과의 밋업 기회 등 지원",창업,직접수행,서울특별시,창업벤처,초기창업기업,,,,,,,사업화지원,2026-05-26,2026-06-26,,이메일 접수(seoulbeautyweek@gmail.com),이메일 접수(seoulbeautyweek@gmail.com),https://www.bizinfo.go.kr/sii/siia/selectSIIA200Detail.do?pblancId=PBLN_000000000122398,main,primary,2026년서울뷰티위크비즈니스밋업피칭대회참가기업모집공고,직접수행,2026-05-26~2026-06-26,창업,사업화지원
biz,PBLN_000000000122397,[충남] 부여군 2026년 2차 굿뜨래 농산물을 활용한 백제문화기반 디저트산업 육성 지원 모집 공고(시군구연고산업육성사업),"2026년도 중소벤처기업부와 충청남도 및 부여군이 지원하는 시군구 연고산업 육성사업 수행자로 선정된 수행기관별 지원 프로그램을 안내하오니, 해당 프로그램 참여를 희망하는 부여군 지역 소재 중소기업의 많은 신청 바랍니다.
☞ 충남 부여군 지역 내에 소재한 중소기업으로 부여군 연고자원을 활용 디저트 제품 생산(예정) 기업 / 부여군 굿뜨래 공동 브랜드 사용승인 업체 중 디저트 제품 생산(예정) 기업
- 연고자원 : 부여군에서 생산되는 굿뜨래 인증 농산물, 부여 10品 농산물(수박, 밤, 토마토, 양송이, 멜론, 딸기, 오이, 표고버섯, 왕대추, 포도)
☞ 기술혁신(장비활용, 시제품 제작, 제품 고급화, 생산성 향상을 위한 공장 자동화, 지식재산권 획득, 분석, 인증) 지원
- 기업 당 3개 제품까지, 제품별로는 6개 프로그램까지 신청 가능
※ 기 패키지지원 선정기업은 타 프로그램 지원 불가",기술,충남테크노파크,충청남도,중소기업,중소기업,,,,,,,기술사업화/이전/지도,2026-05-18,2026-06-08,,온라인 접수 (기업지원사업 관리시스템),온라인 접수 (기업지원사업 관리시스템),https://www.bizinfo.go.kr/sii/siia/selectSIIA200Detail.do?pblancId=PBLN_000000000122397,main,primary,충남부여군2026년2차굿뜨래농산물을활용한백제문화기반디저트산업육성지원모집공고시군구연고산업육성사업,충남테크노파크,2026-05-18~2026-06-08,기술,기술사업화/이전/지도
biz,PBLN_000000000122396,홀로그램기술 사업화 실증 지원사업 MVP 테스트 및 사업화 지원 2차 모집 공고,"전북테크노파크, 재단법인 키엘연구원, 한국전자기술연구원, 원광대학교에서는 홀로그램 R&D단계 이후 사업화 제품 제작 및 사업화 실증 중심의 지원을 통한 홀로그램 융복합 서비스의 성공모델 확보를 위해 「홀로그램기술 사업화 실증 지원사업」의 세부사업 수혜기업을 다음과 같이 2차 모집공고하오니 참여 바랍니다.
☞ “중소기업""이라 함은 「중소기업기본법」제2조제1항(같은 법 시행령 제3조에 따른 기업) 및 동법 제2조제3항에 따른 기업
- 홀로그램(디지털) 관련 사업영역 확장 목적을 가진 기업
- 홀로그램 제품 제작, 성능요구 수준, 서비스 구현 검증 등이 필요한 기업
☞ MVP테스트, 사업화(마케팅, 컨설팅, 해외 전시회) 지원
※ 자세한 지원내용 공고문 참조",기술,한국전자기술연구원,전국,중소기업,중소기업,,,,,,,기술사업화/이전/지도,2026-05-20,2026-06-30,,이메일 접수 (chchoi@keti.re.kr),이메일 접수 (chchoi@keti.re.kr),https://www.bizinfo.go.kr/sii/siia/selectSIIA200Detail.do?pblancId=PBLN_000000000122396,main,primary,홀로그램기술사업화실증지원사업mvp테스트및사업화지원2차모집공고,한국전자기술연구원,2026-05-20~2026-06-30,기술,기술사업화/이전/지도
biz,PBLN_000000000122395,2026년 우수환경산업체 모집 공고,"녹색산업 분야의 경쟁력을 갖춘 환경기업을 발굴하여 중점 지원하기위해「우수환경산업체 지정ㆍ지원사업」을 다음과 같이 공고합니다. 지정을 희망하는 환경기업은 ‘26.6.22(월), 18:00까지 신청하여 주시기 바랍니다.
☞ 녹색산업 기술 및 제품을 보유한 기업으로 업력 3년(설립일 기준) 이상인 환경산업체
☞ 우수환경산업체 지정 시 브랜드 제고, 국내ㆍ외 사업화 및 판로개척, 인센티브 제공 등 지원",기타,한국환경산업기술원,경상북도,중소기업,중소기업,,,,,,,제도,2026-05-21,2026-06-22,,온라인 접수 (에코스퀘어),온라인 접수 (에코스퀘어),https://www.bizinfo.go.kr/sii/siia/selectSIIA200Detail.do?pblancId=PBLN_000000000122395,main,primary,2026년우수환경산업체모집공고,한국환경산업기술원,2026-05-21~2026-06-22,기타,제도
biz,PBLN_000000000122394,[제주] 2026년 전기차 사용 후 배터리 실증 지원사업(KC인증) 상시모집 공고,"제주특별자치도와 제주테크노파크에서는 사용후 배터리 기반의 신산업 생태계를 구축하고, 지역기업의 제품 경쟁력 강화를 위한 KC 인증 지원사업을 공고하오니 관련 기업의 많은 관심과 참여 바랍니다.
☞ 공고일 기준 제주지역에 사업자등록을 한 기업 ※ 사업자등록증 기준
- 공고일 기준 제주지역에 사업자등록 및 제주산업정보서비스(http://jeis.or.kr)에 등록된 기업(제주
산업정보서비스 회원가입 상시 가능)
☞ 제품에 적용된 사용후 배터리 및 활용 개발 제품에 대한 KC 10031 인증 컨설팅 및 인증 획득 지원(1개사당 최대 25,000천원 지원)",기술,제주테크노파크,제주특별자치도,중소기업,중소기업,,,,,,,시험/인증,상시 접수,,,온라인 접수 (제주산업정보서비스),온라인 접수 (제주산업정보서비스),https://www.bizinfo.go.kr/sii/siia/selectSIIA200Detail.do?pblancId=PBLN_000000000122394,main,primary,제주2026년전기차사용후배터리실증지원사업kc인증상시모집공고,제주테크노파크,상시 접수~,기술,시험/인증
biz,PBLN_000000000122393,[전남] 2026년 소상공인 IP 창출지원 IP 창출 종합패키지(브랜드ㆍ디자인 융합) 사업 공고,"소상공인의 지식재산 피해를 예방하고 안정적 성장을 돕기 위하여, 시장ㆍ제품 특성이 반영된 브랜드와 디자인 융합 개발을 지원하고 소상공인이 보유한 지식재산을 권리로 보호하기 위한 「소상공인 IP창출 종합패키지(브랜드&디자인 융합)」 지원 사업을 시행하오니 희망하는 소상공인은 아래에 따라 신청하여 주시기 바랍니다.
☞ 「소상공인기본법」제2조에 따른 소상공인(사업자등록증 보유)
☞ 상표ㆍ디자인 등 각 1건 이상 IP출원, 컨설팅보고서ㆍ디자인적용가이드, IP교육 등 지원
- 브랜드개발(네이밍, 로고 , 캐릭터 등) / 디자인 개발(포장디자인)
- 과제금액 2,200만원 지원",경영,전남테크노파크,전라남도,소상공인,소상공인,,,,,,,디자인/상품화/사업화,2026-05-19,2026-06-15,,온라인 접수 (RIPC 지원사업 신청시스템),온라인 접수 (RIPC 지원사업 신청시스템),https://www.bizinfo.go.kr/sii/siia/selectSIIA200Detail.do?pblancId=PBLN_000000000122393,main,primary,전남2026년소상공인ip창출지원ip창출종합패키지브랜드ㆍ디자인융합사업공고,전남테크노파크,2026-05-19~2026-06-15,경영,디자인/상품화/사업화
biz,PBLN_000000000122392,[강원] 2026년 3차 알리바바닷컴 입점 지원사업 참가기업 모집 공고,"도내기업의 해외 시장 진출 및 수출 판로개척을 위하여 글로벌 B2B 전자상거래 플랫폼 입점 및 마케팅을 지원하는 「해외 온라인 마케팅 지원사업」의 참가기업을 추가 모집하오니 관심 있으신 기업 분들의 많은 참여 바랍니다.
☞ 도내 소재(본사 또는 공장) 중소기업
☞ 알리바바닷컴 플랫폼 신규 입점 및 기존 입점 갱신 지원
- 미니사이트 개설, 입점 교육 및 컨설팅, 마케팅 지원 등",판로/수출,강원특별자치도경제진흥원,강원특별자치도,중소기업,중소기업,,,,,,,해외진출,2026-05-21,2026-06-05,,온라인 접수 (수출기업서포트),온라인 접수 (수출기업서포트),https://www.bizinfo.go.kr/sii/siia/selectSIIA200Detail.do?pblancId=PBLN_000000000122392,main,primary,강원2026년3차알리바바닷컴입점지원사업참가기업모집공고,강원특별자치도경제진흥원,2026-05-21~2026-06-05,수출,해외진출
biz,PBLN_000000000122391,[부산] 2026년 항공부품산업 기술고도화 지원사업 인증 및 컨설팅 지원 모집 공고,"부산지역 내 항공부품산업 관련 기업을 대상으로 기업지원을 수행하여 관련 산업을 선도할 수 있는 기업의 역량을 강화하고, 매출 증대와 고용창출에 기여하고자「2026년도 항공부품산업 기술고도화 지원사업」을 아래와 같이 공고하오니, 지역 기업인 여러분들의 많은 관심과 참여 바랍니다.
☞ 항공부품산업 연관분야 민항기/군용기/무인기/부품ㆍ장비/MRO 등 항공부품산업 관련 제품을 개발, 생산 및 수리하는 기업
- 항공부품 사업 다변화를 위한 이업종 전환 기업 등(소재, 전기부품, 자동차, 조선 등)
- 부산시 내에 사업장(본사, 공장, 연구소, 지사)을 보유한 기업으로 공고일 기준 영업활동을 하고 있는 법인기업
☞ 시험인증 지원, 컨설팅 지원",기술,부산테크노파크,부산광역시,중소기업,중소기업,,,,,,,기술사업화/이전/지도,2026-05-18,2026-05-29,,이메일 접수(tkdgus7603@btp.or.kr),이메일 접수(tkdgus7603@btp.or.kr),https://www.bizinfo.go.kr/sii/siia/selectSIIA200Detail.do?pblancId=PBLN_000000000122391,main,primary,부산2026년항공부품산업기술고도화지원사업인증및컨설팅지원모집공고,부산테크노파크,2026-05-18~2026-05-29,기술,기술사업화/이전/지도
biz,PBLN_000000000122389,2026년 대ㆍ중소상생형(AI트랙) 스마트공장 구축지원 사업 포스코 도입기업 모집 공고,"중소기업 제조 현장의 경쟁력 제고를 위하여 중소벤처기업부, 인공지능혁신추진단, 포스코, 대한상공회의소에서 추진하고 있는 2026년도 대중소상생형 구축지원 사업의 도입기업 모집 계획을 다음과 같이 공고합니다.
☞ 국내 중소ㆍ중견 제조기업
※ 자세한 지원대상 공고문 참조
☞ 구축비용, 운영시스템, ICT연계 자동화구축 등 지원
- 구축비용 : 포스코와 정부가 스마트공장 구축 소요비용 일부 지원
- 운영시스템 : 생산공정 개선 등을 위해 IoT, 5G, 빅데이터, AI 클라우드 등 첨단기술을 적용한 스마트공장 솔루션 구축 및 솔루션과 연동된 자동화장비, 제어기, 센서 등 지원
- ICT연계 자동화구축 : 스마트공장의 활용도와 보급수준 향상을 위한 기준 시스템의 고도화 및 스마트공장 설비와 연계시스템의 추가 구축ㆍ연동 지원",경영,대한상공회의소,전국,중소기업,중소기업,,,,,,,시설/입지지원,2026-05-20,2026-06-19,,이메일 접수 (ha17@korcham.net),이메일 접수 (ha17@korcham.net),https://www.bizinfo.go.kr/sii/siia/selectSIIA200Detail.do?pblancId=PBLN_000000000122389,main,primary,2026년대ㆍ중소상생형ai트랙스마트공장구축지원사업포스코도입기업모집공고,대한상공회의소,2026-05-20~2026-06-19,경영,시설/입지지원
biz,PBLN_000000000122388,[인천] 2026년 2차 기술이전 사업화 지원사업 모집 공고,"인천광역시가 지원하는 2026년 기술거래촉진네트워크사업의 일환으로 관련하여 기술이전 사업화 지원사업을 시행하오니 인천지역 내 중소ㆍ중견기업 중 기술이전 계약을 완료 또는 예정인 기업의 많은 참여 바랍니다.
☞ 공공기술 이전(도입) 완료한 인천 내 본사 또는 공장 소재한 중소ㆍ중견기업
☞ 이전기술 사업, 상품화 지원 (기업 당 1건(분야중 택1))
- 시제품제작, 시험ㆍ인증, 디자인, 마케팅 분야의 이전기술 대상 상용ㆍ상품화를 위한 지원",기술,인천테크노파크,인천광역시,중소기업,중소기업,,,,,,,기술사업화/이전/지도,2026-05-20,2026-06-19,,이메일 접수(jwoo03@itp.or.kr),이메일 접수(jwoo03@itp.or.kr),https://www.bizinfo.go.kr/sii/siia/selectSIIA200Detail.do?pblancId=PBLN_000000000122388,main,primary,인천2026년2차기술이전사업화지원사업모집공고,인천테크노파크,2026-05-20~2026-06-19,기술,기술사업화/이전/지도
biz,PBLN_000000000122387,[부산] 2026년 신발산업 해외마케팅지원사업 참가기업 모집 연장 공고,"부산테크노파크 신발패션진흥단은 신발기업의 해외마케팅 역량강화와 수출증대를 통한 지역경제 활성화를 위하여 2026년 신발산업 해외마케팅지원사업을 추진합니다. 본 사업에 참가를 희망하는 기업은 아래 내용을 참고하시어 신청하시기 바랍니다.
☞ 부산시 소재 신발 완제품, 원부자재 및 부품, 기계 등 신발 관련업종
☞ 신발관련 완제, 부품, 소재 기업들을 모집하여 「2026 베트남 신발ㆍ피혁전시회」 한국공동관 참가 / 부스임차 및 부스장치, 전시품 편도운송, 통역 지원",판로/수출,부산테크노파크,부산광역시,중소기업,중소기업,,,,,,,해외진출,2026-05-18,2026-05-29,,"이메일 접수 (lsc0337@btp.or.kr)
※ 제품샘플 택배 및 방문제출 (착불시 반송)","이메일 접수 (lsc0337@btp.or.kr)
※ 제품샘플 택배 및 방문제출 (착불시 반송)",https://www.bizinfo.go.kr/sii/siia/selectSIIA200Detail.do?pblancId=PBLN_000000000122387,main,primary,부산2026년신발산업해외마케팅지원사업참가기업모집연장공고,부산테크노파크,2026-05-18~2026-05-29,수출,해외진출
biz,PBLN_000000000122386,2026년 대ㆍ중소상생형 스마트공장 구축지원 사업 포스코 도입기업 모집 공고,"중소기업 제조 현장의 경쟁력 제고를 위하여 중소벤처기업부, 인공지능혁신추진단, 포스코, 대한상공회의소에서 추진하고 있는 2026년도 대중소상생형 구축지원 사업의 도입기업 모집 계획을 다음과 같이 공고합니다.
☞ 국내 중소ㆍ중견 제조기업
※ 자세한 지원대상 공고문 참조
☞ 구축비용, 운영시스템, ICT연계 자동화구축 등 지원
- 구축비용 : 포스코와 정부가 스마트공장 구축 소요비용 일부 지원
- 운영시스템 : 생산공정 개선 등을 위해 IoT, 5G, 빅데이터, AI 클라우드 등 첨단기술을 적용한 스마트공장 솔루션 구축 및 솔루션과 연동된 자동화장비, 제어기, 센서 등 지원
- ICT연계 자동화구축 : 스마트공장의 활용도와 보급수준 향상을 위한 기준 시스템의 고도화 및 스마트공장 설비와 연계시스템의 추가 구축ㆍ연동 지원",경영,대한상공회의소,전국,중소기업,중소기업,,,,,,,시설/입지지원,2026-05-20,2026-06-19,,이메일 접수 (ha17@korcham.net),이메일 접수 (ha17@korcham.net),https://www.bizinfo.go.kr/sii/siia/selectSIIA200Detail.do?pblancId=PBLN_000000000122386,main,primary,2026년대ㆍ중소상생형스마트공장구축지원사업포스코도입기업모집공고,대한상공회의소,2026-05-20~2026-06-19,경영,시설/입지지원
biz,PBLN_000000000122385,[전북] 2026년 소상공인 제품상세페이지 제작지원사업 소상공인 모집 공고,"(재)전주정보문화산업진흥원에서는 전북지역 소상공인의 온라인 판로확대 및 매출향상을 위한 온라인 판로확대 기반 마련을 위해 “2026년 소상공인 온라인 판로지원을 위한 제품 상세페이지 제작 지원사업”을 아래와 같이 공고하오니 사업 참여를 희망하는 기업들의 많은 참여 바랍니다.
☞ 전북지역 소상공인
☞ 제품사진촬영 및 상세페이지 신규 제작 지원 (1개사, 1개상품)
- 상세페이지 제작을 위한 제품 사진촬영, 상세페이지 콘텐츠 기획, 카피문구 및 디자인 등 콘텐츠 제작 일체
- 상세페이지 내 제품의 특징이 잘 드러나는 영상(GIF 파일) 2컷 이상 포함
- 온라인쇼핑몰 등에 등록 가능한 대표 썸네일 이미지등 1컷 이상
- 소상공인이 입점 희망하는 플랫폼에 적합한 size 및 해상도 지원",판로/수출,전주정보문화산업진흥원,전북특별자치도,소상공인,소상공인,,,,,,,온라인,2026-05-20,2026-06-30,,온라인 접수(판판대로),온라인 접수(판판대로),https://www.bizinfo.go.kr/sii/siia/selectSIIA200Detail.do?pblancId=PBLN_000000000122385,main,primary,전북2026년소상공인제품상세페이지제작지원사업소상공인모집공고,전주정보문화산업진흥원,2026-05-20~2026-06-30,내수,온라인
biz,PBLN_000000000122384,2026년 글로벌산업기술협력센터 사업(M.AX 분야 공동연구) 시행계획 공고,"우리 산업의 글로벌 혁신 역량을 제고하기 위해 해외 우수 연구개발기관에 글로벌 산업기술 협력센터를 구축하고, 우리기업과의 공동R&D를 지원하는 「2026년 글로벌산업기술협력센터 사업(M.AX 분야 공동연구)」 시행계획을 다음과 같이 공고하오니 희망 기관은 관련 규정 및 절차에 따라 신청하여 주시기 바랍니다.
☞ 기업, 대학, 연구기관, 의료기관 (산업기술혁신사업 공통 운영요령 제2조(용어의 정의))
- 주관연구개발기관 및 공동연구개발기관 中 국내기업은 접수마감일 현재 사업자등록증 및 법인등기부등본 기준으로 창업 1년 이상 경과하고, 한국산업기술진흥협회가 발급한 “기업부설연구소 인정서“를 보유하고 있는 국내 사업자
☞ 글로벌 산학연 컨소시엄의 공동연구 과제 지원(20억원 내외/년)
※ 자세한 지원내용 공고문 참조",기술,한국산업기술진흥원,전국,중소기업,중소기업,,,,,,,공동기술개발,2026-05-21,2026-07-15,,온라인 접수 (KIAT사업관리시스템),온라인 접수 (KIAT사업관리시스템),https://www.bizinfo.go.kr/sii/siia/selectSIIA200Detail.do?pblancId=PBLN_000000000122384,main,primary,2026년글로벌산업기술협력센터사업max분야공동연구시행계획공고,한국산업기술진흥원,2026-05-21~2026-07-15,기술,공동기술개발
biz,PBLN_000000000122383,[충북] 청주시 2026년 태국 방콕 코스멕스 미용 박람회 참가 모집 공고,"「2026년 태국 방콕 코스멕스 미용 박람회」는 청주시 중소기업의 新 시장 개척 및 글로벌 경쟁력 강화를 위해 청주시가 지원(시비100%)하는 사업입니다. 참여를 희망하는 청주시 기업의 많은 신청을 바랍니다.
☞ 접수마감일 기준 청주시 내 화장품제조업 또는 화장품책임판매업 등록 업체
-  전시품목 : 화장품 및 스킨케어, 헤어케어 및 스타일링 제품, 뷰티기기, 네일 제품 등
☞ 부스비, 장치비, 통역비 지원",판로/수출,충북바이오산학융합원,충청북도,중소기업,중소기업,,,,,,,해외진출준비,2026-05-21,2026-06-15,,"온라인 또는 이메일 접수
- 온라인  : 충북 바이오 통합정보 플랫폼(충북바이오션)
- 이메일 : support@cbio.or.kr","온라인 또는 이메일 접수
- 온라인  : 충북 바이오 통합정보 플랫폼(충북바이오션)
- 이메일 : support@cbio.or.kr",https://www.bizinfo.go.kr/sii/siia/selectSIIA200Detail.do?pblancId=PBLN_000000000122383,main,primary,충북청주시2026년태국방콕코스멕스미용박람회참가모집공고,충북바이오산학융합원,2026-05-21~2026-06-15,수출,해외진출준비
biz,PBLN_000000000122382,[충북] 청주시 2026년 서유럽(독일) 무역사절단 참가 모집 공고,"「2026년 청주시 서유럽(독일) 무역사절단」은 청주시 소재 중소기업의 제품홍보 
및 해외판로 확대 지원을 위해 청주시가 지원(시비100%)하는 사업입니다. 참여를 
희망하는 청주시 기업의 많은 신청을 바랍니다.
☞ 청주시 소재 사업장(본사, 공장, 연구소 중 1개 이상 청주시 내 위치)을 보유하고 있는 의료기기 관련 분야 중소기업
☞ 해외 바이어 발굴 및 현지 수출 상담 주선, 상담장 임차료, 통역
비, 항공료 일부(기업당 1인, 왕복 50%, 최대 150만원), 현지 차량 
및 기타 행정지원 등",판로/수출,충북바이오산학융합원,충청북도,중소기업,중소기업,,,,,,,해외진출준비,2026-05-21,2026-06-15,,"온라인 또는 이메일 접수
- 온라인  : 충북 바이오 통합정보 플랫폼(충북바이오션)
- 이메일 : support@cbio.or.kr","온라인 또는 이메일 접수
- 온라인  : 충북 바이오 통합정보 플랫폼(충북바이오션)
- 이메일 : support@cbio.or.kr",https://www.bizinfo.go.kr/sii/siia/selectSIIA200Detail.do?pblancId=PBLN_000000000122382,main,primary,충북청주시2026년서유럽독일무역사절단참가모집공고,충북바이오산학융합원,2026-05-21~2026-06-15,수출,해외진출준비
biz,PBLN_000000000122381,2026년 블록체인 응용서비스(API) 개발 자금 지원사업 모집 공고,"과학기술정보통신부와 한국인터넷진흥원은 국내 블록체인 기술이 국내ㆍ외 수요기업의 서비스에 활용될 수 있도록「2026년 블록체인 응용서비스(API) 개발 자금 지원사업」에 대한 공모를 추진하오니 많은 참여 바랍니다.
☞ 블록체인 기술 보유 및 해외진출 역량이 있는 블록체인 중소기업 또는 스타트업(업력 10년 이내)
☞ 개발 자금 지원, 사업화 컨설팅, 투자 검토 등 지원
- (개발 자금 지원) 과제당 50백만원 지원
- (사업화 컨설팅) 법제도, 기술, 투자유치, 해외 진출 등 분야별 전문가 및 수요기업 담당자를 통한 사업화 자문 컨설팅 지원
- (투자 검토) 민간 벤처캐피탈(VC) 등 투자 검토 지원",기술,한국인터넷진흥원,전국,중소기업,중소기업,,,,,,,기술사업화/이전/지도,2026-05-21,2026-06-19,,온라인 접수(한국인터넷진흥원 전자계약시스템),온라인 접수(한국인터넷진흥원 전자계약시스템),https://www.bizinfo.go.kr/sii/siia/selectSIIA200Detail.do?pblancId=PBLN_000000000122381,main,primary,2026년블록체인응용서비스api개발자금지원사업모집공고,한국인터넷진흥원,2026-05-21~2026-06-19,기술,기술사업화/이전/지도
biz,PBLN_000000000122380,[경북] 2026년 콘텐츠 기업 국내ㆍ외 판로개척 지원사업 참여기업 추가 모집 공고,"경상북도 내 문화 콘텐츠 분야 기업지원을 위해 콘텐츠 기업 국내ㆍ외 판로개척 지원사업을 운영하고, 해당 사업 참가 기업을 모집하고자 합니다. 많은 관심과 신청 바랍니다.
☞「문화산업진흥 기본법 제2조 1항」에 해당하는 문화산업 분야 기업 (단, 게임/공연 분야 제외)
- 공고일 기준 사업자등록증 상 본사 또는 지사가 경상북도에 소재하며, 설립일로부터 4년 이상(48개월) 경과한 콘텐츠 기업
- B2B 시장 개척 및 판로개척이 가능한 IPㆍ제품ㆍ서비스를 보유한 콘텐츠 기업
☞ 국내ㆍ외 전시회, 박람회, B2B 페어 참여 등 참여비용, 홍보ㆍ마케팅 비용 등 지원
※ 자세한 지원내용 공고문 참조",경영,경북문화재단 콘텐츠진흥원,경상북도,중소기업,중소기업,,,,,,,디자인/상품화/사업화,2026-05-22,2026-06-08,,온라인 접수 (e나라도움),온라인 접수 (e나라도움),https://www.bizinfo.go.kr/sii/siia/selectSIIA200Detail.do?pblancId=PBLN_000000000122380,main,primary,경북2026년콘텐츠기업국내ㆍ외판로개척지원사업참여기업추가모집공고,경북문화재단콘텐츠진흥원,2026-05-22~2026-06-08,경영,디자인/상품화/사업화
biz,PBLN_000000000122379,[서울] 2026년 해외 전시ㆍ판로 지원사업 모집공고 밀라노 Mipel130 공동브랜드관 참여 모집 공고,"서울시 강동가죽제조지원센터는 가죽ㆍ패션 산업분야의 국내시장 한계극복을 위하여 해외시장 진출을 모색중인 디자이너브랜드 및 가죽패션제조 소공인의 해외전시 참가지원을 아래와 같이 진행하고자 하오니, 관심있는 기업의 적극적인 참여를 바랍니다.
☞ 서울시 소재 가죽ㆍ패션 산업분야 제조기반 소공인 및 디자이너 브랜드
※ 자세한 지원대상 공고문 참조
☞ 밀라노 Mipel 130 공동브랜드관 전시 참여기회 및 공간, 그 외 전시/수주 사업 목표성과 달성을 위한 프로그램 지원",판로/수출,서울시 강동가죽제조지원센터,서울특별시,중소기업,중소기업,,,,,,,해외진출,2026-05-18,2026-06-09,,이메일 접수 (sfsc.gangdong1@gmail.com),이메일 접수 (sfsc.gangdong1@gmail.com),https://www.bizinfo.go.kr/sii/siia/selectSIIA200Detail.do?pblancId=PBLN_000000000122379,main,primary,서울2026년해외전시ㆍ판로지원사업모집공고밀라노mipel130공동브랜드관참여모집공고,서울시강동가죽제조지원센터,2026-05-18~2026-06-09,수출,해외진출
biz,PBLN_000000000122378,2026년 해외전시회 한국관 참가 기업 모집 2차 연장 공고,"센터는 장애인기업의 글로벌 시장 진출을 돕기 위해 2026년 8월 20일(목)~22일(토) 중국 쑤저우에서 개최되는 중국 재활 복지 산업 전시회 및 2026년 9월 4일(금)~6일(일) 폴란드 바르샤바에서 개최되는 폴란드 뷰티데이즈 전시회에 참가할 기업을 아래와 같이 모집하오니 많은 관심과 신청 바랍니다.
☞ 사업공고 마감일 기준 ‘장애인기업확인서’ 발급기업
☞ 부스 임차료 및 장치비 100% 및 비품 지원, 행정지원, 마케팅 및 홍보, 전시회 현장 지원, 참가 기업 개별 지원 
※ 자세한 지원내용 공고문 참조",판로/수출,장애인기업종합지원센터,전국,장애인기업,기타,,,,,,,해외진출,2026-05-22,2026-06-02,,"방문, 우편, 이메일 접수
- 접수처 : (07230) 서울시 영등포구 버드나루로 14길 25, (재)장애인기업종합지원센터 6층
- 이메일 : nsh@debc.or.kr
※ 메일 발송 후 확인 전화 必","방문, 우편, 이메일 접수
- 접수처 : (07230) 서울시 영등포구 버드나루로 14길 25, (재)장애인기업종합지원센터 6층
- 이메일 : nsh@debc.or.kr
※ 메일 발송 후 확인 전화 必",https://www.bizinfo.go.kr/sii/siia/selectSIIA200Detail.do?pblancId=PBLN_000000000122378,main,primary,2026년해외전시회한국관참가기업모집2차연장공고,장애인기업종합지원센터,2026-05-22~2026-06-02,수출,해외진출
biz,PBLN_000000000122377,2026년 2차 국내기업 글로벌 성장자본 유치지원 Invest KOREA Startup Program (IKSP) 참가기업 모집 공고,"KOTRA Invest KOREA 에서는 국내기업의 외국인 투자 유치를 지원하기 위한 플랫폼으로서 Invest KOREA Startup Program(IKSP) 사업을 운영하고 있습니다. 해외 투자유치를 희망하는 유망기업을 선정하여 KOTRA 해외무역관을 통한 홍보 및 글로벌 투자가와의 매칭 기회를 제공하는 동 사업에 많은 관심 바랍니다.
☞ 외국인투자유치 희망 혁신기술 보유 스타트업, 중소ㆍ중견기업 등
☞ 영, 중, 일 투자홍보물 제작, 국가투자유치 포털사이트 Invest KOREA 홈페이지 내 프로젝트 게시, 잠재 투자가 발굴 지원 등",판로/수출,대한무역투자진흥공사,전국,중소기업,중소기업,,,,,,,해외진출준비,2026-05-04,2026-05-29,,"온라인 접수 (Invest KOREA 국문 홈페이지)
※ 자세한 신청방법 공고문 참조","온라인 접수 (Invest KOREA 국문 홈페이지)
※ 자세한 신청방법 공고문 참조",https://www.bizinfo.go.kr/sii/siia/selectSIIA200Detail.do?pblancId=PBLN_000000000122377,main,primary,2026년2차국내기업글로벌성장자본유치지원investkoreastartupprogramiksp참가기업모집공고,대한무역투자진흥공사,2026-05-04~2026-05-29,수출,해외진출준비
biz,PBLN_000000000122376,KDB NextONE 부산 5기 모집 공고,"산업은행이 대한민국 경제 양대축의 하나인 동남권 지역 內 스타트업 발굴 및 육성을 위해 2026년 하반기「KDB NextONE 부산 5기」모집을  다음과 같이 공고합니다.
☞ 혁신성장산업을 영위하는 창업 7년 이내 유망 스타트업
※ 공고 마감일 기준 설립등기일 7년 이내인 ‘법인’만 모집
※ 자세한 지원대상 공고문 참조
☞ 우수 스타트업의 실질적 성장을 위한 산업은행 보유 역량 기반 금융ㆍ비금융 지원
- 직접투자, 후속 투자유치 지원(KDBV:Launch연계 IR등)
- 대ㆍ중견기업 등 사업연계 지원(NextRise연계 등)
- 글로벌 벤처 네트워크 연계 해외진출 지원
- 기업별 니즈에 기반한 개별 보육(맞춤형 밀착 멘토링 등)
※ 자세한 지원내용 공고문 참조",창업,한국산업은행,금융위원회,창업벤처,초기창업기업,,,,,,,사업화지원,2026-05-06,2026-06-02,,온라인 접수(넥스트원 온라인플랫폼),온라인 접수(넥스트원 온라인플랫폼),https://www.bizinfo.go.kr/sii/siia/selectSIIA200Detail.do?pblancId=PBLN_000000000122376,main,primary,kdbnextone부산5기모집공고,한국산업은행,2026-05-06~2026-06-02,창업,사업화지원
biz,PBLN_000000000122375,[대구] 동구 청년 창업기업 D-LINK 프로그램 4기 참여자 모집 연장 공고,"대구광역시 동구에서는 청년 창업기업의 사업 안정화 및 경쟁력 강화를 위해 「제4기 청년 창업기업 D-Link 프로그램」참여자를 다음과 같이 모집합니다.
☞ 대구 동구 거주 및 사업장 소재 청년(19~39세) 창업기업(창업 6개월 이상 7년 이내 기업)
☞ 기업별 사업화 지원금 각 500만원 지원
- 맞춤형 컨설팅(시제품 제작, 홍보ㆍ마케팅, 재무, HR 등) 지원",창업,동구청년센터the꿈,대구광역시,창업벤처,"청년,초기창업기업",,,,,,,사업화지원,2026-04-29,2026-06-05,,이메일로 접수 (theggum3355@gmail.com),이메일로 접수 (theggum3355@gmail.com),https://www.bizinfo.go.kr/sii/siia/selectSIIA200Detail.do?pblancId=PBLN_000000000122375,main,primary,대구동구청년창업기업dlink프로그램4기참여자모집연장공고,동구청년센터the꿈,2026-04-29~2026-06-05,창업,사업화지원
biz,PBLN_000000000122374,[강원] 춘천시 2026년 강원후평 스마트그린 AX실증산단 구축사업 제조 AI오픈랩 기업지원사업  참여기업 모집 재공고,"강원대학교 강릉산학협력단 부설 강원ICT융합연구원에는「강원후평 스마트그린 AX실증산단 구축사업」으로 수행 중인 “제조 AI 오픈랩”의 기술지원을 통하여 강원후평 및 연계 산단에 입주한 바이오 관련 기업 제품의 기술경쟁력 강화 및 AI 역량 강화를 위해 공고와 같이 기업지원 사업을 추진하오니 지역 기업의 많은 관심과 참여를 바랍니다.
☞ 강원후평일반산업단지 및 연계산단 입주 기업
- 춘천 내 산업단지 소재 기업(지사 및 연구소, 공장 가능)
※ 연계산단 : 거두, 남산, 퇴계, 퇴계미래, 당림, 남면, 남춘천, 동춘천, 전력IT문화복합, 도시첨단문화
- 바이오의약소재 분야 기업, 사업자등록증 상 바이오 관련 업종 명시 기업
※ 바이오의약소재 분야 외에도 그린, 레드, 화이트 바이오 기업 모두 가능
☞ 기업별 AI 기술 수준 및 기업의 요구사항 맞춤형 AX 확산 기술지원
- AI 도입 기술 컨설팅 지원, 기업 맞춤형 소규모 AI 프로젝트 지원, AI 모델개발 통합지원 시스템 활용 기술지원, 실증장비 활용 지원",기술,강원ICT융합연구원,강원특별자치도,중소기업,중소기업,,,,,,,기술사업화/이전/지도,2026-05-13,2026-05-29,,"팩스 또는 이메일 접수
- 팩스 : 033-640-2232, 033-900-3355
- 이메일 : gemscrc@kangwon.ac.kr, eunha@kangwon.ac.kr","팩스 또는 이메일 접수
- 팩스 : 033-640-2232, 033-900-3355
- 이메일 : gemscrc@kangwon.ac.kr, eunha@kangwon.ac.kr",https://www.bizinfo.go.kr/sii/siia/selectSIIA200Detail.do?pblancId=PBLN_000000000122374,main,primary,강원춘천시2026년강원후평스마트그린ax실증산단구축사업제조ai오픈랩기업지원사업참여기업모집재공고,강원ict융합연구원,2026-05-13~2026-05-29,기술,기술사업화/이전/지도
biz,PBLN_000000000122373,2026년 과천시 중소기업 및 소상공인 육성자금 이자차액보전 지원계획 변경 공고,"「과천시 중소기업 및 소상공인 지원 조례」 제5조에 따라, 2026년 과천시 중소기업 및 소상공인 육성자금 이자차액보전 지원계획을 아래와 같이 공고합니다.
☞ 「과천시 중소기업 및 소상공인 지원 조례」에 따른 중소기업, 벤처기업, 소상공인으로서, 과천시에 사업장을 두고 운영 중인 업체
- 관내로 이전하기 위해 토지 또는 건축물을 매입ㆍ임대 등 계약을 체결하고 비용의 50% 이상 지불했거나 또는 건축허가 등을 받고 공정률이 50%이상인 업체
※ 자세한 지원대상 공고문 참조
☞ 중소기업 및 소상공인 융자금(중소기업 5억원, 소상공인 1억원 이내)에 대한 이자차액 보전(2.5~3%) 지원",자금,기초자치단체,경기도,중소기업,"소상공인,중소기업",,,,,,,융자,예산 소진시까지,,,"방문 접수
- 접수처 : 관내 협약은행(국민, 기업, 농협, 신한, 우리, 하나)","방문 접수
- 접수처 : 관내 협약은행(국민, 기업, 농협, 신한, 우리, 하나)",https://www.bizinfo.go.kr/sii/siia/selectSIIA200Detail.do?pblancId=PBLN_000000000122373,main,primary,2026년과천시중소기업및소상공인육성자금이자차액보전지원계획변경공고,기초자치단체,예산 소진시까지~,금융,융자
biz,PBLN_000000000122372,2026년 2분기 국내 활ㆍ신선 수조 보관 지원업체 모집 공고,"우리 수출 수산물의 해외시장 품질 경쟁력 향상을 위해 2026년 2분기 국내 활ㆍ신선 수조 보관 지원업체를 아래와 같이 모집하오니 관심 있는 업체의 많은 신청 바랍니다.
☞ 활ㆍ신선 수산물 수출업체(중소ㆍ중견기업)
☞ 선정업체 수조 보관비 80% 분기별 사후정산 지원",판로/수출,한국수산무역협회,전국,중소기업,중소기업,,,,,,,해외진출,2026-05-21,2026-06-15,,온라인 접수 (온라인 사업신청 통합시스템),온라인 접수 (온라인 사업신청 통합시스템),https://www.bizinfo.go.kr/sii/siia/selectSIIA200Detail.do?pblancId=PBLN_000000000122372,main,primary,2026년2분기국내활ㆍ신선수조보관지원업체모집공고,한국수산무역협회,2026-05-21~2026-06-15,수출,해외진출
biz,PBLN_000000000122371,[경기] 제조데이터 기반 디지털전환 실증 참여기업 모집 공고,"기업의 제조 현장 데이터 가시화 및 분석 기능을 무료로 지원하는 「제조데이터 기반 디지털전환 실증」 참여기업을 다음과 같이 모집하오니 많은 참여 바랍니다.
☞ 제조데이터 수집이 가능한 경기도 내 중소ㆍ중견 제조기업
☞ 제조 데이터 모니터링 및 분석 서비스 제공(무료) 지원
- 현장 데이터의 자동 수집 및 통합 저장 기능
- 실시간 공정 모니터링 및 맞춤형 대시보드 서비스 제공
- 누적 데이터 히스토리 조회 및 AI 추이 분석 기능 제공",기술,경기테크노파크,경기도,중소기업,중소기업,,,,,,,기술사업화/이전/지도,선착순 접수,,,이메일 접수 (ksh@gtp.or.kr),이메일 접수 (ksh@gtp.or.kr),https://www.bizinfo.go.kr/sii/siia/selectSIIA200Detail.do?pblancId=PBLN_000000000122371,main,primary,경기제조데이터기반디지털전환실증참여기업모집공고,경기테크노파크,선착순 접수~,기술,기술사업화/이전/지도
biz,PBLN_000000000122370,[경북] 2026년 메디엑스포 및 수출상담회 참가기업 모집 공고,"경상북도와 경상북도경제진흥원은 국내에서 개최되는 국제 전시 및 수출상담회 참가를 통해 해외 수출 판로 개척을 희망하는 도내 수출 기업을 다음과 같이 모집하오니, 많은 참여 바랍니다.
☞ 경상북도 제조 또는 수출 중소기업(의료분야)
- 경북도내 소재한 공장등록증 보유 중소기업
- 제조시설면적 500㎡ 미만으로 건물건축물대장 용도가 경북도내 소재로 공장 또는 제조업소로 명시된 기업
- 수출신고필증 내 수출대행자 또는 수출화주 또는 제조자가 경북소재로 표기
※ 모집품목 : 의료분야(의료기기, 의료정보시스템, 헬스기기, 제약, 건강식품 등)
☞ 전시참가비, 전시운영비, 수출상담회 지원
- (전시참가비) 전시 등록, 전시회 디렉토리북 등재 등
- (전시운영비) 부스 임차 및 기본 장치비(※1개사 당 3m × 3m / ※사업 추진 상황에 따라 향후 변경될 수 있음)
- (수출상담회) 해외 바이어 초청 수출상담회 참가 지원",판로/수출,경상북도경제진흥원,경상북도,중소기업,중소기업,,,,,,,해외진출준비,2026-05-21,2026-06-04,,이메일 접수 (uujin0110@gepa.kr),이메일 접수 (uujin0110@gepa.kr),https://www.bizinfo.go.kr/sii/siia/selectSIIA200Detail.do?pblancId=PBLN_000000000122370,main,primary,경북2026년메디엑스포및수출상담회참가기업모집공고,경상북도경제진흥원,2026-05-21~2026-06-04,수출,해외진출준비
biz,PBLN_000000000122369,[충남] 2026년 영화ㆍ드라마 원천 IP 기획개발 지원 사업 공고,"충남콘텐츠진흥원에서는 충남 지역 영상 콘텐츠 산업 활성화를 위해 영화ㆍ드라마 제작 관련 기업의 창작 시나리오 등에 대한 기획ㆍ개발 지원 사업에 참여할 기업을 다음과 같이 모집하고 있습니다. 많은 관심과 참여를 바랍니다.
☞ 공고일 이전 3개월부터 충남 도내에 본점 소재지를 둔 기업 중 영화 및 드라마 제작을 목적으로 창작 스토리 IP를 기획ㆍ개발 중인 기업(법인사업자 및 개인사업자)
☞ 선정된 프로젝트의 기획ㆍ개발 비용 지원(전문가 자문 비용, 취재 등 연구 조사 목적 국내 여비, 내ㆍ외부 인건비 등)",경영,충남콘텐츠진흥원,충청남도,중소기업,중소기업,,,,,,,디자인/상품화/사업화,2026-05-15,2026-05-29,,이메일 접수 (acpg@ccon.kr),이메일 접수 (acpg@ccon.kr),https://www.bizinfo.go.kr/sii/siia/selectSIIA200Detail.do?pblancId=PBLN_000000000122369,main,primary,충남2026년영화ㆍ드라마원천ip기획개발지원사업공고,충남콘텐츠진흥원,2026-05-15~2026-05-29,경영,디자인/상품화/사업화
biz,PBLN_000000000122368,[광주] 2026년 농업발전기금 융자사업 공고,"농식품 상품성제고와 가공시설확충사업 등을 추진하여 농식품산업 경쟁력 제고 및 농업ㆍ농촌 발전을 도모하기 위한 「2026년도 농업발전기금 융자사업」계획을 다음과 같이 공고합니다. 
☞ 광주광역시 관내 농업인과 농업법인, 생산자 단체 및 농식품 제조ㆍ가공업체 
☞ 개소당 50백만원 이내 융자 지원",자금,직접수행,광주광역시,중소기업,중소기업,,,,,,,융자,반기별 상이,,,"방문 접수
- 접수처 : 사업장 소재지 관할 구청(농업부서)","방문 접수
- 접수처 : 사업장 소재지 관할 구청(농업부서)",https://www.bizinfo.go.kr/sii/siia/selectSIIA200Detail.do?pblancId=PBLN_000000000122368,main,primary,광주2026년농업발전기금융자사업공고,직접수행,반기별 상이~,금융,융자
biz,PBLN_000000000122367,[광주ㆍ전남ㆍ제주] 2026년 중국 유통망 입점 지원사업 참여기업 모집 연장 공고,"KOTRA, 한전KDN(주), 소상공인시장진흥공단, 사회적경제지원센터(광주, 전남, 제주)는 소상공인과 사회적경제기업의 해외판로개척 및 수출증대를 위해「2026 중국 유통망 입점 지원사업」참여기업을 모집하오니, 기업의 많은 관심과 참여 바랍니다.
☞  광주ㆍ전남ㆍ제주 소재의 내수, 초보 소상공인 및 사회적경제기업 (내수 : ’25년도 수출실적 0 / 초보 : ’25년도 수출실적 10만불 이하) 
☞ 중국 온ㆍ오프라인몰 입점 기회 제공 및 해관등록ㆍ홍보 지원",판로/수출,광주사회적경제지원센터,광주광역시,사회적기업,사회적기업,,,,,,,해외진출준비,2026-05-21,2026-06-05,,이메일 접수(gjsec_m@gjsec.kr),이메일 접수(gjsec_m@gjsec.kr),https://www.bizinfo.go.kr/sii/siia/selectSIIA200Detail.do?pblancId=PBLN_000000000122367,main,primary,광주ㆍ전남ㆍ제주2026년중국유통망입점지원사업참여기업모집연장공고,광주사회적경제지원센터,2026-05-21~2026-06-05,수출,해외진출준비
biz,PBLN_000000000122364,[충북] 충주시 2026년 청년소상공인 창업점포임차료 지원사업 공고,"청년 초기 창업자들의 창업부담 완화 및 사업경영 안정화를 위한 「2026년  청년소상공인 창업점포 임차료 지원사업」을 다음과 같이 공고합니다. 
☞ 공고일 기준 ①,②를 모두 만족하는 19세~39세의 청년소상공인(1986. 1. 1 ~ 2006. 12. 31. 출생자)
① 충주시 소재 사업장을 운영중인 자(개인사업자만 가능, 법인사업자 제외)
② 사업자등록 3년 이내 청년창업자
☞ 점포 임차료 지원(최대 1년간, 최대 360만원)",경영,기초자치단체,충청북도,소상공인,"소상공인,청년",,,,,,,시설/입지지원,2026-05-26,2026-06-09,,"이메일 및 방문 접수
- 접수처 : 충주시청 경제과(5층) 경제정책팀 
- 이메일 : 850608hy@korea.kr
※ 송부 후 담당자 확인 필수 043-850-6015","이메일 및 방문 접수
- 접수처 : 충주시청 경제과(5층) 경제정책팀 
- 이메일 : 850608hy@korea.kr
※ 송부 후 담당자 확인 필수 043-850-6015",https://www.bizinfo.go.kr/sii/siia/selectSIIA200Detail.do?pblancId=PBLN_000000000122364,main,primary,충북충주시2026년청년소상공인창업점포임차료지원사업공고,기초자치단체,2026-05-26~2026-06-09,경영,시설/입지지원
biz,PBLN_000000000122363,[전남] 2026년 스마트그린산단 스마트제조 전환지원 참여기업 모집 공고(전남광양 스마트제조고급인력 양성사업),"전남테크노파크에서는 전남광양 스마트제조 고급인력양성사업의 일환으로, 광양국가산단 및 연계산단 내 입주기업을 대상으로 스마트제조 전환을 촉진하기 위한 스마트제조 전환지원 사업을 다음과 같이 공고하오니, 관련 기업의 많은 신청 바랍니다.
☞ 스마트그린산단(광양국가산단, 율촌제1일반산단, 해룡산단, 순천일반산단) 내에 본사 또는 공장을 둔 제조기업
- 전남테크노파크에서 운영하는 스마트그린산단 현장맞춤형 교육을 진행 또는 완료한 기업
※ ‘진행’의 경우. 26.06.30.까지 교육 착수건에 한하여 유효함
☞ 스마트제조 전환지원 및 전문가 매칭 현장교육(기업당 정부지원금 최대 20,000천원) 지원",경영,전남테크노파크,전라남도,중소기업,중소기업,,,,,,,정보화지원,2026-05-21,2026-06-30,,온라인 접수 (전남TP 데이터 플랫폼),온라인 접수 (전남TP 데이터 플랫폼),https://www.bizinfo.go.kr/sii/siia/selectSIIA200Detail.do?pblancId=PBLN_000000000122363,main,primary,전남2026년스마트그린산단스마트제조전환지원참여기업모집공고전남광양스마트제조고급인력양성사업,전남테크노파크,2026-05-21~2026-06-30,경영,정보화지원
biz,PBLN_000000000122362,[전남] 2026년 유망 중소기업 지정 계획 재공고,"전라남도는 기업하기 좋은 지역 환경 조성 및 기업 활동 촉진을 위해 2026년 ‘전라남도 유망 중소기업’ 지정 계획을 다음과 같이 재공고(추가모집)합니다.
☞ 제조업 또는 제조업 관련 서비스업, 지식기반 서비스업을 영위하며 다음 사항을 모두 충족하는 기업
- 공고일 현재 도내에서 3년 이상 사업장을 운영 중인 기업(제조업은 공장등록 기준, 제조업 관련 서비스업ㆍ지식기반 서비스업은 사업자등록 기준)
- 최근 3년 평균 매출액이 20억 원 이상, 단 제조업 관련 서비스업, 지식기반 서비스업은 매출액이 10억 원 이상 기업
☞ 전라남도 유망 중소기업 3년간 지정 및 우대사항(전남도 중소기업 육성 자금 융자한도 및 이자 등)지원
※ 자세한 지원내용 공고문 참조",기타,직접수행,전라남도,중소기업,중소기업,,,,,,,제도,2026-05-22,2026-06-02,,"방문 접수
- 접수처 : 기업 소재지 시ㆍ군(기업지원 부서)","방문 접수
- 접수처 : 기업 소재지 시ㆍ군(기업지원 부서)",https://www.bizinfo.go.kr/sii/siia/selectSIIA200Detail.do?pblancId=PBLN_000000000122362,main,primary,전남2026년유망중소기업지정계획재공고,직접수행,2026-05-22~2026-06-02,기타,제도
biz,PBLN_000000000122361,[부산] 2026년 SMR 보조기기 제작지원센터 구축사업 기업지원 통합 재공고,"SMR 보조기기 산업의 사업화 촉진 및 기술경쟁력 강화를 위한 「SMR 보조기기 제작지원센터 구축사업」의 일환으로, 보조기기 분야 시제품 제작 및 기술지도를 위한 기업지원 계획을 다음과 같이 공고하오니, 참여를 희망하는 기업은 아래 절차에 따라 신청하여 주시기 바랍니다.
☞ 접수마감일 현재 부산소재 본사, 사무소, 공장, 연구소 중 1개 이상 보유한 원자력산업 관련 종사 혹은 희망 기업
- 원전 및 SMR 보조기기 관련 기술개발, 부품 제작, 시험ㆍ평가 또는 양산 경험이 있거나, 이에 준하는 역량을 보유한 기업
- 대상부품 : 주기기에 부착되는 밸브류(ECCS : Emergency Core Cooling System 밸브, 격리밸브, 조절밸브, 역지밸브 등), 노즐류, 유동관류, 소형부품 등
☞ SMR 개발형 보조기기 시제품제작(최대 29백만원/건), 기술닥터제를 활용한 애로기술맞춤, 구축 장비 활용을 통한 장비 활용 지원
※ 자세한 지원내용 공고문 참조",기술,부산테크노파크,부산광역시,중소기업,중소기업,,,,,,,기술사업화/이전/지도,2026-05-18,2026-05-29,,이메일 접수 (flyjinuk@btp.or.kr),이메일 접수 (flyjinuk@btp.or.kr),https://www.bizinfo.go.kr/sii/siia/selectSIIA200Detail.do?pblancId=PBLN_000000000122361,main,primary,부산2026년smr보조기기제작지원센터구축사업기업지원통합재공고,부산테크노파크,2026-05-18~2026-05-29,기술,기술사업화/이전/지도
biz,PBLN_000000000122360,[부산] 2026년 수리조선산업 맞춤형 지원사업 공고(스마트수리조선지원센터 관리운영 사업),"부산테크노파크는 부산지역 수리조선산업 고도화 및 지속가능한 성장동력 확보를 위하여 「2026년 수리조선산업 맞춤형 지원사업」을 다음과 같이 시행하오니 많은 참여를 바랍니다.
☞ 부산광역시 소재 수리조선 기업
※업종 또는 사업 실적 기준을 통해 수리조선 기업 확인 가능하여야함
☞ 디지털 역량강화 지원, 작업환경 개선 지원, 장비 기술지도 지원
※ 자세한 지원내용 공고문 참조",경영,부산테크노파크,부산광역시,중소기업,중소기업,,,,,,,디자인/상품화/사업화,2026-05-22,2026-06-08,,이메일 접수 (generally@btp.or.kr),이메일 접수 (generally@btp.or.kr),https://www.bizinfo.go.kr/sii/siia/selectSIIA200Detail.do?pblancId=PBLN_000000000122360,main,primary,부산2026년수리조선산업맞춤형지원사업공고스마트수리조선지원센터관리운영사업,부산테크노파크,2026-05-22~2026-06-08,경영,디자인/상품화/사업화
biz,PBLN_000000000122359,[경북] 2026년 지역특화형(고도화) 스마트공장 구축사업 공고,"「2026년도 지역특화형(방산ㆍ모빌리티) 스마트공장 구축사업」의 지원계획을 다음과 같이 공고합니다. 
☞ 경북 지역내 중소중견 방산ㆍ모빌리티 기업 중 스마트공장 구축이 필요한 제조기업
- 국내 제조기업 중「중소기업기본법」에 따른 중소기업 및 「중견기업 성장촉진 및 경쟁력 강화에 관한 특별법」에 따른 중견기업
☞ 정보통신기술(ICT)로 제품의 기획-설계-제조-판매 과정을 통합하여 제조 공정을 최적화하는 스마트공장 구축지원
- 품설계ㆍ생산공정 개선 등을 위한 스마트공장 솔루션 구축 및 솔루션과 연동되는 자동화장비ㆍ제어기ㆍ센서 등 구축 지원",기술,경북테크노파크,경상북도,중소기업,중소기업,,,,,,,기술사업화/이전/지도,2026-05-22,2026-07-03,,온라인 접수 (스마트공장 사업관리시스템),온라인 접수 (스마트공장 사업관리시스템),https://www.bizinfo.go.kr/sii/siia/selectSIIA200Detail.do?pblancId=PBLN_000000000122359,main,primary,경북2026년지역특화형고도화스마트공장구축사업공고,경북테크노파크,2026-05-22~2026-07-03,기술,기술사업화/이전/지도
biz,PBLN_000000000122358,2026년 국제방송영상마켓(BCWW) 부스 참가기업 모집 공고,"국제방송영상마켓 'BCWW 2026'의 부스 참가기업을 모집합니다. 무료 부스 제공으로 조기 마감이 예상되므로 관심 있는 기업들은 빠른 신청 바랍니다.
☞ 방송ㆍ영상 콘텐츠 기획ㆍ제작ㆍ유통 관련 수출을 희망하는 국내외 기업
☞ (독립부스) 부스공간 지원, 출입증 부스당 5개(최대 40개)지원, 홈페이지 홍보영상 게재
- (기본부스) 부스공간 및 설치 지원, 부스 내 상호간판, 안내데스크, 테이블, 의자(4개), 전기1kw 및 콘센트 지원, 출입증 부스당 5개, 홈페이지 홍보영상 게재",판로/수출,한국콘텐츠진흥원,전국,중소기업,중소기업,,,,,,,시장개척,2026-06-01,2026-06-19,,이메일 접수 (exhibitor@bcww.kr),이메일 접수 (exhibitor@bcww.kr),https://www.bizinfo.go.kr/sii/siia/selectSIIA200Detail.do?pblancId=PBLN_000000000122358,main,primary,2026년국제방송영상마켓bcww부스참가기업모집공고,한국콘텐츠진흥원,2026-06-01~2026-06-19,수출,시장개척
biz,PBLN_000000000122357,[충북] 2026년 중소기업 경영애로 전문가 컨설팅서비스 참여기업 모집 공고,"충북지방중소벤처기업청은 기업이 당면한 단기 경영애로 해소를 위해 전문가를 통한 현장 맞춤형 컨설팅 서비스를 지원하고자 하오니 컨설팅을 희망하는 기업은 많은 신청을 바랍니다.
☞ 충북 소재 제조 중소기업
- 중소기업 혁신바우처 탈락 기업
- 뿌리산업 영위기업, 창업초기 기업 또는 컨설팅 희망 중소기업
☞ 경영기술 전략 등 7개 분야 컨설팅ㆍ지도 지원
- 경영기술전략, 스마트공장 추진전략, 시제품 기획, 기술보호, 기술이전 및 지재권, 인증ㆍ연구장비활용시험, 마케팅 전략",경영,지방중소벤처기업청,충청북도,중소기업,중소기업,,,,,,,컨설팅,예산 소진시까지,,,"이메일 및 팩스 접수
- 이메일 : ljw7594@korea.kr
- 팩스 : 043-235-2493","이메일 및 팩스 접수
- 이메일 : ljw7594@korea.kr
- 팩스 : 043-235-2493",https://www.bizinfo.go.kr/sii/siia/selectSIIA200Detail.do?pblancId=PBLN_000000000122357,main,primary,충북2026년중소기업경영애로전문가컨설팅서비스참여기업모집공고,지방중소벤처기업청,예산 소진시까지~,경영,컨설팅
biz,PBLN_000000000122356,[경남] 2026년 2차 미래차 산업전환 공정기술 고도화 수혜기업 모집 공고(미래차 산업 전환 공정기술 고도화 지원사업),"경남테크노파크 미래자동차본부에서는 경상남도 및 경남도내 6개시군이 주관하는 「2026년 미래차 산업전환 공정기술 고도화 지원사업」과 관련하여 미래차 산업전환에 따른 공정고도화를 희망하는 기업에 대한 지원사업을 아래와 같이 공고하오니, 참여하고자 하는 기업은 아래 절차에 따라 신청하여 주시기 바랍니다.
☞ 경상남도(밀양시, 양산시, 함안군)에 소재하는 미래차 부품 개발 및 양산 추진하고 있는 중소ㆍ중견업체
☞ 공정고도화 패키지(최대 50백만원/건) 지원
- 컨설팅+공정고도화 지원",기술,경남테크노파크,경상남도,중소기업,중소기업,,,,,,,기술사업화/이전/지도,2026-05-18,2026-06-05,,온라인 접수 (경남테크노파크 홈페이지),온라인 접수 (경남테크노파크 홈페이지),https://www.bizinfo.go.kr/sii/siia/selectSIIA200Detail.do?pblancId=PBLN_000000000122356,main,primary,경남2026년2차미래차산업전환공정기술고도화수혜기업모집공고미래차산업전환공정기술고도화지원사업,경남테크노파크,2026-05-18~2026-06-05,기술,기술사업화/이전/지도
biz,PBLN_000000000122355,2026년 블루 스타트업 지원사업 참여기업 추가 모집 공고,"해양수산 신산업 분야 유망 창업기업의 사업화 역량 강화 및 기업 자생력 제고를 위해 2026년도「블루 스타트업 지원사업」에 참여할 해양수산 분야 예비창업자 및 창업 3년 이내 기업을 다음과 같이 모집합니다.
☞ 해양수산분야 예비창업자 및 창업 3년 이내 기업
☞ 사업화 컨설팅 및 사업화 자금(예비창업자 2천만원, 초기기업 5천만원 이내) 지원
※ 자세한 지원내용 공고문 참조",창업,해양수산과학기술진흥원,전국,창업벤처,"스타트업,초기창업기업",,,,,,,사업화지원,2026-05-21,2026-06-02,,온라인 접수 (바다봄지식정보시스템),온라인 접수 (바다봄지식정보시스템),https://www.bizinfo.go.kr/sii/siia/selectSIIA200Detail.do?pblancId=PBLN_000000000122355,main,primary,2026년블루스타트업지원사업참여기업추가모집공고,해양수산과학기술진흥원,2026-05-21~2026-06-02,창업,사업화지원
biz,PBLN_000000000122354,[부산] 2026년 상반기 사회적경제 공공구매 페어 참가기업 모집 공고,"부산 지역 사회적경제기업의 판로확대 및 공공구매 활성화를 위해 개최하는「2026 상반기 부산 사회적경제 공공구매 페어」행사에 참여할 업체를 모집하오니 관심 있는 부산 사회적경제기업의 많은 지원 바랍니다.
☞ 부산시 소재의 사회적경제기업, 공유기업, 소셜벤처 등
☞ 공공구매 상담회, 제품 홍보ㆍ전시 및 마켓 운영",판로/수출,기초자치단체,부산광역시,사회적기업,사회적기업,,,,,,,공공구매,2026-05-21,2026-06-02,,이메일 접수 (busanse2024@naver.com),이메일 접수 (busanse2024@naver.com),https://www.bizinfo.go.kr/sii/siia/selectSIIA200Detail.do?pblancId=PBLN_000000000122354,main,primary,부산2026년상반기사회적경제공공구매페어참가기업모집공고,기초자치단체,2026-05-21~2026-06-02,내수,공공구매
biz,PBLN_000000000122353,[경남] 2026년 현장실습 지원사업 표준현장실습 계절제(하계) 참여기업 모집 공고,"경상남도와 경남테크노파크는 지역 대학생에게 지역 내 우수기업 소개와 취업에 대한 관심도 고취ㆍ직무연계 선순환 채용환경 조성을 위해「2026년 현장실습 지원사업」을 시행합니다. 이에, 경남지역대학의 표준현장실습학기제와 연계하여 기업 맞춤형 현장실습 참여기업을 모집하오니 지역기업의 많은 신청 바랍니다.
☞ 경남 소재 기업 중 2026년 표준현장실습학기제 참여희망 기업
- 경상남도에 주소지를 두고 있는 중소ㆍ중견기업
- 경남 지역 내 소재한 대학의 대학생(내국인)을 실습생으로 매칭한 기업
☞ 대학생 표준현장실습학기제 실습기업으로 확정된 기업에게 참여 실습생 현장실습비 지원
- 현장실습생 1명당 월 120만원 / 최대 2개월 지원
※ 자세한 지원내용 공고문 참조",인력/일자리,경남테크노파크,경상남도,중소기업,중소기업,,,,,,,고용환경개선,2026-05-18,2026-06-18,,"온라인 또는 방문, 우편 접수
- 온라인 : 경남테크노파크
- 접수처 : 경남 창원시 의창구 창원대로 18번길 22, 벤처동 504호","온라인 또는 방문, 우편 접수
- 온라인 : 경남테크노파크
- 접수처 : 경남 창원시 의창구 창원대로 18번길 22, 벤처동 504호",https://www.bizinfo.go.kr/sii/siia/selectSIIA200Detail.do?pblancId=PBLN_000000000122353,main,primary,경남2026년현장실습지원사업표준현장실습계절제하계참여기업모집공고,경남테크노파크,2026-05-18~2026-06-18,인력,고용환경개선
biz,PBLN_000000000122352,2026년 하반기 3차 IP-R&D 전략지원(인공지능ㆍ첨단 바이오 분야 지정공모) 사업 시행 계획 공고(지재권 연계 연구개발 전략지원 사업),"국내 중소ㆍ중견기업 및 대학ㆍ공공연에 맞춤형ㆍ밀착형 특허전략을 지원하는 IP-R&D 전략지원 사업(세부사업: 지재권 연계 연구개발 전략지원 사업)의 2026년 하반기 3차(인공지능ㆍ첨단 바이오 분야 지정공모) 시행 계획을 다음과 같이 공고하니 사업에 참여하고자 하는 기관의 많은 신청 바랍니다.
☞ (중소ㆍ중견기업) 연구조직을 보유한 국내 중소 또는 중견기업
- (대학ㆍ공공연) 정부R&D과제 또는 기관 고유과제를 수행 중인 국내 대학ㆍ공공연 등 공공연구기관
☞ (중소ㆍ중견기업) 우리 기업에 지재권(IP)과 연구개발(R&D)을 연계한 맞춤형ㆍ밀착형 특허전략을 지원
- (대학ㆍ공공연) 연구기술 분석 및 지원기관 니즈에 기반하여 IP-R&D 전략지원",기술,한국특허전략개발원,지식재산처,중소기업,중소기업,,,,,,,기술사업화/이전/지도,2026-05-19,2026-05-29,,온라인 접수 (IP-R&D 사업관리시스템),온라인 접수 (IP-R&D 사업관리시스템),https://www.bizinfo.go.kr/sii/siia/selectSIIA200Detail.do?pblancId=PBLN_000000000122352,main,primary,2026년하반기3차iprd전략지원인공지능ㆍ첨단바이오분야지정공모사업시행계획공고지재권연계연구개발전략지원사업,한국특허전략개발원,2026-05-19~2026-05-29,기술,기술사업화/이전/지도
biz,PBLN_000000000122351,[경남] 김해시 2026년 2차 물류영역 서비스로봇 공통플랫폼 구축사업 지원사업 수혜기업 모집 공고,"경남 지역 물류로봇 관련 기업의 사업화 촉진을 위하여 경상남도 및 김해시가 지원하는 '물류영역 서비스로봇 공통플랫폼 구축사업'의 지원 프로그램을 안내하오니 해당 과제 참여를 희망하는 김해 소재 물류로봇 관련 기업들의 많은 참여를 바랍니다.
☞ 경상남도 김해시에 본사 또는 지사를 둔 물류로봇 관련 중소ㆍ중견기업(물류로봇의 핵심부품 및 구성품 제조업 일체 포함, 연구소는 제외)
☞ 시제품 제작 패키지 지원 프로그램(시제품제작, 시험평가 기술, 전시회 홍보), 지식재산권 출원 및 등록 획득, 물류로봇 관련 기술컨설팅 지원
※ 자세한 지원내용 공고문 참조",기술,경남테크노파크,경상남도,중소기업,중소기업,,,,,,,기술사업화/이전/지도,2026-05-19,2026-06-12,,"이메일 접수 및 온라인 접수
- 이메일 : dhjeon@gntp.or.kr
- 온라인 : 경남테크노파크 홈페이지
※ 사본으로  이메일 제출 및 경남테크노파크 홈페이지 회원가입 후 온라인 제출","이메일 접수 및 온라인 접수
- 이메일 : dhjeon@gntp.or.kr
- 온라인 : 경남테크노파크 홈페이지
※ 사본으로  이메일 제출 및 경남테크노파크 홈페이지 회원가입 후 온라인 제출",https://www.bizinfo.go.kr/sii/siia/selectSIIA200Detail.do?pblancId=PBLN_000000000122351,main,primary,경남김해시2026년2차물류영역서비스로봇공통플랫폼구축사업지원사업수혜기업모집공고,경남테크노파크,2026-05-19~2026-06-12,기술,기술사업화/이전/지도
biz,PBLN_000000000122350,[경남] 2026년 마산자유무역지역 역량강화 기업지원사업 지원기업 추가 모집 공고,"산업통상부와 경남테크노파크에서는 「2026년 자유무역지역 역량강화 기업지원사업」의 지원기업을 아래와 같이 모집하오니, 사업에 참여하고자 하는 마산자유무역지역 입주기업은 안내에 따라 신청하시기 바랍니다.
☞ 마산자유무역지역 입주기업
☞ 인증 시험분석, 특허, 디자인ㆍ마케팅 지원, R&D역량강화
※ 자세한 지원내용 공고문 참조",경영,경남테크노파크,경상남도,중소기업,중소기업,,,,,,,디자인/상품화/사업화,2026-05-20,2026-06-04,,온라인 접수 (경남TP누리집),온라인 접수 (경남TP누리집),https://www.bizinfo.go.kr/sii/siia/selectSIIA200Detail.do?pblancId=PBLN_000000000122350,main,primary,경남2026년마산자유무역지역역량강화기업지원사업지원기업추가모집공고,경남테크노파크,2026-05-20~2026-06-04,경영,디자인/상품화/사업화
biz,PBLN_000000000122349,[경남] 2026년 2차 지역 합동 투자상담회 참가기업 모집 공고,"경남테크노파크는 「산업기술단지 거점기능강화사업」과 「제조전문형 메이커스페이스 운영사업」의 일환으로 경남지역 혁신적인 우수기술 보유기업을 발굴하고, 투자컨설팅 및 투자자 네트워크 연계를 통해 투자유치 기회를 제공하고자 아래와 같이 투자상담회 참여기업을 모집하오니 많은 신청 바랍니다.
☞ 경남 도내에 사업장을 보유한 중소기업으로, 경남 주력산업 전ㆍ후방 연관된 제품 또는 기술을 영위하는 기업
※ 사업장 : 본사, 연구소, 지사 등으로 사업자등록증 상 주소가 경남으로 기재된 경우에 한하여 인정함
※ 주력산업 : 제조(로봇, 소재ㆍ부품, 전기ㆍ전자, 제조AI 등), 방산우주(로봇ㆍ항공), 에너지(에너지ㆍ환경), 바이오(의약바이오, 바이오ㆍ소재, 의료기기)
☞ 홍보물 제작, 투자 컨설팅 및 투자상담회 참가 지원
- 기업당 최대 7백만원 지원(투자 컨설팅 지원 2백만원, 홍보 및 IR 자료 제작 지원 5백만원)",자금,경남테크노파크,경상남도,중소기업,중소기업,,,,,,,펀드/투자,2026-05-20,2026-06-12,,온라인 접수(경남 테크노파크),온라인 접수(경남 테크노파크),https://www.bizinfo.go.kr/sii/siia/selectSIIA200Detail.do?pblancId=PBLN_000000000122349,main,primary,경남2026년2차지역합동투자상담회참가기업모집공고,경남테크노파크,2026-05-20~2026-06-12,금융,펀드/투자
biz,PBLN_000000000122348,[부산] 2026년 8차 중소기업 자금지원계획 변경 공고,"「부산광역시 중소기업육성기금 조례」제10조에 따라, 2026년도 부산광역시 중소기업 자금지원계획을 다음과 같이 공고합니다.
☞ 부산시 소재 중소기업 
※ 세부사업별 지원대상 상이, 공고문 참조
☞ 이차보전, 저금리 융자, 특례보증 지원
※ 자세한 지원내용 공고문 참조",자금,부산경제진흥원,부산광역시,중소기업,중소기업,,,,,,,융자,예산 소진시까지,,,"온라인 및 방문 접수
- 온라인 : 부산경제진흥원 중소기업 자금지원
- 방문 : 기술ㆍ신용보증기금 및 부산신용보증재단 등
※ 세부사업별 신청방법 상이(공고문 6, 7p 참조)","온라인 및 방문 접수
- 온라인 : 부산경제진흥원 중소기업 자금지원
- 방문 : 기술ㆍ신용보증기금 및 부산신용보증재단 등
※ 세부사업별 신청방법 상이(공고문 6, 7p 참조)",https://www.bizinfo.go.kr/sii/siia/selectSIIA200Detail.do?pblancId=PBLN_000000000122348,main,primary,부산2026년8차중소기업자금지원계획변경공고,부산경제진흥원,예산 소진시까지~,금융,융자
biz,PBLN_000000000122347,2026년 미래국방혁신기술개발사업 신규과제 공고,"과학기술정보통신부에서 추진하는「미래국방혁신기술개발사업」의 신규과제를 아래와 같이 공모하오니 관심 있는 연구자들의 많은 참여 바랍니다.
☞ 수요기관 및 대학ㆍ출연연ㆍ기업 연구자
☞ 미래국방 혁신기술 개발사업 지원",기술,한국연구재단,전국,중소기업,중소기업,,,,,,,공동기술개발,2026-06-05,2026-06-19,,온라인 접수(범부처통합연구지원시스템),온라인 접수(범부처통합연구지원시스템),https://www.bizinfo.go.kr/sii/siia/selectSIIA200Detail.do?pblancId=PBLN_000000000122347,main,primary,2026년미래국방혁신기술개발사업신규과제공고,한국연구재단,2026-06-05~2026-06-19,기술,공동기술개발
biz,PBLN_000000000122346,[인천] 2026년 원도심ㆍ지역상권 활성화를 위한 상권 활성화 특례보증 지원사업 공고,"소상공인기본법 제3조에 따라 도시정비사업 구역 등 상권 위축 지역 및 골목상권과 중동 사태 장기화로 인한 고유가 피해 소상공인 지원을 위해 「2026년 인천광역시 상권 활성화 특례보증 지원사업」을 다음과 같이 공고합니다.
☞ 인천광역시 소재 소상공인
- 인천광역시 내 도시정비사업 구역ㆍ재정비촉진지구(해제지역포함) 및 인근 지역에 사업장을 둔 소상공인(무점포 소매업(479)은 지원대상에서 제외)
- 인천광역시에 사업장을 둔 아래 업종(한국표준산업분류 기준)을 영위하는 소상공인(※ 홈플러스 폐점 피해기업 등 포함)
ㆍ 음식점업, 도소매업(단, 무점포 소매업 제외), 교육서비스업, 여가관련 서비스업, 개인 서비스업
- 인천광역시 전통시장 등에 소재하여 영업중인 소상공인
- 중동 사태에 따른 고유가 피해 업종(한국표준산업분류 기준)을 영위하는 인천광역시 사업장 소재 소상공인(운수 및 창고업, 건설장비 운영업, 여행사업)
☞ 융자한도 최대 3천만원 이내, 융자기간 5년(1년 거치 4년 매월분할상환), 이차보전 연 1.5% 지원 (최초 3년간, 인천광역시 지원)
※ 자세한 지원내용 공고문 참조",자금,인천신용보증재단,인천광역시,소상공인,소상공인,,,,,,,보증,예산 소진시까지,,,"온라인 또는 방문 접수
- 온라인 : 보증드립 APP
- 접수처 : 지점방문(디지털 소외계층에 한함)
※ 자세한 신청방법 공고문 참조","온라인 또는 방문 접수
- 온라인 : 보증드립 APP
- 접수처 : 지점방문(디지털 소외계층에 한함)
※ 자세한 신청방법 공고문 참조",https://www.bizinfo.go.kr/sii/siia/selectSIIA200Detail.do?pblancId=PBLN_000000000122346,main,primary,인천2026년원도심ㆍ지역상권활성화를위한상권활성화특례보증지원사업공고,인천신용보증재단,예산 소진시까지~,금융,보증
biz,PBLN_000000000122345,KOSME-PUNE Base Camp 기반 산학연연계 지원사업 참여기업 모집 연장 공고,"인도 진출을 추진하는 중소벤처기업을 지원하기 위해서 「KOSME-PUNE Base Camp 기반 산학연연계 지원사업」 참여기업 모집 계획을 다음과 같이 공고합니다.
☞ 인도 시장 진출을 희망하는 중소벤처기업 및 스타트업
☞ 각 단계별로 진단, 개선ㆍ검증, 멘토링 등을 통해서 인도 진출시 AIㆍ디지털전환을 추진할 수 있도록 지원
※ 자세한 지원내용 공고문 참조",판로/수출,중소벤처기업진흥공단,전국,창업벤처,초기창업기업,,,,,,,시장개척,2026-05-04,2026-05-29,,"이메일 접수 (jk@kosmes.or.kr, jkree2@naver.com)
※ 두 이메일로 동시 제출 요청","이메일 접수 (jk@kosmes.or.kr, jkree2@naver.com)
※ 두 이메일로 동시 제출 요청",https://www.bizinfo.go.kr/sii/siia/selectSIIA200Detail.do?pblancId=PBLN_000000000122345,main,primary,kosmepunebasecamp기반산학연연계지원사업참여기업모집연장공고,중소벤처기업진흥공단,2026-05-04~2026-05-29,수출,시장개척
biz,PBLN_000000000122344,2026년 첨단소재공정고도화 및 기술역량확보기술개발사업 신규지원 대상과제 공고,"2026년도 첨단소재공정고도화 및 기술역량확보기술개발사업 신규 지원대상 연구개발과제를 다음과 같이 공고하오니 수행하고자 하는 자는 신청하여 주시기 바랍니다.
☞ 기업, 대학, 연구기관, 연구조합, 사업자단체, 의료기관 등 「산업기술혁신촉진법」 제11조 제2항 및 같은 법 시행령 제11조, 「산업기술혁신사업 공통 운영요령」 제2조제1항제3호, 제4호 및 제4의2호, 9의2부터 9의5, 제58호에 해당하는 기관
- 주관연구개발기관이 기업인 경우는 접수마감일 현재 법인사업자이어야 하며, 선정평가 개최일 이전에 기업부설연구소(한국산업기술진흥협회 인정서 기준)를 보유한 기업
☞ 핵심전략기술분야 內 첨단소재의 안정적 공급 기반 구축을 위해 핵심소재 대상 공정 고도화 기술개발 지원
※ 자세한 지원내용 공고문 및 첨부파일 참조",기술,한국산업기술기획평가원,전국,중소기업,중소기업,,,,,,,혼합(단독+공동),2026-05-22,2026-06-22,,온라인 접수 (범부처통합연구지원시스템),온라인 접수 (범부처통합연구지원시스템),https://www.bizinfo.go.kr/sii/siia/selectSIIA200Detail.do?pblancId=PBLN_000000000122344,main,primary,2026년첨단소재공정고도화및기술역량확보기술개발사업신규지원대상과제공고,한국산업기술기획평가원,2026-05-22~2026-06-22,기술,혼합(단독+공동)
biz,PBLN_000000000122343,2026년 그린에너텍 수출상담회 참가기업 모집 공고,"KOTRA인천지원본부은 우리 기업의 수출 기회를 확대하고자 인천광역시, 인천관광공사와 공동으로 「2026 그린에너텍(GreenEnerTEC) 수출상담회」를 개최합니다. 관심있는 기업의 많은 참가 바랍니다. 
☞ 수자원, 탄소중립, 친환경 플라스틱, 신재생에너지, 기후대기, 순환경제, 배터리 등 분야 관련 기업
☞ 사전 1:1 비즈니스 상담 주선 지원
- 상담 전 바이어 대상 카탈로그 등 기업 홍보자료 지원
- 상담 시 통역 지원",판로/수출,KOTRA인천지원본부,인천광역시,중소기업,중소기업,,,,,,,시장개척,2026-05-21,2026-07-22,,온라인 접수 (무역투자24),온라인 접수 (무역투자24),https://www.bizinfo.go.kr/sii/siia/selectSIIA200Detail.do?pblancId=PBLN_000000000122343,main,primary,2026년그린에너텍수출상담회참가기업모집공고,kotra인천지원본부,2026-05-21~2026-07-22,수출,시장개척
biz,PBLN_000000000122342,2026년 2분기 국내 저온 수송차량 지원업체 모집 공고,"우리 수출 수산물의 해외시장 경쟁력 향상을 위해 2026년 2분기 국내 저온 수송차량 지원업체를 아래와 같이 모집하오니 관심 있는 업체의 많은 신청 바랍니다.
☞ 수산물 수출업체(중소ㆍ중견기업)
☞ 수출 수산물의 국내 저온 수송차량 이용 비용(부과세 제외)을 업체당 20,000천원 한도 내 80% 지원",경영,한국수산무역협회,전국,중소기업,중소기업,,,,,,,디자인/상품화/사업화,2026-05-21,2026-06-15,,온라인 접수(K-SEA FOOD TRADE 온라인 사업신청 통합시스템),온라인 접수(K-SEA FOOD TRADE 온라인 사업신청 통합시스템),https://www.bizinfo.go.kr/sii/siia/selectSIIA200Detail.do?pblancId=PBLN_000000000122342,main,primary,2026년2분기국내저온수송차량지원업체모집공고,한국수산무역협회,2026-05-21~2026-06-15,경영,디자인/상품화/사업화
biz,PBLN_000000000122341,[경기] 부천시 2026년 홍콩추계조명박람회(HKILF 2026) 참가지원 모집 추가 공고,"AI기반 조명산업의 자원순환 및 서비스화 실증 기반구축 사업 중 마케팅 지원의 일환으로 국내조명 기업의 국내ㆍ외 판로개척 및 매출 증대를 위하여 「홍콩추계조명박람회 2026」참가기업을 아래와 같이 모집하오니 많은 신청 바랍니다.
☞ 국내 조명산업 관련 중소기업
☞ 부스임차비 및 장치비 70%(최대 950만원 한도)",판로/수출,부천산업진흥원,경기도,중소기업,중소기업,,,,,,,해외진출,2026-05-21,2026-06-05,,온라인 접수 (부천산업진흥원),온라인 접수 (부천산업진흥원),https://www.bizinfo.go.kr/sii/siia/selectSIIA200Detail.do?pblancId=PBLN_000000000122341,main,primary,경기부천시2026년홍콩추계조명박람회hkilf2026참가지원모집추가공고,부천산업진흥원,2026-05-21~2026-06-05,수출,해외진출
biz,PBLN_000000000122340,[서울] 2026년 2차 서울어워드 우수제품 모집 공고,"서울경제진흥원에서는 서울소재 중소기업의 해외시장 진출에 적합한 우수제품을 ‘서울어워드(Seoul Awards)’로 선정하고, ‘서울어워드’ 선정제품의 글로벌 확산을 지원하고자 아래와 같이 참가제품을 모집하오니 서울소재 중소기업의 많은 참여를 바랍니다.
☞ 현재 수출 중 이거나 수출 준비 중인, 서울소재 중소기업이 직접 기획하여 제조한 제품 (2016년~2025년 서울어워드 선정제품 재신청 가능)
- 모집분야 : 뷰티, 식품, 리빙분과 소비재 제품
☞ 서울어워드 선정확인서 및 엠블럼(제품, 홍보물, 온라인상 활용 가능) 제공, 서울어워드 라운지내 선정제품 전시 지원, 2026년 서울어워드 선정기업 후속 지원",판로/수출,서울경제진흥원,서울특별시,중소기업,중소기업,,,,,,,해외진출,2026-05-14,2026-06-04,,온라인 접수(서울경제진흥원),온라인 접수(서울경제진흥원),https://www.bizinfo.go.kr/sii/siia/selectSIIA200Detail.do?pblancId=PBLN_000000000122340,main,primary,서울2026년2차서울어워드우수제품모집공고,서울경제진흥원,2026-05-14~2026-06-04,수출,해외진출
biz,PBLN_000000000122339,[인천] 2026년 바이오플러스 인터펙스 코리아 2026 바이오산업 홍보관 참가기업 모집 공고,"인천광역시와 인천테크노파크는 인천 바이오 특화단지 활성화를 위해 인천광역시 소재 바이오ㆍ헬스 기업을 대상으로 「바이오 인터펙스 코리아 2026」인천 바이오산업 홍보관에 참여할 기업을 모집합니다. 전시회 참가를 희망하는 기업은 많은 관심 및 참여 바랍니다.
☞ 인천광역시 소재(본사, 공장, 기술연구소 등) 바이오ㆍ헬스 분야 관련 기술을 보유한 기업
☞ 바이오플러스 인터펙스 코리아 2026 전시 참가 지원
- (부스참가) 참가기업 부스 공간 지원(담당자 상주必)
- (파트너링 제공) 오프라인 파트너링 기회 지원
- (티켓 제공) 기업별 컨퍼런스 티켓 등 지원",판로/수출,인천테크노파크,인천광역시,중소기업,중소기업,,,,,,,온라인,2026-05-19,2026-06-02,,온라인 접수 (BizOK),온라인 접수 (BizOK),https://www.bizinfo.go.kr/sii/siia/selectSIIA200Detail.do?pblancId=PBLN_000000000122339,main,primary,인천2026년바이오플러스인터펙스코리아2026바이오산업홍보관참가기업모집공고,인천테크노파크,2026-05-19~2026-06-02,내수,온라인
biz,PBLN_000000000122338,[인천] 2026년 국내외 디자인어워드(GDㆍIDEAㆍIFㆍRedDot) 출품비용 지원 참여기업 모집 공고,"인천지역 중소기업의 우수디자인 상품개발을 장려하고 기업 경쟁력을 강화하기 위하여 아래와 같이 국내외 디자인어워드(우수디자인 상품선정(GD), IDEA, iF, RedDot) 출품비용 지원계획을 공지하오니 출품을 계획 중이신 기업께서는 적극적인 참여를 부탁드립니다.
☞ 디자인 및 시제품개발 수혜기업, 우수디자인 보유 지역 중소기업
☞ 국내 어워드 100만원, 해외어워드 200만원 한도 지원
- 우수디자인 상품선정(GD), IDEA, iF, RedDot 디자인어워드 출품비용 지원(기업당 택 1)",경영,인천테크노파크,인천광역시,중소기업,중소기업,,,,,,,디자인/상품화/사업화,2026-05-21,2026-06-10,,온라인 접수 (웹하드),온라인 접수 (웹하드),https://www.bizinfo.go.kr/sii/siia/selectSIIA200Detail.do?pblancId=PBLN_000000000122338,main,primary,인천2026년국내외디자인어워드gdㆍideaㆍifㆍreddot출품비용지원참여기업모집공고,인천테크노파크,2026-05-21~2026-06-10,경영,디자인/상품화/사업화
biz,PBLN_000000000122337,[서울] 2026년 2차 서울커리업 인턴십 참여기업 모집 공고,"서울특별시에서는 경력보유여성의 경제활동 참여 촉진의 일환으로 역량 있는 경력보유여성 채용을 희망하는「2026년 서울커리업 인턴십」참여기업을 다음과 같이 모집하오니 많은 참여 바랍니다.
☞ 서울 소재, 상시근로자수 5인 이상인「중소기업기본법」상 중소기업으로 유연근로제도 시행 기업
☞ 인재 매칭, 인턴십 인건비 지원, 인턴 채용 시 고용장려금 지원, 인턴 적응 및 기업 일ㆍ생활균형 제도 사용 지원",인력/일자리,서울시여성가족재단,서울특별시,중소기업,중소기업,,,,,,,고용유지,2026-05-14,2026-06-01,,온라인 접수(서울커리업 홈페이지),온라인 접수(서울커리업 홈페이지),https://www.bizinfo.go.kr/sii/siia/selectSIIA200Detail.do?pblancId=PBLN_000000000122337,main,primary,서울2026년2차서울커리업인턴십참여기업모집공고,서울시여성가족재단,2026-05-14~2026-06-01,인력,고용유지
biz,PBLN_000000000122336,2026년 2차 온라인판로 종합지원사업 참여기업 모집 공고,"우수 중소기업 제품의 온라인판로 종합지원을 위해 참여기업 모집을 아래와 같이 공고하오니 많은 관심과 참여를 바랍니다.
☞ 중소기업기본법 제 2조의 규정에 의한 중소기업
- 중소기업확인서 내 '소기업' 이상으로 기재되어 있는 기업(소상공인 제외)
☞ 온라인플랫폼(오픈마켓/종합몰, 버티컬커머스), 온라인플랫폼 연계 지원(TV홈쇼핑 방송, 데이터홈쇼핑 방송, 마케팅 역량강화 매칭, 오프라인 판로)
※ 자세한 지원내용 공고문 참조",판로/수출,한국중소벤처기업유통원,전국,중소기업,중소기업,,,,,,,온라인,2026-05-21,2026-06-05,,온라인 접수 (판판대로),온라인 접수 (판판대로),https://www.bizinfo.go.kr/sii/siia/selectSIIA200Detail.do?pblancId=PBLN_000000000122336,main,primary,2026년2차온라인판로종합지원사업참여기업모집공고,한국중소벤처기업유통원,2026-05-21~2026-06-05,내수,온라인
biz,PBLN_000000000122335,2026년 예술산업보증 공고,"문화체육관광부, (재)예술경영지원센터, 기술보증기금은 예술기업 대상으로 보증지원을 추진하여 예술산업의 지속가능한 성장 및 미래 경쟁력을 제고하고자 <2026 예술산업보증>을 진행합니다. 관심 있는 예술기업의 많은 참여 바랍니다.
☞ 예술산업분야 예술기업및 예술 프로젝트
- 분야 : 공연예술, 시각예술, 문학, 그 외 예술 일반 등
☞ 예술기업 보증, 예술 프로젝트 보증(기업당 최대 통합 한도는 10억 원 이내) 지원
※ 자세한 지원내용 공고문 참조",자금,예술경영지원센터,전국,중소기업,중소기업,,,,,,,보증,2026-06-01,2026-11-10,,"온라인 접수 (국가문화예술지원시스템)
※ 매월 초 1일~10일 접수","온라인 접수 (국가문화예술지원시스템)
※ 매월 초 1일~10일 접수",https://www.bizinfo.go.kr/sii/siia/selectSIIA200Detail.do?pblancId=PBLN_000000000122335,main,primary,2026년예술산업보증공고,예술경영지원센터,2026-06-01~2026-11-10,금융,보증
biz,PBLN_000000000122334,AI+ OpenData 챌린지 참여기업 모집 수정 공고,"「AI+ OpenData 챌린지」참여기업 모집과 관련하여 다음과 같이 수정 공고하오니 챌린지에 참여를 희망하시는 기업은 참고하시기 바랍니다.
☞ AI 기술 역량을 보유한 창업 10년 이내 스타트업
- 「중소기업기본법」 제2조 제1항에 따른 중소기업의 대표자이자, 「중소기업창업 지원법」 제2조 제2호 및 제3호, 제25조 제4항에 따른 창업기업의 대표자로서 모집공고일 기준 창업 10년 이내인 자
☞ 본선 진출 시 개발ㆍ실증 자금 2천만원, GPU 등 AI 솔루션 개발 인프라 대여, 출제기관 실무담당자와 소통체계 구축 등 지원
- 계약 연계형 과제 우승 기업과 솔루션 계약 진행 + 우승기업에게 우승 상금 1억원 지급, 지원사업 선정 시 우대 지원",창업,중소벤처기업진흥공단,전국,창업벤처,초기창업기업,,,,,,,사업화지원,2026-05-11,2026-06-05,,온라인 접수 (K-Startup 누리집),온라인 접수 (K-Startup 누리집),https://www.bizinfo.go.kr/sii/siia/selectSIIA200Detail.do?pblancId=PBLN_000000000122334,main,primary,aiopendata챌린지참여기업모집수정공고,중소벤처기업진흥공단,2026-05-11~2026-06-05,창업,사업화지원
biz,PBLN_000000000122333,2026년 SDV 전장부품 보안 평가센터 기업지원사업 수혜기업 모집 공고,"지능형자동차부품진흥원에서는 SDV 지향 전장부품 기업 해외 시장 진출 촉진과 기술 경쟁력 확보를 위한 기업지원 프로그램 운영을 통한 기술 및 사업화 지원을 위해「2026년 SDV 전장부품 보안 평가센터 기업지원사업」수혜기업을 모집 공고하오니 국내 중소ㆍ중견 전장부품 기업의 많은 관심과 신청 바랍니다.
☞ 국내 중소ㆍ중견 전장부품 기업
☞ 해외 수출 지원, 성능 평가 지원, 기술 지원",기술,지능형자동차부품진흥원,전국,중소기업,중소기업,,,,,,,기술사업화/이전/지도,모집 완료시,,,이메일 접수(kbm1368@kiapi.or.kr),이메일 접수(kbm1368@kiapi.or.kr),https://www.bizinfo.go.kr/sii/siia/selectSIIA200Detail.do?pblancId=PBLN_000000000122333,main,primary,2026년sdv전장부품보안평가센터기업지원사업수혜기업모집공고,지능형자동차부품진흥원,모집 완료시~,기술,기술사업화/이전/지도
biz,PBLN_000000000122332,[대구ㆍ경북] 경제자유구역기술 창업기업 맞춤형 멘토링 지원 공고,"대구경북경제자유구역(DGFEZ) 내 유망 기술기업의 역량 강화를 위해, 창업기업이 겪는 경영ㆍ기술ㆍ투자 분야의 실무적 애로사항을 분야별 전문가 멘토링을 통해 해결할 수 있도록 지원 하기 위해 「대구경북경제자유구역기술 창업기업 맞춤형 멘토링 지원」을 실시하오니, 많은 관심과 신청 바랍니다.
☞ 대구경북경제자유구역 내 본사ㆍ공장ㆍ연구소 중 1개 이상 사업자등록증상 소재지를 둔 기술기반 창업기업
☞ DGIST 창업 전문 멘토단을 활용한 분야별 맞춤형 컨설팅
- 경영 : 비즈니스 모델(BM) 고도화, 인사/노무, 법률, 회계 등 지원
- 기술 : 제품 상용화, 기술 로드맵 수립, 특허/IP 전략 등 지원
- 투자/마케팅 : IR 컨설팅, 투자자 매칭, 판로 개척 및 홍보 지원",경영,대구경북과학기술원,경상북도,창업벤처,초기창업기업,,,,,,,컨설팅,예산 소진시까지,,,온라인 접수 (구글폼),온라인 접수 (구글폼),https://www.bizinfo.go.kr/sii/siia/selectSIIA200Detail.do?pblancId=PBLN_000000000122332,main,primary,대구ㆍ경북경제자유구역기술창업기업맞춤형멘토링지원공고,대구경북과학기술원,예산 소진시까지~,경영,컨설팅
biz,PBLN_000000000122331,[울산] 울주군 2026년 2차 베트남 InnoEX 글로벌 프로그램(2기) 참여기업  모집 공고,"2026년도 울산광역시 울주군이 지원하는「울주군 기술창업생태계 지원사업」내 2026 베트남 InnoEX 글로벌 프로그램(제2기) 참여기업을 다음과 같이 공고하오니, 사업에 참여하고자 하는 기업의 많은 신청 바랍니다.
☞ 본사, 공장 및 연구소 등 1개소가 사업자등록증상 울산광역시 울주군 내 소재하며, 제조업 및 지식서비스 산업에 해당하는 기술창업(창업개시 7년이내) 기업
☞ 박람회 참가 지원(공동관 부스, 부스 조성비), 수출상담회, 항공료(편도항공료, 1개사/100만원 한도/이코노미 기준), 통역비 지원",판로/수출,울산테크노파크,울산광역시,중소기업,중소기업,,,,,,,해외진출준비,2026-05-14,2026-06-05,,온라인 접수(울산테크노파크 기업지원사업 관리시스템),온라인 접수(울산테크노파크 기업지원사업 관리시스템),https://www.bizinfo.go.kr/sii/siia/selectSIIA200Detail.do?pblancId=PBLN_000000000122331,main,primary,울산울주군2026년2차베트남innoex글로벌프로그램2기참여기업모집공고,울산테크노파크,2026-05-14~2026-06-05,수출,해외진출준비
biz,PBLN_000000000122330,[경기] 용인시 2026년 DeepTech STARTUP Batch 참가자 모집 공고,"용인시산업진흥원에서는 KAIST청년창업투자지주㈜와 함께 용인 소재 딥테크 분야 예비창업자 또는 창업기업의 사업화 역량 강화 및 투자유치 경쟁력 제고를 위한 「용인 DeepTech STARTUP Batch 2026」액셀러레이팅 프로그램을 운영하오니 관심 있는 분의 많은 참여 바랍니다.
☞ 공고일 기준 용인 소재 창업 7년 미만 기업 또는 예비창업자
- 반도체ㆍAIㆍ바이오헬스 등 딥테크 분야에 해당하는 기업
☞ 용인 x KAIST 딥테크 액셀러레이팅 프로그램 지원
- (1단계) 딥테크 분야 특화 사업화 및 투자유치 역량 강화 교육 제공, KAIST청년창업투자지주㈜ 전문가 멘토링 및 컨설팅 지원
- (2단계) 1:1 IR 컨설팅 및 발표자료 디자인 등 제작, 데모데이 발표 기회 및 전문 투자자 네트워킹 제공
- (3단계) 데모데이 우수 3개사 사업화ㆍ마케팅 지원사업 참여 및 지원금 지원(1위 1,000만원, 2위 700만원, 3위 500만원)",창업,용인시산업진흥원,경기도,창업벤처,초기창업기업,,,,,,,사업화지원,2026-05-22,2026-06-19,,온라인 접수 (이벤터스),온라인 접수 (이벤터스),https://www.bizinfo.go.kr/sii/siia/selectSIIA200Detail.do?pblancId=PBLN_000000000122330,main,primary,경기용인시2026년deeptechstartupbatch참가자모집공고,용인시산업진흥원,2026-05-22~2026-06-19,창업,사업화지원
biz,PBLN_000000000122329,[울산] 2026년 제조데이터 기반 AI 활용 컨설팅 지원기업 모집 공고,"지역특화 제조데이터 활성화 사업의 일환으로 지역 주력산업과 연계하여 중소 제조기업의 AIㆍ제조데이터 도입 및 활용 역량을 제고하는 컨설팅 지원사업을 추진하오니, 사업 참여를 희망하는 기관은 신청하시기 바랍니다.
☞ 울산 지역 자동차 부품 산업의 중소중견기업
☞ 지역기업의 현장문제 해결을 위한 제조데이터 기반 AI 활용 컨설팅 지원(진단 및 분석, AI 활용 과제 도출, AI 전환 추진 로드맵 수립)",경영,울산테크노파크,울산광역시,중소기업,중소기업,,,,,,,컨설팅,2026-05-18,2026-09-25,,이메일 접수(sbhong@kpc.or.kr),이메일 접수(sbhong@kpc.or.kr),https://www.bizinfo.go.kr/sii/siia/selectSIIA200Detail.do?pblancId=PBLN_000000000122329,main,primary,울산2026년제조데이터기반ai활용컨설팅지원기업모집공고,울산테크노파크,2026-05-18~2026-09-25,경영,컨설팅
biz,PBLN_000000000122328,[울산] 2026년 2차 소규모사업장 노후 안전시설 개선 지원사업 참여기업 모집 공고,"2026년도 울산광역시와 울산테크노파크에서는「2026 소규모사업장 노후 안전시설 개선 지원사업」의 일환으로 다음 지원프로그램을 안내하오니, 해당 프로그램 참여를 희망하는 울산 지역 중소기업의 많은 신청 바랍니다.
☞ 울산시 소규모사업장 안전진단 및 안전컨설팅 수혜기업 중 50인 미만 중소사업장
- 2016~2026년 울산 지방산단 기업체 안전진단 사업 참여기업
- 2016~2026년 울산 국가산단 소규모 영세사업장 안전컨설팅 참여기업
☞ 노후 안전시설 개선지원 (기업당 최대 1,000만원 이내)
- 추락ㆍ끼임ㆍ화재 방지 설비 등 산업현장 위험요인 제거를 위한 노후 안전 시설 개선 지원",인력/일자리,울산테크노파크,울산광역시,중소기업,중소기업,,,,,,,작업환경개선,2026-05-19,2026-05-29,,온라인 접수(울산테크노파크 기업지원사업 관리시스템),온라인 접수(울산테크노파크 기업지원사업 관리시스템),https://www.bizinfo.go.kr/sii/siia/selectSIIA200Detail.do?pblancId=PBLN_000000000122328,main,primary,울산2026년2차소규모사업장노후안전시설개선지원사업참여기업모집공고,울산테크노파크,2026-05-19~2026-05-29,인력,작업환경개선
biz,PBLN_000000000122327,[경기] 2026년 일ㆍ생활 균형 제도 도입 지원 컨설팅 참여기업 모집 공고,"경기도 노사민정협의회에서는 도내 중소ㆍ영세기업의 일ㆍ생활 균형, 노동환경 개선을 위해 일ㆍ생활 균형 제도 도입, 정부ㆍ지자체 지원사업 및 지원금 안내, 인사ㆍ노무관리 등 기업 맞춤형 무료 컨설팅을 지원하오니 많은 참여 바랍니다.
☞ 경기도에 소재지를 둔 상시근로자 10인 이상 중소기업
☞ 유연근무, 시차출퇴근제, 육아지원 3법, 주 4.5일제 등 일ㆍ생활 균형 제도 도입 지원
- 사업자에서 활용 가능한 정부ㆍ지자체 지원사업 및 지원금 안내
- 인사ㆍ노무관리, 취업규칙, 개정 노동관계법령 준수 등 기업 규정 정비 등 지원",경영,경기도 노사민정협의회,경기도,중소기업,중소기업,,,,,,,컨설팅,선착순 접수,,,이메일 접수(eogurrkd@gyef.or.kr),이메일 접수(eogurrkd@gyef.or.kr),https://www.bizinfo.go.kr/sii/siia/selectSIIA200Detail.do?pblancId=PBLN_000000000122327,main,primary,경기2026년일ㆍ생활균형제도도입지원컨설팅참여기업모집공고,경기도노사민정협의회,선착순 접수~,경영,컨설팅
biz,PBLN_000000000122326,[서울] 2026년 2차 일본(큐텐재팬) 진출 지원사업 참여기업 모집 공고,"서울경제진흥원은 일본 온라인 시장 진출을 희망하는 서울 중소기업을 대상으로 큐텐재팬 입점 및 판매를 지원합니다. 다음과 같이 참가기업을 모집하오니, 우수한 상품을 보유한 서울 소재 중소기업의 많은 참여를 바랍니다.
☞ 자체 브랜드(상품)를 보유한 서울 소재 중소기업, 큐텐재팬 입점 완료 기업(큐텐재팬 셀러 ID 제출 필수)
☞ (공통) 광고운영비, 기획전 프로모션, 전용 할인 쿠폰 지원
- (비기너) 마케팅 교육, 공식 SNS 홍보 지원
- (어드밴스드) 메인 배너 노출, 단독 앱푸쉬 발송, 라이브커머스 지원",판로/수출,서울경제진흥원,서울특별시,중소기업,중소기업,,,,,,,해외진출준비,2026-05-18,2026-05-29,,온라인 접수(서울경제진흥원),온라인 접수(서울경제진흥원),https://www.bizinfo.go.kr/sii/siia/selectSIIA200Detail.do?pblancId=PBLN_000000000122326,main,primary,서울2026년2차일본큐텐재팬진출지원사업참여기업모집공고,서울경제진흥원,2026-05-18~2026-05-29,수출,해외진출준비
biz,PBLN_000000000122325,2026년 대전 도심 공실 활용 스마트팜 조성사업 운영사 모집 공고,"대전광역시에서는 디지털 농업 전환 추세에 따른 도심 속 공실 건물 등을 활용한 스마트팜 조성으로 회색도시 활력도모와 먹거리 생산 및 일자리 창출을 위하여 장비 및 설비 구축 등 비용을 지원해주는 「도심 공실 활용 스마트팜 조성사업」을 다음과 같이 공고합니다.
☞ 자부담 430백만원을 자기자금으로 조달이 가능한 국내 농업인, 농업법인, 중소기업
※ 자세한 지원대상 공고문 참조
☞ 스마트팜 전문 생산 시설, 그 외 부대시설 지원
- 철거비, 리모델링, 캐노피 설치ㆍ스마트팜 조성 등 시설 구축비 지원
※ 자세한 지원사항 공고문 및 첨부자료 참조",경영,대전일자리경제진흥원,대전광역시,중소기업,중소기업,,,,,,,시설/입지지원,2026-06-29,2026-06-30,,"방문 접수
- 접수처 : 대전시 동구 계족로 151 대전지식산업센터 4층 411호","방문 접수
- 접수처 : 대전시 동구 계족로 151 대전지식산업센터 4층 411호",https://www.bizinfo.go.kr/sii/siia/selectSIIA200Detail.do?pblancId=PBLN_000000000122325,main,primary,2026년대전도심공실활용스마트팜조성사업운영사모집공고,대전일자리경제진흥원,2026-06-29~2026-06-30,경영,시설/입지지원
biz,PBLN_000000000122324,[서울] 2026년 2차 동남아(쇼피) 온라인 시장 진출 지원사업 참여기업 모집 공고,"서울경제진흥원은 동남아 온라인 시장 진출을 희망하는 서울 중소기업을 대상으로 쇼피 입점 및 판매를 지원하고자 다음과 같이 참여기업을 모집하오니, 우수한 상품을 보유한 서울 소재 중소기업의 많은 참여를 바랍니다.
☞ 자체 브랜드(상품)를 보유한 서울 소재 중소기업
☞ (공통지원) 동남아/중남미 8개국(마켓) 입점/확장 지원, 할인 쿠폰 및 리베이트 지원(가격경쟁력 확보 지원), 국가별 공동 프로모션 지원, 운영을 지원하기 위한 애로해소센터(네이버밴드), 뉴스레터 발송 
- (비기너 대상 추가 지원) 신규 입점기업 대상 판매수수료 3개월 인하(0%로 인하) 지원, 입점 지원 교육",판로/수출,서울경제진흥원,서울특별시,중소기업,중소기업,,,,,,,해외진출준비,2026-05-21,2026-06-04,,온라인 접수(서울경제진흥원),온라인 접수(서울경제진흥원),https://www.bizinfo.go.kr/sii/siia/selectSIIA200Detail.do?pblancId=PBLN_000000000122324,main,primary,서울2026년2차동남아쇼피온라인시장진출지원사업참여기업모집공고,서울경제진흥원,2026-05-21~2026-06-04,수출,해외진출준비
biz,PBLN_000000000122322,[충북] 2026년 무역플랫폼 활용 화상상담회 지원사업 참여기업 모집 공고,"충청북도와 청주상공회의소는 도내 수출기업의 글로벌 경쟁력 강화를 위해 무역플랫폼(EC21) 활용하여 제품 홍보 및 바이어와의 비대면 마케팅 상담회를 주선하는「2026 무역플랫폼 활용 화상상담회」사업을 개최하오니 관련 기업들의 많은 참여 바랍니다.
☞ 충북에 본사 또는 공장이 소재하는 중소ㆍ중견기업
☞ 무역플랫폼 내 입점 및 상품페이지 등록, 바이어 발굴 및 화상상담회 개최 등 지원",판로/수출,청주상공회의소,충청북도,중소기업,중소기업,,,,,,,해외진출준비,2026-05-20,2026-06-08,,온라인 접수(충북 글로벌 마케팅 시스템),온라인 접수(충북 글로벌 마케팅 시스템),https://www.bizinfo.go.kr/sii/siia/selectSIIA200Detail.do?pblancId=PBLN_000000000122322,main,primary,충북2026년무역플랫폼활용화상상담회지원사업참여기업모집공고,청주상공회의소,2026-05-20~2026-06-08,수출,해외진출준비
biz,PBLN_000000000122321,[서울] 2026년 중소기업 ISO 인증 지원 참여기업 모집 공고,"서울경제진흥원(SBA)은 서울시 중소기업이 ISO 인증 취득을 통해 내부 시스템 개선 및 대외 경쟁력을 확보하고 지속 가능한 사업 성장 기반을 효과적으로 구축할 수 있도록 「서울시 중소기업 ISO 인증 지원사업」을 다음과 같이 공고하오니, ISO 인증 취득을 위한 무료 컨설팅 및 인증취득비 지원을 희망하는 기업의 많은 관심과 참여 바랍니다.
☞ 서울 소재 본사, 지점 또는 사업장을 둔 ISO 인증 신규 취득 희망 중소기업
- 접수 마감일 기준 근로자 5인 이상인 중소기업에 한함
- (지원 규격) 5개 ISO 인증 규격 중 1개를 선택하여 지원 신청 : ISO 9001(품질), 14001(환경), 45001(안전·보건), 37001(부패방지), 37301(준법경영)
☞ ISO 인증 컨설팅 제공, 인증취득비 지원, 규제ㆍ경영애로 상담 지원",기술,서울경제진흥원,서울특별시,중소기업,중소기업,,,,,,,시험/인증,2026-05-20,2026-06-12,,온라인 접수 (서울경제진흥원 홈페이지),온라인 접수 (서울경제진흥원 홈페이지),https://www.bizinfo.go.kr/sii/siia/selectSIIA200Detail.do?pblancId=PBLN_000000000122321,main,primary,서울2026년중소기업iso인증지원참여기업모집공고,서울경제진흥원,2026-05-20~2026-06-12,기술,시험/인증
biz,PBLN_000000000122320,[경북]  포항시 CES 2027 공동관 운영사업 참여기업 모집 공고,"포항시와 (재)포항테크노파크에서는 디지털융합분야 창업ㆍ중소기업의 글로벌 비즈니스 환경조성 및 시장진출을 위하여「CES 2027 포항시 공동관(유레카관, 일반관)」에 참가를 희망하는 기업을 다음과 같이 모집하오니 관심 있는 기업의 많은 참여 바랍니다.
☞ (공통) 포항시內 사업장(본사, 공장, 연구소)을 보유한 창업기업 , 출품할 제품 및 기술은 디바이스 또는 모형 등을 활용하여 전시 및 시연이 가능해야 함
- (유레카관) CES 주최(CTA) 측 승인 기준에 부합하는 기업
- (일반관) 포항시內 사업장(본사, 공장, 연구소)을 보유한 창업기업 
- 전시분야 : AI, VR/AR, 드론, 자동차, Iot, 스마트홈, SW, 스마트시티 등
※ 자세한 지원대상 공고문 참조
☞ 전시 부스 임차ㆍ장치 지원, 전시부스 시설장치 및 비품 임차 지원, 브로슈어(디렉토리북) 제작 지원
- (유레카관) 창업진흥원 연계 CES 2027 혁신상 컨설팅 지원",판로/수출,포항테크노파크,경상북도,중소기업,중소기업,,,,,,,해외진출,2026-05-26,2026-06-30,,온라인 접수(포항테크노파크),온라인 접수(포항테크노파크),https://www.bizinfo.go.kr/sii/siia/selectSIIA200Detail.do?pblancId=PBLN_000000000122320,main,primary,경북포항시ces2027공동관운영사업참여기업모집공고,포항테크노파크,2026-05-26~2026-06-30,수출,해외진출
biz,PBLN_000000000122319,[서울] 2026년 2차 칠레(메르카도리브레) 온라인 시장 진출 지원사업 참여기업 모집 공고,"서울경제진흥원은 남미(칠레) 온라인 시장 진출을 희망하는 서울 중소기업을 대상으로 메르카도리브레 입점 및 판매를 지원합니다. 다음과 같이 참가기업을 모집하오니, 우수한 상품을 보유한 서울 소재 중소기업의 많은 참여를 바랍니다.
☞ 자체 브랜드(상품) 보유 및 사업장, 연구소, 지점 등이 서울에 소재한 중소기업
※ 단, ① 제품 카탈로그 및 상세페이지 자료 제공이 가능해야 하며,
② 인증이 필요한 제품군의 경우, 인증 필요 서류 제출이 가능한 기업이어야 함
☞ 입점, 콘텐츠 현지화, 프로모션, 물류/통관 지원
- 입점 지원 : 메르카도리브레 SBA 기획관(링크) 입점 및 상품 등록, 판매 채널 구축
- 콘텐츠 현지화 : 스페인어 번역 및 현지 최적화 콘텐츠 제작(기업당 5 SKU 기준)
- 프로모션 : 주요 쇼핑 시즌별 할인 프로모션, 온/오프라인 연계 광고ㆍ마케팅 지원
- 물류/통관 : 협력기관 직사입 기반 풀필먼트(보관, 배송, CS 등) 대행
※ 추가지원 등 자세한 지원내용 공고문 참조",판로/수출,서울경제진흥원,서울특별시,중소기업,중소기업,,,,,,,해외진출,2026-05-21,2026-06-04,,온라인 접수 (SBA 홈페이지),온라인 접수 (SBA 홈페이지),https://www.bizinfo.go.kr/sii/siia/selectSIIA200Detail.do?pblancId=PBLN_000000000122319,main,primary,서울2026년2차칠레메르카도리브레온라인시장진출지원사업참여기업모집공고,서울경제진흥원,2026-05-21~2026-06-04,수출,해외진출
biz,PBLN_000000000122318,[대구] 군위군 2026년 2차 식품산업 밸류업(value-up) 프로젝트 사업 참여기업 모집 공고(시군구 연고산업 협업프로젝트),"중소벤처기업부, 대구광역시청, 군위군청이 지원하는 2026년 군위 식품산업 밸류업 프로젝트 사업을 안내하오니 해당 프로그램의 참여를 희망하는 군위군 지역기업들의 많은 참여 바랍니다.
☞ 사업공고일 현재 사업자등록증의 본점 또는 사업장 소재지(공장, 기업부설연구소)가 대구광역시 군위군인 식품산업 관련 중소기업
☞ 혁신화&성장촉진, 사업화 지원
- 혁신화&성장촉진 : 고부가가치화 컨설팅 지원
- 사업화 지원 : 시제품 및 제품고급화, 인증 시험, 지식재산권, 디자인 개발 지원, 마케팅, 전시회 및 홍보물 제작, 기술닥터 지원
※ 자세한 지원내용 공고문 참조",경영,대구테크노파크,대구광역시,중소기업,중소기업,,,,,,,디자인/상품화/사업화,2026-05-21,2026-06-12,,온라인 접수 (기업지원사업 관리시스템),온라인 접수 (기업지원사업 관리시스템),https://www.bizinfo.go.kr/sii/siia/selectSIIA200Detail.do?pblancId=PBLN_000000000122318,main,primary,대구군위군2026년2차식품산업밸류업valueup프로젝트사업참여기업모집공고시군구연고산업협업프로젝트,대구테크노파크,2026-05-21~2026-06-12,경영,디자인/상품화/사업화
biz,PBLN_000000000122317,2026년 FOOD WEEK KOREA 참가 지원기업 모집 공고,"농림축산식품부와 한국농수산식품유통공사(aT)에서는 국내 유망 농식품 기업의 판로개척 지원을 위해 코엑스와 함께 개최하는「FOOD WEEK KOREA 2026」참가 지원기업을 모집하오니, 많은 관심 바랍니다.
☞ 국내 농식품 수출기업
- 전시품목 : 국내외 식품/음료, 수출 유망품목, 푸드테크, 외식/급식 솔루션 등
☞ 부스 참가비 및 1:1 매칭 비즈니스 상담",판로/수출,한국농수산식품유통공사,전국,중소기업,중소기업,,,,,,,오프라인,2026-05-20,2026-06-08,,온라인 접수(aT수출종합지원시스템),온라인 접수(aT수출종합지원시스템),https://www.bizinfo.go.kr/sii/siia/selectSIIA200Detail.do?pblancId=PBLN_000000000122317,main,primary,2026년foodweekkorea참가지원기업모집공고,한국농수산식품유통공사,2026-05-20~2026-06-08,내수,오프라인
biz,PBLN_000000000122316,[인천] 2026년 IFEZ ESG 경영 컨설팅 참여 기업 모집 공고(인천공급망ESG지원센터),"인천상공회의소는 ‘인천공급망ESG지원센터’ 사업의 일환으로 인천광역시 경제자유구역 소재 중소기업의 ESG 경영 부담을 완화하고 ESG 역량 및 수출경쟁력 강화를 위해 붙임과 같이 ‘IFEZ ESG 경영 컨설팅’을 진행하오니 인천광역시경제자유구역 내 중소기업의 많은 관심과 참여 바랍니다.
☞ 인천광역시 경제자유구역에 본사 또는 공장을 보유한 중소기업
※ 본사, 본점, 공장, 지사, 영업소 등 사업장이 인천광역시 내에 소재한 중소기업
- 인천광역시소재사업자등록증(또는공장등록증), 중소기업확인서(중소기업현황정보시스템)
☞ 경영 컨설팅, 참여기업 간담회, 현장심층진단 및 진단보고서 제공, 개선과제 도출 및 실행 전략 수립, 이행점검 및 최종보고서 제공 지원
※ 자세한 지원내용 공고문 참조",경영,인천상공회의소,인천광역시,중소기업,중소기업,,,,,,,컨설팅,2026-05-20,2026-06-04,,온라인 접수 (비즈오케이),온라인 접수 (비즈오케이),https://www.bizinfo.go.kr/sii/siia/selectSIIA200Detail.do?pblancId=PBLN_000000000122316,main,primary,인천2026년ifezesg경영컨설팅참여기업모집공고인천공급망esg지원센터,인천상공회의소,2026-05-20~2026-06-04,경영,컨설팅
biz,PBLN_000000000122314,[인천] 서구 2026년 해외바이어 화상 수출상담회(말레이시아) 참가기업 모집 공고,"인천광역시서구에서는 중소기업의 해외시장 판로개척 지원을 위해 「2026년 해외바이어 화상 수출상담회」에 참가할 기업을 모집하오니, 해외시장 진출을 희망하는 기업의 많은 신청바랍니다. 
☞ 서구지역 관내 중소제조기업(본사 또는 공장소재 기업)
※ 서구지역(법정동) : 검암동, 경서동, 공촌동, 연희동, 심곡동, 청라동, 가정동, 신현동, 원창동, 석남동, 가좌동
- 신청품목 : 종합품목
☞ 맞춤형 컨설팅을 통한 타겟 바이어 발굴 및 화상상담 지원",판로/수출,기초자치단체,인천광역시,중소기업,중소기업,,,,,,,시장개척,2026-05-20,2026-06-02,,온라인 접수 (비즈오케이),온라인 접수 (비즈오케이),https://www.bizinfo.go.kr/sii/siia/selectSIIA200Detail.do?pblancId=PBLN_000000000122314,main,primary,인천서구2026년해외바이어화상수출상담회말레이시아참가기업모집공고,기초자치단체,2026-05-20~2026-06-02,수출,시장개척
biz,PBLN_000000000122313,2026년 보건산업혁신창업센터 혁신창업멤버스 기업 모집 연장 공고,"‘보건산업혁신창업센터’에서는 국내 바이오헬스산업의 글로벌 경쟁력 강화와 창업활성화를 위해 바이오헬스 분야 유망 예비창업자 및 창업기업을 대상으로 혁신창업 멤버스를 모집합니다. 관심있는 바이오헬스 창업기업의 많은 신청 바랍니다.
☞ 바이오헬스 분야 예비창업자 및 창업기업
- 유형① 입주기업(상주) 예비창업자 및 창업 3년 이내
바이오헬스 기업
- 유형② 멤버십기업(비상주) 창업 10년 이내 바이오헬스 기업
☞ (공간지원) 사무공간 및 공용공간(공용회의실, 라운지 등) 지원
- (프로그램) 사업화 진단, 전담멘토 매칭, 교육, 네트워킹 등 지원",창업,한국보건산업진흥원,보건복지부,창업벤처,초기창업기업,,,,,,,창업공간지원,2026-04-27,2026-06-01,,온라인 접수(보건산업혁신창업센터),온라인 접수(보건산업혁신창업센터),https://www.bizinfo.go.kr/sii/siia/selectSIIA200Detail.do?pblancId=PBLN_000000000122313,main,primary,2026년보건산업혁신창업센터혁신창업멤버스기업모집연장공고,한국보건산업진흥원,2026-04-27~2026-06-01,창업,창업공간지원
biz,PBLN_000000000122312,[경기] 북부 2026년 소상공인 IP창출 종합패키지(브랜드ㆍ디자인 융합) 사업 참여기업 모집 공고,"소상공인의 지식재산 피해를 예방하고 안정적 성장을 돕기 위하여, 시장ㆍ제품 특성이 반영된 브랜드와 디자인 융합 개발을 지원하고 소상공인이 보유한 지식재산을 권리로 보호하기 위한 「소상공인 IP창출 종합패키지 (브랜드&디자인 융합)」 지원 사업을 시행하오니 희망하는 소상공인은 아래에 따라 신청하여 주시기 바랍니다.
☞「소상공인기본법」제2조에 따른 소상공인(사업자등록증 보유)
※ 관할구역 : 포천, 연천, 동두천, 의정부, 남양주, 양주, 고양, 파주, 가평, 구리
☞ 상표ㆍ디자인 각 1건 이상 IP출원, 컨설팅보고서ㆍ디자인적용가이드, IP교육 등 지원
- 브랜드 개발(네이밍, 로고, 캐릭터 등)
- 디자인 개발(포장디자인)",경영,경기북부지식재산센터,경기도,소상공인,소상공인,,,,,,,디자인/상품화/사업화,2026-05-19,2026-06-15,,온라인 접수 (지역지식재산센터 사업관리시스템),온라인 접수 (지역지식재산센터 사업관리시스템),https://www.bizinfo.go.kr/sii/siia/selectSIIA200Detail.do?pblancId=PBLN_000000000122312,main,primary,경기북부2026년소상공인ip창출종합패키지브랜드ㆍ디자인융합사업참여기업모집공고,경기북부지식재산센터,2026-05-19~2026-06-15,경영,디자인/상품화/사업화
biz,PBLN_000000000122311,[인천] 서구 2026년 검단지역 해외바이어 화상 수출상담회(말레이시아) 참가기업 모집 공고,"인천광역시서구에서는 중소기업의 해외시장 판로개척 지원을 위해 「(검단지역)2026년 해외바이어 화상 수출상담회」에 참가할 기업을 모집하오니, 해외시장 진출을 희망하는 기업의 많은 신청바랍니다. 
☞ 검단지역 관내 중소제조기업(본사 또는 공장소재 기업)
※검단지역(법정동) : 대곡동, 불로동, 금곡동, 마전동, 오류동, 왕길동, 당하동, 원당동, 백석동, 시천동
- 신청품목 : 종합품목
☞ 맞춤형 컨설팅을 통한 타겟 바이어 발굴 및 화상상담 지원",판로/수출,기초자치단체,인천광역시,중소기업,중소기업,,,,,,,시장개척,2026-05-20,2026-06-02,,온라인 접수 (비즈오케이),온라인 접수 (비즈오케이),https://www.bizinfo.go.kr/sii/siia/selectSIIA200Detail.do?pblancId=PBLN_000000000122311,main,primary,인천서구2026년검단지역해외바이어화상수출상담회말레이시아참가기업모집공고,기초자치단체,2026-05-20~2026-06-02,수출,시장개척
biz,PBLN_000000000122310,[인천] 2026년 6차산업 패키지 지원 사업 모집 공고,"인천광역시와 인천테크노파크에서는 관내 농촌융복합산업 인증경영체의 온라인 판로 확대 및 홍보 경쟁력 강화를 위하여「2026년 6차산업 패키지지원사업」 참여기업을 모집하오니 많은 신청 바랍니다.
☞ 인천 관내 농촌융복합산업 인증경영체(예비 인증자 포함)
☞ 상세페이지 제작, 개별 카탈로그 제작, 온라인 마케팅 (기업당 최대 5,000천원 한도) 지원
- 상세페이지 제작 : 제품기획, 카피라이팅, 디자인, 사진촬영, 모바일 최적화
- 개별 카탈로그 제작 : 기획, 편집, 디자인, 사진촬영, 기본인쇄
- 온라인 마케팅 : SNS 콘텐츠, 광고집행, 숏폼제작, 온라인 플랫폼 홍보",판로/수출,인천테크노파크,인천광역시,중소기업,중소기업,,,,,,,홍보지원,2026-05-20,2026-06-19,,온라인 접수 (비즈오케이),온라인 접수 (비즈오케이),https://www.bizinfo.go.kr/sii/siia/selectSIIA200Detail.do?pblancId=PBLN_000000000122310,main,primary,인천2026년6차산업패키지지원사업모집공고,인천테크노파크,2026-05-20~2026-06-19,내수,홍보지원
biz,PBLN_000000000122309,2026년 바이오 의료기기 해외 진출 지원 제로트러스트 기반구축사업 참여기업 상시 지원 모집 공고,"2026년부터 산업통상자원부가 시행하는 바이오산업기반구축사업 내「바이오의료기기 해외진출지원 제로트러스트 기반구축」과제를 수행하고 있는 건양대학교 산학협력단입니다. 본 과제는 제품의 잠재적 사용오류 및 유용성 개선 등을 통해 국내 의료기기 제품의 글로벌 인허가 대응력 강화를 위한 지원을 수행하고 있습니다. 본 사업단에서 지원하는 분야에 대한 상세 내용을 아래와 같이 공고하오니, 참여를 희망하는 역량있는 기업들의 많은 신청 바랍니다.
☞ 해외 시장 진출을 목표로 하며, 지원이 필요한 경쟁력 있는 바이오 의료기기 제조 기업(HWSW)
- 해외 인증(FDA, MDR 등)을 준비 중인 의료기기 제조기업
- 신제품 출시 및 수출 확대를 계획 중인 기업
☞ 수요기업 및 공급기관 매칭을 통한 공급기관 직접 지원
- 바이오 의료기기 내구성 설계 검토, 제품구조에 맞는 강도시험, 피로도 시험, ISO 13485에 따른 설계 산출물 작성, 바이오 의료기기 IEC60601 series 시험 지원",기술,한국산업기술시험원,전국,중소기업,중소기업,,,,,,,기술사업화/이전/지도,모집 마감시까지,,,이메일 접수(vision21@ktl.re.kr),이메일 접수(vision21@ktl.re.kr),https://www.bizinfo.go.kr/sii/siia/selectSIIA200Detail.do?pblancId=PBLN_000000000122309,main,primary,2026년바이오의료기기해외진출지원제로트러스트기반구축사업참여기업상시지원모집공고,한국산업기술시험원,모집 마감시까지~,기술,기술사업화/이전/지도
biz,PBLN_000000000122308,2026년 경기도 동부권역 창업가 모집 공고(지역 가치 창업가 육성 지원사업),"경기도와 여주시, 경기콘텐츠진흥원은 경기 동부권역의 풍부한 지역 자원을 발굴하고, 창의적인 아이디어를 접목하여 지역 경제 활성화를 이끌어갈 ‘2026 지역가치 창업가‘를 아래와 같이 모집하오니 많은 관심과 지원을 바랍니다.
☞ 경기도 동부권역 (예비)창업자, 기창업자
- (예비창업자) 경기도 동부권역 ‘지역가치 창업가’로 창업을 희망하는 (예비)창업자, 사업자등록증 상 2026년 1월 1일 이후 창업한 기 창업자
- (기창업자) 기존 사업의 2차 브랜드로써 지역자원을 활용하여 콘텐츠 장르와 연계한 사업을 경기 동부권역으로 확장하고자 하는 기창업자
※ 기창업자: 2023. 1. 1. ~2025. 12. 31. 창업을 한 기창업자
※ 동부권역: 가평, 광주, 구리, 남양주, 양평, 여주, 이천, 하남
☞ 집합 교육(2일)ㆍ온라인 교육(1일), 아이디어 워크샵(1일), 선진지 견학(1일) 지원
- 창업 지원금지원, 창업 활동 운영, 멘토링 지원",창업,경기콘텐츠진흥원,경기도,창업벤처,초기창업기업,,,,,,,사업화지원,2026-05-22,2026-06-19,,이메일 접수 (ask@myshoponshop.co.kr),이메일 접수 (ask@myshoponshop.co.kr),https://www.bizinfo.go.kr/sii/siia/selectSIIA200Detail.do?pblancId=PBLN_000000000122308,main,primary,2026년경기도동부권역창업가모집공고지역가치창업가육성지원사업,경기콘텐츠진흥원,2026-05-22~2026-06-19,창업,사업화지원
biz,PBLN_000000000122307,[인천] 부평구 2026년 베트남(호치민) 수출 통상촉진단 참가업체 모집 공고,"인천광역시 부평구 중소(제조)업체를 대상으로 베트남(호치민) 수출 통상촉진단 참여를 지원해드리는 사업입니다.
☞ 인천 부평구에 본사 또는 공장을 보유한 중소(제조)업체 (단, 전년도 수출실적 2천만불 이하 업체)
☞ 바이어 발굴 및 매칭, 상담회 운영, 왕복 항공료(50%, 1社 1人 한정), 상담장, 통역(1일), 고용차량(공항↔호텔) 지원",판로/수출,인천테크노파크,인천광역시,중소기업,중소기업,,,,,,,시장개척,2026-05-18,2026-05-29,,"온라인 접수 (비즈오케이)
※ 참가기업 외국어(영어)자료 필수","온라인 접수 (비즈오케이)
※ 참가기업 외국어(영어)자료 필수",https://www.bizinfo.go.kr/sii/siia/selectSIIA200Detail.do?pblancId=PBLN_000000000122307,main,primary,인천부평구2026년베트남호치민수출통상촉진단참가업체모집공고,인천테크노파크,2026-05-18~2026-05-29,수출,시장개척
biz,PBLN_000000000122306,2026년 1차 대중음악 해외 쇼케이스(Korea Spotlight) 뮤지션 및 비즈니스 참가기업 모집 공고,"한국콘텐츠진흥원은 한국 대중음악 뮤지션의 해외시장 진출을 위해 대중음악 해외 쇼케이스(Korea Spotlight) 참가 뮤지션과 비즈니스 참가기업을 아래와 같이 모집하오니 많은 관심과 참여 바랍니다.
☞ (쇼케이스) 해외진출 예정 또는 추진 중인 국내 뮤지션
- (비즈니스) 소속 뮤지션의 해외진출을 추진 중인 국내 레이블 또는 음악 관련 해외 비즈니스 수요가 있는 기업
※ 자세한 지원대상 공고문 참조
☞ (쇼케이스) 코리아 스포트라이트(Korea Spotlight) 쇼케이스 개최
- (비즈니스) 참가뮤지션 비즈니스 담당자 대상 비즈니스 교류 이벤트 운영
※ 자세한 지원내용 공고문 참조",판로/수출,한국콘텐츠진흥원,전국,중소기업,중소기업,,,,,,,해외진출,2026-05-20,2026-06-10,,"온라인 접수(대중음악 해외 쇼케이스 참가기업 모집 홈페이지)
- (쇼케이스) https://kocca.spectory.net/spotlightshowcase
- (비즈니스) https://kocca.spectory.net/spotlightbiz","온라인 접수(대중음악 해외 쇼케이스 참가기업 모집 홈페이지)
- (쇼케이스) https://kocca.spectory.net/spotlightshowcase
- (비즈니스) https://kocca.spectory.net/spotlightbiz",https://www.bizinfo.go.kr/sii/siia/selectSIIA200Detail.do?pblancId=PBLN_000000000122306,main,primary,2026년1차대중음악해외쇼케이스koreaspotlight뮤지션및비즈니스참가기업모집공고,한국콘텐츠진흥원,2026-05-20~2026-06-10,수출,해외진출
biz,PBLN_000000000122305,[경기] 양주시 2026년 음식점 미세먼지ㆍ악취 방지시설 설치 지원사업 공고,"도심 생활권 내 음식점에서의 미세먼지ㆍ악취 물질 배출을 저감하는 방지시설의 설치를 지원하여 생활 주변 쾌적한 대기환경 조성을 유도하기 위해 추진하는 「2026년 음식점 미세먼지ㆍ악취 방지시설 설치 지원사업(양주시)」을 다음과 같이 공고하오니 지원을 희망하는 기업은 경기환경에너지진흥원으로 신청하여 주시기 바랍니다.
☞ 공고일 기준 사업대상 지역에 소재한 미세먼지ㆍ악취 배출 음식점
☞ 미세먼지ㆍ악취 방지시설(음식점 1개소당 최대 2,700만원 이내) 지원
- 세라믹 필터, 흡착에 의한 시설, 전기 집진시설, 복합 방지시설, 기타 시설 지원",경영,경기환경에너지진흥원,경기도,소상공인,소상공인,,,,,,,시설/입지지원,예산 소진시까지,,,"방문 및 우편 접수
- 접수처 : 경기도 김포시 돌문로43, 4층 경기환경에너지진흥원 환경본부 환경사업팀
※ 정부화일(황화일 등 색상무관)에 구비서류 순서대로 파일철하여 원본1부 제출","방문 및 우편 접수
- 접수처 : 경기도 김포시 돌문로43, 4층 경기환경에너지진흥원 환경본부 환경사업팀
※ 정부화일(황화일 등 색상무관)에 구비서류 순서대로 파일철하여 원본1부 제출",https://www.bizinfo.go.kr/sii/siia/selectSIIA200Detail.do?pblancId=PBLN_000000000122305,main,primary,경기양주시2026년음식점미세먼지ㆍ악취방지시설설치지원사업공고,경기환경에너지진흥원,예산 소진시까지~,경영,시설/입지지원
biz,PBLN_000000000122304,[경북] 2026년 서남아 소비재 무역사절단 참가기업 모집 공고,"경상북도와 KOTRA 대구경북지원본부 구미분소에서는 도내 수출유망 중소기업의 서남아 시장 판로개척을 위하여 아래와 같이 해외 파견단을 모집하오니 관심기업의 많은 신청 바랍니다.
☞ 경북도내 소재한 중소기업
- 아래 3가지 중 1가지 조건 이상 충족시 지원 (전년도 또는 당해연도 기준)
① 경북도내 소재한 공장등록증 보유 중소기업
② 제조시설면적 500m2 미만으로 건물건축물대장 용도가 경북도내 소재로 공장 또는 제조업소로 명시된 기업
③ 수출신고필증 내 수출대행자 또는 수출화주 또는 제조자가 경북소재로 표기
- 품목 : 화장품 및 뷰티 디바이스(에스테틱, 피부측정 등), 관련 서비스 등
☞ 서남아 소비재 무역사절단 참가 지원
- 현지 바이어 섭외 및 1:1 수출상담회 주선, 통역, 현지 이동 및 식사(공식일정)
- 현지 전시회 참가 및 유통망 입점 연계 지원
- 최종 선정 업체당 1명 왕복 항공료 50% 지원(이코노미석 기준)",판로/수출,KOTRA대구경북지원본부,경상북도,중소기업,중소기업,,,,,,,시장개척,2026-05-21,2026-06-12,,"온라인 접수 후 이메일 접수
- 온라인 : 무역투자24 홈페이지
- 이메일 : lhy31@kotra.or.kr (제출서류를 KOTRA구미분소 담당자에게 별도 제출)","온라인 접수 후 이메일 접수
- 온라인 : 무역투자24 홈페이지
- 이메일 : lhy31@kotra.or.kr (제출서류를 KOTRA구미분소 담당자에게 별도 제출)",https://www.bizinfo.go.kr/sii/siia/selectSIIA200Detail.do?pblancId=PBLN_000000000122304,main,primary,경북2026년서남아소비재무역사절단참가기업모집공고,kotra대구경북지원본부,2026-05-21~2026-06-12,수출,시장개척
biz,PBLN_000000000122303,2026년 중국 상하이 유통망 PB파트너링 수출상담회 모집 공고,"KOTRA상하이무역관은 중국 현지 유통망과의 협업을 통해 PB(Private Brand)방식으로 중국 시장 진출을 희망하는 국내 소비재 제조기업의 수출 확대를 지원하고자 「2026중국 상하이 유통망 PB파트너링 수출상담회」를 개최합니다. 최근 중국 유통업계에서는 자체 브랜드 상품 확대와 더불어 식품ㆍ화장품ㆍ생활소비재 분야 해외 제조사 협업 수요가 증가하고 있습니다.이에 따라 중국 내 PB상품을 이미 운영 중이거나 향후 확대를 추진 중인 유통망과의 1:1비즈니스 상담을 지원하고자 하오니,관심 있는 기업의 많은 신청 바랍니다.
☞ 중국 유통망과 협업하여 PB 형태로 중국 시장 진출을 희망하는 국내 소비재 제조기업
- 한국 소비재 기업 중 제조 시설을 보유한 기업
- 자체 생산시설을 보유하거나 OEM·ODM 생산관리 역량 보유 기업
- 중국 시장 진출 의지가 높고, 상담 이후 중국 유통망의 PB 개발 수요(기업샘플 발송, 제품 제안, 후속 협의, 공장 실사 등)에 대응 가능한 기업
☞ 중국 유통망ㆍ브랜드 운영사와 국내 제조기업 간 1:1 오프라인 수출 상담매칭, 한-중 상담 통역사 배정 지원",판로/수출,대한무역투자진흥공사,전국,중소기업,중소기업,,,,,,,해외진출준비,2026-05-18,2026-06-05,,온라인 접수 (무역투자24),온라인 접수 (무역투자24),https://www.bizinfo.go.kr/sii/siia/selectSIIA200Detail.do?pblancId=PBLN_000000000122303,main,primary,2026년중국상하이유통망pb파트너링수출상담회모집공고,대한무역투자진흥공사,2026-05-18~2026-06-05,수출,해외진출준비
biz,PBLN_000000000122301,2026년 아프리카 플랜트 기자재 사절단 참가 공고,"안녕하십니까 한국플랜트산업협회입니다. 협회는 우리 플랜트 기자재 기업들의 아프리카 진출 활성화를 위하여, 7월 6일(월)부터 7월 11일(토)까지 아프리카(모잠비크,탄자니아) 플랜트 기자재 사절단을 파견할 예정입니다. 본 사절단에 참가를 희망하시는 기업께서는 다음의 내용과 첨부 파일을 참고하시어 ‘26.6.2(화)까지 제출 서류를 이메일로 접수하여 주시기 바랍니다.
☞ Oil&Gas, 발전, 신재생, 환경, 산업 플랜트 기자재 기업
☞ 비즈니스 포럼, 플랜트 기자재 수출 상담회, 진출 확대 간담회 등 지원
- 협회 지원 사항 : 숙박비, 공식 오(만)찬, 상담장, 버스 임차, 통역
※ 자세한 지원내용 공고문 참조",판로/수출,한국플랜트산업협회,전국,중소기업,중소기업,,,,,,,시장개척,2026-05-20,2026-06-02,,이메일 접수(mj.son@kopia.or.kr),이메일 접수(mj.son@kopia.or.kr),https://www.bizinfo.go.kr/sii/siia/selectSIIA200Detail.do?pblancId=PBLN_000000000122301,main,primary,2026년아프리카플랜트기자재사절단참가공고,한국플랜트산업협회,2026-05-20~2026-06-02,수출,시장개척
biz,PBLN_000000000122300,[전남] 순천시 위성 개발 및 실증 사업 참여기업 모집 공고,"순천형 위성 개발 및 실증사업의 일환으로 27년 발사 예정인 순천형 위성의 부품 개발 및 실증 기업 모집을 공고하오니, 해당 프로그램 참여를 희망하는 기업의 많은 신청 바랍니다.
☞ 지원마감일기준 본점 및 지사가 순천에 소재한 제조업 등록기업, 순천 관내 투자희망 기업 중 제조업 등록기업 
※ 신청시 순천 SAT 개요, 규격 사전 확인 필수(전남TP 제공)
☞ 시제품제작 지원
- 시제품제작 지원(Ⅰ) : 위성 전원 공급 등 주요 부품 중 실증이 완료된 제품 기반 개발 제품(기업당 최대 100,000천원)
- 시제품제작 지원(Ⅱ) : 단순 위성 부품 개발 및 실증 (기업당 최대 30,000천원)",기술,전남테크노파크,전라남도,중소기업,중소기업,,,,,,,기술사업화/이전/지도,2026-05-18,2026-06-05,,"온라인 접수 (전남테크노파크 기업 혁신성장 플랫폼)
※ 제출 서류는 1. 제출서류명_기업명 으로 통일 후 업로드","온라인 접수 (전남테크노파크 기업 혁신성장 플랫폼)
※ 제출 서류는 1. 제출서류명_기업명 으로 통일 후 업로드",https://www.bizinfo.go.kr/sii/siia/selectSIIA200Detail.do?pblancId=PBLN_000000000122300,main,primary,전남순천시위성개발및실증사업참여기업모집공고,전남테크노파크,2026-05-18~2026-06-05,기술,기술사업화/이전/지도
biz,PBLN_000000000122299,경남 첨단나노소재 상용화 허브구축사업 수혜기업 모집 공고,"2026년도 산업통상부ㆍ경상남도ㆍ밀양시가 지원하는「첨단나노소재 상용화 허브구축」사업의 일환으로, 첨단나노소재 분야 상용화 기술지원 및 앵커기업 공급망 진입을 목표로 하는 수혜기업을 아래와 같이 모집하오니, 해당 분야 소재ㆍ부품기업의 많은 신청 바랍니다.
☞「중소기업기본법」 제2조에 따른 중소기업 또는 「중견기업 성장촉진 및 경쟁력 강화에 관한 특별법」 제2조에 따른 중견기업으로서, 소재ㆍ부품 제조업을 영위하며 전자기특성ㆍ초경량/고강도ㆍ고내열/고방열 중 하나 이상의 분야에서 나노소재 적용 기술개발 또는 제품화를 추진 중인 기업
- 수혜기업으로 최종 선정된 날로부터 3개월 이내에 경상남도로 사업장(본사ㆍ지사ㆍ공장ㆍ연구소 중 하나 이상)을 입주ㆍ등록 완료하여야 하며, 해당 입주 상태를 지원기간 종료 후 1년까지 반드시 유지하여야 함(미이행 시 패널티 부여)
- 신청하는 기술지원 내용이 본 사업의 지원 분야에 해당하고, 수요처(앵커기업) 공급망 진입 또는 나노소재 상용화를 위한 실질적인 기술적 필요성이 명확한 기업
☞ 상용화 기술, End-user 수요충족 지원
- 상용화 기술지원 : 나노소재 설계, 공정기술, 시제작ㆍ실증, 특성분석ㆍ신뢰성평가, 애로기술 컨설팅 등 상용화 전주기 기술지원
- End-user 수요충족 지원 : 앵커기업 공급망 진입을 위한 품질인증, 시험분석, 특허, ESG 컨설팅 등 벤더 등록 요구사항 대응 지원",기술,경남테크노파크,경상남도,중소기업,중소기업,,,,,,,기술사업화/이전/지도,2026-05-20,2026-06-18,,온라인 접수 (경남테크노파크),온라인 접수 (경남테크노파크),https://www.bizinfo.go.kr/sii/siia/selectSIIA200Detail.do?pblancId=PBLN_000000000122299,main,primary,경남첨단나노소재상용화허브구축사업수혜기업모집공고,경남테크노파크,2026-05-20~2026-06-18,기술,기술사업화/이전/지도
biz,PBLN_000000000122298,[전남] 2026년 전남창조경제혁신센터 오픈이노베이션 밋업데이 참가기업 모집 공고,"전남창조경제혁신센터에서는 국내 대표 유통사와 협업하여 전남도 내 유망 스타트업의 유통 판로 확대 및 사업 협력 기회 제공을 위한 「2026년도 전남창조경제혁신센터 오픈이노베이션 밋업데이」를 개최하오니 관심 있는 기업의 많은 참여 바랍니다.
☞ 농수산식품 및 관련 제조업 등 유망 스타트업 및 중소기업
- GS리테일 온ㆍ오프라인 채널 입점 및 협업이 가능한 제품 보유 기업(슈퍼/편의점/온라인 등에서 판매 가능한 상품)
- 2026. 6. 18.(목) 밋업데이 현장 참석 및 상담 진행이 가능한 기업
- 기업 대표자 또는 제품ㆍ유통 관련 의사결정 및 상담이 가능한 담당자 참석 필수
☞ GS리테일 현직 MD와 1:1 비즈니스 밋업 제공, 유통채널 연계 상담 등 지원
※ 자세한 지원내용 공고문 참조",판로/수출,전남창조경제혁신센터,전라남도,중소기업,중소기업,,,,,,,오프라인,2026-05-20,2026-06-05,,"이메일 접수 (ieeiou27@ccei.kr)
※ 유선으로 접수 확인 必","이메일 접수 (ieeiou27@ccei.kr)
※ 유선으로 접수 확인 必",https://www.bizinfo.go.kr/sii/siia/selectSIIA200Detail.do?pblancId=PBLN_000000000122298,main,primary,전남2026년전남창조경제혁신센터오픈이노베이션밋업데이참가기업모집공고,전남창조경제혁신센터,2026-05-20~2026-06-05,내수,오프라인
biz,PBLN_000000000122297,[서울] 2026년 직장 내 성희롱ㆍ성폭력 예방 컨설팅 참여기업 모집 공고,"안녕하세요. 서울시여성가족재단 일생활균형지원센터입니다. 서울 소재 중소기업을 대상으로 일ㆍ생활균형 무료 컨설팅ㆍ교육 프로그램을 시행합니다. 전문 컨설턴트가 함께하여 각 기업의 특성에 맞는 일ㆍ생활균형 제도와 조직문화 구축을 돕고, 임직원의 만족도와 조직 성과를 동시에 높일 수 있도록 안내해 드립니다. 이번 기회를 통해 귀사에 맞는 조직문화를 만들어 보시기 바랍니다.
☞ 서울시 소재 중소기업(강소기업 등)
☞ 맞춤형 대면 컨설팅 지원",경영,서울시여성가족재단,서울특별시,중소기업,중소기업,,,,,,,컨설팅,2026-05-13,2026-12-31,,"이메일 및 온라인 접수
- 이메일 : swfcenter@seoulwomen.or.kr
- 서울시 중소기업 워라벨 포인트제 https://pointseoul.or.kr
- 구글폼 https://m.site.naver.com/27Rey","이메일 및 온라인 접수
- 이메일 : swfcenter@seoulwomen.or.kr
- 서울시 중소기업 워라벨 포인트제 https://pointseoul.or.kr
- 구글폼 https://m.site.naver.com/27Rey",https://www.bizinfo.go.kr/sii/siia/selectSIIA200Detail.do?pblancId=PBLN_000000000122297,main,primary,서울2026년직장내성희롱ㆍ성폭력예방컨설팅참여기업모집공고,서울시여성가족재단,2026-05-13~2026-12-31,경영,컨설팅
biz,PBLN_000000000122296,[경기] 부천시 2026년 BIFAN 지역상생마켓 참가기업 모집 공고,"아시아 최대ㆍ최고의 장르 영화제인 제30회 부천국제판타스틱영화제 기간 중 부대행사인 BIFAN 지역상생마켓에서 지역 생산품의 판매ㆍ홍보행사에 참가할 지역기업을 다음과 같이 모집 공고합니다.
☞ 뷰티ㆍ헬스케어, 생활용품ㆍ잡화ㆍ아웃도어, 식품ㆍ완구 등을 생산 및 판매하는 부천시 소재 기업
- 식품의 경우 식품제조번호 등이 표기된 식품제조가공업체 제조상품만 판매가능하며 안전사고 예방과 원활한 행사 운영을 위하여 주류판매 제한
☞ 판매행사를 위한 부스 1개, 테이블 2개, 의자 4개, 현수막, 전력사용 지원
※ 전기 사용에 필요한 전기선(릴선) 등은 자체 준비",판로/수출,기초자치단체,경기도,중소기업,중소기업,,,,,,,오프라인,2026-05-20,2026-05-27,,온라인 접수 (부천산업진흥원 홈페이지),온라인 접수 (부천산업진흥원 홈페이지),https://www.bizinfo.go.kr/sii/siia/selectSIIA200Detail.do?pblancId=PBLN_000000000122296,main,primary,경기부천시2026년bifan지역상생마켓참가기업모집공고,기초자치단체,2026-05-20~2026-05-27,내수,오프라인
biz,PBLN_000000000122295,[경북] 경주시 2026년 중소기업 기숙사 환경개선 지원사업 참여기업 모집 추가 공고,"경주시와 경북경제진흥원에서는 고용환경 개선 및 우수인력 일자리 창출 등을 위하여 ‘경주시 중소기업 기숙사 환경개선 지원사업’을 추진하오니 이에 해당하는 기업은 아래 공고문을 참고하여 신청하여 주시기 바랍니다.
☞ 경주시 관내 기숙사를 직접 소유ㆍ운영하는 제조 중소ㆍ중견기업 중 경주시 소재 공장등록증을 보유한 업체
※ 단, 사업완료 후 건축물 대장상 ‘기숙사’ 또는 ‘숙소’ 표기 필수
※ 단, 불건전 영상게임기, 도박게임 장비 등 불건전 오락용품 제조업 제외
☞ 기업 소유 기숙사 환경정비 최대 20백만원 지원
- 기숙사 내 식당ㆍ화장실ㆍ샤워실보수, 전기공사, 소방시설 등",인력/일자리,경상북도경제진흥원,경상북도,중소기업,중소기업,,,,,,,고용유지,2026-05-21,2026-06-05,,"이메일 접수 (gamin@gepa.kr)
※ 접수 후 반드시 담당자에게 유선 확인
※ 온라인 접수 시 ‘제출서류’를 순서대로 묶어 1개의 PDF 파일로 제출","이메일 접수 (gamin@gepa.kr)
※ 접수 후 반드시 담당자에게 유선 확인
※ 온라인 접수 시 ‘제출서류’를 순서대로 묶어 1개의 PDF 파일로 제출",https://www.bizinfo.go.kr/sii/siia/selectSIIA200Detail.do?pblancId=PBLN_000000000122295,main,primary,경북경주시2026년중소기업기숙사환경개선지원사업참여기업모집추가공고,경상북도경제진흥원,2026-05-21~2026-06-05,인력,고용유지
biz,PBLN_000000000122294,[경기] 부천시 2026년 동남아 해외시장개척단 참가기업 모집 공고,"부천시에서는 해외시장 개척에 어려움을 겪는 관내 중소 제조기업의 해외시장 개척 및 수출자생력 강화를 위해 동남아시아(방콕, 자카르타) 해외시장개척단 참가기업을 다음과 같이 모집 공고합니다.
☞ 본사 또는 공장이 부천시에 소재한 지역중소기업
☞ 항공료 50%(기업당 1인), 상담장 조성, 통역, 현지 교통편, 바이어 발굴 및 1:1 수출 상담 주선 등 지원",판로/수출,기초자치단체,경기도,중소기업,중소기업,,,,,,,시장개척,2026-05-26,2026-06-05,,온라인 접수 (부천산업진흥원 홈페이지),온라인 접수 (부천산업진흥원 홈페이지),https://www.bizinfo.go.kr/sii/siia/selectSIIA200Detail.do?pblancId=PBLN_000000000122294,main,primary,경기부천시2026년동남아해외시장개척단참가기업모집공고,기초자치단체,2026-05-26~2026-06-05,수출,시장개척
biz,PBLN_000000000122293,[전북] 2026년 데이터 기반 서비스ㆍ기술 기업 창업지원사업 참여기업 모집 연장 공고,"전북특별자치도와 (재)전북테크노파크는 도내 데이터기반 기술창업기업의 투자유치 기반 압축성장을 지원하기 위해 2026년「데이터 기반 서비스․기술 기업 창업지원사업」을 다음과 같이 진행하오니 많은 참여 바랍니다.
☞ 공고일 기준 전북 소재(본사, 공장, 연구소)의 창업 7년 이내의 데이터 기반 제조기업
- 신산업 창업 분야 해당 시 창업 10년 이내까지 가능
- 기업 제품 또는 서비스에 데이터 기반 기술을 활용하는 기업
☞ 데이터 기반 제조 기업을 대상으로 시제품 제작 및 마케팅, 컨설팅, 투자유치 IR 등 특화 지원",기술,전북테크노파크,전북특별자치도,중소기업,중소기업,,,,,,,기술사업화/이전/지도,2026-05-21,2026-06-10,,"이메일 접수 (hsyoo@jbtp.or.kr)
※ 이메일 접수 후 공고기간 내 유선으로 접수 확인 요망","이메일 접수 (hsyoo@jbtp.or.kr)
※ 이메일 접수 후 공고기간 내 유선으로 접수 확인 요망",https://www.bizinfo.go.kr/sii/siia/selectSIIA200Detail.do?pblancId=PBLN_000000000122293,main,primary,전북2026년데이터기반서비스ㆍ기술기업창업지원사업참여기업모집연장공고,전북테크노파크,2026-05-21~2026-06-10,기술,기술사업화/이전/지도
biz,PBLN_000000000122292,[경북] 2026년 소상공인 새바람 체인지업 사업 경영환경개선 희망 소상공인 모집 변경 공고,"경상북도경제진흥원에서는 도내 소상공인의 활력 제고를 위해 분야별 컨설팅을 제공하고 경영환경개선을 지원할 수 있는 본 사업에 다음과 같이 소상공인을 모집하고자 공고하오니 많은 신청 바랍니다. 
☞  공고일 기준 현재 사업장 주소가 경북 도내 등록되어 있고, 창업 3년이상 소상공인 사업자(사업자등록 기준으로부터 사업공고일까지)
-「소상공인 보호 및 지원에 관한 법률」제2조에 따른 소상공인 사업자
☞ 컨설팅 서비스, 점포환경개선(옥외 간판교체, 점포내외부개선, 스마트화) 지원금 지원
※ 자세한 지원내용 공고문 참조",경영,경상북도경제진흥원,경상북도,소상공인,소상공인,,,,,,,시설/입지지원,2026-04-24,2026-06-05,,"온라인, 우편, 방문 접수
- 접수처 : 구미시 이계북로7 경상북도경제진흥원 4층 민생경제지원팀
- 온라인 : 모이소 앱
※ 자세한 신청방법 공고문 참조","온라인, 우편, 방문 접수
- 접수처 : 구미시 이계북로7 경상북도경제진흥원 4층 민생경제지원팀
- 온라인 : 모이소 앱
※ 자세한 신청방법 공고문 참조",https://www.bizinfo.go.kr/sii/siia/selectSIIA200Detail.do?pblancId=PBLN_000000000122292,main,primary,경북2026년소상공인새바람체인지업사업경영환경개선희망소상공인모집변경공고,경상북도경제진흥원,2026-04-24~2026-06-05,경영,시설/입지지원
biz,PBLN_000000000122291,[전북] 2026년 인공지능 기술 사업화 지원사업 추가 모집 공고(AI융합 지능형 농업 생태계 구축 사업),"「인공지능 기술 사업화 지원사업」을 다음과 같이 공고합니다.
☞ AI, SW, ICT, 지능형 농업 등 관련 도 내 기업
※ 기업형태 : 본사, 지사, 지점 부설연구소 등(사업자등록증상 전북 소재)
☞ 전북특별자치도 소재 AI 및 농업(노지 분야) 관련 시제품 제작 및 제품 인증ㆍ테스트 비용(기업당 40백만원 이내) 지원
- 인공지능(AI) 및 농업(노지) 시제품 제작과 적용을 위한 제품 제작 비용 지원 및 시제품 성능 시험ㆍ인증 비용 지원",기술,전북테크노파크,전북특별자치도,중소기업,중소기업,,,,,,,기술사업화/이전/지도,2026-05-18,2026-05-29,,온라인 접수 (전북특별자치도 과학기술 종합정보시스템),온라인 접수 (전북특별자치도 과학기술 종합정보시스템),https://www.bizinfo.go.kr/sii/siia/selectSIIA200Detail.do?pblancId=PBLN_000000000122291,main,primary,전북2026년인공지능기술사업화지원사업추가모집공고ai융합지능형농업생태계구축사업,전북테크노파크,2026-05-18~2026-05-29,기술,기술사업화/이전/지도
biz,PBLN_000000000122290,[전북] 2026년 2차 디자인센터 중소기업 디자인 지원사업(브랜드ㆍ포장 연계) 모집 공고,"전북테크노파크에서는 도내 중소기업의 디자인개발 지원을 통해 기업 마케팅 효율 증대 및 제품ㆍ서비스의 고부가가치화에 기여하고, 기업 경쟁력 향상을 도모하고자 2026년「중소기업 디자인 지원사업」을 다음과 같이 진행하오니 많은 참여 바랍니다.
☞ 전북특별자치도 소재 전년도 매출 50억 원 미만의 중소기업
※ 전북특별자치도를 소재지로 하는 수혜ㆍ디자인기업이 컨소시엄을 구성
☞ 기업/상품/서비스 등의 브랜드 개발, 브랜드에 대한 정식 매뉴얼 제작, 생산 상품의 패키지 디자인 개발, 디자인 권리화(지식재산권 확보) 지원",경영,전북테크노파크,전북특별자치도,중소기업,중소기업,,,,,,,디자인/상품화/사업화,2026-05-18,2026-05-29,,"온라인 접수(R&D종합정보시스템)
※ 자세한 신청방법 공고문 참조","온라인 접수(R&D종합정보시스템)
※ 자세한 신청방법 공고문 참조",https://www.bizinfo.go.kr/sii/siia/selectSIIA200Detail.do?pblancId=PBLN_000000000122290,main,primary,전북2026년2차디자인센터중소기업디자인지원사업브랜드ㆍ포장연계모집공고,전북테크노파크,2026-05-18~2026-05-29,경영,디자인/상품화/사업화
biz,PBLN_000000000122289,[광주] 2026년 5차 소상공인 임신ㆍ출생 특별지원금 추가 모집 변경 공고(소상공인 육아응원패키지 시즌2),"광주광역시는 KB금융그룹, 한국경제인협회와 함께 임신ㆍ출산ㆍ육아에 어려움을 겪고 있는 소상공인 및 1인 자영업자를 대상으로 “임신ㆍ출생 특별지원금” 사업을 추진하고 있으며, 다음과 같이 참여자를 추가 모집하오니 많은 신청 바랍니다.
☞ 광주시에 주소를 둔, 광주시 소재 소상공인 사업주ㆍ종사자로, 본인 또는 배우자가 임신ㆍ출산한 가정
※ 소상공인과 배우자가 사업신청일 기준 3개월 이전부터 광주광역시에 주민등록이 되어있는 가정
☞ 특별지원금 50만원(KB국민은행 계좌 한정) 지원",자금,광주여성가족재단,광주광역시,소상공인,소상공인,,,,,,,융자,2026-05-19,2026-05-31,,온라인 접수 (광주아이키움),온라인 접수 (광주아이키움),https://www.bizinfo.go.kr/sii/siia/selectSIIA200Detail.do?pblancId=PBLN_000000000122289,main,primary,광주2026년5차소상공인임신ㆍ출생특별지원금추가모집변경공고소상공인육아응원패키지시즌2,광주여성가족재단,2026-05-19~2026-05-31,금융,융자
biz,PBLN_000000000122288,2026년 APAN62 연계 기업 쇼케이스 참가업체 모집 공고,"(재)테인협력센터에서는 과학기술정보통신부의 국내 산업 해외 진출 지원 사업의 일환으로 Asi@Connect 인프라를 활용한 국내 ICT 기업들의 수출 확대를 위해 2026년 8월 뉴질랜드에서 개최되는 ‘2026 APAN62’행사와 연계하여 국내 기업 쇼케이스에 참가기업을 아래와 같이 모집하오니 관심 기업들의 많은 신청 바랍니다.
☞ 해외 진출을 희망하는 국내 ICT 기업
☞ APAN62 실버(Silver) 스폰서십 참가비, 항공료 일부(250만원 한도 내
지원)",판로/수출,(재)테인협력센터,전국,중소기업,중소기업,,,,,,,해외진출준비,2026-05-19,2026-05-29,,이메일 접수(moonmj@teincc.org),이메일 접수(moonmj@teincc.org),https://www.bizinfo.go.kr/sii/siia/selectSIIA200Detail.do?pblancId=PBLN_000000000122288,main,primary,2026년apan62연계기업쇼케이스참가업체모집공고,재테인협력센터,2026-05-19~2026-05-29,수출,해외진출준비
biz,PBLN_000000000122287,[부산] 2026년 온디바이스 AI PoC 제작 지원사업 모집 공고(부산AI실증지원센터 운영),"온디바이스 AI PoC 실증 지원을 통한 부산형 온디바이스 AI 사례 창출 및 사업화 연계 기반 조성을 위해 「온디바이스 AI PoC 제작 지원사업」 참여기업을 다음과 같이 모집하오니 많은 관심과 참여 부탁드립니다.
☞ 부산 소재 온디바이스 AI 기반 PoC 제작 및 실증 수행 역량 보유 기업
☞ 일반운영비, 재료비, 연구개발비, 수선유지교체비 지원(기업당 최대 50,000천원)
※ 자세한 지원내용 공고문 참조",기술,부산정보산업진흥원,부산광역시,중소기업,중소기업,,,,,,,기술사업화/이전/지도,2026-05-20,2026-06-05,,"이메일 접수 (chae21@bipa.kr)
※ 접수 후 24시간 이내 접수 확인 메일 발송 예정(메일 미수신 시 연락 요망)","이메일 접수 (chae21@bipa.kr)
※ 접수 후 24시간 이내 접수 확인 메일 발송 예정(메일 미수신 시 연락 요망)",https://www.bizinfo.go.kr/sii/siia/selectSIIA200Detail.do?pblancId=PBLN_000000000122287,main,primary,부산2026년온디바이스aipoc제작지원사업모집공고부산ai실증지원센터운영,부산정보산업진흥원,2026-05-20~2026-06-05,기술,기술사업화/이전/지도
biz,PBLN_000000000122286,[대구] 동구 제1회 청년 창업 아이디어 경진대회 참가자 모집 공고,"대구광역시 동구에서는 청년의 창의적인 창업 아이디어를 발굴하기 위해「제1회 대구 동구 청년 창업 아이디어 경진대회」를 개최하고자 하오니, 창업 아이디어를 보유한 청년들의 많은 참가 바랍니다.
☞ 창업 아이디어를 보유한 대구 동구 거주 및 생활권 청년(19~39세) 개인 또는 팀
- 모집분야 : 기술창업, 플랫폼, 소셜벤처, 로컬창업 등 전 분야
☞ 2차 발표심사를 위한 맞춤형 멘토링(발표자료 고도화 및 스피치 멘토링) 지원
- 전국 단위 창업 아이디어 경진대회 참가를 위한 추가 컨설팅 지원
- 동구청년센터 창업지원 사업(Pre D-Link 등) 연계 기회 지원",창업,직접수행,대구광역시,창업벤처,"청년,초기창업기업",,,,,,,예비창업자지원,2026-05-15,2026-06-12,,이메일 접수(theggum3355@gmail.com),이메일 접수(theggum3355@gmail.com),https://www.bizinfo.go.kr/sii/siia/selectSIIA200Detail.do?pblancId=PBLN_000000000122286,main,primary,대구동구제1회청년창업아이디어경진대회참가자모집공고,직접수행,2026-05-15~2026-06-12,창업,예비창업자지원
biz,PBLN_000000000122285,2026년 클라우드 엑스포 코리아 전시기업 지원 모집 공고,"클라우드 관련 최신기술 및 동향을 공유하고, 국내 클라우드 산업의 비즈니스 활성화를 위해 지역 최대 규모의 클라우드 전문 전시행사인 「2026 클라우드 엑스포 코리아」을 개최하여 클라우드 관련 기업 대상 전시부스를 지원하고자 하오니, 많은 관심과 참여 부탁드립니다.
☞ 국내 클라우드 관련 중소기업
- 전시회를 통해 시연 및 전시할 수 있는 클라우드 서비스, 솔루션 및 클라우드 기반의 4차 산업 기술ㆍ서비스 등을 보유한 국내 중소기업
- 타 기관(사업)으로부터 동일 행사의 지원을 받지 않는 기업
※ AI KOREA, IT EXPO BUSAN 등 K-ICT WEEK in BUSAN 연계행사 포함 
☞ 국내외 바이어상담회, 기타 부대행사 등 행사 프로그램 참가, 기본부스(조립부스) 참가비 및 부스 설치 지원(기업당 1부스 제공)",판로/수출,부산정보산업진흥원,부산광역시,중소기업,중소기업,,,,,,,오프라인,2026-05-20,2026-06-10,,이메일 접수 (cindy@bipa.kr),이메일 접수 (cindy@bipa.kr),https://www.bizinfo.go.kr/sii/siia/selectSIIA200Detail.do?pblancId=PBLN_000000000122285,main,primary,2026년클라우드엑스포코리아전시기업지원모집공고,부산정보산업진흥원,2026-05-20~2026-06-10,내수,오프라인
biz,PBLN_000000000122284,[서울ㆍ부산ㆍ울산ㆍ강원ㆍ경남] 제조물책임(PL)보험료 지원사업 공고,"중소기업중앙회는 지자체와 함께 중소기업의 제조물책임 리스크 대비와 보험료 부담 경감 등을 위하여「2026년 중소기업 제조물책임(PL)보험료 지원사업」을 다음과 같이 시행하오니 기한 내 신청하시기 바랍니다.
☞ 증권상 사업장 소재지가 서울, 부산, 울산, 강원, 경남인 중소기업중앙회 PL단체보험 가입 중소기업 
※ 단, 2026년 4월 중에 보험료를 납부하고 계약을 유지중인 업체
※ 자세한 지원대상 공고문 참조
☞ PL보험 가입시 납부한 보험료의 20%이내 지원(업체당 최대 100만원 한도이내)
※ 지역별 지원내용 상이, 각 지역별 지원신청서 참조",경영,중소기업중앙회,서울특별시,중소기업,중소기업,,,,,,,디자인/상품화/사업화,2026-05-18,2026-05-29,,"온라인 접수 (중소기업중앙회 홈페이지)
- 서울 : https://www.kbiz.or.kr/ko/cscm/event2/register_participation.do?seq=8362&mnSeq=1741
- 부산 : https://www.kbiz.or.kr/ko/cscm/event2/register_participation.do?seq=8364&mnSeq=1741
- 울산 : https://www.kbiz.or.kr/ko/cscm/event2/register_participation.do?seq=8403&mnSeq=1741
- 강원 : https://www.kbiz.or.kr/ko/cscm/event2/register_participation.do?seq=8402&mnSeq=1741
- 경남 : https://www.kbiz.or.kr/ko/cscm/event2/register_participation.do?seq=8404&mnSeq=1741","온라인 접수 (중소기업중앙회 홈페이지)
- 서울 : https://www.kbiz.or.kr/ko/cscm/event2/register_participation.do?seq=8362&mnSeq=1741
- 부산 : https://www.kbiz.or.kr/ko/cscm/event2/register_participation.do?seq=8364&mnSeq=1741
- 울산 : https://www.kbiz.or.kr/ko/cscm/event2/register_participation.do?seq=8403&mnSeq=1741
- 강원 : https://www.kbiz.or.kr/ko/cscm/event2/register_participation.do?seq=8402&mnSeq=1741
- 경남 : https://www.kbiz.or.kr/ko/cscm/event2/register_participation.do?seq=8404&mnSeq=1741",https://www.bizinfo.go.kr/sii/siia/selectSIIA200Detail.do?pblancId=PBLN_000000000122284,main,primary,서울ㆍ부산ㆍ울산ㆍ강원ㆍ경남제조물책임pl보험료지원사업공고,중소기업중앙회,2026-05-18~2026-05-29,경영,디자인/상품화/사업화
biz,PBLN_000000000122283,[대구] 2026년 수출초보기업 해외진출 지원사업 참여기업 모집 공고,"해외시장 진출을 희망하는 내수기업 및 수출초보기업의 해외진출 촉진과 수출경쟁력 제고를 위하여「2026년 수출초보기업 해외진출 지원사업」에 참여할 기업 모집을 위해 다음과 같이 공고하오니 많은 참여 바랍니다.
☞ 사업자등록증의 본사 또는 공장 소재지가 대구광역시이며, 2025년 수출실적이 없거나 직접수출액이 100만 달러 이하인 중소ㆍ제조기업 
☞ 기업진단을 통해 수출(제품 또는 기술) 수요에 맞는 시장조사, 수출기반 조성, 해외시장 개척 등 맞춤형 프로그램 지원
※ 자세한 지원내용 공고문 참조",판로/수출,대구테크노파크,대구광역시,중소기업,중소기업,,,,,,,해외진출준비,2026-05-27,2026-05-29,,온라인 접수(대구광역시 수출지원시스템),온라인 접수(대구광역시 수출지원시스템),https://www.bizinfo.go.kr/sii/siia/selectSIIA200Detail.do?pblancId=PBLN_000000000122283,main,primary,대구2026년수출초보기업해외진출지원사업참여기업모집공고,대구테크노파크,2026-05-27~2026-05-29,수출,해외진출준비
biz,PBLN_000000000122282,[전북] 군산시 2026년 AX얼라이언스 산ㆍ학ㆍ연 종합프로그램 지원 수혜기업 모집 공고(군산국가산업단지 스마트그린 AX실증산단 구축사업),"산업통상부 「스마트그린산업단지 촉진사업」의 일환으로, 전북특별자치도 내 산업단지의 디지털ㆍ인공지능 전환(DXㆍAX)촉진을 위한 「군산국가산업단지 스마트그린 AX실증산단 구축사업」을 추진하고 있습니다. 이에 군산국가산업단지 내 중소ㆍ중견기업을 대상으로 AX 얼라이언스 산ㆍ학ㆍ연 협력지원 프로그램 수혜기업을 아래와 같이 모집하오니 많은 관심과 참여 바랍니다.
☞ 군산국가산업단지 내 조선ㆍ해양 모빌리티 제조 AI 도입 의지가 있는 수요기업과 AX 전환 과제 해결을 위한 기술 공급기업 및 기관(대학, 연구기관 등)
- (수요기업) 공고일 기준 국산국가산업단지 내 사업장(본사, 공장, 연구소, 지사 등)을 보유한 기업으로써 영업활동 중인 법인 또는 개인사업자
- (공급기업) 제조 데이터 기반 AI 솔루션 도내ㆍ외 기업
※ 자세한 지원대상 공고문 참조
☞ 컨소시엄 당 최대 20백만원 이내 지원
- 기술도입 : AIㆍ빅데이터 기반 제조 공정 최적화 솔루션, 디지털 트윈, DX 인프라 구축 등
- R&D 협력 : 대학/연구소의 전문 역량을 활용한 맞춤형 알고리즘 개발 및 기술 고도화
- 실증/테스트 : 도입 솔루션의 현장 실증, 성능 평가 및 품질 검증",기술,전북지역산업진흥원,전북특별자치도,중소기업,중소기업,,,,,,,기술사업화/이전/지도,2026-05-20,2026-06-10,,이메일 접수 (cy1996@riia.or.kr),이메일 접수 (cy1996@riia.or.kr),https://www.bizinfo.go.kr/sii/siia/selectSIIA200Detail.do?pblancId=PBLN_000000000122282,main,primary,전북군산시2026년ax얼라이언스산ㆍ학ㆍ연종합프로그램지원수혜기업모집공고군산국가산업단지스마트그린ax실증산단구축사업,전북지역산업진흥원,2026-05-20~2026-06-10,기술,기술사업화/이전/지도
biz,PBLN_000000000122281,[서울] 2026년 스타트업 ESG경영 진단 컨설팅 참여기업 모집 공고,"서울창업허브 성수는 스타트업의 ESG 경영 내재화를 통해 기업의 지속가능성을 제고 및 경쟁력 강화에 기여하고자 합니다. 이에 ESG 컨설팅 기업 대신경제연구소와 함께「2026 스타트업 ESG경영 진단 컨설팅 참여 기업 모집」을 공고와 같이 추진하고자 하오니 많은 신청 바랍니다.
☞ 서울 소재 창업 7년 미만 스타트업(신산업 창업 분야는 창업 10년 이내)
☞ ESG경영 진단 컨설팅 및 교육 지원, ESG경영 진단 결과 보고서 제공 및 안내, 진단 컨설팅 참여 완료 기업을 위한 참여 확인서 발급",경영,서울경제진흥원,서울특별시,창업벤처,"스타트업,초기창업기업",,,,,,,컨설팅,2026-05-14,2026-05-29,,온라인 접수 (서울창업허브 성수),온라인 접수 (서울창업허브 성수),https://www.bizinfo.go.kr/sii/siia/selectSIIA200Detail.do?pblancId=PBLN_000000000122281,main,primary,서울2026년스타트업esg경영진단컨설팅참여기업모집공고,서울경제진흥원,2026-05-14~2026-05-29,경영,컨설팅
biz,PBLN_000000000122280,[인천] 2026년 청년 소셜벤처기업 육성사업 (예비)창업자 모집 공고,"인천의 도시문제를 해결할 수 있는 ‘소셜벤처’ 분야의 청년 아이디어를 발굴하고, 고도화된 아이템 개발 및 전략 수립을 통해 우수한 청년 기업을 육성하는 「2026년 청년 소셜벤처기업 육성사업」에 참여할 (예비)창업자를 다음과 같이 모집합니다.
☞ 인천시 현안문제 관련 창업아이템을 보유한 청년(만18~39세)인 예비창업자 또는 7년 이내 창업자 
- 공고일(‘26.5.15.) 기준 인천시 현안문제 관련 창업아이템을 보유한 청년(만 18세~39세)으로 신청자 명의의 사업자 등록(개인, 법인)이 없는 예비창업자 또는 7년 이내 기창업자
- 신분증 사본 제출 필수 (만18~39세(1986.5.16.~2008.5.15.이후 출생))
- 예비창업자 및 본사, 연구소 또는 지사가 인천에 소재한 기업
☞ 사업화 자금(최대 2천만 원), 창업프로그램 등 지원",창업,인천창조경제혁신센터,인천광역시,창업벤처,"청년,초기창업기업",,,,,,,사업화지원,2026-05-15,2026-06-05,,이메일 접수 (startup@inu.ac.kr),이메일 접수 (startup@inu.ac.kr),https://www.bizinfo.go.kr/sii/siia/selectSIIA200Detail.do?pblancId=PBLN_000000000122280,main,primary,인천2026년청년소셜벤처기업육성사업예비창업자모집공고,인천창조경제혁신센터,2026-05-15~2026-06-05,창업,사업화지원
biz,PBLN_000000000122279,[대구] 2026년 신규 Pre-스타기업 선정계획 공고,"우리 시에서는 지역 경제성장을 주도할 중기업 및 유니콘 기업으로의 성장의지와 혁신역량을 갖춘 ‘2026년 Pre-스타기업 육성사업’에 신규로 참여할 기업을 아래와 같이 모집하오니, 많은 참여를 바랍니다.
☞ (일반기업 트랙) 한국표준산업분류(KSIC)상의“제조업(C10 ~ C33), 도매 및 소매업(G45 ~ G47), 정보통신업(J58 ~ J63), 전문ㆍ과학 및 기술 서비스업(M70 ~ M73), 사업시설 관리ㆍ사업지원 및 임대 서비스업(N74 ~ N75)”인 법인 또는 개인사업자
① 소재지 : 대구광역시 내 본사 및 사업장(제조업의 경우 공장)이 소재한 소기업(접수마감일 기준)
② 업력 : 창업한 지 4년 이상 기업(결산 4회 이상)
③ 기업규모 : 중소기업기본법시행령 제8조제1항에 따른 소기업 중 직전년도(2025년) 매출액이 20억원 이상인 기업
- (대구형 유니콘 기업 트랙) 한국표준산업분류(KSIC)상의“제조업(C10 ~ C33), 도매 및 소매업(G45 ~ G47), 정보통신업(J58 ~ J63), 전문ㆍ과학 및 기술 서비스업(M70 ~ M73), 사업시설 관리ㆍ사업지원 및 임대 서비스업(N74 ~ N75)”인 법인 또는 개인사업자 중 대구광역시 미래산업[로봇, 미래모빌리티, 반도체, 헬스케어, AIㆍS/W] 분야에 해당하는 기업
① 소재지 및 기업규모 : 대구광역시 내 본사 및 사업장(제조업의 경우 공장)이 소재한 소기업(접수마감일 기준)
※ 자세한 지원대상 공고문 참조
☞ AX(AI전환) 지원, 유형별 특성화지원, 원포인트 신속지원, 기술경영 자문단, 스타기업PM, 홍보지원",기술,대구지역산업진흥원,대구광역시,중소기업,중소기업,,,,,,,기술사업화/이전/지도,2026-06-15,2026-06-18,,"온라인 접수(웹하드 업로드)
※ [별첨3] 2026년 스타기업 서류제출 업로드 가이드 참고","온라인 접수(웹하드 업로드)
※ [별첨3] 2026년 스타기업 서류제출 업로드 가이드 참고",https://www.bizinfo.go.kr/sii/siia/selectSIIA200Detail.do?pblancId=PBLN_000000000122279,main,primary,대구2026년신규pre스타기업선정계획공고,대구지역산업진흥원,2026-06-15~2026-06-18,기술,기술사업화/이전/지도
biz,PBLN_000000000122278,[대구] 2026년 신규 스타기업 선정계획 공고,"지역 경제성장을 주도하고 중견기업으로의 성장의지와 혁신역량을 갖춘 ‘2026년 스타기업 육성사업’에 참여할 신규 기업을 아래와 같이 모집하오니, 많은 참여를 바랍니다.
☞ 한국표준산업분류(KSIC)상의“제조업(C10 ~ C34), 도매 및 소매업(G45 ~ G47), 정보통신업(J58 ~ J63), 전문ㆍ과학 및 기술 서비스업(M70 ~ M73), 사업시설 관리ㆍ사업지원 및 임대 서비스업(N74 ~ N75)”인 법인 또는 개인사업자
① 소재지 : 대구광역시 내 본사 및 사업장(제조업의 경우 공장)이 소재한 중기업(접수마감일 기준)
② 업력 : 창업한 지 4년 이상 기업(결산 4회 이상)
③ 기업규모 : 중소기업기본법 시행령 제8조 제2항에 따른 중기업 또는 중소기업 확인서 발급이 가능한 중견기업 포함 (중소기업 유예기간에 속하는 기업)
※ 자세한 지원대상 공고문 참조
☞ AX(AI전환) 지원, 유형별 특성화지원, 원포인트 신속지원, 기술경영 자문단, 스타기업PM, 홍보지원",기술,대구지역산업진흥원,대구광역시,중소기업,중소기업,,,,,,,기술사업화/이전/지도,2026-06-15,2026-06-18,,"온라인 접수(웹하드 업로드)
※ [별첨3] 2026년 스타기업 서류제출 업로드 가이드 참고","온라인 접수(웹하드 업로드)
※ [별첨3] 2026년 스타기업 서류제출 업로드 가이드 참고",https://www.bizinfo.go.kr/sii/siia/selectSIIA200Detail.do?pblancId=PBLN_000000000122278,main,primary,대구2026년신규스타기업선정계획공고,대구지역산업진흥원,2026-06-15~2026-06-18,기술,기술사업화/이전/지도
biz,PBLN_000000000122277,[울산] 2026년 U-SPACE 제품개발 통합지원 프로그램 참여기업 모집 공고,"중소벤처기업부와 창업진흥원에서 지원하고, 울산광역시와 울산테크노파크에서 시행하는 메이커스페이스(U-SPACE) 구축ㆍ운영사업에서 지역 내 (예비)창업기업의 신속한 제품개발 지원을 통한 혁신성장을 위해 “U-SPACE 제품개발 통합지원 프로그램”을 다음과 같이 공고하오니 많은 참여를 바랍니다.
☞ 울산 지역 내 (예비)창업자 및 스타트업ㆍ중소기업
- 예비창업자 : 협약 체결 이전 울산에 사업자등록이 가능한 자
- 스타트업ㆍ중소기업 : 공고일 기준 창업일로부터 7년 이내 기업
☞ 1:1전담매칭, 역량강화 교육, 소프트 목업 및 제품화, 제조전문가 컨설팅, 네트워킹 등 지원(기업당 최대 10,000천원)
※ 자세한 지원내용 공고문 참조",창업,울산테크노파크,울산광역시,창업벤처,초기창업기업,,,,,,,사업화지원,2026-05-20,2026-06-04,,이메일 접수 (rudghks3800@utp.or.kr),이메일 접수 (rudghks3800@utp.or.kr),https://www.bizinfo.go.kr/sii/siia/selectSIIA200Detail.do?pblancId=PBLN_000000000122277,main,primary,울산2026년uspace제품개발통합지원프로그램참여기업모집공고,울산테크노파크,2026-05-20~2026-06-04,창업,사업화지원
biz,PBLN_000000000122276,2026년 2차 푸드테크 연구지원센터 구축(세포배양식품) 실증 및 사업화 지원사업 지원기업 모집 공고,"경북테크노파크는 세포배양식품 푸드테크 산업의 전ㆍ후방 산업 육성을 위해, 기술 성숙도가 높은 식품소재 기업을 대상으로 기술 고도화 및 제품 생산성 확보를 지원하고자 합니다. 이에 따라, 세포배양식품 산업의 경쟁력 강화를 도모하고자 2026년 「푸드테크 연구지원센터 구축(세포배양식품)」 사업의 실증 및 사업화 지원기업을 아래와 같이 모집하오니 많은 관심과 참여를 바랍니다.
☞ 세포배양식품 푸드테크 산업의 전후방 기업
- 중소기업기본법 제2조에 따른 중소기업(세포배양식품 푸드테크 산업의 전후방 기업)
- 2026년 11월 30일까지 사업수행 완료가 가능한 대상 지원
☞ 실증(R&D)지원, 사업화(비R&D) 지원
- 실증(R&D)지원 : 소재개발, 공정개발
- 사업화(비R&D)지원 : 컨설팅, 인증 지원",기술,경북테크노파크,경상북도,중소기업,중소기업,,,,,,,기술사업화/이전/지도,2026-05-20,2026-06-12,,온라인 접수 (경북테크노파크),온라인 접수 (경북테크노파크),https://www.bizinfo.go.kr/sii/siia/selectSIIA200Detail.do?pblancId=PBLN_000000000122276,main,primary,2026년2차푸드테크연구지원센터구축세포배양식품실증및사업화지원사업지원기업모집공고,경북테크노파크,2026-05-20~2026-06-12,기술,기술사업화/이전/지도
biz,PBLN_000000000122275,[대구] 2026년 2차 지역혁신 중심 대학지원체계(RISE) 사업 협업ㆍ지원대상 기업 모집 공고,"경북대학교 첨단정보통신융합산업기술원이 수행 중인 대구 RISE 사업 「대학ㆍ기업 융합형 선도연구소 육성 사업」과제와 관련하여 대학과 협력하여 기술, 제품 등을 개발할 기업을 모집하오니 신청 바랍니다.
☞ 대구광역시에 소재한 중소ㆍ중견기업
☞ 협업형 기술개발, 학ㆍ연ㆍ산 협업 개발, 학ㆍ학ㆍ산 협업 개발, 개발 서비스, 대학 기술 활용 제품화, 코디네이팅 프로그램 지원
※ 자세한 지원내용 공고문 참조",기술,경북대학교 첨단정보통신융합산업기술원,대구광역시,중소기업,중소기업,,,,,,,기술사업화/이전/지도,세부사업별 상이,,,"이메일 접수
- 협업형 기술개발 (lsg6479@iact.or.kr)
- 대학기술 활용 제품화, 코디네이팅 프로그램 (humancare@iact.or.kr)
- 학ㆍ연ㆍ산 협업, 학ㆍ학ㆍ산 협업, 개발 서비스 (nyh7@iact.or.kr)","이메일 접수
- 협업형 기술개발 (lsg6479@iact.or.kr)
- 대학기술 활용 제품화, 코디네이팅 프로그램 (humancare@iact.or.kr)
- 학ㆍ연ㆍ산 협업, 학ㆍ학ㆍ산 협업, 개발 서비스 (nyh7@iact.or.kr)",https://www.bizinfo.go.kr/sii/siia/selectSIIA200Detail.do?pblancId=PBLN_000000000122275,main,primary,대구2026년2차지역혁신중심대학지원체계rise사업협업ㆍ지원대상기업모집공고,경북대학교첨단정보통신융합산업기술원,세부사업별 상이~,기술,기술사업화/이전/지도
biz,PBLN_000000000122274,2026년 2차 장애인 창업사업화 지원사업 대상자 모집 공고,"중소벤처기업부와 재장애인기업종합지원센터이하 센터라 함는 창업의지가 있는 장애인 예비창업자 및 업종전환희망자를 대상으로 창업사업화를 지원합니다 이에 다음과 같이 지원대상자를 모집하오니 많은 참여 바랍니다
☞ ‘26. 1. 1.(일) 이후 센터에서 주관한 교육과정, 또는 직전년도 특화교육을 이수한 장애인 중 예비창업자 및 업종전환희망자
※창업교육과정 : 온라인 창업교육(기초, 역량강화, 재기, 협동조합, 시각장애인 창업교육)
※업종전환희망자는 온라인 재기교육 필수 수강
☞ 창업 초기비용(1,000~2,000만원), 전문컨설팅 지원
- 창업 초기비용 : 인테리어, 집기구입비, 브랜드 개발, 마케팅 홍보, 홈페이지ㆍAPP, 폐업 비용 등",창업,장애인기업종합지원센터,전국,장애인기업,기타,,,,,,,사업화지원,2026-05-19,2026-06-18,,"방문, 우편, 온라인, 이메일 접수
- 접수처 : (07230) 서울시 영등포구 버드나루로 14길 25, (재)장애인기업종합지원센터 6층
- 온라인 : (DEBC 창업 NET 사이트)
- 이메일 : changup@debc.or.kr
※ 26년도_창업사업화지원사업_000(신청자 이름)을 메일제목으로 하여 제출 
※ 제출서류는 1개의 PDF파일 합본으로 제출요망  
※ 접수 후 센터측에 유선전화를 통한 서류접수 여부 최종 확인 필수","방문, 우편, 온라인, 이메일 접수
- 접수처 : (07230) 서울시 영등포구 버드나루로 14길 25, (재)장애인기업종합지원센터 6층
- 온라인 : (DEBC 창업 NET 사이트)
- 이메일 : changup@debc.or.kr
※ 26년도_창업사업화지원사업_000(신청자 이름)을 메일제목으로 하여 제출 
※ 제출서류는 1개의 PDF파일 합본으로 제출요망  
※ 접수 후 센터측에 유선전화를 통한 서류접수 여부 최종 확인 필수",https://www.bizinfo.go.kr/sii/siia/selectSIIA200Detail.do?pblancId=PBLN_000000000122274,main,primary,2026년2차장애인창업사업화지원사업대상자모집공고,장애인기업종합지원센터,2026-05-19~2026-06-18,창업,사업화지원
biz,PBLN_000000000122273,2026년 찾아가는 1:1 디지털 교육 소상공인 모집 공고,"소상공인의 온라인 판로 진출 및 디지털 전환 실현을 위한「’26년 찾아가는 1:1 디지털 교육」에 참여를 희망하는 소상공인을 모집합니다.
☞ 온라인 진출의사가 있으나, 디지털 활용 수준 및 경영여건으로 집체교육 참여가 어려운 디지털 취약계층 소상공인
- ｢소상공인 기본법｣ 제2조에 따른 소상공인으로, 신청일 현재 정상적으로 영업 중인 점포
☞ 집합교육 참여가 어려운 소상공인을 대상으로 온라인 플랫폼 입점 및 홍보 방법 등 찾아가는 1:1 디지털 교육 지원",경영,소상공인시장진흥공단,전국,소상공인,소상공인,,,,,,,교육,2026-05-20,2026-11-30,,온라인 접수(소상공인24),온라인 접수(소상공인24),https://www.bizinfo.go.kr/sii/siia/selectSIIA200Detail.do?pblancId=PBLN_000000000122273,main,primary,2026년찾아가는11디지털교육소상공인모집공고,소상공인시장진흥공단,2026-05-20~2026-11-30,경영,교육
biz,PBLN_000000000122272,[서울] 2026년 전문기관 연계형 기술ㆍ경영 컨설팅 지원 사업 수요기업 모집 공고,"서울특별시에서 조성하고 한국과학기술연구원ㆍ고려대학교가 운영하는 ‘서울바이오허브’에서 보건ㆍ의료 산업 분야 창업기업이 사업화 과정에서 겪는 다양한 문제를 해결할 수 있도록 전문성을 보유한 전문기관과 창업기업을 연계하여 컨설팅을 지원하고자 하오니 관심있는 창업기업의 많은 신청 바랍니다.
☞ 서울 소재 창업 년 이내 보건ㆍ의료 산업 분야 창업기업
☞ 창업기업-전문기관 연계 창업기업 컨설팅 지원(기업당 최대 850만원)
- 지원분야 : 지식재산, 시험ㆍ인증, 인ㆍ허가, (비)임상, 경영ㆍ전략, 마케팅, 기타
※ 자세한 지원내용 공고문 참조",경영,서울바이오허브,서울특별시,창업벤처,초기창업기업,,,,,,,컨설팅,2026-05-14,2026-06-03,,온라인 접수 (서울바이오허브),온라인 접수 (서울바이오허브),https://www.bizinfo.go.kr/sii/siia/selectSIIA200Detail.do?pblancId=PBLN_000000000122272,main,primary,서울2026년전문기관연계형기술ㆍ경영컨설팅지원사업수요기업모집공고,서울바이오허브,2026-05-14~2026-06-03,경영,컨설팅
biz,PBLN_000000000122271,2026년 중소기업기술혁신개발사업 글로벌협력형 R&D (예비연구형) 사업 재공고,"「2026년도 중소기업기술혁신개발사업 글로벌협력형R&D 예비연구형(사전연구)」의 시행 계획을 다음과 같이 재공고하오니, 동 사업에 참여하고자 하는 중소기업은 사업안내에 따라 신청하시기 바랍니다.
☞「중소기업기본법」제2조에서 정한 중소기업으로, 기업부설연구소를 보유한 중소기업
☞ 최대 6개월, 1.1억원 이내 정부지원연구개발비 지원",기술,중소기업기술정보진흥원,전국,중소기업,중소기업,,,,,,,공동기술개발,2026-05-26,2026-06-09,,온라인 접수(범부처통합연구지원시스템),온라인 접수(범부처통합연구지원시스템),https://www.bizinfo.go.kr/sii/siia/selectSIIA200Detail.do?pblancId=PBLN_000000000122271,main,primary,2026년중소기업기술혁신개발사업글로벌협력형rd예비연구형사업재공고,중소기업기술정보진흥원,2026-05-26~2026-06-09,기술,공동기술개발
biz,PBLN_000000000122270,2026년 중소기업 우체국 국제 물류 서비스 이용 지원 사업 참여기업 모집 공고,"중소기업의 우체국 국제물류 서비스 이용 지원을 통해 수출 물류 부담을 완화하고, 수출 경쟁력을 제고하는 2026년 중소기업 우체국 국제물류서비스 이용 지원 사업 참여기업을 다음과 같이 모집합니다.
☞「중소기업기본법 제2조」에 따른 중소기업으로, 아래 지원 제외 대상에 해당되지 않는 기업
- 우체국이 제공하는 수출 물류서비스를 이용(예정 포함)하는 중소기업
- ’25년 수출실적 1만달러 이상 중소기업
☞ (우정사업본부) 우체국 국제 물류 서비스 이용 비용 최대 40%할인 지원 (중소벤처기업부) 우체국 국제 물류 서비스 이용 비용(할인 전 정상가)의 30%를 한도 내에서 지원",판로/수출,중소벤처기업진흥공단,전국,중소기업,중소기업,,,,,,,해외진출,2026-05-20,2026-06-05,,온라인 접수(고비즈코리아),온라인 접수(고비즈코리아),https://www.bizinfo.go.kr/sii/siia/selectSIIA200Detail.do?pblancId=PBLN_000000000122270,main,primary,2026년중소기업우체국국제물류서비스이용지원사업참여기업모집공고,중소벤처기업진흥공단,2026-05-20~2026-06-05,수출,해외진출
biz,PBLN_000000000122269,2026년 2차 지능형 반도체 시험분석ㆍ성능검증 지원 모집 공고,"경북대학교 첨단정보통신융합산업기술원에서는 국내 팹리스 기업이 개발한 지능형 반도체 및 이를 적용한 제품의 시험분석ㆍ성능검증을 지원하여 기업의 기술개발 성과 확산을 도모하고자 하오니 기업의 많은 신청 바랍니다.
☞ 비수도권 (서울, 경기, 해외 제외) 내 본사, 지사, 연구소 중 1개 이상 소재하고 있는 국내 팹리스 전문 중소기업 및 중견기업
- 비수도권 소재 팹리스 중소ㆍ중견기업과 수요기업의 컨소시엄
※ 컨소시엄으로 신청하는 경우에도 지원 방식 및 한도는 동일하며 신청 주체는 팹리스 중소ㆍ중견기업이어야 함
☞ 시험분석 서비스, 시험분석ㆍ성능검증(기업(과제)당 최대 1,000만원) 지원
- 시험분석 서비스 : 기술원이 보유한 시험분석 장비와 전문인력을 통한 시험분석 지원
- 시험분석ㆍ성능검증 : 팹리스 기업이 개발한 지능형 반도체 및 모듈, 보드, 제품의 시험분석 및 성능검증(인증) 지원",기술,경북대학교 첨단정보통신융합산업기술원,경상북도,중소기업,중소기업,,,,,,,시험/인증,2026-05-15,2026-06-12,,이메일 접수 (cisdaegu@iact.or.kr),이메일 접수 (cisdaegu@iact.or.kr),https://www.bizinfo.go.kr/sii/siia/selectSIIA200Detail.do?pblancId=PBLN_000000000122269,main,primary,2026년2차지능형반도체시험분석ㆍ성능검증지원모집공고,경북대학교첨단정보통신융합산업기술원,2026-05-15~2026-06-12,기술,시험/인증
biz,PBLN_000000000122268,2026년 2차 메카노바이오활성소재 혁신의료기기 실증 기반구축 생물학적 시험평가인증 지원사업 공고(산업혁신기반구축사업),"「국가독성과학연구소 전북첨단바이오연구본부 중개독성연구센터」에서는 산업통상자원부와 전북특별자치도 및 전주시가 함께 지원하는 2026년도 산업혁신 기반 구축 사업의 일환으로, 생물학적 시험평가인증 지원사업을 다음과 같이 공고하오니 의료기기 전ㆍ후방 산업군에 해당하는 중소ㆍ중견기업의 많은 참여 바랍니다.
☞ 의료기기 전ㆍ후방 산업군에 해당하는 전국의 중소ㆍ중견기업
☞ 설치류 급성전신독성시험 지원(기업당 최대 800만 원 상당)",기술,국가독성과학연구소,전국,중소기업,중소기업,,,,,,,시험/인증,예산 소진시까지,,,"이메일 접수 (hyungsun.kim@kitox.re.kr, juyoung.lee@kitox.re.kr)
※ 제출 시 메일 제목 앞에 [시험평가] 기재 必","이메일 접수 (hyungsun.kim@kitox.re.kr, juyoung.lee@kitox.re.kr)
※ 제출 시 메일 제목 앞에 [시험평가] 기재 必",https://www.bizinfo.go.kr/sii/siia/selectSIIA200Detail.do?pblancId=PBLN_000000000122268,main,primary,2026년2차메카노바이오활성소재혁신의료기기실증기반구축생물학적시험평가인증지원사업공고산업혁신기반구축사업,국가독성과학연구소,예산 소진시까지~,기술,시험/인증
biz,PBLN_000000000122267,2026년 2차 민관협력 오픈이노베이션 지원사업 수요기업ㆍ기관 협업과제 및 프로그램 모집 공고,"「2026년 민관협력 오픈이노베이션 지원」사업에 참여할 수요기업·기관의 협업 과제(전략과제 해결형) 및 협업 프로그램(민간 선별추천형)을 다음과 같이 모집합니다.
☞ 창업기업과 협력을 희망하는 수요기업(대ㆍ중견기업ㆍ공공기관 등)과 자체 오픈이노베이션 프로그램을 보유한 기관 또는 기업
☞ 창업기업 대상 수요기업과 협업 추진에 필요한 사업화 자금(과제별 최대 1.4억원) 및 후속 연계 지원
※ 자세한 지원내용 공고문 참조",경영,창업진흥원,전국,중소기업,중소기업,,,,,,,디자인/상품화/사업화,2026-05-20,2026-06-09,,온라인 접수 (창업진흥원),온라인 접수 (창업진흥원),https://www.bizinfo.go.kr/sii/siia/selectSIIA200Detail.do?pblancId=PBLN_000000000122267,main,primary,2026년2차민관협력오픈이노베이션지원사업수요기업ㆍ기관협업과제및프로그램모집공고,창업진흥원,2026-05-20~2026-06-09,경영,디자인/상품화/사업화
biz,PBLN_000000000122266,"2026년 스마트제조 전문인력 육성사업 참여기관(기업, 사업단) 모집 공고","중소 제조기업의 디지털ㆍAI전환(DXㆍAX) 가속화와 청년 등 구직자의 적기취업을 지원하기 위한 ‘2026년도 스마트제조 전문인력 육성사업’에 참여할 제조 중소기업 및 사업단을 아래와 같이 모집하오니, 많은 참여 바랍니다.
☞ Track 1 : 스마트 공장 생산ㆍ기술인력 육성 및 공급
- (참여기업) 스마트공장 솔루션(MES, ERP등)을 운영하고 있으며, 스마트공장 생산ㆍ기술인력 채용계획이 있는 제조 중소기업
- (사업단) 다음의 기관유형(①ㆍ②) 중 어느 하나에 해당하면서 공통요건(③)을 모두 충족하는 사업단
①교육ㆍ훈련수행이 가능한 기관 ②스마트제조 분야 산업계 단체 및 지원기관
Track 2 : 제조AI 솔루션 개발인력 육성 및 공급
- (참여기업) 제조AI솔루션 개발인력 채용계획이 있는 제조AI솔루션 공급 중소기업
- (사업단) 다음의 기관유형(①ㆍ②) 중 어느 하나에 해당하면서 공통요건(③)을 모두 충족하는 사업단
① AIㆍSW분야 교육ㆍ훈련이 가능한 기관 ② 스마트제조 AI솔루션 관련 단체 및 지원기관
※ 자세한 지원대상 공고문 참조
☞ 기본운영비, 성과지원금, 환수 및 재배분 지원",기술,중소벤처기업진흥공단,전국,중소기업,중소기업,,,,,,,기술사업화/이전/지도,2026-05-20,2026-06-12,,"① (필수)신청서및정보제공동의서 이메일 접수(govtech@zinidata.co.kr)
② (필수)원클릭 시스템 회원가입 및 서류 제출
※ 자세한 신청방법 공고문 참조","① (필수)신청서및정보제공동의서 이메일 접수(govtech@zinidata.co.kr)
② (필수)원클릭 시스템 회원가입 및 서류 제출
※ 자세한 신청방법 공고문 참조",https://www.bizinfo.go.kr/sii/siia/selectSIIA200Detail.do?pblancId=PBLN_000000000122266,main,primary,2026년스마트제조전문인력육성사업참여기관기업사업단모집공고,중소벤처기업진흥공단,2026-05-20~2026-06-12,기술,기술사업화/이전/지도
biz,PBLN_000000000122265,[전남] 2026년 사회적경제기업 재정지원사업 추가 공고,"사회적경제기업에 대한 재정지원을 통하여 지속적이고 안정적인 수익구조 기반을 마련하고자 2026년 사회적경제기업 재정지원을 다음과 같이 추가 공모합니다.
☞ 도 내 (예비)사회적기업, (예비)마을기업, 사회적협동조합, 자활기업(법인) 등
※ 세부사업별 지원대상 상이(공고문 참조)
☞ 일자리창출 지원, 사업개발비 지원, 시설장비 지원",경영,전남사회적경제통합지원센터,전라남도,사회적기업,사회적기업,,,,,,,디자인/상품화/사업화,2026-05-19,2026-05-27,,"방문, 우편, 온라인 접수
- 사업개발비 지원, 시설장비 지원 : 기업의 소재지 관할 시ㆍ군 사회적경제 담당부서
- 일자리창출 지원 : 온라인 접수 (사회적기업 포털)
※ 세부사업별 신청방법 상이 (공고문 참조)","방문, 우편, 온라인 접수
- 사업개발비 지원, 시설장비 지원 : 기업의 소재지 관할 시ㆍ군 사회적경제 담당부서
- 일자리창출 지원 : 온라인 접수 (사회적기업 포털)
※ 세부사업별 신청방법 상이 (공고문 참조)",https://www.bizinfo.go.kr/sii/siia/selectSIIA200Detail.do?pblancId=PBLN_000000000122265,main,primary,전남2026년사회적경제기업재정지원사업추가공고,전남사회적경제통합지원센터,2026-05-19~2026-05-27,경영,디자인/상품화/사업화
biz,PBLN_000000000122264,[전남] 체류형 여행상품 개발 지원 사업 참여 여행사 5차 모집 공고,"전라남도와 전라남도관광재단은 지역관광 활성화와 12ㆍ29 여객기 참사 이후 피해를 입은 지역 여행업계 지원을 위해 「전남 체류형 여행상품 개발 지원 사업」에 참여할 여행사를 다음과 같이 모집합니다.
☞ 12ㆍ29 여객기 참사(2024.12.29.) 이전에 등록하고, 공고일 현재 영업 중인 전라남도에 주된 영업소를 둔 여행사
- 「관광진흥법 시행령」제2조에 따른 여행사 (※ 대상업종 : 일반여행업, 국외여행업, 국내여행업)
※ 단, 동일 대표자가 타 지자체(광주광역시 등)에서도 여행사를 운영하며, 해당 지자체로부터 동일 목적의 지원사업을 받는 경우 중복 신청 불가
☞ 전남 체류형 여행상품 개발비(업체당 2백만원 내외) 지원",경영,전라남도관광재단,전라남도,중소기업,중소기업,,,,,,,디자인/상품화/사업화,2026-05-19,2026-05-29,,"이메일 접수 (seulbee@ijnto.or.kr)
※ 서류 제출 후 접수 확인 필수 061-802-2154","이메일 접수 (seulbee@ijnto.or.kr)
※ 서류 제출 후 접수 확인 필수 061-802-2154",https://www.bizinfo.go.kr/sii/siia/selectSIIA200Detail.do?pblancId=PBLN_000000000122264,main,primary,전남체류형여행상품개발지원사업참여여행사5차모집공고,전라남도관광재단,2026-05-19~2026-05-29,경영,디자인/상품화/사업화
biz,PBLN_000000000122263,[충북] 2026년 벤처 및 스타트업 기업 공동연구장비 활용 지원사업 참여기업 모집 연장 공고,"「2026년 벤처 및 스타트업 기업 공동연구장비 활용 지원사업」은 충청북도 소재 벤처 및 스타트업 기업의 공동연구장비 활용 수수료 지원을 위해 충청북도가 지원(도비100%)하는 사업입니다. 참여를 희망하는 도내 기업의 많은 신청을 바랍니다.
☞ 접수마감일 기준 충청북도 소재 사업장(본사, 공장, 연구소 중 1개 이상)을 보유하고 있는 바이오 분야 벤처 및 스타트업 기업 
※ 본사, 지사, 공장, 연구소 포함(사업자등록증 등 도내 주소지 확인이 가능한 서류 제출 必)
☞ 충북도내 바이오분야 기업의 공동연구장비 활용 수수료 지원
- 기업별 최대 10,000천원 지원",기술,충북바이오산학융합원,충청북도,창업벤처,"스타트업,초기창업기업",,,,,,,기술인력/장비지원,2026-05-12,2026-06-09,,"우편 또는 방문 접수(원본1부) 및 이메일, 온라인 접수
- 온라인 : 충북바이오션
- 접수처 : 청주시 흥덕구 오송읍 오송생명1로 194-25 청주SB플라자 410호 충북바이오산학융합원 사업지원실
- 이메일 : ojysky@cbio.or.kr","우편 또는 방문 접수(원본1부) 및 이메일, 온라인 접수
- 온라인 : 충북바이오션
- 접수처 : 청주시 흥덕구 오송읍 오송생명1로 194-25 청주SB플라자 410호 충북바이오산학융합원 사업지원실
- 이메일 : ojysky@cbio.or.kr",https://www.bizinfo.go.kr/sii/siia/selectSIIA200Detail.do?pblancId=PBLN_000000000122263,main,primary,충북2026년벤처및스타트업기업공동연구장비활용지원사업참여기업모집연장공고,충북바이오산학융합원,2026-05-12~2026-06-09,기술,기술인력/장비지원
biz,PBLN_000000000122262,[충북] 2026년 바이오기업 GMP인증 지원사업 추가 공고,"충북도내 바이오관련 중소기업의 제품 상용화 촉진 및 제품 경쟁력 강화를 위해 추진하는「2026년도 바이오기업 GMP인증 지원사업」을 다음과 같이 추가 공고하오니 많은 신청 바랍니다.
☞ 충북도내 의약품, 의료기기, 건강기능식품 중소기업
※ 사업장(본사, 공장, 연구소 등)이 충북도 내 소재하고 27년 2월 내 GMP승인 완료를 준비중인 기업
☞ GMP인증을 위한 컨설팅 비용 지원
- 신규, 추가 품목허가, 증축 추가 인증, 임상GMP, 유효기간 도래 재인증 등 GMP 승인과 직접적인 컨설팅 비용 지원",경영,충북바이오산학융합원,충청북도,중소기업,중소기업,,,,,,,컨설팅,2026-05-18,2026-06-12,,"온라인, 이메일 및 오프라인 접수
- 온라인 : 충북바이오션 홈페이지
- 이메일 : ojysky@cbio.or.kr
- 접수처 : 충북 청주시 흥덕구 오송생명1로 194-25, 청주SB플라자 410호
※ 오프라인 접수 : 제출 서류 책자 제본 후 제출(원본 1부 및 사본 1부)","온라인, 이메일 및 오프라인 접수
- 온라인 : 충북바이오션 홈페이지
- 이메일 : ojysky@cbio.or.kr
- 접수처 : 충북 청주시 흥덕구 오송생명1로 194-25, 청주SB플라자 410호
※ 오프라인 접수 : 제출 서류 책자 제본 후 제출(원본 1부 및 사본 1부)",https://www.bizinfo.go.kr/sii/siia/selectSIIA200Detail.do?pblancId=PBLN_000000000122262,main,primary,충북2026년바이오기업gmp인증지원사업추가공고,충북바이오산학융합원,2026-05-18~2026-06-12,경영,컨설팅
biz,PBLN_000000000122261,[충북] 2026년 향기연구소 운영 및 제품개발 지원사업 사업화 지원 분야 수혜기업 모집 공고(충북 향기연구소 운영 및 제품개발지원사업),"2026년도 충북경제자유구역청과 충북테크노파크가 지원하는「충북 향기연구소 운영 및 제품개발 지원사업」 사업화지원 프로그램을 안내하오니, 해당 프로그램 참여를 희망하는 충북 도내 중소기업의 많은 신청 바랍니다.
☞ 충청북도 향료 활용 기업(본사, 지사, 공장, 연구소 중 1개 이상 충북 도내 소재)
☞ 충북자생식물활용 향원료 시생산(기업당 최대 5,000천원), 2026년 오송화장품뷰티엑스포 '충북 향기연구소 통합관(가칭)' 입점(기업당 최대 5,325천원) 지원
※ 자세한 지원내용 공고문 참조",경영,충북테크노파크,충청북도,중소기업,중소기업,,,,,,,디자인/상품화/사업화,2026-05-18,2026-06-17,,온라인 접수 (충북테크노파크 컨텍센터),온라인 접수 (충북테크노파크 컨텍센터),https://www.bizinfo.go.kr/sii/siia/selectSIIA200Detail.do?pblancId=PBLN_000000000122261,main,primary,충북2026년향기연구소운영및제품개발지원사업사업화지원분야수혜기업모집공고충북향기연구소운영및제품개발지원사업,충북테크노파크,2026-05-18~2026-06-17,경영,디자인/상품화/사업화
biz,PBLN_000000000122260,[경남] 2026년 특화개발지원사업(방산 스타트업 인큐베이팅 시범사업) 참여기업 모집 공고,"경남테크노파크에서는 경남창원방산혁신클러스터를 통해 구축된 인프라, 개발기술 등을 포함하여 체계기업의 단기ㆍ중기 소요품목과 직접 연계하여 중소ㆍ벤처기업의 생산성 및 매출 향상을 목적으로 참여기업을 모집하오니, 경남 지역의 관심 있는 기업은 많은 참여와 신청바랍니다.
☞ 공고일 기준 경남지역(본사 또는 공장) 소재 중소ㆍ벤처기업
※ 자세한 지원대상 공고문 참조
☞ 단기과제, 중기과제 연구재료비, 연구활동비 등 지원
- (단기과제) 과제당 최대 200백만원 지원
- (중기과제) 과제당 최대 430백만원(연간 300백만원 이내) 지원",기술,경남테크노파크,경상남도,중소기업,"스타트업,중소기업",,,,,,,기술사업화/이전/지도,2026-05-13,2026-06-01,,온라인 접수 (경남테크노파크),온라인 접수 (경남테크노파크),https://www.bizinfo.go.kr/sii/siia/selectSIIA200Detail.do?pblancId=PBLN_000000000122260,main,primary,경남2026년특화개발지원사업방산스타트업인큐베이팅시범사업참여기업모집공고,경남테크노파크,2026-05-13~2026-06-01,기술,기술사업화/이전/지도
biz,PBLN_000000000122258,2026년 관계부처 합동 한류마케팅 참가기업 모집 공고,"한국콘텐츠진흥원은 해외에서 호감도가 높은 K-콘텐츠와 연계, 한류를 활용한 연관 산업 홍보마케팅 및 해외진출을 지원하고자 2026년 관계부처 합동 한류마케팅 참가기업을 모집하오니 많은 신청 바랍니다.
☞ 방송 간접광고(PPL) 및 브랜디드 콘텐츠 노출에 적합하며, 해외진출이 가능한 IP를 보유 중인 국내 콘텐츠기업
- 모집장르 : 전 장르(게임, 애니, 캐릭터, 웹툰, 음악, 패션, 신기술융합콘텐츠 등)
☞ 간접광고, 마케팅ㆍ후속지원
- (간접광고) 글로벌 OTT 또는 해외 방영예정인 (웹)드라마, (웹)예능 등에 간접광고(PPL) 제작ㆍ매칭 및 USP 코칭ㆍ효율적 노출 지원
- (마케팅ㆍ후속지원) 간접광고 연계 마케팅 패키지 제작 및 해외 온ㆍ오프라인 판촉 및 B2B 비즈매칭 지원",판로/수출,한국콘텐츠진흥원,전국,중소기업,중소기업,,,,,,,홍보지원,2026-05-19,2026-06-09,,온라인 접수 (콘텐츠수출마케팅플랫폼 웰콘(Welcon)),온라인 접수 (콘텐츠수출마케팅플랫폼 웰콘(Welcon)),https://www.bizinfo.go.kr/sii/siia/selectSIIA200Detail.do?pblancId=PBLN_000000000122258,main,primary,2026년관계부처합동한류마케팅참가기업모집공고,한국콘텐츠진흥원,2026-05-19~2026-06-09,내수,홍보지원
biz,PBLN_000000000122255,[강원] 원주시 2026년 중소기업 지식재산 국내 분쟁 지원 사업 수시 모집 공고,"지식재산권 관련 분쟁으로 애로를 겪고 있는 원주시 소재 중소기업을 대상으로 지식재산권 관련 심판 및 소송 등의 비용을 지원하는 「2026년 원주시 중소기업 지식재산 국내 분쟁 지원 사업」 지원기업을 모집하오니 관심 있는 기업의 많은 참여 바랍니다.
☞ 지식재산권 분쟁으로 인해 관련 심판 또는 소송을 진행 중이거나 진행 예정인 원주시 소재 중소기업
☞ 무효심판, 권리범위확인심판, 취소심판, 지식재산권 관련 소송(가처분, 민ㆍ형사 소송 등), 경고장 대응 지원
- 기업당 최대 8,000 천원 이내 지원",기술,강원특별자치도경제진흥원,강원특별자치도,중소기업,중소기업,,,,,,,시험/인증,예산 소진시까지,,,이메일 접수 (wonjugwep@naver.com),이메일 접수 (wonjugwep@naver.com),https://www.bizinfo.go.kr/sii/siia/selectSIIA200Detail.do?pblancId=PBLN_000000000122255,main,primary,강원원주시2026년중소기업지식재산국내분쟁지원사업수시모집공고,강원특별자치도경제진흥원,예산 소진시까지~,기술,시험/인증
biz,PBLN_000000000122254,[대전] 2026년 전통시장 등 공동배송시스템 지원사업 라이더 배달비 지원사업 공고,"전통시장ㆍ상점가ㆍ골목형상점가의 판로확대 및 소비환경 변화에 대한 대응력 확보를 위하여 「2026년 라이더 배달비 지원사업」을 다음과 같이 공고합니다.
☞ 관내 전통시장ㆍ상점가ㆍ골목형상점가 소속 소상공인
☞ 온라인(배달의민족, 쿠팡이츠, 땡겨요 등) 배달앱 접수 배달 건당 2,000원 / 연간 최대 50만원 지원",판로/수출,대전일자리경제진흥원,대전광역시,소상공인,소상공인,,,,,,,온라인,예산 소진시까지,,,온라인 접수 (전통시장 등 공동배송시스템 지원사업),온라인 접수 (전통시장 등 공동배송시스템 지원사업),https://www.bizinfo.go.kr/sii/siia/selectSIIA200Detail.do?pblancId=PBLN_000000000122254,main,primary,대전2026년전통시장등공동배송시스템지원사업라이더배달비지원사업공고,대전일자리경제진흥원,예산 소진시까지~,내수,온라인
biz,PBLN_000000000122253,[강원] 2026년 소상공인 IP창출 종합패키지(브랜드ㆍ디자인 융합) 사업 참여기업 모집 공고,"소상공인의 지식재산 피해를 예방하고 안정적 성장을 돕기 위하여, 시장ㆍ제품 특성이 반영된 브랜드와 디자인 융합 개발을 지원하고 소상공인이 보유한 지식재산을 권리로 보호하기 위한 「소상공인 IP창출 종합패키지 (브랜드&디자인 융합)」 지원 사업을 시행하오니 희망하는 소상공인은 아래에 따라 신청하여 주시기 바랍니다.
☞「소상공인기본법」제2조에 따른 도내 13개 시ㆍ군 소재 소상공인(사업자등록증 보유)
※ 춘천, 원주, 속초, 홍천, 횡성, 영월, 평창, 철원, 화천, 양구, 인제, 고성, 양양
☞ 상표ㆍ디자인 각 1건 이상 IP출원, 컨설팅보고서ㆍ디자인적용가이드, IP교육 등 지원
- 브랜드 개발(네이밍, 로고, 캐릭터 등)
- 디자인 개발(포장디자인)",경영,강원지식재산센터,강원특별자치도,소상공인,소상공인,,,,,,,디자인/상품화/사업화,2026-05-19,2026-06-15,,온라인 접수 (지역지식재산센터 사업관리시스템),온라인 접수 (지역지식재산센터 사업관리시스템),https://www.bizinfo.go.kr/sii/siia/selectSIIA200Detail.do?pblancId=PBLN_000000000122253,main,primary,강원2026년소상공인ip창출종합패키지브랜드ㆍ디자인융합사업참여기업모집공고,강원지식재산센터,2026-05-19~2026-06-15,경영,디자인/상품화/사업화
biz,PBLN_000000000122252,2026년 경북형 사회적경제 창업학교 참가자 모집 공고,"경상북도 사회적경제지원센터에서는 도내 사회적경제 활성화 및 사회적경제기업 성장지원을 위하여 다음과 같이「2026 경북형 사회적경제 창업학교」 참가자를 모집하오니 많은 참여 바랍니다.
☞ 사회적경제에 관심 있는 대한민국 국민 누구나(예비창업자)
☞ 기본교육, 사업화 자금, 창업공간, 자원연계 및 성장 지원
- 기본교육 : 사회적경제 기초 및 창업 실무 교육 프로그램 제공
- 사업화 자금 : 우수창업팀 대상 총 4천만원 이내 지원
- 창업공간 : 우수창업팀 대상 주관기관 보유 창업공간 제공
- 자원연계 및 성장 : 주요 창업지원사업 참가지원 및 선배기업가 네트워킹",창업,경상북도사회적경제지원센터,경상북도,사회적기업,사회적기업,,,,,,,예비창업자지원,2026-05-19,2026-06-14,,온라인 접수 (구글 폼),온라인 접수 (구글 폼),https://www.bizinfo.go.kr/sii/siia/selectSIIA200Detail.do?pblancId=PBLN_000000000122252,main,primary,2026년경북형사회적경제창업학교참가자모집공고,경상북도사회적경제지원센터,2026-05-19~2026-06-14,창업,예비창업자지원
biz,PBLN_000000000122251,[인천] 2026년 소상공인 IP창출 종합패키지(브랜드&디자인 융합) 사업 공고,"소상공인의 지식재산 피해를 예방하고 안정적 성장을 돕기 위하여, 시장ㆍ제품 특성이 반영된 브랜드와 디자인 융합 개발을 지원하고 소상공인이 보유한 지식재산을 권리로 보호하기 위한 「소상공인 IP창출 종합패키지 (브랜드&디자인 융합)」 지원 사업을 시행하오니 희망하는 소상공인은 아래에 따라 신청하여 주시기 바랍니다.
☞「소상공인기본법」제2조에 따른 소상공인(사업자등록증 보유)
☞ 상표ㆍ디자인 각 1건 이상 IP출원, 컨설팅보고서ㆍ디자인적용가이드, IP교육 등 지원
- 브랜드 개발(네이밍, 로고, 캐릭터 등)
- 디자인 개발(포장디자인)",경영,인천지식재산센터,인천광역시,소상공인,소상공인,,,,,,,디자인/상품화/사업화,2026-05-19,2026-06-15,,온라인 접수 (지역지식재산센터 사업관리시스템),온라인 접수 (지역지식재산센터 사업관리시스템),https://www.bizinfo.go.kr/sii/siia/selectSIIA200Detail.do?pblancId=PBLN_000000000122251,main,primary,인천2026년소상공인ip창출종합패키지브랜드디자인융합사업공고,인천지식재산센터,2026-05-19~2026-06-15,경영,디자인/상품화/사업화
biz,PBLN_000000000122250,[경북] 2026년 로컬 맞춤형 R&D 방위 R&D Spin-On 방산기업 제품 고도화 지원 참여기업 추가 모집 공고,"경북산학융합원에서는 방산기업이 보유한 핵심기술을 기반으로 시제품ㆍ실증 단계까지 제품 고도화에 도움을 드리고자 「방산기업 제품 고도화 지원사업」을 다음과 같이 공고하오니 많은 참여를 바랍니다. 
☞ 지역 내 방위산업 관련 전ㆍ후방 기업
☞ 방산기업들을 위한 전문가와 1:1 매칭을 통해 기업컨설팅 및 치계적인 과제 기획 보고서 작성 지원(최대 2백만원)
※ 자세한 지원내용 공고문 참조",기술,경북산학융합원,경상북도,중소기업,중소기업,,,,,,,기술정보제공,2026-05-18,2026-05-31,,이메일 접수 (ydh0208@giaci.or.kr),이메일 접수 (ydh0208@giaci.or.kr),https://www.bizinfo.go.kr/sii/siia/selectSIIA200Detail.do?pblancId=PBLN_000000000122250,main,primary,경북2026년로컬맞춤형rd방위rdspinon방산기업제품고도화지원참여기업추가모집공고,경북산학융합원,2026-05-18~2026-05-31,기술,기술정보제공
biz,PBLN_000000000122249,[부산] 기계-부품산업 수출활성화 지원사업 高유가 대응 수출기업 물류비 지원사업 공고,"부산광역시와 부산시기계공업협동조합에서는 중동전쟁 장기화 및 고유가로 수출입 물류비 증가 등에 따라 피해가 우려되는 기업의 부담을 완화하기 위하여 「高유가 대응 수출기업 물류비 지원사업」을 다음과 같이 공고 하오니 관심 있는 기업의 많은 참여를 바랍니다.
☞ 사업자등록증상 부산광역시를 소재지로 하는 제조기업
☞ 국제운임(INCOTERMS상 C조건 또는 D조건)지원(업체당 최대 250만원)
※ 자세한 지원내용 공고문 참조",판로/수출,부산시기계공업협동조합,부산광역시,중소기업,중소기업,,,,,,,해외진출,선착순 접수,,,"방문, 우편, 이메일 접수
- 접수처 : (46741) 부산시 강서구 화전산단6로 71(화전동) 부산시기계공업협동조합 1층 103호 뿌리산업팀
- 이메일 : wouni83@naver.com","방문, 우편, 이메일 접수
- 접수처 : (46741) 부산시 강서구 화전산단6로 71(화전동) 부산시기계공업협동조합 1층 103호 뿌리산업팀
- 이메일 : wouni83@naver.com",https://www.bizinfo.go.kr/sii/siia/selectSIIA200Detail.do?pblancId=PBLN_000000000122249,main,primary,부산기계부품산업수출활성화지원사업高유가대응수출기업물류비지원사업공고,부산시기계공업협동조합,선착순 접수~,수출,해외진출
biz,PBLN_000000000122248,[경북] 칠곡군 2026년 2차 전략산업 육성방안 수립 지원사업 기업지원 프로그램 수혜기업 모집 공고,"2026년도 칠곡군이 추진하는 「칠곡군 전략산업 육성방안 수립 지원사업」의 일환으로, 첨단 농기계 산업 분야 기업의 기술 고도화 및 제품 상용화 지원을 위한 시제품 제작 지원을 다음과 같이 안내하오니, 해당 기업지원 프로그램 참여를 희망하는 경상북도 칠곡군 중소ㆍ중견기업의 많은 신청 바랍니다.
☞ 경상북도 칠곡군 소재(본사, 공장, 연구소 기준) 중소ㆍ중견기업으로 농기계 분야 전ㆍ후방 연관 제품(기술)의 시제품 제작을 통한 기술개발 및 사업화를 추진ㆍ준비 중인 기업
☞ 시제품 제작(기업당 최대 15,000천원) 지원
- 농기계 부품 시제품 및 고급화 등 제작을 위한 기술지원",기술,경북테크노파크,경상북도,중소기업,중소기업,,,,,,,기술사업화/이전/지도,2026-05-19,2026-05-27,,"이메일 접수 (kkm@gbtp.or.kr, khs0455@gbtp.or.kr)
※ 메일 제목 및 접수 서류 파일명 : 첨단 농기계 시제품 제작 지원_(기업명)","이메일 접수 (kkm@gbtp.or.kr, khs0455@gbtp.or.kr)
※ 메일 제목 및 접수 서류 파일명 : 첨단 농기계 시제품 제작 지원_(기업명)",https://www.bizinfo.go.kr/sii/siia/selectSIIA200Detail.do?pblancId=PBLN_000000000122248,main,primary,경북칠곡군2026년2차전략산업육성방안수립지원사업기업지원프로그램수혜기업모집공고,경북테크노파크,2026-05-19~2026-05-27,기술,기술사업화/이전/지도
biz,PBLN_000000000122247,[부산] 기계-부품산업 수출활성화 지원사업 해외전시회 개별참가 지원사업 공고,"부산광역시와 부산시기계공업협동조합에서는 수출 판로 확대를 위하여 「해외전시회 개별참가 지원사업」을 다음과 같이 공고 하오니 관심 있는 기업의 많은 참여를 바랍니다.
☞ 사업자등록증상 부산광역시를 소재지로 하는 제조기업
☞ 해외전시회 개별참가 지원(업체당 최대 625만원)
- 참가 부스 임차료, 장치비, 화물탁송료, 통역료, 편도항공료(1사2인, 일반석), 전시부스 조성비(디자인, 홍보물 등), 온라인 플랫폼 입점 및 온라인 전시회 참가비용 지원",판로/수출,부산시기계공업협동조합,부산광역시,중소기업,중소기업,,,,,,,해외진출,선착순 접수,,,"방문, 우편, 이메일 접수
- 접수처 : (46741) 부산시 강서구 화전산단6로 71(화전동) 부산시기계공업협동조합 1층 103호 뿌리산업팀
- 이메일 : wouni83@naver.com","방문, 우편, 이메일 접수
- 접수처 : (46741) 부산시 강서구 화전산단6로 71(화전동) 부산시기계공업협동조합 1층 103호 뿌리산업팀
- 이메일 : wouni83@naver.com",https://www.bizinfo.go.kr/sii/siia/selectSIIA200Detail.do?pblancId=PBLN_000000000122247,main,primary,부산기계부품산업수출활성화지원사업해외전시회개별참가지원사업공고,부산시기계공업협동조합,선착순 접수~,수출,해외진출
biz,PBLN_000000000122246,[경북] 영천시 2026년 2차 지방소멸 대응을 위한 모빌리티 가공부품산업 제조전환 및 구조 효율화 지원사업 공고(시군구연고산업육성 협업프로젝트),"2026년도 중소벤처기업부, 경상북도, 영천시가 지원하는 시군구연고산업육성 협업프로젝트 수행자로 선정된 주관기관별 지원 프로그램을 안내하오니, 해당 프로그램 참여를 희망하는 영천시 지역 중소기업의 많은 신청 바랍니다.
☞ 인구감소(관심)지역으로 지정된 영천시 소재(본사, 공장 기준)의 모빌리티 가공부품산업 전ㆍ후방 관련 제품을 생산하는 중소기업
☞ 혁신화&성장촉진, 인식개선, 사업화, 패키지, 생산성향상, 외국인력채용 지원 등
※ 자세한 지원내용 공고문 참조",경영,경북테크노파크,경상북도,중소기업,중소기업,,,,,,,디자인/상품화/사업화,2026-05-18,2026-06-05,,온라인 접수 (기업지원사업 관리시스템),온라인 접수 (기업지원사업 관리시스템),https://www.bizinfo.go.kr/sii/siia/selectSIIA200Detail.do?pblancId=PBLN_000000000122246,main,primary,경북영천시2026년2차지방소멸대응을위한모빌리티가공부품산업제조전환및구조효율화지원사업공고시군구연고산업육성협업프로젝트,경북테크노파크,2026-05-18~2026-06-05,경영,디자인/상품화/사업화
biz,PBLN_000000000122245,[경기] 부천시 2026년 한국전자전(KES 2026) 참가기업 모집 추가 공고,"부천산업진흥원에서는 부천시 첨단산업 육성을 위해「2026년 한국전자전(KES 2026)」참가 지원을 통해 관내 기업의 기술 홍보, 바이어 발굴 및 판로 개척을 지원하고, 글로벌 진출과 지역경제 활성화를 도모하고자 하오니 많은 참여 바랍니다. 
☞ 부천소재 중소기업(본사 또는 공장)
☞ 부스임차비 및 장치비 90%(1부스 기준), 기타 운영지원",판로/수출,부천산업진흥원,경기도,중소기업,중소기업,,,,,,,오프라인,2026-05-21,2026-06-05,,온라인 접수 (부천산업진흥원),온라인 접수 (부천산업진흥원),https://www.bizinfo.go.kr/sii/siia/selectSIIA200Detail.do?pblancId=PBLN_000000000122245,main,primary,경기부천시2026년한국전자전kes2026참가기업모집추가공고,부천산업진흥원,2026-05-21~2026-06-05,내수,오프라인
biz,PBLN_000000000122244,[경남] 2026년 인도네시아 조선ㆍ해양 무역사절단 참가 업체 모집 공고,"경상남도에 위치한 경쟁력 있는 조선해양 분야 중소기업을 대상으로, 인도네시아 및 동남아 수출시장 확대를 지원하고자,「2026 인도네시아 조선ㆍ해양 무역사절단」에 참가할 기업을 아래와 같이 모집하오니 많은 참여 바랍니다.
☞ 도내에 본사 또는 공장이 소재하는 조선해양 분야 중소기업
☞ 행사장 임차비, 항공료(50%, 1社 1人)",판로/수출,경남조선해양기자재협동조합,경상남도,중소기업,중소기업,,,,,,,시장개척,2026-05-18,2026-05-27,,온라인 접수 (경상남도 해외마케팅 사업지원시스템),온라인 접수 (경상남도 해외마케팅 사업지원시스템),https://www.bizinfo.go.kr/sii/siia/selectSIIA200Detail.do?pblancId=PBLN_000000000122244,main,primary,경남2026년인도네시아조선ㆍ해양무역사절단참가업체모집공고,경남조선해양기자재협동조합,2026-05-18~2026-05-27,수출,시장개척
biz,PBLN_000000000122243,[강원] 철원군 2026년 중소기업 맞춤형 지원사업 추가모집 공고,"철원군 우수 중소기업의 국내ㆍ외 마케팅 활성화 및 기업 경쟁력 강화를 위해 아래와 같이「2026년 철원군 중소기업 맞춤형 지원사업」참여기업을 추가 모집하오니 많은 참여 바랍니다.
☞ 철원군 소재(본사 또는 공장) 중소 제조기업 중 아래 ① ~ ③항을 모두 충족하여야 함
① 「중소기업기본법」에 따른 중소기업으로서, 사업자등록증 상 ‘제조업’ 또는 ‘제조’가 명시된 기업
② 중소기업 확인서 발급이 가능한 기업
③ 2025년도 재무제표 또는 부가가치세 표준증명 서류 제출이 가능한 기업
☞ 홍보책자 제작(기업당3,000천원 한도) 지원, 국내ㆍ외 개별전시 박람회 참가(기업당2,000천원 한도) 지원
※ 자세한 지원내용 공고문 참조",판로/수출,강원특별자치도경제진흥원,강원특별자치도,중소기업,중소기업,,,,,,,홍보지원,2026-05-19,2026-05-29,,이메일 접수(jone81@gwep.or.kr),이메일 접수(jone81@gwep.or.kr),https://www.bizinfo.go.kr/sii/siia/selectSIIA200Detail.do?pblancId=PBLN_000000000122243,main,primary,강원철원군2026년중소기업맞춤형지원사업추가모집공고,강원특별자치도경제진흥원,2026-05-19~2026-05-29,내수,홍보지원
biz,PBLN_000000000122241,[강원] 2026년 농식품 베트남 수출상담회 참여기업 모집 공고(베트남본부 협업),"각 지방정부 베트남본부와 aT 호치민지사간 협업을 통해 도내 수출 유망 농식품 기업의 수출상담회를 진행하고자 합니다. 베트남 시장 진출을 희망하시는 기업의 많은 신청 부탁드립니다.
☞ 강원특별자치도 내 소재한 농산물 및 가공식품 등 농식품 기업
☞ 점심식사, E-카탈로그, 샘플배송비(2kg한도), 통역요원 지원",판로/수출,강원특별자치도경제진흥원,강원특별자치도,중소기업,중소기업,,,,,,,해외진출준비,2026-05-19,2026-05-28,,"온라인 또는 이메일 접수 
- 온라인 : 강원특별자치도 수출기업서포트
- 이메일 : jin.b@gwep.or.kr","온라인 또는 이메일 접수 
- 온라인 : 강원특별자치도 수출기업서포트
- 이메일 : jin.b@gwep.or.kr",https://www.bizinfo.go.kr/sii/siia/selectSIIA200Detail.do?pblancId=PBLN_000000000122241,main,primary,강원2026년농식품베트남수출상담회참여기업모집공고베트남본부협업,강원특별자치도경제진흥원,2026-05-19~2026-05-28,수출,해외진출준비
biz,PBLN_000000000122240,[부산] 2026년 지역중소기업 밀집지역 생태계 공동회복 지원과제 수요기업 모집 공고(중소기업 밀집지역 위기대응 체계 구축사업),"중소벤처기업부와 부산광역시가 지원하는 「2026년 중소기업 밀집지역 위기대응 체계 구축사업」 지역중소기업 밀집지역 생태계 공동회복 지원과제를 다음과 같이 추진하오니, 참여를 희망하는 해당지역 중소기업들의 많은 신청 바랍니다.
☞ 부산광역시 밀집지역 생태계 공동회복 지원과제 지원 대상 중소기업 밀집지역 소재 중소기업
☞ 부산광역시 신발사업 AIㆍDX 공동전환 가속화 프로그램 지원
- 역량강화 : 신발산업 특화 AIㆍDX활용 역량강화 교육 운영
- 실습지원 : 생성형 AI 기반 콘텐츠 제작 실습 및 활용 지원, 실습 중심 공동 프로젝트 운영
- 적용지원 : 기업현장 적용을 위한 기초활용 지원
- 성과관리 : 애로사항 발굴 및 교육성과 조사",경영,부산테크노파크,부산광역시,중소기업,중소기업,,,,,,,디자인/상품화/사업화,2026-05-14,2026-05-27,,온라인 접수 (부산테크노파크 전자평가시스템),온라인 접수 (부산테크노파크 전자평가시스템),https://www.bizinfo.go.kr/sii/siia/selectSIIA200Detail.do?pblancId=PBLN_000000000122240,main,primary,부산2026년지역중소기업밀집지역생태계공동회복지원과제수요기업모집공고중소기업밀집지역위기대응체계구축사업,부산테크노파크,2026-05-14~2026-05-27,경영,디자인/상품화/사업화
biz,PBLN_000000000122239,2026년 산업기술국제협력 통합 시행계획 한-미 양자공동R&D 재공고,"「2026년 산업기술국제협력사업」통합 시행계획 공고 (산업통상부 공고 제 2026-165호) 와 관련하여 한-미 양자공동R&D의 신청ㆍ접수기간을 아래와 같이 재공고하오니 희망 기관은 관련 규정 및 절차에 따라 신청하여 주시기 바랍니다.
☞ 기업, 대학, 연구기관, 의료기관 (산업기술혁신사업 공통 운영요령 제2조(용어의 정의))
- 주관연구개발기관 및 공동연구개발기관 中 국내기업은 접수마감일 현재 사업자등록증 및 법인등기부등본 기준으로 창업 1년 이상 경과하고, 한국산업기술진흥협회가 발급한 “기업부설연구소 인정서“를 보유하고 있는 국내 사업자
☞ (양자간 공동펀딩형 R&D) 양국 정부간 합의한 협력국가의 기관과 컨소시엄을 구성하고 해당국과 공동 승인한 과제를 대상으로 각국이 자국 기관에 자금 지원",기술,한국산업기술진흥원,전국,중소기업,중소기업,,,,,,,공동기술개발,2026-05-19,2026-06-16,,온라인 접수 (한국산업기술진흥원 과제관리시스템),온라인 접수 (한국산업기술진흥원 과제관리시스템),https://www.bizinfo.go.kr/sii/siia/selectSIIA200Detail.do?pblancId=PBLN_000000000122239,main,primary,2026년산업기술국제협력통합시행계획한미양자공동rd재공고,한국산업기술진흥원,2026-05-19~2026-06-16,기술,공동기술개발
biz,PBLN_000000000122238,[강원] 춘천시 2026년 지식재산 국내분쟁 비용지원 사업 모집 연장 공고,"지식재산권 관련 분쟁으로 애로를 겪고 있는 춘천시 소재 중소기업을 대상으로 지식재산권 관련 심판 및 소송 등의 비용을 지원하는「2026년 춘천시 지식재산 국내분쟁 비용지원 사업」지원기업을 모집하오니 관심 있는 기업의 많은 참여 바랍니다.
☞ 지식재산권 분쟁으로 인해 관련 심판 또는 소송을 진행 중이거나 진행 예정인 춘천시 소재 중소기업 (「중소기업기본법」제2조에 의거)
☞ 무효심판, 권리범위확인심판, 취소심판, 지식재산권 관련 소송(가처분, 민ㆍ형사 소송 등), 경고장 대응 지원
- 기업당 최대 8,000 천원 이내 지원",기술,강원특별자치도경제진흥원,강원특별자치도,중소기업,중소기업,,,,,,,시험/인증,예산 소진시까지,,,이메일 접수 (ip15@gwep.or.kr),이메일 접수 (ip15@gwep.or.kr),https://www.bizinfo.go.kr/sii/siia/selectSIIA200Detail.do?pblancId=PBLN_000000000122238,main,primary,강원춘천시2026년지식재산국내분쟁비용지원사업모집연장공고,강원특별자치도경제진흥원,예산 소진시까지~,기술,시험/인증
biz,PBLN_000000000122237,2026년 전남 세라믹산업 스케일업 선도기업 육성 지원사업 공고,"사업장이 전라남도 내 소재하고 있는 세라믹산업 기술유망 스타트업 기업과 지역 내 사업장 설치 예정 기업을 대상으로 다음과 같이 조기 양산 전환을 위한 스케일업 지원 사업을 공고 하오니 많은 참여 바랍니다.
☞ 전라남도 내 사업장을 설치하였거나 설치 예정기업을 대상
- 상용화 계획 제품이 기술개발이 완료된 후 시제품 제작 단계 기업(TRL 4단계 이상) 또한 이후 양산 전환시 지역 내 양산공장 건립 예정 기업
※ 자세한 지원대상 공고문 참조
☞ 시험생산(준양산), AI데이터 기반 엔지니어링 기술, 수요처 연계 발굴 등 2년간 2억원(1억원/년) 내 기업이 희망하는 선택적 패키지 지원",기술,전남테크노파크,전라남도,중소기업,중소기업,,,,,,,기술사업화/이전/지도,2026-05-18,2026-06-01,,온라인 접수 (혁신성장플랫폼),온라인 접수 (혁신성장플랫폼),https://www.bizinfo.go.kr/sii/siia/selectSIIA200Detail.do?pblancId=PBLN_000000000122237,main,primary,2026년전남세라믹산업스케일업선도기업육성지원사업공고,전남테크노파크,2026-05-18~2026-06-01,기술,기술사업화/이전/지도
biz,PBLN_000000000122236,[경기] 남양주시 2026년 기술코칭 지원 참여기업 모집 연장 공고(국가기술거래플랫폼서비스사업),"경기대진테크노파크 경기북부지식재산센터는 남양주시와 협력하여 남양주시 소재 중소기업의 기술이전과 이전기술의 사업화 촉진을 통한 기술사업화 경쟁력 강화를 위해「2026년 남양주시 국가기술거래플랫폼서비스사업」을 아래와 같이 공고하오니, 많은 관심과 참여 바랍니다.
☞ 본사 또는 공장 중 개 이상 남양주시에 소재한 제조업 분야 중소기업
☞ 기술코칭(전문가수당) 지원
- 기술ㆍ경영 애로 해소를 위한 전문가 매칭 및 컨설팅 지원
- 전문가(기술코치) 매칭에 따른 컨설팅 5회 이내 진행 지원",기술,경기대진테크노파크,경기도,중소기업,중소기업,,,,,,,기술사업화/이전/지도,2026-05-19,2026-05-29,,이메일 접수 (ipteam@gdtp.or.kr),이메일 접수 (ipteam@gdtp.or.kr),https://www.bizinfo.go.kr/sii/siia/selectSIIA200Detail.do?pblancId=PBLN_000000000122236,main,primary,경기남양주시2026년기술코칭지원참여기업모집연장공고국가기술거래플랫폼서비스사업,경기대진테크노파크,2026-05-19~2026-05-29,기술,기술사업화/이전/지도
biz,PBLN_000000000122235,[전북] CES 2027 공동관 및 단독관 참가기업 모집 공고,"전북특별자치도와 전북테크노파크는 도내 중소기업의 글로벌 시장 진출 확대를 위해 세계 최대 규모의 ICTㆍ가전 박람회인「CES 2027」에 전북 기업 참가를 지원합니다. 이에 공동관 및 단독관 참가 
기업을 다음과 같이 모집하오니 지역 기업의 많은 신청 바랍니다.
☞ 전북 도내 중소ㆍ벤처기업
- (공동관) 전북도내 사업장(본사, 지사, 공장, 연구소)을 보유한 중소ㆍ벤처기업
- (단독관) CES 전북공동관 참가 기업 또는 CES 혁신상 수상 기업 중 공고일 기준으로 하기 조건을 모두 충족하는 기업
※ 공동관, 단독관 지원대상 상이, 자세한 지원대상 공고문 참조
☞ 부스 및 디자인 장치, 항공 및 숙박, 운송비, 통역비, 홍보비 지원",판로/수출,전북테크노파크,전북특별자치도,중소기업,중소기업,,,,,,,해외진출,2026-05-11,2026-05-29,,온라인 접수 (전북테크노파크 R&D종합정보시스템),온라인 접수 (전북테크노파크 R&D종합정보시스템),https://www.bizinfo.go.kr/sii/siia/selectSIIA200Detail.do?pblancId=PBLN_000000000122235,main,primary,전북ces2027공동관및단독관참가기업모집공고,전북테크노파크,2026-05-11~2026-05-29,수출,해외진출
biz,PBLN_000000000122234,[경기] 남양주시 2026년 기술이전 및 사업화 지원 참여기업 모집 연장 공고(국가기술거래플랫폼서비스사업),"(재)경기대진테크노파크 경기북부지식재산센터는 남양주시와 협력하여 남양주시 소재 중소기업의 기술이전과 이전기술의 사업화 촉진을 통한 기술사업화 경쟁력 강화를 위해「2026년 남양주시 국가기술거래플랫폼서비스사업」을 아래와 같이 공고하오니 많은 관심과 참여 바랍니다.
☞ 남양주시 소재 제조업 분야 중소기업 (본사/공장) 단, 아래의 지원요건(①,②) 모두 충족해야 함
① 본사 또는 공장 중 1개 이상이 남양주시에 소재한 제조업 분야 중소기업
② 자사의 특허기술을 보유하고 있으며, 해당 기술의 상용화 지원이 필요한 기업
☞ 기술이전 및 사업화(최대 22,000천원 이내) 지원
※ 자세한 지원내용 공고문 참조",기술,경기대진테크노파크,경기도,중소기업,중소기업,,,,,,,기술사업화/이전/지도,2026-05-19,2026-05-29,,이메일 접수 (ipteam@gdtp.or.kr),이메일 접수 (ipteam@gdtp.or.kr),https://www.bizinfo.go.kr/sii/siia/selectSIIA200Detail.do?pblancId=PBLN_000000000122234,main,primary,경기남양주시2026년기술이전및사업화지원참여기업모집연장공고국가기술거래플랫폼서비스사업,경기대진테크노파크,2026-05-19~2026-05-29,기술,기술사업화/이전/지도
biz,PBLN_000000000122233,"[전북] 2026년 글로벌 강소기업 1,000+ 프로젝트-강소ㆍ강소+ 지역 자율프로그램 참여기업 모집 공고","중소벤처기업부와 전북특별자치도, 전북테크노파크는 글로벌강소기업을 대상으로「2026년 글로벌강소기업 1,000+프로젝트-강소, 강소+」 자율프로그램 참여기업 모집
공고를 안내하오니 참여를 희망하는 기업은 안내에 따라 신청하여 주시기 바랍니다.
☞ 공고일 현재 글로벌 강소기업 1,000+프로젝트-강소, 강소+ 또는 글로벌 강소기업 지정기업
☞ 기업역량 강화, 글로벌 시장 진출, 기타(맞춤형지원) 기업당 5,000만원 한도 지원
- 기업역량 강화 : 기술개발ㆍ사업화, 공정개선ㆍ디지털전환, 경영전략ㆍR&D기획, 인증ㆍ지식재산권, ESGㆍ지속가능경영
- 글로벌 시장 진출 : 마케팅ㆍ판로개척, 글로벌 진출 지원
- 기타(맞춤형 지원) : 자율 맞춤형 지원",경영,전북테크노파크,전북특별자치도,중소기업,중소기업,,,,,,,디자인/상품화/사업화,2026-05-13,2026-06-05,,온라인 접수 (전북특별자치도 중소기업 성장사다리 홈페이지),온라인 접수 (전북특별자치도 중소기업 성장사다리 홈페이지),https://www.bizinfo.go.kr/sii/siia/selectSIIA200Detail.do?pblancId=PBLN_000000000122233,main,primary,전북2026년글로벌강소기업1000프로젝트강소ㆍ강소지역자율프로그램참여기업모집공고,전북테크노파크,2026-05-13~2026-06-05,경영,디자인/상품화/사업화
biz,PBLN_000000000122232,2026년 2차 소모성자재(MRO) 납품 중소기업 구매상담회 참여기업 모집 공고,"소모성자재(MRO) 납품 중소기업의 신규 판로 개척 및 역량 강화 지원을 위한「2026년 소모성자재(MRO) 납품 중소기업 구매상담회」참여기업을 다음과 같이 모집하오니 많은참여를 바랍니다.
☞ 소모성자재(MRO)납품 중소기업
※ 자세한 지원대상 공고문 참조
☞ MRO 바이어 1대1 상담 지원, 최신 MRO 납품업 동향 및 AI 서비스 활용 강연, MRO 납품 입찰 컨설팅 등 지원",경영,한국중소벤처기업유통원,전국,중소기업,중소기업,,,,,,,디자인/상품화/사업화,2026-05-19,2026-06-22,,온라인 접수 (판판대로),온라인 접수 (판판대로),https://www.bizinfo.go.kr/sii/siia/selectSIIA200Detail.do?pblancId=PBLN_000000000122232,main,primary,2026년2차소모성자재mro납품중소기업구매상담회참여기업모집공고,한국중소벤처기업유통원,2026-05-19~2026-06-22,경영,디자인/상품화/사업화
biz,PBLN_000000000122231,[경기] 2026년 스타트업 글로벌 성장 지원 일본 오픈이노베이션 프로그램 참여기업 모집 공고,"경기도와 경기도경제과학진흥원은 일본 진출 및 현지 투자유치를 희망하는 도내 우수 스타트업을 지원하기 위하여 2026년 경기 스타트업 글로벌 성장지원「일본 오픈이노베이션 프로그램」에 참여할 유망 경기 기업을 모집하오니 관심 있는 기업의 많은 참여 바랍니다.
☞ 본점 주소지가 경기도 내 7년 이내 창업기업, 신산업분야는 10년 이내 창업기업
- 모집 분야 : DX, IoT, 헬스케어, 핀테크 등 기술 산업 분야
☞ 사전 일본 시장 진출 전략 교육 및 IR 역량 강화 컨설팅, 일본 도쿄 현지 오픈이노베이션 밋업 및 투자 IR 참가 지원
※ 자세한 지원내용 공고문 참조",판로/수출,경기도경제과학진흥원,경기도,창업벤처,"스타트업,초기창업기업",,,,,,,해외진출준비,2026-05-18,2026-06-05,,온라인 접수 (경기스타트업플랫폼),온라인 접수 (경기스타트업플랫폼),https://www.bizinfo.go.kr/sii/siia/selectSIIA200Detail.do?pblancId=PBLN_000000000122231,main,primary,경기2026년스타트업글로벌성장지원일본오픈이노베이션프로그램참여기업모집공고,경기도경제과학진흥원,2026-05-18~2026-06-05,수출,해외진출준비
biz,PBLN_000000000122230,2026년 멕시코 K-박람회 (K-EXPO MEXICO) 참가기업 모집 공고,"한국콘텐츠진흥원은 관계부처 합동 한류박람회(K-EXPO) 개최를 통해 K-콘텐츠와 연관산업(K-푸드, 소비재 등)의 해외 동반수출을 활성화하고자 2026 멕시코 K-박람회(K-EXPO MEXICO) 참가기업을 모집하오니 많은 신청 바랍니다.
☞ 남미 권역(멕시코 등) 대상 수출 희망 국내 기업
☞ 1:1 수출상담, K-콘텐츠 전시, 항공비 일부 지원
※ 자세한 지원내용 공고문 참조",판로/수출,한국콘텐츠진흥원,전국,중소기업,중소기업,,,,,,,해외진출,2026-05-19,2026-06-10,,온라인 접수 (콘텐츠수출마케팅플랫폼(웰콘)),온라인 접수 (콘텐츠수출마케팅플랫폼(웰콘)),https://www.bizinfo.go.kr/sii/siia/selectSIIA200Detail.do?pblancId=PBLN_000000000122230,main,primary,2026년멕시코k박람회kexpomexico참가기업모집공고,한국콘텐츠진흥원,2026-05-19~2026-06-10,수출,해외진출
biz,PBLN_000000000122229,2026년 창업BuS in 세종 수요투자 라운드 참여기업 상시 모집 공고,"세종창조경제혁신센터는 성장 가능성 있는 창업기업을 발굴하고, 투자유치 역량 강화를 지원하기 위해 「2026 창업-BuS in 세종 수요투자라운드」 참여기업을 상시 모집 합니다.
☞ 창업 7년 이내 투자유치 희망기업
※ AI-빅데이터, GovTech 등 딥테크 우대
☞ 전문가 진단 및 맞춤형 멘토링, IR 피칭 기회 및 투자 미팅, 후속 성장 사업화 및 투자 검토 지원
※ 기업 역량에 따라 단계별 맞춤형 지원 가능",창업,세종창조경제혁신센터,세종특별자치시,창업벤처,초기창업기업,,,,,,,사업화지원,상시 접수,,,온라인 접수 (세종창업온 홈페이지),온라인 접수 (세종창업온 홈페이지),https://www.bizinfo.go.kr/sii/siia/selectSIIA200Detail.do?pblancId=PBLN_000000000122229,main,primary,2026년창업busin세종수요투자라운드참여기업상시모집공고,세종창조경제혁신센터,상시 접수~,창업,사업화지원
biz,PBLN_000000000122228,[강원] 캐나다(밴쿠버) 수출로드쇼 참가기업 모집 공고,"강원특별자치도와 KOTRA 강원지원본부는 도내 수출 유망 중소ㆍ중견기업의 캐나다 시장 판로 개척을 위하여 아래와 같이 유통망 입점 연계 수출로드쇼(수출상담회) 사업 참가기업을 모집하오니 많은 관심과 참여 바랍니다.
☞ 강원특별자치도 내 본사 혹은 공장 소재 기업
- BuyKorea 등록 완료 기업
☞ 현지 바이어 섭외 및 상담 주선 등 바이어 발굴 비용, 상담장 임차, 차량 이동, 통역 등 사업운영비 지원
- 선정기업 대상 AI수출부스터 활용 바이어 발굴 추가, 현지 유통망 입점 지원",판로/수출,KOTRA강원지원본부,강원특별자치도,중소기업,중소기업,,,,,,,해외진출,2026-05-18,2026-06-05,,온라인 접수 (무역투자24),온라인 접수 (무역투자24),https://www.bizinfo.go.kr/sii/siia/selectSIIA200Detail.do?pblancId=PBLN_000000000122228,main,primary,강원캐나다밴쿠버수출로드쇼참가기업모집공고,kotra강원지원본부,2026-05-18~2026-06-05,수출,해외진출
biz,PBLN_000000000122227,[부산] 2026년 수출입 애로 중소기업 바우처 지원사업 공고,"원자재 수입에 애로를 겪은 기업을 포함하여 수출입에 어려움을 겪고 있는 부산지역 중소기업을 위하여 기업 위기 극복 및 수출 경쟁력 강화를 목적으로 “2026수출입 애로 중소기업 바우처 지원사업”참가기업을 모집합니다. 참가를 희망하는 기업 관계자께서는 아래 내용을 참조하시어 정해진 기한 내 신청하시기 바랍니다.
☞ 아래의 자격 중 한 가지에 해당되는 부산 소재 중소기업
① 부산소재의 수출입 중소기업
- 사업자등록증상 본점 또는 사업장 소재지가 부산인 중소기업
- 직전년도 직수출액 3,000만 달러 미만 기업
② 수출 목적을 위한 임가공 혹은 신규 개발품 생산을 위해 자재/원료/부품을 수입하는 기업
- 수출입면장(수입신고필증, 수출신고필증), 구매확인서 등 원자재수입 증빙이 가능한 서류 첨부 
☞ 2026년 수출활동에 활용한 비용 일부 지원
- 국제운송, 통ㆍ번역, 홍보 마케팅, 디자인ㆍ동영상, 해외규격 인증 및 지재권 취득, 탄소중립 전환, 관세 대응지원, 무역보험ㆍ보증",판로/수출,부산경제진흥원,부산광역시,중소기업,중소기업,,,,,,,해외진출,예산 소진시까지,,,온라인 접수(부산 수출플랫폼),온라인 접수(부산 수출플랫폼),https://www.bizinfo.go.kr/sii/siia/selectSIIA200Detail.do?pblancId=PBLN_000000000122227,main,primary,부산2026년수출입애로중소기업바우처지원사업공고,부산경제진흥원,예산 소진시까지~,수출,해외진출
biz,PBLN_000000000122226,[경기] 2026년 경기도형 납품대금 연동제 컨설팅 지원 사업 참여기업 모집 공고,"경기도와 경기도경제과학진흥원은 대ㆍ중소기업 간 상생협력 촉진을 위해 주요 원재료 확인서 발급 및 연동제 약정 체결 컨설팅을 지원하는 「경기도형 납품대금 연동제 컨설팅 지원 사업」의 참가 희망기업을 모집합니다.
☞ 경기도 소재 식료품 제조 중소기업
- 경기도 소재 식료품 제조 중소기업 1개사 이상과 거래하는 기업
- 경기도 소재 식료품 가맹본부(중소기업)
☞ 전문기관을 통한 원재료 비중 확인서 발급ㆍ기초컨설팅 및 연동제 체결 컨설팅 지원
※ 자세한 지원내용 공고문 참조",경영,경기도경제과학진흥원,경기도,중소기업,중소기업,,,,,,,컨설팅,2026-05-19,2026-06-26,,이메일 접수 (wwp@gbsa.or.kr),이메일 접수 (wwp@gbsa.or.kr),https://www.bizinfo.go.kr/sii/siia/selectSIIA200Detail.do?pblancId=PBLN_000000000122226,main,primary,경기2026년경기도형납품대금연동제컨설팅지원사업참여기업모집공고,경기도경제과학진흥원,2026-05-19~2026-06-26,경영,컨설팅
biz,PBLN_000000000122225,[대구] 2026년 1차 예비사회적기업 지정계획 공고,"「대구광역시 사회적기업 육성 및 지원에 관한 조례」제8조 및 고용노동부「2026년 예비사회적기업 지정 업무지침」에 따라 2026년도 제1차 대구광역시 예비사회적기업 신규지정 계획을 다음과 같이 공고합니다.
☞「사회적기업 육성법」 제8조 및 같은 법 시행령 제8조에 따른 조직형태를 갖춘 기업
※ 자세한 지원대상 공고문 참조
☞ 지정일로부터 최대 3년 예비사회적기업 지정 지원
- 한국사회적기업진흥원 및 대구사회적경제지원센터 사업(판로지원, 경영컨설팅 등) 참여자격 부여
- 공공기관 우선구매 대상
- (예비)사회적기업 대상 재정지원사업 참여자격 부여",인력/일자리,한국사회적기업진흥원,대구광역시,사회적기업,사회적기업,,,,,,,제도,2026-05-18,2026-06-05,,온라인 접수 (사회적기업포털),온라인 접수 (사회적기업포털),https://www.bizinfo.go.kr/sii/siia/selectSIIA200Detail.do?pblancId=PBLN_000000000122225,main,primary,대구2026년1차예비사회적기업지정계획공고,한국사회적기업진흥원,2026-05-18~2026-06-05,기타,제도
biz,PBLN_000000000122224,[경남] 양산시 2026년 2차 중소기업 제조기업 맞춤형 시뮬레이션 지원사업 모집 연장 공고,"한국생산기술연구원 첨단하이브리드생산기술센터에서는 양산지역 특화산업 제조분야 관련 중소기업의 DX 전환을 통한 지역 산업 경쟁력 강화를 위하여, 「2026년 중소 제조기업 맞춤형 시뮬레이션 지원사업」을 아래와 같이 공고하오니, 지원을 희망하시는 관련 기업에서는 많은 참여바랍니다.
☞ 양산지역 제조업 분야 중소기업
※ 부가가치세법 제6조 및 동법 시행령 8조에 따라 양산시에 사업장(본사, 공장, 사업자등록증 기준)을 보유하고 있는 중소기업
☞ 시뮬레이션 응용 기술개발 및 시제품제작(지자체 지원금 20,000천원 이내)
- 신규사업화, 수요처 대응을 시뮬레이션 응용 기술지원
- DX 전환을 위한 공정 최적화 지원 
- (필수항목) 시뮬레이션, 공정최적화 DX 전환 기술개발 / (성과항목) 매출증대, 고용창출, 신사업화 등",기술,한국생산기술연구원,경상남도,중소기업,중소기업,,,,,,,기술사업화/이전/지도,2026-05-18,2026-05-29,,이메일 접수 (hsb85@kitech.re.kr),이메일 접수 (hsb85@kitech.re.kr),https://www.bizinfo.go.kr/sii/siia/selectSIIA200Detail.do?pblancId=PBLN_000000000122224,main,primary,경남양산시2026년2차중소기업제조기업맞춤형시뮬레이션지원사업모집연장공고,한국생산기술연구원,2026-05-18~2026-05-29,기술,기술사업화/이전/지도
biz,PBLN_000000000122223,[경남] 창원시 2026년 국가산단 제조기업 대상 제조 디지털전환(DX) 솔루션 구축 지원사업 재공고,"한국전자기술연구원은 「기계ㆍ방산 제조 디지털전환 지원센터 구축ㆍ운영사업」의 일환으로 창원국가산단 내 기계ㆍ방산 분야 제조기업을 대상으로 하는 디지털전환 솔루션 구축 지원사업을 다음과 같이 재공고하오니, 지원을 희망하는 기업은 공고문에 기재된 요령에 따라 신청하여 주시기 바랍니다.
☞ 창원국가산업단지 내 기계ㆍ방산 분야 중소ㆍ중견 제조기업
☞ DX 솔루션 구축(DX 강화모델) 기업당 최대 2억원 지원
※ 자세한 지원내용 공고문 참조",기술,한국전자기술연구원,경상남도,중소기업,중소기업,,,,,,,기술사업화/이전/지도,2026-05-18,2026-06-01,,온라인 접수 (제조 DX 지원센터 홈페이지),온라인 접수 (제조 DX 지원센터 홈페이지),https://www.bizinfo.go.kr/sii/siia/selectSIIA200Detail.do?pblancId=PBLN_000000000122223,main,primary,경남창원시2026년국가산단제조기업대상제조디지털전환dx솔루션구축지원사업재공고,한국전자기술연구원,2026-05-18~2026-06-01,기술,기술사업화/이전/지도
biz,PBLN_000000000122222,2026년 기후테크 특화 오픈이노베이션 컨소시엄 모집 공고(기후테크 창업기업 성장지원사업),"전북특별자치도 내 기후테크 산업 활성화 및 기업의 신성장 동력 확보를 위하여, 기후테크 스타트업과 앵커기업 간 협업을 통한 기술 실증(PoC) 및 사업화 연계를 지원하는「2026 기후테크 특화 오픈이노베이션」참여 컨소시엄을 다음과 같이 모집하오니 역량 있는 기업의 많은 참여 바랍니다.
☞ (창업기업) 공고일 기준 창업 7년 이내 기업, 기후테크 분야 기술ㆍ제품ㆍ서비스를 보유한 기업, 전북특별자치도 내 사업장(본사, 지사, 연구소, 공장 등)을 보유하거나, 협약 후 3개월 이내 전북특별자치도 내 사업장(본사, 지사, 연구소, 공장 등) 설립이 가능한 기업
- (앵커기업) 공고일 현재 전북특별자치도 소재 중소ㆍ중견ㆍ대기업, 프로그램 진행 시 창업기업과 협업 가능한 전담인력 1명 이상 보유 기업, 전북특별자치도 내 PoC 실증이 가능한 공간ㆍ설비ㆍ인프라를 보유한 기업
☞ 기술 실증(PoC), 전시 및 홍보, 투자 및 후속연계 지원
※ 자세한 지원내용 공고문 참조",창업,전북테크노파크,전북특별자치도,창업벤처,초기창업기업,,,,,,,사업화지원,2026-05-19,2026-06-15,,"이메일 접수 (hsyoo@jbtp.or.kr)
※ 제출 후 접수 확인 필수(063-219-2128)","이메일 접수 (hsyoo@jbtp.or.kr)
※ 제출 후 접수 확인 필수(063-219-2128)",https://www.bizinfo.go.kr/sii/siia/selectSIIA200Detail.do?pblancId=PBLN_000000000122222,main,primary,2026년기후테크특화오픈이노베이션컨소시엄모집공고기후테크창업기업성장지원사업,전북테크노파크,2026-05-19~2026-06-15,창업,사업화지원
biz,PBLN_000000000122221,[서울] 2026년 키친인큐베이터 푸드위크 코리아 박람회 지원사업 모집 공고,"서울창업허브 키친인큐베이터는 키친인큐베이터 우수기업의 국내ㆍ외 바이어 매칭 지원 등 F&B 제품 유망성을 확인하기 위한「2026 푸드위크 코리아 박람회」참여기업을 모집하오니 관심 있는 기업의 많은 신청바랍니다.
☞ 서울시 소재 7년 이내 시제품을 보유중인 F&B 스타트업
-  품목 : 식품/음료, 스마트홈키친, 외식/급식 솔루션, 푸드테크/식품AI
☞ 2026 푸드위크 코리아 박람회 부스 지원",판로/수출,서울경제진흥원,서울특별시,창업벤처,초기창업기업,,,,,,,오프라인,2026-05-18,2026-06-11,,온라인 접수(스타트업플러스),온라인 접수(스타트업플러스),https://www.bizinfo.go.kr/sii/siia/selectSIIA200Detail.do?pblancId=PBLN_000000000122221,main,primary,서울2026년키친인큐베이터푸드위크코리아박람회지원사업모집공고,서울경제진흥원,2026-05-18~2026-06-11,내수,오프라인
kst,177806,민관협력 오픈이노베이션 지원사업,중견기업과 스타트업 간 협력을 통한 동반 성장 지원을 위해 「2026년 민관협력 오픈이노베이션 지원사업」 중견기업-스타트업 오픈이노베이션 협업 과제 수행에 참여할 스타트업을 모집합니다.,행사/네트워크,공공기관,전국,일반인,누구나,"만 20세 이상 ~ 만 39세 이하,만 40세 이상",,,"공고일 기준 창업 7년 이내인 창업기업
※ 상세내용은 공고문 내 &apos;신청 자격&apos; 확인",,"1년미만,2년미만,3년미만,5년미만,7년미만",행사ㆍ네트워크,20260526,20260615,,,온라인 접수: https://www.k-startup.go.kr/web/contents/webPMSBizUnvs.do?returnUrl=/screen/BMO0101M01?pbancId=0670701,https://www.k-startup.go.kr/web/contents/bizpbanc-ongoing.do?schM=view&pbancSn=177806,main,primary,민관협력오픈이노베이션지원사업,공공기관,20260526~20260615,행사ㆍ네트워크,행사ㆍ네트워크
kst,177804,제 1회 지역거점 창업센터 연합 정기 IR  ⌜KW SPACE 6⌟,"광운대학교 산학협력단 창업보육센터 입주기업들이 참여하여 아이디어를 넘어 실제 사업으로 성장 중인 다양한 창업 아이템과 서비스를 선보일 예정입니다.
예비창업자, 스타트업, 투자 및 창업 생태계에 관심 있는 누구나 자유롭게 참관 가능하오니 많은 참여 바랍니다.",행사/네트워크,교육기관,서울특별시,"청소년,대학생,일반인,대학,연구기관,일반기업,1인 창조기업","기업,누구나,예비창업자,청년,초기창업기업","만 20세 미만,만 20세 이상 ~ 만 39세 이하,만 40세 이상",,,"예비창업자, 스타트업, 투자 및 창업 생태계에 관심 있는 누구나",,"예비창업자,1년미만,2년미만,3년미만,5년미만,7년미만,10년미만",행사ㆍ네트워크,20260522,20260528,,,온라인 접수: https://forms.gle/BTsPiKuEGZWvCQ3n8,https://www.k-startup.go.kr/web/contents/bizpbanc-ongoing.do?schM=view&pbancSn=177804,main,primary,제1회지역거점창업센터연합정기irkwspace6,교육기관,20260522~20260528,행사ㆍ네트워크,행사ㆍ네트워크
kst,177780,2026년도(2차) 서울어워드 우수제품 모집 공고,"서울경제진흥원에서는 서울소재 중소기업의 해외시장 진출에 적합한 우수제품을 ‘서울어워드(Seoul Awards)’로 선정하고, ‘서울어워드’ 선정제품의 글로벌 확산을 지원하고자 아래와 같이 참가제품을 모집하오니 서울소재 중소기업의 많은 참여를 바랍니다.",판로/수출,공공기관,서울특별시,일반기업,기업,"만 20세 미만,만 20세 이상 ~ 만 39세 이하,만 40세 이상",,,"❍ 지원자격 (아래 자격 요건 모두 충족 시 지원 가능)
   1. 중소기업기본법에서 규정한 중소기업 중 서울에 소재지를 둔 기업
     - 서울기업: 사업자등록증명원 본점주소, 법인등기부등본 지점주소, 기업부설연구소 또는 공장등록증명서 소재지 포함
   2. 신청기업이 직접 기획하여 제조 및 생산한 소비재 제품
    - OEM 신청가능(위수탁생산계약서 필수 제출), 단순수입·유통 및 ODM신청불가
   3. 현재 출시되어 판매 중인 제품

❍ 모집 제외대상
   1. 소프트웨어, 어플리케이션 등 무형 서비스 제품
   2. 단순 소분가공 식품
   3. 도서, 악기, 종교 관련 제품, 성인용품, 예술품(도예, 조소 등의 조형물)
   4. 식품‧의료기기 등 소비자의 건강과 직결되는 제품 중 효능‧효과를 증빙자료를 통해 확인이 어려운 제품
   5. 식약처 등 관계기관의 허가받지 않은 효능‧효과 등을 제공하거나 과장광고로 간주 될 수 있는 내용이 제품 및 홍보물에 표기된 제품
   6. 국세․지방세 및 금융기관 등 체납 중인 기업이 신청한 상품
   7. 접수 마감일 기준 기업의 부도, 휴‧폐업 중인 기업이 신청한 제품
   8. 판매된 제품에 대한 품질보증, 수리, 교환, 환불, 배상 등이 원천적으로 불가한 제품
   9. 사회적으로 물의를 일으켰거나 사회적 통념에 반하는 제품
   10. 기타 서울어워드 사업에 부적합하다고 판단되는 경우",,"1년미만,2년미만,3년미만,5년미만,7년미만,10년미만",글로벌,20260514,20260604,,,온라인 접수: https://smc.sba.kr/Pages/BusinessApply/PostingDetail.aspx?p=0&mid=1699cbfc-a34e-f111-b404-d4f5ef4a1e33,https://www.k-startup.go.kr/web/contents/bizpbanc-ongoing.do?schM=view&pbancSn=177780,main,primary,2026년도2차서울어워드우수제품모집공고,공공기관,20260514~20260604,글로벌,글로벌
kst,177777,마포청년창업취업지원센터 나루 2026,"[창업] 청년창업가 기획자 양성(능력 있는 기획자의 듣고 말하기)을 진행하오니, 많은 관심과 지원 부탁드립니다.",창업,공공기관,서울특별시,"대학생,일반인,대학,연구기관,일반기업,1인 창조기업","기업,누구나,청년,초기창업기업",만 20세 이상 ~ 만 39세 이하,20,39,좋은 아이디어를 사람들에게 말하는 커뮤니케이션에 대해 관심 있는 예비 및 초기 청년 창업,,"예비창업자,1년미만,2년미만,3년미만",창업교육,20260521,20260527,,,온라인 접수: https://www.naroo.or.kr/bbs/content.php?co_id=program_view&np_seq=1264,https://www.k-startup.go.kr/web/contents/bizpbanc-ongoing.do?schM=view&pbancSn=177777,main,primary,마포청년창업취업지원센터나루2026,공공기관,20260521~20260527,창업교육,창업교육
kst,177776,[강원창조경제혁신센터] 2026 강원BRIDGE X 창업BuS 5월 월간 데모데이,강원창조경제혁신센터 창업BuS 프로그램의 우수 스타트업 발굴을 희망하는 투자자 여러분과 관심있는 분들을 강원 BRIDGE X 창업BuS 5월 월간 데모데이에 초청합니다.,행사/네트워크,공공기관,강원특별자치도,"청소년,대학생,일반인,대학,연구기관,일반기업,1인 창조기업","기업,누구나,예비창업자,청년,초기창업기업","만 20세 미만,만 20세 이상 ~ 만 39세 이하,만 40세 이상",,,"- 강원창조경제혁신센터 창업BuS 프로그램의 우수 스타트업 발굴을 희망하는 투자자
-강원창조경제혁신센터 사업에 관심있는 유관기관 담당자
- 사업에 관심있는 창업자/예비창업자/투자자",,"예비창업자,1년미만,2년미만,3년미만,5년미만,7년미만,10년미만",행사ㆍ네트워크,20260521,20260525,,,온라인 접수: https://event-us.kr/fd/event/126581,https://www.k-startup.go.kr/web/contents/bizpbanc-deadline.do?schM=view&pbancSn=177776,main,primary,강원창조경제혁신센터2026강원bridgex창업bus5월월간데모데이,공공기관,20260521~20260525,행사ㆍ네트워크,행사ㆍ네트워크
kst,177774,민간투자주도형 기술창업 활성화 지원,"전북특별자치도 정부출연연 보유 기술 기반 기획형 창업을 발굴·육성하고, 기술이전·사업화·투자 연계를 통한 전주기 지원을 추진하기 위하여 다음과 같이 (예비)창업기업을 모집하오니 많은 관심과 참여 바랍니다.",교육/멘토링,민간,전북특별자치도,"연구기관,일반기업,1인 창조기업","기업,예비창업자,초기창업기업","만 20세 이상 ~ 만 39세 이하,만 40세 이상",,,"전북특별자치도 내 10개 정부출연연구기관 보유 기술을 기반으로 창업을 준비 중이거나 사업을 영위하고 있는 예비창업자 또는 업력 7년 미만의 창업기업
  ① 정부출연연구기관 출신 연구원 (예비)창업자
  ② 연구소기업 설립을 추진 중이거나 설립 완료 기업
  ③ 정부출연연구기관 기술이전·공동연구 등 연계성을 기반으로 사업을 수행 중인 창업기업
  ④ 대학 교수 창업기업 중 정부출연연구기관과의 기술이전·공동연구 등 연계성이 인정되는 기업

< 전북지역 소재 10개 정부출연기관 리스트 >
①한국과학기술연구원(KIST), ②한국생명공학연구원(KRIBB), ③한국원자력연구원(KAERI), ④한국기초과학지원연구원(KBSI),
⑤국가독성과학연구소(KIT), ⑥한국식품연구원(KFRI), ⑦한국생산기술연구원(KITECH), ⑧한국에너지기술연구원(KIER),
⑨한국재료연구원(KIMS), ⑩한국핵융합에너지연구원(KFE)",,"예비창업자,1년미만,2년미만,3년미만,5년미만,7년미만",멘토링ㆍ컨설팅ㆍ교육,20260518,20260531,,,이메일 접수: 공고문 확인 필요,https://www.k-startup.go.kr/web/contents/bizpbanc-ongoing.do?schM=view&pbancSn=177774,main,primary,민간투자주도형기술창업활성화지원,민간,20260518~20260531,멘토링ㆍ컨설팅ㆍ교육,멘토링ㆍ컨설팅ㆍ교육
kst,177772,미디어·콘텐츠 스타트업 육성 프로그램 : CRE-UP 2026,"방송미디어통신위원회와 한국전파진흥협회는 미디어·콘텐츠 산업 분야에서 유망 아이템을 보유한 초기 창업기업을 대상으로, 글로벌 시장 진출 역량 강화를 위한 교육·멘토링 및 글로벌 기업과의 사업화 검증 기회를 지원합니다. 본 프로그램에 참여할 스타트업을 아래와 같이 모집하오니, 많은 관심과 참여 바랍니다.",창업,민간,전국,일반기업,"기업,스타트업","만 20세 미만,만 20세 이상 ~ 만 39세 이하,만 40세 이상",,,"미디어·콘텐츠 산업 분야에서의 성장을 희망하는 창업기업 중, 최소기능제품(MVP)을 보유하고 있으며 아래 신청자격* 요건을 충족하는 창업기업(업력 및 업종 조건)
* (신청자격) 신청마감일 기준 창업 7년 이내로, 국세청 업종코드 ‘1인미디어콘텐츠창작자(940306)’ 또는 ‘미디어콘텐츠창작업(921505)’ 중 1개 이상 보유 필수",,7년미만,사업화,20260520,20260611,,,온라인 접수: https://meplex.co.kr/page/notice?bbs_id=table_style_000_1626657795664&mode=view&bbsctt_seq=1089&startPage=1&numPerPage=5&searchKey%5B%5D=estn_field_4%2Ctitle%20or%20content&searchValue%5B%5D=null%2Cnull,https://www.k-startup.go.kr/web/contents/bizpbanc-ongoing.do?schM=view&pbancSn=177772,main,primary,미디어콘텐츠스타트업육성프로그램creup2026,민간,20260520~20260611,사업화,사업화
kst,177771,관악S밸리 창업공간 운영,관악구와 (재)관악중소벤처진흥원에서는 관악구 창업의 중심인 관악S밸리 창업 공간을 중심으로 사무 공간 및 경영·기술 지원을 통해 우수 창업 기업을 육성하고자 신규 입주기업을 모집하오니 많은 관심과 신청 바랍니다.,시설/공간,공공기관,서울특별시,"청소년,대학생,일반인,대학,연구기관,일반기업,1인 창조기업","기업,누구나,예비창업자,청년,초기창업기업","만 20세 미만,만 20세 이상 ~ 만 39세 이하,만 40세 이상",,,"- 「벤처기업 육성에 관한 특별법」에 따른 벤처기업 
-  예비창업자
- 「중소기업창업 지원법」에 따른 창업기업(중소기업을 창업하여 사업을 개시한 날부터 7년이 지나지 아니한 기업)

- 중소기업창업지원법 시행령 제4조(창업에서 제외되는 업종)에 해당하는 자
- 입주 후 사업자등록증 상 본사, 지사 연구소를 입주 예정 공간 주소지로 이전이 불가능한 자
- 금융기관 등으로부터 채무불이행으로 규제 중인 자 또는 국세 또는 지방세를 체납 중인 대표자
- 소음, 진동, 폐수, 악취 등 환경 공해 업종 영위 사업자
- 공고일 현재 관악구 外 타 지자체, 공공/민간기관에서 사무 공간 제공 등 유사한 창업 지원 사업의 수혜를 받고 있는 자
  ※ 단, 입주개시일 이전에 사업 수혜 기간이 종료되거나 중도 포기한 기업은 신청 가능",,"예비창업자,1년미만,2년미만,3년미만,5년미만,7년미만,10년미만",시설ㆍ공간ㆍ보육,20260520,20260605,,,온라인 접수: https://www.gsva.or.kr/main/post/view.do?post_sn=3&search=UlVTRXgvS090NzV1MEZNcG96TTRxZz09,https://www.k-startup.go.kr/web/contents/bizpbanc-ongoing.do?schM=view&pbancSn=177771,main,primary,관악s밸리창업공간운영,공공기관,20260520~20260605,시설ㆍ공간ㆍ보육,시설ㆍ공간ㆍ보육
kst,177770,2026년 유한킴벌리 시니어 임팩트 4기 펠로우십 모집,시니어 분야 혁신적인 비즈니스 모델을 통해 초고령 사회문제를 해결하고자 하는 사회 혁신가들의 안정적 성장을 지원하기 위해 유한킴벌리와 함께일하는재단이 시니어 임팩트 펠로우십 프로그램을 기획 및 공동 운영하오니 많은 관심 부탁드립니다.,창업,민간,전국,일반기업,기업,"만 20세 미만,만 20세 이상 ~ 만 39세 이하,만 40세 이상",,,"혁신적인 시니어 분야 비즈니스 모델을 가지고 조직을 운영하는 사회 혁신 기업가 (※ 2026년4월30일, 공고일 기준 개인사업자 및 법인사업자 대상 지원 가능",,"1년미만,2년미만,5년미만,7년미만,10년미만",사업화,20260430,20260605,,,온라인 접수: https://docs.google.com/forms/d/e/1FAIpQLSe8_ShqTKDK1i-wzJthHalIMaihdLZpR-a7ra-FD0uKcMntCQ/viewform,https://www.k-startup.go.kr/web/contents/bizpbanc-ongoing.do?schM=view&pbancSn=177770,main,primary,2026년유한킴벌리시니어임팩트4기펠로우십모집,민간,20260430~20260605,사업화,사업화
kst,177766,2026년 2차 대전 팁스타운 팁스아카데미 : IR 자료 작성법,"대전 팁스타운에서 창업기업 대상 IR 자료 작성법 교육을 진행합니다.
많은 참여 부탁드립니다.",교육/멘토링,공공기관,대전광역시,"청소년,대학생,일반인,대학,연구기관,일반기업,1인 창조기업","기업,누구나,청년,초기창업기업","만 20세 미만,만 20세 이상 ~ 만 39세 이하,만 40세 이상",,,"대전 팁스타운 입주기업 및 지역 내 창업기업 등

없음",,"예비창업자,1년미만,2년미만,3년미만,5년미만,7년미만,10년미만",멘토링ㆍ컨설팅ㆍ교육,20260520,20260527,,,온라인 접수: https://forms.gle/qq7Xhs2XEGQDfnT18,https://www.k-startup.go.kr/web/contents/bizpbanc-ongoing.do?schM=view&pbancSn=177766,main,primary,2026년2차대전팁스타운팁스아카데미ir자료작성법,공공기관,20260520~20260527,멘토링ㆍ컨설팅ㆍ교육,멘토링ㆍ컨설팅ㆍ교육
kst,177765,SYNERGY CORE 4기 스타트업 모집 (투자),"Seed 단계 스타트업부터 IPO 이후 성장 기업까지, 기업 생애 전주기에 걸친 투자를 통해 성장을 지원하는 시너지IB투자입니다.
이번 SYNERGY CORE 4기 스타트업 모집을 통해 유망 스타트업이 더욱 빠르고 효과적으로 도약할 수 있도록 투자 및 지원하고자 하오니 많은 참여 바랍니다.",창업,민간,전국,"청소년,대학생,일반인,대학,연구기관,일반기업,1인 창조기업","기업,누구나,스타트업,청년,초기창업기업","만 20세 미만,만 20세 이상 ~ 만 39세 이하,만 40세 이상",,,업력 3년 미만 초기 창업기업 (분야 제한 없음),,"예비창업자,1년미만,2년미만,3년미만",사업화,20260601,20260614,,,온라인 접수: https://tally.so/r/KYWLA7,https://www.k-startup.go.kr/web/contents/bizpbanc-ongoing.do?schM=view&pbancSn=177765,main,primary,synergycore4기스타트업모집투자,민간,20260601~20260614,사업화,사업화
kst,177763,2026 교보생명 오픈이노베이션 1:1 사전밋업 참가기업 모집,"서울창업허브 성수에서 교보생명 INNOSTAGE 오픈이노베이션 프로그램 참가기업 발굴을 위해,
대기업 현업부서와의 밀도있는 커뮤니케이션을 통해 사전에 협업가능성을 찾을 수 있도록
오픈이노베이션 1:1 사전밋업 데이를 개최하오니 관심있는 기업 여러분의 많은 참여 부탁드립니다.",창업,공공기관,서울특별시,"대학생,일반인,대학,연구기관,일반기업,1인 창조기업","기업,누구나,청년,초기창업기업","만 20세 이상 ~ 만 39세 이하,만 40세 이상",,,교보생명과 기술협업 아이디어가 있는 서울창업허브 성수 입주기업 및 서울소재 스타트업(설립 10년 이내),,10년미만,사업화,20260519,20260526,,,온라인 접수: https://www.startup-plus.kr/project/PRJ007063,https://www.k-startup.go.kr/web/contents/bizpbanc-deadline.do?schM=view&pbancSn=177763,main,primary,2026교보생명오픈이노베이션11사전밋업참가기업모집,공공기관,20260519~20260526,사업화,사업화
kst,177762,2026년 U-SPACE 제품개발 통합지원 프로그램,"중소벤처기업부와 창업진흥원에서 지원하고, 울산광역시와 (재)울산테크노파크에서 시행하는 메이커스페이스(U-SPACE) 구축·운영사업에서 지역 내 (예비)창업기업의 신속한 제품개발 지원을 통한 혁신성장을 위해 “U-SPACE 제품개발 통합지원 프로그램”을 다음과 같이 공고하오니 많은 참여를 바랍니다.",창업,공공기관,울산광역시,"청소년,대학생,일반인,대학,연구기관,일반기업,1인 창조기업","기업,누구나,예비창업자,청년,초기창업기업","만 20세 미만,만 20세 이상 ~ 만 39세 이하,만 40세 이상",,,"ㅇ 울산 지역 내 (예비)창업자 및 스타트업·중소기업
- 예비창업자: 협약 체 이전 울산에 사업자등록이 가능한 자
- 스타트업·중소기업: 창업일로부터 7년 이내 기업

ㅇ 신청기업이 신청자격을 갖추지 못한 경우
ㅇ 사업에서 정하는 신청의 제한사항에 해당되는 경우
ㅇ 참여의 제한을 받고 있거나 이의 조치를 위해 행정절차를 진행 중에 있는 경우
ㅇ 기업의 부도
ㅇ 세무당국에 의하여 국세, 지방세 등의 체납처분을 받은 경우
ㅇ 민사집행법에 기하여 채무불이행자명부에 등재되거나, 은행연합회 등 신용정보집중기관에 채무불이행자로 등록된 경우
ㅇ 파산·회생절차·개인회생절차의 개시 신청이 이루어진 경우
ㅇ 창업 3년 이후 기업의 경우 최근년도 결산(확정 재무제표에 한함) 기준 부채비율이 1,000%이상인 경우
ㅇ 창업 3년 이후 기업의 경우 최근년도 결산(확정 재무제표에 한함) 기준 자본전액잠식인 경우
ㅇ 외부감사 기업의 경우 최근 회계년도 말 결산감사 의견이 “의견거절” 또는 “부적정”인 경우",,"예비창업자,7년미만",사업화,20260520,20260604,,,이메일 접수: 공고문 확인 필요,https://www.k-startup.go.kr/web/contents/bizpbanc-ongoing.do?schM=view&pbancSn=177762,main,primary,2026년uspace제품개발통합지원프로그램,공공기관,20260520~20260604,사업화,사업화
kst,177758,[강동구 청년해냄센터] 입주기업 모집,강동구 청년해냄센터에서 입주기업을 모집하오니 입주 희망자는 안내에 따라 신청하시기 바랍니다.,시설/공간,공공기관,서울특별시,"청소년,대학생,일반인,대학,연구기관,일반기업,1인 창조기업","기업,누구나,예비창업자,청년,초기창업기업",만 20세 이상 ~ 만 39세 이하,20,39,"기업 대표자 기준, 아래 조건 충족
- 독립형 오피스 : 3년 미만 기창업자(※ 사업자등록증 기준 2023. 05. 21 이후 창업)
- 코워킹 오피스 : 예비창업자 또는 1년 미만의 초기창업자(※ 사업자등록증 기준 2025. 05. 21 이후 창업)
- 연 령 : 19세∼39세 이하 청년 (1986.5.21. ~ 2007.5.20.)
- 주소지 :본점 소재지를 본 센터로 등록 혹은 이전 가능한 기업
※ 예비창업자 : 입주 후 1개월 내 사업장 이전 및 센터 주소로 사업자등록 가능한 자
※ 기창업자 : 입주 후 1개월 내 사업장 이전 및 센터 주소로 본점 소재지 이전이 가능한 자

▷ 지원제외업종: 금융 및 보험업, 부동산업, 숙박, 음식점업, 무도장, 유흥접객영업
(주점 등), 스키장, 갬블링, 베팅업, 프랜차이즈업 등 지원이 부적합하다고 자체 판단 시
▷ 국세 또는 지방세 체납자 (단, 분납 등을 통해 체납세금을 유예하고 있거나 현재 납부하고 있는 경우 가능)
▷ 동일 또는 유사한 정부 및 지자체의 타 사업으로부터 동일기간 내 유사・중복 지원 수혜자
▷ 신청서 및 사업계획서를 허위로 기재한 자
▷ 성년후견인(금치산자) 및 한정 성년후견인(한정치산자)
▷ 기타 자체 심사위원회에서 지원 제외함이 타당하다고 인정하는 자",,"예비창업자,1년미만,2년미만,3년미만",시설ㆍ공간ㆍ보육,20260520,20260605,,,이메일 접수: 공고문 확인 필요,https://www.k-startup.go.kr/web/contents/bizpbanc-ongoing.do?schM=view&pbancSn=177758,main,primary,강동구청년해냄센터입주기업모집,공공기관,20260520~20260605,시설ㆍ공간ㆍ보육,시설ㆍ공간ㆍ보육
kst,177757,[강동구 청년해냄센터] 취약분야 상시 컨설팅 6월 참가자 모집 공고,강동구 청년해냄센터에서 6월 취약 분야 상시 컨설팅 계획을 다음과 같이 공고하니 참여 희망자는 안내에 따라 신청하시기 바랍니다.,교육/멘토링,공공기관,서울특별시,"청소년,대학생,일반인,대학,연구기관,일반기업,1인 창조기업","기업,누구나,예비창업자,청년,초기창업기업","만 20세 미만,만 20세 이상 ~ 만 39세 이하,만 40세 이상",,,예비창업자 및 기창업자,,"예비창업자,1년미만,2년미만,3년미만,5년미만,7년미만,10년미만",멘토링ㆍ컨설팅ㆍ교육,20260520,20260630,,,온라인 접수: http://www.gdhaenaem.com/?c=169,https://www.k-startup.go.kr/web/contents/bizpbanc-ongoing.do?schM=view&pbancSn=177757,main,primary,강동구청년해냄센터취약분야상시컨설팅6월참가자모집공고,공공기관,20260520~20260630,멘토링ㆍ컨설팅ㆍ교육,멘토링ㆍ컨설팅ㆍ교육
kst,177756,2026년 제2차 노원사회적경제지원센터 입주기업 신규 공모,노원구 사회적경제지원센터에 입주할 우수한 초기 사회적경제 기업 및 창업 팀을 다음과 같이 공모합니다.,시설/공간,민간,서울특별시,일반인,누구나,"만 20세 미만,만 20세 이상 ~ 만 39세 이하,만 40세 이상",,,"1. 기업사무실
- 공고일 기준 지정, 인증된 사회적경제기업
- 유급근로자를 고용하여 최근 3개월 이상 매출이 발생한 기업 (유급근로자가 없는 경우 1년 이상 매출이 발생할 것)

2. 공유사무실
- 사회적경제 형태의 사업을 운영할 계획을 가진 법인, 개인(팀) 혹은 단체
- 초기 사회적경제기업 (공고일 기준 6개월 이내 설립된 기업)

* 사회적경제기업 : (예비)사회적기업, (사회적)협동조합, 마을기업, 자활기업

- 유사 창업보육기관에 입주일 기준 중복으로 입주하고 있는 경우
- 노원사회적경제지원센터에서 계약 위반 등으로 중도 퇴실한 경우",,"예비창업자,1년미만,2년미만,3년미만,5년미만,7년미만,10년미만",시설ㆍ공간ㆍ보육,20260518,20260605,,,이메일 접수: 공고문 확인 필요,https://www.k-startup.go.kr/web/contents/bizpbanc-ongoing.do?schM=view&pbancSn=177756,main,primary,2026년제2차노원사회적경제지원센터입주기업신규공모,민간,20260518~20260605,시설ㆍ공간ㆍ보육,시설ㆍ공간ㆍ보육
kst,177755,2026년 광명시 스타트업 챌린지,"광명시는 지역 정착 가능성이 있는 신사업 분야 국내외 혁신 스타트업을 발굴하고 집중 육성하기 위하여 광명시 스타트업 챌린지 참가기업을 모집하오니, 많은 관심과 참여 바랍니다.",창업,민간,경기도,"연구기관,일반기업,1인 창조기업","기업,스타트업,초기창업기업","만 20세 이상 ~ 만 39세 이하,만 40세 이상",,,"신사업 분야 7년 미만 국내외 스타트업
  - 신사업분야: AI·스마트시티, DX(디지털 전환), 헬스케어·바이오, 콘텐츠 등
  - PoC(기술실증) 및 사업화 협력이 가능한 기업 
  - (해외) 공고일 기준 해외에 법인 설립이 완료된 기업

1. 금융기관 등으로부터 채무불이행으로 규제 중인 자(기업)
 ※ 단, 접수 마감일까지 다음 예외 사항에 해당하는 자(기업)는 신청(지원) 가능
2. 국세 또는 지방세 체납 중인 자(기업)
 ※ 단, 접수 마감일까지 ‘체납처분유예 승인 통지서’를 제출하거나 완납한 자(기업)는 신청(지원) 가능
3. 사업 공고일 기준 휴업 또는 폐업 중인 자(기업)
4. 현재 광명시 및 정부지원사업 등에서 참여제한 등 제재조치를 받고 있는 자(기업)",,7년미만,사업화,20260520,20260701,,,이메일 접수: 공고문 확인 필요,https://www.k-startup.go.kr/web/contents/bizpbanc-ongoing.do?schM=view&pbancSn=177755,main,primary,2026년광명시스타트업챌린지,민간,20260520~20260701,사업화,사업화
kst,177754,Forbes Korea 30 Under 30 Summit,"포브스에서는 매년 전 세계 30세 미만 30명의 유망주를 선정해 발표하는 '30 Under 30' 어워드를 개최하고 있으며, 포브스코리아에서도 매년 30명의 국내 유망주를 선정하여 발표하고 있습니다.
이번 2026년에는 포브스코리아가 작년에 이어 고려대학교와 함께 30 Under 30 Summit을 통해 대한민국을 대표할 2026년 선정자들을 소개하고자 합니다.
VC, 스타트업, 예비 창업자, 그리고 대학생 여러분들의 많은 관심과 참여 부탁드립니다. 이 행사를 통해 서로 소통하고 협력하여 미래를 위한 혁신적인 아이디어와 솔루션을 공유하는 자리가 되길 바랍니다.",행사/네트워크,민간,서울특별시,"청소년,대학생,일반인,대학,연구기관,일반기업,1인 창조기업","기업,누구나,청년,초기창업기업","만 20세 미만,만 20세 이상 ~ 만 39세 이하,만 40세 이상",,,"창업에 관심이 있는 모든 분, 포브스코리아와 Under 30 Under에 관심 있는 분",,"예비창업자,1년미만,2년미만,3년미만,5년미만,7년미만,10년미만",행사ㆍ네트워크,20260520,20260608,,,온라인 접수: https://forms.gle/JzCsa2NBPN6a6Rbf8,https://www.k-startup.go.kr/web/contents/bizpbanc-ongoing.do?schM=view&pbancSn=177754,main,primary,forbeskorea30under30summit,민간,20260520~20260608,행사ㆍ네트워크,행사ㆍ네트워크
kst,177753,[고려대 캠퍼스타운] KU GLOBAL STARTLINK「글로벌 창업팀 발굴 · 육성 프로그램」공고,"혁신적인 아이디어와 기술을 보유한 글로벌 창업 인재를 발굴하고, 역량 있는 글로벌 창업기업으로 육성하여 일자리 창출과 창업 생태계 활성화에 기여하고자 『KU GLOBAL STARTLINK 글로벌 창업팀 발굴·육성 프로그램』 참가자를 다음과 같이 모집합니다.",시설/공간,교육기관,서울특별시,"청소년,대학생,일반인,대학,연구기관,일반기업,1인 창조기업","기업,누구나,예비창업자,청년,초기창업기업","만 20세 미만,만 20세 이상 ~ 만 39세 이하",,,"□ 지원자격
○ 기업(팀)내 외국인 구성원이 1인 이상 포함된 개인 또는 팀
○ 대표자 연령이 39세 이하이며, 창업을 하려는 개인 등(예비창업자)
○ 대표자 연령이 39세 이하이며, 사업을 개시한 날로부터 7년이 지나지 아니한 개인 또는 법인사업자. 단, 「중소기업창업 지원법」 제25조 제4항에 따른 신산업 창업 분야의 중소기업의 경우 업력 10년 이하로 한다.
※ 고려대학(원)교 교내 창업(교원, 학생, 동문) 및 외국인 유학생 창업자는 대표자 연령 제한 적용 제외
※ 대표자 연령 및 기업 업력 기준은 모집 공고 시점 기준
※ 제대군인의 경우 「서울시 청년 기본 조례」에 따라 아래와 같이 연령 상한 한도 상향
- 2년 이상 복무 : 만 42세 이하 / 1년 이상 2년 미만 복무 : 만 41세 이하 / 1년 미만 복무 : 만 40세 이하
※ 공동대표일 경우 1명이라도 자격요건 해당시 가능
○ 입주 계약 체결 이후 3개월 이내 고려대 캠퍼스타운 창업지원공간으로 주소 이전이 가능한 자
※ 초기창업자는 3개월 이내, 예비창업자의 경우 6개월 이내 사업자주소지 등록 및 이전하여야 하며, 사업단과 협의를 통해 본점, 지점(지사), 기업부설연구소 설립 등록 가능

○ ｢중소기업 창업지원법 시행령｣ 제4조 각 항에 해당하는 창업기업
○ 금융기관 등으로부터 채무불이행으로 규제중인 자 또는 국세 혹은 지방세를 체납 중인 자. 다만, 신용회복위원회의 사전채무조정(프리워크아웃), 개인워크아웃에서 채무조정합의서를 체결한 경우, 법원의 개인회생제도에서 변제계획인가를 받거나 파산면책 선고자, 회생인가를 받은 기업, 중소기업진흥공단 등으로부터 재창업자금을 지원받은 경우, 세금분납 계획에 따른 성실 납부기업(인), 정부지원 협약 전까지 세금완납기업(인), 정부 공공기관으로부터 재기지원 필요성을 인정받은 기업(인), 건강관리시스템기업구조 개선 진단을 통한 정상화 의결기업은 신청 가능
○ 서울 캠퍼스타운 사업으로 타 대학 창업공간에 입주하여 지원사업을 수혜 중인 자. 다만, 입주개시일 이전에 사업 수혜기간이 종료되거나 사업을 중도포기한 자는 신청 가능
○ 신청일 현재 휴업 중인 기업
○ 서울시 캠퍼스타운 사업에서 문제가 있어 퇴거 조치된 기업
○ 기타 서울시장이 참여 제한의 사유가 있다고 인정하는 자",,"예비창업자,1년미만,2년미만,3년미만,5년미만,7년미만",시설ㆍ공간ㆍ보육,20260520,20260601,,,온라인 접수: https://docs.google.com/forms/d/e/1FAIpQLSdvdvjmy8fiifebRb1rzdeL5h8rigxCQukCA3ZK3R6sF1MFUw/viewform,https://www.k-startup.go.kr/web/contents/bizpbanc-ongoing.do?schM=view&pbancSn=177753,main,primary,고려대캠퍼스타운kuglobalstartlink글로벌창업팀발굴육성프로그램공고,교육기관,20260520~20260601,시설ㆍ공간ㆍ보육,시설ㆍ공간ㆍ보육
kst,177751,"[포스텍홀딩스] TIPS  갈 팀, 지금 찾습니다.","포스텍홀딩스에서는 투자 및 TIPS 연계를 통해 함께 성장할 DeepTech 분야 유망 스타트업을 다음과 같이 모집합니다.
많은 관심과 신청 바랍니다.",창업,민간,전국,일반기업,기업,"만 20세 미만,만 20세 이상 ~ 만 39세 이하,만 40세 이상",,,"- 창업 7년 이내 스타트업
- Data·AI / Robotics·Physical AI / 반도체·전기전자 / 첨단소재·에너지 / 바이오 / 항공·우주 등 DeepTech 분야 스타트업",,"1년미만,2년미만,3년미만,5년미만,7년미만",사업화,20260520,20260621,,,온라인 접수: https://forms.gle/CtasfjVa9z9GdapDA,https://www.k-startup.go.kr/web/contents/bizpbanc-ongoing.do?schM=view&pbancSn=177751,main,primary,포스텍홀딩스tips갈팀지금찾습니다,민간,20260520~20260621,사업화,사업화
kst,177749,울산 바이오헬스기업 글로벌 진출 지원사업,"울산지역 바이오‧디지털 헬스케어 기업의 글로벌 시장 진출을 지원하기 위해 BIO USA 2026 참 프로그램을 운영하오니, 관심 있는 창업팀 및 기업의 많은 신청 바랍니다.
※ 자세한 공고 내용 및 신청서 양식은 첨부파일을 참고하시기 바랍니다.",판로/수출,교육기관,울산광역시,일반기업,기업,"만 20세 이상 ~ 만 39세 이하,만 40세 이상",,,"울산시에 주소지를 두고 있는 스타트업 및 관내 기업, 울산으로 소재지를 옮길 예정인 관외기업",,7년미만,글로벌,20260520,20260619,,,이메일 접수: 공고문 확인 필요,https://www.k-startup.go.kr/web/contents/bizpbanc-ongoing.do?schM=view&pbancSn=177749,main,primary,울산바이오헬스기업글로벌진출지원사업,교육기관,20260520~20260619,글로벌,글로벌
kst,177748,[한국국제협력단(KOICA)] 2026-2027 포용적 비즈니스 프로그램(IBS) 신규사업 공모 안내,"한국국제협력단은 기업의 재원과 비즈니스 전략을 ODA 사업과 연계하여 협력국의 경제·사회·환경 분야 지속가능한 발전에 기여하고자 2026-2027 IBS 신규사업 선정을 위한 공모를 실시하오니, 관심 있는 파트너 기관의 많은 참여를 바랍니다.",판로/수출,공공기관,전국,일반기업,기업,"만 20세 미만,만 20세 이상 ~ 만 39세 이하,만 40세 이상",,,"국내 민법·상법 및 기타 관련 법령에 따른 우리나라 영리법인 및 해당 법인이 설립한 비영리재단, (예비)사회적기업(단, 상법상 주식회사)

세부 지원자격은 KOICA 공지 첨부파일 및 IBS 공모안내서 참고",,"3년미만,5년미만,7년미만,10년미만",판로ㆍ해외진출,20260520,20260618,,,온라인 접수: https://kopis.koica.go.kr/,https://www.k-startup.go.kr/web/contents/bizpbanc-ongoing.do?schM=view&pbancSn=177748,main,primary,한국국제협력단koica20262027포용적비즈니스프로그램ibs신규사업공모안내,공공기관,20260520~20260618,판로ㆍ해외진출,판로ㆍ해외진출
kst,177747,바이오 클러스터 조성 지원사업,"인천광역시가 지원하는 ‘바이오 클러스터 조성사업’의 일환으로 (재)인천테크노파크에서는 성장 잠재력이 높은 바이오산업 분야 창업기업 및 예비 창업자를 발굴하고 액셀러레이터(창업기획자)와 연계한 바이오기업 성장을 지원하고자 다음과 같이 「바이오 스타트업 지원을 위한 액셀러레이팅 프로그램」 참가기업 모집 공고를 진행하오니, 많은 관심과 참여 바랍니다.",시설/공간,공공기관,전국,"일반인,일반기업,1인 창조기업","기업,누구나,예비창업자,초기창업기업","만 20세 미만,만 20세 이상 ~ 만 39세 이하,만 40세 이상",,,"지원대상 : 바이오 분야 예비창업자 및 창업 7년 이하 바이오, 의약, 의료기술, 디지털 의료제품 개발 기업
     ※ 중소기업창업 지원법 제25조제4항에 따른 신산업 창업 분야의 경우 창업 10년 이하도 지원가능
     ※ 인천 소재 외 지역 기업은 사업종료 후 1개월 내 인천으로 사업장(본사·지사·연구소) 이전 필수

- 동일 아이템으로 타 기관 액셀러레이팅 프로그램 및 그에 준하는 사업에 선정된 기업 및 예비 창업자
- 인천테크노파크에 의해 참가 및 지원 제외 대상이라고 판단되는 자",,"예비창업자,1년미만,2년미만,3년미만,5년미만,7년미만,10년미만",시설ㆍ공간ㆍ보육,20260520,20260611,,,이메일 접수: 공고문 확인 필요,https://www.k-startup.go.kr/web/contents/bizpbanc-ongoing.do?schM=view&pbancSn=177747,main,primary,바이오클러스터조성지원사업,공공기관,20260520~20260611,시설ㆍ공간ㆍ보육,시설ㆍ공간ㆍ보육
kst,177746,2026 서울 유니콘 챌린지 참가기업 모집,해외진출을 희망하는 스타트업 중 우수한 기업을 선정하는 서울유니콘챌린지를 모집하오니 참가를 희망하시는 기업은 안내에 따라 신청하시기 바랍니다,판로/수출,공공기관,서울특별시,일반기업,기업,"만 20세 미만,만 20세 이상 ~ 만 39세 이하,만 40세 이상",,,"국내기업: 해외 진출을 희망하는 10년 미만 국내 스타트업

해외기업: 외국 국적을 보유한 대표자가 운영하는 10년 미만 스타트업",,10년미만,판로ㆍ해외진출,20260519,20260630,,,온라인 접수: https://www.startup-plus.kr/project/PRJ007000,https://www.k-startup.go.kr/web/contents/bizpbanc-ongoing.do?schM=view&pbancSn=177746,main,primary,2026서울유니콘챌린지참가기업모집,공공기관,20260519~20260630,판로ㆍ해외진출,판로ㆍ해외진출
kst,177745,(추가) 2026 유니콘 브릿지 with 아이티센,"※ 추가 모집
아이티센과 경기창조경제혁신센터는 함께 세상을 변화시키는 기술을 만들어 나갈 스타트업을 모집합니다.
선정 기업 5개사 대상 총 10억원 내외 아이티센 전략적 투자, TIPS 검토 및 추천, 경기창조경제혁신센터 클럽딜 검토, 수요 기반 후속 액셀러레이팅 지원합니다.",창업,공공기관,전국,일반기업,기업,"만 20세 미만,만 20세 이상 ~ 만 39세 이하,만 40세 이상",,,"- 법인 설립 7년 이내 창업기업(2019. 12.1. 이후 설립기업)
- TIPS 투자 유치 희망하며 기본 요건 충족하는 기업

- 법인 설립 7년 초과 기업
- 전년도 (&apos;25년) 매출액 20억 초과 기업
- TIPS 참여 이력 보유 기업",,"예비창업자,7년미만",사업화,20260520,20260522,,,온라인 접수: https://unicornbridge.kr/itcen26/,https://www.k-startup.go.kr/web/contents/bizpbanc-deadline.do?schM=view&pbancSn=177745,main,primary,추가2026유니콘브릿지with아이티센,공공기관,20260520~20260522,사업화,사업화
kst,177744,혁신창업멤버스,"‘보건산업혁신창업센터’에서는 국내 바이오헬스산업의 글로벌 경쟁력 강화와 창업 활성화를 위해 바이오헬스 분야 유망 예비창업자 및 창업기업을 대상으로 혁신창업멤버스를 모집합니다. 관심 있는 바이오헬스 창업기업의 많은 신청 바랍니다.
2026년 04월 27일
공고 기업(기관)명 : 한국보건산업진흥원",시설/공간,공공기관,서울특별시,"대학생,일반인,대학,연구기관,일반기업,1인 창조기업","기업,누구나,예비창업자,청년,초기창업기업","만 20세 미만,만 20세 이상 ~ 만 39세 이하,만 40세 이상",,,"* (유형① 입주) 예비창업자 및 창업 3년 이내 바이오헬스 기업
* (유형② 멤버십) 창업 10년 이내 바이오헬스 기업",,"예비창업자,1년미만,2년미만,3년미만,5년미만,7년미만,10년미만",시설ㆍ공간ㆍ보육,20260519,20260601,,,온라인 접수: https://www.khidi.or.kr/kbic,https://www.k-startup.go.kr/web/contents/bizpbanc-ongoing.do?schM=view&pbancSn=177744,main,primary,혁신창업멤버스,공공기관,20260519~20260601,시설ㆍ공간ㆍ보육,시설ㆍ공간ㆍ보육
kst,177743,민관협력 오픈이노베이션 지원사업,「2026년 민관협력 오픈이노베이션 지원」에 참여할 수요기업·기관의 '전략과제 해결형' 협업 과제 및 '민간 선별추천형' 협업 프로그램을 모집합니다.,행사/네트워크,공공기관,전국,일반기업,기업,"만 20세 이상 ~ 만 39세 이하,만 40세 이상",,,"(전략과제 해결형) 오픈이노베이션 수요가 있는 대·중견·중소기업, 공공기관 등
(민간 선별추천형) 자체 오픈이노베이션 프로그램을 보유한 대·중견·중소기업, 공공기관 등
 * 본 공고는 수요기업을 대상으로 하며, 수요기업과 협력할 창업기업 대상 공고는 &apos;26.7월 중 게시 예정",,"7년미만,10년미만",행사ㆍ네트워크,20260520,20260609,,,온라인 접수: https://www.k-startup.go.kr/web/contents/webPMSBizUnvs.do?returnUrl=/screen/BMO0101M01?pbancId=0623501,https://www.k-startup.go.kr/web/contents/bizpbanc-ongoing.do?schM=view&pbancSn=177743,main,primary,민관협력오픈이노베이션지원사업,공공기관,20260520~20260609,행사ㆍ네트워크,행사ㆍ네트워크
kst,177742,경기 스타트업 글로벌 성장지원,경기도와 경기도경제과학진흥원은 일본 진출 및 현지 투자유치를 희망하는 도내 우수 스타트업을 지원하기 위하여 2026년 경기 스타트업 글로벌 성장지원 「일본 오픈이노베이션 프로그램」에 참여할 유망 경기 기업을 모집하오니 관심 있는 기업의 많은 참여 바랍니다.,판로/수출,민간,경기도,"일반인,대학,연구기관,일반기업,1인 창조기업","기업,누구나,스타트업,초기창업기업","만 20세 미만,만 20세 이상 ~ 만 39세 이하,만 40세 이상",,,"본점 주소지가 경기도에 소재한 7년 이내 창업기업
※ 단, 신산업 창업 분야에 해당 시 10년 이내

- 경기도 본사 소재 기업만 지원 가능하며, 도내 지사 및 공장, 연구소 등은 해당되지 않음
- 공고일 기준 2026년 경기 스타트업 글로벌 성장 지원(경기 청년창업 글로벌 프론티어(G-Frontier))사업에 참여 중인 자
- 경기 스타트업 글로벌 성장 지원사업에 2회 이상 지원받은 적이 있거나, 중도 포기한 자
※ 세부 내용 공고문 참고",,"7년미만,10년미만",글로벌,20260518,20260605,,,온라인 접수: https://www.gsp.or.kr/supportProject/UVSD0001.do?sportSeq=6223,https://www.k-startup.go.kr/web/contents/bizpbanc-ongoing.do?schM=view&pbancSn=177742,main,primary,경기스타트업글로벌성장지원,민간,20260518~20260605,글로벌,글로벌
kst,177741,창업보육센터및 기업 지원,"국립공주대학교 산학협력단(창업보육센터)에서는 기술집약형 중소기업의 창업 촉진을 위하여 우수한 기술력을 바탕으로 도전적이고 창의적인 입주기업을 모집하오니, 입주를 희망하시는 분들의 많은 지원 바랍니다.",시설/공간,교육기관,충청남도,"대학생,일반인","누구나,예비창업자,청년","만 20세 미만,만 20세 이상 ~ 만 39세 이하,만 40세 이상",,,"[ 예비창업자]
￭ 잠재력 높은 기술의 개발 단계에 있는 창업 준비자
￭ 기술적 아이디어를 바탕으로 구체적 사업화 목적이 있는 자
￭ 입주 후 3개월 이내 창업(사업자등록)이 가능한 자

[기창업자]
￭ 기술집약형 업종의 창업 기업으로 공고일 기준 업력 7년 이내의 기업
￭ 입주 확정 시 3개월 이내 본점 소재지 이전이 가능한 기업
※ 기업부설연구소 입주 가능(자격요건 관련 상세 내용 확인 필수)

[공통]
- 대학과의 산학협력을 통한 성장 가능성이 높은 예비창업자 또는 기업
- 창업보육센터 입주 확정 기업은 주사업장(본점)이 입주하여야 함
- 산학협력 공동연구 사업을 위한 기업부설연구소 입주 가능
※ 단, 연구소 입주 시 본사가 정부나 지자체에서 지원하는 공간에 입주하지 않아야 함
- 우대사항: 국립공주대학교 학생·교원창업자 / 지역주력산업 및 전･후방산업 분야* 등
* 충남 주력산업: (주축산업) 디스플레이부품장비, 탄소저감자동차부품, 고기능성그린바이오
(미래신산업) 수소연료전지 및 발전, 반도체첨단패키징

- 기업부설연구소 입주시 본사가 정부나 지자체 지원 공간에 입주한 경우
- 금융기관으로부터 채무불이행 및 국세·지방세 체납으로 규제 중인 자 또는 기업
- 폐수, 소음, 진동 등 공해 다발업종 영위 자
- 기타 운영위원회에서 부적당하다고 인정하는 자",,"예비창업자,7년미만",시설ㆍ공간ㆍ보육,20260519,20260610,,,이메일 접수: 공고문 확인 필요,https://www.k-startup.go.kr/web/contents/bizpbanc-ongoing.do?schM=view&pbancSn=177741,main,primary,창업보육센터및기업지원,교육기관,20260519~20260610,시설ㆍ공간ㆍ보육,시설ㆍ공간ㆍ보육
kst,177739,2026 APAN62 연계 기업 쇼케이스 참가업체 모집(~5.29(금)),(재)테인협력센터에서는 과학기술정보통신부의 국내 산업 해외 진출 지원 사업의 일환으로 Asi@Connect 인프라를 활용한 국내 ICT 기업들의 수출 확대를 위해 2026년 8월 뉴질랜드에서 개최되는 ‘2026 APAN62’행사와 연계하여 국내 기업 쇼케이스에 참가기업을 아래와 같이 모집하오니 관심 기업들의 많은 신청 바랍니다.,판로/수출,민간,전국,일반기업,기업,"만 20세 미만,만 20세 이상 ~ 만 39세 이하,만 40세 이상",,,해외 진출을 희망하는 국내 ICT 기업,,"1년미만,2년미만,3년미만,5년미만,7년미만,10년미만",판로ㆍ해외진출,20260519,20260529,,,이메일 접수: 공고문 확인 필요,https://www.k-startup.go.kr/web/contents/bizpbanc-ongoing.do?schM=view&pbancSn=177739,main,primary,2026apan62연계기업쇼케이스참가업체모집529금,민간,20260519~20260529,판로ㆍ해외진출,판로ㆍ해외진출
kst,177738,2026년 소모성자재 납품 중소기업 지원사업,소모성자재(MRO) 납품 중소기업의 신규 판로 개척 및 역량 강화 지원을 위한 「2026년 소모성자재(MRO) 납품 중소기업 구매상담회」 참여기업을 다음과 같이 모집하오니 많은 참여를 바랍니다.,행사/네트워크,공공기관,부산광역시,"일반기업,1인 창조기업","기업,중소기업,초기창업기업","만 20세 미만,만 20세 이상 ~ 만 39세 이하,만 40세 이상",,,"중기업,소기업,소상공인
* 「판로지원법」 제2조제6호에 따른 중소 소모성자재 납품업체
** 사무용품, 공구류, 건설자재, 통신, 보안 등 17개 제품군(붙임 참조)",,"1년미만,2년미만,3년미만,5년미만,7년미만,10년미만",행사ㆍ네트워크,20260519,20260622,,,온라인 접수: https://fanfandaero.kr/portal/v2/preSprtBizPbancDetail.do?sprtBizCd=202618010200&sprtBizTrgtYn=N&groupNo=,https://www.k-startup.go.kr/web/contents/bizpbanc-ongoing.do?schM=view&pbancSn=177738,main,primary,2026년소모성자재납품중소기업지원사업,공공기관,20260519~20260622,행사ㆍ네트워크,행사ㆍ네트워크
kst,177737,[전남]「전남형 AI‧AX 산업 생태계 조성사업」 스타트업 AX 전환 실증 지원 프로그램 참여기업 모집 공고,우리 센터는 도내 스타트업의 AI 전환(AX) 촉진을 통한 지속 가능한 혁신 기반 마련과 현장 중심의 AI 활용 확산을 위해『전남형 AI‧AX 산업 생태계 조성사업』참여기업을 아래와 같이 모집하오니 많은 관심과 참여 바랍니다.,창업,공공기관,전라남도,일반기업,"기업,스타트업","만 20세 미만,만 20세 이상 ~ 만 39세 이하,만 40세 이상",,,"AX 추진에 적극 의지가 있는 도내 소재(예정) 전 산업 기반 창업 10년 미만 스타트업
※ 도내 본사 또는 지점 등이 소재하지 아니할 경우 협약 종료 3개월 전까지 전남도로 이전 또는 신규 설치 필수

※ 공고문 내 신청제외대상 참고",,10년미만,사업화,20260511,20260608,,,이메일 접수: 공고문 확인 필요,https://www.k-startup.go.kr/web/contents/bizpbanc-ongoing.do?schM=view&pbancSn=177737,main,primary,전남전남형aiax산업생태계조성사업스타트업ax전환실증지원프로그램참여기업모집공고,공공기관,20260511~20260608,사업화,사업화
kst,177736,2026년 소모성자재 납품 중소기업 지원사업,"소모성자재(MRO) 납품 중소기업의 공공조달 시장 진입 장벽을 낮추고, 실질적인 입찰 성공률을 제고하기 위해 「2026년 소모성자재(MRO) 납품 중소기업 공공조달 입찰 실무교육」 참여기업을 다음과 같이 모집하오니 많은 참여를 바랍니다.",교육/멘토링,공공기관,전국,"일반기업,1인 창조기업","기업,중소기업,초기창업기업","만 20세 미만,만 20세 이상 ~ 만 39세 이하,만 40세 이상",,,"중기업,소기업,소상공인
* 「판로지원법」 제2조제6호에 따른 중소 소모성자재 납품업체
** 사무용품, 공구류, 건설자재, 통신, 보안 등 17개 제품군(붙임 참조)",,"1년미만,2년미만,3년미만,5년미만,7년미만,10년미만",멘토링ㆍ컨설팅ㆍ교육,20260515,20260604,,,온라인 접수: https://fanfandaero.kr/portal/v2/preSprtBizPbancDetail.do?sprtBizCd=202618020100&sprtBizTrgtYn=N&groupNo=,https://www.k-startup.go.kr/web/contents/bizpbanc-ongoing.do?schM=view&pbancSn=177736,main,primary,2026년소모성자재납품중소기업지원사업,공공기관,20260515~20260604,멘토링ㆍ컨설팅ㆍ교육,멘토링ㆍ컨설팅ㆍ교육
kst,177735,[부산] 2026년 소상공인 IP창출 종합패키지(브랜드&디자인 융합) 사업 공고,"소상공인의 지식재산 피해를 예방하고 안정적 성장을 돕기 위하여, 시장·제품 특성이 반영된 브랜드와 디자인 융합 개발을 지원하고 소상공인이 보유한 지식재산을 권리로 보호하기 위한 「소상공인 IP창출 종합패키지 (브랜드&디자인 융합)」 지원 사업을 시행하오니 희망하는 소상공인은 아래에 따라 신청하여 주시기바랍니다.",창업,공공기관,부산광역시,"일반기업,1인 창조기업","기업,소상공인,초기창업기업","만 20세 미만,만 20세 이상 ~ 만 39세 이하,만 40세 이상",,,"▪ 「소상공인기본법」제2조에 따른 소상공인(사업자등록증 보유)

※ 지원제외 대상

* 지원제외 업종(시스템 첨부 참고)

* (사실상)휴·폐업 소상공인, 금융기관 불량거래자, 비영리 개인사업자·법인·조합 등

* 프랜차이즈 가맹점, 가맹사업본부 중 가맹점이 있는 경우

* 기타, 지역지식재산센터에서 지원이 불가능하다고 판단하는 경우",,"1년미만,2년미만,3년미만,5년미만,7년미만,10년미만",사업화,20260519,20260615,,,온라인 접수: https://pms.ripc.org/pms/biz/applicant/notice/info.do?noticeSeq=4670&bizYear=2026,https://www.k-startup.go.kr/web/contents/bizpbanc-ongoing.do?schM=view&pbancSn=177735,main,primary,부산2026년소상공인ip창출종합패키지브랜드디자인융합사업공고,공공기관,20260519~20260615,사업화,사업화
kst,177734,[코레일유통/본사] 제3차 청년창업 제휴사업자 모집공고,"코레일유통(주) 청년창업 지원사업에 따른 매장 운영자 모집공고를 시행하오니, 참여를 희망하는 예비창업자 및 청년창업자는 참여해 주시길 바랍니다.
■ 공고대상 매장 : 왕십리역 맞이방(분식/12.0㎡), 부산역 1층 맞이방(한식/52.0㎡), 동대구역 구맞이방(전문제과/19.0㎡)
■ 접수방법 : 코레일유통(주) 홈페이지 https://www.korailretail.com - 파트너십 - 청년창업 지원안내/공고 - 청년창업 신규공고
■ 비고사항 : [붙임8] 청년창업 전자입찰프로세스 매뉴얼 확인 必",시설/공간,공공기관,전국,"대학생,일반인","누구나,예비창업자,청년",만 20세 이상 ~ 만 39세 이하,20,39,"1. 공고일 기준 만 18세 이상 39세 이하
2. 공고일 기준 사업자등록을 하지 않은 예비창업자 또는 창업 후 3년 이하인 ｢중소기업기본법｣ 제2조 2항에 따른 소기업을 영위하는 자
(대표자 연령 조건 충족해야 함)
3. 계약 체결 후 7일 이내 일반과세 사업자등록이 가능하고 시설투자 가능자
4. 프랜차이즈 미가맹 사업자로, 고유의 브랜드 및 레시피로 운영가능한 자

- 회사와 특수관계에 있는 자 또는 공공성 확보를 위해 다음에 해당하는 경우 참가를 제한
1. 코레일유통(주) 청년창업 지원매장 운영자로 선정된 자와 그 배우자 및 직계혈족
2. 코레일유통(주) 부정당업체로 지정된 업체(자)와 그 배우자 및 직계혈족
3. 기존 계약자(공고일 기준)
① 우리사 편의점 및 자판기 관련 계약 중이거나 과거 계약 이력이 있는 자와 그 배우자 및 직계혈족
② 우리사 상설전문점 운영 중이거나 과거 계약 이력이 있는 자와 그 배우자 및 직계혈족
4. 회사와 특수관계인 관련(공고일 기준)
① 모집시작일 기준 퇴직 후 2년이 경과 하지 않은 전직 임직원의 직계혈족
② 모집시작일 기준 한국철도공사 및 그 계열사에 재직 중인 임직원과 그 배우자 및 직계혈족
5. 공고일 현재 상업시설 운영 중인 자로 점포 수 확대를 목적으로 지원하는 자와 그 배우자 및 직계혈족",,"예비창업자,3년미만",시설ㆍ공간ㆍ보육,20260520,20260529,,,온라인 접수: www.korailretail.com,https://www.k-startup.go.kr/web/contents/bizpbanc-ongoing.do?schM=view&pbancSn=177734,main,primary,코레일유통본사제3차청년창업제휴사업자모집공고,공공기관,20260520~20260529,시설ㆍ공간ㆍ보육,시설ㆍ공간ㆍ보육
kst,177733,[숭실대학교 캠퍼스타운] 2026 숭실 스타트업 아카데미,"숭실대학교 캠퍼스타운에서 창업자들이 직면한 애로사항과 관심도를 반영한 주제를 선정하여, 전문적이고 
실효성 있는 창업 정보를 제공하는 실무 중심의 교육을 진행합니다. 많은 관심과 참여 부탁드립니다.",창업,교육기관,서울특별시,"대학생,일반인,대학,연구기관,일반기업,1인 창조기업","기업,누구나,스타트업,청년,초기창업기업","만 20세 미만,만 20세 이상 ~ 만 39세 이하,만 40세 이상",,,"스타트업 대표 및 임직원, (예비)창업자 및 창업에 관심이 있는 학생 등",,"예비창업자,1년미만,2년미만,3년미만,5년미만,7년미만,10년미만",창업교육,20260520,20260619,,,온라인 접수: https://forms.gle/VhX9aaLdbc424oDn8,https://www.k-startup.go.kr/web/contents/bizpbanc-ongoing.do?schM=view&pbancSn=177733,main,primary,숭실대학교캠퍼스타운2026숭실스타트업아카데미,교육기관,20260520~20260619,창업교육,창업교육
kst,177732,창업보육센터 지원,동국대학교 창업보육센터에서는 동국 블루칩으로써 성장과 발전을 함께 도모할 (예비)창업기업을 발굴 및 육성하기 위해 신규 입주기업 모집 공고를 진행하오니 입주를 희망하는 기업은 아래 공고를 참고하여 지원해주시기 바랍니다.,시설/공간,교육기관,전국,"대학생,일반인,대학,연구기관,일반기업,1인 창조기업","기업,누구나,예비창업자,청년,초기창업기업","만 20세 이상 ~ 만 39세 이하,만 40세 이상",,,"- 우수한 기술 또는 아이템을 보유한 플랫폼·AI 분야 예비창업자 또는 창업 7년 이내 초기 창업기업
※ 공고일 기준이며, 예비창업자는 입주 후 3개월 이내 사업자 등록 가능자

- 입주 확정 시, 본점 소재지를 창업보육센터로 이전 가능한 기업
※ 단, 사업자 시설 활용 및 공동연구 목적으로 기업부설연구소 또는 연구개발전담부서(지사)가 입주하는 경우 본사가 입주한 것으로 간주

- 아래의 지원 제한 사항에 포함되지 않는 기업
※ 동종 업종으로 폐업한 후 3년(부도·파산은 2년)이 경과하지 않은 기업
※ 한국표준산업분류 세세분류코드 기준

- 창업지원 제외 업종 운영 기업 (일반유흥주점업, 무도유흥주점업, 기타 사행시설 관리 및 운영업)
- 소음, 진동, 폐수, 매연 등 공해유발 업종/ 국세·지방세 체납 중인 기업 또는 금융기관 신용불량 거래자",,"예비창업자,1년미만,2년미만,3년미만,5년미만,7년미만",시설ㆍ공간ㆍ보육,20260520,20260608,,,이메일 접수: 공고문 확인 필요,https://www.k-startup.go.kr/web/contents/bizpbanc-ongoing.do?schM=view&pbancSn=177732,main,primary,창업보육센터지원,교육기관,20260520~20260608,시설ㆍ공간ㆍ보육,시설ㆍ공간ㆍ보육
kst,177731,1인 창조기업 지원센터,㈜오피스허브 1인 창조기업 지원센터 입주기업 모집을 아래와 같이 공고합니다.,시설/공간,민간,전국,"청소년,대학생,일반인,대학,연구기관,일반기업,1인 창조기업","기업,누구나,예비창업자,청년,초기창업기업","만 20세 미만,만 20세 이상 ~ 만 39세 이하,만 40세 이상",,,예비창업자 및 창업 7년 이내 기업,,"예비창업자,1년미만,2년미만,3년미만,5년미만,7년미만",시설ㆍ공간ㆍ보육,20260520,20260527,,,이메일 접수: 공고문 확인 필요,https://www.k-startup.go.kr/web/contents/bizpbanc-ongoing.do?schM=view&pbancSn=177731,main,primary,1인창조기업지원센터,민간,20260520~20260527,시설ㆍ공간ㆍ보육,시설ㆍ공간ㆍ보육
kst,177730,2026 지역창업 페스티벌 연계 제102회 대전창업포럼,"안녕하세요, 대전창조경제혁신센터입니다.
「2026 스타트업 코리아 투자위크 (Startup Korea Investment Week)」는 국내 최대 규모의 지역 기반 골목형(Alley) 투자유치 행사로 유망 스타트업과 국내외 투자자 간 전략적 네트워킹과 실질적 투자 유치 연계를 지원합니다.
저희 센터에서는 올해로 4회차를 맞이한 이번 2026 스타트업 코리아 투자위크 진행과 관련, 중소벤처기업부의 2026 지역창업 페스티벌과 연계하여 오는 6월부터 사전붐업 행사를 거쳐 9월 본행사까지의 대장정을 시작합니다.
첫번째 행사로 이번 「제102회 대전창업포럼(K-콘텐츠)」를 개최하오니 투자자 분들의 많은 관심과 참여 바랍니다.",행사/네트워크,공공기관,대전광역시,"청소년,대학생,일반인,대학,연구기관,일반기업,1인 창조기업","기업,누구나,청년,초기창업기업","만 20세 미만,만 20세 이상 ~ 만 39세 이하,만 40세 이상",,,"「2026 지역창업 페스티벌 연계 제102회 대전창업포럼」 IR 데모데이 및 투자사 1:1 밋업 프로그램에 참여를 희망하는 투자사

* 스타트업, 유관기관 및 창업에 관심 있으신 일반 시민분들은 별도의 공고를 통해 신청하시기 바랍니다.",,"예비창업자,1년미만,2년미만,3년미만,5년미만,7년미만,10년미만",행사ㆍ네트워크,20260519,20260529,,,온라인 접수: https://forms.gle/d9oabStexkyhioPR6,https://www.k-startup.go.kr/web/contents/bizpbanc-ongoing.do?schM=view&pbancSn=177730,main,primary,2026지역창업페스티벌연계제102회대전창업포럼,공공기관,20260519~20260529,행사ㆍ네트워크,행사ㆍ네트워크
kst,177729,26년 5월 스타트업 언론 홍보 지원사업 참가사 모집 공고(2차),스타트업 전문 매체 『스타트업데일리』에서 홍보에 어려움을 겪는 예비창업자/스타트업의 홍보 지원을 위해 다음과 같이 공고하오니 많은 참여 바랍니다.,창업,민간,전국,"청소년,대학생,일반인,대학,연구기관,일반기업,1인 창조기업","기업,누구나,스타트업,예비창업자,청년,초기창업기업","만 20세 미만,만 20세 이상 ~ 만 39세 이하,만 40세 이상",,,"1. 예비창업자
2. 창업 7년 이내 초기 기업

1. 이미 배포된 보도자료(중복)·동일한 내용으로 재보도(반복) 배포 불가
2. 단순 제품 홍보(건강기능식품, 화장품 등), 프로모션 홍보 등 과도한 광고성 문안 게재 불가",,"예비창업자,1년미만,2년미만,3년미만,5년미만,7년미만",사업화,20260519,20260531,,,이메일 접수: 공고문 확인 필요,https://www.k-startup.go.kr/web/contents/bizpbanc-ongoing.do?schM=view&pbancSn=177729,main,primary,26년5월스타트업언론홍보지원사업참가사모집공고2차,민간,20260519~20260531,사업화,사업화
kst,177727,경기 스타트업 아카데미 운영,메가존클라우드와 협업하여 'AWS Kiro로 Spec 기반 바이브코딩' 기술특강을 운영합니다.,교육/멘토링,공공기관,경기도,"청소년,대학생,일반인,대학,연구기관,일반기업,1인 창조기업","기업,누구나,스타트업,청년,초기창업기업","만 20세 미만,만 20세 이상 ~ 만 39세 이하,만 40세 이상",,,"도내 예비·초기창업자, 창업기업 재직자, 대학(원)생, 유관기관 등",,"예비창업자,1년미만,2년미만,3년미만,5년미만,7년미만,10년미만",멘토링ㆍ컨설팅ㆍ교육,20260519,20260529,,,온라인 접수: https://gsp.or.kr/supportProject/UVSD0001.do?sportSeq=6233,https://www.k-startup.go.kr/web/contents/bizpbanc-ongoing.do?schM=view&pbancSn=177727,main,primary,경기스타트업아카데미운영,공공기관,20260519~20260529,멘토링ㆍ컨설팅ㆍ교육,멘토링ㆍ컨설팅ㆍ교육
kst,177726,지역창업특화지원,칠곡군중장년기술창업센터에서는 창업에 대한 두려움해소와 실질적인 창업역량을 강화하기 위해 인큐베이팅 창업교육을 실시하고자하오니 많은 참여 바랍니다.,시설/공간,교육기관,경상북도,"일반인,1인 창조기업","누구나,예비창업자,초기창업기업","만 20세 이상 ~ 만 39세 이하,만 40세 이상",,,"예비창업자, 3년이내 기업 15명",,"예비창업자,1년미만,2년미만,3년미만,5년미만,7년미만,10년미만",시설ㆍ공간ㆍ보육,20260518,20260615,,,이메일 접수: 공고문 확인 필요,https://www.k-startup.go.kr/web/contents/bizpbanc-ongoing.do?schM=view&pbancSn=177726,main,primary,지역창업특화지원,교육기관,20260518~20260615,시설ㆍ공간ㆍ보육,시설ㆍ공간ㆍ보육
kst,177725,글로벌 스타트업이륙작전,화성산업진흥원은 글로벌 진출 역량을 보유한 창업기업(스타트업)을 대상으로 액셀러레이팅을 지원하는 「글로벌 스타트업 이륙작전」 사업을 시행하고자 합니다. 이에 미래의 지역 선도기업으로 성장할 기업의 많은 관심과 지원 바랍니다.,판로/수출,공공기관,경기도,"일반기업,1인 창조기업","기업,스타트업,초기창업기업","만 20세 미만,만 20세 이상 ~ 만 39세 이하,만 40세 이상",,,"공고마감일 기준 기술(업력 7년 이내)또는 10대 신산업(업력 10년 이내) 분야 화성시 개인 또는 법인 창업기업(스타트업)

세부사항 공고문 참조",,"7년미만,10년미만",글로벌,20260519,20260527,,,온라인 접수: https://platform.hsbiz.or.kr/business/detail/N/1216,https://www.k-startup.go.kr/web/contents/bizpbanc-ongoing.do?schM=view&pbancSn=177725,main,primary,글로벌스타트업이륙작전,공공기관,20260519~20260527,글로벌,글로벌
kst,177724,[성남산업진흥원] 폴란드 국제방위산업전시회 2026(MSPO 2026) 참관단 참가기업 모집,"성남산업진흥원은 관내 중소벤처기업의 방산분야 진출을 지원하기 위해 '폴란드 국제방위산업전시회 2026(MSPO 2026) 참관단' 참가 기업을 다음과 같이 모집하오니, 관내 기업들의 많은 관심과 신청 바랍니다.
* 전시회 참가가 아닌 참관 지원사업입니다.",판로/수출,공공기관,경기도,일반기업,기업,"만 20세 미만,만 20세 이상 ~ 만 39세 이하,만 40세 이상",,,"성남시 소재 방산업체로 등록된 기업 및 방산분야 진출 추진 중인 중소벤처기업(IT, AI, 로봇, 드론, 바이오 등) 10개사 이내

○ 단순 무역, 유통, 전시품목 비관련 업체
○ 신청일부터 참가 기간까지 기업 소재지(주된 사무소나 공장)가 성남시에 소재하지 않는 경우
○ 국세 및 지방세 체납업체(징수유예 포함)
○ NICE 신용조회가 불가하거나, 조회 결과 회수의문·휴폐업·부도에 해당하는 기업
○ 법정관리, 기업회생신청, 청산절차 등에 해당하는 기업
○ 동일 전시회로 타 기관 및 지자체의 지원금을 받는 기업 등
※ 자세한 내용은 모집공고 참고",,"1년미만,2년미만,3년미만,5년미만,7년미만,10년미만",판로ㆍ해외진출,20260514,20260608,,,온라인 접수: https://portal.snip.or.kr:8443/portal/snip/MainMenu/businessManagement/application.page?portlet=2026-0130&portlet2=4137&ptlYn=Y,https://www.k-startup.go.kr/web/contents/bizpbanc-ongoing.do?schM=view&pbancSn=177724,main,primary,성남산업진흥원폴란드국제방위산업전시회2026mspo2026참관단참가기업모집,공공기관,20260514~20260608,판로ㆍ해외진출,판로ㆍ해외진출
kst,177722,IP 나래 프로그램,창업 기업에게 보유기술의 독점적 권리 도출을 지원하고 지식재산기반 경영을 위한 기술경영 융‧복합 컨설팅을 제공하는 IP나래 프로그램 지원 기업을 다음과 같이 모집합니다.,교육/멘토링,공공기관,광주광역시,일반기업,기업,"만 20세 미만,만 20세 이상 ~ 만 39세 이하,만 40세 이상",,,"창업 후 7년 이내이며 기술을 보유한 중소기업
신산업창업 분야 10년 이내 중소기업(기술 해당 여부를 공고문에서 반드시 확인)",,"7년미만,10년미만",멘토링ㆍ컨설팅ㆍ교육,20260506,20260604,,,온라인 접수: https://pms.ripc.org/pms/biz/applicant/notice/info.do?noticeSeq=4628&bizYear=2026,https://www.k-startup.go.kr/web/contents/bizpbanc-ongoing.do?schM=view&pbancSn=177722,main,primary,ip나래프로그램,공공기관,20260506~20260604,멘토링ㆍ컨설팅ㆍ교육,멘토링ㆍ컨설팅ㆍ교육
kst,177720,2026 위치정보 보호조치 교육 홍보 요청,"방송미디어통신위원회와 한국인터넷진흥원이 추진하는 「2026년 위치정보 보호조치 교육」을 안내드립니다.
위치정보 활용 과정에서 법적 의무나 보호조치 이행 기준 등이 막연하게 느껴졌다면, 이번 교육을 통해 사업 운영에 필요한 기본 사항을 점검해보시기 바랍니다.",교육/멘토링,민간,전국,"대학생,일반인,대학,연구기관,일반기업,1인 창조기업","기업,누구나,청년,초기창업기업","만 20세 이상 ~ 만 39세 이하,만 40세 이상",,,"위치정보사업자, 위치기반서비스사업자 및 예비사업자 등 위치정보와 관련된 일을 하시는 모든 분들",,"예비창업자,1년미만,2년미만,3년미만,5년미만,7년미만,10년미만",멘토링ㆍ컨설팅ㆍ교육,20260519,20260526,,,온라인 접수: http://www.openitrun.com,https://www.k-startup.go.kr/web/contents/bizpbanc-deadline.do?schM=view&pbancSn=177720,main,primary,2026위치정보보호조치교육홍보요청,민간,20260519~20260526,멘토링ㆍ컨설팅ㆍ교육,멘토링ㆍ컨설팅ㆍ교육
kst,177719,AI 솔로프러너 프리오픈 참가자 모집,"주식회사 언더독스에서 AI 시대 AI를 활용해 창업을 할 예비,초기 창업가를 발굴하고 있습니다. 
AI를 활용해 매출을 발생시킬 창업가를 찾습니다.
많은 관심과 참여 바랍니다.",창업,민간,전국,"청소년,대학생,일반인,대학,연구기관,일반기업,1인 창조기업","기업,누구나,청년,초기창업기업","만 20세 미만,만 20세 이상 ~ 만 39세 이하,만 40세 이상",,,AI를 활용해 매출을 일으킬 모든 1인 창업가,,"예비창업자,3년미만",사업화,20260518,20260525,,,온라인 접수: https://udimpact-ai-solopreneur.vercel.app/,https://www.k-startup.go.kr/web/contents/bizpbanc-deadline.do?schM=view&pbancSn=177719,main,primary,ai솔로프러너프리오픈참가자모집,민간,20260518~20260525,사업화,사업화
kst,177718,2026년 디지털 전환 실습 전문가 양성 교육,"(재)경기테크노파크가 주최하고 (주)그란코에서 주관하는
『2026년 디지털 전환 실습 전문가 양성 교육』을 소개합니다.
제조 현장에서는 데이터 수집, 공정 모니터링, 대시보드 구성, 3D 공정 시뮬레이션 등
디지털 전환 기술을 실제 업무에 적용할 수 있는 실무 역량의 중요성이 점차 높아지고 있습니다.
이에 제조 DX 핵심 기술을 실습 중심으로 학습하고,
현장에서 바로 활용 가능한 디지털 전환 실무 역량을 강화할 수 있도록
아래와 같은 교육 과정이 운영될 예정입니다.",교육/멘토링,민간,경기도,"일반기업,1인 창조기업","기업,초기창업기업","만 20세 이상 ~ 만 39세 이하,만 40세 이상",,,일반 산업 재직자 및 관련 업계 종사자,,"예비창업자,1년미만,2년미만,3년미만,5년미만,7년미만,10년미만",멘토링ㆍ컨설팅ㆍ교육,20260518,20260703,,,온라인 접수: https://forms.gle/frF9Yn6jZWWxkpXP9,https://www.k-startup.go.kr/web/contents/bizpbanc-ongoing.do?schM=view&pbancSn=177718,main,primary,2026년디지털전환실습전문가양성교육,민간,20260518~20260703,멘토링ㆍ컨설팅ㆍ교육,멘토링ㆍ컨설팅ㆍ교육
kst,177717,"당신의 기술 고민, 전문가와 함께 해결하세요.","서울바이오허브는 보건․의료 산업 분야 창업기업의 기술 성장과 사업화를 지원하기 위해 학․연 혁신네트워크 전문가와의 전문가를 통한 맞춤형 기술자문 프로그램을 운영합니다. 
보건·의료 산업 분야 창업기업의 다양한 기술적 애로 해결을 지원함으로써 연구․개발 및 사업화를 지원하는 본 프로그램에 많은 관심과 참여를 바랍니다.",교육/멘토링,공공기관,서울특별시,"일반기업,1인 창조기업","기업,초기창업기업","만 20세 미만,만 20세 이상 ~ 만 39세 이하,만 40세 이상",,,서울 소재* 창업 10년 이내* 보건·의료 산업 분야 창업기업,,"1년미만,2년미만,3년미만,5년미만,7년미만,10년미만",멘토링ㆍ컨설팅ㆍ교육,20260518,20260527,,,온라인 접수: https://www.seoulbiohub.kr/front/supportManageReq/supportManageView.do?seq=758&gubun=09&&&&link_g_topmenu_id=310&link_g_submenu_id=310&link_g_homepage=F,https://www.k-startup.go.kr/web/contents/bizpbanc-ongoing.do?schM=view&pbancSn=177717,main,primary,당신의기술고민전문가와함께해결하세요,공공기관,20260518~20260527,멘토링ㆍ컨설팅ㆍ교육,멘토링ㆍ컨설팅ㆍ교육
kst,177716,[서울바이오허브] 2026년 전문기관 연계형 기술·경영 컨설팅 지원 사업 수요기업 모집 공고,서울특별시에서 조성하고 한국과학기술연구원ㆍ고려대학교가 운영하는 ‘서울바이오허브’에서 보건·의료 산업 분야 창업기업이 사업화 과정에서 겪는 다양한 문제를 해결할 수 있도록 전문성을 보유한 전문기관과 창업기업을 연계하여 컨설팅을 지원하고자 하오니 관심있는 창업기업의 많은 신청 바랍니다.,교육/멘토링,공공기관,서울특별시,"청소년,대학생,일반인,대학,연구기관,일반기업,1인 창조기업","기업,누구나,청년,초기창업기업","만 20세 미만,만 20세 이상 ~ 만 39세 이하,만 40세 이상",,,"서울 소재 창업 10년 이내 보건·의료 산업 분야 창업기업

① 사업자등록을 하지 않거나 휴업, 폐업, 부도, 화의, 법정관리중인 기업 및 기관
② 국세 및 지방세 체납중인 기업 및 기관
③ 금융 불량거래처로 규제중인 기업, 기관 및 대표자
④ 기존 정부 및 서울시 사업 부실판정, 참여제한 등으로 제재 중인 기업 및 기관
⑤ 수행실적 확인이 불분명하거나 허위서류를 제출한 기업 및 기관",,"예비창업자,1년미만,2년미만,3년미만,5년미만,7년미만,10년미만",멘토링ㆍ컨설팅ㆍ교육,20260518,20260603,,,온라인 접수: https://www.seoulbiohub.kr/front/supportManageReq/supportManageView.do?seq=769&gubun=09&link_g_topmenu_id=310&link_g_submenu_id=310&link_g_homepage=F,https://www.k-startup.go.kr/web/contents/bizpbanc-ongoing.do?schM=view&pbancSn=177716,main,primary,서울바이오허브2026년전문기관연계형기술경영컨설팅지원사업수요기업모집공고,공공기관,20260518~20260603,멘토링ㆍ컨설팅ㆍ교육,멘토링ㆍ컨설팅ㆍ교육
kst,177715,「인천항만공사 동반성장 지원 프로그램」 2026년 창업기업 육성 지원사업 (연장)공고,"인천항만공사와 대‧중소농․어업협력재단, 인천대학교 창업지원단(아이엔유파트너스)은 혁신 스타트업의 성장과 일자리 창출을 위한 창업기업 육성 지원사업을 다음과 같이 공고합니다.",창업,공공기관,인천광역시,"일반인,일반기업","기업,누구나,초기창업기업","만 20세 미만,만 20세 이상 ~ 만 39세 이하,만 40세 이상",,,"1. 디지털 해상교통 정보산업 분야 창업 7년 이내 중소기업
2. 어촌·수산분야 AI·디지털 전환 창업 7년 이내 중소기업",,7년미만,사업화,20260518,20260531,,,이메일 접수: 공고문 확인 필요,https://www.k-startup.go.kr/web/contents/bizpbanc-ongoing.do?schM=view&pbancSn=177715,main,primary,인천항만공사동반성장지원프로그램2026년창업기업육성지원사업연장공고,공공기관,20260518~20260531,사업화,사업화
kst,177714,2026 여성특화 액셀러레이팅 프로그램 참여자 모집 공고,여성 특화 전문 창업기획자(액셀러레이터)를 통해 초기 유망 여성 스타트업(창업 7년미만)을 육성하는『여성특화 액셀러레이팅 프로그램』에 참여할 창업기업 모집을 다음과 같이 공고합니다.,창업,민간,전국,"청소년,대학생,일반인,대학,연구기관,일반기업,1인 창조기업","기업,누구나,여성,예비창업자,청년,초기창업기업","만 20세 미만,만 20세 이상 ~ 만 39세 이하,만 40세 이상",,,"기술기반 혁신아이템, 여성 특화 및 친화제품 등을 보유한 여성 예비창업자 및 창업 7년 미만 여성 창업기업

사업 공고문 내 신청제외 대상 확인 必",,7년미만,사업화,20260519,20260609,,,기타 접수: 해당 운영기관 이메일 제출 (공고문 확인),https://www.k-startup.go.kr/web/contents/bizpbanc-ongoing.do?schM=view&pbancSn=177714,main,primary,2026여성특화액셀러레이팅프로그램참여자모집공고,민간,20260519~20260609,사업화,사업화
kst,177713,2026년 지역성장 예비창업지원사업 참여 모집 공고,한국기술교육대학교 앵커사업단에서는 충청남도 지역 내 유망 창업 아이템을 보유한 예비창업자 및 신규 창업기업을 발굴·지원하고자「2026년 지역성장 예비창업지원사업」 참여자를 다음과 같이 모집하오니 많은 관심과 참여 바랍니다.,창업,교육기관,충청남도,"청소년,대학생,일반인,일반기업,1인 창조기업","기업,누구나,예비창업자,청년,초기창업기업","만 20세 미만,만 20세 이상 ~ 만 39세 이하,만 40세 이상",,,"■ 모집대상

 1. 지원자격
  - 충청남도 내 창업을 희망하는 예비창업자
  - 창업일이 2026. 3. 1. 이후인 충청남도 소재 창업기업

 2. 우대사항
  - 한국기술교육대학교 교원 및 재학생(수료생·졸업생 제외)
  - 신성장동력산업 분야 사업아이템을 추진 중인 예비창업자 또는 창업기업

   ※신성장동력산업 분야: 반도체·디스플레이,  친환경·모빌리티,  AI·융합 분야",,"예비창업자,1년미만",사업화,20260518,20260623,,,이메일 접수: 공고문 확인 필요,https://www.k-startup.go.kr/web/contents/bizpbanc-ongoing.do?schM=view&pbancSn=177713,main,primary,2026년지역성장예비창업지원사업참여모집공고,교육기관,20260518~20260623,사업화,사업화
kst,177712,2026 경기 지역특화콘텐츠개발지원 제작지원 기업 모집공고,"(재)경기콘텐츠진흥원에서는 ‘2026 경기 지역특화콘텐츠개발지원’ 사업을 통해 경기도의 특색을 담은 콘텐츠를 제작할 기업을 모집합니다.
관심 있는 기업의 많은 참여 바랍니다.",창업,공공기관,경기도,일반기업,기업,"만 20세 미만,만 20세 이상 ~ 만 39세 이하,만 40세 이상",,,"공고일(2026.5.15.) 현재 소재지가 경기도인 콘텐츠 기업
 ※ 콘텐츠  관련 기업만 지원 가능(부동산업 등 지원 불가)
 ※ 경기도 내 ‘본사/본점’ 소재한 기업만 지원 가능(지사/지점, 연구소 등 지원 불가)
 ※ 지역콘텐츠기업 제작역량 강화를 위한 역외기업과의 컨소시엄 가능
    · 주관기업 : 경기도 소재 콘텐츠 분야 중소기업(컨소시엄 구성 시 사업비 51% 이상)
    · 참여기업 : 경기도 및 경기도 외 지역 소재 기업(참여기업은 최대 1개까지 가능)
 ※ 주관기업, 참여기업 모두 제재사유가 없어야 함

※ 참가 자격 제한
① 공고일 기준(2026.05.15.) 본사가 경기도 내에 소재하는 중소기업이 아닌 경우
   ※ 협약 체결 시 중소벤처기업부에서 발급하는 ‘중소기업확인서’를 제출하여야 함
② 과업 종료일(2026.10.31.)까지 4대보험 가입자 3인 이상 구성을 완료할 수 없는 경우(대표자 포함, 4대보험 가입자명부 기준)
③ 신청일 현재 사업자가 한국콘텐츠진흥원의 콘텐츠지원사업에서 지원금을 직접 교부받아 추진 중인 과제가 총 2개 과제 이상인 경우(단, 당해연도에 동시에 수행할 수 있는 콘텐츠지원사업은 최대 2개로 제한하며, 지원규모 1억원 이하인 과제는 과제 수에서 제외)
④ 신청일 현재 경기콘텐츠진흥원에서 지원금을 직접 교부받아 추진 중인 과제가 총 2개 이상인 경우(단, 지원규모 2,500만원 이하의 과제는 과제 수에서 제외)
⑤ 당해연도 포함 최근 3년간 경기콘텐츠진흥원에서 교부받은 기업별 지원과제금액의 합계가 6억원 이상인 경우
⑥ 신청일 현재 동일한 과제로(과제 목표와 산출물이 동일한 경우) 한국콘텐츠진흥원 및 경기콘텐츠진흥원의 지원사업에 기 선정되어 지원금을 직접 교부받은 경우
⑦ 신청일 또는 이후 현재 국세 또는 지방세 체납사실이 있는 경우 
⑧ 직전년도(2025) 본 지원사업 수혜기업에 해당하는 경우(주관/참여기업 모두 지원 불가)
⑨ 보조사업 수행 등의 배제결정을 받은 기업, 대표자 및 책임자, 또는 보조금 수급의 제한을 받은 보조금수령자
⑩ 문화체육관광부장관 등 중앙행정관서의 장으로부터 참여제한 조치를 받은 기업, 대표자 및 책임자
⑪ 한국콘텐츠진흥원 및 경기콘텐츠진흥원의 상임 임원이 부임 직전에 재직했던 기업인 경우
⑫ 신청일 현재 사업자가 콘텐츠지원사업에 따라 발생한 정산반납 대상액(지원사업 정산결과에 따라 사업자가 기관에 납부하여야하는 금액) 및 기술료를 체납(매출조사 거부, 회피 등 포함)하고 있는 경우 
⑬ 신청일 현재 기업의 재무제표/신용도 평가 상의 이유로 이행보증증권(계약/선금/중도금/잔금 등)의 발행이 불가능한 경우",,"1년미만,2년미만,3년미만,5년미만,7년미만,10년미만",사업화,20260518,20260602,,,온라인 접수: http://buly.kr/7x8Uzrs,https://www.k-startup.go.kr/web/contents/bizpbanc-ongoing.do?schM=view&pbancSn=177712,main,primary,2026경기지역특화콘텐츠개발지원제작지원기업모집공고,공공기관,20260518~20260602,사업화,사업화
kst,177711,[강동구 청년해냄센터] 고덕비즈밸리 강동U1센터 청년창업공간 입주기업 모집,고덕비즈밸리 강동U1센터 청년창업지원공간 입주기업을 모집하오니 입주 희망자는 안내에 따라 신청하시기 바랍니다.,시설/공간,공공기관,서울특별시,일반기업,"기업,청년",만 20세 이상 ~ 만 39세 이하,20,39,"※ 기업 대표자 기준, 아래 조건 충족
- 연 령 : 19세∼39세 이하 청년 (1986.5.19. ~ 2007.5.18.)
- 주소지 : 입주 후 1개월 내 사업장(본사) 이전이 가능한 자
※ 거주지(주민등록지)가 강동구인자 우대(서류 심사 시 가점 1점 부여)
- 창업일 : 7년 미만 기창업자(사업자등록증 기준일 2019. 5.19. 이후 창업)
- 대표자 제외 상시 근로자 1인 이상인 기업
- 고덕 비즈 밸리 청년 창업지원 공간 지원받은 사실이 없는 자
 ※상세한 신청자격은 공고문 참

▷ 지원제외업종: 금융 및 보험업, 부동산업, 숙박, 음식점업, 무도장, 유흥접객영업
(주점 등), 스키장, 갬블링, 베팅업, 프랜차이즈업 등 지원이 부적합하다고 자체 판단 시
▷ 국세 또는 지방세 체납자 (단, 분납 등을 통해 체납세금을 유예하고 있거나 현재 납부하고 있는 경우 가능)
▷ 동일 또는 유사한 정부 및 지자체의 타 사업으로부터 동일기간 내 유사・중복 지원 수혜자
▷ 신청서 및 사업계획서를 허위로 기재한 자
▷ 성년후견인(금치산자) 및 한정 성년후견인(한정치산자)
▷ 기타 자체 심사위원회에서 지원 제외함이 타당하다고 인정하는 자",,7년미만,시설ㆍ공간ㆍ보육,20260518,20260601,,,이메일 접수: 공고문 확인 필요,https://www.k-startup.go.kr/web/contents/bizpbanc-ongoing.do?schM=view&pbancSn=177711,main,primary,강동구청년해냄센터고덕비즈밸리강동u1센터청년창업공간입주기업모집,공공기관,20260518~20260601,시설ㆍ공간ㆍ보육,시설ㆍ공간ㆍ보육
kst,177710,[성남산업진흥원] CES 2027 참가기업 모집,"성남시 및 성남산업진흥원은 관내 중소기업의 해외시장 판로개척 지원을 위해 '미국 소비자제품전시회(CES 2027)'참가 기업을 다음과 같이 모집하오니, 관내 기업들의 많은 관심과 신청 바랍니다.",판로/수출,공공기관,경기도,"일반기업,1인 창조기업","기업,초기창업기업","만 20세 미만,만 20세 이상 ~ 만 39세 이하,만 40세 이상",,,"성남시 소재 중소벤처기업 25개사 내외

○ 단순 무역, 유통, 전시품목 비관련 업체
○ 신청일부터 참가 기간까지 기업 소재지(주된 사무소나 공장)가 성남시에 소재하지 않는 경우
○ 국세 및 지방세 체납업체(징수유예 포함)
○ NICE 신용조회가 불가하거나, 조회 결과 회수의문·휴폐업·부도에 해당하는 기업
○ 법정관리, 기업회생신청, 청산절차 등에 해당하는 기업
○ 동일 전시회로 타 기관 및 지자체의 지원금을 받는 기업 등
※ 자세한 내용은 모집공고 참고",,"1년미만,2년미만,3년미만,5년미만,7년미만,10년미만",판로ㆍ해외진출,20260513,20260608,,,온라인 접수: https://portal.snip.or.kr:8443/portal/snip/MainMenu/businessManagement/application.page?portlet=2026-0128&portlet2=4152&ptlYn=Y,https://www.k-startup.go.kr/web/contents/bizpbanc-ongoing.do?schM=view&pbancSn=177710,main,primary,성남산업진흥원ces2027참가기업모집,공공기관,20260513~20260608,판로ㆍ해외진출,판로ㆍ해외진출
kst,177709,2026년 제조전문형 메이커스페이스 지원사업 메이킹 아카데미(제품화 지원) 신청기업 모집공고,경상남도에 소재한 제조분야 (예비)창업자를 대상으로 제조혁신을 이끌 핵심역량을 갖춘 우수기업으로 육성하고자 『메이킹 아카데미』 지원 대상자를 다음과 같이 모집하고자 합니다.,기술,공공기관,경상남도,"청소년,대학생,일반인,대학,연구기관,일반기업,1인 창조기업","기업,누구나,예비창업자,청년,초기창업기업","만 20세 미만,만 20세 이상 ~ 만 39세 이하,만 40세 이상",,,"지원분야: 경상남도 미래첨단산업* 분야 전후방 산업 제조업종 *우주, 항공, AAM, 수소, SMR, AI, 로봇, 바이오, 반도체 등
지원규모: 초기 창업기업 30개사 내외
지원자격 : 경남지역 내 소재한 예비창업자 또는 초기창업기업 *사업자등록증 상 소재지가 경남지역으로 기재된 업력 7년 이내 창업기업

기타 부도, 휴폐업, 국세(지방세) 체납처분, 채무불이행자, 파산‧회생기업, 자본전액잠식, 부채 1,000%이상, 국가R&D 참여제한 기업 및 대표자 
- 단, 회생인가를 받은 기업, 중소기업진흥공단 등으로부터 재창업 자금을 지원받은 기업 등 정부・공공기관으로부터 재기지원 필요성을 인정받은 자(기업)는 참여 가능
 ◦ 신청 과제가 경남TP 및 타기관의 기 지원된 과제와 유사・중복인 경우
 ◦ 제출 서류의 미비 또는 제출서류가 사실과 다른 경우
 ◦ 기타 본 사업에 적정하지 않다고 판단되는 경우",,"예비창업자,1년미만,2년미만,3년미만,5년미만,7년미만",기술개발(R&amp;D),20260512,20260602,,,"온라인 접수: https://www.gntp.or.kr/biz/applyInfo/3723
이메일 접수: 공고문 확인 필요",https://www.k-startup.go.kr/web/contents/bizpbanc-ongoing.do?schM=view&pbancSn=177709,main,primary,2026년제조전문형메이커스페이스지원사업메이킹아카데미제품화지원신청기업모집공고,공공기관,20260512~20260602,기술개발(R&D),기술개발(R&D)
kst,177708,「2026 서울 인디게임 개발 챌린지」 참여팀 모집,"서울경제진흥원(SBA)에서는 유망 인디게임 개발팀의 게임 상용화 지원 및 동반성장을 도모하고, 몰입형 집중 개발 환경을 제공하기 위해 「2026 서울 인디게임 개발 챌린지」를 개최합니다. 역량 있는 인디게임 개발팀의 많은 관심과 참여를 부탁드립니다.",행사/네트워크,공공기관,서울특별시,"청소년,대학생,일반인,대학,연구기관,일반기업,1인 창조기업","기업,누구나,청년,초기창업기업","만 20세 미만,만 20세 이상 ~ 만 39세 이하,만 40세 이상",,,게임 개발 역량을 갖춘 5인 이하의 팀,,"1년미만,2년미만,3년미만,5년미만,7년미만,10년미만",행사ㆍ네트워크,20260511,20260529,,,온라인 접수: www.sba.seoul.kr/Pages/BusinessApply/PostingDetail.aspx?p=0&mid=6c01c045-d24c-f111-b404-d4f5ef4a1e33,https://www.k-startup.go.kr/web/contents/bizpbanc-ongoing.do?schM=view&pbancSn=177708,main,primary,2026서울인디게임개발챌린지참여팀모집,공공기관,20260511~20260529,행사ㆍ네트워크,행사ㆍ네트워크
kst,177707,2026 관악S밸리 X 미림마이스터고 인재매칭 잡페어 참여기업 모집,"관악중소벤처진흥원은 미림마이스터고와 함께 「2026 관악S밸리 X 미림마이스터고 인재매칭 잡페어」를 개최합니다. 스타트업과 특성화고 인재를 연결해 우수 인재 발굴과 채용 연계를 지원하고, 학교-기업 간 협력 및 지역 창업 생태계 활성화를 추진하고자 하오니 많은 관심과 참여 바랍니다.",행사/네트워크,공공기관,서울특별시,"대학,연구기관,일반기업,1인 창조기업","기업,초기창업기업","만 20세 미만,만 20세 이상 ~ 만 39세 이하,만 40세 이상",,,관악구 소재 기업 및 공공기관,,"1년미만,2년미만,3년미만,5년미만,7년미만,10년미만",행사ㆍ네트워크,20260506,20260528,,,온라인 접수: https://docs.google.com/forms/d/e/1FAIpQLSdPaBVrlqEXypFeROLA-h9d6gOUxZcuEn8101h7lha5ODJktw/viewform,https://www.k-startup.go.kr/web/contents/bizpbanc-ongoing.do?schM=view&pbancSn=177707,main,primary,2026관악s밸리x미림마이스터고인재매칭잡페어참여기업모집,공공기관,20260506~20260528,행사ㆍ네트워크,행사ㆍ네트워크
kst,177706,서울창업허브 창동 운영,"급변하는 뉴미디어 시대, 브랜딩과 콘텐츠 전략을 한 단계 업그레이드할 수 있는 『2026 브랜딩·콘텐츠 세미나』를 개최하여 안내드립니다.
AI를 활용한 실무적인 콘텐츠 기획부터 브랜딩 전략까지 심도 있는 인사이트를 나눌 예정이오니, 여러분의 많은 관심과 참석 부탁드립니다.",시설/공간,민간,서울특별시,"일반기업,1인 창조기업","기업,초기창업기업","만 20세 미만,만 20세 이상 ~ 만 39세 이하,만 40세 이상",,,기업 성장 단계별 브랜드 전략 수립이 필요한 서울시 소재 초기·중장기 창업기업,,"예비창업자,1년미만,2년미만,3년미만,5년미만,7년미만,10년미만",시설ㆍ공간ㆍ보육,20260430,20260520,,,온라인 접수: https://www.startup-plus.kr/project/PRJ006949,https://www.k-startup.go.kr/web/contents/bizpbanc-deadline.do?schM=view&pbancSn=177706,main,primary,서울창업허브창동운영,민간,20260430~20260520,시설ㆍ공간ㆍ보육,시설ㆍ공간ㆍ보육
kst,177705,[무료/선착순] 대구데이터역량강화교육 - 바이브코딩 웹 서비스 구현,대구디지털혁신진흥원과 메타코드가 바이브코딩 분야 취업 및 창업에 필요한 개념부터 실습까지 준비하였습니다. 관심 있는 분들은 신청 바랍니다.,교육/멘토링,민간,대구광역시,"청소년,대학생,일반인,대학,연구기관,일반기업,1인 창조기업","기업,누구나,예비창업자,청년,초기창업기업","만 20세 미만,만 20세 이상 ~ 만 39세 이하,만 40세 이상",,,"대학생,취업준비생,예비창업자 및 예비 개발자, 현직실무자",,"예비창업자,1년미만,2년미만,3년미만,5년미만,7년미만,10년미만",멘토링ㆍ컨설팅ㆍ교육,20260518,20260609,,,온라인 접수: https://forms.gle/55Fne3q1PWwwX6k4A,https://www.k-startup.go.kr/web/contents/bizpbanc-ongoing.do?schM=view&pbancSn=177705,main,primary,무료선착순대구데이터역량강화교육바이브코딩웹서비스구현,민간,20260518~20260609,멘토링ㆍ컨설팅ㆍ교육,멘토링ㆍ컨설팅ㆍ교육
kst,177704,2026년 대전·세종관광기업지원센터 입주기업 모집기간 연장 공고,"대전관광공사 대전·세종관광기업지원센터에서는 관광기업의 안정적인 사업 운영과 성장을 지원하고, 입주공간의 효율적 운영을 위하여 
「2026년 대전‧세종관광기업지원센터 입주기업 모집」 기간을 다음과 같이 연장 공고하오니 많은 관심과 참여 바랍니다.",시설/공간,공공기관,대전광역시,일반기업,기업,"만 20세 미만,만 20세 이상 ~ 만 39세 이하,만 40세 이상",,,"관광·여행·MICE 및 관광 연계 산업 분야 기업

1. 타 기관(정부·지자체·공공기관·대학 등)의 창업보육 또는 유사 입주 지원사업에 참여 중인 기업
2. 2026년도 타 기관 입주공간 지원사업 수혜 기업(단‧장기 포함)
3. 대전·세종관광기업지원센터 입주 수혜 이력이 있는 기업
  ※ 단기입주는 기존 수혜기업도 신청 가능하나, 당해연도 입주 수혜 기업 및 단기입주 누적 3회 이상 지원 기업은 제외
4. 금융기관 채무불이행 등 신용정보 등록·관리 대상 기업
5. 국세 또는 지방세 체납 중인 기업
6. 정부 및 공공기관 사업 참여 제한 조치를 받은 기업
7. 신청일 현재 휴업 또는 폐업 상태인 기업
8. 「중소기업창업 지원법」상 창업 제외 업종을 영위하는 기업
   (일반유흥주점업, 무도유흥주점업, 사행시설 관리 및 운영업 등)
9. 기타 주관기관장이 사업목적 및 운영 기준에 따라 참여 제한이 필요하다고 인정되는 기업",,"1년미만,2년미만,3년미만,5년미만,7년미만,10년미만",시설ㆍ공간ㆍ보육,20260429,20260529,,,이메일 접수: 공고문 확인 필요,https://www.k-startup.go.kr/web/contents/bizpbanc-ongoing.do?schM=view&pbancSn=177704,main,primary,2026년대전세종관광기업지원센터입주기업모집기간연장공고,공공기관,20260429~20260529,시설ㆍ공간ㆍ보육,시설ㆍ공간ㆍ보육
kst,177703,2026 펀딩인사이더 뉴욕 현지 제품 홍보 영상 무료 촬영 지원기업 모집,"펀딩인사이더는 해외 크라우드펀딩 진출을 준비하는 기업을 대상으로 뉴욕 현지 제품 홍보 영상 무료 촬영 지원사업을 다음과 같이 공고하오니, 참여를 희망하는 기업은 안내에 따라 신청하시기 바랍니다.",창업,민간,전국,"일반인,일반기업,1인 창조기업","기업,누구나,초기창업기업","만 20세 이상 ~ 만 39세 이하,만 40세 이상",,,"킥스타터, 인디고고 등 미국 크라우드펀딩 플랫폼 진출을 준비 중인 국내 기업
해외 시장 진출을 위한 미국 감성의 제품 홍보 영상 및 캠페인 콘텐츠가 필요한 기업
2026년 내 미국 크라우드펀딩 런칭을 계획 중인 기업

신청 내용이 허위로 확인되는 기업
해외 크라우드펀딩 런칭 목적과 무관한 단순 홍보 영상 제작 희망 기업
촬영 대상 제품 또는 서비스가 명확하지 않은 기업
선정 후 촬영 일정 및 자료 제출 협조가 어려운 기업
제품의 부피와 무게의 제한으로 현지 이송이 어려운 제품",,"예비창업자,1년미만,2년미만,3년미만,5년미만,7년미만,10년미만",사업화,20260518,20260531,,,이메일 접수: 공고문 확인 필요,https://www.k-startup.go.kr/web/contents/bizpbanc-ongoing.do?schM=view&pbancSn=177703,main,primary,2026펀딩인사이더뉴욕현지제품홍보영상무료촬영지원기업모집,민간,20260518~20260531,사업화,사업화
kst,177702,초격차 스타트업 프로젝트,"「초격차 스타트업 프로젝트」일환으로, 플랫폼 기업과의 협업을 통해 실제 고객ㆍ상권ㆍ금융 데이터를 활용한 AI 서비스 개발, 실증 및 플랫폼 연계 사업화를 지원하는 「모두의 챌린지-플랫폼」에 참여할 창업기업을 다음과 같이 모집합니다.",창업,공공기관,전국,일반기업,"기업,스타트업","만 20세 미만,만 20세 이상 ~ 만 39세 이하,만 40세 이상",,,데이터 분석ㆍAI 모델링ㆍ플랫폼 연동 기반 서비스 구현 역량을 보유한 창업 10년 이내 기업,,10년미만,사업화,20260519,20260608,,,온라인 접수: https://www.k-startup.go.kr/web/contents/webPMSBizUnvs.do?returnUrl=/screen/BMO0101M01?pbancId=0667101,https://www.k-startup.go.kr/web/contents/bizpbanc-ongoing.do?schM=view&pbancSn=177702,main,primary,초격차스타트업프로젝트,공공기관,20260519~20260608,사업화,사업화
kst,177701,2026 지역창업 페스티벌 연계 제102회 대전창업포럼,"(재)대전창조경제혁신센터는 지역의 투자•창업 생태계 활성화를 위해 2026 지역창업 페스티벌과 연계하여 제102회 대전창업포럼을 개최합니다.
이번 행사는 K-콘텐츠를 주제로 기업의 투자유치 및 성장을 위한 IR 데모데이, 1:1 밋업은 물론 K-콘텐츠와 관련한 다양한 분야의 인사이트를 공유하기 위한 특강과 토크콘서트 등 다양한 프로그램을 준비하였으니 K-콘텐츠에 관심있는 (예비)스타트업 및 시민들의 많은 참여와 관심 바랍니다.",행사/네트워크,공공기관,대전광역시,"청소년,대학생,일반인,대학,연구기관,일반기업,1인 창조기업","기업,누구나,청년,초기창업기업","만 20세 미만,만 20세 이상 ~ 만 39세 이하,만 40세 이상",,,제102회 대전창엄포럼(K-콘텐츠)에 관심있는 누구나 참여 가능,,"예비창업자,1년미만,2년미만,3년미만,5년미만,7년미만",행사ㆍ네트워크,20260518,20260608,,,온라인 접수: https://forms.gle/J9NpLu4rgg2bN2Nb7,https://www.k-startup.go.kr/web/contents/bizpbanc-ongoing.do?schM=view&pbancSn=177701,main,primary,2026지역창업페스티벌연계제102회대전창업포럼,공공기관,20260518~20260608,행사ㆍ네트워크,행사ㆍ네트워크
kst,177700,진주창업지원센터 운영사업,"❍ 지역 내 창의적인 아이템과 기술을 보유한 스타트업을 발굴·보육하기 위한 신규 입주기업 모집 및 선정평가 계획
❍ 2025년 진주창업지원센터 입주기업의 입주기간 만료로 연장을 희망하는 기업을 대상으로 하는 연장평가 계획임",시설/공간,공공기관,경상남도,"대학생,일반인,일반기업,1인 창조기업","기업,누구나,청년,초기창업기업","만 20세 미만,만 20세 이상 ~ 만 39세 이하,만 40세 이상",,,"공고일 기준 7년 이내 (예비)창업기업  및 연장평가 희망 기업

공고문 참조 바랍니다.",,"예비창업자,7년미만",시설ㆍ공간ㆍ보육,20260518,20260531,,,온라인 접수: www.gnstartup.kr/business/8339db24-725a-45bc-baf9-d778adc7b0d8/10573/detail,https://www.k-startup.go.kr/web/contents/bizpbanc-ongoing.do?schM=view&pbancSn=177700,main,primary,진주창업지원센터운영사업,공공기관,20260518~20260531,시설ㆍ공간ㆍ보육,시설ㆍ공간ㆍ보육
kst,177698,ZUZU X 에트리홀딩스 투자 집중검토,"한국전자통신연구원의 AI·통신·반도체 소자·양자 기술과 함께 미래를 만들어갈 혁신 스타트업을 찾습니다.
한국전자통신연구원(ETRI)이 설립한 AC/VC, 에트리홀딩스가 새로운 기술 혁신을 이끌 유망 기업을 모집합니다.
심사역이 직접 검토하는 스타트업 집중검토
- IR 자료를 업로드하면 심사역이 반드시 검토해요.
- 에트리홀딩스의 투자 방향과 맞는 기업에는 미팅 제안이 이어질 수 있어요.
- ZUZU 회원가입 후 IR 자료만 업로드하면 무료로 간편하게 신청할 수 있어요.",행사/네트워크,민간,전국,"청소년,대학생,일반인,대학,연구기관,일반기업,1인 창조기업","기업,누구나,청년,초기창업기업","만 20세 미만,만 20세 이상 ~ 만 39세 이하,만 40세 이상",,,"※지원 자격
- 투자 단계: Pre Seed ~ Seed 
- 딥테크, 소부장(광통신, 웨어러블, 반도체, 양자)",,"예비창업자,1년미만,2년미만,3년미만,5년미만,7년미만",행사ㆍ네트워크,20260518,20260619,,,온라인 접수: https://zuzu.network/resource/promotion/26-etriholdings-deal-sourcing/,https://www.k-startup.go.kr/web/contents/bizpbanc-ongoing.do?schM=view&pbancSn=177698,main,primary,zuzux에트리홀딩스투자집중검토,민간,20260518~20260619,행사ㆍ네트워크,행사ㆍ네트워크
kst,177697,2026년 뉴욕 Revenue-First 성장 프로그램 창업기업 모집공고,글로벌 경쟁력을 보유한 유망 창업기업의 뉴욕 현지 시장 진출 및 실질적 매출 성과 창출을 지원하는「2026 K-Startup 뉴욕 Revenue-First 성장 프로그램」에 참여할 창업기업을 다음과 같이 모집 공고합니다.,판로/수출,공공기관,전국,"청소년,대학생,일반인,대학,연구기관,일반기업,1인 창조기업","기업,누구나,청년,초기창업기업","만 20세 미만,만 20세 이상 ~ 만 39세 이하,만 40세 이상",,,"공고일 기준 업력 7년 미만의 뉴욕 기진출, 또는 진출을 계획하고 있는 창업기업(단, 신산업창업분야는 업력 10년 미만)
세부내용은 공고문 참조

세부내용은 공고문 참조",,"예비창업자,1년미만,2년미만,3년미만,5년미만,7년미만,10년미만",판로ㆍ해외진출,20260519,20260604,,,온라인 접수: https://forms.gle/DntzHbr1yZXUqevT9,https://www.k-startup.go.kr/web/contents/bizpbanc-ongoing.do?schM=view&pbancSn=177697,main,primary,2026년뉴욕revenuefirst성장프로그램창업기업모집공고,공공기관,20260519~20260604,판로ㆍ해외진출,판로ㆍ해외진출
kst,177696,청년 소셜벤처 기업 육성사업,"인천의 도시문제를 해결할 수 있는 ‘소셜벤처’ 분야의 청년* 아이디어를 발굴하고, 고도화된 아이템 개발 및 전략 수립을 통해 우수한 청년 기업을 육성하는 「2026년 청년 소셜벤처기업 육성사업」에 참여할 (예비)창업자를 다음과 같이 모집합니다.",창업,공공기관,인천광역시,"청소년,대학생,일반인,대학,연구기관,일반기업,1인 창조기업","기업,누구나,예비창업자,청년,초기창업기업","만 20세 미만,만 20세 이상 ~ 만 39세 이하",,,"□ 신청자격

 ◦ 공고일(‘26.5.15.)* 기준 인천시 현안문제 관련 창업아이템을 보유한 청년(만 18세~39세)으로 신청자 명의의 사업자 등록(개인, 법인)이 없는 예비창업자 또는 7년 이내 기창업자

 ◦ 신분증 사본 제출 필수 (만18~39세(1986.5.16.~2008.5.15.이후 출생))

 ◦ 예비창업자 및 본사, 연구소 또는 지사가 인천에 소재한 기업
   ※ 타 지역 소재 기업의 경우 사업화 지원 기업으로 선발된 후부터 1개월 이내에 본사, 연구소   또는 지사 중 하나를 인천시로 필수 이전

▶ 중소기업창업지원법 시행령 제4조(창업에서 제외되는 업종)의 업종을 영위하고 있거나 또는 영위하고자 하는 자(기업)
1. 일반유흥주점업
2. 무도유흥주점업
3. 기타 사행시설 관리 및 운영업
4. 그 밖에 1~3에 준하는 업종으로서 중소벤처기업부령으로 정하는 업종
    * 대상 업종의 세부사항은 제10차 한국표준산업분류코드(통계청, kssc.kostat.go.kr) 참고",,"예비창업자,7년미만",사업화,20260515,20260605,,,이메일 접수: 공고문 확인 필요,https://www.k-startup.go.kr/web/contents/bizpbanc-ongoing.do?schM=view&pbancSn=177696,main,primary,청년소셜벤처기업육성사업,공공기관,20260515~20260605,사업화,사업화
kst,177695,2026년 글로벌 스케일업 인바운드 공통교육 참가자 모집,경상국립대학교 창업중심대학사업단에서는 글로벌 진출의 구체적인 준비 및 절차에 대해 어려움을 겪고 있는 (예비)창업기업에게 국가별 진출 전략 교육을 위한 2026「글로벌 스케일업 인바운드 공통교육」프로그램 참여자를 모집합니다. 기업의 글로벌 진출과 판로개척의 기반이 될 수 있는 본 교육에 많은 관심과 참여 바랍니다.,창업,교육기관,전국,"청소년,대학생,일반인,대학,연구기관,일반기업,1인 창조기업","기업,누구나,청년,초기창업기업","만 20세 미만,만 20세 이상 ~ 만 39세 이하,만 40세 이상",,,글로벌 진출을 희망하는 (예비)창업자,,"예비창업자,1년미만,2년미만,3년미만,5년미만,7년미만,10년미만",창업교육,20260518,20260520,,,온라인 접수: https://buly.kr/1wL9kj,https://www.k-startup.go.kr/web/contents/bizpbanc-deadline.do?schM=view&pbancSn=177695,main,primary,2026년글로벌스케일업인바운드공통교육참가자모집,교육기관,20260518~20260520,창업교육,창업교육
kst,177694,제2회 스타트업 비즈니스 경진대회 참여기업 모집,"성남상공회의소는 우수 스타트업 발굴 및 성장 지원을 통한 창업 생태계 활성화 기여를 위해 를 진행합니다. 
전문성 및 적극적인 실행 능력을 겸비한 스타트업을 다음과 같이 모집하오니 많은 관심과 참여 바랍니다.",교육/멘토링,민간,경기도,"청소년,대학생,일반인,대학,연구기관,일반기업,1인 창조기업","기업,누구나,스타트업,청년,초기창업기업","만 20세 미만,만 20세 이상 ~ 만 39세 이하,만 40세 이상",,,유망 창업 아이템 및 기술력을 보유한 성남시 및 경기도 소재 창업 5년 미만 스타트업,,5년미만,멘토링ㆍ컨설팅ㆍ교육,20260518,20260608,,,이메일 접수: 공고문 확인 필요,https://www.k-startup.go.kr/web/contents/bizpbanc-ongoing.do?schM=view&pbancSn=177694,main,primary,제2회스타트업비즈니스경진대회참여기업모집,민간,20260518~20260608,멘토링ㆍ컨설팅ㆍ교육,멘토링ㆍ컨설팅ㆍ교육
kst,177692,천안시 거점형 스마트도시 조성사업 「2026년 천안시 어반테크기업 클라우드 바우처 지원사업」 참여기업 모집 재공고,천안과학산업진흥원은 민간 클라우드 바우처를 활용한 천안 관내 기업의 클라우드 인프라 강화를 위해 다음과 같이 참여기업을 모집 공고하오니 많은 참여 바랍니다.,창업,공공기관,충청남도,"청소년,대학생,일반인,대학,연구기관,일반기업,1인 창조기업","기업,누구나,청년,초기창업기업","만 20세 미만,만 20세 이상 ~ 만 39세 이하,만 40세 이상",,,"천안시 관내 본사, 지사, 공장 소재 어반테크기업",,"1년미만,2년미만,3년미만,5년미만,7년미만,10년미만",사업화,20260518,20260615,,,이메일 접수: 공고문 확인 필요,https://www.k-startup.go.kr/web/contents/bizpbanc-ongoing.do?schM=view&pbancSn=177692,main,primary,천안시거점형스마트도시조성사업2026년천안시어반테크기업클라우드바우처지원사업참여기업모집재공고,공공기관,20260518~20260615,사업화,사업화
kst,177691,창업보육센터 지원,한국외국어대학교 창업보육센터는 우수한 아이템과 혁신기술을 보유한 예비·신규창업자를 발굴 및 육성지원하기 위해 다음과 같이 창업기업 입주모집을 공고하오니 많은 관심과 참여 바랍니다.,시설/공간,교육기관,경기도,일반기업,"기업,예비창업자","만 20세 미만,만 20세 이상 ~ 만 39세 이하,만 40세 이상",,,"예비창업자, 3년미만 창업기업",,"예비창업자,3년미만",시설ㆍ공간ㆍ보육,20260518,20260607,,,"이메일 접수: 공고문 확인 필요
방문 접수: 경기도 용인시 처인구 모현읍  외대로 81, 한국외국어대학교 창업보육센터 203호",https://www.k-startup.go.kr/web/contents/bizpbanc-ongoing.do?schM=view&pbancSn=177691,main,primary,창업보육센터지원,교육기관,20260518~20260607,시설ㆍ공간ㆍ보육,시설ㆍ공간ㆍ보육
kst,177690,2026년 2차 판로확대 지원사업 소상공인 모집 공고,소상공인의 판로 확대와 매출 성장을 위해 쇼핑몰 통합관리 솔루션을 지원하는 「2026년 판로확대 지원」 사업을 다음과 같이 공고하오니 많은 관심과 참여 바랍니다.,판로/수출,민간,전국,"일반기업,1인 창조기업","기업,소상공인,초기창업기업","만 20세 미만,만 20세 이상 ~ 만 39세 이하,만 40세 이상",,,"소상공인

사업자등록증이 없거나 휴·폐업중인 사업체
정부지원 제한 대상 업종·품목 등 판매자(유흥/향락 등)
프랜차이즈 가맹본부 또는 가맹점(공정위 등록 가맹사업자 기준)",,"1년미만,2년미만,3년미만,5년미만,7년미만,10년미만",판로ㆍ해외진출,20260518,20260605,,,온라인 접수: https://heemangfdn.or.kr/layout/res/home.php?go=pds.list&pds_type=1&start=0&num=1406&s_key1=&s_head=&s_que=,https://www.k-startup.go.kr/web/contents/bizpbanc-ongoing.do?schM=view&pbancSn=177690,main,primary,2026년2차판로확대지원사업소상공인모집공고,민간,20260518~20260605,판로ㆍ해외진출,판로ㆍ해외진출
kst,177689,고려대기술지주(주) 판교인큐베이팅센터 입주기업 모집공고,"고려대학교기술지주는 판교지역에 신규 보육공간을 확보하고, 우수 기업의 입주 및 성장을 지원하고자 입주기업을 모집합니다. 
입주기업에는 공간 제공과 더불어 창업·사업화·투자연계 등 고려대학교기술지주의 보육 역량을 활용한 성장 지원이 제공될 예정이오니, 관심 있는 기업의 많은 신청 바랍니다.",시설/공간,민간,경기도,일반기업,기업,"만 20세 미만,만 20세 이상 ~ 만 39세 이하,만 40세 이상",,,기술창업 7년이내 창업자,,7년미만,시설ㆍ공간ㆍ보육,20260518,20260529,,,이메일 접수: 공고문 확인 필요,https://www.k-startup.go.kr/web/contents/bizpbanc-ongoing.do?schM=view&pbancSn=177689,main,primary,고려대기술지주주판교인큐베이팅센터입주기업모집공고,민간,20260518~20260529,시설ㆍ공간ㆍ보육,시설ㆍ공간ㆍ보육
kst,177687,2026년 제2회 ICT콤플렉스 스타트업 투자상담회 참가기업 모집,"ICT콤플렉스에서 유망 사업 아이템을 보유한 창업기업의 성장 지원을 위해 스타트업 투자상담회를 개최합니다.
투자유치를 희망하는 창업자분들의 많은 관심과 참여바랍니다.",교육/멘토링,민간,전국,"대학생,일반인,대학,연구기관,일반기업,1인 창조기업","기업,누구나,스타트업,청년,초기창업기업","만 20세 이상 ~ 만 39세 이하,만 40세 이상",,,ICT기술 기반의 창업 7년 이내 기업,,7년미만,멘토링ㆍ컨설팅ㆍ교육,20260514,20260610,,,이메일 접수: 공고문 확인 필요,https://www.k-startup.go.kr/web/contents/bizpbanc-ongoing.do?schM=view&pbancSn=177687,main,primary,2026년제2회ict콤플렉스스타트업투자상담회참가기업모집,민간,20260514~20260610,멘토링ㆍ컨설팅ㆍ교육,멘토링ㆍ컨설팅ㆍ교육
kst,177686,2026년도 조달청 벤처나라 입점 기관추천(7월~12월) 참가기업 모집공고,창업기업의 공공조달시장 진출 및 판로확대 지원을 위해 「2026년도 조달청 벤처나라 입점 기관추천(7월~12월)」참가기업을 다음과 같이 모집합니다.,판로/수출,공공기관,전국,"대학생,일반인,대학,연구기관,일반기업,1인 창조기업","기업,누구나,청년,초기창업기업","만 20세 이상 ~ 만 39세 이하,만 40세 이상",,,"「중소기업창업 지원법」제2조 및 동법 시행령 제2조에 따라 '창업기업 확인서' 발급기업 중 벤처나라제품 지정 대상 부합기업
* 상세 요건은 공고문 내 [2. 신청자격 및 제외대상] 참고

「벤처나라 등록 물품서비스 지정 관리 규정」에 의한 신청 제외 대상은 지정신청 불가",,7년미만,판로ㆍ해외진출,20260519,20260618,,,온라인 접수: https://www.k-startup.go.kr/web/contents/webPMSBizUnvs.do?returnUrl=/screen/BMO0101M01?pbancId=0665601,https://www.k-startup.go.kr/web/contents/bizpbanc-ongoing.do?schM=view&pbancSn=177686,main,primary,2026년도조달청벤처나라입점기관추천7월12월참가기업모집공고,공공기관,20260519~20260618,판로ㆍ해외진출,판로ㆍ해외진출
kst,177685,2026년 바이오·메디컬 히든스타 창업 아이템 경진대회 모집 공고,"동국대학교 BMC창업보육센터에서는 바이오·메디컬 분야의 우수한 창업 아이템을 발굴하고 유망 창업기업의 성장을 지원하기 위하여「바이오·메디컬 히든스타 창업 아이템 경진대회」를 개최하오니, 혁신적인 창업 아이템을 보유한 예비창업자(팀) 및 초기창업기업의 많은 관심과 참여 바랍니다.",행사/네트워크,교육기관,경기도,"대학생,일반인,일반기업,1인 창조기업","기업,누구나,예비창업자,청년,초기창업기업","만 20세 이상 ~ 만 39세 이하,만 40세 이상",,,바이오·메디컬 분야 창업 아이템을 보유한 예비창업자(팀) 및 초기창업기업(창업7년 이내),,"예비창업자,7년미만",행사ㆍ네트워크,20260515,20260705,,,이메일 접수: 공고문 확인 필요,https://www.k-startup.go.kr/web/contents/bizpbanc-ongoing.do?schM=view&pbancSn=177685,main,primary,2026년바이오메디컬히든스타창업아이템경진대회모집공고,교육기관,20260515~20260705,행사ㆍ네트워크,행사ㆍ네트워크
kst,177684,관광 오픈이노베이션 프로그램,2026 관광 오픈이노베이션 매칭데이(3차)를 아래와 같이 추진 예정이니 많은 관심 부탁드립니다.,창업,공공기관,전국,"청소년,대학생,일반인,대학,연구기관,일반기업,1인 창조기업","기업,누구나,청년,초기창업기업","만 20세 미만,만 20세 이상 ~ 만 39세 이하,만 40세 이상",,,관광 오픈이노베이션 참여를 원하는 기업,,"1년미만,2년미만,3년미만,5년미만,7년미만",사업화,20260515,20260520,,,온라인 접수: https://tally.so/r/xX4K7E,https://www.k-startup.go.kr/web/contents/bizpbanc-deadline.do?schM=view&pbancSn=177684,main,primary,관광오픈이노베이션프로그램,공공기관,20260515~20260520,사업화,사업화
kst,177683,서울창업허브 공덕 (우수기업 발굴·육성),서울창업허브 키친인큐베이터에서는 F&B 유망기업의 해외판로 개척을 지원하고자 2026 도쿄 외식산업 박람회(FOOD STYLE Japan) 에 참여할 기업을 모집하오니 많은 신청바랍니다.,시설/공간,공공기관,서울특별시,"청소년,대학생,일반인,대학,연구기관,일반기업,1인 창조기업","기업,누구나,예비창업자,청년,초기창업기업","만 20세 미만,만 20세 이상 ~ 만 39세 이하,만 40세 이상",,,"서울시 소재 7년 이내 시제품을 보유 중인 F&B 스타트업
※ 박람회 현장(일본 됴쿄) 참가자 1인 이상 가능한 기업

예비창업자",,7년미만,시설ㆍ공간ㆍ보육,20260518,20260611,,,온라인 접수: www.startup-plus.kr/project/PRJ007001,https://www.k-startup.go.kr/web/contents/bizpbanc-ongoing.do?schM=view&pbancSn=177683,main,primary,서울창업허브공덕우수기업발굴육성,공공기관,20260518~20260611,시설ㆍ공간ㆍ보육,시설ㆍ공간ㆍ보육
kst,177682,2026 NHarvestX 농협중앙회 및 범농협계열사 오픈이노베이션,"?농협중앙회 및 범농협 계열사와 함께 농산업의 미래를 설계해 나갈 스타트업을 찾습니다.
NHarvestX는 농협중앙회와 한국농업기술진흥원이 주최하고 소풍커넥트가 운영하는 오픈이노베이션 프로그램입니다. 참여 스타트업은 범농협 계열사와 협업하여 농업·유통·식품 산업의 디지털 전환과 기술 융합 기반의 혁신 사례를 검증할 수 있습니다. 현업 전문가 협업과 실증(PoC) 기회를 통해 기술을 실제 산업에 적용하며, 새로운 농산업 생태계를 함께 만들어 나갈 스타트업을 모집합니다.",창업,민간,전국,"청소년,대학생,일반인,대학,연구기관,일반기업,1인 창조기업","기업,누구나,청년,초기창업기업","만 20세 미만,만 20세 이상 ~ 만 39세 이하,만 40세 이상",,,범농협 계열사의 수요기술로 현장에서 실증 가능한 스타트업,,"예비창업자,1년미만,2년미만,3년미만,5년미만,7년미만,10년미만",사업화,20260515,20260607,,,온라인 접수: https://nharvestx.net/?utm_medium=button&utm_source=kstartup&utm_campaign=kstart,https://www.k-startup.go.kr/web/contents/bizpbanc-ongoing.do?schM=view&pbancSn=177682,main,primary,2026nharvestx농협중앙회및범농협계열사오픈이노베이션,민간,20260515~20260607,사업화,사업화
kst,177680,경기 스타트업 아카데미 운영,"경기도 내 예비·초기 창업자를 대상으로 창업 준비부터 실무 역량 강화까지 창업의 단계별 필수 역량을 체계적으로 지원하여 창업 성공 가능성을 높이고, 실무 중심의 맞춤형 교육과 전문가 멘토링을 통해 혁신적이고 지속 가능한 스타트업을 육성하기 위한 「창업기초 및 투자유치 과정(상반기)」 참여자를 다음과 같이 모집합니다.",교육/멘토링,공공기관,경기도,"청소년,대학생,일반인,대학,연구기관,일반기업,1인 창조기업","기업,누구나,스타트업,청년,초기창업기업","만 20세 미만,만 20세 이상 ~ 만 39세 이하,만 40세 이상",,,"도내 예비·초기창업자, 창업기업 재직자, 대학(원)생, 유관기관 등",,"예비창업자,1년미만,2년미만,3년미만,5년미만,7년미만",멘토링ㆍ컨설팅ㆍ교육,20260515,20260608,,,온라인 접수: https://gsp.or.kr/supportProject/UVSD0001.do?sportSeq=6230,https://www.k-startup.go.kr/web/contents/bizpbanc-ongoing.do?schM=view&pbancSn=177680,main,primary,경기스타트업아카데미운영,공공기관,20260515~20260608,멘토링ㆍ컨설팅ㆍ교육,멘토링ㆍ컨설팅ㆍ교육
kst,177679,구로구 청년창업지원센터_일반 창업교육,"사업 아이템 및 비즈니스 모델을 체계적으로 정리하고, 정부지원사업·투자유치 등에 활용 가능한 사업계획서 작성 역량 강화를 위한 교육입니다.",교육/멘토링,지자체,서울특별시,"대학생,일반인,대학,연구기관,일반기업,1인 창조기업","기업,누구나,청년,초기창업기업",만 20세 이상 ~ 만 39세 이하,20,39,"19 ~ 39세 서울시 거주 청년 중 (예비)창업희망자 및 일반인

서울시 그 외 타 지역",,"예비창업자,1년미만,2년미만,3년미만",멘토링ㆍ컨설팅ㆍ교육,20260515,20260527,,,온라인 접수: https://hive.dongyang.ac.kr/lecture/list.do?menu_idx=10,https://www.k-startup.go.kr/web/contents/bizpbanc-ongoing.do?schM=view&pbancSn=177679,main,primary,구로구청년창업지원센터일반창업교육,지자체,20260515~20260527,멘토링ㆍ컨설팅ㆍ교육,멘토링ㆍ컨설팅ㆍ교육
kst,177678,정보보호 유니콘 기업 육성 프로그램 참여기업 모집,국내 정보보호 유니콘 후보 기업의 발굴·육성을 위한 「정보보호 유니콘 기업 육성 프로그램 참여기업 모집」을 아래와 같이 진행하오니 많은 관심 부탁드립니다.,교육/멘토링,공공기관,전국,일반기업,기업,"만 20세 미만,만 20세 이상 ~ 만 39세 이하,만 40세 이상",,,"글로벌 성장 잠재력을 보유한 국내 정보보호 기업 (비상장 기업에 한함)
 ※ AI For Security 또는 Security For AI 중 하나 이상에 해당하는 제품·서비스를 보유하고 있어야 함

상장기업(코스피·코스닥·코넥스 등)",,"예비창업자,1년미만,2년미만,3년미만,5년미만,7년미만,10년미만",멘토링ㆍ컨설팅ㆍ교육,20260512,20260527,,,이메일 접수: 공고문 확인 필요,https://www.k-startup.go.kr/web/contents/bizpbanc-ongoing.do?schM=view&pbancSn=177678,main,primary,정보보호유니콘기업육성프로그램참여기업모집,공공기관,20260512~20260527,멘토링ㆍ컨설팅ㆍ교육,멘토링ㆍ컨설팅ㆍ교육
kst,177677,「한글로(路) 조치원」 공간 운영 기업 모집 공고,세종시×SBS 에서는 한글문화가 창작·소비되고 문화와 관광이 어우러지는「한글로(路) 조치원」으로 새롭게 조성되는 한글문화 거점 공간을 운영할 사업자를 다음과 같이 모집합니다.,시설/공간,공공기관,전국,"청소년,대학생,일반인,대학,연구기관,일반기업,1인 창조기업","기업,누구나,청년,초기창업기업","만 20세 미만,만 20세 이상 ~ 만 39세 이하,만 40세 이상",,,"□ (신청자격) 아래 조건을 모두 충족하는 개인 또는 사업자
   - '세종특별자치시' 내 사업자 주소지*를 두고 F&B 사업(카페, 베이커리)을 운영 중이거나 운영한 경력이 있는 개인 또는 사업자
     * 협약 체결일로부터 30일 이내에 세종시에 사업자 주소지 등록 및 계약 종료까지 유지할 경우, 신청 가능
   - 세종 특산물을 활용한 베이커리 메뉴 레시피를 보유하고 있거나 메뉴 개발 및 제조·판매(운영)가 가능하며, 메뉴 개발을 위한 전문가 교육 및 레시피 개발 과정에 적극 참여·협조가 가능한 자
   - 공간 계약 후 3년 이상 운영 유지가 가능한 자
     ※ 단, 계약기간 중 임의 포기 또는 중도 퇴거 시, 코레일 내부규정에 따라 시설 원상복구 비용 및 손해배상 등이 발생할 수 있음

① 소상공인 정책자금 지원제외 업종을 영위하고 있거나 또는 영위하고자 하는 자(기업)
② 금융기관 등으로부터 채무불이행으로 규제중인 자(기업)
  * 신청마감일까지 신용회복위원회 프리‧개인워크아웃 제도에서 채무조정합의서를 체결한 경우, 법원 개인회생제도에서 변제계획인가 받은 경우, 파산면책 선고자, 회생인가를 받은 기업은 신청가능
  ** 단, 추후 사업비 신청 시 이행보증보험증권 발급이 불가능한 경우 사업비 지급 불가
③ 국세 또는 지방세 체납으로 규제중인 자(기업)
  * 단, 신청마감일까지 국세징수법 제105조 1항에 따라 강제징수의 유예를 받은 자 또는 지방세징수법 제105조 1항에 따라 체납처분의 유예를 받은 자, 국세‧지방세 등의 특수채무 변제 후 증빙이 가능한자는 신청(지원) 가능
⑤ 중소벤처기업부 등 정부지원사업 참여 제한 등 제재 조치를 받고 있는 자(기업)
⑥ 신청일 현재 ‘기업의 부도, 휴·폐업’ 중인 자(기업)
⑦ 고용노동부가 공개하는 체불사업주 명단에 포함된 자(기업)
  * 사업에 참여하는 기관(참여기업, 공동개발기관 등) 및 기업의 대표자, 과제책임자, 공동책임자가 공고일 기준으로 고용노동부가 공개하는 체불사업주 명단에 포함된 경우
⑧ 비영리 개인사업자·법인, 단체 또는 조합
⑨ 기타 문화체육부장관이 참여제한의 사유가 있다고 인정하는 자(기업)",,"예비창업자,1년미만,2년미만,3년미만,5년미만,7년미만,10년미만",시설ㆍ공간ㆍ보육,20260514,20260612,,,이메일 접수: 공고문 확인 필요,https://www.k-startup.go.kr/web/contents/bizpbanc-ongoing.do?schM=view&pbancSn=177677,main,primary,한글로路조치원공간운영기업모집공고,공공기관,20260514~20260612,시설ㆍ공간ㆍ보육,시설ㆍ공간ㆍ보육
kst,177676,[동작구 창업지원센터] 3차 전문가 컨설팅,"동작구 청년창업지원센터에서는 동작구민 (예비)창업자를 위한 전문가 컨설팅 프로그램을 진행합니다. 
구민 여러분의 많은 관심과 참여 부탁드립니다.",교육/멘토링,지자체,서울특별시,"대학생,일반인,일반기업,1인 창조기업","기업,누구나,청년,초기창업기업","만 20세 이상 ~ 만 39세 이하,만 40세 이상",,,"동작구민 (예비)창업자, 동작구 소재 학생 및 직장인 등",,"예비창업자,1년미만,2년미만,3년미만,5년미만,7년미만,10년미만",멘토링ㆍ컨설팅ㆍ교육,20260515,20260601,,,이메일 접수: 공고문 확인 필요,https://www.k-startup.go.kr/web/contents/bizpbanc-ongoing.do?schM=view&pbancSn=177676,main,primary,동작구창업지원센터3차전문가컨설팅,지자체,20260515~20260601,멘토링ㆍ컨설팅ㆍ교육,멘토링ㆍ컨설팅ㆍ교육
kst,177675,데이터와 AI를 활용한 웹 기반 MVP 개발 실습,비전공자도 데이터 분석과 AI 예측 모델을 직접 실습하며 웹 기반 미니 서비스(MVP)를 기획·구현해볼 수 있는 실습 중심 교육 프로그램을 다음과 같이 진행하오니 많은 관심과 신청 바랍니다.,교육/멘토링,공공기관,경기도,"대학생,일반인,연구기관,일반기업,1인 창조기업","기업,누구나,청년,초기창업기업","만 20세 미만,만 20세 이상 ~ 만 39세 이하,만 40세 이상",,,"도내 거주 일반인, (예비)창업자 및 7년 이내 중소기업",,"예비창업자,1년미만,2년미만,3년미만,5년미만,7년미만",멘토링ㆍ컨설팅ㆍ교육,20260515,20260529,,,온라인 접수: https://www.aictms.or.kr/core/?cid=29&role=programview&pSeq=4331&tab=,https://www.k-startup.go.kr/web/contents/bizpbanc-ongoing.do?schM=view&pbancSn=177675,main,primary,데이터와ai를활용한웹기반mvp개발실습,공공기관,20260515~20260529,멘토링ㆍ컨설팅ㆍ교육,멘토링ㆍ컨설팅ㆍ교육
kst,177674,[SBA x 서울에너지공사]  ESG 개방형 테스트베드 사업 참가기업 모집,"서울에너지공사와 서울경제진흥원은 서울에너지공사의 에너지인프라를 활용하여 에너지·환경 분야의 혁신을 함께 이루어 갈 기업을 발굴하는「ESG 개방형 테스트베드 사업」을 운영하고 있습니다. 혁신적인 기술력과 참신한 아이디어를 보유하고 있으며, 서울에너지공사와의 협업을 통해 기술 실증 및 사업화를 희망하는 기업의 많은 참여를 바랍니다.",기술,공공기관,서울특별시,일반기업,기업,"만 20세 미만,만 20세 이상 ~ 만 39세 이하,만 40세 이상",,,"모집 분야에 해당하는 기술을 보유한 서울 소재 창업 10년 미만 기업(법인 사업자)
※ 지원금을 받지 않고 실증 인프라만 활용하는 경우, 소재지 및 창업 시점에 관계없이 신청 가능

①  국세 및 지방세를 체납 중인 자
②  서울시 소재 기업이 아닌 자
③  금융기관으로부터 불량거래자로 규제 중인 자
④  지급이행보증보험증권 발급이 불가한 자",,10년미만,기술개발(R&amp;D),20260515,20260605,,,온라인 접수: https://www.sba.seoul.kr/Pages/BusinessApply/PostingDetail.aspx?p=0&mid=14b75cef-924e-f111-b404-d4f5ef4a1e33,https://www.k-startup.go.kr/web/contents/bizpbanc-ongoing.do?schM=view&pbancSn=177674,main,primary,sbax서울에너지공사esg개방형테스트베드사업참가기업모집,공공기관,20260515~20260605,기술개발(R&D),기술개발(R&D)
kst,177672,2026년 서울바이오허브 삼성바이오에피스 오픈이노베이션 프로그램,"서울특별시가 조성하고, 한국과학기술연구원과 고려대학교가 운영하는 서울바이오허브에서 바이오‧의료 스타트업 성장지원을 위한 삼성바이오에피스 오픈이노베이션 프로그램에 참여할 바이오‧의료 스타트업을 아래와 같이 모집하오니 많은 신청 바랍니다.",창업,지자체,서울특별시,일반기업,기업,"만 20세 이상 ~ 만 39세 이하,만 40세 이상",,,"삼성바이오에피스 신규 사업 및 연구, 기술 수요와 관련하여 협업 가능한 국내 창업 8년 이내 바이오·의료 창업기업, 벤처기업, 중소기업(공고일 기준)",,7년미만,사업화,20260514,20260612,,,온라인 접수: https://m.site.naver.com/27k5a,https://www.k-startup.go.kr/web/contents/bizpbanc-ongoing.do?schM=view&pbancSn=177672,main,primary,2026년서울바이오허브삼성바이오에피스오픈이노베이션프로그램,지자체,20260514~20260612,사업화,사업화
kst,177670,초기창업패키지,AI 전문 교육프로그램을 수료한 우수 인재 및 창업기업의 성장 지원을 위한 「2026년도 창업패키지(AI 인재 실증형)」에 참여할 창업기업을 다음과 같이 모집합니다.,창업,공공기관,전국,일반기업,"기업,초기창업기업","만 20세 미만,만 20세 이상 ~ 만 39세 이하,만 40세 이상",,,"공고 내용 확인 필수
딥테크 5대 분야의 창업기업(초기, 도약)으로서, 중앙정부  AI 양성과정 수료자(&apos;23~&apos;25년 수료) 채용 예정인 기업 

- 초기 : 창업 후 3년 이내 창업기업
- 도약 : 창업 후 3년~7년 이내 창업기업 
 * 신산업  창업 분야(중소벤처기업부 고시 제2024-2호)에 해당하는 기업은 창업 후 10년  미만까지 신청 가능

공고문 내 신청제외대상 참조",,"1년미만,2년미만,3년미만,5년미만,7년미만,10년미만",사업화,20260518,20260612,,,기타 접수: 접수가 마감되었습니다.,https://www.k-startup.go.kr/web/contents/bizpbanc-ongoing.do?schM=view&pbancSn=177670,main,primary,초기창업패키지,공공기관,20260518~20260612,사업화,사업화
kst,177669,[강원창조경제혁신센터] 강원브릿지 배치프로그램(바이오헬스 트랙) 창업기업 모집 공고,한림대학교 Station C 사업단과 (재)강원창조경제혁신센터에서는 강원특별자치도 미래산업에 혁신을 이끌어 갈 유망 초기 창업기업을 발굴하고 직접투자 및 후속 투자 연계를 지원하는 「강원BRIDGE 배치프로그램(바이오·헬스 트랙)」에 참여할 창업기업을 모집합니다.,창업,공공기관,강원특별자치도,"청소년,대학생,일반인,대학,연구기관,일반기업,1인 창조기업","기업,누구나,예비창업자,청년,초기창업기업","만 20세 미만,만 20세 이상 ~ 만 39세 이하,만 40세 이상",,,"바이오·헬스 분야 초기 투자유치를 희망하는 예비창업자, 개인 또는 법인 창업기업
① 공고일 기준 창업 10년 이내(‘16. 5. 14. 이후 창업)
② Seed ~ Pre-A 단계
③ 기업가치 Pre-30억 미만

☞ 금융기관 등으로부터 채무불이행으로 규제 중인 자(기업)
☞ 국세 또는 지방세 체납으로 규제 중인 자(기업)
☞ 중소벤처기업부 등 정부지원사업 참여 제한 등 제재 중인 자(기업)
☞ ｢중소기업창업 지원법｣ 시행령 제4조의 업종을 영위하고 있는 자(기업)
☞ 신청일 기준 동 사업에 신청하는 사업자 휴·폐업 중인 자(기업)
☞ 고용노동부가 공개하는 체불 사업주 명단에 포함된 자(기업)
☞ 기타 주관기관이 참여 제한의 사유가 있다고 인정하는 자(기업)",,"예비창업자,1년미만,2년미만,3년미만,5년미만,7년미만,10년미만",사업화,20260514,20260528,,,온라인 접수: https://forms.gle/5ibHXS1JGbqUYnPR9,https://www.k-startup.go.kr/web/contents/bizpbanc-ongoing.do?schM=view&pbancSn=177669,main,primary,강원창조경제혁신센터강원브릿지배치프로그램바이오헬스트랙창업기업모집공고,공공기관,20260514~20260528,사업화,사업화
kst,177668,[강원창조경제혁신센터] 2026년 창업BuS 강원브릿지 화요IR 참여기업 모집(6월),(재)강원창조경제혁신센터에서는 유망 혁신 창업기업의 연중 상시 발굴과 맞춤형 성장 지원을 위한 창업-BuS(Build up Strategy for Start-ups) 프로그램*「강원브릿지 화요IR」참여기업을 아래와 같이 모집하오니 창업기업들의 많은 참여바랍니다.,행사/네트워크,공공기관,강원특별자치도,"청소년,대학생,일반인,대학,연구기관,일반기업,1인 창조기업","기업,누구나,청년,초기창업기업","만 20세 미만,만 20세 이상 ~ 만 39세 이하,만 40세 이상",,,"업력 7년 미만 창업기업
- 중점분야: 바이오·헬스, AI·빅데이터
- 우대분야: 강원 7대 전략산업(바이오·헬스/반도체/미래에너지/미래모빌리티/방위산업/기후테크/푸드테크)

신청제외대상  ※ 제외 대상 필요시 작성요청
☞ 금융기관 등으로부터 채무불이행으로 규제 중인 자(기업)
☞ 국세 또는 지방세 체납으로 규제 중인 자(기업)
☞ 중소벤처기업부 등 정부지원사업 참여 제한 등 제재 중인 자(기업)
☞ 중소기업창업 지원법 시행령 제4조의 업종을 영위하고 있는 자(기업)
☞ 신청일 기준 동 사업에 신청하는 사업자 휴·폐업 중인 자(기업)
☞ 고용노동부가 공개하는 체불 사업주 명단에 포함된 자(기업)
☞ 기타 주관기관이 참여 제한의 사유가 있다고 인정하는 자(기업)",,"예비창업자,1년미만,2년미만,3년미만,5년미만,7년미만",행사ㆍ네트워크,20260514,20260529,,,온라인 접수: https://forms.gle/AWDT3tNwjJK5cBTD9,https://www.k-startup.go.kr/web/contents/bizpbanc-ongoing.do?schM=view&pbancSn=177668,main,primary,강원창조경제혁신센터2026년창업bus강원브릿지화요ir참여기업모집6월,공공기관,20260514~20260529,행사ㆍ네트워크,행사ㆍ네트워크
kst,177667,"2026년 글로벌 리테일 채널(인도네시아, 싱가포르) 진출사업 참여기업  모집","서울경제진흥원은 서울 소재 중소기업의 글로벌 시장 진출을 지원하고자, 해외 유력 리테일 채널과의 전략적 협력을 통해 판로 확대를 도모하는 「글로벌 리테일 채널 진출 사업」참여기업을 모집하오니 많은 관심 바랍니다.",판로/수출,공공기관,서울특별시,일반기업,기업,"만 20세 미만,만 20세 이상 ~ 만 39세 이하,만 40세 이상",,,"다음 자격을 모두 충족하는 기업 ※ 세부 모집분야는 공고문 2page 확인 필수
① 본사, 지사, 연구소 중 1곳 이상이 서울에 소재한 중소기업
② 뷰티 또는 푸드 분야에 해당하는 자체 브랜드(제품)을 보유한 기업
③ 영어로 업무 소통이 원활한 C레벨 의사결정자가 참여 가능한 기업

※ 신청제외 대상은 공고문 2page 확인 필수",,"1년미만,2년미만,3년미만,5년미만,7년미만,10년미만",판로ㆍ해외진출,20260514,20260522,,,온라인 접수: https://www.sba.seoul.kr/Pages/ContentsMenu/Company_Support_Detail.aspx?RID=745d6250-5a4f-f111-b404-d4f5ef4a1e33,https://www.k-startup.go.kr/web/contents/bizpbanc-deadline.do?schM=view&pbancSn=177667,main,primary,2026년글로벌리테일채널인도네시아싱가포르진출사업참여기업모집,공공기관,20260514~20260522,판로ㆍ해외진출,판로ㆍ해외진출
kst,177666,벙커샷 프로그램 참여기업 모집공고,"(주) 벙커샷 파트너스에서 함께 성장할 기술사업 예비창업자, 3년미만 초기 기업을 발굴하고 있습니다.
많은 관심과 참여 바랍니다.",창업,민간,전국,"청소년,대학생,일반인,대학,연구기관,일반기업,1인 창조기업","기업,누구나,예비창업자,청년,초기창업기업","만 20세 미만,만 20세 이상 ~ 만 39세 이하,만 40세 이상",,,"예비창업자, 3년미만 초기 기업",,"예비창업자,1년미만,2년미만,3년미만",사업화,20260515,20260612,,,온라인 접수: https://www.bunkershot.co.kr/programform1,https://www.k-startup.go.kr/web/contents/bizpbanc-ongoing.do?schM=view&pbancSn=177666,main,primary,벙커샷프로그램참여기업모집공고,민간,20260515~20260612,사업화,사업화
kst,177665,[한양대학교 캠퍼스타운] 2026 제2회 한양대학교 캠퍼스타운 창업경진대회,한양대학교 캠퍼스타운 창업센터에서는 「2026 제2회 한양대학교 캠퍼스타운 창업경진대회 참가자(기업) 모집」과 관련하여 우수하고 참신한 아이템으로 창업에 도전을 희망하는 창업자를 모집하고자 하오니 많은 참여 바랍니다.,시설/공간,교육기관,서울특별시,"대학생,일반인,대학,연구기관,일반기업,1인 창조기업","기업,누구나,예비창업자,청년,초기창업기업",만 20세 이상 ~ 만 39세 이하,20,39,"※ 공고일 2026. 5. 12. 기준, 아래 1 ~ 3 의 사항 모두 충족 시 지원 가능
 1. 서울시 거주 또는 생활권자 : 지역 거주자, 직장 재직자, 서울 내 대학(원) 재·휴학생
    * 개인 또는 팀 단위 신청 가능, 팀 단위 신청 시 최소 1인 이상 서울시 생활권자

 2. 예비창업자 및 업력 7년 미만 창업기업 
   1) 예비창업자
   2) 일반사업자 : 사업자등록증 상 ‘개업연월일‘ 2019. 5. 13. 이후 창업
   3) 법인사업자 : 법인등기부등본 상 ’회사성립연월일’ 2019. 5. 13. 이후 창업 
   4) (예외 사항) 신산업 창업 분야인 경우 업력 10년 기업까지 지원 가능
    ※ 신산업 창업 분야 : 중소기업창업 지원법 제25조 제4항 관련 27개 분야 (공고문 참고)

  3. 대표자 만 39세 이하 : 1986. 5. 13. 이후 출생자 (1986. 5. 13. 출생자 포함)
   ※  (예외사항)
    1) 제대군인의 경우 「서울시 청년 기본 조례」에 따라 최대 3세 연령 상한
    2) 교내창업, 외국인 유학생 창업자는 연령제한 적용 제외

1. 서울 캠퍼스타운 사업의 타대학 창업공간에 입주하여 지원사업을 수혜 중인 자
 2. ｢중소기업 창업지원법 시행령｣ 제4조 각 항에 해당하는 창업기업
   (1)일반유흥주점업, (2)무도유흥주점업, (3)카지노 운영업, (4)기타 사행시설 관리 및 운영업,
   (5)그 밖에 경제질서 및 미풍양속에 현저히 어긋나는 업종으로서 중소벤처기업부령으로 정하는 업종
 3. 금융기관 등으로부터 채무불이행으로 규제 중인 자 또는 국세 혹은 지방세를 체납 중인 자. 
 4. 공고일(’26.5.12.)기준 휴업 중인 기업
 5. 서울시 창업지원시설에서 문제가 있어 퇴거조치 된 기업
 6. 기타 한양대학교 캠퍼스타운 사업단의 참여 제한 사유가 있다고 인정하는 경우",,"예비창업자,1년미만,2년미만,3년미만,5년미만,7년미만",시설ㆍ공간ㆍ보육,20260512,20260601,,,온라인 접수: https://startup.hanyang.ac.kr/board/notice/view/4240?boardName=notice,https://www.k-startup.go.kr/web/contents/bizpbanc-ongoing.do?schM=view&pbancSn=177665,main,primary,한양대학교캠퍼스타운2026제2회한양대학교캠퍼스타운창업경진대회,교육기관,20260512~20260601,시설ㆍ공간ㆍ보육,시설ㆍ공간ㆍ보육
kst,177664,「제조창업패키지」모집 공고,"경북대학교 스타트업지원센터는
대구 RISE 사업 ?3-5) ‘특화 창업거점 기반 기술창업ㆍ성장 촉진’ 단위과제를 통해
「제조창업패키지」지원에 참여할 대구지역 예비창업자 또는 창업 7년이내 기업을 다음과 같이 모집하오니 많은 참여 바랍니다.",창업,민간,대구광역시,"청소년,대학생,일반인,대학,연구기관,일반기업,1인 창조기업","기업,누구나,예비창업자,청년,초기창업기업","만 20세 미만,만 20세 이상 ~ 만 39세 이하,만 40세 이상",,,"하드웨어(소재, 부품, 제품 등) 분야 대구지역 예비창업자 및 창업자(7년이하) 제조창업기업",,"예비창업자,1년미만,2년미만,3년미만,5년미만,7년미만",사업화,20260514,20260528,,,온라인 접수: https://startuprise.kr/page/bsi/noticeList.do,https://www.k-startup.go.kr/web/contents/bizpbanc-ongoing.do?schM=view&pbancSn=177664,main,primary,제조창업패키지모집공고,민간,20260514~20260528,사업화,사업화
kst,177663,룬샷 경진대회(지능형 가시광·적외선 능동 위장 기술) 난제 해결방안 제안서 공모,"룬샷 경진대회는 국방 분야 난제의 창의적 해결을 위해 복수의 민간 연구기관이 해결방법을 직접 모색하는 경진형 과제로서, 룬샷 경진대회의 난제 해결방안 제안서를 다음과 같이 공모하오니, 관련 전문가들의 많은 참여를 바랍니다.",창업,공공기관,전국,"대학,연구기관,일반기업",기업,"만 20세 미만,만 20세 이상 ~ 만 39세 이하,만 40세 이상",,,"혁신적 아이디어와 기술을 가진 모든 기관
* 방위사업청 예규 「미래도전국방기술 연구개발 업무처리지침」제2조(정의) 제2호에 따른 산학연",,"1년미만,2년미만,3년미만,5년미만,7년미만,10년미만",사업화,20260430,20260616,,,이메일 접수: 공고문 확인 필요,https://www.k-startup.go.kr/web/contents/bizpbanc-ongoing.do?schM=view&pbancSn=177663,main,primary,룬샷경진대회지능형가시광적외선능동위장기술난제해결방안제안서공모,공공기관,20260430~20260616,사업화,사업화
kst,177662,[국비지원] AI 기반 서비스 개발·사업화 1인 창업가 캠프 5기 모집,예비·초기 창업가 대상 AI 기반 서비스 개발 및 사업화 역량 강화를 위한 「1인 창업가 국비지원 부트캠프」모집을 다음과 같이 공고합니다.,교육/멘토링,교육기관,전국,"대학생,일반인,대학,연구기관,일반기업,1인 창조기업","기업,누구나,예비창업자,청년,초기창업기업","만 20세 이상 ~ 만 39세 이하,만 40세 이상",,,"1. 내일배움카드 소지자 또는 발급 가능한 자
2. 아이디어는 있지만 실행·개발이 어려웠던 예비창업자
3. 개발자 없이 AI로 직접 서비스 출시까지 해보고 싶은 분
4. AI 활용으로 1인 SaaS·자동화 서비스 제작에 관심 있는 분
5. MVP 제작 → 검증 → 수익화까지 실전 창업 프로세스를 경험하고 싶은 분
6. 외주 없이 직접 만들고 운영하는 ‘1인 창업’을 목표로 하는 분
7. 창업은 처음이지만 AI 툴로 빠르게 사업 역량을 키우고 싶은 분
8. 혼자 고민하기보다 실무 멘토링과 창업 지원을 함께 받고 싶은 분",,"예비창업자,1년미만,2년미만,3년미만,5년미만",멘토링ㆍ컨설팅ㆍ교육,20260427,20260614,,,온라인 접수: https://bit.ly/4nsSH33,https://www.k-startup.go.kr/web/contents/bizpbanc-ongoing.do?schM=view&pbancSn=177662,main,primary,국비지원ai기반서비스개발사업화1인창업가캠프5기모집,교육기관,20260427~20260614,멘토링ㆍ컨설팅ㆍ교육,멘토링ㆍ컨설팅ㆍ교육
kst,177660,「 2026 청주시 K- 바이오 글로벌 브릿지 」 참여기업 모집 공고,청주시 소재 또는 협약 기간 내 청주시 본사 이전 가능한 유망 바이오 스타트업의 글로벌 진출 지원을 위해 「 2026 청주시 K- 바이오 글로벌 브릿지 」 의 참여기업을 다음과 같이 모집하오니 많은 관심과 참여 바랍니다 .,판로/수출,공공기관,충청북도,"일반인,대학,연구기관,일반기업,1인 창조기업","기업,누구나,초기창업기업","만 20세 이상 ~ 만 39세 이하,만 40세 이상",,,"3년 이상 7년 이내 청주시 본사 소재 바이오 기업 또는 협약기간 내 청주시 본사 이전 가능 기업(연장공고일기준)
 
※ 「중소기업창업 지원법」 제25조에 따른 신산업 창업 분야 기업(바이오·의료기기·디지털헬스케어 등)은 업력 10년 이내까지 지원 가능
※   청주시 외 소재 기업의 경우 협약기간 내 청주시로 본사 이전을 완료하여야 하며, 이전완료일로부터 2년 이상 본사 소재지를 유지하여야 함",,"7년미만,10년미만",글로벌,20260513,20260519,,,이메일 접수: 공고문 확인 필요,https://www.k-startup.go.kr/web/contents/bizpbanc-deadline.do?schM=view&pbancSn=177660,main,primary,2026청주시k바이오글로벌브릿지참여기업모집공고,공공기관,20260513~20260519,글로벌,글로벌
kst,177659,2026년 달구벌여성창업보육센터 3차 입주기업 모집,"달구벌여성인력개발센터는 『달구벌여성창업보육센터』 운영을 통해
창의적 아이디어 및 우수 기술력을 보유한 여성(예비)창업가가
초기에서 성장으로 이어지는 기반을 마련하는데 도움이 되고자 다음과 같이 입주기업을 모집합니다.",시설/공간,민간,대구광역시,"대학생,일반인,일반기업,1인 창조기업","기업,누구나,여성,예비창업자,청년,초기창업기업","만 20세 이상 ~ 만 39세 이하,만 40세 이상",,,"- 대구지역 여성 중 우수한 창업아이템을 보유하고 창업의지가 강한 예비창업자 또는 대구지역 소재 3년 미만 창업자
- 공고일 기준 대구광역시에 주민등록(또는 사업자등록)이 되어 있는 자
※ 예비창업자의 경우 입주 계약 후 3개월 이내 달구벌여성창업보육센터로 사업자등록이 가능한 자
※ 기창업자의 경우 입주 계약 후 1개월 이내 주사업장(본사) 이전이 가능한 기업

-국세 또는 지방세를 체납 중인 자
- 정부지원사업 및 유관기관 사업에 참여제한으로 제재중인 자
- 공고일 현재 휴업 중인 기업
- 기타 운영위원회에서 부적합하다고 인정하는 자",,"예비창업자,1년미만,2년미만,3년미만",시설ㆍ공간ㆍ보육,20260513,20260619,,,온라인 접수: https://w-startup.daegu.go.kr/business/307,https://www.k-startup.go.kr/web/contents/bizpbanc-ongoing.do?schM=view&pbancSn=177659,main,primary,2026년달구벌여성창업보육센터3차입주기업모집,민간,20260513~20260619,시설ㆍ공간ㆍ보육,시설ㆍ공간ㆍ보육
kst,177658,창업보육센터및 기업 지원,단국대학교 생명공학창업보육센터에서는 성장과 발전을 함께 도모할 (예비)창업기업을 발굴 및 육성하기 위해 신규 입주기업을 다음과 같이 모집하오니 많은 참여바랍니다.,시설/공간,교육기관,충청남도,"청소년,대학생,일반인,대학,연구기관,일반기업,1인 창조기업","기업,누구나,예비창업자,청년,초기창업기업","만 20세 미만,만 20세 이상 ~ 만 39세 이하,만 40세 이상",,,"▪ 창업 7년 이내의 중소기업을 영위하는자 또는 예비창업자
▪ 산학협력을 통해 성장 가능성이 높은 기업
▪ 기업부설연구소 또는 연구개발전담부서(지사)
(단, 단국대의 시설을 활용하거나 공동연구 개발을 위함이 증명되어야 하며
본사는 정부 및 지자체가 지원하는 공간에 입주하지 않아야 함)

① 창업지원 제외 업종 운영 기업(일반유흥주점업, 무도유흥주점업, 기타 사행시설 관리 및 운영업)
② 소음, 진동, 악취 등 대학의 기능을 저해하는 공해유발 업종
③ 세금체납 및 금융기관 신용불량 거래자
④ 도‧소매기업만 영위할 기업",,"예비창업자,7년미만",시설ㆍ공간ㆍ보육,20260514,20260531,,,이메일 접수: 공고문 확인 필요,https://www.k-startup.go.kr/web/contents/bizpbanc-ongoing.do?schM=view&pbancSn=177658,main,primary,창업보육센터및기업지원,교육기관,20260514~20260531,시설ㆍ공간ㆍ보육,시설ㆍ공간ㆍ보육
kst,177657,2026년 2차 금천청년꿈터 입주기업 모집공고,서울특별시 금천구가 건립하고 중앙대학교 산학협력단이 위탁 운영하는 창업보육센터 ｢금천청년꿈터｣는 청년창업가의 도전과 성장을 지원하기 위해 혁신적이고 성장 잠재력이 높은 아이템을 보유한 창업기업 및 예비창업자를 다음과 같이 모집하오니 많은 관심과 신청 바랍니다.,시설/공간,교육기관,전국,"대학생,일반인,대학,연구기관,일반기업,1인 창조기업","기업,누구나,예비창업자,청년,초기창업기업",만 20세 이상 ~ 만 39세 이하,20,39,"• 예비창업자 또는 창업 7년 이내 청년창업 기업 (대표자 기준 만 19세 이상 ~ 만 39세 이하)
• 「중소기업창업 지원법」제2조에 따른 ‘창업자(창업기업)’
※ 1개월 이내 창업 및 본사 이전 필수(사업자등록증 제출)",,"예비창업자,7년미만",시설ㆍ공간ㆍ보육,20260518,20260611,,,이메일 접수: 공고문 확인 필요,https://www.k-startup.go.kr/web/contents/bizpbanc-ongoing.do?schM=view&pbancSn=177657,main,primary,2026년2차금천청년꿈터입주기업모집공고,교육기관,20260518~20260611,시설ㆍ공간ㆍ보육,시설ㆍ공간ㆍ보육
kst,177656,2026 판다밋업 : 제조 AI 혁신 인사이트,"경기도와 세계경제포럼(WEF)의 협력으로 설립된 경기도 4차산업혁명센터에서 글로벌 진출을 희망하는 초기·성장단계 유망기업을 대상으로, 
글로벌 진출의 초기 기반을 지원하는 2026년 C4IR Korea 멤버십 프로그램을 시작하오니, 관심있는 기업의 많은 지원 바랍니다.",교육/멘토링,공공기관,전국,"연구기관,일반기업,1인 창조기업","기업,초기창업기업","만 20세 미만,만 20세 이상 ~ 만 39세 이하,만 40세 이상",,,"① 공고일 기준 국내에 소재지를 둔 초기 • 성장 단계 유망 분야 법인 기업
② 누적 투자액 약 10억원 내외 또는 투자 수준에 상응하는 기술력· 사업성을 보유한 기업
③ 전략산업 분야 및 *유망산업 관련 기술 또는 서비스를 보유한 기업
*유망산업 : AI·반도체, 스마트제조, 기후, 바이오, 거브테크, 환경 등
④ 초기·성장 단계 기업으로 글로벌 진출 의지 및 잠재력을 보유한 기업
⑤ 프로그램 참여 및 후속 연계 활동 수행이 가능한 기업

① 휴폐업 기업 또는 가동 중에 있지 않은 기업
 ② 그 밖에 사회적 물의를 일으켜 지원이 합당하지 않다고 인정되는 기업",,"1년미만,2년미만,3년미만,5년미만,7년미만,10년미만",멘토링ㆍ컨설팅ㆍ교육,20260514,20260605,,,이메일 접수: 공고문 확인 필요,https://www.k-startup.go.kr/web/contents/bizpbanc-ongoing.do?schM=view&pbancSn=177656,main,primary,2026판다밋업제조ai혁신인사이트,공공기관,20260514~20260605,멘토링ㆍ컨설팅ㆍ교육,멘토링ㆍ컨설팅ㆍ교육
kst,177655,「2026년 전남 나주 강소연구개발특구」이노테크 창업기업육성 사업 예비·초기 창업자 모집 연장공고,유망한 창업아이템을 보유한 창업자의 성공적인 창업을 지원하는 『2026년 이노테크 창업기업육성(전남 나주 강소특구)』에 참여하실 예비창업자 및 초기창업자 모집 계획을 아래와 같이 연장 공고하오니 많은 관심과 참여 바랍니다.,창업,민간,전라남도,"청소년,대학생,일반인,대학,연구기관,일반기업,1인 창조기업","기업,누구나,예비창업자,청년,초기창업기업","만 20세 미만,만 20세 이상 ~ 만 39세 이하,만 40세 이상",,,"1. (전국) 예비창업자
2. (전국) 에너지 분야 초기창업자 [업력 7년 미만(공고일 기준)]

□ 아래 항목 중 1개 이상에 해당되는 경우 신청 불가
 ✓ 동 사업의 사업화자금으로 사행산업 등 경제질서 및 미풍양속에 현저히 어긋나는 아이템* 및 에너지분야 창업과 무관된 사업을 영위하고자 하는 자
   * 지원제외 대상 업종 : 일반유흥주점업, 무도유흥주점업, 기타 사행시설 관리 및 운영업(중소기업창업지원법 시행령 제4조)
 ✓ 공고일 기준 금융기관을 통한 계좌개설이 불가능하거나 본인 명의의 금융자산에 대한 압류가 진행 중인 자
 ✓ 국세 또는 지방세 체납으로 규제중인 자
 ✓ 국가 및 지방자치단체를 당사로 하는 계약에 관한 법률에 따른 부정당업자
 ✓ 타인의 아이디어, 기술 등을 모방하거나 도용하여 창업하려는 자
 ✓ 폐업 경험이 있는 자가 동일한 사업 내용의 제품이나 서비스로 재창업하고자 하는 경우
 ✓ 기타 수행기관이 참여 제한의 사유가 있다고 인정하는 자
 ✓ 동일한 아이템으로 복수의 지원사업에 신청한 경우 
 ✓ 강소특구 ‘이노테크 창업기업육성 또는 이노폴리스캠퍼스사업’ 당해연도 중복 불가",,"예비창업자,7년미만",사업화,20260513,20260529,,,이메일 접수: 공고문 확인 필요,https://www.k-startup.go.kr/web/contents/bizpbanc-ongoing.do?schM=view&pbancSn=177655,main,primary,2026년전남나주강소연구개발특구이노테크창업기업육성사업예비초기창업자모집연장공고,민간,20260513~20260529,사업화,사업화
kst,177654,5월『찾아가는 기업 고민해결 찐(眞)톡(talk)』,"광진구 소재 중소기업 및 스타트업을 대상으로 광진구와 중진공이 기업의 어려움을 해결해주는 상담 프로그램입니다.
관심 있는 기업들의 많은 참여 바랍니다.",인력/일자리,민간,서울특별시,"청소년,대학생,일반인,대학,연구기관,일반기업,1인 창조기업","기업,누구나,청년,초기창업기업","만 20세 미만,만 20세 이상 ~ 만 39세 이하,만 40세 이상",,,광진구 소재 중소기업 및 스타트업,,"예비창업자,1년미만,2년미만,3년미만,5년미만,7년미만,10년미만",인력,20260513,20260527,,,온라인 접수: https://forms.gle/4HpwQa1P8GXTiqVHA,https://www.k-startup.go.kr/web/contents/bizpbanc-ongoing.do?schM=view&pbancSn=177654,main,primary,5월찾아가는기업고민해결찐眞톡talk,민간,20260513~20260527,인력,인력
kst,177653,2026년 KICXUP 서울 입주기업 모집공고,"한국산업단지공단에서 KICXUP 서울에 입주할 혁신 스타트업을 모집합니다. 입주기업을 대상으로 사무공간 오피스 인프라, 산업단지 입주 대중견기업 오픈이노베이션, 신용보증기금 금융 지원, 맞춤형 성장지원 서비스(오피스아워) 등을 제공할 계획이오니, 역량 있는 스타트업의 많은 관심 바랍니다.",시설/공간,민간,서울특별시,일반기업,기업,"만 20세 이상 ~ 만 39세 이하,만 40세 이상",,,"설립 7년 미만 창업기업

국세, 지방세, 4대 보험료를 체납 중인 기업
기타 한국산업단지공단이 부적당 하다고 판단한 입주 희망자",,7년미만,시설ㆍ공간ㆍ보육,20260515,20260528,,,온라인 접수: https://forms.gle/yherGm7fs5zuJkga6,https://www.k-startup.go.kr/web/contents/bizpbanc-ongoing.do?schM=view&pbancSn=177653,main,primary,2026년kicxup서울입주기업모집공고,민간,20260515~20260528,시설ㆍ공간ㆍ보육,시설ㆍ공간ㆍ보육
kst,177651,2026 식품외식 푸드테크 기술사업화 교육,건국대학교 식품과학전공(학과)은 농림축산식품부와 한국농수산식품유통공사 지원으로 식품산업 정책이 반영된 맞춤형 인력양성을 통해 식품‧외식‧푸드테크 분야 우수인력 유입 촉진 및 지속 가능한 성장 기반을 마련하고자 「2026년 식품외식‧푸드테크 기술사업화 교육」을 운영하고 있으니 관심 있는 분들은 많은 참여 바랍니다.,창업,교육기관,서울특별시,"대학생,일반인","누구나,청년",만 20세 이상 ~ 만 39세 이하,20,39,"만 45세 미만으로 본 운영기관의 창업교육을 수료한 수료생이나 푸드테크 관련 기술 또는 아이템을 보유한 초기창업자, 개업 후 7년 미만의 초기 창업자 및 스타트업 종사자",,7년미만,창업교육,20260513,20260519,,,이메일 접수: 공고문 확인 필요,https://www.k-startup.go.kr/web/contents/bizpbanc-deadline.do?schM=view&pbancSn=177651,main,primary,2026식품외식푸드테크기술사업화교육,교육기관,20260513~20260519,창업교육,창업교육
kst,177650,광진경제허브센터 운영,"우수한 창업기업 발굴 및 기업별 단계에 맞는 컨설팅, 투자연계 등을 지원하기 위해 광진경제허브센터에 입주할 기업을 모집하오니 역량 있는 창업기업의 많은 신청을 바랍니다.",시설/공간,민간,서울특별시,"대학생,일반인,일반기업,1인 창조기업","기업,누구나,예비창업자,청년,초기창업기업","만 20세 이상 ~ 만 39세 이하,만 40세 이상",,,"❍ 독립형 입주 신청자
- 예비창업자 및 초기창업기업(3년 미만) 또는 벤처인증기업
- 업력 3년 이상의 경우는 벤처기업육성에 관한 특별조치법 제2조제1항 해당 기업으로 모집 공고 기간 내 해당하는 유효 기간의
벤처기업인증확인서 증빙 필수

❍ 개방형 입주 신청자
- 예비창업자로써 우수한 기술을 보유한 자
- 공고일 기준 사업자등록일이 3년 이내인 1인 창업기업
- 예비창업자의 경우, 혁신적인 기술을 보유하여 입주 후 6개월
  이내 최초 사업자등록이 가능한 자
  (단, 기존 사업자등록 보유 기업은 2개월 이내 본점 주소를 
   광진경제허브센터로 이전)
- 명확한 비즈니스모델과 사업계획을 가지고 구체적으로 실현할 
  의지가 있는 자

❍ 특화분야: 디지털 트랜스포메이션(DX) 솔루션을 제공하는 기술기반 창업 기업
- AI 기반 비즈니스 데이터 솔루션
- 자율주행 및 미래 모빌리티 솔루션
- 바이오/헬스/에너지
- 빅데이터 및 네트워크 기반 솔루션
- 스마트시티/스마트팩토리
- 로보틱스(Robotics)
- 기타 팁스(TIPS) 및 딥테크(DeepTech) 기술 분야 솔루션

❍ 법인등기부등본 상 본점 이전이 불가한 창업기업
❍ 휴·폐업중인 자
❍ 폐수, 소음, 진동, 악취 등 환경공해업종
❍ 금융기관으로부터 불량거래자로 규제중인 자
❍ 지방세 및 국세 체납자 등
❍ 기타 입주 시 단순 영업행위 등 입주가 부적합하다고 인정되는 자",,"예비창업자,1년미만,2년미만,3년미만,5년미만,7년미만,10년미만",시설ㆍ공간ㆍ보육,20260513,20260614,,,이메일 접수: 공고문 확인 필요,https://www.k-startup.go.kr/web/contents/bizpbanc-ongoing.do?schM=view&pbancSn=177650,main,primary,광진경제허브센터운영,민간,20260513~20260614,시설ㆍ공간ㆍ보육,시설ㆍ공간ㆍ보육
kst,177649,강동50+센터 공유사무실 입주자 모집,"강동50플러스센터는 사회적 가치를 기반으로 한 중장년 세대의 창업, 창직 활동을 지원하기 위해 강동50플러스센터 내 공유사무실 입주자를 모집하오니 관심있는 분들의 많은 지원 바랍니다.",시설/공간,지자체,서울특별시,"일반인,일반기업,1인 창조기업","기업,누구나,초기창업기업",만 40세 이상,40,,"모집공고일(26.4.27.) 기준 대표자가 40~64세인 서울시 거주자

-기존 강동50플러스센터 공유사무실 이용자
-50플러스 캠퍼스 및 타 센터의 공유사무실 입주 중인 자 (중도 퇴거·포기자 포함)
-허가받지 못한 사업 또는 정치, 종교 관련, 불법으로 창업 예정이거나 사업을 운영하는 경우
-제출서류를 허위로 기재한 경우
-외국인 (교포 포함)
※ 타 기관 (중앙정부, 자치단체, 공공기관 등)의 공간지원을 받는 경우, 입주 확정 시 기존 지원공간(개별사무실 포함) 정리·퇴거 필수",,"예비창업자,1년미만,2년미만,3년미만,5년미만,7년미만,10년미만",시설ㆍ공간ㆍ보육,20260513,20260522,,,이메일 접수: 공고문 확인 필요,https://www.k-startup.go.kr/web/contents/bizpbanc-deadline.do?schM=view&pbancSn=177649,main,primary,강동50센터공유사무실입주자모집,지자체,20260513~20260522,시설ㆍ공간ㆍ보육,시설ㆍ공간ㆍ보육
kst,177648,[코레일유통/본사] 제2차 청년창업 제휴사업자 모집공고,"코레일유통(주) 청년창업 지원사업에 따른 매장 운영자 모집공고를 시행하오니, 참여를 희망하는 예비창업자 및 청년창업자는 참여해 주시길 바랍니다.
■ 공고대상 매장 : 천안역 동부맞이방(기타간식/40.0㎡)
■ 접수방법 : 코레일유통(주) 홈페이지 https://www.korailretail.com - 파트너십 - 청년창업 지원안내/공고 - 청년창업 신규공고
■ 비고사항 : [붙임8] 청년창업 전자입찰프로세스 매뉴얼 확인 必",시설/공간,공공기관,전국,"대학생,일반인","누구나,예비창업자,청년",만 20세 이상 ~ 만 39세 이하,20,39,"1. 공고일 기준 만 18세 이상 39세 이하
2. 공고일 기준 사업자등록을 하지 않은 예비창업자 또는 창업 후 3년 이하인 ｢중소기업기본법｣ 제2조 2항에 따른 소기업을 영위하는 자
(대표자 연령 조건 충족해야 함)
3. 계약 체결 후 7일 이내 일반과세 사업자등록이 가능하고 시설투자 가능자
4. 프랜차이즈 미가맹 사업자로, 고유의 브랜드 및 레시피로 운영가능한 자

- 회사와 특수관계에 있는 자 또는 공공성 확보를 위해 다음에 해당하는 경우 참가를 제한
1. 코레일유통(주) 청년창업 지원매장 운영자로 선정된 자와 그 배우자 및 직계혈족
2. 코레일유통(주) 부정당업체로 지정된 업체(자)와 그 배우자 및 직계혈족
3. 기존 계약자(공고일 기준)
① 우리사 편의점 및 자판기 관련 계약 중이거나 과거 계약 이력이 있는 자와 그 배우자 및 직계혈족
② 우리사 상설전문점 운영 중이거나 과거 계약 이력이 있는 자와 그 배우자 및 직계혈족
4. 회사와 특수관계인 관련(공고일 기준)
① 모집시작일 기준 퇴직 후 2년이 경과 하지 않은 전직 임직원의 직계혈족
② 모집시작일 기준 한국철도공사 및 그 계열사에 재직 중인 임직원과 그 배우자 및 직계혈족
5. 공고일 현재 상업시설 운영 중인 자로 점포 수 확대를 목적으로 지원하는 자와 그 배우자 및 직계혈족",,"예비창업자,3년미만",시설ㆍ공간ㆍ보육,20260513,20260522,,,온라인 접수: https://www.korailretail.com,https://www.k-startup.go.kr/web/contents/bizpbanc-deadline.do?schM=view&pbancSn=177648,main,primary,코레일유통본사제2차청년창업제휴사업자모집공고,공공기관,20260513~20260522,시설ㆍ공간ㆍ보육,시설ㆍ공간ㆍ보육
kst,177647,2026년 JNGC 인디 게임 창업(예비창업자) 제작지원 공고,게임콘텐츠 개발 창업 기업과 스타트업 발굴 위한 “2026년 JNGC 인디 게임 창업(예비창업자) 제작지원”을 시행하오니 많은 참여 바랍니다.,창업,공공기관,전라남도,"대학생,일반인","누구나,예비창업자,청년","만 20세 이상 ~ 만 39세 이하,만 40세 이상",,,"• 전남 소재 본사 기업을 설립 예정인 예비 창업자
   ※ 예비창업자의 경우 협약체결일로부터 1개월 이내 전남지역에 사업자등록 및 전남 소재 본사 기업으로 게임제작업 등록(사업자등록증 및 게임 제작업 등록증 제출必)

기업 신청 불가",,예비창업자,사업화,20260512,20260609,,,"온라인 접수: https://www.bojo.go.kr/bojo.do
기타 접수: e나라도움을 통한 접수(https://www.gosims.go.kr) 필수 
e나라도움 미 접수시 지원 불가",https://www.k-startup.go.kr/web/contents/bizpbanc-ongoing.do?schM=view&pbancSn=177647,main,primary,2026년jngc인디게임창업예비창업자제작지원공고,공공기관,20260512~20260609,사업화,사업화
kst,177646,IP 디딤돌 프로그램,"인천지식재산센터는 인천시 관내 우수한 아이디어와 기술을 보유한 예비 창업자를 발굴하여 아이디어 창출에서 사업화까지 연계지원하고 있습니다.
 IP디딤돌 지원사업 중 지식재산 기반 창업교육인 IP창업존 49기 「청년특화」교육과정을 아래와 같이 운영하고자 하오니, 지식재산권 확보와 창업을 준비 중인 (예비)창업자들의 많은 참여 바랍니다.",교육/멘토링,민간,인천광역시,"청소년,일반인,1인 창조기업","누구나,청년,초기창업기업","만 20세 미만,만 20세 이상 ~ 만 39세 이하,만 40세 이상",,,"인천시민, (예비)창업자, 학생 등
  ※ 만 39세 이하 청년이 아닌 창업자도 교육 수강 가능",,예비창업자,멘토링ㆍ컨설팅ㆍ교육,20260513,20260610,,,이메일 접수: 공고문 확인 필요,https://www.k-startup.go.kr/web/contents/bizpbanc-ongoing.do?schM=view&pbancSn=177646,main,primary,ip디딤돌프로그램,민간,20260513~20260610,멘토링ㆍ컨설팅ㆍ교육,멘토링ㆍ컨설팅ㆍ교육
kst,177645,2026년 경남창원강소특구 이노테크 발굴 및 창업지원사업 KERITOR 7기 모집 공고(연장),기술기반 (예비)창업자의 지속 가능한 성장을 지원하는 2026년 경남창원강소특구 이노테크 발굴 및 창업지원사업에 참여할 예비창업자 및 7년 미만의 초기 창업자 모집을 공고하오니 많은 관심과 참여 부탁드립니다.,창업,민간,경상남도,"청소년,대학생,일반인,대학,연구기관,일반기업,1인 창조기업","기업,누구나,예비창업자,청년,초기창업기업","만 20세 미만,만 20세 이상 ~ 만 39세 이하,만 40세 이상",,,"- 특화분야1) : 전기추진시스템 분야의 예비창업자3) 및 설립 7년 미만 기업4)
- 일반분야2) : 특화분야 외 기술기반의 예비창업자 및 설립 7년 미만 기업

1) 특화분야는 전기추진시스템(참고2) 및 관련 아이템 생산 기술, 혹은 주관기관이 특화분야에 속한다고 인정하는 기술을 보유한 (예비)창업자
2) 일반분야는 특화분야 외 부품·소재, 기계·재료, 전기·전자, 정보·통신, 생명·식품, 화공·섬유 등의 기술 기반 (예비)창업자
3) 예비창업자는 사업 기한 내 사업자등록이 가능한 자
(양식 내 (붙임3) ‘창원시 창업의향서’ 필수 제출)
4) 초기창업자는 2019. 4. 22. 이후 설립 기업으로 창원시 소재 또는 향후 창원시로 본사 이전 및 지사 설립 등의 의향이 있는 기업 우대
(양식 내 (붙임2) ‘창원시 주소지 이전 의향서’ 자율 제출)

아래 항목 중 1개 이상에 해당되는 경우 신청 불가

◦ 연구개발특구진흥재단의 타지역 특구 사업(이노테크 발굴 및 창업지원 사업) 신청자(중복 참여 불가)
◦ 동 사업을 통해 사행산업 등 경제질서 및 미풍양속에 현저히 어긋나는 업종*을 영위하고자 하는 자
* 지원제외 대상 업종 : 일반유흥주점업, 무도유흥주점업, 기타 사행시설 관리 및 운영업 (중소기업창업지원법 시행령 제4조)
◦ 타인의 특허, 실용신안 등 지식재산권을 침해하거나 침해할 우려가 있는 아이템인 경우
◦ 공고일 기준 금융기관을 통한 계좌개설이 불가능하거나 본인 명의의 금융자산에 대한 압류가 진행 중인 자
◦ 제출내용이 사실과 다르거나, 허위사실 기재 및 대리작성 또는 표절 아이템인 경우
◦ 국세 또는 지방세 체납으로 규제 중인자
◦ 국가 및 지방차지단체를 당사로 하는 계약에 관한 법률에 따른 부정당업자
◦ 타인의 아이디어, 기술 등을 모방하거나 도용하여 창업하려는 자
◦ 폐업 경험이 있는 자가 동일한 사업 내용의 제품이나 서비스로 재창업하고자 하는 경우
◦ 금융기관 등으로부터 채무불이행으로 채무불이행으로 규제 중인 자(기업)
◦ 「근로기준법」에 따라 고용노동부가 공개하는 체불사업주 명단에 포함된 자(기업)
◦ 기타 수행기관이 판단하기에 참여 제한의 사유가 있다고 인정하는 자
◦ 기존 KERITOR 사업 참여기업",,7년미만,사업화,20260422,20260515,,,이메일 접수: 공고문 확인 필요,https://www.k-startup.go.kr/web/contents/bizpbanc-deadline.do?schM=view&pbancSn=177645,main,primary,2026년경남창원강소특구이노테크발굴및창업지원사업keritor7기모집공고연장,민간,20260422~20260515,사업화,사업화
kst,177644,특허활용 투자유치 전략 세미나,혁신기술경영인증지원센터는 기업의 지식재산(IP) 가치를 투자유치로 확장하는 실질적 전략과 인사이트를 공유하기 위해 「특허활용 투자유치 전략 세미나」를 개최합니다.,창업,민간,전국,"일반기업,1인 창조기업","기업,초기창업기업","만 20세 미만,만 20세 이상 ~ 만 39세 이하,만 40세 이상",,,"- 기업 인증 활용하여 정부지원사업 가점 및 세제 혜택을 받고져 인증을 준비하는 스타트업 및 중소기업
- 초기 투자 유치를 위한 전략과 투자연계 가능성 진단을 받고져 하는 스타트업 및 중소기업
- 국내 특허 보유(출원, 등록, 전용실시권) 또는 국내 특허 신규 취득 계획이 있는 스타트업 및 중소기업",,"1년미만,2년미만,3년미만,5년미만,7년미만,10년미만",사업화,20260513,20260516,,,온라인 접수: https://forms.gle/zyZ1nt4Mr1UUzXig8,https://www.k-startup.go.kr/web/contents/bizpbanc-deadline.do?schM=view&pbancSn=177644,main,primary,특허활용투자유치전략세미나,민간,20260513~20260516,사업화,사업화
kst,177643,레이저커팅기 장비교육,레이저커팅기 장비교육에 관심잇는분들께서는 많은 신청바랍니다,창업,교육기관,전국,"청소년,대학생,일반인,대학,연구기관,일반기업,1인 창조기업","기업,누구나,예비창업자,청년,초기창업기업","만 20세 미만,만 20세 이상 ~ 만 39세 이하,만 40세 이상",,,예비창업자 및 7년 이내 초기창업자,,"예비창업자,1년미만,2년미만,3년미만,5년미만,7년미만,10년미만",창업교육,20260518,20260521,,,이메일 접수: 공고문 확인 필요,https://www.k-startup.go.kr/web/contents/bizpbanc-deadline.do?schM=view&pbancSn=177643,main,primary,레이저커팅기장비교육,교육기관,20260518~20260521,창업교육,창업교육
kst,177642,2026년 소모성자재 납품 중소기업 지원사업,소모성자재(MRO) 납품 중소기업의 신규 판로 개척 및 역량 강화 지원을 위한 「2026년 소모성자재(MRO) 납품 중소기업 구매상담회」 참여기업을 다음과 같이 모집하오니 많은 참여를 바랍니다.,행사/네트워크,공공기관,충청북도,"일반기업,1인 창조기업","기업,중소기업,초기창업기업","만 20세 미만,만 20세 이상 ~ 만 39세 이하,만 40세 이상",,,"중기업,소기업,소상공인
* 「판로지원법」 제2조제6호에 따른 중소 소모성자재 납품업체
** 사무용품, 공구류, 건설자재, 통신, 보안 등 17개 제품군(붙임 참조)",,"예비창업자,1년미만,2년미만,3년미만,5년미만,7년미만,10년미만",행사ㆍ네트워크,20260415,20260531,,,온라인 접수: https://fanfandaero.kr/portal/v2/preSprtBizPbancDetail.do?sprtBizCd=202618010100&sprtBizTrgtYn=N&groupNo=,https://www.k-startup.go.kr/web/contents/bizpbanc-ongoing.do?schM=view&pbancSn=177642,main,primary,2026년소모성자재납품중소기업지원사업,공공기관,20260415~20260531,행사ㆍ네트워크,행사ㆍ네트워크
kst,177639,[서울과학기술대학교]3D프린터 장비교육 (야간),3d프린터 장비교육에 관심있는분들은 많은 신청 바랍니다,창업,교육기관,서울특별시,"청소년,대학생,일반인,대학,연구기관,일반기업,1인 창조기업","기업,누구나,예비창업자,청년,초기창업기업","만 20세 미만,만 20세 이상 ~ 만 39세 이하,만 40세 이상",,,"7년이내 초기창업자, 예비창업",,"예비창업자,1년미만,2년미만,3년미만,5년미만,7년미만,10년미만",창업교육,20260513,20260515,,,이메일 접수: 공고문 확인 필요,https://www.k-startup.go.kr/web/contents/bizpbanc-deadline.do?schM=view&pbancSn=177639,main,primary,서울과학기술대학교3d프린터장비교육야간,교육기관,20260513~20260515,창업교육,창업교육
kst,177638,전국 대학(원)생 공공데이터 활용 창업 경진대회 개최,"한국조폐공사와 경북대학교는 함께 우수 창업 아이디어 발굴 및 공공데이터 활용 활성화를 위한 「전국 대학(원)생 공공데이터 활용 창업 경진대회」를 다음과 같이 개최하니, 전국 대학(원)생 여러분의 많은 관심과 참여 바랍니다.",행사/네트워크,공공기관,전국,"대학생,대학","누구나,청년","만 20세 미만,만 20세 이상 ~ 만 39세 이하",,,전국 대학(원)생 누구나 참가 가능(1인 ~ 최대 6인),,"예비창업자,1년미만,2년미만,3년미만,5년미만,7년미만,10년미만",행사ㆍ네트워크,20260513,20260608,,,이메일 접수: 공고문 확인 필요,https://www.k-startup.go.kr/web/contents/bizpbanc-ongoing.do?schM=view&pbancSn=177638,main,primary,전국대학원생공공데이터활용창업경진대회개최,공공기관,20260513~20260608,행사ㆍ네트워크,행사ㆍ네트워크
kst,177637,2026년 중소기업 MD 상담회 참가자 모집 공고,용인시산업진흥원에서는 용인시 중소기업·소상공인·예비창업자의 온라인 판로 역량 강화를 위한 MD 상담회 참가자를 다음과 같이 모집하오니 많은 관심과 신청 바랍니다.,교육/멘토링,공공기관,경기도,"청소년,대학생,일반인,대학,연구기관,일반기업,1인 창조기업","기업,누구나,예비창업자,중소기업,청년,초기창업기업","만 20세 미만,만 20세 이상 ~ 만 39세 이하,만 40세 이상",,,"용인 소재 본사 또는 공장이 있는 중소기업
  ※ 온라인마케팅 교육은 예비창업자도 신청가능

- 지방세  및 국세 납입 체납기업
- 부도 또는 휴폐업 기업
- 프렌차이즈 기업 
- 이외 진흥원에서 신청자격 등에 적합하지 않다고 판단되는 경우 제외됨",,"예비창업자,1년미만,2년미만,3년미만,5년미만,7년미만,10년미만",멘토링ㆍ컨설팅ㆍ교육,20260511,20260602,,,온라인 접수: https://ybs.ypa.or.kr/poratlAppFormDtl.do?regNo=RGS_0000000000000591,https://www.k-startup.go.kr/web/contents/bizpbanc-ongoing.do?schM=view&pbancSn=177637,main,primary,2026년중소기업md상담회참가자모집공고,공공기관,20260511~20260602,멘토링ㆍ컨설팅ㆍ교육,멘토링ㆍ컨설팅ㆍ교육
kst,177636,제3회 원주권 스타트업 커뮤니티 데이,"상지대학교 벤처창업본부에서는 (예비)창업기업의 네트워크 형성을 통한 사업화 촉진을 돕기 위해
「 제3회 원주권 스타트업 커뮤니티 데이 참가자 모집 」을 개최합니다.
많은 관심과 참여 바랍니다.",행사/네트워크,교육기관,강원특별자치도,"청소년,대학생,일반인,대학,연구기관,일반기업,1인 창조기업","기업,누구나,스타트업,청년,초기창업기업","만 20세 미만,만 20세 이상 ~ 만 39세 이하,만 40세 이상",,,창업에 관심있는 누구나,,"예비창업자,1년미만,2년미만,3년미만,5년미만,7년미만,10년미만",행사ㆍ네트워크,20260514,20260518,,,온라인 접수: https://forms.gle/Brg6MoxSf1nmpzmV6,https://www.k-startup.go.kr/web/contents/bizpbanc-deadline.do?schM=view&pbancSn=177636,main,primary,제3회원주권스타트업커뮤니티데이,교육기관,20260514~20260518,행사ㆍ네트워크,행사ㆍ네트워크
kst,177635,2026년 제7회 환경분야 청년창업 지원사업,한국환경공단·NH농협은행과 한국생산성본부는 환경분야 청년 창업기업을 발굴하여 혁신성장을 지원하고자 아래와 같이 참여기업을 모집하오니 많은 관심과 참여 바랍니다.,창업,교육기관,전국,일반기업,"기업,청년",만 20세 이상 ~ 만 39세 이하,20,39,"① 「청년기본법」 에 따른 청년에 해당하는 자(만 19세~만 39세) 
② 「중소기업기본법」 제2조에 따른 중소기업이면서, 「중소기업창업 지원법」 제2조에 따른 창업기업(창업 7년 이내)",,7년미만,사업화,20260513,20260527,,,이메일 접수: 공고문 확인 필요,https://www.k-startup.go.kr/web/contents/bizpbanc-ongoing.do?schM=view&pbancSn=177635,main,primary,2026년제7회환경분야청년창업지원사업,교육기관,20260513~20260527,사업화,사업화
kst,177634,[킹고스프링] KINGO LIPS SPRINGBOARD PROGRAM 2기 모집공고,"직접투자 및 LIPS 프로그램 지원이 필요한 F&B, 뷰티, 소비재 등 5년 이내 기업가형 소상공인 분들의 많은 지원을 부탁드립니다.",창업,민간,전국,"일반기업,1인 창조기업","기업,초기창업기업","만 20세 이상 ~ 만 39세 이하,만 40세 이상",,,"F&B, 뷰티, 소비재 등 5년 이내 기업가형 소상공인

소상공인 확인서 미보유, 5년 초과 소상공인, 타 중복사업 참여자",,"2년미만,3년미만,5년미만",사업화,20260513,20260522,,,온라인 접수: https://zrr.kr/L6Xn6l,https://www.k-startup.go.kr/web/contents/bizpbanc-deadline.do?schM=view&pbancSn=177634,main,primary,킹고스프링kingolipsspringboardprogram2기모집공고,민간,20260513~20260522,사업화,사업화
kst,177633,dcamp Startup OI Kyoto #Deeptech,"글로벌 전자부품 선도기업 무라타와 기술 피칭 및 사업화 연계를 추진할 딥테크 스타트업을 찾습니다?
‘무라타제작소’ 본사 엔지니어 및 ‘한국무라타전자’ 신사업팀을 대상으로 우리 기술의 적용 가능성과 사업화 방향을 제안할 수 있는 기회!
?글로벌 확장의 벽을 넘어설 확실한 솔루션 디캠프 'Startup OI Kyoto'에 주목하세요!
기술의 잠재력은 충분하지만 글로벌 기업의 실제 사업 현장에 적용할 기회를 찾지 못해 고민하고 계신가요?
'Startup OI #Kyoto'는 디캠프와 한국무라타전자가 함께 운영하는 오픈 이노베이션 기반 해외 진출 프로그램입니다.
기술 검증 후의 다음 단계, 글로벌 기업과의 실제 협업 가능성을 만들고 싶은 팀이라면 디캠프 Startup OI Kyoto #Deeptech에 지원하세요.",판로/수출,민간,전국,일반기업,기업,"만 20세 미만,만 20세 이상 ~ 만 39세 이하,만 40세 이상",,,"글로벌 진출을 본격적으로 검토하고 있는 Seed ~ Series B 스타트업
✔️ 분야: ① 헬스케어 ② 모빌리티/로보틱스 ③ 반도체
✔️ PoC 경험이 있거나 시연 가능한 디바이스 데모를 보유한 팀
✔️ 영어 발표가 가능하거나 준비 의지가 있는 팀",,"1년미만,2년미만,3년미만,5년미만,7년미만,10년미만",판로ㆍ해외진출,20260513,20260612,,,온라인 접수: https://bit.ly/4u7aa3S,https://www.k-startup.go.kr/web/contents/bizpbanc-ongoing.do?schM=view&pbancSn=177633,main,primary,dcampstartupoikyotodeeptech,민간,20260513~20260612,판로ㆍ해외진출,판로ㆍ해외진출
kst,177632,투자유치 역량강화 지원사업,군포산업진흥원에서는 관내 유망 창업기업을 대상으로 투자유치를 위한 전문 진단 프로그램을 지원하여 실질적 투자 활성화를 도모하고자 「2026년 투자유치 역량강화 지원사업」을 다음과 같이 공고하오니 많은 관심과 신청 바랍니다.,교육/멘토링,공공기관,전국,"대학생,일반인,일반기업,1인 창조기업","기업,누구나,청년,초기창업기업","만 20세 미만,만 20세 이상 ~ 만 39세 이하,만 40세 이상",,,"관내 및 관외 유망 창업기업(7년 미만)
※ 관외 창업기업은 선정 후 1개월 이내 관내 사업자등록 필수

- 중소기업창업 지원법 시행령 제4조에 해당되는 업종
- 국세, 지방세 체납기업
- 금융기간으로부터 불량거래자로 규제 중이거나, 휴·폐업 중인 기업
- 신청일 현재 국가 연구개발 사업에 참여제한 조치중인 기업
- 사업기간 내 사업자등록증상의 소재지가 군포시 관외로 이전 기업
- 기타 제출 자료의 허위 기재 또는 지원이 합당하지 못하다고 인정되는 기업
- 지원대상으로 선정되어도 상기 결격사유가 확인될 시 지원 취소",,7년미만,멘토링ㆍ컨설팅ㆍ교육,20260512,20260529,,,"온라인 접수: https://bit.ly/workwithgpipa
이메일 접수: 공고문 확인 필요",https://www.k-startup.go.kr/web/contents/bizpbanc-ongoing.do?schM=view&pbancSn=177632,main,primary,투자유치역량강화지원사업,공공기관,20260512~20260529,멘토링ㆍ컨설팅ㆍ교육,멘토링ㆍ컨설팅ㆍ교육
kst,177631,2026년 팁스(TIPS) 오프라인 사업설명회,"2026년 팁스(TIPS) 창업기업 지원계획 통합 공고와 관련하여 사업 참여를 희망하는 (예비)창업기업 대상 오프라인 사업설명회 및 1:1 매칭 상담회를 개최하오니
팁스 참여를 희망하는 분들의 많은 관심과 참여를 바랍니다.",기술,민간,전국,일반기업,기업,"만 20세 미만,만 20세 이상 ~ 만 39세 이하,만 40세 이상",,,팁스 참여를 희망하는 (예비)창업기업,,"예비창업자,1년미만,2년미만,3년미만,5년미만,7년미만,10년미만",기술개발(R&amp;D),20260511,20260522,,,"온라인 접수: https://portal.kbaa.or.kr/tips/briefing/2026
기타 접수: 사업설명회는 자유롭게 참석이 가능하며, 팁스 운영사와의 1:1 매칭 상담회 희망 시 URL을 통한 신청 접수 필요",https://www.k-startup.go.kr/web/contents/bizpbanc-deadline.do?schM=view&pbancSn=177631,main,primary,2026년팁스tips오프라인사업설명회,민간,20260511~20260522,기술개발(R&D),기술개발(R&D)
kst,177630,디캠프 배치 8기 모집,"디캠프 배치를 통해 도약할 딥테크 스타트업을 찾습니다.
디캠프 배치는 초기 스타트업을 위한 12개월 Scale up 프로그램입니다.
디캠프의 노하우가 담긴 배치 시스템을 기반으로, 업계 최고의 전문가 군단이 맞춤형 성장 로드맵을 설계하고 성공으로 안내합니다.",교육/멘토링,민간,전국,"일반기업,1인 창조기업","기업,초기창업기업","만 20세 미만,만 20세 이상 ~ 만 39세 이하,만 40세 이상",,,"Pre-value  100억원 ~ 300억원 내외, 제조 또는 기술 기반 딥테크 분야 스타트업
▪️ 우리 기술의 시장 검증과 사업화 전략이 필요한 팀
▪️ 투자 유치와 후속 성장의 다음 단계를 준비하는 팀
▪️ 대·중견기업, 공공기관과의 협업 기회를 넓히고 싶은 팀
▪️ 글로벌 진출을 본격적으로 검토하고 있는 팀

단순 애플리케이션 개발 및 서비스 분야 제외",,"예비창업자,1년미만,2년미만,3년미만,5년미만,7년미만,10년미만",멘토링ㆍ컨설팅ㆍ교육,20260513,20260611,,,온라인 접수: https://bit.ly/4wp5hEE,https://www.k-startup.go.kr/web/contents/bizpbanc-ongoing.do?schM=view&pbancSn=177630,main,primary,디캠프배치8기모집,민간,20260513~20260611,멘토링ㆍ컨설팅ㆍ교육,멘토링ㆍ컨설팅ㆍ교육
kst,177629,(수학없이 배우는) 머신러닝 이론과 실습 교육생 모집,"(수학없이 배우는) 머신러닝 이론과 실습 교육생 모집을 다음과 같이 공고하오니, 부울경 지역 내 대상자분들의 많은 관심과 참여 바랍니다.",창업,공공기관,부산광역시,"청소년,대학생,일반인,대학,연구기관,일반기업,1인 창조기업","기업,누구나,청년,초기창업기업","만 20세 미만,만 20세 이상 ~ 만 39세 이하,만 40세 이상",,,"▶ 교육대상 : 비전공자, 구직자, 재직자",,"예비창업자,1년미만,2년미만,3년미만,5년미만,7년미만,10년미만",창업교육,20260512,20260712,,,"온라인 접수: https://www.baeulang.kr/bbs/board.php?bo_table=BlockChain&wr_id=65
기타 접수: AI배울랑교 접속 및 회원가입 후, 해당 교육과정 신청",https://www.k-startup.go.kr/web/contents/bizpbanc-ongoing.do?schM=view&pbancSn=177629,main,primary,수학없이배우는머신러닝이론과실습교육생모집,공공기관,20260512~20260712,창업교육,창업교육
kst,177628,맞춤형 예비창업가 발굴·육성,"지역 내 창업기업을 대상으로 엑셀러레이팅 프로그램 및 기업 수요 기반 맞춤형 성장 컨설팅을 지원하고자, 전문성과 경험을 갖춘 전단 멘토단을 다음과 같이 모집하오니 많은 관심과 참여바랍니다.",창업,공공기관,전국,"일반인,1인 창조기업","누구나,예비창업자,초기창업기업","만 20세 이상 ~ 만 39세 이하,만 40세 이상",,,"- 전담멘토(엑셀러레이팅) ACㆍVC 투자심사역 등 관련 분야 3년 이상 경력자 또는 투자 검토 및 기업 컨설팅 가능 전문가 또는  대기업 O.I 금융기관 등 투자 관련 실무자
-  전담멘토(컨시어지) 관련 분야 5년 이상 경력자 또는 기술사, 경영지도사 등 자격 보유자 또는 멘토링 경력 3년 이상 또는 창업경험 보유자

- 금치산자 및 한정치산자 또는 파산선고를 받은 자로서 복권되지 아니한 자
- 금고 이상의 형을 받고 그 집행이 종료되거나 형을 받지 아니하기로 확정된 후 2년이 경과되지 아니한 자
- 국가연구개발사업 참여제한 제재를 받고 있는 자
- 기타 총괄기관의 장이 적합하지 않다고 인정하는 자
- 이력사항을 허위로 기록한 자 또는 불성실/불공정 평가경력이 있는 자 등 활동에 적합하지 않다고 판단되는 자",,"예비창업자,1년미만,2년미만,3년미만,5년미만,7년미만,10년미만",사업화,20260504,20260522,,,이메일 접수: 공고문 확인 필요,https://www.k-startup.go.kr/web/contents/bizpbanc-deadline.do?schM=view&pbancSn=177628,main,primary,맞춤형예비창업가발굴육성,공공기관,20260504~20260522,사업화,사업화
kst,177627,2026-5회 호남권 엔젤투자 피칭룸 in 광주/전남 참가기업 모집 안내,『호남권 엔젤투자 피칭룸』은 한국엔젤투자협회에서 호남권 소재(광주·전남·전북·제주)의 스타트업의 투자유치 연계를 지원하는 투자 상담 프로그램입니다. 투자유치에 관심있으신 호남권 소재 스타트업 대표과 예비창업자분들의 많은 관심과 참여 부탁드립니다.,교육/멘토링,공공기관,광주광역시,"청소년,대학생,일반인,대학,연구기관,일반기업,1인 창조기업","기업,누구나,예비창업자,청년,초기창업기업","만 20세 미만,만 20세 이상 ~ 만 39세 이하,만 40세 이상",,,"창업 7년 이내 광주/전남 소재 스타트업 및 예비창업자
* 전북, 제주 별도 운영 예정",,"예비창업자,1년미만,2년미만,3년미만,5년미만,7년미만",멘토링ㆍ컨설팅ㆍ교육,20260512,20260521,,,온라인 접수: http://bit.ly/3XSJDch,https://www.k-startup.go.kr/web/contents/bizpbanc-deadline.do?schM=view&pbancSn=177627,main,primary,20265회호남권엔젤투자피칭룸in광주전남참가기업모집안내,공공기관,20260512~20260521,멘토링ㆍ컨설팅ㆍ교육,멘토링ㆍ컨설팅ㆍ교육
kst,177626,2026년 K-푸드 창업사관학교(초기창업) 참여기업 추가 모집 공고,"식품분야 혁신창업자를 발굴하고 시제품제작, 사업화를 지원하는 2026년 K-푸드 창업사관학교에 참여할 참여기업을 다음과 같이 모집합니다.",창업,공공기관,전국,"대학생,일반인,일반기업,1인 창조기업","기업,누구나,청년,초기창업기업",만 20세 이상 ~ 만 39세 이하,20,39,"식품분야 초기 창업자

◆ 국가식품클러스터 산업단지 입주 불가업종 ex) 펫푸드, 단순소분, 플랫폼(IT)
◆ 신청자격 조건을 충족하지 못하거나 필수제출 서류를 허위기재·누락한 경우
◆ 동일 과제(시제품)로 유관기관 창업지원사업을 수행중인 자
◆ 타인의 지적재산권을 침해하였거나 침해할 우려가 있는 아이템
◆ 선정 후 지원금에 대한 이행보증보험증권 발급이 불가능한 자
◆ 기타 개별 사업에서 ‘참여제한’ 또는 ‘지원제외’ 사항 등에 해당하는 경우
◆ 지원사업에 참여하는 대표자가 국세 지방세 체납 중이거나 금융기관 등의 채무불이행 상태인 경우
* 서류심사 개시 전까지 해소하거나 체납처분 유예를 받은 경우에는 예외

기타사항은 본문 참고",,7년미만,사업화,20260511,20260522,,,이메일 접수: 공고문 확인 필요,https://www.k-startup.go.kr/web/contents/bizpbanc-deadline.do?schM=view&pbancSn=177626,main,primary,2026년k푸드창업사관학교초기창업참여기업추가모집공고,공공기관,20260511~20260522,사업화,사업화
kst,177625,「2026년 전북특구 이노폴리스 캠퍼스 액셀러레이팅 배치프로그램 1기」창업기업 및 예비창업자 모집,우수한 기술창업아이템을 보유하고 있는 전북특구 내 창업기업 및 예비창업자의 역량 강화 및 투자유치 지원을 위한「2026년 전북특구 이노폴리스 캠퍼스(액셀러레이팅 지원) 사업」배치프로그램 1기 참여기업 모집을 다음과 같이 공고합니다.,교육/멘토링,민간,전북특별자치도,"대학생,일반인,연구기관,일반기업,1인 창조기업","기업,누구나,예비창업자,청년,초기창업기업","만 20세 이상 ~ 만 39세 이하,만 40세 이상",,,"전북연구개발특구 지역특화 분야*를 포함한 모든 창업 기업 또는 예비창업자(팀) 
*지역특화 분야 : 농생명바이오, 융·복합 소재부품",,"예비창업자,1년미만,2년미만,3년미만,5년미만,7년미만,10년미만",멘토링ㆍ컨설팅ㆍ교육,20260511,20260531,,,온라인 접수: https://forms.gle/8QXFfCQf3cJKCg3cA,https://www.k-startup.go.kr/web/contents/bizpbanc-ongoing.do?schM=view&pbancSn=177625,main,primary,2026년전북특구이노폴리스캠퍼스액셀러레이팅배치프로그램1기창업기업및예비창업자모집,민간,20260511~20260531,멘토링ㆍ컨설팅ㆍ교육,멘토링ㆍ컨설팅ㆍ교육
kst,177623,"『SBA X DUP 스몰캡 M&A 인수창업 설명회』예비 서처(Searcher, 매수희망 스타트업/예비 경영자) 모집","당신의 인수창업 파트너, 주식회사 디유파트너스 입니다.
인수창업(ETA, Entrepreneurship Through Acquisition)을 들어보셨나요?
미국의 아이비리그 대학생들은 그냥 창업하지 않습니다.
이미 창업된 회사를 인수해 전략적 창업을 합니다.
'엑시트(Exit)'의 M&A가 아닌, '진입(Entry)'의 M&A.
더 이상 큰 기업만의 전략이 아닙니다. 스타트업도 할 수 있습니다.
스몰캡 M&A를 통한 판로개척 전략이 궁금하신 분들의 많은 참여 바랍니다.",교육/멘토링,민간,전국,"청소년,대학생,일반인,대학,연구기관,일반기업,1인 창조기업","기업,누구나,스타트업,청년,초기창업기업","만 20세 미만,만 20세 이상 ~ 만 39세 이하,만 40세 이상",,,"스타트업 대표님들 또는 예비 창업자로, 인수창업에 관심 있는 누구나",,"예비창업자,1년미만,2년미만,3년미만,5년미만,7년미만,10년미만",멘토링ㆍ컨설팅ㆍ교육,20260512,20260518,,,온라인 접수: https://forms.gle/XShTQSu5zNmzYaU87,https://www.k-startup.go.kr/web/contents/bizpbanc-deadline.do?schM=view&pbancSn=177623,main,primary,sbaxdup스몰캡ma인수창업설명회예비서처searcher매수희망스타트업예비경영자모집,민간,20260512~20260518,멘토링ㆍ컨설팅ㆍ교육,멘토링ㆍ컨설팅ㆍ교육
kst,177622,2026년 경기도 공공데이터·AI 활용 창업경진대회,"경기도와 경기도경제과학진흥원은 공공데이터와 AI기술 이용을 활성화하고, 창업 생태계 선순환 환경을 조성하고자 아래와 같이 “경기도 공공데이터·AI 활용 창업경진대회”를 개최하오니 많은 관심과 참여를 바랍니다.",행사/네트워크,공공기관,경기도,"청소년,대학생,일반인,대학,연구기관,일반기업,1인 창조기업","기업,누구나,청년,초기창업기업","만 20세 미만,만 20세 이상 ~ 만 39세 이하,만 40세 이상",,,대한민국 국민 누구나,,"예비창업자,1년미만,2년미만,3년미만,5년미만,7년미만,10년미만",행사ㆍ네트워크,20260504,20260529,,,온라인 접수: https://egbiz.or.kr/pd/53954.do,https://www.k-startup.go.kr/web/contents/bizpbanc-ongoing.do?schM=view&pbancSn=177622,main,primary,2026년경기도공공데이터ai활용창업경진대회,공공기관,20260504~20260529,행사ㆍ네트워크,행사ㆍ네트워크
kst,177621,[현대차정몽구재단] CMK 캠퍼스프러너 1기 모집,현대차 정몽구 재단은 지역 문제를 창업으로 해결하고자 하는 대학생 임팩트 예비창업가를 지원하는 를 모집하고 있습니다. 많은 관심과 참여 바랍니다.,교육/멘토링,민간,전국,대학생,청년,"만 20세 미만,만 20세 이상 ~ 만 39세 이하",,,"국내 대학교 재학생 / 휴학생 / 2025년도 졸업생

*해외 대학 재학생, 기창업자 지원 불가",,예비창업자,멘토링ㆍ컨설팅ㆍ교육,20260511,20260527,,,온라인 접수: https://www.cmk-impactpreneur.kr/Campuspreneur,https://www.k-startup.go.kr/web/contents/bizpbanc-ongoing.do?schM=view&pbancSn=177621,main,primary,현대차정몽구재단cmk캠퍼스프러너1기모집,민간,20260511~20260527,멘토링ㆍ컨설팅ㆍ교육,멘토링ㆍ컨설팅ㆍ교육
kst,177620,교육) PBL기반 스마트헬스케어 (예비)스타트업 육성과정 추가모집,부산진여성새로일하기센터에서 전액 국비지원 직업교육훈련 창업과정『PBL기반 스마트헬스케어 (예비) 스타트업 육성과정』 훈련생을 추가모집하오니 관심 있는 분들의 많은 참여 부탁드립니다.,교육/멘토링,민간,부산광역시,"일반인,1인 창조기업","누구나,스타트업,초기창업기업",만 20세 이상 ~ 만 39세 이하,20,39,"◦ 전공무관, 헬스케어분야 창업에 관심 있는 여성(예비)창업가
◦ 의료 및 보건과학계열 전공자 및 관련 경력보유 여성우대
◦ 창업 경력있는 여성 우대

◦ 남성 지원 불가
※ ​ ​​​​​​자영업자 연간 매출액 1억5천만원 미만, 노무제공자는(구,특수형태근로종사자) 연간 매출액 4천8백만원 미만 참여 가능",,"예비창업자,1년미만,2년미만,3년미만,5년미만,7년미만,10년미만",멘토링ㆍ컨설팅ㆍ교육,20260512,20260525,,,"온라인 접수: https://forms.gle/DqQmpvmuaVWeZzTM8
방문 접수: 부산진여성인력개발센터(부산시 부산진구 부전로 94 영동프라자 2층)
기타 접수: 전 화 : 051-807-7945",https://www.k-startup.go.kr/web/contents/bizpbanc-deadline.do?schM=view&pbancSn=177620,main,primary,교육pbl기반스마트헬스케어예비스타트업육성과정추가모집,민간,20260512~20260525,멘토링ㆍ컨설팅ㆍ교육,멘토링ㆍ컨설팅ㆍ교육
kst,177619,울산창업 L 시리즈,"울산과학기술원에서는 울산 지역 중심의 혁신창업기반을 구축하고, 창업문화 조성, 딥테크 유망기술 창업, 후속연계 집중 지원을 통한 지역발 딥테크 창업활성화를 위한「2026년 울산 창업 L시리즈(Learn)」사업에 참여할 예비창업자 및 창업기업을 다음과 같이 모집공고 합니다.",창업,교육기관,울산광역시,일반기업,"기업,예비창업자","만 20세 미만,만 20세 이상 ~ 만 39세 이하,만 40세 이상",,,"울산소재 창업(예정)자, 창업 7년 이내 창업기업 등
※ 예비창업자로 울산에서 창업을 희망하여 사업자 등록을 할 예정인 자
※ 협약기간내 본사 소재지를 울산으로 이전 가능한 창업 7년 이내 기업 포함
※ 공고문을 통해 세부사업별 신청자격 확인",,"예비창업자,7년미만",사업화,20260512,20260525,,,"온라인 접수: https://industry.unist.ac.kr/2026%eb%85%84-%ec%9a%b8%ec%82%b0-%ec%b0%bd%ec%97%85-llearn-%ec%8b%9c%eb%a6%ac%ec%a6%88%ec%97%b0%ea%b5%ac-%eb%aa%a8%ec%a7%912%ec%b0%a8-%ec%97%b0%ec%9e%a5-%ea%b3%b5%ea%b3%a0/
이메일 접수: 공고문 확인 필요",https://www.k-startup.go.kr/web/contents/bizpbanc-deadline.do?schM=view&pbancSn=177619,main,primary,울산창업l시리즈,교육기관,20260512~20260525,사업화,사업화
kst,177618,「2026년 AI·PoC 분야 상생형 창업·벤처기업 지원사업」 참여기업 모집 공고,LH와 한국표준협회는 AI 분야 창업 벤처기업 역량을 제고하고 공동주택 AI 설계검증시스템 구축을 위한 민관 협업 PoC를 추진코자 다음과 같이 창업·벤처기업 지원사업을 모집 공고하오니 많은 참여 바랍니다.,창업,민간,전국,"청소년,대학생,일반인,대학,연구기관,일반기업,1인 창조기업","기업,누구나,청년,초기창업기업","만 20세 미만,만 20세 이상 ~ 만 39세 이하,만 40세 이상",,,"1) 7년이내 창업기업
2) 벤처인증기업(업력 무관)",,"1년미만,2년미만,3년미만,5년미만,7년미만,10년미만",사업화,20260508,20260605,,,"기타 접수: 구글폼 신청
https://forms.gle/CNQGB1k2BFoefJbr8",https://www.k-startup.go.kr/web/contents/bizpbanc-ongoing.do?schM=view&pbancSn=177618,main,primary,2026년aipoc분야상생형창업벤처기업지원사업참여기업모집공고,민간,20260508~20260605,사업화,사업화
kst,177617,마포청년창업취업지원센터 나루 2026,"[창업] 실전 마케팅 부트캠프를 진행하오니, 많은 관심과 지원 부탁드립니다.",창업,공공기관,서울특별시,"대학생,일반인,대학,연구기관,일반기업,1인 창조기업","기업,누구나,청년,초기창업기업",만 20세 이상 ~ 만 39세 이하,20,39,마케팅에 고민을 겪는 예비 및 초기 청년 창업가,,"예비창업자,1년미만,2년미만,3년미만",창업교육,20260512,20260526,,,온라인 접수: https://www.naroo.or.kr/bbs/content.php?co_id=program_view&np_seq=1266,https://www.k-startup.go.kr/web/contents/bizpbanc-deadline.do?schM=view&pbancSn=177617,main,primary,마포청년창업취업지원센터나루2026,공공기관,20260512~20260526,창업교육,창업교육
kst,177616,InBodyLIKE (헬스케어/라이프스타일 분야 오픈이노베이션 프로그램 모집 공고),"Strategic Fit. Trusted Growth
InBody와 블루포인트가 함께 지원하는 액셀러레이팅 프로그램 InBodyLIKE에 참여할, 헬스케어/라이프스타일 분야 스타트업을 찾습니다.
InBodyLIKE는 InBody의 정밀 측정 기술력과 방대한 신체 데이터에 기반한 정확도(Precision), 
그리고 스타트업의 유연한 민첩성(Agility)을 결합해 헬스케어 산업의 새로운 혁신을 만들어가는 오픈이노베이션 프로그램입니다.
선발된 스타트업은 약 4개월간 진행되는 액셀러레이팅 프로그램에 참여하며, 인바디 인프라를 활용한 PoC(Proof of Concept) 기회와 전문가 멘토링을 지원받습니다.
또한, 블루포인트의 PMF(Product-Market Fit) 및 GTM(Go-To-Market) 중심의 사업화 멘토링을 비롯해, 
인바디•블루포인트 네트워크 연계, 투자 검토 기회 등 실질적인 성장 지원이 제공됩니다.
이 외에도 네이버클라우드, Claude AI, 서울창업허브, 서울바이오허브 등 다양한 파트너사의 크레딧 및 지원 혜택이 함께 제공될 예정입니다.",창업,민간,전국,"대학생,일반인,대학,연구기관,일반기업","기업,누구나,청년","만 20세 미만,만 20세 이상 ~ 만 39세 이하,만 40세 이상",,,"헬스케어/라이프스타일 기술, 서비스 및 제품을 보유한 예비•초기 창업팀
- 사업 추진 및 확장을 위해 인바디와 협업을 희망하는 팀
- 블루포인트의 액셀러레이팅을 통해 성장하고자 하는 팀
- 시제품 제작 및 서비스 출시를 위해 투자 유치가 필요한 팀
- 보유한 기술을 실제 환경에서 검증해보고 싶은 팀",,"예비창업자,1년미만,2년미만,3년미만,5년미만,7년미만",사업화,20260511,20260612,,,온라인 접수: https://inbodylike.com/?utm_source=k_startup&utm_medium=organic&utm_campaign=bluepoint_inbody&utm_content=notice,https://www.k-startup.go.kr/web/contents/bizpbanc-ongoing.do?schM=view&pbancSn=177616,main,primary,inbodylike헬스케어라이프스타일분야오픈이노베이션프로그램모집공고,민간,20260511~20260612,사업화,사업화
kst,177615,BOUNCE PIE 배치 프로그램 6기 기업 모집 공고,"(재)부산창조경제혁신센터에서 유망 스타트업의 투자 유치 및 성장을 지원 하는 BOUNCE PIE(Potential Investment for Early-stage startup) 배치 프로그램에 참여할 스타트업을 모집하오니, 성공적인 투자 라운드 진입을 희망하는 스타트업의 많은 관심과 참여 바랍니다.",창업,공공기관,전국,"일반기업,1인 창조기업","기업,초기창업기업","만 20세 미만,만 20세 이상 ~ 만 39세 이하,만 40세 이상",,,"전국 소재 설립 7년 이내 창업기업

신청일 기준 휴‧폐업 중인 자(기업)
금융기관 등으로부터 채무불이행 중인 자(기업)
국세 또는 지방세 체납 중인 자(기업)
고용노동부가 공개하는 임금 체불사업주 명단에 포함된 자(기업)
중소기업창업지원법 시행령 제4조에 따른 창업에서 제외되는 업종(별첨4) 및기타 중소벤처기업부 장관이 참여를 제한할 정당한 사유가 있다고 인정하는 자(기업)",,7년미만,사업화,20260512,20260603,,,온라인 접수: https://www.bcceiinv.com/BOUNCEPIE,https://www.k-startup.go.kr/web/contents/bizpbanc-ongoing.do?schM=view&pbancSn=177615,main,primary,bouncepie배치프로그램6기기업모집공고,공공기관,20260512~20260603,사업화,사업화
kst,177614,국내기업 글로벌 성장자본 유치지원 Invest KOREA Startup Program 참가기업 모집,"KOTRA Invest KOREA 에서는 국내기업의 외국인 투자 유치를 지원하기 위한 플랫폼으로서 Invest KOREA Startup Program(IKSP) 사업을 운영하고 있습니다. 
해외 투자유치를 희망하는 유망기업을 선정하여 KOTRA 해외무역관을 통한 홍보 및 글로벌 투자가와의 매칭 기회를 제공하는 동 사업에 많은 관심 바랍니다.",교육/멘토링,공공기관,전국,"일반기업,1인 창조기업","기업,초기창업기업","만 20세 미만,만 20세 이상 ~ 만 39세 이하,만 40세 이상",,,스타트업 및 혁신 기업,,"예비창업자,1년미만,2년미만,3년미만,5년미만,7년미만,10년미만",멘토링ㆍ컨설팅ㆍ교육,20260504,20260529,,,온라인 접수: http://www.investkorea.org,https://www.k-startup.go.kr/web/contents/bizpbanc-ongoing.do?schM=view&pbancSn=177614,main,primary,국내기업글로벌성장자본유치지원investkoreastartupprogram참가기업모집,공공기관,20260504~20260529,멘토링ㆍ컨설팅ㆍ교육,멘토링ㆍ컨설팅ㆍ교육
kst,177613,[KT&G 상상플래닛] 플래닛캠퍼스,"KT&G 상상플래닛 입주사 X 임팩트재단 X 월드비전이 함께 협업지점을 모색하는 네트워킹 행사입니다.
소셜벤처를 포함한 스타트업 기업 피칭이 예정되어 있으며, 월드비전과 사업 파트너십 가능성을 모색하는 네트워킹 시간도 예정되어 있습니다.
월드비전과 협업 가능한 파트는 1)국내사업 2)해외사업 3)AI·기술 혁신 4)기업사회공헌 파트이며
피칭 기업 뿐만 아니라 타 기관과의 협업 가능성도 열려있기에 해당 행사를 게재합니다.",행사/네트워크,민간,서울특별시,"일반인,대학,연구기관,일반기업,1인 창조기업","기업,누구나,예비창업자,초기창업기업","만 20세 미만,만 20세 이상 ~ 만 39세 이하,만 40세 이상",,,"- KT&G 상상플래닛, 임팩트재단, 월드비전과 네트워킹 희망하는 자 누구나
- 소셜벤처, 스타트업 대표자 또는 실무자
- 공공, 지자체 실무자
- 예비창업가",,"예비창업자,1년미만,2년미만,3년미만,5년미만,7년미만,10년미만",행사ㆍ네트워크,20260512,20260527,,,온라인 접수: https://naver.me/5WUHmmUx,https://www.k-startup.go.kr/web/contents/bizpbanc-ongoing.do?schM=view&pbancSn=177613,main,primary,ktg상상플래닛플래닛캠퍼스,민간,20260512~20260527,행사ㆍ네트워크,행사ㆍ네트워크
kst,177612,2026년 5월 전북 IR피칭 & 오피스아워 by KRYPTON 신청 접수,"크립톤에서 참여자 신청을 다음과 같이 공고합니다.
전북권 창업생태계 허브 전주에서 IR피칭 / 멘토링 / 투자검토의 오피스아워를 운영하오니
관심 있는 분들의 많은 참여 바랍니다.",교육/멘토링,민간,전북특별자치도,"청소년,대학생,일반인,대학,연구기관,일반기업,1인 창조기업","기업,누구나,청년,초기창업기업","만 20세 미만,만 20세 이상 ~ 만 39세 이하,만 40세 이상",,,전북권 소재 또는 전북권으로 이전을 희망하는 (예비)스타트업,,"예비창업자,1년미만,2년미만,3년미만,5년미만,7년미만,10년미만",멘토링ㆍ컨설팅ㆍ교육,20260512,20260517,,,온라인 접수: https://link24.kr/5UJrRpT,https://www.k-startup.go.kr/web/contents/bizpbanc-deadline.do?schM=view&pbancSn=177612,main,primary,2026년5월전북ir피칭오피스아워bykrypton신청접수,민간,20260512~20260517,멘토링ㆍ컨설팅ㆍ교육,멘토링ㆍ컨설팅ㆍ교육
kst,177610,2026년 성장 창업사업화 지원 사업 참여자 모집,"달구벌여성인력개발센터는 대구 서구 소재 영업장(사업자등록증 기준)의 3년 이내 창업기업 또는 예비 창업자 대상으로 사업화자금을 지원하여 창업기업의 정착과 성장을 지원하고,
지역 경제 활성화 도모를 위해 다음과 같이 「2026년 성장 창업사업화 지원 사업」을 시행하오니 많은 참여 바랍니다.",창업,민간,대구광역시,"일반기업,1인 창조기업","기업,초기창업기업","만 20세 이상 ~ 만 39세 이하,만 40세 이상",,,"공고일 기준 대구 서구 소재 영업장(사업자등록증 기준)의 3년 이내 창업기업 또는 예비 창업자 
※ 예비 창업자는 약정일까지 대구시 서구에 사업자등록 완료 조건

▶ 「중소기업창업 지원법 시행령」 제4조(창업에서 제외되는 업종)의 업종을 영위하고 있거나 영위하고자 하는 자(기업)
▶  신청일 기준 동 사업에 신청하는 사업자가 휴·폐업 중인 자(기업)
▶  국세 또는 지방세 체납 중이거나 금융기관 등의 채무불이행 상태인 경우
▶ 「근로기준법」에 따라 고용노동부가 공개하는 체불사업주 명단에 포함된 자(기업)
▶  사업주관기관이 지정한 은행 계좌(사업비 계좌) 개설 및 거래가 불가한 자(기업)
▶ 「보조금 관리에 관한 법률」 제 31조의2(보조사업 수행 배제 등)에 따라 수행대상에서 배제된 자(기업)
▶  타 창업지원사업에 참여 제한으로 제재 중인 자(기업)
▶  타 사업화지원사업 주관기관으로부터 발생한 환수금 등의 반환이 종결되지 않은 기업
▶  동일한 사업화 과제로 타 기관 창업지원사업을 수행중인 자(기업)
▶  기타 사업주관기관의 장이 참여를 제한할 정당한 사유가 있다고 인정하는 자(기업)",,"예비창업자,1년미만,2년미만,3년미만",사업화,20260511,20260611,,,온라인 접수: https://w-startup.daegu.go.kr/business/306,https://www.k-startup.go.kr/web/contents/bizpbanc-ongoing.do?schM=view&pbancSn=177610,main,primary,2026년성장창업사업화지원사업참여자모집,민간,20260511~20260611,사업화,사업화
kst,177609,'스타트업 오픈이노베이션 챌린지 In 부산 2026' 참여기업 모집,"(재)부산창조경제혁신센터에서는 파트너사와 함께 개방형 혁신에 기여할 유망 스타트업을 발굴하여, 
비지니스 매칭, 시장검증, 사업제휴 등의 기회를 제공하여 지속가능한동반성장 동력을 마련하기 위한
'스타트업 오픈이노베이션 챌린지 In 부산 2026' 를 다음과 같이 공고하오니 많은 신청바랍니다.",창업,공공기관,부산광역시,"청소년,대학생,일반인,대학,연구기관,일반기업,1인 창조기업","기업,누구나,스타트업,예비창업자,청년,초기창업기업","만 20세 미만,만 20세 이상 ~ 만 39세 이하,만 40세 이상",,,"부산 소재 7년 미만 스타트업

예비창업자",,7년미만,사업화,20260512,20260527,,,온라인 접수: https://zrr.kr/KyS4Ga,https://www.k-startup.go.kr/web/contents/bizpbanc-ongoing.do?schM=view&pbancSn=177609,main,primary,스타트업오픈이노베이션챌린지in부산2026참여기업모집,공공기관,20260512~20260527,사업화,사업화
kst,177608,CES 2027 관악S밸리관 참가기업 모집,"관악구 소재 우수 벤처·창업기업의 글로벌 시장 진출을 지원하고, 관악S밸리 창업 생태계 활성화 및 지역 창업 경쟁력 강화를 도모하고자 「CES 2027 관악S밸리관」 참가기업을 다음과 같이 모집하오니, 관심 있는 기업의 많은 참여 바랍니다.",판로/수출,공공기관,서울특별시,"대학생,일반인,대학,연구기관,일반기업,1인 창조기업","기업,누구나,청년,초기창업기업","만 20세 이상 ~ 만 39세 이하,만 40세 이상",,,"아래 자격요건을 모두 충족하는 관악구 소재 벤처·창업기업
  ○ (소재지) 관악구 소재(본사, 지사, 연구소 등 1곳 이상) 기업
    - 2026. 6. 30.까지 관악구에 주소 이전이 가능한 기업 신청 가능
    - CES 2027「관악S밸리관」최종 참가 기업은 2027. 1. 31.까지 관악구 주소를 유지해야 함 
  ○ (창업기간) 창업 7년 이내 기업  ※ 2019. 5. 12. ~ 2026. 5. 11. 기간 중 창업한 기업
    - 개인사업자의 경우 사업자등록증상 개업연월일, 법인의 경우 법인등기부등본상 법인설립등기일 기준으로 판단  ※「중소기업창업 지원법」 규정에 따름
  ○ (사업분야) AI, 모빌리티, 항공, 바이오, 헬스케어 등 CES 입점 기준 충족
  ○ (영문 소개자료 보유) 영문 홈페이지, 브로슈어, IR Deck, 홍보영상 등 보유
  ○ (글로벌사업 인력 보유) 글로벌사업을 담당할 수 있는 인력 보유
  ○ (Eureka Park 참가기준 충족) ※ 미국 소비자기술협회(CTA)에서 심사",,"예비창업자,1년미만,2년미만,3년미만,5년미만,7년미만",판로ㆍ해외진출,20260512,20260526,,,온라인 접수: https://www.gsva.or.kr/main/post/view.do?post_sn=1&search=UlVTRXgvS090NzV1MEZNcG96TTRxZz09,https://www.k-startup.go.kr/web/contents/bizpbanc-deadline.do?schM=view&pbancSn=177608,main,primary,ces2027관악s밸리관참가기업모집,공공기관,20260512~20260526,판로ㆍ해외진출,판로ㆍ해외진출
kst,177607,"「NextRise 2026, Seoul」 1:1 Meetup 스타트업 모집","아시아 최대규모 스타트업 페어 NextRise 2026, Seoul의 1:1 Meetup 참여 스타트업을 아래와 같이 모집합니다.",행사/네트워크,공공기관,전국,"청소년,대학생,일반인,대학,연구기관,일반기업,1인 창조기업","기업,누구나,스타트업,청년,초기창업기업","만 20세 미만,만 20세 이상 ~ 만 39세 이하,만 40세 이상",,,"국내외 대·중견기업, VC(270여개사)와 사업협력 및 투자유치 상담을 희망하는 벤처·스타트업",,"예비창업자,1년미만,2년미만,3년미만,5년미만,7년미만,10년미만",행사ㆍ네트워크,20260512,20260513,,,온라인 접수: https://www.nextrise.co.kr,https://www.k-startup.go.kr/web/contents/bizpbanc-deadline.do?schM=view&pbancSn=177607,main,primary,nextrise2026seoul11meetup스타트업모집,공공기관,20260512~20260513,행사ㆍ네트워크,행사ㆍ네트워크
kst,177606,도전창업트랙 2기 [창업실무 기초교육],"비즈니스 모델 고도화, 사업계획서 작성 등 '청년 창업 역량 강화'를 위한 맞춤형 교육입니다.",창업,지자체,서울특별시,"대학생,일반인,대학,연구기관,일반기업,1인 창조기업","기업,누구나,청년,초기창업기업",만 20세 이상 ~ 만 39세 이하,20,39,"-대상 : 청년 예비·초기창업자(1987년 이후 출생자)

1987년 이전 출생자 및 미성년자",,"예비창업자,1년미만,2년미만,3년미만,5년미만",창업교육,20260512,20260525,,,온라인 접수: https://www.checkin-gwanak.or.kr/core/?cid=58&role=programvopn&pSeq=1199&tab=,https://www.k-startup.go.kr/web/contents/bizpbanc-deadline.do?schM=view&pbancSn=177606,main,primary,도전창업트랙2기창업실무기초교육,지자체,20260512~20260525,창업교육,창업교육
kst,177605,서울창업허브 창동 운영,서울창업허브 창동에서 IR 자료 고도화가 필요한 창업기업을 대상으로 실전 피칭 역량 강화를 위한 IR 전문가 컨설팅 프로그램을 운영하오니 많은 신청 바랍니다.,시설/공간,민간,서울특별시,"대학생,일반인,일반기업,1인 창조기업","기업,누구나,청년,초기창업기업","만 20세 이상 ~ 만 39세 이하,만 40세 이상",,,"- IR 자료를 보유한 서울창업허브 창동 입주기업 또는 IR 자료 고도화를 희망하는 스타트업 등 창업기업
- 서울창업허브 창동 입주기업 또는 서울창업허브 창동 투자 특화 프로그램(IR 고도화 과정) &apos;IR 기초 교육 프로그램&apos; 1개 회차 이상 이수 기업 우선 선발",,"예비창업자,1년미만,2년미만,3년미만,5년미만,7년미만,10년미만",시설ㆍ공간ㆍ보육,20260511,20260529,,,온라인 접수: https://www.startup-plus.kr/project/PRJ006983,https://www.k-startup.go.kr/web/contents/bizpbanc-ongoing.do?schM=view&pbancSn=177605,main,primary,서울창업허브창동운영,민간,20260511~20260529,시설ㆍ공간ㆍ보육,시설ㆍ공간ㆍ보육
kst,177604,2026년 제8회 과천시 창업아이디어 경진대회,"과천지역 창업 활성화를 위하여 혁신적인 창업아이디어를 가진 창업가(팀)를 발굴하고, 창업 및 사업화 집중지원을 통해 우수기업으로 성장시키고자『제8회 과천시 창업아이디어 경진대회』의 창업자(팀) 모집을 다음과 같이 공고합니다.",창업,공공기관,전국,"청소년,대학생,일반인,대학,연구기관,일반기업,1인 창조기업","기업,누구나,예비창업자,청년,초기창업기업","만 20세 미만,만 20세 이상 ~ 만 39세 이하,만 40세 이상",,,"혁신적인 창업아이디어를 가진 예비창업자(팀) 및 설립 1년 미만 기창업자(팀)*
*공고일 기준, 설립 1년 이내(‘25. 5. 12. 이후 설립)의 사업체를 보유한 기업(개인 또는 법인) 및 예비창업자(개인 또는 팀)

▷ 과천시 창업지원센터 입주 및 관리기업으로서 지원받았거나 받는 자
   * 이전 과천시 창업아이디어 경진대회 선정기업 신청 불가능
 ▷ 금융기관 등으로부터 채무불이행으로 규제 중인 자
   * 단, 선정 후 협약 전까지 채무변제 완료 후 증빙이 가능한 자, 신용회복위원회의 프리워크아웃, 개인워크아웃 제도에서 채무조정합의서를 체결한 경우, 법원의 개인회생제도에서 변제 계획 인가를 받거나 파산면책 선고자, 회생인가를 받은 기업, 건강관리시스템 기업구조 개선 진단을 통한 정상화 의결기업 등 정부·공공기관으로부터 재기 지원 필요성을 인정받은 자는 신청 가능
 ▷ 국세 또는 지방세 체납으로 규제 중인 자
   * 단, 세금 분납 계획에 따른 성실납부자(체납처분유예신청), 선정 후 협약 전까지 국세, 지방세 등의 특수채무 변제 후 증빙이 가능한 자, 건강관리시스템 기업구조 개선 진단을 통한 정상화 의결기업 등 정부·공공기관으로부터 재기 지원 필요성을 인정받은 자는 신청(지원) 가능
 ▷ 타 중앙정부, 지자체, 공공기관의 유사한 사업을 지원받은 자
 ▷ 기타 중소벤처기업부, 경기도에서 참여 제한의 사유가 있다고 인정하는 자
※ 사업화지원팀 최종 선정자는 (국세 및 지방세) 완납 증명서, (금융기관 등) 채무불이행, 체납 규제 관련 증빙서류, 휴·폐업 사실증명원(국세청 홈택스 발급), 사업자등록증명원(국세청 홈택스 발급), 신용조회 동의서 등 제출",,"예비창업자,1년미만",사업화,20260512,20260525,,,온라인 접수: https://miniintern.com/event/3168,https://www.k-startup.go.kr/web/contents/bizpbanc-deadline.do?schM=view&pbancSn=177604,main,primary,2026년제8회과천시창업아이디어경진대회,공공기관,20260512~20260525,사업화,사업화
kst,177603,[LH한국토지주택공사] 판교제2테크노밸리 기업지원허브 업무지원시설 임대 입점기업 모집 공고,LH 한국토지주택공사 경기남부지역본부에서 판교 제2테크노밸리 기업지원허브 업무지원시설 임대 입점기업을 모집하오니 많은 관심과 참여 부탁드립니다.,시설/공간,공공기관,경기도,"일반인,대학,연구기관,일반기업,1인 창조기업","기업,누구나,초기창업기업","만 20세 미만,만 20세 이상 ~ 만 39세 이하,만 40세 이상",,,"금회 공급하는 업무지원시설은 입주자모집공고일 현재 아래 업종 및 기관에 한하여 공급합니다.
- 금융(은행, 보증기금등), 창업·경영컨설팅, 특허, 법률, 회계서비스업, 마케팅
- 「중소기업창업 지원법」제32조에 따른 대학 내 창업지원 전담 조직을 갖춘 대학교
-「벤처투자 촉진에 관한 법률」제2조제9호 및 제10호에 따른 창업기획자(액셀러레이터) 및 벤처투자회사",,"예비창업자,1년미만,2년미만,3년미만,5년미만,7년미만,10년미만",시설ㆍ공간ㆍ보육,20260512,20260520,,,방문 접수: LH 경기남부지역본부(경기도 성남시 성남대로54번길 3) 2층 임대주택 고객상담실(218호),https://www.k-startup.go.kr/web/contents/bizpbanc-deadline.do?schM=view&pbancSn=177603,main,primary,lh한국토지주택공사판교제2테크노밸리기업지원허브업무지원시설임대입점기업모집공고,공공기관,20260512~20260520,시설ㆍ공간ㆍ보육,시설ㆍ공간ㆍ보육
kst,177602,2026년 녹색·신기술·신제품 인증을 위한 실무교육 안내,"안녕하십니까. 국가녹색기술연구소 서울기후테크산업지원센터입니다.
다음과 같이 2026년 녹색·신기술·신제품 인증 실무교육에 대해 안내드리오니 참여할 의향이 있으신 분은
첨부한 신청서 작성 후 메일로 회신하시거나 네이버폼을 제출하여 신청 부탁드리겠습니다.",교육/멘토링,공공기관,서울특별시,"일반인,일반기업,1인 창조기업","기업,누구나,예비창업자,초기창업기업","만 20세 이상 ~ 만 39세 이하,만 40세 이상",,,서울시에 주소지를 둔 기후테크 기업 및 예비창업자,,"예비창업자,1년미만,2년미만,3년미만,5년미만,7년미만,10년미만",멘토링ㆍ컨설팅ㆍ교육,20260507,20260521,,,"온라인 접수: https://naver.me/5B0xuXtd
이메일 접수: 공고문 확인 필요",https://www.k-startup.go.kr/web/contents/bizpbanc-deadline.do?schM=view&pbancSn=177602,main,primary,2026년녹색신기술신제품인증을위한실무교육안내,공공기관,20260507~20260521,멘토링ㆍ컨설팅ㆍ교육,멘토링ㆍ컨설팅ㆍ교육
kst,177601,미래 농산업을 주도할「농식품 MVP(Most Valuable Player) 1기」참여기업 모집,농림축산식품 분야 유망기업의 지속 가능한 성장을 이끌고자 전문 코디네이터의 맞춤형 컨설팅 및 상용화 비용을 지원하는「농식품 MVP(Most Valuable Player) 1기」참여기업을 모집합니다. 농림축산식품 혁신기업의 많은 관심과 참여 부탁드립니다.,창업,공공기관,전국,"일반인,대학,연구기관,일반기업,1인 창조기업","기업,누구나,초기창업기업","만 20세 이상 ~ 만 39세 이하,만 40세 이상",,,"자체 기술개발 성과를 보유하고, 이를 상용화하고자 하는 농림축산식품 분야 기업

‣ 접수 마감일 기준, 국가연구개발사업 연구과제의 기술료/정산금/환수금 납부 등 의무사항을 불이행하고 있는 경우
‣ 신청 서류가 허위이거나 거짓인 경우
‣「국가연구개발혁신법」제32조에 따른 부정행위 등에 대한 제재처분 참여제한 대상자(기업)
‣ 수사 중이거나 형사사건으로 기소 중인 자 또는 단체(기업)
‣「산업안전보건법」에 따라 산업재해 등과 관련하여 명단이 공표된 사업장(기업)
‣「공정거래관련법」위반 법인(기업 포함)
‣「근로기준법」에 의하여 임금체불과 관련하여 명단공개 또는 종합신용정보집중기관(한국신용정보원)에 자료제공이 된 체불사업장(대표)
‣「보조금법」 제31조의2에 따른 보조사업의 수행 대상에서 배제된 자(기업)
‣ 기타 본 사업에서 규정하는 모집 대상에 해당하지 않는 자(기업)",,"1년미만,2년미만,3년미만,5년미만,7년미만,10년미만",사업화,20260508,20260604,,,온라인 접수: https://www.newat.or.kr/info/intro/busiAnno/busiAnnoDetail.do?busiAnucSeq=2026700006&noticeAnucDivi=NT0004,https://www.k-startup.go.kr/web/contents/bizpbanc-ongoing.do?schM=view&pbancSn=177601,main,primary,미래농산업을주도할농식품mvpmostvaluableplayer1기참여기업모집,공공기관,20260508~20260604,사업화,사업화
kst,177600,영해 로컬 나이트마켓 창업팀 모집,"영덕 영해면의 로컬 거점 초하우스(CHO HOUSE)는 발효 식초 기반 웰니스 문화를 전파하는 카페이자 복합 공간입니다. 운영사 주식회사 초블레스는 지역 농수산물 가공과 로컬 콘텐츠 기획을 이어온 창업 선배로서, 상권의 동반 성장을 위해 이번 나이트마켓을 기획했습니다. 단순한 공간 대여가 아닙니다. 초블레스와 함께 영해의 밤을 새롭게 디자인하고, 실전에서 성장할 분들의 많은 지원 부탁드립니다.",시설/공간,민간,경상북도,"청소년,대학생,일반인,대학,연구기관,일반기업,1인 창조기업","기업,누구나,청년,초기창업기업","만 20세 미만,만 20세 이상 ~ 만 39세 이하,만 40세 이상",,,신규 및 예비 창업팀,,"예비창업자,1년미만,2년미만,3년미만,5년미만,7년미만,10년미만",시설ㆍ공간ㆍ보육,20260511,20260530,,,온라인 접수: https://forms.gle/N8a74yhqxQDSmpsd8,https://www.k-startup.go.kr/web/contents/bizpbanc-ongoing.do?schM=view&pbancSn=177600,main,primary,영해로컬나이트마켓창업팀모집,민간,20260511~20260530,시설ㆍ공간ㆍ보육,시설ㆍ공간ㆍ보육
kst,177599,창업보육센터 지원,군포산업진흥원에서는 초기창업기업과 중소·벤처기업의 육성지원을 위한 창업보육센터 입주기업을 모집하오니 역량 있는 (예비)창업자의 많은 신청 바랍니다.,시설/공간,공공기관,전국,"대학생,일반인,일반기업,1인 창조기업","기업,누구나,예비창업자,청년,초기창업기업","만 20세 이상 ~ 만 39세 이하,만 40세 이상",,,"우수한 기술 또는 아이템을 보유한 예비창업자 및 창업 7년 미만 기업

- 중소기업창업 지원법 시행령 제4조에 해당되는 업종
- 금융기관으로부터 불량거래자로 규제받고 있는 자 또는 기업
- 국세 또는 지방세 체납 중인 자 또는 기업
- 입주 심사위원회에서 부적합하다고 인정하는 자 또는 기업
- 이전 본원 창업보육센터에 입주한 경험이 있는 자 또는 기업",,7년미만,시설ㆍ공간ㆍ보육,20260511,20260529,,,이메일 접수: 공고문 확인 필요,https://www.k-startup.go.kr/web/contents/bizpbanc-ongoing.do?schM=view&pbancSn=177599,main,primary,창업보육센터지원,공공기관,20260511~20260529,시설ㆍ공간ㆍ보육,시설ㆍ공간ㆍ보육
kst,177597,2026년 여성CEO 비즈니스 아카데미 서울권역 시즌 1,"안녕하세요. 2026년, 기업의 변화와 성장을 준비하는 여성 CEO 여러분!
2026년은 정책, 경제, 트렌드, 기술 등 다양한 분야에서 큰 변화가 이루어지고 있으며, 이에 발맞춰 새로운 성장 전략을 준비해야 할 중요한 시기입니다.「2026 여성 CEO 비즈니스 아카데미 권역별 교육」은 기업의 다음 단계 성장을 고민하는 여성 CEO들에게 실질적이고 의미 있는 인사이트를 제공하기 위해 마련된 권역별 오픈특강입니다. 2026년 5월 27일(수) 서울권역 교육을 시작으로 호남권, 충청권, 강원권, 인천·경기권, 경상권까지 6개 권역에서 권역별로 2회씩, 총 12회의 교육이 순차적으로 진행될 예정입니다.
많은 참여와 관심 부탁드립니다.",행사/네트워크,교육기관,서울특별시,"일반기업,1인 창조기업","기업,여성,초기창업기업","만 20세 이상 ~ 만 39세 이하,만 40세 이상",,,기업의 성장과 변화를 고민하는 여성CEO (80명/선착순마감),,"1년미만,2년미만,3년미만,5년미만,7년미만,10년미만",행사ㆍ네트워크,20260508,20260521,,,온라인 접수: https://event-us.kr/m/125721/53973,https://www.k-startup.go.kr/web/contents/bizpbanc-deadline.do?schM=view&pbancSn=177597,main,primary,2026년여성ceo비즈니스아카데미서울권역시즌1,교육기관,20260508~20260521,행사ㆍ네트워크,행사ㆍ네트워크
kst,177595,『2026년 공공기술기반 시장연계 창업탐색 지원사업』글로벌 액셀러레이팅 연계 참가기업 모집,"에스아이디파트너스(주)는 공공기술기반 시장연계 창업탐색 지원사업에 참여한 창업팀이 보유한 혁신 기술의 글로벌 시장 진출 및 성장동력 확보를 지원하고자 글로벌 진출을 희망하는 창업기업들을 모집하오니, 많은 관심과 적극적인 참여를 바랍니다.",판로/수출,민간,전국,일반기업,기업,"만 20세 미만,만 20세 이상 ~ 만 39세 이하,만 40세 이상",,,"공공기술기반 시장연계 창업탐색 지원사업에 참여한 창업기업 가운데 사업화·투자유치·대기업 협업·글로벌 진출 역량을 보유하고 스케일업 의지가 있는 기업
    * 창업후 7년 이내 기업(단, 딥테크 분야는 10년 이내)
    * 상용화 가능한 제품 또는 서비스 보유 기업
    * 전담인력 중 최소1인 이상 영어 능통자 보유",,"예비창업자,1년미만,2년미만,3년미만,5년미만,7년미만,10년미만",글로벌,20260508,20260522,,,온라인 접수: https://m.site.naver.com/24Zk5,https://www.k-startup.go.kr/web/contents/bizpbanc-deadline.do?schM=view&pbancSn=177595,main,primary,2026년공공기술기반시장연계창업탐색지원사업글로벌액셀러레이팅연계참가기업모집,민간,20260508~20260522,글로벌,글로벌
kst,177594,2026년 스마트 전자약 사업화 종합 지원 사업,[스마트전자약 사업화 종합지원센터]는 국내 스마트 전자약 산업의 기술 역량을 보유한 기업들이 사업화를 성공적으로 추진할 수 있도록 지원하는 사업입니다,창업,민간,전국,일반기업,기업,"만 20세 미만,만 20세 이상 ~ 만 39세 이하,만 40세 이상",,,"국내 스마트 전자약 산업의 기술 역량을 보유한 기업

아래 내용 중 한개라도 해당하는 경우는 지원 불가
- 부도, 화의, 법정관리중인 경우
- 국세 및 지방세 체납중인 경우
- 금융 불량거래처로 규제중인 경우
- 수행실적 확인이 불분명하거나 허위 서류를 제출한 경우
- 허위 또는 그 밖의 부정한 방법으로 신청 서류를 제출한 경우
- 기타 본 사업 목적 및 지원분야 등으로 적정하지 않다고 판단되는 경우",,"예비창업자,1년미만,2년미만,3년미만,5년미만,7년미만,10년미만",사업화,20260518,20260529,,,"이메일 접수: 공고문 확인 필요
기타 접수: https://smartemedicine.co.kr",https://www.k-startup.go.kr/web/contents/bizpbanc-ongoing.do?schM=view&pbancSn=177594,main,primary,2026년스마트전자약사업화종합지원사업,민간,20260518~20260529,사업화,사업화
kst,177593,1인 창조기업 지원센터,벤처창업 도전 활성화를 위하여 춘천시 1인 창조기업 지원센터에서는 우수한 아이디어를 가진 예비창업자 및 1인 기업을 다음과 같이 모집하오니 많은 관심과 참여바랍니다.,시설/공간,공공기관,전국,"청소년,대학생,일반인,대학,연구기관,일반기업,1인 창조기업","기업,누구나,예비창업자,청년,초기창업기업","만 20세 미만,만 20세 이상 ~ 만 39세 이하,만 40세 이상",,,"1. 예비창업자 :
입주일 기준 사업자(개인, 법인) 등록이 없는 자로
예비 1인 창조기업 또는 예비 일반 창업자
(예비창업자의 경우 입주일 기준 6개월 이내 사업자등록 필수)
2. 1인 창조기업 : 1인 창조기업 육성에 관한 법률에 의한 1인 창조기업
3. 일반 창업기업 : 1인 창조기업에 해당하지 않은 7년 이내 창업기업

- 부동산업 등 대통령령으로 정하는 업종을 영위하는 자 ☞ 공고문 내 별표1 참조
- 건강보험 자격득실 확인서상 직장가입자 (※ 별도 승인 후 입주 가능)",,"예비창업자,1년미만,2년미만,3년미만,5년미만,7년미만",시설ㆍ공간ㆍ보육,20260512,20260522,,,"이메일 접수: 공고문 확인 필요
방문 접수: 강원 춘천시 공지로 305 4층 춘천시1인창조기업지원센터",https://www.k-startup.go.kr/web/contents/bizpbanc-deadline.do?schM=view&pbancSn=177593,main,primary,1인창조기업지원센터,공공기관,20260512~20260522,시설ㆍ공간ㆍ보육,시설ㆍ공간ㆍ보육
kst,177592,ICT 학점연계 프로젝트 인턴십,과학기술정보통신부가 주최하고 정보통신기획평가원/한국정보산업연합회가 주관하는 「ICT 학점연계 프로젝트 인턴십」 사업의 2026년 하반기 국내과정 참여 기업을 모집하오니 공고문과 공지사항을 확인해주시기 바랍니다.,인력/일자리,민간,전국,"대학생,연구기관,일반기업,1인 창조기업","기업,청년,초기창업기업","만 20세 미만,만 20세 이상 ~ 만 39세 이하,만 40세 이상",,,"- (기업) 실습생에게 ICT 관련 직무를 부여할 수 있는 국내 중소/중견/스타트업 기업

대기업",,"1년미만,2년미만,3년미만,5년미만,7년미만,10년미만",인력,20260427,20260602,,,온라인 접수: https://www.ictintern.or.kr,https://www.k-startup.go.kr/web/contents/bizpbanc-ongoing.do?schM=view&pbancSn=177592,main,primary,ict학점연계프로젝트인턴십,민간,20260427~20260602,인력,인력
kst,177589,IP 디딤돌 프로그램,창원상공회의소(경남지식재산센터)에서는 경남도내 지식재산 인식 제고 및 지식재산 인력 양성을 위한 『2026년 제33기 IP창업존 교육』을 운영하오니 관심 있는 분들의 많은 참여 부탁드립니다.,교육/멘토링,공공기관,경상남도,"청소년,대학생,일반인,대학,연구기관,일반기업,1인 창조기업","기업,누구나,청년,초기창업기업","만 20세 미만,만 20세 이상 ~ 만 39세 이하,만 40세 이상",,,"경남도민, 경남지역 학교 재학생, 경남지역 창업 예정자",,예비창업자,멘토링ㆍ컨설팅ㆍ교육,20260511,20260610,,,이메일 접수: 공고문 확인 필요,https://www.k-startup.go.kr/web/contents/bizpbanc-ongoing.do?schM=view&pbancSn=177589,main,primary,ip디딤돌프로그램,공공기관,20260511~20260610,멘토링ㆍ컨설팅ㆍ교육,멘토링ㆍ컨설팅ㆍ교육
kst,177588,2026 LBS 스타트업 챌린지,2026 LBS 스타트업 챌린지와 관련하여 과 같이 우수한 아이템을 보유하고 있는 차세대 위치기반 비즈니스 모델을 발굴하여 사업화 지원을 통해 위치정보 산업 활성화에 기여하고자 하오니 많은 참여 바랍니다.,창업,공공기관,전국,"청소년,대학생,일반인,대학,연구기관,일반기업,1인 창조기업","기업,누구나,스타트업,청년,초기창업기업","만 20세 미만,만 20세 이상 ~ 만 39세 이하,만 40세 이상",,,"위치정보를 활용한 위치기반 서비스의 아이디어·사업화 단계의 사업자 및 기획·개발단계 스타트업

1) 아이디어 분야
- 청년(34세 이하) 개인 또는 팀​
- 공고일 기준 응모자 명의의 위치정보/위치기반사업체 등을 보유하고 있지 않은 자

2) 사업화 분야
- 상용화․사업화 단계의 중소･영세사업자
- 온․오프라인에서 구현 가능한 위치기반 서비스/상품에 대한 아이디어가 실제 사업단계에 이른 비즈니스 모델(시제품 보유)
※ 2차 발표심사 시, 발표자는 시제품(prototype) 시연 또는 상품/서비스 소개 성격의 1분 내외 영상을 발표에 포함시켜야

｢공정거래법｣에 따라 상호출자제한기업집단(대기업)으로 지정된 사업",,"예비창업자,1년미만,2년미만,3년미만,5년미만,7년미만,10년미만",사업화,20260511,20260610,,,"온라인 접수: https://www.korealbs.or.kr/2026/entry.asp
이메일 접수: 공고문 확인 필요",https://www.k-startup.go.kr/web/contents/bizpbanc-ongoing.do?schM=view&pbancSn=177588,main,primary,2026lbs스타트업챌린지,공공기관,20260511~20260610,사업화,사업화
kst,177587,"[인포뱅크X티비즈] (홍릉) 2026년 GRaND-K 창업학교 예비/초기창업 기업 모집(연장공고 ~5/15, 17:00)","2026 서울홍릉강소특구「GRaND-K 창업학교」프로그램에 함께 할 예비·초기 스타트업을 모집합니다.
지난 30여년간 다양한 신규 사업 및 성공적인 기업공개(IPO) 경험을 토대로 예비·초기 스타트업 육성과 투자를 활발하게 해 온 '인포뱅크'와 기술사업화 전문기업 '티비즈' 및 분야별 전문가들이
예비·초기 스타트업을 위한 맞춤형 프로그램을 제공하오니 많은 관심과 참여 바랍니다.",창업,민간,서울특별시,"청소년,대학생,일반인,대학,연구기관,일반기업,1인 창조기업","기업,누구나,예비창업자,청년,초기창업기업","만 20세 미만,만 20세 이상 ~ 만 39세 이하,만 40세 이상",,,"• 서울시 소재 기술창업을 희망하는 예비창업자 또는 초기 창업기업(홍릉강소특구 지역 내 우대)
- 예비창업자: 사업종료(‘27년 3월) 3개월 이전에 창업이 가능한 자
- 초기창업기업: 창업 3년 미만 기업(2023년 5월 9일 이후 창업자)

• 서울 소재 외 및 3년 초과 기업
- 타 사업화 지원사업과 중복 없음(예창, 초창 등)",,"예비창업자,1년미만,2년미만,3년미만",사업화,20260511,20260515,,,온라인 접수: https://forms.gle/WEr8NCdfZUjf5iZx9,https://www.k-startup.go.kr/web/contents/bizpbanc-deadline.do?schM=view&pbancSn=177587,main,primary,인포뱅크x티비즈홍릉2026년grandk창업학교예비초기창업기업모집연장공고5151700,민간,20260511~20260515,사업화,사업화
kst,177586,2026년 성북구 청년 소셜벤처 혁신 경연대회 참가팀 모집,"2026년 성북구 청년 소셜벤처 혁신 경연대회 참가팀 모집 공고
청년 창업을 지원하고 창의적이고 혁신적인 비즈니스 모델을 발굴하기 위한「2026년 성북구 청년 소셜벤처 혁신 경연대회」의 참가팀을 다음과 같이 공모하오니, 관심 있는 청년들의 많은 참여 바랍니다.",창업,민간,서울특별시,"대학생,일반인,일반기업,1인 창조기업","기업,누구나,청년,초기창업기업",만 20세 이상 ~ 만 39세 이하,20,39,"[신청자격 공고문 상세 내용 참조]
1) 2인 이상으로 구성된 창업 준비팀  또는 성북구 소셜벤처ㆍ사회적경제 기업
2) 연령기준 : 19세 ~ 39세인 청년이 전체 팀원의 50% 이상
3) 지역기준 : 성북구 거주 또는 성북구 소재 대학교 재학생ㆍ졸업생, 성북구 소재 기업

* 창업 준비팀 또는 공고일 기준 창업 2년 이하 기업 가점부여(심사표 참고)
    ※ 공고일 2026. 4. 30.  →  2024. 4. 30. 이후 설립 기업 가점 대상
 * 소셜벤처 기업 : 중소벤처기업부(기술보증기금)에서 소셜벤처 기업으로 확인된 기업
    사회적경제 기업 : (예비)사회적기업, (사회적)협동조합, 자활기업, 마을기업 등
 * 1987. 1. 1. ~ 2007. 12. 31. 출생자
 *창업 준비팀의 경우 전체 팀원의 50% 이상 지역기준 충족 시 참가 가능 
 *사업자등록증 기준 소재지가 성북구인 업체에 한함

- 동일 아이디어로 정부부처·지방자치단체 및 공공기관 등에서 주최ㆍ주관한 아이디어 경연대회에서 수상 이력이 있는 개인 또는 단체
   (추후 중복지원 발견 시 수상 취소 및 사업개발비 전액 환수)
※ 본 경연대회 수상 이력이 있는 개인 또는 단체는 다른 사업 모델로 참가 가능
       단, 심사 시 감점 부여(심사표 참고)",,"예비창업자,10년미만",사업화,20260511,20260520,,,이메일 접수: 공고문 확인 필요,https://www.k-startup.go.kr/web/contents/bizpbanc-deadline.do?schM=view&pbancSn=177586,main,primary,2026년성북구청년소셜벤처혁신경연대회참가팀모집,민간,20260511~20260520,사업화,사업화
kst,177585,예술산업 금융지원 시범사업,"예술기업의 금융 접근성을 높이기 위한 ‘예술산업 금융지원 시범사업 지역설명회’를 개최합니다.
이번 설명회는 평소 금융 지원 문턱이 높았던 예술기업을 위해 지원사업의 이해부터 신청 준비, 정책자금 활용 방안, 그리고 1:1 상담까지 한 번에 준비했습니다.
예술기업 관계자분들의 많은 관심과 참여를 바랍니다.",행사/네트워크,공공기관,부산광역시,"일반기업,1인 창조기업","기업,예비창업자,초기창업기업","만 20세 이상 ~ 만 39세 이하,만 40세 이상",,,"예술분야 기업(임직원), 예술분야 협단체 관계자 등
(* 문화예술진흥법 제2조 제1호 문화, 미술, 음악(대중음악 제외), 무용, 연극, 국악, 뮤지컬 등과 관련된 예술작품 및 상품을 기획·제작·유통하거나 이를 지원하는 경제활동을 주된 사업으로 영위하는 사업자)

예비창업자 및 예술인(예술기업 혹은 개인 사업자 예외)",,"1년미만,2년미만,3년미만,5년미만,7년미만,10년미만",행사ㆍ네트워크,20260504,20260520,,,온라인 접수: https://event-us.kr/jfryo6fv/event/125207,https://www.k-startup.go.kr/web/contents/bizpbanc-deadline.do?schM=view&pbancSn=177585,main,primary,예술산업금융지원시범사업,공공기관,20260504~20260520,행사ㆍ네트워크,행사ㆍ네트워크
kst,177583,IP 디딤돌 프로그램,"재)전남테크노파크에서는 전남 도내 창의적 아이디어를 발굴하고 이를, 지식재산 권리화 및 사업화로 연계하여 지역 경제 활성화에 기여하기 위해 아래와 같이「2026년 전남 IP창업Zone 2기」교육과정을 운영하오니, 많은 관심과 참여바랍니다.",교육/멘토링,공공기관,전국,"청소년,대학생,일반인,대학,연구기관,일반기업,1인 창조기업","기업,누구나,청년,초기창업기업","만 20세 미만,만 20세 이상 ~ 만 39세 이하,만 40세 이상",,,"중장년 (예비)창업자
     ※ 중장년: 만 40세 이상 / 10인 이상 모집시 교육 진행
      ※ 중장년이 아니어도 교육 신청 가능",,"예비창업자,1년미만,2년미만,3년미만,5년미만,7년미만,10년미만",멘토링ㆍ컨설팅ㆍ교육,20260511,20260605,,,이메일 접수: 공고문 확인 필요,https://www.k-startup.go.kr/web/contents/bizpbanc-ongoing.do?schM=view&pbancSn=177583,main,primary,ip디딤돌프로그램,공공기관,20260511~20260605,멘토링ㆍ컨설팅ㆍ교육,멘토링ㆍ컨설팅ㆍ교육
kst,177582,2026년 여성창업 지식재산권 지원사업 참가자 모집,북부여성새일센터 2026년 여성창업 지식재산권 지원사업 참가를 원하시는 분은 아래 내용을 확인하시고 신청해주시기 바랍니다.,교육/멘토링,공공기관,전국,"대학생,일반인,1인 창조기업","누구나,여성,청년,초기창업기업","만 20세 미만,만 20세 이상 ~ 만 39세 이하,만 40세 이상",,,"여성 예비 또는 초기 창업자(25명)
 *초기 창업자 기준 : 사업자등록증 개업일이 2026.6.18(목)로부터 3년 이내",,"예비창업자,1년미만,2년미만,3년미만",멘토링ㆍ컨설팅ㆍ교육,20260511,20260611,,,온라인 접수: https://naver.me/xJcquzpj,https://www.k-startup.go.kr/web/contents/bizpbanc-ongoing.do?schM=view&pbancSn=177582,main,primary,2026년여성창업지식재산권지원사업참가자모집,공공기관,20260511~20260611,멘토링ㆍ컨설팅ㆍ교육,멘토링ㆍ컨설팅ㆍ교육
kst,177580,2026년 6월 동네창업학교 교육생 모집 공고,충남신용보증재단에서 충남지역 청년 예비창업자와 중소기업 및 소상공인의 사업 역량 강화를 위해 2026년 6월 동네창업학교 교육생을 모집합니다.,창업,공공기관,충청남도,"대학생,일반인,대학,일반기업,1인 창조기업","기업,누구나,예비창업자,청년,초기창업기업","만 20세 미만,만 20세 이상 ~ 만 39세 이하",,,"- 충청남도 내 창업 예정인 청년 예비창업자 또는
- 충청남도 소재 사업장을 운영 중인 청년 기창업자(업종제한 없음)
 *(청년) 19세 이상 39세 이하(1986년 1월 3일 ~ 2007년 1월 2일)",,"예비창업자,1년미만,2년미만,3년미만,5년미만,7년미만,10년미만",창업교육,20260428,20260609,,,온라인 접수: https://www.cnsinbo.co.kr/reservation/educationView.do?m=1003&seq=399,https://www.k-startup.go.kr/web/contents/bizpbanc-ongoing.do?schM=view&pbancSn=177580,main,primary,2026년6월동네창업학교교육생모집공고,공공기관,20260428~20260609,창업교육,창업교육
kst,177579,스타트업 액셀러레이팅 지원,"유망 스타트업의 성장 준비단계 강화를 위하여「2026년 창원시 스타트업 액셀러레이팅 지원사업」을 추진하고 있으니, 창원시 소재 창업기업의 많은 참여 바랍니다.",창업,지자체,경상남도,일반기업,"기업,스타트업","만 20세 미만,만 20세 이상 ~ 만 39세 이하,만 40세 이상",,,"기술창업 업종을 영위하는 창업 7년 이내 창원시 관내 스타트업

휴․폐업 중인 기업 또는 세금 체납 중인 기업 등",,"1년미만,2년미만,3년미만,5년미만,7년미만",사업화,20260511,20260529,,,"온라인 접수: https://www.cwip.or.kr/bbs/board.php?bo_table=b0501&wr_id=390
이메일 접수: 공고문 확인 필요",https://www.k-startup.go.kr/web/contents/bizpbanc-ongoing.do?schM=view&pbancSn=177579,main,primary,스타트업액셀러레이팅지원,지자체,20260511~20260529,사업화,사업화
kst,177578,『2026년 창업지원센터 청년관 신규 1인창조기업 모집』공고,수원도시재단에서는 혁신 역량을 갖춘 청년 (예비)창업기업을 발굴·육성하기 위해 「2026년 제2회 창업지원센터 청년관 신규 1인창조기업」을 다음과 같이 모집합니다. 관심 있는 청년창업자 여러분의 많은 신청 바랍니다.,시설/공간,공공기관,전국,1인 창조기업,"예비창업자,청년,초기창업기업",만 20세 이상 ~ 만 39세 이하,20,39,"□ 신청자격
   ❍ 기술적 산업 지능화 혁신 기술을 보유하고, 청년관 입주 후 3개월 이내 창업이 가능한 청년 예비창업자
   ❍ 창업 7년 이내의 스타트업 및 기술집약형 청년창업자(공고일 기준) 
   ❍ 신청 제외 대상: 별첨 참조
   ❍ 청년창업기업: 만39세 이하의 창업가(대표자) / 공고일 기준

□ 제외대상
   ❍ 입주 후 본사 주소지를 창업지원센터 청년관으로 이전하지 않는 경우
      (연구소, 지사, 지점 등으로 입주를 희망하는 경우)
   ❍ 금융기관으로부터 채무불이행으로 규제 중인 개인, 기업 또는 휴․폐업 중인 자
   ❍ 국세 및 지방세 체납 중인 개인 또는 기업
   ❍ 중소기업창업지원법 시행령 제4조(창업에서 제외되는 업종)의 업종을 영위하고자 하는 자(기업) 및 공해 유발 등 센터에 부적합하다고 인정되는 개인 또는 기업【별첨】
   ❍ 서류평가 시 기타사항으로 부적합하다고 인정되는 경우",,"예비창업자,1년미만,2년미만,3년미만,5년미만,7년미만",시설ㆍ공간ㆍ보육,20260511,20260605,,,"이메일 접수: 공고문 확인 필요
방문 접수: 수원도시재단 창업지원센터 청년관(16463 경기도 수원시 팔달구 매산로 41 4층 행정실)",https://www.k-startup.go.kr/web/contents/bizpbanc-ongoing.do?schM=view&pbancSn=177578,main,primary,2026년창업지원센터청년관신규1인창조기업모집공고,공공기관,20260511~20260605,시설ㆍ공간ㆍ보육,시설ㆍ공간ㆍ보육
kst,177577,재도전·혁신캠퍼스 운영,"대전창조경제혁신센터는 정밀 진단 기반의 피보팅 지원과 투자 연계를 통해 성장 가능성이 높은 재창업자를 발굴·육성하고, Scale-Up 및 시장 재진입을 지원하기 위한 「재도전 : BRAVO 액셀러레이팅 지원사업」 참여 민간운영사를 모집하오니 많은 관심과 참여 바랍니다.",시설/공간,공공기관,대전광역시,일반기업,기업,"만 20세 미만,만 20세 이상 ~ 만 39세 이하,만 40세 이상",,,"- 공고일 기준 대전지역 내 본사 또는 지사를 설립하여 운영 중인 민간운영사
 - 「벤처투자 촉진에 관한 법률」제2조 제9호 내지 11호에 따라 중소벤처기업부에 창업기획자(액셀러레이터), 개인투자조합, 벤처투자회사, 벤처투자조합(중소기업창업투자조합), 한국벤처투자로 등록된 기관    * 학술연구 용역, 전시회 디자인, 전시 부스 설치로 등록된 기관은 제외
  - 창업기획자(액셀러레이터), 중소기업창업투자회사, 액셀러레이팅 프로그램을 보유한 기업 등
      * 단, 협약체결 후 2개월 이내 대전지역에 본사 또는 지사를 이전하거나 설립할 경우 지원 가능",,"예비창업자,1년미만,2년미만,3년미만,5년미만,7년미만,10년미만",시설ㆍ공간ㆍ보육,20260511,20260529,,,이메일 접수: 공고문 확인 필요,https://www.k-startup.go.kr/web/contents/bizpbanc-ongoing.do?schM=view&pbancSn=177577,main,primary,재도전혁신캠퍼스운영,공공기관,20260511~20260529,시설ㆍ공간ㆍ보육,시설ㆍ공간ㆍ보육
kst,177575,2026년 글로벌기업 협업프로그램(추경) 창업기업 모집 공고,글로벌 기업과 협업하여 창업기업의 글로벌 혁신 성장을 지원하는 「2026년 글로벌 기업 협업 프로그램」에 참여할 창업기업 모집계획을 다음과 같이 공고합니다.,창업,공공기관,전국,"청소년,대학생,일반인,대학,연구기관,일반기업,1인 창조기업","기업,누구나,청년,초기창업기업","만 20세 미만,만 20세 이상 ~ 만 39세 이하,만 40세 이상",,,"창업 후 업력 7년(또는 10년 이내) 창업기업
*세부 내용 공고 본문 참고

공고 본문 참고",,"1년미만,2년미만,3년미만,5년미만,7년미만,10년미만",사업화,20260511,20260528,,,기타 접수: 공고 신청은 아래의 [온라인 접수]표를 참고해주시기 바랍니다.,https://www.k-startup.go.kr/web/contents/bizpbanc-ongoing.do?schM=view&pbancSn=177575,main,primary,2026년글로벌기업협업프로그램추경창업기업모집공고,공공기관,20260511~20260528,사업화,사업화
kst,177574,고객 가치 제안과 검증 교육 참가자 모집,"상지대학교 벤처창업본부에서는 (예비)창업기업의 창업 추진 방향 설정을 돕기 위해
「 고객 가치 제안과 검증 교육 」을 개최합니다.
많은 관심과 참여 바랍니다.",교육/멘토링,교육기관,강원특별자치도,"청소년,대학생,일반인,대학,연구기관,일반기업,1인 창조기업","기업,누구나,청년,초기창업기업","만 20세 미만,만 20세 이상 ~ 만 39세 이하,만 40세 이상",,,창업에 관심있는 누구나,,"예비창업자,1년미만,2년미만,3년미만,5년미만,7년미만,10년미만",멘토링ㆍ컨설팅ㆍ교육,20260511,20260513,,,온라인 접수: https://forms.gle/SRjtU7xWJR4TgTec8,https://www.k-startup.go.kr/web/contents/bizpbanc-deadline.do?schM=view&pbancSn=177574,main,primary,고객가치제안과검증교육참가자모집,교육기관,20260511~20260513,멘토링ㆍ컨설팅ㆍ교육,멘토링ㆍ컨설팅ㆍ교육
kst,177573,컨셉 활용 고객 가치 제안 구체화 교육 참가자 모집,"상지대학교 벤처창업본부에서는 (예비)창업기업의 창업 추진 방향 설정을 돕기 위해
「 컨셉 활용 고객 가치 제안 구체화 교육 」을 개최합니다.
많은 관심과 참여 바랍니다.",교육/멘토링,교육기관,강원특별자치도,"청소년,대학생,일반인,대학,연구기관,일반기업,1인 창조기업","기업,누구나,청년,초기창업기업","만 20세 미만,만 20세 이상 ~ 만 39세 이하,만 40세 이상",,,창업에 관심있는 누구나,,"예비창업자,1년미만,2년미만,3년미만,5년미만,7년미만,10년미만",멘토링ㆍ컨설팅ㆍ교육,20260511,20260513,,,온라인 접수: https://forms.gle/CGJfYuWMhdmhzCk79,https://www.k-startup.go.kr/web/contents/bizpbanc-deadline.do?schM=view&pbancSn=177573,main,primary,컨셉활용고객가치제안구체화교육참가자모집,교육기관,20260511~20260513,멘토링ㆍ컨설팅ㆍ교육,멘토링ㆍ컨설팅ㆍ교육
kst,177572,[성평등가족부/서울시지원] AI기반 e커머스 쇼핑몰 창업과정 교육생 모집,오픈마켓 및 온라인 쇼핑몰 창업 의사가 확고한 여성 22명을 모집하오니 관심 있는 분들의 많은 신청 바랍니다.,창업,공공기관,서울특별시,"대학생,일반인","누구나,청년","만 20세 이상 ~ 만 39세 이하,만 40세 이상",,,"실제 온라인 쇼핑몰 창업을 계획·준비중인 분들에게 적합합니다
- 온라인쇼핑몰·오픈마켓 창업을 준비 중인 예비 창업자 
- 기존 오프라인 사업의 온라인 전환을 고민하는 소상공인
- SNS 마케팅이나 스마트스토어 운영에 관심을 가지고 실제 창업을 계획중인 여성
- 디지털 기반 부업 또는 1인 창업을 희망하는 여성
- 경력보유여성 및 경력단절 이후 창업을 고민하는 여성

남성",,"예비창업자,1년미만,2년미만,3년미만,5년미만,7년미만,10년미만",창업교육,20260501,20260627,,,이메일 접수: 공고문 확인 필요,https://www.k-startup.go.kr/web/contents/bizpbanc-ongoing.do?schM=view&pbancSn=177572,main,primary,성평등가족부서울시지원ai기반e커머스쇼핑몰창업과정교육생모집,공공기관,20260501~20260627,창업교육,창업교육
kst,177571,청년창조발전소 꿈터+ 운영,"청년창조발전소 꿈터플러스에서는
부산지역 내 대학(원)생, 창업동아리 및 청년 예비창업가의
창업 역량 증진을 통한 창업 계기 마련을 위해
「Dream-Camp 4기」를 개최하오니,
많은 관심과 참여를 바랍니다.",시설/공간,민간,부산광역시,"대학생,일반인","누구나,예비창업자,청년",만 20세 이상 ~ 만 39세 이하,20,39,"부산 지역 청년 예비창업자(공고일 기준 만 39세 이하)
우대사항 : 부산 소재 대학(원)생, 휴학생 우선 선발
*모집대상 및 우대사항은 대표자 기준",,예비창업자,시설ㆍ공간ㆍ보육,20260508,20260612,,,이메일 접수: 공고문 확인 필요,https://www.k-startup.go.kr/web/contents/bizpbanc-ongoing.do?schM=view&pbancSn=177571,main,primary,청년창조발전소꿈터운영,민간,20260508~20260612,시설ㆍ공간ㆍ보육,시설ㆍ공간ㆍ보육
kst,177570,(재)여성기업종합지원센터 울산센터 BI 신규입주기업 모집,(재)여성기업지원센터 울산센터에서는 창의적이고 역량 있는 여성(예비) 창업기업 지원을 위해 아래와 같이 모집합니다.,시설/공간,민간,울산광역시,"일반인,일반기업","기업,누구나,여성,예비창업자","만 20세 미만,만 20세 이상 ~ 만 39세 이하,만 40세 이상",,,"여성 예비창업자
창업 7년 미만 여성기업",,"예비창업자,7년미만",시설ㆍ공간ㆍ보육,20260511,20260531,,,"이메일 접수: 공고문 확인 필요
방문 접수: 울산광역시 남구 돋질로 20, 여성기업종합지원센터 울산센터 3층 운영사무실",https://www.k-startup.go.kr/web/contents/bizpbanc-ongoing.do?schM=view&pbancSn=177570,main,primary,재여성기업종합지원센터울산센터bi신규입주기업모집,민간,20260511~20260531,시설ㆍ공간ㆍ보육,시설ㆍ공간ㆍ보육
kst,177569,2026년도 시장창출형 지능형 로봇 활용 및 확산 사업 연장공고,"부산지역 도심형 서비스로봇 발굴 및 실증을 통해 로봇 서비스 도시 기반을 마련하고, 제조·서비스 산업과 로봇의 융합을 통한 기업 성장동력 확보를 위하여 기술력과 성장역량을 보유한 기업을 모집 지원하고자 다음과 같이 공고합니다.",창업,공공기관,부산광역시,"대학,연구기관,일반기업,1인 창조기업","기업,초기창업기업","만 20세 이상 ~ 만 39세 이하,만 40세 이상",,,공고일 기준 부산소재 기업,,"예비창업자,1년미만,2년미만,3년미만,5년미만,7년미만,10년미만",사업화,20260408,20260522,,,이메일 접수: 공고문 확인 필요,https://www.k-startup.go.kr/web/contents/bizpbanc-deadline.do?schM=view&pbancSn=177569,main,primary,2026년도시장창출형지능형로봇활용및확산사업연장공고,공공기관,20260408~20260522,사업화,사업화
kst,177568,서대문청년창업센터 기업입주공간 2026년 하반기 입주기업 모집 공고,"「서울특별시 서대문구 청년기본조례」제14조,「서울특별시 서대문구사회적경제 활성화 지원 조례」제23조에 따라 서대문구가 운영중인 사무공간에 입주할 우수한 청년창업기업 및 사회적경제기업을 다음과 같이 공모합니다.",시설/공간,지자체,서울특별시,"청소년,대학생,일반인,일반기업,1인 창조기업","기업,누구나,청년,초기창업기업","만 20세 미만,만 20세 이상 ~ 만 39세 이하,만 40세 이상",,,"• 청년창업기업(공고일 기준 대표자 연령이 39세 이하인 법인, 법인이 아닌 경우1년이내 법인으로 전환을 조건)
• (예비)사회적기업,사회적협동조합, 예비청년창업자(팀)
※ 사회적경제기업 : (예비)사회적기업, (사회적)협동조합, (사회적)협동조합연합회, 마을기업, 자활기업 등(「서울특별시 서대문구 사회적경제 활성화 지원 조례」 제3조 제2호)※ 청년창업기업 : 대표자의 연령이 39세 이하인 창업기업(「중소기업창업지원법」 제2조 제11호)
※ 예비청년창업자 : 창업을 하려는 39세 이하의 개인 등(「중소기업창업지원법」 제2조 제12호)(각 공간별 지원 자격은 첨부된 공고문 참고)

지원불가) 중소벤처기업부 공고 정책자금 지원 제외 업종, 사치행락적 소비 투기 조장 업종등",,"예비창업자,1년미만,2년미만,3년미만,5년미만,7년미만",시설ㆍ공간ㆍ보육,20260508,20260525,,,이메일 접수: 공고문 확인 필요,https://www.k-startup.go.kr/web/contents/bizpbanc-deadline.do?schM=view&pbancSn=177568,main,primary,서대문청년창업센터기업입주공간2026년하반기입주기업모집공고,지자체,20260508~20260525,시설ㆍ공간ㆍ보육,시설ㆍ공간ㆍ보육
kst,177567,마을?청년 공유 플랫폼,"성남시청소년청년재단 중원유스센터에서는 어썸332st 카페를 운영할 성남거주 청년 창업팀을 모집하고 있습니다. 이에, 많은 관심과 지원 바랍니다.",창업,공공기관,경기도,"대학생,일반인","누구나,청년",만 20세 이상 ~ 만 39세 이하,20,39,"- 모집기간: 2026. 5. 14.(목) ~ 2026. 5. 29.(금), 18:00까지
  - 모집규모: 1개팀
    1) 대표 1인, 팀원 1인 ~ 4인까지 가능
    2) 팀원은 단기근로(아르바이트) 형태로 참가하며, 대표와 별도 근로계약 체결
    3) 팀원은 최대 주 52시간이내 근무 가능
  - 모집대상
    1) 성남시 거주 청년(만19세 ~ 만39세)
    2) 월요일 ~ 토요일 센터 운영시간내(07:00~22:00) 근무 조건 충족 가능한 팀
    3) 공고일 기준 무직, 사업자 폐지상태
      ※ 사업자 이력이 있는 경우 참가는 가능하나 신규팀에게 가점이 적용됨

- 3년 이내에 본 사업 또는 재단 내 유사 사업에 지원받은 자는 지원 불가
   ※ 단, 팀원으로 참가했던 이력이 있는 청년이 대표로 참가 가능함
   ※ 참가 이력이 있는 청년이 지원시 신규 참여팀 대상 우대 점수 적용
 - 중복 사업자 불가
   ※ 본 사업은 신규 창업 지원을 목적으로 하므로, 공고일 기준 본인 명의의 사업자 등록을 보유한 자는 선발에서 제외됨
   ※ 과거 카페분야 사업자 등록 이력이 있는 청년이 지원시 신규 참여팀 대상 우대 점수 적용",,예비창업자,사업화,20260514,20260529,,,이메일 접수: 공고문 확인 필요,https://www.k-startup.go.kr/web/contents/bizpbanc-ongoing.do?schM=view&pbancSn=177567,main,primary,마을청년공유플랫폼,공공기관,20260514~20260529,사업화,사업화
kst,177566,2026년 서울시 국비지원 여성미래일자리 공모사업,서울시 국비지원 여성미래일자리 공모사업으로 교육생 모집합니다. 패션·뷰티·디자인분야 이커머스 창업을 희망하는 여성은 안내에 따라 신청하시기 바랍니다.,창업,공공기관,서울특별시,일반인,"누구나,여성","만 20세 이상 ~ 만 39세 이하,만 40세 이상",,,"서울시 거주 미취업 여성 중 패션·뷰티·디자인분야 이커머스 창업 희망자
(3040 여성, 구체적인 창업아이템 보유자, 취약계층 우대 )

사업자등록증 소지자 참여 불가",,예비창업자,창업교육,20260508,20260614,,,온라인 접수: https://dongbu.seoulwomanup.or.kr/dongbu/edu/selectRealEduProgram.do?sch_class_code=C100160484&returnUrl=%2Fdongbu%2Fedu%2FselectPageListRealEduProgram.do&edust=&manage_code=&form_code=&organ_code=06&priority_flag=&sch_course_code=&sch_domain_code=&sch_group_code=&sch_edust=&sch_edu_fee=&sch_dayofweek=&sch_time_from=&sch_time_to=&sch_lecturer=&sch_class_name=&currentPage=1,https://www.k-startup.go.kr/web/contents/bizpbanc-ongoing.do?schM=view&pbancSn=177566,main,primary,2026년서울시국비지원여성미래일자리공모사업,공공기관,20260508~20260614,창업교육,창업교육
kst,177565,Seoul Global Center OASIS-7(Incubation Office) Application,"SeoulGlobalCenter offers OASIS-7 (Incubation Office) for foreign entrepreneurs who wish to start a technology-based startup in Korea and need a place to work and grow. Applications are now open for OASIS-7, we look forward to the participation of those who are interested in being part of our SGC entrepreneur community!",시설/공간,공공기관,서울특별시,"대학생,일반인,일반기업,1인 창조기업","기업,누구나,청년,초기창업기업","만 20세 미만,만 20세 이상 ~ 만 39세 이하,만 40세 이상",,,"✅ Eligibility :
- Applicants eligible for D-8-4 (Technological Startup Visa)
- Foreign entrepreneurs who plan to start a technology-based business in Korea or who have established the company within the past 5 years. (Company registration date must be after 10th June, 2021) 

✅ Preferred Qualifications :
• Holder or applicant of intellectual property patent
• Outstanding participants in startup support programs
• Awardees of invention or startup competitions
• Holders of D-10-2(Technological Startup Preparation Visa) or D-8-4 (Technological Startup Visa)",,"예비창업자,1년미만,2년미만,3년미만,5년미만",시설ㆍ공간ㆍ보육,20260506,20260520,,,온라인 접수: https://m.site.naver.com/261mQ,https://www.k-startup.go.kr/web/contents/bizpbanc-deadline.do?schM=view&pbancSn=177565,main,primary,seoulglobalcenteroasis7incubationofficeapplication,공공기관,20260506~20260520,시설ㆍ공간ㆍ보육,시설ㆍ공간ㆍ보육
kst,177563,2026년 수출 중소 중견기업을 위한 ESG 공급망 컨설팅 지원사업,"본 기업은 산업통상부와 한국생산성본부의 지원으로 「2026년 수출 중소·중견기업을 위한 ESG 공급망 컨설팅 지원사업」을 추진합니다.
이에 전국에 해당하는 참여 기업들을 모집하오니 희망하는 기업들의 많은 신청을 바랍니다.",교육/멘토링,민간,전국,"일반기업,1인 창조기업","기업,초기창업기업","만 20세 이상 ~ 만 39세 이하,만 40세 이상",,,"- 원청사로부터 ESG경영을 요구받는 중소‧중견기업
 - ESG 규제 대응이 필요한 해외 수출 중소‧중견기업
 - ESG 경영에 관심있는 국내 모든 대‧중‧소 기업",,"1년미만,2년미만,3년미만,5년미만,7년미만,10년미만",멘토링ㆍ컨설팅ㆍ교육,20260511,20261130,,,온라인 접수: https://www.k-esg.org/pretest/apply,https://www.k-startup.go.kr/web/contents/bizpbanc-ongoing.do?schM=view&pbancSn=177563,main,primary,2026년수출중소중견기업을위한esg공급망컨설팅지원사업,민간,20260511~20261130,멘토링ㆍ컨설팅ㆍ교육,멘토링ㆍ컨설팅ㆍ교육
kst,177562,[프로디지인베스트먼트] PRODIGY Road to TIPS 참가 기업 모집,팁스 운영사이자 스케일업팁스 운영사인 벤처캐피탈 프로디지인베스트먼트가 주관하는 'PRODIGY Road to TIPS' 참여 기업을 다음과 같이 모집합니다.,자금,민간,전국,일반기업,기업,"만 20세 미만,만 20세 이상 ~ 만 39세 이하,만 40세 이상",,,"TIPS 추천이 가능한 5년 미만 스타트업 (POC 검증 및 매출액 20억 미만)

TIPS 추천이 불가한 스타트업",,5년미만,정책자금,20260511,20260610,,,온라인 접수: https://forms.gle/3Mss1PinZXwW64Uy6,https://www.k-startup.go.kr/web/contents/bizpbanc-ongoing.do?schM=view&pbancSn=177562,main,primary,프로디지인베스트먼트prodigyroadtotips참가기업모집,민간,20260511~20260610,정책자금,정책자금
kst,177561,[부산] 국가공인 경영지도사의 업종별 지원사업 맞춤전략 교육,"부산지역 예비창업자 및 7년 미만 중소기업 업력의 중소기업 대표님 참여를 희망하는 관심있는 기업은 안내에 따라 
신청하기 바랍니다.",교육/멘토링,민간,부산광역시,"청소년,대학생,일반인,대학,연구기관,일반기업,1인 창조기업","기업,누구나,예비창업자,청년,초기창업기업","만 20세 미만,만 20세 이상 ~ 만 39세 이하,만 40세 이상",,,"예비창업자 및 7년 미만 중소기업 업력의 중소기업 대표자

없음",,"예비창업자,1년미만,2년미만,3년미만,5년미만,7년미만",멘토링ㆍ컨설팅ㆍ교육,20260511,20260516,,,온라인 접수: https://forms.gle/Q9HAencvkWQq9GQYA,https://www.k-startup.go.kr/web/contents/bizpbanc-deadline.do?schM=view&pbancSn=177561,main,primary,부산국가공인경영지도사의업종별지원사업맞춤전략교육,민간,20260511~20260516,멘토링ㆍ컨설팅ㆍ교육,멘토링ㆍ컨설팅ㆍ교육
kst,177560,「2026 사천 청년·전환세대 창업·창직 프로젝트 <THE LANDING>」 참여자 모집(연장),사천시 청년센터에서는 지역자원을 기반으로 한 창업 아이템 발굴과 청년 및 전환세대의 안정적인 창업 진입을 지원하기 위해 「2026 사천 청년·전환세대 창업·창직 프로젝트 THE LANDING 」 참여자를 다음과 같이 모집하오니 많은 관심과 참여 바랍니다.,창업,공공기관,경상남도,"청소년,대학생,일반인,1인 창조기업","누구나,예비창업자,청년,초기창업기업","만 20세 이상 ~ 만 39세 이하,만 40세 이상",,,"❍ 신청자격
∙ 사천시 거주 또는 생활권자(재직∙재학)
※ 생활권자: 주민등록상 거주지는 사천시가 아니지만, 사천시 내에서 학교나 직장 등으로 사천시에서 생활하는 사람
∙ 사천시 내 예비창업자 또는 창업 3년 이내 초기 창업자
※ 사업장 기준 사천시 필수

❍ 연령기준
∙ 청년 18~39세(1987.01.01. ~ 2008.12.31. 출생자) 및 경력단절여성 우선 선발
∙ 전환세대 40~54세(1972.01.01.~1986.12.31. 출생자)
∙ 사천시 지역자원 활용형 아이템(문화‧관광‧시장‧노포‧해양‧우주항공 등) 우대

공고문 참조",,"예비창업자,1년미만,2년미만",사업화,20260427,20260512,,,"이메일 접수: 공고문 확인 필요
기타 접수: [네이버폼] https://naver.me/xvCt6p7x  주소 접속 또는
포스터 내 네이버폼 신청 QR접속",https://www.k-startup.go.kr/web/contents/bizpbanc-deadline.do?schM=view&pbancSn=177560,main,primary,2026사천청년전환세대창업창직프로젝트thelanding참여자모집연장,공공기관,20260427~20260512,사업화,사업화
kst,177559,민간투자주도형 기술창업 활성화 지원,"전북특별자치도와 전북테크토파크는 농식품 분야의 우수 기술과 혁신 아이디어를 보유한 (예비)창업기업을 발굴·육성하고, 
액셀러레이팅, 투자연계를 통한 지역 기반 기술창업 생태계 활성화를 위하여 다음과 같이 농식품 테크 분야 (예비)창업기업을 모집하오니 많은 관심과 참여 바랍니다.",교육/멘토링,민간,전국,"청소년,대학생,일반인,대학,연구기관,일반기업,1인 창조기업","기업,누구나,예비창업자,청년,초기창업기업","만 20세 미만,만 20세 이상 ~ 만 39세 이하,만 40세 이상",,,"농식품 분야의 기술 및 사업 아이템을 보유한 예비창업자 또는 창업기업(7년 미만)
전북도 내 유망기업으로서 TIPS를 목표로 하는 기업

전북 민간주도형 기술창업 활성화 지원사업 참여 횟수 2회 이상 기업",,"예비창업자,7년미만",멘토링ㆍ컨설팅ㆍ교육,20260508,20260520,,,이메일 접수: 공고문 확인 필요,https://www.k-startup.go.kr/web/contents/bizpbanc-deadline.do?schM=view&pbancSn=177559,main,primary,민간투자주도형기술창업활성화지원,민간,20260508~20260520,멘토링ㆍ컨설팅ㆍ교육,멘토링ㆍ컨설팅ㆍ교육
kst,177558,[코칭데이] 제품 출시 앞당기는 디자인·설계·양산 실전 노하우 (1:1 맞춤 무료 컨설팅),"인탑스 주식회사는 모바일 기기, 자동차, 가전, 의료기기, 로봇, 화장품 용기 등 다양한 분야의 부품과 완제품을 제조하는 글로벌 전문 기업입니다.
풍부한 CMF(Color, Material, Finish) 경험을 바탕으로 플라스틱 사출, 금속 표면처리, 패브릭 및 복합 소재 활용, 초경도·박막 코팅 등 다양한 기술을 제공하여 고객이 창의적인 제품을 디자인하고 생산할 수 있도록 지원합니다. 삼성전자, 현대차그룹, 베어로보틱스, KT 등 국내외 주요 기업과 협력해 온 40여 년 이상 경력의 제조 파트너로 디자인부터 설계, 양산까지 이어지는 원스톱 제조 시스템을 갖추고 있습니다.
인탑스가 운영하는 '페이퍼프로그램’은 하드웨어 스타트업이 제품을 시장에 성공적으로 출시할 수 있도록 기획, 디자인, 개발, IR 등 제조 전 과정을 함께 수행하는 협업 프로그램입니다.
페이퍼프로그램에서 하드웨어 스타트업을 위한 1:1 무료 컨설팅 ‘코칭데이’를 개최합니다.
코칭데이는 하드웨어 스타트업이 제품 디자인, 설계, 제조 등 다양한 분야에서 직면한 고민을 전문가와 함께 논의하고, 실질적인 해결책을 모색할 수 있는 기회를 제공합니다.
또한, 사업의 방향성과 성장 가능성에 따라 액셀러레이팅 및 투자 연계의 기회도 열려 있습니다.",교육/멘토링,민간,경상남도,"연구기관,일반기업,1인 창조기업","기업,초기창업기업","만 20세 이상 ~ 만 39세 이하,만 40세 이상",,,"· 하드웨어 관련 제조 분야(국내외 중소벤처기업)
· 개인 사업자 혹은 법인의 형태를 갖춘 업체
· 프로토타입 수준의 시연 가능한 제품 필요",,"5년미만,7년미만,10년미만",멘토링ㆍ컨설팅ㆍ교육,20260508,20260614,,,온라인 접수: https://paper-program.com/program-coachingday?utm_source=startupsite&utm_medium=kstartup&utm_campaign=coaching2605,https://www.k-startup.go.kr/web/contents/bizpbanc-ongoing.do?schM=view&pbancSn=177558,main,primary,코칭데이제품출시앞당기는디자인설계양산실전노하우11맞춤무료컨설팅,민간,20260508~20260614,멘토링ㆍ컨설팅ㆍ교육,멘토링ㆍ컨설팅ㆍ교육
kst,177557,"SK멤버사와 PoC 기회, 임팩트부스터 참여기업 모집","SK임팩트부스터는 사회문제를 비즈니스로 해결하는 임팩트 스타트업이 더 빠르게, 더 크게
성장할 수 있도록 지원하는 SK그룹의 임팩트 스타트업 육성 프로그램입니다.
SK임팩트부스터에서 당신의 임팩트를 스케일업하세요.",창업,민간,전국,일반기업,기업,"만 20세 미만,만 20세 이상 ~ 만 39세 이하,만 40세 이상",,,"- 사회문제를 비즈니스로 해결하고 있는 임팩트 스타트업
- Pre-A 이후 ~ IPO 이전 단계(또는 그에 상응하는 단계)의 대한민국 소재 기업
- SK멤버사와의 사업협력(PoC)을 통해 스케일업하고자 하는 기업",,"1년미만,2년미만,3년미만,5년미만,7년미만,10년미만",사업화,20260506,20260603,,,온라인 접수: https://skimpactbooster.happynarae.com/,https://www.k-startup.go.kr/web/contents/bizpbanc-ongoing.do?schM=view&pbancSn=177557,main,primary,sk멤버사와poc기회임팩트부스터참여기업모집,민간,20260506~20260603,사업화,사업화
kst,177556,강원BRIDGE 글로벌 진출 프로그램(알리바바닷컴 드림트립),"강원창조경제혁신센터에서는 도내 중소기업 및 스타트업의 해외 시장 진출을 돕기 위해, 글로벌 B2B 플랫폼인 알리바바닷컴을 활용한 현지 연수 및 입점 지원 프로그램을 다음과 같이 공고하오니 역량 있는 기업의 많은 참여바랍니다.",판로/수출,공공기관,강원특별자치도,일반기업,기업,"만 20세 이상 ~ 만 39세 이하,만 40세 이상",,,"글로벌 진출을 희망하는 알리바바닷컴 활용 가능 기업 또는 B2B 수출 관심 기업
(우대) 강원창조경제혁신센터 보육기업 및 투자기업/ 강원특별자치도 7대 전략산업 관련 분야 제품/ 기존 수출 실적 100만불 이상 기업",,"예비창업자,1년미만,2년미만,3년미만,5년미만,7년미만,10년미만",판로ㆍ해외진출,20260508,20260522,,,이메일 접수: 공고문 확인 필요,https://www.k-startup.go.kr/web/contents/bizpbanc-deadline.do?schM=view&pbancSn=177556,main,primary,강원bridge글로벌진출프로그램알리바바닷컴드림트립,공공기관,20260508~20260522,판로ㆍ해외진출,판로ㆍ해외진출
kst,177555,제 12회 부산 창업 아이디어 경진대회,전국 대학(원)생 및 고교생 대상(학교 밖 청소년)으로 혁신적이고 도전적인 창업 아이디어를 발굴하고 청년 창업문화 확산을 위한 『제 12회 부산 창업 아이디어 경진대회』의 참가팀 모집을 다음과 같이 공고하오니 많은 참여 바랍니다.,교육/멘토링,공공기관,부산광역시,"청소년,대학생",청년,"만 20세 미만,만 20세 이상 ~ 만 39세 이하",,,"창업에 관심 있는 전국 대학(원)생 및 고교생(학교 밖 청소년 포함) 청년 창업팀

- 개인참가 불가(2~6인 팀 구성 필수)
- 수료생 또는 26년 8월 졸업예정자 참가 불가",,예비창업자,멘토링ㆍ컨설팅ㆍ교육,20260511,20260607,,,온라인 접수: https://www.busanstartup.kr/,https://www.k-startup.go.kr/web/contents/bizpbanc-ongoing.do?schM=view&pbancSn=177555,main,primary,제12회부산창업아이디어경진대회,공공기관,20260511~20260607,멘토링ㆍ컨설팅ㆍ교육,멘토링ㆍ컨설팅ㆍ교육
kst,177554,2026년도 해양수산 이전기술 R&BD 가속화 프로그램 모집공,해양수산 R&D 우수 연구성과 기술이전 활성화를 위해 「2026년도 해양수산 이전기술 R&BD 가속화 프로그램」을 추진하고자 하오니 관심있는 기업들의 많은 참여 바랍니다.,창업,공공기관,전국,"청소년,대학생,일반인,대학,연구기관,일반기업,1인 창조기업","기업,누구나,청년,초기창업기업","만 20세 미만,만 20세 이상 ~ 만 39세 이하,만 40세 이상",,,"해양수산 R&D 등을 통해 개발된 기술을 이전*받아 창업 및 사업화를 추진하고자 하는 예비 창업자** 및 창업·벤처기업***

*해양수산 공모형 R&D 완료 기술, 해양수산부 소속 및 산하 연구기관 등 지원사업을 통해 개발된 기술, 해양수산 유망신기술 매칭 지원사업을 통해 기술을 이전받아 계약을 체결 유지하고 있는 기업
**주관기관(KIMST)-지원기관 협약일 이전 창업 필수(미창업시 선정 제외)
***사업 기간 내 창업/벤처기업 유지 필수(창업일은 개인사업자의 경우 사업자등록증 상 개업일, 법인기업의 경우 법인등기부등본상 회사설립연월일기준)

ㅇ동 사업의 지원 자금으로 사행산업 등 경제질서 및 미풍양속에 현저히 어긋나는 업종을 영위하고자 하는 자
ㅇ「신용정보의 이용 및 보호에 관한 법률」제4조에 따라 허가 받은 신용정보회사에서 기업채무 불이행 등 비정상 또는 불량 거래처로 확인된 경우
ㅇ신청기업, 대표이사 또는 수행책임자가 접수마감일 현재 국가연구개발사업 참여 제한(제재)중인 경우
ㅇ국세 또는 지방세 체납으로 규제 중인 자
ㅇ신청일 현재 부도, 휴·폐업 중인 경우
ㅇ파산·회생철차·개인회생 절차의 개시 신청이 이루어진 경우
ㅇ최근 결산 기준 자본전액잠식인 경우
ㅇ지원기업이 창업·벤처기업에 해당하지 않을 경우",,"예비창업자,1년미만,2년미만,3년미만,5년미만,7년미만,10년미만",사업화,20260508,20260522,,,온라인 접수: badabom.go.kr/stup/pbanc/detail/view.do?pbancMngNo=S-ANN202600011,https://www.k-startup.go.kr/web/contents/bizpbanc-deadline.do?schM=view&pbancSn=177554,main,primary,2026년도해양수산이전기술rbd가속화프로그램모집공,공공기관,20260508~20260522,사업화,사업화
youth,20260522005400213220,삼척형 일자리 안심공제,"공제가입 기업에 재직 중인 정규직 또는 무기계약직
공제 가입 및 공제부금 납부(5년간)",복지/문화,강원특별자치도 삼척시,강원특별자치도,"<기업>
1) 지원제외 업종(품목코드)     * 붙임 「한국표준사업분류(통계청 고시)」참조
 - 일반 유흥주점업(56211), 무도 유흥주점업(56212), 기타 주점업(56219), 기타 사행시설 관리 및
   운영업(91249), 무도장 운영업(91291) 등
2) 사업자등록을 하지 않은 기업 
3) 휴‧폐업 중인 기업. 단, 재해를 직접 원인으로 휴업 중인 기업은 가동 중인 기업으로 간주하여 가입대상에 포함
4) 국세‧지방세 체납 중인 기업. 단, 세금분납계획에 따라 성실하게 세금을 납부하고 있는 기업은 가입대상에 포함
5) 공제금․해지환급금의 부정수급 시도 등의 사유로 진흥원이 공제계약을 해지한 날로부터 3년이 경과되지 않은 기업

<근로자>
1) 해당기업의 대표자  
2) 위 1)에 해당하는 자의 배우자, 부모, 자녀
3) 신청일부터 해지일까지 주민등록상 주소지가 삼척시로 유지가 불가능한 자
4) 신청일 기준 정부 및 지방자치단체에서 시행 중인 근로자에게 직접 지원하는 
   자산형성 지원성격의 사업*에 참여 중인 자
  * (중복관리 대상사업) 강원형 일자리 안심공제, 청년내일채움공제, 청년재직자내일채움공제, 희망키움통장Ⅰ, 희망키움통장Ⅱ, 
    내일키움통장, 청년희망키움통장, 청년저축계좌, 희망저축계좌 1, 희망저축계좌 2, 청년내일저축계좌, 강원형청년일자리사업(지역정착지원), 강원 청년 디딤돌 두배 적금 등 지자체 자산형성 사업
5) 정년이 있는 기업 근로자의 경우 정년까지의 근무기간이 5년 미만인 자 
6) 대한민국 국적을 보유하지 않은 외국인 | 0013001 | 0049010",청년,만 0세 ~ 만 0세,,,"❍ 기업(법인 또는 개인사업자)
   -「중소기업기본법」제2조제1항(중소기업자의 범위)에 따른 중소기업
   -「중견기업 성장촉진 및 경쟁력 강화에 관한 특별법」제2조제1호(정의)에 따른 중견기업  ※ 소상공인 포함
   - 위 중소기업 또는 중견기업 중 삼척시에 사업장을 두고 있고, 소속 상용근로자   1명 이상인 기업 ※ 지원기간 동안 사업자등록증 상 사업장 소재지가 삼척시 내로 되어 있어야 함.

  ❍ 근로자 
   - 공제가입 기업에 재직 중인 정규직 또는 무기계약직
     ※‘정규직 또는 무기계약직’은 기간의 정함이 없는 근로계약을 체결한 근로자를 말하며 
          「기간제 및 단시간근로자 보호 등에 관한 법률」 제2조에 따른 기간제근로자는 제외함.
   - 신청일부터 해지일까지 주민등록상 주소지가 삼척시이며, 해당기업에 계속 재직이 가능한 자
   - 기업의 공제가입 승인을 받은 자",소득조건코드=0043001 / 소득범위=0~0,,"월 50만원*씩 5년간 적립 후 만기에 적립금(3천만 원)과 공제부금 이자를 근로자에게 지급
   *공제부금: 기업 기여금 15만원, 근로자 납부금 15만원 / 삼척시 지원금 20만원",        ,        ,"❍ 기업(법인 또는 개인사업자)
   -「중소기업기본법」제2조제1항(중소기업자의 범위)에 따른 중소기업
   -「중견기업 성장촉진 및 경쟁력 강화에 관한 특별법」제2조제1호(정의)에 따른 중견기업  ※ 소상공인 포함
   - 위 중소기업 또는 중견기업 중 삼척시에 사업장을 두고 있고, 소속 상용근로자   1명 이상인 기업 ※ 지원기간 동안 사업자등록증 상 사업장 소재지가 삼척시 내로 되어 있어야 함.

  ❍ 근로자 
   - 공제가입 기업에 재직 중인 정규직 또는 무기계약직
     ※‘정규직 또는 무기계약직’은 기간의 정함이 없는 근로계약을 체결한 근로자를 말하며 
          「기간제 및 단시간근로자 보호 등에 관한 법률」 제2조에 따른 기간제근로자는 제외함.
   - 신청일부터 해지일까지 주민등록상 주소지가 삼척시이며, 해당기업에 계속 재직이 가능한 자
   - 기업의 공제가입 승인을 받은 자",,삼척형 일자리 안심공제 홈페이지(https://gwwell.kr/samcheok),https://gwwell.kr/samcheok,main,primary,삼척형일자리안심공제,강원특별자치도삼척시,,금융･복지･문화,취약계층 및 금융지원
youth,20260522005400213219,대학생 아르바이트 운영,"방학기간 시정 참여를 통한 사회 경험 및 경제 활동 기회 부여
2026년 하계 (1기) 7. 6. ~ 7. 19. (2기) 7. 20. ~ 8. 2. (3기) 8. 3. ~ 8. 16.",인력/일자리,강원특별자치도 삼척시,강원특별자치도,"** 입학예정자, 제적생, 졸업생, 대학원생 제외 | 0013010 | 0049005",청년,만 0세 ~ 만 0세,,,"모집 공고일 기준으로 아래 ①, ② 요건을 모두 충족할 것
① 본인 또는 부모(친권자, 후견인 포함)의 주민등록주소가 삼척시 관내로 되어 있고,
② 대학(교)*에 재학(휴학 포함)하고 있는 학생**
  * 방송통신대학, 사이버대학, 평생교육시설 등 포함",소득조건코드=0043001 / 소득범위=0~0,,"-행정업무 보조, 현장(관광지) 업무 지원 등(1일 8시간, 주5-7일) *근무지에 따라 상이할 수 있음
-인건비: 1일 83,200원(10,400원 * 8시간)",20260526 ~ 20260605,20260816,"모집 공고일 기준으로 아래 ①, ② 요건을 모두 충족할 것
① 본인 또는 부모(친권자, 후견인 포함)의 주민등록주소가 삼척시 관내로 되어 있고,
② 대학(교)*에 재학(휴학 포함)하고 있는 학생**
  * 방송통신대학, 사이버대학, 평생교육시설 등 포함",,온라인(삼척시 공식 누리집->시민참여->시민마당->대학생 아르바이트 신청),https://www.samcheok.go.kr/citizen/01430/02605.web,main,primary,대학생아르바이트운영,강원특별자치도삼척시,20260526 ~ 20260605~20260816,일자리,취업
youth,20260522005400213216,미취업 청년 자격증 응시료 지원사업,삼척시 거주 6개월 이상 미취업 청년(18~49세) 자격증 응시료 실비 지원,교육/멘토링,강원특별자치도 삼척시,강원특별자치도,정부 및 타 지자체 동일/유사사업 수혜자 | 0013003 | 0049010,청년,만 18세 ~ 만 49세,18,49,"신청일 기준 6개월 이상 삼척시에 주민등록을 두고 있는 자
2025. 12. 1. ~ 2026. 11. 30. 실시한 시험의 실제 응시자",소득조건코드=0043001 / 소득범위=0~0,,"자격증 응시료 실비 지원(1인 10만 원 이내)
지원분야: 어학, 한국사, 국가기술(전문)자격증, 국가공인민간자격증",20260101 ~ 20261130,20261231,"신청일 기준 6개월 이상 삼척시에 주민등록을 두고 있는 자
2025. 12. 1. ~ 2026. 11. 30. 실시한 시험의 실제 응시자",,정부24 누리집 접수,https://plus.gov.kr/portal/benefitV2/benefitTotalSrvcList/benefitSrvcDtl?svcSeq=2130026&bnefType=all&svcId=424100000003,main,primary,미취업청년자격증응시료지원사업,강원특별자치도삼척시,20260101 ~ 20261130~20261231,교육･직업훈련,미래역량강화
youth,20260522005400213213,2026년 창업 아이디어 공모 및 지원,○ 창의적인 창업 아이디어 보유 창업가 발굴·지원(광주대학교 협업),인력/일자리,광주시청,광주광역시,0013010 | 0049010,청년,만 1세 ~ 만 99세,,,,소득조건코드=0043001 / 소득범위=0~0,,"○ 사업화 자금 지원(총 6,000만원 / 각 1,000만원)
· (남구) 500만원: 창업비, 홍보 마케팅, 재료비, 디자인 개발비 등
· (광주대) 500만원: 마케팅 프로듀싱비(온라인콘텐츠, 홍보물 제작 등)
※ 인건비, 사무실 임차료, 공과금, 관리비 등 운영 경비 목적 사용 불가
○ 창업 역량강화
· 창업 기본교육, 멘토링 지원",20260526 ~ 20260612,20261231,"○ 제외대상
· 사행성, 환경오염 유발 가능성 등 반사회적 성격의 창업 아이디어
· 타인의 특허·실용신안 등 지적재산권 침해(우려) 아이디어
· 창업 거점 주소 및 공간이 명확하지 않은 경우 등
· (중복지원) 타 기관 창업지원사업 선정자 신청 가능하나, 동일·유사 내용 지원 이력 시 중복지원 여부 검토 및 선정 제한 가능",☞ 자세한 내용은 붙임파일을 확인해주시기 바랍니다.,"○  신청방법 : 방문 또는 이메일 접수
· (방 문) 광주 남구 봉선로 1, 남구청 6층 일자리정책과
· (이메일) ids2915@korea.kr(제출 후 유선확인必, ☎ 607-2671)",https://www.youthcenter.go.kr/youthPolicy/ythPlcyTotalSearch/ythPlcyDetail/20260522005400213213,main,primary,2026년창업아이디어공모및지원,광주시청,20260526 ~ 20260612~20261231,일자리,창업
youth,20260522005400213211,2026 광주광역시 전략사업별 지역생태계 활성화 사업 「내일을 만드는 청년 직무형 일경험 사업」,"○ 지역 내 청년 구직 의욕 고취 및 사회적경제 기업 실질 직무경험 지원
○ 디지털마케팅·통합돌봄 분야 직무교육 및 일경험 연계 운영",인력/일자리,광주시청,광주광역시,0013010 | 0049010,청년,만 19세 ~ 만 39세,19,39,,소득조건코드=0043001 / 소득범위=0~0,,"○ 디지털 및 통합돌봄 전문 직무교육(50명)
○ 현장 중심 일경험 운영(일경험 수당 총 600만원 지급)
○ 프로젝트 기반 협업 활동 운영(디지털 직무 일경험 참여자)
○ 생활 안정화 교육(50명) 및 재무 상담(50명) 운영
○ 취업 연계 지원",20260519 ~ 20260614,20261130,"○ 우대사항
· 취업취약청년(준비 중 청년, 자립준비청년, 북한이탈청년, 은둔형외톨이, 경력단절여성 등)
· 마케팅 및 돌봄분야 취업 준비 청년",☞ 자세한 내용은 붙임파일을 확인해주시기 바랍니다.,○ 신청하기→ 온라인 신청서 작성 → 제출(해당자에 한해 추가서류 제출),https://gjsec.kr/bbs/board.php?bo_table=noti&wr_id=2902,main,primary,2026광주광역시전략사업별지역생태계활성화사업내일을만드는청년직무형일경험사업,광주시청,20260519 ~ 20260614~20261130,일자리,취업
youth,20260521005400213209,청년온가 2026년 정기 입주자 모집 재공고,"광산구가 미취업청년의 성공적인 자립과 미래를 위해 준비한 청년 빌드업스테이 광산청년온(溫)가(家)에서 2026년 정기 입주자를 아래와 같이 모집하오니 미취업 청년들의 많은 관심과 도전 바랍니다.
□ 모집개요
o 모집대상 : 미취업 청년(19~39세) 총 3명(남성·여성 청년 총 3명)
o 모집기간 : 2026. 5. 14.(목) ~ 충원 시 까지
o 내 용
- 청년 1인 1호실 독립공간 무료 제공
- 자립역량 교육 : 혼밥 식단관리, 개별 심리상담, 동아리활동 지원, 재무관리, 구 직기술 및 직무역량 강화 등
- 취업역량교육 : 청년정책 사업 연계, 구직활동 지도, 일경험 프로그램 운영
o 신청방법 : 이메일 접수(youth-onga@naver.com)
o 문 의 처 : ☎062-710-7717 (광산 청년온가)",주거,광주시청,광주광역시,0013010 | 0049010,청년,만 19세 ~ 만 39세,19,39,,소득조건코드=0043001 / 소득범위=0~0,,"o 내 용

- 청년 1인 1호실 독립공간 무료 제공

- 자립역량 교육 : 혼밥 식단관리, 개별 심리상담, 동아리활동 지원, 재무관리, 구 직기술 및 직무역량 강화 등

- 취업역량교육 : 청년정책 사업 연계, 구직활동 지도, 일경험 프로그램 운영
[출처] 청년온가 2026년 정기 입주자 모집 재공고|작성자 광산 청년온가",20260514,20261231,,,o 신청방법 : 이메일 접수(youth-onga@naver.com),https://blog.naver.com/youth-onga/224285460127,main,primary,청년온가2026년정기입주자모집재공고,광주시청,20260514~20261231,주거,주택 및 거주지
youth,20260518005400213206,2026 농식품가공창업보육센터 이용자 모집 공고(공유주방 창업팀 1기),지역 농산물을 활용한 식품 가공 창업 활성화 및 초기 창업자의 실전형 창업 지원을 위한 공유주방 이용자 모집,인력/일자리,광주시청,광주광역시,0013010 | 0049010,청년,만 19세 ~ 만 99세,19,,,소득조건코드=0043001 / 소득범위=0~0,,"○ 공유주방 시설 이용 지원
· 일반조리실 및 베이커리실 작업 공간(테이블) 제공 · 식품가공에 필요한 주요 장비 무상 사용 
○ 창업 보육 프로그램 운영
· 공유주방 첫걸음 과정 및 오리엔테이션 제공 · 시제품 개발 및 제조·판매 활동 지원",20260506 ~ 20260608,20260930,"○ 가점 대상
· 농업경영체등록확인서 제출자(농업인) · 청년 창업자 및 사업자등록 예정/완료자",☞ 자세한 내용은 붙임파일을 확인해주시기 바랍니다.,○ 신청방법 : 방문 접수 또는 이메일(diddh0428@korea.kr) 제출,https://www.youthcenter.go.kr/youthPolicy/ythPlcyTotalSearch/ythPlcyDetail/20260518005400213206,main,primary,2026농식품가공창업보육센터이용자모집공고공유주방창업팀1기,광주시청,20260506 ~ 20260608~20260930,일자리,창업
youth,20260513005400213205,부산 청년문화축제(부산 스텝업댄스페스티벌),부산 청년문화 대표 축제 ‘부산스텝업댄스페스티벌’ 개최로 지역 청년예술가들에게 공연 기회 제공과 시민 문화향유 기회 확대,복지/문화,부산광역시 청년산학국 청년정책과,부산광역시,0013010 | 0049010,청년,만 0세 ~ 만 0세,,,,소득조건코드=0043001 / 소득범위=0~0,,"① 대회 운영
 - 메인경연: 1:1 댄스 배틀, 퍼포먼스 챔피언십 등
 - 서브경연: 주니어 챔피언십, 케이팝댄스챔피언십 등
② 사전 행사: 랜덤플레이댄스, 대회 지원
③ 부대 프로그램: 개막식&토크쇼, 댄스클래스, 워너비토크쇼, 스텝업콘서트, 스트릿마켓",20260318 ~ 20260417,20260510,,,,https://busanstepupfestival.com/home,main,primary,부산청년문화축제부산스텝업댄스페스티벌,부산광역시청년산학국청년정책과,20260318 ~ 20260417~20260510,금융･복지･문화,문화활동 및 생활지원
youth,20260513005400213204,부산 청년 일하는 기쁨카드 지원,부산 소재 중소기업 재직 청년에게 복지포인트 지원으로 근로의욕 고취 및 복지수준 향상,인력/일자리,부산광역시 청년산학국 청년정책과,부산광역시,※ 유사사업 참여 중 이거나 수혜이력이 있는 자 등 | 0013001 | 0049010,청년,만 18세 ~ 만 39세,18,39," - 공고일 기준 주민등록상 부산광역시 거주자
 - 공고일 기준 부산 소재 중소기업 3개월 이상 재직자(2024.1.1. 이후 입사자)","소득조건코드=0043003 / 소득범위=0~0 / 월 소득 3,847천원 이하(기준 중위소득 150% 이하)",," ○ 지원내용
   - 1인당 100만원 복지포인트 지원(연 2회, 50만원씩 나누어 지원)
   - 사용분야 : 문화여가, 자기계발, 건강관리, 생활지원
   - 사용기간 : 복지 포인트 지급 시부터 2026. 11. 30.까지",20260406 ~ 20260424,20261231,"- 공고일 기준 주민등록상 부산광역시 거주자
 - 공고일 기준 부산 소재 중소기업 3개월 이상 재직자(2024.1.1. 이후 입사자)

제출서류 심사 후 적격자 대상 추첨 2,000명","재직처 중소기업확인서 및 사업자 등록증
 (그 외 필요서류 공공마이데이터 연계하여 수집)",부산 청년 일하는 기쁨카드 누리집 온라인 신청,https://young.busan.go.kr/index.nm?menuCd=33,main,primary,부산청년일하는기쁨카드지원,부산광역시청년산학국청년정책과,20260406 ~ 20260424~20261231,일자리,재직자
youth,20260513005400213203,부산 청년두드림센터 운영,"부산지역 청년의 취업역량 강화프로그램 운영, 취업활동공간 지원, 청년일자리 상담 및 취업 알선 등 부산청년 취업 지원을 위한 센터 운영사업",인력/일자리,부산광역시 청년산학국,부산광역시,0013003 | 0049010,청년,만 18세 ~ 만 39세,18,39,,소득조건코드=0043001 / 소득범위=0~0,,"① 청년두드림센터 공간 운영
 - 청년들의 커뮤니티 활동 및 각종 행사를 위한 장소, 취업 준비 활동(개별학습 및 스터디모임 등)을 위한 공간 지원
 - 오픈공간, 학습공간, 대회의실, 스터디룸 등 취업활동 공간제공
② 전주기 맞춤형 취업 상담 ‘드리미케어’
 - 전문 취업 상담을 통한 청년구직 단계별 1:1맞춤형 전담 매칭 실시
 - 공채 시기별 맞춤형 프로그램 구성, 소그룹 운영 상담 실시, 입사지원서 및 자기소개서 지도, 실전 모의면접 진행 등
③ 청년취업역량강화 프로그램
 - 분기별 맞춤형 취업지원 프로그램 운영을 통한 청년 유입 유도 및 구직역량 강화 등
 - 다양한 구인‧구직 요구의 적시 대응을 위한 협업 네트워크 구축 등",20260101 ~ 20261231,20261231,,"기초상담 질문지 입력, 예약",‘청년부산잡스‘ 홈페이지 상담 예약 ⇒ 대면(유선)상담,https://young.busan.go.kr/index.nm?menuCd=34,main,primary,부산청년두드림센터운영,부산광역시청년산학국,20260101 ~ 20261231~20261231,일자리,취업
youth,20260513005400213202,부산 면접정장 대여서비스(드림옷장),취업준비생 입사면접용 정장 무료대여,인력/일자리,부산광역시 청년산학국 청년정책과,부산광역시,0013003 | 0049010,청년,만 18세 ~ 만 39세,18,39," ※ 부산 거주(거소) 청년
 ※ 타 지역 거주(거소) 청년의 경우 부산소재 기업 면접 시 가능",소득조건코드=0043001 / 소득범위=0~0,,"입사 면접용 정장 무료 대여 및 코디 컨설팅
 - 만 15~39세 이하 부산 거주(거소) 청년 구직자 대상 정장 대여
 - 자켓, 셔츠, 블라우스, 치마, 바지, 넥타이, 벨트, 구두 등 면접 용품 대여 가능
 - 사이즈 일부 수선, 정장 피팅 및 코디 컨설팅 지원",,,"※ 부산 거주(거소) 청년
 ※ 타 지역 거주(거소) 청년의 경우 부산소재 기업 면접 시 가능","부산 거주 확인서류, 면접 사실 확인서류",온라인예약 ▷ 예약승인 ▷ 현장방문 대여 ▷ 정장 반납,https://young.busan.go.kr/index.nm?menuCd=32,main,primary,부산면접정장대여서비스드림옷장,부산광역시청년산학국청년정책과,,일자리,취업
youth,20260513005400213201,부산 취업연수생 고용사업,미취업 청년에게 행정체험을 제공함으로써 직장 적응능력 향상과 역량 강화로 일자리 진입 지원,인력/일자리,부산광역시 청년산학국 청년정책과,부산광역시,타 직접일자리사업 중복참여자 참여 불가 | 0013003 | 0049009,청년,만 18세 ~ 만 29세,18,29, 최종학력 고졸 이상 미취업자로서 졸업 후 3년 이내인 자,소득조건코드=0043001 / 소득범위=0~0,,"① 행정 체험 제공
 - 시·시의회, 직속기관·사업소, 공공기관·출자출연기관, 비영리단체 등 다양한 기관의 행정 체험 제공 및 취업역량 강화
② 시정체험 및 취업역량강화 프로그램 제공
 - 연수생의 시정 관심 제고 및 홍보를 위한 다양한 시정 주요현장 업무 체험 기회 마련
 - 맞춤형 취업상담 및 지역 내 우수기업 탐방 기회 제공으로 직장 적응능력 향상 및 구직 의욕 고취
",,,"최종학력 고졸 이상 미취업자로서 졸업 후 3년 이내인 자

부서별 신청(중복신청 불가)","(필수) 신청서, 개인정보수집·이용·제공동의서, 졸업증명서, 등/초본
 (선택) 취약계층 증빙서류",➀ 부산청년플랫폼 접속 → ➁ [일자리] 클릭 → ➂ [취업연수생] 클릭 → ④ 청년부산잡스 취업연수생 바로가기 클릭 ⑤ 회원가입(로그인) → ⑥ 신청하기(온라인 신청서 작성 및 제출서류 스캔 파일 업로드),https://young.busan.go.kr/index.nm?menuCd=161,main,primary,부산취업연수생고용사업,부산광역시청년산학국청년정책과,,일자리,취업
youth,20260513005400213200,부산 청년 임차보증금 대출 및 대출이자 지원(머물자리론),청년층의 주거비부담 경감을 위해 청년 임차보증금 대출 및 대출이자 지원,주거,부산광역시 청년산학국 청년정책과,부산광역시,"- 신혼부부 (혼인신고일 기준 7년이내) 
 - 기초생활(생계,주거)수급자
 - 부·모, 배우자의 부·모와 임대차계약한 자 
 ※ 유사사업 참여 중 이거나 수혜이력이 있는 자 등 | 0013010 | 0049010",청년,만 19세 ~ 만 39세,19,39," - 주민등록상 부산거주 무주택 청년 세대주
 - 주택기준 : 임차보증금 2억원 이하 
 - 임대차계약을 체결하고 임차보증금 5% 이상을 지불한 자","소득조건코드=0043003 / 소득범위=0~0 / 본인 연소득 6천만원 이하, 부부합산 1억원 이하",," ○ 지원내용 : 임차보증금 대출 및 대출이자 지원 
  - 대출한도 : 최대 1억원 이내 (임차보증금 90% 범위 내)
  - 이자지원 : 연소득 45백만원 이하 2.5%, 45백만원 초과 2% ",,,"- 주민등록상 부산거주 무주택 청년 세대주
 - 주택기준 : 임차보증금 2억원 이하 
 - 임대차계약을 체결하고 임차보증금 5% 이상을 지불한 자","가족관계증명서, 임대차계약서",부산청년플랫폼 누리집 온라인 신청,https://young.busan.go.kr/index.nm,main,primary,부산청년임차보증금대출및대출이자지원머물자리론,부산광역시청년산학국청년정책과,,주거,전월세 및 주거급여 지원
youth,20260513005400213199,부산 청년 월세 지원,청년층의 주거비부담 경감을 위해 청년 월세 지원,주거,부산광역시 청년산학국 청년정책과,부산광역시,※ 유사사업 참여 중 이거나 수혜이력이 있는 자 등 | 0013010 | 0049010,청년,만 19세 ~ 만 34세,19,34,"
 - 부모님과 별도 거주 무주택청년
 - 재산기준 : 원가구 4억7천만원 이하, 청년가구 1억22백만원 이하","소득조건코드=0043003 / 소득범위=0~0 / 청년 기준중위소득 60%(월소득 154만원) 이하, 원가구 기준중위소득 100%(월 536만원) 이하",," ○ 지원내용 : 월 최대 20만원, 최대 24개월 지원",20260330 ~ 20260529,20260509,"- 부모님과 별도 거주 무주택청년
 - 재산기준 : 원가구 4억7천만원 이하, 청년가구 1억22백만원 이하","월세지원신청서, 소득·재산 신고서, 임대차계약 및 월세이체 증빙서류, 서약서, 입금통장 사본, 청년 및 부·모의 가족관계증명서, 배우자 및 배우자 부·모의 가족관계증명서",복지로 누리집 온라인 신청,https://young.busan.go.kr/index.nm?menuCd=37,main,primary,부산청년월세지원,부산광역시청년산학국청년정책과,20260330 ~ 20260529~20260509,주거,전월세 및 주거급여 지원
youth,20260513005400213198,부산 청년 중개보수 및 이사비 지원,"부산시 전입, 부산시 내 이사 후 전입 신고한 일하는 청년에게 이사비 지원",주거,부산광역시 청년산학국 청년정책과,부산광역시,※ 유사사업 수혜이력이 있는 자 등 | 0013010 | 0049010,청년,만 18세 ~ 만 39세,18,39," - ‘25. 1. 1.이후 부산시 전입 및 부산시 내 이사 후 전입신고
 - 주택 거래금액 1.5억원 이하 전・월세 거주
 - 무주택자, 부모 별도 거주","소득조건코드=0043003 / 소득범위=0~0 / 기준중위소득 120%이하(월 3,078천원 이하)",," ○ 지원내용 : 부동산 중개보수 및 실제 소요된 이사 비용(최대 40만원)
   - (중개보수) 임대차 계약 체결 시 소요되는 중개 수수료
   - (이사비) 개인용달, (반)포장이사, 사다리차 이용비 등
   ※ 택배비, 청소비, 개인적 차량 렌트비, 개인 아르바이트 고용 용역비 등 제외 ",20260801 ~ 20261231,,"- ‘25. 1. 1.이후 부산시 전입 및 부산시 내 이사 후 전입신고
 - 주택 거래금액 1.5억원 이하 전・월세 거주
 - 무주택자, 부모 별도 거주","부동산임대차계약서, 중개보수 및 이사비 납부 영수증, 통장사본 등",부산청년플랫폼 온라인 신청,https://young.busan.go.kr/index.nm,main,primary,부산청년중개보수및이사비지원,부산광역시청년산학국청년정책과,20260801 ~ 20261231~,주거,전월세 및 주거급여 지원
youth,20260513005400213197,부산 청년 자산형성 지원(부산청년 기쁨두배통장),청년에게 저축을 통한 자산형성 지원 및 금융역량 강화,인력/일자리,부산광역시 청년산학국 청년정책과,부산광역시,"※ 유사사업 참여 중 이거나 수혜이력이 있는 자, 본인 명의 통장개설이 불가능한 자 등 | 0013010 | 0049010",청년,만 18세 ~ 만 39세,18,39," ※ 사업자의 경우 본인 명의 사업자등록증 
 ※ 공고일 기준 주민등록상 부산시 거주","소득조건코드=0043003 / 소득범위=0~0 / 기준중위소득 150%이하(월 소득 3,847천원 이하) / 건강보험료로 판단 : 직장가입자 138,780원 지역가입자 68,641원",," ○ 지원내용 : 청년 10만원 저축시 1:1 市 매칭 지원, 금융교육
  ※ 저축기간 24개월 또는 36개월",20260810 ~ 20260821,,"※ 사업자의 경우 본인 명의 사업자등록증 
 ※ 공고일 기준 주민등록상 부산시 거주",,부산청년기쁨두배통장 누리집 온라인 신청,https://young.busan.go.kr/index.nm?menuCd=53,main,primary,부산청년자산형성지원부산청년기쁨두배통장,부산광역시청년산학국청년정책과,20260810 ~ 20260821~,일자리,취업
youth,20260513005400213196,부산 청년 신용회복 지원,"경제적 어려움을 겪고 있는 청년들 대상으로 재무상담, 채무조정, 연체예방비용 지원 및 경제교육 등을 실시하여 경제적 자립을 지원",복지/문화,부산광역시 청년산학국 청년정책과,부산광역시,0013010 | 0049010,청년,만 18세 ~ 만 39세,18,39," ※ 신청일 기준 주민등록상 부산시 거주
 ※ 연체예방비용 지원: 최근 3개월 월 평균 소득 50만원 이상, 연체가능성이 있거나 최근 3개월 이내 연체이력이 있는 청년",소득조건코드=0043001 / 소득범위=0~0,," ○ 지원내용
  - 1:1 맞춤형 재무상담 지원
  - 채무조정 및 연체예방 비용 지원
  - 청년 맞춤형 경제교육 지원",,,"※ 신청일 기준 주민등록상 부산시 거주
 ※ 연체예방비용 지원: 최근 3개월 월 평균 소득 50만원 이상, 연체가능성이 있거나 최근 3개월 이내 연체이력이 있는 청년",,부산신용보증재단 상담 후 신청,https://www.부산청년희망.kr,main,primary,부산청년신용회복지원,부산광역시청년산학국청년정책과,,금융･복지･문화,취약계층 및 금융지원
youth,20260513005400213195,부산 청년 생활인구 유입 활성화(부산온나청년패스),"부산을 방문하는 타지역 청년 대상으로 부산온나청년패스 발급,
 제휴시설 이용 할인 제공",복지/문화,부산광역시 청년산학국 청년정책과,부산광역시,0013010 | 0049010,청년,만 18세 ~ 만 39세,18,39, ※ 타시도 청년(주민등록이 부산광역시 외로 등록되어 있는 청년),소득조건코드=0043001 / 소득범위=0~0,,"① 부산온나청년패스 신청 및 발급
 - (신청) 대상자가 “부산청년플랫폼”에서 「부산온나청년패스」 신청 
 - (승인) 신청즉시 발급, 실시간 승인
② 제휴업체 할인·이용
 - (이용) 제휴시설 방문시 청년패스 확인 후 이용료 할인 
    ① 이용자가 “단말기에 업체 QR코드 인식”
    ② 제휴업체에서 청년패스 확인 후 생활인구 이용료 적용",,,"※ 타시도 청년(주민등록이 부산광역시 외로 등록되어 있는 청년)

주민등록이 부산광역시 외로 등록되어 있는 청년
 (행정정보공동이용을 연계하여 주민등록 확인)",,부산청년플랫폼-부산청년정책-부산온나청년패스 신청,https://young.busan.go.kr/index.nm?menuCd=269,main,primary,부산청년생활인구유입활성화부산온나청년패스,부산광역시청년산학국청년정책과,,금융･복지･문화,문화활동 및 생활지원
youth,20260513005400213194,부산 청년문화육성 지원,부산지역 청년 및 청년예술인을 위한 청년문화육성 지원,복지/문화,부산광역시 청년산학국 청년정책과,부산광역시,0013010 | 0049010,청년,만 18세 ~ 만 39세,18,39,,소득조건코드=0043001 / 소득범위=0~0,,"① 청년신진예술가 창작활동지원
 - 부산 청년신진예술가의 창작활동을 위한 지원금 지급
② 청년예술가 자율기획
 - 청년이 문화예술을 소재로 직접 설계한 프로젝트 제안 및 수행
③ 청년연출가 작품 제작지원
 - 청년연출가의 우수공연 콘텐츠 지원하여 지역의 대표 공연 브랜드 육성
④ 예술×기술 융복합 프로젝트 운영
 - 청년예술가들이 첨단기술(AI 등)을 능동적 창작 도구로 활용 가능하도록 기술교육 등 역할 강화
⑤ 민락인디트레이닝센터 운영
 - 인디문화 콘텐츠 개발 및 육성을 위한 트레이닝 프로그램 운영
⑥ 청년예술가 국제교류
 - 청년예술가들의 국제적 감각을 배양 및 교류를 통한 역량 강화
⑦ 청년 아트페어
 - 시각분야 청년예술가들의 작품을 판매하는 페어 운영
⑧ 청년 예술작품 구독
 - 시민들에게 노출될 수 있는 기관의 주요공간에 시각 분야 청년
   예술가들의 작품을 일정기간 향유할 수 있도록 구독 지원
⑨ 부산 아티스트택
 - 시각예술 분야 청년 예술가 작품을 활용한 상품 출시
⑩ 청년문화홍보
 - 청년문화 온라인 콘텐츠 제작, 성과공유회 운영",,,,,사업별 상이(부산문화재단 홈페이지 공모내용 확인),https://young.busan.go.kr/index.nm?menuCd=235,main,primary,부산청년문화육성지원,부산광역시청년산학국청년정책과,,금융･복지･문화,예술인지원
youth,20260513005400213193,부산 청년만원플러스문화패스,청년들의 문화관람비 부담경감 통해 다양한 문화콘텐츠 향유기회 제공,복지/문화,부산광역시 청년산학국 청년정책과,부산광역시,부산청년만원+문화패스 및 청년문화예술패스 기선정자 | 0013010 | 0049010,청년,만 18세 ~ 만 39세,18,39,,소득조건코드=0043001 / 소득범위=0~0,,"부산시 거주 청년(18~39세) 대상 지역 우수 문화공연을 1만원으로 
관람할 수 있도록 지원
  - (청년) 1만원 결제 / (市) 공연기획사에 차액 사후 보전 ▹1인 최대 10만원까지",20260428 ~ 20260430,,,,"부산이즈굿 동백전 → 부산청년만원+문화패스 신청 → 정책자금 신청 목록에서 부산청년만원+문화패스 선택 → 선착순 신청 선택 → 서비스 정보이용 제공 동의 → 신청인 정보 입력 → 8,500명 선착순 선정",https://young.busan.go.kr/index.nm?menuCd=234,main,primary,부산청년만원플러스문화패스,부산광역시청년산학국청년정책과,20260428 ~ 20260430~,금융･복지･문화,문화활동 및 생활지원
youth,20260513005400213192,부산 청년문화예술패스,"19∼20세 청년(2006∼2007년생)에게 문화예술 관람 등 지원을 통한
 문화향유 기회 제공",복지/문화,부산광역시 청년산학국 청년정책과,부산광역시,"2025년 청년문화예술패스 이용자 신청 불가
 (단, 실제 사용 금액이 없는 이용자는 신청 가능) | 0013010 | 0049010",청년,만 19세 ~ 만 20세,19,20,,소득조건코드=0043001 / 소득범위=0~0,,1인당 연 15만원~20만원 공연·전시 ·영화 관람비 지원,20260225 ~ 20260630,,,,"‘청년문화예술패스’ 누리집에서 신청·발급 후 지정된 협력예매처에서
 공연･전시･영화 관람권 예매 시 사용",https://young.busan.go.kr/index.nm?menuCd=245,main,primary,부산청년문화예술패스,부산광역시청년산학국청년정책과,20260225 ~ 20260630~,금융･복지･문화,문화활동 및 생활지원
youth,20260513005400213190,부산 신진예술인 육성 지원(신진청년예술인 인큐베이팅 및 경력 개발 지원),부산지역 신진청년예술인 공연제작 전반 참여 지원,복지/문화,부산광역시 청년산학국 청년정책과,부산광역시,0013010 | 0049010,청년,만 18세 ~ 만 39세,18,39,,소득조건코드=0043001 / 소득범위=0~0,," - 부산지역 청년예술인 25여 명 선발 (공모·오디션 등)
 - 대규모 작품 제작·참여를 통해 신진청년예술인 발굴 및 육성
 - 공연 창작물 국내·외 아트마켓 연계 추진으로 활동기반 마련",,,,,부산문화회관 홈페이지 공모 확인 후 지원,https://young.busan.go.kr/index.nm?menuCd=61,main,primary,부산신진예술인육성지원신진청년예술인인큐베이팅및경력개발지원,부산광역시청년산학국청년정책과,,금융･복지･문화,예술인지원
youth,20260513005400213189,부산 청년 로컬크리에이터 레벨업,"부산지역 자원 및 특성을 기반으로 창업한 청년 기업에 재정지원, 네트워킹 활성화 등으로 성장·정착 지원",인력/일자리,부산광역시 청년산학국 청년정책과,부산광역시,0013010 | 0049010,청년,만 18세 ~ 만 39세,18,39,,소득조건코드=0043001 / 소득범위=0~0,,"① 청년 로컬크리에이터 육성 및 발굴
  - 대상: 창업 7년 미만 만39세 이하, 소비자 대상 제품·서비스를 보유한
    청년 로컬크리에이터 기업 ▸ 16개사 내외 선정
  - 일정: 모집공고(2~3월) → 선정발표(3월 내) → 자금지원 및 수행(4~12월) 
  - 지원: 사업화 자금(기업당 최대 4,000만원이내), 맞춤형 컨설팅 등

② 로컬자원 활용 프로젝트 수행기업 지원
  - 대상: 인구 감소·관심지역내 상권, 빈집, 유휴공간을 활용한 프로젝트 수행 청년 기업 ▸ 4개사 내외 선정 ※  감소지역: 동구, 서구, 영도구 / 관심지역: 중구, 금정구
  - 일정: 모집(3~4월) → 선정·사업 착수(4월내) → 1차 지원(50%) 및 수행(4~7월)
    → 중간평가 → 2차 지원(50%) 및 수행(8~12월)
  - 지원: 사업화 자금(기업당 4,000만원 내외 차등 지급), 맞춤형 컨설팅 등
 
③ 로컬크리에이터 교류·협력 프로그램 추진(5~11월 중) 
  - 로컬크리에이터 협의체 구성: 기업 자문·의견 교류
  - 로컬 비즈니스 컨퍼런스 개최: 민간 투자·유관기관 연계 네트워킹 등
  - 로컬크리에이터 쇼케이스 개최: 지원기업 제품 팝업스토어 등
  - 로컬 콘텐츠 제작 및 홍보: 공식 SNS 등 다수 채널 활용 홍보",20260201 ~ 20260430,,,,,https://busanjob.net/yjob/index.do,main,primary,부산청년로컬크리에이터레벨업,부산광역시청년산학국청년정책과,20260201 ~ 20260430~,일자리,창업
youth,20260513005400213188,부산청년 글로벌 잡(JOB) 챌린지 프로젝트,해외일경험 참여 청년의 글로벌 기업 취업 매칭 위해 정규직 채용 조건의 인턴 채용 인건비 제공,인력/일자리,부산광역시 청년산학국 청년정책과,부산광역시,0013010 | 0049010,청년,만 18세 ~ 만 39세,18,39,,소득조건코드=0043001 / 소득범위=0~0,,"① 해외일경험 참여 청년의 글로벌 기업 취업 매칭
  - (기업) 정규직 채용 조건의 인재 채용 인건비 제공
          (1인 월 150만원*최대3개월)
  - (청년) 채용 전후 역량강화 프로그램 제공 및 연계 ",        ,        ,,(기업) 사업참여 신청서 및 증빙서류,‘부산일자리정보망‘ 홈페이지,https://www.busan.go.kr/expdetail/view?schYear=2025&schDbiz=626000020253008E,main,primary,부산청년글로벌잡job챌린지프로젝트,부산광역시청년산학국청년정책과,,일자리,취업
youth,20260513005400213187,부산 전세보증금 반환보증 보증료 지원,전세보증금 반환보증 보증료 지원을 통해 반환보증 가입을 유도하여 전세사기 피해방지 및 주거안정 도모,주거,부산광역시 주택건축국 주택정책과,부산광역시,"신청인 기준 보증효력이 유효한 전세보증금반환보증에 가입
 임차보증금 3억원 이하, 무주택 | 0013010 | 0049010",청년,만 18세 ~ 만 39세,18,39,"소득요건 : 연소득 (청년) 5천만원, (청년 외) 6천만원, (신혼부부) 7.5천만원 이하
  - 청년: 18세~39세(부산시 청년 기본조례)
  - 신혼부부: 혼인신고일 7년 이내, 신혼부부 유형으로 보증료 할인 받은 경우 등 연령 무관",소득조건코드=0043003 / 소득범위=0~0 / 신청자격요건 참조,,"전세보증금 반환보증 가입을 유도하여 전세사기 피해 예방
- (사업기간) 26. 1. 1. ~ 예산 소진 시까지
- (추진기관) 국토교통부, 부산시, 16개 구군
- (사 업 비) 1,238,000천원(국 50%, 시 50%)  
- (지원대상) 지원기준을 모두 충족하는 주민등록상 부산 거주 시민
 ▹신청인 기준 보증 효력이 유효한 전세보증금반환보증에 가입
 ▹임차보증금 3억원 이하
 ▹연소득 (청년) 5천만원, (청년 외) 6천만원, (신혼부부) 7.5천만원 이하
 ▹무주택  ※ 본인, 배우자 모두 무주택 / 분양권, 입주권 주택 포함
- (지원내용) 전세보증금 반환보증 보증료 전부 또는 일부 지원(최대 40만원)
- (지원인원) 약 4,000명",,,"소득요건 : 연소득 (청년) 5천만원, (청년 외) 6천만원, (신혼부부) 7.5천만원 이하
  - 청년: 18세~39세(부산시 청년 기본조례)
  - 신혼부부: 혼인신고일 7년 이내, 신혼부부 유형으로 보증료 할인 받은 경우 등 연령 무관

방문 신청 가능(주소지 관할 구군청)","신청서, 서약서, 통장사본, 보증서, 보증료 납부 증빙서류, 임대차계약서,
 부동산 등기사항 전부증명서, 주민등록등본, 혼인관계증명서 등","보증보험 가입(신청자) → 신청(정부24, 안심전세포털 등) → 접수(구군)",https://www.busan.go.kr/depart/reguarantee01,main,primary,부산전세보증금반환보증보증료지원,부산광역시주택건축국주택정책과,,주거,주택 및 거주지
youth,20260513005400213186,부산 전세피해 임차인 민간주택 월세지원사업,「전세사기피해자 지원 및 주거안정에 관한 특별법」과 연계하여 부산지역 전세사기 등 피해자들의 주거 불안 해소 및 주거 안정 지원,주거,부산광역시 주택건축국 주택정책과,부산광역시,"① (지원제외) 아래 1가지 이상 해당하는 자는 지원 대상에서 제외
  - 전세사기피해자가 거주주택을 경락받거나 신규주택을 구입한 경우
  - 공공 임대주택에 입주한 경우(긴급주거지원 포함)
  - 직계존·비속, 형제·자매 등 2촌 이내 친족의 주택을 임차한 경우
  - 「긴급복지지원법」에 의한 긴급복지지원을 받고 있는 경우
  - 정부 및 지자체의 월세(주택임대료) 지원사업 참여자(청년 월세      지원 사업 등)
  - 국민기초생활수급자 중 주거급여 수급자
  - 국토부에서 피해자 결정이 철회 또는 취소된 자(패해액 전액 회수 등)
 ② (지원종료) 아래 1가지 이상 해당하는 자는 지원종료
  - 정부 및 지자체의 월세(주택임대료) 지원사업 참여가 사후 확인된 경우
  - 관외 전출할 경우, 전출일이 속하는 달부터 지원종료
 ③ (지원중단) 대상자로 선정되었으나, 사유 없이 월세 납입내역 등      증빙자료 제출하지 않은 월에 한하여 해당월 납입분 미지급(횟수차감)
 ④ (선정취소) 거짓이나 그 밖의 부정한 방법으로 지원받은 경우 지원  
    전액 회수 | 0013010 | 0049010",청년,만 18세 ~ 만 39세,18,39,"ㅇ 아래 요건을 모두 충족하는 자
 - 특별법에 따라 전세사기피해자(등)으로 결정된 자
   * 전세사기피해자(등)으로 결정된 날부터 3년이내 신청(법14조의2)
 - 신청일 현재, 부산광역시에 주민등록이 되어있는 무주택자*
    * 분양권 및 조합원 입주권은 주택으로 산정하지 않음 
      ▸ 전세피해 임차인 버팀목 전세대출 조건을 따름
 - 전세피해 주택이 부산광역시에 소재하면서, 부산광역시에 소재한     민간 주택에 월세 계약을 체결하여 주민등록 전입 및 실제 거주하는 자
 - 피해주택 임대차계약서의 임차인과 월세주택 임대차계약서의 임차인     및 본 사업 신청자가 모두 피해자 본인일 것",소득조건코드=0043001 / 소득범위=0~0,,"ㅇ전세피해 임차인 민간주택 월세 한시 지원
- 지원대상: 특별법에 따른 전세사기피해자(등) 결정자로서, 민간주택으로         신규 이주하여 월세 형태로 주거 중인 세대
- 지원내용: 월세 실비 지원(월 최대 40만원 한도)
- 지원기간: 선정월로부터 2년간(최대 24회차 납입분까지)",,,"ㅇ 아래 요건을 모두 충족하는 자
 - 특별법에 따라 전세사기피해자(등)으로 결정된 자
   * 전세사기피해자(등)으로 결정된 날부터 3년이내 신청(법14조의2)
 - 신청일 현재, 부산광역시에 주민등록이 되어있는 무주택자*
    * 분양권 및 조합원 입주권은 주택으로 산정하지 않음 
      ▸ 전세피해 임차인 버팀목 전세대출 조건을 따름
 - 전세피해 주택이 부산광역시에 소재하면서, 부산광역시에 소재한     민간 주택에 월세 계약을 체결하여 주민등록 전입 및 실제 거주하는 자
 - 피해주택 임대차계약서의 임차인과 월세주택 임대차계약서의 임차인     및 본 사업 신청자가 모두 피해자 본인일 것

① 민간주택 월세 실비 지원 (최대 40만원 한도)
  - 임대차계약서의 월세액에 한하며, 관리비 등은 제외
  - 긴급 주거지원(공공 임대주택) 이용 중 민간 월세 주택으로 이주한 경우,  총 지원기간 2년 중 긴급 주거지원 기간을 제외한 기간만 지원대상
 ② 사업 신청 이전 지출 내역에 대하여 소급 지급 불가
  - (예) 26년 1월 신청의 경우, 26년 1월분 월세 납입금액부터 지원함
 ③ 최대 24회차 납입분까지 지원
 ④ 본 사업과 전세대출 이자지원 사업은 동시 지급 불가
  - (예1) 1인 24회차 범위중 12회는 대출이자지원 12회는 월세지원 불가
  - (예2) 전·월세 혼합된 형태로 거주하는 경우, 대출이자 지원사업과 월세지원 중 신청자 희망 사업 선택지원","신청서, 개인정보수집·이용등 동의서, 주민등록등본, 통장사본, 신분증, 가족관계증명서(상세)(부·모·본인 기준 각 1부씩), 전세사기피해자등 결정통지서 및 결정문, 피해주택 및 이주주택 임대차계약서, 월세 납부 증빙서류(계좌이체내역서 등)","① 민간월세 계약
② 이주
③ 월세지원 신청 및 월세납입내역 제출(매월 말까지)
④ 지원대상 적합여부 및구비서류 검토
⑤ 월세지원
⑥ 사후관리",https://www.busan.go.kr/depart/charterdamage001,main,primary,부산전세피해임차인민간주택월세지원사업,부산광역시주택건축국주택정책과,,주거,주택 및 거주지
youth,20260513005400213184,청년내일저축계좌 지원,"○ 저소득 일하는 청년의 자산형성을 지원하여 자립 기반을 마련함 
○ 본인 저축액에 정부지원금을 매칭 적립하여 목돈 마련의 기회를 제공함",복지/문화,광주시청,광주광역시,0013010 | 0049010,청년,만 15세 ~ 만 39세,15,39,,소득조건코드=0043001 / 소득범위=0~0,,"○ 근로소득장려금 지원
· 매월 10만원 저축 시 정부가 월 30만원 지원

○ 정책대상별 추가지원금 (해당자)
· 근로소득공제금(월 10만원), 내일키움장려금(월 20만원), 내일키움수익금(최대 월 15만원), 탈수급장려금 등   ",20260504 ~ 20260520,        ,"○ 가입기준(소득상한) : 신청 당시 가구 소득인정액이 기준 중위소득 50% 이하 (1인 가구 기준 1,282,119원) 
○ 유지기준(소득상한) : 청년 본인의 총 근로·사업소득이 기준 중위소득 100% 이하",☞ 자세한 내용은 붙임파일을 확인해주시기 바랍니다.,"○ 온라인 신청 : 복지로 홈페이지(www.bokjiro.go.kr)
○ 방문 신청 : 주소지 읍면동 행정복지센터",https://youth.gwangju.go.kr/www/50?siteId=www&policyId=1362&url=%2Fwww%2Fpolicy%2FgjYgPolicyView,main,primary,청년내일저축계좌지원,광주시청,20260504 ~ 20260520~,금융･복지･문화,취약계층 및 금융지원
youth,20260513005400213183,2026년 청년농업인(청년창업형 후계농업경영인) 영농정착지원사업(2차),"○ 영농 초기 소득이 불안정한 청년농업인 대상, 최장 3년간 영농정착지원금 지급 및 농지·자금·교육 등 연계 지원",인력/일자리,광주시청,광주광역시,0013010 | 0049010,"농업인,청년",만 18세 ~ 만 39세,18,39,,소득조건코드=0043001 / 소득범위=0~0,,"○ 영농정착지원금 차등 지급
·  1년차: 월 110만 원 / 2년차: 월 100만 원 / 3년차: 월 90만 원
○ 정책자금 및 연계 지원
·  후계농업경영인 육성자금: 최대 5억 원 한도 융자 지원(연리 1.5% 고정금리)
·  농지 지원: 한국농어촌공사 농지은행을 통한 농지 매입·임차 지원 우선순위 부여
·  교육 및 컨설팅: 영농 기술 및 경영 역량 강화를 위한 단계별 교육 제공",20260601 ~ 20260710,20261231,"○ 소득기준: 본인세대 건강보험료 산정액 기준 중위소득 140% 이하
○ 제외대상: 사업자 등록자(일부 허용 제외), 상근 직원 채용자, 재학생 및 휴학생 등",☞ 자세한 내용은 붙임파일을 확인해주시기 바랍니다.,○ 농림사업정보시스템(농업e지) 온라인 신청,https://www.nongupez.go.kr/nsm/main,main,primary,2026년청년농업인청년창업형후계농업경영인영농정착지원사업2차,광주시청,20260601 ~ 20260710~20261231,일자리,취업
youth,20260513005400213181,2026 전입청년 교통비 지원,"2023. 1. 1. 이후 원주시로 전입하여, 타지역 직장으로 출퇴근하는 18~39세 청년들의 원주시 전입 및 정착 유도를 위한 전입청년 교통비 지원",복지/문화,강원특별자치도 원주시,강원특별자치도,"공무원, 교사, 공공기관 재직자, 2023~2025 해당 사업 대상자 | 0013001 | 0049010",청년,만 18세 ~ 만 39세,18,39,2023. 1. 1. 이후 원주시로 전입하여 거주하고 있는 18~39세 청년 중 관외에 직장을 두고 출퇴근하는 자 (*신청일 기준),소득조건코드=0043001 / 소득범위=0~0,,"대중교통비(고속버스, 시외버스, 기차), 승용차 유류비 / 월 최대 10만 원(실비) 지급 / 2026. 7.~2027. 6.(12개월) 지원 ",20260501 ~ 20260619,20270630,2023. 1. 1. 이후 원주시로 전입하여 거주하고 있는 18~39세 청년 중 관외에 직장을 두고 출퇴근하는 자 (*신청일 기준),"가. 전입청년 교통비 지원 사업 신청서 1부 [붙임 1]
나. 개인정보 수집 및 이용 동의서 1부 [붙임 2]
다. 사업 신청 각서 1부 [붙임 3]
라. 주민등록초본 1부 (주소변동사항 포함, 공고일 이후 발급분)
마. 건강보험자격득실확인서 1부 (직장가입자에 한함, 공고일 이후 발급분)
바. 재직증명서 1부 (공고일 이후 발급분)
사. 사업자등록증 혹은 고유번호증 1부","온라인
-원주시 청년지원센터 홈페이지",https://www.wonju.go.kr/www/selectBbsNttView.do?key=216&bbsNo=140&nttNo=483082&searchCtgry=&searchCnd=SJ&searchKrwd=%EC%A0%84%EC%9E%85%EC%B2%AD%EB%85%84&pageIndex=1&integrDeptCode=,main,primary,2026전입청년교통비지원,강원특별자치도원주시,20260501 ~ 20260619~20270630,금융･복지･문화,문화활동 및 생활지원
youth,20260511005400213180,부산 청년내일저축계좌,"근로빈곤층 청년의 생계수급자 등으로의 하락을 사전에 예방하고, 일하는 중간계층 청년이 사회에 안착할 수 있도록 자산형성을 지원",복지/문화,부산광역시 사회복지국 복지정책과,부산광역시,"부산청년 기쁨두배통장 등 유사자산형성사업과 중복 신청 불가
금융위원회 청년희망적금, 청년도약계좌는 중복 대상사업에 해당되지 않음에 따라 동시 신청 가능 | 0013001,0013002,0013004,0013005,0013006,0013007,0013008,0013009 | 0049010",청년,만 15세 ~ 만 39세,15,39,,"소득조건코드=0043003 / 소득범위=0~0 / 가구소득 : 기준 중위소득 50% 이하, 근로기준 : 월 10만원 이상 근로사업소득 발생",,"○ 근   거
 - 「국민기초생활보장법」제18조의8(자산형성지원)
○ 사업내용
 - 3년간 매월 본인 저축액 저축 시 근로소득장려금 등 적립·지원
 - 본인저축액(월 10만원 이상 ~ 50만원 이하) 납입 시 30만원 적립
○ 가입대상
 - 일하는 기준중위소득 50%이하 청년(15세~39세)
○ 시행주체
 - 16개 구·군
 *재원부담: 국 90 시 7 구군 3
○ 지원조건
 - 3년간 통장유지, 자립역량교육 이수 및 자금 사용계획서 제출 등",20260505 ~ 20260520,,,신청사이트 참고,"온라인 신청 : 복지로 사이트
방문 신청 : 읍면동 주민센터(주소지가 아니더라도, 동일 시군구내 모든 주민센터 신청 가능)",https://young.busan.go.kr/index.nm?menuCd=48,main,primary,부산청년내일저축계좌,부산광역시사회복지국복지정책과,20260505 ~ 20260520~,금융･복지･문화,취약계층 및 금융지원
youth,20260511005400213179,여성창업지원(사업화지원),한국여성경제인협회 광주지회는 여성창업자 창업성공률 제고 및 안정적 성장기반을 마련하고자 ‘여성창업지원(사업화지원)’ 사업을 안내합니다.,인력/일자리,광주시청,광주광역시,0013010 | 0049010,"여성,청년",만 1세 ~ 만 99세,,,,소득조건코드=0043001 / 소득범위=0~0,,"○ 생산·기술 지원
· 시제품 및 금형 제작, 시험 분석 지원 등
· 기업별 최대 2,400천원

○ 마케팅 지원(최대5개 기업)
· CI·BI 개발, 제품·포장 디자인, 홈페이지/앱 개발, 카달로그, 홍보동영상
· 언론기사·광고, 크라우드 펀딩 플랫폼 참가, 제품 판매 플랫폼 입점
· 전시회·박람회 참가 지원, 지식재산권 획득 등",20260507 ~ 20260527,20261130,"○ 지원제한
· 동일 내용 및 아이템으로 타 지원기관(정부 및 공공기관 등) 지원을 받았거나 받고 있는 경우 제외
· 중소기업창업지원법 시행령 제4조(창업에서 제외되는 업종) 해당 업종 제외
· 국세, 지방세 체납자 제외
· 기선정자 제외(최근 3년 이내)",☞ 자세한 내용은 붙임파일을 확인해주시기 바랍니다.,"○ 우편 또는 이메일 접수
· 주소: 광주광역시 북구 무등로 180번길 5(신안동 133-1)
· 이메일: kwea6028@daum.net",https://www.youthcenter.go.kr/youthPolicy/ythPlcyTotalSearch/ythPlcyDetail/20260511005400213179,main,primary,여성창업지원사업화지원,광주시청,20260507 ~ 20260527~20261130,일자리,창업
youth,20260511005400213178,2026년 5월 가계부소모임-2회차,"""한번 더 나의 지출을 돌아볼 수 있었어요""
""계획 된 소비를 할 수 있을 거 같아서 좋아요""
- 참여자 후기 -
돈 관리, 이렇게 하는 게 맞는 걸까? 싶을 때
이따가 해볼까? 자꾸 미루게 될 때
서로 같이, 함께 돈 관리 습관을 만들어가는
가계부 소모임에 참여해보세요!",복지/문화,광주시청,광주광역시,0013010 | 0049010,청년,만 19세 ~ 만 39세,19,39,,소득조건코드=0043001 / 소득범위=0~0,,"▶ 내 용 : 예산 수립, 통장 시스템, 꿈꾸는 가계부 작성법 익히기
▶ 일 시 : 2026년 5월 20일(수) 19-21시
▶ 대 상 : 돈 관리법을 알고 싶은 광주 청년 10명
▶ 방 법 : 오프라인
▶ 장 소 : 광주청년드림은행(광주광역시 북구 무등로 237,2층)
▶ 신 청: bit.ly/가계부소모임

*가계부 작성 실습과 참여자 간 이야기 나눔이 있습니다.

- 2026년 5월 15일(금)까지 신청 링크를 통해 접수, 선착순 마감",20260508 ~ 20260515,        ,,,"▶ 내 용 : 예산 수립, 통장 시스템, 꿈꾸는 가계부 작성법 익히기
▶ 일 시 : 2026년 5월 20일(수) 19-21시
▶ 대 상 : 돈 관리법을 알고 싶은 광주 청년 10명
▶ 방 법 : 오프라인
▶ 장 소 : 광주청년드림은행(광주광역시 북구 무등로 237,2층)
▶ 신 청: bit.ly/가계부소모임

*가계부 작성 실습과 참여자 간 이야기 나눔이 있습니다.

- 2026년 5월 15일(금)까지 신청 링크를 통해 접수, 선착순 마감

*한번 강의를 들으신 분들은 참여가 취소될 수 있으며, 많은 분들의 참여을 돕고자 함이니 양해부탁드립니다.",https://youth.gwangju.go.kr/www/52?siteId=www&bbsId=bbs1&postId=2052&url=%2Fwww%2Fbbs%2FpostView,main,primary,2026년5월가계부소모임2회차,광주시청,20260508 ~ 20260515~,금융･복지･문화,취약계층 및 금융지원
youth,20260506005400213174,(부평구) 청년창업 재정지원 사업,우수하고 창의적인 아이템을 가진 청년 창업자를 발굴하여 지역 우수 기업으로 성장 유도,인력/일자리,인천광역시 부평구 경제환경국 일자리창출과,인천광역시,"○ 창업자 대표 및 팀원 소유 건물의 임차료 지급 제외
○ 임대인이 창업자의 직계존비속, 형제, 자매, 배우자인 경우 지급 제외 | 0013006 | 0049010","예비창업자,청년",만 19세 ~ 만 39세,19,39,"○ (최초지원) 예비창업자(생애최초)
○ (초기지원) 부평구에 사업장을 둔 3년 이하 창업자
○ (성장지원) 부평구에 사업장을 청년 1명이상 채용 및 7년 이하 창업자상가 임차료는 사무공간에 한해 지원(원룸 등 주거공간 임차료 지원 불가)",소득조건코드=0043001 / 소득범위=0~0,,"○ (최초지원) 창업자금 최대 1,000만원 지원
○ (초기지원) 창업자금 최대 1,200만원 지원
○ (성장지원) 창업자금 최대 1,500만원 지원",        ,        ,"○ (최초지원) 예비창업자(생애최초)
○ (초기지원) 부평구에 사업장을 둔 3년 이하 창업자
○ (성장지원) 부평구에 사업장을 청년 1명이상 채용 및 7년 이하 창업자상가 임차료는 사무공간에 한해 지원(원룸 등 주거공간 임차료 지원 불가)",,"○ 신청 홈페이지에 접속하여 신청서 등 양식 다운
○ 구비 서류 양식 작성 및 증빙서류 구비
○ 일자리창출과 방문 또는 이메일 신청",https://youth.incheon.go.kr/youthpolicy/youthPolicyInfoDetail.do?poly_seq=106,main,primary,부평구청년창업재정지원사업,인천광역시부평구경제환경국일자리창출과,,일자리,창업
youth,20260506005400213171,(부평구) 청년도전 지원사업,"구직단념청년을 발굴, 노동시장 참여 촉진지원",인력/일자리,인천광역시 부평구 경제환경국 일자리창출과,인천광역시,0013003 | 0049010,청년,만 18세 ~ 만 34세,18,34,"구직단념 청년(부평구 거주자 35~39세 참여가능)
지원연령: 부평구 거주자 35~39세 참여가능",소득조건코드=0043001 / 소득범위=0~0,,"맞춤형 프로그램 및 참여수당, 인센티브 등",20260101 ~ 20261018,        ,"구직단념 청년(부평구 거주자 35~39세 참여가능)
지원연령: 부평구 거주자 35~39세 참여가능",,"○ 고용24(기관선택: (사협)일터와사람들)
○ 현장접수: 신청 전 전화문의 시 개별안내",https://youth.incheon.go.kr/youthpolicy/youthPolicyInfoDetail.do?poly_seq=110,main,primary,부평구청년도전지원사업,인천광역시부평구경제환경국일자리창출과,20260101 ~ 20261018~,일자리,취업
youth,20260506005400213164,미래우주교육센터 구축,산·학·연 컨소시엄 기반으로 미래 우주분야 문제를 해결하고 신기술을 선도할 수 있는 종합적인 전문인력 양성,교육/멘토링,인천광역시 해양항공국 항공과,인천광역시,0013010 | 0049010,청년,만 34세 ~ 만 99세,34,,-,소득조건코드=0043001 / 소득범위=0~0,,"○ 우주탐사 및 자원활용 분야 45명 전문인력양성 교육 추진
○ 우주탐사 및 우주자원활용 분야 연구개발 지원
 - [우주진입] 정밀천측항법 및 비행제어 시뮬레이터
 - [우주탐사] 다목적 탐사 로버
 - [자원활용] 수전해 추력기
○ 달/화성 탐사 시나리오 기반 우주핵심기술 시제품 연구개발",        ,        ,,,,https://youth.incheon.go.kr/youthpolicy/youthPolicyInfoDetail.do?poly_seq=170,main,primary,미래우주교육센터구축,인천광역시해양항공국항공과,,교육･직업훈련,미래역량강화
youth,20260506005400213162,(강화군) 창업일자리센터 운영,취·창업 지원 프로그램 운영 및 구인·구직자 취업 연계 지원,인력/일자리,인천광역시 강화군 경제산업국 일자리경제과,인천광역시,0013010 | 0049010,청년,만 19세 ~ 만 39세,19,39,-,소득조건코드=0043001 / 소득범위=0~0,,"구인구직 알선, 일자리박람회 개최, 청년의 날 행사 개최, 청년 및 창업 프로그램 운영 등",,,,,강화군 창업일자리센터 방문 또는 홈페이지 인터넷 접수,https://www.ganghwajob.kr/,main,primary,강화군창업일자리센터운영,인천광역시강화군경제산업국일자리경제과,,일자리,창업
youth,20260506005400213159,(연수구) 청년 정신건강 조기중재사업,청년 정신질환을 조기 발견 및 개입하여 청년층의 정신질환 발병 예방 및 만성화 방지,복지/문화,인천광역시 연수구 보건소 치매정신건강과,인천광역시,0013010 | 0049010,청년,만 15세 ~ 만 34세,15,34,-,소득조건코드=0043001 / 소득범위=0~0,,"고위험군 발굴 및 상담, 정신과 치료비 지원",        ,        ,,,,https://youth.incheon.go.kr/youthpolicy/youthPolicyInfoDetail.do?poly_seq=196,main,primary,연수구청년정신건강조기중재사업,인천광역시연수구보건소치매정신건강과,,금융･복지･문화,건강
youth,20260506005400213157,인천광역시 청년미래센터 운영,복지사각지대에 있는 위기청년 지원을 위한 전담기관 운영,복지/문화,인천광역시 외로움돌봄국 외로움정책과,인천광역시,0013010 | 0049010,청년,만 13세 ~ 만 39세,13,39,"가족돌봄청년(13~34세), 고립은둔청년(19~39세)",소득조건코드=0043001 / 소득범위=0~0,,"○ 가족돌봄청년
- 자기돌봄비 지급(연 200만원), 사례관리. 의료·돌봄서비스 연계, 자조모임 등
○ 고립은둔청년 
- 초기상담 및 고립은둔 정도 진단
- 심리지원, 회복지원, 공동활동 등 프로그램 제공
- 가족지원(가족상담, 자조모임 등)",,,"가족돌봄청년(13~34세), 고립은둔청년(19~39세)",,,http://www.mohw2030.co.kr/panel.asp,main,primary,인천광역시청년미래센터운영,인천광역시외로움돌봄국외로움정책과,,금융･복지･문화,취약계층 및 금융지원
youth,20260506005400213156,인천형 천원의 아침밥 지원,대학생 대상 아침밥 먹는 문화 확산 및 쌀 소비 촉진,복지/문화,인천광역시 농수산식품국 농축산과,인천광역시,0013010 | 0049005,청년,만 34세 ~ 만 99세,34,,인천시 관내 소재 대학의 재학생,소득조건코드=0043001 / 소득범위=0~0,,"○  [보조금 3천원(국2, 시1) + 쌀 120g(시) + 대학교 부담금 + 학생 1천원] / 1식 기준
○ (참여대학) 11개 대학(인천대, 인하대, 인하공전, 경인교대(인천), 연세대(국제), 청운대(인천), 가천대(메디컬), 한국뉴욕주립대, 조지메이슨대, 유타대, 겐트대)",        ,        ,인천시 관내 소재 대학의 재학생,,,https://youth.incheon.go.kr/youthpolicy/youthPolicyInfoDetail.do?poly_seq=282,main,primary,인천형천원의아침밥지원,인천광역시농수산식품국농축산과,,금융･복지･문화,건강
youth,20260506005400213155,(옹진군) 인천시 청년월세 지원사업,경제적 어려움을 겪는 청년들의 주거비용 부담 경감,주거,인천광역시 청년정책담당관,인천광역시,"○ 부모와 함께 거주(원가구와 세대분리하지 않은 자)하는 경우
○ 주택 소유자(분양권, 입주권 포함) 
○ 직계존속, 형제, 자매 등 2촌이내 주택을 임차한 경우(배우자의 2촌 이내 혈족 포함)
○ 공공주택특별법에 따른 공공임대주택 거주자
○ 1실(방)에 다수가 거주하는 방식의 전대차인 경우
○ 전국 지자체 월세사업 또는 국토부 1차 월세사업 수혜 중인자 등(수혜종료 후 신청가능) | 0013010 | 0049010",청년,만 35세 ~ 만 39세,35,39,"◎ 청약통장 가입 필수(종류무관) 
◎ 소득 : (청년독립가구) 기준 중위소득 60%이하 (원가구) 기준 중위소득 100% 이하
◎ 재산 : (청년독립가구) 재산 122백만원 이하 (원가구) 재산 470백만원 이하
◎ 주택 : 전입신고 필수            ※ 월세 임차보증금 5천만원 및 월세 70만원 이하 요건 폐지(2024.4.12.~시행)] 
  ※ 제출된 신청서를 토대로 공적자료 조회(조사시점 기준 적용)

<가구구성 방법>
 (청년독립가구) 청년 + 배우자 + 직계비속 + 동일 주소지에 거주하는 그 외 「민법」상 가족* 
 (원가구) 청년독립가구 + 1촌 이내 직계혈족(부,모)
 * (가족의 범위, 민법§779) ❶배우자, 직계혈족 및 형제자매, ❷직계혈족의 배우자, 배우자의 직계혈족 및 배우자의 형제자매(생계를 같이하는 경우에 한함)

※ 원가구(부모님) 소득·재산 미고려 : ①30세 이상 ②혼인 ③미혼부·모 ④30세 미만 미혼 청년의 소득이 중위 50% 이상으로 생계를 달리한다고 군수·구청장이 인정하는 경우자가진단서비스 사전 실시(개통예정)
- 복지로(www.bokjiro.go.kr) > 복지서비스 > 모의계산 > 청년월",소득조건코드=0043003 / 소득범위=0~0 / 소득 : (청년독립가구) 기준 중위소득 60%이하 (원가구) 기준 중위소득 100% 이하,,"지원금액 : 1인 월 20만원씩, 최대 12개월(회) 월세 지원
   - 실제 납부하는 월세의 최대 20만원까지 지원(임차보증금, 관리비 등은 제외)
◎ 지 급 일 : 매월 25일 현금으로 지급
   - 토요일이거나 공휴일인 경우에는 그 전날 지급
   - 지원대상으로 선정될 시, 신청일 기준 당월에 지출한 월세부터 지급
◎ 주거급여 수급자인 경우 전월(20일)에 지급한 주거급여를 차감하고 지급",        ,        ,"◎ 청약통장 가입 필수(종류무관) 
◎ 소득 : (청년독립가구) 기준 중위소득 60%이하 (원가구) 기준 중위소득 100% 이하
◎ 재산 : (청년독립가구) 재산 122백만원 이하 (원가구) 재산 470백만원 이하
◎ 주택 : 전입신고 필수            ※ 월세 임차보증금 5천만원 및 월세 70만원 이하 요건 폐지(2024.4.12.~시행)] 
  ※ 제출된 신청서를 토대로 공적자료 조회(조사시점 기준 적용)

<가구구성 방법>
 (청년독립가구) 청년 + 배우자 + 직계비속 + 동일 주소지에 거주하는 그 외 「민법」상 가족* 
 (원가구) 청년독립가구 + 1촌 이내 직계혈족(부,모)
 * (가족의 범위, 민법§779) ❶배우자, 직계혈족 및 형제자매, ❷직계혈족의 배우자, 배우자의 직계혈족 및 배우자의 형제자매(생계를 같이하는 경우에 한함)

※ 원가구(부모님) 소득·재산 미고려 : ①30세 이상 ②혼인 ③미혼부·모 ④30세 미만 미혼 청년의 소득이 중위 50% 이상으로 생계를 달리한다고 군수·구청장이 인정하는 경우자가진단서비스 사전 실시(개통예정)
- 복지로(www.bokjiro.go.kr) > 복지서비스 > 모의계산 > 청년월","월세지원 신청(변경)서(필수)
소득·재산 신고서(필수)
서약서(필수)
임대차계약서(확정일자 날인) 사본(필수)
월세이체 증빙 서류(최근 3개월) (받는분, 보내는분, 날짜, 금액 명시)(필수)
(월세지급을 위한) 통장사본(필수)
청약통장 사본(신청인 명의, 종류무관)(필수)
신청자 기준 가족관계증명서  (상세, 주민등록번호 공개)(필수)
부모님 기준 가족관계증명서  [부 / 모 기준 각  1부씩]  (상세, 주민등록번호 공개)(필수)
(혼인한 경우 필수 제출) 배우자 기준 가족관계증명서 및 배우자 부모의 가족관계증명서  (상세, 주민등록번호 공개)(선택)
신분증(방문신청시 필수지참)(선택)","(19세 ~ 34세) 복지로를 통한 온라인신청 및 관할 행정복지센터 방문 신청
(35세 ~ 39세) 인천청년포털을 통한 온라인신청 또는 관할 행정복지센터 방문 신청",https://youth.incheon.go.kr/youthpolicy/youthPolicyInfoDetail.do?poly_seq=267,main,primary,옹진군인천시청년월세지원사업,인천광역시청년정책담당관,,주거,전월세 및 주거급여 지원
youth,20260506005400213154,(서구) 청년e음 청년스타트업지원사업,청년e음 스타트업지원사업 「정서진 아라뱃길 청년창업공간 운영」,인력/일자리,인천광역시 서구 경제국 청년정책일자리과,인천광역시,0013006 | 0049010,"스타트업,청년",만 19세 ~ 만 39세,19,39,인천 거주 또는 사업자 등록한 예비 또는 3년이하 청년창업가,소득조건코드=0043001 / 소득범위=0~0,,창업공간 제공 및 공간 이용실적에 따른 초기창업사업기간 구축비 지원(30만원 이내),        ,        ,인천 거주 또는 사업자 등록한 예비 또는 3년이하 청년창업가,,,https://youth.incheon.go.kr/youthpolicy/youthPolicyInfoDetail.do?poly_seq=283,main,primary,서구청년e음청년스타트업지원사업,인천광역시서구경제국청년정책일자리과,,일자리,창업
youth,20260506005400213153,청년 취업설명회(공기업 및 우수기업),공기업·우수기업 취업설명회를 통한 청년 구직자 취업정보 제공 및 취업 촉진,인력/일자리,인천광역시 강화군 경제산업국 일자리경제과,인천광역시,0013003 | 0049010,청년,만 19세 ~ 만 39세,19,39,-,소득조건코드=0043001 / 소득범위=0~0,,"○ 인천일자리한마당 연계행사(2026. 7. 예정)로 진행
○ 취업설명회 및 상담 : 공기업 10개 이내, 우수기업 15개
○ 취업정보관 : 5개 이내(인천시, 중부지방고용노동청, 관내 대학 등)
○ 부대행사관 : 3개 이내(인생네컷, 퍼스털컬러 등 이벤트 행사)",        ,        ,,,,https://youth.incheon.go.kr/youthpolicy/youthPolicyInfoDetail.do?poly_seq=285,main,primary,청년취업설명회공기업및우수기업,인천광역시강화군경제산업국일자리경제과,,일자리,취업
youth,20260506005400213152,인천시 일자리센터 운영,인천시 일자리지원 허브 기관으로 시민에 대한 입체적 취업지원 및 기업에 대한 적기 인재채용 지원,인력/일자리,인천광역시 경제산업본부 경제정책과,인천광역시,0013010 | 0049010,청년,만 34세 ~ 만 99세,34,,-,소득조건코드=0043001 / 소득범위=0~0,,-,,,,,,https://incheon.work.go.kr/main.do/main.do,main,primary,인천시일자리센터운영,인천광역시경제산업본부경제정책과,,일자리,취업
youth,20260506005400213151,청년고용 우수기업 근로환경 개선,청년고용 우수기업에 근로환경 개선 인센티브를 제공하여 중소기업 인식개선 및 일하고 싶은 직장 환경 조성,인력/일자리,인천광역시 청년정책담당관,인천광역시,0013010 | 0049010,청년,만 18세 ~ 만 39세,18,39,,소득조건코드=0043001 / 소득범위=0~0,,"○ 기업별 6백만원 ~ 24백만원 이내(청년 신규채용 1인당 3백만원 기준)
○ 근로환경개선을 위한 시설 개보수 및 물품구입 비용 지원
- 물품구입 : 냉·난방기, 공기청정기, 안마기기, 옷장, 냉장고, 비데, 세탁기, 건조기, 신발장, 온수기, 핸드드라이기, 집진기
- 시설개보수 : 화장실, 휴게실, 샤워실, 탈의실, 집진·공조시설",,,,,,https://bizok.incheon.go.kr/open_content/support.do?act=detail&policyno=6835&pgno=4,main,primary,청년고용우수기업근로환경개선,인천광역시청년정책담당관,,일자리,취업
youth,20260506005400213150,인천혁신모펀드 조성·운영(청년벤처·창업기업 투자유치 펀드 지원사업),청년벤처·창업기업 투자유치 펀드 지원사업,인력/일자리,인천광역시 미래산업국 산업창업정책과,인천광역시,0013010 | 0049010,"청년,초기창업기업",만 19세 ~ 만 39세,19,39,-,소득조건코드=0043001 / 소득범위=0~0,,인천 소재 유망 청년 벤처․창업기업을 발굴하여 펀드자금 투자   * 지원대상별 투자액 상이,        ,        ,,,,https://youth.incheon.go.kr/youthpolicy/youthPolicyInfoDetail.do?poly_seq=290,main,primary,인천혁신모펀드조성운영청년벤처창업기업투자유치펀드지원사업,인천광역시미래산업국산업창업정책과,,일자리,창업
youth,20260506005400213149,청년 소셜벤처기업 육성 사업,관내 대학과 연계하여 원도심재생ㆍ복지ㆍ환경 등 사회 현안문제에 대한 청년들의 참신한 아이디어를 발굴하고 지원함으로써 지역 청년 사업가 육성,인력/일자리,인천광역시 미래산업국 산업창업정책과,인천광역시,0013010 | 0049010,청년,만 18세 ~ 만 39세,18,39,-,소득조건코드=0043001 / 소득범위=0~0,,-,        ,        ,,,,https://youth.incheon.go.kr/youthpolicy/youthPolicyInfoDetail.do?poly_seq=291,main,primary,청년소셜벤처기업육성사업,인천광역시미래산업국산업창업정책과,,일자리,창업
youth,20260506005400213148,신개념 세대융합 청년창업 지원,"청년의 열정, 아이디어와 중장년의 경험을 멘토로 하는 새로운 창업지원을 통한 청년 창업 활성화",인력/일자리,인천광역시 미래산업국 산업창업정책과,인천광역시,0013006 | 0049010,청년,만 19세 ~ 만 39세,19,39,-,소득조건코드=0043001 / 소득범위=0~0,,"○ (전문가 풀 운영) 10년 이상 경력의 중장년 전문가
○ (컨설팅 지원) 50명 이상, 기업당 최대 2회(회당 2시간)
○ (우수 멘티 사업화 지원) 컨설팅 우수기업 선정 마케팅비 등 지원",        ,        ,,,,https://youth.incheon.go.kr/youthpolicy/youthPolicyInfoDetail.do?poly_seq=294,main,primary,신개념세대융합청년창업지원,인천광역시미래산업국산업창업정책과,,일자리,창업
youth,20260506005400213147,청년농업인 영농정착지원,젊고 유능한 인재의 농업분야 진출을 촉진을 통한 농가 고령화 완화 및 농업인력구조 개선,인력/일자리,농림축산식품부 농식품인재개발원,인천광역시,0013008 | 0049010,"농업인,청년",만 19세 ~ 만 39세,19,39,-,소득조건코드=0043001 / 소득범위=0~0,,"영농경력에 따라 3년간 영농정착 지원금 차등지급
- 독립경영 1년차 월110만원, 2년차 월100만원, 3년차 월90만원",20260101,20261231,,,,https://youth.incheon.go.kr/youthpolicy/youthPolicyInfoDetail.do?poly_seq=295,main,primary,청년농업인영농정착지원,농림축산식품부농식품인재개발원,20260101~20261231,일자리,취업
youth,20260506005400213146,청년농업인 영농 스타트업 지원,농촌 고령화에 대응하여 청년농업인들을 새롭게 유입시키고 안정적으로 정착할 수 있도록 지원,인력/일자리,인천광역시 농수산식품국 농축산과,인천광역시,사업자등록을 하고 사업체를 경영하는 자 제외 | 0013008 | 0049010,"농업인,스타트업,청년",만 19세 ~ 만 39세,19,39,-,소득조건코드=0043001 / 소득범위=0~0,,"농식품 가공·제조용 시설의 설치, 하우스, 온실 등 시설설치, 농기계 장비 구입비 지원",        ,        ,,,,https://youth.incheon.go.kr/youthpolicy/youthPolicyInfoDetail.do?poly_seq=296,main,primary,청년농업인영농스타트업지원,인천광역시농수산식품국농축산과,,일자리,취업
youth,20260506005400213145,인천콘텐츠코리아랩 운영,콘텐츠 비즈니스 모델 발굴 및 사업화 지원을 통해 스타트업의 성장 지원 기반 마련 확대,교육/멘토링,인천광역시 문화체육국 문화정책과,인천광역시,0013010 | 0049010,청년,만 34세 ~ 만 99세,34,,-,소득조건코드=0043001 / 소득범위=0~0,,-,,,,,,https://www.inckl.or.kr/user/main.do,main,primary,인천콘텐츠코리아랩운영,인천광역시문화체육국문화정책과,,교육･직업훈련,미래역량강화
youth,20260506005400213144,청년어업인 영어정착지원,창업 초기 청년어업인의 안정적인 어촌 정착 지원을 통한 우수한 청년인력의 어촌 유치,인력/일자리,인천광역시 수산기술지원센터,인천광역시,"유흥, 사치품 및 술·담배의 구매 등 일부 제외 | 0013010 | 0049010",청년,만 18세 ~ 만 39세,18,39,"(소득기준) 상근고용, 어업과 무관한 사업체 경영 금지
(기타조건) 수산업 경영기반 해당 시·군·구에 실제 거주(주민등록포함), 어업 및 양식업 경력 3년 이하 독립경영, 병역필 또는 병역면제자",소득조건코드=0043001 / 소득범위=0~0,,"수산업 경영비 및 어가 가계자금 지원
- 수산업경영 경력에 따라 차등 지급
(1년차 월 110만원, 2년차 월 100만원, 3년차 월 90만원)",        ,        ,"(소득기준) 상근고용, 어업과 무관한 사업체 경영 금지
(기타조건) 수산업 경영기반 해당 시·군·구에 실제 거주(주민등록포함), 어업 및 양식업 경력 3년 이하 독립경영, 병역필 또는 병역면제자",,,https://youth.incheon.go.kr/youthpolicy/youthPolicyInfoDetail.do?poly_seq=298,main,primary,청년어업인영어정착지원,인천광역시수산기술지원센터,,일자리,취업
youth,20260506005400213143,청년농업인4-H 연합회 활동지원,인천광역시 청년농업인4-H연합회 교육·행사지원 및 조직활성화,교육/멘토링,인천광역시 농업기술센터 농촌자원과,인천광역시,0013008 | 0049010,"농업인,청년",만 19세 ~ 만 39세,19,39,-,소득조건코드=0043001 / 소득범위=0~0,,인천광역시 농업인4-H연합회 워크숍 추진,        ,        ,,,,https://youth.incheon.go.kr/youthpolicy/youthPolicyInfoDetail.do?poly_seq=299,main,primary,청년농업인4h연합회활동지원,인천광역시농업기술센터농촌자원과,,교육･직업훈련,온·오프라인교육
youth,20260506005400213142,인천 전세보증금반환보증 보증료 지원,전세보증금반환보증 가입을 유도하여 저소득층의 전세사기 피해를 예방하고 주거안정 도모,주거,인천광역시 도시계획국 주택정책과,인천광역시,"○ 외국인 및 국내에 거주하지 않는 재외국민
○ 임차인이 법인인 경우(회사 지원 숙소 등)
○ 그 밖에 지자체장이 지원이 적합하지 않다고 판단하는 경우
*자세한 사항은 '정부24' 사업안내 참조 | 0013010 | 0049010",청년,만 34세 ~ 만 99세,34,,"◉ 소득기준
 - (청년) 신청일 기준 만18세~39세이하로 연소득 5천만원 이하
 - (청년 외) 연소득 6천만원 이하(기혼자는 부부합산임)
 - (신혼부부) 신청일 기준 혼인신고일 7년이내인 부부, 부부합산 연소득 7천5백만원 이하
◉ 주택기준
 - 임차보증금 3억원 이하
 * 주민등록상 주소지와 보증가입 물건지는 동일해야 함",소득조건코드=0043002 / 소득범위=0~6000,,"임차보증금 3억원 이하 주택에 대하여 신청일 기준 보증 효력이 유효한 전세금반환보증(HUG,HF,SGI)보증료 기납액을 지원",,,"◉ 소득기준
 - (청년) 신청일 기준 만18세~39세이하로 연소득 5천만원 이하
 - (청년 외) 연소득 6천만원 이하(기혼자는 부부합산임)
 - (신혼부부) 신청일 기준 혼인신고일 7년이내인 부부, 부부합산 연소득 7천5백만원 이하
◉ 주택기준
 - 임차보증금 3억원 이하
 * 주민등록상 주소지와 보증가입 물건지는 동일해야 함",,정부24홈페이지 온라인 신청(www.gov.kr),https://www.youthcenter.go.kr/youthPolicy/ythPlcyTotalSearch/ythPlcyDetail/20260506005400213142,main,primary,인천전세보증금반환보증보증료지원,인천광역시도시계획국주택정책과,,주거,주택 및 거주지
youth,20260506005400213141,대학생 학자금대출 이자 지원,인천시 대학생에게 학자금대출 이자를 지원하여 균등한 고등교육 기회 제공 및 지역인재 육성에 기여,교육/멘토링,인천광역시 기획조정실 교육협력담당관,인천광역시,"0013010 | 0049005,0049006,0049008",청년,만 34세 ~ 만 99세,34,,"-○지원시기 : 2026년 12월말(예정)
○결과확인 : 한국장학재단 홈페이지 → 학자금대출 → 학자금뱅킹 → 학자금대출상환지원 → 지자체 이자지원 지급내역 조회",소득조건코드=0043001 / 소득범위=0~0,,"2019년 1학기부터 한국장학재단을 통해 대출받은 학자금의 2025년 하반기(7~12월), 2026년 상반기(1~6월) 발생이자 지원 
- 발생한 이자금액만큼 한국장학재단의 대출원리금에서 차감",,,"-○지원시기 : 2026년 12월말(예정)
○결과확인 : 한국장학재단 홈페이지 → 학자금대출 → 학자금뱅킹 → 학자금대출상환지원 → 지자체 이자지원 지급내역 조회

○구비서류 
- 재학(휴학)생: 주민등록초본, 재학(휴학)증명서 
- 졸업생: 주민등록초본, 졸업증명서, 건강보험자격득실확인서",,인천시 홈페이지 > 시민참여 > 대학생 학자금대출 이자지원 신청,https://www.kosaf.go.kr/ko/main.do,main,primary,대학생학자금대출이자지원,인천광역시기획조정실교육협력담당관,,교육･직업훈련,교육비지원
youth,20260506005400213140,대학일자리플러스센터 운영 지원,관내 대학 인프라를 활용한 지역 대학생 및 청년 선호기업 취업 지원,인력/일자리,인천광역시 청년정책담당관,인천광역시,0013003 | 0049010,청년,만 18세 ~ 만 39세,18,39,-,소득조건코드=0043001 / 소득범위=0~0,,"대학일자리플러스센터 운영비 지원(인하대, 인천대, 재능대, 인하공전)
*구직스킬 향상 취업스터디, 직무특강, 커리어 매칭 프로그램, 청년층 선호 기업(공기업·대기업 등) 특별반운영 등",,,,,"○대학별 대학일자리플러스센터 사이트 회원가입 및 로그인
○대학일자리플러스센터 바로가기
 - 인하대  https://job.inha.ac.kr
 - 인천대 https://job.inu.ac.kr/sites/job/index.do?epTicket=LOG
 - 재능대  https://ewe.jeiu.ac.kr
 - 인하공전 https://www.inhatc.ac.kr/kr/3719/subview.do",https://www.youthcenter.go.kr/youthPolicy/ythPlcyTotalSearch/ythPlcyDetail/20260506005400213140,main,primary,대학일자리플러스센터운영지원,인천광역시청년정책담당관,,일자리,취업
youth,20260506005400213139,청년 해외진출기지 지원,"해외진출 역량이 있으나, 자원이 부족한 청년 창업가를 발굴하여 체계적인 지원으로 지역 청년 창업기업 해외진출 도모",인력/일자리,인천광역시 미래산업국 산업창업정책과,인천광역시,0013006 | 0049010,청년,만 19세 ~ 만 39세,19,39,-,소득조건코드=0043001 / 소득범위=0~0,,"○ 해외진출 전략 코칭 등 글로벌 역량강화
○ 글로벌진출을 위한 사업화 자금 및 해외진출 지원",        ,        ,,,,https://youth.incheon.go.kr/youthpolicy/youthPolicyInfoDetail.do?poly_seq=311,main,primary,청년해외진출기지지원,인천광역시미래산업국산업창업정책과,,일자리,창업
youth,20260504005400113138,다문화청년 취᭼창업지원 사업,다문화청년이 취᭼창업을 통한 주체적 역량으로서 성장이 필요함에 따라 취᭼창업 교육을 통해 현실적᭼경제적 자립 지원,인력/일자리,외국인정책과,전국,제한없음 | 0013003 | 0049010,청년,만 0세 ~ 만 0세,,,해당사항 없음,소득조건코드=0043003 / 소득범위=0~0 / -,,다문화가족 청년 대상 취᭼창업준비를 위한 프로그램 지원,20260301 ~ 20260331,20261231,해당사항 없음,다문화 청년 취창업 프로그램 지원,"신청(신청자)→접수(읍면동)→조사(시군 조사팀)→지원결정(시군 사업팀)
※ 전문자격증(간호조무사, 보육교사, 조리사등)은 관련 여성인력개발센터, 여성새로일하기센터 연계지원",https://youth.chungnam.go.kr/web/main/customSupp/M030-01/view?bizId=A2024021500300201100001197,main,primary,다문화청년취창업지원사업,외국인정책과,20260301 ~ 20260331~20261231,일자리,취업
youth,20260504005400113137,SW중심대학 지원,대학 SW교육 혁신을 통한 국가·기업·학생의 경쟁력 강화 및 소프트웨어 가치 확산 선도 대학 육성,교육/멘토링,AI육성과,전국,해당 없음 | 0013010 | 0049010,청년,만 0세 ~ 만 0세,,,해당 없음,소득조건코드=0043001 / 소득범위=0~0,,"SW전공/융합과정 개설·교육, 온/오프라인 교육콘텐츠 개발·활용, 도내 청소년 및 초·중·고 교사 대상 SW교육 등",        ,        ,해당 없음,별도 문의,별도 문의,https://youth.chungnam.go.kr/web/main/customSupp/M030-02/view?bizId=A20250415CT000000000002223,main,primary,sw중심대학지원,ai육성과,,교육･직업훈련,미래역량강화
youth,20260504005400113135,SW미래채움,지역 내 미취업 청년 등을 SW교육 전문강사로 양성하고 SW교육 지원을 통한 SW미래인재 양성,교육/멘토링,AI육성과,전국,해당 없음 | 0013003 | 0049010,청년,만 19세 ~ 만 0세,19,,해당 없음,소득조건코드=0043001 / 소득범위=0~0,,"SW전공/융합과정 개설·교육, 온/오프라인 교육콘텐츠 개발·활용, 도내 청소년 및 초·중·고 교사 대상 SW교육 등",        ,        ,해당 없음,별도 문의,별도 문의,https://youth.chungnam.go.kr/web/main/customSupp/M030-02/view?bizId=A20250415CT000000000002222,main,primary,sw미래채움,ai육성과,,교육･직업훈련,미래역량강화
youth,20260504005400113134,창의융합형 공학인재양성지원,산업계 수요에 부합하는 교육 프로그램 개발·운영을 통한 공학교육의 글로벌 경쟁력 제고 및 창의융합형 공학인재 양성,인력/일자리,미래산업과,전국,해당 없음 | 0013003 | 0049005,청년,만 0세 ~ 만 0세,,,해당 없음,소득조건코드=0043003 / 소득범위=0~0 / -,,"ㅇ 산업계 수요에 부합하는 공학교육 프로그램 개발 및 운영지원
- 교육프로그램 개발·운영 및 캠프 운영, 캡스톤 디자인 지원, 현장실습·견학 등",        ,        ,해당 없음,별도 문의,별도 문의,https://youth.chungnam.go.kr/web/main/customSupp/M030-02/view?bizId=A20250415CT000000000002199,main,primary,창의융합형공학인재양성지원,미래산업과,,일자리,취업
youth,20260504005400213132,생활권 보행환경 종합정비사업 (안서동 청년안심 탄소중립 보행환경 개선),민선 8기 공약사업 ‘대학로 조성’ 관련 대학로 특화거리 조성 및 보행안전도로 조성,주거,시장,전국,제한없음 | 0013010 | 0049010,청년,만 0세 ~ 만 0세,,,제한없음,소득조건코드=0043001 / 소득범위=0~0,,대학로 특화거리 조성 및 보행안전도로 조성,20260101,20281231,제한없음,,별도문의,https://youth.chungnam.go.kr/web/main/customSupp/M040-06/view?bizId=A20260309LC000000000003065,main,primary,생활권보행환경종합정비사업안서동청년안심탄소중립보행환경개선,시장,20260101~20281231,주거,주택 및 거주지
youth,20260504005400113131,2026 충남 창업마루 나비(Starup-NAvi),"도내 유망 스타트업 발굴 및 육성을 위한 공간 조성, 지속가능한 지역 일자리 토대 마련을 위한 충남 창업의 중심(HUB) 역할 수행",인력/일자리,AI육성과,충청남도,"· 금융기관으로부터 채무불이행으로 제재 중인 개인, 기업 또는 휴·폐업중인 자
· 국세 또는 지방세 체납 중인 개인, 기업
· 정부정책에 따라 창업지원 사업에 제한되는 업종을 영위하는 자
· 입주신청일 기준 휴·폐업·행정처분 등의 제재가 진행되는 자
· 충청남도, 충남혁신센터 또는 중소벤처기업부 등 정부기관으로부터 창업지원사업의 참여제한 조치가 진행 중인 기업 또는 해당 대표자
· 정부지원 사업 수혜를 위해 다수의 사업장에서 사업을 영위하는 경우 | 0013006,0013009 | 0049010","누구나,청년",만 0세 ~ 만 0세,,,"제조+4차산업(AI, Big Data, Robotics 등) 융합 item, 미래자동차, 차세대 디스플레이, 반도체, 에너지신산업 등 제조분야(부품·소재 포함),스마트 플랫폼 분야(업종제한 없음), 친환경-기후변화 대응 분야(미세먼지·온실가스 저감, 친환경제품 및 서비스), 바이오, 그 외 디지털·그린 뉴딜 연계분야",소득조건코드=0043003 / 소득범위=0~0 / -,,"입주 지원, 장비·공간 지원, 홍보, 멘토링, 투자, 네트워킹 지원",20260101,20261231,"제조+4차산업(AI, Big Data, Robotics 등) 융합 item, 미래자동차, 차세대 디스플레이, 반도체, 에너지신산업 등 제조분야(부품·소재 포함),스마트 플랫폼 분야(업종제한 없음), 친환경-기후변화 대응 분야(미세먼지·온실가스 저감, 친환경제품 및 서비스), 바이오, 그 외 디지털·그린 뉴딜 연계분야","입주신청서, 사업계획서, 개인정보 동의서, 사업자등록증(해당 시), 법인등기부등본(해당 시), 국세, 지방세 납세증명서 각1부, 4대보험가입자명부(해당 시), 매출증빙(표준재무제표, 부가가치세 과세표준증명원, 부가가치세 과세표준증명원_해당 시), 각종 증빙 서류 등",① 모집공고(공개모집) → ② 요건검토 → ③ 1차평가(서면평가) → ④ 2차평가(발표평가) → ⑤ 면담(심층면담) → ⑥ 계약,http://www.ccceicontest.or.kr/contest/list.php,main,primary,2026충남창업마루나비starupnavi,ai육성과,20260101~20261231,일자리,창업
youth,20260504005400113130,청년인턴 사업,청년 일 경험 기회 제공을 통한 취업 지원,인력/일자리,청년정책관,전국,해당 없음 | 0013003 | 0049006,청년,만 19세 ~ 만 39세,19,39,해당 없음,소득조건코드=0043003 / 소득범위=0~0 / -,,"기업·공공기관 내 인턴 근무 기회 제공(4개월)
 - 직무교육 및 학점 인정, 자기개발비 지급",,,해당 없음,공고 참조,별도 문의,https://www.youthcenter.go.kr/youthPolicy/ythPlcyTotalSearch/ythPlcyDetail/20260504005400113130,main,primary,청년인턴사업,청년정책관,,일자리,취업
youth,20260504005400113129,청년예술인 해외 공연,청년예술인의 국제무대 경험을 통해 역량강화 및 경력확장 도모,복지/문화,문화정책과,전국,도내 19~39세 예술인 | 0013010 | 0049010,청년,만 19세 ~ 만 39세,19,39,해당 사항 없음,소득조건코드=0043001 / 소득범위=0~0,,"청년예술인과 멘토 역할을 수행할 전문예술인 해외공연(15명 내외)
   - 중국, 일본, 베트남 등 우호협력단체의 교류행사와 연계 추진",20260401 ~ 20260630,20261231,해당 사항 없음,,별도 문의,https://youth.chungnam.go.kr/web/main/bbs/cnyouth_notice/545?cp=1&sortOrder=BA_REGDATE&sortDirection=DESC&bcId=cnyouth_notice&baNotice=false&baCommSelec=false&baOpenDay=false&baUse=true,main,primary,청년예술인해외공연,문화정책과,20260401 ~ 20260630~20261231,금융･복지･문화,예술인지원
youth,20260504005400113128,학교 밖 청소년 진로진학 박람회,학교 밖 청소년 특성에 맞는 대학입시 및 진로·직업 정보 제공,인력/일자리,여성가족정책과,전국,해당 없음 | 0013010 | 0049010,청년,만 0세 ~ 만 0세,,,해당 없음,소득조건코드=0043001 / 소득범위=0~0,,학교 밖 청소년 진로진학박람회 운영,,,해당 없음,별도 문의,별도 문의,https://www.youthcenter.go.kr/youthPolicy/ythPlcyTotalSearch/ythPlcyDetail/20260504005400113128,main,primary,학교밖청소년진로진학박람회,여성가족정책과,,일자리,취업
youth,20260504005400113127,청년성장 프로젝트,미취업 청년 등의 구직단념 예방 및 ’쉬었음‘ 전환 방지,인력/일자리,청년정책관,전국,별도 문의 | 0013010 | 0049010,청년,만 15세 ~ 만 39세,15,39,"15세~39세 이하 청년
※ 35세∼39세 청년은 전체 사업량의 30% 이내 참여",소득조건코드=0043003 / 소득범위=0~0 / -,,"- 청년정책 정보 제공: 청년이 필요로 하는 정책 정보 제공
   - 맞춤형 프로그램 제공: 진로적성 검사, 일상 자신감 회복, 취업 역량 강화, 취업 정보 습득 등 기회 제공
   - 청년 인프라 제공: 휴식 공간, 각종 모임 활동 공간, 웹서핑, 문서 출력 등 필요시 자유롭게 이용할 수 있는 인프라 제공",        ,        ,"15세~39세 이하 청년
※ 35세∼39세 청년은 전체 사업량의 30% 이내 참여",별도 문의,별도 문의,https://youth-up.kr/growth,main,primary,청년성장프로젝트,청년정책관,,일자리,취업
youth,20260504005400113126,충남 청년 뮤직 페스타,청년 예술인 지원을 위한 충남의 젊은 문화 활성화 및 도민 문화예술향유 기회 확대,복지/문화,문화정책과,충청남도,해당 없음 | 0013010 | 0049010,청년,만 19세 ~ 만 39세,19,39,해당 없음,소득조건코드=0043001 / 소득범위=0~0,,"도내 문화예술 법인‧단체 1개소 선정, 뮤직페스타 순회공연",20260101,20261231,해당 없음,별도 문의,별도 문의,https://www.chungnam.go.kr/cnportal/province/province/view.do?nttId=2176260&menuNo=500487&pageIndex=1&sdate=2025-04-27&edate=2026-04-27,main,primary,충남청년뮤직페스타,문화정책과,20260101~20261231,금융･복지･문화,문화활동 및 생활지원
youth,20260504005400113125,충남 음악창작소운영,"- 충남 지역 청년 뮤지션의 창작·제작·유통·무대경험·산업진입까지 연계하는 통합 음악창작 생태계 구축
- 지역기반 신규 뮤지션 발굴 및 음반 제작·홍보·쇼케이스 지원을 통해 청년의 문화예술 진입장벽 완화 및 자립 기반 마련",복지/문화,문화정책과,충청남도,해당 없음 | 0013010 | 0049010,청년,만 19세 ~ 만 50세,19,50,해당 없음,소득조건코드=0043001 / 소득범위=0~0,,"- 지역뮤지션 발굴 및 후속제작지원(소속사 매칭, 해외 쇼케이스 등)
- 지역특화 음원콘텐츠 제작 및 지역 창작자 네트워킹
- 발굴 뮤지션 대외공연 활동 및 지역축제·지자체 협업 공연 지원 
- 충남음악창작소 시설 운영 및 대관 서비스",20260101,20261231,해당 없음,별도 문의,별도 문의,https://www.cnmusicfactory.com/,main,primary,충남음악창작소운영,문화정책과,20260101~20261231,금융･복지･문화,문화활동 및 생활지원
youth,20260504005400113124,충남콘텐츠기업지원센터 운영,"- 지역 콘텐츠 기업의 체계적 발굴·육성을 통한 기업역량 강화 및 성장 견인 
- 지역 콘텐츠 기업 맞춤형 성장 지원을 통한 기업 및 콘텐츠 경쟁력 제고
- 콘텐츠 분야 신규 일자리 창출 및 지역 청년 인재 고용 촉진",복지/문화,문화정책과,충청남도,해당 없음 | 0013010 | 0049010,청년,만 19세 ~ 만 39세,19,39,해당 없음,소득조건코드=0043001 / 소득범위=0~0,,"❶ 콘텐츠기업 육성 
    - (맞춤형 기업성장 지원) 지역 콘텐츠기업 맞춤형 콘텐츠 개발과 사업화 지원을 통해 기업의 신규 IP 확보와 기존 콘텐츠의 고도화 및 경쟁력을 강화 
    - (스케일업 엑셀러레이팅 지원) 액셀러레이팅 전문기관을 통해 맞춤형 기업성장 솔루션 제공으로 IR 역량 및 투자유치 등 기업역량을 강화
 ❷ 지역인재 매칭 지원
    - 지역 소재 청년, 콘텐츠 기업 간 일자리 매칭 지원 ￫ 지역인재 채용 활성화",20260101,20261201,해당 없음,별도 문의,별도 문의,https://ccon.kr/,main,primary,충남콘텐츠기업지원센터운영,문화정책과,20260101~20261201,금융･복지･문화,문화활동 및 생활지원
youth,20260504005400113123,워케이션 충남 프로그램 운영,일과 휴양을 연계한 체류형 관광객 유치 및 관광산업 육성,복지/문화,관광진흥과,충청남도,해당 없음 | 0013001 | 0049010,청년,만 19세 ~ 만 0세,19,,해당 없음,소득조건코드=0043001 / 소득범위=0~0,,숙박+업무공간+체험활동 연계 워케이션 프로그램 제공,20260401 ~ 20261231,        ,해당 없음,별도 문의,별도 문의,https://www.cacf.or.kr/site/,main,primary,워케이션충남프로그램운영,관광진흥과,20260401 ~ 20261231~,금융･복지･문화,문화활동 및 생활지원
youth,20260504005400113122,청년문화예술패스,"○ 청년 19~20세 대상으로 문화예술 관람료를 지원하여 이들의 직접적인 문화 소비 확대
○ 문화예술인 창작활동에 대해 간접적 지원, 문화예술시장 확대를 통한 내수 활성화 도모",복지/문화,문화정책과,전국,19~20세 청년(’26년 기준 ’06~’07년생) | 0013010 | 0049010,청년,만 19세 ~ 만 20세,19,20,"문화예술(공연, 전시, 영화)에 사용 가능",소득조건코드=0043001 / 소득범위=0~0,,"문화예술(공연, 전시, 영화)에 사용 가능한 문화예술패스(연간 20만원) 지원",20260101,20261231,"문화예술(공연, 전시, 영화)에 사용 가능",별도문의,별도문의,https://youthculturepass.or.kr/,main,primary,청년문화예술패스,문화정책과,20260101~20261231,금융･복지･문화,문화활동 및 생활지원
youth,20260504005400113121,지역문화 전문인력 양성,지역 문화예술 생태계 자생력 강화를 위한 문화예술교육 전문인력 양성,복지/문화,문화정책과,전국,해당 없음 | 0013010 | 0049010,청년,만 19세 ~ 만 0세,19,,해당 없음,소득조건코드=0043001 / 소득범위=0~0,,"문화예술교육가 양성을 위한 3단계 교육 프로그램 운영
※ 보통과정(e-러닝 이론 교육), 심화과정(특강 및 워크숍), 실습과정(시범사업 운영)",20260101,20261231,해당 없음,별도 문의,별도 문의,https://www.cacf.or.kr/site/index-hub.php,main,primary,지역문화전문인력양성,문화정책과,20260101~20261231,금융･복지･문화,문화활동 및 생활지원
youth,20260504005400113120,공공형 축산 스마트팜 인큐베이터 운영,사양관리 및 경영관리 등 스마트 축산 ICT 기술 습득 지원,인력/일자리,축산기술연구소,전국,해당 없음 | 0013008 | 0049010,청년,만 0세 ~ 만 50세,,50,18세 이상 50세 미만,소득조건코드=0043001 / 소득범위=0~0,,직무교육 및 인턴 근무 기회 제공,        ,        ,18세 이상 50세 미만,‘우선 선발기준’에 대한 증빙서류 등,시군 축산부서에 신청서 및 증빙서류 제출,https://www.chungnam.go.kr/liveStock.do,main,primary,공공형축산스마트팜인큐베이터운영,축산기술연구소,,일자리,창업
youth,20260504005400113119,청년농업인 역량강화 지원,"- 청년농업인 역량강화 지원
 - 청년농부되기 진로교육
 - 청년농업인 온라인 마케팅 기술시범
 - 청년농업인 품목별 연구동아리 육성지원",교육/멘토링,지도정책과,전국,0013008 | 0049009,"농업인,청년",만 18세 ~ 만 44세,18,44,"- 만 18세 이상~만 45세 미만 청년농업인(충청남도 거주)
- 시군 농업계고등학교",소득조건코드=0043003 / 소득범위=0~0 / -,,"- 청년농업인 역량강화 지원
 - 청년농부되기 진로교육
 - 청년농업인 온라인 마케팅 기술시범
 - 청년농업인 품목별 연구동아리 육성지원",20260101 ~ 20261231,20261231,"- 만 18세 이상~만 45세 미만 청년농업인(충청남도 거주)
- 시군 농업계고등학교",별도 문의,신청(신청자)→접수(시·군)→대상자 결정(시·군)→추진,https://youth.chungnam.go.kr/web/main/customSupp/M030-01/view?bizId=A20260309CT000000000003014,main,primary,청년농업인역량강화지원,지도정책과,20260101 ~ 20261231~20261231,교육･직업훈련,미래역량강화
youth,20260504005400113118,산업단지 청년문화센터 건립,산단 내 부족한 문화·복지·편의시설 확충을 위해 청년문화센터를 건립하여 청년 유입 기능강화 및 근로자 복지환경 개선,복지/문화,산업입지과,전국,제한없음 | 0013010 | 0049010,청년,만 0세 ~ 만 0세,,,제한없음,소득조건코드=0043001 / 소득범위=0~0,,산업단지 청년문화센터 건립을 위한 건축비 지원,        ,        ,제한없음,별도문의,별도문의,https://youth.chungnam.go.kr/web/main/customSupp/M060-09/view?bizId=A20260309CT000000000003054,main,primary,산업단지청년문화센터건립,산업입지과,,금융･복지･문화,문화활동 및 생활지원
youth,20260504005400113117,청년·사회초년생을 위한 필수 교육 운영,"19세 ~ 39세 경제교육이 필요한 청년 누구나 자산관리, 투자 기초지식, 올바른 투자법 등 대상과 여건에 맞는 주제로 맞춤형 경제교육 시행",교육/멘토링,청년정책관,전국,제한 없음 | 0013009 | 0049009,"누구나,청년",만 19세 ~ 만 39세,19,39,제한 없음,소득조건코드=0043003 / 소득범위=0~0 / -,,"19세 ~ 39세 경제교육이 필요한 청년 누구나 자산관리, 투자 기초지식, 올바른 투자법 등 대상과 여건에 맞는 주제로 맞춤형 경제교육 시행",20260101,20261231,제한 없음,별도 문의,반기별 수요조사(시군·교육기관 등) → 일정 조정 → 교육 제공,https://youth.chungnam.go.kr/web/main/customSupp/M030-02/view?bizId=A20260309CT000000000003051,main,primary,청년사회초년생을위한필수교육운영,청년정책관,20260101~20261231,교육･직업훈련,미래역량강화
youth,20260504005400113116,정신건강 심리상담 바우처 사업,도민의 마음건강 돌봄 및 자살 예방·정신질환 조기 발견,복지/문화,건강증진식품과,전국,해당 없음 | 0013010 | 0049010,청년,만 19세 ~ 만 39세,19,39,해당 없음,소득조건코드=0043001 / 소득범위=0~0,,"- 심리상담 서비스 바우처 총 8회기 제공(회당 최소 50분 이상)
- 심리검사* 실시 및 대상자 상황 및 수요** 등을 고려하여 적합한 심리상담 서비스를 1:1 대면으로 제공
 * ▴우울의 평가 : PHQ-9(Patient Health Questionnaire-9), ▴불안의 평가 : GAD-7(Generalized Anxiety Disorder-7),     
    ▴자살 위험성의 평가 : P4 suicidality screen scale 등
** ▴심리정서적 문제(우울, 불안 등)에 대한 개입 및 예방, ▴상황적 스트레스 대처능력 향상, ▴의사소통 기술 및 대인관계 향상 도모 등",20260101,20261231,해당 없음,별도 문의,별도 문의,https://www.bokjiro.go.kr/ssis-tbu/twataa/wlfareInfo/moveTWAT52011M.do?wlfareInfoId=WLF00005567,main,primary,정신건강심리상담바우처사업,건강증진식품과,20260101~20261231,금융･복지･문화,건강
youth,20260504005400113115,인재육성사업 추진,"충남도민 및 그 자녀
 - (연령 기준) 장학사업별 연령기준 다름
 - (소득 기준) 장학사업별 소득기준 다름
 ㅇ (사업 내용) 학자금대출이자지원사업 외 8종
 - 학자금대출이자지원, 충남형공공간호, 충남사랑, 재능키움, 아름드리, 거주비지원, 지역인재육성간호 예체능특기생, 해외유학장학사업",복지/문화,고등교육정책담당관,전국,"충남도민 및 그 자녀
   - (연령 기준) 장학사업별 연령기준 다름
   - (소득 기준) 장학사업별 소득기준 다름 | 0013009 | 0049009",청년,만 0세 ~ 만 0세,,,"충남도민 및 그 자녀
   - (연령 기준) 장학사업별 연령기준 다름
   - (소득 기준) 장학사업별 소득기준 다름","소득조건코드=0043003 / 소득범위=0~0 / 충남도민 및 그 자녀
   - (연령 기준) 장학사업별 연령기준 다름
   - (소득 기준) 장학사업별 소득기준 다름",,"충남도민 및 그 자녀
   - (연령 기준) 장학사업별 연령기준 다름
   - (소득 기준) 장학사업별 소득기준 다름
  
 ㅇ (사업 내용) 학자금대출이자지원사업 외 8종
   - 학자금대출이자지원, 충남형공공간호, 충남사랑, 재능키움, 아름드리, 거주비지원, 지역인재육성간호 예체능특기생, 해외유학장학사업",20260101 ~ 20261231,20261231,"충남도민 및 그 자녀
   - (연령 기준) 장학사업별 연령기준 다름
   - (소득 기준) 장학사업별 소득기준 다름",별도 문의(충남평생교육진흥원),별도 문의(충남평생교육진흥원),https://youth.chungnam.go.kr/web/main/customSupp/M030-04/view?bizId=A20260309CT000000000003045,main,primary,인재육성사업추진,고등교육정책담당관,20260101 ~ 20261231~20261231,금융･복지･문화,취약계층 및 금융지원
youth,20260504005400113114,지역사회서비스 청년사업단,청년 수요에 맞는 사회서비스(신체·정신건강 분야) 개발 ·제공 및 청년 일자리 창출,복지/문화,복지보훈정책과,전국,해당 없음 | 0013010 | 0049010,청년,만 19세 ~ 만 39세,19,39,해당 없음,소득조건코드=0043001 / 소득범위=0~0,,"지역 청년 대상 운동치료, 식생활·체질 개선, 우울·불안·스트레스 예방 프로그램 등 개발·제공을 위한 사업비 지원",20260301,20261231,해당 없음,별도 문의,별도 문의,https://youth.chungnam.go.kr/web/main/customSupp/M040-06/view?bizId=A20260309CT000000000003043,main,primary,지역사회서비스청년사업단,복지보훈정책과,20260301~20261231,금융･복지･문화,건강
youth,20260504005400113113,대학생 천원의 아침밥 사업 지원,"도내 대학 재학생 대상으로 충남 쌀 등 지역 농산물 활용한 아침식사를 1,000원에 제공하는 사업",복지/문화,고등교육정책담당관,전국,해당 없음 | 0013009 | 0049005,청년,만 0세 ~ 만 0세,,,해당 없음,소득조건코드=0043003 / 소득범위=0~0 / -,,공모 선정된 도내 대학에 대학생 아침식사 제공을 위한 충남 쌀 등 지역 농산물 구입 비용 지원(1천원/1식),20260101 ~ 20260228,20261231,해당 없음,해당 없음,해당 없음,https://www.youthcenter.go.kr/youthPolicy/ythPlcyTotalSearch/ythPlcyDetail/20260504005400113113,main,primary,대학생천원의아침밥사업지원,고등교육정책담당관,20260101 ~ 20260228~20261231,금융･복지･문화,취약계층 및 금융지원
youth,20260504005400113112,창업중심 대학 사업 지원,대학의 창업 인프라를 활용하여 우수한 창업아이템을 보유한 (예비)창업기업의 사업화 지원,인력/일자리,AI육성과,전국,해당 없음 | 0013006 | 0049010,청년,만 0세 ~ 만 0세,,,"시스템반도체, 스마트제조, 전기수소차, 인공지능",소득조건코드=0043001 / 소득범위=0~0,,직무교육 및 인턴 근무 기회 제공,20260303 ~ 20260324,,"시스템반도체, 스마트제조, 전기수소차, 인공지능",사업계획서 및 기타 증빙서류,k-startuup 홈페이지를 통한 온라인 신청,https://www.k-startup.go.kr,main,primary,창업중심대학사업지원,ai육성과,20260303 ~ 20260324~,일자리,창업
youth,20260504005400113111,광역이음(충청권 연계) 일자리사업,"충청권 전략산업(첨단바이오, 미래모빌리티) 종사 노동자에 대한 집중지원을 통해 청년 인재의 수도권 유출을 방지하고 지역 정착을 유도",인력/일자리,일자리기업지원과,전국,제한 없음 | 0013010 | 0049010,"누구나,청년",만 19세 ~ 만 39세,19,39,제한 없음,소득조건코드=0043001 / 소득범위=0~0,,충청권역 전략산업에 취업한 청년을 대상으로 권역 내 경력인증을 통해 지역 정착 및 장기근속을 유도하는 지원제도를 운영,20260201 ~ 20261231,        ,제한 없음,별도 문의,별도 문의,https://youth.chungnam.go.kr/web/main/customSupp/M030-01/view?bizId=A20260309CT000000000003041,main,primary,광역이음충청권연계일자리사업,일자리기업지원과,20260201 ~ 20261231~,일자리,취업
youth,20260504005400113110,충남도립대 등록금 장학금 지급,"2022학년도 이후 입학자 중, 국가장학금을 신청했으나 수혜를 받지 못한 재학생으로서 직전학기 성적이 70점(C0) 이상인 자 
※ 학자금 지원구간이 0~3구간인 학생은 D0(60점) 이상
 - (1단계) 2022학년도 신입생(1학년) 전학기 전액 장학금 지급
 - (2단계) 2023학년도 1~2학년 전액 장학금 지급
 - (3단계) 2024학년도 1~3학년 전액 장학금 지급
 - (4단계) 2025학년도 1~4학년 전액 장학금 지급",교육/멘토링,교무학생처,충청남도,"2022학년도 이후 입학자 중, 국가장학금을 신청했으나 수혜를 받지 못한 재학생으로서 직전학기 성적이 70점(C0) 이상인 자 
※ 학자금 지원구간이 0~3구간인 학생은 D0(60점) 이상 | 0013009 | 0049005,0049009",청년,만 0세 ~ 만 0세,,,"2022학년도 이후 입학자 중, 국가장학금을 신청했으나 수혜를 받지 못한 재학생으로서 직전학기 성적이 70점(C0) 이상인 자 
※ 학자금 지원구간이 0~3구간인 학생은 D0(60점) 이상",소득조건코드=0043003 / 소득범위=0~0 / -,,"2022학년도 이후 입학자 중, 국가장학금을 신청했으나 수혜를 받지 못한 재학생으로서 직전학기 성적이 70점(C0) 이상인 자 
※ 학자금 지원구간이 0~3구간인 학생은 D0(60점) 이상
 - (1단계) 2022학년도 신입생(1학년) 전학기 전액 장학금 지급
 - (2단계) 2023학년도 1~2학년 전액 장학금 지급
 - (3단계) 2024학년도 1~3학년 전액 장학금 지급
 - (4단계) 2025학년도 1~4학년 전액 장학금 지급",20260301 ~ 20270228,20270228,"2022학년도 이후 입학자 중, 국가장학금을 신청했으나 수혜를 받지 못한 재학생으로서 직전학기 성적이 70점(C0) 이상인 자 
※ 학자금 지원구간이 0~3구간인 학생은 D0(60점) 이상",별도 문의,국가장학금 신청→국가·등록금성 장학금 지급→  미수혜자조사→대상자 장학금 지원,https://www.cnsu.ac.kr/univ/bachelor/scholarship/type.do,main,primary,충남도립대등록금장학금지급,교무학생처,20260301 ~ 20270228~20270228,교육･직업훈련,온·오프라인교육
youth,20260504005400113109,대학생 연합설계 지원(건축역량 강화),"도내 건축학과 대학생들이 연합하여 건축설계를 할 수 있도록 대학교 경계를 허무는 프로그램을 운영하고, 충남건축디자인문화제 행사기간 동안 작품 전시 지원",교육/멘토링,건축디자인과,전국,도내 건축학과 대학생 | 0013009 | 0049005,청년,만 0세 ~ 만 0세,,,도내 건축학과 대학생,소득조건코드=0043003 / 소득범위=0~0 / -,,"ㅇ 도 내 대학교가 연합하여 건축학과 학생들의 건축 설계 추진
ㅇ 충남건축디자인문화제 행사기간 동안 학생 작품 전시 및 대내외 홍보",20260301 ~ 20261231,20261231,도내 건축학과 대학생,별도 문의,연합설계 추진(대학교) ⇨ 작품전시 지원(도),https://youth.chungnam.go.kr/web/main/customSupp/M030-02/view?bizId=A20260309CT000000000003044,main,primary,대학생연합설계지원건축역량강화,건축디자인과,20260301 ~ 20261231~20261231,교육･직업훈련,온·오프라인교육
youth,20260504005400113108,예비청년 현장중심 진로체험 프로그램 운영,"도내 학교에 재학 중인 예비청년 대상
- 지역사회 내 다양한 진로체험처 발굴, 관리 지원
- 예비청년 대상 진로직업체험 프로그램 운영 지원",교육/멘토링,고등교육정책담당관,전국,도내 학교에 재학 중인 예비청년 만13~18세 | 0013009 | 0049009,청년,만 13세 ~ 만 18세,13,18,도내 학교에 재학 중인 예비청년 만13~18세,소득조건코드=0043003 / 소득범위=0~0 / -,,"도내 학교에 재학 중인 예비청년 대상
- 지역사회 내 다양한 진로체험처 발굴, 관리 지원
- 예비청년 대상 진로직업체험 프로그램 운영 지원",20260101 ~ 20261231,20261231,도내 학교에 재학 중인 예비청년 만13~18세,별도 문의,교부(도) → 교육기관 보조(시군) → 사업추진(교육청),https://youth.chungnam.go.kr/web/main/customSupp/M030-02/view?bizId=A20260309CT000000000003039,main,primary,예비청년현장중심진로체험프로그램운영,고등교육정책담당관,20260101 ~ 20261231~20261231,교육･직업훈련,온·오프라인교육
youth,20260504005400113107,지역특화형 비자 사업(지역우수인재),"인구감소지역 내 지역 산업, 일자리 특화 외국인 인재 유치로 지역 생활인구 확대 및 장기 정착을 통한 선순환 구조 실현",인력/일자리,외국인정책과,전국,별도문의 | 0013010 | 0049010,청년,만 19세 ~ 만 39세,19,39,해당없음,소득조건코드=0043003 / 소득범위=0~0 / -,,"요건을 갖춘 국내체류 외국인에게 장기거주 비자를 발급 
※ (지자체) 비자전환 추천서 발급, (법무부) 비자 전환",,,해당없음,별도문의,별도문의,https://www.youthcenter.go.kr/youthPolicy/ythPlcyTotalSearch/ythPlcyDetail/20260504005400113107,main,primary,지역특화형비자사업지역우수인재,외국인정책과,,일자리,취업
youth,20260504005400113106,충남도립대학교 취업역량 강화 사업,"충남도립대학교 본교 재학생․졸업생 대상 컨설팅, 취업역량 강화 프로그램 제공",교육/멘토링,취업지원처,충청남도,충남도립대학교 재학생․졸업생 | 0013009 | 0049005,청년,만 0세 ~ 만 0세,,,충남도립대학교 재학생․졸업생,소득조건코드=0043003 / 소득범위=0~0 / -,,"충남도립대학교 본교 재학생․졸업생 대상 컨설팅, 취업역량 강화 프로그램 제공",20260301 ~ 20270228,20270228,충남도립대학교 재학생․졸업생,별도 문의,별도 문의,https://youth.chungnam.go.kr/web/main/customSupp/M030-02/view?bizId=A20260309CT000000000003036,main,primary,충남도립대학교취업역량강화사업,취업지원처,20260301 ~ 20270228~20270228,교육･직업훈련,온·오프라인교육
youth,20260504005400113105,주력산업 일자리 지원사업,자동차·반도체 등 도 주력산업 취업 장려를 통해 도 청년인재의 수도권 유출을 방지하고 지역 내 정착 및 장기근속 기반 마련,인력/일자리,일자리기업지원과,전국,제한 없음 | 0013001 | 0049010,"누구나,청년",만 0세 ~ 만 0세,,,제한 없음,소득조건코드=0043003 / 소득범위=0~0 / -,,"- 도내 대학 졸업 청년*에게 월세 월 30만원(연 300만원)을 지원
 * ’25 ~ ’26년 졸업자 중 반도체, 자동차 분야 취업 청년  
- 노동부 근속지원 장려금* 종료 후 도 자체 장려금**을 연계해 장기근속 유도 
 * (노동부 청년도약장려금) 5인 이상 제조기업, 24개월 근속 시 480만원 지원
 ** (충청남도 도약장려금) 반도체, 자동차 분야 기업 3년차 200만원, 4년차 300만원 지원
- 주력산업 기업을 대상으로 휴게·복지공간 조성 등 근로여건 개선 지원
- 석탄화력발전소 종사자를 대상으로 직무전환 교육 프로그램 운영",20260201 ~ 20260430,20261231,제한 없음,별도 문의,별도 문의,https://youth.chungnam.go.kr/web/main/customSupp/M030-02/view?bizId=A20260309CT000000000003037,main,primary,주력산업일자리지원사업,일자리기업지원과,20260201 ~ 20260430~20261231,일자리,취업
youth,20260504005400113104,자립준비청년 지원,자립준비청년(보호종료아동)의 안정적인 사회 정착을 위한 자립수당 및 자립정착금 등 초기비용 지원,복지/문화,인구정책과,전국,해당 없음 | 0013010 | 0049010,청년,만 0세 ~ 만 0세,,,해당 없음,소득조건코드=0043001 / 소득범위=0~0,,"- (자립정착금) 자립준비청년에게 주거 마련 등 자립에 소요되는 초기비용 1,000만원 지원
- (대학생활안정자금) 대학에 진학한 자립준비청년 및 보호연장아동에게 대학생활에 필요한 자금 200만원 지원
- (자립수당) 보호 종료 5년 이내 자립준비청년에게 자립에 필요한 비용 월 50만원 지원",20260101,20261231,해당 없음,별도 문의,별도 문의,https://youth.chungnam.go.kr/web/main/customSupp/M040-06/view?bizId=A20260309CT000000000003035,main,primary,자립준비청년지원,인구정책과,20260101~20261231,금융･복지･문화,취약계층 및 금융지원
youth,20260504005400113103,안서동 목조 커뮤니티시설 및 전망대 설치,국산 목재를 활용한 전망대 및 목재 특화 거리 조성을 통한 탄소중립 실현 및 지역 경제 활성화,복지/문화,산림자원과,전국,제한없음 | 0013010 | 0049010,청년,만 0세 ~ 만 0세,,,제한없음,소득조건코드=0043001 / 소득범위=0~0,,"- 국산목재 목조건축물
   - 목재특화거리조성",20260101 ~ 20261231,20291231,제한없음,별도문의,별도문의,https://youth.chungnam.go.kr/web/main/customSupp/M040-06/view?bizId=A20260309CT000000000003033,main,primary,안서동목조커뮤니티시설및전망대설치,산림자원과,20260101 ~ 20261231~20291231,금융･복지･문화,문화활동 및 생활지원
youth,20260504005400113102,공동훈련센터 운영 지원,"- 지역 산업·기업 수요를 반영한 청년 중심 맞춤형 직업훈련 과정 운영
- 취업 연계형·현장 중심 교육을 통한 청년 고용 가능성 제고",교육/멘토링,일자리기업지원과,전국,"도내 미취업 청년 및 구직자, 지역 중소기업 재직자 | 0013010 | 0049009","중소기업,청년",만 0세 ~ 만 0세,,,"도내 미취업 청년 및 구직자, 지역 중소기업 재직자",소득조건코드=0043003 / 소득범위=0~0 / -,,"AI·데이터(14개 과정), 기계조립·관리(15개 과정), 기계설비(12개 과정), 제조분야 등(30개 과정) 등 71개 과정 운영",20260101 ~ 20261231,20261231,"도내 미취업 청년 및 구직자, 지역 중소기업 재직자",별도 문의,별도 문의,https://youth.chungnam.go.kr/web/main/customSupp/M030-02/view?bizId=A20260309CT000000000003032,main,primary,공동훈련센터운영지원,일자리기업지원과,20260101 ~ 20261231~20261231,교육･직업훈련,온·오프라인교육
youth,20260504005400113101,청소년 한부모 복지급여 지원,저소득 청소년 한부모에게 양육비 등 지원을 통한 양육부담 경감 및 생활안정 도모,복지/문화,여성가족정책과,전국,해당 없음 | 0013010 | 0049010,청년,만 0세 ~ 만 24세,,24,해당 없음,소득조건코드=0043001 / 소득범위=0~0,,"- 자녀 1인당 아동양육비 월 37만원~40만원 지원, 자립촉진수당, 검정고시 등 학습지원(가구당 연 154만원 이내)",20260101,20261231,해당 없음,관할 주소지 읍면동 행정복지센터 문의,관할 주소지 읍면동 행정복지센터 문의,https://youth.chungnam.go.kr/web/main/customSupp/M040-06/view?bizId=A20260309CT000000000003030,main,primary,청소년한부모복지급여지원,여성가족정책과,20260101~20261231,금융･복지･문화,취약계층 및 금융지원
youth,20260504005400113100,청년 브릿지 온,취업에 어려움을 겪는 청년에 대한 일경험 등 고용지원서비스 제공,인력/일자리,청년정책관,전국,제한 없음청년 등 구직자 19~39세 | 0013010 | 0049010,"누구나,청년",만 19세 ~ 만 39세,19,39,제한 없음,소득조건코드=0043003 / 소득범위=0~0 / -,,방문형 취업서비스 제공 및 청년일자리정책 홍보,        ,        ,제한 없음,별도 문의,별도 문의,https://youth.chungnam.go.kr/web/main/customSupp/M030-02/view?bizId=A20260309CT000000000003027,main,primary,청년브릿지온,청년정책관,,일자리,취업
youth,20260504005400113099,반도체 특성화 대학,4년간(선정 연도 포함) 반도체 인재양성 및 R&D 자율 수행,교육/멘토링,산업육성과,전국,"도내 3개 대학(한기대, 호서대, 공주대) 반도체 관련 학과 재학생 | 0013009 | 0049005",청년,만 0세 ~ 만 0세,,,"도내 3개 대학(한기대, 호서대, 공주대) 반도체 관련 학과 재학생",소득조건코드=0043003 / 소득범위=0~0 / -,,"ㅇ (한기대) 공정‧장비 분야 인재 양성 110명 / 기업참여 교과목 개발 1건, 산학협력프로젝트 6건, 반도체 기업탐방 2회 추진 등
 ㅇ (호서대) 패키징 분야 인재 양성 290명 / 국내 산업체 견학 4회, 반도체산업 리더 초청 특강 5회, 산학협력프로젝트 2건 추진 등
 ㅇ (공주대) 계측‧분석 분야 인재 양성 190명 / 기업참여 교과목 개발 2건, 산학프로젝트 및 실무 전문가 멘토링 추진 등",20260101 ~ 20261231,20261231,"도내 3개 대학(한기대, 호서대, 공주대) 반도체 관련 학과 재학생",별도 문의,교육부 공모사업 선정 → 도비 보조금 교부 → 사업 추진,https://youth.chungnam.go.kr/web/main/customSupp/M030-02/view?bizId=A20260309CT000000000003029,main,primary,반도체특성화대학,산업육성과,20260101 ~ 20261231~20261231,교육･직업훈련,온·오프라인교육
youth,20260504005400113097,청년수산인단체 역량강화 지원,청년수산인 역량강화 교육 지원,교육/멘토링,어촌산업과,전국,"만 18세 이상~만 45세 미만 청년수산인(충청남도 거주) | 0013008,0013009 | 0049009",청년,만 18세 ~ 만 44세,18,44,만 18세 이상~만 45세 미만 청년수산인(충청남도 거주),소득조건코드=0043003 / 소득범위=0~0 / -,,ㅇ청년수산인연합회 회원 대상 수산분야 역량강화 워크숍 및 교육 실시,20260101 ~ 20261231,20261231,만 18세 이상~만 45세 미만 청년수산인(충청남도 거주),별도 문의,별도 문의,https://youth.chungnam.go.kr/web/main/customSupp/M030-02/view?bizId=A20260309CT000000000003025,main,primary,청년수산인단체역량강화지원,어촌산업과,20260101 ~ 20261231~20261231,교육･직업훈련,온·오프라인교육
youth,20260504005400113096,충청남도 친화형 PILOT 프로그램 (프로젝트 인턴십),청년의 실무 능력을 강화하고 기업의 채용 가능성 제고,인력/일자리,청년정책관,전국,도내 대학(원)생 등 청년 19~39세 | 0013003 | 0049009,청년,만 19세 ~ 만 39세,19,39,제한없음,소득조건코드=0043003 / 소득범위=0~0 / -,,"기업이 제시한 프로젝트를 청년들이 직접 수행하고 결과물에 대한 기업의 평가를 통한 청년 경력 개발
(4~6개월, 20개 프로젝트)",20260301 ~ 20260331,        ,제한없음,별도 문의,별도 문의,https://youth.chungnam.go.kr/web/main/customSupp/M030-02/view?bizId=A20260309CT000000000003023,main,primary,충청남도친화형pilot프로그램프로젝트인턴십,청년정책관,20260301 ~ 20260331~,일자리,취업
youth,20260504005400113095,첨단산업 인재양성 부트캠프,반도체·디스플레이 산업수요 맞춤형 전문인력 양성,교육/멘토링,고등교육정책담당관,전국,"반도체·디스플레이 관련 공과계열 대학생 2~4학년
- 선문대(반도체) : 전자공학, 반도체소재공학, 스마트정보통신공학
- 순천향대(디스플레이) : 디스플레이신소재공학, 전자정보공학, 나노화학공학, 기계공학 | 0013009 | 0049005",청년,만 0세 ~ 만 0세,,,"반도체·디스플레이 관련 공과계열 대학생 2~4학년
- 선문대(반도체) : 전자공학, 반도체소재공학, 스마트정보통신공학
- 순천향대(디스플레이) : 디스플레이신소재공학, 전자정보공학, 나노화학공학, 기계공학",소득조건코드=0043003 / 소득범위=0~0 / -,,"ㅇ 반도체 패키징 소재‧공정 중심으로 특화된 교육과정 및 인프라 확보
ㅇ 디스플레이 소재․부품, 공정․장비 분야 핵심 인재 양성을 위한 전공심화 교육 및 실습 프로그램 운영
ㅇ 산업체 연계 현장실습, 산학프로젝트실습, 기업특강 등을 통한 실무역량 강화
ㅇ 채용박람회 및 전시회 참관 지원, 취업 캠프 운영",20260101 ~ 20261231,20261231,"반도체·디스플레이 관련 공과계열 대학생 2~4학년
- 선문대(반도체) : 전자공학, 반도체소재공학, 스마트정보통신공학
- 순천향대(디스플레이) : 디스플레이신소재공학, 전자정보공학, 나노화학공학, 기계공학",별도 문의,별도 문의,https://youth.chungnam.go.kr/web/main/customSupp/M030-02/view?bizId=A20260309CT000000000003021,main,primary,첨단산업인재양성부트캠프,고등교육정책담당관,20260101 ~ 20261231~20261231,교육･직업훈련,미래역량강화
youth,20260504005400113094,자립지원 사업비,자립준비청년(보호종료아동)의 안정적인 사회 정착 도모,복지/문화,인구정책과,전국,보호 종료 5년 이내 자립준비청년 | 0013010 | 0049010,청년,만 0세 ~ 만 0세,,,보호 종료 5년 이내 자립준비청년,소득조건코드=0043003 / 소득범위=0~0 / -,,"보호 종료 5년 이내 자립준비청년 자립수준평가 등 기본 사후관리 및 맞춤형 자립지원통합서비스 제공
 * 자립지원통합서비스 : 기본 사후관리 인원 중 자립기술평가 및 초기상담을 통해 지원이 필요한 청년을 선정, 
   생활·주거·교육·취업 등 월 40만원 한도 내 지원
  - 자립준비청년 간 자조모임(바람개비 서포터즈) 운영 지원",20260101,20261201,보호 종료 5년 이내 자립준비청년,별도 안내,별도 안내,https://youth.chungnam.go.kr/web/main/customSupp/M040-06/view?bizId=A20260309CT000000000003018,main,primary,자립지원사업비,인구정책과,20260101~20261201,금융･복지･문화,취약계층 및 금융지원
youth,20260504005400113093,창업어가 멘토링,"창업어가와 후견인을 1:1 매칭하여, 후견인의 교육 및 지도에 필요한 비용 지원",교육/멘토링,수산자원연구소,전국,"0013008,0013009 | 0049009",청년,만 0세 ~ 만 0세,,,"1. 창업어가 : 어업인 후계자로 선정된 지 3년 이내인 자, 귀어한 지 3년 이내인 자, 당해연도 귀어 창업자금 지원(예정)자
2. 후 견 인 : 우수경영인, 수산 신지식인, 수산 퇴직공무원, 대학교수 등 수산 분야 전문가로 어업 분야에 10년 이상 종사한 자",소득조건코드=0043003 / 소득범위=0~0 / -,,"창업어가와 후견인을 1:1 매칭하여, 후견인의 교육 및 지도에 필요한 비용 지원
ㅇ 창업어가 및 후견인 사업자 선정(창업어가 3명, 후견인 3명)
ㅇ 창업어가에 수산업 전반에 대한 기술·경영 지도(월 6회 이상)",20260101 ~ 20261231,20261231,"1. 창업어가 : 어업인 후계자로 선정된 지 3년 이내인 자, 귀어한 지 3년 이내인 자, 당해연도 귀어 창업자금 지원(예정)자
2. 후 견 인 : 우수경영인, 수산 신지식인, 수산 퇴직공무원, 대학교수 등 수산 분야 전문가로 어업 분야에 10년 이상 종사한 자",별도 문의,별도 문의,https://youth.chungnam.go.kr/web/main/customSupp/M050-08/view?bizId=A20260309CT000000000003017,main,primary,창업어가멘토링,수산자원연구소,20260101 ~ 20261231~20261231,교육･직업훈련,온·오프라인교육
youth,20260504005400113092,스마트팜 청년 창업 교육,"- 스마트팜 청년 창업 입문교육
- 스마트팜 청년 창업 재배실습 교육
- 스마트팜 선도 농가 현장실습 교육",교육/멘토링,스마트교육센터,전국,0013008 | 0049009,청년,만 18세 ~ 만 44세,18,44,청년농업인 18세 이상~45세 미만,소득조건코드=0043003 / 소득범위=0~0 / -,,"- 스마트팜 청년 창업 입문교육
- 스마트팜 청년 창업 재배실습 교육
- 스마트팜 선도 농가 현장실습 교육",20260101 ~ 20261231,20261231,청년농업인 18세 이상~45세 미만,별도 문의,신청(신청자)→접수(시·군)→대상자 결정(도원)→추진,https://youth.chungnam.go.kr/web/main/customSupp/M030-02/view?bizId=A20260309CT000000000003016,main,primary,스마트팜청년창업교육,스마트교육센터,20260101 ~ 20261231~20261231,교육･직업훈련,온·오프라인교육
youth,20260504005400113091,충남 천안아산 강소연구개발특구 육성,"입주기관의 활발한 신기술 창출 및 사업화를 촉진할 수 있는 환경 조성으로, 특화분야(미래모빌리티 전장기술) 업종기업 중심 양질의 일자리 창출",인력/일자리,미래산업과,충청남도,해당 없음 | 0013010 | 0049010,청년,만 0세 ~ 만 0세,,,미래차 전장부품 중심 스타트업-스케일업 기업,소득조건코드=0043001 / 소득범위=0~0,,"연구소기업·창업기업 설립, 기술이전 및 사업화, 투자연계 등 지원",        ,        ,미래차 전장부품 중심 스타트업-스케일업 기업,별도 문의,별도 문의,https://youth.chungnam.go.kr/web/main/customSupp/M030-01/view?bizId=A20260309CT000000000003022,main,primary,충남천안아산강소연구개발특구육성,미래산업과,,일자리,취업
youth,20260504005400113090,청년내일저축계좌 지원,- 저소득 청년이 사회에 안착할 수 있도록 자산형성 지원 및 자립 촉진,복지/문화,복지보훈정책과,전국,해당 없음 | 0013010 | 0049010,청년,만 19세 ~ 만 39세,19,39,해당 없음,"소득조건코드=0043003 / 소득범위=0~0 / (소득기준)현재 근로활동 중이며, 월 근로·사업소득이 10만원 이상인 청년
(가구소득) 소득인정액 기준 중위소득 50% 이하",,"연령·소득기준·가구소득을 모두 충족한 청년이 3년간 근로, 매월 10만원 이상 저축하면 매월 30만원 지원
(연령) 신청 당시 만 15세 이상 ~ 만 39세 이하
(소득기준)현재 근로활동 중이며 월 근로·사업소득이 10만원 이상인 청년
(가구소득) 소득인정액 기준 중위소득 50% 이하",20260504 ~ 20260520,20261231,해당 없음,별도 문의,별도 문의,https://youth.chungnam.go.kr/web/main/customSupp/M040-06/view?bizId=A20260309CT000000000003015,main,primary,청년내일저축계좌지원,복지보훈정책과,20260504 ~ 20260520~20261231,금융･복지･문화,취약계층 및 금융지원
youth,20260504005400213089,태안학사 운영,우리군 출신 수도권지역 대학생들의 주거비 부담 완화 및 안정된 학업 환경 제공,주거,교육체육과,전국,취업자 | 0013010 | 0049005,청년,만 19세 ~ 만 39세,19,39,해당 없음,소득조건코드=0043001 / 소득범위=0~0,,거주환경 제공,20260106 ~ 20260116,20261231,해당 없음,"입사신청서, 성적증명서, 재학증명서 등",우편 또는 방문접수,https://youth.chungnam.go.kr/web/main/customSupp/M040-05/view?bizId=A20260401LC000000000003123,main,primary,태안학사운영,교육체육과,20260106 ~ 20260116~20261231,주거,주택 및 거주지
youth,20260504005400213088,청년 사람유두종 바이러스 예방접종 지원,청년 대상 사람유두종 바이러스 예방접종 지원,복지/문화,보건행정과,전국,해당없음 | 0013010 | 0049010,"누구나,청년",만 18세 ~ 만 20세,18,20,해당없음,소득조건코드=0043001 / 소득범위=0~0,,"1년 이상 계룡시 주민등록을 둔 18~20세 백신 미완료 청년 예방접종 지원
(본인 부담금 5만원, 기초생활수급자·차상위계층 무료)",20260201,20261231,해당없음,"신분증, 기초생활수급자ㆍ차상위계층 증명서(해당자만)",계룡시보건소 1층 예방접종실에 신분증 지참 후 접종,https://youth.chungnam.go.kr/web/main/customSupp/M040-06/view?bizId=A20260401LC000000000003121,main,primary,청년사람유두종바이러스예방접종지원,보건행정과,20260201~20261231,금융･복지･문화,건강
youth,20260504005400113084,창업보육센터 및 기업지원,"창업보육센터 내 입주기업 운영지원, 창업경진대회를 통한 사업화 자금 지원 등",인력/일자리,AI육성과,전국,"해당 없음 | 0013006,0013009 | 0049009","예비창업자,청년",만 0세 ~ 만 0세,,,예비창업자 및 5년미만 창업기업,소득조건코드=0043001 / 소득범위=0~0,,도내 15개 대학 창업보육센터 운영 등,20260401 ~ 20260415,        ,예비창업자 및 5년미만 창업기업,각 대학별 보육센터 개별 진행,각 대학별 보육센터 개별 진행,https://youth.chungnam.go.kr/web/main/customSupp/M030-03/view?bizId=A20260309CT000000000003013,main,primary,창업보육센터및기업지원,ai육성과,20260401 ~ 20260415~,일자리,창업
youth,20260504005400113083,그린스타트업타운 운영,신성장·친환경·ICT 분야 스타트업 발굴/육성사업,인력/일자리,AI육성과,전국,"참여제한 사유에 해당하는 경우(지원사업별 공고문 확인) | 0013006,0013009 | 0049010","스타트업,청년",만 0세 ~ 만 0세,,,그린스타트업타운 입주 후 지원사업 신청 가능,소득조건코드=0043001 / 소득범위=0~0,,"스타트업 대상 입주공간, 경영컨설팅, 기술사업화, 글로벌 진출지원, 청년인재 정주여건, 스타트업 직무교육지원 등",,,"그린스타트업타운 입주 후 지원사업 신청 가능

사업별 지원내용/모집시기 등이 상이하므로 해당 공고문 기준으로 신청해야함",사업별 공고문 확인,사업별 모집공고 확인 → 신청/접수 → 선정평가 → 최종선정 대상자별 협약체결 후 지원,https://www.ccon.kr/,main,primary,그린스타트업타운운영,ai육성과,,일자리,창업
youth,20260504005400113082,청년농업인 창농 신성장 활동,"- 농고·농대 재학·졸업생 창농 교육
- 충남 우수 청년농업인 선발 운영",교육/멘토링,지도정책과,전국,0013008 | 0049009,"농업인,청년",만 18세 ~ 만 44세,18,44,"- 만 18세 이상~만 45세 미만 청년농업인(충청남도 거주)
 - 시군 농업계고등학교",소득조건코드=0043003 / 소득범위=0~0 / -,,"ㅇ 청년농업인 역량강화 교육
ㅇ 청년농부되기 진로교육
ㅇ 청년농업인 품목별 연구동아리
ㅇ 청년농업인 온라인 마케팅 기술지원",20260101 ~ 20261231,20261231,"- 만 18세 이상~만 45세 미만 청년농업인(충청남도 거주)
 - 시군 농업계고등학교",별도 문의,신청(신청자)→접수(시·군)→대상자 결정(시·군)→추진,https://youth.chungnam.go.kr/web/main/customSupp/M030-02/view?bizId=A20260309CT000000000003011,main,primary,청년농업인창농신성장활동,지도정책과,20260101 ~ 20261231~20261231,교육･직업훈련,미래역량강화
youth,20260504005400113081,전세보증금반환보증 보증료 지원,"전세사기, 역전세 현상 등 임대차 계약 종료 이후에도 보증금을 반환받지 못하는 저소득층의 피해가 증가함에 따라, 전세보증금반환보증 가입 유도 및 전세사기 피해 예방",주거,주택도시과,전국,보증효력이 유효한 전세보증금반환보증에 가입한 임차보증금 3억원 이하의 무주택 임차인 | 0013010 | 0049010,청년,만 0세 ~ 만 0세,,,"연소득 (청년) 5천만원, (청년 외) 6천만원, (신혼부부) 7.5천만원 이하","소득조건코드=0043003 / 소득범위=0~0 / 연소득 (청년)5천만원, (청년 외)6천만원, (신혼부부)7.5천만원 이하",,전세보증금반환보증 보증료 전부 또는 일부 지원(최대 40만원),20260101,20261231,"연소득 (청년) 5천만원, (청년 외) 6천만원, (신혼부부) 7.5천만원 이하","신청서, 서약서, 통장사본, 전세보증금반환보증 보증서, 보증료 납부 증빙서류, 임대차계약서, 등기사항전부증명서, 주민등록등본, 혼인관계증명서, 소득금액증명 등",(신청인)읍면동 행정복지센터 내방 신청 또는 온라인 신청(안심전세포털) → (시군) 지원여부 조사 및 지원결정,https://youth.chungnam.go.kr/web/main/customSupp/M040-05/view?bizId=A20260309CT000000000003007,main,primary,전세보증금반환보증보증료지원,주택도시과,20260101~20261231,주거,주택 및 거주지
youth,20260504005400113078,지역기반형 콘텐츠코리아랩 운영,"충남도 내 콘텐츠 창작문화 확산 및 지역 신규 창·제작자 발굴 및 육성을 통한 지역 콘텐츠 전문인력 양성, 콘텐츠 기업 육성",복지/문화,문화정책과,전국,해당 없음 | 0013010 | 0049010,청년,만 0세 ~ 만 0세,,,해당 없음,소득조건코드=0043001 / 소득범위=0~0,,"- 취업·창업·사업화 연계를 위한 창작인력 양성 교육 프로그램 운영
- 맞춤형 사업화지원, 유통·투자 연계로 콘텐츠 스타트업기업성장지원
- 콘텐츠 스타트업 자율형 마케팅 전략 자금지원 홍보효과·매출 극대화",20260101,20261231,해당 없음,별도 문의,별도 문의,https://youth.chungnam.go.kr/web/main/customSupp/M060-09/view?bizId=A20260309CT000000000003061,main,primary,지역기반형콘텐츠코리아랩운영,문화정책과,20260101~20261231,금융･복지･문화,문화활동 및 생활지원
youth,20260504005400113077,청년 등 생애주기별 마음건강사업,정신건강 고위험군 청년을 조기발견·개입하여 청년 정신건강 개선 및 청년 정신질환의 적절한 치료·관리를 통해 회복지원,복지/문화,건강증진식품과,전국,해당 없음 | 0013010 | 0049010,청년,만 19세 ~ 만 39세,19,39,해당 없음,소득조건코드=0043001 / 소득범위=0~0,,"- 청년정신건강 인식 개선 홍보 및 교육
- 지역자원(대학교, 청년센터, 고용센터 등) 연계를 통해 고위험군 발굴 및 심리 지원
- 고위험군 온·오프라인 상담(모바일앱, SNS 등 활용한 비대면상담소 운영)
- 정신건강통합서비스 (사례관리, 집단프로그램 등) 운영",20260101,20261231,해당 없음,별도 문의,별도 문의,https://youth.chungnam.go.kr/web/main/customSupp/M040-06/view?bizId=A20250416CT000000000002241,main,primary,청년등생애주기별마음건강사업,건강증진식품과,20260101~20261231,금융･복지･문화,건강
youth,20260504005400113076,청년 자살예방 조기검진 및 심리지원,도내 청년 대상 자살예방 조기검진 통한 심리지원 및 자원 연계,복지/문화,건강증진식품과,전국,해당 없음 | 0013010 | 0049010,청년,만 19세 ~ 만 39세,19,39,해당 없음,소득조건코드=0043001 / 소득범위=0~0,,"- 충남정신건강관리망을 통한 우울 및 자살 정신건강검진시행
   ⇨ 고위험군 발굴시 즉각 개입(상담, 치료연계) 및 자원연계(치료비 지원 등)

- 청년 대상 정신건강프로그램(나에게로 떠나는 여행) 연계",20260101,20261231,해당 없음,별도 문의,별도 문의,https://youth.chungnam.go.kr/web/main/customSupp/M040-06/view?bizId=A20260309CT000000000003050,main,primary,청년자살예방조기검진및심리지원,건강증진식품과,20260101~20261231,금융･복지･문화,건강
youth,20260504005400113075,청년 정신건강 관리 협력·홍보체계 구축·운영,정신질환에 대한 인식 개선 홍보사업을 통해 서비스 접근성 제고 및 지역사회 정신건강 관계기관 협력체계 구축,복지/문화,건강증진식품과,전국,해당 없음 | 0013010 | 0049010,청년,만 19세 ~ 만 39세,19,39,해당 없음,소득조건코드=0043001 / 소득범위=0~0,,"- 비대면 선별도구를 활용한 고위험군 발굴 및 정신건강 서비스 지역사회 자원 연계 및 모니터링
- 청년 정신건강서포터즈 [마음;잇길] 운영 및 지원
- 통합 조기중재 홈페이지 [안녕;마음] 운영 및 관리
- 청년 정신건강의 중요성 및 인식개선 홍보를 위한 홍보컨텐츠 제작 및 보급 등",20260101,20261231,해당 없음,별도 문의,별도 문의,https://youth.chungnam.go.kr/web/main/customSupp/M040-06/view?bizId=A20260310CT000000000003066,main,primary,청년정신건강관리협력홍보체계구축운영,건강증진식품과,20260101~20261231,금융･복지･문화,건강
youth,20260504005400113074,컨설턴트 파견 및 취업지원프로그램 운영,"충남도립대학교 본교 재학생(프로그램에 따라 졸업생 포함) 대상 컨설팅, 취업역량 강화 프로그램 제공",교육/멘토링,취업지원처,전국,"충남도립대학교 재학생(프로그램에 따라 졸업생 포함) | 0013003 | 0049005,0049006,0049007",청년,만 0세 ~ 만 0세,,,해당없음,소득조건코드=0043001 / 소득범위=0~0,,"충남도립대학교 본교 재학생(프로그램에 따라 졸업생 포함) 대상 컨설팅, 취업역량 강화 프로그램 제공",20260301 ~ 20270228,20270228,해당없음,별도 문의,별도 문의,https://youth.chungnam.go.kr/web/main/customSupp/M030-02/view?bizId=A20260324CT000000000003067,main,primary,컨설턴트파견및취업지원프로그램운영,취업지원처,20260301 ~ 20270228~20270228,교육･직업훈련,온·오프라인교육
youth,20260504005400213073,서산시 전입 대학생 생활안정 지원,"관내 소재 대학교(한서대학교) 재(휴)학생 중, 전입신고를 한 대학생을 대상으로 생활안정 지원금 10만원 지급",복지/문화,자치행정국,충청남도,만 19세 이상 대학생 | 0013009 | 0049005,청년,만 0세 ~ 만 0세,,,만 19세 이상 대학생,소득조건코드=0043001 / 소득범위=0~0,,생활안정지원금,20260101 ~ 20261231,20261231,만 19세 이상 대학생,"주민등록초본, 재(휴학) 증명서 등","신청 접수(공문 등) 후, 지원",https://youth.chungnam.go.kr/web/main/customSupp/M040-06/view?bizId=A20260401LC000000000003120,main,primary,서산시전입대학생생활안정지원,자치행정국,20260101 ~ 20261231~20261231,금융･복지･문화,취약계층 및 금융지원
youth,20260504005400213072,청년농업인 인큐베이팅 기술지원,미래농업의 주역인 청년농업인들의 소득기반 구축,인력/일자리,기술지원과,전국,해당 없음 | 0013008 | 0049010,"농업인,청년",만 18세 ~ 만 45세,18,45,해당 없음,소득조건코드=0043001 / 소득범위=0~0,,"컨설팅을 통한 경영전략 계획수립 → 농장개선 및 생산성 품질향상 장비도입, 창업아이템 도출 및 지원",20260112 ~ 20260130,20261231,해당 없음,"사업신청서, 경영체등록증",농업기술센터 신청서류 제출,https://youth.chungnam.go.kr/web/main/customSupp/M050-07/view?bizId=A20260401LC000000000003126,main,primary,청년농업인인큐베이팅기술지원,기술지원과,20260112 ~ 20260130~20261231,일자리,취업
youth,20260504005400213070,서산시 창업보육센터 지원,창업기업 육성 및 지원을 위한 창업보육센터 활성화 촉진,교육/멘토링,투자유치과,충청남도,창업을 희망하는 예비창업자 또는 창업 3년 미만인 기업 | 0013002 | 0049010,"예비창업자,청년",만 0세 ~ 만 0세,,,창업을 희망하는 예비창업자 또는 창업 3년 미만인 기업,소득조건코드=0043001 / 소득범위=0~0,,"마케팅 및 홍보지원, 시제품 제작 지원, 창업 교육 등",20260501 ~ 20260930,20260930,"창업을 희망하는 예비창업자 또는 창업 3년 미만인 기업

한서대학교 창업보육센터
정수영 팀장 (TEL: 041-671-6053 / FAX: 041-671-6055)",별도 안내,방문접수/ 우편접수/ 팩스/ 이메일,http://www.habi.or.kr/main/index.action,main,primary,서산시창업보육센터지원,투자유치과,20260501 ~ 20260930~20260930,교육･직업훈련,온·오프라인교육
youth,20260504005400213069,태안 청년네트워크 운영,청년 문제 해결을 위한 의제와 정책을 발굴하고 실현하기 위해 청년 참여를 기반으로 한 청년 네트워크 운영,복지/문화,기획예산담당관,전국,해당 없음 | 0013010 | 0049010,청년,만 18세 ~ 만 45세,18,45,해당 없음,소득조건코드=0043001 / 소득범위=0~0,,청년네트워크 참석 실비 및 급·간식 제공,20251201 ~ 20271231,20271231,해당 없음,지원신청서 및 증빙서류,태안군 홈페이지 공고(공개모집),https://youth.chungnam.go.kr/web/main/customSupp/M060-10/view?bizId=A20260401LC000000000003142,main,primary,태안청년네트워크운영,기획예산담당관,20251201 ~ 20271231~20271231,금융･복지･문화,문화활동 및 생활지원
youth,20260504005400213068,태안 군 복무 태안 청년 상해 보험 가입,군 복무 태안 청년 단체 상해보험 가입,복지/문화,안전관리과,전국,해당 없음 | 0013010 | 0049010,청년,만 19세 ~ 만 39세,19,39,해당 없음,소득조건코드=0043001 / 소득범위=0~0,,군 복무 중 상해 및 질병 보험 가입,20260220 ~ 20270219,20270219,해당 없음,담당자 문의,담당자 문의,https://youth.chungnam.go.kr/web/main/customSupp/M040-06/view?bizId=A20260401LC000000000003140,main,primary,태안군복무태안청년상해보험가입,안전관리과,20260220 ~ 20270219~20270219,금융･복지･문화,취약계층 및 금융지원
youth,20260504005400213067,서산시 성연청소년문화의집 운영,청소년의 건강하고 행복한 성장을 돕기 위한 청소년전용시설 운영,복지/문화,가족지원과,충청남도,해당없음 | 0013010 | 0049010,"누구나,청년",만 9세 ~ 만 24세,9,24,해당없음,소득조건코드=0043001 / 소득범위=0~0,,"청소년전용카페(이리모young) 운영 및 
학교연계·진로역량 개발·문화·청소년동아리 활동,",20260101,29991231,해당없음,해당없음,"프로그램 별 상이, 홈페이지 참고",https://www.s3youth.or.kr/,main,primary,서산시성연청소년문화의집운영,가족지원과,20260101~29991231,금융･복지･문화,문화활동 및 생활지원
youth,20260504005400213066,태안 사회복무요원 보상 및 배상책임 보험,공무상 의료비·재해보상금 보험/ 대인대물배상책임 보험,복지/문화,안전관리과,전국,해당 없음 | 0013010 | 0049010,청년,만 19세 ~ 만 39세,19,39,해당 없음,소득조건코드=0043001 / 소득범위=0~0,,공무상 의료비·재해보상금 보험 가입 / 대인대물배상책임 보험 가입,20260117 ~ 20270117,20270117,해당 없음,해당 없음,태안군 소속 사회복무요원 자동 가입,https://youth.chungnam.go.kr/web/main/customSupp/M030-04/view?bizId=A20260401LC000000000003139,main,primary,태안사회복무요원보상및배상책임보험,안전관리과,20260117 ~ 20270117~20270117,금융･복지･문화,취약계층 및 금융지원
youth,20260504005400213065,천안형 채용연계프로그램,"관내 미취업 청년이 취업역량 강화 교육과 기업설명회, 면접 연계 등을 통해 관내 기업과의 채용 기회를 확대하는 프로그램으로, 기업 정보 제공과 취업 지원을 통해 청년의 노동시장 진입을 돕고 지역 인재의 안정적인 정착과 청년 일자리 창출에 기여하고자 추진하는 사업",인력/일자리,청년정책과,충청남도,해당없음 | 0013010 | 0049010,"누구나,청년",만 18세 ~ 만 39세,18,39,해당없음,소득조건코드=0043001 / 소득범위=0~0,,"취업기술 향상 교육(약 50시간), 관내 우수기업 정보 제공 및 기업설명회, 정규직 채용연계 면접 동행 지원, 천안 청년 취업응원금(천안사랑카드 50만원) 지원",20260201,20261231,해당없음,해당없음,홈페이지 신청,https://www.ch2030youth.kr/bbs/board.php?bo_table=notice&wr_id=582,main,primary,천안형채용연계프로그램,청년정책과,20260201~20261231,일자리,취업
youth,20260504005400213064,태안 청년 신혼부부 주택자금 대출이자 지원,"주택자금(매매, 전세) 대출을 받고 납입한 이자 지원 사업",주거,신속허가과,전국,해당 없음 | 0013010 | 0049010,청년,만 18세 ~ 만 45세,18,45,해당 없음,소득조건코드=0043003 / 소득범위=0~0 / 기준중위소득 180%이하,,"가구당 연간 100만원 이내 대출이자 지원
(자년 1명당 10만원 가산 지원, 총 3명까지)",20260101,20261231,해당 없음,"주민등록등본, 초본, 건강보험 자격확인서, 건강보험 납부확인서, 
매매계약서 또는 임대차(전세) 계약서, 지방세 세목별 과세증명서, 대출 및 이자납부 내역 확인서, 통장사본",신속허가과 방문신청,https://youth.chungnam.go.kr/web/main/customSupp/M040-05/view?bizId=A20260401LC000000000003135,main,primary,태안청년신혼부부주택자금대출이자지원,신속허가과,20260101~20261231,주거,전월세 및 주거급여 지원
youth,20260504005400213063,서산시 자립준비청년 운전면허 취득지원 사업,"가정위탁보호, 시설보호 종료 또는 연장된 청소년에게 운전면허 취득지원으로 실질적이고 안정적인 사회정착 및 성공적 자립에 기여코자 함.",교육/멘토링,가족지원과,충청남도,등록된 보호대상 청소년 | 0013009 | 0049009,청년,만 19세 ~ 만 29세,19,29,등록된 보호대상 청소년,소득조건코드=0043003 / 소득범위=0~0 / -,,운전면허 취득에 따른 일체 비용지원,20260201 ~ 20260227,20261130,등록된 보호대상 청소년,"신청서, 신분증, 개인정보제공동의서, 납부영수증, 통장사본",시청 가족지원과에 신청,https://youth.chungnam.go.kr/web/main/customSupp/M060-09/view?bizId=A20260401LC000000000003150,main,primary,서산시자립준비청년운전면허취득지원사업,가족지원과,20260201 ~ 20260227~20261130,교육･직업훈련,미래역량강화
youth,20260504005400213062,계룡행정인턴 운영,대학생이 방학기간을 이용하여 시정에 참여함으로써 지역사회에 대한 이해와 자긍심을 갖는 기회 제공,인력/일자리,자치행정과,전국,"계룡시청에서 대학생 행정인턴 근무경험이 있는 자
공고일 기준 대학교 입학 예정자, 대학원생
방송통신대학교, 사이버대학, 평생교육기관에 재학 중인 자 | 0013010 | 0049005,0049006",청년,만 19세 ~ 만 39세,19,39,해당없음　,소득조건코드=0043001 / 소득범위=0~0,,"1개월 간 행정사무 보조, 현장 업무 지원에 따른 급여 지급",20251201 ~ 20260630,20260731,해당없음,"신청서, 개인정보제공 동의서, 주민등록등본 또는 초본 등",시 홈페이지 신청,https://youth.chungnam.go.kr/web/main/customSupp/M060-10/view?bizId=A20260401LC000000000003152,main,primary,계룡행정인턴운영,자치행정과,20251201 ~ 20260630~20260731,일자리,취업
youth,20260504005400213061,공공근로 일자리(청년 우선 선발),공공일자리를 제공하여 청년들의 고용시장 진입을 위한 완충 역할 및 생활 안정 도모,인력/일자리,경제산업과,전국,"실업급여 및 연금수급자, 4회 연속 초과 참여자, 1세대 2인 참여자, 공무원(경찰, 소방, 교육, 군인, 군무원) 배우자 및 자녀, 대학 및 대학원 재학생 | 0013003 | 0049010",청년,만 19세 ~ 만 39세,19,39,해당없음　,소득조건코드=0043001 / 소득범위=0~0,,상ㆍ하반기 각 5개월 간 행정사무 보조에 따른 급여 지급,20260501 ~ 20260531,20261130,해당없음,"신청서, 개인정보제공 동의서 등",신청서 및 구비서류 주소지 면동사무소에 제출,https://youth.chungnam.go.kr/web/main/customSupp/M030-01/view?bizId=A20260401LC000000000003070,main,primary,공공근로일자리청년우선선발,경제산업과,20260501 ~ 20260531~20261130,일자리,취업
youth,20260504005400213060,청년인턴,"관내 미취업 청년이 우수 중소·중견기업에서 인턴으로 근무하며 실무 경험을 쌓을 수 있도록 최대 3개월간 인건비를 지원하는 프로그램으로, 직무 경험 제공과 취업 연계를 통해 청년의 직무역량 강화 및 청년 일자리 창출을 도모하고자 추진하는 사업",인력/일자리,청년정책과,전국,채용일 기준 고등학교 또는 대학교에 재학중인 자 | 0013010 | 0049010,청년,만 18세 ~ 만 39세,18,39,"상·하반기 참여자 모집 공고 시 신청(3월, 7월 예정)",소득조건코드=0043001 / 소득범위=0~0,,기업체에게 최대 3개월 인건비 지원 및 청년에게 인턴 근무 기회 제공,20260301 ~ 20260731,20261231,"상·하반기 참여자 모집 공고 시 신청(3월, 7월 예정)

해당없음",기업별 상이,각 기업별 TO 고려한 상시 운영,https://youth.chungnam.go.kr/web/main/customSupp/M030-02/view?bizId=A20260401LC000000000003145,main,primary,청년인턴,청년정책과,20260301 ~ 20260731~20261231,일자리,취업
youth,20260504005400213059,홍성복합문화창업공간 잇슈창고 운영,청년창업가 양성을 위한 전문교육기관의 교육·컨설팅 및 실습기관으로 활용,복지/문화,경제정책과,전국,"해당 없음 | 0013003,0013006 | 0049010",청년,만 19세 ~ 만 34세,19,34,해당 없음,소득조건코드=0043001 / 소득범위=0~0,,외식 창업 교육 프로그램 제공,20260501 ~ 20261231,20261231,"해당 없음

해당없음",미정,홍성군 홈페이지 공지사항 공고 게시,https://youth.chungnam.go.kr/web/main/customSupp/M060-09/view?bizId=A20260401LC000000000003071,main,primary,홍성복합문화창업공간잇슈창고운영,경제정책과,20260501 ~ 20261231~20261231,금융･복지･문화,문화활동 및 생활지원
youth,20260504005400213058,서산시 일자리종합센터 취업지원 프로그램 운영,"일자리종합센터 운영, 취업지원 프로그램 운영 등",인력/일자리,일자리경제과,충청남도,해당없음 | 0013010 | 0049010,"누구나,청년",만 19세 ~ 만 39세,19,39,해당없음,소득조건코드=0043001 / 소득범위=0~0,,"일자리 정보 제공 및 일자리 알선, 
취업 지원 교육 프로그램 운영 등",        ,        ,해당없음,해당없음,구직 등록,https://youth.chungnam.go.kr/web/main/youthSearch/list,main,primary,서산시일자리종합센터취업지원프로그램운영,일자리경제과,,일자리,취업
youth,20260504005400213057,태안 청년 이사비 지원,"전입청년들의 이사비용(운송비, 부동산중개보수비) 지원 사업",주거,신속허가과,전국,해당 없음 | 0013010 | 0049010,청년,만 18세 ~ 만 45세,18,45,해당 없음,소득조건코드=0043001 / 소득범위=0~0,,가구당 이사비 및 중개보수 포함 40만원 이내 지원,20260101,20261231,해당 없음,"주민등록등본, 초본, 건강보험 자격확인서, 건강보험 납부확인서, 임대차계약서 사본, 이사비 및 중개보수 지출 증빙서류, 지방세 세목별과세증명서, 통장사본",신속허가과 방문신청,https://youth.chungnam.go.kr/web/main/customSupp/M040-06/view?bizId=A20260401LC000000000003132,main,primary,태안청년이사비지원,신속허가과,20260101~20261231,주거,전월세 및 주거급여 지원
youth,20260504005400213056,서산시 공동육아나눔터(장난감도서관) 운영,"- 공동육아나눔터 품앗이 활동 및 프로그램 운영
- 장난감도서관을 통한 장난감 대여 서비스 지원",복지/문화,가족지원과,충청남도,해당없음 | 0013010 | 0049010,"누구나,청년",만 0세 ~ 만 0세,,,해당없음,소득조건코드=0043001 / 소득범위=0~0,,장난감 대여 및 활동 프로그램 지원,20260101,20261231,해당없음,주민등록등본,- 품앗이 활동 및 장난감 대여 직접 방문 후 신청,https://seosan.familynet.or.kr,main,primary,서산시공동육아나눔터장난감도서관운영,가족지원과,20260101~20261231,금융･복지･문화,문화활동 및 생활지원
youth,20260504005400213055,청년센터 운영,"청년들의 역량 개발과 교류를 위한 공간 조성, 청년 맞춤 프로그램 운영으로 지역 발전의 주체인 청년들의 성장 지원",복지/문화,경제산업과,전국,해당없음 | 0013010 | 0049010,"누구나,청년",만 18세 ~ 만 39세,18,39,해당없음,소득조건코드=0043001 / 소득범위=0~0,,"청년프로그램 참여, 북카페 및 회의실 등 무료 이용",        ,        ,해당없음,"신청서, 개인정보제공 동의서, 주민등록등본 또는 초본 등",프로그램 참여자는 홈페이지를 통해 신청,https://youth.chungnam.go.kr/web/main/customSupp/M060-09/view?bizId=A20260401LC000000000003151,main,primary,청년센터운영,경제산업과,,금융･복지･문화,문화활동 및 생활지원
youth,20260504005400213054,청년 면접용 정장 대여비 지원,미취업(또는 계약직 근무) 청년이 취업 면접을 위해 지정된 정장 대여업체에서 3박 4일간 정장 무료 대여 지원,인력/일자리,경제산업과,전국,"해당없음 | 0013003,0013005,0013007 | 0049010","누구나,청년",만 19세 ~ 만 39세,19,39,해당없음　,소득조건코드=0043001 / 소득범위=0~0,,청년 면접용 정장 대여 지원,20260101,20261231,해당없음,"신청서, 개인정보제공 동의서, 주민등록등본 또는 초본, 고용보험 최근 3개월 자격이력내역서, 근로계약서(선택), 면접 증빙서류",정장 대여업체 방문 2일 전까지 신청서 및 구비서류 첨부하여 이메일 또는 청년센터 방문 신청,https://youth.chungnam.go.kr/web/main/customSupp/M030-02/view?bizId=A20260401LC000000000003073,main,primary,청년면접용정장대여비지원,경제산업과,20260101~20261231,일자리,취업
youth,20260504005400213053,부여군 군복무 청년 상해보험 가입 지원,군 복무 중 불의의 사고 대비 위한 상해보험 가입 및 운영,복지/문화,안전총괄과,전국,해당 없음 | 0013010 | 0049009,청년,만 0세 ~ 만 0세,,,해당 없음,소득조건코드=0043001 / 소득범위=0~0,,"군 복무 중 발생한 상해사망 등 7개 항목 보장(최대 3,000만원)",20260301 ~ 20261130,20261130,해당 없음,보험 청구서 및 증빙서류 등,상해 발생 시 보험사(농협손해보험(1644-9666)) 직접 신청,https://youth.chungnam.go.kr/web/main/customSupp/M040-06/view?bizId=A20260401LC000000000003072,main,primary,부여군군복무청년상해보험가입지원,안전총괄과,20260301 ~ 20261130~20261130,금융･복지･문화,취약계층 및 금융지원
youth,20260504005400213052,홍성형일자리 군민채용제,군민채용제 기업선발 및 근로자 매칭하여 근속지원금 지급,인력/일자리,경제정책과,전국,해당 없음 | 0013010 | 0049010,청년,만 18세 ~ 만 64세,18,64,해당 없음,소득조건코드=0043001 / 소득범위=0~0,,상시 근로자 3인 이상 중소기업에 군민 신규채용시 1인당 월 70만원씩 12개월 지급,20260112 ~ 20261231,20261231,해당 없음,홍성군 공고 제2026-78호 참고,이메일 접수,https://youth.chungnam.go.kr/web/main/customSupp/M030-04/view?bizId=A20260401LC000000000003074,main,primary,홍성형일자리군민채용제,경제정책과,20260112 ~ 20261231~20261231,일자리,권익보호
youth,20260504005400213051,홍성 청년4-H회원 시범과제,청년 4-H회원 대상 시범과제(장비 구입 등) 지원,복지/문화,농업기술센터,전국,해당 없음 | 0013010 | 0049010,청년,만 0세 ~ 만 0세,,,해당 없음,소득조건코드=0043001 / 소득범위=0~0,,"4-H회원 영농 안정 기반 조성을 위한 시설 지원, 장비 구입 등 신기술 시범 지원",20260301 ~ 20261231,20261231,해당 없음,사이트 참고,해당 없음,https://youth.chungnam.go.kr/web/main/customSupp/M050-07/view?bizId=A20260401LC000000000003076,main,primary,홍성청년4h회원시범과제,농업기술센터,20260301 ~ 20261231~20261231,금융･복지･문화,취약계층 및 금융지원
youth,20260504005400213050,청년 AI 자격증 취득 지원,"청년들에게 취창업, 이직, 자기개발 등 실질적 도움이 될 수 있는 AI 자격증 취득 과정 프로그램 운영",인력/일자리,경제산업과,전국,해당없음 | 0013010 | 0049010,"누구나,청년",만 19세 ~ 만 39세,19,39,해당없음　,소득조건코드=0043001 / 소득범위=0~0,,자격증 취득 과정 프로그램,20260501 ~ 20261130,20261231,해당없음,"신청서, 개인정보제공 동의서, 주민등록등본 또는 초본 등",상ㆍ하반기 각 1회씩 교육 신청 기간에 홈페이지를 통해 신청 접수,https://youth.chungnam.go.kr/web/main/customSupp/M030-02/view?bizId=A20260401LC000000000003077,main,primary,청년ai자격증취득지원,경제산업과,20260501 ~ 20261130~20261231,일자리,취업
youth,20260504005400213049,대학생 국외 연수,국제적 감각과 능력을 갖춘 글로벌 인재 양성,복지/문화,평생교육과,전국,"계룡시애향장학회 장학금 기 지원 받은자, 
대학생 국외연수 및 글로벌 탐방 연수 기 참여자 | 0013010 | 0049005",청년,만 19세 ~ 만 39세,19,39,해당없음,소득조건코드=0043001 / 소득범위=0~0,,"대학생 국외연수자를 선발 후 영어권 국가를 방문하여 영어 학습, 기업 방문, 해외 취업 컨설팅, 국문화축제 홍보 활동 등 다양한 활동 지원",20260211 ~ 20260213,20260831,해당없음,"신청서, 재학증명서, 미래계획서 및 계룡시 기여 계획서, 졸업증명서(관내 학교), 주민등록초본, 개인정보동의서",신청서 및 구비서류를 계룡시청 평생교육과에 방문 및 우편 신청,https://youth.chungnam.go.kr/web/main/customSupp/M060-10/view?bizId=A20260401LC000000000003080,main,primary,대학생국외연수,평생교육과,20260211 ~ 20260213~20260831,금융･복지･문화,문화활동 및 생활지원
youth,20260504005400213048,서산시 청년정책네트워크 구성·운영,청년정책 발굴을 위한 회의 개최 및 청년 관련 각종 행사 등 시정 참여,복지/문화,기획예산담당관,충청남도,서산시에서 거주 및 활동하는 청년 | 0013010 | 0049010,청년,만 18세 ~ 만 39세,18,39,서산시에서 거주 및 활동하는 청년,소득조건코드=0043001 / 소득범위=0~0,,기타(회원 위촉 및 활동수당 5만원 지급),20260101 ~ 20270101,20270101,서산시에서 거주 및 활동하는 청년,담당자 확인필요,"신청기간 내 서류 제출(이메일, 방문)",https://youth.chungnam.go.kr/web/main/customSupp/M060-09/view?bizId=A20260401LC000000000003081,main,primary,서산시청년정책네트워크구성운영,기획예산담당관,20260101 ~ 20270101~20270101,금융･복지･문화,문화활동 및 생활지원
youth,20260504005400213047,청년 행정체험 프로그램,"천안시에 거주하는 청년이 시청, 읍·면·동, 도서관, 박물관 및 유관기관 등에서 근무하며 행정 현장을 체험하는 프로그램으로, 
시정 참여 기회 확대와 사회 경험 제공을 통해 청년 일자리 창출에 기여하고자 추진하는 사업",인력/일자리,청년정책과,전국,최근 2년간 천안시 청년(대학생) 행정체험 프로그램 참여자 | 0013010 | 0049010,청년,만 18세 ~ 만 39세,18,39,(특별모집) 저소득층/차상위/한부모/국가유공자세대/장애인/북한이탈주민/취업지원 대상자/다자녀,소득조건코드=0043003 / 소득범위=0~0 / -,,청년들의 행정현장 체험 및 근무 수당 지급,20260501 ~ 20260630,20260807,(특별모집) 저소득층/차상위/한부모/국가유공자세대/장애인/북한이탈주민/취업지원 대상자/다자녀,"일반선발 : 제출서류 없음
특별선발 : 수급자 증명서/장애인 증명서/ 차상위계층 확인서/한부모가족증명서/취업지원 대상자 증명서/북한이탈주민 등록확인서/등본 등","천안시 홈페이지 공개 모집
(동계) 2025년 11월 중
(하계) 2026년 5·6월 중",https://youth.chungnam.go.kr/web/main/customSupp/M030-01/view?bizId=A20260401LC000000000003083,main,primary,청년행정체험프로그램,청년정책과,20260501 ~ 20260630~20260807,일자리,취업
youth,20260504005400213046,글로벌 탐방 연수,자기주도 해외 문화탐방으로 창의 인재 양성,복지/문화,평생교육과,전국,"계룡시애향장학회 장학금 기 지원 받은자, 
대학생 국외연수 및 글로벌 탐방 연수 기 참여자 | 0013010 | 0049010",청년,만 19세 ~ 만 29세,19,29,해당없음　,소득조건코드=0043001 / 소득범위=0~0,,글로벌 탐방 연수자에게 1인 2백만원 지원,20260309 ~ 20260311,20260831,해당없음,"신청서, 여행계획서, 졸업증명서(관내 학교), 주민등록초본, 개인정보동의서 등",신청서 및 구비서류를 계룡시청 평생교육과에 방문 및 우편 신청,https://youth.chungnam.go.kr/web/main/customSupp/M060-10/view?bizId=A20260401LC000000000003085,main,primary,글로벌탐방연수,평생교육과,20260309 ~ 20260311~20260831,금융･복지･문화,문화활동 및 생활지원
youth,20260504005400213045,서산시 청년의 날 행사 추진,‘청년의 날’을 기념하는 행사 개최로 청년들의 정책 제안과 문화 소통의 장 마련,복지/문화,기획예산담당관,충청남도,해당없음 | 0013010 | 0049010,"누구나,청년",만 0세 ~ 만 0세,,,해당없음,소득조건코드=0043001 / 소득범위=0~0,,각종 부스 프로그램 운영 및 문화예술공연 등 제공,,,해당없음,해당없음,해당없음,https://www.youthcenter.go.kr/youthPolicy/ythPlcyTotalSearch/ythPlcyDetail/20260504005400213045,main,primary,서산시청년의날행사추진,기획예산담당관,,금융･복지･문화,문화활동 및 생활지원
youth,20260504005400213042,서산시 군복무 청년 상해보험 가입,군복무 청년 대상 상해 보험 가입,복지/문화,기획예산담당관,충청남도,군복무 청년 | 0013009 | 0049010,청년,만 0세 ~ 만 0세,,,군복무 청년,소득조건코드=0043001 / 소득범위=0~0,,상해보험 지원,20260301 ~ 20270228,20270228,군복무 청년,보험금 청구서류,전용 콜센터 신청,https://youth.chungnam.go.kr/web/main/customSupp/M040-06/view?bizId=A20260401LC000000000003092,main,primary,서산시군복무청년상해보험가입,기획예산담당관,20260301 ~ 20270228~20270228,금융･복지･문화,건강
youth,20260504005400213041,인생 설계 프로그램,"청년들의 진로, 적성 탐색 프로그램 운영",복지/문화,경제산업과,전국,해당없음 | 0013010 | 0049010,"누구나,청년",만 19세 ~ 만 39세,19,39,해당없음,소득조건코드=0043001 / 소득범위=0~0,,"청년들의 진로, 적성 탐색을 위한 인생 설계 프로그램 운영",20260101 ~ 20261231,20261231,해당없음,"신청서, 개인정보제공 동의서, 주민등록등본 또는 초본 등",연중 인생설계 프로그램 신청 기간에 홈페이지를 통해 신청 접수,https://gyeryong.go.kr/kr/html/sub05/05100302.html,main,primary,인생설계프로그램,경제산업과,20260101 ~ 20261231~20261231,금융･복지･문화,문화활동 및 생활지원
youth,20260504005400213040,청년 문화시설 관람비 지원,20대 청년들에게 보다 넓은 문화 향유의 기회 제공,복지/문화,경제산업과,전국,신청일 기준 청년문화예술패스 적용 대상자 | 0013010 | 0049010,청년,만 20세 ~ 만 29세,20,29,해당없음,소득조건코드=0043001 / 소득범위=0~0,,전국 문화시설 관람비 5만원을 지역상품권으로 환급,20260101 ~ 20261130,20261231,해당없음,"신청서, 주민등록등본 또는 초본, 본인 사용 증빙 카드 영수증 등",신청서 및 구비서류를 이메일 또는 청년센터 방문 신청,https://youth.chungnam.go.kr/web/main/customSupp/M060-10/view?bizId=A20260401LC000000000003097,main,primary,청년문화시설관람비지원,경제산업과,20260101 ~ 20261130~20261231,금융･복지･문화,문화활동 및 생활지원
youth,20260504005400213039,홍성 신혼부부 주거자금 대출이자 지원,「홍성군 신혼부부 주거자금 대출이자 지원에 관한 조례」에 따라 관내 신혼부부의 주거비 부담 경감,주거,건축허가과,전국,해당 없음 | 0013010 | 0049010,청년,만 19세 ~ 만 49세,19,49,해당 없음,소득조건코드=0043003 / 소득범위=0~0 / 기준중위소득 180%이하,,주택 구입 및 전월세 보증금 대출금 잔액의 1.5% 범위 내 연 최대 150만원 지원(최대 3년),20260303 ~ 20260529,20260630,해당 없음,홍성군 공고 제2026-538호 참고,주소지 읍면 방문신청,https://youth.chungnam.go.kr/web/main/customSupp/M040-05/view?bizId=A20260401LC000000000003098,main,primary,홍성신혼부부주거자금대출이자지원,건축허가과,20260303 ~ 20260529~20260630,주거,전월세 및 주거급여 지원
youth,20260504005400213038,홍성 청년 4-H회 영농 공동과제포 운영,기본 식량 작물인 벼 육묘 기술의 체계적 습득 및 회원간 협동심 고취,복지/문화,농업기술센터,전국,해당 없음 | 0013010 | 0049010,청년,만 0세 ~ 만 0세,,,해당 없음,소득조건코드=0043001 / 소득범위=0~0,,1개소,20260401,20260731,해당 없음,해당 없음,해당 없음,https://www.youthcenter.go.kr/youthPolicy/ythPlcyTotalSearch/ythPlcyDetail/20260504005400213038,main,primary,홍성청년4h회영농공동과제포운영,농업기술센터,20260401~20260731,금융･복지･문화,취약계층 및 금융지원
youth,20260504005400213037,서산시 출산지원금 및 둘째 이후 영유아 양육비 지원,"출산지원금(첫째 50, 둘째 100, 셋째 500, 넷째 이상 1,000만원)
둘째 이후 영유아 양육비 (만 3세까지 매달 10만원)",복지/문화,기획예산담당관,충청남도,해당 없음 | 0013010 | 0049010,청년,만 0세 ~ 만 0세,,,해당 없음,소득조건코드=0043001 / 소득범위=0~0,,"출산지원금(첫째 50, 둘째 100, 셋째 500, 넷째 이상 1,000만원)
둘째 이후 영유아 양육비 (만 3세까지 매달 10만원)",        ,        ,해당 없음,행복출산통합신고서,출생신고 시 일괄 접수,https://youth.chungnam.go.kr/web/main/customSupp/M040-06/view?bizId=A20260401LC000000000003101,main,primary,서산시출산지원금및둘째이후영유아양육비지원,기획예산담당관,,금융･복지･문화,취약계층 및 금융지원
youth,20260504005400213036,청년의 날 행사,"청년의 날 특별 프로그램 및 행사 등을 진행하여 청년의 날을 기념, 문화 경험 제공",복지/문화,경제산업과,전국,해당없음 | 0013010 | 0049010,"누구나,청년",만 18세 ~ 만 39세,18,39,해당없음,소득조건코드=0043001 / 소득범위=0~0,,"청년의 날에 토크콘서트, 플리마켓, 다양한 부스 운영 등 청년 친화적 문화 경험을 제공",20260901 ~ 20260930,20260930,해당없음,해당없음,별도 신청 절차 없이 청년의 날 행사에 참여 가능,https://youth.chungnam.go.kr/web/main/customSupp/M060-11/view?bizId=A20260401LC000000000003102,main,primary,청년의날행사,경제산업과,20260901 ~ 20260930~20260930,금융･복지･문화,문화활동 및 생활지원
youth,20260504005400213035,홍성 4-H회 활동 지원,청년농업인 역량 강화 교육,복지/문화,농업기술센터,전국,해당 없음 | 0013010 | 0049010,청년,만 19세 ~ 만 39세,19,39,해당 없음,소득조건코드=0043001 / 소득범위=0~0,,"4-H 과제교육, 리더십 및 농업 역량 강화 교육",20260201 ~ 20261231,20261231,해당 없음,해당 없음,해당 없음,https://youth.chungnam.go.kr/web/main/customSupp/M050-07/view?bizId=A20260401LC000000000003103,main,primary,홍성4h회활동지원,농업기술센터,20260201 ~ 20261231~20261231,금융･복지･문화,문화활동 및 생활지원
youth,20260504005400213034,서산시 대학생 아르바이트 운영,"- 대학생 일자리 제공을 통한 행정업무 체험 및 시정 홍보
- 봉사와 근로를 통한 건전한 가치관을 지닌 인재 육성",인력/일자리,자치행정국,충청남도,"만 19세 이상 대학생 | 0013009 | 0049005,0049006",청년,만 0세 ~ 만 0세,,,만 19세 이상 대학생,소득조건코드=0043001 / 소득범위=0~0,,직무교육 및 근무 기회 제공,20260701 ~ 20260831,20260831,만 19세 이상 대학생,"신청서, 개인정보 수집 및 이용 동의서, 주민등록초본, 재(휴학) 증명서 및 기타 증빙서류",내부계획 수립 및 모집공고 게시 후 신청자 접수,https://youth.chungnam.go.kr/web/main/customSupp/M030-01/view?bizId=A20260401LC000000000003107,main,primary,서산시대학생아르바이트운영,자치행정국,20260701 ~ 20260831~20260831,일자리,취업
youth,20260504005400213033,홍성 대학 4-H회 과제 교육,"도시 출신자가 대부분인 대학교 4-H회원들의 지역 소속감 부족, 농촌·농업에 대한 이해도 저하 상황 해소하기 위해 교육 행사 참여 유도",복지/문화,농업기술센터,전국,해당 없음 | 0013010 | 0049005,청년,만 19세 ~ 만 39세,19,39,해당 없음,소득조건코드=0043001 / 소득범위=0~0,,"혜전대학교 4-H회(동아리) 홍보 및 활성화, 역량 강화 교육, 각종 홍성군 4-H회 연계 교육 행사 참여 지원",20260301,20261231,해당 없음,해당 없음,해당 없음,https://www.youthcenter.go.kr/youthPolicy/ythPlcyTotalSearch/ythPlcyDetail/20260504005400213033,main,primary,홍성대학4h회과제교육,농업기술센터,20260301~20261231,금융･복지･문화,문화활동 및 생활지원
youth,20260504005400213032,아산시 쉼표청년 지원사업,고립·은둔 청년의 사회 복귀 및 자립을 지원하기 위한 단계별 맞춤형 프로그램 운영,복지/문화,일자리경제과,충청남도,"검사 결과 전문 상담 등이 필요하다고 판단되는 경우, 본 사업 대상에서는 제외하고 전문기관으로 안내 | 0013003 | 0049010",청년,만 18세 ~ 만 34세,18,34,아산시에 거주하는 만 18~34세 청년 3개월 이상 ‘쉼’ 상태에 있는 청년(최근 3개월 이상 구직·경제활동을 하지 않은 경우),소득조건코드=0043001 / 소득범위=0~0,,"힐링 프로그램, 일경험 연계, 취업 준비 지원 및 청년내일카드 지원",20260202 ~ 20260831,20260831,아산시에 거주하는 만 18~34세 청년 3개월 이상 ‘쉼’ 상태에 있는 청년(최근 3개월 이상 구직·경제활동을 하지 않은 경우),"건강보험자격득실확인서, 고용보험 자격이력내역서","청년아지트 나와유 홈페이지 신청 →검사 링크 발송 → 건강보험자격득실확인서, 고용보험 자격이력내역서 확인 → 쉼표 청년 참여",https://www.asan.go.kr/naeil/page/?page=commayouth,main,primary,아산시쉼표청년지원사업,일자리경제과,20260202 ~ 20260831~20260831,금융･복지･문화,취약계층 및 금융지원
youth,20260504005400213031,아산시 청년정책조정위원회 운영,청년정책 심의·의결,복지/문화,일자리경제과,충청남도,해당없음 | 0013010 | 0049010,"누구나,청년",만 18세 ~ 만 39세,18,39,거주·생활권이 아산시 만 18세 ~ 39세 이하 지역 청년 및 청년 정책에 관한 학식과 전문성을 보유한 자,소득조건코드=0043001 / 소득범위=0~0,,해당없음,20260101,20261231,거주·생활권이 아산시 만 18세 ~ 39세 이하 지역 청년 및 청년 정책에 관한 학식과 전문성을 보유한 자,해당없음,해당없음,https://youth.chungnam.go.kr/web/main/customSupp/M060-10/view?bizId=A20260402LC000000000003161,main,primary,아산시청년정책조정위원회운영,일자리경제과,20260101~20261231,금융･복지･문화,문화활동 및 생활지원
youth,20260504005400213030,아산시 청년 재무상담 서비스 「영앤리치」,"청년의 실용적이고 체계적인 자산 형성과 건전한 소비 습관을 위해 재무 진단 상담, 소득‧지출 관리에 대한 전문가 1:1 재무 컨설팅 지원",교육/멘토링,일자리경제과,충청남도,해당없음 | 0013010 | 0049010,"누구나,청년",만 18세 ~ 만 39세,18,39,아산시를 생활권으로 하는 18~39세 청년,소득조건코드=0043001 / 소득범위=0~0,,1:1 맞춤형 재무상담 컨설팅 제공/1인당 최대 2회(회당 90분),20260201,20261130,아산시를 생활권으로 하는 18~39세 청년,"신청서 1부 / 등본, 초본, 학생증 사본, 재직 증명 자료 중 택1",신청서 및 증빙서류 이메일 제출,https://youth.chungnam.go.kr/web/main/customSupp/M040-06/view?bizId=A20260402LC000000000003165,main,primary,아산시청년재무상담서비스영앤리치,일자리경제과,20260201~20261130,교육･직업훈련,미래역량강화
youth,20260504005400213029,서산시 청년농어업인 행복바우처 지원사업,청년농업인 문화.복지 증진 등 삶의 질 향상을 위하여 행복바우처 지원,복지/문화,농업정책과,충청남도,"서산시에 주민등록 주소만 두고 있는 학생, 직장인 등,
유사 복지서비스 수혜자 | 0013008 | 0049010",청년,만 18세 ~ 만 45세,18,45,해당없음,소득조건코드=0043003 / 소득범위=0~0 / 농외소득 3천7백만원 이상인 자 제외,,1인당 20만원,20260101,20261231,해당없음,"신청서, 개인신용정보의 수집 등 동의서, 주민등록등초본, 농어업경영체 등록 확인서, 연간 소득 확인 서류",읍면동 행정복지센터 방문 신청,https://youth.chungnam.go.kr/web/main/customSupp/M060-09/view?bizId=A20260402LC000000000003158,main,primary,서산시청년농어업인행복바우처지원사업,농업정책과,20260101~20261231,금융･복지･문화,문화활동 및 생활지원
youth,20260504005400213028,아산시 청년 마음상담 서비스 토닥토닥,다양한 문제로 걱정과 고민을 안고 있는 청년들에게 마음상담 서비스를 제공하여 청년의 일상 회복을 지원,복지/문화,일자리경제과,충청남도,해당없음 | 0013010 | 0049010,"누구나,청년",만 18세 ~ 만 39세,18,39,2026년 신규 신청자 우선 선정,소득조건코드=0043001 / 소득범위=0~0,,전문 심리 상담가 개별상담 진행/1인당 최대 7회,20260223,20261231,"2026년 신규 신청자 우선 선정

총사업비 범위 내에서 상담 회기 및 참여 인원을 탄력적으로 운영하며, 예산 소진 시까지 추진",해당없음,상담신청 ▷ 사전검사 및 상담 희망 내용 작성 ▷ 상담사 배정 ▷ 초기상담(1회기) ▷ 상담 진행 여부 결정 ▷ 상담진행(6회기) ▷ 만족도조사,https://www.asan.go.kr/naeil/regular_programs/?m_mode=view&pds_no=2026022115223850152,main,primary,아산시청년마음상담서비스토닥토닥,일자리경제과,20260223~20261231,금융･복지･문화,건강
youth,20260504005400213027,서산시 청년농 미디어커머스 지원,청년농에 미디어커머스를 활용한 온라인 콘텐츠 제작·홍보 지원,복지/문화,농식품유통과,청년정책과,최근 3년간 정당한 사유없이 사업 중도 포기한 자 | 0013008 | 0049010,청년,만 18세 ~ 만 44세,18,44,"만18세 이상 ~ 만45세 미만(1981.1.2. ~ 2008.1.1. 출생자)
관내 주소 및 경영체 등록된 만45세 미만 청년농업인
관내에서 직접 생산한 1차 농산물 및 가공품 대상",소득조건코드=0043001 / 소득범위=0~0,,"방송 제작 및 송출, 물류·포장재 구입 등 지원",20251124 ~ 20261212,20261231,"만18세 이상 ~ 만45세 미만(1981.1.2. ~ 2008.1.1. 출생자)
관내 주소 및 경영체 등록된 만45세 미만 청년농업인
관내에서 직접 생산한 1차 농산물 및 가공품 대상","사업신청서, 사업계획서, 경영체등록증, 매출액 증빙자료 등",신청기간 내 읍·면·동 행정복지센터에 신청,https://youth.chungnam.go.kr/web/main/customSupp/M060-09/view?bizId=A20260402LC000000000003155,main,primary,서산시청년농미디어커머스지원,농식품유통과,20251124 ~ 20261212~20261231,금융･복지･문화,예술인지원
youth,20260504005400213026,서산시 임신축하금 지원,임신축하금 지원,복지/문화,건강증진과,충청남도,"신청일 이전부터 서산시에 주민등록 3개월 거주한 서산시보건소 등록 임산부(※ 출산 후 신청불가)
서산시보건소 등록 임산부 | 0013010 | 0049010",청년,만 0세 ~ 만 0세,,,"신청일 이전부터 서산시에 주민등록 3개월 거주한 서산시보건소 등록 임산부(※ 출산 후 신청불가)
서산시보건소 등록 임산부",소득조건코드=0043001 / 소득범위=0~0,,신청일 이전부터 서산시에 주민등록 3개월 거주한 서산시보건소 등록 임산부(※ 출산 후 신청불가),20260101 ~ 20261231,20261231,"신청일 이전부터 서산시에 주민등록 3개월 거주한 서산시보건소 등록 임산부(※ 출산 후 신청불가)
서산시보건소 등록 임산부","주민등록등·초본, 산모수첩 또는 임신확인서, 통장사본(임산부)",보건소 방문 신청,https://youth.chungnam.go.kr/web/main/customSupp/M040-06/view?bizId=A20260402LC000000000003157,main,primary,서산시임신축하금지원,건강증진과,20260101 ~ 20261231~20261231,금융･복지･문화,취약계층 및 금융지원
youth,20260504005400213025,청년이 일하기 좋은 청년친화적 기업 지원,재직 청년들이 지역에서 함께 성장・정주・동행할 수 있도록 지속적으로 청년친화적 기업 문화 확산 촉진,인력/일자리,청년정책과,전국,천안형 청년친화기업 9개사 및 재직 청년 | 0013001 | 0049010,청년,만 18세 ~ 만 39세,18,39,천안형 청년친화기업 9개사 및 재직 청년,소득조건코드=0043001 / 소득범위=0~0,,청년친화기업 재직 청년들의 재직자 커뮤니티 활성화 및 역량강화를 위한 자기개발 지원,20260101,20261231,천안형 청년친화기업 9개사 및 재직 청년,기업별 상이,기업별 상이,https://youth.chungnam.go.kr/web/main/customSupp/M030-01/view?bizId=A20260402LC000000000003164,main,primary,청년이일하기좋은청년친화적기업지원,청년정책과,20260101~20261231,일자리,재직자
youth,20260504005400213024,아산시 청년위원회 운영,"청년이 만들어가는 아산’실현을 위해 대표 청년 소통 기구인 청년위원회를 구성, 현장 의견 수렴 및 청년정책 제안을 통해 청년의 시정 참여 확대",복지/문화,일자리경제과,충청남도,"- 타 지역(기초자치단체) 청년참여기구에 중복 가입되어 있는 자
- 특정 정당 가입 및 후보의 지지/지원 등 정치 활동을 목적으로 하는 자
- 특정 종교의 교리 전파를 목적으로 하는 자
- 특정 개인 또는 단체의 이익이나 영리를 목적으로 하는 자 
- 과거 청년위원회 활동 임기 내 해촉 및 회의 출석률이 70% 미만인 자 | 0013010 | 0049010",청년,만 19세 ~ 만 39세,19,39,공고일 기준 아산시 거주 청년 및 생활권(대학교·직장·개인사업장 등)이 아산인 만 18세 ~ 39세 이하 청년,소득조건코드=0043001 / 소득범위=0~0,,"위원회 회의, 워크샵 등",20251212 ~ 20260107,20280311,공고일 기준 아산시 거주 청년 및 생활권(대학교·직장·개인사업장 등)이 아산인 만 18세 ~ 39세 이하 청년,"신청서, 지원 분과별 서류, 개인정보 수집이용 동의서, 
해촉 동의서, 주소지‧생활권 증빙자료",신청서 및 기타증빙서류 이메일 제출,https://youth.chungnam.go.kr/web/main/customSupp/M060-10/view?bizId=A20260402LC000000000003162,main,primary,아산시청년위원회운영,일자리경제과,20251212 ~ 20260107~20280311,금융･복지･문화,문화활동 및 생활지원
youth,20260504005400213023,아산시 독서커뮤니티 시트러스,책을 읽고 다양한 생각을 나누며 독서를 통해 새로운 경험과 삶의 감도를 높일 수 있도록 지원하는 청년 독서 모임 프로그램,복지/문화,일자리경제과,충청남도,해당없음 | 0013010 | 0049010,"누구나,청년",만 18세 ~ 만 39세,18,39,해당없음,소득조건코드=0043001 / 소득범위=0~0,,"도서 기반 프로그램 제공, 참여자 간 교류 및 소통 활동 지원",20260101 ~ 20261231,20261231,해당없음,참여신청서,홈페이지 공개모집,https://www.asan.go.kr/naeil/page/?page=050300,main,primary,아산시독서커뮤니티시트러스,일자리경제과,20260101 ~ 20261231~20261231,금융･복지･문화,문화활동 및 생활지원
youth,20260504005400213022,아산시 청년 생활물품 대여,청년의 주거와 생활안정,복지/문화,일자리경제과,충청남도,해당없음 | 0013010 | 0049010,"누구나,청년",만 19세 ~ 만 39세,19,39,해당없음,소득조건코드=0043001 / 소득범위=0~0,,"기타 청년생활용품 대여 서비스 지원을 통해 
경제적 분담 완화",20260101,20261231,해당없음,아산시 거주 확인(등초본) 및 관내 대학 재학증명서,온라인 접수,https://www.asan.go.kr/naeil/page/?page=040200,main,primary,아산시청년생활물품대여,일자리경제과,20260101~20261231,금융･복지･문화,취약계층 및 금융지원
youth,20260504005400213021,아산시 2026년 청년 취업아카데미,장기 미취업자 및 구직 단념자 증가에 따라 취업 의지를 고취하고 취업 역량을 강화하는 프로그램을 단계별로 운영하여 청년 구직 지원 안전망을 구축하고 함,인력/일자리,일자리경제과,충청남도,해당없음 | 0013010 | 0049010,"누구나,청년",만 18세 ~ 만 39세,18,39,해당없음,소득조건코드=0043001 / 소득범위=0~0,,"취업 준비도에 따른‘단계별 맞춤형 프로그램’지원
- 취업스터디, 온라인 컨설팅, 취업역량강화프로그램, 개별 취업상담",20260101,20261231,해당없음,해당없음,홈페이지 통한 신청,https://www.asan.go.kr/naeil/page/?page=sparta,main,primary,아산시2026년청년취업아카데미,일자리경제과,20260101~20261231,일자리,취업
youth,20260504005400213020,서산시 청년 신혼부부 주택 전세자금 대출이자 지원사업,청년 신혼부부의 전세자금 대출이자를 지원하여 주거비 경감을 통한 결혼 및 출산 장려,주거,주택과,충청남도,"부부 중 1명이 만 19~39세
부부합산 기준중위소득 180%이하 | 0013010 | 0049010",청년,만 19세 ~ 만 39세,19,39,"부부 중 1명이 만 19~39세
부부합산 기준중위소득 180%이하","소득조건코드=0043003 / 소득범위=0~0 / 부부 중 1명이 만 19~39세
부부합산 기준중위소득 180%이하",,청년 신혼부부의 전세자금 대출이자를 지원하여 주거비 경감을 통한 결혼 및 출산 장려,20260201,20261231,"부부 중 1명이 만 19~39세
부부합산 기준중위소득 180%이하","신청서, 서약서 및 동의서, 가족관계증명서, 혼인관계증명서, 
임대차계약서, 주택전세자금 대출확인 서류, 세대구성원
소득확인서류, 대출계좌 거래내역서, 지급통장 등",주소지 행정복지센터 방문 신청,https://youth.chungnam.go.kr/web/main/customSupp/M040-05/view?bizId=A20260402LC000000000003154,main,primary,서산시청년신혼부부주택전세자금대출이자지원사업,주택과,20260201~20261231,주거,전월세 및 주거급여 지원
youth,20260504005400213019,아산시 청년아지트 나와유 청년 클래스,청년의 취향과 관심을 반영한 트렌디한 자기계발 프로그램을 운영하여 청년들의 삶의 만족도를 높이고 청년센터 공간을 활성화하고자 하는 프로그램,복지/문화,일자리경제과,충청남도,해당없음 | 0013010 | 0049010,"누구나,청년",만 18세 ~ 만 39세,18,39,해당없음,소득조건코드=0043001 / 소득범위=0~0,,강의 및 체험 활동 참여 기회,20260101,20261231,해당없음,해당없음,홈페이지 공개모집,https://www.asan.go.kr/naeil/program/?m_mode=list,main,primary,아산시청년아지트나와유청년클래스,일자리경제과,20260101~20261231,금융･복지･문화,문화활동 및 생활지원
youth,20260504005400213018,청년 버스 운전자 양성 프로그램,"관내 미취업 청년을 대상으로 버스 운전자 양성과 면허 취득 및 취업 연계 지원을 통해 대중교통 분야 전문 인력을 양성하는 프로그램으로, 청년의 노동시장 진입을 지원하고 지역 운수업계 인력난 해소와 청년 일자리 창출에 기여하고자 추진하는 사업",인력/일자리,청년정책과,전국,"동일 또는 유사 사업 참여 중인 자, 운전면허 취득 및 버스 운전 종사가 불가능한 자 | 0013003 | 0049010",청년,만 20세 ~ 만 39세,20,39,"1,2종 보통 면허 취득 후 1년 이상 경과한자, 신체에 결함이 없는자, 교통법규 위반 이력이 없는 자(음주운전, 난폭운전 등)",소득조건코드=0043001 / 소득범위=0~0,,"버스 운전자 취업을 희망하는 청년을 대상으로 대형면허 취득 및 버스 운전자 양성 교육을 지원하고, 관내 운수업체와 연계한 취업을 지원",20260301 ~ 20261130,20261231,"1,2종 보통 면허 취득 후 1년 이상 경과한자, 신체에 결함이 없는자, 교통법규 위반 이력이 없는 자(음주운전, 난폭운전 등)",해당없음,홈페이지를 통한 신청,https://youth.chungnam.go.kr/web/main/customSupp/M030-01/view?bizId=A20260402LC000000000003169,main,primary,청년버스운전자양성프로그램,청년정책과,20260301 ~ 20261130~20261231,일자리,취업
youth,20260504005400213017,서산시 청년어촌정착지원사업,창업 초기 청년 수산업 경영인의 안정적인 어촌 정착을 지원하여 어촌 이탈을 방지하고 우수한 청년인력의 어촌 유치,주거,해양수산과,충청남도,"만 18세 이상 ~ 40세 미만
25년 건강보험료 중위소득 150% 미만
어업 및 양식업 경력 3년이하의 독립경영자 | 0013008 | 0049010",청년,만 18세 ~ 만 39세,18,39,"만 18세 이상 ~ 40세 미만
25년 건강보험료 중위소득 150% 미만
어업 및 양식업 경력 3년이하의 독립경영자","소득조건코드=0043003 / 소득범위=0~0 / 만 18세 이상 ~ 40세 미만
25년 건강보험료 중위소득 150% 미만",,3년간 매월 어촌정착금 지원,        ,        ,"만 18세 이상 ~ 40세 미만
25년 건강보험료 중위소득 150% 미만
어업 및 양식업 경력 3년이하의 독립경영자",시행지침 참고,접수-심의-면접-선정,https://youth.chungnam.go.kr/web/main/customSupp/M050-08/view?bizId=A20260402LC000000000003153,main,primary,서산시청년어촌정착지원사업,해양수산과,,주거,주택 및 거주지
youth,20260504005400213016,홍성 청년 4-H회원 역량 강화 교육,청년농업인 역량 강화 교육,교육/멘토링,농업기술센터,전국,해당 없음 | 0013010 | 0049010,청년,만 19세 ~ 만 39세,19,39,해당 없음,소득조건코드=0043001 / 소득범위=0~0,,"4-H 과제교육, 리더십 및 농업 역량 강화 교육",20260201 ~ 20261231,,해당 없음,해당 없음,해당 없음,https://www.hongseong.go.kr/farm/,main,primary,홍성청년4h회원역량강화교육,농업기술센터,20260201 ~ 20261231~,교육･직업훈련,미래역량강화
