source,source_id,title,summary,s_category,provider,region,target_group,target_tags,target_age,target_age_min,target_age_max,target_detail,income_condition,startup_stage,support_type,apply_start,apply_end,additional_conditions,required_documents,application_method,detail_url,_scope,_scope_reason,norm_title,norm_provider,norm_period,category,subcategory
biz,PBLN_000000000124564,2026년 2차 정보보호제품 성능평가 지원 공모 사업 공고,"한국인터넷진흥원은 정보보호제품의 성능향상과 성능평가제도 활성화를 위해 대상제품군에 대한 성능평가 지원 사업을 아래와 같이 실시하오니 관심있는 기업들의 많은 참여 부탁드립니다.
☞ 대한민국에 본사를 둔 국내 정보보호제품 개발 기업
☞ 성능평가ㆍ컨설팅 비용 일부 지원",기술,한국인터넷진흥원,전국,중소기업,중소기업,,,,,,,시험/인증,2026-07-20,2026-08-14,,"이메일 접수
- (재)한국기계전기전자시험연구원 (KTC) : hwangbh2486@ktc.re.kr
- 한국시스템보증㈜ (KOSYAS) : spec@kosyas.com
- ㈜한국아이티평가원 (KSEL) : spp-test@ksel.co.kr
- ㈜한국정보보안기술원 (KOIST) : performance@koist.kr
- (재)한국화학융합시험연구원 (KTR) : tkkim@ktr.or.kr","이메일 접수
- (재)한국기계전기전자시험연구원 (KTC) : hwangbh2486@ktc.re.kr
- 한국시스템보증㈜ (KOSYAS) : spec@kosyas.com
- ㈜한국아이티평가원 (KSEL) : spp-test@ksel.co.kr
- ㈜한국정보보안기술원 (KOIST) : performance@koist.kr
- (재)한국화학융합시험연구원 (KTR) : tkkim@ktr.or.kr",https://www.bizinfo.go.kr/sii/siia/selectSIIA200Detail.do?pblancId=PBLN_000000000124564,main,primary,2026년2차정보보호제품성능평가지원공모사업공고,한국인터넷진흥원,2026-07-20~2026-08-14,기술,시험/인증
biz,PBLN_000000000124563,[울산] 울주군 2026년 2차 소상공인 경영환경개선 및 디지털기기 지원 사업 공고,"울주군 지역 내 소상공인의 노후화된 점포환경 개선 및 디지털기기 구입비 등 지원을 통한 사업경쟁력 강화를 위해「2026년 울주군 소상공인 경영환경개선 및 디지털기기 지원 사업」을 아래와 같이 공고합니다.
☞ 울주군 내 사업장을 두고 사업공고 접수마감일 현재 사업자등록증명원 상 개업 6개월 이상 사업을 영위 중인「소상공인기본법」제2조 및「소상공인기본법 시행령」제3조에 따른 소상공인 사업자
※ 사업자등록증명원 상 개업일 2026. 02. 08. 까지 신청가능
※ 자세한 지원대상 공고문 참조
☞ 점포환경개선비(옥외광고물, 인테리어, 고정식 영업시설), 디지털기기지원비(POS기기, 무인결제시스템, 서빙로봇 등) 지원
- 최대 300만원 이내",경영,울산광역시소상공인행복드림센터,울산광역시,소상공인,소상공인,,,,,,,시설/입지지원,2026-07-27,2026-08-07,,"온라인 접수 (울산광역시소상공인행복드림센터)
※ 다만, 온라인 접수가 곤란한 경우에 한해 현장접수 기간(8.6.∼8.7.)에만 접수 가능
- 접수처 : 울주군청 내 1층 및 소상공인 행복드림센터","온라인 접수 (울산광역시소상공인행복드림센터)
※ 다만, 온라인 접수가 곤란한 경우에 한해 현장접수 기간(8.6.∼8.7.)에만 접수 가능
- 접수처 : 울주군청 내 1층 및 소상공인 행복드림센터",https://www.bizinfo.go.kr/sii/siia/selectSIIA200Detail.do?pblancId=PBLN_000000000124563,main,primary,울산울주군2026년2차소상공인경영환경개선및디지털기기지원사업공고,울산광역시소상공인행복드림센터,2026-07-27~2026-08-07,경영,시설/입지지원
biz,PBLN_000000000124561,[전북] 2026년 6차 ILP 서비스 기술연결 수요기업 모집 공고,"전북특별자치도와 전북테크노파크가 지원하는「전북특별자치도 ILP 서비스」는 공공연구기관ㆍ대학의 지식ㆍ연구성과ㆍ기술을 기업과 공유-연결하고 참여자간 협력을 통해 기술사업화를 촉진하기 위한 사업입니다. 전북특별자치도형 ILP 서비스에 참여하여 기술연결 및 사업화 추진을 희망하는 기업은 아래 공고내용에 따라 신청하여 주시기 바랍니다.
☞ 도내 사업장(본사, 지점, 공장, 연구소 등)을 보유한 기업으로 사업화를 위한 기술수요 또는 기술적 애로사항을 보유한 기업
☞ ILP 서비스를 통한 기술연결에 수반되는 비용 지원",기술,전북테크노파크,전북특별자치도,중소기업,중소기업,,,,,,,기술사업화/이전/지도,2026-07-20,2026-08-14,,온라인 접수(전북특별자치도 ILP 서비스 시스템),온라인 접수(전북특별자치도 ILP 서비스 시스템),https://www.bizinfo.go.kr/sii/siia/selectSIIA200Detail.do?pblancId=PBLN_000000000124561,main,primary,전북2026년6차ilp서비스기술연결수요기업모집공고,전북테크노파크,2026-07-20~2026-08-14,기술,기술사업화/이전/지도
biz,PBLN_000000000124560,[대구] 북구 2026년 하반기 소상공인 경영안정자금 지원사업 공고,"「대구광역시 북구 소상공인 지원에 관한 조례」에 따라 경영자금 확보에 어려움을 겪고 있는 소상공인에게 저금리의 경영안정 자금 대출 및 이자를 지원하기 위한 「2026년 하반기 소상공인 경영안정자금 지원사업」을 아래와 같이 공고합니다.
☞ 북구에 사업장을 두고 3개월 이상 영업 중인 소상공인
☞ 대출한도 업체당 5천만원 이내 지원
※ 자세한 지원내용 공고문 참조",자금,대구신용보증재단,대구광역시,소상공인,소상공인,,,,,,,융자,예산 소진시까지,,,"온라인 또는 방문 접수
- 접수처 : 대구신용보증재단 북지점
※ 대구신용보증재단 홈페이지(http://www.dgsinbo.or.kr)에서 사전 예약 후 방문 (예약없이 방문 시 상담이 어려울 수 있습니다)
- 온라인 : 보증드림 앱","온라인 또는 방문 접수
- 접수처 : 대구신용보증재단 북지점
※ 대구신용보증재단 홈페이지(http://www.dgsinbo.or.kr)에서 사전 예약 후 방문 (예약없이 방문 시 상담이 어려울 수 있습니다)
- 온라인 : 보증드림 앱",https://www.bizinfo.go.kr/sii/siia/selectSIIA200Detail.do?pblancId=PBLN_000000000124560,main,primary,대구북구2026년하반기소상공인경영안정자금지원사업공고,대구신용보증재단,예산 소진시까지~,금융,융자
biz,PBLN_000000000124559,[전북] 2026년 지역창업특화지원(전주1인창조기업지원센터) 선택형 지원사업 추가모집 공고,"전주시와 전주정보문화산업진흥원에서는 우수 아이디어를 보유한 전주 1인 창조기업 지원센터 입주ㆍ졸업기업을 대상으로 아이디어 사업화 및 시장진출을 지원하는 「2026년 전주1인창조기업지원센터 선택형 지원사업」을 다음과 같이 진행하오니 많은 참여바랍니다.
☞ 현재 입주기업, 2024-2026년 내 입주 이력이 있는 졸업기업
※ 입주기업 중복지원 가능 [마케팅+지재권]
※ 졸업기업은 [지식재산권획득] 분야만 신청 가능 
☞ 기업당 최대 5백만원 이내 지원
- 마케팅지원(기업 당 4백만원), 지식재산권획득지원(기업 당 1백만원 내)
※ 자세한 지원내용 공고문 참조",경영,전주정보문화산업진흥원,전북특별자치도,중소기업,중소기업,,,,,,,디자인/상품화/사업화,2026-07-20,2026-07-27,,이메일 접수 (auddms88@jica.or.kr),이메일 접수 (auddms88@jica.or.kr),https://www.bizinfo.go.kr/sii/siia/selectSIIA200Detail.do?pblancId=PBLN_000000000124559,main,primary,전북2026년지역창업특화지원전주1인창조기업지원센터선택형지원사업추가모집공고,전주정보문화산업진흥원,2026-07-20~2026-07-27,경영,디자인/상품화/사업화
biz,PBLN_000000000124558,제2회 제조AI 솔루션 공모전 공고,"제조현장에 즉시 적용 가능한 AI 솔루션을 발굴하여 중소 제조기업의 AI전환을 촉진과 글로벌 경쟁력 제고를 지원하고자 제조AI 솔루션 발굴 공모전을 아래와 같이 개최하오니, 혁신적인 스마트제조 공급기업 여러분의 많은 신청을 바랍니다.
☞ (기본요건) 「중소기업기본법」에 따른 중소기업 및 「중견기업 성장 촉진 및 경쟁력 강화에 관한 특별법」에 따른 중견기업
- (필수요건) 스마트공장사업관리시스템(www.smart-factory.kr)에 스마트제조 또는 스마트서비스 공급기업으로 등록하고 공급기업 역량진단에 참여
- (스타트업 트랙) 창업 7년 이내의 제조 AI 솔루션 보유 기업
- (글로벌 트랙) 중소ㆍ중견기업 중 글로벌 수준의 경쟁력을 갖춘 제조AI 솔루션 보유 기업
※ 자세한 지원대상 공고문 참조
☞ 시상, 포상, 사업화지원, 제품 홍보, 투자지원 등 단계별 차등화된 혜택 제공",경영,중소기업기술정보진흥원,전국,중소기업,중소기업,,,,,,,디자인/상품화/사업화,2026-07-21,2026-08-21,,온라인 접수 (스마트공장 사업관리 시스템),온라인 접수 (스마트공장 사업관리 시스템),https://www.bizinfo.go.kr/sii/siia/selectSIIA200Detail.do?pblancId=PBLN_000000000124558,main,primary,제2회제조ai솔루션공모전공고,중소기업기술정보진흥원,2026-07-21~2026-08-21,경영,디자인/상품화/사업화
biz,PBLN_000000000124557,[강원] 춘천시 2026년 1차 우수 중소기업제품 특별판매전(춘천금빛장터) 참여기업 모집 공고,"춘천시와 강원지방중소벤처기업청은 중소기업의 판로개척을 위해 「2026년 제1차 우수 중소기업 제품 특별판매전(춘천금빛장터)」을 개최하고자 하오니, 참여를 희망하는 기업에서는 아래 내용을 참고하시기 바랍니다.
☞ 관내 중소기업ㆍ소상공인 등
- 식품, 생활용품 등 현장판매가 가능하고 소비자 구매가 용이한 제품 및 체험프로그램
☞ 매대, 현수막, 전기, 냉장․냉동고(필요시) 등 판매용품 지원
※ 참가비 없음",판로/수출,기초자치단체,강원특별자치도,중소기업,중소기업,,,,,,,오프라인,2026-07-20,2026-08-05,,이메일 접수 (etsj112@korea.kr),이메일 접수 (etsj112@korea.kr),https://www.bizinfo.go.kr/sii/siia/selectSIIA200Detail.do?pblancId=PBLN_000000000124557,main,primary,강원춘천시2026년1차우수중소기업제품특별판매전춘천금빛장터참여기업모집공고,기초자치단체,2026-07-20~2026-08-05,내수,오프라인
biz,PBLN_000000000124556,반도체 FOWLP 소부장 테스트베드 구축 기업지원 프로그램 공고,"충남테크노파크는 반도체 첨단 패키징 분야 기반조성을 위한 「FOWLP 소부장 테스트베드 구축」사업을 추진하고 있습니다. 이에 따라, 반도체 기업의 기술개발 및 사업화를 지원하는 기업지원 프로그램 수요기업 및 컨설팅 전문기업을 모집하고자 아래와 같이 공고하오니 많은 참여 바랍니다.
☞ FOWLP 및 첨단 패키징 기술 적용ㆍ고도화 희망 기업, 반도체 후공정ㆍ첨단 패키징 분야로의 사업 진입을 희망하는 기업(지역제한 없음)
☞ FOWLP 산업 기술ㆍ사업화 맞춤형 지원
- 기술ㆍ사업화 컨설팅 : 기업당 최대 8,000천원
- 기술서비스 : 시험ㆍ평가, 기술지도, 애로기술 지원",기술,충남테크노파크,충청남도,중소기업,중소기업,,,,,,,기술사업화/이전/지도,지원별 상이,,,"※ 지원내용 별 신청방법 상이하므로, 자세한 신청방법 공고문 참조
- 기술ㆍ사업화 컨설팅 : 방문 접수 또는 이메일 접수
ㆍ 접수처 : 충청남도 아산시 음봉면 연암산로 88, 사무동 215호
ㆍ 이메일 : mylee@ctp.or.kr
- 기술서비스 : 담당자 문의 후 신청
※ 접수처 출처바로가기 내 공고문 참조","※ 지원내용 별 신청방법 상이하므로, 자세한 신청방법 공고문 참조
- 기술ㆍ사업화 컨설팅 : 방문 접수 또는 이메일 접수
ㆍ 접수처 : 충청남도 아산시 음봉면 연암산로 88, 사무동 215호
ㆍ 이메일 : mylee@ctp.or.kr
- 기술서비스 : 담당자 문의 후 신청
※ 접수처 출처바로가기 내 공고문 참조",https://www.bizinfo.go.kr/sii/siia/selectSIIA200Detail.do?pblancId=PBLN_000000000124556,main,primary,반도체fowlp소부장테스트베드구축기업지원프로그램공고,충남테크노파크,지원별 상이~,기술,기술사업화/이전/지도
biz,PBLN_000000000124555,[대구] 가치 업고(UP-GO) 마일리지 사업 문화공간 조성 프로그램 모집 공고,"대구광역시와 대구지역인적자원개발위원회에서는 대구지역 미래모빌리티 기업의 조직문화 개선 및 근로환경 선진화를 통한 근로자의 장기재직을 유도하고, 지역경제 발전과 기업 경쟁령 강화에 기여하고자 다음과 같이 사업을 시행하오니 기업 여러분의 많은 참여 바랍니다.
☞ 대구지역 미래모빌리티(자동차부품 등) 전ㆍ후방 기업(납품기업도 가능)
- 상시근로자수 500인 미만 기업
☞ 사내 휴게공간, 카페, 소통공간 등 문화공간 조성 지원(최대 800만원 지원, 물품 구매가능)",인력/일자리,대구상공회의소,대구광역시,중소기업,중소기업,,,,,,,고용유지,예산 소진시까지,,,이메일 접수 (dei3273@nate.com),이메일 접수 (dei3273@nate.com),https://www.bizinfo.go.kr/sii/siia/selectSIIA200Detail.do?pblancId=PBLN_000000000124555,main,primary,대구가치업고upgo마일리지사업문화공간조성프로그램모집공고,대구상공회의소,예산 소진시까지~,인력,고용유지
biz,PBLN_000000000124554,[강원] 2026년 2차 강원BRIDGE 글로벌 진출 프로그램 참여기업 모집 공고,"2026년 강원창조경제혁신센터에서는 강원지역 바이오ㆍ헬스케어 유망기업의 캐나다 시장 진출을 지원하기 위해 다음과 같이 프로그램을 공고하오니 역량 있는 기업의 많은 참여 바랍니다.
☞ 강원창조경제혁신센터 바이오ㆍ헬스케어분야 보육 및 투자기업
- 바이오ㆍ의료기기ㆍ디지털헬스ㆍSaMDㆍ진단ㆍ재활ㆍ원격 모니터링 분야 기업
☞ 온라인 사전 교육(IR 피칭ㆍ해외 비즈니스 코칭 2회이상), 기술체크리스트(전압ㆍ인증ㆍ표준 등), 인증허가 등 전문 자문 및 컨설팅 지원
- 파트너대상 기업당 5건 이상 비즈니스 1:1 매칭, EOI, MOU 등 계약 체결, 최종 3~4개사 선정 시 PoC 사업화자금 지원 예정
- 현지 프로그램 참가비, 체제비 지원",판로/수출,강원창조경제혁신센터,강원특별자치도,중소기업,중소기업,,,,,,,해외진출,2026-07-20,2026-07-27,,이메일 접수 (mijung.kim@ccei.kr),이메일 접수 (mijung.kim@ccei.kr),https://www.bizinfo.go.kr/sii/siia/selectSIIA200Detail.do?pblancId=PBLN_000000000124554,main,primary,강원2026년2차강원bridge글로벌진출프로그램참여기업모집공고,강원창조경제혁신센터,2026-07-20~2026-07-27,수출,해외진출
biz,PBLN_000000000124553,2026년 협업지능 피지컬AI 기반 SW플랫폼 연구개발 생태계 조성 사업 공고,"2026년도「협업지능 피지컬AI 기반 SW플랫폼 연구개발 생태계 조성」사업 신규 연구개발과제 공모 및 선정계획을 다음과 같이 공고합니다.
☞ 연구개발 참여를 원하는 관련분야 산ㆍ학ㆍ연구계 기업ㆍ기관 등
☞ 피지컬AI 기술주권 확보를 위한 협업지능 피지컬 AI 핵심기술 개발 및 확산, 핵심 연구인프라 구축 및 연구 클러스터化 추진 지원
※ 자세한 지원내용 공고문 참조",기술,정보통신산업진흥원,전국,중소기업,중소기업,,,,,,,공동기술개발,2026-06-26,2026-07-28,,온라인 접수(범부처통합연구지원시스템),온라인 접수(범부처통합연구지원시스템),https://www.bizinfo.go.kr/sii/siia/selectSIIA200Detail.do?pblancId=PBLN_000000000124553,main,primary,2026년협업지능피지컬ai기반sw플랫폼연구개발생태계조성사업공고,정보통신산업진흥원,2026-06-26~2026-07-28,기술,공동기술개발
biz,PBLN_000000000124552,2026년 2차 세종 스타트업 혁신제품 선(先)보급 지원사업 참여 스타트업 모집 공고(제품상용화 지원사업),"세종창조경제혁신센터는 지속ㆍ자립 가능한 스타트업 육성에 최선을 다하고 있습니다. 이를 위해「2026년도 스타트업 혁신제품 선(先) 보급 지원사업 2차」참여 기업모집을 다음과 같이 공고하오니 지역 스타트업의 많은 참여 바랍니다.
☞ 세종특별자치시에 본사가 소재한 스타트업(업력7년 이내)
※ 사업비 지급 전 관내 본사 및 연구소 이전 등록 가능기업 지원 가능
- 양산 및 시장 출시에 필요한 요건을 충족(시험성적, 공인인증 등 제품성능에 대한 안전성, 성능에 대한 유효성 검증 확보 기업)하여 선정 후 시장진출이 즉시 가능한 스타트업
- 관내 기관, 기업 관련 등 선보급 가능 스타트업
※ 필요시(선정기업의 매출ㆍ고용ㆍ성과 제고 등) 관외 가능
☞ 선정기업 혁신제품(제품+서비스)의 설치ㆍ구축 등 비용, 센터 네트워크를 활용한 설치 희망기관(잠재고객) 매칭 지원(기업당 금1,000만원 내외)",창업,세종창조경제혁신센터,세종특별자치시,창업벤처,"스타트업,초기창업기업",,,,,,,사업화지원,2026-07-20,2026-08-17,,이메일 접수 (sejong-startup@ccei.kr),이메일 접수 (sejong-startup@ccei.kr),https://www.bizinfo.go.kr/sii/siia/selectSIIA200Detail.do?pblancId=PBLN_000000000124552,main,primary,2026년2차세종스타트업혁신제품선先보급지원사업참여스타트업모집공고제품상용화지원사업,세종창조경제혁신센터,2026-07-20~2026-08-17,창업,사업화지원
biz,PBLN_000000000124551,2026년 라이브커머스 제작ㆍ운영 지원사업 참여기업 모집 공고,"소상공인의 온라인시장 진출 및 판로 지원을 위한 「2026년 라이브커머스 제작ㆍ운영지원 사업」을 다음과 같이 공고하오니, 많은 참여를 바랍니다.
☞ 소상공인
☞ 플랫폼과 협업하여 소상공인 상품 실시간 라이브커머스 방송 제작 및 송출, 판매 전 과정 지원
- (방송 기획) 라이브커머스 방송 프로그램 기획(쇼호스트 섭외 등)
- (방송 송출) 라이브커머스 방송 송출 및 판매(방송제작, 촬영 등)
- (연계 지원) 라이브 방송(상품) 기획전, 숏폼 등 연계 지원",판로/수출,한국중소벤처기업유통원,전국,소상공인,소상공인,,,,,,,온라인,모집 완료시,,,온라인 접수 (판판대로),온라인 접수 (판판대로),https://www.bizinfo.go.kr/sii/siia/selectSIIA200Detail.do?pblancId=PBLN_000000000124551,main,primary,2026년라이브커머스제작ㆍ운영지원사업참여기업모집공고,한국중소벤처기업유통원,모집 완료시~,내수,온라인
biz,PBLN_000000000124550,[충북] 옥천군 2026년 2차 중소기업 경쟁력 강화사업 기업지원사업(비R&D) 통합 공고,"「옥천군 중소기업 경쟁력 강화사업」을 통하여 옥천군의 제조기업의 애로해결 및 경쟁력 강화를 위한 기업지원사업을 아래와 같이 공고하오니 기업들의 많은 참여 바랍니다.
☞ 옥천군 제조기업(옥천관내 공장등록이 된 제조기업)
- 기계부품(농기계, 자동차(수송기계), 금속기계, 기타 기계장비 등)
- 의료기기(의료기기 제조기업)
- 식품가공(식료품, 음료 등)
- 그 외 기타 제조기업
☞ 기술ㆍ공정 고도화, 제품ㆍ품질 경쟁력 강화, 마케팅 등 지원
- 비 R&D : 생산공정혁신, 인증 및 컨설팅, 전시회참가, 온라인 마케팅, 오프라인 마케팅
- 중동사태피해기업지원 : 수출물류비 지원",기술,충북테크노파크,충청북도,중소기업,중소기업,,,,,,,기술사업화/이전/지도,2026-08-10,2026-08-13,,"온라인 접수 및 원본 서류 제출
- 온라인 : 충북테크노파크 컨택센터
- 접수처 : (29055) 충북 옥천군 옥천읍 의료단지길 60, 옥천전략산업클러스터센터 1층 센터사무실
※ 자세한 신청방법 공고문 참조","온라인 접수 및 원본 서류 제출
- 온라인 : 충북테크노파크 컨택센터
- 접수처 : (29055) 충북 옥천군 옥천읍 의료단지길 60, 옥천전략산업클러스터센터 1층 센터사무실
※ 자세한 신청방법 공고문 참조",https://www.bizinfo.go.kr/sii/siia/selectSIIA200Detail.do?pblancId=PBLN_000000000124550,main,primary,충북옥천군2026년2차중소기업경쟁력강화사업기업지원사업비rd통합공고,충북테크노파크,2026-08-10~2026-08-13,기술,기술사업화/이전/지도
biz,PBLN_000000000124549,2026년 3차 소상공인 온라인쇼핑몰 판매지원(온라인쇼핑몰ㆍ로컬상품관) 참여기업 모집 공고,"소상공인의 온라인시장 진출 및 판로 지원을 위한 「2026년 소상공인 온라인쇼핑몰 판매지원사업」 참여기업 3차 모집을 다음과 같이 공고하오니, 많은 참여를 바랍니다.
☞ 「소상공인기본법」 제2조에 따른 소상공인
☞ 온라인쇼핑몰 판매, 로컬상품관 입점 지원
- 온라인쇼핑몰 판매 : 온라인 플랫폼 내 단독딜 및 소상공인 전용 기획전 노출 지원
- 로컬상품관 입점지원 : 지방정부 지역몰 내 로컬상품관 개설 및 상품 판매ㆍ마케팅 지원",판로/수출,한국중소벤처기업유통원,전국,소상공인,소상공인,,,,,,,온라인,2026-07-20,2026-08-24,,온라인 접수 (판판대로),온라인 접수 (판판대로),https://www.bizinfo.go.kr/sii/siia/selectSIIA200Detail.do?pblancId=PBLN_000000000124549,main,primary,2026년3차소상공인온라인쇼핑몰판매지원온라인쇼핑몰ㆍ로컬상품관참여기업모집공고,한국중소벤처기업유통원,2026-07-20~2026-08-24,내수,온라인
biz,PBLN_000000000124548,2026년 양자정보과학 인적기반조성사업 리더급 연구역량강화(전략기술형) 신규과제 공고,"과학기술정보통신부에서는 양자정보과학 선도국과의 국제공동연구를 통한 과학기술 경쟁력 강화를 위해 전략기술형 2026년도 신규과제를 다음과 같이 재공모하오니 연구자분들의 많은 관심과 참여 바랍니다.
☞「국가연구개발혁신법」제2조 및 동법 시행령 제2조에서 정하는 기관 및 단체,「기초연구진흥 및 기술개발지원에 관한 법률」제6조 및 제14조에서 정하는 기관 및 단체
※ 자세한 지원대상 공고문 참조
☞ 신규 진입 교수 등을 대상으로 해외 유수 연구소ㆍ대학과의 인력교류 중심 공동연구를 통해 미래 연구주제 발굴 및 글로벌 네트워크 구축 등 지원(연구혁신형, 전략기술형)",기술,한국연구재단,전국,중소기업,중소기업,,,,,,,공동기술개발,2026-07-08,2026-07-27,,온라인 접수(범부처통합연구지원시스템),온라인 접수(범부처통합연구지원시스템),https://www.bizinfo.go.kr/sii/siia/selectSIIA200Detail.do?pblancId=PBLN_000000000124548,main,primary,2026년양자정보과학인적기반조성사업리더급연구역량강화전략기술형신규과제공고,한국연구재단,2026-07-08~2026-07-27,기술,공동기술개발
biz,PBLN_000000000124547,[충청권] 2026년 충청북도ㆍ충청권 내일이음 취업박람회 참가기업 모집 공고,"2026년 충청북도와 충청남도, 대전광역시, 세종특별자치시가 공동으로 개최하는 「2026년 충청북도&충청권 내일이음 취업박람회」에 참가할 우수기업을 다음과 같이 모집하오니 많은 관심과 참여 바랍니다.
☞ 채용을 희망하는 충북 소재 구인기업, 채용을 희망하는 충청남도, 대전광역시, 세종특별자치시 내 바이오헬스, 미래모빌리티 기업
- 신청대상지에 사업자 등록이 되어있는 기업
- 최저임금 이상 급여, 4대 보험 가입 등 고용관계법령 준수 기업
- 2026년 하반기 채용계획이 있는 상시근로자 5인 이상 기업
☞ 박람회 참가비 전액 무료, 직접채용, 간접채용, 박람회 연계 채용 인센티브 등 지원
- 직접채용 : 면접부스 지원(부스간판, 테이블 및 의자, 인터넷 등)
- 간접채용 : 박람회 행사장 간접채용 게시대 홍보 및 이력서 접수대행
- 박람회 홈페이지 구직자 사전등록 이력서 접수 및 면접일정 예약 지원
※ (바이오헬스ㆍ미래모빌리티 산업) 신규채용 구직자 취업성공금(100만원) 지원 / (반도체산업) 일자리도약 장려금 및 빈일자리 지원금 지급",인력/일자리,충청북도기업진흥원,충청북도,중소기업,중소기업,,,,,,,고용환경개선,2026-07-20,2026-08-28,,온라인접수 (내일이음 취업박람회 홈페이지),온라인접수 (내일이음 취업박람회 홈페이지),https://www.bizinfo.go.kr/sii/siia/selectSIIA200Detail.do?pblancId=PBLN_000000000124547,main,primary,충청권2026년충청북도ㆍ충청권내일이음취업박람회참가기업모집공고,충청북도기업진흥원,2026-07-20~2026-08-28,인력,고용환경개선
biz,PBLN_000000000124546,2026년 물류 서비스 지원사업 공고,"온라인 판매 소상공인이 상품을 보다 효율적으로 판매할 수 있도록 보관ㆍ포장ㆍ배송 등 물류 서비스를 지원하는 사업입니다.
☞ 소상공인
☞ (한진) 풀필먼트 서비스, 방문 수거 서비스 지원
- (롯데글로벌로지스) 풀필먼트 서비스 지원
※ 자세한 지원내용 공고문 참조",경영,한국중소벤처기업유통원,전국,소상공인,소상공인,,,,,,,디자인/상품화/사업화,2026-07-20,2026-08-03,,온라인 접수 (판판대로),온라인 접수 (판판대로),https://www.bizinfo.go.kr/sii/siia/selectSIIA200Detail.do?pblancId=PBLN_000000000124546,main,primary,2026년물류서비스지원사업공고,한국중소벤처기업유통원,2026-07-20~2026-08-03,경영,디자인/상품화/사업화
biz,PBLN_000000000124545,2026년 경북 그린바이오 벤처 캠퍼스 기업지원 프로그램(고용창출) 수혜기업 모집 공고,"경상북도와 포항시, 포항테크노파크에서는 국내 그린바이오 산업 6대 유망분야 중소벤처기업의 창업ㆍ성장지원을 위해 아래와 같이 고용 창출 지원사업을 공고하오니, 많은 관심과 참여 부탁드립니다.
☞ 「그린바이오산업 육성에 관한 법률」제7조에 근거하여, 그린바이오기업 신고서가 제출 완료된 중소벤처기업(중소기업 기본법 제2조)
- 주 사업장(사업자등록증)이 경북·포항지역이며, 그린바이오 산업 기업이 만 39세 이하의 미취업자를 신규 채용(공고일로부터 3개월 이전까지 포함)
※ 자세한 지원대상 공고문 참조
☞ 기업당 최대 800만원 지원
- 경북ㆍ포항지역의 그린바이오 산업 전문인력의 신규 일자리 창출 지원",인력/일자리,포항테크노파크,경상북도,창업벤처,초기창업기업,,,,,,,고용유지,상시 접수,,,온라인 접수 (포항테크노파크),온라인 접수 (포항테크노파크),https://www.bizinfo.go.kr/sii/siia/selectSIIA200Detail.do?pblancId=PBLN_000000000124545,main,primary,2026년경북그린바이오벤처캠퍼스기업지원프로그램고용창출수혜기업모집공고,포항테크노파크,상시 접수~,인력,고용유지
biz,PBLN_000000000124544,글로벌 B2B 한국식품관 입점기업 수시 모집 공고,"한국농수산식품유통공사(aT)에서는 우리 중소 농식품기업의 수출 활성화를 위해 글로벌 온라인 B2B 입점지원사업을 추진할 예정이니 참가를 희망하는 농식품 기업의 많은 신청 바랍니다.
☞ 온라인 B2B 수출을 희망하는 농식품 수출업체
※ 지원제외 : ① 펫푸드 관련 기업 ② 수산식품 관련 기업
☞ 입점, 수출마케팅, 바이어매칭, 교육 지원
- 입점지원 : 글로벌 B2B 플랫폼(알리바바닷컴, 글로벌소시스 등) 내 제품 입점 지원(업체당 상품 등록 5개 제한)
- 수출 마케팅 : 온라인 수출 마케팅 지원(상품별 키워드ㆍ검색광고 등 통합 마케팅 지원)
- 바이어 매칭 : 한국식품관 내 입점 품목 대상 해외 유력 바이어 적극 매칭(업체별 바이어 Inquiry, RFQ(Request for Quotation) 거래제의서 작성 지원)
- 교육 지원 : 입점 업체 대상 단계별 B2B 마케팅 교육 필수 참여(2회 이상)",판로/수출,한국농수산식품유통공사,전국,중소기업,중소기업,,,,,,,해외진출,선착순 접수,,,온라인 접수 (수출종합지원시스템),온라인 접수 (수출종합지원시스템),https://www.bizinfo.go.kr/sii/siia/selectSIIA200Detail.do?pblancId=PBLN_000000000124544,main,primary,글로벌b2b한국식품관입점기업수시모집공고,한국농수산식품유통공사,선착순 접수~,수출,해외진출
biz,PBLN_000000000124543,2026년 방사선이용 기술개발사업 (방사선 기반 소재ㆍ장비 기술 혁신화) 신규과제 공고,"과학기술정보통신부가 추진하는「방사선이용 기술개발사업(방사선 기반 소재ㆍ장비 기술 혁신화)의 신규과제를 아래와 같이 공모하오니 관심 있는 연구자들의 많은 참여 바랍니다.
☞「국가연구개발혁신법」제2조 및 동법 시행령 제2조에서 정하는 기관 및 단체,「기초연구진흥 및 기술개발지원에 관한 법률」제6조 및 제14조에서 정하는 기관 및 단체
☞ 방사선 이용 이종소재 접합기술 개발 지원",기술,한국연구재단,전국,중소기업,중소기업,,,,,,,공동기술개발,2026-07-15,2026-07-27,,온라인 접수(범부처통합연구지원시스템),온라인 접수(범부처통합연구지원시스템),https://www.bizinfo.go.kr/sii/siia/selectSIIA200Detail.do?pblancId=PBLN_000000000124543,main,primary,2026년방사선이용기술개발사업방사선기반소재ㆍ장비기술혁신화신규과제공고,한국연구재단,2026-07-15~2026-07-27,기술,공동기술개발
biz,PBLN_000000000124542,2026년 AIㆍIoT 쇼케이스 참가기업 모집 공고,"한국AI사물인터넷협회는 과학기술정보통신부와 정보통신산업진흥원(NIPA)의 지원을 받아 국내 AIoT 중소기업의 사업화 및 비즈니스 파트너십 지원을 위해 아래와 같이 2026 AI&IoT 쇼케이스 행사를 개최하오니 많은 참여 부탁드립니다.
☞ AI&IoT 관련 제품ㆍ서비스를 보유한 국내 AIoT 중소기업(시제품 이상 단계)
☞ 비즈니스 파트너십, 전시 행사, VC 컨설팅 지원
- 비즈니스 파트너십 : 국내 수요처와의 파트너십 지원(수요처 발굴, 홍보, 상담)
- 전시 행사 : AIoT 국제전시회 참가 지원
- VC 컨설팅 : 참가기업의 투자유치 역량 강화를 위한 VC 컨설팅 제공",판로/수출,한국AI사물인터넷협회,전국,중소기업,중소기업,,,,,,,오프라인,2026-07-15,2026-08-14,,"이메일 접수 (swimming@kaiot.or.kr)
※ 제출 후 확인 메일 미수신 시 담당자에게 확인 요망","이메일 접수 (swimming@kaiot.or.kr)
※ 제출 후 확인 메일 미수신 시 담당자에게 확인 요망",https://www.bizinfo.go.kr/sii/siia/selectSIIA200Detail.do?pblancId=PBLN_000000000124542,main,primary,2026년aiㆍiot쇼케이스참가기업모집공고,한국ai사물인터넷협회,2026-07-15~2026-08-14,내수,오프라인
biz,PBLN_000000000124541,2026년 창업기업 오프라인 팝업스토어 및 기획전 입점기업 모집 공고,"중소벤처기업부와 한국중소벤처기업유통원에서는 우수 중소기업 제품의 팝업스토어 및 오프라인 기획전 입점기업 모집을 아래와 같이 공고하오니 많은 관심과 참여를 바랍니다.
☞ 창업기업(창업 후 7년이내 기업)
- 분야 : 4대 소비재 품목(뷰티, 패션, 라이프, 푸드)
☞ 창업 초기제품 맞춤형 단기 ’팝업스토어‘ 및 대형유통채널 ‘오프라인 기획전‘ 지원 통한 창업기업 판로지원(7회)",판로/수출,한국중소벤처기업유통원,전국,창업벤처,초기창업기업,,,,,,,오프라인,2026-07-20,2026-08-07,,온라인 접수 (판판대로),온라인 접수 (판판대로),https://www.bizinfo.go.kr/sii/siia/selectSIIA200Detail.do?pblancId=PBLN_000000000124541,main,primary,2026년창업기업오프라인팝업스토어및기획전입점기업모집공고,한국중소벤처기업유통원,2026-07-20~2026-08-07,내수,오프라인
biz,PBLN_000000000124540,2026년 2차 소상공인 협업활성화 공동사업 공고,"중소벤처기업부는 소상공인 간 규모의 경제 실현과 자생력 제고를 위해 소상공인의 협업을 지원하는 ‘소상공인 협업활성화 공동사업’에 참여할 소상공인협동조합(연합회)을 다음과 같이 모집합니다.
☞ 소상공인협동조합 및 연합회, 자율상권조합 등(컨소시엄 포함)
- 협동조합기본법, 중소기업협동조합법에 따라 설립된 전체 조합원이 5인 이상이고, 조합원 50% 이상이 소상공인으로 구성된 협동조합 및 협동조합 연합회(컨소시엄 포함)
- 지역상권법에 근거하여 설립된 자율상권조합
☞ 공동생산ㆍ판매, 기술개발 등 협동조합이 사업을 추진하는데 직접적으로 소요되는 공동장비 구입 비용 지원
※ 자세한 지원내용 공고문 참조",경영,소상공인시장진흥공단,전국,소상공인,소상공인,,,,,,,디자인/상품화/사업화,2026-07-21,2026-08-04,,온라인 접수 (협업활성화 시스템),온라인 접수 (협업활성화 시스템),https://www.bizinfo.go.kr/sii/siia/selectSIIA200Detail.do?pblancId=PBLN_000000000124540,main,primary,2026년2차소상공인협업활성화공동사업공고,소상공인시장진흥공단,2026-07-21~2026-08-04,경영,디자인/상품화/사업화
biz,PBLN_000000000124539,2026년 모범 장애경제인 및 유공자 포상 후보자 모집 연장 공고,"2026년도 모범 장애경제인 및 유공자 포상 후보자 모집과 관련하여, 보다 많은 우수 후보자의 신청 및 추천 기회를 보장하고 다양한 분야의 공적을 폭넓게 발굴하기 위하여 접수기간을 연장하여 공고하오니 많은 관심과 참여를 바랍니다.
☞ (모범 장애경제인) 경영 혁신, 사회공헌, 고용 창출 등을 통해 국가발전 및 국민생활 향상에 기여한 장애경제인으로 3년 이상 장애인기업을 경영한 자
- (장애인기업 육성 유공자) 장애인기업 육성, 정책ㆍ제도 발전, 연구 등에 기여한 기관ㆍ단체ㆍ학계ㆍ기업 등의 임직원 등으로 5년 이상의 경력이 있는 자
※ 현 재직기관 외 장애인기업 육성 관련 기관의 경력 합산 가능
☞ 포상 지원
※ 자세한 지원내용 공고문 참조",경영,장애인기업종합지원센터,전국,장애인기업,기타,,,,,,,디자인/상품화/사업화,2026-06-12,2026-08-12,,"이메일 및 전자문서 접수
- 이메일 : hsy@debc.or.kr
- 전자문서 : (재)장애인기업종합지원센터","이메일 및 전자문서 접수
- 이메일 : hsy@debc.or.kr
- 전자문서 : (재)장애인기업종합지원센터",https://www.bizinfo.go.kr/sii/siia/selectSIIA200Detail.do?pblancId=PBLN_000000000124539,main,primary,2026년모범장애경제인및유공자포상후보자모집연장공고,장애인기업종합지원센터,2026-06-12~2026-08-12,경영,디자인/상품화/사업화
biz,PBLN_000000000124538,2026년 중소기업 국내ㆍ외 판로개척 및 마케팅 유공 포상 후보자 모집 연장 공고,"중소기업의 국내ㆍ외 판로개척 및 매출확대 등에 기여한 중소기업 및 지원기관 임ㆍ직원 등을 격려하기 위해 ‘중소기업 국내ㆍ외 판로개척 및 마케팅 유공’ 포상 후보자를 아래와 같이 모집하오니 많은 신청 바랍니다.
☞ 정부 지원(마케팅지원사업 등)을 통해 중소기업 제품의 판매실적이 증가하는 등 판로 성과가 우수한 중소기업 임ㆍ직원
- 중소기업 국내ㆍ외 판로개척 및 지원에 기여한 공이 큰 공무원, 공공기관ㆍ유통사 등 지원기관 임ㆍ직원
※ 동일 기관 內 추천 인원은 3인 이내로 한정
☞ 중소벤처기업부장관 표창 포상 지원",판로/수출,한국중소벤처기업유통원,전국,중소기업,중소기업,,,,,,,오프라인,2026-06-22,2026-07-28,,온라인 접수 (판판대로),온라인 접수 (판판대로),https://www.bizinfo.go.kr/sii/siia/selectSIIA200Detail.do?pblancId=PBLN_000000000124538,main,primary,2026년중소기업국내ㆍ외판로개척및마케팅유공포상후보자모집연장공고,한국중소벤처기업유통원,2026-06-22~2026-07-28,내수,오프라인
biz,PBLN_000000000124537,[경기] 2026년 3차 사물인터넷(IoT) 설치 지원사업 모집 공고,"미세먼지 등 대기환경개선을 위해 사물인터넷 설치 지원으로 소규모 사업장의 시설 운영지원 및 관리 강화로 도민 청정대기 제공에 기여하기 위한 「사물인터넷(IoT) 설치 지원사업」을 다음과 같이 공고하오니 지원을 희망하는 기업은 경기환경에너지진흥원으로 신청하여 주시기 바랍니다.
☞ 「중소기업기본법」시행령 제3조제1항에 따른 중ㆍ소기업
①「대기환경보전법 시행규칙」제37조의3[별표9의2] 규정에 따른 사물인터넷(IoT) 측정기기 부착대상 시설
② 보조금을 받아 설치한 방지시설
③ 방지시설 설치면제 및 자가측정 면제와 관련하여 사물인터넷(IoT) 측정기기 부착지원을 신청한 사업장의 습식 배출시설
☞ 사물인터넷(IoT) 측정기기 설치 지원
- 배출시설 가동 시 방지시설 적정 운영을 확인하기 위한 사물인터넷(IoT) 측정기기 부착 및 사물인터넷 게이트웨이 설치",경영,경기환경에너지진흥원,경기도,중소기업,중소기업,,,,,,,시설/입지지원,2026-07-20,2026-09-30,,"온라인, 우편, 방문 접수
- 온라인 접수 : 네이버폼
- 접수처 : 경기도 김포시 돌문로43, 4층 경기환경에너지진흥원 (재)경기환경에너지진흥원 환경본부 환경사업팀
※ 네이버폼 서식 내에 파일제출 필요없으며, 원본서류 즉시 제출(우편, 방문)","온라인, 우편, 방문 접수
- 온라인 접수 : 네이버폼
- 접수처 : 경기도 김포시 돌문로43, 4층 경기환경에너지진흥원 (재)경기환경에너지진흥원 환경본부 환경사업팀
※ 네이버폼 서식 내에 파일제출 필요없으며, 원본서류 즉시 제출(우편, 방문)",https://www.bizinfo.go.kr/sii/siia/selectSIIA200Detail.do?pblancId=PBLN_000000000124537,main,primary,경기2026년3차사물인터넷iot설치지원사업모집공고,경기환경에너지진흥원,2026-07-20~2026-09-30,경영,시설/입지지원
biz,PBLN_000000000124535,[경남] 김해시 2026년 유럽 조선ㆍ해양 기자재 무역사절단 참가업체 모집 연장 공고,"김해시 수출 유망 중소기업을 대상으로「2026 유럽 조선ㆍ해양 기자재 무역(전략)사절단」에 참가할 업체를 모집하오니 참가를 희망하는 업체는 신청하여 주시기 바랍니다.
☞ 김해시 소재 조선ㆍ해양 기자재 제조 중소기업
☞ 바이어 발굴ㆍ상담 매칭, 왕복항공료 50%(1사 1인), 통역비(100%) 등 지원",판로/수출,KOTRA경남지원본부,경상남도,중소기업,중소기업,,,,,,,시장개척,2026-07-07,2026-07-27,,온라인 접수 (경상남도 해외마케팅 사업지원시스템),온라인 접수 (경상남도 해외마케팅 사업지원시스템),https://www.bizinfo.go.kr/sii/siia/selectSIIA200Detail.do?pblancId=PBLN_000000000124535,main,primary,경남김해시2026년유럽조선ㆍ해양기자재무역사절단참가업체모집연장공고,kotra경남지원본부,2026-07-07~2026-07-27,수출,시장개척
biz,PBLN_000000000124534,2026년 한ㆍ이스라엘 국제공동기술개발사업 신규 과제 통합 공고 (라이트하우스 프로그램 재공고),"「2026년 한ㆍ이스라엘 국제공동기술개발사업 신규 과제 통합 공고」(산업통상부 공고 제2026-272호, ’26.4.7.)와 관련하여 라이트하우스 프로그램의 신청ㆍ접수기간을 연장하여 재공고하오니, 동 사업에 참여를 희망하는 기관은 관련 규정 및 절차에 따라 신청하여 주시기 바랍니다. 
☞ 양국 1:1 필수 매칭, 각각 대학 또는 연구기관 1개 이상의 컨소시엄 구성
- 양국 최소 2+2 필수, 최대 3+3 (기업 + 학ㆍ연)까지 컨소시엄 구성 가능
- 국내 주관연구개발기관은 접수 마감일 현재 사업자등록증 및 법인등기부등본 기준으로 창업 1년 이상 경과하고, 한국산업기술진흥협회가 발급한 “기업부설연구소 인정서“를 보유하고 있는 사업자
※ 자세한 지원대상 공고문 참조
☞ (라이트하우스) 양국 산업정책을 토대로 전략분야를 선정하고, 혁신기술 확보 및 제3시장 공동진출을 위한 중대형 공동 R&D 과제 지원 (TRL 3~8 단계)",기술,한국이스라엘산업연구개발재단,전국,중소기업,중소기업,,,,,,,공동기술개발,2026-07-20,2026-08-10,,"온라인 접수
- 한국기업 : 한국이스라엘산업연구개발재단
- 이스라엘 기업 : 이스라엘 혁신청 온라인 시스템
※ 자세한 신청방법 공고문 참조","온라인 접수
- 한국기업 : 한국이스라엘산업연구개발재단
- 이스라엘 기업 : 이스라엘 혁신청 온라인 시스템
※ 자세한 신청방법 공고문 참조",https://www.bizinfo.go.kr/sii/siia/selectSIIA200Detail.do?pblancId=PBLN_000000000124534,main,primary,2026년한ㆍ이스라엘국제공동기술개발사업신규과제통합공고라이트하우스프로그램재공고,한국이스라엘산업연구개발재단,2026-07-20~2026-08-10,기술,공동기술개발
biz,PBLN_000000000124533,[경북] 2026년 2차 게임 기업 맞춤형 지원 사업 모집 공고,"경북테크노파크에서는 도내 게임콘텐츠 관련 기업의 경쟁력 강화 및 지속가능한 성장 지원을 위해 고도화ㆍ상용화를 종합적으로 제공하는 「2026 2차 경북 게임 기업 맞춤형 지원 사업」을 추진하오니 많은 관심과 참여바랍니다.
☞ 다음 중 필수를 포함하여, 2개 이상 해당하는 게임
- (필수) 공고일 기준 경북도 내 사업장을 보유한 게임 콘텐츠 관련 중소기업 중 게임제작업 또는 게임배급업 등록 기업 또는 선정 후 협약 체결 후 1개월 내 등록이 가능한 기업(미등록 시 선정은 취소 됨)
- (중요1) 당해 제작지원사업 선정된 동일 과제와‘게임 고도화’동시 선정 불가 이전 제작지원사업은 가능
※ 동일 과제 제작지원 사업에 최종 선정 시, 게임 고도화 사업 신청은 자동 취소
- (중요2) ‘게임 상용화’는 당해 제작지원과 중복 선정 가능
※ 자세한 지원대상 공고문 참조
☞ 게임 고도화ㆍ게임 사용화(기업당 최대 2천만원) 지원
※ 자세한 지원내용 공고문 참조",기술,경북테크노파크,경상북도,중소기업,중소기업,,,,,,,기술사업화/이전/지도,2026-07-20,2026-08-04,,온라인 접수 (경북테크노파크),온라인 접수 (경북테크노파크),https://www.bizinfo.go.kr/sii/siia/selectSIIA200Detail.do?pblancId=PBLN_000000000124533,main,primary,경북2026년2차게임기업맞춤형지원사업모집공고,경북테크노파크,2026-07-20~2026-08-04,기술,기술사업화/이전/지도
biz,PBLN_000000000124532,[경남] 2026년 중국 상하이 소비재 수출상담회 참가 업체 모집 공고,"경상남도 내에 경쟁력 있는 소비재 관련 중소기업을 대상으로 해외 신규 바이어를 발굴하고, 수출 시장을 확대의 기회를 제공하고자, 「2026 중국 상하이 소비재 수출상담회」에 참가할 기업을 아래와 같이 모집하오니 많은 신청 바랍니다.
☞ 도내에 본사 또는 공장이 소재하는 소비재(화장품, 식품, 산업소비재) 분야 중소기업
☞ 현지 바이어 발굴 및 1:1수출상담회, 통역비(50%), 편도 항공료(1社 1人) 지원",판로/수출,경남테크노파크,경상남도,중소기업,중소기업,,,,,,,해외진출,2026-07-20,2026-07-31,,온라인 접수 (경상남도 해외마케팅 사업지원시스템),온라인 접수 (경상남도 해외마케팅 사업지원시스템),https://www.bizinfo.go.kr/sii/siia/selectSIIA200Detail.do?pblancId=PBLN_000000000124532,main,primary,경남2026년중국상하이소비재수출상담회참가업체모집공고,경남테크노파크,2026-07-20~2026-07-31,수출,해외진출
biz,PBLN_000000000124531,[경기] 안양시 2026년 3차 안양전자부품 소공인특화지원센터 지원사업 공고,"안양산업진흥원은 집적지구(관양/평촌/호계동) 내 전기ㆍ전자부품 관련 분야 소공인을 대상으로 「2026년 소공인특화지원센터 지원사업」 참여기업을 다음과 같이 모집하오니 많은 관심과 신청 바랍니다.
☞ 안양시 동안구 집적지구 내 전기ㆍ전자부품분야(C26~C29) 소공인
- 동안구 집적지구 : 관양동(관양동, 인덕원동, 부림동), 평촌동(평촌동, 평안동, 귀인동), 호계동(호계1~3동, 범계동, 신촌동, 갈산동)
※ 자세한 지원대상 공고문 참조
☞ 국내 판로개척을 위한 홍보비 지원
- 온ㆍ오프라인디자인/컨텐츠 제작, 국내 전시회 참가, 온ㆍ오프라인 홍보/광고비",경영,안양산업진흥원,경기도,소상공인,소상공인,,,,,,,디자인/상품화/사업화,2026-07-27,2026-07-29,,"온라인 접수 (소상공인 24)
※ 자세한 신청방법 공고문 참조","온라인 접수 (소상공인 24)
※ 자세한 신청방법 공고문 참조",https://www.bizinfo.go.kr/sii/siia/selectSIIA200Detail.do?pblancId=PBLN_000000000124531,main,primary,경기안양시2026년3차안양전자부품소공인특화지원센터지원사업공고,안양산업진흥원,2026-07-27~2026-07-29,경영,디자인/상품화/사업화
biz,PBLN_000000000124530,[인천] 2026년 로봇기업 마케팅(로보월드 참가) 지원 참여기업 모집 공고(로봇산업 혁신성장 지원사업),"인천테크노파크에서는 인천 로봇관련 기업의 국내ㆍ외 판로개척 및 마케팅 촉진을 위해 「2026 로보월드」 인천공동관을 운영 및 지원하고자 참가기업을 모집하오니 많은 관심과 신청 바랍니다.
☞ 인천 소재 로봇 관련 중소기업
☞「2026 로보월드」 인천공동관 참가비(부스비, 장치비 등) 지원",판로/수출,인천테크노파크,인천광역시,중소기업,중소기업,,,,,,,오프라인,2026-07-20,2026-07-31,,온라인 접수(Biz Ok),온라인 접수(Biz Ok),https://www.bizinfo.go.kr/sii/siia/selectSIIA200Detail.do?pblancId=PBLN_000000000124530,main,primary,인천2026년로봇기업마케팅로보월드참가지원참여기업모집공고로봇산업혁신성장지원사업,인천테크노파크,2026-07-20~2026-07-31,내수,오프라인
biz,PBLN_000000000124529,[경북] 김천시ㆍ구미시 2026년 중소기업 ESG 경영지원 구축 사업 참여기업 모집 3차 연장 공고,"경상북도ㆍ구미시ㆍ김천시와 경상북도경제진흥원에서는 도내 중소기업의 ESG 역량 강화를 위해「중소기업 ESG 경영지원 구축 사업」참여기업 모집을 다음과 같이 공고를 연장하오니 많은 참여 바랍니다. 
☞ 김천시, 구미시 내 중소기업
※ 구미시 중견기업 참여가능
※ 지원내용 별 대상 상이하므로, 자세한 지원대상 공고문 참조
☞ ESG 수준진단ㆍ평가, ESG 심층 컨설팅, RE100 이행 컨설팅 지원
- ESG 수준진단ㆍ평가 : 기업당 최대 300만원
- ESG 심층 컨설팅 : 기업당 최대 1,200만원
- RE100 이행 컨설팅 : 기업당 최대 1,000만원
※ 자세한 지원내용 공고문 참조",경영,경상북도경제진흥원,경상북도,중소기업,중소기업,,,,,,,디자인/상품화/사업화,2026-07-20,2026-07-29,,"이메일 접수 (lhwokok@gepa.kr)
※ 이메일 제목에 [중소기업 ESG 경영지원 구축사업]_기업명 문구 삽입하여 신청
※ 제출서류 1~4번은 작성 후 한글파일 또는 PDF로 저장하거나 변환하여 제출(스캔본 지양)","이메일 접수 (lhwokok@gepa.kr)
※ 이메일 제목에 [중소기업 ESG 경영지원 구축사업]_기업명 문구 삽입하여 신청
※ 제출서류 1~4번은 작성 후 한글파일 또는 PDF로 저장하거나 변환하여 제출(스캔본 지양)",https://www.bizinfo.go.kr/sii/siia/selectSIIA200Detail.do?pblancId=PBLN_000000000124529,main,primary,경북김천시ㆍ구미시2026년중소기업esg경영지원구축사업참여기업모집3차연장공고,경상북도경제진흥원,2026-07-20~2026-07-29,경영,디자인/상품화/사업화
biz,PBLN_000000000124528,[전북] 2026년 3차 특장차산업 활성화 및 산업생태계 모델구축 기업지원 사업 공고,"전북특별자치도내 특장차(부품)산업 연관기업의 기술경쟁력 향상을 위하여 (재)자동차융합기술원에서 추진하는「2026년도 특장차(부품)산업 기업지원사업」을 다음과 같이 공고합니다.
☞ 전북특별자치도 내 본사, 공장, 연구소 등이 소재한 자동차/특장차(부품) 산업 관련 중소기업(공장등록 또는 사업자등록 필수)
☞ 지능형 제조혁신 개선지원, 특장차(부품) 기술사업화 및 판로확보지원
- 지능형 제조혁신 개선 : 설계변경/원가절감 대응 제품 고급화, 생산현장 병목공정 등 애로공정 개선, IT/ICT 융합기술 활용 공정효율화 지원 등 
- 기술사업화 및 판로확보 : 특허출원, 시험평가, 국내외 홍보마케팅, 사업화 전문가 컨설팅, 거래처 다각화 인증확보, 국내외 원가경쟁력 확보 지원 등",기술,자동차융합기술원,전북특별자치도,중소기업,중소기업,,,,,,,기술사업화/이전/지도,2026-07-20,2026-08-13,,온라인 접수(기업지원사업 통합관리시스템),온라인 접수(기업지원사업 통합관리시스템),https://www.bizinfo.go.kr/sii/siia/selectSIIA200Detail.do?pblancId=PBLN_000000000124528,main,primary,전북2026년3차특장차산업활성화및산업생태계모델구축기업지원사업공고,자동차융합기술원,2026-07-20~2026-08-13,기술,기술사업화/이전/지도
biz,PBLN_000000000124527,2026년 인간-AI 협업형 LAM 개발ㆍ글로벌 실증 사업 공고,"2026년도「인간-AI협업형 LAM 개발ㆍ글로벌 실증」사업 신규 연구개발과제 공모 및 선정계획을 다음과 같이 공고합니다.
☞ 연구개발 참여를 원하는 관련분야 산ㆍ학ㆍ연구계 기업ㆍ기관 등
☞ 피지컬AI 특화 물리융합데이터ㆍ기술확보, PINN 기반 정밀 제어 LAM 핵심기술 개발, 솔루션화, 실증 지원",기술,정보통신산업진흥원,전국,중소기업,중소기업,,,,,,,공동기술개발,2026-06-26,2026-07-28,,온라인 접수(범부처통합연구지원시스템),온라인 접수(범부처통합연구지원시스템),https://www.bizinfo.go.kr/sii/siia/selectSIIA200Detail.do?pblancId=PBLN_000000000124527,main,primary,2026년인간ai협업형lam개발ㆍ글로벌실증사업공고,정보통신산업진흥원,2026-06-26~2026-07-28,기술,공동기술개발
biz,PBLN_000000000124526,[전북] 2026년 3차 자동차 대체부품 분야 기업지원 사업 공고,"전북특별자치도 내 자동차산업의 위기를 극복하고, 지역 경제 활성화를 위해 추진하고 있는 자동차 대체부품 개발, 사업화, 시장개척 지원을 다음과 같이 공고 하오니 도내 기업의 많은 참여를 바랍니다.
☞ 중소기업기본법 제2조의 규정에 의한 중소기업으로 하며, 군산시, 김제시 소재 본사, 공장(사업장)이 소재한 자동차 대체부품 제조 가능 기업(제조업)
※ 단, 사업화 역량강화 지원은 지역 제한 없음.(전북특별자치도내 소재 가능)
☞ 품질인증 기반 대체부품 개발, 사업화 역량강화 패키지 지원
- 품질인증 기반 대체부품 개발 : 제품구매ㆍ분석, 시금형 개발 및 시생산, 공정개발ㆍ개선, 시험평가, 인증 등 제품 개발 및 인증확보를 위한 지원 등 대체부품 개발을 위한 종합지원
- 사업화 역량강화 패키지 : 생산안정화, 유통물류비, 인증취득 지원
※ 자세한 지원내용 공고문 참조",기술,자동차융합기술원,전북특별자치도,중소기업,중소기업,,,,,,,기술사업화/이전/지도,2026-07-20,2026-08-13,,온라인 접수(기업지원사업 통합관리시스템),온라인 접수(기업지원사업 통합관리시스템),https://www.bizinfo.go.kr/sii/siia/selectSIIA200Detail.do?pblancId=PBLN_000000000124526,main,primary,전북2026년3차자동차대체부품분야기업지원사업공고,자동차융합기술원,2026-07-20~2026-08-13,기술,기술사업화/이전/지도
biz,PBLN_000000000124525,[전남광주] 첨단로봇ㆍAI 활용 중소기업 제조혁신 사업 기업지원(기획 컨설팅) 모집 연장 공고,"전남테크노파크에서는「첨단로봇ㆍAI 활용 중소기업 제조혁신 사업」지정에 따라, 지역 내 특화 제조기업의 경쟁력 강화 및 정부 사업 수주 역량 확보를 위해 제조로봇 관련 사업 기획 컨설팅 지원사업 수혜기업을 다음과 같이 모집합니다.
☞ 도내 첨단로봇 기업
- (수혜기업) 공고일 기준 사업자등록증상 전남도 소재 중소기업(본사, 지사, 공장)으로, 로봇 도입 희망, 로봇 제조기업, 공급기업, SIㆍSW 기업, 로봇 분야 사업전환 예정 기업 등 
- (참여기업) 제조로봇 관련 컨설팅 전문 기업 및 기관 (지역 제한 없음)
☞ 제조로봇 관련 사업 기획을 위한 전문가 컨설팅, 자료조사 및 분석비용 등 기획 비용 지원 (기업당 최대 4백만원)",기술,전남테크노파크,광주광역시,중소기업,중소기업,,,,,,,기술사업화/이전/지도,2026-07-20,2026-08-07,,온라인 접수(전남테크노파크 데이터플랫폼),온라인 접수(전남테크노파크 데이터플랫폼),https://www.bizinfo.go.kr/sii/siia/selectSIIA200Detail.do?pblancId=PBLN_000000000124525,main,primary,전남광주첨단로봇ㆍai활용중소기업제조혁신사업기업지원기획컨설팅모집연장공고,전남테크노파크,2026-07-20~2026-08-07,기술,기술사업화/이전/지도
biz,PBLN_000000000124524,[충남] 지역에너지 문제해결 프로젝트 지원사업 공고,"충남테크노파크에서 에너지분야 전문인력 양성을 위해 추진하고 있는 「충청권 분산에너지 대응 에너지기술공유대학 사업」을 통해 지역 내 에너지 관련 문제 해결을 목적으로 하는 산학공동 프로젝트를 발굴ㆍ지원하고자 
하오니 많은 관심과 참여를 부탁드립니다.
☞ 충남 소재 중소ㆍ중견기업 
☞ 에너지 관련 지역 에너지 문제 행결형 프로젝트 지원(기업당 최대 20백만원 이내 지원)
- 소모성 연구재료 구입, 시제품 제작, 시험평가 의뢰, 과제기획 용역 지원",기술,충남테크노파크,충청남도,중소기업,중소기업,,,,,,,기술사업화/이전/지도,2026-07-20,2026-08-05,,이메일 접수 (yoke624@ctp.or.kr),이메일 접수 (yoke624@ctp.or.kr),https://www.bizinfo.go.kr/sii/siia/selectSIIA200Detail.do?pblancId=PBLN_000000000124524,main,primary,충남지역에너지문제해결프로젝트지원사업공고,충남테크노파크,2026-07-20~2026-08-05,기술,기술사업화/이전/지도
biz,PBLN_000000000124523,[전남광주] 첨단로봇ㆍAI 활용 중소기업 제조혁신 사업 기업지원(실증지원) 모집 연장 공고,"전남테크노파크에서는 지역 내 특화 제조기업의 생산성 향상과 산업 생태계 조성을 위해「첨단로봇ㆍAI 활용 중소기업 제조혁신 사업」의 수혜기업 모집을 다음과 같이 공고하오니, 관련 기업의 많은 참여 바랍니다.
☞ 전남광주 도내 제조기업
- (주관기업) 공고문 현재 사업자등록증 상 순천시, 장성군, 무안군 내에 본사, 공장, 연구소 또는 사업장을 보유한 기업(수요기업)
- (참여기업) 수요기업 대상 공정에 로봇시스템 설치를 위한 SI 관련 기술지원 및 유지보수 등이 가능한 기업(공급기업)
- (제조업종) 기계, 금속, 자동차, 전기ㆍ전자, 조선ㆍ항공, 섬유, 식ㆍ음료, 바이오ㆍ화학 등 로봇 자동화가 필요한 제조업 전분야
☞ 로봇공정모델 적용을 통한 공정 첨단화 및 旣 개발 모델 실증 지원, 제조기업 현장의 첨단 제조로봇 및 시스템 설계 도입 지원
- 기업당 최대 70백만원",기술,전남테크노파크,광주광역시,중소기업,중소기업,,,,,,,기술사업화/이전/지도,2026-07-20,2026-08-07,,온라인 접수(전남테크노파크 데이터플랫폼),온라인 접수(전남테크노파크 데이터플랫폼),https://www.bizinfo.go.kr/sii/siia/selectSIIA200Detail.do?pblancId=PBLN_000000000124523,main,primary,전남광주첨단로봇ㆍai활용중소기업제조혁신사업기업지원실증지원모집연장공고,전남테크노파크,2026-07-20~2026-08-07,기술,기술사업화/이전/지도
biz,PBLN_000000000124522,[전남] 첨단로봇ㆍAI 활용 중소기업 제조혁신 사업 기업지원(기술개발) 모집 연장 공고,"전남테크노파크에서는 지역 내 특화 제조기업의 생산성 향상과 산업 생태계 조성을 위해「첨단로봇ㆍAI 활용 중소기업 제조혁신 사업」의 수혜기업 모집을 다음과 같이 공고하오니, 관련 기업의 많은 참여 바랍니다.
☞ 공고문 기준 사업자등록증 상 순천시, 장성군, 무안군 내에 본사, 공장, 연구소 또는 사업장을 보유한 기업
- (기술개발) 전남 지역 내 로봇 제조기업, 로봇 분야 전환 예정기업, SIㆍSW 기업
- (제조업종) 기계, 금속, 자동차, 전기ㆍ전자, 조선ㆍ항공, 섬유, 식ㆍ음료, 바이오ㆍ화학 등 로봇 자동화가 필요한 제조업 전분야
☞ 첨단 제조로봇 공정모델 개발을 위한 사업화 초기 단계 소재/제품의 설계 및 S/W 개발비, 제조로봇, 재료비, 가공비, 설계 등 로봇 및 시스템 개발 지원
- 기업당 최대 70백만원 지원",기술,전남테크노파크,전라남도,중소기업,중소기업,,,,,,,기술사업화/이전/지도,2026-07-20,2026-08-07,,온라인 접수(전남테크노파크 데이터플랫폼),온라인 접수(전남테크노파크 데이터플랫폼),https://www.bizinfo.go.kr/sii/siia/selectSIIA200Detail.do?pblancId=PBLN_000000000124522,main,primary,전남첨단로봇ㆍai활용중소기업제조혁신사업기업지원기술개발모집연장공고,전남테크노파크,2026-07-20~2026-08-07,기술,기술사업화/이전/지도
biz,PBLN_000000000124521,[전북] 2026년 3차 전북지역기술혁신허브 맞춤형 기술지원 참여기업 모집 통합 공고(전북지역기술혁신허브 비R&D 지원사업),"전북특별자치도 이차전지 산업ㆍ기술 생태계 활성화 및 친환경ㆍ고성능 이차전지 소재의 글로벌 허브구축을 위한「2026년 전북지역기술혁신허브 비R&D 지원사업」의 맞춤형 기술지원 참여기업을 다음과 같이 모집하오니, 많은 참여 바랍니다.
☞ 공고일 기준 도내에 사업장을 둔 이차전지 소재, 재활용, 재사용과 관련된 전후방 기업
☞ 지원유형Ⅰ(제품고급화), 지원유형Ⅱ(기술 가치평가, 애로기술 컨설팅, 장비 활용, 인증, 특허), 지원유형 Ⅲ(투자역량 강화컨설팅, IR 고도화) 지원(기업당 최대 45백만원 이내)
※ 자세한 지원내용 공고문 참조",기술,전북테크노파크,전북특별자치도,중소기업,중소기업,,,,,,,기술사업화/이전/지도,2026-07-16,2026-07-31,,온라인 접수 (전북R&D종합정보시스템),온라인 접수 (전북R&D종합정보시스템),https://www.bizinfo.go.kr/sii/siia/selectSIIA200Detail.do?pblancId=PBLN_000000000124521,main,primary,전북2026년3차전북지역기술혁신허브맞춤형기술지원참여기업모집통합공고전북지역기술혁신허브비rd지원사업,전북테크노파크,2026-07-16~2026-07-31,기술,기술사업화/이전/지도
biz,PBLN_000000000124520,2026년 농림축산식품부 혁신제품 지정기간 연장(2차 연장) 공고,"「조달사업에 관한 법률 시행령」제33조 제3항 및 기획재정부 훈령 「혁신제품 지정 및 구매촉진 등에 관한 규정」제13조에 따라 아래와 같이 ‘2026년도 혁신제품 지정기간 연장(2차연장)’을 안내하오니, 지정기간 연장을 희망하는 기업은 관련 규정 및 아래의 내용을 반드시 확인하신 후 신청하여 주시기 바랍니다.
☞ 농림축산식품부 지정 혁신제품 보유기업으로서, 1차 연장기간(1년)의 만료가 도래한 혁신제품을 보유한 기업
※ 금회 지정기간 만료일 : ’26.9.26.
※ 자세한 신청자격 공고문 참조
☞ 혁신제품 지정기간 연장 지원",기술,농림식품기술기획평가원,전국,중소기업,중소기업,,,,,,,시험/인증,2026-07-13,2026-08-06,,온라인 접수 (기술상용화플랫폼),온라인 접수 (기술상용화플랫폼),https://www.bizinfo.go.kr/sii/siia/selectSIIA200Detail.do?pblancId=PBLN_000000000124520,main,primary,2026년농림축산식품부혁신제품지정기간연장2차연장공고,농림식품기술기획평가원,2026-07-13~2026-08-06,기술,시험/인증
biz,PBLN_000000000124519,2026년 장수군 4차 레드푸드 전ㆍ후방기업 경쟁력 강화 및 스마트 농업 활성화 지원 사업 지원기업 모집 공고(시군구연고산업육성 협업프로젝트),"2026년도 중소벤처기업부와 전북특별자치도 및 장수군이 지원하는 시군구연고산업육성 협업프로젝트 수행자로 선정된 주관기관별 지원 프로그램을 안내하오니, 해당 프로그램 참여를 희망하는 장수군 지역 중소기업의 많은 신청 바랍니다.
☞ 공고일 기준 장수군 소재 (본사, 지사, 기업부설연구소, 공장등록 기준) 레드푸드(사과, 토마토, 오미자)산업ㆍ스마트 농업 전ㆍ후방 연관 중소기업
※ 현재 타지역 소재 기업이나, 본 사업 수행 기간 내 장수군으로 사업장을 이전하여 사업자 등록(지점 포함)을 하기로 확약한 기업
※ 자세한 지원대상 공고문 참조
☞ 혁신화&성장촉진(농가혁신 애로기술 컨설팅), 사업화(마케팅) 지원
※ 자세한 지원내용 공고문 참조",경영,전북테크노파크,전북특별자치도,중소기업,중소기업,,,,,,,디자인/상품화/사업화,2026-07-20,2026-07-29,,온라인 접수 (기업지원사업 관리시스템),온라인 접수 (기업지원사업 관리시스템),https://www.bizinfo.go.kr/sii/siia/selectSIIA200Detail.do?pblancId=PBLN_000000000124519,main,primary,2026년장수군4차레드푸드전ㆍ후방기업경쟁력강화및스마트농업활성화지원사업지원기업모집공고시군구연고산업육성협업프로젝트,전북테크노파크,2026-07-20~2026-07-29,경영,디자인/상품화/사업화
biz,PBLN_000000000124518,해외규격인증 취득 절차 심층 컨설팅 공고,"KOTRA는 중소기업이 수출 대상국에서 요구하는 해외 규격인증을 획득하는데 필요한 조건 검토 및 절차 등을 지원하고자 합니다.
☞ 국내 소재 중소기업
- 식품, 화장품, 섬유 및 의류, 유아용품을 수출 희망하는 기업
- 즉시 수출할 수 있는 제품을 보유하고 있는 기업
※ 자세한 지원대상 공고문 참조
☞ 수출 대상국의 해외 규격인증 취득 절차 및 획득 기간, 조건, 구비서류 및 주의사항, 비용, 적용시험 규격 등 맞춤형 컨설팅 지원(기업당 최대 2회)",판로/수출,대한무역투자진흥공사,전국,중소기업,중소기업,,,,,,,해외진출준비,2026-07-20,2026-08-31,,온라인 접수(무역투자24),온라인 접수(무역투자24),https://www.bizinfo.go.kr/sii/siia/selectSIIA200Detail.do?pblancId=PBLN_000000000124518,main,primary,해외규격인증취득절차심층컨설팅공고,대한무역투자진흥공사,2026-07-20~2026-08-31,수출,해외진출준비
biz,PBLN_000000000124517,2026년 1차 중국 스마트팜 로드쇼 참가기업 모집 공고,"KOTRA와 농림축산식품부는 스마트팜 기업의 중국 지역 진출을 지원하고자 칭다오, 우한 정부부처와 협업하여 2026 중국 스마트팜 로드쇼를 개최하오니 우리 기업들의 많은 신청 바랍니다.
☞ 스마트팜 관련 국내기업/기관
- 스마트 생육 환경 통합제어 (수직농장ㆍ식물공장 포함)
- 토양 IoT 기반 정밀 양액ㆍ관개 자동제어
- AI 기반 병해충ㆍ생육 이상 모니터링
- 농업 자동화 로봇ㆍ첨단농기계
☞ 현지 세미나 및 수출상담회 참가 지원
- 상담회, 수출상담회 통역 지원
- 현지 내 단체이동 및 간담회 지원",판로/수출,대한무역투자진흥공사,전국,중소기업,중소기업,,,,,,,시장개척,2026-07-16,2026-07-29,,"온라인 접수(무역투자24)
※  제출서류 이메일(smartfarm@kotra.or.kr)로 제출","온라인 접수(무역투자24)
※  제출서류 이메일(smartfarm@kotra.or.kr)로 제출",https://www.bizinfo.go.kr/sii/siia/selectSIIA200Detail.do?pblancId=PBLN_000000000124517,main,primary,2026년1차중국스마트팜로드쇼참가기업모집공고,대한무역투자진흥공사,2026-07-16~2026-07-29,수출,시장개척
biz,PBLN_000000000124516,[전남] 2026년 친환경 HDPE 소형어선 규제자유특구 특구사업자 기술사업화를 위한 기업지원 프로그램 공고,"HDPE(고밀도 폴리에틸렌) 소재 소형어선 건조 및 실증사업의 효과적인 상용화지원을 위해「전남 친환경 HDPE 소형어선 규제자유특구」사업자를 대상으로 아래와 같이 기업지원 프로그램을 공고하오니, 특구사업자들의 많은 신청 바랍니다.
☞ 중소벤처기업부 고시 제2023-39호(규제자유특구 지정)과 관련하여,「전남 친환경 HDPE 소형어선 규제자유특구」특구사업자로 지정된 기업
※ 본사가 특구지역 외 기업의 경우 반드시 특구지역내 사업자가 있어야함
☞ 실증 제품 상용화(시제품제작, 시험평가(장비활용), 인증), 판로개척(국내ㆍ외마케팅, 어민상담회, 특허출원 등) 지원",기술,전남테크노파크,전라남도,중소기업,중소기업,,,,,,,기술사업화/이전/지도,2026-07-20,2026-08-03,,온라인 접수(데이터플랫폼),온라인 접수(데이터플랫폼),https://www.bizinfo.go.kr/sii/siia/selectSIIA200Detail.do?pblancId=PBLN_000000000124516,main,primary,전남2026년친환경hdpe소형어선규제자유특구특구사업자기술사업화를위한기업지원프로그램공고,전남테크노파크,2026-07-20~2026-08-03,기술,기술사업화/이전/지도
biz,PBLN_000000000124515,[대구] 2026년 지역중소기업 밀집지역 생태계 공동회복 지원과제 수요기업 모집 공고(중소기업 밀집지역 위기대응 체계 구축사업),"중소벤처기업부와 대구광역시가 지원하는「2026년 대구 중소기업 밀집지역 위기대응 체계 구축사업」지역중소기업 밀집지역 생태계 공동회복 지원과제 (「2026년 대한민국 미래모빌리티엑스포(DIFA 2026)」 공동관 운영)를 다음과 같이 추진하며, 지원기업을 모집하오니 관심 있는 기업들의 많은 신청 바랍니다.
☞ 성서산업단지 소재 중소기업 中 자동차부품 업종 영위 중소기업(「중소기업기본법」제2조 및 시행령 제3조에 따른 중소기업)
- 단위부품 : 차체, 의장, 샤시, 전장, 파워트레인, 공조, 센서 등
- 모듈부품 : 샤시, 조향, 시트, 프론트엔드 모듈, 배터리팩 모듈, 인터렉션, 자율주행 부품 등
☞ 대구 자동차부품 영위 중소기업 밀집지역 국내외 판로 개척 공동지원을 위한「2026년 대한민국 미래모빌리티엑스포」공동관 운영 및 구매상담회, 수출상담회 참가 지원
- (구매상담회 참가 지원) 대기업, 공공기관, 유통MD, VC 등 국내 유력 바이어, 투자자와의 1:1 상담 지원(구매상담회 : ’26.10.21(수))
- (수출상담회 참가 지원) 해외시장 진출지원, 기술협력, 투자협력 등 1:1 상담 지원(수출상담회 : ’26.10.22(목)~10.23(금))
- (공동관 운영) 기업 당 2개 프리미엄부스(18㎡(6mx3m) / 3.46m) 제공하며, 예산 범위 내 상담테이블 및 의자, 진열대 등 비품 제공",판로/수출,대구테크노파크,대구광역시,중소기업,중소기업,,,,,,,오프라인,2026-07-20,2026-07-31,,이메일 접수 (hibig51@dgtp.or.kr),이메일 접수 (hibig51@dgtp.or.kr),https://www.bizinfo.go.kr/sii/siia/selectSIIA200Detail.do?pblancId=PBLN_000000000124515,main,primary,대구2026년지역중소기업밀집지역생태계공동회복지원과제수요기업모집공고중소기업밀집지역위기대응체계구축사업,대구테크노파크,2026-07-20~2026-07-31,내수,오프라인
biz,PBLN_000000000124514,2026년 GP USA 시카고 참가기업 모집 공고,"미국 통상정책에 따른 현지 공급망 다변화(듀얼소실, 온ㆍ니어쇼어링) 수요확대에 대응하여, KOTRA는 우리 기업들의 미국 밸류체인 진출을 지원하고자 합니다. 미국 전통ㆍ첨단 제조 시장 내 신규 수요를 선점허고자 하는 국내 소부장 제조기업들의 많은 참여 바랍니다.
☞ 국내 소재ㆍ부품ㆍ장비 제조기업
- 주요품목 : 기계/중장비, 농기계, 이차전지, 자동화 시스템 등의 소재ㆍ부품ㆍ장비 분야
☞ 1:1 상담회, 미국 진출전략 세미나, 헬프데스크 등 지원",판로/수출,대한무역투자진흥공사,전국,중소기업,중소기업,,,,,,,시장개척,2026-07-14,2026-07-28,,온라인 접수(무역투자24),온라인 접수(무역투자24),https://www.bizinfo.go.kr/sii/siia/selectSIIA200Detail.do?pblancId=PBLN_000000000124514,main,primary,2026년gpusa시카고참가기업모집공고,대한무역투자진흥공사,2026-07-14~2026-07-28,수출,시장개척
biz,PBLN_000000000124513,[광주] 2026년 2차 고령친화산업 수요 기반 맞춤형 기업지원사업 수혜기업 모집 공고,"고령친화산업지원센터는 광주 지역 고령친화산업 관련 기업의 기술사업화 및 제품 경쟁력 강화를 지원하고 매출 증대와 고용 창출을 도모하고자「2026 고령친화산업 수요 기반 맞춤형 기업지원사업(2차)」의 수혜기업을 모집하오니, 참여를 희망하는 기업의 많은 관심과 지원 바랍니다.
☞ 전남광주 지역 내 본사 또는 주 사업장 소재 기반 고령친화산업 관련 기업
☞ 융복합 고령친화관련 기업 대상 시제품 제작 지원 및 제품 고도화 지원",기술,광주테크노파크,광주광역시,중소기업,중소기업,,,,,,,기술사업화/이전/지도,2026-07-20,2026-08-03,,"이메일 및 우편 접수
- 접수처 : 광주광역시 남구 덕남길(행암동156) 고령친화산업지원센터 2층 운영본부
- 이메일 : hyoj098@gjtp.or.kr
※ 온라인 접수는 담당자 e-mail로 송부 후 확인전화 필수","이메일 및 우편 접수
- 접수처 : 광주광역시 남구 덕남길(행암동156) 고령친화산업지원센터 2층 운영본부
- 이메일 : hyoj098@gjtp.or.kr
※ 온라인 접수는 담당자 e-mail로 송부 후 확인전화 필수",https://www.bizinfo.go.kr/sii/siia/selectSIIA200Detail.do?pblancId=PBLN_000000000124513,main,primary,광주2026년2차고령친화산업수요기반맞춤형기업지원사업수혜기업모집공고,광주테크노파크,2026-07-20~2026-08-03,기술,기술사업화/이전/지도
biz,PBLN_000000000124512,혁신기술 제조창업 기업지원 수혜기업 추가모집 공고(혁신기술 제조창업 공유공장 구축사업),"「혁신기술 제조창업 공유공장 구축사업」의 기업지원 프로그램을 안내하오니, 해당 프로그램 참여를 희망하는 제조창업 기업의 많은 신청 바랍니다.
☞ 업력 5년 이내의 제조 창업기업 또는 중소기업
- 제품개발을 위한 설계ㆍ해석 또는 시험검사 등의 기술지원이 필요한 기업
※ 타 지역 소재 기업도 참여 가능하나, 충북 내 본사 또는 사업장을 둔 기업을 우선 선발
☞ 설계ㆍ구조해석 기술, 시제품 및 양산품 시험검사 지원
- 설계ㆍ구조해석 기술 : 제조 부품ㆍ제품 2Dㆍ3D Modeling, 제조 부품ㆍ제품 (역)설계, 제조 부품ㆍ제품 구조 해석 지원
- 시제품 및 양산품 시험검사 : 시험분석 및 평가ㆍ검증 종합 기술, 불량에 대한 회로 등 원인분석, 제조 제품ㆍ부품 국내외 국제표준 대응 및 글로벌 경쟁력 강화 지원",기술,FITI시험연구원,전국,중소기업,중소기업,,,,,,,시험/인증,상시 접수,,,"우편, 이메일 접수
- 접수처 : (28115) 충청북도 청주시 청원구 오창읍 양청3길 43(산업환경개선지원센터, 309호)
- 이메일 : rmdgus0310@fiti.re.kr
※ 제출서류는 우편(원본 문서)과 이메일(PDF 양식)로 담당자 송부","우편, 이메일 접수
- 접수처 : (28115) 충청북도 청주시 청원구 오창읍 양청3길 43(산업환경개선지원센터, 309호)
- 이메일 : rmdgus0310@fiti.re.kr
※ 제출서류는 우편(원본 문서)과 이메일(PDF 양식)로 담당자 송부",https://www.bizinfo.go.kr/sii/siia/selectSIIA200Detail.do?pblancId=PBLN_000000000124512,main,primary,혁신기술제조창업기업지원수혜기업추가모집공고혁신기술제조창업공유공장구축사업,fiti시험연구원,상시 접수~,기술,시험/인증
biz,PBLN_000000000124511,[경기] 여주시 2026년 중화권 시장개척단 참가기업 모집 공고,"여주시 소재 중소기업의 수출증진을 위한 2026년 여주시 중화권 시장개척단 참가기업을 다음과 같이 모집합니다.
☞ 여주시 중소 제조기업(단순 무역업체 제외)으로서 공장등록한 기업 또는 제조업소에 해당하며 지방세 및 세외수입(과태료) 완납 기업
☞ 운영 지역별 바이어 발굴ㆍ섭외 및 1:1 상담 주선, 단체 이동 차량, 상담시 기업별 통역원, 항공비 지원",판로/수출,경기도경제과학진흥원,경기도,중소기업,중소기업,,,,,,,시장개척,2026-07-20,2026-08-07,,"방문 또는 우편 접수
- 접수처 : 여주시 세종로 10, 영무빌딩 3층 여주시청 일자리경제과 기업지원팀
※ 자세한 신청방법 공고문 참조","방문 또는 우편 접수
- 접수처 : 여주시 세종로 10, 영무빌딩 3층 여주시청 일자리경제과 기업지원팀
※ 자세한 신청방법 공고문 참조",https://www.bizinfo.go.kr/sii/siia/selectSIIA200Detail.do?pblancId=PBLN_000000000124511,main,primary,경기여주시2026년중화권시장개척단참가기업모집공고,경기도경제과학진흥원,2026-07-20~2026-08-07,수출,시장개척
biz,PBLN_000000000124510,2026년 공공구매 유공자포상 연장 공고,"「중소기업제품 구매촉진 및 판로지원에 관한 법률」 제21조제6항에 따른 2026년도 공공구매 유공자 포상계획을 다음과 같이 공고하오니 많은 참여와 추천바랍니다.
☞ 공공기관, 공공기관 직원, 중소기업 대표
☞ 대통령 표창, 국무총리 표창, 중소벤처기업부장관표창, 조달청장표창 수여 지원",판로/수출,한국중소벤처기업유통원,전국,중소기업,중소기업,,,,,,,공공구매,2026-07-01,2026-07-27,,온라인 접수 (공공구매종합정보망),온라인 접수 (공공구매종합정보망),https://www.bizinfo.go.kr/sii/siia/selectSIIA200Detail.do?pblancId=PBLN_000000000124510,main,primary,2026년공공구매유공자포상연장공고,한국중소벤처기업유통원,2026-07-01~2026-07-27,내수,공공구매
biz,PBLN_000000000124509,2026년 중소기업 챌린지진단 지원사업 공고,"「중소기업진흥에 관한 법률」제74조제1항에 근거한 ‘2026년 중소기업 챌린지진단 지원사업’을 다음과 같이 공고하오니, 전문가의 진단분석을 통해 정책자금 연계 지원 및 기업경쟁력 향상을 희망하는 기업은 신청하여 주시기 바랍니다.
☞ 중소기업기본법 제2조에 의한 제조업 영위 중소기업 중 ‘25년 표준재무제표 기준 매출액 50억원 이상인 기업
☞ 재무관리, 생산관리, 품질관리, 마케팅 역량 강화 중 1개 분야에 대한 진단 서비스를 제공하고, AX진단을 연계하여 中企 복합위기 극복 및 AI 대전환에 기여",경영,중소벤처기업진흥공단,전국,중소기업,중소기업,,,,,,,컨설팅,2026-07-20,2026-08-04,,온라인 접수(중소벤처기업진흥공단),온라인 접수(중소벤처기업진흥공단),https://www.bizinfo.go.kr/sii/siia/selectSIIA200Detail.do?pblancId=PBLN_000000000124509,main,primary,2026년중소기업챌린지진단지원사업공고,중소벤처기업진흥공단,2026-07-20~2026-08-04,경영,컨설팅
biz,PBLN_000000000124508,2026년 3차 공급망안정화지원 지원사업 참여기업 모집 공고,"산업통상부와 한국소재부품장비투자기관협의회는 다음과 같이 2026년「공급망안정화 지원사업」을 3차 공고하오니 참여를 희망하는 기업은 관련 절차에 따라 신청하여 주시기 바랍니다.
☞ 해외 공급망 리스크 해소를 위해 M&A, 지분투자, 전략적 제휴 등 투자계획(내부 의사결정 완료 또는 진행 중)을 보유한 국내기업
- (자격요건) 중기업 이상 또는 상장기업(코넥스 제외) 또는 소부장 으뜸기업, 공급망 선도사업자 지정기업
☞ 해외 공급처에 대한 인수합병(M&A), 지분투자, 전략적 제휴 등 공급망 안정화를 위한 전문가 컨설팅 비용 일부 지원(기업당 최대 1.2억원)",경영,한국소재부품장비투자기관협의회,전국,중소기업,중소기업,,,,,,,컨설팅,2026-07-20,2026-08-27,,이메일 접수 (tech@kitia.or.kr),이메일 접수 (tech@kitia.or.kr),https://www.bizinfo.go.kr/sii/siia/selectSIIA200Detail.do?pblancId=PBLN_000000000124508,main,primary,2026년3차공급망안정화지원지원사업참여기업모집공고,한국소재부품장비투자기관협의회,2026-07-20~2026-08-27,경영,컨설팅
biz,PBLN_000000000124507,[울산] 2026년 울산테크노파크 기술투자촉진사업 수요기업 모집 연장 공고,"울산테크노파크에서는 지역 내 기술ㆍ제조 기업의 기술사업화촉진 및 투자유치 역량 강화를 위한 2026년 기술투자촉진사업 수요기업을 모집하오니 많은 신청 바랍니다.
☞ 본사가 울산에 소재한 기술ㆍ제조 중소기업(울산 주력산업 및 AI 관련 전후방 연관 분야)
☞ 기업당 최대 400만원 지원
- IR덱 빌드업 컨설팅(IR덱 제작, 자금조달 전략 수립, 투자 장애요인 발굴 멘토링 등)
- 교육 및 세미나 진행(VC, AC와 창업기업의 만남을 통한 기업 투자 능력 제고)",기술,울산테크노파크,울산광역시,중소기업,중소기업,,,,,,,기술사업화/이전/지도,2026-07-07,2026-07-24,,온라인 접수 (U Biz Platform 기업지원사업 관리시스템),온라인 접수 (U Biz Platform 기업지원사업 관리시스템),https://www.bizinfo.go.kr/sii/siia/selectSIIA200Detail.do?pblancId=PBLN_000000000124507,main,primary,울산2026년울산테크노파크기술투자촉진사업수요기업모집연장공고,울산테크노파크,2026-07-07~2026-07-24,기술,기술사업화/이전/지도
biz,PBLN_000000000124506,[부산] 2026년 게임콘텐츠 멀티부스팅 지원기업 추가 모집 공고,"부산정보산업진흥원은 부산 지역 게임 기업 성장을 위한 「게임콘텐츠 멀티부스팅 지원사업」을 시행하고자 합니다. 본 사업은 부산 소재 게임 기업을 대상으로 게임 개발의 완성도를 높이는 게임 고도화, 시장 출시 및 홍보를 위한 게임 상용화까지, 기업의 필요에 맞는 다양한 지원 분야를 제공합니다. 부산 지역 게임 기업 분들의 많은 관심과 참여 부탁드립니다.
☞ 사업공고일 기준, 본사 사업장 소재지가 부산광역시에 위치한 게임콘텐츠 제작 기업
- (게임 고도화) 정식 출시(공고일 기준 앞선 해보기 개시 2년 미만) 1년 미만의 게임 콘텐츠 또는 상용화 단계 직전의 완성도를 갖춘 게임콘텐츠
※ 자세한 지원대상 공고문 참조
☞ 게임 고도화 지원(콘텐츠당 13백만원 이내)
- (공통) 창업자 사업화 컨설팅, 통합 성과 관리 및 컨설팅 지원
- (게임 고도화) 게임콘텐츠 퀼업, 심층 FGT 및 QA 지원",경영,부산정보산업진흥원,부산광역시,중소기업,중소기업,,,,,,,디자인/상품화/사업화,2026-07-16,2026-07-31,,이메일 접수 (bgc@bipa.kr),이메일 접수 (bgc@bipa.kr),https://www.bizinfo.go.kr/sii/siia/selectSIIA200Detail.do?pblancId=PBLN_000000000124506,main,primary,부산2026년게임콘텐츠멀티부스팅지원기업추가모집공고,부산정보산업진흥원,2026-07-16~2026-07-31,경영,디자인/상품화/사업화
biz,PBLN_000000000124505,2026년 적층제조 산업 발전 유공자 포상 공고,"적층제조 산업발전에 기여한 유공자를 발굴하여 그 공로를 기리고자 「2026년 적층제조산업 발전 유공자 포상」계획을 다음과 같이 공고하오니, 많은 참여와 추천 바랍니다.
☞ 적층제조 관련 기업 종사자 등
- 개인(산업계, 학ㆍ연구계, 공공기관, 협ㆍ단체, 공무원), 단체(기업 및 기관)
※ 자세한 지원대상 공고문 참조
☞ 산업통상부 장관표창 지원",경영,직접수행,전국,중소기업,중소기업,,,,,,,디자인/상품화/사업화,2026-07-15,2026-08-14,,"이메일 접수 (js77@gokea.org)
※ 작성 원본 한글파일(hwpx)과 서명ㆍ날인 후 스캔파일(pdf) 모두 제출","이메일 접수 (js77@gokea.org)
※ 작성 원본 한글파일(hwpx)과 서명ㆍ날인 후 스캔파일(pdf) 모두 제출",https://www.bizinfo.go.kr/sii/siia/selectSIIA200Detail.do?pblancId=PBLN_000000000124505,main,primary,2026년적층제조산업발전유공자포상공고,직접수행,2026-07-15~2026-08-14,경영,디자인/상품화/사업화
biz,PBLN_000000000124504,[전남광주] 2026년 일본 나고야 유통망 입점 지원사업 참여기업 모집 공고,"일본 현지 온ㆍ오프라인 유통망을 연계한 시장성 검증으로 해외 진출 리스크를 최소화하고, 관내 중소기업의 전략적 판로 확보 및 실질적인 수출 증대를 도모하고자 「2026 일본 나고야 유통망 입점 지원사업」을 추진합니다. 도내 수출 유망 기업의 적극적인 참여 바랍니다.
☞ 식품, 화장품을 제조ㆍ생산ㆍ유통하는 통합특별시내 수출 초보기업
※ 전년도 직수출 실적 10만불 미만인 기업(내수기업 포함) 
☞ 1:1 온라인 수출 상담, 유통망 입점, 판촉 행사 지원",판로/수출,KOTRA광주전남지원본부,광주광역시,중소기업,중소기업,,,,,,,해외진출,2026-07-16,2026-07-31,,"온라인 접수 후 이메일 접수
- 온라인 : 전남광주 수출e음 수출정보망
- 이메일 : johanna@kotra.or.kr, jhlnsm@korea.kr
※ 자세한 신청방법 공고문 참조","온라인 접수 후 이메일 접수
- 온라인 : 전남광주 수출e음 수출정보망
- 이메일 : johanna@kotra.or.kr, jhlnsm@korea.kr
※ 자세한 신청방법 공고문 참조",https://www.bizinfo.go.kr/sii/siia/selectSIIA200Detail.do?pblancId=PBLN_000000000124504,main,primary,전남광주2026년일본나고야유통망입점지원사업참여기업모집공고,kotra광주전남지원본부,2026-07-16~2026-07-31,수출,해외진출
biz,PBLN_000000000124503,2026년 전주형 가상융합 얼라이언스 모집 공고(첨단디지털 문화콘텐츠 육성공간 지원),"덕진권역 활성화 및 AIㆍ메타버스 등 기술융합 산업 생태계 조성을 위해 수요기반의 서비스 개발을 위한 민ㆍ관 협력체계를 마련하여 전주형 가상융합 얼라이언스 그룹 활동을 지원하고자 아래와 같이 참여자를 모집하오니 많은 관심과 참여 바랍니다.
☞ 가상융합, AI 관련 기업, 유관기관ㆍ협회 등
※ 가상융합, AI관련 기술 공급ㆍ수요기업, 가상융합 플랫폼사, 지역기관, 지역기업 등 포함 총 2개사 이상 그룹 구성
- 모집분야 : 재난ㆍ안전/라이프/지역현안해결
☞ 그룹당 3,000천원 기획비 지원
※ 자세한 지원내용 공고문 참조",기술,전주정보문화산업진흥원,전북특별자치도,중소기업,중소기업,,,,,,,기술사업화/이전/지도,2026-07-16,2026-08-07,,이메일 접수 (hj333@jica.or.kr),이메일 접수 (hj333@jica.or.kr),https://www.bizinfo.go.kr/sii/siia/selectSIIA200Detail.do?pblancId=PBLN_000000000124503,main,primary,2026년전주형가상융합얼라이언스모집공고첨단디지털문화콘텐츠육성공간지원,전주정보문화산업진흥원,2026-07-16~2026-08-07,기술,기술사업화/이전/지도
biz,PBLN_000000000124502,[전북] 군산시ㆍ김제시 2026년 4차 자유무역지역 기업지원사업 통합 공고,"자유무역지역의 수출ㆍ투자 전진기지로서의 역할 강화 및 지역산업 경쟁력 제고를 위해「2026년 군산, 김제 자유무역지역 기업지원사업」4차 통합공고를 추진하오니 프로그램 참여를 희망하는 군산, 김제 자유무역지역 입주기업의 많은 참여 바랍니다.
☞ 공고일 기준 군산ㆍ김제 자유무역지역 내 사업장(본사, 공장, 연구소, 지사 등)을 보유한 기업으로써 영업활동을 하고 있는 법인 또는 개인사업자
☞ 닥터FTZ진단, 심층진단 지원
※ 자세한 지원내용 공고문 참조",경영,전북지역산업진흥원,전북특별자치도,중소기업,중소기업,,,,,,,컨설팅,상시 접수,,,"이메일 접수 (cy1996@riia.or.kr)
- 1차 닥터FTZ 및 2차 후속지원 컨설팅 상시 접수","이메일 접수 (cy1996@riia.or.kr)
- 1차 닥터FTZ 및 2차 후속지원 컨설팅 상시 접수",https://www.bizinfo.go.kr/sii/siia/selectSIIA200Detail.do?pblancId=PBLN_000000000124502,main,primary,전북군산시ㆍ김제시2026년4차자유무역지역기업지원사업통합공고,전북지역산업진흥원,상시 접수~,경영,컨설팅
biz,PBLN_000000000124501,[충북] 2026년 2차 사회연대경제 청년 일경험 시범사업 참여기업 추가모집 공고,"충청북도 내 11개 시ㆍ군과 충북기업진흥원은 청년의 경제활동 참여 및 지역경제 활성화를 위한 「2026 사회연대경제 청년 일경험 시범사업」을 추진하오니 많은 관심과 참여 바랍니다.
☞ 마을기업, 협동조합, 고용 10인 미만의 사회연대경제 관련 비영리 법인ㆍ단체
- 모집지역 : 8개 시ㆍ군별(청주, 충주, 보은, 영동, 증평, 괴산, 음성, 단양)
☞ 일경험 프로그램 운영 및 지원, 운영비, 4대보험 기업부담분(11.47%), 멘토수당 지원
※ 자세한 지원내용 공고문 참조",인력/일자리,충청북도기업진흥원,충청북도,사회적기업,"사회적기업,청년",,,,,,,국내일반인력,모집 완료시까지,,,"방문, 우편, 이메일 접수
- 접수처 : (28542) 충북 청주시 상당구 사북로 164(우민타워), 5층 충북청년희망센터 사회연대경제 청년 일경험 지원사업 담당자 앞
- 이메일 : cbabio@naver.com","방문, 우편, 이메일 접수
- 접수처 : (28542) 충북 청주시 상당구 사북로 164(우민타워), 5층 충북청년희망센터 사회연대경제 청년 일경험 지원사업 담당자 앞
- 이메일 : cbabio@naver.com",https://www.bizinfo.go.kr/sii/siia/selectSIIA200Detail.do?pblancId=PBLN_000000000124501,main,primary,충북2026년2차사회연대경제청년일경험시범사업참여기업추가모집공고,충청북도기업진흥원,모집 완료시까지~,인력,국내일반인력
biz,PBLN_000000000124500,[경북] 2026년 2차 관상어 산업 활성화 지원사업 참여기업 모집 기간 공고,"「관상어 산업 활성화 지원사업 참여기업 모집」을 다음과 같이 공고합니다.
☞ 공고일 현재 경상북도에 소재지를 두고 있는 관상어 및 연관 산업 내 예비창업자(3년이내 창업기업 포함) 및 중소기업
☞ 상품개발, 마케팅홍보, 판로개척 지원
- 상품개발 : 창업기업 육성 지원, 유망기업 육성 지원
- 마케팅 홍보 : 브랜드 개선 및 고급화, 홍보활성화 및 프로모션
- 판로개척 : 국내 전시회 참가, 국외 전시회 참가
※ 자세한 지원내용 공고문 참조",경영,환동해산업연구원,경상북도,중소기업,중소기업,,,,,,,디자인/상품화/사업화,2026-07-16,2026-07-28,,"이메일 또는 우편 접수
- 이메일 : minhi406@mire.re.kr
- 접수처 : 경상북도 환동해산업연구원 산업연구부 산업육성팀 (경상북도 울진군 죽변면 해양과학길 22, 우편번호 : 36315)","이메일 또는 우편 접수
- 이메일 : minhi406@mire.re.kr
- 접수처 : 경상북도 환동해산업연구원 산업연구부 산업육성팀 (경상북도 울진군 죽변면 해양과학길 22, 우편번호 : 36315)",https://www.bizinfo.go.kr/sii/siia/selectSIIA200Detail.do?pblancId=PBLN_000000000124500,main,primary,경북2026년2차관상어산업활성화지원사업참여기업모집기간공고,환동해산업연구원,2026-07-16~2026-07-28,경영,디자인/상품화/사업화
biz,PBLN_000000000124499,2026년 Tri Neuxs AI 딥테크 오픈이노베이션 참여기업 모집 공고,"충남창조경제혁신센터와 SK에코플랜트는 건설, 반도체 EPC, 환경ㆍ에너지 및 데이터센터 분야의 산업 혁신을 위해 AIㆍ딥테크 스타트업의 기술실증(PoC) 및 사업화 기회를 지원하고자 합니다. Industry AI, 생성형 AI(RAGㆍAI 어시스턴트), AI 보안, Wearable AI, 로봇ㆍ드론, 반도체 EPC, 반도체 친환경ㆍ자원순환, 데이터센터 및 공동주택 건설 관련 혁신기술을 보유한 유망 스타트업을 다음과 같이 모집하오니 많은 관심과 참여 바랍니다.
☞ SK에코플랜트와 기술협력 및 기술실증(PoC) 기반 사업화 협력이 가능한 업력 7년 이내 기술창업기업
☞ SK에코플랜트 사업부서 밋업 연계, 사업화(PoC)자금, 충남혁신센터 투자(TIPS, 모태펀드)검토, 수요기업 기술공모전 연계 등
※ 자세한 지원내용 공고문 참조",기술,충남창조경제혁신센터,충청남도,창업벤처,초기창업기업,,,,,,,기술사업화/이전/지도,2026-07-20,2026-08-10,,이메일 접수 (ckyshoo@ccei.kr),이메일 접수 (ckyshoo@ccei.kr),https://www.bizinfo.go.kr/sii/siia/selectSIIA200Detail.do?pblancId=PBLN_000000000124499,main,primary,2026년trineuxsai딥테크오픈이노베이션참여기업모집공고,충남창조경제혁신센터,2026-07-20~2026-08-10,기술,기술사업화/이전/지도
biz,PBLN_000000000124498,[강원] 태백시 청년 예비창업자 및 기창업자 컨설팅 참여 기업 연장 모집 공고(태백 청년 창업 지원 프로그램 운영 사업),"태백청년센터 청년 창업 추진 프로그램의 일환으로 태백 관내 예비창업자 및 기창업자 경영능력 향상을 위한 “태백 청년 예비장업자 및 기창업자 컨설팅”사업의 참여 기업을 모집하고자 하오니 태백 관내 기업 및 예비창업자들의 많은 관심과 참여를 부탁드립니다. 
☞ 태백시 거주 청년(18~49세) 대표자 업체 또는 1인 이상이 포함된 예비창업자팀
☞ 전문가 1:1 컨설팅(최대 7시간) 지원
- 인증, 마케팅, 신규사업 발굴, 국비지원사업, 아이디어 발굴 및 구체화 등",창업,강원특별자치도경제진흥원,강원특별자치도,창업벤처,"예비창업자,청년,초기창업기업",,,,,,,창업정보제공,2026-07-20,2026-07-30,,온라인 접수 (태백청년센터 홈페이지),온라인 접수 (태백청년센터 홈페이지),https://www.bizinfo.go.kr/sii/siia/selectSIIA200Detail.do?pblancId=PBLN_000000000124498,main,primary,강원태백시청년예비창업자및기창업자컨설팅참여기업연장모집공고태백청년창업지원프로그램운영사업,강원특별자치도경제진흥원,2026-07-20~2026-07-30,창업,창업정보제공
biz,PBLN_000000000124497,2026년 투자유치설명회 및 컨설팅 지원사업 공고,"지식재산 기반 중소기업 대상으로 투자유치 프로그램을 단계적으로 지원하여, 투자 환경 조성 및 기업의 투자유치 역량 강화를 위해 지원하는 「2026년 투자유치설명회 및 컨설팅 지원사업」을 다음과 같이 공고합니다. 
☞ 등록된(전용실시권 포함) 특허, 실용신안, 디자인 중 1건 이상 보유한 기업
☞ 투자유치 역량 강화 등을 위한 단계별 프로그램 지원
- IR 교육ㆍ컨설팅 : 투자유치 프로세스, IR 피칭 전략, IR 자료 작성법 등 교육, 전문 투자자(ACㆍVC)와 1대1 컨설팅 운영 및 기업 진단 지원
- 투자유치설명회(IR) : 기업 기술 분야 관련 투자자(ACㆍVC) 대상 IR 피칭 지원
- 투자 상담 및 네트워킹 : 관심 투자자와 교류의 場 마련",경영,한국발명진흥회,지식재산처,중소기업,중소기업,,,,,,,컨설팅,2026-07-15,2026-07-30,,"이메일 접수 (ip-mgt@kipa.org)
※ 이메일 신청 후 담당자에게 접수 여부 유선으로 확인 必","이메일 접수 (ip-mgt@kipa.org)
※ 이메일 신청 후 담당자에게 접수 여부 유선으로 확인 必",https://www.bizinfo.go.kr/sii/siia/selectSIIA200Detail.do?pblancId=PBLN_000000000124497,main,primary,2026년투자유치설명회및컨설팅지원사업공고,한국발명진흥회,2026-07-15~2026-07-30,경영,컨설팅
biz,PBLN_000000000124496,[강원] 2026년 제3회 여성 창업 아이디어 공모전 참여자 모집 공고,"강원특별자치도경제진흥원(강원광역여성새로일하기센터)은 강원지식재산센터와 함께 강원 지역 내 여성(예비) 창업가의 성장을 위한 「제3회 강원 여성 창업 아이디어」공모전을 다음과 같이 공고하오니 여성(예비)창업자들
의 많은 참여 바랍니다.
☞ 공고일 기준 강원 지역 거주 여성(예비)창업자
- 기 창업자 경우 창업 후 5년 이내인 자 / 예비 여성 창업자는 개인 또는 팀으로 지원 가능 / 예비 여성 창업자는 폐업 후 재창업 준비 중인 자도 포함함
※ 팀 참여일 경우 인원수의 제한은 없으나 팀 대표는 여성으로 팀원의 60% 이상이 여성이어야 함
※ 공모분야 : 제한 없음(ICTㆍSW, 제조 등 全산업)
☞ 시상금 300만원 지원
※ 자세한 지원내용 공고문 참조",창업,강원특별자치도경제진흥원,강원특별자치도,여성기업,여성,,,,,,,사업화지원,2026-07-20,2026-08-09,,온라인 접수 (구글폼),온라인 접수 (구글폼),https://www.bizinfo.go.kr/sii/siia/selectSIIA200Detail.do?pblancId=PBLN_000000000124496,main,primary,강원2026년제3회여성창업아이디어공모전참여자모집공고,강원특별자치도경제진흥원,2026-07-20~2026-08-09,창업,사업화지원
biz,PBLN_000000000124495,[경기] 2026년 하반기 국방기술진흥연구소 경기국방벤처센터 협약기업 모집 공고,"국방 기술기획ㆍ관리ㆍ평가, 방위산업육성을 통한 수출지원 업무를 수행하고 있는 국방기술진흥연구소는 경기도, 포천시, 대진대학교와 협력하여 지역 소재 중소ㆍ벤처기업의 국방시장 진출 및 육성을 위해 2026년 2월부터 경기국방벤처센터를 운영 중에 있습니다. 이에 따라 국방사업 참여를 희망하는 경기도 소재 유망 중소․벤처기업을 대상으로 경기국방벤처센터 협약기업을 다음과 같이 모집하오니 많은 관심과 참여 바랍니다.
☞ 경기도에 소재(본사, 기업부설연구소, 공장 또는 사업장)한 중소ㆍ벤처기업으로 국방 분야에 적용 가능한 기술 및 제품을 보유하고 군사업화를 준비 중이거나 희망하는 기업
☞ 군사업화 과제 발굴, 기술개발 및 시험평가 지원 등 전반적인 국방사업화 지원
- 국방기술진흥연구소 및 외부 전문기술인력을 활용한 기술지원
- 개발기술·제품에 대한 수출상담 지원 및 홍보, 전시회 참여 등 마케팅 지원  
- 정부기관 또는 연구기관에서 공모하는 개발사업 안내 및 개발신청 지원 
- 국방 관련 정보제공 등",기술,국방기술진흥연구소,경기도,중소기업,중소기업,,,,,,,기술사업화/이전/지도,2026-07-23,2026-08-03,,"이메일 접수 (ysh@krit.re.kr)
※ 현장점검 또는 대면평가 시 원본제출(필수)
※ 메일제목 및 파일명 : “경기벤처신청 기업명 제출일자”","이메일 접수 (ysh@krit.re.kr)
※ 현장점검 또는 대면평가 시 원본제출(필수)
※ 메일제목 및 파일명 : “경기벤처신청 기업명 제출일자”",https://www.bizinfo.go.kr/sii/siia/selectSIIA200Detail.do?pblancId=PBLN_000000000124495,main,primary,경기2026년하반기국방기술진흥연구소경기국방벤처센터협약기업모집공고,국방기술진흥연구소,2026-07-23~2026-08-03,기술,기술사업화/이전/지도
biz,PBLN_000000000124494,[인천] 제30차 세계한인경제인대회 참가 지원사업 모집 공고,"인천광역시 식품산업육성지원센터는 관내 식품 제조ㆍ가공업소를 대상으로 중소기업의 해외시장 진출 확대를 위한 「제30차 세계한인경제인대회」 참가 지원사업을 추진하고자 신청업소를 아래와 같이 모집하오니 많은 참여 바랍니다.
☞ 전년도 수출실적 2천만불 이하 식품제조ㆍ가공업소
☞ 부스임차비 및 장치비, 편도운송비, 통역, 바이어 매칭 및 상담, 항공료ㆍ숙박비 사후지원(업소당 1,500천원 범위 내)",판로/수출,인천광역시 식품산업육성지원센터,인천광역시,중소기업,중소기업,,,,,,,해외진출,2026-07-16,2026-07-28,,"이메일 접수 (min@ifdsc.or.kr)
※ 접수 후 유선 확인 必","이메일 접수 (min@ifdsc.or.kr)
※ 접수 후 유선 확인 必",https://www.bizinfo.go.kr/sii/siia/selectSIIA200Detail.do?pblancId=PBLN_000000000124494,main,primary,인천제30차세계한인경제인대회참가지원사업모집공고,인천광역시식품산업육성지원센터,2026-07-16~2026-07-28,수출,해외진출
biz,PBLN_000000000124493,[경북] 포항시 지역 SW아웃소싱 개발기업 지원사업 참여기업 모집 재공고,"포항테크노파크는 포항시와 함께 아웃소싱을 통한 효과적인 SW개발 문화 확산과 지역 내 자생적 디지털 생태계 구축을 위한 「지역 SW아웃소싱 개발기업 지원사업」을 아래와 같이 공고하오니, 포항지역 내 기업의 많은 신청을 바랍니다.
☞ SW개발이 필요한 관내(포항시 소재) 수요기업 및 공급기업
- 수요기업 : SW개발이 필요한 기업(全산업분야)
- 공급기업 : SW를 공급할 기업(SW사업자 등록기업)
☞ 수요기업의 아웃소싱 SW개발비가 40,000천원 이상일 경우 사업비 지원 예정",기술,포항테크노파크,경상북도,중소기업,중소기업,,,,,,,기술사업화/이전/지도,2026-07-17,2026-08-14,,"온라인 접수(포항테크노파크)
※ 오류 발생 시 이메일 제출
- 수요기업 : 2026.7.17. ~ 2026.7.31.
- 공급기업 : 2026.8.3. ~ 2026.8.14.","온라인 접수(포항테크노파크)
※ 오류 발생 시 이메일 제출
- 수요기업 : 2026.7.17. ~ 2026.7.31.
- 공급기업 : 2026.8.3. ~ 2026.8.14.",https://www.bizinfo.go.kr/sii/siia/selectSIIA200Detail.do?pblancId=PBLN_000000000124493,main,primary,경북포항시지역sw아웃소싱개발기업지원사업참여기업모집재공고,포항테크노파크,2026-07-17~2026-08-14,기술,기술사업화/이전/지도
biz,PBLN_000000000124492,2026년 충북 3차 K-바이오헬스 지역ㆍ전략센터 연계ㆍ협력 지원사업 참여기업 모집 공고,"지역 간 바이오헬스 클러스터 인프라 활용 및 시장진출 지원을 통해 바이오헬스 기업의 성장을 지원하는「K-바이오헬스 지역ㆍ전략센터 연계ㆍ협력 지원사업」의 참여기업을 다음과 같이 모집 공고합니다.
☞ 충북도 내외 바이오헬스 기업
- (인프라 지원) 충청북도 내 본사, 공장, 지사, 또는 연구소가 소재한 바이오헬스분야 중소ㆍ벤처기업
- (전시관 참여) 충북 외 K-바이오헬스 지역센터(원주, 대전, 전북, 전남, 김해)에 소재한 바이오헬스분야 중소ㆍ벤처기업
☞ 기업의 기술사업화 가속화를 위한 타 권역 인프라 활용 지원 및「2026 오송화장품뷰티엑스포」공동전시관 참여 지원
- 인프라 지원 : 기업의 인허가, 비임상, 임상 준비, 시제품 고도화 등을 위한 타 권역 인프라 활용 지원
- 「2026 오송화장품뷰티엑스포」 공동전시관 참여 : 전시관 내 기업 제품 및 기술홍보를 위한 공동관 참여 지원",기술,충북바이오산학융합원,충청북도,중소기업,중소기업,,,,,,,기술사업화/이전/지도,2026-07-16,2026-07-27,,"우편, 이메일 접수
- 접수처 : (28160) 충북 청주시 흥덕구 오송읍 오송생명1로 194-25, 408호 (K-바이오헬스 지역센터)
- 이메일 : jiho@cbio.or.kr
※ 우편(원본) 및 이메일(사본) 둘 다 제출","우편, 이메일 접수
- 접수처 : (28160) 충북 청주시 흥덕구 오송읍 오송생명1로 194-25, 408호 (K-바이오헬스 지역센터)
- 이메일 : jiho@cbio.or.kr
※ 우편(원본) 및 이메일(사본) 둘 다 제출",https://www.bizinfo.go.kr/sii/siia/selectSIIA200Detail.do?pblancId=PBLN_000000000124492,main,primary,2026년충북3차k바이오헬스지역ㆍ전략센터연계ㆍ협력지원사업참여기업모집공고,충북바이오산학융합원,2026-07-16~2026-07-27,기술,기술사업화/이전/지도
biz,PBLN_000000000124491,[경남] 2026년 베트남 AI 및 첨단테크 전시회 참가 지원사업(AW베트남 2026) 참여업체 모집 연장 공고,"경상남도는 도내 소재 제조혁신 분야 중소기업 대상 「베트남 AI 및 첨단테크 전시회 참가 지원사업(AW(Automation World)베트남 2026)」을 시행하오니 관심 있는 업체의 많은 참여 바랍니다.
☞ 도내 소재(본사 또는 공장) 제조혁신 관련 분야 중소기업
- 품목 : 스마트 공장 자동화, 스마트 비전, 스마트 로봇 및 모빌리티, 스마트 물류, 전자 제조 및 스마트 부품
※ 자세한 지원대상 공고문 참조
☞ 해외 전시회 참가비 지원
- 참가비 : 프리미엄 부스비, 면적 및 장치비 포함
- 비즈매칭 : 바이어 사전매칭(기업당 최소 4건 보장)
- 통역비 : 베트남어-한국어 통역 업무전담(50% 지원)
- 편도 항공료 : 1社 1人 편도, 이코노미급, 최대 35만원 지원",판로/수출,경남투자경제진흥원,경상남도,중소기업,중소기업,,,,,,,해외진출,2026-07-20,2026-07-31,,온라인 접수 (경상남도 해외마케팅 사업지원시스템),온라인 접수 (경상남도 해외마케팅 사업지원시스템),https://www.bizinfo.go.kr/sii/siia/selectSIIA200Detail.do?pblancId=PBLN_000000000124491,main,primary,경남2026년베트남ai및첨단테크전시회참가지원사업aw베트남2026참여업체모집연장공고,경남투자경제진흥원,2026-07-20~2026-07-31,수출,해외진출
biz,PBLN_000000000124490,[충남] 2026년 중국 난닝 아세안 박람회 참가기업 모집 공고,"충청남도는 도내 기업의 중국 시장 판로개척과 수출 촉진을 위해 “2026년 중국 난닝 아세안 박람회’에 충남관을 구성 운영코자 합니다. 중국 시장 진출에 관심 있는 도내 기업의 많은 신청 바랍니다.
☞ 도내 본사 또는 공장이 소재한 중소기업
- (참가품목) 종합 소비재
☞ 행사장 임차료, 전시 디자인 설치비, 통역비 지원",판로/수출,직접수행,충청남도,중소기업,중소기업,,,,,,,해외진출,2026-07-16,2026-07-31,,온라인 접수 (충청남도온라인 수출지원시스템),온라인 접수 (충청남도온라인 수출지원시스템),https://www.bizinfo.go.kr/sii/siia/selectSIIA200Detail.do?pblancId=PBLN_000000000124490,main,primary,충남2026년중국난닝아세안박람회참가기업모집공고,직접수행,2026-07-16~2026-07-31,수출,해외진출
biz,PBLN_000000000124489,[경북] 경주시 2026년 AI라이브커머스 지원기업 추가모집 공고(온라인 플랫폼 판로지원),"경주시와 (재)경상북도경제진흥원은 경주시 소재 소상공인 및 중소기업의 디지털 전환 및 온라인 시장 경쟁력 강화 지원을 위해 아래와 같이 「AI라이브커머스 지원사업」을 추진하오니 희망하시는 기업은 기한 내 신청하여 주시기 바랍니다.
☞ 경주시 소재 중ㆍ소상공인 중 라이브커머스 및 온라인 판로 확대를 희망하는 통신판매업신고증 보유 기업
☞ AI 쇼호스트 활용 라이브커머스 방송 제작 및 판매 지원
※ 1개사 기준 5회, 총 100시간 정도 방송 지원",판로/수출,경상북도경제진흥원,경상북도,중소기업,중소기업,,,,,,,온라인,2026-07-20,2026-07-31,,이메일 접수 (pjh@gepa.kr),이메일 접수 (pjh@gepa.kr),https://www.bizinfo.go.kr/sii/siia/selectSIIA200Detail.do?pblancId=PBLN_000000000124489,main,primary,경북경주시2026년ai라이브커머스지원기업추가모집공고온라인플랫폼판로지원,경상북도경제진흥원,2026-07-20~2026-07-31,내수,온라인
biz,PBLN_000000000124488,[부산] 2026년 지역기업 성장사다리 지원사업 국내전시회 참가지원 참여기업 모집 공고,"2026년 중소벤처기업부와 부산시가 지원하는 지역기업 성장사다리 지원사업 수행자로 지정된 부산테크노파크에서 국내전시회 참가지원 프로그램을 안내하오니, 참여를 희망하는 중소기업의 많은 신청바랍니다. 
☞ ’26년 성장사다리 지원사업 수혜기업 및 인증유효기업
☞ 국내전시회 참가지원
※ 자세한 지원내용 공고문 참조",판로/수출,부산테크노파크,부산광역시,중소기업,중소기업,,,,,,,오프라인,2026-07-20,2026-07-31,,온라인 접수 (기업지원사업 관리시스템),온라인 접수 (기업지원사업 관리시스템),https://www.bizinfo.go.kr/sii/siia/selectSIIA200Detail.do?pblancId=PBLN_000000000124488,main,primary,부산2026년지역기업성장사다리지원사업국내전시회참가지원참여기업모집공고,부산테크노파크,2026-07-20~2026-07-31,내수,오프라인
biz,PBLN_000000000124487,[경북] 상주시 2026년 하반기 중소기업 맞춤형 인재양성 지원사업 참여기업 모집 공고,"상주시 기업의 안정적인 인력 확보와 디지털 핵심인재 양성을 지원하기 위해 상주시와 (재)경북테크노파크에서 「상주시 중소기업 맞춤형 인재양성 지원사업」의 하반기 참여기업 모집을 다음과 같이 공고하오니 지역 기업의 많은 신청 바랍니다.
☞ 경상북도 상주시에 소재한 제조 중견ㆍ중소기업
- 2025년 기준 매출액 5억원 이상의 기업
- 공고일 기준 4대 보험 가입 근로자 5인 이상 고용 중 인 기업
※ 자세한 지원대상 공고문 참조
☞ 기업의 가치를 창출하고 성과를 극대화할 수 있는 핵심인재를 위한 다양한 프로그램을 이수할 수 있는 교육 바우처 지원 (기업당 최대 1,000만원 이내)
- 지원프로그램 : DX 역량강화 교육, 기술인력 양성교육 등 지원
※ 자세한 지원내용 공고문 참조",인력/일자리,경북테크노파크,경상북도,중소기업,중소기업,,,,,,,교육/훈련/연수,2026-07-20,2026-08-07,,온라인 접수 (경북테크노파크),온라인 접수 (경북테크노파크),https://www.bizinfo.go.kr/sii/siia/selectSIIA200Detail.do?pblancId=PBLN_000000000124487,main,primary,경북상주시2026년하반기중소기업맞춤형인재양성지원사업참여기업모집공고,경북테크노파크,2026-07-20~2026-08-07,인력,교육/훈련/연수
biz,PBLN_000000000124486,[충북] 2026년 중소기업육성자금 융자(이차보전) 지원계획 변경 공고,"충청북도 공고 제2025-1914호(2025.12.30.)「2026년도 충청북도 중소기업육성자금 융자(이차보전) 지원계획 공고」와 관련, 지원규모, 접수일정, 금리지원 항목이 변경되어 다음과 같이 변경 공고합니다.
☞ 충청북도에 사업장을 둔「중소기업기본법」의 적용을 받는 중소기업
※ 자세한 지원대상 공고문 참조
☞ 은행협약자금, 중소기업 육성기금 지원
- 은행협약자금 : 창업 및 경쟁력강화 자금, 경영안정지원자금, 고용창출기업특별지원자금, 영세기업 일자리안정 특별자금
- 중소기업육성기금 : 가족친화기업특별자금, 소기업특별지원자금, 벤처ㆍ지식산업지원자금, 청년창업지원자금, 디지털 저탄소전환촉진자금, 특별경영안정지원자금
※ 자세한 지원내용 공고문 참조",자금,충청북도기업진흥원,충청북도,중소기업,중소기업,,,,,,,융자,예산 소진시까지,,,"온라인, 방문 및 우편 접수
- 온라인 : e-기업사랑센터
- 접수처 : 우 28399 / 충북 청주시 흥덕구 풍산로 50 충청북도기업진흥원(2층 기업지원부)
※ 자세한 신청방법 공고문 참조","온라인, 방문 및 우편 접수
- 온라인 : e-기업사랑센터
- 접수처 : 우 28399 / 충북 청주시 흥덕구 풍산로 50 충청북도기업진흥원(2층 기업지원부)
※ 자세한 신청방법 공고문 참조",https://www.bizinfo.go.kr/sii/siia/selectSIIA200Detail.do?pblancId=PBLN_000000000124486,main,primary,충북2026년중소기업육성자금융자이차보전지원계획변경공고,충청북도기업진흥원,예산 소진시까지~,금융,융자
biz,PBLN_000000000124485,[경북] 2026년 2차 미래자동차 사업재편 혁신성장 지원사업 지원기업 및 컨설팅 기업 모집 연장 공고,"미래자동차 사업재편 혁신성장 지원을 통해 내연기관 자동차 부품기업에서 미래차 부품 기업으로 전환이 필요한 기업 및 컨설팅 기업을 모집 하고자 하오니 관심과 많은 참여 바랍니다.
☞ 경북 지역에 본사 또는 공장이 있는(자동차부품 기업 또는 미래형자동차 분야 진출 기업)
- 중소기업: 중소기업기본법 제2조의 제1항 및 같은 법 시행령 제3조(중소 기업 범위)에 따른 기업
- 중견기업: 중견기업 성장촉진 및 경쟁력 강화에 관한 특별법 제2조 1호 의 기업 
※ 법인사업자만 신청가능
☞ 미래차 전환 컨설팅 지원(사업재편 타당성 분석 및 아이템발굴)",경영,경북테크노파크,경상북도,중소기업,중소기업,,,,,,,디자인/상품화/사업화,2026-07-16,2026-07-31,,온라인 접수(경북테크노파크),온라인 접수(경북테크노파크),https://www.bizinfo.go.kr/sii/siia/selectSIIA200Detail.do?pblancId=PBLN_000000000124485,main,primary,경북2026년2차미래자동차사업재편혁신성장지원사업지원기업및컨설팅기업모집연장공고,경북테크노파크,2026-07-16~2026-07-31,경영,디자인/상품화/사업화
biz,PBLN_000000000124484,2026년 베트남 복합형 거점 물류센터(DC) 지원사업 이용업체 수시 모집 공고,"수출 물류 전 과정에서 필요한 다양한 기능을 효율적으로 지원하기 위한 전략적 물류 거점 운영을 통해 해외시장 진출 및 수출확대를 지원해드리는 사업입니다.
☞ 한국 농림축산식품 수출업체
☞ 품목 특성에 따라 물류 서비스 이용료의 50 ~ 90%까지 지원
- 업체당 최소 5백만원 ~ 최대 50백만원 배정
※ 자세한 지원내용 공고문 참조",판로/수출,한국농수산식품유통공사,전국,중소기업,중소기업,,,,,,,해외진출,수시 접수,,,온라인 접수 (aT수출종합지원시스템),온라인 접수 (aT수출종합지원시스템),https://www.bizinfo.go.kr/sii/siia/selectSIIA200Detail.do?pblancId=PBLN_000000000124484,main,primary,2026년베트남복합형거점물류센터dc지원사업이용업체수시모집공고,한국농수산식품유통공사,수시 접수~,수출,해외진출
biz,PBLN_000000000124481,2026년 K-EXPO MEXICO K-뷰티 팝업 스토어 참여기업 모집 공고,"국내 K-뷰티 분야 중소벤처기업의 멕시코 시장 진출 지원을 위한「K-EXPO MEXICO K-뷰티 팝업 스토어」참가를 다음과 같이 안내하오니, 관심 있는 기업들의 많은 참여 부탁드립니다. 
☞ K-뷰티 분야 영위 멕시코 수출(예정) 중소벤처기업
- 분야 : 스킨케어, 헤어케어, 바디케어, 더마ㆍ클린뷰티, 이너뷰티, 디바이스 등
※ 자세한 지원대상 공고문 참조
☞ K-EXPO B2C 체험전시 통합관 팝업 스토어, 인플루언서 마케팅 등 지원",판로/수출,중소벤처기업진흥공단,전국,중소기업,중소기업,,,,,,,해외진출,2026-07-17,2026-07-31,,이메일 접수 (mexico_gbc@kosmes.or.kr),이메일 접수 (mexico_gbc@kosmes.or.kr),https://www.bizinfo.go.kr/sii/siia/selectSIIA200Detail.do?pblancId=PBLN_000000000124481,main,primary,2026년kexpomexicok뷰티팝업스토어참여기업모집공고,중소벤처기업진흥공단,2026-07-17~2026-07-31,수출,해외진출
biz,PBLN_000000000124480,[충북] 2026년 3차 예비수소전문기업 지원사업 수혜기업 모집 공고,"기후에너지환경부, 한국수소연합, 충청북도가 지원하고 충북테크노파크에서 수행하고 있는 「2026년 예비수소전문기업 지원사업」에서는 충북지역 수소경제활성화 및 수소산업 경쟁력 강화를 위하여 예비수소전문기업을 모집하오니 많은 관심과 참여 바랍니다.
☞ 도내 본사 또는 사업장(공장, 연구소 등)을 보유한 수소산업 분야 관련 기업 
- 수소산업 분야 관련 지식재산권 또는 매출실적을 보유하고 있는 중소ㆍ중견기업으로 수소전문기업이 아닌 기업
☞ 기술사업화 지원프로그램, 판로개척 및 컨설팅 지원프로그램 지원
- 기업 당 최대 47,250천원 이내
※ 자세한 지원내용 공고문 참조",기술,충북테크노파크,충청북도,중소기업,중소기업,,,,,,,기술사업화/이전/지도,2026-07-20,2026-07-31,,"온라인ㆍ오프라인 접수(병행)
- 온라인 : 충북테크노파크 컨택센터
- 접수처 : (28116) 충북 진천군 문백면 농다리로 204 (재)충북테크노파크
※ 오프라인 제출서류 : 온라인 접수 이후, 접수(제출) 서류 원본 각 1부, 사본 각 1부 제출","온라인ㆍ오프라인 접수(병행)
- 온라인 : 충북테크노파크 컨택센터
- 접수처 : (28116) 충북 진천군 문백면 농다리로 204 (재)충북테크노파크
※ 오프라인 제출서류 : 온라인 접수 이후, 접수(제출) 서류 원본 각 1부, 사본 각 1부 제출",https://www.bizinfo.go.kr/sii/siia/selectSIIA200Detail.do?pblancId=PBLN_000000000124480,main,primary,충북2026년3차예비수소전문기업지원사업수혜기업모집공고,충북테크노파크,2026-07-20~2026-07-31,기술,기술사업화/이전/지도
biz,PBLN_000000000124478,2026년 농업ㆍ농촌형 예비사회적기업 모집 공고,"「2026년 사회적기업 인증 업무지침(고용노동부)」 및 「농업ㆍ농촌형 예비사회적기업 운영지침」에 따라 2026년도 농업ㆍ농촌형 예비사회적기업 지정 계획을 다음과 같이 공고합니다.
☞ 사회적 목적의 실현을 조직의 주된 목적으로 하는「사회적기업 육성법」제8조에 따른 조직형태를 갖춘 기업
※ 자세한 조직형태 공고문 참조
☞ 3년간 농업ㆍ농촌형 예비사회적기업 지정 및 지정서 발급",인력/일자리,한국사회적기업진흥원,전국,사회적기업,사회적기업,,,,,,,제도,2026-07-20,2026-08-07,,"온라인 접수 (통합사업관리시스템)
※ 모든 제출서류는 서식별로 PDF파일로 저장ㆍ압축하여 통합정보시스템에 등록","온라인 접수 (통합사업관리시스템)
※ 모든 제출서류는 서식별로 PDF파일로 저장ㆍ압축하여 통합정보시스템에 등록",https://www.bizinfo.go.kr/sii/siia/selectSIIA200Detail.do?pblancId=PBLN_000000000124478,main,primary,2026년농업ㆍ농촌형예비사회적기업모집공고,한국사회적기업진흥원,2026-07-20~2026-08-07,기타,제도
biz,PBLN_000000000124477,[경북] 포항시 지역 수출 기업 시장 판로 개척 지원을 위한 Business meeting ASIA 2026 in New Delhi 참가기업 모집 공고,"포항테크노파크는 지역 수출 기업 시장의 판로 개척과 해외 바이어와의 네트워크 구축을 지원하고자 「Business meeting ASIA 2026 in New Delhi」상담회에 참가할 기업을 모집하오니, 참여를 희망하는 기업은 안내된 절차에 따라 신청하여 주시기 바랍니다.
☞ 「Business Meeting ASIA 2026 in New Delhi」에 참가를 희망하는 기업으로 기술/제품 개발이 완료되고 홍보자료가 확보된 기업 중 포항시 유망강소기업 또는 일반기업
- 포항시 유망강소기업 : 2015년~2026년 포항시 유망강소기업
- 일반기업 : 포항시 내 본사 또는 공장을 보유한 중소기업
- 참가업종 : 제조업 및 기술기반 산업 분야 전반
☞ 인도 현지 바이어 발굴 및 매칭, 상담회 전담 통역원, 행사기간 중 일부 식사 및 차량 제공, 각종 예약 대행(항공, 숙박 등) 지원
- 1개 사당 최대 9,500,000원 지원",판로/수출,포항테크노파크,경상북도,중소기업,중소기업,,,,,,,시장개척,2026-07-16,2026-07-24,,온라인 접수 (포항테크노파크),온라인 접수 (포항테크노파크),https://www.bizinfo.go.kr/sii/siia/selectSIIA200Detail.do?pblancId=PBLN_000000000124477,main,primary,경북포항시지역수출기업시장판로개척지원을위한businessmeetingasia2026innewdelhi참가기업모집공고,포항테크노파크,2026-07-16~2026-07-24,수출,시장개척
biz,PBLN_000000000124476,[전남광주] 곡성군 2026년 3차 지방소멸 대응을 위한 곡성 특산자원 전후방 연관산업 활성화 지원사업 수혜기업 모집 공고(시군구연고산업육성 협업프로젝트),"2026년도 중소벤처기업부와 전라남도 및 곡성군과 지원하는 시군구연고산업육성 협업프로젝트 수행자로 선정된 주관기관별 지원 프로그램을 안내하오니, 해당 프로그램 참여를 희망하는 곡성군 지역 중소기업의 많은 신청 바랍니다.
☞ 곡성군 소재 중소기업(본사, 공장 또는 기업부설연구소 등 1개 이상)으로 특산자원 전ㆍ후방 연관 제품(기술)의 사업화를 추진ㆍ준비 중인 기업
☞ 사업화 지원(판로지원(상생협력TV홈쇼핑판매지원))
- TV홈쇼핑 방송 지원, 홍보 콘텐츠 제작 지원, 라이브커머스 지원",판로/수출,전남테크노파크,광주광역시,중소기업,중소기업,,,,,,,온라인,2026-07-16,2026-07-24,,온라인 접수 (기업지원사업 관리시스템),온라인 접수 (기업지원사업 관리시스템),https://www.bizinfo.go.kr/sii/siia/selectSIIA200Detail.do?pblancId=PBLN_000000000124476,main,primary,전남광주곡성군2026년3차지방소멸대응을위한곡성특산자원전후방연관산업활성화지원사업수혜기업모집공고시군구연고산업육성협업프로젝트,전남테크노파크,2026-07-16~2026-07-24,내수,온라인
biz,PBLN_000000000124475,[세종] 2026년 지역기업 성장사다리 지원사업 연계 성장브릿지(정부과제 기획지원)사업 공고,"2026년 중소벤처기업부와 세종특별자치시가 지원하는 지역기업 성장사다리 지원사업 수행자로 지정된 세종테크노파크에서 정부과제 기획지원 프로그램을 안내하오니, 참여를 희망하는 세종 지역 중소기업의 많은 신청 바랍니다.
☞ 올해 정부과제에 신청계획이 있는 세종시에 본사를 둔 지역 주력산업 영위 중소기업
※ 자세한 지원대상 공고문 참조
☞ 정부과제 기획지원(기업당 정부지원금 10백만원 이내)",경영,세종테크노파크,세종특별자치시,중소기업,중소기업,,,,,,,디자인/상품화/사업화,2026-07-20,2026-07-30,,온라인 접수 (RMS 기업지원사업 관리시스템),온라인 접수 (RMS 기업지원사업 관리시스템),https://www.bizinfo.go.kr/sii/siia/selectSIIA200Detail.do?pblancId=PBLN_000000000124475,main,primary,세종2026년지역기업성장사다리지원사업연계성장브릿지정부과제기획지원사업공고,세종테크노파크,2026-07-20~2026-07-30,경영,디자인/상품화/사업화
biz,PBLN_000000000124474,[전북] 2026년 2차 전북콘텐츠코리아랩 콘텐츠 제작지원사업 추가모집 연장 공고,"우리원에서는 역량 있는 창ㆍ제작자 발굴 및 성장지원을 위해 “2026 전북콘텐츠코리아랩 창ㆍ제작자 시제품 제작지원사업” 2차 추가 모집 연장을 다음과 같이 공고하오니 많은 관심과 참여 바랍니다.
☞ 콘텐츠 분야 예비 창ㆍ제작자
- 분야 : 웹툰, 캐릭터, 영상, 게임, 애니메이션, 실감콘텐츠, 지식정보 
☞ 콘텐츠 시제품 제작 및 사업화에 필요한 직접비 지원 등
- 시제품 제작지원비 12백만원, 우수과제 추가, 전문가 멘토링, 인프라 지원
※ 자세한 지원내용 공고문 참조",창업,전북특별자치도콘텐츠융합진흥원,전북특별자치도,창업벤처,초기창업기업,,,,,,,사업화지원,2026-07-14,2026-07-28,,온라인 접수 (e나라도움),온라인 접수 (e나라도움),https://www.bizinfo.go.kr/sii/siia/selectSIIA200Detail.do?pblancId=PBLN_000000000124474,main,primary,전북2026년2차전북콘텐츠코리아랩콘텐츠제작지원사업추가모집연장공고,전북특별자치도콘텐츠융합진흥원,2026-07-14~2026-07-28,창업,사업화지원
biz,PBLN_000000000124473,2026년 2차 온라인수출 중소기업 물류 지원 사업 참여기업 모집 공고,"중소기업 온라인수출 특화 물류 지원을 통해 물류비 절감, 배송 최적화 등 수출물류 부담을 완화하고 수출 경쟁력을 제고하는 2026년 온라인수출 중소기업 물류 지원 사업의 참여기업을 다음과 같이 모집합니다.
☞ 「중소기업기본법 제2조 및 같은 법 시행령 제3조」에 따른 중소기업
※ 자세한 지원대상 공고문 참조
☞ 풀필먼트 서비스, 해외물류센터 활용 지원
※ 자세한 지원내용 공고문 참조",판로/수출,중소벤처기업진흥공단,전국,중소기업,중소기업,,,,,,,해외진출,2026-07-16,2026-09-16,,온라인 접수 (고비즈코리아),온라인 접수 (고비즈코리아),https://www.bizinfo.go.kr/sii/siia/selectSIIA200Detail.do?pblancId=PBLN_000000000124473,main,primary,2026년2차온라인수출중소기업물류지원사업참여기업모집공고,중소벤처기업진흥공단,2026-07-16~2026-09-16,수출,해외진출
biz,PBLN_000000000124472,2026년 하반기 경기 레벨업 프로그램 지원기업 통합 모집 공고,"경기도와 경기콘텐츠진흥원은 경기도내 콘텐츠 초기단계의 스타트업을 지원하여 지속가능한 창업 생태계를 조성하고자 민간 전문 투자사와 펀드를 조성하고, 기업의 단계별 성장지원을 돕는 「2026년 경기 레벨업 프로그램」의 지원기업을 모집합니다.
☞ 공고 마감일 기준 경기도 소재(본사, 지사) 또는 이전 예정 기업(협약 후 1개월 이내 도내 사업장 이전 필수)
- 콘텐츠 분야 : 문화산업, 디지털콘텐츠, 기술융합콘텐츠, 콘텐츠 IP 비즈니스 등
- 레벨업 시드 : 기업가치 50억원 이하, 매출액 20억원 이하, 창업 7년 이내
- 레벨업 프리A : 투자 텀시트 받은 경험이 있거나 추가 브릿지 투자유치 희망, 또는 기업 가치 50억원 내외 기업 
☞ 도내 콘텐츠 기업 투자유치 기회활성화(멘토링, 교육, 컨설팅, 기업피칭, 네트워킹 등) 지원
※ 단계별 지원내용이 상이하므로 자세한 지원내용 공고문 참조",창업,경기콘텐츠진흥원,경기도,창업벤처,초기창업기업,,,,,,,사업화지원,2026-07-16,2026-08-10,,"온라인 접수(구글폼)
※ 아래 3가지 신청을 모두 완료시 접수 완료
① 구글폼 작성 (https://forms.gle/h8ugDFn3fGCUn8Di8)
②사전진단인증 (https://gcon-startup.com/startup/intro/)
③이메일 서류제출
- 레벨업 시드 levelup.gca1@gmail.com
- 레벨업 프리A levelup.gca5@gmail.com
※ 자세한 신청방법 공고문 참조","온라인 접수(구글폼)
※ 아래 3가지 신청을 모두 완료시 접수 완료
① 구글폼 작성 (https://forms.gle/h8ugDFn3fGCUn8Di8)
②사전진단인증 (https://gcon-startup.com/startup/intro/)
③이메일 서류제출
- 레벨업 시드 levelup.gca1@gmail.com
- 레벨업 프리A levelup.gca5@gmail.com
※ 자세한 신청방법 공고문 참조",https://www.bizinfo.go.kr/sii/siia/selectSIIA200Detail.do?pblancId=PBLN_000000000124472,main,primary,2026년하반기경기레벨업프로그램지원기업통합모집공고,경기콘텐츠진흥원,2026-07-16~2026-08-10,창업,사업화지원
biz,PBLN_000000000124471,[경기] 2026년 생애 최초 경영안정화 교육지원 모집 공고(경기도 중장년 최초 창업 지원),"경기도와 경기도시장상권진흥원에서는 실습중심 창업 교육ㆍ컨설팅ㆍ창업자금ㆍ이자비 지원 등을 지원하는 [경기도 중장년 최초 창업 지원] 「2026년 생애 최초 경영안정화 교육지원」 사업 모집공고를 아래와 같이 진행하오니 만40세 이상 중장년층 예비창업자의 많은 관심과 참여 바랍니다. 
☞ 공고일(’26.5.22.) 기준 경기도 거주, 도내 창업을 희망하는 만 40세 이상인 자
- (예비창업자) 국세청(세무서) 사업자등록(법인ㆍ일반ㆍ간이 등) 등록 이력이 없는 자
※ 예외: 무매출 사업자, 임대사업자, 공고일 기준 최초 사업개시일 이전 사업자, 비영리단체 대표
※ 자세한 지원대상 공고문 참조
☞ 창업 교육(4회), 컨설팅(최대 5회), (창업자금)사업화지원(최대 1천만원 이내), 홍보마케팅, 창업자금 이자비 지원(최대 1백만원)
※ 자세한 지원내용 공고문 참조",창업,경기도시장상권진흥원,경기도,창업벤처,초기창업기업,,,,,,,예비창업자지원,모집 완료시,,,온라인 접수 (경기바로),온라인 접수 (경기바로),https://www.bizinfo.go.kr/sii/siia/selectSIIA200Detail.do?pblancId=PBLN_000000000124471,main,primary,경기2026년생애최초경영안정화교육지원모집공고경기도중장년최초창업지원,경기도시장상권진흥원,모집 완료시~,창업,예비창업자지원
biz,PBLN_000000000124470,[전북] 2026년 기후테크 특화 오픈이노베이션 참여기업 추가모집 연장 공고(기후테크 창업기업 성장지원사업)(유형1 추가),"전북특별자치도 내 기후테크 산업 활성화 및 기업의 신성장 동력 확보를 위하여, 기후테크 창업기업과 앵커기업 간 협업을 통한 기술 실증(PoC) 및 사업화 연계를 지원하는 「2026 기후테크 특화 오픈이노베이션」참여기업을 다음과 같이 추가모집하오니 역량 있는 기업의 많은 참여 바랍니다.
☞ 신청 마감일 기준 아래의 자격을 모두 갖추어야 함(유형1 : 창업기업, 유형2 : 창업기업+앵커기업) 
- 창업기업 : 공고일 기준 창업 7년 이내 기후테크 분야 기술ㆍ제품ㆍ서비스를 보유한 기업, 전북특별자치도 내 사업장(본사, 지사, 연구소, 공장 등)을 보유하거나 협약 후 3개월 이내 전북특별자치도 내 사업장(본사, 지사, 연구소, 공장 등) 설립이 가능한 기업
- 앵커기업 : 공고일 현재 전북특별자치도 소재 중소ㆍ중견ㆍ대기업, 프로그램 진행 시 창업기업과 협업 가능한 전담인력 1명 이상 보유, 전북특별자치도 내 기술 실증이 가능한 공간ㆍ설비ㆍ인프라를 보유한 기업
※ 신산업 창업 분야 해당 시 창업 10년 이내까지 가능
☞ 기술 실증(PoC) 지원, 전시 및 홍보 지원, 투자 및 후속연계 지원
※ 자세한 지원내용 공고문 참조",기술,전북테크노파크,전북특별자치도,중소기업,"중소기업,초기창업기업",,,,,,,시험/인증,2026-07-16,2026-08-05,,"이메일 접수(hsyoo@jbtp.or.kr)
※ 제출 후 접수 확인 필수(063-219-2128)","이메일 접수(hsyoo@jbtp.or.kr)
※ 제출 후 접수 확인 필수(063-219-2128)",https://www.bizinfo.go.kr/sii/siia/selectSIIA200Detail.do?pblancId=PBLN_000000000124470,main,primary,전북2026년기후테크특화오픈이노베이션참여기업추가모집연장공고기후테크창업기업성장지원사업유형1추가,전북테크노파크,2026-07-16~2026-08-05,기술,시험/인증
biz,PBLN_000000000124469,2026년 하반기 경기도 AI 혁신클러스터 AI 멤버십 기업 모집 공고,"경기도와 경기도경제과학진흥원은 도내 인공지능 기반 산업 생태계 구축을 위해 경기도 AI혁신클러스터를 조성하고 있습니다. AI혁신클러스터 공간과 다양한 AI 역량 강화 프로그램을 지원받을 수 있는 ""경기도 AI멤버십 기업""을 아래와 같이 모집하오니 많은 관심과 신청 바랍니다.
☞ AI 관련 기술 및 서비스 보유 기업 (기업규모, 소재지 무관)
☞ 공유 업무 공간 지원, 스마트 오피스 지원, 사업 지원, 인증서 발급 지원",경영,경기도경제과학진흥원,경기도,중소기업,중소기업,,,,,,,디자인/상품화/사업화,2026-07-14,2026-07-27,,온라인 접수(경기기업비서),온라인 접수(경기기업비서),https://www.bizinfo.go.kr/sii/siia/selectSIIA200Detail.do?pblancId=PBLN_000000000124469,main,primary,2026년하반기경기도ai혁신클러스터ai멤버십기업모집공고,경기도경제과학진흥원,2026-07-14~2026-07-27,경영,디자인/상품화/사업화
biz,PBLN_000000000124467,[충북] 2026년 Battery Korea 2026 참가기업 모집 공고(이차전지 특화단지 추진단 운영 사업),"충청북도 및 청주시와 (재)충북테크노파크에서는 충북 이차전지 특화단지 활성화를 위한 「Battery Korea2026」전시회 참가 지원을 다음과 같이 공고하오니 많은 참여 바랍니다.
☞ 사업공고일 기준 도내에 본사 또는 사업장(본사,공장,연구소)을 보유한 이차전지 관련 기업
- 전시품목 : 이차전지, 캐패시터, 소재 및 부품, 제조기기, 검사ㆍ측정장비 등
☞ 부스 제공 및 홍보물 제작 지원
- 전시회 참가비(조립부스 참가비(SIVER)), 홍보물(기업 카탈로그), 상호간판, 스포트라이트, 인포데스크+접의자 1조, 전력 1kW(220V, 2구 소켓) 지원",판로/수출,충북테크노파크,충청북도,중소기업,중소기업,,,,,,,해외진출,2026-07-15,2026-07-24,,"방문 또는 우편 접수 
- 접수처 : 충북 청주시 청원구 오창읍 연구단지로 76 충북테크노파크 본부관 2층 정책기획단 광역기획팀","방문 또는 우편 접수 
- 접수처 : 충북 청주시 청원구 오창읍 연구단지로 76 충북테크노파크 본부관 2층 정책기획단 광역기획팀",https://www.bizinfo.go.kr/sii/siia/selectSIIA200Detail.do?pblancId=PBLN_000000000124467,main,primary,충북2026년batterykorea2026참가기업모집공고이차전지특화단지추진단운영사업,충북테크노파크,2026-07-15~2026-07-24,수출,해외진출
biz,PBLN_000000000124466,[충남] 2026년 3차 에너지기술공유대학 산학공동 에너지프로젝트 지원사업 공고,"충남테크노파크에서 에너지분야 전문인력 양성 및 지역정주 지원을 위해 추진하고 있는 「충청권 분산에너지 대응 에너지기술공유대학 사업」을 통해 지역 중소ㆍ중견기업-대학 학생연구원 간 산학공동 에너지프로젝트 운영 및 기획을 지원하고자 하오니 많은 관심과 참여를 부탁드립니다.
☞ 충청남도 소재 중소ㆍ중견기업(공고일 현재 사업자등록증 기준)
☞ 산학공동 에너지프로젝트 지원
- 연구개발 : 연구재료, 시제품 제작 지원
- 과제기획 : 전문가 컨설팅, 조사분석 및 사업기획 용역 지원",기술,충남테크노파크,충청남도,중소기업,중소기업,,,,,,,기술사업화/이전/지도,2026-07-16,2026-08-05,,이메일 접수 (yoke624@ctp.or.kr),이메일 접수 (yoke624@ctp.or.kr),https://www.bizinfo.go.kr/sii/siia/selectSIIA200Detail.do?pblancId=PBLN_000000000124466,main,primary,충남2026년3차에너지기술공유대학산학공동에너지프로젝트지원사업공고,충남테크노파크,2026-07-16~2026-08-05,기술,기술사업화/이전/지도
biz,PBLN_000000000124464,[전북] 2026년 찾아가는 수출상담회(우주베키스탄) 참여기업 모집 공고(농건설기계기업 글로벌 전환 가속화 지원사업),"전북특별자치도 농건설기계기업의 글로벌 역량을 강화하고 해외시장 진출 확대를 위한 ‘농건설기계기업 글로벌 전환 가속화 지원사업’ 2026년 찾아가는 수출상담회(우즈베키스탄) 참여기업 모집을 다음과 같이 공고합니다. 
☞ 전북특별자치도 소재 중소ㆍ중견 농건설기계 제조기업 및 관련 전후방 부품기업
☞ 해외 바이어 초청, 1:1 수출 상담 매칭, 통역 지원을 포함한 상담회 참가, 운영 및 현지 시장조사 등 지원",판로/수출,전북테크노파크,전북특별자치도,중소기업,중소기업,,,,,,,시장개척,2026-07-15,2026-07-28,,"이메일 접수 (kjh@jbtp.or.kr) 
※ 신청서 제출 후, 담당자에 확인 전화 요망(063-219-2166)","이메일 접수 (kjh@jbtp.or.kr) 
※ 신청서 제출 후, 담당자에 확인 전화 요망(063-219-2166)",https://www.bizinfo.go.kr/sii/siia/selectSIIA200Detail.do?pblancId=PBLN_000000000124464,main,primary,전북2026년찾아가는수출상담회우주베키스탄참여기업모집공고농건설기계기업글로벌전환가속화지원사업,전북테크노파크,2026-07-15~2026-07-28,수출,시장개척
biz,PBLN_000000000124463,[울산] 2026년 원천기술 상용화 플랫폼 구축사업 기술상용화 촉진 프로그램 지원기업 모집 공고,"울산광역시가 지원하는 2026년 원천기술 상용화 플랫폼 구축사업 중 기술상용화 촉진 프로그램의 지원기업 모집계획을 다음과 같이 공고하오니, 해당 프로그램 참여를 희망하는 울산지역 중소기업의 많은 신청 바랍니다.
☞ 공고일 기준 울산광역시 내에 소재한 중소기업
- 본사 또는 공장, 연구소 중 1개 이상 사업장이 울산광역시 내 소재하는 기업
- 거점대학(울산대학교, 부산대학교, 울산과학기술원(UNIST) 이상 3개교)으로부터 상용화 후보 기업으로 최종 발굴ㆍ확정된 기업
※ 자세한 지원대상 공고문 참조
☞ 기술 상용화 촉진 프로그램 10백만원 이내 지원
- 상용화R&Dㆍ사업화 컨설팅 : 기업 수요 기반 상용화 기술개발 과제기획 컨설팅, BM 수립, 기술로드맵, 시장조사 등 기술사업화 컨설팅 지원
- 기술사업화 촉진 : 시제품 제작, 장비 활용, 시험ㆍ분석 지원",기술,울산테크노파크,울산광역시,중소기업,중소기업,,,,,,,기술사업화/이전/지도,2026-07-15,2026-07-28,,"온라인 접수 (울산테크노파크 기업지원사업 관리시스템)
※ 자세한 신청방법 공고문 참조","온라인 접수 (울산테크노파크 기업지원사업 관리시스템)
※ 자세한 신청방법 공고문 참조",https://www.bizinfo.go.kr/sii/siia/selectSIIA200Detail.do?pblancId=PBLN_000000000124463,main,primary,울산2026년원천기술상용화플랫폼구축사업기술상용화촉진프로그램지원기업모집공고,울산테크노파크,2026-07-15~2026-07-28,기술,기술사업화/이전/지도
biz,PBLN_000000000124462,[울산] 데이터 파이프라인 구축 사업 수혜기업 3차 모집 공고(지역주도형 AI 대전환),"중소벤처기업부와 울산광역시가 지원하는「지역 주도형 AI 대전환 사업」의 일환으로 데이터 파이프라인 구축 사업의 수혜기업 지원 계획을 다음과 같이 공고합니다.
☞ (도입기업) 울산지역 자동차, 조선, 정밀화학 산업 분야의 AI기술 적용을 통한 공정 효율화, 제품품질 향상, 설비 예지보전 등 AX전환 수요가 있는 기업
- (공급기업) AI기술을 보유하여 기술실증이력이 있는 기업(울산 내외)
☞ 제조 AI 컴퓨팅센터 자원을 활용한 제조데이터 기반 현장 설비 데이터 파이프라인 구축 및 지능형 솔루션 도입(기업당 최대 50백만원) 지원",기술,울산테크노파크,울산광역시,중소기업,중소기업,,,,,,,기술인력/장비지원,2026-07-15,2026-08-03,,이메일 접수 (dgkim0097@utp.or.kr),이메일 접수 (dgkim0097@utp.or.kr),https://www.bizinfo.go.kr/sii/siia/selectSIIA200Detail.do?pblancId=PBLN_000000000124462,main,primary,울산데이터파이프라인구축사업수혜기업3차모집공고지역주도형ai대전환,울산테크노파크,2026-07-15~2026-08-03,기술,기술인력/장비지원
biz,PBLN_000000000124461,[강원] 춘천시ㆍ원주시ㆍ강릉시ㆍ삼척시 2026년 특별자치도 탄소중립 청정에너지 기술공유대학사업 기업지원 모집 재공고,"산업통상부와 강원특별자치도 춘천시, 원주시, 강릉시, 삼척시가 추진하는 강원특별자치도 탄소중립-청정에너지 기술공유대학사업 기업지원 프로그램을 안내하오니, 해당 프로그램에 참여를 희망하는 기업의 많은 신청 바랍니다.
☞ 강원특별자치도 춘천시, 원주시, 강릉시, 삼척시에 소재하는 탄소중립-청정에너지 관련 기업
- 탄소중립-청정에너지 관련 기업 : 재생에너지 기업, 수소기업, 이차전지 및 배터리 소재 기업, 세라믹소재부품기업, ESS기업, 스마트 그리드 관련기업, 친환경 모빌리티 관련기업, 친환경/바이오소재, 의료기기 관련기업, 탕소 중립 관련 기업 등
☞ 애로기술지원, 시제품제작지원, 인턴십 프로그램 운영, 국내 전시회 참가지원",기술,강원테크노파크,강원특별자치도,중소기업,중소기업,,,,,,,기술사업화/이전/지도,2026-07-16,2026-07-31,,"① 기업지원사업(시제품제작지원, 애로기술지원, 전시회 참가지원) : 이메일 접수(woos25@gwtp.or.kr)
② 인턴십 참여기업 : 온라인 접수(네이버 폼)","① 기업지원사업(시제품제작지원, 애로기술지원, 전시회 참가지원) : 이메일 접수(woos25@gwtp.or.kr)
② 인턴십 참여기업 : 온라인 접수(네이버 폼)",https://www.bizinfo.go.kr/sii/siia/selectSIIA200Detail.do?pblancId=PBLN_000000000124461,main,primary,강원춘천시ㆍ원주시ㆍ강릉시ㆍ삼척시2026년특별자치도탄소중립청정에너지기술공유대학사업기업지원모집재공고,강원테크노파크,2026-07-16~2026-07-31,기술,기술사업화/이전/지도
biz,PBLN_000000000124460,[전남광주] 2026년 1차 광주국방벤처센터 협약기업 모집 공고,"국방분야 최고 수준의 전문연구기관인 국방기술진흥연구소는 광주광역시와 함께 광주국방벤처센터를 공동설립하여 국방분야 기술개발 및 중소벤처기업을 육성하고 있습니다. 이에 국방사업 및 국방시장에 참여를 희망하는 우수 기술을 보유한 중소기업을 대상으로 아래와 같이 협약기업을 모집하오니 많은 참여 바랍니다.
☞ 광주광역시에 본사가 있으며, 국방분야에 적용 가능한 기술이나 품목을 보유하고 군 사업화를 추진 또는 희망하는 중소기업
☞ 군 사업화 과제 발굴, 시험평가 지원 등 전반적인 국방사업화 지원
- 국방벤처 육성 지원사업, 지자체개발비 지원사업 등 국방사업 진출시 가점 부여
- 국방기술품질원 및 외부 전문기술인력을 활용한 기술지원
- 경영, 기술컨설팅 및 홍보지원 등 경영지원
- 국방 관련 기술자료 및 정보제공 등",기술,광주국방벤처센터,광주광역시,중소기업,중소기업,,,,,,,기술사업화/이전/지도,2026-07-20,2026-08-14,,"우편 또는 방문접수
- 접수처 : (61008) 광주광역시 북구 첨단과기로 333 광주테크노파크 생활지원 로봇센터 406호 광주국방벤처센터
※ 제출서류는 광주국방벤처센터 이메일(jg13266@krit.re.kr)로 스캔본 별도 제출
※ 신청 전 센터 방문 및 상담 권장
※ 우편접수의 경우 2026. 8. 14.(금) 소인에 한하여 접수","우편 또는 방문접수
- 접수처 : (61008) 광주광역시 북구 첨단과기로 333 광주테크노파크 생활지원 로봇센터 406호 광주국방벤처센터
※ 제출서류는 광주국방벤처센터 이메일(jg13266@krit.re.kr)로 스캔본 별도 제출
※ 신청 전 센터 방문 및 상담 권장
※ 우편접수의 경우 2026. 8. 14.(금) 소인에 한하여 접수",https://www.bizinfo.go.kr/sii/siia/selectSIIA200Detail.do?pblancId=PBLN_000000000124460,main,primary,전남광주2026년1차광주국방벤처센터협약기업모집공고,광주국방벤처센터,2026-07-20~2026-08-14,기술,기술사업화/이전/지도
biz,PBLN_000000000124459,[경남] 2026년 지진안전산업 기술지원 수혜기업 상시 모집 공고(행정안전부 지진 안전 기반 구축 사업),"행정안전부와 경상남도, 양산시가 지원하는 지진안전기반구축사업의 일환으로 「지진안전산업 내진엔지니어링 기술지원」 프로그램을 다음과 같이 공고하오니, 해당 프로그램 참여를 희망하는 경남지역 중소ㆍ중견기업의 많은 신청 바랍니다.
☞ 경남지역 소재 지진안전산업 관련 중소ㆍ중견기업
- 구조체 및 비구조요소 등 지진안전 기술을 보유하고 있는 기업
- 지진안전기술을 접목한 제조 산업 부품 및 모듈, 제품을 제작하고자 하는 기업 
- 지진안전산업으로 업종전환, 추가를 희망하는 경상남도 내 기업 
- 경상남도 내에 사업장(본사, 공장, 연구소)을 보유한 기업으로 공고일 기준 영업활동을 하고 있는 법인 또는 개인사업자
※ 사업자등록증 상 주소가 경남지역으로 기재된 경우에 한함
☞ 내진엔지니어링(설계, 구조, 진동해석, 내진해석 등) 지원",기술,경남테크노파크,경상남도,중소기업,중소기업,,,,,,,기술사업화/이전/지도,상시 접수,,,온라인 접수 (경남테크노파크),온라인 접수 (경남테크노파크),https://www.bizinfo.go.kr/sii/siia/selectSIIA200Detail.do?pblancId=PBLN_000000000124459,main,primary,경남2026년지진안전산업기술지원수혜기업상시모집공고행정안전부지진안전기반구축사업,경남테크노파크,상시 접수~,기술,기술사업화/이전/지도
biz,PBLN_000000000124458,[경남] 2026년 2차 예비수소전문기업지원 사업 수혜기업 모집 공고,"경남도의 수소전문기업 육성을 위해 기후에너지환경부(한국수소연합), 경상남도, 김해시, 경남테크노파크가 추진하는 2026년「예비수소전문기업지원」사업의 수혜기업 모집계획을 다음과 같이 공고하오니, 참여 및 지원을 희망하는 경남 기업들의 많은 신청 바랍니다.
☞ 요건 1, 2, 3 모두 만족하여야 함
- (요건 1) 수소 관련사업 영위 기업
- (요건 2) 경상남도 관내에 소재한 기업 중 중소ㆍ중견기업(중소기업기본법 제2조)
- (요건 3) 수소전문기업이 아닌 기업(지원기간 종료 후 수소전문기업 신청 가능)
※ 자세한 지원대상 공고문 참조
☞ 시제품제작, 시험평가인증, 지식재산권 획득 등 다분야 패키지 지원 (기업당 최대 45백만원 이내)",기술,경남테크노파크,경상남도,중소기업,중소기업,,,,,,,기술사업화/이전/지도,2026-07-15,2026-07-28,,"온라인 접수 (경남테크노파크 홈페이지)
※ 접수시스템상의 오류로 인해 전자접수가 불가능한 기업은 이메일 제출(기한 초과시 접수불가)","온라인 접수 (경남테크노파크 홈페이지)
※ 접수시스템상의 오류로 인해 전자접수가 불가능한 기업은 이메일 제출(기한 초과시 접수불가)",https://www.bizinfo.go.kr/sii/siia/selectSIIA200Detail.do?pblancId=PBLN_000000000124458,main,primary,경남2026년2차예비수소전문기업지원사업수혜기업모집공고,경남테크노파크,2026-07-15~2026-07-28,기술,기술사업화/이전/지도
biz,PBLN_000000000124457,[경남] 김해시 2026년 2차 예비수소전문기업지원 사업 수혜기업 모집 공고,"경남도의 수소전문기업 육성을 위해 기후에너지환경부(한국수소연합), 경상남도, 김해시, 경남테크노파크가 추진하는 2026년「예비수소전문기업지원」사업의 수혜기업 모집계획을 다음과 같이 공고하오니, 참여 및 지원을 희망하는 김해시 기업들의 많은 신청 바랍니다.
☞ 요건 1, 2, 3 모두 만족하여야 함
- (요건 1) 수소 관련사업 영위 기업
- (요건 2) 김해시 관내에 소재한 기업 중 중소ㆍ중견기업(중소기업기본법 제2조)
- (요건 3) 수소전문기업이 아닌 기업(지원기간 종료 후 수소전문기업 신청 가능)
※ 자세한 지원대상 공고문 참조
☞ 시제품제작, 시험평가인증, 지식재산권 획득 등 다분야 패키지 지원 (기업당 최대 29백만원 이내)",기술,경남테크노파크,경상남도,중소기업,중소기업,,,,,,,기술사업화/이전/지도,2026-07-15,2026-07-28,,"온라인 접수 (경남테크노파크 홈페이지)
※ 접수시스템상의 오류로 인해 전자접수가 불가능한 기업은 이메일 제출(기한 초과시 접수불가)","온라인 접수 (경남테크노파크 홈페이지)
※ 접수시스템상의 오류로 인해 전자접수가 불가능한 기업은 이메일 제출(기한 초과시 접수불가)",https://www.bizinfo.go.kr/sii/siia/selectSIIA200Detail.do?pblancId=PBLN_000000000124457,main,primary,경남김해시2026년2차예비수소전문기업지원사업수혜기업모집공고,경남테크노파크,2026-07-15~2026-07-28,기술,기술사업화/이전/지도
biz,PBLN_000000000124456,[경기] 용인시 2026년 2차 맞춤형 창업지원사업 사업화ㆍ마케팅 지원사업 모집 공고,"용인시산업진흥원에서 관내 예비창업자 및 창업초기기업의 경쟁력 향상과 매출 증대를 위한 「2026년 맞춤형 창업지원사업」 모집공고를 아래와 같이 시행하오니 많은 관심과 참여 바랍니다.
☞ 관내 예비창업자 및 공고일 기준 창업개시 3년 미만 기업
☞ 창업기업에 필요한 사업화/마케팅 비용(최대 5백만원) 지원
- 사업화 : 시제품(PCB, 목업, 금형 등) 제작, 국내외 경영 및 기술 인증 획득, 국내외 특허 출원 및 등록(상표, 디자인 포함)
- 마케팅 : 홍보물 제작(카달로그, 홍보영상, 제품패키지 등), 제품 및 패키지 디자인",창업,용인시산업진흥원,경기도,창업벤처,초기창업기업,,,,,,,사업화지원,2026-07-16,2026-07-30,,온라인 접수 (용인기업지원시스템),온라인 접수 (용인기업지원시스템),https://www.bizinfo.go.kr/sii/siia/selectSIIA200Detail.do?pblancId=PBLN_000000000124456,main,primary,경기용인시2026년2차맞춤형창업지원사업사업화ㆍ마케팅지원사업모집공고,용인시산업진흥원,2026-07-16~2026-07-30,창업,사업화지원
biz,PBLN_000000000124455,[경기] 용인시 2026년 2차 경력보유여성 채용기업 고용장려금 지원사업 참여기업 모집 공고,"「2026년 경력보유여성 채용기업 고용장려금 지원사업」 참여기업 모집(2차) 계획을 다음과 같이 공고합니다.
☞ 경력보유여성(경력단절여성 등) 을 채용한 관내 중소기업(제조업)
※ 사업자등록증 상 「제조업」등록, 「용인시 소재」인 경우
☞ 고용장려금(월40만원 / 1인, 최대 2개월) 지원",인력/일자리,기초자치단체,경기도,중소기업,"여성,중소기업",,,,,,,고용환경개선,2026-07-15,2026-07-24,,온라인 접수 (용인기업지원시스템),온라인 접수 (용인기업지원시스템),https://www.bizinfo.go.kr/sii/siia/selectSIIA200Detail.do?pblancId=PBLN_000000000124455,main,primary,경기용인시2026년2차경력보유여성채용기업고용장려금지원사업참여기업모집공고,기초자치단체,2026-07-15~2026-07-24,인력,고용환경개선
biz,PBLN_000000000124454,[인천] 2026년 인천스타트업파크 부스트 스타트업(RESI Boston) 참가기업 모집 공고,"인천스타트업파크는 세계적인 바이오ㆍ헬스케어 분야 투자 파트너링 행사인 RESI(Redefining Early Stage Investment) Boston 참가를 통해 글로벌 투자유치와 사업협력 기회를 모색할 인천 혁신 스타트업을 모집합니다. 글로벌 투자자와의 1:1 파트너링 미팅 중심으로 진행되는 본 프로그램에 많은 관심과 신청 바랍니다.
☞ 글로벌 진출역량과 의사가 있고, 상용화 가능한 제품이나 서비스를 보유하고 있는 바이오ㆍ헬스케어 분야의 스타트업
※ 전담인력 중 최소 1인 이상 영어 능통자를 보유하여야 함
-  공고 마감일 기준 인천 소재 본사ㆍ연구소ㆍ공장을 보유한 창업 7년 이내 관내 기업(중소기업창업 지원법에 의거 신산업 창업 분야는 10년까지 신청 가능)
☞ RESI Boston(9/22~23) 참가 및 미국 진출 특화 프로그램 지원
※ 자세한 지원내용 공고문 참조",창업,인천테크노파크,인천광역시,창업벤처,"스타트업,초기창업기업",,,,,,,사업화지원,2026-07-10,2026-07-31,,온라인 접수(인천스타트업파크),온라인 접수(인천스타트업파크),https://www.bizinfo.go.kr/sii/siia/selectSIIA200Detail.do?pblancId=PBLN_000000000124454,main,primary,인천2026년인천스타트업파크부스트스타트업resiboston참가기업모집공고,인천테크노파크,2026-07-10~2026-07-31,창업,사업화지원
biz,PBLN_000000000124453,[경기] 용인시 2026년 아제르바이잔ㆍ조지아 해외시장개척단 참가기업 모집 공고,"용인시 중소기업의 해외시장 판로개척을 지원하기 위해 「2026 용인시 아제르바이잔-조지아 해외시장개척단」에 참가할 기업을 다음과 같이 모집합니다.
☞ 용인시 소재(본사 또는 공장) 수출중소기업
- 상담분야 : 소비재, 식품, 화장품, 생활용품 등 
☞ 1:1 바이어 상담 알선, 상담통역비(업체당 1人), 단체차량 지원",판로/수출,한국무역협회경기남부지역본부,경기도,중소기업,중소기업,,,,,,,시장개척,2026-07-15,2026-08-05,,온라인 접수 (용인기업지원시스템),온라인 접수 (용인기업지원시스템),https://www.bizinfo.go.kr/sii/siia/selectSIIA200Detail.do?pblancId=PBLN_000000000124453,main,primary,경기용인시2026년아제르바이잔ㆍ조지아해외시장개척단참가기업모집공고,한국무역협회경기남부지역본부,2026-07-15~2026-08-05,수출,시장개척
biz,PBLN_000000000124452,[부산] 2026년 우수 사회적경제기업 선정 공고,"부산광역시에서는 부산지역 소재 사회적경제 기업 중 사회적 가치를 실현하는 우수기업을 선정하여 홍보, 육성하고자 아래와 같이 「2026년 부산시 우수 사회적경제기업」을 모집 공고합니다.
☞ 공고일 기준 부산광역시 소재 사회적경제기업
- (예비)사회적기업, (사회적)협동조합, 마을기업, 자활기업
※ 공고일 이전 부산시 우수 사회적경제기업으로 기선정된 이력이 있는 기업 제외
※ 자세한 지원대상 공고문 참조
☞ 우수 사회적경제기업 선정, 시장 상장 및 현판 수여, 우수기업 홍보영상 제작 등 홍보, 사회적경제지원센터 진행 사업 참여 신청 시 가점 부여 등 지원",경영,부산광역시사회적경제지원센터,부산광역시,사회적기업,사회적기업,,,,,,,디자인/상품화/사업화,2026-07-07,2026-07-27,,"이메일, 우편 접수
- 접수처 : 부산광역시 중구 자갈치해안로 52, 4층(부산사회적경제지원센터)
- 이메일 : busan@bsec.or.kr
※ 반드시 날인(또는 서명)된 서류를 제출해야 하며 서류 제출 후 접수 확인
※ 우편은 소인이 7.27.까지 찍힌 경우 유효하고 메일은 7.27. 18시까지 발송한 건에 한해 유효","이메일, 우편 접수
- 접수처 : 부산광역시 중구 자갈치해안로 52, 4층(부산사회적경제지원센터)
- 이메일 : busan@bsec.or.kr
※ 반드시 날인(또는 서명)된 서류를 제출해야 하며 서류 제출 후 접수 확인
※ 우편은 소인이 7.27.까지 찍힌 경우 유효하고 메일은 7.27. 18시까지 발송한 건에 한해 유효",https://www.bizinfo.go.kr/sii/siia/selectSIIA200Detail.do?pblancId=PBLN_000000000124452,main,primary,부산2026년우수사회적경제기업선정공고,부산광역시사회적경제지원센터,2026-07-07~2026-07-27,경영,디자인/상품화/사업화
biz,PBLN_000000000124451,[제주] 2026년 로컬브랜드×서울 성수동 팝업스토어 참여기업 모집 공고(제주 크리에이터경제 활성화 사업),"제주창조경제혁신센터에서는 제주 로컬기업의 판로 확대 및 브랜드 경쟁력 강화를 위해 2026년 제주 크리에이터경제 활성화 사업의 일환으로 「제주 로컬브랜드×서울 성수동 팝업스토어」 참여기업을 아래와 같이 모집하오니 많은 관심과 참여 바랍니다.
☞ 공고일 기준 사업자등록증상 사업장 소재지가 제주특별자치도인 소상공인 또는 소기업 (개인 또는 법인)
- 팝업스토어 전 일정 동안 인 이상 현장 상주하며 참여할 수 있는 기업
- 팝업스토어 운영기간 동안 안정적인 상품 판매 가능한 기업
- 제주의 고유한 특성과 자원에 혁신적인 아이디어를 더해, 새로운 가치를 만들어가는 제주 로컬 브랜드
※ 신청 품목 : 식음료(F&B), 뷰티제품, 로컬굿즈, 패션소품, 라이프스타일, 생활용품 등
※ 자세한 지원대상 공고문 참조
☞ 공간제공, 항공지원, 숙박지원, 역량강화, AI 활용 지원
※ 자세한 지원내용 공고문 참조",판로/수출,제주창조경제혁신센터,제주특별자치도,중소기업,중소기업,,,,,,,오프라인,2026-07-08,2026-07-31,,온라인 접수 (THE제주크리에이터),온라인 접수 (THE제주크리에이터),https://www.bizinfo.go.kr/sii/siia/selectSIIA200Detail.do?pblancId=PBLN_000000000124451,main,primary,제주2026년로컬브랜드서울성수동팝업스토어참여기업모집공고제주크리에이터경제활성화사업,제주창조경제혁신센터,2026-07-08~2026-07-31,내수,오프라인
biz,PBLN_000000000124450,[전남광주] 2026년 광주콘텐츠코리아랩 국내 전시회(ACE Fair) 참가 지원 모집 공고,"광주콘텐츠코리아랩 지원기업의 비즈매칭 기회 마련 및 사업 판로 개척을 위하여 ACE Fair 공동관 참여기업을 모집하고자 하오니 많은 관심과 참여 바랍니다.
☞ 2024년~2026년(3개년) 광주콘텐츠코리아랩 지원사업 수혜 기업 중 전시회 출품이 가능한 유무형 창작물 보유 기업
☞ ACE Fair 공동관 참여 지원
- GICON 통합 공동관 부스 내 공간 임차(1개사(팀) 1부스 기준 9㎡(3x3m))
- 상호 간판, 조명 등 부스 구성 및 부스 디자인 제작 
- 비즈니스 상담ㆍ이벤트 운영 공간 및 일부 비품(TV, X배너, 안내데스크 등) 
- B2C 모객 이벤트 및 관련 기념품 등 지원",판로/수출,광주정보문화산업진흥원,광주광역시,중소기업,중소기업,,,,,,,오프라인,2026-07-14,2026-07-24,,"이메일 접수 (gckl@gicon.or.kr)
※ 메일 제목 ‘기업명_2026 광주에이스페어 참가신청’, 파일명 ‘기업명_2026 광주에이스페어 참가신청서’
※ 모든 제출 서식에 날인이 되어 있지 않을 시 접수 불가
※ 참가신청서 내 붙임문서 전체 제출 필수","이메일 접수 (gckl@gicon.or.kr)
※ 메일 제목 ‘기업명_2026 광주에이스페어 참가신청’, 파일명 ‘기업명_2026 광주에이스페어 참가신청서’
※ 모든 제출 서식에 날인이 되어 있지 않을 시 접수 불가
※ 참가신청서 내 붙임문서 전체 제출 필수",https://www.bizinfo.go.kr/sii/siia/selectSIIA200Detail.do?pblancId=PBLN_000000000124450,main,primary,전남광주2026년광주콘텐츠코리아랩국내전시회acefair참가지원모집공고,광주정보문화산업진흥원,2026-07-14~2026-07-24,내수,오프라인
biz,PBLN_000000000124449,[전남광주] 2026년 가상융합 콘텐츠 ACE Fair 공동관 참가 기업 모집 공고(광주 가상융합산업혁신센터 운영),"광주 지역 가상융합산업 기업의 국내 시장 및 해외 진출 지원을 위한 가상융합 콘텐츠 ACE Fair 공동관 참가 기업을 모집하고자 하니 많은 관심과 참여 바랍니다.
☞ (구)광주광역시 소재 가상융합산업 콘텐츠 출시 예정 또는 보유 기업
※ 전남광주통합특별시 동구, 서구, 남구, 북구, 광산구에 해당하는 기업
☞ 가상융합 콘텐츠 전시회 공동관 참가 지원
- 진흥원 공동관 부스 임차ㆍ구축 및 기본 디스플레이 지원
- 부스 방문객 응대, 콘텐츠 시연 진행요원 등 요원 통합 지원
- 콘텐츠 시연에 필요한 테이블, 의자 등 기본 비품 및 테스트 기기 지원
- B2C를 위한 모객 이벤트 및 관련 기념품 지원 등",판로/수출,광주정보문화산업진흥원,광주광역시,중소기업,중소기업,,,,,,,오프라인,2026-07-20,2026-07-24,,"이메일 접수 (parkjsquare@gicon.or.kr)
※ 접수제목 : [참가전시회명] 가상융합 콘텐츠 전시회 참가 지원_기업명
※ 첨부파일명 : [참가전시회명] 가상융합 콘텐츠 전시회 참가 지원_기업명(압축파일)","이메일 접수 (parkjsquare@gicon.or.kr)
※ 접수제목 : [참가전시회명] 가상융합 콘텐츠 전시회 참가 지원_기업명
※ 첨부파일명 : [참가전시회명] 가상융합 콘텐츠 전시회 참가 지원_기업명(압축파일)",https://www.bizinfo.go.kr/sii/siia/selectSIIA200Detail.do?pblancId=PBLN_000000000124449,main,primary,전남광주2026년가상융합콘텐츠acefair공동관참가기업모집공고광주가상융합산업혁신센터운영,광주정보문화산업진흥원,2026-07-20~2026-07-24,내수,오프라인
biz,PBLN_000000000124448,[경북] 포항시 2026년 인공지능(AI) 기반 중소기업 홍보콘텐츠 제작 지원사업 참여기업 모집 공고,"포항시와 (재)포항테크노파크에서는 지역 중소기업의 인공지능(AI)을 활용한 마케팅 경쟁력을 강화하기 위해「인공지능(AI) 기반 중소기업 홍보콘텐츠 제작 지원사업」을 추진하고 있습니다. 이에 본 사업에 참여할 기업을 다음과 같이 모집하오니, 많은 관심과 참여 바랍니다. 
☞ 포항시에 사업장(본사 기준)을 소재 제조업 또는 지식기반서비스업을 영위하는「중소기업기본법」에 따른 중소ㆍ벤처기업
☞  AI기반 콘텐츠 제작 기술을 활용한 홍보영상 제작 및 온라인 플랫폼 송출 지원",판로/수출,포항테크노파크,경상북도,중소기업,중소기업,,,,,,,홍보지원,2026-07-15,2026-07-31,,온라인 접수(포항테크노파크),온라인 접수(포항테크노파크),https://www.bizinfo.go.kr/sii/siia/selectSIIA200Detail.do?pblancId=PBLN_000000000124448,main,primary,경북포항시2026년인공지능ai기반중소기업홍보콘텐츠제작지원사업참여기업모집공고,포항테크노파크,2026-07-15~2026-07-31,내수,홍보지원
biz,PBLN_000000000124447,[부산] 2026년 K-ICT WEEK in BUSAN 정보보호 공동관 참가기업 모집 공고,"부산정보산업진흥원에서는 부산지역 정보보호 기업의 산업 활성화 및 인프라 확대를 위해 「2026 K-ICT WEEK in BUSAN」 정보보호 공동관에 참가할 기업을 모집합니다. 많은 관심과 참여 부탁드립니다.
☞ 부산 소재 정보보호 관련 기업
☞ 정보보호 공동관 패키지 부스 참가 지원
- 부스 임차료, 홍보(간판, 벽체 그래픽 디자인 등), 유틸리티(전기, TV, 인터넷 등), 공동관 운영 지원 등",판로/수출,부산정보산업진흥원,부산광역시,중소기업,중소기업,,,,,,,오프라인,2026-07-16,2026-07-27,,이메일 접수 (ed78@bipa.kr),이메일 접수 (ed78@bipa.kr),https://www.bizinfo.go.kr/sii/siia/selectSIIA200Detail.do?pblancId=PBLN_000000000124447,main,primary,부산2026년kictweekinbusan정보보호공동관참가기업모집공고,부산정보산업진흥원,2026-07-16~2026-07-27,내수,오프라인
biz,PBLN_000000000124446,2026년 한국환경공단 중소기업 ESG 지원사업 참여기업 모집 공고,"공단에서 지속가능한 발전과 ESG 경영 확산을 위하여, ‘2026년 중소기업 ESG 지원사업’을 아래와 같이 추진하오니, 사업 참여를 희망하는 중소기업은 아래의 안내에 따라 신청하시기 바랍니다.
☞ 국내 소재 중소기업
- 중소기업기본법 제2조에 따른 중소기업 (중소기업확인서 등 증빙자료 제출)
☞ ESG 경영 수준향상을 위하여, ESG 교육 및 맞춤형 현장컨설팅, ESG 수준 평가 등 종합적으로 지원
- ESG 역량 진단 후, 중소기업별 맞춤형 현장 실사(컨설팅)를 지원하고, ESG 수준 확인서를 발급 지원",경영,한국환경공단,전국,중소기업,중소기업,,,,,,,컨설팅,2026-07-15,2026-07-30,,이메일 접수(sujpark@kpc.or.kr),이메일 접수(sujpark@kpc.or.kr),https://www.bizinfo.go.kr/sii/siia/selectSIIA200Detail.do?pblancId=PBLN_000000000124446,main,primary,2026년한국환경공단중소기업esg지원사업참여기업모집공고,한국환경공단,2026-07-15~2026-07-30,경영,컨설팅
biz,PBLN_000000000124445,[전남광주] 2026년 전남바이오진흥원 K-바이오헬스 지역센터 지원사업 수혜기업 추가모집 공고,"전남바이오진흥원에서는「2026년 K-바이오헬스 지역센터 지원사업」의 원활한 추진을 위하여 기존 공고에 따라 기업 모집을 진행하였으나, 일부 프로그램의 지원기업이 부족함에 따라 아래와 같이 추가 모집을 실시하오니, 관심 있는 기업의 많은 참여를 바랍니다.
☞ 전라남도ㆍ광주광역시에 위치한 바이오헬스 분야 창업 10년 이내의 중소ㆍ벤처기업
- 창업 10년 미만의 중소ㆍ벤처기업으로 아래 각 호 중 하나 이상을 만족하는 창업기업
※ 자세한 지원대상 공고문 참조
☞ 우수한 시설장비 등 기반시설을 갖춘 클러스터의 인프라 활용을 통해 지역의 바이오헬스 분야 창업 활성화 및 성장을 지원
- 창업기업 지원(인프라 활용(장비활용, 시험분석)), 자율 프로그램 지원(백신ㆍ바이오의약품 시험분석 지원)
※ 자세한 지원내용 공고문 참조",창업,전남바이오진흥원,광주광역시,창업벤처,초기창업기업,,,,,,,사업화지원,2026-07-13,2026-07-23,,이메일 접수 (leeseho31@jbf.kr),이메일 접수 (leeseho31@jbf.kr),https://www.bizinfo.go.kr/sii/siia/selectSIIA200Detail.do?pblancId=PBLN_000000000124445,main,primary,전남광주2026년전남바이오진흥원k바이오헬스지역센터지원사업수혜기업추가모집공고,전남바이오진흥원,2026-07-13~2026-07-23,창업,사업화지원
biz,PBLN_000000000124444,[인천] 2026년 로봇 액셀러레이팅 프로그램 참여기업 모집 공고(로봇산업 혁신성장 지원사업),"인천테크노파크에서는 로봇 분야의 우수기술 및 아이템을 보유하고 있는 인천 로봇기업을 대상으로 아래와 같이 2026년 로봇 액셀러레이팅 프로그램 참여기업을 모집하오니 관심 있는 기업의 많은 참여 바랍니다. 
☞ 인천에 본사, 지사, 연구소, 공장 중 1개 이상을 보유한(접수일 기준) 로봇 관련 중소기업으로 아래 기업 유형 중 1개 이상 해당되는 기업
- 스타트업(사업개시일: 2020년 1월 1일 이후), 벤처기업(공고일 기준 「벤처기업확인서」를 보유한 기업) 이노비즈기업(공고일 기준 「이노비즈확인서」를 보유한 기업), 메인비즈기업(공고일 기준 「메인비즈확인서」를 보유한 기업)
☞ 로봇기업 사업화 지원 및 투자유치 역량강화 지원(기업당 20,000천원 내외)
- 제품개발ㆍ마케팅, 투자역량강화, 후속 연계지원",기술,인천테크노파크,인천광역시,창업벤처,초기창업기업,,,,,,,기술사업화/이전/지도,2026-07-15,2026-08-04,,온라인 접수 (비즈오케이 홈페이지),온라인 접수 (비즈오케이 홈페이지),https://www.bizinfo.go.kr/sii/siia/selectSIIA200Detail.do?pblancId=PBLN_000000000124444,main,primary,인천2026년로봇액셀러레이팅프로그램참여기업모집공고로봇산업혁신성장지원사업,인천테크노파크,2026-07-15~2026-08-04,기술,기술사업화/이전/지도
biz,PBLN_000000000124443,[경기] 2026년 수출프론티어기업 모집 공고,"경기도와 경기도수출기업협회는 해외시장 개척을 통하여 처음으로 수출을 시작한 수출초보기업을 발굴하고 수출프론티어기업으로 인증함으로써 수출기업의 사기를 진작하고 자긍심을 고취하기 위하여 아래와 같이 수출프론티어기업을 모집하오니 많은 참여를 바랍니다.
☞ 중소기업기본법 제2조에 의한 중소기업 중 사업장소재지 (본점 포함) 또는 공장소재지가 경기도이며 2023. 7. 1.〜 2026. 6. 30.까지 해당 기간내 수출을 처음 시작한 중소기업
- 수출프론티어기업, 수출 신인왕(수출프론티어기업 중 5개 분야별 최고 수출액 달성 기업)
※ 5개 분야 : IT, 기계소재부품, 생활소비재, 뷰티, 의료ㆍ바이오
☞ 인증패 수여 및 道 해외마케팅 지원사업 선정시 가점 부여",경영,경기도수출기업협회,경기도,중소기업,중소기업,,,,,,,디자인/상품화/사업화,2026-07-01,2026-09-04,,"온라인 접수 (경기기업비서)
※ 자세한 신청방법 공고문 참조","온라인 접수 (경기기업비서)
※ 자세한 신청방법 공고문 참조",https://www.bizinfo.go.kr/sii/siia/selectSIIA200Detail.do?pblancId=PBLN_000000000124443,main,primary,경기2026년수출프론티어기업모집공고,경기도수출기업협회,2026-07-01~2026-09-04,경영,디자인/상품화/사업화
biz,PBLN_000000000124442,[경북] 청도군 2026년 스마트산업ㆍ문화관광 융합 신성장 지원사업 공고(시군구연고산업육성사업ㆍ스마트 기술 컨설팅),"2026년도 중소벤처기업부와 경상북도 및 청도군이 지원하는 시군구 연고산업 육성사업 수행자로 선정된 수행기관별 지원 프로그램을 안내하오니, 해당 프로그램 참여를 희망하는 청도군 지역 중소기업의 많은 신청 바랍니다.
☞ 청도군에 소재(본사, 공장 기준)한 중소기업
- 농업(소규모 스마트팜), 제조가공(농식품 제조기업), 문화관광(콘텐츠 스타트업) 관련 분야 중 하나에 해당하는 기업
☞ 스마트 기술 컨설팅 지원
- ICTㆍIoTㆍAX 등 스마트기술 적용 맞춤 컨설팅
- 스마트 기술 인프라 운영을 위한 기술지도",기술,경북자동차임베디드연구원,경상북도,중소기업,중소기업,,,,,,,기술사업화/이전/지도,예산 소진시까지,,,이메일 접수 (jhpyo@givet.re.kr ),이메일 접수 (jhpyo@givet.re.kr ),https://www.bizinfo.go.kr/sii/siia/selectSIIA200Detail.do?pblancId=PBLN_000000000124442,main,primary,경북청도군2026년스마트산업ㆍ문화관광융합신성장지원사업공고시군구연고산업육성사업ㆍ스마트기술컨설팅,경북자동차임베디드연구원,예산 소진시까지~,기술,기술사업화/이전/지도
biz,PBLN_000000000124441,[전남광주] 광양시 2026년 3차 지역산업 위기대응 맞춤형 지원사업 통합공고,"글로벌 공급과잉, 중동사태 등으로 인한 광양 철강산업 위기 및 지역경제 악화에 실효적 대응을 위한 광양 지역산업 위기대응 맞춤형 지원사업(물류비 긴급지원, 물류인프라개선) 수혜기업 모집을 다음과 같이 공고하오니 해당지역의 관련 기업분들의 많은 관심과 참여 바랍니다.
☞ 광양시 철강산업 및 이와 밀접한 전ㆍ후방 중소기업
- 공고일 현재 산업위기지역에 본사 또는 공장이 소재하고 3년 이상 가동
※ 단, 산업위기지역 이외의 지역에서 본사를 이전한 경우 1년 이상 가동
☞ 물류인프라 개선, 물류비 긴급(운송비, 보관비, 하역비, 통관비, 물류보험 등), 행사(일자리 박람회) 지원
※ 자세한 지원내용 공고문 참조",경영,전남테크노파크,광주광역시,중소기업,중소기업,,,,,,,디자인/상품화/사업화,2026-07-15,2026-08-14,,온라인 접수(전남테크노파크 기업혁신성장플랫폼),온라인 접수(전남테크노파크 기업혁신성장플랫폼),https://www.bizinfo.go.kr/sii/siia/selectSIIA200Detail.do?pblancId=PBLN_000000000124441,main,primary,전남광주광양시2026년3차지역산업위기대응맞춤형지원사업통합공고,전남테크노파크,2026-07-15~2026-08-14,경영,디자인/상품화/사업화
biz,PBLN_000000000124440,2026년 해외 수출등록 및 인증 지원 사업 모집 재공고,"해외시장 진출에 필요한 국가별 제품 등록 및 국제 인증 취득을 지원하여 관내 한방천연물 기업의 수출 경제력을 강화하고, 해외 규제 및 인증 기준에 대한 대응 역량 확보를 통해 안정적인 해외시장 진출 기반을 마련하기 위한 목적으로 다음과 같이 모집 재공고를 시행하오니 제천한방천연물클러스터 기업 회원분들의 적극적인 참여를 바랍니다.
☞ 제천한방천연물클러스터 기업회원(공고 마감일 기준)
☞ 수출등록, 해외인증, 특허출원, 시험ㆍ평가 지원(기업별 최대 20,000천원 이내)
- 수출등록 : 수출 관련 신고, 인허가 취득, 등록 대행 등 실비 지원
- 해외인증 : FDA, HALAL 등 해외 시장 진출에 필요한 인증 비용 지원
- 특허출원 : 해외 특허 출원에 필요한 제반 비용 지원
- 시험ㆍ평가 : 해외인증, 등록에 필요한 성분 분석, 안정성ㆍ기능성 시험 및 시험성적서 발급 비용 지원",판로/수출,제천한방천연물산업진흥재단,충청북도,중소기업,중소기업,,,,,,,해외진출준비,2026-07-15,2026-07-24,,"방문 접수
- 접수처 : 한방생명과학관 2층 천연물산업팀
※ 원본 서류 제출 및 인감 날인 필수","방문 접수
- 접수처 : 한방생명과학관 2층 천연물산업팀
※ 원본 서류 제출 및 인감 날인 필수",https://www.bizinfo.go.kr/sii/siia/selectSIIA200Detail.do?pblancId=PBLN_000000000124440,main,primary,2026년해외수출등록및인증지원사업모집재공고,제천한방천연물산업진흥재단,2026-07-15~2026-07-24,수출,해외진출준비
biz,PBLN_000000000124439,2026년 2차 민관협력 오픈이노베이션 지원 방산 스타트업 챌린지(모두의 챌린지-방산) 창업기업 모집 공고,"방산 분야 신기술 적용 수요가 있는 군 및 수요기업과 창업기업 간 협력을 통한 동반 성장 지원을 위해 「민관협력 오픈이노베이션 지원」 2026년 제2차 방산 스타트업 챌린지(모두의 챌린지–방산) 협업 과제수행에 참여할 창업기업을 다음과 같이 모집합니다.
☞ 「중소기업기본법」제2조제1항에 따른 중소기업의 대표자이자, 모집공고일 기준 「중소기업창업 지원법」제2조 제3호에 따른 창업 후 7년 이내 창업기업 또는 동법 제25조 제4항에 따른 창업 후 10년 이내 신산업 분야 창업ㆍ중소기업으로 공고문의 신청자격 및 요건을 충족하는 기업
※ 자세한 지원대상 공고문 참조
☞ 창업기업 대상 군ㆍ수요기업과 협업 추진에 필요한 사업화 자금(과제별 최대 1억원) 및 후속 연계 지원
- (사업화 자금) 군ㆍ수요기업과 협업을 통한 기술검증(PoC), 시제품 제작 등에 소요되는 자금 지원(창업기업 선정평가 후 지급액 확정)
- (후속 연계 지원) 중소벤처기업부 기술개발 지원사업 연계 지원",기술,대구창조경제혁신센터,대구광역시,창업벤처,"스타트업,초기창업기업",,,,,,,기술사업화/이전/지도,2026-07-16,2026-08-04,,온라인 접수 (K-Startup누리집),온라인 접수 (K-Startup누리집),https://www.bizinfo.go.kr/sii/siia/selectSIIA200Detail.do?pblancId=PBLN_000000000124439,main,primary,2026년2차민관협력오픈이노베이션지원방산스타트업챌린지모두의챌린지방산창업기업모집공고,대구창조경제혁신센터,2026-07-16~2026-08-04,기술,기술사업화/이전/지도
biz,PBLN_000000000124438,[경기] 2026년 수출기업인의 날 표창 대상자 모집 공고,"「2026년 경기도 수출기업인의 날」 수출증진과 해외시장 개척 등에 공헌한 수출 중소기업 및 임직원에 대한 표창 대상자를 아래와 같이 모집하오니, 수출증진과 해외시장 개척에 공적이 있는 경기도 내 수출 중소기업과 유관기관에서는 많은 참여를 바랍니다.
☞ 경기도 내 중소기업으로서 우수 수출기업 및 교류협력 활동에 기여한 수출 중소기업 및 유공자 등
☞ 표창훈격 총 70 점 지원",경영,경기도수출기업협회,경기도,중소기업,중소기업,,,,,,,디자인/상품화/사업화,2026-07-01,2026-09-04,,"온라인 및 우편 접수
- 접수처 : (16229) 경기도 수원시 영통구 광교로 107(이의동 906-5), 경기도경제과학진흥원 3층 (사)경기도수출기업협회
- 온라인 : 경기기업비서
※ 자세한 신청방법 공고문 참조","온라인 및 우편 접수
- 접수처 : (16229) 경기도 수원시 영통구 광교로 107(이의동 906-5), 경기도경제과학진흥원 3층 (사)경기도수출기업협회
- 온라인 : 경기기업비서
※ 자세한 신청방법 공고문 참조",https://www.bizinfo.go.kr/sii/siia/selectSIIA200Detail.do?pblancId=PBLN_000000000124438,main,primary,경기2026년수출기업인의날표창대상자모집공고,경기도수출기업협회,2026-07-01~2026-09-04,경영,디자인/상품화/사업화
biz,PBLN_000000000124437,2026년 2차 중소기업 CBAM대응 인프라구축 사업 참여기업 모집 공고,"중소기업이 고도의 전문성을 요구하는 EU 탄소국경조정제도(CBAM)에 대응하여 수출경쟁력을 확보할 수 있도록 2026년도「중소기업 CBAM대응 인프라(MRV)구축」사업의 참여기업을 다음과 같이 모집합니다.
☞ EU로 CBAM 대상 품목(붙임1) 수출(희망) 중소기업
① 사업자등록증 상 업태에 ‘제조’가 포함되어 있으며, CBAM 대상 품목(붙임1)을 제조하는 중소기업
②「중소기업기본법」제2조 제1항 및 동법 시행령 제3조에 따른 중소기업
③ 2025년 ‘디지털기반 자동화 MRV 보급사업’ 수요기업은 유형2에 한해 신청가능
※ 자세한 지원대상 공고문 참조
☞ 유형1, 유형2 중 참여기업이 선택한 유형 한 가지를 지원
① (유형1) 탄소 배출량 산정 MRV 인프라 구축(기업당 최대 42백만원)
② (유형2) EU에서 요구하는 양식에 따라 작성된 제품별 탄소배출량 산정값의 전문기관 검증ㆍ의견서 작성 지원(기업당 3.5백만원 지원)
※ 자세한 지원내용 공고문 참조",판로/수출,중소벤처기업진흥공단,전국,중소기업,중소기업,,,,,,,해외진출준비,2026-07-16,2026-08-06,,온라인 접수 (ESG 통합플랫폼 누리집),온라인 접수 (ESG 통합플랫폼 누리집),https://www.bizinfo.go.kr/sii/siia/selectSIIA200Detail.do?pblancId=PBLN_000000000124437,main,primary,2026년2차중소기업cbam대응인프라구축사업참여기업모집공고,중소벤처기업진흥공단,2026-07-16~2026-08-06,수출,해외진출준비
biz,PBLN_000000000124436,[경북] 상주시 2026년 농특산물 TV홈쇼핑 신규입점 및 판매 참여단체 모집 공고,"상주시와 경상북도경제진흥원은 광고효과가 높은 TV홈쇼핑 방송 지원을 통한 매출확대 및 인지도 제고를 위해 다음과 같이 TV홈쇼핑 방송판매를 지원하오니 많은 관심과 신청 바랍니다.
☞ 상주시 소재 농특산품 생산ㆍ가공 관련 농협, 법인 등
- 상주시에 소재한 농특산물 생산ㆍ가공 관련 농업협동조합, 농업법인 및 그 밖의 관련 단체
- TV홈쇼핑을 통해 판매 가능한 농특산물 또는 가공제품을 보유한 단체
- 홈쇼핑 방송을 위한 안정적인 생산·공급 및 배송이 가능한 단체
- 홈쇼핑사 품질보증(QA) 심사 및 관련 서류 제출이 가능한 단체
☞ TV 홈쇼핑 입점 및 방송판매 지원
- 방송제작: 쇼호스트, 상품정보 인서트 영상제작 등
- 생방송: 방송 수수료 인하, 판매성과에 따른 리오더 및 추가방송",판로/수출,경상북도경제진흥원,경상북도,중소기업,중소기업,,,,,,,홍보지원,2026-07-16,2026-07-28,,이메일 접수 (bc100@gepa.kr),이메일 접수 (bc100@gepa.kr),https://www.bizinfo.go.kr/sii/siia/selectSIIA200Detail.do?pblancId=PBLN_000000000124436,main,primary,경북상주시2026년농특산물tv홈쇼핑신규입점및판매참여단체모집공고,경상북도경제진흥원,2026-07-16~2026-07-28,내수,홍보지원
biz,PBLN_000000000124435,2026년 디지털 치과 의료기기 기술개발 및 시장 진출 지원 사업 연장 공고,"한국산업기술시험원에서는 산업통상부와 대구광역시의 지원으로 바이오산업기술개발사업 「디지털 치과 생태계 확산을 위한 초연결 치과산업 플랫폼 개발 및 실증」 과제를 수행하고 있습니다. 이와 관련하여 디지털 치과 의료기기 기술개발 및 시장 진출 지원 사업을 추진하오니, 관심 있는 기업들의 많은 신청 바랍니다.
☞ 의료 데이터 기반의 기술 개발 또는 제품의 시험평가 및 인허가 기술 지원을 통한 공인시험성적서, 기술문서 등 관련 자료 확보를 통하여 시장에 진출하고자 계획 중인 기업으로 아래 사항 중 1개 이상 해당 기업
- 부가가치세법 제8조에 따라 사업자등록을 완료한 기업 중 본사 또는 사업장이 대구광역시에 소재하는 기업
- 대구광역시 내 본사 및 지사 이전 또는 지사 설립을 확약한 기업
※ 본 사업의 간접지원 분야(데이터 기반 기술개발지원)의 경우 기업 소재지와 무관하게 신청이 가능함
☞ 치과 의료데이터 활용, 안전성 시험성적서 발급, 사이버보안 시험성적서 발급, 품질시스템 및 기술문서 확보 지원
- 기업당 최대 2,000만원 한도
※ 자세한 지원내용 공고문 참조",기술,한국산업기술시험원,전국,중소기업,중소기업,,,,,,,기술사업화/이전/지도,2026-07-15,2026-07-29,,이메일 접수 (hoyeollee11@ktl.re.kr),이메일 접수 (hoyeollee11@ktl.re.kr),https://www.bizinfo.go.kr/sii/siia/selectSIIA200Detail.do?pblancId=PBLN_000000000124435,main,primary,2026년디지털치과의료기기기술개발및시장진출지원사업연장공고,한국산업기술시험원,2026-07-15~2026-07-29,기술,기술사업화/이전/지도
biz,PBLN_000000000124434,[전남광주] 2026년 차이나 라이선싱 엑스포 공동관 참가기업 모집 공고(지역특화콘텐츠개발지원사업),"광주정보문화산업진흥원은 광주 지역 콘텐츠 기업의 국외 라이선스 시장 진출을 지원하고자, ‘2026 차이나 라이선싱 엑스포’ 공동관에 참가할 기업을 아래와 같이 모집하오니 관심 있는 기업의 많은 참여를 바랍니다.
☞ 공고일 기준 본사 또는 사업장 소재지가 (구)광주광역시에 해당하는 콘텐츠 기업으로, 자체 IP(캐릭터, 애니메이션, 웹툰, 게임 등)를 보유하고 있는 기업
※ 전남광주통합특별시 동구,서구,남구,북구,광산구에 해당하는 콘텐츠 기업
☞ 공동관 내 전시 및 상담 공간 및 기본 인프라, 참가기업별 부스 구성(상담테이블 및 의자, 벽면그래픽, TV 모니터) 지원
- 항공료 70%(이코노미 기준), 숙박비 및 통역 인건비(전시기간에 한함) 등 지원",판로/수출,광주정보문화산업진흥원,광주광역시,중소기업,중소기업,,,,,,,시장개척,2026-07-14,2026-07-28,,이메일 접수 (gjlocalcontent@gmail.com),이메일 접수 (gjlocalcontent@gmail.com),https://www.bizinfo.go.kr/sii/siia/selectSIIA200Detail.do?pblancId=PBLN_000000000124434,main,primary,전남광주2026년차이나라이선싱엑스포공동관참가기업모집공고지역특화콘텐츠개발지원사업,광주정보문화산업진흥원,2026-07-14~2026-07-28,수출,시장개척
biz,PBLN_000000000124433,[전남광주] 2026년 3차 인공지능 기술 고도화 지원사업 상시 모집 공고(AI융합 지능형 농업 생태계 구축),"광주정보문화산업진흥원에서 AI융합 지능형 농업에 활용이 가능한 전 분야(생산, 물류, 유통 등) 기술의 고도화를 통한 기업 경쟁력 강화 지원해드리는 사업입니다.
☞ 공고일 기준 AI, SW, ICT, 지능형 농업 등 관련 업종으로 사업자 등록된 광주광역시 내 기업(본사, 지사, 부설연구소 소재) 
※ 자세한 신청대상 공고문 참조
☞ (신뢰성평가 인증) 지능형 농업에 활용 가능한 AI기술 신뢰성 평가 비용 지원
- 기업당 최대 7백만원 지원
※ SW품질평가, 데이터품질평가, 시험평가인증(KC, 안정성 등), AI신뢰성인증 등
※ 2026년 내 취득한 신뢰성 평가에 한하여 지원",기술,광주정보문화산업진흥원,광주광역시,중소기업,중소기업,,,,,,,시험/인증,상시 접수,,,"이메일 접수 (lhj10@gicon.or.kr)
※ 메일 접수 시 제목 : [기업명]사업명_세부사업 (ex: [㈜GICON]AI기술고도화_신뢰성평가)","이메일 접수 (lhj10@gicon.or.kr)
※ 메일 접수 시 제목 : [기업명]사업명_세부사업 (ex: [㈜GICON]AI기술고도화_신뢰성평가)",https://www.bizinfo.go.kr/sii/siia/selectSIIA200Detail.do?pblancId=PBLN_000000000124433,main,primary,전남광주2026년3차인공지능기술고도화지원사업상시모집공고ai융합지능형농업생태계구축,광주정보문화산업진흥원,상시 접수~,기술,시험/인증
biz,PBLN_000000000124432,[경기] 2026년 하반기 해외바이어 초청 연수 사업 참여기업 모집 공고,"경기도 물기업의 해외진출 지원을 위한「해외바이어 초청 물산업 연수」사업에 참여할 기업을 다음과 같이 공개모집 합니다.
☞ 공고일 현재 경기도에 본사(또는 공장)가 소재한 중소ㆍ중견 물기업으로서 해외진출에 관심을 가지고 있으며, 해외 진출(예정)국의 정부기관 실무자 또는 정책 담당자 초청이 가능한 기업
- ‘2026년 경기도 물산업 발전포럼’과 연계하여 진행되는 사업으로 초청 바이어의 해당국 물분야 현안 발표, 비즈니스 상담 등 포럼 참여가 필수적임
☞ 해외바이어 국내 초청비용(항공료ㆍ숙박비ㆍ통역비) 
- (항공료) 초청 바이어 1인 국제선 이코노미 왕복 항공운임
- (숙박비) 바이어 국내 체류 숙박비용(공식일정만 해당) 
- (통역비) 바이어 초청기간 내 통역전문요원 활용비 지급",판로/수출,경기환경에너지진흥원,경기도,중소기업,중소기업,,,,,,,해외진출준비,2026-07-13,2026-07-31,,온라인 접수(경기도 물산업지원센터),온라인 접수(경기도 물산업지원센터),https://www.bizinfo.go.kr/sii/siia/selectSIIA200Detail.do?pblancId=PBLN_000000000124432,main,primary,경기2026년하반기해외바이어초청연수사업참여기업모집공고,경기환경에너지진흥원,2026-07-13~2026-07-31,수출,해외진출준비
biz,PBLN_000000000124431,2026년 공영홈쇼핑 우수 장애인기업제품 코칭ㆍ상담회 참여기업 모집 공고,"장애인기업종합지원센터와 ㈜공영홈쇼핑이 함께하는 '2026년 코칭ㆍ상담회'를 통해 우수한 장애인기업제품을 발굴하고 판로 확대를 지원하고자 하오니, 장애인기업들의 많은 관심과 참여를 바랍니다.
☞ 아래 조건을 모두 충족하는 장애인기업 확인서 보유기업
- 장애인기업제품 中 B2C 소비재 제품 한정
- 장애인기업활동 촉진법 제2조 및 동법 시행령 제2조에 의한 장애인기업
- 중소기업기본법 제2조 및 소상공인기본법 제2조 규정에 의한 중소기업 및 소상공인
☞ 장애인기업제품 코칭ㆍ상담, 교육지원 및 지원사업 설명회 등 지원
※ 자세한 지원내용 공고문 참조",판로/수출,장애인기업종합지원센터,전국,장애인기업,기타,,,,,,,오프라인,2026-07-16,2026-07-31,,이메일 접수 (jhe@debc.or.kr),이메일 접수 (jhe@debc.or.kr),https://www.bizinfo.go.kr/sii/siia/selectSIIA200Detail.do?pblancId=PBLN_000000000124431,main,primary,2026년공영홈쇼핑우수장애인기업제품코칭ㆍ상담회참여기업모집공고,장애인기업종합지원센터,2026-07-16~2026-07-31,내수,오프라인
biz,PBLN_000000000124430,[전남광주] 2026년 콘텐츠 IP 지역특화 상품개발지원 지정과제1 참가기업 모집 재공고(광주 지역특화콘텐츠개발지원사업),"광주정보문화산업진흥원에서 광주 지역특화 자원과 콘텐츠 IP를 연계한 상품개발 및 사업화를 통해 지역 콘텐츠 산업의 자생력과 경쟁력을 강화를 도모해드리는 사업입니다.
☞ 콘텐츠 IP를 보유한 광주광역시 소재 콘텐츠 기업(법인 및 개인사업자)
- 문화산업진흥 기본법 제2조에 따른 ‘문화산업’ 분야를 영위하는 기업(법인 및 개인사업자)
- 중소기업기본법 제2조에 따른 중소기업
※ (구)광주광역시 기준으로, 전남광주통합특별시 동구, 서구, 남구, 북구, 광산구에 해당(이하 동일)
☞ 콘텐츠 IP 활용 상품개발비 지원(인건비, 운영비) 지원
※ 자세한 지원내용 공고문 참조",경영,광주정보문화산업진흥원,광주광역시,중소기업,중소기업,,,,,,,디자인/상품화/사업화,2026-07-14,2026-07-29,,"온라인 접수 (e나라도움)
※ 자세한 신청방법 공고문 참조","온라인 접수 (e나라도움)
※ 자세한 신청방법 공고문 참조",https://www.bizinfo.go.kr/sii/siia/selectSIIA200Detail.do?pblancId=PBLN_000000000124430,main,primary,전남광주2026년콘텐츠ip지역특화상품개발지원지정과제1참가기업모집재공고광주지역특화콘텐츠개발지원사업,광주정보문화산업진흥원,2026-07-14~2026-07-29,경영,디자인/상품화/사업화
biz,PBLN_000000000124429,2026년 3차 경북 뿌리산업 DX(디지털전환) 기술지원사업(지재권 출원 및 등록)수혜기업 모집 재공고(뿌리산업 제조공정혁신 지원을 위한 DX 기반구축),"산업혁신기반구축사업의 일환으로 산업통상자원부가 주관, (재)구미전자정보기술원, (재)경북테크노파크에서 수행 중인「뿌리산업 제조공정혁신 지원을 위한 DX 기반구축사업」의 ‘뿌리산업 DX(디지털전환) 기술지원사업’ 수혜기업을 모집 하고자 하오니 지역기업들의 많은 관심과 신청 부탁드립니다.
☞ 제조공정 디지털 전환을 희망하는 뿌리산업 제조 중소ㆍ중견기업
- 경북도내 기업(본사, 공장, 연구소) 또는 협약일 전까지 기업 이전 완료 기업으로써 전ㆍ후방 연관 제품(기술) 분야 신청 가능
☞ 디지털전환 관련 결과물의 지식재산권 출원 지원(최대 2,500천원/건)",기술,경북테크노파크,경상북도,중소기업,중소기업,,,,,,,기술사업화/이전/지도,2026-07-15,2026-08-05,,"이메일 접수 (hjs0956@gbtp.or.kr)
※ 메일 제목 및 제출 파일명 : 뿌리산업 DX(디지털전환) 기술지원사업(기업명, 지원분야)","이메일 접수 (hjs0956@gbtp.or.kr)
※ 메일 제목 및 제출 파일명 : 뿌리산업 DX(디지털전환) 기술지원사업(기업명, 지원분야)",https://www.bizinfo.go.kr/sii/siia/selectSIIA200Detail.do?pblancId=PBLN_000000000124429,main,primary,2026년3차경북뿌리산업dx디지털전환기술지원사업지재권출원및등록수혜기업모집재공고뿌리산업제조공정혁신지원을위한dx기반구축,경북테크노파크,2026-07-15~2026-08-05,기술,기술사업화/이전/지도
biz,PBLN_000000000124428,[경남] 2026년 튀르키예 방산수출사절단 참가지원사업 공고,"경상남도에 위치한 경쟁력 있는 방산 분야 중소기업을 대상으로 해외 신규 구매자를 발굴하고, 수출 시장을 확대할 기회를 제공하고자,「튀르키예 방산 수출사절단 참가 지원사업(2026)」에 참가할 기업을 아래와 같이 모집하오니 많은 신청 바랍니다.
☞ 도내에 본사 또는 공장이 소재하는 방산 분야 수출 중소기업
☞ 행사장 임차료, 통역비(50%), 편도 항공료(1社 1人)",판로/수출,경남테크노파크,경상남도,중소기업,중소기업,,,,,,,시장개척,2026-07-20,2026-07-31,,온라인 접수(경상남도 해외마케팅 사업지원시스템),온라인 접수(경상남도 해외마케팅 사업지원시스템),https://www.bizinfo.go.kr/sii/siia/selectSIIA200Detail.do?pblancId=PBLN_000000000124428,main,primary,경남2026년튀르키예방산수출사절단참가지원사업공고,경남테크노파크,2026-07-20~2026-07-31,수출,시장개척
biz,PBLN_000000000124427,[경북] 2026년 2차 소공인 클린제조환경조성 사업 모집 공고,"소공인 작업장의 안전사고 예방 및 에너지효율개선 지원을 목적으로 추진하는「2026년 경상북도 소공인 클린제조환경조성」사업을 다음과 같이 공고하오니 많은 관심과 참여바랍니다.
☞「도시형소공인 지원에 관한 특별법」제2조에 의한 소공인 
(상시근로자수 10인 미만의 제조업을 영위하는 소상공인)
- 신청조건 ①,②를 모두 충족하여야 함
① 한국표준산업분류 상 중분류 기준 ’제조업(업종코드 : C10~C34)‘을 주된 사업으로 영위중이어야 함([참고1], [참고2] 참조)
② 상시근로자 수가 10인 미만이며, 경상북도에 소재 중인 소상공인 ([참고3] 참조)
☞ 안전ㆍ환경, 에너지효율 중 1개 항목 선택 지원
- (안전ㆍ환경) 산업안전 예방위한 장치교체ㆍ개보수, (스마트)안전장비, 산업폐기물 처리 등 지원
- (에너지효율) 작업공정별 에너지절감을 위한 고효율장비, 온실가스 감축 설비 등 교체ㆍ개보수ㆍ공사 지원",인력/일자리,경북테크노파크,경상북도,소상공인,소상공인,,,,,,,작업환경개선,2026-07-15,2026-08-14,,온라인 접수 (소상공인24),온라인 접수 (소상공인24),https://www.bizinfo.go.kr/sii/siia/selectSIIA200Detail.do?pblancId=PBLN_000000000124427,main,primary,경북2026년2차소공인클린제조환경조성사업모집공고,경북테크노파크,2026-07-15~2026-08-14,인력,작업환경개선
biz,PBLN_000000000124426,2026년 KSD나눔재단의 장애소상공인 영업환경 개선사업(시설 개ㆍ보수) 모집 공고,"한국예탁결제원 KSD나눔재단과 (재)장애인기업종합센터가 함께하는「2026년 장애소상공인 영업환경 개선사업(시설 개ㆍ보수)」을 공고하오니, 참여희망업체는 신청하여 주시기 바랍니다.
☞ 장애인기업확인서 발급기업 중 소상공인에 해당하는 기업
※ 자세한 지원대상 공고문 참조
☞ 영업환경 개선을 위한 시설 개보수, 집기 구입 등(업체당 최대 1,100만원 이내) 지원",경영,장애인기업종합지원센터,전국,장애인기업,소상공인,,,,,,,시설/입지지원,2026-07-15,2026-07-31,,"이메일, 우편, 방문 접수
- 접수처 : (07230) 서울특별시 영등포구 버드나루로 14길 25, 6층 장애소상공인 영업환경 개선사업 담당자
- 이메일 : nsj2@debc.or.kr 
※ 서류제출 후, 사업담당자에게 접수 확인 요망","이메일, 우편, 방문 접수
- 접수처 : (07230) 서울특별시 영등포구 버드나루로 14길 25, 6층 장애소상공인 영업환경 개선사업 담당자
- 이메일 : nsj2@debc.or.kr 
※ 서류제출 후, 사업담당자에게 접수 확인 요망",https://www.bizinfo.go.kr/sii/siia/selectSIIA200Detail.do?pblancId=PBLN_000000000124426,main,primary,2026년ksd나눔재단의장애소상공인영업환경개선사업시설개ㆍ보수모집공고,장애인기업종합지원센터,2026-07-15~2026-07-31,경영,시설/입지지원
biz,PBLN_000000000124425,[전북] 2026년 2차 미래 상용차 대응 핵심기술 내재화 기술개발 지원 기업지원사업(기술개발 지원) 공고,"전북특별자치도 내 미래 상용차 기술 수요 기반 중장기 기술 방향성 확보를 위해 추진하는「미래 상용차 대응 핵심기술 내재화 기술개발 지원」사업의 기업지원 과제 지원을 안내하오니 관련 기업의 많은 참여를 바랍니다.
☞ 공동 협력체계 구성 가능
- (주관기관) 전북특별자치도 소재 중소 자동차부품기업
- (참여기관) 국내 자동차 관련 S/W기업, 대학 및 연구기관 등 관련 기관
☞ 소프트웨어 분야 핵심기술을 내재화한 하드웨어 및 소프트웨어 융합 부품을 개발하는 과제에 대한 재료비, 기술이전비 등 지원(과제당 지원금 최대 3.8억원)
- 시료, 재료 구입 및 시제품 제작비 지원
- 시험ㆍ평가ㆍ인증, 외부 시험분석 및 실증 비용
- 기술도입비, 라이선스 임차료 및 전문가 활용비 지원
- 양산 적합화, 기존 제품의 보완ㆍ개조, 인터페이스 연동 및 사업화 연계 비용 등",기술,자동차융합기술원,전북특별자치도,중소기업,중소기업,,,,,,,기술사업화/이전/지도,2026-07-15,2026-08-14,,온라인 접수 (자동차융합기술원),온라인 접수 (자동차융합기술원),https://www.bizinfo.go.kr/sii/siia/selectSIIA200Detail.do?pblancId=PBLN_000000000124425,main,primary,전북2026년2차미래상용차대응핵심기술내재화기술개발지원기업지원사업기술개발지원공고,자동차융합기술원,2026-07-15~2026-08-14,기술,기술사업화/이전/지도
biz,PBLN_000000000124424,2026년 이차전지 소재부품 기업대상 기술개발 패키지 지원프로그램 참여기업 추가 모집 공고,"구미전자정보기술원은 국내 이차전지 산업생태계 활성화 및 경쟁력 강화를 위한「이차전지 육성 거점센터 구축 지원사업」의 일환으로 이차전지 원소재ㆍ전구체ㆍ양극재 개발을 위한 지원프로그램을 시행하고자 합니다. 아래와 같이 지원 사업을 공고하오니 관심있는 시업의 참여를 바랍니다.
☞ 이차전지 소재개발과 관련된 국내 기업
☞ 전문인력 및 분석ㆍ공정장비를 활용하여 기업의 기술개발 지원
※ 자세한 지원내용 공고문 참조",기술,구미전자정보기술원,경상북도,장애인기업,기타,,,,,,,기술사업화/이전/지도,2026-07-15,2026-07-31,,이메일 접수(tnd02204@geri.re.kr),이메일 접수(tnd02204@geri.re.kr),https://www.bizinfo.go.kr/sii/siia/selectSIIA200Detail.do?pblancId=PBLN_000000000124424,main,primary,2026년이차전지소재부품기업대상기술개발패키지지원프로그램참여기업추가모집공고,구미전자정보기술원,2026-07-15~2026-07-31,기술,기술사업화/이전/지도
biz,PBLN_000000000124423,[대구] 2026년 대구국제로봇산업전 참가기업 모집 공고(첨단로봇 산업육성 및 글로벌 경쟁력 강화사업),"대구기계부품연구원에서 주관하여 수행중인 첨단로봇 산업육성 및 글로벌 경쟁력 강화 사업의 일환으로 지역 로봇기업의 수출활성화 및 국내ㆍ외 시장 진출기반 마련을 위하여 「2026년 대구국제로봇산업전(FIX 2026)」참가기업을 아래와 같이 모집하오니 관심 있는 기업의 적극적인 참여를 바랍니다.
☞ 대구광역시 내 본사를 두고 있는 로봇 관련 기업
☞ FIX2026(Future Innovation tech EXPO 2026) 내 부스 임차료 지원",판로/수출,대구기계부품연구원,대구광역시,중소기업,중소기업,,,,,,,해외진출준비,2026-07-15,2026-08-31,,"우편 및 방문 접수
- 접수처 : 대구광역시 달서구 성서공단로11길 32 연구1동 3층 305호 기계로봇연구본부 
※ 모든 제출서류는 원본파일과 함께 [USB에 한글파일 및 PDF로 저장하여 함께 제출] 요망","우편 및 방문 접수
- 접수처 : 대구광역시 달서구 성서공단로11길 32 연구1동 3층 305호 기계로봇연구본부 
※ 모든 제출서류는 원본파일과 함께 [USB에 한글파일 및 PDF로 저장하여 함께 제출] 요망",https://www.bizinfo.go.kr/sii/siia/selectSIIA200Detail.do?pblancId=PBLN_000000000124423,main,primary,대구2026년대구국제로봇산업전참가기업모집공고첨단로봇산업육성및글로벌경쟁력강화사업,대구기계부품연구원,2026-07-15~2026-08-31,수출,해외진출준비
biz,PBLN_000000000124422,[전북] 2026년 2차 미래 상용차 대응 핵심기술 내재화 기술개발 지원 수요기술 공급 지원 컨설팅 공고,"도내 자동차 부품기업의 하드웨어 기반 부품에 소프트웨어 및 제어 기술이 원활히 적용될 수 있도록 기초ㆍ실무 중심의 기술 컨설팅을 제공하는「미래 상용차 대응 핵심기술 내재화 기술개발 지원」 내 수요기술 공급 지원 컨설팅 프로그램을 안내하오니 기업의 많은 참여를 바랍니다.
☞ 전북도 내 자동차 부품 기업 및 업종 전환을 희망하는 중소기업
☞ 하드웨어 부품과 소프트웨어 간 연동 구조, 제어 로직 적용 등 ‘내재화’관련 분야 기술 적용 방향 자문 및 개선사항 도출 지원
- 컨설팅 지원 건당 최대 3,400천원 지원",기술,자동차융합기술원,전북특별자치도,중소기업,중소기업,,,,,,,기술사업화/이전/지도,2026-07-15,2026-08-14,,온라인 접수 (자동차융합기술원),온라인 접수 (자동차융합기술원),https://www.bizinfo.go.kr/sii/siia/selectSIIA200Detail.do?pblancId=PBLN_000000000124422,main,primary,전북2026년2차미래상용차대응핵심기술내재화기술개발지원수요기술공급지원컨설팅공고,자동차융합기술원,2026-07-15~2026-08-14,기술,기술사업화/이전/지도
biz,PBLN_000000000124421,"2026년 글로벌 SaaS 마켓플레이스 지원기업 국내 SaaS 중소ㆍ중견 지원기업 모집 공고(후쿠오카, 도쿄)","본 사업은「2026년 글로벌 SaaS마켓플레이스 지원사업」을 통해 국내 SaaS중소ㆍ중견 기업에 글로벌 현지 홍보를(후쿠오카,도쿄) 지원하고자 합니다. 이를 위해 다음과 같이 공고하오니,국내 SaaS기업의 많은 관심과 참여 부탁드립니다.
☞ SaaS 마켓플레이스를 통해 해외 진출을 희망하는 국내 중소ㆍ중견 SW 기업(법인)
※ 자세한 지원대상 공고문 참조
☞ 해외 현지 홍보 지원 : 일본 행사(후쿠오카, 도쿄) 참가 및 홍보ㆍ마케팅 지원",판로/수출,한국정보통신기술협회,전국,중소기업,중소기업,,,,,,,해외진출준비,2026-07-15,2026-07-30,,온라인 접수(구글폼),온라인 접수(구글폼),https://www.bizinfo.go.kr/sii/siia/selectSIIA200Detail.do?pblancId=PBLN_000000000124421,main,primary,2026년글로벌saas마켓플레이스지원기업국내saas중소ㆍ중견지원기업모집공고후쿠오카도쿄,한국정보통신기술협회,2026-07-15~2026-07-30,수출,해외진출준비
biz,PBLN_000000000124420,2026년 바이오유럽(BIO-Europe) 참가지원 사업 공고,"한국보건산업진흥원은 제약바이오 분야 우수기술의 국내ㆍ외 기술이전 및 오픈이노베이션 기회 구축 지원을 위하여 유럽 최대 보건의료기술거래의 장인 바이오유럽(BIO-Europe) 참가 지원 사업을 추진하오니, 관심 있는 기업의 많은 신청바랍니다.
☞ 글로벌 진출을 희망하는 국내 제약바이오기업
☞ 바이오유럽 2026 참가 등록비 지원, 한국관 부스 활용 지원, 코리아 네트워킹 나이트 초청, 참가등록비 15% 할인코드 지원",판로/수출,한국보건산업진흥원,보건복지부,중소기업,중소기업,,,,,,,해외진출준비,2026-07-10,2026-07-31,,이메일 접수(sjeon6@khidi.or.kr ),이메일 접수(sjeon6@khidi.or.kr ),https://www.bizinfo.go.kr/sii/siia/selectSIIA200Detail.do?pblancId=PBLN_000000000124420,main,primary,2026년바이오유럽bioeurope참가지원사업공고,한국보건산업진흥원,2026-07-10~2026-07-31,수출,해외진출준비
biz,PBLN_000000000124419,[경기] 성남시 2026년 청년창업 아이디에이션 4.0 참가자 모집 공고(미래 선도 첨단도시 성남 청년 글로벌 창업 역량강화 프로젝트),"성남 청년들의 혁신기술 분야 창업 역량 강화를 위해, 전문 창업교육과 미서부 현지 기업 탐방을 통한 아이디어 고도화 및 실행 기반 마련의 기회를 제공하고자「2026. 청년창업 아이디에이션 4.0」 참가자를 다음과 같이 모집하오니 많은 관심과 참여 바랍니다.
☞ 혁신기술 기반 창업을 희망하는 성남시 청년(개인 또는 3인 이하의 팀)
※ 성남시 거주ㆍ재학ㆍ재직 청년으로 19세 ~ 39세(사업 공고일 기준 만나이 적용)
☞ 선발된 아이디어를 바탕으로 한 창업 교육(혁신기술 분야 창업 특강), 미서부(실리콘밸리) 글로벌 부트캠프를 통한 한 아이템 구체화, 현지 기업 투어, 성과공유회 운영 지원
- 교육 전 과정 수반 비용, 글로벌 부트캠프 프로그램 비용, 현지체재비(숙박, 식사, 차량 등) 지원",창업,성남시청소년청년재단,경기도,창업벤처,"청년,초기창업기업",,,,,,,사업화지원,2026-07-20,2026-08-13,,"이메일 접수(snboom@snyouth.or.kr)
※ 이메일 발송 후 유선확인(070-4908-2095)","이메일 접수(snboom@snyouth.or.kr)
※ 이메일 발송 후 유선확인(070-4908-2095)",https://www.bizinfo.go.kr/sii/siia/selectSIIA200Detail.do?pblancId=PBLN_000000000124419,main,primary,경기성남시2026년청년창업아이디에이션40참가자모집공고미래선도첨단도시성남청년글로벌창업역량강화프로젝트,성남시청소년청년재단,2026-07-20~2026-08-13,창업,사업화지원
biz,PBLN_000000000124418,[경기] 2026년 노사상생 우수기업 공고,"경기도 노사민정협의회에서는 일ㆍ생활 균형, 안전일터 조성 등 노사상생 문화를 구축한 우수기업을 선정, 혜택을 제공함으로써 경기지역 내 우수사례 확산을 도모하고자 2026년「경기도 노사상생 우수기업」 선정 계획 및 관련 사항을 다음과 같이 공고하오니 도내 유수한 중소ㆍ중견기업의 많은 참여 바랍니다.
☞ 업력 3년 이상으로 주된 사업장이 경기도에 소재하고 있는 상시노동자 10인 이상 기업
☞ 경기도지사 인증패 및 인센티브 제공
- 중소기업 육성자금 심사 우대(가점 5점), 신용보증 우대(가점 1점), 보도자료, 사례집 등 선정기업 홍보 지원 등",경영,경기도 노사민정협의회,경기도,중소기업,중소기업,,,,,,,디자인/상품화/사업화,2026-07-15,2026-07-29,,이메일 접수 (eogurrkd@gyef.or.kr),이메일 접수 (eogurrkd@gyef.or.kr),https://www.bizinfo.go.kr/sii/siia/selectSIIA200Detail.do?pblancId=PBLN_000000000124418,main,primary,경기2026년노사상생우수기업공고,경기도노사민정협의회,2026-07-15~2026-07-29,경영,디자인/상품화/사업화
biz,PBLN_000000000124417,2026년 세계폐암학회(WCLC) 참가 지원 사업 공고,"한국보건산업진흥원은 국내 제약바이오기업의 폐암 및 흉부종양분야 글로벌 개발 동향 파악 및 임상ㆍ사업화역량 강화를 위하여, 국내에서 개최되는 세계폐암학회(WCLC) 참가 지원 사업을 추진하고자 합니다. 관심 있는 기업의 많은 신청 바랍니다.
☞ 국내 제약바이오기업
☞ 기업별 1인 참가 등록비 지원",기술,한국보건산업진흥원,보건복지부,중소기업,중소기업,,,,,,,기술정보제공,2026-07-14,2026-07-30,,이메일 접수(minju929@khidi.or.kr),이메일 접수(minju929@khidi.or.kr),https://www.bizinfo.go.kr/sii/siia/selectSIIA200Detail.do?pblancId=PBLN_000000000124417,main,primary,2026년세계폐암학회wclc참가지원사업공고,한국보건산업진흥원,2026-07-14~2026-07-30,기술,기술정보제공
biz,PBLN_000000000124416,[인천] 제물포구 2026년 국내ㆍ외 전시회 참가기업 지원사업 공고,"관내 중소기업의 판로개척을 통해 매출 증대 및 지역경제 활성화에 기여하고자「2026년 국내ㆍ외 전시회 참가기업 지원사업」을 다음과 같이 추가공고합니다.
☞ 제물포구 관내 본사 또는 공장이 소재한 중소기업
☞ (오프라인) 전시장 부스 임차료 및 전시회 참가비, 장치비
※ 국외 전시회 참가시 운송비(편도,1CBM), 통역비(50%) 추가 지원
- (온라인) 전시회 참가비, 컨텐츠 제작비 및 플랫폼 사용료 지원",판로/수출,기초자치단체,인천광역시,중소기업,중소기업,,,,,,,해외진출준비,2026-07-08,2026-07-31,,"방문 또는 이메일 접수
- 접수처 : 인천 제물포구 신포로27번길 80, 서별관 1층
- 이메일 : dongu4510@korea.kr","방문 또는 이메일 접수
- 접수처 : 인천 제물포구 신포로27번길 80, 서별관 1층
- 이메일 : dongu4510@korea.kr",https://www.bizinfo.go.kr/sii/siia/selectSIIA200Detail.do?pblancId=PBLN_000000000124416,main,primary,인천제물포구2026년국내ㆍ외전시회참가기업지원사업공고,기초자치단체,2026-07-08~2026-07-31,수출,해외진출준비
biz,PBLN_000000000124415,[인천] 제물포구 2026년 소규모 기업환경 개선사업 모집 공고,"인천광역시 제물포구「소규모 기업환경 개선사업」에 참여할 기업을 다음과 같이 모집합니다. 
☞ 제물포구 관내 사업장(본사, 지점, 공장)을 두고 있는 기업 
- 상시고용 근로자수 50인 미만인 기업 (신청일 기준 전월말 기준) 
- 관내 사업장 사업개시 2년 이상 경과
☞ 노동환경, 작업환경 개선 지원",인력/일자리,기초자치단체,인천광역시,중소기업,중소기업,,,,,,,작업환경개선,2026-07-13,2026-07-31,,"방문 접수
- 접수처 : 인천광역시 제물포구 신포청사 신포로27번길 80, 서별관 1층 일자리경제과 기업지원팀","방문 접수
- 접수처 : 인천광역시 제물포구 신포청사 신포로27번길 80, 서별관 1층 일자리경제과 기업지원팀",https://www.bizinfo.go.kr/sii/siia/selectSIIA200Detail.do?pblancId=PBLN_000000000124415,main,primary,인천제물포구2026년소규모기업환경개선사업모집공고,기초자치단체,2026-07-13~2026-07-31,인력,작업환경개선
biz,PBLN_000000000124414,2026년 2차 김제시 통상마스터Youth 참여기업 추가 모집 공고,"수출 현장의 복잡한 통상 문제와 해외시장 개척에 어려움을 겪고 있는 김제시 청년 기업을 위해, 풍부한 실무 경험을 갖춘 전문가가 기업을 직접 방문하여 맞춤형 컨설팅과 수출 토탈마케팅을 제공하는「2026년 김제시 통상마스터Youth」 참여기업을 다음과 같이 추가 모집하오니 많은 관심과 참여바랍니다.
☞ 김제시 관내 청년 창업기업
-「김제시청년기본조례」에 근거 18세 이상 ~ 39세 이하(‘25.12.31.기준, 1986.1.1.~2007.12.31.)
- 공고일 기준 대표자의 주민등록 및 사업장 소재지가 김제시에 있는 자(다만, 타 지역 거주자의 경우 사업 선정 통보일로부터 1개월 이내 김제시 전입이 가능한 자에 한함)
☞ 실질적 수출 실무(수출 마케팅, 통관, 물류, 바이어 발굴, 계약 등) 지원을 위한 전문가 매칭 및 수출 토탈 마케팅 지원
※ 자세한 지원내용 공고문 참조",판로/수출,전북특별자치도경제통상진흥원,전북특별자치도,창업벤처,초기창업기업,,,,,,,해외진출준비,2026-07-10,2026-07-22,,온라인 접수 (전북특별자치도 수출통합지원시스템),온라인 접수 (전북특별자치도 수출통합지원시스템),https://www.bizinfo.go.kr/sii/siia/selectSIIA200Detail.do?pblancId=PBLN_000000000124414,main,primary,2026년2차김제시통상마스터youth참여기업추가모집공고,전북특별자치도경제통상진흥원,2026-07-10~2026-07-22,수출,해외진출준비
biz,PBLN_000000000124413,[인천] 2026년 IFEZ ESG 경영 컨설팅 참여 기업 모집 공고(인천공급망ESG지원센터),"인천상공회의소는 ‘인천공급망ESG지원센터’ 사업의 일환으로 인천광역시 경제자유구역 소재 중소기업의 ESG 경영 부담을 완화하고 ESG 역량 및 수출경쟁력 강화를 위해 붙임과 같이 ‘IFEZ ESG 경영 컨설팅’을 진행하오니 인천광역시경제자유구역 내 중소기업의 많은 관심과 참여 바랍니다. 
☞ 인천광역시 경제자유구역에 본사 또는 공장을 보유한 중소기업
☞ ESG 경영 실천을 위한 맞춤형 컨설팅 지원",경영,인천상공회의소,인천광역시,중소기업,중소기업,,,,,,,컨설팅,2026-07-14,2026-07-28,,온라인 접수(비즈오케이),온라인 접수(비즈오케이),https://www.bizinfo.go.kr/sii/siia/selectSIIA200Detail.do?pblancId=PBLN_000000000124413,main,primary,인천2026년ifezesg경영컨설팅참여기업모집공고인천공급망esg지원센터,인천상공회의소,2026-07-14~2026-07-28,경영,컨설팅
biz,PBLN_000000000124412,[전북] 전주시 2026년 수출바우처 지원사업 참여기업 모집 공고,"전주시와 (재)전북특별자치도경제통상진흥원에서는 중소기업 수출 확대를 위한 마케팅 및 기반조성을 위하여 전주시 수출바우처 지원사업 참여기업을 모집하고자 합니다.
☞ 전주시 내 제조 중소기업
☞ 수출 기반조성, 수출 마케팅, 현지화 등 수요자 맞춤형 종합 지원
※ 자세한 지원내용 공고문 참조",판로/수출,전북특별자치도경제통상진흥원,전북특별자치도,중소기업,중소기업,,,,,,,해외진출,2026-07-13,2026-07-22,,"온라인 접수 (전북특별자치도 수출통합지원시스템)
※ 자세한 신청방법 공고문 참조","온라인 접수 (전북특별자치도 수출통합지원시스템)
※ 자세한 신청방법 공고문 참조",https://www.bizinfo.go.kr/sii/siia/selectSIIA200Detail.do?pblancId=PBLN_000000000124412,main,primary,전북전주시2026년수출바우처지원사업참여기업모집공고,전북특별자치도경제통상진흥원,2026-07-13~2026-07-22,수출,해외진출
biz,PBLN_000000000124411,[전북] 2026년 전북기업과 함께하는 공공구매 전시상담회 참여기업 모집 공고,"도내 중소기업 제품의 공공분야 진출 및 판로확대를 위한 “2026년 전북기업과 함께하는 공공구매 전시상담회”에 참여를 희망하는 기업을 다음과 같이 모집합니다.
☞ 기관별 희망 수요에 대응할 수 있는 도내중소기업
※ 기술개발제품, 혁신제품, 창업기업, 여성기업, 장애인기업, 사회적경제기업 등
☞ 구매상담, 제품전시, 안내책자제작 지원
※ 자세한 지원내용 공고문 참조",판로/수출,전북특별자치도경제통상진흥원,전북특별자치도,중소기업,중소기업,,,,,,,공공구매,2026-07-13,2026-07-24,,온라인 접수 (전북특별자치도중소기업종합지원시스템),온라인 접수 (전북특별자치도중소기업종합지원시스템),https://www.bizinfo.go.kr/sii/siia/selectSIIA200Detail.do?pblancId=PBLN_000000000124411,main,primary,전북2026년전북기업과함께하는공공구매전시상담회참여기업모집공고,전북특별자치도경제통상진흥원,2026-07-13~2026-07-24,내수,공공구매
biz,PBLN_000000000124410,"[인천] 강화군 2026년 일본(도쿄,오사카) 해외시장 개척사업 참가업체 모집 공고","강화군에서는 관내 중소기업의 해외시장 판로개척 지원을 위하여「2026년 강화군 
해외시장 개척 사업」참가 희망기업을 모집하오니 많은 신청 바랍니다.
☞ 관내 본사 또는 공장을 보유한 중소(제조)업체 (단, 전년도 수출실적 2천만 불 이하 업체)
☞ 항공료 실비지원(1개사 1인), 바이어 발굴비, 상담장 임차료, 통역비 등 지원",판로/수출,인천테크노파크,인천광역시,중소기업,중소기업,,,,,,,시장개척,2026-07-13,2026-07-24,,온라인 접수(비즈오케이),온라인 접수(비즈오케이),https://www.bizinfo.go.kr/sii/siia/selectSIIA200Detail.do?pblancId=PBLN_000000000124410,main,primary,인천강화군2026년일본도쿄오사카해외시장개척사업참가업체모집공고,인천테크노파크,2026-07-13~2026-07-24,수출,시장개척
biz,PBLN_000000000124409,2026년 2차 게임콘텐츠 제작지원 사업 참가기업 모집 공고(대구글로벌게임센터),"대구디지털혁신진흥원에서 글로벌 게임기업 육성을 위해 추진하는 ‘2026년 대구글로벌게임센터 2차 게임콘텐츠 제작지원 사업’의 참가기업 모집을 다음과 같이 공고하오니, 참여하고자 하는 지역 관련 기업의 많은 관심과 신청바랍니다.
☞ 인디게임사 제작 : 사업자등록증 상 본사 소재 대구인 게임 제작/배급업 등록 기업(5년 미만)
- NEXON REPLAY IP 연계형 게임 제작 : 사업자등록증 상 본사 소재 대구인 게임 제작/배급업 등록 기업
※ 역외기업 : 협약일 기준 1개월 이내 본사 대구 이전ㆍ사업자등록 완료 확약 기업
※ 자세한 지원대상 공고문 참조 
☞ 인디게임사 제작 기업당 최대 40백만원, NEXON REPLAY IP 연계형 게임 제작 기업당 최대 65백만원 지원
- 신규 게임콘텐츠 제작 비용 지원(인건비, 수용비 등 자율 편성)
※ 자세한 지원내용 공고문 참조",경영,대구디지털혁신진흥원,대구광역시,중소기업,중소기업,,,,,,,디자인/상품화/사업화,2026-07-13,2026-07-28,,"온라인 접수 (e나라도움)
-  인디게임사 제작 : http://a.to/26dacaS
- NEXON REPLAY IP 연계형 게임 제작 : http://a.to/267YupB","온라인 접수 (e나라도움)
-  인디게임사 제작 : http://a.to/26dacaS
- NEXON REPLAY IP 연계형 게임 제작 : http://a.to/267YupB",https://www.bizinfo.go.kr/sii/siia/selectSIIA200Detail.do?pblancId=PBLN_000000000124409,main,primary,2026년2차게임콘텐츠제작지원사업참가기업모집공고대구글로벌게임센터,대구디지털혁신진흥원,2026-07-13~2026-07-28,경영,디자인/상품화/사업화
biz,PBLN_000000000124408,2026년 대전 지역특화콘텐츠개발지원사업 숏폼드라마 제작지원사업 모집공고,"대전 지역 영상 인프라와 지역 자원을 활용한 숏폼드라마 콘텐츠를 발굴ㆍ육성하고, 민간 투자·유통 연계를 통한 지역 콘텐츠의 사업화 기반을 마련하고자 「2026년 지역특화콘텐츠개발지원사업」 숏폼드라마 제작지원사업을 다음과 같이 공고하오니 많은 관심과 참여 바랍니다.
☞ 숏폼드라마 제작 역량을 보유한 국내 법인 또는 개인사업자
※ 「중소기업기본법」 제2조에 따른 중소기업에 한함
☞ 숏폼드라마 제작지원, 투자·유통 연계, 지역 인프라 활용, 성과확산 등 지원(과제당 지원금 최대 100,000천원 / 총 3편 내외)",경영,대전정보문화산업진흥원,대전광역시,중소기업,중소기업,,,,,,,디자인/상품화/사업화,2026-07-14,2026-07-29,,온라인 접수 (e나라도움),온라인 접수 (e나라도움),https://www.bizinfo.go.kr/sii/siia/selectSIIA200Detail.do?pblancId=PBLN_000000000124408,main,primary,2026년대전지역특화콘텐츠개발지원사업숏폼드라마제작지원사업모집공고,대전정보문화산업진흥원,2026-07-14~2026-07-29,경영,디자인/상품화/사업화
biz,PBLN_000000000124407,[전남광주] AI어장 현장실증(응용 서비스 사업화) 지원 모집 재공고(AI기반 어장공간정보 빅데이터 플랫폼 구축 및 활용사업),"(재)전남정보문화산업진흥원에서는「AI기반 어장공간정보 빅데이터 플랫폼 구축 및 활용사업」의 일환으로 수산양식 분야 디지털 전환 촉진을 위한 “AI어장 현장실증(응용 서비스 사업화) 지원”을 다음과 같이 공고하오니, 역량 있는 기업의 많은 관심과 참여 바랍니다.
☞  해양, 수산양식 분야에 적용가능한 해양조사, 서비스(SW, 응용서비스) 분야 ICT기업으로 전남광주통합특별시 소재의 기업, 법인 또는 연구소 보유기업
※ 공고일 기준 전남광주통합특별시에 사업자등록을 완료한 기업(사업자등록 必)
※ 단독 또는 컨소시엄 형태로 지원 가능. 컨소시엄 구성 시 주관기관은 전남광주통합특별시 기업만 해당하며, 주관기관 참여율 51%(구성, 사업비 등) 이상 의무
☞ 해양수산-ICT 기술 융합 서비스의 양식업 현장 적용 가능성 및 시장성 검증 지원",기술,전남정보문화산업진흥원,광주광역시,중소기업,중소기업,,,,,,,공동기술개발,2026-07-13,2026-07-27,,"이메일, 우편, 방문 접수
- 접수처 : (58600) 전라남도 목포시 대양산단로 200번길 107, 전남유틸리티 자원공유센터
- 이메일 : syhii@jcia.or.kr
※ 방문 접수 시 담당자에게 사전 연락 필수","이메일, 우편, 방문 접수
- 접수처 : (58600) 전라남도 목포시 대양산단로 200번길 107, 전남유틸리티 자원공유센터
- 이메일 : syhii@jcia.or.kr
※ 방문 접수 시 담당자에게 사전 연락 필수",https://www.bizinfo.go.kr/sii/siia/selectSIIA200Detail.do?pblancId=PBLN_000000000124407,main,primary,전남광주ai어장현장실증응용서비스사업화지원모집재공고ai기반어장공간정보빅데이터플랫폼구축및활용사업,전남정보문화산업진흥원,2026-07-13~2026-07-27,기술,공동기술개발
biz,PBLN_000000000124406,2026년 대전 AI 영상콘텐츠 제작 지원사업(미디어파사드) 추가모집 공고,"대전 지역 영상산업 활성화 도모를 위하여 「2026년 AI 영상콘텐츠 제작 지원 – 미디어파사드」 추가모집을 공고하오니 많은 관심과 참여 바랍니다.
☞ 협약 기간 내 생성형 AI 기술을 활용하여 영상 제작이 가능한 예비 창업자 또는 대전 소재 기업
- 협약체결일 기준, 3개월 이내 대전에 본사, 지사 등록 확약 기업
※ 자세한 지원대상 공고문 참조
☞  생성형 AI 플랫폼 또는 도구에 대한 구독료 비용 지원, 콘텐츠 제작 및 촬영 제작비 지원, 인건비 지원",경영,대전정보문화산업진흥원,대전광역시,중소기업,중소기업,,,,,,,디자인/상품화/사업화,2026-07-14,2026-07-28,,온라인 접수(e나라도움),온라인 접수(e나라도움),https://www.bizinfo.go.kr/sii/siia/selectSIIA200Detail.do?pblancId=PBLN_000000000124406,main,primary,2026년대전ai영상콘텐츠제작지원사업미디어파사드추가모집공고,대전정보문화산업진흥원,2026-07-14~2026-07-28,경영,디자인/상품화/사업화
biz,PBLN_000000000124405,[전남광주] 2026년 1인창조ㆍ중장년기술 창업보육센터 지원사업 사업화(창업형) 지원사업 모집 재공고,"「2026년 전남 1인창조ㆍ중장년기술 창업보육센터 사업화 지원 사업」을 통해 전남 1인창조ㆍ중장년기술 창업보육센터 입주(졸업)기업 및 도내 예비ㆍ초기 창업자의 사업화 역량 강화와 판로 확대를 지원하고자 하오니, 많은 관심과 참여 바랍니다.
☞ 공고일 기준 사업자등록증 또는 주민등록상 주소지가 전남인 예비창업자 및 초기 창업기업(3년 이내)
- 지원분야 : 마케팅/판로, 시제품 제작, 상세페이지 제작, 지재권 출원 지원 등
☞ 온ㆍ오프라인 판로 개척 지원, 제품 홍보자료 제작 지원, 창업자 브랜드 키트 제작 지원, 공인시험기관 시험수수료 및 인증 취득 지원",창업,전남정보문화산업진흥원,광주광역시,창업벤처,초기창업기업,,,,,,,사업화지원,2026-07-13,2026-07-27,,이메일 접수(gth@jcia.or.kr),이메일 접수(gth@jcia.or.kr),https://www.bizinfo.go.kr/sii/siia/selectSIIA200Detail.do?pblancId=PBLN_000000000124405,main,primary,전남광주2026년1인창조ㆍ중장년기술창업보육센터지원사업사업화창업형지원사업모집재공고,전남정보문화산업진흥원,2026-07-13~2026-07-27,창업,사업화지원
biz,PBLN_000000000124404,2026년 콘텐츠IP 마켓 참가기업 모집 공고,"웹툰ㆍ스토리ㆍ게임ㆍ영화ㆍ드라마ㆍ음악 등 ‘콘텐츠IP’가 한 자리에! <2026 콘텐츠IP 마켓>가 12월 2일부터 3일 간 서울 코엑스에서 개최됩니다. 한국콘텐츠진흥원은 콘텐츠 IP의 사업화, 상품화, 영상화, 해외 진출 등 다양한 콘텐츠 IP 비즈니스를 희망하는 기업을 아래와 같이 모집하오니 많은 관심과 신청 바랍니다.
☞ 콘텐츠 IP 라이선싱, 기획, 제작, 유통 등 관련 비즈니스를 희망하는 기업
- 콘텐츠 IP/판권 또는 협상권을 보유하여 직접 비즈니스 상담이 가능한 기업
- 대기업/중견기업/중소기업 등 법인/개인사업자
- 모집분야 : 웹툰, 출판, 게임, 방송, 캐릭터 등 콘텐츠 전 분야 IP
☞ 1:1 비즈니스 상담, 기타 비즈니스 지원
- 1:1 비즈니스 상담 : 기업별 비즈니스 상담 공간(1개 부스), 사전 및 현장 비즈매칭, 종합 디렉토리북 등 공동 홍보물 제작, (요청 시) 비즈니스 상담 통역 지원
- 기타 비즈니스 : 국내외 주요 바이어 초청, MOU, 계약 체결식 등 현장 지원, 네트워킹 리셉션 개최",판로/수출,한국콘텐츠진흥원,전국,중소기업,중소기업,,,,,,,오프라인,2026-07-15,2026-08-19,,온라인 접수 (콘텐츠수출마케팅플랫폼(WelCon)),온라인 접수 (콘텐츠수출마케팅플랫폼(WelCon)),https://www.bizinfo.go.kr/sii/siia/selectSIIA200Detail.do?pblancId=PBLN_000000000124404,main,primary,2026년콘텐츠ip마켓참가기업모집공고,한국콘텐츠진흥원,2026-07-15~2026-08-19,내수,오프라인
biz,PBLN_000000000124403,[충북] 2026년 제천한방천연물산업박람회 체험ㆍ플리마켓 참가자 모집 공고,"2026제천한방천연물산업박람회 기간 중 다양한 체험과 볼거리를 제공하고, 지역경제 활성화를 위해 체험ㆍ플리마켓 참가자를 다음과 같이 모집하오니 많은 참여 바랍니다.
☞ 공고일 현재 사업자등록을 완료한 개인 또는 단체
☞ 박람회 기간 중 체험ㆍ플리마켓 부스 운영 지원
- MQ텐트(5m×5m 또는 3m×3m), 테이블, 의자, 전기시설 등 지원",판로/수출,제천한방천연물산업진흥재단,충청북도,중소기업,중소기업,,,,,,,오프라인,2026-07-14,2026-07-27,,이메일 접수 (hbfair@jcbio.or.kr),이메일 접수 (hbfair@jcbio.or.kr),https://www.bizinfo.go.kr/sii/siia/selectSIIA200Detail.do?pblancId=PBLN_000000000124403,main,primary,충북2026년제천한방천연물산업박람회체험ㆍ플리마켓참가자모집공고,제천한방천연물산업진흥재단,2026-07-14~2026-07-27,내수,오프라인
biz,PBLN_000000000124402,[충북] 2026년 한방바이오제천몰 웹상세페이지 제작 지원사업 공고,"한방천연물 브랜드 경쟁력 강화 및 온라인 판매 활성화를 위하여 추진하는 「2026년 한방바이오제천몰 웹상세페이지 제작 지원사업」을 통해 입접기업 제품의 정보 전달력과 상품 경쟁력을 향상시키고자 다음과 같이 공고하오니 한방바이오제천몰 입접기업의 많은 신청 바랍니다.
☞ 한방바이오제천몰 입점기업(※ 신규 입점 예정기업 포함)
☞ 제품별 웹상세페이지 신규 제작 또는 리뉴얼, GIF(움직이는 이미지) 등 시각 콘텐츠 제작, 모바일 최적화 및 반응형 웹 디자인 지원
- 기업당 최대 2개 제품, 제품당 제작비 40만원 내외 총사업비 범위 내 지원",판로/수출,제천한방천연물산업진흥재단,충청북도,중소기업,중소기업,,,,,,,온라인,예산 소진시까지,,,이메일접수 (yj0516@jcbio.or.kr),이메일접수 (yj0516@jcbio.or.kr),https://www.bizinfo.go.kr/sii/siia/selectSIIA200Detail.do?pblancId=PBLN_000000000124402,main,primary,충북2026년한방바이오제천몰웹상세페이지제작지원사업공고,제천한방천연물산업진흥재단,예산 소진시까지~,내수,온라인
biz,PBLN_000000000124401,2026년 중소기업 제조물책임(PL)보험료 지원사업 신청 공고(6월 가입자),"본회는 지자체와 함께 중소기업의 제조물책임 리스크 대비와 보험료 부담 경감 등을 위하여 「2026년 중소기업 제조물책임(PL)보험료 지원사업」을 다음과 같이 시행하오니 기한 내 신청하시기 바랍니다.
☞ 증권상 사업장 소재지가 부산, 울산, 대구, 광주, 인천, 강원, 경북, 경남, 충북, 전남, 전북, 파주인 본회 PL보험 가입 중소기업 (단, 2026년 6월 중에 보험료를 납부하고 계약을 유지 중인 업체)
※ 지자체별 세부 지원기준은 신청링크의 지원신청서 참조
☞ 2026년 기준 보험료의 10~30% 지원(최대 1~2백만원)
※ 지자체별 지원율 및 한도 상이",자금,중소기업중앙회,전국,중소기업,중소기업,,,,,,,보험(수출+무역),2026-07-14,2026-07-24,,"온라인 접수 (중소기업중앙회)
※ 지역별 신청사이트 확인","온라인 접수 (중소기업중앙회)
※ 지역별 신청사이트 확인",https://www.bizinfo.go.kr/sii/siia/selectSIIA200Detail.do?pblancId=PBLN_000000000124401,main,primary,2026년중소기업제조물책임pl보험료지원사업신청공고6월가입자,중소기업중앙회,2026-07-14~2026-07-24,금융,보험(수출+무역)
biz,PBLN_000000000124400,[전남광주] 2026년 5차 인공지능 기술 고도화ㆍ사업화 지원사업 모집 공고(AI융합 지능형 농업 생태계 구축 사업),"지속가능한 지능형 농업 생태계를 조성하기 위한 「AI융합 지능형 농업 생태계 구축 사업」의 일환으로 「인공지능 기술 고도화ㆍ사업화 지원사업」5차 모집 공고하오니 많은 관심과 참여 바랍니다.
☞ 공고일 기준 다음 요건을 모두 충족하는 기업
- (소재지) 전라남도에 본사 또는 지사(부설연구소)를 둔 기업
- (규모) ‘중견기업’ 또는 ‘중소기업’
- (업종) ‘정보통신업’(AIㆍSWㆍICT등) 또는 ‘농업’ 관련 기업
- (업력) 지원 분야별 필요업력 충족기업 ※ 공고문 참조
- (AI기업) ‘농업’ 관련 기업은 협약 후 1개월 이내 ‘정보통신업’ 보유 필요
☞ 시제품 제작(최대 50백만원 이내), 신뢰성 평가(최대 10백만원 이내) 지원
※ 자세한 지원내용 공고문 참조",기술,전남정보문화산업진흥원,광주광역시,중소기업,중소기업,,,,,,,기술사업화/이전/지도,2026-07-14,2026-07-28,,"이메일 접수 (ict@jcia.or.kr)
※ 신청서류를 제출요령에 따라 정리(파일명ㆍ폴더구조 준수) 후 이메일 제출
※ 자세한 신청방법 공고문 참조","이메일 접수 (ict@jcia.or.kr)
※ 신청서류를 제출요령에 따라 정리(파일명ㆍ폴더구조 준수) 후 이메일 제출
※ 자세한 신청방법 공고문 참조",https://www.bizinfo.go.kr/sii/siia/selectSIIA200Detail.do?pblancId=PBLN_000000000124400,main,primary,전남광주2026년5차인공지능기술고도화ㆍ사업화지원사업모집공고ai융합지능형농업생태계구축사업,전남정보문화산업진흥원,2026-07-14~2026-07-28,기술,기술사업화/이전/지도
biz,PBLN_000000000124399,[전남광주] 스마트폴 및 AI영상분석 시스템 고도화 지원사업 모집 공고(스마트빌리지 보급 및 확산사업),"2026년 스마트빌리지 보급 및 확산사업의 일환으로 「스마트폴 및 AI영상분석 시스템 고도화 지원사업」의 지원기업 모집을 공고하오니 지역 내 기업의 많은 관심과 참여를 바랍니다.
☞ 「중소기업기본법 시행령」제3조(중소기업의 범위)에 해당하는 중소기업
(주관) 본사 구 전라남도 / (참여) 지역제한 없음
- 스마트폴 : 정보통신공사업법령에 의한 정보통신공사업을 등록한 업체
- AI영상분석 : 소프트웨어 진흥법에 따라 소프트웨어사업자를 등록한 업체
※ 공동계약(공동ㆍ분담이행방식) 가능
☞ 스마트폴 및 AI영상분석 시스템 고도화와 실증ㆍ테스트 비용 지원
※ 자세한 지원내용 공고문 참조",기술,전남정보문화산업진흥원,광주광역시,중소기업,중소기업,,,,,,,기술사업화/이전/지도,2026-07-23,2026-07-28,,"이메일 접수 (lsi@jcia.or.kr)
※ 제출 파일명 “스마트폴 및 AI영상분석 시스템 고도화 지원사업” - 업체명","이메일 접수 (lsi@jcia.or.kr)
※ 제출 파일명 “스마트폴 및 AI영상분석 시스템 고도화 지원사업” - 업체명",https://www.bizinfo.go.kr/sii/siia/selectSIIA200Detail.do?pblancId=PBLN_000000000124399,main,primary,전남광주스마트폴및ai영상분석시스템고도화지원사업모집공고스마트빌리지보급및확산사업,전남정보문화산업진흥원,2026-07-23~2026-07-28,기술,기술사업화/이전/지도
biz,PBLN_000000000124398,[충남] 2026년 제5회 희망드림 판매전 참가기업 모집 공고,"도내 소상공인ㆍ중소기업 내수시장 활성화와 매출 증진을 위해 충청남도, 유관기관과 함께 온ㆍ오프라인을 연계한「2026년 제5회 희망드림 판매전」을 개최하오니, 참가를 희망하는 기업의 많은 관심과 참여 바랍니다.
☞ 충남 도내에 본사나 공장이 등록되어 있고 중소기업기본법 제2조 규정에 의한 중소제조기업(※ 유통업체 제외)
- B2C(기업ㆍ소비자간거래) 적합 제품을 생산하는 중소제조기업
☞ 참가비 전액 지원(무료)
- 판매부스(몽골텐트3m×3m) 및 부속 시설(조명, 간판, 데스크, 의자 등)
- 농사랑(온라인 쇼핑몰) 프로모션 지원(약 3개월 운영, 할인쿠폰 지원)",판로/수출,충남경제진흥원,충청남도,중소기업,중소기업,,,,,,,오프라인,2026-07-14,2026-07-27,,온라인 접수(충남경제진흥원 통합지원시스템),온라인 접수(충남경제진흥원 통합지원시스템),https://www.bizinfo.go.kr/sii/siia/selectSIIA200Detail.do?pblancId=PBLN_000000000124398,main,primary,충남2026년제5회희망드림판매전참가기업모집공고,충남경제진흥원,2026-07-14~2026-07-27,내수,오프라인
biz,PBLN_000000000124397,[제주] 2026년 로컬기업 크라우드 펀딩(리워드형) 참여기업 모집 공고,"제주창조경제혁신센터에서는 제주 로컬기업의 시장성 검증, 브랜드 홍보 및 온라인 판로 확산을 위해 「2026년 제주 로컬기업 크라우드펀딩(리워드형)」 참여기업을 아래와 같이 모집하오니 제주 로컬기업의 많은 관심과 참여 바랍니다.
☞ 제주 지역 자원을 기반으로 차별화된 비즈니스 모델을 운영하는 로컬기업인 소기업 또는 소상공인
☞ 펀딩 상세페이지 및 SNS 홍보 콘텐츠 제작, 네이버 해피빈 펀딩 등록ㆍ운영ㆍ홍보, 우수 참여기업 공감가게 연계지원",경영,제주창조경제혁신센터,제주특별자치도,중소기업,중소기업,,,,,,,디자인/상품화/사업화,2026-07-13,2026-07-31,,온라인 접수 (THE 제주크리에이터 시스템),온라인 접수 (THE 제주크리에이터 시스템),https://www.bizinfo.go.kr/sii/siia/selectSIIA200Detail.do?pblancId=PBLN_000000000124397,main,primary,제주2026년로컬기업크라우드펀딩리워드형참여기업모집공고,제주창조경제혁신센터,2026-07-13~2026-07-31,경영,디자인/상품화/사업화
biz,PBLN_000000000124396,[경기] 연천군 2026년 3차 지식재산 긴급지원 사업 모집 공고,"연천군 중소기업에 맞춤형 지식재산 서비스를 지원하는 ‘지식재산 긴급
지원(3차)’ 사업의 2026년 시행 계획을 다음과 같이 공고하오니 사업에 
참여하고자 하는 기업의 많은 신청 바랍니다.
☞ 연천군 소재 중소기업 (「중소기업 기본법」 제2조 및 동법 시행령 제3조에 의거)
☞ 기업당 2,000만원 이내 지원
- 지식재산 전문가의 현안 진단을 통해 컨설턴트 직접컨설팅을 제공하고, 외부기관(분야별 전문기관)과 함께 국내맞춤 특허ㆍ디자인전략, 디자인ㆍ브랜드 개발, 특허기술홍보영상제작, 국내ㆍ해외출원비용 등을 지원
※ 자세한 지원내용 공고문 참조",기술,경기북부지식재산센터,경기도,중소기업,중소기업,,,,,,,시험/인증,2026-07-06,2026-07-31,,온라인 접수 (지원사업 신청시스템),온라인 접수 (지원사업 신청시스템),https://www.bizinfo.go.kr/sii/siia/selectSIIA200Detail.do?pblancId=PBLN_000000000124396,main,primary,경기연천군2026년3차지식재산긴급지원사업모집공고,경기북부지식재산센터,2026-07-06~2026-07-31,기술,시험/인증
biz,PBLN_000000000124395,[경기] 가평군 2026년 3차 지식재산 긴급지원 사업 모집 공고,"가평군 중소기업에 맞춤형 지식재산 서비스를 지원하는 ‘지식재산 긴급
지원(3차)’ 사업의 2026년 시행 계획을 다음과 같이 공고하오니 사업에 
참여하고자 하는 기업의 많은 신청 바랍니다.
☞ 가평군 소재 중소기업 (「중소기업 기본법」 제2조 및 동법 시행령 제3조에 의거)
☞ 기업당 2,000만원 이내 지원
- 지식재산 전문가의 현안 진단을 통해 컨설턴트 직접컨설팅을 제공하고, 외부기관(분야별 전문기관)과 함께 국내맞춤 특허ㆍ디자인전략, 디자인ㆍ브랜드 개발, 특허기술홍보영상제작, 국내ㆍ해외출원비용 등을 지원
※ 자세한 지원내용 공고문 참조",기술,경기북부지식재산센터,경기도,중소기업,중소기업,,,,,,,시험/인증,2026-07-06,2026-07-31,,온라인 접수 (지원사업 신청시스템),온라인 접수 (지원사업 신청시스템),https://www.bizinfo.go.kr/sii/siia/selectSIIA200Detail.do?pblancId=PBLN_000000000124395,main,primary,경기가평군2026년3차지식재산긴급지원사업모집공고,경기북부지식재산센터,2026-07-06~2026-07-31,기술,시험/인증
biz,PBLN_000000000124394,2026년 식물백신 품질고도화 지원사업(제품상용화지원) 수혜기업 모집 공고,"국내 식물기반 단백질의약품 및 동물용 바이오의약품 산업육성을 위해 농림축산식품부와 경상북도, 포항시가 지원하고 포항테크노파크가 추진중인‘2026년 식물백신 품질고도화 지원사업(제품상용화지원)’을 공고하오니 많은 신청 바랍니다.
☞ 그린바이오산업 육성에 관한 법률 제7조에 따라 그린바이오기업 신고서가 제출되어 있으며, 식물기반 단백질의약품 및 동물용 바이오 의약품 분야 혁신기술을 보유한 중소벤처기업
☞ 제품상용화 지원
- 직접지원 : 품질고도화 지원사업
- 간접지원 : 산업화 컨설팅 및 기술교류 지원
※ 자세한 지원내용 공고문 참조",기술,포항테크노파크,경상북도,중소기업,중소기업,,,,,,,기술사업화/이전/지도,2026-07-14,2026-07-24,,온라인접수(포항테크노파크),온라인접수(포항테크노파크),https://www.bizinfo.go.kr/sii/siia/selectSIIA200Detail.do?pblancId=PBLN_000000000124394,main,primary,2026년식물백신품질고도화지원사업제품상용화지원수혜기업모집공고,포항테크노파크,2026-07-14~2026-07-24,기술,기술사업화/이전/지도
biz,PBLN_000000000124393,[경기] 포천시 2026년 3차 지식재산 긴급지원 사업 모집 공고,"포천시 중소기업에 맞춤형 지식재산 서비스를 지원하는 ‘지식재산 긴급
지원(3차)’ 사업의 2026년 시행 계획을 다음과 같이 공고하오니 사업에 
참여하고자 하는 기업의 많은 신청 바랍니다.
☞ 포천시 소재 중소기업 (「중소기업 기본법」 제2조 및 동법 시행령 제3조에 의거)
☞ 기업당 2,000만원 이내 지원
- 지식재산 전문가의 현안 진단을 통해 컨설턴트 직접컨설팅을 제공하고, 외부기관(분야별 전문기관)과 함께 국내맞춤 특허ㆍ디자인전략, 디자인ㆍ브랜드 개발, 특허기술홍보영상제작, 국내ㆍ해외출원비용 등을 지원
※ 자세한 지원내용 공고문 참조",기술,경기북부지식재산센터,경기도,중소기업,중소기업,,,,,,,시험/인증,2026-07-06,2026-07-31,,온라인 접수 (지원사업 신청시스템),온라인 접수 (지원사업 신청시스템),https://www.bizinfo.go.kr/sii/siia/selectSIIA200Detail.do?pblancId=PBLN_000000000124393,main,primary,경기포천시2026년3차지식재산긴급지원사업모집공고,경기북부지식재산센터,2026-07-06~2026-07-31,기술,시험/인증
biz,PBLN_000000000124392,2026년 하반기 과학기술정보통신부 혁신제품 지정제도 신청 공고,"과학기술정보통신부 소관 ① ‘국가연구개발사업을 통해 개발된 혁신제품’과 ②‘디지털서비스 혁신제품,‘기술마켓 혁신제품’의 공공조달 연계 활성화 및 판로 구축 지원을 위한「2026년 하반기 혁신제품 지정제도」를 다음과 같이 공고하오니, 관심이 있는 기업은 안내에 따라 신청하여 주시기 바랍니다.
☞ (Track 1. 우수연구개발 혁신제품 지정) :「중소기업진흥에 관한 법률」제2조제1호에 따른 중소기업으로 종료년도 기준 최근 5년('21.1.1.~'26.8.14.) 이내 과학기술정보통신부 소관 국가연구개발사업 완료기술을 사업화한 제품 보유기업
- (Track 2 디지털서비스 혁신제품, 기술마켓 혁신제품 지정) : 조달청 디지털서비스몰 또는 중소기업기술마켓 플랫폼에 등록된 제품
※ 자세한 지원대상 공고문 참조
☞ 과학기술정보통신부 혁신제품 지정 지원",기술,한국산업기술진흥협회,전국,중소기업,중소기업,,,,,,,시험/인증,2026-07-14,2026-08-14,,"Track 1. 우수연구개발 혁신제품 지정 :  온라인 접수(우수연구개발 혁신제품 지정제도)
※ 신청대상 제품의 세부품명을 나라장터에 물품 등록 후 온라인 접수

Track 2 디지털서비스 혁신제품, 기술마켓 혁신제품 지정 : 이메일 접수
- 디지털서비스 혁신제품 : hw_kim@nia.or.kr
- 기술마켓 혁신제품 : lej@nia.or.kr","Track 1. 우수연구개발 혁신제품 지정 :  온라인 접수(우수연구개발 혁신제품 지정제도)
※ 신청대상 제품의 세부품명을 나라장터에 물품 등록 후 온라인 접수

Track 2 디지털서비스 혁신제품, 기술마켓 혁신제품 지정 : 이메일 접수
- 디지털서비스 혁신제품 : hw_kim@nia.or.kr
- 기술마켓 혁신제품 : lej@nia.or.kr",https://www.bizinfo.go.kr/sii/siia/selectSIIA200Detail.do?pblancId=PBLN_000000000124392,main,primary,2026년하반기과학기술정보통신부혁신제품지정제도신청공고,한국산업기술진흥협회,2026-07-14~2026-08-14,기술,시험/인증
biz,PBLN_000000000124391,[경기] 남양주시 2026년 3차 지식재산 긴급지원 사업 모집 공고,"남양주시 중소기업에 맞춤형 지식재산 서비스를 지원하는 ‘지식재산 긴급
지원(3차)’ 사업의 2026년 시행 계획을 다음과 같이 공고하오니 사업에 
참여하고자 하는 기업의 많은 신청 바랍니다.
☞ 남양주시 소재 중소기업 (「중소기업 기본법」 제2조 및 동법 시행령 제3조에 의거)
※ 자세한 지원대상 공고문 참조
☞ 기업당 2,000만원 이내 지원
- 지식재산 전문가의 현안 진단을 통해 컨설턴트 직접컨설팅을 제공하고, 외부기관(분야별 전문기관)과 함께 국내맞춤 특허ㆍ디자인전략, 디자인ㆍ브랜드 개발, 특허기술홍보영상제작, 국내ㆍ해외출원비용 등을 지원
※ 자세한 지원내용 공고문 참조",기술,경기북부지식재산센터,경기도,중소기업,중소기업,,,,,,,시험/인증,2026-07-06,2026-07-31,,온라인 접수 (지원사업 신청시스템),온라인 접수 (지원사업 신청시스템),https://www.bizinfo.go.kr/sii/siia/selectSIIA200Detail.do?pblancId=PBLN_000000000124391,main,primary,경기남양주시2026년3차지식재산긴급지원사업모집공고,경기북부지식재산센터,2026-07-06~2026-07-31,기술,시험/인증
biz,PBLN_000000000124390,[경기] 양주시 2026년 3차 지식재산 긴급지원 사업 모집 공고,"양주시 중소기업에 맞춤형 지식재산 서비스를 지원하는 ‘지식재산 긴급
지원(3차)’ 사업의 2026년 시행 계획을 다음과 같이 공고하오니 사업에 
참여하고자 하는 기업의 많은 신청 바랍니다.
☞ 양주시 소재 중소기업 (「중소기업 기본법」 제2조 및 동법 시행령 제3조에 의거)
☞ 기업당 2,000만원 이내 지원
- 지식재산 전문가의 IP현안 진단을 통해 컨설턴트 직접컨설팅을 제공하고, 외부기관(분야별 전문기관)과 함께 국내맞춤 특허ㆍ디자인전략, 디자인ㆍ브랜드개발, 특허기술홍보영상제작 등을 지원
※ 자세한 지원내용 공고문 참조",기술,경기북부지식재산센터,경기도,중소기업,중소기업,,,,,,,시험/인증,2026-07-06,2026-07-31,,온라인 접수 (지원사업 신청시스템),온라인 접수 (지원사업 신청시스템),https://www.bizinfo.go.kr/sii/siia/selectSIIA200Detail.do?pblancId=PBLN_000000000124390,main,primary,경기양주시2026년3차지식재산긴급지원사업모집공고,경기북부지식재산센터,2026-07-06~2026-07-31,기술,시험/인증
biz,PBLN_000000000124389,[대구] 2026년 중소기업대상 공모,"신기술개발, 생산성향상 등 기술ㆍ경영혁신과 모범적 기업 활동을 통해 지역경제 발전과 사회공헌에 기여한 우수 중소기업을 발굴ㆍ포상하고자 “2026 대구광역시 중소기업대상” 선정계획을 다음과 같이 공고합니다.
☞ 공고일 기준 3년 이상 계속하여 대구광역시 內에 본사와 사업장(제조업의 경우 공장)을 두고 기업 활동을 영위하고 있는 “중소기업기본법” 제2조의 규정에 의한 중소기업
※ 자세한 지원대상 공고문 참조
☞ 수상기업 특전 지원
- 대구광역시 중소기업 육성자금지원 우대(수상 후 2년 이내), 중소기업 경영안정자금 이차보전 추가 우대(0.2%)
- 해외 시장개척단 파견 및 해외 전시ㆍ박람회 등 참가 우선지원(2년)
-「대구광역시 지방세 세무조사 운영규칙」제14조1항의 규정에 의한 세무조사 유예(3년)
- 「대구광역시 기업인 예우 및 기업활동 지원에 관한 조례」에 의한 예우",경영,직접수행,대구광역시,중소기업,중소기업,,,,,,,디자인/상품화/사업화,2026-07-15,2026-08-12,,"신청기간 內 각 후보 업체 → 추천기관에 신청서 제출
※ 추천기관에서 대구광역시(경제정책관) 일괄 신청 접수(8. 13. ~ 8. 18.)","신청기간 內 각 후보 업체 → 추천기관에 신청서 제출
※ 추천기관에서 대구광역시(경제정책관) 일괄 신청 접수(8. 13. ~ 8. 18.)",https://www.bizinfo.go.kr/sii/siia/selectSIIA200Detail.do?pblancId=PBLN_000000000124389,main,primary,대구2026년중소기업대상공모,직접수행,2026-07-15~2026-08-12,경영,디자인/상품화/사업화
biz,PBLN_000000000124388,[충북] 북부 2026년 3차 지식재산 긴급지원 모집 공고,"지역 중소기업에 맞춤형 지식재산 서비스를 지원하는 ‘지식재산 긴급지원’ 사업의 2026년 시행 계획을 다음과 같이 공고하오니 사업에 참여하고자 하는 기업의 많은 신청 바랍니다.
☞ 충주, 제천 소재 중소기업 (「중소기업 기본법」제2조 및 동법 시행령 제3조에 의거)
☞ 기업당 2,000만 원 이내 지원
- 지식재산 전문가의 IP현안 진단을 통해 컨설턴트 직접컨설팅을 제공하고, 외부기관(분야별 전문기관)과 함께 국내맞춤 특허ㆍ디자인전략, 디자인ㆍ브랜드개발, 특허기술홍보영상제작, 국내ㆍ해외출원비용 등을 지원
※ 자세한 지원내용 공고문 참조",기술,충북북부지식재산센터,충청북도,중소기업,중소기업,,,,,,,시험/인증,2026-07-06,2026-07-24,,온라인 접수 (지원기업 사업관리시스템),온라인 접수 (지원기업 사업관리시스템),https://www.bizinfo.go.kr/sii/siia/selectSIIA200Detail.do?pblancId=PBLN_000000000124388,main,primary,충북북부2026년3차지식재산긴급지원모집공고,충북북부지식재산센터,2026-07-06~2026-07-24,기술,시험/인증
biz,PBLN_000000000124387,[경남] 2026년 산업 인공지능(AI) 전환 및 확산기반조성 사업 AX 미니프로젝트 실증 수요기업 추가 모집 공고,"“2026년 산업 인공지능(AI) 전환 및 확산기반조성 사업”의 일환으로 경남도ㆍ창원시ㆍ김해시 주력업종의 실질적인 인공지능 전환 지원 및 생태계 조성을 위해 「AX 미니프로젝트 실증」을 지원하고 있습니다. 이에 제조기업 맞춤형 난공정 대상 AI 도입 실증을 지원할 수요기업 1개사를 추가 모집하오니, 지원을 희망하는 기업의 많은 관심과 신청 바랍니다.
☞ 공고일 기준 경남도에 본사, 사업장, 공장 중 하나를 보유하고 있는 정밀기계, 금형, 소성, 방산, 항공 산업 전ㆍ후방 관련 중소ㆍ중견 기업으로 AX 추진에 적극적 의지가 있는 기업
-「중소기업 기본법 및 동법 시행령」,「중견기업 성장촉진 및 경쟁력 강화에 관한 특별법」에 따른 중소ㆍ중견기업
☞ AI 적용 타당성 검증, 현장실증 및 정량성과 도출, AI 활용 교육, 실무적용 역량강화 지원
※ 자세한 지원내용 공고문 참조",기술,한국전자기술연구원,경상남도,중소기업,중소기업,,,,,,,기술사업화/이전/지도,2026-07-14,2026-08-07,,이메일 접수 (shlee@keti.re.kr),이메일 접수 (shlee@keti.re.kr),https://www.bizinfo.go.kr/sii/siia/selectSIIA200Detail.do?pblancId=PBLN_000000000124387,main,primary,경남2026년산업인공지능ai전환및확산기반조성사업ax미니프로젝트실증수요기업추가모집공고,한국전자기술연구원,2026-07-14~2026-08-07,기술,기술사업화/이전/지도
biz,PBLN_000000000124386,[울산] 2026년 3차 지식재산 긴급지원 모집 공고,"울산지식재산센터(울산상공회의소)에서는 울산지역 중소기업에 맞춤형 지식재산 서비스를 지원하는 2026년 ‘지식재산 긴급지원’ 사업의 3차 모집공고를 다음과 같이 공고하오니 사업에 참여하고자 하는 기업의 많은 신청 바랍니다.
☞ 울산소재 중소기업 (「중소기업 기본법」제2조 및 동법 시행령 제3조에 의거)
☞ 기업당 2,000만 원 이내 지원
- 지식재산 전문가의 IP현안 진단을 통해 컨설턴트 직접컨설팅을 제공하고, 외부기관(분야별 전문기관)과 국내ㆍ해외출원비용 등을 지원
※ 자세한 지원내용 공고문 참조",기술,울산지식재산센터,울산광역시,중소기업,중소기업,,,,,,,시험/인증,2026-07-13,2026-07-31,,온라인 접수 (지원기업 사업관리시스템),온라인 접수 (지원기업 사업관리시스템),https://www.bizinfo.go.kr/sii/siia/selectSIIA200Detail.do?pblancId=PBLN_000000000124386,main,primary,울산2026년3차지식재산긴급지원모집공고,울산지식재산센터,2026-07-13~2026-07-31,기술,시험/인증
biz,PBLN_000000000124385,[세종] 2026년 3차 지식재산 긴급지원 모집 공고,"지역 중소기업에 맞춤형 지식재산 서비스를 지원하는 ‘지식재산 긴급지원’ 사업의 2026년 시행 계획을 다음과 같이 공고하오니 사업에 참여하고자 하는 기업의 많은 신청 바랍니다.
☞ 지역소재 중소기업 (「중소기업 기본법」 제2조 및 동법 시행령 제3조에 의거)
☞ 기업당 2,000만 원 이내 지원
- 지식재산 전문가의 IP현안 진단을 통해 컨설턴트 직접컨설팅을 제공하고, 외부기관(분야별 전문기관)과 함께 국내맞춤 특허ㆍ디자인전략, 디자인ㆍ브랜드개발, 특허기술홍보영상제작, 국내ㆍ해외출원비용 등을 지원
※ 자세한 지원내용 공고문 참조",기술,세종지식재산센터,세종특별자치시,중소기업,중소기업,,,,,,,시험/인증,2026-07-13,2026-07-30,,온라인 접수 (지원기업 사업관리시스템),온라인 접수 (지원기업 사업관리시스템),https://www.bizinfo.go.kr/sii/siia/selectSIIA200Detail.do?pblancId=PBLN_000000000124385,main,primary,세종2026년3차지식재산긴급지원모집공고,세종지식재산센터,2026-07-13~2026-07-30,기술,시험/인증
biz,PBLN_000000000124384,[부산] 2026년 일본 오사카 기계요소 전시회 부산관 참가 지원 공고(수출 스타기업 점프업 지원사업),"부산광역시가 지원하는 ‘2026년도 부산 수출 스타기업 점프업 지원사업’의 일환으로 부산지역 기업의 해외 시장진출 및 판로확대를 도모하기 위해 “2026 일본 오사카 기계요소 전시회” 부산관 참가기업을 아래와 같이 모집하오니 많은 관심과 신청 바랍니다.
☞ 부산지역 내 기계요소 부품ㆍ장비 및 관련 소재 산업을 영위하는 매출액 500억 미만 수출기업
☞ 부스(1개사 당 1개 부스 지원), 부스참가, 항공, 통역, 바이어매칭 지원
- (부스참가) 전시회 1개 부스(부스 임차비+장치비) 1개사 당 8백만원 한도
- (항공지원) 출장자 1인 왕복 항공료(이코노미 기준)
- (통역지원) 지원기업별 통역원 1명 상주
- (바이어매칭) 현지 바이어 사전 매칭 지원",판로/수출,부산테크노파크,부산광역시,중소기업,중소기업,,,,,,,해외진출,2026-07-15,2026-07-29,,온라인 접수 (부산시 수출플랫폼 시스템),온라인 접수 (부산시 수출플랫폼 시스템),https://www.bizinfo.go.kr/sii/siia/selectSIIA200Detail.do?pblancId=PBLN_000000000124384,main,primary,부산2026년일본오사카기계요소전시회부산관참가지원공고수출스타기업점프업지원사업,부산테크노파크,2026-07-15~2026-07-29,수출,해외진출
biz,PBLN_000000000124383,[경북] 울진군 2026년 3차 블루(blue)푸드 산업 활성화 지원사업 기업지원 프로그램 참여기업 모집 공고(시군구연고산업육성 협업프로젝트),"2026년도 중소벤처기업부와 경상북도 및 울진군이 지원하는 시군구연고산업육성 협업프로젝트의 수행자로 선정된 수행기관별 지원 프로그램을 안내하오니, 해당 프로그램 참여를 희망하는 울진군 지역 중소기업의 많은 신청 바랍니다.
☞ 관내 블루푸드 관련 지역기업 중 해당 지원을 필요로 하는 기업
☞ 애로기술 개선 컨설팅, 사업화(국내 전시회 참가, 품질규격 인증, 해외 수줄) 지원
※ 자세한 지원내용 공고문 참조",경영,환동해산업연구원,경상북도,중소기업,중소기업,,,,,,,디자인/상품화/사업화,2026-07-14,2026-07-28,,온라인 접수 (기업지원사업 관리시스템),온라인 접수 (기업지원사업 관리시스템),https://www.bizinfo.go.kr/sii/siia/selectSIIA200Detail.do?pblancId=PBLN_000000000124383,main,primary,경북울진군2026년3차블루blue푸드산업활성화지원사업기업지원프로그램참여기업모집공고시군구연고산업육성협업프로젝트,환동해산업연구원,2026-07-14~2026-07-28,경영,디자인/상품화/사업화
biz,PBLN_000000000124380,[경기] 2026년 우수 벤처기업 표창 공고,"벤처기업의 성과와 가치를 대ㆍ내외에 널리 알리고 경기도 산업경제 발전의 주역인 우수 벤처기업(기업인) 발굴 및 포상을 위해, 「2026년 경기 우수벤처기업 표창」을 다음과 같이 공고하오니, 도내 벤처기업(기업인)의 많은 참여 바랍니다.
☞ 모집 공고일 현재 경기도 소재(본사) 벤처기업으로 업력이 만 2년 이상인 벤처기업
- 창업일 기준 2024년 1월 1일 이전인 기업으로 사업자등록증 상 본사 주소가 “경기도” 소재 기업
- 공고일 기준 「벤처기업육성에 관한 특별조치법」에 따른 '벤처기업확인서'를 보유한 기업(유효기간 내)
※ 자세한 지원대상 공고문 참조
☞ 우수 벤처기업 표창(중소벤처기업부장관, 경기도지사, 경기지방중소벤처기업청장, 경기도경제과학진흥원) 지원",경영,경기벤처기업협회,경기도,창업벤처,초기창업기업,,,,,,,디자인/상품화/사업화,2026-07-20,2026-08-31,,"이메일, 우편 모두 제출
- 이메일 : kba22@giva.or.kr
- 접수처 : (16229) 경기도 수원시 영통구 광교로 107 경제과학진흥원 GBSA 7층 경기벤처기업협회 사무국
※ 자세한 신청방법 공고문 참조","이메일, 우편 모두 제출
- 이메일 : kba22@giva.or.kr
- 접수처 : (16229) 경기도 수원시 영통구 광교로 107 경제과학진흥원 GBSA 7층 경기벤처기업협회 사무국
※ 자세한 신청방법 공고문 참조",https://www.bizinfo.go.kr/sii/siia/selectSIIA200Detail.do?pblancId=PBLN_000000000124380,main,primary,경기2026년우수벤처기업표창공고,경기벤처기업협회,2026-07-20~2026-08-31,경영,디자인/상품화/사업화
biz,PBLN_000000000124379,2026년 무역구제 조사ㆍ상담 컨설팅 지원 접수 공고,"대한상의와 산업부 무역위원회는 불공정한 무역행위로 인해 피해를 받거나 받게 될 것으로 예상되는 국내 기업들을 위해 무역구제 조사ㆍ상담을 지원합니다. 도움이 필요한 국내 기업 여러분의 많은 관심과 이용 바랍니다. 
☞ 국내 중소ㆍ중견기업(대기업 집단 제외) 및 협ㆍ단체
☞ 기본 컨설팅, 전문 컨설팅, 해외 조사, 덤핑 우려 업종 수입 동향분석 지원
※ 자세한 지원내용 공고문 참조",판로/수출,대한상공회의소,전국,중소기업,중소기업,,,,,,,수출정보제공,2026-05-01,2026-12-31,,이메일 접수 (trade@korcham.net),이메일 접수 (trade@korcham.net),https://www.bizinfo.go.kr/sii/siia/selectSIIA200Detail.do?pblancId=PBLN_000000000124379,main,primary,2026년무역구제조사ㆍ상담컨설팅지원접수공고,대한상공회의소,2026-05-01~2026-12-31,수출,수출정보제공
biz,PBLN_000000000124378,[경남] 고성군 2026년 4차 시군구연고산업육성사업 지원기업 모집 공고,"경남 고성군 소재 조선업 기업의 성장, 발전을 위해 중소벤처기업부와 경상남도, 고성군의 지원을 받아 아래와 같이 시군구 연고산업 육성사업(고성군)의 지원 기업 모집을 공고하오니 참여를 희망하는 고성군 조선업 기업의 많은 신청 바랍니다.
☞ 경남 고성군 소재 조선업 중소기업(선박 및 블록 제작 및 가공 기업, 철의장 및 배관 제작기업, 기타 조선업 관련 기업 등)
※ 고성군 내 본사, 공장, 연구소, 지사 중 1곳 이상을 보유하고 있어야 함
☞ 고성군 조선업 기업의 생산 공정 자동화 및 스마트화, 관리시스템(ERP, MES, SCM, PLM 등) 개발 지원, 노후 생산 장비 개선 지원, 사업화(시제품 제작, 시험인증) 지원, 외국인력 채용 지원
※ 지원 프로그램 중복 신청 가능
※ 자세한 지원내용 공고문 참조",경영,경남테크노파크,경상남도,중소기업,중소기업,,,,,,,디자인/상품화/사업화,2026-07-14,2026-08-14,,온라인 접수 (기업지원사업 관리시스템),온라인 접수 (기업지원사업 관리시스템),https://www.bizinfo.go.kr/sii/siia/selectSIIA200Detail.do?pblancId=PBLN_000000000124378,main,primary,경남고성군2026년4차시군구연고산업육성사업지원기업모집공고,경남테크노파크,2026-07-14~2026-08-14,경영,디자인/상품화/사업화
biz,PBLN_000000000124377,2026년 2차 프리팁스(Pre-TIPS) 창업기업 모집 공고,"민간투자와 연계하여 비수도권 소재 유망 창업기업을 예비 팁스(TIPS) 기업으로 발굴·육성하기 위한 2026년 프리 팁스(Pre-TIPS) 창업기업을 다음과 같이 모집 공고합니다.
☞ 투자기관으로부터 1천만원 이상 투자를 받은 비수도권 소재 3년 이내의 초기 창업기업
- 중소기업기본법｣ 제2조제1호에 따른 중소기업의 대표자이자, 「중소기업창업 지원법」 제2조제2호, 제2조제10호의 정의에 따른 창업기업의 대표자로서 모집공고일 기준 창업 3년 이내인 자
※ 자세한 지원대상 공고문 참조
☞ 사업화 자금(평균 90백만원, 최대 1억원), 창업프로그램 지원
- 사업화 자금 : 시제품 제작, 마케팅, 지식재산권 출원ㆍ등록 등에 소요되는 사업화 비용 지원
- 창업 프로그램 : 후속 투자유치 및 역량 강화 프로그램",창업,창업진흥원,전국,창업벤처,초기창업기업,,,,,,,사업화지원,2026-07-10,2026-08-10,,온라인 접수 (K-Startup),온라인 접수 (K-Startup),https://www.bizinfo.go.kr/sii/siia/selectSIIA200Detail.do?pblancId=PBLN_000000000124377,main,primary,2026년2차프리팁스pretips창업기업모집공고,창업진흥원,2026-07-10~2026-08-10,창업,사업화지원
biz,PBLN_000000000124376,2026년 녹색인증 유공자 포상 신청 공고,"에너지ㆍ자원을 절약하고 효율화하는 녹색기술과 녹색산업의 발전에 크게 이바지한 기업 및 선도적 역할을 수행한 개인을 발굴하고자 「2026년도 녹색인증 유공자 포상 신청 공고」를 아래와 같이 실시하오니 유관기관의 많은 참여 바랍니다.
☞ (기업) 녹색기술을 통하여 에너지ㆍ자원의 절약 및 효율화, 사업화 및 고용창출에 기여한 기업
※ 자세한 신청자격 공고문 참조
☞ 산업통상자원부장관표창 지원
※ 자세한 지원내용 공고문 참조",경영,한국산업기술진흥원,전국,중소기업,중소기업,,,,,,,디자인/상품화/사업화,2026-07-14,2026-08-14,,"우편 또는 방문 접수 후 이메일 제출
- 접수처 : (우)06152, 서울시 강남구 테헤란로 305 한국기술센터 7층 한국산업기술진흥원 기술금융실
- 이메일 : green@kiat.or.kr (제출파일 송부 必)","우편 또는 방문 접수 후 이메일 제출
- 접수처 : (우)06152, 서울시 강남구 테헤란로 305 한국기술센터 7층 한국산업기술진흥원 기술금융실
- 이메일 : green@kiat.or.kr (제출파일 송부 必)",https://www.bizinfo.go.kr/sii/siia/selectSIIA200Detail.do?pblancId=PBLN_000000000124376,main,primary,2026년녹색인증유공자포상신청공고,한국산업기술진흥원,2026-07-14~2026-08-14,경영,디자인/상품화/사업화
biz,PBLN_000000000124375,2026년 2차 해외규격인증획득지원사업(일반지원) 참여기업 모집 공고,"중소기업의 해외시장 진출에 필요한 해외규격인증 획득을 지원하는 「해외규격인증획득지원사업(일반지원)」 2차 참여기업 모집을 다음과 같이 공고합니다.
☞ 전년도 직접수출액 5,000만불 미만의 중소기업
※ 단, 글로벌 강소기업 1000+ 지정기업은 5,000만불 이상도 지원 가능
☞ 해외규격인증(일반지원 인증) 획득에 필수적으로 소요되는 인증비, 시험비 및 컨설팅비 등 인증획득비용의 일부(50% ~ 70%) 지원
※ 기업당 최대 4건, 1억원 한도 내 지원(트랙 무관 연간 합산)",판로/수출,한국화학융합시험연구원,전국,중소기업,중소기업,,,,,,,해외진출준비,2026-07-15,2026-08-14,,온라인 접수 (해외규격인증획득지원센터 홈페이지),온라인 접수 (해외규격인증획득지원센터 홈페이지),https://www.bizinfo.go.kr/sii/siia/selectSIIA200Detail.do?pblancId=PBLN_000000000124375,main,primary,2026년2차해외규격인증획득지원사업일반지원참여기업모집공고,한국화학융합시험연구원,2026-07-15~2026-08-14,수출,해외진출준비
biz,PBLN_000000000124374,2026년 미래자동차 탑승자 중심 편의부품 평가 기반구축 기업지원 프로그램 수혜기업 모집 공고,"본 재단은 산업통상부가 시행하는「미래자동차 탑승자 중심 편의부품 평가 기반구축」사업의 주관기관으로서, 미래차 탑승자중심 편의ㆍ안전 부품 관련 기업의 기술 역량 강화를 위하여 기업지원 프로그램 수혜기업 모집 공고를 추진하오니, 참여를 희망하는 중소ㆍ중견 기업의 많은 신청 바랍니다.
☞ 전국에 소재한 중소/중견기업(본사, 공장, 연구소 등)으로 미래자동차 탑승자 중심 편의ㆍ안전 부품 관련 시제품 제작 가능 기업, 사업 기간 내 성과도출이 확실한 기업
☞ 시제품제작, 기술지도, 사업화, 해외수출 지원",기술,경북테크노파크,경상북도,중소기업,중소기업,,,,,,,기술사업화/이전/지도,2026-07-14,2026-07-31,,온라인 접수(경북테크노파크),온라인 접수(경북테크노파크),https://www.bizinfo.go.kr/sii/siia/selectSIIA200Detail.do?pblancId=PBLN_000000000124374,main,primary,2026년미래자동차탑승자중심편의부품평가기반구축기업지원프로그램수혜기업모집공고,경북테크노파크,2026-07-14~2026-07-31,기술,기술사업화/이전/지도
biz,PBLN_000000000124373,[울산] 2026년 2차 창업 U-시리즈(U-Start) 추가 모집 공고,"울산광역시와 울산경제일자리진흥원에서는 울산의 미래를 이끌 유망 창업자를 발굴하기 위해 창업 전 주기(탐색→예비→초기) 맞춤형 프로그램인 「U-시리즈」 2차 추가 모집을 다음과 같이 공고하오니 역량 있는 창업자 분들의 많은 참여 바랍니다.
☞ 창업 아이디어를 보유한 울산 내 예비 창업자 및 창업 3년 이내 기업
※ 본인의 창업 단계에 맞는 1개 트랙 선택 신청
- Pre-Pre-U(창업 탐색) : 창업 아이디어를 보유한 울산 시민(예비)
- Pre-U(예비 창업) : 공고일 기준 사업자 등록이 없는 예비창업자
- U(창업 초기) : 울산 소재 창업 3년 이내 기업
☞ 외부 전문 기술 교육, 맞춤형 멘토링, 기술보호 및 경영 전문 서비스 지원 등
※ 자세한 지원내용 공고문 참조",창업,울산경제일자리진흥원,울산광역시,창업벤처,초기창업기업,,,,,,,사업화지원,2026-07-15,2026-08-06,,"방문 및 이메일 접수
- 접수처 : 울산광역시 북구 산업로 915 2층 울산경제일자리진흥원 사무실 창업육성팀
- 이메일 : ulsanceo@ubpi.or.kr
※ 이메일 제출 시, 제목란에 '2026년 울산 창업 U-시리즈 지원신청서(지원자 실명)' 기재","방문 및 이메일 접수
- 접수처 : 울산광역시 북구 산업로 915 2층 울산경제일자리진흥원 사무실 창업육성팀
- 이메일 : ulsanceo@ubpi.or.kr
※ 이메일 제출 시, 제목란에 '2026년 울산 창업 U-시리즈 지원신청서(지원자 실명)' 기재",https://www.bizinfo.go.kr/sii/siia/selectSIIA200Detail.do?pblancId=PBLN_000000000124373,main,primary,울산2026년2차창업u시리즈ustart추가모집공고,울산경제일자리진흥원,2026-07-15~2026-08-06,창업,사업화지원
biz,PBLN_000000000124372,[경남] 2026년 인도네시아 산업기계전 참가 업체 모집 공고,"경상남도 내에 경쟁력 있는 밸브 및 산업기계 분야 중소기업을 대상으로 해외 신규 바이어를 발굴하고, 수출 시장을 확대의 기회를 제공하고자,「2026 인도네시아 산업기계전」에 참가할 기업을 아래와 같이 모집하오니 많은 신청 바랍니다.
☞ 도내에 본사 또는 공장이 소재하는 밸브 및 산업기계 분야 중소기업
- 품목: 산업용 기계, 기계부품, 엔지니어링, 하드웨어, 플랜트, 측정기, 로봇, 베어링, 펌프류 등 산업설비 전반 
☞ 부스 임차료(장치비 포함), 통역비(50%), 편도 항공료(1社 1人) 지원",판로/수출,경남테크노파크,경상남도,중소기업,중소기업,,,,,,,시장개척,2026-07-13,2026-07-31,,온라인 접수(경상남도 해외마케팅 사업지원시스템),온라인 접수(경상남도 해외마케팅 사업지원시스템),https://www.bizinfo.go.kr/sii/siia/selectSIIA200Detail.do?pblancId=PBLN_000000000124372,main,primary,경남2026년인도네시아산업기계전참가업체모집공고,경남테크노파크,2026-07-13~2026-07-31,수출,시장개척
biz,PBLN_000000000124371,제22회 강원의료기기전시회(GMES 2026) 국내ㆍ외 바이어 초청 지원사업 3차 신청 공고,"원주의료기기산업진흥원에서 전시회 기간 중 구매력 있는 바이어에 대한 초청 비용 일부를 지원함으로써 전시회 성과목표 달성 및 계약 체결 도모 등 마케팅을 지원해드리는 사업입니다.
☞ 강원의료기기전시회(GMES 2026) 참가기업
☞ 해외바이어 왕복 항공임 80% 지원(이코노미 기준) 등, 국내바이어 교통비 지원",판로/수출,원주의료기기산업진흥원,강원특별자치도,중소기업,중소기업,,,,,,,해외진출준비,2026-07-14,2026-08-07,,이메일 접수 (ljm@wmit.or.kr),이메일 접수 (ljm@wmit.or.kr),https://www.bizinfo.go.kr/sii/siia/selectSIIA200Detail.do?pblancId=PBLN_000000000124371,main,primary,제22회강원의료기기전시회gmes2026국내ㆍ외바이어초청지원사업3차신청공고,원주의료기기산업진흥원,2026-07-14~2026-08-07,수출,해외진출준비
biz,PBLN_000000000124370,[경남] 2026년 하반기 마을기업 모집 공고,"경상남도는 지역주민이 각종 지역 자원을 활용한 수익사업을 통해 공동의 지역문제를 해결하고, 소득 및 일자리를 창출하여 지역공동체 이익을 실현할 마을기업(예비, 신규, 재지정, 고도화)을 아래와 같이 모집합니다.
☞ 공고일 기준 지역 내 소재하고 있는 사업장을 기반으로 마을기업 지정(운영)요건을 모두 충족한 법인 
※ 예비는 마을ㆍ단체 포함
※ 지정(운영)요건 : 공동체성, 공공성, 지역성, 기업성
☞ 신규(5천만원), 재지정(3천만원), 고도화(2천만원) 지원
※ 자세한 지원내용 공고문 참조",경영,기초자치단체,경상남도,마을기업,기타,,,,,,,디자인/상품화/사업화,2026-07-16,2026-07-24,,"방문 또는 우편 접수
- 소재지 관할 시ㆍ군 마을기업 담당부서","방문 또는 우편 접수
- 소재지 관할 시ㆍ군 마을기업 담당부서",https://www.bizinfo.go.kr/sii/siia/selectSIIA200Detail.do?pblancId=PBLN_000000000124370,main,primary,경남2026년하반기마을기업모집공고,기초자치단체,2026-07-16~2026-07-24,경영,디자인/상품화/사업화
biz,PBLN_000000000124369,[인천] 2026년 하반기 마을기업 공모계획 공고,"「2026년 마을기업 육성사업 시행지침(행정안전부)」에 따라 2026년 하반기 인천광역시 마을기업 공모계획을 다음과 같이 공고합니다.
☞ 공고일 기준 지역 내 소재하고 있는 사업장을 기반으로 마을기업 지정(운영)요건을 모두 충족한 법인
※ 회차별 상이 공고문 2p 참조
☞ 1회차(신규) 최대 5천만원, 2회차(재지정) 최대 3천만원, 3회차(고도화) 최대 2천만원 사업비 지원
※ 자세한 지원내용 공고문 참조",경영,청운대학교산학협력단,인천광역시,마을기업,기타,,,,,,,디자인/상품화/사업화,2026-07-20,2026-07-28,,"방문 접수
- 접수처 : 소재지 관할 군ㆍ구(마을기업 담당부서)","방문 접수
- 접수처 : 소재지 관할 군ㆍ구(마을기업 담당부서)",https://www.bizinfo.go.kr/sii/siia/selectSIIA200Detail.do?pblancId=PBLN_000000000124369,main,primary,인천2026년하반기마을기업공모계획공고,청운대학교산학협력단,2026-07-20~2026-07-28,경영,디자인/상품화/사업화
biz,PBLN_000000000124368,[전북] 2026년 하반기 마을기업 지정 모집 공고,"2026년 하반기 마을기업 육성사업 시행지침(행정안전부)에 따라 전북특별자치도 마을기업을 다음과 같이 모집 공고합니다. 
☞ 신규(1회차), 재지정(2회차), 고도화(3회차) 마을기업
☞ 마을기업 사업비 지원 및 자립 지원사업 참여기회 부여 지원
- (사업비 지원) 마을기업 지정 유형 및 회차에 따라 보조금 지원
- (자립 지원) 컨설팅, 홍보ㆍ판로 지원 등 경영지원 사업 참여기회 부여",경영,직접수행,전북특별자치도,마을기업,기타,,,,,,,디자인/상품화/사업화,2026-07-14,2026-07-28,,"방문 접수
- 접수처 : 법인 소재지 관할 시ㆍ군 마을기업 담당부서","방문 접수
- 접수처 : 법인 소재지 관할 시ㆍ군 마을기업 담당부서",https://www.bizinfo.go.kr/sii/siia/selectSIIA200Detail.do?pblancId=PBLN_000000000124368,main,primary,전북2026년하반기마을기업지정모집공고,직접수행,2026-07-14~2026-07-28,경영,디자인/상품화/사업화
biz,PBLN_000000000124367,[경북] 2026년 하반기 (예비)마을기업 지정계획 공고,"행정안전부「2026년 마을기업 육성사업 시행지침」및 경상북도 마을기업 지정 추진계획에 따라 2026년 하반기 경상북도 (예비)마을기업 지정계획을 다음과 같이 공고합니다.
☞ 마을기업 지정요건을 갖추고 지정 유형 및 회차별 의무교육을 이수한 공고일 기준 도내 소재 법인
☞ 사업비 지원 및 자립 지원사업 참여기회 지원
- 사업비 지원 : 마을기업 지정 유형 및 회차에 따라 보조금 지원
- 자립 지원 : 교육, 경영 컨설팅, 네트워크 구축 등 참여기회 부여",경영,직접수행,경상북도,마을기업,기타,,,,,,,디자인/상품화/사업화,2026-07-15,2026-07-28,,"방문 접수
- 접수처 :  단체 또는 기업 주사무소 소재지 시군 마을기업 담당부서","방문 접수
- 접수처 :  단체 또는 기업 주사무소 소재지 시군 마을기업 담당부서",https://www.bizinfo.go.kr/sii/siia/selectSIIA200Detail.do?pblancId=PBLN_000000000124367,main,primary,경북2026년하반기예비마을기업지정계획공고,직접수행,2026-07-15~2026-07-28,경영,디자인/상품화/사업화
biz,PBLN_000000000124366,[전북] 2026년 인공지능 신뢰성 향상지원 및 확보지원 참여기업 추가 모집 공고,"전주정보문화산업진흥원과 한국정보통신기술협회에서는 “인공지능 기본법” 시행(‘26.01)에 따른 지역 기업의 인공지능 신뢰성 확보지원을 위해「인공지능 신뢰성 향상지원 및 확보지원」참여기업을 추가 모집하오니 많은 관심과 참여 바랍니다.
☞ 전북특별자치도 내 인공지능 기술 및 제품 보유 기업, AI 활용 아이디어를 보유한 지역 기업
☞ 인공지능 신뢰성(TAI) 향상지원, 인공지능 신뢰성(TAI) 확보지원
- TAI 향상지원 : 기업이 기 보유한 기술 및 제품의 검증 및 인증 획득 지원
- TAI 확보지원 : 기업의 AI 시스템 진단, 개선 방안, 사후 점검 등 컨설팅 지원",기술,전주정보문화산업진흥원,전북특별자치도,중소기업,중소기업,,,,,,,기술사업화/이전/지도,2026-07-14,2026-07-27,,"이메일 접수
- (재)전주정보문화산업진흥원 미래산업본부 : sweng@jica.or.kr, eby@jica.or.kr
- 한국정보통신기술협회 AI신뢰성평가단 : ai-trustinnovation@tta.or.kr","이메일 접수
- (재)전주정보문화산업진흥원 미래산업본부 : sweng@jica.or.kr, eby@jica.or.kr
- 한국정보통신기술협회 AI신뢰성평가단 : ai-trustinnovation@tta.or.kr",https://www.bizinfo.go.kr/sii/siia/selectSIIA200Detail.do?pblancId=PBLN_000000000124366,main,primary,전북2026년인공지능신뢰성향상지원및확보지원참여기업추가모집공고,전주정보문화산업진흥원,2026-07-14~2026-07-27,기술,기술사업화/이전/지도
biz,PBLN_000000000124365,"2026년 콘텐츠 스타트업 글로벌 엑셀러레이팅 프로그램(론치패드) 참가기업(UAE, 싱가포르) 추가 모집 공고","한국콘텐츠진흥원은 국내 콘텐츠 스타트업 기업의 해외시장 진출 활성화를 위하여 “2026 콘텐츠 스타트업 글로벌 엑셀러레이팅 프로그램(론치패드)” 국내 참가기업(UAE, 싱가포르)을 추가 모집하오니 많은 관심과 참여 부탁드립니다.
☞ 해외진출을 희망하는 국내 콘텐츠 스타트업
- 글로벌 비즈니스 모델을 갖춘 2019년 이후 국내 법인 등기를 완료한 콘텐츠 스타트업
※ 자세한 지원대상 공고문 참조
☞ 론치패드 지원 프로그램 지원
※ 자세한 지원내용 공고문 참조",판로/수출,한국콘텐츠진흥원,전국,창업벤처,"스타트업,초기창업기업",,,,,,,시장개척,2026-07-15,2026-07-27,,온라인 접수(콘텐츠수출마케팅플랫폼(Welcon)),온라인 접수(콘텐츠수출마케팅플랫폼(Welcon)),https://www.bizinfo.go.kr/sii/siia/selectSIIA200Detail.do?pblancId=PBLN_000000000124365,main,primary,2026년콘텐츠스타트업글로벌엑셀러레이팅프로그램론치패드참가기업uae싱가포르추가모집공고,한국콘텐츠진흥원,2026-07-15~2026-07-27,수출,시장개척
biz,PBLN_000000000124363,[경기] 2026년 중소기업 마케팅 지원사업 수출 매칭 지원 추가모집 공고,"경기도와 경기도주식회사는 도내 중소기업의 수출 물류비 부담 경감을 통한 수출 경쟁력 확보 및 글로벌 시장 진출 확대 도모를 위하여「2026년 중소기업 마케팅 지원사업 - 수출 매칭 지원사업」을 운영합니다. 이에 사업에 참여를 원하시는 중소기업을 다음과 같이 추가모집하오니 많은 관심과 신청바랍니다.
☞ 경기도에 본사 또는 공장이 있는 중소기업(공고일 기준)
☞ 해상 운임비 및 기타 제반비용 지원(최대 5백만원)",판로/수출,코리아경기도주식회사,경기도,중소기업,중소기업,,,,,,,해외진출준비,2026-07-15,2026-07-29,,온라인 접수(경기도주식회사 홈페이지),온라인 접수(경기도주식회사 홈페이지),https://www.bizinfo.go.kr/sii/siia/selectSIIA200Detail.do?pblancId=PBLN_000000000124363,main,primary,경기2026년중소기업마케팅지원사업수출매칭지원추가모집공고,코리아경기도주식회사,2026-07-15~2026-07-29,수출,해외진출준비
biz,PBLN_000000000124362,2026년 체육인 직업안정 사업(창업지원) 창업점검과정(열매) 참여자 추가모집 공고,"2026년 체육인 직업안정사업(점검과정) 참여자를 아래와 같이 추가 모집하고자 합니다. 자세한 내용은 첨부파일의 모집 공고문을 참고하여 주시기 바랍니다.
☞ 은퇴(예정) 또는 경력 단절 체육인 중 전ㆍ현직 선수, 지도자, 심판 자격이 있는 기창업자 
※ 자세한 지원대상 공고문 참조 
☞ 사업화지원금(홍보비 등 일괄 5백만원) 및 맞춤형 컨설팅 등 지원
- 기업 진단 컨설팅, 스케일업 멘토링, 넥스트라이즈 전시, IR RUN, 단기 스프라우트 등 지원 
※ 자세한 지원내용 공고문 참조",창업,국민체육진흥공단,전국,창업벤처,초기창업기업,,,,,,,사업화지원,2026-07-10,2026-07-23,,온라인 접수 (체육인복지지원포털),온라인 접수 (체육인복지지원포털),https://www.bizinfo.go.kr/sii/siia/selectSIIA200Detail.do?pblancId=PBLN_000000000124362,main,primary,2026년체육인직업안정사업창업지원창업점검과정열매참여자추가모집공고,국민체육진흥공단,2026-07-10~2026-07-23,창업,사업화지원
biz,PBLN_000000000124360,[경기] 성남시 2026년 시스템반도체 개발 인프라 활용 지원 사업 계측 인프라 부문 기업 추가 모집 공고,"기업지원 잔여예산에 따른 추가모집을 다음과 같이 공고합니다. 반도체 설계 검증 플랫폼「시스템반도체 개발지원센터」자원 활용 지원으로 기업 경쟁력 및 제품 상용화 제고에 기여하고, 기관-기업 간 연계 활성화로 첨단 산업 협력 생태계 확장을 위한「시스템반도체 개발 인프라 활용 지원」사업을 추진하오니 관심 있는 성남시 기업의 많은 신청 바랍니다.
☞ 관내 중소ㆍ벤처 시스템반도체 기업(팹리스, IP설계 및 디자인하우스 등) 
※ 성남에 본사나 공장이 소재한 기업(및 관내 기업부설연구소만 소재하는 기업도 지원 대상
☞ 시스템반도체 관련 성능 검증ㆍ계측 환경 지원 및 인프라 활용 교육 등
- 시제품 제작 前 Wafer 및 PKG 레벨에서 성능 평가ㆍ초고속 인터페이스 신호 분석ㆍ표준화ㆍ신뢰성 평가 등에 필요한 계측 장비 사용 지원 및 계측 지원 서비스(데이터 수집 및 가공 등) 지원",기술,성남산업진흥원,경기도,중소기업,중소기업,,,,,,,기술사업화/이전/지도,2026-07-14,2026-09-28,,온라인 접수(성남산업진흥원 성남기업포털),온라인 접수(성남산업진흥원 성남기업포털),https://www.bizinfo.go.kr/sii/siia/selectSIIA200Detail.do?pblancId=PBLN_000000000124360,main,primary,경기성남시2026년시스템반도체개발인프라활용지원사업계측인프라부문기업추가모집공고,성남산업진흥원,2026-07-14~2026-09-28,기술,기술사업화/이전/지도
biz,PBLN_000000000124359,2026년 공공데이터 활용기업 AI연계 맞춤형 성장 지원사업 참여기업 모집 공고,"행정안전부와 한국지능정보사회진흥원(NIA)에서는 공공데이터 활용 (예정)기업 또는 예비 창업자를 대상으로 「’26년 공공데이터 활용기업 AI 연계 맞춤형 성장 지원사업」에 참여할 기업을 모집합니다. 본 사업은 기업별 공공데이터 활용 수준, AI 도입 단계, 기업 생애주기(예비ㆍ초기ㆍ도약 등)를 종합적으로 고려하여 맞춤형 성장을 지원합니다. 관심 있는 기업의 많은 참여 바랍니다.
☞ 공공데이터ㆍAI를 활용한 서비스를 제공하고 있거나 개발하고자 하는 기업 또는 예비창업자
☞ 기업의 공공데이터ㆍAI 활용 역량에 따라 기업 니즈 맞춤형 패키지 프로그램 지원
- 4개 대분류(창업지원, AI-Ready 구축, AI서비스 고도화, 투자유치 및 해외진출) 12개 세부분야 지원 
※ 자세한 지원내용 공고문 참조",기술,한국지능정보사회진흥원,행정안전부,중소기업,중소기업,,,,,,,기술사업화/이전/지도,2026-07-15,2026-08-14,,이메일 접수 (opendatabiz@kmac.co.kr),이메일 접수 (opendatabiz@kmac.co.kr),https://www.bizinfo.go.kr/sii/siia/selectSIIA200Detail.do?pblancId=PBLN_000000000124359,main,primary,2026년공공데이터활용기업ai연계맞춤형성장지원사업참여기업모집공고,한국지능정보사회진흥원,2026-07-15~2026-08-14,기술,기술사업화/이전/지도
biz,PBLN_000000000124358,"[경기] 용인시 2026년 Hello, YOGO 바이럴마케팅 지원사업 공고","용인시 중소기업의 해외시장 판로개척을 지원하기 위해 용인시 「Hello, YOGO」 바이럴 마케팅 지원사업」에 참가할 기업을 다음과 같이 모집하오니 많은 신청 바랍니다.
☞ 용인시 소재 수출중소기업
- 꾸러미 구성을 위한 제품 협찬이 가능한 뷰티, 식품기업
☞ 참가기업별 제품 협찬을 통해 Hello, YOGO 꾸러미 구성, 판매력을 보유한 국내 인플루언서 섭외 및 바이럴 마케팅 지원",판로/수출,기초자치단체,경기도,중소기업,중소기업,,,,,,,온라인,2026-07-08,2026-07-22,,온라인 접수(용인기업지원시스템),온라인 접수(용인기업지원시스템),https://www.bizinfo.go.kr/sii/siia/selectSIIA200Detail.do?pblancId=PBLN_000000000124358,main,primary,경기용인시2026년helloyogo바이럴마케팅지원사업공고,기초자치단체,2026-07-08~2026-07-22,내수,온라인
biz,PBLN_000000000124357,[경북] 2026년 5차 지역형 플러스 일자리 사업 권역별 핵심산업 신규입직자 정착 지원 공고,"경상북도 내 권역별 핵심산업 신규입직자의 고용 안정을 위해 고용노동부와 경상북도가 지원하고, (재)경북IT융합산업기술원에서 추진하는「권역별 핵심산업 신규입직자 정착 지원」의 지원내용을 안내하오니 근로자의 많은 참여 바랍니다.
☞ 경상북도 권역별 핵심산업 관련 기업
※ 자세한 지원대상 공고문 참조
☞ 경상북도 내 권역별 핵심산업의 고용 안정을 위해 신규 취업한 근로자에 장려금 지원
- 1인당 최대 150만원 지원(3개월, 6개월 차 근속 유지 확인 후 각 75만원 지원)",인력/일자리,경북IT융합산업기술원,경상북도,중소기업,중소기업,,,,,,,고용유지,2026-07-13,2026-08-14,,"이메일 접수 (nhryu@gitc.or.kr)
- 서명 또는 도장 날인 후 스캔, PDF 파일 必
- 담당자 수취 확인 필수","이메일 접수 (nhryu@gitc.or.kr)
- 서명 또는 도장 날인 후 스캔, PDF 파일 必
- 담당자 수취 확인 필수",https://www.bizinfo.go.kr/sii/siia/selectSIIA200Detail.do?pblancId=PBLN_000000000124357,main,primary,경북2026년5차지역형플러스일자리사업권역별핵심산업신규입직자정착지원공고,경북it융합산업기술원,2026-07-13~2026-08-14,인력,고용유지
biz,PBLN_000000000124356,[경기] 2026년 자동차기업 생산ㆍ근로환경 고도화과제 참여기업 모집 공고(경기 자동차산업 밸류체인 고도화 지원사업),"경기지역 자동차기업의 생산ㆍ근로환경 개선과 지속가능한 일자리 기반 마련을 지원하기 위한「2026년 자동차기업 생산ㆍ근로환경 고도화과제」 참여기업 모집계획을 다음과 같이 공고하오니, 많은 관심과 참여 바랍니다. 
☞ 경기도 소재 자동차산업 영위 기업 및 자동차 산업 관련 기업
- 고용보험 가입자 5인 이상 500인 미만 기업
- 사전공고일('26.3.26)로부터 본 공고(사업공고) 마감일('26.07.31)까지 2명 이상 신규채용실적(정규직, 내국인)을 보유한 기업(단, 채용 실적이 없는 경우, 약정서를 통해 신청 가능)
- 경기도 지정 자동차산업 및 미래차 관련 업종 영위기업
☞ 생산ㆍ근로환경 개선비용의 80%(최대 1,000만원 지원)
- 지원항목 : 안전시설 및 시설 개ㆍ보수, 노후 기계 및 설비 개선, 자동화 장비 개보수, 근로공간 내부 개보수, 복지시설ㆍ생활필수시설 개보수 등 지원",인력/일자리,경기중소벤처기업연합회,경기도,중소기업,중소기업,,,,,,,작업환경개선,2026-07-13,2026-07-31,,이메일 접수 (hy0425@gsmba.kr),이메일 접수 (hy0425@gsmba.kr),https://www.bizinfo.go.kr/sii/siia/selectSIIA200Detail.do?pblancId=PBLN_000000000124356,main,primary,경기2026년자동차기업생산ㆍ근로환경고도화과제참여기업모집공고경기자동차산업밸류체인고도화지원사업,경기중소벤처기업연합회,2026-07-13~2026-07-31,인력,작업환경개선
biz,PBLN_000000000124355,2026년 3분기 중소기업간 협업지원사업 운영요령에 따른 협업기업 신청 공고,"「중소기업간 협업지원사업 운영요령」에 따른 3분기 협업기업 모집 계획을 다음과 같이 공고하오니, 참여를 희망하는 중소기업은 안내에 따라 신청하시기 바랍니다.
☞ 2개 이상의 중소기업으로 생산ㆍ연구개발ㆍ마케팅 기능을 갖춘 협업체를 구성하여, 제품을 개발ㆍ생산ㆍ판매하려는 중소기업
☞ 협업기업 대상 정부지원사업 참여자격 부여 지원
- (중소기업유통센터) 직접생산확인 기준 인정
- (중소벤처기업진흥공단) 혁신성장지원자금(협동화 자금융자) 신청 가능",경영,중소기업융합중앙회,전국,중소기업,중소기업,,,,,,,디자인/상품화/사업화,2026-07-15,2026-07-28,,온라인 접수 (중소벤처24_협업정보시스템),온라인 접수 (중소벤처24_협업정보시스템),https://www.bizinfo.go.kr/sii/siia/selectSIIA200Detail.do?pblancId=PBLN_000000000124355,main,primary,2026년3분기중소기업간협업지원사업운영요령에따른협업기업신청공고,중소기업융합중앙회,2026-07-15~2026-07-28,경영,디자인/상품화/사업화
biz,PBLN_000000000124354,[경기] 2026년 스타트업 글로벌 성장 지원 뉴욕 투자유치 지원 프로그램 참여기업 모집 공고,"경기도와 경기도경제과학진흥원은 미국 진출 및 현지 투자유치를 희망하는 도내 우수 스타트업을 지원하기 위하여 2026년 경기 스타트업 글로벌 성장지원「뉴욕 투자유치 지원 프로그램」에 참여할 유망 경기 기업을 모집하오니 관심 있는 기업의 많은 참여 바랍니다.
☞ 본점 주소지가 경기도에 소재한 7년 이내 창업기업, 단, 신산업 창업 분야에 해당 시 10년 이내 창업기업
- 모집 분야 : 핀테크, 디지털 헬스케어, 문화콘텐츠 등 기술 기반 아이템 보유기업
※ 자세한 지원대상 공고문 참조
☞ 사전 IR 역량 강화 및 현지 투자 IRㆍ투자 밋업 참가 지원
- 역량 진단, 공통 교육, IR DECK 고도화, 온라인 사전 밋업, 현지 데모데이, UKF KOOM WEEK 참가, 후속지원(직접투자)",경영,경기도경제과학진흥원,경기도,창업벤처,"스타트업,초기창업기업",,,,,,,디자인/상품화/사업화,2026-07-14,2026-08-07,,온라인 접수(경기스타트업플랫폼),온라인 접수(경기스타트업플랫폼),https://www.bizinfo.go.kr/sii/siia/selectSIIA200Detail.do?pblancId=PBLN_000000000124354,main,primary,경기2026년스타트업글로벌성장지원뉴욕투자유치지원프로그램참여기업모집공고,경기도경제과학진흥원,2026-07-14~2026-08-07,경영,디자인/상품화/사업화
kst,178634,2026년 제3회 ICT콤플렉스 스타트업 투자상담회 참가기업 모집,"ICT콤플렉스에서 유망 사업 아이템을 보유한 창업기업의 성장 지원을 위해 스타트업 투자상담회를 개최합니다.
투자유치를 희망하는 창업자분들의 많은 관심과 참여바랍니다.",교육/멘토링,민간,전국,"대학생,일반인,대학,연구기관,일반기업,1인 창조기업","기업,누구나,스타트업,청년,초기창업기업","만 20세 이상 ~ 만 39세 이하,만 40세 이상",,,ICT기술 기반의 창업 7년 이내 기업,,7년미만,멘토링ㆍ컨설팅ㆍ교육,20260721,20260812,,,이메일 접수: 공고문 확인 필요,https://www.k-startup.go.kr/web/contents/bizpbanc-ongoing.do?schM=view&pbancSn=178634,main,primary,2026년제3회ict콤플렉스스타트업투자상담회참가기업모집,민간,20260721~20260812,멘토링ㆍ컨설팅ㆍ교육,멘토링ㆍ컨설팅ㆍ교육
kst,178631,[문화예술 창업지원]메이커스페이스 자개 공예 원데이클래스,전통 공예를 활용한 아이템 만들기!,창업,지자체,전국,"대학생,일반인,대학,연구기관,일반기업,1인 창조기업","기업,누구나,청년,초기창업기업",만 20세 이상 ~ 만 39세 이하,20,39,청년(1987년 이후 출생자),,"예비창업자,1년미만,2년미만,3년미만,5년미만,7년미만,10년미만",창업교육,20260715,20260804,,,온라인 접수: https://www.checkin-gwanak.or.kr/core/?cid=58&role=programvopn&pSeq=1222&tab=,https://www.k-startup.go.kr/web/contents/bizpbanc-ongoing.do?schM=view&pbancSn=178631,main,primary,문화예술창업지원메이커스페이스자개공예원데이클래스,지자체,20260715~20260804,창업교육,창업교육
kst,178630,메이커스페이스 3D프린팅 교육/실습,3D 프린팅을 활용해 내 아이디어를 실물로 만들기!,창업,지자체,전국,"대학생,일반인,대학,연구기관,일반기업,1인 창조기업","기업,누구나,청년,초기창업기업",만 20세 이상 ~ 만 39세 이하,20,39,청년(1987년 이후 출생자),,"예비창업자,1년미만,2년미만,3년미만,5년미만,7년미만,10년미만",창업교육,20260715,20260729,,,온라인 접수: https://www.checkin-gwanak.or.kr/core/?cid=58&role=programvopn&pSeq=1221&tab=,https://www.k-startup.go.kr/web/contents/bizpbanc-ongoing.do?schM=view&pbancSn=178630,main,primary,메이커스페이스3d프린팅교육실습,지자체,20260715~20260729,창업교육,창업교육
kst,178629,"<2026 로컬 스타트업 챌린지, 의정부 2026>","의정부시 행정수요 연계 공공 실증(PoC) 및 비즈니스 매칭을 지원하는 『2026 로컬 스타트업 챌린지, 의정부 2026』 참가기업 모집계획을 다음과 같이 공고하오니, 역량 있는 스타트업의 많은 신청 바랍니다",창업,민간,경기도,일반기업,"기업,누구나,스타트업","만 20세 미만,만 20세 이상 ~ 만 39세 이하,만 40세 이상",,,공고일 기준 창업7년 이내 스타트업(국적·지역 제한 없음),,7년미만,사업화,20260721,20260817,,,온라인 접수: bit.ly/CityON,https://www.k-startup.go.kr/web/contents/bizpbanc-ongoing.do?schM=view&pbancSn=178629,main,primary,2026로컬스타트업챌린지의정부2026,민간,20260721~20260817,사업화,사업화
kst,178628,서울캠퍼스타운사업,경희대학교 (서울)RISE사업단 캠퍼스타운센터는 지역사회와 함께 성장해 나갈 수 있는 혁신적인 기술 창업 소재를 보유한 (예비) 창업자를 발굴 및 육성하고자 「2026 경희대학교 캠퍼스타운 입주기업 ‘캠퍼 8기’ 특별형 선발 창업경진대회 [캠퍼서핑챌린지]」를 다음과 같이 공고하오니 많은 참여 바랍니다.,시설/공간,교육기관,서울특별시,"청소년,대학생,일반인,대학,연구기관,일반기업,1인 창조기업","기업,누구나,예비창업자,청년,초기창업기업","만 20세 미만,만 20세 이상 ~ 만 39세 이하",,,"‣ 아래 사항 모두 충족해야 하며, 외국인의 경우 한국어 소통 가능자
◦ 예비창업자(개인, 팀) 또는 협약일 기준 설립 후 7년 이내인 기업(‘19.09.01.이후)
* 신산업 창업 분야의 경우 협약일 기준 설립 후 10년 이내인 기업 신청 가능
◦ 대표자 연령 제한: 협약일(’26.09.01.) 기준 만 39세 이하
* 교내 창업 및 외국인 창업자는 대표자 연령 제한 적용 제외함
◦ 사업자등록 및 입주 의무 사항을 성실히 수행할 수 있는 자

1) ｢중소기업 창업지원법 시행령｣ 제4조 각 항에 해당하는 창업기업
2) 금융기관 등으로부터 채무불이행으로 규제중인 자 또는 국세 혹은 지방세를 체납 중인 자. 다만, 신용회복위원회의 사전채무조정(프리워크아웃), 개인워크아웃에서 채무조정합의서를 체결한 경우, 법원의 개인회생제도에서 변제계획인가를 받거나 파산면책 선고자, 회생인가를 받은 기업, 중소기업진흥공단 등으로부터 재창업자금을 지원받은 경우, 세금분납 계획에 따른 성실 납부기업(인), 정부지원 협약 전까지 세금완납기업(인), 정부 공공기관으로부터 재기지원 필요성을 인정받은 기업(인), 건강관리시스템기업구조 개선 진단을 통한 정상화 의결기업은 신청 가능하다.
3) 서울 캠퍼스타운 사업의 타 창업공간에 입주하여 지원사업을 수혜 중인 자. 다만, 입주개시일 이전에 사업 수혜기간이 종료되거나 사업을 중도포기한 자는 신청 가능하다.
4) 신청일 현재 폐업 또는 휴업중인 기업
5) 서울시 창업지원시설에서 문제가 있어 퇴거조치된 기업
6) 기타 서울시장이 참여제한의 사유가 있다고 인정하는 자
7) 기타 경희대학교 (서울)RISE사업단장이 참여제한의 사유가 있다고 인정하는 경우",,"예비창업자,1년미만,2년미만,3년미만,5년미만,7년미만,10년미만",시설ㆍ공간ㆍ보육,20260721,20260722,,,온라인 접수: https://www.blaybus.com/activities/910/landing,https://www.k-startup.go.kr/web/contents/bizpbanc-ongoing.do?schM=view&pbancSn=178628,main,primary,서울캠퍼스타운사업,교육기관,20260721~20260722,시설ㆍ공간ㆍ보육,시설ㆍ공간ㆍ보육
kst,178623,2026년 7월 KICXUP_서울 _입주기업_모집공고,"한국산업단지공단에서 KICXUP 서울에 입주할 혁신 스타트업을 모집합니다. 입주기업을 대상으로 사무공간 오피스 인프라, 산업단지 입주 대중견기업 오픈이노베이션, 신용보증기금 금융 지원, 맞춤형 성장지원 서비스(오피스아워) 등을 제공할 계획이오니, 역량 있는 스타트업의 많은 관심 바랍니다.",시설/공간,민간,서울특별시,일반기업,기업,만 20세 이상 ~ 만 39세 이하,20,39,"설립 7년 미만 창업기업

국세, 지방세, 4대 보험료를 체납 중인 기업
기타 한국산업단지공단이 부적당 하다고 판단한 입주 희망자",,7년미만,시설ㆍ공간ㆍ보육,20260721,20260807,,,온라인 접수: https://forms.gle/yherGm7fs5zuJkga6,https://www.k-startup.go.kr/web/contents/bizpbanc-ongoing.do?schM=view&pbancSn=178623,main,primary,2026년7월kicxup서울입주기업모집공고,민간,20260721~20260807,시설ㆍ공간ㆍ보육,시설ㆍ공간ㆍ보육
kst,178622,2026년 성장플러스 창업사업화 지원사업 참여기업 모집,"달구벌여성인력개발센터는 대구 서구 소재 영업장(사업자등록증 기준)의 3년 초과 7년 이내 창업기업 대상으로 사업화자금을 지원하여 창업기업의 정착과 성장을 지원하고,
지역 경제 활성화 도모를 위해 다음과 같이 「2026년 성장플러스 창업사업화 지원사업」을 시행하오니 많은 참여 바랍니다.",창업,민간,대구광역시,"대학생,일반인,일반기업,1인 창조기업","기업,누구나,청년,초기창업기업","만 20세 이상 ~ 만 39세 이하,만 40세 이상",,,"공고일 기준 대구 서구 소재 영업장(사업자등록증 기준)의 3년 초과 7년 이내 창업기업

▶ 「중소기업창업 지원법 시행령」 제4조(창업에서 제외되는 업종)의 업종을 영위하고 있거나 영위하고자 하는 자(기업)
▶ 신청일 기준 동 사업에 신청하는 사업자가 휴·폐업 중인 자(기업)
▶ 국세 또는 지방세 체납 중이거나 금융기관 등의 채무불이행 상태인 경우
▶ 「근로기준법」에 따라 고용노동부가 공개하는 체불사업주 명단에 포함된 자(기업)
▶ 사업주관기관이 지정한 은행 계좌(사업비 계좌) 개설 및 거래가 불가한 자(기업)
▶ 「보조금 관리에 관한 법률」 제 31조의2(보조사업 수행 배제 등)에 따라 수행대상에서 배제된 자(기업)
▶ 타 창업지원사업에 참여 제한으로 제재 중인 자(기업)
▶ 타 사업화지원사업 주관기관으로부터 발생한 환수금 등의 반환이 종결되지 않은 기업
▶ 동일한 사업화 과제로 타 기관 창업지원사업을 수행중인 자(기업)
▶ 기타 사업주관기관의 장이 참여를 제한할 정당한 사유가 있다고 인정하는 자(기업)",,"5년미만,7년미만",사업화,20260720,20260903,,,온라인 접수: https://w-startup.daegu.go.kr/business/323,https://www.k-startup.go.kr/web/contents/bizpbanc-ongoing.do?schM=view&pbancSn=178622,main,primary,2026년성장플러스창업사업화지원사업참여기업모집,민간,20260720~20260903,사업화,사업화
kst,178621,2026 공공기술 활용 딥테크 창업 경진대회,"대전창조경제혁신센터와 나노종합기술원은 공공기술 기반의 창의적이고 혁신적인 창업아이디어를 발굴하고, 기술창업 활성화 및 딥테크 창업생태계 조성을 위해 「2026년 공공기술 활용 딥테크 창업 경진대회」를 개최하오니 많은 관심과 참여를 바랍니다.",행사/네트워크,공공기관,전국,"청소년,대학생,일반인,대학,연구기관,일반기업,1인 창조기업","기업,누구나,예비창업자,청년,초기창업기업","만 20세 미만,만 20세 이상 ~ 만 39세 이하,만 40세 이상",,,"공공기술을 활용한 창업아이디어를 보유한 예비창업자(대학생 및 대학원생 포함), 공공기술 기반으로 창업한 창업 3년 이내 초기창업기업

•  「중소기업창업 지원법」 시행령 제 4조에 따라 창업에서 제외되는 업종과 사행성 및 환경오염 유발 등 반사회적 성격의 창업 아이템
• 공고일 기준 동일 또는 유사한 아이템으로 최근 3년간  (2023.7.20.~2026.7.20.)
    他 창업경진대회를 통해 누적 상금 천만원 이상 받은 자 
   * 他 창업경진대회는 중앙부처/지자체/공공부문에서 주최한 모든 ‘창업경진대회’와 ‘창업 아이디어 공모전’을 포함
   * 상금은 ‘기타소득’ 으로 한정하며 기술개발 실증 등 사업화 목적의 지원금과는 별개 
• 대회 참가 신청 아이템 및 기업이 타인의 특허, 실용신안 등 지식재산권을 침해한 사실이 있거나 침해 관련 소송 등의 재판 진행 중인 자(기업) 또는 아이템",,"예비창업자,3년미만",행사ㆍ네트워크,20260720,20260814,,,"온라인 접수: https://nextstep.io.kr/deeptech
이메일 접수: 공고문 확인 필요",https://www.k-startup.go.kr/web/contents/bizpbanc-ongoing.do?schM=view&pbancSn=178621,main,primary,2026공공기술활용딥테크창업경진대회,공공기관,20260720~20260814,행사ㆍ네트워크,행사ㆍ네트워크
kst,178620,2026년 투자유치설명회 및 컨설팅 지원사업 공고,"지식재산 기반 중소기업 대상으로 투자유치 프로그램을 단계적으로 지원하여, 
기업의 투자유치 역량 강화 및 투자 환경 조성을 위해 「2026년 투자유치설명회 및 컨설팅 지원사업」을 다음과 같이 공고합니다.",교육/멘토링,공공기관,전국,일반기업,기업,"만 20세 미만,만 20세 이상 ~ 만 39세 이하,만 40세 이상",,,"등록된(전용실시권 포함) 특허, 실용신안, 디자인 중 1건 이상 보유한 기업(30개사 이내 지원)",,"1년미만,2년미만,3년미만,5년미만,7년미만,10년미만",멘토링ㆍ컨설팅ㆍ교육,20260715,20260730,,,이메일 접수: 공고문 확인 필요,https://www.k-startup.go.kr/web/contents/bizpbanc-ongoing.do?schM=view&pbancSn=178620,main,primary,2026년투자유치설명회및컨설팅지원사업공고,공공기관,20260715~20260730,멘토링ㆍ컨설팅ㆍ교육,멘토링ㆍ컨설팅ㆍ교육
kst,178619,강원 바이오·헬스케어 산업 AI 대전환 지원사업,"도내 바이오·헬스케어 산업의 디지털 혁신을 선도하고, AI 기술 융합을 통한 지역 기업의 글로벌 경쟁력을 강화하고자 「AI 대전환 지원사업」을 추진합니다. 혁신적인 AI 에이전트 도입 기술 및 아이디어를 보유한 도내 창업기업의 많은 관심과 참여를 바랍니다.",교육/멘토링,공공기관,강원특별자치도,일반기업,기업,"만 20세 미만,만 20세 이상 ~ 만 39세 이하,만 40세 이상",,,"❍ 지원대상 : 다음 요건을 모두 만족하는 7년 이내 도내 창업기업
- [지역] : 강원특별자치도내에 본점, 지점, 연구소·공장 중 1개 이상 소재
- [업종] : 바이오·헬스케어 분야

❍ 중소기업창업지원법 시행령 제4조의 업종을 영위하고 있거나 또는 영위하고자 하는 자(기업)
* 지원제외 대상 업종 : 중소기업창업지원법 시행령 제4조(창업에서 제외되는 업종) 일반유흥주점업, 무도유흥주점업, 기타 사행시설 관리 및 운영업 등
❍ 신청서 및 사업계획서 등을 허위로 작성하거나 도용하여 제출한 자(기업)
❍ 신청일 현재 휴·폐업 중인 자(기업)
❍ 중소벤처기업부 등 정부지원사업 참여 제한 등 제재 중인 자(기업)",,7년미만,멘토링ㆍ컨설팅ㆍ교육,20260720,20260731,,,온라인 접수: https://forms.gle/Yd17smcFSfeDBww26,https://www.k-startup.go.kr/web/contents/bizpbanc-ongoing.do?schM=view&pbancSn=178619,main,primary,강원바이오헬스케어산업ai대전환지원사업,공공기관,20260720~20260731,멘토링ㆍ컨설팅ㆍ교육,멘토링ㆍ컨설팅ㆍ교육
kst,178618,지역창업특화지원,"중소벤처기업부와 성북구가 지원하고 한성대학교에서 운영하는 성북구 중장년 기술창업센터에서 입주 및 사업화를 위한 (예비)창업자를 아래와 같이 모집 하오니, 전문경력을 보유하고 기술창업을 준비 중인 중장년 분들의 많은 신청 바랍니다.",시설/공간,교육기관,서울특별시,"일반인,일반기업,1인 창조기업","기업,누구나,예비창업자,초기창업기업","만 20세 이상 ~ 만 39세 이하,만 40세 이상",,,"가. 만 40세 이상 창업 3년 이내의 (예비)창업자 (*공고일 기준)
나. 연령 무관, 창업 7년 이내의 창업자(*총 입주기업의 20% 이하 일부 좌석)
- 경력·기술 등 우수한 창업아이템을 보유하고 창의적 아이디어, 기술, 전문지식을 소유한 자
- ***예비창업자의 경우 입주 후 6개월 이내에 센터 주소지로 사업자등록 필수
- ***창업자의 경우 입주 3개월 내 센터 주소지로 사업자 이전 필수 (본사 주소지)

- 숙박업, 임대업, 유흥업, 자영업 등 단순 일반 서비스 및 업종
- 공해유발, 사행성 등 중소기업창업지원법에 따라 창업에서 제외되는 업종
- 국가 또는 지방자치단체가 운영하는 사업 및 1인 창조기업 관련 지원을 받고 있는 자
- 금융기관 등의 채무불이행 및 국세 또는 지방세 등 세금 체납자",,"예비창업자,3년미만,7년미만",시설ㆍ공간ㆍ보육,20260720,20260807,,,이메일 접수: 공고문 확인 필요,https://www.k-startup.go.kr/web/contents/bizpbanc-ongoing.do?schM=view&pbancSn=178618,main,primary,지역창업특화지원,교육기관,20260720~20260807,시설ㆍ공간ㆍ보육,시설ㆍ공간ㆍ보육
kst,178617,중앙대-금천구 창업 협력공간(WB가산타워 7층) 입주자 모집 공고,“중앙대학교 산학협력단”에서는 (예비)창업자의 체계적인 육성과 창업성공률 제고를 위해 본 공간에 입주할 기업을 모집하고자 다음과 같이 공고하오니 많은 신청 바랍니다.,시설/공간,교육기관,전국,"대학생,일반인,대학,연구기관,일반기업,1인 창조기업","기업,누구나,예비창업자,청년,초기창업기업","만 20세 이상 ~ 만 39세 이하,만 40세 이상",,,"￭ 예비창업자(입주 후 6개월 이내 사업자 등록이 가능한 자) 및 기창업자
￭ 중앙대학교와 산학연 상생협력 프로그램 참여 가능한 자/기업
￭ 본교 학생 창업 또는 교원 창업자 우대
￭ 금천구 소재 기업 우대

￭ 중소기업창업지원법시행령 제4조에서 정하는 지원 제외 업종
(숙박 및 음식점업, 금융 및 보험업, 부동산업, 기타 개인 서비스업 등)
￭ 금융기관으로부터 불량거래자로 규제 중인 자
￭ 폐수, 소음, 진동 등 공해 다발 업종
￭ 기타 지원사업 목적에 부적합하다고 인정되는 경우",,"예비창업자,1년미만,2년미만,3년미만,5년미만,7년미만,10년미만",시설ㆍ공간ㆍ보육,20260720,20260802,,,이메일 접수: 공고문 확인 필요,https://www.k-startup.go.kr/web/contents/bizpbanc-ongoing.do?schM=view&pbancSn=178617,main,primary,중앙대금천구창업협력공간wb가산타워7층입주자모집공고,교육기관,20260720~20260802,시설ㆍ공간ㆍ보육,시설ㆍ공간ㆍ보육
kst,178616,서울창업허브 창동 운영,"서울창업허브 창동에서 스타트업의 혁신 기술과 아이디어를 대·중견기업의 수요와 연결하고, 실증 및 협업 기회를 제공하여 동반성장 기반의 혁신 생태계를 구축할 참가기업을 모집합니다.
이번 프로그램은 동아사이언스와의 PoC(실증) 및 공동 사업화 기회를 제공하오니, 역량 있는 스타트업의 많은 관심과 참여를 바랍니다",시설/공간,민간,서울특별시,"일반기업,1인 창조기업","기업,초기창업기업","만 20세 미만,만 20세 이상 ~ 만 39세 이하,만 40세 이상",,,"- 동아사이언스와의 PoC(실증) 및 공동 사업화에 대한 협업 의지를 보유한 기업
- 모집 분야의 혁신적인 기술, 제품, 서비스를 보유한 창업 7년 이내의 스타트업
※ 신산업 분야의 경우 창업 10년 이내
※ 본사, 연구소, 지점 중 1개 이상이 서울에 소재한 기업

- 신청 기술 및 제품이 표절 등 저작권·특허 분쟁 소지가 있는 경우
- 동일한 대표자 또는 기업이 중복 아이템으로 신청하는 경우
- 신청 내용 중 일부가 사실과 다르거나 법률 위반(명예훼손 등)이 확정된 경우
- 일반유흥주점업, 무도유흥주점업, 사행시설 관리 및 운영업 등 법적으로 지원이 불가능한 업종
- 금융기관 채무불이행 규제 중이거나 국세·지방세를 체납 중인 기업 및 대표자
※ 단, 신용회복위원회의 채무조정 합의, 법원의 개인회생 변제계획 인가, 파산면책 선고, 세금 분납 계획에 따른 성실 납부 및 완납 등의 경우는 예외적으로 신청 가능
- 기타 법령에서 정부 창업지원 제한 사유가 있다고 인정하는 대표자 또는 기업",,"7년미만,10년미만",시설ㆍ공간ㆍ보육,20260720,20260731,,,온라인 접수: https://www.startup-plus.kr/project/PRJ007352,https://www.k-startup.go.kr/web/contents/bizpbanc-ongoing.do?schM=view&pbancSn=178616,main,primary,서울창업허브창동운영,민간,20260720~20260731,시설ㆍ공간ㆍ보육,시설ㆍ공간ㆍ보육
kst,178615,디지털콘텐츠기업 성장지원센터 입주기업 모집 공고(2026-1차),"과학기술정보통신부, 안양시, 정보통신산업진흥원은 디지털콘텐츠 강소기업 육성 일환으로 사무공간·회의실·메타버스 테스트랩 등 인프라 시설 및 기업별 맞춤형 사업화 지원 프로그램을 제공하는 디지털콘텐츠기업 성장지원센터를 운영하고 있습니다.
이에, 과학기술정보통신부와 정보통신산업진흥원, 차세대융합콘텐츠산업협회는 디지털콘텐츠기업 성장지원센터 입주기업 모집을 시행하오니, 관련 기업의 많은 관심과 참여바랍니다.",시설/공간,민간,전국,일반기업,기업,"만 20세 이상 ~ 만 39세 이하,만 40세 이상",,,"○가상융합기술(XR/VR/AR), AI 등 신기술을 접목하여 디지털콘텐츠를 제작·공급하고 있는 중소기업 (단, 접수마감일 기준 설립 3년 이상인 기업)
* 중소기업기본법 제2조(중소기업의 범위)에 해당하는 기업
** 개인사업자는 개업일자(사업자등록증), 법인사업자는 법인등기일자(법인등기부등본) 기준",,"5년미만,7년미만,10년미만",시설ㆍ공간ㆍ보육,20260720,20260821,,,이메일 접수: 공고문 확인 필요,https://www.k-startup.go.kr/web/contents/bizpbanc-ongoing.do?schM=view&pbancSn=178615,main,primary,디지털콘텐츠기업성장지원센터입주기업모집공고20261차,민간,20260720~20260821,시설ㆍ공간ㆍ보육,시설ㆍ공간ㆍ보육
kst,178614,[글로벌] 2026 Bio-Health Global Bridge: AHN 프로그램 참가기업 모집,"서울창조경제혁신센터와 서울바이오허브에서 국내 유망 바이오 · 헬스케어 창업기업의 미국 시장 진출 및 글로벌 사업 협력 기회 확대를 지원합니다. 
미국 AHN 병원과의 협업을 희망하는 혁신적인 아이디어와 우수한 기술을 가진 창업기업의 많은 참여 바랍니다 .",판로/수출,공공기관,전국,"청소년,대학생,일반인,대학,연구기관,일반기업,1인 창조기업","기업,누구나,청년,초기창업기업","만 20세 미만,만 20세 이상 ~ 만 39세 이하,만 40세 이상",,,"바이오헬스, 메드테크 분야 업력 10년 미만 창업기업(공고일 기준)",,"예비창업자,1년미만,2년미만,3년미만,5년미만,7년미만,10년미만",글로벌,20260720,20260806,,,온라인 접수: https://www.seoulbiohub.kr/images/newsletter/202606/ahn_program_260629.html,https://www.k-startup.go.kr/web/contents/bizpbanc-ongoing.do?schM=view&pbancSn=178614,main,primary,글로벌2026biohealthglobalbridgeahn프로그램참가기업모집,공공기관,20260720~20260806,글로벌,글로벌
kst,178613,2026 ESG 기반 산업안전 컨설팅,"ESG 기반 안전보건 컨설팅을 통해 산업안전 체계를 구축하고, ISO 인증 취득을 지원함으로써 첨단화된 안전관리를 확산하여 경기도 지역사회 공헌과 현안 해결에 기여하고자 다음과 같이 공고합니다.",교육/멘토링,교육기관,경기도,일반기업,기업,"만 20세 미만,만 20세 이상 ~ 만 39세 이하,만 40세 이상",,,화성시 관내 제조업 기업(뿌리기술 또는 관련 사업 분야),,"1년미만,2년미만,3년미만,5년미만,7년미만,10년미만",멘토링ㆍ컨설팅ㆍ교육,20260720,20260730,,,이메일 접수: 공고문 확인 필요,https://www.k-startup.go.kr/web/contents/bizpbanc-ongoing.do?schM=view&pbancSn=178613,main,primary,2026esg기반산업안전컨설팅,교육기관,20260720~20260730,멘토링ㆍ컨설팅ㆍ교육,멘토링ㆍ컨설팅ㆍ교육
kst,178612,2026년 진주시 스타트업 디지털마케팅 참여기업 모집공고,창업기업이 필요로 하는 디지털 마케팅 실행 도구들을 수요자 중심으로 세분화하여 맞춤형 지원을 함으로써 다음과 같이 공고하오니 참여를 희망하는 기업은 안내에 따라 신청하시기 바랍니다.,창업,공공기관,경상남도,"청소년,대학생,일반인,일반기업,1인 창조기업","기업,누구나,스타트업,예비창업자,청년,초기창업기업","만 20세 미만,만 20세 이상 ~ 만 39세 이하,만 40세 이상",,,"공고일 기준 진주 소재 업력 7년 이내 창업기업

- 예비창업자
- 당해 진주창업지원센터 사업화 자금 선정기업(창업사관학교, 1인 창조기업 등)
- 부도, 휴·폐업 또는 국세·지방세 체납기업 등",,"1년미만,2년미만,3년미만,5년미만,7년미만",사업화,20260720,20260731,,,온라인 접수: www.gnstartup.kr/business/8339db24-725a-45bc-baf9-d778adc7b0d8/10742/detail,https://www.k-startup.go.kr/web/contents/bizpbanc-ongoing.do?schM=view&pbancSn=178612,main,primary,2026년진주시스타트업디지털마케팅참여기업모집공고,공공기관,20260720~20260731,사업화,사업화
kst,178611,IP 디딤돌 프로그램,충남북부상공회의소 충남지식재산센터에서는 도내 창의적 아이디어를 보유한 (예비)창업자를 대상으로 ‘IP창업교육’을 운영 하오니 많은 관심과 적극적인 참여를 바랍니다.,창업,공공기관,충청남도,"대학생,일반인,연구기관,일반기업,1인 창조기업","기업,누구나,예비창업자,청년,초기창업기업","만 20세 미만,만 20세 이상 ~ 만 39세 이하,만 40세 이상",,,"충남 지역 여성(예비창업자, 3년 이내 초기 창업기업)

남성",,"예비창업자,1년미만,2년미만,3년미만",창업교육,20260720,20260731,,,온라인 접수: https://naver.me/GkIjmjnU,https://www.k-startup.go.kr/web/contents/bizpbanc-ongoing.do?schM=view&pbancSn=178611,main,primary,ip디딤돌프로그램,공공기관,20260720~20260731,창업교육,창업교육
kst,178610,2026년 제4회 창업기업성장지원센터(이노플러스 스테이지) 신규 입주기업 모집공고,광주테크노파크는 우수한 기술력을 갖춘 창업기업 등의 성장을 지원하기 위해 창업기업성장지원센터(이노플러스 스테이지) 입주기업을 모집하오니 입주를 희망하는 기업들의 많은 신청 바랍니다,시설/공간,공공기관,전국,"연구기관,일반기업,1인 창조기업","기업,초기창업기업","만 20세 이상 ~ 만 39세 이하,만 40세 이상",,,"- 제조업(스마트제조, 제조AI 등)
- 지식기반산업(지식산업, 첨단기술활용 산업)
- 정보통신산업
- 전문, 과학 및 기술 서비스업 등

- 산업집적활성화 및 공장설립에 관한 법률 시행령 제36조의 4 의거 제한업종
- 대기환경보전법에 의한 대기오염물질, 물환경보전법에 의한 수질오염물질, 악취방지법에 의한 악취물질 배출 예상업종
- 특정유해물질으 발생하는 업종(도금업, 도장업 등)
- 폐수를 다량 발생시키는 업종 (피혁, 엽색, 제지업 등)
- 대기오염물질 다량 배출업종 (석유화학공업, 타이어제조업, 철강업, 시멘트제조업 등)
- 금융 신용도 불량자, 관련 법규나 사회 통념상 문제가 있는 경우
- 센터 관리·운영기관이 입주기업으로 부적합하다고 판단하는 기업
- 휴·폐업 중에 있는 기업",,"1년미만,2년미만,3년미만,5년미만,7년미만,10년미만",시설ㆍ공간ㆍ보육,20260720,20260821,,,이메일 접수: 공고문 확인 필요,https://www.k-startup.go.kr/web/contents/bizpbanc-ongoing.do?schM=view&pbancSn=178610,main,primary,2026년제4회창업기업성장지원센터이노플러스스테이지신규입주기업모집공고,공공기관,20260720~20260821,시설ㆍ공간ㆍ보육,시설ㆍ공간ㆍ보육
kst,178609,2026 Tri Nexus  AI 딥테크  오픈이노베이션 참여기업(스타트업) 모집,"충남창조경제혁신센터와 SK에코플랜트가 건설·반도체 EPC·환경·에너지·데이터센터 분야의 AI·딥테크 스타트업을 모집합니다. 
기술실증(PoC)과 사업화 연계를 통해 혁신기술의 실증 및 성장 기회를 지원합니다.",창업,공공기관,전국,"대학생,일반인,대학,일반기업,1인 창조기업","기업,누구나,스타트업,청년,초기창업기업","만 20세 미만,만 20세 이상 ~ 만 39세 이하,만 40세 이상",,,"수요기업과 협업을 희망하는 7년 이내 전국 소재 스타트업

자세한 사항은 공고문 참조",,7년미만,사업화,20260720,20260810,,,이메일 접수: 공고문 확인 필요,https://www.k-startup.go.kr/web/contents/bizpbanc-ongoing.do?schM=view&pbancSn=178609,main,primary,2026trinexusai딥테크오픈이노베이션참여기업스타트업모집,공공기관,20260720~20260810,사업화,사업화
kst,178608,2026년 하반기 SBA-신용보증기금 혁신 스타트업 보증지원 사업,"서울경제진흥원과 신용보증기금은 서울시 혁신 스타트업을 지원하기 위한 우대 보증지원 사업을 다음과 같이 공고합니다. 
서울시 소재 우수한 혁신 스타트업 분들의 많은 참여를 바랍니다.
사업 세부 내용은 아래 사업 내용 및 첨부파일을 참고해주시기 바랍니다.",자금,공공기관,전국,"청소년,대학생,일반인,대학,연구기관,일반기업,1인 창조기업","기업,누구나,스타트업,청년,초기창업기업","만 20세 미만,만 20세 이상 ~ 만 39세 이하,만 40세 이상",,,"1. 사업장: 본사 또는 주사업장이 서울시에 소재한 기업
2. 업력: 2020. 1. 1. 이후 설립된 창업기업
3. 분야: 혁신성장산업 또는 유망서비스 분야 영위기업(세부 내용 공고문 참조)

1. 신용보증기금 내규 저촉 등으로 인해 참여 제한 사유가 있다고 인정되는 경우
2. 보증기관(신용보증기금·기술보증기금·신용보증재단)이용 중인 기업* 
(* 단, 기술보증기금, 신용보증재단 보증 이용기업은 신용보증기금의 보증심사를 통해  보증지원 승인된 후 타 기관의 기존 보증을 전액 상환하는 경우 지원 가능)
3. 신용보증기금 책임경영심사 결격기업 (공고문 세부내용 참조)",,"예비창업자,1년미만,2년미만,3년미만,5년미만,7년미만,10년미만",정책자금,20260713,20260731,,,온라인 접수: https://www.startup-plus.kr/project/PRJ007325,https://www.k-startup.go.kr/web/contents/bizpbanc-ongoing.do?schM=view&pbancSn=178608,main,primary,2026년하반기sba신용보증기금혁신스타트업보증지원사업,공공기관,20260713~20260731,정책자금,정책자금
kst,178606,2026 대구특구 글로벌 딥테크 지원사업 DEEP-BOUND 참가자 모집,대구특구 글로벌 딥테크 지원사업에서 글로벌로 함께 할 우수 기업을 모집합니다,판로/수출,민간,대구광역시,"대학,연구기관,일반기업",기업,"만 20세 미만,만 20세 이상 ~ 만 39세 이하,만 40세 이상",,,"대구 5대 미래 신산업 분야 딥테크 대구시 소재 기업* 또는 연구개발특구 공공기술 이전·사업화를 추진하는 대구시 소재 기업
     * 바이오·헬스케어, 로봇‧모빌리티 분야, 반도체, AI 등 대구특구 특화분야 중점지원
     ** 대구특구 연구소기업 및 첨단기술기업 우대 지원

✓ 동 사업을 통해 사행산업 등 경제질서 및 미풍양속에 현저히 어긋나는 업종*을 영위하고자 하는 자
   * 지원제외 대상 업종 : 일반유흥주점업, 무도유흥주점업, 기타 사행시설 관리 및 운영업(중소기업창업지원법 시행령 제4조)
✓ 공고일 기준 금융기관을 통한 계좌개설이 불가능하거나 본인 명의의 금융자산에 대한 압류가 진행 중인 자
✓국세 또는 지방세 체납으로 규제중인 자
✓타인의 기술 또는 지식재산권을 침해하거나 모방한 사업아이템
✓신청서 및 제출서류의 내용이 허위로 확인되는 경우
✓정부지원사업 참여 제한 또는 제재 중인 기업
✓국가 및 지방자치단체를 당사로 하는 계약에 관한 법률에 따른 부정당업자
✓기타 수행기관이 참여 제한의 사유가 있다고 인정하는 자",,10년미만,글로벌,20260716,20260810,,,이메일 접수: 공고문 확인 필요,https://www.k-startup.go.kr/web/contents/bizpbanc-ongoing.do?schM=view&pbancSn=178606,main,primary,2026대구특구글로벌딥테크지원사업deepbound참가자모집,민간,20260716~20260810,글로벌,글로벌
kst,178605,민관협력 오픈이노베이션 지원사업,「민관협력 오픈이노베이션 지원」 2026년 제2차 '민간 선별추천형' 협업 과제 수행에 참여할 창업기업을 다음과 같이 모집합니다.,행사/네트워크,공공기관,전국,"청소년,대학생,일반인,대학,연구기관,일반기업,1인 창조기업","기업,누구나,청년,초기창업기업","만 20세 미만,만 20세 이상 ~ 만 39세 이하,만 40세 이상",,,"&apos;26년 제2차 &apos;민간 선별추천형&apos;에 선정된 수요기업의 추천 기업이며, 
공고일 기준으로 「중소기업창업 지원법」의 창업에 해당하는 기업으로 동 공고문 내 신청자격 및 요건을 충족하는 기업",,"1년미만,2년미만,3년미만,5년미만,7년미만,10년미만",행사ㆍ네트워크,20260720,20260731,,,온라인 접수: https://www.k-startup.go.kr/web/contents/webPMSBizUnvs.do?returnUrl=/screen/BMO0101M01?pbancId=0681001,https://www.k-startup.go.kr/web/contents/bizpbanc-ongoing.do?schM=view&pbancSn=178605,main,primary,민관협력오픈이노베이션지원사업,공공기관,20260720~20260731,행사ㆍ네트워크,행사ㆍ네트워크
kst,178604,2026 창조경제혁신센터 글로벌오픈이노베이션 프로그램 참여기업 모집공고,"전국 창조경제혁신센터 보육기업 대상 글로벌 대기업 Nestle, Michelin, SBB, Radial과 PoC 연계를 위한 액셀러레이팅 및 밋업 지원",판로/수출,공공기관,전국,일반기업,기업,"만 20세 미만,만 20세 이상 ~ 만 39세 이하,만 40세 이상",,,전국 창조경제혁신센터 보육기업,,"7년미만,10년미만",글로벌,20260717,20260727,,,온라인 접수: https://docs.google.com/forms/d/1s5TWL01dPKbgcAv99Xz2GD1NYcDCamXlQRPSkwKkGMw/edit,https://www.k-startup.go.kr/web/contents/bizpbanc-ongoing.do?schM=view&pbancSn=178604,main,primary,2026창조경제혁신센터글로벌오픈이노베이션프로그램참여기업모집공고,공공기관,20260717~20260727,글로벌,글로벌
kst,178603,예비창업패키지 & 모두의 창업 완벽 대비! 「1:1 맞춤형 창업 멘토링」 참가자 모집,"강남구여성능력개발센터에서는 정부지원사업(예비창업패키지, 모두의 창업 등) 도전 및 성공적인 창업 준비를 지원하기 위해 분야별 전문 멘토와 함께하는 1:1 맞춤형 창업 멘토링을 운영합니다. 창업의 첫걸음부터 비즈니스 모델 구체화, 서비스 고도화까지 개별 맞춤 솔루션을 받아보실 기회이니 역량 있는 예비·초기 창업자분들의 많은 관심과 참여 바랍니다.",교육/멘토링,공공기관,서울특별시,"대학생,일반인,대학,일반기업,1인 창조기업","기업,누구나,예비창업자,청년,초기창업기업","만 20세 이상 ~ 만 39세 이하,만 40세 이상",,,"3개월 이내 창업 예정자, 1년 미만 기창업자",,"예비창업자,1년미만",멘토링ㆍ컨설팅ㆍ교육,20260716,20260823,,,온라인 접수: www.gangnam.go.kr/office/herstory/board/herstory_bbs1/18529/view.do?mid=herstory_notice,https://www.k-startup.go.kr/web/contents/bizpbanc-ongoing.do?schM=view&pbancSn=178603,main,primary,예비창업패키지모두의창업완벽대비11맞춤형창업멘토링참가자모집,공공기관,20260716~20260823,멘토링ㆍ컨설팅ㆍ교육,멘토링ㆍ컨설팅ㆍ교육
kst,178602,[경기도 중장년 최초 창업 지원] 2026년 생애 최초 경영안정화 교육지원 사업,경기도와 경기도시장상권진흥원에서는 실습중심 창업교육·전문가컨설팅·창업자금(최대1천만원)·이자비(최대1백만원)·홍보마케팅을 지원하는 [경기도 중장년 최초 창업 지원] 「2026년 생애 최초 경영안정화 교육지원」 사업 모집공고를 아래와 같이 진행하오니 만40세 이상 중장년층 예비창업자의 많은 관심과 참여 바랍니다.,교육/멘토링,공공기관,경기도,"청소년,대학생,일반인,대학,연구기관,일반기업,1인 창조기업","기업,누구나,예비창업자,청년,초기창업기업","만 20세 미만,만 20세 이상 ~ 만 39세 이하,만 40세 이상",,,"◆ 공고일(&apos;26. 5. 22.) 기준 경기도 거주하며, 도내 창업을 희망하는 만 40세 이상 중장년인 자
◆ (예비창업자*) 국세청(세무서) 사업자등록 (법인·일반·간이 등) 등록 이력이 없는 자
※예외: ①무매출 사업자 ②임대사업자 ③공고일 기준 최초 사업개시일 이전 사업자 ④비영리단체 대표
※창업업종 : 음식업, 도소매업, 전자상거래업(포함), 서비스업, 제조업

○ 국세·지방세 체납 중 또는 금융기관으로부터 여신거래가 불가능하거나 채무 불이행 규제 중인 자
○ 도박, 유흥 등 불건전 업종 또는 금융, 부동산업 등 사업 취지에 맞지 않거나 「경기도 소상공인정책자금」 보증 제한 업종으로 창업하려는 자
○ 기타 허위 또는 부정한 방법으로 신청한 자",,"예비창업자,1년미만,2년미만,3년미만,5년미만,7년미만,10년미만",멘토링ㆍ컨설팅ㆍ교육,20260522,20260722,,,온라인 접수: https://ggbaro.kr/apply/biz-announce.do?bizId=2026-066-01&bizType=01,https://www.k-startup.go.kr/web/contents/bizpbanc-ongoing.do?schM=view&pbancSn=178602,main,primary,경기도중장년최초창업지원2026년생애최초경영안정화교육지원사업,공공기관,20260522~20260722,멘토링ㆍ컨설팅ㆍ교육,멘토링ㆍ컨설팅ㆍ교육
kst,178601,강동50+센터 공유사무실 입주자 추가모집,강동50플러스센터는 사회적 가치를 기반으로 한 중장년 세대의 창업·창직 활동을 지원하기 위해 강동50플러스센터 내 공유사무실 입주자를 모집하오니 관심있는 분들의 많은 지원 바랍니다.,시설/공간,지자체,서울특별시,"일반인,일반기업,1인 창조기업","기업,누구나,초기창업기업",만 40세 이상,40,,"모집공고일(26.4.27.) 기준,
대표자가 40~64세인 서울시 거주자
또는 사업자등록증 상 주소지가 서울시인 예비·초기창업자 및 단체

- 기존 강동50플러스센터 공유사무실 이용자
- 50플러스 캠퍼스 및 타 센터의 공유사무실 입주 중인 자 (중도 퇴거·포기자 포함)
- 허가받지 못한 사업 또는 정치, 종교 관련, 불법으로 창업 예정이거나 사업을 운영하는 경우
- 제출서류를 허위로 기재한 경우
- 외국인 (교포 포함)
※ 타 기관 (중앙정부, 자치단체, 공공기관 등)의 공간지원을 받는 경우, 입주 확정 시 기존 지원공간(개별사무실 포함) 정리·퇴거 필수",,"예비창업자,1년미만,2년미만,3년미만,5년미만,7년미만,10년미만",시설ㆍ공간ㆍ보육,20260720,20260731,,,이메일 접수: 공고문 확인 필요,https://www.k-startup.go.kr/web/contents/bizpbanc-ongoing.do?schM=view&pbancSn=178601,main,primary,강동50센터공유사무실입주자추가모집,지자체,20260720~20260731,시설ㆍ공간ㆍ보육,시설ㆍ공간ㆍ보육
kst,178599,2026년 세종특별자치시 나성동 AI융합창업보육센터2차 입주기업(인큐베이팅룸) 모집 공고,"세종특별자치시와 (재)세종창조경제혁신센터는 신도심(나성동) 내 ICT 기술창업 거점을 마련하고 초기 창업기업의 안정적인 성장을 지원하기 위해「나성동 창업보육센터」에 입주할 기업을 다음과 같이 모집하오니, 역량 있는 예비창업자 및 창업기업의 많은 관심과 참여 바랍니다.",시설/공간,공공기관,세종특별자치시,"일반기업,1인 창조기업","기업,예비창업자,초기창업기업","만 20세 이상 ~ 만 39세 이하,만 40세 이상",,,"◦ 예비창업자
- 단, 최종 선정 시 입주 개시일로부터 6개월 이내에 본 센터로 사업자등록 필수

◦ 업력 7년 이내(공고일 기준 )의 스타트업
- 타 시·도 소재 기업의 경우, 선정 시 입주 개시일로부터 3개월 이내에 세종시 관내(본 센터)로 본사 혹은 기업부설연구소(연구개발전담부서 포함) 소재지 이전 필수

◦ 세종시 관내 타 창업 지원기관 입주자 지원 불가(세종창업빌, 세종창업키움센터, 세종테크노파크 등)
※ 단, 기존 플랫폼 계약종료 3개월 전부터 지원 가능
◦「산업집적활성화 및 공장설립에 관한 법률」에 따른 제한 업종
◦「대기환경보전법」에 의한 특정대기유해물질,「물환경보전법」에 의한 특정수질유해물질,
◦「악취방지법」에 의한 악취물질 배출이 예상되는 업종
◦「위험물관리법」에 의한 위험물을 저장ㆍ취급하는 업종
◦ 금융기관으로부터 불량거래자로 규제 중인 사업자
◦ 소음, 진동 등 공해 다발업종
◦ 휴·폐업중인 사업자
◦ 그밖에 평가를 통해 센터 입주에 부적합하다고 판단 되는 자",,"예비창업자,1년미만,2년미만,3년미만,5년미만,7년미만",시설ㆍ공간ㆍ보육,20260713,20260730,,,이메일 접수: 공고문 확인 필요,https://www.k-startup.go.kr/web/contents/bizpbanc-ongoing.do?schM=view&pbancSn=178599,main,primary,2026년세종특별자치시나성동ai융합창업보육센터2차입주기업인큐베이팅룸모집공고,공공기관,20260713~20260730,시설ㆍ공간ㆍ보육,시설ㆍ공간ㆍ보육
kst,178598,2026년 대구 콘텐츠 스케일업 액셀러레이팅 프로그램 지원사업 참여기업 모집 공고,"지역 내 콘텐츠 기업의 투자유치 역량강화 및 투자유치 기회 제공을 위한
2026년 대구 콘텐츠 스케일업 액셀러레이팅 프로그램 참여기업을 모집하오니, 관심 있는 기업의 많은 참여 바랍니다.",교육/멘토링,공공기관,대구광역시,"청소년,대학생,일반인,대학,연구기관,일반기업,1인 창조기업","기업,누구나,청년,초기창업기업","만 20세 미만,만 20세 이상 ~ 만 39세 이하,만 40세 이상",,,"- 본점 소재지가 대구인 업력 7년 미만(공고시작일 기준) 콘텐츠 기업
 - 투자유치를 통한 사업 확장 및 글로벌 시장 진출을 희망하는 기업

- 「보조금 관리에 관한 법률」제31조의2에 따라 보조사업 또는 간접보조사업의 수행이 제한된 기업/대표자
- 정부 또는 공공기관으로부터 동일·유사한 과제를 지원받고 있거나 부정수급·중복수혜 등으로 행정처분을 받은 이력이 있는 기업/대표자
- 우리원의 기술료, 관리비 등 채무가 있는 기업/대표자
- 국세·지방세, 4대 보험료 체납 기업/대표자
- 휴·폐업 중인 기업
- 파산, 회생절차, 개인회생절차의 개시 신청자
- 기타 지원에 부적합하다고 인정되는 경우
※ 해당 조건에 대한 증명은 신청자의 확약서 제출에 의하며, 평가결과 선정되었더라도 위 제외대상 해당 시 선정을 취소할 수 있음",,"1년미만,2년미만,3년미만,5년미만,7년미만",멘토링ㆍ컨설팅ㆍ교육,20260720,20260813,,,이메일 접수: 공고문 확인 필요,https://www.k-startup.go.kr/web/contents/bizpbanc-ongoing.do?schM=view&pbancSn=178598,main,primary,2026년대구콘텐츠스케일업액셀러레이팅프로그램지원사업참여기업모집공고,공공기관,20260720~20260813,멘토링ㆍ컨설팅ㆍ교육,멘토링ㆍ컨설팅ㆍ교육
kst,178597,2026 의왕시 ESG 인식확산 교육,"본 기업은 (재)경기도경제과학진흥원의 주관으로 「2026년 의왕시 ESG 인식확산 교육」을 추진합니다.
이에 의왕시 시민, 기업 재직자, 학생 등 ESG에 관심 있는 사람을 모집하오니 희망하는 사람들의 많은 신청을 바랍니다.",교육/멘토링,공공기관,경기도,"청소년,대학생,일반인,대학,연구기관,일반기업,1인 창조기업","기업,누구나,청년,초기창업기업","만 20세 미만,만 20세 이상 ~ 만 39세 이하,만 40세 이상",,,"의왕시 시민, 기업 재직자, 학생 등 ESG에 관심 있는 누구나 참여 가능",,"예비창업자,1년미만,2년미만,3년미만,5년미만,7년미만,10년미만",멘토링ㆍ컨설팅ㆍ교육,20260720,20261027,,,온라인 접수: edu.grc.or.kr/sub/education/goEducation?pareCd1=HULAL00004&pareCd2=HULAM00008&cateCd=HULAS00052,https://www.k-startup.go.kr/web/contents/bizpbanc-ongoing.do?schM=view&pbancSn=178597,main,primary,2026의왕시esg인식확산교육,공공기관,20260720~20261027,멘토링ㆍ컨설팅ㆍ교육,멘토링ㆍ컨설팅ㆍ교육
kst,178596,지역창업특화지원,용인시산업진흥원 1인 창조기업 지원센터에서 우수하고 참신한 아이디어로 1인 창업에 도전하는 예비 창업자 및 창업기업을 모집합니다.,시설/공간,공공기관,전국,"청소년,대학생,일반인,1인 창조기업","누구나,청년,초기창업기업","만 20세 미만,만 20세 이상 ~ 만 39세 이하,만 40세 이상",,,"예비 창업자 및 1인 창조기업
입주 대상자는 타 직장에 재직 중이지 않는 1인 창조기업

타 센터 1인 창조기업 지원센터에 2년간 입주한 이력이 있는 기업",,"예비창업자,1년미만,2년미만,3년미만,5년미만,7년미만",시설ㆍ공간ㆍ보육,20260716,20260805,,,온라인 접수: https://ypa.or.kr/information/businessnotice/?mod=document&uid=7358,https://www.k-startup.go.kr/web/contents/bizpbanc-ongoing.do?schM=view&pbancSn=178596,main,primary,지역창업특화지원,공공기관,20260716~20260805,시설ㆍ공간ㆍ보육,시설ㆍ공간ㆍ보육
kst,178595,마을?청년 공유 플랫폼,성남시청소년청년재단 중원유스센터애서는 역량 있는 청년 예비창업자의 성공적인 시장 진입을 돕기 위해 『2026. 마을·청년 공유 플랫폼』청년창업지원사업을 시행합니다. 많은 참여 바랍니다.,창업,공공기관,경기도,"청소년,대학생,일반인","누구나,예비창업자,청년",만 20세 이상 ~ 만 39세 이하,20,39,"창업분야 무관 예비창업자(만19세~만39세, 창업이력 3년 이내 참여 가능)
    1) 성남시 거주 청년
    2) 성남시 소재 대학 재학생 또는 휴학생
    3) 성남시 소재 기업에 재직 중인 청년

본 사업 또는 재단 내 유사 사업에 지원받은 자는 지원 불가
   ※ 단, 팀원으로 참가했던 이력이 있는 청년이 대표로 참가 가능함(신규팀에 가산점 적용)
   ※ 참가 이력이 있는 청년(과거 팀원)이 대표로 지원시 신규 참여팀 대상 우대 점수 적용
   ※ 타 분야 프로젝트로 지원하더라도 대표는 1회 참가로 제한
   ※ 최종 합격(선장)으로 발표된 자라도, 추후 지원 자격 미달 또는 결격 사유가 확인되어 부적격자로 판명될 경우 합격을 취소할 수 있다. 이로 인해 결원이 발생할 경우, 기 확보된 예비 합격자(대기자) 명단의 최우선 순위자(1순위) 최종 합격자로 대체하여 선발한다.ㄹ",,"예비창업자,1년미만,2년미만,3년미만",사업화,20260720,20260803,,,이메일 접수: 공고문 확인 필요,https://www.k-startup.go.kr/web/contents/bizpbanc-ongoing.do?schM=view&pbancSn=178595,main,primary,마을청년공유플랫폼,공공기관,20260720~20260803,사업화,사업화
kst,178594,창업보육센터 지원,충남대학교 창업보육센터에서는 우량 벤처기업으로 성장할 우수한 기술력을 가진 예비창업자 및 초기창업자를 모집하오니 입주를 희망하는 기업의 많은 관심과 신청 바랍니다.,시설/공간,교육기관,대전광역시,"대학생,일반인,대학,연구기관,일반기업,1인 창조기업","기업,누구나,예비창업자,청년,초기창업기업","만 20세 이상 ~ 만 39세 이하,만 40세 이상",,,"가. 중소기업창업 지원법 제2조에 따른 ‘창업자’ 또는 예비창업자
나. 입주 후 1개월 이내 창업보육센터로 본사 소재지 이전이 가능한 기업
다. 예비창업자의 경우 입주 후 3개월 이내 창업이 가능한 자

중소기업창업 지원법 시행령 제4조(창업에서 제외되는 업종)",,"예비창업자,1년미만,2년미만,3년미만,5년미만,7년미만",시설ㆍ공간ㆍ보육,20260720,20260731,,,온라인 접수: https://connect.cnu.ac.kr/linc_6300_01.act,https://www.k-startup.go.kr/web/contents/bizpbanc-ongoing.do?schM=view&pbancSn=178594,main,primary,창업보육센터지원,교육기관,20260720~20260731,시설ㆍ공간ㆍ보육,시설ㆍ공간ㆍ보육
kst,178593,삼성 EPC 3사 2026 ConTech 공모전 모집 공고,"삼성 EPC 3사(삼성E&A, 삼성물산 건설부문, 삼성중공업)에서는
설계·조달·시공 분야의 혁신 기술 발굴을 위한 '2026 콘테크(ConTech) 공모전'을 개최하오니 많은 응모 바랍니다.
공모분야는 ① 건축/토목 ② 플랜트 ③ 조선/해양과 관계된 Data Technology, AI, 스마트 제조/시공, 친환경 요소 기술입니다.",창업,민간,전국,"대학,연구기관,일반기업,1인 창조기업","기업,초기창업기업","만 20세 미만,만 20세 이상 ~ 만 39세 이하,만 40세 이상",,,"국내 중소∙중견 기업, 스타트업, 대학교/대학원 및 산학협력단

삼성 EPC 3사와 논의 중인 과제/기술은 공모전 응모 대상에서 제외",,10년미만,사업화,20260720,20260821,,,이메일 접수: 공고문 확인 필요,https://www.k-startup.go.kr/web/contents/bizpbanc-ongoing.do?schM=view&pbancSn=178593,main,primary,삼성epc3사2026contech공모전모집공고,민간,20260720~20260821,사업화,사업화
kst,178592,2026  콘텐츠 스타트업 글로벌 엑셀러레이팅 프로그램(론치패드) 참가기업 추가 모집,"2026 콘텐츠 스타트업 글로벌 엑셀러레이팅 프로그램(론치패드 UAE, 싱가포르) 참가기업을 추가 모집하오니 많은 신청 바랍니다.",판로/수출,공공기관,전국,일반기업,"기업,스타트업","만 20세 미만,만 20세 이상 ~ 만 39세 이하,만 40세 이상",,,"글로벌 비즈니스 모델을 갖춘 2019년 이후 국내 법인 등기를 완료한 콘텐츠 스타트업
※ 법인 등기부등본상의 회사설립 연원일이 2019년 이후여야함",,7년미만,판로ㆍ해외진출,20260716,20260727,,,온라인 접수: https://www.kocca.kr/shortUrl/LlCq,https://www.k-startup.go.kr/web/contents/bizpbanc-ongoing.do?schM=view&pbancSn=178592,main,primary,2026콘텐츠스타트업글로벌엑셀러레이팅프로그램론치패드참가기업추가모집,공공기관,20260716~20260727,판로ㆍ해외진출,판로ㆍ해외진출
kst,178591,2026년 C-Local Tech 실전 창업 교육  「Local Tech Idea 및 사업계획서 작성 창업 캠프」,"근화동396청년창업지원센터와 강원대학교 앵커사업단에서는 지역의 자원과 기술을 결합한 로컬테크 창업인력을 양성하고, 예비 및 초기창업자의 창업아이디어 구체화 및 사업계획서 작성 역량을 강화하기 위하여 「2026년 C-Local Tech 실전 창업 교육」을 운영합니다. 창업에 관심 있는 춘천시민 및 예비·초기창업자의 많은 관심과 참여 바랍니다.",교육/멘토링,공공기관,강원특별자치도,"청소년,대학생,일반인,대학,연구기관,일반기업,1인 창조기업","기업,누구나,청년,초기창업기업","만 20세 미만,만 20세 이상 ~ 만 39세 이하,만 40세 이상",,,춘천시민 또는 춘천시에서 창업을 준비하는 예비 및 초기창업자(창업 3년 이내) / 총 20명 내외,,"예비창업자,1년미만,2년미만,3년미만",멘토링ㆍ컨설팅ㆍ교육,20260708,20260720,,,이메일 접수: 공고문 확인 필요,https://www.k-startup.go.kr/web/contents/bizpbanc-ongoing.do?schM=view&pbancSn=178591,main,primary,2026년clocaltech실전창업교육localtechidea및사업계획서작성창업캠프,공공기관,20260708~20260720,멘토링ㆍ컨설팅ㆍ교육,멘토링ㆍ컨설팅ㆍ교육
kst,178590,[MYSC] 2026 FIN:NECT 해외 데모데이 참가기업 모집 (~8/2),"본 프로그램은 카카오뱅크 후원, 한국핀테크지원센터 주관, MYSC 운영으로 진행하는 사업으로, 금융사회 안전망 구축 관련 기술을 보유하고 싱가포르·글로벌 시장 진출을 준비하는 핀테크 기업의 현지 파트너 발굴과 투자유치를 지원하는 사업입니다. 아래 내용을 통해 상세 모집 요강을 확인해보시고 해당 사업에 대한 많은 관심과 참여 부탁드립니다.",판로/수출,민간,전국,"일반기업,1인 창조기업","기업,초기창업기업","만 20세 미만,만 20세 이상 ~ 만 39세 이하,만 40세 이상",,,"싱가포르 등 해외시장 기진출 또는 진출 희망 핀테크 기업 8개사내외 / 금융사회 안전망 구축 관련 기술 보유 기업 (세부 신청자격은 공고문 참고)

금융기관 등으로부터 채무불이행 규제 중인 기업 / 국세 및 지방세 체납 중인 기업 / 정부지원사업 참가 제한 등 제재를 받는 기업",,"1년미만,2년미만,3년미만,5년미만,7년미만,10년미만",판로ㆍ해외진출,20260706,20260802,,,온라인 접수: https://finnect.fintech.or.kr/program/fintech-demoday-singapore,https://www.k-startup.go.kr/web/contents/bizpbanc-ongoing.do?schM=view&pbancSn=178590,main,primary,mysc2026finnect해외데모데이참가기업모집82,민간,20260706~20260802,판로ㆍ해외진출,판로ㆍ해외진출
kst,178589,2026년 여성창업 사업화지원사업(2차) 참여자 모집,달구벌여성인력개발센터(대구달서여성새로일하기센터)는 대구 지역의 여성 (예비)창업자를 대상으로 성공적인 창업지원을 위해 다음과 같이 「2026년 여성창업 사업화지원사업(2차)」을 시행하오니 많은 참여 바랍니다.,창업,민간,대구광역시,"대학생,일반인,일반기업,1인 창조기업","기업,누구나,여성,청년,초기창업기업","만 20세 미만,만 20세 이상 ~ 만 39세 이하,만 40세 이상",,,공고일 기준 대구지역 여성 중 예비 창업자 또는 3년 이내 창업자,,"예비창업자,1년미만,2년미만,3년미만",사업화,20260716,20260917,,,온라인 접수: https://w-startup.daegu.go.kr/business/322,https://www.k-startup.go.kr/web/contents/bizpbanc-ongoing.do?schM=view&pbancSn=178589,main,primary,2026년여성창업사업화지원사업2차참여자모집,민간,20260716~20260917,사업화,사업화
kst,178587,2026 성공 창업 스쿨 모집 공고 (재도전 과정),강동구 청년해냄센터에서 다음과 같이 공고하오니 참여를 희망하는 창업자는 안내에 따라 신청하시기 바랍니다.,교육/멘토링,공공기관,전국,"청소년,대학생,일반인,대학,연구기관,일반기업,1인 창조기업","기업,누구나,예비창업자,청년,초기창업기업","만 20세 미만,만 20세 이상 ~ 만 39세 이하,만 40세 이상",,,정부지원사업 재도전을 희망하는 예비창업자 또는 기창업자,,"예비창업자,1년미만,2년미만,3년미만,5년미만,7년미만,10년미만",멘토링ㆍ컨설팅ㆍ교육,20260715,20260803,,,이메일 접수: 공고문 확인 필요,https://www.k-startup.go.kr/web/contents/bizpbanc-ongoing.do?schM=view&pbancSn=178587,main,primary,2026성공창업스쿨모집공고재도전과정,공공기관,20260715~20260803,멘토링ㆍ컨설팅ㆍ교육,멘토링ㆍ컨설팅ㆍ교육
kst,178585,"[국민대학교 캠퍼스타운사업단] 2026 지역 현안 문제해결 연계 ""성북 ON 창업교육 프로그램"" 참가자 모집 (~7/29)","성북구청과 국민대학교 캠퍼스타운사업단은 지역 현안 문제해결과 연계하여 지역 기반 창업자를 발굴하고자 「성북 ON 창업교육 프로그램」에 참여할 예비·초기 창업팀을 모집합니다. 예비·초기 창업자를 위한 로컬 문제 해결형 창업 아이디어를 발굴하고, AI 기반 실습 및 고객 수요 검증을 통해 사업화 역량을 강화하는 프로그램을 제공합니다.",창업,민간,서울특별시,"청소년,대학생,일반인,일반기업,1인 창조기업","기업,누구나,청년,초기창업기업","만 20세 미만,만 20세 이상 ~ 만 39세 이하,만 40세 이상",,,"○ (사업분야)
라이프스타일․로컬 소상공인(라이콘, LICORN) 분야 창업기업

○ (지원자격)
① 대학생, 일반인 등 누구나 (지역·업종·연령 제한 없음)
② 성북구 관내 창업을 희망하는 예비 창업자
③ 초기 창업자 (공고일 기준 창업 3년 미만 기업)
※ 상기 자격요건 중 1개 이상 해당하는 경우",,"예비창업자,3년미만",사업화,20260716,20260729,,,온라인 접수: https://forms.gle/PjvX3wvwDFEkLfnj6,https://www.k-startup.go.kr/web/contents/bizpbanc-ongoing.do?schM=view&pbancSn=178585,main,primary,국민대학교캠퍼스타운사업단2026지역현안문제해결연계성북on창업교육프로그램참가자모집729,민간,20260716~20260729,사업화,사업화
kst,178584,2026 북경대창업훈련캠프 글로벌 창업대회,"북경대창업훈련캠프, 중국 지방 정부, 글로벌 투자유치 플랫폼 박스레더가 함께하는 2026 북경대창업훈련캠프 글로벌 창업대회를 추진합니다.
북경대창업훈련캠프 명의의 상장, 상금 수여와 함께 중국 지방 정부에서 지원하는 중국 진출 및 투자유치 기회를 확보할 수 있는 기회를 제공하오니 중국 투자유치, 중국 시장 진출, 중국 지방 정부로부터 다양한 정책 자금에 관심있는 스타트업들의 많은 관심과 지원 바랍니다.",행사/네트워크,민간,전국,"대학생,일반인,대학,연구기관,일반기업,1인 창조기업","기업,누구나,청년,초기창업기업","만 20세 미만,만 20세 이상 ~ 만 39세 이하,만 40세 이상",,,"○ 중국 시장 진출, 중국 투자유치, 중국 지방 정부의 정책 자금에 관심이 있는 창업자/스타트업
○ 중국 스타트업, 벤처캐피탈, 창업에 관심이 있는 누구나",,"예비창업자,1년미만,2년미만,3년미만,5년미만,7년미만,10년미만",행사ㆍ네트워크,20260716,20260803,,,온라인 접수: https://forms.gle/bNRHPL8GY7kTgb8H6,https://www.k-startup.go.kr/web/contents/bizpbanc-ongoing.do?schM=view&pbancSn=178584,main,primary,2026북경대창업훈련캠프글로벌창업대회,민간,20260716~20260803,행사ㆍ네트워크,행사ㆍ네트워크
kst,178583,2026 연구 아이디어 기술사업화 챌린지,"보건복지부와 한국보건산업진흥원은 연구 아이디어의 기술이전·기술사업화 가능성을 검증하고
창업 이전 단계까지의 선행 학습 지원 및 기술사업화 관심 유인을 위해,
「2026 연구 아이디어 기술사업화 챌린지」를 아래와 같이 개최합니다. 참가자 여러분의 많은 관심과 참여를 바랍니다.",행사/네트워크,공공기관,전국,"대학생,일반인,대학,연구기관","누구나,청년",만 20세 이상 ~ 만 39세 이하,20,39,"바이오헬스 분야 연구 기반 창업에 관심 있는 대학(원)생, 박사후연구원, 젊은 의(사)과학자, 일반인 등 39세 이하 청년
* 1986년 1월 1일 이후 출생자",,예비창업자,행사ㆍ네트워크,20260715,20260805,,,온라인 접수: https://biochallenge.co.kr/,https://www.k-startup.go.kr/web/contents/bizpbanc-ongoing.do?schM=view&pbancSn=178583,main,primary,2026연구아이디어기술사업화챌린지,공공기관,20260715~20260805,행사ㆍ네트워크,행사ㆍ네트워크
kst,178582,(재)여성기업종합지원센터 제주센터 제2차 입주기업 모집 공고(~7/31),"(재)여성기업종합지원센터 제주센터는「여성기업 지원에 관한 법률」에 의해 설립된 기관으로, 여성기업의 경쟁력 향상을 위하여 교육·훈련·연수·상담 등의 서비스를 제공하고 있습니다.
 이에 도내 우수하고 참신한 기술 및 아이템을 갖춘 창업 초기(예비) 여성기업으로 제주센터에서 함께 성장해나갈 입주기업을 다음과 같이 모집합니다.",시설/공간,민간,제주특별자치도,"청소년,대학생,일반인,대학,연구기관,일반기업,1인 창조기업","기업,누구나,여성,청년,초기창업기업","만 20세 미만,만 20세 이상 ~ 만 39세 이하,만 40세 이상",,,"「여성기업지원에관한법률」제2조에 의한 여성기업으로 창업 7년 미만의 여성기업확인서 보유한 여성기업 또는 입주 후 3개월 내 사업자등록 가능한 예비 여성 창업자

- 금융기관의 신용불량거래자
- 국세, 지방세 체납자 및 기타 정부지원사업 부적격자
- 금융 및 보험업, 부동산업, 무도장 운영업 등 창업에서 제외되는 업종 및 입주기업
선정이 합당치 않다고 판단되는 경우
- 센터가 운영 중인 지역센터에 입주경력이 있는 자(타 지역 창업보육센터와 중복 입주도 불가)
*입주 시 반드시 본점이 입주해야 함
- 기타 재단 운영요령 및 센터 추진목적에 부적합한 경우 등",,"예비창업자,1년미만,2년미만,3년미만,5년미만,7년미만",시설ㆍ공간ㆍ보육,20260716,20260731,,,"이메일 접수: 공고문 확인 필요
방문 접수: (쟤)여성기업종합지원센터 제주센터(제주시 관덕로15길 23, 2층)",https://www.k-startup.go.kr/web/contents/bizpbanc-ongoing.do?schM=view&pbancSn=178582,main,primary,재여성기업종합지원센터제주센터제2차입주기업모집공고731,민간,20260716~20260731,시설ㆍ공간ㆍ보육,시설ㆍ공간ㆍ보육
kst,178581,「2026년 경기 레벨업 프로그램(하반기)」 지원기업 통합 모집공고,"경기도와 경기콘텐츠진흥원은 경기도내 콘텐츠 초기단계의 스타트업을 지원하여 지속가능한 창업 생태계를 조성하고자 민간 전문 투자사와 펀드를 조성하고, 기업의 단계별 성장지원을 돕는 「2026년 경기 레벨업 프로그램(하반기)」의 지원기업을 모집합니다.",자금,공공기관,경기도,"청소년,대학생,일반인,대학,연구기관,일반기업,1인 창조기업","기업,누구나,청년,초기창업기업","만 20세 미만,만 20세 이상 ~ 만 39세 이하,만 40세 이상",,,"도내(이전예정) 콘텐츠/IP 기업
※ 프로그램 별 상이, 자세한 사항은 모집공고문 참고",,"예비창업자,1년미만,2년미만,3년미만,5년미만,7년미만,10년미만",정책자금,20260716,20260810,,,"온라인 접수: https://www.gcon.or.kr/gcon/business/gconNotice/view.do?pbancSrnm=11207&menuNo=200061&pageIndex=1
이메일 접수: 공고문 확인 필요",https://www.k-startup.go.kr/web/contents/bizpbanc-ongoing.do?schM=view&pbancSn=178581,main,primary,2026년경기레벨업프로그램하반기지원기업통합모집공고,공공기관,20260716~20260810,정책자금,정책자금
kst,178580,마포청년창업취업지원센터 나루 2026,"[창업] 스타트업 제안 및 영업 전략 창업교육을 진행하오니, 많은 관심과 지원 부탁드립니다.",창업,공공기관,서울특별시,"대학생,일반인,대학,연구기관,일반기업,1인 창조기업","기업,누구나,청년,초기창업기업",만 20세 이상 ~ 만 39세 이하,20,39,예비 및 초기 청년(만 19세~39세) 창업자,,"예비창업자,1년미만,2년미만,3년미만",창업교육,20260715,20260805,,,온라인 접수: https://www.naroo.or.kr/bbs/content.php?co_id=program_view&np_seq=1282,https://www.k-startup.go.kr/web/contents/bizpbanc-ongoing.do?schM=view&pbancSn=178580,main,primary,마포청년창업취업지원센터나루2026,공공기관,20260715~20260805,창업교육,창업교육
kst,178579,마포청년창업취업지원센터 나루 2026,"[창업] 특허·상표 지식재산권 실무 창업교육을 진행하오니, 많은 관심과 지원 부탁드립니다.",창업,공공기관,서울특별시,"대학생,일반인,대학,연구기관,일반기업,1인 창조기업","기업,누구나,청년,초기창업기업",만 20세 이상 ~ 만 39세 이하,20,39,예비 및 초기 청년(만 19세~39세) 창업자,,"예비창업자,1년미만,2년미만,3년미만",창업교육,20260715,20260814,,,온라인 접수: https://www.naroo.or.kr/bbs/content.php?co_id=program_view&np_seq=1281,https://www.k-startup.go.kr/web/contents/bizpbanc-ongoing.do?schM=view&pbancSn=178579,main,primary,마포청년창업취업지원센터나루2026,공공기관,20260715~20260814,창업교육,창업교육
kst,178578,마포청년창업취업지원센터 나루 2026,"[창업] 창업가를 위한 법률 기초 및 계약서 실무 창업교육을 진행하오니, 많은 관심과 지원 부탁드립니다.",창업,공공기관,서울특별시,"대학생,일반인,대학,연구기관,일반기업,1인 창조기업","기업,누구나,청년,초기창업기업",만 20세 이상 ~ 만 39세 이하,20,39,예비 및 초기 청년(만 19세~39세) 창업자,,"예비창업자,1년미만,2년미만,3년미만",창업교육,20260715,20260811,,,온라인 접수: https://www.naroo.or.kr/bbs/content.php?co_id=program_view&np_seq=1280,https://www.k-startup.go.kr/web/contents/bizpbanc-ongoing.do?schM=view&pbancSn=178578,main,primary,마포청년창업취업지원센터나루2026,공공기관,20260715~20260811,창업교육,창업교육
kst,178577,강북창업지원센터 [브랜드 창업 아카데미] 교육 참여자 모집,"작은 아이디어를 강력한 브랜드로 만드는 실전 전략!
브랜드 창업을 준비하고 있지만 어디서부터 시작해야 할지 막막하신가요?
강북창업지원센터에서 브랜드 창업의 이해부터 상품기획·개발, 실제 창업 사례, 마케팅, ESG 및 정부지원사업 활용까지 브랜드 구축과 성장에 필요한 핵심 내용을 다루는 「브랜드 창업 아카데미」를 운영합니다.
현장 전문가의 실제 창업·운영 경험을 바탕으로 브랜드 아이디어를 구체화하고, 시장에서 경쟁력을 갖춘 브랜드로 성장시키기 위한 전략을 배울 수 있는 교육입니다.
예비 및 초기 창업자분들의 많은 관심과 참여 바랍니다.",교육/멘토링,교육기관,서울특별시,"청소년,대학생,일반인,대학,연구기관,일반기업,1인 창조기업","기업,누구나,청년,초기창업기업",만 20세 이상 ~ 만 39세 이하,20,39,예비 및 초기 창업자,,"예비창업자,1년미만,2년미만,3년미만",멘토링ㆍ컨설팅ㆍ교육,20260715,20260726,,,온라인 접수: https://gbmaru.com/startup/programs/21467,https://www.k-startup.go.kr/web/contents/bizpbanc-ongoing.do?schM=view&pbancSn=178577,main,primary,강북창업지원센터브랜드창업아카데미교육참여자모집,교육기관,20260715~20260726,멘토링ㆍ컨설팅ㆍ교육,멘토링ㆍ컨설팅ㆍ교육
kst,178576,마포청년창업취업지원센터 나루 2026,"[창업] 창업가를 위한 세무·회계 전략 창업교육을 진행하오니, 많은 관심과 지원 부탁드립니다.",창업,공공기관,서울특별시,"대학생,일반인,대학,연구기관,일반기업,1인 창조기업","기업,누구나,청년,초기창업기업",만 20세 이상 ~ 만 39세 이하,20,39,예비 및 초기 청년(만 19세~39세) 창업자,,"예비창업자,1년미만,2년미만,3년미만",창업교육,20260715,20260804,,,온라인 접수: https://www.naroo.or.kr/bbs/content.php?co_id=program_view&np_seq=1279,https://www.k-startup.go.kr/web/contents/bizpbanc-ongoing.do?schM=view&pbancSn=178576,main,primary,마포청년창업취업지원센터나루2026,공공기관,20260715~20260804,창업교육,창업교육
kst,178575,예비창업패키지,"시대와 시장의 변화 흐름을 바탕으로 예비창업자가 새로운 창업 기회를 발견하고, 선배 창업자의 실제 경험과 노하우를 통해 성공적인 창업 실행 전략을 구체화할 수 있도록 다음과 같이 
「2026 BTS(Blueprint To Success)」 창업 인사이트 프로그램을 개최하오니 많은 관심과 참여 바랍니다.",창업,교육기관,전국,"청소년,대학생,일반인,대학,연구기관,일반기업,1인 창조기업","기업,누구나,예비창업자,청년,초기창업기업","만 20세 미만,만 20세 이상 ~ 만 39세 이하,만 40세 이상",,,창업에 관심이 있는 누구나,,"예비창업자,1년미만,2년미만,3년미만,5년미만,7년미만,10년미만",사업화,20260715,20260801,,,온라인 접수: https://forms.gle/CTrsjvtV29bG6hPR8,https://www.k-startup.go.kr/web/contents/bizpbanc-ongoing.do?schM=view&pbancSn=178575,main,primary,예비창업패키지,교육기관,20260715~20260801,사업화,사업화
kst,178574,ESG × AI 챌린지 해커톤 참가자 모집,"경기창조경제혁신센터에서는 지역 내 AI 및 DX(디지털 전환) 기술에 관심 있는 고등학생·대학생·일반인(개발자·디자이너·기획자·지역기업 재직자·(예비)창업자 등)을 대상으로 혁신적인 아이디어를 발굴하고 실전 창업 역량을 강화하기 위한 「ESG × AI 챌린지 해커톤」을 개최합니다.
지역 사회의 문제를 기술로 해결하고, 전담 멘토링을 통해 아이디어를 비즈니스 모델로 구체화할 참가자분들의 많은 관심과 참여 바랍니다.",행사/네트워크,공공기관,전국,"청소년,대학생,일반인,대학,연구기관,일반기업,1인 창조기업","기업,누구나,청년,초기창업기업","만 20세 미만,만 20세 이상 ~ 만 39세 이하,만 40세 이상",,,AI 및 DX(디지털 전환) 기술에 관심 있는 고등학생·대학생·일반인 누구나 (3~5인팀 또는 개인 지원 가능),,"예비창업자,1년미만,2년미만,3년미만,5년미만,7년미만,10년미만",행사ㆍ네트워크,20260715,20260727,,,온라인 접수: https://forms.gle/Q6U28uqvxTWqX42t9,https://www.k-startup.go.kr/web/contents/bizpbanc-ongoing.do?schM=view&pbancSn=178574,main,primary,esgai챌린지해커톤참가자모집,공공기관,20260715~20260727,행사ㆍ네트워크,행사ㆍ네트워크
kst,178573,2026 대전 팁스타운 팁스 링크(TIPS LINK),"대전 팁스타운에서 지역 창업기업 및 예비창업자를 위한 2026 대전 팁스타운 팁스 링크(TIPS LINK) 행사를 진행합니다.
창업 성공과 실패를 담은 특강과 지역 창업가 간 네트워킹 기회를 제공하고자 하오니 많은 참여와 관심 부탁드립니다.",행사/네트워크,공공기관,대전광역시,"청소년,대학생,일반인,대학,연구기관,일반기업,1인 창조기업","기업,누구나,예비창업자,청년,초기창업기업","만 20세 미만,만 20세 이상 ~ 만 39세 이하,만 40세 이상",,,"지역 창업기업, 예비창업자, 창업에 관심있는 누구나",,"예비창업자,1년미만,2년미만,3년미만,5년미만,7년미만,10년미만",행사ㆍ네트워크,20260715,20260724,,,온라인 접수: https://moaform.com/q/K6LlSe,https://www.k-startup.go.kr/web/contents/bizpbanc-ongoing.do?schM=view&pbancSn=178573,main,primary,2026대전팁스타운팁스링크tipslink,공공기관,20260715~20260724,행사ㆍ네트워크,행사ㆍ네트워크
kst,178572,창업보육센터 지원,"배재대학교 산학협력단 창업보육센터에서는 산학협력 기반의 창업 지원 체계를 통해 유망 예비창업자 및 초기 창업기업을 발굴・육성 하고자 2026년도 제3차 신규 입주기업을 모집합니다.
혁신적인 아이디어와 실행 역량을 갖춘 분들의 많은 관심과 신청을 바랍니다.",시설/공간,교육기관,대전광역시,"대학생,일반인,연구기관,일반기업,1인 창조기업","기업,누구나,예비창업자,청년,초기창업기업","만 20세 이상 ~ 만 39세 이하,만 40세 이상",,,"예비창업자 또는 창업 후 7년이 경과되지 않은 중소・벤처기업
※ (예비창업자) 입주 후 3개월 이내 사업자등록이 가능한 자
※ (기창업자) 입주 후 1개월 이내로 본점 주소지 이전이 가능한 기업
※ 개인사업자는 사업자등록증 상의 개업일자, 법인사업자는 법인등기부등본 상의 법인설립 등기일자를 기준으로 함

신규 입주기업 모집공고문 [붙임1] 2026-3차 신규 입주기업 모집 공고문 제외대상 업종 참조",,"예비창업자,1년미만,2년미만,3년미만,5년미만,7년미만",시설ㆍ공간ㆍ보육,20260715,20260724,,,이메일 접수: 공고문 확인 필요,https://www.k-startup.go.kr/web/contents/bizpbanc-ongoing.do?schM=view&pbancSn=178572,main,primary,창업보육센터지원,교육기관,20260715~20260724,시설ㆍ공간ㆍ보육,시설ㆍ공간ㆍ보육
kst,178571,2026년 제3차 보건신기술(NET) 인증사업 신규인증 및 기간연장 신청,「보건의료기술 진흥법」제8조 및 같은 법 시행규칙 제6조에 따라 2026년도 제3차 보건신기술(NET)인증 신청기술 및 인증기간 연장신청 접수를 다음과 같이 공고합니다.,창업,공공기관,전국,"청소년,대학생,일반인,대학,연구기관,일반기업,1인 창조기업","기업,누구나,청년,초기창업기업","만 20세 미만,만 20세 이상 ~ 만 39세 이하,만 40세 이상",,,"보건신기술을 보유한 우수 기업, 연구기관, 개인",,"예비창업자,1년미만,2년미만,3년미만,5년미만,7년미만,10년미만",사업화,20260715,20260902,,,온라인 접수: https://www.khidi.or.kr/technomart,https://www.k-startup.go.kr/web/contents/bizpbanc-ongoing.do?schM=view&pbancSn=178571,main,primary,2026년제3차보건신기술net인증사업신규인증및기간연장신청,공공기관,20260715~20260902,사업화,사업화
kst,178570,2026 전북콘텐츠코리아랩 콘텐츠 제작지원사업 2차 추가모집 공고,"(재)전북특별자치도 콘텐츠융합진흥원에서는 역량 있는 창·제작자 발굴 및 성장지원을 위해
""2026 전북콘텐츠코리아랩 창·제작자 시제품 제작지원사업"" 추가모집을
다음과 같이 공고하오니 많은 관심과 참여 바랍니다.",창업,공공기관,전북특별자치도,"대학생,일반인,대학","누구나,청년",만 20세 이상 ~ 만 39세 이하,20,39,"예비 창업자

- 출판·영화·디자인·전통 예술, 공연 등 타 기관 지원분야 및 이종산업(제조업, 식품 등) 홍보를 위한 영상·캐릭터 제작 등 '콘텐츠'가 부가적 요소로 활용되는 경우 지원대상 제외
- 최근 2년 이내 ('24.3.14. ~ '26.3.15.) 진흥원 시행 창업 및 사업화 지원사업 수혜 이력이 있는 경우 지원 불가",,예비창업자,사업화,20260714,20260728,,,온라인 접수: https://www.jcon.or.kr/board/view.php?nttId=4493&bbsId=BBSMSTR_000000000001&pageId=C000000016,https://www.k-startup.go.kr/web/contents/bizpbanc-ongoing.do?schM=view&pbancSn=178570,main,primary,2026전북콘텐츠코리아랩콘텐츠제작지원사업2차추가모집공고,공공기관,20260714~20260728,사업화,사업화
kst,178569,서울창업허브 창동 운영,서울창업허브 창동에서 투자에 관심 있는 창업기업을 대상으로 투자사와의 1:1 미팅 기회를 제공하는 프로그램을 운영하오니 많은 신청 바랍니다.,시설/공간,민간,서울특별시,"일반기업,1인 창조기업","기업,초기창업기업","만 20세 미만,만 20세 이상 ~ 만 39세 이하,만 40세 이상",,,"투자자와 IR 미팅을 희망하는 서울시 소재 스타트업
  * 서울창업허브 창동 입주기업 또는 IR 고도화 과정(IR 기초교육, IR 전문가 컨설팅), VC 밋업 이수기업 우선 선발",,"예비창업자,1년미만,2년미만,3년미만,5년미만,7년미만,10년미만",시설ㆍ공간ㆍ보육,20260715,20260731,,,온라인 접수: https://www.startup-plus.kr/project/PRJ007344,https://www.k-startup.go.kr/web/contents/bizpbanc-ongoing.do?schM=view&pbancSn=178569,main,primary,서울창업허브창동운영,민간,20260715~20260731,시설ㆍ공간ㆍ보육,시설ㆍ공간ㆍ보육
kst,178568,행정안전부 지방소멸극복 아이디어 솔버톤,지역의 문제를 해결하기 위한 창의적인 솔루션을 가진 민간(현장)과 행정안전부-지방정부-기업과의 연계를 통한 장기적이고 창의적인 문제해결 솔루션을 발굴합니다. 많은 관심과 지원 부탁드립니다.,창업,민간,전국,"청소년,대학생,일반인,대학,연구기관,일반기업,1인 창조기업","기업,누구나,예비창업자,청년,초기창업기업","만 20세 미만,만 20세 이상 ~ 만 39세 이하,만 40세 이상",,,"스타트업, 법인, 기관/단체, 비영리조직 등 사업수행이 가능한 사업자등록을 갖춘 조직

예비창업자, 사업자등록 미보유 조직",,"1년미만,2년미만,3년미만,5년미만,7년미만,10년미만",사업화,20260715,20260803,,,온라인 접수: https://솔버톤.com,https://www.k-startup.go.kr/web/contents/bizpbanc-ongoing.do?schM=view&pbancSn=178568,main,primary,행정안전부지방소멸극복아이디어솔버톤,민간,20260715~20260803,사업화,사업화
kst,178567,2026 첨단산업 스케일업 AI 및 기술기반 창업 트렌드 세미나(2회차),AI 분야 및 기술창업 활성화를 위해 참가자를 모집하오니 관심 있는 분들의 많은 신청 바랍니다.,행사/네트워크,공공기관,전국,"청소년,대학생,일반인,대학,연구기관,일반기업,1인 창조기업","기업,누구나,예비창업자,청년,초기창업기업","만 20세 미만,만 20세 이상 ~ 만 39세 이하,만 40세 이상",,,"① AI 분야와 기술창업에 관심 있는 교육관계자,  예비창업자, 대학생, 스타트업 관계자
② 실생활 속 AI 기술 활용에 대한 이해를 높이고자 하는 일반인",,"예비창업자,1년미만,2년미만,3년미만,5년미만,7년미만,10년미만",행사ㆍ네트워크,20260715,20260721,,,"온라인 접수: https://docs.google.com/forms/d/e/1FAIpQLScqV8uTa3pyELaMLmyIF-LHc0s2P0SWNn5e4i8w5wa_Vg6uXw/viewform
방문 접수: 의정부 문화역 이음 모둠홀(경기도 의정부시 의정로1), 행사당일 현장접수",https://www.k-startup.go.kr/web/contents/bizpbanc-ongoing.do?schM=view&pbancSn=178567,main,primary,2026첨단산업스케일업ai및기술기반창업트렌드세미나2회차,공공기관,20260715~20260721,행사ㆍ네트워크,행사ㆍ네트워크
kst,178566,서울창업허브 창동 운영,"서울창업허브 창동에서 스타트업의 혁신 기술과 아이디어를 대·중견기업의 수요와 연결하고, 실증 및 협업 기회를 제공하여 동반성장 기반의 혁신 생태계를 구축할 참가기업을 모집합니다.
이번 프로그램은 조이시티와의 PoC(실증) 및 공동 사업화 기회를 제공하오니, 역량 있는 스타트업의 많은 관심과 참여를 바랍니다.",시설/공간,민간,서울특별시,"일반기업,1인 창조기업","기업,초기창업기업","만 20세 미만,만 20세 이상 ~ 만 39세 이하,만 40세 이상",,,"- 조이시티와의 PoC(실증) 및 공동 사업화에 대한 협업 의지를 보유한 기업
- 모집 분야의 혁신적인 기술, 제품, 서비스를 보유한 창업 7년 이내의 스타트업 
※ 신산업 분야의 경우 창업 10년 이내
※ 본사, 연구소, 지점 중 1개 이상이 서울에 소재한 기업

- 신청 기술 및 제품이 표절 등 저작권·특허 분쟁 소지가 있는 경우
- 동일한 대표자 또는 기업이 중복 아이템으로 신청하는 경우
- 신청 내용 중 일부가 사실과 다르거나 법률 위반(명예훼손 등)이 확정된 경우
- 일반유흥주점업, 무도유흥주점업, 사행시설 관리 및 운영업 등 법적으로 지원이 불가능한 업종
- 금융기관 채무불이행 규제 중이거나 국세·지방세를 체납 중인 기업 및 대표자
※ 단, 신용회복위원회의 채무조정 합의, 법원의 개인회생 변제계획 인가, 파산면책 선고, 세금 분납 계획에 따른 성실 납부 및 완납 등의 경우는 예외적으로 신청 가능
- 기타 법령에서 정부 창업지원 제한 사유가 있다고 인정하는 대표자 또는 기업",,"7년미만,10년미만",시설ㆍ공간ㆍ보육,20260715,20260729,,,온라인 접수: https://www.startup-plus.kr/project/PRJ007347,https://www.k-startup.go.kr/web/contents/bizpbanc-ongoing.do?schM=view&pbancSn=178566,main,primary,서울창업허브창동운영,민간,20260715~20260729,시설ㆍ공간ㆍ보육,시설ㆍ공간ㆍ보육
kst,178565,서울창업허브 창동 운영,"서울창업허브 창동은 오픈이노베이션을 통해 스타트업의 혁신 기술과 아이디어를 대·중견기업의 수요와 연결하고, 실증 및 협업 기회를 제공하여 동반성장 기반의 혁신 생태계를 조성하고자 합니다.",시설/공간,민간,서울특별시,"일반기업,1인 창조기업","기업,초기창업기업","만 20세 미만,만 20세 이상 ~ 만 39세 이하,만 40세 이상",,,"- 삼성물산과의 PoC(실증) 및 공동 사업화에 대한 협업 의지를 보유한 기업
- 모집 분야의 혁신적인 기술/제품 서비스를 보유, 콘텐츠 기획/제작 역량을 보유한 창업 7년 이내의 스타트업
※ 신산업 분야의 경우 창업 10년 이내
※ 본사, 연구소, 지점 중 1개 이상이 서울 소재지인 기업

- 신청 기술 및 제품이 표절 등 저작권·특허 분쟁 소지가 있는 경우
- 동일한 대표자 또는 기업이 중복 아이템으로 신청하는 경우
- 신청 내용 중 일부가 사실과 다르거나 법률 위반(명예훼손 등)이 확정된 경우
- 일반유흥주점업, 무도유흥주점업, 사행시설 관리 및 운영업 등 법적으로 지원이 불가능한 업종
- 금융기관 채무불이행 규제 중이거나 국세·지방세를 체납 중인 기업 및 대표자
※ 단, 신용회복위원회의 채무조정 합의, 법원의 개인회생 변제계획 인가, 파산면책 선고, 세금 분납 계획에 따른 성실 납부 및 완납 등의 경우는 예외적으로 신청 가능
- 기타 법령에서 정부 창업지원 제한 사유가 있다고 인정하는 대표자 또는 기업",,"7년미만,10년미만",시설ㆍ공간ㆍ보육,20260715,20260724,,,온라인 접수: www.startup-plus.kr/project/PRJ007346,https://www.k-startup.go.kr/web/contents/bizpbanc-ongoing.do?schM=view&pbancSn=178565,main,primary,서울창업허브창동운영,민간,20260715~20260724,시설ㆍ공간ㆍ보육,시설ㆍ공간ㆍ보육
kst,178564,강원 바이오·헬스케어 산업 AI 대전환 지원사업,"도내 바이오·헬스케어 산업의 디지털 혁신을 선도하고, AI 기술 융합을 통한 지역 기업의 글로벌 경쟁력을 강화하고자 「AI 대전환 지원사업」을 추진합니다. 혁신적인 AI 에이전트 도입 기술 및 아이디어를 보유한 도내 창업기업의 많은 관심과 참여를 바랍니다.",교육/멘토링,공공기관,강원특별자치도,일반기업,기업,"만 20세 미만,만 20세 이상 ~ 만 39세 이하,만 40세 이상",,,"❍ 지원대상 : 다음 요건을 모두 만족하는 7년 이내 도내 창업기업
   - [지역] : 강원특별자치도내에 본점, 지점, 연구소·공장 중 1개 이상 소재
   - [업종] : 바이오·헬스케어 분야

❍ 중소기업창업지원법 시행령 제4조의 업종을 영위하고 있거나 또는 영위하고자 하는 자(기업)
     * 지원제외 대상 업종 : 중소기업창업지원법 시행령 제4조(창업에서 제외되는 업종) 일반유흥주점업, 무도유흥주점업, 기타 사행시설 관리 및 운영업 등
  ❍ 신청서 및 사업계획서 등을 허위로 작성하거나 도용하여 제출한 자(기업)
  ❍ 신청일 현재 휴·폐업 중인 자(기업)
  ❍ 중소벤처기업부 등 정부지원사업 참여 제한 등 제재 중인 자(기업)",,7년미만,멘토링ㆍ컨설팅ㆍ교육,20260715,20260731,,,온라인 접수: https://forms.gle/Yd17smcFSfeDBww26,https://www.k-startup.go.kr/web/contents/bizpbanc-ongoing.do?schM=view&pbancSn=178564,main,primary,강원바이오헬스케어산업ai대전환지원사업,공공기관,20260715~20260731,멘토링ㆍ컨설팅ㆍ교육,멘토링ㆍ컨설팅ㆍ교육
kst,178562,[서울과학기술대학교] SLA 3D프린터,SLA 장비에 관심이 많은 분들께서는 많은 신청부탁드립니다.,창업,교육기관,서울특별시,"청소년,대학생,일반인,대학,연구기관,일반기업,1인 창조기업","기업,누구나,예비창업자,청년,초기창업기업","만 20세 미만,만 20세 이상 ~ 만 39세 이하,만 40세 이상",,,"예비창업자 , 7년이내 초기창업자",,"예비창업자,1년미만,2년미만,3년미만,5년미만,7년미만",창업교육,20260714,20260720,,,이메일 접수: 공고문 확인 필요,https://www.k-startup.go.kr/web/contents/bizpbanc-ongoing.do?schM=view&pbancSn=178562,main,primary,서울과학기술대학교sla3d프린터,교육기관,20260714~20260720,창업교육,창업교육
kst,178561,2026년 체육인 직업안정(창업지원) 사업 참여자 추가 모집,"체육인의 직업 전환을 지원하여 생활 불안정성을 완화하고, 역량별 맞춤 지원을 통해 창업 성공률을 높이며 진로 선택의 폭을 확대하고자 
「2026년 체육인 직업안정 사업(창업지원) 창업점검과정(씨앗)」 참여자를 다음과 같이 모집하오니 많은 관심과 참여 바랍니다.
※ 체육인 복지 시행지침 개정으로 체육인 인정 대회 범위 확대(경기 단체 주관 전국대회 출전 경력도 포함)",창업,민간,전국,"청소년,대학생,일반인,대학,연구기관,일반기업,1인 창조기업","기업,누구나,예비창업자,청년,초기창업기업","만 20세 미만,만 20세 이상 ~ 만 39세 이하,만 40세 이상",,,"- 체육인 복지법 제2조에 따른 체육인(선수·지도자·심판) 중, 은퇴(예정) 또는 경력단절 체육인으로 창업 의지가 있는 자
- 창업에 관심이 있으며, 창업의 기초지식을 배우고자 하는 창업희망자·예비창업자",,"예비창업자,1년미만,2년미만,3년미만,5년미만,7년미만,10년미만",사업화,20260715,20260930,,,온라인 접수: https://spowell.kspo.or.kr/bbs/notice/1248?mSn=7394,https://www.k-startup.go.kr/web/contents/bizpbanc-ongoing.do?schM=view&pbancSn=178561,main,primary,2026년체육인직업안정창업지원사업참여자추가모집,민간,20260715~20260930,사업화,사업화
kst,178560,2026년 체육인 직업안정(창업지원) 사업 참여자 추가 모집(~7.23.),"체육인의 직업 전환을 지원하여 생활 불안정성을 완화하고, 역량별 맞춤 지원을 통해 창업 성공률을 높이며 진로 선택의 폭을 확대하고자 「2026년 체육인 직업안정 사업(창업지원) 창업보육과정(새싹)」 참여자를 다음과 같이 모집하오니 많은 관심과 참여 바랍니다.
※ 체육인 복지 시행지침 개정으로 체육인 인정 대회 범위 확대(경기 단체 주관 전국대회 출전 경력도 포함)",창업,민간,전국,"청소년,대학생,일반인,대학,연구기관,일반기업,1인 창조기업","기업,누구나,예비창업자,청년,초기창업기업","만 20세 미만,만 20세 이상 ~ 만 39세 이하,만 40세 이상",,,"- 체육인 복지법 시행령 제2~4조에 따른 체육인(선수·지도자·심판) 중, 은퇴(예정) 또는 경력단절 체육인으로 창업 의지가 있는 자
- 현재 운영 중인 사업이 없는 예비창업자 (사업계획은 준비되어 있고, 창업 실무 역량 강화 및 전문가 보육을 통해 창업하고자 하는 자)
- 사업 공고일(2026.7.10.) 기준 신청자 명의로 사업자 등록 및 법인 설립 등기를 하지 않은 자
- 협약기간 내 사업자 등록 및 사업계획 이행(창업)을 완료할 수 있는 자

- 타 정부부처 창업지원 관련 사업을 지원받고 있는 경우(협약기간 중복 불가)
- 국민체육진흥공단의 다른 사업화지원금 지원사업과 중복 수혜 불가
- 정부지원사업 참여 제한 제재조치를 받고 있는 자",,"예비창업자,1년미만,2년미만,3년미만,5년미만,7년미만,10년미만",사업화,20260715,20260723,,,온라인 접수: https://spowell.kspo.or.kr/html/welfare/apply/foundation/12?mSn=7679,https://www.k-startup.go.kr/web/contents/bizpbanc-ongoing.do?schM=view&pbancSn=178560,main,primary,2026년체육인직업안정창업지원사업참여자추가모집723,민간,20260715~20260723,사업화,사업화
kst,178559,「2026년 공공데이터 활용기업 AI연계 맞춤형 성장 지원사업」 참여기업 모집 안내,"행정안전부와 한국지능정보사회진흥원(NIA)은 공공데이터·AI 활용 (예정) 기업 또는 예비 창업자를 대상으로
데이터 역량 수준·유형별 지원을 위한 「2026 공공데이터 활용기업 AI연계 맞춤형 성장 지원사업」에 참여할 기업을 모집합니다. 
많은 참여 바랍니다.",교육/멘토링,공공기관,전국,"청소년,대학생,일반인,일반기업,1인 창조기업","기업,누구나,예비창업자,청년,초기창업기업","만 20세 미만,만 20세 이상 ~ 만 39세 이하,만 40세 이상",,,공공데이터와 AI를 활용한 서비스를 제공하고 있거나 개발하고자 하는 기업 또는 예비창업자,,"예비창업자,1년미만,2년미만,3년미만,5년미만,7년미만,10년미만",멘토링ㆍ컨설팅ㆍ교육,20260715,20260814,,,이메일 접수: 공고문 확인 필요,https://www.k-startup.go.kr/web/contents/bizpbanc-ongoing.do?schM=view&pbancSn=178559,main,primary,2026년공공데이터활용기업ai연계맞춤형성장지원사업참여기업모집안내,공공기관,20260715~20260814,멘토링ㆍ컨설팅ㆍ교육,멘토링ㆍ컨설팅ㆍ교육
kst,178558,2026년 체육인 직업안정(창업지원) 사업 참여자 추가 모집(~7.23.),"체육인의 직업 전환을 지원하여 생활 불안정성을 완화하고, 역량별 맞춤 지원을 통해 창업 성공률을 높이며 진로 선택의 폭을 확대하고자
「2026년 체육인 직업안정 사업(창업지원) 창업점검과정(열매)」 참여자를 다음과 같이 모집하오니 많은 관심과 참여 바랍니다. 
※ 체육인 복지 시행지침 개정으로 체육인 인정 대회 범위 확대(경기 단체 주관 전국대회 출전 경력도 포함)",창업,공공기관,전국,"청소년,대학생,일반인,대학,연구기관,일반기업,1인 창조기업","기업,누구나,청년,초기창업기업","만 20세 미만,만 20세 이상 ~ 만 39세 이하,만 40세 이상",,,"- 체육인 복지법 시행령 제2~4조에 따른 체육인(선수·지도자·심판)으로서, 은퇴(예정) 또는 경력단절 체육인 중 기창업자
- 사업계획이 준비되어 있고, 창업 실무 역량 강화 및 전문가 보육을 통해 창업을 발전시키고자 하는 자(전문컨설팅 희망자)
- 사업 공고일(2026.7.10.) 기준 신청자 명의로 사업자 등록을 완료한 자

- 타 정부부처의 창업지원 관련 사업을 지원받고 있는 경우(협약 기간 중복 불가)
- 사업화지원금을 제공하는 국민체육진흥공단 타 지원사업과 중복수혜 불가
- 정부지원사업 참여 제한 제재조치를 받고 있는 자",,"예비창업자,1년미만,2년미만,3년미만,5년미만,7년미만,10년미만",사업화,20260715,20260723,,,온라인 접수: https://spowell.kspo.or.kr/bbs/notice/1250?mSn=7394,https://www.k-startup.go.kr/web/contents/bizpbanc-ongoing.do?schM=view&pbancSn=178558,main,primary,2026년체육인직업안정창업지원사업참여자추가모집723,공공기관,20260715~20260723,사업화,사업화
kst,178557,2026 서울시 중장년 채용박람회 권역별 참여기업 모집,"담당자님, 원하는 인재 뽑기 힘드셨죠?
채용비용 0원, 채용기회는 무한대!
중장년 인재 뽑기의 성지 ‘서울시 중장년 채용박람회, 일자리박람회’에 0원으로 참여해보세요!",행사/네트워크,공공기관,서울특별시,일반기업,기업,"만 20세 이상 ~ 만 39세 이하,만 40세 이상",,,"중장년 대상 채용, 홍보에 관심있는 기업",,"1년미만,2년미만,3년미만,5년미만,7년미만,10년미만",행사ㆍ네트워크,20260714,20260814,,,"온라인 접수: https://forms.gle/KRakkL3VSuENEF2TA
이메일 접수: 공고문 확인 필요",https://www.k-startup.go.kr/web/contents/bizpbanc-ongoing.do?schM=view&pbancSn=178557,main,primary,2026서울시중장년채용박람회권역별참여기업모집,공공기관,20260714~20260814,행사ㆍ네트워크,행사ㆍ네트워크
kst,178556,2026년 벤처확인 도전기업 일대일 비대면 밋업 참여기업 모집,"벤처기업확인 인증은 자금조달, 정부지원사업 가점, 세제 감면 등 기업 성장의 든든한 발판이 되는 핵심 인증제도 입니다. 혁신기술경영인증지원센터에서는 벤처기업확인(최초·재인증)을 준비하는 기업의 성공적인 인증 준비를 지원하기 위하여 『2026년 벤처확인 가능성 1:1 비대면 밋업』 참여기업을 다음과 같이 모집하오니 많은 관심과 참여 바랍니다.",창업,민간,전국,"일반기업,1인 창조기업","기업,예비창업자,초기창업기업","만 20세 미만,만 20세 이상 ~ 만 39세 이하,만 40세 이상",,,"① 벤처기업확인 최초 인증을 준비하는 기업
② 벤처기업 재인증을 준비하는 기업
③ 벤처확인 준비 방향이 필요한 기업
④ 기술성 및 사업성 진단을 희망하는 기업
⑤ 벤처인증 준비 상태 점검 및 전문가 자문이 필요한 기업

- 벤처기업에 포함되지 않는 업종 ( 일반 유흥 주점업, 무도 유흥 주점업, 기타 주점업, 블록체인 기반 암호화 자산 매매 및 중개업, 기타 사행시설 관리 운영업, 무도장 운영업)
- 신청일 기준 회사 설립이 완료되지 않은 기업 (예비창업자)
- 국제 또는 지방세 체납으로 규제 중인 자
- 공고 마감일 기준 휴업 중인 기업, 금융기관 등으로부터 채무불이행으로 규제 중인 자 또는 기업",,"1년미만,2년미만,3년미만,5년미만,7년미만,10년미만",사업화,20260716,20260821,,,온라인 접수: https://m.site.naver.com/2bCTe,https://www.k-startup.go.kr/web/contents/bizpbanc-ongoing.do?schM=view&pbancSn=178556,main,primary,2026년벤처확인도전기업일대일비대면밋업참여기업모집,민간,20260716~20260821,사업화,사업화
kst,178555,(광주센터) 2026년 제7회 제대군인 창업 워크숍 개최 안내,창업 준비에 필요한 다양한 정보를 창업 유형별 전문가의 현장 강의를 통해 통합 제공함으로써 창업 준비가 열악한 제대군인의 창업 추진 역량 강화를 위해 다음과 같이 안내하오니 참여를 희망하는 분께서는 안내에 따라 신청해 주시기 바랍니다.,창업,공공기관,전남광주,"일반인,일반기업,1인 창조기업","기업,누구나,초기창업기업","만 20세 이상 ~ 만 39세 이하,만 40세 이상",,,"1. 5년 이상 중·장기복무 제대(예정) 군인
2. 의무복무 제대군인 중 전역 후 3년 이내의 취업맞춤특기병, 저소득·모범장병, 등급미달 경상이자",,"예비창업자,1년미만,2년미만,3년미만,5년미만,7년미만,10년미만",창업교육,20260714,20260825,,,"온라인 접수: https://vnet.go.kr/esta/EstaLcr002D.do?idx=5674
이메일 접수: 공고문 확인 필요
기타 접수: 담당자 유선 연락을 통한 교육 신청(044-202-5732)",https://www.k-startup.go.kr/web/contents/bizpbanc-ongoing.do?schM=view&pbancSn=178555,main,primary,광주센터2026년제7회제대군인창업워크숍개최안내,공공기관,20260714~20260825,창업교육,창업교육
kst,178554,2026년「강남 취‧창업허브센터」6차 입주 기업 신규 모집,우수한 기술과 참신한 아이디어를 보유한 창업 초기 기업 및 (예비)창업자를 대상으로 체계적인 인큐베이팅을 통하여 성장 가능성이 높은 혁신형 중소기업으로 육성하고자 신규 입주기업을 아래와 같이 공개 모집하오니 관심 있는 기업의 많은 신청 바랍니다.,시설/공간,민간,서울특별시,"대학생,일반인,대학,연구기관,일반기업,1인 창조기업","기업,누구나,예비창업자,청년,초기창업기업","만 20세 이상 ~ 만 39세 이하,만 40세 이상",,,"예비창업자 및 7년이내 창업기업

▣ 최종 선발 후 입주를 취소한 기록이 있는 기업
▣ 국세 또는 지방세 체납으로 규제 중인 기업
▣ 금융기관 등으로부터 채무불이행으로 규제 중인 기업
▣ 신청일 현재 휴업 중인 기업
▣ 국가 또는 지방자치단체로부터 시설지원을 받고있는 자
※ 단 입주일 이전 퇴소 예정인 기업은 협약서 및 계약서 증빙을 제출하여 신청 가능 
▣ 중소기업창업지원법 시행령 제 4 조 (창업에서 제외되는 업종)의 업종
※ 일반유흥주점업 무도유흥주점업 기타 사행 시설 관리 및 운영업 등 중소벤처기업부령으로 정하는 업종
▣ 국가 지방자치단체 공공기관의 창업공간 입주 지원사업을 수혜 중인 자 
※ 다만, 협약일 이전에 사업수혜 기간이 종료되거나 사업을 중도 포기한 자는 신청 가능함",,"예비창업자,1년미만,2년미만,3년미만,5년미만,7년미만",시설ㆍ공간ㆍ보육,20260710,20260724,,,온라인 접수: https://miniintern.com/event/3234,https://www.k-startup.go.kr/web/contents/bizpbanc-ongoing.do?schM=view&pbancSn=178554,main,primary,2026년강남취창업허브센터6차입주기업신규모집,민간,20260710~20260724,시설ㆍ공간ㆍ보육,시설ㆍ공간ㆍ보육
kst,178553,[2026년 경기 AI 혁신클러스터] AI 클러스터 오픈이노베이션 연계·실증 프로그램 참가기업 모집,대·중견 기업과 경기도 AI 기술기반 창업기업 간 기술 협업 및 혁신형 비즈니스모델 발굴을 위해 경기도경제과학진흥원에서 추진하고 있는 2026년 「AI 클러스터 오픈이노베이션 연계･실증 프로그램」의 대·중견사 수요기반 유망 창업기업 모집을 다음과 같이 공고합니다.,창업,민간,경기도,"청소년,대학생,일반인,대학,연구기관,일반기업,1인 창조기업","기업,누구나,청년,초기창업기업","만 20세 미만,만 20세 이상 ~ 만 39세 이하,만 40세 이상",,,"□ 신청자격 : 경기도 소재 AI 기술 보유 스타트업(공고일 기준, ’26.7.15.)
 ○ 경기도 소재 관내기업 : 본사, 지사, 지점, 연구소, 공장 등 소재
 ○ 7년 이내 창업기업 : 설립 7년 이내의 개인사업자 및 법인사업자 
 ○ 10년 이내 신산업창업 분야 창업기업 : 설립 10년 이내의 개인사업자 및 법인사업자 ※ 「중소기업창업 지원법 제25조 제4항」에 따른 신산업창업 분야 : 인공지능, 빅데이터, 서비스플랫폼, 실감형콘텐츠, 지능형 로봇, 시스템 반도체, 양자 등 27개 분야
 ※ 업력 기준일 : 개인사업자는 사업자등록증(개업연월일), 법인사업자는 법인등기부등본 (법인설립등기일) 기준으로 함.

○ 중소기업창업지원법 시행령 제4조(창업에서 제외되는 업종)의 업종을 영위하고 있거나 또는 영위하고 있는 자(기업)
○ 금융기관 등으로부터 채무불이행으로 규제 중인 자(기업)
○ 국세 또는 지방세 체납 중인 자(기업)
○ 기업 신용정보 조회 결과 ‘회수의문, 휴폐업, 부도’로 조회된 기업
○ 신청 서류를 누락하거나 잘못 제출하여 신청 내용을 확인할 수 없는 자(기업)
○ 제출 서류를 허위로 작성하거나 위·변조한 증명서를 제출한 자(기업)
○ 신청한 과제의 목표 및 내용의 중복성(기 지원, 기 개발)이 인정된 경우
○ 중앙정부부처 및 그 산하기관, 타 지방자치단체 및 그 산하기관의 지원사업에 부정 참여하여 사업비 회수 판정을 받은 후 3년이 경과하지 않은 기업
○ 동일사업에 2년 연속하여 선정된 기업",,7년미만,사업화,20260715,20260731,,,온라인 접수: https://www.gsp.or.kr/supportProject/UVSD0001.do?sportSeq=6297,https://www.k-startup.go.kr/web/contents/bizpbanc-ongoing.do?schM=view&pbancSn=178553,main,primary,2026년경기ai혁신클러스터ai클러스터오픈이노베이션연계실증프로그램참가기업모집,민간,20260715~20260731,사업화,사업화
kst,178552,용인시 AI 데이터 기반 창업 지원 참여자 모집,"AI 서비스 개발의 핵심 기반이 되는 데이터 구축․가공․품질관리 등 AI 데이터 생산과정에 대한 이해를 갖춘 예비창업자를 발굴․육성하여, 지역 기반 AI 서비스를 개발하고 지역 인재와 함께 성장하는 AI 창업 생태계를 조성합니다.",창업,민간,전국,"청소년,대학생,일반인,대학,연구기관,일반기업,1인 창조기업","기업,누구나,예비창업자,청년,초기창업기업","만 20세 미만,만 20세 이상 ~ 만 39세 이하,만 40세 이상",,,"AI 또는 데이터 기반 제품․서비스를 개발하고자 하는 예비창업자

다음 각 호의 요건을 모두 충족하는 자
1. 용인시에 사업장(본사)을 설립할 계획이 있는 예비창업자
2. AI 데이터 생산과정(데이터 구축·가공·검수·품질관리 등)에 대한 이해
를 바탕으로 AI 또는 데이터 기반 창업 아이템을 고도화하고자 하는 자
3. AI 서비스 개발에 필요한 데이터 구축·가공·품질관리 역량 확보를 위하여 창업팀 내 1인 이상이 AI 데이터 직무교육을 반드시 이수할 수 있는 자",,예비창업자,사업화,20260714,20260724,,,이메일 접수: 공고문 확인 필요,https://www.k-startup.go.kr/web/contents/bizpbanc-ongoing.do?schM=view&pbancSn=178552,main,primary,용인시ai데이터기반창업지원참여자모집,민간,20260714~20260724,사업화,사업화
kst,178551,2026년 청년창업 아이디에이션 4.0 참가자 모집 공고,"청년의 혁신기술 분야 창업 역량 강화를 위한 글로벌 프로젝트! 성남 청년들의 혁신기술 분야 창업 역량 강화를 위해, 전문 창업교육과 미서부 현지 기업 탐방을 통한 아이디어 고도화 및 실행 기반 마련의 기회를 제공하고자 『2026. 청년창업 아이디에이션 4.0』 참가자를 다음과 같이 모집하오니 많은 관심과 참여 바랍니다.",교육/멘토링,공공기관,경기도,"대학생,일반인,대학,1인 창조기업","누구나,청년,초기창업기업",만 20세 이상 ~ 만 39세 이하,20,39,"혁신 기술 기반 창업을 희망하는 성남시 청년(개인 또는 3인 이하의 팀)
※ 세부 지원조건 모집공고문 지원자격 및 지원조건 확인

모집공고문 유의사항 확인",,"예비창업자,1년미만,2년미만,3년미만,5년미만,7년미만,10년미만",멘토링ㆍ컨설팅ㆍ교육,20260706,20260813,,,이메일 접수: 공고문 확인 필요,https://www.k-startup.go.kr/web/contents/bizpbanc-ongoing.do?schM=view&pbancSn=178551,main,primary,2026년청년창업아이디에이션40참가자모집공고,공공기관,20260706~20260813,멘토링ㆍ컨설팅ㆍ교육,멘토링ㆍ컨설팅ㆍ교육
kst,178550,2026년 경기도 양자-반도체 팹 융합활용 R&D 지원 사업 참여기관(기업·대학) 추가 모집 공고,2026년 경기도 양자-반도체 팹 융합활용 R&D 지원 사업을 다음과 같이 공고하오니 많은 참여 바랍니다.,기술,공공기관,경기도,"대학,연구기관,일반기업",기업,"만 20세 이상 ~ 만 39세 이하,만 40세 이상",,,경기도 소재 양자·AI·반도체 관련 중소·중견기업 및 대학,,"1년미만,2년미만,3년미만,5년미만,7년미만,10년미만",기술개발(R&amp;D),20260707,20260724,,,이메일 접수: 공고문 확인 필요,https://www.k-startup.go.kr/web/contents/bizpbanc-ongoing.do?schM=view&pbancSn=178550,main,primary,2026년경기도양자반도체팹융합활용rd지원사업참여기관기업대학추가모집공고,공공기관,20260707~20260724,기술개발(R&D),기술개발(R&D)
kst,178549,경기 스타트업 글로벌 성장지원,경기도와 경기도경제과학진흥원은 미국 진출 및 현지 투자유치를 희망하는 도내 우수 스타트업을 지원하기 위하여 2026년 경기 스타트업 글로벌 성장지원 「뉴욕 투자유치 지원 프로그램」에 참여할 유망 경기 기업을 모집하오니 관심 있는 기업의 많은 참여 바랍니다.,판로/수출,민간,경기도,"일반인,일반기업,1인 창조기업","기업,누구나,스타트업,초기창업기업","만 20세 이상 ~ 만 39세 이하,만 40세 이상",,,"본점 주소지가 경기도에 소재한 7년 이내 창업기업
※ 단, 신산업 창업 분야에 해당 시 10년 이내

- 경기도 본사 소재 기업만 지원 가능하며, 도내 지사 및 공장, 연구소 등은 해당되지 않음
- 공고일 기준 2026년 경기 스타트업 글로벌 성장 지원(경기 청년창업 글로벌 프론티어(G-Frontier), 일본 오픈이노베이션 프로그램)사업에 참여 중인 자
- 2024~2025년 경기 스타트업 글로벌 성장 지원사업에 2회 이상 지원 받은 적이 있거나, 중도 포기한 자
※ 세부 내용 공고문 참고",,"7년미만,10년미만",글로벌,20260714,20260807,,,온라인 접수: https://www.gsp.or.kr/supportProject/UVSD0001.do?sportSeq=6298,https://www.k-startup.go.kr/web/contents/bizpbanc-ongoing.do?schM=view&pbancSn=178549,main,primary,경기스타트업글로벌성장지원,민간,20260714~20260807,글로벌,글로벌
kst,178548,2026년 논산시 사회적경제 창업 아카데미 교육생 모집,사회적기업 전환을 준비하는 초기 창업기업 및 창업예정자에게 다음과 같이 아카데미를 진행하고자 공고하오니 참여를 희망하는 기업 또는 개인은 안내를 따라 신청하기 바랍니다.,창업,지자체,충청남도,"대학생,일반인,일반기업,1인 창조기업","기업,누구나,청년,초기창업기업","만 20세 미만,만 20세 이상 ~ 만 39세 이하,만 40세 이상",,,"사회문제 해결 아이디어를 가진 시민 및 창업3년 이내 기업 등

없음",,"예비창업자,1년미만,2년미만,3년미만",창업교육,20260715,20260813,,,온라인 접수: https://docs.google.com/forms/d/e/1FAIpQLSec73QTKsiGvpbK4VVCuVm9sz3L6QqVsZ5S0f7iDbUd63Jc8A/viewform,https://www.k-startup.go.kr/web/contents/bizpbanc-ongoing.do?schM=view&pbancSn=178548,main,primary,2026년논산시사회적경제창업아카데미교육생모집,지자체,20260715~20260813,창업교육,창업교육
kst,178547,2026년 제5회 유니버설디자인 공모전,지속가능발전목표(SDGs)의 가치를 바탕으로 시민 누구나 차별 없이 이용 가능한 ‘모두를 위한 디자인’ 문화를 확산하고자 「2026년 제5회 유니버설디자인 공모전」을 아래와 같이 공고하오니 많은 관심과 참여 바랍니다.,행사/네트워크,교육기관,대전광역시,"청소년,대학생,일반인,대학,연구기관,일반기업,1인 창조기업","기업,누구나,청년,초기창업기업","만 20세 미만,만 20세 이상 ~ 만 39세 이하,만 40세 이상",,,자격 제한 없음(출품료 없음) ※1인 2작품 이내,,"예비창업자,1년미만,2년미만,3년미만,5년미만,7년미만,10년미만",행사ㆍ네트워크,20260715,20260920,,,이메일 접수: 공고문 확인 필요,https://www.k-startup.go.kr/web/contents/bizpbanc-ongoing.do?schM=view&pbancSn=178547,main,primary,2026년제5회유니버설디자인공모전,교육기관,20260715~20260920,행사ㆍ네트워크,행사ㆍ네트워크
kst,178546,2026년 특허출원·등록 비용 바우처 지원사업 9차(하반기 2차),"(사)한국중소기업발전협회의 2026년 특허출원·등록 비용 바우처 지원사업 9차(하반기 2차) 시행계획을 다음과 같이 공고하오니, 동 사업에 참여하여 지원을 받고자 하는 기업은 안내에 따라 신청하시기 바랍니다.",창업,민간,전국,"연구기관,일반기업,1인 창조기업","기업,초기창업기업","만 20세 이상 ~ 만 39세 이하,만 40세 이상",,,"o 연구개발 활동을 수행하고 있는 스타트업 및 중소·중견기업
o 1인 창업가, 예비 창업자, 개인사업자 등",,"예비창업자,1년미만,2년미만,3년미만,5년미만,7년미만,10년미만",사업화,20260720,20260731,,,이메일 접수: 공고문 확인 필요,https://www.k-startup.go.kr/web/contents/bizpbanc-ongoing.do?schM=view&pbancSn=178546,main,primary,2026년특허출원등록비용바우처지원사업9차하반기2차,민간,20260720~20260731,사업화,사업화
kst,178545,제 7회 DDM 벤처스타트업 아카데미 모집,"DDM 청년창업센터 유니콘에서, 제 7회 DDM 벤처스타트업 아카데미 참가자를 모집합니다. 관심있는 분들의 많은 참여 바랍니다.",창업,교육기관,전국,"청소년,대학생,일반인,대학,연구기관,일반기업,1인 창조기업","기업,누구나,스타트업,청년,초기창업기업","만 20세 미만,만 20세 이상 ~ 만 39세 이하,만 40세 이상",,,창업 및 투자 유치에 관심이 있는 (예비)창업자 및 동일 분야에 관심이 있는 자,,"예비창업자,1년미만,2년미만,3년미만,5년미만,7년미만,10년미만",창업교육,20260714,20260728,,,온라인 접수: https://forms.gle/7FF8e3W6CdQiW1656,https://www.k-startup.go.kr/web/contents/bizpbanc-ongoing.do?schM=view&pbancSn=178545,main,primary,제7회ddm벤처스타트업아카데미모집,교육기관,20260714~20260728,창업교육,창업교육
kst,178544,조선대학교 앵커사업단 2026학년도 문화예술분야 스타트업 지원 참여기업 모집,"지역 문화예술 자원을 기반으로 한 창업 생태계 구축 및 문화예술 분야 스타트업의 성장을 지원하기 위해 「2026학년도 문화예술분야 스타트업 지원」 참여기업을 다음과 같이 모집하오니, 관심 있는 (예비)창업자 및 스타트업의 많은 신청 바랍니다.",창업,교육기관,전남광주,"일반인,일반기업","기업,누구나,스타트업,예비창업자","만 20세 미만,만 20세 이상 ~ 만 39세 이하,만 40세 이상",,,"전남광주통합특별시 소재의 문화예술 콘텐츠 기반 스타트업(사업자등록일로부터 7년 이내) 및 지원기간 내 전남광주통합특별시에 사업자등록이 가능한 예비창업자

모집공고일 기준 정부·지방자치단체 및 유관기관의 사업 참여 제한을 받고 있거나, 동일·유사한 지원 내용으로 다른 사업의 지원을 받고 있는 자 등 모집공고문에서 정한 신청 제외 대상",,"예비창업자,7년미만",사업화,20260715,20260731,,,이메일 접수: 공고문 확인 필요,https://www.k-startup.go.kr/web/contents/bizpbanc-ongoing.do?schM=view&pbancSn=178544,main,primary,조선대학교앵커사업단2026학년도문화예술분야스타트업지원참여기업모집,교육기관,20260715~20260731,사업화,사업화
kst,178543,[강동구 청년해냄센터] 취약분야 상시 컨설팅 8월 참가자 모집 공고,강동구 청년해냄센터에서 8월 취약 분야 상시 컨설팅 계획을 다음과 같이 공고하니 참여 희망자는 안내에 따라 신청하시기 바랍니다.,교육/멘토링,공공기관,서울특별시,"청소년,대학생,일반인,대학,연구기관,일반기업,1인 창조기업","기업,누구나,예비창업자,청년,초기창업기업","만 20세 미만,만 20세 이상 ~ 만 39세 이하,만 40세 이상",,,"예비창업자, 기창업자",,"예비창업자,1년미만,2년미만,3년미만,5년미만,7년미만,10년미만",멘토링ㆍ컨설팅ㆍ교육,20260714,20260831,,,온라인 접수: http://www.gdhaenaem.com/?c=169,https://www.k-startup.go.kr/web/contents/bizpbanc-ongoing.do?schM=view&pbancSn=178543,main,primary,강동구청년해냄센터취약분야상시컨설팅8월참가자모집공고,공공기관,20260714~20260831,멘토링ㆍ컨설팅ㆍ교육,멘토링ㆍ컨설팅ㆍ교육
kst,178542,[무료/선착순] 대구데이터역량강화교육 AI Agent 개발,대구디지털혁신진흥원과 메타코드가 AI Agent 분야 취업 및 창업에 필요한 개념부터 실습까지 준비하였습니다. 관심 있는 분들은 신청 바랍니다.,교육/멘토링,민간,대구광역시,"청소년,대학생,일반인,대학,연구기관,일반기업,1인 창조기업","기업,누구나,예비창업자,청년,초기창업기업","만 20세 미만,만 20세 이상 ~ 만 39세 이하,만 40세 이상",,,"대학생,취업준비생,예비창업자 및 예비 개발자, 현직실무자",,"예비창업자,1년미만,2년미만,3년미만,5년미만,7년미만,10년미만",멘토링ㆍ컨설팅ㆍ교육,20260714,20260810,,,온라인 접수: https://forms.gle/9y3C13t9i3b6yHTS8,https://www.k-startup.go.kr/web/contents/bizpbanc-ongoing.do?schM=view&pbancSn=178542,main,primary,무료선착순대구데이터역량강화교육aiagent개발,민간,20260714~20260810,멘토링ㆍ컨설팅ㆍ교육,멘토링ㆍ컨설팅ㆍ교육
kst,178541,청년창업 아이디어 경진대회 개최,지역 청년들의 창의적이고 우수한 창업 아이템과 공공데이터를 활용한 혁신 아이디어를 발굴하여 청년 창업 활성화에 기여하고자「제4회 전남광주통합특별시 북구청장배 청년창업 아이디어 경진대회」참가자를 다음과 같이 모집하오니 많은 관심과 참여를 바랍니다.,행사/네트워크,지자체,전남광주,"청소년,대학생,일반인,대학,일반기업,1인 창조기업","기업,누구나,예비창업자,청년,초기창업기업","만 20세 미만,만 20세 이상 ~ 만 39세 이하",,,"공고일 기준 전남광주통합특별시에 생활권을 둔 15세~39세 청년(1986. 7. 10. ~ 2011. 7. 9. 출생자)
     - (루키리그) 예비창업자(공고일 기준 사업자 미등록자)
     - (성장리그) 공고일 기준 설립* 7년 미만 기창업자(설립일 : ’19. 7. 10. ~ ’26. 7. 9.)
      * 개인사업자 : 사업자등록증 상 &apos;개업연월일&apos; 기준, 법인사업자 : 법인등기부등본 상 &apos;법인설립등기일&apos; 기준

o 동일 아이디어(유사 아이디어 포함)로 타 창업경진대회에서 상금 및 지원을 받은 이력이 있는 팀
  o 이미 사업화되어 있는 아이디어
   ☞ 단 기존사업 및 서비스와의 차별성과 우수성이 증명되면 참가 가능 
  o 「중소기업창업 지원법 시행령」 제4조에 따라 창업에서 제외되는 업종
  o 사행성, 환경오염 유발 등 반사회적 성격의 창업 아이디어 등
  o 타인의 특허, 실용신안 등 지식재산권을 침해한 사실(소송 등의 재판 진행 중인 사항 포함)이 있거나, 침해할 우려가 있는 아이디어 등
   ☞ 타인의 지식재산권을 침해하였을 경우 발생하는 모든 민·형사상의 책임은 참가자 본인에게 있음.",,"예비창업자,1년미만,2년미만,3년미만,5년미만,7년미만",행사ㆍ네트워크,20260714,20260807,,,이메일 접수: 공고문 확인 필요,https://www.k-startup.go.kr/web/contents/bizpbanc-ongoing.do?schM=view&pbancSn=178541,main,primary,청년창업아이디어경진대회개최,지자체,20260714~20260807,행사ㆍ네트워크,행사ㆍ네트워크
kst,178540,IBS(기초과학연구원)  Research Connect,"기초과학연구원 우수 연구성과를 공유하고, 연구자와 산업계 간 교류·협력 기회 마련하고자 「IBS Research Connect」개최하오니 많은 참여를 바랍니다.",행사/네트워크,민간,전국,"대학,연구기관,일반기업,1인 창조기업","기업,초기창업기업","만 20세 이상 ~ 만 39세 이하,만 40세 이상",,,"유전체 교정 연구자, 바이오·제약·AI·디지털 헬스 기업 등",,"예비창업자,1년미만,2년미만,3년미만,5년미만,7년미만,10년미만",행사ㆍ네트워크,20260714,20260727,,,온라인 접수: https://event-us.kr/ibu/event/129978,https://www.k-startup.go.kr/web/contents/bizpbanc-ongoing.do?schM=view&pbancSn=178540,main,primary,ibs기초과학연구원researchconnect,민간,20260714~20260727,행사ㆍ네트워크,행사ㆍ네트워크
kst,178539,제11회 소상공인 쇼케이스데이 참가기업 모집 (소상공인 투지유치 연계 & 판로확대 지원),"중소상공인희망재단과 IBK행복나눔재단은 창의·혁신적인 제품을 보유한 유망 소상공인의 지속 성장을 지원하는 「제11회 소상공인 쇼케이스데이」에 참여할 소상공인을 다음과 같이 모집합니다.
☞ 소상공인 쇼케이스데이는?
소상공인 쇼케이스데이는 창의‧혁신적인 제품을 보유한 유망 소상공인을 발굴해 비즈니스 역량강화, 투자유치 연계, 판로 확대 등을 지원하는 소상공인 특화 성장지원 프로그램입니다. 
올해 11회차를 맞이했으며, 2026년에는 중소상공인희망재단과 IBK행복나눔재단이 함께하는 사회공헌사업 「희망나눔플러스Ⅲ 프로젝트」로 추진됩니다.",창업,민간,전국,"일반기업,1인 창조기업","기업,소상공인,초기창업기업","만 20세 미만,만 20세 이상 ~ 만 39세 이하,만 40세 이상",,,"라이프스타일형 창의적 아이템을 보유한 창업 7년 이내 소상공인
* 참가자격 세부조건 공고문 확인 필수

· 누적 투자유치금액 1억원 이상 기업
· 소상공인 쇼케이스데이 결선 진출기업(1~10회)    
· 사업자 등록이 되어있지 않거나, 휴업 또는 폐업 중인 경우  
· 소상공인 정책자금 지원 제외 업종[참고1]을 영위하고 있는 경우
· 참가신청 기업(아이템)이 타인의 특허, 실용신안 등 지식재산권을 침해한 사실이 있거나 침해할 우려가 있는 경우 
· 사행성 및 환경오염 유발 등 반사회적 성격의 사업",,"1년미만,2년미만,3년미만,5년미만,7년미만",사업화,20260714,20260810,,,온라인 접수: https://www.heemangfdn.or.kr/layout/res/home.php?go=pds.list&pds_type=1&start=0&num=1439&s_key1=&s_head=&s_que=,https://www.k-startup.go.kr/web/contents/bizpbanc-ongoing.do?schM=view&pbancSn=178539,main,primary,제11회소상공인쇼케이스데이참가기업모집소상공인투지유치연계판로확대지원,민간,20260714~20260810,사업화,사업화
kst,178538,2026년 규제혁신 로봇 실증사업 2차 공고,"서비스로봇 모델별 규제 해결 솔루션을 마련하여 규제 개선 및 시장 활성화를 위한
「 규제혁신 로봇 실증사업 」 지원과제를 다음과 같이 모집하오니 
참여를 희망하는 기관 및 기업 등은 절차에 따라 신청하여 주시기 바랍니다.
※ 공고문 및 제반 서류는 통합 내용으로, 신청 시 2-Track 중 선택하여 (택1) 신청 서류 업로드 필요
※ 상세 내용 등 문의 사항은 공고문 내 문의처 참고
※ 주의사항 : KIRIA 사업관리시스템(PMS) 내 사업 접수 시, 과제 총괄책임자 접수 필수",창업,공공기관,전국,"대학,연구기관,일반기업,1인 창조기업","기업,초기창업기업","만 20세 미만,만 20세 이상 ~ 만 39세 이하,만 40세 이상",,,"규제 애로사항을 보유하고 있는 서비스 로봇 기업 및 수요처

개인사업자",,"1년미만,2년미만,3년미만,5년미만,7년미만,10년미만",사업화,20260706,20260804,,,온라인 접수: https://kiria.org/pms/pbnc/10337/detail,https://www.k-startup.go.kr/web/contents/bizpbanc-ongoing.do?schM=view&pbancSn=178538,main,primary,2026년규제혁신로봇실증사업2차공고,공공기관,20260706~20260804,사업화,사업화
kst,178537,『SMART-X LAB 14기』 참여기업 모집,KT와 인천창조경제혁신센터는 오픈이노베이션을 통해 창업기업 및 중소기업의 지속 성장을 지원하고자 『SMART-X LAB 14기』에 참여할 기업을 모집하오니 많은 관심과 참여 바랍니다.,창업,공공기관,전국,"청소년,대학생,일반인,대학,연구기관,일반기업,1인 창조기업","기업,누구나,청년,초기창업기업","만 20세 미만,만 20세 이상 ~ 만 39세 이하,만 40세 이상",,,"정보보안(자산관리, 침해예방, 탐지대응, 개인정보, 거버넌스)  분야에서 KT와 협업할 수 있고, 일본 ILS 2026 참가가 가능한 창업기업 및 중소기업

공고문 내 &apos;모집 제외&apos; 참조",,"예비창업자,1년미만,2년미만,3년미만,5년미만,7년미만,10년미만",사업화,20260714,20260802,,,이메일 접수: 공고문 확인 필요,https://www.k-startup.go.kr/web/contents/bizpbanc-ongoing.do?schM=view&pbancSn=178537,main,primary,smartxlab14기참여기업모집,공공기관,20260714~20260802,사업화,사업화
kst,178536,"[방송미디어통신위원회, 한국인터넷진흥원] 국민안전 LBS 솔루션 대상 (~9.30, 16:00)",국민안전 LBS 솔루션 대상과 관련하여 과 같이 우수한 위치정보 기반 안전 솔루션을 보유하고 있는 중소기업·스타트업을 발굴하여 시상 및 판로지원을 통해 국민안전 강화와 위치정보 산업 활성화에 기여하고자 하오니 많은 참여 바랍니다.,창업,민간,전국,"청소년,대학생,일반인,대학,연구기관,일반기업,1인 창조기업","기업,누구나,청년,초기창업기업","만 20세 미만,만 20세 이상 ~ 만 39세 이하,만 40세 이상",,,"-일상, 생활, 산업 현장 등에서 활용 가능한 위치정보 기반 안전 솔루션을 보유한 중소기업·스타트업
-위치기반 서비스·상품이 실제 사업 단계에 이른 비즈니스 모델 보유 기업(시제품 보유)
※ 2차 발표심사 시 시제품(prototype) 시연 또는 발표자료 내 제품·서비스 소개 영상(1분 내외) 포함 필요

「공정거래법」에 따라 상호출자제한기업집단(대기업)으로 지정된 사업자",,"예비창업자,1년미만,2년미만,3년미만",사업화,20260713,20260930,,,이메일 접수: 공고문 확인 필요,https://www.k-startup.go.kr/web/contents/bizpbanc-ongoing.do?schM=view&pbancSn=178536,main,primary,방송미디어통신위원회한국인터넷진흥원국민안전lbs솔루션대상9301600,민간,20260713~20260930,사업화,사업화
kst,178535,26년 7월 스타트업 언론 홍보 지원사업 참가사 모집 공고(2차),스타트업 전문 매체 『스타트업데일리』에서 홍보에 어려움을 겪는 예비창업자/스타트업의 홍보 지원을 위해 다음과 같이 공고하오니 많은 참여 바랍니다.,창업,민간,전국,"청소년,대학생,일반인,대학,연구기관,일반기업,1인 창조기업","기업,누구나,스타트업,예비창업자,청년,초기창업기업","만 20세 미만,만 20세 이상 ~ 만 39세 이하,만 40세 이상",,,"1. 예비창업자
2. 창업 7년 이내 초기 기업

1. 이미 배포된 보도자료(중복)·동일한 내용으로 재보도(반복) 배포 불가
2. 단순 제품 홍보(건강기능식품, 화장품 등), 프로모션 홍보 등 과도한 광고성 문안 게재 불가",,"예비창업자,1년미만,2년미만,3년미만,5년미만,7년미만",사업화,20260715,20260731,,,이메일 접수: 공고문 확인 필요,https://www.k-startup.go.kr/web/contents/bizpbanc-ongoing.do?schM=view&pbancSn=178535,main,primary,26년7월스타트업언론홍보지원사업참가사모집공고2차,민간,20260715~20260731,사업화,사업화
kst,178534,2026년 서울핀테크랩 FIN-오픈이노베이션 Meep-up Day 8회차 - KB Innovation HUB,서울핀테크랩에서 FIN-오픈이노베이션 Meep-up Day 8회차 - KB Innovation HUB를 진행하오니 많은 관심 부탁드리겠습니다.,창업,지자체,서울특별시,"청소년,대학생,일반인,대학,연구기관,일반기업,1인 창조기업","기업,누구나,청년,초기창업기업","만 20세 미만,만 20세 이상 ~ 만 39세 이하,만 40세 이상",,,서울 소재 핀테크 기업,,"1년미만,2년미만,3년미만,5년미만,7년미만,10년미만",사업화,20260713,20260803,,,온라인 접수: https://forms.gle/qQAMfUkrn6Rb8PDb6,https://www.k-startup.go.kr/web/contents/bizpbanc-ongoing.do?schM=view&pbancSn=178534,main,primary,2026년서울핀테크랩fin오픈이노베이션meepupday8회차kbinnovationhub,지자체,20260713~20260803,사업화,사업화
kst,178533,창업보육센터 지원,한국외국어대학교 창업보육센터는 우수한 아이템과 혁신기술을 보유한 예비·신규창업자를 발굴 및 육성지원하기 위해 다음과 같이 창업기업 입주모집을 공고하오니 많은 관심과 참여 바랍니다.,시설/공간,교육기관,경기도,일반기업,"기업,예비창업자","만 20세 미만,만 20세 이상 ~ 만 39세 이하,만 40세 이상",,,"- 예비창업자, 3년미만 창업기업",,"예비창업자,3년미만",시설ㆍ공간ㆍ보육,20260714,20260726,,,이메일 접수: 공고문 확인 필요,https://www.k-startup.go.kr/web/contents/bizpbanc-ongoing.do?schM=view&pbancSn=178533,main,primary,창업보육센터지원,교육기관,20260714~20260726,시설ㆍ공간ㆍ보육,시설ㆍ공간ㆍ보육
kst,178532,2026 경기 스타트업 서밋 Invest Connect 2차 참가기업 모집,경기 스타트업 서밋을 통해 스타트업의 국내외 투자유치 및 비즈니스 성과 창출을 지원하고자 '2026 경기 스타트업 서밋 Invest Connect 1차' 참가기업을 모집하오니 많은 참여를 부탁 드립니다.,행사/네트워크,공공기관,경기도,"청소년,대학생,일반인,대학,연구기관,일반기업,1인 창조기업","기업,누구나,스타트업,청년,초기창업기업","만 20세 미만,만 20세 이상 ~ 만 39세 이하,만 40세 이상",,,"공고일 기준 참가분야 업력 7년 이내 스타트업(신산업 분야 10년 이내)
 - 참가분야 : AI·로봇·반도체·바이오·기후테크·기타(신산업)
 * 「신산업 창업 분야에 관한 규정」 제3조 제1항에 따라 신산업 창업 분야는 창업 후 10년 이내",,"예비창업자,1년미만,2년미만,3년미만,5년미만,7년미만,10년미만",행사ㆍ네트워크,20260713,20260729,,,온라인 접수: www.gsp.or.kr/supportProject/UVSD0001.do?sportSeq=6310,https://www.k-startup.go.kr/web/contents/bizpbanc-ongoing.do?schM=view&pbancSn=178532,main,primary,2026경기스타트업서밋investconnect2차참가기업모집,공공기관,20260713~20260729,행사ㆍ네트워크,행사ㆍ네트워크
kst,178531,2026년 광주투자액셀러레이팅 G-IN Next Level 13기 참여기업 모집공고,지역 내 우수한 스타트업을 발굴하여 지속 성장할 수 있도록 액셀러레이팅 프로그램을 제공하고자 하오니 기업의 많은 참여 바랍니다.,창업,공공기관,전남광주,"청소년,대학생,일반인,대학,연구기관,일반기업,1인 창조기업","기업,누구나,청년,초기창업기업","만 20세 미만,만 20세 이상 ~ 만 39세 이하,만 40세 이상",,,"1.전남광주통합특별시 본사 소재 7년이내 창업기업
2.직전연도 매출이 20억 미만인 기업

지역 외 기업 제외",,"1년미만,2년미만,3년미만,5년미만,7년미만,10년미만",사업화,20260709,20260806,,,이메일 접수: 공고문 확인 필요,https://www.k-startup.go.kr/web/contents/bizpbanc-ongoing.do?schM=view&pbancSn=178531,main,primary,2026년광주투자액셀러레이팅ginnextlevel13기참여기업모집공고,공공기관,20260709~20260806,사업화,사업화
kst,178530,"[스터디/강의 무료 제공] 임팩트 스타트업 성장 방법과 경로 (총 3회, 성수동)",“임팩트 스타트업의 성장 방법'이 궁금한 1인 창업가(초기)와 대학생 우선 모집 합니다.,교육/멘토링,민간,전국,"청소년,대학생,일반인,대학,연구기관,일반기업,1인 창조기업","기업,누구나,스타트업,청년,초기창업기업","만 20세 미만,만 20세 이상 ~ 만 39세 이하,만 40세 이상",,,"임팩트 비즈니스와 성장 방법에 대해 함께 스터디 하고 싶은 1인 창업가(초기)와 대학생,  KT&G 상상플래닛 입주사",,"예비창업자,1년미만,2년미만,3년미만,5년미만,7년미만,10년미만",멘토링ㆍ컨설팅ㆍ교육,20260713,20260726,,,온라인 접수: https://www.impactcircle.co.kr/community/board/6a54427e0d576eac226cc5cb,https://www.k-startup.go.kr/web/contents/bizpbanc-ongoing.do?schM=view&pbancSn=178530,main,primary,스터디강의무료제공임팩트스타트업성장방법과경로총3회성수동,민간,20260713~20260726,멘토링ㆍ컨설팅ㆍ교육,멘토링ㆍ컨설팅ㆍ교육
kst,178529,"[KT&G 상상플래닛] 임팩트 조직 x 개발자 1:1 매칭 밋업 (8/4, 성수동)","뚜렷한 소셜 미션이 있지만 기술 및 인적 한계로 서비스 구현에 어려움을 겪는 임팩트 조직과,
의미 있는 비전을 찾는 개발자가 만나 AI 매칭을 통해 실제 협업의 가능성을 찾는 네트워킹 밋업 입니다.",행사/네트워크,교육기관,전국,"청소년,대학생,일반인,대학,연구기관,일반기업,1인 창조기업","기업,누구나,청년,초기창업기업","만 20세 미만,만 20세 이상 ~ 만 39세 이하,만 40세 이상",,,"사회혁신가(소셜벤처, 비영리 스타트업, 중간지원조직 등) 및 개발자 각 15명씩 (선착순)",,"예비창업자,1년미만,2년미만,3년미만,5년미만,7년미만,10년미만",행사ㆍ네트워크,20260713,20260802,,,온라인 접수: https://naver.me/xM5OFXe7,https://www.k-startup.go.kr/web/contents/bizpbanc-ongoing.do?schM=view&pbancSn=178529,main,primary,ktg상상플래닛임팩트조직x개발자11매칭밋업84성수동,교육기관,20260713~20260802,행사ㆍ네트워크,행사ㆍ네트워크
kst,178527,창업보육센터 지원,안양대학교 창업보육센터에서는 우수한 기술 및 아이디어를 보유한 초기창업기업 및 예비창업자의 발굴·육성을 위하여 다음과 같이 입주기업을 모집하오니 많은 신청 바랍니다.,시설/공간,교육기관,경기도,"대학생,일반인,일반기업,1인 창조기업","기업,누구나,예비창업자,청년,초기창업기업","만 20세 이상 ~ 만 39세 이하,만 40세 이상",,,"￭ 예비창업자(입주 후 6개월 이내 사업자 등록이 가능한 자)
￭ 창업 7년 미만 창업자(개인 또는 법인사업자)
￭ 입주 후 사업장 본점 소재지를 본교 창업보육센터로 이전 가능한 자
￭ 초기창업기업(3년 미만 창업자) 우대
￭ 벤처기업, 장애인기업, 사회적기업, 여성기업, 제대군인 기업 우대
￭ ICT 융합, AI·AX 관련 분야 우대
￭ 본교 학생 창업 또는 교원 창업자 우대

￭ 중소기업창업지원법시행령 제4조에서 정하는 지원 제외 업종
(숙박 및 음식점업, 금융 및 보험업, 부동산업, 기타 개인 서비스업 등)
￭ 금융기관으로부터 불량거래자로 규제 중인 자
￭ 폐수, 소음, 진동 등 공해 다발 업종
￭ 기타 지원사업 목적에 부적합하다고 인정되는 경우",,"예비창업자,1년미만,2년미만,3년미만,5년미만,7년미만",시설ㆍ공간ㆍ보육,20260715,20261231,,,이메일 접수: 공고문 확인 필요,https://www.k-startup.go.kr/web/contents/bizpbanc-ongoing.do?schM=view&pbancSn=178527,main,primary,창업보육센터지원,교육기관,20260715~20261231,시설ㆍ공간ㆍ보육,시설ㆍ공간ㆍ보육
kst,178526,2026년 투자유치 역량강화 지원사업 참여기업 모집공고,"달구벌여성인력개발센터에서는 대구지역 내 여성기업을 대상으로 실질적인 투자유치 기회를 제공함으로써 투자유치 성공률 제고 및 자금애로 해소지원을 위한 참여기업을 아래와 같이 모집하오니, 지역 내 여성창업자들의 많은 관심과 참여 부탁드립니다.",교육/멘토링,민간,대구광역시,"대학생,일반인,일반기업,1인 창조기업","기업,누구나,청년,초기창업기업","만 20세 미만,만 20세 이상 ~ 만 39세 이하,만 40세 이상",,,지역 내 법인창업 여성기업(업력무관),,"1년미만,2년미만,3년미만,5년미만,7년미만,10년미만",멘토링ㆍ컨설팅ㆍ교육,20260710,20260828,,,"온라인 접수: https://w-startup.daegu.go.kr/business/320
이메일 접수: 공고문 확인 필요",https://www.k-startup.go.kr/web/contents/bizpbanc-ongoing.do?schM=view&pbancSn=178526,main,primary,2026년투자유치역량강화지원사업참여기업모집공고,민간,20260710~20260828,멘토링ㆍ컨설팅ㆍ교육,멘토링ㆍ컨설팅ㆍ교육
kst,178525,청년 창업아카데미(G-Space@East) 운영,경상남도와 양산시가 설립하고 경남창조경제혁신센터에서 운영하는 경상남도 동부권 스타트업지원 거점센터“G-Space@East”에서 성장가능성 있는 유망 스타트업을 대상으로 입주 희망 기업을 모집 하오니 역량 있는 창업자의 많은 신청 바랍니다.,시설/공간,공공기관,전국,"일반인,대학,1인 창조기업","누구나,청년,초기창업기업","만 20세 이상 ~ 만 39세 이하,만 40세 이상",,,"업력 7년 이내 (예비) 창업기업

공고문 참조",,7년미만,시설ㆍ공간ㆍ보육,20260713,20260729,,,온라인 접수: http://www.gnstartup.kr/business/8339db24-725a-45bc-baf9-d778adc7b0d8/10740/detail,https://www.k-startup.go.kr/web/contents/bizpbanc-ongoing.do?schM=view&pbancSn=178525,main,primary,청년창업아카데미gspaceeast운영,공공기관,20260713~20260729,시설ㆍ공간ㆍ보육,시설ㆍ공간ㆍ보육
kst,178524,서초창업스테이션 운영 사업,서초창업스테이션에서는 수익구조를 만드는 BM 설계 & 초기 창업팀을 위한 조직관리 분야의 컨설팅 참여자를 모집 중이니 많은 참여 바랍니다.,시설/공간,민간,서울특별시,"일반인,대학,연구기관,일반기업,1인 창조기업","기업,누구나,초기창업기업","만 20세 미만,만 20세 이상 ~ 만 39세 이하,만 40세 이상",,,서초창업스테이션 멤버십 회원인 (예비)창업자 중 컨설팅 희망자,,"예비창업자,1년미만,2년미만,3년미만,5년미만,10년미만",시설ㆍ공간ㆍ보육,20260713,20260722,,,온라인 접수: https://www.xn--2i4bieu3bszgvtc6wlunby2r.com/sub_program/operate_view.php?idx=50,https://www.k-startup.go.kr/web/contents/bizpbanc-ongoing.do?schM=view&pbancSn=178524,main,primary,서초창업스테이션운영사업,민간,20260713~20260722,시설ㆍ공간ㆍ보육,시설ㆍ공간ㆍ보육
kst,178523,서초창업스테이션 운영 사업,서초창업스테이션에서는 비즈니스 프레젠테이션 스킬 및 자료 제작의 주제로 7월 창업 교육을 진행합니다.,시설/공간,민간,서울특별시,"대학생,일반인,대학,연구기관,일반기업,1인 창조기업","기업,누구나,청년,초기창업기업","만 20세 미만,만 20세 이상 ~ 만 39세 이하,만 40세 이상",,,"센터 멤버십 회원, 해당 교육 희망자",,"예비창업자,1년미만,2년미만,3년미만,5년미만,7년미만",시설ㆍ공간ㆍ보육,20260713,20260728,,,온라인 접수: https://www.xn--2i4bieu3bszgvtc6wlunby2r.com/sub_program/operate_view.php?idx=51,https://www.k-startup.go.kr/web/contents/bizpbanc-ongoing.do?schM=view&pbancSn=178523,main,primary,서초창업스테이션운영사업,민간,20260713~20260728,시설ㆍ공간ㆍ보육,시설ㆍ공간ㆍ보육
kst,178522,충청권 엔젤투자 허브 운영지원,"『충청권 엔젤투자 피칭룸』은 한국엔젤투자협회에서 충청 소재(대전·세종·충남·충북)의 스타트업의 투자유치를 지원하는 투자 상담 프로그램입니다.
 투자유치에 관심 있으신 충청 소재 스타트업 대표님들의 많은 관심과 참여 부탁드립니다.",교육/멘토링,민간,대전광역시,"일반인,대학,연구기관,일반기업,1인 창조기업","기업,누구나,초기창업기업","만 20세 이상 ~ 만 39세 이하,만 40세 이상",,,"대전/세종/충남/충북에 소재하는 기업
※ 연구소 및 지사가 충청권에 해당하는 경우 신청이 가능합니다.
※ 다양한 기업의 수혜를 위하여, 동일 기업은 반기별 1회 신청 가능합니다.",,"예비창업자,1년미만,2년미만,3년미만,5년미만,7년미만",멘토링ㆍ컨설팅ㆍ교육,20260713,20260724,,,온라인 접수: https://www.kban.or.kr/jsp/ext/mrt/angelTalkTalk.jsp,https://www.k-startup.go.kr/web/contents/bizpbanc-ongoing.do?schM=view&pbancSn=178522,main,primary,충청권엔젤투자허브운영지원,민간,20260713~20260724,멘토링ㆍ컨설팅ㆍ교육,멘토링ㆍ컨설팅ㆍ교육
kst,178521,고려대기술지주(주) 판교인큐베이팅센터 입주기업 모집공고,"고려대학교기술지주는 판교지역에 신규 보육공간을 확보하고, 우수 기업의 입주 및 성장을 지원하고자 입주기업을 모집합니다.
입주기업에는 공간 제공과 더불어 창업·사업화·투자연계 등 고려대학교기술지주의 보육 역량을 활용한 성장 지원이 제공될 예정이오니, 관심 있는 기업의 많은 신청 바랍니다.",시설/공간,민간,경기도,일반기업,기업,"만 20세 미만,만 20세 이상 ~ 만 39세 이하,만 40세 이상",,,"공고일 기준 사업자등록이 되어 있으며, 설립 7년 이내의 개인사업자 또는 법인사업자
- 우대사항 : TIPS(민간투자주도형 기술창업지원사업) 선정 기업",,7년미만,시설ㆍ공간ㆍ보육,20260713,20260724,,,이메일 접수: 공고문 확인 필요,https://www.k-startup.go.kr/web/contents/bizpbanc-ongoing.do?schM=view&pbancSn=178521,main,primary,고려대기술지주주판교인큐베이팅센터입주기업모집공고,민간,20260713~20260724,시설ㆍ공간ㆍ보육,시설ㆍ공간ㆍ보육
kst,178520,2026 안산 스타트업 청년창업 경진대회,"청년창업 경진대회, 토크콘서트, AI 특별강연, 원데이클래스, 투자상담 등이 진행됩니다. 창업에 관심 있는 대학생과 청년 여러분의 많은 참여 바랍니다.",창업,지자체,경기도,"대학생,일반인,대학,일반기업,1인 창조기업","기업,누구나,스타트업,청년,초기창업기업","만 20세 이상 ~ 만 39세 이하,만 40세 이상",,,창업에 관심있는 누구나,,"예비창업자,1년미만,2년미만,3년미만,5년미만,7년미만,10년미만",창업교육,20260619,20260724,,,온라인 접수: event-us.kr/BtHSTpOsQpdi/event/128708,https://www.k-startup.go.kr/web/contents/bizpbanc-ongoing.do?schM=view&pbancSn=178520,main,primary,2026안산스타트업청년창업경진대회,지자체,20260619~20260724,창업교육,창업교육
kst,178519,[강원창조경제혁신센터] 2026년 창업BuS 강원브릿지 화요IR 참여기업 모집(7~8월),(재)강원창조경제혁신센터에서는 유망 혁신 창업기업의 연중 상시 발굴과 맞춤형 성장 지원을 위한 창업-BuS(Build up Strategy for Start-ups) 프로그램*「강원브릿지 화요IR」참여기업을 아래와 같이 모집하오니 창업기업들의 많은 참여바랍니다.,자금,공공기관,강원특별자치도,"청소년,대학생,일반인,대학,연구기관,일반기업,1인 창조기업","기업,누구나,청년,초기창업기업","만 20세 미만,만 20세 이상 ~ 만 39세 이하,만 40세 이상",,,"업력 7년 미만 창업기업
- 중점분야: 바이오·헬스, AI·빅데이터
- 우대분야: 강원 7대 전략산업(바이오·헬스/반도체/미래에너지/미래모빌리티/방위산업/기후테크/푸드테크)

☞ 금융기관 등으로부터 채무불이행으로 규제 중인 자(기업)
☞ 국세 또는 지방세 체납으로 규제 중인 자(기업)
☞ 중소벤처기업부 등 정부지원사업 참여 제한 등 제재 중인 자(기업)
☞ 중소기업창업 지원법 시행령 제4조의 업종을 영위하고 있는 자(기업)
☞ 신청일 기준 동 사업에 신청하는 사업자 휴·폐업 중인 자(기업)
☞ 고용노동부가 공개하는 체불 사업주 명단에 포함된 자(기업)
☞ 기타 주관기관이 참여 제한의 사유가 있다고 인정하는 자(기업)",,"예비창업자,1년미만,2년미만,3년미만,5년미만,7년미만",정책자금,20260710,20260831,,,온라인 접수: https://forms.gle/qcfXnpEotChjWBYv9,https://www.k-startup.go.kr/web/contents/bizpbanc-ongoing.do?schM=view&pbancSn=178519,main,primary,강원창조경제혁신센터2026년창업bus강원브릿지화요ir참여기업모집78월,공공기관,20260710~20260831,정책자금,정책자금
kst,178516,민관협력 오픈이노베이션 지원사업,방산분야 신기술 적용 수요가 있는 군 및 수요기업과 창업기업 간 협력을 통한 동반 성장 지원을 위해 「민관협력 오픈이노베이션 지원」2026년 제2차 방산 스타트업 챌린지(모두의 챌린지-방산) 협업 과제 수행에 참여할 창업기업을 다음과 같이 모집합니다.,행사/네트워크,공공기관,전국,"청소년,대학생,일반인,대학,연구기관,일반기업,1인 창조기업","기업,누구나,청년,초기창업기업","만 20세 미만,만 20세 이상 ~ 만 39세 이하,만 40세 이상",,,"모집공고일 기준 창업 7년 이내 창업기업
※신산업 분야에 해당하는 창업기업은 10년 이내, 상세내용은 공고문 내 '신청 자격' 확인

상세내용은 공고문 내 '신청 제외 대상', '신청 시 유의 사항' 확인",,"1년미만,2년미만,3년미만,5년미만,7년미만,10년미만",행사ㆍ네트워크,20260716,20260804,,,온라인 접수: https://www.k-startup.go.kr/web/contents/webPMSBizUnvs.do?returnUrl=/screen/BMO0101M01?pbancId=0679501,https://www.k-startup.go.kr/web/contents/bizpbanc-ongoing.do?schM=view&pbancSn=178516,main,primary,민관협력오픈이노베이션지원사업,공공기관,20260716~20260804,행사ㆍ네트워크,행사ㆍ네트워크
kst,178515,2026년 5회차 지식재산 무료 초청교육 수요조사,"한국특허정보원은 개인, 소기업등 지식재산 정보가 필요한 다양한 계층을 대상으로 지식재산권과 관련된 폭넓은 교육기회를 제공하고자 「지식재산권 무료초청 교육」을 개최하오니, 관심있는 분들의 많은 참여를 부탁드립니다.",창업,공공기관,전국,"청소년,대학생,일반인,대학,연구기관,일반기업,1인 창조기업","기업,누구나,청년,초기창업기업","만 20세 미만,만 20세 이상 ~ 만 39세 이하,만 40세 이상",,,"지식재산교육이 필요한 개인 신청자
(5인 미만 기업의 경우 개인 자격으로만 신청이 가능합니다)",,"예비창업자,1년미만,2년미만,3년미만,5년미만,7년미만,10년미만",창업교육,20260713,20260803,,,온라인 접수: https://m.site.naver.com/2c7D5,https://www.k-startup.go.kr/web/contents/bizpbanc-ongoing.do?schM=view&pbancSn=178515,main,primary,2026년5회차지식재산무료초청교육수요조사,공공기관,20260713~20260803,창업교육,창업교육
kst,178514,2026 LG생활건강 Beauty Tech Greennovation 스타트업 모집공고,"LG 생활건강과 함께 화장품·뷰티 산업의 새로운 소재와 기술로
세상을 바꿀 유망 스타트업을 찾습니다. 
? LG Beauty Tech Greennovation 프로그램 소개
본 프로그램은 농식품 기반 소재·기술을 보유한 스타트업을 발굴하여 LG생활건강 연구소와의 기술 검토 및 PoC(개념검증)를 지원하는 오픈이노베이션 프로그램입니다. LG생활건강, 한국농업기술진흥원, 운영사무국(에이씨엔디씨)이 함께 운영하며, 선정 기업에게는 PoC 자금 지원 및 사업화 연계 기회를 제공합니다. 
LG 생활건강과 기술/사업화 협업(PoC) 연계를 비롯하여 ▲투자검토 ▲전문가 멘토링 등을 통해 기업의 실질적인 사업 연계(PoC)를 적극 지원할 예정이니 스타트업의 많은 관심과 지원 부탁 드립니다.",창업,공공기관,전국,"청소년,대학생,일반인,대학,연구기관,일반기업,1인 창조기업","기업,누구나,스타트업,청년,초기창업기업","만 20세 미만,만 20세 이상 ~ 만 39세 이하,만 40세 이상",,,"✅ 농식품 유래 소재·성분·기술을 보유한 스타트업
 ✅ 선정시 즉시 LG 생활건강과 오픈이노베이션(PoC) 논의가 가능한 제품/솔루션을 보유한 스타트업 
 ✅ 선정시 &apos;프로그램 전 일정 및 파이널 데모데이(12월 중) 참여 가능 스타트업 *대표자 필참
 ☑️ 모집분야 : LG생활건강이 제시하는 6개 과제 분야를 중심으로 모집, 중복 선택 지원 가능(세부 과제 내용은 공고 포스터 및 신청링크 참조)",,"예비창업자,1년미만,2년미만,3년미만,5년미만,7년미만,10년미만",사업화,20260713,20260803,,,온라인 접수: https://forms.gle/AJvFAtcTMcKueHrR8,https://www.k-startup.go.kr/web/contents/bizpbanc-ongoing.do?schM=view&pbancSn=178514,main,primary,2026lg생활건강beautytechgreennovation스타트업모집공고,공공기관,20260713~20260803,사업화,사업화
kst,178513,2026 산업전문인력 AI역량강화 지원사업,글로벌 공공조달·수출 분야의 AI 활용 역량을 강화하고 디지털 전환을 지원하기 위한 「2026 산업전문인력 AI역량강화 지원사업」 교육과정에 참여할 기업및 재직자를 다음과 같이 모집합니다.,교육/멘토링,민간,전국,일반기업,기업,"만 20세 이상 ~ 만 39세 이하,만 40세 이상",,,AI 도입 및 디지털 전환을 추진하는 실무자 및 중간 관리자급 재직자,,"1년미만,2년미만,3년미만,5년미만,7년미만,10년미만",멘토링ㆍ컨설팅ㆍ교육,20260710,20260818,,,온라인 접수: https://challvion.ai/course/%ec%9e%ac%ec%a7%81%ec%9e%90%ea%b3%bc%ec%a0%95-%ea%b8%80%eb%a1%9c%eb%b2%8c-%ed%8a%b9%ed%97%88-%eb%b6%84%ec%84%9d-%eb%b0%8f-%ec%a7%80%ec%8b%9d%ec%9e%ac%ec%82%b0%ea%b6%8c-%ec%9a%b0%ed%9a%8c%c2%b7/,https://www.k-startup.go.kr/web/contents/bizpbanc-ongoing.do?schM=view&pbancSn=178513,main,primary,2026산업전문인력ai역량강화지원사업,민간,20260710~20260818,멘토링ㆍ컨설팅ㆍ교육,멘토링ㆍ컨설팅ㆍ교육
kst,178512,dcamp startup OI #지역실증 스타트업 모집,"지역에서 검증하고, 공공시장에서 성장할 우수 특허 스타트업을 모집합니다.
디캠프는 전국창조경제혁신센터, 서울창업허브(SBA), 지식재산처, 조달청과 함께 startup OI #지역실증을 개최합니다.
이번 프로그램은 지역 기관과 스타트업이 한자리에 모여 각 지역의 현안 해결과 공공서비스 혁신을 위한 협력 방안을 논의하는 자리입니다.
선정된 스타트업은 지역 실증 제안 고도화, 현장 미팅, 피칭 이벤트 등을 통해 실제 도입 가능성과 공공시장 진입 가능성을 검토하게 됩니다.
관광, AX/DX, 양자기술, 뷰티·바이오 등 지역별 실증 수요에 맞는 기술과 솔루션을 보유한 스타트업이라면 이번 기회를 놓치지 마세요.",교육/멘토링,민간,전국,"연구기관,일반기업,1인 창조기업","기업,스타트업,초기창업기업","만 20세 이상 ~ 만 39세 이하,만 40세 이상",,,"지역 현장 실증을 통해 협력·도입 가능성을 검증하고자 하는 초기 단계 스타트업
- 올해 출장, 미팅 등을 통해 협력·도입 수요를 실제 확인할 수 있는 스타트업
- 협력·도입 제안의 구체성과 실현 가능성을 갖춘 스타트업
- Seed ~ Series A 단계의 초기 스타트업
- 지식재산권을 출원 또는 보유한 스타트업 우대
- 공공조달 프로세스, 혁신제품 등록 등 경험이 있는 스타트업 우대

※ 우대 사항보다 지역의 실증 수요와의 적합성을 최우선으로 고려합니다.

모집 분야
- 강원: 관광 /  경남: AX/DX / 대전: 관광, AX/DX / 부산: AX/DX / 전남: 양자기술, AX/DX / 제주: 뷰티, 바이오",,"예비창업자,1년미만,2년미만,3년미만,5년미만,7년미만,10년미만",멘토링ㆍ컨설팅ㆍ교육,20260706,20260731,,,온라인 접수: https://bit.ly/44n8E2d,https://www.k-startup.go.kr/web/contents/bizpbanc-ongoing.do?schM=view&pbancSn=178512,main,primary,dcampstartupoi지역실증스타트업모집,민간,20260706~20260731,멘토링ㆍ컨설팅ㆍ교육,멘토링ㆍ컨설팅ㆍ교육
kst,178511,2026년 대학연대 창업 네트워크 캠프,전국대학교에 있는 창업에 관심있는 유망한 개인 혹은 팀이 창업아이디어를 현실화할 수 있는 네트워크의 장을 마련해 드립니다.,행사/네트워크,민간,전국,대학생,청년,만 20세 이상 ~ 만 39세 이하,20,39,"전국 대학(원)생

신청대상 제외한 모든 대상",,"예비창업자,1년미만,2년미만,3년미만,5년미만,7년미만,10년미만",행사ㆍ네트워크,20260714,20260728,,,온라인 접수: https://forms.gle/kJFH1LuG5RsDcqce7,https://www.k-startup.go.kr/web/contents/bizpbanc-ongoing.do?schM=view&pbancSn=178511,main,primary,2026년대학연대창업네트워크캠프,민간,20260714~20260728,행사ㆍ네트워크,행사ㆍ네트워크
kst,178510,[강동구 청년해냄센터] 스타트업 영 그라운드 MVP 개발 해커톤 참가자 모집,강동구 청년해냄센터에서 스타트업 영 그라운드 MVP 개발 해커톤 참가자를 모집하오니 참여 희망자는 안내에 따라 신청하시기 바랍니다.,교육/멘토링,공공기관,서울특별시,"청소년,대학생,일반인,대학,연구기관,일반기업,1인 창조기업","기업,누구나,스타트업,청년,초기창업기업","만 20세 미만,만 20세 이상 ~ 만 39세 이하,만 40세 이상",,,"실전 창업 아이템 구현 및 창업 팀과의 협업에 관심 있는 누구나 (고등학생 이상의 청년)
- PM, UX/UI디자인, 개발 직군
- 개인 혹은 팀 단위로 신청 가능
- 최대 100명까지 참여 가능",,"예비창업자,1년미만,2년미만,3년미만,5년미만,7년미만,10년미만",멘토링ㆍ컨설팅ㆍ교육,20260710,20260730,,,온라인 접수: http://www.gdhaenaem.com/?c=168&s=&gp=1&gbn=viewok&ix=11474,https://www.k-startup.go.kr/web/contents/bizpbanc-ongoing.do?schM=view&pbancSn=178510,main,primary,강동구청년해냄센터스타트업영그라운드mvp개발해커톤참가자모집,공공기관,20260710~20260730,멘토링ㆍ컨설팅ㆍ교육,멘토링ㆍ컨설팅ㆍ교육
kst,178508,「2026년 대구콘텐츠기업지원센터 운영 사업(추경)」 콘텐츠 제작지원 사업 모집 공고,"(재)대구디지털혁신진흥원에서는 지역 콘텐츠 산업 활성화와 글로벌 시장진출 기반을 마련하고자 콘텐츠 제작지원사업을 추진하오니, 참여를 희망하는 기업의 많은 관심과 신청 바랍니다.",창업,공공기관,대구광역시,"일반기업,1인 창조기업","기업,초기창업기업","만 20세 미만,만 20세 이상 ~ 만 39세 이하,만 40세 이상",,,"· 공고 시작일 기준 본사가 대구광역시에 소재한 문화콘텐츠 기업(개인/법인)
· 「중소기업기본법」 제2조에 따른 중소기업
· 기관·대학·기업 등 컨소시엄 및 협동조합은 지원 불가

세부내용 붙임. 공고문 참조",,"예비창업자,1년미만,2년미만,3년미만,5년미만,7년미만,10년미만",사업화,20260710,20260721,,,기타 접수: e나라도움 시스템 내 등록,https://www.k-startup.go.kr/web/contents/bizpbanc-ongoing.do?schM=view&pbancSn=178508,main,primary,2026년대구콘텐츠기업지원센터운영사업추경콘텐츠제작지원사업모집공고,공공기관,20260710~20260721,사업화,사업화
kst,178507,[청년창업지원센터 상주올래] 2026 입주기업 모집,"상주올래는 상주 지역 내 청년 창업기업의 안정적인 성장과 사업화를 종합적으로 지원하기 위해 상주시가 설립하고, ㈜한국능률협회컨설팅이 운영하고 있습니다. 상주올래와 함께 성장하며 지역 창업생태계에 새로운 활력을 더할 우수 입주기업을 다음과 같이 모집하오니, 역량 있는 청년 창업기업의 많은 관심과 신청 바랍니다.",시설/공간,민간,전국,"대학생,일반인,대학,연구기관,일반기업,1인 창조기업","기업,누구나,예비창업자,청년,초기창업기업","만 20세 미만,만 20세 이상 ~ 만 39세 이하,만 40세 이상",,,"전국 19세 이상 45세 이하 2026. 7. 7.(화) 기준, 사업 개시일로부터 7년이 지나지 아니한* 기업/예비창업자 *2019. 7. 8. 이후 사업을 개시한 창업기업
· 예비창업자의 경우 입주 후 3개월 이내 사업자등록이 가능한 자 
· 기 창업자는 신청일 기준 사업자등록이 완료되어야 하며, 사업장 소재지의 제한 없음
· 최종선정 기업은 입주개시일 기준 30일 이내에 본점 또는 지점의 주소지를 청년창업지원센터 상주올래 입주공간으로 이전해야 함 ※단, 해외기업․기업부설연구소의 경우 입주계약체결일로부터 3개월 이내에 이전등록을 완료
· 지원제외 대상 : 중소기업창업 지원법 시행령 준용(6p 지원제외대상 참고) 
· 국가, 지방자치단체, 공공기관의 창업지원시설에 중복입주 불가 
· 최종 선정된 기업은 상주올래와 타창업지원시설에 중복입주 불가(본점 및 지점 모두 포함)",,"예비창업자,1년미만,2년미만,3년미만,5년미만,7년미만",시설ㆍ공간ㆍ보육,20260707,20260721,,,온라인 접수: https://www.sangjuolleh.kr/,https://www.k-startup.go.kr/web/contents/bizpbanc-ongoing.do?schM=view&pbancSn=178507,main,primary,청년창업지원센터상주올래2026입주기업모집,민간,20260707~20260721,시설ㆍ공간ㆍ보육,시설ㆍ공간ㆍ보육
kst,178505,지역창업특화지원(여성특화 1인 창조기업 지원센터) '난 혼자 사업한다(1차)' 교육 참가자 모집,"분야별 창업 전문가의 교육을 통해 여성 1인 창조기업 지원센터 (예비)입주·졸업기업의 역량강화 및 전문성 함양 등 초기창업 기업의 성장기반 구축 도모
(여성벤처&스타트업의 효율과 성과를 높이는 AI Agent 기반 업무자동화 및 마케팅 전략 교육)",창업,민간,전국,"청소년,대학생,일반인,대학,연구기관,일반기업,1인 창조기업","기업,누구나,여성,예비창업자,청년,초기창업기업","만 20세 미만,만 20세 이상 ~ 만 39세 이하,만 40세 이상",,,"여성벤처 CEO, 스타트업, 예비창업자, 여성 1인창조 입주 및 졸업기업 등",,"예비창업자,1년미만,2년미만,3년미만,5년미만,7년미만,10년미만",창업교육,20260715,20260824,,,온라인 접수: https://forms.gle/wtRtNGo2cCSRGRQ68,https://www.k-startup.go.kr/web/contents/bizpbanc-ongoing.do?schM=view&pbancSn=178505,main,primary,지역창업특화지원여성특화1인창조기업지원센터난혼자사업한다1차교육참가자모집,민간,20260715~20260824,창업교육,창업교육
kst,178503,2026년 WEROUND 스타트업  서바이벌(교육) - IR자료 고도화 및 피칭전략 강화,"스타트업 서바이벌 (교육) - IR자료 고도화 및 피칭전략 강화 프로그램을 아래와 같이 공고하오니, 관심있는 기업들의 많은 신청 바랍니다.",창업,교육기관,전국,"대학생,일반인,대학,연구기관,일반기업,1인 창조기업","기업,누구나,스타트업,예비창업자,청년,초기창업기업","만 20세 미만,만 20세 이상 ~ 만 39세 이하,만 40세 이상",,,"예비창업자  ~ 창업 7년 이내  스타트업 
※ 신산업 창업 분야에 관한 규정 제3조 1항에 따라 신산업 창업 분야는 창업 10년 이내",,"예비창업자,1년미만,2년미만,3년미만,5년미만,7년미만",창업교육,20260710,20260720,,,온라인 접수: https://forms.gle/svPBjMgTh1hvZicy8,https://www.k-startup.go.kr/web/contents/bizpbanc-ongoing.do?schM=view&pbancSn=178503,main,primary,2026년weround스타트업서바이벌교육ir자료고도화및피칭전략강화,교육기관,20260710~20260720,창업교육,창업교육
kst,178502,창업보육센터 운영지원,단국대학교 창업보육센터에서는 성장과 발전을 함께 도모할 창업기업을 발굴 및 육성하기 위해 신규 입주기업을 다음과 같이 모집하오니 많은 참여바랍니다.,시설/공간,교육기관,경기도,일반인,누구나,"만 20세 미만,만 20세 이상 ~ 만 39세 이하,만 40세 이상",,,"- 창업 후 5년 이내 기술창업기업
  - 본사입주가 가능한 기업을 원칙으로 하며, 연구소 입주는 아래조건을 충족하는 경우에 한함.
  - 우수한 기술을 보유하고 산학협력을 통해 성장할 가능성이 높은 기업
  - IT분야 기업 및 우수기술 보유기업 우대
  ※ 연구소 또는 연구개발전담부서만 입주하는 경우에는 단국대학교 시설 활용이나 공동연구개발 목적이 확인되어야 하며, 본사는 다른 정부·지자체 지원공간에 입주하고 있지 않아야 합니다

* 신청 제외
① 폐수, 매연, 소음, 진동 등 공해유발 업종   
② 세금체납 및 금융기관 신용불량 거래자  
③ 도‧소매기업      
④ 의료기기 판매업신고 및 식품영업허가 업종
⑤ 중소기업 창업지원법 시행령 제4조 창업제외 업종",,"1년미만,2년미만,3년미만,5년미만",시설ㆍ공간ㆍ보육,20260710,20260721,,,이메일 접수: 공고문 확인 필요,https://www.k-startup.go.kr/web/contents/bizpbanc-ongoing.do?schM=view&pbancSn=178502,main,primary,창업보육센터운영지원,교육기관,20260710~20260721,시설ㆍ공간ㆍ보육,시설ㆍ공간ㆍ보육
kst,178501,2026 창조경제혁신센터 공동 Open Innovation 프로그램,"창조경제혁신센터에서 7월 13일(월)부터 8월 7일(금까지)
공동 Open Innovation 프로그램을 개최합니다.
우수 스타트업 대표자 및 담당자분들의 많은 관심 부탁 드립니다.",행사/네트워크,공공기관,전국,"청소년,대학생,일반인,대학,연구기관,일반기업,1인 창조기업","기업,누구나,청년,초기창업기업","만 20세 미만,만 20세 이상 ~ 만 39세 이하,만 40세 이상",,,"- 더존비즈온: B2B Tech  플랫폼, AI, 빅데이터, 스마트팩토리, 핀테크, Web3/메타버스
- 두산에너빌리티: 전 사업분야
- SK텔레콤: AI, AI연계/활용
- LS일렉트릭: Energy + AI/빅데이터, 데이터센터 솔루션, ESS, 기후대응/신재생에너지, 생성형 AI, 제조 AI
- 삼성물산: 웰니스 솔루션, 시니어 리빙 솔루션, 홈플랫폼 솔루션, 로봇 솔루션, 에듀 솔루션
- 호반건설: 스마트 시티, 스마트 제조, 숙박/레저/유통, 신사업
- HD현대삼호: AI/빅데이터, 친환경/에너지, 로봇, 안전
- HS효성/효성: 탄소소재, 첨단소재, IT/서비스 핀테크/모바일 서비스, 소부장/딥테크/에너지분야 등 투자
- 컨텍: 위성영상처리",,"예비창업자,1년미만,2년미만,3년미만,5년미만,7년미만,10년미만",행사ㆍ네트워크,20260713,20260807,,,온라인 접수: https://scceioi.kr/2026/cceioi/,https://www.k-startup.go.kr/web/contents/bizpbanc-ongoing.do?schM=view&pbancSn=178501,main,primary,2026창조경제혁신센터공동openinnovation프로그램,공공기관,20260713~20260807,행사ㆍ네트워크,행사ㆍ네트워크
kst,178500,2026년 7월 전북 IR피칭 & 오피스아워 by KRYPTON 신청 접수,"크립톤에서 참여자 신청을 다음과 같이 공고합니다.
전북권 창업생태계 허브 전주에서 IR피칭 / 멘토링 / 투자검토의 오피스아워를 운영하오니
관심 있는 분들의 많은 참여 바랍니다.",교육/멘토링,민간,전북특별자치도,"청소년,대학생,일반인,대학,연구기관,일반기업,1인 창조기업","기업,누구나,청년,초기창업기업","만 20세 미만,만 20세 이상 ~ 만 39세 이하,만 40세 이상",,,전북권 소재 또는 전북권으로 이전을 희망하는 (예비)스타트업,,"예비창업자,1년미만,2년미만,3년미만,5년미만,7년미만,10년미만",멘토링ㆍ컨설팅ㆍ교육,20260709,20260714,,,온라인 접수: https://link24.kr/7x8ns4m,https://www.k-startup.go.kr/web/contents/bizpbanc-ongoing.do?schM=view&pbancSn=178500,main,primary,2026년7월전북ir피칭오피스아워bykrypton신청접수,민간,20260709~20260714,멘토링ㆍ컨설팅ㆍ교육,멘토링ㆍ컨설팅ㆍ교육
kst,178499,2026 아트코리아랩 입주기업 모집 공모,"문화체육관광부와 (재)예술경영지원센터는 예술기반 창의적이고 혁신적인 아이디어 발굴 및 지속 가능한 비즈니스 모델 창출을 위해 예술의 산업적 성장기반 조성을 위한 인큐베이팅 플랫폼, 의 입주기업을 모집합니다.",시설/공간,공공기관,전국,"일반기업,1인 창조기업","기업,초기창업기업","만 20세 이상 ~ 만 39세 이하,만 40세 이상",,,"공고일 기준 설립일로부터 만 10년 이내 예술X기술 융합 기업
* 문화예술의 창작물 또는 문화예술 용품을 산업 수단에 의하여 기획·제작·공연·전시·판매하는 기업
* ｢중소기업기본법｣ 제2조에 따른 중소기업 
* 개인사업자 또는 법인사업자",,10년미만,시설ㆍ공간ㆍ보육,20260709,20260730,,,온라인 접수: www.ncas.or.kr,https://www.k-startup.go.kr/web/contents/bizpbanc-ongoing.do?schM=view&pbancSn=178499,main,primary,2026아트코리아랩입주기업모집공모,공공기관,20260709~20260730,시설ㆍ공간ㆍ보육,시설ㆍ공간ㆍ보육
kst,178498,고속도로 무형자산 활용 사업화 지원사업,"중소기업의 혁신성장 및 한국도로공사의 자체 보유하고 있는 공공데이터, 특허의 활용 증진을 위해 
『고속도로 무형자산 활용 사업화 지원사업』공고를 시행하오니 중소기업의 많은 참여를 부탁드립니다.
 - 고속도로 무형자산 활용 사업화 지원사업(무료나눔 ex-특허 상용화R&D)
 - 고속도로 무형자산 활용 사업화 지원사업(공공데이터 활용 대국민 서비스 개선)",창업,공공기관,전국,일반기업,기업,"만 20세 미만,만 20세 이상 ~ 만 39세 이하,만 40세 이상",,,"중소기업기본법 제2조 제1항 제1호에 따른 중소기업(대기업, 중견기업 제외)",,"예비창업자,1년미만,2년미만,3년미만,5년미만,7년미만,10년미만",사업화,20260709,20260807,,,온라인 접수: https://market.ex.co.kr:5004,https://www.k-startup.go.kr/web/contents/bizpbanc-ongoing.do?schM=view&pbancSn=178498,main,primary,고속도로무형자산활용사업화지원사업,공공기관,20260709~20260807,사업화,사업화
kst,178497,2026 경기 스타트업 서밋(G-SUMMIT 2026) 전시부스 참가기업 모집,"유망 스타트업과 글로벌 투자자, 대기업, 창업 생태계를 연결하는 글로벌 스타트업 플랫폼 'G-SUMMIT' 참가기업을 모집합니다.",행사/네트워크,공공기관,경기도,"청소년,대학생,일반인,대학,연구기관,일반기업,1인 창조기업","기업,누구나,스타트업,청년,초기창업기업","만 20세 미만,만 20세 이상 ~ 만 39세 이하,만 40세 이상",,,설립 7년 이내 혁신 기술 스타트업(신산업분야 10년 이내),,"예비창업자,1년미만,2년미만,3년미만,5년미만,7년미만,10년미만",행사ㆍ네트워크,20260713,20260813,,,온라인 접수: https://g-startupsummit.or.kr/,https://www.k-startup.go.kr/web/contents/bizpbanc-ongoing.do?schM=view&pbancSn=178497,main,primary,2026경기스타트업서밋gsummit2026전시부스참가기업모집,공공기관,20260713~20260813,행사ㆍ네트워크,행사ㆍ네트워크
kst,178496,[코레일유통/본사] 제8차 청년창업 제휴사업자 모집공고,"코레일유통(주) 청년창업 지원사업에 따른 매장 운영자 모집공고를 시행하오니, 참여를 희망하는 예비창업자 및 청년창업자는 참여해 주시길 바랍니다.
■ 공고대상 매장 : 천안역 동부맞이방(커피/40.0㎡)
■ 접수방법 : 코레일유통(주) 홈페이지 https://www.korailretail.com - 파트너십 - 청년창업 지원안내/공고 - 청년창업 신규공고
■ 비고사항 : [붙임8] 청년창업 전자입찰프로세스 매뉴얼 확인 必",시설/공간,공공기관,전국,"대학생,일반인","누구나,예비창업자,청년",만 20세 이상 ~ 만 39세 이하,20,39,"1. 공고일 기준 만 18세 이상 39세 이하
2. 공고일 기준 사업자등록을 하지 않은 예비창업자 또는 창업 후 3년 이하인 ｢중소기업기본법｣ 제2조 2항에 따른 소기업을 영위하는 자
(대표자 연령 조건 충족해야 함)
3. 계약 체결 후 7일 이내 일반과세 사업자등록이 가능하고 시설투자 가능자
4. 프랜차이즈 미가맹 사업자로, 고유의 브랜드 및 레시피로 운영가능한 자

- 회사와 특수관계에 있는 자 또는 공공성 확보를 위해 다음에 해당하는 경우 참가를 제한
1. 코레일유통(주) 청년창업 지원매장 운영자로 선정된 자와 그 배우자 및 직계혈족
2. 코레일유통(주) 부정당업체로 지정된 업체(자)와 그 배우자 및 직계혈족
3. 기존 계약자(공고일 기준)
① 우리사 편의점 및 자판기 관련 계약 중이거나 과거 계약 이력이 있는 자와 그 배우자 및 직계혈족
② 우리사 상설전문점 운영 중이거나 과거 계약 이력이 있는 자와 그 배우자 및 직계혈족
4. 회사와 특수관계인 관련(공고일 기준)
① 모집시작일 기준 퇴직 후 2년이 경과 하지 않은 전직 임직원의 직계혈족
② 모집시작일 기준 한국철도공사 및 그 계열사에 재직 중인 임직원과 그 배우자 및 직계혈족
5. 공고일 현재 상업시설 운영 중인 자로 점포 수 확대를 목적으로 지원하는 자와 그 배우자 및 직계혈족",,"예비창업자,3년미만",시설ㆍ공간ㆍ보육,20260709,20260720,,,온라인 접수: www.korailretail.com,https://www.k-startup.go.kr/web/contents/bizpbanc-ongoing.do?schM=view&pbancSn=178496,main,primary,코레일유통본사제8차청년창업제휴사업자모집공고,공공기관,20260709~20260720,시설ㆍ공간ㆍ보육,시설ㆍ공간ㆍ보육
kst,178495,"제9회 대구 스타트업 오픈이노베이션  밋업데이(Meet-up Day) 참여 스타트업,  예비창업자(교원·연구자 등) 모집 공고","선도기업(대·중견·공기업)과 스타트업, 교원·연구자 간 실증·협업 과제 발굴을 지원하기 위해 「제9회 대구 스타트업 오픈이노베이션 밋업데이(Meet-up Day)」를 운영하고자 하오니, 
본 밋업에 관심 있는 스타트업의 많은 참여를 바랍니다.",행사/네트워크,공공기관,대구광역시,"대학,일반기업,1인 창조기업","기업,스타트업,예비창업자,초기창업기업","만 20세 미만,만 20세 이상 ~ 만 39세 이하,만 40세 이상",,,"① 업력 7년 이내 창업기업 * 신산업 분야는 업력 10년 이내까지 가능
② 경북대학교 소속 교원 및 연구원(예비창업자)",,"예비창업자,7년미만",행사ㆍ네트워크,20260702,20260715,,,온라인 접수: https://startup.daegu.go.kr/index.do?menu_id=00002552&menu_link=/front/project/projectFrontDetail.do?project_id=PROJECT_00004898,https://www.k-startup.go.kr/web/contents/bizpbanc-ongoing.do?schM=view&pbancSn=178495,main,primary,제9회대구스타트업오픈이노베이션밋업데이meetupday참여스타트업예비창업자교원연구자등모집공고,공공기관,20260702~20260715,행사ㆍ네트워크,행사ㆍ네트워크
kst,178494,2026년 제2차 대전 팁스타운 입주기업 모집 공고,지역 창업기업의 성장을 촉진하고 성공적인 창업을 지원하기 위해 조성한 「대전 팁스타운」에 입주할 창업기업을 다음과 같이 모집 공고합니다.,시설/공간,공공기관,대전광역시,"청소년,대학생,일반인,대학,연구기관,일반기업,1인 창조기업","기업,누구나,청년,초기창업기업","만 20세 미만,만 20세 이상 ~ 만 39세 이하,만 40세 이상",,,"「중소기업기본법」 제2조 제1호에 따른 중소기업의 대표자이자, 「중소기업창업 지원법 」동법 제2조 제2호부터 제2조 제3의2까지의 각 호의 정의에 따른 창업기업의 대표자로서 모집공고일(’26.7.10.) 기준 창업 7년 이내*인 자

* 신산업 분야([참고 2] 참조) 창업기업의 경우 업력 10년 이내까지 지원 가능

※ 자세한 내용은 공고문 p.4 참조

※ 법인과 대표자 모두 제외 사유에 해당하지 않아야 함(공고문 p.5 참조)

① 금융기관 등으로부터 채무불이행으로 규제 중인 자(기업)

② 국세 또는 지방세 체납 중인 자(기업)

③ 창업진흥원으로부터 발생한 환수금등의 반환이 종결되지 않은 자(기업)

④ 「중소기업창업 지원법 시행령」 제4조(창업에서 제외되는 업종)의 업종을 영위하고 있거나 영위하고자 하는 자(기업) ([붙임 3] 지원 제외 대상 업종 참조)

⑤ 중소벤처기업부 창업지원사업에 참여 제한으로 제재 중인 자

⑥ 신청일 기준 동 사업에 신청하는 사업자가 휴‧폐업 중인 자(기업)

⑦ 「근로기준법」에 따라 고용노동부가 공개하는 체불사업주 명단에 포함된 자(기업)

⑧ 「보조금 관리에 관한 법률」 제31조의2(보조사업 수행 배제 등)에 따라 수행대상에서 배제된 자(기업)

⑨ 기타 중소벤처기업부 장관이 참여를 제한할 정당한 사유가 있다고 인정하는 자(기업)",,"1년미만,2년미만,3년미만,5년미만,7년미만,10년미만",시설ㆍ공간ㆍ보육,20260710,20260722,,,온라인 접수: https://www.k-startup.go.kr/web/contents/webPMSBizUnvs.do?returnUrl=/screen/BMO0101M01?pbancId=0678601,https://www.k-startup.go.kr/web/contents/bizpbanc-ongoing.do?schM=view&pbancSn=178494,main,primary,2026년제2차대전팁스타운입주기업모집공고,공공기관,20260710~20260722,시설ㆍ공간ㆍ보육,시설ㆍ공간ㆍ보육
kst,178493,청년도약 인재양성 부트캠프,"국민대학교 글로벌창업벤처대학원 창업학과(참여: 경영대학 AI빅데이터융합경영학과)는 「청년도약 인재양성 부트캠프(실전인재형)」 교육생을 아래와 같이 모집합니다. 본 부트캠프는 일자리 밖 청년을 스타트업·벤처 생태계의 AX(AI 전환) 실무 인재로 양성하는 전액 무료 교육 프로그램입니다.
직무분야: 스타트업·벤처 생태계 실무 기획 및 운영(AX 기반)
참여기업: ㈜메인콘텐츠, ㈜인포뱅크, ㈜씨엔티테크, ㈜와이앤아처, 한국엔젤투자협회 등 1,285개사",창업,교육기관,서울특별시,"대학생,일반인","누구나,예비창업자,청년",만 20세 이상 ~ 만 39세 이하,20,39,"전공·지역 무관, 만 34세 이하 미취업 청년

□  취업준비생
□  예비창업자
□  장기 휴학생(1년 이상) 및 졸업 유예자

이런 분께 추천합니다
□ 재도전형: 창업 실패 경험을 커리어 자산으로 전환하고 싶은 청년
□ 직무전환형: 문과·비전공 출신으로 IT 진입 장벽을 넘고 싶은 청년
□ 스펙-실무 미스매치형: 스펙은 있지만 실무 경험이 부족한 청년",,"예비창업자,1년미만",창업교육,20260709,20260731,,,온라인 접수: https://axkookmin.com/,https://www.k-startup.go.kr/web/contents/bizpbanc-ongoing.do?schM=view&pbancSn=178493,main,primary,청년도약인재양성부트캠프,교육기관,20260709~20260731,창업교육,창업교육
kst,178492,2026년 하반기「하남스타트업캠퍼스·경기 AI 클러스터 하남」신규 입주자 모집 공고,하남도시공사는 스마트시티 구축과 4차 산업혁명 관련 산업 육성 및 창업 생태계 조성을 통해 건강도시 구현에 기여하고자 AI를 활용한 기술·서비스를 보유한 예비창업자 및 창업기업을 대상으로 하남스타트업캠퍼스·경기 AI 클러스터 하남 입주기업을 모집하오니 많은 관심과 참여 바랍니다.,시설/공간,공공기관,경기도,"청소년,대학생,일반인,대학,연구기관,일반기업,1인 창조기업","기업,누구나,스타트업,예비창업자,청년,초기창업기업","만 20세 미만,만 20세 이상 ~ 만 39세 이하,만 40세 이상",,,"스마트시티 구축과 4차 산업혁명 관련 산업 육성 및 창업 생태계      조성을 통해 건강도시 조성에 기여할 수 있는 AI를 활용한 기술·서비스를 보유한 예비창업자 및 창업기업
❍ 예비창업자 : 공고일 기준 사업자등록 및 법인 등록이 되어 있지 않은 자
❍ 창업기업 : 공고일 기준 창업 7년 이내 초기 창업기업
  - 개인사업자 : 공고일 기준 사업자등록증 상 개업연월일 기준
  - 법인사업자 : 법인등기부등본 상 회사 성립연월일 기준
  ※ 업력조건 : 공고일 기준(창업개시일 :‘19.07.06. ~?26.07.06. 이내 기업)
  ※ 신사업 창업 분야*에 관한 규정 제3조 1항 따라 신산업 창업 분야는 창업 10년 이내

다음 각 호 중 어느 하나에 해당하는 자(기업)
① 「중소기업창업 지원법 시행령」제4조(창업에서 제외되는 업종)의 업종을 영위하고 있거나 또는 영위하고자 하는 자(기업)

【자격 제외대상 업종】
일반유흥주점업, 무도유흥주점업, 기타 사행시설 관리 및 운영업, 그 밖에 경제질서 및 미풍양속에 현저히 어긋나는 업종으로서 중소벤처기업부령으로 정하는 업종

② 국세/지방세 및 4대보험 체납으로 규제중인 자(기업)
③ 금융기관 등으로부터 채무불이행으로 규제 중인 자(기업)
④ 신청일 기준 휴업 중인 기업",,"예비창업자,1년미만,2년미만,3년미만,5년미만,7년미만",시설ㆍ공간ㆍ보육,20260706,20260724,,,이메일 접수: 공고문 확인 필요,https://www.k-startup.go.kr/web/contents/bizpbanc-ongoing.do?schM=view&pbancSn=178492,main,primary,2026년하반기하남스타트업캠퍼스경기ai클러스터하남신규입주자모집공고,공공기관,20260706~20260724,시설ㆍ공간ㆍ보육,시설ㆍ공간ㆍ보육
kst,178491,바이오·메디컬 연구인프라 활용 지원사업,동국대학교 BMC창업보육센터에서는 바이오·메디컬 분야 기업의 연구개발 역량강화를 위하여「바이오·메디컬 연구인프라 활용 지원사업」을 아래와 같이 시행하오니 기업들의 많은 참여 바랍니다.,창업,교육기관,경기도,"일반인,일반기업,1인 창조기업","기업,누구나,초기창업기업","만 20세 이상 ~ 만 39세 이하,만 40세 이상",,,"- 바이오·메디컬 분야에서 혁신적인 기술 또는 아이디어를 기반으로 제품 을 생산하거나 서비스를 제공하는 기업
- 본사, 공장등록증, 기업부설연구소 인증서의 소재지가 경기도인 기업
- 공고일 기준 창업 10년 이내(2016. 7. 9. 이후 설립)기업
- 「중소기업기본법」 제2조의 규정에 의한 중소기업

- 본 사업에 신청한 내용과 동일한 내용으로 정부, 지자체 또는 유관기관 의 지원을 받은 경우
- 기업 또는 사업 책임자(대표자 포함)가 정부 지원사업 참여 제한 대상 인 경우
- 신청일 기준 국세 또는 지방세를 미납한 경우
- 동국대학교 BMC창업보육센터 입주기업 중 보육부담금을 미납한 경우
- 신청일 기준 휴·폐업 중이거나 자본잠식 상태인 기업
- 단순 생산·제조·유통 중심 기업, OEM·ODM 기반의 단순 위탁생산 기업 등 연구개발 활동이 수반되지 않는 기업
- 동국대학교 BMC창업보육센터장이 참여를 제한할 정당한 사유가 있다 고 인정하는 자 또는 기업",,"예비창업자,1년미만,2년미만,3년미만,5년미만,7년미만,10년미만",사업화,20260709,20260730,,,이메일 접수: 공고문 확인 필요,https://www.k-startup.go.kr/web/contents/bizpbanc-ongoing.do?schM=view&pbancSn=178491,main,primary,바이오메디컬연구인프라활용지원사업,교육기관,20260709~20260730,사업화,사업화
kst,178490,혁신창업 스타트업 아카데미,고양산업진흥원은 우수한 사업화 아이디어 및 사업 모델을 보유한 고양시 예비·초기 창업자를 발굴하고 육성하기 위해「2026년 혁신 창업 스타트업 챌린지 (StartRound)」참가자를 아래와 같이 모집하오니 관심 있는 고양시 예비 창업자 및 창업 기업의 많은 관심과 참여를 바랍니다.,교육/멘토링,공공기관,경기도,"대학생,일반인,대학,일반기업,1인 창조기업","기업,누구나,스타트업,청년,초기창업기업","만 20세 이상 ~ 만 39세 이하,만 40세 이상",,,"공고일 기준 예비 창업자 또는 고양시 소재 창업 7년 이내 기업으로서, 외부 투자 유치 이력이 없는 기업(팀)

가. 진흥원과의 협약 및 계약 위반 등으로 참여 제한 조치 중인 기업 
  나. 국세 또는 지방세를 체납 중인 자 및 휴업 중인 자  
  다. 금융기관 등으로부터 채무불이행으로 규제 중인 자   
  라.「중소기업창업 지원법」시행령 제4조(창업에서 제외되는 업종)의 업종을 영위하고자 하는 자
  마. 기타 진흥원장이 참여 제한의 사유가 있다고 인정하는 자 
  바. 신청서 및 사업계획서 등을 허위로 작성하거나 도용하여 제출한 자
  사.‘2025년 혁신 창업 스타트업 오디션’ 수료 기업",,"예비창업자,7년미만",멘토링ㆍ컨설팅ㆍ교육,20260709,20260714,,,온라인 접수: https://www.gipa.or.kr/apply/01_view.php?no=878&cate=2&sort=reg&term=ing,https://www.k-startup.go.kr/web/contents/bizpbanc-ongoing.do?schM=view&pbancSn=178490,main,primary,혁신창업스타트업아카데미,공공기관,20260709~20260714,멘토링ㆍ컨설팅ㆍ교육,멘토링ㆍ컨설팅ㆍ교육
kst,178488,(재)여성기업종합지원센터 전북센터 2026년 제2차 BI입주기업 신규 모집공고,(재)여성기업종합지원센터 전북센터에서는 우수하고 참신한 예비창업자 및 여성창업자 지원을 위해 다음과 같이 입주기업을 모집 공고합니다.,시설/공간,공공기관,전북특별자치도,"일반인,일반기업,1인 창조기업","기업,누구나,여성,초기창업기업","만 20세 이상 ~ 만 39세 이하,만 40세 이상",,,"예비여성창업자, 창업 3년이내 여성기업",,"예비창업자,1년미만,2년미만,3년미만",시설ㆍ공간ㆍ보육,20260701,20260731,,,이메일 접수: 공고문 확인 필요,https://www.k-startup.go.kr/web/contents/bizpbanc-ongoing.do?schM=view&pbancSn=178488,main,primary,재여성기업종합지원센터전북센터2026년제2차bi입주기업신규모집공고,공공기관,20260701~20260731,시설ㆍ공간ㆍ보육,시설ㆍ공간ㆍ보육
kst,178487,서초창업스테이션 운영 사업,서초창업스테이션에서는 서울신용보증재단 서초종합지원센터와 함께 '창업 보증 설명회'를 개최합니다.,시설/공간,민간,서울특별시,"일반인,일반기업,1인 창조기업","기업,누구나,초기창업기업","만 20세 이상 ~ 만 39세 이하,만 40세 이상",,,"창업 10개월 이하의 서초구 소재 기업 및 소상공인(개인, 법인)
                * 청년창업가 우대
                * 부동산 중개업(O), 부동산 컨설팅업(X)

일반 유흥주점업, 무도 유흥주점업, 기타 사행시설 관리 및 운영업 등에 준하는 업종 불가",,"예비창업자,1년미만",시설ㆍ공간ㆍ보육,20260708,20260721,,,온라인 접수: https://forms.gle/NBpYjBziefXxn9ry7,https://www.k-startup.go.kr/web/contents/bizpbanc-ongoing.do?schM=view&pbancSn=178487,main,primary,서초창업스테이션운영사업,민간,20260708~20260721,시설ㆍ공간ㆍ보육,시설ㆍ공간ㆍ보육
kst,178486,2026 강원권 LIPS 민간운영사 연합 INVESTOR DAY 7월,"강원권 립스(LIPS) 민간 운영사 7개사 연합 INVESTOIR DAY를 운영하며, 참여기업을 모집합니다. 투자 및 LIPS 연계 검토를 희망하는 창업기업의 많은 관심과 참여 바랍니다.",행사/네트워크,공공기관,강원특별자치도,"대학생,일반인,대학,연구기관,일반기업,1인 창조기업","기업,누구나,청년,초기창업기업","만 20세 이상 ~ 만 39세 이하,만 40세 이상",,,"투자검토 및 LIPS 연계를 희망하는 업력 1년 이상 창업기업

업력 1년 미만 창업기업",,"1년미만,2년미만,3년미만,5년미만,7년미만,10년미만",행사ㆍ네트워크,20260709,20260720,,,온라인 접수: https://docs.google.com/forms/d/e/1FAIpQLSfYCi_YI_Xu8XFzxumGSfPg3XnWT1Rgtvll3mp4nm7n1WKu2A/viewform?usp=send_form,https://www.k-startup.go.kr/web/contents/bizpbanc-ongoing.do?schM=view&pbancSn=178486,main,primary,2026강원권lips민간운영사연합investorday7월,공공기관,20260709~20260720,행사ㆍ네트워크,행사ㆍ네트워크
kst,178485,(고용노동부) 2026년 K-디지털트레이닝(KDT) IT 참여기업 모집,"AI·디지털 분야 인재 채용 및 양성을 계획 중인 기업을 아래와 같이 모집하오니 참여를 희망하시는 기업은 안내에 따라 신청하기 바랍니다.
참여기업에는 기업참여활동비가 지급되며, 인재를 채용하는 경우 채용지원금이 추가로 지급됩니다. 많은 관심과 참여 부탁드립니다.",인력/일자리,민간,전국,"연구기관,일반기업",기업,"만 20세 미만,만 20세 이상 ~ 만 39세 이하,만 40세 이상",,,"고용보험 가입 인원 5인 이상,  AI·디지털 인재 양성 및 채용연계에 관심 있는 기업",,"1년미만,2년미만,3년미만,5년미만,7년미만,10년미만",인력,20260709,20260724,,,온라인 접수: forms.gle/JSEN11qwoqpCXm1e6,https://www.k-startup.go.kr/web/contents/bizpbanc-ongoing.do?schM=view&pbancSn=178485,main,primary,고용노동부2026년k디지털트레이닝kdtit참여기업모집,민간,20260709~20260724,인력,인력
kst,178484,2026년 충청권 ICT이노베이션스퀘어 개발 역량 강화 멘토링,"「2026년 충청권 ICT이노베이션스퀘어 개발 역량 강화 멘토링」 참가팀 모집
충청권 ICT·SW 인재의 프로젝트 개발 역량 강화를 위한 「2026년 충청권 ICT이노베이션스퀘어 개발 역량 강화 멘토링」 참가팀을 모집합니다.",교육/멘토링,민간,충청남도,"대학생,일반인","누구나,청년","만 20세 이상 ~ 만 39세 이하,만 40세 이상",,,ICT/SW 분야 아이디어 또는 프로젝트를 보유한 충청권 소재 디지털 인재,,예비창업자,멘토링ㆍ컨설팅ㆍ교육,20260701,20260726,,,온라인 접수: https://learncle.com/event/sCgsj,https://www.k-startup.go.kr/web/contents/bizpbanc-ongoing.do?schM=view&pbancSn=178484,main,primary,2026년충청권ict이노베이션스퀘어개발역량강화멘토링,민간,20260701~20260726,멘토링ㆍ컨설팅ㆍ교육,멘토링ㆍ컨설팅ㆍ교육
kst,178483,2026년 강북창업지원센터 7월 창업 상담 참가자 모집,"⭐ 2026년 7월 창업상담 DAY 안내 ⭐
강북청년창업마루에서 예비·초기 창업자분들을 위한 창업상담 프로그램을 진행합니다!
예비, 초기 창업자분들의 많은 관심과 참여 바랍니다!",교육/멘토링,교육기관,서울특별시,"청소년,대학생,일반인,대학,일반기업,1인 창조기업","기업,누구나,청년,초기창업기업","만 20세 미만,만 20세 이상 ~ 만 39세 이하,만 40세 이상",,,"예비 및 초기 창업자
(강북구 거주자 우선 선발)",,"예비창업자,1년미만,2년미만",멘토링ㆍ컨설팅ㆍ교육,20260708,20260721,,,온라인 접수: https://forms.gle/3ybbP7JXAL2823bp8,https://www.k-startup.go.kr/web/contents/bizpbanc-ongoing.do?schM=view&pbancSn=178483,main,primary,2026년강북창업지원센터7월창업상담참가자모집,교육기관,20260708~20260721,멘토링ㆍ컨설팅ㆍ교육,멘토링ㆍ컨설팅ㆍ교육
kst,178482,강원 바이오헬스 기업 투자 연계·글로벌 진출 지원 프로그램,"강원특별자치도 내 바이오헬스 기업의 투자 역량 강화와 글로벌 시장 진출 기반 마련을 위해 
「강원 바이오헬스 기업 투자 연계·글로벌 진출 지원 프로그램」 참여 기업을 모집합니다.
본 프로그램은 기업의 투자 준비도 진단부터 IR 고도화, 투자 전략 수립, 투자자·글로벌 바이어 연계까지 단계적으로 지원하는 실전형 프로그램으로,
도내 바이오헬스 기업의 실질적인 투자유치 및 해외 판로 개척을 지원하고자 마련되었습니다.",교육/멘토링,민간,강원특별자치도,일반기업,기업,"만 20세 미만,만 20세 이상 ~ 만 39세 이하,만 40세 이상",,,강원도 내 바이오헬스 관련 기업,,"1년미만,2년미만,3년미만,5년미만,7년미만,10년미만",멘토링ㆍ컨설팅ㆍ교육,20260629,20260724,,,온라인 접수: https://forms.gle/uKL3csKZJ4Dfsssq5,https://www.k-startup.go.kr/web/contents/bizpbanc-ongoing.do?schM=view&pbancSn=178482,main,primary,강원바이오헬스기업투자연계글로벌진출지원프로그램,민간,20260629~20260724,멘토링ㆍ컨설팅ㆍ교육,멘토링ㆍ컨설팅ㆍ교육
kst,178481,민관공동창업자발굴육성사업,민간투자와 연계하여 비수도권 소재 유망 창업기업을 발굴하고 예비팁스(TIPS) 기업으로 육성하기 위한 2026년 프리팁스[Pre-TIPS] 창업기업을 모집합니다.,창업,공공기관,전국,일반기업,기업,"만 20세 미만,만 20세 이상 ~ 만 39세 이하,만 40세 이상",,,"투자기관으로부터 1천만원 이상 투자를 받은 비수도권 소재 3년 이내의 초기 창업기업

상세내용은 공고문 내 '신청 제외 대상' 확인",,"1년미만,2년미만,3년미만",사업화,20260710,20260810,,,온라인 접수: https://www.k-startup.go.kr/web/contents/webPMSBizUnvs.do?returnUrl=/screen/BMO0101M01?pbancId=0679201,https://www.k-startup.go.kr/web/contents/bizpbanc-ongoing.do?schM=view&pbancSn=178481,main,primary,민관공동창업자발굴육성사업,공공기관,20260710~20260810,사업화,사업화
kst,178480,Slush 참가지원 사업 및 EU 사업 환경 설명회,"서울경제진흥원에서는 세계 최대 규모의 스타트업 컨퍼런스인 Slush 참가지원 사업에 관심있는 기업들을 대상으로 사업설명회를 개최하오니, 관심있는 기업들의 많은 참여 부탁드립니다.",행사/네트워크,공공기관,서울특별시,"일반인,대학,연구기관,일반기업,1인 창조기업","기업,누구나,예비창업자,초기창업기업","만 20세 미만,만 20세 이상 ~ 만 39세 이하,만 40세 이상",,,"EU 진출에 관심 있는 서울 소재 유망기업, 예비창업자 누구나",,"예비창업자,1년미만,2년미만,3년미만,5년미만,7년미만,10년미만",행사ㆍ네트워크,20260708,20260714,,,온라인 접수: https://app.catchsecu.com/project/31669b67dc11360/form,https://www.k-startup.go.kr/web/contents/bizpbanc-ongoing.do?schM=view&pbancSn=178480,main,primary,slush참가지원사업및eu사업환경설명회,공공기관,20260708~20260714,행사ㆍ네트워크,행사ㆍ네트워크
kst,178479,'한국전력공사 2026년 사회연대경제조직 지원 사회공헌사업' 지원 참여사 모집 공고,'한국전력공사 2026년 사회연대경제조직 지원 사회공헌사업' 지원 참여사를 다음과 같이 공모합니다.,창업,민간,전국,일반기업,기업,"만 20세 미만,만 20세 이상 ~ 만 39세 이하,만 40세 이상",,,"2026년 12월 31일 기준 ①예비사회적기업, ②사회적기업, ③예비마을기업, ④마을기업, ⑤협동조합(기본법, 개별법), ⑥자활기업, ⑦소셜벤처에 해당하는 기업

非사회연대경제(사회적경제)조직의 경우 참여가 제한됩니다.",,"예비창업자,1년미만,2년미만,3년미만,5년미만,7년미만,10년미만",사업화,20260709,20260720,,,온라인 접수: https://url.kr/key43d,https://www.k-startup.go.kr/web/contents/bizpbanc-ongoing.do?schM=view&pbancSn=178479,main,primary,한국전력공사2026년사회연대경제조직지원사회공헌사업지원참여사모집공고,민간,20260709~20260720,사업화,사업화
kst,178478,TEN-TEN 프로젝트,한양대학교 ERICA 캠퍼스혁신파크사업단은 「2026년 경기도 지역성장 인재양성 체계(앵커사업)」을 통해 대학 내에 산학연협력 생태계 조성을 추진하고 있습니다. 이에 한양대학교 ERICA 캠퍼스혁신파크 사업단에서 기업 지원 사업을 공고하오니 많은 신청 바랍니다.,창업,교육기관,경기도,"청소년,대학생,일반인,대학,연구기관,일반기업,1인 창조기업","기업,누구나,예비창업자,청년,초기창업기업","만 20세 미만,만 20세 이상 ~ 만 39세 이하,만 40세 이상",,,"- 예비창업자
- 3년 미만 창업자(2024.08.01. 이후 창업자)

• 정부지원사업 참여제한 등 제재 조치를 받은 자/기업 등
 • 타 기관(대학)에서 동일한 사업으로 지원 받은 자/기업 등
 • 동일 목적으로 유사사업을 수행하였거나 수행중인 자/기업 등",,"예비창업자,1년미만,2년미만,3년미만",사업화,20260709,20260719,,,"이메일 접수: 공고문 확인 필요
방문 접수: 한양대학교 ERICA(경기도 안산시 상록구 한양대학로 55 산학연협력관 110호)",https://www.k-startup.go.kr/web/contents/bizpbanc-ongoing.do?schM=view&pbancSn=178478,main,primary,tenten프로젝트,교육기관,20260709~20260719,사업화,사업화
kst,178476,수원시 기업지원센터 중소벤처기업 신규 모집,수원도시재단에서는 신산업 분야의 우수한 기술력과 성장 가능성을 갖춘 중소· 벤처기업을 발굴·육성 하기 위해 「2026년 기업지원센터 제2회 중소벤처기업 신규 모집」을 다음과 같이 공고 합니다. 관심 있는 기업인 여러분의 많은 신청 바랍니다.,시설/공간,공공기관,경기도,"대학생,일반인,일반기업","기업,누구나,청년","만 20세 이상 ~ 만 39세 이하,만 40세 이상",,,"❍ 기술기반 창업 10년 이내의 중소·벤처기업(공고일 기준)
·입주 후 3개월 이내 사업자 주소지 이전

❍ 법령상 창업지원 제외업종, 소음 ․ 진동 ․ 폐수 ․ 악취 등
∙ 공해를 유발하는 업종(기업), 신용불량자 또는 휴․폐업중인 기업
∙ 국세 및 지방세 체납 중인 기업(자)
∙ 기타 사업 목적에 부적합하다고 인정되는 경우【별첨】(별첨자료는 공고문 내 확인 가능)",,10년미만,시설ㆍ공간ㆍ보육,20260708,20260807,,,"이메일 접수: 공고문 확인 필요
방문 접수: 경기도 수원시 권선구 산업로 156번길 142-10 수원벤처밸리2 B동 6층 기업지원센터",https://www.k-startup.go.kr/web/contents/bizpbanc-ongoing.do?schM=view&pbancSn=178476,main,primary,수원시기업지원센터중소벤처기업신규모집,공공기관,20260708~20260807,시설ㆍ공간ㆍ보육,시설ㆍ공간ㆍ보육
kst,178475,수원시 기업지원센터 1인창조기업 신규모집,수원도시재단에서는 혁신 기술기반의 (예비)창업자 및 1인창조기업을 발굴·육성 하기 위해 「2026년 기업지원센터 2회 1인창조기업 신규 모집」을 다음과 같이 공고 합니다. 관심 있는 기업인 여러분의 많은 신청 바랍니다.,시설/공간,공공기관,경기도,1인 창조기업,초기창업기업,"만 20세 이상 ~ 만 39세 이하,만 40세 이상",,,"기술기반 1인창조기업 및 창업 7년 이내의 스타트업(공고일 기준)
❍ 1인 창조기업’에 대한 정의 「1인 창조기업 육성에 관한 법률」 제2조에 의거하여 정의함

❍ (신청제한) 법령상 창업지원 제외업종, 소음 ․ 진동 ․ 폐수 ․ 악취 등
∙ 공해를 유발하는 업종(기업), 신용불량자 또는 휴․폐업중인 기업
∙ 국세 및 지방세 체납 중인 기업(자)
∙ 기타 사업 목적에 부적합하다고 인정되는 경우【별첨】_공고문 내 확인",,예비창업자,시설ㆍ공간ㆍ보육,20260708,20260807,,,"이메일 접수: 공고문 확인 필요
방문 접수: 경기도 수원시 권선구 산업로 156번길 142-10,B동 6층 기업지원센터",https://www.k-startup.go.kr/web/contents/bizpbanc-ongoing.do?schM=view&pbancSn=178475,main,primary,수원시기업지원센터1인창조기업신규모집,공공기관,20260708~20260807,시설ㆍ공간ㆍ보육,시설ㆍ공간ㆍ보육
kst,178473,창업보육센터 지원,동국대학교 창업보육센터에서는 동국 블루칩으로써 성장과 발전을 함께 도모할 (예비)창업기업을 발굴 및 육성하기 위해 신규 입주기업 모집 공고를 진행하오니 입주를 희망하는 기업은 아래 공고를 참고하여 지원해주시기 바랍니다.,시설/공간,교육기관,전국,"대학생,일반인,대학,연구기관,일반기업,1인 창조기업","기업,누구나,예비창업자,청년,초기창업기업","만 20세 이상 ~ 만 39세 이하,만 40세 이상",,,"- 우수한 기술 또는 아이템을 보유한 플랫폼·AI 분야 예비창업자 또는 창업 7년 이내 초기 창업기업
※ 공고일 기준이며, 예비창업자는 입주 후 3개월 이내 사업자 등록 가능자

- 입주 확정 시, 본점 소재지를 창업보육센터로 이전 가능한 기업
※ 단, 사업자 시설 활용 및 공동연구 목적으로 기업부설연구소 또는 연구개발전담부서(지사)가 입주하는 경우 본사가 입주한 것으로 간주

- 아래의 지원 제한 사항에 포함되지 않는 기업
※ 동종 업종으로 폐업한 후 3년(부도·파산은 2년)이 경과하지 않은 기업
※ 한국표준산업분류 세세분류코드 기준

- 창업지원 제외 업종 운영 기업 (일반유흥주점업, 무도유흥주점업, 기타 사행시설 관리 및 운영업)
- 소음, 진동, 폐수, 매연 등 공해유발 업종/ 국세·지방세 체납 중인 기업 또는 금융기관 신용불량 거래자",,"예비창업자,1년미만,2년미만,3년미만,5년미만,7년미만",시설ㆍ공간ㆍ보육,20260708,20260730,,,이메일 접수: 공고문 확인 필요,https://www.k-startup.go.kr/web/contents/bizpbanc-ongoing.do?schM=view&pbancSn=178473,main,primary,창업보육센터지원,교육기관,20260708~20260730,시설ㆍ공간ㆍ보육,시설ㆍ공간ㆍ보육
kst,178472,[강동구 청년해냄센터] 전문분야 창업멘토링 7월 참가자 모집,강동구 청년해냄센터에서 전문분야 창업 멘토링 데이 계획을 다음과 같이 공고하오니 참여 희망자는 안내에 따라 신청하시기 바랍니다.,교육/멘토링,공공기관,서울특별시,"청소년,대학생,일반인,대학,연구기관,일반기업,1인 창조기업","기업,누구나,예비창업자,청년,초기창업기업","만 20세 미만,만 20세 이상 ~ 만 39세 이하,만 40세 이상",,,"예비창업자, 기창업자",,"예비창업자,1년미만,2년미만,3년미만,5년미만,7년미만,10년미만",멘토링ㆍ컨설팅ㆍ교육,20260701,20260715,,,온라인 접수: http://www.gdhaenaem.com/?c=168&s=&gp=1&gbn=viewok&ix=11438,https://www.k-startup.go.kr/web/contents/bizpbanc-ongoing.do?schM=view&pbancSn=178472,main,primary,강동구청년해냄센터전문분야창업멘토링7월참가자모집,공공기관,20260701~20260715,멘토링ㆍ컨설팅ㆍ교육,멘토링ㆍ컨설팅ㆍ교육
kst,178471,2026 진주시 창업아이디어 경진대회,"창업문화의 확산과 창업생태계 활성화 도모를 위해 예비창업자 및 3년 미만 창업기업 대상으로 ⌜2026 진주시 창업아이디어 경진대회⌟를 개최하오니, 많은 참여 바랍니다.",창업,공공기관,경상남도,"청소년,대학생,일반인,일반기업,1인 창조기업","기업,누구나,예비창업자,청년,초기창업기업","만 20세 미만,만 20세 이상 ~ 만 39세 이하,만 40세 이상",,,"진주소재 예비창업자 및 3년이내 창업기업(공고일 기준 진주소재 예비창업자 및 기업에 한함)

- 당해 진주시 사업화자금 지원사업 수혜자(신청일 기준 협약이 종료된 자는 신청가능)
    - 진주시 창업아이디어 경진대회 수상자
    - K-기업가정신 창업경진대회 수상자
    - 기타 제외함이 타당하다고 인정되는 자

이외 제외 대상은 공고문 참조",,"예비창업자,1년미만,2년미만,3년미만",사업화,20260708,20260731,,,온라인 접수: https://www.gnstartup.kr/business/8339db24-725a-45bc-baf9-d778adc7b0d8/10736/detail,https://www.k-startup.go.kr/web/contents/bizpbanc-ongoing.do?schM=view&pbancSn=178471,main,primary,2026진주시창업아이디어경진대회,공공기관,20260708~20260731,사업화,사업화
kst,178470,커머스빌딩 UP,"동명청년창작소는 그로스빌딩 전문기업 ATOMOS와 함께 광주·전남 청년 창업기업의 온라인 커머스 경쟁력 강화를 위한 「커머스빌딩 UP」 프로그램 참여기업을 모집합니다.
광고를 집행했지만 매출 성과로 이어지지 않아 고민하는 기업을 대상으로 데이터 기반 진단부터 광고 전략 수립, 성과 분석 및 개선까지 전문가의 1:1 맞춤형 컨설팅을 제공합니다.
광고비 지원과 실전 중심의 성장 프로그램을 통해 온라인 커머스 매출 향상을 지원하고자 하오니 많은 관심과 참여 바랍니다.",교육/멘토링,지자체,전남광주,"대학생,일반인,대학,일반기업,1인 창조기업","기업,누구나,청년,초기창업기업",만 20세 이상 ~ 만 39세 이하,20,39,"광주·전남 소재 청년 창업기업 중 아래 조건을 충족하는 15개 기업
 1) 온라인 커머스를 운영하고 있는 기업
 2) 광고 집행 경험이 있는 기업
 3) 광고 성과와 매출 개선이 필요한 기업",,"1년미만,2년미만,3년미만,5년미만,7년미만,10년미만",멘토링ㆍ컨설팅ㆍ교육,20260707,20260726,,,"온라인 접수: https://dmyouthlablanding.drawpage.kr/
이메일 접수: 공고문 확인 필요",https://www.k-startup.go.kr/web/contents/bizpbanc-ongoing.do?schM=view&pbancSn=178470,main,primary,커머스빌딩up,지자체,20260707~20260726,멘토링ㆍ컨설팅ㆍ교육,멘토링ㆍ컨설팅ㆍ교육
kst,178469,2026년 G7 창업기업 TIPS 및 LIPS 분야 투자 유치 전략 교육 및  전문가 1:1 상담,한양대학교 ERICA 혁신스타트업지원센터에서는 경기도 내 창업기업의 투자 역량 강화와 실질적인 투자유치 성과 창출을 위해「TIPS 및 LIPS 투자 유치 전략 교육 및 전문가 상담」프로그램 을 실시하오니 관심있는 기업께서는 많은 참여 부탁드립니다.,교육/멘토링,교육기관,경기도,일반기업,"기업,초기창업기업","만 20세 미만,만 20세 이상 ~ 만 39세 이하,만 40세 이상",,,경기도 내 창업기업,,"1년미만,2년미만,3년미만,5년미만,7년미만,10년미만",멘토링ㆍ컨설팅ㆍ교육,20260706,20260713,,,온라인 접수: https://forms.gle/kMqeB7CpB7QgNcnn8,https://www.k-startup.go.kr/web/contents/bizpbanc-ongoing.do?schM=view&pbancSn=178469,main,primary,2026년g7창업기업tips및lips분야투자유치전략교육및전문가11상담,교육기관,20260706~20260713,멘토링ㆍ컨설팅ㆍ교육,멘토링ㆍ컨설팅ㆍ교육
kst,178468,「2026년 청년창업지원센터 오피스아워·커피클럽 운영」7월 오피스아워,"본 행사는 (재)경남창조경제혁신센터가 주관하는 청년 창업 성장 지원 프로그램으로, 경상남도 내 청년창업자의 사업화 역량 강화 및 안정적인 창업 성장을 지원하기 위한 「2026년 청년창업지원센터 오피스아워·커피클럽 운영」7월 오피스아워 참여 기업 모집입니다.
도내 유망 청년창업자의 기술 파트너십 구축 및 투자 유치 채널 확장을 지원하기 위한 프로그램으로, 최종 선정된 참여자는 2026년 7월 23일 목요일 (재)경남창조경제혁신센터 4층 포도방에서 개최되는 행사에 참석하여 영남권 및 동남권 권역 펀드를 보유한 우수 기술지주 관계자를 대상으로 1:1 밀착 멘토링을 진행하게 됩니다.
특히 ‘기술지주와의 최대 3회 1:1 멘토링 및 기술이전 매칭 기회’를 핵심으로, 확실한 비즈니스 스케일업과 투자 유치를 희망하는 청년 창업자에게 실질적인 기회를 제공하고자 합니다.
현재 경남 지역 단위로 만 39세 이하 청년 창업가를 대상으로 2026년 7월 15일(수)까지 참가자를 모집 중이오니, 참여를 희망하는 기업 및 청년은 안내에 따라 신청하여 주시기 바랍니다.",창업,민간,경상남도,"청소년,대학생,일반인,대학,연구기관,일반기업,1인 창조기업","기업,누구나,청년,초기창업기업","만 20세 미만,만 20세 이상 ~ 만 39세 이하",,,경남 지역 내 만 39세 이하 청년,,"예비창업자,1년미만,2년미만,3년미만,5년미만,7년미만,10년미만",사업화,20260708,20260715,,,온라인 접수: https://docs.google.com/forms/d/1P3GWyaYH3VelPQtabIM5Q3_HRthN8gT9GR-tlGELsdI/viewform?edit_requested=true,https://www.k-startup.go.kr/web/contents/bizpbanc-ongoing.do?schM=view&pbancSn=178468,main,primary,2026년청년창업지원센터오피스아워커피클럽운영7월오피스아워,민간,20260708~20260715,사업화,사업화
kst,178467,[킹고스프링] KINGO LIPS SPRINGBOARD PROGRAM 4기 모집공고,"직접투자 및 LIPS 프로그램 지원이 필요한 F&B, 뷰티, 소비재 등 5년 이내 기업가형 소상공인 분들의 많은 지원을 부탁드립니다.",창업,민간,전국,"일반기업,1인 창조기업","기업,초기창업기업","만 20세 이상 ~ 만 39세 이하,만 40세 이상",,,"F&B, 뷰티, 소비재 등 5년 이내 기업가형 소상공인

소상공인 확인서 미보유, 5년 초과 소상공인, 타 중복사업 참여자, 1년 미만 사업자",,"2년미만,3년미만,5년미만",사업화,20260708,20260719,,,온라인 접수: https://forms.gle/idUy1Sh3RQa8MbkMA,https://www.k-startup.go.kr/web/contents/bizpbanc-ongoing.do?schM=view&pbancSn=178467,main,primary,킹고스프링kingolipsspringboardprogram4기모집공고,민간,20260708~20260719,사업화,사업화
kst,178466,2026 하반기 오렌지플래닛 정기모집(~7/27 14:00),오렌지플래닛에서 입주/투자 스타트업 모집을 다음과 같이 공고하오니 지원을 희망하는 2인 이상(전 분야/전 단계) 스타트업은 안내 따라 신청하기 바랍니다.,시설/공간,민간,전국,"청소년,대학생,일반인,대학,연구기관,일반기업","기업,누구나,청년","만 20세 미만,만 20세 이상 ~ 만 39세 이하,만 40세 이상",,,2인 이상 스타트업(전 분야/전 단계),,"예비창업자,1년미만,2년미만,3년미만,5년미만,7년미만,10년미만",시설ㆍ공간ㆍ보육,20260708,20260727,,,온라인 접수: https://www.orangeplanet.or.kr/main?utm_source=channel&utm_medium=post&utm_campaign=2026_2,https://www.k-startup.go.kr/web/contents/bizpbanc-ongoing.do?schM=view&pbancSn=178466,main,primary,2026하반기오렌지플래닛정기모집7271400,민간,20260708~20260727,시설ㆍ공간ㆍ보육,시설ㆍ공간ㆍ보육
kst,178465,2026년 제1회 사회서비스 투자 교류회,"「2026년 제1회 사회서비스 투자 교류회」 가 2026년 7월 29일(수) 정동1928 아트센터에서 개최됩니다.
보건복지부와 중앙사회서비스원, 그리고 엠와이소셜컴퍼니가 함께하는 사회서비스 투자 교류회는 사회서비스 기업의 투자 유치 기회를 확대하고, 유관기관과의 교류를 통해 협업·실증을 논의하는 연결의 장입니다.
누적 13회를 맞이한 올해의 첫 번째 교류회는 '돌봄을 촘촘하게, 복지 기술을 연결하다'를 주제로 진행됩니다.
해당 주제와 관련하여 우수한 돌봄 기술과 성장 가능성을 가진 사회서비스 기업을 모집하오니,
많은 관심과 참여 부탁드리며 자세한 내용은 첨부된 안내문 및 웹포스터를 참고해주시기 바랍니다.
감사합니다.
※ 참여 기업 신청 바로가기: https://ema.kr/364",행사/네트워크,민간,전국,"청소년,대학생,일반인,대학,연구기관,일반기업,1인 창조기업","기업,누구나,청년,초기창업기업","만 20세 미만,만 20세 이상 ~ 만 39세 이하,만 40세 이상",,,"○ (사회서비스 기업) 돌봄 기술 관련 사회서비스 기업
 * 돌봄 기술 예시: 기술·제품·서비스 등이 노인, 장애인, 아동 등 돌봄 대상자의 생활을 지원하고 돌봄 인력 부담을 경감하는 기술

○ (참관 및 네트워킹) 사회서비스 투자 교류회 참관 및 네트워킹을 희망하는 기업 또는 기관",,"1년미만,2년미만,3년미만,5년미만,7년미만,10년미만",행사ㆍ네트워크,20260708,20260715,,,온라인 접수: https://ema.kr/364,https://www.k-startup.go.kr/web/contents/bizpbanc-ongoing.do?schM=view&pbancSn=178465,main,primary,2026년제1회사회서비스투자교류회,민간,20260708~20260715,행사ㆍ네트워크,행사ㆍ네트워크
kst,178464,2026년 경기도「반려동물 창업공모전」참가자 모집,경기도 반려동물 창업공모전의 참가자 모집 계획을 다음과 같이 공고하오니 참가를 희망하는 창업팀은 안내에 따라 신청하기 바랍니다.,창업,공공기관,경기도,"청소년,대학생,일반인,대학,연구기관,일반기업,1인 창조기업","기업,누구나,예비창업자,청년,초기창업기업","만 20세 미만,만 20세 이상 ~ 만 39세 이하,만 40세 이상",,,"도내 사회적경제조직* 의 제품 및 기술을 활용한 반려동물산업 관련 기술·지식산업형 사업화 아이템 보유한 경기도 거주 예비창업자 및 도내 3년 이내 초기창업자

◦「경기도 반려동물 창업공모전」수상자
◦「경기도 반려동물산업 스타트업 발굴 및 창업지원(구, 반려동물산업 창업지원)」사업 수혜자
◦  공고일 기준 최근 3년이내(23.7.6.~26.7.5) 동일 또는 유사한 아이템으로 정부(지자체 포함) 및 공공기관 창업공모전 또는
   창업경진대회를 통해 누적상금 2천만원을 초과하여 받은자(팀)",,"예비창업자,3년미만",사업화,20260708,20260824,,,온라인 접수: https://www.gsp.or.kr/supportProject/UVSD0001.do?sportSeq=6280,https://www.k-startup.go.kr/web/contents/bizpbanc-ongoing.do?schM=view&pbancSn=178464,main,primary,2026년경기도반려동물창업공모전참가자모집,공공기관,20260708~20260824,사업화,사업화
kst,178462,제5회 원주권 스타트업 커뮤니티 데이 참가자 모집,"상지대학교 벤처창업본부에서는 (예비)창업기업의 네트워크 형성을 통한 사업화 촉진을 돕기 위해
「 제5회 원주권 스타트업 커뮤니티 데이 참가자 모집 」을 개최합니다.
많은 관심과 참여 바랍니다.",행사/네트워크,교육기관,강원특별자치도,"청소년,대학생,일반인,대학,연구기관,일반기업,1인 창조기업","기업,누구나,스타트업,청년,초기창업기업","만 20세 미만,만 20세 이상 ~ 만 39세 이하,만 40세 이상",,,창업에 관심있는 누구나,,"예비창업자,1년미만,2년미만,3년미만,5년미만,7년미만,10년미만",행사ㆍ네트워크,20260708,20260721,,,온라인 접수: https://forms.gle/rKxN9iYWNvgKQe1J7,https://www.k-startup.go.kr/web/contents/bizpbanc-ongoing.do?schM=view&pbancSn=178462,main,primary,제5회원주권스타트업커뮤니티데이참가자모집,교육기관,20260708~20260721,행사ㆍ네트워크,행사ㆍ네트워크
kst,178461,2026년 동두천시 청년창업지원센터 2차 입주기업 모집 공고,동두천시 청년창업지원센터에서는 우수한 사업 아이디어를 갖춘 청년 예비창업자 및 창업기업을 발굴·육성하고자 다음과 같이 신규 입주기업을 모집하오니 많은 관심과 참여 바랍니다.,시설/공간,교육기관,경기도,"대학생,일반인,대학,연구기관,일반기업,1인 창조기업","기업,누구나,예비창업자,청년,초기창업기업",만 20세 이상 ~ 만 39세 이하,20,39,"○ 신청대상(①중형, ②소형,  ③공유오피스)
- 공고일 기준 관내(동두천시) 거주하고 있는 만 19세~만 39세 이하 청년 대표 (예비)창업기업
- (예비창업자) 입주 후 3개월 내 사업자등록이 가능한 예비창업자
- (개인/법인사업자) 공고일 기준 창업 7년 이내 창업기업
- (개인/법인사업자) 입주 후 3개월 내 청년창업지원센터로 (본사)이전*이 가능한 창업기업 *사업자등록증 소재지 기준

○ 신청분야
- (①일반부문) 제조업 또는 지식서비스업
- (②지역활성화 부문) 관내(동두천시) 지역경제 활성화 및 지역발전 기여할 수 있는 아이템을 가지고 있는 (예비)창업자 혹은 지역 현안 해결형 창업아이템 아이디어를 가지고 있는 (예비)창업자

○ 신청제한 사항(공통)
• 금융기관으로부터 불량거래자로 규제중인 자 및 국세‧지방세 체납으로규제중인 자(기업)
• 중소기업창업지원법 시행령 제4조(창업에서 제외되는 업종)의 업종을 영위하고 있거나 하고자 하는 자(기업)
- 일반유흥주점업, 무도유흥주점업, 카지노운영업, 기타 사행시설관리 및운영법, 그밖에 경제질서 및 미풍양속에 현저히 어긋나는 업종으로서 중소벤처기업부령으로 정하는 업종
• 지방자치단체나 공공기관으로부터 제재를 받아 참가 자격을 제한받은 자(기업)
• 현재 휴업중이거나 고용노동부가 공개하는 체불사업주 명단에 포함된 자(기업)
• 에이전트 등의 대리 신청 및 증빙서류가 미비하거나 허위로 작성한 경우
• 소음, 진동, 폐수 악취 등 환경 공해 업종 영위사업자
○ 선정취소
- 예비창업자 중 입주 3개월 이내 미창업 및 지원제외 업종 창업 시
- 선정에 관련된 제출자료 및 정보를 허위 및 위조·모방 작성했을 경우",,"예비창업자,1년미만,2년미만,3년미만,5년미만,7년미만",시설ㆍ공간ㆍ보육,20260701,20260717,,,"이메일 접수: 공고문 확인 필요
방문 접수: 경기도 동두천시 동두천로 314 복합문화커뮤니티센터 1층 동두천시 청년창업지원센터  운영사무실",https://www.k-startup.go.kr/web/contents/bizpbanc-ongoing.do?schM=view&pbancSn=178461,main,primary,2026년동두천시청년창업지원센터2차입주기업모집공고,교육기관,20260701~20260717,시설ㆍ공간ㆍ보육,시설ㆍ공간ㆍ보육
kst,178460,[서울디자인런2026@홍대] '디자인으로 브랜드를 구축하는 방법 - 아이덴티티부터 메시지까지',디자인 분야 창업 활성화를 위한 교육 참여자를 모집하고 있으니 많은 관심과 참여 부탁드립니다.,창업,민간,서울특별시,"청소년,대학생,일반인,일반기업,1인 창조기업","기업,누구나,청년,초기창업기업","만 20세 미만,만 20세 이상 ~ 만 39세 이하,만 40세 이상",,,디자인 창업에 관심있는 누구나,,"예비창업자,1년미만,2년미만,3년미만,5년미만,7년미만,10년미만",창업교육,20260706,20260714,,,온라인 접수: https://event-us.kr/openknowl2/event/129531,https://www.k-startup.go.kr/web/contents/bizpbanc-ongoing.do?schM=view&pbancSn=178460,main,primary,서울디자인런2026홍대디자인으로브랜드를구축하는방법아이덴티티부터메시지까지,민간,20260706~20260714,창업교육,창업교육
kst,178458,"해외 로드쇼 참가, 『신한 스퀘어브릿지』 2026 글로벌 참여 스타트업 모집(~8/13)","『신한 스퀘어브릿지』 글로벌에서 실리콘밸리 투자자와 글로벌 기업 관계자를 직접 만나고, 세계 최대 규모의 스타트업 콘퍼런스 중 하나인 TechCrunch Disrupt 2026에 참가할 스타트업을 모집합니다.
올해 『신한 스퀘어브릿지』 글로벌은 글로벌 시장 진출을 준비하는 한국 및 해외 스타트업을 대상으로 글로벌 역량 강화 프로그램부터 TechCrunch Disrupt 2026 참가 지원금(한국 기업 800만원, 해외 기업 USD $5,000), 글로벌 전문가와 함께하는 멘토링 및 1:1 코칭, 현지 워크숍, 그리고 『신한 스퀘어브릿지』 밋업 @ TechCrunch Disrupt행사 초청까지 체계적으로 지원하오니, 많은 관심과 참여 부탁드립니다.",판로/수출,민간,전국,일반기업,"기업,스타트업","만 20세 미만,만 20세 이상 ~ 만 39세 이하,만 40세 이상",,,"인공지능/머신러닝, 헬스 & 웰니스, 엔터프라이즈 테크, 컨슈머/에듀테크, 클린테크/에너지, 사이버보안 등 최신 트렌드 산업 분야 혁신적 솔루션 보유 기업 (초기 사용자 데이터 확보 및 글로벌 진출 전략 보유) 

※ 우대 사항
1. 2026년 Startup Battlefield 200신청 완료 기업
2. 『신한 스퀘어브릿지』 해외 경연 준비 원데이 실전 워크숍 참여기업
3. 『신한 스퀘어브릿지』 멤버사 (현재 프로그램 참여 중인 멤버사도 신청 가능)
4. 인천스타트업파크 추천 기업 (추천서는 기관에게 문의)",,7년미만,글로벌,20260707,20260813,,,온라인 접수: https://bit.ly/44fkJXe,https://www.k-startup.go.kr/web/contents/bizpbanc-ongoing.do?schM=view&pbancSn=178458,main,primary,해외로드쇼참가신한스퀘어브릿지2026글로벌참여스타트업모집813,민간,20260707~20260813,글로벌,글로벌
kst,178456,"국내 대기업 협업 연계, 신한 오픈이노베이션 12기 모집(~8/3)",대기업·중견기업과의 협업을 통해 사업 확장 및 스케일업을 희망하는 스타트업을 모집합니다. 많은 관심과 지원 바랍니다.,창업,민간,전국,일반기업,"기업,누구나","만 20세 미만,만 20세 이상 ~ 만 39세 이하,만 40세 이상",,,"대기업·중견기업과 협업을 희망하는 설립 7년 이내 법인사업자
(공고마감일 26. 8. 3. 기준, 지역 제한 없음)",,7년미만,사업화,20260707,20260803,,,온라인 접수: https://m.site.naver.com/2bV9C,https://www.k-startup.go.kr/web/contents/bizpbanc-ongoing.do?schM=view&pbancSn=178456,main,primary,국내대기업협업연계신한오픈이노베이션12기모집83,민간,20260707~20260803,사업화,사업화
kst,178455,[부산대학교병원] 2026년 의료·헬스케어 스타트업 인큐베이터 사업_창업 활력 프로젝트,"의료·헬스케어 스타트업 인큐베이터 사업의 일환으로, 의료·헬스케어 분야의 예비창업자 및 초기창업자를 발굴·육성하고 창업 역량 강화를 지원하기 위한「창업 활력 프로젝트」참여자를 다음과 같이 모집 공고합니다.",교육/멘토링,공공기관,부산광역시,"청소년,대학생,일반인,대학,연구기관,일반기업,1인 창조기업","기업,누구나,스타트업,청년,초기창업기업","만 20세 미만,만 20세 이상 ~ 만 39세 이하,만 40세 이상",,,"의료·헬스케어 분야에 해당하는 기술 및 창업아이템을 보유한 업력 3년 이내 초기창업기업 또는 창업 예정인자

공고문 내 &apos;지원 예외사항&apos; 참조",,"예비창업자,1년미만,2년미만,3년미만",멘토링ㆍ컨설팅ㆍ교육,20260706,20260724,,,이메일 접수: 공고문 확인 필요,https://www.k-startup.go.kr/web/contents/bizpbanc-ongoing.do?schM=view&pbancSn=178455,main,primary,부산대학교병원2026년의료헬스케어스타트업인큐베이터사업창업활력프로젝트,공공기관,20260706~20260724,멘토링ㆍ컨설팅ㆍ교육,멘토링ㆍ컨설팅ㆍ교육
kst,178453,창업보육센터 지원,영산대학교 그린창업보육센터는 기술력과 사업역량을 겸비한 창업자 및 예비창업자를 대상으로 모집하여 여러 지원 혜택을 통하여 유망한 기업으로 성장할 수 있도록 육성하고자 아래와 같이 입주업체를 모집하오니 많은 신청 바랍니다.,시설/공간,민간,경상남도,"대학생,일반인,일반기업,1인 창조기업","기업,누구나,예비창업자,청년,초기창업기업","만 20세 이상 ~ 만 39세 이하,만 40세 이상",,,"⁃ 예비창업자 또는 창업일로부터 7년 이내 기업
    * 예비창업자의 경우 입주 후 6개월 이내 사업자 등록이 가능한 자
    * 창업자의 경우 사업장 소재지를 센터 입주 후 센터 주소지로 본점 등록이 가능한 자

⁃ 숙박업, 임대업, 유흥업, 컨설팅업, 자영업 등 사행성 업종 및 단순 서비스 업종
 ⁃ 국세 또는 지방세를 체납 중인 자
 ⁃ 정부지원사업 및 유관기관 사업에 참여제한으로 제재 중인 자
 ⁃ 기타 위원회에서 부적합하다고 인정하는 자",,"예비창업자,1년미만,2년미만,3년미만,5년미만,7년미만",시설ㆍ공간ㆍ보육,20260707,20261230,,,이메일 접수: 공고문 확인 필요,https://www.k-startup.go.kr/web/contents/bizpbanc-ongoing.do?schM=view&pbancSn=178453,main,primary,창업보육센터지원,민간,20260707~20261230,시설ㆍ공간ㆍ보육,시설ㆍ공간ㆍ보육
kst,178452,2026년 해양수산 창업투자지원사업 참여기업 모집공고,"경북 지역 해양수산 및 전후방 연관산업내 유망창업 아이템 발굴을 통한 창업기업 육성, 기업성장을 위한 투자유치, 기업지원, 마케팅, 제품개발 등의 지원을 통해 글로벌 시장경쟁력 강화와 지역경제 활성화를 위해 다음과 같이 2026년 참여기업을 모집 공고합니다.",창업,공공기관,경상북도,"일반기업,1인 창조기업","기업,예비창업자,초기창업기업","만 20세 미만,만 20세 이상 ~ 만 39세 이하,만 40세 이상",,,"- 주 사업장이 경북지역내 소재하는 해양수산 연관 관련 중소기업 또는 예비창업자(*해양수산 연관산업 : 수산물가공, 유통, 해양수산기자재, 화장품 등 수산물을 활용한 다양한 연관산업)

- 사업자등록증 상 주업종이 한국표준산업분류(KSIC) 기준 &apos;숙박 및 음식점업(대분류 I)&apos;, &apos;예술, 스포츠 및 여가 관련 서비스업(대분류 R)&apos;에 해당하는 경우 지원 대상에서 제외",,"예비창업자,1년미만,2년미만,3년미만,5년미만,7년미만,10년미만",사업화,20260706,20260724,,,이메일 접수: 공고문 확인 필요,https://www.k-startup.go.kr/web/contents/bizpbanc-ongoing.do?schM=view&pbancSn=178452,main,primary,2026년해양수산창업투자지원사업참여기업모집공고,공공기관,20260706~20260724,사업화,사업화
kst,178451,[2026 스타트업 아카데미],하남도시공사는 하남시 스타트업 육성을 위하여 하남스타트업캠퍼스를 운영하고 있습니다. 하남 지역 내 스타트업 창업가 및 예비창업자 등을 대상으로 창업 역량 강화를 위해 스타트업 아카데미를 운영하오니 많은 관심과 참여바랍니다.,창업,공공기관,경기도,"청소년,대학생,일반인,대학,연구기관,일반기업,1인 창조기업","기업,누구나,스타트업,예비창업자,청년,초기창업기업","만 20세 미만,만 20세 이상 ~ 만 39세 이하,만 40세 이상",,,"① 본 교육에 관심있는 창업 7년 이내 하남스타트업캠퍼스·경기 AI 클러스터 하남 입주기업, 하남 지식산업센터 기업 등 하남시 소재 기업 소속 임직원
② 하남시에 거주 중인 예비창업자(하남 시민)
③ 하남고용복지플러스센터 추천자(국민취업지원제도 참여자)
④ 하남시 소재 창업을 준비하는 고등학교의 재학생(하남도시공사와 협약 체결 한 교육기관에 한함)

신청자격을 충족하지 않는 자",,"예비창업자,1년미만,2년미만,3년미만,5년미만,7년미만",창업교육,20260630,20260714,,,온라인 접수: https://forms.gle/w3kZdNXnEUj4zULi9,https://www.k-startup.go.kr/web/contents/bizpbanc-ongoing.do?schM=view&pbancSn=178451,main,primary,2026스타트업아카데미,공공기관,20260630~20260714,창업교육,창업교육
kst,178450,2026년 중소기업 동행교육,근로복지공단의 2026년 중소기업 동행교육을 다음과 같이 실시하오니 안내에 따라 많은 참여 바랍니다.,교육/멘토링,공공기관,전국,"일반인,일반기업,1인 창조기업","기업,누구나,중소기업,초기창업기업","만 20세 미만,만 20세 이상 ~ 만 39세 이하,만 40세 이상",,,중소기업 임직원 및 소상공인,,"예비창업자,1년미만,2년미만,3년미만,5년미만,7년미만,10년미만",멘토링ㆍ컨설팅ㆍ교육,20260708,20260731,,,"온라인 접수: https://moaform.com/q/Q6QfZe
이메일 접수: 공고문 확인 필요",https://www.k-startup.go.kr/web/contents/bizpbanc-ongoing.do?schM=view&pbancSn=178450,main,primary,2026년중소기업동행교육,공공기관,20260708~20260731,멘토링ㆍ컨설팅ㆍ교육,멘토링ㆍ컨설팅ㆍ교육
kst,178448,맞춤형 예비창업가 발굴·육성,광주테크노파크에서 지역 내 청년(예비)창업가들은 전문기업으로 육성 및 지원하고자 입주스타트업을 모집하오니 많은 참여바랍니다.,창업,공공기관,광주광역시,"대학생,일반인","누구나,예비창업자,청년","만 20세 미만,만 20세 이상 ~ 만 39세 이하",,,"- 공고일 이전 전남광주통합특별시에 본사를 두고 사업을 영위하는 창업 3년 이내(2023.07.06~2026.07.06)기업 또는 주민등록표(등본)상 전남광주통합특별시에 주소지를 가진 예비창업자(팀)
- (공통) 구성인력(대표)의 나이가 만 15~39세 이하
- (공통)「중소기업 기술로드맵」에서 제시한 40대 전략분야에 해당하는 (예비)창업자(팀)

- 중소기업 창업지원법 시행령 제4조의 창업지원 제외 업종(유흥주점, 사행시설 및 운영업 등) 불가
- 본 입주공간은 지식산업센터로 공장 등록이 가능하나, 근린생활시설 및 영업신고 등록 불가(해당 업종으로 사업자 변경이 필요한 기업의 경우 입주 불가)",,"예비창업자,1년미만,2년미만,3년미만",사업화,20260706,20260720,,,"이메일 접수: 공고문 확인 필요
방문 접수: 광주광역시 동구 동계천로 150, I-PLEX광주 2층 운영본부",https://www.k-startup.go.kr/web/contents/bizpbanc-ongoing.do?schM=view&pbancSn=178448,main,primary,맞춤형예비창업가발굴육성,공공기관,20260706~20260720,사업화,사업화
kst,178447,2026 동명청년창작소 2차 창업 컨설팅 DAY,"동명청년창작소에서는 광주 동구 및 광주 지역 청년 창업가의 경영 현안을 진단하고, 맞춤형 해결 방안을 제시하기 위해 「2차 컨설팅 DAY」7월 참가기업을 모집합니다.",교육/멘토링,민간,광주광역시,"대학생,일반인,대학,일반기업,1인 창조기업","기업,누구나,예비창업자,청년,초기창업기업",만 20세 이상 ~ 만 39세 이하,20,39,"광주 동구 및 광주 소재지의 창업 후 3년 이내 기업
① (예비창업자) 창업 아이디어를 보유한 예비창업자
② (초기창업자) 2023. 7. 7. 이후 창업을 시작한 기업

- 제외대상
    ① 신청서, 사업계획서를 허위로 기재한 경우
    ② 지원 제외대상 업종으로 본 사업에 신청하고자 하는 자
< 지원 제외대상 업종 >
금융 및 보험업, 부동산업, 숙박 및 음식점업, 유흥주점업, 무도장 운영업,
골프장 및 스키장 운영업, 기타 겜블링 및 베팅업, 기타 개인 서비스업 및 단순 제조업 등

※ 제외대상 업종에 해당하더라도 혁신 기술과 접목한 업종(IT 금융 플랫폼 등)은 참여가능하나, 사행사업 등 경제질서 및 미풍양속에 어긋나는 업종의 경우 제외",,"예비창업자,1년미만,2년미만,3년미만",멘토링ㆍ컨설팅ㆍ교육,20260707,20260717,,,"온라인 접수: https://dmyouthlab.kr/program/db1c6c99-d446-4e82-8cdd-39cce521cf84
이메일 접수: 공고문 확인 필요",https://www.k-startup.go.kr/web/contents/bizpbanc-ongoing.do?schM=view&pbancSn=178447,main,primary,2026동명청년창작소2차창업컨설팅day,민간,20260707~20260717,멘토링ㆍ컨설팅ㆍ교육,멘토링ㆍ컨설팅ㆍ교육
kst,178446,2026 지역창업페스티벌 연계 제105회 대전창업포럼,"안녕하세요, 대전창조경제혁신센터입니다.
대전창조경제혁신센터는 중소벤처기업부, 대전광역시와 함께 바이오 분야 유망 스타트업의 투자유치 및 사업화 연계를 지원하기 위하여 [2026 지역창업 페스티벌 연계 제105회 대전창업포럼]을 개최합니다.
이번 포럼은 “Bio Code: 바이오 혁신의 문법을 다시 쓰다”를 주제로, 바이오 딥테크 산업·기술 인사이트를 공유하고, 바이오 스타트업의 투자유치 및 후속 연계 기회를 확대하기 위해 [바이오 딥테크 포럼], [바이오 스타트업 투자유치 IR], [1:1 투자·비즈니스 밋업], [네트워킹] 등을 운영할 예정이오니 많은 관심과 참여 부탁드립니다.",행사/네트워크,공공기관,대전광역시,"청소년,대학생,일반인,대학,연구기관,일반기업,1인 창조기업","기업,누구나,청년,초기창업기업","만 20세 미만,만 20세 이상 ~ 만 39세 이하,만 40세 이상",,,"? 1:1 투자·비즈니스 밋업 참가 바이오 스타트업
? IR 참관 및 1:1 투자·비즈니스 밋업 참가 투자사
?‍?‍? 포럼 참관 유관기관 관계자 및 일반 참관객
※ 바이오 스타트업 투자유치 IR은 발표기업 5개사가 확정되어 추가 모집은 진행하지 않습니다.
※ 1:1 투자·비즈니스 밋업은 사전 신청 및 내부 검토·매칭 후 참여가 확정됩니다.
※ 1:1 투자·비즈니스 밋업은 운영 규모에 따라 조기 마감될 수 있습니다.
※ 본 행사는 비수도권 창업 생태계 활성화를 위한 중소벤처기업부의 「2026 지역창업페스티벌(2026 스타트업 코리아 투자위크)」의 사전붐업 프로그램으로, 별도의 투자 심사·상담료, 행사 참가비는 지급되지 않는 점 양해 부탁드립니다.",,"예비창업자,1년미만,2년미만,3년미만,5년미만,7년미만,10년미만",행사ㆍ네트워크,20260706,20260720,,,온라인 접수: https://forms.gle/6DVHusSPBgxvMhTU6,https://www.k-startup.go.kr/web/contents/bizpbanc-ongoing.do?schM=view&pbancSn=178446,main,primary,2026지역창업페스티벌연계제105회대전창업포럼,공공기관,20260706~20260720,행사ㆍ네트워크,행사ㆍ네트워크
kst,178445,2026년 서울 기후테크 기업 및 예비창업자를 위한 멘토링 지원사업 안내,국가녹색기술연구소 서울기후테크산업지원센터는 서울시 내 중소기업 및 예비창업자를 위하여 다음과 같이 다양한 전문가 풀을 활용한 맞춤형 멘토링을 무료로 진행하고자 합니다. 많은 참여 부탁드립니다.,교육/멘토링,공공기관,서울특별시,"대학생,일반인,연구기관,일반기업,1인 창조기업","기업,누구나,예비창업자,청년,초기창업기업","만 20세 이상 ~ 만 39세 이하,만 40세 이상",,,"서울시 소재 녹색분야 중소기업 및 예비창업자
① 「중소기업기본법」 제2조의 중소기업으로서, 본사 또는 지사 (예비창업자의 경우 주소지) 의 서울시 소재
② 기업 보유 기술 혹은 아이디어가 기후기술 38 대 분류체계에 포함되어야 하며, 기획 (개발)/ 판매 중인 제품(기술)의 에너지 절감, 온실가스 저감 등 환경 관련성 필요",,"예비창업자,1년미만,2년미만,3년미만,5년미만,7년미만,10년미만",멘토링ㆍ컨설팅ㆍ교육,20260707,20261231,,,이메일 접수: 공고문 확인 필요,https://www.k-startup.go.kr/web/contents/bizpbanc-ongoing.do?schM=view&pbancSn=178445,main,primary,2026년서울기후테크기업및예비창업자를위한멘토링지원사업안내,공공기관,20260707~20261231,멘토링ㆍ컨설팅ㆍ교육,멘토링ㆍ컨설팅ㆍ교육
kst,178444,2026년 그린바이오 분야 공공기술 상용화 지원사업 추가 모집 공고,그린바이오 분야 우수한 공공기술의 현장 확산을 위하여 ‘2026 그린바이오 분야 공공기술 상용화 지원사업’을 다음과 같이 공고하오니 많은 신청바랍니다.,창업,공공기관,전국,"일반기업,1인 창조기업","기업,초기창업기업","만 20세 미만,만 20세 이상 ~ 만 39세 이하,만 40세 이상",,,"그린바이오 벤처캠퍼스에 입주 중이거나 그린바이오 산업 육성지구 내에 사업장이 있는 그린바이오 기업
 * 육성지구: 농림축산식품부가 지정(’25.12.1)한 지방정부(경기, 강원, 충남, 경북, 경남, 전북, 전남)

접수 마감일 기준 공공기술을 이전받아 계약을 유지하고 있지 않은 기업",,"1년미만,2년미만,3년미만,5년미만,7년미만,10년미만",사업화,20260706,20260710,,,이메일 접수: 공고문 확인 필요,https://www.k-startup.go.kr/web/contents/bizpbanc-ongoing.do?schM=view&pbancSn=178444,main,primary,2026년그린바이오분야공공기술상용화지원사업추가모집공고,공공기관,20260706~20260710,사업화,사업화
kst,178443,지역창업특화지원,달서구 중장년 기술창업센터에서는 풍부한 경험과 전문성을 갖춘 중장년층의 창업에 대한 막연한 두려움 해소와 실질적인 창업역량을 강화하기 위해 다음과 같이 「실전창업 아카데미 IP창업 Zone 교육」을 운영하오니 관심 있는 분들의 많은 신청 바랍니다.,창업,지자체,대구광역시,"일반인,1인 창조기업","누구나,초기창업기업","만 20세 이상 ~ 만 39세 이하,만 40세 이상",,,창업 아이디어 혹은 기술을 보유한 (예비)창업자,,"예비창업자,7년미만",창업교육,20260707,20260717,,,이메일 접수: 공고문 확인 필요,https://www.k-startup.go.kr/web/contents/bizpbanc-ongoing.do?schM=view&pbancSn=178443,main,primary,지역창업특화지원,지자체,20260707~20260717,창업교육,창업교육
kst,178442,2026 친환경 에너지 오픈 그라운드 프로그램,"제주창조경제혁신센터는 그린 에너지 분야 유망 스타트업을 발굴하고, 실질적인 사업화 성과로 이어지는 지속 가능한 오픈이노베이션 생태계를 조성하기 위해 「2026 친환경 에너지 오픈 그라운드 프로그램」을 추진합니다. 딥테크 분야 스타트업들의 많은 관심과 참여 부탁드립니다.",창업,공공기관,제주특별자치도,"일반기업,1인 창조기업","기업,예비창업자,초기창업기업","만 20세 미만,만 20세 이상 ~ 만 39세 이하,만 40세 이상",,,"수요기업과 협업을 희망하는 전국 소재 7년 이내 스타트업
※신산업 분야의 경우, 창업 10년 이내까지 가능

• 아직 사업자등록을 하지 않은 예비창업자
• 모집기간 중 대표자 변경 또는 휴업, 폐업, 부도로 인해 사업운영이 어려운 기업
• 국세 및 지방세가 체납되거나 금융기관 등으로부터 채무불이행 대표자 또는 기업
• 기타 정부지원사업 참여제한 제재조치를 받고 있는 기업
• 타인의 특허 등 지식재산권을 침해하거나 침해할 우려가 있는 아이템
※ 타인의 지식재산권을 침해하였을 경우 발생되는 모든 민형사상 책임은 참가기업 본인에게 있음
• 중소기업창업지원법 시행령 제4조의 창업에서 제외되는 업종에 해당하는 자",,"1년미만,2년미만,3년미만,5년미만,7년미만,10년미만",사업화,20260706,20260710,,,온라인 접수: https://sandy-primula-b0a.notion.site/135ffebd5c3e8289b32b81cfd8818fe4?source=copy_link,https://www.k-startup.go.kr/web/contents/bizpbanc-ongoing.do?schM=view&pbancSn=178442,main,primary,2026친환경에너지오픈그라운드프로그램,공공기관,20260706~20260710,사업화,사업화
kst,178441,고려대기술지주(주) 판교인큐베이팅센터 입주기업 모집공고,"고려대학교기술지주는 판교지역에 신규 보육공간을 확보하고, 우수 기업의 입주 및 성장을 지원하고자 입주기업을 모집합니다. 
입주기업에는 공간 제공과 더불어 창업·사업화·투자연계 등 고려대학교기술지주의 보육 역량을 활용한 성장 지원이 제공될 예정이오니, 관심 있는 기업의 많은 신청 바랍니다.",시설/공간,민간,경기도,일반기업,기업,"만 20세 미만,만 20세 이상 ~ 만 39세 이하,만 40세 이상",,,"공고일 기준 사업자등록이 되어 있으며, 설립 7년 이내의 개인사업자 또는 법인사업자
- 우대사항 : TIPS(민간투자주도형 기술창업지원사업) 선정 기업",,7년미만,시설ㆍ공간ㆍ보육,20260706,20260710,,,이메일 접수: 공고문 확인 필요,https://www.k-startup.go.kr/web/contents/bizpbanc-ongoing.do?schM=view&pbancSn=178441,main,primary,고려대기술지주주판교인큐베이팅센터입주기업모집공고,민간,20260706~20260710,시설ㆍ공간ㆍ보육,시설ㆍ공간ㆍ보육
kst,178439,2026년 대전 스타트업스쿨 스타트업 리딩클래스 2회차,"대전창조경제혁신센터가 대전 스타트업 협의체 ‘다이노소어(Daejeon INitiative Of Startup And entrepreneUR)’와 함께 스타트업 네트워킹 프로그램을 진행하오니, 관심 있는 창업가, 스타트업 임직원 등의 많은 관심과 참여 부탁드립니다.",행사/네트워크,공공기관,대전광역시,"청소년,대학생,일반인,대학,연구기관,일반기업,1인 창조기업","기업,누구나,스타트업,청년,초기창업기업","만 20세 미만,만 20세 이상 ~ 만 39세 이하,만 40세 이상",,,스타트업 역량 강화에 관심이 있는 누구나,,"예비창업자,1년미만,2년미만,3년미만,5년미만,7년미만,10년미만",행사ㆍ네트워크,20260706,20260728,,,온라인 접수: http://nextstep.io.kr/startup-leading-class,https://www.k-startup.go.kr/web/contents/bizpbanc-ongoing.do?schM=view&pbancSn=178439,main,primary,2026년대전스타트업스쿨스타트업리딩클래스2회차,공공기관,20260706~20260728,행사ㆍ네트워크,행사ㆍ네트워크
kst,178438,NOROO Industrial Bio CONNECT 2026,「NOROO Industrial Bio CONNECT 2026」 오픈이노베이션 프로그램 참여할 기업·연구기관을 모집하오니 많은 참여를 바랍니다.,창업,민간,전국,"연구기관,일반기업",기업,"만 20세 이상 ~ 만 39세 이하,만 40세 이상",,,"3-HP 소재 응용, 기술을 보유한 중소·벤처기업 및 공공연구기관",,"1년미만,2년미만,3년미만,5년미만,7년미만,10년미만",사업화,20260707,20260731,,,"온라인 접수: https://event-us.kr/ibu/event/127472
이메일 접수: 공고문 확인 필요",https://www.k-startup.go.kr/web/contents/bizpbanc-ongoing.do?schM=view&pbancSn=178438,main,primary,norooindustrialbioconnect2026,민간,20260707~20260731,사업화,사업화
kst,178437,[재단법인 넥스트챌린지] 2026년 창업성장 Bridge-up 사업화 패키지 지원사업,서귀포시 내 유망 창업기업의 안정적인 성장 기반을 마련하고 시장 경쟁력을 확보하기 위해 사업화 지원금 및 투자유치 프로그램을 지원하는「2026 창업성장 Bridge-Up 사업화 패키지 지원사업」을 시행하오니 많은 참여 바랍니다.,창업,민간,제주특별자치도,"청소년,대학생,일반인,대학,연구기관,일반기업,1인 창조기업","기업,누구나,예비창업자,청년,초기창업기업","만 20세 미만,만 20세 이상 ~ 만 39세 이하,만 40세 이상",,,"공고일(2026.06.25.) 기준 서귀포시 내 소재지를 둔 창업기업
- Track 1. 초기기업: 예비창업 및 업력 3년 이내 창업기업
- Track 2. 도약기업: 업력 4년 이상 ~ 7년 이내 창업기업",,"예비창업자,1년미만,2년미만,3년미만,5년미만,7년미만",사업화,20260625,20260722,,,온라인 접수: https://startupbay.or.kr/acc/?q=YToxOntzOjEyOiJrZXl3b3JkX3R5cGUiO3M6MzoiYWxsIjt9&bmode=view&idx=171901178&t=board,https://www.k-startup.go.kr/web/contents/bizpbanc-ongoing.do?schM=view&pbancSn=178437,main,primary,재단법인넥스트챌린지2026년창업성장bridgeup사업화패키지지원사업,민간,20260625~20260722,사업화,사업화
kst,178436,2026년 대구콘텐츠코리아랩 추경 사업 미드폼 콘텐츠 제작지원 참가기업 모집,(재)대구디지털혁신진흥원에서는 「2026년 대구콘텐츠코리아랩 추경 사업 미드폼 콘텐츠 제작지원」 참가기업을 모집하오니 많은 참여 바랍니다.,창업,공공기관,대구광역시,일반기업,기업,"만 20세 미만,만 20세 이상 ~ 만 39세 이하,만 40세 이상",,,"대구 소재 콘텐츠 기업(업력 무관)

공고문 참고",,"예비창업자,1년미만,2년미만,3년미만,5년미만,7년미만,10년미만",사업화,20260706,20260727,,,온라인 접수: https://gvs.gosims.go.kr/,https://www.k-startup.go.kr/web/contents/bizpbanc-ongoing.do?schM=view&pbancSn=178436,main,primary,2026년대구콘텐츠코리아랩추경사업미드폼콘텐츠제작지원참가기업모집,공공기관,20260706~20260727,사업화,사업화
kst,178435,지역창업특화지원,제주 중장년 기술창업센터에서는 제주 지역에 특화된 인큐베이팅 및 액셀러레이팅을 통해 우수한 스타트업을 발굴하고 육성하기 위한 ‘2026년 제주 중장년 기술창업센터 입주기업 모집’을 공고하오니 많은 참여 바랍니다.,시설/공간,민간,제주특별자치도,"대학생,일반인,일반기업,1인 창조기업","기업,누구나,청년,초기창업기업","만 20세 이상 ~ 만 39세 이하,만 40세 이상",,,"만 40세 이상 예비 및 3년 이내 초기 창업자

※ 일부 좌석은 7년 이내 창업기업 입주가능(연령 무관)",,"예비창업자,1년미만,2년미만,3년미만,5년미만,7년미만",시설ㆍ공간ㆍ보육,20260703,20260729,,,온라인 접수: https://startupbay.or.kr/acc/?q=YToxOntzOjEyOiJrZXl3b3JkX3R5cGUiO3M6MzoiYWxsIjt9&bmode=view&idx=172130206&t=board,https://www.k-startup.go.kr/web/contents/bizpbanc-ongoing.do?schM=view&pbancSn=178435,main,primary,지역창업특화지원,민간,20260703~20260729,시설ㆍ공간ㆍ보육,시설ㆍ공간ㆍ보육
kst,178434,2026 수원기업IR데이 수원. 판(PANN) 참여 기업 추가 모집,수원시 소재의 우수한 기술력과 성장 잠재력을 갖춘 중소・벤처・창업기업을 발굴하고 IR 역량 강화와 투자유치 기회 확대를 위한 「수원기업 IR데이 수원.판(PANN)」의 참여기업 추가 모집을 아래와 같이 공고합니다.,교육/멘토링,민간,경기도,"청소년,대학생,일반인,대학,연구기관,일반기업,1인 창조기업","기업,누구나,청년,초기창업기업","만 20세 미만,만 20세 이상 ~ 만 39세 이하,만 40세 이상",,,"- 모집분야 : 창업초기, 소재‧부품‧장비, 바이오, 초격차 등
- 수원시 소재 중소‧벤처‧창업기업 및 창업예정자
- 2026년 본사, 지점, 부설연구소, 공장 설립 기업 또는 이전 예정 기업

1. 국세 또는 지방세를 체납 중(징수유예 포함)인 자(기업)
2. 한국신용정보원의 “일반신용정보관리규약”에 따라 연체, 대위변제·대지급, 부도, 관련인, 금융질서문란, 화의·법정관리·기업회생신청·청산절차 등 정보가 등록되어 있는 자(기업)
* 단, 신용회복위원회의 프리워크아웃, 개인워크아웃 제도에서 채무조정합의서를 체결한 경우, 법원의 개인회생제도에서 변제계획인가를 받거나 파산면책 선고자, 회생인가를 받은 기업은 신청 가능
3. 신청요건에 적합하지 않거나 신청내용이 사업목적에 부합하지 않는 경우
4. 신청일 현재 휴업중인 기업
5. 기타 참여 제한의 사유가 있다고 인정하는 자(기업)",,"예비창업자,1년미만,2년미만,3년미만,5년미만,7년미만,10년미만",멘토링ㆍ컨설팅ㆍ교육,20260706,20260715,,,이메일 접수: 공고문 확인 필요,https://www.k-startup.go.kr/web/contents/bizpbanc-ongoing.do?schM=view&pbancSn=178434,main,primary,2026수원기업ir데이수원판pann참여기업추가모집,민간,20260706~20260715,멘토링ㆍ컨설팅ㆍ교육,멘토링ㆍ컨설팅ㆍ교육
kst,178433,(신규창업지원사업) 창업On 희망On  참여기업 모집,영덕군 지역자원을 활용한 창업 지원으로 지역경제 활성화를 도모하기 위한 창업On 희망On 참여자를 다음과 같이 모집합니다.,창업,공공기관,경상북도,"대학생,일반인,일반기업,1인 창조기업","기업,누구나,예비창업자,청년,초기창업기업","만 20세 이상 ~ 만 39세 이하,만 40세 이상",,,"ㅇ영덕군 내 창업 예정 또는 유지
  - 예비창업자: 영덕군 내에서 창업을 희망하시는 분
  - 이종창업자: 기존 사업과 다른 업종으로 영덕에 창업을 희망하는 자
  - 기존창업자 : 공고일 기준 영덕군에 본점을 두고 있는 창업 1년 미만 기업
ㅇ연령 조건 : 만 18세 이상 성인 (2008. 7. 3. 이전 출생자)
ㅇ우대사항 : 신청일 기준 영덕군 내 주민등록을 두고 실제 거주하는 자",,"예비창업자,1년미만",사업화,20260703,20260710,,,"온라인 접수: https://forms.gle/nbPiJwLSaYGmFy6J7
이메일 접수: 공고문 확인 필요",https://www.k-startup.go.kr/web/contents/bizpbanc-ongoing.do?schM=view&pbancSn=178433,main,primary,신규창업지원사업창업on희망on참여기업모집,공공기관,20260703~20260710,사업화,사업화
kst,178432,2026년 서울시 프렙 아카데미 하반기 11기 교육생 모집(7/6~8/3),"청년 예비 창업자에게 실무 중심의 체계적인 프로그램을 제공하여 경쟁력과
역량을 갖춘 창업가로 육성하고, 골목상권에 활기를 공급할 수 있도록
｢서울시 프렙 아카데미」교육생을 아래와 같이 모집합니다.",교육/멘토링,공공기관,서울특별시,"대학생,일반인","누구나,청년",만 20세 이상 ~ 만 39세 이하,20,39,"서울시 거주 외식업 창업 희망 청년(만 19세~39세, 신청일 기준)
※ 의무복무 제대군인의 경우 모집대상 연령 기준에 최대 3년 가산",,예비창업자,멘토링ㆍ컨설팅ㆍ교육,20260706,20260803,,,온라인 접수: https://www.seoulsbdc.or.kr/bsinfo/TRDAR_ACADEMY.do,https://www.k-startup.go.kr/web/contents/bizpbanc-ongoing.do?schM=view&pbancSn=178432,main,primary,2026년서울시프렙아카데미하반기11기교육생모집7683,공공기관,20260706~20260803,멘토링ㆍ컨설팅ㆍ교육,멘토링ㆍ컨설팅ㆍ교육
kst,178431,2026 SVC Seoul Membership(Global) Recruitment Announcement,"We hereby announce the recruitment of startup companies to participate in the ""SVC Seoul Global Membership"" designed to support foreign startup companies wishing to enter the Korean market in settling down within the domestic startup ecosystem and establishing a foundation for commercialization.",시설/공간,공공기관,전국,"청소년,대학생,일반인,대학,연구기관,일반기업,1인 창조기업","기업,누구나,청년,초기창업기업","만 20세 미만,만 20세 이상 ~ 만 39세 이하,만 40세 이상",,,"Prospective entrepreneurs or startup companies with less than 7 years of business operation history who wish to establish a business in Korea or enter the Korean market. 
* Reference to the Announcement

* Reference to the Announcement",,"예비창업자,7년미만,10년미만",시설ㆍ공간ㆍ보육,20260706,20260720,,,"기타 접수: <p class=""txt-button"">Online Register :<a href=""javascript:fn_open_window('https://airtable.com/appqfcK5K8sbiUYQ5/pagUoOCii6OPMWPZd/form');"" class=""btn_by-bl"" title=""새창으로 열기"">Registered Business</a><a href=""javascript:fn_open_window('https://airtable.com/appP54aKtJK5IZGgE/pagUoOCii6OPMWPZd/form');"" class=""btn_by-bl"" title=""새창으로 열기"">Pre-founder</a></p>",https://www.k-startup.go.kr/web/contents/bizpbanc-ongoing.do?schM=view&pbancSn=178431,main,primary,2026svcseoulmembershipglobalrecruitmentannouncement,공공기관,20260706~20260720,시설ㆍ공간ㆍ보육,시설ㆍ공간ㆍ보육
kst,178430,서울창업허브 공덕 (우수기업 발굴·육성),"서울경제진흥원(SBA) 서울창업허브 공덕에서는 기관 파트너를 통해 성장가능성이 검증된 우수 스타트업을 추천받아 역량강화 및 
성장지원 프로그램 등 보육을 통해 유니콘 기업으로 육성하고자 하오니, 
서울창업허브 공덕과 함께 성장하길 희망하는 기업의 많은 관심과 참여바랍니다.
❑ 모집대상
 추천 기준을 충족하고 자격을 갖춘 공공 및 민간의 추천을 받은 스타트업으로 계약체결일(‘26. 09. 10.) 기준 창업 7년 이내 기업
 ※ 단, 신산업 분야의 경우 업력 10년 이내까지 가능
❑ 모집규모
 8개사 내외 (4인실~20인실) (4~20인실/ 4인실-5, 15인실-1, 20인실-2)
 ※ 운영 상황에 따라 모집 및 호실 규모는 변경될 수 있습니다.
❑ 추천기준
 ① 최근 1년이내 1억원 이상 (후속) 투자 유치 완료 또는 예정 기업
 ② 최근 1년이내 3억원 이상(국내외 포함) 매출 달성 또는 예정 기업
 ③ 정부·공공기관의 사업화지원금(정부지원금 기준) 1억원 이상 유치 또는 예정 기업
 ※ ① ~ ③ 조건 중 1개 이상 충족 기업 
 ※ 별첨의 「서울창업허브 공덕 업무협약 체결기관/기업 리스트」에 포함된 기관만 추천기관으로 인정하며, 그 외 기관의 추천은 인정하지 않습니다.
 ※ 추천기관의 추천서를",시설/공간,공공기관,서울특별시,"대학생,일반인,대학,연구기관,일반기업,1인 창조기업","기업,누구나,청년,초기창업기업","만 20세 이상 ~ 만 39세 이하,만 40세 이상",,,"추천 기준을 충족하고 자격을 갖춘 공공 및 민간의 추천을 받은 스타트업으로 계약체결일(‘26. 09. 10.) 기준 창업 7년 이내 기업
  ※ 단, 신산업 분야의 경우 업력 10년 이내까지 가능",,"1년미만,2년미만,3년미만,5년미만,7년미만,10년미만",시설ㆍ공간ㆍ보육,20260706,20260716,,,온라인 접수: https://www.startup-plus.kr/project/PRJ007245,https://www.k-startup.go.kr/web/contents/bizpbanc-ongoing.do?schM=view&pbancSn=178430,main,primary,서울창업허브공덕우수기업발굴육성,공공기관,20260706~20260716,시설ㆍ공간ㆍ보육,시설ㆍ공간ㆍ보육
kst,178429,TIPS 추천과 SEED~시리즈A 라운드 기상·기후테크 기업 투자유치 지원 프로그램 참가 안내,기상청과 한국기상산업기술원에서 기상산업의 진흥·발전을 위해 기상·기후테크 기업의 맞춤형 투자유치와 TIPS(팁스) 프로그램 추천과 연계를 지원하오니 해당 기업의 많은 관심과 참여를 바랍니다.,창업,공공기관,전국,"청소년,대학생,일반인,대학,연구기관,일반기업,1인 창조기업","기업,누구나,청년,초기창업기업","만 20세 미만,만 20세 이상 ~ 만 39세 이하,만 40세 이상",,,"기상·기후테크 기업으로 투자유치 역량 강화, TIPS(팁스) 추천 연계, SEED ~ 시리즈 A 라운드 투자유치를 희망하는 기업(업력 무관, 창업 예정자 포함)",,"예비창업자,1년미만,2년미만,3년미만,5년미만,7년미만,10년미만",사업화,20260704,20260724,,,온라인 접수: https://forms.gle/Tf5bQ5DS9rLCFhEA8,https://www.k-startup.go.kr/web/contents/bizpbanc-ongoing.do?schM=view&pbancSn=178429,main,primary,tips추천과seed시리즈a라운드기상기후테크기업투자유치지원프로그램참가안내,공공기관,20260704~20260724,사업화,사업화
kst,178428,로그인로컬(#Login Local) 지역실증형 오픈이노베이션,"강원, 경남, 대전, 부산, 서울, 전남, 제주 창조경제혁신센터는 디캠프(DCAMP), 서울경제진흥원(SBA)와 협력하여 지역의 실질적인 현안 해결과 스타트업의 지역 실증 기회 확대 및 지역 균형발전을 위해 「로그인로컬(#Login Local) 지역실증형 오픈이노베이션」 참여기업을 다음과 같이 모집하오니 많은 관심과 참여 바랍니다.",행사/네트워크,공공기관,전국,"청소년,대학생,일반인,대학,연구기관,일반기업,1인 창조기업","기업,누구나,예비창업자,청년,초기창업기업","만 20세 미만,만 20세 이상 ~ 만 39세 이하,만 40세 이상",,,"지역 현안 과제 해결 실증 수행이 가능한 설립 10년 미만 창업기업

예비창업자",,"1년미만,2년미만,3년미만,5년미만,7년미만,10년미만",행사ㆍ네트워크,20260706,20260731,,,온라인 접수: https://scceioi.kr/2026/localoi/index.php,https://www.k-startup.go.kr/web/contents/bizpbanc-ongoing.do?schM=view&pbancSn=178428,main,primary,로그인로컬loginlocal지역실증형오픈이노베이션,공공기관,20260706~20260731,행사ㆍ네트워크,행사ㆍ네트워크
kst,178427,2026 서울테크서밋: AI x Bio 포럼,2026년 서울테크서밋 AI X Bio 오픈이노베이션 포럼의 개최를 다음과 같이 공고하오니 참여를 희망하는 분께서는 절차에 따라 신청하여 주시기 바랍니다.,행사/네트워크,공공기관,서울특별시,"일반인,대학,연구기관,일반기업","기업,누구나","만 20세 미만,만 20세 이상 ~ 만 39세 이하,만 40세 이상",,,"서울 소재 AI·Bio 산업 분야의 중소기업 관계자, 종합병원, 대기업, VC 및 공공기관(시험인증기관) 등",,"예비창업자,1년미만,2년미만,3년미만,5년미만,7년미만,10년미만",행사ㆍ네트워크,20260703,20260716,,,"온라인 접수: https://koreatechsummit.com/apply
방문 접수: 행사 당일 현장접수: 서울특별시 중구 소공로 119 (더 플라자 호텔 서울)",https://www.k-startup.go.kr/web/contents/bizpbanc-ongoing.do?schM=view&pbancSn=178427,main,primary,2026서울테크서밋aixbio포럼,공공기관,20260703~20260716,행사ㆍ네트워크,행사ㆍ네트워크
kst,178426,재도전성공패키지,"『다시 쓰는 성공기』제14회 재도전 사례 공모전을 다음과 같이 공고하오니, 많은 관심과 적극적인 참여 바랍니다.",행사/네트워크,공공기관,전국,"청소년,대학생,일반인,대학,연구기관,일반기업,1인 창조기업","기업,누구나,청년,초기창업기업","만 20세 미만,만 20세 이상 ~ 만 39세 이하,만 40세 이상",,,"폐업 이력이 있는 재창업기업의 대표

재도전 사례 공모전(1~13회) 수상자",,"예비창업자,1년미만,2년미만,3년미만,5년미만,7년미만,10년미만",행사ㆍ네트워크,20260721,20260820,,,온라인 접수: https://www.k-startup.go.kr/web/contents/webPMSBizUnvs.do?returnUrl=/screen/BMO1201M01?cermnPbancId=10964&pbancType=event,https://www.k-startup.go.kr/web/contents/bizpbanc-ongoing.do?schM=view&pbancSn=178426,main,primary,재도전성공패키지,공공기관,20260721~20260820,행사ㆍ네트워크,행사ㆍ네트워크
kst,178425,[코레일유통/본사] 제7차 청년창업 제휴사업자 모집공고,"코레일유통(주) 청년창업 지원사업에 따른 매장 운영자 모집공고를 시행하오니, 참여를 희망하는 예비창업자 및 청년창업자는 참여해 주시길 바랍니다.
■ 공고대상 매장 : 압구정로데오역 맞이방(분식/43.0㎡)
■ 접수방법 : 코레일유통(주) 홈페이지 https://www.korailretail.com - 파트너십 - 청년창업 지원안내/공고 - 청년창업 신규공고
■ 비고사항 : [붙임8] 청년창업 전자입찰프로세스 매뉴얼 확인 必",시설/공간,공공기관,전국,"대학생,일반인","누구나,예비창업자,청년",만 20세 이상 ~ 만 39세 이하,20,39,"1. 공고일 기준 만 18세 이상 39세 이하
2. 공고일 기준 사업자등록을 하지 않은 예비창업자 또는 창업 후 3년 이하인 ｢중소기업기본법｣ 제2조 2항에 따른 소기업을 영위하는 자
(대표자 연령 조건 충족해야 함)
3. 계약 체결 후 7일 이내 일반과세 사업자등록이 가능하고 시설투자 가능자
4. 프랜차이즈 미가맹 사업자로, 고유의 브랜드 및 레시피로 운영가능한 자

- 회사와 특수관계에 있는 자 또는 공공성 확보를 위해 다음에 해당하는 경우 참가를 제한
1. 코레일유통(주) 청년창업 지원매장 운영자로 선정된 자와 그 배우자 및 직계혈족
2. 코레일유통(주) 부정당업체로 지정된 업체(자)와 그 배우자 및 직계혈족
3. 기존 계약자(공고일 기준)
① 우리사 편의점 및 자판기 관련 계약 중이거나 과거 계약 이력이 있는 자와 그 배우자 및 직계혈족
② 우리사 상설전문점 운영 중이거나 과거 계약 이력이 있는 자와 그 배우자 및 직계혈족
4. 회사와 특수관계인 관련(공고일 기준)
① 모집시작일 기준 퇴직 후 2년이 경과 하지 않은 전직 임직원의 직계혈족
② 모집시작일 기준 한국철도공사 및 그 계열사에 재직 중인 임직원과 그 배우자 및 직계혈족
5. 공고일 현재 상업시설 운영 중인 자로 점포 수 확대를 목적으로 지원하는 자와 그 배우자 및 직계혈족",,"예비창업자,3년미만",시설ㆍ공간ㆍ보육,20260703,20260713,,,온라인 접수: www.korailretail.com,https://www.k-startup.go.kr/web/contents/bizpbanc-ongoing.do?schM=view&pbancSn=178425,main,primary,코레일유통본사제7차청년창업제휴사업자모집공고,공공기관,20260703~20260713,시설ㆍ공간ㆍ보육,시설ㆍ공간ㆍ보육
kst,178424,[벙커샷 파트너스] 컴퍼니빌딩 프로그램 참가기업 모집 공고,"'세상을 바꿀 혁신적인 아이디어와 뜨거운 열정을 품은 창업가를 찾습니다.'
(주)벙커샷 파트너스는 여러분의 가슴 뛰는 비전이 성공적인 비즈니스로 안착할 수 있도록 처음부터 끝까지 함께 뛸 파트너입니다.
머릿속에 머물러 있는 좋은 아이디어를 세상에 증명해 내고 싶은 분, 실패를 두려워하지 않는 열정으로 무장한 (예비)창업가 및 초기 기업의 거침없는 도전을 기다립니다. 
혁신을 향한 열정만 있다면, 압도적인 성장의 길은 벙커샷 파트너스가 함께 개척하겠습니다.",창업,민간,전국,"청소년,대학생,일반인,대학,연구기관,일반기업,1인 창조기업","기업,누구나,예비창업자,청년,초기창업기업","만 20세 미만,만 20세 이상 ~ 만 39세 이하,만 40세 이상",,,"예비창업자, 1년미만 초기 기업",,"예비창업자,1년미만",사업화,20260701,20260731,,,온라인 접수: https://www.bunkershot.co.kr/,https://www.k-startup.go.kr/web/contents/bizpbanc-ongoing.do?schM=view&pbancSn=178424,main,primary,벙커샷파트너스컴퍼니빌딩프로그램참가기업모집공고,민간,20260701~20260731,사업화,사업화
kst,178423,2026 한난 온랩(On-Lab) 프로그램 참가팀 모집(~7/24),"「2026 한난 온랩(On-Lab)」 참가팀을 모집하오니, 미래기술(AX·GX), 친환경, 에너지 분야의 우수한 아이디어와 기술을 보유한 예비 창업팀의 많은 관심과 참여 바랍니다.",창업,민간,전국,"대학생,일반인","누구나,청년",만 20세 이상 ~ 만 39세 이하,20,39,"- 예비 창업팀 
공고일(‘26.7.1.) 기준, 아래 ①, ②를 모두 충족하는 팀
 ① 대표자가 대한민국 국적의 만 19세 이상, 39세 이하인 팀
 ② 예비 창업팀(법인 등록 포함 사업자등록을 하지 않은 자

공고일(‘26.7.1.) 기준, 아래 ① 또는 ②에 해당하는 팀
 ① 최근 3년간(‘23.7.1. 이후)* 동일한 사업 아이디어나 아이템으로 공공 또는 민간 기관/단체로부터 
5천만원 초과의 상금 또는 창업지원금(자부담액 제외)을 받은 자 
* 상금(대회일 기준), 창업지원금(지원기간 종료일 기준) 각 5천만원 초과시 결격사유
 ② 정부지원사업에 참여 제한으로 제재 중인 자",,예비창업자,사업화,20260701,20260724,,,온라인 접수: https://koef.or.kr/board/notice_view.php?ARTICLE_SEQ=5481&page=1&SEARCH_COND=&SEARCH_WORD=&CATEGORY_SEQ=,https://www.k-startup.go.kr/web/contents/bizpbanc-ongoing.do?schM=view&pbancSn=178423,main,primary,2026한난온랩onlab프로그램참가팀모집724,민간,20260701~20260724,사업화,사업화
kst,178422,중앙대-금천구 창업 협력공간(창업교육스튜디오) 입주자 모집 공고,“중앙대학교 산학협력단”에서는 (예비)창업자의 체계적인 육성과 창업성공률 제고를 위해 본 스튜디오에 입주할 기업을 모집하고자 다음과 같이 공고하오니 많은 신청 바랍니다.,시설/공간,교육기관,전국,"대학생,일반인,대학,연구기관,일반기업,1인 창조기업","기업,누구나,예비창업자,청년,초기창업기업","만 20세 이상 ~ 만 39세 이하,만 40세 이상",,,"아래 두가지 요건을 모두 충족하는 (예비)창업자 및 기업

1) 중앙대학교 교원, 중앙대학교 교원 및 학생 창업기업, 중앙대학교 산학협력단 가족회사(가입 예정 포함) 또는 금천구 소재 기업
(대표자가 금천구 거주자인 경우 포함, 선정 시 가족회사 가입 필요)

2) 중앙대학교와 산학연 상생협력 프로그램 참여 가능 (예비)창업자 및 기업
※ 금천구 소재 기업의 경우, 최종 선정 시 중앙대학교 산학협력단 가족회사 가입 必
※ 개인사업자는 사업자등록증 상의 개업일자, 법인사업자는 법인등기부등본 상의 법인설립 등기일자를 기준으로 함
※ 예비창업자는 입주기준일 이후 6개월 이내 법인등록(가족회사 가입 예정자의 경우 가족회사 가입 포함)을 완료하여야 함

중소기업창업지원법 상 창업제외 업종*
- 금융기관 등으로부터 채무 불이행자로 규제중인 자
- 국세 또는 지방세를 체납중인 자
- 각종 정부 지원 사업에 참여제한으로 제재중인 자
- 휴․폐업 중에 있는 자
- 허위, 그밖에 부정한 방법으로 신청서류를 제출한 경우
- 기타 ‘피성년후견인’, ‘피한정후견인’, ‘파산선고를 받고 복권되지 아니한 사람’, ‘금고 이상의 실형을 선고 받고 그 집행이 끝나거나
집행이 면제된 날로부터 3년이 지나지 아니한 사람’ 또는 그 사람이 대표자로 있는 기업 등 판단에 따라 입주가 적합하지 않은 경우

중소기업창업지원법 상 창업제외 업종*
1. 금융 및 보험업
2. 부동산업
3. 숙박 및 음식점업
4. 무도장 운영업
5. 골프장 및 스키장 운영업
6. 기타 갬블링 및 베팅업",,"예비창업자,1년미만,2년미만,3년미만,5년미만,7년미만,10년미만",시설ㆍ공간ㆍ보육,20260703,20260802,,,이메일 접수: 공고문 확인 필요,https://www.k-startup.go.kr/web/contents/bizpbanc-ongoing.do?schM=view&pbancSn=178422,main,primary,중앙대금천구창업협력공간창업교육스튜디오입주자모집공고,교육기관,20260703~20260802,시설ㆍ공간ㆍ보육,시설ㆍ공간ㆍ보육
kst,178421,청년 취·창업 아카데미 「청취캠퍼스」4기 추가 모집,야탑유스센터에서는 청년들의 취업과 창업 지원을 위하여 다음과 같이 공고하오니 참여를 희망하는 청년은 안내 따라 신청하기 바랍니다.,교육/멘토링,공공기관,경기도,"대학생,일반인","누구나,청년",만 20세 이상 ~ 만 39세 이하,20,39,성남시 활동·거주·재학·재직 중인 만19~39세 청년,,"예비창업자,1년미만,2년미만,3년미만",멘토링ㆍ컨설팅ㆍ교육,20260703,20260717,,,온라인 접수: https://bit.ly/4nVLpoN,https://www.k-startup.go.kr/web/contents/bizpbanc-ongoing.do?schM=view&pbancSn=178421,main,primary,청년취창업아카데미청취캠퍼스4기추가모집,공공기관,20260703~20260717,멘토링ㆍ컨설팅ㆍ교육,멘토링ㆍ컨설팅ㆍ교육
kst,178420,신기술 콘텐츠 전문인력 양성 과정(JB-NEXCON) 교육생 모집,전북특별자치도콘텐츠융합진흥원에서는 생성형 AI와 신기술을 활용한 콘텐츠 산업을 선도할 전문인력을 양성하기 위하여 「신기술 콘텐츠 전문인력 양성 과정(JB-NEXCON)」 교육생을 다음과 같이 모집하오니 많은 관심과 참여 바랍니다.,교육/멘토링,공공기관,전북특별자치도,"대학생,일반인","누구나,청년",만 20세 이상 ~ 만 39세 이하,20,39,"다음 요건을 모두 충족하는 자
  - 만 19세 이상 ~ 만 39세 이하(2006년 이후 출생자)의 전북특별자치도 거주자
  - 학력 및 전공 제한 없음(단, 대학교 1·2학년 재학생 제외)
  - 교육과정 및 인턴십 전 일정 참여가 가능한 자
  - 생성형 AI 및 콘텐츠 제작 분야에 관심이 있고 취·창업 또는 콘텐츠 제작 역량 향상을 희망하는 자

다음 각 호에 해당하는 자
  - 대한민국 국적이 아닌 자
  - 공고문에서 정한 결격사유에 해당하는 자
  - 교육 전 일정 참여가 어려운 자
  - 기타 교육생 선발이 부적합하다고 인정되는 자

※ 세부 결격사유는 모집공고문 참조",,1년미만,멘토링ㆍ컨설팅ㆍ교육,20260629,20260724,,,온라인 접수: https://url.kr/focgsq,https://www.k-startup.go.kr/web/contents/bizpbanc-ongoing.do?schM=view&pbancSn=178420,main,primary,신기술콘텐츠전문인력양성과정jbnexcon교육생모집,공공기관,20260629~20260724,멘토링ㆍ컨설팅ㆍ교육,멘토링ㆍ컨설팅ㆍ교육
kst,178419,메이커 스페이스,"창의적인 시제품 아이디어를 가진 학생을 모집하오니 참여를 희망하는 대학생, 대학원생은 안내 따라 신청하기 바랍니다.",시설/공간,교육기관,서울특별시,"대학생,대학",청년,"만 20세 미만,만 20세 이상 ~ 만 39세 이하,만 40세 이상",,,"창의적인 시제품 아이디어를 가진 대학생, 대학원 재학생",,"예비창업자,1년미만,2년미만,3년미만,5년미만,7년미만,10년미만",시설ㆍ공간ㆍ보육,20260706,20260713,,,온라인 접수: http://forms.gle/aQergyjmPS6ETpp39,https://www.k-startup.go.kr/web/contents/bizpbanc-ongoing.do?schM=view&pbancSn=178419,main,primary,메이커스페이스,교육기관,20260706~20260713,시설ㆍ공간ㆍ보육,시설ㆍ공간ㆍ보육
kst,178418,충북대학교 『글로벌(G)테크벤처센터(BI) 』 입주기업 모집,"국립거점대학 충북대학교와 충북중소벤처기업청에서는 지역 유망 중소․벤처기업의 발굴 육성을 통해 지역경제 활성화 기여 및 고용창출을 선도하기 위하여 글로벌테크벤처센터(POST-BI)에 입주 할, 우수한 기술력과 사업 역량을 가진 유망 벤처기업 및 신기술 창업자를 아래와 같이 모집 공고합니다",시설/공간,교육기관,충청북도,"청소년,대학생,일반인,대학,연구기관,일반기업,1인 창조기업","기업,누구나,청년,초기창업기업","만 20세 미만,만 20세 이상 ~ 만 39세 이하,만 40세 이상",,,"- 본사 or 연구소 or 지점사업자 or 창업보육센터 졸업기업 입주 가능
- (창업자) 창업 후 7년이 경과 되지 않은 기업(창업일자기준)
- 우대 가점기업 : 여성기업, 사회적기업, 협동조합, 장애인기업, 내일채움공제가입기업, 창조경제혁신센터 및 청년창업사관학교 학생창업기업 등 우대

1. 중소기업창업지원법 제43조 제4항 제4호에 의거 입주 제외대상 업종
2. 소음, 진동, 약품, 악취, 폐기물 발생 등 환경 침해 및 공해 유발 업체
3. 금융기관으로부터 신용불량으로 규제중인 자
4. 기타, 입주선정심의위원회에서 부적절하다고 판단되는 기업",,"예비창업자,1년미만,2년미만,3년미만,5년미만,7년미만",시설ㆍ공간ㆍ보육,20260703,20260731,,,"온라인 접수: https://cb-postbi.cbnu.ac.kr/community_06_06
방문 접수: (28420) 충북 청주시 흥덕구 가로수로 1251 (복대동) 충북대학교 G테크벤처센터 107호",https://www.k-startup.go.kr/web/contents/bizpbanc-ongoing.do?schM=view&pbancSn=178418,main,primary,충북대학교글로벌g테크벤처센터bi입주기업모집,교육기관,20260703~20260731,시설ㆍ공간ㆍ보육,시설ㆍ공간ㆍ보육
kst,178415,글로벌 온라인 오피스아워(대만) 참여 기업 모집(~7/10),"부산창조경제혁신센터는 대만 타이베이 기반 액셀러레이터 886 Studios와 함께,
국내 스타트업의 글로벌 진출 및 해외 투자 연계 가능성을 모색하기 위한 온라인 밋업 프로그램을 추진하고자 합니다.",판로/수출,공공기관,전국,"청소년,대학생,일반인,대학,연구기관,일반기업,1인 창조기업","기업,누구나,청년,초기창업기업","만 20세 미만,만 20세 이상 ~ 만 39세 이하,만 40세 이상",,,"참여대상 : 글로벌(대만, 미국) 진출 및 해외 투자 유치를 희망하는 초기 스타트업

  - 기술분야 : AI·소프트웨어·게임·소셜·생산성·엔터테인먼트·B2B SaaS 분야",,"예비창업자,1년미만,2년미만,3년미만,5년미만",판로ㆍ해외진출,20260703,20260710,,,온라인 접수: https://docs.google.com/forms/d/e/1FAIpQLSdG-qn7RH-klgNj-_cU8__C3WqTv1f0LJgpeCoSI1KKhtMC-g/viewform,https://www.k-startup.go.kr/web/contents/bizpbanc-ongoing.do?schM=view&pbancSn=178415,main,primary,글로벌온라인오피스아워대만참여기업모집710,공공기관,20260703~20260710,판로ㆍ해외진출,판로ㆍ해외진출
kst,178414,2026년 민간 산림복지 창업·성장 패키지 FOR:RESTART(재기지원패키지) 참가자 모집,2026년 민간 산림복지 창업·성장 패키지FOR:RESTART(재기지원패키지)를 공고하오니 참여를 희망하는 기업은 신청하시길 바랍니다.,창업,공공기관,전국,"청소년,대학생,일반인,대학,연구기관,일반기업,1인 창조기업","기업,누구나,청년,초기창업기업","만 20세 미만,만 20세 이상 ~ 만 39세 이하,만 40세 이상",,,"- 산림복지 분야 실패 경험을 보유한 예비/초기 재창업자
   * (예비 재창업자) 폐업(또는 전문업 등록취소) 경험이 있는 자
   * (초기 재창업자) 공고 마감일 기준 폐업(또는 전문업 등록취소)한 후 재창업(또는 전문업 신규등록)한 지 7년 이내인 자",,"예비창업자,1년미만,2년미만,3년미만,5년미만,7년미만,10년미만",사업화,20260703,20260713,,,이메일 접수: 공고문 확인 필요,https://www.k-startup.go.kr/web/contents/bizpbanc-ongoing.do?schM=view&pbancSn=178414,main,primary,2026년민간산림복지창업성장패키지forrestart재기지원패키지참가자모집,공공기관,20260703~20260713,사업화,사업화
kst,178413,[국비교육]노코드플랫폼활용 창업올인원패키지 참가자 모집,노코드·AI기반 창업 실행 역량을 갖춘 여성 창업가를 양성하기 위해 다음과 같이 모집합니다.,교육/멘토링,민간,경기도,"청소년,대학생,일반인,대학,연구기관,일반기업,1인 창조기업","기업,누구나,청년,초기창업기업","만 20세 미만,만 20세 이상 ~ 만 39세 이하,만 40세 이상",,,"• 창업의지와 목표가 분명한 예비 창업자 및 초기창업자 대상
 • 창업 아이템과 사업 아이디어를 보유하고 있는 창업 희망 여성",,"예비창업자,1년미만,2년미만,3년미만",멘토링ㆍ컨설팅ㆍ교육,20260703,20260716,,,"온라인 접수: https://link24.kr/4505I5n
이메일 접수: 공고문 확인 필요",https://www.k-startup.go.kr/web/contents/bizpbanc-ongoing.do?schM=view&pbancSn=178413,main,primary,국비교육노코드플랫폼활용창업올인원패키지참가자모집,민간,20260703~20260716,멘토링ㆍ컨설팅ㆍ교육,멘토링ㆍ컨설팅ㆍ교육
kst,178412,2026년 민간 산림복지 창업·성장 패키지 “FOR:SEED [예비창업패키지],2026년 민간 산림복지 창업·성장 패키지 FOR:SEED [예비창업패키지] 모집 을 다음과 같이 공고하오니 참여 희망자는 안내에 따라 신청하기 바랍니다.,교육/멘토링,공공기관,전국,"청소년,대학생,일반인,대학,연구기관,일반기업,1인 창조기업","기업,누구나,예비창업자,청년,초기창업기업","만 20세 미만,만 20세 이상 ~ 만 39세 이하,만 40세 이상",,,산림복지전문업 창업에 관심이 있는 예비창업자 또는 사업자등록 5년 미만 기업 중 산림복지전문업 미등록 기업,,"예비창업자,1년미만,2년미만,3년미만,5년미만,7년미만,10년미만",멘토링ㆍ컨설팅ㆍ교육,20260703,20260711,,,이메일 접수: 공고문 확인 필요,https://www.k-startup.go.kr/web/contents/bizpbanc-ongoing.do?schM=view&pbancSn=178412,main,primary,2026년민간산림복지창업성장패키지forseed예비창업패키지,공공기관,20260703~20260711,멘토링ㆍ컨설팅ㆍ교육,멘토링ㆍ컨설팅ㆍ교육
kst,178411,2026년 민간 산림복지 창업·성장 패키지 “FOR:GROW [초기창업패키지] 모집,2026년 민간 산림복지 창업·성장 패키지 “FOR:GROW [초기창업패키지] 모집 을 다음과 같이 공고하오니 참여 희망자는 안내에 따라 신청하기 바랍니다.,창업,공공기관,전국,"청소년,대학생,일반인,대학,연구기관,일반기업,1인 창조기업","기업,누구나,청년,초기창업기업","만 20세 미만,만 20세 이상 ~ 만 39세 이하,만 40세 이상",,,"산림복지 분야에서 사업화 가능한 상품 또는 서비스 모델*을 보유하고 있으며, 사업화 지원을 받고자 하는 기업",,"예비창업자,1년미만,2년미만,3년미만,5년미만,7년미만,10년미만",사업화,20260703,20260706,,,이메일 접수: 공고문 확인 필요,https://www.k-startup.go.kr/web/contents/bizpbanc-ongoing.do?schM=view&pbancSn=178411,main,primary,2026년민간산림복지창업성장패키지forgrow초기창업패키지모집,공공기관,20260703~20260706,사업화,사업화
kst,178410,2026년 용인 오픈이노베이션 교류회 2회차,"2026년 용인 오픈이노베이션 교류회 2회차(스마트시티) 참가 안내 드리오니,
참여를 희망하시는 경우 아래 링크를 통해 신청해주시기 바랍니다.",창업,민간,전국,"청소년,대학생,일반인,대학,연구기관,일반기업,1인 창조기업","기업,누구나,청년,초기창업기업","만 20세 미만,만 20세 이상 ~ 만 39세 이하,만 40세 이상",,,"전국에 있는 오픈이노베이션에 관심있는 기업 및 관계자 (선착순)

해당없음",,"예비창업자,1년미만,2년미만,3년미만,5년미만,7년미만,10년미만",창업교육,20260702,20260714,,,온라인 접수: https://vo.la/2LkcV1P,https://www.k-startup.go.kr/web/contents/bizpbanc-ongoing.do?schM=view&pbancSn=178410,main,primary,2026년용인오픈이노베이션교류회2회차,민간,20260702~20260714,창업교육,창업교육
kst,178409,경기 스타트업 아카데미 운영,경기도와 경기도경제과학진흥원은 도내 우수 스타트업을 대상으로 ‘유니콘 기업’으로의 성장에 필요한 역량 강화 프로그램을 지원하기 위하여 2026년 경기 스타트업 아카데미 「글로벌 유니콘 캠퍼스 과정」에 참여할 유망 경기 기업을 모집하오니 관심 있는 기업의 많은 참여 바랍니다.,교육/멘토링,공공기관,경기도,일반기업,"기업,스타트업","만 20세 미만,만 20세 이상 ~ 만 39세 이하,만 40세 이상",,,"글로벌 시장 진출을 희망하는 도내 기술분야 7년 이내 창업기업(단, 신산업 분야 10년 이내) 중 최근 3년 이내 1천만원 이상 투자유치 실적*이 있는 기업
* 벤처캐피탈, 액셀러레이터 및 금융, 기업, 정부기관, 전문개인투자자로부터 받은 투자에 한해 인정",,"7년미만,10년미만",멘토링ㆍ컨설팅ㆍ교육,20260702,20260713,,,온라인 접수: https://www.gsp.or.kr/supportProject/UVSD0001.do?sportSeq=6291,https://www.k-startup.go.kr/web/contents/bizpbanc-ongoing.do?schM=view&pbancSn=178409,main,primary,경기스타트업아카데미운영,공공기관,20260702~20260713,멘토링ㆍ컨설팅ㆍ교육,멘토링ㆍ컨설팅ㆍ교육
kst,178408,2026 경기도 ESG 인식확산 교육,"본 기업은 (재)경기도경제과학진흥원의 주관으로 「2026년 경기도 ESG 인식확산 교육」을 추진합니다.
이에 경기도 도민, 도내 기업 재직자, 학생 등 ESG에 관심 있는 사람을 모집하오니 희망하는 사람들의 많은 신청을 바랍니다.",교육/멘토링,공공기관,경기도,"청소년,대학생,일반인,대학,연구기관,일반기업,1인 창조기업","기업,누구나,청년,초기창업기업","만 20세 미만,만 20세 이상 ~ 만 39세 이하,만 40세 이상",,,"경기도 도민, 도내 기업 재직자, 학생 등 ESG에 관심 있는 누구나 참여 가능",,"예비창업자,1년미만,2년미만,3년미만,5년미만,7년미만,10년미만",멘토링ㆍ컨설팅ㆍ교육,20260703,20261030,,,온라인 접수: https://edu.grc.or.kr/userMain/goUserMain?lang=ko,https://www.k-startup.go.kr/web/contents/bizpbanc-ongoing.do?schM=view&pbancSn=178408,main,primary,2026경기도esg인식확산교육,공공기관,20260703~20261030,멘토링ㆍ컨설팅ㆍ교육,멘토링ㆍ컨설팅ㆍ교육
youth,20260718005400113263,K-뉴딜아카데미,청년이 선호하는 대기업 등이 직무훈련 및 자율기획훈련을 설계·제공하여 청년의 자신감 회복 및 재도약을 지원,교육/멘토링,고용노동부,전국,"""ㅇ취업중이거나 사업자등록중인 자, 졸업예정자 이외 재학생, 구직등록을 하지 않은 사람, 국가 또는 지자체가 실시하거나 비용을 지원하는 직업능력개발훈련 수강하는 사람, 대한민국 국적을 보유하지 않은 사람, 기타 아카데미 참여 및 수료가 불가능한 사람
ㅇ동일 아카데미 재참여 및 연 2회 이상 아카데미 참여 제한"" | 0013003 | 0049010",청년,만 15세 ~ 만 34세,15,34,"◦ 군 경력자는 복무기간에 비례하여 참여 제한 연령을 연동하여 적용(최고 만 39세로 한정)
",소득조건코드=0043001 / 소득범위=0~0,,"""□ 지원대상
○ 미취업 청년(15~34세)
□ 지원내용
○ (기업) 훈련비 지원
○ (청년) 무료 훈련 및 참여수당 지원""
",        ,        ,◦ 군 경력자는 복무기간에 비례하여 참여 제한 연령을 연동하여 적용(최고 만 39세로 한정),https://www.work24.go.kr,,https://www.work24.go.kr,main,primary,k뉴딜아카데미,고용노동부,,교육･직업훈련,미래역량강화
youth,20260718005400113262,경계선지능청년지원,"법상 지적장애에 해당하지 않아 각종 지원 사각지대에 존재하는 경계선 지능 청년(18~39세)에게 상담, 기초소양 및 구직기술 습득 지원 등 맞춤형 프로그램 지원",복지/문화,고용노동부,전국,"""o 한 명의 참여자가 동시에 다수의 경계선지능청년지원 사업 참여 제한
o 동일한 내용의 프로그램 재참여 및 프로그램 최대 참여 횟수는 2회"" | 0013010 | 0049010",청년,만 18세 ~ 만 39세,18,39,,소득조건코드=0043001 / 소득범위=0~0,,"""ㅇ (내용) 참여자 참여수당(1인 20만원) 및 지자체 사업비(1인 80만원) 지급
 ㅇ (방법) 경계선 지능 청년(18~39세) 발굴, 상담, 기초소양 및 구직기술 습득 지원 등 프로그램 지원
  ① (지자체 선정) 공모를 통해 사업 희망하는 지자체 선정
  ② (참여자 발굴) 경계선 지능 청년(18~39세) 발굴
  ③ (프로그램 운영) 상담, 지역 및 참여자 특성 고려한 기초소양 및 구직기술 습득 프로그램 운영
  ④ (서비스연계) 프로그램 종료 후 국취, 청년 일경험 지원사업 등 연계""
",20260101 ~ 20261231,        ,,,"""선정된 지자체/운영기관 통해 신청",https://www.moel.go.kr/policyitrd/policyItrdView.do?policy_itrd_sn=413,main,primary,경계선지능청년지원,고용노동부,20260101 ~ 20261231~,금융･복지･문화,취약계층 및 금융지원
youth,20260718005400113261,청년미래플러스,"산업계와 협업하여 청년의 구직부터 재직 및 산업 내 성장까지 청년고용 전체 주기를 지원하고, 기업의 청년 친화적인 조직문화 조성을 지원",인력/일자리,고용노동부,전국,"""◦(구직청년 프로그램) 재학생의 참여 제한(졸업예정자는 가능)
◦(재직청년 프로그램) 중견·중소기업에 채용 후 3년 이내인 15세 이상 34세 이하 청년
◦( 조직문화 개선 프로그램) 중견·중소기업에 재직중인 CEO‧중간관리자‧인사담당자"" | 0013010 | 0049010","중소기업,청년",만 15세 ~ 만 34세,15,34,"◦ 군 경력자는 복무기간에 비례하여 참여 제한 연령을 연동하여 적용(최고 만 39세로 한정)
",소득조건코드=0043001 / 소득범위=0~0,,"""◦구직청년, 재직청년, 조직문화 개선 3개 유형으로 운영
 - (구직청년) 미취업 청년을 대상으로 취업 컨설팅, 맞춤형 직무교육,  멘토링 등을 제공하여 취업을 지원
 - (재직청년) 중소·중견기업 재직 청년을 대상으로 온보딩 및 직무교육, 멘토링, 경력설계 등을 제공하여 산업 내 안착과 성장을 지원
 - (조직문화 개선) 중소·중견기업의 CEO, 중간관리자, 인사담당자 대상으로 청년친화적 조직문화 조성을 위한 교육 제공""",        ,        ,"◦ 군 경력자는 복무기간에 비례하여 참여 제한 연령을 연동하여 적용(최고 만 39세로 한정)

""1. 구직청년 프로그램: 취업컨설팅, 직무교육, 멘토링, 취업연계 등 지원
2. 재직청년 프로그램: 온보딩 및 직무교육, 멘토링, 경력설계 등 지원
3. 조직문화 개선 프로그램: 청년세대 이해, 커뮤니케이션, 리더십, 공정채용 등에 관한 교육 지원
*선정된 운영기관별 모집일자, 산업특화 프로그램 내용 등이 상이할 수 있으므로 운영기관별 모집 내용 확인""",,"""청년미래플러스 운영기관으로 선정된 7개 기관에 문의
운영기관은 한국산업인력공단 홈페이지의 공지사항에서 확인 가능(https://hrdkorea.or.kr)""",https://hrdkorea.or.kr,main,primary,청년미래플러스,고용노동부,,일자리,취업
youth,20260716005400113260,청년일자리도약장려금,"기업의 청년고용 확대를 지원하고, 취업애로청년의 취업을 촉진함으로써 청년고용 활성화를 목적으로 함",인력/일자리,고용노동부,전국,0013003 | 0049010,청년,만 15세 ~ 만 34세,15,34,,소득조건코드=0043001 / 소득범위=0~0,,"□ 「청년일자리도약장려금」은 사업주와 근로자를 지원하여 청년의 신규 일자리 창출을 통한 청년고용 활성화를 위한 사업으로,
- (유형 Ⅰ ) 취업애로청년의 취업을 촉진하고,
- (유형 Ⅱ ) 제조업 등 빈 일자리 업종의 인력난 완화와 청년에게는 신규 일자리 창출 및 장기근속 지원을 목적으로 함(6개월 이상 근속시 청년장기근속인센티브 신청 가능)

□ (청년 요건) 채용일 기준 만 15세~34세 청년으로 기업요건을 만족한 기업에 정규직으로 6개월 이상 근속
□ (채용 요건) 주 소정근로시간 28시간 이상, 최저임금법 준수, 월 평균 급여 450만원 이하인 자 등

*자세한 요건은 2026년도 사업운영 지침 및 2026년도 운영기관을 통해 문의하실 수 있습니다. 
https://www.work24.go.kr/wk/k/a/1430/operOrgList.do",        ,        ,"□ (기업 요건) 고용보험 상 기준 피보험자수 5인 이상인 우선지원대상기업

     * 지식서비스·문화콘텐츠·신재생에너지 산업, 청년창업기업, 미래유망기업, 지역주력산업에 해당하는 기업은 기준 피보험자 수 1인 이상도 가능. (단, 도약장려금 지원받고자 하는 청년, 대표자 등은 기준 피보험자수에 해당하지 않음)

ㅇ (수도권) 취업애로청년을 채용한 수도권 내 5인 이상 우선지원대상기업

     * (취업애로청년) ▴4개월 이상 실업, ▴고졸 이하 청년 등

ㅇ (비수도권)  청년을 채용한 비수도권 내 5인 이상 우선지원대상기업 및 중견기업

□ (청년 요건) 채용일 기준 만 15세~34세 청년으로 기업요건을 만족한 기업에 정규직으로 6개월 이상 근속

□ (채용 요건) 주 소정근로시간 28시간 이상, 최저임금법 준수, 월 평균 급여 450만원 이하인 자 등



*자세한 요건은 2026년도 사업운영 지침 및 2026년도 운영기관을 통해 문의하실 수 있습니다. 

https://www.work24.go.kr/wk/k/a/1430/operOrgList.do",,"○ 온라인 신청
- 고용24(www.work24.go.kr) 에서 사업장 소재지 관할 운영기관 선택 후 사업참여 신청
- ""고용24"" 상단의 ""기업 탭""에서 ""도약장려금 운영기관"" 검색 후, 사업장 주소지의 운영기관 선택",https://www.work24.go.kr/wk/k/a/1430/operOrgList.do,main,primary,청년일자리도약장려금,고용노동부,,일자리,취업
youth,20260714005400113259,청년도약 인재양성 부트캠프,청년(비재학생) 대상으로 대학-기업이 함께 수준별 단기 집중교육을 제공하여 역량 제고 및 사회참여 기회 제공,교육/멘토링,교육부,전국,0013010 | 0049007,청년,만 19세 ~ 만 34세,19,34,첨단산업 분야 취·창업을 희망하는 청년(만19세 ~ 34세 이하 청년),소득조건코드=0043001 / 소득범위=0~0,,"청년도약 인재양성 부트캠프는 대학의 우수한 교육 체계와 교내 기반 시설(인프라)을 활용하여 청년들에게 재도약 기회를 제공하는 프로그램이며,
 <첨단인재형> 은 AI, 반도체, 이차전지, 항공우주 등 첨단분야 중심의 교육을, 
 <실전인재형> 은 인문,사회,예슬, 서비스 등의 분야에서 직무 중심의 AI전환 교육과정을 지원합니다. 
* 자세한 사항은 한국산업기술진흥원(https://www.nais.or.kr) 참조
",20260707 ~ 20280229,20280229,"첨단산업 분야 취·창업을 희망하는 청년(만19세 ~ 34세 이하 청년)

첨단산업 분야 취·창업을 희망하는 청년(만19세 ~ 34세 이하) 청년",,"(온라인신청)https://www.nais.or.kr/
청년도약 부트캠프 ->교육프로그램 신청 -> 회원가입 및 로그인 -> 대학별 교육프로그램 확인 및 하단의 신청하기 버튼 클릭 -> 정보 입력 후 제출

* 신청기간은 각 대학별로 상이함.",https://blog.naver.com/we_are_youth/224324345256,main,primary,청년도약인재양성부트캠프,교육부,20260707 ~ 20280229~20280229,교육･직업훈련,미래역량강화
youth,20260714005400113258,k-뉴딜 아카데미,청년이 선호하는 대기업 등이 주도로 청년이 선호하는 분야의 프로그램을 설계·운영하여 직무역량 향상과 사회·직장 적응 지원 등을 통해 자신감 회복과 새로운 도약을 지원,인력/일자리,고용노동부,전국,"ㅇ(참여제한) 아래 기준 중 하나에 해당하는 경우, 아카데미 참여가 제한됩니다.
① 취업 중이거나 사업자등록 중인 사람
  * 아카데미 개시 전까지 참여 제한 사유가 해소되는 경우 참여 가능(증빙서류 제출 필요)
 ② 「초·중등교육법」에 다른 고등학교 및 「고등교육법」에 따른 대학(원) 재학생
  ⁎︎ 대학(원) 졸업예정자(4학년 2학기 이상 또는 마지막 학기 등록자)이거나 졸업예정자가 아니더라도 신청일 현재 휴학 중으로 및 장기 휴학생(연속 1년 이상 또는 통산 2년 이상 휴학 중인 자)임을 증명한 경우에는 참여 가능  
 ③  「직업안정법」에 다른 직업안정기관에 구직등록을 하지 않은 사람
 ④ 국가 또는 지방자치단체가 실시하거나 비용을 지원하는 직업능력개발훈련을 수강하고 있는 사람
 ⑤ 대한민국 국적을 보유하지 않은 사람 | 0013003 | 0049010",청년,만 15세 ~ 만 34세,15,34,"ㅇ미취업 청년(만 15세 이상~만 34세 이하)
 * 참여 신청일 현재 고용보험에 가입되어 있지 않은 사람",소득조건코드=0043001 / 소득범위=0~0,,"ㅇ 참여 청년에게는 참여수당(최대 월 50만원까지)과 훈련비 전액 지원(자부담 없음)

 - 수료 후에는 고용센터를 통해 취업지원 등 고용서비스 연계 가능

⁎︎ 아카데미 개시일 기준 연도에 최대 2회까지 참여 가능하며, 동시에 여러 아카데미에 참여하거나, 동일한 아카데미에 재참여할 수 없습니다. ",20260707 ~ 20261231,        ,"ㅇ미취업 청년(만 15세 이상~만 34세 이하)
 * 참여 신청일 현재 고용보험에 가입되어 있지 않은 사람",,"ㅇ 고용24(www.work24.go.kr)에서 'K-뉴딜 아카데미' 검색 후 아카데미 정보 확인 
    → 연계된 개별 기업 모집 페이지에서 수강 신청
      * 아카데미는 2026년 6월말부터 순차개설 예정",https://www.work24.go.kr/hr/a/a/1100/trnnCrsInf8.do?dtlContextPath=&redirectUrl=%2Fa%2Fa%2F1100%2FtrnnCrsInf8Post.do&topArea=&dtlSmtmConcCtrlId=&dtlExnwMenuConcSecd=&programMenuIdentification=EBG020000001538&menuPurpSecd=EBM01&dtlPwdCfrmYn=&serverToday=20260716&currentMenuId=EBG020040400100&dtlForwardPolyUrl=&dtlMenuId=&dtlMenuPurpSecd=&area=&crseTracseSe=&crseTracseSeKDT=&ncs=&gvrnInstt=&selectNCSKeyword=&srchType=&compareArgArr=&action=trnnCrsInf8Post.do&pageId=12,main,primary,k뉴딜아카데미,고용노동부,20260707 ~ 20261231~,일자리,취업
youth,20260710005400113257,K-패스(K패스),"○ 국민 교통비 절감 및 대중교통 이용 활성화를 위해 정기적 대중교통 이용시 교통비 지출액의 일정비율 환급
○ 월15회 이상 K-패스 교통카드 사용 시 청년(19~34세) 대중교통비 30% 환급",복지/문화,국토교통부,전국,0013010 | 0049010,청년,만 0세 ~ 만 0세,,,,소득조건코드=0043001 / 소득범위=0~0,,"○ 월 15회 이상 대중교통 이용 시 지출액의 일정비율 환급(1일 최대 2회, 월 최대 60회까지)
- 일반층 : 20%
- 청년층 : 30% , ㆍ 청년기본법에 따른 만19~34세
- 저소득층 : 53%, ㆍ 기초생활보장법에 따른 기초생활수급자 및 차상위계층
- 2자녀가구 : 30%
- 3자녀 이상 가구 : 50%",        ,        ,"○ 전화문의 :  (국토교통부) K-패스 고객센터 (031-427-4415)
○ 2026.04.01 ~ 2026.09.30 한시 적용 정책으로, 시차 출퇴근 일반 혜택 20% → 50% 확대
○ K-패스 혜택과 함께 지자체 별 추가 혜택 있을 수 있음(인천, 경기, 세종, 충남, 전남광주통합특별시, 광주, 울산, 부산, 경남 등)",,"○ 신청방법 : K-패스 모바일 앱(App) 혹은 누리집(korea-pass.kr)을 통해 회원가입(회원가입 전 K-패스 카드 발급 필요)
1. K-패스 카드 발급
2. K-패스 회원가입
3.  K-패스 대중교통 이용
4. 익월 초 7영업일, 가장큰 환급 혜택을 카드사로 지급(기본형, 일반형, 플러스형 중 환급액이 큰 방식으로 자동 계산)
* 자세한 사항은 누리집(korea-pass.kr)에서 확인",https://korea-pass.kr/info/intro.do,main,primary,k패스k패스,국토교통부,,금융･복지･문화,취약계층 및 금융지원
youth,20260710005400113256,국민취업지원제도,"15~69세 이하 저소득 구직자, 청년, 중장년층 등 취업취약계층을 대상으로 취업지원서비스와 소득지원을 함께 제공하는 ‘한국형 실업부조’ 제도",인력/일자리,고용노동부,전국,0013003 | 0049010,청년,만 15세 ~ 만 69세,15,69,"∙ I유형
-(요건심사형) 15세~69세 구직자 중 중위소득 60% 이하, 재산 4억 이하(15~34세 청년은 재산 5억원 이하)이면서, 최근 2년 이내 100일 또는 800시간 이상의 취업경험이 있는 분
-(선발형) 15세~69세 구직자 중 요건심사형 중 취업경험 요건을 충족하지 못한 분( 15~34세 청년은 중위소득 120% 이하, 재산 5억원 이하, 취업경험은 선발시 고려)

∙ II유형: 15세~69세 구직자 중 I유형에 해당하지 않는 가구단위 중위소득 100% 이하(청년은 소득 무관)","소득조건코드=0043003 / 소득범위=0~0 / Ⅰ유형 중위소득60%이하, 중위소득120%이하 / Ⅱ유형 소득,재산무관",,"ㅇ소득·재산·취업경험에 따라 취업지원서비스와 구직촉진수당을 지원하는 Ⅰ유형, 취업지원서비스와 취업활동비용을 지원하는 Ⅱ유형으로 구분
(공통) 심층상담, 직업훈련, 일자리정보 제공 등 취업지원서비스
(Ⅰ유형) 구직촉진수당 : 취업활동계획에 따른 구직활동 이행시 월 60~100만원*, 6개월 지원
   *부양가족(18세이하, 70세 이상, 중증장애인)1인당 10만원씩 추가
(Ⅱ유형) 참여수당 : 취업활동비용 최대 35만원 지원
(취업성공수당) 중위소득 60%이하인 자 및 특정계층 참여자, 최대 150만원 지원",        ,        ,"∙ I유형
-(요건심사형) 15세~69세 구직자 중 중위소득 60% 이하, 재산 4억 이하(15~34세 청년은 재산 5억원 이하)이면서, 최근 2년 이내 100일 또는 800시간 이상의 취업경험이 있는 분
-(선발형) 15세~69세 구직자 중 요건심사형 중 취업경험 요건을 충족하지 못한 분( 15~34세 청년은 중위소득 120% 이하, 재산 5억원 이하, 취업경험은 선발시 고려)

∙ II유형: 15세~69세 구직자 중 I유형에 해당하지 않는 가구단위 중위소득 100% 이하(청년은 소득 무관)

ㅇ 소득·재산·취업경험에 따라 참여요건(Ⅰ·Ⅱ유형)이 있으며, 최근2년이내 100일 이상 취업경험이 없거나, 청년 중 중위소득 60~초과~120%이하 가구일 경우 예산상황에 따라 Ⅰ유형으로 지원되지 않을 수 있음.
ㅇ 참여제한대상 : 현재 취업 중인 자 (단, 불완전 취업자는 예외), 실업급여 수급 중인 자, 상급학교 진학 목적의 재학생",,"ㅇ (오프라인)  주소지 관할 고용센터 방문
ㅇ (온라인) 고용24홈페이지-취업지원-국민취업지원제도-취업지원신청",https://www.work24.go.kr/cm/main.do,main,primary,국민취업지원제도,고용노동부,,일자리,취업
youth,20260710005400213255,[청년드림은행] 2026년 7월 가계부 워크샵 - 내꿈실현 돈관리,"만족스러운 돈 관리법을 찾고 계세요?
바로 여기 있어요!
나만의 꿈지도를 그리며 목표를 설정하고,
현실적인 돈 관리 방법을 듣고 싶다면 지금 바로 신청하세요!
✔ 강의 내용 맛보기
Vol. 1 돈과 관계맺기
Vol. 2 꿈 지도 그리기
Vol. 3 재무목표 설정
Vol. 4 재무 상태 파악하기
Vol. 5 예산 수립 및 통장 시스템
*실습이 있으니 향후 계획과 한달 지출 자료들을 준비해오시면 더 좋습니다!
✔ 강의를 수강하는 분들에게는 직접 작성할 수 있는 가계부를 선물로 드립니다!",복지/문화,전남광주통합특별시,전남광주통합특별시,0013010 | 0049010,청년,만 19세 ~ 만 39세,19,39,,소득조건코드=0043001 / 소득범위=0~0,,"✔이런 분에게 적합해요

- 돈 관리 어떻게 시작해야 할지 모르겠어요

- 나의 한 달 지출을 알고 싶어요

- 예산을 계획하고 통장 시스템을 만들고 싶어요

- 가계부를 활용해 지출 점검을 해보고 싶어요



*한번 강의를 들으신 분들은 참여가 취소될 수 있으며, 많은 분들의 참여을 돕고자 함이니 양해부탁드립니다.",20260708 ~ 20260720,20260722,,,"✔ 7월 20일(월)까지 신청 마감

- 일 시 : 2026년 7월 22일 (수) 저녁 7-9시

- 장 소 : 청년드림은행 (전남광주통합특별시 북구 무등로 237, 2층)

- 대 상 : 돈 관리법을 알고 싶은 전남,광주 청년 30명 선착순

- 문 의 : 청년드림은행 062-521-2567",https://youth.gwangju.go.kr/www/50?siteId=www&policyId=1400&url=%2Fwww%2Fpolicy%2FgjYgPolicyView,main,primary,청년드림은행2026년7월가계부워크샵내꿈실현돈관리,전남광주통합특별시,20260708 ~ 20260720~20260722,금융･복지･문화,취약계층 및 금융지원
youth,20260710005400213254,2026년 신혼부부 전세자금 대출이자 지원 안내,"○ 「주택도시기금 신혼부부 전용 전세자금대출」 신규 대출자 및 대출 연장자 대출이자 지원
· 납입 대출이자의 일부 지원
· 무자녀 0.5%, 1자녀 0.7%, 2자녀이상 1.0%",주거,전남광주통합특별시,전남광주통합특별시,0013010 | 0049010,청년,만 1세 ~ 만 99세,,,,소득조건코드=0043001 / 소득범위=0~0,,"○ 납입 대출이자의 일부 지원
· 무자녀 0.5%
· 1자녀 0.7%
· 2자녀이상 1.0%
○ 지원한도
· 대출 신청자가 은행에 납입한 총 이자액 범위 내
○ 지급방법
· 연간 2회(상·하반기) 청구 및 지급
· 개인별 계좌입금",20260105 ~ 20261030,20261231,"○ 취급은행
· 농협, 우리, 국민, 신한, 하나, iM, 부산",,○ 신청방법 : 광주아이키움플랫폼 확인 후 신청 및 청구(구비서류 첨부),https://www.xn--hc0by27bu6atul3dc6t.kr/main/rentSubsidy,main,primary,2026년신혼부부전세자금대출이자지원안내,전남광주통합특별시,20260105 ~ 20261030~20261231,주거,전월세 및 주거급여 지원
youth,20260709005400213253,『광주청년창업지원센터』입주스타트업(20기) 모집,"○ 지역 내 청년(예비)창업가 전문기업 육성 및 지원을 위한 입주스타트업 모집
· 창업 준비 공간, 입주 공간, 정보교류, 창업교육 등 창업 관련 개방형 네트워크 공간 지원",인력/일자리,전남광주통합특별시,전남광주통합특별시,0013010 | 0049010,"스타트업,청년",만 15세 ~ 만 39세,15,39,,소득조건코드=0043001 / 소득범위=0~0,,"○ 사무공간 지원
· 사무용 집기류 및 무인경비시스템 제공
○ 편의시설 지원
· 회의실, 휴게실 등 공용시설 이용 지원
○ 창업지원 프로그램
· 센터 보유 기술고도화 자금지원 등 입주기업 협의회 네트워킹
· 비즈니스 고도화 교육, 컨설팅 및 기업 수요 기반 사업 지원 등",20260706 ~ 20260720,20270131,"○ 입주조건
· 입주계약서 체결 후 1개월 이내 사업자등록증 주소를 센터(I-PLEX광주)로 변경
· 사업자등록증 주소지 변경 이후 타 주소지 이전 불가
· 예비창업자의 경우 입주 후 15일 이내 창업 및 사업자등록 가능자
○ 신청자격 제한
· 중소기업창업지원법 시행령 제4조의 창업지원에서 제외되는 업종 불가",☞ 자세한 내용은 붙임파일을 확인해주시기 바랍니다,"○ 접수방법
· 방문접수 또는 e-mail 접수
○ 접수처
· [61436] 광주광역시 동구 동계천로 150 『I-PLEX 광주』 2층 운영본부(202호)
○ 접수메일
· jjanggon@gjtp.or.kr","https://www.gjtp.or.kr/home/business.cs?act=view&amp;bsnssId=2222&amp;ctg01=01,02,03,04,05,06,09,07,08,10,11,12&amp;ctg02=04&amp;ctg03=14&amp;pageIndex=1&amp;pageUnit=30&amp;searchKeyword=",main,primary,광주청년창업지원센터입주스타트업20기모집,전남광주통합특별시,20260706 ~ 20260720~20270131,일자리,창업
youth,20260708005400213252,2026년 7월 청년 취업 지원 프로그램 「취업힐링캠프」,"○ 광산구 청년 취업지원 프로그램 「취업힐링캠프」
· 광주청년일자리스테이션(동명)과 연계 운영
· 이력서·자기소개서 작성법, 면접 전략, 실전 모의면접, 면접 스피치, 플라워 디자인 클래스 운영",인력/일자리,전남광주통합특별시,전남광주통합특별시,0013010 | 0049010,청년,만 19세 ~ 만 39세,19,39,,소득조건코드=0043001 / 소득범위=0~0,,"○ 1~2회차
· 일정/시간: 2026. 7. 8.(수) 13:00~18:00
· 직무중심 서류 전략: 이력서·자기소개서 작성법
· 면접의 정석 기초: 첫인상 전략부터 실전 모의면접까지

○ 3~4회차
· 일정/시간: 2026. 7. 22.(수) 13:00~18:00
· 면접의 정석 완성: 유형별 면접 스피치·밀착 피드백
· 마음치유 원데이 클래스: 오감 만족 플라워 디자인 클래스",        ,        ,,,○ 신청방법 : 포스터 내 QR코드로 접속 후 참여신청서 제출,https://youth.gwangju.go.kr/www/50?siteId=www&policyId=1397&url=%2Fwww%2Fpolicy%2FgjYgPolicyView,main,primary,2026년7월청년취업지원프로그램취업힐링캠프,전남광주통합특별시,,일자리,취업
youth,20260708005400213251,「공공임대주택 청년창업공간」입주기업 모집,"○ 공공임대주택 상가 유휴공간을 활용, 청년 창업 활동을 지원하여 지역 활성화와 일자리 창출을 돕기 위한 청년창업공간 입주기업 모집",인력/일자리,전남광주통합특별시,전남광주통합특별시,0013010 | 0049010,청년,만 19세 ~ 만 35세,19,35,,소득조건코드=0043001 / 소득범위=0~0,,"○ 개별 사무실 무상 제공
· 임차 보증금 및 임차료 지원
· 공간 규모: 전용 54㎡(약 16평)
· 소재지: 전남광주통합특별시 북구 서하로194번길 2 오치 주공 지하상가

○ 창업지원 프로그램 제공
· 창업 전문 교육기관 연계 창업지원 프로그램 제공",20260713 ~ 20260729,        ,"○ 신청제외 대상
· 타기관 창업지원 공간을 제공하는 유사 지원사업에 참여 중인 경우
· 북구 창업지원 공간을 제공하는 사업에 지원받은 이력이 있는 경우
· 국세·지방세를 체납하였거나 신용불량 거래자인 경우
· 중소기업 창업지원법 시행령 제4조에 해당하는 업종 등 해당 창업 지원 공간에 입주하기 어렵다고 판단되는 업종
· 기타 해당 사업 참여가 부적절하다고 판단할 만한 사유가 있는 자",☞ 자세한 내용은 붙임파일을 확인해주시기 바랍니다,"○ 신청방법: 온라인 및 방문 접수
· 온라인: 북구청 홈페이지 공지사항 확인 및 서식 작성 후 이메일 제출
· 이메일: espoirbr@korea.kr
· 방문: 북구청 청년미래정책관 접수
· 접수처: 북구 우치로 77, 2층 북구청 청년미래정책관 청년일자리팀
· 접수시간: 9:00~18:00
· 공휴일 및 점심시간 12:00~13:00 불가
※ 서류 제출 후 접수 확인 전화 요망, 제출 서류 누락시 본인에게 책임이 있음",https://youth.gwangju.go.kr/www/50?siteId=www&policyId=1396&url=%2Fwww%2Fpolicy%2FgjYgPolicyView,main,primary,공공임대주택청년창업공간입주기업모집,전남광주통합특별시,20260713 ~ 20260729~,일자리,창업
youth,20260706005400213250,"2026 청년 취업교육(N잡/프리랜서, 진로/취업 커리어 개발 교육)",취업·프리랜서 등 다양한 진로를 가진 청년 대상 맞춤형 커리어 개발 교육을 통해 청년들의 취업 역량을 강화하고 구직활동을 독려하고자 함,교육/멘토링,서울특별시 중랑구,서울특별시,당일 불참자 등 | 0013010 | 0049010,청년,만 19세 ~ 만 39세,19,39,선착순 지원 / 원하는 일정 선택 시 미참여자 우선 회차별 선발,소득조건코드=0043001 / 소득범위=0~0,,"1차) N잡·프리랜서 교육(7회) : 7.14.~8.25. (화) 19시 운영 * 신청 : ~7.12.(선착순 마감)
      - 교육내용 : 포트폴리오 작성, 비즈니스매너, 상황별 스타일링, 웹페이지 제작 등

2차) 진로·취업교육(7회) : 9.4.~10.30.(금) 14시 운영 * 신청 : 8월경(선착순 마감)
      - 교육내용 : 진로탐색, 이력서 작성, 면접 준비, 퍼스널컨설팅 등 

3차) 연말정산 특강(1회) : 11.10.(화) 19시 운영 * 신청 : 10~11월경(선착순 마감)
      - 교육내용 : 사회초년생 연말정산 특강",20260626 ~ 20260712,20261110,선착순 지원 / 원하는 일정 선택 시 미참여자 우선 회차별 선발,,중랑청년청 인스타그램 참조 및 링크 네이버폼 작성 신청(1차),https://youth.seoul.go.kr/infoData/sprtInfo/view.do?sprtInfoId=71822&key=2309130006,main,primary,2026청년취업교육n잡프리랜서진로취업커리어개발교육,서울특별시중랑구,20260626 ~ 20260712~20261110,교육･직업훈련,미래역량강화
youth,20260703005400213249,「광주청년 일경험드림 사업」 제20기 드림청년(참여청년) 모집,"○ 지역 미취업 청년 대상 일경험 지원
· 다양한 일경험을 통해 진로와 직업 비전을 찾을 수 있도록 지원
· 매칭된 사업장에서 일경험 제공 및 근로에 따른 급여 지급
· 직무교육과 연계활동 지원",인력/일자리,전남광주통합특별시,광주광역시,0013010 | 0049010,청년,만 19세 ~ 만 39세,19,39,,소득조건코드=0043001 / 소득범위=0~0,,"○ 자기주도형
· 5개월, 주 25시간, 월 131시간
· 직무 탐색과 자기 계발을 병행하여 개인의 성장 가능성을 확장하는 트랙

○ 집중참여형
· 3개월, 주 40시간, 월 209시간
· 심화된 직무를 경험하며 실무 역량을 강화하는 트랙

○ 급여
· 2026년 광주광역시 생활임금 13,303원 적용
※ 희망 사업장의 모집 트랙유형에 따라 지원 가능",20260629 ~ 20260715,        ,"○ 제외대상
· 광주청년 일경험드림 사업 참여 이력이 있는 자
· 수당 및 인건비를 지급받는 정부·지자체 사업에 참여 중인 자
· 학교 재학생 및 휴학생
※ 졸업예정자는 일경험드림사업 누리집 참고",☞ 자세한 내용은 붙임파일을 확인해주시기 바랍니다,"○ 면접신청(온라인)
· 광주청년 일경험드림 사업 누리집 회원가입(http://gjyouthdream.com)
· 면접신청서(자기소개서) 작성
· 구비서류 첨부

○ 드림만남의 날(최종신청)
· 시청 방문
· 희망사업장 상담
· 현장면접
· 최종신청서 작성·제출",http://gjyouthdream.com,main,primary,광주청년일경험드림사업제20기드림청년참여청년모집,전남광주통합특별시,20260629 ~ 20260715~,일자리,취업
youth,20260702005400213248,[조선대] 현직자 리얼토크 멘토링 : 하이트진로음료,"○ 현직자 리얼토크 멘토링 : 하이트진로음료
· 현직자가 알려주는 실무 이야기 및 취업 노하우 제공
· 온라인 마케팅 현직자의 실제 업무 소개
· 취업 준비 과정 및 합격 노하우 안내
· 취업 전 알아야 할 현실 이야기 및 현직자 실시간 Q&A 운영",인력/일자리,전남광주통합특별시,광주광역시,0013010 | 0049010,청년,만 19세 ~ 만 39세,19,39,,소득조건코드=0043001 / 소득범위=0~0,,"○ 온라인 마케팅 전략
· 온라인 채널, 광고 기획, 퍼포먼스 마케팅 전략 노하우 전수
○ 자사몰 운영
· 자사몰 기획 및 운영 실무 전체 흐름 안내
○ 콜라보 브랜딩
· 타사와의 콜라보 브랜딩 및 마케팅 역량 안내
○ 취업 준비 전략
· 현직자의 취업 준비 경험 및 취업 노하우 공유
○ 현직자 Q&A
· 취업 관련 궁금한 사항 질의응답",        ,        ,"○ 운영방식
· 비대면(ZOOM)
○ 참여기업
· 하이트진로음료",,"○ 신청방법
· 학생통합지원시스템(THE조아) 참여 신청
· 신청 링크: https://link24.kr/FAfoPnG",https://link24.kr/FAfoPnG,main,primary,조선대현직자리얼토크멘토링하이트진로음료,전남광주통합특별시,,일자리,취업
youth,20260702005400213247,2026년 완도군 청년 자격증 응시료 지원사업,청년 구직활동의 경제적 부담 완화 및 취업 능력 개발 지원을 위해 자격증 응시료 지원,교육/멘토링,전남광주통합특별시,광주광역시,0013010 | 0049010,청년,만 19세 ~ 만 49세,19,49,,소득조건코드=0043001 / 소득범위=0~0,,"어학·한국사, 국가자격증 응시료 실비 및 교재비 지원
 - 실제 결제한 응시료 및 교재비에 한하여 최대 10만원까지 지급
 - 연 10만원 한도 내에서 1인당 최대 2회까지 신청 가능
 - 지원분야
   (어학8종) 토익(TOEIC), 토익스피킹, 토플(TOEFLE), 아이엘츠(IELTS), 오픽(OPIC), 텝스(TEPS), 지텔프(G-TELF), 플렉스(FLEX)
   (한국사)  한국사능력검정시험
   (국가, 민간자격) 국가기술자격증(국가기술자격법 시행규칙 별표 2), 국가전문자격증(개별법), 국가공인민간자격증(개별법)
    한국산업인력공단(Q-net) 사이트를 통해 세부 종목 확인 가능
   (www.q-net.or.kr→국가자격시험→자격정보→국가자격종목별상세정보)",20260121 ~ 20261210,20261210,,"응시료 지원 신청서(개인정보동의서 포함)
응시사실 확인 증빙자료 및 교재사진
응시료 및 교재 결제 영수증
주민등록초본
건강보험 자격득실확인서
통장사본","온라인 접수(이메일 ruddnr0405@korea.kr) 제출 ※ 선착순 모집
- 신청기간 : 2026. 1. ~ 12. / 매월 1일 ~ 10일 접수
- 제출서류는 스캔 또는 선명하게 촬영 후 파일로 제출
- 자세한 사항은 공고문 참고",https://youth.gwangju.go.kr/www/50?siteId=www&policyId=1391&url=%2Fwww%2Fpolicy%2FgjYgPolicyView,main,primary,2026년완도군청년자격증응시료지원사업,전남광주통합특별시,20260121 ~ 20261210~20261210,교육･직업훈련,교육비지원
youth,20260626005400213246,[7월 마감] 2026년 구직청년 자격증 취득지원 사업(8월 3일 10시 접수 예정),구직활동에 필요한 어학(능력)·자격증 시험 응시료 지원,교육/멘토링,전남광주통합특별시,광주광역시,0013010 | 0049010,청년,만 19세 ~ 만 39세,19,39,,소득조건코드=0043001 / 소득범위=0~0,," ※ 단계별 시험(필기,실기 등)은 명칭과 상관 없이 합산 신청 가능(개별 신청하여 지급 완료 시, 당해 연도 추가 신청 및 소급 지원 불가)

❍ 지원분야
  - 한국사 및 어학능력시험 : 국사편찬위원회 주관 한국사 시험 및 어학능력시험 20종 
  - 국가기술자격증 : 「국가기술자격법」시행규칙 별표2에 따른 국가기술자격증
  - 국가전문자격증 : 한국산업인력공단(Q-net) 국가자격 종목별 상세정보 참고 /*자동차운전면허 제외
  - 국가공인자격증 : 민간자격정보서비스에 등록된 &apos;공인&apos;자격증 /* 민간자격정보서비스 상의 구분이 ""부분공인""이라면 국가공인 등급(급수) 취득 및 해당 성적 달성 시에 한하여 지원 가능 /* 민간자격정보서비스 상의 구분이 ""등록""이라면 지원 제외 ",        ,        ,,"1. 주민등록표 초본: 신청월 발급본, 발생일/신고일 포함, 마지막장까지 제출
2. 건강보험 자격득실 확인서: 신청월 발급본, 발급시 조회 조건 전체
*건강보험 자격득실 확인서 가입자구분이 구분없음일 때 고용보험자격이력내역서로 대체 제출
3. 응시사실 증명서류: 응시 확인서 또는 성적표
*성명, 응시일, 자격종목(명) 등 확인할 수 있는 서류(시험 접수증, 수험표 불인정)
*민간자격정보서비스상 구분이 ‘부분공인’인 종목은 국가공인 자격증 사본 또는 공인 등급이 명시된 성적표 제출 
4. 결제영수증
*결제 금액, 일시, 승인번호, 거래처 등이 포함된 영수증(시험 사이트에서 발급된 영수증 불인정)
5. 통장 사본: 은행명, 성명, 계좌번호 표기

※ 서류 보완이 필요한 경우, 보완 요청을 할 수 있음(기한 내(보완요청일 기준 3일) 미제출시 부적격처리)",시험 응시 → 광주청년통합플랫폼 접수 → 제출 서류 확인 (자격심사 및 중복지원여부 조회) → 선정안내 및 만족도조사 → 지원금 지급,https://youth.gwangju.go.kr/www/50?siteId=www&policyId=1389&url=%2Fwww%2Fpolicy%2FgjYgPolicyView,main,primary,7월마감2026년구직청년자격증취득지원사업8월3일10시접수예정,전남광주통합특별시,,교육･직업훈련,교육비지원
youth,20260625005400113245,사회연대경제 청년일경험,청년이 사회연대경제 조직에서 5개월간 실제 업무를 경험하며 진로를 탐색하고 경력을 쌓을 수 있도록 지원하는 사업,인력/일자리,행정안전부,행정안전부,"① 사업자등록이 있는 자
② 타 부처 또는 지방정부의 취업 관련 지원사업에 참여 중인 자
③ 참여 신청일 기준 6개월 내 해당 참여기업에서 근무한 이력이 있는 자
④ 배우자, 직계존비속 또는 형제자매가 참여기업 사업주(대표자)인 자
⑤ 허위 기타 부정한 방법으로 정부(국가·지방정부) 일경험 사업에 참여한 자
⑥ 단순 변심으로 청년 일경험 사업에 참여하여 2회 이상 중도이탈한 자
⑦ 대한민국 국적을 보유하지 않은 자 | 0013003 | 0049010",청년,만 19세 ~ 만 39세,19,39,"해당 자치단체 거주 19세~34세 미취업자(4대보험 미가입자)

※ 조례에서 청년 연령을 달리 정하는 경우 최고 39세",소득조건코드=0043001 / 소득범위=0~0,,"① 일경험을 통한 취업역량 강화
  - 사회연대경제 조직에서 5개월간 일경험(주 40시간, 1일 8시간)

② 월 234만원 참여수당 지급
 - 월 최대 234만원 지급(세전, 주 40시간 기준), 4대 보험 가입

③ 직무교육 및 멘토링 제공
  - 직무분야 실무교육 등(20시간)
  - 참여기업 현직자 멘토링

④ 정부 인증 이력확인서 발급
  - 일경험 수료 후 수료증 및 이력확인서 발급 가능
    (근무 기간 90% 이상 출석 시 수료)",20260601 ~ 20260930,20261231,"해당 자치단체 거주 19세~34세 미취업자(4대보험 미가입자)

※ 조례에서 청년 연령을 달리 정하는 경우 최고 39세

자치단체별 모집기간 상이",,"고용24(www.work24.go.kr) '정부지원 일자리 채용관'에서 신청
(자세한 사항은 소속 자치단체 운영기관 문의)",https://mois.go.kr/frt/bbs/type002/commonSelectBoardArticle.do?bbsId=BBSMSTR_000000000215&nttId=126775,main,primary,사회연대경제청년일경험,행정안전부,20260601 ~ 20260930~20261231,일자리,취업
youth,20260622005400213244,2026년 여름 청년 행정체험사업,"미취업 청년들의 사회적응력 증진 및 진로탐색, 취업역량 향상을 위하여 다양한 구정체험 기회를 제공",인력/일자리,대구광역시 달서구 경제환경국,대구광역시,"- 고용보험 가입자(단, 주30시간 이하 또는 3개월 이하의 단기근로자는 가능)
- 청년 행정체험단(구 대학생 행정인턴) 기참여자 | 0013003 | 0049010",청년,만 19세 ~ 만 34세,19,34,"○ 특별선발(디자인): 일러스트, 포토샵 활용가능자(디자인 전공, 관련 자격증 취득자 등)
○ 특별선발(간호보건): 간호 및 보건 계열 학과(전공, 관련 자격증 취득자)",소득조건코드=0043001 / 소득범위=0~0,,"○ 근무장소
- 달서구 관내(구청, 보건소, 동 행정복지센터 등)

○ 근무시간
- 1일 6시간(09:00~18:00), 주 5일 근무
- 사업에 따라 주말에 근무할 수 있음(분야별 모집요강 참고)

○ 보수
- 시급 10,320원, 주휴수당 지급, 고용/산재보험 가입",20260615 ~ 20260624,20260812,"○ 특별선발(디자인): 일러스트, 포토샵 활용가능자(디자인 전공, 관련 자격증 취득자 등)
○ 특별선발(간호보건): 간호 및 보건 계열 학과(전공, 관련 자격증 취득자)",,"○ 신청기간: 6. 15.(월) 9:00 ~ 6. 24.(수) 18:00
○ 신청자격: 공고일 기준 달서구에 주민등록이 되어있는 19세 이상 34세 이하의 미취업 청년 또는 대학생 (1992년~2007년 출생자)
○ 달서구청 홈페이지 온라인 접수
  - 구 홈페이지: 통합예약 -> 일자리/생활 -> 청년 행정체험단(구 대학생 행정인턴) 신청
  - 신청주소: https://www.dalseo.daegu.kr/index.do?menu_id=00002551
  - 일반, 우선, 특별선발 중 1개 분야만 신청 가능, 중복 신청 불가",https://www.dalseo.daegu.kr/index.do?menu_id=00002551,main,primary,2026년여름청년행정체험사업,대구광역시달서구경제환경국,20260615 ~ 20260624~20260812,일자리,취업
youth,20260622005400213243,2026 마음건강상담소 2차 참여자 모집 (접수 마감),청년 정신건강 증진을 위한 1:1 전문심리상담 지원,복지/문화,전남광주통합특별시,전남광주통합특별시,0013010 | 0049010,청년,만 19세 ~ 만 39세,19,39,,소득조건코드=0043001 / 소득범위=0~0,," ·  1:1 전문 심리상담 제공 (기본 6회기, 최대 8회기)
 ·  필요 시 심리검사 지원
 ·  마음건강 증진 프로그램 운영",        ,        ,"- 기참여자일 경우 후순위 선정, 신규 신청자 우선 선정
- 동일 연도 참여자 신청 불가",,광주청년통합플랫폼 온라인 신청 → 상담소 배정 → 마음건강 상담 진행 → 만족도 조사,https://youth.gwangju.go.kr/www/50?siteId=www&policyId=1383&url=%2Fwww%2Fpolicy%2FgjYgPolicyView,main,primary,2026마음건강상담소2차참여자모집접수마감,전남광주통합특별시,,금융･복지･문화,건강
youth,20260619005400213242,2026년 경북 청년창업 지역정착 지원사업 신규참여자 2차 추가모집 공고,"경북 외 거주 39세 이하 예비 청년창업자 경북 지역 내 창업 지원사업
(경북 거주 청년은 경북 외 거주 청년과 팀 이룰 시 지원 가능)",인력/일자리,경상북도 지방시대정책국 청년정책과,경상북도,0013003 | 0049010,청년,만 19세 ~ 만 39세,19,39,,소득조건코드=0043001 / 소득범위=0~0,,"창업활동비 최대 20백만원(정착활동비 포함), 교육, 컨설팅, 네트워킹 등 지원",20260622 ~ 20260710,20261231,,공고문 확인,경북경제진흥원 홈페이지(www.gepa.kr) 공고문에서 서류 확인 후 이메일(gepa02@gepa.kr) 신청,https://www.gepa.kr/?page_id=36&vid=2310,main,primary,2026년경북청년창업지역정착지원사업신규참여자2차추가모집공고,경상북도지방시대정책국청년정책과,20260622 ~ 20260710~20261231,일자리,창업
youth,20260618005400213241,청년 부동산 중개보수 및 이사비 지원사업,주거비 부담이 높은 서울 청년의 주거 안전망 강화 추진,주거,서울특별시 미래청년기획관 청년사업담당관,서울특별시,0013010 | 0049010,청년,만 19세 ~ 만 39세,19,39,,"소득조건코드=0043003 / 소득범위=0~0 / 중위소득 150% 이하, 거래금액 2억원 이하 무주택 임차가구",,"최대 40만원 실비 지원(중개보수, 이사비) ※ 생애 1회",20260401 ~ 20260414,20261231,,,청년몽땅정보통(youth.seoul.go.kr) 온라인 신청,https://youth.seoul.go.kr,main,primary,청년부동산중개보수및이사비지원사업,서울특별시미래청년기획관청년사업담당관,20260401 ~ 20260414~20261231,주거,전월세 및 주거급여 지원
youth,20260618005400213240,2026년 성인진로상담,"○ 광주시민이 자신의 진로를 자각, 탐색, 계획, 준비, 관리할 수 있도록 무료 상담 제공
· 진흥원에서 양성한 성인진로컨설턴트 파견
· 생애주기에 맞는 맞춤형 1:1 상담 제공",교육/멘토링,전남광주통합특별시,광주광역시,0013010 | 0049010,청년,만 1세 ~ 만 99세,,,,소득조건코드=0043001 / 소득범위=0~0,,"○ 맞춤형 1:1 상담 제공
· 진로 설계
· 경력 전환
· 학습 방향
· 관계 및 마음 고민 상담
○ 상담 운영
· 상담 신청 후 성인진로컨설턴트 파견
· 상담 진행 1~4회기
· 1회 기준 90분
○ 비용
· 무료",20260301,20261231,,,"○ 신청방법
· 진흥원 홈페이지(www.gie.kr) 접속
· 성인진로상담 메뉴 클릭
· 정보입력 후 접수",https://youth.gwangju.go.kr/www/50?siteId=www&policyId=1388&url=%2Fwww%2Fpolicy%2FgjYgPolicyView,main,primary,2026년성인진로상담,전남광주통합특별시,20260301~20261231,교육･직업훈련,교육비지원
youth,20260616005400113238,청년주택드림청약통장,저소득 무주택 청년의 주택구입과 자산형성을 지원하기 위하여 위해 재형 기능을 강화한 청약통장 도입,주거,국토교통부,전국,0013010 | 0049010,청년,만 19세 ~ 만 34세,19,34,,소득조건코드=0043002 / 소득범위=0~5000,,"□ 이자율: 최대 4.5%
□ 소득기준: 연 5,000만원(직전년도 신고소득이 있는 자 기준), 무주택자
□ 납입한도: 월 100만원
□ 소득공제 : 현 주택청약종합저축과 동일(무주택세대주에 대해 연 300만원 한도로 40%까지 소득공제 제공) 
□ 주택청약에 당첨된 경우 청년주택드림 대출 연계
  ㅇ 청년주택드림 청약통장 1년 이상 가입
  ㅇ 통장요건 : 가입(전환) 후 1년 이상, 1,000만원 이상 납입(예외 인정 가능)
  ㅇ 당첨 시 분양가 80%까지 대출
  ㅇ 금리 : 	2.4% ~ 4.15% (소득·만기 등 차등)\
  ㅇ 한도 : 미혼 3억원, 신혼 4억원 이내(LTV 70%, 생애최초 80%, DTI 60% 이내)
  ㅇ 대상주택 : 분양가 6억원 이하, 전용 85㎡ 이하(읍·면 일부 100㎡)
  ㅇ 생애주기별 금리 인하: 결혼 0.1%p 인하, 첫째 출산: 0.5%p 인하, 다자녀: 0.2%p 인하
     (하한선 : 연 1.5%p 미만으로는 1.5% 적용)",        ,        ,"□ 업무 취급 은행
○ 우리은행 : 1599-0800
○ KB 국민은행 : 1599-1771
○ IBK 기업은행 : 1566-2566
○ NHBank : 1588-2100
○ 신한은행 : 1599-8000
○ 하나은행 : 1599-1111
○ iM뱅크 : 1588-0956
○ 부산은행 : 1800-1333
○ 경남은행 : 1600-8585",,,https://www.molit.go.kr/2024dreamaccount/main.jsp,main,primary,청년주택드림청약통장,국토교통부,,주거,주택 및 거주지
youth,20260616005400213237,오픈마이크 2기,"○ 청년 강연자 양성 프로젝트
· 내 경험을 한 편의 강연으로 완성하고, 작은 무대(토크콘서트)에서 직접 발표하는 프로그램
· 전문가 코칭과 또래 피드백 매 회차 운영
· 말의 순서와 전달 방식 학습",교육/멘토링,전남광주통합특별시,광주광역시,0013010 | 0049010,청년,만 19세 ~ 만 39세,19,39,,소득조건코드=0043001 / 소득범위=0~0,,"○ 프로그램 운영
· 참가자 소개 및 아이스브레이킹, 스토리텔링의 개요
· 특강 <당신의 이야기를 삽니다>
· 기본 스피치 강연 내용 작성하기 <CODI법>
· 설득하는 힘 <강연 스피치>
· 전문가 코칭 및 상호 피드백
· 토크콘서트 진행",20260613 ~ 20260630,        ,,,"○ 아지트 홈페이지 신청
· [프로그램] → [오픈마이크 2기] → [프로그램 신청] 클릭 후 구글폼 작성",https://youth.gwangju.go.kr/www/50?siteId=www&policyId=1384&url=%2Fwww%2Fpolicy%2FgjYgPolicyView,main,primary,오픈마이크2기,전남광주통합특별시,20260613 ~ 20260630~,교육･직업훈련,교육비지원
youth,20260616005400213236,[서구]2026년 전입 청년 웰컴 박스 지원사업,"○ 전입 청년 웰컴 박스 지원
· 광주광역시 서구로 전입한 1인 가구 청년들의 새로운 출발 응원 및 지역사회 적응 지원
· 청년정책 안내 자료와 생활용품이 담긴 웰컴박스 지원",인력/일자리,전남광주통합특별시,광주광역시,0013010 | 0049010,청년,만 19세 ~ 만 39세,19,39,,소득조건코드=0043001 / 소득범위=0~0,,"○ 웰컴 박스 제공
· 생활 물품과 청년정책 책자로 구성된 웰컴 박스 제공",        ,        ,"○ 전입 청년 웰컴 박스 지원은 최초 1번만 가능
○ 신청기간 내 예산 소진 시 조기 종료
○ 신청서 및 개인정보 동의서는 본인이 직접 작성
○ 대리신청 불가",☞ 자세한 내용은 붙임파일을 확인해주시기 바랍니다,"○ 신청방법
· 방문 및 이메일(satang2526@korea.kr) 신청 가능",https://youth.gwangju.go.kr/www/50?siteId=www&policyId=1386&url=%2Fwww%2Fpolicy%2FgjYgPolicyView,main,primary,서구2026년전입청년웰컴박스지원사업,전남광주통합특별시,,일자리,취업
youth,20260616005400213235,사회연대경제 청년 일경험사업 시범사업,"○ 미취업 청년에게 사회연대경제 분야 일경험 기회 제공
· 노동시장 진입 기반 마련
· 진로탐색 및 직무역량 강화 지원",인력/일자리,전남광주통합특별시,광주광역시,0013010 | 0049010,청년,만 19세 ~ 만 39세,19,39,,소득조건코드=0043001 / 소득범위=0~0,,"○ 직무교육
· 총 20시간(1일 최대 8시간 편성)
· 사회연대경제 이해 및 직무 기초역량 강화, 참여청년 직무 분야별 실무교육, 진로 연계 등
· 교육시간의 90% 이상 출석 시 수료

○ 일경험 프로그램
· 근로기간: 2026. 7. 1. ~ 11. 30. (5개월)
· 근로시간: 주 5일(주 40시간), 1일 8시간(9:00~18:00)
· 휴게시간: 12:00~13:00(1시간)
· 임금수준: 시급 11,188원(월 209시간 개근 시 2,338,292원, 유급주휴 포함, 세전)
· 급여공제: 근로소득세, 지방소득세, 근로자 부담 4대 보험료 등

○ 청년밀착형 프로그램
· 현장적응 지원, 고충 상담, 진로탐색, 심리･정서적 안정 지원

○ 멘토링 프로그램
· 직무수행, 진로탐색 등을 지원하기 위한 1:1 멘토 지정",20260618 ~ 20260624,        ,"○ 참여제한
· 사업자등록이 있는 자
· 타 부처 또는 지방정부의 취업 관련 지원사업에 참여 중인 자
· 참여 신청일 기준 6개월 내 해당 참여기업에서 근무한 이력이 있는 자
· 배우자, 직계존비속 또는 형제자매가 참여기업 사업주(대표자)인 자
· 허위 기타 부정한 방법으로 정부(국가·지방정부) 일경험 사업에 참여한 자
· 단순 변심으로 청년 일경험 사업에 참여하여 2회 이상 중도이탈한 자
· 대한민국 국적을 보유하지 않은 자
※ 참여제한 사유는 참여 신청일 기준으로 판단, 근로기간 중 해당 사유가 발생한 경우 즉시 참여 중단 가능",☞ 자세한 내용은 붙임파일을 확인해주시기 바랍니다,"○ 고용24 온라인신청
· https://m.site.naver.com/29ZAK",https://youth.gwangju.go.kr/www/50?siteId=www&policyId=1385&url=%2Fwww%2Fpolicy%2FgjYgPolicyView,main,primary,사회연대경제청년일경험사업시범사업,전남광주통합특별시,20260618 ~ 20260624~,일자리,취업
youth,20260612005400213231,[6월 마감]2026년 구직청년 자격증 취득지원 사업(7월 1일 10시 접수 예정),구직활동에 필요한 어학(능력)·자격증 시험 응시료 지원,교육/멘토링,전남광주통합특별시,광주광역시,0013010 | 0049010,청년,만 19세 ~ 만 39세,19,39,,소득조건코드=0043001 / 소득범위=0~0,,"     ※ 단계별 시험(필기,실기 등)은 명칭과 상관 없이 합산 신청 가능(개별 신청하여 지급 완료 시, 당해 연도 추가 신청 및 소급 지원 불가)

❍ 지원분야
  - 한국사 및 어학능력시험 : 국사편찬위원회 주관 한국사 시험 및 어학능력시험 20종 
  - 국가기술자격증 : 「국가기술자격법」시행규칙 별표2에 따른 국가기술자격증
  - 국가전문자격증 : 한국산업인력공단(Q-net) 국가자격 종목별 상세정보 참고 /*자동차운전면허 제외
  - 국가공인자격증 : 민간자격정보서비스에 등록된 &apos;공인&apos;자격증 /* 민간자격정보서비스 상의 구분이 ""부분공인""이라면 국가공인 등급(급수) 취득 및 해당 성적 달성 시에 한하여 지원 가능 /* 민간자격정보서비스 상의 구분이 ""등록""이라면 지원 제외 ",        ,        ,,"1. 주민등록표 초본: 신청월 발급본, 발생일/신고일 포함, 마지막장까지 제출
2. 건강보험 자격득실 확인서: 신청월 발급본, 발급시 조회 조건 전체
*건강보험 자격득실 확인서 가입자구분이 구분없음일 때 고용보험자격이력내역서로 대체 제출
3. 응시사실 증명서류: 응시 확인서 또는 성적표
*성명, 응시일, 자격종목(명) 등 확인할 수 있는 서류(시험 접수증, 수험표 불인정)
*민간자격정보서비스상 구분이 ‘부분공인’인 종목은 국가공인 자격증 사본 또는 공인 등급이 명시된 성적표 제출 
4. 결제영수증
*결제 금액, 일시, 승인번호, 거래처 등이 포함된 영수증(시험 사이트에서 발급된 영수증 불인정)
5. 통장 사본: 은행명, 성명, 계좌번호 표기

※ 서류 보완이 필요한 경우, 보완 요청을 할 수 있음(기한 내(보완요청일 기준 3일) 미제출시 부적격처리)",시험 응시 → 광주청년통합플랫폼 접수 → 제출 서류 확인 (자격심사 및 중복지원여부 조회) → 선정안내 및 만족도조사 → 지원금 지급,https://youth.gwangju.go.kr/www/50?siteId=www&policyId=1374&url=%2Fwww%2Fpolicy%2FgjYgPolicyView,main,primary,6월마감2026년구직청년자격증취득지원사업7월1일10시접수예정,전남광주통합특별시,,교육･직업훈련,교육비지원
youth,20260612005400213230,[2026 광주청년드림은행 생활경제특강①],"""구해줘 내 집!"" - [전세사기 피해예방과 임대차보호법]
생활 속 빈 곳을 채워 삶의 질을 높이는 특강!
다채로운 삶의 영역에서 나만의 기준을 갖고 살아가고 싶을 때,
안전하고 풍요로운 삶을 만들 수 있는 광주청년드림은행 특강을 소개합니다!
고민하며 시작한 독립, 더 나은 주거 환경을 위한 선택으로 전세를 고민하고 있나요?
계약서 앞에서 자신이 없고 불안한 마음 때문에 고민하고 있나요?
혹시 이미 피해가 발생한 것은 아닐지, 내가 사는 전세는 괜찮은지 점검하고 싶나요?
혹하게 하는 말로 다가오지만 금전 피해뿐만 아니라 심리적 고통, 추가 피해까지 발생시키는 전세사기. 예방부터 대처까지, 나와 내 보금자리를 지키는 방법을 소개합니다.",복지/문화,전남광주통합특별시,광주광역시,0013010 | 0049010,청년,만 19세 ~ 만 39세,19,39,,소득조건코드=0043001 / 소득범위=0~0,,"<강의내용>
01 전세사기 주요 유형별 사례와 예방
02 임대차보호법과 전세 계약 시 참고사항

☞ 이런 분에게 적합해요
- 안전한 독립생활을 꿈꾸는 청년
- 전세사기피해로 고민하는 청년
- 전세사기피해를 예방하고 싶은 청년
- 전세사기와 임대차보호법에 대해 알고 싶은 청년

◈ 앞 강의를 듣지 않아도, 내가 듣고 싶은 강의를 자유롭게 신청하실 수 있습니다.",20260610 ~ 20260619,20260623,,,"✿ 일 시 : 2026년 6월 23일(화) 오후 7-9시(2시간)
✿ 대 상 : 전세사기 예방에 관심있는 광주 청년 30명, 선착순
✿ 장 소 : 광주청년드림은행 (광주광역시 북구 무등로 237 2층)
✿ 참 가 비 : 무료(광주광역시 지원)
✿ 신 청 : 2026년 6월 19일(금)까지 신청
✿ 문 의 : 062-521-2567 광주청년드림은행",https://youth.gwangju.go.kr/www/50?siteId=www&policyId=1380&url=%2Fwww%2Fpolicy%2FgjYgPolicyView,main,primary,2026광주청년드림은행생활경제특강①,전남광주통합특별시,20260610 ~ 20260619~20260623,금융･복지･문화,취약계층 및 금융지원
youth,20260605005400113228,청년미래적금,"청년들의 기초자산 형성을 지원하기 위한 정책형 금융상품으로, 3년 만기 시까지 매월 최대 50만원 한도 내에서 자유롭게 납입 가능(2026년 6월 22일 출시)",복지/문화,금융위원회,전국,0013010 | 0049010,청년,만 19세 ~ 만 34세,19,34,,"소득조건코드=0043003 / 소득범위=0~0 / 총급여 7,500만원 이하 또는 연매출 3억원 이하 소상공인 중 가구 중위소득 200% 이하인 청년을 대상",,"은행이자+비과세 혜택+정부기여금(납입금액에 비례해 일반형 6%, 우대형 12%의 정부기여금 지원)
 * 신청기간 : 2026년 6월 22일 ~ 2026년 7월 3일 (2026년 하반기 2차 모집 예정)
 * 사업기간 : 2026년 6월 22일 ~
 * 요일제 신청 :  첫 5영업일(6/22 ~ 6/26)은 출생연도 끝자리 기준 5부제(요일제) 이며,  둘째 주(6/29 ~ 7/3)부터는 출생연도와 무관하게 누구나 신청 가능",20260622 ~ 20260703,        ,"ㅇ 청년도약계좌-청년미래적금 간 갈아타기는 2026년 6월 최초 가입 기간에 한해 허용됨(*갈아타기 세부절차는 서민금융진흥원 카카오톡 알림톡 등으로 별도 안내할 예정)
ㅇ 금리 : 취급 금융기관 자율 결정*
   (공통 우대금리) 일정소득(총급여 3,600만원 이하 또는 종합소득 2,600만원) 이하 0.5%p (단, 비과세소득(육아휴직급여(수당), 군장병급여)자는 미적용), 청년 모두를 위한 재무상담 이수 0.2%p
* 은행연합회 소비자포털(portal.kfb.or.kr > 금리/수수료 > 예금상품금리 비교) 확인","별도의 서류 제출은 불필요하며, 증빙 필요 시 서민금융진흥원에서 별도 안내 예정","ㅇ 2026년 6월 22일부터 7월 3일까지 취급기관 앱을 통해 비대면 신청
※ 소상공인 자격으로 가입을 희망하는 경우 사전에 중소기업현황정보시스템(sminfo.mss.go.kr)에서 소상공인확인서 발급 필요

ㅇ 청년미래적금 신청은 2026년 6월 22일(월)부터 7월 3일(금)까지 2주간 진행되며, 
    첫 5영업일(6/22 ~ 6/26)은 출생연도 끝자리 기준 5부제(요일제)로 신청 요일이 정해집니다. 
    둘째 주(6/29 ~ 7/3)부터는 출생연도와 무관하게 누구나 신청 가능합니다.",https://blog.naver.com/blogfsc/224323093033,main,primary,청년미래적금,금융위원회,20260622 ~ 20260703~,금융･복지･문화,취약계층 및 금융지원
youth,20260528005400113227,(농식품부) 농식품 바우처,『농업·농촌 및 식품산업 기본법』 제 23조의 2(취약계층 등에 대한 식품지원)에 근거하여 취약계층의 식품 접근성을 강화하고 균형 있는 식품 섭취를 지원하는 식품지원 제도,복지/문화,농림축산식품부,전국,"아래 기초지자체는 '26년 농식품바우처 사업 미추진
- 서울 : 강서구, 송파구(청년 포함가구 미지원)
- 인천 : 미추홀구
- 경기 : 수원시, 부천시, 안산시, 안양시, 하남시

* 농식품바우처 지정 오프라인 매장은 이용가능
* 미시행 지자체 전입시 바우처 사용 불가, 전입전까지 지원금액 모두 사용 | 0013010 | 0049010",청년,만 18세 ~ 만 34세,18,34,"생계급여 수급가구 가구원 중 「국민기초생활 보장법」상 보장시설 수급자는 가구원 수 산출에서 제외
보건복지부 영양플러스 사업 이용자는 해당 기간 동안 가구원 수 산출에서 제외",소득조건코드=0043003 / 소득범위=0~0 / 생계급여(기준 중위소득 32%이하) 수급가구 중 임산부·영유아·아동·청년 포함가구,,"- 지원방식: 전자바우처(카드방식)
- 지원품목: 국산 채소류, 과일류, 육류, 신선알류, 흰 우유, 잡곡류, 두부류, 임산물 (이외 품목 구매 불가)",20251222 ~ 20261211,20261231,"생계급여 수급가구 가구원 중 「국민기초생활 보장법」상 보장시설 수급자는 가구원 수 산출에서 제외
보건복지부 영양플러스 사업 이용자는 해당 기간 동안 가구원 수 산출에서 제외",,"1. 방문신청 : 주소지 관할 읍ㆍ면ㆍ동 행정복지센터 방문
2. 전화신청 : 고객지원센터 (1551-0857)를 통해 신청
3. 온라인신청 : 농식품 바우처 홈페이지에서 신청
4. 자동신청 : 2025년 농식품바우처 이용가구 중 2025. 12. 22. 기준 지원 자격을 충족하는 경우 별도 절차 없이 자동으로 승인 처리",https://www.foodvoucher.go.kr/view/fm/vucintro/agriFood,main,primary,농식품부농식품바우처,농림축산식품부,20251222 ~ 20261211~20261231,금융･복지･문화,건강
youth,20260528005400113226,(문체부) 청년예술인 예술활동 적립계좌,청년예술인에게 중장기 자산형성의 기회를 마련하여 안정적인 예술활동을 지원하는 사업,복지/문화,문화체육관광부,전국,"1. 적금 7개월 이상 연속 미납자
2. 적금 만기 전 상품 해지자
3. 사망 및 압류계좌로 확인된 자
4. 적금 선납 시 1회 지원금만 지원되며, 잔여 회차 지원금 지급 불가(240만원 한도 외 추가 납입 불가)
* (예시) 적금 선납 예시
- (1회차)10만원 (2회차)230만원 ⇒ 지원금 20만원 인정. 선납한 22회차 지원금 지급 불가.
- (1회차)10만원 (2회차)100만원 ⇒ 지원금 20만원 인정. 선납한 9회차 지원금 지급 불가 | 0013010 | 0049010",청년,만 18세 ~ 만 39세,18,39,"「예술인복지법」상 예술활동증명을 완료한 예술인(신청일 기준 예술활동증명 유효자)
- 일반 예술활동증명 완료자(공개 발표된 예술활동, 예술활동 수입, 경력단절예술인, 특수한 작업방식, 무형유산 관련 특례), 신진예술인 예술활동증명 완료자
- 국내 거주 내국인 및 재외국민에 한함 (외국인은 참여 불가)
- 재외국민의 경우, 출입국사실증명을 통해 신청일 기준 2년간 국내 거주 사실이 확인되며 일시 출국 기간 매회 90일 이내 및 연간* 국내 체류 총합 183일 이상인 자
* 연간기준: (1차년) 2024. 2. 4. ~ 2025. 2. 3., (2차년) 2025. 2. 4. ~ 2026. 2. 3.",소득조건코드=0043002 / 소득범위=0~3692,,"매월 일정 금액을 24개월간 적금 저축 시 가입자가 저축한 금액만큼 정부지원금을 지원 (1인 최대 240만원)
- 상품종류: 10만원 정액 적금
- 가입기간: 2년 (24개월)
- 납입한도: 월 10만원 (2년 최대 240만원)
- 지급방식: 만기 일시지급 (지원금은 만기 익월 지급)",20260101,20261231,"「예술인복지법」상 예술활동증명을 완료한 예술인(신청일 기준 예술활동증명 유효자)
- 일반 예술활동증명 완료자(공개 발표된 예술활동, 예술활동 수입, 경력단절예술인, 특수한 작업방식, 무형유산 관련 특례), 신진예술인 예술활동증명 완료자
- 국내 거주 내국인 및 재외국민에 한함 (외국인은 참여 불가)
- 재외국민의 경우, 출입국사실증명을 통해 신청일 기준 2년간 국내 거주 사실이 확인되며 일시 출국 기간 매회 90일 이내 및 연간* 국내 체류 총합 183일 이상인 자
* 연간기준: (1차년) 2024. 2. 4. ~ 2025. 2. 3., (2차년) 2025. 2. 4. ~ 2026. 2. 3.","1. 주민등록초본
- 2026년 발급분
- 발급 시 발급대상자 본인 및 전체 발급

2. 소득금액증명원
- 2026년 발급분
- 귀속년도: 직전년도(2024년도) 소득금액증명원 발급
- 작성기준: 종합소득세 신고 현황의 소득금액(사업, 근로, 기타) 및 연말정산 현황의 근로소득, 사업소득의 소득금액 총합계 (소득이 없을경우, 사실증명원 제출 가능)

3. 성희롱·성폭력 예방교육 수료증
- 예술인권리보장시스템 (sinmungo.kawf.kr)에서 수강 후 수료증 발급

4. 출입국에 관한 사실증명
- 신청·접수 기간 내 발급
- 조회기간: 2024. 2. 4.부터 ~ 2026. 2. 3.까지","1. 예술활동증명확인
예술인경력정보시스템(https://www.kawfartist.kr)을 접속하시어
경력지원 > 예술활동증명 > 신청내역 진행 상태에서 신청일 현재 예술활동증명 유효 여부를 확인합니다.

2. 구비서류 확인
상품 및 구비서류를 확인하여 준비합니다.

3. 온라인 신청
공지사항에 공지된 신청기간 내 적립계좌 신청하기를 통해 신청 정보 동의 및 인적사항, 신청자료를 입력합니다.",https://www.artloan.kr/notice/savingsAccount.do,main,primary,문체부청년예술인예술활동적립계좌,문화체육관광부,20260101~20261231,금융･복지･문화,예술인지원
youth,20260527005400113224,청년 국가기술자격 응시료 지원 사업,"구직활동을 하거나 경력을 개발하는 청년들의 경제적 부담을 완화하고, 국가기술자격 취득을 통한 취업 경쟁력 강화를 도모",인력/일자리,고용노동부,전국,0013010 | 0049010,청년,만 0세 ~ 만 34세,,34,,소득조건코드=0043001 / 소득범위=0~0,,"34세 이하 청년*이(소득 및 취업 여부 무관) 한국산업인력공단이 시행하는 국가기술자격 시험(’26년 기준 491종목)에 응시하는 경우 응시료의 50%를 선 지원
(1인당 年 3회 지원, 단 예산 242억 원 소진시 마감)

* ’26년 기준 ’91.1.1. 이후 출생자",        ,        ,,,"한국산업인력공단 Q-Net(https://www.q-net.or.kr) 원서접수 결제 단계에서, 34세 이하 청년인 경우 별도의 신청 절차 없이 50% 할인 자동 적용",https://www.q-net.or.kr/man004.do?id=man00402&gSite=Q&gId=,main,primary,청년국가기술자격응시료지원사업,고용노동부,,일자리,취업
youth,20260527005400113223,전세보증금반환보증 보증료 지원,"전세사기, 역전세 등 임차인이 전세보증금을 돌려받지 못하는 전세 피해를 예방하고, 상대적으로 주거 취약계층인 청년 및 저소득층의 주거 안정을 도모",주거,국토교통부,전국,0013010 | 0049010,청년,만 0세 ~ 만 0세,,,,소득조건코드=0043001 / 소득범위=0~0,,"○ 지원대상
- 신청일 기준 유효한 전세보증금반환보증(HUG, HF, SGI)에 가입한 임차보증금 3억원 이하, 연소득 (청년) 5천만원, (청년외) 6천만원, (신혼부부) 7.5천만원 이하 무주택 임차인

○ 지원금
- 신청인이 기납부한 전세보증금반환보증 보증료에 대해 최대 40만원 한도 내 지원('25.3.30 이전 가입건은 최대 30만원 지원)
ㆍ단, 청년외의 경우 신청인이 기납부한 보증료의 90%를 최대 40만원 한도 내 지원

○ 신청시기
- 연중 (지자체별 예산 소진시 조기 마감)",        ,        ,,"<민원인이 제출해야 하는 서류>
○ 보증기관에서 보증가입 시 전세보증금반환보증 보증료 지원 사업을 위한 제3자 정보제공에 동의한 경우
- 보증료 지원 신청서, 서약서

○ 신청인 제출 서류
- 보증료 지원 신청 및 서약서, 지급받을 계좌의 통장 사본
- 전세보증금반환보증 보증서(보증기관 날인 필수), 보증료 납부 증빙서류*(납부액 기재, 보증기관 날인 필수)
* HUG와 SGI의경우 보증서에 보증료가 기재되어 있으므로 별도 증빙서류 불필요
- 임대차계약서, 부동산 등기사항 전부증명서
- 주민등록등본(전체공개), 혼인관계증명서(일반증명서, 전부공개, 국내기관제출용)
- 소득금액증빙자료(열람용은 법적 효력 없음)
(근로소득) 아래 서류 중 택1
· 최근년도 근로소득원천징수 영수증
· 전년도 소득금액 증명원(7.1일 이전은 전전년도 소득금액증명원)
· 소득확인증명서(ISA 가입용)
· 갑근세원천징수확인서(홈택스에서 발급시 관공서 제출용, 회사 발급시 회사 직인 필요)
· 급여명세표, 임금대장 등 최근 1년간의 급여액을 알 수 있는 자료
(사업소득) 아래 서류 중 택1
· 전년도 소득금액 증명원(7.1일 이전은 전전년도 소득금액증명원)
· 소득확인증명서(ISA 가입용)
· 종합소득세 과세표준확정신고 및 납부 계산서(세무사 확인분)
· 사업소득원천징수영수증(연말정산용)
(연금소득) 연금수급권자 확인서 등 기타 연금을 확인할 수 있는 지급기관의 증명서(단, 연금수령액이 표기되지 않는 경우 연금 수령통장)
* 기존 소득심사방법과 동일하게 소득금액증명원 제출시 별도 서류 제출하지 않아도 무방하나, 그 외 소득확인증명서 등 재직기간 확인이 어려운 경우는 재직증명서, 건강보험자격득실확인서 등 재직기간을 확인할 수 있는 서류 추가 제출 필요
** 소득이 발생하지 않아 소득금액증명이 발급되지 않는 경우에는 '사실증명(신고사실없음)' 제출
*** 기혼자는 배우자의 소득증빙 서류도 필수 제출
- 대리신청의 경우 위임장, 대리인 신분증, 본인-대리인 관계 증명 서류 제출

※ 소득금액증명 상 연소득 확인:
- (근로소득) 종합소득세 신고 현황 - 수입금액 / 연말정산 현황 - 지급받은 총액
- (그 외 소득) 종합소득 신고 현황 - 소득금액 합계 / 연말정산 현황 - 소득금액 합계
※ 모든 서류는 신청일 기준 3개월 이내에 발급한 서류로 제출","○ 신청방법 : 시·군·구청 또는 주민센터에 방문 접수 혹은 온라인 접수
※ 방문접수의 경우 구군별 상이하니 전화 후 방문 필요
* 대구광역시는 온라인 접수 또는 시청 방문 신청

○ 지급시기 및 지급방법
- 지급일 : 접수 후 심사를 거쳐 30일 이내(기간 연장 필요한 경우 신청인 통지 후 15일 연장 가능) 지급
- 지급방법 : 신청인 계좌에 직접 입금

○ 신청 처리상태 안내
- 알림수신에 동의하신 경우 SMS/국민비서를 통해 처리상태를 안내받으실 수 있습니다.
※ 알림수신 동의 참고사항
1. 정부24 → MyGOV → 나의 정보관리 → 알림 수신동의 → SMS/국민비서 (예)로 변경
2. 국민비서 → 로그인 → 화면 좌측에 국민비서 알림 체크 → 화면 좌측에 수신받을 앱 선택 → 화면 우측에 알림서비스 선택 (정부 24 체크)",https://www.gov.kr/portal/rcvfvrSvc/dtlEx/161300000103,main,primary,전세보증금반환보증보증료지원,국토교통부,,주거,전월세 및 주거급여 지원
youth,20260527005400213222,2026년 청년근로자 교통비 지원사업,교통비 지원을 통해 관내 청년 이탈 방지 및 안정적인 직장생활 유도를 통한 청년 일자리 창출 기여,인력/일자리,경상북도 고령군 인구정책실,경상북도,0013001 | 0049010,청년,만 18세 ~ 만 45세,18,45,,소득조건코드=0043001 / 소득범위=0~0,,"ㅇ (대상)
- 18~45세 고령군 거주(예정)인 청년근로자
- 중소기업에 근무하는 청년근로자
※타지역 중소기업에 근무하더라도 고령군 청년이면 신청 가능
ㅇ (주요내용) 최대 8개월 간 월 5만원 지원",20260526 ~ 20260624,20261231,,,,https://www.goryeong.go.kr/kor/boardView.do?IDX=154&BRD_ID=1023&BOARD_IDX=41670&searchType=ALL&searchValue=&page=1,main,primary,2026년청년근로자교통비지원사업,경상북도고령군인구정책실,20260526 ~ 20260624~20261231,일자리,취업
youth,20260527005400213221,2026년 청년창업자 임차료 지원사업,초기 청년창업자에게 최대 5개월간 임차료 50%(월 최대 40만원) 지원,인력/일자리,경상북도 고령군 인구정책실,경상북도,"0013002,0013003 | 0049010",청년,만 18세 ~ 만 45세,18,45,,소득조건코드=0043001 / 소득범위=0~0,,"ㅇ (목적) 청년 창업자에 임차료를 일부 지원함으로써 안정적인 창업환경을 유지하고 경제적 자립을 지원하여 관내 청년 이탈 방지 도모
ㅇ (대상) 18세~45세 고령군 거주(예정)인 3년 이내 초기 청년창업가
ㅇ (주요내용) 최대 5개월간 월 임차료 50% 지원(월 최대 40만원)",20260518 ~ 20260616,20261031,,,,https://www.goryeong.go.kr/kor/boardView.do?IDX=154&BRD_ID=1023&BOARD_IDX=41634&searchType=ALL&searchValue=%EC%9E%84%EC%B0%A8%EB%A3%8C&page=1,main,primary,2026년청년창업자임차료지원사업,경상북도고령군인구정책실,20260518 ~ 20260616~20261031,일자리,창업
youth,20260522005400213220,삼척형 일자리 안심공제,"공제가입 기업에 재직 중인 정규직 또는 무기계약직
공제 가입 및 공제부금 납부(5년간)",복지/문화,강원특별자치도 삼척시,강원특별자치도,"<기업>
1) 지원제외 업종(품목코드)     * 붙임 「한국표준사업분류(통계청 고시)」참조
 - 일반 유흥주점업(56211), 무도 유흥주점업(56212), 기타 주점업(56219), 기타 사행시설 관리 및
   운영업(91249), 무도장 운영업(91291) 등
2) 사업자등록을 하지 않은 기업 
3) 휴‧폐업 중인 기업. 단, 재해를 직접 원인으로 휴업 중인 기업은 가동 중인 기업으로 간주하여 가입대상에 포함
4) 국세‧지방세 체납 중인 기업. 단, 세금분납계획에 따라 성실하게 세금을 납부하고 있는 기업은 가입대상에 포함
5) 공제금․해지환급금의 부정수급 시도 등의 사유로 진흥원이 공제계약을 해지한 날로부터 3년이 경과되지 않은 기업

<근로자>
1) 해당기업의 대표자  
2) 위 1)에 해당하는 자의 배우자, 부모, 자녀
3) 신청일부터 해지일까지 주민등록상 주소지가 삼척시로 유지가 불가능한 자
4) 신청일 기준 정부 및 지방자치단체에서 시행 중인 근로자에게 직접 지원하는 
   자산형성 지원성격의 사업*에 참여 중인 자
  * (중복관리 대상사업) 강원형 일자리 안심공제, 청년내일채움공제, 청년재직자내일채움공제, 희망키움통장Ⅰ, 희망키움통장Ⅱ, 
    내일키움통장, 청년희망키움통장, 청년저축계좌, 희망저축계좌 1, 희망저축계좌 2, 청년내일저축계좌, 강원형청년일자리사업(지역정착지원), 강원 청년 디딤돌 두배 적금 등 지자체 자산형성 사업
5) 정년이 있는 기업 근로자의 경우 정년까지의 근무기간이 5년 미만인 자 
6) 대한민국 국적을 보유하지 않은 외국인 | 0013001 | 0049010",청년,만 0세 ~ 만 0세,,,"❍ 기업(법인 또는 개인사업자)
   -「중소기업기본법」제2조제1항(중소기업자의 범위)에 따른 중소기업
   -「중견기업 성장촉진 및 경쟁력 강화에 관한 특별법」제2조제1호(정의)에 따른 중견기업  ※ 소상공인 포함
   - 위 중소기업 또는 중견기업 중 삼척시에 사업장을 두고 있고, 소속 상용근로자   1명 이상인 기업 ※ 지원기간 동안 사업자등록증 상 사업장 소재지가 삼척시 내로 되어 있어야 함.

  ❍ 근로자 
   - 공제가입 기업에 재직 중인 정규직 또는 무기계약직
     ※‘정규직 또는 무기계약직’은 기간의 정함이 없는 근로계약을 체결한 근로자를 말하며 
          「기간제 및 단시간근로자 보호 등에 관한 법률」 제2조에 따른 기간제근로자는 제외함.
   - 신청일부터 해지일까지 주민등록상 주소지가 삼척시이며, 해당기업에 계속 재직이 가능한 자
   - 기업의 공제가입 승인을 받은 자",소득조건코드=0043001 / 소득범위=0~0,,"월 50만원*씩 5년간 적립 후 만기에 적립금(3천만 원)과 공제부금 이자를 근로자에게 지급
   *공제부금: 기업 기여금 15만원, 근로자 납부금 15만원 / 삼척시 지원금 20만원",        ,        ,"❍ 기업(법인 또는 개인사업자)
   -「중소기업기본법」제2조제1항(중소기업자의 범위)에 따른 중소기업
   -「중견기업 성장촉진 및 경쟁력 강화에 관한 특별법」제2조제1호(정의)에 따른 중견기업  ※ 소상공인 포함
   - 위 중소기업 또는 중견기업 중 삼척시에 사업장을 두고 있고, 소속 상용근로자   1명 이상인 기업 ※ 지원기간 동안 사업자등록증 상 사업장 소재지가 삼척시 내로 되어 있어야 함.

  ❍ 근로자 
   - 공제가입 기업에 재직 중인 정규직 또는 무기계약직
     ※‘정규직 또는 무기계약직’은 기간의 정함이 없는 근로계약을 체결한 근로자를 말하며 
          「기간제 및 단시간근로자 보호 등에 관한 법률」 제2조에 따른 기간제근로자는 제외함.
   - 신청일부터 해지일까지 주민등록상 주소지가 삼척시이며, 해당기업에 계속 재직이 가능한 자
   - 기업의 공제가입 승인을 받은 자",,삼척형 일자리 안심공제 홈페이지(https://gwwell.kr/samcheok),https://gwwell.kr/samcheok,main,primary,삼척형일자리안심공제,강원특별자치도삼척시,,금융･복지･문화,취약계층 및 금융지원
youth,20260522005400213219,대학생 아르바이트 운영,"방학기간 시정 참여를 통한 사회 경험 및 경제 활동 기회 부여
2026년 하계 (1기) 7. 6. ~ 7. 19. (2기) 7. 20. ~ 8. 2. (3기) 8. 3. ~ 8. 16.",인력/일자리,강원특별자치도 삼척시,강원특별자치도,"** 입학예정자, 제적생, 졸업생, 대학원생 제외 | 0013010 | 0049005",청년,만 0세 ~ 만 0세,,,"모집 공고일 기준으로 아래 ①, ② 요건을 모두 충족할 것
① 본인 또는 부모(친권자, 후견인 포함)의 주민등록주소가 삼척시 관내로 되어 있고,
② 대학(교)*에 재학(휴학 포함)하고 있는 학생**
  * 방송통신대학, 사이버대학, 평생교육시설 등 포함",소득조건코드=0043001 / 소득범위=0~0,,"-행정업무 보조, 현장(관광지) 업무 지원 등(1일 8시간, 주5-7일) *근무지에 따라 상이할 수 있음
-인건비: 1일 83,200원(10,400원 * 8시간)",20260526 ~ 20260605,20260816,"모집 공고일 기준으로 아래 ①, ② 요건을 모두 충족할 것
① 본인 또는 부모(친권자, 후견인 포함)의 주민등록주소가 삼척시 관내로 되어 있고,
② 대학(교)*에 재학(휴학 포함)하고 있는 학생**
  * 방송통신대학, 사이버대학, 평생교육시설 등 포함",,온라인(삼척시 공식 누리집->시민참여->시민마당->대학생 아르바이트 신청),https://www.samcheok.go.kr/citizen/01430/02605.web,main,primary,대학생아르바이트운영,강원특별자치도삼척시,20260526 ~ 20260605~20260816,일자리,취업
youth,20260522005400213218,삼척형 청년인턴 지원사업,삼척시 거주 미취업 청년(18~49세) 공공 행정 분야 인턴 연수 기회 제공,인력/일자리,강원특별자치도 삼척시,강원특별자치도,0013003 | 0049004,청년,만 18세 ~ 만 49세,18,49,"□ 선발 우선순위(모집인원 초과 시)
  ① 취약계층(기초생활수급자, 차상위계층, 한부모가정), 국가유공자
  ② 전 단계 행복일자리(청년층) 및 행정인턴 미 참여자
  ③ 선발기준표에 의한 고득점자 순 선발
     ※ 동점자 발생 시 : 연령이 낮은 자 우선 선발
     ※ 주소지, 근무가능지역 고려하여 고득점자 우선 배치",소득조건코드=0043001 / 소득범위=0~0,,"상/하반기 행정인턴 모집(주 5일 근무, 1일 7시간)",20260202 ~ 20260206,20260628,"□ 선발 우선순위(모집인원 초과 시)
  ① 취약계층(기초생활수급자, 차상위계층, 한부모가정), 국가유공자
  ② 전 단계 행복일자리(청년층) 및 행정인턴 미 참여자
  ③ 선발기준표에 의한 고득점자 순 선발
     ※ 동점자 발생 시 : 연령이 낮은 자 우선 선발
     ※ 주소지, 근무가능지역 고려하여 고득점자 우선 배치",,경제과 방문 접수,https://www.samcheok.go.kr/specialty/00471/00480.web,main,primary,삼척형청년인턴지원사업,강원특별자치도삼척시,20260202 ~ 20260206~20260628,일자리,취업
youth,20260522005400213217,삼척중앙시장 청년몰 운영사업,삼척중앙시장 청년몰 입점 청년 상인 모집,인력/일자리,강원특별자치도 삼척시,강원특별자치도,"① 피성년후견인 또는 피한정후견인
② 파산선고를 받고 복권되지 아니한 자
③ 금고 이상의 실형 후 집행종료 또는 집행면제 후 5년이 지나지 아니한 자
④ 금고 이상의 실형 후 집행유예 기간이 끝난 날부터 2년이 지나지 아니한 자
⑤ 금고 이상의 형의 선고유예를 받은 경우에는 그 선고 유예기간 중에 있는 자
⑥ 공고일 기준 청년상인 육성사업(전통시장 청년상인 창업지원)에 참여 중인 자
⑦ 공고일 기준 최근 3년 이내 청년상인 지원사업(전통시장 청년상인 창업지원)에 선정된 후     지원 중 중도포기, 폐업, 법령이나 지침 위반 등으로 계약해지 된 자
⑧ 현 청년몰 입점상인의 배우자 및 직계존비속인 자
⑨ 국세 또는 지방세를 체납 중인 자 | 0013006 | 0049010",청년,만 18세 ~ 만 49세,18,49,,소득조건코드=0043001 / 소득범위=0~0,,삼척청년센터 청년몰 입점 (공유재산 사용료 연 5~60만 원),20260421 ~ 20260508,        ,,,"1차 평가(서류), 2차 평가(면접) -> 최종선발 및 입점",https://www.samcheok.go.kr/intro/00443/02086.web?amode=view&idx=138414,main,primary,삼척중앙시장청년몰운영사업,강원특별자치도삼척시,20260421 ~ 20260508~,일자리,창업
youth,20260522005400213216,미취업 청년 자격증 응시료 지원사업,삼척시 거주 6개월 이상 미취업 청년(18~49세) 자격증 응시료 실비 지원,교육/멘토링,강원특별자치도 삼척시,강원특별자치도,정부 및 타 지자체 동일/유사사업 수혜자 | 0013003 | 0049010,청년,만 18세 ~ 만 49세,18,49,"신청일 기준 6개월 이상 삼척시에 주민등록을 두고 있는 자
2025. 12. 1. ~ 2026. 11. 30. 실시한 시험의 실제 응시자",소득조건코드=0043001 / 소득범위=0~0,,"자격증 응시료 실비 지원(1인 10만 원 이내)
지원분야: 어학, 한국사, 국가기술(전문)자격증, 국가공인민간자격증",20260101 ~ 20261130,20261231,"신청일 기준 6개월 이상 삼척시에 주민등록을 두고 있는 자
2025. 12. 1. ~ 2026. 11. 30. 실시한 시험의 실제 응시자",,정부24 누리집 접수,https://plus.gov.kr/portal/benefitV2/benefitTotalSrvcList/benefitSrvcDtl?svcSeq=2130026&bnefType=all&svcId=424100000003,main,primary,미취업청년자격증응시료지원사업,강원특별자치도삼척시,20260101 ~ 20261130~20261231,교육･직업훈련,미래역량강화
youth,20260522005400213215,삼척형 청년스타트업 창업지원사업,삼척시 거주 예비 창업자 및 1년 미만 초기 창업 청년(18~49세) 대상 창업간접비 지원,인력/일자리,강원특별자치도 삼척시,강원특별자치도,"0013003,0013006 | 0049010","스타트업,청년",만 18세 ~ 만 49세,18,49,,소득조건코드=0043001 / 소득범위=0~0,,"창업간접비 1,200만 원 지원(자부담 200만 원 포함) *자체공모형 보조사업",20251222 ~ 20260123,20270324,,,,https://www.bizinfo.go.kr/sii/siia/selectSIIA200Detail.do?pblancId=PBLN_000000000117641,main,primary,삼척형청년스타트업창업지원사업,강원특별자치도삼척시,20251222 ~ 20260123~20270324,일자리,창업
youth,20260522005400213213,2026년 창업 아이디어 공모 및 지원,○ 창의적인 창업 아이디어 보유 창업가 발굴·지원(광주대학교 협업),인력/일자리,전남광주통합특별시,광주광역시,0013010 | 0049010,청년,만 1세 ~ 만 99세,,,,소득조건코드=0043001 / 소득범위=0~0,,"○ 사업화 자금 지원(총 6,000만원 / 각 1,000만원)
· (남구) 500만원: 창업비, 홍보 마케팅, 재료비, 디자인 개발비 등
· (광주대) 500만원: 마케팅 프로듀싱비(온라인콘텐츠, 홍보물 제작 등)
※ 인건비, 사무실 임차료, 공과금, 관리비 등 운영 경비 목적 사용 불가
○ 창업 역량강화
· 창업 기본교육, 멘토링 지원",20260526 ~ 20260612,20261231,"○ 제외대상
· 사행성, 환경오염 유발 가능성 등 반사회적 성격의 창업 아이디어
· 타인의 특허·실용신안 등 지적재산권 침해(우려) 아이디어
· 창업 거점 주소 및 공간이 명확하지 않은 경우 등
· (중복지원) 타 기관 창업지원사업 선정자 신청 가능하나, 동일·유사 내용 지원 이력 시 중복지원 여부 검토 및 선정 제한 가능",☞ 자세한 내용은 붙임파일을 확인해주시기 바랍니다.,"○  신청방법 : 방문 또는 이메일 접수
· (방 문) 광주 남구 봉선로 1, 남구청 6층 일자리정책과
· (이메일) ids2915@korea.kr(제출 후 유선확인必, ☎ 607-2671)",https://www.youthcenter.go.kr/youthPolicy/ythPlcyTotalSearch/ythPlcyDetail/20260522005400213213,main,primary,2026년창업아이디어공모및지원,전남광주통합특별시,20260526 ~ 20260612~20261231,일자리,창업
youth,20260522005400213211,2026 광주광역시 전략사업별 지역생태계 활성화 사업 「내일을 만드는 청년 직무형 일경험 사업」,"○ 지역 내 청년 구직 의욕 고취 및 사회적경제 기업 실질 직무경험 지원
○ 디지털마케팅·통합돌봄 분야 직무교육 및 일경험 연계 운영",인력/일자리,전남광주통합특별시,광주광역시,0013010 | 0049010,청년,만 19세 ~ 만 39세,19,39,,소득조건코드=0043001 / 소득범위=0~0,,"○ 디지털 및 통합돌봄 전문 직무교육(50명)
○ 현장 중심 일경험 운영(일경험 수당 총 600만원 지급)
○ 프로젝트 기반 협업 활동 운영(디지털 직무 일경험 참여자)
○ 생활 안정화 교육(50명) 및 재무 상담(50명) 운영
○ 취업 연계 지원",20260519 ~ 20260614,20261130,"○ 우대사항
· 취업취약청년(준비 중 청년, 자립준비청년, 북한이탈청년, 은둔형외톨이, 경력단절여성 등)
· 마케팅 및 돌봄분야 취업 준비 청년",☞ 자세한 내용은 붙임파일을 확인해주시기 바랍니다.,○ 신청하기→ 온라인 신청서 작성 → 제출(해당자에 한해 추가서류 제출),https://gjsec.kr/bbs/board.php?bo_table=noti&wr_id=2902,main,primary,2026광주광역시전략사업별지역생태계활성화사업내일을만드는청년직무형일경험사업,전남광주통합특별시,20260519 ~ 20260614~20261130,일자리,취업
youth,20260521005400213209,청년온가 2026년 정기 입주자 모집 재공고,"광산구가 미취업청년의 성공적인 자립과 미래를 위해 준비한 청년 빌드업스테이 광산청년온(溫)가(家)에서 2026년 정기 입주자를 아래와 같이 모집하오니 미취업 청년들의 많은 관심과 도전 바랍니다.
□ 모집개요
o 모집대상 : 미취업 청년(19~39세) 총 3명(남성·여성 청년 총 3명)
o 모집기간 : 2026. 5. 14.(목) ~ 충원 시 까지
o 내 용
- 청년 1인 1호실 독립공간 무료 제공
- 자립역량 교육 : 혼밥 식단관리, 개별 심리상담, 동아리활동 지원, 재무관리, 구 직기술 및 직무역량 강화 등
- 취업역량교육 : 청년정책 사업 연계, 구직활동 지도, 일경험 프로그램 운영
o 신청방법 : 이메일 접수(youth-onga@naver.com)
o 문 의 처 : ☎062-710-7717 (광산 청년온가)",주거,전남광주통합특별시,광주광역시,0013010 | 0049010,청년,만 19세 ~ 만 39세,19,39,,소득조건코드=0043001 / 소득범위=0~0,,"o 내 용

- 청년 1인 1호실 독립공간 무료 제공

- 자립역량 교육 : 혼밥 식단관리, 개별 심리상담, 동아리활동 지원, 재무관리, 구 직기술 및 직무역량 강화 등

- 취업역량교육 : 청년정책 사업 연계, 구직활동 지도, 일경험 프로그램 운영
[출처] 청년온가 2026년 정기 입주자 모집 재공고|작성자 광산 청년온가",20260514,20261231,,,o 신청방법 : 이메일 접수(youth-onga@naver.com),https://blog.naver.com/youth-onga/224285460127,main,primary,청년온가2026년정기입주자모집재공고,전남광주통합특별시,20260514~20261231,주거,주택 및 거주지
youth,20260518005400213206,2026 농식품가공창업보육센터 이용자 모집 공고(공유주방 창업팀 1기),지역 농산물을 활용한 식품 가공 창업 활성화 및 초기 창업자의 실전형 창업 지원을 위한 공유주방 이용자 모집,인력/일자리,전남광주통합특별시,광주광역시,0013010 | 0049010,청년,만 19세 ~ 만 99세,19,,,소득조건코드=0043001 / 소득범위=0~0,,"○ 공유주방 시설 이용 지원
· 일반조리실 및 베이커리실 작업 공간(테이블) 제공 · 식품가공에 필요한 주요 장비 무상 사용 
○ 창업 보육 프로그램 운영
· 공유주방 첫걸음 과정 및 오리엔테이션 제공 · 시제품 개발 및 제조·판매 활동 지원",20260506 ~ 20260608,20260930,"○ 가점 대상
· 농업경영체등록확인서 제출자(농업인) · 청년 창업자 및 사업자등록 예정/완료자",☞ 자세한 내용은 붙임파일을 확인해주시기 바랍니다.,○ 신청방법 : 방문 접수 또는 이메일(diddh0428@korea.kr) 제출,https://www.youthcenter.go.kr/youthPolicy/ythPlcyTotalSearch/ythPlcyDetail/20260518005400213206,main,primary,2026농식품가공창업보육센터이용자모집공고공유주방창업팀1기,전남광주통합특별시,20260506 ~ 20260608~20260930,일자리,창업
youth,20260513005400213205,부산 청년문화축제(부산 스텝업댄스페스티벌),부산 청년문화 대표 축제 ‘부산스텝업댄스페스티벌’ 개최로 지역 청년예술가들에게 공연 기회 제공과 시민 문화향유 기회 확대,복지/문화,부산광역시 청년산학국 청년정책과,부산광역시,0013010 | 0049010,청년,만 0세 ~ 만 0세,,,,소득조건코드=0043001 / 소득범위=0~0,,"① 대회 운영
 - 메인경연: 1:1 댄스 배틀, 퍼포먼스 챔피언십 등
 - 서브경연: 주니어 챔피언십, 케이팝댄스챔피언십 등
② 사전 행사: 랜덤플레이댄스, 대회 지원
③ 부대 프로그램: 개막식&토크쇼, 댄스클래스, 워너비토크쇼, 스텝업콘서트, 스트릿마켓",20260318 ~ 20260417,20260510,,,,https://busanstepupfestival.com/home,main,primary,부산청년문화축제부산스텝업댄스페스티벌,부산광역시청년산학국청년정책과,20260318 ~ 20260417~20260510,금융･복지･문화,문화활동 및 생활지원
youth,20260513005400213204,부산 청년 일하는 기쁨카드 지원,부산 소재 중소기업 재직 청년에게 복지포인트 지원으로 근로의욕 고취 및 복지수준 향상,인력/일자리,부산광역시 청년산학국 청년정책과,부산광역시,※ 유사사업 참여 중 이거나 수혜이력이 있는 자 등 | 0013001 | 0049010,청년,만 18세 ~ 만 39세,18,39," - 공고일 기준 주민등록상 부산광역시 거주자
 - 공고일 기준 부산 소재 중소기업 3개월 이상 재직자(2024.1.1. 이후 입사자)","소득조건코드=0043003 / 소득범위=0~0 / 월 소득 3,847천원 이하(기준 중위소득 150% 이하)",," ○ 지원내용
   - 1인당 100만원 복지포인트 지원(연 2회, 50만원씩 나누어 지원)
   - 사용분야 : 문화여가, 자기계발, 건강관리, 생활지원
   - 사용기간 : 복지 포인트 지급 시부터 2026. 11. 30.까지",20260406 ~ 20260424,20261231,"- 공고일 기준 주민등록상 부산광역시 거주자
 - 공고일 기준 부산 소재 중소기업 3개월 이상 재직자(2024.1.1. 이후 입사자)

제출서류 심사 후 적격자 대상 추첨 2,000명","재직처 중소기업확인서 및 사업자 등록증
 (그 외 필요서류 공공마이데이터 연계하여 수집)",부산 청년 일하는 기쁨카드 누리집 온라인 신청,https://young.busan.go.kr/index.nm?menuCd=33,main,primary,부산청년일하는기쁨카드지원,부산광역시청년산학국청년정책과,20260406 ~ 20260424~20261231,일자리,재직자
youth,20260513005400213203,부산 청년두드림센터 운영,"부산지역 청년의 취업역량 강화프로그램 운영, 취업활동공간 지원, 청년일자리 상담 및 취업 알선 등 부산청년 취업 지원을 위한 센터 운영사업",인력/일자리,부산광역시 청년산학국,부산광역시,0013003 | 0049010,청년,만 18세 ~ 만 39세,18,39,,소득조건코드=0043001 / 소득범위=0~0,,"① 청년두드림센터 공간 운영
 - 청년들의 커뮤니티 활동 및 각종 행사를 위한 장소, 취업 준비 활동(개별학습 및 스터디모임 등)을 위한 공간 지원
 - 오픈공간, 학습공간, 대회의실, 스터디룸 등 취업활동 공간제공
② 전주기 맞춤형 취업 상담 ‘드리미케어’
 - 전문 취업 상담을 통한 청년구직 단계별 1:1맞춤형 전담 매칭 실시
 - 공채 시기별 맞춤형 프로그램 구성, 소그룹 운영 상담 실시, 입사지원서 및 자기소개서 지도, 실전 모의면접 진행 등
③ 청년취업역량강화 프로그램
 - 분기별 맞춤형 취업지원 프로그램 운영을 통한 청년 유입 유도 및 구직역량 강화 등
 - 다양한 구인‧구직 요구의 적시 대응을 위한 협업 네트워크 구축 등",20260101 ~ 20261231,20261231,,"기초상담 질문지 입력, 예약",‘청년부산잡스‘ 홈페이지 상담 예약 ⇒ 대면(유선)상담,https://young.busan.go.kr/index.nm?menuCd=34,main,primary,부산청년두드림센터운영,부산광역시청년산학국,20260101 ~ 20261231~20261231,일자리,취업
youth,20260513005400213202,부산 면접정장 대여서비스(드림옷장),취업준비생 입사면접용 정장 무료대여,인력/일자리,부산광역시 청년산학국 청년정책과,부산광역시,0013003 | 0049010,청년,만 18세 ~ 만 39세,18,39," ※ 부산 거주(거소) 청년
 ※ 타 지역 거주(거소) 청년의 경우 부산소재 기업 면접 시 가능",소득조건코드=0043001 / 소득범위=0~0,,"입사 면접용 정장 무료 대여 및 코디 컨설팅
 - 만 15~39세 이하 부산 거주(거소) 청년 구직자 대상 정장 대여
 - 자켓, 셔츠, 블라우스, 치마, 바지, 넥타이, 벨트, 구두 등 면접 용품 대여 가능
 - 사이즈 일부 수선, 정장 피팅 및 코디 컨설팅 지원",,,"※ 부산 거주(거소) 청년
 ※ 타 지역 거주(거소) 청년의 경우 부산소재 기업 면접 시 가능","부산 거주 확인서류, 면접 사실 확인서류",온라인예약 ▷ 예약승인 ▷ 현장방문 대여 ▷ 정장 반납,https://young.busan.go.kr/index.nm?menuCd=32,main,primary,부산면접정장대여서비스드림옷장,부산광역시청년산학국청년정책과,,일자리,취업
youth,20260513005400213201,부산 취업연수생 고용사업,미취업 청년에게 행정체험을 제공함으로써 직장 적응능력 향상과 역량 강화로 일자리 진입 지원,인력/일자리,부산광역시 청년산학국 청년정책과,부산광역시,타 직접일자리사업 중복참여자 참여 불가 | 0013003 | 0049009,청년,만 18세 ~ 만 29세,18,29, 최종학력 고졸 이상 미취업자로서 졸업 후 3년 이내인 자,소득조건코드=0043001 / 소득범위=0~0,,"① 행정 체험 제공
 - 시·시의회, 직속기관·사업소, 공공기관·출자출연기관, 비영리단체 등 다양한 기관의 행정 체험 제공 및 취업역량 강화
② 시정체험 및 취업역량강화 프로그램 제공
 - 연수생의 시정 관심 제고 및 홍보를 위한 다양한 시정 주요현장 업무 체험 기회 마련
 - 맞춤형 취업상담 및 지역 내 우수기업 탐방 기회 제공으로 직장 적응능력 향상 및 구직 의욕 고취
",,,"최종학력 고졸 이상 미취업자로서 졸업 후 3년 이내인 자

부서별 신청(중복신청 불가)","(필수) 신청서, 개인정보수집·이용·제공동의서, 졸업증명서, 등/초본
 (선택) 취약계층 증빙서류",➀ 부산청년플랫폼 접속 → ➁ [일자리] 클릭 → ➂ [취업연수생] 클릭 → ④ 청년부산잡스 취업연수생 바로가기 클릭 ⑤ 회원가입(로그인) → ⑥ 신청하기(온라인 신청서 작성 및 제출서류 스캔 파일 업로드),https://young.busan.go.kr/index.nm?menuCd=161,main,primary,부산취업연수생고용사업,부산광역시청년산학국청년정책과,,일자리,취업
youth,20260513005400213200,부산 청년 임차보증금 대출 및 대출이자 지원(머물자리론),청년층의 주거비부담 경감을 위해 청년 임차보증금 대출 및 대출이자 지원,주거,부산광역시 청년산학국 청년정책과,부산광역시,"- 신혼부부 (혼인신고일 기준 7년이내) 
 - 기초생활(생계,주거)수급자
 - 부·모, 배우자의 부·모와 임대차계약한 자 
 ※ 유사사업 참여 중 이거나 수혜이력이 있는 자 등 | 0013010 | 0049010",청년,만 19세 ~ 만 39세,19,39," - 주민등록상 부산거주 무주택 청년 세대주
 - 주택기준 : 임차보증금 2억원 이하 
 - 임대차계약을 체결하고 임차보증금 5% 이상을 지불한 자","소득조건코드=0043003 / 소득범위=0~0 / 본인 연소득 6천만원 이하, 부부합산 1억원 이하",," ○ 지원내용 : 임차보증금 대출 및 대출이자 지원 
  - 대출한도 : 최대 1억원 이내 (임차보증금 90% 범위 내)
  - 이자지원 : 연소득 45백만원 이하 2.5%, 45백만원 초과 2% ",,,"- 주민등록상 부산거주 무주택 청년 세대주
 - 주택기준 : 임차보증금 2억원 이하 
 - 임대차계약을 체결하고 임차보증금 5% 이상을 지불한 자","가족관계증명서, 임대차계약서",부산청년플랫폼 누리집 온라인 신청,https://young.busan.go.kr/index.nm,main,primary,부산청년임차보증금대출및대출이자지원머물자리론,부산광역시청년산학국청년정책과,,주거,전월세 및 주거급여 지원
youth,20260513005400213199,부산 청년 월세 지원,청년층의 주거비부담 경감을 위해 청년 월세 지원,주거,부산광역시 청년산학국 청년정책과,부산광역시,※ 유사사업 참여 중 이거나 수혜이력이 있는 자 등 | 0013010 | 0049010,청년,만 19세 ~ 만 34세,19,34,"
 - 부모님과 별도 거주 무주택청년
 - 재산기준 : 원가구 4억7천만원 이하, 청년가구 1억22백만원 이하","소득조건코드=0043003 / 소득범위=0~0 / 청년 기준중위소득 60%(월소득 154만원) 이하, 원가구 기준중위소득 100%(월 536만원) 이하",," ○ 지원내용 : 월 최대 20만원, 최대 24개월 지원",20260330 ~ 20260529,20260509,"- 부모님과 별도 거주 무주택청년
 - 재산기준 : 원가구 4억7천만원 이하, 청년가구 1억22백만원 이하","월세지원신청서, 소득·재산 신고서, 임대차계약 및 월세이체 증빙서류, 서약서, 입금통장 사본, 청년 및 부·모의 가족관계증명서, 배우자 및 배우자 부·모의 가족관계증명서",복지로 누리집 온라인 신청,https://young.busan.go.kr/index.nm?menuCd=37,main,primary,부산청년월세지원,부산광역시청년산학국청년정책과,20260330 ~ 20260529~20260509,주거,전월세 및 주거급여 지원
youth,20260513005400213198,부산 청년 중개보수 및 이사비 지원,"부산시 전입, 부산시 내 이사 후 전입 신고한 일하는 청년에게 이사비 지원",주거,부산광역시 청년산학국 청년정책과,부산광역시,※ 유사사업 수혜이력이 있는 자 등 | 0013010 | 0049010,청년,만 18세 ~ 만 39세,18,39," - ‘25. 1. 1.이후 부산시 전입 및 부산시 내 이사 후 전입신고
 - 주택 거래금액 1.5억원 이하 전・월세 거주
 - 무주택자, 부모 별도 거주","소득조건코드=0043003 / 소득범위=0~0 / 기준중위소득 120%이하(월 3,078천원 이하)",," ○ 지원내용 : 부동산 중개보수 및 실제 소요된 이사 비용(최대 40만원)
   - (중개보수) 임대차 계약 체결 시 소요되는 중개 수수료
   - (이사비) 개인용달, (반)포장이사, 사다리차 이용비 등
   ※ 택배비, 청소비, 개인적 차량 렌트비, 개인 아르바이트 고용 용역비 등 제외 ",20260801 ~ 20261231,,"- ‘25. 1. 1.이후 부산시 전입 및 부산시 내 이사 후 전입신고
 - 주택 거래금액 1.5억원 이하 전・월세 거주
 - 무주택자, 부모 별도 거주","부동산임대차계약서, 중개보수 및 이사비 납부 영수증, 통장사본 등",부산청년플랫폼 온라인 신청,https://young.busan.go.kr/index.nm,main,primary,부산청년중개보수및이사비지원,부산광역시청년산학국청년정책과,20260801 ~ 20261231~,주거,전월세 및 주거급여 지원
youth,20260513005400213197,부산 청년 자산형성 지원(부산청년 기쁨두배통장),청년에게 저축을 통한 자산형성 지원 및 금융역량 강화,인력/일자리,부산광역시 청년산학국 청년정책과,부산광역시,"※ 유사사업 참여 중 이거나 수혜이력이 있는 자, 본인 명의 통장개설이 불가능한 자 등 | 0013010 | 0049010",청년,만 18세 ~ 만 39세,18,39," ※ 사업자의 경우 본인 명의 사업자등록증 
 ※ 공고일 기준 주민등록상 부산시 거주","소득조건코드=0043003 / 소득범위=0~0 / 기준중위소득 150%이하(월 소득 3,847천원 이하) / 건강보험료로 판단 : 직장가입자 138,780원 지역가입자 68,641원",," ○ 지원내용 : 청년 10만원 저축시 1:1 市 매칭 지원, 금융교육
  ※ 저축기간 24개월 또는 36개월",20260810 ~ 20260821,,"※ 사업자의 경우 본인 명의 사업자등록증 
 ※ 공고일 기준 주민등록상 부산시 거주",,부산청년기쁨두배통장 누리집 온라인 신청,https://young.busan.go.kr/index.nm?menuCd=53,main,primary,부산청년자산형성지원부산청년기쁨두배통장,부산광역시청년산학국청년정책과,20260810 ~ 20260821~,일자리,취업
youth,20260513005400213196,부산 청년 신용회복 지원,"경제적 어려움을 겪고 있는 청년들 대상으로 재무상담, 채무조정, 연체예방비용 지원 및 경제교육 등을 실시하여 경제적 자립을 지원",복지/문화,부산광역시 청년산학국 청년정책과,부산광역시,0013010 | 0049010,청년,만 18세 ~ 만 39세,18,39," ※ 신청일 기준 주민등록상 부산시 거주
 ※ 연체예방비용 지원: 최근 3개월 월 평균 소득 50만원 이상, 연체가능성이 있거나 최근 3개월 이내 연체이력이 있는 청년",소득조건코드=0043001 / 소득범위=0~0,," ○ 지원내용
  - 1:1 맞춤형 재무상담 지원
  - 채무조정 및 연체예방 비용 지원
  - 청년 맞춤형 경제교육 지원",,,"※ 신청일 기준 주민등록상 부산시 거주
 ※ 연체예방비용 지원: 최근 3개월 월 평균 소득 50만원 이상, 연체가능성이 있거나 최근 3개월 이내 연체이력이 있는 청년",,부산신용보증재단 상담 후 신청,https://www.부산청년희망.kr,main,primary,부산청년신용회복지원,부산광역시청년산학국청년정책과,,금융･복지･문화,취약계층 및 금융지원
youth,20260513005400213195,부산 청년 생활인구 유입 활성화(부산온나청년패스),"부산을 방문하는 타지역 청년 대상으로 부산온나청년패스 발급,
 제휴시설 이용 할인 제공",복지/문화,부산광역시 청년산학국 청년정책과,부산광역시,0013010 | 0049010,청년,만 18세 ~ 만 39세,18,39, ※ 타시도 청년(주민등록이 부산광역시 외로 등록되어 있는 청년),소득조건코드=0043001 / 소득범위=0~0,,"① 부산온나청년패스 신청 및 발급
 - (신청) 대상자가 “부산청년플랫폼”에서 「부산온나청년패스」 신청 
 - (승인) 신청즉시 발급, 실시간 승인
② 제휴업체 할인·이용
 - (이용) 제휴시설 방문시 청년패스 확인 후 이용료 할인 
    ① 이용자가 “단말기에 업체 QR코드 인식”
    ② 제휴업체에서 청년패스 확인 후 생활인구 이용료 적용",,,"※ 타시도 청년(주민등록이 부산광역시 외로 등록되어 있는 청년)

주민등록이 부산광역시 외로 등록되어 있는 청년
 (행정정보공동이용을 연계하여 주민등록 확인)",,부산청년플랫폼-부산청년정책-부산온나청년패스 신청,https://young.busan.go.kr/index.nm?menuCd=269,main,primary,부산청년생활인구유입활성화부산온나청년패스,부산광역시청년산학국청년정책과,,금융･복지･문화,문화활동 및 생활지원
youth,20260513005400213194,부산 청년문화육성 지원,부산지역 청년 및 청년예술인을 위한 청년문화육성 지원,복지/문화,부산광역시 청년산학국 청년정책과,부산광역시,0013010 | 0049010,청년,만 18세 ~ 만 39세,18,39,,소득조건코드=0043001 / 소득범위=0~0,,"① 청년신진예술가 창작활동지원
 - 부산 청년신진예술가의 창작활동을 위한 지원금 지급
② 청년예술가 자율기획
 - 청년이 문화예술을 소재로 직접 설계한 프로젝트 제안 및 수행
③ 청년연출가 작품 제작지원
 - 청년연출가의 우수공연 콘텐츠 지원하여 지역의 대표 공연 브랜드 육성
④ 예술×기술 융복합 프로젝트 운영
 - 청년예술가들이 첨단기술(AI 등)을 능동적 창작 도구로 활용 가능하도록 기술교육 등 역할 강화
⑤ 민락인디트레이닝센터 운영
 - 인디문화 콘텐츠 개발 및 육성을 위한 트레이닝 프로그램 운영
⑥ 청년예술가 국제교류
 - 청년예술가들의 국제적 감각을 배양 및 교류를 통한 역량 강화
⑦ 청년 아트페어
 - 시각분야 청년예술가들의 작품을 판매하는 페어 운영
⑧ 청년 예술작품 구독
 - 시민들에게 노출될 수 있는 기관의 주요공간에 시각 분야 청년
   예술가들의 작품을 일정기간 향유할 수 있도록 구독 지원
⑨ 부산 아티스트택
 - 시각예술 분야 청년 예술가 작품을 활용한 상품 출시
⑩ 청년문화홍보
 - 청년문화 온라인 콘텐츠 제작, 성과공유회 운영",,,,,사업별 상이(부산문화재단 홈페이지 공모내용 확인),https://young.busan.go.kr/index.nm?menuCd=235,main,primary,부산청년문화육성지원,부산광역시청년산학국청년정책과,,금융･복지･문화,예술인지원
youth,20260513005400213193,부산 청년만원플러스문화패스,청년들의 문화관람비 부담경감 통해 다양한 문화콘텐츠 향유기회 제공,복지/문화,부산광역시 청년산학국 청년정책과,부산광역시,부산청년만원+문화패스 및 청년문화예술패스 기선정자 | 0013010 | 0049010,청년,만 18세 ~ 만 39세,18,39,,소득조건코드=0043001 / 소득범위=0~0,,"부산시 거주 청년(18~39세) 대상 지역 우수 문화공연을 1만원으로 
관람할 수 있도록 지원
  - (청년) 1만원 결제 / (市) 공연기획사에 차액 사후 보전 ▹1인 최대 10만원까지",20260428 ~ 20260430,,,,"부산이즈굿 동백전 → 부산청년만원+문화패스 신청 → 정책자금 신청 목록에서 부산청년만원+문화패스 선택 → 선착순 신청 선택 → 서비스 정보이용 제공 동의 → 신청인 정보 입력 → 8,500명 선착순 선정",https://young.busan.go.kr/index.nm?menuCd=234,main,primary,부산청년만원플러스문화패스,부산광역시청년산학국청년정책과,20260428 ~ 20260430~,금융･복지･문화,문화활동 및 생활지원
youth,20260513005400213192,부산 청년문화예술패스,"19∼20세 청년(2006∼2007년생)에게 문화예술 관람 등 지원을 통한
 문화향유 기회 제공",복지/문화,부산광역시 청년산학국 청년정책과,부산광역시,"2025년 청년문화예술패스 이용자 신청 불가
 (단, 실제 사용 금액이 없는 이용자는 신청 가능) | 0013010 | 0049010",청년,만 19세 ~ 만 20세,19,20,,소득조건코드=0043001 / 소득범위=0~0,,1인당 연 15만원~20만원 공연·전시 ·영화 관람비 지원,20260225 ~ 20260630,,,,"‘청년문화예술패스’ 누리집에서 신청·발급 후 지정된 협력예매처에서
 공연･전시･영화 관람권 예매 시 사용",https://young.busan.go.kr/index.nm?menuCd=245,main,primary,부산청년문화예술패스,부산광역시청년산학국청년정책과,20260225 ~ 20260630~,금융･복지･문화,문화활동 및 생활지원
youth,20260513005400213190,부산 신진예술인 육성 지원(신진청년예술인 인큐베이팅 및 경력 개발 지원),부산지역 신진청년예술인 공연제작 전반 참여 지원,복지/문화,부산광역시 청년산학국 청년정책과,부산광역시,0013010 | 0049010,청년,만 18세 ~ 만 39세,18,39,,소득조건코드=0043001 / 소득범위=0~0,," - 부산지역 청년예술인 25여 명 선발 (공모·오디션 등)
 - 대규모 작품 제작·참여를 통해 신진청년예술인 발굴 및 육성
 - 공연 창작물 국내·외 아트마켓 연계 추진으로 활동기반 마련",,,,,부산문화회관 홈페이지 공모 확인 후 지원,https://young.busan.go.kr/index.nm?menuCd=61,main,primary,부산신진예술인육성지원신진청년예술인인큐베이팅및경력개발지원,부산광역시청년산학국청년정책과,,금융･복지･문화,예술인지원
youth,20260513005400213189,부산 청년 로컬크리에이터 레벨업,"부산지역 자원 및 특성을 기반으로 창업한 청년 기업에 재정지원, 네트워킹 활성화 등으로 성장·정착 지원",인력/일자리,부산광역시 청년산학국 청년정책과,부산광역시,0013010 | 0049010,청년,만 18세 ~ 만 39세,18,39,,소득조건코드=0043001 / 소득범위=0~0,,"① 청년 로컬크리에이터 육성 및 발굴
  - 대상: 창업 7년 미만 만39세 이하, 소비자 대상 제품·서비스를 보유한
    청년 로컬크리에이터 기업 ▸ 16개사 내외 선정
  - 일정: 모집공고(2~3월) → 선정발표(3월 내) → 자금지원 및 수행(4~12월) 
  - 지원: 사업화 자금(기업당 최대 4,000만원이내), 맞춤형 컨설팅 등

② 로컬자원 활용 프로젝트 수행기업 지원
  - 대상: 인구 감소·관심지역내 상권, 빈집, 유휴공간을 활용한 프로젝트 수행 청년 기업 ▸ 4개사 내외 선정 ※  감소지역: 동구, 서구, 영도구 / 관심지역: 중구, 금정구
  - 일정: 모집(3~4월) → 선정·사업 착수(4월내) → 1차 지원(50%) 및 수행(4~7월)
    → 중간평가 → 2차 지원(50%) 및 수행(8~12월)
  - 지원: 사업화 자금(기업당 4,000만원 내외 차등 지급), 맞춤형 컨설팅 등
 
③ 로컬크리에이터 교류·협력 프로그램 추진(5~11월 중) 
  - 로컬크리에이터 협의체 구성: 기업 자문·의견 교류
  - 로컬 비즈니스 컨퍼런스 개최: 민간 투자·유관기관 연계 네트워킹 등
  - 로컬크리에이터 쇼케이스 개최: 지원기업 제품 팝업스토어 등
  - 로컬 콘텐츠 제작 및 홍보: 공식 SNS 등 다수 채널 활용 홍보",20260201 ~ 20260430,,,,,https://busanjob.net/yjob/index.do,main,primary,부산청년로컬크리에이터레벨업,부산광역시청년산학국청년정책과,20260201 ~ 20260430~,일자리,창업
youth,20260513005400213188,부산청년 글로벌 잡(JOB) 챌린지 프로젝트,해외일경험 참여 청년의 글로벌 기업 취업 매칭 위해 정규직 채용 조건의 인턴 채용 인건비 제공,인력/일자리,부산광역시 청년산학국 청년정책과,부산광역시,0013010 | 0049010,청년,만 18세 ~ 만 39세,18,39,,소득조건코드=0043001 / 소득범위=0~0,,"① 해외일경험 참여 청년의 글로벌 기업 취업 매칭
  - (기업) 정규직 채용 조건의 인재 채용 인건비 제공
          (1인 월 150만원*최대3개월)
  - (청년) 채용 전후 역량강화 프로그램 제공 및 연계 ",        ,        ,,(기업) 사업참여 신청서 및 증빙서류,‘부산일자리정보망‘ 홈페이지,https://www.busan.go.kr/expdetail/view?schYear=2025&schDbiz=626000020253008E,main,primary,부산청년글로벌잡job챌린지프로젝트,부산광역시청년산학국청년정책과,,일자리,취업
youth,20260513005400213187,부산 전세보증금 반환보증 보증료 지원,전세보증금 반환보증 보증료 지원을 통해 반환보증 가입을 유도하여 전세사기 피해방지 및 주거안정 도모,주거,부산광역시 주택건축국 주택정책과,부산광역시,"신청인 기준 보증효력이 유효한 전세보증금반환보증에 가입
 임차보증금 3억원 이하, 무주택 | 0013010 | 0049010",청년,만 18세 ~ 만 39세,18,39,"소득요건 : 연소득 (청년) 5천만원, (청년 외) 6천만원, (신혼부부) 7.5천만원 이하
  - 청년: 18세~39세(부산시 청년 기본조례)
  - 신혼부부: 혼인신고일 7년 이내, 신혼부부 유형으로 보증료 할인 받은 경우 등 연령 무관",소득조건코드=0043003 / 소득범위=0~0 / 신청자격요건 참조,,"전세보증금 반환보증 가입을 유도하여 전세사기 피해 예방
- (사업기간) 26. 1. 1. ~ 예산 소진 시까지
- (추진기관) 국토교통부, 부산시, 16개 구군
- (사 업 비) 1,238,000천원(국 50%, 시 50%)  
- (지원대상) 지원기준을 모두 충족하는 주민등록상 부산 거주 시민
 ▹신청인 기준 보증 효력이 유효한 전세보증금반환보증에 가입
 ▹임차보증금 3억원 이하
 ▹연소득 (청년) 5천만원, (청년 외) 6천만원, (신혼부부) 7.5천만원 이하
 ▹무주택  ※ 본인, 배우자 모두 무주택 / 분양권, 입주권 주택 포함
- (지원내용) 전세보증금 반환보증 보증료 전부 또는 일부 지원(최대 40만원)
- (지원인원) 약 4,000명",,,"소득요건 : 연소득 (청년) 5천만원, (청년 외) 6천만원, (신혼부부) 7.5천만원 이하
  - 청년: 18세~39세(부산시 청년 기본조례)
  - 신혼부부: 혼인신고일 7년 이내, 신혼부부 유형으로 보증료 할인 받은 경우 등 연령 무관

방문 신청 가능(주소지 관할 구군청)","신청서, 서약서, 통장사본, 보증서, 보증료 납부 증빙서류, 임대차계약서,
 부동산 등기사항 전부증명서, 주민등록등본, 혼인관계증명서 등","보증보험 가입(신청자) → 신청(정부24, 안심전세포털 등) → 접수(구군)",https://www.busan.go.kr/depart/reguarantee01,main,primary,부산전세보증금반환보증보증료지원,부산광역시주택건축국주택정책과,,주거,주택 및 거주지
youth,20260513005400213186,부산 전세피해 임차인 민간주택 월세지원사업,「전세사기피해자 지원 및 주거안정에 관한 특별법」과 연계하여 부산지역 전세사기 등 피해자들의 주거 불안 해소 및 주거 안정 지원,주거,부산광역시 주택건축국 주택정책과,부산광역시,"① (지원제외) 아래 1가지 이상 해당하는 자는 지원 대상에서 제외
  - 전세사기피해자가 거주주택을 경락받거나 신규주택을 구입한 경우
  - 공공 임대주택에 입주한 경우(긴급주거지원 포함)
  - 직계존·비속, 형제·자매 등 2촌 이내 친족의 주택을 임차한 경우
  - 「긴급복지지원법」에 의한 긴급복지지원을 받고 있는 경우
  - 정부 및 지자체의 월세(주택임대료) 지원사업 참여자(청년 월세      지원 사업 등)
  - 국민기초생활수급자 중 주거급여 수급자
  - 국토부에서 피해자 결정이 철회 또는 취소된 자(패해액 전액 회수 등)
 ② (지원종료) 아래 1가지 이상 해당하는 자는 지원종료
  - 정부 및 지자체의 월세(주택임대료) 지원사업 참여가 사후 확인된 경우
  - 관외 전출할 경우, 전출일이 속하는 달부터 지원종료
 ③ (지원중단) 대상자로 선정되었으나, 사유 없이 월세 납입내역 등      증빙자료 제출하지 않은 월에 한하여 해당월 납입분 미지급(횟수차감)
 ④ (선정취소) 거짓이나 그 밖의 부정한 방법으로 지원받은 경우 지원  
    전액 회수 | 0013010 | 0049010",청년,만 18세 ~ 만 39세,18,39,"ㅇ 아래 요건을 모두 충족하는 자
 - 특별법에 따라 전세사기피해자(등)으로 결정된 자
   * 전세사기피해자(등)으로 결정된 날부터 3년이내 신청(법14조의2)
 - 신청일 현재, 부산광역시에 주민등록이 되어있는 무주택자*
    * 분양권 및 조합원 입주권은 주택으로 산정하지 않음 
      ▸ 전세피해 임차인 버팀목 전세대출 조건을 따름
 - 전세피해 주택이 부산광역시에 소재하면서, 부산광역시에 소재한     민간 주택에 월세 계약을 체결하여 주민등록 전입 및 실제 거주하는 자
 - 피해주택 임대차계약서의 임차인과 월세주택 임대차계약서의 임차인     및 본 사업 신청자가 모두 피해자 본인일 것",소득조건코드=0043001 / 소득범위=0~0,,"ㅇ전세피해 임차인 민간주택 월세 한시 지원
- 지원대상: 특별법에 따른 전세사기피해자(등) 결정자로서, 민간주택으로         신규 이주하여 월세 형태로 주거 중인 세대
- 지원내용: 월세 실비 지원(월 최대 40만원 한도)
- 지원기간: 선정월로부터 2년간(최대 24회차 납입분까지)",,,"ㅇ 아래 요건을 모두 충족하는 자
 - 특별법에 따라 전세사기피해자(등)으로 결정된 자
   * 전세사기피해자(등)으로 결정된 날부터 3년이내 신청(법14조의2)
 - 신청일 현재, 부산광역시에 주민등록이 되어있는 무주택자*
    * 분양권 및 조합원 입주권은 주택으로 산정하지 않음 
      ▸ 전세피해 임차인 버팀목 전세대출 조건을 따름
 - 전세피해 주택이 부산광역시에 소재하면서, 부산광역시에 소재한     민간 주택에 월세 계약을 체결하여 주민등록 전입 및 실제 거주하는 자
 - 피해주택 임대차계약서의 임차인과 월세주택 임대차계약서의 임차인     및 본 사업 신청자가 모두 피해자 본인일 것

① 민간주택 월세 실비 지원 (최대 40만원 한도)
  - 임대차계약서의 월세액에 한하며, 관리비 등은 제외
  - 긴급 주거지원(공공 임대주택) 이용 중 민간 월세 주택으로 이주한 경우,  총 지원기간 2년 중 긴급 주거지원 기간을 제외한 기간만 지원대상
 ② 사업 신청 이전 지출 내역에 대하여 소급 지급 불가
  - (예) 26년 1월 신청의 경우, 26년 1월분 월세 납입금액부터 지원함
 ③ 최대 24회차 납입분까지 지원
 ④ 본 사업과 전세대출 이자지원 사업은 동시 지급 불가
  - (예1) 1인 24회차 범위중 12회는 대출이자지원 12회는 월세지원 불가
  - (예2) 전·월세 혼합된 형태로 거주하는 경우, 대출이자 지원사업과 월세지원 중 신청자 희망 사업 선택지원","신청서, 개인정보수집·이용등 동의서, 주민등록등본, 통장사본, 신분증, 가족관계증명서(상세)(부·모·본인 기준 각 1부씩), 전세사기피해자등 결정통지서 및 결정문, 피해주택 및 이주주택 임대차계약서, 월세 납부 증빙서류(계좌이체내역서 등)","① 민간월세 계약
② 이주
③ 월세지원 신청 및 월세납입내역 제출(매월 말까지)
④ 지원대상 적합여부 및구비서류 검토
⑤ 월세지원
⑥ 사후관리",https://www.busan.go.kr/depart/charterdamage001,main,primary,부산전세피해임차인민간주택월세지원사업,부산광역시주택건축국주택정책과,,주거,주택 및 거주지
youth,20260513005400213184,청년내일저축계좌 지원,"○ 저소득 일하는 청년의 자산형성을 지원하여 자립 기반을 마련함 
○ 본인 저축액에 정부지원금을 매칭 적립하여 목돈 마련의 기회를 제공함",복지/문화,전남광주통합특별시,광주광역시,0013010 | 0049010,청년,만 15세 ~ 만 39세,15,39,,소득조건코드=0043001 / 소득범위=0~0,,"○ 근로소득장려금 지원
· 매월 10만원 저축 시 정부가 월 30만원 지원

○ 정책대상별 추가지원금 (해당자)
· 근로소득공제금(월 10만원), 내일키움장려금(월 20만원), 내일키움수익금(최대 월 15만원), 탈수급장려금 등   ",20260504 ~ 20260520,        ,"○ 가입기준(소득상한) : 신청 당시 가구 소득인정액이 기준 중위소득 50% 이하 (1인 가구 기준 1,282,119원) 
○ 유지기준(소득상한) : 청년 본인의 총 근로·사업소득이 기준 중위소득 100% 이하",☞ 자세한 내용은 붙임파일을 확인해주시기 바랍니다.,"○ 온라인 신청 : 복지로 홈페이지(www.bokjiro.go.kr)
○ 방문 신청 : 주소지 읍면동 행정복지센터",https://youth.gwangju.go.kr/www/50?siteId=www&policyId=1362&url=%2Fwww%2Fpolicy%2FgjYgPolicyView,main,primary,청년내일저축계좌지원,전남광주통합특별시,20260504 ~ 20260520~,금융･복지･문화,취약계층 및 금융지원
youth,20260513005400213183,2026년 청년농업인(청년창업형 후계농업경영인) 영농정착지원사업(2차),"○ 영농 초기 소득이 불안정한 청년농업인 대상, 최장 3년간 영농정착지원금 지급 및 농지·자금·교육 등 연계 지원",인력/일자리,전남광주통합특별시,광주광역시,0013010 | 0049010,"농업인,청년",만 18세 ~ 만 39세,18,39,,소득조건코드=0043001 / 소득범위=0~0,,"○ 영농정착지원금 차등 지급
·  1년차: 월 110만 원 / 2년차: 월 100만 원 / 3년차: 월 90만 원
○ 정책자금 및 연계 지원
·  후계농업경영인 육성자금: 최대 5억 원 한도 융자 지원(연리 1.5% 고정금리)
·  농지 지원: 한국농어촌공사 농지은행을 통한 농지 매입·임차 지원 우선순위 부여
·  교육 및 컨설팅: 영농 기술 및 경영 역량 강화를 위한 단계별 교육 제공",20260601 ~ 20260710,20261231,"○ 소득기준: 본인세대 건강보험료 산정액 기준 중위소득 140% 이하
○ 제외대상: 사업자 등록자(일부 허용 제외), 상근 직원 채용자, 재학생 및 휴학생 등",☞ 자세한 내용은 붙임파일을 확인해주시기 바랍니다.,○ 농림사업정보시스템(농업e지) 온라인 신청,https://www.nongupez.go.kr/nsm/main,main,primary,2026년청년농업인청년창업형후계농업경영인영농정착지원사업2차,전남광주통합특별시,20260601 ~ 20260710~20261231,일자리,취업
youth,20260513005400213181,2026 전입청년 교통비 지원,"2023. 1. 1. 이후 원주시로 전입하여, 타지역 직장으로 출퇴근하는 18~39세 청년들의 원주시 전입 및 정착 유도를 위한 전입청년 교통비 지원",복지/문화,강원특별자치도 원주시,강원특별자치도,"공무원, 교사, 공공기관 재직자, 2023~2025 해당 사업 대상자 | 0013001 | 0049010",청년,만 18세 ~ 만 39세,18,39,2023. 1. 1. 이후 원주시로 전입하여 거주하고 있는 18~39세 청년 중 관외에 직장을 두고 출퇴근하는 자 (*신청일 기준),소득조건코드=0043001 / 소득범위=0~0,,"대중교통비(고속버스, 시외버스, 기차), 승용차 유류비 / 월 최대 10만 원(실비) 지급 / 2026. 7.~2027. 6.(12개월) 지원 ",20260501 ~ 20260619,20270630,2023. 1. 1. 이후 원주시로 전입하여 거주하고 있는 18~39세 청년 중 관외에 직장을 두고 출퇴근하는 자 (*신청일 기준),"가. 전입청년 교통비 지원 사업 신청서 1부 [붙임 1]
나. 개인정보 수집 및 이용 동의서 1부 [붙임 2]
다. 사업 신청 각서 1부 [붙임 3]
라. 주민등록초본 1부 (주소변동사항 포함, 공고일 이후 발급분)
마. 건강보험자격득실확인서 1부 (직장가입자에 한함, 공고일 이후 발급분)
바. 재직증명서 1부 (공고일 이후 발급분)
사. 사업자등록증 혹은 고유번호증 1부","온라인
-원주시 청년지원센터 홈페이지",https://www.wonju.go.kr/www/selectBbsNttView.do?key=216&bbsNo=140&nttNo=483082&searchCtgry=&searchCnd=SJ&searchKrwd=%EC%A0%84%EC%9E%85%EC%B2%AD%EB%85%84&pageIndex=1&integrDeptCode=,main,primary,2026전입청년교통비지원,강원특별자치도원주시,20260501 ~ 20260619~20270630,금융･복지･문화,문화활동 및 생활지원
youth,20260511005400213180,부산 청년내일저축계좌,"근로빈곤층 청년의 생계수급자 등으로의 하락을 사전에 예방하고, 일하는 중간계층 청년이 사회에 안착할 수 있도록 자산형성을 지원",복지/문화,부산광역시 사회복지국 복지정책과,부산광역시,"부산청년 기쁨두배통장 등 유사자산형성사업과 중복 신청 불가
금융위원회 청년희망적금, 청년도약계좌는 중복 대상사업에 해당되지 않음에 따라 동시 신청 가능 | 0013001,0013002,0013004,0013005,0013006,0013007,0013008,0013009 | 0049010",청년,만 15세 ~ 만 39세,15,39,,"소득조건코드=0043003 / 소득범위=0~0 / 가구소득 : 기준 중위소득 50% 이하, 근로기준 : 월 10만원 이상 근로사업소득 발생",,"○ 근   거
 - 「국민기초생활보장법」제18조의8(자산형성지원)
○ 사업내용
 - 3년간 매월 본인 저축액 저축 시 근로소득장려금 등 적립·지원
 - 본인저축액(월 10만원 이상 ~ 50만원 이하) 납입 시 30만원 적립
○ 가입대상
 - 일하는 기준중위소득 50%이하 청년(15세~39세)
○ 시행주체
 - 16개 구·군
 *재원부담: 국 90 시 7 구군 3
○ 지원조건
 - 3년간 통장유지, 자립역량교육 이수 및 자금 사용계획서 제출 등",20260505 ~ 20260520,,,신청사이트 참고,"온라인 신청 : 복지로 사이트
방문 신청 : 읍면동 주민센터(주소지가 아니더라도, 동일 시군구내 모든 주민센터 신청 가능)",https://young.busan.go.kr/index.nm?menuCd=48,main,primary,부산청년내일저축계좌,부산광역시사회복지국복지정책과,20260505 ~ 20260520~,금융･복지･문화,취약계층 및 금융지원
youth,20260511005400213179,여성창업지원(사업화지원),한국여성경제인협회 광주지회는 여성창업자 창업성공률 제고 및 안정적 성장기반을 마련하고자 ‘여성창업지원(사업화지원)’ 사업을 안내합니다.,인력/일자리,전남광주통합특별시,광주광역시,0013010 | 0049010,"여성,청년",만 1세 ~ 만 99세,,,,소득조건코드=0043001 / 소득범위=0~0,,"○ 생산·기술 지원
· 시제품 및 금형 제작, 시험 분석 지원 등
· 기업별 최대 2,400천원

○ 마케팅 지원(최대5개 기업)
· CI·BI 개발, 제품·포장 디자인, 홈페이지/앱 개발, 카달로그, 홍보동영상
· 언론기사·광고, 크라우드 펀딩 플랫폼 참가, 제품 판매 플랫폼 입점
· 전시회·박람회 참가 지원, 지식재산권 획득 등",20260507 ~ 20260527,20261130,"○ 지원제한
· 동일 내용 및 아이템으로 타 지원기관(정부 및 공공기관 등) 지원을 받았거나 받고 있는 경우 제외
· 중소기업창업지원법 시행령 제4조(창업에서 제외되는 업종) 해당 업종 제외
· 국세, 지방세 체납자 제외
· 기선정자 제외(최근 3년 이내)",☞ 자세한 내용은 붙임파일을 확인해주시기 바랍니다.,"○ 우편 또는 이메일 접수
· 주소: 광주광역시 북구 무등로 180번길 5(신안동 133-1)
· 이메일: kwea6028@daum.net",https://www.youthcenter.go.kr/youthPolicy/ythPlcyTotalSearch/ythPlcyDetail/20260511005400213179,main,primary,여성창업지원사업화지원,전남광주통합특별시,20260507 ~ 20260527~20261130,일자리,창업
youth,20260511005400213178,2026년 5월 가계부소모임-2회차,"""한번 더 나의 지출을 돌아볼 수 있었어요""
""계획 된 소비를 할 수 있을 거 같아서 좋아요""
- 참여자 후기 -
돈 관리, 이렇게 하는 게 맞는 걸까? 싶을 때
이따가 해볼까? 자꾸 미루게 될 때
서로 같이, 함께 돈 관리 습관을 만들어가는
가계부 소모임에 참여해보세요!",복지/문화,전남광주통합특별시,광주광역시,0013010 | 0049010,청년,만 19세 ~ 만 39세,19,39,,소득조건코드=0043001 / 소득범위=0~0,,"▶ 내 용 : 예산 수립, 통장 시스템, 꿈꾸는 가계부 작성법 익히기
▶ 일 시 : 2026년 5월 20일(수) 19-21시
▶ 대 상 : 돈 관리법을 알고 싶은 광주 청년 10명
▶ 방 법 : 오프라인
▶ 장 소 : 광주청년드림은행(광주광역시 북구 무등로 237,2층)
▶ 신 청: bit.ly/가계부소모임

*가계부 작성 실습과 참여자 간 이야기 나눔이 있습니다.

- 2026년 5월 15일(금)까지 신청 링크를 통해 접수, 선착순 마감",20260508 ~ 20260515,        ,,,"▶ 내 용 : 예산 수립, 통장 시스템, 꿈꾸는 가계부 작성법 익히기
▶ 일 시 : 2026년 5월 20일(수) 19-21시
▶ 대 상 : 돈 관리법을 알고 싶은 광주 청년 10명
▶ 방 법 : 오프라인
▶ 장 소 : 광주청년드림은행(광주광역시 북구 무등로 237,2층)
▶ 신 청: bit.ly/가계부소모임

*가계부 작성 실습과 참여자 간 이야기 나눔이 있습니다.

- 2026년 5월 15일(금)까지 신청 링크를 통해 접수, 선착순 마감

*한번 강의를 들으신 분들은 참여가 취소될 수 있으며, 많은 분들의 참여을 돕고자 함이니 양해부탁드립니다.",https://youth.gwangju.go.kr/www/52?siteId=www&bbsId=bbs1&postId=2052&url=%2Fwww%2Fbbs%2FpostView,main,primary,2026년5월가계부소모임2회차,전남광주통합특별시,20260508 ~ 20260515~,금융･복지･문화,취약계층 및 금융지원
youth,20260506005400213174,(부평구) 청년창업 재정지원 사업,우수하고 창의적인 아이템을 가진 청년 창업자를 발굴하여 지역 우수 기업으로 성장 유도,인력/일자리,인천광역시 부평구 경제환경국 일자리창출과,인천광역시,"○ 창업자 대표 및 팀원 소유 건물의 임차료 지급 제외
○ 임대인이 창업자의 직계존비속, 형제, 자매, 배우자인 경우 지급 제외 | 0013006 | 0049010","예비창업자,청년",만 19세 ~ 만 39세,19,39,"○ (최초지원) 예비창업자(생애최초)
○ (초기지원) 부평구에 사업장을 둔 3년 이하 창업자
○ (성장지원) 부평구에 사업장을 청년 1명이상 채용 및 7년 이하 창업자상가 임차료는 사무공간에 한해 지원(원룸 등 주거공간 임차료 지원 불가)",소득조건코드=0043001 / 소득범위=0~0,,"○ (최초지원) 창업자금 최대 1,000만원 지원
○ (초기지원) 창업자금 최대 1,200만원 지원
○ (성장지원) 창업자금 최대 1,500만원 지원",        ,        ,"○ (최초지원) 예비창업자(생애최초)
○ (초기지원) 부평구에 사업장을 둔 3년 이하 창업자
○ (성장지원) 부평구에 사업장을 청년 1명이상 채용 및 7년 이하 창업자상가 임차료는 사무공간에 한해 지원(원룸 등 주거공간 임차료 지원 불가)",,"○ 신청 홈페이지에 접속하여 신청서 등 양식 다운
○ 구비 서류 양식 작성 및 증빙서류 구비
○ 일자리창출과 방문 또는 이메일 신청",https://youth.incheon.go.kr/youthpolicy/youthPolicyInfoDetail.do?poly_seq=106,main,primary,부평구청년창업재정지원사업,인천광역시부평구경제환경국일자리창출과,,일자리,창업
youth,20260506005400213171,(부평구) 청년도전 지원사업,"구직단념청년을 발굴, 노동시장 참여 촉진지원",인력/일자리,인천광역시 부평구 경제환경국 일자리창출과,인천광역시,0013003 | 0049010,청년,만 18세 ~ 만 34세,18,34,"구직단념 청년(부평구 거주자 35~39세 참여가능)
지원연령: 부평구 거주자 35~39세 참여가능",소득조건코드=0043001 / 소득범위=0~0,,"맞춤형 프로그램 및 참여수당, 인센티브 등",20260101 ~ 20261018,        ,"구직단념 청년(부평구 거주자 35~39세 참여가능)
지원연령: 부평구 거주자 35~39세 참여가능",,"○ 고용24(기관선택: (사협)일터와사람들)
○ 현장접수: 신청 전 전화문의 시 개별안내",https://youth.incheon.go.kr/youthpolicy/youthPolicyInfoDetail.do?poly_seq=110,main,primary,부평구청년도전지원사업,인천광역시부평구경제환경국일자리창출과,20260101 ~ 20261018~,일자리,취업
youth,20260506005400213164,미래우주교육센터 구축,산·학·연 컨소시엄 기반으로 미래 우주분야 문제를 해결하고 신기술을 선도할 수 있는 종합적인 전문인력 양성,교육/멘토링,인천광역시 해양항공국 항공과,인천광역시,0013010 | 0049010,청년,만 34세 ~ 만 99세,34,,-,소득조건코드=0043001 / 소득범위=0~0,,"○ 우주탐사 및 자원활용 분야 45명 전문인력양성 교육 추진
○ 우주탐사 및 우주자원활용 분야 연구개발 지원
 - [우주진입] 정밀천측항법 및 비행제어 시뮬레이터
 - [우주탐사] 다목적 탐사 로버
 - [자원활용] 수전해 추력기
○ 달/화성 탐사 시나리오 기반 우주핵심기술 시제품 연구개발",        ,        ,,,,https://youth.incheon.go.kr/youthpolicy/youthPolicyInfoDetail.do?poly_seq=170,main,primary,미래우주교육센터구축,인천광역시해양항공국항공과,,교육･직업훈련,미래역량강화
youth,20260506005400213162,(강화군) 창업일자리센터 운영,취·창업 지원 프로그램 운영 및 구인·구직자 취업 연계 지원,인력/일자리,인천광역시 강화군 경제산업국 일자리경제과,인천광역시,0013010 | 0049010,청년,만 19세 ~ 만 39세,19,39,-,소득조건코드=0043001 / 소득범위=0~0,,"구인구직 알선, 일자리박람회 개최, 청년의 날 행사 개최, 청년 및 창업 프로그램 운영 등",,,,,강화군 창업일자리센터 방문 또는 홈페이지 인터넷 접수,https://www.ganghwajob.kr/,main,primary,강화군창업일자리센터운영,인천광역시강화군경제산업국일자리경제과,,일자리,창업
youth,20260506005400213159,(연수구) 청년 정신건강 조기중재사업,청년 정신질환을 조기 발견 및 개입하여 청년층의 정신질환 발병 예방 및 만성화 방지,복지/문화,인천광역시 연수구 보건소 치매정신건강과,인천광역시,0013010 | 0049010,청년,만 15세 ~ 만 34세,15,34,-,소득조건코드=0043001 / 소득범위=0~0,,"고위험군 발굴 및 상담, 정신과 치료비 지원",        ,        ,,,,https://youth.incheon.go.kr/youthpolicy/youthPolicyInfoDetail.do?poly_seq=196,main,primary,연수구청년정신건강조기중재사업,인천광역시연수구보건소치매정신건강과,,금융･복지･문화,건강
youth,20260506005400213157,인천광역시 청년미래센터 운영,복지사각지대에 있는 위기청년 지원을 위한 전담기관 운영,복지/문화,인천광역시 외로움돌봄국 외로움정책과,인천광역시,0013010 | 0049010,청년,만 13세 ~ 만 39세,13,39,"가족돌봄청년(13~34세), 고립은둔청년(19~39세)",소득조건코드=0043001 / 소득범위=0~0,,"○ 가족돌봄청년
- 자기돌봄비 지급(연 200만원), 사례관리. 의료·돌봄서비스 연계, 자조모임 등
○ 고립은둔청년 
- 초기상담 및 고립은둔 정도 진단
- 심리지원, 회복지원, 공동활동 등 프로그램 제공
- 가족지원(가족상담, 자조모임 등)",,,"가족돌봄청년(13~34세), 고립은둔청년(19~39세)",,,http://www.mohw2030.co.kr/panel.asp,main,primary,인천광역시청년미래센터운영,인천광역시외로움돌봄국외로움정책과,,금융･복지･문화,취약계층 및 금융지원
youth,20260506005400213156,인천형 천원의 아침밥 지원,대학생 대상 아침밥 먹는 문화 확산 및 쌀 소비 촉진,복지/문화,인천광역시 농수산식품국 농축산과,인천광역시,0013010 | 0049005,청년,만 34세 ~ 만 99세,34,,인천시 관내 소재 대학의 재학생,소득조건코드=0043001 / 소득범위=0~0,,"○  [보조금 3천원(국2, 시1) + 쌀 120g(시) + 대학교 부담금 + 학생 1천원] / 1식 기준
○ (참여대학) 11개 대학(인천대, 인하대, 인하공전, 경인교대(인천), 연세대(국제), 청운대(인천), 가천대(메디컬), 한국뉴욕주립대, 조지메이슨대, 유타대, 겐트대)",        ,        ,인천시 관내 소재 대학의 재학생,,,https://youth.incheon.go.kr/youthpolicy/youthPolicyInfoDetail.do?poly_seq=282,main,primary,인천형천원의아침밥지원,인천광역시농수산식품국농축산과,,금융･복지･문화,건강
youth,20260506005400213155,(옹진군) 인천시 청년월세 지원사업,경제적 어려움을 겪는 청년들의 주거비용 부담 경감,주거,인천광역시 청년정책담당관,인천광역시,"○ 부모와 함께 거주(원가구와 세대분리하지 않은 자)하는 경우
○ 주택 소유자(분양권, 입주권 포함) 
○ 직계존속, 형제, 자매 등 2촌이내 주택을 임차한 경우(배우자의 2촌 이내 혈족 포함)
○ 공공주택특별법에 따른 공공임대주택 거주자
○ 1실(방)에 다수가 거주하는 방식의 전대차인 경우
○ 전국 지자체 월세사업 또는 국토부 1차 월세사업 수혜 중인자 등(수혜종료 후 신청가능) | 0013010 | 0049010",청년,만 35세 ~ 만 39세,35,39,"◎ 청약통장 가입 필수(종류무관) 
◎ 소득 : (청년독립가구) 기준 중위소득 60%이하 (원가구) 기준 중위소득 100% 이하
◎ 재산 : (청년독립가구) 재산 122백만원 이하 (원가구) 재산 470백만원 이하
◎ 주택 : 전입신고 필수            ※ 월세 임차보증금 5천만원 및 월세 70만원 이하 요건 폐지(2024.4.12.~시행)] 
  ※ 제출된 신청서를 토대로 공적자료 조회(조사시점 기준 적용)

<가구구성 방법>
 (청년독립가구) 청년 + 배우자 + 직계비속 + 동일 주소지에 거주하는 그 외 「민법」상 가족* 
 (원가구) 청년독립가구 + 1촌 이내 직계혈족(부,모)
 * (가족의 범위, 민법§779) ❶배우자, 직계혈족 및 형제자매, ❷직계혈족의 배우자, 배우자의 직계혈족 및 배우자의 형제자매(생계를 같이하는 경우에 한함)

※ 원가구(부모님) 소득·재산 미고려 : ①30세 이상 ②혼인 ③미혼부·모 ④30세 미만 미혼 청년의 소득이 중위 50% 이상으로 생계를 달리한다고 군수·구청장이 인정하는 경우자가진단서비스 사전 실시(개통예정)
- 복지로(www.bokjiro.go.kr) > 복지서비스 > 모의계산 > 청년월",소득조건코드=0043003 / 소득범위=0~0 / 소득 : (청년독립가구) 기준 중위소득 60%이하 (원가구) 기준 중위소득 100% 이하,,"지원금액 : 1인 월 20만원씩, 최대 12개월(회) 월세 지원
   - 실제 납부하는 월세의 최대 20만원까지 지원(임차보증금, 관리비 등은 제외)
◎ 지 급 일 : 매월 25일 현금으로 지급
   - 토요일이거나 공휴일인 경우에는 그 전날 지급
   - 지원대상으로 선정될 시, 신청일 기준 당월에 지출한 월세부터 지급
◎ 주거급여 수급자인 경우 전월(20일)에 지급한 주거급여를 차감하고 지급",        ,        ,"◎ 청약통장 가입 필수(종류무관) 
◎ 소득 : (청년독립가구) 기준 중위소득 60%이하 (원가구) 기준 중위소득 100% 이하
◎ 재산 : (청년독립가구) 재산 122백만원 이하 (원가구) 재산 470백만원 이하
◎ 주택 : 전입신고 필수            ※ 월세 임차보증금 5천만원 및 월세 70만원 이하 요건 폐지(2024.4.12.~시행)] 
  ※ 제출된 신청서를 토대로 공적자료 조회(조사시점 기준 적용)

<가구구성 방법>
 (청년독립가구) 청년 + 배우자 + 직계비속 + 동일 주소지에 거주하는 그 외 「민법」상 가족* 
 (원가구) 청년독립가구 + 1촌 이내 직계혈족(부,모)
 * (가족의 범위, 민법§779) ❶배우자, 직계혈족 및 형제자매, ❷직계혈족의 배우자, 배우자의 직계혈족 및 배우자의 형제자매(생계를 같이하는 경우에 한함)

※ 원가구(부모님) 소득·재산 미고려 : ①30세 이상 ②혼인 ③미혼부·모 ④30세 미만 미혼 청년의 소득이 중위 50% 이상으로 생계를 달리한다고 군수·구청장이 인정하는 경우자가진단서비스 사전 실시(개통예정)
- 복지로(www.bokjiro.go.kr) > 복지서비스 > 모의계산 > 청년월","월세지원 신청(변경)서(필수)
소득·재산 신고서(필수)
서약서(필수)
임대차계약서(확정일자 날인) 사본(필수)
월세이체 증빙 서류(최근 3개월) (받는분, 보내는분, 날짜, 금액 명시)(필수)
(월세지급을 위한) 통장사본(필수)
청약통장 사본(신청인 명의, 종류무관)(필수)
신청자 기준 가족관계증명서  (상세, 주민등록번호 공개)(필수)
부모님 기준 가족관계증명서  [부 / 모 기준 각  1부씩]  (상세, 주민등록번호 공개)(필수)
(혼인한 경우 필수 제출) 배우자 기준 가족관계증명서 및 배우자 부모의 가족관계증명서  (상세, 주민등록번호 공개)(선택)
신분증(방문신청시 필수지참)(선택)","(19세 ~ 34세) 복지로를 통한 온라인신청 및 관할 행정복지센터 방문 신청
(35세 ~ 39세) 인천청년포털을 통한 온라인신청 또는 관할 행정복지센터 방문 신청",https://youth.incheon.go.kr/youthpolicy/youthPolicyInfoDetail.do?poly_seq=267,main,primary,옹진군인천시청년월세지원사업,인천광역시청년정책담당관,,주거,전월세 및 주거급여 지원
youth,20260506005400213154,(서구) 청년e음 청년스타트업지원사업,청년e음 스타트업지원사업 「정서진 아라뱃길 청년창업공간 운영」,인력/일자리,인천광역시 서구 경제국 청년정책일자리과,인천광역시,0013006 | 0049010,"스타트업,청년",만 19세 ~ 만 39세,19,39,인천 거주 또는 사업자 등록한 예비 또는 3년이하 청년창업가,소득조건코드=0043001 / 소득범위=0~0,,창업공간 제공 및 공간 이용실적에 따른 초기창업사업기간 구축비 지원(30만원 이내),        ,        ,인천 거주 또는 사업자 등록한 예비 또는 3년이하 청년창업가,,,https://youth.incheon.go.kr/youthpolicy/youthPolicyInfoDetail.do?poly_seq=283,main,primary,서구청년e음청년스타트업지원사업,인천광역시서구경제국청년정책일자리과,,일자리,창업
youth,20260506005400213153,청년 취업설명회(공기업 및 우수기업),공기업·우수기업 취업설명회를 통한 청년 구직자 취업정보 제공 및 취업 촉진,인력/일자리,인천광역시 강화군 경제산업국 일자리경제과,인천광역시,0013003 | 0049010,청년,만 19세 ~ 만 39세,19,39,-,소득조건코드=0043001 / 소득범위=0~0,,"○ 인천일자리한마당 연계행사(2026. 7. 예정)로 진행
○ 취업설명회 및 상담 : 공기업 10개 이내, 우수기업 15개
○ 취업정보관 : 5개 이내(인천시, 중부지방고용노동청, 관내 대학 등)
○ 부대행사관 : 3개 이내(인생네컷, 퍼스털컬러 등 이벤트 행사)",        ,        ,,,,https://youth.incheon.go.kr/youthpolicy/youthPolicyInfoDetail.do?poly_seq=285,main,primary,청년취업설명회공기업및우수기업,인천광역시강화군경제산업국일자리경제과,,일자리,취업
youth,20260506005400213152,인천시 일자리센터 운영,인천시 일자리지원 허브 기관으로 시민에 대한 입체적 취업지원 및 기업에 대한 적기 인재채용 지원,인력/일자리,인천광역시 경제산업본부 경제정책과,인천광역시,0013010 | 0049010,청년,만 34세 ~ 만 99세,34,,-,소득조건코드=0043001 / 소득범위=0~0,,-,,,,,,https://incheon.work.go.kr/main.do/main.do,main,primary,인천시일자리센터운영,인천광역시경제산업본부경제정책과,,일자리,취업
youth,20260506005400213151,청년고용 우수기업 근로환경 개선,청년고용 우수기업에 근로환경 개선 인센티브를 제공하여 중소기업 인식개선 및 일하고 싶은 직장 환경 조성,인력/일자리,인천광역시 청년정책담당관,인천광역시,0013010 | 0049010,청년,만 18세 ~ 만 39세,18,39,,소득조건코드=0043001 / 소득범위=0~0,,"○ 기업별 6백만원 ~ 24백만원 이내(청년 신규채용 1인당 3백만원 기준)
○ 근로환경개선을 위한 시설 개보수 및 물품구입 비용 지원
- 물품구입 : 냉·난방기, 공기청정기, 안마기기, 옷장, 냉장고, 비데, 세탁기, 건조기, 신발장, 온수기, 핸드드라이기, 집진기
- 시설개보수 : 화장실, 휴게실, 샤워실, 탈의실, 집진·공조시설",,,,,,https://bizok.incheon.go.kr/open_content/support.do?act=detail&policyno=6835&pgno=4,main,primary,청년고용우수기업근로환경개선,인천광역시청년정책담당관,,일자리,취업
youth,20260506005400213150,인천혁신모펀드 조성·운영(청년벤처·창업기업 투자유치 펀드 지원사업),청년벤처·창업기업 투자유치 펀드 지원사업,인력/일자리,인천광역시 미래산업국 산업창업정책과,인천광역시,0013010 | 0049010,"청년,초기창업기업",만 19세 ~ 만 39세,19,39,-,소득조건코드=0043001 / 소득범위=0~0,,인천 소재 유망 청년 벤처․창업기업을 발굴하여 펀드자금 투자   * 지원대상별 투자액 상이,        ,        ,,,,https://youth.incheon.go.kr/youthpolicy/youthPolicyInfoDetail.do?poly_seq=290,main,primary,인천혁신모펀드조성운영청년벤처창업기업투자유치펀드지원사업,인천광역시미래산업국산업창업정책과,,일자리,창업
youth,20260506005400213149,청년 소셜벤처기업 육성 사업,관내 대학과 연계하여 원도심재생ㆍ복지ㆍ환경 등 사회 현안문제에 대한 청년들의 참신한 아이디어를 발굴하고 지원함으로써 지역 청년 사업가 육성,인력/일자리,인천광역시 미래산업국 산업창업정책과,인천광역시,0013010 | 0049010,청년,만 18세 ~ 만 39세,18,39,-,소득조건코드=0043001 / 소득범위=0~0,,-,        ,        ,,,,https://youth.incheon.go.kr/youthpolicy/youthPolicyInfoDetail.do?poly_seq=291,main,primary,청년소셜벤처기업육성사업,인천광역시미래산업국산업창업정책과,,일자리,창업
youth,20260506005400213148,신개념 세대융합 청년창업 지원,"청년의 열정, 아이디어와 중장년의 경험을 멘토로 하는 새로운 창업지원을 통한 청년 창업 활성화",인력/일자리,인천광역시 미래산업국 산업창업정책과,인천광역시,0013006 | 0049010,청년,만 19세 ~ 만 39세,19,39,-,소득조건코드=0043001 / 소득범위=0~0,,"○ (전문가 풀 운영) 10년 이상 경력의 중장년 전문가
○ (컨설팅 지원) 50명 이상, 기업당 최대 2회(회당 2시간)
○ (우수 멘티 사업화 지원) 컨설팅 우수기업 선정 마케팅비 등 지원",        ,        ,,,,https://youth.incheon.go.kr/youthpolicy/youthPolicyInfoDetail.do?poly_seq=294,main,primary,신개념세대융합청년창업지원,인천광역시미래산업국산업창업정책과,,일자리,창업
youth,20260506005400213147,청년농업인 영농정착지원,젊고 유능한 인재의 농업분야 진출을 촉진을 통한 농가 고령화 완화 및 농업인력구조 개선,인력/일자리,농림축산식품부 농식품인재개발원,인천광역시,0013008 | 0049010,"농업인,청년",만 19세 ~ 만 39세,19,39,-,소득조건코드=0043001 / 소득범위=0~0,,"영농경력에 따라 3년간 영농정착 지원금 차등지급
- 독립경영 1년차 월110만원, 2년차 월100만원, 3년차 월90만원",20260101,20261231,,,,https://youth.incheon.go.kr/youthpolicy/youthPolicyInfoDetail.do?poly_seq=295,main,primary,청년농업인영농정착지원,농림축산식품부농식품인재개발원,20260101~20261231,일자리,취업
youth,20260506005400213146,청년농업인 영농 스타트업 지원,농촌 고령화에 대응하여 청년농업인들을 새롭게 유입시키고 안정적으로 정착할 수 있도록 지원,인력/일자리,인천광역시 농수산식품국 농축산과,인천광역시,사업자등록을 하고 사업체를 경영하는 자 제외 | 0013008 | 0049010,"농업인,스타트업,청년",만 19세 ~ 만 39세,19,39,-,소득조건코드=0043001 / 소득범위=0~0,,"농식품 가공·제조용 시설의 설치, 하우스, 온실 등 시설설치, 농기계 장비 구입비 지원",        ,        ,,,,https://youth.incheon.go.kr/youthpolicy/youthPolicyInfoDetail.do?poly_seq=296,main,primary,청년농업인영농스타트업지원,인천광역시농수산식품국농축산과,,일자리,취업
youth,20260506005400213145,인천콘텐츠코리아랩 운영,콘텐츠 비즈니스 모델 발굴 및 사업화 지원을 통해 스타트업의 성장 지원 기반 마련 확대,교육/멘토링,인천광역시 문화체육국 문화정책과,인천광역시,0013010 | 0049010,청년,만 34세 ~ 만 99세,34,,-,소득조건코드=0043001 / 소득범위=0~0,,-,,,,,,https://www.inckl.or.kr/user/main.do,main,primary,인천콘텐츠코리아랩운영,인천광역시문화체육국문화정책과,,교육･직업훈련,미래역량강화
youth,20260506005400213144,청년어업인 영어정착지원,창업 초기 청년어업인의 안정적인 어촌 정착 지원을 통한 우수한 청년인력의 어촌 유치,인력/일자리,인천광역시 수산기술지원센터,인천광역시,"유흥, 사치품 및 술·담배의 구매 등 일부 제외 | 0013010 | 0049010",청년,만 18세 ~ 만 39세,18,39,"(소득기준) 상근고용, 어업과 무관한 사업체 경영 금지
(기타조건) 수산업 경영기반 해당 시·군·구에 실제 거주(주민등록포함), 어업 및 양식업 경력 3년 이하 독립경영, 병역필 또는 병역면제자",소득조건코드=0043001 / 소득범위=0~0,,"수산업 경영비 및 어가 가계자금 지원
- 수산업경영 경력에 따라 차등 지급
(1년차 월 110만원, 2년차 월 100만원, 3년차 월 90만원)",        ,        ,"(소득기준) 상근고용, 어업과 무관한 사업체 경영 금지
(기타조건) 수산업 경영기반 해당 시·군·구에 실제 거주(주민등록포함), 어업 및 양식업 경력 3년 이하 독립경영, 병역필 또는 병역면제자",,,https://youth.incheon.go.kr/youthpolicy/youthPolicyInfoDetail.do?poly_seq=298,main,primary,청년어업인영어정착지원,인천광역시수산기술지원센터,,일자리,취업
youth,20260506005400213143,청년농업인4-H 연합회 활동지원,인천광역시 청년농업인4-H연합회 교육·행사지원 및 조직활성화,교육/멘토링,인천광역시 농업기술센터 농촌자원과,인천광역시,0013008 | 0049010,"농업인,청년",만 19세 ~ 만 39세,19,39,-,소득조건코드=0043001 / 소득범위=0~0,,인천광역시 농업인4-H연합회 워크숍 추진,        ,        ,,,,https://youth.incheon.go.kr/youthpolicy/youthPolicyInfoDetail.do?poly_seq=299,main,primary,청년농업인4h연합회활동지원,인천광역시농업기술센터농촌자원과,,교육･직업훈련,온·오프라인교육
youth,20260506005400213142,인천 전세보증금반환보증 보증료 지원,전세보증금반환보증 가입을 유도하여 저소득층의 전세사기 피해를 예방하고 주거안정 도모,주거,인천광역시 도시계획국 주택정책과,인천광역시,"○ 외국인 및 국내에 거주하지 않는 재외국민
○ 임차인이 법인인 경우(회사 지원 숙소 등)
○ 그 밖에 지자체장이 지원이 적합하지 않다고 판단하는 경우
*자세한 사항은 '정부24' 사업안내 참조 | 0013010 | 0049010",청년,만 34세 ~ 만 99세,34,,"◉ 소득기준
 - (청년) 신청일 기준 만18세~39세이하로 연소득 5천만원 이하
 - (청년 외) 연소득 6천만원 이하(기혼자는 부부합산임)
 - (신혼부부) 신청일 기준 혼인신고일 7년이내인 부부, 부부합산 연소득 7천5백만원 이하
◉ 주택기준
 - 임차보증금 3억원 이하
 * 주민등록상 주소지와 보증가입 물건지는 동일해야 함",소득조건코드=0043002 / 소득범위=0~6000,,"임차보증금 3억원 이하 주택에 대하여 신청일 기준 보증 효력이 유효한 전세금반환보증(HUG,HF,SGI)보증료 기납액을 지원",,,"◉ 소득기준
 - (청년) 신청일 기준 만18세~39세이하로 연소득 5천만원 이하
 - (청년 외) 연소득 6천만원 이하(기혼자는 부부합산임)
 - (신혼부부) 신청일 기준 혼인신고일 7년이내인 부부, 부부합산 연소득 7천5백만원 이하
◉ 주택기준
 - 임차보증금 3억원 이하
 * 주민등록상 주소지와 보증가입 물건지는 동일해야 함",,정부24홈페이지 온라인 신청(www.gov.kr),https://www.youthcenter.go.kr/youthPolicy/ythPlcyTotalSearch/ythPlcyDetail/20260506005400213142,main,primary,인천전세보증금반환보증보증료지원,인천광역시도시계획국주택정책과,,주거,주택 및 거주지
youth,20260506005400213141,대학생 학자금대출 이자 지원,인천시 대학생에게 학자금대출 이자를 지원하여 균등한 고등교육 기회 제공 및 지역인재 육성에 기여,교육/멘토링,인천광역시 기획조정실 교육협력담당관,인천광역시,"0013010 | 0049005,0049006,0049008",청년,만 34세 ~ 만 99세,34,,"-○지원시기 : 2026년 12월말(예정)
○결과확인 : 한국장학재단 홈페이지 → 학자금대출 → 학자금뱅킹 → 학자금대출상환지원 → 지자체 이자지원 지급내역 조회",소득조건코드=0043001 / 소득범위=0~0,,"2019년 1학기부터 한국장학재단을 통해 대출받은 학자금의 2025년 하반기(7~12월), 2026년 상반기(1~6월) 발생이자 지원 
- 발생한 이자금액만큼 한국장학재단의 대출원리금에서 차감",,,"-○지원시기 : 2026년 12월말(예정)
○결과확인 : 한국장학재단 홈페이지 → 학자금대출 → 학자금뱅킹 → 학자금대출상환지원 → 지자체 이자지원 지급내역 조회

○구비서류 
- 재학(휴학)생: 주민등록초본, 재학(휴학)증명서 
- 졸업생: 주민등록초본, 졸업증명서, 건강보험자격득실확인서",,인천시 홈페이지 > 시민참여 > 대학생 학자금대출 이자지원 신청,https://www.kosaf.go.kr/ko/main.do,main,primary,대학생학자금대출이자지원,인천광역시기획조정실교육협력담당관,,교육･직업훈련,교육비지원
youth,20260506005400213140,대학일자리플러스센터 운영 지원,관내 대학 인프라를 활용한 지역 대학생 및 청년 선호기업 취업 지원,인력/일자리,인천광역시 청년정책담당관,인천광역시,0013003 | 0049010,청년,만 18세 ~ 만 39세,18,39,-,소득조건코드=0043001 / 소득범위=0~0,,"대학일자리플러스센터 운영비 지원(인하대, 인천대, 재능대, 인하공전)
*구직스킬 향상 취업스터디, 직무특강, 커리어 매칭 프로그램, 청년층 선호 기업(공기업·대기업 등) 특별반운영 등",,,,,"○대학별 대학일자리플러스센터 사이트 회원가입 및 로그인
○대학일자리플러스센터 바로가기
 - 인하대  https://job.inha.ac.kr
 - 인천대 https://job.inu.ac.kr/sites/job/index.do?epTicket=LOG
 - 재능대  https://ewe.jeiu.ac.kr
 - 인하공전 https://www.inhatc.ac.kr/kr/3719/subview.do",https://www.youthcenter.go.kr/youthPolicy/ythPlcyTotalSearch/ythPlcyDetail/20260506005400213140,main,primary,대학일자리플러스센터운영지원,인천광역시청년정책담당관,,일자리,취업
youth,20260506005400213139,청년 해외진출기지 지원,"해외진출 역량이 있으나, 자원이 부족한 청년 창업가를 발굴하여 체계적인 지원으로 지역 청년 창업기업 해외진출 도모",인력/일자리,인천광역시 미래산업국 산업창업정책과,인천광역시,0013006 | 0049010,청년,만 19세 ~ 만 39세,19,39,-,소득조건코드=0043001 / 소득범위=0~0,,"○ 해외진출 전략 코칭 등 글로벌 역량강화
○ 글로벌진출을 위한 사업화 자금 및 해외진출 지원",        ,        ,,,,https://youth.incheon.go.kr/youthpolicy/youthPolicyInfoDetail.do?poly_seq=311,main,primary,청년해외진출기지지원,인천광역시미래산업국산업창업정책과,,일자리,창업
youth,20260504005400113138,다문화청년 취᭼창업지원 사업,다문화청년이 취᭼창업을 통한 주체적 역량으로서 성장이 필요함에 따라 취᭼창업 교육을 통해 현실적᭼경제적 자립 지원,인력/일자리,외국인정책과,전국,제한없음 | 0013003 | 0049010,청년,만 0세 ~ 만 0세,,,해당사항 없음,소득조건코드=0043003 / 소득범위=0~0 / -,,다문화가족 청년 대상 취᭼창업준비를 위한 프로그램 지원,20260301 ~ 20260331,20261231,해당사항 없음,다문화 청년 취창업 프로그램 지원,"신청(신청자)→접수(읍면동)→조사(시군 조사팀)→지원결정(시군 사업팀)
※ 전문자격증(간호조무사, 보육교사, 조리사등)은 관련 여성인력개발센터, 여성새로일하기센터 연계지원",https://youth.chungnam.go.kr/web/main/customSupp/M030-01/view?bizId=A2024021500300201100001197,main,primary,다문화청년취창업지원사업,외국인정책과,20260301 ~ 20260331~20261231,일자리,취업
youth,20260504005400113137,SW중심대학 지원,대학 SW교육 혁신을 통한 국가·기업·학생의 경쟁력 강화 및 소프트웨어 가치 확산 선도 대학 육성,교육/멘토링,AI육성과,전국,해당 없음 | 0013010 | 0049010,청년,만 0세 ~ 만 0세,,,해당 없음,소득조건코드=0043001 / 소득범위=0~0,,"SW전공/융합과정 개설·교육, 온/오프라인 교육콘텐츠 개발·활용, 도내 청소년 및 초·중·고 교사 대상 SW교육 등",        ,        ,해당 없음,별도 문의,별도 문의,https://youth.chungnam.go.kr/web/main/customSupp/M030-02/view?bizId=A20250415CT000000000002223,main,primary,sw중심대학지원,ai육성과,,교육･직업훈련,미래역량강화
youth,20260504005400113135,SW미래채움,지역 내 미취업 청년 등을 SW교육 전문강사로 양성하고 SW교육 지원을 통한 SW미래인재 양성,교육/멘토링,AI육성과,전국,해당 없음 | 0013003 | 0049010,청년,만 19세 ~ 만 0세,19,,해당 없음,소득조건코드=0043001 / 소득범위=0~0,,"SW전공/융합과정 개설·교육, 온/오프라인 교육콘텐츠 개발·활용, 도내 청소년 및 초·중·고 교사 대상 SW교육 등",        ,        ,해당 없음,별도 문의,별도 문의,https://youth.chungnam.go.kr/web/main/customSupp/M030-02/view?bizId=A20250415CT000000000002222,main,primary,sw미래채움,ai육성과,,교육･직업훈련,미래역량강화
youth,20260504005400113134,창의융합형 공학인재양성지원,산업계 수요에 부합하는 교육 프로그램 개발·운영을 통한 공학교육의 글로벌 경쟁력 제고 및 창의융합형 공학인재 양성,인력/일자리,미래산업과,전국,해당 없음 | 0013003 | 0049005,청년,만 0세 ~ 만 0세,,,해당 없음,소득조건코드=0043003 / 소득범위=0~0 / -,,"ㅇ 산업계 수요에 부합하는 공학교육 프로그램 개발 및 운영지원
- 교육프로그램 개발·운영 및 캠프 운영, 캡스톤 디자인 지원, 현장실습·견학 등",        ,        ,해당 없음,별도 문의,별도 문의,https://youth.chungnam.go.kr/web/main/customSupp/M030-02/view?bizId=A20250415CT000000000002199,main,primary,창의융합형공학인재양성지원,미래산업과,,일자리,취업
youth,20260504005400213132,생활권 보행환경 종합정비사업 (안서동 청년안심 탄소중립 보행환경 개선),민선 8기 공약사업 ‘대학로 조성’ 관련 대학로 특화거리 조성 및 보행안전도로 조성,주거,시장,전국,제한없음 | 0013010 | 0049010,청년,만 0세 ~ 만 0세,,,제한없음,소득조건코드=0043001 / 소득범위=0~0,,대학로 특화거리 조성 및 보행안전도로 조성,20260101,20281231,제한없음,,별도문의,https://youth.chungnam.go.kr/web/main/customSupp/M040-06/view?bizId=A20260309LC000000000003065,main,primary,생활권보행환경종합정비사업안서동청년안심탄소중립보행환경개선,시장,20260101~20281231,주거,주택 및 거주지
youth,20260504005400113131,2026 충남 창업마루 나비(Starup-NAvi),"도내 유망 스타트업 발굴 및 육성을 위한 공간 조성, 지속가능한 지역 일자리 토대 마련을 위한 충남 창업의 중심(HUB) 역할 수행",인력/일자리,AI육성과,충청남도,"· 금융기관으로부터 채무불이행으로 제재 중인 개인, 기업 또는 휴·폐업중인 자
· 국세 또는 지방세 체납 중인 개인, 기업
· 정부정책에 따라 창업지원 사업에 제한되는 업종을 영위하는 자
· 입주신청일 기준 휴·폐업·행정처분 등의 제재가 진행되는 자
· 충청남도, 충남혁신센터 또는 중소벤처기업부 등 정부기관으로부터 창업지원사업의 참여제한 조치가 진행 중인 기업 또는 해당 대표자
· 정부지원 사업 수혜를 위해 다수의 사업장에서 사업을 영위하는 경우 | 0013006,0013009 | 0049010","누구나,청년",만 0세 ~ 만 0세,,,"제조+4차산업(AI, Big Data, Robotics 등) 융합 item, 미래자동차, 차세대 디스플레이, 반도체, 에너지신산업 등 제조분야(부품·소재 포함),스마트 플랫폼 분야(업종제한 없음), 친환경-기후변화 대응 분야(미세먼지·온실가스 저감, 친환경제품 및 서비스), 바이오, 그 외 디지털·그린 뉴딜 연계분야",소득조건코드=0043003 / 소득범위=0~0 / -,,"입주 지원, 장비·공간 지원, 홍보, 멘토링, 투자, 네트워킹 지원",20260101,20261231,"제조+4차산업(AI, Big Data, Robotics 등) 융합 item, 미래자동차, 차세대 디스플레이, 반도체, 에너지신산업 등 제조분야(부품·소재 포함),스마트 플랫폼 분야(업종제한 없음), 친환경-기후변화 대응 분야(미세먼지·온실가스 저감, 친환경제품 및 서비스), 바이오, 그 외 디지털·그린 뉴딜 연계분야","입주신청서, 사업계획서, 개인정보 동의서, 사업자등록증(해당 시), 법인등기부등본(해당 시), 국세, 지방세 납세증명서 각1부, 4대보험가입자명부(해당 시), 매출증빙(표준재무제표, 부가가치세 과세표준증명원, 부가가치세 과세표준증명원_해당 시), 각종 증빙 서류 등",① 모집공고(공개모집) → ② 요건검토 → ③ 1차평가(서면평가) → ④ 2차평가(발표평가) → ⑤ 면담(심층면담) → ⑥ 계약,http://www.ccceicontest.or.kr/contest/list.php,main,primary,2026충남창업마루나비starupnavi,ai육성과,20260101~20261231,일자리,창업
youth,20260504005400113130,청년인턴 사업,청년 일 경험 기회 제공을 통한 취업 지원,인력/일자리,청년정책관,전국,해당 없음 | 0013003 | 0049006,청년,만 19세 ~ 만 39세,19,39,해당 없음,소득조건코드=0043003 / 소득범위=0~0 / -,,"기업·공공기관 내 인턴 근무 기회 제공(4개월)
 - 직무교육 및 학점 인정, 자기개발비 지급",,,해당 없음,공고 참조,별도 문의,https://www.youthcenter.go.kr/youthPolicy/ythPlcyTotalSearch/ythPlcyDetail/20260504005400113130,main,primary,청년인턴사업,청년정책관,,일자리,취업
youth,20260504005400113129,청년예술인 해외 공연,청년예술인의 국제무대 경험을 통해 역량강화 및 경력확장 도모,복지/문화,문화정책과,전국,도내 19~39세 예술인 | 0013010 | 0049010,청년,만 19세 ~ 만 39세,19,39,해당 사항 없음,소득조건코드=0043001 / 소득범위=0~0,,"청년예술인과 멘토 역할을 수행할 전문예술인 해외공연(15명 내외)
   - 중국, 일본, 베트남 등 우호협력단체의 교류행사와 연계 추진",20260401 ~ 20260630,20261231,해당 사항 없음,,별도 문의,https://youth.chungnam.go.kr/web/main/bbs/cnyouth_notice/545?cp=1&sortOrder=BA_REGDATE&sortDirection=DESC&bcId=cnyouth_notice&baNotice=false&baCommSelec=false&baOpenDay=false&baUse=true,main,primary,청년예술인해외공연,문화정책과,20260401 ~ 20260630~20261231,금융･복지･문화,예술인지원
youth,20260504005400113128,학교 밖 청소년 진로진학 박람회,학교 밖 청소년 특성에 맞는 대학입시 및 진로·직업 정보 제공,인력/일자리,여성가족정책과,전국,해당 없음 | 0013010 | 0049010,청년,만 0세 ~ 만 0세,,,해당 없음,소득조건코드=0043001 / 소득범위=0~0,,학교 밖 청소년 진로진학박람회 운영,,,해당 없음,별도 문의,별도 문의,https://www.youthcenter.go.kr/youthPolicy/ythPlcyTotalSearch/ythPlcyDetail/20260504005400113128,main,primary,학교밖청소년진로진학박람회,여성가족정책과,,일자리,취업
youth,20260504005400113127,청년성장 프로젝트,미취업 청년 등의 구직단념 예방 및 ’쉬었음‘ 전환 방지,인력/일자리,청년정책관,전국,별도 문의 | 0013010 | 0049010,청년,만 15세 ~ 만 39세,15,39,"15세~39세 이하 청년
※ 35세∼39세 청년은 전체 사업량의 30% 이내 참여",소득조건코드=0043003 / 소득범위=0~0 / -,,"- 청년정책 정보 제공: 청년이 필요로 하는 정책 정보 제공
   - 맞춤형 프로그램 제공: 진로적성 검사, 일상 자신감 회복, 취업 역량 강화, 취업 정보 습득 등 기회 제공
   - 청년 인프라 제공: 휴식 공간, 각종 모임 활동 공간, 웹서핑, 문서 출력 등 필요시 자유롭게 이용할 수 있는 인프라 제공",        ,        ,"15세~39세 이하 청년
※ 35세∼39세 청년은 전체 사업량의 30% 이내 참여",별도 문의,별도 문의,https://youth-up.kr/growth,main,primary,청년성장프로젝트,청년정책관,,일자리,취업
youth,20260504005400113126,충남 청년 뮤직 페스타,청년 예술인 지원을 위한 충남의 젊은 문화 활성화 및 도민 문화예술향유 기회 확대,복지/문화,문화정책과,충청남도,해당 없음 | 0013010 | 0049010,청년,만 19세 ~ 만 39세,19,39,해당 없음,소득조건코드=0043001 / 소득범위=0~0,,"도내 문화예술 법인‧단체 1개소 선정, 뮤직페스타 순회공연",20260101,20261231,해당 없음,별도 문의,별도 문의,https://www.chungnam.go.kr/cnportal/province/province/view.do?nttId=2176260&menuNo=500487&pageIndex=1&sdate=2025-04-27&edate=2026-04-27,main,primary,충남청년뮤직페스타,문화정책과,20260101~20261231,금융･복지･문화,문화활동 및 생활지원
youth,20260504005400113125,충남 음악창작소운영,"- 충남 지역 청년 뮤지션의 창작·제작·유통·무대경험·산업진입까지 연계하는 통합 음악창작 생태계 구축
- 지역기반 신규 뮤지션 발굴 및 음반 제작·홍보·쇼케이스 지원을 통해 청년의 문화예술 진입장벽 완화 및 자립 기반 마련",복지/문화,문화정책과,충청남도,해당 없음 | 0013010 | 0049010,청년,만 19세 ~ 만 50세,19,50,해당 없음,소득조건코드=0043001 / 소득범위=0~0,,"- 지역뮤지션 발굴 및 후속제작지원(소속사 매칭, 해외 쇼케이스 등)
- 지역특화 음원콘텐츠 제작 및 지역 창작자 네트워킹
- 발굴 뮤지션 대외공연 활동 및 지역축제·지자체 협업 공연 지원 
- 충남음악창작소 시설 운영 및 대관 서비스",20260101,20261231,해당 없음,별도 문의,별도 문의,https://www.cnmusicfactory.com/,main,primary,충남음악창작소운영,문화정책과,20260101~20261231,금융･복지･문화,문화활동 및 생활지원
youth,20260504005400113124,충남콘텐츠기업지원센터 운영,"- 지역 콘텐츠 기업의 체계적 발굴·육성을 통한 기업역량 강화 및 성장 견인 
- 지역 콘텐츠 기업 맞춤형 성장 지원을 통한 기업 및 콘텐츠 경쟁력 제고
- 콘텐츠 분야 신규 일자리 창출 및 지역 청년 인재 고용 촉진",복지/문화,문화정책과,충청남도,해당 없음 | 0013010 | 0049010,청년,만 19세 ~ 만 39세,19,39,해당 없음,소득조건코드=0043001 / 소득범위=0~0,,"❶ 콘텐츠기업 육성 
    - (맞춤형 기업성장 지원) 지역 콘텐츠기업 맞춤형 콘텐츠 개발과 사업화 지원을 통해 기업의 신규 IP 확보와 기존 콘텐츠의 고도화 및 경쟁력을 강화 
    - (스케일업 엑셀러레이팅 지원) 액셀러레이팅 전문기관을 통해 맞춤형 기업성장 솔루션 제공으로 IR 역량 및 투자유치 등 기업역량을 강화
 ❷ 지역인재 매칭 지원
    - 지역 소재 청년, 콘텐츠 기업 간 일자리 매칭 지원 ￫ 지역인재 채용 활성화",20260101,20261201,해당 없음,별도 문의,별도 문의,https://ccon.kr/,main,primary,충남콘텐츠기업지원센터운영,문화정책과,20260101~20261201,금융･복지･문화,문화활동 및 생활지원
youth,20260504005400113123,워케이션 충남 프로그램 운영,일과 휴양을 연계한 체류형 관광객 유치 및 관광산업 육성,복지/문화,관광진흥과,충청남도,해당 없음 | 0013001 | 0049010,청년,만 19세 ~ 만 0세,19,,해당 없음,소득조건코드=0043001 / 소득범위=0~0,,숙박+업무공간+체험활동 연계 워케이션 프로그램 제공,20260401 ~ 20261231,        ,해당 없음,별도 문의,별도 문의,https://www.cacf.or.kr/site/,main,primary,워케이션충남프로그램운영,관광진흥과,20260401 ~ 20261231~,금융･복지･문화,문화활동 및 생활지원
youth,20260504005400113122,청년문화예술패스,"○ 청년 19~20세 대상으로 문화예술 관람료를 지원하여 이들의 직접적인 문화 소비 확대
○ 문화예술인 창작활동에 대해 간접적 지원, 문화예술시장 확대를 통한 내수 활성화 도모",복지/문화,문화정책과,전국,19~20세 청년(’26년 기준 ’06~’07년생) | 0013010 | 0049010,청년,만 19세 ~ 만 20세,19,20,"문화예술(공연, 전시, 영화)에 사용 가능",소득조건코드=0043001 / 소득범위=0~0,,"문화예술(공연, 전시, 영화)에 사용 가능한 문화예술패스(연간 20만원) 지원",20260101,20261231,"문화예술(공연, 전시, 영화)에 사용 가능",별도문의,별도문의,https://youthculturepass.or.kr/,main,primary,청년문화예술패스,문화정책과,20260101~20261231,금융･복지･문화,문화활동 및 생활지원
youth,20260504005400113121,지역문화 전문인력 양성,지역 문화예술 생태계 자생력 강화를 위한 문화예술교육 전문인력 양성,복지/문화,문화정책과,전국,해당 없음 | 0013010 | 0049010,청년,만 19세 ~ 만 0세,19,,해당 없음,소득조건코드=0043001 / 소득범위=0~0,,"문화예술교육가 양성을 위한 3단계 교육 프로그램 운영
※ 보통과정(e-러닝 이론 교육), 심화과정(특강 및 워크숍), 실습과정(시범사업 운영)",20260101,20261231,해당 없음,별도 문의,별도 문의,https://www.cacf.or.kr/site/index-hub.php,main,primary,지역문화전문인력양성,문화정책과,20260101~20261231,금융･복지･문화,문화활동 및 생활지원
youth,20260504005400113120,공공형 축산 스마트팜 인큐베이터 운영,사양관리 및 경영관리 등 스마트 축산 ICT 기술 습득 지원,인력/일자리,축산기술연구소,전국,해당 없음 | 0013008 | 0049010,청년,만 0세 ~ 만 50세,,50,18세 이상 50세 미만,소득조건코드=0043001 / 소득범위=0~0,,직무교육 및 인턴 근무 기회 제공,        ,        ,18세 이상 50세 미만,‘우선 선발기준’에 대한 증빙서류 등,시군 축산부서에 신청서 및 증빙서류 제출,https://www.chungnam.go.kr/liveStock.do,main,primary,공공형축산스마트팜인큐베이터운영,축산기술연구소,,일자리,창업
youth,20260504005400113119,청년농업인 역량강화 지원,"- 청년농업인 역량강화 지원
 - 청년농부되기 진로교육
 - 청년농업인 온라인 마케팅 기술시범
 - 청년농업인 품목별 연구동아리 육성지원",교육/멘토링,지도정책과,전국,0013008 | 0049009,"농업인,청년",만 18세 ~ 만 44세,18,44,"- 만 18세 이상~만 45세 미만 청년농업인(충청남도 거주)
- 시군 농업계고등학교",소득조건코드=0043003 / 소득범위=0~0 / -,,"- 청년농업인 역량강화 지원
 - 청년농부되기 진로교육
 - 청년농업인 온라인 마케팅 기술시범
 - 청년농업인 품목별 연구동아리 육성지원",20260101 ~ 20261231,20261231,"- 만 18세 이상~만 45세 미만 청년농업인(충청남도 거주)
- 시군 농업계고등학교",별도 문의,신청(신청자)→접수(시·군)→대상자 결정(시·군)→추진,https://youth.chungnam.go.kr/web/main/customSupp/M030-01/view?bizId=A20260309CT000000000003014,main,primary,청년농업인역량강화지원,지도정책과,20260101 ~ 20261231~20261231,교육･직업훈련,미래역량강화
youth,20260504005400113118,산업단지 청년문화센터 건립,산단 내 부족한 문화·복지·편의시설 확충을 위해 청년문화센터를 건립하여 청년 유입 기능강화 및 근로자 복지환경 개선,복지/문화,산업입지과,전국,제한없음 | 0013010 | 0049010,청년,만 0세 ~ 만 0세,,,제한없음,소득조건코드=0043001 / 소득범위=0~0,,산업단지 청년문화센터 건립을 위한 건축비 지원,        ,        ,제한없음,별도문의,별도문의,https://youth.chungnam.go.kr/web/main/customSupp/M060-09/view?bizId=A20260309CT000000000003054,main,primary,산업단지청년문화센터건립,산업입지과,,금융･복지･문화,문화활동 및 생활지원
youth,20260504005400113117,청년·사회초년생을 위한 필수 교육 운영,"19세 ~ 39세 경제교육이 필요한 청년 누구나 자산관리, 투자 기초지식, 올바른 투자법 등 대상과 여건에 맞는 주제로 맞춤형 경제교육 시행",교육/멘토링,청년정책관,전국,제한 없음 | 0013009 | 0049009,"누구나,청년",만 19세 ~ 만 39세,19,39,제한 없음,소득조건코드=0043003 / 소득범위=0~0 / -,,"19세 ~ 39세 경제교육이 필요한 청년 누구나 자산관리, 투자 기초지식, 올바른 투자법 등 대상과 여건에 맞는 주제로 맞춤형 경제교육 시행",20260101,20261231,제한 없음,별도 문의,반기별 수요조사(시군·교육기관 등) → 일정 조정 → 교육 제공,https://youth.chungnam.go.kr/web/main/customSupp/M030-02/view?bizId=A20260309CT000000000003051,main,primary,청년사회초년생을위한필수교육운영,청년정책관,20260101~20261231,교육･직업훈련,미래역량강화
youth,20260504005400113116,정신건강 심리상담 바우처 사업,도민의 마음건강 돌봄 및 자살 예방·정신질환 조기 발견,복지/문화,건강증진식품과,전국,해당 없음 | 0013010 | 0049010,청년,만 19세 ~ 만 39세,19,39,해당 없음,소득조건코드=0043001 / 소득범위=0~0,,"- 심리상담 서비스 바우처 총 8회기 제공(회당 최소 50분 이상)
- 심리검사* 실시 및 대상자 상황 및 수요** 등을 고려하여 적합한 심리상담 서비스를 1:1 대면으로 제공
 * ▴우울의 평가 : PHQ-9(Patient Health Questionnaire-9), ▴불안의 평가 : GAD-7(Generalized Anxiety Disorder-7),     
    ▴자살 위험성의 평가 : P4 suicidality screen scale 등
** ▴심리정서적 문제(우울, 불안 등)에 대한 개입 및 예방, ▴상황적 스트레스 대처능력 향상, ▴의사소통 기술 및 대인관계 향상 도모 등",20260101,20261231,해당 없음,별도 문의,별도 문의,https://www.bokjiro.go.kr/ssis-tbu/twataa/wlfareInfo/moveTWAT52011M.do?wlfareInfoId=WLF00005567,main,primary,정신건강심리상담바우처사업,건강증진식품과,20260101~20261231,금융･복지･문화,건강
youth,20260504005400113115,인재육성사업 추진,"충남도민 및 그 자녀
 - (연령 기준) 장학사업별 연령기준 다름
 - (소득 기준) 장학사업별 소득기준 다름
 ㅇ (사업 내용) 학자금대출이자지원사업 외 8종
 - 학자금대출이자지원, 충남형공공간호, 충남사랑, 재능키움, 아름드리, 거주비지원, 지역인재육성간호 예체능특기생, 해외유학장학사업",복지/문화,고등교육정책담당관,전국,"충남도민 및 그 자녀
   - (연령 기준) 장학사업별 연령기준 다름
   - (소득 기준) 장학사업별 소득기준 다름 | 0013009 | 0049009",청년,만 0세 ~ 만 0세,,,"충남도민 및 그 자녀
   - (연령 기준) 장학사업별 연령기준 다름
   - (소득 기준) 장학사업별 소득기준 다름","소득조건코드=0043003 / 소득범위=0~0 / 충남도민 및 그 자녀
   - (연령 기준) 장학사업별 연령기준 다름
   - (소득 기준) 장학사업별 소득기준 다름",,"충남도민 및 그 자녀
   - (연령 기준) 장학사업별 연령기준 다름
   - (소득 기준) 장학사업별 소득기준 다름
  
 ㅇ (사업 내용) 학자금대출이자지원사업 외 8종
   - 학자금대출이자지원, 충남형공공간호, 충남사랑, 재능키움, 아름드리, 거주비지원, 지역인재육성간호 예체능특기생, 해외유학장학사업",20260101 ~ 20261231,20261231,"충남도민 및 그 자녀
   - (연령 기준) 장학사업별 연령기준 다름
   - (소득 기준) 장학사업별 소득기준 다름",별도 문의(충남평생교육진흥원),별도 문의(충남평생교육진흥원),https://youth.chungnam.go.kr/web/main/customSupp/M030-04/view?bizId=A20260309CT000000000003045,main,primary,인재육성사업추진,고등교육정책담당관,20260101 ~ 20261231~20261231,금융･복지･문화,취약계층 및 금융지원
youth,20260504005400113114,지역사회서비스 청년사업단,청년 수요에 맞는 사회서비스(신체·정신건강 분야) 개발 ·제공 및 청년 일자리 창출,복지/문화,복지보훈정책과,전국,해당 없음 | 0013010 | 0049010,청년,만 19세 ~ 만 39세,19,39,해당 없음,소득조건코드=0043001 / 소득범위=0~0,,"지역 청년 대상 운동치료, 식생활·체질 개선, 우울·불안·스트레스 예방 프로그램 등 개발·제공을 위한 사업비 지원",20260301,20261231,해당 없음,별도 문의,별도 문의,https://youth.chungnam.go.kr/web/main/customSupp/M040-06/view?bizId=A20260309CT000000000003043,main,primary,지역사회서비스청년사업단,복지보훈정책과,20260301~20261231,금융･복지･문화,건강
youth,20260504005400113113,대학생 천원의 아침밥 사업 지원,"도내 대학 재학생 대상으로 충남 쌀 등 지역 농산물 활용한 아침식사를 1,000원에 제공하는 사업",복지/문화,고등교육정책담당관,전국,해당 없음 | 0013009 | 0049005,청년,만 0세 ~ 만 0세,,,해당 없음,소득조건코드=0043003 / 소득범위=0~0 / -,,공모 선정된 도내 대학에 대학생 아침식사 제공을 위한 충남 쌀 등 지역 농산물 구입 비용 지원(1천원/1식),20260101 ~ 20260228,20261231,해당 없음,해당 없음,해당 없음,https://www.youthcenter.go.kr/youthPolicy/ythPlcyTotalSearch/ythPlcyDetail/20260504005400113113,main,primary,대학생천원의아침밥사업지원,고등교육정책담당관,20260101 ~ 20260228~20261231,금융･복지･문화,취약계층 및 금융지원
youth,20260504005400113112,창업중심 대학 사업 지원,대학의 창업 인프라를 활용하여 우수한 창업아이템을 보유한 (예비)창업기업의 사업화 지원,인력/일자리,AI육성과,전국,해당 없음 | 0013006 | 0049010,청년,만 0세 ~ 만 0세,,,"시스템반도체, 스마트제조, 전기수소차, 인공지능",소득조건코드=0043001 / 소득범위=0~0,,직무교육 및 인턴 근무 기회 제공,20260303 ~ 20260324,,"시스템반도체, 스마트제조, 전기수소차, 인공지능",사업계획서 및 기타 증빙서류,k-startuup 홈페이지를 통한 온라인 신청,https://www.k-startup.go.kr,main,primary,창업중심대학사업지원,ai육성과,20260303 ~ 20260324~,일자리,창업
youth,20260504005400113111,광역이음(충청권 연계) 일자리사업,"충청권 전략산업(첨단바이오, 미래모빌리티) 종사 노동자에 대한 집중지원을 통해 청년 인재의 수도권 유출을 방지하고 지역 정착을 유도",인력/일자리,일자리기업지원과,전국,제한 없음 | 0013010 | 0049010,"누구나,청년",만 19세 ~ 만 39세,19,39,제한 없음,소득조건코드=0043001 / 소득범위=0~0,,충청권역 전략산업에 취업한 청년을 대상으로 권역 내 경력인증을 통해 지역 정착 및 장기근속을 유도하는 지원제도를 운영,20260201 ~ 20261231,        ,제한 없음,별도 문의,별도 문의,https://youth.chungnam.go.kr/web/main/customSupp/M030-01/view?bizId=A20260309CT000000000003041,main,primary,광역이음충청권연계일자리사업,일자리기업지원과,20260201 ~ 20261231~,일자리,취업
youth,20260504005400113110,충남도립대 등록금 장학금 지급,"2022학년도 이후 입학자 중, 국가장학금을 신청했으나 수혜를 받지 못한 재학생으로서 직전학기 성적이 70점(C0) 이상인 자 
※ 학자금 지원구간이 0~3구간인 학생은 D0(60점) 이상
 - (1단계) 2022학년도 신입생(1학년) 전학기 전액 장학금 지급
 - (2단계) 2023학년도 1~2학년 전액 장학금 지급
 - (3단계) 2024학년도 1~3학년 전액 장학금 지급
 - (4단계) 2025학년도 1~4학년 전액 장학금 지급",교육/멘토링,교무학생처,충청남도,"2022학년도 이후 입학자 중, 국가장학금을 신청했으나 수혜를 받지 못한 재학생으로서 직전학기 성적이 70점(C0) 이상인 자 
※ 학자금 지원구간이 0~3구간인 학생은 D0(60점) 이상 | 0013009 | 0049005,0049009",청년,만 0세 ~ 만 0세,,,"2022학년도 이후 입학자 중, 국가장학금을 신청했으나 수혜를 받지 못한 재학생으로서 직전학기 성적이 70점(C0) 이상인 자 
※ 학자금 지원구간이 0~3구간인 학생은 D0(60점) 이상",소득조건코드=0043003 / 소득범위=0~0 / -,,"2022학년도 이후 입학자 중, 국가장학금을 신청했으나 수혜를 받지 못한 재학생으로서 직전학기 성적이 70점(C0) 이상인 자 
※ 학자금 지원구간이 0~3구간인 학생은 D0(60점) 이상
 - (1단계) 2022학년도 신입생(1학년) 전학기 전액 장학금 지급
 - (2단계) 2023학년도 1~2학년 전액 장학금 지급
 - (3단계) 2024학년도 1~3학년 전액 장학금 지급
 - (4단계) 2025학년도 1~4학년 전액 장학금 지급",20260301 ~ 20270228,20270228,"2022학년도 이후 입학자 중, 국가장학금을 신청했으나 수혜를 받지 못한 재학생으로서 직전학기 성적이 70점(C0) 이상인 자 
※ 학자금 지원구간이 0~3구간인 학생은 D0(60점) 이상",별도 문의,국가장학금 신청→국가·등록금성 장학금 지급→  미수혜자조사→대상자 장학금 지원,https://www.cnsu.ac.kr/univ/bachelor/scholarship/type.do,main,primary,충남도립대등록금장학금지급,교무학생처,20260301 ~ 20270228~20270228,교육･직업훈련,온·오프라인교육
youth,20260504005400113109,대학생 연합설계 지원(건축역량 강화),"도내 건축학과 대학생들이 연합하여 건축설계를 할 수 있도록 대학교 경계를 허무는 프로그램을 운영하고, 충남건축디자인문화제 행사기간 동안 작품 전시 지원",교육/멘토링,건축디자인과,전국,도내 건축학과 대학생 | 0013009 | 0049005,청년,만 0세 ~ 만 0세,,,도내 건축학과 대학생,소득조건코드=0043003 / 소득범위=0~0 / -,,"ㅇ 도 내 대학교가 연합하여 건축학과 학생들의 건축 설계 추진
ㅇ 충남건축디자인문화제 행사기간 동안 학생 작품 전시 및 대내외 홍보",20260301 ~ 20261231,20261231,도내 건축학과 대학생,별도 문의,연합설계 추진(대학교) ⇨ 작품전시 지원(도),https://youth.chungnam.go.kr/web/main/customSupp/M030-02/view?bizId=A20260309CT000000000003044,main,primary,대학생연합설계지원건축역량강화,건축디자인과,20260301 ~ 20261231~20261231,교육･직업훈련,온·오프라인교육
youth,20260504005400113108,예비청년 현장중심 진로체험 프로그램 운영,"도내 학교에 재학 중인 예비청년 대상
- 지역사회 내 다양한 진로체험처 발굴, 관리 지원
- 예비청년 대상 진로직업체험 프로그램 운영 지원",교육/멘토링,고등교육정책담당관,전국,도내 학교에 재학 중인 예비청년 만13~18세 | 0013009 | 0049009,청년,만 13세 ~ 만 18세,13,18,도내 학교에 재학 중인 예비청년 만13~18세,소득조건코드=0043003 / 소득범위=0~0 / -,,"도내 학교에 재학 중인 예비청년 대상
- 지역사회 내 다양한 진로체험처 발굴, 관리 지원
- 예비청년 대상 진로직업체험 프로그램 운영 지원",20260101 ~ 20261231,20261231,도내 학교에 재학 중인 예비청년 만13~18세,별도 문의,교부(도) → 교육기관 보조(시군) → 사업추진(교육청),https://youth.chungnam.go.kr/web/main/customSupp/M030-02/view?bizId=A20260309CT000000000003039,main,primary,예비청년현장중심진로체험프로그램운영,고등교육정책담당관,20260101 ~ 20261231~20261231,교육･직업훈련,온·오프라인교육
youth,20260504005400113107,지역특화형 비자 사업(지역우수인재),"인구감소지역 내 지역 산업, 일자리 특화 외국인 인재 유치로 지역 생활인구 확대 및 장기 정착을 통한 선순환 구조 실현",인력/일자리,외국인정책과,전국,별도문의 | 0013010 | 0049010,청년,만 19세 ~ 만 39세,19,39,해당없음,소득조건코드=0043003 / 소득범위=0~0 / -,,"요건을 갖춘 국내체류 외국인에게 장기거주 비자를 발급 
※ (지자체) 비자전환 추천서 발급, (법무부) 비자 전환",,,해당없음,별도문의,별도문의,https://www.youthcenter.go.kr/youthPolicy/ythPlcyTotalSearch/ythPlcyDetail/20260504005400113107,main,primary,지역특화형비자사업지역우수인재,외국인정책과,,일자리,취업
youth,20260504005400113106,충남도립대학교 취업역량 강화 사업,"충남도립대학교 본교 재학생․졸업생 대상 컨설팅, 취업역량 강화 프로그램 제공",교육/멘토링,취업지원처,충청남도,충남도립대학교 재학생․졸업생 | 0013009 | 0049005,청년,만 0세 ~ 만 0세,,,충남도립대학교 재학생․졸업생,소득조건코드=0043003 / 소득범위=0~0 / -,,"충남도립대학교 본교 재학생․졸업생 대상 컨설팅, 취업역량 강화 프로그램 제공",20260301 ~ 20270228,20270228,충남도립대학교 재학생․졸업생,별도 문의,별도 문의,https://youth.chungnam.go.kr/web/main/customSupp/M030-02/view?bizId=A20260309CT000000000003036,main,primary,충남도립대학교취업역량강화사업,취업지원처,20260301 ~ 20270228~20270228,교육･직업훈련,온·오프라인교육
youth,20260504005400113105,주력산업 일자리 지원사업,자동차·반도체 등 도 주력산업 취업 장려를 통해 도 청년인재의 수도권 유출을 방지하고 지역 내 정착 및 장기근속 기반 마련,인력/일자리,일자리기업지원과,전국,제한 없음 | 0013001 | 0049010,"누구나,청년",만 0세 ~ 만 0세,,,제한 없음,소득조건코드=0043003 / 소득범위=0~0 / -,,"- 도내 대학 졸업 청년*에게 월세 월 30만원(연 300만원)을 지원
 * ’25 ~ ’26년 졸업자 중 반도체, 자동차 분야 취업 청년  
- 노동부 근속지원 장려금* 종료 후 도 자체 장려금**을 연계해 장기근속 유도 
 * (노동부 청년도약장려금) 5인 이상 제조기업, 24개월 근속 시 480만원 지원
 ** (충청남도 도약장려금) 반도체, 자동차 분야 기업 3년차 200만원, 4년차 300만원 지원
- 주력산업 기업을 대상으로 휴게·복지공간 조성 등 근로여건 개선 지원
- 석탄화력발전소 종사자를 대상으로 직무전환 교육 프로그램 운영",20260201 ~ 20260430,20261231,제한 없음,별도 문의,별도 문의,https://youth.chungnam.go.kr/web/main/customSupp/M030-02/view?bizId=A20260309CT000000000003037,main,primary,주력산업일자리지원사업,일자리기업지원과,20260201 ~ 20260430~20261231,일자리,취업
youth,20260504005400113104,자립준비청년 지원,자립준비청년(보호종료아동)의 안정적인 사회 정착을 위한 자립수당 및 자립정착금 등 초기비용 지원,복지/문화,인구정책과,전국,해당 없음 | 0013010 | 0049010,청년,만 0세 ~ 만 0세,,,해당 없음,소득조건코드=0043001 / 소득범위=0~0,,"- (자립정착금) 자립준비청년에게 주거 마련 등 자립에 소요되는 초기비용 1,000만원 지원
- (대학생활안정자금) 대학에 진학한 자립준비청년 및 보호연장아동에게 대학생활에 필요한 자금 200만원 지원
- (자립수당) 보호 종료 5년 이내 자립준비청년에게 자립에 필요한 비용 월 50만원 지원",20260101,20261231,해당 없음,별도 문의,별도 문의,https://youth.chungnam.go.kr/web/main/customSupp/M040-06/view?bizId=A20260309CT000000000003035,main,primary,자립준비청년지원,인구정책과,20260101~20261231,금융･복지･문화,취약계층 및 금융지원
youth,20260504005400113103,안서동 목조 커뮤니티시설 및 전망대 설치,국산 목재를 활용한 전망대 및 목재 특화 거리 조성을 통한 탄소중립 실현 및 지역 경제 활성화,복지/문화,산림자원과,전국,제한없음 | 0013010 | 0049010,청년,만 0세 ~ 만 0세,,,제한없음,소득조건코드=0043001 / 소득범위=0~0,,"- 국산목재 목조건축물
   - 목재특화거리조성",20260101 ~ 20261231,20291231,제한없음,별도문의,별도문의,https://youth.chungnam.go.kr/web/main/customSupp/M040-06/view?bizId=A20260309CT000000000003033,main,primary,안서동목조커뮤니티시설및전망대설치,산림자원과,20260101 ~ 20261231~20291231,금융･복지･문화,문화활동 및 생활지원
youth,20260504005400113102,공동훈련센터 운영 지원,"- 지역 산업·기업 수요를 반영한 청년 중심 맞춤형 직업훈련 과정 운영
- 취업 연계형·현장 중심 교육을 통한 청년 고용 가능성 제고",교육/멘토링,일자리기업지원과,전국,"도내 미취업 청년 및 구직자, 지역 중소기업 재직자 | 0013010 | 0049009","중소기업,청년",만 0세 ~ 만 0세,,,"도내 미취업 청년 및 구직자, 지역 중소기업 재직자",소득조건코드=0043003 / 소득범위=0~0 / -,,"AI·데이터(14개 과정), 기계조립·관리(15개 과정), 기계설비(12개 과정), 제조분야 등(30개 과정) 등 71개 과정 운영",20260101 ~ 20261231,20261231,"도내 미취업 청년 및 구직자, 지역 중소기업 재직자",별도 문의,별도 문의,https://youth.chungnam.go.kr/web/main/customSupp/M030-02/view?bizId=A20260309CT000000000003032,main,primary,공동훈련센터운영지원,일자리기업지원과,20260101 ~ 20261231~20261231,교육･직업훈련,온·오프라인교육
youth,20260504005400113101,청소년 한부모 복지급여 지원,저소득 청소년 한부모에게 양육비 등 지원을 통한 양육부담 경감 및 생활안정 도모,복지/문화,여성가족정책과,전국,해당 없음 | 0013010 | 0049010,청년,만 0세 ~ 만 24세,,24,해당 없음,소득조건코드=0043001 / 소득범위=0~0,,"- 자녀 1인당 아동양육비 월 37만원~40만원 지원, 자립촉진수당, 검정고시 등 학습지원(가구당 연 154만원 이내)",20260101,20261231,해당 없음,관할 주소지 읍면동 행정복지센터 문의,관할 주소지 읍면동 행정복지센터 문의,https://youth.chungnam.go.kr/web/main/customSupp/M040-06/view?bizId=A20260309CT000000000003030,main,primary,청소년한부모복지급여지원,여성가족정책과,20260101~20261231,금융･복지･문화,취약계층 및 금융지원
youth,20260504005400113100,청년 브릿지 온,취업에 어려움을 겪는 청년에 대한 일경험 등 고용지원서비스 제공,인력/일자리,청년정책관,전국,제한 없음청년 등 구직자 19~39세 | 0013010 | 0049010,"누구나,청년",만 19세 ~ 만 39세,19,39,제한 없음,소득조건코드=0043003 / 소득범위=0~0 / -,,방문형 취업서비스 제공 및 청년일자리정책 홍보,        ,        ,제한 없음,별도 문의,별도 문의,https://youth.chungnam.go.kr/web/main/customSupp/M030-02/view?bizId=A20260309CT000000000003027,main,primary,청년브릿지온,청년정책관,,일자리,취업
youth,20260504005400113099,반도체 특성화 대학,4년간(선정 연도 포함) 반도체 인재양성 및 R&D 자율 수행,교육/멘토링,산업육성과,전국,"도내 3개 대학(한기대, 호서대, 공주대) 반도체 관련 학과 재학생 | 0013009 | 0049005",청년,만 0세 ~ 만 0세,,,"도내 3개 대학(한기대, 호서대, 공주대) 반도체 관련 학과 재학생",소득조건코드=0043003 / 소득범위=0~0 / -,,"ㅇ (한기대) 공정‧장비 분야 인재 양성 110명 / 기업참여 교과목 개발 1건, 산학협력프로젝트 6건, 반도체 기업탐방 2회 추진 등
 ㅇ (호서대) 패키징 분야 인재 양성 290명 / 국내 산업체 견학 4회, 반도체산업 리더 초청 특강 5회, 산학협력프로젝트 2건 추진 등
 ㅇ (공주대) 계측‧분석 분야 인재 양성 190명 / 기업참여 교과목 개발 2건, 산학프로젝트 및 실무 전문가 멘토링 추진 등",20260101 ~ 20261231,20261231,"도내 3개 대학(한기대, 호서대, 공주대) 반도체 관련 학과 재학생",별도 문의,교육부 공모사업 선정 → 도비 보조금 교부 → 사업 추진,https://youth.chungnam.go.kr/web/main/customSupp/M030-02/view?bizId=A20260309CT000000000003029,main,primary,반도체특성화대학,산업육성과,20260101 ~ 20261231~20261231,교육･직업훈련,온·오프라인교육
youth,20260504005400113097,청년수산인단체 역량강화 지원,청년수산인 역량강화 교육 지원,교육/멘토링,어촌산업과,전국,"만 18세 이상~만 45세 미만 청년수산인(충청남도 거주) | 0013008,0013009 | 0049009",청년,만 18세 ~ 만 44세,18,44,만 18세 이상~만 45세 미만 청년수산인(충청남도 거주),소득조건코드=0043003 / 소득범위=0~0 / -,,ㅇ청년수산인연합회 회원 대상 수산분야 역량강화 워크숍 및 교육 실시,20260101 ~ 20261231,20261231,만 18세 이상~만 45세 미만 청년수산인(충청남도 거주),별도 문의,별도 문의,https://youth.chungnam.go.kr/web/main/customSupp/M030-02/view?bizId=A20260309CT000000000003025,main,primary,청년수산인단체역량강화지원,어촌산업과,20260101 ~ 20261231~20261231,교육･직업훈련,온·오프라인교육
youth,20260504005400113096,충청남도 친화형 PILOT 프로그램 (프로젝트 인턴십),청년의 실무 능력을 강화하고 기업의 채용 가능성 제고,인력/일자리,청년정책관,전국,도내 대학(원)생 등 청년 19~39세 | 0013003 | 0049009,청년,만 19세 ~ 만 39세,19,39,제한없음,소득조건코드=0043003 / 소득범위=0~0 / -,,"기업이 제시한 프로젝트를 청년들이 직접 수행하고 결과물에 대한 기업의 평가를 통한 청년 경력 개발
(4~6개월, 20개 프로젝트)",20260301 ~ 20260331,        ,제한없음,별도 문의,별도 문의,https://youth.chungnam.go.kr/web/main/customSupp/M030-02/view?bizId=A20260309CT000000000003023,main,primary,충청남도친화형pilot프로그램프로젝트인턴십,청년정책관,20260301 ~ 20260331~,일자리,취업
youth,20260504005400113095,첨단산업 인재양성 부트캠프,반도체·디스플레이 산업수요 맞춤형 전문인력 양성,교육/멘토링,고등교육정책담당관,전국,"반도체·디스플레이 관련 공과계열 대학생 2~4학년
- 선문대(반도체) : 전자공학, 반도체소재공학, 스마트정보통신공학
- 순천향대(디스플레이) : 디스플레이신소재공학, 전자정보공학, 나노화학공학, 기계공학 | 0013009 | 0049005",청년,만 0세 ~ 만 0세,,,"반도체·디스플레이 관련 공과계열 대학생 2~4학년
- 선문대(반도체) : 전자공학, 반도체소재공학, 스마트정보통신공학
- 순천향대(디스플레이) : 디스플레이신소재공학, 전자정보공학, 나노화학공학, 기계공학",소득조건코드=0043003 / 소득범위=0~0 / -,,"ㅇ 반도체 패키징 소재‧공정 중심으로 특화된 교육과정 및 인프라 확보
ㅇ 디스플레이 소재․부품, 공정․장비 분야 핵심 인재 양성을 위한 전공심화 교육 및 실습 프로그램 운영
ㅇ 산업체 연계 현장실습, 산학프로젝트실습, 기업특강 등을 통한 실무역량 강화
ㅇ 채용박람회 및 전시회 참관 지원, 취업 캠프 운영",20260101 ~ 20261231,20261231,"반도체·디스플레이 관련 공과계열 대학생 2~4학년
- 선문대(반도체) : 전자공학, 반도체소재공학, 스마트정보통신공학
- 순천향대(디스플레이) : 디스플레이신소재공학, 전자정보공학, 나노화학공학, 기계공학",별도 문의,별도 문의,https://youth.chungnam.go.kr/web/main/customSupp/M030-02/view?bizId=A20260309CT000000000003021,main,primary,첨단산업인재양성부트캠프,고등교육정책담당관,20260101 ~ 20261231~20261231,교육･직업훈련,미래역량강화
youth,20260504005400113094,자립지원 사업비,자립준비청년(보호종료아동)의 안정적인 사회 정착 도모,복지/문화,인구정책과,전국,보호 종료 5년 이내 자립준비청년 | 0013010 | 0049010,청년,만 0세 ~ 만 0세,,,보호 종료 5년 이내 자립준비청년,소득조건코드=0043003 / 소득범위=0~0 / -,,"보호 종료 5년 이내 자립준비청년 자립수준평가 등 기본 사후관리 및 맞춤형 자립지원통합서비스 제공
 * 자립지원통합서비스 : 기본 사후관리 인원 중 자립기술평가 및 초기상담을 통해 지원이 필요한 청년을 선정, 
   생활·주거·교육·취업 등 월 40만원 한도 내 지원
  - 자립준비청년 간 자조모임(바람개비 서포터즈) 운영 지원",20260101,20261201,보호 종료 5년 이내 자립준비청년,별도 안내,별도 안내,https://youth.chungnam.go.kr/web/main/customSupp/M040-06/view?bizId=A20260309CT000000000003018,main,primary,자립지원사업비,인구정책과,20260101~20261201,금융･복지･문화,취약계층 및 금융지원
youth,20260504005400113093,창업어가 멘토링,"창업어가와 후견인을 1:1 매칭하여, 후견인의 교육 및 지도에 필요한 비용 지원",교육/멘토링,수산자원연구소,전국,"0013008,0013009 | 0049009",청년,만 0세 ~ 만 0세,,,"1. 창업어가 : 어업인 후계자로 선정된 지 3년 이내인 자, 귀어한 지 3년 이내인 자, 당해연도 귀어 창업자금 지원(예정)자
2. 후 견 인 : 우수경영인, 수산 신지식인, 수산 퇴직공무원, 대학교수 등 수산 분야 전문가로 어업 분야에 10년 이상 종사한 자",소득조건코드=0043003 / 소득범위=0~0 / -,,"창업어가와 후견인을 1:1 매칭하여, 후견인의 교육 및 지도에 필요한 비용 지원
ㅇ 창업어가 및 후견인 사업자 선정(창업어가 3명, 후견인 3명)
ㅇ 창업어가에 수산업 전반에 대한 기술·경영 지도(월 6회 이상)",20260101 ~ 20261231,20261231,"1. 창업어가 : 어업인 후계자로 선정된 지 3년 이내인 자, 귀어한 지 3년 이내인 자, 당해연도 귀어 창업자금 지원(예정)자
2. 후 견 인 : 우수경영인, 수산 신지식인, 수산 퇴직공무원, 대학교수 등 수산 분야 전문가로 어업 분야에 10년 이상 종사한 자",별도 문의,별도 문의,https://youth.chungnam.go.kr/web/main/customSupp/M050-08/view?bizId=A20260309CT000000000003017,main,primary,창업어가멘토링,수산자원연구소,20260101 ~ 20261231~20261231,교육･직업훈련,온·오프라인교육
youth,20260504005400113092,스마트팜 청년 창업 교육,"- 스마트팜 청년 창업 입문교육
- 스마트팜 청년 창업 재배실습 교육
- 스마트팜 선도 농가 현장실습 교육",교육/멘토링,스마트교육센터,전국,0013008 | 0049009,청년,만 18세 ~ 만 44세,18,44,청년농업인 18세 이상~45세 미만,소득조건코드=0043003 / 소득범위=0~0 / -,,"- 스마트팜 청년 창업 입문교육
- 스마트팜 청년 창업 재배실습 교육
- 스마트팜 선도 농가 현장실습 교육",20260101 ~ 20261231,20261231,청년농업인 18세 이상~45세 미만,별도 문의,신청(신청자)→접수(시·군)→대상자 결정(도원)→추진,https://youth.chungnam.go.kr/web/main/customSupp/M030-02/view?bizId=A20260309CT000000000003016,main,primary,스마트팜청년창업교육,스마트교육센터,20260101 ~ 20261231~20261231,교육･직업훈련,온·오프라인교육
youth,20260504005400113091,충남 천안아산 강소연구개발특구 육성,"입주기관의 활발한 신기술 창출 및 사업화를 촉진할 수 있는 환경 조성으로, 특화분야(미래모빌리티 전장기술) 업종기업 중심 양질의 일자리 창출",인력/일자리,미래산업과,충청남도,해당 없음 | 0013010 | 0049010,청년,만 0세 ~ 만 0세,,,미래차 전장부품 중심 스타트업-스케일업 기업,소득조건코드=0043001 / 소득범위=0~0,,"연구소기업·창업기업 설립, 기술이전 및 사업화, 투자연계 등 지원",        ,        ,미래차 전장부품 중심 스타트업-스케일업 기업,별도 문의,별도 문의,https://youth.chungnam.go.kr/web/main/customSupp/M030-01/view?bizId=A20260309CT000000000003022,main,primary,충남천안아산강소연구개발특구육성,미래산업과,,일자리,취업
youth,20260504005400113090,청년내일저축계좌 지원,- 저소득 청년이 사회에 안착할 수 있도록 자산형성 지원 및 자립 촉진,복지/문화,복지보훈정책과,전국,해당 없음 | 0013010 | 0049010,청년,만 19세 ~ 만 39세,19,39,해당 없음,"소득조건코드=0043003 / 소득범위=0~0 / (소득기준)현재 근로활동 중이며, 월 근로·사업소득이 10만원 이상인 청년
(가구소득) 소득인정액 기준 중위소득 50% 이하",,"연령·소득기준·가구소득을 모두 충족한 청년이 3년간 근로, 매월 10만원 이상 저축하면 매월 30만원 지원
(연령) 신청 당시 만 15세 이상 ~ 만 39세 이하
(소득기준)현재 근로활동 중이며 월 근로·사업소득이 10만원 이상인 청년
(가구소득) 소득인정액 기준 중위소득 50% 이하",20260504 ~ 20260520,20261231,해당 없음,별도 문의,별도 문의,https://youth.chungnam.go.kr/web/main/customSupp/M040-06/view?bizId=A20260309CT000000000003015,main,primary,청년내일저축계좌지원,복지보훈정책과,20260504 ~ 20260520~20261231,금융･복지･문화,취약계층 및 금융지원
youth,20260504005400213089,태안학사 운영,우리군 출신 수도권지역 대학생들의 주거비 부담 완화 및 안정된 학업 환경 제공,주거,교육체육과,전국,취업자 | 0013010 | 0049005,청년,만 19세 ~ 만 39세,19,39,해당 없음,소득조건코드=0043001 / 소득범위=0~0,,거주환경 제공,20260106 ~ 20260116,20261231,해당 없음,"입사신청서, 성적증명서, 재학증명서 등",우편 또는 방문접수,https://youth.chungnam.go.kr/web/main/customSupp/M040-05/view?bizId=A20260401LC000000000003123,main,primary,태안학사운영,교육체육과,20260106 ~ 20260116~20261231,주거,주택 및 거주지
youth,20260504005400213088,청년 사람유두종 바이러스 예방접종 지원,청년 대상 사람유두종 바이러스 예방접종 지원,복지/문화,보건행정과,전국,해당없음 | 0013010 | 0049010,"누구나,청년",만 18세 ~ 만 20세,18,20,해당없음,소득조건코드=0043001 / 소득범위=0~0,,"1년 이상 계룡시 주민등록을 둔 18~20세 백신 미완료 청년 예방접종 지원
(본인 부담금 5만원, 기초생활수급자·차상위계층 무료)",20260201,20261231,해당없음,"신분증, 기초생활수급자ㆍ차상위계층 증명서(해당자만)",계룡시보건소 1층 예방접종실에 신분증 지참 후 접종,https://youth.chungnam.go.kr/web/main/customSupp/M040-06/view?bizId=A20260401LC000000000003121,main,primary,청년사람유두종바이러스예방접종지원,보건행정과,20260201~20261231,금융･복지･문화,건강
youth,20260504005400113084,창업보육센터 및 기업지원,"창업보육센터 내 입주기업 운영지원, 창업경진대회를 통한 사업화 자금 지원 등",인력/일자리,AI육성과,전국,"해당 없음 | 0013006,0013009 | 0049009","예비창업자,청년",만 0세 ~ 만 0세,,,예비창업자 및 5년미만 창업기업,소득조건코드=0043001 / 소득범위=0~0,,도내 15개 대학 창업보육센터 운영 등,20260401 ~ 20260415,        ,예비창업자 및 5년미만 창업기업,각 대학별 보육센터 개별 진행,각 대학별 보육센터 개별 진행,https://youth.chungnam.go.kr/web/main/customSupp/M030-03/view?bizId=A20260309CT000000000003013,main,primary,창업보육센터및기업지원,ai육성과,20260401 ~ 20260415~,일자리,창업
youth,20260504005400113083,그린스타트업타운 운영,신성장·친환경·ICT 분야 스타트업 발굴/육성사업,인력/일자리,AI육성과,전국,"참여제한 사유에 해당하는 경우(지원사업별 공고문 확인) | 0013006,0013009 | 0049010","스타트업,청년",만 0세 ~ 만 0세,,,그린스타트업타운 입주 후 지원사업 신청 가능,소득조건코드=0043001 / 소득범위=0~0,,"스타트업 대상 입주공간, 경영컨설팅, 기술사업화, 글로벌 진출지원, 청년인재 정주여건, 스타트업 직무교육지원 등",,,"그린스타트업타운 입주 후 지원사업 신청 가능

사업별 지원내용/모집시기 등이 상이하므로 해당 공고문 기준으로 신청해야함",사업별 공고문 확인,사업별 모집공고 확인 → 신청/접수 → 선정평가 → 최종선정 대상자별 협약체결 후 지원,https://www.ccon.kr/,main,primary,그린스타트업타운운영,ai육성과,,일자리,창업
youth,20260504005400113082,청년농업인 창농 신성장 활동,"- 농고·농대 재학·졸업생 창농 교육
- 충남 우수 청년농업인 선발 운영",교육/멘토링,지도정책과,전국,0013008 | 0049009,"농업인,청년",만 18세 ~ 만 44세,18,44,"- 만 18세 이상~만 45세 미만 청년농업인(충청남도 거주)
 - 시군 농업계고등학교",소득조건코드=0043003 / 소득범위=0~0 / -,,"ㅇ 청년농업인 역량강화 교육
ㅇ 청년농부되기 진로교육
ㅇ 청년농업인 품목별 연구동아리
ㅇ 청년농업인 온라인 마케팅 기술지원",20260101 ~ 20261231,20261231,"- 만 18세 이상~만 45세 미만 청년농업인(충청남도 거주)
 - 시군 농업계고등학교",별도 문의,신청(신청자)→접수(시·군)→대상자 결정(시·군)→추진,https://youth.chungnam.go.kr/web/main/customSupp/M030-02/view?bizId=A20260309CT000000000003011,main,primary,청년농업인창농신성장활동,지도정책과,20260101 ~ 20261231~20261231,교육･직업훈련,미래역량강화
youth,20260504005400113081,전세보증금반환보증 보증료 지원,"전세사기, 역전세 현상 등 임대차 계약 종료 이후에도 보증금을 반환받지 못하는 저소득층의 피해가 증가함에 따라, 전세보증금반환보증 가입 유도 및 전세사기 피해 예방",주거,주택도시과,전국,보증효력이 유효한 전세보증금반환보증에 가입한 임차보증금 3억원 이하의 무주택 임차인 | 0013010 | 0049010,청년,만 0세 ~ 만 0세,,,"연소득 (청년) 5천만원, (청년 외) 6천만원, (신혼부부) 7.5천만원 이하","소득조건코드=0043003 / 소득범위=0~0 / 연소득 (청년)5천만원, (청년 외)6천만원, (신혼부부)7.5천만원 이하",,전세보증금반환보증 보증료 전부 또는 일부 지원(최대 40만원),20260101,20261231,"연소득 (청년) 5천만원, (청년 외) 6천만원, (신혼부부) 7.5천만원 이하","신청서, 서약서, 통장사본, 전세보증금반환보증 보증서, 보증료 납부 증빙서류, 임대차계약서, 등기사항전부증명서, 주민등록등본, 혼인관계증명서, 소득금액증명 등",(신청인)읍면동 행정복지센터 내방 신청 또는 온라인 신청(안심전세포털) → (시군) 지원여부 조사 및 지원결정,https://youth.chungnam.go.kr/web/main/customSupp/M040-05/view?bizId=A20260309CT000000000003007,main,primary,전세보증금반환보증보증료지원,주택도시과,20260101~20261231,주거,주택 및 거주지
youth,20260504005400113078,지역기반형 콘텐츠코리아랩 운영,"충남도 내 콘텐츠 창작문화 확산 및 지역 신규 창·제작자 발굴 및 육성을 통한 지역 콘텐츠 전문인력 양성, 콘텐츠 기업 육성",복지/문화,문화정책과,전국,해당 없음 | 0013010 | 0049010,청년,만 0세 ~ 만 0세,,,해당 없음,소득조건코드=0043001 / 소득범위=0~0,,"- 취업·창업·사업화 연계를 위한 창작인력 양성 교육 프로그램 운영
- 맞춤형 사업화지원, 유통·투자 연계로 콘텐츠 스타트업기업성장지원
- 콘텐츠 스타트업 자율형 마케팅 전략 자금지원 홍보효과·매출 극대화",20260101,20261231,해당 없음,별도 문의,별도 문의,https://youth.chungnam.go.kr/web/main/customSupp/M060-09/view?bizId=A20260309CT000000000003061,main,primary,지역기반형콘텐츠코리아랩운영,문화정책과,20260101~20261231,금융･복지･문화,문화활동 및 생활지원
youth,20260504005400113077,청년 등 생애주기별 마음건강사업,정신건강 고위험군 청년을 조기발견·개입하여 청년 정신건강 개선 및 청년 정신질환의 적절한 치료·관리를 통해 회복지원,복지/문화,건강증진식품과,전국,해당 없음 | 0013010 | 0049010,청년,만 19세 ~ 만 39세,19,39,해당 없음,소득조건코드=0043001 / 소득범위=0~0,,"- 청년정신건강 인식 개선 홍보 및 교육
- 지역자원(대학교, 청년센터, 고용센터 등) 연계를 통해 고위험군 발굴 및 심리 지원
- 고위험군 온·오프라인 상담(모바일앱, SNS 등 활용한 비대면상담소 운영)
- 정신건강통합서비스 (사례관리, 집단프로그램 등) 운영",20260101,20261231,해당 없음,별도 문의,별도 문의,https://youth.chungnam.go.kr/web/main/customSupp/M040-06/view?bizId=A20250416CT000000000002241,main,primary,청년등생애주기별마음건강사업,건강증진식품과,20260101~20261231,금융･복지･문화,건강
youth,20260504005400113076,청년 자살예방 조기검진 및 심리지원,도내 청년 대상 자살예방 조기검진 통한 심리지원 및 자원 연계,복지/문화,건강증진식품과,전국,해당 없음 | 0013010 | 0049010,청년,만 19세 ~ 만 39세,19,39,해당 없음,소득조건코드=0043001 / 소득범위=0~0,,"- 충남정신건강관리망을 통한 우울 및 자살 정신건강검진시행
   ⇨ 고위험군 발굴시 즉각 개입(상담, 치료연계) 및 자원연계(치료비 지원 등)

- 청년 대상 정신건강프로그램(나에게로 떠나는 여행) 연계",20260101,20261231,해당 없음,별도 문의,별도 문의,https://youth.chungnam.go.kr/web/main/customSupp/M040-06/view?bizId=A20260309CT000000000003050,main,primary,청년자살예방조기검진및심리지원,건강증진식품과,20260101~20261231,금융･복지･문화,건강
youth,20260504005400113075,청년 정신건강 관리 협력·홍보체계 구축·운영,정신질환에 대한 인식 개선 홍보사업을 통해 서비스 접근성 제고 및 지역사회 정신건강 관계기관 협력체계 구축,복지/문화,건강증진식품과,전국,해당 없음 | 0013010 | 0049010,청년,만 19세 ~ 만 39세,19,39,해당 없음,소득조건코드=0043001 / 소득범위=0~0,,"- 비대면 선별도구를 활용한 고위험군 발굴 및 정신건강 서비스 지역사회 자원 연계 및 모니터링
- 청년 정신건강서포터즈 [마음;잇길] 운영 및 지원
- 통합 조기중재 홈페이지 [안녕;마음] 운영 및 관리
- 청년 정신건강의 중요성 및 인식개선 홍보를 위한 홍보컨텐츠 제작 및 보급 등",20260101,20261231,해당 없음,별도 문의,별도 문의,https://youth.chungnam.go.kr/web/main/customSupp/M040-06/view?bizId=A20260310CT000000000003066,main,primary,청년정신건강관리협력홍보체계구축운영,건강증진식품과,20260101~20261231,금융･복지･문화,건강
youth,20260504005400113074,컨설턴트 파견 및 취업지원프로그램 운영,"충남도립대학교 본교 재학생(프로그램에 따라 졸업생 포함) 대상 컨설팅, 취업역량 강화 프로그램 제공",교육/멘토링,취업지원처,전국,"충남도립대학교 재학생(프로그램에 따라 졸업생 포함) | 0013003 | 0049005,0049006,0049007",청년,만 0세 ~ 만 0세,,,해당없음,소득조건코드=0043001 / 소득범위=0~0,,"충남도립대학교 본교 재학생(프로그램에 따라 졸업생 포함) 대상 컨설팅, 취업역량 강화 프로그램 제공",20260301 ~ 20270228,20270228,해당없음,별도 문의,별도 문의,https://youth.chungnam.go.kr/web/main/customSupp/M030-02/view?bizId=A20260324CT000000000003067,main,primary,컨설턴트파견및취업지원프로그램운영,취업지원처,20260301 ~ 20270228~20270228,교육･직업훈련,온·오프라인교육
youth,20260504005400213073,서산시 전입 대학생 생활안정 지원,"관내 소재 대학교(한서대학교) 재(휴)학생 중, 전입신고를 한 대학생을 대상으로 생활안정 지원금 10만원 지급",복지/문화,자치행정국,충청남도,만 19세 이상 대학생 | 0013009 | 0049005,청년,만 0세 ~ 만 0세,,,만 19세 이상 대학생,소득조건코드=0043001 / 소득범위=0~0,,생활안정지원금,20260101 ~ 20261231,20261231,만 19세 이상 대학생,"주민등록초본, 재(휴학) 증명서 등","신청 접수(공문 등) 후, 지원",https://youth.chungnam.go.kr/web/main/customSupp/M040-06/view?bizId=A20260401LC000000000003120,main,primary,서산시전입대학생생활안정지원,자치행정국,20260101 ~ 20261231~20261231,금융･복지･문화,취약계층 및 금융지원
youth,20260504005400213072,청년농업인 인큐베이팅 기술지원,미래농업의 주역인 청년농업인들의 소득기반 구축,인력/일자리,기술지원과,전국,해당 없음 | 0013008 | 0049010,"농업인,청년",만 18세 ~ 만 45세,18,45,해당 없음,소득조건코드=0043001 / 소득범위=0~0,,"컨설팅을 통한 경영전략 계획수립 → 농장개선 및 생산성 품질향상 장비도입, 창업아이템 도출 및 지원",20260112 ~ 20260130,20261231,해당 없음,"사업신청서, 경영체등록증",농업기술센터 신청서류 제출,https://youth.chungnam.go.kr/web/main/customSupp/M050-07/view?bizId=A20260401LC000000000003126,main,primary,청년농업인인큐베이팅기술지원,기술지원과,20260112 ~ 20260130~20261231,일자리,취업
youth,20260504005400213070,서산시 창업보육센터 지원,창업기업 육성 및 지원을 위한 창업보육센터 활성화 촉진,교육/멘토링,투자유치과,충청남도,창업을 희망하는 예비창업자 또는 창업 3년 미만인 기업 | 0013002 | 0049010,"예비창업자,청년",만 0세 ~ 만 0세,,,창업을 희망하는 예비창업자 또는 창업 3년 미만인 기업,소득조건코드=0043001 / 소득범위=0~0,,"마케팅 및 홍보지원, 시제품 제작 지원, 창업 교육 등",20260501 ~ 20260930,20260930,"창업을 희망하는 예비창업자 또는 창업 3년 미만인 기업

한서대학교 창업보육센터
정수영 팀장 (TEL: 041-671-6053 / FAX: 041-671-6055)",별도 안내,방문접수/ 우편접수/ 팩스/ 이메일,http://www.habi.or.kr/main/index.action,main,primary,서산시창업보육센터지원,투자유치과,20260501 ~ 20260930~20260930,교육･직업훈련,온·오프라인교육
youth,20260504005400213069,태안 청년네트워크 운영,청년 문제 해결을 위한 의제와 정책을 발굴하고 실현하기 위해 청년 참여를 기반으로 한 청년 네트워크 운영,복지/문화,기획예산담당관,전국,해당 없음 | 0013010 | 0049010,청년,만 18세 ~ 만 45세,18,45,해당 없음,소득조건코드=0043001 / 소득범위=0~0,,청년네트워크 참석 실비 및 급·간식 제공,20251201 ~ 20271231,20271231,해당 없음,지원신청서 및 증빙서류,태안군 홈페이지 공고(공개모집),https://youth.chungnam.go.kr/web/main/customSupp/M060-10/view?bizId=A20260401LC000000000003142,main,primary,태안청년네트워크운영,기획예산담당관,20251201 ~ 20271231~20271231,금융･복지･문화,문화활동 및 생활지원
youth,20260504005400213068,태안 군 복무 태안 청년 상해 보험 가입,군 복무 태안 청년 단체 상해보험 가입,복지/문화,안전관리과,전국,해당 없음 | 0013010 | 0049010,청년,만 19세 ~ 만 39세,19,39,해당 없음,소득조건코드=0043001 / 소득범위=0~0,,군 복무 중 상해 및 질병 보험 가입,20260220 ~ 20270219,20270219,해당 없음,담당자 문의,담당자 문의,https://youth.chungnam.go.kr/web/main/customSupp/M040-06/view?bizId=A20260401LC000000000003140,main,primary,태안군복무태안청년상해보험가입,안전관리과,20260220 ~ 20270219~20270219,금융･복지･문화,취약계층 및 금융지원
youth,20260504005400213067,서산시 성연청소년문화의집 운영,청소년의 건강하고 행복한 성장을 돕기 위한 청소년전용시설 운영,복지/문화,가족지원과,충청남도,해당없음 | 0013010 | 0049010,"누구나,청년",만 9세 ~ 만 24세,9,24,해당없음,소득조건코드=0043001 / 소득범위=0~0,,"청소년전용카페(이리모young) 운영 및 
학교연계·진로역량 개발·문화·청소년동아리 활동,",20260101,29991231,해당없음,해당없음,"프로그램 별 상이, 홈페이지 참고",https://www.s3youth.or.kr/,main,primary,서산시성연청소년문화의집운영,가족지원과,20260101~29991231,금융･복지･문화,문화활동 및 생활지원
youth,20260504005400213066,태안 사회복무요원 보상 및 배상책임 보험,공무상 의료비·재해보상금 보험/ 대인대물배상책임 보험,복지/문화,안전관리과,전국,해당 없음 | 0013010 | 0049010,청년,만 19세 ~ 만 39세,19,39,해당 없음,소득조건코드=0043001 / 소득범위=0~0,,공무상 의료비·재해보상금 보험 가입 / 대인대물배상책임 보험 가입,20260117 ~ 20270117,20270117,해당 없음,해당 없음,태안군 소속 사회복무요원 자동 가입,https://youth.chungnam.go.kr/web/main/customSupp/M030-04/view?bizId=A20260401LC000000000003139,main,primary,태안사회복무요원보상및배상책임보험,안전관리과,20260117 ~ 20270117~20270117,금융･복지･문화,취약계층 및 금융지원
youth,20260504005400213065,천안형 채용연계프로그램,"관내 미취업 청년이 취업역량 강화 교육과 기업설명회, 면접 연계 등을 통해 관내 기업과의 채용 기회를 확대하는 프로그램으로, 기업 정보 제공과 취업 지원을 통해 청년의 노동시장 진입을 돕고 지역 인재의 안정적인 정착과 청년 일자리 창출에 기여하고자 추진하는 사업",인력/일자리,청년정책과,충청남도,해당없음 | 0013010 | 0049010,"누구나,청년",만 18세 ~ 만 39세,18,39,해당없음,소득조건코드=0043001 / 소득범위=0~0,,"취업기술 향상 교육(약 50시간), 관내 우수기업 정보 제공 및 기업설명회, 정규직 채용연계 면접 동행 지원, 천안 청년 취업응원금(천안사랑카드 50만원) 지원",20260201,20261231,해당없음,해당없음,홈페이지 신청,https://www.ch2030youth.kr/bbs/board.php?bo_table=notice&wr_id=582,main,primary,천안형채용연계프로그램,청년정책과,20260201~20261231,일자리,취업
youth,20260504005400213064,태안 청년 신혼부부 주택자금 대출이자 지원,"주택자금(매매, 전세) 대출을 받고 납입한 이자 지원 사업",주거,신속허가과,전국,해당 없음 | 0013010 | 0049010,청년,만 18세 ~ 만 45세,18,45,해당 없음,소득조건코드=0043003 / 소득범위=0~0 / 기준중위소득 180%이하,,"가구당 연간 100만원 이내 대출이자 지원
(자년 1명당 10만원 가산 지원, 총 3명까지)",20260101,20261231,해당 없음,"주민등록등본, 초본, 건강보험 자격확인서, 건강보험 납부확인서, 
매매계약서 또는 임대차(전세) 계약서, 지방세 세목별 과세증명서, 대출 및 이자납부 내역 확인서, 통장사본",신속허가과 방문신청,https://youth.chungnam.go.kr/web/main/customSupp/M040-05/view?bizId=A20260401LC000000000003135,main,primary,태안청년신혼부부주택자금대출이자지원,신속허가과,20260101~20261231,주거,전월세 및 주거급여 지원
youth,20260504005400213063,서산시 자립준비청년 운전면허 취득지원 사업,"가정위탁보호, 시설보호 종료 또는 연장된 청소년에게 운전면허 취득지원으로 실질적이고 안정적인 사회정착 및 성공적 자립에 기여코자 함.",교육/멘토링,가족지원과,충청남도,등록된 보호대상 청소년 | 0013009 | 0049009,청년,만 19세 ~ 만 29세,19,29,등록된 보호대상 청소년,소득조건코드=0043003 / 소득범위=0~0 / -,,운전면허 취득에 따른 일체 비용지원,20260201 ~ 20260227,20261130,등록된 보호대상 청소년,"신청서, 신분증, 개인정보제공동의서, 납부영수증, 통장사본",시청 가족지원과에 신청,https://youth.chungnam.go.kr/web/main/customSupp/M060-09/view?bizId=A20260401LC000000000003150,main,primary,서산시자립준비청년운전면허취득지원사업,가족지원과,20260201 ~ 20260227~20261130,교육･직업훈련,미래역량강화
youth,20260504005400213062,계룡행정인턴 운영,대학생이 방학기간을 이용하여 시정에 참여함으로써 지역사회에 대한 이해와 자긍심을 갖는 기회 제공,인력/일자리,자치행정과,전국,"계룡시청에서 대학생 행정인턴 근무경험이 있는 자
공고일 기준 대학교 입학 예정자, 대학원생
방송통신대학교, 사이버대학, 평생교육기관에 재학 중인 자 | 0013010 | 0049005,0049006",청년,만 19세 ~ 만 39세,19,39,해당없음　,소득조건코드=0043001 / 소득범위=0~0,,"1개월 간 행정사무 보조, 현장 업무 지원에 따른 급여 지급",20251201 ~ 20260630,20260731,해당없음,"신청서, 개인정보제공 동의서, 주민등록등본 또는 초본 등",시 홈페이지 신청,https://youth.chungnam.go.kr/web/main/customSupp/M060-10/view?bizId=A20260401LC000000000003152,main,primary,계룡행정인턴운영,자치행정과,20251201 ~ 20260630~20260731,일자리,취업
youth,20260504005400213061,공공근로 일자리(청년 우선 선발),공공일자리를 제공하여 청년들의 고용시장 진입을 위한 완충 역할 및 생활 안정 도모,인력/일자리,경제산업과,전국,"실업급여 및 연금수급자, 4회 연속 초과 참여자, 1세대 2인 참여자, 공무원(경찰, 소방, 교육, 군인, 군무원) 배우자 및 자녀, 대학 및 대학원 재학생 | 0013003 | 0049010",청년,만 19세 ~ 만 39세,19,39,해당없음　,소득조건코드=0043001 / 소득범위=0~0,,상ㆍ하반기 각 5개월 간 행정사무 보조에 따른 급여 지급,20260501 ~ 20260531,20261130,해당없음,"신청서, 개인정보제공 동의서 등",신청서 및 구비서류 주소지 면동사무소에 제출,https://youth.chungnam.go.kr/web/main/customSupp/M030-01/view?bizId=A20260401LC000000000003070,main,primary,공공근로일자리청년우선선발,경제산업과,20260501 ~ 20260531~20261130,일자리,취업
