source,source_id,title,summary,s_category,provider,region,target_group,target_tags,target_age,target_age_min,target_age_max,target_detail,income_condition,startup_stage,support_type,apply_start,apply_end,additional_conditions,required_documents,application_method,detail_url,_scope,_scope_reason,norm_title,norm_provider,norm_period,category,subcategory
biz,PBLN_000000000122968,2026년 2차 안전일터 조성지원 사업 수정 공고,"고용노동부와 한국산업안전보건공단은 기술ㆍ재정여력이 취약한 중소사업장과 공사금액 50억원 미만 소규모 건설현장의 사고사망 및 중상해재해를 예방하기 위해 「안전일터 조성지원 사업」 시행을 아래와 같이 수정(2차) 공고 합니다.
☞ 산업재해보상보험에 가입한 사업주
※ 사업별 지원대상 상이, 자세한 사항 공고문 참조
☞ 제조ㆍ서비스업 등 고위험 개선, 스마트 안전장비 지원사업, 소규모 특화 안전일터 조성지원사업(떨어짐 / 끼임, 부딪힘) 지원
※ 사업별 지원내용 상이, 자세한 사항 공고문 참조",인력/일자리,한국산업안전보건공단,전국,중소기업,중소기업,,,,,,,작업환경개선,사업별 상이,,,"온라인 접수 (산업안전포털)
※ 자세한 신청방법 공고문 참조","온라인 접수 (산업안전포털)
※ 자세한 신청방법 공고문 참조",https://www.bizinfo.go.kr/sii/siia/selectSIIA200Detail.do?pblancId=PBLN_000000000122968,main,primary,2026년2차안전일터조성지원사업수정공고,한국산업안전보건공단,사업별 상이~,인력,작업환경개선
biz,PBLN_000000000122967,[경북] 2026년 디지털 제조혁신 모델발굴 지원사업 모집 공고(지역 자율형 디지털 혁신프로젝트),"2026년 지역 자율형 디지털 혁신프로젝트(포항) 사업의 일환으로, 경북 제조산업 맞춤형 DX 과제 발굴 및 RFP 고도화를 통한 디지털 전환 기반 마련을 위해 재단법인 포항테크노파크 경북AI혁신본부에서 시행하는 ‘디지털 제조혁신 모델 발굴 지원사업’을 다음과 같이 공고하오니 많은 신청 바랍니다.
☞ 경북 지역 디지털 제조혁신의 높은 역량과 준비된 디지털 기업
☞ 경북 지역 제조 현장 수요를 반영한 디지털 제조혁신 모델 발굴 및 신규 과제 기획 지원
- 제조 현장의 수요를 기반으로 디지털 기술을 융합하여 제조운영 효율화, 생산성 향상, 품질 개선 등 제조혁신이 가능한 서비스 및 기술 모델 기획
- 기존 연구회 및 파일럿 프로젝트 기반 연구과제(RFP) 고도화와 신규 과제 발굴을 통해 후속 사업 연계가 가능한 제조혁신 프로젝트 기획 지원",기술,포항테크노파크,경상북도,중소기업,중소기업,,,,,,,기술사업화/이전/지도,2026-06-09,2026-06-22,,온라인 접수(포항테크노파크),온라인 접수(포항테크노파크),https://www.bizinfo.go.kr/sii/siia/selectSIIA200Detail.do?pblancId=PBLN_000000000122967,main,primary,경북2026년디지털제조혁신모델발굴지원사업모집공고지역자율형디지털혁신프로젝트,포항테크노파크,2026-06-09~2026-06-22,기술,기술사업화/이전/지도
biz,PBLN_000000000122966,[경북] 2026년 중소벤처기업 AI 기술융합 스케일업 지원사업 참여기업 추가 모집 공고,"포항테크노파크는 경상북도의 지원을 받아 지역 AI 융합기술 산업 경쟁력 강화, 기술 고도화 및 신사업 분야 진출 촉진을 위해 “2026년 중소벤처기업 AI 기술융합 스케일업 지원사업”을 다음과 같이 시행하오니, 본 사업에 참여하고자 하는 기업은 절차에 따라 신청하여 주시기 바랍니다.
☞ 접수 마감일 기준 경상북도 소재 AI 핵심 또는 AI융합산업 기술개발 추진(예정) 중소벤처기업
☞ 포스텍AI연구원과의 협업기술과제 개발을 통한 지원기업의 AI 및 AI융합 기술개발Ⅰ 및 중앙부처 R&D 기획과제 컨설팅Ⅱ 지원
- 3개 과제 내외/과제당 40백만원 내외",기술,포항테크노파크,경상북도,중소기업,중소기업,,,,,,,공동기술개발,2026-06-08,2026-06-26,,온라인 접수(포항테크노파크),온라인 접수(포항테크노파크),https://www.bizinfo.go.kr/sii/siia/selectSIIA200Detail.do?pblancId=PBLN_000000000122966,main,primary,경북2026년중소벤처기업ai기술융합스케일업지원사업참여기업추가모집공고,포항테크노파크,2026-06-08~2026-06-26,기술,공동기술개발
biz,PBLN_000000000122965,2026년 수출업체 대상 해외공동물류 지원사업 참가업체 모집 공고,"한국농수산식품유통공사에서 한국 농식품 수출업체를 대상으로 수출 농식품 현지 유통과정에서 발생하는 물류 지원을 통한 품질 경쟁력 제고 및 신규 유통망 개척 지원하는 사업입니다. 
☞ 한국 농림축산식품 수출업체 중 하단의 물류센터 이용 희망업체
☞ 지정 물류센터에서 발생한 한국산 농식품의 입고ㆍ출고ㆍ보관ㆍ운송 서비스 비용의 50~90% 지원
- 지원한도 업체당 최소 5백만원 ~ 최대 50백만원 배정",판로/수출,한국농수산식품유통공사,전국,중소기업,중소기업,,,,,,,해외진출,2026-06-08,2026-06-24,,온라인 접수(aT 수출종합지원시스템),온라인 접수(aT 수출종합지원시스템),https://www.bizinfo.go.kr/sii/siia/selectSIIA200Detail.do?pblancId=PBLN_000000000122965,main,primary,2026년수출업체대상해외공동물류지원사업참가업체모집공고,한국농수산식품유통공사,2026-06-08~2026-06-24,수출,해외진출
biz,PBLN_000000000122964,[인천] 2026년 3차 지식재산 긴급지원 사업 모집 공고,"지역 중소기업에 맞춤형 지식재산 서비스를 지원하는 ‘지식재산 긴급지원’ 사업의 2026년 시행 계획을 다음과 같이 공고하오니 사업에 참여하고자 하는 기업의 많은 신청 바랍니다.
☞ 인천 소재 중소기업(「중소기업 기본법」제2조 및 동법 시행령 제3조에 의거)
※ 각 기초지자체별 신청가능현황 반드시 공고문 확인
☞ 기업 당 2,000만원 이내 지원
- 지식재산 전문가의 IP현안 진단을 통해 컨설턴트 직접컨설팅을 제공하고, 외부기관(분야별 전문기관)과 함께 국내맞춤 특허ㆍ디자인전략, 디자인ㆍ브랜드개발, 특허기술홍보영상제작, 국내ㆍ해외출원비용 등을 지원
※ 자세한 지원내용 공고문 참조",기술,인천지식재산센터,인천광역시,중소기업,중소기업,,,,,,,시험/인증,2026-06-08,2026-06-19,,온라인 접수 (지원기업 사업관리시스템),온라인 접수 (지원기업 사업관리시스템),https://www.bizinfo.go.kr/sii/siia/selectSIIA200Detail.do?pblancId=PBLN_000000000122964,main,primary,인천2026년3차지식재산긴급지원사업모집공고,인천지식재산센터,2026-06-08~2026-06-19,기술,시험/인증
biz,PBLN_000000000122963,[경북] 2026년 블루푸드 수출 마케팅 지원사업 일본 해외시장개척단 참가기업 모집 공고,"경상북도와 경상북도경제진흥원에서는 경북도내 수산기업을 대상으로 해외 신규시장 개척 및 수출증대를 위해 「블루푸드 수출마케팅 지원사업 일본 해외시장개척단」 참가기업을 다음과 같이 모집하오니 많은 관심 바랍니다.
☞ 경상북도 소재 본점 또는 주사업장을 둔 중소제조기업
☞ 현지 바이어 1:1 상담, 통역사(1기업당 1인), 상담물품 현지 운송, 현지 이동수단(단체), 편도 항공료(최대30만원) 지원",판로/수출,경상북도경제진흥원,경상북도,중소기업,중소기업,,,,,,,시장개척,2026-06-09,2026-06-22,,이메일 접수 (osmasis@gepa.kr),이메일 접수 (osmasis@gepa.kr),https://www.bizinfo.go.kr/sii/siia/selectSIIA200Detail.do?pblancId=PBLN_000000000122963,main,primary,경북2026년블루푸드수출마케팅지원사업일본해외시장개척단참가기업모집공고,경상북도경제진흥원,2026-06-09~2026-06-22,수출,시장개척
biz,PBLN_000000000122962,[전남] 2026년 프랑스 파리 식품박람회(SIAL Paris) 참가 희망기업 모집 공고,"전라남도는 2026년 프랑스 파리 SIAL 박람회 참가 지원으로 도내 우수 농수산 제품 전시ㆍ홍보, 바이어 발굴 및 수출을 확대하고자 박람회 참가 희망기업을 다음과 같이 모집하니 많은 신청 바랍니다.
☞ 도내 농수산 가공식품 생산ㆍ유통기업
- 전라남도에 본사 또는 공장을 등록하고 실질적으로 사업을 영위하고 있는 기업
- 해외시장 진출이 가능하도록 제품개발, 포장 디자인된 제품
- 전시품목 : 농수산물, 식품, 음료, 건강 및 스낵 등 농수산식품 전반
☞ 부스 임차료 및 기본 장치비(100%), 왕복 항공료(기업당 1인 100%, 100만원 한도) 지원",판로/수출,한국농수산식품유통공사,전라남도,중소기업,중소기업,,,,,,,해외진출,2026-06-09,2026-06-17,,"온라인 접수(①~④모두신청)
① 전라남도 수출정보망 로그인 후 ‘지원사업신청’ 클릭
② ‘바이 전라남도’ 온라인 플랫폼 제품 등록
③ aT 수출종합지원시스템(http://global.at.or.kr) 로그인 
④ 모집공고/신청 → 신청서 작성 및 서류 제출
- 필수서류 외 제출서류는 이메일(gjtrade@at.or.kr) 제출 가능
※ 자세한 신청방법 공고문 참조","온라인 접수(①~④모두신청)
① 전라남도 수출정보망 로그인 후 ‘지원사업신청’ 클릭
② ‘바이 전라남도’ 온라인 플랫폼 제품 등록
③ aT 수출종합지원시스템(http://global.at.or.kr) 로그인 
④ 모집공고/신청 → 신청서 작성 및 서류 제출
- 필수서류 외 제출서류는 이메일(gjtrade@at.or.kr) 제출 가능
※ 자세한 신청방법 공고문 참조",https://www.bizinfo.go.kr/sii/siia/selectSIIA200Detail.do?pblancId=PBLN_000000000122962,main,primary,전남2026년프랑스파리식품박람회sialparis참가희망기업모집공고,한국농수산식품유통공사,2026-06-09~2026-06-17,수출,해외진출
biz,PBLN_000000000122961,[경북] 포항시 2026년 방송광고 제작 및 송출 지원기업 모집 공고(온라인 판로 지원사업),"포항시와 경상북도경제진흥원은 포항시 소재 소상공인 및 중소기업의 지역 IPTV 광고 제작 및 송출을 통한 판로 활성화 지원을 위해 아래와 같이 「방송광고 제작 및 송출 지원사업」을 추진하오니 희망하시는 기업은 기한 내 신청하여 주시기 바랍니다.
☞ 포항시 소재 중ㆍ소상공인 중 점포 또는 사업장(프랜차이즈 제외)을 운영하며 방송광고 및 영상 홍보를 희망하는 기업
☞ 맞춤형 광고 영상 기획, 촬영, 제작 및 지역 IPTV, 케이블 채널 등 방송 송출 지원",판로/수출,경상북도경제진흥원,경상북도,중소기업,중소기업,,,,,,,홍보지원,2026-06-08,2026-06-30,,이메일 접수 (jhrin5199@gepa.kr),이메일 접수 (jhrin5199@gepa.kr),https://www.bizinfo.go.kr/sii/siia/selectSIIA200Detail.do?pblancId=PBLN_000000000122961,main,primary,경북포항시2026년방송광고제작및송출지원기업모집공고온라인판로지원사업,경상북도경제진흥원,2026-06-08~2026-06-30,내수,홍보지원
biz,PBLN_000000000122960,[경북] 포항시 2026년 온라인 셀러 성장 지원기업 모집 공고(온라인 판로 지원사업),"포항시와 경상북도경제진흥원은 포항시 소재 소상공인 및 중소기업의 원스톱 밀착 코칭을 통한 온라인 판매 자립 운영 전환 지원을 위해 아래와 같이 「온라인 셀러 성장 지원사업」을 추진하오니 희망하시는 기업은 기한 내 신청하여 주시기 바랍니다.
☞ 포항시 소재 중ㆍ소상공인 중 온라인 판매 미운영 또는 초기 운영 기업(단순 유통ㆍ중개업 제외)
☞ 온라인 판매채널 개설부터 상품 등록, 상세페이지 제작, 마케팅 및 실전 판매 운영까지 실습 중심의 맞춤형 지원",판로/수출,경상북도경제진흥원,경상북도,중소기업,중소기업,,,,,,,온라인,2026-06-08,2026-06-30,,이메일 접수 (jhrin5199@gepa.kr),이메일 접수 (jhrin5199@gepa.kr),https://www.bizinfo.go.kr/sii/siia/selectSIIA200Detail.do?pblancId=PBLN_000000000122960,main,primary,경북포항시2026년온라인셀러성장지원기업모집공고온라인판로지원사업,경상북도경제진흥원,2026-06-08~2026-06-30,내수,온라인
biz,PBLN_000000000122959,2026년 디지털트윈 기반 의료기기 개발 실증기업 모집 공고(디지털트윈 융합 의료혁신 선도사업 3차년도),"원주의료기기산업진흥원에서는 과학기술정보통신부(정보통신산업진흥원)와 강원특별자치도, 원주시의 지원을 통해 의료기기 산업의 혁신을 촉진하고 디지털트윈 환경 기반의 의료기기 제품개발 실증을 지원하고자 합니다. 이에 ’디지털트윈 기반 의료기기 개발 실증기업 모집‘을 다음과 같이 공고하오니,관심 있는 기업의 많은 신청 바랍니다.
☞ 디지털트윈 환경에서 의료기기 제품 개발 또는 개선(고도화) 실증을 희망하는 국내 의료기기 개발 기업 
- (지원구분1) 본 사업에서 추진하고자 하는 질환(당뇨, 난청, 근골격계) 관련 기기개발 기업
- (지원구분2) 본 사업의 취지에 부합하는 성과를 창출할 수 있는 디지털트윈 기반의 의료기기 개발 기업(자유공모)
☞ 디지털트윈 의료기기 설계/개발 실증을 위한 디지털트윈 통합플랫폼 구축, 의료기기 개발에 따르는 검증체계 지원, 사업화 지원(컨설팅 및 국내외 시장진출)
- 지원규모 : 총 4개 과제(과제당 2년 지원, 최대 5억원(당해연도 2억원 규모 지원))
※ 자세한 지원내용 공고문 참조",기술,원주의료기기산업진흥원,강원특별자치도,중소기업,중소기업,,,,,,,기술사업화/이전/지도,2026-06-01,2026-06-30,,이메일 접수(jys@wmit.or.kr),이메일 접수(jys@wmit.or.kr),https://www.bizinfo.go.kr/sii/siia/selectSIIA200Detail.do?pblancId=PBLN_000000000122959,main,primary,2026년디지털트윈기반의료기기개발실증기업모집공고디지털트윈융합의료혁신선도사업3차년도,원주의료기기산업진흥원,2026-06-01~2026-06-30,기술,기술사업화/이전/지도
biz,PBLN_000000000122958,[경북] 경주시 2026년 AI라이브커머스 지원기업 모집 공고(온라인 판로 지원사업),"경주시와 경상북도경제진흥원은 경주시 소재 소상공인 및 중소기업의 디지털 전환 및 온라인 시장 경쟁력 강화 지원을 위해 아래와 같이 「AI라이브커머스 지원사업」을 추진하오니 희망하시는 기업은 기한 내 신청하여 주시기 바랍니다.
☞ 경주시 소재 중ㆍ소상공인 중 라이브커머스 및 온라인 판로 확대를 희망하는 통신판매업신고증 보유 기업
☞ AI 쇼호스트 활용 라이브커머스 방송 제작 및 판매 지원
※ 1개사 기준 5회, 총 100시간 정도 방송 지원",판로/수출,경상북도경제진흥원,경상북도,중소기업,중소기업,,,,,,,온라인,2026-06-08,2026-06-30,,이메일 접수 (jhrin5199@gepa.kr),이메일 접수 (jhrin5199@gepa.kr),https://www.bizinfo.go.kr/sii/siia/selectSIIA200Detail.do?pblancId=PBLN_000000000122958,main,primary,경북경주시2026년ai라이브커머스지원기업모집공고온라인판로지원사업,경상북도경제진흥원,2026-06-08~2026-06-30,내수,온라인
biz,PBLN_000000000122957,[경북] 포항시 2026년 AI라이브커머스 지원기업 모집 공고(온라인 판로 지원사업),"포항시와 경상북도경제진흥원은 포항시 소재 소상공인 및 중소기업의 디지털 전환 및 온라인 시장 경쟁력 강화 지원을 위해 아래와 같이 「AI라이브커머스 지원사업」을 추진하오니 희망하시는 기업은 기한 내 신청하여 주시기 바랍니다.
☞ 포항시 소재 중ㆍ소상공인 중 라이브커머스 및 온라인 판로 확대를 희망하는 통신판매업신고증 보유 기업
☞ AI 쇼호스트 활용 라이브커머스 방송 제작 및 판매 지원
※ 1개사 기준 5회, 총 100시간 정도 방송 지원",판로/수출,경상북도경제진흥원,경상북도,중소기업,중소기업,,,,,,,온라인,2026-06-08,2026-06-30,,이메일 접수 (jhrin5199@gepa.kr),이메일 접수 (jhrin5199@gepa.kr),https://www.bizinfo.go.kr/sii/siia/selectSIIA200Detail.do?pblancId=PBLN_000000000122957,main,primary,경북포항시2026년ai라이브커머스지원기업모집공고온라인판로지원사업,경상북도경제진흥원,2026-06-08~2026-06-30,내수,온라인
biz,PBLN_000000000122956,[경북] 2026년 3차 automechanika Frankfurt 공동관 참가기업 추가모집 공고(2026년 자동차 부품전 경북 공동관 참가 지원사업),"경상북도와 경상북도경제진흥원은 도내 자동차 부품 업체들의 해외 거래처 확대 및 브랜드 가치 강화를 위해「2026 automechanika Frankfurt 경북 공동관 참가기업」을 추가모집하오니 많은 참여 바랍니다.
☞ 도내 소재 자동차부품 제조 중소기업
- 경북도내 소재한 공장등록증 보유 중소기업
- 제조시설면적 500㎡ 미만으로 건축물대장 용도가 경북도내 소재로 공장 또는 제조업소로 명시된 기업
- 수출신고필증 내 수출대행자, 수출화주 또는 제조자가 경북소재로 표기
- (모집 품목) 자동차부품(파워트레인, 외장, 미션, 인테리어, 조명, 컴프레셔, 전장, 고무), 액세서리, 유지보수제품, 정비기기 등
※ 자세한 지원대상 공고문 참조
☞ 전시회 참가에 따른 비용(전시참가ㆍ운영비)의 70% 지원
- 지원항목 : 부스 임차, 기본 장치비, 공동통역원(2명), 운송비, 디렉토리북 등재",판로/수출,경상북도경제진흥원,경상북도,중소기업,중소기업,,,,,,,해외진출,모집 완료시까지,,,이메일 접수 (kth07@gepa.kr),이메일 접수 (kth07@gepa.kr),https://www.bizinfo.go.kr/sii/siia/selectSIIA200Detail.do?pblancId=PBLN_000000000122956,main,primary,경북2026년3차automechanikafrankfurt공동관참가기업추가모집공고2026년자동차부품전경북공동관참가지원사업,경상북도경제진흥원,모집 완료시까지~,수출,해외진출
biz,PBLN_000000000122955,[서울] 2026년 서울바이오허브-기술보증기금 글로벌 진출 성장 가속 프로그램 참여기업 모집 공고,"서울특별시가 조성하고 한국과학기술연구원ㆍ고려대학교가 운영하는「서울바이오허브」에서 국내 바이오ㆍ의료 창업기업의 해외 진출 활성화를 위한「2026 서울바이오허브-기술보증기금 글로벌 진출 성장 가속 프로그램」에 참여할 기업을 모집합니다. 관심 있는 기업의 많은 참여 바랍니다.
☞ 바이오ㆍ의료분야 창업 10년 미만의 서울 소재 창업기업
☞ 해외진출 프로그램 및 금융보증상품 지원
① (서울바이오허브업단) 선정기업 기업 대상 해외 진출 전문 프로그램 지원
② (기술보증기금) 기술보증 프로그램을 신청한 2차 발표평가 합격 기업 대상 기술보증을 통한 금융지원 (Kibo-Star 밸리, 혁신스타트업 특례보증 등)",기술,한국과학기술연구원,서울특별시,창업벤처,초기창업기업,,,,,,,기술사업화/이전/지도,2026-06-04,2026-06-24,,온라인 접수(서울바이오허브),온라인 접수(서울바이오허브),https://www.bizinfo.go.kr/sii/siia/selectSIIA200Detail.do?pblancId=PBLN_000000000122955,main,primary,서울2026년서울바이오허브기술보증기금글로벌진출성장가속프로그램참여기업모집공고,한국과학기술연구원,2026-06-04~2026-06-24,기술,기술사업화/이전/지도
biz,PBLN_000000000122954,[부산] 2026년 인디게임 전시 참가기업 모집 공고(부산인디커넥트페스티벌),"부산정보산업진흥원에서는 부산지역 인디게임의 글로벌 인디게임 전시회 참가 및 홍보 지원을 위해 「부산인디커넥트페스티벌 2026」 부산지역 인디게임 전시 참가기업을 모집합니다.
☞ 사업공고일 기준 부산에 소재한 기업
- 신청일 기준 베타버전 이상으로 실제 플레이가 가능한 게임콘텐츠를 보유한 기업
☞ 게임콘텐츠 전시 및 홍보부스 구축, 전시부스 운영 및 홍보 지원
※ 자세한 지원내용 공고문 참조",판로/수출,부산정보산업진흥원,부산광역시,중소기업,중소기업,,,,,,,오프라인,2026-06-08,2026-06-19,,이메일 접수 (jhj0813@bipa.kr),이메일 접수 (jhj0813@bipa.kr),https://www.bizinfo.go.kr/sii/siia/selectSIIA200Detail.do?pblancId=PBLN_000000000122954,main,primary,부산2026년인디게임전시참가기업모집공고부산인디커넥트페스티벌,부산정보산업진흥원,2026-06-08~2026-06-19,내수,오프라인
biz,PBLN_000000000122953,[경북] 김천시 2026년 3차 중소기업 기술성장 디딤돌 사업 참가기업 추가모집 공고,"김천시와 경상북도경제진흥원에서는 지역 중소기업의 혁신 역량 강화와 기술 기반의 지속가능한 지역 산업 생태계 조성을 위해 김천시 관내 중소기업을 대상으로 ‘2026 김천시 중소기업 기술성장 디딤돌 사업’ 참가기업을 모집하오니 많은 참여 바랍니다.
☞ 김천시 소재 본사 또는 사업장이 있는 중소기업(제조업)
☞ 기술 기반 R&D 공모과제 기술개발 컨설팅(기업당 최대 7백만원) 지원
- 2026, 2027 정부과제 선정을 위한 컨설팅 지원(기획 및 발굴, 사업계획서 작성 등)",기술,경상북도경제진흥원,경상북도,중소기업,중소기업,,,,,,,기술정보제공,2026-06-08,2026-06-22,,이메일 접수 (skaekgus12@gepa.kr),이메일 접수 (skaekgus12@gepa.kr),https://www.bizinfo.go.kr/sii/siia/selectSIIA200Detail.do?pblancId=PBLN_000000000122953,main,primary,경북김천시2026년3차중소기업기술성장디딤돌사업참가기업추가모집공고,경상북도경제진흥원,2026-06-08~2026-06-22,기술,기술정보제공
biz,PBLN_000000000122952,2026년 영세 소상공인 중소금융권 금융비용 지원사업 재공고,"고금리로 어려움을 겪는 소상공인 금융부담 완화를 위해 ‘영세 소상공인 중소금융권 금융비용 지원사업’의 참여자를 다음과 같이 모집 공고합니다.
☞ ’25. 1. 1. ~ 12. 31.까지, 제2금융권에서 신규(갱신 제외)로 사업자 대출(가계대출 제외)을 받은 광주소재 개인사업자(법인사업자제외)로서 5%이상 금리로 대출을 받은 소상공인
☞ ’25년도 신규 대출자가 ’25~26년 납부한 이자 일부(최대 12개월분, 1인당 100만원 한도) 지원
※ 자세한 지원내용 공고문 참조",자금,광주경제진흥상생일자리재단,광주광역시,소상공인,소상공인,,,,,,,융자,2026-06-08,2026-11-30,,"온라인 접수 (광주기업지원시스템)
※ 온라인 신청 원칙, 온라인 신청 어려울 시 오프라인 신청 가능(방문 접수)
- 접수처 : 광주경제진흥상생일자리재단 3층 소상공인디지털전환실","온라인 접수 (광주기업지원시스템)
※ 온라인 신청 원칙, 온라인 신청 어려울 시 오프라인 신청 가능(방문 접수)
- 접수처 : 광주경제진흥상생일자리재단 3층 소상공인디지털전환실",https://www.bizinfo.go.kr/sii/siia/selectSIIA200Detail.do?pblancId=PBLN_000000000122952,main,primary,2026년영세소상공인중소금융권금융비용지원사업재공고,광주경제진흥상생일자리재단,2026-06-08~2026-11-30,금융,융자
biz,PBLN_000000000122951,[광주] 2026년 제조AI 학습용 데이터 취득 지원사업 공고,"「2026년도 광주 제조AI 학습용 데이터 취득 지원사업」의 지원계획을 다음과 같이 공고합니다.
☞ 제조 AI 도입을 계획하고 있는 지역내 중소ㆍ중견 제조기업
- (도입기업) 광주 지역 내 사업장이 위치한 제조기업 중 「중소기업 기본법」에 따른 중소기업 및 「중견기업 성장촉진 및 경쟁력 강화에 관한 특별법」에 따른 중견기업
- (공급기업) 스마트공장 구축 역량을 보유한 기업 및 협업체로서 스마트공장 사업관리시스템의 ‘공급기업 Pool’에 등록된 기업
☞ AI 학습용 양질의 데이터 확보를 위한 센서류 구매ㆍ설치 및 데이터 취득ㆍ가공 지원(향후 국비사업 연계)
※ 자세한 지원내용 공고문 참조",기술,광주테크노파크,광주광역시,중소기업,중소기업,,,,,,,기술정보제공,2026-06-15,2026-07-03,,이메일 접수 (jeongjy@gjtp.or.kr),이메일 접수 (jeongjy@gjtp.or.kr),https://www.bizinfo.go.kr/sii/siia/selectSIIA200Detail.do?pblancId=PBLN_000000000122951,main,primary,광주2026년제조ai학습용데이터취득지원사업공고,광주테크노파크,2026-06-15~2026-07-03,기술,기술정보제공
biz,PBLN_000000000122950,[부산] 2026년 도쿄게임쇼 부산공동관 참가기업 모집 공고,"부산정보산업진흥원에서는 지역 게임콘텐츠 관련 기업의 해외 판로 개척 및 해외 네트워크 구축 지원을 위해 ‘「도쿄게임쇼 2026」부산공동관’ 참가기업을 모집합니다.
☞ 사업공고일 기준 본사 소재지가 부산에 위치한 게임콘텐츠 관련 기업
☞ 부스 임차 및 설치 지원, 홍보물, 전담 통역 인력 등 지원
※ 자세한 지원내용 공고문 참조",판로/수출,부산정보산업진흥원,부산광역시,중소기업,중소기업,,,,,,,해외진출,2026-06-08,2026-06-19,,이메일 접수 (bgc@bipa.kr),이메일 접수 (bgc@bipa.kr),https://www.bizinfo.go.kr/sii/siia/selectSIIA200Detail.do?pblancId=PBLN_000000000122950,main,primary,부산2026년도쿄게임쇼부산공동관참가기업모집공고,부산정보산업진흥원,2026-06-08~2026-06-19,수출,해외진출
biz,PBLN_000000000122949,[경기] 군포시 2026년 해외전시회 참가기업 지원사업 모집 공고,"도내 중소기업의 수출판로 개척을 위해 해외전시회 참가비 및 전시마케팅 교육을 지원하는 「2026 전시회 참가기업 지원사업(해외)」을 추진하오니 많은 신청 바랍니다.
☞ 26.1.1. ~ 26.11.30. 개최 해외전시회 개별 참가기업
- 본사 또는 공장이 경기도 군포시에 소재한 제조 중소기업
- 중소기업기본법 제2조에 의한 중소기업
- 24년도 수출금액 2,000만불 이하 기업 (수출액이 0불인 기업도 신청가능)
※ 연내(~12월) 정산을 위해 12월 개최 전시회는 비대상(단, 개막일이 11월인 경우 가능)
☞ 기업당 최대 750만원 내 사후 실비지원, 사전ㆍ사후 컨설팅/교육 지원
- 해외전시회 직접비용 (2026.1.1 ~ 11.30 내에 개최되는 전시회에 한함) : 부스 임차료, 부스 장치비
- 전시품 해상/항공 편도(한국에서 해외로의) 운송비용 : 1CBM 이내 (150만원 한도)
- 전시회 현지 주최사 제공 마케팅 서비스 비용 (온/오프라인 모두 해당 : 주최사 공식 홈페이지 광고 게재, 현장 바이어매칭 서비스 등
※ 의무사항 : (교육) 연 1회 이상 참여 필수, (성과관리) 연 2회 이상 성과 취합(설문) 참여 필수",판로/수출,기초자치단체,경기도,중소기업,중소기업,,,,,,,해외진출,2026-06-08,2026-06-29,,"이메일 접수 (gbesc@kintex.com)
※ 메일 제목에 기업명과 “군포시 해외전시회” 기재 요망","이메일 접수 (gbesc@kintex.com)
※ 메일 제목에 기업명과 “군포시 해외전시회” 기재 요망",https://www.bizinfo.go.kr/sii/siia/selectSIIA200Detail.do?pblancId=PBLN_000000000122949,main,primary,경기군포시2026년해외전시회참가기업지원사업모집공고,기초자치단체,2026-06-08~2026-06-29,수출,해외진출
biz,PBLN_000000000122948,[경기] 시흥시 2026년 소상공인 유통산업 경쟁력 강화 지원사업 동네슈퍼 공동세일전 참여점포 모집 공고,"시흥산업진흥원은 시흥시 소재 동네슈퍼 및 소형 마트를 대상으로 합동 할인 판촉전을 지원하며, 아래와 같이 참여 점포를 모집하오니 많은 관심과 참여 바랍니다.
☞ 시흥시 소재 동네슈퍼 및 소형 마트
☞ 관내 소매점 합동 할인 판촉전(인행사 품목 공동 구매 지원, 홍보물품 지원 등) 지원",판로/수출,시흥산업진흥원,경기도,소상공인,소상공인,,,,,,,오프라인,선착순 접수,,,"방문 혹은 이메일 접수
- 접수처 : 은계호수로49, 시흥센트럴돔 그랑트리캐슬 3층 3042호 소상공인 원스톱 통합지원센터
- 이메일 : hs0105@sida.kr","방문 혹은 이메일 접수
- 접수처 : 은계호수로49, 시흥센트럴돔 그랑트리캐슬 3층 3042호 소상공인 원스톱 통합지원센터
- 이메일 : hs0105@sida.kr",https://www.bizinfo.go.kr/sii/siia/selectSIIA200Detail.do?pblancId=PBLN_000000000122948,main,primary,경기시흥시2026년소상공인유통산업경쟁력강화지원사업동네슈퍼공동세일전참여점포모집공고,시흥산업진흥원,선착순 접수~,내수,오프라인
biz,PBLN_000000000122947,2026년 칠레 K-콘텐츠 엑스포 참가기업 모집 공고,"한국콘텐츠진흥원은 국내 콘텐츠기업의 해외시장 진출 및 수출 증진을 위해 다음과 같이 “2026년 칠레 K-콘텐츠 엑스포” 참가 기업을 모집하오니 관심 있는 기업의 많은 신청 바랍니다.
☞ 칠레를 중심으로 남미 권역 대상 국산 콘텐츠의 라이선싱 기획 제작 유통 및 배급 등 해외 비즈니스를 원하는 국내 기업 
- 콘텐츠 판권 등을 소유하거나 절대적 협상권을 가져 직접 수출 상담이 가능한 기업
- 대기업, 중견기업, 중소기업, 자회사, 에이전시 등 참가 가능
- 모집 장르 : 방송, 게임, 애니, 캐릭터, 웹툰 분야 
☞ 비즈니스, 홍보 마케팅, 체재비 등 지원
※ 자세한 지원내용 공고문 참조",판로/수출,한국콘텐츠진흥원,전국,중소기업,중소기업,,,,,,,해외진출준비,2026-06-08,2026-06-26,,온라인 접수(콘텐츠수출마케팅플랫폼(WelCon)),온라인 접수(콘텐츠수출마케팅플랫폼(WelCon)),https://www.bizinfo.go.kr/sii/siia/selectSIIA200Detail.do?pblancId=PBLN_000000000122947,main,primary,2026년칠레k콘텐츠엑스포참가기업모집공고,한국콘텐츠진흥원,2026-06-08~2026-06-26,수출,해외진출준비
biz,PBLN_000000000122946,제22회 강원의료기기전시회(GMES 2026) 국내ㆍ외 바이어 초청 지원사업 2차 신청 공고,"원주의료기기산업진흥원에서 전시회 기간 중 구매력 있는 바이어에 대한 초청 비용 일부를 지원함으로써 전시회 성과목표 달성 및 계약 체결 도모 등 마케팅을 지원해드리는 사업입니다.
☞ 강원의료기기전시회(GMES 2026) 참가기업
☞ 해외바이어 왕복 항공임 80% 지원(이코노미 기준) 등, 국내바이어 교통비 지원",판로/수출,원주의료기기산업진흥원,강원특별자치도,중소기업,중소기업,,,,,,,해외진출준비,2026-06-08,2026-07-10,,이메일 접수 (ljm@wmit.or.kr),이메일 접수 (ljm@wmit.or.kr),https://www.bizinfo.go.kr/sii/siia/selectSIIA200Detail.do?pblancId=PBLN_000000000122946,main,primary,제22회강원의료기기전시회gmes2026국내ㆍ외바이어초청지원사업2차신청공고,원주의료기기산업진흥원,2026-06-08~2026-07-10,수출,해외진출준비
biz,PBLN_000000000122945,[대구] 2026년 제 37회 대구컬렉션 참가 디자이너 및 패션업체 재모집 공고,"대구광역시 주최ㆍ대구경북패션사업협동조합 주관 「2026 제 37회 대구컬렉션」이 2026년 10월 개최됩니다. 국내 최장수 패션쇼 지속 개최를 통해 해외 패션 네트워킹 구축 및 지역 브랜드 육성기반 조성을 위해 추진하는 제37회 대구컬렉션에 참가할 패션 브랜드 및 디자이너를 재모집하오니 많은 신청 바랍니다.
☞ 지역 패션브랜드 및 지역 디자이너(기성, 중견, 신진)
※ 자세한 신청자격 공고문 참조
☞ 대구컬렉션 참가 지원
- 패션쇼 장소(무대), 조명, 음향시설, 모델, 헤어ㆍ메이크업 등
- 대구컬렉션 동영상 및 사진 제공
- 국내 미디어, SNS 등 홍보 마케팅 지원
- 브랜드 바이어, PRESS등 네트위킹 공간 운영(리셉션룸) / 브랜드에서 추가 사용 가능",판로/수출,대구경북패션사업협동조합,대구광역시,중소기업,중소기업,,,,,,,오프라인,2026-06-08,2026-06-19,,"이메일 접수 (jini83@fcdg.org)
※ 제목명 : “2026 대구컬렉션-업체명” 으로 발송","이메일 접수 (jini83@fcdg.org)
※ 제목명 : “2026 대구컬렉션-업체명” 으로 발송",https://www.bizinfo.go.kr/sii/siia/selectSIIA200Detail.do?pblancId=PBLN_000000000122945,main,primary,대구2026년제37회대구컬렉션참가디자이너및패션업체재모집공고,대구경북패션사업협동조합,2026-06-08~2026-06-19,내수,오프라인
biz,PBLN_000000000122944,[대구] 숙소 기반 디지털 관광안내 홍보물 제작 사업 참여 숙박업체 모집 공고,"대구광역시와 대구문화예술진흥원은 지역 숙박업소 체류 외국인 관광객에게 지역민이 일상 속에서 이용하는 자원(정보)을 관광자원(정보)으로 제공하고, 종사자와 투숙객 간 외국어 소통 어려움 해소 및 숙박객의 반복적인 유사 질문에 대한 접객원의 응대 피로를 낮추기 위해 디지털 관광안내 홍보물 제작 지원 사업을 시행하오니 많은 관심과 신청을 바랍니다.
☞ 대구광역시 관광진흥법에 따른 관광숙박업, 공중위생관리법에 따른 일반숙박업, 생활숙박시설
※ 참여 필수 조건 공고문 참조
☞ 숙박객이 QR코드 스캔 시, 숙소 주변 주요 정보를 5개 언어로 확인할 수 있는 디지털 안내 페이지 무상 제작 지원
- 숙소별 안내 페이지 제공 (제작비 및 유지관리비 무상 지원)
- 페이지 제작 완료 후 업소별 ‘QR코드 인쇄물’ 및 인쇄용 디자인파일 제공
※ 자세한 지원내용 공고문 참조",판로/수출,대구문화예술진흥원,대구광역시,중소기업,중소기업,,,,,,,홍보지원,2026-06-08,2026-06-26,,"방문 또는 이메일 접수
- 접수처 : 대구시 중구 달성로22길 31-12, 대구예술발전소 5층, 관광본부 관광진흥팀
- 이메일 : hana69@dgfca.or.kr
※ 신청서 등 1개 파일로 압축하여 제출해야 하며, 압축파일명은 신청하는 숙박업소의 이름으로 제출해야 합니다.","방문 또는 이메일 접수
- 접수처 : 대구시 중구 달성로22길 31-12, 대구예술발전소 5층, 관광본부 관광진흥팀
- 이메일 : hana69@dgfca.or.kr
※ 신청서 등 1개 파일로 압축하여 제출해야 하며, 압축파일명은 신청하는 숙박업소의 이름으로 제출해야 합니다.",https://www.bizinfo.go.kr/sii/siia/selectSIIA200Detail.do?pblancId=PBLN_000000000122944,main,primary,대구숙소기반디지털관광안내홍보물제작사업참여숙박업체모집공고,대구문화예술진흥원,2026-06-08~2026-06-26,내수,홍보지원
biz,PBLN_000000000122943,[전남] 2026년 E-모빌리티 레이저 기술활용 제조장비 기반 고도화 사업 기업지원 모집 공고,"E-모빌리티 핵심 품목 제조 장비와 품질 관리 시스템의 기반구축 및 제품 개발을 위하여 산업통상자원부, 전라남도, 장성군이 지원하는 「E-모빌리티 레이저 기술활용 제조장비 기반 고도화 사업 기업지원사업」을 다음과 같이 공고하오니 연관 기업들의 많은 참여 바랍니다.
☞ 공고일 현재, 본사나 공장이 전남도에 소재하는 E-모빌리티 산업 관련 제조업 기반 중소기업
☞ 2개분야 4개 프로그램, 90,000천원 지원
- (기술지원) 시제품제작, 기술지도, 인증지원
- (사업화지원) 제품 판로개척 
※ 자세한 지원내용 공고문 참조",기술,전남테크노파크,전라남도,중소기업,중소기업,,,,,,,기술사업화/이전/지도,2026-06-09,2026-06-30,,"온라인 접수 (전남테크노파크)
※ 모든 제출서류는 원본이 아닐 시, 원본대조필 필히 날인하며, 순서대로 정리하여 제출","온라인 접수 (전남테크노파크)
※ 모든 제출서류는 원본이 아닐 시, 원본대조필 필히 날인하며, 순서대로 정리하여 제출",https://www.bizinfo.go.kr/sii/siia/selectSIIA200Detail.do?pblancId=PBLN_000000000122943,main,primary,전남2026년e모빌리티레이저기술활용제조장비기반고도화사업기업지원모집공고,전남테크노파크,2026-06-09~2026-06-30,기술,기술사업화/이전/지도
biz,PBLN_000000000122942,[세종] 조달청 다수공급자계약(MAS) 활용 컨설팅 지원사업 공고,"세종특별자치시 소재 중소기업의 공공납품 기회 확대를 위한 「조달청 다수공급자계약(MAS) 활용 컨설팅 지원사업」을 다음과 같이 공고하니, 동 사업에 참여하고자 하는 기업은 소정의 신청서를 세종상공회의소로 제출하여 주시기 바랍니다.
☞ 세종특별자치시에 본사 또는 공장이 소재한 중소기업
※ 단, 직접생산증명서, 공장등록증 등 제조 및 생산을 증명 가능한 기업에 한함
☞ 조달청 다수공급자계약 제도를 활용한 나라장터 종합 쇼핑몰 제품 등록 컨설팅 지원
- 지원대상 업체로 선정시200만원 상당의 MAS등록 컨설팅비 지원
- 기업당 1개품명, 10개 품목 내외 컨설팅 지원
- 기존 다수공급자계약 체결기업 지원가능(추가 물품등록계약컨설팅가능)",경영,세종상공회의소,세종특별자치시,중소기업,중소기업,,,,,,,컨설팅,선착순 접수,,,"이메일 접수 (sejongcci001@naver.com)
※ 신청서를 제출한 후 전화로 접수확인 하시기 바랍니다.","이메일 접수 (sejongcci001@naver.com)
※ 신청서를 제출한 후 전화로 접수확인 하시기 바랍니다.",https://www.bizinfo.go.kr/sii/siia/selectSIIA200Detail.do?pblancId=PBLN_000000000122942,main,primary,세종조달청다수공급자계약mas활용컨설팅지원사업공고,세종상공회의소,선착순 접수~,경영,컨설팅
biz,PBLN_000000000122941,[경북] 2026년 인공지능 거점센터 운영 사업 참여 기업 모집 공고,"오늘날 AI 대전환(AX, AI Transformation)이 산업 전반의 핵심 동력으로 부상하고 있으나, 기업 현장에서는 전문 인력 부족, 데이터 확보 어려움 등 구조적 제약으로 AI 도입에 난항을 겪고 있습니다. 이에 포항공과대학교 인공지능연구원은 세계적 수준의 연구 역량과 첨단 인프라를 지역 사회에 개방ㆍ공유하여 경북 지역 중소ㆍ벤처기업의 AI 대전환을 실질적으로 지원하고자「2026년 경상북도 인공지능 거점센터 운영 사업」참여기업을 다음과 같이 모집하오니, 역량 있는 지역 기업의 많은 신청 바랍니다.
☞  경상북도 내 소재하며, AI 기술의 연구개발(R&D) 및 현장 적용을 통해 AX 혁신을 이루고자 하는 중소ㆍ벤처기업
☞ 기업 수요 맞춤형 AX 핵심기술 공동연구개발 (R&D), 지역기업 대상 AI 전문가 컨설팅 및 기술자문 지원
- 기업 수요 맞춤형 AX 핵심기술 공동연구개발 (R&D) : 포스텍 AI연구원과 지역 기업이 공동 기술개발팀을 구성하여 기업 현장의 애로기술을 해결하고 핵심 알고리즘을 개발
- 지역기업 대상 AI 전문가 컨설팅 및 기술자문 : AI 도입 및 전환(AX)에 어려움을 겪는 기업을 대상으로 교수, 전문연구원 등으로 구성된 전문가 1:1 매칭 기술지도와 포스텍 보유 인프라를 지원",기술,포스텍인공지능연구원,경상북도,중소기업,중소기업,,,,,,,기술사업화/이전/지도,2026-06-08,2026-06-19,,이메일 접수 (eeunji@postech.ac.kr),이메일 접수 (eeunji@postech.ac.kr),https://www.bizinfo.go.kr/sii/siia/selectSIIA200Detail.do?pblancId=PBLN_000000000122941,main,primary,경북2026년인공지능거점센터운영사업참여기업모집공고,포스텍인공지능연구원,2026-06-08~2026-06-19,기술,기술사업화/이전/지도
biz,PBLN_000000000122940,[세종] 2026년 중소기업 ESG 경영지원 사업 참여기업 모집 공고,"세종상공회의소에서는 세종시 중소ㆍ중견기업의 ESG경영 역량강화를 위한 「2026년 중소기업 ESG 경영 지원사업」의 참여기업 모집을 위해 다음과 같이 공고하오니, 동 사업에 참여하고자 하는 기업은 소정의 신청서를 세종상공회의소로 제출하여 주시기 바랍니다.
☞ 세종특별자치시에 본사 또는 공장이 소재한 중소ㆍ중견기업
☞ ESG 일반 컨설팅, ESG 심화 컨설팅 지원
- (ESG 일반컨설팅) 현장방문(3회 이상)을 통한 정밀진단 및 주요 개선과제 컨설팅
- (ESG 심화컨설팅) 현장방문을 통한 기업별 ESG 시급 과제 맞춤형 지원(택1)
※ 자세한 지원내용 공고문 참조",경영,세종상공회의소,세종특별자치시,중소기업,중소기업,,,,,,,컨설팅,2026-06-08,2026-06-23,,"이메일 접수 (sejongcci001@naver.com)
※ 신청서를 제출한 후 전화(070-7780-2439)로 접수확인 하시기 바랍니다.","이메일 접수 (sejongcci001@naver.com)
※ 신청서를 제출한 후 전화(070-7780-2439)로 접수확인 하시기 바랍니다.",https://www.bizinfo.go.kr/sii/siia/selectSIIA200Detail.do?pblancId=PBLN_000000000122940,main,primary,세종2026년중소기업esg경영지원사업참여기업모집공고,세종상공회의소,2026-06-08~2026-06-23,경영,컨설팅
biz,PBLN_000000000122939,[경북] 포항시 2026년 3차 지식재산 긴급지원 사업 모집 공고,"지역 중소기업에 맞춤형 지식재산 서비스를 지원하는 ‘지식재산 긴급지원’ 사업의 2026년 시행 계획을 다음과 같이 공고하오니 사업에 참여하고자 하는 기업의 많은 신청 바랍니다.
☞ 본사가 포항에 소재한 중소기업(「중소기업 기본법」 제2조 및 동법 시행령 제3조에 의거)
☞ 기업 당 2,000만원 이내 지원
- 지식재산 전문가의 IP현안 진단을 통해 컨설턴트 직접컨설팅을 제공하고, 외부기관(분야별 전문기관)과 함께 국내맞춤 특허ㆍ디자인전략, 디자인ㆍ브랜드개발, 특허기술홍보영상제작, 국내ㆍ해외출원비용 등을 지원
※ 자세한 지원내용 공고문 참조",기술,경북지식재산센터,경상북도,중소기업,중소기업,,,,,,,시험/인증,2026-06-05,2026-06-19,,온라인 접수 (지원기업 사업관리시스템),온라인 접수 (지원기업 사업관리시스템),https://www.bizinfo.go.kr/sii/siia/selectSIIA200Detail.do?pblancId=PBLN_000000000122939,main,primary,경북포항시2026년3차지식재산긴급지원사업모집공고,경북지식재산센터,2026-06-05~2026-06-19,기술,시험/인증
biz,PBLN_000000000122938,"[전남] 2026년 중앙아시아(우즈베키스탄, 몽골) 시장개척단 파견 참가기업 모집 공고","우리 도에서는 글로벌 경기 침체에 대응하여 도내 중소기업의 수출 판로를 다변화하고 중앙아시아 시장진출을 지원하고자, 「2026 중앙아시아(우즈베키스탄, 몽골) 시장개척단」 파견 계획을 다음과 같이 공고하오니 역량 있는 기업들의 많은 참여 바랍니다.
☞ 전남ㆍ광주 제품을 제조ㆍ생산ㆍ유통하는 전남ㆍ광주 소재 중소기업
☞ 바이어 발굴, 유통망 입점, 상담장 임차, 통역, 항공료(50%, 80만원 한도) 지원",판로/수출,KOTRA광주전남지원본부,전라남도,중소기업,중소기업,,,,,,,해외진출,2026-06-08,2026-07-10,,"온라인 및 이메일 접수
- 온라인 : 전라남도 수출정보망
- 이메일 : johanna@kotra.or.kr, jhlnsm@korea.kr
※ 온라인, 이메일 둘 다 필수 접수
※ 신청서에 기재된 선정심사위원 반드시 투표할 것","온라인 및 이메일 접수
- 온라인 : 전라남도 수출정보망
- 이메일 : johanna@kotra.or.kr, jhlnsm@korea.kr
※ 온라인, 이메일 둘 다 필수 접수
※ 신청서에 기재된 선정심사위원 반드시 투표할 것",https://www.bizinfo.go.kr/sii/siia/selectSIIA200Detail.do?pblancId=PBLN_000000000122938,main,primary,전남2026년중앙아시아우즈베키스탄몽골시장개척단파견참가기업모집공고,kotra광주전남지원본부,2026-06-08~2026-07-10,수출,해외진출
biz,PBLN_000000000122937,[경북] 2026년 3차 지식재산 긴급지원 사업 모집 공고,"지역 중소기업에 맞춤형 지식재산 서비스를 지원하는 ‘지식재산 긴급지원’ 사업의 2026년 시행 계획을 다음과 같이 공고하오니 사업에 참여하고자 하는 기업의 많은 신청 바랍니다.
☞ 본사가 포항, 경주, 영천, 경산, 영덕, 청도, 울진, 울릉 지역에 소재한 중소기업(「중소기업 기본법」 제2조 및 동법 시행령 제3조에 의거)
☞ 기업 당 2,000만원 이내 지원
- 지식재산 전문가의 IP현안 진단을 통해 컨설턴트 직접컨설팅을 제공하고, 외부기관(분야별 전문기관)과 함께 국내맞춤 특허ㆍ디자인전략, 디자인ㆍ브랜드개발, 특허기술홍보영상제작, 국내ㆍ해외출원비용 등을 지원
※ 자세한 지원내용 공고문 참조",기술,경북지식재산센터,경상북도,중소기업,중소기업,,,,,,,시험/인증,2026-06-05,2026-06-19,,온라인 접수 (지원기업 사업관리시스템),온라인 접수 (지원기업 사업관리시스템),https://www.bizinfo.go.kr/sii/siia/selectSIIA200Detail.do?pblancId=PBLN_000000000122937,main,primary,경북2026년3차지식재산긴급지원사업모집공고,경북지식재산센터,2026-06-05~2026-06-19,기술,시험/인증
biz,PBLN_000000000122936,2026년 3차 과학기술분야 R&D 대체인력 활용 지원사업 모집 공고,"과학기술분야 일ㆍ가정 양립지원 제도 활용 촉진을 위하여 2026년 3차「과학기술분야 R&D 대체인력 활용 지원사업」모집 공고를 실시합니다.
☞ 과학기술분야 연구기관
- (트랙1) 출산,육아 등의 사유로 3개월 이상 휴직자 또는 단축근무자가 있는 과학기술분야 연구기관
- (트랙2) 육아기 연구자의 유연근무를 위해 추가 연구인력채용이 필요한 과학기술분야 연구기관
☞ 대체인력 인건비, 인턴연구원 인건비, 박사연구원 인건비 지원
※ 자세한 지원내용 공고문 참조",인력/일자리,한국여성과학기술인육성재단,전국,중소기업,중소기업,,,,,,,고용유지,2026-06-04,2026-07-13,,"온라인 또는 이메일 접수
※ 수도권(강원), 충청권, 영남권, 호남ㆍ제주권 등 4개 권역별 접수처 상이(공고문 9p 참조)","온라인 또는 이메일 접수
※ 수도권(강원), 충청권, 영남권, 호남ㆍ제주권 등 4개 권역별 접수처 상이(공고문 9p 참조)",https://www.bizinfo.go.kr/sii/siia/selectSIIA200Detail.do?pblancId=PBLN_000000000122936,main,primary,2026년3차과학기술분야rd대체인력활용지원사업모집공고,한국여성과학기술인육성재단,2026-06-04~2026-07-13,인력,고용유지
biz,PBLN_000000000122935,"[전남] 2026년 동유럽(불가리아, 헝가리) 시장개척단 파견 참가기업 모집 공고","우리 도에서는 글로벌 경기 침체에 대응하여 도내 중소기업의 수출 판로를 다변화하고 동유럽 시장진출을 지원하고자, 「2026 동유럽(불가리아, 헝가리) 시장개척단」 파견 계획을 다음과 같이 공고하오니 역량 있는 기업들의 많은 참여 바랍니다.
☞ 전남ㆍ광주 제품을 제조ㆍ생산ㆍ유통하는 전남ㆍ광주 소재 중소기업
☞ 바이어 발굴, 상담장 임차, 통역, 항공료(50%, 100만원 한도) 지원",판로/수출,KOTRA광주전남지원본부,전라남도,중소기업,중소기업,,,,,,,시장개척,2026-06-08,2026-07-31,,"온라인 및 이메일 접수
- 온라인 : 전라남도 수출정보망
- 이메일 : johanna@kotra.or.kr, jhlnsm@korea.kr
※ 온라인, 이메일 둘 다 필수 접수
※ 신청서에 기재된 선정심사위원 반드시 투표할 것","온라인 및 이메일 접수
- 온라인 : 전라남도 수출정보망
- 이메일 : johanna@kotra.or.kr, jhlnsm@korea.kr
※ 온라인, 이메일 둘 다 필수 접수
※ 신청서에 기재된 선정심사위원 반드시 투표할 것",https://www.bizinfo.go.kr/sii/siia/selectSIIA200Detail.do?pblancId=PBLN_000000000122935,main,primary,전남2026년동유럽불가리아헝가리시장개척단파견참가기업모집공고,kotra광주전남지원본부,2026-06-08~2026-07-31,수출,시장개척
biz,PBLN_000000000122934,[제주] 2026년 3차 지식재산 긴급지원 사업 모집 공고,"지역 중소기업에 맞춤형 지식재산 서비스를 지원하는 ‘지식재산 긴급지원’ 사업의 2026년 시행 계획을 다음과 같이 공고하오니 사업에 참여하고자 하는 기업의 많은 신청 바랍니다.
☞ 지역소재 중소기업 (「중소기업 기본법」 제2조 및 동법 시행령 제3조에 의거)
☞ 기업 당 2,000만원 이내 지원
- 지식재산 전문가의 IP현안 진단을 통해 컨설턴트 직접컨설팅을 제공하고, 외부기관(분야별 전문기관)과 함께 특허맵(국내),국내ㆍ해외출원비용 등을 지원
※ 자세한 지원내용 공고문 참조",기술,제주지식재산센터,제주특별자치도,중소기업,중소기업,,,,,,,시험/인증,2026-06-05,2026-06-22,,온라인 접수 (지원기업 사업관리시스템),온라인 접수 (지원기업 사업관리시스템),https://www.bizinfo.go.kr/sii/siia/selectSIIA200Detail.do?pblancId=PBLN_000000000122934,main,primary,제주2026년3차지식재산긴급지원사업모집공고,제주지식재산센터,2026-06-05~2026-06-22,기술,시험/인증
biz,PBLN_000000000122933,[대구] 2026년 3차 지식재산 긴급지원(중소기업 IP바로지원) 사업 모집 공고,"지역 중소기업에 맞춤형 지식재산 서비스를 지원하는 ‘지식재산 긴급지원’ 사업의 2026년 시행 계획을 다음과 같이 공고하오니 사업에 참여하고자 하는 기업의 많은 신청 바랍니다.
☞ 지역소재 중소기업 (「중소기업 기본법」 제2조 및 동법 시행령 제3조에 의거)
※ 달서구 소재 기업만 특허맵, 홍보영상, 신규브랜드, 포장디자인개발 신청가능
※ 출원비용신청기업은 대구시 소재 모든기업 신청가능
☞ 기업 당 2,000만원 이내 지원
- 지식재산 전문가의 IP현안 진단을 통해 컨설턴트 직접컨설팅을 제공하고, 외부기관(분야별 전문기관)과 함께 국내맞춤 특허ㆍ디자인전략, 디자인ㆍ브랜드개발, 특허기술홍보영상제작, 국내ㆍ해외출원비용 등을 지원
※ 자세한 지원내용 공고문 참조",기술,대구지식재산센터,대구광역시,중소기업,중소기업,,,,,,,시험/인증,2026-06-08,2026-06-19,,온라인 접수 (지원기업 사업관리시스템),온라인 접수 (지원기업 사업관리시스템),https://www.bizinfo.go.kr/sii/siia/selectSIIA200Detail.do?pblancId=PBLN_000000000122933,main,primary,대구2026년3차지식재산긴급지원중소기업ip바로지원사업모집공고,대구지식재산센터,2026-06-08~2026-06-19,기술,시험/인증
biz,PBLN_000000000122932,[경남] 서부 2026년 3차 지자체맞춤형IP지원사업 모집 공고,"지역 중소기업에 맞춤형 서비스를 지원하는 ‘지자체맞춤형IP지원’ 사업의 2026년 시행 계획을 다음과 같이 공고하오니 사업에 참여하고자 하는 기업의 많은 신청 바랍니다.
☞ 통영시, 사천시, 남해군, 하동군, 산청군, 함양군, 거창군, 합천군 소재 중소기업 (「중소기업 기본법」 제2조 및 동법 시행령 제3조에 의거)
☞ 기업당 2,000만원 이내 지원
- 지역센터 컨설턴트의 기업 애로사항 컨설팅 또는 협력기관과 컨소시엄을 구성하여 (반응형)홈페이지 구축, SNS홍보영상 제작, LIVE커머스, 국내출원 비용 등을 지원
※ 자세한 지원내용 공고문 참조",판로/수출,경남서부지식재산센터,경상남도,중소기업,중소기업,,,,,,,홍보지원,2026-06-08,2026-06-26,,온라인 접수 (지원기업 사업관리시스템),온라인 접수 (지원기업 사업관리시스템),https://www.bizinfo.go.kr/sii/siia/selectSIIA200Detail.do?pblancId=PBLN_000000000122932,main,primary,경남서부2026년3차지자체맞춤형ip지원사업모집공고,경남서부지식재산센터,2026-06-08~2026-06-26,내수,홍보지원
biz,PBLN_000000000122931,[전북] 2026년 화학물질 환경안전(ESH) 패키지 지원사업 시행계획 및 ESH 컨설팅 참여사업장 추가 모집 공고,"「2026년 화학물질 환경안전(ESH) 패키지 지원사업」 시행계획을 다음과 같이 공고하오니, 동 사업에 참여하고자 하는 기업은 사업 안내에 따라 신청하시기 바랍니다.
☞ 산업단지 내 화학물질 취급 사업장(중소ㆍ중견기업)
☞ ESH 컨설팅, 시설개선, ESG 교육 지원
- ESH 컨설팅 : 현장 유해요인 진단 및 맞춤형 개선방안 제시, 재점검을 통해 개선사항 이행 여부 확인 등 지속 관리 지원
- 시설개선 :  화학ㆍ안전사고 예방을 위한 시설개선 중점 지원
- ESH 교육 : 법정 의무교육 이수 및 화학물질 특성화 교육 지원",경영,전북산학융합원,전북특별자치도,중소기업,중소기업,,,,,,,컨설팅,2026-06-08,2026-06-30,,이메일 접수 (seongho3707@jiuc.or.kr),이메일 접수 (seongho3707@jiuc.or.kr),https://www.bizinfo.go.kr/sii/siia/selectSIIA200Detail.do?pblancId=PBLN_000000000122931,main,primary,전북2026년화학물질환경안전esh패키지지원사업시행계획및esh컨설팅참여사업장추가모집공고,전북산학융합원,2026-06-08~2026-06-30,경영,컨설팅
biz,PBLN_000000000122930,[경남] 서부 2026년 3차 지식재산 긴급지원 사업 모집 공고,"지역 중소기업에 맞춤형 지식재산 서비스를 지원하는 ‘지식재산 긴급지원’ 사업의 2026년 시행 계획을 다음과 같이 공고하오니 사업에 참여하고자 하는 기업의 많은 신청 바랍니다.
☞ 사천시, 남해군, 하동군, 산청군, 함양군, 합천군 소재 중소기업 (「중소기업 기본법」 제2조 및 동법 시행령 제3조에 의거)
☞ 기업 당 2,000만원 이내 지원
- 지식재산 전문가의 IP현안 진단을 통해 컨설턴트 직접컨설팅을 제공하고, 외부기관(분야별 전문기관)과 함께 특허ㆍ디자인맵(국내), 디자인ㆍ브랜드개발, 해외출원비용 등을 지원
※ 자세한 지원내용 공고문 참조",기술,경남서부지식재산센터,경상남도,중소기업,중소기업,,,,,,,시험/인증,2026-06-08,2026-06-26,,온라인 접수 (지원기업 사업관리시스템),온라인 접수 (지원기업 사업관리시스템),https://www.bizinfo.go.kr/sii/siia/selectSIIA200Detail.do?pblancId=PBLN_000000000122930,main,primary,경남서부2026년3차지식재산긴급지원사업모집공고,경남서부지식재산센터,2026-06-08~2026-06-26,기술,시험/인증
biz,PBLN_000000000122929,[경북] 2026년 내일은 디자인 컨설턴트 지원사업 수혜기업 모집 공고,"경상북도 출신 디자인 전문인력과 디자인 개발 애로사항을 겪고 있는 기업을 매칭하여 제품의 품질 개선 및 판매촉진을 위한 디자인 개발을 다음과 같이 지원하고자 하오니 많은 관심과 참여를 바랍니다.
☞ 사업자등록증 기준 경상북도 소재 디자인 인력이 필요한 기업
☞ 품질 개선 및 판매촉진을 위한 디자인 개발 및 지재권 출원 지원",경영,디자인정책연구원,경상북도,중소기업,중소기업,,,,,,,디자인/상품화/사업화,2026-06-15,2026-06-19,,"우편 또는 이메일 접수
- 접수처 : (41952) 대구광역시 중구 동덕로8길 20-9, 3층(대봉동) 사단법인 디자인정책연구원
- 이메일 :  dps3399@naver.com","우편 또는 이메일 접수
- 접수처 : (41952) 대구광역시 중구 동덕로8길 20-9, 3층(대봉동) 사단법인 디자인정책연구원
- 이메일 :  dps3399@naver.com",https://www.bizinfo.go.kr/sii/siia/selectSIIA200Detail.do?pblancId=PBLN_000000000122929,main,primary,경북2026년내일은디자인컨설턴트지원사업수혜기업모집공고,디자인정책연구원,2026-06-15~2026-06-19,경영,디자인/상품화/사업화
biz,PBLN_000000000122928,[경북] 2026년 에너지특화기업 사업화 지원(3차년) 추가모집 공고(에너지산업융복합단지 활성화 지원사업),"기후에너지환경부와 경상북도 및 (재)포항테크노파크는 지역 에너지특화기업 대상 맞춤형 서비스 제공 및 기술 사업화 기반 확보를 위한 ‘에너지특화기업 사업화 지원’에 참여할 기업을 아래와 같이 추가모집하오니 많은 관심과 참여 바랍니다.
☞「에너지산업융복합단지의 지정 및 육성에 관한 특별법 제14조 에너지특화기업의 지정」관련하여 산업통상자원부가 지정한 경상북도 에너지 특화기업
☞ 사업화(시제품 제작), 고부가 가치화(지식재산권 획득) 기업당 최대 3,100만원 한도 지원",기술,포항테크노파크,경상북도,중소기업,중소기업,,,,,,,기술사업화/이전/지도,2026-06-08,2026-06-19,,온라인 접수 (포항테크노파크),온라인 접수 (포항테크노파크),https://www.bizinfo.go.kr/sii/siia/selectSIIA200Detail.do?pblancId=PBLN_000000000122928,main,primary,경북2026년에너지특화기업사업화지원3차년추가모집공고에너지산업융복합단지활성화지원사업,포항테크노파크,2026-06-08~2026-06-19,기술,기술사업화/이전/지도
biz,PBLN_000000000122927,[대전] 2026년 하반기  우주산업 혁신 기반 조성사업 지원기업 모집 공고,"대전광역시「2026년 우주산업 혁신 기반 조성사업」의 주관기관인 대전테크노파크에서는지역 내 우주산업의 선도적 혁신기반 조성과 우주 기업 육성을 통한 신산업 창출 및 일자리 증대를 위하여 관련 기업을 대상으로 아래와 같이 지원대상을 모집 하고자 합니다.
☞ 대전 소재 우주ㆍ항공산업 관련 완제품(아이템)을 보유하고 있거나 개발중인 중소기업
※ 중소기업 : 중소기업기본법 제2조 및 같은 법 시행령 제3조(중소기업 범위)
※ 사업공고 마감일 전까지 대전으로 이전 확정 예정인 중소기업도 신청 가능
☞ IP-R&D 과제 기획보고서 작성시 필요한 정보제공 및 컨설팅 지원(최대 2,000만원)",기술,대전테크노파크,대전광역시,중소기업,중소기업,,,,,,,기술사업화/이전/지도,2026-06-01,2026-06-12,,"온라인 접수(대전기업정보포털(DIPS))
※ 신청완료 후 온라인 접수증 출력하여 이메일 제출(ky8495@djtp.or.kr)","온라인 접수(대전기업정보포털(DIPS))
※ 신청완료 후 온라인 접수증 출력하여 이메일 제출(ky8495@djtp.or.kr)",https://www.bizinfo.go.kr/sii/siia/selectSIIA200Detail.do?pblancId=PBLN_000000000122927,main,primary,대전2026년하반기우주산업혁신기반조성사업지원기업모집공고,대전테크노파크,2026-06-01~2026-06-12,기술,기술사업화/이전/지도
biz,PBLN_000000000122926,"[부산] 2026년 2차 지역주력산업육성(지역특화 프로젝트 레전드 50+) 지원모집 공고(1.0 부산, 친환경에너지)","중소벤처기업부와 부산광역시가 추진하는 지역특화 프로젝트「레전드 50+」참여기업 대상 주력산업 기업지원 프로그램을 안내하오니, 해당 프로그램에 참여를 희망하는 프로젝트 참여기업의 많은 신청 바랍니다.
☞ 부산 지역특화 프로젝트「레전드 50+」1.0 참여기업
- 접수마감일 현재 부산소재 본사, 사무소, 공장, 연구소 중 1개 이상 보유한 친환경에너지기술 관련 중소ㆍ중견 기업
☞ 제품 고급화, 장비, 인증 및 특허, 마케팅 지원(기업당 최대 40백만원)
※ 자세한 지원내용 공고문 참조",기술,부산테크노파크,부산광역시,중소기업,중소기업,,,,,,,기술사업화/이전/지도,2026-06-15,2026-06-19,,온라인 접수 (기업지원사업 관리시스템),온라인 접수 (기업지원사업 관리시스템),https://www.bizinfo.go.kr/sii/siia/selectSIIA200Detail.do?pblancId=PBLN_000000000122926,main,primary,부산2026년2차지역주력산업육성지역특화프로젝트레전드50지원모집공고10부산친환경에너지,부산테크노파크,2026-06-15~2026-06-19,기술,기술사업화/이전/지도
biz,PBLN_000000000122925,[부산] 2026년 3차 고령친화산업 육성 지원사업 기업지원 참여기업 모집 추가 공고,"부산지역 내 고령친화산업 관련 기업의 기술 경쟁력 강화 및 시장 선점을 위하여「고령친화산업 육성 지원사업」의 일환으로 기업지원을 실시하고자 하오니, 관심 있는 기업의 많은 참여 바랍니다.
☞ 고령친화산업 등 연관분야 관련 제품 개발 및 생산하는 기업
- 부산시 내에 사업장 (본사, 공장, 연구소, 지사)을 보유한 기업으로 공고일 기준 영업활동을 하고 있는 법인 또는 개인사업자
☞ 기술 지원
- 사용성평가 운영 지원(제품 기준 정성적 사용성평가, 사용자 참가비 및 전문가 평가비, 지표항목 및 시나리오 개발 등)
※ 자세한 지원내용 공고문 참조",기술,부산테크노파크,부산광역시,중소기업,중소기업,,,,,,,시험/인증,2026-06-01,2026-06-12,,이메일 접수 (ljh@btp.or.kr),이메일 접수 (ljh@btp.or.kr),https://www.bizinfo.go.kr/sii/siia/selectSIIA200Detail.do?pblancId=PBLN_000000000122925,main,primary,부산2026년3차고령친화산업육성지원사업기업지원참여기업모집추가공고,부산테크노파크,2026-06-01~2026-06-12,기술,시험/인증
biz,PBLN_000000000122924,대전형 3D프린팅 산업 활성화 지원사업 공고,"(재)대전테크노파크에서는 2026년 진행되는「대전형 3D프린팅 산업 활성화 지원사업」과 관련하여 대전지역 관련기업을 대상으로 3D프린팅 활용기술 기업지원 사업을 아래와 같이 공고하오니 많은 관심과 참여 부탁드립니다.
☞ 대전에 소재한 기업 또는 사업기간 내 타지역에서 대전이전 예정 기업
- (3D프린팅 제조기업) 자사 3D프린팅 장비 실증 역량 보유기업
☞ 국방 분야 국산 3D프린팅 장비 기술 실증 지원(기업당 30백만원 이내)",기술,대전테크노파크,대전광역시,중소기업,중소기업,,,,,,,시험/인증,2026-06-02,2026-06-15,,온라인 접수(대전테크노파크 사업정보관리시스템),온라인 접수(대전테크노파크 사업정보관리시스템),https://www.bizinfo.go.kr/sii/siia/selectSIIA200Detail.do?pblancId=PBLN_000000000122924,main,primary,대전형3d프린팅산업활성화지원사업공고,대전테크노파크,2026-06-02~2026-06-15,기술,시험/인증
biz,PBLN_000000000122923,[대전] 2026년 K-방산 생태계 활성화 및 강소기업 맞춤형 패키지 지원사업 대한민국국제방위산업전(KADEX 2026) 대전관(기업공동홍보관) 참여기업 모집 공고,"(재)대전테크노파크에서는 대전 방위산업 육성 및 지역 내 중소기업의 국내ㆍ외시장 진출 확대를 위해「대한민국 국제방위산업전(KADEX 2026)에서 대전관(기업공동홍보관)」을 운영하고자 참여기업을 다음과 같이 모집합니다.
☞ 대전 소재 방위산업 전후방 분야 중소기업
- 전시분야 : 정보, 지휘통제ㆍ통신, 기동, 화력, 방호, 지원, 우주ㆍ항공 전장 혁신 등 일체
- 전시테마 : 피지컬 AI기반 자율 및 유ㆍ무인복합전투체계, 초연결네트워크&지능형 지휘통제, 장거리 정밀 타격 & 작전지속, 드론 및 대드론 체계, 스마트병영 및 공간력 혁신 등
☞ 대전관(기업공동홍보관) 내 전시 지원",기술,대전테크노파크,대전광역시,중소기업,중소기업,,,,,,,기술사업화/이전/지도,2026-06-08,2026-06-19,,온라인 접수(대전기업정보포털),온라인 접수(대전기업정보포털),https://www.bizinfo.go.kr/sii/siia/selectSIIA200Detail.do?pblancId=PBLN_000000000122923,main,primary,대전2026년k방산생태계활성화및강소기업맞춤형패키지지원사업대한민국국제방위산업전kadex2026대전관기업공동홍보관참여기업모집공고,대전테크노파크,2026-06-08~2026-06-19,기술,기술사업화/이전/지도
biz,PBLN_000000000122922,2026년 UAE 두바이 정보통신 전시회(GITEX Global 2026) 한국관 참가기업 모집 공고,"KOTRA는 2026년 12월 8일 ~ 12월 11일 (4일간) UAE 두바이에서 개최되는 ‘2026 UAE 두바이 정보통신 전시회(GITEX Global 2026)’ 한국관 참가기업을 아래와 같이 모집하오니 관심 기업의 많은 신청 바랍니다.
☞ 2026 UAE 두바이 정보통신 전시회 참가를 희망하는 기업
- 전시품목 : AI, IoT, 사이버보안, 로보틱스, 스마트 제조 등 정보통신 기술 관련 품목
☞ 부스임차료와 장치비의 50% 이내, 운송비 167kg 편도 100%, 한국관 디렉토리 제작비 100%, 행정, 마케팅 및 홍보, 전시회 현장 지원",판로/수출,대한무역투자진흥공사,전국,중소기업,중소기업,,,,,,,해외진출,2026-06-08,2026-06-26,,"아래 3가지 신청을 모두 완료해야 최종 신청 완료로 간주
① KOTRA 무역투자24 또는 글로벌전시플랫폼 온라인 신청 
② 참가신청 서류 이메일 제출(doeunk@kotra.or.kr)
③ 참가 신청금 납부","아래 3가지 신청을 모두 완료해야 최종 신청 완료로 간주
① KOTRA 무역투자24 또는 글로벌전시플랫폼 온라인 신청 
② 참가신청 서류 이메일 제출(doeunk@kotra.or.kr)
③ 참가 신청금 납부",https://www.bizinfo.go.kr/sii/siia/selectSIIA200Detail.do?pblancId=PBLN_000000000122922,main,primary,2026년uae두바이정보통신전시회gitexglobal2026한국관참가기업모집공고,대한무역투자진흥공사,2026-06-08~2026-06-26,수출,해외진출
biz,PBLN_000000000122921,[대전] 2026년 K-방산 생태계 활성화 및 강소기업 맞춤형 패키지 지원사업 IAMSEC 2026 (국제 육군 M&S학술 컨퍼런스) 전시참가 지원기업 모집 공고,"(재)대전테크노파크에서는 지역의 방위산업 육성과 방산 기술 및 제품을 보유한 대전 소재 중소기업의 시장진출 기회를 제공을 위해「IAMSEC 2026 (국제 육군M&S학술 컨퍼런스 및 전시회)」전시참가 지원기업을 다음과 같이 모집합니다.
☞ 대전 소재 방위산업 관련 중소ㆍ벤처기업(8社 내외)
☞ 전시참가비 지원(1기업당 1,700천원 이내)",기술,대전테크노파크,대전광역시,중소기업,중소기업,,,,,,,기술사업화/이전/지도,2026-06-08,2026-06-19,,온라인 접수(대전기업정보포털),온라인 접수(대전기업정보포털),https://www.bizinfo.go.kr/sii/siia/selectSIIA200Detail.do?pblancId=PBLN_000000000122921,main,primary,대전2026년k방산생태계활성화및강소기업맞춤형패키지지원사업iamsec2026국제육군ms학술컨퍼런스전시참가지원기업모집공고,대전테크노파크,2026-06-08~2026-06-19,기술,기술사업화/이전/지도
biz,PBLN_000000000122920,2027년 미국 라스베가스 소비재전자 전시회(CES) Eureka Park(혁신기업관) 및 Global Pavilion(국가관) 통합한국관 참가기업 모집 공고,"KOTRA는 2027년 1월 6일(수)~9일(토) 미국 라스베가스에서 개최되는 2027년 미국 라스베가스 소비재전자 전시회(CES) 통합한국관 참가기업을 아래와 같이 모집하오니 관심 있는기업의 많은 신청 바랍니다.
☞ 2027 미국 라스베가스 소비재 전자 전시회 참가를 희망하는 기업
- Eureka Park(혁신기업관) : 회사는 설립 후 5년 이내(2022년 설립부터 가능), 투자 단계는 프리시드(Pre-seed), 시리즈 A 또는 시리즈 B 단계
- Global Pavilion(국가관) : 소비재전자 분야 자체 브랜드 완제품(OEM. ODM 불가)
- 주요품목 : AI, 디지털 헬스, 모빌리티, IoT, 스마트 홈, ARㆍVR 등
※ 자세한 지원대상 공고문 참조
☞ 부스 임차료 및 장치비의 70%, 운송비 1CBM 편도 100%, 한국관 디렉토리 및 쇼가이드 제작 100%, 행정, 마케팅 및 홍보, 현장 지원",판로/수출,대한무역투자진흥공사,전국,중소기업,중소기업,,,,,,,해외진출,2026-06-08,2026-06-26,,온라인 접수 (무역투자24),온라인 접수 (무역투자24),https://www.bizinfo.go.kr/sii/siia/selectSIIA200Detail.do?pblancId=PBLN_000000000122920,main,primary,2027년미국라스베가스소비재전자전시회ceseurekapark혁신기업관및globalpavilion국가관통합한국관참가기업모집공고,대한무역투자진흥공사,2026-06-08~2026-06-26,수출,해외진출
biz,PBLN_000000000122919,2026년 스마트도시 특화단지 조성사업 스마트도시 알파-부스트 지원사업 공고,"AI+α 기술로 도시를 혁신하고 어반테크기업 성장을 지원하는 미래형 실증도시 모델 구축을 위하여 국토교통부와 대구광역시에서 추진하는「스마트도시 특화단지 조성사업」의 2026년 스마트도시「알파-부스트」지원사업을 다음과 같이 공고합니다.
☞ 스마트도시 서비스 및 개발 역량을 보유한 국내 법인사업자
- 스마트인프라(AI 컴퓨팅, 데이터허브, 5G, IoT 등)를 활용한 도시서비스 및 공공서비스(로봇 / 모빌리티 / 지능형 관제 / 안전 서비스 및 솔루션 등)
☞ 기업 성장단계와 기업활동 전반(상용화, 실증, 마케팅)에 걸친 원스톱 맞춤형 솔루션 ‘알파-부스트(Alpha-Boost)' 패키지 지원
- 상용화 지원, 실증 지원, 마케팅 지원
※ 자세한 지원내용 공고문 참조",기술,대구테크노파크,국토교통부,중소기업,중소기업,,,,,,,기술사업화/이전/지도,2026-06-09,2026-07-08,,온라인 접수 (대구테크노파크),온라인 접수 (대구테크노파크),https://www.bizinfo.go.kr/sii/siia/selectSIIA200Detail.do?pblancId=PBLN_000000000122919,main,primary,2026년스마트도시특화단지조성사업스마트도시알파부스트지원사업공고,대구테크노파크,2026-06-09~2026-07-08,기술,기술사업화/이전/지도
biz,PBLN_000000000122918,[서울] 2026년 스타트업 ESG경영 진단 컨설팅 지원사업 참여기업 모집 공고,"서울창업허브 성수는 스타트업의 ESG 경영 내재화를 통해 기업의 지속가능성을 제고 및 경쟁력 강화에 기여하고자 합니다. 이에 ESG 컨설팅 기업 대신경제연구소와 함께「2026 스타트업 ESG 경영 진단 컨설팅 참여기업 모집」을 공고와 같이 추진하고자 하오니 많은 신청 바랍니다.
☞ 서울소재 창업 7년 미만 스타트업 (신산업창업분야는 창업10년 이내 창업기업)
☞ ESG경영 진단 컨설팅 및 교육 제공, ESG경영 진단 결과 보고서 제공 및 안내, 진단 컨설팅 참여 완료 기업을 위한 참여 확인서 발급 지원",경영,서울경제진흥원,서울특별시,창업벤처,"스타트업,초기창업기업",,,,,,,컨설팅,2026-05-14,2026-06-12,,온라인 접수(서울경제진흥원),온라인 접수(서울경제진흥원),https://www.bizinfo.go.kr/sii/siia/selectSIIA200Detail.do?pblancId=PBLN_000000000122918,main,primary,서울2026년스타트업esg경영진단컨설팅지원사업참여기업모집공고,서울경제진흥원,2026-05-14~2026-06-12,경영,컨설팅
biz,PBLN_000000000122917,[대전] 2026년 베트남 K-브랜드 박람회(MEGA-US EXPO 2026) 참여기업 모집 공고,"대전테크노파크에서는 수출기업의 베트남(호치민) 시장 판로개척 등 해외시장 진출을 지원하기 위해 베트남 K-브랜드 박람회(MEGA-US EXPO 2026) 를 운영하고자 하오니 참여를 희망하는 대전지역 수출유망기업의 많은 신청 바랍니다.
☞ 대전 내 본사 소재 기업, 대전 주력산업 분야 한국표준산업분류코드(KSIC)가 왼쪽부터 4자리까지 일치하는 업종코드 보유기업을 대상으로 지원
※ 자세한 지원대상 공고문 참조
☞ 기업당 7백만원 이내 지원
- 기업당 1부스, 통역, 홍보 자료 제작, 비즈니스 활동 지원 등
※ 자세한 지원내용 공고문 참조",판로/수출,대전테크노파크,대전광역시,중소기업,중소기업,,,,,,,해외진출,2026-05-26,2026-06-12,,온라인 접수 (DIPS 대전기업정보포털),온라인 접수 (DIPS 대전기업정보포털),https://www.bizinfo.go.kr/sii/siia/selectSIIA200Detail.do?pblancId=PBLN_000000000122917,main,primary,대전2026년베트남k브랜드박람회megausexpo2026참여기업모집공고,대전테크노파크,2026-05-26~2026-06-12,수출,해외진출
biz,PBLN_000000000122916,2026년 대전 지역혁신클러스터육성(비R&D) 이전기업 수요맞춤형 사업화 종합지원 모집 공고,"대전지역혁신클러스터 혁신기업 대상(별첨 참조) 사업화 역량 강화를 위한 수요맞춤형 사업화 종합지원사업과 관련하여 관심 있는 기업들의 많은 참여와 신청 바랍니다.
☞ 2023년 이후 대전지역혁신클러스터 입주 기업, 대전지역혁신클러스터 특화분야(스마트안전) 해당 기업
- 수행기간 내(~11월 13일) 사업화 종합지원사업 완료가 가능한 기업
※ 사업기간 내 대전 지역혁신클러스터로 이전 예정인 특화분야(스마트안전) 해당기업
☞ 기업당 최대 55,000천원 한도 내 지원
- 시제품 제작, 기술지도 및 생산공정 개선, 성능시험ㆍ인증, 특허출원, 기술이전, 장비활용, AIㆍ디지털전환(AX) 전략, 마케팅, 전시회 참가 등 지원
※ 자세한 지원내용 공고문 참조",기술,대전테크노파크,대전광역시,중소기업,중소기업,,,,,,,기술사업화/이전/지도,2026-05-27,2026-06-17,,온라인 접수 (DIPS 대전기업정보포털),온라인 접수 (DIPS 대전기업정보포털),https://www.bizinfo.go.kr/sii/siia/selectSIIA200Detail.do?pblancId=PBLN_000000000122916,main,primary,2026년대전지역혁신클러스터육성비rd이전기업수요맞춤형사업화종합지원모집공고,대전테크노파크,2026-05-27~2026-06-17,기술,기술사업화/이전/지도
biz,PBLN_000000000122915,2026년 1차 경기 스타트업 서밋 Invest Connect 참가기업 모집 공고,"우수한 스타트업의 글로벌 투자유치 기회 마련 및 국내외 투자사, 대ㆍ중견기업과의 성공적인 비즈니스 밋업을 지원하기 위한 “2026 경기 스타트업 서밋 Invest Connect” 1차 참가기업을 모집하오니 역량있는 스타트업의 많은 참여를 바랍니다.
☞ 공고일 기준 참가분야 업력 7년 이내 스타트업(신산업 분야 10년 이내)
- 참가분야 : AIㆍ로봇ㆍ반도체ㆍ바이오ㆍ기후테크ㆍ기타(신산업)
☞ Invest Connect 참가, G-SUMMIT 부스 참가기업 선정 우대, 국내외 투자사 및 대ㆍ중견기업 밋업 우선 매칭, 역량 강화 프로그램 제공, 우수기업(G-Leaders) 선정 우대 등 지원",경영,경기도경제과학진흥원,경기도,창업벤처,"스타트업,초기창업기업",,,,,,,디자인/상품화/사업화,2026-05-26,2026-06-12,,온라인 접수(경기스타트업플랫폼),온라인 접수(경기스타트업플랫폼),https://www.bizinfo.go.kr/sii/siia/selectSIIA200Detail.do?pblancId=PBLN_000000000122915,main,primary,2026년1차경기스타트업서밋investconnect참가기업모집공고,경기도경제과학진흥원,2026-05-26~2026-06-12,경영,디자인/상품화/사업화
biz,PBLN_000000000122914,[경북] 2026년 거점기관 개방형혁신사업 장비 및 인프라 활용 모집 공고,"지역내 산ㆍ학ㆍ연ㆍ공 혁신 생태계를 조성하여 지역산업의 경쟁력을 강화하고자, 산업통상부, 경상북도 및 김천시가 지원하는「2026년 거점기관 개방형혁신사업」장비 및 인프라활용 부문에 대한 수혜기업을 다음과 같이 보집하오니, 동 사업에 참여를 희망하는 기업의 많은 신청 바랍니다.
☞ 경북 국가혁신융복합단지에 소재한 미래모빌리티부품분야(전기차, 자율주행차, 드론, 마이크로 모빌리티, 도심항공교통, 서비스 등 전ㆍ후방 산업 포함) 관련 창업 및 중소ㆍ중견기업(본사, 공장, 연구소 등)
☞ OpenLAB 인프라, 장비 활용 무상 지원",기술,경북테크노파크,경상북도,중소기업,중소기업,,,,,,,기술인력/장비지원,2026-06-05,2026-11-30,,이메일 접수(mins@gbtp.or.kr),이메일 접수(mins@gbtp.or.kr),https://www.bizinfo.go.kr/sii/siia/selectSIIA200Detail.do?pblancId=PBLN_000000000122914,main,primary,경북2026년거점기관개방형혁신사업장비및인프라활용모집공고,경북테크노파크,2026-06-05~2026-11-30,기술,기술인력/장비지원
biz,PBLN_000000000122913,[서울] 2026년 3차 소상공인ㆍ워라밸 포인트제 기업 민간 아이돌봄서비스 참여자 모집 공고,"서울시에서는 출산ㆍ육아에 어려움을 겪고 있는 소상공인 및 워라밸 포인트제 기업을 대상으로 민간 아이돌봄서비스 지원 사업을 추진하고자 합니다. 이에 다음과 같이 참여자를 모집하오니 많은 신청 바랍니다.
☞ 서울 소재 소상공인 및 워라밸 포인트제 기업(진입형ㆍ성장형ㆍ선도형) 상시근로자 중 3개월~12세 이하 아동 양육자(최대 2자녀까지 지원)
① 영업지(또는 근무지)와 거주지 주소가 모두 서울 소재
② 신청인(부 또는 모)과 자녀가 주민등록상 동일 주소지 거주 
③ 자녀의 출생년도는 2013. 3. 1.부터 2025. 12. 31. 사이에 해당
☞ 주간 돌봄서비스(등하원 동행, 돌봄 후 뒷정리 등), 심야 돌봄서비스(식사 및 간식 챙겨주기, 수면ㆍ야간 생활 관리 등) 지원
- 자녀 최대 2명 지원(1자녀 최대 360만원, 2자녀 최대 540만원)",인력/일자리,서울시여성가족재단,서울특별시,중소기업,"소상공인,중소기업",,,,,,,고용환경개선,2026-06-10,2026-06-24,,온라인 접수(탄생육아 몽땅정보통),온라인 접수(탄생육아 몽땅정보통),https://www.bizinfo.go.kr/sii/siia/selectSIIA200Detail.do?pblancId=PBLN_000000000122913,main,primary,서울2026년3차소상공인ㆍ워라밸포인트제기업민간아이돌봄서비스참여자모집공고,서울시여성가족재단,2026-06-10~2026-06-24,인력,고용환경개선
biz,PBLN_000000000122912,[부산] 2026년 부산화장품뷰티 페스티벌 참여기업 추가 모집 공고,"부산광역시와 (재)부산테크노파크는 지역 화장품뷰티 제품을 홍보하고 새로운 시장을 개척하여 글로벌 시장에서의 B-뷰티 브랜드를 확산하고자 ‘2026 부산화장품 페스티벌’을 추진하오니 기업들의 많은 신청 바랍니다.
☞ 본사 또는 주된 사업장 소재지가 부산광역시인 화장품 제조 또는 전문판매업을 영위하고 있는 중소기업 
☞ 지역 화장품뷰티산업 분야 기업ㆍ기관ㆍ대학ㆍ단체 등 전시ㆍ홍보부스 및 상담회 지원",경영,부산테크노파크,부산광역시,중소기업,중소기업,,,,,,,디자인/상품화/사업화,2026-06-09,2026-06-16,,이메일 접수 (djeou86@btp.or.kr),이메일 접수 (djeou86@btp.or.kr),https://www.bizinfo.go.kr/sii/siia/selectSIIA200Detail.do?pblancId=PBLN_000000000122912,main,primary,부산2026년부산화장품뷰티페스티벌참여기업추가모집공고,부산테크노파크,2026-06-09~2026-06-16,경영,디자인/상품화/사업화
biz,PBLN_000000000122911,2026년 C4IR Korea 멤버십 프로그램 참가기업 추가 모집 공고,"경기도와 세계경제포럼(World Economic Forum, WEF)이 협력해 설립한 경기도 4차산업혁명센터(C4IR Korea)에서는 국내 전략 산업 분야 초기ㆍ성장 단계 스타트업의 글로벌 진출을 지원하기 위해 WEF 협력 기반 글로벌 네트워크 참여 및 역량 강화를 지원하는「2026년 C4IR Korea 멤버십 프로그램」참여기업을 모집하오니, 관심 있는 기업의 많은 참여 바랍니다.
☞ 누적투자 실적 10억원 내외 초기ㆍ성장 단계 유망 기업
- 공고일 기준 국내에 소재지를 둔 초기ㆍ성장 단계 유망 분야 법인 기업
- 누적 투자액 약 10억원 내외 또는 투자 수준에 상응하는 기술력ㆍ사업성을 보유한 기업
- 전략산업 분야 및 유망산업 관련 기술 또는 서비스를 보유한 기업
※ 유망 산업 : AIㆍ반도체, 스마트제조, 기후, 바이오, 거브테크, 환경 등
- 초기ㆍ성장 단계 기업으로 글로벌 진출 의지 및 잠재력을 보유한 기업
- 프로그램 참여 및 후속 연계 활동 수행이 가능한 기업
☞ 기업 액셀러레이팅(기업진단), 네트워킹(센터 주최 행사 및 국내외 행사), 홍보ㆍ마케팅 지원
※ 자세한 지원내용 공고문 참조",창업,경기도경제과학진흥원,경기도,창업벤처,초기창업기업,,,,,,,사업화지원,2026-06-08,2026-06-30,,이메일 접수 (c4irkorea@gbsa.or.kr),이메일 접수 (c4irkorea@gbsa.or.kr),https://www.bizinfo.go.kr/sii/siia/selectSIIA200Detail.do?pblancId=PBLN_000000000122911,main,primary,2026년c4irkorea멤버십프로그램참가기업추가모집공고,경기도경제과학진흥원,2026-06-08~2026-06-30,창업,사업화지원
biz,PBLN_000000000122910,2026년 글로벌 밸류체인 진출을 위한 미래차 혁신성장 기술지원사업 공고(시험평가지원),"산업통상부와 부산광역시가 지원하고,（재)부산테크노파크, 부산자동차부품공업협동조합이 연계하여 주관하는 수출주도 미래차산업 혁신성장 기술지원(비R&D)사업「글로벌 밸류체인 진출을 위한 미래차 혁신성장 기술지원사업(2단계 1년차)」을 통해 미래차부품 관련 기업지원을 위한 세부 과제를 아래와 같이 공고하오니, 관련 기업의 많은 참여 바랍니다.
☞ 미래차부품 관련 기업
☞ 지원기관 보유 장비를 활용하여 제품 개발을 위한 사전시험, 인증을 위한 시험평가 등 지원",기술,부산테크노파크,부산광역시,중소기업,중소기업,,,,,,,기술사업화/이전/지도,2026-06-02,2026-10-30,,"이메일, 우편, 방문 접수
- 접수처 : 부산 강서구 과학산단1로 60번길 30, 6동 208호 부산테크노파크 첨단주력산업단 모빌리티센터
- 이메일 : gwakhy@btp.or.kr","이메일, 우편, 방문 접수
- 접수처 : 부산 강서구 과학산단1로 60번길 30, 6동 208호 부산테크노파크 첨단주력산업단 모빌리티센터
- 이메일 : gwakhy@btp.or.kr",https://www.bizinfo.go.kr/sii/siia/selectSIIA200Detail.do?pblancId=PBLN_000000000122910,main,primary,2026년글로벌밸류체인진출을위한미래차혁신성장기술지원사업공고시험평가지원,부산테크노파크,2026-06-02~2026-10-30,기술,기술사업화/이전/지도
biz,PBLN_000000000122909,[경기] 2026년 차세대 반도체 패키징 산업전 공동관 참가기업 모집 공고,"첨단 반도체 패키징 산업 동향을 파악하고, 참가기업의 네트워크 활동 기반 조성 등 반도체 패키징 기업 육성을 위한「2026 차세대 반도체 패키징 산업전」경기도 공동관을 운영하고자 합니다. 공동관에 함께 참여하고 싶은 기업은 다음과 같이 신청하여 주시기 바랍니다.
☞ 공고일 현재, 사업자등록증상 경기도에 소재 반도체 기업 
☞ 산업전 부스 제공 지원
- 구조물(블럭시스템, 바닥마감), 전기조명(HQI lamp, 콘센트, 전력 등), 3D 로고(회사 사인), 실사 그래픽, 미팅테이블, 바스툴 지원",기술,차세대융합기술연구원,경기도,중소기업,중소기업,,,,,,,기술사업화/이전/지도,2026-05-21,2026-06-11,,"온라인, 이메일 접수
- 온라인 : 차세대융합기술연구원
- 이메일 : cho77@snu.ac.kr
※ 홈페이지에 첨부서류 용량초과시 참가신청파일은 홈페이지에 접수하고, 기타서류는 상기이메일로 송신","온라인, 이메일 접수
- 온라인 : 차세대융합기술연구원
- 이메일 : cho77@snu.ac.kr
※ 홈페이지에 첨부서류 용량초과시 참가신청파일은 홈페이지에 접수하고, 기타서류는 상기이메일로 송신",https://www.bizinfo.go.kr/sii/siia/selectSIIA200Detail.do?pblancId=PBLN_000000000122909,main,primary,경기2026년차세대반도체패키징산업전공동관참가기업모집공고,차세대융합기술연구원,2026-05-21~2026-06-11,기술,기술사업화/이전/지도
biz,PBLN_000000000122908,2026년 WoW! 메이커스 글로벌 프론티어 베트남 참여기업 모집 공고(메이커스페이스 운영사업),"수원대학교 메이커스페이스(WoW!메이커스)에서는 베트남 바이어 연계를 통한 우수제품 베트남 시장 진출지원을 다음과 같이 공고하오니 참여를 희망하는 기업은 신청하여 주시기 바랍니다.
☞ 글로벌 진출 희망하는 업력 7년 미만의 제조기업 (SW기업 제외)
☞ 글로벌 역량진단, 시장진출 멘토링, 자료 제작, 바이어 사전 매칭 및 심층 멘토링, 현지탐방, 현지유통 연계 지원
※ 자세한 지원내용 공고문 참조",판로/수출,수원대학교,경기도,창업벤처,초기창업기업,,,,,,,시장개척,2026-06-08,2026-06-23,,이메일 접수 (makerspace@suwon.ac.kr),이메일 접수 (makerspace@suwon.ac.kr),https://www.bizinfo.go.kr/sii/siia/selectSIIA200Detail.do?pblancId=PBLN_000000000122908,main,primary,2026년wow메이커스글로벌프론티어베트남참여기업모집공고메이커스페이스운영사업,수원대학교,2026-06-08~2026-06-23,수출,시장개척
biz,PBLN_000000000122907,[세종] 2026년 디지털 콘텐츠 산업 규제개혁 어드바이저 참여기업 모집 공고(SW융합클러스터2.0(특화산업 강화)),"세종테크노파크에서는 세종지역 디지털 콘텐츠 및 ICT/SW 분야 기업 성장을 위한 규제샌드박스 컨설팅 지원 참여기업을 모집하고자 하오니, 관심있는 지역 내 기업들의 많은 참여 바랍니다. 
☞ 세종지역 소재 디지털 콘텐츠 관련 기업 중, 규제샌드박스 제도를 이용하고자 하는 기업
※ 사업자등록상 소재지(본사, 지사, 연구소 등)가 세종으로 표기된 경우 지원 가능
※ 자세한 지원대상 공고문 참조
☞ 1개사당 최대 5회 이내 컨설팅 지원
- 규제샌드박스 컨설팅 사전 검토, 규제샌드박스 법률 전문가 컨설팅, 규제샌드박스 신청서 작성 컨설팅 등 지원
※ 자세한 지원내용 공고문 참조",경영,세종테크노파크,세종특별자치시,중소기업,중소기업,,,,,,,컨설팅,예산 소진시까지,,,"이메일 접수 (minu1005@sjtp.or.kr)
※ 이메일 접수 후 필히 유선으로 접수완료 확인","이메일 접수 (minu1005@sjtp.or.kr)
※ 이메일 접수 후 필히 유선으로 접수완료 확인",https://www.bizinfo.go.kr/sii/siia/selectSIIA200Detail.do?pblancId=PBLN_000000000122907,main,primary,세종2026년디지털콘텐츠산업규제개혁어드바이저참여기업모집공고sw융합클러스터20특화산업강화,세종테크노파크,예산 소진시까지~,경영,컨설팅
biz,PBLN_000000000122906,[부산ㆍ울산ㆍ경남] 2026년 부ㆍ울ㆍ경 3T(Together Towards Tomorrow) 협력 파트너십 참여기업 모집 공고,"부산경영자총협회에서는 고용노동부와 부산광역시ㆍ울산광역시ㆍ경상남도가 지원하는 2026년 광역이음프로젝트의 일환으로 부산ㆍ울산ㆍ경남 소재 기계ㆍ조선ㆍ자동차 기업의 상호협력체계 구축을 지원하여 역내 공급망 강화, 공동 연구개발, 판로 확대, 산업전환 지원, 글로벌 진출 등으로 지속 가능한 성장 기반 마련을 위하여「부ㆍ울ㆍ경 3T(Together Towards Tomorrow) 협력 파트너십 지원사업」을 다음과 같이 공고합니다.
☞ 사업자등록증상 부산ㆍ울산ㆍ경남 소재 기계ㆍ조선ㆍ자동차 업종 기업
- 한국표준산업분류표상의 분류 코드의 기준에 따른 제조업
- 사업자등록증상 부산ㆍ울산ㆍ경남에 소재한 5인 이상 중소ㆍ중견기업(본사, 지사 각각 별도 사업자등록증 기준으로 확인)
※ 자세한 지원대상 공고문 참조
☞ 협력 프로젝트 수행 및 신규 채용 시 1인당 1,500만원 지원
- 기업별 최대 4,500만원, 프로젝트 당 최대 6,000만원
※ 자세한 지원내용 공고문 참조",기술,부산경영자총협회,경상남도,중소기업,중소기업,,,,,,,기술사업화/이전/지도,예산 소진시까지,,,이메일 접수 (cnt@bsef.kr),이메일 접수 (cnt@bsef.kr),https://www.bizinfo.go.kr/sii/siia/selectSIIA200Detail.do?pblancId=PBLN_000000000122906,main,primary,부산ㆍ울산ㆍ경남2026년부ㆍ울ㆍ경3ttogethertowardstomorrow협력파트너십참여기업모집공고,부산경영자총협회,예산 소진시까지~,기술,기술사업화/이전/지도
biz,PBLN_000000000122905,[세종] 2026년 2차 지역주력산업육성(지역특화 프로젝트 레전드 50+ 1.0) 지원모집 공고(세종 사이버보안),"중소벤처기업부가 추진하는 지역특화 프로젝트 「레전드 50+ 1.0」 참여기업 대상 주력산업 기업지원 프로그램을 안내하오니, 해당 프로그램에 참여를 희망하는 참여기업의 많은 신청 바랍니다.
☞ 지역특화 프로젝트 레전드50+ 1.0에 선정된 참여기업
※ 지역특화 프로젝트 「레전드 50+ 1.0(사이버보안)」 참여기업 선정확인서 보유기업
※ 자세한 지원대상 공고문 참조
☞ 제품고급화(제품 업그레이드, 시제품 제작, 시헙/평가, 인증 및 컨설팅), 마케팅ㆍ역량강화(디자인/브랜드, 전시회 참가, 온라인 마케팅, 오프라인 마케팅) 지원
- 기업당 최대 29,720천원 지원
※ 자세한 지원내용 공고문 참조",기술,세종테크노파크,세종특별자치시,중소기업,중소기업,,,,,,,기술사업화/이전/지도,2026-06-05,2026-06-12,,온라인 접수 (기업지원사업 관리시스템),온라인 접수 (기업지원사업 관리시스템),https://www.bizinfo.go.kr/sii/siia/selectSIIA200Detail.do?pblancId=PBLN_000000000122905,main,primary,세종2026년2차지역주력산업육성지역특화프로젝트레전드5010지원모집공고세종사이버보안,세종테크노파크,2026-06-05~2026-06-12,기술,기술사업화/이전/지도
biz,PBLN_000000000122904,2026년 AI 서비스 개발ㆍ확산 지원사업 모집 공고(동대구벤처밸리 AI테크포트 구축),"과학기술정보통신부, 한국지능정보사회진흥원 및 대구광역시가 지원하는 「동대구벤처밸리 AI테크포트 구축」 사업의 일환으로 추진되는 「2026년 AI 서비스 개발ㆍ확산 지원사업」에 참여할 예비창업자 및 참여기업을 다음과 같이 모집하오니 많은 관심과 신청 바랍니다.
☞ 예비창업자, 공고일 기준 창업 3년 이내 대구지역 중소기업 및 공고일 기준 창업 4년 이상 대구지역 중소기업
※ 자세한 지원대상 공고문 참조
☞ 오픈소스기반 소규모언어모델(sLLM), 검색증강생성(RAG), AI에이전트 등 AI기술을 활용한 창업아이템 및 비즈니스 모델 개발ㆍ사업화 지원
※ 자세한 지원내용 공고문 참조",경영,경북대학교 첨단정보통신융합산업기술원,대구광역시,중소기업,중소기업,,,,,,,디자인/상품화/사업화,2026-06-05,2026-06-29,,이메일 접수 (humancare@iact.or.kr),이메일 접수 (humancare@iact.or.kr),https://www.bizinfo.go.kr/sii/siia/selectSIIA200Detail.do?pblancId=PBLN_000000000122904,main,primary,2026년ai서비스개발ㆍ확산지원사업모집공고동대구벤처밸리ai테크포트구축,경북대학교첨단정보통신융합산업기술원,2026-06-05~2026-06-29,경영,디자인/상품화/사업화
biz,PBLN_000000000122903,[경기] 시흥시 2026년 시흥창업센터 스타트업 성장지원 사업 공고,"시흥산업진흥원에서는 창업 성장 단계에 있는 기업의 수요 맞춤형 지원을 통해 안정적 창업성장 기반 구축을 위한「2026년 시흥창업센터 스타트업 성장지원 사업」의 참여기업을 모집하오니, 관심 있는 지원 대상 기업들의 많은 참여 바랍니다.
☞ 관내 본사, 연구소 등 시흥시 소재 스타트업
- 성장ㆍ초기기업 : 업력 7년 이내 스타트업
※ 협약기간 내 사업자 주소지 유지 필수
※ 예비창업자는 지원 불가하며, 사업자등록증 발급일(개업일)이 공고일 이전이어야 함 
☞ 스타트업의 성장을 위한 마케팅, 지재권취득, 시제품 제작등에 소요되는 사업화 자금 지원
- (성장기업) 최대 10,000천원 한도 내 지원프로그램 구성
- (초기기업) 최대 5,000천원 한도 내 지원프로그램 구성",창업,시흥산업진흥원,경기도,창업벤처,"스타트업,초기창업기업",,,,,,,사업화지원,2026-06-05,2026-06-19,,"온라인 접수 및 이메일 접수
- 온라인
ㆍ 시흥산업진흥원 홈페이지 (www.sida.kr)
ㆍ 시흥창업센터 홈페이지 (startup.sida.kr)
- 이메일 : als10wns@sida.kr","온라인 접수 및 이메일 접수
- 온라인
ㆍ 시흥산업진흥원 홈페이지 (www.sida.kr)
ㆍ 시흥창업센터 홈페이지 (startup.sida.kr)
- 이메일 : als10wns@sida.kr",https://www.bizinfo.go.kr/sii/siia/selectSIIA200Detail.do?pblancId=PBLN_000000000122903,main,primary,경기시흥시2026년시흥창업센터스타트업성장지원사업공고,시흥산업진흥원,2026-06-05~2026-06-19,창업,사업화지원
biz,PBLN_000000000122902,[전북] 2026년 베트남 K-브랜드 EXPO(Mega-Us) 참여기업 모집 공고,"전북특별자치도와 전북테크노파크에서는 전북 지역기업 성장사다리 지원 사업(수출새싹기업 지원사업)의 일환으로 도내 수출기업의 베트남(호치민) 시장 판로개척을 지원하기 위해 베트남 K-브랜드 EXPO 2026(Mega-Us)을 운영 하고자 하오니 관심 있는 수출유망기업의 많은 참여 바랍니다.
☞ 사업자등록증 상 본사가 전북 도내 소재, 전북 주력산업 분야 KSIC코드 보유 중소기업
☞ 기업당 1부스, 통역, 비즈니스 매칭 및 상담(기업당 7백만원 이내) 지원
※ 자세한 지원내용 공고문 참조",판로/수출,전북테크노파크,전북특별자치도,중소기업,중소기업,,,,,,,해외진출,2026-05-20,2026-06-12,,온라인 접수 (기업지원사업 관리시스템),온라인 접수 (기업지원사업 관리시스템),https://www.bizinfo.go.kr/sii/siia/selectSIIA200Detail.do?pblancId=PBLN_000000000122902,main,primary,전북2026년베트남k브랜드expomegaus참여기업모집공고,전북테크노파크,2026-05-20~2026-06-12,수출,해외진출
biz,PBLN_000000000122901,2026년 2차 대경권 지역혁신클러스터육성(비R&D) 글로벌 마케팅 프로그램 수혜기업 모집 공고,"2026년도 산업통상부, 경상북도가 지원하는 대경권 지역혁신클러스터육성(비R&D) 글로벌 협력 지원 프로그램을 안내하오니, 해당 프로그램 참여를 희망하는 경북 지역혁신융복합단지 소재 기업의 많은 참여 바랍니다.
☞ ①, ② 요건에 모두 해당되는 기업
- ① 소재지 : 경북 지역혁신융복합단지 내 사업장(본사, 공장, 연구소)을 보유 중인 기업
- ② 특화산업 : 전기차ㆍ수소차ㆍ하이브리드차ㆍ드론(전기를 동력원으로 사용하는 이동수단 관련 산업 총칭) 등 이동수단 관련 핵심 부품 및 경량화 섀시 등 완성차에 탑재 가능한 부품 기술 개발 산업
※ 지원기간 내 경북 지역혁신융복합단지로 이전이나 설립을 위한 사업장 이전 예정 기업
☞ 글로벌 마케팅 지원
- 선도기업 마케팅 지원(해외 현지밀착형 수출상담 및 바이어 연계지원, 최대 5백만원)
- 온라인 수출지원(경북 AI 무역 지원센터 활용지원, 최대 5백만원)
※ 자세한 지원내용 공고문 참조",판로/수출,경북테크노파크,경상북도,중소기업,중소기업,,,,,,,해외진출,2026-06-05,2026-06-30,,온라인 접수 (경북테크노파크),온라인 접수 (경북테크노파크),https://www.bizinfo.go.kr/sii/siia/selectSIIA200Detail.do?pblancId=PBLN_000000000122901,main,primary,2026년2차대경권지역혁신클러스터육성비rd글로벌마케팅프로그램수혜기업모집공고,경북테크노파크,2026-06-05~2026-06-30,수출,해외진출
biz,PBLN_000000000122900,[경기] 2026년 수질 자동측정기기 설치운영관리비 지원사업 추가 모집 공고,"수질환경 개선 및 중소사업장의 경제적 부담 완화를 위하여「2026년 수질 자동측정기기 설치ㆍ운영관리비 지원사업」을 실시하오니, 참여를 희망하는 기업의 많은 관심과 참여를 바랍니다.
☞ 경기도 관내「중소기업기본법」 제2조 및 같은 법 시행령 제3조에 따른 중소기업으로서 각 호 중 하나 이상에 해당하는 자
※ 단, 공공기관 및 공공시설은 지원 제외
① 「물환경보전법」 38조의2 및 같은 법 시행령 제35조에 따라 수질자동측정기기를 부착하고 수질원격감시체계 관제센터로 자동측정자료를 전송해야 하는 사업장
② 부착할 의무는 없으나 수질자동측정기기를 자발적으로 부착하고 관할 기관에 부착완료 신고 후 관제센터에 연결 및 운영 중인 경우
☞ 설치비, 유지관리비 지원
※ 자세한 지원내용 공고문 참조",경영,경기대진테크노파크,경기도,중소기업,중소기업,,,,,,,시설/입지지원,예산 소진시까지,,,"우편 접수
- 접수처 : (11158) 경기도 포천시 자작로 155, (재)경기대진테크노파크 시험생산동 302호
※ 우편접수 전 담당자 메일을 통한 서류 사전 검토 가능
- 이메일 : min4003@gdtp.or.kr","우편 접수
- 접수처 : (11158) 경기도 포천시 자작로 155, (재)경기대진테크노파크 시험생산동 302호
※ 우편접수 전 담당자 메일을 통한 서류 사전 검토 가능
- 이메일 : min4003@gdtp.or.kr",https://www.bizinfo.go.kr/sii/siia/selectSIIA200Detail.do?pblancId=PBLN_000000000122900,main,primary,경기2026년수질자동측정기기설치운영관리비지원사업추가모집공고,경기대진테크노파크,예산 소진시까지~,경영,시설/입지지원
biz,PBLN_000000000122899,[경기] 하남시 2026년 사회적경제 창업캠퍼스 특성화과정 참여자 모집 공고,"하남시에서는 사회문제를 창의적으로 해결할 창업 아이디어를 보유한 사회적기업가의 창업 활동을 지원하기 위하여 「사회적경제 창업캠퍼스 특성화과정」참여자를 모집하오니 많은 관심과 신청 바랍니다.
☞ 하남시 내 사회적경제 창업을 희망하는 미창업자 / 하남시 내 사회적경제 진입을 희망하는 창업 2년 이내 개인사업자 및 법인
 - 하남시에 거주 또는 사업(법인, 개인사업자)을 운영하고 있는 자
 - 하남시 사회적경제 심화과정 교육 수료자(`24.~`26. 기간 내 교육)
※ 자세한 지원대상 공고문 참조
☞ 창업팀별 창업지원금 4,000천원, 맞춤형 전문가 멘토링, 네트워킹 지원",창업,하남시사회적경제지원센터,경기도,사회적기업,사회적기업,,,,,,,사업화지원,2026-06-05,2026-06-18,,"이메일 접수 (wodks127@korea.kr)
※ 접수 시 작성제목 예시 : 특성화과정 신청_성명","이메일 접수 (wodks127@korea.kr)
※ 접수 시 작성제목 예시 : 특성화과정 신청_성명",https://www.bizinfo.go.kr/sii/siia/selectSIIA200Detail.do?pblancId=PBLN_000000000122899,main,primary,경기하남시2026년사회적경제창업캠퍼스특성화과정참여자모집공고,하남시사회적경제지원센터,2026-06-05~2026-06-18,창업,사업화지원
biz,PBLN_000000000122898,2026년 국방기술을 활용한 창업경진대회 모집 공고,"국방기술을 활용한 사업화 아이디어 발굴 및 민간이전 활성화를 위한 「2026 국방기술을 활용한 창업경진대회」참여기업 및 참여팀 모집을 다음과 같이 공고합니다.
☞ 예비창업자, 업력 3년이내 창업기업
※ 대회 신청 기업 외 다른 사업자 보유 시 각 사업자 업력의 합이 7년 이내만 신청가능 
※ 누적 투자 유치 금액이 30억원 이하인 창업기업만 신청 가능
- 신청 분야 : 국방 분야 및 기계ㆍ소재, 전기ㆍ전자, 정보ㆍ통신, 화학, 바이오ㆍ의료,에너지ㆍ자원, 지식서비스 등 全 산업 분야
☞ 바우처 멘토링, MVP 제작비용, 올해의 K-스타트업 2026 및 모두의 창업 프로젝트 연계, 기술이전ㆍ사업화 등 지원
※ 자세한 지원내용 공고문 참조",창업,국방과학연구소,방위사업청,창업벤처,초기창업기업,,,,,,,사업화지원,2026-06-01,2026-06-30,,"온라인 접수(국방기술을 활용한 창업경진대회)
※ 온라인 접수 후, 신청서류 업로드 후 접수 완료 여부 확인 필요","온라인 접수(국방기술을 활용한 창업경진대회)
※ 온라인 접수 후, 신청서류 업로드 후 접수 완료 여부 확인 필요",https://www.bizinfo.go.kr/sii/siia/selectSIIA200Detail.do?pblancId=PBLN_000000000122898,main,primary,2026년국방기술을활용한창업경진대회모집공고,국방과학연구소,2026-06-01~2026-06-30,창업,사업화지원
biz,PBLN_000000000122897,2026년 데이터 마케팅 컨설팅 지원 사업 참여 출판사 추가 모집 공고(중소출판 도약부문 마케팅지원),"데이터 기반 출판 기획ㆍ마케팅 전략 수립 지원을 위한 「2026년 데이터 마케팅 컨설팅 지원사업」을 다음과 같이 추가 모집합니다. 출판 관계자 여러분의 많은 관심과 참여 부탁 드립니다. 
☞ 접수 마감일 기준, 창업 7년 초과 출판사 중 「중소기업기본법」에 따른 ""소기업""(평균 매출액 50억 이하) 이며 출판유통통합전산망 가입 출판사
※ 자세한 지원대상 공고문 참조
☞ 데이터 분석 전문가(업체) 통해 데이터 기반 출판 시장, 선정 출판사 주력 분야 시장, 판매ㆍ독자ㆍ도서관 데이터 등 통해 마케팅 전략방향 제시 지원",경영,한국출판문화산업진흥원,전국,창업벤처,초기창업기업,,,,,,,컨설팅,2026-06-05,2026-06-18,,"이메일 접수 (grow@kpipa.or.kr)
※ 메일제목 및 파일명_예시_2026년 데이터 마케팅 컨설팅 지원 사업_출판사명","이메일 접수 (grow@kpipa.or.kr)
※ 메일제목 및 파일명_예시_2026년 데이터 마케팅 컨설팅 지원 사업_출판사명",https://www.bizinfo.go.kr/sii/siia/selectSIIA200Detail.do?pblancId=PBLN_000000000122897,main,primary,2026년데이터마케팅컨설팅지원사업참여출판사추가모집공고중소출판도약부문마케팅지원,한국출판문화산업진흥원,2026-06-05~2026-06-18,경영,컨설팅
biz,PBLN_000000000122896,[경기] 2026년 굴뚝 자동측정기기 설치운영관리비 지원사업 추가 모집 공고,"대기환경 개선 및 중소사업장의 경제적 부담 완화를 위하여「2026년 굴뚝 자동측정기기 설치ㆍ운영관리비 지원사업」을 실시하오니, 참여를 희망하는 기업의 많은 관심과 참여를 바랍니다.
☞ 경기도 관내「중소기업기본법」 제2조 및 같은 법 시행령 제3조에 따른 중소기업으로서 각 호 중 하나 이상에 해당하는 자
※ 단, 공공기관 및 공공시설은 지원 제외
①「대기환경보전법」 제32조제1항 및 시행령 제17조에 따라 굴뚝자동측정기기를 부착하거나 운영 중인 경우
②「대기관리권역의 대기환경개선에 관한 특별법」 제17조제5항에 따라 굴뚝자동측정기기를 부착하거나 운영 중인 경우
③ 부착할 의무는 없으나 굴뚝자동측정기기를 자발적으로 부착하거나 운영 중인 경우
☞ 설치비, 유지관리비, 정도검사비 지원
※ 자세한 지원내용 공고문 참조",경영,경기대진테크노파크,경기도,중소기업,중소기업,,,,,,,시설/입지지원,예산 소진시까지,,,"우편 접수
- 접수처 : (11158) 경기도 포천시 자작로 155, (재)경기대진테크노파크 시험생산동 302호
※ 우편 접수 전 담당자 메일을 통한 서류 사전 검토 가능
- 이메일 : min4003@gdtp.or.kr","우편 접수
- 접수처 : (11158) 경기도 포천시 자작로 155, (재)경기대진테크노파크 시험생산동 302호
※ 우편 접수 전 담당자 메일을 통한 서류 사전 검토 가능
- 이메일 : min4003@gdtp.or.kr",https://www.bizinfo.go.kr/sii/siia/selectSIIA200Detail.do?pblancId=PBLN_000000000122896,main,primary,경기2026년굴뚝자동측정기기설치운영관리비지원사업추가모집공고,경기대진테크노파크,예산 소진시까지~,경영,시설/입지지원
biz,PBLN_000000000122895,2026년 2차 만화웹툰 해외진출지원 KOMICS 프랑스 참가기업 모집 공고,"만화웹툰 해외진출 기반 마련 및 수출 경쟁력 강화를 위해「2026년 만화웹툰 해외진출지원(프랑스) 참가기업 모집 공고」을 다음과 같이 공고하오니, 본 사업에 참여를 원하는 기업은 신청하여 주시기 바랍니다.
☞ 유럽 시장 진출 및 수출 확대에 대한 목적이 명확한 국내 만화ㆍ웹툰 IP 보유 기업 또는 해외(현지) 비즈니스 권한을 위임받은 에이전시
☞ 바이어 섭외, 비즈니스 매칭 등 현지 수출 상담을 위한 비즈니스, 상담 환경 조성 및 운영, 바이어 대상 온오프라인 홍보 등 지원
※ 자세한 지원내용 공고문 참조",판로/수출,한국콘텐츠진흥원,전국,중소기업,중소기업,,,,,,,해외진출,2026-06-05,2026-06-16,,온라인 접수 (콘텐츠수출마케팅플랫폼(Welcon)),온라인 접수 (콘텐츠수출마케팅플랫폼(Welcon)),https://www.bizinfo.go.kr/sii/siia/selectSIIA200Detail.do?pblancId=PBLN_000000000122895,main,primary,2026년2차만화웹툰해외진출지원komics프랑스참가기업모집공고,한국콘텐츠진흥원,2026-06-05~2026-06-16,수출,해외진출
biz,PBLN_000000000122894,2026년 인도 녹색산업 시장개척단 참가기업 모집 공고,"국내 우수 녹색산업체의 해외 진출 지원을 위한 ‘인도 녹색산업 시장 개척단’의 참가기업을 아래와 같이 모집하오니, 관심 기업의 많은 신청 바랍니다.
☞ 인도 시장진출 희망 녹색산업체
- 모집분야 : 환경산업 전 분야
- 「환경기술 및 환경산업 지원법」 제2조제3호에 따른 환경산업체
- 「기후위기 대응을 위한 탄소중립ㆍ녹색성장 기본법」 제2조제17호에 따른 녹색산업 및 정부 정책에 따른 환경 유관산업을 영위하는 사업자
☞ 비즈니스, 마케팅, 기타 지원
- 비즈니스 지원 : 전시회 한국관 부스 임차비 및 장치비, 기업별 네트워킹 공간, 현지 환경산업 동향 등 사전교육 및 정보 제공, 통역원, 현지 접촉기업 신용정보 제공
- 마케팅 지원 : 시장개척단 참가기업 통합 브로슈어 제작ㆍ배포(온라인)
- 기타 : 간담회 식사비(최소 2회), 행정사항(여행사, 운송사 주선 등)",판로/수출,한국환경산업협회,경상북도,중소기업,중소기업,,,,,,,시장개척,2026-06-04,2026-06-19,,온라인 접수 (한국환경산업협회),온라인 접수 (한국환경산업협회),https://www.bizinfo.go.kr/sii/siia/selectSIIA200Detail.do?pblancId=PBLN_000000000122894,main,primary,2026년인도녹색산업시장개척단참가기업모집공고,한국환경산업협회,2026-06-04~2026-06-19,수출,시장개척
biz,PBLN_000000000122893,2026년 세종테크밸리 첨단기업 유치 임차료 지원사업 희망기업(임차기업) 모집 수정 공고,"세종특별자치시와 세종테크노파크는 세종테크밸리 활성화 및 기업지원 인프라 강화를 위하여 아래와 같이 「첨단기업 유치 임차료 지원사업」의 희망기업을 모집하오니, 관심 있는 기업의 많은 참여 바랍니다. 
☞ 시외에서 세종테크밸리로 이전(본사) 또는 신설(공장, 연구소)을 희망하는 중소기업
- 세종테크밸리 입주대상 업종에 부합 (제1ㆍ2종 근린생활시설은 제외)
- (업종) 세종시 미래전략산업(5+1) 분야 기업
※ 최종 선정 기업은 세종시 내 본사 또는 사업장(공장 및 연구소)에 대한 사업자등록 필수
☞ 사무실 임차료(지원한도 최대 20백만원 이내(연간), 최초 선정일 부터 최대 지원기간 24개월 까지), 사무실 조성 공사비(지원한도 5백만원 이내, 최초 1개월 내 1회)지원",경영,세종테크노파크,세종특별자치시,중소기업,중소기업,,,,,,,시설/입지지원,모집 완료시,,,"이메일 접수 (smes@sjtp.or.kr)
※ 제출완료 후 확인전화 필수(누락방지)","이메일 접수 (smes@sjtp.or.kr)
※ 제출완료 후 확인전화 필수(누락방지)",https://www.bizinfo.go.kr/sii/siia/selectSIIA200Detail.do?pblancId=PBLN_000000000122893,main,primary,2026년세종테크밸리첨단기업유치임차료지원사업희망기업임차기업모집수정공고,세종테크노파크,모집 완료시~,경영,시설/입지지원
biz,PBLN_000000000122892,[인천] 2026년 바이오플러스 인터펙스 코리아 바이오산업 홍보관 참가기업 모집 연장 공고,"인천광역시와 인천테크노파크는 인천 바이오 특화단지 활성화를 위해  인천광역시 소재 바이오ㆍ헬스 기업을 대상으로「바이오 인터펙스 코리아 2026」인천 바이오산업 홍보관에 참여할 기업을 모집합니다. 전시회 참가를 희망하는 기업은 많은 관심 및 참여 바랍니다.
☞ 인천광역시 소재(본사, 공장, 기술연구소 등) 바이오ㆍ헬스 분야 관련 기술을 보유한 기업
※ 생명공학 및 의ㆍ약학 기술을 인체에 적용하여 질병의 예방, 진단, 치료를 도모하는 고부가가치 미래 첨단 산업
☞ 바이오플러스 인터펙스 코리아 2026 전시 참가 지원
- (부스참가) 참가기업 부스 공간 제공(담당자 상주 必)
- (파트너링 제공) 오프라인 파트너링 기회 제공
- (티켓 제공) 기업별 컨퍼런스 티켓 등",판로/수출,인천테크노파크,인천광역시,장애인기업,기타,,,,,,,오프라인,2026-06-04,2026-06-18,,온라인 접수(BizOK),온라인 접수(BizOK),https://www.bizinfo.go.kr/sii/siia/selectSIIA200Detail.do?pblancId=PBLN_000000000122892,main,primary,인천2026년바이오플러스인터펙스코리아바이오산업홍보관참가기업모집연장공고,인천테크노파크,2026-06-04~2026-06-18,내수,오프라인
biz,PBLN_000000000122891,2026년 2차 전력정보화 및 정책지원사업(신재생에너지 분야) 신규지원 대상과제 공고,"2026년도 2차 전력정보화 및 정책지원사업(신재생에너지 분야)의 신규지원 대상과제를 다음과 같이 공고하오니, 참여를 희망하는 기관은 신청하여 주시기 바랍니다.
☞「국가연구개발혁신법」,「산업기술혁신촉진법」및 동법 시행령에서 정한 기관, 또는「산업기술혁신사업 공통운영요령」제3조 각호의 개별 법령에서 정한 기관
※ 주관연구개발기관 및 공동연구개발기관이 기업인 경우는 접수마감일(’26.7.2.)을 기준으로 법인사업자 또는 동등 이상의 자격을 보유한 사업자
☞ 신재생에너지 분야 연구개발비 지원
※ 자세한 지원내용 공고문 참조",기술,한국에너지공단,전국,중소기업,중소기업,,,,,,,혼합(단독+공동),2026-06-05,2026-07-02,,온라인 접수 (범부처통합연구지원시스템),온라인 접수 (범부처통합연구지원시스템),https://www.bizinfo.go.kr/sii/siia/selectSIIA200Detail.do?pblancId=PBLN_000000000122891,main,primary,2026년2차전력정보화및정책지원사업신재생에너지분야신규지원대상과제공고,한국에너지공단,2026-06-05~2026-07-02,기술,혼합(단독+공동)
biz,PBLN_000000000122890,[충북] 2026년 충북글로벌게임센터 부산인디커넥트페스티벌 참가기업 모집 공고,"(재)청주시문화산업진흥재단에서는 충북 게임 콘텐츠 홍보 및 글로벌 비즈니스 기회 제공을 위하여「2026 충북글로벌게임센터 부산인디커넥트페스티벌 참가기업 모집」을 아래와 같이 진행하오니 많은 관심과 참여 바랍니다.
☞ 본사 소재지가 충청북도인 인디게임 개발 기업 
- 개발이 거의 완성되어 상용화가 가능한 인디게임 콘텐츠 보유기업 
- 전시회 참가를 통해 국내외 글로벌 게임 시장 확대를 희망하는 기업
☞ 충북 공동관 부스 참가 및 운영 지원",판로/수출,청주시문화산업진흥재단,충청북도,중소기업,중소기업,,,,,,,해외진출준비,2026-06-05,2026-06-15,,이메일 접수(cbgame_center@naver.com),이메일 접수(cbgame_center@naver.com),https://www.bizinfo.go.kr/sii/siia/selectSIIA200Detail.do?pblancId=PBLN_000000000122890,main,primary,충북2026년충북글로벌게임센터부산인디커넥트페스티벌참가기업모집공고,청주시문화산업진흥재단,2026-06-05~2026-06-15,수출,해외진출준비
biz,PBLN_000000000122889,[울산] 2026년 청년 웰스테이 지원사업 추가모집 연장 공고,"지역 중소기업의 인력난 해소 및 청년 근로자 정주여건 개선을 위해 다음과 같이 울산 청년 웰스테이 지원사업을 시행합니다. 
☞ 울산 소재(본사 또는 사업장) 중소기업(제조업, 제조업관련서비스업, 지식서비스업)
☞ 대표자 또는 법인 명의로 계약된 기숙사비의 80% 지원
- 기업당 지원한도 최대 540만원",인력/일자리,울산경제일자리진흥원,울산광역시,중소기업,"중소기업,청년",,,,,,,고용유지,2026-06-05,2026-06-19,,"이메일 접수(kkkyyy@ubpi.or.kr)
※ 메일 수신여부 확인 필수
※ 모든서류는 한 개의 pdf파일로 제출
※ 메일제목 및 파일명에 유의하여 제출 (메일제목 및 파일명 : 울산 청년 웰스테이 – 기업명)","이메일 접수(kkkyyy@ubpi.or.kr)
※ 메일 수신여부 확인 필수
※ 모든서류는 한 개의 pdf파일로 제출
※ 메일제목 및 파일명에 유의하여 제출 (메일제목 및 파일명 : 울산 청년 웰스테이 – 기업명)",https://www.bizinfo.go.kr/sii/siia/selectSIIA200Detail.do?pblancId=PBLN_000000000122889,main,primary,울산2026년청년웰스테이지원사업추가모집연장공고,울산경제일자리진흥원,2026-06-05~2026-06-19,인력,고용유지
biz,PBLN_000000000122888,[대구] 2026년 식품산업화 제품개발 수혜기업 모집 공고(식품산업화 제품개발 지원사업),"엑스코는 지역에 소재한 식품기업의 제품개발 지원을 통해 식품 기업의 경쟁력 강화, 기업의 성장을 도모하고자 합니다. 대구 지역 식품제조가공업 분야의 많은 기업들의 참여 바랍니다.
☞ 대구지역 내 소재한 식품 분야 제조업
※ 사업자등록증 상 대구 소재지
※ 공고일 기준 지방세가 체납된 업체는 선정 제외
☞ 해외시장 및 국내시장 진출을 위한 제품개발 기업당 300 ~ 500만원 내외 지원
- 수출을 위한 제품 제작, 해외시장에 어울리는 재료 및 디자인 반영 등, 국내 시장 진출을 위한 제품 제작, 포장개선, 선호도 향상, 레피시 보완 등 제품 고급화 추구",기술,엑스코,대구광역시,중소기업,중소기업,,,,,,,기술사업화/이전/지도,2026-06-04,2026-06-19,,"방문 접수
- 접수처 : 대구광역시 북구 엑스코로 10, 5층 사무실
※ 방문 전 담당자와 통화하여 접수 스케줄 논의 필수","방문 접수
- 접수처 : 대구광역시 북구 엑스코로 10, 5층 사무실
※ 방문 전 담당자와 통화하여 접수 스케줄 논의 필수",https://www.bizinfo.go.kr/sii/siia/selectSIIA200Detail.do?pblancId=PBLN_000000000122888,main,primary,대구2026년식품산업화제품개발수혜기업모집공고식품산업화제품개발지원사업,엑스코,2026-06-04~2026-06-19,기술,기술사업화/이전/지도
biz,PBLN_000000000122887,[충북] 2026년 2차 지역혁신클러스터육성사업 참여기업 모집 공고,"(재)충북테크노파크는 산업통상부와 충청북도의 지원으로 지역혁신클러스터 소재기업을 대상으로 글로벌 선도기업 도약을 위한 기업지원을 아래와 같이 추진하오니, 참여를 희망하는 관련 지역기업의 많은 신청 바랍니다.
☞ 충북 지역혁신융복합단지 지정 부지 내 본사, 공장, 연구소 등이 소재한 지능형첨단부품산업 관련 기업(KSIC코드 및 융복합단지 지정 부지 일치必)
☞ 프리 프러덕션, IP고도화, 기술고도화, 제품고도화, 시제품 제작, 시험ㆍ인증, 마케팅, 수출 지원",기술,충북테크노파크,충청북도,중소기업,중소기업,,,,,,,기술사업화/이전/지도,2026-06-10,2026-06-19,,"온라인 및 방문 또는 우편 접수
- 접수처
- (정책기획단) (28116) 충북 청주시 청원구 오창읍 연구단지로 40, 본부관 210호
- (기업지원단) (28116) 충북 청주시 청원구 오창읍 연구단지로 40, 본부관 203호
- 온라인 : 충북테크노파크 컨텍센터
 ※  사업계획서 등 첨부서류 작성 후 관련 증빙서류를 포함하여  온라인 제출, 원본서류 각 1부 오프라인 제출 必","온라인 및 방문 또는 우편 접수
- 접수처
- (정책기획단) (28116) 충북 청주시 청원구 오창읍 연구단지로 40, 본부관 210호
- (기업지원단) (28116) 충북 청주시 청원구 오창읍 연구단지로 40, 본부관 203호
- 온라인 : 충북테크노파크 컨텍센터
 ※  사업계획서 등 첨부서류 작성 후 관련 증빙서류를 포함하여  온라인 제출, 원본서류 각 1부 오프라인 제출 必",https://www.bizinfo.go.kr/sii/siia/selectSIIA200Detail.do?pblancId=PBLN_000000000122887,main,primary,충북2026년2차지역혁신클러스터육성사업참여기업모집공고,충북테크노파크,2026-06-10~2026-06-19,기술,기술사업화/이전/지도
biz,PBLN_000000000122886,[전남] 2026년 1차 뿌리산업 선도기업 육성사업 신규지원 통합 공고,"전남테크노파크에서는 전남의 뿌리산업 육성 및 경쟁력 제고를 위해 신규 지원 계획을 다음과 같이 공고하오니, 전남도내 뿌리기업의 많은 참여 바랍니다.
☞ 뿌리기업조건(아래 조건중 1개 이상 부합)
- 본사 또는 공장이 전라남도 소재 기업
- 국가뿌리산업진흥센터에서 발행하는 뿌리기술전문기업인증을 취득한 기업
- 상기의 동센터에서 발행하는 뿌리기업 확인서를 취득한 기업
- 공장등록증에 뿌리산업 업종코드(붙임1. 관련법령 및 뿌리산업범위 참조)등록 
☞ R&D, 비R&D 지원
- (R&D) 뿌리산업 미래첨단산업전환 제품개발 R&D 및 뿌리기술 사업화 R&D 지원  
- (비R&D) 기업별 디지털전환 수준 진단과 맞춤형 컨설팅 지원
※ 자세한 지원내용 공고문 참조",기술,전남테크노파크,전라남도,중소기업,중소기업,,,,,,,기술사업화/이전/지도,세부사업별 상이,,,"R&D(온라인 접수), 비R&D(이메일 접수)
- 온라인 접수 : 전남테크노파크
- 이메일 접수 : eunji.park@riia.or.kr
※ 자세한 신청방법 세부 공고문 참조","R&D(온라인 접수), 비R&D(이메일 접수)
- 온라인 접수 : 전남테크노파크
- 이메일 접수 : eunji.park@riia.or.kr
※ 자세한 신청방법 세부 공고문 참조",https://www.bizinfo.go.kr/sii/siia/selectSIIA200Detail.do?pblancId=PBLN_000000000122886,main,primary,전남2026년1차뿌리산업선도기업육성사업신규지원통합공고,전남테크노파크,세부사업별 상이~,기술,기술사업화/이전/지도
biz,PBLN_000000000122885,[강원] 2026년 해외 온라인 마케팅 지원 참가기업 모집 공고(미주권ㆍ일본권ㆍ중화권ㆍ러시아권ㆍ동남아시아권ㆍ중동아프리카권),"도내기업의 해외 시장 진출 및 수출 판로개척을 위하여 글로벌 SNS 플랫폼 홍보 마케팅, 해외 인플루언서 활용 마케팅, 온라인 몰 입점 등을 지원하는 「해외 온라인 마케팅 지원사업」의 참가기업을 모집하오니  관심 있으신 기업 분들의 많은 참여 바랍니다.
☞ 강원특별자치도 소재(본사 또는 공장) 중소기업
- 사업자등록증 또는 공장등록증 서류상 강원자치도 소재 중소기업
- 지원사업에 대한 결과 및 실적 증빙을 제출할 수 있는 업체
※ 자세한 지원대상 공고문 참조
☞ 해외 온라인 홍보 마케팅(인플루언서 활용 SNS 홍보 등), 온라인 및 오프라인 몰 입점 지원, 현지 판촉행사, 도내제품 선적 및 샘플수입 등 수출지원
※ 권역별 자세한 지원내용 공고문 참조",판로/수출,강원특별자치도경제진흥원,강원특별자치도,중소기업,중소기업,,,,,,,해외진출,2026-06-05,2026-06-26,,온라인 접수 (강원특별자치도 수출기업서포트),온라인 접수 (강원특별자치도 수출기업서포트),https://www.bizinfo.go.kr/sii/siia/selectSIIA200Detail.do?pblancId=PBLN_000000000122885,main,primary,강원2026년해외온라인마케팅지원참가기업모집공고미주권ㆍ일본권ㆍ중화권ㆍ러시아권ㆍ동남아시아권ㆍ중동아프리카권,강원특별자치도경제진흥원,2026-06-05~2026-06-26,수출,해외진출
biz,PBLN_000000000122884,[강원] 평창군 2026년 관내기업 국내외 박람회 참가 지원사업 전국 8도 로컬푸드 박람회 참여기업 모집 공고,"관내 우수제품의 전시 소개를 통해 기업 홍보 및 판로 확대를 위해 ‘전국 8도 로컬푸드 박람회 참가기업 모집을 다음과 같이 공고하오니, 관심 있는 중소기업의 많은 참여 바랍니다.
☞ 평창군 관내 본사 또는 공장등록, 주사업장이 있는 중소기업
- 평창군 소재 제조업 분야 중소기업 10개 이상 회원을 보유한 협회 ※ 회원 수 10인 이상일 경우 2개 부스 제공
☞ 부스임차비(주간전기 4KW, 안내데스크 4개, 1800 테이블 4개, 접의자 8개, 각 상호간판 제공) 지원",판로/수출,강원테크노파크,강원특별자치도,중소기업,중소기업,,,,,,,오프라인,2026-06-08,2026-06-17,,이메일 접수 (sonjy@gwtp.or.kr),이메일 접수 (sonjy@gwtp.or.kr),https://www.bizinfo.go.kr/sii/siia/selectSIIA200Detail.do?pblancId=PBLN_000000000122884,main,primary,강원평창군2026년관내기업국내외박람회참가지원사업전국8도로컬푸드박람회참여기업모집공고,강원테크노파크,2026-06-08~2026-06-17,내수,오프라인
biz,PBLN_000000000122883,[강원] 2026년 1차 연구장비 활용 수수료 지원사업 참여기업 모집 공고(강원산업기술단지 거점기능강화사업),"2026년도 중소벤처기업부, 강원특별자치도, 강원테크노파크에서는 강원지역 소재 중소기업을 대상으로 지역 내 연구장비 활용률 제고와 지역기업의 경쟁력 강화에 기여하고자 다음과 같이「강원지역 연구장비 활용 수수료 지원사업」의 참여기업을 모집하오니, 지역 중소기업의 많은 관심과 참여 바랍니다.
☞ (공고일 기준) 다음의 조건을 모두 충족하는 중소기업
- 강원특별자치도 소재 중소기업 (사업공고일 사업자등록증 기준)
- 공용장비 활용이 필요한 기업
- ‘국세’ 및 ‘지방세’ 등 세금 체납 사실이 없는 기업
- ‘강원연구장비종합정보망(G-EQNET)’에 등록된 공용장비 사용 후 관련 비용을 해당 관리기관에 지급한 기업 또는 등록된 공용장비를 사용 예정인 기업
☞ 강원지역 공용장비 활용 수수료 기업별 최대 3,000천원 이내 지원
※ 자세한 지원내용 공고문 참조",기술,강원테크노파크,강원특별자치도,중소기업,중소기업,,,,,,,기술인력/장비지원,2026-06-04,2026-06-19,,"온라인 접수와 이메일 접수 동시 진행
- 온라인 : 강원연구장비종합정보망(G-EQNET)
- 이메일 : kyoungh85@gwtp.or.kr
※ 제출 완료 후 담당자 확인 필수","온라인 접수와 이메일 접수 동시 진행
- 온라인 : 강원연구장비종합정보망(G-EQNET)
- 이메일 : kyoungh85@gwtp.or.kr
※ 제출 완료 후 담당자 확인 필수",https://www.bizinfo.go.kr/sii/siia/selectSIIA200Detail.do?pblancId=PBLN_000000000122883,main,primary,강원2026년1차연구장비활용수수료지원사업참여기업모집공고강원산업기술단지거점기능강화사업,강원테크노파크,2026-06-04~2026-06-19,기술,기술인력/장비지원
biz,PBLN_000000000122882,[전북] 2026년 2차 산학연 협동프로그램 기술고도화 패키지 지원사업 모집 공고(테크노파크 생산장비 고도화),"테크노파크ㆍ대학ㆍ연구소 보유 장비 및 기술역량을 연계하여 도내 주력산업 중소기업의 기술애로 해소와 기술고도화 지원을 위하여 추진하는 산학연 협동프로그램 기술고도화 패키지 지원사업을 아래와 같이 공고하오니 공고내용에 따라 신청하여 주시기 바랍니다.
☞ 전북특별자치도 內 사업장을 보유한 중소기업
- 산업분야 : 특수목적 모빌리티, 탄소융복합 소재ㆍ부품
☞ 공동설계, 기술강화형 지원
- 공동설계형 : 기업-전문가 협업 기반의 기술고도화 전략 공동설계를 통해 장비활용 등 패키지 지원
- 기술강화형 : 기업이 보유한 제품의 경쟁력을 한 단계 강화하기 위해 시작품 제작 및 성능평가 등 지원
※ 자세한 지원내용 공고문 참조",기술,전북테크노파크,전북특별자치도,중소기업,중소기업,,,,,,,기술사업화/이전/지도,2026-06-05,2026-06-15,,온라인 접수 (전북특별자치도 과학기술종합정보시스템),온라인 접수 (전북특별자치도 과학기술종합정보시스템),https://www.bizinfo.go.kr/sii/siia/selectSIIA200Detail.do?pblancId=PBLN_000000000122882,main,primary,전북2026년2차산학연협동프로그램기술고도화패키지지원사업모집공고테크노파크생산장비고도화,전북테크노파크,2026-06-05~2026-06-15,기술,기술사업화/이전/지도
biz,PBLN_000000000122881,[강원] 횡성군 2026년 2차 생활인구 확대를 위한 식품산업 시장경쟁력 강화 지원사업 참여기업 모집 공고(시군구 연고산업 육성사업),"2026년도 중소벤처기업부와 강원특별자치도 및 횡성군이 지원하는 시군구연고산업 육성 협업프로젝트 수행자로 선정된 수행기관별 지원 프로그램을 안내하오니, 해당 프로그램 참여를 희망하는 횡성군 지역 중소기업의 많은 신청 바랍니다.
☞ 다음 사항을 모두 만족하는 기업
- 횡성군 소재 중소기업(본사, 공장 또는 기업부설연구소 등 1개 이상)으로 지역 특화자원을 활용한 식품산업 전ㆍ후방 연관 제품(기술)의 사업화를 추진ㆍ준비 중인 기업
- 중소벤처기업부에서 인정하는 ‘중소기업 확인서’ 발급이 가능한 중소기업
- ‘부가가치세법’ 및 ‘동법 시행령’ 제8조에 근거, 수행지역 과세 납부 사업장
☞ 혁신화&성장촉진, 시제품 제작, 규격인증 및 시험분석, 국내 전시회 참가 지원
- 기업당 총 지원금액은 90,000천원 이내로 제한
※ 자세한 지원내용 공고문 참조",경영,강원테크노파크,강원특별자치도,중소기업,중소기업,,,,,,,디자인/상품화/사업화,2026-06-05,2026-06-17,,온라인 접수 (기업지원사업 관리시스템),온라인 접수 (기업지원사업 관리시스템),https://www.bizinfo.go.kr/sii/siia/selectSIIA200Detail.do?pblancId=PBLN_000000000122881,main,primary,강원횡성군2026년2차생활인구확대를위한식품산업시장경쟁력강화지원사업참여기업모집공고시군구연고산업육성사업,강원테크노파크,2026-06-05~2026-06-17,경영,디자인/상품화/사업화
biz,PBLN_000000000122880,[강원] 2026년 2차 지역주력산업육성(지역특화 프로젝트 레전드 50+) 지원모집 공고(강원 1.0 고성능센서),"중소벤처기업부와 강원특별자치도가 추진하는 지역특화 프로젝트「레전드 50+」참여기업 대상 주력산업 기업지원 프로그램을 안내하오니, 해당 프로그램에 참여를 희망하는 프로젝트 참여기업의 많은 신청 바랍니다. 
☞ 강원특별자치도 지역특화 프로젝트에 선정된 참여기업
-「지역중소기업법」상의 지역중소기업
- 사업장소재지가 강원특별자치도에 소재하는 기업
- 강원특별자치도 소재 지역중소기업으로 반도체 소부장기업 및 센서ㆍ모듈기업
☞ 기획지원, 특허출원지원, 시제품제작지원, 제품고급화지원, 전시회참가지원
- 기업당 2개 제품, 2개 프로그램 신청 가능(지원한도 50백만원 이내)",기술,강원테크노파크,강원특별자치도,중소기업,중소기업,,,,,,,기술사업화/이전/지도,2026-06-05,2026-06-19,,온라인 접수 (기업지원사업 관리시스템),온라인 접수 (기업지원사업 관리시스템),https://www.bizinfo.go.kr/sii/siia/selectSIIA200Detail.do?pblancId=PBLN_000000000122880,main,primary,강원2026년2차지역주력산업육성지역특화프로젝트레전드50지원모집공고강원10고성능센서,강원테크노파크,2026-06-05~2026-06-19,기술,기술사업화/이전/지도
biz,PBLN_000000000122879,[전남] 2026년 천일염 수출 활성화 지원사업 업체 모집 재공고,"전라남도는 2026년 프랑스 파리 SIAL 박람회 참가 지원으로 도내 천일염 제품 전시ㆍ홍보, 바이어 발굴 및 수출을 확대하고자 참가 희망기업을 다음과 같이 모집하니 많은 신청 바랍니다.
☞ 도내 천일염 생산ㆍ수출기업
- 모집분야 : 천일염 및 천일염을 원재료로 한 가공품 전 분야
- 전시품목 : 농수산물, 식품, 음료, 건강 및 스낵 등 농수산식품 전반
※ 자세한 지원대상 공고문 참조
☞ 부스 임차료 및 기본 장치비(100%), 왕복 항공료(기업당 1인 100%), 통역비(일부), 마케팅비(일부) 지원",판로/수출,한국농수산식품유통공사,전라남도,중소기업,중소기업,,,,,,,시장개척,2026-06-09,2026-06-16,,"온라인 접수(①~④모두신청)
- ① 전라남도 수출정보망 로그인 후 ‘지원사업신청’ 클릭(링크)
- ② ‘바이 전라남도’ 온라인 플랫폼 제품 등록
- ③ aT 수출종합지원시스템(http://global.at.or.kr) 로그인 
- ④ 모집공고/신청 → 신청서 작성 및 서류 제출
※ 필수서류 외 제출서류는 이메일(gjtrade@at.or.kr) 제출 가능
※ 자세한 신청방법 공고문 참조","온라인 접수(①~④모두신청)
- ① 전라남도 수출정보망 로그인 후 ‘지원사업신청’ 클릭(링크)
- ② ‘바이 전라남도’ 온라인 플랫폼 제품 등록
- ③ aT 수출종합지원시스템(http://global.at.or.kr) 로그인 
- ④ 모집공고/신청 → 신청서 작성 및 서류 제출
※ 필수서류 외 제출서류는 이메일(gjtrade@at.or.kr) 제출 가능
※ 자세한 신청방법 공고문 참조",https://www.bizinfo.go.kr/sii/siia/selectSIIA200Detail.do?pblancId=PBLN_000000000122879,main,primary,전남2026년천일염수출활성화지원사업업체모집재공고,한국농수산식품유통공사,2026-06-09~2026-06-16,수출,시장개척
biz,PBLN_000000000122878,[광주] 2026년 글로벌 PoC연계 지원사업 창업기업 모집 공고,"광주창조경제혁신센터에서는 광주 지역 내 창업 생태계 활성화 및 스타트업 성장을 지원하기 위한 글로벌 PoC연계 창업기업을 다음과 같이 모집하오니, 역량 있는 기관 및 기업의 많은 참여 바랍니다.
☞ 글로벌진출을 희망하는 스테이지 내 입주기업
☞ 초기진단, IR 고도화 및 트레이닝, PoC 진단 및 전략 컨설팅, 글로벌 파트너 발굴 및 매칭, 최종 진행상황 정리, 최종 결과보고 작성 등 지원",창업,광주창조경제혁신센터,광주광역시,창업벤처,초기창업기업,,,,,,,사업화지원,2026-06-05,2026-06-12,,이메일 접수 (ak6352@ccei.kr),이메일 접수 (ak6352@ccei.kr),https://www.bizinfo.go.kr/sii/siia/selectSIIA200Detail.do?pblancId=PBLN_000000000122878,main,primary,광주2026년글로벌poc연계지원사업창업기업모집공고,광주창조경제혁신센터,2026-06-05~2026-06-12,창업,사업화지원
biz,PBLN_000000000122877,[경북] 2026년 포항테크노파크 기술닥터 지원사업 현장맞춤형 애로컨설팅지원 참여기업 모집 공고,"중소벤처기업부, 경상북도, 포항시가 지원하고 (재)포항테크노파크가 추진하는 ‘2026년 포항테크노파크 기술닥터 지원사업’의 현장맞춤형 애로컨설팅 지원 참여기업을 다음과 같이 모집하오니 많은 관심과 참여 바랍니다.
☞ 경북 동해안 지역에 본사 또는 공장 소재 제조업, 지식기반서비스업 중소ㆍ벤처기업 
- 동해안 지역 : 포항, 경주, 영덕, 울진, 울릉
- 산업분야 : 지역 대표 산업군(철강, 소재ㆍ화학, 전기ㆍ전자, 에너지, 바이오)
- 지식서비스 : 경영마케팅전략서비스, 금융무역서비스, 인적자원역량개발서비스, 디자인 콘텐츠서비스, 제조엔지니어링서비스, 제조부가서비스, 제조융합서비스
☞ 기업 당 컨설팅 10회 이내 기술닥터 지원",경영,포항테크노파크,경상북도,창업벤처,초기창업기업,,,,,,,컨설팅,2026-06-08,2026-11-30,,온라인 신청 (포항테크노파크),온라인 신청 (포항테크노파크),https://www.bizinfo.go.kr/sii/siia/selectSIIA200Detail.do?pblancId=PBLN_000000000122877,main,primary,경북2026년포항테크노파크기술닥터지원사업현장맞춤형애로컨설팅지원참여기업모집공고,포항테크노파크,2026-06-08~2026-11-30,경영,컨설팅
biz,PBLN_000000000122876,2026년 2차 일반 물류바우처 사업 참여기업 모집 공고,"최근 글로벌 물류비 상승 및 공급망 불안정에 대응하여 수출 중소기업의 국제운송 비용 부담을 완화하고, 수출 경쟁 강화하기 위해 「2026년도 일반 물류 바우처(2차) 사업」참여기업 모집 계획을 다음과 같이 공고합니다.
☞ 「중소기업기본법」제2조 및 시행령 제3조에 따른 중소기업
☞ 물류바우처를 활용, 수출바우처 시스템 內“ 국제운송”서비스 메뉴를 이용하여 해상 등 다양한 물류 서비스 지원
- 국제운송료 및 보험료, 샘플 운송료, 해외 내륙 운송료, 국제특송, 종합물류 대행 서비스, 선적 전 검사료, 국제운송 부대비용
※ 자세한 지원내용 공고문 참조",판로/수출,중소벤처기업진흥공단,전국,중소기업,중소기업,,,,,,,해외진출,예산 소진시까지,,,온라인 접수 (수출바우처 홈페이지),온라인 접수 (수출바우처 홈페이지),https://www.bizinfo.go.kr/sii/siia/selectSIIA200Detail.do?pblancId=PBLN_000000000122876,main,primary,2026년2차일반물류바우처사업참여기업모집공고,중소벤처기업진흥공단,예산 소진시까지~,수출,해외진출
biz,PBLN_000000000122875,2026년 2차 유통플랫폼 MD 상담회 소상공인 모집 공고,"소상공인의 안정적인 판로 확대 지원을 위하여「2026년 유통플랫폼 MD 상담회 지원사업」을 다음과 같이 공고하오니, 많은 참여를 바랍니다.
☞「소상공인기본법」제2조에 따른 소상공인
※ 자세한 지원대상 공고문 참조
☞ MD 상담회, 전문가 강연, 제품 홍보 지원
- MD 상담회 : 플랫폼 입점 및 프로모션 등 1:1 상담 지원
- 전문가 강연 : 판로 확대 역량 강화, 최신 유통 트렌드 및 마케팅 노하우 등 강연 진행
- 제품 홍보 : 참가 소상공인 상품 및 브랜드 인지도 제고를 위한 상품 홍보 콘텐츠 운영",판로/수출,한국중소벤처기업유통원,전국,소상공인,소상공인,,,,,,,홍보지원,2026-06-01,2026-09-30,,온라인 접수 (판판대로),온라인 접수 (판판대로),https://www.bizinfo.go.kr/sii/siia/selectSIIA200Detail.do?pblancId=PBLN_000000000122875,main,primary,2026년2차유통플랫폼md상담회소상공인모집공고,한국중소벤처기업유통원,2026-06-01~2026-09-30,내수,홍보지원
biz,PBLN_000000000122874,[충남] 2026년 충남ㆍ인천 FTA센터 일본 오사카 시장개척단 참가기업 모집 공고,"일본 오사카 시장 진출을 희망하는 도내 기업을 대상으로「2026년 충남ㆍ인천 FTA센터 일본 오사카 시장개척단 참여기업 모집공고」를 실시하오니, 많은 관심과 적극적인 참여를 바랍니다.
☞ 도내에 본사 또는 공장이 소재한 중소 제조기업
- 참여품목 : 화장품, 식품 등 소비재 품목
☞ 품목별 바이어 발굴 및 현지 바이어와 1:1 상담(통역), 충남FTA통상진흥센터 연계 수출전략 컨설팅 및 교육, 해외사무소 연계 후속 바이어 관리 및 수출 지원",판로/수출,충남경제진흥원,충청남도,중소기업,중소기업,,,,,,,시장개척,2026-06-05,2026-06-17,,"이메일 및 온라인 접수
- 이메일 : bnyang@cepa.or.kr
- 온라인 : 충청남도 온라인수출지원시스템
※ 신청 후, 담당자에게 유선전화로 접수여부 확인 요망","이메일 및 온라인 접수
- 이메일 : bnyang@cepa.or.kr
- 온라인 : 충청남도 온라인수출지원시스템
※ 신청 후, 담당자에게 유선전화로 접수여부 확인 요망",https://www.bizinfo.go.kr/sii/siia/selectSIIA200Detail.do?pblancId=PBLN_000000000122874,main,primary,충남2026년충남ㆍ인천fta센터일본오사카시장개척단참가기업모집공고,충남경제진흥원,2026-06-05~2026-06-17,수출,시장개척
biz,PBLN_000000000122873,2026년 1차 창업기업 온라인 판로지원사업(홈쇼핑 방송지원) 참여기업 모집 공고,"우수 창업기업 제품의 홈쇼핑 판로지원을 위해 참여기업 모집을 아래와 같이 공고하오니 많은 관심과 참여를 바랍니다.
☞ 중소기업기본법 제2조의 규정에 의한 중소기업 
※ 중소기업 창업 및 개시한 날로부터 7년 이내 기업(창업지원법 제2조 제3호)
☞ 홈쇼핑 방송 지원
- 홈쇼핑 방송 입점을 통한 판매ㆍ홍보 등 지원
- TV홈쇼핑 채널 방송 입점 및 입점비 및 판매 수수료 지원
- 데이터홈쇼핑 채널 방송 입점 및 입점비 및 판매 수수료 지원",판로/수출,한국중소벤처기업유통원,전국,창업벤처,초기창업기업,,,,,,,홍보지원,2026-06-05,2026-06-19,,온라인 접수 (판판대로),온라인 접수 (판판대로),https://www.bizinfo.go.kr/sii/siia/selectSIIA200Detail.do?pblancId=PBLN_000000000122873,main,primary,2026년1차창업기업온라인판로지원사업홈쇼핑방송지원참여기업모집공고,한국중소벤처기업유통원,2026-06-05~2026-06-19,내수,홍보지원
biz,PBLN_000000000122872,2026년 1차 창업기업 온라인 판로지원사업(e커머스) 참여기업 모집 공고,"우수 창업기업 제품의 온라인 판로지원을 위해 참여기업 모집을 아래와 같이 공고하오니 많은 관심과 참여를 바랍니다.
☞ 중소기업기본법 제2조의 규정에 의한 중소기업 
※ 중소기업 창업 및 개시한 날로부터 7년 이내 기업(창업지원법 제2조 제3호)
☞ e커머스 온라인 판매 지원
- 온라인몰 입점 및 상품 딜구좌 광고 지원
- 플랫폼별 판매 전략에 따른 판촉 행사 지원",판로/수출,한국중소벤처기업유통원,전국,창업벤처,초기창업기업,,,,,,,온라인,2026-06-05,2026-06-19,,온라인 접수 (판판대로),온라인 접수 (판판대로),https://www.bizinfo.go.kr/sii/siia/selectSIIA200Detail.do?pblancId=PBLN_000000000122872,main,primary,2026년1차창업기업온라인판로지원사업e커머스참여기업모집공고,한국중소벤처기업유통원,2026-06-05~2026-06-19,내수,온라인
biz,PBLN_000000000122871,[서울] 2026년 G밸리의료기기개발지원센터 상하이ㆍ쑤저우 진출 프로그램 모집 공고,"서울시「G밸리의료기기개발지원센터」에서는 서울소재 의료기기 개발 업체의 해외진출 지원을 위하여「상하이/쑤저우 진출 프로그램」을 모집 공고하오니 관련 기업의 많은 참여를 바랍니다.
☞ 서울 소재(본사 혹은 지사)를 두며, 디지털헬스 및 의료기기 관련 해외진출을 희망하는 기업
- 모집분야 : 디지털헬스 및 의료기기
☞ 킥오프 미팅 및 교육, 상하이/쑤저우 현지 행사",판로/수출,G밸리의료기기개발지원센터,서울특별시,중소기업,중소기업,,,,,,,해외진출준비,2026-06-08,2026-06-19,,이메일 접수 (newcenter@kist.re.kr),이메일 접수 (newcenter@kist.re.kr),https://www.bizinfo.go.kr/sii/siia/selectSIIA200Detail.do?pblancId=PBLN_000000000122871,main,primary,서울2026년g밸리의료기기개발지원센터상하이ㆍ쑤저우진출프로그램모집공고,g밸리의료기기개발지원센터,2026-06-08~2026-06-19,수출,해외진출준비
biz,PBLN_000000000122870,[대구] 2026년 지역중소기업 밀집지역 생태계 공동회복 지원과제 수요기업 모집 공고(중소기업 밀집지역 위기대응 체계 구축사업),"중소벤처기업부와 대구광역시가 지원하는「2026년 대구 중소기업 밀집지역 위기대응 체계 구축사업」지역중소기업 밀집지역 생태계 공동회복 지원과제 (「2026년 대한민국 미래모빌리티엑스포(DIFA 2026)」 공동관 운영)를 다음과 같이 추진하며, 지원기업을 모집하오니 관심 있는 기업들의 많은 신청 바랍니다.
☞ 성서산업단지 소재 중소기업 中 자동차부품 업종 영위 중소기업(「중소기업기본법」제2조 및 시행령 제3조에 따른 중소기업)
- 단위부품 : 차체, 의장, 샤시, 전장, 파워트레인, 공조, 센서 등
- 모듈부품 : 샤시, 조향, 시트, 프론트엔드 모듈, 배터리팩 모듈, 인터렉션, 자율주행 부품 등
☞ 대구 자동차부품 영위 중소기업 밀집지역 국내외 판로 개척 공동지원을 위한「2026년 대한민국 미래모빌리티엑스포」공동관 운영 및 구매상담회, 수출상담회 참가 지원
- (구매상담회 참가 지원) 대기업, 공공기관, 유통MD, VC 등 국내 유력 바이어, 투자자와의 1:1 상담 지원(구매상담회 : ’26.10.21(수))
- (수출상담회 참가 지원) 해외시장 진출지원, 기술협력, 투자협력 등 1:1 상담 지원(수출상담회 : ’26.10.22(목)~10.23(금))
- (공동관 운영) 기업 당 2개 프리미엄부스(18㎡(6mx3m) / 3.46m) 제공하며, 예산 범위 내 상담테이블 및 의자, 진열대 등 비품 제공",판로/수출,대구테크노파크,대구광역시,중소기업,중소기업,,,,,,,오프라인,2026-06-02,2026-06-26,,이메일 접수 (hibig51@dgtp.or.kr),이메일 접수 (hibig51@dgtp.or.kr),https://www.bizinfo.go.kr/sii/siia/selectSIIA200Detail.do?pblancId=PBLN_000000000122870,main,primary,대구2026년지역중소기업밀집지역생태계공동회복지원과제수요기업모집공고중소기업밀집지역위기대응체계구축사업,대구테크노파크,2026-06-02~2026-06-26,내수,오프라인
biz,PBLN_000000000122869,[서울] 2026년 2회차  B the B 뷰티 기반 융복합 콘텐츠 전시(다운타운) 팝업 참여기업 모집 연장 공고,"서울경제진흥원은 동대문트리플역세권도보3분 거리, 방문객 220만명이 다녀간 서울의 대표 뷰티복합문화공간 ‘B the B’ 다운타운(약 100평 규모) 에서 국내외 방문객 대상 뷰티 브랜드의 전시 홍보 활동을 지원하는 전시 팝업 지원사업을 추진합니다. 창의적인 기획력과 우수한 콘텐츠를 보유한 기업의 많은 관심과 참여를 바랍니다.
☞ 뷰티 기반 팝업 기획ㆍ운영이 가능한 서울 소재 중소기업 (단독ㆍ이종산업 콜라보 가능)
- 서울 소재 중소기업으로 뷰티 기반의 공간ㆍ제품·콘텐츠 기획과 운영이 가능한 기업
- 서울 소재 본사 또는 지사, 연구소, 공장 등을 보유하고 있는 ‘중소기업기본법 제2조’에 의한 중소기업
☞ B the B 다운타운 약 100평 공간 제공 (기업당 2~3개월), 기업별 팝업 연출, 홍보마케팅 등 최대 5천만원 지원, 현장 운영 관련 상호 협의에 의한 일부사항 지원(ex. 고객응대 지원 등), SBA 내ㆍ외부 보유자원 활용 홍보마케팅 지원(온ㆍ오프라인 채널 홍보, 보도자료 등 지원)",경영,서울경제진흥원,서울특별시,중소기업,중소기업,,,,,,,디자인/상품화/사업화,2026-06-02,2026-06-17,,온라인 접수(서울경제진흥원),온라인 접수(서울경제진흥원),https://www.bizinfo.go.kr/sii/siia/selectSIIA200Detail.do?pblancId=PBLN_000000000122869,main,primary,서울2026년2회차btheb뷰티기반융복합콘텐츠전시다운타운팝업참여기업모집연장공고,서울경제진흥원,2026-06-02~2026-06-17,경영,디자인/상품화/사업화
biz,PBLN_000000000122868,2026년 멕시코 K-박람회 연계 한국우수상품전 B2B 전시수출상담회 참가기업 모집 공고,"KOTRA에서는 국내 수출 중소ㆍ중견 기업의 중동 시장 진출 및 비즈니스 확대를 위해 오는 9월 24일 ~ 25일(2일간)에 2026 멕시코 K-박람회와 연계하여 개최하는 2026 한국우수상품전 B2B 전시수출상담회 참가기업을 아래와 같이 모집합니다. 중남미 한류 대표 확산 거점인 멕시코에서 중남미 바이어와의 비즈니스 상담을 통해 우리 기업의 중남미 및 인근 권역 시장 진출을 적극 지원코자 하오니 관심 있는 기업의 많은 관심과 참여 부탁드립니다.
☞ 소비재 분야 중소ㆍ중견 기업
- 참가분야 : 소비재(뷰티, 푸드, 생활용품/패션, K-Tech(소형 식품 가전, 뷰티 디바이스 등 소비재 연계 전자제품))
☞ 전시 상담 테이블, 온라인 마케팅, 전시품 편도운송, 상담 통역, 현장지원
※ 자세한 지원내용 공고문 참조",판로/수출,대한무역투자진흥공사,전국,중소기업,중소기업,,,,,,,시장개척,2026-06-01,2026-06-19,,온라인 접수 (무역투자24),온라인 접수 (무역투자24),https://www.bizinfo.go.kr/sii/siia/selectSIIA200Detail.do?pblancId=PBLN_000000000122868,main,primary,2026년멕시코k박람회연계한국우수상품전b2b전시수출상담회참가기업모집공고,대한무역투자진흥공사,2026-06-01~2026-06-19,수출,시장개척
biz,PBLN_000000000122867,[대구] 2026년 고용친화기업 신규선정 모집 공고,"대구광역시는 지역 일자리 창출에 기여한 우수기업을 발굴 및 지원하고 고용친화경영 분위기 확산을 위해 2026년 고용친화기업 신규선정 모집을 다음과 같이 공고하오니, 관심 있는 기업의 많은 참여 바랍니다.
☞ 대구지역 내 소재한 기업으로 2년 이상 정상영업 중인 법인 또는 개인사업자
- 신청일 기준 상시 근로자 수 30명 이상 기업 중, '24년 대비 '25년 근로자 증감률이 대구시 평균고용증감률(0%)보다 큰 기업 (고용보험가입자 기준)
- 대졸 신입사원 초임 연봉 3,500만원 및 각종 복지제도 10종 이상인 기업
☞ 고용친화기업 인증, 맞춤형 고용환경 개선, 홍보, 네트워크, 인력채용 지원 연계, 자금, 해외진출 등 지원
※ 자세한 지원내용 공고문 참조",기타,대구테크노파크,대구광역시,중소기업,중소기업,,,,,,,제도,2026-06-22,2026-06-30,,"이메일, 방문 및 우편 접수
- 이메일 : goodjob@dgtp.or.kr
- 접수처 : (41256) 대구광역시 동구 동대구로 475, 대구테크노파크 동대구캠퍼스 1동 7층, 기업지원단 원스톱기업지원센터
※ 이메일 또는 우편접수 시 반드시 접수확인 전화요망","이메일, 방문 및 우편 접수
- 이메일 : goodjob@dgtp.or.kr
- 접수처 : (41256) 대구광역시 동구 동대구로 475, 대구테크노파크 동대구캠퍼스 1동 7층, 기업지원단 원스톱기업지원센터
※ 이메일 또는 우편접수 시 반드시 접수확인 전화요망",https://www.bizinfo.go.kr/sii/siia/selectSIIA200Detail.do?pblancId=PBLN_000000000122867,main,primary,대구2026년고용친화기업신규선정모집공고,대구테크노파크,2026-06-22~2026-06-30,기타,제도
biz,PBLN_000000000122866,[대구] 2026년 연구조직(기업부설연구소 등) 설립 및  기술ㆍ경영혁신 인증 지원사업 참여기업 모집공고,"지역기업의 R&D 역량 강화와 국가연구개발사업 참여 확대를 도모하고, 대구지역 혁신형 중소기업 발굴을 통한 지역 과학기술 혁신역량 강화를 위해 과학기술정보통신부와 대구광역시가 지원하는「2026년 연구조직(기업부설연구소 등) 설립 및 기술ㆍ경영혁신 인증 지원사업」을 다음과 같이 공고하오니, 관심 있는 기업의 많은 참여 바랍니다.
☞ 대구지역 내 본사를 둔 중소기업
☞ (컨설팅) 인증유형에 따른 1:1 전문가 매칭 및 컨설팅
- (인증수수료) 이노비즈/메인비즈/번처기업 신규 및 연장 인증수수료의 70%까지 지원(기업당 최대 40만원)
- (역량강화교육)연구인력 직무역량 강화를 위한 교육(연 1-2회 진행)
- (R&D정보제공)지역 R&D관련 전문기술 자료(연구개발활동조사 가이드북,지역 R&D통계자료 등)제공",기술,대구테크노파크,대구광역시,중소기업,중소기업,,,,,,,기술사업화/이전/지도,2026-05-06,2026-10-30,,이메일 접수(kiraming@dgtp.or.kr),이메일 접수(kiraming@dgtp.or.kr),https://www.bizinfo.go.kr/sii/siia/selectSIIA200Detail.do?pblancId=PBLN_000000000122866,main,primary,대구2026년연구조직기업부설연구소등설립및기술ㆍ경영혁신인증지원사업참여기업모집공고,대구테크노파크,2026-05-06~2026-10-30,기술,기술사업화/이전/지도
biz,PBLN_000000000122865,[강원] 강원-미국 오프라인 유통망 입점 지원 사업 참가기업 모집 공고,"강원지방중소벤처기업청과 KOTRA 강원지원본부는 도내 유망 중소기업의 북미 시장 판로 개척을 위하「2026 강원-미국 오프라인 유통망 입점 지원사업」을 추진합니다. 미국 시장 진출에 뜻을 둔 기업들이 현지 유통망에 안정적으로 진입할 수 있도록 다각도로 지원할 예정이오니, 관심 기업의 많은 신청 바랍니다.
☞ 강원특별자치도 소재 중소ㆍ중견기업
- KOTRA 기업회원 및 buyKOREA 상품등록 완료 혹은 예정 기업
※ 품목 : 식품, 뷰티 및 생활소비재 전반
☞ 선별 기업에 대하여 제품 구매 후 매장 입점 및 판매 추진, 인기ㆍ유망 제품에 대한 추가 주문을 통한 수출 기회 확대 지원",판로/수출,KOTRA강원지원본부,강원특별자치도,중소기업,중소기업,,,,,,,해외진출,2026-06-04,2026-06-19,,온라인 접수 (무역투자24),온라인 접수 (무역투자24),https://www.bizinfo.go.kr/sii/siia/selectSIIA200Detail.do?pblancId=PBLN_000000000122865,main,primary,강원강원미국오프라인유통망입점지원사업참가기업모집공고,kotra강원지원본부,2026-06-04~2026-06-19,수출,해외진출
biz,PBLN_000000000122864,2027년 UAE 두바이 치과기자재 전시회(AEEDC 2027) 한국관 참가기업 모집 공고,"KOTRA와 (사)한국치과의료기기산업협회는 2027년 1월 19일 ~ 1월 21일 (3일간) UAE 두바이에서 개최되는 ‘2027 UAE 두바이 치과기자재 전시회(AEEDC 2027)’의 한국관 참가기업을 아래와 같이 모집하오니 관심 기업들의 많은 신청 바랍니다.
☞ 2027 UAE 두바이 치과기자재 전시회(AEEDC 2027) 한국관에 참가를 원하는 기업
- 전시품목 : 치과기자재 및 기계류, 관련 소모품 및 기구, 약품 등
☞ 부스임차료와 장치비의 70%이내, 운송비 1cbm 편도 100%, 한국관 디렉토리 제작비 100%, 행정, 마케팅 및 홍보, 전시회 현장 지원",판로/수출,대한무역투자진흥공사,전국,중소기업,중소기업,,,,,,,해외진출,2026-06-04,2026-06-18,,"※ 아래 3가지 신청을 모두 완료해야 최종 신청 완료로 간주
① 온라인 신청(KOTRA 무역투자24 또는 글로벌 전시포털(GEP))
② 신청서류 이메일 제출(kdiakmj@kodda.co.kr)
③ 참가 신청금 납부","※ 아래 3가지 신청을 모두 완료해야 최종 신청 완료로 간주
① 온라인 신청(KOTRA 무역투자24 또는 글로벌 전시포털(GEP))
② 신청서류 이메일 제출(kdiakmj@kodda.co.kr)
③ 참가 신청금 납부",https://www.bizinfo.go.kr/sii/siia/selectSIIA200Detail.do?pblancId=PBLN_000000000122864,main,primary,2027년uae두바이치과기자재전시회aeedc2027한국관참가기업모집공고,대한무역투자진흥공사,2026-06-04~2026-06-18,수출,해외진출
biz,PBLN_000000000122863,[경북] 2026년 제조업AI융합기반조성사업 경북AX랩 활용기업 모집 공고,"포항테크노파크에서는 과학기술정보통신부와 정보통신산업진흥원의 지원으로 운영 중인 경북AX랩의 활용기업을 모집하오니 많은 관심과 참여를 바랍니다.
☞ 공고일 기준 1인 (예비)창업기업 또는 7년 이내 창업자, 창의성을 갖춘 창업ㆍ벤처기업 또는 창업 예정인 자로서 제조 분야의 AX(AI Transformation) 관련 서비스를 개발하려는 자
☞ AI 인프라 지원, 업무공간 지원, 교육ㆍ세미나, 창업 컨설팅, 홍보 콘텐츠 제작",기술,포항테크노파크,경상북도,창업벤처,초기창업기업,,,,,,,기술사업화/이전/지도,2026-06-04,2026-12-31,,이메일 접수(ksj326363@ptp.or.kr),이메일 접수(ksj326363@ptp.or.kr),https://www.bizinfo.go.kr/sii/siia/selectSIIA200Detail.do?pblancId=PBLN_000000000122863,main,primary,경북2026년제조업ai융합기반조성사업경북ax랩활용기업모집공고,포항테크노파크,2026-06-04~2026-12-31,기술,기술사업화/이전/지도
biz,PBLN_000000000122862,[경기] 화성시 2026년 사업장 대기오염 방지시설 유지관리 지원사업 사업장 모집 공고,"기술·재정능력 부족으로 대기오염방지시설 유지관리에 어려움을 겪는 사업장을 대상으로 맞춤형 지원을 통하여 사업장 환경시설 관리 역량 강화 및 산업부문의 대기오염물질 배출저감 등 대기질 개선을 위해「2026년 사업장 대기오염 방지시설 유지관리 지원사업」의 대상 사업장을 선정하고자 다음과 같이 모집 공고합니다. 
☞ 공고일 기준 관내「대기환경보전법」에 따른 3~5종 대기배출시설 설치 사업장 중 다음의 어느 하나에 해당하는 사업장
-「중소기업기본법」제2조에 따른 중소기업
-「소상공인기본법」제2조에 따른 소상공인
☞ 관리지원(연 3회), 성능확인(성능검사, 저감효율 확인 검사 연 1회씩), 방지시설 유지보수 지원",경영,기초자치단체,경기도,중소기업,중소기업,,,,,,,시설/입지지원,2026-06-04,2026-06-12,,"방문 또는 우편 접수
- 접수처 : 경기도 화성시 남양읍 시청로 159, 화성시 환경지도과","방문 또는 우편 접수
- 접수처 : 경기도 화성시 남양읍 시청로 159, 화성시 환경지도과",https://www.bizinfo.go.kr/sii/siia/selectSIIA200Detail.do?pblancId=PBLN_000000000122862,main,primary,경기화성시2026년사업장대기오염방지시설유지관리지원사업사업장모집공고,기초자치단체,2026-06-04~2026-06-12,경영,시설/입지지원
biz,PBLN_000000000122861,[경기] 하남시 2026년 소상공인 마케팅 판로지원 사업(온라인 마케팅 지원) 모집 공고,"하남시와 경기테크노파크에서는 관내 중소기업 및 소상공인 우수제품의 온라인 매출 증대와 시장 경쟁력, 자생력 강화를 위한 맞춤형 온라인 마케팅 지원사업을 다음과 같이 공고하오니 많은 기업의 참여를 바랍니다.
☞ 공고일 기준 하남시 관내 중소기업 및 소상공인 사업자
☞ 맞춤형 온라인 마케팅 지원금 사업대상자당 최대 150만원 지원
- 제품홍보 상세페이지 제작지원
- 제품 홍보 동영상 제작지원
- 포털사이트 키워드광고, 쇼핑검색광고지원 등
- 라이브커머스, 홈쇼핑 및 글로벌이커머스 광고
- 택배 물류비 지원",판로/수출,경기테크노파크,경기도,중소기업,"소상공인,중소기업",,,,,,,홍보지원,2026-06-04,2026-06-19,,"온라인, 방문, 우편, 이메일 접수
- 접수처 : 경기도 안산시 상록구 해안로 705 (재)경기테크노파크 4동(지원편의동) 3층 318호 기술사업화팀
- 온라인 : 경기테크노파크 성과관리시스템
- 이메일 : ygh6463@gtp.or.kr","온라인, 방문, 우편, 이메일 접수
- 접수처 : 경기도 안산시 상록구 해안로 705 (재)경기테크노파크 4동(지원편의동) 3층 318호 기술사업화팀
- 온라인 : 경기테크노파크 성과관리시스템
- 이메일 : ygh6463@gtp.or.kr",https://www.bizinfo.go.kr/sii/siia/selectSIIA200Detail.do?pblancId=PBLN_000000000122861,main,primary,경기하남시2026년소상공인마케팅판로지원사업온라인마케팅지원모집공고,경기테크노파크,2026-06-04~2026-06-19,내수,홍보지원
biz,PBLN_000000000122860,[강원] 2026년 2차 도내 온라인쇼핑몰 구축(강원더몰ㆍ시군몰 입점) 참여기업 기한모집 공고,"강원특별자치도경제진흥원에서는 2026년 온라인쇼핑몰 구축 사업에 참여할 기업을 아래와 같이 모집하오니 많은 신청 바랍니다.
☞ 도내 시ㆍ군 소재 직접 생산ㆍ제조 기업에 한함
- 모집 시군 : 춘천, 원주, 강릉, 홍천, 양양
※ 자세한 지원대상 공고문 참조
☞ 기업별 온라인쇼핑몰 구축ㆍ교육, 강원더몰ㆍ시군몰 입점판매 및 마케팅, 네이버쇼핑, 11번가, 롯데마트, SSG, 우체국쇼핑 등 연동 판매 지원
※ 자세한 지원내용 공고문 참조",판로/수출,강원특별자치도경제진흥원,강원특별자치도,중소기업,중소기업,,,,,,,온라인,2026-06-08,2026-06-26,,"방문 또는 우편 접수 
- 접수처 : (26336) 강원특별자치도 원주시 호저로 47, 강원특별자치도경제진흥원 3층 성장지원부","방문 또는 우편 접수 
- 접수처 : (26336) 강원특별자치도 원주시 호저로 47, 강원특별자치도경제진흥원 3층 성장지원부",https://www.bizinfo.go.kr/sii/siia/selectSIIA200Detail.do?pblancId=PBLN_000000000122860,main,primary,강원2026년2차도내온라인쇼핑몰구축강원더몰ㆍ시군몰입점참여기업기한모집공고,강원특별자치도경제진흥원,2026-06-08~2026-06-26,내수,온라인
biz,PBLN_000000000122859,2026년 오늘전통 청년 예비창업아이디어 공모전,"문화체육관광부와 (재)한국공예ㆍ디자인문화진흥원은 전통문화 분야의 창의성과 전문성 갖춘 청년 창업자 발굴을 위해「2026 오늘전통 청년 예비창업아이디어 공모전」을 다음과 같이 개최합니다. 역량있는 예비 창업자 여러분의 많은 관심과 참여를 부탁드립니다.
☞ 공고일(‘26.6.4.) 기준 대한민국 국적으로, 전통문화산업 분야 창업을 희망하는 예비창업자로서, 만 39세 이하인 자
☞ 우수 아이디어 대상 보육 및 전문가 컨설팅 지원
※ 자세한 지원내용 공고문 참조",창업,한국공예디자인문화진흥원,전국,중소기업,"예비창업자,중소기업,청년",,,,,,,예비창업자지원,2026-06-04,2026-07-21,,온라인 접수(구글폼),온라인 접수(구글폼),https://www.bizinfo.go.kr/sii/siia/selectSIIA200Detail.do?pblancId=PBLN_000000000122859,main,primary,2026년오늘전통청년예비창업아이디어공모전,한국공예디자인문화진흥원,2026-06-04~2026-07-21,창업,예비창업자지원
biz,PBLN_000000000122858,[강원] 2026년 도내 온라인쇼핑몰 구축(강원더몰ㆍ시군몰 입점) 참여기업 수시 모집 공고,"강원특별자치도경제진흥원에서는 2026년 온라인쇼핑몰 구축 사업에 참여할 기업을 아래와 같이 모집하오니 많은 신청 바랍니다.
☞ 도내 시ㆍ군 소재 직접 생산ㆍ제조 기업에 한함
- 모집 시군 : 동해, 태백, 속초, 삼척, 횡성, 영월, 평창, 정선, 철원, 화천, 양구, 인제, 고성
※ 자세한 지원대상 공고문 참조
☞ 기업별 온라인쇼핑몰 구축ㆍ교육, 강원더몰ㆍ시군몰 입점판매 및 마케팅, 네이버쇼핑, 11번가, 쿠팡, 롯데마트, SSG, 우체국쇼핑 등 연동 판매 지원
※ 자세한 지원내용 공고문 참조",판로/수출,강원특별자치도경제진흥원,강원특별자치도,중소기업,중소기업,,,,,,,온라인,2026-06-08,2026-08-21,,"방문 또는 우편 접수 
- 접수처 : (26336) 강원특별자치도 원주시 호저로 47, 강원특별자치도경제진흥원 3층 성장지원부","방문 또는 우편 접수 
- 접수처 : (26336) 강원특별자치도 원주시 호저로 47, 강원특별자치도경제진흥원 3층 성장지원부",https://www.bizinfo.go.kr/sii/siia/selectSIIA200Detail.do?pblancId=PBLN_000000000122858,main,primary,강원2026년도내온라인쇼핑몰구축강원더몰ㆍ시군몰입점참여기업수시모집공고,강원특별자치도경제진흥원,2026-06-08~2026-08-21,내수,온라인
biz,PBLN_000000000122857,2026년 3차 해외항만개발 시장진출 지원사업 모집 공고,"해양수산부는 해외 유망사업 발굴을 지원하고 국내기업의 글로벌 항만시장 경쟁력 강화와 민간주도형 해외항만개발 시장 진출 활성화를 위한 지원사업의 일환으로 해외항만개발 시장진출 지원 사업을 추진하고 있으며. 지원 대상 사업을「해양수산부 국고보조금 관리에 관한 규정 제12조제2항」에 따라 다음과 같이 모집 공고하오니, 관심 있는 기업의 많은 신청 바랍니다.
☞ 건설산업기본법에 따라 종합공사를 시공하는 업종으로 등록한 건설사업자, 엔지니어링산업 진흥법에 따른 엔지니어링사업자, 그 외 해외항만 개발사업 수주ㆍ진출을 계획 중인 우리기업 
☞ 국내기업의 해외항만시장 진출 지원을 위한 다양한 해외진출 투자사업 발굴 및 추진에 수반되는 타당성 조사ㆍ분석 지원",판로/수출,한국항만협회,전국,중소기업,중소기업,,,,,,,해외진출준비,2026-06-01,2026-06-26,,"방문, 우편, 이메일 접수
- 접수처 : (07271) 서울특별시 영등포구 양산로 53, 707호
- 이메일 : kpha1001@koreaports.or.kr","방문, 우편, 이메일 접수
- 접수처 : (07271) 서울특별시 영등포구 양산로 53, 707호
- 이메일 : kpha1001@koreaports.or.kr",https://www.bizinfo.go.kr/sii/siia/selectSIIA200Detail.do?pblancId=PBLN_000000000122857,main,primary,2026년3차해외항만개발시장진출지원사업모집공고,한국항만협회,2026-06-01~2026-06-26,수출,해외진출준비
biz,PBLN_000000000122856,2026년 G-Bio Growth Lab 경기 바이오스타트업 기술검증ㆍ사업화지원 참가기업 모집 공고,"경기도경제과학진흥원은 성장 잠재력이 높은 바이오산업 분야 창업기업을 발굴하고 기술검증(PoC)ㆍ사업화 지원을 통한 경기도 바이오 스타트업 생태계 강화를 위하여 다음과 같이 참가기업 모집 공고를 진행하오니, 많은 관심과 참여 바랍니다.
☞ 경기도 내 본사/지사/연구소/공장을 등록(예정)한 7년 이내 기술창업 기업
※ 권역외기업 : 협약일로부터 1개월 이내 본사/지사/연구소/공장 이전ㆍ등록을 확약한 기업
※ 창업기업 : 중소기업창업지원법상의 창업기업으로 ’19.06.05. 이후 사업을 개시한 자(법인등기부등본 상의 회사설립연월일)
※ 중소기업창업 지원법 제25조 제4항에 따른 신산업 창업 분야의 경우 창업 10년 이하도 지원가능
☞ 오픈이노베이션, 액셀러레이팅, 투자유치, 글로벌 진출지원
-오픈이노베이션 : PoC 실증지원, PoC지원금(기업당 최대 500만원, 총2,000만원)
-액셀러레이팅 : 멘토링, 컨설팅
-투자유치 : 데모데이, 직접투자 등",창업,경기도경제과학진흥원,경기도,창업벤처,"스타트업,초기창업기업",,,,,,,사업화지원,2026-06-02,2026-06-22,,이메일 접수 (info@tbzpartners.co),이메일 접수 (info@tbzpartners.co),https://www.bizinfo.go.kr/sii/siia/selectSIIA200Detail.do?pblancId=PBLN_000000000122856,main,primary,2026년gbiogrowthlab경기바이오스타트업기술검증ㆍ사업화지원참가기업모집공고,경기도경제과학진흥원,2026-06-02~2026-06-22,창업,사업화지원
biz,PBLN_000000000122855,[서울] 2026년 아세안 전략 시장 진출 사업 참여기업 모집 공고,"서울경제진흥원은 서울 소재 중소기업의 아세안 시장 진출을 지원하고자,「아세안 전략 시장 진출 사업」참가기업을 모집하오니 많은 관심 바랍니다.
☞ 다음 자격을 모두 충족하는 기업
① 모집분야 : 뷰티(이너뷰티 포함) 관련 아이템을 보유한 중소기업
② 서울소재 : 본사, 지사, 연구소 중 1개 이상 서울에 소재한 중소기업
③ 해외참여 : 현지 파견 전일정(8. 24.(월) ~ 8. 29. (토))에 참여가 가능한 기업
☞ 시장 진출세미나, 바이어 매칭, 홍보물 제작, 1:1 수출상담회, 유관기관 네트워킹, 브랜드 쇼케이스",판로/수출,서울경제진흥원,서울특별시,중소기업,중소기업,,,,,,,해외진출준비,2026-06-01,2026-06-16,,온라인 접수(서울경제진흥원),온라인 접수(서울경제진흥원),https://www.bizinfo.go.kr/sii/siia/selectSIIA200Detail.do?pblancId=PBLN_000000000122855,main,primary,서울2026년아세안전략시장진출사업참여기업모집공고,서울경제진흥원,2026-06-01~2026-06-16,수출,해외진출준비
biz,PBLN_000000000122854,[충북] 2026년 에너지기업 수요맞춤형 기술개발지원사업 참여기업 추가모집 공고,"충청북도 내 에너지기업의 경쟁력 강화를 위하여 「2026년 에너지기업 수요맞춤형 기술개발지원사업」 시행계획을 아래와 같이 공고하오니 동 사업에 참여하고자 하는 도내 소재 에너지산업 분야의 중소기업은 사업 안내
에 따라 신청하여 주시기 바랍니다.
☞ 충북도 내 에너지산업 분야의 중소ㆍ벤처기업
- 지원분야 : 에너지신산업 전ㆍ후방 산업 분야(태양광, 수소 등 에너지 안전 및 효율, 스마트그리드 등)
☞ 에너지산업 분야의 R&D 기획(연구개발계획서 작성) 지원
- 기업에서 제안한 기획과제 주제 및 내용을 바탕으로 매칭된 기획기관에서 연구개발계획서 작성 지원(업체당 15,000천원 이내)
※ 자세한 지원내용 공고문 참조",기술,충북에너지산학융합원,충청북도,중소기업,중소기업,,,,,,,기술사업화/이전/지도,2026-04-08,2026-06-22,,온라인 접수(충북에너지산학융합원PMS),온라인 접수(충북에너지산학융합원PMS),https://www.bizinfo.go.kr/sii/siia/selectSIIA200Detail.do?pblancId=PBLN_000000000122854,main,primary,충북2026년에너지기업수요맞춤형기술개발지원사업참여기업추가모집공고,충북에너지산학융합원,2026-04-08~2026-06-22,기술,기술사업화/이전/지도
biz,PBLN_000000000122853,2026년 2차 방산 중소기업 컨설팅 지원사업 지원대상기업 모집 공고,"「방위산업 진입을 위한 지원사업 공통운영규정」(방위사업청 훈령 제808호) 및「방산 중소기업 컨설팅 지원사업 세부운영규정」(국방기술진흥연구소 규정)에 따라,「’26-2차 방산 중소기업 컨설팅 지원사업」의 지원대상기업 모집 및 선정 계획을 다음과 같이 공고합니다.
☞ 방산 중소기업 또는 방산분야 진출을 희망하는 중소기업 중 기술력을 갖춘 중소기업
☞ 기업의 컨설팅 수요에 따라 맞춤식으로 지원 (전문가 컨설팅 비용의 75% 이내, 기업당 1개 과제, 3천만 원 한도)
- 기술 분야, 경영 분야, 법률 분야, 행정 분야",경영,한국방위산업진흥회,방위사업청,중소기업,중소기업,,,,,,,컨설팅,2026-06-05,2026-06-25,,이메일 접수 (consul@kdia.or.kr),이메일 접수 (consul@kdia.or.kr),https://www.bizinfo.go.kr/sii/siia/selectSIIA200Detail.do?pblancId=PBLN_000000000122853,main,primary,2026년2차방산중소기업컨설팅지원사업지원대상기업모집공고,한국방위산업진흥회,2026-06-05~2026-06-25,경영,컨설팅
biz,PBLN_000000000122852,2026년 하반기 우수 상용품 시범사용 제안제품 접수 공고,"우수 상용품 시범사용 제도는 우수기술과 품질을 보유한 상용품을 선(先) 사용, 후(後) 결정하여 장병 만족도가 높은 민간제품을 적시에 도입하는 제도입니다. 2026년 하반기 우수 상용품 시범사용 제안품목 접수를 다음과 같이 공고하오니 국방조달시장에 진입하고자 하는 우수기업의 많은 관심과 신청 바랍니다. 
☞ 군수예산으로 조달 중이거나 조달 가능한 물자ㆍ장비류 관련 업체 
- 신청대상 품목 : 군수예산으로 조달 중이거나 조달 가능한 물자ㆍ장비류 (일반ㆍ특수차량, 피복ㆍ장구류 등)
※ 자세한 지원대상 공고문 참조
☞ (대면평가 통과제품) 제품설명 및 홍보 기회 지원
- (적합제품) 국방장관 명의 지정서 수여, 조달청 ‘국방상용물자 전용몰’ 등록지원, 조달청 벤처나라 추천, 국방분야 혁신제품 지정 추천, 군 수요 발생 시 군수품 채택 및 우선구매",경영,한국조달연구원,국방부,중소기업,중소기업,,,,,,,디자인/상품화/사업화,2026-06-02,2026-07-02,,온라인 접수 (한국조달연구원),온라인 접수 (한국조달연구원),https://www.bizinfo.go.kr/sii/siia/selectSIIA200Detail.do?pblancId=PBLN_000000000122852,main,primary,2026년하반기우수상용품시범사용제안제품접수공고,한국조달연구원,2026-06-02~2026-07-02,경영,디자인/상품화/사업화
biz,PBLN_000000000122851,[충남] 2026년 주력산업 기업 고용환경 개선 사업참여기업 모집 공고,"충청남도와 충남북부상공회의소에서는 도내 주력산업 기업의 열악한 고용환경을 개선하고, 전 세대를 아우르는 ‘상생형 포용 일터’를 구현하여 근로자의 복지 향상 및 장기 근속을 유도하고자「2026년 충남 주력산업 기업 고용환경 개선 사업」의 참여기업 모집을 다음과 같이 공고합니다.
☞ 사업자(법인)등록증 기준 충청남도 내 소재 상시근로자 수 5인 이상 500인 미만 중소ㆍ중견 자동차부품 제조업, 반도체 기업
☞  청년 친화 공간, 장년 숙련공 지원, 근무 친화 시설, 노후 복지 시설 개ㆍ보수 지원(기업당 최대 1,600만원 지원)",인력/일자리,충남북부상공회의소,충청남도,중소기업,중소기업,,,,,,,작업환경개선,2026-06-01,2026-06-12,,"방문 또는 우편, 이메일 접수
- 접수처 : 충남북부상공회의소 아산지소(충남 아산시 배방읍 배방로22, 삼영프라자 5층)
- 이메일 : saltlike@naver.com","방문 또는 우편, 이메일 접수
- 접수처 : 충남북부상공회의소 아산지소(충남 아산시 배방읍 배방로22, 삼영프라자 5층)
- 이메일 : saltlike@naver.com",https://www.bizinfo.go.kr/sii/siia/selectSIIA200Detail.do?pblancId=PBLN_000000000122851,main,primary,충남2026년주력산업기업고용환경개선사업참여기업모집공고,충남북부상공회의소,2026-06-01~2026-06-12,인력,작업환경개선
biz,PBLN_000000000122850,[경기] 2026 경기창업공모(G스타오디션) 도약리그 참가자 모집 공고,"2026 경기 창업 공모「G스타 오디션」“도약리그” 참가자를 모집하오니 역량 있는 예비 창업자 및 창업기업의 많은 참여를 바랍니다.
☞ 공고일 기준 경기도 거주 예비 창업가 및 경기도 소재 7년 이내(신산업분야 10년 이내) 창업자
- 참가분야 : AI, ICT, 반도체, 모빌리티, 친환경ㆍ에너지, 로봇, 바이오ㆍ헬스 등 기술ㆍ지식ㆍ신산업 사업화 아이템 (아이디어ㆍ기술ㆍ제품)
☞ 총 상금 5천만원 시상 및 상장 수여, 결선참가자 대상 역량강화 프로그램 지원, 경기도 창업지원사업 공간 우대 및 경기스타트업서밋 부스/밋업 우대 등 지원",창업,경기도경제과학진흥원,경기도,창업벤처,초기창업기업,,,,,,,사업화지원,2026-06-08,2026-06-30,,온라인 접수(경기도스타트업플랫폼),온라인 접수(경기도스타트업플랫폼),https://www.bizinfo.go.kr/sii/siia/selectSIIA200Detail.do?pblancId=PBLN_000000000122850,main,primary,경기2026경기창업공모g스타오디션도약리그참가자모집공고,경기도경제과학진흥원,2026-06-08~2026-06-30,창업,사업화지원
biz,PBLN_000000000122849,[서울] 2026년 2차 서울창업허브 글로벌 진출 PoCㆍ액셀러레이팅 참여기업 모집 공고,"서울창업허브는 서울 혁신기업의 글로벌 시장 진출을 지원하고자, 민간 전문 액셀러레이터 및 유관 기관, 현지 전문가 그룹과 협력하여 글로벌 진출 프로그램을 운영합니다. 이에 프로그램에 참여할 우수 혁신기업을 모집하오니 많은 참여 바랍니다.
☞ 다음의 자격을 모두 충족하는 창업기업
- 영어로 업무소통이 원활한 C레벨 담당자 또는 대표자 이상이 현지 체류일정에 참여가능 기업
- 본사가 서울에 소재하거나, 법인등기부등본에 서울 지점이 등록된 기업
- 본 프로그램의 모집 분야에 해당하는 기술이나 솔루션, MVP(최소기능제품)을 보유한 기업
- 1개 이상 국가로 비즈니스 진출이 가능한 준비 된 기업
☞ 액셀러레이팅, PoC 지원
- 액셀러레이팅: 글로벌 멘토링 및 IR피칭, 네트워킹 행사 등 현지 몰입형 프로그램 
- PoC(기술실증): 현지 수요처 기반 기술 실증을 통한 시장 검증 및 기술 현지화 지원
※ 자세한 지원내용 공고문 참조",창업,서울경제진흥원,서울특별시,창업벤처,초기창업기업,,,,,,,사업화지원,2026-06-04,2026-06-25,,온라인 접수 (스타트업플러스),온라인 접수 (스타트업플러스),https://www.bizinfo.go.kr/sii/siia/selectSIIA200Detail.do?pblancId=PBLN_000000000122849,main,primary,서울2026년2차서울창업허브글로벌진출pocㆍ액셀러레이팅참여기업모집공고,서울경제진흥원,2026-06-04~2026-06-25,창업,사업화지원
biz,PBLN_000000000122848,2026년 마켓플레이스 특화 비즈매칭 뉴욕 코믹콘(New York Comic Con) 참가기업 연장ㆍ추가모집 공고,"한국콘텐츠진흥원은 북미 최대 규모 엔터테인먼트 페스티벌 「2026 뉴욕 코믹콘(New York Comic Con) 참가사 모집」을 아래와 같이 시행하오니 게임 콘텐츠 기업의 적극적인 관심과 많은 참여 바랍니다. 
☞ 마켓플레이스 및 콘텐츠수출마케팅플랫폼 WelCon 등록 완료 기업
- 국산 게임 IP 사업권을 보유하고 있으며, 게임 IP 확장을 염두에 두고 구체적인사업을 진행하고 있는 기업(게임 개발사, 퍼블리셔, 에이전시 등)으로 뉴욕 코믹콘에서 게임 IP/확장 IP를 합해 2개 이상의 상품을 소개할 수 있는 기업
- 게임 IP 저작권을 소유하거나 절대적 협상권을 보유하여 직접 수출상담이 가능한 기업(게임 개발사, 퍼블리셔, 에이전시 등)
- 게임 IP와 확장 콘텐츠를 이용, ①뉴욕 코믹콘 한국 공동관에서 자사 게임 IP 및 확장 콘텐츠의 B2C 홍보, ②콘텐츠 체험을 통한 소비자 접촉, ③비즈매칭 참가를 통해 미국 진출 가능성을 타진해 보려는 기업
- 게임 IP와 확장 콘텐츠를 이용, 라이선싱/기획/제작/유통 및 배급/공동제작 등을 통해 해외 진출을 원하는 국내 게임 기업
- 콘텐츠 IP 홍보 및 IP 활용 상품 판매 등 미국시장 진출에 대한 참여 목적이 명확한 기업
- 대기업/중견기업/중소기업 등 기업 규모 상관없이 참가 가능
- 모집장르 : 게임
☞ 한국 공동관 운영, 비즈니스 지원, 체재지원
※ 자세한 지원내용 공고문 참조",판로/수출,한국콘텐츠진흥원,전국,중소기업,중소기업,,,,,,,해외진출,2026-06-04,2026-06-17,,온라인 접수(콘텐츠수출마케팅플랫폼),온라인 접수(콘텐츠수출마케팅플랫폼),https://www.bizinfo.go.kr/sii/siia/selectSIIA200Detail.do?pblancId=PBLN_000000000122848,main,primary,2026년마켓플레이스특화비즈매칭뉴욕코믹콘newyorkcomiccon참가기업연장ㆍ추가모집공고,한국콘텐츠진흥원,2026-06-04~2026-06-17,수출,해외진출
biz,PBLN_000000000122847,[경북] 2026년 경북 가상융합산업혁신센터 통합 기업지원사업 참여기업 모집 재공고,"구미전자정보기술원에서는 가상융합산업 분야 중소기업의 경쟁력 강화를 위한「2026년도 경북 가상융합산업혁신센터 통합 기업지원사업」을 다음과 같이 추진할 예정입니다. 지역 내 관련기업의 많은 관심과 참여를 바랍니다.
☞ 접수마감일 기준 본사 또는 지사의 소재지가 경북인 중소기업(법인 및 개인)
☞ 가상융합관련 서비스 제작 및 고도화, 기업 맞춤형 교육 지원
- (필수) 지원기업은 지원금의 20%이상을 현금 출자, 경북 가상융합산업 혁신센터 보유 장비를 활용한 서비스 실증 필수
- (서비스 개발 및 실증지원) 제작ㆍ전환하기 위해 필요한 인건비 및 직접비 지원
※ 자세한 지원내용 공고문 참조",기술,구미전자정보기술원,경상북도,중소기업,중소기업,,,,,,,기술사업화/이전/지도,2026-06-02,2026-06-19,,이메일 접수(hjshin@geri.re.kr),이메일 접수(hjshin@geri.re.kr),https://www.bizinfo.go.kr/sii/siia/selectSIIA200Detail.do?pblancId=PBLN_000000000122847,main,primary,경북2026년경북가상융합산업혁신센터통합기업지원사업참여기업모집재공고,구미전자정보기술원,2026-06-02~2026-06-19,기술,기술사업화/이전/지도
biz,PBLN_000000000122846,2026년 우수인재 연계 기업인턴십 참여 기업 모집 공고,"콘텐츠 분야 우수인재들 대상으로 인턴십 기회를 제공함으로써 실무역량을 갖춘 콘텐츠 전문인력을 양성하고 산업현장 중심의 인재 선순환 체계를 구축을 위해 인턴십 참여기업을 모집합니다.
☞ 콘텐츠 기업으로 한국콘텐츠진흥원 인재양성사업 프로그램 이수자를 대상으로 인턴십을 희망하는 대기업, 중견기업, 중소기업, 스타트업 등 기업(법인사업자)
☞ 기업별 인턴십 참여자 매칭 지원(기업별 제한없음) 및 월 임금 지원
※ 자세한 지원내용 공고문 참조",인력/일자리,한국콘텐츠진흥원,전국,중소기업,중소기업,,,,,,,국내일반인력,2026-06-05,2026-06-23,,이메일 접수 (startup@kocca.kr),이메일 접수 (startup@kocca.kr),https://www.bizinfo.go.kr/sii/siia/selectSIIA200Detail.do?pblancId=PBLN_000000000122846,main,primary,2026년우수인재연계기업인턴십참여기업모집공고,한국콘텐츠진흥원,2026-06-05~2026-06-23,인력,국내일반인력
biz,PBLN_000000000122845,K-뷰티 브랜드의 유럽 시장 진출을 위한 Pitti Fragranze 24 CODE KOREA 참여브랜드 모집 공고,"K-뷰티 브랜드의 유럽 시장 진출을 위해 이탈리아 피렌체 삐띠 프라그란쩨(Pitti Fragranze)에서 국내 코스메틱 브랜드 해외진출 확대를 위해 수주회 행사 개최 하오니, 많은 관심과 신청 바랍니다.
☞ 아래 조건을 모두 충족하는 창의적이며 기술지향적인 코스메틱 브랜드
- 한국 뷰티 브랜드 (스킨케어, 메이크업, 향수)
- 설립 후 2년 이상 경과하고, 국내외 세일즈 경험이 있는 브랜드
- 한국콘텐츠진흥원 WelCon Marketplace에 등록된 사업자로, 한국콘텐츠진흥원 지원과제 참가기준에 부합하는 사업자 (브랜드)
- 국내 사업자등록이 되어있는 법인 또는 개인사업자
☞ 수주회 부스 임차 및 디자인, 브랜드 지원비(홍보물 제작비, 화물운송비, 출장비 등 500만원 이내 실비 정산) 지원",판로/수출,한국콘텐츠진흥원,전국,중소기업,중소기업,,,,,,,시장개척,2026-06-18,2026-06-23,,온라인 접수 (콘텐츠수출마케팅플랫폼(Welcon)),온라인 접수 (콘텐츠수출마케팅플랫폼(Welcon)),https://www.bizinfo.go.kr/sii/siia/selectSIIA200Detail.do?pblancId=PBLN_000000000122845,main,primary,k뷰티브랜드의유럽시장진출을위한pittifragranze24codekorea참여브랜드모집공고,한국콘텐츠진흥원,2026-06-18~2026-06-23,수출,시장개척
biz,PBLN_000000000122844,[경기] 군포시 2026년 하반기 국내전시회 개별참가 지원사업 참여기업 모집 공고,"중소기업의 마케팅활동을 강화하고 국내 판로개척 지원을 위해 2026년도 하반기 국내전시회 개별참가 지원사업에 참여할 기업을 다음과 같이 모집하오니 많은 신청 바랍니다.
☞ 2026년 하반기(7월~11월) 중 개최되는 국내전시회에 참가 하고자 하는 군포시 소재(본사 또는 공장) 제조 중소기업
☞ 부스임차비(기본부스 3m × 3m), 기본 장치비(부스 내 전시 관련 장치물 및 부속시설 설치비), 홍보비(홍보 영상, 제품 카탈로그 제작비) 300만원 이내 지원",판로/수출,기초자치단체,경기도,중소기업,중소기업,,,,,,,오프라인,2026-06-08,2026-06-19,,"방문 또는 우편 접수
- 접수처 : (15829) 경기도 군포시 청백리길 6 (금정동) 군포시청 기업정책과
※ 우편접수시 2026. 6. 19.(금) 18시까지 도착분에 한함","방문 또는 우편 접수
- 접수처 : (15829) 경기도 군포시 청백리길 6 (금정동) 군포시청 기업정책과
※ 우편접수시 2026. 6. 19.(금) 18시까지 도착분에 한함",https://www.bizinfo.go.kr/sii/siia/selectSIIA200Detail.do?pblancId=PBLN_000000000122844,main,primary,경기군포시2026년하반기국내전시회개별참가지원사업참여기업모집공고,기초자치단체,2026-06-08~2026-06-19,내수,오프라인
biz,PBLN_000000000122843,[강원] 2026년 중앙아시아 의료기기 로드쇼 참가기업 모집 공고,"도내 중소기업의 경쟁력 강화 및 해외 신규 판로개척을 위하여 추진하는 「2026 중앙아시아 의료기기 로드쇼」에 참가할 기업을 아래와 같이 모집하오니, 참가를 희망하시는 도내기업의 많은 관심과 참여를 바랍니다.
☞ 도내 수출(희망) 의료기기 중소ㆍ제조기업
☞ 카자흐스탄 해외시장개척단 및 국내 로드쇼 운영 지원
- (해외시장개척단) 현지 바이어 매칭ㆍ상담, 통역, 기업 시찰 등 지원
- (국내 로드쇼) 중앙아시아 지역 바이어 초청 의료기기 전시ㆍ시연, 수출상담 지원",판로/수출,강원특별자치도경제진흥원,강원특별자치도,중소기업,중소기업,,,,,,,시장개척,2026-06-04,2026-06-26,,온라인 접수 (강원수출기업서포트),온라인 접수 (강원수출기업서포트),https://www.bizinfo.go.kr/sii/siia/selectSIIA200Detail.do?pblancId=PBLN_000000000122843,main,primary,강원2026년중앙아시아의료기기로드쇼참가기업모집공고,강원특별자치도경제진흥원,2026-06-04~2026-06-26,수출,시장개척
biz,PBLN_000000000122842,[대구] 2026년 관광 숙박시설 환경개선 참가 업체 모집 공고,"대구문화예술진흥원은 대구시와 함께 관광도시 대구 이미지 제고와 지역 숙박시설 부족문제 해결을 위해「2026 대구관광 숙박시설 환경개선 사업」을 아래와 같이 시행하오니 많은 관심과 참여를 바랍니다.
☞ 관광진흥법에 따른 대구 소재 관광숙박업, 공중위생관리법에 따른 대구 소재 일반숙박업
※ 자세한 지원대상 공고문 참조
☞ 트윈 객실 환경 조성, 간편조식 환경 조성 지원금 시설당 380만 원 정도 지원
※ 자세한 지원내용 공고문 참조",경영,대구문화예술진흥원,대구광역시,중소기업,중소기업,,,,,,,시설/입지지원,2026-06-08,2026-06-19,,"이메일 및 방문 접수
- 접수처 : 대구광역시 중구 달성로22길 31-12, 대구예술발전소 5층 관광본부 관광진흥팀
- 이메일 : ash@dgfca.or.kr
※ 자세한 신청방법 공고문 참조","이메일 및 방문 접수
- 접수처 : 대구광역시 중구 달성로22길 31-12, 대구예술발전소 5층 관광본부 관광진흥팀
- 이메일 : ash@dgfca.or.kr
※ 자세한 신청방법 공고문 참조",https://www.bizinfo.go.kr/sii/siia/selectSIIA200Detail.do?pblancId=PBLN_000000000122842,main,primary,대구2026년관광숙박시설환경개선참가업체모집공고,대구문화예술진흥원,2026-06-08~2026-06-19,경영,시설/입지지원
biz,PBLN_000000000122841,[경기] 하남시 2026년 맞춤형 온라인 마케팅 지원사업 참여기업 모집 공고(소상공인 마케팅 판로지원 사업),"하남시와 경기테크노파크에서는 관내 중소기업 및 소상공인 우수제품의 온라인 매출 증대와 시장 경쟁력, 자생력 강화를 위한 맞춤형 온라인 마케팅 지원사업을 다음과 같이 공고하오니 많은 기업의 참여를 바랍니다.
☞ 공고일 기준 하남시 관내 중소기업 및 소상공인 사업자
☞ 맞춤형 온라인 마케팅(최대 150만원/개사) 지원
- 제품홍보 상세페이지 제작지원
- 제품 홍보 동영상 제작지원
- 포털사이트 키워드광고, 쇼핑검색광고지원 등
- 라이브커머스, 홈쇼핑 및 글로벌이커머스 광고
- 택배 물류비 지원",판로/수출,경기테크노파크,경기도,중소기업,"소상공인,중소기업",,,,,,,홍보지원,2026-06-04,2026-06-19,,"온라인 및 방문, 우편, 이메일 접수
- 온라인 : 경기테크노파크 성과관리시스템
- 접수처 : 경기도 안산시 상록구 해안로 705 (재)경기테크노파크 4동(지원편의동) 3층 318호 기술사업화팀
- 이메일 : ygh6463@gtp.or.kr
※ 「2026_하남시_맞춤형온라인마케팅(회사명).zip」첨부파일 형태","온라인 및 방문, 우편, 이메일 접수
- 온라인 : 경기테크노파크 성과관리시스템
- 접수처 : 경기도 안산시 상록구 해안로 705 (재)경기테크노파크 4동(지원편의동) 3층 318호 기술사업화팀
- 이메일 : ygh6463@gtp.or.kr
※ 「2026_하남시_맞춤형온라인마케팅(회사명).zip」첨부파일 형태",https://www.bizinfo.go.kr/sii/siia/selectSIIA200Detail.do?pblancId=PBLN_000000000122841,main,primary,경기하남시2026년맞춤형온라인마케팅지원사업참여기업모집공고소상공인마케팅판로지원사업,경기테크노파크,2026-06-04~2026-06-19,내수,홍보지원
biz,PBLN_000000000122840,[경기] 2026년 중소기업 인플루언서 마케팅 지원사업 참여기업 모집 공고,"경기도와 경기도주식회사는 道내 중소기업 우수 제품의 유통 판로개척 및 내수 판매증진을 위하여 「2026년 중소기업 인플루언서 마케팅 지원사업」을 운영합니다. 이에 사업에 참여를 원하시는 지원기업을 다음과 같이 모집 하오니 많은 관심 및 신청 바랍니다.
☞ 경기도에 본사 또는 공장이 있는 중소기업(공고일 기준)
☞ 경기도주식회사와 협업 업체를 통한 인플루언서 홍보ㆍ판촉 지원",판로/수출,코리아경기도주식회사,경기도,중소기업,중소기업,,,,,,,홍보지원,2026-06-04,2026-06-15,,온라인 접수 (경기도주식회사),온라인 접수 (경기도주식회사),https://www.bizinfo.go.kr/sii/siia/selectSIIA200Detail.do?pblancId=PBLN_000000000122840,main,primary,경기2026년중소기업인플루언서마케팅지원사업참여기업모집공고,코리아경기도주식회사,2026-06-04~2026-06-15,내수,홍보지원
biz,PBLN_000000000122839,[부산] BGC 예비 개발자 점프업 지원 사업 참가자 모집 공고,"부산정보산업진흥원에서 부산지역의 창의적이고 독창적인 게임 개발 인재 발굴 및 예비창업자 육성을 위하여 <BGC 예비 개발자 점프업 지원 사업>에 도전할 참가자를 모집합니다. 무궁한 역량과 가능성을 지닌 여러분의 많은 관심과 참여 바랍니다.
☞ 부산 소재 게임개발에 관심 있는 4인 이하의 대학생, 동아리, 예비창업자 팀 또는 개인
- 지원조건 : 팀원 중 50% 이상이 부산 소재 학교 또는 거주자 등 부산 연고자
☞ 제작공간 및 개발활동 지원, 멘토링 운영, 게임 제작 및 창업지원금 등 지원
※ 자세한 지원내용 공고문 참조",창업,부산정보산업진흥원,부산광역시,창업벤처,초기창업기업,,,,,,,예비창업자지원,2026-06-04,2026-06-22,,이메일 접수 (dhrguswn1@bipa.kr),이메일 접수 (dhrguswn1@bipa.kr),https://www.bizinfo.go.kr/sii/siia/selectSIIA200Detail.do?pblancId=PBLN_000000000122839,main,primary,부산bgc예비개발자점프업지원사업참가자모집공고,부산정보산업진흥원,2026-06-04~2026-06-22,창업,예비창업자지원
biz,PBLN_000000000122838,[세종] 2026년 2차 지역주력산업육성(지역특화프로젝트 레전드50+2.0) 사업화지원 모집 공고(지능형 모빌리티 부품 및 기능성 바이오 소재 산업),"중소벤처기업부가 추진하는 지역특화 프로젝트「레전드 50+」참여기업 대상 주력산업 기업지원 프로그램을 안내하오니, 해당 프로그램에 참여를 희망하는 프로젝트 참여기업의 많은 신청 바랍니다.
☞ 세종지역 지역특화 프로젝트 2.0에 선정된 참여기업
-「지역중소기업법」상의 지역중소기업(중소기업 또는 중소기업협동조합)
- 사업장 소재지가 세종특별자치시 내 소재
☞ Pre R&D(R&D 기획, 기술이전, 기술지도, 장비지원, 인증지원, 특허지원), Post R&D(시제품제작, 제품고급화, 디자인, 시장조사, 마케팅, 컨설팅) 지원
- 기업당 최대 25백만원 이내에서 자유롭게 프로그램 구성
※ 자세한 지원내용 공고문 참조",기술,세종테크노파크,세종특별자치시,중소기업,중소기업,,,,,,,기술사업화/이전/지도,2026-06-05,2026-06-12,,온라인 접수(기업지원사업 관리시스템),온라인 접수(기업지원사업 관리시스템),https://www.bizinfo.go.kr/sii/siia/selectSIIA200Detail.do?pblancId=PBLN_000000000122838,main,primary,세종2026년2차지역주력산업육성지역특화프로젝트레전드5020사업화지원모집공고지능형모빌리티부품및기능성바이오소재산업,세종테크노파크,2026-06-05~2026-06-12,기술,기술사업화/이전/지도
biz,PBLN_000000000122837,2026년 판교허브 투자유치 밸류업 패키지 지원기업 모집 공고,"판교에 위치한 (재)경기콘텐츠진흥원 <남부권역센터>는「판교 경기문화창조허브」를 운영 중에 있으며, AIㆍ콘텐츠 분야 투자유치 프로그램 기반 기업의 투자 경쟁력 강화 및 성장 기반 확립을 목표로 <2026년 판교허브 투자유치 밸류업 패키지> 지원기업을 모집합니다. 성공적인 기업 성장을 위한 본 사업에 많은 관심과 신청을 바랍니다.
☞ 경기도 내 콘텐츠ㆍAI 융합 분야 창업 7년 이내 초기창업기업 
- 경기도 내 본사 이전 예정인 창업 7년 이내 초기창업기업(지사, 지점 불가)
※ 신청가능 업력 : `19. 6. 4. ~ `26. 6. 4.(당일포함)/협약체결 후 1개월내 도내 이전 필수
☞ 투자유치(기업진단, IR 피치덱 컨설팅, IR 인터뷰, 미디어 배포, VC 네트워킹, 단행본 제작) 지원
※ 자세한 지원내용 공고문 참조",창업,경기콘텐츠진흥원,경기도,창업벤처,초기창업기업,,,,,,,사업화지원,2026-06-04,2026-06-24,,"이메일 및 온라인 접수
- 이메일 : program@wowpartners.net 
- 온라인 : 구글폼
※ 이메일 제출 후 구글폼 접수","이메일 및 온라인 접수
- 이메일 : program@wowpartners.net 
- 온라인 : 구글폼
※ 이메일 제출 후 구글폼 접수",https://www.bizinfo.go.kr/sii/siia/selectSIIA200Detail.do?pblancId=PBLN_000000000122837,main,primary,2026년판교허브투자유치밸류업패키지지원기업모집공고,경기콘텐츠진흥원,2026-06-04~2026-06-24,창업,사업화지원
biz,PBLN_000000000122836,[경기] 2026년 제조로봇ㆍAI융합 실증지원 사업 공고(제조로봇 도입지원 사업),"경기도와 경기테크노파크가 도내 제조업의 혁신 촉진과 생산성 향상을 위해 추진하는 「2026년 제조로봇 도입지원 사업」 제조로봇ㆍAI 융합 실증지원을 다음과 같이 공고하오니 많은 참여 바랍니다.
☞ 도내 중소ㆍ중견기업(본사 또는 공장등록)으로 제조로봇ㆍAI 융합 실증 수행이 가능한 도입/공급기업으로 구성된 컨소시엄
- (도입기업) 로봇ㆍAI 융합 제조공정 도입 및 운영 등 실증이 가능한 기업
- (공급기업) 로봇ㆍAI 융합 제조공정 설치 및 유지보수 등이 가능한 기업
- 지원분야 : 뿌리(기계, 금속ㆍ플라스틱, 자동차, 전기전자), 조선ㆍ항공, 섬유, 식ㆍ음료, 바이오ㆍ화학, 로봇ㆍ장비 기타 제조 업종
☞ 로봇ㆍAI 융합 제조공정 실증을 위한 제조로봇 및 AI 솔루션 등 로봇 자동화 설비 구축 비용 지원",기술,경기테크노파크,경기도,중소기업,중소기업,,,,,,,기술사업화/이전/지도,2026-06-04,2026-06-30,,온라인 접수 (경기테크노파크 사업관리시스템),온라인 접수 (경기테크노파크 사업관리시스템),https://www.bizinfo.go.kr/sii/siia/selectSIIA200Detail.do?pblancId=PBLN_000000000122836,main,primary,경기2026년제조로봇ㆍai융합실증지원사업공고제조로봇도입지원사업,경기테크노파크,2026-06-04~2026-06-30,기술,기술사업화/이전/지도
biz,PBLN_000000000122835,[울산] 유망 소상공인 로컬브랜드 육성사업 참여기업 모집 연장 공고,"지역 내 유망 소상공인 대상 종합 마케팅 지원으로 브랜드 경쟁력이 우수한 기업가형 소상공인 육성을 위한 ‘유망 소상공인 로컬브랜드 육성사업’의 참여기업을 모집하오니 많은 신청 바랍니다.
☞ 공고일 기준 울산시 소재 업력 1년 이상 소상공인
☞ 전문 컨설팅, 마케팅 프로그램 및 판로개척 지원",경영,울산경제일자리진흥원,울산광역시,소상공인,소상공인,,,,,,,디자인/상품화/사업화,2026-06-04,2026-06-12,,이메일 접수(biz@ubpi.or.kr),이메일 접수(biz@ubpi.or.kr),https://www.bizinfo.go.kr/sii/siia/selectSIIA200Detail.do?pblancId=PBLN_000000000122835,main,primary,울산유망소상공인로컬브랜드육성사업참여기업모집연장공고,울산경제일자리진흥원,2026-06-04~2026-06-12,경영,디자인/상품화/사업화
biz,PBLN_000000000122834,[강원] 홍천군 2026년 중소기업 수출물류비 지원사업 참가기업 모집 공고,"홍천군 중소기업의 수출 물류비용 부담완화를 통해 해외시장 진출 및 수출증대에 기여하기 위한「2026년 홍천군 중소기업 수출물류비 지원사업」의 참가기업을 아래와 같이 모집하오니 많은 신청 바랍니다.
☞ 홍천군 소재 중소 제조기업
☞ 수출 목적 물류비용 300만원(공급가액의 90%) 지원",판로/수출,강원특별자치도경제진흥원,강원특별자치도,중소기업,중소기업,,,,,,,해외진출,예산 소진시까지,,,이메일 접수 (gpdls72@gwep.or.kr),이메일 접수 (gpdls72@gwep.or.kr),https://www.bizinfo.go.kr/sii/siia/selectSIIA200Detail.do?pblancId=PBLN_000000000122834,main,primary,강원홍천군2026년중소기업수출물류비지원사업참가기업모집공고,강원특별자치도경제진흥원,예산 소진시까지~,수출,해외진출
biz,PBLN_000000000122833,[경남] 2026년 농특산물 오픈마켓 기획전 T커머스 참여업체 모집 공고,"경상남도와 경상남도 투자경제진흥원에서는 경남 우수 농특산물 브랜드 이미지 제고 및 농가 매출 증대를 위해 경남 농특산물 오픈마켓 기획전에 참여할 업체를 모집하오니 많은 관심과 참여 바랍니다.
☞ 도내 농특산물(축산물 포함) 생산 농가 및 가공업체
- 공고일('26.6.8.) 기준 신청 업체의 사업장(본사 및 공장)은 도내 소재하여야 하며, 타지역 생산품 지원 불가
☞ T커머스 방송 송출(40~60분 편성) 및 기술 지원
- 방송 콘셉트, 사전 조사, 상품 구성, 진행자 섭외 등 기획 일체
- CS, QA, 법적 리스크 방지, 배송, 정산 등 운영지원
- 상품 판매 및 마케팅 관련 교육ㆍ컨설팅 실시
- SNS, 배너, 팝업 등 방송 사전ㆍ사후 홍보 진행
- 본 기획전 참여에 따른 기타 필요한 지원 사항 등",판로/수출,경남투자경제진흥원,경상남도,중소기업,중소기업,,,,,,,홍보지원,2026-06-08,2026-06-19,,이메일 접수 (jy08@giba.or.kr),이메일 접수 (jy08@giba.or.kr),https://www.bizinfo.go.kr/sii/siia/selectSIIA200Detail.do?pblancId=PBLN_000000000122833,main,primary,경남2026년농특산물오픈마켓기획전t커머스참여업체모집공고,경남투자경제진흥원,2026-06-08~2026-06-19,내수,홍보지원
biz,PBLN_000000000122832,[경북] 2026년 디지털전환 지원모델 확산사업 지역특화산업지원 참여기업 모집 재공고,"경북테크노파크는 경상북도의 지역특화산업 디지털 전환을 통해 지역경제 활성화와 新 부가가치 창출을 목적으로 「2026 경북 디지털전환 지원모델 확산사업의 지역특화산업지원」을 공고하오니 지역기업의 많은 참여 부탁드립니다.
☞ 경상북도 안동시, 상주시, 의성군, 예천군, 고령군에 소재한 지역특화상품 제조ㆍ가공기업
☞ 디지털ㆍ플랫폼 시스템(생산ㆍ제조, 선별, 검사, 포장 등) 개발 및 디지털ㆍ플랫폼 개발, 전문가 멘토링 (3회 이내, 필수사항) 지원
※ 자세한 지원내용 공고문 참조",기술,경북테크노파크,경상북도,중소기업,중소기업,,,,,,,기술사업화/이전/지도,2026-06-04,2026-06-18,,온라인 접수 (경북테크노파크 홈페이지),온라인 접수 (경북테크노파크 홈페이지),https://www.bizinfo.go.kr/sii/siia/selectSIIA200Detail.do?pblancId=PBLN_000000000122832,main,primary,경북2026년디지털전환지원모델확산사업지역특화산업지원참여기업모집재공고,경북테크노파크,2026-06-04~2026-06-18,기술,기술사업화/이전/지도
biz,PBLN_000000000122831,[대전] 2026년 글로벌 소셜 플라잉스타 참여기업 모집 공고,"대전창조경제혁신센터에서는「2026년 글로벌 소셜 플라잉스타」에 참여할 대전지역 우수 소셜벤처 기업을 모집합니다. 글로벌 비즈니스 기반 마련을 통한 글로벌 경쟁력 향상을 희망하는 대전 지역 내 우수 소셜벤처 기업의 많은 관심과 참여 바랍니다.
☞ 공고일(2026. 6. 4.) 기준 대전광역시 소재 기업이며, 글로벌 진출을 희망하는 창업 7년 이내 소셜벤처기업
- Track1(바이어연계형) : 대전소재, 7년이내 기술기반 소셜벤처(글로벌 BM(비즈니스 모델) 준비된 기업)
- Track2(PoC연계형) : 대전소재, 7년이내 기술기반 소셜벤처(글로벌 PoC 파트너가 확보된 기업)
☞ (공통지원) 기업 사전진단, 글로벌 시장분석, 글로벌 역량강화 프로그램(PMF), IR/PR 검토 및 제작 지원
- Track1(바이어연계형) : 글로벌 바이어 발굴 및 밋업, 글로벌 로드쇼, 글로벌 진출 자금 지원
- Track2(PoC연계형) : 글로벌 실증 파트너 매칭, PoC 수행 자금 지원",판로/수출,대전창조경제혁신센터,대전광역시,창업벤처,초기창업기업,,,,,,,해외진출,2026-06-15,2026-06-19,,이메일 접수(jkjk@ccei.kr),이메일 접수(jkjk@ccei.kr),https://www.bizinfo.go.kr/sii/siia/selectSIIA200Detail.do?pblancId=PBLN_000000000122831,main,primary,대전2026년글로벌소셜플라잉스타참여기업모집공고,대전창조경제혁신센터,2026-06-15~2026-06-19,수출,해외진출
biz,PBLN_000000000122830,2026년 경남 스타트업 핵심 IP(지식재산권) 권리화 지원사업 창업기업 모집 연장 공고(경남동부권 창업지원거점 G-Space@East),"유망 스타트업의 혁신 기술 보호를 위해 출원 전 IP 진단과 명세서 검증, 맞춤형 권리화 전략을 지원하여 지식재산 확보 및 사업화 경쟁력 강화를 돕는 「2026년 G-Space 스타트업 핵심 IP(지식재산권)권리화 지원사업」에 참여할 창업기업을 다음과 같이 연장하여 공고합니다.
☞ 경남 동부권(양산, 김해, 밀양) 소재 업력 7년 이내 창업기업
- 소재지 기준은 본점 또는 지점에 한함 (※그 외 연구소ㆍ공장 등은 신청 불가)
- 타 지역 지원자의 경우 협약체결 후 1개월 이내(2026년7월16일까지) 경남 동부권역 (양산, 김해, 밀양)을 본점 또는 지점으로 하는 사업자등록(이전)이 가능한 경우에 한하여 신청할 수 있음 (※ 타 지역 지원자가 최종 선정 후 상기 조건 미이행 시 선정취소)
☞ 기업당 최대 200만원 한도 내 IP 권리화 비용(실비), 파트너 변리사를 통한 IP 전략 컨설팅 및 명세서 품질 감수 등 지원",창업,경남창조경제혁신센터,경상남도,창업벤처,"스타트업,초기창업기업",,,,,,,사업화지원,2026-06-01,2026-06-15,,온라인 접수 (경남창업포털),온라인 접수 (경남창업포털),https://www.bizinfo.go.kr/sii/siia/selectSIIA200Detail.do?pblancId=PBLN_000000000122830,main,primary,2026년경남스타트업핵심ip지식재산권권리화지원사업창업기업모집연장공고경남동부권창업지원거점gspaceeast,경남창조경제혁신센터,2026-06-01~2026-06-15,창업,사업화지원
biz,PBLN_000000000122829,2026년 4차 수출 도전기업 IP위험 대응역량 강화사업 모집 공고,"수출 도전기업의 안정적인 해외진출과 수출활성화 도모를 위한 「수출 도전기업 IP위험 대응역량 강화사업」의 4차 모집을 다음과 같이 공고합니다.
☞ 최근 3년(‘24년~현재) 정부ㆍ지자체 등에서 수출판로 지원을 받은 내수 및 수출초보(수출 20만달러 미만) 중소ㆍ중견기업
☞ 기업의 수출 및 IP보유 현황, IP보호 수준 등 점검 지원
- 기업의 IP보호수준 및 수출단계에 따라 분쟁예방에 필요한 교육 지원
- 특허ㆍ상표ㆍ디자인 등 권리별 경쟁사 침해가능성 분석 지원",판로/수출,한국지식재산보호원,지식재산처,중소기업,중소기업,,,,,,,해외진출,2026-06-01,2026-06-15,,온라인 접수 (한국지식재산보호원),온라인 접수 (한국지식재산보호원),https://www.bizinfo.go.kr/sii/siia/selectSIIA200Detail.do?pblancId=PBLN_000000000122829,main,primary,2026년4차수출도전기업ip위험대응역량강화사업모집공고,한국지식재산보호원,2026-06-01~2026-06-15,수출,해외진출
biz,PBLN_000000000122828,[경북] 2026년 경북세일페스타 온라인 기획전 참여업체 모집 변경 공고,"경상북도와 경상북도경제진흥원은 지역 중소기업ㆍ소상공인 제품의 범국민 소비촉진을 통한 소비심리 안정과 지역경제 성장을 위해 다음과 같이 온라인 기획전을 추진하오니 많은 관심과 신청을 바랍니다.
☞ 전년도 매출액 120억원 미만인 도내 소재(사업자등록증 상) 중소기업ㆍ소상공인
- 경상북도 내 사업장을 두고 있는 중소기업 및 소상공인
- 중소기업 또는 소상공인 확인서 보유 업체
※ 자세한 지원대상 공고문 참조
☞ 업체별 최대 1,500만원 한도 내 지원(유통채널 최대 3개사 선택가능, 채널별 최대 500만원한도 내 지원)
- 경북 제품 최대 30%(최대 1만원) 할인쿠폰 지원 ※경북 내에서 제조ㆍ생산된 제품에 한하여 지원
- 채널별 메인페이지에 경북 전용관 신설
- 유통채널 내 선정기업 제품 상위노출
- 유통채널 상품기획자(MD)의 선정기업 밀착관리 및 멘토링
- 유통채널 : 공영홈쇼핑, 네이버, 롯데온, 오아시스, 우체국쇼핑, 지마켓, 현대이지웰",판로/수출,경상북도경제진흥원,경상북도,중소기업,중소기업,,,,,,,온라인,모집 완료시까지,,,이메일 접수 (gbsalefesta@gmail.com),이메일 접수 (gbsalefesta@gmail.com),https://www.bizinfo.go.kr/sii/siia/selectSIIA200Detail.do?pblancId=PBLN_000000000122828,main,primary,경북2026년경북세일페스타온라인기획전참여업체모집변경공고,경상북도경제진흥원,모집 완료시까지~,내수,온라인
biz,PBLN_000000000122827,[충북] 2026년 농식품 해외 무역사절단 파견(홍콩) 모집 공고,"도내 농식품 수출기업의 해외시장 개척 기회를 제공하기 위해 수출 유망지역 중심 무역사절단을 파견하고자 합니다. 
☞ 도내 농식품 수출기업
☞ 바이어 발굴 및 상담 지원비, 상담장 임차료, 통역비, 항공료 40%, 현지 차량 및 기타 행정 등 지원",판로/수출,충청북도기업진흥원,충청북도,중소기업,중소기업,,,,,,,해외진출준비,2026-06-04,2026-06-18,,온라인 접수(충북글로벌마케팅시스템),온라인 접수(충북글로벌마케팅시스템),https://www.bizinfo.go.kr/sii/siia/selectSIIA200Detail.do?pblancId=PBLN_000000000122827,main,primary,충북2026년농식품해외무역사절단파견홍콩모집공고,충청북도기업진흥원,2026-06-04~2026-06-18,수출,해외진출준비
biz,PBLN_000000000122826,2026년 제3회 신기술(NET)지정 신규신청(100대 전략품목 포함) 및 유효기간 연장신청 접수 공고,"「산업기술혁신 촉진법」제15조의2, 동법 시행령 제18조 내지 제18조의3 및 동법시행규칙 제2조 또는 제2조의3에 따라 2026년 제3회 신기술(NET)지정 신규신청(100대 전략품목 포함) 및 유효기간 연장신청 접수를 공고합니다.
☞ 신기술을 인증받고자 하는 기관의 장(기업, 출연(연), 대학 등)
- 신청일을 기준으로 다음 어느 하나에 해당하는 기술
ㆍ 이론으로 정립된 기술을 시작품 등으로 제작하여 시험 또는 운영함으로써 정량적 평가지표를 확보한 개발완료기술로 향후 2년 이내에 상용화가 가능한 기술
ㆍ 실증화시험을 통하여 정량적 평가지표를 확보한 개발완료기술로서 향후 기존 제품의 성능을 현저히 개선시킬 수 있는 기술
ㆍ 제품의 생산성이나 품질을 향후 현저히 향상시킬 수 있는 공정기술
☞ 신기술(NET) 지정 지원",기술,국가기술표준원,전국,중소기업,중소기업,,,,,,,시험/인증,2026-06-19,2026-07-20,,온라인 접수 (NET마크 홈페이지),온라인 접수 (NET마크 홈페이지),https://www.bizinfo.go.kr/sii/siia/selectSIIA200Detail.do?pblancId=PBLN_000000000122826,main,primary,2026년제3회신기술net지정신규신청100대전략품목포함및유효기간연장신청접수공고,국가기술표준원,2026-06-19~2026-07-20,기술,시험/인증
biz,PBLN_000000000122825,2026년 제3회 신제품(NEP)지정 신규신청(100대 전략품목 포함) 및 유효기간 연장신청 접수 공고,"「산업기술혁신 촉진법」제16조, 같은 법 시행령 제18조의5, 제19조 내지 제20조, 시행규칙 제2조의5 내지 제2조의7에 따라 2026년 제3회 신제품(NEP)지정 신규신청(100대 전략품목 포함) 및 유효기간 연장신청 접수를 공고합니다.
☞ 신제품을 지정받고자 하는 기관의 장(기업, 출연(연), 대학 등)
- 국내 최초 개발 또는 이에 준하는 대체기술로서 기존의 기술을 혁신적으로 개선·개량한 우수한 기술을 핵심 기술로 적용하여 실용화가 완료된 성능과 품질이 우수한 제품
☞ 신제품(NEP) 지정 등 지원",기술,국가기술표준원,전국,중소기업,중소기업,,,,,,,시험/인증,2026-06-22,2026-07-22,,온라인 접수 (NEP신제품지정),온라인 접수 (NEP신제품지정),https://www.bizinfo.go.kr/sii/siia/selectSIIA200Detail.do?pblancId=PBLN_000000000122825,main,primary,2026년제3회신제품nep지정신규신청100대전략품목포함및유효기간연장신청접수공고,국가기술표준원,2026-06-22~2026-07-22,기술,시험/인증
biz,PBLN_000000000122824,[경기] 수원시 2026년 미국 소비자가전 박람회(CES 2027) 수원시관 참가희망 기업 모집 공고,"수원시에서는 관내 창업ㆍ중소제조기업의 해외수출 개척 및 수출확대 등 해외마케팅 지원을 위해 세계 최대 소비자가전 박람회인「2027 미국 소비자전자제품전 (CES)」에 참가를 희망하는 관내 창업ㆍ중소제조기업을 모집하니 희망기업의 신청을 바랍니다. 
☞ 수원시 소재 중소제조기업
☞ 부스임차비ㆍ부스장치비 90% 지원
- 맞춤 지원금 150만원/기업당 지원 (편도운송ㆍ통역ㆍ미디어IR 중 다수 선택 가능)",판로/수출,경기도경제과학진흥원,경기도,중소기업,중소기업,,,,,,,시장개척,2026-06-01,2026-07-10,,이메일 접수 (u2vstty2@korea.kr),이메일 접수 (u2vstty2@korea.kr),https://www.bizinfo.go.kr/sii/siia/selectSIIA200Detail.do?pblancId=PBLN_000000000122824,main,primary,경기수원시2026년미국소비자가전박람회ces2027수원시관참가희망기업모집공고,경기도경제과학진흥원,2026-06-01~2026-07-10,수출,시장개척
biz,PBLN_000000000122823,[충북] 2026년 수출ㆍ온라인 자문관 활용 현장지원 사업 참여기업 모집공고 (해외 부문),"청주상공회의소와 충청북도는 해외진출을 희망하는 도내 수출 초보기업의 애로사항(전문인력ㆍ경험부족 등) 해소를 위해「2026 해외 수출 자문관 활용 현장지원 사업」을 추진합니다. 본 사업은 해외 현지 경험과 전문성을 갖춘 자문관을 기업과 1:1로 매칭하여, 시장조사부터 바이어 발굴 및 유통망 진출까지 실질적인 수출성과 창출을 지원하고자 합니다. 이에 본 사업에 참여할 도내 기업을 아래와 같이 모집하오니 많은 관심과 참여를 바랍니다.
☞ 충북에 본사 또는 공장이 소재하는 수출 초보기업 및 수출을 준비중인 유망 내수기업
☞ 기업별 수출 희망지역 및 품목 기반 1:1 매칭 컨설팅 지원
- 현지 시장조사 및 바이어 발굴, 현지 B2B 마케팅 세일즈, 현지 온라인 유통망 및 오프라인, 매장 입점, 해외 유통망 상품 소싱, 현지 온오프라인 해외 마케팅 등 자문관 활동 지원
※ 수출 희망 지역별 자문 품목, 분야가 상이하므로 자세한 지원내용 공고문 참조",판로/수출,청주상공회의소,충청북도,중소기업,중소기업,,,,,,,해외진출준비,2026-05-29,2026-06-14,,온라인 접수(충북글로벌마케팅시스템),온라인 접수(충북글로벌마케팅시스템),https://www.bizinfo.go.kr/sii/siia/selectSIIA200Detail.do?pblancId=PBLN_000000000122823,main,primary,충북2026년수출ㆍ온라인자문관활용현장지원사업참여기업모집공고해외부문,청주상공회의소,2026-05-29~2026-06-14,수출,해외진출준비
biz,PBLN_000000000122822,[강원] 2026년 4차 특허분쟁 대응전략 지원사업 공고(강원연계),"강원소재 중소기업의 특허ㆍ실용신안권을 보호하고 수출 경쟁력 강화를 위한 「특허분쟁 대응전략 지원사업」을 아래와 같이 4차 공고합니다.
☞ 해외기업과 특허분쟁(위험)이 있는 강원 소재 중소기업
☞ 분쟁방어(초기대응(특허침해분석(FTO 분석), 분쟁위험 사전대비전략)) 지원",기술,한국지식재산보호원,강원특별자치도,중소기업,중소기업,,,,,,,시험/인증,2026-06-01,2026-06-22,,온라인 접수 (관리시스템),온라인 접수 (관리시스템),https://www.bizinfo.go.kr/sii/siia/selectSIIA200Detail.do?pblancId=PBLN_000000000122822,main,primary,강원2026년4차특허분쟁대응전략지원사업공고강원연계,한국지식재산보호원,2026-06-01~2026-06-22,기술,시험/인증
biz,PBLN_000000000122821,[충남] 2026년 4차 특허분쟁 대응전략 지원사업 공고(충남연계),"충남소재 중소기업의 특허ㆍ실용신안권을 보호하고 수출 경쟁력 강화를 위한 「특허분쟁 대응전략 지원사업」을 아래와 같이 4차 공고합니다.
☞ 해외기업과 특허분쟁(위험)이 있는 충남 소재 중소기업
☞ 분쟁 상황에 따라 분쟁방어와 권리행사로 구분하여 지원(총 사업비의 70%)
- 분쟁방어 초기대응(특허침해분석(TRO분석), 분쟁위험 사전대비전략), 사후대응(특허보증, 경고장 대응전략, 소송 방어전략, 라이선스 협상전략) 지원
- 권리행사 초기대응(특허침해모니터링, 특허피침해분석), 사후대응(특허권행사(경고장 발송, 침해 제소), 특허권보호(이의신청, 무효ㆍ취소심판 대응)) 지원
※ 자세한 지원내용 공고문 참조",기술,한국지식재산보호원,충청남도,중소기업,중소기업,,,,,,,시험/인증,2026-06-01,2026-06-22,,온라인 접수 (관리시스템),온라인 접수 (관리시스템),https://www.bizinfo.go.kr/sii/siia/selectSIIA200Detail.do?pblancId=PBLN_000000000122821,main,primary,충남2026년4차특허분쟁대응전략지원사업공고충남연계,한국지식재산보호원,2026-06-01~2026-06-22,기술,시험/인증
biz,PBLN_000000000122820,2026년 한국형 ARPA-H 프로젝트 신규지원 대상과제 통합 공고,"2026년도 한국형 ARPA-H 프로젝트 신규지원 대상과제를 다음과 같이 공고하오니 해당 연구개발과제를 수행하고자 하는 자는 관련 규정에 따라 신청하여 주시기 바랍니다.
☞「상법」제169조에 따른 회사,「중소기업기본법」제2조에 따른 중소기업 등
※ 자세한 지원대상 공고문 참조
☞ 보건 안보, 미정복질환, 바이오헬스, 복지ㆍ돌봄, 필수의료 분야별 연구개발과제 지원
※ 자세한 지원내용 공고문 참조",기술,한국보건산업진흥원,보건복지부,중소기업,중소기업,,,,,,,공동기술개발,2026-06-10,2026-07-01,,온라인 접수(범부처통합연구지원시스템),온라인 접수(범부처통합연구지원시스템),https://www.bizinfo.go.kr/sii/siia/selectSIIA200Detail.do?pblancId=PBLN_000000000122820,main,primary,2026년한국형arpah프로젝트신규지원대상과제통합공고,한국보건산업진흥원,2026-06-10~2026-07-01,기술,공동기술개발
biz,PBLN_000000000122819,[대전] 2026년 4차 특허분쟁 대응전략 지원사업 공고(대전연계),"대전소재 중소기업의 특허ㆍ실용신안권을 보호하고 수출 경쟁력 강화를 위한 「특허분쟁 대응전략 지원사업」을 아래와 같이 4차 공고합니다.
☞ 해외기업과 특허분쟁(위험)이 있는 대전 소재 중소기업
☞ 분쟁 상황에 따라 분쟁방어와 권리행사로 구분하여 지원(총 사업비의 70%)
- 분쟁방어 초기대응(특허침해분석(TRO분석), 분쟁위험 사전대비전략), 사후대응(특허보증, 경고장 대응전략, 소송 방어전략, 라이선스 협상전략) 지원
- 권리행사 초기대응(특허침해모니터링, 특허피침해분석), 사후대응(특허권행사(경고장 발송, 침해 제소), 특허권보호(이의신청, 무효ㆍ취소심판 대응)) 지원
※ 자세한 지원내용 공고문 참조",기술,한국지식재산보호원,대전광역시,중소기업,중소기업,,,,,,,시험/인증,2026-06-01,2026-06-22,,온라인 접수 (관리시스템),온라인 접수 (관리시스템),https://www.bizinfo.go.kr/sii/siia/selectSIIA200Detail.do?pblancId=PBLN_000000000122819,main,primary,대전2026년4차특허분쟁대응전략지원사업공고대전연계,한국지식재산보호원,2026-06-01~2026-06-22,기술,시험/인증
biz,PBLN_000000000122818,[광주] AI 기반 중소기업 마케팅 경쟁력 강화 기업지원사업 참여기업 모집 공고,"광주광역시 소재 중소기업의 AI 기반 마케팅 활동을 지원하여 매출 증대 및 고용 창출을 도모하고자 2026년「AI 기반 중소기업 마케팅 경쟁력 강화 기업 지원」사업 참가기업을 모집합니다. 많은 관심과 신청 바랍니다.
☞ 광주광역시 소재 중소기업
☞ AI마케팅 교육+맞춤형 멘토링 2회 지원
- 교육 수료 중 우수기업 선정 마케팅 비용 지원
※ 기업 맞춤형 마케팅 지원 분야 : 홍보물 제작, 디자인 제작, 서비스 구축, 소셜미디어 운영
※ 자세한 지원내용 공고문 참조",경영,광주대학교 산학협력단,광주광역시,중소기업,중소기업,,,,,,,컨설팅,2026-05-01,2026-06-21,,"방문 또는 이메일 접수
- 접수처 : 광주광역시 남구 효덕로 277, 광주대학교 인성관 창업교육센터
- 이메일 : parkhyoll@naver.com","방문 또는 이메일 접수
- 접수처 : 광주광역시 남구 효덕로 277, 광주대학교 인성관 창업교육센터
- 이메일 : parkhyoll@naver.com",https://www.bizinfo.go.kr/sii/siia/selectSIIA200Detail.do?pblancId=PBLN_000000000122818,main,primary,광주ai기반중소기업마케팅경쟁력강화기업지원사업참여기업모집공고,광주대학교산학협력단,2026-05-01~2026-06-21,경영,컨설팅
biz,PBLN_000000000122817,[인천] 2026년 4차 특허분쟁 대응전략 지원사업 공고(인천연계),"인천소재 중소기업의 특허ㆍ실용신안권을 보호하고 수출 경쟁력 강화를 위한 「특허분쟁 대응전략 지원사업」을 아래와 같이 4차 공고합니다.
☞ 해외기업과 특허분쟁(위험)이 있는 인천 소재 중소기업
※ (신청대상) 미추홀구, 연수구, 남동구, 부평구, 서구 소재 중소기업
☞ 분쟁 상황에 따라 분쟁방어와 권리행사로 구분하여 지원(총 사업비의 70%)
- 분쟁방어 초기대응(특허침해분석(TRO분석), 분쟁위험 사전대비전략), 사후대응(특허보증, 경고장 대응전략, 소송 방어전략, 라이선스 협상전략) 지원
- 권리행사 초기대응(특허침해모니터링, 특허피침해분석), 사후대응(특허권행사(경고장 발송, 침해 제소), 특허권보호(이의신청, 무효ㆍ취소심판 대응)) 지원
※ 자세한 지원내용 공고문 참조",기술,한국지식재산보호원,인천광역시,중소기업,중소기업,,,,,,,시험/인증,2026-06-01,2026-06-22,,온라인 접수 (관리시스템),온라인 접수 (관리시스템),https://www.bizinfo.go.kr/sii/siia/selectSIIA200Detail.do?pblancId=PBLN_000000000122817,main,primary,인천2026년4차특허분쟁대응전략지원사업공고인천연계,한국지식재산보호원,2026-06-01~2026-06-22,기술,시험/인증
biz,PBLN_000000000122816,[전북] 2026년 3차 글로벌 IP스타기업 육성 해외출원비용지원사업 모집 공고,"2026년도 글로벌 IP스타기업 육성 해외출원비용 지원사업을 다음과 같이 공고하오니, 동 사업에 참여를 원하는 기업은 신청하여 주시기 바랍니다.
☞ 전북 글로벌 IP스타기업
☞ 해외 특허, 상표, 디자인 출원에 소요되는 비용 중 일부를 지원하며, 전북지식재산센터 컨설턴트의 컨설팅 병행 지원
※ 개별국 직접출원, PCT출원(국제/국내단계), 마드리드 국제상표출원, 헤이그 국제디자인출원 등 해외에서 권리 획득을 위한 모든 산업재산권 출원 가능",판로/수출,전북테크노파크,전북특별자치도,중소기업,중소기업,,,,,,,해외진출준비,2026-05-28,2026-06-19,,온라인 접수(RIPC사업관리시스템),온라인 접수(RIPC사업관리시스템),https://www.bizinfo.go.kr/sii/siia/selectSIIA200Detail.do?pblancId=PBLN_000000000122816,main,primary,전북2026년3차글로벌ip스타기업육성해외출원비용지원사업모집공고,전북테크노파크,2026-05-28~2026-06-19,수출,해외진출준비
biz,PBLN_000000000122815,[경북] 2026년 지역 대표 K-브랜드 100 지원 사업 지원 대상 모집 공고,"지역 활성화 도모를 위해 지역향토 문화ㆍ특산품의 특색을 반영한 IP권리화 및 브랜드 개발전략을 지원하는 「지역 대표 K-브랜드 100지원」사업을 아래와 같이 공고하오니 희망하는 지역특산품 생산ㆍ가공단체 및 소상공인 공동체 등은 아래에 따라 신청하여 주시기 바랍니다.
☞ 지역 특산품 생산ㆍ가공단체, 소상공인 공동체 등
☞ 공동상표 출원, 공동디자인 출원 등 10건 이상의 IP출원 지원
- 지원금 4,050만원(지원금 기준 3,240만원) 이내(과업기간 120일)",경영,경북지식재산센터,경상북도,소상공인,소상공인,,,,,,,디자인/상품화/사업화,2026-05-27,2026-06-10,,온라인 접수 (지역지식재산센터 사업관리시스템),온라인 접수 (지역지식재산센터 사업관리시스템),https://www.bizinfo.go.kr/sii/siia/selectSIIA200Detail.do?pblancId=PBLN_000000000122815,main,primary,경북2026년지역대표k브랜드100지원사업지원대상모집공고,경북지식재산센터,2026-05-27~2026-06-10,경영,디자인/상품화/사업화
biz,PBLN_000000000122814,[경기] 2026년 지역 대표 K-브랜드 100 지원 사업 지원 대상 모집 공고,"지역 활성화 도모를 위해 지역향토 문화ㆍ특산품의 특색을 반영한 IP권리화 및 브랜드 개발전략을 지원하는 「지역 대표 K-브랜드 100지원」사업을 아래와 같이 공고하오니 희망하는 지역특산품 생산ㆍ가공단체 및 소상공인 공동체 등은 아래에 따라 신청하여 주시기 바랍니다.
☞ 지역 특산품 생산ㆍ가공단체, 소상공인 공동체 등
- 관할구역 : 경기북부(포천, 연천, 동두천, 의정부, 남양주, 양주, 고양, 파주, 가평, 구리)를 제외한 경기도 전체 시군)
☞ 공동상표 출원, 공동디자인 출원 등 10건 이상의 IP출원 지원
- 지원금 4,050만원(지원금 기준 3,240만원) 이내(과업기간 120일)",경영,경기지식재산센터,경기도,소상공인,소상공인,,,,,,,디자인/상품화/사업화,2026-05-27,2026-06-10,,온라인 접수 (지역지식재산센터 사업관리시스템),온라인 접수 (지역지식재산센터 사업관리시스템),https://www.bizinfo.go.kr/sii/siia/selectSIIA200Detail.do?pblancId=PBLN_000000000122814,main,primary,경기2026년지역대표k브랜드100지원사업지원대상모집공고,경기지식재산센터,2026-05-27~2026-06-10,경영,디자인/상품화/사업화
biz,PBLN_000000000122813,[울산] 2026년 지역 대표 K-브랜드 100 지원 사업 지원 대상 모집 공고,"지역 활성화 도모를 위해 지역향토 문화ㆍ특산품의 특색을 반영한 IP권리화 및 브랜드 개발전략을 지원하는 「지역 대표 K-브랜드 100지원」사업을 아래와 같이 공고하오니 희망하는 지역특산품 생산ㆍ가공단체 및 소상공인 공동체 등은 아래에 따라 신청하여 주시기 바랍니다.
☞ 지역 특산품 생산ㆍ가공단체, 소상공인 공동체 등
☞ 공동상표 출원, 공동디자인 출원 등 10건 이상의 IP출원 지원
- 지원금 4,050만원(지원금 기준 3,240만원) 이내(과업기간 120일)",경영,울산지식재산센터,울산광역시,소상공인,소상공인,,,,,,,디자인/상품화/사업화,2026-05-27,2026-06-10,,온라인 접수 (지역지식재산센터 사업관리시스템),온라인 접수 (지역지식재산센터 사업관리시스템),https://www.bizinfo.go.kr/sii/siia/selectSIIA200Detail.do?pblancId=PBLN_000000000122813,main,primary,울산2026년지역대표k브랜드100지원사업지원대상모집공고,울산지식재산센터,2026-05-27~2026-06-10,경영,디자인/상품화/사업화
biz,PBLN_000000000122812,[세종] 2026년 지역 대표 K-브랜드 100 지원 사업 지원 대상 모집 공고(소상공인 IP 창출지원),"지역 활성화 도모를 위해 지역향토 문화ㆍ특산품의 특색을 반영한 IP권리화 및 브랜드 개발전략을 지원하는 「지역 대표 K-브랜드 100지원」사업을 아래와 같이 공고하오니 희망하는 지역특산품 생산ㆍ가공단체 및 소상공인 공동체 등은 아래에 따라 신청하여 주시기 바랍니다.
☞ 지역 특산품 생산ㆍ가공단체, 소상공인 공동체 등
☞ 공동상표 출원, 공동디자인 출원 등 10건 이상의 IP출원 지원
- 지원금 4,050만원(지원금 기준 3,240만원) 이내(과업기간 120일)",경영,세종지식재산센터,세종특별자치시,소상공인,소상공인,,,,,,,디자인/상품화/사업화,2026-05-27,2026-06-10,,온라인 접수 (지역지식재산센터 사업관리시스템),온라인 접수 (지역지식재산센터 사업관리시스템),https://www.bizinfo.go.kr/sii/siia/selectSIIA200Detail.do?pblancId=PBLN_000000000122812,main,primary,세종2026년지역대표k브랜드100지원사업지원대상모집공고소상공인ip창출지원,세종지식재산센터,2026-05-27~2026-06-10,경영,디자인/상품화/사업화
biz,PBLN_000000000122811,[대구] 2026년 지역 대표 K-브랜드 100 지원 사업 지원 대상 모집 공고,"지역 활성화 도모를 위해 지역향토 문화ㆍ특산품의 특색을 반영한 IP권리화 및 브랜드 개발전략을 지원하는 「지역 대표 K-브랜드 100지원」사업을 아래와 같이 공고하오니 희망하는 지역특산품 생산ㆍ가공단체 및 소상공인 공동체 등은 아래에 따라 신청하여 주시기 바랍니다.
☞ 지역 특산품 생산ㆍ가공단체, 소상공인 공동체 등
☞ 공동상표 출원, 공동디자인 출원 등 10건 이상의 IP출원 지원
- 지원금 4,050만원(지원금 기준 3,240만원) 이내(과업기간 120일)",경영,대구지식재산센터,대구광역시,소상공인,소상공인,,,,,,,디자인/상품화/사업화,2026-05-27,2026-06-10,,온라인 접수 (지역지식재산센터 사업관리시스템),온라인 접수 (지역지식재산센터 사업관리시스템),https://www.bizinfo.go.kr/sii/siia/selectSIIA200Detail.do?pblancId=PBLN_000000000122811,main,primary,대구2026년지역대표k브랜드100지원사업지원대상모집공고,대구지식재산센터,2026-05-27~2026-06-10,경영,디자인/상품화/사업화
biz,PBLN_000000000122810,[부산] 2026년 지역 대표 K-브랜드 100 지원 사업 지원 대상 모집 공고,"지역 활성화 도모를 위해 지역향토 문화ㆍ특산품의 특색을 반영한 IP권리화 및 브랜드 개발전략을 지원하는 「지역 대표 K-브랜드 100지원」사업을 아래와 같이 공고하오니 희망하는 지역특산품 생산ㆍ가공단체 및 소상공인 공동체 등은 아래에 따라 신청하여 주시기 바랍니다.
☞ 지역 특산품 생산ㆍ가공단체, 소상공인 공동체 등
☞ 공동상표 출원, 공동디자인 출원 등 10건 이상의 IP출원 지원
- 지원금 4,050만원(지원금 기준 3,240만원) 이내(과업기간 120일)",경영,부산지식재산센터,부산광역시,소상공인,소상공인,,,,,,,디자인/상품화/사업화,2026-05-27,2026-06-10,,온라인 접수 (지역지식재산센터 사업관리시스템),온라인 접수 (지역지식재산센터 사업관리시스템),https://www.bizinfo.go.kr/sii/siia/selectSIIA200Detail.do?pblancId=PBLN_000000000122810,main,primary,부산2026년지역대표k브랜드100지원사업지원대상모집공고,부산지식재산센터,2026-05-27~2026-06-10,경영,디자인/상품화/사업화
biz,PBLN_000000000122809,[전북] 2026년 지역 대표 K-브랜드 100 지원 사업 지원 대상 모집 공고,"전북 지역 활성화 도모를 위해 지역향토 문화ㆍ특산품의 특색을 반영한 IP권리화 및 브랜드 개발전략을 지원하는 「지역 대표 K-브랜드 100지원」사업을 아래와 같이 공고하오니 희망하는 지역특산품 생산ㆍ가공단체 및 소상공인 공동체 등은 아래에 따라 신청하여 주시기 바랍니다.
☞ 전북도내 지역 특산품 생산ㆍ가공단체, 소상공인 공동체 등
☞ 공동상표 출원, 공동디자인 출원 등 10건 이상의 IP출원 지원
- 지원금 4,050만원(지원금 기준 3,240만원) 이내(과업기간 120일)",경영,전북지식재산센터,전북특별자치도,소상공인,소상공인,,,,,,,디자인/상품화/사업화,2026-05-27,2026-06-10,,온라인 접수 (지역지식재산센터 사업관리시스템),온라인 접수 (지역지식재산센터 사업관리시스템),https://www.bizinfo.go.kr/sii/siia/selectSIIA200Detail.do?pblancId=PBLN_000000000122809,main,primary,전북2026년지역대표k브랜드100지원사업지원대상모집공고,전북지식재산센터,2026-05-27~2026-06-10,경영,디자인/상품화/사업화
biz,PBLN_000000000122808,[충북] 2026년 제조 AI 현장 적용 지원 사업 수혜기업 모집 공고,"2026년도 중소벤처기업부, 중소기업기술정보진흥원, 충청북도 청주시, 충주시, 진천군, 음성군, 충북테크노파크가 지원하는 제조 AI 현장 적용 지원 사업을 안내하오니, 해당 프로그램 참여를 희망하는 중견ㆍ중소기업은 아래 내용을 참고하여 신청하시기 바랍니다.
☞ 충북 청주시, 충주시, 진천군, 음성군 내 제조기업(본사, 공장 등) 중, 공정을 보유한 융합바이오 산업 관련 중소ㆍ중견기업 대상
※ 융합바이오 대표 산업군 : 의료, 바이오, 화장품, 식품, 제지
※ 자세한 지원대상 공고문 참조
☞ 융합바이오 산업의 제조 현장에서 발생하는 다양한 공정상 애로점을 해결하기 위해, AI 기술을 접목하여 그 효과와 가능성을 현장(수요기업)에서 직접 검증 후, 실증 지원
- 원활한 사업 수행을 위해 제조 AI 현장 적용 지원 사업에 필요한 일련의 과정(① 데이터 컨설팅, ② 제조 AI 현장 적용 지원, ③ 제조 특화 AX 검증, ④ 사후관리)을 협력기관에서 일괄 지원",기술,충북테크노파크,충청북도,중소기업,중소기업,,,,,,,기술사업화/이전/지도,2026-06-01,2026-06-19,,온라인 접수(스마트공장 사업관리 시스템),온라인 접수(스마트공장 사업관리 시스템),https://www.bizinfo.go.kr/sii/siia/selectSIIA200Detail.do?pblancId=PBLN_000000000122808,main,primary,충북2026년제조ai현장적용지원사업수혜기업모집공고,충북테크노파크,2026-06-01~2026-06-19,기술,기술사업화/이전/지도
biz,PBLN_000000000122807,2026년 2차 미래차 애프터마켓부품 산업 활성화 기반구축 기업지원 수혜기업 통합 공고,"우리 기관은 산업통상자원부가 시행하는 「미래차 애프터마켓부품 산업 활성화 기반구축(2차년도)」과제의 주관기관으로서, 미래차 애프터마켓부품 분야 중소·중견 기업의 기술 고도화 및 글로벌 경쟁력 강화를 위해 다음과 같이 기업지원 수혜기업 모집을 공고하오니, 관심 있으신 기업의 많은 참여 바랍니다.
☞ 중소ㆍ중견 미래차 애프터마켓부품 관련 기업
☞ 기술, 국내 애프터마켓 사업화, 해외 애프터마켓 사업화, 시험평가 지원
- 기술 지원 : 애로기술 컨설팅, 벤치마킹 지원, 국내외 인증 및 평가 지원, 시제품 제작 
- 국내 애프터마켓 사업화 지원 : 애프터마켓부품 사업화를 위한 국내 전시회 지원
- 해외 애프터마켓 사업화 지원 : 해외 진출 및 수출을 위한 해외 전시회 및 수출상담회 지원
- 시험평가 지원 : 지원기관 보유 장비 활용 시험ㆍ평가ㆍ인증 지원
※ 자세한 지원내용 공고문 참조",기술,경북IT융합산업기술원,경상북도,중소기업,중소기업,,,,,,,기술사업화/이전/지도,2026-06-02,2026-06-19,,"이메일 접수 (shj@gitc.or.kr)
※ 이메일 접수 시, 반드시 담당자와 수령 여부 확인 必","이메일 접수 (shj@gitc.or.kr)
※ 이메일 접수 시, 반드시 담당자와 수령 여부 확인 必",https://www.bizinfo.go.kr/sii/siia/selectSIIA200Detail.do?pblancId=PBLN_000000000122807,main,primary,2026년2차미래차애프터마켓부품산업활성화기반구축기업지원수혜기업통합공고,경북it융합산업기술원,2026-06-02~2026-06-19,기술,기술사업화/이전/지도
biz,PBLN_000000000122806,[광주] 2026년 지역 대표 K-브랜드 100 지원 사업 지원 대상 모집 공고,"지역 활성화 도모를 위해 지역향토 문화ㆍ특산품의 특색을 반영한 IP권리화 및 브랜드 개발전략을 지원하는 「지역 대표 K-브랜드 100지원」사업을 아래와 같이 공고하오니 희망하는 지역특산품 생산ㆍ가공단체 및 소상공인 공동체 등은 아래에 따라 신청하여 주시기 바랍니다.
☞ 지역 특산품 생산ㆍ가공단체, 소상공인 공동체 등
☞ 공동상표 출원, 공동디자인 출원 등 10건 이상의 IP출원 지원
- 지원금 4,050만원(지원금 기준 3,240만원) 이내(과업기간 120일)",경영,광주지식재산센터,광주광역시,소상공인,소상공인,,,,,,,디자인/상품화/사업화,2026-05-27,2026-06-10,,온라인 접수 (지역지식재산센터 사업관리시스템),온라인 접수 (지역지식재산센터 사업관리시스템),https://www.bizinfo.go.kr/sii/siia/selectSIIA200Detail.do?pblancId=PBLN_000000000122806,main,primary,광주2026년지역대표k브랜드100지원사업지원대상모집공고,광주지식재산센터,2026-05-27~2026-06-10,경영,디자인/상품화/사업화
biz,PBLN_000000000122805,[경기] 군포시ㆍ의왕시 2026년 동남아 시장개척단 참가기업 모집공고,"군포시ㆍ의왕시와 (재)경기도경제과학진흥원에서는 군포시ㆍ의왕시 관내 중소기업의 해외 신규 판로 개척 지원 및 수출 증진을 위한「2026년 군포ㆍ의왕 동남아 시장개척단」참가기업을 아래와 같이 모집하오니 많은 신청 바랍니다. 
☞ 군포시ㆍ의왕시 소재(본사 또는 공장) 수출중소기업
☞ 바이어 발굴 및 섭외, 1:1 바이어 상담 알선
- 상담통역비(업체당 1人), 상담주선 용역비 등 수출상담회 운영비용 일체
- 항공료 일부 지원(1사 1인 限, 50% 이내(기업당 최대 70만원))",판로/수출,경기도경제과학진흥원,경기도,중소기업,중소기업,,,,,,,시장개척,2026-06-01,2026-06-18,,온라인 접수 (경기기업비서),온라인 접수 (경기기업비서),https://www.bizinfo.go.kr/sii/siia/selectSIIA200Detail.do?pblancId=PBLN_000000000122805,main,primary,경기군포시ㆍ의왕시2026년동남아시장개척단참가기업모집공고,경기도경제과학진흥원,2026-06-01~2026-06-18,수출,시장개척
biz,PBLN_000000000122803,[강원] 남부 2026년 지역 대표 K-브랜드 100 지원 사업 지원 대상 모집 공고,"지역 활성화 도모를 위해 지역향토 문화ㆍ특산품의 특색을 반영한 IP권리화 및 브랜드 개발전략을 지원하는 「지역 대표 K-브랜드 100지원」사업을 아래와 같이 공고하오니 희망하는 지역특산품 생산ㆍ가공단체 및 소상공인 공동체 등은 아래에 따라 신청하여 주시기 바랍니다.
☞ 지역 특산품 생산ㆍ가공단체, 소상공인 공동체 등
※ 관할구역 : 태백, 강릉, 동해, 삼척, 정선
☞ 공동상표 출원, 공동디자인 출원 등 10건 이상의 IP출원 지원
- 지원금 4,050만원(지원금 기준 3,240만원) 이내(과업기간 120일)",경영,강원남부지식재산센터,강원특별자치도,소상공인,소상공인,,,,,,,디자인/상품화/사업화,2026-05-27,2026-06-10,,온라인 접수 (지역지식재산센터 사업관리시스템),온라인 접수 (지역지식재산센터 사업관리시스템),https://www.bizinfo.go.kr/sii/siia/selectSIIA200Detail.do?pblancId=PBLN_000000000122803,main,primary,강원남부2026년지역대표k브랜드100지원사업지원대상모집공고,강원남부지식재산센터,2026-05-27~2026-06-10,경영,디자인/상품화/사업화
biz,PBLN_000000000122802,[경기] 김해시 2026년 1차 1인 창조기업 지원센터 선택형 지원사업 프로그램 모집 공고,"김해시1인창조기업 지원센터 운영사업의 일환으로 입주기업 및 3년이내 졸업기업을 대상으로 사업추진에 따른 맞춤형 지원 프로그램을 운영하여 창업기업의 수익창출 및 안정적 성장에 기여하기 위하여「2026년 김해시1인창조기업 지원센터 1차 선택형지원사업 프로그램 추진 계획」을 실시 하오니, 많은 관심과 신청 바랍니다.
☞ 선택형 사업 모집 공고일 기준 입주기업 및 당해연도 포함 3년이내 졸업기업
☞ 사업화 및 판로개척 지원(기업당 2,000천원~5,000천원, 평가심사를 통한 차등 지급)
※ 자세한 지원내용 공고문 참조",창업,김해의생명산업진흥원,경기도,창업벤처,초기창업기업,,,,,,,사업화지원,2026-06-02,2026-06-10,,"방문 및 이메일 접수
- 접수처 : 문의처 문의
- 이메일 : hyeyoung@gbia.or.kr","방문 및 이메일 접수
- 접수처 : 문의처 문의
- 이메일 : hyeyoung@gbia.or.kr",https://www.bizinfo.go.kr/sii/siia/selectSIIA200Detail.do?pblancId=PBLN_000000000122802,main,primary,경기김해시2026년1차1인창조기업지원센터선택형지원사업프로그램모집공고,김해의생명산업진흥원,2026-06-02~2026-06-10,창업,사업화지원
biz,PBLN_000000000122801,2026년 수출기업 맞춤형 조사 지원사업 추가 모집 공고,"신규 해외 수출 및 시장 확대를 준비하는 수출기업에 맞춤형 정보를 제공함으로써 농식품 수출 확대 도모하기 위한 사업입니다. 농식품(신선농산물 및 가공농산물) 수출기업 및 농가 관계자 여러분의 많은 관심과 신청 바랍니다.
☞ 농식품(신선농산물 및 가공농산물) 수출기업 및 농가
☞ 시장분석형(Type A) 및 경쟁력분석형(Type B) 보고서 지원 
※ 자세한 지원내용 공고문 참조",판로/수출,한국농수산식품유통공사,전국,중소기업,중소기업,,,,,,,해외진출,모집 완료시,,,"온라인 접수(aT 수출종합지원시스템)
※ 자세한 신청방법 공고문 참조","온라인 접수(aT 수출종합지원시스템)
※ 자세한 신청방법 공고문 참조",https://www.bizinfo.go.kr/sii/siia/selectSIIA200Detail.do?pblancId=PBLN_000000000122801,main,primary,2026년수출기업맞춤형조사지원사업추가모집공고,한국농수산식품유통공사,모집 완료시~,수출,해외진출
biz,PBLN_000000000122800,[전남] 목포시 2026년 여성친화기업 지원 사업 기업환경 개선 참여기업 모집 공고,"목포여성새로일하기센터에서는 목포시 소재 기업중 여성이 일하기 좋은 기업환경을 조성하고자 하는 기업에 환경개선비를 지원하는 사업입니다. 많은 관심과 신청 바랍니다.
☞ 상시근로자 5인 ~ 300인 미만 사업장, 여성근로자 비율이 상시근로자 20%이상인 사업장
☞ 환경개선 지원금 지원(기업당 최대 500만원)
- 여성화장실, 휴게실(수유실), 작업공간 등 여성근로자를 위한 환경개선금 지원
- 여성친화기업 현판제작 및 선정기업 홍보지원",경영,목포여성새로일하기센터,전라남도,중소기업,"여성,중소기업",,,,,,,시설/입지지원,2026-06-01,2026-08-31,,"방문, 이메일 접수
- 접수처 : 목포여성새로일하기센터
- 이메일 : 문의처로 문의","방문, 이메일 접수
- 접수처 : 목포여성새로일하기센터
- 이메일 : 문의처로 문의",https://www.bizinfo.go.kr/sii/siia/selectSIIA200Detail.do?pblancId=PBLN_000000000122800,main,primary,전남목포시2026년여성친화기업지원사업기업환경개선참여기업모집공고,목포여성새로일하기센터,2026-06-01~2026-08-31,경영,시설/입지지원
biz,PBLN_000000000122799,2026년 2차 종균활용 발효식품산업지원 사업 모집 공고,"식품산업진흥법 제19조의3(농산물가공품 생산 등의 지원) 및 농업ㆍ농촌 및 식품산업기본법 제21조(식품산업의 육성)에 따라 전통발효식품산업 발전을 도모하기 위하여「종균활용 발효식품산업지원」사업에 대한 2026년 사업대상자 2차 모집을 아래와 같이 공고합니다.
☞ 장류ㆍ식초류 제조업체
- 식품위생법에 따른 장류, 식초류 제조업으로 등록된 식품기업, 영농조합법인, 농업회사법인 등으로 평균매출액 또는 연간매출액이 1,200억원 이하인 업체
※농림축산식품분야 재정사업관리 기본규정 제35조 제9항의 조건을 구비한 농업법인
☞ 기업 맞춤형 유용 균주를 활용한 장류, 식초류 제품 개발 생산 지원(개소당 사업비 최대 28백만원)
- (종균 생산ㆍ보급) 장류, 식초류 제조업체가 필요로 하는 제품을 생산하기 위해 맞춤형 종균 생산 및 보급
- (컨설팅) 종균을 활용한 시제품 테스트 및 제조, 품질관리, 제품생산에 필요한 기술 지원 등 컨설팅비 지원
- (상품화지원) 제품 생산에 필요한 원ㆍ부재료, 디자인개발비, 포장재 등 지원",기술,한국농수산식품유통공사,전국,중소기업,중소기업,,,,,,,기술사업화/이전/지도,2026-06-02,2026-06-17,,이메일 접수(atfood@at.or.kr),이메일 접수(atfood@at.or.kr),https://www.bizinfo.go.kr/sii/siia/selectSIIA200Detail.do?pblancId=PBLN_000000000122799,main,primary,2026년2차종균활용발효식품산업지원사업모집공고,한국농수산식품유통공사,2026-06-02~2026-06-17,기술,기술사업화/이전/지도
biz,PBLN_000000000122797,2026년 4차 수출용 홍보자료(샘플) 지원 사업 공고,"국내 출판물 해외시장 접근성 확대 및 수출 활성화 제고를 위해「2026년 제4차 수출용 홍보자료(샘플) 지원 사업」을 다음과 같이 공고합니다. 출판 관계자 여러분의 많은 관심과 참여 부탁드립니다.
☞ 해외 진출을 희망하는 국내 출판사 및 에이전시
☞ 서지 정보, 작가ㆍ작품 소개, 마케팅 정보, 도서 내용 일부 발췌 번역 및 감수비 지원, 도서별 샘플 최대 2개 외국어까지 번역ㆍ감수 지원
※ 자세한 지원내용 공고문 참조",판로/수출,한국출판문화산업진흥원,전국,중소기업,중소기업,,,,,,,해외진출준비,2026-06-01,2026-06-30,,온라인 접수(K-BOOK),온라인 접수(K-BOOK),https://www.bizinfo.go.kr/sii/siia/selectSIIA200Detail.do?pblancId=PBLN_000000000122797,main,primary,2026년4차수출용홍보자료샘플지원사업공고,한국출판문화산업진흥원,2026-06-01~2026-06-30,수출,해외진출준비
biz,PBLN_000000000122796,[전북] 2026년 가상융합산업 얼라이언스 프로젝트 그룹  운영사업 참여기업 모집 재공고(전북 가상융합산업혁신센터 운영사업),"전주정보문화산업진흥원(전북가상융합산업혁신센터)은 전북 지역 산업과 일상 전반에 가상융합기술(XR)을 활용한 AI 전환(AX)을 촉진하고, 지역 내 혁신 경제 성장 동력을 창출하기 위해 도내 기업 수요 기반의 민ㆍ관 협력 체계 구축을 통해 AI와 가상융합기술을 결합한 지역 인프라 연계형 특성화 기획 과제 및 협력 사업을 발굴할 도내 기업을 모집하고자 하오니, 관련 기업의 많은 관심과 참여를 바랍니다.
☞ (주관) 전북특별자치도에 소재한 가상융합기술ㆍAIㆍ디지털 트윈 관련 기업
- (참여) 국내ㆍ외 법인(산ㆍ학ㆍ연ㆍ관)
☞ 가상융합산업 얼라이언스 프로젝트 그룹 활동 지원
- 과제 그룹의 사업 기획 과제 도출에 필요한 전문가 컨설팅 지원
- 전북 가상융합산업혁신센터 인프라(시설ㆍ장비) 지원",기술,전주정보문화산업진흥원,전북특별자치도,중소기업,중소기업,,,,,,,기술사업화/이전/지도,2026-06-02,2026-06-17,,"이메일 접수 (sky4377@jica.or.kr)
※ 메일 접수 후, 확인 전화 필수","이메일 접수 (sky4377@jica.or.kr)
※ 메일 접수 후, 확인 전화 필수",https://www.bizinfo.go.kr/sii/siia/selectSIIA200Detail.do?pblancId=PBLN_000000000122796,main,primary,전북2026년가상융합산업얼라이언스프로젝트그룹운영사업참여기업모집재공고전북가상융합산업혁신센터운영사업,전주정보문화산업진흥원,2026-06-02~2026-06-17,기술,기술사업화/이전/지도
biz,PBLN_000000000122795,[전북] 2026년 전북형 첨단섬유산업 육성지원사업 참여기업 모집 추가 공고,"ECO융합섬유연구원은 2026년도 전북특별자치도가 지원하는「전북형 첨단섬유산업 육성지원」사업의 참여기업 모집계획을 아래와 같이 공고 하오니 해당 프로그램 참여를 희망하는 전북자치도 내 섬유 소재 및 제품 관련 기업의 많은 신청 바랍니다.
☞ 전북특별자치도 내 섬유ㆍ소재 및 제품 관련 기업
☞ 산업전환지원(기술개발지원, 컨설팅지원), 디지털전환지원(시제품 및 공정개선지원)",경영,ECO융합섬유연구원,전북특별자치도,중소기업,중소기업,,,,,,,디자인/상품화/사업화,2026-05-08,2026-06-19,,이메일 접수(sunnam@kictex.re.kr),이메일 접수(sunnam@kictex.re.kr),https://www.bizinfo.go.kr/sii/siia/selectSIIA200Detail.do?pblancId=PBLN_000000000122795,main,primary,전북2026년전북형첨단섬유산업육성지원사업참여기업모집추가공고,eco융합섬유연구원,2026-05-08~2026-06-19,경영,디자인/상품화/사업화
biz,PBLN_000000000122794,"[부산] 2026년 민간판로개척지원사업(오픈이노베이션) 참여기업 모집 공고(호반그룹, 카카오모빌리티, 솔루엠)","부산시와 부산기술창업투자원(이하 창투원)에서는 대ㆍ중견기업과 함께 개방형 혁신에 기여할 지역 유망 창업기업 발굴을 위한「2026 민간판로개척지원사업(오픈이노베이션)」을 다음과 같이 모집합니다.
☞ 부산시 소재(본점 기준) 수요과제 내용에 부합하는 BM 및 기술을 보유한 7년이내 창업기업 또는 신산업분야 10년 이내 창업기업
☞ 실증 및 사업화자금 지원(기업 당 최대 2,100만원)
- 대ㆍ중견기업 내 PoC 연계ㆍ검토를 통한 실증 기회 제공
- 오픈이노베이션 행사 참여 및 투자 연계 지원",창업,부산기술창업투자원,부산광역시,창업벤처,초기창업기업,,,,,,,사업화지원,2026-06-04,2026-06-26,,온라인 접수 (부산창업포털),온라인 접수 (부산창업포털),https://www.bizinfo.go.kr/sii/siia/selectSIIA200Detail.do?pblancId=PBLN_000000000122794,main,primary,부산2026년민간판로개척지원사업오픈이노베이션참여기업모집공고호반그룹카카오모빌리티솔루엠,부산기술창업투자원,2026-06-04~2026-06-26,창업,사업화지원
biz,PBLN_000000000122793,2026년 연구개발특구 딥테크 스타트업 챌린지 기업모집 공고,"연구개발특구진흥재단은 특구 내 유망 딥테크 스타트업의 기술사업화와 성장을 촉진하기 위해「2026년 연구개발특구 딥테크 스타트업 챌린지」를 추진합니다. 경쟁형 프로그램을 통해 우수 스타트업을 선발하고, 연구개발특구펀드 등을 활용한 직접투자 및 후속R&D 과제 연계 등 체계적인 지원을 제공할 예정이오니, 많은 관심과 적극적인 참여를 바랍니다. 
☞ 국가전략기술 등 딥테크를 사업화하며, 높은 성장잠재력을 갖고 있는 특구 수혜기업(연구소기업, 첨단기술기업, 연구개발특구 규제특례기업) 또는 공공연구기관 및 과학기술특성화대학 딥테크 기술 기반 창업기업
※ 자세한 지원대상 공고문 참조
☞ 딥테크 스타트업 집중 발굴, 역량강화교육ㆍ멘토링 및 단계별 경쟁을 통한 유망기업 선별 및 집중 육성 지원",기술,연구개발특구진흥재단,전국,중소기업,"스타트업,중소기업",,,,,,,기술사업화/이전/지도,2026-06-04,2026-07-31,,이메일 접수 (yuju0415@innopolis.or.kr),이메일 접수 (yuju0415@innopolis.or.kr),https://www.bizinfo.go.kr/sii/siia/selectSIIA200Detail.do?pblancId=PBLN_000000000122793,main,primary,2026년연구개발특구딥테크스타트업챌린지기업모집공고,연구개발특구진흥재단,2026-06-04~2026-07-31,기술,기술사업화/이전/지도
biz,PBLN_000000000122792,2026년 대구특구 이노폴리스캠퍼스 지원사업 모집 공고,"씨엔티테크(주)는 혁신적인 기술을 보유한 스타트업을 발굴하고 체계적인 액셀러레이팅 프로그램 지원 및 투자유치를 통한 창업 성공의 발판을 마련하기 위한「2026년 대구특구 이노폴리스캠퍼스 지원사업」을 운영하고, 다음과 같이 지원사업에 참여할 예비창업자 또는 기업을 모집하오니, 예비창업자 및 초기스타트업 여러분들의 많은 관심과 참여 부탁드립니다.
☞ 기술 기반의 예비창업자 또는 7년 이내의 창업기업
☞ 검증 및 진단, 멘토링ㆍ컨설팅, 투자ㆍIR, 대ㆍ중견기업 오픈이노베이션, 후속 지원
※ 자세한 지원내용 공고문 참조",창업,씨엔티테크,대구광역시,창업벤처,초기창업기업,,,,,,,사업화지원,2026-06-01,2026-06-19,,이메일 접수 (ac10@cntt.co.kr),이메일 접수 (ac10@cntt.co.kr),https://www.bizinfo.go.kr/sii/siia/selectSIIA200Detail.do?pblancId=PBLN_000000000122792,main,primary,2026년대구특구이노폴리스캠퍼스지원사업모집공고,씨엔티테크,2026-06-01~2026-06-19,창업,사업화지원
biz,PBLN_000000000122791,2026년 G-CON 스케일업ㆍ투자유치 지원사업  참여기업 모집 공고,"(재)경남문화예술진흥원은 도내 유망 콘텐츠기업의 성장 지원 및 투자유치 역량 강화를 위한「2026 G-CON 스케일업ㆍ투자유치 지원사업」에 참여할 기업을 모집하오니 많은 관심과 적극적인 참여 바랍니다.
☞ 공고일 기준 업력 7년 미만 도내ㆍ외 콘텐츠 기업
☞ 선정기업 대상 맞춤형 액셀러레이팅, 직ㆍ간접 투자유치 연계 및 우수기업 시장진출 연계, 홍보 등 지원
※ 자세한 지원내용 공고문 참조",경영,경남문화예술진흥원,경상남도,중소기업,중소기업,,,,,,,디자인/상품화/사업화,2026-06-04,2026-06-26,,이메일 접수(yna@ynarcher.com),이메일 접수(yna@ynarcher.com),https://www.bizinfo.go.kr/sii/siia/selectSIIA200Detail.do?pblancId=PBLN_000000000122791,main,primary,2026년gcon스케일업ㆍ투자유치지원사업참여기업모집공고,경남문화예술진흥원,2026-06-04~2026-06-26,경영,디자인/상품화/사업화
biz,PBLN_000000000122790,[서울] 2026년 미국 라스베이거스 소비재 전시회(ASD Market Week 2026) 참가기업 모집 공고,"서울경제진흥원에서는 서울시 뷰티ㆍ리빙 분야 중소기업의 경쟁력 강화 및 해외 판로개척을 지원하기 위해 북미 최대 규모 소비재 전시회인「2026 미국 라스베이거스 소비재 전시회 (ASD Marketweek 2026)」의 서울 공동관 참가기업을 아래와 같이 모집하오니 많은 신청 바랍니다.
☞ 서울 소재 뷰티ㆍ리빙 분야 중소기업
☞ 공동관 부스 지원 (부스 임차비 80%, 부스 장치비 80%), 편도 운송비(한국→미국) 기업당 1CBM 내 100%, ASD Market Week 홈페이지 내 브랜드 및 상품 전시, 서울 공동관 홍보물 제작 지원",판로/수출,서울경제진흥원,서울특별시,중소기업,중소기업,,,,,,,해외진출준비,2026-06-02,2026-06-15,,온라인 접수(서울경제진흥원),온라인 접수(서울경제진흥원),https://www.bizinfo.go.kr/sii/siia/selectSIIA200Detail.do?pblancId=PBLN_000000000122790,main,primary,서울2026년미국라스베이거스소비재전시회asdmarketweek2026참가기업모집공고,서울경제진흥원,2026-06-02~2026-06-15,수출,해외진출준비
biz,PBLN_000000000122789,[경기] 2026년 생애 최초 경영안정화 교육지원 모집 공고,"경기도와 경기도시장상권진흥원에서는 실습중심 창업 교육ㆍ컨설팅ㆍ지원을 통해 무분별한 창업방지 및 창업성공률을 증진하고자「2026년 생애 최초 경영안정화 교육지원」사업 모집공고를 아래와 같이 진행하오니 만40세 이상 중장년층 예비창업자의 많은 관심과 참여 바랍니다.
☞ 공고일 기준 경기도 1년 이상 거주하였으며, 도내 창업을 희망하는 만 40세 이상 중장년인 자
- 국세청(세무서) 사업자등록(법인ㆍ일반ㆍ간이 등) 등록 이력이 없는 자(예비창업자)
☞ 창업 교육, 전문가 컨설팅, 우수창업가 사업화지원(최대 1천만원 이내), 홍보마케팅, 창업자금 이자비 지원(1년, 최대 3%, 최대 1백만원)
※ 자세한 지원내용 공고문 참조",창업,경기도시장상권진흥원,경기도,창업벤처,초기창업기업,,,,,,,예비창업자지원,모집 완료시,,,"온라인 접수 (경기바로)
※사실증명 내 '위 납세자는 발급일 현재까지 사업자등록을 한 사실이 없습니다.' 기재 必","온라인 접수 (경기바로)
※사실증명 내 '위 납세자는 발급일 현재까지 사업자등록을 한 사실이 없습니다.' 기재 必",https://www.bizinfo.go.kr/sii/siia/selectSIIA200Detail.do?pblancId=PBLN_000000000122789,main,primary,경기2026년생애최초경영안정화교육지원모집공고,경기도시장상권진흥원,모집 완료시~,창업,예비창업자지원
biz,PBLN_000000000122788,2026년 인증획득제품 해외 실증 지원사업 기업 모집 공고,"중소벤처기업부 해외수출규제대응지원사업의 일환으로 해외인증 획득 제품 보유기업의 해외실증을 지원하는「2026년 인증획득제품 해외 실증 지원사업」에 참여할 중소기업 모집을 다음과 같이 공고합니다.
☞ 해외인증 보유기업 중 해외 현지 실증을 추진하고자 하는「중소기업기본법」 제2조 및 시행령 제3조에 따른 중소기업
- 신청분야 : 친환경 에너지, 모빌리티, 산업기계 분야, 소비재 분야
☞ 해외 현지 실증 연계 및 실증 관련 비용 지원
- 해외현지실증, 성능검증 및 시험, 실증 기관 연계, 결과자료 확보",기술,한국건설생활환경시험연구원,전국,중소기업,중소기업,,,,,,,시험/인증,2026-06-02,2026-06-19,,"온라인 접수(네이버폼)
※ 파일업로드가 안되거나 업로드 불가능 할 경우 메일이나 유선으로 연락(02-3415-8719, grace0318@kcl.re.kr)","온라인 접수(네이버폼)
※ 파일업로드가 안되거나 업로드 불가능 할 경우 메일이나 유선으로 연락(02-3415-8719, grace0318@kcl.re.kr)",https://www.bizinfo.go.kr/sii/siia/selectSIIA200Detail.do?pblancId=PBLN_000000000122788,main,primary,2026년인증획득제품해외실증지원사업기업모집공고,한국건설생활환경시험연구원,2026-06-02~2026-06-19,기술,시험/인증
biz,PBLN_000000000122787,[대전] 2026년 민간 과학문화 활동 지원사업 모집 공고(지역과학문화 역량강화사업 일환),"대전과학문화거점센터에서는 대전 지역 기관ㆍ단체가 주도하는 과학문화 활동을 적극 발굴ㆍ지원함으로써, 시민이 체감할 수 있는 과학문화 환경을 함께 만들어가기 위한 「2026년 민간 과학문화 활동 지원사업」을 아래와 같이 공모하오니 여러분들의 많은 관심과 참여를 바랍니다.
☞ 대전 내 사업장을 둔 기관단체 
※ 자세한 지원대상 공고문 참조 
☞ 과학문화 활동 및 시민 대상 과학문화 프로그램 운영 일부비용 지원
- 34백만원(1등 10백만원, 2등 9백만원, 3등 8백만원, 4등 7백만원) 차등 지원
- 지원분야 : 물리, 화학, 생명, 지구과학, 자연과학, 수학, 건강ㆍ의료, 생태환경, 전자ㆍ기술ㆍ공학, 정보ㆍSW, STEAM, 기타",경영,대전관광공사,대전광역시,중소기업,중소기업,,,,,,,디자인/상품화/사업화,2026-05-18,2026-06-14,,이메일 접수 (djscc@djto.kr),이메일 접수 (djscc@djto.kr),https://www.bizinfo.go.kr/sii/siia/selectSIIA200Detail.do?pblancId=PBLN_000000000122787,main,primary,대전2026년민간과학문화활동지원사업모집공고지역과학문화역량강화사업일환,대전관광공사,2026-05-18~2026-06-14,경영,디자인/상품화/사업화
biz,PBLN_000000000122786,[강원] 양구군ㆍ인제군 2026년 2차 초접경지역 경제활력 향상 및 생활인구 확대를 위한 로컬푸드 산업 육성사업 참여기업 모집공고 (시군구 연고산업육성 협업프로젝트),"2026년도 중소벤처기업부와 강원특별자치도 및 양구군, 인제군이 지원하는 시군구연고산업육성 협업프로젝트 수행자로 선정된 수행기관별 지원 프로그램을 안내하오니, 해당 프로그램 참여를 희망하는 양구군, 인제군 지역 중소기업의 많은 신청 바랍니다.
☞ 다음 사항을 모두 만족하는 기업
- 양구군, 인제군 소재 중소기업(본사, 공장 또는 기업부설연구소 등 1개 이상)으로 지역 특화자원을 활용한 식품산업 전ㆍ후방 연관 제품(기술)의 사업화를 추진 및 준비 중인 기업
- 중소벤처기업부에서 인정하는 ‘중소기업 확인서’ 발급이 가능한 중소기업
※ ‘중소기업 확인서(소기업)’, ‘중소기업 확인서(중기업)’, ‘중소기업 확인서(소상공인)’, ‘중소기업 확인서(소기업(소상공인))’에 한함
- ‘부가가치세법’ 및 ‘동법 시행령’ 제8조에 근거, 수행지역 과세 납부 사업장
☞ 홍보콘텐츠 제작, 국내 전시회 참가, 국내 특판전 참가 지원",경영,강원테크노파크,강원특별자치도,중소기업,중소기업,,,,,,,디자인/상품화/사업화,2026-06-03,2026-06-19,,온라인 접수(기업지원사업 관리시스템),온라인 접수(기업지원사업 관리시스템),https://www.bizinfo.go.kr/sii/siia/selectSIIA200Detail.do?pblancId=PBLN_000000000122786,main,primary,강원양구군ㆍ인제군2026년2차초접경지역경제활력향상및생활인구확대를위한로컬푸드산업육성사업참여기업모집공고시군구연고산업육성협업프로젝트,강원테크노파크,2026-06-03~2026-06-19,경영,디자인/상품화/사업화
biz,PBLN_000000000122785,[강원] 동해시 2026년 3차 수소 전주기 분야 R&D과제 지원사업 기업지원 재공고,"(재)강원테크노파크에서는 수소산업육성 산학연 클러스터 조성사업의 일환으로 수소기반 제품의 조기시장 진출 및 수소경제 활성화를 위하여「수소 전주기 분야 R&D 기업지원」을 추진하오니, 수소관련 기업들의 많은 관심과 참여 바랍니다. 
☞ 동해시 소재지 사업자 등록 관내기업 또는 동해시 이전 예정자인 수소산업 연관 기업
※ 공고일(2026. 6. 2.) 기준 6개월 이내 동해시 이전 예정 수소산업 연관 기업이어야 함
- 사업시작 후 1개월 내 신규인력 1명 고용 또는 연구인력 관내 이전 
※ 사업종료시까지 채용인력 고용 유지 또는 연구인력 관내 거주 유지 
☞ 제품고도화 기술 개발을 위한 연구재료비, 연구활동비 등 직접사업비 지원, 수소 생산, 저장ㆍ운송, 활용 전 분야 수소산업 연관 기술개발 과제 지원",기술,강원테크노파크,강원특별자치도,중소기업,중소기업,,,,,,,기술사업화/이전/지도,2026-06-02,2026-06-12,,이메일 접수 (dudgjs1230@gwtp.or.kr),이메일 접수 (dudgjs1230@gwtp.or.kr),https://www.bizinfo.go.kr/sii/siia/selectSIIA200Detail.do?pblancId=PBLN_000000000122785,main,primary,강원동해시2026년3차수소전주기분야rd과제지원사업기업지원재공고,강원테크노파크,2026-06-02~2026-06-12,기술,기술사업화/이전/지도
biz,PBLN_000000000122784,[충남] 2026년 수소오픈랩 장비활용 기반 R&D 기업지원사업 추가모집 공고(지역혁신클러스터육성(R&D)),"수소 관련 소재ㆍ부품ㆍ장비 분야의 기술경쟁력 강화 및 사업화 촉진을 위하여 수소오픈랩 장비 인프라를 활용한 R&D 과제 발굴 및 초도품 제작 지원을 위한 「2026년 수소오픈랩 기반 기업지원사업」 지원계획을 다음과 같이 공고합니다.
☞ 수소 관련 기술을 기반으로 수소ㆍ생산ㆍ저장ㆍ운송ㆍ활용 안전 및 인프라를 포함한 부품ㆍ소재ㆍ장비 관련 충남 지역 기업
☞ 수소 기업 애로 해소를 위한 R&D 연계지원
- 수소 R&D 과제 발굴 연계, 수소오픈랩 장비활용 기반 R&D 시제품 제작, 성능 평가 지원
※ 자세한 지원내용 공고문 참조",기술,충남테크노파크,충청남도,중소기업,중소기업,,,,,,,기술사업화/이전/지도,2026-06-02,2026-06-12,,이메일 접수 (hongsm@ctp.or.kr),이메일 접수 (hongsm@ctp.or.kr),https://www.bizinfo.go.kr/sii/siia/selectSIIA200Detail.do?pblancId=PBLN_000000000122784,main,primary,충남2026년수소오픈랩장비활용기반rd기업지원사업추가모집공고지역혁신클러스터육성rd,충남테크노파크,2026-06-02~2026-06-12,기술,기술사업화/이전/지도
biz,PBLN_000000000122783,[제주] 2026년 지역 대표 K-브랜드 100 지원 사업 지원 대상 모집 공고,"지역 활성화 도모를 위해 지역향토 문화ㆍ특산품의 특색을 반영한 IP권리화 및 브랜드 개발전략을 지원하는 「지역 대표 K-브랜드 100지원」사업을 아래와 같이 공고하오니 희망하는 지역특산품 생산ㆍ가공단체 및 소상공인 공동체 등은 아래에 따라 신청하여 주시기 바랍니다.
☞ 지역 특산품 생산ㆍ가공단체, 소상공인 공동체 등
☞ 공동상표 출원, 공동디자인 출원 등 10건 이상의 IP출원 지원
- 지원금 4,050만원(지원금 기준 3,240만원) 이내(과업기간 120일)",경영,제주상공회의소,제주특별자치도,소상공인,소상공인,,,,,,,디자인/상품화/사업화,2026-05-27,2026-06-10,,온라인 접수 (지역지식재산센터 사업관리시스템),온라인 접수 (지역지식재산센터 사업관리시스템),https://www.bizinfo.go.kr/sii/siia/selectSIIA200Detail.do?pblancId=PBLN_000000000122783,main,primary,제주2026년지역대표k브랜드100지원사업지원대상모집공고,제주상공회의소,2026-05-27~2026-06-10,경영,디자인/상품화/사업화
biz,PBLN_000000000122782,[강원] 2026년 강원 바이오엑스포ㆍ지역 창업 페스티벌 해외바이어 초청 수출상담회 및 취창업박람회 참가기업 모집 공고,"춘천바이오산업진흥원과 강원창조경제ㅐ혁신센터는 「2026 강원 바이오엑스포& 지역 창업페스티벌 해외바이어 초청 수출상담회 및 취창업박람회」의 참가기업을 모집하오니 관심 있으신 기업 분들의 많은 참여 바랍니다.
☞ 도내 소재(본사 또는 공장) 바이오기업 및 일반 소재 기업
- 수출상담회 : 사업자등록증 또는 공장등록증 서류상 도내 소재 '바이오 기업'
- 취창업박람회 : 사업자등록증 또는 공장등록증 서류상 도내 소재 기업(업종 제한 없음)
☞ KOTRA 수출상담회, 취창업박람회, 기업 홍보, 전시 및 판매전, 라이브커머스 지원
- (KOTRA 수출상담회) KOTRA 유력 바이어 초청 수출 상담(통역 지원)
- (취창업박람회) 투자유치 컨설팅, 대학생-기업 취업상담 등
- (기업홍보) 기업 투자유치, 인력 풀 조성 등
- (전시 및 판매전) 기업 및 제품 전시 및 판매
- (라이브커머스) 제품 온라인 판매 및 홍보 지원",판로/수출,춘천바이오산업진흥원,강원특별자치도,중소기업,중소기업,,,,,,,해외진출준비,2026-06-02,2026-06-30,,이메일 접수 (expo@cbf.or.kr),이메일 접수 (expo@cbf.or.kr),https://www.bizinfo.go.kr/sii/siia/selectSIIA200Detail.do?pblancId=PBLN_000000000122782,main,primary,강원2026년강원바이오엑스포ㆍ지역창업페스티벌해외바이어초청수출상담회및취창업박람회참가기업모집공고,춘천바이오산업진흥원,2026-06-02~2026-06-30,수출,해외진출준비
biz,PBLN_000000000122781,[경기] 2026년 혁신기업 판로지원사업 혁신기업 맞춤형 지원 참여기업 추가 모집 공고,"경기도와 (재)경기테크노파크는 경기도내 우수 혁신기업 육성 및 혁신성장 도모를 위해 경기도 혁신기업 판로지원사업을 시행하고 있습니다. 도내 혁신제품의 공공ㆍ민간 판로개척을 위한 마케팅 지원을 아래와 같이 공고하오니, 많은 관심과 참여 바랍니다.
☞ 경기도내 혁신제품 지정 인증을 보유한 중소기업(본사 또는 공장이 경기도내 소재)
☞ 규격추가(필수), 판로개척 실증지원, 지식재산권, 컨설팅, 해외시장조사, 인증획득 중 최대 3개 분야 기업 자율 선택 지원)",경영,경기테크노파크,경기도,중소기업,중소기업,,,,,,,디자인/상품화/사업화,2026-06-02,2026-06-22,,온라인 접수(경기테크노파크 성과관리시스템),온라인 접수(경기테크노파크 성과관리시스템),https://www.bizinfo.go.kr/sii/siia/selectSIIA200Detail.do?pblancId=PBLN_000000000122781,main,primary,경기2026년혁신기업판로지원사업혁신기업맞춤형지원참여기업추가모집공고,경기테크노파크,2026-06-02~2026-06-22,경영,디자인/상품화/사업화
biz,PBLN_000000000122780,[충남] 2026년 정보보호 우수사례 지원사업 수혜기업 모집 공고,"과학기술정보통신부, 한국인터넷진흥원, 충청남도와 (재)충남테크노파크는 충남정보보호지원센터를 통해 충남지역 주축산업 중소기업의 정보보호 내재화 촉진을 위한 지원사업을 추진하고 있습니다. 본 사업은 보안에 취약한 중소기업을 대상으로 정보보호 컨설팅, 보안솔루션, 클라우드 기반 보안서비스(SECaaS) 도입을 지원하여 체계적인 정보보호 시스템 구축을 지원하고, 기업의 지속적인 정보보호 역량 강화를 도모하고자 합니다. 이에 「2026년 충남 정보보호 우수사례 지원사업」의 구축대상기업을 다음과 같이 모집하오니, 충남도 내 중소기업의 많은 관심과 참여를 바랍니다.
☞ 중소기업기본법 제2조에 따른 중소기업 중 충남지역 주축산업 영위기업 및 관련 기업
※ 주축산업 : 디스플레이 부품장비, 탄소저감 자동차부품, 고기능성 그린바이오
☞ 정보보호 컨설팅, 보안솔루션 및 SECaaS 지원
※ 자세한 지원내용 공고문 참조",경영,충남테크노파크,충청남도,중소기업,중소기업,,,,,,,디자인/상품화/사업화,2026-05-29,2026-06-12,,"방문 접수
- 접수처 : 충남제조기술융합센터 301호 (충남정보보호지원센터))","방문 접수
- 접수처 : 충남제조기술융합센터 301호 (충남정보보호지원센터))",https://www.bizinfo.go.kr/sii/siia/selectSIIA200Detail.do?pblancId=PBLN_000000000122780,main,primary,충남2026년정보보호우수사례지원사업수혜기업모집공고,충남테크노파크,2026-05-29~2026-06-12,경영,디자인/상품화/사업화
biz,PBLN_000000000122779,[경기] 2026년 1차 경기 콘텐츠코리아 랩 콘텐츠 전시 마케팅 지원 크라우드 펀딩 연계형 전시 참가자 모집 공고,"경기 콘텐츠코리아 랩과 텀블벅이 함께 여는 오프라인 팝업 전시 참가 창작자를 모집합니다. 경기도와 경기콘텐츠진흥원은 도 내 콘텐츠 기업 및 창작자의 창작물과 비즈니스를 홍보할 수 있도록 경기 콘텐츠코리아 랩에서 개최하는 팝업전시(크라우드 펀딩 연계형) 참가자를 모집합니다. 판교에 위치한 콘텐츠 브랜딩 전시공간에서의 팝업 갤러리 전시 마케팅을 다음과 같이 지원해드리고자 하오니 많은 관심과 참여 부탁 드립니다.
☞ 크라우드 펀딩 및 오프라인 전시가 가능한 창작자ㆍ기업
- 3년 이내 협력사 크라우드 펀딩 플랫폼(텀블벅) 내에서 컨셉에 부합한 아이템으로 우수한 성과를 달성한 경기도 내 콘텐츠 창작자 및 창업 5년 이내 기업
☞ 전시 공간 및 공간연출 무상 제공, 서포터즈 리뷰단 운영, 텀블벅 기획전 노출 및 팬콜 프로젝트 운영ㆍ지원, 참여 창작자 DA/CRM 홍보 구좌 구매시 50% 포인트 제공 지원",판로/수출,경기콘텐츠진흥원,경기도,중소기업,중소기업,,,,,,,오프라인,2026-06-02,2026-06-19,,온라인 접수(구글폼),온라인 접수(구글폼),https://www.bizinfo.go.kr/sii/siia/selectSIIA200Detail.do?pblancId=PBLN_000000000122779,main,primary,경기2026년1차경기콘텐츠코리아랩콘텐츠전시마케팅지원크라우드펀딩연계형전시참가자모집공고,경기콘텐츠진흥원,2026-06-02~2026-06-19,내수,오프라인
biz,PBLN_000000000122778,[강원] 춘천시 2026년 강원푸드박람회 및 K-월드푸드 엑스포 공동관 참가기업 모집 공고,"춘천바이오산업진흥원에서는 춘천 내 우수한 식품 기업의 국내외 판로 개척과 글로벌 경쟁력 강화를 위하여 「2026 강원푸드박람회」 및 「2026 K-월드푸드엑스포」공동관에 참가할 유망기업을 다음과 같이 모집하오니 많은 신청 바랍니다.
☞ 춘천 관내 식품기업(푸드테크)
☞ 전시회 부스 임차료 및 기본 장치비(공통), (상하이 박람회 한정) 현지 통역(1사 1인) 지원",판로/수출,춘천바이오산업진흥원,강원특별자치도,중소기업,중소기업,,,,,,,오프라인,2026-06-02,2026-06-30,,이메일 접수 (marketing@cbf.or.kr),이메일 접수 (marketing@cbf.or.kr),https://www.bizinfo.go.kr/sii/siia/selectSIIA200Detail.do?pblancId=PBLN_000000000122778,main,primary,강원춘천시2026년강원푸드박람회및k월드푸드엑스포공동관참가기업모집공고,춘천바이오산업진흥원,2026-06-02~2026-06-30,내수,오프라인
biz,PBLN_000000000122777,2026년 4차 특허분쟁 대응전략 지원사업 공고,"우리 중소ㆍ중견기업 등의 특허ㆍ실용신안권ㆍ영업비밀을 보호하고 수출 경쟁력 강화를 위한 「특허분쟁 대응전략 지원사업」을 아래와 같이 공고합니다.
☞ (개별대응) 해외기업과 특허 또는 영업비밀 분쟁(위험)이 있는 국내 중소ㆍ중견 기업\
- (공동대응) 공통된 분쟁 이슈를 갖는 국내기업 3개社 이상으로 구성된 기업 협의체(단, 중소ㆍ중견 기업이 과반수일 것)
※ 자세한 지원대상 공고문 참조
☞ 유형별 (분쟁방어, 권리행사, 영업비밀 분쟁대응) 지원
※ 자세한 지원내용 공고문 참조",기술,한국지식재산보호원,지식재산처,중소기업,중소기업,,,,,,,시험/인증,모집방식별 상이,,,온라인 접수 (한국지식재산보호원 사업관리시스템),온라인 접수 (한국지식재산보호원 사업관리시스템),https://www.bizinfo.go.kr/sii/siia/selectSIIA200Detail.do?pblancId=PBLN_000000000122777,main,primary,2026년4차특허분쟁대응전략지원사업공고,한국지식재산보호원,모집방식별 상이~,기술,시험/인증
biz,PBLN_000000000122776,[경북] 2026년 지역SW서비스사업화 지원사업 신규과제 재공고(지역디지털기초체력지원사업),"2026년 정보통신산업진흥원(과학기술정보통신부) 「지역SW서비스사업화지원사업」 재공모를 다음과 같이 실시하오니 많은 참여 바랍니다.
☞ 도내 강소디지털기업 및 초기스타트업 기업
- 주관기관(포항테크노파크 경북AI혁신본부) 및 참여기관으로 구성된 컨소시엄
ㆍ (주관기관) 소프트웨어진흥법 제9조 제2항에 따라 지정된 경북권역거점 SW산업진흥기관(과기정통부 공고 2021-0925호)
ㆍ (참여기관) 경상북도 소재 ITㆍSW 기업 필수, 대학ㆍ연구소 등은 기업과 컨소시엄 구성 시 참여 가능
☞ 과제기획 단계부터 서비스, 테스트 현장적용, SW품질 검증, 서비스 고도화, 사업화 수출까지 사업화를 위한 단계별 맞춤형 지원",기술,포항테크노파크,경상북도,중소기업,중소기업,,,,,,,기술사업화/이전/지도,2026-06-02,2026-06-19,,온라인 접수 (포항테크노파크 홈페이지),온라인 접수 (포항테크노파크 홈페이지),https://www.bizinfo.go.kr/sii/siia/selectSIIA200Detail.do?pblancId=PBLN_000000000122776,main,primary,경북2026년지역sw서비스사업화지원사업신규과제재공고지역디지털기초체력지원사업,포항테크노파크,2026-06-02~2026-06-19,기술,기술사업화/이전/지도
biz,PBLN_000000000122775,[경북] 2026년 소상공인 AI 어벤져스 지원사업 참여자 모집 공고,"(재)경상북도경제진흥원은 소상공인의 AI기반 경영혁신을 지원하기 위해 포항시(북구 중앙동)ㆍ구미시(원평동) 소재하고 있는 소상공인을 대상으로 AI교육 및 현장 코칭을 지원하는「2026년 소상공인 AI어벤져스 지원사업」참여자를 모집합니다.
☞ 공고일 기준 현재 사업장 주소가 포항시 북구 중앙동 및 구미시 원평동에 등록되어있는 소상공인 사업자
- 소상공인 보호 및 지원에 관한 법률 제2조에 따른 소상공인 사업자
☞ AI 교육, AI 컨설팅
- (AI 교육) AI어벤져스 플랫폼 사용방법 등 교육
- (AI 컨설팅) AI코칭이 소상공인 개별 업장 방 컨설팅
- AI 어벤져스 사용료 지원",경영,경상북도경제진흥원,경상북도,소상공인,소상공인,,,,,,,교육,2026-06-02,2026-06-15,,이메일 접수(pys8072@gepa.kr),이메일 접수(pys8072@gepa.kr),https://www.bizinfo.go.kr/sii/siia/selectSIIA200Detail.do?pblancId=PBLN_000000000122775,main,primary,경북2026년소상공인ai어벤져스지원사업참여자모집공고,경상북도경제진흥원,2026-06-02~2026-06-15,경영,교육
biz,PBLN_000000000122774,2026년 SBOM 생성 지원을 위한 대상 기업 추가 모집 공고,"한국산업기술시험원은 「첨단의료 AI 안전성ㆍ신뢰성 향상 기술 개발」 사업의 세부 사업인 「SBOM 기반의 디지털의료제품 취약점 연구와 SBOM 저작도구 개발 및 서비스 환경 구축」 사업에서 진행하는 SBOM 생성 지원을 위한 대상 기업을 다음과 같이 모집하오니, 관심 있는 기업의 많은 참여와 신청 바랍니다.
☞ 소프트웨어 공급망 보안 및 취약점 관리를 희망하는 디지털의료기기 및 소프트웨어 개발 업체
☞ SBOM 생성 및 소프트웨어 취약점 분석 지원
- 해당 사업에서 개발하는 SBOM 저작도구 실증을 위한 것으로 개발된 SBOM 생성ㆍ저작도구가 호환되는 제품에 한함",기술,한국산업기술시험원,전국,중소기업,중소기업,,,,,,,기술사업화/이전/지도,2026-06-01,2026-06-19,,이메일 접수 (sjhtom@ktl.re.kr),이메일 접수 (sjhtom@ktl.re.kr),https://www.bizinfo.go.kr/sii/siia/selectSIIA200Detail.do?pblancId=PBLN_000000000122774,main,primary,2026년sbom생성지원을위한대상기업추가모집공고,한국산업기술시험원,2026-06-01~2026-06-19,기술,기술사업화/이전/지도
biz,PBLN_000000000122773,2026년 스타트업 혁신제품 선(先)보급 지원사업 참여 스타트업 모집 공고(제품상용화 지원사업),"세종창조경제혁신센터는 지속ㆍ자립 가능한 스타트업 육성에 최선을 다하고 있습니다. 이를 위해「2026년도 스타트업 혁신제품 선(先) 보급 지원사업」참여 기업모집을 다음과 같이 공고하오니 지역 스타트업의 많은 참여 바랍니다.
☞ 세종특별자치시에 본사가 소재한 스타트업(업력7년 이내)
- 양산 및 시장 출시에 필요한 요건을 충족(시험성적, 공인인증 등 제품성능에 대한 안전성, 성능에 대한 유효성 검증 확보 기업)하여 선정 후 시장진출이 즉시 가능한 스타트업
- 관내 기관, 기업 관련 등 선보급 가능 스타트업
☞ 선정기업 혁신제품(제품+서비스)의 설치ㆍ구축 등 비용, 센터 네트워크를 활용한 설치 희망기관(잠재고객) 매칭 지원",창업,세종창조경제혁신센터,세종특별자치시,창업벤처,"스타트업,초기창업기업",,,,,,,사업화지원,2026-06-09,2026-07-05,,이메일 접수(sejong-startup@ccei.kr),이메일 접수(sejong-startup@ccei.kr),https://www.bizinfo.go.kr/sii/siia/selectSIIA200Detail.do?pblancId=PBLN_000000000122773,main,primary,2026년스타트업혁신제품선先보급지원사업참여스타트업모집공고제품상용화지원사업,세종창조경제혁신센터,2026-06-09~2026-07-05,창업,사업화지원
biz,PBLN_000000000122772,2026년 2차 시리즈 온 보드 참가기업 모집 공고,"한국콘텐츠진흥원은 주요 방송 IP 또는 판권 보유 방송영상제작사의 해외 투자 유치ㆍ네트워크 활성화 및 해외 협력체계 구축을 위해 <2026 시리즈 온 보드> 개최하고자 하오니 많은 관심과 참여를 부탁드립니다.
☞ 글로벌 진출 가능성이 있는 드라마, 예능, 팩츄얼 등 시리즈화 가능한 방송영상콘텐츠 IP 또는 판권 보유 제작사(중견, 자회사 가능) 
※ 자세한 지원대상 공고문 참조
☞ 비즈니스 지원, 체재지원
- (비즈니스 지원)
- 현지 바이어 초청 비공개 프로젝트 피칭 세션 운영(총 2회, 1회 이상 필수참가)
- 사전 비즈매칭을 위한 바이어 정보 제공, 1:1 비즈매칭 및 네트워킹 지원, 현장 MOU, 계약 체결 시 홍보/세리머니 지원
- 피칭덱 번역 및 검수, 디렉토리북, 기업소개 자료 제작, (요청 시) 영어 또는 현지어 통역 지원
- (체재지원) : 숙박비 지원(기업별 1인), 여행자 보험 가입 지원(기업별 1인), 공식 일정 이동 지원, 항공권 지원(기업별 1인) 
※ 자세한 지원내용 공고문 참조
※ [붙임3] 참고자료_KOCCA 해외산업(방송영상)보고서_영국, 캐나다.zip파일은 원출처 공고문 참조",판로/수출,한국콘텐츠진흥원,전국,중소기업,중소기업,,,,,,,해외진출준비,2026-06-09,2026-06-30,,온라인 접수(콘텐츠수출마케팅플랫폼(Welcon)),온라인 접수(콘텐츠수출마케팅플랫폼(Welcon)),https://www.bizinfo.go.kr/sii/siia/selectSIIA200Detail.do?pblancId=PBLN_000000000122772,main,primary,2026년2차시리즈온보드참가기업모집공고,한국콘텐츠진흥원,2026-06-09~2026-06-30,수출,해외진출준비
biz,PBLN_000000000122771,[충북] 2026년 지역 대표 K-브랜드 100 지원 사업 지원 대상 모집 공고,"지역 활성화 도모를 위해 지역향토 문화ㆍ특산품의 특색을 반영한 IP권리화 및 브랜드 개발전략을 지원하는 「지역 대표 K-브랜드 100지원」사업을 아래와 같이 공고하오니 희망하는 지역특산품 생산ㆍ가공단체 및 소상공인 공동체 등은 아래에 따라 신청하여 주시기 바랍니다.
☞ 지역 특산품 생산ㆍ가공단체, 소상공인 공동체 등
☞ 공동상표 출원, 공동디자인 출원 등 10건 이상의 IP출원 지원
- 지원금 4,050만원(지원금 기준 3,240만원) 이내(과업기간 120일)",경영,충북지식재산센터,충청북도,소상공인,소상공인,,,,,,,디자인/상품화/사업화,2026-05-27,2026-06-10,,온라인 접수 (지역지식재산센터 사업관리시스템),온라인 접수 (지역지식재산센터 사업관리시스템),https://www.bizinfo.go.kr/sii/siia/selectSIIA200Detail.do?pblancId=PBLN_000000000122771,main,primary,충북2026년지역대표k브랜드100지원사업지원대상모집공고,충북지식재산센터,2026-05-27~2026-06-10,경영,디자인/상품화/사업화
biz,PBLN_000000000122770,[서울] 2026년 지역 대표 K-브랜드 100 지원 사업 지원 대상 모집 공고,"지역 활성화 도모를 위해 지역향토 문화ㆍ특산품의 특색을 반영한 IP권리화 및 브랜드 개발전략을 지원하는 「지역 대표 K-브랜드 100지원」사업을 아래와 같이 공고하오니 희망하는 지역특산품 생산ㆍ가공단체 및 소상공인 공동체 등은 아래에 따라 신청하여 주시기 바랍니다.
☞ 서울 지역 특산품 생산ㆍ가공단체, 소상공인 공동체 등
☞ 공동상표 출원, 공동디자인 출원 등 10건 이상의 IP출원 지원
- 지원금 4,050만원(지원금 기준 3,240만원) 이내(과업기간 120일)",경영,서울지식재산센터,서울특별시,소상공인,소상공인,,,,,,,디자인/상품화/사업화,2026-05-27,2026-06-10,,온라인 접수 (지역지식재산센터 사업관리시스템),온라인 접수 (지역지식재산센터 사업관리시스템),https://www.bizinfo.go.kr/sii/siia/selectSIIA200Detail.do?pblancId=PBLN_000000000122770,main,primary,서울2026년지역대표k브랜드100지원사업지원대상모집공고,서울지식재산센터,2026-05-27~2026-06-10,경영,디자인/상품화/사업화
biz,PBLN_000000000122769,[경북] 2026년 지역SW서비스사업화 신규과제 재공고(지역디지털기초체력지원사업),"2026년 정보통신산업진흥원(과학기술정보통신부)「지역SW서비스사업화지원사업」재공모를 다음과 같이 실시하오니 많은 참여 바랍니다.
☞ 주관기관(포항테크노파크 경북AI혁신본부) 및 참여기관으로 구성된 컨소시엄
- 경상북도 內 디지털기업(강소SW기업, 스타트업)
※ 자세한 지원대상 공고문 참조
☞ 과제기획 단계부터 서비스, 테스트 현장적용, SW품질 검증, 서비스 고도화, 사업화 수출까지 사업화를 위한 단계별 맞춤형 지원",기술,포항테크노파크,경상북도,중소기업,중소기업,,,,,,,기술사업화/이전/지도,2026-06-02,2026-06-19,,온라인 접수 (포항테크노파크),온라인 접수 (포항테크노파크),https://www.bizinfo.go.kr/sii/siia/selectSIIA200Detail.do?pblancId=PBLN_000000000122769,main,primary,경북2026년지역sw서비스사업화신규과제재공고지역디지털기초체력지원사업,포항테크노파크,2026-06-02~2026-06-19,기술,기술사업화/이전/지도
biz,PBLN_000000000122768,[인천] 2026년 지역 대표 K-브랜드 100 지원 사업 지원 대상 모집 공고,"지역 활성화 도모를 위해 지역향토 문화ㆍ특산품의 특색을 반영한 IP권리화 및 브랜드 개발전략을 지원하는 「지역 대표 K-브랜드 100지원」사업을 아래와 같이 공고하오니 희망하는 지역특산품 생산ㆍ가공단체 및 소상공인 공동체 등은 아래에 따라 신청하여 주시기 바랍니다.
☞ 지역 특산품 생산ㆍ가공단체, 소상공인 공동체 등
☞ 공동상표 출원, 공동디자인 출원 등 10건 이상의 IP출원 지원
- 지원금 4,050만원(지원금 기준 3,240만원) 이내(과업기간 120일)",경영,인천지식재산센터,인천광역시,소상공인,소상공인,,,,,,,디자인/상품화/사업화,2026-05-27,2026-06-10,,온라인 접수 (지역지식재산센터 사업관리시스템),온라인 접수 (지역지식재산센터 사업관리시스템),https://www.bizinfo.go.kr/sii/siia/selectSIIA200Detail.do?pblancId=PBLN_000000000122768,main,primary,인천2026년지역대표k브랜드100지원사업지원대상모집공고,인천지식재산센터,2026-05-27~2026-06-10,경영,디자인/상품화/사업화
biz,PBLN_000000000122767,[대구] 2026년 3차 글로벌 IP스타기업 해외출원비용지원 기업 모집 공고,"대구 관내 2024, 2025, 2026년도에 선정된 글로벌IP스타기업을 대상으로 해외특허(PCT포함), 상표 출원에 소요되는 비용 중 일부 등을 지원해 드리는 사업입니다.
☞ 2024, 2025, 2026년도에 선정된 글로벌IP스타기업
☞ 해외특허(PCT포함), 상표 출원에 소요되는 비용 중 일부, 지역지식재산센터 컨설턴트의 컨설팅 등 병행하여 제공 등 지원
- 특허 PCT국제출원 : 220만원이내
- 특허 PCT국내 및 개별국 : 유럽570만원이내 / 일본 400만원이내 / 미국 390만원이내 / 중국 350만원이내 / 동남아 및 기타 국가 280만원이내
- 상표(마드리드 및 개별국) : 210만원 이내
- 디자인(헤이그 및 개별국) : 240만원 이내",판로/수출,대구지식재산센터,대구광역시,중소기업,중소기업,,,,,,,해외진출준비,2026-05-26,2026-06-12,,온라인 접수 (RIPC 지원기업 사업관리시스템),온라인 접수 (RIPC 지원기업 사업관리시스템),https://www.bizinfo.go.kr/sii/siia/selectSIIA200Detail.do?pblancId=PBLN_000000000122767,main,primary,대구2026년3차글로벌ip스타기업해외출원비용지원기업모집공고,대구지식재산센터,2026-05-26~2026-06-12,수출,해외진출준비
kst,178063,민관협력 오픈이노베이션 지원사업,「2026년 민관협력 오픈이노베이션 지원」에 참여할 수요기업·기관의 협업 과제(전략과제 해결형) 및 협업 프로그램(민간 선별추천형)을 다음과 같이 모집합니다.,행사/네트워크,공공기관,전국,일반기업,기업,"만 20세 이상 ~ 만 39세 이하,만 40세 이상",,,"(전략과제 해결형) 오픈이노베이션 수요가 있는 대·중견·중소기업, 공공기관 등
(민간 선별추천형) 자체 오픈이노베이션 프로그램을 보유한 대·중견·중소기업, 공공기관 등
* 본 공고는 수요기업을 대상으로 하며, 수요기업과 협력할 창업기업 대상 공고는 '26.7월 중 게시 예정",,"7년미만,10년미만",행사ㆍ네트워크,20260520,20260611,,,온라인 접수: https://pms.k-startup.go.kr/biz/screen/BMO0101M0100,https://www.k-startup.go.kr/web/contents/bizpbanc-ongoing.do?schM=view&pbancSn=178063,main,primary,민관협력오픈이노베이션지원사업,공공기관,20260520~20260611,행사ㆍ네트워크,행사ㆍ네트워크
kst,178058,서울창업허브 창동 운영,"플랫폼의 생존과 성장을 위한 전략을 한 단계 업그레이드할 수 있는 『2026 플랫폼·수익모델 세미나』 를 개최하여 안내드립니다.
지속가능한 수익모델 설계부터 플랫폼 활성화 방안까지 심도 있는 인사이트를 나눌 예정이오니, 여러분의 많은 관심과 참석 부탁드립니다.",시설/공간,민간,서울특별시,"일반기업,1인 창조기업","기업,초기창업기업","만 20세 미만,만 20세 이상 ~ 만 39세 이하,만 40세 이상",,,기업 성장 단계별 수익모델 전략 수립이 필요한 서울시 소재 스타트업,,"예비창업자,1년미만,2년미만,3년미만,5년미만,7년미만,10년미만",시설ㆍ공간ㆍ보육,20260609,20260626,,,온라인 접수: https://www.startup-plus.kr/project/PRJ007178,https://www.k-startup.go.kr/web/contents/bizpbanc-ongoing.do?schM=view&pbancSn=178058,main,primary,서울창업허브창동운영,민간,20260609~20260626,시설ㆍ공간ㆍ보육,시설ㆍ공간ㆍ보육
kst,178053,[도봉구청년창업센터] 제5차 스케일업 아카데미,"아이디어만 있다면, 지금이 기회입니다. 모두의창업 2기 모집 - 합격을 위한 성공 지원 전략! 「모두의 창업」 프로젝트 2기 지원자 합격을 위한 사업계획 수립의 성공적인 방법과 모두의창업 실전 지원 노하우 특강을 마련하였습니다. 관심있는 분들의 많은 참여 바랍니다.",교육/멘토링,교육기관,서울특별시,"청소년,대학생,일반인,일반기업,1인 창조기업","기업,누구나,예비창업자,청년,초기창업기업","만 20세 미만,만 20세 이상 ~ 만 39세 이하,만 40세 이상",,,'모두의 창업' 2기 지원 준비자 및 관심 있는 예비창업자 누구나,,"예비창업자,1년미만,2년미만,3년미만,5년미만,7년미만",멘토링ㆍ컨설팅ㆍ교육,20260609,20260626,,,온라인 접수: https://dobongstartup.com/program/programview.php?pg_id=247,https://www.k-startup.go.kr/web/contents/bizpbanc-ongoing.do?schM=view&pbancSn=178053,main,primary,도봉구청년창업센터제5차스케일업아카데미,교육기관,20260609~20260626,멘토링ㆍ컨설팅ㆍ교육,멘토링ㆍ컨설팅ㆍ교육
kst,178051,제5회 원자력 창업 아카데미「Atomic  NEST」,"제5회 원자력 창업 아카데미「Atomic NEST」를 다음과 같이 공고하오니, 관심있는 예비창업자(팀) 및 기업의 많은 신청 바랍니다.",창업,민간,전국,"대학생,일반인,대학,연구기관,일반기업,1인 창조기업","기업,누구나,예비창업자,청년,초기창업기업","만 20세 미만,만 20세 이상 ~ 만 39세 이하,만 40세 이상",,,"- 예비창업자(팀) 또는 업력 3년 이내 스타트업
※ 대학(원)생, 연구원 및 유관기관 재직자, 기술 기반 예비창업자 및 스타트업 등 참여 가능
※ 기존 창업경진대회 우수 및 장려상 수상팀 재참여 가능(최우수 제외)",,"예비창업자,1년미만,2년미만,3년미만",사업화,20260609,20260630,,,온라인 접수: https://forms.gle/tBVbJcAkvT3eXctK8,https://www.k-startup.go.kr/web/contents/bizpbanc-ongoing.do?schM=view&pbancSn=178051,main,primary,제5회원자력창업아카데미atomicnest,민간,20260609~20260630,사업화,사업화
kst,178050,2026년  강동 K-ISS창업멘토링센터 2차 교육 및 튜토링 과정,"AI 창업과 사업 성공 전략 
AI는 강력한 도구일 뿐, 성공을 결정하는 것은 '비즈니스 모델'입니다.
AI로 비용과 속도를 잡고, 빠른 실험과 실행으로 사업 성공률을 높이세요!
▪ AI 시대의 창업은 무엇이 다르고 어떻게 해야 하나? 
▪ 사례를 통해 익히는 효과적인 시장 진입 전략 
▪ 전문 멘토와 함께 올바른 AI 창업 성공 전략 찾기",교육/멘토링,민간,서울특별시,"청소년,대학생,일반인,대학,연구기관,일반기업,1인 창조기업","기업,누구나,예비창업자,청년,초기창업기업","만 20세 미만,만 20세 이상 ~ 만 39세 이하,만 40세 이상",,,예비창업자 기창업자,,"예비창업자,1년미만,2년미만,3년미만,5년미만,7년미만,10년미만",멘토링ㆍ컨설팅ㆍ교육,20260609,20260624,,,온라인 접수: https://forms.gle/EVqCG5K7oQ2nBQzj7,https://www.k-startup.go.kr/web/contents/bizpbanc-ongoing.do?schM=view&pbancSn=178050,main,primary,2026년강동kiss창업멘토링센터2차교육및튜토링과정,민간,20260609~20260624,멘토링ㆍ컨설팅ㆍ교육,멘토링ㆍ컨설팅ㆍ교육
kst,178048,[서울바이오허브] 2026년 전문기관 연계형 기술·경영 컨설팅 지원 사업 수요기업 모집 공고(연장),서울특별시에서 조성하고 한국과학기술연구원ㆍ고려대학교가 운영하는 ‘서울바이오허브’에서 보건·의료 산업 분야 창업기업이 사업화 과정에서 겪는 다양한 문제를 해결할 수 있도록 전문성을 보유한 전문기관과 창업기업을 연계하여 컨설팅을 지원하고자 하오니 관심있는 창업기업의 많은 신청 바랍니다.,교육/멘토링,공공기관,서울특별시,"청소년,대학생,일반인,대학,연구기관,일반기업,1인 창조기업","기업,누구나,청년,초기창업기업","만 20세 미만,만 20세 이상 ~ 만 39세 이하,만 40세 이상",,,"서울 소재 창업 10년 이내 보건·의료 산업 분야 창업기업

① 사업자등록을 하지 않거나 휴업, 폐업, 부도, 화의, 법정관리중인 기업 및 기관
② 국세 및 지방세 체납중인 기업 및 기관
③ 금융 불량거래처로 규제중인 기업, 기관 및 대표자
④ 기존 정부 및 서울시 사업 부실판정, 참여제한 등으로 제재 중인 기업 및 기관
⑤ 수행실적 확인이 불분명하거나 허위서류를 제출한 기업 및 기관",,"1년미만,2년미만,3년미만,5년미만,7년미만,10년미만",멘토링ㆍ컨설팅ㆍ교육,20260609,20260612,,,온라인 접수: https://www.seoulbiohub.kr/front/supportManageReq/supportManageView.do?seq=769&gubun=09&link_g_topmenu_id=310&link_g_submenu_id=310&link_g_homepage=F,https://www.k-startup.go.kr/web/contents/bizpbanc-ongoing.do?schM=view&pbancSn=178048,main,primary,서울바이오허브2026년전문기관연계형기술경영컨설팅지원사업수요기업모집공고연장,공공기관,20260609~20260612,멘토링ㆍ컨설팅ㆍ교육,멘토링ㆍ컨설팅ㆍ교육
kst,178047,2026 한일 기업 교류회 및 기업 상담회,"서울창조경제혁신센터와 제트로(JETRO Seoul)가 협력하여 국내외 기업 간 교류 및 비즈니스 상담 기회를 제공하는「한∙일 기업 교류회 및 기업 상담회」를 6월 17일(서울창경), 6월 19일(코엑스, Next Rise 행사장 내 KITA 라운지 1층) 양일간 개최합니다. 
본 행사는 양일 모두 참여 가능하오니, 참석을 희망하시는 분께서는 많은 관심과 참여 부탁드립니다.",판로/수출,공공기관,전국,"일반인,대학,연구기관,일반기업","기업,누구나","만 20세 이상 ~ 만 39세 이하,만 40세 이상",,,"한∙일 기업 교류회 및 기업상담회 참여 희망 국내외 스타트업, 대∙중견기업, 투자사, 대학관계자, 해외 대중견기업",,"1년미만,2년미만,3년미만,5년미만,7년미만,10년미만",글로벌,20260609,20260615,,,온라인 접수: forms.gle/MGE9hGKwAoeVJREk8,https://www.k-startup.go.kr/web/contents/bizpbanc-ongoing.do?schM=view&pbancSn=178047,main,primary,2026한일기업교류회및기업상담회,공공기관,20260609~20260615,글로벌,글로벌
kst,178046,2026 동명청년창작소 컨설팅 DAY 2차,"동명청년창작소에서는 광주 동구 및 광주 지역 청년 창업가의 경영 현안을 진단하고, 맞춤형 해결 방안을 제시하기 위해 「6월 컨설팅 DAY」 참가기업을 모집합니다.",교육/멘토링,민간,광주광역시,"대학생,일반인,대학,일반기업,1인 창조기업","기업,누구나,예비창업자,청년,초기창업기업",만 20세 이상 ~ 만 39세 이하,20,39,"광주 동구 및 광주 소재지의 창업 후 3년 이내 기업
    ① (예비창업자) 창업 아이디어를 보유한 예비창업자
    ② (초기창업자) 2023. 6. 1. 이후 창업을 시작한 기업

① 신청서, 사업계획서를 허위로 기재한 경우
    ② 지원 제외대상 업종으로 본 사업에 신청하고자 하는 자
< 지원 제외대상 업종 >
금융 및 보험업, 부동산업, 숙박 및 음식점업, 유흥주점업, 무도장 운영업,
골프장 및 스키장 운영업, 기타 겜블링 및 베팅업, 기타 개인 서비스업 및 단순 제조업 등

 ※ 제외대상 업종에 해당하더라도 혁신 기술과 접목한 업종(IT 금융 플랫폼 등)은 참여가능하나, 사행사업 등 경제질서 및 미풍양속에 어긋나는 업종의 경우 제외",,"예비창업자,1년미만,2년미만,3년미만",멘토링ㆍ컨설팅ㆍ교육,20260608,20260619,,,"온라인 접수: https://forms.gle/38pvBs4B7PsJrQfz9
이메일 접수: 공고문 확인 필요",https://www.k-startup.go.kr/web/contents/bizpbanc-ongoing.do?schM=view&pbancSn=178046,main,primary,2026동명청년창작소컨설팅day2차,민간,20260608~20260619,멘토링ㆍ컨설팅ㆍ교육,멘토링ㆍ컨설팅ㆍ교육
kst,178044,「2026년 제1차 대덕특구 기업 애로해결 바우처 지원사업」참여기업 모집(~6.26),"대덕연구개발특구 기업의 기술·사업화·투자·경영 분야 애로사항 해결을 지원하기 위해「대덕특구 기업 애로해결 바우처 지원사업[1차]」참여기업을 모집합니다.
본 사업은 기업별 애로사항에 따라 사업화 지원형 바우처 또는 전문가 자 문형 컨설팅을 제공하여 기업의 사업화 역량 강화와 시장진출 기반 마련을 지원 합니다. 
자세한 내용은 첨부된 사업공고문을 참고해 주시기 바랍니다.",창업,공공기관,대전광역시,일반기업,기업,"만 20세 미만,만 20세 이상 ~ 만 39세 이하,만 40세 이상",,,"대덕연구개발특구 소재 중소기업 및 (예비)창업기업

  * 본사, 지사, 기업부설연구소, 공장 등이 대덕연구개발특구에 소재한 기업",,"예비창업자,1년미만,2년미만,3년미만,5년미만,7년미만,10년미만",사업화,20260608,20260626,,,이메일 접수: 공고문 확인 필요,https://www.k-startup.go.kr/web/contents/bizpbanc-ongoing.do?schM=view&pbancSn=178044,main,primary,2026년제1차대덕특구기업애로해결바우처지원사업참여기업모집626,공공기관,20260608~20260626,사업화,사업화
kst,178043,서초창업스테이션 운영 사업,"서초창업스테이션에서는예술, 소상공인 대상 서초 메이커스 데이(데모데이)를 진행합니다. 본 데모데이에 도전할 역량 있는 예술, 소상공인의 많은 참여 바랍니다.",시설/공간,민간,서울특별시,"대학생,일반인,대학,연구기관,일반기업,1인 창조기업","기업,누구나,청년,초기창업기업","만 20세 미만,만 20세 이상 ~ 만 39세 이하,만 40세 이상",,,"[필수사항]
서초구 관내·외 예술, 소상공인 스타트업
[우대사항]
⑴ 업력 7년 이내 기업 우선 검토 * 공고일기준 2019. 6. 8 이후 설립
⑵ 지역콘텐츠, 제조·공예, 식음료, 라이프스타일, 디자인,
      문화예술, 로컬서비스 등 소상공인 특화 분야 중심 모집
⑶ LIPS 프로그램 연계 가능성이 있는 성장형 소상공인 우선
⑷ 서초구 소재 기업(본점), 서초구 거주 대표자

- 예술, 소상공인이 아닌 자(기업)
- 금융 채무불이행으로 규제 중이거나 국세 및 지방세 체납 중인 자(기업)
- 중소기업 창업지원법 시행령 제4조* 의 창업 제외 업종 해당자(기업)
     * 일반 유흥주점업, 무도 유흥주점업, 기타 사행시설 관리 및 운영업 등에 준하는 업종",,"예비창업자,1년미만,2년미만,3년미만,5년미만,7년미만",시설ㆍ공간ㆍ보육,20260608,20260622,,,온라인 접수: https://www.xn--2i4bieu3bszgvtc6wlunby2r.com/sub_program/operate_view.php?idx=45,https://www.k-startup.go.kr/web/contents/bizpbanc-ongoing.do?schM=view&pbancSn=178043,main,primary,서초창업스테이션운영사업,민간,20260608~20260622,시설ㆍ공간ㆍ보육,시설ㆍ공간ㆍ보육
kst,178042,2026년 K-수출전략품목 육성사업,중소벤처기업의 수출경쟁력 강화를 위한 ｢2026년 K-수출전략품목 육성사업｣참여기업 모집을 공고하오니 많은 관심과 참여 바랍니다.,판로/수출,공공기관,전국,"일반인,대학,연구기관,일반기업,1인 창조기업","기업,누구나,초기창업기업","만 20세 이상 ~ 만 39세 이하,만 40세 이상",,,"1. ‘25년 수출실적이 있는 뷰티, 패션, 라이프, 푸드 분야 중소기업
2. 「중소기업기본법」제 2조 및 시행령 3조에 따른 중소기업으로 사업자등록증 상 ‘제조’ 업종

자세한 내용은 공고문 참조",,"예비창업자,1년미만,2년미만,3년미만,5년미만,7년미만,10년미만",판로ㆍ해외진출,20260608,20260625,,,온라인 접수: https://fanfandaero.kr/portal/v2/preSprtBizPbanc.do,https://www.k-startup.go.kr/web/contents/bizpbanc-ongoing.do?schM=view&pbancSn=178042,main,primary,2026년k수출전략품목육성사업,공공기관,20260608~20260625,판로ㆍ해외진출,판로ㆍ해외진출
kst,178041,투자기관 관점의 기업가치 진단 및  투자유치 연계 세미나,"혁신기술경영인증지원센터에서는 기술기반 스타트업 및 중소기업의 투자유치 역량 강화와 기업가치 고도화를 지원하고자, 투자사 관점의 기업평가 기준과 투자 연계 전략을 중심으로 한 「투자기관 관점의 기업가치 진단 및 투자유치 연계 세미나」를 다음과 같이 개최하오니 많은 관심과 참여 바랍니다.",창업,민간,전국,"일반기업,1인 창조기업","기업,초기창업기업","만 20세 미만,만 20세 이상 ~ 만 39세 이하,만 40세 이상",,,"- 투자유치 및 기업가치 제고를 준비 중인 스타트업 및 중소기업
 - 투자기관의 기업평가 기준 및 투자 검토 방향이 궁금한 기업
 - 벤처확인, 특허(IP), 기술사업화 등을 기반으로 성장 전략을 구축하고자 하는 기업
 - 정부지원사업, 기술특례 등 투자 연계 전략 수립이 필요한 기업",,"1년미만,2년미만,3년미만,5년미만,7년미만,10년미만",사업화,20260608,20260625,,,온라인 접수: https://m.site.naver.com/29SPn,https://www.k-startup.go.kr/web/contents/bizpbanc-ongoing.do?schM=view&pbancSn=178041,main,primary,투자기관관점의기업가치진단및투자유치연계세미나,민간,20260608~20260625,사업화,사업화
kst,178040,2026년 공공기술·대학기술 기반 컴퍼니 빌딩 배치 프로그램(TechBridge Batch) 1기 모집,"단국대학교 기술지주회사, 씨엔티테크, 충남산학융합원이 함께하는 TechBridge Batch는 공공·대학 기술과 창업팀을 연결하여 기술사업화와 투자유치까지 지원하는 컴퍼니빌딩 프로그램입니다. 기술 기반 창업을 꿈꾸는 예비창업자부터 성장 단계 스타트업까지, 기술 매칭부터 BM 고도화, IR 컨설팅, 투자 연계까지 한 번에 지원하오니 많은 관심 부탁드립니다.",창업,민간,전국,"청소년,대학생,일반인,대학,연구기관,일반기업,1인 창조기업","기업,누구나,예비창업자,청년,초기창업기업","만 20세 미만,만 20세 이상 ~ 만 39세 이하,만 40세 이상",,,"공공기술 및 대학 보유 기술을 활용하거나 이를 통해 사업모델 고도화를 희망하는 예비창업자 및 창업 7년 이내 스타트업

• 금융기관 등으로부터 채무불이행으로 규제 중인 대표자 및 기업
• 국세 또는 지방세 체납으로 규제 중인 대표자 및 기업
• 공고일 기준 휴업 중인 기업
• 신청서, 사업계획서 등 관련 서류를 허위로 기재한 경우",,"예비창업자,1년미만,2년미만,3년미만,5년미만,7년미만",사업화,20260608,20260630,,,온라인 접수: https://buly.kr/FsKikxq,https://www.k-startup.go.kr/web/contents/bizpbanc-ongoing.do?schM=view&pbancSn=178040,main,primary,2026년공공기술대학기술기반컴퍼니빌딩배치프로그램techbridgebatch1기모집,민간,20260608~20260630,사업화,사업화
kst,178039,2026년 진주형 스타트업 액셀러레이팅 프로그램 지원사업 기업 모집 공고,"진주시 내 유망 스타트업을 대상으로 차별화된 액셀러레이팅 프로그램 제공을 통해, 창업기업의 브랜딩 향상과 밸류업을 도모하고 투자 유치 기반 강화를 위해 실시하는「2026년 진주형 스타트업 액셀러레이팅 지원사업」참여기업을 모집하오니 많은 신청바랍니다.",창업,공공기관,경상남도,"청소년,대학생,일반인,일반기업,1인 창조기업","기업,누구나,스타트업,예비창업자,청년,초기창업기업","만 20세 미만,만 20세 이상 ~ 만 39세 이하,만 40세 이상",,,"공고일 기준 업력 7년 이내 진주시 소재 창업기업
 ※ 당해 진주시 사업화자금 지원사업 선정기업 중복지원 가능

- 예비창업자
 - 부도, 휴∙폐업 또는 국세∙지방세 체납기업
 - 기업 및 대표자가 채무불이행, 신용불량 등으로 금융거래가 어려운 경우
 - 기타 (재)경남창조경제혁신센터 대표이사가 참여를 제한할 정당한 사유가 있다고 인정하는 자(기업)",,"1년미만,2년미만,3년미만,5년미만,7년미만",사업화,20260605,20260630,,,온라인 접수: www.gnstartup.kr/business/8339db24-725a-45bc-baf9-d778adc7b0d8/10648/detail,https://www.k-startup.go.kr/web/contents/bizpbanc-ongoing.do?schM=view&pbancSn=178039,main,primary,2026년진주형스타트업액셀러레이팅프로그램지원사업기업모집공고,공공기관,20260605~20260630,사업화,사업화
kst,178038,디지털 기업 창업·투자 및 글로벌 역량강화 프로그램 운영 용역,"지역 디지털 혁신거점 기반 AI/디지털 분야 및 AI/디지털 융복합 분야(디지털 및 AI 기술을 활용하는 경우 포함)를 대상으로, 직간접 투자 연계, 기업진단, 수요 맞춤형 투자·글로벌 진출 교육, 1:1 맞춤형 컨설팅(해당시), 모의 IR, 디지털 스케일업 IR 챌린지 예본선 및 투자상담·비즈니스 매칭, 글로벌 PoC·현지진출 프로그램(해당시) 등 맞춤형 액셀러레이팅 프로그램을 통해 성장할 지역 스타트업 기업의 많은 관심과 참여를 부탁드립니다.",창업,공공기관,전국,"일반인,대학,연구기관,일반기업,1인 창조기업","기업,누구나,예비창업자,초기창업기업","만 20세 이상 ~ 만 39세 이하,만 40세 이상",,,"전국(수도권 제외한 전 지역, 디지털 혁신거점 포함) 디지털 기술 기반 창업 아이템·아이디어 보유한 예비창업자 및 설립 7년 미만의 창업기업

수도권(서울, 인천, 경기) 소재 기업 제외",,7년미만,사업화,20260605,20260622,,,온라인 접수: https://forms.gle/Wd6gyUaJfA5SrZWE9,https://www.k-startup.go.kr/web/contents/bizpbanc-ongoing.do?schM=view&pbancSn=178038,main,primary,디지털기업창업투자및글로벌역량강화프로그램운영용역,공공기관,20260605~20260622,사업화,사업화
kst,178037,경기 스타트업 아카데미 운영,경기도와 경기도경제과학진흥원은 도내 우수 스타트업을 대상으로 ‘유니콘 기업’으로의 성장에 필요한 역량 강화 프로그램을 지원하기 위하여 2026년 경기 스타트업 아카데미 「글로벌 유니콘 캠퍼스 과정」에 참여할 유망 경기 기업을 모집하오니 관심 있는 기업의 많은 참여 바랍니다.,교육/멘토링,공공기관,경기도,일반기업,"기업,스타트업","만 20세 미만,만 20세 이상 ~ 만 39세 이하,만 40세 이상",,,"글로벌 시장 진출을 희망하는 도내 기술분야 7년 이내 창업기업(단, 신산업 분야 10년 이내) 중 최근 3년 이내 1천만원 이상 투자유치 실적*이 있는 기업
   * 벤처캐피탈, 액셀러레이터 및 금융, 기업, 정부기관, 전문개인투자자로부터 받은 투자에 한해 인정",,"7년미만,10년미만",멘토링ㆍ컨설팅ㆍ교육,20260609,20260625,,,온라인 접수: https://gsp.or.kr/supportProject/UVSD0001.do?sportSeq=6259,https://www.k-startup.go.kr/web/contents/bizpbanc-ongoing.do?schM=view&pbancSn=178037,main,primary,경기스타트업아카데미운영,공공기관,20260609~20260625,멘토링ㆍ컨설팅ㆍ교육,멘토링ㆍ컨설팅ㆍ교육
kst,178036,[코레일유통/본사] 제5차 청년창업 제휴사업자 모집공고,"코레일유통(주) 청년창업 지원사업에 따른 매장 운영자 모집공고를 시행하오니, 참여를 희망하는 예비창업자 및 청년창업자는 참여해 주시길 바랍니다.
■ 공고대상 매장 : 왕십리역 맞이방(분식/12.0㎡), 부산역 1층 맞이방(한식/52.0㎡), 동대구역 구맞이방(전문제과/19.0㎡)
■ 접수방법 : 코레일유통(주) 홈페이지 https://www.korailretail.com - 파트너십 - 청년창업 지원안내/공고 - 청년창업 신규공고
■ 비고사항 : [붙임8] 청년창업 전자입찰프로세스 매뉴얼 확인 必",시설/공간,공공기관,전국,"대학생,일반인","누구나,예비창업자,청년",만 20세 이상 ~ 만 39세 이하,20,39,"1. 공고일 기준 만 18세 이상 39세 이하
2. 공고일 기준 사업자등록을 하지 않은 예비창업자 또는 창업 후 3년 이하인 ｢중소기업기본법｣ 제2조 2항에 따른 소기업을 영위하는 자
(대표자 연령 조건 충족해야 함)
3. 계약 체결 후 7일 이내 일반과세 사업자등록이 가능하고 시설투자 가능자
4. 프랜차이즈 미가맹 사업자로, 고유의 브랜드 및 레시피로 운영가능한 자

- 회사와 특수관계에 있는 자 또는 공공성 확보를 위해 다음에 해당하는 경우 참가를 제한
1. 코레일유통(주) 청년창업 지원매장 운영자로 선정된 자와 그 배우자 및 직계혈족
2. 코레일유통(주) 부정당업체로 지정된 업체(자)와 그 배우자 및 직계혈족
3. 기존 계약자(공고일 기준)
① 우리사 편의점 및 자판기 관련 계약 중이거나 과거 계약 이력이 있는 자와 그 배우자 및 직계혈족
② 우리사 상설전문점 운영 중이거나 과거 계약 이력이 있는 자와 그 배우자 및 직계혈족
4. 회사와 특수관계인 관련(공고일 기준)
① 모집시작일 기준 퇴직 후 2년이 경과 하지 않은 전직 임직원의 직계혈족
② 모집시작일 기준 한국철도공사 및 그 계열사에 재직 중인 임직원과 그 배우자 및 직계혈족
5. 공고일 현재 상업시설 운영 중인 자로 점포 수 확대를 목적으로 지원하는 자와 그 배우자 및 직계혈족",,"예비창업자,3년미만",시설ㆍ공간ㆍ보육,20260608,20260616,,,온라인 접수: www.korailretail.com,https://www.k-startup.go.kr/web/contents/bizpbanc-ongoing.do?schM=view&pbancSn=178036,main,primary,코레일유통본사제5차청년창업제휴사업자모집공고,공공기관,20260608~20260616,시설ㆍ공간ㆍ보육,시설ㆍ공간ㆍ보육
kst,178034,마포청년창업취업지원센터 나루 2026,"[창업] 내 아이디어로 창업 가능할까? 창업교육을 진행하오니, 많은 관심과 지원 부탁드립니다.",창업,공공기관,서울특별시,"대학생,일반인,대학,연구기관,일반기업,1인 창조기업","기업,누구나,청년,초기창업기업",만 20세 이상 ~ 만 39세 이하,20,39,예비 및 초기 청년(만 19세~39세) 창업자,,"예비창업자,1년미만,2년미만,3년미만",창업교육,20260608,20260617,,,온라인 접수: https://www.naroo.or.kr/bbs/content.php?co_id=program_view&np_seq=1269,https://www.k-startup.go.kr/web/contents/bizpbanc-ongoing.do?schM=view&pbancSn=178034,main,primary,마포청년창업취업지원센터나루2026,공공기관,20260608~20260617,창업교육,창업교육
kst,178033,2026년 글로벌마케팅센터 신규 입주기업 모집,서울경제진흥원(SBA) 글로벌마케팅센터는 서울시 중소기업의 해외 진출(수출) 지원을 위해 2026년 글로벌마케팅센터 신규 입주기업을 모집하오니 우수한 수출 지원 역량 및 해외 네트워크를 보유하고 있는 중소기업의 많은 관심과 신청 바랍니다.,시설/공간,공공기관,서울특별시,일반기업,기업,"만 20세 미만,만 20세 이상 ~ 만 39세 이하,만 40세 이상",,,"수출 및 글로벌 마케팅 역량 보유 중소기업 (글로벌 커머스 플랫폼 협력사 / 수출 지원 서비스 기업)

신청일 기준 사업자 등록이 완료되지 않은 기업  등 상세 내용 공고문 확인 요망",,"1년미만,2년미만,3년미만,5년미만,7년미만,10년미만",시설ㆍ공간ㆍ보육,20260608,20260626,,,온라인 접수: https://www.sba.seoul.kr?PD0=417da890-a960-f111-b404-d4f5ef4a1e33,https://www.k-startup.go.kr/web/contents/bizpbanc-ongoing.do?schM=view&pbancSn=178033,main,primary,2026년글로벌마케팅센터신규입주기업모집,공공기관,20260608~20260626,시설ㆍ공간ㆍ보육,시설ㆍ공간ㆍ보육
kst,178031,2026년 영등포구 청년 1인 창업지원실 입주자 모집 공고,영등포구 중소기업 창업지원센터 청년 1인 창업지원실에서는 청년 창업기업의 성장을 효율적으로 지원하고자 신규 입주기업을 다음과 같이 모집합니다.,시설/공간,지자체,서울특별시,1인 창조기업,"예비창업자,청년,초기창업기업",만 20세 이상 ~ 만 39세 이하,20,39,"1) 1인 창업 의지가 있고
      가) 입주 공고일을 기준으로 3년 이내 창업하였거나(초기창업자)
      나) 입주일로부터 3개월 이내 창업이 가능한 자(예비창업자)
    2) 1순위: 19세 ~ 39세의 청년
       2순위: 1순위 외의 자  ※ 선순위자 우선 선발 예정

1) 금융기관으로부터 채무불이행자(신용불량자)로 규제중인 자
    2) 폐수, 소음, 진동, 악취 등 환경공해업종 사업자 또는 예비사업자
    3) 「중소기업창업 지원법 시행령」 제4조 (창업에서 제외되는 업종)의 업종을 영위하고 있거나 또는 영위하고자 하는 자
      ※ 지원 제외 대상 업종 : 일반유흥주점업, 무도유흥주점업, 카지노 운영업, 기타 사행시설 관리 및 운영업, 그 밖에 경제질서 및 미풍양속에 현저히 어긋나는 업종으로서 중소벤처기업부령으로 정하는 업종
    4) 휴․폐업중인 자, 단순 영업행위 등 입주가 부적합하다고 인정되는 자
    5) 국세 및 지방세 체납자",,"예비창업자,1년미만,2년미만,3년미만",시설ㆍ공간ㆍ보육,20260609,20260623,,,"방문 접수: 영등포구청 청년정책과 청년지원팀(선유동1로 80, 구청 별관 G동 3층)",https://www.k-startup.go.kr/web/contents/bizpbanc-ongoing.do?schM=view&pbancSn=178031,main,primary,2026년영등포구청년1인창업지원실입주자모집공고,지자체,20260609~20260623,시설ㆍ공간ㆍ보육,시설ㆍ공간ㆍ보육
kst,178029,2026 중국 차이나조이(ChinaJoy) B2B·B2C 경기도관 참가기업 모집,(재)경기콘텐츠진흥원은 경기도 콘텐츠 기업의 해외진출 지원을 위하여 아래의 마켓 참가기업을 모집하오니 많은 관심과 참여 부탁드립니다.,판로/수출,공공기관,경기도,일반기업,기업,"만 20세 미만,만 20세 이상 ~ 만 39세 이하,만 40세 이상",,,"해외진출을 희망하는 경기도 내 콘텐츠 기업
 (B2B) 테크·콘텐츠솔루션·IP 기업
 (B2C) 굿즈 판매를 희망하는 캐릭터·IP 기업 / 토이․굿즈 전용홀 위치",,"1년미만,2년미만,3년미만,5년미만,7년미만,10년미만",판로ㆍ해외진출,20260602,20260622,,,온라인 접수: https://forms.gle/n2N9omdiUYBQQd2Y7,https://www.k-startup.go.kr/web/contents/bizpbanc-ongoing.do?schM=view&pbancSn=178029,main,primary,2026중국차이나조이chinajoyb2bb2c경기도관참가기업모집,공공기관,20260602~20260622,판로ㆍ해외진출,판로ㆍ해외진출
kst,178028,2026 대전세종 관광기업 네트워킹 데이 2회차,"대전세종 관광기업 간 교류 활성화를 위하여 네트워킹 행사를 다음과 같이 공고하오니
참여를 희망하는 창업기업들은 안내에 따라 신청하기 바랍니다.",행사/네트워크,공공기관,대전광역시,"일반기업,1인 창조기업","기업,예비창업자,초기창업기업","만 20세 미만,만 20세 이상 ~ 만 39세 이하,만 40세 이상",,,"(30개사 모집) *기업 당 최대 2명 까지 신청 가능
- 센터 협업 및 입주 관광기업
- 관내 관광기업 및 관련 분야 종사자
- 관광 분야 협업 희망 창업기업

※예비창업자 제외
실질적인 협업 비즈니스 추진을 위해 제한이 있는 점 양해부탁드립니다.",,"1년미만,2년미만,3년미만,5년미만,7년미만,10년미만",행사ㆍ네트워크,20260608,20260611,,,온라인 접수: https://forms.gle/4cKo9tSXK6VtCcUS8,https://www.k-startup.go.kr/web/contents/bizpbanc-ongoing.do?schM=view&pbancSn=178028,main,primary,2026대전세종관광기업네트워킹데이2회차,공공기관,20260608~20260611,행사ㆍ네트워크,행사ㆍ네트워크
kst,178027,창업보육센터 지원,(재)경기테크노파크에서는 IT‧SW분야 신생 유망 중소기업을 발굴·육성하기 위하여 다음과 같이 안산정보산업진흥센터(경기TP안산창업보육센터)에 입주할 기업을 모집하오니 많은 관심과 참여 바랍니다.,시설/공간,공공기관,전국,"청소년,대학생,일반인,연구기관,일반기업,1인 창조기업","기업,누구나,청년,초기창업기업","만 20세 미만,만 20세 이상 ~ 만 39세 이하,만 40세 이상",,,IT·SW 및 이에 준하는 기술분야의 신청일 기준 창업 개시일로부터 3년 이내의 중소기업,,3년미만,시설ㆍ공간ㆍ보육,20260608,20260623,,,온라인 접수: pms.gtp.or.kr,https://www.k-startup.go.kr/web/contents/bizpbanc-ongoing.do?schM=view&pbancSn=178027,main,primary,창업보육센터지원,공공기관,20260608~20260623,시설ㆍ공간ㆍ보육,시설ㆍ공간ㆍ보육
kst,178025,2026 관악S밸리 브릿지 데모데이(S-Launch Track) 및 투자자 매칭데이 참여기업 모집,"관악중소벤처진흥원에서는 맞춤형 투자자 매칭을 통해 초기 스타트업의 성공적인 자금 조달을 돕고, 유망한 혁신 기업들이 관악S밸리를 거점으로 도약할 수 있는 기반을 마련하고자『2026 관악S밸리 브릿지 데모데이(S-Launch Track) 및 투자자 매칭데이』에 참가할 스타트업을 아래와 같이 모집하오니 많은 관심과 신청 바랍니다.",행사/네트워크,공공기관,서울특별시,"청소년,대학생,일반인,대학,연구기관,일반기업,1인 창조기업","기업,누구나,청년,초기창업기업","만 20세 미만,만 20세 이상 ~ 만 39세 이하,만 40세 이상",,,"투자 라운드 Seed 이하*인 스타트업
* 모집공고일 기준 기창업 기업으로 Seed 투자를 유치하고자 하는 기업",,"예비창업자,1년미만,2년미만,3년미만,5년미만,7년미만,10년미만",행사ㆍ네트워크,20260610,20260626,,,온라인 접수: https://www.gsva.or.kr/main/post/view.do?post_sn=8,https://www.k-startup.go.kr/web/contents/bizpbanc-ongoing.do?schM=view&pbancSn=178025,main,primary,2026관악s밸리브릿지데모데이slaunchtrack및투자자매칭데이참여기업모집,공공기관,20260610~20260626,행사ㆍ네트워크,행사ㆍ네트워크
kst,178024,[강원 중소기업 재직자 업무역량 강화 교육]  실무에 적용하는 AI/AX 업무 효율화 스킬,"중소상공인희망재단은 중소기업 재직자의 AI/AX기반 업무역량 강화를 위한 을 운영합니다.
이번에는 특별히 강원도 지역에서 교육이 개최될 예정이오니, 강원도 소재 중소기업 임직원 여러분의 많은 관심과 참여 바랍니다. 
※ 본 과정은 IBK기업은행 후원으로 진행됩니다.",교육/멘토링,민간,강원특별자치도,"일반인,일반기업,1인 창조기업","기업,누구나,중소기업,초기창업기업","만 20세 미만,만 20세 이상 ~ 만 39세 이하,만 40세 이상",,,중소기업 재직자 누구나,,"1년미만,2년미만,3년미만,5년미만,7년미만,10년미만",멘토링ㆍ컨설팅ㆍ교육,20260608,20260624,,,온라인 접수: https://www.heemangfdn.or.kr/layout/res/home.php?go=edu_main.view&num=451&start=0&s_status=&s_year=&s_key1=&s_que=,https://www.k-startup.go.kr/web/contents/bizpbanc-ongoing.do?schM=view&pbancSn=178024,main,primary,강원중소기업재직자업무역량강화교육실무에적용하는aiax업무효율화스킬,민간,20260608~20260624,멘토링ㆍ컨설팅ㆍ교육,멘토링ㆍ컨설팅ㆍ교육
kst,178023,[정부지원] 2026년 중소기업 AI 역량 강화 및 실무 자동화 교육생 모집 (인재키움 프리미엄),"메타코드에서는 AI 기술을 통해 도약을 도모하는 스타트업에게 중소기업인재키움프리미엄 훈련을 통해, 임직원들의 기술 역량을 향상 시킬 수 있는 기회를 마련했습니다. 스타트업 관계자 분들의 많은 관심과 참여를 바랍니다.",교육/멘토링,민간,전국,"일반기업,1인 창조기업","기업,누구나,중소기업,초기창업기업","만 20세 이상 ~ 만 39세 이하,만 40세 이상",,,중소기업인재키움프리미엄 훈련에 관심 있는 스타트업 대표 및 관계자 누구나,,"1년미만,2년미만,3년미만,5년미만,7년미만,10년미만",멘토링ㆍ컨설팅ㆍ교육,20260608,20261231,,,온라인 접수: https://www.metacodebiz.com/ai-training,https://www.k-startup.go.kr/web/contents/bizpbanc-ongoing.do?schM=view&pbancSn=178023,main,primary,정부지원2026년중소기업ai역량강화및실무자동화교육생모집인재키움프리미엄,민간,20260608~20261231,멘토링ㆍ컨설팅ㆍ교육,멘토링ㆍ컨설팅ㆍ교육
kst,178022,2026년 6월 전북 IR피칭 & 오피스아워 by KRYPTON 신청 접수,"크립톤에서 참여자 신청을 다음과 같이 공고합니다.
전북권 창업생태계 허브 전주에서 IR피칭 / 멘토링 / 투자검토의 오피스아워를 운영하오니
관심 있는 분들의 많은 참여 바랍니다.",교육/멘토링,민간,전북특별자치도,"청소년,대학생,일반인,대학,연구기관,일반기업,1인 창조기업","기업,누구나,청년,초기창업기업","만 20세 미만,만 20세 이상 ~ 만 39세 이하,만 40세 이상",,,전북권 소재 또는 전북권으로 이전을 희망하는 (예비)스타트업,,"예비창업자,1년미만,2년미만,3년미만,5년미만,7년미만,10년미만",멘토링ㆍ컨설팅ㆍ교육,20260608,20260614,,,온라인 접수: https://forms.gle/63PNJbNu4SJUFFvu7,https://www.k-startup.go.kr/web/contents/bizpbanc-ongoing.do?schM=view&pbancSn=178022,main,primary,2026년6월전북ir피칭오피스아워bykrypton신청접수,민간,20260608~20260614,멘토링ㆍ컨설팅ㆍ교육,멘토링ㆍ컨설팅ㆍ교육
kst,178020,지역창업특화지원,영산대학교 중장년 기술창업센터는 숙련된 경력·기술·네트워크를 보유한 중장년창업자 및 예비창업자를 육성하기 위하여 다음과 같이 창업자 신규입주 모집을 실시하오니 많은 신청 바랍니다.,시설/공간,교육기관,경상남도,"일반인,일반기업","기업,누구나","만 20세 이상 ~ 만 39세 이하,만 40세 이상",,,"1. 공고일 기준 만 40세 이상, 창업 3년 이내의(예비) 창업자 (※ 총 모집기업의 80%이상)
2. 연령 무관 (※ 총 모집기업의 20%이하)
3. 외국인의 경우, 만료일자가 입주기간을 초과하지 않는 외국인등록증을 보유하거나, 재외국인 국내거소신고증 또는 외국국적동포국내거소신고증을 보유하고 있는 경우, 장기체류자격취득자

• 숙박업, 자영업, 유흥업, 컨설팅업, 자영업 등 단순 일반 서비스 및 업종
• 중소기업창업지원법에 따라 창업에서 제외되는 업종
• 국가 및 지방자치단체가 운영하는 사업 및 창업보육센터 관련 지원을 받고 있는 자
• 정부지원사업 및 유관기관 사업에 참여제한으로 제재 중인자
• 타 중장년 기술창업센터 입주이력이 있고, 그 기간이 1년을 초과한 자
• 금융기관 등의 채무불이행 및 국세 또는 지방세 등 세금 체납자
• 기타 위원회에서 부적합하다고 인정하는 자",,"예비창업자,1년미만,2년미만,3년미만",시설ㆍ공간ㆍ보육,20260608,20260621,,,이메일 접수: 공고문 확인 필요,https://www.k-startup.go.kr/web/contents/bizpbanc-ongoing.do?schM=view&pbancSn=178020,main,primary,지역창업특화지원,교육기관,20260608~20260621,시설ㆍ공간ㆍ보육,시설ㆍ공간ㆍ보육
kst,178019,「Smart City Expo World Congress 2026」 천안관 참가기업 모집 공고,"「Smart City Expo World Congress 2026」천안관 참가기업 모집 공고
 천안과학산업진흥원은 2026년 11월 스페인 바르셀로나에서 개최되는 세계 최대 규모의 스마트시티 국제 행사인「Smart City Expo World Congress(SCEWC) 2026」에 참가할 기업을 아래와 같이 모집하오니, 역량 있는 기업들의 많은 참여를 바랍니다.",판로/수출,공공기관,충청남도,"대학,연구기관,일반기업,1인 창조기업","기업,초기창업기업","만 20세 미만,만 20세 이상 ~ 만 39세 이하,만 40세 이상",,,"스마트도시 관련 AIot, AI, 빅데이터 등 기술·서비스를 보유한 천안시 소재(본사·지사·연구소 등) 기업 중 자사 솔루션(제품,서비스) 전시가 가능한 기업",,"예비창업자,1년미만,2년미만,3년미만,5년미만,7년미만,10년미만",판로ㆍ해외진출,20260604,20260626,,,이메일 접수: 공고문 확인 필요,https://www.k-startup.go.kr/web/contents/bizpbanc-ongoing.do?schM=view&pbancSn=178019,main,primary,smartcityexpoworldcongress2026천안관참가기업모집공고,공공기관,20260604~20260626,판로ㆍ해외진출,판로ㆍ해외진출
kst,178018,메이커 스페이스,수원대학교 메이커 스페이스에서는 제조 기반 창업기업의 글로벌 역량 강화 및 현지 유통 네트워크 연계로 베트남시장 진출 지원을 다음과 같이 공고하오니 참여를 희망하는 기업은 신청하여 주시기 바랍니다.,시설/공간,교육기관,전국,일반기업,기업,"만 20세 미만,만 20세 이상 ~ 만 39세 이하,만 40세 이상",,,"글로벌 진출 희망하는 업력 7년 미만의 제조기업

SW기업 제외",,7년미만,시설ㆍ공간ㆍ보육,20260608,20260623,,,이메일 접수: 공고문 확인 필요,https://www.k-startup.go.kr/web/contents/bizpbanc-ongoing.do?schM=view&pbancSn=178018,main,primary,메이커스페이스,교육기관,20260608~20260623,시설ㆍ공간ㆍ보육,시설ㆍ공간ㆍ보육
kst,178017,경기 스타트업 아카데미 운영,"경기도와 경기도경제과학진흥원은 기업, 전문기관 등이 보유한 분야별 전문역량을 도내 스타트업 및 예비창업자의 성장 수요와 연결(Link-up)하여 경기도형 민관협력 기반의 새로운 프로그램 운영 모델을 마련하고자, 협업 프로그램(기술교육, 창업교육, 세미나·워크숍, 멘토링·컨설팅, 네트워킹 등) 제안을 접수하고자 하오니 많은 관심과 참여를 바랍니다.",교육/멘토링,공공기관,경기도,"대학,연구기관,일반기업","기업,스타트업","만 20세 미만,만 20세 이상 ~ 만 39세 이하,만 40세 이상",,,"특강, 교육, 세미나, 워크숍, 네트워킹 등 스타트업 지원 관련 프로그램을 기획·운영할 수 있는 기업, 전문기관, 협회·단체 등",,"예비창업자,1년미만,2년미만,3년미만,5년미만,7년미만,10년미만",멘토링ㆍ컨설팅ㆍ교육,20260608,20261231,,,온라인 접수: https://gsp.or.kr/supportProject/UVSD0001.do?sportSeq=6254,https://www.k-startup.go.kr/web/contents/bizpbanc-ongoing.do?schM=view&pbancSn=178017,main,primary,경기스타트업아카데미운영,공공기관,20260608~20261231,멘토링ㆍ컨설팅ㆍ교육,멘토링ㆍ컨설팅ㆍ교육
kst,178016,2026 울산 여성 창업기업 육성 지원 참가자 모집 공고,여성 창업기업 육성을 통한 울산 지역 여성 창업 활성화를 목적으로 하는 울산 여성 창업기업 육성 지원에 참가할 예비 여성창업자를 모집하오니 많은 참여 바랍니다.,교육/멘토링,민간,울산광역시,"대학생,일반인,연구기관,일반기업,1인 창조기업","기업,누구나,여성,청년,초기창업기업","만 20세 미만,만 20세 이상 ~ 만 39세 이하,만 40세 이상",,,"창업 아이디어를 보유한 예비 여성창업자
창업 7년 미만 여성기업",,"예비창업자,7년미만",멘토링ㆍ컨설팅ㆍ교육,20260608,20260731,,,이메일 접수: 공고문 확인 필요,https://www.k-startup.go.kr/web/contents/bizpbanc-ongoing.do?schM=view&pbancSn=178016,main,primary,2026울산여성창업기업육성지원참가자모집공고,민간,20260608~20260731,멘토링ㆍ컨설팅ㆍ교육,멘토링ㆍ컨설팅ㆍ교육
kst,178015,「2026 기술창업기업 마케팅 지원」 참여기업 모집,"수원도시재단에서는 관내 유망 창업기업의 마케팅 지원을 통해 브랜드 인지도 제고 및 기업 경쟁력 강화를 도모하고자 「2026 기술창업기업 마케팅 지원」 사업을 추진하오니, 수원시 기업의 많은 관심과 지원 바랍니다.",창업,공공기관,경기도,"일반기업,1인 창조기업","기업,초기창업기업","만 20세 미만,만 20세 이상 ~ 만 39세 이하,만 40세 이상",,,"1. 모집대상: 모집 공고일(2026. 6. 5.) 기준 창업 3년 이내 수원시 창업기업(수원시에 본사 소재)
2. 모집분야: 딥테크
3. 모집규모: 5개사 내외

1. 국세 또는 지방세를 체납 중인 기업
2. 금융기관으로부터 불량거래자로 규제 중이거나, 휴·폐업 중인 기업
3. 신청요건에 적합하지 않거나 신청내용이 사업목적에 부합하지 않는 경우 
4. 사업기간 내 본사를 관외로 이전 예정인 기업
5. 수원도시재단 및 타 기관 지원사업 중 동일한 건으로 지원을 받은 기업
6. 기타 제출자료 허위 기재 또는 지원 제한의 사유가 있다고 인정되는 기업
※ 신청 제외대상으로 확인될 경우 선정 이후라도 지원을 취소할 수 있음",,3년미만,사업화,20260608,20260619,,,이메일 접수: 공고문 확인 필요,https://www.k-startup.go.kr/web/contents/bizpbanc-ongoing.do?schM=view&pbancSn=178015,main,primary,2026기술창업기업마케팅지원참여기업모집,공공기관,20260608~20260619,사업화,사업화
kst,178014,2026 대전광역시 협동조합 찾아가는 컨설팅,협동조합의 경영 안정화와 지속가능한 협동조합의 자립 기반을 강화하기 위한 맞춤형 컨설팅을 다음과 같이 공고합니다.,교육/멘토링,교육기관,대전광역시,"대학생,일반인,일반기업,1인 창조기업","기업,누구나,청년,초기창업기업","만 20세 이상 ~ 만 39세 이하,만 40세 이상",,,"대전광역시 소재 협동조합, 사회적협동조합",,"1년미만,2년미만,3년미만,5년미만,7년미만,10년미만",멘토링ㆍ컨설팅ㆍ교육,20260608,20260622,,,온라인 접수: https://moaform.com/q/Q7JlFz,https://www.k-startup.go.kr/web/contents/bizpbanc-ongoing.do?schM=view&pbancSn=178014,main,primary,2026대전광역시협동조합찾아가는컨설팅,교육기관,20260608~20260622,멘토링ㆍ컨설팅ㆍ교육,멘토링ㆍ컨설팅ㆍ교육
kst,178012,"제77회 단디벤처포럼 X 부산기술창업투자원, 부산 브랜드페스타 참여 기업 모집",제77회 단디벤처포럼 전시회 참여 기업을 모집하오니 안내 따라 신청하시기 바랍니다.,행사/네트워크,민간,부산광역시,"청소년,대학생,일반인,대학,연구기관,일반기업,1인 창조기업","기업,누구나,청년,초기창업기업","만 20세 미만,만 20세 이상 ~ 만 39세 이하,만 40세 이상",,,"✔ 브랜드 인지도 향상 및 오프라인 고객 반응을 검증하고 싶은 기업
✔ 부산 지역 대표 브랜드로 성장하고 싶은 기업
✔ 신제품 런칭·시장 테스트를 계획 중인 기업",,"예비창업자,1년미만,2년미만,3년미만,5년미만,7년미만,10년미만",행사ㆍ네트워크,20260606,20260620,,,온라인 접수: https://forms.gle/PPQgYuxWFJMKgnTCA,https://www.k-startup.go.kr/web/contents/bizpbanc-ongoing.do?schM=view&pbancSn=178012,main,primary,제77회단디벤처포럼x부산기술창업투자원부산브랜드페스타참여기업모집,민간,20260606~20260620,행사ㆍ네트워크,행사ㆍ네트워크
kst,178011,창업보육센터 지원,군포산업진흥원에서는 초기창업기업과 중소·벤처기업의 육성지원을 위한 창업보육센터 입주기업을 모집하오니 역량 있는 (예비)창업자의 많은 신청 바랍니다.,시설/공간,공공기관,전국,"일반인,일반기업,1인 창조기업","기업,누구나,예비창업자,초기창업기업","만 20세 이상 ~ 만 39세 이하,만 40세 이상",,,"우수한 기술 또는 아이템을 보유한 예비창업자 및 창업 7년 미만 기업

- 중소기업창업 지원법 시행령 제4조에 해당되는 업종
- 금융기관으로부터 불량거래자로 규제받고 있는 자 또는 기업
- 국세 또는 지방세 체납 중인 자 또는 기업
- 입주 심사위원회에서 부적합하다고 인정하는 자 또는 기업
- 이전 본원 창업보육센터에 입주한 경험이 있는 자 또는 기업",,7년미만,시설ㆍ공간ㆍ보육,20260604,20260617,,,이메일 접수: 공고문 확인 필요,https://www.k-startup.go.kr/web/contents/bizpbanc-ongoing.do?schM=view&pbancSn=178011,main,primary,창업보육센터지원,공공기관,20260604~20260617,시설ㆍ공간ㆍ보육,시설ㆍ공간ㆍ보육
kst,178010,서귀포시 스타트업베이,서귀포시 스타트업베이에서는 창업에 대한 전반적인 교육을 통해 창업 환경 변화에 대비하고 경영 능력을 갖춘 경쟁력 있는 우수한 (예비) 초기 창업자를 발굴하고 육성하기 위한 실전창업아카데미 교육을 운영하오니 많은 참여 바랍니다.,창업,민간,제주특별자치도,"청소년,대학생,일반인,대학,연구기관,일반기업,1인 창조기업","기업,누구나,스타트업,청년,초기창업기업","만 20세 미만,만 20세 이상 ~ 만 39세 이하,만 40세 이상",,,지역 내 (예비) 초기 창업자,,"예비창업자,1년미만,2년미만,3년미만,5년미만,7년미만,10년미만",창업교육,20260605,20260624,,,온라인 접수: startupbay.or.kr/acc/?bmode=view&idx=171595378&back_url=&t=board&page=1,https://www.k-startup.go.kr/web/contents/bizpbanc-ongoing.do?schM=view&pbancSn=178010,main,primary,서귀포시스타트업베이,민간,20260605~20260624,창업교육,창업교육
kst,178009,천안 글로벌 액셀러레이팅 프로그램,"천안과학산업진흥원과 펜벤처스코리아는 천안 지역 우수 스타트업의 글로벌 시장 진출 및 투자유치를 지원하기 위하여 「2026년 천안 글로벌 액셀러레이팅 지원사업」을 추진하고 있으며, 이에 싱가포르 SWITCH 2026 참가기업을 다음과 같이 모집하오니 관심 있는 기업의 많은 신청 바랍니다.",판로/수출,민간,충청남도,"청소년,대학생,일반인,대학,연구기관,일반기업,1인 창조기업","기업,누구나,청년,초기창업기업","만 20세 미만,만 20세 이상 ~ 만 39세 이하,만 40세 이상",,,"천안 소재(또는 선정 후 3개월 이내 이전 예정) 창업 7년 이내 스타트업

타 기관으로부터 SWITCH 2026 참가 지원을 받고 있는 기업
국세 또는 지방세 체납 중이거나 부도·휴·폐업 중인 기업
금융기관 채무불이행 및 부실위험이 있는 기업
해외여행 결격사유가 있는 자(기업)
기타 사업 목적에 적합하지 않다고 판단되는 경우",,"1년미만,2년미만,3년미만,5년미만,7년미만",글로벌,20260605,20260614,,,온라인 접수: https://forms.gle/b1Xhj4EHMUJNmhV27,https://www.k-startup.go.kr/web/contents/bizpbanc-ongoing.do?schM=view&pbancSn=178009,main,primary,천안글로벌액셀러레이팅프로그램,민간,20260605~20260614,글로벌,글로벌
kst,178008,경기 창업 공모,"경기도와 경기도경제과학진흥원은 혁신 창업 아이템 발굴 경진대회를 통해 경기도 내 창업 분위기를 확산하고자 합니다.
이를 위해 「2026 경기창업공모(G스타오디션) '도약리그'」를 공고하오니 (예비)창업자 분들의 많은 참여를 바랍니다.",행사/네트워크,공공기관,경기도,"청소년,대학생,일반인,대학,연구기관,일반기업,1인 창조기업","기업,누구나,청년,초기창업기업","만 20세 미만,만 20세 이상 ~ 만 39세 이하,만 40세 이상",,,"경기도 거주 예비 창업가 및 경기도 소재 7년 이내(신산업 분야 10년 이내) 창업자

- 법위반 등 제제 조치받고 있는자, 게임·유흥 업종, 과거 본 사업(변화와 기회의 경기 창업공모, 새로운 경기 창업공모) 입상자
- 타 창업공모전(창업경진대회) 등 유사한 사업에서 공고일 기준 동일하거나 유사한 아이템으로 누적 상금 1억원 이상 받은 자",,"예비창업자,1년미만,2년미만,3년미만,5년미만,7년미만,10년미만",행사ㆍ네트워크,20260608,20260630,,,온라인 접수: https://www.gsp.or.kr/supportProject/UVSD0001.do?sportSeq=6250,https://www.k-startup.go.kr/web/contents/bizpbanc-ongoing.do?schM=view&pbancSn=178008,main,primary,경기창업공모,공공기관,20260608~20260630,행사ㆍ네트워크,행사ㆍ네트워크
kst,178007,김해형 액셀러레이팅 지원사업,"(재)김해의생명산업진흥원에서는 김해형 액셀러레이팅 지원사업의 일환으로, 관내 우수 비즈니스 모델 발굴 및 창업자·예비창업자의 역량 강화를 위한 「2026 김해형 액셀러레이팅 프로그램」 참여기업을 모집하오니, 관심 있는 기업의 많은 참여 바랍니다.",행사/네트워크,공공기관,경상남도,"청소년,대학생,일반인,대학,연구기관,일반기업,1인 창조기업","기업,누구나,청년,초기창업기업","만 20세 미만,만 20세 이상 ~ 만 39세 이하,만 40세 이상",,,"김해소재 10년 이내 스타트업 및 이전 예정중인 관외(예비)창업자
※ 김해지역 외 기업의 경우, 사업기간 내에 관내로 본사 또는 연구소, 공장, 지사이전 하여함
※ 구글폼과 이메일 모두 제출하여야 함.",,"예비창업자,1년미만,2년미만,3년미만,5년미만,7년미만,10년미만",행사ㆍ네트워크,20260608,20260618,,,"온라인 접수: https://forms.gle/kTBZkZqxcMhztcHz5
이메일 접수: 공고문 확인 필요",https://www.k-startup.go.kr/web/contents/bizpbanc-ongoing.do?schM=view&pbancSn=178007,main,primary,김해형액셀러레이팅지원사업,공공기관,20260608~20260618,행사ㆍ네트워크,행사ㆍ네트워크
kst,178006,바른동행 모집,"한국투자액셀러레이터의 바른동행은 초기 스타트업을 위한 시드 투자 프로그램입니다.
최대 3억 원의 투자와 함께, 그룹의 폭넓은 인프라와 네트워크를 통해 스타트업의 성장으로 연결합니다.",창업,민간,전국,"청소년,대학생,일반인,대학,연구기관,일반기업,1인 창조기업","기업,누구나,예비창업자,청년,초기창업기업","만 20세 미만,만 20세 이상 ~ 만 39세 이하,만 40세 이상",,,"- 창업 3년 이내 스타트업(공고마감일 기준)
- 예비창업자 지원 가능",,3년미만,사업화,20260608,20260702,,,온라인 접수: https://apply.koreainvestment.ac/,https://www.k-startup.go.kr/web/contents/bizpbanc-ongoing.do?schM=view&pbancSn=178006,main,primary,바른동행모집,민간,20260608~20260702,사업화,사업화
kst,178005,청년성장지원 『이룸』하반기 청년창업팀 모집,2026년 하반기 성남시청소년청년재단 야탑유스센터와 함께할 청년 예비창업팀을 다음과 같이 모집하오니 청년들의 많은 관심과 참여 바랍니다.,창업,공공기관,경기도,"대학생,일반인","누구나,청년",만 20세 이상 ~ 만 39세 이하,20,39,성남시 거주 혹은 재학 중인 만19~39세 청년,,예비창업자,사업화,20260608,20260622,,,이메일 접수: 공고문 확인 필요,https://www.k-startup.go.kr/web/contents/bizpbanc-ongoing.do?schM=view&pbancSn=178005,main,primary,청년성장지원이룸하반기청년창업팀모집,공공기관,20260608~20260622,사업화,사업화
kst,178004,2026충남여성창업경진대회 참자가 모집,충청남도내 여성창업을 활성화하고 우수 여성창업기업을 발굴·육성하기 위해 를 개최합니다. 참신한 아이디어와 성장 가능성을 가진 여성 (예비)창업자의 많은 참여 바랍니다.,행사/네트워크,민간,충청남도,"청소년,대학생,일반인,대학,연구기관,일반기업,1인 창조기업","기업,누구나,여성,예비창업자,청년,초기창업기업","만 20세 미만,만 20세 이상 ~ 만 39세 이하,만 40세 이상",,,"□ 참가대상 : 공고일 기준 아래 중 하나에 해당하는 여성 창업자(예비창업자 포함)
○ 충청남도 내 본점을 둔 창업 7년 미만 여성기업
○ 충청남도 내 주민등록이 되어 있는 여성 예비창업자

• 누적 투자유치 금액 15억원 초과인 자
• 「중소기업창업 지원법」 시행령 제4조에 따라 창업에서 제외되는 업종과 사행성 및 환경오염 
  유발 등 반사회적 성격의 창업 아이템
• 부처 합동 창업경진대회 “도전! K-스타트업 왕중왕전 2016 ~ 2025” 기 수상자(팀원 포함) 또는 
  수상 아이템(왕중왕전 특별상·입상자 제외)

기타 자세한 사항은 공고문 참고",,"예비창업자,1년미만,2년미만,3년미만,5년미만,7년미만",행사ㆍ네트워크,20260605,20260630,,,이메일 접수: 공고문 확인 필요,https://www.k-startup.go.kr/web/contents/bizpbanc-ongoing.do?schM=view&pbancSn=178004,main,primary,2026충남여성창업경진대회참자가모집,민간,20260605~20260630,행사ㆍ네트워크,행사ㆍ네트워크
kst,178003,IP 디딤돌 프로그램,"한국발명진흥회 광주지부(광주지식재산센터)는 광주광역시 내 청년들의 혁신적인 아이디어를 발굴하고 이를 지식재산으로 발전시켜 사업화까지 연계함으로써, 지역 창업 생태계 활성화에 기여하고자 청년특화 과정인「IP창업존 61기(26년 3기)」 과정을 운영합니다. 창업 및 지식재산에 관심 있는 지역 청년 여러분의 많은 참여 바랍니다.",교육/멘토링,공공기관,광주광역시,"대학생,일반인","누구나,예비창업자,청년","만 20세 이상 ~ 만 39세 이하,만 40세 이상",,,"예비창업자: 사업화 가능한 아이디어를 보유한 광주광역시 거주자로서 창업 의지가 명확한 자  재학생: 광주 소재 대학 또는 대학원에 재학 중인 학생으로서 창업 또는 지식재산권에 관심이 있는 자

기창업자 (2026년 이전 창업자): 교육 프로그램 수강은 가능하지만, 국내 특허출원 등을 지원하는 '권리화 지원' 대상에서는 제외됩니다.",,예비창업자,멘토링ㆍ컨설팅ㆍ교육,20260601,20260619,,,이메일 접수: 공고문 확인 필요,https://www.k-startup.go.kr/web/contents/bizpbanc-ongoing.do?schM=view&pbancSn=178003,main,primary,ip디딤돌프로그램,공공기관,20260601~20260619,멘토링ㆍ컨설팅ㆍ교육,멘토링ㆍ컨설팅ㆍ교육
kst,178002,26-2차 방산 중소기업 컨설팅 지원사업 지원대상기업 모집 공고문,"국방분야 혁신 중소기업을 체계적으로 육성하고, 우수 중소기업 발굴 및 방산 유입 지원을 위한 방산 중소기업 컨설팅 지원사업에 참여를 희망하는 지원대상기업을 모집하오니 많은 관심 바랍니다.",교육/멘토링,민간,전국,일반기업,"기업,중소기업","만 20세 이상 ~ 만 39세 이하,만 40세 이상",,,중소기업,,"1년미만,2년미만,3년미만,5년미만,7년미만,10년미만",멘토링ㆍ컨설팅ㆍ교육,20260605,20260625,,,이메일 접수: 공고문 확인 필요,https://www.k-startup.go.kr/web/contents/bizpbanc-ongoing.do?schM=view&pbancSn=178002,main,primary,262차방산중소기업컨설팅지원사업지원대상기업모집공고문,민간,20260605~20260625,멘토링ㆍ컨설팅ㆍ교육,멘토링ㆍ컨설팅ㆍ교육
kst,178000,2026년 G밸리의료기기개발지원센터 상하이/쑤저우 진출 프로그램 모집공고,서울시 「G밸리의료기기개발지원센터」에서는 서울소재 의료기기 개발 업체의 해외진출 지원을 위하여 「상하이/쑤저우 진출 프로그램」을 모집 공고하오니 관련 기업의 많은 참여를 바랍니다.,판로/수출,공공기관,서울특별시,"청소년,대학생,일반인,대학,연구기관,일반기업,1인 창조기업","기업,누구나,청년,초기창업기업","만 20세 미만,만 20세 이상 ~ 만 39세 이하,만 40세 이상",,,"서울 소재(본사 혹은 지사)를 두며, 디지털헬스 및 의료기기 관련 해외진출을 희망하는 기업",,"1년미만,2년미만,3년미만,5년미만,7년미만,10년미만",글로벌,20260608,20260619,,,이메일 접수: 공고문 확인 필요,https://www.k-startup.go.kr/web/contents/bizpbanc-ongoing.do?schM=view&pbancSn=178000,main,primary,2026년g밸리의료기기개발지원센터상하이쑤저우진출프로그램모집공고,공공기관,20260608~20260619,글로벌,글로벌
kst,177999,대중견기업- 스타트업 오픈이노베이션,스타트업의 스케일업을 위한 새로운 기회. 올해 처음 선보인 오픈이노베이션의 모든 것을 런칭데이에서 가장 먼저 확인하세요.,창업,공공기관,전국,"청소년,대학생,일반인,대학,연구기관,일반기업,1인 창조기업","기업,누구나,스타트업,청년,초기창업기업","만 20세 미만,만 20세 이상 ~ 만 39세 이하,만 40세 이상",,,"대·중견기업, 스타트업, VC/AC, 유관기관 등 오픈이노베이션에 관심있는 누구나",,"예비창업자,1년미만,2년미만,3년미만,5년미만,7년미만,10년미만",사업화,20260608,20260618,,,온라인 접수: http://event-us.kr/hubopen/event/126544,https://www.k-startup.go.kr/web/contents/bizpbanc-ongoing.do?schM=view&pbancSn=177999,main,primary,대중견기업스타트업오픈이노베이션,공공기관,20260608~20260618,사업화,사업화
kst,177998,2027 CES 혁신상 수상지원 사업 모집 안내,KOTRA는 수출테크기업의 해외 유력 레퍼런스 확보를 지원하기 위해 창업진흥원과 협력하여 2027 CES 혁신상 수상지원 사업을 진행합니다. CES 혁신상 수상을 준비 중인 기업의 많은 지원 부탁드립니다.,행사/네트워크,공공기관,전국,"일반기업,1인 창조기업","기업,초기창업기업","만 20세 미만,만 20세 이상 ~ 만 39세 이하,만 40세 이상",,,CES 2027 혁신상에 출품할 국내 창업·벤처 및 혁신기업,,"1년미만,2년미만,3년미만,5년미만,7년미만,10년미만",행사ㆍ네트워크,20260605,20260619,,,온라인 접수: https://www.kotra.or.kr/subList/20000020753/subhome/bizAply/selectBizMntInfoDetail.do?&dtlBizMntNo=26PC00V&cpbizYn=N,https://www.k-startup.go.kr/web/contents/bizpbanc-ongoing.do?schM=view&pbancSn=177998,main,primary,2027ces혁신상수상지원사업모집안내,공공기관,20260605~20260619,행사ㆍ네트워크,행사ㆍ네트워크
kst,177995,2026년 특허출원·등록 비용 바우처 지원사업(상반기 6차),"국내 스타트업 및 중소기업의 혁신기술보호를 위해 ‘2026년 특허출원·등록 비용 바우처 지원사업’ 시행 계획을 다음과 같이 공고하오니, 사업에 참여하고자 하는 기업의 많은 신청 바랍니다.",창업,민간,전국,"연구기관,일반기업,1인 창조기업","기업,초기창업기업","만 20세 미만,만 20세 이상 ~ 만 39세 이하,만 40세 이상",,,"❍ 국내 특허출원·등록 비용 지원 희망 스타트업/중소기업
❍ 특허증 1건 이상의 지적재산권 보유 희망 기업(법인 또는 개인)
* 본 특허출원·등록 비용 바우처 지원사업은 기업당 최초 1회 1건만 선발 후 신규 특허등록지원",,"예비창업자,1년미만,2년미만,3년미만,5년미만,7년미만,10년미만",사업화,20260608,20260619,,,이메일 접수: 공고문 확인 필요,https://www.k-startup.go.kr/web/contents/bizpbanc-ongoing.do?schM=view&pbancSn=177995,main,primary,2026년특허출원등록비용바우처지원사업상반기6차,민간,20260608~20260619,사업화,사업화
kst,177994,용산구 청년창업지원센터 입주기업 신규모집 공고,용산구 청년창업지원센터에서는 예비창업자 및 창업초기의 기업체에 창업공간을 지원하고 건실한 중소기업으로 육성하여 지역경제 활성화에 기여하고자 다음과 같이 청년창업지원센터 입주기업을 모집 공고합니다.,시설/공간,지자체,서울특별시,"일반인,일반기업","기업,누구나,예비창업자,청년",만 20세 이상 ~ 만 39세 이하,20,39,"19세 ~ 39세 청년 대표자로, 용산구에서 거주하거나 용산구에서 사업을 영위할 자로서 우수한 기술과 아이디어로 창업을 희망하는 예비창업자 또는 입주신청일 현재 창업한 날로부터 7년이 경과되지 아니한 자",,"예비창업자,7년미만",시설ㆍ공간ㆍ보육,20260605,20260610,,,방문 접수: 용산구청 8층 일자리정책담당관 일자리정책팀 (용산구 녹사평대로 150),https://www.k-startup.go.kr/web/contents/bizpbanc-ongoing.do?schM=view&pbancSn=177994,main,primary,용산구청년창업지원센터입주기업신규모집공고,지자체,20260605~20260610,시설ㆍ공간ㆍ보육,시설ㆍ공간ㆍ보육
kst,177993,[윌로펌프 재공고]' 스타트업 오픈이노베이션 챌린지 In 부산 2026' 참여기업 모집,"(재)부산창조경제혁신센터에서는 파트너사와 함께 개방형 혁신에 기여할 유망 스타트업을 발굴하여, 
비지니스 매칭, 시장검증, 사업제휴 등의 기회를 제공하여 지속가능한동반성장 동력을 마련하기 위한
'스타트업 오픈이노베이션 챌린지 In 부산 2026' 를 다음과 같이 재공고하오니 많은 신청바랍니다.",창업,공공기관,부산광역시,일반기업,"기업,스타트업,예비창업자","만 20세 미만,만 20세 이상 ~ 만 39세 이하,만 40세 이상",,,"부산 소재 7년 미만 스타트업

예비창업자",,7년미만,사업화,20260604,20260612,,,온라인 접수: https://zrr.kr/AQHurC,https://www.k-startup.go.kr/web/contents/bizpbanc-ongoing.do?schM=view&pbancSn=177993,main,primary,윌로펌프재공고스타트업오픈이노베이션챌린지in부산2026참여기업모집,공공기관,20260604~20260612,사업화,사업화
kst,177992,[포스텍홀딩스 데모데이] 2026 PR Day : DeepTech,"포스텍홀딩스에서는 DeepTech 분야 유망 스타트업과 투자자를 연결하기 위한 「포스텍홀딩스 PR Day : DeepTech」를 개최합니다.
AI, 로보틱스, 모빌리티, 첨단소재 분야 스타트업 8개사의 IR 발표와 네트워킹이 진행될 예정이오니, 투자 검토 및 유망 기업 발굴에 관심 있는 VC, AC, CVC 및 유관기관 관계자 여러분의 많은 참여 바랍니다.",행사/네트워크,민간,전국,"청소년,대학생,일반인,대학,연구기관,일반기업,1인 창조기업","기업,누구나,청년,초기창업기업","만 20세 미만,만 20세 이상 ~ 만 39세 이하,만 40세 이상",,,"- VC, AC, CVC 등 투자기관 관계자
- 대·중견기업 오픈이노베이션 담당자
- 투자 및 사업협력 검토 관계자",,"예비창업자,1년미만,2년미만,3년미만,5년미만,7년미만,10년미만",행사ㆍ네트워크,20260608,20260626,,,온라인 접수: https://event-us.kr/m/126661/55493,https://www.k-startup.go.kr/web/contents/bizpbanc-ongoing.do?schM=view&pbancSn=177992,main,primary,포스텍홀딩스데모데이2026prdaydeeptech,민간,20260608~20260626,행사ㆍ네트워크,행사ㆍ네트워크
kst,177991,용산구 창업지원센터 입주기업 신규모집 공고,용산구 창업지원센터에서는 예비창업자 및 창업초기의 기업체에 창업공간을 지원하고 건실한 중소기업으로 육성하여 지역경제 활성화에 기여하고자 다음과 같이 창업지원센터 입주기업을 모집 공고합니다.,시설/공간,지자체,서울특별시,"일반인,일반기업","기업,누구나,예비창업자","만 20세 이상 ~ 만 39세 이하,만 40세 이상",,,"용산구에서 거주하거나 용산구에서 사업을 영위할 자로서, 우수한 기술과 아이디어로 창업을 희망하는 예비창업자 또는 입주신청일 현재 창업한 날로부터 7년이 경과되지 아니한 자",,"예비창업자,7년미만",시설ㆍ공간ㆍ보육,20260605,20260610,,,방문 접수: 용산구청 8층 일자리정책담당관 일자리정책팀 (용산구 녹사평대로 150),https://www.k-startup.go.kr/web/contents/bizpbanc-ongoing.do?schM=view&pbancSn=177991,main,primary,용산구창업지원센터입주기업신규모집공고,지자체,20260605~20260610,시설ㆍ공간ㆍ보육,시설ㆍ공간ㆍ보육
kst,177990,[서울과학기술대학교] 제조창업 장비교육,3D프린터 장비교육에 관심잇는 분들께서는 많은 신청부탁드립니다.,창업,교육기관,서울특별시,"청소년,대학생,일반인,대학,연구기관,일반기업,1인 창조기업","기업,누구나,예비창업자,청년,초기창업기업","만 20세 미만,만 20세 이상 ~ 만 39세 이하,만 40세 이상",,,예비창업자  및 7년이내 창업자,,"예비창업자,1년미만,2년미만,3년미만,5년미만,7년미만",창업교육,20260605,20260622,,,이메일 접수: 공고문 확인 필요,https://www.k-startup.go.kr/web/contents/bizpbanc-ongoing.do?schM=view&pbancSn=177990,main,primary,서울과학기술대학교제조창업장비교육,교육기관,20260605~20260622,창업교육,창업교육
kst,177989,[서울과학기술대학교]레이저커팅기 장비교육,레이저커팅기 장비에 관심있는 분들께서는 많은 신청 부탁드립니다.,창업,교육기관,서울특별시,"청소년,대학생,일반인,대학,연구기관,일반기업,1인 창조기업","기업,누구나,예비창업자,청년,초기창업기업","만 20세 미만,만 20세 이상 ~ 만 39세 이하,만 40세 이상",,,7년이내 창업자  및 예비창업자,,"예비창업자,1년미만,2년미만,3년미만,5년미만,7년미만",창업교육,20260615,20260618,,,이메일 접수: 공고문 확인 필요,https://www.k-startup.go.kr/web/contents/bizpbanc-ongoing.do?schM=view&pbancSn=177989,main,primary,서울과학기술대학교레이저커팅기장비교육,교육기관,20260615~20260618,창업교육,창업교육
kst,177988,2026 서울창업허브 글로벌 진출 「PoC·스케일업·액셀러레이팅」 참여기업 2차 모집,"서울창업허브는 서울 혁신기업의 글로벌 시장 진출을 지원하고자, 민간 전문 액셀러레이터 및 유관 기관, 현지 전문가 그룹과 협력하여 글로벌 진출 프로그램을 운영합니다. 이에 프로그램에 참여할 우수 혁신기업을 모집하오니 많은 참여 바랍니다.",판로/수출,공공기관,서울특별시,"일반기업,1인 창조기업","기업,초기창업기업","만 20세 이상 ~ 만 39세 이하,만 40세 이상",,,"① 영어로 업무소통이 원활한 C레벨 담당자 또는 대표자 이상이 현지 체류일정에 참여가능 기업
② 본사가 서울에 소재하거나, 법인등기부등본에 서울 지점이 등록된 기업
※ 단, 종된사업장을 서울 소재로 한 사업장은 해당하지 않음
③ 본 프로그램의 모집 분야에 해당하는 기술이나 솔루션, MVP(최소기능제품) 보유한 기업
④ 1개 이상 국가로 비즈니스 진출이 가능한 준비 된 기업

① 금융기관 등으로부터 채무불이행으로 규제 중인 자(기업)
② 국세 또는 지방세 체납으로 규제 중인 자(기업)
③ 중소기업창업 지원법 시행령 제4조(창업에서 제외되는 업종)의 업종을 영위하고자 하는 자(기업)
④ 공고 마감일 기준 휴업 중인 기업",,"1년미만,2년미만,3년미만,5년미만,7년미만,10년미만",글로벌,20260605,20260625,,,온라인 접수: www.startup-plus.kr/project/PRJ007150,https://www.k-startup.go.kr/web/contents/bizpbanc-ongoing.do?schM=view&pbancSn=177988,main,primary,2026서울창업허브글로벌진출poc스케일업액셀러레이팅참여기업2차모집,공공기관,20260605~20260625,글로벌,글로벌
kst,177987,NEST 춘천 4기 입주기업 모집,신용보증기금에서 NEST 춘천 4기 입주기업을 모집합니다. 혁신 스타트업의 많은 관심과 지원 바랍니다.,시설/공간,공공기관,강원특별자치도,일반기업,"기업,예비창업자","만 20세 이상 ~ 만 39세 이하,만 40세 이상",,,"창업 7년 이내 기업 중 혁신 스타트업*(예비창업자 포함)
* 모집공고문 [별표1] 참조

▪ 신용보증기금에서 정한 보증금지˙보증제한 대상 기업 등(모집공고문 별표 2 참조)
▪ 공고일 이전, 신용보증기금에서 운영한 NEST Space, 창업드림센터 등에 입주한 사실이 있는 기업
▪  공고일 기준, 정부, 지방자치단체 및 공공기관의 창업 공간 지원 사업의 수혜를 받고 있는 기업(단, 입주일로부터 30일 이내 퇴거 예정인 기업은 지원 가능) 

※ 자세한 내용은 공고문 참고 바랍니다.",,"예비창업자,7년미만",시설ㆍ공간ㆍ보육,20260609,20260623,,,온라인 접수: https://www.kodit.or.kr/sut/index.do,https://www.k-startup.go.kr/web/contents/bizpbanc-ongoing.do?schM=view&pbancSn=177987,main,primary,nest춘천4기입주기업모집,공공기관,20260609~20260623,시설ㆍ공간ㆍ보육,시설ㆍ공간ㆍ보육
kst,177986,2026년  아세안 전략 시장 진출 사업 참여기업 모집,"서울경제진흥원은 서울 소재 중소기업의 아세안 시장 진출을 지원하고자, 「아세안 전략 시장 진출 사업」참여기업을 모집하오니 많은 관심 바랍니다.",판로/수출,공공기관,서울특별시,일반기업,기업,"만 20세 미만,만 20세 이상 ~ 만 39세 이하,만 40세 이상",,,"다음 자격을 모두 충족하는 기업 
① 본사, 지사, 연구소 중 1곳 이상이 서울에 소재한 중소기업
② 뷰티 또는 푸드 분야에 해당하는 자체 브랜드(제품)을 보유한 기업
③ 현지 파견 전일정(8.24.(월) ~ 8.29.(토))에 참여가 가능한 기업

※ 신청제외 대상은 공고문 2page 확인 필수",,"1년미만,2년미만,3년미만,5년미만,7년미만,10년미만",판로ㆍ해외진출,20260605,20260616,,,온라인 접수: https://www.sba.seoul.kr/Pages/ContentsMenu/Company_Support_Detail.aspx?RID=0EA4AD93-875D-F111-B404-D4F5EF4A1E33,https://www.k-startup.go.kr/web/contents/bizpbanc-ongoing.do?schM=view&pbancSn=177986,main,primary,2026년아세안전략시장진출사업참여기업모집,공공기관,20260605~20260616,판로ㆍ해외진출,판로ㆍ해외진출
kst,177985,[서울과학기술대학교]UV프린터 장비교육,uv프린터에 관심있는 분들께서는 많은 신청부탁드립니다.,창업,교육기관,서울특별시,"청소년,대학생,일반인,대학,연구기관,일반기업,1인 창조기업","기업,누구나,예비창업자,청년,초기창업기업","만 20세 미만,만 20세 이상 ~ 만 39세 이하,만 40세 이상",,,"7년이내 초기창업자 
예비창업자",,"예비창업자,1년미만,2년미만,3년미만,5년미만,7년미만",창업교육,20260605,20260610,,,이메일 접수: 공고문 확인 필요,https://www.k-startup.go.kr/web/contents/bizpbanc-ongoing.do?schM=view&pbancSn=177985,main,primary,서울과학기술대학교uv프린터장비교육,교육기관,20260605~20260610,창업교육,창업교육
kst,177983,2026년 대덕특구 이노폴리스캠퍼스 액셀러레이팅 지원사업,"(주)로우파트너스는 연구개발특구진흥재단의 지원을 받아 2026년 대덕특구 이노폴리스캠퍼스 액셀러레이팅 지원사업의 주관 운영기관으로서 
기술창업 스타트업을 위한 맞춤형 액셀러레이팅 프로그램을 운영하고 있습니다.
이에 따라, 대덕특구 소재 창업 7년 미만의 스타트업 또는 예비창업자를 대상으로 액셀러레이팅 프로그램에 참여할 기업을 모집하오니 많은 관심과 참여 바랍니다.",창업,민간,대전광역시,"청소년,대학생,일반인,대학,연구기관,일반기업,1인 창조기업","기업,누구나,예비창업자,청년,초기창업기업","만 20세 미만,만 20세 이상 ~ 만 39세 이하,만 40세 이상",,,"- 대덕특구 내 창업 7년 미만 스타트업 또는 예비창업자
- 대덕특구 이전 예정 기업 (이전예정서 제출 필수)
- 연구소기업의 경우 업력 무관 (등록증 제출 시)
- 대덕특구 소재 공공 연구기관의 기술을 이전 받아 사업화를 추진하는 기업(기술이전계약서 제출)",,"예비창업자,1년미만,2년미만,3년미만,5년미만,7년미만",사업화,20260605,20260626,,,이메일 접수: 공고문 확인 필요,https://www.k-startup.go.kr/web/contents/bizpbanc-ongoing.do?schM=view&pbancSn=177983,main,primary,2026년대덕특구이노폴리스캠퍼스액셀러레이팅지원사업,민간,20260605~20260626,사업화,사업화
kst,177982,NEST 해운대 5기 입주기업 모집,신용보증기금에서 NEST 해운대 5기 입주기업을 모집합니다. 혁신 스타트업의 많은 관심과 지원 바랍니다.,시설/공간,공공기관,부산광역시,일반기업,"기업,예비창업자","만 20세 미만,만 20세 이상 ~ 만 39세 이하,만 40세 이상",,,"창업 7년 이내 기업 중 혁신 스타트업*(예비창업자 포함)
* 모집공고문 [별표1] 참조

▪ 신용보증기금에서 정한 보증금지˙보증제한 대상 기업 등(모집공고문 별표 2 참조)
▪ 공고일 이전, 신용보증기금에서 운영한 NEST Space, 창업드림센터 등에 입주한 사실이 있는 기업
▪ 공고일 기준, 정부, 지방자치단체 및 공공기관의 창업 공간 지원 사업의 수혜를 받고 있는 기업(단, 입주일로부터 30일 이내 퇴거 예정인 기업은 지원 가능)
※ 자세한 내용은 공고문 참고 바랍니다.",,"예비창업자,7년미만",시설ㆍ공간ㆍ보육,20260609,20260623,,,온라인 접수: https://www.kodit.or.kr/sut/index.do,https://www.k-startup.go.kr/web/contents/bizpbanc-ongoing.do?schM=view&pbancSn=177982,main,primary,nest해운대5기입주기업모집,공공기관,20260609~20260623,시설ㆍ공간ㆍ보육,시설ㆍ공간ㆍ보육
kst,177981,2026년 강북창업지원센터 6월  창업 상담 참가자 모집(정부지원사업 사업계획서 작성 그룹 멘토링),"⭐ 2026년 6월 창업상담 DAY 안내 ⭐
강북청년창업마루에서 예비·초기 창업자분들을 위한 창업상담 프로그램을 진행합니다!
예비, 초기 창업자분들의 많은 관심과 참여 바랍니다!",교육/멘토링,교육기관,서울특별시,"대학생,일반인,대학,일반기업,1인 창조기업","기업,누구나,청년,초기창업기업","만 20세 미만,만 20세 이상 ~ 만 39세 이하,만 40세 이상",,,"예비 및 초기 창업자
(강북구 거주자 우선 선발)",,"예비창업자,1년미만,2년미만,3년미만",멘토링ㆍ컨설팅ㆍ교육,20260604,20260617,,,온라인 접수: https://forms.gle/YvtMQ5VBGYMiayyD6,https://www.k-startup.go.kr/web/contents/bizpbanc-ongoing.do?schM=view&pbancSn=177981,main,primary,2026년강북창업지원센터6월창업상담참가자모집정부지원사업사업계획서작성그룹멘토링,교육기관,20260604~20260617,멘토링ㆍ컨설팅ㆍ교육,멘토링ㆍ컨설팅ㆍ교육
kst,177980,2026 대구특구 이노폴리스캠퍼스 지원사업,씨엔티테크(주)가 혁신 기술을 가진 예비·초기 스타트업의 역량 강화와 투자 유치를 통한 성장을 지원하기 위해 「2026년 대구특구 이노폴리스캠퍼스 지원사업」을 운영합니다. 다음과 같이 참여 스타트업을 모집하오니 많은 관심과 신청 바랍니다.,창업,민간,대구광역시,"청소년,대학생,일반인,대학,연구기관,일반기업,1인 창조기업","기업,누구나,예비창업자,청년,초기창업기업","만 20세 미만,만 20세 이상 ~ 만 39세 이하,만 40세 이상",,,"- 기술 기반의 예비창업자 또는 7년 이내의 창업기업
  * 연구소기업 및 대구 5대 신산업 분야 기술 우대
  * 접수일 기준 사업장 소재지 대구연구개발특구 지역 우대",,"예비창업자,7년미만",사업화,20260601,20260619,,,이메일 접수: 공고문 확인 필요,https://www.k-startup.go.kr/web/contents/bizpbanc-ongoing.do?schM=view&pbancSn=177980,main,primary,2026대구특구이노폴리스캠퍼스지원사업,민간,20260601~20260619,사업화,사업화
kst,177979,'2026년 전남 글로벌 스타트업 육성사업(베트남)',"현재 전남센터에서 전남의 우수한 기업들의 해외 진출을 위해
 ‘2026년 전남 글로벌 스타트업 육성사업(베트남)' 프로그램 참여 기업 모집 중이니 많은 참여와 관심 부탁드리겠습니다!",판로/수출,공공기관,전라남도,일반기업,"기업,누구나,스타트업","만 20세 미만,만 20세 이상 ~ 만 39세 이하,만 40세 이상",,,"업력제한 없음, 전남도내 본사 또는 공장, 자사 등 1개 이상 소재 혹은 이전, 신규 설치 예정인 기업 중 기술 기반의 기업",,"1년미만,2년미만,3년미만,5년미만,7년미만,10년미만",글로벌,20260520,20260610,,,이메일 접수: 공고문 확인 필요,https://www.k-startup.go.kr/web/contents/bizpbanc-ongoing.do?schM=view&pbancSn=177979,main,primary,2026년전남글로벌스타트업육성사업베트남,공공기관,20260520~20260610,글로벌,글로벌
kst,177978,12대 국가전략기술 분야 기술이전 수요 모집,"대덕특구 공공연구기관(대학·출연연)이 보유한 사업화 유망기술을 기업의 기술 수요에 맞게 발굴·매칭·연계해드립니다.
기술 혁신과 경쟁력 강화를 희망하는 기업의 많은 참여를 바랍니다.",창업,민간,전국,"대학생,일반인,대학,연구기관,일반기업,1인 창조기업","기업,누구나,예비창업자,청년,초기창업기업","만 20세 미만,만 20세 이상 ~ 만 39세 이하,만 40세 이상",,,공공기술 활용 및 도입을 희망하는 전국 중소·중견기업 및 예비창업자,,"예비창업자,1년미만,2년미만,3년미만,5년미만,7년미만,10년미만",사업화,20260605,20260731,,,온라인 접수: https://forms.gle/9NWYbTBgouSY6oAz7,https://www.k-startup.go.kr/web/contents/bizpbanc-ongoing.do?schM=view&pbancSn=177978,main,primary,12대국가전략기술분야기술이전수요모집,민간,20260605~20260731,사업화,사업화
kst,177977,2026년 창업기업 온라인 판로지원사업(홈쇼핑 방송지원) 참여기업 모집 공고,우수 창업기업 제품의 홈쇼핑 판로지원을 위해 참여기업 모집을 아래와 같이 공고하오니 많은 관심과 참여를 바랍니다.,판로/수출,공공기관,전국,일반기업,"기업,초기창업기업","만 20세 미만,만 20세 이상 ~ 만 39세 이하,만 40세 이상",,,"창업 7년 미만의 기업
(*2019년 6월 5일 이후 개업·개시한 기업)

TV·데이터홈쇼핑 채널 방송 입점이 가능한 상품을 제조하거나 그 상품을 취급하는 기업
(*세부적인 지원제외 대상은 별첨 공고문 참조)",,7년미만,판로ㆍ해외진출,20260605,20260619,,,온라인 접수: https://fanfandaero.kr/portal/v2/preSprtBizPbancDetail.do?sprtBizCd=202616060200&sprtBizTrgtYn=&groupNo=,https://www.k-startup.go.kr/web/contents/bizpbanc-ongoing.do?schM=view&pbancSn=177977,main,primary,2026년창업기업온라인판로지원사업홈쇼핑방송지원참여기업모집공고,공공기관,20260605~20260619,판로ㆍ해외진출,판로ㆍ해외진출
kst,177976,2026 하반기 서울 AI 허브 고성능 컴퓨팅 인프라 지원사업,"서울 AI 허브는 고성능 컴퓨팅 자원을 안정적으로 공급하여 스타트업의 기술적 임계점 돌파를 지원하고, 글로벌 클라우드 생태계와의 전략적 연계를 통해 서울 AI 스타트업의 실질적인 비즈니스 확장 기회를 창출하고자 합니다.",기술,교육기관,서울특별시,"청소년,대학생,일반인,대학,연구기관,일반기업,1인 창조기업","기업,누구나,청년,초기창업기업","만 20세 미만,만 20세 이상 ~ 만 39세 이하,만 40세 이상",,,"서울시 소재 창업 7년 미만의 AI 스타트업

모집과정 및 기술검증(PoC) 프로그램 전 과정 참여가 불가능한 법인(단체) 및 개인
국세 또는 지방세 체납, 금융기관 등으로부터 채무불이행으로 규제 중인 법인(단체) 및 개인
타인의 지식재산권을 침해하거나 침해할 우려가 있는 법인(단체) 및 개인
신청일 기준 국가연구개발(또는 지원) 사업에 참여제한 조치 중인 법인(단체) 및 개인
기타 주관기관이 참가 지원 및 지원 제한 대상이라고 판단하는 법인(단체) 및 개인",,"예비창업자,1년미만,2년미만,3년미만,5년미만,7년미만",기술개발(R&amp;D),20260601,20260619,,,온라인 접수: https://www.startup-plus.kr/project/PRJ006680,https://www.k-startup.go.kr/web/contents/bizpbanc-ongoing.do?schM=view&pbancSn=177976,main,primary,2026하반기서울ai허브고성능컴퓨팅인프라지원사업,교육기관,20260601~20260619,기술개발(R&D),기술개발(R&D)
kst,177974,「2026년 연구개발특구 딥테크 스타트업 챌린지」 참여기업 모집 공고,"연구개발특구진흥재단은 특구 내 유망 딥테크 스타트업의 기술사업화와 성장을 촉진하기 위해「2026년 연구개발특구 딥테크 스타트업 챌린지」를 추진합니다.
경쟁형 프로그램을 통해 우수 스타트업을 선발하고, 연구개발특구펀드 등을 활용한 직접투자 및 후속R&D 과제 연계 등 체계적인 지원을 제공할 예정이오니, 많은 관심과 적극적인 참여를 바랍니다.",행사/네트워크,민간,전국,"청소년,대학생,일반인,대학,연구기관,일반기업,1인 창조기업","기업,누구나,스타트업,청년,초기창업기업","만 20세 미만,만 20세 이상 ~ 만 39세 이하,만 40세 이상",,,"연구소기업 / 첨단기술기업 / 규제특례기업 /공공기술기반 딥테크 기업 등
12대 국가전략기술 등 딥테크분야 기업(상세 조건은 공고문 참조)",,"예비창업자,1년미만,2년미만,3년미만,5년미만,7년미만,10년미만",행사ㆍ네트워크,20260604,20260731,,,이메일 접수: 공고문 확인 필요,https://www.k-startup.go.kr/web/contents/bizpbanc-ongoing.do?schM=view&pbancSn=177974,main,primary,2026년연구개발특구딥테크스타트업챌린지참여기업모집공고,민간,20260604~20260731,행사ㆍ네트워크,행사ㆍ네트워크
kst,177973,2026년 창업기업 온라인 판로지원사업(e커머스) 참여기업 모집 공고,우수 창업기업 제품의 온라인 판로지원을 위해 참여기업 모집을 아래와 같이 공고하오니 많은 관심과 참여를 바랍니다.,판로/수출,공공기관,전국,일반기업,"기업,초기창업기업","만 20세 미만,만 20세 이상 ~ 만 39세 이하,만 40세 이상",,,"창업 7년 미만 기업 
(*2019년 6월 5일 이후 개업·개시한 기업)

지원 제외 상품을 제조하거나 그 상품을 취급하는 기업
(*지원 제외 대상 등 세부 사항은 별첨 공고문 참조)",,7년미만,판로ㆍ해외진출,20260605,20260619,,,온라인 접수: https://fanfandaero.kr/portal/v2/preSprtBizPbancDetail.do?sprtBizCd=202616060100&sprtBizTrgtYn=&groupNo=,https://www.k-startup.go.kr/web/contents/bizpbanc-ongoing.do?schM=view&pbancSn=177973,main,primary,2026년창업기업온라인판로지원사업e커머스참여기업모집공고,공공기관,20260605~20260619,판로ㆍ해외진출,판로ㆍ해외진출
kst,177972,2026 G-CON 스케일업·투자유치 지원사업 참여기업 모집,도내·외 유망 콘텐츠기업의 성장 지원 및 투자유치 역량 강화를 위한「2026 G-CON 스케일업·투자유치 지원사업」에 참여할 기업을 모집하오니 많은 관심과 적극적인 참여 바랍니다.,창업,공공기관,경상남도,"일반기업,1인 창조기업","기업,초기창업기업","만 20세 미만,만 20세 이상 ~ 만 39세 이하,만 40세 이상",,,"7년 미만 경남 도내·외 콘텐츠 기업(업력은 공고일 기준)
※도외기업 신청 시, 세부내용 공고문 참조 필수

※신청제외분야(게임) 및 관련 세부내용 공고문 참조",,"1년미만,2년미만,3년미만,5년미만,7년미만,10년미만",사업화,20260604,20260626,,,이메일 접수: 공고문 확인 필요,https://www.k-startup.go.kr/web/contents/bizpbanc-ongoing.do?schM=view&pbancSn=177972,main,primary,2026gcon스케일업투자유치지원사업참여기업모집,공공기관,20260604~20260626,사업화,사업화
kst,177971,「2026 서울바이오허브-기술보증기금 글로벌 진출 성장 가속 프로그램」 참여기업 모집공고,서울특별시가 조성하고 한국과학기술연구원·고려대학교가 운영하는 「서울바이오허브」에서 국내 바이오·의료 창업기업의 해외 진출 활성화를 위한 「2026 서울바이오허브-기술보증기금 글로벌 진출 성장 가속 프로그램」에 참여할 기업을 모집합니다. 관심 있는 기업의 많은 참여 바랍니다.,창업,공공기관,서울특별시,"청소년,대학생,일반인,대학,연구기관,일반기업,1인 창조기업","기업,누구나,청년,초기창업기업","만 20세 미만,만 20세 이상 ~ 만 39세 이하,만 40세 이상",,,"서울 소재 바이오·의료 설립 10년 이내 창업기업

채무불이행 부실, 미완/허위 정보 제출, 기타 본 사업목적 및 지원분야 등으로 적정하지 않다고 판단되는 경우",,"예비창업자,1년미만,2년미만,3년미만,5년미만,7년미만,10년미만",사업화,20260604,20260624,,,온라인 접수: https://www.seoulbiohub.kr/front/supportManageReq/supportManageView.do?seq=770&gubun=09&link_g_topmenu_id=310&link_g_submenu_id=310&link_g_homepage=F,https://www.k-startup.go.kr/web/contents/bizpbanc-ongoing.do?schM=view&pbancSn=177971,main,primary,2026서울바이오허브기술보증기금글로벌진출성장가속프로그램참여기업모집공고,공공기관,20260604~20260624,사업화,사업화
kst,177969,2026 KAIST 기후테크 전 국민 오디션 참가자 모집,"KAIST에서는 기후문제 해결을 위한 혁신 아이디어와 기술을 보유한 창업기업을 발굴하고,
실질적인 사업화 및 성장을 지원하고자 「2026 KAIST 기후테크 전 국민 오디션」 참가자를 모집합니다.
여러분들의 많은 관심과 참여 바랍니다.",창업,교육기관,전국,"청소년,대학생,일반인,대학,연구기관,일반기업,1인 창조기업","기업,누구나,예비창업자,청년,초기창업기업","만 20세 미만,만 20세 이상 ~ 만 39세 이하,만 40세 이상",,,"1) 기후문제 해결관련 아이디어 미 기술 보유 일반인 또는 예비창업자
 2) 탄소중립녹색성장위원회에 명시된 기후테크의 유형 산업을 영위하는 창업 5년 이내 기업
    (※ 2026. 05. 28. 공고일 기준)",,5년미만,사업화,20260528,20260622,,,이메일 접수: 공고문 확인 필요,https://www.k-startup.go.kr/web/contents/bizpbanc-ongoing.do?schM=view&pbancSn=177969,main,primary,2026kaist기후테크전국민오디션참가자모집,교육기관,20260528~20260622,사업화,사업화
kst,177968,"2026 민간판로개척지원사업(오픈이노베이션) 참여기업 모집공고(호반그룹, 카카오모빌리티, 솔루엠)",부산시와 부산기술창업투자원(이하 창투원)에서는 대․중견기업과 함께 개방형 혁신에 기여할 지역 유망 창업기업 발굴을 위한 「2026 민간판로개척지원사업(오픈이노베이션)」을 다음과 같이 모집합니다.,판로/수출,공공기관,부산광역시,일반기업,기업,"만 20세 미만,만 20세 이상 ~ 만 39세 이하,만 40세 이상",,,부산시 소재(본점 기준) 수요과제 내용에 부합하는 BM 및 기술을 보유한 7년이내 창업기업 또는 신산업분야 10년 이내 창업기업,,7년미만,판로ㆍ해외진출,20260604,20260626,,,온라인 접수: https://www.busanstartup.kr/biz_sup/2118?mcode=biz02&pageNo=1&deadline=N&deleteYn=N&s_orderby=regi&s_desc=desc,https://www.k-startup.go.kr/web/contents/bizpbanc-ongoing.do?schM=view&pbancSn=177968,main,primary,2026민간판로개척지원사업오픈이노베이션참여기업모집공고호반그룹카카오모빌리티솔루엠,공공기관,20260604~20260626,판로ㆍ해외진출,판로ㆍ해외진출
kst,177966,2026년 지역 가치 창업가 육성 지원사업,"경기도와 여주시, 경기콘텐츠진흥원은 경기 동부권역의 풍부한 지역 자원을 발굴하고, 창의적인 아이디어를 접목하여 지역 경제 활성화를 이끌어갈 ‘2026 지역가치 창업가‘를 아래와 같이 모집하오니 많은 관심과 지원을 바랍니다.",창업,공공기관,전국,"대학생,일반인,일반기업,1인 창조기업","기업,누구나,예비창업자,청년,초기창업기업","만 20세 이상 ~ 만 39세 이하,만 40세 이상",,,"○ (예비창업자) : 경기도 동부권역 ‘지역가치 창업가’로 창업을 희망하는 (예비)창업자,
                                     사업자등록증 상 2026년 1월 1일 이후 창업한 기 창업자
     ※ 동부권역: 가평, 광주, 구리, 남양주, 양평, 여주, 이천, 하남

○ (기창업자) 기존 사업의 2차 브랜드로써 지역자원을 활용하여 콘텐츠 장르와 
                             연계한 사업을 경기 동부권역으로 확장하고자 하는 기 창업자    
     ※ 기 창업자: 2023. 1. 1.  ~ 2025. 12. 31. 창업을 한 기창업자
            (사업자등록증 상 개업연월일 기준)
     ※ 예비창업자 및 기창업자 최종 창업자금지원 20명(팀)에 선정될 경우, 경기
           동부권역 내 신규 사업자등록증 또는 지점 사업자등록 필수  (종된 사업장 불가)

○ 금융기관 등으로부터 채무불이행으로 규제 중인 개인(기업) 
○ 국세 또는 지방세 체납으로 규제 중인 개인(기업) 
○ 중앙정부, 지자체 정부지원사업 참여제한 등 제재조치를 받고 있는 개인(기업)
○ 창업에서 제외되는 업종(중소기업창업 지원법 시행령 제4조) 영위자
       이거나 창업예정자(일반유흥주점업, 무도유흥주점업, 기타 사행시설 운영업)
○ 기타 참여 제한의 사유가 있다고 인정되는 개인(기업)
      ※ 지역자원을 활용하지 않는 단순 식당이나 카페, 관광 관련 창업은 지원하지 않음
      ※ 상기 요건 외에 동일 사업 아이템으로 중앙정부, 지자체 정부지원사업에 참여 중인 
            개인(기업)은 중복지원대상으로 지원 제한함

* 자세한 내용은 첨부한 공고문 참조",,1년미만,사업화,20260522,20260619,,,이메일 접수: 공고문 확인 필요,https://www.k-startup.go.kr/web/contents/bizpbanc-ongoing.do?schM=view&pbancSn=177966,main,primary,2026년지역가치창업가육성지원사업,공공기관,20260522~20260619,사업화,사업화
kst,177965,2026 강화군 청년 로컬크리에이터 육성·지원사업 청년 창업가 모집,강화군의 지역자원을 활용한 창의적인 로컬 비즈니스 발굴 및 청년의 지역 정착을 위해 「2026 강화군 청년 로컬크리에이터 육성·지원사업」의 (예비)창업자를 모집하오니 참여를 희망하는 (예비)창업자는 안내에 따라 신청하기 바랍니다.,창업,공공기관,인천광역시,"대학생,일반인,대학,일반기업,1인 창조기업","기업,누구나,예비창업자,청년,초기창업기업","만 20세 이상 ~ 만 39세 이하,만 40세 이상",,,"강화군 내 로컬 아이디어를 보유한 만 49세 이하 청년 창업가 (예비창업자 및 7년 이내 창업자)
※ 타 지역 거주자는 최종 선정 후 협약 종료 전까지 강화군 내 사업자 등록(지점 포함) 완료

⦁ 타 정부 지자체 유사 사업 중복 지원자
⦁ 중소기업창업지원법 시행령 4조(창업에서 제외되는 업종)의 업종을 여위하고 있는 자(기업)
⦁ 사업 취지에 부합하지 않는 일반 자영업
⦁ 국세 또는 지방세 체납으로 규제중인 자(기업)
⦁ 금융기관 등으로부터 채무불이행으로 규제 중인 자(기업)
⦁ 정부지원 사업 참여제한 등 제재조치를 받고 있는 자(기업)
⦁ 기타 (재)인천테크노파크에서 참여제한의 사유가 있다고 인정하는 자(기업)",,"예비창업자,1년미만,2년미만,3년미만,5년미만,7년미만",창업교육,20260528,20260616,,,온라인 접수: https://bizok.incheon.go.kr/open_content/support.do?act=detail&policyno=7015,https://www.k-startup.go.kr/web/contents/bizpbanc-ongoing.do?schM=view&pbancSn=177965,main,primary,2026강화군청년로컬크리에이터육성지원사업청년창업가모집,공공기관,20260528~20260616,창업교육,창업교육
kst,177964,2026 강남구 해외 테스트베드 사업 참여기업 모집,"강남구 소재 유망 스타트업의 글로벌 시장 진출을 지원하기 위해 유럽 글로벌 대기업과의 Pre PoC 사전 실증, 글로벌 밋업, PoC 기획 및 제안 고도화 등을 지원하는 사업입니다. 관심 있는 스타트업의 많은 참여 바랍니다.",판로/수출,민간,서울특별시,"청소년,대학생,일반인,대학,연구기관,일반기업,1인 창조기업","기업,누구나,청년,초기창업기업","만 20세 미만,만 20세 이상 ~ 만 39세 이하,만 40세 이상",,,"강남구 소재 스타트업 중 글로벌 시장 진출 및 해외 Pre PoC 수요가 있으며, AI, 모빌리티, 물류, 제조, 바이오헬스 등 글로벌 협업 가능 기술·서비스를 보유한 기업

사업 목적 및 지원 분야와의 적합성이 낮거나, 해외 Pre PoC 및 글로벌 밋업 참여가 어렵다고 판단되는 기업은 선정에서 제외될 수 있습니다.",,7년미만,판로ㆍ해외진출,20260604,20260611,,,온라인 접수: https://www.123factory.de/testbed2026,https://www.k-startup.go.kr/web/contents/bizpbanc-ongoing.do?schM=view&pbancSn=177964,main,primary,2026강남구해외테스트베드사업참여기업모집,민간,20260604~20260611,판로ㆍ해외진출,판로ㆍ해외진출
kst,177963,[서울핀테크랩] 자산관리 및 로보어드바이저 분야 교류 네트워킹 모집,"안녕하세요. 서울핀테크랩입니다.
서울핀테크랩은 서울시가 운영하는 핀테크 스타트업 육성 지원 기관으로, 100여 개 핀테크 기업의 성장을 지원하고 있습니다.
2026.07.14.(화) 13:30 ~ 17:00, 자산관리 및 로보어드바이저 분야 기업 간 협업 기회 발굴 및 커뮤니티 형성을 위한 분야별 네트워킹 행사를 개최합니다.
선착순 마감으로 조기 종료될 수 있으니, 많은 관심과 빠른 참여 바랍니다.",행사/네트워크,공공기관,서울특별시,"청소년,대학생,일반인,대학,연구기관,일반기업,1인 창조기업","기업,누구나,청년,초기창업기업","만 20세 미만,만 20세 이상 ~ 만 39세 이하,만 40세 이상",,,"자산관리 및 로보어드바이저 분야 스타트업, 기업 및 관계자 누구나",,"예비창업자,1년미만,2년미만,3년미만,5년미만,7년미만,10년미만",행사ㆍ네트워크,20260604,20260712,,,온라인 접수: https://forms.gle/thyXKwNy4nHfTkSv9,https://www.k-startup.go.kr/web/contents/bizpbanc-ongoing.do?schM=view&pbancSn=177963,main,primary,서울핀테크랩자산관리및로보어드바이저분야교류네트워킹모집,공공기관,20260604~20260712,행사ㆍ네트워크,행사ㆍ네트워크
kst,177961,OpenAI Open Innovation Open Call / OpenAI 오픈이노베이션 오픈콜 모집,이번 넥스트라이즈에 참여하는 오픈AI와 오픈이노베이션 잠재 협력 파트너나 오픈AI 솔루션의 우수 활용사례를 제안할 스타트업을 모집합니다. 참여 기업 중 우수기업은 오픈AI로부터 6/18 행사를 통해 수상 및 크레딧 지원을 받게 되오니 많은 참여 바랍니다.,창업,민간,전국,"대학,연구기관,일반기업,1인 창조기업","기업,초기창업기업","만 20세 이상 ~ 만 39세 이하,만 40세 이상",,,"ㅇ 상기 모집분야 기술을 보유한 한국 스타트업(강소기업) (Korean startups (SMEs) possessing the above-mentioned technologies in the recruitment fields.)
ㅇ 영문 IR 피치 및 QA가 가능한 기업 (Companies capable of English IR pitch and Q&A)
ㅇ  영문 IR 피칭덱 자료를 보유한 기업 (Companies possessing English IR pitch deck materials)",,"예비창업자,1년미만,2년미만,3년미만,5년미만,7년미만,10년미만",사업화,20260424,20260605,,,온라인 접수: https://innobranch.com/front/challenge/detail/1373,https://www.k-startup.go.kr/web/contents/bizpbanc-deadline.do?schM=view&pbancSn=177961,main,primary,openaiopeninnovationopencallopenai오픈이노베이션오픈콜모집,민간,20260424~20260605,사업화,사업화
kst,177960,2026『B.Startup × Pet & Healthcare with.AI』 프로그램 참여기업 모집 공고,"반려동물 및 헬스케어 산업 분야의 유망 창업 아이템을 보유한 예비창업자 및 초기창업기업을 대상으로, 기업의 성장단계와 사업유형에 따라 예비형·립스형·팁스형 맞춤형 액셀러레이팅, AI 활용 역량 강화, 투자 및 사업화 연계를 지원하는 「2026 B.Startup × Pet & Healthcare with.AI」 프로그램에 참여할 기업을 다음과 같이 모집합니다.",교육/멘토링,민간,부산광역시,"대학생,일반인,대학,일반기업","기업,누구나,예비창업자,청년","만 20세 이상 ~ 만 39세 이하,만 40세 이상",,,지원대상 : 부산광역시 내 주소지를 둔 예비창업자 및 7년 이내 초기창업기업,,"예비창업자,1년미만,2년미만,3년미만,5년미만,7년미만,10년미만",멘토링ㆍ컨설팅ㆍ교육,20260604,20260612,,,온라인 접수: https://busanstartup.kr/biz_sup/2115?mcode=biz02&pageNo=1&deadline=N&deleteYn=N&s_orderby=regi&s_desc=desc,https://www.k-startup.go.kr/web/contents/bizpbanc-ongoing.do?schM=view&pbancSn=177960,main,primary,2026bstartuppethealthcarewithai프로그램참여기업모집공고,민간,20260604~20260612,멘토링ㆍ컨설팅ㆍ교육,멘토링ㆍ컨설팅ㆍ교육
kst,177959,2026년 상생형 창업‧벤처기업 지원사업,"한국수력원자력과 대‧중소기업‧농어업협력재단, 에너지밸리기업개발원이 공동 수행하는 2026년 상생형 창업‧벤처기업 지원사업에 참여할 역량 있는 기업을 모집하오니 많은 신청 바랍니다.",창업,공공기관,전국,"일반인,대학,연구기관,일반기업","기업,누구나","만 20세 미만,만 20세 이상 ~ 만 39세 이하,만 40세 이상",,,"창업기업, 벤처기업, 소상공인, 대학, 여성기업",,7년미만,사업화,20260604,20260618,,,이메일 접수: 공고문 확인 필요,https://www.k-startup.go.kr/web/contents/bizpbanc-ongoing.do?schM=view&pbancSn=177959,main,primary,2026년상생형창업벤처기업지원사업,공공기관,20260604~20260618,사업화,사업화
kst,177958,[서울핀테크랩] 인슈어테크 분야 교류 네트워킹 모집,"안녕하세요. 서울핀테크랩입니다.
서울핀테크랩은 서울시가 운영하는 핀테크 스타트업 육성 지원 기관으로, 100여 개 핀테크 기업의 성장을 지원하고 있습니다.
2026.07.07.(화) 13:30 ~ 17:00, 인슈어테크 분야 기업 간 협업 기회 발굴 및 커뮤니티 형성을 위한 분야별 네트워킹 행사를 개최합니다.
선착순 마감으로 조기 종료될 수 있으니, 많은 관심과 빠른 참여 바랍니다.",행사/네트워크,공공기관,서울특별시,"청소년,대학생,일반인,대학,연구기관,일반기업,1인 창조기업","기업,누구나,청년,초기창업기업","만 20세 미만,만 20세 이상 ~ 만 39세 이하,만 40세 이상",,,"인슈어테크 분야 스타트업, 기업 및 관계자 누구나",,"예비창업자,1년미만,2년미만,3년미만,5년미만,7년미만,10년미만",행사ㆍ네트워크,20260604,20260705,,,온라인 접수: https://forms.gle/thyXKwNy4nHfTkSv9,https://www.k-startup.go.kr/web/contents/bizpbanc-ongoing.do?schM=view&pbancSn=177958,main,primary,서울핀테크랩인슈어테크분야교류네트워킹모집,공공기관,20260604~20260705,행사ㆍ네트워크,행사ㆍ네트워크
kst,177956,[강원창조경제혁신센터]2026 강원 BRIDGE 오픈이노베이션 프로그램 「미래산업 분야」,"강원창조경제혁신센터에서는 AI, 첨단소재, 관광 콘텐츠 등 미래산업 분야의 혁신 기술을 보유한 유망 스타트업을 발굴하고 지원하는 「강원 BRIDGE 오픈노베이션 프로그램-미래산업 분야」프로그램을 운영하며, 참여 스타트업을 모집합니다. 수요기업과의 협업을 통해 동반성장을 희망하는 역량있는 스타트업의 많은 관심과 참여 바랍니다.",창업,공공기관,강원특별자치도,"대학,연구기관,일반기업,1인 창조기업","기업,예비창업자,초기창업기업","만 20세 미만,만 20세 이상 ~ 만 39세 이하,만 40세 이상",,,"모집 분야별 혁신 기술 및 아이디어를 보유한 창업 10년 이내, 연 매출 20억 이하의 기업

예비창업자",,"1년미만,2년미만,3년미만,5년미만,7년미만,10년미만",사업화,20260602,20260621,,,온라인 접수: https://ccei.creativekorea.or.kr/gangwon/custom/notice_view.do?no=38002&rnum=1589&kind=my&sPtime=my,https://www.k-startup.go.kr/web/contents/bizpbanc-ongoing.do?schM=view&pbancSn=177956,main,primary,강원창조경제혁신센터2026강원bridge오픈이노베이션프로그램미래산업분야,공공기관,20260602~20260621,사업화,사업화
kst,177955,2026년 G-Bio Growth Lab 경기 바이오스타트업 기술검증 사업화지원,"경기도경제과학진흥원은 성장 잠재력이 높은 바이오산업 분야 창업기업을 발굴하고 기술검증(PoC)·사업화 지원을 통한 경기도 바이오 스타트업 생태계 강화를 위하여 다음과 같이 참가기업 모집 공고를 진행하오니, 많은 관심과 참여 바랍니다.",창업,공공기관,경기도,일반기업,"기업,스타트업","만 20세 미만,만 20세 이상 ~ 만 39세 이하,만 40세 이상",,,"경기도 내 본사/지사/연구소/공장을 등록(예정)한 7년 이내 기술창업 기업
    *권역외기업 : 협약일로부터 1개월 이내 본사/지사/연구소/공장 이전·등록을 확약한 기업
    *창업기업 : 중소기업창업지원법상의 창업기업으로 ’19.06.05. 이후 사업을 개시한 자       (법인등기부등본 상의 회사설립연월일)
    *중소기업창업 지원법 제25조 제4항에 따른 신산업 창업 분야의 경우 창업 10년 이하도 지원가능

‣ 접수기간 내에 신청서 및 첨부 서류를 제출하지 아니하였거나 제출서류가 허위인 경우
 ‣ 금융기관 등으로부터 채무불이행으로 규제중인 경우 또는 국세 또는 지방세를 체납중인 경우
 ‣ 법정관리 또는 화의절차가 진행 중인 기업
 ‣ 대기업, 중견기업
 ‣ 공고일 기준 신청기업이나 신청기업의 대표가 정부 지원사업에 참여제한 등의 제재를 받고 있는 경우 
 ‣ 금융불량 거래처로 금융기관 등으로부터 규제중인 기업
 ‣ 신청일 현재 휴·폐업 중인 기업 또는 가동 중에 있지 않은 기업
 ‣ 기타 진흥원장이 참여제한의 사유가 있다고 인정하는 기업",,"1년미만,2년미만,3년미만,5년미만,7년미만,10년미만",사업화,20260602,20260622,,,이메일 접수: 공고문 확인 필요,https://www.k-startup.go.kr/web/contents/bizpbanc-ongoing.do?schM=view&pbancSn=177955,main,primary,2026년gbiogrowthlab경기바이오스타트업기술검증사업화지원,공공기관,20260602~20260622,사업화,사업화
kst,177954,『2026년 청년 산림인 성장지원 프로그램 - 지속가능한 산림형 비즈니스 모델 전략수립 및 실전 부트캠프 과정』,"부산 · 울산 · 경남 지역 청년을 대상으로 『2026년 청년 산림인 성장지원 프로그램 - 지속가능한 산림형 비즈니스 모델 전략수립 및 실전 부트캠프 과정』을 다음과 같이 공고하오니
참여를 희망하는 경우 안내에 따라 신청하시기 바랍니다.",창업,민간,전국,"대학생,일반인,대학,일반기업,1인 창조기업","기업,누구나,청년,초기창업기업",만 20세 이상 ~ 만 39세 이하,20,39,부산 · 울산 · 경남 지역 내 산림 분야 창업에 관심 있는 19세 ~ 39세 청년,,"예비창업자,1년미만,2년미만,3년미만,5년미만,7년미만,10년미만",창업교육,20260601,20260625,,,온라인 접수: http://www.rise.or.kr/onbr/brd/board/?pgk=/notice/board/view/1/10029,https://www.k-startup.go.kr/web/contents/bizpbanc-ongoing.do?schM=view&pbancSn=177954,main,primary,2026년청년산림인성장지원프로그램지속가능한산림형비즈니스모델전략수립및실전부트캠프과정,민간,20260601~20260625,창업교육,창업교육
kst,177953,2026년도 국가물산업클러스터 창업보육실 모집 공고,"2026년도 국가물산업클러스터 창업보육실 모집을 다음과 같이 공고하니, 희망하시는 분은 신청하여 주시기 바랍니다.",시설/공간,공공기관,전국,"일반인,일반기업","기업,누구나,예비창업자","만 20세 미만,만 20세 이상 ~ 만 39세 이하,만 40세 이상",,,"물산업 기술을 연구, 개발하고자 하는 국내 사업자, 단체 또는 기관
*다만 제1호의 경우 창업보육실에 본사가 아닌 연구소, 지사 등만 입주하려는 기업은 제외된다.
1. 물산업분야 창업, 벤처기업(창업일로부터 7년 이내)으로 주사업장(본사) 입주 가능 기업
2. 물기술 및 물산업 분야의 사업화를 위한 예비창업자

1. 타 공공기관 및 정부지원을 받는 창업 보육, 지원 기관의 입주중인 자
2. 신청된 기술의 주된 기술에 대한 권리가 해당 기업 또는 대표자에게 있지 아니한 경우
3. 휴, 폐업 중인 사업자
4. 국세 및 지방세 체납, 부도 등으로 인한 강제집행, 파산, 화의개시, 회사정리 절차 개시 또는 경매절차개시 통지를 받은 자
5. 허위 그 밖에 부정한 방법으로 신청서류를 제출한 경우
6. 기타 사업단장이 부적합하다고 인정하는 자",,"예비창업자,7년미만",시설ㆍ공간ㆍ보육,20260602,20260630,,,이메일 접수: 공고문 확인 필요,https://www.k-startup.go.kr/web/contents/bizpbanc-ongoing.do?schM=view&pbancSn=177953,main,primary,2026년도국가물산업클러스터창업보육실모집공고,공공기관,20260602~20260630,시설ㆍ공간ㆍ보육,시설ㆍ공간ㆍ보육
kst,177952,2026년 서울소셜벤처허브 2차 신규 입주기업 모집 공고,"서울특별시, 한국자산관리공사, 한국장학재단, (재)공공상생연대기금 간 공동협력으로 설립된 서울소셜벤처허브는사회문제 해결을 위한 혁신적인 비즈니스 모델을 보유한 소셜벤처의 안정적인 성장과 지속가능한 사업화를 지원하고자 신규 입주기업을 모집합니다. 
사회적 가치와 경제적 성과를 함께 만들어가며 서울의 소셜벤처 생태계를 이끌어갈 역량 있는 기업들의 많은 관심과 참여를 바랍니다.",시설/공간,공공기관,서울특별시,"청소년,대학생,일반인,대학,연구기관,일반기업,1인 창조기업","기업,누구나,예비창업자,청년,초기창업기업","만 20세 미만,만 20세 이상 ~ 만 39세 이하,만 40세 이상",,,"1) 소셜벤처기업 판별결과 통지서가 있는 소셜벤처 기업
  2) 공고일(2026. 5. 28.) 기준 창업 7년 이내 법인기업, 신산업 분야는 창업 10년 이내 법인기업
    ※ 창업일 기준 : 법인등기부등본 법인설립등기일
    ※ 예비창업자, 개인사업자 및 법인설립 예정 기업은 신청 불가
  3) 협약일로부터 30일 이내 사업자등록(지점 또는 연구소 등) 주소지를 서울소셜벤처허브로 이전 가능한 사업자
  4) 신청 제외 대상에 해당하지 않는 기업

① 「중소기업창업 지원법 시행령」 제4조 각 항에 해당하는 창업기업
1. 일반유흥주점업 / 2. 무도유흥주점업 / 3. 카지노 운영업 / 4. 기타 사행시설 관리 및 운영업 / 5. 그 밖에 경제질서 및 미풍양속에 현저히 어긋나는 업종으로서 중소벤처기업부령으로 정하는 업종
② 금융기관 등으로부터 채무불이행으로 규제 중인 개인, 기업
  ※ 단, 신용회복위원회의 사전채무조정(프리워크아웃), 개인워크아웃에서 채무조정합의서를 체결한 경우, 법원의 개인회생제도에서 변제계획인가를 받거나 파산면책 선고자, 회생인가를 받은 기업, 중소기업진흥공단 등으로부터 재창업자금을 지원받은 경우, 세금분납 계획에 따른 성실 납부기업(인), 정부지원 협약 전까지 세금완납기업(인), 정부‧공공기관으로부터 재기지원 필요성을 인정받은 기업(인), 건강관리시스템 기업구조개선 진단을 통한 정상화 의결기업은 신청 가능
③ 국세 혹은 지방세를 체납 중인 개인, 기업
④ 서울시 또는 자치구(서울시 소재)의 창업공간 입주 지원사업을 수혜 중인 자
 ※ 서울시 창업지원시설 확인(스타트업플러스 > ‘서울시 창업지원시설 찾기’ 메뉴에서 확인)
 ※ 단, 입주계약체결일 이전에 사업 수혜기간이 종료되거나 사업을 중도포기한 자는 신청 가능
⑤ 신청일 현재 휴업 또는 폐업인 개인, 기업
⑥ 서울시 창업지원시설에서 문제가 있어 퇴거 조치된 개인, 기업
⑦ 과거 본 시설에서 창업공간 지원사업에 선정되어 입주공간 지원을 받거나 중도 퇴거한 개인, 기업
⑧ 기타 규정상 규제사항의 위배 등으로 입주가 적정하지 않다고 판단되는 개인, 기업
⑨ 개인신용정보상 채무불이행자 또는 신용도 판단정보 등 이상이 있는 자
⑩ 신용보증기관 신용보증사고 및 대위변제 관계자에 해당되는 개인, 기업
⑪ 소음·진동·폐수·악취 등의 공해를 유발하는 기업 또는 업종
⑫ 기타 서울시장이 참여제한의 사유가 있다고 인정하는 자",,"7년미만,10년미만",시설ㆍ공간ㆍ보육,20260602,20260614,,,온라인 접수: https://www.startup-plus.kr/project/PRJ007134,https://www.k-startup.go.kr/web/contents/bizpbanc-ongoing.do?schM=view&pbancSn=177952,main,primary,2026년서울소셜벤처허브2차신규입주기업모집공고,공공기관,20260602~20260614,시설ㆍ공간ㆍ보육,시설ㆍ공간ㆍ보육
kst,177951,그린스타트업타운 지원,충남 천안 복합형 스타트업파크를 중심으로 역량있는 스타트업을 글로벌 유니콘 기업으로 성장할 수 있도록 투자 역량 강화 및 네트워크를 지원하는 『INNOST CHALLENGE GROUND 6기 프로그램』참여 스타트업을 모집하오니 많은 관심과 참여 바랍니다.,시설/공간,민간,전국,"일반인,대학,연구기관,일반기업,1인 창조기업","기업,누구나,스타트업,초기창업기업","만 20세 미만,만 20세 이상 ~ 만 39세 이하,만 40세 이상",,,"- 우수한 사업 아이디어 및 혁신 기술 역량을 보유한 예비·초기 스타트업
- 충남 천안 그린스타트업타운 기입주 기업 및 입주 가능 기업
- 기업 업력 7년 미만 창업기업

-「중소기업창업지원법 시행령」제2조 제1항의 각호에 해당하는 자
-「중소기업창업지원법 시행령」제4조의 창업에서 제외되는 업종을 영위하는 자
- 국세 또는 지방세 체납 중이거나 휴 · 폐업 중인 자
-  공고일 기준 현재 중앙정부 및 지자체, 공공기관 등의 참여 제한으로 제재 중인 자",,7년미만,시설ㆍ공간ㆍ보육,20260529,20260612,,,온라인 접수: http://www.ccon.kr/bbs/board.php?bo_table=bsnt&wr_id=2032,https://www.k-startup.go.kr/web/contents/bizpbanc-ongoing.do?schM=view&pbancSn=177951,main,primary,그린스타트업타운지원,민간,20260529~20260612,시설ㆍ공간ㆍ보육,시설ㆍ공간ㆍ보육
kst,177950,메이커 스페이스,"동대문구 창업지원센터에서는 센터 입주기업과 일반인을 대상으로 3D프린터, 레이저커터 교육을 진행합니다",시설/공간,교육기관,전국,"청소년,대학생,일반인,대학,연구기관,일반기업,1인 창조기업","기업,누구나,청년,초기창업기업","만 20세 미만,만 20세 이상 ~ 만 39세 이하,만 40세 이상",,,3D프린터 또는 레이저커터에 관심있는 누구나,,"예비창업자,1년미만,2년미만,3년미만,5년미만,7년미만,10년미만",시설ㆍ공간ㆍ보육,20260602,20260623,,,온라인 접수: https://ddm.startup-plus.kr/board/B000165/7714,https://www.k-startup.go.kr/web/contents/bizpbanc-ongoing.do?schM=view&pbancSn=177950,main,primary,메이커스페이스,교육기관,20260602~20260623,시설ㆍ공간ㆍ보육,시설ㆍ공간ㆍ보육
kst,177948,Korea Financial Innovation Program 2026 참관 모집,서울핀테크랩에서 'Korea Financial Innovation Program 2026' 참관 모집을 하오니 많은 관심 부탁드리겠습니다.,행사/네트워크,지자체,전국,"청소년,대학생,일반인,대학,연구기관,일반기업,1인 창조기업","기업,누구나,청년,초기창업기업","만 20세 미만,만 20세 이상 ~ 만 39세 이하,만 40세 이상",,,블록체인(XRPL) 기반 디지털 자산에 관심 있는 누구나,,"예비창업자,1년미만,2년미만,3년미만,5년미만,7년미만,10년미만",행사ㆍ네트워크,20260601,20260624,,,온라인 접수: https://luma.com/bc439o2s,https://www.k-startup.go.kr/web/contents/bizpbanc-ongoing.do?schM=view&pbancSn=177948,main,primary,koreafinancialinnovationprogram2026참관모집,지자체,20260601~20260624,행사ㆍ네트워크,행사ㆍ네트워크
kst,177946,2026 위치정보 보호조치 교육 홍보 요청,"방송미디어통신위원회와 한국인터넷진흥원이 추진하는 「2026년 위치정보 보호조치 교육」을 안내드립니다.
위치정보 활용 과정에서 법적 의무나 보호조치 이행 기준 등이 막연하게 느껴졌다면, 이번 교육을 통해 사업 운영에 필요한 기본 사항을 점검해보시기 바랍니다.",교육/멘토링,민간,전국,"대학생,일반인,대학,연구기관,일반기업,1인 창조기업","기업,누구나,청년,초기창업기업","만 20세 이상 ~ 만 39세 이하,만 40세 이상",,,"위치정보사업자, 위치기반서비스사업자 및 예비사업자 등 위치정보와 관련된 일을 하시는 모든 분들",,"예비창업자,1년미만,2년미만,3년미만,5년미만,7년미만,10년미만",멘토링ㆍ컨설팅ㆍ교육,20260602,20260616,,,온라인 접수: http://www.openitrun.com,https://www.k-startup.go.kr/web/contents/bizpbanc-ongoing.do?schM=view&pbancSn=177946,main,primary,2026위치정보보호조치교육홍보요청,민간,20260602~20260616,멘토링ㆍ컨설팅ㆍ교육,멘토링ㆍ컨설팅ㆍ교육
kst,177945,클리마 살롱 : 공정 혁신과 제조 에너지 최적화,"'클리마 살롱 : 공정 혁신과 제조 에너지 최적화'를 다음과 같이 공고하오니 
참여를 희망하는 기업 및 스타트업, 투자사, 연구기관, 예비창업자 등은 안내에 따라 신청하기 바랍니다.",행사/네트워크,민간,전국,"청소년,대학생,일반인,대학,연구기관,일반기업,1인 창조기업","기업,누구나,청년,초기창업기업","만 20세 미만,만 20세 이상 ~ 만 39세 이하,만 40세 이상",,,"기후•에너지 분야에 관심이 있는 기업 및 스타트업, 투자사, 연구기관, 예비 창업자 누구나",,"예비창업자,1년미만,2년미만,3년미만,5년미만,7년미만,10년미만",행사ㆍ네트워크,20260602,20260616,,,온라인 접수: https://event-us.kr/m/126946/54939,https://www.k-startup.go.kr/web/contents/bizpbanc-ongoing.do?schM=view&pbancSn=177945,main,primary,클리마살롱공정혁신과제조에너지최적화,민간,20260602~20260616,행사ㆍ네트워크,행사ㆍ네트워크
kst,177944,[LH한국토지주택공사] 판교제2테크노밸리 기업지원허브 업무지원시설  선착순 수의계약 공고,LH 한국토지주택공사 경기남부지역본부에서 판교 제2테크노밸리 기업지원허브 업무지원시설 임대 입점기업을 모집하오니 많은 관심과 참여 부탁드립니다.,시설/공간,공공기관,경기도,"일반인,대학,연구기관,일반기업,1인 창조기업","기업,누구나,초기창업기업","만 20세 미만,만 20세 이상 ~ 만 39세 이하,만 40세 이상",,,"금회 공급하는 업무지원시설은 입주자모집공고일 현재 아래 업종 및 기관에 한하여 공급합니다.
- 금융(은행, 보증기금등), 창업·경영컨설팅, 특허, 법률, 회계서비스업, 마케팅
- 「중소기업창업 지원법」제32조에 따른 대학 내 창업지원 전담 조직을 갖춘 대학교
-「벤처투자 촉진에 관한 법률」제2조제9호 및 제10호에 따른 창업기획자(액셀러레이터) 및 벤처투자회사",,"예비창업자,1년미만,2년미만,3년미만,5년미만,7년미만,10년미만",시설ㆍ공간ㆍ보육,20260602,20270529,,,방문 접수: LH 경기남부지역본부(경기도 성남시 성남대로54번길 3) 2층 임대주택 고객상담실(218호),https://www.k-startup.go.kr/web/contents/bizpbanc-ongoing.do?schM=view&pbancSn=177944,main,primary,lh한국토지주택공사판교제2테크노밸리기업지원허브업무지원시설선착순수의계약공고,공공기관,20260602~20270529,시설ㆍ공간ㆍ보육,시설ㆍ공간ㆍ보육
kst,177943,2026년 청주미래누리터(공공지식산업센터) 입주기업 모집공고,2026년 청주미래누리터(공공지식산업센터) 입주기업 모집공고,시설/공간,민간,충청북도,"대학,연구기관,일반기업,1인 창조기업","기업,초기창업기업","만 20세 미만,만 20세 이상 ~ 만 39세 이하,만 40세 이상",,,"산집법 및 동 법 시행령에 명기된 업종 일체 - 제조업, 지식기반산업, 정보통신산업, 생산활동 지원시설 등",,"예비창업자,1년미만,2년미만,3년미만,5년미만,7년미만,10년미만",시설ㆍ공간ㆍ보육,20260604,20260630,,,"이메일 접수: 공고문 확인 필요
방문 접수: 충북 청주시 오창읍 양청송대길 10",https://www.k-startup.go.kr/web/contents/bizpbanc-ongoing.do?schM=view&pbancSn=177943,main,primary,2026년청주미래누리터공공지식산업센터입주기업모집공고,민간,20260604~20260630,시설ㆍ공간ㆍ보육,시설ㆍ공간ㆍ보육
kst,177942,해양과학기술 산학연 협력센터 스타트업 모집공고,부산광역시와 (재)부산테크노파크에서 영도 동삼혁신지구 해양클러스터 내 조성된 “해양과학기술 산학연 협력센터”를 전국 최초 해양․수산 AI 및 데이터 기반 지역혁신 및 연구개발 산학연 혁신성장 거점으로 육성하기 위해 입주기업을 모집합니다.,시설/공간,민간,부산광역시,일반기업,"기업,스타트업,예비창업자","만 20세 미만,만 20세 이상 ~ 만 39세 이하,만 40세 이상",,,"모집업종
   -『해양수산발전기본법』제3조 2의2(해양과학기술)
   -『해양수산발전기본법』제3조의 3호(해양수산업)에 따른 산업

모집대상
  -  예비창업자 및 창업 7년 이내 기업 12개사

ㅇ 폐수, 소음, 진동 등 공해 다발 사업자
 ㅇ 정부 지원사업 참여 제한 또는 제재 중인 기업
 ㅇ 국세 또는 지방세 체납 기업
 ㅇ 채무불이행 등 금융 규제 중인 기업
 ㅇ 부도 및 휴폐업 상태
 ㅇ 최근 5년 부산TP 및 KMI가 운영하는 사업으로 입주지원을 받고 있는 사업자, 또는 사업자의 지사 및 자회사 등(중복입주에 해당)
 ㅇ 입주개시일 전까지 사업자 확인 서류 제출이 불가한 경우",,"예비창업자,7년미만",시설ㆍ공간ㆍ보육,20260601,20260612,,,이메일 접수: 공고문 확인 필요,https://www.k-startup.go.kr/web/contents/bizpbanc-ongoing.do?schM=view&pbancSn=177942,main,primary,해양과학기술산학연협력센터스타트업모집공고,민간,20260601~20260612,시설ㆍ공간ㆍ보육,시설ㆍ공간ㆍ보육
kst,177941,2026년 호남권 엔젤투자 피칭룸  in 제주 참여기업 모집,호남권 엔젤투자 피칭룸』은 한국엔젤투자협회에서 호남권 소재(광주·전남·전북·제주)의 스타트업의 투자유치 연계를 지원하는 투자 상담 프로그램입니다. 투자유치에 관심있으신 호남권 소재 스타트업 대표과 예비창업자분들의 많은 관심과 참여 부탁드립니다.,교육/멘토링,민간,제주특별자치도,"청소년,대학생,일반인,대학,연구기관,일반기업,1인 창조기업","기업,누구나,예비창업자,청년,초기창업기업","만 20세 미만,만 20세 이상 ~ 만 39세 이하,만 40세 이상",,,창업 7년 이내  호남권 및 제주 소재 스타트업 및 예비창업자,,"예비창업자,1년미만,2년미만,3년미만,5년미만,7년미만",멘토링ㆍ컨설팅ㆍ교육,20260602,20260621,,,온라인 접수: http://bit.ly/3XSJDch,https://www.k-startup.go.kr/web/contents/bizpbanc-ongoing.do?schM=view&pbancSn=177941,main,primary,2026년호남권엔젤투자피칭룸in제주참여기업모집,민간,20260602~20260621,멘토링ㆍ컨설팅ㆍ교육,멘토링ㆍ컨설팅ㆍ교육
kst,177940,2026 관광플러스테크 브릿지 참여기업 공모 안내,"26년 정부 추경 예산을 활용해 관광산업과 기술을 연계, 비관광 기업의 관광 분야 사업 확장을 지원하는 「관광플러스테크 브릿지」사업을 추진 중입니다. 동 사업에 참여할 국내 유망 기업을 아래와 같이 공모하오니 많은 관심과 참여 바랍니다.",창업,민간,전국,"청소년,대학생,일반인,대학,연구기관,일반기업,1인 창조기업","기업,누구나,청년,초기창업기업","만 20세 미만,만 20세 이상 ~ 만 39세 이하,만 40세 이상",,,"○ 중소벤처기업부 TIPS 수행 이력이 있는 중소기업
 ○ 자사의 검증된 관광특화 핵심 기술을 활용하여 서비스 고도화, 신시장 진출 또는 사업화 성과 창출이 가능한 기업

※ 프리팁스·팁스 실패 판정 기업 지원 불가 
※ 당해연도 팁스 비R&D(창업사업화, 해외마케팅) 선정 기업은 중복수혜로 지원 불가",,"예비창업자,1년미만,2년미만,3년미만,5년미만,7년미만,10년미만",사업화,20260602,20260611,,,온라인 접수: https://touraz.kr/announcementList/pssrpView?pssrpSeqEnc=x*IVK4J*CjS9Z2eywhb3dQ==&pageClick=main2&XAREA=%EA%B3%B5%EA%B3%A0%EC%A0%95%EB%B3%B4%E3%80%8C2026%20%EA%B4%80%EA%B4%91%ED%94%8C%EB%9F%AC%EC%8A%A4%ED%85%8C%ED%81%AC%20%EB%B8%8C%EB%A6%BF%EC%A7%80%E3%80%8D%20%EC%B0%B8%EC%97%AC%EA%B8%B0%EC%97%85%20%EA%B3%B5%EB%AA%A8,https://www.k-startup.go.kr/web/contents/bizpbanc-ongoing.do?schM=view&pbancSn=177940,main,primary,2026관광플러스테크브릿지참여기업공모안내,민간,20260602~20260611,사업화,사업화
kst,177939,「2026 국방기술을 활용한 창업경진대회」 사업설명회 개최 안내,"「2026 국방기술을 활용한 창업경진대회」 참가를 희망하는 예비창업자, 창업기업, 대학생 등을 대상으로 경진대회 안내와 AI 특강을 제공하는 사업설명회 참가자를 다음과 같이 모집합니다.",창업,민간,전국,"대학생,일반인,일반기업,1인 창조기업","기업,누구나,예비창업자,청년,초기창업기업","만 20세 미만,만 20세 이상 ~ 만 39세 이하,만 40세 이상",,,"「2026 국방기술을 활용한 창업경진대회」 참가를 희망하는 대학생, 예비창업자, 일반인, 창업기업 관계자 등

※ 창업경진대회 신청은 본 대회 모집공고의 지원자격 및 제출요건을 충족해야 합니다.",,"예비창업자,1년미만,2년미만,3년미만",창업교육,20260609,20260626,,,온라인 접수: https://forms.gle/tmvfd5ok5GYBd9979,https://www.k-startup.go.kr/web/contents/bizpbanc-ongoing.do?schM=view&pbancSn=177939,main,primary,2026국방기술을활용한창업경진대회사업설명회개최안내,민간,20260609~20260626,창업교육,창업교육
kst,177937,「2026 국방기술을 활용한 창업경진대회」 참여기업 및 참여팀 모집 공고,국방기술을 활용한 사업화 아이디어 발굴 및 민간이전 활성화를 위한 「2026 국방기술을 활용한 창업경진대회」 참여기업 및 참여팀 모집을 다음과 같이 공고합니다.,행사/네트워크,민간,전국,"대학생,일반인,일반기업,1인 창조기업","기업,누구나,예비창업자,청년,초기창업기업","만 20세 미만,만 20세 이상 ~ 만 39세 이하,만 40세 이상",,,"학생부 및 일반부 개인 또는 팀 단위 신청 가능
① 공통요건: 국방기술거래장터에서 선택한 국방과학기술을 활용하여 사업화를 추진하고자 하는 개인 또는 팀
② 학생부: 사업 공고일 기준 대학생, 대학원생 및 휴학생 포함
③ 일반부: 일반인, 예비창업자, 업력 3년 이내 창업기업",,"예비창업자,1년미만,2년미만,3년미만",행사ㆍ네트워크,20260609,20260630,,,온라인 접수: https://dapastart.kr/,https://www.k-startup.go.kr/web/contents/bizpbanc-ongoing.do?schM=view&pbancSn=177937,main,primary,2026국방기술을활용한창업경진대회참여기업및참여팀모집공고,민간,20260609~20260630,행사ㆍ네트워크,행사ㆍ네트워크
kst,177936,2026 여성벤처 글로벌화 지원 프로그램,"글로벌 시장 진입을 위한 맞춤형 프로그램 지원을 통해 여성(벤처)기업의 성장을 촉진하고, 다양한 주체가 참여하는 건강한 벤처 생태계를 조성하고자『2026 여성벤처 글로벌화 지원 프로그램』참여기업 모집을 다음과 같이 공고하오니, 많은 관심과 참여 바랍니다.",판로/수출,민간,전국,일반기업,"기업,여성","만 20세 미만,만 20세 이상 ~ 만 39세 이하,만 40세 이상",,,"글로벌 시장 진출을 희망하는 여성(벤처)기업

사업공고문 내 신청 제외 대상 확인 必",,"1년미만,2년미만,3년미만,5년미만,7년미만,10년미만",글로벌,20260527,20260617,,,이메일 접수: 공고문 확인 필요,https://www.k-startup.go.kr/web/contents/bizpbanc-ongoing.do?schM=view&pbancSn=177936,main,primary,2026여성벤처글로벌화지원프로그램,민간,20260527~20260617,글로벌,글로벌
kst,177935,[경상북도 사회적경제지원센터] 2026년 경북형 사회적경제 창업학교 참가자 모집,"경상북도 사회적경제지원센터에서는 도내 사회적경제 활성화 및 사회적경제기업 성장지원을 위하여 다음과 같이
「2026 경북형 사회적경제 창업학교」 참가자를 모집하오니 많은 참여 바랍니다.",창업,교육기관,경상북도,"대학생,일반인,대학,연구기관,일반기업,1인 창조기업","기업,누구나,청년,초기창업기업","만 20세 미만,만 20세 이상 ~ 만 39세 이하,만 40세 이상",,,사회적경제에 관심 있는 대한민국 국민 누구나,,"예비창업자,3년미만",창업교육,20260519,20260614,,,"온라인 접수: https://buly.kr/5q9PXN5
이메일 접수: 공고문 확인 필요",https://www.k-startup.go.kr/web/contents/bizpbanc-ongoing.do?schM=view&pbancSn=177935,main,primary,경상북도사회적경제지원센터2026년경북형사회적경제창업학교참가자모집,교육기관,20260519~20260614,창업교육,창업교육
kst,177934,서울창업센터 관악,"안녕하십니까. 서울창업센터 관악에서 2026년 청년창업 역량강화(서남권 AI Full-Stack) 프로그램 참가자를 모집 합니다.
서울특별시에서 운영 중인 서울창업센터 관악은 서울권역 내 예비(청년) 창업자와 창업기업의 AI/Cloud 기술 및 실무 활용 역량 강화에 도움을 드리고자 프로그램 참가자 모집을 다음과 같이 공고합니다.
많은 관심과 참여 부탁드립니다.
감사합니다.",시설/공간,공공기관,서울특별시,"대학생,일반인,대학,연구기관,일반기업,1인 창조기업","기업,누구나,청년,초기창업기업",만 20세 이상 ~ 만 39세 이하,20,39,서울권역 내 예비(청년) 창업자(만 39세 이하),,"예비창업자,1년미만,2년미만,3년미만,5년미만,7년미만,10년미만",시설ㆍ공간ㆍ보육,20260601,20260612,,,온라인 접수: https://forms.gle/MAZWVTTueASqQaBh8,https://www.k-startup.go.kr/web/contents/bizpbanc-ongoing.do?schM=view&pbancSn=177934,main,primary,서울창업센터관악,공공기관,20260601~20260612,시설ㆍ공간ㆍ보육,시설ㆍ공간ㆍ보육
kst,177933,민관협력 오픈이노베이션 지원사업,방산 분야 신기술 적용 수요가 있는 군 및 수요기업과 창업기업 간 협력을 통한 동반 성장 지원을 위해「민관협력 오픈이노베이션 지원」2026년 제2차 방산 스타트업 챌린지(모두의 챌린지–방산) 수요기업 협업 과제를 다음과 같이 모집합니다.,행사/네트워크,공공기관,전국,"청소년,대학생,일반인,대학,연구기관,일반기업,1인 창조기업","기업,누구나,청년,초기창업기업","만 20세 미만,만 20세 이상 ~ 만 39세 이하,만 40세 이상",,,"창업기업과 협업을 희망하는 군 및 방산 분야 수요기업
 - 군(육‧해‧공군‧해병대), 방산 분야 수요기업(대‧중견기업·공공기관 등)",,"1년미만,2년미만,3년미만,5년미만,7년미만,10년미만",행사ㆍ네트워크,20260602,20260622,,,온라인 접수: https://www.k-startup.go.kr/web/contents/webPMSBizUnvs.do?returnUrl=/screen/BMO1201M01?cermnPbancId=10924&pbancType=event,https://www.k-startup.go.kr/web/contents/bizpbanc-ongoing.do?schM=view&pbancSn=177933,main,primary,민관협력오픈이노베이션지원사업,공공기관,20260602~20260622,행사ㆍ네트워크,행사ㆍ네트워크
kst,177932,2026년도 2차 동대문구 창업지원센터 입주자 모집 공고,서울특별시 동대문구 창업지원센터 설치·운영 계획에 따라 예비창업자 및 창업기업을 건실한 중소기업으로 육성시키고자 동대문구 창업지원센터 입주자를 다음과 같이 모집 공고합니다.,시설/공간,교육기관,서울특별시,"대학생,일반인,대학,연구기관,일반기업,1인 창조기업","기업,누구나,예비창업자,청년,초기창업기업","만 20세 이상 ~ 만 39세 이하,만 40세 이상",,,"모집대상
○ 예비창업자 : 계약체결 후 10일 이내 사업자등록이 가능한 자
○ (초기)창업기업 : 입주공고일 기준 창업 7년 미만 기업
○ 입주 대상 업종 : 중소기업창업지원법 시행령 제4조 제한업종외 가능
※ 우대업종
가.지식집약산업 - 벤처 및 연구개발 업종, 정보처리 및 컴퓨터 관련 업종
나.고부가가치산업(게임,애니메이션 등), 정보통신, 전자전기, 의료바이오 등

· 금융기관으로부터 불량거래자로 규제 중인 자
· 폐수, 소음, 진동, 악취 등 환경공해업종 (예비)사업자
· 휴·폐업 중인 자
·「벤처기업육성에 관한 특별조치법 시행령」제2조의4 업종에 해당하는 자
· 창업지원센터에서 임직원으로 근무했던 적이 있거나 현재 입주 기업의 임직원
· 창업지원센터에서 규칙 위반으로 퇴출(연장불허)된 자를 임직원으로 둔 자
· 기 입주자와의 관계가 민법 779조 가족(배우자, 직계혈족 및 형제자매 등)에 속하는 자
· 그 밖에 창업지원센터 입주 시 단순 영업행위 등 입주가 부적합하다고 인정되는 자",,"예비창업자,1년미만,2년미만,3년미만,5년미만,7년미만",시설ㆍ공간ㆍ보육,20260602,20260615,,,"방문 접수: 동대문구 답십리로38길 19, B동 305호(답십리동, 창업지원센터)",https://www.k-startup.go.kr/web/contents/bizpbanc-ongoing.do?schM=view&pbancSn=177932,main,primary,2026년도2차동대문구창업지원센터입주자모집공고,교육기관,20260602~20260615,시설ㆍ공간ㆍ보육,시설ㆍ공간ㆍ보육
kst,177931,스타트업 점프업스쿨,"기술 우수기업 및 창업지원기관 탐방, 
선배창업가 특강 등 기술창업에 대한 이해와 관심을 높이고, 
지역 창업생태계에 대한 인식을 확산하고자 
「스타트업 점프업 스쿨 우수기업·기관 탐방 프로그램」 
참여자를 모집하오니 많은 관심과 참여 바랍니다.",교육/멘토링,공공기관,경기도,"대학생,일반인,대학,연구기관,일반기업,1인 창조기업","기업,누구나,스타트업,청년,초기창업기업","만 20세 이상 ~ 만 39세 이하,만 40세 이상",,,"성남시민

주민등록상 주소지가 성남시가 아닌 자
※ 성남시 소재 기업 재직 여부, 성남시 내 사업자등록 보유 여부와 관계없이 성남시민만 신청 가능",,"예비창업자,1년미만,2년미만,3년미만,5년미만,7년미만,10년미만",멘토링ㆍ컨설팅ㆍ교육,20260602,20260616,,,온라인 접수: https://portal.snip.or.kr:8443/portal/snip/MainMenu/businessManagement/application.page?portlet=2026-0155&portlet2=4058&homeYn=Y,https://www.k-startup.go.kr/web/contents/bizpbanc-ongoing.do?schM=view&pbancSn=177931,main,primary,스타트업점프업스쿨,공공기관,20260602~20260616,멘토링ㆍ컨설팅ㆍ교육,멘토링ㆍ컨설팅ㆍ교육
kst,177930,「제24차 세계한상대회 기업전시회」부스 참여기업 모집,"재외동포청과 한국중소벤처기업유통원은 한상(韓商, 재외동포경제인) 네트워크를 활용, 국내 중소기업 및 스타트업의 해외 판로 개척을 지원하기 위한 「제24차 세계한상대회 기업전시회」를 다음과 같이 개최합니다. 관심 있는 중소기업과 스타트업의 많은 참여 바랍니다.",판로/수출,공공기관,전국,"일반기업,1인 창조기업","기업,초기창업기업","만 20세 미만,만 20세 이상 ~ 만 39세 이하,만 40세 이상",,,"국내 중소기업 및 스타트업 기업
재외동포기업",,"예비창업자,1년미만,2년미만,3년미만,5년미만,7년미만,10년미만",판로ㆍ해외진출,20260608,20260831,,,온라인 접수: https://hansang.net,https://www.k-startup.go.kr/web/contents/bizpbanc-ongoing.do?schM=view&pbancSn=177930,main,primary,제24차세계한상대회기업전시회부스참여기업모집,공공기관,20260608~20260831,판로ㆍ해외진출,판로ㆍ해외진출
kst,177929,｢2026 산업AI EXPO｣ 성남산업진흥원 공동관 참가기업 모집,관내 AI 기술 기반 비즈니스 모델 보유 기업에 비즈니스 협력 및 네트워킹 기회를 제공하기 위해 ｢2026 산업AI EXPO｣ ‘성남산업진흥원 공동관’에 참가할 기업을 다음과 같이 모집하오니 많은 관심과 참여를 바랍니다.,행사/네트워크,공공기관,경기도,"일반기업,1인 창조기업","기업,초기창업기업","만 20세 이상 ~ 만 39세 이하,만 40세 이상",,,"AI 기술 기반 비즈니스 모델을 보유한 관내 창업 7년 이내 기업
  ※ 신청일 기준 본사 또는 공장이 성남시에 소재하는 기업

○  신청일 기준 주된 사무소나 공장이 성남시에 소재하지 않는 경우(기업부설연구소만 성남시에 소재한 경우 포함)
○  제출서류를 허위로 작성하거나 위․변조한 증명서를 제출한 경우
○  국세 또는 지방세 체납으로 규제 중인 기업
○「중소기업창업 지원법 시행령」제4조(창업에서 제외되는 업종)의 업종을 영위하고 있는 기업
  ※ 일반유흥주점업, 무도유흥주점업, 카지노 운영업, 기타 사행시설 관리 및 운영업 등
○  신청일 현재 휴‧폐업 중인 기업
○  법정관리, 기업회생신청, 청산절차 등에 해당하는 기업",,"1년미만,2년미만,3년미만,5년미만,7년미만",행사ㆍ네트워크,20260602,20260616,,,온라인 접수: https://portal.snip.or.kr:8443/portal/snip/MainMenu/businessManagement/application.page?portlet=2026-0154&portlet2=4165&homeYn=Y,https://www.k-startup.go.kr/web/contents/bizpbanc-ongoing.do?schM=view&pbancSn=177929,main,primary,2026산업aiexpo성남산업진흥원공동관참가기업모집,공공기관,20260602~20260616,행사ㆍ네트워크,행사ㆍ네트워크
kst,177928,2026년『제6회 대구 여성창업스타전』 공고,혁신적이고 도전적인 창업 아이디어 발굴을 통하여 여성 창업 활성화를 도모하고자 2026년「제6회 대구 여성창업스타전」을 다음과 같이 개최하오니 많은 관심과 참여 바랍니다.,창업,민간,대구광역시,"대학생,일반인,일반기업,1인 창조기업","기업,누구나,여성,예비창업자,청년,초기창업기업","만 20세 미만,만 20세 이상 ~ 만 39세 이하,만 40세 이상",,,"◦ 공고일(&apos;26. 6. 1)기준 전국의 여성 예비창업자 또는 초기창업자(창업 후 1년 이내인자)
※ 개인 또는 팀(최대 3명)으로 지원 가능.
※ 기창업자의 경우 &apos;25.06.01. 이후에 창업한 여성기업이어야 함.

◦ 동일하거나 유사한 아이템으로 과거 타 창업경진대회에서 누적 상금 3천만원 이상을 받은 자
- 타 창업경진대회는 민간·공공·대학에서 주최한 모든 &apos;창업경진대회&apos;와 &apos;창업 아이디어 공모전&apos;을 포함.
- 상금은 &apos;기타소득&apos;에 한하여 기술개발, 실증 등 사업화지원금과는 별개
◦ 창업 아이템이 타인의 지적재산권을 침해할 우려가 있는 경우
◦ 중소기업창업지원법 시행령 제4조에 따른 창업에서 제외되는 업종 등 반사회적 아이템
◦ 동대회 입상자
※ 향후 참가 자격 부적격 확인 시 자격 박탈 및 수상이 취소될 수 있음",,"예비창업자,1년미만",사업화,20260601,20260806,,,온라인 접수: https://w-startup.daegu.go.kr/business/310,https://www.k-startup.go.kr/web/contents/bizpbanc-ongoing.do?schM=view&pbancSn=177928,main,primary,2026년제6회대구여성창업스타전공고,민간,20260601~20260806,사업화,사업화
kst,177927,2026 중소 프랜차이즈 해외진출 성공 가이드 세미나,"스타에셋파트너스(주)에서 2026년 중소 프랜차이즈 해외진출 성공 가이드 세미나를 통해,
F&B 및 라이프스타일 중소 프랜차이즈 브랜드 본사의 CEO 및 임직원들에게,
프랜차이즈 해외진출을 어디에서부터 어떻게 준비해야 하는지에 대한 경험을 나누고,
함께 고민해나가는 기회를 제공하고자 하오니, 관련 프랜차이즈 및 체인 본사들의 적극적인 관심과 많은 참여 바랍니다.",교육/멘토링,민간,전국,일반기업,기업,"만 20세 이상 ~ 만 39세 이하,만 40세 이상",,,해외 진출을 꿈꾸는 국내 프랜차이즈 가맹본부 CEO 및 임원,,"1년미만,2년미만,3년미만,5년미만,7년미만,10년미만",멘토링ㆍ컨설팅ㆍ교육,20260602,20260615,,,온라인 접수: https://docs.google.com/forms/d/e/1FAIpQLSe4zl-JBurZkGQXb-Klyer00ZTs125GoteLBoP3b44zxP5B5w/viewform,https://www.k-startup.go.kr/web/contents/bizpbanc-ongoing.do?schM=view&pbancSn=177927,main,primary,2026중소프랜차이즈해외진출성공가이드세미나,민간,20260602~20260615,멘토링ㆍ컨설팅ㆍ교육,멘토링ㆍ컨설팅ㆍ교육
kst,177925,2026년 RISE사업 광주 창업밸리 스타트업 아카데미,BM모델 멘토링 및 IR 컨설팅 프로그램 프로그램에 참여할 예비창업자 및 기업을 다음과 같이 모집하오니 많은 관심과 참여를 바랍니다.,교육/멘토링,공공기관,광주광역시,"청소년,대학생,일반인,일반기업,1인 창조기업","기업,누구나,스타트업,예비창업자,청년,초기창업기업","만 20세 미만,만 20세 이상 ~ 만 39세 이하,만 40세 이상",,,"광주 내 창업을 희망하는 예비창업자 및 기창업자(대학생, 광주시민 등)(예비창업자는 공고일 기준 광주시민, 기창업자의 경우 공고일 기준 창업 7년 이내 광주기업에 한함)",,"예비창업자,1년미만,2년미만,3년미만",멘토링ㆍ컨설팅ㆍ교육,20260601,20260612,,,"이메일 접수: 공고문 확인 필요
방문 접수: 광주광역시 동구 동계천로 150, I-PLEX광주 2층 운영본부",https://www.k-startup.go.kr/web/contents/bizpbanc-ongoing.do?schM=view&pbancSn=177925,main,primary,2026년rise사업광주창업밸리스타트업아카데미,공공기관,20260601~20260612,멘토링ㆍ컨설팅ㆍ교육,멘토링ㆍ컨설팅ㆍ교육
kst,177924,중앙대-금천구 창업 협력공간(WB가산타워 7층) 입주자 모집 공고,“중앙대학교 산학협력단”에서는 (예비)창업자의 체계적인 육성과 창업성공률 제고를 위해 본 공간에 입주할 기업을 모집하고자 하오니 많은 신청 바랍니다.,시설/공간,교육기관,전국,"대학생,일반인,대학,연구기관,일반기업,1인 창조기업","기업,누구나,예비창업자,청년,초기창업기업","만 20세 이상 ~ 만 39세 이하,만 40세 이상",,,"아래 두가지 요건을 모두 충족하는 (예비)창업자 및 기업

1) 중앙대학교 교원, 중앙대학교 교원 및 학생 창업기업, 중앙대학교 산학협력단 가족회사(가입 예정 포함) 또는 금천구 소재 기업
(대표자가 금천구 거주자인 경우 포함, 선정 시 가족회사 가입 필요)

2) 중앙대학교와 산학연 상생협력 프로그램 참여 가능 (예비)창업자 및 기업
    ※ 금천구 소재 기업의 경우, 최종 선정 시 중앙대학교 산학협력단 가족회사 가입 必
    ※ 개인사업자는 사업자등록증 상의 개업일자, 법인사업자는 법인등기부등본 상의 법인설립 등기일자를 기준으로 함
    ※ 예비창업자는 입주기준일 이후 6개월 이내 법인등록(가족회사 가입 예정자의 경우 가족회사 가입 포함)을 완료하여야 함

중소기업창업지원법 상 창업제외 업종*
- 금융기관 등으로부터 채무 불이행자로 규제중인 자
- 국세 또는 지방세를 체납중인 자
- 각종 정부 지원 사업에 참여제한으로 제재중인 자
- 휴․폐업 중에 있는 자
- 허위, 그밖에 부정한 방법으로 신청서류를 제출한 경우
- 기타 ‘피성년후견인’, ‘피한정후견인’, ‘파산선고를 받고 복권되지 아니한 사람’, ‘금고 이상의 실형을 선고 받고 그 집행이 끝나거나
집행이 면제된 날로부터 3년이 지나지 아니한 사람’ 또는 그 사람이 대표자로 있는 기업 등 판단에 따라 입주가 적합하지 않은 경우

중소기업창업지원법 상 창업제외 업종* 
1. 금융 및 보험업
2. 부동산업
3. 숙박 및 음식점업
4. 무도장 운영업
5. 골프장 및 스키장 운영업
6. 기타 갬블링 및 베팅업",,"예비창업자,1년미만,2년미만,3년미만,5년미만,7년미만,10년미만",시설ㆍ공간ㆍ보육,20260601,20260615,,,이메일 접수: 공고문 확인 필요,https://www.k-startup.go.kr/web/contents/bizpbanc-ongoing.do?schM=view&pbancSn=177924,main,primary,중앙대금천구창업협력공간wb가산타워7층입주자모집공고,교육기관,20260601~20260615,시설ㆍ공간ㆍ보육,시설ㆍ공간ㆍ보육
kst,177923,2026년 대구특구 이노폴리스캠퍼스지원사업,투자 유치 기회 및 기술사업화 역량 강화를 위하여 예비창업자 및 5년 미만의 스타트업을 모집하오니 많은 관심 부탁드립니다,창업,민간,대구광역시,"청소년,대학생,일반인,대학,연구기관,일반기업,1인 창조기업","기업,누구나,예비창업자,청년,초기창업기업","만 20세 미만,만 20세 이상 ~ 만 39세 이하,만 40세 이상",,,"◦ 기술사업화를 진행 예정 중인 예비창업자 및 5년 미만 스타트업
  ◦ 기술창업을 계획 중인 예비창업자
  ◦ 연구소기업 및 첨단기술기업 우대",,"예비창업자,1년미만,2년미만,3년미만,5년미만",사업화,20260601,20260619,,,이메일 접수: 공고문 확인 필요,https://www.k-startup.go.kr/web/contents/bizpbanc-ongoing.do?schM=view&pbancSn=177923,main,primary,2026년대구특구이노폴리스캠퍼스지원사업,민간,20260601~20260619,사업화,사업화
kst,177922,2026년 생애 최초 경영안정화 교육지원 사업,"경기도와 경기도시장상권진흥원에서는 실습중심 창업 교육·컨설팅·지원을 통해 무분별한 창업방지 및 창업성공률을 증진하고자
「2026년 생애 최초 경영안정화 교육지원」 사업 모집공고를 아래와 같이 진행하오니 만40세 이상 중장년층 예비창업자의 많은 관심과 참여 바랍니다.",창업,공공기관,경기도,일반인,"누구나,예비창업자",만 40세 이상,40,,"○ 공고일 기준 경기도 1년 이상 거주하였으며, 도내 창업을 희망하는 만 40세 이상 중장년인 자
  ○ 국세청(세무서) 사업자등록(법인·일반·간이 등) 등록 이력이 없는 자(예비창업자)
    ※창업업종 : 음식업, 도소매업, 전자상거래업(포함), 서비스업, 제조업

○ 국세·지방세 체납 중 또는 금융기관으로부터 여신거래가 불가능하거나 채무 불이행 규제 중인 자
  ○ 도박, 유흥 등 불건전 업종 또는 금융, 부동산업 등 사업 취지에 맞지 않거나 「경기도 소상공인정책자금」 보증 제한 업종으로 창업하려는 자
  ○ 기타 허위 또는 부정한 방법으로 신청한 자",,예비창업자,창업교육,20260522,20261231,,,"온라인 접수: https://ggbaro.kr/apply/biz-announce.do?bizId=2026-066-01&bizType=01
기타 접수: 2026. 5. 22.(금) ~ 모집 완료 시까지(접수순)",https://www.k-startup.go.kr/web/contents/bizpbanc-ongoing.do?schM=view&pbancSn=177922,main,primary,2026년생애최초경영안정화교육지원사업,공공기관,20260522~20261231,창업교육,창업교육
kst,177921,"""2026년 창업기업 임상전문가 자문 지원"" 프로그램 모집 공고",동국대학교일산병원 개방형실험실에서는 원내 임상전문가를 활용하여 보건의료 분야 창업기업이 기술·제품 개발 과정에서 겪는 임상적·기술적 애로사항을 해결할 수 있도록 '임상전문가 자문 지원 프로그램' 을 운영하오니 많은 참여 바랍니다.,교육/멘토링,민간,전국,"일반기업,1인 창조기업","기업,초기창업기업","만 20세 미만,만 20세 이상 ~ 만 39세 이하,만 40세 이상",,,"- 자문 최초 신청일 기준 창업일이 10년 미만인 보건의료분야 창업기업

- 신청서 접수일 기준 국세 및 지방세 체납 업체
- 신청서 접수일 기준 휴·폐업 중인 기업",,"예비창업자,1년미만,2년미만,3년미만,5년미만,7년미만,10년미만",멘토링ㆍ컨설팅ㆍ교육,20260601,20261106,,,이메일 접수: 공고문 확인 필요,https://www.k-startup.go.kr/web/contents/bizpbanc-ongoing.do?schM=view&pbancSn=177921,main,primary,2026년창업기업임상전문가자문지원프로그램모집공고,민간,20260601~20261106,멘토링ㆍ컨설팅ㆍ교육,멘토링ㆍ컨설팅ㆍ교육
kst,177920,[강동구 청년해냄센터] 스타트업 영 그라운드 참가자 모집,강동구 청년해냄센터에서 스타트업 영 그라운드 청년 (예비)창업팀을 모집하오니 참여 희망자는 안내에 따라 신청하시기 바랍니다.,교육/멘토링,공공기관,서울특별시,"청소년,대학생,일반인,대학,연구기관,일반기업,1인 창조기업","기업,누구나,스타트업,청년,초기창업기업","만 20세 미만,만 20세 이상 ~ 만 39세 이하",,,"청년 (예비)창업자 (개인, 팀)
- 만 19세~39세 / 10팀 내외 선

* 법인사업자, 3년 이상 창업팀 제외함",,"예비창업자,1년미만,2년미만,3년미만",멘토링ㆍ컨설팅ㆍ교육,20260601,20260619,,,온라인 접수: http://www.gdhaenaem.com/?c=168&s=&gp=1&gbn=viewok&ix=11341,https://www.k-startup.go.kr/web/contents/bizpbanc-ongoing.do?schM=view&pbancSn=177920,main,primary,강동구청년해냄센터스타트업영그라운드참가자모집,공공기관,20260601~20260619,멘토링ㆍ컨설팅ㆍ교육,멘토링ㆍ컨설팅ㆍ교육
kst,177919,"[무료] VC 투자 및 오픈이노베이션 1:1 멘토링, 6월 dcamp officehour","디캠프 오피스아워는 2013년부터 약 1,500회 이상 진행되어온 스타트업 전문 멘토링 프로그램로 우수한 멘토진이 스타트업의 비즈니스 성장을 위해 참여하고 있습니다.
스타트업의 사업 방향성 설정과 성장에 필수적인 벤처투자, 사업협력 등 분야별 전문가들과 함께 합니다. 디캠프 오피스아워는 단편적이고 일반적인 인사이트 전달이 아닌 각 기업의 상황에 맞는 실질적인 논의와 실행 중심의 피드백을 제공합니다.
2026년 6월 오피스아워는 #금융권을 테마로 국내외 투자사 및 금융기관 35개 파트너사가 참여하여 투자 및 사업협력과 관련한 1:1 컨설팅을 진행하오니 관심 있는 스타트업의 많은 참여 바랍니다.",교육/멘토링,민간,전국,"일반기업,1인 창조기업","기업,초기창업기업","만 20세 이상 ~ 만 39세 이하,만 40세 이상",,,오피스아워에 참여를 희망하는 스타트업 (파트너기관별 신청 가능 단계 별도 확인),,"예비창업자,1년미만,2년미만,3년미만,5년미만,7년미만,10년미만",멘토링ㆍ컨설팅ㆍ교육,20260522,20260610,,,온라인 접수: http://dcamp.kr/program/officehour,https://www.k-startup.go.kr/web/contents/bizpbanc-ongoing.do?schM=view&pbancSn=177919,main,primary,무료vc투자및오픈이노베이션11멘토링6월dcampofficehour,민간,20260522~20260610,멘토링ㆍ컨설팅ㆍ교육,멘토링ㆍ컨설팅ㆍ교육
kst,177917,[강동구 청년해냄센터] 전문분야 창업멘토링 6월 참가자 모집,강동구 청년해냄센터에서 전문분야 창업 멘토링 데이 계획을 다음과 같이 공고하오니 참여 희망자는 안내에 따라 신청하시기 바랍니다.,교육/멘토링,공공기관,서울특별시,"청소년,대학생,일반인,대학,연구기관,일반기업,1인 창조기업","기업,누구나,예비창업자,청년,초기창업기업","만 20세 미만,만 20세 이상 ~ 만 39세 이하,만 40세 이상",,,"예비창업자, 기창업자",,"예비창업자,1년미만,2년미만,3년미만,5년미만,7년미만,10년미만",멘토링ㆍ컨설팅ㆍ교육,20260601,20260616,,,온라인 접수: http://www.gdhaenaem.com/?c=168&s=&gp=1&gbn=viewok&ix=11344,https://www.k-startup.go.kr/web/contents/bizpbanc-ongoing.do?schM=view&pbancSn=177917,main,primary,강동구청년해냄센터전문분야창업멘토링6월참가자모집,공공기관,20260601~20260616,멘토링ㆍ컨설팅ㆍ교육,멘토링ㆍ컨설팅ㆍ교육
kst,177916,충북대학교 『글로벌(G)테크벤처센터(BI) 』 입주기업 모집,"국립거점대학 충북대학교와 충북중소벤처기업청에서는 지역 유망 중소․벤처기업의 발굴 육성을 통해 지역경제 활성화 기여 및 고용창출을 선도하기 위하여 글로벌테크벤처센터(POST-BI)에 입주 할, 우수한 기술력과 사업 역량을 가진 유망 벤처기업 및 신기술 창업자를 아래와 같이 모집 공고합니다",시설/공간,교육기관,충청북도,"청소년,대학생,일반인,대학,연구기관,일반기업,1인 창조기업","기업,누구나,청년,초기창업기업","만 20세 미만,만 20세 이상 ~ 만 39세 이하,만 40세 이상",,,"- 본사 or 연구소 or 지점사업자 or 창업보육센터 졸업기업 입주 가능
- (창업자) 창업 후 7년이 경과 되지 않은 기업(창업일자기준)
- 우대 가점기업 : 여성기업, 사회적기업, 협동조합, 장애인기업, 내일채움공제가입기업, 창조경제혁신센터 및 청년창업사관학교 학생창업기업 등 우대

1. 중소기업창업지원법 제43조 제4항 제4호에 의거 입주 제외대상 업종
2. 소음, 진동, 약품, 악취, 폐기물 발생 등 환경 침해 및 공해 유발 업체
3. 금융기관으로부터 신용불량으로 규제중인 자
4. 기타, 입주선정심의위원회에서 부적절하다고 판단되는 기업",,"예비창업자,1년미만,2년미만,3년미만,5년미만,7년미만",시설ㆍ공간ㆍ보육,20260601,20260630,,,"온라인 접수: https://cb-postbi.cbnu.ac.kr/community_06_06
방문 접수: (28420) 충북 청주시 흥덕구 가로수로 1251 (복대동) 충북대학교 G테크벤처센터 107호",https://www.k-startup.go.kr/web/contents/bizpbanc-ongoing.do?schM=view&pbancSn=177916,main,primary,충북대학교글로벌g테크벤처센터bi입주기업모집,교육기관,20260601~20260630,시설ㆍ공간ㆍ보육,시설ㆍ공간ㆍ보육
kst,177914,창업보육센터 지원,경희대학교에서는 기술·지식집약형 중소·벤처기업을 목표로 우수한 기술과 참신한 벤처 마인드를 갖춘 창업 초기 사업자 및 예비창업자를 아래와 같이 모집합니다. 역량 있는 (예비)창업자의 많은 신청 바랍니다.,시설/공간,교육기관,서울특별시,"대학생,일반인,일반기업,1인 창조기업","기업,누구나,예비창업자,청년,초기창업기업","만 20세 이상 ~ 만 39세 이하,만 40세 이상",,,"창업 7년 이내 중소기업 또는 예비창업자(6개월 이내 창업 가능자)

1. 창업보육센터 입주 제외대상 업종(중소기업창업 지원법 시행령 제4조 (창업에서 제외되는 업종) 개정 2024.8.27.2) 가. 일반유흥주점업 나. 무도유흥주점업 다. 카지노 운영업 라. 기타 사행시설 관리 및 운영업
마. 그 밖에 경제질서 및 미풍양속에 현저히 어긋나는 업종으로서 중소벤처기업부령으로 정하는 업종
2. 승인 제외 대상
가. 금융기관으로부터 불량거래자로 규제중인 자 나.국세, 지방세 체납자 다. 폐수. 소음. 진동 등 공해 다발업종 영위자 라. 기타 단장이 부적합하다고 인정하는 자 등 모집공고문 [별표 1] 참조",,"예비창업자,7년미만",시설ㆍ공간ㆍ보육,20260601,20260614,,,이메일 접수: 공고문 확인 필요,https://www.k-startup.go.kr/web/contents/bizpbanc-ongoing.do?schM=view&pbancSn=177914,main,primary,창업보육센터지원,교육기관,20260601~20260614,시설ㆍ공간ㆍ보육,시설ㆍ공간ㆍ보육
kst,177913,2026년「해운대 도심형 청년 창업·주거 복합공간」 입주자 모집 공고(2차),"해운대구는 청년 창업을 활성화하고 청년의 성장과 지역 내 안정적 정착을 지원하고자, 창업 공간과 주거 공간을 제공하는 ｢해운대 도심형 청년 창업·주거 복합공간(부산창업가꿈)｣에 입주할 청년을 2차 모집하오니 많은 참여 바랍니다.",시설/공간,민간,부산광역시,"청소년,대학생,일반인,대학,연구기관,일반기업,1인 창조기업","기업,누구나,청년,초기창업기업",만 20세 이상 ~ 만 39세 이하,20,39,"가. 입주기업 대표자는 18세 이상 39세 이하인 자
나. 해운대구를 소재지*로 하는 법인 혹은 개인사업자
* 타지역 거주시 입주일로부터 3개월 이내 전입신고 하여야 함
다. 창업한 지 3년을 경과하지 않은 자

◦ 단순 유통 및 도소매 사업자
◦ 사치향락, 금품(상품권 등) 관련 사업자
◦ 동일한 사업자로 ‘도심형 청년창업주거복합공간 사업’선정된 기업(중복수혜 불가)
◦ 국세 또는 지방세를 체납 중인 자
◦ 정부지원 사업에 참여제한으로 제재 중인 자
◦ 금융기관 등으로부터 채무불이행자로 규제 중인 자
◦ 전국은행연합회 “신용정보관리규약”에 따른 금융질서 문란자
◦ 자치단체의 판단에 따라 사업의 유지가 어려울 것으로 판단되는 사업장
◦ 노사분규 중이거나 고용보험 미가입 사업장
◦ 근로기준법 제43조의2에 따라 임금 등을 체불하여 명단이 공개 중인 사업주
◦ 기타 자치단체장이 사업 목적과 취지에 맞지 않다고 판단하는 기업",,3년미만,시설ㆍ공간ㆍ보육,20260525,20260619,,,이메일 접수: 공고문 확인 필요,https://www.k-startup.go.kr/web/contents/bizpbanc-ongoing.do?schM=view&pbancSn=177913,main,primary,2026년해운대도심형청년창업주거복합공간입주자모집공고2차,민간,20260525~20260619,시설ㆍ공간ㆍ보육,시설ㆍ공간ㆍ보육
kst,177912,2026 관광 일자리 페스타 - 대전·세종편 참가기업 모집,"대전관광공사는 대전시, 세종시, 한국관광공사와 함께 대전·세종 관광·MICE 기업 
맞춤형 인재 채용 및 인건비 지원 프로그램을 운영하고자 ‘2026 관광 일자리 
페스타 – 대전·세종편’ 참가기업을 모집하오니 많은 관심과 참여 부탁드립니다.",인력/일자리,공공기관,대전광역시,일반기업,기업,"만 20세 미만,만 20세 이상 ~ 만 39세 이하,만 40세 이상",,,"아래 ①, ② 요건 중 1개 이상의 항목을 충족하는 관광·MICE 기업
① 관광진흥법 시행령(관광사업의 종류)에 해당하는 대전·세종 관광기업
* 여행업, 호텔업, 관광객 이용시설업, 국제회의업, 테마파크업, 관광편의시설업 등
② 관광 관련 상품 또는 서비스 등으로 공고일 기준 현재 대전·세종 지역에 
개인사업자 또는 법인사업자로 등록된 기업

1) 근로기준법 제 43조의2에 따라 임금 등 체불로 명단이 공개 중인 사업주
2) 사업주가 채용예정자와 배우자 또는 직계존비속 관계인 경우
3) 국세 및 지방세, 4대보험 등 체납 사실이 있거나 면세사업자인 경우
4) 2026년 기준 문화체육관광부, 고용노동부, 중소벤처기업부, 대전시, 
세종시 등 유관기관 일자리·인건비 지원 관련 사업의 수혜기업
※ 중복수혜의 기준은 인턴 대상자로 판별하므로 대상자가 상이할 경우 제외대상에 해당하지 않음",,"1년미만,2년미만,3년미만,5년미만,7년미만,10년미만",인력,20260601,20260608,,,이메일 접수: 공고문 확인 필요,https://www.k-startup.go.kr/web/contents/bizpbanc-deadline.do?schM=view&pbancSn=177912,main,primary,2026관광일자리페스타대전세종편참가기업모집,공공기관,20260601~20260608,인력,인력
kst,177911,2026 KICXUP_서울 _입주기업_모집공고,"한국산업단지공단에서 KICXUP 서울에 입주할 혁신 스타트업을 모집합니다. 입주기업을 대상으로 사무공간 오피스 인프라, 산업단지 입주 대중견기업 오픈이노베이션, 신용보증기금 금융 지원, 맞춤형 성장지원 서비스(오피스아워) 등을 제공할 계획이오니, 역량 있는 스타트업의 많은 관심 바랍니다.",시설/공간,민간,서울특별시,일반기업,기업,"만 20세 이상 ~ 만 39세 이하,만 40세 이상",,,"설립 7년 미만 창업기업

국세, 지방세, 4대 보험료를 체납 중인 기업
기타 한국산업단지공단이 부적당 하다고 판단한 입주 희망자",,7년미만,시설ㆍ공간ㆍ보육,20260601,20260619,,,온라인 접수: https://forms.gle/yherGm7fs5zuJkga6,https://www.k-startup.go.kr/web/contents/bizpbanc-ongoing.do?schM=view&pbancSn=177911,main,primary,2026kicxup서울입주기업모집공고,민간,20260601~20260619,시설ㆍ공간ㆍ보육,시설ㆍ공간ㆍ보육
kst,177910,2026 민관공동기술사업화R&D 구매연계 혁신형도전,"2026년도 민관공동기술사업화R&D (구매연계-혁신형도전) 사업 운영을 위한 수요기업 RFP(과제제안서) 설명회&네트워킹데이를 개최합니다.
구매연계 혁신형도전과제 수요기업과 직접 소통하고자 하는 중소기업 과제 담당자분들의 많은 관심과 적극적인 참여를 부탁드립니다.",행사/네트워크,공공기관,전국,일반기업,기업,"만 20세 이상 ~ 만 39세 이하,만 40세 이상",,,2026년 민관공동기술사업화R&D(구매연계-혁신형도전) 수요과제에 관심있는 중소기업,,"1년미만,2년미만,3년미만,5년미만,7년미만,10년미만",행사ㆍ네트워크,20260601,20260608,,,온라인 접수: https://forms.gle/XzrhSPmGMQU9cp9Z7,https://www.k-startup.go.kr/web/contents/bizpbanc-deadline.do?schM=view&pbancSn=177910,main,primary,2026민관공동기술사업화rd구매연계혁신형도전,공공기관,20260601~20260608,행사ㆍ네트워크,행사ㆍ네트워크
kst,177909,2026년 06월 초기 창업기업 대상  벤처기업 인증 행정자문&전략 수립 기업모집,"혁신적인 기술과 아이디어를 보유한 초기 창업기업이 한 단계 더 성장할 수 있도록, 기업 진단과 맞춤형 벤처인증 자문을 지원하는 본 사업을 다음과 같이 안내드립니다.
참여를 희망하시는 기업 대표님께서는 아래 내용을 확인하신 후, 기한 내 신청해 주시기 바랍니다.",교육/멘토링,민간,전국,"청소년,대학생,일반인,대학,연구기관,일반기업,1인 창조기업","기업,누구나,청년,초기창업기업","만 20세 미만,만 20세 이상 ~ 만 39세 이하,만 40세 이상",,,"- 중소기업
- 벤처기업 인증을 준비 중이거나, 재도전이 필요한 기업 (신규 신청, 탈락 후 재신청, 유형 변경 등 포함)
- 투자유치, 정책자금, 기술보증, 정부 R&D 연계를 희망하는 기업
- 기업가치 제고 및 사업 구조 고도화가 필요한 기업",,"예비창업자,1년미만,2년미만,3년미만,5년미만,7년미만,10년미만",멘토링ㆍ컨설팅ㆍ교육,20260601,20260630,,,"온라인 접수: https://m.site.naver.com/29mxy
이메일 접수: 공고문 확인 필요",https://www.k-startup.go.kr/web/contents/bizpbanc-ongoing.do?schM=view&pbancSn=177909,main,primary,2026년06월초기창업기업대상벤처기업인증행정자문전략수립기업모집,민간,20260601~20260630,멘토링ㆍ컨설팅ㆍ교육,멘토링ㆍ컨설팅ㆍ교육
kst,177908,2026년 서울시 지역상생 중장년 창업지원사업 <넥스트로컬 40+> 참여자 모집 공고,전국 지자체 협력을 바탕으로 서울 중장년층의 지역자원 발굴과 창업 모델화 과정을 지원하는 「2026년 서울시 지역상생 중장년 창업 지원사업」 에 참여할 (예비)창업자를 다음과 같이 모집합니다.,창업,민간,서울특별시,"일반인,일반기업","기업,누구나",만 40세 이상,40,,"지역의 농특산물, 문화‧관광‧역사 자원, 유휴공간 등을 연계 ·활용한 비즈니스 아이디어를 보유한 중장년
ㅇ 대상 : 서울시 거주 중장년(40세 이상 ~ 65세 미만) 
  ※ 신청일 기준, 대상 나이에 부합해야 함
  ※ 주민등록등본상 서울거주로 확인(신청일 날짜 기준으로 제출), 관련 증빙서류 별첨 필수

ㅇ 지원형태 : 대표자 1인만 지원 
 - 거주지와 사업장 소재지 모두 서울이여함  
  ※ 대표자는 <넥스트로컬 40+>의 모든 프로그램에 참석을 원칙으로 함
ㅇ 지원단계 : 예비 또는 기창업자 
 - 기창업자의 경우, 사업장 소재지가 서울일 경우에만 기창업 팀으로 참여 가능
  ※ 기창업자 소재지가 서울이 아닌 경우, 서울로 소재지 이전 후 신청 가능함

ㅇ 지원유형 : ① 경력활용형, ② 경력이음형 중 본인에게 맞는 유형 택1
 - (경력활용형) 현업에서 형성한 경력·전문성을 지역 창업으로 이어가고자 하는참여자를 위한 선발 유형
 - (경력이음형) 은퇴 등으로 인한 경력 공백 후 창업을 준비하거나, 기존 경력과 다른 새로운 분야의 창업을 준비하는 참여자를 위한 선발 유형

ㅇ 우대사항 : ①활동지역 출신 중장년, ②서울시50플러스재단 창업지원 사업참여자,  ③서울시농업기술센터 전원생활교육 이수자  
  ※ ①의 경우, 주민등록 등본 또는 초·중·고등학교 졸업증명서로 증빙 필요 
  ※ 서울시 사업 참여자의 경우 해당 기관에서 배포된 수료이수증이나 기타 증빙서류 별도 제출
  ※ 우대사항 인정 시, 평가에서 가산점 부여

① 서울시 및 중앙정부 등 정부 지원사업 참여 제한 등 제재조치를 받고있는 개인(기업)
  ② 서울시 및 중앙정부 등 타 지원사업에서 동일 아이템(상품·서비스)으로 지원을 받고 있는 경우
    - (예시) 서울시 지방보조금 사업 보조사업자, 서울시 관내 창업지원 사업 수혜자, 중소벤처기업부 로컬크리에이터 육성 사업 등
     ※ 해당 기관에 중복참여 가능여부 사전확인 필수, 사업선정 이후 넥스트로컬 운영사무국으로 관련 사업계획서 제출 필요
  ③ 넥스트로컬 참여자로서, 2단계 초기사업비를 최초로 지급받은 날로부터 3년이 지나지 아니한 사업수혜자 (넥스트로컬 5~7기 2단계 사업화과정 선발자)
     ※ 단, 넥스트로컬 2단계 참여 당시와 동일한 아이템(상품 및 서비스)으로는 참여 불가능
     ※ 넥스트로컬 5~7기 참여자 중 [1단계. 자원조사과정]까지만 수행한 기 참여자는 참여 가능 
     ※ 또한, 넥스트로컬 5~7기 [2단계 사업화과정]에 참여한 기업의 직원이였던 자는 현재 해당기업에 근무하지 않는 경우에 한하여 참여 가능하나, [2단계 사업화과정] 참여 당시 인건비 수혜 혜택을 받았다면 참여 불가능
  ⑤ 국세·지방세 체납으로 규제 중이거나 금융기관 등으로부터 채무불이행으로 규제 중인 자(기업)
   - 단, 신청 마감일까지 체납처분유예승인을 받은 성실납세자, 국세‧지방세 등 특수채무 변제 후 증빙이 가능한 자는 신청 가능
   - 단, 신청 마감일까지 신용회복위원회 프리‧개인워크아웃 제도에서 채무조정합의서를 체결한 경우, 법원 개인회생제도에서 변제계획인가를 받은 경우, 파산면책 선고자, 회생인가를 받은 기업은 신청 가능
  ⑥ ｢중소기업창업 지원법｣ 시행령 제4조(창업에서 제외되는 업종)의 업종을 영위하고자 하는 자(기업) 
  ⑦ 기타 서울시장이 참여 제한의 사유가 있다고 인정하는 자(기업)",,"예비창업자,1년미만,2년미만,3년미만,5년미만,7년미만,10년미만",사업화,20260601,20260630,,,온라인 접수: https://nextlocalstar.co.kr/,https://www.k-startup.go.kr/web/contents/bizpbanc-ongoing.do?schM=view&pbancSn=177908,main,primary,2026년서울시지역상생중장년창업지원사업넥스트로컬40참여자모집공고,민간,20260601~20260630,사업화,사업화
kst,177907,[ZUZU X 에트리홀딩스 집중검토] TIPS 선정 희망 기업 모집,에트리홀딩스에서 TIPS 선정을 희망하는 스타트업을 찾습니다.,창업,민간,전국,"대학,연구기관,일반기업",기업,"만 20세 미만,만 20세 이상 ~ 만 39세 이하,만 40세 이상",,,"※모집 조건
- 투자 단계: Pre-Seed ~ Seed
- TIPS 희망 기업
- 딥테크, 소부장(광통신, 웨어러블, 반도체, 양자)",,"예비창업자,1년미만,2년미만,3년미만,5년미만,7년미만,10년미만",사업화,20260602,20260619,,,온라인 접수: https://zuzu.network/resource/promotion/26-etriholdings-deal-sourcing/,https://www.k-startup.go.kr/web/contents/bizpbanc-ongoing.do?schM=view&pbancSn=177907,main,primary,zuzux에트리홀딩스집중검토tips선정희망기업모집,민간,20260602~20260619,사업화,사업화
kst,177906,글로벌 교류·투자유치 지원사업,글로벌 비즈니스 네트워크 구축과 지역기업 해외 진출지원을 위해 추진하는 『글로벌 교류·투자유치 지원사업』중 아웃바운드 지정형 프로그램인 SWITCH 2026 K-스타트업 통합관에 참가할 유망 스타트업을 모집하오니 많은 관심 바랍니다.,판로/수출,공공기관,부산광역시,"일반기업,1인 창조기업","기업,초기창업기업","만 20세 미만,만 20세 이상 ~ 만 39세 이하,만 40세 이상",,,"❍ 모집규모 : 3개사 내외   * 운영상황에 따라 규모 변경될 수 있음
 ❍ 모집대상 : 공고일 기준 업력 7년 이내 기업(신산업 10년) 
 ❍ 자격요건(모두충족)
  - 기업 소재지가 부산광역시 내인 기업
  - 영어 의사소통 가능자의 전시회 참가가 가능한 기업
  - SWITCH 2026 전시 분야 부합 기업(첨부파일 참고)",,10년미만,글로벌,20260601,20260619,,,온라인 접수: https://www.busanstartup.kr/biz_sup/2109?mcode=biz02&pageNo=1&deadline=N&deleteYn=N&s_orderby=regi&s_desc=desc,https://www.k-startup.go.kr/web/contents/bizpbanc-ongoing.do?schM=view&pbancSn=177906,main,primary,글로벌교류투자유치지원사업,공공기관,20260601~20260619,글로벌,글로벌
kst,177905,「기업의 숨은 가치를 밝히는」실전형 IR 전략 실행 교육 참가자 모집,"상지대학교 벤처창업본부에서는 (예비)창업기업의 효과적인 IR 실행을 돕기 위해
「 실전형 IR 전략 실행 교육 」을 개최합니다.
많은 관심과 참여 바랍니다.",창업,교육기관,전국,"청소년,대학생,일반인,대학,연구기관,일반기업,1인 창조기업","기업,누구나,청년,초기창업기업","만 20세 미만,만 20세 이상 ~ 만 39세 이하,만 40세 이상",,,IR 자료 구성과 발표 역량을 높이고 싶은 (예비)창업자,,"예비창업자,1년미만,2년미만,3년미만,5년미만,7년미만,10년미만",창업교육,20260602,20260616,,,온라인 접수: https://forms.gle/eq7kMzLfxxuePpZ58,https://www.k-startup.go.kr/web/contents/bizpbanc-ongoing.do?schM=view&pbancSn=177905,main,primary,기업의숨은가치를밝히는실전형ir전략실행교육참가자모집,교육기관,20260602~20260616,창업교육,창업교육
kst,177904,2026년 D-테스트베드(GPU 지원 전형) 참여사 모집,"한국핀테크지원센터는 핀테크 기업이 자체 보유데이터를 활용하여 분석하거나 AI모델을 고도화할 수 있도록 D-테스트베드 사업(GPU 지원 전형)을 운영하고 있습니다.
 이에 따라, 「2026년 D-테스트베드」사업의 GPU 지원 전형 참여사 모집을 아래와 같이 공모하오니 관심 있는 기업의 많은 참여 바랍니다.",창업,민간,전국,"일반기업,1인 창조기업","기업,초기창업기업","만 20세 미만,만 20세 이상 ~ 만 39세 이하,만 40세 이상",,,"GPU를 활용하여 자체 보유 데이터로 AI모델을 테스트하거나 고도화하고자 하는 기업

개인, 개인사업자",,"예비창업자,1년미만,2년미만,3년미만,5년미만,7년미만,10년미만",사업화,20260528,20260619,,,온라인 접수: https://dtest.fintech.or.kr/,https://www.k-startup.go.kr/web/contents/bizpbanc-ongoing.do?schM=view&pbancSn=177904,main,primary,2026년d테스트베드gpu지원전형참여사모집,민간,20260528~20260619,사업화,사업화
kst,177903,창업특강:AI를 활용한 사업 운영 효율화,청년 예비창업자 및 초기창업자를 위한 실전형 AI 활용 전략 교욱입니다.,교육/멘토링,지자체,서울특별시,"대학생,일반인,대학,연구기관,일반기업,1인 창조기업","기업,누구나,예비창업자,청년,초기창업기업",만 20세 이상 ~ 만 39세 이하,20,39,청년 예비창업자 및 초기창업자(1987년 이후 출생자),,"예비창업자,1년미만,2년미만,3년미만,5년미만,7년미만",멘토링ㆍ컨설팅ㆍ교육,20260601,20260614,,,온라인 접수: https://www.checkin-gwanak.or.kr/core/?cid=58&role=programvopn&pSeq=1205&tab=,https://www.k-startup.go.kr/web/contents/bizpbanc-ongoing.do?schM=view&pbancSn=177903,main,primary,창업특강ai를활용한사업운영효율화,지자체,20260601~20260614,멘토링ㆍ컨설팅ㆍ교육,멘토링ㆍ컨설팅ㆍ교육
kst,177901,구로구 청년창업지원센터_일반 창업교육,투자유치 및 지원사업 발표평가를 대비한 자료 작성법과 발표 노하우를 제공하는 교육입니다.,교육/멘토링,지자체,서울특별시,"대학생,일반인,대학,연구기관,일반기업,1인 창조기업","기업,누구나,청년,초기창업기업",만 20세 이상 ~ 만 39세 이하,20,39,"19 ~ 39세 서울시 거주 청년 중 (예비)창업희망자 및 일반인

서울시 그 외 타 지역",,"예비창업자,1년미만,2년미만,3년미만",멘토링ㆍ컨설팅ㆍ교육,20260601,20260610,,,온라인 접수: https://hive.dongyang.ac.kr/lecture/list.do?menu_idx=10,https://www.k-startup.go.kr/web/contents/bizpbanc-ongoing.do?schM=view&pbancSn=177901,main,primary,구로구청년창업지원센터일반창업교육,지자체,20260601~20260610,멘토링ㆍ컨설팅ㆍ교육,멘토링ㆍ컨설팅ㆍ교육
kst,177900,지역창업특화지원,"중소벤처기업부와 인천광역시가 지원하고, 인천테크노파크가 운영하는 1인 창조기업 지원센터는 우수하고 참신한 아이템으로 창업에 도전을 희망하는 예비창업자 및 1인 창조기업을 대상으로 입주 공간을 제공하고 있습니다. 또한 교육 및 네트워크 프로그램 운영과 전문가 멘토링을 통해 애로사항을 해소하며, 기업의 성장 지원을 도모 합니다. 1인 창조기업 지원센터에 입주를 희망하시는 여러분들의 많은 신청 바랍니다.",시설/공간,공공기관,전국,"대학생,일반인,1인 창조기업","누구나,예비창업자,청년,초기창업기업","만 20세 미만,만 20세 이상 ~ 만 39세 이하,만 40세 이상",,,"예비창업자 및 1인 창조기업 범위에 포함되는 창업 7년 이내 기업
˙1인 창조기업 육성에 관한 법률 제2조의 (예비)1인 창조기업
˙지원대상 중 붙임2-1(1인 창조기업의 범위)에 포함된 업체

건강보험자격득실확인서상 직장가입자",,"예비창업자,7년미만",시설ㆍ공간ㆍ보육,20260601,20260616,,,이메일 접수: 공고문 확인 필요,https://www.k-startup.go.kr/web/contents/bizpbanc-ongoing.do?schM=view&pbancSn=177900,main,primary,지역창업특화지원,공공기관,20260601~20260616,시설ㆍ공간ㆍ보육,시설ㆍ공간ㆍ보육
kst,177899,2026년 김해소재 스타트업 국내특허출원비용 지원사업,"김해소재의 스타트업이 혁신역량을 향상시키고, 경쟁력 향상을 도모할 수 있도록 『2026년 김해소재 스타트업 국내특허 출원비용 지원사업』을 공고하오니 김해소재 스타트업의 많은 참여를 바랍니다.",창업,민간,경상남도,"일반기업,1인 창조기업","기업,스타트업,초기창업기업","만 20세 미만,만 20세 이상 ~ 만 39세 이하,만 40세 이상",,,"❍ 공고일 기준 창업 7년 이내로 연구개발 활동을 통해 기술을 보유한 김해소재(본사)의 스타트업
   - 개인 사업자인 경우 사업자등록증의 개업연월일 기준
   - 법인 사업자인 경우 법인등기부 등본의 회사 성립연월일 기준",,"1년미만,2년미만,3년미만,5년미만,7년미만",사업화,20260601,20261031,,,이메일 접수: 공고문 확인 필요,https://www.k-startup.go.kr/web/contents/bizpbanc-ongoing.do?schM=view&pbancSn=177899,main,primary,2026년김해소재스타트업국내특허출원비용지원사업,민간,20260601~20261031,사업화,사업화
kst,177897,관악 라이브커머스 지원 참여기업 모집,온라인 판로 확대 및 제품 홍보를 위한 라이브커머스 지원 참여기업 모집합니다.,판로/수출,지자체,서울특별시,"대학생,일반인,대학,연구기관,일반기업,1인 창조기업","기업,누구나,청년,초기창업기업",만 20세 이상 ~ 만 39세 이하,20,39,"관악구 소재 7년 이내 청년 창업기업 또는 관악구 거주 청년 창업자(1987년 이후 출생자)

모집공고 확인 필수",,"1년미만,2년미만,3년미만,5년미만,7년미만",판로ㆍ해외진출,20260529,20260608,,,온라인 접수: https://www.checkin-gwanak.or.kr/core/?cid=58&role=programvopn&pSeq=1207&tab=,https://www.k-startup.go.kr/web/contents/bizpbanc-deadline.do?schM=view&pbancSn=177897,main,primary,관악라이브커머스지원참여기업모집,지자체,20260529~20260608,판로ㆍ해외진출,판로ㆍ해외진출
kst,177896,2026년 대전 스타트업스쿨 스타트업 리딩클래스,"대전창조경제혁신센터가 대전 스타트업 협의체 ‘다이노소어(Daejeon INitiative Of Startup And entrepreneUR)’와 함께 스타트업 네트워킹 프로그램을 진행하오니, 관심 있는 창업가, 스타트업 임직원 등의 많은 관심과 참여 부탁드립니다.",행사/네트워크,공공기관,대전광역시,"청소년,대학생,일반인,대학,연구기관,일반기업,1인 창조기업","기업,누구나,스타트업,청년,초기창업기업","만 20세 미만,만 20세 이상 ~ 만 39세 이하,만 40세 이상",,,스타트업 역량 강화에 관심이 있는 누구나,,"예비창업자,1년미만,2년미만,3년미만,5년미만,7년미만,10년미만",행사ㆍ네트워크,20260601,20260630,,,온라인 접수: http://nextstep.io.kr/startup-leading-class,https://www.k-startup.go.kr/web/contents/bizpbanc-ongoing.do?schM=view&pbancSn=177896,main,primary,2026년대전스타트업스쿨스타트업리딩클래스,공공기관,20260601~20260630,행사ㆍ네트워크,행사ㆍ네트워크
kst,177895,[코레일유통/본사] 제4차 청년창업 제휴사업자 모집공고,"코레일유통(주) 청년창업 지원사업에 따른 매장 운영자 모집공고를 시행하오니, 참여를 희망하는 예비창업자 및 청년창업자는 참여해 주시길 바랍니다.
■ 공고대상 매장 : 천안역 동부맞이방(기타간식/40.0㎡)
■ 접수방법 : 코레일유통(주) 홈페이지 https://www.korailretail.com - 파트너십 - 청년창업 지원안내/공고 - 청년창업 신규공고
■ 비고사항 : [붙임8] 청년창업 전자입찰프로세스 매뉴얼 확인 必",시설/공간,공공기관,전국,"대학생,일반인","누구나,예비창업자,청년",만 20세 이상 ~ 만 39세 이하,20,39,"1. 공고일 기준 만 18세 이상 39세 이하
2. 공고일 기준 사업자등록을 하지 않은 예비창업자 또는 창업 후 3년 이하인 ｢중소기업기본법｣ 제2조 2항에 따른 소기업을 영위하는 자
(대표자 연령 조건 충족해야 함)
3. 계약 체결 후 7일 이내 일반과세 사업자등록이 가능하고 시설투자 가능자
4. 프랜차이즈 미가맹 사업자로, 고유의 브랜드 및 레시피로 운영가능한 자

- 회사와 특수관계에 있는 자 또는 공공성 확보를 위해 다음에 해당하는 경우 참가를 제한
1. 코레일유통(주) 청년창업 지원매장 운영자로 선정된 자와 그 배우자 및 직계혈족
2. 코레일유통(주) 부정당업체로 지정된 업체(자)와 그 배우자 및 직계혈족
3. 기존 계약자(공고일 기준)
① 우리사 편의점 및 자판기 관련 계약 중이거나 과거 계약 이력이 있는 자와 그 배우자 및 직계혈족
② 우리사 상설전문점 운영 중이거나 과거 계약 이력이 있는 자와 그 배우자 및 직계혈족
4. 회사와 특수관계인 관련(공고일 기준)
① 모집시작일 기준 퇴직 후 2년이 경과 하지 않은 전직 임직원의 직계혈족
② 모집시작일 기준 한국철도공사 및 그 계열사에 재직 중인 임직원과 그 배우자 및 직계혈족
5. 공고일 현재 상업시설 운영 중인 자로 점포 수 확대를 목적으로 지원하는 자와 그 배우자 및 직계혈족",,"예비창업자,3년미만",시설ㆍ공간ㆍ보육,20260529,20260608,,,온라인 접수: www.korailretail.com,https://www.k-startup.go.kr/web/contents/bizpbanc-deadline.do?schM=view&pbancSn=177895,main,primary,코레일유통본사제4차청년창업제휴사업자모집공고,공공기관,20260529~20260608,시설ㆍ공간ㆍ보육,시설ㆍ공간ㆍ보육
kst,177893,CES 2027 관악S밸리관 참가기업 추가모집,"관악구 소재 우수 벤처·창업기업의 글로벌 시장 진출을 지원하고, 관악S밸리 창업 생태계 활성화 및 지역 창업 경쟁력 강화를 도모하고자 「CES 2027 관악S밸리관」 참가기업을 다음과 같이 모집하오니, 관심 있는 기업의 많은 참여 바랍니다.",판로/수출,공공기관,서울특별시,"청소년,대학생,일반인,대학,연구기관,일반기업,1인 창조기업","기업,누구나,청년,초기창업기업","만 20세 미만,만 20세 이상 ~ 만 39세 이하,만 40세 이상",,,"아래 자격요건을 모두 충족하는 관악구 소재 벤처·창업기업
○ (소재지) 관악구 소재(본사, 지사, 연구소 등 1곳 이상) 기업
- 2026. 6. 30.까지 관악구에 주소 이전이 가능한 기업 신청 가능
- CES 2027「관악S밸리관」최종 참가 기업은 2027. 1. 31.까지 관악구 주소를 유지해야 함
○ (창업기간) 창업 5년 이내 기업 ※ 2022. 1. 1. 이후 창업한 기업
- 개인사업자의 경우 사업자등록증상 개업연월일, 법인의 경우 법인등기부등본상 법인설립등기일 기준으로 판단 ※「중소기업창업 지원법」 규정에 따름
○ (사업분야) AI, 모빌리티, 항공, 바이오, 헬스케어 등 CES 입점 기준 충족
○ (영문 소개자료 보유) 영문 홈페이지, 브로슈어, IR Deck, 홍보영상 등 보유
○ (글로벌사업 인력 보유) 글로벌사업을 담당할 수 있는 인력 보유
○ (Eureka Park 참가기준 충족) ※ 미국 소비자기술협회(CTA)에서 심사",,"예비창업자,1년미만,2년미만,3년미만,5년미만",판로ㆍ해외진출,20260529,20260609,,,온라인 접수: https://www.gsva.or.kr/main/post/view.do?post_sn=7,https://www.k-startup.go.kr/web/contents/bizpbanc-deadline.do?schM=view&pbancSn=177893,main,primary,ces2027관악s밸리관참가기업추가모집,공공기관,20260529~20260609,판로ㆍ해외진출,판로ㆍ해외진출
kst,177892,2026 벤처확인 인증준비기업 맞춤형 무료 진단 지원사업,"벤처기업확인인증은 기업의 자금조달, 정부지원사업 참여 시 가점 확보, 세제 혜택 등 다양한 제도적 지원을 받을 수 있는 핵심 인증입니다.
벤처기업확인 맞춤형 진단평가를 통해 기업 경쟁력을 강화하고자 참여를 희망하시는 분은 아래 구글폼으로 신청해주시기 바랍니다.
사전진단 및 컨설팅은 무료로 진행되며，선발된 기업에게 개별 안내됩니다．",창업,민간,전국,"일반기업,1인 창조기업","기업,예비창업자,초기창업기업","만 20세 미만,만 20세 이상 ~ 만 39세 이하,만 40세 이상",,,"- 올해 2026년에 벤처기업확인 인증을 준비하는 스타트업
- 벤처확인 신청을 준비하면서, 실질적인 서류 작성 방법과 현장 실사 대응 전략이 필요한 기업
- 정책자금 우대 및 정부 지원사업 참여 시 가점을 받기 위해 벤처 인증을 필요로 하는 기업
- 소득세·법인세 등의 세제 혜택을 고려하여 벤처기업 인증을 추진 중인 기업

- 벤처기업에 포함되지 않는 업종 ( 일반 유흥 주점업, 무도 유흥 주점업, 기타 주점업, 블록체인 기반 암호화 자산 매매 및 중개업, 기타 사행시설 관리 운영업, 무도장 운영업)
- 신청일 기준 회사 설립이 완료되지 않은 기업 (예비창업자)
- 국제 또는 지방세 체납으로 규제 중인 자
- 공고 마감일 기준 휴업 중인 기업, 금융기관 등으로부터 채무불이행으로 규제 중인 자 또는 기업",,"1년미만,2년미만,3년미만,5년미만,7년미만,10년미만",사업화,20260601,20260630,,,온라인 접수: https://m.site.naver.com/29ex4,https://www.k-startup.go.kr/web/contents/bizpbanc-ongoing.do?schM=view&pbancSn=177892,main,primary,2026벤처확인인증준비기업맞춤형무료진단지원사업,민간,20260601~20260630,사업화,사업화
kst,177891,2026 광주 디지털관광인재 양성교육,"광주 관광기업의 디지털 전환 지원을 위하여 AI활용 실습 교육과 AX/DX콘텐츠 제작 지원 과정을 다음과 같이 공고하오니
참여를 희망하는 관광 및 창업기업들은 안내에 따라 신청하기 바랍니다.",교육/멘토링,공공기관,광주광역시,"일반인,일반기업,1인 창조기업","기업,누구나,초기창업기업","만 20세 미만,만 20세 이상 ~ 만 39세 이하,만 40세 이상",,,광주광역시 소재 관광기업 또는 관광업 종사자 30명,,"예비창업자,1년미만,2년미만,3년미만,5년미만,7년미만,10년미만",멘토링ㆍ컨설팅ㆍ교육,20260529,20260610,,,온라인 접수: https://forms.gle/K8c919Ce3PSz59Ux6,https://www.k-startup.go.kr/web/contents/bizpbanc-ongoing.do?schM=view&pbancSn=177891,main,primary,2026광주디지털관광인재양성교육,공공기관,20260529~20260610,멘토링ㆍ컨설팅ㆍ교육,멘토링ㆍ컨설팅ㆍ교육
kst,177890,[국비전액무료] 생성형 AI를 활용한 콘텐츠 크리에티브 디자이너 모집,"여성가족부와 서울특별시의 지원으로 운영되는 종로여성인력개발센터(여성새로일하기센터)에서는 생성형 AI를 활용한 콘텐츠 기획, 이미지 제작, 브랜드 비주얼 디자인 역량을 갖출 예비 AI 크리에이터를 다음과 같이 모집합니다. AI 도구를 활용한 콘텐츠 크리에이티브 디자이너로 새로운 커리어를 시작하고자 하는 분들의 많은 참여 바랍니다.",창업,민간,전국,일반인,누구나,"만 20세 미만,만 20세 이상 ~ 만 39세 이하",,,"- 시각 디자인 분야로 취업 및 창업 의사가 분명하고, 교육 중 진행하는 현장 실습 및 프로젝트에 적극 참여하고자 하는 미취업 구직 여성
- 관련분야 경력자 또는 전공자 우대
- 청년여성 가점(만34세이하), 취약계층 가점
- 취업의사 없거나, 취미 수강은 불가
1) 자영업자 : 연 매출 1억5천만원 미만 신청가능
(부가가치세 과세표준증명원 제줄 必)
2) 대학/대학원생 : 26년 8월 졸업 예정자, 사이버대학/방송통신대 신청가능
3) 재직여성: 6개월이상 현재 직장 고용유지 조건 가능( 연소득 4,800만원이 상, 공무원 사립학교 교직원 제외)
- 사전 교육 참여자(4/22-4/24) 우선 선발

- 2026년에 성평등가족부 지원 직업교육을 수강하신 분
(*성평등가족부지원 직업교육훈련을 1년에 1회만 가능
*성평등가족부 직업훈련 포함 국비직업훈련은 2년까지만 반복 허용)",,예비창업자,창업교육,20260529,20260713,,,이메일 접수: 공고문 확인 필요,https://www.k-startup.go.kr/web/contents/bizpbanc-ongoing.do?schM=view&pbancSn=177890,main,primary,국비전액무료생성형ai를활용한콘텐츠크리에티브디자이너모집,민간,20260529~20260713,창업교육,창업교육
kst,177889,투자 밸류업 특강,"초기창업기업 및 예비창업자를 대상으로 투자유치 역량 강화를 위한 「대표라면 꼭 알아야 할 투자와 협상 전략 특강」을 운영합니다.
본 프로그램은 현직 투자자, 투자유치 성공기업 대표, 협상전문가의 실전 중심 특강으로 구성되며, 투자자의 관점 이해와 IR 전략, 스타트업 협상 및 의사결정 전략 등을 제공하여 창업기업의 투자 대응 역량 강화를 지원하고자 합니다.",교육/멘토링,교육기관,충청남도,"청소년,대학생,일반인,대학,연구기관,일반기업,1인 창조기업","기업,누구나,예비창업자,청년,초기창업기업","만 20세 미만,만 20세 이상 ~ 만 39세 이하,만 40세 이상",,,"충청남도 소재 창업 초기기업(창업 3년 이내)
예비창업자
투자유치에 관심 있는 기업(자)",,"예비창업자,1년미만,2년미만,3년미만",멘토링ㆍ컨설팅ㆍ교육,20260529,20260609,,,온라인 접수: https://forms.gle/k4GhuEseqpiEXfax9,https://www.k-startup.go.kr/web/contents/bizpbanc-deadline.do?schM=view&pbancSn=177889,main,primary,투자밸류업특강,교육기관,20260529~20260609,멘토링ㆍ컨설팅ㆍ교육,멘토링ㆍ컨설팅ㆍ교육
kst,177888,2026년도 글로벌 론치패드(PoC) 지원사업 창업기업 모집 공고,글로벌 준비·진출을 희망하는 창업기업 대상으로 해외고객실증(PoC)을 통해 해외진출과 판로개척을 지원하는 ‘2026년도 글로벌 론치패드(PoC) 지원사업’에 참여할 창업기업 모집을 다음과 같이 공고합니다.,판로/수출,교육기관,전국,일반기업,"기업,초기창업기업","만 20세 미만,만 20세 이상 ~ 만 39세 이하,만 40세 이상",,,"4대 과기원 권역*내에 있는 기업만 지원 가능
    * 본사 소재지 기준(KAIST 중부권 / GIST 호남권 / DGIST 대경권 / UNIST 동남권)  
    ** 다만, 대표자가 각 과기원 소속일 경우 소재지 관계없이 소속 기관으로 신청가능

공고문 참조",,7년미만,글로벌,20260601,20260619,,,온라인 접수: https://launchpad2026.io/,https://www.k-startup.go.kr/web/contents/bizpbanc-ongoing.do?schM=view&pbancSn=177888,main,primary,2026년도글로벌론치패드poc지원사업창업기업모집공고,교육기관,20260601~20260619,글로벌,글로벌
kst,177886,2026 해양수산분야 오픈이노베이션 개최 안내,"해양수산과학기술진흥원 x 서울창조경제혁신센터
서울창조경제혁신센터에서 6월 1일(월) 부터 6월 28일(일) 까지
롯데중앙연구소, 아모레퍼시픽, 인천항만공사, 한화오션, 현대건설, CJ제일제당, HD현대삼호와 협력을 통해 해양수산분야의 혁신을 만들어갈 스타트업을 모집합니다.
우수 스타트업 대표자 및 담당자분들의 많은 관심 부탁드립니다.",행사/네트워크,공공기관,전국,"청소년,대학생,일반인,대학,연구기관,일반기업,1인 창조기업","기업,누구나,청년,초기창업기업","만 20세 미만,만 20세 이상 ~ 만 39세 이하,만 40세 이상",,,"- 롯데중앙연구소: 품질 분석 / 육상 김 양식 / 해조류 및 수생 원료 유래 차세대 식품원료 제조기술
- 아모레퍼시픽: Marine Bio-polumer / 합성생물학 / Longevity
- 인천항만공사: 항만시설 / 안전 / AI / 항만 물류 디지털 전환
- 한화오션: DX·AX / 스마트야드, 스마트생산기술
- 현대건설: 스마트건설기술 / AI·AX / 안전 / 로봇
- CJ제일제당: 혁신소재 / 제조·생산 혁신 / Emerging 브랜드 / 유통·마케팅 / AI·로봇 기술 / 기타
- HD현대삼호: AI / 로봇 / 안전 / 친환경 / 농식품",,"예비창업자,1년미만,2년미만,3년미만,5년미만,7년미만,10년미만",행사ㆍ네트워크,20260601,20260628,,,온라인 접수: https://scceioi.kr/2026/kimst/,https://www.k-startup.go.kr/web/contents/bizpbanc-ongoing.do?schM=view&pbancSn=177886,main,primary,2026해양수산분야오픈이노베이션개최안내,공공기관,20260601~20260628,행사ㆍ네트워크,행사ㆍ네트워크
kst,177885,2026-6회 호남권 엔젤투자 피칭룸 in 광주·전남 참가기업 모집 안내,⌜호남권 엔젤투자 피칭룸⌟ 은 한국엔젤투자협회에서 호남권 소재(광주·전남·전북·제주)의 스타트업의 투자유치 연계를 지원하는 투자 상담 프로그램입니다. 투자유치에 관심 있으신 호남권 소재 스타트업 대표님과 예비창업자분들의 많은 관심과 참여 부탁드립니다.,교육/멘토링,민간,광주광역시,"청소년,대학생,일반인,대학,연구기관,일반기업,1인 창조기업","기업,누구나,예비창업자,청년,초기창업기업","만 20세 미만,만 20세 이상 ~ 만 39세 이하,만 40세 이상",,,"광주/전남 소재 스타트업 및 예비창업자
* 전북, 제주 별도 운영 예정",,"예비창업자,1년미만,2년미만,3년미만,5년미만,7년미만",멘토링ㆍ컨설팅ㆍ교육,20260529,20260614,,,온라인 접수: http://bit.ly/3XSJDch,https://www.k-startup.go.kr/web/contents/bizpbanc-ongoing.do?schM=view&pbancSn=177885,main,primary,20266회호남권엔젤투자피칭룸in광주전남참가기업모집안내,민간,20260529~20260614,멘토링ㆍ컨설팅ㆍ교육,멘토링ㆍ컨설팅ㆍ교육
kst,177884,서울용산시제품제작소 운영,제조 창업 저변 확대를 위한 예비 창업자 및 스타트업의 아이디어 구체화 지원 장비 운용 역량 강화를 진행합니다.,시설/공간,민간,서울특별시,"청소년,대학생,일반인,대학,연구기관,일반기업,1인 창조기업","기업,누구나,예비창업자,청년,초기창업기업","만 20세 미만,만 20세 이상 ~ 만 39세 이하,만 40세 이상",,,메이커장비를 활용하여 시제품 제작을 원하는 스타트업/예비창업자/기업,,"예비창업자,1년미만,2년미만,3년미만,5년미만,7년미만,10년미만",시설ㆍ공간ㆍ보육,20260529,20260625,,,온라인 접수: https://makeinyongsan.kr/program/list#sub-tab,https://www.k-startup.go.kr/web/contents/bizpbanc-ongoing.do?schM=view&pbancSn=177884,main,primary,서울용산시제품제작소운영,민간,20260529~20260625,시설ㆍ공간ㆍ보육,시설ㆍ공간ㆍ보육
kst,177883,2026 경기도 ICT Product 시험인증 지원 2차공모,차세대융합기술연구원의 연구기획실 메이커스페이스전문랩에서 시험인증 계획을 다음과 같이 공고하오니 참여를 희망하는 기업 혹은 예비창업자(팀)는 안내에 따라 신청하기 바랍니다.,창업,공공기관,경기도,"대학생,일반인,일반기업,1인 창조기업","기업,누구나,청년,초기창업기업","만 20세 이상 ~ 만 39세 이하,만 40세 이상",,,"ICT 제조분야 경기도 사업장 소재지 창업기업(7년 이내)
      ※ 단, 신산업분야 (시스템반도체, 바이오헬스, 미래 모빌리티, 친환경 에너지, 로봇, AI빅데이터 등) 창업 10년 이내 중소기업
      ※ 기 창업자 경우 접수일 이전 사업자등록증 제출",,"예비창업자,1년미만,2년미만,3년미만,5년미만,7년미만",사업화,20260610,20260624,,,온라인 접수: https://www.aictms.or.kr/core/?cid=65&role=programevview&pSeq=4339&tab=,https://www.k-startup.go.kr/web/contents/bizpbanc-ongoing.do?schM=view&pbancSn=177883,main,primary,2026경기도ictproduct시험인증지원2차공모,공공기관,20260610~20260624,사업화,사업화
kst,177882,2026 대덕특구 딥테크 혁신성장 플랫폼(전략기술 발굴 및 매칭),새로운 성장동력인 국가전략기술 분야의 시장 선점을 위해 공공기술을 활용하여 신속한 사업화를 추진하는 기업을 지원합니다.,창업,공공기관,전국,"청소년,대학생,일반인,대학,연구기관,일반기업,1인 창조기업","기업,누구나,청년,초기창업기업","만 20세 미만,만 20세 이상 ~ 만 39세 이하,만 40세 이상",,,"1. 대중견기업 오픈이노베이션 프로그램 운영자
2. 중견기업 및 중소기업 신사업 스핀오프 사업부
3. 스타트업 및 중소기업
4. 투자기관/지원기관",,"예비창업자,1년미만,2년미만,3년미만,5년미만,7년미만,10년미만",사업화,20260601,20260731,,,온라인 접수: https://docs.google.com/forms/d/e/1FAIpQLSfVEzugVpfKUMlCAN0ZqPArVro-WH4Rnp6BAMwo_K0vaT0U5Q/viewform,https://www.k-startup.go.kr/web/contents/bizpbanc-ongoing.do?schM=view&pbancSn=177882,main,primary,2026대덕특구딥테크혁신성장플랫폼전략기술발굴및매칭,공공기관,20260601~20260731,사업화,사업화
kst,177881,대중견기업- 스타트업 오픈이노베이션,"서울경제진흥원은 스타트업의 성장을 지원하기 위하여 라이프스타일 분야 대·중견기업의 기술협력 및 투자검토 수요를 검토하여 오픈이노베이션 사업을 운영하고 있습니다.
우수한 기술을 바탕으로 협업, 기술실증(PoC) 또는 투자유치를 희망하는 스타트업의 많은 참여 바랍니다.",창업,공공기관,전국,일반기업,"기업,스타트업","만 20세 미만,만 20세 이상 ~ 만 39세 이하,만 40세 이상",,,모집 분야에 해당하는 설립 10년 미만의 법인사업자,,"1년미만,2년미만,3년미만,5년미만,7년미만,10년미만",사업화,20260601,20260629,,,온라인 접수: https://www.startup-plus.kr/project/PRJ007071,https://www.k-startup.go.kr/web/contents/bizpbanc-ongoing.do?schM=view&pbancSn=177881,main,primary,대중견기업스타트업오픈이노베이션,공공기관,20260601~20260629,사업화,사업화
kst,177880,2026년 ICT 스마트 디바이스 전국 공모전,"과학기술정보통신부가 주최하는 「2026년 ICT 스마트 디바이스 전국 공모전」이 여러분의 참신한 아이디어를 기다립니다. 이번 공모전은 기기 안의 AI가 스스로 판단하고 차세대 통신과 결합해 작동하는 '지능 온디바이스' 분야의 혁신 아이디어를 발굴합니다. 아직 상용화되지 않은 아이디어와 기술을 가진 일반인, 예비창업자, 중소·초기창업 기업이라면 누구나 도전할 수 있으니, 많은 관심과 참여 부탁드립니다.",창업,공공기관,전국,"청소년,대학생,일반인,대학,연구기관,일반기업,1인 창조기업","기업,누구나,예비창업자,청년,초기창업기업","만 20세 미만,만 20세 이상 ~ 만 39세 이하,만 40세 이상",,,"현재 상용화되지 않은 지능 온디바이스(온디바이스 AI, 5G-A/6G 등) 관련 아이디어와 기술을 보유한 일반인 및 예비창업자(팀) 및 중소ㆍ초기창업 기업

- 동일한 아이디어로 정부 및 지자체, 공공기관 등의 공모전에 선정되어 수상 및 지원을 받은 경우 
   - 타인의 지식재산권을 일부라도 침해한 것으로 인정되는 경우
   - 해당 아이디어를 상용화(서비스 런칭, 제품 출시 등) 하여 서비스 중인 경우 
     ※ 알파 및 베타테스트는 상용화로 구분하지 않음
     ※ 기능 및 서비스를 불특정 다수를 상대로 유료로 제공 및 유통 중이거나, ‘정식 출시’ 등의 언론보도 이력이 있는 동일 또는 유사한 아이디어는 상용화 중인 것으로 판단하여 참가제외 대상으로 분류함.
   - 과학기술정보통신부, 정보통신기획평가원, 정보통신산업진흥원 등 정부지원사업 참여제한 등 제재를 받고 있는 경우
     ※ 계약위반, 정산환수금 또는 기술료 미납 등
   - 기타 과학기술정보통신부장관이 참여제한의 사유가 있다고 인정하는 자(기업)
     ※ 현재 수행기관, 대표자, 총괄책임자 등이 참여제재를 받고있는 기업",,"예비창업자,1년미만,2년미만,3년미만,5년미만,7년미만,10년미만",사업화,20260526,20260630,,,온라인 접수: https://www.ondeviceai.or.kr/,https://www.k-startup.go.kr/web/contents/bizpbanc-ongoing.do?schM=view&pbancSn=177880,main,primary,2026년ict스마트디바이스전국공모전,공공기관,20260526~20260630,사업화,사업화
kst,177878,2026년 민간 과학문화 활동 지원사업 모집 공고,"대전과학문화거점센터에서는 대전 지역 기관·단체가 주도하는 과학문화 활동을 적극 발굴 ·지원함으로써, 시민이 체감할 수 있는 과학문화 환경을 함께 만들어가기 위한「2026년 민간 과학문화 활동 지원사업」을 아래와 같이 공모하오니 여러분들의 많은 관심과 참여를 바랍니다.",창업,공공기관,대전광역시,일반기업,기업,"만 20세 미만,만 20세 이상 ~ 만 39세 이하,만 40세 이상",,,"- 대전 내 사업장을 둔 기관·단체
      ① 비영리법인(정부 부처로부터 허가받아 설립된 재단법인, 사단법인) 
      ② 영리법인(기업) 
         ※ 단, 영리를 목적으로 하는 사업은 지원에서 제외
      ③ 협동조합, 협회, 협의회
      ④ 민간 NGO 단체(시민단체, 과학센터 등)
      ⑤ 국공립사립 과학관, 박물관 
      ⑥ 산학협력단
      ⑦ 출연기관 및 학술단체 
      ⑧ 기타 기업 및 단체(스타트업 등)

1) 공고의 지원분야, 자격요건을 충족하지 못하는 경우
2) 대전과학문화거점센터가 지원하는 타 사업(우리동네 과학클럽 등)과 중복 또는 유사한 사업
3) 최근 3년 이내 동일 사업을 수행하였으나 중도에 사업을 포기한 기관·단체",,"예비창업자,1년미만,2년미만,3년미만,5년미만,7년미만,10년미만",사업화,20260518,20260614,,,이메일 접수: 공고문 확인 필요,https://www.k-startup.go.kr/web/contents/bizpbanc-ongoing.do?schM=view&pbancSn=177878,main,primary,2026년민간과학문화활동지원사업모집공고,공공기관,20260518~20260614,사업화,사업화
kst,177877,서울바이오허브 '2026 서울-BMS 이노베이션 스퀘어 챌린지' 참여기업 모집공고,서울특별시가 조성하고 한국과학기술연구원ㆍ고려대학교가 운영하는 ‘서울바이오허브’에서 국내 유망 바이오·헬스케어 분야 스타트업의 글로벌 경쟁력 강화를 위해 「2025 서울-BMS 이노베이션 스퀘어 챌린지」를 운영합니다. 다음과 같이 프로그램의 참여기업을 모집하오니 관심 있는 기업의 많은 신청 바랍니다.,창업,공공기관,서울특별시,"청소년,대학생,일반인,대학,연구기관,일반기업,1인 창조기업","기업,누구나,예비창업자,청년,초기창업기업","만 20세 미만,만 20세 이상 ~ 만 39세 이하,만 40세 이상",,,"바이오·헬스케어 분야 혁신기술을 보유한, 업력 10년 미만 창업기업 및 예비창업자

◦ 국세 또는 지방세 체납 중이거나 부도, 휴·폐업중인 기업
◦ 금융기관 등의 채무불이행 및 부실위험 있는 기업
◦ 기타 주관기관이 참여제한의 사유가 있다고 인정하는 기업",,"예비창업자,1년미만,2년미만,3년미만,5년미만,7년미만,10년미만",사업화,20260601,20260731,,,온라인 접수: https://www.seoulbiohub.kr/front/supportManageReq/supportManageView.do?miv_pageNo=&miv_pageSize=12&total_cnt=&LISTOP=&mode=V&seq=750&searchkey=NAME&search_gb=&gubun=14&&&&link_g_topmenu_id=312&link_g_submenu_id=&link_g_homepage=F,https://www.k-startup.go.kr/web/contents/bizpbanc-ongoing.do?schM=view&pbancSn=177877,main,primary,서울바이오허브2026서울bms이노베이션스퀘어챌린지참여기업모집공고,공공기관,20260601~20260731,사업화,사업화
kst,177876,스타트업 아우토반 코리아 2026 『STARTUP AUTOBAHN KOREA 2026』 참가기업 모집,"미래 혁신 기술을 보유한 스타트업의 발굴 및 협업 기회 제공을 위한 스타트업 아우토반 코리아 2026 『STARTUP AUTOBAHN KOREA 2026』 참가 기업 모집을 다음과 같이 공고하오니, 관심있는 스타트업의 많은 참여 바랍니다.",창업,민간,전국,"대학생,일반인,대학,연구기관,일반기업,1인 창조기업","기업,누구나,스타트업,청년,초기창업기업","만 20세 미만,만 20세 이상 ~ 만 39세 이하,만 40세 이상",,,"모집분야별 혁신 기술 및 비즈니스 모델을 보유한 법인 사업자
(모집분야: Mobility, Customer Experience, Content, DX, AI, Fintech, B2B SaaS, Commerce)",,"1년미만,2년미만,3년미만,5년미만,7년미만,10년미만",사업화,20260528,20260621,,,온라인 접수: https://startup-autobahn.co.kr/,https://www.k-startup.go.kr/web/contents/bizpbanc-ongoing.do?schM=view&pbancSn=177876,main,primary,스타트업아우토반코리아2026startupautobahnkorea2026참가기업모집,민간,20260528~20260621,사업화,사업화
kst,177875,클리마 살롱 : 오피스아워(Officehour),"클리마 살롱 : 오피스아워(Officehour)는 기후·에너지 분야 스타트업을 대상으로
분야별 파트너와 함께 기술 검토, PoC 기획, R&D 과제 연계, 투자 검토, 사업전략 등을 논의하는 맞춤형 실행 멘토링 프로그램입니다.
본 프로그램은 블루포인트, 한국에너지기술연구원, HD현대일렉트릭, 한국에너지기술평가원, NH투자증권 등 각 기관의 전문성과 실행 자산을 바탕으로
스타트업의 기술과 사업이 협업·투자·정책 사업·기술이전 등 후속 액션으로 이어질 수 있도록 지원하고자 합니다.
이에 「클리마 살롱 : 오피스아워(Officehour)」를 다음과 같이 공고하오니, 참여를 희망하는 기후·에너지 분야 스타트업은 안내에 따라 신청해 주시기 바랍니다.",교육/멘토링,민간,전국,"청소년,대학생,일반인,대학,연구기관,일반기업,1인 창조기업","기업,누구나,청년,초기창업기업","만 20세 미만,만 20세 이상 ~ 만 39세 이하,만 40세 이상",,,기후·에너지 분야 예비·초기 창업팀 (업력 7년 이내),,7년미만,멘토링ㆍ컨설팅ㆍ교육,20260602,20260612,,,온라인 접수: https://forms.gle/U6JRTYB5F571EFHe9,https://www.k-startup.go.kr/web/contents/bizpbanc-ongoing.do?schM=view&pbancSn=177875,main,primary,클리마살롱오피스아워officehour,민간,20260602~20260612,멘토링ㆍ컨설팅ㆍ교육,멘토링ㆍ컨설팅ㆍ교육
kst,177874,2026-2차 Station C 성장자립지원 로컬라이제이션 모집공고,"수도권 및 타지역의 유망 창업기업이 춘천으로 이전하고, 지역 내에서 안정적으로 정착·성장할 수 있도록 지원하는 글로컬대학30사업 “2026 로컬라이제이션 사업”에 참여할 창업기업을 다음과 같이 모집하오니 많은 관심과 참여 바랍니다.",창업,교육기관,전국,"청소년,대학생,일반인,대학,연구기관,일반기업,1인 창조기업","기업,누구나,청년,초기창업기업","만 20세 미만,만 20세 이상 ~ 만 39세 이하,만 40세 이상",,,"① 협약일 이전 사업자등록증 또는 기업부설연구소 인정서상 소재지가 강원도가 아닌 기업
② 본사 또는 기업부설연구소, 자회사, 지사를 협약 후 6개월 이내에 이전 가능한 기업
③ 「중소기업기본법」제2조제1항에 따른 중소기업으로 10년이내 기업

❍ 지원 제외 대상 업종
① 일반유흥주점업
② 무도유흥주점업
③ 카지노 운영업
④ 기타 사행시설 관리 및 운영업
⑤ 그 밖에 경제질서 및 미풍양속에 현저히 어긋나는 업종으로서 중소벤처기업부령으로 정하는 업종

❍ 신청 제외 대상
- 신청 자격 조건을 충족하지 못하거나 필수 제출서류를 허위 기재·누락 한 경우
- 부도, 휴·폐업기업, 금융기관 등의 채무불이행이 확인된 기업(사채업 포함)
- 세금을 체납 중인 기업, 기타 허위 또는 부정한 방법으로 지원을 신청한 기업
- 파산·회생절차·개인회생 절차의 개시 신청이 이루어진 경우
- 신청기관의 대표자, 과제책임자, 공동책임자가 공고일 기준으로 고용노동부가 공개하는 체불사업주 명단에 포함된 경우
- 공고일 기준 신청기관 또는 대표자가 중소벤처기업부 또는 강원특별자치도 지원사업 참여제한 제재 중이거나 중소벤처기업부 장관 또는 강원특별자치도지사가 참여를 제한할 정당한 사유가 있다고 인정하는 경우",,"예비창업자,1년미만,2년미만,3년미만,5년미만,7년미만,10년미만",사업화,20260528,20260713,,,온라인 접수: https://forms.gle/YsRSjSxaFWK2f23a6,https://www.k-startup.go.kr/web/contents/bizpbanc-ongoing.do?schM=view&pbancSn=177874,main,primary,20262차stationc성장자립지원로컬라이제이션모집공고,교육기관,20260528~20260713,사업화,사업화
kst,177873,창업보육센터 지원,상지대학교 창업보육센터에서 참신한 창업아이디어나 기술력을 가지고 있으면서도 창업 관련 지식과 여건 부족으로 어려움을 겪고 있는 예비창업자 및 입주기업을 모집하오니 많은 관심과 신청을 바랍니다.,시설/공간,교육기관,강원특별자치도,"대학생,일반인,일반기업,1인 창조기업","기업,누구나,예비창업자,청년,초기창업기업","만 20세 이상 ~ 만 39세 이하,만 40세 이상",,,"-예비창업자
-사업 개시한 날로부터 5년이 경과하지 아니한 기업
(※ 입주 후 본사 사업장 주소를 창업보육센터 주소로 이전해야 함. 
  다만, 기업부설연구소, 연구개발전담부서(지사)가 입주하는 경우 본사는 정부 또는 지자체가 지원하는 공간에 입주하지 않아야 함.)",,"예비창업자,5년미만",시설ㆍ공간ㆍ보육,20260528,20260610,,,이메일 접수: 공고문 확인 필요,https://www.k-startup.go.kr/web/contents/bizpbanc-ongoing.do?schM=view&pbancSn=177873,main,primary,창업보육센터지원,교육기관,20260528~20260610,시설ㆍ공간ㆍ보육,시설ㆍ공간ㆍ보육
kst,177872,2026 서울-보스턴 스타트업 허브 액셀러레이션 프로그램 참여기업 모집공고,"한국과학기술연구원과 고려대학교한국과학기술연구원과 고려대학교가 운영하는 서울바이오허브에서 2026 서울-보스턴 스타트업 허브 액셀러레이션 프로그램에 참여할 기업을 다음과 같이 모집하오니, 관심있는 기업들의 많은 신청 바랍니다.",창업,공공기관,서울특별시,일반기업,"기업,스타트업","만 20세 이상 ~ 만 39세 이하,만 40세 이상",,,"❶현지 프로그램 일정에 모두 참가할 수 있는 ❷서울 소재의 ❸Therapeutics 또는 Drug delivery system 분야 ❹10년* 미만 바이오·의료 창업기업
❶ 지원사항 세부내용 참조
❷ 본사, 지사, 기업부설연구소 등 형태는 무관하나 법인명 서울 소재지 주소를 확인할 수 있는 증빙 자료 제출 필요
❸ 제약 및 바이오 기술만 해당, 의료기기 및 디지털헬스케어 기술은 제외 
❹ 10년 기준 : 공고일기준 법인설립등기일(법인등기부등본 기준) 2016.5.28. 이후

◦ 지원 대상 외 기업 (창업 10년 이상이거나 모집 분야이거나 상장한 기업일 경우 등)
◦ 자격 요건 미달 기업(사업장이 서울 이외 소재 기업 등)
◦ 부도, 화의, 법정관리 중인 기업 및 기관
◦ 국세 및 지방세 체납중인 기업 및 기관
◦ 금융 불량거래처로 규제중인 기업, 기관 및 대표자
◦ 기존 정부 및 서울시 사업 부실판정, 참여제한 등으로 제재중인 기업이나 기관
◦ 수행 실적 확인이 불분명하거나 허위 서류를 제출한 기업 및 기관
◦ 접수시간 내 제출서류 미제출, 제출양식 미준수인 경우
◦ 허위 또는 그 밖의 부정한 방법으로 신청 서류를 제출한 경우
◦ 기존에 서울바이오허브에서 지원하는 사업 참여시 불성실하게 수행(참여)하였거나, 부정한 행위를 한 이력이 있는 경우
◦ 기타 본 사업 목적 및 지원분야 등으로 적정하지 않다고 판단되는 경우",,10년미만,사업화,20260528,20260607,,,온라인 접수: https://www.seoulbiohub.kr/front/supportManageReq/supportManageView.do?seq=773&gubun=14,https://www.k-startup.go.kr/web/contents/bizpbanc-deadline.do?schM=view&pbancSn=177872,main,primary,2026서울보스턴스타트업허브액셀러레이션프로그램참여기업모집공고,공공기관,20260528~20260607,사업화,사업화
kst,177871,지역창업특화지원,문경시농업기술센터가 주관하고 문경대학교산학협력단이 참여하여 운영하는 『문경시 1인 창조기업 지원센터』에서는 아래와 같이 신규 입주기업을 모집하오니 창의적인 아이디어를 보유한 (예비)창업자 분들의 많은 신청 바랍니다.,시설/공간,교육기관,경상북도,"대학생,일반인,1인 창조기업","누구나,예비창업자,청년,초기창업기업","만 20세 이상 ~ 만 39세 이하,만 40세 이상",,,"입주 후 주 사업장 소재지를 ‘문경시 1인 창조기업 지원센터’로 등록(또는 이전)할 수 있는 자로서, 다음의 기준 중 하나 이상을 충족하는 자 
 ◦ 「1인 창조기업 육성에 관한 법률」에 의한 1인 창조기업
 ◦ 입주 후 6개월 이내에 지원대상 업종으로 창업이 가능한 예비창업자

<주 사업장 소재지에 관한 예외 규정>
1. 원칙적으로 지사는 입주가 불가능하나, 센터 내 시설을 활용하거나 공동연구를 위해 기업부설연구소 또는 연구개발전담부서(지사)가 입주하는 경우는 본사가 입주한 것으로 간주함
2. 기존 입주기업에 한하여, 공장설립 및 신규고용에 따른 공간확보 등의 사유로 본사 이전이 불가피한 경우, 전담기관(한국창업보육협회)과 협의 후 주소 변경 가능

◦ 국세 또는 지방세 체납으로 규제 중인 자
◦ 금융기관 등으로부터 채무불이행으로 규제 중인 자
◦ 타 직장에 재직 중인 자(타 직장 4대보험 가입자) * 단, 센터 사전승인이 있는 경우에는 입주 가능",,"예비창업자,1년미만,2년미만,3년미만,5년미만,7년미만,10년미만",시설ㆍ공간ㆍ보육,20260601,20260615,,,이메일 접수: 공고문 확인 필요,https://www.k-startup.go.kr/web/contents/bizpbanc-ongoing.do?schM=view&pbancSn=177871,main,primary,지역창업특화지원,교육기관,20260601~20260615,시설ㆍ공간ㆍ보육,시설ㆍ공간ㆍ보육
kst,177870,로컬 기반 패션 브랜드 창업지원,"(재)대전디자인진흥원에서는 지역 기반 패션 브랜드의 발굴과 성장을 지원하고 창의적인 패션 상품 개발을 촉진하기 위해 「로컬 기반 패션 브랜드 창업지원」
참가자를 모집하오니 많은 관심과 참여 바랍니다.",창업,지자체,대전광역시,"대학생,일반인,대학","누구나,예비창업자,청년",만 20세 이상 ~ 만 39세 이하,20,39,"○ 지역 내에서 패션브랜드를 창업했거나 할 계획이 있는 *청년 및 지역 내 대학 졸업생(재학생 등)
      *청년 : 공고일 기준 만 39세 이하
---------------------------------------------------------------------------------------------------------------------------------
○ 예비창업자 및 기창업자
- 예비창업자 : 공고일 기준 주민등록상 주소지가 대전이거나 대전 지역 대학 졸업생(재학생 등)
* 신청자 명의의 사업자 등록 및 법인 설립 등기를 하지 않은 자
1) 예비창업자는 선정 후 협약일 전까지 사업자를 등록 必 (기업 소재지 : 대전)
2) 등록 업태 및 종목: 패션 관련(아래내용 참고) * 실제 패션 브랜드 기획, 패션 상품 제작·유통 등 진행(단순 도소매, 유통대행, 플랫폼 셀러 등은 불인정)
3) 협약일 전까지 사업자등록이 안되었을 경우 선정을 자동으로 취소하며차순위자를 대체 선정하여 지원(사유 불인정)
※ 다수의 사업자등록증(개인‧법인)을 보유한 경우, 중소기업창업 지원법 시행령 제2조(창업의 범위)에 따른 신청자격(창업) 적합여부 확인 
      필수 
※ 동 사업에 신청하는 사업자 기준으로 이전에 개시한 사업자(개인, 법인)와의 창업 여부 확인 필수

- 기창업자 : 신청일 기준 사업자등록상 소재지가 대전인 기업
1) 공고일 기준 사업자등록일로부터 만 3년이 경과하지 않은기업(개인, 법인)
2) 패션, 의류, 액세서리 등을 다루는 패션 관련 브랜드 운영 기업
3) 브랜드 기획 및 디자인 기반의 패션 브랜드 보유 기업(단순 도소매, 유통대행, 플랫폼 셀러 등 불인정)
4) 신청일 기준 실제 사업을 운영 중이며 매출 발생 이력이 확인 가능한 기업 (매출액 제한 없으나, 객관적 증빙이 가능한 매출 실적만 인정)

○ 세부 지원 분야
- 패션의류: 의류 관련 제품 (정장, 일상복, 잠옷, 운동복, 수영복, 골프웨어 등)
- 패션 잡화: 패션잡화 관련 제품(신발, 모자, 가방, 양말, 벨트, 장갑, 목도리 등)
- 패션 악세사리: 패션 악세사리 관련 제품(머리핀, 밴드, 반지, 목걸이, 팔찌, 안경 등)

○ 아래 지원 제외대상에 해당하는 경우, 선정된 이후라도 해당 사실이 발견될 시 선정이 취소될 수 있음
1) 부도,파산,회생절차,개인회생절차 개시 신청이 이루어진 경우
2) 국세 및 지방세를 체납 중인 경우
3)「신용정보의 이용 및 보호에 관한 법률」제4조에 따라 허가 받은 신용정보회사에서 기업채무 불이행 등 비정상 또는 불량 거래처로 확인된     
     경우
4) 휴.폐업 중인 경우
5) 국가연구개발사업의 참여 제한 등 제재 조치 중인 경우
6) 신청기업 중 동일 사업계획으로 정부·지자체·공공기관의 지원을 받은 경우
7) 최근 2개년도 결산(확정 재무제표에 한함)기준 자본전액잠식
8) 공고일로부터 3년 이내에 동일 과제로 정부‧지자체‧공공기관의 지원을 받은 경우
    (중소벤처기업부의중소기업통합관리시스템(www.sims.go.kr)에 의한 최근 3년(당해 연도 포함)간 정부지원이력 조회 등 포함)
9)「보조금법」에 제31조의 2에 따라 수행배제 중인 경우
10) 제출된 서류가 허위,위변조,그 밖의 방법으로 부정하게 작성된 경우 
11)기타 지원사업의 지원대상 기준 등에 결격사유가 있는 경우",,"예비창업자,1년미만,2년미만,3년미만",창업교육,20260528,20260601,,,이메일 접수: 공고문 확인 필요,https://www.k-startup.go.kr/web/contents/bizpbanc-deadline.do?schM=view&pbancSn=177870,main,primary,로컬기반패션브랜드창업지원,지자체,20260528~20260601,창업교육,창업교육
kst,177869,LH 창업카페 운영자 모집공고,LH 경기남부지역본부 오리사옥 1층 창업카페 신규 운영자를 다음과 같이 공고하오니 공고문 참고하시어 신청해주시기 바랍니다.,창업,공공기관,경기도,일반인,누구나,만 20세 이상 ~ 만 39세 이하,20,39,"모집공고일(&apos;26.05.28) 현재 19세 이상 39세 이하이며 그 외 공고문 내 지원 자격요건을 모두 충족하는 자 또는 팀
※ 자세한 내용은 공고문을 참고하시기 바랍니다.

공고문 참고",,"예비창업자,1년미만,2년미만,3년미만,5년미만,7년미만,10년미만",사업화,20260528,20260619,,,이메일 접수: 공고문 확인 필요,https://www.k-startup.go.kr/web/contents/bizpbanc-ongoing.do?schM=view&pbancSn=177869,main,primary,lh창업카페운영자모집공고,공공기관,20260528~20260619,사업화,사업화
kst,177868,2026년 사회적기업 창업지원사업,사회적기업 창업·재창업 및 전환을 지원하기 위한 「2026년도 사회적기업 창업지원사업」 창업팀을 다음과 같이 추가모집합니다.,창업,민간,전국,"일반인,일반기업","기업,누구나,사회적기업","만 20세 미만,만 20세 이상 ~ 만 39세 이하,만 40세 이상",,,"1. 창업 5년 초과 법인사업자로써, 사회적 목적 중심의 정관 및 조직형태로의 전환이 가능하고 사회적기업 진입을 위한 매출, 고용, 서비스 등 사업실적을 보유한 경우
2. 11~23년 [사회적기업가 육성사업] 협약종료시점 법인을 설립한 졸업팀 중 폐업, 부진 등 실패 경험을 보유한 자 또는 기업",,"7년미만,10년미만",사업화,20260528,20260609,,,온라인 접수: https://www.seis.or.kr/subPage.do?menuId=30801,https://www.k-startup.go.kr/web/contents/bizpbanc-deadline.do?schM=view&pbancSn=177868,main,primary,2026년사회적기업창업지원사업,민간,20260528~20260609,사업화,사업화
kst,177867,<2026  콘텐츠 스타트업 글로벌 엑셀러레이팅 프로그램(론치패드)> 참가기업 모집,2026 콘텐츠 스타트업 글로벌 엑셀러레이팅 프로그램(론치패드) 참가기업을 모집하오니 많은 신청 바랍니다.,판로/수출,공공기관,전국,일반기업,"기업,스타트업","만 20세 이상 ~ 만 39세 이하,만 40세 이상",,,"글로벌 비즈니스 모델을 갖춘 2019년 이후 국내 법인 등기를 완료한 콘텐츠 스타트업
※ 법인 등기부등본상의 회사설립 연원일이 2019년 이후여야함",,7년미만,판로ㆍ해외진출,20260528,20260610,,,"온라인 접수: http://welcon.kocca.kr/
기타 접수: Welcon 홈페이지를 통한 참가신청이 필수이며, 기입한 내용을 바탕으로 평가를 진행하므로 정확하고 상세한 내용으로 작성해주시기 바랍니다.
(행사 성격에 맞게 기업정보 업데이트 필수)
1. 론치패드 미국 : https://welcon.kocca.kr/ko/event/launchpad-2026-in-usa--543
2. 론치패드 UAE : https://welcon.kocca.kr/ko/event/launchpad-2026-in-uae--544
3. 론치패드 싱가포르 : https://welcon.kocca.kr/ko/event/launchpad-2026-in-singapore--545",https://www.k-startup.go.kr/web/contents/bizpbanc-ongoing.do?schM=view&pbancSn=177867,main,primary,2026콘텐츠스타트업글로벌엑셀러레이팅프로그램론치패드참가기업모집,공공기관,20260528~20260610,판로ㆍ해외진출,판로ㆍ해외진출
kst,177866,「Kingo Seoul Springboard Program」1기,"서울경제진흥원(SBA) 서울창업허브 공덕과 KingoSpring은 서울 소재 유망 초기창업기업의 투자유치 역량 강화와 지속적인 성장 기반 조성을 지원하기 위해 「Kingo Seoul Springboard Program」1기를 모집합니다.
본 프로그램은 서울에 본사·지점·연구소 등 사업장을 보유한 창업 7년 이내 기업을 대상으로, 성장 잠재력과 사업화 가능성을 갖춘 초기창업기업을 선발하여 직접투자, 후속투자 연계, TIPS·LIPS 추천 연계, 입주추천, 맞춤형 컨설팅 및 데모데이 참가 지원 등 기업 성장 단계에 필요한 액셀러레이팅 프로그램을 제공합니다.",창업,민간,서울특별시,"청소년,대학생,일반인,대학,연구기관,일반기업,1인 창조기업","기업,누구나,청년,초기창업기업","만 20세 미만,만 20세 이상 ~ 만 39세 이하,만 40세 이상",,,"1. 서울에 본사, 지점, 연구소 등 사업장을 보유한 창업 7년 이내 기업
2. 바이오, 블록체인을 제외한 기술기반 스타트업

법인 설립 7년 초과 기업",,"예비창업자,1년미만,2년미만,3년미만,5년미만,7년미만",사업화,20260528,20260615,,,온라인 접수: https://forms.gle/uZSsFHAj55Gxq2eP8,https://www.k-startup.go.kr/web/contents/bizpbanc-ongoing.do?schM=view&pbancSn=177866,main,primary,kingoseoulspringboardprogram1기,민간,20260528~20260615,사업화,사업화
kst,177865,CES 참가 지원 사업,"대전광역시와 (재)대전창조경제혁신센터에서는 글로벌 진출을 희망하는 관내 창업·성장기업을 지원하기 위해 
「CES 2027 대전통합관」에 참가할 기업을 아래와 같이 모집하오니 많은 관심과 참여 바랍니다.",행사/네트워크,공공기관,대전광역시,일반기업,기업,"만 20세 미만,만 20세 이상 ~ 만 39세 이하,만 40세 이상",,,"◦ (모집규모) 24개사 내외
 ◦ (모집대상) 대전 전략산업 분야 등 혁신 기술을 보유한 창업·성장기업 
   - Eureka Park : 대전통합관 조성·운영을 통한 참가 지원
   - Global Pavillion : KOTRA 주관 통합한국관 참가 지원
◦ (일반사항)
- 공고일 기준 대전지역 소재지 기업(본사, 지사, 연구소 등)
- 글로벌 진출이 가능한 우수한 기술력을 보유한 기업
- 전시가 가능한 제품이나 서비스를 보유한 기업
- 영어 PT가 가능한 인력을 보유한 기업

- 2026년 현재 타 지자체 및 기관 등에서 CES 2027 관련 지원 대상으로 선정되어 협약을 체결한 경우(중단(중단처분·중도포기자) 포함)
- 국세 또는 지방세를 체납 중 이거나 부도, 휴·폐업인 기업
- 금융기관 등 채무불이행 및 부실 위험이 있는 기업
- 해외여행 결격사유 등이 있는 기업
※ 이외 세부 제외대상 공고문 확인",,"1년미만,2년미만,3년미만,5년미만,7년미만,10년미만",행사ㆍ네트워크,20260528,20260617,,,이메일 접수: 공고문 확인 필요,https://www.k-startup.go.kr/web/contents/bizpbanc-ongoing.do?schM=view&pbancSn=177865,main,primary,ces참가지원사업,공공기관,20260528~20260617,행사ㆍ네트워크,행사ㆍ네트워크
kst,177864,"[방송미디어통신위원회, 한국인터넷진흥원]2026 위치정보 맞춤형 컨설팅 참여기업 모집(상시)","안녕하십니까.
방송미디어통신위원회와 한국인터넷진흥원(KISA)에서 위치정보 산업의 (예비)창업자 및 스타트업, 중소 위치정보사업자 등을 대상으로 「2026 위치정보 맞춤형 컨설팅」을 운영하고 있습니다.
맞춤형 컨설팅 계획을 다음과 같이 안내하오니 참여를 희망하시는 분께서는 안내에 따라 신청하시기 바랍니다.",교육/멘토링,민간,전국,"청소년,대학생,일반인,대학,연구기관,일반기업,1인 창조기업","기업,누구나,청년,초기창업기업","만 20세 미만,만 20세 이상 ~ 만 39세 이하,만 40세 이상",,,"- 위치정보 산업에 진출하려는 (예비)창업자 또는 스타트업
- 중소 위치정보사업자, 위치기반서비스 사업자
※ 대기업 제외",,"예비창업자,1년미만,2년미만,3년미만,5년미만,7년미만",멘토링ㆍ컨설팅ㆍ교육,20260511,20261130,,,온라인 접수: www.korealbs.or.kr,https://www.k-startup.go.kr/web/contents/bizpbanc-ongoing.do?schM=view&pbancSn=177864,main,primary,방송미디어통신위원회한국인터넷진흥원2026위치정보맞춤형컨설팅참여기업모집상시,민간,20260511~20261130,멘토링ㆍ컨설팅ㆍ교육,멘토링ㆍ컨설팅ㆍ교육
kst,177863,2026년 여성 CEO 비즈니스 아카데미 충청권역 시즌1,"안녕하세요. 2026년, 기업의 변화와 성장을 준비하는 여성 CEO 여러분!
2026년은 정책, 경제, 트렌드, 기술 등 다양한 분야에서 큰 변화가 이루어지고 있으며, 이에 발맞춰 새로운 성장 전략을 준비해야 할 중요한 시기입니다.「2026 여성 CEO 비즈니스 아카데미 권역별 교육」은 기업의 다음 단계 성장을 고민하는 여성 CEO들에게 실질적이고 의미 있는 인사이트를 제공하기 위해 마련된 권역별 오픈특강입니다. 서울권역, 호남권역에 이어 충청권역 시즌 1을 진행합니다. 많은 관심 및 참여 부탁드립니다.",교육/멘토링,민간,세종특별자치시,"일반인,연구기관,일반기업,1인 창조기업","기업,누구나,여성,초기창업기업","만 20세 이상 ~ 만 39세 이하,만 40세 이상",,,기업의 성장을 고민하는 여성CEO(여성임원포함) 총 80명 / 선착순마감,,"1년미만,2년미만,3년미만,5년미만,7년미만,10년미만",멘토링ㆍ컨설팅ㆍ교육,20260528,20260616,,,온라인 접수: https://forms.gle/DbJ1FE9537b7VGBY9,https://www.k-startup.go.kr/web/contents/bizpbanc-ongoing.do?schM=view&pbancSn=177863,main,primary,2026년여성ceo비즈니스아카데미충청권역시즌1,민간,20260528~20260616,멘토링ㆍ컨설팅ㆍ교육,멘토링ㆍ컨설팅ㆍ교육
kst,177862,[ZUZU X 포스텍홀딩스] TIPS 희망 기업 IR 집중검토,ZUZU X 포스텍홀딩스에서 TIPS를 희망하는 딥테크 스타트업을 찾습니다.,창업,민간,전국,일반기업,기업,"만 20세 미만,만 20세 이상 ~ 만 39세 이하,만 40세 이상",,,"※모집 조건
- 창업 7년 이내 법인사업자
- TIPS 희망 기업
- Data·AI, Robotics·Physical AI, 반도체·전기전자·첨단소재·에너지, 바이오, 항공·우주 등 딥테크 분야",,"예비창업자,1년미만,2년미만,3년미만,5년미만,7년미만,10년미만",사업화,20260601,20260621,,,온라인 접수: https://zuzu.network/resource/promotion/26-postechholdings-deal-sourcing/,https://www.k-startup.go.kr/web/contents/bizpbanc-ongoing.do?schM=view&pbancSn=177862,main,primary,zuzux포스텍홀딩스tips희망기업ir집중검토,민간,20260601~20260621,사업화,사업화
kst,177861,2026년 6월 ZUZU 피칭데이 (딥테크 스타트업),"뛰어난 기술로 새로운 시장을 만들어갈 여러분의 도전을 기다립니다.
기술보증기금, 신용보증기금에서 딥테크 스타트업을 찾습니다.
일상을 바꾸는 뛰어난 기술로 프라이빗 피칭 기회를 잡으세요!
- 최종 선정을 받으면, 투자사 2곳과 2:1로 프라이빗하게 만나요.
- ZUZU 회원가입, IR 업로드만 하면 간단하게 무료 신청할 수 있어요.
- 피칭데이에 지원하면 ZUZU에 등록된 400여 개 VC에게도 기업이 노출돼요.",행사/네트워크,민간,전국,"연구기관,일반기업,1인 창조기업","기업,스타트업,초기창업기업","만 20세 미만,만 20세 이상 ~ 만 39세 이하,만 40세 이상",,,"※지원 자격
- 설립 5년 이내 (필수)
- 본점 주소지가 지방인 기업 (우대)
- AI, 반도체, 바이오, 이차전지, 디스플레이, 로보틱스, 방산 분야",,"예비창업자,1년미만,2년미만,3년미만,5년미만",행사ㆍ네트워크,20260529,20260617,,,온라인 접수: https://zuzu.network/resource/promotion/26y-june-zuzu-pitching-day/,https://www.k-startup.go.kr/web/contents/bizpbanc-ongoing.do?schM=view&pbancSn=177861,main,primary,2026년6월zuzu피칭데이딥테크스타트업,민간,20260529~20260617,행사ㆍ네트워크,행사ㆍ네트워크
kst,177860,2026 광운 Startup SEED Challenge,광운대학교 RISE사업단에서는 「광운 Startup SEED Challenge」추가모집과 관련하여 참신한 창업아이템으로 창업에 도전하는 참가자를 모집하오니 많은 참여 바랍니다.,시설/공간,교육기관,서울특별시,"대학생,일반인,일반기업,1인 창조기업","기업,누구나,예비창업자,청년,초기창업기업",만 20세 이상 ~ 만 39세 이하,20,39,"□예비창업자및7년이내기창업자(대표자39세이하)
(단, 광운대교내창업(교원,학생,동문) 및외국인유학생창업자는연령제한조건없음)
※청년정책제대군인우대지원에따른연령상한한도상향 
※신산업창업분야의중소기업의경우업력10년이하

ㅇ 서울 캠퍼스타운 사업의 타 창업공간에 입주하여 지원사업을 수혜 중인 자 다만, 입주개시일 이전에 사업 수혜기간이 종료되거나 사업을 중도포기한 자는 신청 가능
  ㅇ 서울시 캠퍼스타운 사업에서 문제가 있어 퇴거조치된 기업
  ㅇ 금융기관 등으로부터 채무불이행으로 규제중인 자 또는 국세 혹은 지방세를 체납 중인 자 다만, 신용회복위원회의 사전채무조정(프리워크아웃), 개인워크아웃에서 채무조정합의서를 체결한 경우, 법원의 개인회생제도에서 변제계획인가를 받거나 파산면책 선고자, 회생인가를 받은 기업, 중소기업진흥공단 등으로부터 재창업자금을 지원받은 경우, 세금분납 계획에 따른 성실 납부기업(인), 정부지원 협약 전까지 세금완납기업(인), 정부 공공기관으로부터 재기지원 필요성을 인정받은 기업(인), 건강관리시스템기업구조 개선 진단을 통한 정상화 의결기업은 신청 가능
  ㅇ 신청일 현재 휴업중인 기업
  ㅇ 소음, 악취 등 환경오염 및 공해 유발업종
  ㅇ 중소기업창업 지원법 상 창업에 해당하지 않는 경우
  ㅇ ｢중소기업 창업지원법 시행령｣ 제4조(창업에서 제외되는 업종)에 해당하는 기업
  ㅇ 입주 불가 업종으로 창업하려는 자 또는 기업
     - 입주 불가 업종 : 부동산업, 유흥업, 단순 점포창업 등
     - 건축물 용도 변경이 필요한 업종(식품유통전문판매, 의료기기판매, 출판인쇄업 등)
  ㅇ 기타 사업수행에 현격한 결격사유가 있는 자 또는 기업으로 참여 제한 사유가 있다고 서울시장 및 광운대 RISE사업단에서 인정하는 경우",,"예비창업자,1년미만,2년미만,3년미만,5년미만,7년미만",시설ㆍ공간ㆍ보육,20260601,20260615,,,온라인 접수: https://forms.gle/P8G5iKi25QkhrSEr7,https://www.k-startup.go.kr/web/contents/bizpbanc-ongoing.do?schM=view&pbancSn=177860,main,primary,2026광운startupseedchallenge,교육기관,20260601~20260615,시설ㆍ공간ㆍ보육,시설ㆍ공간ㆍ보육
kst,177859,의왕시 창업지원공간 유니콘로드(1인창조기업지원센터) 운,2026년 의왕시 창업지원공간 유니콘로드(1인창조기업지원센터)와 함께 할 창업기업을 아래와 같이 모집합니다.,시설/공간,공공기관,경기도,"청소년,대학생,일반인,대학,연구기관,일반기업,1인 창조기업","기업,누구나,청년,초기창업기업","만 20세 미만,만 20세 이상 ~ 만 39세 이하,만 40세 이상",,,"예비/기창업자, 1인창조기업 *업력 및 나이 제한 없음",,"예비창업자,1년미만,2년미만,3년미만,5년미만,7년미만,10년미만",시설ㆍ공간ㆍ보육,20260528,20260615,,,이메일 접수: 공고문 확인 필요,https://www.k-startup.go.kr/web/contents/bizpbanc-ongoing.do?schM=view&pbancSn=177859,main,primary,의왕시창업지원공간유니콘로드1인창조기업지원센터운,공공기관,20260528~20260615,시설ㆍ공간ㆍ보육,시설ㆍ공간ㆍ보육
kst,177858,글로벌 스타트업 서밋(싱가포르) 1:1밋업 및 세미나 참여기업 모집,"인천창조경제혁신센터에서는 킬사글로벌(KILSA Global), AUMOVIO와 함께 국내 기술 기반 스타트업의 싱가포르 및 ASEAN 시장 진출, 글로벌 오픈이노베이션 협력 기회 확대를 위한 「2026 제5회 글로벌 스타트업 써밋 – 싱가포르」를 개최합니다.
이번 글로벌 스타트업 써밋은 단순한 해외시장 소개 세미나를 넘어, “PoC 이후 어떻게 실제 사업화와 매출로 연결할 것인가”를 중심으로 진행됩니다.
특히 이번 회차에서는 싱가포르 및 ASEAN 시장에서의 사업 실행 경험을 보유한 KILSA Global과 함께, ASEAN 시장 내 실제 사업화 구조와 현지 파트너십 전략을 공유할 예정이며, 글로벌 모빌리티 기업 AUMOVIO와 함께 실제 글로벌 기업이 어떤 기술을 찾고 있으며, 어떤 방식으로 스타트업과 협업을 검토하는지에 대한 사례 중심의 세션도 함께 진행될 예정입니다.
또한 세미나 이후에는 KILSA Global 및 AUMOVIO와의 Private 1:1 Business Meetup을 통해 실제 협업 가능성 및 글로벌 사업 연계 방향도 함께 논의할 예정입니다.
싱가포르 및 동남아시아 시장 진출과 글로벌 기업 협업에 관심 있는 국내 스타트업 여러분의 많은 관심과 신청 부탁드립니다",판로/수출,공공기관,전국,"청소년,대학생,일반인,대학,연구기관,일반기업,1인 창조기업","기업,누구나,스타트업,청년,초기창업기업","만 20세 미만,만 20세 이상 ~ 만 39세 이하,만 40세 이상",,,"✔️ 참여대상
 - 싱가포르 및 ASEAN 시장 진출 희망 스타트업
 - 글로벌 오픈이노베이션 및 대기업 협업 희망 기업
 - AI, Mobility, Security, IoT, Data, Healthcare 등 기술 기반 기업",,"예비창업자,1년미만,2년미만,3년미만,5년미만,7년미만,10년미만",글로벌,20260528,20260612,,,온라인 접수: http://forms.gle/qHtP5JeqZBD3ToFi8,https://www.k-startup.go.kr/web/contents/bizpbanc-ongoing.do?schM=view&pbancSn=177858,main,primary,글로벌스타트업서밋싱가포르11밋업및세미나참여기업모집,공공기관,20260528~20260612,글로벌,글로벌
kst,177857,26년 6월 스타트업 언론 홍보 지원사업 참가사 모집 공고(1차),스타트업 전문 매체 『스타트업데일리』에서 홍보에 어려움을 겪는 예비창업자/스타트업의 홍보 지원을 위해 다음과 같이 공고하오니 많은 참여 바랍니다.,창업,민간,전국,"청소년,대학생,일반인,대학,연구기관,일반기업,1인 창조기업","기업,누구나,스타트업,예비창업자,청년,초기창업기업","만 20세 미만,만 20세 이상 ~ 만 39세 이하,만 40세 이상",,,"1. 예비창업자
2. 창업 7년 이내 초기 기업

1. 이미 배포된 보도자료(중복)·동일한 내용으로 재보도(반복) 배포 불가
2. 단순 제품 홍보(건강기능식품, 화장품 등), 프로모션 홍보 등 과도한 광고성 문안 게재 불가",,"예비창업자,1년미만,2년미만,3년미만,5년미만,7년미만",사업화,20260601,20260615,,,이메일 접수: 공고문 확인 필요,https://www.k-startup.go.kr/web/contents/bizpbanc-ongoing.do?schM=view&pbancSn=177857,main,primary,26년6월스타트업언론홍보지원사업참가사모집공고1차,민간,20260601~20260615,사업화,사업화
kst,177856,[SWITCH2026 전시부스 및 싱가포르 진출 지원] ‘Plug in : Singapore #11’참가 스타트업 모집공고,(재)부산창조경제혁신센터에서는 지역 스타트업 대상 글로벌 역량강화 프로그램 운영을 위한 ‘Plug in : Singapore #11’에 참가할 스타트업을 다음과 같이 모집합니다.,판로/수출,공공기관,부산광역시,"일반인,일반기업,1인 창조기업","기업,누구나,스타트업,초기창업기업","만 20세 미만,만 20세 이상 ~ 만 39세 이하,만 40세 이상",,,싱가포르 진출을 희망하는 부산시 소재 7년 이내 스타트업,,7년미만,판로ㆍ해외진출,20260528,20260607,,,온라인 접수: https://busanstartup.kr/biz_sup/2106?mcode=biz02&pageNo=1&deadline=N&deleteYn=N&s_orderby=regi&s_desc=desc,https://www.k-startup.go.kr/web/contents/bizpbanc-deadline.do?schM=view&pbancSn=177856,main,primary,switch2026전시부스및싱가포르진출지원pluginsingapore11참가스타트업모집공고,공공기관,20260528~20260607,판로ㆍ해외진출,판로ㆍ해외진출
kst,177855,서초창업스테이션 운영 사업,예비·초기 소상공인의 성장 기반 마련을 위한 분야별 맞춤형 창업 경영 컨설팅을 제공하니 예비·초기 소상공인의 많은 관심과 신청 바랍니다.,시설/공간,민간,서울특별시,"대학생,일반인,대학,일반기업,1인 창조기업","기업,누구나,청년,초기창업기업","만 20세 미만,만 20세 이상 ~ 만 39세 이하,만 40세 이상",,,컨설팅을 희망하는 예비·초기 소상공인,,"예비창업자,1년미만,2년미만,3년미만,5년미만,7년미만",시설ㆍ공간ㆍ보육,20260528,20260624,,,온라인 접수: https://www.xn--2i4bieu3bszgvtc6wlunby2r.com/sub_program/operate_view.php?idx=44,https://www.k-startup.go.kr/web/contents/bizpbanc-ongoing.do?schM=view&pbancSn=177855,main,primary,서초창업스테이션운영사업,민간,20260528~20260624,시설ㆍ공간ㆍ보육,시설ㆍ공간ㆍ보육
kst,177854,2026 KAIST OverEdge(오엣) 참가자 모집 공고,AI를 창업 파트너로 활용하여 1인 (예비)창업자의 초기 시장진입 및 글로벌 유니콘 기업으로의 성장을 가속화하고자 ｢2026 KAIST OverEdge(오엣)｣ 사업을 다음과 같이 공고합니다.,교육/멘토링,교육기관,전국,"청소년,대학생,일반인,1인 창조기업","누구나,예비창업자,청년,초기창업기업","만 20세 미만,만 20세 이상 ~ 만 39세 이하,만 40세 이상",,,"AI 활용/개발을 통한 창업을 희망하는 전국 1인 예비창업자 및 기창업자

① 금융기관 등으로부터 채무불이행으로 규제 중인 자
② 국세 또는 지방세 체납으로 규제중인 자
③ 「중소기업창업 지원법 시행령」제4조(창업에서 제외되는 업종)의 업종을 영위하고자 하는 자
④ 타 사업 참여 사유로 본 프로그램 일정 참여가 어려운 자
⑤ 타인의 지식재산권을 침해하거나 침해할 우려가 있는 아이디어(아이템)
⑥ 창업지원사업 참여제한 제재 중인 자
⑦ 기타 창업원장이 참여 제한의 사유가 있다고 인정하는 자",,"예비창업자,1년미만,2년미만,3년미만,5년미만,7년미만,10년미만",멘토링ㆍ컨설팅ㆍ교육,20260518,20260615,,,온라인 접수: kaist-overedge.com/,https://www.k-startup.go.kr/web/contents/bizpbanc-ongoing.do?schM=view&pbancSn=177854,main,primary,2026kaistoveredge오엣참가자모집공고,교육기관,20260518~20260615,멘토링ㆍ컨설팅ㆍ교육,멘토링ㆍ컨설팅ㆍ교육
kst,177853,항공우주기술 기반 예비창업자 지원사업 「2026 STAR-Exploration」,항공.우주 기술을 기반으로 사업모델을 발굴하여 시제품 제작 및 자금조달 등의 사업 고도화 지원을 희망하는 우수 예비창업자들을 모집합니다.,교육/멘토링,민간,전국,"청소년,대학생,일반인,대학","누구나,예비창업자,청년","만 20세 미만,만 20세 이상 ~ 만 39세 이하,만 40세 이상",,,"항공, 우주 기술에 관심있고, 관련 사업모델을 구상하고 있는 누구나[대학(원)생, 직장인, 일반인 등]
*단, 사업자등록이 되어 있지 않아야 하며, 국세청 홈택스 발급 “사업자등록 사실증명원” 제출 필수

사업자등록 완료한 자",,예비창업자,멘토링ㆍ컨설팅ㆍ교육,20260521,20260610,,,이메일 접수: 공고문 확인 필요,https://www.k-startup.go.kr/web/contents/bizpbanc-ongoing.do?schM=view&pbancSn=177853,main,primary,항공우주기술기반예비창업자지원사업2026starexploration,민간,20260521~20260610,멘토링ㆍ컨설팅ㆍ교육,멘토링ㆍ컨설팅ㆍ교육
kst,177852,2026 제2회 판다포럼 개최,경기도 4차산업혁명센터에서 판다포럼을 개최하오니 참가를 희망하는 개인•단체•기업은 하단 온라인 사이트를 통해 참가신청을 부탁드립니다.,행사/네트워크,공공기관,전국,"청소년,대학생,일반인,대학,연구기관,일반기업,1인 창조기업","기업,누구나,청년,초기창업기업","만 20세 미만,만 20세 이상 ~ 만 39세 이하,만 40세 이상",,,포럼 주제에 관심 있는 분(100명 限),,"예비창업자,1년미만,2년미만,3년미만,5년미만,7년미만,10년미만",행사ㆍ네트워크,20260527,20260609,,,온라인 접수: https://pandaforum.kr/,https://www.k-startup.go.kr/web/contents/bizpbanc-deadline.do?schM=view&pbancSn=177852,main,primary,2026제2회판다포럼개최,공공기관,20260527~20260609,행사ㆍ네트워크,행사ㆍ네트워크
kst,177851,2026 창업 스케일업 교육생 모집공고,"영덕군 내 예비·초기 창업자 및 해양수산 분야 창업자를 대상으로, 창업 초기부터 스케일업까지 세분화된 창업 실무를 지원하는 실전 연계 교육 프로그램입니다. AI 기반의 시장 분석, 특허(KIPRIS) 활용 전략, SNS 마케팅 실습, 그리고 투자 유치를 위한 IR Pitch Deck 제작까지 실전에 즉시 적용 가능한 특화 프로그램으로 구성되어 있습니다. 체계적인 교육과 실습을 통해 비즈니스 모델을 고도화하고 사업화 성공률을 높이고자 하는 역량 있는 창업자분들의 많은 관심과 참여 바랍니다.",교육/멘토링,공공기관,경상북도,"일반인,대학,연구기관,1인 창조기업","누구나,예비창업자,초기창업기업","만 20세 이상 ~ 만 39세 이하,만 40세 이상",,,"예비창업자 및 초기창업자, 해양수산분야 창업자 등 (총 20개 팀 내외 선착순 모집)

없음",,"예비창업자,1년미만,2년미만,3년미만,5년미만",멘토링ㆍ컨설팅ㆍ교육,20260527,20260531,,,온라인 접수: https://docs.google.com/forms/d/e/1FAIpQLScjuW0HKmlr77YVDSWM2SZCHkhCtxEqReWkpW8vMcyvM3Ndag/viewform?usp=dialog,https://www.k-startup.go.kr/web/contents/bizpbanc-deadline.do?schM=view&pbancSn=177851,main,primary,2026창업스케일업교육생모집공고,공공기관,20260527~20260531,멘토링ㆍ컨설팅ㆍ교육,멘토링ㆍ컨설팅ㆍ교육
kst,177850,2026 경기 스타트업 서밋 Invest Connect 1차 참가기업 모집,경기 스타트업 서밋을 통해 스타트업의 국내외 투자유치 및 비즈니스 성과 창출을 지원하고자 '2026 경기 스타트업 서밋 Invest Connect 1차' 참가기업을 모집하오니 많은 참여를 부탁 드립니다.,판로/수출,공공기관,경기도,"청소년,대학생,일반인,대학,연구기관,일반기업,1인 창조기업","기업,누구나,스타트업,청년,초기창업기업","만 20세 미만,만 20세 이상 ~ 만 39세 이하,만 40세 이상",,,"공고일 기준 참가분야 업력 7년 이내 스타트업(신산업분야 10년 이내)
  - 참가분야 : AI·로봇·반도체·바이오·기후테크·기타(신산업)",,"1년미만,2년미만,3년미만,5년미만,7년미만,10년미만",판로ㆍ해외진출,20260528,20260612,,,온라인 접수: https://www.gsp.or.kr/supportProject/UVSD0001.do?sportSeq=6238,https://www.k-startup.go.kr/web/contents/bizpbanc-ongoing.do?schM=view&pbancSn=177850,main,primary,2026경기스타트업서밋investconnect1차참가기업모집,공공기관,20260528~20260612,판로ㆍ해외진출,판로ㆍ해외진출
kst,177849,2026 대우건설 Hyper Safety & AI  오픈 이노베이션 참여기업 모집 공고,"대우건설이 한국건설기술연구원과 함께 “2026 대우건설 Hyper Safety & AI 오픈 이노베이션” 프로그램을 통해 ❶ 스마트 안전 및 품질 ❷ AI(인공지능) ❸ 로보틱스 및 자동화 ❹ 항만 및 공항 ❺ 혁신아이디어 분야에서 혁신 기술을 보유한 유망 기업을 발굴하고 현업에 적용하는 공모전을 개최합니다. 혁신적인 아이디어, 혁신 기술의 실증, 현업 적용 을 통해 대우건설과 협업을 희망하는 기업들의 많은 참여 바랍니다.",창업,민간,전국,"청소년,대학생,일반인,대학,연구기관,일반기업,1인 창조기업","기업,누구나,청년,초기창업기업","만 20세 미만,만 20세 이상 ~ 만 39세 이하,만 40세 이상",,,모집분야별 혁신기술과 아이디어를 보유한 사업자 및 예비 창업자,,"예비창업자,1년미만,2년미만,3년미만,5년미만,7년미만,10년미만",사업화,20260528,20260619,,,이메일 접수: 공고문 확인 필요,https://www.k-startup.go.kr/web/contents/bizpbanc-ongoing.do?schM=view&pbancSn=177849,main,primary,2026대우건설hypersafetyai오픈이노베이션참여기업모집공고,민간,20260528~20260619,사업화,사업화
kst,177848,2026년 청년 임(林)팩트 창업 아이디어 챌린지 참가자 모집,"산림청과 한국임업진흥원은 산림자원을 활용해 산림분야 문제를 해결할 청년을 찾고 있습니다. 머릿속 생각을 실제 사업으로 실현해 볼 소중한 기회에 지금 도전하세요!
참가를 희망하시는 분은 [붙임 1] 모집 안내문을 참고하시어 [붙임 2] 양식을 작성 후, 하단 포스터 큐알(QR) 코드를 스캔하여 구글폼을 통해 제출해 주시기 바랍니다.
※ 안내문을 확인하지 않아 발생하는 불이익은 기관에서 책임지지 않으니 내용을 정확히 숙지해 주시기 바랍니다.",교육/멘토링,공공기관,대전광역시,"대학생,일반인","누구나,청년",만 20세 이상 ~ 만 39세 이하,20,39,"- 모집 인원: 산림 분야 창업에 관심 있는 청년 30명
 - 연령 기준: 공고일(2026. 5. 20.) 기준 만 19세~39세 이하
    * 출생일 기준: 1986. 5. 21. ~ 2007. 5. 20. 기간 출생자",,"예비창업자,1년미만,2년미만,3년미만,5년미만,7년미만,10년미만",멘토링ㆍ컨설팅ㆍ교육,20260527,20260603,,,온라인 접수: https://www.kofpi.or.kr/notice/notice_01view.do,https://www.k-startup.go.kr/web/contents/bizpbanc-deadline.do?schM=view&pbancSn=177848,main,primary,2026년청년임林팩트창업아이디어챌린지참가자모집,공공기관,20260527~20260603,멘토링ㆍ컨설팅ㆍ교육,멘토링ㆍ컨설팅ㆍ교육
kst,177847,2026년 소상공인 온라인판로 지원사업 참여기업 2차 모집공고,"소상공인의 온라인시장 진출 및 판로 지원을 위한「2026년 소상공인 온라인판로 지원사업」의
참여기업을 다음과 같이 모집하오니, 
소상공인분들의 많은 참여를 바랍니다.",판로/수출,공공기관,전국,"일반기업,1인 창조기업","기업,소상공인,초기창업기업","만 20세 미만,만 20세 이상 ~ 만 39세 이하,만 40세 이상",,,"｢소상공인기본법｣ 제2조에 따른 소상공인

하단 모집 공고문 2p &apos;신청자격 및 요건&apos; 확인 필수",,"예비창업자,1년미만,2년미만,3년미만,5년미만,7년미만,10년미만",판로ㆍ해외진출,20260527,20260610,,,온라인 접수: https://fanfandaero.kr/portal/v2/preSprtBizPbancStage.do,https://www.k-startup.go.kr/web/contents/bizpbanc-ongoing.do?schM=view&pbancSn=177847,main,primary,2026년소상공인온라인판로지원사업참여기업2차모집공고,공공기관,20260527~20260610,판로ㆍ해외진출,판로ㆍ해외진출
kst,177845,2026년 중동 상황 대응 중소기업 심화 컨설팅 지원사업,서울경제진흥원(SBA)에서는 2026년 2월 발발한 미·이란 전쟁 등 중동 분쟁 장기화로 인해 수출 및 물류에 타격을 입은 서울 소재 중소기업을 대상으로 맞춤형 해결 방안 도출 및 글로벌 경쟁력 강화를 지원하고자 「심화 컨설팅 지원사업」을 추진합니다.,교육/멘토링,공공기관,서울특별시,"일반기업,1인 창조기업","기업,중소기업,초기창업기업","만 20세 미만,만 20세 이상 ~ 만 39세 이하,만 40세 이상",,,"❍ (피해기업) 중동 상황으로 인하여 물류비 폭등, 계약 파기, 납기 지연, 대금 미회수 등의 직접적인 타격을 입은 서울 소재 중소기업
  ❍ (수출 의존기업) 직접 피해는 없으나 최근 3년 전체 수출 중 중동 지역 비중이 10% 이상인 서울 소재 중소기업으로, 위기 대응 및 시장 다변화가 필요한 기업
  ❍ 서울소재 중소기업: 서울 관할 세무서에 사업자등록을 한 「중소기업기본법」 제2조에 의한 중소기업 ※ 단, 종된사업장을 서울 소재로 한 사업장은 해당하지 않음",,"예비창업자,1년미만,2년미만,3년미만,5년미만,7년미만,10년미만",멘토링ㆍ컨설팅ㆍ교육,20260527,20260618,,,온라인 접수: https://www.sba.seoul.kr/Pages/BusinessApply/PostingDetail.aspx?p=0&mid=2dafcee4-7459-f111-b404-d4f5ef4a1e33,https://www.k-startup.go.kr/web/contents/bizpbanc-ongoing.do?schM=view&pbancSn=177845,main,primary,2026년중동상황대응중소기업심화컨설팅지원사업,공공기관,20260527~20260618,멘토링ㆍ컨설팅ㆍ교육,멘토링ㆍ컨설팅ㆍ교육
kst,177843,2026 B로컬;라이징 페스타 참여기업 모집 공고,"창의·혁신적인 아이템 및 비즈니스 모델을 보유하고 있는 지역 소상공인을 발굴하여 라이콘 기업으로 육성하기 위한 발판을 마련하고자 『2026 B로컬;라이징 페스타』에 참여할 기업을 아래와 같이 모집합니다. 
※ 라이콘 : 라이프스타일 & 로컬 분야를 혁신해 유니콘으로 성장하는 기업가형 소상공인(Lifestyle & Local Innovation Unicorn)",행사/네트워크,민간,부산광역시,일반기업,기업,"만 20세 미만,만 20세 이상 ~ 만 39세 이하,만 40세 이상",,,"① 공고일 기준, 본점 소재지가 “부산광역시” 또는 “경상남도”에 소재
② 사업자등록증 기준 창업 7년 이내(‘19.05.27. 이후 창업) 기업의 대표자
③ 로컬크리에이터, 지역 소상공인 등 기업가형 소상공인에 해당
1) 라이프 스타일형
- 기존 생활양식에 아이디어를 결합, 삶을 더욱 풍요롭게 하며 소비 창출
2) 로컬브랜드형
- 지역 문화, 특산물 등에 창의성 있는 콘텐츠를 입혀 로컬의 차별화된 생산 소비 문화가치 창조
3) 온라인 셀러형
- 제조에 기반한 전통 소상공인이 온라인 접목을 통해 마케팅 영역 확장 (동-> 시도 -> 전국)

※ 공고문 참고",,7년미만,행사ㆍ네트워크,20260526,20260618,,,이메일 접수: 공고문 확인 필요,https://www.k-startup.go.kr/web/contents/bizpbanc-ongoing.do?schM=view&pbancSn=177843,main,primary,2026b로컬라이징페스타참여기업모집공고,민간,20260526~20260618,행사ㆍ네트워크,행사ㆍ네트워크
kst,177842,바이오·메디컬 연구인프라 활용 지원사업,동국대학교 BMC창업보육센터에서는 바이오·메디컬 분야 기업의 연구개발 역량강화를 위하여「바이오·메디컬 연구인프라 활용 지원사업」을 아래와 같이 시행하오니 기업들의 많은 참여 바랍니다.,창업,교육기관,경기도,"일반인,일반기업,1인 창조기업","기업,누구나,초기창업기업","만 20세 이상 ~ 만 39세 이하,만 40세 이상",,,"-  바이오·메디컬  분야에서  혁신적인  기술  또는  아이디어를  기반으로  제품 을  생산하거나  서비스를  제공하는  기업
-  본사,  공장등록증,  기업부설연구소  인증서의  소재지가  경기도인  기업
-  공고일  기준  창업  10년  이내(2016.  6.  1.  이후  설립)기업
- 「중소기업기본법」  제2조의  규정에  의한  중소기업

-  본  사업에  신청한  내용과  동일한  내용으로  정부,  지자체  또는  유관기관 의  지원을  받은  경우
-  기업  또는  사업  책임자(대표자  포함)가  정부  지원사업  참여  제한  대상 인  경우
-  신청일  기준  국세  또는  지방세를  미납한  경우
-  동국대학교  BMC창업보육센터  입주기업  중  보육부담금을  미납한  경우
-  신청일  기준  휴·폐업  중이거나  자본잠식  상태인  기업
-  단순  생산·제조·유통  중심  기업,  OEM·ODM  기반의  단순  위탁생산  기업 등  연구개발  활동이  수반되지  않는  기업
-  동국대학교  BMC창업보육센터장이  참여를  제한할  정당한  사유가  있다 고  인정하는  자  또는  기업",,"예비창업자,1년미만,2년미만,3년미만,5년미만,7년미만,10년미만",사업화,20260601,20260614,,,이메일 접수: 공고문 확인 필요,https://www.k-startup.go.kr/web/contents/bizpbanc-ongoing.do?schM=view&pbancSn=177842,main,primary,바이오메디컬연구인프라활용지원사업,교육기관,20260601~20260614,사업화,사업화
kst,177841,서울창업허브 창동 운영,"서울창업허브 창동은 해외 판로개척 및 브랜드 홍보에 어려움을 겪고 있는 우수 스타트업을 지원하기 위해 SNS 기반 마케팅 플랫폼을 활용해 해외 시장 진출을 지원하는 ‘글로벌 SNS 판로개척
지원사업’을 추진하고자 다음과 같이 공고하오니, 참여를 희망하는 서울특별시 소재 스타트업과 중소기업은 많은 신청 바랍니다.",시설/공간,민간,서울특별시,"일반기업,1인 창조기업","기업,초기창업기업","만 20세 미만,만 20세 이상 ~ 만 39세 이하,만 40세 이상",,,"서울관할 세무서에 사업자등록한 스타트업 또는 중소기업으로
해외 온·오프라인 판매 및 배송이 가능한 제품 또는 서비스를 보유하고 있는 기업",,"예비창업자,1년미만,2년미만,3년미만,5년미만,7년미만,10년미만",시설ㆍ공간ㆍ보육,20260520,20260610,,,온라인 접수: https://www.startup-plus.kr/project/PRJ007092,https://www.k-startup.go.kr/web/contents/bizpbanc-ongoing.do?schM=view&pbancSn=177841,main,primary,서울창업허브창동운영,민간,20260520~20260610,시설ㆍ공간ㆍ보육,시설ㆍ공간ㆍ보육
kst,177840,2026 강남구청 미래산업기반 지원사업,"더인벤션랩이 강남구청과 함게 미래산업 분야에서 우수한 역량을 갖춘 기업을 찾습니다!
선발기업에게는 국내 대·중견기업과의 PoC 협업 기회를 비롯해 투자유치, 글로벌 진출, 전문가 멘토링 등 기업 성장 단계에 맞춘 액셀러레이팅 프로그램이 제공 될 예정이니 많은 관심과 참여 부탁드립니다.",창업,민간,서울특별시,"청소년,대학생,일반인,대학,연구기관,일반기업,1인 창조기업","기업,누구나,예비창업자,청년,초기창업기업","만 20세 미만,만 20세 이상 ~ 만 39세 이하,만 40세 이상",,,"신청대상: 공고일 기준 예비창업자 또는 창업 7년 이내 기창업자
※ 설립일 7년 이내 기준: 2019.05.26. 이후 설립(신사업인 경우 10년 이내)
※ 관외 기업인 경우, 사업기간 종료 전 까지 사업장 소재지/지사/연구소 중 하나의 소재지 강남구 이전 필수",,"예비창업자,1년미만,2년미만,3년미만,5년미만,7년미만,10년미만",사업화,20260527,20260619,,,온라인 접수: https://gangnam-future.aura.build/,https://www.k-startup.go.kr/web/contents/bizpbanc-ongoing.do?schM=view&pbancSn=177840,main,primary,2026강남구청미래산업기반지원사업,민간,20260527~20260619,사업화,사업화
kst,177839,2026년 전북 벤처투자플랫폼 J-PIUM(피움) IR 트랙(라운드) 참여기업 모집 공고,"(재)전북테크노파크에서는 전북자치도 벤처투자 네트워크와 연계, 유망기업 발굴 및 투자유치를 지원하고자 전북 벤처투자플랫폼 J-PIUM(피움)의 IR 트랙(라운드)에 참여할 기업을 아래와 같이 모집하오니 관심있는 기업의 많은 참여를 바랍니다.",자금,공공기관,전북특별자치도,"일반인,연구기관,일반기업,1인 창조기업","기업,누구나,예비창업자,초기창업기업","만 20세 미만,만 20세 이상 ~ 만 39세 이하,만 40세 이상",,,"- 초기창업: 7년 이내의 창업기업 (6대 전략산업, 12대 신산업 기술을 영위하는 기업의 경우 창업 10년 이내) 
- 밸류업 및 도외기업: 예비창업자 제외, 업력 무관

1. 타인의 아이디어 및 기술을 도용하거나 제출 서류가 허위 작성된 경우
2. 필수 제출서류를 제출하지 않은 경우
3. 금융기관 등으로부터 채무불이행으로 규제중인 자(기업)
   * 단, 신청·접수 마감일까지 채무변제 완료 후 증빙이 가능한 자(기업), 신용회복위원회의 프리워크아웃, 개인워크아웃 제도에서 채무조정합의서를 체결한 경우, 법원의 개인회생제도에서 변제계획인가를 받거나 파산면책 선고자, 회생인가를 받은 기업, 중소기업진흥공단 등으로부터 재창업자금을 지원 받은 자(기업), 건강관리시스템 기업구조 개선진단을 통한 정상화 의결기업 등 정부․공공기관으로부터 재기지원 필요성을 인정받은 자(기업)는 신청(지원) 가능
4. 국세 또는 지방세 체납으로 규제중인 자(기업)
   * 단, 세금분납계획에 따른 성실납부기업(체납처분유예신청), 신청·접수 마감일까지 국세, 지방세 등의 특수채무 변제 후 증빙이 가능한 자(기업), 중소기업진흥공단 등으로부터 재창업자금을 지원 받은 자(기업), 건강관리시스템 기업구조 개선진단을 통한 정상화 의결기업 등 정부․공공기관으로부터 재기지원 필요성을 인정받은 자(기업)는 신청(지원) 가능
5. 신청일 현재 휴업 중인 자(기업)
6. 중소기업창업지원법 시행령 제4조의 업종을 영위하고 있거나 또는 영위하고자 하는 자(기업) *붙임1 참고 
7. 제외대상에 포함되거나 관련증빙을 제출하지 못할 경우 취소될 수 있음
8. 기타 전북테크노파크 원장이 참여제한의 사유가 있다고 인정하는 자(기업)",,"예비창업자,1년미만,2년미만,3년미만,5년미만,7년미만,10년미만",정책자금,20260527,20260626,,,온라인 접수: https://rnd.jbtp.or.kr/main/menu?gc=PBUSI&do=view&spod=s1&page=2&program_id=VKiNxy633QVZ,https://www.k-startup.go.kr/web/contents/bizpbanc-ongoing.do?schM=view&pbancSn=177839,main,primary,2026년전북벤처투자플랫폼jpium피움ir트랙라운드참여기업모집공고,공공기관,20260527~20260626,정책자금,정책자금
kst,177838,"용인시산업진흥원 2026년 제2차 창업지원센터(동백, 영덕) 입주기업 모집 공고(~ 6. 19. 금 16시까지)","용인시산업진흥원에서 창업지원센터(동백, 영덕)와 함께 성장하고자 하는 우수하고 유망한 입주기업을 모집하오니 많은 신청 바랍니다.",시설/공간,공공기관,전국,"일반인,일반기업,1인 창조기업","기업,누구나,예비창업자,초기창업기업","만 20세 이상 ~ 만 39세 이하,만 40세 이상",,,"□ 공고일 기준 사업 개시 7년 미만 기업 및 예비창업자
  ❍ 창업지원센터(동백) 독립형: 바이오헬스 분야 (디지털 헬스케어, Age-Tech, 의료기기, 바이오의약, 유전체분석, 건강기능식품, 뷰티·코스메틱, 재활·돌봄 로봇, AI 융합 한의학,AI 기반 진단·처방 솔루션 등)기업
  ❍ 창업지원센터(영덕): AI·반도체 분야 (반도체 설계·제조·소재부품장비 관련 업종, AI 모델·서비스·하드웨어 등)기업
※ 개인사업자: 사업자등록증 개업일 기준 / 법인사업자: 법인설립등기일 기준
※ 센터별 모집분야 및 상세 신청자격 확인 후 신청 요망
   ※ 창업지원센터 입주 호실별 입주부담금 및 면적 확인 후 신청 必
   ※ 창업지원센터 동백, 영덕 중 1개 센터만 신청 가능(중복신청 불가)
   ※ 자세한 내용은 첨부된 공고문 참조

□ 아래에 해당하는자 또는 기업은 신청불가
  ❍ 중소기업창업지원법 시행령 제4조(창업에서 제외되는 업종)
  1. 일반유흥주점업 
  2. 무도유흥주점업
  3. 카지노 운영업
  4. 기타 사행시설 관리 및 운영업
  5. 그 밖에 경제질서 및 미풍양속에 현저히 어긋나는 업종
  ❍ 소음, 진동, 오폐수 발생유발업종
  ❍ 금융기관 등의 채무불이행 중인 자 또는 기업
  ❍ 정부지원사업 및 유관기관사업에 참여 제한으로 제재 중인 자 또는 기업
  ❍ 중소기업의 규모 요건을 초과하는 기업 (중소기업확인서 必)
  ❍ 지방세·국세 체납기업, 부도 또는 휴·폐업 중인 기업
  ❍ 진흥원 창업지원센터(역북, 영덕, 동백)에서 졸업·퇴거한 이력이 있는 기업 및 대표자
  ❍ 사업 참여를 위해 제출한 서류가 허위로 판명된 경우
   ※ 자세한 내용은 첨부된 공고문 참조",,"예비창업자,7년미만",시설ㆍ공간ㆍ보육,20260527,20260619,,,온라인 접수: https://ybs.ypa.or.kr/poratlAppFormDtl.do?regNo=RGS_0000000000000604,https://www.k-startup.go.kr/web/contents/bizpbanc-ongoing.do?schM=view&pbancSn=177838,main,primary,용인시산업진흥원2026년제2차창업지원센터동백영덕입주기업모집공고619금16시까지,공공기관,20260527~20260619,시설ㆍ공간ㆍ보육,시설ㆍ공간ㆍ보육
kst,177837,입주기업 모집 공고,"한동대학교 제네시스랩에서 아래와 같이 스타트업 입주기업을 모집하오니, 역량 있는 창업기업의 많은 관심과 지원 바랍니다.",시설/공간,교육기관,전국,"대학생,일반인,대학,연구기관,일반기업,1인 창조기업","기업,누구나,예비창업자,청년,초기창업기업","만 20세 미만,만 20세 이상 ~ 만 39세 이하,만 40세 이상",,,"1. 예비창업자: AI 기술 또는 활용 비즈니스 모델을 보유한 창업 전 팀/개인
2. 초기스타트업: 창업 3년 이내, 시제품 및 Poc 단계 기업
3. 성장스타트업: 창업 3~7년, 투자 유치 또는 매출 기반 성장 기업

1. 염색, 피혁, 도금, 도장, 주물, 주조, 악취, 소음, 분진, 재생, 혐오시설, 대기오염 다량 배출 등의 업종에 속한 경우
2. 대표자가 금융 신용도 불량자 또는 관련 법규나 사회 통념상 문제가 있는 경우
3. 회사가 휴·폐업 중에 있는 경우
4. 기타 본 센터의 운영 목적 및 취지에 부적합한 경우 등",,"예비창업자,1년미만,2년미만,3년미만,5년미만,7년미만",시설ㆍ공간ㆍ보육,20260526,20261231,,,이메일 접수: 공고문 확인 필요,https://www.k-startup.go.kr/web/contents/bizpbanc-ongoing.do?schM=view&pbancSn=177837,main,primary,입주기업모집공고,교육기관,20260526~20261231,시설ㆍ공간ㆍ보육,시설ㆍ공간ㆍ보육
kst,177836,2026년 지역특화콘텐츠개발지원사업(대구게임테크허브),"(재)대구디지털혁신진흥원에서는 「2026년 지역특화콘텐츠개발지원(대구게임테크허브) 차세대 플랫폼 도약 지원사업」의 참여기업 추가모집을 다음과 같이 공고하오니, 관심 있는 기업들의 많은 참여 바랍니다.",창업,공공기관,대구광역시,일반기업,기업,"만 20세 미만,만 20세 이상 ~ 만 39세 이하,만 40세 이상",,,"공고일 기준 사업자등록증 상 본사 소재지가 대구인 게임 제작 또는 배급업 등록 기업
* 협약일 기준 2개월 이내 대구 사업자등록·이전 확약 역외기업(본사)

(차세대 플랫폼 도약 지원)
 - 신규 PC·콘솔 게임 제작 예정 기업
 - 출시 이력 없는 초기·아이디어 단계 게임콘텐츠

첨부파일(공고문 및 사업안내서) 내 지원 제외대상 참고",,"1년미만,2년미만,3년미만,5년미만,7년미만,10년미만",사업화,20260526,20260610,,,온라인 접수: https://www.bojo.go.kr/bojo.do?popShareUrl=/ia/getIA005100Popup.do?&bsnsyear=&wdrLcgvCode=&labSfrndCode=&manageBsnsId=&nttId=202633000000025100018A&pid=POPUP&title=%EA%B3%B5%EB%AA%A8%EC%A0%95%EB%B3%B4,https://www.k-startup.go.kr/web/contents/bizpbanc-ongoing.do?schM=view&pbancSn=177836,main,primary,2026년지역특화콘텐츠개발지원사업대구게임테크허브,공공기관,20260526~20260610,사업화,사업화
kst,177834,Dream Venture Star with 조광페인트 드림벤처스타 12기 지원사업 모집공고,대전창조경제혁신센터는 도료(페인트) 제조 기업을 넘어 첨단 산업 분야의 핵심 소재를 공급하는 혁신 기업 조광페인트(주)와 함께 유망 스타트업 발굴 및 협업 연계를 위한 오픈이노베이션 프로그램을 추진하오니 많은 관심과 참여 바랍니다.,창업,공공기관,전국,"일반기업,1인 창조기업","기업,누구나,초기창업기업","만 20세 미만,만 20세 이상 ~ 만 39세 이하,만 40세 이상",,,"조광페인트와 협업을 희망하는 초기 단계 기술 기반 스타트업
ㆍ 공고일 기준 업력 7년 이내 창업 기업 (또는 신산업 창업 분야에 해당하는 10년 이내 창업 기업)
ㆍ 예비 창업자 제외
ㆍ 소재지 제한 없음

금융기관 채무불이행자, 국세·지방세 체납자, 허위서류 제출자, 정부지원사업 참여제한 대상, 창업 제외업종 영위자 등 (* 자세한 사항은 공고문 참고)",,7년미만,사업화,20260526,20260626,,,온라인 접수: https://dvs-oi.com,https://www.k-startup.go.kr/web/contents/bizpbanc-ongoing.do?schM=view&pbancSn=177834,main,primary,dreamventurestarwith조광페인트드림벤처스타12기지원사업모집공고,공공기관,20260526~20260626,사업화,사업화
kst,177833,Dream Venture Star with Growfy x UCLIX 드림벤처스타 12기 지원사업 모집공고,"대전창조경제혁신센터는 기술, 교육, 디지털 혁신 전반을 아우르는 미래지향적 비즈니스 그룹 ㈜터틀날리지와 함께 유망 스타트업 발굴 및 협업 연계를 위한 오픈이노베이션 프로그램을 추진하오니 많은 관심과 참여 바랍니다.",창업,공공기관,전국,"일반기업,1인 창조기업","기업,누구나,초기창업기업","만 20세 미만,만 20세 이상 ~ 만 39세 이하,만 40세 이상",,,"㈜터틀날리지와 협업을 희망하는 초기 단계 기술 기반 스타트업
ㆍ 공고일 기준 업력 7년 이내 창업 기업 (또는 신산업 창업 분야에 해당하는 10년 이내 창업 기업)
ㆍ 예비 창업자 제외
ㆍ 소재지 제한 없음

금융기관 채무불이행자, 국세·지방세 체납자, 허위서류 제출자, 정부지원사업 참여제한 대상, 창업 제외업종 영위자 등 (* 자세한 사항은 공고문 참고)",,7년미만,사업화,20260526,20260626,,,온라인 접수: https://dvs-oi.com,https://www.k-startup.go.kr/web/contents/bizpbanc-ongoing.do?schM=view&pbancSn=177833,main,primary,dreamventurestarwithgrowfyxuclix드림벤처스타12기지원사업모집공고,공공기관,20260526~20260626,사업화,사업화
kst,177832,Dream Venture Star with TYM X TYMICT 드림벤처스타 12기 지원사업 모집공고,대전창조경제혁신센터는 대한민국의 대표적인 글로벌 농기계 전문 기업 TYM X TYMICT와 함께 유망 스타트업 발굴 및 협업 연계를 위한 오픈이노베이션 프로그램을 추진하오니 많은 관심과 참여 바랍니다.,창업,공공기관,전국,"일반기업,1인 창조기업","기업,누구나,초기창업기업","만 20세 미만,만 20세 이상 ~ 만 39세 이하,만 40세 이상",,,"TYM, TYMICT와과 협업을 희망하는 초기 단계 기술 기반 스타트업
 ㆍ 공고일 기준 업력 7년 이내 창업 기업 (또는 신산업 창업 분야에 해당하는 10년 이내 창업 기업)
 ㆍ 예비 창업자 제외 
ㆍ 소재지 제한 없음

금융기관 채무불이행자, 국세·지방세 체납자, 허위서류 제출자, 정부지원사업 참여제한 대상, 창업 제외업종 영위자 등 (* 자세한 사항은 공고문 참고)",,7년미만,사업화,20260526,20260626,,,온라인 접수: https://dvs-oi.com,https://www.k-startup.go.kr/web/contents/bizpbanc-ongoing.do?schM=view&pbancSn=177832,main,primary,dreamventurestarwithtymxtymict드림벤처스타12기지원사업모집공고,공공기관,20260526~20260626,사업화,사업화
kst,177831,2026년도 ?뿌리산업 고도화를 위한 BIZ 플랫폼 구축 사업?  현장 맞춤 공정·기술 고도화 지원 기업 모집 및  지원 계획 통합 공고,"한국로봇융합연구원에서는 부산의 뿌리산업 육성 및 지속가능한 뿌리산업 생태계 조성을 위하여, 클라우드 기반의 통합 BIZ 플랫폼(제조서비스 플랫폼 + 공정협업 플랫폼)을 기반으로 현장 맞춤 공정·기술 고도화 지원을 추진하고자 다음과 같이 시행하오니 많은 참여 바랍니다.",기술,공공기관,부산광역시,"대학,연구기관,일반기업,1인 창조기업","기업,초기창업기업","만 20세 이상 ~ 만 39세 이하,만 40세 이상",,,"공고일 기준 부산 소재 기업으로, 금형·소성가공·정밀가공·표면처리 관련 분야의 제품·공정·기술을 보유한 기업 또는 해당 분야 고도화 수요기업",,"예비창업자,1년미만,2년미만,3년미만,5년미만,7년미만,10년미만",기술개발(R&amp;D),20260526,20260618,,,이메일 접수: 공고문 확인 필요,https://www.k-startup.go.kr/web/contents/bizpbanc-ongoing.do?schM=view&pbancSn=177831,main,primary,2026년도뿌리산업고도화를위한biz플랫폼구축사업현장맞춤공정기술고도화지원기업모집및지원계획통합공고,공공기관,20260526~20260618,기술개발(R&D),기술개발(R&D)
kst,177830,2026년도 ?제조산업 공정작업용 로봇 엔드이펙터 실증 기반 구축? 지원 기업 모집 연장 공고,"한국로봇융합연구원에서는 제조산업 공정작업용 로봇 엔드이펙터 관련 기업을 대상으로 엔드이펙터 제품의 성능·신뢰성 시험·검증, 공정 실증, 시험·평가·인증, 해외 인증 지원 등 One-Stop 기업지원 서비스를 제공하고자 「제조산업 공정작업용 로봇 엔드이펙터 실증 기반 구축」 사업의 지원기업 모집 통합공고를 다음과 같이 시행하오니 많은 참여 바랍니다.",기술,공공기관,전국,"일반인,대학,연구기관,일반기업,1인 창조기업","기업,누구나,초기창업기업","만 20세 이상 ~ 만 39세 이하,만 40세 이상",,,"제조산업 공정작업용 로봇 엔드이펙터 관련 제품·시스템 또는 요소기술을 개발·제조하거나 제조공정에 적용하는 국내 기업

※ 본 사업의 엔드이펙터는 단순 그리퍼에 한정되지 않으며, 말단장치, 부가장치, 센서, 제어기, SW 등 공정 수행에 필요한 장치가 연동된 시스템을 포함함. 단, 물리적 로봇 본체는 제외함",,"예비창업자,1년미만,2년미만,3년미만,5년미만,7년미만,10년미만",기술개발(R&amp;D),20260520,20260611,,,이메일 접수: 공고문 확인 필요,https://www.k-startup.go.kr/web/contents/bizpbanc-ongoing.do?schM=view&pbancSn=177830,main,primary,2026년도제조산업공정작업용로봇엔드이펙터실증기반구축지원기업모집연장공고,공공기관,20260520~20260611,기술개발(R&D),기술개발(R&D)
kst,177829,[비전웍스벤처스] 에르곤 스케일업 Batch 6기: 프리-액셀러레이팅 역량강화 프로그램 참가자 모집 (~6/9),유원대학교 충남 RISE 사업단에서「2026년 에르곤 스케일업 Batch 6기: 프리-액셀러레이팅 프로그램」창업팀을 모집합니다. 투자 유치를 준비 중인 예비·초기 창업자를 위한 액셀러레이팅 프로그램을 제공합니다.,창업,민간,전국,"청소년,대학생,일반인,일반기업,1인 창조기업","기업,누구나,청년,초기창업기업","만 20세 미만,만 20세 이상 ~ 만 39세 이하,만 40세 이상",,,"○ (사업분야) 혁신성을 지닌 딥테크, 라이콘, 소셜벤처/사회적기업 등

○ (지원자격)
① 지역·업종·연령 제한 없으며 누구나 지원 가능
② 예비 창업자(팀), 기창업자, 대학생, 일반인, 국내 거주 외국인 등
③ 단, 기창업 기업의 경우 공고일 기준 창업 7년 미만
④ (우대) 아산시 창업 준비 예비 창업자/기창업자, 아산 소재 기업 등
⑤ 기존 비전웍스벤처스, 유원대학교 프로그램 수료 기업 참여 가능",,"예비창업자,7년미만",사업화,20260526,20260609,,,온라인 접수: https://forms.gle/8igvxkEFi6BdjTTXA,https://www.k-startup.go.kr/web/contents/bizpbanc-deadline.do?schM=view&pbancSn=177829,main,primary,비전웍스벤처스에르곤스케일업batch6기프리액셀러레이팅역량강화프로그램참가자모집69,민간,20260526~20260609,사업화,사업화
kst,177828,2026 지역이음 관광기업 참여기업 모집,"고용노동부와 전북특별자치도 및 전주, 군산, 김제, 부안, 고창은 전주– 서해안권 연계를 통한 체류형 관광 활성화와 관광 일자리 창출을 위해 「전주-서해안 체류형 관광산업 일자리이음 프로젝트」를 추진하며, 이에 전주 및 서해안권 관광기업을 대상으로 지역이음 관광기업 지원사업의 참여기업을 모집합니다",창업,민간,전북특별자치도,일반기업,기업,"만 20세 이상 ~ 만 39세 이하,만 40세 이상",,,"1.성장 컨설팅 지원사업 
  - 전주 및 전북특별자치도 서해안권(군산,김제,부안,고창) 5개 지자체 내 5년 미만 관광스타트업 또는 7년 미만 관광기업
    ※ 세부 모집 요건은 공고문 참조
2. 근무체계 개선 지원사업
  - 전주 서해안권 내 권역 이동 근로자 또는 전입 근로자가 있는 관광기업

동일·유사한 내용으로 타 정부·지자체, 공공기관의 지원을 받고있는 경우 중복 수혜로 판단, 선정이 취소되거나 지원이 제한될 수 있음",,"5년미만,7년미만",사업화,20260520,20260601,,,이메일 접수: 공고문 확인 필요,https://www.k-startup.go.kr/web/contents/bizpbanc-deadline.do?schM=view&pbancSn=177828,main,primary,2026지역이음관광기업참여기업모집,민간,20260520~20260601,사업화,사업화
kst,177827,스타트런X페인터즈 LIPS 브릿지 데이(2회차),"LIPS 운영사 스타트런과 페인터즈앤벤처스가 유망 소상공인의 기업가형 소상공인 도약 및 성공적인 시장 안착을 지원하기 위해 LIPS 운영사와의 네트워킹의 장을 마련했습니다.
이에 기업가적 역량을 갖추고 혁신 성장을 희망하는 소상공인을 대상으로 「2026 스타트런 × 페인터즈 LIPS 브릿지 데이」 참가 기업을 다음과 같이 모집합니다.",행사/네트워크,민간,전국,"청소년,대학생,일반인,대학,연구기관,일반기업,1인 창조기업","기업,누구나,청년,초기창업기업","만 20세 미만,만 20세 이상 ~ 만 39세 이하,만 40세 이상",,,"유망 소상공인, LIPS 준비 중인 창업기업 등 본 행사에 관심있는 누구나",,"예비창업자,1년미만,2년미만,3년미만,5년미만,7년미만,10년미만",행사ㆍ네트워크,20260527,20260608,,,온라인 접수: https://forms.gle/JgiFXmx1aieccCPh7,https://www.k-startup.go.kr/web/contents/bizpbanc-deadline.do?schM=view&pbancSn=177827,main,primary,스타트런x페인터즈lips브릿지데이2회차,민간,20260527~20260608,행사ㆍ네트워크,행사ㆍ네트워크
kst,177826,2026년 스타 IR 데모데이 참여기업 모집공고(2차),"스타에셋파트너스(주)에서 2026년 스타 IR 데모데이를 통해 F&B 및 프랜차이즈 분야 창업 생태계 활성화 및 투자 유치 기회를 제공하고자 하오니, 관련 예비창업자 및 창업기업들의 적극적인 관심과 많은 참여 바랍니다.",행사/네트워크,민간,전국,"일반인,대학,일반기업,1인 창조기업","기업,누구나,예비창업자,초기창업기업","만 20세 이상 ~ 만 39세 이하,만 40세 이상",,,F&B 및 프랜차이즈 분야 예비창업자 및 7년 이내 초기 창업자,,"예비창업자,1년미만,2년미만,3년미만,5년미만,7년미만",행사ㆍ네트워크,20260601,20260630,,,이메일 접수: 공고문 확인 필요,https://www.k-startup.go.kr/web/contents/bizpbanc-ongoing.do?schM=view&pbancSn=177826,main,primary,2026년스타ir데모데이참여기업모집공고2차,민간,20260601~20260630,행사ㆍ네트워크,행사ㆍ네트워크
kst,177825,스타트업 해외전시회 지원,국내 유망 창업기업의 글로벌 시장 진출 지원과 기반 조성을 위한 2026년 창업진흥원 「SWITCH 2026 K-스타트업 통합관 참여기관」을 다음과 같이 모집합니다 .,판로/수출,공공기관,전국,"대학,일반기업,1인 창조기업","기업,스타트업,초기창업기업","만 20세 미만,만 20세 이상 ~ 만 39세 이하,만 40세 이상",,,"※ 아래 3가지 자격조건을 모두 충족하여야 함
① SWITCH 2026 'K-스타트업 통합관' 참여를 희망하는 지방정부, 공공기관, 민간기관 및 협·단체
* 단, 민간기업의 경우 기업신용평가등급 'B등급' 이상
② 전시회별 전시 기준에 충족하는 창업기업을 발굴하고, 추천이 가능한 지방정부, 공공기관, 민간기관 및 협·단체
③ K-스타트업 통합관 협약금(기업당 10백만원) 부담이 가능한 지방정부, 공공기관, 민간기관 및 협·단체",,"1년미만,2년미만,3년미만,5년미만,7년미만,10년미만",글로벌,20260527,20260604,,,이메일 접수: 공고문 확인 필요,https://www.k-startup.go.kr/web/contents/bizpbanc-deadline.do?schM=view&pbancSn=177825,main,primary,스타트업해외전시회지원,공공기관,20260527~20260604,글로벌,글로벌
kst,177824,2026 울산 관광 로컬 크리에이터 양성,「2026 울산 관광 로컬 크리에이터 양성」 교육 참가자를 아래와 같이 모집하오니 많은 관심과 참여 부탁드립니다.,교육/멘토링,민간,울산광역시,"대학생,일반인","누구나,예비창업자,청년","만 20세 이상 ~ 만 39세 이하,만 40세 이상",,,"1. 울산광역시에 주소지를 둔 예비창업자
2. 울산광역시에 사업장을 둔 소상공인",,"예비창업자,5년미만",멘토링ㆍ컨설팅ㆍ교육,20260526,20260616,,,온라인 접수: bit.ly/울산관광로컬크리에이터,https://www.k-startup.go.kr/web/contents/bizpbanc-ongoing.do?schM=view&pbancSn=177824,main,primary,2026울산관광로컬크리에이터양성,민간,20260526~20260616,멘토링ㆍ컨설팅ㆍ교육,멘토링ㆍ컨설팅ㆍ교육
youth,20260605005400113228,청년미래적금('26.6.22 출시예정),"청년들의 기초자산 형성을 지원하기 위한 정책형 금융상품으로, 3년 만기 시까지 매월 최대 50만원 한도 내에서 자유롭게 납입 가능(2026년 6월 22일 출시 예정)",복지/문화,금융위원회,전국,0013010 | 0049010,청년,만 19세 ~ 만 34세,19,34,,"소득조건코드=0043003 / 소득범위=0~0 / 총급여 7,500만원 이하 또는 연매출 3억원 이하 소상공인 중 가구 중위소득 200% 이하인 청년을 대상",,"은행이자+비과세 혜택+정부기여금(납입금액에 비례해 일반형 6%, 우대형 12%의 정부기여금 지원)",20260622 ~ 20261231,20261231,"ㅇ 청년도약계좌-청년미래적금 간 갈아타기는 2026년 6월 최초 가입 기간에 한해 허용됨(*갈아타기 세부절차는 서민금융진흥원 카카오톡 알림톡 등으로 별도 안내할 예정)
ㅇ 금리 : 취급 금융기관 자율 결정*
   (공통 우대금리) 일정소득(총급여 3,600만원 이하 또는 종합소득 2,600만원) 이하 0.5%p (단, 비과세소득(육아휴직급여(수당), 군장병급여)자는 미적용), 청년 모두를 위한 재무상담 이수 0.2%p
* 은행연합회 소비자포털(portal.kfb.or.kr > 금리/수수료 > 예금상품금리 비교) 확인",,"ㅇ 취급은행 모바일앱을 통해 매월 비대면 신청 가능
ㅇ 2026년 6월 출시 예정",https://blog.naver.com/blogfsc/224302863400,main,primary,청년미래적금26622출시예정,금융위원회,20260622 ~ 20261231~20261231,금융･복지･문화,취약계층 및 금융지원
youth,20260528005400113227,(농식품부) 농식품 바우처,『농업·농촌 및 식품산업 기본법』 제 23조의 2(취약계층 등에 대한 식품지원)에 근거하여 취약계층의 식품 접근성을 강화하고 균형 있는 식품 섭취를 지원하는 식품지원 제도,복지/문화,농림축산식품부,전국,"아래 기초지자체는 '26년 농식품바우처 사업 미추진
- 서울 : 강서구, 송파구(청년 포함가구 미지원)
- 인천 : 미추홀구
- 경기 : 수원시, 부천시, 안산시, 안양시, 하남시

* 농식품바우처 지정 오프라인 매장은 이용가능
* 미시행 지자체 전입시 바우처 사용 불가, 전입전까지 지원금액 모두 사용 | 0013010 | 0049010",청년,만 18세 ~ 만 34세,18,34,"생계급여 수급가구 가구원 중 「국민기초생활 보장법」상 보장시설 수급자는 가구원 수 산출에서 제외
보건복지부 영양플러스 사업 이용자는 해당 기간 동안 가구원 수 산출에서 제외",소득조건코드=0043003 / 소득범위=0~0 / 생계급여(기준 중위소득 32%이하) 수급가구 중 임산부·영유아·아동·청년 포함가구,,"- 지원방식: 전자바우처(카드방식)
- 지원품목: 국산 채소류, 과일류, 육류, 신선알류, 흰 우유, 잡곡류, 두부류, 임산물 (이외 품목 구매 불가)",20251222 ~ 20261211,20261231,"생계급여 수급가구 가구원 중 「국민기초생활 보장법」상 보장시설 수급자는 가구원 수 산출에서 제외
보건복지부 영양플러스 사업 이용자는 해당 기간 동안 가구원 수 산출에서 제외",,"1. 방문신청 : 주소지 관할 읍ㆍ면ㆍ동 행정복지센터 방문
2. 전화신청 : 고객지원센터 (1551-0857)를 통해 신청
3. 온라인신청 : 농식품 바우처 홈페이지에서 신청
4. 자동신청 : 2025년 농식품바우처 이용가구 중 2025. 12. 22. 기준 지원 자격을 충족하는 경우 별도 절차 없이 자동으로 승인 처리",https://www.foodvoucher.go.kr/view/fm/vucintro/agriFood,main,primary,농식품부농식품바우처,농림축산식품부,20251222 ~ 20261211~20261231,금융･복지･문화,건강
youth,20260528005400113226,(문체부) 청년예술인 예술활동 적립계좌,청년예술인에게 중장기 자산형성의 기회를 마련하여 안정적인 예술활동을 지원하는 사업,복지/문화,문화체육관광부,전국,"1. 적금 7개월 이상 연속 미납자
2. 적금 만기 전 상품 해지자
3. 사망 및 압류계좌로 확인된 자
4. 적금 선납 시 1회 지원금만 지원되며, 잔여 회차 지원금 지급 불가(240만원 한도 외 추가 납입 불가)
* (예시) 적금 선납 예시
- (1회차)10만원 (2회차)230만원 ⇒ 지원금 20만원 인정. 선납한 22회차 지원금 지급 불가.
- (1회차)10만원 (2회차)100만원 ⇒ 지원금 20만원 인정. 선납한 9회차 지원금 지급 불가 | 0013010 | 0049010",청년,만 18세 ~ 만 39세,18,39,"「예술인복지법」상 예술활동증명을 완료한 예술인(신청일 기준 예술활동증명 유효자)
- 일반 예술활동증명 완료자(공개 발표된 예술활동, 예술활동 수입, 경력단절예술인, 특수한 작업방식, 무형유산 관련 특례), 신진예술인 예술활동증명 완료자
- 국내 거주 내국인 및 재외국민에 한함 (외국인은 참여 불가)
- 재외국민의 경우, 출입국사실증명을 통해 신청일 기준 2년간 국내 거주 사실이 확인되며 일시 출국 기간 매회 90일 이내 및 연간* 국내 체류 총합 183일 이상인 자
* 연간기준: (1차년) 2024. 2. 4. ~ 2025. 2. 3., (2차년) 2025. 2. 4. ~ 2026. 2. 3.",소득조건코드=0043002 / 소득범위=0~3692,,"매월 일정 금액을 24개월간 적금 저축 시 가입자가 저축한 금액만큼 정부지원금을 지원 (1인 최대 240만원)
- 상품종류: 10만원 정액 적금
- 가입기간: 2년 (24개월)
- 납입한도: 월 10만원 (2년 최대 240만원)
- 지급방식: 만기 일시지급 (지원금은 만기 익월 지급)",20260101,20261231,"「예술인복지법」상 예술활동증명을 완료한 예술인(신청일 기준 예술활동증명 유효자)
- 일반 예술활동증명 완료자(공개 발표된 예술활동, 예술활동 수입, 경력단절예술인, 특수한 작업방식, 무형유산 관련 특례), 신진예술인 예술활동증명 완료자
- 국내 거주 내국인 및 재외국민에 한함 (외국인은 참여 불가)
- 재외국민의 경우, 출입국사실증명을 통해 신청일 기준 2년간 국내 거주 사실이 확인되며 일시 출국 기간 매회 90일 이내 및 연간* 국내 체류 총합 183일 이상인 자
* 연간기준: (1차년) 2024. 2. 4. ~ 2025. 2. 3., (2차년) 2025. 2. 4. ~ 2026. 2. 3.","1. 주민등록초본
- 2026년 발급분
- 발급 시 발급대상자 본인 및 전체 발급

2. 소득금액증명원
- 2026년 발급분
- 귀속년도: 직전년도(2024년도) 소득금액증명원 발급
- 작성기준: 종합소득세 신고 현황의 소득금액(사업, 근로, 기타) 및 연말정산 현황의 근로소득, 사업소득의 소득금액 총합계 (소득이 없을경우, 사실증명원 제출 가능)

3. 성희롱·성폭력 예방교육 수료증
- 예술인권리보장시스템 (sinmungo.kawf.kr)에서 수강 후 수료증 발급

4. 출입국에 관한 사실증명
- 신청·접수 기간 내 발급
- 조회기간: 2024. 2. 4.부터 ~ 2026. 2. 3.까지","1. 예술활동증명확인
예술인경력정보시스템(https://www.kawfartist.kr)을 접속하시어
경력지원 > 예술활동증명 > 신청내역 진행 상태에서 신청일 현재 예술활동증명 유효 여부를 확인합니다.

2. 구비서류 확인
상품 및 구비서류를 확인하여 준비합니다.

3. 온라인 신청
공지사항에 공지된 신청기간 내 적립계좌 신청하기를 통해 신청 정보 동의 및 인적사항, 신청자료를 입력합니다.",https://www.artloan.kr/notice/savingsAccount.do,main,primary,문체부청년예술인예술활동적립계좌,문화체육관광부,20260101~20261231,금융･복지･문화,예술인지원
youth,20260527005400113224,청년 국가기술자격 응시료 지원 사업,"구직활동을 하거나 경력을 개발하는 청년들의 경제적 부담을 완화하고, 국가기술자격 취득을 통한 취업 경쟁력 강화를 도모",인력/일자리,고용노동부,전국,0013010 | 0049010,청년,만 0세 ~ 만 34세,,34,,소득조건코드=0043001 / 소득범위=0~0,,"34세 이하 청년*이(소득 및 취업 여부 무관) 한국산업인력공단이 시행하는 국가기술자격 시험(’26년 기준 491종목)에 응시하는 경우 응시료의 50%를 선 지원
(1인당 年 3회 지원, 단 예산 242억 원 소진시 마감)

* ’26년 기준 ’91.1.1. 이후 출생자",        ,        ,,,"한국산업인력공단 Q-Net(https://www.q-net.or.kr) 원서접수 결제 단계에서, 34세 이하 청년인 경우 별도의 신청 절차 없이 50% 할인 자동 적용",https://www.q-net.or.kr/man004.do?id=man00402&gSite=Q&gId=,main,primary,청년국가기술자격응시료지원사업,고용노동부,,일자리,취업
youth,20260527005400113223,전세보증금반환보증 보증료 지원,"전세사기, 역전세 등 임차인이 전세보증금을 돌려받지 못하는 전세 피해를 예방하고, 상대적으로 주거 취약계층인 청년 및 저소득층의 주거 안정을 도모",주거,국토교통부,전국,0013010 | 0049010,청년,만 0세 ~ 만 0세,,,,소득조건코드=0043001 / 소득범위=0~0,,"○ 지원대상
- 신청일 기준 유효한 전세보증금반환보증(HUG, HF, SGI)에 가입한 임차보증금 3억원 이하, 연소득 (청년) 5천만원, (청년외) 6천만원, (신혼부부) 7.5천만원 이하 무주택 임차인

○ 지원금
- 신청인이 기납부한 전세보증금반환보증 보증료에 대해 최대 40만원 한도 내 지원('25.3.30 이전 가입건은 최대 30만원 지원)
ㆍ단, 청년외의 경우 신청인이 기납부한 보증료의 90%를 최대 40만원 한도 내 지원

○ 신청시기
- 연중 (지자체별 예산 소진시 조기 마감)",        ,        ,,"<민원인이 제출해야 하는 서류>
○ 보증기관에서 보증가입 시 전세보증금반환보증 보증료 지원 사업을 위한 제3자 정보제공에 동의한 경우
- 보증료 지원 신청서, 서약서

○ 신청인 제출 서류
- 보증료 지원 신청 및 서약서, 지급받을 계좌의 통장 사본
- 전세보증금반환보증 보증서(보증기관 날인 필수), 보증료 납부 증빙서류*(납부액 기재, 보증기관 날인 필수)
* HUG와 SGI의경우 보증서에 보증료가 기재되어 있으므로 별도 증빙서류 불필요
- 임대차계약서, 부동산 등기사항 전부증명서
- 주민등록등본(전체공개), 혼인관계증명서(일반증명서, 전부공개, 국내기관제출용)
- 소득금액증빙자료(열람용은 법적 효력 없음)
(근로소득) 아래 서류 중 택1
· 최근년도 근로소득원천징수 영수증
· 전년도 소득금액 증명원(7.1일 이전은 전전년도 소득금액증명원)
· 소득확인증명서(ISA 가입용)
· 갑근세원천징수확인서(홈택스에서 발급시 관공서 제출용, 회사 발급시 회사 직인 필요)
· 급여명세표, 임금대장 등 최근 1년간의 급여액을 알 수 있는 자료
(사업소득) 아래 서류 중 택1
· 전년도 소득금액 증명원(7.1일 이전은 전전년도 소득금액증명원)
· 소득확인증명서(ISA 가입용)
· 종합소득세 과세표준확정신고 및 납부 계산서(세무사 확인분)
· 사업소득원천징수영수증(연말정산용)
(연금소득) 연금수급권자 확인서 등 기타 연금을 확인할 수 있는 지급기관의 증명서(단, 연금수령액이 표기되지 않는 경우 연금 수령통장)
* 기존 소득심사방법과 동일하게 소득금액증명원 제출시 별도 서류 제출하지 않아도 무방하나, 그 외 소득확인증명서 등 재직기간 확인이 어려운 경우는 재직증명서, 건강보험자격득실확인서 등 재직기간을 확인할 수 있는 서류 추가 제출 필요
** 소득이 발생하지 않아 소득금액증명이 발급되지 않는 경우에는 '사실증명(신고사실없음)' 제출
*** 기혼자는 배우자의 소득증빙 서류도 필수 제출
- 대리신청의 경우 위임장, 대리인 신분증, 본인-대리인 관계 증명 서류 제출

※ 소득금액증명 상 연소득 확인:
- (근로소득) 종합소득세 신고 현황 - 수입금액 / 연말정산 현황 - 지급받은 총액
- (그 외 소득) 종합소득 신고 현황 - 소득금액 합계 / 연말정산 현황 - 소득금액 합계
※ 모든 서류는 신청일 기준 3개월 이내에 발급한 서류로 제출","○ 신청방법 : 시·군·구청 또는 주민센터에 방문 접수 혹은 온라인 접수
※ 방문접수의 경우 구군별 상이하니 전화 후 방문 필요
* 대구광역시는 온라인 접수 또는 시청 방문 신청

○ 지급시기 및 지급방법
- 지급일 : 접수 후 심사를 거쳐 30일 이내(기간 연장 필요한 경우 신청인 통지 후 15일 연장 가능) 지급
- 지급방법 : 신청인 계좌에 직접 입금

○ 신청 처리상태 안내
- 알림수신에 동의하신 경우 SMS/국민비서를 통해 처리상태를 안내받으실 수 있습니다.
※ 알림수신 동의 참고사항
1. 정부24 → MyGOV → 나의 정보관리 → 알림 수신동의 → SMS/국민비서 (예)로 변경
2. 국민비서 → 로그인 → 화면 좌측에 국민비서 알림 체크 → 화면 좌측에 수신받을 앱 선택 → 화면 우측에 알림서비스 선택 (정부 24 체크)",https://www.gov.kr/portal/rcvfvrSvc/dtlEx/161300000103,main,primary,전세보증금반환보증보증료지원,국토교통부,,주거,전월세 및 주거급여 지원
youth,20260527005400213222,2026년 청년근로자 교통비 지원사업,교통비 지원을 통해 관내 청년 이탈 방지 및 안정적인 직장생활 유도를 통한 청년 일자리 창출 기여,인력/일자리,경상북도 고령군 인구정책실,경상북도,0013001 | 0049010,청년,만 18세 ~ 만 45세,18,45,,소득조건코드=0043001 / 소득범위=0~0,,"ㅇ (대상)
- 18~45세 고령군 거주(예정)인 청년근로자
- 중소기업에 근무하는 청년근로자
※타지역 중소기업에 근무하더라도 고령군 청년이면 신청 가능
ㅇ (주요내용) 최대 8개월 간 월 5만원 지원",20260526 ~ 20260624,20261231,,,,https://www.goryeong.go.kr/kor/boardView.do?IDX=154&BRD_ID=1023&BOARD_IDX=41670&searchType=ALL&searchValue=&page=1,main,primary,2026년청년근로자교통비지원사업,경상북도고령군인구정책실,20260526 ~ 20260624~20261231,일자리,취업
youth,20260527005400213221,2026년 청년창업자 임차료 지원사업,초기 청년창업자에게 최대 5개월간 임차료 50%(월 최대 40만원) 지원,인력/일자리,경상북도 고령군 인구정책실,경상북도,"0013002,0013003 | 0049010",청년,만 18세 ~ 만 45세,18,45,,소득조건코드=0043001 / 소득범위=0~0,,"ㅇ (목적) 청년 창업자에 임차료를 일부 지원함으로써 안정적인 창업환경을 유지하고 경제적 자립을 지원하여 관내 청년 이탈 방지 도모
ㅇ (대상) 18세~45세 고령군 거주(예정)인 3년 이내 초기 청년창업가
ㅇ (주요내용) 최대 5개월간 월 임차료 50% 지원(월 최대 40만원)",20260518 ~ 20260616,20261031,,,,https://www.goryeong.go.kr/kor/boardView.do?IDX=154&BRD_ID=1023&BOARD_IDX=41634&searchType=ALL&searchValue=%EC%9E%84%EC%B0%A8%EB%A3%8C&page=1,main,primary,2026년청년창업자임차료지원사업,경상북도고령군인구정책실,20260518 ~ 20260616~20261031,일자리,창업
youth,20260522005400213220,삼척형 일자리 안심공제,"공제가입 기업에 재직 중인 정규직 또는 무기계약직
공제 가입 및 공제부금 납부(5년간)",복지/문화,강원특별자치도 삼척시,강원특별자치도,"<기업>
1) 지원제외 업종(품목코드)     * 붙임 「한국표준사업분류(통계청 고시)」참조
 - 일반 유흥주점업(56211), 무도 유흥주점업(56212), 기타 주점업(56219), 기타 사행시설 관리 및
   운영업(91249), 무도장 운영업(91291) 등
2) 사업자등록을 하지 않은 기업 
3) 휴‧폐업 중인 기업. 단, 재해를 직접 원인으로 휴업 중인 기업은 가동 중인 기업으로 간주하여 가입대상에 포함
4) 국세‧지방세 체납 중인 기업. 단, 세금분납계획에 따라 성실하게 세금을 납부하고 있는 기업은 가입대상에 포함
5) 공제금․해지환급금의 부정수급 시도 등의 사유로 진흥원이 공제계약을 해지한 날로부터 3년이 경과되지 않은 기업

<근로자>
1) 해당기업의 대표자  
2) 위 1)에 해당하는 자의 배우자, 부모, 자녀
3) 신청일부터 해지일까지 주민등록상 주소지가 삼척시로 유지가 불가능한 자
4) 신청일 기준 정부 및 지방자치단체에서 시행 중인 근로자에게 직접 지원하는 
   자산형성 지원성격의 사업*에 참여 중인 자
  * (중복관리 대상사업) 강원형 일자리 안심공제, 청년내일채움공제, 청년재직자내일채움공제, 희망키움통장Ⅰ, 희망키움통장Ⅱ, 
    내일키움통장, 청년희망키움통장, 청년저축계좌, 희망저축계좌 1, 희망저축계좌 2, 청년내일저축계좌, 강원형청년일자리사업(지역정착지원), 강원 청년 디딤돌 두배 적금 등 지자체 자산형성 사업
5) 정년이 있는 기업 근로자의 경우 정년까지의 근무기간이 5년 미만인 자 
6) 대한민국 국적을 보유하지 않은 외국인 | 0013001 | 0049010",청년,만 0세 ~ 만 0세,,,"❍ 기업(법인 또는 개인사업자)
   -「중소기업기본법」제2조제1항(중소기업자의 범위)에 따른 중소기업
   -「중견기업 성장촉진 및 경쟁력 강화에 관한 특별법」제2조제1호(정의)에 따른 중견기업  ※ 소상공인 포함
   - 위 중소기업 또는 중견기업 중 삼척시에 사업장을 두고 있고, 소속 상용근로자   1명 이상인 기업 ※ 지원기간 동안 사업자등록증 상 사업장 소재지가 삼척시 내로 되어 있어야 함.

  ❍ 근로자 
   - 공제가입 기업에 재직 중인 정규직 또는 무기계약직
     ※‘정규직 또는 무기계약직’은 기간의 정함이 없는 근로계약을 체결한 근로자를 말하며 
          「기간제 및 단시간근로자 보호 등에 관한 법률」 제2조에 따른 기간제근로자는 제외함.
   - 신청일부터 해지일까지 주민등록상 주소지가 삼척시이며, 해당기업에 계속 재직이 가능한 자
   - 기업의 공제가입 승인을 받은 자",소득조건코드=0043001 / 소득범위=0~0,,"월 50만원*씩 5년간 적립 후 만기에 적립금(3천만 원)과 공제부금 이자를 근로자에게 지급
   *공제부금: 기업 기여금 15만원, 근로자 납부금 15만원 / 삼척시 지원금 20만원",        ,        ,"❍ 기업(법인 또는 개인사업자)
   -「중소기업기본법」제2조제1항(중소기업자의 범위)에 따른 중소기업
   -「중견기업 성장촉진 및 경쟁력 강화에 관한 특별법」제2조제1호(정의)에 따른 중견기업  ※ 소상공인 포함
   - 위 중소기업 또는 중견기업 중 삼척시에 사업장을 두고 있고, 소속 상용근로자   1명 이상인 기업 ※ 지원기간 동안 사업자등록증 상 사업장 소재지가 삼척시 내로 되어 있어야 함.

  ❍ 근로자 
   - 공제가입 기업에 재직 중인 정규직 또는 무기계약직
     ※‘정규직 또는 무기계약직’은 기간의 정함이 없는 근로계약을 체결한 근로자를 말하며 
          「기간제 및 단시간근로자 보호 등에 관한 법률」 제2조에 따른 기간제근로자는 제외함.
   - 신청일부터 해지일까지 주민등록상 주소지가 삼척시이며, 해당기업에 계속 재직이 가능한 자
   - 기업의 공제가입 승인을 받은 자",,삼척형 일자리 안심공제 홈페이지(https://gwwell.kr/samcheok),https://gwwell.kr/samcheok,main,primary,삼척형일자리안심공제,강원특별자치도삼척시,,금융･복지･문화,취약계층 및 금융지원
youth,20260522005400213219,대학생 아르바이트 운영,"방학기간 시정 참여를 통한 사회 경험 및 경제 활동 기회 부여
2026년 하계 (1기) 7. 6. ~ 7. 19. (2기) 7. 20. ~ 8. 2. (3기) 8. 3. ~ 8. 16.",인력/일자리,강원특별자치도 삼척시,강원특별자치도,"** 입학예정자, 제적생, 졸업생, 대학원생 제외 | 0013010 | 0049005",청년,만 0세 ~ 만 0세,,,"모집 공고일 기준으로 아래 ①, ② 요건을 모두 충족할 것
① 본인 또는 부모(친권자, 후견인 포함)의 주민등록주소가 삼척시 관내로 되어 있고,
② 대학(교)*에 재학(휴학 포함)하고 있는 학생**
  * 방송통신대학, 사이버대학, 평생교육시설 등 포함",소득조건코드=0043001 / 소득범위=0~0,,"-행정업무 보조, 현장(관광지) 업무 지원 등(1일 8시간, 주5-7일) *근무지에 따라 상이할 수 있음
-인건비: 1일 83,200원(10,400원 * 8시간)",20260526 ~ 20260605,20260816,"모집 공고일 기준으로 아래 ①, ② 요건을 모두 충족할 것
① 본인 또는 부모(친권자, 후견인 포함)의 주민등록주소가 삼척시 관내로 되어 있고,
② 대학(교)*에 재학(휴학 포함)하고 있는 학생**
  * 방송통신대학, 사이버대학, 평생교육시설 등 포함",,온라인(삼척시 공식 누리집->시민참여->시민마당->대학생 아르바이트 신청),https://www.samcheok.go.kr/citizen/01430/02605.web,main,primary,대학생아르바이트운영,강원특별자치도삼척시,20260526 ~ 20260605~20260816,일자리,취업
youth,20260522005400213218,삼척형 청년인턴 지원사업,삼척시 거주 미취업 청년(18~49세) 공공 행정 분야 인턴 연수 기회 제공,인력/일자리,강원특별자치도 삼척시,강원특별자치도,0013003 | 0049004,청년,만 18세 ~ 만 49세,18,49,"□ 선발 우선순위(모집인원 초과 시)
  ① 취약계층(기초생활수급자, 차상위계층, 한부모가정), 국가유공자
  ② 전 단계 행복일자리(청년층) 및 행정인턴 미 참여자
  ③ 선발기준표에 의한 고득점자 순 선발
     ※ 동점자 발생 시 : 연령이 낮은 자 우선 선발
     ※ 주소지, 근무가능지역 고려하여 고득점자 우선 배치",소득조건코드=0043001 / 소득범위=0~0,,"상/하반기 행정인턴 모집(주 5일 근무, 1일 7시간)",20260202 ~ 20260206,20260628,"□ 선발 우선순위(모집인원 초과 시)
  ① 취약계층(기초생활수급자, 차상위계층, 한부모가정), 국가유공자
  ② 전 단계 행복일자리(청년층) 및 행정인턴 미 참여자
  ③ 선발기준표에 의한 고득점자 순 선발
     ※ 동점자 발생 시 : 연령이 낮은 자 우선 선발
     ※ 주소지, 근무가능지역 고려하여 고득점자 우선 배치",,경제과 방문 접수,https://www.samcheok.go.kr/specialty/00471/00480.web,main,primary,삼척형청년인턴지원사업,강원특별자치도삼척시,20260202 ~ 20260206~20260628,일자리,취업
youth,20260522005400213217,삼척중앙시장 청년몰 운영사업,삼척중앙시장 청년몰 입점 청년 상인 모집,인력/일자리,강원특별자치도 삼척시,강원특별자치도,"① 피성년후견인 또는 피한정후견인
② 파산선고를 받고 복권되지 아니한 자
③ 금고 이상의 실형 후 집행종료 또는 집행면제 후 5년이 지나지 아니한 자
④ 금고 이상의 실형 후 집행유예 기간이 끝난 날부터 2년이 지나지 아니한 자
⑤ 금고 이상의 형의 선고유예를 받은 경우에는 그 선고 유예기간 중에 있는 자
⑥ 공고일 기준 청년상인 육성사업(전통시장 청년상인 창업지원)에 참여 중인 자
⑦ 공고일 기준 최근 3년 이내 청년상인 지원사업(전통시장 청년상인 창업지원)에 선정된 후     지원 중 중도포기, 폐업, 법령이나 지침 위반 등으로 계약해지 된 자
⑧ 현 청년몰 입점상인의 배우자 및 직계존비속인 자
⑨ 국세 또는 지방세를 체납 중인 자 | 0013006 | 0049010",청년,만 18세 ~ 만 49세,18,49,,소득조건코드=0043001 / 소득범위=0~0,,삼척청년센터 청년몰 입점 (공유재산 사용료 연 5~60만 원),20260421 ~ 20260508,        ,,,"1차 평가(서류), 2차 평가(면접) -> 최종선발 및 입점",https://www.samcheok.go.kr/intro/00443/02086.web?amode=view&idx=138414,main,primary,삼척중앙시장청년몰운영사업,강원특별자치도삼척시,20260421 ~ 20260508~,일자리,창업
youth,20260522005400213216,미취업 청년 자격증 응시료 지원사업,삼척시 거주 6개월 이상 미취업 청년(18~49세) 자격증 응시료 실비 지원,교육/멘토링,강원특별자치도 삼척시,강원특별자치도,정부 및 타 지자체 동일/유사사업 수혜자 | 0013003 | 0049010,청년,만 18세 ~ 만 49세,18,49,"신청일 기준 6개월 이상 삼척시에 주민등록을 두고 있는 자
2025. 12. 1. ~ 2026. 11. 30. 실시한 시험의 실제 응시자",소득조건코드=0043001 / 소득범위=0~0,,"자격증 응시료 실비 지원(1인 10만 원 이내)
지원분야: 어학, 한국사, 국가기술(전문)자격증, 국가공인민간자격증",20260101 ~ 20261130,20261231,"신청일 기준 6개월 이상 삼척시에 주민등록을 두고 있는 자
2025. 12. 1. ~ 2026. 11. 30. 실시한 시험의 실제 응시자",,정부24 누리집 접수,https://plus.gov.kr/portal/benefitV2/benefitTotalSrvcList/benefitSrvcDtl?svcSeq=2130026&bnefType=all&svcId=424100000003,main,primary,미취업청년자격증응시료지원사업,강원특별자치도삼척시,20260101 ~ 20261130~20261231,교육･직업훈련,미래역량강화
youth,20260522005400213215,삼척형 청년스타트업 창업지원사업,삼척시 거주 예비 창업자 및 1년 미만 초기 창업 청년(18~49세) 대상 창업간접비 지원,인력/일자리,강원특별자치도 삼척시,강원특별자치도,"0013003,0013006 | 0049010","스타트업,청년",만 18세 ~ 만 49세,18,49,,소득조건코드=0043001 / 소득범위=0~0,,"창업간접비 1,200만 원 지원(자부담 200만 원 포함) *자체공모형 보조사업",20251222 ~ 20260123,20270324,,,,https://www.bizinfo.go.kr/sii/siia/selectSIIA200Detail.do?pblancId=PBLN_000000000117641,main,primary,삼척형청년스타트업창업지원사업,강원특별자치도삼척시,20251222 ~ 20260123~20270324,일자리,창업
youth,20260522005400213213,2026년 창업 아이디어 공모 및 지원,○ 창의적인 창업 아이디어 보유 창업가 발굴·지원(광주대학교 협업),인력/일자리,광주시청,광주광역시,0013010 | 0049010,청년,만 1세 ~ 만 99세,,,,소득조건코드=0043001 / 소득범위=0~0,,"○ 사업화 자금 지원(총 6,000만원 / 각 1,000만원)
· (남구) 500만원: 창업비, 홍보 마케팅, 재료비, 디자인 개발비 등
· (광주대) 500만원: 마케팅 프로듀싱비(온라인콘텐츠, 홍보물 제작 등)
※ 인건비, 사무실 임차료, 공과금, 관리비 등 운영 경비 목적 사용 불가
○ 창업 역량강화
· 창업 기본교육, 멘토링 지원",20260526 ~ 20260612,20261231,"○ 제외대상
· 사행성, 환경오염 유발 가능성 등 반사회적 성격의 창업 아이디어
· 타인의 특허·실용신안 등 지적재산권 침해(우려) 아이디어
· 창업 거점 주소 및 공간이 명확하지 않은 경우 등
· (중복지원) 타 기관 창업지원사업 선정자 신청 가능하나, 동일·유사 내용 지원 이력 시 중복지원 여부 검토 및 선정 제한 가능",☞ 자세한 내용은 붙임파일을 확인해주시기 바랍니다.,"○  신청방법 : 방문 또는 이메일 접수
· (방 문) 광주 남구 봉선로 1, 남구청 6층 일자리정책과
· (이메일) ids2915@korea.kr(제출 후 유선확인必, ☎ 607-2671)",https://www.youthcenter.go.kr/youthPolicy/ythPlcyTotalSearch/ythPlcyDetail/20260522005400213213,main,primary,2026년창업아이디어공모및지원,광주시청,20260526 ~ 20260612~20261231,일자리,창업
youth,20260522005400213211,2026 광주광역시 전략사업별 지역생태계 활성화 사업 「내일을 만드는 청년 직무형 일경험 사업」,"○ 지역 내 청년 구직 의욕 고취 및 사회적경제 기업 실질 직무경험 지원
○ 디지털마케팅·통합돌봄 분야 직무교육 및 일경험 연계 운영",인력/일자리,광주시청,광주광역시,0013010 | 0049010,청년,만 19세 ~ 만 39세,19,39,,소득조건코드=0043001 / 소득범위=0~0,,"○ 디지털 및 통합돌봄 전문 직무교육(50명)
○ 현장 중심 일경험 운영(일경험 수당 총 600만원 지급)
○ 프로젝트 기반 협업 활동 운영(디지털 직무 일경험 참여자)
○ 생활 안정화 교육(50명) 및 재무 상담(50명) 운영
○ 취업 연계 지원",20260519 ~ 20260614,20261130,"○ 우대사항
· 취업취약청년(준비 중 청년, 자립준비청년, 북한이탈청년, 은둔형외톨이, 경력단절여성 등)
· 마케팅 및 돌봄분야 취업 준비 청년",☞ 자세한 내용은 붙임파일을 확인해주시기 바랍니다.,○ 신청하기→ 온라인 신청서 작성 → 제출(해당자에 한해 추가서류 제출),https://gjsec.kr/bbs/board.php?bo_table=noti&wr_id=2902,main,primary,2026광주광역시전략사업별지역생태계활성화사업내일을만드는청년직무형일경험사업,광주시청,20260519 ~ 20260614~20261130,일자리,취업
youth,20260521005400213209,청년온가 2026년 정기 입주자 모집 재공고,"광산구가 미취업청년의 성공적인 자립과 미래를 위해 준비한 청년 빌드업스테이 광산청년온(溫)가(家)에서 2026년 정기 입주자를 아래와 같이 모집하오니 미취업 청년들의 많은 관심과 도전 바랍니다.
□ 모집개요
o 모집대상 : 미취업 청년(19~39세) 총 3명(남성·여성 청년 총 3명)
o 모집기간 : 2026. 5. 14.(목) ~ 충원 시 까지
o 내 용
- 청년 1인 1호실 독립공간 무료 제공
- 자립역량 교육 : 혼밥 식단관리, 개별 심리상담, 동아리활동 지원, 재무관리, 구 직기술 및 직무역량 강화 등
- 취업역량교육 : 청년정책 사업 연계, 구직활동 지도, 일경험 프로그램 운영
o 신청방법 : 이메일 접수(youth-onga@naver.com)
o 문 의 처 : ☎062-710-7717 (광산 청년온가)",주거,광주시청,광주광역시,0013010 | 0049010,청년,만 19세 ~ 만 39세,19,39,,소득조건코드=0043001 / 소득범위=0~0,,"o 내 용

- 청년 1인 1호실 독립공간 무료 제공

- 자립역량 교육 : 혼밥 식단관리, 개별 심리상담, 동아리활동 지원, 재무관리, 구 직기술 및 직무역량 강화 등

- 취업역량교육 : 청년정책 사업 연계, 구직활동 지도, 일경험 프로그램 운영
[출처] 청년온가 2026년 정기 입주자 모집 재공고|작성자 광산 청년온가",20260514,20261231,,,o 신청방법 : 이메일 접수(youth-onga@naver.com),https://blog.naver.com/youth-onga/224285460127,main,primary,청년온가2026년정기입주자모집재공고,광주시청,20260514~20261231,주거,주택 및 거주지
youth,20260518005400213206,2026 농식품가공창업보육센터 이용자 모집 공고(공유주방 창업팀 1기),지역 농산물을 활용한 식품 가공 창업 활성화 및 초기 창업자의 실전형 창업 지원을 위한 공유주방 이용자 모집,인력/일자리,광주시청,광주광역시,0013010 | 0049010,청년,만 19세 ~ 만 99세,19,,,소득조건코드=0043001 / 소득범위=0~0,,"○ 공유주방 시설 이용 지원
· 일반조리실 및 베이커리실 작업 공간(테이블) 제공 · 식품가공에 필요한 주요 장비 무상 사용 
○ 창업 보육 프로그램 운영
· 공유주방 첫걸음 과정 및 오리엔테이션 제공 · 시제품 개발 및 제조·판매 활동 지원",20260506 ~ 20260608,20260930,"○ 가점 대상
· 농업경영체등록확인서 제출자(농업인) · 청년 창업자 및 사업자등록 예정/완료자",☞ 자세한 내용은 붙임파일을 확인해주시기 바랍니다.,○ 신청방법 : 방문 접수 또는 이메일(diddh0428@korea.kr) 제출,https://www.youthcenter.go.kr/youthPolicy/ythPlcyTotalSearch/ythPlcyDetail/20260518005400213206,main,primary,2026농식품가공창업보육센터이용자모집공고공유주방창업팀1기,광주시청,20260506 ~ 20260608~20260930,일자리,창업
youth,20260513005400213205,부산 청년문화축제(부산 스텝업댄스페스티벌),부산 청년문화 대표 축제 ‘부산스텝업댄스페스티벌’ 개최로 지역 청년예술가들에게 공연 기회 제공과 시민 문화향유 기회 확대,복지/문화,부산광역시 청년산학국 청년정책과,부산광역시,0013010 | 0049010,청년,만 0세 ~ 만 0세,,,,소득조건코드=0043001 / 소득범위=0~0,,"① 대회 운영
 - 메인경연: 1:1 댄스 배틀, 퍼포먼스 챔피언십 등
 - 서브경연: 주니어 챔피언십, 케이팝댄스챔피언십 등
② 사전 행사: 랜덤플레이댄스, 대회 지원
③ 부대 프로그램: 개막식&토크쇼, 댄스클래스, 워너비토크쇼, 스텝업콘서트, 스트릿마켓",20260318 ~ 20260417,20260510,,,,https://busanstepupfestival.com/home,main,primary,부산청년문화축제부산스텝업댄스페스티벌,부산광역시청년산학국청년정책과,20260318 ~ 20260417~20260510,금융･복지･문화,문화활동 및 생활지원
youth,20260513005400213204,부산 청년 일하는 기쁨카드 지원,부산 소재 중소기업 재직 청년에게 복지포인트 지원으로 근로의욕 고취 및 복지수준 향상,인력/일자리,부산광역시 청년산학국 청년정책과,부산광역시,※ 유사사업 참여 중 이거나 수혜이력이 있는 자 등 | 0013001 | 0049010,청년,만 18세 ~ 만 39세,18,39," - 공고일 기준 주민등록상 부산광역시 거주자
 - 공고일 기준 부산 소재 중소기업 3개월 이상 재직자(2024.1.1. 이후 입사자)","소득조건코드=0043003 / 소득범위=0~0 / 월 소득 3,847천원 이하(기준 중위소득 150% 이하)",," ○ 지원내용
   - 1인당 100만원 복지포인트 지원(연 2회, 50만원씩 나누어 지원)
   - 사용분야 : 문화여가, 자기계발, 건강관리, 생활지원
   - 사용기간 : 복지 포인트 지급 시부터 2026. 11. 30.까지",20260406 ~ 20260424,20261231,"- 공고일 기준 주민등록상 부산광역시 거주자
 - 공고일 기준 부산 소재 중소기업 3개월 이상 재직자(2024.1.1. 이후 입사자)

제출서류 심사 후 적격자 대상 추첨 2,000명","재직처 중소기업확인서 및 사업자 등록증
 (그 외 필요서류 공공마이데이터 연계하여 수집)",부산 청년 일하는 기쁨카드 누리집 온라인 신청,https://young.busan.go.kr/index.nm?menuCd=33,main,primary,부산청년일하는기쁨카드지원,부산광역시청년산학국청년정책과,20260406 ~ 20260424~20261231,일자리,재직자
youth,20260513005400213203,부산 청년두드림센터 운영,"부산지역 청년의 취업역량 강화프로그램 운영, 취업활동공간 지원, 청년일자리 상담 및 취업 알선 등 부산청년 취업 지원을 위한 센터 운영사업",인력/일자리,부산광역시 청년산학국,부산광역시,0013003 | 0049010,청년,만 18세 ~ 만 39세,18,39,,소득조건코드=0043001 / 소득범위=0~0,,"① 청년두드림센터 공간 운영
 - 청년들의 커뮤니티 활동 및 각종 행사를 위한 장소, 취업 준비 활동(개별학습 및 스터디모임 등)을 위한 공간 지원
 - 오픈공간, 학습공간, 대회의실, 스터디룸 등 취업활동 공간제공
② 전주기 맞춤형 취업 상담 ‘드리미케어’
 - 전문 취업 상담을 통한 청년구직 단계별 1:1맞춤형 전담 매칭 실시
 - 공채 시기별 맞춤형 프로그램 구성, 소그룹 운영 상담 실시, 입사지원서 및 자기소개서 지도, 실전 모의면접 진행 등
③ 청년취업역량강화 프로그램
 - 분기별 맞춤형 취업지원 프로그램 운영을 통한 청년 유입 유도 및 구직역량 강화 등
 - 다양한 구인‧구직 요구의 적시 대응을 위한 협업 네트워크 구축 등",20260101 ~ 20261231,20261231,,"기초상담 질문지 입력, 예약",‘청년부산잡스‘ 홈페이지 상담 예약 ⇒ 대면(유선)상담,https://young.busan.go.kr/index.nm?menuCd=34,main,primary,부산청년두드림센터운영,부산광역시청년산학국,20260101 ~ 20261231~20261231,일자리,취업
youth,20260513005400213202,부산 면접정장 대여서비스(드림옷장),취업준비생 입사면접용 정장 무료대여,인력/일자리,부산광역시 청년산학국 청년정책과,부산광역시,0013003 | 0049010,청년,만 18세 ~ 만 39세,18,39," ※ 부산 거주(거소) 청년
 ※ 타 지역 거주(거소) 청년의 경우 부산소재 기업 면접 시 가능",소득조건코드=0043001 / 소득범위=0~0,,"입사 면접용 정장 무료 대여 및 코디 컨설팅
 - 만 15~39세 이하 부산 거주(거소) 청년 구직자 대상 정장 대여
 - 자켓, 셔츠, 블라우스, 치마, 바지, 넥타이, 벨트, 구두 등 면접 용품 대여 가능
 - 사이즈 일부 수선, 정장 피팅 및 코디 컨설팅 지원",,,"※ 부산 거주(거소) 청년
 ※ 타 지역 거주(거소) 청년의 경우 부산소재 기업 면접 시 가능","부산 거주 확인서류, 면접 사실 확인서류",온라인예약 ▷ 예약승인 ▷ 현장방문 대여 ▷ 정장 반납,https://young.busan.go.kr/index.nm?menuCd=32,main,primary,부산면접정장대여서비스드림옷장,부산광역시청년산학국청년정책과,,일자리,취업
youth,20260513005400213201,부산 취업연수생 고용사업,미취업 청년에게 행정체험을 제공함으로써 직장 적응능력 향상과 역량 강화로 일자리 진입 지원,인력/일자리,부산광역시 청년산학국 청년정책과,부산광역시,타 직접일자리사업 중복참여자 참여 불가 | 0013003 | 0049009,청년,만 18세 ~ 만 29세,18,29, 최종학력 고졸 이상 미취업자로서 졸업 후 3년 이내인 자,소득조건코드=0043001 / 소득범위=0~0,,"① 행정 체험 제공
 - 시·시의회, 직속기관·사업소, 공공기관·출자출연기관, 비영리단체 등 다양한 기관의 행정 체험 제공 및 취업역량 강화
② 시정체험 및 취업역량강화 프로그램 제공
 - 연수생의 시정 관심 제고 및 홍보를 위한 다양한 시정 주요현장 업무 체험 기회 마련
 - 맞춤형 취업상담 및 지역 내 우수기업 탐방 기회 제공으로 직장 적응능력 향상 및 구직 의욕 고취
",,,"최종학력 고졸 이상 미취업자로서 졸업 후 3년 이내인 자

부서별 신청(중복신청 불가)","(필수) 신청서, 개인정보수집·이용·제공동의서, 졸업증명서, 등/초본
 (선택) 취약계층 증빙서류",➀ 부산청년플랫폼 접속 → ➁ [일자리] 클릭 → ➂ [취업연수생] 클릭 → ④ 청년부산잡스 취업연수생 바로가기 클릭 ⑤ 회원가입(로그인) → ⑥ 신청하기(온라인 신청서 작성 및 제출서류 스캔 파일 업로드),https://young.busan.go.kr/index.nm?menuCd=161,main,primary,부산취업연수생고용사업,부산광역시청년산학국청년정책과,,일자리,취업
youth,20260513005400213200,부산 청년 임차보증금 대출 및 대출이자 지원(머물자리론),청년층의 주거비부담 경감을 위해 청년 임차보증금 대출 및 대출이자 지원,주거,부산광역시 청년산학국 청년정책과,부산광역시,"- 신혼부부 (혼인신고일 기준 7년이내) 
 - 기초생활(생계,주거)수급자
 - 부·모, 배우자의 부·모와 임대차계약한 자 
 ※ 유사사업 참여 중 이거나 수혜이력이 있는 자 등 | 0013010 | 0049010",청년,만 19세 ~ 만 39세,19,39," - 주민등록상 부산거주 무주택 청년 세대주
 - 주택기준 : 임차보증금 2억원 이하 
 - 임대차계약을 체결하고 임차보증금 5% 이상을 지불한 자","소득조건코드=0043003 / 소득범위=0~0 / 본인 연소득 6천만원 이하, 부부합산 1억원 이하",," ○ 지원내용 : 임차보증금 대출 및 대출이자 지원 
  - 대출한도 : 최대 1억원 이내 (임차보증금 90% 범위 내)
  - 이자지원 : 연소득 45백만원 이하 2.5%, 45백만원 초과 2% ",,,"- 주민등록상 부산거주 무주택 청년 세대주
 - 주택기준 : 임차보증금 2억원 이하 
 - 임대차계약을 체결하고 임차보증금 5% 이상을 지불한 자","가족관계증명서, 임대차계약서",부산청년플랫폼 누리집 온라인 신청,https://young.busan.go.kr/index.nm,main,primary,부산청년임차보증금대출및대출이자지원머물자리론,부산광역시청년산학국청년정책과,,주거,전월세 및 주거급여 지원
youth,20260513005400213199,부산 청년 월세 지원,청년층의 주거비부담 경감을 위해 청년 월세 지원,주거,부산광역시 청년산학국 청년정책과,부산광역시,※ 유사사업 참여 중 이거나 수혜이력이 있는 자 등 | 0013010 | 0049010,청년,만 19세 ~ 만 34세,19,34,"
 - 부모님과 별도 거주 무주택청년
 - 재산기준 : 원가구 4억7천만원 이하, 청년가구 1억22백만원 이하","소득조건코드=0043003 / 소득범위=0~0 / 청년 기준중위소득 60%(월소득 154만원) 이하, 원가구 기준중위소득 100%(월 536만원) 이하",," ○ 지원내용 : 월 최대 20만원, 최대 24개월 지원",20260330 ~ 20260529,20260509,"- 부모님과 별도 거주 무주택청년
 - 재산기준 : 원가구 4억7천만원 이하, 청년가구 1억22백만원 이하","월세지원신청서, 소득·재산 신고서, 임대차계약 및 월세이체 증빙서류, 서약서, 입금통장 사본, 청년 및 부·모의 가족관계증명서, 배우자 및 배우자 부·모의 가족관계증명서",복지로 누리집 온라인 신청,https://young.busan.go.kr/index.nm?menuCd=37,main,primary,부산청년월세지원,부산광역시청년산학국청년정책과,20260330 ~ 20260529~20260509,주거,전월세 및 주거급여 지원
youth,20260513005400213198,부산 청년 중개보수 및 이사비 지원,"부산시 전입, 부산시 내 이사 후 전입 신고한 일하는 청년에게 이사비 지원",주거,부산광역시 청년산학국 청년정책과,부산광역시,※ 유사사업 수혜이력이 있는 자 등 | 0013010 | 0049010,청년,만 18세 ~ 만 39세,18,39," - ‘25. 1. 1.이후 부산시 전입 및 부산시 내 이사 후 전입신고
 - 주택 거래금액 1.5억원 이하 전・월세 거주
 - 무주택자, 부모 별도 거주","소득조건코드=0043003 / 소득범위=0~0 / 기준중위소득 120%이하(월 3,078천원 이하)",," ○ 지원내용 : 부동산 중개보수 및 실제 소요된 이사 비용(최대 40만원)
   - (중개보수) 임대차 계약 체결 시 소요되는 중개 수수료
   - (이사비) 개인용달, (반)포장이사, 사다리차 이용비 등
   ※ 택배비, 청소비, 개인적 차량 렌트비, 개인 아르바이트 고용 용역비 등 제외 ",20260801 ~ 20261231,,"- ‘25. 1. 1.이후 부산시 전입 및 부산시 내 이사 후 전입신고
 - 주택 거래금액 1.5억원 이하 전・월세 거주
 - 무주택자, 부모 별도 거주","부동산임대차계약서, 중개보수 및 이사비 납부 영수증, 통장사본 등",부산청년플랫폼 온라인 신청,https://young.busan.go.kr/index.nm,main,primary,부산청년중개보수및이사비지원,부산광역시청년산학국청년정책과,20260801 ~ 20261231~,주거,전월세 및 주거급여 지원
youth,20260513005400213197,부산 청년 자산형성 지원(부산청년 기쁨두배통장),청년에게 저축을 통한 자산형성 지원 및 금융역량 강화,인력/일자리,부산광역시 청년산학국 청년정책과,부산광역시,"※ 유사사업 참여 중 이거나 수혜이력이 있는 자, 본인 명의 통장개설이 불가능한 자 등 | 0013010 | 0049010",청년,만 18세 ~ 만 39세,18,39," ※ 사업자의 경우 본인 명의 사업자등록증 
 ※ 공고일 기준 주민등록상 부산시 거주","소득조건코드=0043003 / 소득범위=0~0 / 기준중위소득 150%이하(월 소득 3,847천원 이하) / 건강보험료로 판단 : 직장가입자 138,780원 지역가입자 68,641원",," ○ 지원내용 : 청년 10만원 저축시 1:1 市 매칭 지원, 금융교육
  ※ 저축기간 24개월 또는 36개월",20260810 ~ 20260821,,"※ 사업자의 경우 본인 명의 사업자등록증 
 ※ 공고일 기준 주민등록상 부산시 거주",,부산청년기쁨두배통장 누리집 온라인 신청,https://young.busan.go.kr/index.nm?menuCd=53,main,primary,부산청년자산형성지원부산청년기쁨두배통장,부산광역시청년산학국청년정책과,20260810 ~ 20260821~,일자리,취업
youth,20260513005400213196,부산 청년 신용회복 지원,"경제적 어려움을 겪고 있는 청년들 대상으로 재무상담, 채무조정, 연체예방비용 지원 및 경제교육 등을 실시하여 경제적 자립을 지원",복지/문화,부산광역시 청년산학국 청년정책과,부산광역시,0013010 | 0049010,청년,만 18세 ~ 만 39세,18,39," ※ 신청일 기준 주민등록상 부산시 거주
 ※ 연체예방비용 지원: 최근 3개월 월 평균 소득 50만원 이상, 연체가능성이 있거나 최근 3개월 이내 연체이력이 있는 청년",소득조건코드=0043001 / 소득범위=0~0,," ○ 지원내용
  - 1:1 맞춤형 재무상담 지원
  - 채무조정 및 연체예방 비용 지원
  - 청년 맞춤형 경제교육 지원",,,"※ 신청일 기준 주민등록상 부산시 거주
 ※ 연체예방비용 지원: 최근 3개월 월 평균 소득 50만원 이상, 연체가능성이 있거나 최근 3개월 이내 연체이력이 있는 청년",,부산신용보증재단 상담 후 신청,https://www.부산청년희망.kr,main,primary,부산청년신용회복지원,부산광역시청년산학국청년정책과,,금융･복지･문화,취약계층 및 금융지원
youth,20260513005400213195,부산 청년 생활인구 유입 활성화(부산온나청년패스),"부산을 방문하는 타지역 청년 대상으로 부산온나청년패스 발급,
 제휴시설 이용 할인 제공",복지/문화,부산광역시 청년산학국 청년정책과,부산광역시,0013010 | 0049010,청년,만 18세 ~ 만 39세,18,39, ※ 타시도 청년(주민등록이 부산광역시 외로 등록되어 있는 청년),소득조건코드=0043001 / 소득범위=0~0,,"① 부산온나청년패스 신청 및 발급
 - (신청) 대상자가 “부산청년플랫폼”에서 「부산온나청년패스」 신청 
 - (승인) 신청즉시 발급, 실시간 승인
② 제휴업체 할인·이용
 - (이용) 제휴시설 방문시 청년패스 확인 후 이용료 할인 
    ① 이용자가 “단말기에 업체 QR코드 인식”
    ② 제휴업체에서 청년패스 확인 후 생활인구 이용료 적용",,,"※ 타시도 청년(주민등록이 부산광역시 외로 등록되어 있는 청년)

주민등록이 부산광역시 외로 등록되어 있는 청년
 (행정정보공동이용을 연계하여 주민등록 확인)",,부산청년플랫폼-부산청년정책-부산온나청년패스 신청,https://young.busan.go.kr/index.nm?menuCd=269,main,primary,부산청년생활인구유입활성화부산온나청년패스,부산광역시청년산학국청년정책과,,금융･복지･문화,문화활동 및 생활지원
youth,20260513005400213194,부산 청년문화육성 지원,부산지역 청년 및 청년예술인을 위한 청년문화육성 지원,복지/문화,부산광역시 청년산학국 청년정책과,부산광역시,0013010 | 0049010,청년,만 18세 ~ 만 39세,18,39,,소득조건코드=0043001 / 소득범위=0~0,,"① 청년신진예술가 창작활동지원
 - 부산 청년신진예술가의 창작활동을 위한 지원금 지급
② 청년예술가 자율기획
 - 청년이 문화예술을 소재로 직접 설계한 프로젝트 제안 및 수행
③ 청년연출가 작품 제작지원
 - 청년연출가의 우수공연 콘텐츠 지원하여 지역의 대표 공연 브랜드 육성
④ 예술×기술 융복합 프로젝트 운영
 - 청년예술가들이 첨단기술(AI 등)을 능동적 창작 도구로 활용 가능하도록 기술교육 등 역할 강화
⑤ 민락인디트레이닝센터 운영
 - 인디문화 콘텐츠 개발 및 육성을 위한 트레이닝 프로그램 운영
⑥ 청년예술가 국제교류
 - 청년예술가들의 국제적 감각을 배양 및 교류를 통한 역량 강화
⑦ 청년 아트페어
 - 시각분야 청년예술가들의 작품을 판매하는 페어 운영
⑧ 청년 예술작품 구독
 - 시민들에게 노출될 수 있는 기관의 주요공간에 시각 분야 청년
   예술가들의 작품을 일정기간 향유할 수 있도록 구독 지원
⑨ 부산 아티스트택
 - 시각예술 분야 청년 예술가 작품을 활용한 상품 출시
⑩ 청년문화홍보
 - 청년문화 온라인 콘텐츠 제작, 성과공유회 운영",,,,,사업별 상이(부산문화재단 홈페이지 공모내용 확인),https://young.busan.go.kr/index.nm?menuCd=235,main,primary,부산청년문화육성지원,부산광역시청년산학국청년정책과,,금융･복지･문화,예술인지원
youth,20260513005400213193,부산 청년만원플러스문화패스,청년들의 문화관람비 부담경감 통해 다양한 문화콘텐츠 향유기회 제공,복지/문화,부산광역시 청년산학국 청년정책과,부산광역시,부산청년만원+문화패스 및 청년문화예술패스 기선정자 | 0013010 | 0049010,청년,만 18세 ~ 만 39세,18,39,,소득조건코드=0043001 / 소득범위=0~0,,"부산시 거주 청년(18~39세) 대상 지역 우수 문화공연을 1만원으로 
관람할 수 있도록 지원
  - (청년) 1만원 결제 / (市) 공연기획사에 차액 사후 보전 ▹1인 최대 10만원까지",20260428 ~ 20260430,,,,"부산이즈굿 동백전 → 부산청년만원+문화패스 신청 → 정책자금 신청 목록에서 부산청년만원+문화패스 선택 → 선착순 신청 선택 → 서비스 정보이용 제공 동의 → 신청인 정보 입력 → 8,500명 선착순 선정",https://young.busan.go.kr/index.nm?menuCd=234,main,primary,부산청년만원플러스문화패스,부산광역시청년산학국청년정책과,20260428 ~ 20260430~,금융･복지･문화,문화활동 및 생활지원
youth,20260513005400213192,부산 청년문화예술패스,"19∼20세 청년(2006∼2007년생)에게 문화예술 관람 등 지원을 통한
 문화향유 기회 제공",복지/문화,부산광역시 청년산학국 청년정책과,부산광역시,"2025년 청년문화예술패스 이용자 신청 불가
 (단, 실제 사용 금액이 없는 이용자는 신청 가능) | 0013010 | 0049010",청년,만 19세 ~ 만 20세,19,20,,소득조건코드=0043001 / 소득범위=0~0,,1인당 연 15만원~20만원 공연·전시 ·영화 관람비 지원,20260225 ~ 20260630,,,,"‘청년문화예술패스’ 누리집에서 신청·발급 후 지정된 협력예매처에서
 공연･전시･영화 관람권 예매 시 사용",https://young.busan.go.kr/index.nm?menuCd=245,main,primary,부산청년문화예술패스,부산광역시청년산학국청년정책과,20260225 ~ 20260630~,금융･복지･문화,문화활동 및 생활지원
youth,20260513005400213190,부산 신진예술인 육성 지원(신진청년예술인 인큐베이팅 및 경력 개발 지원),부산지역 신진청년예술인 공연제작 전반 참여 지원,복지/문화,부산광역시 청년산학국 청년정책과,부산광역시,0013010 | 0049010,청년,만 18세 ~ 만 39세,18,39,,소득조건코드=0043001 / 소득범위=0~0,," - 부산지역 청년예술인 25여 명 선발 (공모·오디션 등)
 - 대규모 작품 제작·참여를 통해 신진청년예술인 발굴 및 육성
 - 공연 창작물 국내·외 아트마켓 연계 추진으로 활동기반 마련",,,,,부산문화회관 홈페이지 공모 확인 후 지원,https://young.busan.go.kr/index.nm?menuCd=61,main,primary,부산신진예술인육성지원신진청년예술인인큐베이팅및경력개발지원,부산광역시청년산학국청년정책과,,금융･복지･문화,예술인지원
youth,20260513005400213189,부산 청년 로컬크리에이터 레벨업,"부산지역 자원 및 특성을 기반으로 창업한 청년 기업에 재정지원, 네트워킹 활성화 등으로 성장·정착 지원",인력/일자리,부산광역시 청년산학국 청년정책과,부산광역시,0013010 | 0049010,청년,만 18세 ~ 만 39세,18,39,,소득조건코드=0043001 / 소득범위=0~0,,"① 청년 로컬크리에이터 육성 및 발굴
  - 대상: 창업 7년 미만 만39세 이하, 소비자 대상 제품·서비스를 보유한
    청년 로컬크리에이터 기업 ▸ 16개사 내외 선정
  - 일정: 모집공고(2~3월) → 선정발표(3월 내) → 자금지원 및 수행(4~12월) 
  - 지원: 사업화 자금(기업당 최대 4,000만원이내), 맞춤형 컨설팅 등

② 로컬자원 활용 프로젝트 수행기업 지원
  - 대상: 인구 감소·관심지역내 상권, 빈집, 유휴공간을 활용한 프로젝트 수행 청년 기업 ▸ 4개사 내외 선정 ※  감소지역: 동구, 서구, 영도구 / 관심지역: 중구, 금정구
  - 일정: 모집(3~4월) → 선정·사업 착수(4월내) → 1차 지원(50%) 및 수행(4~7월)
    → 중간평가 → 2차 지원(50%) 및 수행(8~12월)
  - 지원: 사업화 자금(기업당 4,000만원 내외 차등 지급), 맞춤형 컨설팅 등
 
③ 로컬크리에이터 교류·협력 프로그램 추진(5~11월 중) 
  - 로컬크리에이터 협의체 구성: 기업 자문·의견 교류
  - 로컬 비즈니스 컨퍼런스 개최: 민간 투자·유관기관 연계 네트워킹 등
  - 로컬크리에이터 쇼케이스 개최: 지원기업 제품 팝업스토어 등
  - 로컬 콘텐츠 제작 및 홍보: 공식 SNS 등 다수 채널 활용 홍보",20260201 ~ 20260430,,,,,https://busanjob.net/yjob/index.do,main,primary,부산청년로컬크리에이터레벨업,부산광역시청년산학국청년정책과,20260201 ~ 20260430~,일자리,창업
youth,20260513005400213188,부산청년 글로벌 잡(JOB) 챌린지 프로젝트,해외일경험 참여 청년의 글로벌 기업 취업 매칭 위해 정규직 채용 조건의 인턴 채용 인건비 제공,인력/일자리,부산광역시 청년산학국 청년정책과,부산광역시,0013010 | 0049010,청년,만 18세 ~ 만 39세,18,39,,소득조건코드=0043001 / 소득범위=0~0,,"① 해외일경험 참여 청년의 글로벌 기업 취업 매칭
  - (기업) 정규직 채용 조건의 인재 채용 인건비 제공
          (1인 월 150만원*최대3개월)
  - (청년) 채용 전후 역량강화 프로그램 제공 및 연계 ",        ,        ,,(기업) 사업참여 신청서 및 증빙서류,‘부산일자리정보망‘ 홈페이지,https://www.busan.go.kr/expdetail/view?schYear=2025&schDbiz=626000020253008E,main,primary,부산청년글로벌잡job챌린지프로젝트,부산광역시청년산학국청년정책과,,일자리,취업
youth,20260513005400213187,부산 전세보증금 반환보증 보증료 지원,전세보증금 반환보증 보증료 지원을 통해 반환보증 가입을 유도하여 전세사기 피해방지 및 주거안정 도모,주거,부산광역시 주택건축국 주택정책과,부산광역시,"신청인 기준 보증효력이 유효한 전세보증금반환보증에 가입
 임차보증금 3억원 이하, 무주택 | 0013010 | 0049010",청년,만 18세 ~ 만 39세,18,39,"소득요건 : 연소득 (청년) 5천만원, (청년 외) 6천만원, (신혼부부) 7.5천만원 이하
  - 청년: 18세~39세(부산시 청년 기본조례)
  - 신혼부부: 혼인신고일 7년 이내, 신혼부부 유형으로 보증료 할인 받은 경우 등 연령 무관",소득조건코드=0043003 / 소득범위=0~0 / 신청자격요건 참조,,"전세보증금 반환보증 가입을 유도하여 전세사기 피해 예방
- (사업기간) 26. 1. 1. ~ 예산 소진 시까지
- (추진기관) 국토교통부, 부산시, 16개 구군
- (사 업 비) 1,238,000천원(국 50%, 시 50%)  
- (지원대상) 지원기준을 모두 충족하는 주민등록상 부산 거주 시민
 ▹신청인 기준 보증 효력이 유효한 전세보증금반환보증에 가입
 ▹임차보증금 3억원 이하
 ▹연소득 (청년) 5천만원, (청년 외) 6천만원, (신혼부부) 7.5천만원 이하
 ▹무주택  ※ 본인, 배우자 모두 무주택 / 분양권, 입주권 주택 포함
- (지원내용) 전세보증금 반환보증 보증료 전부 또는 일부 지원(최대 40만원)
- (지원인원) 약 4,000명",,,"소득요건 : 연소득 (청년) 5천만원, (청년 외) 6천만원, (신혼부부) 7.5천만원 이하
  - 청년: 18세~39세(부산시 청년 기본조례)
  - 신혼부부: 혼인신고일 7년 이내, 신혼부부 유형으로 보증료 할인 받은 경우 등 연령 무관

방문 신청 가능(주소지 관할 구군청)","신청서, 서약서, 통장사본, 보증서, 보증료 납부 증빙서류, 임대차계약서,
 부동산 등기사항 전부증명서, 주민등록등본, 혼인관계증명서 등","보증보험 가입(신청자) → 신청(정부24, 안심전세포털 등) → 접수(구군)",https://www.busan.go.kr/depart/reguarantee01,main,primary,부산전세보증금반환보증보증료지원,부산광역시주택건축국주택정책과,,주거,주택 및 거주지
youth,20260513005400213186,부산 전세피해 임차인 민간주택 월세지원사업,「전세사기피해자 지원 및 주거안정에 관한 특별법」과 연계하여 부산지역 전세사기 등 피해자들의 주거 불안 해소 및 주거 안정 지원,주거,부산광역시 주택건축국 주택정책과,부산광역시,"① (지원제외) 아래 1가지 이상 해당하는 자는 지원 대상에서 제외
  - 전세사기피해자가 거주주택을 경락받거나 신규주택을 구입한 경우
  - 공공 임대주택에 입주한 경우(긴급주거지원 포함)
  - 직계존·비속, 형제·자매 등 2촌 이내 친족의 주택을 임차한 경우
  - 「긴급복지지원법」에 의한 긴급복지지원을 받고 있는 경우
  - 정부 및 지자체의 월세(주택임대료) 지원사업 참여자(청년 월세      지원 사업 등)
  - 국민기초생활수급자 중 주거급여 수급자
  - 국토부에서 피해자 결정이 철회 또는 취소된 자(패해액 전액 회수 등)
 ② (지원종료) 아래 1가지 이상 해당하는 자는 지원종료
  - 정부 및 지자체의 월세(주택임대료) 지원사업 참여가 사후 확인된 경우
  - 관외 전출할 경우, 전출일이 속하는 달부터 지원종료
 ③ (지원중단) 대상자로 선정되었으나, 사유 없이 월세 납입내역 등      증빙자료 제출하지 않은 월에 한하여 해당월 납입분 미지급(횟수차감)
 ④ (선정취소) 거짓이나 그 밖의 부정한 방법으로 지원받은 경우 지원  
    전액 회수 | 0013010 | 0049010",청년,만 18세 ~ 만 39세,18,39,"ㅇ 아래 요건을 모두 충족하는 자
 - 특별법에 따라 전세사기피해자(등)으로 결정된 자
   * 전세사기피해자(등)으로 결정된 날부터 3년이내 신청(법14조의2)
 - 신청일 현재, 부산광역시에 주민등록이 되어있는 무주택자*
    * 분양권 및 조합원 입주권은 주택으로 산정하지 않음 
      ▸ 전세피해 임차인 버팀목 전세대출 조건을 따름
 - 전세피해 주택이 부산광역시에 소재하면서, 부산광역시에 소재한     민간 주택에 월세 계약을 체결하여 주민등록 전입 및 실제 거주하는 자
 - 피해주택 임대차계약서의 임차인과 월세주택 임대차계약서의 임차인     및 본 사업 신청자가 모두 피해자 본인일 것",소득조건코드=0043001 / 소득범위=0~0,,"ㅇ전세피해 임차인 민간주택 월세 한시 지원
- 지원대상: 특별법에 따른 전세사기피해자(등) 결정자로서, 민간주택으로         신규 이주하여 월세 형태로 주거 중인 세대
- 지원내용: 월세 실비 지원(월 최대 40만원 한도)
- 지원기간: 선정월로부터 2년간(최대 24회차 납입분까지)",,,"ㅇ 아래 요건을 모두 충족하는 자
 - 특별법에 따라 전세사기피해자(등)으로 결정된 자
   * 전세사기피해자(등)으로 결정된 날부터 3년이내 신청(법14조의2)
 - 신청일 현재, 부산광역시에 주민등록이 되어있는 무주택자*
    * 분양권 및 조합원 입주권은 주택으로 산정하지 않음 
      ▸ 전세피해 임차인 버팀목 전세대출 조건을 따름
 - 전세피해 주택이 부산광역시에 소재하면서, 부산광역시에 소재한     민간 주택에 월세 계약을 체결하여 주민등록 전입 및 실제 거주하는 자
 - 피해주택 임대차계약서의 임차인과 월세주택 임대차계약서의 임차인     및 본 사업 신청자가 모두 피해자 본인일 것

① 민간주택 월세 실비 지원 (최대 40만원 한도)
  - 임대차계약서의 월세액에 한하며, 관리비 등은 제외
  - 긴급 주거지원(공공 임대주택) 이용 중 민간 월세 주택으로 이주한 경우,  총 지원기간 2년 중 긴급 주거지원 기간을 제외한 기간만 지원대상
 ② 사업 신청 이전 지출 내역에 대하여 소급 지급 불가
  - (예) 26년 1월 신청의 경우, 26년 1월분 월세 납입금액부터 지원함
 ③ 최대 24회차 납입분까지 지원
 ④ 본 사업과 전세대출 이자지원 사업은 동시 지급 불가
  - (예1) 1인 24회차 범위중 12회는 대출이자지원 12회는 월세지원 불가
  - (예2) 전·월세 혼합된 형태로 거주하는 경우, 대출이자 지원사업과 월세지원 중 신청자 희망 사업 선택지원","신청서, 개인정보수집·이용등 동의서, 주민등록등본, 통장사본, 신분증, 가족관계증명서(상세)(부·모·본인 기준 각 1부씩), 전세사기피해자등 결정통지서 및 결정문, 피해주택 및 이주주택 임대차계약서, 월세 납부 증빙서류(계좌이체내역서 등)","① 민간월세 계약
② 이주
③ 월세지원 신청 및 월세납입내역 제출(매월 말까지)
④ 지원대상 적합여부 및구비서류 검토
⑤ 월세지원
⑥ 사후관리",https://www.busan.go.kr/depart/charterdamage001,main,primary,부산전세피해임차인민간주택월세지원사업,부산광역시주택건축국주택정책과,,주거,주택 및 거주지
youth,20260513005400213184,청년내일저축계좌 지원,"○ 저소득 일하는 청년의 자산형성을 지원하여 자립 기반을 마련함 
○ 본인 저축액에 정부지원금을 매칭 적립하여 목돈 마련의 기회를 제공함",복지/문화,광주시청,광주광역시,0013010 | 0049010,청년,만 15세 ~ 만 39세,15,39,,소득조건코드=0043001 / 소득범위=0~0,,"○ 근로소득장려금 지원
· 매월 10만원 저축 시 정부가 월 30만원 지원

○ 정책대상별 추가지원금 (해당자)
· 근로소득공제금(월 10만원), 내일키움장려금(월 20만원), 내일키움수익금(최대 월 15만원), 탈수급장려금 등   ",20260504 ~ 20260520,        ,"○ 가입기준(소득상한) : 신청 당시 가구 소득인정액이 기준 중위소득 50% 이하 (1인 가구 기준 1,282,119원) 
○ 유지기준(소득상한) : 청년 본인의 총 근로·사업소득이 기준 중위소득 100% 이하",☞ 자세한 내용은 붙임파일을 확인해주시기 바랍니다.,"○ 온라인 신청 : 복지로 홈페이지(www.bokjiro.go.kr)
○ 방문 신청 : 주소지 읍면동 행정복지센터",https://youth.gwangju.go.kr/www/50?siteId=www&policyId=1362&url=%2Fwww%2Fpolicy%2FgjYgPolicyView,main,primary,청년내일저축계좌지원,광주시청,20260504 ~ 20260520~,금융･복지･문화,취약계층 및 금융지원
youth,20260513005400213183,2026년 청년농업인(청년창업형 후계농업경영인) 영농정착지원사업(2차),"○ 영농 초기 소득이 불안정한 청년농업인 대상, 최장 3년간 영농정착지원금 지급 및 농지·자금·교육 등 연계 지원",인력/일자리,광주시청,광주광역시,0013010 | 0049010,"농업인,청년",만 18세 ~ 만 39세,18,39,,소득조건코드=0043001 / 소득범위=0~0,,"○ 영농정착지원금 차등 지급
·  1년차: 월 110만 원 / 2년차: 월 100만 원 / 3년차: 월 90만 원
○ 정책자금 및 연계 지원
·  후계농업경영인 육성자금: 최대 5억 원 한도 융자 지원(연리 1.5% 고정금리)
·  농지 지원: 한국농어촌공사 농지은행을 통한 농지 매입·임차 지원 우선순위 부여
·  교육 및 컨설팅: 영농 기술 및 경영 역량 강화를 위한 단계별 교육 제공",20260601 ~ 20260710,20261231,"○ 소득기준: 본인세대 건강보험료 산정액 기준 중위소득 140% 이하
○ 제외대상: 사업자 등록자(일부 허용 제외), 상근 직원 채용자, 재학생 및 휴학생 등",☞ 자세한 내용은 붙임파일을 확인해주시기 바랍니다.,○ 농림사업정보시스템(농업e지) 온라인 신청,https://www.nongupez.go.kr/nsm/main,main,primary,2026년청년농업인청년창업형후계농업경영인영농정착지원사업2차,광주시청,20260601 ~ 20260710~20261231,일자리,취업
youth,20260513005400213181,2026 전입청년 교통비 지원,"2023. 1. 1. 이후 원주시로 전입하여, 타지역 직장으로 출퇴근하는 18~39세 청년들의 원주시 전입 및 정착 유도를 위한 전입청년 교통비 지원",복지/문화,강원특별자치도 원주시,강원특별자치도,"공무원, 교사, 공공기관 재직자, 2023~2025 해당 사업 대상자 | 0013001 | 0049010",청년,만 18세 ~ 만 39세,18,39,2023. 1. 1. 이후 원주시로 전입하여 거주하고 있는 18~39세 청년 중 관외에 직장을 두고 출퇴근하는 자 (*신청일 기준),소득조건코드=0043001 / 소득범위=0~0,,"대중교통비(고속버스, 시외버스, 기차), 승용차 유류비 / 월 최대 10만 원(실비) 지급 / 2026. 7.~2027. 6.(12개월) 지원 ",20260501 ~ 20260619,20270630,2023. 1. 1. 이후 원주시로 전입하여 거주하고 있는 18~39세 청년 중 관외에 직장을 두고 출퇴근하는 자 (*신청일 기준),"가. 전입청년 교통비 지원 사업 신청서 1부 [붙임 1]
나. 개인정보 수집 및 이용 동의서 1부 [붙임 2]
다. 사업 신청 각서 1부 [붙임 3]
라. 주민등록초본 1부 (주소변동사항 포함, 공고일 이후 발급분)
마. 건강보험자격득실확인서 1부 (직장가입자에 한함, 공고일 이후 발급분)
바. 재직증명서 1부 (공고일 이후 발급분)
사. 사업자등록증 혹은 고유번호증 1부","온라인
-원주시 청년지원센터 홈페이지",https://www.wonju.go.kr/www/selectBbsNttView.do?key=216&bbsNo=140&nttNo=483082&searchCtgry=&searchCnd=SJ&searchKrwd=%EC%A0%84%EC%9E%85%EC%B2%AD%EB%85%84&pageIndex=1&integrDeptCode=,main,primary,2026전입청년교통비지원,강원특별자치도원주시,20260501 ~ 20260619~20270630,금융･복지･문화,문화활동 및 생활지원
youth,20260511005400213180,부산 청년내일저축계좌,"근로빈곤층 청년의 생계수급자 등으로의 하락을 사전에 예방하고, 일하는 중간계층 청년이 사회에 안착할 수 있도록 자산형성을 지원",복지/문화,부산광역시 사회복지국 복지정책과,부산광역시,"부산청년 기쁨두배통장 등 유사자산형성사업과 중복 신청 불가
금융위원회 청년희망적금, 청년도약계좌는 중복 대상사업에 해당되지 않음에 따라 동시 신청 가능 | 0013001,0013002,0013004,0013005,0013006,0013007,0013008,0013009 | 0049010",청년,만 15세 ~ 만 39세,15,39,,"소득조건코드=0043003 / 소득범위=0~0 / 가구소득 : 기준 중위소득 50% 이하, 근로기준 : 월 10만원 이상 근로사업소득 발생",,"○ 근   거
 - 「국민기초생활보장법」제18조의8(자산형성지원)
○ 사업내용
 - 3년간 매월 본인 저축액 저축 시 근로소득장려금 등 적립·지원
 - 본인저축액(월 10만원 이상 ~ 50만원 이하) 납입 시 30만원 적립
○ 가입대상
 - 일하는 기준중위소득 50%이하 청년(15세~39세)
○ 시행주체
 - 16개 구·군
 *재원부담: 국 90 시 7 구군 3
○ 지원조건
 - 3년간 통장유지, 자립역량교육 이수 및 자금 사용계획서 제출 등",20260505 ~ 20260520,,,신청사이트 참고,"온라인 신청 : 복지로 사이트
방문 신청 : 읍면동 주민센터(주소지가 아니더라도, 동일 시군구내 모든 주민센터 신청 가능)",https://young.busan.go.kr/index.nm?menuCd=48,main,primary,부산청년내일저축계좌,부산광역시사회복지국복지정책과,20260505 ~ 20260520~,금융･복지･문화,취약계층 및 금융지원
youth,20260511005400213179,여성창업지원(사업화지원),한국여성경제인협회 광주지회는 여성창업자 창업성공률 제고 및 안정적 성장기반을 마련하고자 ‘여성창업지원(사업화지원)’ 사업을 안내합니다.,인력/일자리,광주시청,광주광역시,0013010 | 0049010,"여성,청년",만 1세 ~ 만 99세,,,,소득조건코드=0043001 / 소득범위=0~0,,"○ 생산·기술 지원
· 시제품 및 금형 제작, 시험 분석 지원 등
· 기업별 최대 2,400천원

○ 마케팅 지원(최대5개 기업)
· CI·BI 개발, 제품·포장 디자인, 홈페이지/앱 개발, 카달로그, 홍보동영상
· 언론기사·광고, 크라우드 펀딩 플랫폼 참가, 제품 판매 플랫폼 입점
· 전시회·박람회 참가 지원, 지식재산권 획득 등",20260507 ~ 20260527,20261130,"○ 지원제한
· 동일 내용 및 아이템으로 타 지원기관(정부 및 공공기관 등) 지원을 받았거나 받고 있는 경우 제외
· 중소기업창업지원법 시행령 제4조(창업에서 제외되는 업종) 해당 업종 제외
· 국세, 지방세 체납자 제외
· 기선정자 제외(최근 3년 이내)",☞ 자세한 내용은 붙임파일을 확인해주시기 바랍니다.,"○ 우편 또는 이메일 접수
· 주소: 광주광역시 북구 무등로 180번길 5(신안동 133-1)
· 이메일: kwea6028@daum.net",https://www.youthcenter.go.kr/youthPolicy/ythPlcyTotalSearch/ythPlcyDetail/20260511005400213179,main,primary,여성창업지원사업화지원,광주시청,20260507 ~ 20260527~20261130,일자리,창업
youth,20260511005400213178,2026년 5월 가계부소모임-2회차,"""한번 더 나의 지출을 돌아볼 수 있었어요""
""계획 된 소비를 할 수 있을 거 같아서 좋아요""
- 참여자 후기 -
돈 관리, 이렇게 하는 게 맞는 걸까? 싶을 때
이따가 해볼까? 자꾸 미루게 될 때
서로 같이, 함께 돈 관리 습관을 만들어가는
가계부 소모임에 참여해보세요!",복지/문화,광주시청,광주광역시,0013010 | 0049010,청년,만 19세 ~ 만 39세,19,39,,소득조건코드=0043001 / 소득범위=0~0,,"▶ 내 용 : 예산 수립, 통장 시스템, 꿈꾸는 가계부 작성법 익히기
▶ 일 시 : 2026년 5월 20일(수) 19-21시
▶ 대 상 : 돈 관리법을 알고 싶은 광주 청년 10명
▶ 방 법 : 오프라인
▶ 장 소 : 광주청년드림은행(광주광역시 북구 무등로 237,2층)
▶ 신 청: bit.ly/가계부소모임

*가계부 작성 실습과 참여자 간 이야기 나눔이 있습니다.

- 2026년 5월 15일(금)까지 신청 링크를 통해 접수, 선착순 마감",20260508 ~ 20260515,        ,,,"▶ 내 용 : 예산 수립, 통장 시스템, 꿈꾸는 가계부 작성법 익히기
▶ 일 시 : 2026년 5월 20일(수) 19-21시
▶ 대 상 : 돈 관리법을 알고 싶은 광주 청년 10명
▶ 방 법 : 오프라인
▶ 장 소 : 광주청년드림은행(광주광역시 북구 무등로 237,2층)
▶ 신 청: bit.ly/가계부소모임

*가계부 작성 실습과 참여자 간 이야기 나눔이 있습니다.

- 2026년 5월 15일(금)까지 신청 링크를 통해 접수, 선착순 마감

*한번 강의를 들으신 분들은 참여가 취소될 수 있으며, 많은 분들의 참여을 돕고자 함이니 양해부탁드립니다.",https://youth.gwangju.go.kr/www/52?siteId=www&bbsId=bbs1&postId=2052&url=%2Fwww%2Fbbs%2FpostView,main,primary,2026년5월가계부소모임2회차,광주시청,20260508 ~ 20260515~,금융･복지･문화,취약계층 및 금융지원
youth,20260506005400213174,(부평구) 청년창업 재정지원 사업,우수하고 창의적인 아이템을 가진 청년 창업자를 발굴하여 지역 우수 기업으로 성장 유도,인력/일자리,인천광역시 부평구 경제환경국 일자리창출과,인천광역시,"○ 창업자 대표 및 팀원 소유 건물의 임차료 지급 제외
○ 임대인이 창업자의 직계존비속, 형제, 자매, 배우자인 경우 지급 제외 | 0013006 | 0049010","예비창업자,청년",만 19세 ~ 만 39세,19,39,"○ (최초지원) 예비창업자(생애최초)
○ (초기지원) 부평구에 사업장을 둔 3년 이하 창업자
○ (성장지원) 부평구에 사업장을 청년 1명이상 채용 및 7년 이하 창업자상가 임차료는 사무공간에 한해 지원(원룸 등 주거공간 임차료 지원 불가)",소득조건코드=0043001 / 소득범위=0~0,,"○ (최초지원) 창업자금 최대 1,000만원 지원
○ (초기지원) 창업자금 최대 1,200만원 지원
○ (성장지원) 창업자금 최대 1,500만원 지원",        ,        ,"○ (최초지원) 예비창업자(생애최초)
○ (초기지원) 부평구에 사업장을 둔 3년 이하 창업자
○ (성장지원) 부평구에 사업장을 청년 1명이상 채용 및 7년 이하 창업자상가 임차료는 사무공간에 한해 지원(원룸 등 주거공간 임차료 지원 불가)",,"○ 신청 홈페이지에 접속하여 신청서 등 양식 다운
○ 구비 서류 양식 작성 및 증빙서류 구비
○ 일자리창출과 방문 또는 이메일 신청",https://youth.incheon.go.kr/youthpolicy/youthPolicyInfoDetail.do?poly_seq=106,main,primary,부평구청년창업재정지원사업,인천광역시부평구경제환경국일자리창출과,,일자리,창업
youth,20260506005400213171,(부평구) 청년도전 지원사업,"구직단념청년을 발굴, 노동시장 참여 촉진지원",인력/일자리,인천광역시 부평구 경제환경국 일자리창출과,인천광역시,0013003 | 0049010,청년,만 18세 ~ 만 34세,18,34,"구직단념 청년(부평구 거주자 35~39세 참여가능)
지원연령: 부평구 거주자 35~39세 참여가능",소득조건코드=0043001 / 소득범위=0~0,,"맞춤형 프로그램 및 참여수당, 인센티브 등",20260101 ~ 20261018,        ,"구직단념 청년(부평구 거주자 35~39세 참여가능)
지원연령: 부평구 거주자 35~39세 참여가능",,"○ 고용24(기관선택: (사협)일터와사람들)
○ 현장접수: 신청 전 전화문의 시 개별안내",https://youth.incheon.go.kr/youthpolicy/youthPolicyInfoDetail.do?poly_seq=110,main,primary,부평구청년도전지원사업,인천광역시부평구경제환경국일자리창출과,20260101 ~ 20261018~,일자리,취업
youth,20260506005400213164,미래우주교육센터 구축,산·학·연 컨소시엄 기반으로 미래 우주분야 문제를 해결하고 신기술을 선도할 수 있는 종합적인 전문인력 양성,교육/멘토링,인천광역시 해양항공국 항공과,인천광역시,0013010 | 0049010,청년,만 34세 ~ 만 99세,34,,-,소득조건코드=0043001 / 소득범위=0~0,,"○ 우주탐사 및 자원활용 분야 45명 전문인력양성 교육 추진
○ 우주탐사 및 우주자원활용 분야 연구개발 지원
 - [우주진입] 정밀천측항법 및 비행제어 시뮬레이터
 - [우주탐사] 다목적 탐사 로버
 - [자원활용] 수전해 추력기
○ 달/화성 탐사 시나리오 기반 우주핵심기술 시제품 연구개발",        ,        ,,,,https://youth.incheon.go.kr/youthpolicy/youthPolicyInfoDetail.do?poly_seq=170,main,primary,미래우주교육센터구축,인천광역시해양항공국항공과,,교육･직업훈련,미래역량강화
youth,20260506005400213162,(강화군) 창업일자리센터 운영,취·창업 지원 프로그램 운영 및 구인·구직자 취업 연계 지원,인력/일자리,인천광역시 강화군 경제산업국 일자리경제과,인천광역시,0013010 | 0049010,청년,만 19세 ~ 만 39세,19,39,-,소득조건코드=0043001 / 소득범위=0~0,,"구인구직 알선, 일자리박람회 개최, 청년의 날 행사 개최, 청년 및 창업 프로그램 운영 등",,,,,강화군 창업일자리센터 방문 또는 홈페이지 인터넷 접수,https://www.ganghwajob.kr/,main,primary,강화군창업일자리센터운영,인천광역시강화군경제산업국일자리경제과,,일자리,창업
youth,20260506005400213159,(연수구) 청년 정신건강 조기중재사업,청년 정신질환을 조기 발견 및 개입하여 청년층의 정신질환 발병 예방 및 만성화 방지,복지/문화,인천광역시 연수구 보건소 치매정신건강과,인천광역시,0013010 | 0049010,청년,만 15세 ~ 만 34세,15,34,-,소득조건코드=0043001 / 소득범위=0~0,,"고위험군 발굴 및 상담, 정신과 치료비 지원",        ,        ,,,,https://youth.incheon.go.kr/youthpolicy/youthPolicyInfoDetail.do?poly_seq=196,main,primary,연수구청년정신건강조기중재사업,인천광역시연수구보건소치매정신건강과,,금융･복지･문화,건강
youth,20260506005400213157,인천광역시 청년미래센터 운영,복지사각지대에 있는 위기청년 지원을 위한 전담기관 운영,복지/문화,인천광역시 외로움돌봄국 외로움정책과,인천광역시,0013010 | 0049010,청년,만 13세 ~ 만 39세,13,39,"가족돌봄청년(13~34세), 고립은둔청년(19~39세)",소득조건코드=0043001 / 소득범위=0~0,,"○ 가족돌봄청년
- 자기돌봄비 지급(연 200만원), 사례관리. 의료·돌봄서비스 연계, 자조모임 등
○ 고립은둔청년 
- 초기상담 및 고립은둔 정도 진단
- 심리지원, 회복지원, 공동활동 등 프로그램 제공
- 가족지원(가족상담, 자조모임 등)",,,"가족돌봄청년(13~34세), 고립은둔청년(19~39세)",,,http://www.mohw2030.co.kr/panel.asp,main,primary,인천광역시청년미래센터운영,인천광역시외로움돌봄국외로움정책과,,금융･복지･문화,취약계층 및 금융지원
youth,20260506005400213156,인천형 천원의 아침밥 지원,대학생 대상 아침밥 먹는 문화 확산 및 쌀 소비 촉진,복지/문화,인천광역시 농수산식품국 농축산과,인천광역시,0013010 | 0049005,청년,만 34세 ~ 만 99세,34,,인천시 관내 소재 대학의 재학생,소득조건코드=0043001 / 소득범위=0~0,,"○  [보조금 3천원(국2, 시1) + 쌀 120g(시) + 대학교 부담금 + 학생 1천원] / 1식 기준
○ (참여대학) 11개 대학(인천대, 인하대, 인하공전, 경인교대(인천), 연세대(국제), 청운대(인천), 가천대(메디컬), 한국뉴욕주립대, 조지메이슨대, 유타대, 겐트대)",        ,        ,인천시 관내 소재 대학의 재학생,,,https://youth.incheon.go.kr/youthpolicy/youthPolicyInfoDetail.do?poly_seq=282,main,primary,인천형천원의아침밥지원,인천광역시농수산식품국농축산과,,금융･복지･문화,건강
youth,20260506005400213155,(옹진군) 인천시 청년월세 지원사업,경제적 어려움을 겪는 청년들의 주거비용 부담 경감,주거,인천광역시 청년정책담당관,인천광역시,"○ 부모와 함께 거주(원가구와 세대분리하지 않은 자)하는 경우
○ 주택 소유자(분양권, 입주권 포함) 
○ 직계존속, 형제, 자매 등 2촌이내 주택을 임차한 경우(배우자의 2촌 이내 혈족 포함)
○ 공공주택특별법에 따른 공공임대주택 거주자
○ 1실(방)에 다수가 거주하는 방식의 전대차인 경우
○ 전국 지자체 월세사업 또는 국토부 1차 월세사업 수혜 중인자 등(수혜종료 후 신청가능) | 0013010 | 0049010",청년,만 35세 ~ 만 39세,35,39,"◎ 청약통장 가입 필수(종류무관) 
◎ 소득 : (청년독립가구) 기준 중위소득 60%이하 (원가구) 기준 중위소득 100% 이하
◎ 재산 : (청년독립가구) 재산 122백만원 이하 (원가구) 재산 470백만원 이하
◎ 주택 : 전입신고 필수            ※ 월세 임차보증금 5천만원 및 월세 70만원 이하 요건 폐지(2024.4.12.~시행)] 
  ※ 제출된 신청서를 토대로 공적자료 조회(조사시점 기준 적용)

<가구구성 방법>
 (청년독립가구) 청년 + 배우자 + 직계비속 + 동일 주소지에 거주하는 그 외 「민법」상 가족* 
 (원가구) 청년독립가구 + 1촌 이내 직계혈족(부,모)
 * (가족의 범위, 민법§779) ❶배우자, 직계혈족 및 형제자매, ❷직계혈족의 배우자, 배우자의 직계혈족 및 배우자의 형제자매(생계를 같이하는 경우에 한함)

※ 원가구(부모님) 소득·재산 미고려 : ①30세 이상 ②혼인 ③미혼부·모 ④30세 미만 미혼 청년의 소득이 중위 50% 이상으로 생계를 달리한다고 군수·구청장이 인정하는 경우자가진단서비스 사전 실시(개통예정)
- 복지로(www.bokjiro.go.kr) > 복지서비스 > 모의계산 > 청년월",소득조건코드=0043003 / 소득범위=0~0 / 소득 : (청년독립가구) 기준 중위소득 60%이하 (원가구) 기준 중위소득 100% 이하,,"지원금액 : 1인 월 20만원씩, 최대 12개월(회) 월세 지원
   - 실제 납부하는 월세의 최대 20만원까지 지원(임차보증금, 관리비 등은 제외)
◎ 지 급 일 : 매월 25일 현금으로 지급
   - 토요일이거나 공휴일인 경우에는 그 전날 지급
   - 지원대상으로 선정될 시, 신청일 기준 당월에 지출한 월세부터 지급
◎ 주거급여 수급자인 경우 전월(20일)에 지급한 주거급여를 차감하고 지급",        ,        ,"◎ 청약통장 가입 필수(종류무관) 
◎ 소득 : (청년독립가구) 기준 중위소득 60%이하 (원가구) 기준 중위소득 100% 이하
◎ 재산 : (청년독립가구) 재산 122백만원 이하 (원가구) 재산 470백만원 이하
◎ 주택 : 전입신고 필수            ※ 월세 임차보증금 5천만원 및 월세 70만원 이하 요건 폐지(2024.4.12.~시행)] 
  ※ 제출된 신청서를 토대로 공적자료 조회(조사시점 기준 적용)

<가구구성 방법>
 (청년독립가구) 청년 + 배우자 + 직계비속 + 동일 주소지에 거주하는 그 외 「민법」상 가족* 
 (원가구) 청년독립가구 + 1촌 이내 직계혈족(부,모)
 * (가족의 범위, 민법§779) ❶배우자, 직계혈족 및 형제자매, ❷직계혈족의 배우자, 배우자의 직계혈족 및 배우자의 형제자매(생계를 같이하는 경우에 한함)

※ 원가구(부모님) 소득·재산 미고려 : ①30세 이상 ②혼인 ③미혼부·모 ④30세 미만 미혼 청년의 소득이 중위 50% 이상으로 생계를 달리한다고 군수·구청장이 인정하는 경우자가진단서비스 사전 실시(개통예정)
- 복지로(www.bokjiro.go.kr) > 복지서비스 > 모의계산 > 청년월","월세지원 신청(변경)서(필수)
소득·재산 신고서(필수)
서약서(필수)
임대차계약서(확정일자 날인) 사본(필수)
월세이체 증빙 서류(최근 3개월) (받는분, 보내는분, 날짜, 금액 명시)(필수)
(월세지급을 위한) 통장사본(필수)
청약통장 사본(신청인 명의, 종류무관)(필수)
신청자 기준 가족관계증명서  (상세, 주민등록번호 공개)(필수)
부모님 기준 가족관계증명서  [부 / 모 기준 각  1부씩]  (상세, 주민등록번호 공개)(필수)
(혼인한 경우 필수 제출) 배우자 기준 가족관계증명서 및 배우자 부모의 가족관계증명서  (상세, 주민등록번호 공개)(선택)
신분증(방문신청시 필수지참)(선택)","(19세 ~ 34세) 복지로를 통한 온라인신청 및 관할 행정복지센터 방문 신청
(35세 ~ 39세) 인천청년포털을 통한 온라인신청 또는 관할 행정복지센터 방문 신청",https://youth.incheon.go.kr/youthpolicy/youthPolicyInfoDetail.do?poly_seq=267,main,primary,옹진군인천시청년월세지원사업,인천광역시청년정책담당관,,주거,전월세 및 주거급여 지원
youth,20260506005400213154,(서구) 청년e음 청년스타트업지원사업,청년e음 스타트업지원사업 「정서진 아라뱃길 청년창업공간 운영」,인력/일자리,인천광역시 서구 경제국 청년정책일자리과,인천광역시,0013006 | 0049010,"스타트업,청년",만 19세 ~ 만 39세,19,39,인천 거주 또는 사업자 등록한 예비 또는 3년이하 청년창업가,소득조건코드=0043001 / 소득범위=0~0,,창업공간 제공 및 공간 이용실적에 따른 초기창업사업기간 구축비 지원(30만원 이내),        ,        ,인천 거주 또는 사업자 등록한 예비 또는 3년이하 청년창업가,,,https://youth.incheon.go.kr/youthpolicy/youthPolicyInfoDetail.do?poly_seq=283,main,primary,서구청년e음청년스타트업지원사업,인천광역시서구경제국청년정책일자리과,,일자리,창업
youth,20260506005400213153,청년 취업설명회(공기업 및 우수기업),공기업·우수기업 취업설명회를 통한 청년 구직자 취업정보 제공 및 취업 촉진,인력/일자리,인천광역시 강화군 경제산업국 일자리경제과,인천광역시,0013003 | 0049010,청년,만 19세 ~ 만 39세,19,39,-,소득조건코드=0043001 / 소득범위=0~0,,"○ 인천일자리한마당 연계행사(2026. 7. 예정)로 진행
○ 취업설명회 및 상담 : 공기업 10개 이내, 우수기업 15개
○ 취업정보관 : 5개 이내(인천시, 중부지방고용노동청, 관내 대학 등)
○ 부대행사관 : 3개 이내(인생네컷, 퍼스털컬러 등 이벤트 행사)",        ,        ,,,,https://youth.incheon.go.kr/youthpolicy/youthPolicyInfoDetail.do?poly_seq=285,main,primary,청년취업설명회공기업및우수기업,인천광역시강화군경제산업국일자리경제과,,일자리,취업
youth,20260506005400213152,인천시 일자리센터 운영,인천시 일자리지원 허브 기관으로 시민에 대한 입체적 취업지원 및 기업에 대한 적기 인재채용 지원,인력/일자리,인천광역시 경제산업본부 경제정책과,인천광역시,0013010 | 0049010,청년,만 34세 ~ 만 99세,34,,-,소득조건코드=0043001 / 소득범위=0~0,,-,,,,,,https://incheon.work.go.kr/main.do/main.do,main,primary,인천시일자리센터운영,인천광역시경제산업본부경제정책과,,일자리,취업
youth,20260506005400213151,청년고용 우수기업 근로환경 개선,청년고용 우수기업에 근로환경 개선 인센티브를 제공하여 중소기업 인식개선 및 일하고 싶은 직장 환경 조성,인력/일자리,인천광역시 청년정책담당관,인천광역시,0013010 | 0049010,청년,만 18세 ~ 만 39세,18,39,,소득조건코드=0043001 / 소득범위=0~0,,"○ 기업별 6백만원 ~ 24백만원 이내(청년 신규채용 1인당 3백만원 기준)
○ 근로환경개선을 위한 시설 개보수 및 물품구입 비용 지원
- 물품구입 : 냉·난방기, 공기청정기, 안마기기, 옷장, 냉장고, 비데, 세탁기, 건조기, 신발장, 온수기, 핸드드라이기, 집진기
- 시설개보수 : 화장실, 휴게실, 샤워실, 탈의실, 집진·공조시설",,,,,,https://bizok.incheon.go.kr/open_content/support.do?act=detail&policyno=6835&pgno=4,main,primary,청년고용우수기업근로환경개선,인천광역시청년정책담당관,,일자리,취업
youth,20260506005400213150,인천혁신모펀드 조성·운영(청년벤처·창업기업 투자유치 펀드 지원사업),청년벤처·창업기업 투자유치 펀드 지원사업,인력/일자리,인천광역시 미래산업국 산업창업정책과,인천광역시,0013010 | 0049010,"청년,초기창업기업",만 19세 ~ 만 39세,19,39,-,소득조건코드=0043001 / 소득범위=0~0,,인천 소재 유망 청년 벤처․창업기업을 발굴하여 펀드자금 투자   * 지원대상별 투자액 상이,        ,        ,,,,https://youth.incheon.go.kr/youthpolicy/youthPolicyInfoDetail.do?poly_seq=290,main,primary,인천혁신모펀드조성운영청년벤처창업기업투자유치펀드지원사업,인천광역시미래산업국산업창업정책과,,일자리,창업
youth,20260506005400213149,청년 소셜벤처기업 육성 사업,관내 대학과 연계하여 원도심재생ㆍ복지ㆍ환경 등 사회 현안문제에 대한 청년들의 참신한 아이디어를 발굴하고 지원함으로써 지역 청년 사업가 육성,인력/일자리,인천광역시 미래산업국 산업창업정책과,인천광역시,0013010 | 0049010,청년,만 18세 ~ 만 39세,18,39,-,소득조건코드=0043001 / 소득범위=0~0,,-,        ,        ,,,,https://youth.incheon.go.kr/youthpolicy/youthPolicyInfoDetail.do?poly_seq=291,main,primary,청년소셜벤처기업육성사업,인천광역시미래산업국산업창업정책과,,일자리,창업
youth,20260506005400213148,신개념 세대융합 청년창업 지원,"청년의 열정, 아이디어와 중장년의 경험을 멘토로 하는 새로운 창업지원을 통한 청년 창업 활성화",인력/일자리,인천광역시 미래산업국 산업창업정책과,인천광역시,0013006 | 0049010,청년,만 19세 ~ 만 39세,19,39,-,소득조건코드=0043001 / 소득범위=0~0,,"○ (전문가 풀 운영) 10년 이상 경력의 중장년 전문가
○ (컨설팅 지원) 50명 이상, 기업당 최대 2회(회당 2시간)
○ (우수 멘티 사업화 지원) 컨설팅 우수기업 선정 마케팅비 등 지원",        ,        ,,,,https://youth.incheon.go.kr/youthpolicy/youthPolicyInfoDetail.do?poly_seq=294,main,primary,신개념세대융합청년창업지원,인천광역시미래산업국산업창업정책과,,일자리,창업
youth,20260506005400213147,청년농업인 영농정착지원,젊고 유능한 인재의 농업분야 진출을 촉진을 통한 농가 고령화 완화 및 농업인력구조 개선,인력/일자리,농림축산식품부 농식품인재개발원,인천광역시,0013008 | 0049010,"농업인,청년",만 19세 ~ 만 39세,19,39,-,소득조건코드=0043001 / 소득범위=0~0,,"영농경력에 따라 3년간 영농정착 지원금 차등지급
- 독립경영 1년차 월110만원, 2년차 월100만원, 3년차 월90만원",20260101,20261231,,,,https://youth.incheon.go.kr/youthpolicy/youthPolicyInfoDetail.do?poly_seq=295,main,primary,청년농업인영농정착지원,농림축산식품부농식품인재개발원,20260101~20261231,일자리,취업
youth,20260506005400213146,청년농업인 영농 스타트업 지원,농촌 고령화에 대응하여 청년농업인들을 새롭게 유입시키고 안정적으로 정착할 수 있도록 지원,인력/일자리,인천광역시 농수산식품국 농축산과,인천광역시,사업자등록을 하고 사업체를 경영하는 자 제외 | 0013008 | 0049010,"농업인,스타트업,청년",만 19세 ~ 만 39세,19,39,-,소득조건코드=0043001 / 소득범위=0~0,,"농식품 가공·제조용 시설의 설치, 하우스, 온실 등 시설설치, 농기계 장비 구입비 지원",        ,        ,,,,https://youth.incheon.go.kr/youthpolicy/youthPolicyInfoDetail.do?poly_seq=296,main,primary,청년농업인영농스타트업지원,인천광역시농수산식품국농축산과,,일자리,취업
youth,20260506005400213145,인천콘텐츠코리아랩 운영,콘텐츠 비즈니스 모델 발굴 및 사업화 지원을 통해 스타트업의 성장 지원 기반 마련 확대,교육/멘토링,인천광역시 문화체육국 문화정책과,인천광역시,0013010 | 0049010,청년,만 34세 ~ 만 99세,34,,-,소득조건코드=0043001 / 소득범위=0~0,,-,,,,,,https://www.inckl.or.kr/user/main.do,main,primary,인천콘텐츠코리아랩운영,인천광역시문화체육국문화정책과,,교육･직업훈련,미래역량강화
youth,20260506005400213144,청년어업인 영어정착지원,창업 초기 청년어업인의 안정적인 어촌 정착 지원을 통한 우수한 청년인력의 어촌 유치,인력/일자리,인천광역시 수산기술지원센터,인천광역시,"유흥, 사치품 및 술·담배의 구매 등 일부 제외 | 0013010 | 0049010",청년,만 18세 ~ 만 39세,18,39,"(소득기준) 상근고용, 어업과 무관한 사업체 경영 금지
(기타조건) 수산업 경영기반 해당 시·군·구에 실제 거주(주민등록포함), 어업 및 양식업 경력 3년 이하 독립경영, 병역필 또는 병역면제자",소득조건코드=0043001 / 소득범위=0~0,,"수산업 경영비 및 어가 가계자금 지원
- 수산업경영 경력에 따라 차등 지급
(1년차 월 110만원, 2년차 월 100만원, 3년차 월 90만원)",        ,        ,"(소득기준) 상근고용, 어업과 무관한 사업체 경영 금지
(기타조건) 수산업 경영기반 해당 시·군·구에 실제 거주(주민등록포함), 어업 및 양식업 경력 3년 이하 독립경영, 병역필 또는 병역면제자",,,https://youth.incheon.go.kr/youthpolicy/youthPolicyInfoDetail.do?poly_seq=298,main,primary,청년어업인영어정착지원,인천광역시수산기술지원센터,,일자리,취업
youth,20260506005400213143,청년농업인4-H 연합회 활동지원,인천광역시 청년농업인4-H연합회 교육·행사지원 및 조직활성화,교육/멘토링,인천광역시 농업기술센터 농촌자원과,인천광역시,0013008 | 0049010,"농업인,청년",만 19세 ~ 만 39세,19,39,-,소득조건코드=0043001 / 소득범위=0~0,,인천광역시 농업인4-H연합회 워크숍 추진,        ,        ,,,,https://youth.incheon.go.kr/youthpolicy/youthPolicyInfoDetail.do?poly_seq=299,main,primary,청년농업인4h연합회활동지원,인천광역시농업기술센터농촌자원과,,교육･직업훈련,온·오프라인교육
youth,20260506005400213142,인천 전세보증금반환보증 보증료 지원,전세보증금반환보증 가입을 유도하여 저소득층의 전세사기 피해를 예방하고 주거안정 도모,주거,인천광역시 도시계획국 주택정책과,인천광역시,"○ 외국인 및 국내에 거주하지 않는 재외국민
○ 임차인이 법인인 경우(회사 지원 숙소 등)
○ 그 밖에 지자체장이 지원이 적합하지 않다고 판단하는 경우
*자세한 사항은 '정부24' 사업안내 참조 | 0013010 | 0049010",청년,만 34세 ~ 만 99세,34,,"◉ 소득기준
 - (청년) 신청일 기준 만18세~39세이하로 연소득 5천만원 이하
 - (청년 외) 연소득 6천만원 이하(기혼자는 부부합산임)
 - (신혼부부) 신청일 기준 혼인신고일 7년이내인 부부, 부부합산 연소득 7천5백만원 이하
◉ 주택기준
 - 임차보증금 3억원 이하
 * 주민등록상 주소지와 보증가입 물건지는 동일해야 함",소득조건코드=0043002 / 소득범위=0~6000,,"임차보증금 3억원 이하 주택에 대하여 신청일 기준 보증 효력이 유효한 전세금반환보증(HUG,HF,SGI)보증료 기납액을 지원",,,"◉ 소득기준
 - (청년) 신청일 기준 만18세~39세이하로 연소득 5천만원 이하
 - (청년 외) 연소득 6천만원 이하(기혼자는 부부합산임)
 - (신혼부부) 신청일 기준 혼인신고일 7년이내인 부부, 부부합산 연소득 7천5백만원 이하
◉ 주택기준
 - 임차보증금 3억원 이하
 * 주민등록상 주소지와 보증가입 물건지는 동일해야 함",,정부24홈페이지 온라인 신청(www.gov.kr),https://www.youthcenter.go.kr/youthPolicy/ythPlcyTotalSearch/ythPlcyDetail/20260506005400213142,main,primary,인천전세보증금반환보증보증료지원,인천광역시도시계획국주택정책과,,주거,주택 및 거주지
youth,20260506005400213141,대학생 학자금대출 이자 지원,인천시 대학생에게 학자금대출 이자를 지원하여 균등한 고등교육 기회 제공 및 지역인재 육성에 기여,교육/멘토링,인천광역시 기획조정실 교육협력담당관,인천광역시,"0013010 | 0049005,0049006,0049008",청년,만 34세 ~ 만 99세,34,,"-○지원시기 : 2026년 12월말(예정)
○결과확인 : 한국장학재단 홈페이지 → 학자금대출 → 학자금뱅킹 → 학자금대출상환지원 → 지자체 이자지원 지급내역 조회",소득조건코드=0043001 / 소득범위=0~0,,"2019년 1학기부터 한국장학재단을 통해 대출받은 학자금의 2025년 하반기(7~12월), 2026년 상반기(1~6월) 발생이자 지원 
- 발생한 이자금액만큼 한국장학재단의 대출원리금에서 차감",,,"-○지원시기 : 2026년 12월말(예정)
○결과확인 : 한국장학재단 홈페이지 → 학자금대출 → 학자금뱅킹 → 학자금대출상환지원 → 지자체 이자지원 지급내역 조회

○구비서류 
- 재학(휴학)생: 주민등록초본, 재학(휴학)증명서 
- 졸업생: 주민등록초본, 졸업증명서, 건강보험자격득실확인서",,인천시 홈페이지 > 시민참여 > 대학생 학자금대출 이자지원 신청,https://www.kosaf.go.kr/ko/main.do,main,primary,대학생학자금대출이자지원,인천광역시기획조정실교육협력담당관,,교육･직업훈련,교육비지원
youth,20260506005400213140,대학일자리플러스센터 운영 지원,관내 대학 인프라를 활용한 지역 대학생 및 청년 선호기업 취업 지원,인력/일자리,인천광역시 청년정책담당관,인천광역시,0013003 | 0049010,청년,만 18세 ~ 만 39세,18,39,-,소득조건코드=0043001 / 소득범위=0~0,,"대학일자리플러스센터 운영비 지원(인하대, 인천대, 재능대, 인하공전)
*구직스킬 향상 취업스터디, 직무특강, 커리어 매칭 프로그램, 청년층 선호 기업(공기업·대기업 등) 특별반운영 등",,,,,"○대학별 대학일자리플러스센터 사이트 회원가입 및 로그인
○대학일자리플러스센터 바로가기
 - 인하대  https://job.inha.ac.kr
 - 인천대 https://job.inu.ac.kr/sites/job/index.do?epTicket=LOG
 - 재능대  https://ewe.jeiu.ac.kr
 - 인하공전 https://www.inhatc.ac.kr/kr/3719/subview.do",https://www.youthcenter.go.kr/youthPolicy/ythPlcyTotalSearch/ythPlcyDetail/20260506005400213140,main,primary,대학일자리플러스센터운영지원,인천광역시청년정책담당관,,일자리,취업
youth,20260506005400213139,청년 해외진출기지 지원,"해외진출 역량이 있으나, 자원이 부족한 청년 창업가를 발굴하여 체계적인 지원으로 지역 청년 창업기업 해외진출 도모",인력/일자리,인천광역시 미래산업국 산업창업정책과,인천광역시,0013006 | 0049010,청년,만 19세 ~ 만 39세,19,39,-,소득조건코드=0043001 / 소득범위=0~0,,"○ 해외진출 전략 코칭 등 글로벌 역량강화
○ 글로벌진출을 위한 사업화 자금 및 해외진출 지원",        ,        ,,,,https://youth.incheon.go.kr/youthpolicy/youthPolicyInfoDetail.do?poly_seq=311,main,primary,청년해외진출기지지원,인천광역시미래산업국산업창업정책과,,일자리,창업
youth,20260504005400113138,다문화청년 취᭼창업지원 사업,다문화청년이 취᭼창업을 통한 주체적 역량으로서 성장이 필요함에 따라 취᭼창업 교육을 통해 현실적᭼경제적 자립 지원,인력/일자리,외국인정책과,전국,제한없음 | 0013003 | 0049010,청년,만 0세 ~ 만 0세,,,해당사항 없음,소득조건코드=0043003 / 소득범위=0~0 / -,,다문화가족 청년 대상 취᭼창업준비를 위한 프로그램 지원,20260301 ~ 20260331,20261231,해당사항 없음,다문화 청년 취창업 프로그램 지원,"신청(신청자)→접수(읍면동)→조사(시군 조사팀)→지원결정(시군 사업팀)
※ 전문자격증(간호조무사, 보육교사, 조리사등)은 관련 여성인력개발센터, 여성새로일하기센터 연계지원",https://youth.chungnam.go.kr/web/main/customSupp/M030-01/view?bizId=A2024021500300201100001197,main,primary,다문화청년취창업지원사업,외국인정책과,20260301 ~ 20260331~20261231,일자리,취업
youth,20260504005400113137,SW중심대학 지원,대학 SW교육 혁신을 통한 국가·기업·학생의 경쟁력 강화 및 소프트웨어 가치 확산 선도 대학 육성,교육/멘토링,AI육성과,전국,해당 없음 | 0013010 | 0049010,청년,만 0세 ~ 만 0세,,,해당 없음,소득조건코드=0043001 / 소득범위=0~0,,"SW전공/융합과정 개설·교육, 온/오프라인 교육콘텐츠 개발·활용, 도내 청소년 및 초·중·고 교사 대상 SW교육 등",        ,        ,해당 없음,별도 문의,별도 문의,https://youth.chungnam.go.kr/web/main/customSupp/M030-02/view?bizId=A20250415CT000000000002223,main,primary,sw중심대학지원,ai육성과,,교육･직업훈련,미래역량강화
youth,20260504005400113135,SW미래채움,지역 내 미취업 청년 등을 SW교육 전문강사로 양성하고 SW교육 지원을 통한 SW미래인재 양성,교육/멘토링,AI육성과,전국,해당 없음 | 0013003 | 0049010,청년,만 19세 ~ 만 0세,19,,해당 없음,소득조건코드=0043001 / 소득범위=0~0,,"SW전공/융합과정 개설·교육, 온/오프라인 교육콘텐츠 개발·활용, 도내 청소년 및 초·중·고 교사 대상 SW교육 등",        ,        ,해당 없음,별도 문의,별도 문의,https://youth.chungnam.go.kr/web/main/customSupp/M030-02/view?bizId=A20250415CT000000000002222,main,primary,sw미래채움,ai육성과,,교육･직업훈련,미래역량강화
youth,20260504005400113134,창의융합형 공학인재양성지원,산업계 수요에 부합하는 교육 프로그램 개발·운영을 통한 공학교육의 글로벌 경쟁력 제고 및 창의융합형 공학인재 양성,인력/일자리,미래산업과,전국,해당 없음 | 0013003 | 0049005,청년,만 0세 ~ 만 0세,,,해당 없음,소득조건코드=0043003 / 소득범위=0~0 / -,,"ㅇ 산업계 수요에 부합하는 공학교육 프로그램 개발 및 운영지원
- 교육프로그램 개발·운영 및 캠프 운영, 캡스톤 디자인 지원, 현장실습·견학 등",        ,        ,해당 없음,별도 문의,별도 문의,https://youth.chungnam.go.kr/web/main/customSupp/M030-02/view?bizId=A20250415CT000000000002199,main,primary,창의융합형공학인재양성지원,미래산업과,,일자리,취업
youth,20260504005400213132,생활권 보행환경 종합정비사업 (안서동 청년안심 탄소중립 보행환경 개선),민선 8기 공약사업 ‘대학로 조성’ 관련 대학로 특화거리 조성 및 보행안전도로 조성,주거,시장,전국,제한없음 | 0013010 | 0049010,청년,만 0세 ~ 만 0세,,,제한없음,소득조건코드=0043001 / 소득범위=0~0,,대학로 특화거리 조성 및 보행안전도로 조성,20260101,20281231,제한없음,,별도문의,https://youth.chungnam.go.kr/web/main/customSupp/M040-06/view?bizId=A20260309LC000000000003065,main,primary,생활권보행환경종합정비사업안서동청년안심탄소중립보행환경개선,시장,20260101~20281231,주거,주택 및 거주지
youth,20260504005400113131,2026 충남 창업마루 나비(Starup-NAvi),"도내 유망 스타트업 발굴 및 육성을 위한 공간 조성, 지속가능한 지역 일자리 토대 마련을 위한 충남 창업의 중심(HUB) 역할 수행",인력/일자리,AI육성과,충청남도,"· 금융기관으로부터 채무불이행으로 제재 중인 개인, 기업 또는 휴·폐업중인 자
· 국세 또는 지방세 체납 중인 개인, 기업
· 정부정책에 따라 창업지원 사업에 제한되는 업종을 영위하는 자
· 입주신청일 기준 휴·폐업·행정처분 등의 제재가 진행되는 자
· 충청남도, 충남혁신센터 또는 중소벤처기업부 등 정부기관으로부터 창업지원사업의 참여제한 조치가 진행 중인 기업 또는 해당 대표자
· 정부지원 사업 수혜를 위해 다수의 사업장에서 사업을 영위하는 경우 | 0013006,0013009 | 0049010","누구나,청년",만 0세 ~ 만 0세,,,"제조+4차산업(AI, Big Data, Robotics 등) 융합 item, 미래자동차, 차세대 디스플레이, 반도체, 에너지신산업 등 제조분야(부품·소재 포함),스마트 플랫폼 분야(업종제한 없음), 친환경-기후변화 대응 분야(미세먼지·온실가스 저감, 친환경제품 및 서비스), 바이오, 그 외 디지털·그린 뉴딜 연계분야",소득조건코드=0043003 / 소득범위=0~0 / -,,"입주 지원, 장비·공간 지원, 홍보, 멘토링, 투자, 네트워킹 지원",20260101,20261231,"제조+4차산업(AI, Big Data, Robotics 등) 융합 item, 미래자동차, 차세대 디스플레이, 반도체, 에너지신산업 등 제조분야(부품·소재 포함),스마트 플랫폼 분야(업종제한 없음), 친환경-기후변화 대응 분야(미세먼지·온실가스 저감, 친환경제품 및 서비스), 바이오, 그 외 디지털·그린 뉴딜 연계분야","입주신청서, 사업계획서, 개인정보 동의서, 사업자등록증(해당 시), 법인등기부등본(해당 시), 국세, 지방세 납세증명서 각1부, 4대보험가입자명부(해당 시), 매출증빙(표준재무제표, 부가가치세 과세표준증명원, 부가가치세 과세표준증명원_해당 시), 각종 증빙 서류 등",① 모집공고(공개모집) → ② 요건검토 → ③ 1차평가(서면평가) → ④ 2차평가(발표평가) → ⑤ 면담(심층면담) → ⑥ 계약,http://www.ccceicontest.or.kr/contest/list.php,main,primary,2026충남창업마루나비starupnavi,ai육성과,20260101~20261231,일자리,창업
youth,20260504005400113130,청년인턴 사업,청년 일 경험 기회 제공을 통한 취업 지원,인력/일자리,청년정책관,전국,해당 없음 | 0013003 | 0049006,청년,만 19세 ~ 만 39세,19,39,해당 없음,소득조건코드=0043003 / 소득범위=0~0 / -,,"기업·공공기관 내 인턴 근무 기회 제공(4개월)
 - 직무교육 및 학점 인정, 자기개발비 지급",,,해당 없음,공고 참조,별도 문의,https://www.youthcenter.go.kr/youthPolicy/ythPlcyTotalSearch/ythPlcyDetail/20260504005400113130,main,primary,청년인턴사업,청년정책관,,일자리,취업
youth,20260504005400113129,청년예술인 해외 공연,청년예술인의 국제무대 경험을 통해 역량강화 및 경력확장 도모,복지/문화,문화정책과,전국,도내 19~39세 예술인 | 0013010 | 0049010,청년,만 19세 ~ 만 39세,19,39,해당 사항 없음,소득조건코드=0043001 / 소득범위=0~0,,"청년예술인과 멘토 역할을 수행할 전문예술인 해외공연(15명 내외)
   - 중국, 일본, 베트남 등 우호협력단체의 교류행사와 연계 추진",20260401 ~ 20260630,20261231,해당 사항 없음,,별도 문의,https://youth.chungnam.go.kr/web/main/bbs/cnyouth_notice/545?cp=1&sortOrder=BA_REGDATE&sortDirection=DESC&bcId=cnyouth_notice&baNotice=false&baCommSelec=false&baOpenDay=false&baUse=true,main,primary,청년예술인해외공연,문화정책과,20260401 ~ 20260630~20261231,금융･복지･문화,예술인지원
youth,20260504005400113128,학교 밖 청소년 진로진학 박람회,학교 밖 청소년 특성에 맞는 대학입시 및 진로·직업 정보 제공,인력/일자리,여성가족정책과,전국,해당 없음 | 0013010 | 0049010,청년,만 0세 ~ 만 0세,,,해당 없음,소득조건코드=0043001 / 소득범위=0~0,,학교 밖 청소년 진로진학박람회 운영,,,해당 없음,별도 문의,별도 문의,https://www.youthcenter.go.kr/youthPolicy/ythPlcyTotalSearch/ythPlcyDetail/20260504005400113128,main,primary,학교밖청소년진로진학박람회,여성가족정책과,,일자리,취업
youth,20260504005400113127,청년성장 프로젝트,미취업 청년 등의 구직단념 예방 및 ’쉬었음‘ 전환 방지,인력/일자리,청년정책관,전국,별도 문의 | 0013010 | 0049010,청년,만 15세 ~ 만 39세,15,39,"15세~39세 이하 청년
※ 35세∼39세 청년은 전체 사업량의 30% 이내 참여",소득조건코드=0043003 / 소득범위=0~0 / -,,"- 청년정책 정보 제공: 청년이 필요로 하는 정책 정보 제공
   - 맞춤형 프로그램 제공: 진로적성 검사, 일상 자신감 회복, 취업 역량 강화, 취업 정보 습득 등 기회 제공
   - 청년 인프라 제공: 휴식 공간, 각종 모임 활동 공간, 웹서핑, 문서 출력 등 필요시 자유롭게 이용할 수 있는 인프라 제공",        ,        ,"15세~39세 이하 청년
※ 35세∼39세 청년은 전체 사업량의 30% 이내 참여",별도 문의,별도 문의,https://youth-up.kr/growth,main,primary,청년성장프로젝트,청년정책관,,일자리,취업
youth,20260504005400113126,충남 청년 뮤직 페스타,청년 예술인 지원을 위한 충남의 젊은 문화 활성화 및 도민 문화예술향유 기회 확대,복지/문화,문화정책과,충청남도,해당 없음 | 0013010 | 0049010,청년,만 19세 ~ 만 39세,19,39,해당 없음,소득조건코드=0043001 / 소득범위=0~0,,"도내 문화예술 법인‧단체 1개소 선정, 뮤직페스타 순회공연",20260101,20261231,해당 없음,별도 문의,별도 문의,https://www.chungnam.go.kr/cnportal/province/province/view.do?nttId=2176260&menuNo=500487&pageIndex=1&sdate=2025-04-27&edate=2026-04-27,main,primary,충남청년뮤직페스타,문화정책과,20260101~20261231,금융･복지･문화,문화활동 및 생활지원
youth,20260504005400113125,충남 음악창작소운영,"- 충남 지역 청년 뮤지션의 창작·제작·유통·무대경험·산업진입까지 연계하는 통합 음악창작 생태계 구축
- 지역기반 신규 뮤지션 발굴 및 음반 제작·홍보·쇼케이스 지원을 통해 청년의 문화예술 진입장벽 완화 및 자립 기반 마련",복지/문화,문화정책과,충청남도,해당 없음 | 0013010 | 0049010,청년,만 19세 ~ 만 50세,19,50,해당 없음,소득조건코드=0043001 / 소득범위=0~0,,"- 지역뮤지션 발굴 및 후속제작지원(소속사 매칭, 해외 쇼케이스 등)
- 지역특화 음원콘텐츠 제작 및 지역 창작자 네트워킹
- 발굴 뮤지션 대외공연 활동 및 지역축제·지자체 협업 공연 지원 
- 충남음악창작소 시설 운영 및 대관 서비스",20260101,20261231,해당 없음,별도 문의,별도 문의,https://www.cnmusicfactory.com/,main,primary,충남음악창작소운영,문화정책과,20260101~20261231,금융･복지･문화,문화활동 및 생활지원
youth,20260504005400113124,충남콘텐츠기업지원센터 운영,"- 지역 콘텐츠 기업의 체계적 발굴·육성을 통한 기업역량 강화 및 성장 견인 
- 지역 콘텐츠 기업 맞춤형 성장 지원을 통한 기업 및 콘텐츠 경쟁력 제고
- 콘텐츠 분야 신규 일자리 창출 및 지역 청년 인재 고용 촉진",복지/문화,문화정책과,충청남도,해당 없음 | 0013010 | 0049010,청년,만 19세 ~ 만 39세,19,39,해당 없음,소득조건코드=0043001 / 소득범위=0~0,,"❶ 콘텐츠기업 육성 
    - (맞춤형 기업성장 지원) 지역 콘텐츠기업 맞춤형 콘텐츠 개발과 사업화 지원을 통해 기업의 신규 IP 확보와 기존 콘텐츠의 고도화 및 경쟁력을 강화 
    - (스케일업 엑셀러레이팅 지원) 액셀러레이팅 전문기관을 통해 맞춤형 기업성장 솔루션 제공으로 IR 역량 및 투자유치 등 기업역량을 강화
 ❷ 지역인재 매칭 지원
    - 지역 소재 청년, 콘텐츠 기업 간 일자리 매칭 지원 ￫ 지역인재 채용 활성화",20260101,20261201,해당 없음,별도 문의,별도 문의,https://ccon.kr/,main,primary,충남콘텐츠기업지원센터운영,문화정책과,20260101~20261201,금융･복지･문화,문화활동 및 생활지원
youth,20260504005400113123,워케이션 충남 프로그램 운영,일과 휴양을 연계한 체류형 관광객 유치 및 관광산업 육성,복지/문화,관광진흥과,충청남도,해당 없음 | 0013001 | 0049010,청년,만 19세 ~ 만 0세,19,,해당 없음,소득조건코드=0043001 / 소득범위=0~0,,숙박+업무공간+체험활동 연계 워케이션 프로그램 제공,20260401 ~ 20261231,        ,해당 없음,별도 문의,별도 문의,https://www.cacf.or.kr/site/,main,primary,워케이션충남프로그램운영,관광진흥과,20260401 ~ 20261231~,금융･복지･문화,문화활동 및 생활지원
youth,20260504005400113122,청년문화예술패스,"○ 청년 19~20세 대상으로 문화예술 관람료를 지원하여 이들의 직접적인 문화 소비 확대
○ 문화예술인 창작활동에 대해 간접적 지원, 문화예술시장 확대를 통한 내수 활성화 도모",복지/문화,문화정책과,전국,19~20세 청년(’26년 기준 ’06~’07년생) | 0013010 | 0049010,청년,만 19세 ~ 만 20세,19,20,"문화예술(공연, 전시, 영화)에 사용 가능",소득조건코드=0043001 / 소득범위=0~0,,"문화예술(공연, 전시, 영화)에 사용 가능한 문화예술패스(연간 20만원) 지원",20260101,20261231,"문화예술(공연, 전시, 영화)에 사용 가능",별도문의,별도문의,https://youthculturepass.or.kr/,main,primary,청년문화예술패스,문화정책과,20260101~20261231,금융･복지･문화,문화활동 및 생활지원
youth,20260504005400113121,지역문화 전문인력 양성,지역 문화예술 생태계 자생력 강화를 위한 문화예술교육 전문인력 양성,복지/문화,문화정책과,전국,해당 없음 | 0013010 | 0049010,청년,만 19세 ~ 만 0세,19,,해당 없음,소득조건코드=0043001 / 소득범위=0~0,,"문화예술교육가 양성을 위한 3단계 교육 프로그램 운영
※ 보통과정(e-러닝 이론 교육), 심화과정(특강 및 워크숍), 실습과정(시범사업 운영)",20260101,20261231,해당 없음,별도 문의,별도 문의,https://www.cacf.or.kr/site/index-hub.php,main,primary,지역문화전문인력양성,문화정책과,20260101~20261231,금융･복지･문화,문화활동 및 생활지원
youth,20260504005400113120,공공형 축산 스마트팜 인큐베이터 운영,사양관리 및 경영관리 등 스마트 축산 ICT 기술 습득 지원,인력/일자리,축산기술연구소,전국,해당 없음 | 0013008 | 0049010,청년,만 0세 ~ 만 50세,,50,18세 이상 50세 미만,소득조건코드=0043001 / 소득범위=0~0,,직무교육 및 인턴 근무 기회 제공,        ,        ,18세 이상 50세 미만,‘우선 선발기준’에 대한 증빙서류 등,시군 축산부서에 신청서 및 증빙서류 제출,https://www.chungnam.go.kr/liveStock.do,main,primary,공공형축산스마트팜인큐베이터운영,축산기술연구소,,일자리,창업
youth,20260504005400113119,청년농업인 역량강화 지원,"- 청년농업인 역량강화 지원
 - 청년농부되기 진로교육
 - 청년농업인 온라인 마케팅 기술시범
 - 청년농업인 품목별 연구동아리 육성지원",교육/멘토링,지도정책과,전국,0013008 | 0049009,"농업인,청년",만 18세 ~ 만 44세,18,44,"- 만 18세 이상~만 45세 미만 청년농업인(충청남도 거주)
- 시군 농업계고등학교",소득조건코드=0043003 / 소득범위=0~0 / -,,"- 청년농업인 역량강화 지원
 - 청년농부되기 진로교육
 - 청년농업인 온라인 마케팅 기술시범
 - 청년농업인 품목별 연구동아리 육성지원",20260101 ~ 20261231,20261231,"- 만 18세 이상~만 45세 미만 청년농업인(충청남도 거주)
- 시군 농업계고등학교",별도 문의,신청(신청자)→접수(시·군)→대상자 결정(시·군)→추진,https://youth.chungnam.go.kr/web/main/customSupp/M030-01/view?bizId=A20260309CT000000000003014,main,primary,청년농업인역량강화지원,지도정책과,20260101 ~ 20261231~20261231,교육･직업훈련,미래역량강화
youth,20260504005400113118,산업단지 청년문화센터 건립,산단 내 부족한 문화·복지·편의시설 확충을 위해 청년문화센터를 건립하여 청년 유입 기능강화 및 근로자 복지환경 개선,복지/문화,산업입지과,전국,제한없음 | 0013010 | 0049010,청년,만 0세 ~ 만 0세,,,제한없음,소득조건코드=0043001 / 소득범위=0~0,,산업단지 청년문화센터 건립을 위한 건축비 지원,        ,        ,제한없음,별도문의,별도문의,https://youth.chungnam.go.kr/web/main/customSupp/M060-09/view?bizId=A20260309CT000000000003054,main,primary,산업단지청년문화센터건립,산업입지과,,금융･복지･문화,문화활동 및 생활지원
youth,20260504005400113117,청년·사회초년생을 위한 필수 교육 운영,"19세 ~ 39세 경제교육이 필요한 청년 누구나 자산관리, 투자 기초지식, 올바른 투자법 등 대상과 여건에 맞는 주제로 맞춤형 경제교육 시행",교육/멘토링,청년정책관,전국,제한 없음 | 0013009 | 0049009,"누구나,청년",만 19세 ~ 만 39세,19,39,제한 없음,소득조건코드=0043003 / 소득범위=0~0 / -,,"19세 ~ 39세 경제교육이 필요한 청년 누구나 자산관리, 투자 기초지식, 올바른 투자법 등 대상과 여건에 맞는 주제로 맞춤형 경제교육 시행",20260101,20261231,제한 없음,별도 문의,반기별 수요조사(시군·교육기관 등) → 일정 조정 → 교육 제공,https://youth.chungnam.go.kr/web/main/customSupp/M030-02/view?bizId=A20260309CT000000000003051,main,primary,청년사회초년생을위한필수교육운영,청년정책관,20260101~20261231,교육･직업훈련,미래역량강화
youth,20260504005400113116,정신건강 심리상담 바우처 사업,도민의 마음건강 돌봄 및 자살 예방·정신질환 조기 발견,복지/문화,건강증진식품과,전국,해당 없음 | 0013010 | 0049010,청년,만 19세 ~ 만 39세,19,39,해당 없음,소득조건코드=0043001 / 소득범위=0~0,,"- 심리상담 서비스 바우처 총 8회기 제공(회당 최소 50분 이상)
- 심리검사* 실시 및 대상자 상황 및 수요** 등을 고려하여 적합한 심리상담 서비스를 1:1 대면으로 제공
 * ▴우울의 평가 : PHQ-9(Patient Health Questionnaire-9), ▴불안의 평가 : GAD-7(Generalized Anxiety Disorder-7),     
    ▴자살 위험성의 평가 : P4 suicidality screen scale 등
** ▴심리정서적 문제(우울, 불안 등)에 대한 개입 및 예방, ▴상황적 스트레스 대처능력 향상, ▴의사소통 기술 및 대인관계 향상 도모 등",20260101,20261231,해당 없음,별도 문의,별도 문의,https://www.bokjiro.go.kr/ssis-tbu/twataa/wlfareInfo/moveTWAT52011M.do?wlfareInfoId=WLF00005567,main,primary,정신건강심리상담바우처사업,건강증진식품과,20260101~20261231,금융･복지･문화,건강
youth,20260504005400113115,인재육성사업 추진,"충남도민 및 그 자녀
 - (연령 기준) 장학사업별 연령기준 다름
 - (소득 기준) 장학사업별 소득기준 다름
 ㅇ (사업 내용) 학자금대출이자지원사업 외 8종
 - 학자금대출이자지원, 충남형공공간호, 충남사랑, 재능키움, 아름드리, 거주비지원, 지역인재육성간호 예체능특기생, 해외유학장학사업",복지/문화,고등교육정책담당관,전국,"충남도민 및 그 자녀
   - (연령 기준) 장학사업별 연령기준 다름
   - (소득 기준) 장학사업별 소득기준 다름 | 0013009 | 0049009",청년,만 0세 ~ 만 0세,,,"충남도민 및 그 자녀
   - (연령 기준) 장학사업별 연령기준 다름
   - (소득 기준) 장학사업별 소득기준 다름","소득조건코드=0043003 / 소득범위=0~0 / 충남도민 및 그 자녀
   - (연령 기준) 장학사업별 연령기준 다름
   - (소득 기준) 장학사업별 소득기준 다름",,"충남도민 및 그 자녀
   - (연령 기준) 장학사업별 연령기준 다름
   - (소득 기준) 장학사업별 소득기준 다름
  
 ㅇ (사업 내용) 학자금대출이자지원사업 외 8종
   - 학자금대출이자지원, 충남형공공간호, 충남사랑, 재능키움, 아름드리, 거주비지원, 지역인재육성간호 예체능특기생, 해외유학장학사업",20260101 ~ 20261231,20261231,"충남도민 및 그 자녀
   - (연령 기준) 장학사업별 연령기준 다름
   - (소득 기준) 장학사업별 소득기준 다름",별도 문의(충남평생교육진흥원),별도 문의(충남평생교육진흥원),https://youth.chungnam.go.kr/web/main/customSupp/M030-04/view?bizId=A20260309CT000000000003045,main,primary,인재육성사업추진,고등교육정책담당관,20260101 ~ 20261231~20261231,금융･복지･문화,취약계층 및 금융지원
youth,20260504005400113114,지역사회서비스 청년사업단,청년 수요에 맞는 사회서비스(신체·정신건강 분야) 개발 ·제공 및 청년 일자리 창출,복지/문화,복지보훈정책과,전국,해당 없음 | 0013010 | 0049010,청년,만 19세 ~ 만 39세,19,39,해당 없음,소득조건코드=0043001 / 소득범위=0~0,,"지역 청년 대상 운동치료, 식생활·체질 개선, 우울·불안·스트레스 예방 프로그램 등 개발·제공을 위한 사업비 지원",20260301,20261231,해당 없음,별도 문의,별도 문의,https://youth.chungnam.go.kr/web/main/customSupp/M040-06/view?bizId=A20260309CT000000000003043,main,primary,지역사회서비스청년사업단,복지보훈정책과,20260301~20261231,금융･복지･문화,건강
youth,20260504005400113113,대학생 천원의 아침밥 사업 지원,"도내 대학 재학생 대상으로 충남 쌀 등 지역 농산물 활용한 아침식사를 1,000원에 제공하는 사업",복지/문화,고등교육정책담당관,전국,해당 없음 | 0013009 | 0049005,청년,만 0세 ~ 만 0세,,,해당 없음,소득조건코드=0043003 / 소득범위=0~0 / -,,공모 선정된 도내 대학에 대학생 아침식사 제공을 위한 충남 쌀 등 지역 농산물 구입 비용 지원(1천원/1식),20260101 ~ 20260228,20261231,해당 없음,해당 없음,해당 없음,https://www.youthcenter.go.kr/youthPolicy/ythPlcyTotalSearch/ythPlcyDetail/20260504005400113113,main,primary,대학생천원의아침밥사업지원,고등교육정책담당관,20260101 ~ 20260228~20261231,금융･복지･문화,취약계층 및 금융지원
youth,20260504005400113112,창업중심 대학 사업 지원,대학의 창업 인프라를 활용하여 우수한 창업아이템을 보유한 (예비)창업기업의 사업화 지원,인력/일자리,AI육성과,전국,해당 없음 | 0013006 | 0049010,청년,만 0세 ~ 만 0세,,,"시스템반도체, 스마트제조, 전기수소차, 인공지능",소득조건코드=0043001 / 소득범위=0~0,,직무교육 및 인턴 근무 기회 제공,20260303 ~ 20260324,,"시스템반도체, 스마트제조, 전기수소차, 인공지능",사업계획서 및 기타 증빙서류,k-startuup 홈페이지를 통한 온라인 신청,https://www.k-startup.go.kr,main,primary,창업중심대학사업지원,ai육성과,20260303 ~ 20260324~,일자리,창업
youth,20260504005400113111,광역이음(충청권 연계) 일자리사업,"충청권 전략산업(첨단바이오, 미래모빌리티) 종사 노동자에 대한 집중지원을 통해 청년 인재의 수도권 유출을 방지하고 지역 정착을 유도",인력/일자리,일자리기업지원과,전국,제한 없음 | 0013010 | 0049010,"누구나,청년",만 19세 ~ 만 39세,19,39,제한 없음,소득조건코드=0043001 / 소득범위=0~0,,충청권역 전략산업에 취업한 청년을 대상으로 권역 내 경력인증을 통해 지역 정착 및 장기근속을 유도하는 지원제도를 운영,20260201 ~ 20261231,        ,제한 없음,별도 문의,별도 문의,https://youth.chungnam.go.kr/web/main/customSupp/M030-01/view?bizId=A20260309CT000000000003041,main,primary,광역이음충청권연계일자리사업,일자리기업지원과,20260201 ~ 20261231~,일자리,취업
youth,20260504005400113110,충남도립대 등록금 장학금 지급,"2022학년도 이후 입학자 중, 국가장학금을 신청했으나 수혜를 받지 못한 재학생으로서 직전학기 성적이 70점(C0) 이상인 자 
※ 학자금 지원구간이 0~3구간인 학생은 D0(60점) 이상
 - (1단계) 2022학년도 신입생(1학년) 전학기 전액 장학금 지급
 - (2단계) 2023학년도 1~2학년 전액 장학금 지급
 - (3단계) 2024학년도 1~3학년 전액 장학금 지급
 - (4단계) 2025학년도 1~4학년 전액 장학금 지급",교육/멘토링,교무학생처,충청남도,"2022학년도 이후 입학자 중, 국가장학금을 신청했으나 수혜를 받지 못한 재학생으로서 직전학기 성적이 70점(C0) 이상인 자 
※ 학자금 지원구간이 0~3구간인 학생은 D0(60점) 이상 | 0013009 | 0049005,0049009",청년,만 0세 ~ 만 0세,,,"2022학년도 이후 입학자 중, 국가장학금을 신청했으나 수혜를 받지 못한 재학생으로서 직전학기 성적이 70점(C0) 이상인 자 
※ 학자금 지원구간이 0~3구간인 학생은 D0(60점) 이상",소득조건코드=0043003 / 소득범위=0~0 / -,,"2022학년도 이후 입학자 중, 국가장학금을 신청했으나 수혜를 받지 못한 재학생으로서 직전학기 성적이 70점(C0) 이상인 자 
※ 학자금 지원구간이 0~3구간인 학생은 D0(60점) 이상
 - (1단계) 2022학년도 신입생(1학년) 전학기 전액 장학금 지급
 - (2단계) 2023학년도 1~2학년 전액 장학금 지급
 - (3단계) 2024학년도 1~3학년 전액 장학금 지급
 - (4단계) 2025학년도 1~4학년 전액 장학금 지급",20260301 ~ 20270228,20270228,"2022학년도 이후 입학자 중, 국가장학금을 신청했으나 수혜를 받지 못한 재학생으로서 직전학기 성적이 70점(C0) 이상인 자 
※ 학자금 지원구간이 0~3구간인 학생은 D0(60점) 이상",별도 문의,국가장학금 신청→국가·등록금성 장학금 지급→  미수혜자조사→대상자 장학금 지원,https://www.cnsu.ac.kr/univ/bachelor/scholarship/type.do,main,primary,충남도립대등록금장학금지급,교무학생처,20260301 ~ 20270228~20270228,교육･직업훈련,온·오프라인교육
youth,20260504005400113109,대학생 연합설계 지원(건축역량 강화),"도내 건축학과 대학생들이 연합하여 건축설계를 할 수 있도록 대학교 경계를 허무는 프로그램을 운영하고, 충남건축디자인문화제 행사기간 동안 작품 전시 지원",교육/멘토링,건축디자인과,전국,도내 건축학과 대학생 | 0013009 | 0049005,청년,만 0세 ~ 만 0세,,,도내 건축학과 대학생,소득조건코드=0043003 / 소득범위=0~0 / -,,"ㅇ 도 내 대학교가 연합하여 건축학과 학생들의 건축 설계 추진
ㅇ 충남건축디자인문화제 행사기간 동안 학생 작품 전시 및 대내외 홍보",20260301 ~ 20261231,20261231,도내 건축학과 대학생,별도 문의,연합설계 추진(대학교) ⇨ 작품전시 지원(도),https://youth.chungnam.go.kr/web/main/customSupp/M030-02/view?bizId=A20260309CT000000000003044,main,primary,대학생연합설계지원건축역량강화,건축디자인과,20260301 ~ 20261231~20261231,교육･직업훈련,온·오프라인교육
youth,20260504005400113108,예비청년 현장중심 진로체험 프로그램 운영,"도내 학교에 재학 중인 예비청년 대상
- 지역사회 내 다양한 진로체험처 발굴, 관리 지원
- 예비청년 대상 진로직업체험 프로그램 운영 지원",교육/멘토링,고등교육정책담당관,전국,도내 학교에 재학 중인 예비청년 만13~18세 | 0013009 | 0049009,청년,만 13세 ~ 만 18세,13,18,도내 학교에 재학 중인 예비청년 만13~18세,소득조건코드=0043003 / 소득범위=0~0 / -,,"도내 학교에 재학 중인 예비청년 대상
- 지역사회 내 다양한 진로체험처 발굴, 관리 지원
- 예비청년 대상 진로직업체험 프로그램 운영 지원",20260101 ~ 20261231,20261231,도내 학교에 재학 중인 예비청년 만13~18세,별도 문의,교부(도) → 교육기관 보조(시군) → 사업추진(교육청),https://youth.chungnam.go.kr/web/main/customSupp/M030-02/view?bizId=A20260309CT000000000003039,main,primary,예비청년현장중심진로체험프로그램운영,고등교육정책담당관,20260101 ~ 20261231~20261231,교육･직업훈련,온·오프라인교육
youth,20260504005400113107,지역특화형 비자 사업(지역우수인재),"인구감소지역 내 지역 산업, 일자리 특화 외국인 인재 유치로 지역 생활인구 확대 및 장기 정착을 통한 선순환 구조 실현",인력/일자리,외국인정책과,전국,별도문의 | 0013010 | 0049010,청년,만 19세 ~ 만 39세,19,39,해당없음,소득조건코드=0043003 / 소득범위=0~0 / -,,"요건을 갖춘 국내체류 외국인에게 장기거주 비자를 발급 
※ (지자체) 비자전환 추천서 발급, (법무부) 비자 전환",,,해당없음,별도문의,별도문의,https://www.youthcenter.go.kr/youthPolicy/ythPlcyTotalSearch/ythPlcyDetail/20260504005400113107,main,primary,지역특화형비자사업지역우수인재,외국인정책과,,일자리,취업
youth,20260504005400113106,충남도립대학교 취업역량 강화 사업,"충남도립대학교 본교 재학생․졸업생 대상 컨설팅, 취업역량 강화 프로그램 제공",교육/멘토링,취업지원처,충청남도,충남도립대학교 재학생․졸업생 | 0013009 | 0049005,청년,만 0세 ~ 만 0세,,,충남도립대학교 재학생․졸업생,소득조건코드=0043003 / 소득범위=0~0 / -,,"충남도립대학교 본교 재학생․졸업생 대상 컨설팅, 취업역량 강화 프로그램 제공",20260301 ~ 20270228,20270228,충남도립대학교 재학생․졸업생,별도 문의,별도 문의,https://youth.chungnam.go.kr/web/main/customSupp/M030-02/view?bizId=A20260309CT000000000003036,main,primary,충남도립대학교취업역량강화사업,취업지원처,20260301 ~ 20270228~20270228,교육･직업훈련,온·오프라인교육
youth,20260504005400113105,주력산업 일자리 지원사업,자동차·반도체 등 도 주력산업 취업 장려를 통해 도 청년인재의 수도권 유출을 방지하고 지역 내 정착 및 장기근속 기반 마련,인력/일자리,일자리기업지원과,전국,제한 없음 | 0013001 | 0049010,"누구나,청년",만 0세 ~ 만 0세,,,제한 없음,소득조건코드=0043003 / 소득범위=0~0 / -,,"- 도내 대학 졸업 청년*에게 월세 월 30만원(연 300만원)을 지원
 * ’25 ~ ’26년 졸업자 중 반도체, 자동차 분야 취업 청년  
- 노동부 근속지원 장려금* 종료 후 도 자체 장려금**을 연계해 장기근속 유도 
 * (노동부 청년도약장려금) 5인 이상 제조기업, 24개월 근속 시 480만원 지원
 ** (충청남도 도약장려금) 반도체, 자동차 분야 기업 3년차 200만원, 4년차 300만원 지원
- 주력산업 기업을 대상으로 휴게·복지공간 조성 등 근로여건 개선 지원
- 석탄화력발전소 종사자를 대상으로 직무전환 교육 프로그램 운영",20260201 ~ 20260430,20261231,제한 없음,별도 문의,별도 문의,https://youth.chungnam.go.kr/web/main/customSupp/M030-02/view?bizId=A20260309CT000000000003037,main,primary,주력산업일자리지원사업,일자리기업지원과,20260201 ~ 20260430~20261231,일자리,취업
youth,20260504005400113104,자립준비청년 지원,자립준비청년(보호종료아동)의 안정적인 사회 정착을 위한 자립수당 및 자립정착금 등 초기비용 지원,복지/문화,인구정책과,전국,해당 없음 | 0013010 | 0049010,청년,만 0세 ~ 만 0세,,,해당 없음,소득조건코드=0043001 / 소득범위=0~0,,"- (자립정착금) 자립준비청년에게 주거 마련 등 자립에 소요되는 초기비용 1,000만원 지원
- (대학생활안정자금) 대학에 진학한 자립준비청년 및 보호연장아동에게 대학생활에 필요한 자금 200만원 지원
- (자립수당) 보호 종료 5년 이내 자립준비청년에게 자립에 필요한 비용 월 50만원 지원",20260101,20261231,해당 없음,별도 문의,별도 문의,https://youth.chungnam.go.kr/web/main/customSupp/M040-06/view?bizId=A20260309CT000000000003035,main,primary,자립준비청년지원,인구정책과,20260101~20261231,금융･복지･문화,취약계층 및 금융지원
youth,20260504005400113103,안서동 목조 커뮤니티시설 및 전망대 설치,국산 목재를 활용한 전망대 및 목재 특화 거리 조성을 통한 탄소중립 실현 및 지역 경제 활성화,복지/문화,산림자원과,전국,제한없음 | 0013010 | 0049010,청년,만 0세 ~ 만 0세,,,제한없음,소득조건코드=0043001 / 소득범위=0~0,,"- 국산목재 목조건축물
   - 목재특화거리조성",20260101 ~ 20261231,20291231,제한없음,별도문의,별도문의,https://youth.chungnam.go.kr/web/main/customSupp/M040-06/view?bizId=A20260309CT000000000003033,main,primary,안서동목조커뮤니티시설및전망대설치,산림자원과,20260101 ~ 20261231~20291231,금융･복지･문화,문화활동 및 생활지원
youth,20260504005400113102,공동훈련센터 운영 지원,"- 지역 산업·기업 수요를 반영한 청년 중심 맞춤형 직업훈련 과정 운영
- 취업 연계형·현장 중심 교육을 통한 청년 고용 가능성 제고",교육/멘토링,일자리기업지원과,전국,"도내 미취업 청년 및 구직자, 지역 중소기업 재직자 | 0013010 | 0049009","중소기업,청년",만 0세 ~ 만 0세,,,"도내 미취업 청년 및 구직자, 지역 중소기업 재직자",소득조건코드=0043003 / 소득범위=0~0 / -,,"AI·데이터(14개 과정), 기계조립·관리(15개 과정), 기계설비(12개 과정), 제조분야 등(30개 과정) 등 71개 과정 운영",20260101 ~ 20261231,20261231,"도내 미취업 청년 및 구직자, 지역 중소기업 재직자",별도 문의,별도 문의,https://youth.chungnam.go.kr/web/main/customSupp/M030-02/view?bizId=A20260309CT000000000003032,main,primary,공동훈련센터운영지원,일자리기업지원과,20260101 ~ 20261231~20261231,교육･직업훈련,온·오프라인교육
youth,20260504005400113101,청소년 한부모 복지급여 지원,저소득 청소년 한부모에게 양육비 등 지원을 통한 양육부담 경감 및 생활안정 도모,복지/문화,여성가족정책과,전국,해당 없음 | 0013010 | 0049010,청년,만 0세 ~ 만 24세,,24,해당 없음,소득조건코드=0043001 / 소득범위=0~0,,"- 자녀 1인당 아동양육비 월 37만원~40만원 지원, 자립촉진수당, 검정고시 등 학습지원(가구당 연 154만원 이내)",20260101,20261231,해당 없음,관할 주소지 읍면동 행정복지센터 문의,관할 주소지 읍면동 행정복지센터 문의,https://youth.chungnam.go.kr/web/main/customSupp/M040-06/view?bizId=A20260309CT000000000003030,main,primary,청소년한부모복지급여지원,여성가족정책과,20260101~20261231,금융･복지･문화,취약계층 및 금융지원
youth,20260504005400113100,청년 브릿지 온,취업에 어려움을 겪는 청년에 대한 일경험 등 고용지원서비스 제공,인력/일자리,청년정책관,전국,제한 없음청년 등 구직자 19~39세 | 0013010 | 0049010,"누구나,청년",만 19세 ~ 만 39세,19,39,제한 없음,소득조건코드=0043003 / 소득범위=0~0 / -,,방문형 취업서비스 제공 및 청년일자리정책 홍보,        ,        ,제한 없음,별도 문의,별도 문의,https://youth.chungnam.go.kr/web/main/customSupp/M030-02/view?bizId=A20260309CT000000000003027,main,primary,청년브릿지온,청년정책관,,일자리,취업
youth,20260504005400113099,반도체 특성화 대학,4년간(선정 연도 포함) 반도체 인재양성 및 R&D 자율 수행,교육/멘토링,산업육성과,전국,"도내 3개 대학(한기대, 호서대, 공주대) 반도체 관련 학과 재학생 | 0013009 | 0049005",청년,만 0세 ~ 만 0세,,,"도내 3개 대학(한기대, 호서대, 공주대) 반도체 관련 학과 재학생",소득조건코드=0043003 / 소득범위=0~0 / -,,"ㅇ (한기대) 공정‧장비 분야 인재 양성 110명 / 기업참여 교과목 개발 1건, 산학협력프로젝트 6건, 반도체 기업탐방 2회 추진 등
 ㅇ (호서대) 패키징 분야 인재 양성 290명 / 국내 산업체 견학 4회, 반도체산업 리더 초청 특강 5회, 산학협력프로젝트 2건 추진 등
 ㅇ (공주대) 계측‧분석 분야 인재 양성 190명 / 기업참여 교과목 개발 2건, 산학프로젝트 및 실무 전문가 멘토링 추진 등",20260101 ~ 20261231,20261231,"도내 3개 대학(한기대, 호서대, 공주대) 반도체 관련 학과 재학생",별도 문의,교육부 공모사업 선정 → 도비 보조금 교부 → 사업 추진,https://youth.chungnam.go.kr/web/main/customSupp/M030-02/view?bizId=A20260309CT000000000003029,main,primary,반도체특성화대학,산업육성과,20260101 ~ 20261231~20261231,교육･직업훈련,온·오프라인교육
youth,20260504005400113097,청년수산인단체 역량강화 지원,청년수산인 역량강화 교육 지원,교육/멘토링,어촌산업과,전국,"만 18세 이상~만 45세 미만 청년수산인(충청남도 거주) | 0013008,0013009 | 0049009",청년,만 18세 ~ 만 44세,18,44,만 18세 이상~만 45세 미만 청년수산인(충청남도 거주),소득조건코드=0043003 / 소득범위=0~0 / -,,ㅇ청년수산인연합회 회원 대상 수산분야 역량강화 워크숍 및 교육 실시,20260101 ~ 20261231,20261231,만 18세 이상~만 45세 미만 청년수산인(충청남도 거주),별도 문의,별도 문의,https://youth.chungnam.go.kr/web/main/customSupp/M030-02/view?bizId=A20260309CT000000000003025,main,primary,청년수산인단체역량강화지원,어촌산업과,20260101 ~ 20261231~20261231,교육･직업훈련,온·오프라인교육
youth,20260504005400113096,충청남도 친화형 PILOT 프로그램 (프로젝트 인턴십),청년의 실무 능력을 강화하고 기업의 채용 가능성 제고,인력/일자리,청년정책관,전국,도내 대학(원)생 등 청년 19~39세 | 0013003 | 0049009,청년,만 19세 ~ 만 39세,19,39,제한없음,소득조건코드=0043003 / 소득범위=0~0 / -,,"기업이 제시한 프로젝트를 청년들이 직접 수행하고 결과물에 대한 기업의 평가를 통한 청년 경력 개발
(4~6개월, 20개 프로젝트)",20260301 ~ 20260331,        ,제한없음,별도 문의,별도 문의,https://youth.chungnam.go.kr/web/main/customSupp/M030-02/view?bizId=A20260309CT000000000003023,main,primary,충청남도친화형pilot프로그램프로젝트인턴십,청년정책관,20260301 ~ 20260331~,일자리,취업
youth,20260504005400113095,첨단산업 인재양성 부트캠프,반도체·디스플레이 산업수요 맞춤형 전문인력 양성,교육/멘토링,고등교육정책담당관,전국,"반도체·디스플레이 관련 공과계열 대학생 2~4학년
- 선문대(반도체) : 전자공학, 반도체소재공학, 스마트정보통신공학
- 순천향대(디스플레이) : 디스플레이신소재공학, 전자정보공학, 나노화학공학, 기계공학 | 0013009 | 0049005",청년,만 0세 ~ 만 0세,,,"반도체·디스플레이 관련 공과계열 대학생 2~4학년
- 선문대(반도체) : 전자공학, 반도체소재공학, 스마트정보통신공학
- 순천향대(디스플레이) : 디스플레이신소재공학, 전자정보공학, 나노화학공학, 기계공학",소득조건코드=0043003 / 소득범위=0~0 / -,,"ㅇ 반도체 패키징 소재‧공정 중심으로 특화된 교육과정 및 인프라 확보
ㅇ 디스플레이 소재․부품, 공정․장비 분야 핵심 인재 양성을 위한 전공심화 교육 및 실습 프로그램 운영
ㅇ 산업체 연계 현장실습, 산학프로젝트실습, 기업특강 등을 통한 실무역량 강화
ㅇ 채용박람회 및 전시회 참관 지원, 취업 캠프 운영",20260101 ~ 20261231,20261231,"반도체·디스플레이 관련 공과계열 대학생 2~4학년
- 선문대(반도체) : 전자공학, 반도체소재공학, 스마트정보통신공학
- 순천향대(디스플레이) : 디스플레이신소재공학, 전자정보공학, 나노화학공학, 기계공학",별도 문의,별도 문의,https://youth.chungnam.go.kr/web/main/customSupp/M030-02/view?bizId=A20260309CT000000000003021,main,primary,첨단산업인재양성부트캠프,고등교육정책담당관,20260101 ~ 20261231~20261231,교육･직업훈련,미래역량강화
youth,20260504005400113094,자립지원 사업비,자립준비청년(보호종료아동)의 안정적인 사회 정착 도모,복지/문화,인구정책과,전국,보호 종료 5년 이내 자립준비청년 | 0013010 | 0049010,청년,만 0세 ~ 만 0세,,,보호 종료 5년 이내 자립준비청년,소득조건코드=0043003 / 소득범위=0~0 / -,,"보호 종료 5년 이내 자립준비청년 자립수준평가 등 기본 사후관리 및 맞춤형 자립지원통합서비스 제공
 * 자립지원통합서비스 : 기본 사후관리 인원 중 자립기술평가 및 초기상담을 통해 지원이 필요한 청년을 선정, 
   생활·주거·교육·취업 등 월 40만원 한도 내 지원
  - 자립준비청년 간 자조모임(바람개비 서포터즈) 운영 지원",20260101,20261201,보호 종료 5년 이내 자립준비청년,별도 안내,별도 안내,https://youth.chungnam.go.kr/web/main/customSupp/M040-06/view?bizId=A20260309CT000000000003018,main,primary,자립지원사업비,인구정책과,20260101~20261201,금융･복지･문화,취약계층 및 금융지원
youth,20260504005400113093,창업어가 멘토링,"창업어가와 후견인을 1:1 매칭하여, 후견인의 교육 및 지도에 필요한 비용 지원",교육/멘토링,수산자원연구소,전국,"0013008,0013009 | 0049009",청년,만 0세 ~ 만 0세,,,"1. 창업어가 : 어업인 후계자로 선정된 지 3년 이내인 자, 귀어한 지 3년 이내인 자, 당해연도 귀어 창업자금 지원(예정)자
2. 후 견 인 : 우수경영인, 수산 신지식인, 수산 퇴직공무원, 대학교수 등 수산 분야 전문가로 어업 분야에 10년 이상 종사한 자",소득조건코드=0043003 / 소득범위=0~0 / -,,"창업어가와 후견인을 1:1 매칭하여, 후견인의 교육 및 지도에 필요한 비용 지원
ㅇ 창업어가 및 후견인 사업자 선정(창업어가 3명, 후견인 3명)
ㅇ 창업어가에 수산업 전반에 대한 기술·경영 지도(월 6회 이상)",20260101 ~ 20261231,20261231,"1. 창업어가 : 어업인 후계자로 선정된 지 3년 이내인 자, 귀어한 지 3년 이내인 자, 당해연도 귀어 창업자금 지원(예정)자
2. 후 견 인 : 우수경영인, 수산 신지식인, 수산 퇴직공무원, 대학교수 등 수산 분야 전문가로 어업 분야에 10년 이상 종사한 자",별도 문의,별도 문의,https://youth.chungnam.go.kr/web/main/customSupp/M050-08/view?bizId=A20260309CT000000000003017,main,primary,창업어가멘토링,수산자원연구소,20260101 ~ 20261231~20261231,교육･직업훈련,온·오프라인교육
youth,20260504005400113092,스마트팜 청년 창업 교육,"- 스마트팜 청년 창업 입문교육
- 스마트팜 청년 창업 재배실습 교육
- 스마트팜 선도 농가 현장실습 교육",교육/멘토링,스마트교육센터,전국,0013008 | 0049009,청년,만 18세 ~ 만 44세,18,44,청년농업인 18세 이상~45세 미만,소득조건코드=0043003 / 소득범위=0~0 / -,,"- 스마트팜 청년 창업 입문교육
- 스마트팜 청년 창업 재배실습 교육
- 스마트팜 선도 농가 현장실습 교육",20260101 ~ 20261231,20261231,청년농업인 18세 이상~45세 미만,별도 문의,신청(신청자)→접수(시·군)→대상자 결정(도원)→추진,https://youth.chungnam.go.kr/web/main/customSupp/M030-02/view?bizId=A20260309CT000000000003016,main,primary,스마트팜청년창업교육,스마트교육센터,20260101 ~ 20261231~20261231,교육･직업훈련,온·오프라인교육
youth,20260504005400113091,충남 천안아산 강소연구개발특구 육성,"입주기관의 활발한 신기술 창출 및 사업화를 촉진할 수 있는 환경 조성으로, 특화분야(미래모빌리티 전장기술) 업종기업 중심 양질의 일자리 창출",인력/일자리,미래산업과,충청남도,해당 없음 | 0013010 | 0049010,청년,만 0세 ~ 만 0세,,,미래차 전장부품 중심 스타트업-스케일업 기업,소득조건코드=0043001 / 소득범위=0~0,,"연구소기업·창업기업 설립, 기술이전 및 사업화, 투자연계 등 지원",        ,        ,미래차 전장부품 중심 스타트업-스케일업 기업,별도 문의,별도 문의,https://youth.chungnam.go.kr/web/main/customSupp/M030-01/view?bizId=A20260309CT000000000003022,main,primary,충남천안아산강소연구개발특구육성,미래산업과,,일자리,취업
youth,20260504005400113090,청년내일저축계좌 지원,- 저소득 청년이 사회에 안착할 수 있도록 자산형성 지원 및 자립 촉진,복지/문화,복지보훈정책과,전국,해당 없음 | 0013010 | 0049010,청년,만 19세 ~ 만 39세,19,39,해당 없음,"소득조건코드=0043003 / 소득범위=0~0 / (소득기준)현재 근로활동 중이며, 월 근로·사업소득이 10만원 이상인 청년
(가구소득) 소득인정액 기준 중위소득 50% 이하",,"연령·소득기준·가구소득을 모두 충족한 청년이 3년간 근로, 매월 10만원 이상 저축하면 매월 30만원 지원
(연령) 신청 당시 만 15세 이상 ~ 만 39세 이하
(소득기준)현재 근로활동 중이며 월 근로·사업소득이 10만원 이상인 청년
(가구소득) 소득인정액 기준 중위소득 50% 이하",20260504 ~ 20260520,20261231,해당 없음,별도 문의,별도 문의,https://youth.chungnam.go.kr/web/main/customSupp/M040-06/view?bizId=A20260309CT000000000003015,main,primary,청년내일저축계좌지원,복지보훈정책과,20260504 ~ 20260520~20261231,금융･복지･문화,취약계층 및 금융지원
youth,20260504005400213089,태안학사 운영,우리군 출신 수도권지역 대학생들의 주거비 부담 완화 및 안정된 학업 환경 제공,주거,교육체육과,전국,취업자 | 0013010 | 0049005,청년,만 19세 ~ 만 39세,19,39,해당 없음,소득조건코드=0043001 / 소득범위=0~0,,거주환경 제공,20260106 ~ 20260116,20261231,해당 없음,"입사신청서, 성적증명서, 재학증명서 등",우편 또는 방문접수,https://youth.chungnam.go.kr/web/main/customSupp/M040-05/view?bizId=A20260401LC000000000003123,main,primary,태안학사운영,교육체육과,20260106 ~ 20260116~20261231,주거,주택 및 거주지
youth,20260504005400213088,청년 사람유두종 바이러스 예방접종 지원,청년 대상 사람유두종 바이러스 예방접종 지원,복지/문화,보건행정과,전국,해당없음 | 0013010 | 0049010,"누구나,청년",만 18세 ~ 만 20세,18,20,해당없음,소득조건코드=0043001 / 소득범위=0~0,,"1년 이상 계룡시 주민등록을 둔 18~20세 백신 미완료 청년 예방접종 지원
(본인 부담금 5만원, 기초생활수급자·차상위계층 무료)",20260201,20261231,해당없음,"신분증, 기초생활수급자ㆍ차상위계층 증명서(해당자만)",계룡시보건소 1층 예방접종실에 신분증 지참 후 접종,https://youth.chungnam.go.kr/web/main/customSupp/M040-06/view?bizId=A20260401LC000000000003121,main,primary,청년사람유두종바이러스예방접종지원,보건행정과,20260201~20261231,금융･복지･문화,건강
youth,20260504005400113084,창업보육센터 및 기업지원,"창업보육센터 내 입주기업 운영지원, 창업경진대회를 통한 사업화 자금 지원 등",인력/일자리,AI육성과,전국,"해당 없음 | 0013006,0013009 | 0049009","예비창업자,청년",만 0세 ~ 만 0세,,,예비창업자 및 5년미만 창업기업,소득조건코드=0043001 / 소득범위=0~0,,도내 15개 대학 창업보육센터 운영 등,20260401 ~ 20260415,        ,예비창업자 및 5년미만 창업기업,각 대학별 보육센터 개별 진행,각 대학별 보육센터 개별 진행,https://youth.chungnam.go.kr/web/main/customSupp/M030-03/view?bizId=A20260309CT000000000003013,main,primary,창업보육센터및기업지원,ai육성과,20260401 ~ 20260415~,일자리,창업
youth,20260504005400113083,그린스타트업타운 운영,신성장·친환경·ICT 분야 스타트업 발굴/육성사업,인력/일자리,AI육성과,전국,"참여제한 사유에 해당하는 경우(지원사업별 공고문 확인) | 0013006,0013009 | 0049010","스타트업,청년",만 0세 ~ 만 0세,,,그린스타트업타운 입주 후 지원사업 신청 가능,소득조건코드=0043001 / 소득범위=0~0,,"스타트업 대상 입주공간, 경영컨설팅, 기술사업화, 글로벌 진출지원, 청년인재 정주여건, 스타트업 직무교육지원 등",,,"그린스타트업타운 입주 후 지원사업 신청 가능

사업별 지원내용/모집시기 등이 상이하므로 해당 공고문 기준으로 신청해야함",사업별 공고문 확인,사업별 모집공고 확인 → 신청/접수 → 선정평가 → 최종선정 대상자별 협약체결 후 지원,https://www.ccon.kr/,main,primary,그린스타트업타운운영,ai육성과,,일자리,창업
youth,20260504005400113082,청년농업인 창농 신성장 활동,"- 농고·농대 재학·졸업생 창농 교육
- 충남 우수 청년농업인 선발 운영",교육/멘토링,지도정책과,전국,0013008 | 0049009,"농업인,청년",만 18세 ~ 만 44세,18,44,"- 만 18세 이상~만 45세 미만 청년농업인(충청남도 거주)
 - 시군 농업계고등학교",소득조건코드=0043003 / 소득범위=0~0 / -,,"ㅇ 청년농업인 역량강화 교육
ㅇ 청년농부되기 진로교육
ㅇ 청년농업인 품목별 연구동아리
ㅇ 청년농업인 온라인 마케팅 기술지원",20260101 ~ 20261231,20261231,"- 만 18세 이상~만 45세 미만 청년농업인(충청남도 거주)
 - 시군 농업계고등학교",별도 문의,신청(신청자)→접수(시·군)→대상자 결정(시·군)→추진,https://youth.chungnam.go.kr/web/main/customSupp/M030-02/view?bizId=A20260309CT000000000003011,main,primary,청년농업인창농신성장활동,지도정책과,20260101 ~ 20261231~20261231,교육･직업훈련,미래역량강화
youth,20260504005400113081,전세보증금반환보증 보증료 지원,"전세사기, 역전세 현상 등 임대차 계약 종료 이후에도 보증금을 반환받지 못하는 저소득층의 피해가 증가함에 따라, 전세보증금반환보증 가입 유도 및 전세사기 피해 예방",주거,주택도시과,전국,보증효력이 유효한 전세보증금반환보증에 가입한 임차보증금 3억원 이하의 무주택 임차인 | 0013010 | 0049010,청년,만 0세 ~ 만 0세,,,"연소득 (청년) 5천만원, (청년 외) 6천만원, (신혼부부) 7.5천만원 이하","소득조건코드=0043003 / 소득범위=0~0 / 연소득 (청년)5천만원, (청년 외)6천만원, (신혼부부)7.5천만원 이하",,전세보증금반환보증 보증료 전부 또는 일부 지원(최대 40만원),20260101,20261231,"연소득 (청년) 5천만원, (청년 외) 6천만원, (신혼부부) 7.5천만원 이하","신청서, 서약서, 통장사본, 전세보증금반환보증 보증서, 보증료 납부 증빙서류, 임대차계약서, 등기사항전부증명서, 주민등록등본, 혼인관계증명서, 소득금액증명 등",(신청인)읍면동 행정복지센터 내방 신청 또는 온라인 신청(안심전세포털) → (시군) 지원여부 조사 및 지원결정,https://youth.chungnam.go.kr/web/main/customSupp/M040-05/view?bizId=A20260309CT000000000003007,main,primary,전세보증금반환보증보증료지원,주택도시과,20260101~20261231,주거,주택 및 거주지
youth,20260504005400113078,지역기반형 콘텐츠코리아랩 운영,"충남도 내 콘텐츠 창작문화 확산 및 지역 신규 창·제작자 발굴 및 육성을 통한 지역 콘텐츠 전문인력 양성, 콘텐츠 기업 육성",복지/문화,문화정책과,전국,해당 없음 | 0013010 | 0049010,청년,만 0세 ~ 만 0세,,,해당 없음,소득조건코드=0043001 / 소득범위=0~0,,"- 취업·창업·사업화 연계를 위한 창작인력 양성 교육 프로그램 운영
- 맞춤형 사업화지원, 유통·투자 연계로 콘텐츠 스타트업기업성장지원
- 콘텐츠 스타트업 자율형 마케팅 전략 자금지원 홍보효과·매출 극대화",20260101,20261231,해당 없음,별도 문의,별도 문의,https://youth.chungnam.go.kr/web/main/customSupp/M060-09/view?bizId=A20260309CT000000000003061,main,primary,지역기반형콘텐츠코리아랩운영,문화정책과,20260101~20261231,금융･복지･문화,문화활동 및 생활지원
youth,20260504005400113077,청년 등 생애주기별 마음건강사업,정신건강 고위험군 청년을 조기발견·개입하여 청년 정신건강 개선 및 청년 정신질환의 적절한 치료·관리를 통해 회복지원,복지/문화,건강증진식품과,전국,해당 없음 | 0013010 | 0049010,청년,만 19세 ~ 만 39세,19,39,해당 없음,소득조건코드=0043001 / 소득범위=0~0,,"- 청년정신건강 인식 개선 홍보 및 교육
- 지역자원(대학교, 청년센터, 고용센터 등) 연계를 통해 고위험군 발굴 및 심리 지원
- 고위험군 온·오프라인 상담(모바일앱, SNS 등 활용한 비대면상담소 운영)
- 정신건강통합서비스 (사례관리, 집단프로그램 등) 운영",20260101,20261231,해당 없음,별도 문의,별도 문의,https://youth.chungnam.go.kr/web/main/customSupp/M040-06/view?bizId=A20250416CT000000000002241,main,primary,청년등생애주기별마음건강사업,건강증진식품과,20260101~20261231,금융･복지･문화,건강
youth,20260504005400113076,청년 자살예방 조기검진 및 심리지원,도내 청년 대상 자살예방 조기검진 통한 심리지원 및 자원 연계,복지/문화,건강증진식품과,전국,해당 없음 | 0013010 | 0049010,청년,만 19세 ~ 만 39세,19,39,해당 없음,소득조건코드=0043001 / 소득범위=0~0,,"- 충남정신건강관리망을 통한 우울 및 자살 정신건강검진시행
   ⇨ 고위험군 발굴시 즉각 개입(상담, 치료연계) 및 자원연계(치료비 지원 등)

- 청년 대상 정신건강프로그램(나에게로 떠나는 여행) 연계",20260101,20261231,해당 없음,별도 문의,별도 문의,https://youth.chungnam.go.kr/web/main/customSupp/M040-06/view?bizId=A20260309CT000000000003050,main,primary,청년자살예방조기검진및심리지원,건강증진식품과,20260101~20261231,금융･복지･문화,건강
youth,20260504005400113075,청년 정신건강 관리 협력·홍보체계 구축·운영,정신질환에 대한 인식 개선 홍보사업을 통해 서비스 접근성 제고 및 지역사회 정신건강 관계기관 협력체계 구축,복지/문화,건강증진식품과,전국,해당 없음 | 0013010 | 0049010,청년,만 19세 ~ 만 39세,19,39,해당 없음,소득조건코드=0043001 / 소득범위=0~0,,"- 비대면 선별도구를 활용한 고위험군 발굴 및 정신건강 서비스 지역사회 자원 연계 및 모니터링
- 청년 정신건강서포터즈 [마음;잇길] 운영 및 지원
- 통합 조기중재 홈페이지 [안녕;마음] 운영 및 관리
- 청년 정신건강의 중요성 및 인식개선 홍보를 위한 홍보컨텐츠 제작 및 보급 등",20260101,20261231,해당 없음,별도 문의,별도 문의,https://youth.chungnam.go.kr/web/main/customSupp/M040-06/view?bizId=A20260310CT000000000003066,main,primary,청년정신건강관리협력홍보체계구축운영,건강증진식품과,20260101~20261231,금융･복지･문화,건강
youth,20260504005400113074,컨설턴트 파견 및 취업지원프로그램 운영,"충남도립대학교 본교 재학생(프로그램에 따라 졸업생 포함) 대상 컨설팅, 취업역량 강화 프로그램 제공",교육/멘토링,취업지원처,전국,"충남도립대학교 재학생(프로그램에 따라 졸업생 포함) | 0013003 | 0049005,0049006,0049007",청년,만 0세 ~ 만 0세,,,해당없음,소득조건코드=0043001 / 소득범위=0~0,,"충남도립대학교 본교 재학생(프로그램에 따라 졸업생 포함) 대상 컨설팅, 취업역량 강화 프로그램 제공",20260301 ~ 20270228,20270228,해당없음,별도 문의,별도 문의,https://youth.chungnam.go.kr/web/main/customSupp/M030-02/view?bizId=A20260324CT000000000003067,main,primary,컨설턴트파견및취업지원프로그램운영,취업지원처,20260301 ~ 20270228~20270228,교육･직업훈련,온·오프라인교육
youth,20260504005400213073,서산시 전입 대학생 생활안정 지원,"관내 소재 대학교(한서대학교) 재(휴)학생 중, 전입신고를 한 대학생을 대상으로 생활안정 지원금 10만원 지급",복지/문화,자치행정국,충청남도,만 19세 이상 대학생 | 0013009 | 0049005,청년,만 0세 ~ 만 0세,,,만 19세 이상 대학생,소득조건코드=0043001 / 소득범위=0~0,,생활안정지원금,20260101 ~ 20261231,20261231,만 19세 이상 대학생,"주민등록초본, 재(휴학) 증명서 등","신청 접수(공문 등) 후, 지원",https://youth.chungnam.go.kr/web/main/customSupp/M040-06/view?bizId=A20260401LC000000000003120,main,primary,서산시전입대학생생활안정지원,자치행정국,20260101 ~ 20261231~20261231,금융･복지･문화,취약계층 및 금융지원
youth,20260504005400213072,청년농업인 인큐베이팅 기술지원,미래농업의 주역인 청년농업인들의 소득기반 구축,인력/일자리,기술지원과,전국,해당 없음 | 0013008 | 0049010,"농업인,청년",만 18세 ~ 만 45세,18,45,해당 없음,소득조건코드=0043001 / 소득범위=0~0,,"컨설팅을 통한 경영전략 계획수립 → 농장개선 및 생산성 품질향상 장비도입, 창업아이템 도출 및 지원",20260112 ~ 20260130,20261231,해당 없음,"사업신청서, 경영체등록증",농업기술센터 신청서류 제출,https://youth.chungnam.go.kr/web/main/customSupp/M050-07/view?bizId=A20260401LC000000000003126,main,primary,청년농업인인큐베이팅기술지원,기술지원과,20260112 ~ 20260130~20261231,일자리,취업
youth,20260504005400213070,서산시 창업보육센터 지원,창업기업 육성 및 지원을 위한 창업보육센터 활성화 촉진,교육/멘토링,투자유치과,충청남도,창업을 희망하는 예비창업자 또는 창업 3년 미만인 기업 | 0013002 | 0049010,"예비창업자,청년",만 0세 ~ 만 0세,,,창업을 희망하는 예비창업자 또는 창업 3년 미만인 기업,소득조건코드=0043001 / 소득범위=0~0,,"마케팅 및 홍보지원, 시제품 제작 지원, 창업 교육 등",20260501 ~ 20260930,20260930,"창업을 희망하는 예비창업자 또는 창업 3년 미만인 기업

한서대학교 창업보육센터
정수영 팀장 (TEL: 041-671-6053 / FAX: 041-671-6055)",별도 안내,방문접수/ 우편접수/ 팩스/ 이메일,http://www.habi.or.kr/main/index.action,main,primary,서산시창업보육센터지원,투자유치과,20260501 ~ 20260930~20260930,교육･직업훈련,온·오프라인교육
youth,20260504005400213069,태안 청년네트워크 운영,청년 문제 해결을 위한 의제와 정책을 발굴하고 실현하기 위해 청년 참여를 기반으로 한 청년 네트워크 운영,복지/문화,기획예산담당관,전국,해당 없음 | 0013010 | 0049010,청년,만 18세 ~ 만 45세,18,45,해당 없음,소득조건코드=0043001 / 소득범위=0~0,,청년네트워크 참석 실비 및 급·간식 제공,20251201 ~ 20271231,20271231,해당 없음,지원신청서 및 증빙서류,태안군 홈페이지 공고(공개모집),https://youth.chungnam.go.kr/web/main/customSupp/M060-10/view?bizId=A20260401LC000000000003142,main,primary,태안청년네트워크운영,기획예산담당관,20251201 ~ 20271231~20271231,금융･복지･문화,문화활동 및 생활지원
youth,20260504005400213068,태안 군 복무 태안 청년 상해 보험 가입,군 복무 태안 청년 단체 상해보험 가입,복지/문화,안전관리과,전국,해당 없음 | 0013010 | 0049010,청년,만 19세 ~ 만 39세,19,39,해당 없음,소득조건코드=0043001 / 소득범위=0~0,,군 복무 중 상해 및 질병 보험 가입,20260220 ~ 20270219,20270219,해당 없음,담당자 문의,담당자 문의,https://youth.chungnam.go.kr/web/main/customSupp/M040-06/view?bizId=A20260401LC000000000003140,main,primary,태안군복무태안청년상해보험가입,안전관리과,20260220 ~ 20270219~20270219,금융･복지･문화,취약계층 및 금융지원
youth,20260504005400213067,서산시 성연청소년문화의집 운영,청소년의 건강하고 행복한 성장을 돕기 위한 청소년전용시설 운영,복지/문화,가족지원과,충청남도,해당없음 | 0013010 | 0049010,"누구나,청년",만 9세 ~ 만 24세,9,24,해당없음,소득조건코드=0043001 / 소득범위=0~0,,"청소년전용카페(이리모young) 운영 및 
학교연계·진로역량 개발·문화·청소년동아리 활동,",20260101,29991231,해당없음,해당없음,"프로그램 별 상이, 홈페이지 참고",https://www.s3youth.or.kr/,main,primary,서산시성연청소년문화의집운영,가족지원과,20260101~29991231,금융･복지･문화,문화활동 및 생활지원
youth,20260504005400213066,태안 사회복무요원 보상 및 배상책임 보험,공무상 의료비·재해보상금 보험/ 대인대물배상책임 보험,복지/문화,안전관리과,전국,해당 없음 | 0013010 | 0049010,청년,만 19세 ~ 만 39세,19,39,해당 없음,소득조건코드=0043001 / 소득범위=0~0,,공무상 의료비·재해보상금 보험 가입 / 대인대물배상책임 보험 가입,20260117 ~ 20270117,20270117,해당 없음,해당 없음,태안군 소속 사회복무요원 자동 가입,https://youth.chungnam.go.kr/web/main/customSupp/M030-04/view?bizId=A20260401LC000000000003139,main,primary,태안사회복무요원보상및배상책임보험,안전관리과,20260117 ~ 20270117~20270117,금융･복지･문화,취약계층 및 금융지원
youth,20260504005400213065,천안형 채용연계프로그램,"관내 미취업 청년이 취업역량 강화 교육과 기업설명회, 면접 연계 등을 통해 관내 기업과의 채용 기회를 확대하는 프로그램으로, 기업 정보 제공과 취업 지원을 통해 청년의 노동시장 진입을 돕고 지역 인재의 안정적인 정착과 청년 일자리 창출에 기여하고자 추진하는 사업",인력/일자리,청년정책과,충청남도,해당없음 | 0013010 | 0049010,"누구나,청년",만 18세 ~ 만 39세,18,39,해당없음,소득조건코드=0043001 / 소득범위=0~0,,"취업기술 향상 교육(약 50시간), 관내 우수기업 정보 제공 및 기업설명회, 정규직 채용연계 면접 동행 지원, 천안 청년 취업응원금(천안사랑카드 50만원) 지원",20260201,20261231,해당없음,해당없음,홈페이지 신청,https://www.ch2030youth.kr/bbs/board.php?bo_table=notice&wr_id=582,main,primary,천안형채용연계프로그램,청년정책과,20260201~20261231,일자리,취업
youth,20260504005400213064,태안 청년 신혼부부 주택자금 대출이자 지원,"주택자금(매매, 전세) 대출을 받고 납입한 이자 지원 사업",주거,신속허가과,전국,해당 없음 | 0013010 | 0049010,청년,만 18세 ~ 만 45세,18,45,해당 없음,소득조건코드=0043003 / 소득범위=0~0 / 기준중위소득 180%이하,,"가구당 연간 100만원 이내 대출이자 지원
(자년 1명당 10만원 가산 지원, 총 3명까지)",20260101,20261231,해당 없음,"주민등록등본, 초본, 건강보험 자격확인서, 건강보험 납부확인서, 
매매계약서 또는 임대차(전세) 계약서, 지방세 세목별 과세증명서, 대출 및 이자납부 내역 확인서, 통장사본",신속허가과 방문신청,https://youth.chungnam.go.kr/web/main/customSupp/M040-05/view?bizId=A20260401LC000000000003135,main,primary,태안청년신혼부부주택자금대출이자지원,신속허가과,20260101~20261231,주거,전월세 및 주거급여 지원
youth,20260504005400213063,서산시 자립준비청년 운전면허 취득지원 사업,"가정위탁보호, 시설보호 종료 또는 연장된 청소년에게 운전면허 취득지원으로 실질적이고 안정적인 사회정착 및 성공적 자립에 기여코자 함.",교육/멘토링,가족지원과,충청남도,등록된 보호대상 청소년 | 0013009 | 0049009,청년,만 19세 ~ 만 29세,19,29,등록된 보호대상 청소년,소득조건코드=0043003 / 소득범위=0~0 / -,,운전면허 취득에 따른 일체 비용지원,20260201 ~ 20260227,20261130,등록된 보호대상 청소년,"신청서, 신분증, 개인정보제공동의서, 납부영수증, 통장사본",시청 가족지원과에 신청,https://youth.chungnam.go.kr/web/main/customSupp/M060-09/view?bizId=A20260401LC000000000003150,main,primary,서산시자립준비청년운전면허취득지원사업,가족지원과,20260201 ~ 20260227~20261130,교육･직업훈련,미래역량강화
youth,20260504005400213062,계룡행정인턴 운영,대학생이 방학기간을 이용하여 시정에 참여함으로써 지역사회에 대한 이해와 자긍심을 갖는 기회 제공,인력/일자리,자치행정과,전국,"계룡시청에서 대학생 행정인턴 근무경험이 있는 자
공고일 기준 대학교 입학 예정자, 대학원생
방송통신대학교, 사이버대학, 평생교육기관에 재학 중인 자 | 0013010 | 0049005,0049006",청년,만 19세 ~ 만 39세,19,39,해당없음　,소득조건코드=0043001 / 소득범위=0~0,,"1개월 간 행정사무 보조, 현장 업무 지원에 따른 급여 지급",20251201 ~ 20260630,20260731,해당없음,"신청서, 개인정보제공 동의서, 주민등록등본 또는 초본 등",시 홈페이지 신청,https://youth.chungnam.go.kr/web/main/customSupp/M060-10/view?bizId=A20260401LC000000000003152,main,primary,계룡행정인턴운영,자치행정과,20251201 ~ 20260630~20260731,일자리,취업
youth,20260504005400213061,공공근로 일자리(청년 우선 선발),공공일자리를 제공하여 청년들의 고용시장 진입을 위한 완충 역할 및 생활 안정 도모,인력/일자리,경제산업과,전국,"실업급여 및 연금수급자, 4회 연속 초과 참여자, 1세대 2인 참여자, 공무원(경찰, 소방, 교육, 군인, 군무원) 배우자 및 자녀, 대학 및 대학원 재학생 | 0013003 | 0049010",청년,만 19세 ~ 만 39세,19,39,해당없음　,소득조건코드=0043001 / 소득범위=0~0,,상ㆍ하반기 각 5개월 간 행정사무 보조에 따른 급여 지급,20260501 ~ 20260531,20261130,해당없음,"신청서, 개인정보제공 동의서 등",신청서 및 구비서류 주소지 면동사무소에 제출,https://youth.chungnam.go.kr/web/main/customSupp/M030-01/view?bizId=A20260401LC000000000003070,main,primary,공공근로일자리청년우선선발,경제산업과,20260501 ~ 20260531~20261130,일자리,취업
youth,20260504005400213060,청년인턴,"관내 미취업 청년이 우수 중소·중견기업에서 인턴으로 근무하며 실무 경험을 쌓을 수 있도록 최대 3개월간 인건비를 지원하는 프로그램으로, 직무 경험 제공과 취업 연계를 통해 청년의 직무역량 강화 및 청년 일자리 창출을 도모하고자 추진하는 사업",인력/일자리,청년정책과,전국,채용일 기준 고등학교 또는 대학교에 재학중인 자 | 0013010 | 0049010,청년,만 18세 ~ 만 39세,18,39,"상·하반기 참여자 모집 공고 시 신청(3월, 7월 예정)",소득조건코드=0043001 / 소득범위=0~0,,기업체에게 최대 3개월 인건비 지원 및 청년에게 인턴 근무 기회 제공,20260301 ~ 20260731,20261231,"상·하반기 참여자 모집 공고 시 신청(3월, 7월 예정)

해당없음",기업별 상이,각 기업별 TO 고려한 상시 운영,https://youth.chungnam.go.kr/web/main/customSupp/M030-02/view?bizId=A20260401LC000000000003145,main,primary,청년인턴,청년정책과,20260301 ~ 20260731~20261231,일자리,취업
youth,20260504005400213059,홍성복합문화창업공간 잇슈창고 운영,청년창업가 양성을 위한 전문교육기관의 교육·컨설팅 및 실습기관으로 활용,복지/문화,경제정책과,전국,"해당 없음 | 0013003,0013006 | 0049010",청년,만 19세 ~ 만 34세,19,34,해당 없음,소득조건코드=0043001 / 소득범위=0~0,,외식 창업 교육 프로그램 제공,20260501 ~ 20261231,20261231,"해당 없음

해당없음",미정,홍성군 홈페이지 공지사항 공고 게시,https://youth.chungnam.go.kr/web/main/customSupp/M060-09/view?bizId=A20260401LC000000000003071,main,primary,홍성복합문화창업공간잇슈창고운영,경제정책과,20260501 ~ 20261231~20261231,금융･복지･문화,문화활동 및 생활지원
youth,20260504005400213058,서산시 일자리종합센터 취업지원 프로그램 운영,"일자리종합센터 운영, 취업지원 프로그램 운영 등",인력/일자리,일자리경제과,충청남도,해당없음 | 0013010 | 0049010,"누구나,청년",만 19세 ~ 만 39세,19,39,해당없음,소득조건코드=0043001 / 소득범위=0~0,,"일자리 정보 제공 및 일자리 알선, 
취업 지원 교육 프로그램 운영 등",        ,        ,해당없음,해당없음,구직 등록,https://youth.chungnam.go.kr/web/main/youthSearch/list,main,primary,서산시일자리종합센터취업지원프로그램운영,일자리경제과,,일자리,취업
youth,20260504005400213057,태안 청년 이사비 지원,"전입청년들의 이사비용(운송비, 부동산중개보수비) 지원 사업",주거,신속허가과,전국,해당 없음 | 0013010 | 0049010,청년,만 18세 ~ 만 45세,18,45,해당 없음,소득조건코드=0043001 / 소득범위=0~0,,가구당 이사비 및 중개보수 포함 40만원 이내 지원,20260101,20261231,해당 없음,"주민등록등본, 초본, 건강보험 자격확인서, 건강보험 납부확인서, 임대차계약서 사본, 이사비 및 중개보수 지출 증빙서류, 지방세 세목별과세증명서, 통장사본",신속허가과 방문신청,https://youth.chungnam.go.kr/web/main/customSupp/M040-06/view?bizId=A20260401LC000000000003132,main,primary,태안청년이사비지원,신속허가과,20260101~20261231,주거,전월세 및 주거급여 지원
youth,20260504005400213056,서산시 공동육아나눔터(장난감도서관) 운영,"- 공동육아나눔터 품앗이 활동 및 프로그램 운영
- 장난감도서관을 통한 장난감 대여 서비스 지원",복지/문화,가족지원과,충청남도,해당없음 | 0013010 | 0049010,"누구나,청년",만 0세 ~ 만 0세,,,해당없음,소득조건코드=0043001 / 소득범위=0~0,,장난감 대여 및 활동 프로그램 지원,20260101,20261231,해당없음,주민등록등본,- 품앗이 활동 및 장난감 대여 직접 방문 후 신청,https://seosan.familynet.or.kr,main,primary,서산시공동육아나눔터장난감도서관운영,가족지원과,20260101~20261231,금융･복지･문화,문화활동 및 생활지원
youth,20260504005400213055,청년센터 운영,"청년들의 역량 개발과 교류를 위한 공간 조성, 청년 맞춤 프로그램 운영으로 지역 발전의 주체인 청년들의 성장 지원",복지/문화,경제산업과,전국,해당없음 | 0013010 | 0049010,"누구나,청년",만 18세 ~ 만 39세,18,39,해당없음,소득조건코드=0043001 / 소득범위=0~0,,"청년프로그램 참여, 북카페 및 회의실 등 무료 이용",        ,        ,해당없음,"신청서, 개인정보제공 동의서, 주민등록등본 또는 초본 등",프로그램 참여자는 홈페이지를 통해 신청,https://youth.chungnam.go.kr/web/main/customSupp/M060-09/view?bizId=A20260401LC000000000003151,main,primary,청년센터운영,경제산업과,,금융･복지･문화,문화활동 및 생활지원
youth,20260504005400213054,청년 면접용 정장 대여비 지원,미취업(또는 계약직 근무) 청년이 취업 면접을 위해 지정된 정장 대여업체에서 3박 4일간 정장 무료 대여 지원,인력/일자리,경제산업과,전국,"해당없음 | 0013003,0013005,0013007 | 0049010","누구나,청년",만 19세 ~ 만 39세,19,39,해당없음　,소득조건코드=0043001 / 소득범위=0~0,,청년 면접용 정장 대여 지원,20260101,20261231,해당없음,"신청서, 개인정보제공 동의서, 주민등록등본 또는 초본, 고용보험 최근 3개월 자격이력내역서, 근로계약서(선택), 면접 증빙서류",정장 대여업체 방문 2일 전까지 신청서 및 구비서류 첨부하여 이메일 또는 청년센터 방문 신청,https://youth.chungnam.go.kr/web/main/customSupp/M030-02/view?bizId=A20260401LC000000000003073,main,primary,청년면접용정장대여비지원,경제산업과,20260101~20261231,일자리,취업
youth,20260504005400213053,부여군 군복무 청년 상해보험 가입 지원,군 복무 중 불의의 사고 대비 위한 상해보험 가입 및 운영,복지/문화,안전총괄과,전국,해당 없음 | 0013010 | 0049009,청년,만 0세 ~ 만 0세,,,해당 없음,소득조건코드=0043001 / 소득범위=0~0,,"군 복무 중 발생한 상해사망 등 7개 항목 보장(최대 3,000만원)",20260301 ~ 20261130,20261130,해당 없음,보험 청구서 및 증빙서류 등,상해 발생 시 보험사(농협손해보험(1644-9666)) 직접 신청,https://youth.chungnam.go.kr/web/main/customSupp/M040-06/view?bizId=A20260401LC000000000003072,main,primary,부여군군복무청년상해보험가입지원,안전총괄과,20260301 ~ 20261130~20261130,금융･복지･문화,취약계층 및 금융지원
youth,20260504005400213052,홍성형일자리 군민채용제,군민채용제 기업선발 및 근로자 매칭하여 근속지원금 지급,인력/일자리,경제정책과,전국,해당 없음 | 0013010 | 0049010,청년,만 18세 ~ 만 64세,18,64,해당 없음,소득조건코드=0043001 / 소득범위=0~0,,상시 근로자 3인 이상 중소기업에 군민 신규채용시 1인당 월 70만원씩 12개월 지급,20260112 ~ 20261231,20261231,해당 없음,홍성군 공고 제2026-78호 참고,이메일 접수,https://youth.chungnam.go.kr/web/main/customSupp/M030-04/view?bizId=A20260401LC000000000003074,main,primary,홍성형일자리군민채용제,경제정책과,20260112 ~ 20261231~20261231,일자리,권익보호
youth,20260504005400213051,홍성 청년4-H회원 시범과제,청년 4-H회원 대상 시범과제(장비 구입 등) 지원,복지/문화,농업기술센터,전국,해당 없음 | 0013010 | 0049010,청년,만 0세 ~ 만 0세,,,해당 없음,소득조건코드=0043001 / 소득범위=0~0,,"4-H회원 영농 안정 기반 조성을 위한 시설 지원, 장비 구입 등 신기술 시범 지원",20260301 ~ 20261231,20261231,해당 없음,사이트 참고,해당 없음,https://youth.chungnam.go.kr/web/main/customSupp/M050-07/view?bizId=A20260401LC000000000003076,main,primary,홍성청년4h회원시범과제,농업기술센터,20260301 ~ 20261231~20261231,금융･복지･문화,취약계층 및 금융지원
youth,20260504005400213050,청년 AI 자격증 취득 지원,"청년들에게 취창업, 이직, 자기개발 등 실질적 도움이 될 수 있는 AI 자격증 취득 과정 프로그램 운영",인력/일자리,경제산업과,전국,해당없음 | 0013010 | 0049010,"누구나,청년",만 19세 ~ 만 39세,19,39,해당없음　,소득조건코드=0043001 / 소득범위=0~0,,자격증 취득 과정 프로그램,20260501 ~ 20261130,20261231,해당없음,"신청서, 개인정보제공 동의서, 주민등록등본 또는 초본 등",상ㆍ하반기 각 1회씩 교육 신청 기간에 홈페이지를 통해 신청 접수,https://youth.chungnam.go.kr/web/main/customSupp/M030-02/view?bizId=A20260401LC000000000003077,main,primary,청년ai자격증취득지원,경제산업과,20260501 ~ 20261130~20261231,일자리,취업
youth,20260504005400213049,대학생 국외 연수,국제적 감각과 능력을 갖춘 글로벌 인재 양성,복지/문화,평생교육과,전국,"계룡시애향장학회 장학금 기 지원 받은자, 
대학생 국외연수 및 글로벌 탐방 연수 기 참여자 | 0013010 | 0049005",청년,만 19세 ~ 만 39세,19,39,해당없음,소득조건코드=0043001 / 소득범위=0~0,,"대학생 국외연수자를 선발 후 영어권 국가를 방문하여 영어 학습, 기업 방문, 해외 취업 컨설팅, 국문화축제 홍보 활동 등 다양한 활동 지원",20260211 ~ 20260213,20260831,해당없음,"신청서, 재학증명서, 미래계획서 및 계룡시 기여 계획서, 졸업증명서(관내 학교), 주민등록초본, 개인정보동의서",신청서 및 구비서류를 계룡시청 평생교육과에 방문 및 우편 신청,https://youth.chungnam.go.kr/web/main/customSupp/M060-10/view?bizId=A20260401LC000000000003080,main,primary,대학생국외연수,평생교육과,20260211 ~ 20260213~20260831,금융･복지･문화,문화활동 및 생활지원
youth,20260504005400213048,서산시 청년정책네트워크 구성·운영,청년정책 발굴을 위한 회의 개최 및 청년 관련 각종 행사 등 시정 참여,복지/문화,기획예산담당관,충청남도,서산시에서 거주 및 활동하는 청년 | 0013010 | 0049010,청년,만 18세 ~ 만 39세,18,39,서산시에서 거주 및 활동하는 청년,소득조건코드=0043001 / 소득범위=0~0,,기타(회원 위촉 및 활동수당 5만원 지급),20260101 ~ 20270101,20270101,서산시에서 거주 및 활동하는 청년,담당자 확인필요,"신청기간 내 서류 제출(이메일, 방문)",https://youth.chungnam.go.kr/web/main/customSupp/M060-09/view?bizId=A20260401LC000000000003081,main,primary,서산시청년정책네트워크구성운영,기획예산담당관,20260101 ~ 20270101~20270101,금융･복지･문화,문화활동 및 생활지원
youth,20260504005400213047,청년 행정체험 프로그램,"천안시에 거주하는 청년이 시청, 읍·면·동, 도서관, 박물관 및 유관기관 등에서 근무하며 행정 현장을 체험하는 프로그램으로, 
시정 참여 기회 확대와 사회 경험 제공을 통해 청년 일자리 창출에 기여하고자 추진하는 사업",인력/일자리,청년정책과,전국,최근 2년간 천안시 청년(대학생) 행정체험 프로그램 참여자 | 0013010 | 0049010,청년,만 18세 ~ 만 39세,18,39,(특별모집) 저소득층/차상위/한부모/국가유공자세대/장애인/북한이탈주민/취업지원 대상자/다자녀,소득조건코드=0043003 / 소득범위=0~0 / -,,청년들의 행정현장 체험 및 근무 수당 지급,20260501 ~ 20260630,20260807,(특별모집) 저소득층/차상위/한부모/국가유공자세대/장애인/북한이탈주민/취업지원 대상자/다자녀,"일반선발 : 제출서류 없음
특별선발 : 수급자 증명서/장애인 증명서/ 차상위계층 확인서/한부모가족증명서/취업지원 대상자 증명서/북한이탈주민 등록확인서/등본 등","천안시 홈페이지 공개 모집
(동계) 2025년 11월 중
(하계) 2026년 5·6월 중",https://youth.chungnam.go.kr/web/main/customSupp/M030-01/view?bizId=A20260401LC000000000003083,main,primary,청년행정체험프로그램,청년정책과,20260501 ~ 20260630~20260807,일자리,취업
youth,20260504005400213046,글로벌 탐방 연수,자기주도 해외 문화탐방으로 창의 인재 양성,복지/문화,평생교육과,전국,"계룡시애향장학회 장학금 기 지원 받은자, 
대학생 국외연수 및 글로벌 탐방 연수 기 참여자 | 0013010 | 0049010",청년,만 19세 ~ 만 29세,19,29,해당없음　,소득조건코드=0043001 / 소득범위=0~0,,글로벌 탐방 연수자에게 1인 2백만원 지원,20260309 ~ 20260311,20260831,해당없음,"신청서, 여행계획서, 졸업증명서(관내 학교), 주민등록초본, 개인정보동의서 등",신청서 및 구비서류를 계룡시청 평생교육과에 방문 및 우편 신청,https://youth.chungnam.go.kr/web/main/customSupp/M060-10/view?bizId=A20260401LC000000000003085,main,primary,글로벌탐방연수,평생교육과,20260309 ~ 20260311~20260831,금융･복지･문화,문화활동 및 생활지원
youth,20260504005400213045,서산시 청년의 날 행사 추진,‘청년의 날’을 기념하는 행사 개최로 청년들의 정책 제안과 문화 소통의 장 마련,복지/문화,기획예산담당관,충청남도,해당없음 | 0013010 | 0049010,"누구나,청년",만 0세 ~ 만 0세,,,해당없음,소득조건코드=0043001 / 소득범위=0~0,,각종 부스 프로그램 운영 및 문화예술공연 등 제공,,,해당없음,해당없음,해당없음,https://www.youthcenter.go.kr/youthPolicy/ythPlcyTotalSearch/ythPlcyDetail/20260504005400213045,main,primary,서산시청년의날행사추진,기획예산담당관,,금융･복지･문화,문화활동 및 생활지원
youth,20260504005400213042,서산시 군복무 청년 상해보험 가입,군복무 청년 대상 상해 보험 가입,복지/문화,기획예산담당관,충청남도,군복무 청년 | 0013009 | 0049010,청년,만 0세 ~ 만 0세,,,군복무 청년,소득조건코드=0043001 / 소득범위=0~0,,상해보험 지원,20260301 ~ 20270228,20270228,군복무 청년,보험금 청구서류,전용 콜센터 신청,https://youth.chungnam.go.kr/web/main/customSupp/M040-06/view?bizId=A20260401LC000000000003092,main,primary,서산시군복무청년상해보험가입,기획예산담당관,20260301 ~ 20270228~20270228,금융･복지･문화,건강
youth,20260504005400213041,인생 설계 프로그램,"청년들의 진로, 적성 탐색 프로그램 운영",복지/문화,경제산업과,전국,해당없음 | 0013010 | 0049010,"누구나,청년",만 19세 ~ 만 39세,19,39,해당없음,소득조건코드=0043001 / 소득범위=0~0,,"청년들의 진로, 적성 탐색을 위한 인생 설계 프로그램 운영",20260101 ~ 20261231,20261231,해당없음,"신청서, 개인정보제공 동의서, 주민등록등본 또는 초본 등",연중 인생설계 프로그램 신청 기간에 홈페이지를 통해 신청 접수,https://gyeryong.go.kr/kr/html/sub05/05100302.html,main,primary,인생설계프로그램,경제산업과,20260101 ~ 20261231~20261231,금융･복지･문화,문화활동 및 생활지원
youth,20260504005400213040,청년 문화시설 관람비 지원,20대 청년들에게 보다 넓은 문화 향유의 기회 제공,복지/문화,경제산업과,전국,신청일 기준 청년문화예술패스 적용 대상자 | 0013010 | 0049010,청년,만 20세 ~ 만 29세,20,29,해당없음,소득조건코드=0043001 / 소득범위=0~0,,전국 문화시설 관람비 5만원을 지역상품권으로 환급,20260101 ~ 20261130,20261231,해당없음,"신청서, 주민등록등본 또는 초본, 본인 사용 증빙 카드 영수증 등",신청서 및 구비서류를 이메일 또는 청년센터 방문 신청,https://youth.chungnam.go.kr/web/main/customSupp/M060-10/view?bizId=A20260401LC000000000003097,main,primary,청년문화시설관람비지원,경제산업과,20260101 ~ 20261130~20261231,금융･복지･문화,문화활동 및 생활지원
youth,20260504005400213039,홍성 신혼부부 주거자금 대출이자 지원,「홍성군 신혼부부 주거자금 대출이자 지원에 관한 조례」에 따라 관내 신혼부부의 주거비 부담 경감,주거,건축허가과,전국,해당 없음 | 0013010 | 0049010,청년,만 19세 ~ 만 49세,19,49,해당 없음,소득조건코드=0043003 / 소득범위=0~0 / 기준중위소득 180%이하,,주택 구입 및 전월세 보증금 대출금 잔액의 1.5% 범위 내 연 최대 150만원 지원(최대 3년),20260303 ~ 20260529,20260630,해당 없음,홍성군 공고 제2026-538호 참고,주소지 읍면 방문신청,https://youth.chungnam.go.kr/web/main/customSupp/M040-05/view?bizId=A20260401LC000000000003098,main,primary,홍성신혼부부주거자금대출이자지원,건축허가과,20260303 ~ 20260529~20260630,주거,전월세 및 주거급여 지원
youth,20260504005400213038,홍성 청년 4-H회 영농 공동과제포 운영,기본 식량 작물인 벼 육묘 기술의 체계적 습득 및 회원간 협동심 고취,복지/문화,농업기술센터,전국,해당 없음 | 0013010 | 0049010,청년,만 0세 ~ 만 0세,,,해당 없음,소득조건코드=0043001 / 소득범위=0~0,,1개소,20260401,20260731,해당 없음,해당 없음,해당 없음,https://www.youthcenter.go.kr/youthPolicy/ythPlcyTotalSearch/ythPlcyDetail/20260504005400213038,main,primary,홍성청년4h회영농공동과제포운영,농업기술센터,20260401~20260731,금융･복지･문화,취약계층 및 금융지원
youth,20260504005400213037,서산시 출산지원금 및 둘째 이후 영유아 양육비 지원,"출산지원금(첫째 50, 둘째 100, 셋째 500, 넷째 이상 1,000만원)
둘째 이후 영유아 양육비 (만 3세까지 매달 10만원)",복지/문화,기획예산담당관,충청남도,해당 없음 | 0013010 | 0049010,청년,만 0세 ~ 만 0세,,,해당 없음,소득조건코드=0043001 / 소득범위=0~0,,"출산지원금(첫째 50, 둘째 100, 셋째 500, 넷째 이상 1,000만원)
둘째 이후 영유아 양육비 (만 3세까지 매달 10만원)",        ,        ,해당 없음,행복출산통합신고서,출생신고 시 일괄 접수,https://youth.chungnam.go.kr/web/main/customSupp/M040-06/view?bizId=A20260401LC000000000003101,main,primary,서산시출산지원금및둘째이후영유아양육비지원,기획예산담당관,,금융･복지･문화,취약계층 및 금융지원
youth,20260504005400213036,청년의 날 행사,"청년의 날 특별 프로그램 및 행사 등을 진행하여 청년의 날을 기념, 문화 경험 제공",복지/문화,경제산업과,전국,해당없음 | 0013010 | 0049010,"누구나,청년",만 18세 ~ 만 39세,18,39,해당없음,소득조건코드=0043001 / 소득범위=0~0,,"청년의 날에 토크콘서트, 플리마켓, 다양한 부스 운영 등 청년 친화적 문화 경험을 제공",20260901 ~ 20260930,20260930,해당없음,해당없음,별도 신청 절차 없이 청년의 날 행사에 참여 가능,https://youth.chungnam.go.kr/web/main/customSupp/M060-11/view?bizId=A20260401LC000000000003102,main,primary,청년의날행사,경제산업과,20260901 ~ 20260930~20260930,금융･복지･문화,문화활동 및 생활지원
youth,20260504005400213035,홍성 4-H회 활동 지원,청년농업인 역량 강화 교육,복지/문화,농업기술센터,전국,해당 없음 | 0013010 | 0049010,청년,만 19세 ~ 만 39세,19,39,해당 없음,소득조건코드=0043001 / 소득범위=0~0,,"4-H 과제교육, 리더십 및 농업 역량 강화 교육",20260201 ~ 20261231,20261231,해당 없음,해당 없음,해당 없음,https://youth.chungnam.go.kr/web/main/customSupp/M050-07/view?bizId=A20260401LC000000000003103,main,primary,홍성4h회활동지원,농업기술센터,20260201 ~ 20261231~20261231,금융･복지･문화,문화활동 및 생활지원
youth,20260504005400213034,서산시 대학생 아르바이트 운영,"- 대학생 일자리 제공을 통한 행정업무 체험 및 시정 홍보
- 봉사와 근로를 통한 건전한 가치관을 지닌 인재 육성",인력/일자리,자치행정국,충청남도,"만 19세 이상 대학생 | 0013009 | 0049005,0049006",청년,만 0세 ~ 만 0세,,,만 19세 이상 대학생,소득조건코드=0043001 / 소득범위=0~0,,직무교육 및 근무 기회 제공,20260701 ~ 20260831,20260831,만 19세 이상 대학생,"신청서, 개인정보 수집 및 이용 동의서, 주민등록초본, 재(휴학) 증명서 및 기타 증빙서류",내부계획 수립 및 모집공고 게시 후 신청자 접수,https://youth.chungnam.go.kr/web/main/customSupp/M030-01/view?bizId=A20260401LC000000000003107,main,primary,서산시대학생아르바이트운영,자치행정국,20260701 ~ 20260831~20260831,일자리,취업
youth,20260504005400213033,홍성 대학 4-H회 과제 교육,"도시 출신자가 대부분인 대학교 4-H회원들의 지역 소속감 부족, 농촌·농업에 대한 이해도 저하 상황 해소하기 위해 교육 행사 참여 유도",복지/문화,농업기술센터,전국,해당 없음 | 0013010 | 0049005,청년,만 19세 ~ 만 39세,19,39,해당 없음,소득조건코드=0043001 / 소득범위=0~0,,"혜전대학교 4-H회(동아리) 홍보 및 활성화, 역량 강화 교육, 각종 홍성군 4-H회 연계 교육 행사 참여 지원",20260301,20261231,해당 없음,해당 없음,해당 없음,https://www.youthcenter.go.kr/youthPolicy/ythPlcyTotalSearch/ythPlcyDetail/20260504005400213033,main,primary,홍성대학4h회과제교육,농업기술센터,20260301~20261231,금융･복지･문화,문화활동 및 생활지원
youth,20260504005400213032,아산시 쉼표청년 지원사업,고립·은둔 청년의 사회 복귀 및 자립을 지원하기 위한 단계별 맞춤형 프로그램 운영,복지/문화,일자리경제과,충청남도,"검사 결과 전문 상담 등이 필요하다고 판단되는 경우, 본 사업 대상에서는 제외하고 전문기관으로 안내 | 0013003 | 0049010",청년,만 18세 ~ 만 34세,18,34,아산시에 거주하는 만 18~34세 청년 3개월 이상 ‘쉼’ 상태에 있는 청년(최근 3개월 이상 구직·경제활동을 하지 않은 경우),소득조건코드=0043001 / 소득범위=0~0,,"힐링 프로그램, 일경험 연계, 취업 준비 지원 및 청년내일카드 지원",20260202 ~ 20260831,20260831,아산시에 거주하는 만 18~34세 청년 3개월 이상 ‘쉼’ 상태에 있는 청년(최근 3개월 이상 구직·경제활동을 하지 않은 경우),"건강보험자격득실확인서, 고용보험 자격이력내역서","청년아지트 나와유 홈페이지 신청 →검사 링크 발송 → 건강보험자격득실확인서, 고용보험 자격이력내역서 확인 → 쉼표 청년 참여",https://www.asan.go.kr/naeil/page/?page=commayouth,main,primary,아산시쉼표청년지원사업,일자리경제과,20260202 ~ 20260831~20260831,금융･복지･문화,취약계층 및 금융지원
youth,20260504005400213031,아산시 청년정책조정위원회 운영,청년정책 심의·의결,복지/문화,일자리경제과,충청남도,해당없음 | 0013010 | 0049010,"누구나,청년",만 18세 ~ 만 39세,18,39,거주·생활권이 아산시 만 18세 ~ 39세 이하 지역 청년 및 청년 정책에 관한 학식과 전문성을 보유한 자,소득조건코드=0043001 / 소득범위=0~0,,해당없음,20260101,20261231,거주·생활권이 아산시 만 18세 ~ 39세 이하 지역 청년 및 청년 정책에 관한 학식과 전문성을 보유한 자,해당없음,해당없음,https://youth.chungnam.go.kr/web/main/customSupp/M060-10/view?bizId=A20260402LC000000000003161,main,primary,아산시청년정책조정위원회운영,일자리경제과,20260101~20261231,금융･복지･문화,문화활동 및 생활지원
youth,20260504005400213030,아산시 청년 재무상담 서비스 「영앤리치」,"청년의 실용적이고 체계적인 자산 형성과 건전한 소비 습관을 위해 재무 진단 상담, 소득‧지출 관리에 대한 전문가 1:1 재무 컨설팅 지원",교육/멘토링,일자리경제과,충청남도,해당없음 | 0013010 | 0049010,"누구나,청년",만 18세 ~ 만 39세,18,39,아산시를 생활권으로 하는 18~39세 청년,소득조건코드=0043001 / 소득범위=0~0,,1:1 맞춤형 재무상담 컨설팅 제공/1인당 최대 2회(회당 90분),20260201,20261130,아산시를 생활권으로 하는 18~39세 청년,"신청서 1부 / 등본, 초본, 학생증 사본, 재직 증명 자료 중 택1",신청서 및 증빙서류 이메일 제출,https://youth.chungnam.go.kr/web/main/customSupp/M040-06/view?bizId=A20260402LC000000000003165,main,primary,아산시청년재무상담서비스영앤리치,일자리경제과,20260201~20261130,교육･직업훈련,미래역량강화
youth,20260504005400213029,서산시 청년농어업인 행복바우처 지원사업,청년농업인 문화.복지 증진 등 삶의 질 향상을 위하여 행복바우처 지원,복지/문화,농업정책과,충청남도,"서산시에 주민등록 주소만 두고 있는 학생, 직장인 등,
유사 복지서비스 수혜자 | 0013008 | 0049010",청년,만 18세 ~ 만 45세,18,45,해당없음,소득조건코드=0043003 / 소득범위=0~0 / 농외소득 3천7백만원 이상인 자 제외,,1인당 20만원,20260101,20261231,해당없음,"신청서, 개인신용정보의 수집 등 동의서, 주민등록등초본, 농어업경영체 등록 확인서, 연간 소득 확인 서류",읍면동 행정복지센터 방문 신청,https://youth.chungnam.go.kr/web/main/customSupp/M060-09/view?bizId=A20260402LC000000000003158,main,primary,서산시청년농어업인행복바우처지원사업,농업정책과,20260101~20261231,금융･복지･문화,문화활동 및 생활지원
youth,20260504005400213028,아산시 청년 마음상담 서비스 토닥토닥,다양한 문제로 걱정과 고민을 안고 있는 청년들에게 마음상담 서비스를 제공하여 청년의 일상 회복을 지원,복지/문화,일자리경제과,충청남도,해당없음 | 0013010 | 0049010,"누구나,청년",만 18세 ~ 만 39세,18,39,2026년 신규 신청자 우선 선정,소득조건코드=0043001 / 소득범위=0~0,,전문 심리 상담가 개별상담 진행/1인당 최대 7회,20260223,20261231,"2026년 신규 신청자 우선 선정

총사업비 범위 내에서 상담 회기 및 참여 인원을 탄력적으로 운영하며, 예산 소진 시까지 추진",해당없음,상담신청 ▷ 사전검사 및 상담 희망 내용 작성 ▷ 상담사 배정 ▷ 초기상담(1회기) ▷ 상담 진행 여부 결정 ▷ 상담진행(6회기) ▷ 만족도조사,https://www.asan.go.kr/naeil/regular_programs/?m_mode=view&pds_no=2026022115223850152,main,primary,아산시청년마음상담서비스토닥토닥,일자리경제과,20260223~20261231,금융･복지･문화,건강
youth,20260504005400213027,서산시 청년농 미디어커머스 지원,청년농에 미디어커머스를 활용한 온라인 콘텐츠 제작·홍보 지원,복지/문화,농식품유통과,청년정책과,최근 3년간 정당한 사유없이 사업 중도 포기한 자 | 0013008 | 0049010,청년,만 18세 ~ 만 44세,18,44,"만18세 이상 ~ 만45세 미만(1981.1.2. ~ 2008.1.1. 출생자)
관내 주소 및 경영체 등록된 만45세 미만 청년농업인
관내에서 직접 생산한 1차 농산물 및 가공품 대상",소득조건코드=0043001 / 소득범위=0~0,,"방송 제작 및 송출, 물류·포장재 구입 등 지원",20251124 ~ 20261212,20261231,"만18세 이상 ~ 만45세 미만(1981.1.2. ~ 2008.1.1. 출생자)
관내 주소 및 경영체 등록된 만45세 미만 청년농업인
관내에서 직접 생산한 1차 농산물 및 가공품 대상","사업신청서, 사업계획서, 경영체등록증, 매출액 증빙자료 등",신청기간 내 읍·면·동 행정복지센터에 신청,https://youth.chungnam.go.kr/web/main/customSupp/M060-09/view?bizId=A20260402LC000000000003155,main,primary,서산시청년농미디어커머스지원,농식품유통과,20251124 ~ 20261212~20261231,금융･복지･문화,예술인지원
youth,20260504005400213026,서산시 임신축하금 지원,임신축하금 지원,복지/문화,건강증진과,충청남도,"신청일 이전부터 서산시에 주민등록 3개월 거주한 서산시보건소 등록 임산부(※ 출산 후 신청불가)
서산시보건소 등록 임산부 | 0013010 | 0049010",청년,만 0세 ~ 만 0세,,,"신청일 이전부터 서산시에 주민등록 3개월 거주한 서산시보건소 등록 임산부(※ 출산 후 신청불가)
서산시보건소 등록 임산부",소득조건코드=0043001 / 소득범위=0~0,,신청일 이전부터 서산시에 주민등록 3개월 거주한 서산시보건소 등록 임산부(※ 출산 후 신청불가),20260101 ~ 20261231,20261231,"신청일 이전부터 서산시에 주민등록 3개월 거주한 서산시보건소 등록 임산부(※ 출산 후 신청불가)
서산시보건소 등록 임산부","주민등록등·초본, 산모수첩 또는 임신확인서, 통장사본(임산부)",보건소 방문 신청,https://youth.chungnam.go.kr/web/main/customSupp/M040-06/view?bizId=A20260402LC000000000003157,main,primary,서산시임신축하금지원,건강증진과,20260101 ~ 20261231~20261231,금융･복지･문화,취약계층 및 금융지원
