source,source_id,title,summary,s_category,provider,region,raw_target_group,raw_support_type,raw_target_age,raw_income_condition,raw_startup_stage,raw_additional_conditions,raw_required_documents,raw_application_method,raw_period_text,_scope,_scope_reason,_dup_candidate,_dedupe_key,norm_title,norm_provider,norm_period,norm_detail_url,raw_detail_url
biz,PBLN_000000000121348,2026년 한-체코ㆍ한-중국 에너지국제공동R&D 신규지원 대상과제 공고,"<p>2026년 한-체코,한-중국 에너지국제공동연구사업의 신규지원 대상 연구개발과제를 다음과 같이 공고하오니 해당 기술개발과제를 수행하고자 하는 자는 관련 규정에 따라 신청하여 주시기 바랍니다.</p><p><br></p><p style=""line-height: 1.8;"">☞ 주관연구개발기관 및 공동연구개발기관</p><p style=""line-height: 1.8;"">- 기업, 대학, 연구기관, 연구조합, 사업자단체, 의료기관 등 국가연구개발혁신법 제2조 제3호 및 같은 법 시행령 제2조 제1항, 에너지법 제12조 제1항 및 같은 법 시행령 제8조의2, 에너지기술개발사업 공통 운영요령 제2조 제1항 제3호, 제4호 및 제4의2호, 제8의3부터 제8의5, 제51호에 해당하는 기관</p><p style=""line-height: 1.8;"">※ 자세한 지원대상 공고문 참조</p><p><br></p><p style=""line-height: 1.8;"">☞ (한-체코공동펀딩R&D) 원자력, ESS 국제공동연구 지원</p><p style=""line-height: 1.8;"">- (한-중국공동펀딩R&D) CCUS, 전력망 국제공동연구 지원</p>",기술,한국에너지기술평가원,기후에너지환경부,중소기업,공동기술개발,,,,,온라인 접수(범부처통합연구지원시스템),온라인 접수(범부처통합연구지원시스템),사업별 상이,main,primary,False,2026년한체코ㆍ한중국에너지국제공동rnd신규지원대상과제공고|한국에너지기술평가원|,2026년한체코ㆍ한중국에너지국제공동rnd신규지원대상과제공고,한국에너지기술평가원,,www.bizinfo.go.kr/sii/siia/selectsiia200detail.do?pblancid=pbln_000000000121348,https://www.bizinfo.go.kr/sii/siia/selectSIIA200Detail.do?pblancId=PBLN_000000000121348
biz,PBLN_000000000121347,[경남] 2026년 소재부품 성장 잠재기업 육성사업 수요기업 모집 공고,"<p>한국생산기술연구원 첨단하이브리드생산기술센터에서는 동부경남지역 소재부품분야 관련 중소기업 지원 확대를 통한 지역 소재부품산업의 경쟁력 강화를 위하여, 「2026년도 경남 소재부품 성장 잠재기업 육성사업」을 아래와 같이 공고하오니, 지원을 희망하시는 관련 기업에서는 많은 참여바랍니다.</p><p><br></p><p>☞ 동부경남지역(양산, 창원, 김해, 밀양 등) 소재부품산업분야 중소기업</p><p><br></p><p style=""line-height: 1.8;"">☞ 경남 소재부품 성장잠재기업 육성사업, 경남 소재부품 성장 잠재기업 육성사업(고투게더) R&D 지원</p><p style=""line-height: 1.8;"">- 지원규모 사업비 50,000 천원 이내</p><p style=""line-height: 1.8;"">※ 자세한 지원내용 공고문 참조</p>",기술,한국생산기술연구원,경상남도,중소기업,기술사업화/이전/지도,,,,,이메일 접수 (hsb85@kitech.re.kr),이메일 접수 (hsb85@kitech.re.kr),2026-04-23 ~ 2026-05-07,main,primary,False,경남2026년소재부품성장잠재기업육성사업수요기업모집공고|한국생산기술연구원|20260423~20260507,경남2026년소재부품성장잠재기업육성사업수요기업모집공고,한국생산기술연구원,20260423~20260507,www.bizinfo.go.kr/sii/siia/selectsiia200detail.do?pblancid=pbln_000000000121347,https://www.bizinfo.go.kr/sii/siia/selectSIIA200Detail.do?pblancId=PBLN_000000000121347
biz,PBLN_000000000121346,[경기] 이천시 2026년 도ㆍ공예기업 맞춤형 온라인 마케팅 지원사업 참여기업 모집 공고,"<p>이천시와 경기테크노파크에서는 관내 도ㆍ공예기업 우수제품의 온라인 매출 증대와 시장 경쟁력, 자생력 강화를 위한 맞춤형 온라인 마케팅 지원사업을 다음과 같이 공고하오니 많은 기업의 참여를 바랍니다.</p><p><br></p><p>☞ 공고일 기준 이천시 관내 도ㆍ공예기업 사업자</p><p><br></p><p>☞ 맞춤형 온라인 마케팅 지원</p>",판로/수출,경기테크노파크,경기도,중소기업,홍보지원,,,,,"온라인, 이메일, 방문, 우편 접수
- 접수처 : (15588) 경기도 안산시 상록구 해안로 705 (재)경기테크노파크4동(지원편의동) 3층 318호 기술사업화팀 <2026년 이천시 도공예인 맞춤형 온라인마케팅지원사업 담당자 앞>
- 이메일 : ygh6463@gtp.or.kr
- 온라인 : 경기테크노파크 성과관리시스템","온라인, 이메일, 방문, 우편 접수
- 접수처 : (15588) 경기도 안산시 상록구 해안로 705 (재)경기테크노파크4동(지원편의동) 3층 318호 기술사업화팀 <2026년 이천시 도공예인 맞춤형 온라인마케팅지원사업 담당자 앞>
- 이메일 : ygh6463@gtp.or.kr
- 온라인 : 경기테크노파크 성과관리시스템",2026-04-23 ~ 2026-05-22,main,primary,False,경기이천시2026년도ㆍ공예기업맞춤형온라인마케팅지원사업참여기업모집공고|경기테크노파크|20260423~20260522,경기이천시2026년도ㆍ공예기업맞춤형온라인마케팅지원사업참여기업모집공고,경기테크노파크,20260423~20260522,www.bizinfo.go.kr/sii/siia/selectsiia200detail.do?pblancid=pbln_000000000121346,https://www.bizinfo.go.kr/sii/siia/selectSIIA200Detail.do?pblancId=PBLN_000000000121346
biz,PBLN_000000000121345,[경기] 2026년 가상융합 사업화지원 (TRACK 2 : 도쿄 XR페어 참가 지원) 연장 공고,"<p>경기콘텐츠진흥원은 아래와 같이 ‘2026년 가상융합 기업 사업화지원’에 참여할 기업을 모집합니다. 가상융합(VR/AR/XR) 콘텐츠ㆍ서비스를 보유한 도내 스타트업 및 중소기업의 많은 관심과 참여 바랍니다.</p><p><br></p><p style=""line-height: 1.8;"">☞ 도내 가상융합 콘텐츠ㆍ서비스 스타트업 및 중소기업</p><p style=""line-height: 1.8;"">① 공고일(04.13.) 기준 현재 본점 소재지가 경기도인 법인사업자 또는 개인사업자 (※ 가상융합분야 스타트업 및 중소기업)</p><p style=""line-height: 1.8;"">② 현재 상용화 완료되어 마켓에 출시되어 있으며, 해외 마켓에 판매ㆍ계약ㆍ시연ㆍ전시 가능한 가상융합(VR/AR/XR) 콘텐츠/서비스 보유 기업</p><p style=""line-height: 1.8;"">③ 지원받고자 하는 콘텐츠ㆍ서비스에 대한 권리(지식재산권, 저작권 등)을 소유 기업</p><p style=""line-height: 1.8;"">④ 박람회 현장 운영을 위해 최소 2인 출장이 가능한 기업</p><p style=""line-height: 1.8;"">⑤ 진흥원 지원사업 관리 규칙에 따른 제재대상이 아닌 기업</p><p style=""line-height: 1.8;"">※ 자세한 지원대상 공고문 참조</p><p><br></p><p style=""line-height: 1.8;"">☞ 해외 전시 참가 지원</p><p style=""line-height: 1.8;"">- 부스 참가지원, 비즈니스 프로그램 지원(통역, 사전간담회 등) 지원</p>",경영,경기콘텐츠진흥원,경기도,중소기업,디자인/상품화/사업화,,,,,온라인 접수(경기콘텐츠진흥원),온라인 접수(경기콘텐츠진흥원),2026-04-24 ~ 2026-04-30,main,primary,False,경기2026년가상융합사업화지원연장공고|경기콘텐츠진흥원|20260424~20260430,경기2026년가상융합사업화지원연장공고,경기콘텐츠진흥원,20260424~20260430,www.bizinfo.go.kr/sii/siia/selectsiia200detail.do?pblancid=pbln_000000000121345,https://www.bizinfo.go.kr/sii/siia/selectSIIA200Detail.do?pblancId=PBLN_000000000121345
biz,PBLN_000000000121344,2026년 패션 디자이너 브랜드 스케일업 지원 참가사 모집 공고,"<p>패션 콘텐츠 제작, 홍보ㆍ마케팅 지원을 통한 성장기 디자이너 브랜드 인지도 제고 및 유통 역량 강화를 도모해드리는 사업입니다.</p><p><br></p><p style=""line-height: 1.8;"">☞ 창업 5년 초과이며 연 매출 5억 원 이상의 국내 패션 디자이너 브랜드 ※ 하단 조건을 모두 충족해야 함</p><p style=""line-height: 1.8;"">- 국내 디자이너 패션 브랜드</p><p style=""line-height: 1.8;"">- 사업자등록증 상 창업일이 2021. 2. 28. 이전인 사업자(브랜드)</p><p style=""line-height: 1.8;"">- 2025년 매출 실적 5억원 이상인 사업자(브랜드) ※ 사업자별 매출액 합산 불가</p><p style=""line-height: 1.8;"">- 공정거래위원회 기준 대기업 및 계열사에 해당하지 않는 사업자(브랜드)</p><p style=""line-height: 1.8;"">- 한국콘텐츠진흥원 지원과제 참가기준(지원요건)에 부합하는 사업자(브랜드)</p><p style=""line-height: 1.8;"">※ 자세한 지원대상 공고문 참조</p><p><br></p><p>☞ 패션 디자이너 브랜드 스케일업 프로그램 참가 지원</p>",경영,한국콘텐츠진흥원,문화체육관광부,중소기업,디자인/상품화/사업화,,,,,온라인 접수 (한국콘텐츠진흥원 사업관리시스템),온라인 접수 (한국콘텐츠진흥원 사업관리시스템),2026-04-23 ~ 2026-05-14,main,primary,False,2026년패션디자이너브랜드스케일업지원참가사모집공고|한국콘텐츠진흥원|20260423~20260514,2026년패션디자이너브랜드스케일업지원참가사모집공고,한국콘텐츠진흥원,20260423~20260514,www.bizinfo.go.kr/sii/siia/selectsiia200detail.do?pblancid=pbln_000000000121344,https://www.bizinfo.go.kr/sii/siia/selectSIIA200Detail.do?pblancId=PBLN_000000000121344
biz,PBLN_000000000121343,[경북] 2026년 방위 R&D Spin-On 방산기업 시제품 고도화 지원 및 과제기획지원 참여기업 모집 공고,"<p>경북산학융합원에서는 방산기업이 보유한 핵심기술을 기반으로 시제품ㆍ실증단계까지 제품 고도화에 도움을 드리고자「방산기업 제품 고도화 지원사업」을 다음과 같이 공고하오니 많은 참여를 바랍니다.</p><p><br></p><p>☞ 지역 내 방위산업 관련 전ㆍ후방기업</p><p><br></p><p>☞ 제품 고도화 지원, 과제기획 지원</p>",기술,경북산학융합원,경상북도,중소기업,기술사업화/이전/지도,,,,,이메일 접수(ydh0208@giaci.or.kr),이메일 접수(ydh0208@giaci.or.kr),2026-04-24 ~ 2026-05-15,main,primary,False,경북2026년방위rndspinon방산기업시제품고도화지원및과제기획지원참여기업모집공고|경북산학융합원|20260424~20260515,경북2026년방위rndspinon방산기업시제품고도화지원및과제기획지원참여기업모집공고,경북산학융합원,20260424~20260515,www.bizinfo.go.kr/sii/siia/selectsiia200detail.do?pblancid=pbln_000000000121343,https://www.bizinfo.go.kr/sii/siia/selectSIIA200Detail.do?pblancId=PBLN_000000000121343
biz,PBLN_000000000121342,2026년 콘텐츠 피칭 플랫폼 케이녹(KNOCK) 정규라운드 참가기업 모집 공고,"<p>한국콘텐츠진흥원에서 민간 투자자 연계를 통한 우수 콘텐츠 발굴ㆍ육성 및 투자 유치를 지원해드리는 사업입니다.</p><p><br></p><p style=""line-height: 1.8;"">☞ 투자유치 지원을 희망하는 국내 콘텐츠 기업(법인사업자)</p><p style=""line-height: 1.8;"">- 콘텐츠 기업 : 문화콘텐츠 분야(게임, 방송, 애니메이션, 영화, 음악, 공연, 만화, 출판, 캐릭터 9개 분야)에서 콘텐츠 기획ㆍ개발ㆍ제작ㆍ생산ㆍ유통ㆍ소비 및 관련 서비스 등을 제공하는 기업</p><p style=""line-height: 1.8;"">※ 자세한 지원대상 공고문 참조</p><p><br></p><p style=""line-height: 1.8;"">☞ 투자유치 역량강화, IR 피칭, 투자연계 등 지원</p><p style=""line-height: 1.8;"">※ 자세한 지원내용 공고문 참조</p>",자금,한국콘텐츠진흥원,문화체육관광부,중소기업,펀드/투자,,,,,온라인 접수 (KOCCA 사업관리시스템),온라인 접수 (KOCCA 사업관리시스템),2026-04-21 ~ 2026-05-08,main,primary,False,2026년콘텐츠피칭플랫폼케이녹정규라운드참가기업모집공고|한국콘텐츠진흥원|20260421~20260508,2026년콘텐츠피칭플랫폼케이녹정규라운드참가기업모집공고,한국콘텐츠진흥원,20260421~20260508,www.bizinfo.go.kr/sii/siia/selectsiia200detail.do?pblancid=pbln_000000000121342,https://www.bizinfo.go.kr/sii/siia/selectSIIA200Detail.do?pblancId=PBLN_000000000121342
biz,PBLN_000000000121341,2026년 데이터 마케팅 컨설팅 지원 사업 참여 출판사 모집 연장 공고(중소출판 도약부문 마케팅지원),"<p>데이터 기반 출판 기획ㆍ마케팅 전략 수립 지원을 위한 「2026년 데이터 마케팅 컨설팅 지원사업」을 다음과 같이 공고합니다. 출판 관계자 여러분의 많은 관심과 참여 부탁 드립니다. </p><p><br></p><p style=""line-height: 1.8;"">☞ 접수 마감일 기준 창업 7년 초과 출판사</p><p style=""line-height: 1.8;"">※ 자세한 지원대상 공고문 참조</p><p><br></p><p>☞ 데이터 분석 전문가(업체) 통해 데이터 기반 출판 시장, 선정 출판사 주력 분야 시장, 판매ㆍ독자ㆍ도서관 데이터 등 통해 마케팅 전략방향 제시 지원</p>",경영,한국출판문화산업진흥원,문화체육관광부,창업벤처,컨설팅,,,,,이메일 접수 (dlrhdms73@kpipa.or.kr),이메일 접수 (dlrhdms73@kpipa.or.kr),2026-04-21 ~ 2026-05-06,main,primary,False,2026년데이터마케팅컨설팅지원사업참여출판사모집연장공고|한국출판문화산업진흥원|20260421~20260506,2026년데이터마케팅컨설팅지원사업참여출판사모집연장공고,한국출판문화산업진흥원,20260421~20260506,www.bizinfo.go.kr/sii/siia/selectsiia200detail.do?pblancid=pbln_000000000121341,https://www.bizinfo.go.kr/sii/siia/selectSIIA200Detail.do?pblancId=PBLN_000000000121341
biz,PBLN_000000000121340,2026년 컨셉코리아 연합 패션쇼 개최 지원 참가 브랜드 모집 공고,"<p>국내 패션 디자이너 브랜드의 전략적 해외시장 진출 지원 통한 K-패션 인지도 확대 및 글로벌 경쟁력 강화를 도모해드리는 사업입니다.</p><p><br></p><p style=""line-height: 1.8;"">☞ 국내 디자이너패션 브랜드(아래의 조건을 모두 충족해야 함)</p><p style=""line-height: 1.8;"">- 국내 디자이너패션 브랜드(의류)</p><p style=""line-height: 1.8;"">- 4시즌 이상 컬렉션 제작 및 국내외 세일즈 경험이 있는 브랜드</p><p style=""line-height: 1.8;"">- 2025년 매출 3억 원 이상인 브랜드</p><p style=""line-height: 1.8;"">- 한국콘텐츠진흥원 지원과제 참가기준(지원요건)에 부합하는 사업자(브랜드)</p><p style=""line-height: 1.8;"">※ 자세한 지원대상 공고문 참조</p><p><br></p><p>☞ 시즌별(S/S, F/W) 연합 패션쇼 개최 및 국내외 비즈니스, 홍보 지원</p>",판로/수출,한국콘텐츠진흥원,문화체육관광부,중소기업,해외진출,,,,,온라인 접수 (한국콘텐츠진흥원 사업관리시스템),온라인 접수 (한국콘텐츠진흥원 사업관리시스템),2026-04-22 ~ 2026-05-18,main,primary,False,2026년컨셉코리아연합패션쇼개최지원참가브랜드모집공고|한국콘텐츠진흥원|20260422~20260518,2026년컨셉코리아연합패션쇼개최지원참가브랜드모집공고,한국콘텐츠진흥원,20260422~20260518,www.bizinfo.go.kr/sii/siia/selectsiia200detail.do?pblancid=pbln_000000000121340,https://www.bizinfo.go.kr/sii/siia/selectSIIA200Detail.do?pblancId=PBLN_000000000121340
biz,PBLN_000000000121338,[경북] 상주시 2026년 소상공인 카드수수료 지원사업 참여점포 모집 공고,"<p>경상북도경제진흥원에서는 국내외 경기침체로 어려움을 겪고 있는 소상공인들을 위한 ‘소상공인 카드수수료 지원사업’ 참여점포를 다음과 같이 모집하오니 많은 신청 부탁드립니다.</p><p><br></p><p style=""line-height: 1.8;"">☞ 전년도(‘25년) 연매출액 2억원 이하인 소상공인</p><p style=""line-height: 1.8;"">※ 매출액은 부가가치세과세표준증명원 혹은 면세사업자수입금액증명원을 기준으로 함</p><p><br></p><p style=""line-height: 1.8;"">☞ 전년도 카드매출액의 0.4% 지원(업체당 최저 5만원 최대 40만원 이내)</p><p style=""line-height: 1.8;"">※ 지원금 산정방법 : ’25년 카드 매출액 / 1.1 * 0.4%</p>",경영,경상북도경제진흥원,경상북도,소상공인,디자인/상품화/사업화,,,,,"온라인 접수 및 방문 접수
- 온라인 : 행복카드.kr
- 접수처
ㆍ읍, 면, 동 행정복지센터
ㆍ 경상북도경제진흥원 4층 민생경제지원팀(구미시 이계북로 7)
ㆍ 상주시 소상공인연합회(상주시 왕산로 219-13, 1층)
※ 방문접수ㆍ팩스 등의 방법으로 제출 시 순번이 늦어질 수 있습니다.","온라인 접수 및 방문 접수
- 온라인 : 행복카드.kr
- 접수처
ㆍ읍, 면, 동 행정복지센터
ㆍ 경상북도경제진흥원 4층 민생경제지원팀(구미시 이계북로 7)
ㆍ 상주시 소상공인연합회(상주시 왕산로 219-13, 1층)
※ 방문접수ㆍ팩스 등의 방법으로 제출 시 순번이 늦어질 수 있습니다.",예산 소진시까지,main,primary,False,경북상주시2026년소상공인카드수수료지원사업참여점포모집공고|경상북도경제진흥원|,경북상주시2026년소상공인카드수수료지원사업참여점포모집공고,경상북도경제진흥원,,www.bizinfo.go.kr/sii/siia/selectsiia200detail.do?pblancid=pbln_000000000121338,https://www.bizinfo.go.kr/sii/siia/selectSIIA200Detail.do?pblancId=PBLN_000000000121338
biz,PBLN_000000000121337,콘텐츠 해외 투자유치 지원 프로그램 U-KNOCK 2026 in Japan 참가기업 모집 공고,"<p>문화체육관광부와 한국콘텐츠진흥원에서 IP/엔터 기반 콘텐츠 기업을 대상으로 U-KNOCK 파트너스 투자연계 기반 콘텐츠 전문 해외 IR 프로그램을 지원해드리는 사업입니다.</p><p><br></p><p style=""line-height: 1.8;"">☞ IP/엔터 기반 콘텐츠 기업</p><p style=""line-height: 1.8;"">- 원천 IP(Track A) : 원천 IP 보유기업(웹툰, 웹소설, 캐릭터IP, 라이선싱 등)</p><p style=""line-height: 1.8;"">- 영상/콘텐츠 (Track B) : 영상ㆍ콘텐츠 기업(드라마, 영화, 애니메이션, 예능, 게임, AI기반  영상 콘텐츠 등)</p><p style=""line-height: 1.8;"">- 엔터/팬덤 (Track C) : 엔터ㆍ팬덤 사업 영위 기업(K-Pop, 라이브공연, 팬덤플랫폼 등)</p><p><br></p><p style=""line-height: 1.8;"">☞ 파트너스 및 투자사 매칭, 상시 및 현지 IR 및 네트워크, 이동비 지원</p><p style=""line-height: 1.8;"">※ 자세한 지원내용 공고문 참조</p>",판로/수출,한국콘텐츠진흥원,문화체육관광부,중소기업,해외진출,,,,,온라인 접수 (KOCCA 사업관리시스템),온라인 접수 (KOCCA 사업관리시스템),2026-04-27 ~ 2026-05-11,main,primary,False,콘텐츠해외투자유치지원프로그램uknock2026injapan참가기업모집공고|한국콘텐츠진흥원|20260427~20260511,콘텐츠해외투자유치지원프로그램uknock2026injapan참가기업모집공고,한국콘텐츠진흥원,20260427~20260511,www.bizinfo.go.kr/sii/siia/selectsiia200detail.do?pblancid=pbln_000000000121337,https://www.bizinfo.go.kr/sii/siia/selectSIIA200Detail.do?pblancId=PBLN_000000000121337
biz,PBLN_000000000121336,[경북] 칠곡군 2026년 소상공인 카드수수료 지원사업 참여점포 모집 공고,"<p>경상북도경제진흥원에서는 국내외 경기침체로 어려움을 겪고 있는 소상공인들을 위한 ‘소상공인 카드수수료 지원사업’ 참여점포를 다음과 같이 모집하오니 많은 신청 부탁드립니다.</p><p><br></p><p style=""line-height: 1.8;"">☞ ’25년도 연매출액이 1억 원 이하이며,사업자등록증 상의 소재지가 칠곡군인 소상공인</p><p style=""line-height: 1.8;"">※ 매출액은 부가가치세과세표준증명원 혹은 면세사업자수입금액증명원을 기준으로 함</p><p><br></p><p style=""line-height: 1.8;"">☞ 전년도 카드매출액의 0.4% 지원</p><p style=""line-height: 1.8;"">- 업체당 최저 5만원 최대 40만원 한도</p><p style=""line-height: 1.8;"">※ 지원금 산정방법 : ’25년 카드 매출액 / 1.1 * 0.4%</p>",경영,경상북도경제진흥원,경상북도,소상공인,디자인/상품화/사업화,,,,,"온라인 접수 및 방문 접수
- 온라인 : 행복카드.kr
- 접수처
ㆍ읍, 면, 동 행정복지센터
ㆍ 경상북도경제진흥원 4층 민생경제지원팀(구미시 이계북로 7)
ㆍ 칠곡군 소상공인연합회(칠곡군 왜관읍 석전로 157-2)","온라인 접수 및 방문 접수
- 온라인 : 행복카드.kr
- 접수처
ㆍ읍, 면, 동 행정복지센터
ㆍ 경상북도경제진흥원 4층 민생경제지원팀(구미시 이계북로 7)
ㆍ 칠곡군 소상공인연합회(칠곡군 왜관읍 석전로 157-2)",예산 소진시까지,main,primary,False,경북칠곡군2026년소상공인카드수수료지원사업참여점포모집공고|경상북도경제진흥원|,경북칠곡군2026년소상공인카드수수료지원사업참여점포모집공고,경상북도경제진흥원,,www.bizinfo.go.kr/sii/siia/selectsiia200detail.do?pblancid=pbln_000000000121336,https://www.bizinfo.go.kr/sii/siia/selectSIIA200Detail.do?pblancId=PBLN_000000000121336
biz,PBLN_000000000121335,[광주] 2026년 지역기업 성장사다리 지원사업 통합 공고(일반기업),"<p>2026년도 중소벤처기업부와 광주광역시가 지원하는 지역기업 성장사다리 지원사업 수행자로 지정된 (재)광주테크노파크에서 지원대상별 지원 프로그램을 안내하오니, 해당 프로그램 참여를 희망하는 광주 지역 중소기업의 많은 신청 바랍니다.</p><p><br></p><p style=""line-height: 1.8;"">☞ 사업자등록증 상 본사가 광주지역 내 소재하며, 광주지역 주력산업분야(바이오, 에너지, 모빌리티)를 영위하는 중소기업</p><p style=""line-height: 1.8;"">- 잠재기업 : 공고일 기준 지역 내 창업기업 및 BI 이후 10년 이내 성장기업</p><div style=""line-height: 1.8;"">- 자율기획(수출,투자)기업 : 공고일 기준 수출 및 상장(IPO) 준비 기업</div><div style=""line-height: 1.8;"">※ 지원사업별 지원대상 상이</div><div><br></div><div style=""line-height: 1.8;"">☞ 잠재기업(실증트랙) : 기획지원, 시장분석, 제품고급화, 마케팅(최대 15백만원 이내) 지원</div><div style=""line-height: 1.8;"">- 잠재기업(POST-BI기업지원트랙) : 기획지원, 시장분석, 특허분석, 인증, 기술, 제품고급화, 마케팅, 전시참가(최대 10백만원 이내) 지원</div><div style=""line-height: 1.8;"">- 잠재기업(POST-BIAI연계트랙) : 기획지원, DX개발, 특허분석, 인증, 기술, 컨설팅, 마케팅, AI융합, 법률자문 지원</div><div style=""line-height: 1.8;"">- 수출ㆍ투자 기업 : 투자(상장) 트랙, 수출 트랙 지원</div><div style=""line-height: 1.8;"">※ 지원대상별 지원프로그램 상이</div>",경영,광주테크노파크,중소벤처기업부,중소기업,디자인/상품화/사업화,,,,,온라인 접수 (기업지원사업 관리시스템),온라인 접수 (기업지원사업 관리시스템),2026-04-22 ~ 2026-05-08,main,primary,True,광주2026년지역기업성장사다리지원사업통합공고|광주테크노파크|20260422~20260508,광주2026년지역기업성장사다리지원사업통합공고,광주테크노파크,20260422~20260508,www.bizinfo.go.kr/sii/siia/selectsiia200detail.do?pblancid=pbln_000000000121335,https://www.bizinfo.go.kr/sii/siia/selectSIIA200Detail.do?pblancId=PBLN_000000000121335
biz,PBLN_000000000121334,[경북] 의성군 2026년 소상공인 카드수수료 지원사업 참여점포 모집 공고,"<p>경상북도경제진흥원에서는 국내외 경기침체로 어려움을 겪고 있는 소상공인들을 위한 ‘소상공인 카드수수료 지원사업’ 참여점포를 다음과 같이 모집하오니 많은 신청 부탁드립니다.</p><p><br></p><p style=""line-height: 1.8;"">☞ ’25년도 연매출액이 1억 원 이하이며,사업자등록증 상의 소재지가 의성군인 소상공인</p><p style=""line-height: 1.8;"">※ 매출액은 부가가치세과세표준증명원 혹은 면세사업자수입금액증명원을 기준으로 함</p><p><br></p><p style=""line-height: 1.8;"">☞ 전년도 카드매출액의 0.4% 지원</p><p style=""line-height: 1.8;"">- 업체당 최저 5만원 최대 40만원 한도</p><p style=""line-height: 1.8;"">※ 지원금 산정방법 : ’25년 카드 매출액 / 1.1 * 0.4%</p>",경영,경상북도경제진흥원,경상북도,소상공인,디자인/상품화/사업화,,,,,"온라인 접수 및 방문 접수
- 온라인 : 행복카드.kr
- 접수처
ㆍ읍, 면, 동 행정복지센터
ㆍ 경상북도경제진흥원 4층 민생경제지원팀(구미시 이계북로 7)
ㆍ 의성군 소상공인연합회(의성군 의성읍 중앙길 54)","온라인 접수 및 방문 접수
- 온라인 : 행복카드.kr
- 접수처
ㆍ읍, 면, 동 행정복지센터
ㆍ 경상북도경제진흥원 4층 민생경제지원팀(구미시 이계북로 7)
ㆍ 의성군 소상공인연합회(의성군 의성읍 중앙길 54)",예산 소진시까지,main,primary,False,경북의성군2026년소상공인카드수수료지원사업참여점포모집공고|경상북도경제진흥원|,경북의성군2026년소상공인카드수수료지원사업참여점포모집공고,경상북도경제진흥원,,www.bizinfo.go.kr/sii/siia/selectsiia200detail.do?pblancid=pbln_000000000121334,https://www.bizinfo.go.kr/sii/siia/selectSIIA200Detail.do?pblancId=PBLN_000000000121334
biz,PBLN_000000000121333,[경기] 부천시 2026년 대만 K-뷰티엑스포 전시회 참가기업 모집 공고,"<p>부천산업진흥원에서는 부천시 화장품 산업의 경쟁력 강화를 위해 전문 전시회 참가를 지원하고, 해외 판로개척 및 비즈니스 성과 창출을 도모하고자 하오니 관심있는 기업의 많은 참여 바랍니다.</p><p><br></p><p>☞ 부천시 소재 뷰티 및 화장품관련산업 분야 중소제조기업, 부천시화장품기업협의회 가입기업</p><p>- 전시품목 : 화장품, 헤어, 네일, 향수 등 뷰티 관련 등</p><p><br></p><p>☞ 부스임차료 및 장치비 90%(1부스 기준), 통역, 편도운송료(70만원한도), 기타 운영 등 지원</p>",판로/수출,부천산업진흥원,경기도,중소기업,해외진출준비,,,,,온라인 접수(부천산업진흥원),온라인 접수(부천산업진흥원),2026-04-23 ~ 2026-05-08,main,primary,False,경기부천시2026년대만k뷰티엑스포전시회참가기업모집공고|부천산업진흥원|20260423~20260508,경기부천시2026년대만k뷰티엑스포전시회참가기업모집공고,부천산업진흥원,20260423~20260508,www.bizinfo.go.kr/sii/siia/selectsiia200detail.do?pblancid=pbln_000000000121333,https://www.bizinfo.go.kr/sii/siia/selectSIIA200Detail.do?pblancId=PBLN_000000000121333
biz,PBLN_000000000121332,[광주] 2026년 지역기업 성장사다리 지원사업 통합 공고(지정기업),"<p>2026년도 중소벤처기업부와 광주광역시가 지원하는 지역기업 성장사다리 지원사업 수행자로 지정된 (재)광주테크노파크에서 지원대상별 지원 프로그램을 안내하오니, 해당 프로그램 참여를 희망하는 광주 지역 중소기업의 많은 신청 바랍니다.</p><p><br></p><p style=""line-height: 1.8;"">☞ 지원사업별 지원대상 상이</p><p style=""line-height: 1.8;"">- 잠재기업(지역R&D전용) : 25년 지역혁신선도기업육성(R&D) 내역사업2(지역기업 역량강화) 선정기업</p><p style=""line-height: 1.8;"">- 스타기업 : 공고일 기준 광주지역 스타기업 지정 기업 + 지역특화프로젝트(1.0, 2.0) 레전드50+ 참여기업 선정된 기업</p><p style=""line-height: 1.8;"">- 지역혁신선도기업 : 공고일 기준 광주 지역 혁신 선도 기업 지정 기업</p><p style=""line-height: 1.8;"">- 초광역선도기업 : 공고일 기준 초광역선도기업 지정 기업</p><p><br></p><p style=""line-height: 1.8;"">☞ 지원대상별 지원프로그램 상이</p><p style=""line-height: 1.8;"">- 잠재기업(지역R&D전용) : 시제품제작, 지적재산권, 인증ㆍ시험분석(국내ㆍ국외), 컨설팅, 디자인 등 지원</p><p style=""line-height: 1.8;"">- 스타기업 : 컨설팅, 시제품제작, 지적재산권, 마케팅, 제품 고급화, 공동 수출지원 등 지원</p><p style=""line-height: 1.8;"">- 지역혁신선도기업 : 컨설팅(PM지원), 기술협업(기술지원), 거래협업(사업화지원) 지원</p><p style=""line-height: 1.8;"">- 초광역선도기업 : 컨설팅(PM지원), 기술협업(기술지원), 거래협업(사업화지원) 지원</p>",경영,광주테크노파크,중소벤처기업부,중소기업,디자인/상품화/사업화,,,,,온라인 접수 (기업지원사업 관리시스템),온라인 접수 (기업지원사업 관리시스템),2026-04-22 ~ 2026-05-08,main,primary,True,광주2026년지역기업성장사다리지원사업통합공고|광주테크노파크|20260422~20260508,광주2026년지역기업성장사다리지원사업통합공고,광주테크노파크,20260422~20260508,www.bizinfo.go.kr/sii/siia/selectsiia200detail.do?pblancid=pbln_000000000121332,https://www.bizinfo.go.kr/sii/siia/selectSIIA200Detail.do?pblancId=PBLN_000000000121332
biz,PBLN_000000000121331,[울산] 2026년 지역기업 판로개척 패키지 지원사업 기술개발인증 지원사업 모집 공고,"<p>신기술 제품의 우선구매 경쟁력 강화를 통한 지역기업 공공조달 판로개척을 지원하는「지역기업 판로개척 패키지 지원사업 기술개발 인증지원」참여기업을 다음과 같이 모집합니다.</p><p><br></p><p>☞ 공고일 기준 기술개발제품 인증 및 조달가점, 법정의무인증을 취득하였거나 연내 취득가능한 울산 소재 중소기업 </p><p><br></p><p style=""line-height: 1.8;"">☞ 인증획득 또는 시험비 실비의 80% 지원</p><p style=""line-height: 1.8;"">- 기술개발제품 인증지원 : 기업당 10백만원 이내</p><p style=""line-height: 1.8;"">- 조달가점, 법정의무인증, 시험비 지원 : 기업당 5백만원 이내</p>",기술,울산경제일자리진흥원,울산광역시,중소기업,시험/인증,,,,,온라인 접수 (울산통상지원시스템),온라인 접수 (울산통상지원시스템),2026-04-23 ~ 2026-05-14,main,primary,False,울산2026년지역기업판로개척패키지지원사업기술개발인증지원사업모집공고|울산경제일자리진흥원|20260423~20260514,울산2026년지역기업판로개척패키지지원사업기술개발인증지원사업모집공고,울산경제일자리진흥원,20260423~20260514,www.bizinfo.go.kr/sii/siia/selectsiia200detail.do?pblancid=pbln_000000000121331,https://www.bizinfo.go.kr/sii/siia/selectSIIA200Detail.do?pblancId=PBLN_000000000121331
biz,PBLN_000000000121330,[경북] 성주군 2026년 소상공인 카드수수료 지원사업 참여점포 모집 공고,"<p>경상북도경제진흥원에서는 국내외 경기침체로 어려움을 겪고 있는 소상공인들을 위한 ‘소상공인 카드수수료 지원사업’ 참여점포를 다음과 같이 모집하오니 많은 신청 부탁드립니다.</p><p><br></p><p style=""line-height: 1.8;"">☞ ’25년도 연매출액이 1억 원 이하이며,사업자등록증 상의 소재지가 성주군인 소상공인</p><p style=""line-height: 1.8;"">※ 매출액은 부가가치세과세표준증명원 혹은 면세사업자수입금액증명원을 기준으로 함</p><p><br></p><p style=""line-height: 1.8;"">☞ 전년도 카드매출액의 0.4% 지원</p><p style=""line-height: 1.8;"">- 업체당 최저 5만원 최대 40만원 한도</p><p style=""line-height: 1.8;"">※ 지원금 산정방법 : ’25년 카드 매출액 / 1.1 * 0.4%</p>",경영,경상북도경제진흥원,경상북도,소상공인,디자인/상품화/사업화,,,,,"온라인 접수 및 방문 접수
- 온라인 : 행복카드.kr
- 접수처
ㆍ읍, 면, 동 행정복지센터
ㆍ 경상북도경제진흥원 4층 민생경제지원팀(구미시 이계북로 7)
ㆍ 경상북도소상공인연합회(경주시 동천로 24, 2층)","온라인 접수 및 방문 접수
- 온라인 : 행복카드.kr
- 접수처
ㆍ읍, 면, 동 행정복지센터
ㆍ 경상북도경제진흥원 4층 민생경제지원팀(구미시 이계북로 7)
ㆍ 경상북도소상공인연합회(경주시 동천로 24, 2층)",예산 소진시까지,main,primary,False,경북성주군2026년소상공인카드수수료지원사업참여점포모집공고|경상북도경제진흥원|,경북성주군2026년소상공인카드수수료지원사업참여점포모집공고,경상북도경제진흥원,,www.bizinfo.go.kr/sii/siia/selectsiia200detail.do?pblancid=pbln_000000000121330,https://www.bizinfo.go.kr/sii/siia/selectSIIA200Detail.do?pblancId=PBLN_000000000121330
biz,PBLN_000000000121329,[전남ㆍ광주] 2026년 전남바이오진흥원 K-바이오헬스 지역센터 지원사업 수혜기업 추가모집 공고,"<p>전남바이오진흥원에서는「2026년 K-바이오헬스 지역센터 지원사업」의 원활한 추진을 위하여기존 공고에 따라 기업 모집을 진행하였으나, 일부 프로그램의 지원기업이 부족함에 따라 아래와 같이 추가 모집을 실시하오니, 관심 있는 기업의 많은 참여를 바랍니다.</p><p><br></p><p style=""line-height: 1.8;"">☞ 전라남도ㆍ광주광역시에 위치한 바이오헬스 분야 창업 10년 이내의 중소ㆍ벤처기업</p><p style=""line-height: 1.8;"">- 창업 10년 미만의 중소ㆍ벤처기업으로 아래 각 호 중 하나 이상을 만족하는 창업기업</p><p style=""line-height: 1.8;"">※ 자세한 지원대상 공고문 참조</p><div><br></div><p style=""line-height: 1.8;"">☞ 창업기업 지원, 네트워킹, 자율프로그램 지원</p><p style=""line-height: 1.8;"">※ 자세한 지원내용 공고문 참조</p>",경영,전남바이오진흥원,전라남도,중소기업,디자인/상품화/사업화,,,,,이메일 접수 (kskim0720@nate.com),이메일 접수 (kskim0720@nate.com),2026-04-20 ~ 2026-04-29,main,primary,False,전남ㆍ광주2026년전남바이오진흥원k바이오헬스지역센터지원사업수혜기업추가모집공고|전남바이오진흥원|20260420~20260429,전남ㆍ광주2026년전남바이오진흥원k바이오헬스지역센터지원사업수혜기업추가모집공고,전남바이오진흥원,20260420~20260429,www.bizinfo.go.kr/sii/siia/selectsiia200detail.do?pblancid=pbln_000000000121329,https://www.bizinfo.go.kr/sii/siia/selectSIIA200Detail.do?pblancId=PBLN_000000000121329
biz,PBLN_000000000121328,[경북] 김천시 2026년 소상공인 카드수수료 지원사업 참여점포 모집 공고,"<p>경상북도경제진흥원에서는 국내외 경기침체로 어려움을 겪고 있는 소상공인들을 위한 ‘소상공인 카드수수료 지원사업’ 참여점포를 다음과 같이 모집하오니 많은 신청 부탁드립니다.</p><p><br></p><p style=""line-height: 1.8;"">☞ ’25년도 연매출액이 1억 원 이하이며,사업자등록증 상의 소재지가 김천시인 소상공인</p><p style=""line-height: 1.8;"">※ 매출액은 부가가치세과세표준증명원 혹은 면세사업자수입금액증명원을 기준으로 함</p><p><br></p><p style=""line-height: 1.8;"">☞ 전년도 카드매출액의 0.4% 지원</p><p style=""line-height: 1.8;"">- 업체당 최저 5만원 최대 40만원 한도</p><p style=""line-height: 1.8;"">※ 지원금 산정방법 : ’25년 카드 매출액 / 1.1 * 0.4%</p>",경영,경상북도경제진흥원,경상북도,소상공인,디자인/상품화/사업화,,,,,"온라인 접수 및 방문 접수
- 온라인 : 행복카드.kr
- 접수처
ㆍ읍, 면, 동 행정복지센터
ㆍ 경상북도경제진흥원 4층 민생경제지원팀(구미시 이계북로 7)
ㆍ 경상북도소상공인연합회(경주시 동천로 24, 2층)","온라인 접수 및 방문 접수
- 온라인 : 행복카드.kr
- 접수처
ㆍ읍, 면, 동 행정복지센터
ㆍ 경상북도경제진흥원 4층 민생경제지원팀(구미시 이계북로 7)
ㆍ 경상북도소상공인연합회(경주시 동천로 24, 2층)",예산 소진시까지,main,primary,False,경북김천시2026년소상공인카드수수료지원사업참여점포모집공고|경상북도경제진흥원|,경북김천시2026년소상공인카드수수료지원사업참여점포모집공고,경상북도경제진흥원,,www.bizinfo.go.kr/sii/siia/selectsiia200detail.do?pblancid=pbln_000000000121328,https://www.bizinfo.go.kr/sii/siia/selectSIIA200Detail.do?pblancId=PBLN_000000000121328
biz,PBLN_000000000121327,[경북] 상주시 2026년 일자리 공감페이 지원사업 참여기업 모집 공고,"<p>경상북도경제진흥원에서는 상주시 소재 중소기업의 취업 지원금 지급으로 우수인력 확보 및 장기 재직 지원을 통한 지역경제 활성화를 도모하고자 「2026년 상주형 일자리 공감페이 지원사업」 참여기업을 모집하오니 많은 참여 바랍니다.</p><p><br></p><p>☞ 상주시 소재 사업장을 가동 중인 상시근로자 5인 이상 기업</p><p><br></p><p style=""line-height: 1.8;"">☞ 일자리 창출 우수기업 인센티브(기업당 최대 10백만원 이내) 지원</p><p style=""line-height: 1.8;"">※ 자세한 지원내용 공고문 참조</p>",인력/일자리,경상북도경제진흥원,경상북도,중소기업,작업환경개선,,,,,이메일 접수 (jungheon.ha@gepa.kr),이메일 접수 (jungheon.ha@gepa.kr),예산 소진시까지,main,primary,False,경북상주시2026년일자리공감페이지원사업참여기업모집공고|경상북도경제진흥원|,경북상주시2026년일자리공감페이지원사업참여기업모집공고,경상북도경제진흥원,,www.bizinfo.go.kr/sii/siia/selectsiia200detail.do?pblancid=pbln_000000000121327,https://www.bizinfo.go.kr/sii/siia/selectSIIA200Detail.do?pblancId=PBLN_000000000121327
biz,PBLN_000000000121326,[경북] 고령군 2026년 소상공인 카드수수료 지원사업 참여점포 모집 공고,"<p>경상북도경제진흥원에서는 국내외 경기침체로 어려움을 겪고 있는 소상공인들을 위한 ‘소상공인 카드수수료 지원사업’ 참여점포를 다음과 같이 모집하오니 많은 신청 부탁드립니다.</p><p><br></p><p style=""line-height: 1.8;"">☞ ’25년도 연매출액이 1억 원 이하이며,사업자등록증 상의 소재지가 고령군인 소상공인</p><p style=""line-height: 1.8;"">※ 매출액은 부가가치세과세표준증명원 혹은 면세사업자수입금액증명원을 기준으로 함</p><p><br></p><p style=""line-height: 1.8;"">☞ 전년도 카드매출액의 0.4% 지원</p><p style=""line-height: 1.8;"">- 업체당 최저 5만원 최대 40만원 한도</p><p style=""line-height: 1.8;"">※ 지원금 산정방법 : ’25년 카드 매출액 / 1.1 * 0.4%</p>",경영,경상북도경제진흥원,경상북도,소상공인,디자인/상품화/사업화,,,,,"온라인 접수 및 방문 접수
- 온라인 : 행복카드.kr
- 접수처
ㆍ읍, 면, 동 행정복지센터
ㆍ 경상북도경제진흥원 4층 민생경제지원팀(구미시 이계북로 7)
ㆍ 경상북도소상공인연합회(경주시 동천로 24, 2층)","온라인 접수 및 방문 접수
- 온라인 : 행복카드.kr
- 접수처
ㆍ읍, 면, 동 행정복지센터
ㆍ 경상북도경제진흥원 4층 민생경제지원팀(구미시 이계북로 7)
ㆍ 경상북도소상공인연합회(경주시 동천로 24, 2층)",예산 소진시까지,main,primary,False,경북고령군2026년소상공인카드수수료지원사업참여점포모집공고|경상북도경제진흥원|,경북고령군2026년소상공인카드수수료지원사업참여점포모집공고,경상북도경제진흥원,,www.bizinfo.go.kr/sii/siia/selectsiia200detail.do?pblancid=pbln_000000000121326,https://www.bizinfo.go.kr/sii/siia/selectSIIA200Detail.do?pblancId=PBLN_000000000121326
biz,PBLN_000000000121325,[경북] 경산시 2026년 소상공인 카드수수료 지원사업 참여점포 모집 공고,"<p>경상북도경제진흥원에서는 국내외 경기침체로 어려움을 겪고 있는 소상공인들을 위한 ‘소상공인 카드수수료 지원사업’ 참여점포를 다음과 같이 모집하오니 많은 신청 부탁드립니다.</p><p><br></p><p style=""line-height: 1.8;"">☞ ’25년도 연매출액이 1억 원 이하이며,사업자등록증 상의 소재지가 경산시인 소상공인</p><p style=""line-height: 1.8;"">※ 매출액은 부가가치세과세표준증명원 혹은 면세사업자수입금액증명원을 기준으로 함</p><p><br></p><p style=""line-height: 1.8;"">☞ 전년도 카드매출액의 0.4% 지원</p><p style=""line-height: 1.8;"">- 업체당 최저 5만원 최대 40만원 한도</p><p style=""line-height: 1.8;"">※ 지원금 산정방법 : ’25년 카드 매출액 / 1.1 * 0.4%</p>",경영,경상북도경제진흥원,경상북도,소상공인,디자인/상품화/사업화,,,,,"온라인 접수 및 방문 접수
- 온라인 : 행복카드.kr
- 접수처
ㆍ읍, 면, 동 행정복지센터
ㆍ 경상북도경제진흥원 4층 민생경제지원팀(구미시 이계북로 7)
ㆍ 경산시 소상공인연합회(경산시 삼풍로 27, 경북테크노파크 본원 4층)","온라인 접수 및 방문 접수
- 온라인 : 행복카드.kr
- 접수처
ㆍ읍, 면, 동 행정복지센터
ㆍ 경상북도경제진흥원 4층 민생경제지원팀(구미시 이계북로 7)
ㆍ 경산시 소상공인연합회(경산시 삼풍로 27, 경북테크노파크 본원 4층)",예산 소진시까지,main,primary,False,경북경산시2026년소상공인카드수수료지원사업참여점포모집공고|경상북도경제진흥원|,경북경산시2026년소상공인카드수수료지원사업참여점포모집공고,경상북도경제진흥원,,www.bizinfo.go.kr/sii/siia/selectsiia200detail.do?pblancid=pbln_000000000121325,https://www.bizinfo.go.kr/sii/siia/selectSIIA200Detail.do?pblancId=PBLN_000000000121325
biz,PBLN_000000000121324,[서울ㆍ부산ㆍ울산ㆍ경남ㆍ강원] 제조물책임(PL)보험료 지원사업 공고,"<p>중소기업중앙회는 지자체와 함께 중소기업의 제조물책임 리스크 대비와 보험료 부담 경감 등을 위하여「2026년 중소기업 제조물책임(PL)보험료 지원사업」을 다음과 같이 시행하오니 기한 내 신청하시기 바랍니다.</p><p><br></p><p style=""line-height: 1.8;"">☞ 증권상 사업장 소재지가 서울, 부산, 울산, 경남, 강원인 중소기업중앙회 PL단체보험 가입 중소기업 </p><p style=""line-height: 1.8;"">※ 단, 2026년 1~3월 중에 보험료를 납부하고 계약을 유지중인 업체</p><p style=""line-height: 1.8;"">※ 자세한 지원대상 공고문 참조</p><p><br></p><p style=""line-height: 1.8;"">☞  PL보험 가입시 납부한 보험료의 10~30%이내 지원(업체당 최대 100~200만원 한도이내)</p><p style=""line-height: 1.8;"">※ 지역별 지원내용 상이 지원신청서 참조</p><p style=""line-height: 1.8;"">※ 붙임 지원신청서 참조(다른사업과의 중복지원 불가)</p>",경영,중소기업중앙회,서울특별시,중소기업,디자인/상품화/사업화,,,,,"팩스, 이메일 접수
- 이메일 : pl@kbiz.or.kr
- 팩스 : 0502-397-0200","팩스, 이메일 접수
- 이메일 : pl@kbiz.or.kr
- 팩스 : 0502-397-0200",2026-04-23 ~ 2026-05-08,main,primary,False,서울ㆍ부산ㆍ울산ㆍ경남ㆍ강원제조물책임보험료지원사업공고|중소기업중앙회|20260423~20260508,서울ㆍ부산ㆍ울산ㆍ경남ㆍ강원제조물책임보험료지원사업공고,중소기업중앙회,20260423~20260508,www.bizinfo.go.kr/sii/siia/selectsiia200detail.do?pblancid=pbln_000000000121324,https://www.bizinfo.go.kr/sii/siia/selectSIIA200Detail.do?pblancId=PBLN_000000000121324
biz,PBLN_000000000121323,[광주] 2026년 말레이시아 K-소비재 유통망 입점 사업 모집 공고,"<p>광주광역시와 KOTRA광주전남지원본부는 관내 중소기업의 수출 확대 및 시장 다변화를 위해 「2026 광주광역시 말레이시아 K-소비재 유통망 입점」 계획을 아래와 같이 공고하오니 많은 참가 바랍니다.</p><p><br></p><p style=""line-height: 1.8;"">☞ 광주광역시 소재(본사 또는 공장) 수출유망 중소기업</p><p style=""line-height: 1.8;"">- 2025년도 수출 실적 2,000만$ 이하 중소기업</p><p><br></p><p style=""line-height: 1.8;"">☞ 수출상담회, 유통망 입점 및 판촉 지원</p><p style=""line-height: 1.8;"">- 바이어 발굴, 상담장 임차, 통역, 항공료(50~70%, 참여횟수별 차등지원)현지 유통망 입점 및 판촉 지원(무역관 수용 시)</p>",판로/수출,KOTRA광주전남지원본부,산업통상부,중소기업,시장개척,,,,,"이메일 접수 (kotragj@kotra.or.kr)
※ 메일 발송 후 확인 전화 필수","이메일 접수 (kotragj@kotra.or.kr)
※ 메일 발송 후 확인 전화 필수",2026-04-22 ~ 2026-05-01,main,primary,False,광주2026년말레이시아k소비재유통망입점사업모집공고|kotra광주전남지원본부|20260422~20260501,광주2026년말레이시아k소비재유통망입점사업모집공고,kotra광주전남지원본부,20260422~20260501,www.bizinfo.go.kr/sii/siia/selectsiia200detail.do?pblancid=pbln_000000000121323,https://www.bizinfo.go.kr/sii/siia/selectSIIA200Detail.do?pblancId=PBLN_000000000121323
biz,PBLN_000000000121322,2026년 과학기술정보통신부 차세대 특화망 융합서비스 확산 사업 재공고,"<p>과학기술정보통신부와 한국방송통신전파진흥원은 全산업분야의 디지털ㆍ인공지능 전환 촉진을 통한 국내 산업 경쟁력 제고를 위해「2026년 차세대 특화망 융합서비스 산업 확산」 사업을 다음과 같이 재공고하오니 많은 관심과 참여 바랍니다.</p><p><br></p><p style=""line-height: 1.8;"">☞ 차세대 특화망을 활용하여 민간ㆍ산업 분야에 융합서비스 개발 및 선도 적용을 위한 공급기업ㆍ기관과 수요기업ㆍ기관 간 컨소시엄</p><p style=""line-height: 1.8;"">※ 자세한 지원대상 공고문 참조</p><p><br></p><p style=""line-height: 1.8;"">☞ 2개 과제, 총 8억원 이내 지원</p><p style=""line-height: 1.8;"">- (코어 공유형) 수요기업 간 코어 공유형 차세대 특화망 구축 및 운영 실증</p><p style=""line-height: 1.8;"">- (동일 구축모델 적용형) 2개 수요기업별 독립 코어 기반으로 동일한 망 구축모델을 적용하는 특화망 구축 및 운영 실증</p><p style=""line-height: 1.8;"">- 총 4억원 이내 지원(수요기업 2개 선정, 기업 당 2억원 매칭지원)</p>",기술,한국방송통신전파진흥원,과학기술정보통신부,중소기업,공동기술개발,,,,,온라인 접수 (KCA 이음5G지원포털),온라인 접수 (KCA 이음5G지원포털),2026-04-23 ~ 2026-05-04,main,primary,False,2026년과학기술정보통신부차세대특화망융합서비스확산사업재공고|한국방송통신전파진흥원|20260423~20260504,2026년과학기술정보통신부차세대특화망융합서비스확산사업재공고,한국방송통신전파진흥원,20260423~20260504,www.bizinfo.go.kr/sii/siia/selectsiia200detail.do?pblancid=pbln_000000000121322,https://www.bizinfo.go.kr/sii/siia/selectSIIA200Detail.do?pblancId=PBLN_000000000121322
biz,PBLN_000000000121321,[광주] 북구 2026년 중소기업 판로개척 바우처 지원사업 참가업체 모집 공고,"<p>광주광역시 북구와 (재)광주경제진흥상생일자리재단에서는 북구 중소기업의 경쟁력 강화와 판로개척을 위해 「북구 중소기업 판로개척 바우처 지원사업」에 참여할 업체를 아래와 같이 모집하오니, 관심 있는 기업들의 많은 참여 바랍니다.</p><p><br></p><p>☞ 전년도 수출 2,000만불 이하 북구 관내 중소기업</p><p><br></p><p style=""line-height: 1.8;"">☞ 기업이 자율ㆍ복수선택 가능한 판로개척 사업 5종 중 최대 2종 선택(기업당 6,000천원 한도 내) 지원</p><p style=""line-height: 1.8;"">- 수출기업 홍보물, 통ㆍ번역, 국내외 전시 박람회 개별참가, 국내외 규격인증, 해외물류비 지원</p>",판로/수출,광주경제진흥상생일자리재단,광주광역시,중소기업,시장개척,,,,,"이메일 접수 (gepa2622@naver.com)
 ※ 이메일 접수시 메일 발송 후 담당자에게 수신여부 확인 요망","이메일 접수 (gepa2622@naver.com)
 ※ 이메일 접수시 메일 발송 후 담당자에게 수신여부 확인 요망",2026-04-17 ~ 2026-05-15,main,primary,False,광주북구2026년중소기업판로개척바우처지원사업참가업체모집공고|광주경제진흥상생일자리재단|20260417~20260515,광주북구2026년중소기업판로개척바우처지원사업참가업체모집공고,광주경제진흥상생일자리재단,20260417~20260515,www.bizinfo.go.kr/sii/siia/selectsiia200detail.do?pblancid=pbln_000000000121321,https://www.bizinfo.go.kr/sii/siia/selectSIIA200Detail.do?pblancId=PBLN_000000000121321
biz,PBLN_000000000121320,2026년 산림 공공데이터ㆍAI 활용 창업경진대회 안내 공고,"<p>산림 공공데이터와 인공지능(AI) 기반 창의적 아이디어 발굴을 통한 창업 생태계 조성 및 산림분야 데이터 활용 촉진을 위해 「2026년 산림 공공데이터ㆍAI 활용 창업경진대회」를 다음과 같이 공고하오니 많은 참여 바랍니다.</p><p><br></p><p style=""line-height: 1.8;"">☞ 개인, 팀, 기업 등 관심 있는 국민 누구나</p><p style=""line-height: 1.8;"">- 공모부문 : 산림 인공지능(AI) 기술과 공공데이터를 활용한 제품 및 서비스 개발, 아이디어 기획(2개 부문)</p><p><br></p><p>☞ 제품 및 서비스 개발, 아이디어 기획 시상 및 상금 지원</p>",창업,한국임업진흥원,산림청,창업벤처,사업화지원,,,,,온라인 접수 (구글 폼),온라인 접수 (구글 폼),2026-04-17 ~ 2026-06-19,main,primary,False,2026년산림공공데이터ㆍai활용창업경진대회안내공고|한국임업진흥원|20260417~20260619,2026년산림공공데이터ㆍai활용창업경진대회안내공고,한국임업진흥원,20260417~20260619,www.bizinfo.go.kr/sii/siia/selectsiia200detail.do?pblancid=pbln_000000000121320,https://www.bizinfo.go.kr/sii/siia/selectSIIA200Detail.do?pblancId=PBLN_000000000121320
biz,PBLN_000000000121319,[경북] 포항시 2026년 신중년 고용지원사업 참여기업 모집 공고,"<p>포항시와 경북경제진흥원에서는 「2026년 포항시 신중년 고용지원사업」을 추진하고 있습니다. 참여를 희망하시는 기업은 신청하여 주시기 바랍니다.</p><p><br></p><p style=""line-height: 1.8;"">☞ 포항시 소재 중소기업 및 소상공인</p><p style=""line-height: 1.8;"">- 포항시 소재 기업이며, 「중소기업기본법」 제2조 및 「조세특례제한법시행령」제2조에 해당하는 중소기업</p><p style=""line-height: 1.8;"">- 포항에 사업장을 둔 「소상공인기본법 제2조」에 해당 하는 소상공인 사업자</p><p><br></p><p style=""line-height: 1.8;"">☞ 신중년 인력을 신규 채용하는 중소기업 및 소상공인사업자에게 채용근로자 인건비 지원</p><p style=""line-height: 1.8;"">※신규채용 기준 : 26년 1월 1일 이후 입사, 4대 사회보험 가입일 기준</p><p style=""line-height: 1.8;"">- 채용근로자 1명당 월 최대 70만원 지원</p><p style=""line-height: 1.8;"">- 업체당 최대 3명 지원</p><p style=""line-height: 1.8;"">- 지원기간 : 26.1.1 ~ 26.11.30. 기간 중 최대 10개월 (※선정시 소급지원)</p>",인력/일자리,경상북도경제진흥원,경상북도,중소기업,국내일반인력,,,,,"이메일 접수 및 방문 접수
- 이메일 : gagol173@nate.com
- 접수처 : 포항시 남구 희망대로 859 2층, 경북경제진흥원 동부지소
※ 접수시 “제출서류”를 순서대로 묶어 1개의 PDF 파일로 제출
※ 신청 후 반드시 접수여부 확인 요망","이메일 접수 및 방문 접수
- 이메일 : gagol173@nate.com
- 접수처 : 포항시 남구 희망대로 859 2층, 경북경제진흥원 동부지소
※ 접수시 “제출서류”를 순서대로 묶어 1개의 PDF 파일로 제출
※ 신청 후 반드시 접수여부 확인 요망",2026-04-24 ~ 2026-05-08,main,primary,False,경북포항시2026년신중년고용지원사업참여기업모집공고|경상북도경제진흥원|20260424~20260508,경북포항시2026년신중년고용지원사업참여기업모집공고,경상북도경제진흥원,20260424~20260508,www.bizinfo.go.kr/sii/siia/selectsiia200detail.do?pblancid=pbln_000000000121319,https://www.bizinfo.go.kr/sii/siia/selectSIIA200Detail.do?pblancId=PBLN_000000000121319
biz,PBLN_000000000121318,제12회 광주광역시 공공데이터ㆍAI 활용  창업경진대회 참가자 모집공고,"<p>AI를 활용한 공공데이터 기반 아이디어 기획 및 서비스 개발을 통해 공공데이터 활용한 창업을 촉진하고자 아래와 같이 “제12회 광주광역시 공공데이터ㆍAI 활용 창업경진대회”를 개최하오니 많은 관심과 참여를 바랍니다.</p><p><br></p><p style=""line-height: 1.8;"">☞ 7년 이내 창업자, 일반인, 대학생 등 ※지역 제한 없음</p><p style=""line-height: 1.8;"">- (아이디어 기획) 공공데이터와 AI를 모두 활용한 창의적 아이디어를 보유한 일반인, 대학생, (예비)창업자 등</p><p style=""line-height: 1.8;"">- (제품ㆍ서비스 개발) 공공데이터와 AI를 모두 활용한 제품ㆍ서비스를 개발한 (예비)창업자 </p><p><br></p><p style=""line-height: 1.8;"">☞ 아이디어 기획 분야, 제품ㆍ서비스 개발 분야 시상 지원</p><p style=""line-height: 1.8;"">- 부문별 상위 1개팀 통합본선(행정안전부 주관) 진출 자격 부여</p><p style=""line-height: 1.8;"">- 아이디어 및 기술지원 컨설팅(통합본선 전까지)</p><p style=""line-height: 1.8;"">- 공공데이터포털 활용사례에 등록·홍보 지원</p>",경영,광주창조경제혁신센터,광주광역시,창업벤처,디자인/상품화/사업화,,,,,이메일 접수 (gccei062@gmail.com),이메일 접수 (gccei062@gmail.com),2026-04-23 ~ 2026-05-24,main,primary,False,제12회광주광역시공공데이터ㆍai활용창업경진대회참가자모집공고|광주창조경제혁신센터|20260423~20260524,제12회광주광역시공공데이터ㆍai활용창업경진대회참가자모집공고,광주창조경제혁신센터,20260423~20260524,www.bizinfo.go.kr/sii/siia/selectsiia200detail.do?pblancid=pbln_000000000121318,https://www.bizinfo.go.kr/sii/siia/selectSIIA200Detail.do?pblancId=PBLN_000000000121318
biz,PBLN_000000000121317,[인천] 2026년 글로벌 사업화 지원 참여기업 모집 공고(녹색기후산업 육성ㆍ지원 사업),"<p>인천광역시와 (재)인천테크노파크에서 추진하는 2026년 녹색기후산업 육성ㆍ지원 사업과 관련하여 글로벌 사업화를 위한 중소기업의 국내외 전시회 참가, 기술(제품) 인증 및 시험평가, 지적재산권 확보(등록), 기술이전 수수료를 지원합니다. 참여를 희망하는 인천지역 내 중소기업은 관련 규정과 절차에 따라 신청하여 주시기 바랍니다. </p><p><br></p><p style=""line-height: 1.8;"">☞ 녹색기후산업 관련 기술/제품을 보유한 업력 1년 이상의 인천소재 중소기업(중소기업 기본법 제2조 규정에 의한 중소기업)</p><p style=""line-height: 1.8;"">-  2026년 1월 ~ 11월 중 국내외 전시회 참가/기술인증 획득/성능평가/특허등록/기술이전을 완료한 기업 또는 진행할 예정에 있는 기업</p><p><br></p><p style=""line-height: 1.8;"">☞ 국내외 전시회 참가비 지원(국내외 홍보, 마케팅)</p><p style=""line-height: 1.8;"">- 환경기술 인증 및 시험 평가 비용 지원</p><p style=""line-height: 1.8;"">- 지적재산권 확보 비용 지원(특허등록료)</p><p style=""line-height: 1.8;"">- 기술이전에 필요한 행정 수수료 등 비용 지원</p>",경영,인천테크노파크,인천광역시,중소기업,디자인/상품화/사업화,,,,,온라인 접수 (비즈오케이),온라인 접수 (비즈오케이),2026-04-23 ~ 2026-05-22,main,primary,False,인천2026년글로벌사업화지원참여기업모집공고|인천테크노파크|20260423~20260522,인천2026년글로벌사업화지원참여기업모집공고,인천테크노파크,20260423~20260522,www.bizinfo.go.kr/sii/siia/selectsiia200detail.do?pblancid=pbln_000000000121317,https://www.bizinfo.go.kr/sii/siia/selectSIIA200Detail.do?pblancId=PBLN_000000000121317
biz,PBLN_000000000121314,[경북] 포항시 2026년 일자리 공감페이(Pay) 참여기업 모집 공고,"<p>포항시와 경상북도경제진흥원은 고용 환경 개선 및 우수인력 일자리 창출을 위해 「2026년 포항시 일자리 공감페이(Pay)」사업을 아래와 같이 공고하오니 관심 있는 기업의 많은 참여를 바랍니다.</p><p><br></p><p>☞ 2025. 10. 1.이후 청년 신규 채용 및 고용 유지를 하고 있는 포항시 소재 중소기업</p><p><br></p><p style=""line-height: 1.8;"">☞ 근로 환경 개선 및 직원 복지시설 관련 경비 지원</p><p style=""line-height: 1.8;"">- 1개사 당 200만원, 최대 700만원 한도 지원</p>",인력/일자리,경상북도경제진흥원,경상북도,중소기업,작업환경개선,,,,,"이메일 접수 (summerseol@gepa.kr)
※ 이메일 접수 후 반드시 담당자에게 유선 확인 요망","이메일 접수 (summerseol@gepa.kr)
※ 이메일 접수 후 반드시 담당자에게 유선 확인 요망",예산 소진시까지,main,primary,False,경북포항시2026년일자리공감페이참여기업모집공고|경상북도경제진흥원|,경북포항시2026년일자리공감페이참여기업모집공고,경상북도경제진흥원,,www.bizinfo.go.kr/sii/siia/selectsiia200detail.do?pblancid=pbln_000000000121314,https://www.bizinfo.go.kr/sii/siia/selectSIIA200Detail.do?pblancId=PBLN_000000000121314
biz,PBLN_000000000121312,[경북] 2026년 지역기업 성장사다리 지원사업 통합 공고,"<p>2026년도 중소벤처기업부와 경상북도가 지원하는 지역기업 성장사다리 지원사업 수행자로 지정된 경북ㆍ포항테크노파크에서 지원대상별 지원 프로그램을 안내하오니, 지원 프로그램별 참여를 희망하는 경북 지역 중소기업의 많은 신청 바랍니다.</p><p><br></p><p style=""line-height: 1.8;"">☞ 사업자등록증 상 본사가 해당 지역 내 소재하며, 경북지역 주력산업 분야(KSIC코드 첨부 必)를 영위하는 중소기업</p><p style=""line-height: 1.8;"">※ 지사, 공장, 연구소만 해당 지역에 소재한 경우 신청 불가(반드시 본사 소재지 기준)</p><p style=""line-height: 1.8;"">※ 「지역중소기업법」상의 지역중소기업 또는 중소기업협동조합</p><p><br></p><p style=""line-height: 1.8;"">☞ 4개 지원대상 13개 지원 프로그램 지원</p><p style=""line-height: 1.8;"">- 기술혁신, 기술이전, 기술지도, 시험분석, 인증, 특허, 시제품제작, 제품고급화, 디자인, 시장조사, 홍보, 전시회, 컨설팅</p><p style=""line-height: 1.8;"">※ 자세한 지원내용 공고문 참조</p>",경영,경북테크노파크,중소벤처기업부,중소기업,디자인/상품화/사업화,,,,,"온라인 접수 (지역특화산업육성 기업지원사업 관리시스템)
※ 자세한 신청방법 공고문 참조","온라인 접수 (지역특화산업육성 기업지원사업 관리시스템)
※ 자세한 신청방법 공고문 참조",2026-04-22 ~ 2026-05-08,main,primary,False,경북2026년지역기업성장사다리지원사업통합공고|경북테크노파크|20260422~20260508,경북2026년지역기업성장사다리지원사업통합공고,경북테크노파크,20260422~20260508,www.bizinfo.go.kr/sii/siia/selectsiia200detail.do?pblancid=pbln_000000000121312,https://www.bizinfo.go.kr/sii/siia/selectSIIA200Detail.do?pblancId=PBLN_000000000121312
biz,PBLN_000000000121311,[광주] 2026년 융ㆍ복합 가전산업 고용 안착 활성화 지원 사업  참여기업(참여자) 모집 공고,"<p>광주광역시 내 융ㆍ복합 가전 및 전후방 산업 현장의 구인난을 해소하고, 근로자의 장기 근속을 지원하기 위해 「2026년 융 복합 가전산업 고용 안착 활성화 지원」사업을 다음과 같이 공고합니다.</p><p><br></p><p>☞ 광주광역시 소재 융ㆍ복합 가전 및 전후방 연관 기업</p><p>※ 자세한 지원대상 공고문 참조</p><p><br></p><p style=""line-height: 1.8;"">☞ 든든 버팀 안착 지원 : 신규 채용 인건비(기업) 및 근속 축하금(근로자) 지원</p><p style=""line-height: 1.8;"">- 현장 이음 상생 지원 : 고용 안착 성공 인센티브 60만원(부사수 6개월 고용유지 시) 지원</p><p style=""line-height: 1.8;"">- 동행 마중 연계 지원 : 면접비, 취업 성공 축하금, 현장소통 간담회비 지원</p>",인력/일자리,광주경영자총협회,광주광역시,중소기업,고용유지,,,,,이메일 접수 (smkim@gjef.or.kr),이메일 접수 (smkim@gjef.or.kr),예산 소진시까지,main,primary,False,광주2026년융ㆍ복합가전산업고용안착활성화지원사업참여기업모집공고|광주경영자총협회|,광주2026년융ㆍ복합가전산업고용안착활성화지원사업참여기업모집공고,광주경영자총협회,,www.bizinfo.go.kr/sii/siia/selectsiia200detail.do?pblancid=pbln_000000000121311,https://www.bizinfo.go.kr/sii/siia/selectSIIA200Detail.do?pblancId=PBLN_000000000121311
biz,PBLN_000000000121310,2026년 미국 실리콘밸리 국제발명페스티벌 참가 모집 공고,"<p>2026년 미국 실리콘밸리 국제발명페스티벌(SVIIF 2026) 출품 참가기업 모집 공고를 첨부와 같이 안내드리오니 많은 관심과 참여 바랍니다.</p><p><br></p><p>☞ 대한민국 국민(개인 및 중소기업)이 개발한 발명으로서 특허, 실용신안, 디자인으로 등록 또는 출원 중인 발명품</p><p><br></p><p>☞ 부스비의 최저 금액을 출품보조금으로 지원(210만원 이내)</p>",판로/수출,한국발명진흥회,지식재산처,중소기업,해외진출준비,,,,,온라인 접수(한국발명진흥회),온라인 접수(한국발명진흥회),2026-04-20 ~ 2026-07-03,main,primary,False,2026년미국실리콘밸리국제발명페스티벌참가모집공고|한국발명진흥회|20260420~20260703,2026년미국실리콘밸리국제발명페스티벌참가모집공고,한국발명진흥회,20260420~20260703,www.bizinfo.go.kr/sii/siia/selectsiia200detail.do?pblancid=pbln_000000000121310,https://www.bizinfo.go.kr/sii/siia/selectSIIA200Detail.do?pblancId=PBLN_000000000121310
biz,PBLN_000000000121309,[부산] 2026년 히든챔피언 육성사업 지원기업 모집 공고,"<p>성장잠재력과 혁신성을 겸비하고 부산지역 경제의 미래를 견인하는 우수 중소·중견기업 발굴 및 육성을 위하여 「2026년 부산형 히든챔피언 육성사업」을 아래와 같이 공고하오니, 참여를 희망하는 기업은 절차에 따라 신청하여 주시기 바랍니다.</p><p><br></p><p style=""line-height: 1.8;"">☞ 본사 기준 부산광역시 소재 9대 전략산업 관련 중소ㆍ중견기업(법인기업)</p><p style=""line-height: 1.8;"">※ 9대 전략산업 : 디지털테크, 에너지테크, 바이오헬스, 미래모빌리티, 융합부품소재, 라이프스타일, 해양, 금융, 문화관광</p><p><br></p><p style=""line-height: 1.8;"">☞ 부산형 히든챔피언 기업 선정 인증기간 3년</p><p style=""line-height: 1.8;"">- 지원(1~2년차) : 선정 후 지원 평가결과에 따라 기업별 차등 지원(41~50백만원/년 내외)</p><p style=""line-height: 1.8;"">- 지원(3년차) : 지원기업 레벨업 기획 컨설팅 지원(15백만원/년 내외)</p><p style=""line-height: 1.8;"">- 지원 프로그램 : 사업화(R&D 지원ㆍ기획, 마케팅, 지식재산, 컨설팅 및 시장조사, 교육 등) 지원</p><p style=""line-height: 1.8;"">※ 자세한 지원내용 공고문 참조</p>",경영,부산테크노파크,부산광역시,중소기업,디자인/상품화/사업화,,,,,"방문 또는 우편 접수
- 접수처 :  (47046) 부산시 사상구 엄궁로 70-16(엄궁동), (재)부산테크노파크 2층 기업지원단(211호)
※ 작성파일 이메일 별도 제출 (mhseo@btp.or.kr)","방문 또는 우편 접수
- 접수처 :  (47046) 부산시 사상구 엄궁로 70-16(엄궁동), (재)부산테크노파크 2층 기업지원단(211호)
※ 작성파일 이메일 별도 제출 (mhseo@btp.or.kr)",2026-05-07 ~ 2026-05-11,main,primary,False,부산2026년히든챔피언육성사업지원기업모집공고|부산테크노파크|20260507~20260511,부산2026년히든챔피언육성사업지원기업모집공고,부산테크노파크,20260507~20260511,www.bizinfo.go.kr/sii/siia/selectsiia200detail.do?pblancid=pbln_000000000121309,https://www.bizinfo.go.kr/sii/siia/selectSIIA200Detail.do?pblancId=PBLN_000000000121309
biz,PBLN_000000000121308,2026년 2차 뿌리산업 혁신공정장비 개발사업 신규지원 대상과제 공고,"<p>2026년도 뿌리산업 혁신공정장비 개발사업 신규 지원대상 연구개발과제를 다음과 같이 공고하오니 수행하고자 하는 자는 신청하여 주시기 바랍니다.</p><p><br></p><p style=""line-height: 1.8;"">☞ 주관연구개발기관 및 공동연구개발기관</p><p style=""line-height: 1.8;"">- 기업, 대학, 연구기관, 연구조합, 사업자단체, 의료기관 등</p><p style=""line-height: 1.8;"">※ 자세한 지원대상 공고문 참조</p><p><br></p><p style=""line-height: 1.8;"">☞ 뿌리산업 혁신공정장비 개발 연구개발비 지원</p><p style=""line-height: 1.8;"">※ 자세한 지원내용 공고문 참조</p>",기술,한국산업기술기획평가원,산업통상부,중소기업,공동기술개발,,,,,온라인 접수(범부처통합연구지원시스템),온라인 접수(범부처통합연구지원시스템),2026-04-21 ~ 2026-05-06,main,primary,False,2026년2차뿌리산업혁신공정장비개발사업신규지원대상과제공고|한국산업기술기획평가원|20260421~20260506,2026년2차뿌리산업혁신공정장비개발사업신규지원대상과제공고,한국산업기술기획평가원,20260421~20260506,www.bizinfo.go.kr/sii/siia/selectsiia200detail.do?pblancid=pbln_000000000121308,https://www.bizinfo.go.kr/sii/siia/selectSIIA200Detail.do?pblancId=PBLN_000000000121308
biz,PBLN_000000000121307,2026년 수산물 직매장 설치 및 창업지원 플랫폼 구축 관련 수산물 직매장 창업희망자 지원 모집 연장 공고,"<p>수산물 직거래 활성화 및 수산분야 일자리 창출을 위한 해양수산부의 「‘26년도 수산물 직매장 설치 및 창업지원 플랫폼 구축 사업」 관련 수산물직매장을 운영할 창업희망자를 아래와 같이 모집합니다. </p><p><br></p><p style=""line-height: 1.8;"">☞ 수산물 직매장(Sh어부세상) 가맹점을 개설할 창업자</p><p style=""line-height: 1.8;"">- 수산물 직매장 창업을 희망하는 자</p><p style=""line-height: 1.8;"">- 모집지역(가맹점 개설 지역) : 서울, 경기, 인천, 강원도 원주, 춘천</p><p><br></p><p style=""line-height: 1.8;"">☞ 창업교육 (1인당 5백만원 한도) 지원 및 수산물 직매장 개설(점포당 최대 8,000만원 이내) 지원</p><p style=""line-height: 1.8;"">※ 자세한 지원내용 공고문 참조</p>",창업,수협유통,해양수산부,창업벤처,예비창업자지원,,,,,"온라인 및 이메일 접수
- 온라인 : e나라도움
- 이메일 : nffcfcl@suhyup.co.kr","온라인 및 이메일 접수
- 온라인 : e나라도움
- 이메일 : nffcfcl@suhyup.co.kr",2026-04-06 ~ 2026-05-10,main,primary,False,2026년수산물직매장설치및창업지원플랫폼구축관련수산물직매장창업희망자지원모집연장공고|수협유통|20260406~20260510,2026년수산물직매장설치및창업지원플랫폼구축관련수산물직매장창업희망자지원모집연장공고,수협유통,20260406~20260510,www.bizinfo.go.kr/sii/siia/selectsiia200detail.do?pblancid=pbln_000000000121307,https://www.bizinfo.go.kr/sii/siia/selectSIIA200Detail.do?pblancId=PBLN_000000000121307
biz,PBLN_000000000121306,2026년 1차 섬유산업 지능형 마이크로팩토리 제조 플랫폼 실증기반 구축사업 I-Tube 기술지원 서비스 참여기업 모집 공고,"<p>한국생산기술연구원(주관기관)과 한국섬유개발연구원, 한국섬유산업연합회에서는 온디맨드 섬유패션산업 실현을 위한 지능형 마이크로팩토리 제조혁신 모델을 산업계에 보급·확산하는 사업을 추진하고 있습니다. 본 사업의 일환으로 테크패션 제품 관련 기업에 I-Tube 플랫폼을 활용하여 서비스를 지원하고자 하니 본 사업에 참여를 희망하는 기업은 아래 공고 내용에 따라 많은 신청 바랍니다.</p><p><br></p><p>☞ 테크패션 분야 니트 패브릭ㆍ우븐 패브릭 및 제품 개발ㆍ전문 기업, 테크패션 분야 초창기 창업 기업</p><p><br></p><p style=""line-height: 1.8;"">☞ 테크웨어 제품 디지털 설계 기반 신제품 기획 지원 서비스, 테크웨어 우븐 패브릭 신제품 기획 서비스 지원</p><p style=""line-height: 1.8;"">1) 테크웨어 제품 디지털 설계 기반 신제품 기획 지원 서비스 : 테크패션 관련 디지털 의류 설계 장비 및 3D 가상착의 프로그램 활용 지원</p><p style=""line-height: 1.8;"">- 디지털 기술을 활용한 시작품 제작 지원</p><p style=""line-height: 1.8;"">- 시작품 제작시 발생하는 애로사항 해결을 위한 기술 컨설팅 지원</p><p style=""line-height: 1.8;"">2) 테크웨어 우븐 패브릭 신제품 기획 서비스 : 우븐 패브릭 원단 설계를 위한 DB 및 3D 라이브러리 제공</p><p style=""line-height: 1.8;"">- 디지털 원단 설계에 필요한 솔루션 및 기술지도</p><p style=""line-height: 1.8;"">- 시제품 제작시 발생하는 원료, 설계, 후가공에 필요한 레시피 추천 등 기술 컨설팅 지원</p>",기술,한국생산기술연구원,산업통상부,중소기업,기술사업화/이전/지도,,,,,"이메일 접수
- 테크웨어 제품 디지털 설계 기반 신제품 기획 지원 서비스 : 한국생산기술연구원  chan2@kitech.re.kr
- 테크웨어 우븐 패브릭 신제품 기획 서비스 : 한국섬유개발연구원 wcjung@textile.or.kr","이메일 접수
- 테크웨어 제품 디지털 설계 기반 신제품 기획 지원 서비스 : 한국생산기술연구원  chan2@kitech.re.kr
- 테크웨어 우븐 패브릭 신제품 기획 서비스 : 한국섬유개발연구원 wcjung@textile.or.kr",2026-04-20 ~ 2026-05-15,main,primary,False,2026년1차섬유산업지능형마이크로팩토리제조플랫폼실증기반구축사업itube기술지원서비스참여기업모집공고|한국생산기술연구원|20260420~20260515,2026년1차섬유산업지능형마이크로팩토리제조플랫폼실증기반구축사업itube기술지원서비스참여기업모집공고,한국생산기술연구원,20260420~20260515,www.bizinfo.go.kr/sii/siia/selectsiia200detail.do?pblancid=pbln_000000000121306,https://www.bizinfo.go.kr/sii/siia/selectSIIA200Detail.do?pblancId=PBLN_000000000121306
biz,PBLN_000000000121305,[전남] 2026년 지역기업 성장사다리 지원사업 통합 공고,"<p>2026년 중소벤처기업부와 전라남도가 지원하는 지역기업 성장사다리 지원사업 수행자로 지정된 전남테크노파크에서 지원대상별 지원 프로그램을 안내하오니, 지원 프로그램별 참여를 희망하는 전남지역 중소기업의 많은 신청 바랍니다.</p><p><br></p><p>☞ 전남지역 내 소재한 중소기업으로 전남 주력산업 분야 KSIC 코드 보유 또는 연관 중소기업</p><p><br></p><p style=""line-height: 1.8;"">☞ 총 3개 Track, 9개 지원대상별 프로그램 운영 지원</p><p style=""line-height: 1.8;"">- 성장단계형 지원 프로그램(기업당 최대 40백만원 이내) 지원</p><p style=""line-height: 1.8;"">- 산업특화 지원 프로그램(기업당 최대 30백만원 이내) 지원</p><p style=""line-height: 1.8;"">- 수출 지원 프로그램(기업당 최대 10백만원 이내) 지원</p><p style=""line-height: 1.8;"">※ 자세한 지원내용 공고문 참조</p>",기술,전남테크노파크,중소벤처기업부,중소기업,기술사업화/이전/지도,,,,,온라인 접수 (기업지원사업 관리시스템),온라인 접수 (기업지원사업 관리시스템),2026-04-22 ~ 2026-05-08,main,primary,False,전남2026년지역기업성장사다리지원사업통합공고|전남테크노파크|20260422~20260508,전남2026년지역기업성장사다리지원사업통합공고,전남테크노파크,20260422~20260508,www.bizinfo.go.kr/sii/siia/selectsiia200detail.do?pblancid=pbln_000000000121305,https://www.bizinfo.go.kr/sii/siia/selectSIIA200Detail.do?pblancId=PBLN_000000000121305
biz,PBLN_000000000121304,[강원] 2026년 (예비)사회적기업 일자리 창출사업 참여기업 변경 공고,"<p>「고용정책기본법」제28조,「사회적기업육성법」제14조 및 고용노동부 사회적기업 재정지원사업 업무지침」에 따라 2026년 (예비)사회적기업 일자리 창출사업 참여기업을 다음과 같이 모집합니다.</p><p><br></p><p style=""line-height: 1.8;"">☞ 2026년 2. 28.(토)기준 유급근로자(자체 고용근로자)를 1명 이상 고용하고 있는 강원특별자치도 소재 인증사회적기업 및 예비사회적기업(지역형, 부처형)</p><p style=""line-height: 1.8;"">- 상시근로자 수 30인 미만 인증 또는 예비사회적기업</p><p style=""line-height: 1.8;"">※ 상시근로자 수 30인 이상 기업 중 SVI 평가 ‘탁월’, ‘우수’ 기업은 예외적으로 지원</p><p><br></p><p style=""line-height: 1.8;"">☞ 사회적기업 육성법 시행령 제2조에 따른 취약계층 또는 국민취업지원제도 참여자인 근로자 신규 채용 시 임금의 정액 지원</p><p style=""line-height: 1.8;"">※ 지원금액 : SVI 평가결과에 따라 기업별 차등 지급</p><p style=""line-height: 1.8;"">※ 자세한 지원내용 공고문 참조</p>",인력/일자리,기초자치단체,강원특별자치도,사회적기업,고용유지,,,,,온라인 접수(사회적기업 통합사업관리시스템),온라인 접수(사회적기업 통합사업관리시스템),2026-04-20 ~ 2026-05-05,main,primary,False,강원2026년사회적기업일자리창출사업참여기업변경공고|기초자치단체|20260420~20260505,강원2026년사회적기업일자리창출사업참여기업변경공고,기초자치단체,20260420~20260505,www.bizinfo.go.kr/sii/siia/selectsiia200detail.do?pblancid=pbln_000000000121304,https://www.bizinfo.go.kr/sii/siia/selectSIIA200Detail.do?pblancId=PBLN_000000000121304
biz,PBLN_000000000121303,2026년 하반기 독립예술영화 제작지원(장편 극영화 부문) 사업 추가 접수 공고,"<p>참신하고 독창적인 우수 독립예술영화 발굴 및 영화문화 다양성 기여와 한국 독립예술영화 창작의 자율성과 예술성을 보장하고 안정적인 창작 환경을 조성하기 위해 독립예술영화(장편 극영화 부문) 제작을 지원해드리는 사업입니다.</p><p><br></p><p style=""line-height: 1.8;"">☞ 국내 독립예술영화 제작사 또는 연출자</p><p style=""line-height: 1.8;"">- 순제작비 10억 원 미만의 장편 실사 극영화(60분 이상)</p><p style=""line-height: 1.8;"">※ 일반부문, 신인부문 신청자격 상이, 자세한 사항 공고문 참조</p><p><br></p><p style=""line-height: 1.8;"">☞ 독립예술영화 제작비(사전제작, 제작, 후반제작) 지원</p><p style=""line-height: 1.8;"">※ 편당 지원내용 상이, 자세한 사항 공고문 참조</p>",경영,영화진흥위원회,문화체육관광부,중소기업,디자인/상품화/사업화,,,,,온라인 접수 (영화진흥위원회 홈페이지),온라인 접수 (영화진흥위원회 홈페이지),2026-04-21 ~ 2026-05-06,main,primary,True,2026년하반기독립예술영화제작지원사업추가접수공고|영화진흥위원회|20260421~20260506,2026년하반기독립예술영화제작지원사업추가접수공고,영화진흥위원회,20260421~20260506,www.bizinfo.go.kr/sii/siia/selectsiia200detail.do?pblancid=pbln_000000000121303,https://www.bizinfo.go.kr/sii/siia/selectSIIA200Detail.do?pblancId=PBLN_000000000121303
biz,PBLN_000000000121301,[전남] 보성군 2026년 스타기업 및 일자리 키움 기업 모집 공고,"<p>보성군 소재 기술기반 벤처ㆍ중소기업을 발굴하고 집중 지원하여 지역을 대표하는 기업으로 육성하고자 2026년도 보성군 스타 기업 및 일자리 키움 기업을 모집하오니, 관심 있는 기업의 많은 신청 바랍니다.</p><p><br></p><p style=""line-height: 1.8;"">☞ 공고일 현재, 본사 또는 사업장(지사, 공장 등)이 보성군에 소재하여 정상가동 중인 기업으로, 기술경쟁력ㆍ사업성 등 성장잠재력이 높은 벤처ㆍ중소기업</p><p style=""line-height: 1.8;"">- 산업분야 : 표준산업분류 제조업으로 등록된 기업</p><p><br></p><p style=""line-height: 1.8;"">☞ 스타기업(최대 50백만원), 일자리키움기업(최대 25백만원), 전시회 참가(최대 3백만원) 지원 프로그램 지원</p><p style=""line-height: 1.8;"">- 스타기업 및 일자리 키움 기업 : 시제품제작, 제품고급화, 성능시험 및 인증, 시험평가 및 장비활용, 공정개선, 마케팅, 디자인 지원</p><p style=""line-height: 1.8;"">- 전시회 참가 : 국내 전시회 참가 지원</p>",경영,전남테크노파크,전라남도,중소기업,디자인/상품화/사업화,,,,,온라인 접수 (전남테크노파크 기업혁신성장플랫폼),온라인 접수 (전남테크노파크 기업혁신성장플랫폼),2026-04-27 ~ 2026-05-08,main,primary,False,전남보성군2026년스타기업및일자리키움기업모집공고|전남테크노파크|20260427~20260508,전남보성군2026년스타기업및일자리키움기업모집공고,전남테크노파크,20260427~20260508,www.bizinfo.go.kr/sii/siia/selectsiia200detail.do?pblancid=pbln_000000000121301,https://www.bizinfo.go.kr/sii/siia/selectSIIA200Detail.do?pblancId=PBLN_000000000121301
biz,PBLN_000000000121300,"2026년 혁신프리미어 1,000 방위산업 분야 대상기업 선정 공고","<p>제9차 정책금융지원협의회에 따라 방위사업청은 금융위원회, 정책금융기관과 협력을 통해 방산 혁신성장 분야 기업 중 일부를 “혁신프리미어 1,000 기업”으로 선정할 예정입니다. 동 사업의 방위산업 분야 대상기업 선정을 위해 다음과 같이 공고를 실시합니다.</p><p><br></p><p style=""line-height: 1.8;"">☞ 영위사업이 혁신성장공동기준에 부합하며, 금융지원 결격사유가 없는 중소ㆍ중견기업</p><p style=""line-height: 1.8;"">※ 자세한 지원대상 공고문 참조</p><p><br></p><p style=""line-height: 1.8;"">☞ 기업 운영 전반에 필요한 자금을 대출ㆍ보증ㆍ투자의 형태로 지원</p><p style=""line-height: 1.8;"">- 민간투자 유치ㆍ해외판로 개척ㆍ박람회 참여 지원 및 맞춤형 컨설팅 지원</p>",자금,국방기술진흥연구소,방위사업청,중소기업,보험(수출+무역),,,,,"이메일 접수 (parksuyeon@krit.re.kr)
※ [준수요망] 이메일 제목 : [혁프] 혁신프리미어1,000 선정신청 (기업명) 
※ 일부 회사 메일의 경우, 정상 수신이 안되는 경우가 발생하니 접수 여부 전화 확인 필요 (042-259-9832)","이메일 접수 (parksuyeon@krit.re.kr)
※ [준수요망] 이메일 제목 : [혁프] 혁신프리미어1,000 선정신청 (기업명) 
※ 일부 회사 메일의 경우, 정상 수신이 안되는 경우가 발생하니 접수 여부 전화 확인 필요 (042-259-9832)",2026-04-20 ~ 2026-05-07,main,primary,False,2026년혁신프리미어1000방위산업분야대상기업선정공고|국방기술진흥연구소|20260420~20260507,2026년혁신프리미어1000방위산업분야대상기업선정공고,국방기술진흥연구소,20260420~20260507,www.bizinfo.go.kr/sii/siia/selectsiia200detail.do?pblancid=pbln_000000000121300,https://www.bizinfo.go.kr/sii/siia/selectSIIA200Detail.do?pblancId=PBLN_000000000121300
biz,PBLN_000000000121299,[강원] 호주(멜버른) 수출로드쇼 (수출상담회) 참가기업 모집 공고,"<p>강원특별자치도와 KOTRA 강원지원본부는 도내 수출 유망 중소ㆍ중견기업의 호주 시장 판로 개척을 위하여 아래와 같이 유통망 입점 연계 호주 수출 로드쇼(수출상담회) 사업 참가기업을 모집하오니 많은 관심과 참여 바랍니다.</p><p><br></p><p>☞ 강원특별자치도 내 본사 혹은 공장 소재 기업, BuyKorea 등록 완료 기업</p><p><br></p><p>☞ 현지 바이어 섭외 및 상담 주선 등 바이어 발굴 비용, 상담장 임차, 차량 이동, 통역 등 사업운영비 지원, 선정기업 대상 AI수출부스터 활용 바이어 발굴 추가 지원, 현지 유통망 입점 지원</p>",판로/수출,대한무역투자진흥공사,강원특별자치도,중소기업,해외진출준비,,,,,온라인 접수(무역투자24),온라인 접수(무역투자24),2026-04-20 ~ 2026-05-04,main,primary,False,강원호주수출로드쇼참가기업모집공고|대한무역투자진흥공사|20260420~20260504,강원호주수출로드쇼참가기업모집공고,대한무역투자진흥공사,20260420~20260504,www.bizinfo.go.kr/sii/siia/selectsiia200detail.do?pblancid=pbln_000000000121299,https://www.bizinfo.go.kr/sii/siia/selectSIIA200Detail.do?pblancId=PBLN_000000000121299
biz,PBLN_000000000121298,2026년 2차 미래환경산업육성융자 (온실가스배출저감설비자금) 지원사업 재공고,"<p>「2026년도 제2차 미래환경산업육성융자(온실가스배출저감설비자금) 지원사업」을 다음과 같이 공고하니, 본 사업 참여를 희망하는 기업은 접수 일정에 맞추어 신청하여 주시기 바랍니다.</p><p><br></p><p>☞ 중소ㆍ중견(환경) 기업</p><p><br></p><p>☞ 온실가스배출저감설비자금 융자 지원</p>",자금,한국환경산업기술원,기후에너지환경부,중소기업,융자,,,,,"온라인 접수 (환경기술산업 원스톱 서비스)
※ 우편 접수(서면) 및 이메일 접수 불가","온라인 접수 (환경기술산업 원스톱 서비스)
※ 우편 접수(서면) 및 이메일 접수 불가",2026-04-28 ~ 2026-04-30,main,primary,False,2026년2차미래환경산업육성융자지원사업재공고|한국환경산업기술원|20260428~20260430,2026년2차미래환경산업육성융자지원사업재공고,한국환경산업기술원,20260428~20260430,www.bizinfo.go.kr/sii/siia/selectsiia200detail.do?pblancid=pbln_000000000121298,https://www.bizinfo.go.kr/sii/siia/selectSIIA200Detail.do?pblancId=PBLN_000000000121298
biz,PBLN_000000000121297,[경북] 경주시 골든기업 육성사업 참가기업 모집 공고,"<p>경주시와 경상북도경제진흥원에서는 경주시 우수기업 발굴·육성을 통해 기업활동을 촉진하여 기업하기 좋은 경제산업도시 조성하고자 「경주시 골든기업 육성사업」을 추진하오니 많은 관심 바랍니다.</p><p><br></p><p style=""line-height: 1.8;"">☞ 경주시 소재 본점 또는 주사업장을 둔 중소기업</p><p style=""line-height: 1.8;"">※ 자세한 자격요건 공고문 참조</p><p><br></p><p>☞ 골든(Golden)기업 인증서 및 현판 수여(5년간 인증), 기업 경영활동 및 경쟁력 강화를 위한 맞춤형 사업 지원, 우대혜택 등 지원</p>",기타,경상북도경제진흥원,경상북도,중소기업,제도,,,,,이메일 접수 (osmasis@gepa.kr),이메일 접수 (osmasis@gepa.kr),2026-04-27 ~ 2026-05-11,main,primary,False,경북경주시골든기업육성사업참가기업모집공고|경상북도경제진흥원|20260427~20260511,경북경주시골든기업육성사업참가기업모집공고,경상북도경제진흥원,20260427~20260511,www.bizinfo.go.kr/sii/siia/selectsiia200detail.do?pblancid=pbln_000000000121297,https://www.bizinfo.go.kr/sii/siia/selectSIIA200Detail.do?pblancId=PBLN_000000000121297
biz,PBLN_000000000121296,[강원] 춘천시 2026년 3차 강원후평 스마트그린산단 스마트제조 고급인력 양성사업 문제해결기반 기업지원 프로그램 지원기업 모집 공고,"<p>2026년도 산업통상자원부, 한국산업단지공단에서 지원하고 강원대학교 산학협력단, (재)춘천바이오산업진흥원, 한림대학교 산학협력단에서 수행하는 「강원후평 스마트그린산단 스마트제조 고급인력 양성사업」 문제해결기반기업지원 프로그램의 지원기업을 모집하고자 하오니, 희망하는 기업의 많은 참여 바랍니다.</p><p><br></p><p>☞ 춘천지역 산업단지 내 사업장 소재 바이오기업</p><p><br></p><p style=""line-height: 1.8;"">☞ 기업 맞춤형 애로해소 전문가 컨설팅 지원</p><p style=""line-height: 1.8;"">- 스마트제조 바이오 인증ㆍ표준 대응 역량 확보 지원</p><p style=""line-height: 1.8;"">※ 자세한 지원내용 공고문 참조</p>",기술,춘천바이오산업진흥원,산업통상부,중소기업,시험/인증,,,,,이메일 접수 (marketing@cbf.or.kr),이메일 접수 (marketing@cbf.or.kr),2026-04-20 ~ 2026-05-08,main,primary,False,강원춘천시2026년3차강원후평스마트그린산단스마트제조고급인력양성사업문제해결기반기업지원프로그램지원기업모집공고|춘천바이오산업진흥원|20260420~20260508,강원춘천시2026년3차강원후평스마트그린산단스마트제조고급인력양성사업문제해결기반기업지원프로그램지원기업모집공고,춘천바이오산업진흥원,20260420~20260508,www.bizinfo.go.kr/sii/siia/selectsiia200detail.do?pblancid=pbln_000000000121296,https://www.bizinfo.go.kr/sii/siia/selectSIIA200Detail.do?pblancId=PBLN_000000000121296
biz,PBLN_000000000121295,2026년 2차 창조문화산업지원센터(천안역지하도상가) 신규 입주자(창업지원) 모집 공고,"<p>충남콘텐츠진흥원에서는 천안역 지하도상가를 기반으로 창업 및 상권 활성화를 위해 신규 입주자(창업지원) 2차 모집을 공고하오니 많은 관심과 참여 바랍니다.</p><p><br></p><p style=""line-height: 1.8;"">☞ 지원센터 내 창업활동을 희망하는 5년 미만의 기창업자 및 예비창업자</p><p style=""line-height: 1.8;"">※ 자세한 지원대상 공고문 참조</p><p><br></p><p>☞ 창업공간 지원(보증금 및 임대료 무상)</p>",창업,충남콘텐츠진흥원,충청남도,창업벤처,창업공간지원,,,,,이메일 접수 (yejin5914@ccon.kr),이메일 접수 (yejin5914@ccon.kr),2026-04-27 ~ 2026-05-03,main,primary,False,2026년2차창조문화산업지원센터신규입주자모집공고|충남콘텐츠진흥원|20260427~20260503,2026년2차창조문화산업지원센터신규입주자모집공고,충남콘텐츠진흥원,20260427~20260503,www.bizinfo.go.kr/sii/siia/selectsiia200detail.do?pblancid=pbln_000000000121295,https://www.bizinfo.go.kr/sii/siia/selectSIIA200Detail.do?pblancId=PBLN_000000000121295
biz,PBLN_000000000121294,2026년 1차 TV홈쇼핑 입점지원사업 공고,"<p>우수 품질의 제품을 생산하고도 판로개척에 어려움을 겪는 중소기업을 발굴하고 TV홈쇼핑을 활용한 판매 및 홍보 등 판매망 개척을 지원해 중소기업의 경쟁력을 도모하기 위해「2026년 1차 TV홈쇼핑 입점지원사업」을 공고하오니 국내 소비재 생산 소기업ㆍ소상공인 분들의 많은 관심 부탁드립니다.</p><p><br></p><p>☞ 국내 소비재 생산 소기업ㆍ소상공인</p><p><br></p><p>☞ 홈쇼핑 생방송 1회(50분) 및 재방송 1회(50분, 새벽 2~5시대) 지원, 방송비용(SO비용, 스튜디오 제작비용) 지원</p>",판로/수출,중소기업중앙회,중소벤처기업부,중소기업,홍보지원,,,,,온라인 접수(중소기업중앙회),온라인 접수(중소기업중앙회),2026-04-27 ~ 2026-05-22,main,primary,False,2026년1차tv홈쇼핑입점지원사업공고|중소기업중앙회|20260427~20260522,2026년1차tv홈쇼핑입점지원사업공고,중소기업중앙회,20260427~20260522,www.bizinfo.go.kr/sii/siia/selectsiia200detail.do?pblancid=pbln_000000000121294,https://www.bizinfo.go.kr/sii/siia/selectSIIA200Detail.do?pblancId=PBLN_000000000121294
biz,PBLN_000000000121293,[경북] 2026년 (예비)사회적기업 일자리창출사업 참여기업 추가모집 공고,"<p>「사회적기업 육성법」 제14조, 「경상북도 사회적경제 육성 및 지원에 관한 조례」 제11조 및 「고용노동부 사회적기업 재정지원사업 업무지침」 에 따라 2026년 (예비)사회적기업 일자리창출사업 신규 참여기업을 다음과 같이 추가 모집 공고합니다.</p><p><br></p><p style=""line-height: 1.8;"">☞ 상시근로자 30인 미만 인증 또는 예비사회적기업</p><p style=""line-height: 1.8;"">- 고용노동부 장관이 인증한 사회적기업 중 일자리창출사업 미참여기업</p><p style=""line-height: 1.8;"">- 지역형ㆍ부처형 예비사회적기업 중 일자리창출사업 미참여기업</p><p style=""line-height: 1.8;"">- 30인 이상 기업 중 SVI 평가 ‘탁월’, ‘우수’ 기업 예외적 허용</p><p style=""line-height: 1.8;"">※ 참여 신청 직전 월부터 이전 1년간 평균 고용보험 피보험자 수 30인 미만 기업  </p><p><br></p><p style=""line-height: 1.8;"">☞ 참여기업의 SVI 평가결과에 따라 인건비 일정액 차등 지원</p><p style=""line-height: 1.8;"">※ 기업당 1인 이상 50인 이하를 원칙으로 함</p><p style=""line-height: 1.8;"">※ 지원기간 : 지원약정개시일부터 12개월</p>",인력/일자리,직접수행,경상북도,사회적기업,고용유지,,,,,온라인 접수 (사회적기업통합사업관리시스템),온라인 접수 (사회적기업통합사업관리시스템),2026-04-21 ~ 2026-05-06,main,primary,False,경북2026년사회적기업일자리창출사업참여기업추가모집공고|직접수행|20260421~20260506,경북2026년사회적기업일자리창출사업참여기업추가모집공고,직접수행,20260421~20260506,www.bizinfo.go.kr/sii/siia/selectsiia200detail.do?pblancid=pbln_000000000121293,https://www.bizinfo.go.kr/sii/siia/selectSIIA200Detail.do?pblancId=PBLN_000000000121293
biz,PBLN_000000000121292,2026년 AI기반 슬립테크 국제협력 실증 확산 지원사업 기업지원 공고(미국 FDA or 유럽 MDR 임상시험 지원),"<p>산업통상자원부와 삼성서울병원에서 지원하는 바이오나노산업 개방형 생태계 조성사업 「AI 기반 슬립테크 국제협력 실증 확산 지원」사업의 기업지원을 공고하오니 동 사업에 참여를 희망하는 AI기반 슬립테크 기업의 많은 참여 바랍니다.</p><p><br></p><p>☞ AI기반 슬립테크 의료기기 분야 제조 및 연구개발 중소기업</p><p><br></p><p style=""line-height: 1.8;"">☞ 슬립테크 분야 중 의료기기, 체외진단의료기기, 디지털의료기기에 해당하는 기업이 FDA 또는 CE 마킹 획득을 위한 해외 임상시험 컨설팅 및 수행 지원</p><p style=""line-height: 1.8;"">- 해외 임상시험 준비 및 수행 지원(임상시험계획서 개발 및 사전검토ㆍ승인 등) </p><p style=""line-height: 1.8;"">- 해외 임상시험 수행 비용(일부) 지원</p>",기술,삼성서울병원,산업통상부,중소기업,기술사업화/이전/지도,,,,,온라인 접수 (바이오사업관리시스템),온라인 접수 (바이오사업관리시스템),2026-04-23 ~ 2026-05-31,main,primary,False,2026년ai기반슬립테크국제협력실증확산지원사업기업지원공고|삼성서울병원|20260423~20260531,2026년ai기반슬립테크국제협력실증확산지원사업기업지원공고,삼성서울병원,20260423~20260531,www.bizinfo.go.kr/sii/siia/selectsiia200detail.do?pblancid=pbln_000000000121292,https://www.bizinfo.go.kr/sii/siia/selectSIIA200Detail.do?pblancId=PBLN_000000000121292
biz,PBLN_000000000121291,2026년 비즈니스지원단(현장클리닉) 사업 운영계획 공고,"<p>중소기업의 경영애로를 상담부터 현장클리닉까지 신속히 해결해 주는「2026년도 비즈니스지원단(현장클리닉) 사업 운영계획」을 다음과 같이 공고합니다.</p><p><br></p><p style=""line-height: 1.8;"">☞ 「중소기업기본법」제2조 제2항에 따른 소기업과 운영 지침[별표 1]에 해당하는 예비창업자로하되, [별표 2]를 제외한 업종</p><p style=""line-height: 1.8;"">- 주된 업종별 평균매출액 등의 소기업 규모 기준(중소기업기본법시행령 제8조 제1항)</p><p><br></p><p>☞ 전문상담 후 현장클리닉이 필요한 경우, 분야별 클리닉위원이 기업 현장을 찾아가 단기간(3일 내외)에 경영애로 해결 지원</p>",경영,중소벤처기업진흥공단,중소벤처기업부,중소기업,컨설팅,,,,,"방문, 전화 온라인 신청
- 접수처 :  각 지방 중소기업청
- 전화, 온라인 : 비즈니스지원단홈페이지
","방문, 전화 온라인 신청
- 접수처 :  각 지방 중소기업청
- 전화, 온라인 : 비즈니스지원단홈페이지
",예산 소진시 까지,main,primary,False,2026년비즈니스지원단사업운영계획공고|중소벤처기업진흥공단|,2026년비즈니스지원단사업운영계획공고,중소벤처기업진흥공단,,www.bizinfo.go.kr/sii/siia/selectsiia200detail.do?pblancid=pbln_000000000121291,https://www.bizinfo.go.kr/sii/siia/selectSIIA200Detail.do?pblancId=PBLN_000000000121291
biz,PBLN_000000000121290,[경기] 2026년 무역위기 대응 K-FOOD  페루 통상촉진단 참가기업 모집 공고,"<p>경기도와 (재)경기도경제과학진흥원에서는 도내 농식품 중소기업의 해외 바이어 발굴 및 수출 증진을 위한 「2026 경기도 무역위기 대응 K-FOOD 페루 통상촉진단」 참가기업을 아래와 같이 모집하오니 많은 신청 바랍니다.</p><p><br></p><p>☞ 기도 농업인, 생산자단체, 농식품 중소기업</p><p><br></p><p>☞ 현지 바이어 섭외 및 1:1 상담주선, 상담 시 기업별 통역원 제공, 단체 이동 차량 제공, 항공료 50% 지원(1사 1인에 한함, 최대 180만원 이내)</p>",판로/수출,경기도경제과학진흥원,경기도,중소기업,해외진출,,,,,온라인 접수 (경기기업비서),온라인 접수 (경기기업비서),2026-04-17 ~ 2026-04-30,main,primary,False,경기2026년무역위기대응kfood페루통상촉진단참가기업모집공고|경기도경제과학진흥원|20260417~20260430,경기2026년무역위기대응kfood페루통상촉진단참가기업모집공고,경기도경제과학진흥원,20260417~20260430,www.bizinfo.go.kr/sii/siia/selectsiia200detail.do?pblancid=pbln_000000000121290,https://www.bizinfo.go.kr/sii/siia/selectSIIA200Detail.do?pblancId=PBLN_000000000121290
biz,PBLN_000000000121289,[충남] 천안시 2026년 광융합 시제품제작 지원사업 공고,"<p>한국광기술원에서는 천안시 중소기업의 광융합기술 기반 제품의 사업화 촉진을 위한 시제품제작지원을 위해 아래와 같이 지역 유망기업을 모집하여 지원하고자 하오니, 본 사업에 참여를 희망하시는 기업은 절차에 따라 신청하여 주시기 바랍니다.</p><p><br></p><p style=""line-height: 1.8;"">☞ 공고일 기준으로 천안시 소재 사업장(본사 또는 공장)을 보유하고 있는 중소기업</p><p style=""line-height: 1.8;"">- 중소기업의 정의는 「중소기업기본법 시행령 제 3조 1항」에 따름 (붙임3 참조)</p><div><br></div><p style=""line-height: 1.8;"">☞ 시제품 제작지원</p><p style=""line-height: 1.8;"">- (재료비) 신청서상의 시제품 제작을 위해 소요되는 재료 또는 원료 구입</p><p style=""line-height: 1.8;"">- (기계 및 전자부품 등 구입비) 신청서상의 시제품 제작을 위해 필요한 전자 및 기계부품 구입비</p><p style=""line-height: 1.8;"">- (외주용역비) 기구ㆍ회로ㆍ디자인 설계, 목업 제작</p>",경영,한국광기술원,충청남도,중소기업,디자인/상품화/사업화,,,,,이메일 접수(kimmh07@kopti.re.kr),이메일 접수(kimmh07@kopti.re.kr),2026-04-29 ~ 2026-05-15,main,primary,False,충남천안시2026년광융합시제품제작지원사업공고|한국광기술원|20260429~20260515,충남천안시2026년광융합시제품제작지원사업공고,한국광기술원,20260429~20260515,www.bizinfo.go.kr/sii/siia/selectsiia200detail.do?pblancid=pbln_000000000121289,https://www.bizinfo.go.kr/sii/siia/selectSIIA200Detail.do?pblancId=PBLN_000000000121289
biz,PBLN_000000000121288,[부산] 2026년 디지털커머스 전문기관 구축ㆍ운영라이브커머스 운영 지원 모집 공고,"<p>한국중소벤처기업유통원, 부산광역시 및 (재)부산경제진흥원에서는 소상공인 우수제품 홍보와 온라인 판로확대 및 매출 증대를 위한 「2026년 라이브커머스 운영 지원」을 진행합니다. 이에 참가를 희망하는 소상공인을 아래와 같이 모집합니다.</p><p><br></p><p style=""line-height: 1.8;"">☞ 라이브커머스 등 온라인 플랫폼을 통해 판매 가능한 소비재를 제조ㆍ판매하고 네이버 및 기타 플랫폼 방송 가능 등급 이상인 소상공인</p><p style=""line-height: 1.8;"">※ 품목 : 식품, 패션, 뷰티, 생활용품, 우수 아이디어 제품 등</p><p><br></p><p>☞ 사전컨설팅(라이브커머스 운영, 상품분석 등), 쇼호스트 섭외, 라이브커머스 촬영ㆍ송출 및 관련 제반업무 등(업체 당 최대 120만원 이내) 지원</p>",판로/수출,부산경제진흥원,중소벤처기업부,소상공인,온라인,,,,,"온라인 접수
- 중소벤처기업부 판판대로 : https://fanfandaero.kr/portal/v2/introV2.do
- 소담스퀘어 in 부산 : https://www.bssodam.or.kr/kor/main/main.php
※ 두 곳 모두 신청접수하여야함","온라인 접수
- 중소벤처기업부 판판대로 : https://fanfandaero.kr/portal/v2/introV2.do
- 소담스퀘어 in 부산 : https://www.bssodam.or.kr/kor/main/main.php
※ 두 곳 모두 신청접수하여야함",2026-04-22 ~ 2026-12-18,main,primary,False,부산2026년디지털커머스전문기관구축ㆍ운영라이브커머스운영지원모집공고|부산경제진흥원|20260422~20261218,부산2026년디지털커머스전문기관구축ㆍ운영라이브커머스운영지원모집공고,부산경제진흥원,20260422~20261218,www.bizinfo.go.kr/sii/siia/selectsiia200detail.do?pblancid=pbln_000000000121288,https://www.bizinfo.go.kr/sii/siia/selectSIIA200Detail.do?pblancId=PBLN_000000000121288
biz,PBLN_000000000121287,[서울] 2026년 2차 B the B 뷰티 기반 융복합 콘텐츠 전시(다운타운) 팝업 참여기업 모집 공고,"<p>서울경제진흥원은 동대문트리플역세권도보3분 거리, 방문객 220만명이 다녀간 서울의 대표 뷰티복합문화공간 ‘B the B’ 다운타운(약 100평 규모) 에서 국내외 방문객 대상 뷰티 브랜드의 전시 홍보 활동을 지원하는 전시 팝업 지원사업을 추진합니다. 창의적인 기획력과 우수한 콘텐츠를 보유한 기업의 많은 관심과 참여를 바랍니다.</p><p><br></p><p>☞ 뷰티 기반 팝업 기획ㆍ운영이 가능한 서울 소재 중소기업 (단독ㆍ이종산업 콜라보 가능)</p><p><br></p><p style=""line-height: 1.8;"">☞ B the B 다운타운 약 100평 공간 제공 (기업당 2~3개월)</p><p style=""line-height: 1.8;"">- 기업별 팝업 연출, 홍보마케팅 등 최대 5천만원 지원</p><p style=""line-height: 1.8;"">- 현장 운영 관련 상호 협의에 의한 일부사항 지원(ex. 고객응대 지원 등)</p><p style=""line-height: 1.8;"">- SBA 내ㆍ외부 보유자원 활용 홍보마케팅 지원(온ㆍ오프라인 채널 홍보, 보도자료 등)</p>",판로/수출,서울경제진흥원,서울특별시,중소기업,오프라인,,,,,"온라인 접수 (서울경제진흥원)
 ※ 모든 제출서류는 총 1개의 ZIP 파일로 압축하여 업로드하며, 용량초과 파일은 chsuji@sba.seoul.kr로 제출","온라인 접수 (서울경제진흥원)
 ※ 모든 제출서류는 총 1개의 ZIP 파일로 압축하여 업로드하며, 용량초과 파일은 chsuji@sba.seoul.kr로 제출",2026-04-23 ~ 2026-05-18,main,primary,False,서울2026년2차btheb뷰티기반융복합콘텐츠전시팝업참여기업모집공고|서울경제진흥원|20260423~20260518,서울2026년2차btheb뷰티기반융복합콘텐츠전시팝업참여기업모집공고,서울경제진흥원,20260423~20260518,www.bizinfo.go.kr/sii/siia/selectsiia200detail.do?pblancid=pbln_000000000121287,https://www.bizinfo.go.kr/sii/siia/selectSIIA200Detail.do?pblancId=PBLN_000000000121287
biz,PBLN_000000000121286,2026년 2차 벤처기업 공동채용 지원사업 참여기업 모집 공고,"<p>벤처기업 공동채용 지원사업은 인재 채용에 어려움을 겪는 벤처기업을 위해 공동으로 운영되는 채용관과 다양한 채용서비스를 지원하여 구인난을 해소하는 중소벤처기업부 주관 벤처기업 일자리지원 사업입니다.</p><p><br></p><p style=""line-height: 1.8;"">☞ 벤처기업 확인 이력이 있는 기업</p><p style=""line-height: 1.8;"">- 신입사원기준 연봉2,800만원 이상 채용 기업(지방소재기업 : 신입사원 기준연봉 2,700만원 이상)</p><p><br></p><p style=""line-height: 1.8;"">☞ 사람인ㆍ잡코리아 최상단 공동채용관 입점, 신입사원 온보딩 교육 지원, 결혼ㆍ가정친화 채용관 입점 등 지원</p><p style=""line-height: 1.8;"">※ 자세한 지원내용 공고문 참조</p>",인력/일자리,벤처기업협회,중소벤처기업부,중소기업,국내일반인력,,,,,온라인 접수(모아폼),온라인 접수(모아폼),2026-04-27 ~ 2026-05-08,main,primary,False,2026년2차벤처기업공동채용지원사업참여기업모집공고|벤처기업협회|20260427~20260508,2026년2차벤처기업공동채용지원사업참여기업모집공고,벤처기업협회,20260427~20260508,www.bizinfo.go.kr/sii/siia/selectsiia200detail.do?pblancid=pbln_000000000121286,https://www.bizinfo.go.kr/sii/siia/selectSIIA200Detail.do?pblancId=PBLN_000000000121286
biz,PBLN_000000000121285,2026년 미래내일 일경험(인턴형) 참여기업 지원사업 공고,"<p>이노비즈협회는 2025년 사업 성과평가 결과 우수등급(3년 연속)을 받아 아래와 같이 2026년 사업 사전 참여기업을 모집합니다.</p><p><br></p><p>☞ 고용보험 피보험자 10인 이상 기업</p><p><br></p><p>☞ 기업 지원금 40만원, 멘토 수당 30만원 (8주 기준) 지원</p>",인력/일자리,이노비즈협회,고용노동부,중소기업,국내일반인력,,,,,온라인 접수 (이노비즈협회),온라인 접수 (이노비즈협회),예산 소진시까지,main,primary,False,2026년미래내일일경험참여기업지원사업공고|이노비즈협회|,2026년미래내일일경험참여기업지원사업공고,이노비즈협회,,www.bizinfo.go.kr/sii/siia/selectsiia200detail.do?pblancid=pbln_000000000121285,https://www.bizinfo.go.kr/sii/siia/selectSIIA200Detail.do?pblancId=PBLN_000000000121285
biz,PBLN_000000000121284,[부산] 2025년 폐업소상공인 고용인센티브 지원사업(2026년 이월분) 참여기업 추가 모집 수정 공고,"<p>부산경제진흥원에서는 ‘2025년 1월 1일 이후 폐업소상공인을 채용’한기업을 위한 「고용인센티브 지원사업」을 다음과 같이 공고합니다.</p><p><br></p><p style=""line-height: 1.8;"">☞ 2025년 1월 1일 이후 폐업소상공인을 채용한 사업주</p><p style=""line-height: 1.8;"">- 부산광역시 소재 기업</p><p style=""line-height: 1.8;"">- ‘26. 05. 10. 까지 사업 참여신청 및 채용 완료한 기업</p><p><br></p><p style=""line-height: 1.8;"">☞ 폐업소상공인을 채용하여 6개월 고용 유지한 경우 사업주에게 채용 1인당 180만원 ~ 최대 360만원 고용인센티브 지원</p><p style=""line-height: 1.8;"">※ 1개사 최대 5명 지원</p>",인력/일자리,부산경제진흥원,부산광역시,중소기업,고용유지,,,,,온라인 접수 (부산일자리정보망),온라인 접수 (부산일자리정보망),2026-01-01 ~ 2026-05-10,main,primary,False,부산2025년폐업소상공인고용인센티브지원사업참여기업추가모집수정공고|부산경제진흥원|20260101~20260510,부산2025년폐업소상공인고용인센티브지원사업참여기업추가모집수정공고,부산경제진흥원,20260101~20260510,www.bizinfo.go.kr/sii/siia/selectsiia200detail.do?pblancid=pbln_000000000121284,https://www.bizinfo.go.kr/sii/siia/selectSIIA200Detail.do?pblancId=PBLN_000000000121284
biz,PBLN_000000000121283,[부산] 2025년 폐업소상공인 희망두배통장 지원사업(2026년 이월분) 참여기업 추가 모집 수정 공고,"<p>부산경제진흥원에서는 2025년 1월 1일 이후 취업한 폐업소상공인에게 「희망두배통장 지원사업(목돈마련)」을 다음과 같이 공고합니다.</p><p><br></p><p style=""line-height: 1.8;"">☞ 2025년 1월 1일 이후 취업한 폐업소상공인 누구나</p><p style=""line-height: 1.8;"">- ‘25.1.1. 기준 만 15세 이상~69세 이하인 자</p><p style=""line-height: 1.8;"">- 신청일 기준 부산광역시에 주민등록이 되어 있는 자</p><p style=""line-height: 1.8;"">- 폐업소상공인으로 ‘25.1.1. 이후 취업한 자</p><p style=""line-height: 1.8;"">- 부산 소재 기업에 정규직 또는 계약직으로 취업한 자</p><p style=""line-height: 1.8;""><br></p><p style=""line-height: 1.8;"">☞ 폐업소상공인 취업 시 목돈마련 지원</p><p style=""line-height: 1.8;"">- (선정 후) 월 30만원, 6개월 납입(6개월 납입완료 시 지원금 일괄 지급)</p><p style=""line-height: 1.8;"">- (만기 시) 개인 납입액 180만원+부산시 지원금 180만원</p>",인력/일자리,부산경제진흥원,부산광역시,소상공인,고용유지,,,,,온라인 접수 (부산일자리정보망),온라인 접수 (부산일자리정보망),2026-01-01 ~ 2026-05-10,main,primary,False,부산2025년폐업소상공인희망두배통장지원사업참여기업추가모집수정공고|부산경제진흥원|20260101~20260510,부산2025년폐업소상공인희망두배통장지원사업참여기업추가모집수정공고,부산경제진흥원,20260101~20260510,www.bizinfo.go.kr/sii/siia/selectsiia200detail.do?pblancid=pbln_000000000121283,https://www.bizinfo.go.kr/sii/siia/selectSIIA200Detail.do?pblancId=PBLN_000000000121283
biz,PBLN_000000000121282,2026년 온라인수출 중소기업 물류 지원 사업(추경포함) 참여기업 모집 공고,"<p>중소기업 온라인수출 특화 물류 지원을 통해 물류비 절감, 배송 최적화 등 수출물류 부담을 완화하고 수출 경쟁력을 제고하는 2026년 온라인수출 중소기업 물류 지원 사업의 참여기업을 다음과 같이 모집합니다.</p><p><br></p><p style=""line-height: 1.8;"">☞ 「중소기업기본법 제2조 및 같은 법 시행령 제3조」에 따른 중소기업</p><p style=""line-height: 1.8;"">※ 자세한 지원대상 공고문 참조</p><p><br></p><p style=""line-height: 1.8;"">☞ 풀필먼트 서비스, 해외물류센터 활용 지원</p><p style=""line-height: 1.8;"">※ 자세한 지원내용 공고문 참조</p>",판로/수출,중소벤처기업진흥공단,중소벤처기업부,중소기업,해외진출,,,,,온라인 접수 (고비즈코리아),온라인 접수 (고비즈코리아),2026-04-24 ~ 2026-05-15,main,primary,False,2026년온라인수출중소기업물류지원사업참여기업모집공고|중소벤처기업진흥공단|20260424~20260515,2026년온라인수출중소기업물류지원사업참여기업모집공고,중소벤처기업진흥공단,20260424~20260515,www.bizinfo.go.kr/sii/siia/selectsiia200detail.do?pblancid=pbln_000000000121282,https://www.bizinfo.go.kr/sii/siia/selectSIIA200Detail.do?pblancId=PBLN_000000000121282
biz,PBLN_000000000121281,[광주] 2026년 중소기업 맞춤형 성장지원(컨설팅) 참여기업 모집 공고,"<p>광주광역시 북구청과 한국산업단지공단 광주지역본부는 중소기업의 기술ㆍ경영 전반에 대한 애로사항 해결을 통한 산업단지 및 지역경제 활성화를 위해 2026년 중소기업 맞춤형 성장 지원 사업(컨설팅)을 추진하오니 관심 있는 기업들의 많은 참여 바랍니다.</p><p><br></p><p>☞ 광주광역시 북구 및 동ㆍ서ㆍ남구 소재 중소기업</p><p><br></p><p style=""line-height: 1.8;"">☞ 맞춤형 컨설팅(성장전략수립, 디지털전환, R&D 기획, 수출) 지원</p><p style=""line-height: 1.8;"">- 성장전략수립 : 우수 기업도약 발판 마련 위한 기술ㆍ경영 全분야 성장전략 수립 지원 </p><p style=""line-height: 1.8;"">- 디지털전환 : 스마트팩토리, 빅데이터, 로봇, AI 등 디지털 기술을 활용한 산업 현장의 제조혁신 및 산업 데이터 사업화 지원</p><p style=""line-height: 1.8;"">- R&D 기획 : 신사업 발굴 및 기술개발 고도화를 위한 기업 간 공동 R&D 프로젝트 기획 및 연구개발계획서 작성 지원</p><p style=""line-height: 1.8;"">- 수출 : 수출 역량 강화를 위한 애로 해결 및 해외 판로개척 지원</p>",경영,한국산업단지공단,광주광역시,중소기업,컨설팅,,,,,"이메일 접수 (seo47@kicox.or.kr)
※ 접수 확인을 위한 유선 연락 필수","이메일 접수 (seo47@kicox.or.kr)
※ 접수 확인을 위한 유선 연락 필수",차수별 상이,main,primary,False,광주2026년중소기업맞춤형성장지원참여기업모집공고|한국산업단지공단|,광주2026년중소기업맞춤형성장지원참여기업모집공고,한국산업단지공단,,www.bizinfo.go.kr/sii/siia/selectsiia200detail.do?pblancid=pbln_000000000121281,https://www.bizinfo.go.kr/sii/siia/selectSIIA200Detail.do?pblancId=PBLN_000000000121281
biz,PBLN_000000000121280,[강원] 호주 유통망입점 지원사업 참가기업 모집 공고,"<p>강원특별자치도와 KOTRA 강원지원본부는 도내 수출 유망 중소ㆍ중견기업의 독일 시장 판로 개척을 위하여 아래와 같이 현지 유통망 입점 지원 사업 참가기업을 모집하오니 많은 관심과 참여 바랍니다.</p><p><br></p><p style=""line-height: 1.8;"">☞ 강원특별자치도 내 본사 혹은 공장 소재 기업</p><p style=""line-height: 1.8;"">- BuyKorea 등록 완료 혹은 예정 기업</p><p><br></p><p>☞ 유망기업 선정 후 유통망 바이어 매칭, 온라인 상담을 통한 수출 성약, 유통망 입점 지원</p>",판로/수출,KOTRA강원지원본부,강원특별자치도,중소기업,해외진출,,,,,온라인 접수 (무역투자24 홈페이지),온라인 접수 (무역투자24 홈페이지),2026-04-20 ~ 2026-05-08,main,primary,False,강원호주유통망입점지원사업참가기업모집공고|kotra강원지원본부|20260420~20260508,강원호주유통망입점지원사업참가기업모집공고,kotra강원지원본부,20260420~20260508,www.bizinfo.go.kr/sii/siia/selectsiia200detail.do?pblancid=pbln_000000000121280,https://www.bizinfo.go.kr/sii/siia/selectSIIA200Detail.do?pblancId=PBLN_000000000121280
biz,PBLN_000000000121279,[광주] 2026년 2차 창업기업 우수인력 인건비 지원사업  수혜기업 모집 공고,"<p>2026년 창업기업 우수인력 인건비 지원사업에 참여할 광주 창업기업을 아래와 같이 모집합니다.</p><p><br></p><p style=""line-height: 1.8;"">☞ 광주광역시 소재 7년이내 창업기업</p><p style=""line-height: 1.8;"">- 사업자등록증상 주소지 기준 광주광역시인 중소기업</p><p style=""line-height: 1.8;"">- 지원 인력과 개발하고자 하는 프로젝트 보유한 기업</p><p><br></p><p style=""line-height: 1.8;"">☞ 우수경력자(기존인력) 최대 6백만원 이내 지원</p><p style=""line-height: 1.8;"">※ 자세한 지원내용 공고문 참조</p>",인력/일자리,광주테크노파크,광주광역시,창업벤처,국내전문인력,,,,,이메일 접수 (hansol@gjtp.or.kr),이메일 접수 (hansol@gjtp.or.kr),2026-04-20 ~ 2026-05-19,main,primary,False,광주2026년2차창업기업우수인력인건비지원사업수혜기업모집공고|광주테크노파크|20260420~20260519,광주2026년2차창업기업우수인력인건비지원사업수혜기업모집공고,광주테크노파크,20260420~20260519,www.bizinfo.go.kr/sii/siia/selectsiia200detail.do?pblancid=pbln_000000000121279,https://www.bizinfo.go.kr/sii/siia/selectSIIA200Detail.do?pblancId=PBLN_000000000121279
biz,PBLN_000000000121278,[강원] 독일 유통망입점 지원사업 참가기업 모집 공고,"<p>강원특별자치도와 KOTRA 강원지원본부는 도내 수출 유망 중소ㆍ중견기업의 독일 시장 판로 개척을 위하여 아래와 같이 현지 유통망 입점 지원 사업 참가기업을 모집하오니 많은 관심과 참여 바랍니다.</p><p><br></p><p style=""line-height: 1.8;"">☞ 강원특별자치도 내 본사 혹은 공장 소재 기업</p><p style=""line-height: 1.8;"">- BuyKorea 등록 완료 혹은 예정 기업</p><p><br></p><p>☞ 유망기업 선정 후 유통망 바이어 매칭, 온라인 상담을 통한 수출 성약, 유통망 입점을 위한 컨설팅(물류, 통관 등) 지원</p>",판로/수출,KOTRA강원지원본부,강원특별자치도,중소기업,해외진출,,,,,온라인 접수 (무역투자24 홈페이지),온라인 접수 (무역투자24 홈페이지),2026-04-20 ~ 2026-05-08,main,primary,False,강원독일유통망입점지원사업참가기업모집공고|kotra강원지원본부|20260420~20260508,강원독일유통망입점지원사업참가기업모집공고,kotra강원지원본부,20260420~20260508,www.bizinfo.go.kr/sii/siia/selectsiia200detail.do?pblancid=pbln_000000000121278,https://www.bizinfo.go.kr/sii/siia/selectSIIA200Detail.do?pblancId=PBLN_000000000121278
biz,PBLN_000000000121277,[강원] 캐나다 유통망입점 지원사업 참가기업 모집 공고,"<p>강원특별자치도와 KOTRA 강원지원본부는 도내 수출 유망 중소ㆍ중견기업의 캐나다 시장 판로 개척을 위하여 아래와 같이 현지 유통망 입점 지원 사업 참가기업을 모집하오니 많은 관심과 참여 바랍니다.</p><p><br></p><p style=""line-height: 1.8;"">☞ 강원특별자치도 내 본사 혹은 공장 소재 기업</p><p style=""line-height: 1.8;"">- BuyKorea 등록 완료 혹은 예정 기업</p><p><br></p><p>☞ 유망기업 선정 후 유통망 바이어 매칭, 온라인 상담을 통한 수출 성약, 유통망 입점을 위한 컨설팅(물류, 통관 등) 지원</p>",판로/수출,KOTRA강원지원본부,강원특별자치도,중소기업,해외진출,,,,,온라인 접수 (무역투자24 홈페이지),온라인 접수 (무역투자24 홈페이지),2026-04-20 ~ 2026-05-08,main,primary,False,강원캐나다유통망입점지원사업참가기업모집공고|kotra강원지원본부|20260420~20260508,강원캐나다유통망입점지원사업참가기업모집공고,kotra강원지원본부,20260420~20260508,www.bizinfo.go.kr/sii/siia/selectsiia200detail.do?pblancid=pbln_000000000121277,https://www.bizinfo.go.kr/sii/siia/selectSIIA200Detail.do?pblancId=PBLN_000000000121277
biz,PBLN_000000000121276,[경북] 2026년 수출기업 통상경쟁력 강화지원(수출물류) 참가기업 모집 공고,"<p>경상북도와 (재)경상북도경제진흥원은 도내 수출기업의 수출경쟁력 강화와 물류비 부담 완화를 위하여 수출물류비 지원사업 참가기업을 다음과 같이 모집하오니, 많은 참여를 바랍니다.</p><p><br></p><p>☞ 공장이 도내 소재한 제조 중소ㆍ중견기업 중 2026년 경북수출기업협회 유료회원사</p><p><br></p><p>☞ 지원대상기간 내 선적된 수출물류비 실비 지원 (기업당 최대 7백만원, 對중동 수출기업 최대 10백만원)</p>",판로/수출,경상북도경제진흥원,경상북도,중소기업,해외진출,,,,,온라인 접수(경상북도 수출물류비 지원),온라인 접수(경상북도 수출물류비 지원),예산 소진시 까지,main,primary,False,경북2026년수출기업통상경쟁력강화지원참가기업모집공고|경상북도경제진흥원|,경북2026년수출기업통상경쟁력강화지원참가기업모집공고,경상북도경제진흥원,,www.bizinfo.go.kr/sii/siia/selectsiia200detail.do?pblancid=pbln_000000000121276,https://www.bizinfo.go.kr/sii/siia/selectSIIA200Detail.do?pblancId=PBLN_000000000121276
biz,PBLN_000000000121275,[경기] 2026년 베트남 시큐텍(Secutech) 전시회 참가기업 모집 공고,"<p>경기도는 도내 재난안전 기업의 해외 판로개척을 지원하기 위하여 해외 재난안전박람회 참가 사업으로 「베트남 시큐텍(Secutech)」에 통합 한국관 조성 및 도내 재난안전 기업의 참가 지원을 추진하오니, 역량 있는 재난안전 기업의 많은 참여 바랍니다.</p><p><br></p><p style=""line-height: 1.8;"">☞ 「중소기업기본법」 제2조 규정에 의한 중소기업이면서, 기업 소재지 또는 전시제품 생산지가 경기도인 기업</p><p style=""line-height: 1.8;"">※ 전시물품 해상운송 기간 소요로 ’26. 6월초까지 전시물품 준비완료 필요</p><p><br></p><p style=""line-height: 1.8;"">☞ 부스임차 및 기본장치, 물류운송(왕복), 통역, 바이어 모집 등 지원</p><p style=""line-height: 1.8;"">- 한국관 내 기업당 9㎡ 이내 전시 공간 제공, 기본장치 설치</p><p style=""line-height: 1.8;"">- 물류운송량 1CBM 범위 내 지원(초과 시 참가기업 부담)</p><p style=""line-height: 1.8;"">- 전시기간 동안 통역 1인 지원</p><p style=""line-height: 1.8;"">- 기타 모집공고의 지원내용 외 기업 요구항목 중 협의</p>",판로/수출,직접수행,경기도,중소기업,해외진출,,,,,"이메일 접수 (rainfall@gg.go.kr)
- 이메일 제목: (기업명) 베트남 시큐텍 박람회 참가 신청
","이메일 접수 (rainfall@gg.go.kr)
- 이메일 제목: (기업명) 베트남 시큐텍 박람회 참가 신청
",2026-04-20 ~ 2026-05-08,main,primary,False,경기2026년베트남시큐텍전시회참가기업모집공고|직접수행|20260420~20260508,경기2026년베트남시큐텍전시회참가기업모집공고,직접수행,20260420~20260508,www.bizinfo.go.kr/sii/siia/selectsiia200detail.do?pblancid=pbln_000000000121275,https://www.bizinfo.go.kr/sii/siia/selectSIIA200Detail.do?pblancId=PBLN_000000000121275
biz,PBLN_000000000121274,[경북] 2026년 2차 automechanika Frankfurt 경북 공동관 참가기업 추가모집 공고(2026년 자동차 부품전 경북 공동관 참가 지원사업),"<p>경상북도와 (재)경상북도경제진흥원은 도내 자동차 부품 업체들의 해외 거래처 확대 및 브랜드 가치 강화를 위해「2026 automechanika Frankfurt 경북 공동관 참가기업」을 추가모집하오니 많은 참여 바랍니다.</p><p><br></p><p style=""line-height: 1.8;"">☞ 경상북도수출기업협회 유료회원사 중 자동차 부품 제조 중소기업</p><p style=""line-height: 1.8;"">- (전시품목 )자동차 부품, 정비ㆍ유지보수, 타이어ㆍ배터리, 액세서리 등</p><p style=""line-height: 1.8;"">※ 자세한 지원대상 공고문 참조</p><p style=""line-height: 1.8;""><br></p><p style=""line-height: 1.8;"">☞ 전시회 참가에 따른 비용(전시참가ㆍ운영비)의 70% 지원</p><p style=""line-height: 1.8;"">- 지원항목 : 부스 임차, 기본 장치비, 공동통역원(2명), 운송비, 디렉토리북 등재</p>",판로/수출,경상북도경제진흥원,경상북도,중소기업,해외진출준비,,,,,이메일 접수(kth07@gepa.kr),이메일 접수(kth07@gepa.kr),2026-04-20 ~ 2026-05-01,main,primary,False,경북2026년2차automechanikafrankfurt경북공동관참가기업추가모집공고|경상북도경제진흥원|20260420~20260501,경북2026년2차automechanikafrankfurt경북공동관참가기업추가모집공고,경상북도경제진흥원,20260420~20260501,www.bizinfo.go.kr/sii/siia/selectsiia200detail.do?pblancid=pbln_000000000121274,https://www.bizinfo.go.kr/sii/siia/selectSIIA200Detail.do?pblancId=PBLN_000000000121274
biz,PBLN_000000000121273,[경북] 경북ㆍ구미 방산혁신클러스터 국방기술 민간이전 사업 이전기술 사업화지원(시제품) 참여기업 모집 공고,"<p>국방 유무인복합체계 유망기업들의 국방기술거래를 촉진하고, 우수기술 도입과 성공적인 기술사업화를 지원하기 위해 「국방 기술 민간이전 사업」참여기업 대상 이전기술 사업화지원을 다음과 같이 공고하오니, 경북 지역 기업의 많은 참여 바랍니다. </p><p><br></p><p style=""line-height: 1.8;"">☞ 공고일 기준 경북지역 본사(또는 공장) 소재 중소ㆍ벤처기업 중 방위산업으로 진입을 희망하는 기업 또는 방위산업 영위기업</p><p style=""line-height: 1.8;"">- ① [경북ㆍ구미 방산혁신클러스터] 국방기술 민간이전 사업에 참여하여 국방기술을 이전받은 기업으로 이전기술의 사업화 달성을 위하여 시제품 제작이 필요한 기업</p><p style=""line-height: 1.8;"">※ 방위사업청의 국방 기술이전 승인 필수</p><p style=""line-height: 1.8;"">- ② 유무인복합체계 관련 기술을 적용하고자 하는 기업</p><p style=""line-height: 1.8;""><br></p><p>☞ 이전기술 사업화지원(시제품 제작, 제품고급화) 기업당 최대 40,000천원 이내 지원</p>",기술,경북테크노파크,경상북도,중소기업,기술사업화/이전/지도,,,,,온라인 접수 (경북테크노파크 홈페이지),온라인 접수 (경북테크노파크 홈페이지),2026-04-17 ~ 2026-05-08,main,primary,False,경북경북ㆍ구미방산혁신클러스터국방기술민간이전사업이전기술사업화지원참여기업모집공고|경북테크노파크|20260417~20260508,경북경북ㆍ구미방산혁신클러스터국방기술민간이전사업이전기술사업화지원참여기업모집공고,경북테크노파크,20260417~20260508,www.bizinfo.go.kr/sii/siia/selectsiia200detail.do?pblancid=pbln_000000000121273,https://www.bizinfo.go.kr/sii/siia/selectSIIA200Detail.do?pblancId=PBLN_000000000121273
biz,PBLN_000000000121272,2026년 2차 서비스로봇용 Agile제조 전자융합부품 기업지원사업 신청기업 모집 공고,"<p>전자융합부품 제조기업이 공동으로 활용가능한 Agile제조지원센터의 인프라(제조 및 신뢰성 시험)를 활용한 시제품 제작, 기술사업화, 기술자문지도 프로그램 수행을 지원하는 「2026년 서비스로봇용 Agile제조 전자융합부품 기업지원사업」 시행계획을 다음과 같이 공고합니다.</p><p><br></p><p style=""line-height: 1.8;"">☞ 「중소기업기본법」제2조(중소기업자의 범위) 제1항 제1호에 준하는 중소기업</p><p style=""line-height: 1.8;"">- 「중소기업창업지원법」제2조(정의)에 준하는 창업기업</p><p><br></p><p style=""line-height: 1.8;"">☞ 시제품, 기술사업화, 기술자문지도 지원</p><p style=""line-height: 1.8;"">※ 자세한 지원내용 공고문 참조</p>",기술,구미전자정보기술원,산업통상부,중소기업,기술사업화/이전/지도,,,,,이메일 접수 (khyun@geri.re.kr),이메일 접수 (khyun@geri.re.kr),2026-04-20 ~ 2026-04-30,main,primary,False,2026년2차서비스로봇용agile제조전자융합부품기업지원사업신청기업모집공고|구미전자정보기술원|20260420~20260430,2026년2차서비스로봇용agile제조전자융합부품기업지원사업신청기업모집공고,구미전자정보기술원,20260420~20260430,www.bizinfo.go.kr/sii/siia/selectsiia200detail.do?pblancid=pbln_000000000121272,https://www.bizinfo.go.kr/sii/siia/selectSIIA200Detail.do?pblancId=PBLN_000000000121272
biz,PBLN_000000000121271,[경기] 고양시 2026년 사회적경제 창업컨설팅 참여자(팀) 모집 공고,"<p>고양시사회적경제지원센터에서는 사회문제 해결 및 사회적 가치를 추구하는 비즈니스모델을 보유한 창업가(팀) 발굴 및 육성을 위해 창업컨설팅 사업을 추진하오니 많은 참여를 바랍니다.</p><p><br></p><p>☞ 고양시에서 사회적경제기업을 창업(전환)하고자 하는 창업가(팀)</p><p>※ 자세한 지원대상 공고문 참조</p><p><br></p><p>☞ 사전 진단 및 담임제 성장 컨설팅, 네트워킹 및 워크숍 운영</p>",경영,고양산업진흥원,경기도,사회적기업,컨설팅,,,,,이메일 접수(webmaster1@gipa.or.kr),이메일 접수(webmaster1@gipa.or.kr),2026-04-20 ~ 2026-04-30,main,primary,False,경기고양시2026년사회적경제창업컨설팅참여자모집공고|고양산업진흥원|20260420~20260430,경기고양시2026년사회적경제창업컨설팅참여자모집공고,고양산업진흥원,20260420~20260430,www.bizinfo.go.kr/sii/siia/selectsiia200detail.do?pblancid=pbln_000000000121271,https://www.bizinfo.go.kr/sii/siia/selectSIIA200Detail.do?pblancId=PBLN_000000000121271
biz,PBLN_000000000121270,2026년 하반기 독립예술영화 제작지원(다큐멘터리 (제작ㆍ후반제작)) 사업 추가 접수 공고,"<p>참신하고 독창적인 우수 독립예술영화 발굴 및 영화문화 다양성 기여와 한국 독립예술영화 창작의 자율성과 예술성을 보장하고 안정적인 창작 환경을 조성하기 위해 독립예술영화(다큐멘터리 부문) 제작을 지원해드리는 사업입니다.</p><p><br></p><p style=""line-height: 1.8;"">☞ 다큐멘터리영화 연출자 또는 연출자와 계약된 제작사</p><p style=""line-height: 1.8;"">- 장편 다큐멘터리(제작, 후반제작) 영화 : 순제작비 10억원 미만의 장편 다큐멘터리 영화 (※ 장편: 런닝타임 60분 이상)</p><p style=""line-height: 1.8;"">- 단편 다큐멘터리 영화 : 순제작비 5천만원 미만의 단편 다큐멘터리 영화 (※ 단편: 런닝타임 40분 미만)</p><p style=""line-height: 1.8;"">※ 자세한 지원대상 공고문 참조</p><p><br></p><p style=""line-height: 1.8;"">☞ 장편 다큐멘터리 영화(일반, 신인, 후반제작 부문), 다큐멘터리 영화 제작 지원</p><p style=""line-height: 1.8;"">- 장편 최대 1억 원 이내 차등 지급 / 단편 최대 3천만 원 이내 차등 지급 / 후반제작 2천만원 이내 차등지급</p>",경영,영화진흥위원회,문화체육관광부,중소기업,디자인/상품화/사업화,,,,,온라인 접수 (영화진흥위원회 홈페이지),온라인 접수 (영화진흥위원회 홈페이지),2026-04-21 ~ 2026-05-06,main,primary,True,2026년하반기독립예술영화제작지원사업추가접수공고|영화진흥위원회|20260421~20260506,2026년하반기독립예술영화제작지원사업추가접수공고,영화진흥위원회,20260421~20260506,www.bizinfo.go.kr/sii/siia/selectsiia200detail.do?pblancid=pbln_000000000121270,https://www.bizinfo.go.kr/sii/siia/selectSIIA200Detail.do?pblancId=PBLN_000000000121270
biz,PBLN_000000000121269,[부산] 2026년 블록체인기업 글로벌진출 지원사업 참가기업 모집 공고(과학기술정보통신부 블록체인 특화 클러스터 조성사업),"<p>부산테크노파크는 2026년 블록체인 특화 클러스터 조성사업의 일환으로 관련 분야 우수기술 및 서비스를 보유한 부산지역 블록체인 기업의 해외시장 진출 및 글로벌 협력 네트워크 구축, 선진사례 연구를 위한 해외전시 참가기업을 아래와 같이 모집하오니, 많은 관심과 신청 바랍니다. </p><p><br></p><p>☞ 블록체인 기반 기술 보유 기업 중 해외 진출 의향이 있고 부산 소재의 본사 또는 지사</p><p><br></p><p style=""line-height: 1.8;"">☞ GITEX AI EUROPE 2026(독일 베를린) 전시, 글로벌 산업ㆍ기술 동향파악 및 비즈니스 세일링 지원</p><p style=""line-height: 1.8;"">- 블록체인 한국관 內 입주(부스 장소, 기본 부스 세팅 제공) 지원</p><p style=""line-height: 1.8;"">- 현지 IR데모데이 및 투자자/바이어 네트워킹, 통역 지원</p><p style=""line-height: 1.8;"">- 기업별 1인에 한하여 체재비(항공/숙박) 지원 </p>",판로/수출,부산테크노파크,부산광역시,중소기업,해외진출,,,,,"이메일 접수 (kjh2012@btp.or.kr)
※ 신청 후 다음 날까지 “접수 완료” 메일 미수신 시 전화로 접수 확인 요망","이메일 접수 (kjh2012@btp.or.kr)
※ 신청 후 다음 날까지 “접수 완료” 메일 미수신 시 전화로 접수 확인 요망",2026-04-20 ~ 2026-05-06,main,primary,False,부산2026년블록체인기업글로벌진출지원사업참가기업모집공고|부산테크노파크|20260420~20260506,부산2026년블록체인기업글로벌진출지원사업참가기업모집공고,부산테크노파크,20260420~20260506,www.bizinfo.go.kr/sii/siia/selectsiia200detail.do?pblancid=pbln_000000000121269,https://www.bizinfo.go.kr/sii/siia/selectSIIA200Detail.do?pblancId=PBLN_000000000121269
biz,PBLN_000000000121268,[인천] 2026년 인천형 특별 경영안정자금 지원 공고(금융비용 확대 지원을 위한 하나은행 출연 및 협업),"<p>인천광역시 중소기업경영안정자금 지원 및 운용조례 제6조의 규정에 의거 ‘2026년 인천형 특별 경영안정자금(하나은행 출연 및 협업)’지원사업을 다음과 같이 공고합니다.</p><p><br></p><p style=""line-height: 1.8;"">☞ 인천 소재 제조업 또는 제조업관련업 중소기업</p><p style=""line-height: 1.8;"">- 경영안정자금 지원 업종(관내 공장을 운영중인 제조기업 또는 제조업관련업)을 영위하면서 하나은행 대출이 가능한 기업</p><p><br></p><p style=""line-height: 1.8;"">☞ 은행 대출 운전자금의 이자차액보전 지원</p><p style=""line-height: 1.8;"">- 지원 한도 : 일반기업 10억원(우대10~100억원, 업체별 세부심사기준에 따라 다름)</p><p style=""line-height: 1.8;"">※ 최근 결산년도 매출액의 1/3과 지원 한도 중 적은 금액이 최대한도 (최저 2억원)</p><p style=""line-height: 1.8;"">- 지원기간 : 1년(만기 일시 상환)</p><p style=""line-height: 1.8;"">- 지원 금리 : 이차보전 1.9%p 균등지원(하나은행 0.6%p, 인천시 1.3%p)</p>",자금,인천테크노파크,인천광역시,중소기업,융자,,,,,온라인 접수 (비즈오케이 홈페이지),온라인 접수 (비즈오케이 홈페이지),예산 소진시까지,main,primary,False,인천2026년인천형특별경영안정자금지원공고|인천테크노파크|,인천2026년인천형특별경영안정자금지원공고,인천테크노파크,,www.bizinfo.go.kr/sii/siia/selectsiia200detail.do?pblancid=pbln_000000000121268,https://www.bizinfo.go.kr/sii/siia/selectSIIA200Detail.do?pblancId=PBLN_000000000121268
biz,PBLN_000000000121267,[인천] 2026년 우수 콘텐츠 사업화 지원 기업 모집 공고,"<p>인천테크노파크에서는 「2026년 인천콘텐츠기업지원센터 운영사업」의 일환으로 인천지역 문화콘텐츠 기업의 국내외 시장 진출에 실질적으로 필요한 비용 및 활동을 지원하기 위해 ‘2026년 우수 콘텐츠 사업화 지원 사업’을 추진하오니 콘텐츠 기업의 많은 참여 바랍니다.</p><p><br></p><p>☞ 인천 소재(본사) 콘텐츠기업</p><p><br></p><p style=""line-height: 1.8;"">☞ 인천 초기 문화콘텐츠기업의 국내외 시장진출에 실질적으로 필요한 자금(권리화, 마케팅, 판로개척) 지원</p><p style=""line-height: 1.8;"">- 기업당 최대 10백만원 지원</p><p style=""line-height: 1.8;"">- 권리화(지식재산권, 인증), 마케팅(홍보영상, 홈페이지/앱, 온오프라인 마케팅, AI 툴 구독료, SW임차), 판로개척(전시참가, 플랫폼 입점) 지원</p><p style=""line-height: 1.8;"">- 지원분야 단일 또는 4개 이하 지원항목 복수 선택 가능</p>",경영,인천테크노파크,인천광역시,중소기업,디자인/상품화/사업화,,,,,온라인 접수(e나라도움),온라인 접수(e나라도움),2026-04-20 ~ 2026-05-08,main,primary,False,인천2026년우수콘텐츠사업화지원기업모집공고|인천테크노파크|20260420~20260508,인천2026년우수콘텐츠사업화지원기업모집공고,인천테크노파크,20260420~20260508,www.bizinfo.go.kr/sii/siia/selectsiia200detail.do?pblancid=pbln_000000000121267,https://www.bizinfo.go.kr/sii/siia/selectSIIA200Detail.do?pblancId=PBLN_000000000121267
biz,PBLN_000000000121266,[부산] 2026년 항공부품산업 기술고도화 지원사업 모집 공고,"<p>부산지역 내 항공부품산업 관련 기업을 대상으로 기업지원을 수행하여 관련 산업을 선도할 수 있는 기업의 역량을 강화하고, 매출 증대와 고용창출에 기여하고자 「2026년도 항공부품산업 기술고도화 지원사업」을 아래와 같이 공고하오니, 지역 기업인 여러분들의 많은 관심과 참여 바랍니다.</p><p><br></p><p style=""line-height: 1.8;"">☞ 항공부품산업 연관분야 민항기/군용기/무인기/부품ㆍ장비/MRO 등 항공부품산업 관련 제품을 개발, 생산 및 수리하는 기업</p><p style=""line-height: 1.8;"">- 항공부품 사업 다변화를 위한 이업종 전환 기업 등</p><p style=""line-height: 1.8;"">- 부산시 내에 사업장(본사, 공장, 연구소, 지사)을 보유한 기업으로 공고일 기준 영업활동을 하고 있는 법인기업</p><p><br></p><p style=""line-height: 1.8;"">☞ 시험인증, 컨설팅 지원 </p><p style=""line-height: 1.8;"">- 시험인증 : 복합재료 생산ㆍ제조기술 기업의 항공산업 인증 지원</p><p style=""line-height: 1.8;"">- 컨설팅 : 복합재료 생산ㆍ제조기술 기업의 항공산업 인증 및 시험 진행 컨설팅 지원</p>",기술,부산테크노파크,부산광역시,중소기업,기술사업화/이전/지도,,,,,이메일 접수 (leehs1620@btp.or.kr),이메일 접수 (leehs1620@btp.or.kr),2026-04-20 ~ 2026-05-08,main,primary,False,부산2026년항공부품산업기술고도화지원사업모집공고|부산테크노파크|20260420~20260508,부산2026년항공부품산업기술고도화지원사업모집공고,부산테크노파크,20260420~20260508,www.bizinfo.go.kr/sii/siia/selectsiia200detail.do?pblancid=pbln_000000000121266,https://www.bizinfo.go.kr/sii/siia/selectSIIA200Detail.do?pblancId=PBLN_000000000121266
biz,PBLN_000000000121265,[울산] 2026년 중소기업 육성자금(시설자금) 지원계획 변경 공고,<p>「울산광역시 중소기업육성기금 조례」제12조의 규정에 의거「2026년 중소기업 육성자금(시설자금) 지원계획」을 다음과 같이 공고합니다.</p><p><br></p><p>☞ 관내 사업장을 두었거나 둘 예정인「중소기업기본법」제2조에 따른 중소기업으로 자금사용처가 관내인 경우</p><p><br></p><p>☞ 업체별 융자금에 대해 5년간 대출이자 2.0% 지원</p>,자금,울산경제일자리진흥원,울산광역시,중소기업,융자,,,,,"온라인접수(울산경제일자리진흥원 기금융자관리시스템)
※ 대용량 추가서류 제출 메일 주소 : mw@ubpi.or.kr
※ 자세한 신청방법 공고문 참조","온라인접수(울산경제일자리진흥원 기금융자관리시스템)
※ 대용량 추가서류 제출 메일 주소 : mw@ubpi.or.kr
※ 자세한 신청방법 공고문 참조",2026-04-29 ~ 2026-05-06,main,primary,False,울산2026년중소기업육성자금지원계획변경공고|울산경제일자리진흥원|20260429~20260506,울산2026년중소기업육성자금지원계획변경공고,울산경제일자리진흥원,20260429~20260506,www.bizinfo.go.kr/sii/siia/selectsiia200detail.do?pblancid=pbln_000000000121265,https://www.bizinfo.go.kr/sii/siia/selectSIIA200Detail.do?pblancId=PBLN_000000000121265
biz,PBLN_000000000121264,K-그린 딥테크 유럽 진출 지원 사업 참여기업 모집 공고,"<p>국내 녹색 대전환(GX)을 위한 그린 딥테크 분야 중소벤처기업의 글로벌 역량 강화를 위해 독일 연구, 혁신기관과의 기술실증(PoC), 진출 컨설팅을 지원하는 「K-그린 딥테크 유럽 진출 지원사업」에 대해 다음과 같이 안내하오니, 관심 있는 기업들의 많은 참여 부탁드립니다.</p><p><br></p><p style=""line-height: 1.8;"">☞ 독일(유럽) 진출 희망 그린 딥테크 분야 중소벤처기업</p><p style=""line-height: 1.8;"">- 친환경 에너지, 미래 모빌리티, 자원 순환 등 녹색 대전환(GX) 및 제조공정 지능화(AX), 저탄소 솔루션 관련 산업 영위 기업</p><p style=""line-height: 1.8;"">- 독일(유럽) 진출을 희망하며, 현지 기관과의 협업 프로그램 수행이 가능한 중소벤처기업(GBC 입주, 공유오피스 활용 기업 우대)</p><p><br></p><p>☞ 현지 연구ㆍ혁신 기관 협업을 통한 기술 실증(PoC), 시장 검증 및 현지 진출 컨설팅, 대기업 구매담당자 미팅 지원</p>",판로/수출,중소벤처기업진흥공단,중소벤처기업부,중소기업,해외진출준비,,,,,이메일 접수 (hwang@kosmes.or.kr),이메일 접수 (hwang@kosmes.or.kr),2026-04-20 ~ 2026-05-14,main,primary,False,k그린딥테크유럽진출지원사업참여기업모집공고|중소벤처기업진흥공단|20260420~20260514,k그린딥테크유럽진출지원사업참여기업모집공고,중소벤처기업진흥공단,20260420~20260514,www.bizinfo.go.kr/sii/siia/selectsiia200detail.do?pblancid=pbln_000000000121264,https://www.bizinfo.go.kr/sii/siia/selectSIIA200Detail.do?pblancId=PBLN_000000000121264
biz,PBLN_000000000121263,2026년 더현대글로벌×더셀렉츠 글로벌 팝업스토어(프랑스 파리) 참가사 모집 공고,"<p>한국콘텐츠진흥원에서 유망 디자이너 브랜드의 유통 경쟁력 강화 및 시장 진출 기반 마련을 위한 해외 홍보 및 팝업스토어 입점 지원을 하기 위해 「2026년 더현대글로벌×더셀렉츠 글로벌 팝업스토어(프랑스 파리)」사업을 추진하오니 많은 참여 바랍니다.</p><p><br></p><p style=""line-height: 1.8;"">☞ 연 매출 10억 원 이상의 한국 패션 디자이너 브랜드</p><p style=""line-height: 1.8;"">※ 자세한 지원대상 공고문 참조</p><p><br></p><p style=""line-height: 1.8;"">☞ 국내 유통사 연계 더셀렉츠 파리 팝업스토어 입점 및 현지 B2C 판매/홍보 등 지원</p><p style=""line-height: 1.8;"">- 팝업스토어 사전/사후 준비(상품 현지화, 해외 운송, 현지 물류, 상품 철수 등)</p><p style=""line-height: 1.8;"">- 팝업스토어 운영 지원(판매 스탭 투입 등)</p><p style=""line-height: 1.8;"">- 팝업스토어 온라인 마케팅 및 현지 이벤트 프로그램 운영 등 지원</p>",판로/수출,한국콘텐츠진흥원,문화체육관광부,소상공인,해외진출,,,,,온라인 접수 (한국콘텐츠진흥원 사업관리시스템),온라인 접수 (한국콘텐츠진흥원 사업관리시스템),2026-04-20 ~ 2026-05-11,main,primary,True,2026년더현대글로벌더셀렉츠글로벌팝업스토어참가사모집공고|한국콘텐츠진흥원|20260420~20260511,2026년더현대글로벌더셀렉츠글로벌팝업스토어참가사모집공고,한국콘텐츠진흥원,20260420~20260511,www.bizinfo.go.kr/sii/siia/selectsiia200detail.do?pblancid=pbln_000000000121263,https://www.bizinfo.go.kr/sii/siia/selectSIIA200Detail.do?pblancId=PBLN_000000000121263
biz,PBLN_000000000121262,[충북] 2026년 중소기업 온라인 마케팅 활성화 지원사업 참여기업 모집 공고,"<p>비대면 온라인 구매 확산 흐름을 반영한 신규 유통시장 개척 및 충청북도 중소기업의 온라인 판로를 지원하고자 다음과 같이 「2026 온라인 마케팅 활성화 지원」사업의 참가업체를 모집하오니, 관심 있는 중소기업의 많은 참여 바랍니다.</p><div><br></div><div style=""line-height: 1.8;"">☞ 충청북도 소재 중소기업(본사 또는 공장)</div><div style=""line-height: 1.8;"">※ 필수사항 - 통신판매업신고증</div><div style=""line-height: 1.8;""><br></div><div style=""line-height: 1.8;"">☞ 수혜기업 3개 소셜커머스 전체 참여(롯데ON, G마켓, 오아시스마켓) 입점지원, 기획전 등 온라인 판로 지원</div><div style=""line-height: 1.8;"">※ 자세한 지원내용 공고문 참조</div>",판로/수출,충청북도기업진흥원,충청북도,중소기업,온라인,,,,,"이메일 접수 (wamk619@gmail.com)
※ 파일명 : 기업명_온라인마케팅신청서
※ 신청서 및 서류는 일괄 스캔하여 하나의 파일로 신청하되, 기업 선정시 원본 서류를 송부해야하니 보관 하시기 바랍니다.","이메일 접수 (wamk619@gmail.com)
※ 파일명 : 기업명_온라인마케팅신청서
※ 신청서 및 서류는 일괄 스캔하여 하나의 파일로 신청하되, 기업 선정시 원본 서류를 송부해야하니 보관 하시기 바랍니다.",2026-04-20 ~ 2026-05-08,main,primary,False,충북2026년중소기업온라인마케팅활성화지원사업참여기업모집공고|충청북도기업진흥원|20260420~20260508,충북2026년중소기업온라인마케팅활성화지원사업참여기업모집공고,충청북도기업진흥원,20260420~20260508,www.bizinfo.go.kr/sii/siia/selectsiia200detail.do?pblancid=pbln_000000000121262,https://www.bizinfo.go.kr/sii/siia/selectSIIA200Detail.do?pblancId=PBLN_000000000121262
biz,PBLN_000000000121261,2026년 더현대글로벌×더셀렉츠 글로벌 팝업스토어(일본 도쿄) 참가사 모집 공고,"<p>한국콘텐츠진흥원에서 유망 디자이너 브랜드의 유통 경쟁력 강화 및 시장 진출 기반 마련을 위한 해외 홍보 및 팝업스토어 입점 지원을 하기 위해 「2026년 더현대글로벌×더셀렉츠 글로벌 팝업스토어(일본 도쿄)」사업을 추진하오니 많은 참여 바랍니다.</p><p><br></p><p style=""line-height: 1.8;"">☞ 2025년 연 매출 10억 원 이상의 한국 패션 디자이너 브랜드</p><p style=""line-height: 1.8;"">※ 자세한 지원대상 공고문 참조</p><p><br></p><p style=""line-height: 1.8;"">☞ 국내 유통사 연계 더셀렉츠 일본 팝업스토어 입점 및 현지 B2C 판매/홍보 등 지원</p><p style=""line-height: 1.8;"">- 팝업스토어 사전/사후 준비(상품 현지화, 해외 운송, 현지 물류, 상품 철수, 기본 인테리어 등)</p><p style=""line-height: 1.8;"">- 팝업스토어 운영 지원(판매 스탭 투입, 판매 집기 이용 등)</p><p style=""line-height: 1.8;"">- 팝업스토어 온라인 홍보ㆍ마케팅 지원(사전 시딩, 기프트 제작 등)</p>",판로/수출,한국콘텐츠진흥원,문화체육관광부,소상공인,해외진출,,,,,온라인 접수 (한국콘텐츠진흥원 사업관리시스템),온라인 접수 (한국콘텐츠진흥원 사업관리시스템),2026-04-20 ~ 2026-05-11,main,primary,True,2026년더현대글로벌더셀렉츠글로벌팝업스토어참가사모집공고|한국콘텐츠진흥원|20260420~20260511,2026년더현대글로벌더셀렉츠글로벌팝업스토어참가사모집공고,한국콘텐츠진흥원,20260420~20260511,www.bizinfo.go.kr/sii/siia/selectsiia200detail.do?pblancid=pbln_000000000121261,https://www.bizinfo.go.kr/sii/siia/selectSIIA200Detail.do?pblancId=PBLN_000000000121261
biz,PBLN_000000000121259,[충북] 2026년 방사광가속기 활용 연구개발지원사업 신규과제 모집 공고,"<p>충북과학기술혁신원은 방사광가속기의 산업체 활용도 제고 및 지역주력 산업 육성의 혁신성장 기반을 마련하기 위해 「방사광가속기 활용 연구개발 지원사업」의 신규과제를 다음과 같이 공고하오니 많은 참여 바랍니다.</p><div><br></div><p style=""line-height: 1.8;"">☞ 충북 소재 중소ㆍ중견기업 (대학(학) 또는 연구기관 (연) 간 컨소시엄 가능)<br></p><p style=""line-height: 1.8;"">- (주관기관) 부가가치세법 및 동법 시행령 제8조에 따라 공고일 기준 충청북도에 사업장, 공장, 연구소 중 1개를 보유하고 있는 중소ㆍ중견기업</p><p style=""line-height: 1.8;"">- (참여기관) 충북 또는 타 지역 대학, 연구기관, 지역특화센터, 지역혁신센터, 지자체 연구소 등</p><p><br></p><p style=""line-height: 1.8;"">☞ 방사광가속기 활용 분야 연구개발(과제당 37백만원 내외) 지원<br></p><p style=""line-height: 1.8;"">- 방사광가속기 빔라인 실험이 활용될 수 있는 연구개발 과제 지원</p><p style=""line-height: 1.8;"">- 포항가속기연구소의 빔라인을 활용하여 연구개발 과제 수행 등</p><p style=""line-height: 1.8;"">- 지원분야 : 방사광가속기 활용 전 분야 (바이오, 차세대에너지, 반도체, 소부장 등)</p>",기술,충북과학기술혁신원,충청북도,중소기업,혼합(단독+공동),,,,,온라인 접수 (충북과학기술혁신원 과제관리시스템),온라인 접수 (충북과학기술혁신원 과제관리시스템),2026-04-09 ~ 2026-05-07,main,primary,False,충북2026년방사광가속기활용연구개발지원사업신규과제모집공고|충북과학기술혁신원|20260409~20260507,충북2026년방사광가속기활용연구개발지원사업신규과제모집공고,충북과학기술혁신원,20260409~20260507,www.bizinfo.go.kr/sii/siia/selectsiia200detail.do?pblancid=pbln_000000000121259,https://www.bizinfo.go.kr/sii/siia/selectSIIA200Detail.do?pblancId=PBLN_000000000121259
biz,PBLN_000000000121258,[충북] 2026년 태국 방콕 메가쇼 참여기업 모집 공고,"<p>충청북도와 청주상공회의소는 도내 중소 중견기업들의 동남아 신흥 시장 개척을 위해 「2026 태국 방콕 메가쇼」충북공동관 참가 지원사업을 추진하오니 관심 기업들이 많은 참여 바랍니다.</p><p><br></p><p style=""line-height: 1.8;"">☞ 도내 소재 중소ㆍ중견기업</p><p style=""line-height: 1.8;"">※ 반드시 충북이 본점 소재지어야 함(공장 소재지로 참가 불가).</p><p><br></p><p style=""line-height: 1.8;"">☞ 독립부스 및 장치 비용의 80%, 전시 및 수출상담에 필요한 가구 및 집기, 바이어발굴 및 상담지원 등</p><p style=""line-height: 1.8;"">※ 자세한 지원내용 공고문 참조</p>",판로/수출,청주상공회의소,충청북도,중소기업,해외진출,,,,,온라인 접수 (충북 글로벌 마케팅 시스템),온라인 접수 (충북 글로벌 마케팅 시스템),2026-04-20 ~ 2026-05-04,main,primary,False,충북2026년태국방콕메가쇼참여기업모집공고|청주상공회의소|20260420~20260504,충북2026년태국방콕메가쇼참여기업모집공고,청주상공회의소,20260420~20260504,www.bizinfo.go.kr/sii/siia/selectsiia200detail.do?pblancid=pbln_000000000121258,https://www.bizinfo.go.kr/sii/siia/selectSIIA200Detail.do?pblancId=PBLN_000000000121258
biz,PBLN_000000000121257,2026년 글로벌 게임 현지화 지원(해외 이용자평가) 지원 공고,"<p>한국콘텐츠진흥원은 국산 게임의 글로벌 출시 성공률 제고를 위하여 「2026년 글로벌 게임 현지화 지원(해외 이용자평가)」사업의 지원게임을 다음과 모집하오니 많은 관심과 참여를 부탁드립니다.</p><p><br></p><p style=""line-height: 1.8;"">☞ 해외 직접 출시를 희망하는 국내 게임개발사</p><p style=""line-height: 1.8;"">- 공고일 기준 해외 정식 미출시 게임 또는 신청 권역 정식 미출시 게임</p><p style=""line-height: 1.8;"">※ 자세한 지원대상 공고문 참조</p><p><br></p><p style=""line-height: 1.8;"">☞ 권역별 해외 이용자평가(FGT) 총 3회(오프라인 1회, 온라인 2회) 지원</p><p style=""line-height: 1.8;"">※ 자세한 지원내용 공고문 참조</p>",판로/수출,한국콘텐츠진흥원,문화체육관광부,중소기업,시장개척,,,,,온라인 접수 (한국콘텐츠진흥원 사업관리시스템),온라인 접수 (한국콘텐츠진흥원 사업관리시스템),2026-04-27 ~ 2026-05-08,main,primary,False,2026년글로벌게임현지화지원지원공고|한국콘텐츠진흥원|20260427~20260508,2026년글로벌게임현지화지원지원공고,한국콘텐츠진흥원,20260427~20260508,www.bizinfo.go.kr/sii/siia/selectsiia200detail.do?pblancid=pbln_000000000121257,https://www.bizinfo.go.kr/sii/siia/selectSIIA200Detail.do?pblancId=PBLN_000000000121257
biz,PBLN_000000000121256,[제주] 제주시 2026년 청년농업인 농지임대료 지원사업 공고,"<p>2026년 청년농업인 농지 임대료 지원사업을 신청받고 있으니, 해당되는 농업인은 기한내에 신청하여 주시기 바랍니다.</p><p><br></p><p style=""line-height: 1.8;"">☞ 제주시에 주소를 두고 거주하면서, 농업경영체를 등록한 청년농업인(만19세 이상 ~ 45세 이하)으로 농지은행 사업을 통해 농지 임대차계약을 체결한 실 경작자</p><p style=""line-height: 1.8;"">- 시행연도 기준: 1981. 1. 1. ~ 2007. 12. 31. 출생자</p><p style=""line-height: 1.8;"">- 2026. 1. 1.(‘26년 신규계약 포함) 기준 농지 임대차계약을 유지하고 있는 자</p><p><br></p><p>☞ 한국농어촌공사의 농지은행 사업을 통해 농지 임대차 계약 시 임대료의 50% 지원</p>",경영,기초자치단체,제주특별자치도,중소기업,시설/입지지원,,,,,"방문 및 이메일 접수
- 접수처 : 제주시 친환경농정과(농정팀)
- 이메일 : ionell85@korea.kr","방문 및 이메일 접수
- 접수처 : 제주시 친환경농정과(농정팀)
- 이메일 : ionell85@korea.kr",2026-04-14 ~ 2026-05-04,main,primary,False,제주제주시2026년청년농업인농지임대료지원사업공고|기초자치단체|20260414~20260504,제주제주시2026년청년농업인농지임대료지원사업공고,기초자치단체,20260414~20260504,www.bizinfo.go.kr/sii/siia/selectsiia200detail.do?pblancid=pbln_000000000121256,https://www.bizinfo.go.kr/sii/siia/selectSIIA200Detail.do?pblancId=PBLN_000000000121256
biz,PBLN_000000000121255,[충북] 2026년 AI 저전력 고성능 첨단반도체 기술개발 지원사업 수혜기업 모집공고,"<p>충청북도가 지원하고 (재)충북테크노파크에서 수행하는 충북도내 AI, 첨단반도체 관련 기업의 기술ㆍ산업 경쟁력 강화를 통해 수급 문제 해결과 신시장 창출 및 산업 생태계 조성을 위한「2026 AI 저전력ㆍ고성능 첨단반도체 기술개발 지원사업」을 다음과 같이 공고하오니, 지역기업의 많은 참여 바랍니다. </p><p><br></p><p>☞  충북도내 본사ㆍ사업장(공장, 지사, 연구소)를 둔 AI, 첨단 반도체 및 관련 소재, 부품 등의 전/후방기업(중소, 벤처 및 중견기업)</p><p><br></p><p>☞ 저전력반도체(바이오) 기술개발, AI반도체 설계, 실증 기술개발, 시스템반도체융합부품 기술개발(모빌리티, 센서 등 반도체 적용분야) 지원</p>",기술,충북테크노파크,충청북도,중소기업,혼합(단독+공동),,,,,"온라인 및 방문 또는 우편 접수
- 접수처 : (28116) 충북 청주시 청원구 오창읍 연구단지로 76 충북테크노파크 스마트IT융합관 212-2호 반도체ㆍIT센터 신뢰성분석팀
- 온라인  : 충북테크노파크 기업지원종합정보망 4.0
※ 온라인 접수 후 제출서류 방문 또는 우편로 제출","온라인 및 방문 또는 우편 접수
- 접수처 : (28116) 충북 청주시 청원구 오창읍 연구단지로 76 충북테크노파크 스마트IT융합관 212-2호 반도체ㆍIT센터 신뢰성분석팀
- 온라인  : 충북테크노파크 기업지원종합정보망 4.0
※ 온라인 접수 후 제출서류 방문 또는 우편로 제출",2026-04-21 ~ 2026-05-12,main,primary,False,충북2026년ai저전력고성능첨단반도체기술개발지원사업수혜기업모집공고|충북테크노파크|20260421~20260512,충북2026년ai저전력고성능첨단반도체기술개발지원사업수혜기업모집공고,충북테크노파크,20260421~20260512,www.bizinfo.go.kr/sii/siia/selectsiia200detail.do?pblancid=pbln_000000000121255,https://www.bizinfo.go.kr/sii/siia/selectSIIA200Detail.do?pblancId=PBLN_000000000121255
biz,PBLN_000000000121254,[충북] 2026년 B2C 해외쇼핑몰 판매지원 사업 참여기업 모집 공고,"<p>충청북도와 청주상공회의소는 도내 수출기업의 해외시장 진출 기반을 강화하고, 글로벌 소비자 접근성을 제고하기 위해 「2026 B2C 해외쇼핑몰 판매지원」사업을 추진하오니 관심있는 기업에서는 적극 신청하시기 바랍니다.</p><p><br></p><p style=""line-height: 1.8;"">☞ 도내 중소ㆍ중견기업</p><p style=""line-height: 1.8;"">※ 도내 본점 또는 공장 소재지 업체만 지원 가능</p><p><br></p><p style=""line-height: 1.8;"">☞ 플랫폼 내ㆍ외부 마케팅 비용 일부(기업당 연 최대 3,500천원) 지원</p><p style=""line-height: 1.8;"">- 플랫폼 : 아마존(모든 국가), 라쿠텐(일본), 큐텐(일본), 쇼피(동남아), 라자다(동남아), 와일드베리즈(러시아) 등</p><p style=""line-height: 1.8;"">※ 자세한 지원내용 공고문 참조</p>",판로/수출,청주상공회의소,충청북도,중소기업,해외진출,,,,,온라인 접수 (CBGMS 충북글로벌마케팅시스템),온라인 접수 (CBGMS 충북글로벌마케팅시스템),예산 소진시까지,main,primary,False,충북2026년b2c해외쇼핑몰판매지원사업참여기업모집공고|청주상공회의소|,충북2026년b2c해외쇼핑몰판매지원사업참여기업모집공고,청주상공회의소,,www.bizinfo.go.kr/sii/siia/selectsiia200detail.do?pblancid=pbln_000000000121254,https://www.bizinfo.go.kr/sii/siia/selectSIIA200Detail.do?pblancId=PBLN_000000000121254
biz,PBLN_000000000121253,[부산] 2026년 특화 사회적경제모델 발굴 및 집중 육성사업 참가기업 모집 공고,"<p>부산광역시와 부산경제진흥원은 지역 자원 활용 및 연대·협력을 통해 ESG 경영과 상생협력을 실천하고, 지역사회에 특화된 긍정적 가치를 창출할 ‘2026년 부산형(특화) 사회적경제모델 발굴 및 집중육성’ 지원사업을 시행합니다. 지역사회와 함께 성장하고자 하는 부산 사회적경제기업 및 관련 단체의 많은 관심과 참여를 바랍니다.</p><p><br></p><p>☞ 부산 사회적경제기업</p><p><br></p><p style=""line-height: 1.8;"">☞ 사업모델 개발비 지원(1사당 최대 8,000천원)</p><p style=""line-height: 1.8;"">- 제품 및 굿즈 개발, 프로그램 운영 지원</p><p style=""line-height: 1.8;"">※ 자세한 지원내용 공고문 참조</p>",경영,부산경제진흥원,부산광역시,사회적기업,디자인/상품화/사업화,,,,,"이메일 접수 (myouth1991@bepa.kr)
※ 신청서 이메일 제출 후 접수 확인(051-600-1395) 필수","이메일 접수 (myouth1991@bepa.kr)
※ 신청서 이메일 제출 후 접수 확인(051-600-1395) 필수",2026-04-20 ~ 2026-05-18,main,primary,False,부산2026년특화사회적경제모델발굴및집중육성사업참가기업모집공고|부산경제진흥원|20260420~20260518,부산2026년특화사회적경제모델발굴및집중육성사업참가기업모집공고,부산경제진흥원,20260420~20260518,www.bizinfo.go.kr/sii/siia/selectsiia200detail.do?pblancid=pbln_000000000121253,https://www.bizinfo.go.kr/sii/siia/selectSIIA200Detail.do?pblancId=PBLN_000000000121253
biz,PBLN_000000000121252,싱가포르 K-콘텐츠ㆍIP 파트너십 데이 참가기업 모집 공고,"<p>싱가포르를 거점으로 K-콘텐츠 및 IP의 해외 파트너십, 공동제작, 투자유치 기반을 마련하여 동남아시아 등 해외시장진출 지원해드리는 사업입니다.</p><p><br></p><p style=""line-height: 1.8;"">☞ 싱가포르를 거점으로 해외진출, 투자유치, 공동제작, 파트너십 등을 희망하는 방송, 영화 등 콘텐츠 제작 및 스토리, IP 비즈니스 기업</p><p style=""line-height: 1.8;"">※ 자세한 지원대상 공고문 참조</p><p><br></p><p style=""line-height: 1.8;"">☞ 비즈니스(1:1 사전 컨설팅, 맞춤형 비즈니스 매칭 및 상담회 참가, 쇼케이스 피칭 기회 제공 등), 출장(왕복 항공료 등) 지원</p><p style=""line-height: 1.8;"">※ 자세한 지원내용 공고문 참조</p>",판로/수출,한국콘텐츠진흥원,문화체육관광부,중소기업,해외진출,,,,,온라인 접수 (콘텐츠수출마케팅플랫폼),온라인 접수 (콘텐츠수출마케팅플랫폼),2026-04-17 ~ 2026-05-07,main,primary,False,싱가포르k콘텐츠ㆍip파트너십데이참가기업모집공고|한국콘텐츠진흥원|20260417~20260507,싱가포르k콘텐츠ㆍip파트너십데이참가기업모집공고,한국콘텐츠진흥원,20260417~20260507,www.bizinfo.go.kr/sii/siia/selectsiia200detail.do?pblancid=pbln_000000000121252,https://www.bizinfo.go.kr/sii/siia/selectSIIA200Detail.do?pblancId=PBLN_000000000121252
biz,PBLN_000000000121251,2026년 멕시코 멕시코시티 뷰티 엑스포 미용 전시회 (Expo Beauty Show 2026) 한국관 참가기업 모집 공고,"<p>KOTRA와 한국뷰티산엄무역원은 2026년 10월 24일 ~ 10월 26일 (3일간) 멕시코 멕시코시티에서 개최되는 ‘2026 멕시코 멕시코시티 뷰티엑스포 전시회(Expo Beauty Show 2026)’ 한국관 참가기업을 아래와 같이 모집하오니 관심기업들의 많은 신청 바랍니다. </p><p><br></p><p style=""line-height: 1.8;"">☞ '2026 멕시코 멕시코시티 뷰티엑스포 전시회' 한국관 참가를 희망하는 기업</p><p style=""line-height: 1.8;"">- 전시품목 : 화장품, 헤어 및 네일 장비, 미용기기, 스파 등</p><p><br></p><p>☞ 부스임차료와 장치비의 50%이내, 운송비 1CBM 편도 100%, 한국관 디렉토리 제작비 100%, 행정, 마케팅 및 홍보, 전시회 현장 지원</p>",판로/수출,대한무역투자진흥공사,산업통상부,중소기업,해외진출,,,,,"아래 4가지 신청을 모두 완료해야 최종 신청 완료로 간주 
① 온라인 접수 (무역투자24 또는 글로벌 전시 플랫폼)
② 수행기관 부속서류 이메일 접수 (한국뷰티산업무역원 : kbita1@naver.com / KOTRA 해외전시팀 : jwchoi@kotra.or.kr)
③ buyKOREA 온라인 상품정보 등록/갱신 
④ 참가 신청금 납부","아래 4가지 신청을 모두 완료해야 최종 신청 완료로 간주 
① 온라인 접수 (무역투자24 또는 글로벌 전시 플랫폼)
② 수행기관 부속서류 이메일 접수 (한국뷰티산업무역원 : kbita1@naver.com / KOTRA 해외전시팀 : jwchoi@kotra.or.kr)
③ buyKOREA 온라인 상품정보 등록/갱신 
④ 참가 신청금 납부",2026-04-17 ~ 2026-05-08,main,primary,False,2026년멕시코멕시코시티뷰티엑스포미용전시회한국관참가기업모집공고|대한무역투자진흥공사|20260417~20260508,2026년멕시코멕시코시티뷰티엑스포미용전시회한국관참가기업모집공고,대한무역투자진흥공사,20260417~20260508,www.bizinfo.go.kr/sii/siia/selectsiia200detail.do?pblancid=pbln_000000000121251,https://www.bizinfo.go.kr/sii/siia/selectSIIA200Detail.do?pblancId=PBLN_000000000121251
biz,PBLN_000000000121250,[경북] 2026년 가속기 활용 산업체 지원 사업 현장교육 및 전문가 컨설팅 참여기업 모집 공고,"<p>경상북도와 경북테크노파크는 국가핵심연구시설의 산업체 이용률을 제고하고 중소/중견기업의 경쟁력 및 기술력 강화를 위해 「2026년도 가속기 활용 산업체 지원 사업」의 일환으로 가속기 활용 전문가 컨설팅 참여기업을 다음과 같이 모집 공고하오니 많은 관심과 참여 부탁드립니다.</p><p><br></p><p style=""line-height: 1.8;"">☞ 경북 소재 중소ㆍ중견기업</p><p style=""line-height: 1.8;"">※ 경북 도내에 본사, 공장, 연구소 중 1개 이상 보유 기업</p><p style=""line-height: 1.8;"">- 가속기 활용 가능 全 분야 : 반도체 및 디스플레이, 에너지, 제약 및 바이오, 철강 및 금속, 자동차 및 항공우주, 나노기술, 기타</p><p style=""line-height: 1.8;"">※ 자세한 지원대상 공고문 참조</p><p><br></p><p style=""line-height: 1.8;"">☞ 현장전문 교육, 전문가 컨설팅 지원</p><p style=""line-height: 1.8;"">- 현장전문 교육 : 분야별(산업ㆍ업종별) 가속기 활용 현장 전문 교육(연구시설별 실시)</p><p style=""line-height: 1.8;"">- 전문가 컨설팅 : 가속기 전문가 매칭을 통한 컨설팅 실시(5회 이내)</p><p style=""line-height: 1.8;"">※ 자세한 지원내용 공고문 참조</p>",경영,경북테크노파크,경상북도,중소기업,교육,,,,,온라인 접수 (경북테크노파크),온라인 접수 (경북테크노파크),2026-04-16 ~ 2026-04-30,main,primary,False,경북2026년가속기활용산업체지원사업현장교육및전문가컨설팅참여기업모집공고|경북테크노파크|20260416~20260430,경북2026년가속기활용산업체지원사업현장교육및전문가컨설팅참여기업모집공고,경북테크노파크,20260416~20260430,www.bizinfo.go.kr/sii/siia/selectsiia200detail.do?pblancid=pbln_000000000121250,https://www.bizinfo.go.kr/sii/siia/selectSIIA200Detail.do?pblancId=PBLN_000000000121250
biz,PBLN_000000000121249,[경북] 안동시 2026년 중소기업 근로환경 개선사업 참여기업 모집 공고,"<p>안동시 중소기업 육성 및 지원 등에 관한 조례에 의거 안동시와 경상북도경제진흥원에서 추진하는 「2026년 안동시 중소기업 근로환경 개선사업」참여 기업을 모집하오니 근로환경ㆍ안전 개선을 희망하는 안동시 내 중소기업의 많은 참여를 바랍니다.</p><p><br></p><p style=""line-height: 1.8;"">☞ 안동시 소재 중소기업(제조업) 중 아래의 요건을 모두 충족하는 기업</p><p style=""line-height: 1.8;"">- 안동시 내 중소기업(제조업)으로 공장등록증을 보유(또는 건물건축물대장용도가 “공장” 또는 “제조업소”인 기업)하고 신청일 현재 가동중인 기업</p><p style=""line-height: 1.8;"">- 공고일 기준 관내 사업자 등록 후 1년 이상 계속 영업 중인 기업</p><p><br></p><p style=""line-height: 1.8;"">☞ 중소기업 근로환경 및 안전 개선(기업당 금20,000,000원) 지원</p><p style=""line-height: 1.8;"">- 위험 요소 제거를 위한 전기 공사, 노후화 전기설비 개보수</p><p style=""line-height: 1.8;"">- 소방 장치 신설 및 개보수</p><p style=""line-height: 1.8;"">- 분진 및 유해물질 제거를 위한 배기장치, 환기시설, 집진 장치 공사</p><p style=""line-height: 1.8;"">- 기업 안전 개선을 위한 내외부 공사(바닥, 소음방지, 조명, 주차 등)</p><p style=""line-height: 1.8;"">- 기업 근로환경 개선을 위한 내외부 공사(기숙사, 식당, 화장실, 샤워실, 정화조, 등 개보수)</p>",인력/일자리,경상북도경제진흥원,경상북도,중소기업,작업환경개선,,,,,"이메일 접수 (gepa_north@naver.com)
- 신청서류를 스캔하여 하나의 pdf 파일로 이메일 제출","이메일 접수 (gepa_north@naver.com)
- 신청서류를 스캔하여 하나의 pdf 파일로 이메일 제출",2026-04-17 ~ 2026-05-08,main,primary,False,경북안동시2026년중소기업근로환경개선사업참여기업모집공고|경상북도경제진흥원|20260417~20260508,경북안동시2026년중소기업근로환경개선사업참여기업모집공고,경상북도경제진흥원,20260417~20260508,www.bizinfo.go.kr/sii/siia/selectsiia200detail.do?pblancid=pbln_000000000121249,https://www.bizinfo.go.kr/sii/siia/selectSIIA200Detail.do?pblancId=PBLN_000000000121249
biz,PBLN_000000000121248,[부산] 2026년 창업어가 멘토링 사업 대상자 모집 공고,"<p>「2026년 창업어가 멘토링 사업시행지침」에 따라 금년도 사업 시행을 위하여 아래와 같이 사업 대상자(창업어가, 후견인) 모집 공고합니다.</p><p><br></p><p style=""line-height: 1.8;"">☞ 공고일 이전부터 부산시에 거주하면서 아래의 각 호에 해당하는 자</p><p style=""line-height: 1.8;"">- (창업어가) `21년 1월 1일 이후 어업인후계자로 선정되었거나 귀어한 어업인, `26년(이월사업 포함) 귀어 창업자금 지원(예정)자</p><p style=""line-height: 1.8;"">- (후견인) 수산 신지식인, 수산ㆍ지도ㆍ연구직 퇴직공무원 및 수산계 대학교수 등 수산분야 전문가, 선도우수경영인, 전업경영인, 수산양식ㆍ제조ㆍ어로기술사자격증 소지자, 동종 어업분야에 10년 이상 종사한 어업인 등</p><p><br></p><p style=""line-height: 1.8;"">☞ (창업어가) 후견인을 통해 기술ㆍ경영 측면 등에 대한 교육ㆍ지도 등 지원</p><p style=""line-height: 1.8;"">- (후견인) 후견 활동에 대한 자금 지원</p>",경영,부산광역시수산자원연구소,부산광역시,소상공인,컨설팅,,,,,"방문 접수
- 접수처 : 부산광역시 수산자원연구소(강서구 명지오션시티7로 12 (명지동))","방문 접수
- 접수처 : 부산광역시 수산자원연구소(강서구 명지오션시티7로 12 (명지동))",2026-04-20 ~ 2026-05-08,main,primary,False,부산2026년창업어가멘토링사업대상자모집공고|부산광역시수산자원연구소|20260420~20260508,부산2026년창업어가멘토링사업대상자모집공고,부산광역시수산자원연구소,20260420~20260508,www.bizinfo.go.kr/sii/siia/selectsiia200detail.do?pblancid=pbln_000000000121248,https://www.bizinfo.go.kr/sii/siia/selectSIIA200Detail.do?pblancId=PBLN_000000000121248
biz,PBLN_000000000121247,[전남] 2026년 3D프린팅 모형설계 및 후가공 수혜기업 모집 공고,"<p>(재)전남테크노파크는 전남 도민의 창의적 아이디어를 발굴하고, 이를 IP 권리화 및 사업화로 연계해 지역 경제 활성화에 기여하고자「IP디딤돌 프로그램」을 운영하고 있습니다. 이 프로그램의 일환으로 시제품 제작 지원사업인「2026년 3D프린팅 모형설계 및 후가공」을 운영하오니, 많은 관심과 참여 바랍니다.</p><div><br></div><div>☞ IP창업Zone 수료생(‘25년 ~＇26년) (개인 및 기창업자 등) 중 IP 디딤돌 프로그램 권리화 지원사업 수혜자</div><div>- 실제 구현 가능성 검토가 필요하며, 출력 가능한 시제품 아이템</div><div>※ 제외대상 : 일반 형태의 피규어</div><div><br></div><div style=""line-height: 1.8;"">☞ 3D프린팅 모형설계(시제품 도면 설계) 1인 1건</div><div style=""line-height: 1.8;"">- 3D프린팅 모형제작 및 후가공(3D프린팅을 통한 출력 및 후가공) 1인 1건</div>",창업,전남테크노파크,전라남도,창업벤처,예비창업자지원,,,,,"우편 또는 이메일 접수
- 접수처 : 무안군 삼향읍 오룡3길 2, 4층 전남지식재산센터 
- 이메일 : up1234@jntp.or.kr","우편 또는 이메일 접수
- 접수처 : 무안군 삼향읍 오룡3길 2, 4층 전남지식재산센터 
- 이메일 : up1234@jntp.or.kr",예산 소진시 까지,main,primary,False,전남2026년3d프린팅모형설계및후가공수혜기업모집공고|전남테크노파크|,전남2026년3d프린팅모형설계및후가공수혜기업모집공고,전남테크노파크,,www.bizinfo.go.kr/sii/siia/selectsiia200detail.do?pblancid=pbln_000000000121247,https://www.bizinfo.go.kr/sii/siia/selectSIIA200Detail.do?pblancId=PBLN_000000000121247
biz,PBLN_000000000121246,[경기] 부천시 2026년 중소기업 기술혁신 지원사업 모집 공고,"<p>부천산업진흥원은 지역 중소기업 기술 육성 및 지역산업 경쟁력 강화를 위해 다음과 같이 「2026년 부천시 중소기업 기술혁신 지원사업」모집 공고를 추진하오니 관심 있는 기업의 많은 참여 바랍니다.</p><p><br></p><p>☞ 부천 소재(본사) 제조 및 지식서비스 분야 중소기업</p><p><br></p><p style=""line-height: 1.8;"">☞ 기술혁신을 위한 R&D 및 기술화 지원, 사업화(마케팅 등) 지원</p><p style=""line-height: 1.8;"">※ 자세한 지원내용 공고문 참조</p>",기술,부천산업진흥원,경기도,중소기업,기술사업화/이전/지도,,,,,온라인 접수 (부천산업진흥원),온라인 접수 (부천산업진흥원),2026-04-16 ~ 2026-05-07,main,primary,False,경기부천시2026년중소기업기술혁신지원사업모집공고|부천산업진흥원|20260416~20260507,경기부천시2026년중소기업기술혁신지원사업모집공고,부천산업진흥원,20260416~20260507,www.bizinfo.go.kr/sii/siia/selectsiia200detail.do?pblancid=pbln_000000000121246,https://www.bizinfo.go.kr/sii/siia/selectSIIA200Detail.do?pblancId=PBLN_000000000121246
biz,PBLN_000000000121245,[경북] 안동시 2026년 강소기업 육성 기반구축 사업 참여기업 모집 공고,"<p>안동시와 경상북도경제진흥원은 안동지역 중소기업의 수요를 반영한 맞춤형 매뉴사업 지원으로 기업의 경쟁력을 강화하기 위한「2026년 강소기업 육성 기반구축 사업」을 다음과 같이 공고하오니 관심 있는 기업의 많은 참여를 바랍니다.</p><p><br></p><div style=""line-height: 1.8;"">☞ 안동시에 사업장을 둔 중소기업(제조업)</div><div><div style=""line-height: 1.8;"">- 안동시 내 중소기업(제조업)으로 공장등록증을 보유(또는 건물건축물대장 용도가 “공장” 또는 “제조업소”인 기업)하고 신청일 현재 가동중인 기업</div></div><div><br></div><div style=""line-height: 1.8;"">☞ 기업별 최대 15백만원 지원</div><div style=""line-height: 1.8;"">- 디자인 개발, 홍보물 제작, 제품생산지원, 컨설팅 지원, 마케팅 지원, AI 활용 지원, 인력양성 지원</div><div style=""line-height: 1.8;"">※ 자세한 사항 공고문 참조</div>",경영,경상북도경제진흥원,경상북도,중소기업,디자인/상품화/사업화,,,,,"이메일 접수 (gepa_north@naver.com)
- 신청서류를 스캔하여 하나의 pdf 파일로 이메일 제출
","이메일 접수 (gepa_north@naver.com)
- 신청서류를 스캔하여 하나의 pdf 파일로 이메일 제출
",2026-04-17 ~ 2026-05-08,main,primary,False,경북안동시2026년강소기업육성기반구축사업참여기업모집공고|경상북도경제진흥원|20260417~20260508,경북안동시2026년강소기업육성기반구축사업참여기업모집공고,경상북도경제진흥원,20260417~20260508,www.bizinfo.go.kr/sii/siia/selectsiia200detail.do?pblancid=pbln_000000000121245,https://www.bizinfo.go.kr/sii/siia/selectSIIA200Detail.do?pblancId=PBLN_000000000121245
biz,PBLN_000000000121244,[대전] 2026년 대기업 유통사 연계 판로확대 지원사업 참여기업 모집 공고(꿈씨상회 및 아시나요(롯데백화점 연계)),"<p>대기업 유통사 연계를 통해 대전기업의 국내 판로 확대 및 유통망 개척을 위한 「2026년 대기업 유통사 연계 판로확대 지원사업」의 꿈씨상회 및 아시나요 프로그램에 참여기업을 아래와 같이 모집하오니 많은 관심과 참여바랍니다.</p><p><br></p><p style=""line-height: 1.8;"">☞ 공고일 기준 대전 관내 본사 또는 공장을 둔 중소기업</p><p style=""line-height: 1.8;"">- (꿈씨상회) 품목 제한 없음 / 꿈씨 굿즈, 도자기, 접시도 가능</p><p style=""line-height: 1.8;"">- (아시나요) 대전이 원조인 유명 식품 브랜드</p><p><br></p><p style=""line-height: 1.8;"">☞ 롯데백화점 대전점 팝업스토어 종합 지원</p><p style=""line-height: 1.8;"">- 판매대 디자인 및 설치, 필요 소품, 온오프라인 홍보 지원 등</p>",판로/수출,대전일자리경제진흥원,대전광역시,중소기업,홍보지원,,,,,온라인 접수 (대전비즈 홈페이지),온라인 접수 (대전비즈 홈페이지),2026-04-20 ~ 2026-05-03,main,primary,False,대전2026년대기업유통사연계판로확대지원사업참여기업모집공고|대전일자리경제진흥원|20260420~20260503,대전2026년대기업유통사연계판로확대지원사업참여기업모집공고,대전일자리경제진흥원,20260420~20260503,www.bizinfo.go.kr/sii/siia/selectsiia200detail.do?pblancid=pbln_000000000121244,https://www.bizinfo.go.kr/sii/siia/selectSIIA200Detail.do?pblancId=PBLN_000000000121244
biz,PBLN_000000000121243,[울산] 2026년 중소기업 AI인프라 육성자금 지원계획 변경 공고,"<p>「울산광역시 중소기업육성기금 조례」 제12조의 규정에 의거 「2026년 중소기업 AI인프라 육성자금 지원계획 변경 공고」를 다음과 같이 공고합니다.</p><p><br></p><p style=""line-height: 1.8;"">☞ 관내 사업장을 두었거나 둘 예정인 중소기업(자금사용처가 관내인 경우)</p><p style=""line-height: 1.8;"">※ 자세한 지원대상 공고문 참</p><p><br></p><p style=""line-height: 1.8;"">☞ AI인프라자금(시설자금 업체당 최대 8억 이내, 경영안정자금(운전자금) 업체당 최대 6억 이내) 지원</p><p style=""line-height: 1.8;"">- 대출이자 중 일부 지원(2~2.5% 이내/운전자금-우대기업 0.5% 가산 포함)</p><p style=""line-height: 1.8;"">※ 자세한 지원내용 공고문 참조</p>",자금,울산경제일자리진흥원,울산광역시,중소기업,융자,,,,,"온라인 접수 (울산경제일자리진흥원 기금융자관리시스템)
※ 반드시 「신청서 작성요령, p.18」을 참고하여 작성","온라인 접수 (울산경제일자리진흥원 기금융자관리시스템)
※ 반드시 「신청서 작성요령, p.18」을 참고하여 작성",예산 소진시까지,main,primary,False,울산2026년중소기업ai인프라육성자금지원계획변경공고|울산경제일자리진흥원|,울산2026년중소기업ai인프라육성자금지원계획변경공고,울산경제일자리진흥원,,www.bizinfo.go.kr/sii/siia/selectsiia200detail.do?pblancid=pbln_000000000121243,https://www.bizinfo.go.kr/sii/siia/selectSIIA200Detail.do?pblancId=PBLN_000000000121243
biz,PBLN_000000000121241,2026년 혁신의료기기 안전관리 전주기 기술지원 참여기업 모집 공고,"<p>식품의약품안전처에서 주관하고 한국의료기기안전정보원에서 수행하는 「2026년 혁신의료기기 안전관리 전주기 기술지원」 사업을 위한 참여기업 모집을 아래와 같이 공고하오니, 관심 있는 기업들의 적극적인 참여를 바랍니다.</p><p><br></p><p>☞ 혁신의료기기 지정 준비 업체, 혁신형 기업 제품 및 NET선정제품 보유 업체, 국내ㆍ외 혁신의료기기 지원제도 선정제품 보유 업체 등</p><p><br></p><p style=""line-height: 1.8;"">☞ 업체 애로사항 및 기업 진단 기반 개발 단계별 맞춤형 종합 자문 제공</p><p style=""line-height: 1.8;"">- ① 혁신의료기기 지정 기술지원 : 지정 자료 자문(일반 및 통합심사 절차, 자료 등), 단계별 심사 안내</p><p style=""line-height: 1.8;"">- ② 전주기 단계별 기술지원 : 설계ㆍ개발, 시험검사, GMP, 임상시험, 국내 인허가</p><p style=""line-height: 1.8;"">- ③ 해외인허가 : 국가별 인허가 대응 방안, 제품개발 국제 동향 정보 등 해외진출관련 프로그램 정보제공</p><p style=""line-height: 1.8;"">※ 업체당 1개 제품만 신청 가능</p>",기술,한국의료기기안전정보원,식품의약품안전처,중소기업,기술정보제공,,,,,이메일 접수 (innovation@nids.or.kr),이메일 접수 (innovation@nids.or.kr),2026-04-16 ~ 2026-04-30,main,primary,False,2026년혁신의료기기안전관리전주기기술지원참여기업모집공고|한국의료기기안전정보원|20260416~20260430,2026년혁신의료기기안전관리전주기기술지원참여기업모집공고,한국의료기기안전정보원,20260416~20260430,www.bizinfo.go.kr/sii/siia/selectsiia200detail.do?pblancid=pbln_000000000121241,https://www.bizinfo.go.kr/sii/siia/selectSIIA200Detail.do?pblancId=PBLN_000000000121241
biz,PBLN_000000000121240,[전남] 2026년 2차 지식재산 긴급지원사업 모집 공고,"<p> 지역 중소기업에 맞춤형 지식재산 서비스를 지원하는 ‘지식재산 긴급지원’ 사업의 2026년 시행 계획을 다음과 같이 공고하오니 사업에 참여하고자 하는 기업의 많은 신청 바랍니다.</p><p><br></p><p>☞ 본사기준 전라남도 지역소재 중소기업 (「중소기업 기본법」 제2조 및 동법 시행령 제3조에 의거)</p><p><br></p><p style=""line-height: 1.8;"">☞ 지식재산 전문가의 IP현안 진단을 통해 컨설턴트 직접 컨설팅을 제공하고, 외부기관(분야별 전문기관)과 함께 국내맞춤 특허ㆍ디자인전략, 디자인ㆍ브랜드개발, 특허기술홍보영상제작, 국내ㆍ해외출원비용 등을 지원 (기업 당 2,000만원 이내)</p><p style=""line-height: 1.8;"">※ 자세한 지원내용 공고문 참조</p>",판로/수출,전남지식재산센터,전라남도,중소기업,해외진출,,,,,온라인 접수 (지역지식재산센터 사업관리시스템),온라인 접수 (지역지식재산센터 사업관리시스템),2026-04-17 ~ 2026-05-07,main,primary,False,전남2026년2차지식재산긴급지원사업모집공고|전남지식재산센터|20260417~20260507,전남2026년2차지식재산긴급지원사업모집공고,전남지식재산센터,20260417~20260507,www.bizinfo.go.kr/sii/siia/selectsiia200detail.do?pblancid=pbln_000000000121240,https://www.bizinfo.go.kr/sii/siia/selectSIIA200Detail.do?pblancId=PBLN_000000000121240
biz,PBLN_000000000121239,[전북] 2026년 산업체 애로기술 해결을 위한 기술자문 참여기업 모집 공고(지역지능화혁신인재양성사업),"<p>(재)전북테크노파크에서는「지역지능화혁신인재양성사업」의 일환으로 전북지역 산업체의 애로기술 해결을 위한 기술자문을 지원하고자 하오니 참여를 희망하는 기업은 많은 신청 바랍니다.</p><p><br></p><p>☞ 신청일 기준 전북지역에 소재한(본사, 기업부설연구소) 기업</p><p><br></p><p style=""line-height: 1.8;"">☞ 개발기술 성과물의 현장 적용, 기술 실행과정에서 애로사항을 가지고 있는 전북지역 산업체 대상으로 기술자문 지원</p><p style=""line-height: 1.8;"">- 산업체의 기술 애로사항을 고려하여 산업체-전문가 기술지원 컨설팅(자문)매칭 및 산업체-전문가간 기술자문 수행</p><p style=""line-height: 1.8;"">- 기술자문 분야 : 농생명바이오, 첨단융복합소재, 미래모빌리티, ICT/SW분야에 특화된 인공지능, 빅데이터, 지능화기술</p>",경영,전북테크노파크,전북특별자치도,중소기업,컨설팅,,,,, 이메일 접수(hijung@jbtp.or.kr), 이메일 접수(hijung@jbtp.or.kr),모집 완료 시,main,primary,False,전북2026년산업체애로기술해결을위한기술자문참여기업모집공고|전북테크노파크|,전북2026년산업체애로기술해결을위한기술자문참여기업모집공고,전북테크노파크,,www.bizinfo.go.kr/sii/siia/selectsiia200detail.do?pblancid=pbln_000000000121239,https://www.bizinfo.go.kr/sii/siia/selectSIIA200Detail.do?pblancId=PBLN_000000000121239
biz,PBLN_000000000121238,[충북] 2026년 반도체 소부장 기술개발 지원사업 수혜기업 모집 공고,"<p>충청북도와 (재)충북테크노파크에서는 반도체 소재, 부품, 장비 분야 지역기업의 핵심기술 국산화를 지원하여 글로벌 경쟁 및 공급망 불안에 대응하고, 소부장 기업의 경쟁력 강화와 산업 생태계 활성화를 통해 일자리 창출과 매출 증대를 도모하고자 「2026 반도체 소부장 기술개발 지원사업」을 다음과 같이 공고하오니, 지역기업의 많은 관심과 참여 바랍니다.</p><p><br></p><p>☞ 충청북도 내 반도체 소부장 산업을 성장시키고 사업화 가능성이 있으며, 사업장(본사, 지사, 연구소)이 위치한 반도체 전ㆍ후방 기업</p><p><br></p><p>☞ 반도체 소부장 기술개발 R&D 지원</p>",기술,충북테크노파크,충청북도,중소기업,기술사업화/이전/지도,,,,,온라인 접수 (충북테크노파크),온라인 접수 (충북테크노파크),2026-04-17 ~ 2026-05-08,main,primary,False,충북2026년반도체소부장기술개발지원사업수혜기업모집공고|충북테크노파크|20260417~20260508,충북2026년반도체소부장기술개발지원사업수혜기업모집공고,충북테크노파크,20260417~20260508,www.bizinfo.go.kr/sii/siia/selectsiia200detail.do?pblancid=pbln_000000000121238,https://www.bizinfo.go.kr/sii/siia/selectSIIA200Detail.do?pblancId=PBLN_000000000121238
biz,PBLN_000000000121237,[강원] 2026년 전기ㆍ수소차 분야 수요기술 사업화 지원사업 참여기업 모집 공고(전기차 충돌 후 배터리 핵심부품 안전성 확보 지원사업),"<p>강원특별자치도 내 대학 및 공공 연구기관 기술을 도입한 전기ㆍ수소차 분야 기업을 대상으로 수요기술 사업화 지원사업을 추진하고자 하오니 기술이전ㆍ사업화에 관심있는 기업들의 많은 참여를 바랍니다.</p><p><br></p><p>☞ 최근 2년간(2025~2026년) 도내 전기ㆍ수소차 분야 기술이전 완료 또는 기술도입 예정인 기업</p><p><br></p><p style=""line-height: 1.8;"">☞ 기술개발 제품의 사업화를 위한 분야별(제품공정, 시제품, 품질관리, 시험평가 등) 기술 지원</p><p style=""line-height: 1.8;"">- 기업별 최대 10백만원 이내, 2개 프로그램 신청 가능</p>",기술,강원테크노파크,강원특별자치도,중소기업,기술사업화/이전/지도,,,,,"이메일, 우편, 방문 접수
- 이메일 : sonjy@gwtp.or.kr
- 접수처 : 강원테크노파크 기업지원단 지역산업ㆍ위기지원팀","이메일, 우편, 방문 접수
- 이메일 : sonjy@gwtp.or.kr
- 접수처 : 강원테크노파크 기업지원단 지역산업ㆍ위기지원팀",2026-04-20 ~ 2026-05-08,main,primary,False,강원2026년전기ㆍ수소차분야수요기술사업화지원사업참여기업모집공고|강원테크노파크|20260420~20260508,강원2026년전기ㆍ수소차분야수요기술사업화지원사업참여기업모집공고,강원테크노파크,20260420~20260508,www.bizinfo.go.kr/sii/siia/selectsiia200detail.do?pblancid=pbln_000000000121237,https://www.bizinfo.go.kr/sii/siia/selectSIIA200Detail.do?pblancId=PBLN_000000000121237
biz,PBLN_000000000121236,2026년 디지털혁신기술국제공동연구사업 신규지원 대상과제 연장 공고,"<p>2026년도 디지털혁신기술국제공동연구사업의 신규지원 대상과제를 다음과 같이 공고하오니 동 사업에 참여를 희망하는 기관(기업) 등은 관련 규정 및 절차에 따라 신청하여 주시기 바랍니다.</p><p><br></p><p>☞ 기업, 대학, 연구기관, 연구조합, 사업자단체 등 관련 규정에 해당되는 기관</p><p><br></p><p style=""line-height: 1.8;"">☞ 디지털혁신기술국제공동연구(별도과제형, 일반형) 연구개발비 지원</p><p style=""line-height: 1.8;"">※ 자세한 지원내용 공고문 참조</p>",기술,정보통신기획평가원,과학기술정보통신부,중소기업,혼합(단독+공동),,,,,온라인 접수 (범부처통합연구지원시스템),온라인 접수 (범부처통합연구지원시스템),2026-01-28 ~ 2026-04-29,main,primary,False,2026년디지털혁신기술국제공동연구사업신규지원대상과제연장공고|정보통신기획평가원|20260128~20260429,2026년디지털혁신기술국제공동연구사업신규지원대상과제연장공고,정보통신기획평가원,20260128~20260429,www.bizinfo.go.kr/sii/siia/selectsiia200detail.do?pblancid=pbln_000000000121236,https://www.bizinfo.go.kr/sii/siia/selectSIIA200Detail.do?pblancId=PBLN_000000000121236
biz,PBLN_000000000121235,[경북] 2026년 글로벌 스타트업 패키지 참가기업 모집 공고,"<p>세계시장을 선도할 첨단 기술아이템을 보유한 스타트업의 혁신 기술 창업 성공률 제고 및 글로벌 시장 진출 지원을 위한「2026년 경북 글로벌 스타트업 패키지」사업에 참여할 스타트업을 모집합니다 . 글로벌 진출을 희망하는 스타트업의 많은 지원 바랍니다.</p><p><br></p><p>☞ 경북 지역에 본사 또는 주된 사무소(지사, 연구소, 공장)를 두고 있는 7년 이내 창업기업 (공고일 기준, 이전 예정 기업 불가)</p><p>※ 단 , 신산업 분야는 업력 10 년 이내 가능 (신산업 세부분야 붙임 참고 )</p><p><br></p><p>☞ 글로벌 진출을 위한 창업교육, 전문가 컨설팅, 현지 법인설립 컨설팅, IR 데모데이, 사업화 지원금 지원(기업당 18백만원)</p><p>- 창업기업 진출 희망 대륙(미국, 싱가폴, 일본) 현지 진출 및 사전 온라인 IR 참가 지원</p>",경영,경북창조경제혁신센터,경상북도,창업벤처,디자인/상품화/사업화,,,,,"온라인 접수(네이버 폼)
※ 온라인 접수 및 신청서류 이메일 제출
- 이메일 : 1231@ccei.kr","온라인 접수(네이버 폼)
※ 온라인 접수 및 신청서류 이메일 제출
- 이메일 : 1231@ccei.kr",2026-04-16 ~ 2026-05-06,main,primary,False,경북2026년글로벌스타트업패키지참가기업모집공고|경북창조경제혁신센터|20260416~20260506,경북2026년글로벌스타트업패키지참가기업모집공고,경북창조경제혁신센터,20260416~20260506,www.bizinfo.go.kr/sii/siia/selectsiia200detail.do?pblancid=pbln_000000000121235,https://www.bizinfo.go.kr/sii/siia/selectSIIA200Detail.do?pblancId=PBLN_000000000121235
biz,PBLN_000000000121234,[경북] 김천시ㆍ상주시ㆍ문경시ㆍ고령군ㆍ영덕군ㆍ칠곡군 2026년 강소기업 육성 기반구축 사업 참여기업 모집 공고,"<p>김천시, 상주시, 문경시, 고령군, 영덕군, 칠곡군과 경상북도경제진흥원에서는 중소기업들의 경쟁력 제고에 도움을 주고자 2026년 강소기업 육성 기반구축 사업을 추진하오니 관내 기업의 많은 참여를 바랍니다.</p><div><br></div><div style=""line-height: 1.8;"">☞ 김천시, 상주시, 문경시, 고령군, 영덕군, 칠곡군 소재 본사 또는 사업장이 있는 중소기업(제조업) 중 ‘가’ 또는 ‘나’ 를 충족하는 기업</div><div><div style=""line-height: 1.8;"">- 가. 공장등록증을 보유하고, 신청일 현재 가동 중인 기업</div><div style=""line-height: 1.8;"">- 나. 공장의 건축면적 또는 이에 준하는 사업장 면적이 500㎡미만인 업체는 건축법상 건물용도가 ‘공장’ 또는 ‘제조업’인 기업으로 사업자등록을 필한 기업</div></div><div><br></div><div style=""line-height: 1.8;"">☞ 강소기업 육성 기반구축 지원</div><div style=""line-height: 1.8;"">※ 지역마다 지원금액, 지원내용 상이하므로 공고문 참조</div>",경영,경상북도경제진흥원,경상북도,중소기업,디자인/상품화/사업화,,,,,이메일 접수 (dkkim00700@daum.net),이메일 접수 (dkkim00700@daum.net),2026-04-17 ~ 2026-05-08,main,primary,False,경북김천시ㆍ상주시ㆍ문경시ㆍ고령군ㆍ영덕군ㆍ칠곡군2026년강소기업육성기반구축사업참여기업모집공고|경상북도경제진흥원|20260417~20260508,경북김천시ㆍ상주시ㆍ문경시ㆍ고령군ㆍ영덕군ㆍ칠곡군2026년강소기업육성기반구축사업참여기업모집공고,경상북도경제진흥원,20260417~20260508,www.bizinfo.go.kr/sii/siia/selectsiia200detail.do?pblancid=pbln_000000000121234,https://www.bizinfo.go.kr/sii/siia/selectSIIA200Detail.do?pblancId=PBLN_000000000121234
biz,PBLN_000000000121233,[경북] 고령군 2026년 중소기업 기숙사 임차비 지원사업 참여기업 모집 공고,"<p>(재)경상북도경제진흥원에서는 고령군 소재 중소기업의 주거지원을 통한 우수인력 확보 및 장기 재직 지원으로 지역경제 활성화를 도모하고자「2026년 고령군 중소기업 기숙사 임차비 지원사업」 참여기업을 모집하오니 많은 참여 바랍니다.</p><p><br></p><p>☞ 본사 또는 공장 등 사업장이 고령군에 소재한 제조 중소기업</p><p><br></p><p>☞ 재직 근로자 기숙사로 사용하기 위해 기업에서 임차한 관내 아파트ㆍ빌라ㆍ공동주택ㆍ주거용 오피스텔ㆍ다가구주택 등의 임차비 90%지원(실 당 최대 300,000원)</p>",인력/일자리,경상북도경제진흥원,경상북도,중소기업,고용유지,,,,,이메일 접수(jungheon.ha@gepa.kr) ,이메일 접수(jungheon.ha@gepa.kr) ,2026-04-20 ~ 2026-05-08,main,primary,False,경북고령군2026년중소기업기숙사임차비지원사업참여기업모집공고|경상북도경제진흥원|20260420~20260508,경북고령군2026년중소기업기숙사임차비지원사업참여기업모집공고,경상북도경제진흥원,20260420~20260508,www.bizinfo.go.kr/sii/siia/selectsiia200detail.do?pblancid=pbln_000000000121233,https://www.bizinfo.go.kr/sii/siia/selectSIIA200Detail.do?pblancId=PBLN_000000000121233
biz,PBLN_000000000121232,2026년 농식품글로벌성장패키지 지원사업(추경) 모집 공고,"<p>중동 전쟁으로 인한 농식품 수출기업의 수출 애로 해소를 지원하기 위해 「[추경] 2026년 농식품글로벌성장패키지 지원사업」의 참여업체를아래와 같이 모집합니다.</p><p><br></p><p>☞ 농식품 품목 1만 달러(누적, `25.1.1~`26.3.31) 이상 수출한 중소ㆍ중견기업</p><p><br></p><p style=""line-height: 1.8;"">☞ 사업메뉴 23개 중 필요 메뉴를 배정 한도 내 자율 선택 사용 후 국고 지원 비율에 따라 정산 지원</p><p style=""line-height: 1.8;"">- 업체당 12백만원 이내 지원</p><p style=""line-height: 1.8;"">※ 자세한 지원내용 공고문 참조</p>",판로/수출,한국농수산식품유통공사,농림축산식품부,중소기업,해외진출준비,,,,,온라인 접수 (aT수출종합지원시스템),온라인 접수 (aT수출종합지원시스템),2026-04-16 ~ 2026-04-30,main,primary,False,2026년농식품글로벌성장패키지지원사업모집공고|한국농수산식품유통공사|20260416~20260430,2026년농식품글로벌성장패키지지원사업모집공고,한국농수산식품유통공사,20260416~20260430,www.bizinfo.go.kr/sii/siia/selectsiia200detail.do?pblancid=pbln_000000000121232,https://www.bizinfo.go.kr/sii/siia/selectSIIA200Detail.do?pblancId=PBLN_000000000121232
biz,PBLN_000000000121231,[광주] 2026년 소상공인 SNSㆍ블로그 홍보지원 참여업체 모집 공고(디지털콘텐츠 홍보지원사업),"<p>광주광역시 소상공인의 디지털전환 및 온라인 홍보 역량 강화를 위한「2026 디지털콘텐츠 홍보지원」사업의 참여 소상공인을 아래와 같이 모집합니다.</p><p><br></p><p style=""line-height: 1.8;"">☞ 광주광역시 관내 소상공인</p><p style=""line-height: 1.8;"">- 중소기업확인서 상 소상공인</p><p style=""line-height: 1.8;"">- 사업자등록증 상 광주광역시 소재 사업장 보유 소상공인</p><p> </p><p>☞ 전문수행사 통한 사업장별 맞춤형 디지털 홍보 콘텐츠 제작 및 홍보</p>",판로/수출,광주경제진흥상생일자리재단,광주광역시,소상공인,홍보지원,,,,,"온라인 접수(구글폼)
- (개인용) https://forms.gle/1iMBGMdksweXFKgHA
- (단체용) https://forms.gle/aZvAdf5BQVAds1Yp8
※ 접수 후 담당자에게 전화로 수신확인 필수","온라인 접수(구글폼)
- (개인용) https://forms.gle/1iMBGMdksweXFKgHA
- (단체용) https://forms.gle/aZvAdf5BQVAds1Yp8
※ 접수 후 담당자에게 전화로 수신확인 필수",모집규모 충족시,main,primary,False,광주2026년소상공인snsㆍ블로그홍보지원참여업체모집공고|광주경제진흥상생일자리재단|,광주2026년소상공인snsㆍ블로그홍보지원참여업체모집공고,광주경제진흥상생일자리재단,,www.bizinfo.go.kr/sii/siia/selectsiia200detail.do?pblancid=pbln_000000000121231,https://www.bizinfo.go.kr/sii/siia/selectSIIA200Detail.do?pblancId=PBLN_000000000121231
biz,PBLN_000000000121230,2026년 홈로봇가전 시제작 지원 기업 모집 공고,"<p>홈로봇가전 특화 부품ㆍ제품 개발의 상용화 촉진을 위해 개발, 제조에 이르는 과정을 지원 받을 기업을 모집합니다.</p><p><br></p><p>☞ 스타트업, 중소기업</p><p><br></p><p style=""line-height: 1.8;"">☞ 시제작 지원(전자보드)</p><p style=""line-height: 1.8;"">- 전자 회로(아트웍) : PCB 아트웍 설계, 수정 등 전자보드 제작 관련 기술 지원</p><p style=""line-height: 1.8;"">- 전자 보드 제작(SMT) : 표면실장, 조립, 검사 지원</p>",기술,한국전자정보통신산업진흥회,산업통상부,중소기업,기술사업화/이전/지도,,,,,이메일 접수 (yes@gokea.org),이메일 접수 (yes@gokea.org),2026-04-22 ~ 2026-05-06,main,primary,False,2026년홈로봇가전시제작지원기업모집공고|한국전자정보통신산업진흥회|20260422~20260506,2026년홈로봇가전시제작지원기업모집공고,한국전자정보통신산업진흥회,20260422~20260506,www.bizinfo.go.kr/sii/siia/selectsiia200detail.do?pblancid=pbln_000000000121230,https://www.bizinfo.go.kr/sii/siia/selectSIIA200Detail.do?pblancId=PBLN_000000000121230
biz,PBLN_000000000121229,[광주] 2026년 노동자 휴게시설 설치 지원사업 참여기업 추가 모집 공고,"<p style=""margin-left: 0px;"">광주경제진흥상생일자리재단은 노동자 휴식권 보장 및 노동환경 개선, 산업안전에 대한 인식 제고를 위하여 휴게시설 설치, 개선에 참여할 기업을 추가 모집 하오니 지역 기업들의 많은 참여 바랍니다.</p><p><br></p><p style=""line-height: 1.8;"">☞ 최초공고일(‘26.3.20.)기준 광주광역시 관내에 입지한 상시 5인이상 20인 미만의 노동자를 사용하는 사업체</p><p style=""line-height: 1.8;"">※ 대표자 제외, 고용보험 가입자 기준</p><p style=""line-height: 1.8;"">※ 사업자등록 후 1년 이상 정상 운영중인 사업체</p><p><br></p><p>☞ 휴게실(샤워실 포함) 신설 및 개ㆍ보수 공사비용 등(1개 사업체 당 최대 700만원 내외) 지원</p>",인력/일자리,광주경제진흥상생일자리재단,광주광역시,중소기업,작업환경개선,,,,,"온라인 접수 (광주기업지원시스템)
※ 모든 파일은 제출서류명(기업명)으로 업로드","온라인 접수 (광주기업지원시스템)
※ 모든 파일은 제출서류명(기업명)으로 업로드",2026-04-17 ~ 2026-04-30,main,primary,True,광주2026년노동자휴게시설설치지원사업참여기업추가모집공고|광주경제진흥상생일자리재단|20260417~20260430,광주2026년노동자휴게시설설치지원사업참여기업추가모집공고,광주경제진흥상생일자리재단,20260417~20260430,www.bizinfo.go.kr/sii/siia/selectsiia200detail.do?pblancid=pbln_000000000121229,https://www.bizinfo.go.kr/sii/siia/selectSIIA200Detail.do?pblancId=PBLN_000000000121229
biz,PBLN_000000000121228,[경기] 남부권역 2026년 새일여성인턴 참여기업 모집 공고,"<p>경기도일자리재단에서 인턴채용지원금(인턴십 제공에 대한 대가 및 인건비 보조 성격)과 장려금을 지급을 지원해드리는 사업입니다.</p><p><br></p><p style=""line-height: 1.8;"">☞ 상시근로자 수 5인 이상~1,000인 미만, 4대보험 가입 기업체(사업장)</p><p style=""line-height: 1.8;"">※ 자세한 지원대상 공고문 참조</p><p><br></p><p>☞ 1인 총액 460만원 한도(기업 400만원, 인턴 60만원)</p>",인력/일자리,경기도일자리재단,성평등가족부,중소기업,국내일반인력,,,,,"온라인 접수 (잡아바 어플라이)
※ (필수) 새일인턴 참여 희망 기업은 담당자와 사전 상담 후 신청","온라인 접수 (잡아바 어플라이)
※ (필수) 새일인턴 참여 희망 기업은 담당자와 사전 상담 후 신청",2026-01-19 ~ 2026-06-30,main,primary,False,경기남부권역2026년새일여성인턴참여기업모집공고|경기도일자리재단|20260119~20260630,경기남부권역2026년새일여성인턴참여기업모집공고,경기도일자리재단,20260119~20260630,www.bizinfo.go.kr/sii/siia/selectsiia200detail.do?pblancid=pbln_000000000121228,https://www.bizinfo.go.kr/sii/siia/selectSIIA200Detail.do?pblancId=PBLN_000000000121228
biz,PBLN_000000000121227,2026년 소상공인 도약 지원사업(로컬기업육성ㆍ강한소상공인) 참여 소상공인 모집 연장 공고,"<p>중소벤처기업부와 소상공인시장진흥공단은 우리 곁 소상공인이 기업으로 성장할 수 있도록 유망 소상공인을 발굴ㆍ육성하고 있습니다.「2026년 소상공인 도약 지원 사업」에 참여할 소상공인을 다음과 같이 모집합니다.</p><p><br></p><p style=""line-height: 1.8;"">☞ 「소상공인기본법」제2조에 따른 소상공인으로 신청일 현재 정상적으로 영업 중인 소상공인</p><p style=""line-height: 1.8;"">※ 자세한 지원대상 공고문 참조</p><p>​</p><p style=""line-height: 1.8;"">☞ 신제품 개발, 비즈니스모델(BM) 고도화, 유형별 특화프로그램, 홍보ㆍ마케팅 등 사업화 지원</p><p style=""line-height: 1.8;"">- (초기) 로컬기업 육성, (성장) 강한소상공인 성장 사업에 따라 지원내용 상이</p><p style=""line-height: 1.8;"">※ 자세한 사항 공고문 참조</p>",경영,소상공인시장진흥공단,중소벤처기업부,소상공인,디자인/상품화/사업화,,,,,온라인 접수 (소상공인 24 홈페이지),온라인 접수 (소상공인 24 홈페이지),2026-04-01 ~ 2026-05-06,main,primary,False,2026년소상공인도약지원사업참여소상공인모집연장공고|소상공인시장진흥공단|20260401~20260506,2026년소상공인도약지원사업참여소상공인모집연장공고,소상공인시장진흥공단,20260401~20260506,www.bizinfo.go.kr/sii/siia/selectsiia200detail.do?pblancid=pbln_000000000121227,https://www.bizinfo.go.kr/sii/siia/selectSIIA200Detail.do?pblancId=PBLN_000000000121227
biz,PBLN_000000000121226,2026년 상생형 AX선도모델 주관기관(대기업 등) 모집 공고,"<p>중소기업 제조 현장의 경쟁력 제고를 위하여 상생형 AX선도모델 스마트공장 구축지원 주관기관 모집계획을 다음과 같이 공고합니다.</p><p><br></p><p>☞ 대기업(계열사 포함), 중견기업 등</p><p><br></p><p style=""line-height: 1.8;"">☞ 선도모델 구축지원, 상생협력 지원</p><p style=""line-height: 1.8;"">- (선도모델 구축지원) 주관기관은 제조혁신 역량을 기반으로 중소ㆍ중견기업의 전사적 AX전환 및 선도모델 구축지원</p><p style=""line-height: 1.8;"">- (상생협력 지원) 주관기관은 중소기업의 전사적 AX전환을 지원하기 위해 기술지도, 데이터 및 AI인프라 제공 </p>",기술,중소기업기술정보진흥원,중소벤처기업부,중소기업,기술사업화/이전/지도,,,,,온라인 접수 (스마트공장 사업관리시스템),온라인 접수 (스마트공장 사업관리시스템),예산 소진시 까지,main,primary,False,2026년상생형ax선도모델주관기관모집공고|중소기업기술정보진흥원|,2026년상생형ax선도모델주관기관모집공고,중소기업기술정보진흥원,,www.bizinfo.go.kr/sii/siia/selectsiia200detail.do?pblancid=pbln_000000000121226,https://www.bizinfo.go.kr/sii/siia/selectSIIA200Detail.do?pblancId=PBLN_000000000121226
biz,PBLN_000000000121225,2026년 일본 오사카 기계요소 전시회(M-Tech)  한국관 참가기업 모집 공고,"<p>KOTRA와 경기도경제과학진흥원은 2026년 10월 07일 ~ 10월 09일 (3일간) 일본 오사카에서 개최되는 ‘2026 일본 오사카 기계요소 전시회(M-Tech)’ 한국관 참가기업을 아래와 같이 모집하오니 관심 기업들의 많은 신청 바랍니다.</p><p><br></p><p style=""line-height: 1.8;"">☞ 2026 일본 오사카 기계요소 전시회(M-Tech) 한국관 참가를 원하는 기업</p><p style=""line-height: 1.8;"">- 전시품목 : 금속, 기계부품, 베어링, 벨트 체인, 콤프레셔, 설계ㆍ제조 솔루션, 공장 설비ㆍ비품, 3D 프린터, 제조 AIㆍIoT, 계측ㆍ검사ㆍ센서, 제조업 DX(디지털 전환), 제조 ODMㆍEMS, 제조업 사이버 보안, 피지컬 AI 등</p><p><br></p><p>☞ 부스임차료와 장치비 70%, 운송비 1CBM 편도 100%, 한국관 디렉토리 제작비 100%, 행정, 마케팅 및 홍보, 전시회 현장 지원</p>",판로/수출,경기도경제과학진흥원,산업통상부,중소기업,해외진출,,,,," 아래 3가지 절차를 모두 완료해야 최종 신청 완료로 간주
① 온라인 신청 : KOTRA 무역투자24(www.kotra.or.kr) 또는 글로벌전시플랫폼(www.gep.or.kr) 
② 신청서류 이메일 제출 (sis@gbsa.or.kr)
③ 참가 신청금 납부"," 아래 3가지 절차를 모두 완료해야 최종 신청 완료로 간주
① 온라인 신청 : KOTRA 무역투자24(www.kotra.or.kr) 또는 글로벌전시플랫폼(www.gep.or.kr) 
② 신청서류 이메일 제출 (sis@gbsa.or.kr)
③ 참가 신청금 납부",2026-04-01 ~ 2026-05-04,main,primary,False,2026년일본오사카기계요소전시회한국관참가기업모집공고|경기도경제과학진흥원|20260401~20260504,2026년일본오사카기계요소전시회한국관참가기업모집공고,경기도경제과학진흥원,20260401~20260504,www.bizinfo.go.kr/sii/siia/selectsiia200detail.do?pblancid=pbln_000000000121225,https://www.bizinfo.go.kr/sii/siia/selectSIIA200Detail.do?pblancId=PBLN_000000000121225
biz,PBLN_000000000121224,2026년 1차 바이오헬스소재 데이터 구축을 위한 안전성 및 유효성 실증시험 기업지원 기업모집 공고,"<p>2026년도 산업통상자원부가 지원하는 디지털전환 기반 바이오헬스 소재 안전성 및 유효성평가를 위한 기업지원서비스사업 지원프로그램을 안내하오니, 해당 프로그램 참여를 희망하는 중소ㆍ중견기업의 많은 신청 바랍니다.</p><p><br></p><p>☞ 국내 중소ㆍ중견기업 중 소재 및 제품 개발이 완료되어 있어 지원기간 내 지원결과를 도출할 수 있는 기업체</p><p><br></p><p style=""line-height: 1.8;"">☞ (정시모집) 바이오헬스케어 소재의 데이터베이스 확보 및 실증을 위해 바이오 업종 기업의 연구개발, 사업화, 시험ㆍ분석 등을 지원</p><p style=""line-height: 1.8;"">- (상시모집) 바이오헬스케어 소재의 데이터베이스 확보 및 실증을 위해 바이오 업종 기업의 DB 제공 및 컨설팅 등을 지원</p>",기술,한국화학융합시험연구원,산업통상부,중소기업,시험/인증,,,,,이메일 접수(owjmgm@ktr.or.kr),이메일 접수(owjmgm@ktr.or.kr),2026-04-22 ~ 2026-05-06,main,primary,False,2026년1차바이오헬스소재데이터구축을위한안전성및유효성실증시험기업지원기업모집공고|한국화학융합시험연구원|20260422~20260506,2026년1차바이오헬스소재데이터구축을위한안전성및유효성실증시험기업지원기업모집공고,한국화학융합시험연구원,20260422~20260506,www.bizinfo.go.kr/sii/siia/selectsiia200detail.do?pblancid=pbln_000000000121224,https://www.bizinfo.go.kr/sii/siia/selectSIIA200Detail.do?pblancId=PBLN_000000000121224
biz,PBLN_000000000121222,2026년 KOTRA-월마트 파워셀러 1단계 입점교육 1기 참가기업 모집 공고,"<p>KOTRA는 온라인 수출 지원 수요 증가에 대응하여 유망 소비재 기업의 글로벌 온라인 유통망 입점부터 생존, 파워셀러로 성장하는 전 과정을 지원하는「2026 KOTRA-월마트 파워셀러 육성사업 1단계 입점교육 1기」를 모집합니다. 아래와 같이 참가기업을 모집하오니 관심 기업의 많은 신청 부탁드립니다.</p><p><br></p><p>☞ 월마트 계정 미보유 기업 혹은 월마트 계정은 보유하고 있으나 판매를 시행하고 있지 않은 기업 중, 기초 입점 및 마케팅 교육을 필요로 하는 국내 기업</p><p><br></p><p style=""line-height: 1.8;"">☞ 온라인 마켓플레이스(월마트) 입점 교육을 통해 글로벌 유통망 진입을 지원하고, 기초 마케팅 지원을 통해 판촉 지원</p><p style=""line-height: 1.8;"">- 기초 입점교육 5회, 마케팅비 지원 30만원</p>",판로/수출,대한무역투자진흥공사,산업통상부,중소기업,해외진출준비,,,,,온라인 신청(무역투자24),온라인 신청(무역투자24),2026-04-22 ~ 2026-05-06,main,primary,False,2026년kotra월마트파워셀러1단계입점교육1기참가기업모집공고|대한무역투자진흥공사|20260422~20260506,2026년kotra월마트파워셀러1단계입점교육1기참가기업모집공고,대한무역투자진흥공사,20260422~20260506,www.bizinfo.go.kr/sii/siia/selectsiia200detail.do?pblancid=pbln_000000000121222,https://www.bizinfo.go.kr/sii/siia/selectSIIA200Detail.do?pblancId=PBLN_000000000121222
biz,PBLN_000000000121221,[서울] 2026년 중동상황 대응 물류지원금 지원사업 모집 공고,"<p>중동 상황으로 인한 물류비 상승 등으로 어려움을 겪고 있는 서울 소재 중소기업의 수출 부담 완화 및 수출 경쟁력 유지를 위하여 「2026년 중동사태 대응 물류지원금 지원사업」을 다음과 같이 공고하오니 참여를 희망하는 기업은 관련 규정 및 절차에 따라 신청하여 주시기 바랍니다.</p><p><br></p><p style=""line-height: 1.8;"">☞ 서울 소재 중소기업 중 아래의 요건을 모두 충족하는 기업</p><p style=""line-height: 1.8;"">- (기업소재지) 「중소기업기본법」 제2조에 따른 중소기업으로서, 본사 또는 독립된 사업장(지사 등)이 서울특별시에 소재하며, 해당 사업장을 기준으로 지방세 납세의무가 있는 중소기업</p><p style=""line-height: 1.8;"">- (피해 요건) 최종 수출 목적지가 아래 중동 및 북아프리카 지역 국가이거나, 해당 지역을 경유하는 항로를 이용한 수출로서 중동 상황으로 인해 물류 수행 과정에서 운송 경로, 운송 일정 또는 운송 조건에 변동이 발생한 기업</p><p><br></p><p>☞ 중동 수출과 관련된 운송 건에 대해 발생한 수출 물류 수행 과정상의 비용 기준으로(기업당 최대 3천만원 이내) 지원</p>",판로/수출,서울경제진흥원,서울특별시,중소기업,해외진출,,,,,온라인 접수 (서울경제진흥원),온라인 접수 (서울경제진흥원),예산 소진시까지,main,primary,False,서울2026년중동상황대응물류지원금지원사업모집공고|서울경제진흥원|,서울2026년중동상황대응물류지원금지원사업모집공고,서울경제진흥원,,www.bizinfo.go.kr/sii/siia/selectsiia200detail.do?pblancid=pbln_000000000121221,https://www.bizinfo.go.kr/sii/siia/selectSIIA200Detail.do?pblancId=PBLN_000000000121221
biz,PBLN_000000000121220,2026년 KOTRA-이베이(eBay) 파워셀러 1단계 입점교육 2기 참가기업 모집 공고,"<p>KOTRA는 온라인 수출 지원 수요 증가에 대응하여 유망 소비재 기업의 글로벌 온라인 유통망 입점부터 생존, 파워셀러로 성장하는 전 과정을 지원하는「2026 KOTRA 이베이 파워셀러 육성사업 1단계 입점교육 2기」를 모집합니다. 아래와 같이 참가기업을 모집하오니 관심 기업의 많은 신청 부탁드립니다.</p><p><br></p><p>☞ 이베이 유통망에 미입점 상태로 기초 입점교육을 필요로 하는 국내 중소중견기업</p><p><br></p><p>☞ OT 및 입점 교육 4회(온라인 실시간 웨비나), 기수별 10개사 대상 30만원 마케팅비 지원</p>",판로/수출,대한무역투자진흥공사,산업통상부,중소기업,해외진출준비,,,,,온라인 신청(무역투자24),온라인 신청(무역투자24),2026-04-16 ~ 2026-04-30,main,primary,False,2026년kotra이베이파워셀러1단계입점교육2기참가기업모집공고|대한무역투자진흥공사|20260416~20260430,2026년kotra이베이파워셀러1단계입점교육2기참가기업모집공고,대한무역투자진흥공사,20260416~20260430,www.bizinfo.go.kr/sii/siia/selectsiia200detail.do?pblancid=pbln_000000000121220,https://www.bizinfo.go.kr/sii/siia/selectSIIA200Detail.do?pblancId=PBLN_000000000121220
biz,PBLN_000000000121219,2026년 KOTRA-이베이재팬(큐텐재팬) 파워셀러 1단계 입점교육 2기 참가기업 모집 공고,"<p>KOTRA는 온라인 수출 지원 수요 증가에 대응하여 유망 소비재 기업의 글로벌 온라인 유통망 입점부터 생존, 파워셀러로 성장하는 전 과정을 지원하는「2026 KOTRA-이베이재팬 파워셀러 육성사업 1단계 입점교육 2기」를 모집합니다. 아래와 같이 참가기업을 모집하오니 관심 기업의 많은 신청 부탁드립니다.</p><p><br></p><p>☞ 큐텐재팬 계정 미보유 기업 혹은 큐텐재팬 연 판매액 1천만엔(약 1억원) 미만 기업 중 기초 입점 및 마케팅 교육을 필요로 하는 국내 기업</p><p><br></p><p style=""line-height: 1.8;"">☞ 기초 입점교육 3회, 마케팅비 30만원 지원</p><p style=""line-height: 1.8;"">※ 자세한 지원내용 공고문 참조</p>",판로/수출,대한무역투자진흥공사,산업통상부,중소기업,해외진출준비,,,,,온라인 접수(무역투자24),온라인 접수(무역투자24),2026-04-22 ~ 2026-05-07,main,primary,False,2026년kotra이베이재팬파워셀러1단계입점교육2기참가기업모집공고|대한무역투자진흥공사|20260422~20260507,2026년kotra이베이재팬파워셀러1단계입점교육2기참가기업모집공고,대한무역투자진흥공사,20260422~20260507,www.bizinfo.go.kr/sii/siia/selectsiia200detail.do?pblancid=pbln_000000000121219,https://www.bizinfo.go.kr/sii/siia/selectSIIA200Detail.do?pblancId=PBLN_000000000121219
biz,PBLN_000000000121218,2026년 KOTRA-쇼피 파워셀러 1단계 입점교육 2기 참가기업 모집 공고,"<p>KOTRA는 온라인 수출 지원 수요 증가에 대응하여 유망 소비재 기업의 글로벌 온라인 유통망 입점부터 생존, 파워셀러로 성장하는 전 과정을 지원하는「2026 KOTRA-쇼피 파워셀러 육성사업 1단계 입점교육 2기」를 모집합니다. 아래와 같이 참가기업을 모집하오니 관심 기업의 많은 신청 부탁드립니다.</p><p><br></p><p>☞ 쇼피 계정 미보유 기업 혹은 계정 보유 중이나 상품 미등록 상태로 기초입점 교육을 필요로 하는 국내 기업</p><p><br></p><p style=""line-height: 1.8;"">☞ 기초입점교육 2회, 마케팅비 지원 30만원 지원</p><p style=""line-height: 1.8;"">※ 자세한 지원내용 공고문 참조</p>",판로/수출,대한무역투자진흥공사,산업통상부,중소기업,해외진출준비,,,,,온라인 접수(KOTRA),온라인 접수(KOTRA),2026-04-20 ~ 2026-05-06,main,primary,False,2026년kotra쇼피파워셀러1단계입점교육2기참가기업모집공고|대한무역투자진흥공사|20260420~20260506,2026년kotra쇼피파워셀러1단계입점교육2기참가기업모집공고,대한무역투자진흥공사,20260420~20260506,www.bizinfo.go.kr/sii/siia/selectsiia200detail.do?pblancid=pbln_000000000121218,https://www.bizinfo.go.kr/sii/siia/selectSIIA200Detail.do?pblancId=PBLN_000000000121218
biz,PBLN_000000000121216,[인천] 2026년 ESG 역량 강화 컨설팅 참여 기업 모집 공고(인천공급망ESG지원센터),"<p>인천상공회의소는 ‘인천공급망ESG지원센터’ 사업의 일환으로 인천지역 소재 중소기업의 ESG 경영 부담을 완화하고 ESG 역량 및 수출경쟁력 강화를 위해 붙임과 같이 ESG 역량 강화 컨설팅을 진행하오니 인천지역 내 중소기업의 많은 관심과 참여 바랍니다. </p><p><br></p><p style=""line-height: 1.8;"">☞ 본사, 본점, 공장, 지사, 영업소 등 사업장이 천광역시 내에 소재한 중소기업</p><p style=""line-height: 1.8;"">- ESG 교육이나 ESG 컨설팅을 받은 경험은 있으나 ESG 경영체계의 정착 및 실행력 확보에 어려움을 겪고 있는 기업</p><p><br></p><p style=""line-height: 1.8;"">☞ ESG 역량 강화를 위한 맞춤형 컨설팅 지원</p><p style=""line-height: 1.8;"">※ 자세한 지원내용 공고문 참조</p>",경영,인천상공회의소,인천광역시,중소기업,컨설팅,,,,,온라인 접수(비즈OK),온라인 접수(비즈OK),2026-04-20 ~ 2026-05-08,main,primary,False,인천2026년esg역량강화컨설팅참여기업모집공고|인천상공회의소|20260420~20260508,인천2026년esg역량강화컨설팅참여기업모집공고,인천상공회의소,20260420~20260508,www.bizinfo.go.kr/sii/siia/selectsiia200detail.do?pblancid=pbln_000000000121216,https://www.bizinfo.go.kr/sii/siia/selectSIIA200Detail.do?pblancId=PBLN_000000000121216
biz,PBLN_000000000121215,[광주] 2026년 노동자 휴게시설 설치 지원사업 참여기업 추가 모집 공고,"<p style=""margin-left: 0px;"">광주경제진흥상생일자리재단은 노동자 휴식권 보장 및 노동환경 개선, 산업안전에 대한 인식 제고를 위하여 휴게시설 설치, 개선에 참여할 기업을 추가 모집 하오니 지역 기업들의 많은 참여 바랍니다.</p><p><br></p><p style=""line-height: 1.8;"">☞ 최초공고일(‘26.3.20.)기준 광주광역시 관내에 입지한 상시 5인이상 20인 미만의 노동자를 사용하는 사업체</p><p style=""line-height: 1.8;"">※ 대표자 제외, 고용보험 가입자 기준</p><p style=""line-height: 1.8;"">※ 사업자등록 후 1년 이상 정상 운영중인 사업체</p><p><br></p><p>☞ 휴게실(샤워실 포함) 신설 및 개ㆍ보수 공사비용 등(1개 사업체 당 최대 700만원 내외) 지원</p>",인력/일자리,광주경제진흥상생일자리재단,광주광역시,중소기업,작업환경개선,,,,,"온라인 접수 (광주기업지원시스템)
※ 모든 파일은 제출서류명(기업명)으로 업로드","온라인 접수 (광주기업지원시스템)
※ 모든 파일은 제출서류명(기업명)으로 업로드",2026-04-17 ~ 2026-04-30,main,primary,True,광주2026년노동자휴게시설설치지원사업참여기업추가모집공고|광주경제진흥상생일자리재단|20260417~20260430,광주2026년노동자휴게시설설치지원사업참여기업추가모집공고,광주경제진흥상생일자리재단,20260417~20260430,www.bizinfo.go.kr/sii/siia/selectsiia200detail.do?pblancid=pbln_000000000121215,https://www.bizinfo.go.kr/sii/siia/selectSIIA200Detail.do?pblancId=PBLN_000000000121215
biz,PBLN_000000000121214,[광주ㆍ전북ㆍ전남] 2026년 광주ㆍ호남권 거점기업 육성 금융지원 공고,"<p>「광주광역시 중소기업육성기금 특별회계설치 및 운용조례」 제7조의 규정에 따라 2026년도 광주ㆍ호남권 거점기업 육성 금융지원 계획을 다음과 같이 공고합니다.</p><p><br></p><p style=""line-height: 1.8;"">☞ 다음의 지원 대상 중 어느 하나에 해당하면서 보증기관(신용보증기금ㆍ기술보증기금)의 보증을 담보로 하면서 하나은행에서 대출실행하는 업체</p><p style=""line-height: 1.8;"">- 공장 및 제조업장을 소유하거나 임차 중인 중소 제조업체 (한국표준산업분류코드의 제조업 10 ~ 34) [붙임 1]</p><p style=""line-height: 1.8;"">- 제조업 관련 서비스업체 [붙임 2] 및 지식서비스업체 [붙임 3]</p><p style=""line-height: 1.8;"">- 「중소기업협동조합법」에 의해 설립된 조합 중 공동사업을 시행하는 업종별 협동조합</p><p><br></p><p style=""line-height: 1.8;"">☞ 업체당 3억원 이내 한도 지원</p><p style=""line-height: 1.8;"">- 이차 보전율 : (기본) 2% ~ (최대) 4%</p><p style=""line-height: 1.8;"">- 보증료 지원 : 보증기관의 0.2%p ~ 0.6%p 감면</p><p style=""line-height: 1.8;"">※ 자세한 지원내용 공고문 참조</p>",자금,광주경제진흥상생일자리재단,광주광역시,중소기업,융자,,,,,온라인 접수(기금융자관리시스템),온라인 접수(기금융자관리시스템),예산 소진시까지,main,primary,False,광주ㆍ전북ㆍ전남2026년광주ㆍ호남권거점기업육성금융지원공고|광주경제진흥상생일자리재단|,광주ㆍ전북ㆍ전남2026년광주ㆍ호남권거점기업육성금융지원공고,광주경제진흥상생일자리재단,,www.bizinfo.go.kr/sii/siia/selectsiia200detail.do?pblancid=pbln_000000000121214,https://www.bizinfo.go.kr/sii/siia/selectSIIA200Detail.do?pblancId=PBLN_000000000121214
biz,PBLN_000000000121213,2026년 기계ㆍ로봇산업(기계분야) 발전유공 포상 신청 연장 공고,"<p>기계산업의 기술개발 및 사업화를 촉진하여 기술수준을 향상시킨 유공자의 자긍심을 고취하고, 성실하고 창의적인 업무수행으로 신시장 개척, 일자리 창출 등 국가경쟁력 강화에 뛰어난 공적을 거둔 유공자 및 유공기업을 발굴하여 포상을 실시하고자 하오니, 신청하여 주시기 바랍니다.</p><p><br></p><p style=""line-height: 1.8;"">☞ 국내 기계산업 발전 및 기술개발에 기여한 공이 인정되는 자로 「정부포상업무지침」 및 「산업통상부 장관포상 및 후원명칭 처리지침」에 의한 결격사유에 해당되지 않는 자</p><p style=""line-height: 1.8;"">- 해당 산업분야 : 생산활동에 사용되는 각종 기계류ㆍ부품, 소재 등을 제조하는 산업</p><p style=""line-height: 1.8;"">※ 자세한 지원대상 공고문 참조</p><p><br></p><p>☞ 산업훈ㆍ포장, 대통령표창, 국무총리표창, 산업통상자원부장관표창 시상 지원</p>",판로/수출,한국기계산업진흥회,산업통상부,중소기업,홍보지원,,,,,"온라인 접수 (한국기계산업진흥회)
※기업용 범용 공인인증서 필요","온라인 접수 (한국기계산업진흥회)
※기업용 범용 공인인증서 필요",2026-03-12 ~ 2026-05-01,main,primary,False,2026년기계ㆍ로봇산업발전유공포상신청연장공고|한국기계산업진흥회|20260312~20260501,2026년기계ㆍ로봇산업발전유공포상신청연장공고,한국기계산업진흥회,20260312~20260501,www.bizinfo.go.kr/sii/siia/selectsiia200detail.do?pblancid=pbln_000000000121213,https://www.bizinfo.go.kr/sii/siia/selectSIIA200Detail.do?pblancId=PBLN_000000000121213
biz,PBLN_000000000121212,[부산] 2026년 해양신산업 선도분야 발굴 및 육성 지원사업 실증 및 시범사업 지원 공고,"<p>해양-미래기술 융합 신산업에 대한 선제적 투자와 육성을 통해 부산을 신(新)해양수도로 조성하고 지역의 미래 성장 동력을 확보하고자 2026년「해양 신산업 선도분야 발굴 및 육성 지원사업」을 추진합니다. 이에 따라 국가사업(과제) 발굴을 위한 실증 지원 사업을 다음과 같이 공고하오니, 많은 관심과 참여를 바랍니다.</p><p><br></p><p style=""line-height: 1.8;"">☞ 해양수산 분야 현장 적용을 추진하거나, 실증ㆍ시범을 통해 정부 R&D사업 유치 기반을 확보하고자 하는 산ㆍ학ㆍ연 컨소시엄</p><p style=""line-height: 1.8;"">- 주관기관은 역내(부산) 대학 및 연구기관으로 제한하며, 기업 및 역외 기관ㆍ대학은 참여기관으로 구성 가능</p><p><br></p><p style=""line-height: 1.8;"">☞ 해양신산업 전략 실현 및 대형 R&D사업 국비 유치에 기여할 수 있는 신규 R&D 사업 상세 기획을 지원</p><p style=""line-height: 1.8;"">※ 자세한 지원내용 공고문 참조</p>",기술,부산과학기술고등교육진흥원,부산광역시,중소기업,공동기술개발,,,,,이메일 접수(research@bistep.re.kr),이메일 접수(research@bistep.re.kr),2026-04-17 ~ 2026-05-07,main,primary,False,부산2026년해양신산업선도분야발굴및육성지원사업실증및시범사업지원공고|부산과학기술고등교육진흥원|20260417~20260507,부산2026년해양신산업선도분야발굴및육성지원사업실증및시범사업지원공고,부산과학기술고등교육진흥원,20260417~20260507,www.bizinfo.go.kr/sii/siia/selectsiia200detail.do?pblancid=pbln_000000000121212,https://www.bizinfo.go.kr/sii/siia/selectSIIA200Detail.do?pblancId=PBLN_000000000121212
biz,PBLN_000000000121211,[부산] 2026년 해양신산업 선도분야 발굴 및 육성 지원사업 신규 사업(과제) 기획 지원 공고,"<p>해양-미래기술 융합 신산업에 대한 선제적 투자와 육성을 통해 부산을 신(新)해양수도로 조성하고 지역의 미래 성장 동력을 확보하고자 2026년「해양 신산업 선도분야 발굴 및 육성 지원사업」을 추진합니다. 이에 따라 국가 신규 사업(과제) 발굴을 위한 R&D 기획 지원 사업을 다음과 같이 공고하오니, 많은 관심과 참여를 바랍니다.</p><p><br></p><p style=""line-height: 1.8;"">☞ 산ㆍ학ㆍ연ㆍ관 연구자 및 전문가 10명 내외로 구성된 기획그룹</p><p style=""line-height: 1.8;"">- 주관기관은 역내(부산) 대학 및 연구기관으로 제한하며, 기업 및 역외 기관ㆍ대학은 참여기관으로 구성 가능</p><p><br></p><p style=""line-height: 1.8;"">☞ 해양신산업 전략 실현 및 대형 R&D사업 국비 유치에 기여할 수 있는 신규 R&D 사업 상세 기획을 지원</p><p style=""line-height: 1.8;"">※ 자세한 지원내용 공고문 참조</p>",기술,부산과학기술고등교육진흥원,부산광역시,중소기업,공동기술개발,,,,,이메일 접수(research@bistep.re.kr),이메일 접수(research@bistep.re.kr),2026-04-17 ~ 2026-05-07,main,primary,False,부산2026년해양신산업선도분야발굴및육성지원사업신규사업기획지원공고|부산과학기술고등교육진흥원|20260417~20260507,부산2026년해양신산업선도분야발굴및육성지원사업신규사업기획지원공고,부산과학기술고등교육진흥원,20260417~20260507,www.bizinfo.go.kr/sii/siia/selectsiia200detail.do?pblancid=pbln_000000000121211,https://www.bizinfo.go.kr/sii/siia/selectSIIA200Detail.do?pblancId=PBLN_000000000121211
biz,PBLN_000000000121210,2026년 기계ㆍ로봇산업(로봇분야) 발전유공 포상 신청 연장 공고,"<p>4차 산업혁명 시대 실현의 핵심 동인인 로봇산업 발전에 기여한 유공자를 발굴ㆍ포상하여 관련 종사자의 사기진작 및 산업발전 및 기술개발 의욕을 고취하고자 아래와 같이 로봇산업 발전 유공자 포상을 실시하오니 많은 참여와 추천을 해주시기 바랍니다.</p><p><br></p><p style=""line-height: 1.8;"">☞ 지능형 로봇의 기술개발, 사업화 촉진 등을 통해 국내 로봇산업의 경쟁력을 높이고 국가경제발전에 기여한 자</p><p style=""line-height: 1.8;"">- 로봇분야 공적기간이 3년(포장 10년, 대통령ㆍ국무총리표창 5년)이상인 자</p><p style=""line-height: 1.8;"">※ 자세한 지원대상 공고문 참조</p><p><br></p><p>☞ 산업훈ㆍ포장, 대통령표창, 국무총리표창, 산업통상자원부장관표창 시상 지원</p>",판로/수출,한국AIㆍ로봇산업협회,산업통상부,중소기업,홍보지원,,,,,"우편 및 이메일 접수 
- 이메일 : kar_office@korearobot.or.kr
- 주소 : (04379)서울시 용산구 한강대로 31 금영빌딩 8층 한국AIㆍ로봇산업협회 운영지원팀 로봇대상 담당자
※ 제출서류 일체는 반드시 파일화하여 E-mail 접수","우편 및 이메일 접수 
- 이메일 : kar_office@korearobot.or.kr
- 주소 : (04379)서울시 용산구 한강대로 31 금영빌딩 8층 한국AIㆍ로봇산업협회 운영지원팀 로봇대상 담당자
※ 제출서류 일체는 반드시 파일화하여 E-mail 접수",2026-03-12 ~ 2026-05-01,main,primary,False,2026년기계ㆍ로봇산업발전유공포상신청연장공고|한국aiㆍ로봇산업협회|20260312~20260501,2026년기계ㆍ로봇산업발전유공포상신청연장공고,한국aiㆍ로봇산업협회,20260312~20260501,www.bizinfo.go.kr/sii/siia/selectsiia200detail.do?pblancid=pbln_000000000121210,https://www.bizinfo.go.kr/sii/siia/selectSIIA200Detail.do?pblancId=PBLN_000000000121210
biz,PBLN_000000000121209,2026년 실제 도심 환경 모사 전자파 장애 대응을 위한 기업지원 기반구축 사업 기업지원을 위한 수혜기업 모집 공고,"<p>2026년도 실제 도심 환경 모사 전자파 장애 대응을 위한 기업지원 기반 구축 사업의 기업지원 프로그램을 아래와 같이 안내하오니, 해당 프로그램 참여를 희망하는 기업의 많은 지원과 신청 바랍니다.</p><p><br></p><p>☞ 국내 모빌리티 관련 제조, 개발, 연구 기업(공공기관 제외)</p><p><br></p><p style=""line-height: 1.8;"">☞ 시험, 기술, 전시회 지원<br></p><p style=""line-height: 1.8;"">※ 자세한 지원내용 공고문 참조</p>",기술,지능형자동차부품진흥원,산업통상부,중소기업,기술사업화/이전/지도,,,,,"이메일 접수
- 시험지원/ 기술지원
ㆍ 지능형자동차부품진흥원 (baekjb@kiapi.or.kr)
ㆍ 대구기계부품연구원 (jmlee@dmi.re.kr)
ㆍ 한국자동차연구원 (tlkim@katech.re.kr)
- 전시회 지원
ㆍ 지능형자동차부품진흥원 (sungyoun@kiapi.or.kr)","이메일 접수
- 시험지원/ 기술지원
ㆍ 지능형자동차부품진흥원 (baekjb@kiapi.or.kr)
ㆍ 대구기계부품연구원 (jmlee@dmi.re.kr)
ㆍ 한국자동차연구원 (tlkim@katech.re.kr)
- 전시회 지원
ㆍ 지능형자동차부품진흥원 (sungyoun@kiapi.or.kr)",2026-04-08 ~ 2026-05-08,main,primary,False,2026년실제도심환경모사전자파장애대응을위한기업지원기반구축사업기업지원을위한수혜기업모집공고|지능형자동차부품진흥원|20260408~20260508,2026년실제도심환경모사전자파장애대응을위한기업지원기반구축사업기업지원을위한수혜기업모집공고,지능형자동차부품진흥원,20260408~20260508,www.bizinfo.go.kr/sii/siia/selectsiia200detail.do?pblancid=pbln_000000000121209,https://www.bizinfo.go.kr/sii/siia/selectSIIA200Detail.do?pblancId=PBLN_000000000121209
biz,PBLN_000000000121208,2026년 해외지사화사업 참여기업 모집 재수정 공고,"<p>국내 중소ㆍ중견기업의 해외진출 및 수출을 촉진하기 위하여 공공기관의 해외 네트워크를 현지 비즈니스 거점으로 활용하는 해외지사화사업 참여기업 모집계획을 다음과 같이 수정공고합니다.</p><p><br></p><p>☞ 국내 사업자등록번호를 보유하고 있는 「중소기업 기본법」제2조 및 「중견기업 성장촉진 및 경쟁력 강화에 관한 특별법」제2조에 따른 중소ㆍ중견기업</p><p><br></p><p style=""line-height: 1.8;"">☞ 해외에 지사를 설치할 여력이 부족한 중소ㆍ중견기업의 현지 지사 역할을 대행하여 수출 및 해외진출 지원</p><p style=""line-height: 1.8;"">-  기초 마케팅, 수출, 현지화 지원</p><p style=""line-height: 1.8;"">※ 자세한 지원내용 공고문 참조</p>",판로/수출,대한무역투자진흥공사,산업통상부,중소기업,해외진출,,,,,온라인 접수 (수출바우처 해외지사화),온라인 접수 (수출바우처 해외지사화),차수별 상이,main,primary,False,2026년해외지사화사업참여기업모집재수정공고|대한무역투자진흥공사|,2026년해외지사화사업참여기업모집재수정공고,대한무역투자진흥공사,,www.bizinfo.go.kr/sii/siia/selectsiia200detail.do?pblancid=pbln_000000000121208,https://www.bizinfo.go.kr/sii/siia/selectSIIA200Detail.do?pblancId=PBLN_000000000121208
biz,PBLN_000000000121207,2026년 지식재산 데이터 활용 창업 경진대회 모집 공고,"<p>특허청 지식재산 데이터(공공데이터)를 활용한 창의적인 아이디어와 신규 비즈니스 모델을 발굴하여 지원하는 「2026 지식재산 데이터 활용 창업 경진대회」신청자 모집을 다음과 같이 공고합니다.</p><p><br></p><p>☞ 지식재산 데이터에 관심 있는 국민 누구나</p><p><br></p><p style=""line-height: 1.8;"">☞ 시상 및 포상 지원</p><p style=""line-height: 1.8;"">- 지식재산처장(최우수상, 우수상), 장려상(한국특허정보원장) 시상 및 상금</p><p style=""line-height: 1.8;"">- 지식재산 데이터 무상 지원</p><p style=""line-height: 1.8;"">- IR 피칭 교육 등의 사업화지원 프로그램 지원</p><p style=""line-height: 1.8;"">- 협력기관 창업ㆍ사업화 프로그램 추천</p><p style=""line-height: 1.8;"">- BM 개발ㆍ사업화, 아이디어 보호ㆍ컨설팅 및 홍보 지원</p><p style=""line-height: 1.8;"">- 사업화 역량강화 프로그램 지원</p>",창업,한국특허정보원,지식재산처,중소기업,사업화지원,,,,,온라인 접수 (KIPRIS Plus),온라인 접수 (KIPRIS Plus),2026-04-20 ~ 2026-06-11,main,primary,False,2026년지식재산데이터활용창업경진대회모집공고|한국특허정보원|20260420~20260611,2026년지식재산데이터활용창업경진대회모집공고,한국특허정보원,20260420~20260611,www.bizinfo.go.kr/sii/siia/selectsiia200detail.do?pblancid=pbln_000000000121207,https://www.bizinfo.go.kr/sii/siia/selectSIIA200Detail.do?pblancId=PBLN_000000000121207
biz,PBLN_000000000121206,2026년 지식재산 스타트업 경진대회 참가자(팀) 모집 공고(올해의 K-스타트업 2026 예선(지식재산리그)),"<p>「올해의 K-스타트업 2026(부처 통합 창업경진대회)」의 지식재산처 예선 대회(지식재산리그)인 ‘2026 지식재산 스타트업 경진대회’의 참가자(팀) 모집을 다음과 같이 공고합니다. </p><p><br></p><p>☞ 올해의 K-스타트업 2026 참가자격을 만족하고, 공고마감일(‘26.6.5)까지 신기술(12대 국가전략기술 분야, 국가첨단전략기술 분야 등) 및 사업화 가능한 지식재산권 보유 업력3년 이내 창업자(기업)</p><p><br></p><p style=""line-height: 1.8;"">☞ 시상 및 포상, IR 컨설팅, 투자유치설명회, 후속 연계(창업사업화, 특허, 보증) 지원</p><p style=""line-height: 1.8;"">※ 자세한 지원내용 공고문 참조</p>",창업,한국발명진흥회,지식재산처,창업벤처,사업화지원,,,,,온라인 접수 (한국발명진흥회 홈페이지),온라인 접수 (한국발명진흥회 홈페이지),2026-04-23 ~ 2026-06-05,main,primary,False,2026년지식재산스타트업경진대회참가자모집공고|한국발명진흥회|20260423~20260605,2026년지식재산스타트업경진대회참가자모집공고,한국발명진흥회,20260423~20260605,www.bizinfo.go.kr/sii/siia/selectsiia200detail.do?pblancid=pbln_000000000121206,https://www.bizinfo.go.kr/sii/siia/selectSIIA200Detail.do?pblancId=PBLN_000000000121206
biz,PBLN_000000000121205,[대구] 2026년 IT융합 공정 고도화 지원사업 모집 연장 공고(미래모빌리티 기업 동반성장 활력 프로젝트),"<p>지역 내 미래모빌리티 기업과 IT기업을 대상으로, 미래차 전환을 위한 기업 경쟁력 제고와 청년 일자리 창출 활성화를 도모하고자 「IT융합 공정 고도화 지원사업」을 안내하오니, 참여를 희망하는 지역 미래모빌리티기ㆍIT 기업의 많은 신청 바랍니다.</p><p><br></p><p style=""line-height: 1.8;"">☞ 대구지역 소재 연내 고용계획이 있는 미래모빌리티 산업군 분야로 도입기업(미래모빌리티)+(공급기업(IT) 간 2개사 이상 컨소시엄 구성 必</p><p style=""line-height: 1.8;"">※ IT 서비스 및 미래모빌리티 관련 산업 전후방 기업</p><p style=""line-height: 1.8;"">※ 대구지역 내에 소재한 (본사, 공장, 연구소 등 1개 이상) 기업</p><p style=""line-height: 1.8;"">※ [별첨] 미래모빌리티 산업분류(10차 또는 11차)코드 해당 기업에 한해 신청가능</p><p><br></p><p style=""line-height: 1.8;"">☞ 공정 고도화 IT융합, 컨설팅 지원</p><p style=""line-height: 1.8;"">- 공정 고도화 IT융합 지원 : IT융합 공정개선 및 고도화에 필요한 재료비, 시험비 등 지원 (컨소시엄당 최대 38,500천원)</p><p style=""line-height: 1.8;"">- 컨설팅 : 공정 고도화에 필요한 기술 자문 지원</p>",기술,대구경북첨단벤처기업연합회,대구광역시,중소기업,기술사업화/이전/지도,,,,,"방문, 우편 및 이메일 접수
- 접수처 : (41256) 대구광역시 동구 동대구로 481, 대구지식서비스센터 2층 대구경북첨단벤처기업연합회 사업기획팀
- 이메일 : venture@tvba.or.kr
※ 이메일 접수 후 방문 또는 우편 접수","방문, 우편 및 이메일 접수
- 접수처 : (41256) 대구광역시 동구 동대구로 481, 대구지식서비스센터 2층 대구경북첨단벤처기업연합회 사업기획팀
- 이메일 : venture@tvba.or.kr
※ 이메일 접수 후 방문 또는 우편 접수",2026-04-20 ~ 2026-05-08,main,primary,False,대구2026년it융합공정고도화지원사업모집연장공고|대구경북첨단벤처기업연합회|20260420~20260508,대구2026년it융합공정고도화지원사업모집연장공고,대구경북첨단벤처기업연합회,20260420~20260508,www.bizinfo.go.kr/sii/siia/selectsiia200detail.do?pblancid=pbln_000000000121205,https://www.bizinfo.go.kr/sii/siia/selectSIIA200Detail.do?pblancId=PBLN_000000000121205
biz,PBLN_000000000121204,[세종] 2026년 지역기업 성장사다리 지원사업 통합 공고,"<p>2026년 중소벤처기업부와 세종특별자치시가 지원하는 지역기업 성장사다리 지원사업 수행자로 지정된 세종테크노파크에서 지원대상별 지원프로그램을 안내하오니, 지원 프로그램별 참여를 희망하는 제주지역 중소기업의 많은 신청 바랍니다.</p><p><br></p><p>☞ 사업자등록증 상 본사가 해당 지역 내 소재하며, 세종 지역 주력산업 분야 KSIC코드보유 중소기업</p><p><br></p><p style=""line-height: 1.8;"">☞ 잠재기업, 예비선도(스타)기업, 선도기업, 수출도약기업, 초광역선도기업 대상별 프로그램 지원</p><p style=""line-height: 1.8;"">※ 자세한 지원내용 공고문 참조</p>",경영,세종테크노파크,세종특별자치시,중소기업,디자인/상품화/사업화,,,,,온라인 접수(기업지원사업관리시스템),온라인 접수(기업지원사업관리시스템),2026-04-22 ~ 2026-05-08,main,primary,False,세종2026년지역기업성장사다리지원사업통합공고|세종테크노파크|20260422~20260508,세종2026년지역기업성장사다리지원사업통합공고,세종테크노파크,20260422~20260508,www.bizinfo.go.kr/sii/siia/selectsiia200detail.do?pblancid=pbln_000000000121204,https://www.bizinfo.go.kr/sii/siia/selectSIIA200Detail.do?pblancId=PBLN_000000000121204
biz,PBLN_000000000121203,[제주] 2026년 지역기업 성장사다리 지원사업 통합공고,"<p>2026년 중소벤처기업부와 제주특별자치도가 지원하는 지역기업 성장사다리 지원사업 수행자로 지정된 제주테크노파크에서 지원대상별 지원프로그램을 안내하오니, 지원 프로그램별 참여를 희망하는 제주지역 중소기업의 많은 신청 바랍니다.</p><p><br></p><p>☞ 사업자등록증 상 본사가 제주 지역 내 소재하며, 제주 지역 주력산업 분야 KSIC코드보유 중소기업</p><p><br></p><p style=""line-height: 1.8;"">☞ 잠재기업, 예비선도(스타)기업, 지역혁신기업, 수출초보ㆍ주력ㆍ강소기업 대상별 프로그램 지원</p><p style=""line-height: 1.8;"">※ 자세한 지원내용 공고문 참조</p>",경영,제주테크노파크,제주특별자치도,중소기업,디자인/상품화/사업화,,,,,온라인 접수(기업지원사업관리시스템),온라인 접수(기업지원사업관리시스템),2026-04-22 ~ 2026-05-08,main,primary,False,제주2026년지역기업성장사다리지원사업통합공고|제주테크노파크|20260422~20260508,제주2026년지역기업성장사다리지원사업통합공고,제주테크노파크,20260422~20260508,www.bizinfo.go.kr/sii/siia/selectsiia200detail.do?pblancid=pbln_000000000121203,https://www.bizinfo.go.kr/sii/siia/selectSIIA200Detail.do?pblancId=PBLN_000000000121203
biz,PBLN_000000000121202,2026년 1차 스마트공장 공급기업 역량진단 지원사업 참여기업 모집 공고,"<p>스마트공장 공급기업의 역량을 체계적으로 진단하는 ‘2026년도 스마트공장 공급기업 역량진단’에 참여할 기업을 다음과 같이 모집 공고하오니 희망하는 기업의 많은 참여를 바랍니다.</p><p><br></p><p>☞ 중소ㆍ중견기업 중 사업관리시스템에 등록된 스마트제조, 스마트서비스 공급기업</p><p><br></p><p style=""line-height: 1.8;"">☞ 역량진단, 제조 AI 개발역량 진단 지원</p><p style=""line-height: 1.8;"">- (역량진단) 역량진단모델을 기반으로 전문 진단원이 진단을 시행한 후 그 결과를 기반으로 진단수준 부여 및 역량 강화 전략 제시</p><p style=""line-height: 1.8;"">- (제조AI 개발역량 진단) 스마트공장 공급기업이 보유한 제조AI 솔루션의 개발역량 및 기술 우수성을 진단</p>",경영,중소기업기술혁신협회,중소벤처기업부,중소기업,컨설팅,,,,,온라인 접수 (스마트공장사업관리시스템),온라인 접수 (스마트공장사업관리시스템),2026-04-27 ~ 2026-05-29,main,primary,False,2026년1차스마트공장공급기업역량진단지원사업참여기업모집공고|중소기업기술혁신협회|20260427~20260529,2026년1차스마트공장공급기업역량진단지원사업참여기업모집공고,중소기업기술혁신협회,20260427~20260529,www.bizinfo.go.kr/sii/siia/selectsiia200detail.do?pblancid=pbln_000000000121202,https://www.bizinfo.go.kr/sii/siia/selectSIIA200Detail.do?pblancId=PBLN_000000000121202
biz,PBLN_000000000121201,2026년 2차 의료기기 국제인증지원사업(해외 인증심사비) 통합 공고,"<p>의료기기 국제인증지원센터 사업의 주관기관인 (재)원주의료기기산업진흥원에서는 기업의 글로벌 시장진출 역량 제고를 위해 「의료기기 국제인증지원사업(해외 인증심사비)」사업을 공고하오니, 관심 있는 기업의 많은 신청 바랍니다.</p><p><br></p><p>☞ 전년도 수출액 100만 달러 미만의 국내(전국) 의료기기 및 체외 진단의료기기 제조기업 중, 과제 기간 내 의료기기 국제인증 심사신청 기업</p><p><br></p><p style=""line-height: 1.8;"">☞ 의료기기 국제(해외) 제품 인허가 수수료(기업당 최대 3,000만원) 지원</p><p style=""line-height: 1.8;"">- 유럽 MDR 및 IVDR, 미국 FDA, 중국 NMPA, 동남아 의료기기 인증 등 해외 국가별 의료기기 획득을 위한 인허가 심사 및 등록 수수료 지원</p><p style=""line-height: 1.8;"">- 유럽의 경우 MDD→ MDR 전환 심사비용 가능</p>",기술,원주의료기기산업진흥원,보건복지부,중소기업,시험/인증,,,,,온라인 접수 (의료기기 국제인증지원센터),온라인 접수 (의료기기 국제인증지원센터),2026-04-24 ~ 2026-04-29,main,primary,False,2026년2차의료기기국제인증지원사업통합공고|원주의료기기산업진흥원|20260424~20260429,2026년2차의료기기국제인증지원사업통합공고,원주의료기기산업진흥원,20260424~20260429,www.bizinfo.go.kr/sii/siia/selectsiia200detail.do?pblancid=pbln_000000000121201,https://www.bizinfo.go.kr/sii/siia/selectSIIA200Detail.do?pblancId=PBLN_000000000121201
biz,PBLN_000000000121200,[서울] 강북구 2026년 혁신성장 청년 예비 소상공인 지원 사업 참여자 모집 공고,"<p>강북창업지원센터는 강북구 내 혁신적인 아이디어를 가진 우수 청년 창업자 발굴과 지속 가능한 창업 생태계 조성을 위해 「2026년 혁신성장 청년 예비 소상공인 지원사업」에 참여할 청년 예비ㆍ초기 창업가를 모집합니다. 2026년 내 강북구에 제품 기반의 생활밀접업종 (음식점, 도ㆍ소매업, 제조업 등) 매장 창업을 희망하는 청년(19세~39세) 예비ㆍ초기 창업자의 많은 관심과 참여 부탁 드립니다</p><p><br></p><p style=""line-height: 1.8;"">☞ 2026년 내 강북구에 제품 기반의 생활밀접업종(음식점, 도ㆍ소매업, 제조업 등) 매장 창업을 희망하는 강북구 조례상 청년(19세~39세) 중 아래 요건에 해당 사항이 있는 자</p><p style=""line-height: 1.8;"">- 예비 창업자</p><p style=""line-height: 1.8;"">- 공고일 기준 강북구에 점포 창업 5년 이내인 초기 창업자 중 분점이 아닌 신규 점포 창업(별도의 사업자등록을 통한 독립적 운영 점포로 1인 이상 고용 창출이 가능한 자)을 목표로 하는 자</p><p style=""line-height: 1.8;"">- 2025년 혁신성장 청년 예비 소상공인 창업 아카데미 수료자 중 동일 아이템을 가지고 점포 창업을 희망하는 예비 창업자(서류 제출 필수)</p><p><br></p><p>☞ 창업 아카데미, 1:1 전문가 멘토링, 우수기업 탐방</p>",창업,강북창업지원센터,서울특별시,소상공인,사업화지원,,,,,이메일 접수 (gb.maru22@gmail.com),이메일 접수 (gb.maru22@gmail.com),2026-04-03 ~ 2026-05-05,main,primary,False,서울강북구2026년혁신성장청년예비소상공인지원사업참여자모집공고|강북창업지원센터|20260403~20260505,서울강북구2026년혁신성장청년예비소상공인지원사업참여자모집공고,강북창업지원센터,20260403~20260505,www.bizinfo.go.kr/sii/siia/selectsiia200detail.do?pblancid=pbln_000000000121200,https://www.bizinfo.go.kr/sii/siia/selectSIIA200Detail.do?pblancId=PBLN_000000000121200
biz,PBLN_000000000121199,[경기] 2026년 경기산학융합형 반도체 생태계 조성사업 반도체 소부장 R&D 과제 모집 연장 공고,"<p>2026년도 「경기산학융합형 반도체 생태계 조성사업」 반도체 소부장 R&D 과제 모집을 다음과 같이 공고하오니 참여를 희망하는 기업 및 기관은 신청하여 주시기 바랍니다.</p><p><br></p><p style=""line-height: 1.8;"">☞ 경기도 내 반도체 소재ㆍ부품ㆍ장비 기업</p><p style=""line-height: 1.8;"">- 과제구성 : (기업) 주관기업 + 참여기업, (기관) 대학 및 연구기관</p><p style=""line-height: 1.8;"">※ 자세한 지원대상 공고문 참조</p><p><br></p><p style=""line-height: 1.8;"">☞ 연구개발, 기술사업화 지원</p><p style=""line-height: 1.8;"">- (연구개발) 프로젝트 기반 애로기술 해결 R&D 지원</p><p style=""line-height: 1.8;"">- (기술사업화) 제품 시험분석, 특허출원, 전시회 참가, 시작품 제작 등 지원</p>",기술,경기산학융합원,경기도,중소기업,기술사업화/이전/지도,,,,,이메일 접수 (jeonminsu@giuci.or.kr),이메일 접수 (jeonminsu@giuci.or.kr),2026-04-22 ~ 2026-05-10,main,primary,False,경기2026년경기산학융합형반도체생태계조성사업반도체소부장rnd과제모집연장공고|경기산학융합원|20260422~20260510,경기2026년경기산학융합형반도체생태계조성사업반도체소부장rnd과제모집연장공고,경기산학융합원,20260422~20260510,www.bizinfo.go.kr/sii/siia/selectsiia200detail.do?pblancid=pbln_000000000121199,https://www.bizinfo.go.kr/sii/siia/selectSIIA200Detail.do?pblancId=PBLN_000000000121199
biz,PBLN_000000000121198,[광주] 2026년 중소기업 온라인몰 입점 지원사업 참여기업 모집 공고,"<p>광주광역시에서는 지역 중소기업의 제품 판매 활성화, 신 유통망 구축 및 홍보를 위해 유명 디지털플랫폼 입점 지원사업을 추진하오니, 지마켓(옥션), 롯데온, 11번가, 우체국쇼핑, SK스토아 등 쇼핑몰 진출을 희망하는 기업은 신청하여 주시기 바랍니다.</p><p><br></p><p>☞ 광주광역시 관내 소재 중소기업</p><div><br></div><div><div style=""line-height: 1.8;"">☞ 기획전개설, 배너 노출, 할인쿠폰 등 프로모션 이벤트, 입점 교육 프로그램 진행 지원</div></div><div style=""line-height: 1.8;"">- 기획전 개설 : 디지털 플랫폼별  ‘광주광역시 전용 기획전’ 운영</div><div style=""line-height: 1.8;"">- 배너 노출 : PC, 모바일 메인 배너(프로모션 기간 중)운영 등</div><div style=""line-height: 1.8;"">- 할인쿠폰 등 프로모션 이벤트 : 특가 프로모션 등 할인쿠폰 발행 이벤트</div><div style=""line-height: 1.8;"">- 입점 교육 프로그램 진행 : 판매 역량 강화 교육, 셀러존, MD매칭 등 입점 지원</div>",판로/수출,광주경제진흥상생일자리재단,광주광역시,중소기업,온라인,,,,,온라인 접수 (광주광역시 기업지원시스템),온라인 접수 (광주광역시 기업지원시스템),상시 접수,main,primary,False,광주2026년중소기업온라인몰입점지원사업참여기업모집공고|광주경제진흥상생일자리재단|,광주2026년중소기업온라인몰입점지원사업참여기업모집공고,광주경제진흥상생일자리재단,,www.bizinfo.go.kr/sii/siia/selectsiia200detail.do?pblancid=pbln_000000000121198,https://www.bizinfo.go.kr/sii/siia/selectSIIA200Detail.do?pblancId=PBLN_000000000121198
biz,PBLN_000000000121197,[경남] 창녕군 2026년 지역지식재산 창출지원사업 공고,"<p>창녕군에서 기업하기 좋은 환경 조성 및 지역 내 중소기업의 기술ㆍ정보 분야 지원을 위해 실시하는 「2026년 창녕군 지역지식재산 창출지원 사업」을 다음과 같이 공고하오니, 동 사업에 참여를 원하는 창녕군 소재 기업은 경남지식재산센터로 신청하여 주시기 바랍니다.</p><p><br></p><p>☞ 창녕군 소재 지방세 체납이 없는 중소기업</p><p><br></p><p style=""line-height: 1.8;"">☞ 지식재산권(특허권, 실용신안권, 디자인권, 상표권) 창출을 위한 출원비용 일부 지원</p><p style=""line-height: 1.8;"">※ 자세한 지원내용 공고문 참조</p>",기술,경남지식재산센터,경상남도,중소기업,기술사업화/이전/지도,,,,,온라인 접수 (지역지식재산센터 사업관리시스템),온라인 접수 (지역지식재산센터 사업관리시스템),2026-04-01 ~ 2026-12-31,main,primary,False,경남창녕군2026년지역지식재산창출지원사업공고|경남지식재산센터|20260401~20261231,경남창녕군2026년지역지식재산창출지원사업공고,경남지식재산센터,20260401~20261231,www.bizinfo.go.kr/sii/siia/selectsiia200detail.do?pblancid=pbln_000000000121197,https://www.bizinfo.go.kr/sii/siia/selectSIIA200Detail.do?pblancId=PBLN_000000000121197
biz,PBLN_000000000121196,2026년 섬유패션 수요-제조간 AI활용 디지털 공급망 구축 사업 수혜기업 모집 공고,"<p>한국아웃도어스포츠산업협회와 KOTITI 시험연구원은 산업통상부 섬유패션산업활성화기반마련사업 중 '섬유패션 수요-제조간 AI활용 디지털 공급망 구축 사업'의 수행기관으로서 다음과 같이 수혜기업 모집을 공고하고자 합니다.</p><p><br></p><p>☞ 의류, 섬유 액세서리 완제품 생산이 가능한 국내 제조기업</p><p><br></p><p style=""line-height: 1.8;"">☞ 사업화(제품 기획, 시제품 개발 및 생산연계를 위한 비용) 지원</p><p style=""line-height: 1.8;"">- 시제품 및 생산연계, 제조 DX 및 생산관리, 매칭 플랫폼, 홍보ㆍ마케팅, 역량강화 지원</p><p style=""line-height: 1.8;"">※ 자세한 지원내용 공고문 참조</p>",기술,한국아웃도어스포츠산업협회,산업통상부,중소기업,기술사업화/이전/지도,,,,,"이메일 접수
- 의류 : 한국아웃도어스포츠산업협회 koia@koia.org
- 섬유 액세서리 : KOTITI 시험연구원 kotitiedu@kr.kotiti-global.com","이메일 접수
- 의류 : 한국아웃도어스포츠산업협회 koia@koia.org
- 섬유 액세서리 : KOTITI 시험연구원 kotitiedu@kr.kotiti-global.com",2026-04-20 ~ 2026-05-04,main,primary,False,2026년섬유패션수요제조간ai활용디지털공급망구축사업수혜기업모집공고|한국아웃도어스포츠산업협회|20260420~20260504,2026년섬유패션수요제조간ai활용디지털공급망구축사업수혜기업모집공고,한국아웃도어스포츠산업협회,20260420~20260504,www.bizinfo.go.kr/sii/siia/selectsiia200detail.do?pblancid=pbln_000000000121196,https://www.bizinfo.go.kr/sii/siia/selectSIIA200Detail.do?pblancId=PBLN_000000000121196
biz,PBLN_000000000121195,[충북] 2026년 청년일자리도약장려금 사업 참여기업 모집 공고,"<p>사업주 및 근로자 지원을 통해 청년 신규 일자리 창출과 청년고용 활성화를 추진하고, 비수도권 소재 기업의 인력난 해소 및 해당 기업에 취업한 청년의 안정적인 장기근속 지원하기 위한 사업입니다.</p><p><br></p><p style=""line-height: 1.8;"">☞ 5인 이상 우선지원대상기업, 충북소재 중견기업</p><p style=""line-height: 1.8;"">- 참여가능 지역 : 충북 청주시, 증평군, 진천군, 옥천군, 영동군, 보은군, 괴산군</p><p><br></p><p>☞ 청년 채용 후 6개월 고용 유지시 1년간 기업지원금 지원(월 60만원x12개월)</p>",인력/일자리,중소기업기술혁신협회,고용노동부,중소기업,고용환경개선,,,,,온라인 접수(고용24),온라인 접수(고용24),선착순 접수,main,primary,False,충북2026년청년일자리도약장려금사업참여기업모집공고|중소기업기술혁신협회|,충북2026년청년일자리도약장려금사업참여기업모집공고,중소기업기술혁신협회,,www.bizinfo.go.kr/sii/siia/selectsiia200detail.do?pblancid=pbln_000000000121195,https://www.bizinfo.go.kr/sii/siia/selectSIIA200Detail.do?pblancId=PBLN_000000000121195
biz,PBLN_000000000121194,[경남] 고성군 2026년 지역지식재산창출 지원사업 공고,"<p>고성군에서 기업하기 좋은 환경 조성 및 지역 내 중소기업의 기술ㆍ정보 분야 지원을 위해 실시하는 「2026년 고성군 지식재산창출 지원사업」을 다음과 같이 공고하오니, 동 사업에 참여를 원하는 고성군 소재 기업은 경남지식재산센터로 신청하여 주시기 바랍니다.</p><p><br></p><p>☞ 고성군 소재 지방세 체납이 없는 중소기업</p><p><br></p><p style=""line-height: 1.8;"">☞ 지식재산권(특허권, 실용신안권, 디자인권, 상표권) 창출을 위한 출원비용 일부 지원</p><p style=""line-height: 1.8;"">※ 자세한 지원내용 공고문 참조</p>",기술,경남지식재산센터,경상남도,중소기업,기술사업화/이전/지도,,,,,온라인 접수 (지역지식재산센터 사업관리시스템),온라인 접수 (지역지식재산센터 사업관리시스템),예산 소진시까지,main,primary,False,경남고성군2026년지역지식재산창출지원사업공고|경남지식재산센터|,경남고성군2026년지역지식재산창출지원사업공고,경남지식재산센터,,www.bizinfo.go.kr/sii/siia/selectsiia200detail.do?pblancid=pbln_000000000121194,https://www.bizinfo.go.kr/sii/siia/selectSIIA200Detail.do?pblancId=PBLN_000000000121194
biz,PBLN_000000000121193,[경남] 2026년 소상공인 IP출원(상표출원) 지원사업 소상공인 수혜자 모집 공고,"<p>소상공인의 지식재산 피해를 예방하고 안정적 성장을 위하여, 소상공인의 상호ㆍ브랜드 권리화를 지원하는 IP출원(상표출원) 지원 사업을 진행하오니 희망하는 소상공인은 아래에 따라 신청하여 주시기를 바랍니다.</p><p><br></p><p>☞ 「소상공인기본법」제2조에 따른 소상공인(사업자등록증 보유)</p><p><br></p><p>☞ 상표출원 지원</p>",기술,경남지식재산센터,지식재산처,소상공인,시험/인증,,,,,온라인 접수 (지역지식재산센터),온라인 접수 (지역지식재산센터),예산 소진시까지,main,primary,False,경남2026년소상공인ip출원지원사업소상공인수혜자모집공고|경남지식재산센터|,경남2026년소상공인ip출원지원사업소상공인수혜자모집공고,경남지식재산센터,,www.bizinfo.go.kr/sii/siia/selectsiia200detail.do?pblancid=pbln_000000000121193,https://www.bizinfo.go.kr/sii/siia/selectSIIA200Detail.do?pblancId=PBLN_000000000121193
biz,PBLN_000000000121192,[서울] 성북구 2026년 길음청년희망스토어 청년창업팀 모집 공고,"<p>자신만의 아이디어로 창업을 준비하는 청년창업팀이 성북에서 자립기반을 다지며 성공적인 첫걸음을 내딛을 수 있도록 「길음청년희망스토어」청년 점포창업(11호점) 지원사업 모집 공고를 다음과 같이 게재합니다. 새로운 미래를 스스로 만들어갈 청년창업팀의 많은 관심과 참여를 기다립니다.</p><p><br></p><p style=""line-height: 1.8;"">☞ 성북구에서 창업을 준비하는 청년(팀대표 및 팀원 모두가 아래의 조건을 충족하는자)</p><p style=""line-height: 1.8;"">① 만 19세~39세 이하 청년(공통)</p><p style=""line-height: 1.8;"">② 서울시 성북구 사업자등록이 가능한 자(공통)</p><p style=""line-height: 1.8;"">③ 창업이력이 있는 경우 : 업력 7년 미만 중소기업확인서 발급이 가능한 자</p><p><br></p><p style=""line-height: 1.8;"">☞ 창업과 관련된 매장 리모델링, 창업 아이템, 홍보마케팅, 지식재산권 취득비 등 사업화자금 2,000만원 지원</p><p style=""line-height: 1.8;"">※ 자세한 지원내용 공고문 참조</p>",창업,성북문화재단,서울특별시,창업벤처,사업화지원,,,,,이메일 접수 (sb-startup@sbculture.or.kr),이메일 접수 (sb-startup@sbculture.or.kr),2026-04-22 ~ 2026-05-06,main,primary,False,서울성북구2026년길음청년희망스토어청년창업팀모집공고|성북문화재단|20260422~20260506,서울성북구2026년길음청년희망스토어청년창업팀모집공고,성북문화재단,20260422~20260506,www.bizinfo.go.kr/sii/siia/selectsiia200detail.do?pblancid=pbln_000000000121192,https://www.bizinfo.go.kr/sii/siia/selectSIIA200Detail.do?pblancId=PBLN_000000000121192
biz,PBLN_000000000121191,2026년 산업 분야 온실가스 국제감축사업 공고,"<p>국가 온실가스 감축목표 달성을 위한「2026년 온실가스 국제감축사업」을 공고하오니, 동 사업에 지원할 자격과 역량을 갖춘 우리 기업(국내 법인 또는 기관)은 절차 및 관련 규정에 따라 신청하여 주시기 바랍니다.</p><p><br></p><p style=""line-height: 1.8;"">☞ 운영지침 제2조에 따른「국내법인 또는 기관」</p><p style=""line-height: 1.8;"">※ 자세한 지원대상 공고문 참조</p><p><br></p><p style=""line-height: 1.8;"">☞ 투자지원, 타당성조사지원</p><p style=""line-height: 1.8;"">- (투자지원) 감축설비 투자비의 최대 50% (단, 100억원 이하)</p><p style=""line-height: 1.8;"">- (타당성조사지원) 설계, 방법론 검토 등 최대 90% (단, 4억원 이하)</p>",경영,대한무역투자진흥공사,산업통상부,중소기업,디자인/상품화/사업화,,,,,"우편 접수
- 접수처 : (06792)서울시 서초구 헌릉로 13, 대한무역투자진흥공사 기후에너지산업팀 
① 전자파일(1본): 양식, 파일명, 확장자 규칙 등을 준수하여 USB에 저장
② 인쇄본(3부): 전자파일과 동일한 서류의 인쇄본
※ ①+② 동봉하여 발송
","우편 접수
- 접수처 : (06792)서울시 서초구 헌릉로 13, 대한무역투자진흥공사 기후에너지산업팀 
① 전자파일(1본): 양식, 파일명, 확장자 규칙 등을 준수하여 USB에 저장
② 인쇄본(3부): 전자파일과 동일한 서류의 인쇄본
※ ①+② 동봉하여 발송
",세부사업별 상이,main,primary,False,2026년산업분야온실가스국제감축사업공고|대한무역투자진흥공사|,2026년산업분야온실가스국제감축사업공고,대한무역투자진흥공사,,www.bizinfo.go.kr/sii/siia/selectsiia200detail.do?pblancid=pbln_000000000121191,https://www.bizinfo.go.kr/sii/siia/selectSIIA200Detail.do?pblancId=PBLN_000000000121191
biz,PBLN_000000000121190,[경기] 성남시 2026년 국제 병원 및 헬스테크 박람회(KHF 2026) 공동관 참가지원 모집 공고,"<p>성남시는 관내 의료기기 및 바이오헬스 기업의 제품 홍보, 시장 트렌드 파악 및 신규 바이어 발굴 등의 기회를 제공하고자 서울 코엑스에서 개최되는 「2026 국제 병원 및 헬스테크 박람회(KHF 2026)」성남시 공동관 참가기업을 다음과 같이 모집하오니 관심 있는 기업의 많은 신청 바랍니다.</p><p><br></p><p>☞ 성남시 관내 의료기기 제조기업 및 바이오헬스 관련 기업</p><p><br></p><p style=""line-height: 1.8;"">☞ 조립부스(3m×3m=9㎡)부스임차료 지원</p><p style=""line-height: 1.8;"">※ 포함사항 : 안내데스크 및 의자 1세트, 콘센트(2구) 1개, 바닥 파이텍스, 조명, 상호간판, 전기 1Kw</p>",판로/수출,기초자치단체,경기도,중소기업,해외진출,,,,,"이메일 접수 (galtan@korea.kr)
※ 신청서 제출 후 반드시 유선으로 접수 여부 확인","이메일 접수 (galtan@korea.kr)
※ 신청서 제출 후 반드시 유선으로 접수 여부 확인",2026-04-15 ~ 2026-05-08,main,primary,False,경기성남시2026년국제병원및헬스테크박람회공동관참가지원모집공고|기초자치단체|20260415~20260508,경기성남시2026년국제병원및헬스테크박람회공동관참가지원모집공고,기초자치단체,20260415~20260508,www.bizinfo.go.kr/sii/siia/selectsiia200detail.do?pblancid=pbln_000000000121190,https://www.bizinfo.go.kr/sii/siia/selectSIIA200Detail.do?pblancId=PBLN_000000000121190
biz,PBLN_000000000121189,2026년 제조암묵지기반AI모델개발사업 신규지원 대상과제 수정 공고,"<p>2026년도 제조암묵지기반AI모델개발사업  신규 지원대상 연구개발과제를 다음과 같이 공고하오니 수행하고자 하는 자는 신청하여 주시기 바랍니다.</p><p><br></p><p style=""line-height: 1.8;"">☞ 기업, 대학, 연구기관, 연구조합, 사업자단체, 의료기관 등 「산업기술혁신촉진법」 제11조 제2항 및 같은 법 시행령 제11조, 「산업기술혁신사업 공통 운영요령」 제2조제1항제3호, 제4호 및 제4의2호, 제9의2호부터 제9의5호, 제58호에 해당하는 기관</p><p style=""line-height: 1.8;"">- 주관연구개발기관이 기업인 경우는 접수마감일 현재 법인사업자이어야 하며, 선정평가 개최일 이전에 기업부설연구소(한국산업기술진흥협회 인정서 기준)를 보유하고 있어야 함</p><p style=""line-height: 1.8;"">- 명장, 제조기업, AI기업이 필수로 참여하는 컨소시엄 구성</p><p style=""line-height: 1.8;"">- (지원대상 업종) 자동차, 조선, 철강, 기계, 전자(반도체ㆍ디스플레이 포함), 바이오ㆍ화학, 방산, 뿌리, 섬유, 기타 (10대 분야별 3개 내외 선정)</p><p><br></p><p style=""line-height: 1.8;"">☞ 제조기업과 AI기업간 협력을 바탕으로, 제조 명장의 암묵지가 담긴 비정형 데이터를 확보ㆍ정제하고, 이를 활용한 AI 모델을 개발하여 데이터셋 검증 지원</p><p style=""line-height: 1.8;"">※ AI기업은 암묵지를 제조 자율화 AI, AI 로봇 등에 적용하여 제조 현장에 활용가능한 제품 개발</p><p style=""line-height: 1.8;"">- (데이터 디지털화) 암묵지가 담긴 다양한 비정형 데이터를 확보하고, AI 학습 가능한 디지털 데이터로 정제</p><p style=""line-height: 1.8;"">- (AI 모델 개발) 암묵지 데이터를 학습한 AI 모델 개발</p><p style=""line-height: 1.8;"">- (AI 검증) AI가 제조 명장의 판단을 구현할 수 있는지 비교ㆍ검증</p>",기술,한국산업기술기획평가원,산업통상부,중소기업,공동기술개발,,,,,온라인 접수(범부처통합연구지원시스템),온라인 접수(범부처통합연구지원시스템),2026-04-21 ~ 2026-05-11,main,primary,False,2026년제조암묵지기반ai모델개발사업신규지원대상과제수정공고|한국산업기술기획평가원|20260421~20260511,2026년제조암묵지기반ai모델개발사업신규지원대상과제수정공고,한국산업기술기획평가원,20260421~20260511,www.bizinfo.go.kr/sii/siia/selectsiia200detail.do?pblancid=pbln_000000000121189,https://www.bizinfo.go.kr/sii/siia/selectSIIA200Detail.do?pblancId=PBLN_000000000121189
biz,PBLN_000000000121188,[경남] 창원시 2026년 7기 이노테크 발굴 및 창업지원사업 KERITOR 모집 공고,"<p>기술기반 (예비)창업자의 지속 가능한 성장을 지원하는 「2026년 경남 창원강소특구 이노테크 발굴 및 창업지원사업」에 참여할 예비창업자 및 7년 미만의 초기 창업자 모집 계획을 아래와 같이 공고하오니 많은 관심과 참여 부탁드립니다.</p><p><br></p><p style=""line-height: 1.8;"">☞ 예비창업자, 초기창업자</p><p style=""line-height: 1.8;"">- 특화분야 : 전기추진시스템 분야의 예비창업자, 전기추진시스템 분야의 설립 7년 미만 기업</p><div style=""line-height: 1.8;"">- 일반분야 :  특화분야 외 기술 기반의 예비창업자, 특화분야 외 기술 기반의 설립 7년 미만 기업</div><div><br></div><div style=""line-height: 1.8;"">☞ 특화분야(전기추진시스템), 일반분야(일반기술) 지원</div><div style=""line-height: 1.8;"">- Sourcing(유망기업 발굴), Meet-up(아이템 검증), Accelerating(공통교육, 멘토링), Training(자체 IR 데모데이 진행 등), Elevating(비즈매칭 및 IR데이 참여 등), Post Management(직ㆍ간접투자) 지원</div><div style=""line-height: 1.8;"">※ 자세한 지원내용 공고문 참조</div>",창업,한국전기연구원,과학기술정보통신부,창업벤처,사업화지원,,,,,이메일 접수 (coup@gnvi.co.kr),이메일 접수 (coup@gnvi.co.kr),2026-04-22 ~ 2026-05-12,main,primary,False,경남창원시2026년7기이노테크발굴및창업지원사업keritor모집공고|한국전기연구원|20260422~20260512,경남창원시2026년7기이노테크발굴및창업지원사업keritor모집공고,한국전기연구원,20260422~20260512,www.bizinfo.go.kr/sii/siia/selectsiia200detail.do?pblancid=pbln_000000000121188,https://www.bizinfo.go.kr/sii/siia/selectSIIA200Detail.do?pblancId=PBLN_000000000121188
biz,PBLN_000000000121187,[충남] 아산시 2026년 소상공인 화재보험료 지원사업 공고,<p>아산시 영세 소상공인의 화재보험료 가입 부담을 경감하고 안정적인 영업활동을 지원하기 위한 「2026년 소상공인 화재보험료 지원사업」을 다음과 같이 공고합니다.</p><p><br></p><p>☞ '26년에 화재보험 가입을 유지하고 관내에서 사업 중인 소상공인</p><p><br></p><p>☞ 화재보험료(보장보험료)의 80% 지원(연 최대 24만원)</p>,자금,기초자치단체,충청남도,소상공인,보험(수출+무역),,,,,"온라인 및 방문 접수
- 접수처 : 사업장 소재지 시군
- 온라인 : 소상공인24","온라인 및 방문 접수
- 접수처 : 사업장 소재지 시군
- 온라인 : 소상공인24",2026-04-20 ~ 2026-05-29,main,primary,False,충남아산시2026년소상공인화재보험료지원사업공고|기초자치단체|20260420~20260529,충남아산시2026년소상공인화재보험료지원사업공고,기초자치단체,20260420~20260529,www.bizinfo.go.kr/sii/siia/selectsiia200detail.do?pblancid=pbln_000000000121187,https://www.bizinfo.go.kr/sii/siia/selectSIIA200Detail.do?pblancId=PBLN_000000000121187
biz,PBLN_000000000121186,[경기] 안양시 2026년 해외전시회 개별 참가기업 지원사업 참여기업 모집 공고,"<p>안양산업진흥원은 관내 중소기업의 해외 판로개척 지원을 위한「2026년 해외전시회 개별참가기업 지원사업」참여기업을 다음과 같이 모집하오니 많은 신청바랍니다.</p><p><br></p><p style=""line-height: 1.8;"">☞ 지원 기간내 해외 전문전시회 참가했거나 예정인 안양시 소재 중소기업</p><p style=""line-height: 1.8;"">- 중소기업기본법 제2조에 의한 중소기업</p><p style=""line-height: 1.8;"">- 공고일 현재 안양시 사업자 등록 기업(본점 소재 기준)</p><p><br></p><p style=""line-height: 1.8;"">☞ 해외전시회 참가비, 장치비, 편도 운송료 등 최대 500만원 지원</p>",판로/수출,안양산업진흥원,경기도,중소기업,해외진출준비,,,,,"온라인 및 이메일 접수
- 온라인 :  네이버폼
- 이메일 : treasure@aba.or.kr
※ 온라인 접수 후 이메일로 제출 서류 발송
※ 접수 완료 답장 메일을 받지 못한 경우 문의전화로 이메일 수신 확인","온라인 및 이메일 접수
- 온라인 :  네이버폼
- 이메일 : treasure@aba.or.kr
※ 온라인 접수 후 이메일로 제출 서류 발송
※ 접수 완료 답장 메일을 받지 못한 경우 문의전화로 이메일 수신 확인",2026-05-27 ~ 2026-05-29,main,primary,False,경기안양시2026년해외전시회개별참가기업지원사업참여기업모집공고|안양산업진흥원|20260527~20260529,경기안양시2026년해외전시회개별참가기업지원사업참여기업모집공고,안양산업진흥원,20260527~20260529,www.bizinfo.go.kr/sii/siia/selectsiia200detail.do?pblancid=pbln_000000000121186,https://www.bizinfo.go.kr/sii/siia/selectSIIA200Detail.do?pblancId=PBLN_000000000121186
biz,PBLN_000000000121185,[충북] 음성군 2026년 중소기업 역량강화 지원사업 모집 공고,"<p>음성군과 (재)충북테크노파크에서는 음성군 소재기업의 활력 넘치는 기업환경 조성을 위해 「음성군 중소기업 역량강화 지원사업」을 공고하오니 많은 참여와 관심을 부탁드립니다.</p><p><br></p><p>☞ 음성군 소재 중소ㆍ벤처 제조기업(본사, 공장, 연구소 소재)</p><p><br></p><p style=""line-height: 1.8;"">☞ 기업별 지원금액 이내 단일 또는 복수 프로그램 선택 가능(기업당 7,000천원 이내 지원)</p><p style=""line-height: 1.8;"">- 컨설팅, 인증, 마케팅 지원</p><p style=""line-height: 1.8;"">※ 자세한 지원내용 공고문 참조</p>",경영,충북테크노파크,충청북도,중소기업,디자인/상품화/사업화,,,,,"방문, 우편 및 온라인 접수
- 접수처 : (28116) 충북 청주시 청원구 연구단지로 76, 충북테크노파크 기업지원단(본부관 210호)
- 온라인 : 충북테크노파크 컨택센터
","방문, 우편 및 온라인 접수
- 접수처 : (28116) 충북 청주시 청원구 연구단지로 76, 충북테크노파크 기업지원단(본부관 210호)
- 온라인 : 충북테크노파크 컨택센터
",2026-04-17 ~ 2026-05-15,main,primary,False,충북음성군2026년중소기업역량강화지원사업모집공고|충북테크노파크|20260417~20260515,충북음성군2026년중소기업역량강화지원사업모집공고,충북테크노파크,20260417~20260515,www.bizinfo.go.kr/sii/siia/selectsiia200detail.do?pblancid=pbln_000000000121185,https://www.bizinfo.go.kr/sii/siia/selectSIIA200Detail.do?pblancId=PBLN_000000000121185
biz,PBLN_000000000121184,[전남] 2026년 탄소중립 제조혁신 고도화 2단계 사업 참여기업 모집 공고,"<p>전라남도 중소ㆍ중견기업의 온실가스 저감 및 에너지 효율화를 위한「2026년 전라남도 탄소중립 제조혁신 고도화 2단계 사업」을 통해 탄소중립 실현에 적극적으로 참여할 기업을 모집하오니 많은 관심과 신청 바랍니다.</p><p><br></p><p style=""line-height: 1.8;"">☞ 전남 중소ㆍ중견기업(탄소 多배출 중소ㆍ중견기업 중심)</p><p style=""line-height: 1.8;"">- (필수) 공고일 현재 전라남도에 본사와 공장이 소재하고 3년이상 가동</p><p style=""line-height: 1.8;"">- (중소기업)「중소기업기본법」제2조 및 동법 시행령 제3조에 해당되는 경우</p><p style=""line-height: 1.8;"">- (중견기업)「중견기업 성장촉진 및 경쟁력 강화에 관한 특별법」제2조에 해당되는 경우</p><p><br></p><p style=""line-height: 1.8;"">☞ 기업 맞춤형 탄소수준 진단 및 기술 패키지 지원으로 저탄소 제조혁신 기반 구축 지원</p><p style=""line-height: 1.8;"">- 탄소저감 가능성이 높은 중소ㆍ중견기업을 대상으로 전문기관이 제공하는 기업진단(필수) 및 기술지원(선택) 서비스 지원</p><p style=""line-height: 1.8;"">※ 자세한 지원내용 공고문 참조</p>",경영,전남테크노파크,전라남도,중소기업,디자인/상품화/사업화,,,,,온라인 신청(전남테크노파크 기업혁신성장 플랫폼),온라인 신청(전남테크노파크 기업혁신성장 플랫폼),2026-04-16 ~ 2026-04-30,main,primary,False,전남2026년탄소중립제조혁신고도화2단계사업참여기업모집공고|전남테크노파크|20260416~20260430,전남2026년탄소중립제조혁신고도화2단계사업참여기업모집공고,전남테크노파크,20260416~20260430,www.bizinfo.go.kr/sii/siia/selectsiia200detail.do?pblancid=pbln_000000000121184,https://www.bizinfo.go.kr/sii/siia/selectSIIA200Detail.do?pblancId=PBLN_000000000121184
biz,PBLN_000000000121183,2026년 로봇 플래그쉽 지역거점 구축사업 지원과제 모집 공고,"<p>중앙정부-지방정부 협력 기반의 지역 특화산업 혁신과 로봇산업 발전 융합 프로젝트 추진을 위한 「2026년 로봇 플래그쉽 지역거점 구축사업」지원과제를 다음과 같이 공고하오니 많은 관심과 참여를 바랍니다.</p><p><br></p><p style=""line-height: 1.8;"">☞ 지자체, 대학, 연구기관(정출연, 전문연, 비영리 등), 공기업/공공기관, 기타 비영리 등</p><p style=""line-height: 1.8;"">※ 효율적 과제수행을 위한 컨소시엄 자율적 구성을 통해 영리기업 참여 가능</p><p><br></p><p style=""line-height: 1.8;"">☞ 지역 특화거점 확보, 지역 특화거점 운영</p><p style=""line-height: 1.8;"">- 지역 특화거점 확보 : 테스트베드, 지원(체험)센터, 플랫폼 등 특화거점(인프라)을 확보 지원</p><p style=""line-height: 1.8;"">- 지역 특화거점 운영 : 사용자경험(UX) 확산을 위한 특화거점(인프라) 운영 지원</p>",기술,한국로봇산업진흥원,산업통상부,중소기업,기술인력/장비지원,,,,,온라인 접수 (한국로봇산업진흥원 사업관리시스템),온라인 접수 (한국로봇산업진흥원 사업관리시스템),2026-05-06 ~ 2026-05-12,main,primary,False,2026년로봇플래그쉽지역거점구축사업지원과제모집공고|한국로봇산업진흥원|20260506~20260512,2026년로봇플래그쉽지역거점구축사업지원과제모집공고,한국로봇산업진흥원,20260506~20260512,www.bizinfo.go.kr/sii/siia/selectsiia200detail.do?pblancid=pbln_000000000121183,https://www.bizinfo.go.kr/sii/siia/selectSIIA200Detail.do?pblancId=PBLN_000000000121183
biz,PBLN_000000000121182,2026년 희망리턴패키지 재기사업화(경영개선) 위기 소상공인 진단ㆍ멘토링 지원 모집 공고,"<p>소상공인의 안정적 재기를 지원하기 위한 2026년 제1회 추가경정예산 「희망리턴패키지 재기사업화(경영개선) 위기 소상공인 진단·멘토링 지원」사업을 다음과 같이 공고합니다.</p><p><br></p><p style=""line-height: 1.8;"">☞ 위기 소상공인</p><p style=""line-height: 1.8;"">- 공단ㆍ지역신보ㆍ민간은행(17개사)으로부터 위기징후 모니터링 선별 기준에 따라 위기 소상공인으로 선별되어 위기 알림톡을 받은 자로서, 사업체를 휴ㆍ폐업하지 않고 정상적으로 영업 중인 소상공인</p><p style=""line-height: 1.8;"">※ 자세한 지원대상 공고문 참조</p><p><br></p><p style=""line-height: 1.8;"">☞ 경영진단ㆍ멘토링 등 지원</p><p style=""line-height: 1.8;"">- (경영진단) 전문가가 소상공인 사업장에 방문하여 빅데이터와 표준 진단지를 통해 진단하고, 진단결과에 대한 상담 및 개선지도 지원</p><p style=""line-height: 1.8;"">- (밀착 멘토링) 경영위기 극복에 필요한 핵심 전략 제시와 전략 이행 완수를 위한 전담 관리자(PM) 지원 및 사업화 성과 확장을 위해 필요한 추가적인 채움멘토링 지원</p><p style=""line-height: 1.8;"">※ 자세한 지원내용 공고문 참조</p>",경영,소상공인시장진흥공단,중소벤처기업부,소상공인,컨설팅,,,,,"온라인 접수 (희망리턴패키지)
※ 신청 지역 : 사업장 소재지를 기준으로 지역 선택","온라인 접수 (희망리턴패키지)
※ 신청 지역 : 사업장 소재지를 기준으로 지역 선택",예산 소진시까지,main,primary,False,2026년희망리턴패키지재기사업화위기소상공인진단ㆍ멘토링지원모집공고|소상공인시장진흥공단|,2026년희망리턴패키지재기사업화위기소상공인진단ㆍ멘토링지원모집공고,소상공인시장진흥공단,,www.bizinfo.go.kr/sii/siia/selectsiia200detail.do?pblancid=pbln_000000000121182,https://www.bizinfo.go.kr/sii/siia/selectSIIA200Detail.do?pblancId=PBLN_000000000121182
biz,PBLN_000000000121181,2026년 코리아 국제 스트리밍 페스티벌 투자유치 쇼케이스 (미디어테크 분야ㆍ우수기획안 분야) 참가 기업 모집 연장 공고,"<p>과학기술정보통신부와 정보통신산업진흥원은 국내 OTT서비스ㆍ콘텐츠 관련 기업의 해외 진출 기회 확대를 위해 2026 코리아 국제 스트리밍 페스티벌 투자유치 쇼케이스(미디어테크, 우수기획안) 지원 기업 모집을 다음과 같이 추진하오니 많은 참여 바랍니다.</p><p><br></p><p style=""line-height: 1.8;"">☞ 미디어테크 기술을 보유한 국내 중소ㆍ중견기업 및 콘텐츠 저작권을 보유한 국내 기업</p><p style=""line-height: 1.8;"">- (미디어테크기업 IR 분야) AI 서비스, 버추얼프로덕션, 현지화 등 미디어테크 기술을 보유한 국내 중소ㆍ중견기업</p><p style=""line-height: 1.8;"">- (우수 기획안 피칭 분야) OTT 플랫폼 송출(서비스)을 위해 기획개발 중인 콘텐츠의 저작권을보유한 국내 기업</p><p><br></p><p style=""line-height: 1.8;"">☞ 투자유치 쇼케이스 참가 지원</p><p style=""line-height: 1.8;"">- 해외 바이어ㆍ투자사 대상 기업 IR 발표 기회 제공</p><p style=""line-height: 1.8;"">- 해외 바이어ㆍ투자사 발굴ㆍ매칭 및 1:1 비즈니스상담 운영</p><p style=""line-height: 1.8;"">- 투자유치 쇼케이스 준비를 위한 1:1 사전 피칭 코칭 지원</p><p style=""line-height: 1.8;"">- 참가기업별 상담 공간(책상, 모니터, 인터넷 제공 등) 제공</p><p style=""line-height: 1.8;"">- 비즈니스 성과(계약, MoU 등) 추적 관리 등 사후 관리 지원</p>",판로/수출,정보통신산업진흥원,과학기술정보통신부,중소기업,해외진출준비,,,,,이메일 접수 (sayim@nipa.kr),이메일 접수 (sayim@nipa.kr),2026-03-12 ~ 2026-04-30,main,primary,False,2026년코리아국제스트리밍페스티벌투자유치쇼케이스참가기업모집연장공고|정보통신산업진흥원|20260312~20260430,2026년코리아국제스트리밍페스티벌투자유치쇼케이스참가기업모집연장공고,정보통신산업진흥원,20260312~20260430,www.bizinfo.go.kr/sii/siia/selectsiia200detail.do?pblancid=pbln_000000000121181,https://www.bizinfo.go.kr/sii/siia/selectSIIA200Detail.do?pblancId=PBLN_000000000121181
biz,PBLN_000000000121180,[경남] 2026년 스마트공장 기초구축 지원사업 공고,"<p>경상남도와 (재)경남테크노파크는 경남 지역 중소ㆍ중견기업의 경쟁력 제고 및 제조혁신을 위하여 2026년 경남 스마트공장 기초구축 지원사업을 다음과 같이 공고하오니 많은 참여 바랍니다.</p><p><br></p><p>☞ 국내 중소ㆍ중견기업 중 스마트공장 구축이 필요한 제조기업</p><p><br></p><p style=""line-height: 1.8;"">☞ 정보통신기술(ICT)로 제품의 기획-설계-제조-판매 과정을 통합하여 제조 공정을 최적화하는 스마트공장 구축지원</p><p style=""line-height: 1.8;"">- 제품설계ㆍ생산공정 개선 등을 위한 스마트공장 솔루션 구축 및 솔루션과 연동되는 자동화장비ㆍ제어기ㆍ센서 등 구축 지원</p>",경영,경남테크노파크,경상남도,중소기업,시설/입지지원,,,,,온라인 접수(스마트공장 사업관리시스템),온라인 접수(스마트공장 사업관리시스템),2026-04-17 ~ 2026-05-21,main,primary,False,경남2026년스마트공장기초구축지원사업공고|경남테크노파크|20260417~20260521,경남2026년스마트공장기초구축지원사업공고,경남테크노파크,20260417~20260521,www.bizinfo.go.kr/sii/siia/selectsiia200detail.do?pblancid=pbln_000000000121180,https://www.bizinfo.go.kr/sii/siia/selectSIIA200Detail.do?pblancId=PBLN_000000000121180
biz,PBLN_000000000121179,[강원] 바이오기업 성장 촉진 및 고용 활성화 지원기업 추가모집 공고,"<p>(재)춘천바이오산업진흥원에서는 강원도 바이오기업의 역량 확대를 통한 고용수요 제고와 양질의 일자리 + 주거지원을 통한 인력 외부 유출 방지를 위해 다음과 같이 기업지원 사업을 추진합니다. 본 사업은 강원 지역 기업의 고용침체 및 고용위기를 극복하기 위한 사업으로 일자리 창출에 성과 목표를 두고 있습니다. 희망하는 기업은 신청하여 주시기 바랍니다.</p><p><br></p><p style=""line-height: 1.8;"">☞ 강원특별자치도 소재 바이오헬스 관련 기업</p><p style=""line-height: 1.8;"">- 분야 : 식품ㆍ건강기능식품, 화장품, 의약ㆍ제약, 바이오소재 등</p><p style=""line-height: 1.8;"">- 소재지 : 고용관리등록번호 기준 주소지가 강원도 내 소재</p><p style=""line-height: 1.8;"">※ 자세한 지원대상 공고문 참조</p><p><br></p><p>☞ 제품고급화, 시제품제작, 온ㆍ오프라인 광고, 홍보물제작, 국내외 규격인증 획득, 해외전시참가, 일자리시설ㆍ환경, 신규 채용자 초기정주기반 지원</p>",경영,춘천바이오산업진흥원,강원특별자치도,중소기업,디자인/상품화/사업화,,,,,"방문, 우편, 이메일 접수
- 접수처 : 강원도 춘천시 소양강로 32, BIO-1동 101호 기업지원팀
- 이메일 : clonne@cbf.or.kr","방문, 우편, 이메일 접수
- 접수처 : 강원도 춘천시 소양강로 32, BIO-1동 101호 기업지원팀
- 이메일 : clonne@cbf.or.kr",2026-04-17 ~ 2026-04-30,main,primary,False,강원바이오기업성장촉진및고용활성화지원기업추가모집공고|춘천바이오산업진흥원|20260417~20260430,강원바이오기업성장촉진및고용활성화지원기업추가모집공고,춘천바이오산업진흥원,20260417~20260430,www.bizinfo.go.kr/sii/siia/selectsiia200detail.do?pblancid=pbln_000000000121179,https://www.bizinfo.go.kr/sii/siia/selectSIIA200Detail.do?pblancId=PBLN_000000000121179
biz,PBLN_000000000121178,2026년 해외규격인증획득(추경) 추가지원사업 참여기업 모집 공고,"<p>중소기업의 해외시장 진출에 필요한 해외인증 획득을 지원하는 「해외규격인증획득(추경) 추가지원사업」참여기업 모집을 다음과 같이 공고합니다.</p><p><br></p><p style=""line-height: 1.8;"">☞ 전년도 직접수출액 5,000만불 미만의 중소기업</p><p style=""line-height: 1.8;"">※ 단, 글로벌 강소기업 1000+ 지정기업은 5,000만불 이상도 지원 가능</p><p><br></p><p style=""line-height: 1.8;"">☞ 578개 해외규격인증 획득에 필수적으로 소요되는 인증비, 시험비 및 컨설팅비 등 인증획득비용의 일부(50% ~ 70%) 지원</p><p style=""line-height: 1.8;"">- 기업당 최대 1억원 한도 내 지원</p><p style=""line-height: 1.8;"">※ 자세한 지원내용 공고문 참조</p>",판로/수출,한국화학융합시험연구원,중소벤처기업부,중소기업,해외진출준비,,,,,온라인 접수 (해외규격인증획득지원센터),온라인 접수 (해외규격인증획득지원센터),2026-04-23 ~ 2026-05-29,main,primary,False,2026년해외규격인증획득추가지원사업참여기업모집공고|한국화학융합시험연구원|20260423~20260529,2026년해외규격인증획득추가지원사업참여기업모집공고,한국화학융합시험연구원,20260423~20260529,www.bizinfo.go.kr/sii/siia/selectsiia200detail.do?pblancid=pbln_000000000121178,https://www.bizinfo.go.kr/sii/siia/selectSIIA200Detail.do?pblancId=PBLN_000000000121178
biz,PBLN_000000000121177,[강원] 춘천시 2026년 2차 이상기상 대응 과수 스마트팜 기반조성 지원사업 공고,"<p>「춘천시 보조금 관리 조례」제15조의 규정에 따라 2026년 이상기상 대응 과수 스마트팜 기반조성 지원사업 추진계획을 다음과 같이 공고합니다.</p><p><br></p><p style=""line-height: 1.8;"">☞「농어업경영체 육성 및 지원에 관한 법률」에 따라 농어업 경영정보를 등록한 농업인ㆍ농업법인ㆍ생산자단체</p><p style=""line-height: 1.8;"">- 사업공고일 현재 사업장 소재지가 춘천인 농업인ㆍ농업법인ㆍ생산자단체</p><p><br></p><p>☞ 다목적 햇빛차단망, 자동 측정센서 모니터링 시스템, 기상재해 경감시설 등 지원</p>",경영,기초자치단체,강원특별자치도,중소기업,시설/입지지원,,,,,"방문 접수
- 접수처: 농지소재지 읍ㆍ면ㆍ동 행정복지센터","방문 접수
- 접수처: 농지소재지 읍ㆍ면ㆍ동 행정복지센터",2026-04-17 ~ 2026-04-29,main,primary,False,강원춘천시2026년2차이상기상대응과수스마트팜기반조성지원사업공고|기초자치단체|20260417~20260429,강원춘천시2026년2차이상기상대응과수스마트팜기반조성지원사업공고,기초자치단체,20260417~20260429,www.bizinfo.go.kr/sii/siia/selectsiia200detail.do?pblancid=pbln_000000000121177,https://www.bizinfo.go.kr/sii/siia/selectSIIA200Detail.do?pblancId=PBLN_000000000121177
biz,PBLN_000000000121176,[충남] 2026년 3차 해양수산 창업투자지원사업 수혜기업 모집 공고,"<p>(재)충남테크노파크 그린바이오센터에서는「해양수산 창업투자지원사업」을 통한 도내 우수 해양·수산 기술을 보유한 예비창업자 및 유망기업 발굴ㆍ지원하고 관련 기업의 고부가 가치화 실현 및 기업역량 강화를 견인하여 충남 해양ㆍ수산 산업 발전 및 전ㆍ후방 기업을 육성하기 위해 다음과 같이 수혜기업을 모집합니다.</p><p><br></p><p style=""line-height: 1.8;"">☞ 충남 소재 해양ㆍ수산 유망기업 및 예비창업자</p><p style=""line-height: 1.8;"">- 본사, 연구소, 공장 중 1개 이상이 충남 내 소재(사업자등록증 또는 공장등록증 확인 가능한 경우)</p><p><br></p><p>☞ 스타트업, 레벨업, 팔로우업, 스킬업 단계에 따라 세부 프로그램 지원 </p>",경영,충남테크노파크,충청남도,중소기업,디자인/상품화/사업화,,,,,이메일 접수(sj5@ctp.or.kr),이메일 접수(sj5@ctp.or.kr),2026-04-17 ~ 2026-04-30,main,primary,False,충남2026년3차해양수산창업투자지원사업수혜기업모집공고|충남테크노파크|20260417~20260430,충남2026년3차해양수산창업투자지원사업수혜기업모집공고,충남테크노파크,20260417~20260430,www.bizinfo.go.kr/sii/siia/selectsiia200detail.do?pblancid=pbln_000000000121176,https://www.bizinfo.go.kr/sii/siia/selectSIIA200Detail.do?pblancId=PBLN_000000000121176
biz,PBLN_000000000121175,2026년 스타트업 법률지원사업 참여기업 모집 수정 공고,"<p>창업기업의 법률ㆍ규제 애로해소 지원을 위한 「2026년 스타트업 법률 지원」계획을 다음과 같이 수정 공고합니다.</p><p><br></p><p>☞ 기술창업기반 예비창업자 및 창업기업</p><p><br></p><p style=""line-height: 1.8;"">☞ 「스타트업 원스톱 지원센터」자문단 소속 변호사를 통한 온라인 법률상담 서비스(지원기업별 최대 300만원(신청건별 최대 100만원)) 지원</p><p style=""line-height: 1.8;"">- 법률(국내) : 기업 경영 전반에 관한 법률 상담</p><p style=""line-height: 1.8;"">- 법률(해외) : 해외진출국에 대한 현지 법령 검토 등</p><p style=""line-height: 1.8;"">※ 자세한 지원내용 공고문 참조</p>",창업,창업진흥원,중소벤처기업부,창업벤처,창업정보제공,,,,,온라인 접수 (K-Startup 누리집),온라인 접수 (K-Startup 누리집),예산 소진시까지,main,primary,False,2026년스타트업법률지원사업참여기업모집수정공고|창업진흥원|,2026년스타트업법률지원사업참여기업모집수정공고,창업진흥원,,www.bizinfo.go.kr/sii/siia/selectsiia200detail.do?pblancid=pbln_000000000121175,https://www.bizinfo.go.kr/sii/siia/selectSIIA200Detail.do?pblancId=PBLN_000000000121175
biz,PBLN_000000000121174,2026년 콘텐츠 스타트업 해외마켓(SWITCH) 참가기업 추가모집 공고,"<p>한국콘텐츠진흥원은 국내 콘텐츠 스타트업 기업의 해외시장 진출 활성화를 위하여 다음과 같이 “2026 콘텐츠 스타트업 해외마켓(SWITCH)” 국내 참가기업을 추가 모집합니다. 많은 관심과 참여 부탁드립니다.</p><p><br></p><p style=""line-height: 1.8;"">☞ 글로벌 비즈니스 모델을 갖춘 국내 콘텐츠 스타트업</p><p style=""line-height: 1.8;"">- 2019년 이후 법인 등기 완료된 국내 콘텐츠 스타트업</p><p style=""line-height: 1.8;"">- 영어로 비즈니스가 가능한 담당자의 현지 출장이 가능한 기업(통역지원 없음)</p><p><br></p><p style=""line-height: 1.8;"">☞ 기업별 상담 공간, 시연 또는 전시 물품 해외 운송비용, 사전 및 현장 비즈매칭, 현지마켓 및 바이어 정보 제공 등 지원</p><p style=""line-height: 1.8;"">※ 자세한 지원내용 공고문 참조</p>",판로/수출,한국콘텐츠진흥원,문화체육관광부,창업벤처,해외진출,,,,,온라인 접수 (콘텐츠수출마케팅플랫폼),온라인 접수 (콘텐츠수출마케팅플랫폼),2026-04-17 ~ 2026-05-11,main,primary,True,2026년콘텐츠스타트업해외마켓참가기업추가모집공고|한국콘텐츠진흥원|20260417~20260511,2026년콘텐츠스타트업해외마켓참가기업추가모집공고,한국콘텐츠진흥원,20260417~20260511,www.bizinfo.go.kr/sii/siia/selectsiia200detail.do?pblancid=pbln_000000000121174,https://www.bizinfo.go.kr/sii/siia/selectSIIA200Detail.do?pblancId=PBLN_000000000121174
biz,PBLN_000000000121173,2026년 콘텐츠 스타트업 해외마켓(Ai4) 참가기업 추가모집 공고,"<p>한국콘텐츠진흥원은 국내 콘텐츠 스타트업 기업의 해외시장 진출 활성화를 위하여 다음과 같이 “2026 콘텐츠 스타트업 해외마켓(Ai4)” 국내 참가기업을 추가 모집합니다. 많은 관심과 참여 부탁드립니다.</p><p><br></p><p style=""line-height: 1.8;"">☞ 글로벌 비즈니스 모델을 갖춘 국내 콘텐츠 스타트업</p><p style=""line-height: 1.8;"">- 2019년 이후 법인 등기 완료된 국내 콘텐츠 스타트업</p><p style=""line-height: 1.8;"">- 영어로 비즈니스가 가능한 담당자의 현지 출장이 가능한 기업(통역지원 없음)</p><p><br></p><p style=""line-height: 1.8;"">☞ 기업별 상담 공간, 시연 또는 전시 물품 해외 운송비용, 사전 및 현장 비즈매칭, 현지마켓 및 바이어 정보 제공 등 지원</p><p style=""line-height: 1.8;"">※ 자세한 지원내용 공고문 참조</p>",판로/수출,한국콘텐츠진흥원,문화체육관광부,창업벤처,해외진출,,,,,온라인 접수 (콘텐츠수출마케팅플랫폼),온라인 접수 (콘텐츠수출마케팅플랫폼),2026-04-17 ~ 2026-05-11,main,primary,True,2026년콘텐츠스타트업해외마켓참가기업추가모집공고|한국콘텐츠진흥원|20260417~20260511,2026년콘텐츠스타트업해외마켓참가기업추가모집공고,한국콘텐츠진흥원,20260417~20260511,www.bizinfo.go.kr/sii/siia/selectsiia200detail.do?pblancid=pbln_000000000121173,https://www.bizinfo.go.kr/sii/siia/selectSIIA200Detail.do?pblancId=PBLN_000000000121173
biz,PBLN_000000000121171,[경기] 화성시 2026년 2차 지식재산 긴급지원 사업 모집공고,"<p>화성시 중소기업에 맞춤형 지식재산 서비스를 지원하는 ‘지식재산 긴급지원’ 사업의 2026년 시행 계획을 다음과 같이 공고하오니 사업에 참여하고자 하는 기업의 많은 신청 바랍니다.</p><p><br></p><p>☞ 경기도 화성시 소재 중소기업 (「중소기업 기본법」 제2조 및 동법 시행령 제3조에 의거)</p><p><br></p><p style=""line-height: 1.8;"">☞ 지식재산 전문가의 IP현안 진단을 통해 컨설턴트 직접컨설팅을 제공하고, 외부기관(분야별 전문기관)과 함께 국내맞춤 특허ㆍ디자인전략, 디자인ㆍ브랜드개발, 특허기술홍보영상제작, 국내ㆍ해외출원비용 등을 지원(기업 당 2,000만원 이내)</p>",경영,경기테크노파크,경기도,중소기업,컨설팅,,,,,온라인 접수(지역지식재산센터),온라인 접수(지역지식재산센터),2026-04-20 ~ 2026-05-11,main,primary,False,경기화성시2026년2차지식재산긴급지원사업모집공고|경기테크노파크|20260420~20260511,경기화성시2026년2차지식재산긴급지원사업모집공고,경기테크노파크,20260420~20260511,www.bizinfo.go.kr/sii/siia/selectsiia200detail.do?pblancid=pbln_000000000121171,https://www.bizinfo.go.kr/sii/siia/selectSIIA200Detail.do?pblancId=PBLN_000000000121171
biz,PBLN_000000000121172,[경기] 군포시 2026년 2차 지식재산 긴급지원 사업 모집 공고,"<p>군포시 중소기업에 맞춤형 지식재산 서비스를 지원하는 ‘지식재산 긴급지원’ 사업의 2026년 시행 계획을 다음과 같이 공고하오니 사업에 참여하고자 하는 기업의 많은 신청 바랍니다.</p><p><br></p><p>☞ 경기도 군포시 소재 중소기업 (「중소기업 기본법」 제2조 및 동법 시행령 제3조에 의거)</p><p><br></p><p style=""line-height: 1.8;"">☞ 지식재산 전문가의 IP현안 진단을 통해 컨설턴트 직접 컨설팅을 제공하고, 외부기관(분야별 전문기관)과 함께 국내맞춤 특허ㆍ디자인전략, 디자인ㆍ브랜드 개발, 특허기술홍보영상제작, 국내ㆍ해외출원비용 등을 지원</p><p style=""line-height: 1.8;"">- 기업당 2,000만원 이내 지원</p><p style=""line-height: 1.8;"">※ 자세한 지원내용 공고문 참조</p>",경영,경기지식재산센터,지식재산처,중소기업,컨설팅,,,,,온라인 접수 (지역지식재산센터 사업관리시스템),온라인 접수 (지역지식재산센터 사업관리시스템),2026-04-20 ~ 2026-05-11,main,primary,False,경기군포시2026년2차지식재산긴급지원사업모집공고|경기지식재산센터|20260420~20260511,경기군포시2026년2차지식재산긴급지원사업모집공고,경기지식재산센터,20260420~20260511,www.bizinfo.go.kr/sii/siia/selectsiia200detail.do?pblancid=pbln_000000000121172,https://www.bizinfo.go.kr/sii/siia/selectSIIA200Detail.do?pblancId=PBLN_000000000121172
biz,PBLN_000000000121170,[경기] 하남시 2026년 2차 지식재산 긴급지원 사업 모집공고,"<p>하남시 중소기업에 맞춤형 지식재산 서비스를 지원하는 ‘지식재산 긴급지원’ 사업의 2026년 시행 계획을 다음과 같이 공고하오니 사업에 참여하고자 하는 기업의 많은 신청 바랍니다.</p><p><br></p><p>☞ 경기도 하남시 소재 중소기업 (「중소기업 기본법」 제2조 및 동법 시행령 제3조에 의거)</p><p><br></p><p style=""line-height: 1.8;"">☞ 지식재산 전문가의 IP현안 진단을 통해 컨설턴트 직접컨설팅을 제공하고, 외부기관(분야별 전문기관)과 함께 국내맞춤 특허ㆍ디자인전략, 디자인ㆍ브랜드개발, 특허기술홍보영상제작, 국내ㆍ해외출원비용 등을 지원(기업 당 2,000만원 이내)</p>",경영,경기테크노파크,경기도,중소기업,컨설팅,,,,,온라인 접수(지역지식재산센터),온라인 접수(지역지식재산센터),2026-04-20 ~ 2026-05-11,main,primary,False,경기하남시2026년2차지식재산긴급지원사업모집공고|경기테크노파크|20260420~20260511,경기하남시2026년2차지식재산긴급지원사업모집공고,경기테크노파크,20260420~20260511,www.bizinfo.go.kr/sii/siia/selectsiia200detail.do?pblancid=pbln_000000000121170,https://www.bizinfo.go.kr/sii/siia/selectSIIA200Detail.do?pblancId=PBLN_000000000121170
biz,PBLN_000000000121169,[경기] 시흥시 2026년 2차 지식재산 긴급지원 사업 모집 공고,"<p>시흥시 중소기업에 맞춤형 지식재산 서비스를 지원하는 ‘지식재산 긴급지원’ 사업의 2026년 시행 계획을 다음과 같이 공고하오니 사업에 참여하고자 하는 기업의 많은 신청 바랍니다.</p><p><br></p><p>☞ 경기도 시흥시 소재 중소기업 (「중소기업 기본법」 제2조 및 동법 시행령 제3조에 의거)</p><p><br></p><p style=""line-height: 1.8;"">☞ 지식재산 전문가의 IP현안 진단을 통해 컨설턴트 직접 컨설팅을 제공하고, 외부기관(분야별 전문기관)과 함께 국내맞춤 특허ㆍ디자인전략, 디자인ㆍ브랜드 개발, 특허기술홍보영상제작, 국내ㆍ해외출원비용 등을 지원</p><p style=""line-height: 1.8;"">- 기업당 2,000만원 이내 지원</p><p style=""line-height: 1.8;"">※ 자세한 지원내용 공고문 참조</p>",경영,경기지식재산센터,지식재산처,중소기업,컨설팅,,,,,온라인 접수 (지역지식재산센터 사업관리시스템),온라인 접수 (지역지식재산센터 사업관리시스템),2026-04-20 ~ 2026-05-11,main,primary,False,경기시흥시2026년2차지식재산긴급지원사업모집공고|경기지식재산센터|20260420~20260511,경기시흥시2026년2차지식재산긴급지원사업모집공고,경기지식재산센터,20260420~20260511,www.bizinfo.go.kr/sii/siia/selectsiia200detail.do?pblancid=pbln_000000000121169,https://www.bizinfo.go.kr/sii/siia/selectSIIA200Detail.do?pblancId=PBLN_000000000121169
biz,PBLN_000000000121168,2026년 글로벌 저탄소선박 정책 대응 지원사업 시행 공고,"<p>2026년 글로벌 저탄소선박 정책 대응 지원사업의 시행과 관련하여 목적, 지원규모 및 대상, 선정 기준, 사업신청 구비서류, 지원대상자 선정 일정 등을 다음과 같이 공고합니다.</p><p><br></p><p style=""line-height: 1.8;"">☞ 당해연도 또는 전년도에 친환경선박 건조 계약을 체결하고, 전문기관(KOMSA)의 친환경 인증을 획득한 외항화물운송사업자</p><p style=""line-height: 1.8;"">※ 자세한 지원대상 공고문 참조</p><p><br></p><p>☞ 외항해운 활성화 효과 및 신조 수요 등을 고려하여 ’26년 예산(280억원)의 범위 내에서 지원</p>",경영,한국해양진흥공사,해양수산부,중소기업,디자인/상품화/사업화,,,,,"방문 또는 우편 접수
- 접수처 : (48120) 부산광역시 해운대구 마린시티2로 38, C1동 7층(우동, 해운대아이파크) 한국해양진흥공사 친환경정책팀","방문 또는 우편 접수
- 접수처 : (48120) 부산광역시 해운대구 마린시티2로 38, C1동 7층(우동, 해운대아이파크) 한국해양진흥공사 친환경정책팀",상시 접수,main,primary,False,2026년글로벌저탄소선박정책대응지원사업시행공고|한국해양진흥공사|,2026년글로벌저탄소선박정책대응지원사업시행공고,한국해양진흥공사,,www.bizinfo.go.kr/sii/siia/selectsiia200detail.do?pblancid=pbln_000000000121168,https://www.bizinfo.go.kr/sii/siia/selectSIIA200Detail.do?pblancId=PBLN_000000000121168
biz,PBLN_000000000121167,[경기] 평택시 2026년 2차 지식재산 긴급지원 사업 모집공고,"<p>평택시 중소기업에 맞춤형 지식재산 서비스를 지원하는 ‘지식재산 긴급지원’ 사업의 2026년 시행 계획을 다음과 같이 공고하오니 사업에 참여하고자 하는 기업의 많은 신청 바랍니다.</p><p><br></p><p>☞ 경기도 평택시 소재 중소기업 (「중소기업 기본법」 제2조 및 동법 시행령 제3조에 의거)</p><p><br></p><p style=""line-height: 1.8;"">☞ 지식재산 전문가의 IP현안 진단을 통해 컨설턴트 직접컨설팅을 제공하고, 외부기관(분야별 전문기관)과 함께 국내출원비용 등을 지원(기업 당 2,000만원 이내)</p>",경영,경기테크노파크,경기도,중소기업,컨설팅,,,,,온라인 접수(지역지식재산센터),온라인 접수(지역지식재산센터),2026-04-20 ~ 2026-05-11,main,primary,False,경기평택시2026년2차지식재산긴급지원사업모집공고|경기테크노파크|20260420~20260511,경기평택시2026년2차지식재산긴급지원사업모집공고,경기테크노파크,20260420~20260511,www.bizinfo.go.kr/sii/siia/selectsiia200detail.do?pblancid=pbln_000000000121167,https://www.bizinfo.go.kr/sii/siia/selectSIIA200Detail.do?pblancId=PBLN_000000000121167
biz,PBLN_000000000121166,[경기] 의왕시 2026년 2차 지식재산 긴급지원 사업 모집공고,"<p>의왕시 중소기업에 맞춤형 지식재산 서비스를 지원하는 ‘지식재산 긴급지원’ 사업의 2026년 시행 계획을 다음과 같이 공고하오니 사업에 참여하고자 하는 기업의 많은 신청 바랍니다.</p><p><br></p><p>☞ 경기도 의왕시 소재 중소기업 (「중소기업 기본법」 제2조 및 동법 시행령 제3조에 의거)</p><p><br></p><p style=""line-height: 1.8;"">☞ 지식재산 전문가의 IP현안 진단을 통해 컨설턴트 직접컨설팅을 제공하고, 외부기관(분야별 전문기관)과 함께 국내출원비용 등을 지원(기업 당 2,000만원 이내)</p>",경영,경기테크노파크,경기도,중소기업,컨설팅,,,,,온라인 접수(지역지식재산센터),온라인 접수(지역지식재산센터),2026-04-20 ~ 2026-05-11,main,primary,False,경기의왕시2026년2차지식재산긴급지원사업모집공고|경기테크노파크|20260420~20260511,경기의왕시2026년2차지식재산긴급지원사업모집공고,경기테크노파크,20260420~20260511,www.bizinfo.go.kr/sii/siia/selectsiia200detail.do?pblancid=pbln_000000000121166,https://www.bizinfo.go.kr/sii/siia/selectSIIA200Detail.do?pblancId=PBLN_000000000121166
biz,PBLN_000000000121165,2026년 제주항 화물유치 지원사업 참여업체 모집 변경 공고,"<p>제주-칭다오 항로의 안정적인 항로 유지를 도모하고 제주항 활성화를 위해「2026년 제주항 화물유치 지원사업」의 참여업체를 다음과 같이 모집하오니 많은 참여 바랍니다.</p><p><br></p><p>☞ 제주특별자치도 이외 지역의 국제화물을 제주항을 경유하여 수출(제주ㆍ칭다오 노선에 한함)하는 화주 및 국제물류주선업자, 선사</p><p>- 대상품목 : 농림수산물, 생활용품, 기계류, 잡화류 등 모든 수출품</p><p><br></p><p style=""line-height: 1.8;"">☞ 제주항을 이용 시 발생하는 해상운송비(하역비, 적입적출료 포함) 지원</p><p style=""line-height: 1.8;"">※ 자세한 지원내용 공고문 참조</p>",판로/수출,직접수행,제주특별자치도,중소기업,해외진출,,,,,이메일 접수(choi0102@korea.kr),이메일 접수(choi0102@korea.kr),예산 소진시까지,main,primary,False,2026년제주항화물유치지원사업참여업체모집변경공고|직접수행|,2026년제주항화물유치지원사업참여업체모집변경공고,직접수행,,www.bizinfo.go.kr/sii/siia/selectsiia200detail.do?pblancid=pbln_000000000121165,https://www.bizinfo.go.kr/sii/siia/selectSIIA200Detail.do?pblancId=PBLN_000000000121165
biz,PBLN_000000000121164,[경기] 용인시 2026년 2차 지식재산 긴급지원 사업 모집 공고,"<p>용인시 중소기업에 맞춤형 지식재산 서비스를 지원하는 ‘지식재산 긴급지원’ 사업의 2026년 시행 계획을 다음과 같이 공고하오니 사업에 참여하고자 하는 기업의 많은 신청 바랍니다.</p><p><br></p><p>☞ 경기도 용인시 소재 중소기업 (「중소기업 기본법」 제2조 및 동법 시행령 제3조에 의거)</p><p><br></p><p style=""line-height: 1.8;"">☞ 지식재산 전문가의 IP현안 진단을 통해 컨설턴트 직접 컨설팅을 제공하고, 외부기관(분야별 전문기관)과 함께 국내출원비용 등을 지원</p><p style=""line-height: 1.8;"">- 기업당 2,000만원 이내 지원</p><p style=""line-height: 1.8;"">※ 자세한 지원내용 공고문 참조</p>",경영,경기지식재산센터,지식재산처,중소기업,컨설팅,,,,,온라인 접수 (지역지식재산센터 사업관리시스템),온라인 접수 (지역지식재산센터 사업관리시스템),2026-04-20 ~ 2026-05-11,main,primary,False,경기용인시2026년2차지식재산긴급지원사업모집공고|경기지식재산센터|20260420~20260511,경기용인시2026년2차지식재산긴급지원사업모집공고,경기지식재산센터,20260420~20260511,www.bizinfo.go.kr/sii/siia/selectsiia200detail.do?pblancid=pbln_000000000121164,https://www.bizinfo.go.kr/sii/siia/selectSIIA200Detail.do?pblancId=PBLN_000000000121164
biz,PBLN_000000000121163,[경기] 안산시 2026년 2차 지식재산 긴급지원 사업 모집 공고,"<p>안산시 중소기업에 맞춤형 지식재산 서비스를 지원하는 ‘지식재산 긴급지원’ 사업의 2026년 시행 계획을 다음과 같이 공고하오니 사업에 참여하고자 하는 기업의 많은 신청 바랍니다.</p><p><br></p><p>☞ 경기도 안산시 소재 중소기업 (「중소기업 기본법」 제2조 및 동법 시행령 제3조에 의거)</p><p><br></p><p style=""line-height: 1.8;"">☞ 지식재산 전문가의 IP현안 진단을 통해 컨설턴트 직접 컨설팅을 제공하고, 외부기관(분야별 전문기관)과 함께 국내맞춤 특허ㆍ디자인전략, 디자인ㆍ브랜드개발, 특허기술홍보영상제작, 국내ㆍ해외출원비용 등을 지원</p><p style=""line-height: 1.8;"">- 기업당 2,000만원 이내 지원</p><p style=""line-height: 1.8;"">※ 자세한 지원내용 공고문 참조</p>",경영,경기지식재산센터,지식재산처,중소기업,컨설팅,,,,,온라인 접수 (지역지식재산센터 사업관리시스템),온라인 접수 (지역지식재산센터 사업관리시스템),2026-04-20 ~ 2026-05-11,main,primary,False,경기안산시2026년2차지식재산긴급지원사업모집공고|경기지식재산센터|20260420~20260511,경기안산시2026년2차지식재산긴급지원사업모집공고,경기지식재산센터,20260420~20260511,www.bizinfo.go.kr/sii/siia/selectsiia200detail.do?pblancid=pbln_000000000121163,https://www.bizinfo.go.kr/sii/siia/selectSIIA200Detail.do?pblancId=PBLN_000000000121163
biz,PBLN_000000000121162,[강원] 춘천시 2026년 강원후평스마트그린산단 스마트에너지플랫폼구축사업 공장에너지관리시스템(FEMS) 수요기업 모집 공고,"<p>춘천시 산업단지 입주 중소ㆍ중견기업을 대상으로 공장에너지관리시스템(FEMS) 구축을 통한 에너지 효율 향상을 지원하고자 「2026 강원후평스마트그린산단 스마트에너지플랫폼 구축사업」 수요기업을 아래와 같이 모집하오니 많은 신청 바랍니다.</p><p><br></p><p style=""line-height: 1.8;"">☞ 춘천시 11개 산업단지 입주 중소ㆍ중견 제조기업</p><p style=""line-height: 1.8;"">※ (거점) 후평 / (연계) 거두, 남산, 퇴계, 퇴계미래, 더존 강촌캠퍼스, 당림, 남면, 남춘천, 동춘천, 전력IT문화복합, 도시첨단문화</p><p><br></p><p style=""line-height: 1.8;"">☞ 에너지진단, FEMS 구축 및 운영, 에너지 신기술 접목, RE100컨설팅, 에너지효율혁신산업안전지원사업 등 연계 지원</p><p style=""line-height: 1.8;"">※ 자세한 지원내용 공고문 참조</p>",경영,강원테크노파크,산업통상부,중소기업,시설/입지지원,,,,,"이메일 및 전화 접수
- 이메일 : 비츠로일렉트릭(shcho@vitzrotech.com) / 아미텍 (arkim@amitek.kr)
- 문의처 : 출처 바로가기 내 공고문 참조","이메일 및 전화 접수
- 이메일 : 비츠로일렉트릭(shcho@vitzrotech.com) / 아미텍 (arkim@amitek.kr)
- 문의처 : 출처 바로가기 내 공고문 참조",2026-04-20 ~ 2026-05-29,main,primary,False,강원춘천시2026년강원후평스마트그린산단스마트에너지플랫폼구축사업공장에너지관리시스템수요기업모집공고|강원테크노파크|20260420~20260529,강원춘천시2026년강원후평스마트그린산단스마트에너지플랫폼구축사업공장에너지관리시스템수요기업모집공고,강원테크노파크,20260420~20260529,www.bizinfo.go.kr/sii/siia/selectsiia200detail.do?pblancid=pbln_000000000121162,https://www.bizinfo.go.kr/sii/siia/selectSIIA200Detail.do?pblancId=PBLN_000000000121162
biz,PBLN_000000000121161,[경기] 김포시 2026년 2차 지식재산 긴급지원 사업 모집공고,"<p>김포시 중소기업에 맞춤형 지식재산 서비스를 지원하는 ‘지식재산 긴급지원’ 사업의 2026년 시행 계획을 다음과 같이 공고하오니 사업에 참여하고자 하는 기업의 많은 신청 바랍니다.</p><p><br></p><p>☞ 경기도 김포시 소재 중소기업 (「중소기업 기본법」 제2조 및 동법 시행령 제3조에 의거)</p><p><br></p><p style=""line-height: 1.8;"">☞ 지식재산 전문가의 IP현안 진단을 통해 컨설턴트 직접컨설팅을 제공하고, 외부기관(분야별 전문기관)과 함께 국내맞춤 특허ㆍ디자인전략, 디자인ㆍ브랜드개발, 특허기술홍보영상제작, 국내ㆍ해외출원비용 등을 지원(기업 당 2,000만원 이내)</p>",경영,경기테크노파크,경기도,중소기업,컨설팅,,,,,온라인 접수(지역지식재산센터),온라인 접수(지역지식재산센터),2026-04-20 ~ 2026-05-11,main,primary,False,경기김포시2026년2차지식재산긴급지원사업모집공고|경기테크노파크|20260420~20260511,경기김포시2026년2차지식재산긴급지원사업모집공고,경기테크노파크,20260420~20260511,www.bizinfo.go.kr/sii/siia/selectsiia200detail.do?pblancid=pbln_000000000121161,https://www.bizinfo.go.kr/sii/siia/selectSIIA200Detail.do?pblancId=PBLN_000000000121161
biz,PBLN_000000000121160,[경기] 광주시 2026년 2차 지식재산 긴급지원 사업 모집공고,"<p>광주시 중소기업에 맞춤형 지식재산 서비스를 지원하는 ‘지식재산 긴급지원’ 사업의 2026년 시행 계획을 다음과 같이 공고하오니 사업에 참여하고자 하는 기업의 많은 신청 바랍니다.</p><p><br></p><p>☞ 경기도 광주시 소재 중소기업 (「중소기업 기본법」 제2조 및 동법 시행령 제3조에 의거)</p><p><br></p><p>☞ 지식재산 전문가의 IP현안 진단을 통해 컨설턴트 직접컨설팅을 제공하고, 외부기관(분야별 전문기관)과 함께 국내출원비용 등을 지원(기업 당 2,000만원 이내)</p>",경영,경기테크노파크,경기도,중소기업,컨설팅,,,,,온라인 접수(지역지식재산센터),온라인 접수(지역지식재산센터),2026-04-20 ~ 2026-05-11,main,primary,False,경기광주시2026년2차지식재산긴급지원사업모집공고|경기테크노파크|20260420~20260511,경기광주시2026년2차지식재산긴급지원사업모집공고,경기테크노파크,20260420~20260511,www.bizinfo.go.kr/sii/siia/selectsiia200detail.do?pblancid=pbln_000000000121160,https://www.bizinfo.go.kr/sii/siia/selectSIIA200Detail.do?pblancId=PBLN_000000000121160
biz,PBLN_000000000121159,[경기] 2026년 에너지진단 및 시설개선 원스톱 지원사업 공고,"<p>경기도 내 사업장을 대상으로 에너지 절감인식 확산 및 에너지 효율을 높이기 위한 「2026년 경기도 에너지진단 및 시설개선 원스톱 지원사업」을 다음과 같이 공고합니다.</p><p><br></p><p style=""line-height: 1.8;"">☞ 전년도(’25년) 연간 에너지사용량이 1,000TOE 미만인 경기도 내 중소ㆍ중견기업</p><p style=""line-height: 1.8;"">※ 에너지 사용량 확인을 위해 공고일 기준 12개월간 사업장 이전(주소변경 등) 사실이 없어야 함</p><p><br></p><p style=""line-height: 1.8;"">☞ 에너지진단 및 시설개선을 연계한 사업장 원스톱 지원</p><p style=""line-height: 1.8;"">※ 자세한 지원내용 공고문 참조</p>",경영,경기환경에너지진흥원,경기도,중소기업,시설/입지지원,,,,,온라인 접수 (경기도에너지전환),온라인 접수 (경기도에너지전환),2026-05-12 ~ 2026-05-18,main,primary,False,경기2026년에너지진단및시설개선원스톱지원사업공고|경기환경에너지진흥원|20260512~20260518,경기2026년에너지진단및시설개선원스톱지원사업공고,경기환경에너지진흥원,20260512~20260518,www.bizinfo.go.kr/sii/siia/selectsiia200detail.do?pblancid=pbln_000000000121159,https://www.bizinfo.go.kr/sii/siia/selectSIIA200Detail.do?pblancId=PBLN_000000000121159
biz,PBLN_000000000121158,[경기] 2026년 품질경영활동 지원사업 참여기업 추가모집 공고,"<p>경기도 내 중소기업 품질경쟁력 강화를 위한 2026년 경기도 품질경영활동 지원사업 참여기업을 아래와 같이 공개 모집합니다.</p><p><br></p><p>☞ 경기 도내 중소기업 또는 중견기업</p><p><br></p><p style=""line-height: 1.8;"">☞ 품질경영 진단 실시, 도출 과제에 따른 전문가 파견, 현장개선 및 안전관리 활동지원, 교육 및 워크숍 등 기업당 최대 10백만원 한도 내 지원</p><p style=""line-height: 1.8;"">- 지원분야 : 현장개선, 3정5S, 공정개선, 설비개선, 신뢰성, 안전관리, 서비스품질 등</p><p style=""line-height: 1.8;"">※ 3정(정품, 정량, 정위치) 5S(정리, 정돈, 청소, 청결, 습관화)</p>",경영,한국표준협회,경기도,중소기업,컨설팅,,,,,"이메일 접수 (gyeonggigangwon@ksa.or.kr)
※ 증빙 서류 및 신청서는 스캔 후 이메일 송부","이메일 접수 (gyeonggigangwon@ksa.or.kr)
※ 증빙 서류 및 신청서는 스캔 후 이메일 송부",2026-04-20 ~ 2026-04-28,main,primary,False,경기2026년품질경영활동지원사업참여기업추가모집공고|한국표준협회|20260420~20260428,경기2026년품질경영활동지원사업참여기업추가모집공고,한국표준협회,20260420~20260428,www.bizinfo.go.kr/sii/siia/selectsiia200detail.do?pblancid=pbln_000000000121158,https://www.bizinfo.go.kr/sii/siia/selectSIIA200Detail.do?pblancId=PBLN_000000000121158
biz,PBLN_000000000121157,[경북] 상주시 2026년 상반기 중소기업 맞춤형 인재양성 지원사업 참여기업 추가모집 공고,"<p>상주시 기업의 안정적인 인력 확보와 디지털 핵심인재 양성을 지원하기 위해 상주시와 (재)경북테크노파크에서 「상주시 중소기업 맞춤형 인재양성 지원사업」의 상반기 참여기업 모집을 다음과 같이 공고하오니 지역 기업의 많은 신청 바랍니다.</p><p><br></p><p style=""line-height: 1.8;"">☞ 경상북도 상주시에 소재한 제조 중견ㆍ중소기업</p><p style=""line-height: 1.8;"">- 2025년 기준 매출액 5억원 이상의 기업</p><p style=""line-height: 1.8;"">- 공고일 기준 4대 보험 가입 근로자 5인 이상 고용 중 인 기업</p><p style=""line-height: 1.8;"">※ 자세한 지원대상 공고문 참조</p><p><br></p><p style=""line-height: 1.8;"">☞ 기업의 가치를 창출하고 성과를 극대화할 수 있는 핵심인재를 위한 다양한 프로그램을 이수할 수 있는 교육 바우처 지원 (기업당 최대 1,000만원 이내)</p><p style=""line-height: 1.8;"">- 지원프로그램 : DX 역량강화 교육, 기술인력 양성교육 등 지원</p><p style=""line-height: 1.8;"">※ 자세한 지원내용 공고문 참조</p>",인력/일자리,경북테크노파크,경상북도,중소기업,교육/훈련/연수,,,,,온라인 접수 (경북테크노파크),온라인 접수 (경북테크노파크),2026-04-20 ~ 2026-04-30,main,primary,False,경북상주시2026년상반기중소기업맞춤형인재양성지원사업참여기업추가모집공고|경북테크노파크|20260420~20260430,경북상주시2026년상반기중소기업맞춤형인재양성지원사업참여기업추가모집공고,경북테크노파크,20260420~20260430,www.bizinfo.go.kr/sii/siia/selectsiia200detail.do?pblancid=pbln_000000000121157,https://www.bizinfo.go.kr/sii/siia/selectSIIA200Detail.do?pblancId=PBLN_000000000121157
biz,PBLN_000000000121156,[경북] 2026년 우수 청년기업 지원사업 참여기업 모집 공고,"<p>경상북도와 경북테크노파크는 도내 유망 청년 기업을 발굴하여 지역 대표 청년기업으로의 안정적인 성장 및 지역 창업생태계 활성화에 기여하고자 「2026 경북 우수 청년기업 지원」 참여기업 모집을 다음과 같이 공고하오니 관심 있는 기업의 많은 참여 바랍니다.</p><p><br></p><p>☞ 공고일 기준 본사나 사업장이 경상북도 내 소재한 19세 이상 39세 이하의 청년이 대표로서 업력 3년 이상 기업 중 최근 3년간 매출액 및 영업이익 성장기업</p><p><br></p><p>☞ 우수 청년기업 지정, 지정서 교부, 스케일업 지원사업 참여, 지원사업 등 참여 우대 등 지원</p>",기타,경북테크노파크,경상북도,창업벤처,제도,,,,,"온라인 접수 (경북테크노파크 홈페이지)
※ 최종 제출 서류는  명시된 순서대로 전체 1개의 파일(PDF)로 제출","온라인 접수 (경북테크노파크 홈페이지)
※ 최종 제출 서류는  명시된 순서대로 전체 1개의 파일(PDF)로 제출",2026-04-20 ~ 2026-05-11,main,primary,False,경북2026년우수청년기업지원사업참여기업모집공고|경북테크노파크|20260420~20260511,경북2026년우수청년기업지원사업참여기업모집공고,경북테크노파크,20260420~20260511,www.bizinfo.go.kr/sii/siia/selectsiia200detail.do?pblancid=pbln_000000000121156,https://www.bizinfo.go.kr/sii/siia/selectSIIA200Detail.do?pblancId=PBLN_000000000121156
biz,PBLN_000000000121155,2026년 2차 시제품제작 수혜기업 모집 공고(친환경 경량소재 적용 미래차 부품산업 전환 생태계 기반구축),"<p>경북테크노파크는 산업통상부가 시행하는 「친환경 경량소재 적용 미래차 부품산업 전환 생태계 기반구축」사업의 주관기관으로서, 국내 자동차 부품업체의 친환경 경량소재 시장진입 지원 및 미래차 부품산업 생태계로의 전환을 유도하기 위해 시제품 제작 수혜기업 모집 공고를 추진하오니, 참여를 희망하는 중소ㆍ중견 기업의 많은 신청 바랍니다.</p><p><br></p><p>☞ 재활용 소재를 적용하여 국내 미래차 부품을 제조하는 중소ㆍ중견기업으로, 사업 기간 내 성과도출이 확실한 기업</p><p><br></p><p style=""line-height: 1.8;"">☞ 재활용 소재 적용 미래차 부품 시제품 제작(기업당 최대 5천만원) 지원</p><p style=""line-height: 1.8;"">※ 자세한 지원내용 공고문 참조</p>",기술,경북테크노파크,산업통상부,중소기업,기술사업화/이전/지도,,,,,온라인 접수 (경북테크노파크),온라인 접수 (경북테크노파크),2026-04-20 ~ 2026-05-06,main,primary,False,2026년2차시제품제작수혜기업모집공고|경북테크노파크|20260420~20260506,2026년2차시제품제작수혜기업모집공고,경북테크노파크,20260420~20260506,www.bizinfo.go.kr/sii/siia/selectsiia200detail.do?pblancid=pbln_000000000121155,https://www.bizinfo.go.kr/sii/siia/selectSIIA200Detail.do?pblancId=PBLN_000000000121155
biz,PBLN_000000000121154,[부산] 영도구 2026년 2차 부산 커피산업 생태계 R&D 클러스트 구축사업 기업지원 프로그램 통합 모집 공고(시군구연고산업육성 협업프로젝트),"<p> 2026년도 중소벤처기업부와 부산광역시 및 영도구가 지원하는 시군구연고산업육성 협업프로젝트 수행자로 선정된 (재)부산테크노파크 지원 프로그램을 안내하오니, 해당 프로그램 참여를 희망하는 부산 영도구 지역 중소기업의 많은 신청 바랍니다.</p><p><br></p><p style=""line-height: 1.8;"">☞ 부산 영도구 소재 기업(본사, 공장 또는 기업부설연구소 등 1개 이상 소재)</p><p style=""line-height: 1.8;"">- 커피산업 전ㆍ후방 연관 기업(제조, 물류, 유통, S.W, 서비스 등 커피 관련 전 분야)</p><p style=""line-height: 1.8;""><br></p><p style=""line-height: 1.8;"">☞ 기술닥터 pool 활용 애로사항 컨설팅 지원, 기술지원, 마케팅 지원, 생산성 향상 지원, 외국인 채용 관련 행정ㆍ법률 자문지원</p>",판로/수출,부산테크노파크,부산광역시,중소기업,홍보지원,,,,,온라인 접수 (중기부 기업지원사업 관리시스템),온라인 접수 (중기부 기업지원사업 관리시스템),2026-04-20 ~ 2026-04-29,main,primary,False,부산영도구2026년2차부산커피산업생태계rnd클러스트구축사업기업지원프로그램통합모집공고|부산테크노파크|20260420~20260429,부산영도구2026년2차부산커피산업생태계rnd클러스트구축사업기업지원프로그램통합모집공고,부산테크노파크,20260420~20260429,www.bizinfo.go.kr/sii/siia/selectsiia200detail.do?pblancid=pbln_000000000121154,https://www.bizinfo.go.kr/sii/siia/selectSIIA200Detail.do?pblancId=PBLN_000000000121154
biz,PBLN_000000000121153,2026년 올해의 K-스타트업 혁신창업리그 참여기업 모집 공고,"<p>부처 통합 경진대회 「올해의 K-스타트업 2026」의 예선리그인 혁신창업리그에 참여할 창업기업을 다음과 같이 모집하오니 많은 참여 바랍니다.</p><p><br></p><p style=""line-height: 1.8;"">☞ 통합공고일(‘26.3.27.) 기준 3년이내 창업기업</p><p style=""line-height: 1.8;"">※ 단, 2026.3.28.~4.27. 기간 내 창업 시 창업기업으로 인정</p><p><br></p><p style=""line-height: 1.8;"">☞ 혁신창업리그 종합예선 우수기업 상금ㆍ상장, 「올해의 K-스타트업 2026」 통합본선 진출 기회 제공, 서류평가 통과기업 및 「올해의 K-스타트업 2026」 통합본선 진출기업 대상 후속 지원</p><p style=""line-height: 1.8;"">※ 자세한 지원내용 공고문 참조</p>",창업,창업진흥원,중소벤처기업부,창업벤처,사업화지원,,,,,온라인 접수 (K-Startup누리집),온라인 접수 (K-Startup누리집),2026-04-22 ~ 2026-05-20,main,primary,False,2026년올해의k스타트업혁신창업리그참여기업모집공고|창업진흥원|20260422~20260520,2026년올해의k스타트업혁신창업리그참여기업모집공고,창업진흥원,20260422~20260520,www.bizinfo.go.kr/sii/siia/selectsiia200detail.do?pblancid=pbln_000000000121153,https://www.bizinfo.go.kr/sii/siia/selectSIIA200Detail.do?pblancId=PBLN_000000000121153
biz,PBLN_000000000121152,[경북] 상주시 2026년 1차 중소기업 기술성장 디딤돌 사업 참가기업 추가모집 공고,"<p>상주시와 경상북도경제진흥원에서는 지역 중소기업의 혁신 역량 강화와 기술 기반의 지속가능한 지역 산업 생태계 조성을 위해 상주시 관내 중소기업을 대상으로 ‘2026 상주시 중소기업 기술성장 디딤돌 사업’ 참가기업을 모집하오니 많은 참여 바랍니다.</p><p><br></p><p style=""line-height: 1.8;"">☞ 상주시 소재 본사 또는 사업장이 있는 중소기업(제조업)</p><p style=""line-height: 1.8;"">※ R&D 지원사업은 컨설팅사 개별 매칭 및 컨소시엄 구성 후 사업 신청</p><div><br></div><div style=""line-height: 1.8;"">☞ R&D 지원사업, 비R&D 지원사업 지원</div><div style=""line-height: 1.8;"">- R&D 지원사업 : 기술 컨설팅 및 정부 R&D 공모과제 선정을 위한 컨설팅 지원(기업당 최대 7백만원)</div><div style=""line-height: 1.8;"">- 비R&D 지원사업 : 산업 재산권 취득 및 인증 지원(기업당 최대 5백만원)</div>",기술,경상북도경제진흥원,경상북도,중소기업,기술사업화/이전/지도,,,,,이메일 접수 (skaekgus12@gepa.kr),이메일 접수 (skaekgus12@gepa.kr),2026-04-20 ~ 2026-05-04,main,primary,False,경북상주시2026년1차중소기업기술성장디딤돌사업참가기업추가모집공고|경상북도경제진흥원|20260420~20260504,경북상주시2026년1차중소기업기술성장디딤돌사업참가기업추가모집공고,경상북도경제진흥원,20260420~20260504,www.bizinfo.go.kr/sii/siia/selectsiia200detail.do?pblancid=pbln_000000000121152,https://www.bizinfo.go.kr/sii/siia/selectSIIA200Detail.do?pblancId=PBLN_000000000121152
biz,PBLN_000000000121151,2026년 올해의 K-스타트업 AI리그 참여기업 모집 공고,"<p>부처 통합 경진대회 「올해의 K-스타트업 2026」의 예선리그인 AI리그에 참여할 창업기업을 다음과 같이 모집하오니 많은 참여 바랍니다.</p><p><br></p><p style=""line-height: 1.8;"">☞ 통합공고일(‘26.3.27.) 기준 3년이내 AI분야 창업기업</p><p style=""line-height: 1.8;"">※ 단, 2026.3.28.~4.27. 기간 내 창업 시 창업기업으로 인정</p><p style=""line-height: 1.8;"">※ AI SW, AI HW, AI 서비스 등 AI 관련 全 기술영역의 스타트업</p><p><br></p><p style=""line-height: 1.8;"">☞ AI리그 우수기업 상금ㆍ상장, 「올해의 K-스타트업 2026」 통합본선 진출 기회 제공, 서류평가 통과기업 및 「올해의 K-스타트업 2026」 통합본선 진출기업 대상 후속 지원</p><p style=""line-height: 1.8;"">※ 자세한 지원내용 공고문 참조</p>",창업,창업진흥원,중소벤처기업부,창업벤처,사업화지원,,,,,온라인 접수 (K-Startup누리집),온라인 접수 (K-Startup누리집),2026-04-22 ~ 2026-05-20,main,primary,False,2026년올해의k스타트업ai리그참여기업모집공고|창업진흥원|20260422~20260520,2026년올해의k스타트업ai리그참여기업모집공고,창업진흥원,20260422~20260520,www.bizinfo.go.kr/sii/siia/selectsiia200detail.do?pblancid=pbln_000000000121151,https://www.bizinfo.go.kr/sii/siia/selectSIIA200Detail.do?pblancId=PBLN_000000000121151
biz,PBLN_000000000121150,[부산] 2026년 Made in Busan 신발 정품인증 레이블 지원 수요기업 모집 공고,"<p>(재)부산테크노파크에서는 부산 신발 브랜드 및 제품의 인지도 제고를 위한「2026 ‘Made in Busan 신발’ 정품인증 레이블 지원」을 시행하오니 많은 참여를 바랍니다.</p><p><br></p><p>☞ 공고일 기준 본사 소재지가 부산광역시이며, 부산에서 생산된 완제품 신발에 「Made in Busan 신발」 정품인증 레이블을 부착하고자 하는 신발 제조 및 판매 중소기업 및 단체</p><p> </p><p style=""line-height: 1.8;"">☞ 정품인증 레이블(행택 및 홀로그램 스티커) 제작, 무상공급</p><p style=""line-height: 1.8;"">- 수요기업에 「Made in Busan 신발」 정품인증 행택 및 홀로그램 스티커 각 5,400여매 이내 지원(1,100천원 상당)</p>",경영,부산테크노파크,부산광역시,중소기업,디자인/상품화/사업화,,,,,이메일 접수 (dmkim@btp.or.kr),이메일 접수 (dmkim@btp.or.kr),2026-04-20 ~ 2026-05-25,main,primary,False,부산2026년madeinbusan신발정품인증레이블지원수요기업모집공고|부산테크노파크|20260420~20260525,부산2026년madeinbusan신발정품인증레이블지원수요기업모집공고,부산테크노파크,20260420~20260525,www.bizinfo.go.kr/sii/siia/selectsiia200detail.do?pblancid=pbln_000000000121150,https://www.bizinfo.go.kr/sii/siia/selectSIIA200Detail.do?pblancId=PBLN_000000000121150
biz,PBLN_000000000121149,[경북] 김천시 2026년 1차 중소기업 기술성장 디딤돌 사업 참가기업 추가모집 공고,"<p>김천시와 경상북도경제진흥원에서는 지역 중소기업의 혁신 역량 강화와 기술 기반의 지속가능한 지역 산업 생태계 조성을 위해 김천시 관내 중소기업을 대상으로 ‘2026 김천시 중소기업 기술성장 디딤돌 사업’ 참가기업을 모집하오니 많은 참여 바랍니다.</p><p><br></p><p>☞ 김천시 소재 본사 또는 사업장이 있는 중소기업(제조업) </p><p>※ 정부공모 컨설팅 지원사업은 컨설팅사 개별 매칭 및 컨소시엄 구성 후 사업 신청</p><p><br></p><p style=""line-height: 1.8;"">☞ 정부공모 컨설팅, 기술인증 지원</p><p style=""line-height: 1.8;"">정부공모 컨설팅 : 정부 R&D 공모과제 관련 컨설팅 지원(기업당 최대 7백만원)</p><p style=""line-height: 1.8;"">기술인증 지원 : 산업재산권 취득 및 인증 지원(기업당 최대 5백만원)</p>",기술,경상북도경제진흥원,경상북도,중소기업,기술사업화/이전/지도,,,,,이메일 접수 (skaekgus12@gepa.kr),이메일 접수 (skaekgus12@gepa.kr),2026-04-20 ~ 2026-05-04,main,primary,False,경북김천시2026년1차중소기업기술성장디딤돌사업참가기업추가모집공고|경상북도경제진흥원|20260420~20260504,경북김천시2026년1차중소기업기술성장디딤돌사업참가기업추가모집공고,경상북도경제진흥원,20260420~20260504,www.bizinfo.go.kr/sii/siia/selectsiia200detail.do?pblancid=pbln_000000000121149,https://www.bizinfo.go.kr/sii/siia/selectSIIA200Detail.do?pblancId=PBLN_000000000121149
biz,PBLN_000000000121148,[울산] 창업의 꿈 울산이 이루어 드림 모집 공고,"<p>울산광역시 소상공인의 임차료를 일부 지원하여 창업 생태계 조성 및 지역경제 활성화를 위한 ‘창업의 꿈 울산이 이루어 드림’ 참여자를 다음과 같이 모집 공고합니다.</p><p><br></p><p style=""line-height: 1.8;"">☞ 울산 소재 소상공인</p><p style=""line-height: 1.8;"">- 「소상공인기본법」 제2조에 따른 소상공인</p><p style=""line-height: 1.8;"">- 임대차 계약을 체결(가족, 배우자 간 임대차 계약 제외)한 사업장 소재지가 울산인 업체(사업자등록증명원상)</p><p style=""line-height: 1.8;"">- 1년 이상 사업 운영 중인 업체(2024. 7. 1. 이전 개업한 소상공인)</p><p style=""line-height: 1.8;"">- 2025년도 연 매출액이 0원 초과 5천만원 이하인 업체</p><p style=""line-height: 1.8;"">- 2025년도 매출액이 2024년 매출액 대비 5% 이상 감소한 업체<br></p><p><br></p><p style=""line-height: 1.8;"">☞ 업체당 임대료 최대 30만원(월 최대 10만원, 3개월분 1회 지급) 지원</p><p style=""line-height: 1.8;"">- 지원범위 : 2026. 1. 1. 이후 발생한 임차료 소급 적용</p>",창업,울산경제일자리진흥원,울산광역시,소상공인,창업공간지원,,,,,온라인 접수 (소상공인 24),온라인 접수 (소상공인 24),예산 소진시까지,main,primary,False,울산창업의꿈울산이이루어드림모집공고|울산경제일자리진흥원|,울산창업의꿈울산이이루어드림모집공고,울산경제일자리진흥원,,www.bizinfo.go.kr/sii/siia/selectsiia200detail.do?pblancid=pbln_000000000121148,https://www.bizinfo.go.kr/sii/siia/selectSIIA200Detail.do?pblancId=PBLN_000000000121148
biz,PBLN_000000000121147,2026년 글로벌 밸류체인 진출을 위한 미래차 혁신성장 기술지원사업(2단계 1연차) 공고,"<p>산업통상부와 부산광역시가 지원하고,（재)부산테크노파크, 부산자동차부품공업협동조합이 연계하여 주관하는 수출주도 미래차산업 혁신성장 기술지원(비R&D)사업「글로벌 밸류체인 진출을 위한 미래차 혁신성장 기술지원사업(2단계 1연차)」을 통해 미래차부품 관련 기업지원을 위한 세부 과제를 아래와 같이 공고하오니, 관련 기업의 많은 참여 바랍니다.</p><p><br></p><p>☞ 미래차부품 관련 기업</p><p><br></p><p>☞ 시제품 제작, 시험평가, 기술자문 컨설팅 지원</p>",기술,부산테크노파크,부산광역시,중소기업,기술사업화/이전/지도,,,,,"이메일 접수
- 부산테크노파크 모빌리티센터 pjj@btp.or.kr
- 부산자동차부품공업협동조합 경영기획팀 baica@naver.com","이메일 접수
- 부산테크노파크 모빌리티센터 pjj@btp.or.kr
- 부산자동차부품공업협동조합 경영기획팀 baica@naver.com",2026-04-16 ~ 2026-04-30,main,primary,False,2026년글로벌밸류체인진출을위한미래차혁신성장기술지원사업공고|부산테크노파크|20260416~20260430,2026년글로벌밸류체인진출을위한미래차혁신성장기술지원사업공고,부산테크노파크,20260416~20260430,www.bizinfo.go.kr/sii/siia/selectsiia200detail.do?pblancid=pbln_000000000121147,https://www.bizinfo.go.kr/sii/siia/selectSIIA200Detail.do?pblancId=PBLN_000000000121147
biz,PBLN_000000000121146,제22회 강원의료기기전시회(GMES 2026) 국내ㆍ외 바이어 초청 지원사업 신청 공고,"<p>원주의료기기산업진흥원에서 전시회 기간 중 구매력 있는 바이어에 대한 초청 비용 일부를 지원함으로써 전시회 성과목표 달성 및 계약 체결 도모 등 마케팅을 지원해드리는 사업입니다.</p><p><br></p><p>☞ 강원의료기기전시회(GMES 2026) 참가기업</p><p><br></p><p>☞ 해외바이어 왕복 항공임 80% 지원(이코노미 기준) 등, 국내바이어 교통비 지원</p>",판로/수출,원주의료기기산업진흥원,산업통상부,중소기업,해외진출준비,,,,,이메일 접수 (ljm@wmit.or.kr),이메일 접수 (ljm@wmit.or.kr),2026-04-20 ~ 2026-05-29,main,primary,False,제22회강원의료기기전시회국내ㆍ외바이어초청지원사업신청공고|원주의료기기산업진흥원|20260420~20260529,제22회강원의료기기전시회국내ㆍ외바이어초청지원사업신청공고,원주의료기기산업진흥원,20260420~20260529,www.bizinfo.go.kr/sii/siia/selectsiia200detail.do?pblancid=pbln_000000000121146,https://www.bizinfo.go.kr/sii/siia/selectSIIA200Detail.do?pblancId=PBLN_000000000121146
biz,PBLN_000000000121145,[경북] 영천시 2026년 중소기업 기숙사 임차비 지원사업 참여기업 모집 공고,"<p>영천시와 경북경제진흥원에서는 근로자 정주여건 개선을 위한 「영천시 중소기업 기숙사 임차비 지원사업」을 추진하고 있습니다. 참여를 희망하는 기업은 신청하여 주시기 바랍니다.</p><p><br></p><p style=""line-height: 1.8;"">☞  영천시에 본점 또는 주사업장이 있고 제조, 건설 등 11개 업종에 해당하는 중소ㆍ중견기업</p><p style=""line-height: 1.8;"">※ 자세한 지원대상 공고문 참조</p><p><br></p><p style=""line-height: 1.8;"">☞ 기숙사 임차비(월세)의 90%지원</p><p style=""line-height: 1.8;"">※ 월 30만원, 최대 12개월 지원</p>",인력/일자리,경상북도경제진흥원,경상북도,중소기업,고용유지,,,,,"온라인 접수 (경상북도경제진흥원)
※ 신청 후 반드시 접수여부 확인 요망","온라인 접수 (경상북도경제진흥원)
※ 신청 후 반드시 접수여부 확인 요망",예산 소진시까지,main,primary,False,경북영천시2026년중소기업기숙사임차비지원사업참여기업모집공고|경상북도경제진흥원|,경북영천시2026년중소기업기숙사임차비지원사업참여기업모집공고,경상북도경제진흥원,,www.bizinfo.go.kr/sii/siia/selectsiia200detail.do?pblancid=pbln_000000000121145,https://www.bizinfo.go.kr/sii/siia/selectSIIA200Detail.do?pblancId=PBLN_000000000121145
biz,PBLN_000000000121143,2026년 그린&클린팩토리 전환지원 사업 수혜기업 모집 공고,"<p>DYETEC연구원에서는 2026년도 산업통상부 섬유패션산업활성화기반마련사업 중「그린&클린팩토리 전환지원」사업의 수혜기업 모집을 아래와 같이 공고하오니, 참여를 희망하는 기업의 많은 관심과 참여 바랍니다.</p><p><br></p><p>☞ 국내 제조기반을 보유한 섬유소재 제조 중소ㆍ중견기업</p><p><br></p><p style=""line-height: 1.8;"">☞ A1. 그린&클린팩토리 구축 지원(청정제조시설+컨설팅)</p><p style=""line-height: 1.8;"">- B1. 그린&클린팩토리 전환 인증ㆍ검증 지원</p><p style=""line-height: 1.8;"">- B2. 그린&클린팩토리 전환 컨설팅 지원</p><p style=""line-height: 1.8;"">- [공통] ESG 교육ㆍ세미나, 홍보ㆍ수요연계 지원</p><p style=""line-height: 1.8;"">※ 자세한 지원내용 공고문 참조</p>",경영,다이텍연구원,산업통상부,중소기업,시설/입지지원,,,,,"이메일 또는 우편(USB) 접수
- 접수처 : 대구 서구 달서천로 92 DYETEC연구원 C동 1층 102호 기업지원센터
- 이메일 : hg@dyetec.or.kr
※ 대면 제출이 아닌 경우 반드시 접수 여부 전화 확인 요망","이메일 또는 우편(USB) 접수
- 접수처 : 대구 서구 달서천로 92 DYETEC연구원 C동 1층 102호 기업지원센터
- 이메일 : hg@dyetec.or.kr
※ 대면 제출이 아닌 경우 반드시 접수 여부 전화 확인 요망",2026-04-20 ~ 2026-05-18,main,primary,False,2026년그린클린팩토리전환지원사업수혜기업모집공고|다이텍연구원|20260420~20260518,2026년그린클린팩토리전환지원사업수혜기업모집공고,다이텍연구원,20260420~20260518,www.bizinfo.go.kr/sii/siia/selectsiia200detail.do?pblancid=pbln_000000000121143,https://www.bizinfo.go.kr/sii/siia/selectSIIA200Detail.do?pblancId=PBLN_000000000121143
biz,PBLN_000000000121142,[인천] 2026년 지역 디자인기업 역량강화 지원사업 참여기업 모집 공고,"<p>인천 지역 디자인기업의 우수성을 알리고 지역 기반 디자인산업 활성화 및 경제 성장 지원을 위해 추진하는 「2026년도 인천광역시 지역 디자인기업 역량강화 지원사업」참여기업 모집을 아래와 같이 시행하오니, 관심 있는 기업의 많은 참여를 바랍니다.</p><p><br></p><p style=""line-height: 1.8;"">☞ 사업자등록 본점소재지가 인천지역으로 등록된 1인 디자인전문회사</p><p style=""line-height: 1.8;"">① 인천지역 내 중소기업기본법 제2조의 규정에 의한 중소기업</p><p style=""line-height: 1.8;"">② 산업디자인전문회사 신고증을 보유한 인천디자인지원센터 주관기관 등록사</p><p style=""line-height: 1.8;"">③ 공고일 기준, 창업 후 8년이 경과하지 않은 스타트업</p><p><br></p><p style=""line-height: 1.8;"">☞ 연구활동비(최대 500만원 한도) 및 네트워킹(컨설팅) 지원</p><p style=""line-height: 1.8;"">- 연구활동비 : 포트폴리오 개발, 자사 홍보콘텐츠 개발, 자체상품개발 등 연구활동비용 지원</p><p style=""line-height: 1.8;"">- 멘토링 프로그램 : 우수디자인전문회사 또는 인천지역 우수 주관기관 소속 디자이너와 1:1 매칭을 통한 디자인경영 노하우 등 컨설팅</p><p style=""line-height: 1.8;"">- 킥오프 간담회 : 선정기업 간 간담회 지원 (단체 및 자율 네트워킹 지원) </p>",창업,인천테크노파크,인천광역시,창업벤처,사업화지원,,,,,"이메일 접수 (jhwon@itp.or.kr)
※ 지원신청서 및 증빙서류를 순서대로 정리 후 스캔하여 PDF파일을 압축하여 송부
※ 압축파일명 예시(①지원신청서_기업명)","이메일 접수 (jhwon@itp.or.kr)
※ 지원신청서 및 증빙서류를 순서대로 정리 후 스캔하여 PDF파일을 압축하여 송부
※ 압축파일명 예시(①지원신청서_기업명)",2026-04-20 ~ 2026-05-08,main,primary,False,인천2026년지역디자인기업역량강화지원사업참여기업모집공고|인천테크노파크|20260420~20260508,인천2026년지역디자인기업역량강화지원사업참여기업모집공고,인천테크노파크,20260420~20260508,www.bizinfo.go.kr/sii/siia/selectsiia200detail.do?pblancid=pbln_000000000121142,https://www.bizinfo.go.kr/sii/siia/selectSIIA200Detail.do?pblancId=PBLN_000000000121142
biz,PBLN_000000000121141,[부산] 2026년 로컬브랜드 창출 지원 사업 소상공인 모집 공고,"<p>부산경제진흥원은 성장 가능성이 높은 소상공인을 발굴하여 민간 투자와 연계한 로컬 브랜드 육성을 지원하기 위해 「2026년 부산형 로컬 브랜드 창출 지원사업」을 추진하오니, 관심 있는 소상공인의 많은 참여를 바랍니다.</p><p><br></p><p style=""line-height: 1.8;"">☞ 부산시에 사업장을 둔 소상공인(법인이거나, 선정 후 1년 내 법인전환 의사가 있는 경우)</p><p style=""line-height: 1.8;"">- 투자유치 및 스케일업을 목표로 하는 사업계획 보유 기업</p><p><br></p><p style=""line-height: 1.8;"">☞ 투자유치를 위한 역량 강화 교육 지원</p><p style=""line-height: 1.8;"">- 투자 준비 상황에 따른 맞춤형 교육 지원</p><p style=""line-height: 1.8;"">- IR 피칭 대회를 통한 검증 기회 지원</p>",경영,부산경제진흥원,부산광역시,소상공인,디자인/상품화/사업화,,,,,"방문 또는 온라인 접수
- 접수처 :  부산광역시 중구 자갈치해안로52, 7층, 소상공인종합지원센터
- 온라인 : 소상공인종합지원센터","방문 또는 온라인 접수
- 접수처 :  부산광역시 중구 자갈치해안로52, 7층, 소상공인종합지원센터
- 온라인 : 소상공인종합지원센터",2026-04-20 ~ 2026-05-08,main,primary,False,부산2026년로컬브랜드창출지원사업소상공인모집공고|부산경제진흥원|20260420~20260508,부산2026년로컬브랜드창출지원사업소상공인모집공고,부산경제진흥원,20260420~20260508,www.bizinfo.go.kr/sii/siia/selectsiia200detail.do?pblancid=pbln_000000000121141,https://www.bizinfo.go.kr/sii/siia/selectSIIA200Detail.do?pblancId=PBLN_000000000121141
biz,PBLN_000000000121140,[서울] 5기 로컬브랜드 상권 지역가치창업가 양성과정 참여자 모집 공고,"<p><로컬인서울>은 서울시 로컬브랜드 5기 상권에서 해당 상권의 가능성을 기회로 삼아 지역의 문화를 만들어갈 로컬브랜드를 발굴하는 프로젝트입니다. 로컬상권 조성에 앞장설 창조적 청년 창업가를 아래와 같이 모집하오니 많은 신청 바랍니다.</p><p><br></p><p style=""line-height: 1.8;"">☞ 서울시 5기 로컬브랜드 상권(4개소)에 창업할 공고일 기준 서울시 거주 청년(만 19세~39세) 개인 또는 3인 이내 팀</p><p style=""line-height: 1.8;"">- 만 19세 ~ 만 39세 서울시에 거주하는 청년</p><p style=""line-height: 1.8;"">※ 자세한 지원대상 공고문 참조</p><p><br></p><p style=""line-height: 1.8;"">☞ 지역가치창업가 양성과정 및 창업자원 융자 지원 </p><p style=""line-height: 1.8;"">※ 자세한 지원내용 공고문 참조</p>",창업,기초자치단체,서울특별시,창업벤처,예비창업자지원,,,,,이메일 접수(startup2026@udimpact.ai),이메일 접수(startup2026@udimpact.ai),2026-04-20 ~ 2026-05-14,main,primary,False,서울5기로컬브랜드상권지역가치창업가양성과정참여자모집공고|기초자치단체|20260420~20260514,서울5기로컬브랜드상권지역가치창업가양성과정참여자모집공고,기초자치단체,20260420~20260514,www.bizinfo.go.kr/sii/siia/selectsiia200detail.do?pblancid=pbln_000000000121140,https://www.bizinfo.go.kr/sii/siia/selectSIIA200Detail.do?pblancId=PBLN_000000000121140
biz,PBLN_000000000121139,2026년 제12회 인천광역시 공공데이터ㆍ AI 활용 창업경진대회 공고,"<p>공공데이터와 AI를 활용한 아이디어 기획 및 제품ㆍ서비스 개발로 데이터 기반 산업의 창업을 촉진하고 데이터 경제 활성화에 기여하고자 아래와 같이 2026년 「제12회 인천광역시 공공데이터ㆍAI 활용 창업경진대회」를 개최하오니 많은 관심과 참여 바랍니다.</p><p><br></p><p>☞ 대한민국 국민 누구나(개인 또는 5인 이내 팀)</p><p><br></p><p>☞ 아이디어 기획, 제품ㆍ서비스 개발 부문 시상 및 후속 지원(본선참가, 창업지원)</p>",창업,직접수행,인천광역시,창업벤처,사업화지원,,,,,이메일 접수 (klee7@korea.kr),이메일 접수 (klee7@korea.kr),2026-04-20 ~ 2026-06-12,main,primary,False,2026년제12회인천광역시공공데이터ㆍai활용창업경진대회공고|직접수행|20260420~20260612,2026년제12회인천광역시공공데이터ㆍai활용창업경진대회공고,직접수행,20260420~20260612,www.bizinfo.go.kr/sii/siia/selectsiia200detail.do?pblancid=pbln_000000000121139,https://www.bizinfo.go.kr/sii/siia/selectSIIA200Detail.do?pblancId=PBLN_000000000121139
kst,177393,"[무료] VC 투자 및 오픈이노베이션 1:1 멘토링,  5월 dcamp officehour","디캠프 오피스아워는 2013년부터 약 1,500회 이상 진행되어온 스타트업 전문 멘토링 프로그램로 우수한 멘토진이 스타트업의 비즈니스 성장을 위해 참여하고 있습니다.
스타트업의 사업 방향성 설정과 성장에 필수적인 벤처투자, 사업협력 등 분야별 전문가들과 함께 합니다. 디캠프 오피스아워는 단편적이고 일반적인 인사이트 전달이 아닌 각 기업의 상황에 맞는 실질적인 논의와 실행 중심의 피드백을 제공합니다.

2026년 5월 오피스아워는 국내외 탑티어 VC 및 대중견기업이 파트너 기관으로 참여하여 투자 및 사업협력과 관련한 1:1 컨설팅을 진행하오니 관심 있는 스타트업의 많은 참여 바랍니다.",교육/멘토링,사업실 리소스,전국,"일반기업,1인 창조기업",멘토링ㆍ컨설팅ㆍ교육,"만 20세 이상 ~ 만 39세 이하,만 40세 이상",,"예비창업자,1년미만,2년미만,3년미만,5년미만,7년미만,10년미만",,,"온라인 접수: http://dcamp.kr/program/officehour
이메일 접수: None
팩스 접수: None
우편 접수: None
방문 접수: None
기타 접수: None",20260427 ~ 20260508,main,primary,False,무료vc투자및오픈이노베이션11멘토링5월dcampofficehour|사업실리소스|20260427~20260508,무료vc투자및오픈이노베이션11멘토링5월dcampofficehour,사업실리소스,20260427~20260508,www.k-startup.go.kr/web/contents/bizpbanc-ongoing.do?schm=view&pbancsn=177393,https://www.k-startup.go.kr/web/contents/bizpbanc-ongoing.do?schM=view&pbancSn=177393
kst,177392,Dream Venture Star with 호반그룹 드림벤처스타 12기 지원사업 모집공고,대전창조경제혁신센터는 최고의 품질과 서비스로 신뢰받는 글로벌 종합 건설기업 ‘호반그룹’과 함께 유망 스타트업 발굴 및 협업 연계를 위한 오픈이노베이션 프로그램을 추진하오니 많은 관심과 참여 바랍니다.,창업,딥테크창업전략실,전국,"일반기업,1인 창조기업",사업화,"만 20세 미만,만 20세 이상 ~ 만 39세 이하,만 40세 이상",,7년미만,,,"온라인 접수: www.dvs-oi.com
이메일 접수: None
팩스 접수: None
우편 접수: None
방문 접수: None
기타 접수: None",20260427 ~ 20260527,main,primary,False,dreamventurestarwith호반그룹드림벤처스타12기지원사업모집공고|딥테크창업전략실|20260427~20260527,dreamventurestarwith호반그룹드림벤처스타12기지원사업모집공고,딥테크창업전략실,20260427~20260527,www.k-startup.go.kr/web/contents/bizpbanc-ongoing.do?schm=view&pbancsn=177392,https://www.k-startup.go.kr/web/contents/bizpbanc-ongoing.do?schM=view&pbancSn=177392
kst,177391,Dream Venture Star with SK텔레콤 드림벤처스타 12기 지원사업 모집공고,대전창조경제혁신센터는 AI 기반의 혁신적인 통신 서비스를 통해 새로운 일상 경험을 제공하는 ‘SK텔레콤’과 함께 유망 스타트업 발굴 및 협업 연계를 위한 오픈이노베이션 프로그램을 추진하오니 많은 관심과 참여 바랍니다.,창업,딥테크창업전략실,전국,"일반기업,1인 창조기업",사업화,"만 20세 미만,만 20세 이상 ~ 만 39세 이하,만 40세 이상",,7년미만,,,"온라인 접수: https://dvs-oi.com
이메일 접수: None
팩스 접수: None
우편 접수: None
방문 접수: None
기타 접수: None",20260427 ~ 20260527,main,primary,False,dreamventurestarwithsk텔레콤드림벤처스타12기지원사업모집공고|딥테크창업전략실|20260427~20260527,dreamventurestarwithsk텔레콤드림벤처스타12기지원사업모집공고,딥테크창업전략실,20260427~20260527,www.k-startup.go.kr/web/contents/bizpbanc-ongoing.do?schm=view&pbancsn=177391,https://www.k-startup.go.kr/web/contents/bizpbanc-ongoing.do?schM=view&pbancSn=177391
kst,177390,2026년 청년 블루푸드테크 패키지지원사업,"완도군 해양수산 특화자원을 기반으로 블루푸드테크 산업의 지속가능한 성장을 도모하기 위한 청년 블루푸드테크 패키지 지원사업을 다음과 같이 공고하오니, 관련분야 예비창업자, 창업기업, 중소,벤처기업 등의 많은 관심과 참여 바랍니다.",창업,해양테크센터,전국,"청소년,대학생,일반인,대학,연구기관,일반기업,1인 창조기업",사업화,"만 20세 미만,만 20세 이상 ~ 만 39세 이하,만 40세 이상",,"예비창업자,1년미만,2년미만,3년미만,5년미만,7년미만,10년미만",,,"온라인 접수: None
이메일 접수: 8pRUAQeKwBSYvTW3vV+IjQ==
팩스 접수: 061-555-1727
우편 접수: None
방문 접수: 전라남도 완도군 완도읍 농공단지 4길 21-7 / 해양바이오본부
기타 접수: None",20260427 ~ 20260507,main,primary,False,2026년청년블루푸드테크패키지지원사업|해양테크센터|20260427~20260507,2026년청년블루푸드테크패키지지원사업,해양테크센터,20260427~20260507,www.k-startup.go.kr/web/contents/bizpbanc-ongoing.do?schm=view&pbancsn=177390,https://www.k-startup.go.kr/web/contents/bizpbanc-ongoing.do?schM=view&pbancSn=177390
kst,177388,제2서울핀테크랩 운영,서울특별시에서 유망 초기 핀테크 스타트업을 보육하기 위해 설립·운영 중인 제2서울핀테크랩의 입주 및 멤버십 기업을 공개 모집하오니 관심 있는 기업의 많은 신청 바랍니다.,시설/공간,제2서울핀테크랩,전국,"대학생,일반인,대학,연구기관,일반기업,1인 창조기업",시설ㆍ공간ㆍ보육,"만 20세 미만,만 20세 이상 ~ 만 39세 이하,만 40세 이상",,"예비창업자,1년미만,2년미만,3년미만,5년미만,7년미만",,,"온라인 접수: https://seoulfintechlab2.startup-plus.kr/project/PRJ006922
이메일 접수: None
팩스 접수: None
우편 접수: None
방문 접수: None
기타 접수: None",20260427 ~ 20260529,main,primary,False,제2서울핀테크랩운영|제2서울핀테크랩|20260427~20260529,제2서울핀테크랩운영,제2서울핀테크랩,20260427~20260529,www.k-startup.go.kr/web/contents/bizpbanc-ongoing.do?schm=view&pbancsn=177388,https://www.k-startup.go.kr/web/contents/bizpbanc-ongoing.do?schM=view&pbancSn=177388
kst,177385,?[무료] 하임벤처투자 TIPS 성공 가능성 사전 검토 서비스?,TIPS 성공 가능성 사전 검토 서비스를 공고하오니 관심 있으신 분들은 신청바랍니다.,창업,액셀러레이팅,전국,"일반기업,1인 창조기업",창업교육,"만 20세 미만,만 20세 이상 ~ 만 39세 이하,만 40세 이상",,"예비창업자,1년미만,2년미만,3년미만,5년미만,7년미만,10년미만",,,"온라인 접수: http://oqdfiibs.gensparkspace.com/
이메일 접수: None
팩스 접수: None
우편 접수: None
방문 접수: None
기타 접수: None",20260427 ~ 20260510,main,primary,False,무료하임벤처투자tips성공가능성사전검토서비스|액셀러레이팅|20260427~20260510,무료하임벤처투자tips성공가능성사전검토서비스,액셀러레이팅,20260427~20260510,www.k-startup.go.kr/web/contents/bizpbanc-ongoing.do?schm=view&pbancsn=177385,https://www.k-startup.go.kr/web/contents/bizpbanc-ongoing.do?schM=view&pbancSn=177385
kst,177384,혁신창업멤버스,‘보건산업혁신창업센터’에서는 국내 바이오헬스산업의 글로벌 경쟁력 강화와 창업 활성화를 위해 바이오헬스 분야 유망 예비창업자 및 창업기업을 대상으로 혁신창업멤버스를 모집합니다. 관심 있는 바이오헬스 창업기업의 많은 신청 바랍니다.,시설/공간,보건산업육성단,서울,"대학생,일반인,대학,연구기관,일반기업,1인 창조기업",시설ㆍ공간ㆍ보육,"만 20세 미만,만 20세 이상 ~ 만 39세 이하,만 40세 이상",,"예비창업자,1년미만,2년미만,3년미만,5년미만,7년미만,10년미만",,,"온라인 접수: https://www.khidi.or.kr/kbic
이메일 접수: None
팩스 접수: None
우편 접수: None
방문 접수: None
기타 접수: None",20260427 ~ 20260518,main,primary,False,혁신창업멤버스|보건산업육성단|20260427~20260518,혁신창업멤버스,보건산업육성단,20260427~20260518,www.k-startup.go.kr/web/contents/bizpbanc-ongoing.do?schm=view&pbancsn=177384,https://www.k-startup.go.kr/web/contents/bizpbanc-ongoing.do?schM=view&pbancSn=177384
kst,177383,[5월 창업 온라인 교육] K-2026 창업 초보를 위한 창업 A-Z 교육,"하우그로우 원격평생교육원에서는 5월 창업 교육에 참여할 참여자를 모집 중에 있으니 많은 신청 바랍니다.
참여를 원하시는 분은 첨부드린 링크의 구글폼을 제출하여 신청 부탁드리겠습니다.",교육/멘토링,원격평생교육원,전국,"일반인,일반기업,1인 창조기업",멘토링ㆍ컨설팅ㆍ교육,"만 20세 미만,만 20세 이상 ~ 만 39세 이하,만 40세 이상",,"예비창업자,1년미만,2년미만,3년미만,5년미만,7년미만,10년미만",,,"온라인 접수: http://forms.gle/3Q1QYwBfQPoSGRLd6
이메일 접수: None
팩스 접수: None
우편 접수: None
방문 접수: None
기타 접수: None",20260427 ~ 20260528,main,primary,False,5월창업온라인교육k2026창업초보를위한창업az교육|원격평생교육원|20260427~20260528,5월창업온라인교육k2026창업초보를위한창업az교육,원격평생교육원,20260427~20260528,www.k-startup.go.kr/web/contents/bizpbanc-ongoing.do?schm=view&pbancsn=177383,https://www.k-startup.go.kr/web/contents/bizpbanc-ongoing.do?schM=view&pbancSn=177383
kst,177382,2026년 G-Space 스타트업 핵심 IP(지식재산권) 권리화 지원사업 창업기업 모집공고,"유망 스타트업의 혁신 기술 보호를 위해 출원 전 IP 진단과 명세서 검증, 맞춤형 권리화 전략을 지원하여 지식재산 확보 및 사업화 경쟁력 강화를 돕는 ｢2026년 G-Space 스타트업 핵심 IP(지식재산권)권리화 지원사업｣에 참여할 창업기업을 다음과 같이 모집합니다.",창업,투자거점본부,전국,"대학생,일반인,대학,연구기관,일반기업,1인 창조기업",사업화,"만 20세 이상 ~ 만 39세 이하,만 40세 이상",,7년미만,,,"온라인 접수: https://www.gnstartup.kr/business/8339db24-725a-45bc-baf9-d778adc7b0d8/10482/detail
이메일 접수: None
팩스 접수: None
우편 접수: None
방문 접수: None
기타 접수: None",20260427 ~ 20260529,main,primary,False,2026년gspace스타트업핵심ip권리화지원사업창업기업모집공고|투자거점본부|20260427~20260529,2026년gspace스타트업핵심ip권리화지원사업창업기업모집공고,투자거점본부,20260427~20260529,www.k-startup.go.kr/web/contents/bizpbanc-ongoing.do?schm=view&pbancsn=177382,https://www.k-startup.go.kr/web/contents/bizpbanc-ongoing.do?schM=view&pbancSn=177382
kst,177380,2026 SK텔레콤 오픈이노베이션 'SKTCH for GOOD' 참가기업 모집,서울경제진흥원에서 SK텔레콤과 함께 사회문제를 해결할 스타트업을 모집합니다. 대·중견기업 오픈이노베이션을 통한 기술실증(PoC) 수요가 있는 혁신 스타트업의 많은 지원 바랍니다.,창업,창업허브2팀,전국,"대학생,일반인,대학,연구기관,일반기업,1인 창조기업",사업화,"만 20세 이상 ~ 만 39세 이하,만 40세 이상",,"1년미만,2년미만,3년미만,5년미만,7년미만,10년미만",,,"온라인 접수: sktch.sktelecom.com/ko/accProgramView.do?cSeq=41cf8d7f103d6c91829c69c15cd27e40&strSearchOrder=&strSearchStatus=
이메일 접수: None
팩스 접수: None
우편 접수: None
방문 접수: None
기타 접수: None",20260427 ~ 20260430,main,primary,False,2026sk텔레콤오픈이노베이션sktchforgood참가기업모집|창업허브2팀|20260427~20260430,2026sk텔레콤오픈이노베이션sktchforgood참가기업모집,창업허브2팀,20260427~20260430,www.k-startup.go.kr/web/contents/bizpbanc-ongoing.do?schm=view&pbancsn=177380,https://www.k-startup.go.kr/web/contents/bizpbanc-ongoing.do?schM=view&pbancSn=177380
kst,177379,한-EU 산업협력 지원(친환경 에너지·탄소저감 분야) 참여기업 모집,서울 유망기업의 EU 진출 촉진을 위해 '친환경 에너지·탄소저감' 분야를 대상으로 한-EU 산업협력 지원 참여기업을 다음과 같이 모집하고자 합니다.,행사/네트워크,클러스터혁신팀,서울,일반기업,행사ㆍ네트워크,"만 20세 미만,만 20세 이상 ~ 만 39세 이하,만 40세 이상",,"1년미만,2년미만,3년미만,5년미만,7년미만",,,"온라인 접수: None
이메일 접수: fU/3tjauRiqKNMcDMHdc2gAiJNsCSuWJ5BAiKG7nOpc=
팩스 접수: None
우편 접수: None
방문 접수: None
기타 접수: None",20260424 ~ 20260505,main,primary,False,한eu산업협력지원참여기업모집|클러스터혁신팀|20260424~20260505,한eu산업협력지원참여기업모집,클러스터혁신팀,20260424~20260505,www.k-startup.go.kr/web/contents/bizpbanc-ongoing.do?schm=view&pbancsn=177379,https://www.k-startup.go.kr/web/contents/bizpbanc-ongoing.do?schM=view&pbancSn=177379
kst,177378,정자유스센터 2026년 청년창업 RUN 참가팀 모집,"아이디어, 실행해 볼 예비, 초기 청년창업팀을 찾습니다. 
머릿속 아이디어, 해볼 준비가 됐다면, 지금이 타이밍입니다.
정자유스센터가 아이디어를 실현화 할 수 있도록 함께합니다.

관심 있는 청년들의 많은 신청 바랍니다.",창업,활동사업팀,경기,"청소년,대학생,일반인,대학,1인 창조기업",사업화,만 20세 이상 ~ 만 39세 이하,,"예비창업자,1년미만",,,"온라인 접수: None
이메일 접수: La8nJNG1x+197IRykYa2Czfnx02jkrxu+1ahDR10qes=
팩스 접수: None
우편 접수: None
방문 접수: None
기타 접수: None",20260424 ~ 20260520,main,primary,False,정자유스센터2026년청년창업run참가팀모집|활동사업팀|20260424~20260520,정자유스센터2026년청년창업run참가팀모집,활동사업팀,20260424~20260520,www.k-startup.go.kr/web/contents/bizpbanc-ongoing.do?schm=view&pbancsn=177378,https://www.k-startup.go.kr/web/contents/bizpbanc-ongoing.do?schM=view&pbancSn=177378
kst,177376,IP 디딤돌 프로그램,"부산지식재산센터에서는 예비창업자의 창조적 아이디어를 발굴하고 이를 전문가(변리사, 창업컨설턴트)와 함께 사업아이템으로 도출하고 지식재산을 창출하여 창업 및 사업화를 유도하기 위한 「IP디딤돌 프로그램」을 운영하고자 하오니, 많은 관심과 참여바랍니다.",교육/멘토링,부산지식재산센터,부산,"청소년,대학생,일반인,대학,연구기관,일반기업,1인 창조기업",멘토링ㆍ컨설팅ㆍ교육,"만 20세 미만,만 20세 이상 ~ 만 39세 이하,만 40세 이상",,예비창업자,,,"온라인 접수: None
이메일 접수: 1e7aWVFxDPlr18OvBotk9A55VkgXQkwJ4bpoh2BgD+U=
팩스 접수: None
우편 접수: None
방문 접수: None
기타 접수: None",20260427 ~ 20260507,main,primary,False,ip디딤돌프로그램|부산지식재산센터|20260427~20260507,ip디딤돌프로그램,부산지식재산센터,20260427~20260507,www.k-startup.go.kr/web/contents/bizpbanc-ongoing.do?schm=view&pbancsn=177376,https://www.k-startup.go.kr/web/contents/bizpbanc-ongoing.do?schM=view&pbancSn=177376
kst,177375,2026년 스마트 전자약 사업화 종합 지원 사업,[스마트전자약 사업화 종합지원센터]는 국내 스마트 전자약 산업의 기술 역량을 보유한 기업들이 사업화를 성공적으로 추진할 수 있도록 지원하는 사업입니다,창업,스마트전자약종합지원센터,전국,일반기업,사업화,"만 20세 미만,만 20세 이상 ~ 만 39세 이하,만 40세 이상",,"예비창업자,1년미만,2년미만,3년미만,5년미만,7년미만,10년미만",,,"온라인 접수: https://smartemedicine.co.kr
이메일 접수: 8c4/Quagj+evK8RX/s8A14kkrbXmjIsuBwmu54kggsA=
팩스 접수: None
우편 접수: None
방문 접수: None
기타 접수: 이메일접수",20260424 ~ 20260504,main,primary,False,2026년스마트전자약사업화종합지원사업|스마트전자약종합지원센터|20260424~20260504,2026년스마트전자약사업화종합지원사업,스마트전자약종합지원센터,20260424~20260504,www.k-startup.go.kr/web/contents/bizpbanc-ongoing.do?schm=view&pbancsn=177375,https://www.k-startup.go.kr/web/contents/bizpbanc-ongoing.do?schM=view&pbancSn=177375
kst,177373,2026년 WEROUND 제2차 신규 입주기업 모집 공고 (~5/15),"2026년 제2차 WEROUND 신규 입주기업 모집을 다음과 같이 공고하오니, 입주를 희망하는 (예비) 창업 기업들의 많은 신청 부탁드립니다.",시설/공간,판교캠퍼스사업단,전국,"대학생,일반인,대학,연구기관,일반기업,1인 창조기업",시설ㆍ공간ㆍ보육,"만 20세 이상 ~ 만 39세 이하,만 40세 이상",,"예비창업자,1년미만,2년미만,3년미만,5년미만,7년미만,10년미만",,,"온라인 접수: None
이메일 접수: aOiuSiGi1g0bA3lYMWqQsYG6AJKC6IXLcbgZPwb0BWw=
팩스 접수: None
우편 접수: None
방문 접수: None
기타 접수: None",20260427 ~ 20260515,main,primary,False,2026년weround제2차신규입주기업모집공고|판교캠퍼스사업단|20260427~20260515,2026년weround제2차신규입주기업모집공고,판교캠퍼스사업단,20260427~20260515,www.k-startup.go.kr/web/contents/bizpbanc-ongoing.do?schm=view&pbancsn=177373,https://www.k-startup.go.kr/web/contents/bizpbanc-ongoing.do?schM=view&pbancSn=177373
kst,177372,민간투자주도형 기술창업 활성화 지원,"전북특별자치도 정부출연연 보유 기술 기반 기획형 창업을 발굴·육성하고, 기술이전·사업화·투자 연계를 통한 전주기 지원을 추진하기 위하여 다음과 같이 (예비)창업기업을 모집하오니 많은 관심과 참여 바랍니다.",교육/멘토링,딥테크창업기획부,전북,"연구기관,일반기업,1인 창조기업",멘토링ㆍ컨설팅ㆍ교육,"만 20세 이상 ~ 만 39세 이하,만 40세 이상",,"예비창업자,1년미만,2년미만,3년미만,5년미만,7년미만",,,"온라인 접수: None
이메일 접수: Jgw8NgvidchCKRN7n9HCCw==
팩스 접수: None
우편 접수: None
방문 접수: None
기타 접수: None",20260424 ~ 20260517,main,primary,False,민간투자주도형기술창업활성화지원|딥테크창업기획부|20260424~20260517,민간투자주도형기술창업활성화지원,딥테크창업기획부,20260424~20260517,www.k-startup.go.kr/web/contents/bizpbanc-ongoing.do?schm=view&pbancsn=177372,https://www.k-startup.go.kr/web/contents/bizpbanc-ongoing.do?schM=view&pbancSn=177372
kst,177371,2026 콘텐츠 피칭 플랫폼 케이녹(KNOCK) 정규라운드 참가기업 모집공고,"2026 콘텐츠 피칭 플랫폼 KNOCK(케이녹) 정규라운드 참가기업 모집을 다음과 같이 공고하오니,
투자유치를 희망하는 콘텐츠 기업의 많은 관심과 참여 바랍니다.",행사/네트워크,KNOCK 운영사무국,전국,일반기업,행사ㆍ네트워크,"만 20세 미만,만 20세 이상 ~ 만 39세 이하,만 40세 이상",,"5년미만,7년미만,10년미만",,,"온라인 접수: https://www.kocca.kr/kocca/pims/view.do?intcNo=326D00067002&menuNo=204104&recptSt=&category=&pageIndex=1&search=&searchWrd=
이메일 접수: None
팩스 접수: None
우편 접수: None
방문 접수: None
기타 접수: None",20260421 ~ 20260508,main,primary,False,2026콘텐츠피칭플랫폼케이녹정규라운드참가기업모집공고|knock운영사무국|20260421~20260508,2026콘텐츠피칭플랫폼케이녹정규라운드참가기업모집공고,knock운영사무국,20260421~20260508,www.k-startup.go.kr/web/contents/bizpbanc-ongoing.do?schm=view&pbancsn=177371,https://www.k-startup.go.kr/web/contents/bizpbanc-ongoing.do?schM=view&pbancSn=177371
kst,177370,「2026 농촌융복합산업 액셀러레이터 육성지원 사업」킹고스프링 팜스프링보드 참여기업 모집공고,"한국농어촌공사(농촌자원개발원)이 지원하는 「2026 농촌융복합산업 액셀러레이터 육성지원 사업」킹고스프링 팜스프링보드에 참여할
농촌산업을 선도하고자 하는 업력 7년 미만의 (예비)농촌융복합산업 인증사업자분들의 많은 관심과 지원 바랍니다.",창업,기업성장본부,전국,"일반인,대학,연구기관,일반기업,1인 창조기업",사업화,"만 20세 미만,만 20세 이상 ~ 만 39세 이하,만 40세 이상",,"예비창업자,1년미만,2년미만,3년미만,5년미만,7년미만",,,"온라인 접수: None
이메일 접수: 7txb2ZfTUET9poWvuO3Mcvqk7iaT13q3q2SI7jrImbw=
팩스 접수: None
우편 접수: None
방문 접수: None
기타 접수: None",20260420 ~ 20260510,main,primary,False,2026농촌융복합산업액셀러레이터육성지원사업킹고스프링팜스프링보드참여기업모집공고|기업성장본부|20260420~20260510,2026농촌융복합산업액셀러레이터육성지원사업킹고스프링팜스프링보드참여기업모집공고,기업성장본부,20260420~20260510,www.k-startup.go.kr/web/contents/bizpbanc-ongoing.do?schm=view&pbancsn=177370,https://www.k-startup.go.kr/web/contents/bizpbanc-ongoing.do?schM=view&pbancSn=177370
kst,177369,2026년 경기도 무역위기 대응 K-FOOD 페루 통상촉진단 참가기업 모집,"경기도와 (재)경기도경제과학진흥원에서는 경기도 본사 소재 농식품 중소기업 및 농업인, 생산자단체의 남미시장 진출 지원을 위한 『2026년 경기도 무역위기 대응 K-FOOD 페루 통상촉진단』 참가기업을 아래와 같이 모집하오니 많은 신청 바랍니다.",판로/수출,수출마케팅팀,경기,"일반기업,1인 창조기업",판로ㆍ해외진출,"만 20세 이상 ~ 만 39세 이하,만 40세 이상",,"1년미만,2년미만,3년미만,5년미만,7년미만,10년미만",,,"온라인 접수: https://egbiz.or.kr/pd/53606.do
이메일 접수: None
팩스 접수: None
우편 접수: None
방문 접수: None
기타 접수: None",20260424 ~ 20260430,main,primary,False,2026년경기도무역위기대응kfood페루통상촉진단참가기업모집|수출마케팅팀|20260424~20260430,2026년경기도무역위기대응kfood페루통상촉진단참가기업모집,수출마케팅팀,20260424~20260430,www.k-startup.go.kr/web/contents/bizpbanc-ongoing.do?schm=view&pbancsn=177369,https://www.k-startup.go.kr/web/contents/bizpbanc-ongoing.do?schM=view&pbancSn=177369
kst,177368,2026 제4회 동남권 엔젤투자피칭,"『엔젤투자피칭룸』은 동남권 소재 (경남, 부산, 울산) 스타트업의 투자유치를 지원하는 투자 상담 프로그램입니다. 투자유치에 관심 있으신 동남권 소재 스타트업들의 많은 관심과 참여 부탁드립니다.",교육/멘토링,동남권 엔젤투자허브,경남,일반기업,멘토링ㆍ컨설팅ㆍ교육,"만 20세 미만,만 20세 이상 ~ 만 39세 이하,만 40세 이상",,"예비창업자,1년미만,2년미만,3년미만,5년미만,7년미만",,,"온라인 접수: https://www.kban.or.kr/jsp/ext/mrt/angelTalkTalk.jsp
이메일 접수: None
팩스 접수: None
우편 접수: None
방문 접수: None
기타 접수: None",20260424 ~ 20260506,main,primary,False,2026제4회동남권엔젤투자피칭|동남권엔젤투자허브|20260424~20260506,2026제4회동남권엔젤투자피칭,동남권엔젤투자허브,20260424~20260506,www.k-startup.go.kr/web/contents/bizpbanc-ongoing.do?schm=view&pbancsn=177368,https://www.k-startup.go.kr/web/contents/bizpbanc-ongoing.do?schM=view&pbancSn=177368
kst,177364,제14회 충남 공공데이터·AI 활용 창업 경진대회 참가기업 모집 공고,공공데이터와 AI을 활용한 아이디어 기획 및 제품․서비스 개발을 통해  공공데이터 기반의 창업을 촉진하고자 아래와 같이“제14회 충남 공공데이터 ·AI 활용 창업경진대회”를 개최하오니 많은 관심과 참여를 바랍니다.,창업,O.I추진실,전국,"청소년,대학생,일반인,대학,연구기관,일반기업,1인 창조기업",사업화,"만 20세 미만,만 20세 이상 ~ 만 39세 이하,만 40세 이상",,"예비창업자,1년미만,2년미만,3년미만,5년미만,7년미만",,,"온라인 접수: http://www.ccceicontest.or.kr/contest/view.php?idx=166
이메일 접수: None
팩스 접수: None
우편 접수: None
방문 접수: None
기타 접수: None",20260326 ~ 20260526,main,primary,False,제14회충남공공데이터ai활용창업경진대회참가기업모집공고|oi추진실|20260326~20260526,제14회충남공공데이터ai활용창업경진대회참가기업모집공고,oi추진실,20260326~20260526,www.k-startup.go.kr/web/contents/bizpbanc-ongoing.do?schm=view&pbancsn=177364,https://www.k-startup.go.kr/web/contents/bizpbanc-ongoing.do?schM=view&pbancSn=177364
kst,177363,2026년 쉬었음청년‧경력보유여성 AI 활용 교육과정,동남권(부·울·경)지역의‘쉬었음청년‧경력보유여성’대상으로 2026년 AI 활용 교육과정 참가자를 다음과 같이 모집하오니 많은 참여 바랍니다.,교육/멘토링,인재양성단,부산,"청소년,대학생,일반인,대학",멘토링ㆍ컨설팅ㆍ교육,"만 20세 미만,만 20세 이상 ~ 만 39세 이하,만 40세 이상",,"예비창업자,1년미만,2년미만,3년미만,5년미만,7년미만,10년미만",,,"온라인 접수: None
이메일 접수: 13L1ZDxbyYrg7/M1PmwVTQ==
팩스 접수: None
우편 접수: None
방문 접수: None
기타 접수: None",20260424 ~ 20260522,main,primary,False,2026년쉬었음청년경력보유여성ai활용교육과정|인재양성단|20260424~20260522,2026년쉬었음청년경력보유여성ai활용교육과정,인재양성단,20260424~20260522,www.k-startup.go.kr/web/contents/bizpbanc-ongoing.do?schm=view&pbancsn=177363,https://www.k-startup.go.kr/web/contents/bizpbanc-ongoing.do?schM=view&pbancSn=177363
kst,177362,크라우드 펀딩으로 시작해 해외 수출까지  창업자를 위한 크라우드 펀딩 실전 성장 전략,"2026 강동K-ISS멘토링센터 세미나
크라우드 펀딩으로 시작해 해외 수출까지  '창업자를 위한 크라우드 펀딩 실전 성장 전략'

강사 : 신웅철 대표 / 연성욱 팀장
 (주)맥파이테크
  - 세계 최초 양방향 레이저 거리측정기 출시, 국내외 판매
  - 2017년 해외 크라우드 펀딩 (킥스타터, 인디고고, 마쿠아케)
    : 120만불 실적
  - 국내 와디즈 펀딩 : 약 4억 8천만원 실적(누적)
  - 해외 크라우드펀딩 실적(2016년 이후) : 약 231만$

주최 (주)이노시아 강동K-ISS멘토링센터

창업자들의 해외 국내 크라우드 펀딩에 유익한 세미나를 준비하였습니다 많은 신청을 부탁드립니다",교육/멘토링,운영팀,전국,"일반기업,1인 창조기업",멘토링ㆍ컨설팅ㆍ교육,"만 20세 이상 ~ 만 39세 이하,만 40세 이상",,"예비창업자,1년미만,2년미만,3년미만,5년미만,7년미만,10년미만",,,"온라인 접수: None
이메일 접수: DyS/iIDuL/ZehLknjR+cbhG9u7s4HGE7wpd1vaGkGCQ=
팩스 접수: None
우편 접수: None
방문 접수: None
기타 접수: None",20260424 ~ 20260520,main,primary,False,크라우드펀딩으로시작해해외수출까지창업자를위한크라우드펀딩실전성장전략|운영팀|20260424~20260520,크라우드펀딩으로시작해해외수출까지창업자를위한크라우드펀딩실전성장전략,운영팀,20260424~20260520,www.k-startup.go.kr/web/contents/bizpbanc-ongoing.do?schm=view&pbancsn=177362,https://www.k-startup.go.kr/web/contents/bizpbanc-ongoing.do?schM=view&pbancSn=177362
kst,177360,"[인포뱅크X티비즈] 2026년 서울홍릉강소특구 GRaND-K 창업학교 예비/초기창업 기업 모집(~5/8, 17:00)","2026 서울홍릉강소특구「GRaND-K 창업학교」프로그램에 함께 할 예비·초기 스타트업을 모집합니다.

지난 30여년간 다양한 신규 사업 및 성공적인 기업공개(IPO) 경험을 토대로 예비·초기 스타트업 육성과 투자를 활발하게 해 온 '인포뱅크'와 기술사업화 전문기업 '티비즈' 및 분야별 전문가들이
예비·초기 스타트업을 위한 맞춤형 프로그램을 제공하오니 많은 관심과 참여 바랍니다.",창업,iAccel 투자사업팀,서울,"청소년,대학생,일반인,대학,연구기관,일반기업,1인 창조기업",사업화,"만 20세 미만,만 20세 이상 ~ 만 39세 이하,만 40세 이상",,"예비창업자,1년미만,2년미만,3년미만",,,"온라인 접수: https://forms.gle/WEr8NCdfZUjf5iZx9
이메일 접수: None
팩스 접수: None
우편 접수: None
방문 접수: None
기타 접수: None",20260427 ~ 20260508,main,primary,False,인포뱅크x티비즈2026년서울홍릉강소특구grandk창업학교예비초기창업기업모집|iaccel투자사업팀|20260427~20260508,인포뱅크x티비즈2026년서울홍릉강소특구grandk창업학교예비초기창업기업모집,iaccel투자사업팀,20260427~20260508,www.k-startup.go.kr/web/contents/bizpbanc-ongoing.do?schm=view&pbancsn=177360,https://www.k-startup.go.kr/web/contents/bizpbanc-ongoing.do?schM=view&pbancSn=177360
kst,177359,파이썬 기반 데이터 분석 실무 프로젝트 과정 교육생 모집공고,"파이썬 기반 데이터 분석 실무 프로젝트 과정 모집을 다음과 같이 공고하오니, 부울경 지역 내 대상자분들의 많은 관심과 참여 바랍니다.",교육/멘토링,인재양성단,부산,"청소년,대학생,일반인,대학",멘토링ㆍ컨설팅ㆍ교육,"만 20세 미만,만 20세 이상 ~ 만 39세 이하",,"예비창업자,1년미만,2년미만,3년미만",,,"온라인 접수: https://www.baeulang.kr/bbs/board.php?bo_table=AI&wr_id=573&sca=%EB%B6%80%EC%82%B0
이메일 접수: None
팩스 접수: None
우편 접수: None
방문 접수: None
기타 접수: None",20260424 ~ 20260721,main,primary,False,파이썬기반데이터분석실무프로젝트과정교육생모집공고|인재양성단|20260424~20260721,파이썬기반데이터분석실무프로젝트과정교육생모집공고,인재양성단,20260424~20260721,www.k-startup.go.kr/web/contents/bizpbanc-ongoing.do?schm=view&pbancsn=177359,https://www.k-startup.go.kr/web/contents/bizpbanc-ongoing.do?schM=view&pbancSn=177359
kst,177358,『2026년 전남 나주 강소연구개발특구』이노테크 창업기업육성 사업 예비·초기 창업자 모집 공고,유망한 창업아이템을 보유한 창업자의 성공적인 창업을 지원하는 『2026년 이노테크 창업기업육성 사업(전남 나주 강소특구)』에 참여하실 예비창업자 및 초기창업자 모집 계획을 아래와 같이 공고하오니 많은 관심과 참여 바랍니다.,창업,창업보육실,전국,"청소년,대학생,일반인,대학,연구기관,일반기업,1인 창조기업",사업화,"만 20세 미만,만 20세 이상 ~ 만 39세 이하,만 40세 이상",,"예비창업자,7년미만",,,"온라인 접수: None
이메일 접수: bmRpzBwwW8GynU2NUqnwtQ==
팩스 접수: None
우편 접수: None
방문 접수: None
기타 접수: None",20260424 ~ 20260508,main,primary,False,2026년전남나주강소연구개발특구이노테크창업기업육성사업예비초기창업자모집공고|창업보육실|20260424~20260508,2026년전남나주강소연구개발특구이노테크창업기업육성사업예비초기창업자모집공고,창업보육실,20260424~20260508,www.k-startup.go.kr/web/contents/bizpbanc-ongoing.do?schm=view&pbancsn=177358,https://www.k-startup.go.kr/web/contents/bizpbanc-ongoing.do?schM=view&pbancSn=177358
kst,177357,창업보육센터및 기업 지원,"남서울대학교 창업보육센터 입주기업을 다음과 같이 모집하오니, 입주를 희망하는 기업은 안내에 따라 신청하여 주시기 바랍니다.",시설/공간,창업보육센터,충남,"대학생,일반인,일반기업,1인 창조기업",시설ㆍ공간ㆍ보육,"만 20세 미만,만 20세 이상 ~ 만 39세 이하,만 40세 이상",,"예비창업자,1년미만,2년미만,3년미만,5년미만,7년미만",,,"온라인 접수: None
이메일 접수: ILBDM2ToSTyzJwppXxdjF7LIAsJNXeqsd3/znfL5GAk=
팩스 접수: None
우편 접수: None
방문 접수: 충청남도 천안시 성환읍 대학로 91, 지식정보관 408호 창업보육센터
기타 접수: 입주신청서류 제출 전, 사전 상담을 위해 전화 주시기 바랍니다.",20260427 ~ 20261231,main,primary,False,창업보육센터및기업지원|창업보육센터|20260427~20261231,창업보육센터및기업지원,창업보육센터,20260427~20261231,www.k-startup.go.kr/web/contents/bizpbanc-ongoing.do?schm=view&pbancsn=177357,https://www.k-startup.go.kr/web/contents/bizpbanc-ongoing.do?schM=view&pbancSn=177357
kst,177356,2026 스마트공장 운영 시스템  MVP 개발 해커톤,AI를 활용한 스마트공장 운영 시스템 (플랫폼) MVP 개발을 주제로 다음과 같이 해커톤을 개최하오니 많은 관심과 참여 바랍니다.,행사/네트워크,연구기획실 메이커스페이스 전문랩,경기,"대학생,일반인,일반기업,1인 창조기업",행사ㆍ네트워크,"만 20세 미만,만 20세 이상 ~ 만 39세 이하,만 40세 이상",,"예비창업자,1년미만,2년미만,3년미만,5년미만,7년미만",,,"온라인 접수: https://www.aictms.or.kr/core/?cid=65&role=programevview&pSeq=4315&tab=
이메일 접수: None
팩스 접수: None
우편 접수: None
방문 접수: None
기타 접수: None",20260423 ~ 20260513,main,primary,False,2026스마트공장운영시스템mvp개발해커톤|연구기획실메이커스페이스전문랩|20260423~20260513,2026스마트공장운영시스템mvp개발해커톤,연구기획실메이커스페이스전문랩,20260423~20260513,www.k-startup.go.kr/web/contents/bizpbanc-ongoing.do?schm=view&pbancsn=177356,https://www.k-startup.go.kr/web/contents/bizpbanc-ongoing.do?schM=view&pbancSn=177356
kst,177354,2026년 농촌융복합 팜스터치 액셀러레이팅 프로그램 3기 참여 경영체 모집,한국농어촌공사(농촌자원개발원)이 지원하는 「2026 농촌융복합산업 액셀러레이터 육성지원 사업」에 참여할 농촌산업을 선도하고자 하는 업력 7년 미만의 (예비)농촌융복합산업 인증사업자분들의 많은 관심과 지원 바랍니다.,창업,딥테크창업기획부,전국,"대학생,일반인,대학,연구기관,일반기업,1인 창조기업",사업화,"만 20세 이상 ~ 만 39세 이하,만 40세 이상",,7년미만,,,"온라인 접수: None
이메일 접수: SeDES7k8DI6WpLCLd3DWDV/QlSIkC9fEr1gOtsbLZU4=
팩스 접수: None
우편 접수: None
방문 접수: None
기타 접수: None",20260420 ~ 20260510,main,primary,False,2026년농촌융복합팜스터치액셀러레이팅프로그램3기참여경영체모집|딥테크창업기획부|20260420~20260510,2026년농촌융복합팜스터치액셀러레이팅프로그램3기참여경영체모집,딥테크창업기획부,20260420~20260510,www.k-startup.go.kr/web/contents/bizpbanc-ongoing.do?schm=view&pbancsn=177354,https://www.k-startup.go.kr/web/contents/bizpbanc-ongoing.do?schM=view&pbancSn=177354
kst,177353,메이커 스페이스,"양산을 원하는 창업자를 대상으로 '2026년 시제품 제작 프로그램(양산연계 지원 과정)'을 운영하오니, 많은 관심과 참여 부탁드립니다.",시설/공간,창업성장지원팀,광주,"대학생,일반인,일반기업,1인 창조기업",시설ㆍ공간ㆍ보육,"만 20세 이상 ~ 만 39세 이하,만 40세 이상",,"1년미만,2년미만,3년미만,5년미만,7년미만",,,"온라인 접수: None
이메일 접수: yZh+t/nAr9N7b+k1cGMzVDwzf6ehA3wNjku556rrtpU=
팩스 접수: None
우편 접수: None
방문 접수: None
기타 접수: None",20260422 ~ 20260508,main,primary,False,메이커스페이스|창업성장지원팀|20260422~20260508,메이커스페이스,창업성장지원팀,20260422~20260508,www.k-startup.go.kr/web/contents/bizpbanc-ongoing.do?schm=view&pbancsn=177353,https://www.k-startup.go.kr/web/contents/bizpbanc-ongoing.do?schM=view&pbancSn=177353
kst,177352,「소상공인 희망이음 프로젝트 」소상공인 우수제품 공모,"케이뱅크와 중소상공인희망재단은 소상공인의 우수제품을 발굴‧구매하여 취약계층 지원에 연계하는 「소상공인 희망이음 프로젝트」를 추진합니다. 이에 복지 현장에서 활용 가능한 소상공인 우수제품을 다음과 같이 공모하오니, 상생 가치를 실천하고자 하는 소상공인 여러분의 많은 참여 바랍니다.",판로/수출,코업성장사업부,전국,"일반기업,1인 창조기업",판로ㆍ해외진출,"만 20세 미만,만 20세 이상 ~ 만 39세 이하,만 40세 이상",,"1년미만,2년미만,3년미만,5년미만,7년미만,10년미만",,,"온라인 접수: www.heemangfdn.or.kr/layout/res/home.php?go=pds.list&pds_type=1&start=0&num=1388&s_key1=&s_head=&s_que=
이메일 접수: None
팩스 접수: None
우편 접수: None
방문 접수: None
기타 접수: None",20260423 ~ 20260515,main,primary,False,소상공인희망이음프로젝트소상공인우수제품공모|코업성장사업부|20260423~20260515,소상공인희망이음프로젝트소상공인우수제품공모,코업성장사업부,20260423~20260515,www.k-startup.go.kr/web/contents/bizpbanc-ongoing.do?schm=view&pbancsn=177352,https://www.k-startup.go.kr/web/contents/bizpbanc-ongoing.do?schM=view&pbancSn=177352
kst,177351,2026 시흥시 청년 초기 창업가 육성 프로그램 참여자 모집,"마켓랜딩 캠프, 실무 컨설팅, 비즈니스 트립까지 초기 청년 창업가(1~3년차)를 모집합니다.",창업,사업운영팀,전국,"청소년,대학생,일반인,대학,연구기관,일반기업,1인 창조기업",창업교육,"만 20세 미만,만 20세 이상 ~ 만 39세 이하",,"1년미만,2년미만,3년미만",,,"온라인 접수: https://forms.gle/GM5ChomdKbnaT1C3A
이메일 접수: None
팩스 접수: None
우편 접수: None
방문 접수: None
기타 접수: None",20260423 ~ 20260510,main,primary,False,2026시흥시청년초기창업가육성프로그램참여자모집|사업운영팀|20260423~20260510,2026시흥시청년초기창업가육성프로그램참여자모집,사업운영팀,20260423~20260510,www.k-startup.go.kr/web/contents/bizpbanc-ongoing.do?schm=view&pbancsn=177351,https://www.k-startup.go.kr/web/contents/bizpbanc-ongoing.do?schM=view&pbancSn=177351
kst,177350,2026년 중동상황 대응 물류지원금 지원사업 모집,중동 상황으로 인한 물류비 상승 등으로 어려움을 겪고 있는 서울 소재 중소기업의 수출 부담 완화 및 수출 경쟁력 유지를 위하여 「2026년 중동사태 대응 물류지원금 지원사업」을 다음과같이 공고하오니 참여를 희망하는 기업은 관련 규정 및 절차에 따라 신청하여 주시기 바랍니다.,판로/수출,글로벌마케팅팀,서울,일반기업,판로ㆍ해외진출,"만 20세 미만,만 20세 이상 ~ 만 39세 이하,만 40세 이상",,"예비창업자,1년미만,2년미만,3년미만,5년미만,7년미만,10년미만",,,"온라인 접수: https://www.sba.seoul.kr/Pages/BusinessApply/PostingDetail.aspx?p=0&mid=c20cd838-463d-f111-b404-d4f5ef4a1e33
이메일 접수: None
팩스 접수: None
우편 접수: None
방문 접수: None
기타 접수: None",20260421 ~ 20261231,main,primary,False,2026년중동상황대응물류지원금지원사업모집|글로벌마케팅팀|20260421~20261231,2026년중동상황대응물류지원금지원사업모집,글로벌마케팅팀,20260421~20261231,www.k-startup.go.kr/web/contents/bizpbanc-ongoing.do?schm=view&pbancsn=177350,https://www.k-startup.go.kr/web/contents/bizpbanc-ongoing.do?schM=view&pbancSn=177350
kst,177347,2026 지식재산 스타트업 경진대회 공고,올해의 K-스타트업 2026(부처통합 창업경진대회)의 지식재산처 예선대회(지식재산리그)인 2026 지식재산 경진대회의 참가자 (팀) 모집을 다음과 같이 공고합니다.,창업,지식재산사업화실,전국,"청소년,대학생,일반인,대학,연구기관,일반기업,1인 창조기업",사업화,"만 20세 미만,만 20세 이상 ~ 만 39세 이하,만 40세 이상",,3년미만,,,"온라인 접수: htttp://www.kipa.org/kipa/ip003/kw_culture_2001.jsp
이메일 접수: None
팩스 접수: None
우편 접수: None
방문 접수: None
기타 접수: None",20260423 ~ 20260605,main,primary,False,2026지식재산스타트업경진대회공고|지식재산사업화실|20260423~20260605,2026지식재산스타트업경진대회공고,지식재산사업화실,20260423~20260605,www.k-startup.go.kr/web/contents/bizpbanc-ongoing.do?schm=view&pbancsn=177347,https://www.k-startup.go.kr/web/contents/bizpbanc-ongoing.do?schM=view&pbancSn=177347
kst,177346,2026년 경기스타트업브릿지 신규 입주기업 모집,2026년 경기스타트업브릿지 신규 입주기업 모집 공고를 다음과 같이 공고하오니 참여를 희망하시는 기업은 안내에 따라 신청하시기 바랍니다.,시설/공간,서부창업허브팀,전국,"청소년,대학생,일반인,대학,연구기관,일반기업,1인 창조기업",시설ㆍ공간ㆍ보육,"만 20세 미만,만 20세 이상 ~ 만 39세 이하,만 40세 이상",,"예비창업자,1년미만,2년미만,3년미만,5년미만,7년미만",,,"온라인 접수: https://gsp.or.kr/supportProject/UVSD0001.do?sportSeq=6201
이메일 접수: None
팩스 접수: None
우편 접수: None
방문 접수: None
기타 접수: None",20260420 ~ 20260504,main,primary,False,2026년경기스타트업브릿지신규입주기업모집|서부창업허브팀|20260420~20260504,2026년경기스타트업브릿지신규입주기업모집,서부창업허브팀,20260420~20260504,www.k-startup.go.kr/web/contents/bizpbanc-ongoing.do?schm=view&pbancsn=177346,https://www.k-startup.go.kr/web/contents/bizpbanc-ongoing.do?schM=view&pbancSn=177346
kst,177345,2026 생물자원 활용 창업벤처 지원을 위한 기업 간담회 (추가 모집),국립생물자원관과 탭엔젤파트너스가 국립생물자원관 및 산하기관과 기업 간 기술사업화 논의 활성화를 목적으로 2026 생물자원 활용 산업계 활성화를 위한 기업 간담회 참여기업 모집합니다.,창업,운영사무국,전국,"일반기업,1인 창조기업",사업화,"만 20세 미만,만 20세 이상 ~ 만 39세 이하,만 40세 이상",,7년미만,,,"온라인 접수: https://tally.so/r/BzDqW1
이메일 접수: None
팩스 접수: None
우편 접수: None
방문 접수: None
기타 접수: None",20260422 ~ 20260429,main,primary,False,2026생물자원활용창업벤처지원을위한기업간담회|운영사무국|20260422~20260429,2026생물자원활용창업벤처지원을위한기업간담회,운영사무국,20260422~20260429,www.k-startup.go.kr/web/contents/bizpbanc-ongoing.do?schm=view&pbancsn=177345,https://www.k-startup.go.kr/web/contents/bizpbanc-ongoing.do?schM=view&pbancSn=177345
kst,177344,[창업팀 모집] 2026년 길음청년희망스토어 청년창업 지원사업_청년창업팀 모집 11호점,"자신만의 아이디어로 창업을 준비하는 청년창업팀이 성북에서 자립기반을 다지며 성공적인 첫걸음을 내딛을 수 있도록 
「길음청년희망스토어」청년 점포창업(11호점) 지원사업 모집 공고를 다음과 같이 게재합니다. 

새로운 미래를 스스로 만들어갈 청년창업팀의 많은 관심과 참여를 기다립니다.",창업,문화정책팀,전국,"일반인,1인 창조기업",사업화,만 20세 이상 ~ 만 39세 이하,,"예비창업자,7년미만",,,"온라인 접수: None
이메일 접수: YHHiI91FvpNI+AjwezVNeuPaceVVNIklqfBxpnX7SxE=
팩스 접수: None
우편 접수: None
방문 접수: None
기타 접수: None",20260421 ~ 20260506,main,primary,False,창업팀모집2026년길음청년희망스토어청년창업지원사업청년창업팀모집11호점|문화정책팀|20260421~20260506,창업팀모집2026년길음청년희망스토어청년창업지원사업청년창업팀모집11호점,문화정책팀,20260421~20260506,www.k-startup.go.kr/web/contents/bizpbanc-ongoing.do?schm=view&pbancsn=177344,https://www.k-startup.go.kr/web/contents/bizpbanc-ongoing.do?schM=view&pbancSn=177344
kst,177343,2026 로컬인서울 청년(예비) 창업가 모집,자신만의 개성과 가치를 지닌 상품/서비스로 로컬 상권 조성에 앞장설 창조적 청년 창업가를 모집합니다.,창업,로컬인서울 운영사무국,서울,"대학생,일반인,대학,연구기관,일반기업,1인 창조기업",사업화,만 20세 이상 ~ 만 39세 이하,,예비창업자,,,"온라인 접수: None
이메일 접수: 46AnRnV923yM77DzU6AalE8gFtxt0j6liZ/ek53VDmI=
팩스 접수: None
우편 접수: None
방문 접수: None
기타 접수: None",20260422 ~ 20260514,main,primary,False,2026로컬인서울청년창업가모집|로컬인서울운영사무국|20260422~20260514,2026로컬인서울청년창업가모집,로컬인서울운영사무국,20260422~20260514,www.k-startup.go.kr/web/contents/bizpbanc-ongoing.do?schm=view&pbancsn=177343,https://www.k-startup.go.kr/web/contents/bizpbanc-ongoing.do?schM=view&pbancSn=177343
kst,177342,광명시 강소형 스마트도시조성 사업 오픈랩 참여기업 모집,광명 G-SMART 허브에서 AI 및 스마트시티 기술을 활용한 도시 문제 해결과 혁신 산업 생태계 조성을 위해 광명시 강소형 스마트도시 조성사업 오픈랩 프로그램 참여기업을 모집합니다.,창업,밸류커넥트그룹,전국,"대학생,일반인,일반기업,1인 창조기업",사업화,"만 20세 미만,만 20세 이상 ~ 만 39세 이하,만 40세 이상",,"예비창업자,1년미만,2년미만,3년미만,5년미만,7년미만,10년미만",,,"온라인 접수: None
이메일 접수: U012QoLR3xarWYw+b3I/FJrK/JVQpU4lA2oSQUw0suI=
팩스 접수: None
우편 접수: None
방문 접수: None
기타 접수: None",20260422 ~ 20260517,main,primary,False,광명시강소형스마트도시조성사업오픈랩참여기업모집|밸류커넥트그룹|20260422~20260517,광명시강소형스마트도시조성사업오픈랩참여기업모집,밸류커넥트그룹,20260422~20260517,www.k-startup.go.kr/web/contents/bizpbanc-ongoing.do?schm=view&pbancsn=177342,https://www.k-startup.go.kr/web/contents/bizpbanc-ongoing.do?schM=view&pbancSn=177342
kst,177341,『2026  울산창조경제혁신센터-HD현대중공업 스마트 조선해양 기술공모전』 참가자(팀) 모집 공고,울산창조경제혁신센터에서  HD 현대중공업 ( 협력기관  :  해양수산과학기술진흥원 ) 과 함께 예비창업자와 벤처 ‧ 중소기업을 발굴하여 육성하기 위해  『 2026  스마트 조선해양 기술공모전 』 에 참여할 참가자 ( 팀 ) 를 다음과 같이 모집 ·공고합니다.,창업,창업본부 - 전담기업,전국,"대학생,일반인,대학,연구기관,일반기업,1인 창조기업",사업화,"만 20세 이상 ~ 만 39세 이하,만 40세 이상",,"예비창업자,1년미만,2년미만,3년미만,5년미만,7년미만,10년미만",,,"온라인 접수: https://buly.kr/7mDaabd
이메일 접수: None
팩스 접수: None
우편 접수: None
방문 접수: None
기타 접수: None",20260422 ~ 20260522,main,primary,False,2026울산창조경제혁신센터hd현대중공업스마트조선해양기술공모전참가자모집공고|창업본부전담기업|20260422~20260522,2026울산창조경제혁신센터hd현대중공업스마트조선해양기술공모전참가자모집공고,창업본부전담기업,20260422~20260522,www.k-startup.go.kr/web/contents/bizpbanc-ongoing.do?schm=view&pbancsn=177341,https://www.k-startup.go.kr/web/contents/bizpbanc-ongoing.do?schM=view&pbancSn=177341
kst,177340,2026년 「창창 두드림 창업 아카데미」 (예비)창업자 모집공고,"혁신적인 창업 아이디어를 보유한 (예비)기술창업자를 대상으로 체계적인 창업지원을 통한 우수 창업자 육성을 위하여 「2026년 창창 두드림 창업 아카데미」사업을 다음과 같이 공고하오니, 예비창업자 또는 창업기업의 많은 참여 바랍니다.",교육/멘토링,창업인재양성팀,경남,"청소년,대학생,일반인,일반기업,1인 창조기업",멘토링ㆍ컨설팅ㆍ교육,"만 20세 미만,만 20세 이상 ~ 만 39세 이하,만 40세 이상",,"예비창업자,1년미만,2년미만,3년미만,5년미만,7년미만,10년미만",,,"온라인 접수: https://www.cwip.or.kr/application/application_view.php?ab_id=309
이메일 접수: None
팩스 접수: None
우편 접수: None
방문 접수: None
기타 접수: None",20260421 ~ 20260508,main,primary,False,2026년창창두드림창업아카데미창업자모집공고|창업인재양성팀|20260421~20260508,2026년창창두드림창업아카데미창업자모집공고,창업인재양성팀,20260421~20260508,www.k-startup.go.kr/web/contents/bizpbanc-ongoing.do?schm=view&pbancsn=177340,https://www.k-startup.go.kr/web/contents/bizpbanc-ongoing.do?schM=view&pbancSn=177340
kst,177339,부산 창업가꿈,"부산시 북구는 청년 창업을 활성화하고 청년의 성장과 지역 내 안정적 정착을 지원하기 위해, 창업공간과 주거공간을 제공하는 ‘부산 북구 도심형 청년창업주거복합공간(창업가꿈)’에 입주할 청년 창업가를 모집하오니 많은 참여 바랍니다.",시설/공간,투자보육팀,부산,"대학생,일반인,일반기업,1인 창조기업",시설ㆍ공간ㆍ보육,만 20세 이상 ~ 만 39세 이하,,"예비창업자,3년미만",,,"온라인 접수: forms.gle/2fEWfYaUZziWXRyf9
이메일 접수: None
팩스 접수: None
우편 접수: None
방문 접수: None
기타 접수: None",20260422 ~ 20260508,main,primary,False,부산창업가꿈|투자보육팀|20260422~20260508,부산창업가꿈,투자보육팀,20260422~20260508,www.k-startup.go.kr/web/contents/bizpbanc-ongoing.do?schm=view&pbancsn=177339,https://www.k-startup.go.kr/web/contents/bizpbanc-ongoing.do?schM=view&pbancSn=177339
kst,177338,초격차 스타트업 프로젝트,"초격차 스타트업의 기술력과 수요기업의 실증, 사업화 역량을 결합한 개방형 혁신 활동을 지원하는「2026년 이노웨이브(Inno-wave)」수요기업을 다음과 같이 모집합니다.",창업,딥테크전략실,전국,"대학,연구기관,일반기업",사업화,"만 20세 미만,만 20세 이상 ~ 만 39세 이하,만 40세 이상",,"예비창업자,1년미만,2년미만,3년미만,5년미만,7년미만,10년미만",,,"온라인 접수: https://www.k-startup.go.kr/web/contents/webPMSBizUnvs.do?returnUrl=/screen/BMO1201M01?cermnPbancId=10902&pbancType=event
이메일 접수: None
팩스 접수: None
우편 접수: None
방문 접수: None
기타 접수: None",20260424 ~ 20260513,main,primary,False,초격차스타트업프로젝트|딥테크전략실|20260424~20260513,초격차스타트업프로젝트,딥테크전략실,20260424~20260513,www.k-startup.go.kr/web/contents/bizpbanc-ongoing.do?schm=view&pbancsn=177338,https://www.k-startup.go.kr/web/contents/bizpbanc-ongoing.do?schM=view&pbancSn=177338
kst,177337,SK에코플랜트 리버스피칭 & 오픈이노베이션 밋업 참여기업 모집,"센터에서는 첨단 기술 기반 창업 생태계 활성화와 대·중견기업–스타트업 간 실질적인 협력 기회 확대를 위해 「SK에코플랜트 세종 오픈이노베이션 리버스피칭 & 밋업」을 개최합니다.
이번 행사는 SK에코플랜트의 실제 기술 수요를 바탕으로 유망 창업기업과의 1:1 매칭을 통해 PoC(기술검증), 사업화 및 후속 투자까지 연계될 수 있는 자리로, 참여기업에게는 대기업과의 협업 기회를 직접 확보할 수 있는 좋은 기회가 될 것입니다.
이에, 관련 기술을 보유한 창업기업 여러분의 많은 관심과 적극적인 참여를 바랍니다.",교육/멘토링,투자OI팀,세종,"청소년,대학생,일반인,대학,연구기관,일반기업,1인 창조기업",멘토링ㆍ컨설팅ㆍ교육,"만 20세 미만,만 20세 이상 ~ 만 39세 이하,만 40세 이상",,"예비창업자,1년미만,2년미만,3년미만,5년미만,7년미만",,,"온라인 접수: https://docs.google.com/forms/d/e/1FAIpQLSdEAD6wMoo-5v3ytTE-rsKHCp8z1J_Mwe4h98YnKQC7uLoIjg/viewform
이메일 접수: None
팩스 접수: None
우편 접수: None
방문 접수: None
기타 접수: None",20260420 ~ 20260508,main,primary,False,sk에코플랜트리버스피칭오픈이노베이션밋업참여기업모집|투자oi팀|20260420~20260508,sk에코플랜트리버스피칭오픈이노베이션밋업참여기업모집,투자oi팀,20260420~20260508,www.k-startup.go.kr/web/contents/bizpbanc-ongoing.do?schm=view&pbancsn=177337,https://www.k-startup.go.kr/web/contents/bizpbanc-ongoing.do?schM=view&pbancSn=177337
kst,177336,서울창업허브 공덕 (우수기업 발굴·육성),서울창업허브 제품화지원센터는 H/W분야 기업 제품의 경쟁력 강화 및 시장진출을 위한「2026년 제품화지원센터 제품화 지원」사업을 다음과 같이 공고하오니 제품화지원센터를 통해 제품화 지원을 희망하는 기업의 많은 참여를 바랍니다.,시설/공간,창업허브1팀,서울,"일반기업,1인 창조기업",시설ㆍ공간ㆍ보육,"만 20세 미만,만 20세 이상 ~ 만 39세 이하,만 40세 이상",,7년미만,,,"온라인 접수: https://www.startup-plus.kr/project/PRJ006908
이메일 접수: None
팩스 접수: None
우편 접수: None
방문 접수: None
기타 접수: None",20260427 ~ 20260514,main,primary,False,서울창업허브공덕|창업허브1팀|20260427~20260514,서울창업허브공덕,창업허브1팀,20260427~20260514,www.k-startup.go.kr/web/contents/bizpbanc-ongoing.do?schm=view&pbancsn=177336,https://www.k-startup.go.kr/web/contents/bizpbanc-ongoing.do?schM=view&pbancSn=177336
kst,177334,2026 경기도 Pre-Poc 시장 실증 및 사업화 연계 전략,2026 경기도 Pre-Poc 시장 실증 및 사업화 연계 전략 교육 및 피봇팅 진단을 아래와 같이 진행하오니 많은 관심과 참여 바랍니다.,교육/멘토링,연구기획실 메이커스페이스 전문랩,경기,"대학생,일반인,연구기관,일반기업,1인 창조기업",멘토링ㆍ컨설팅ㆍ교육,"만 20세 미만,만 20세 이상 ~ 만 39세 이하,만 40세 이상",,"예비창업자,1년미만,2년미만,3년미만,5년미만,7년미만",,,"온라인 접수: https://www.aictms.or.kr/core/?cid=65&role=programevview&pSeq=4325&tab=
이메일 접수: None
팩스 접수: None
우편 접수: None
방문 접수: None
기타 접수: None",20260422 ~ 20260507,main,primary,False,2026경기도prepoc시장실증및사업화연계전략|연구기획실메이커스페이스전문랩|20260422~20260507,2026경기도prepoc시장실증및사업화연계전략,연구기획실메이커스페이스전문랩,20260422~20260507,www.k-startup.go.kr/web/contents/bizpbanc-ongoing.do?schm=view&pbancsn=177334,https://www.k-startup.go.kr/web/contents/bizpbanc-ongoing.do?schM=view&pbancSn=177334
kst,177333,"[제주창조경제혁신센터]「2026 우주항공 오픈 그라운드 프로그램」with  DRB동일, 인텔리안테크","제주창조경제혁신센터는 우주항공 분야 유망 스타트업을 발굴하고, 실질적인 사업화 성과로 이어지는 지속 가능한 오픈이노베이션 생태계를 조성하기 위해 「2026  우주항공 오픈 그라운드 프로그램」을 추진합니다. 딥테크 분야 스타트업들의 많은 관심과 참여 부탁드립니다.",창업,혁신스케일업팀,전국,"일반기업,1인 창조기업",사업화,"만 20세 미만,만 20세 이상 ~ 만 39세 이하,만 40세 이상",,"1년미만,2년미만,3년미만,5년미만,7년미만,10년미만",,,"온라인 접수: https://pond-warlock-dbe.notion.site/2026-3484c305097480b9acf9fd19940ba452
이메일 접수: None
팩스 접수: None
우편 접수: None
방문 접수: None
기타 접수: None",20260422 ~ 20260513,main,primary,False,제주창조경제혁신센터2026우주항공오픈그라운드프로그램withdrb동일인텔리안테크|혁신스케일업팀|20260422~20260513,제주창조경제혁신센터2026우주항공오픈그라운드프로그램withdrb동일인텔리안테크,혁신스케일업팀,20260422~20260513,www.k-startup.go.kr/web/contents/bizpbanc-ongoing.do?schm=view&pbancsn=177333,https://www.k-startup.go.kr/web/contents/bizpbanc-ongoing.do?schM=view&pbancSn=177333
kst,177332,2026년 화승그룹 오픈이노베이션 참여기업 모집 (~6/3),화승그룹에서 오픈이노베이션 행사를 통해 함께 미래를 만들어 갈 기업을 모집합니다.,창업,1그룹 컨설팅 2팀,전국,일반기업,사업화,"만 20세 미만,만 20세 이상 ~ 만 39세 이하,만 40세 이상",,"예비창업자,1년미만,2년미만,3년미만,5년미만,7년미만,10년미만",,,"온라인 접수: https://event-us.kr/daraedvbiz/event/124622?utm_source=eventus&utm_medium=organic&utm_campaign=search-result&utm_term=2026%EB%85%84+%ED%99%94%EC%8A%B9%EA%B7%B8%EB%A3%B9+%EC%98%A4%ED%94%88+%EC%9D%B4%EB%85%B8%EB%B2%A0%EC%9D%B4%EC%85%98+%EC%B0%B8%EC%97%AC+%EA%B8%B0%EC%97%85+%EB%AA%A8%EC%A7%91
이메일 접수: None
팩스 접수: None
우편 접수: None
방문 접수: None
기타 접수: None",20260420 ~ 20260603,main,primary,False,2026년화승그룹오픈이노베이션참여기업모집|1그룹컨설팅2팀|20260420~20260603,2026년화승그룹오픈이노베이션참여기업모집,1그룹컨설팅2팀,20260420~20260603,www.k-startup.go.kr/web/contents/bizpbanc-ongoing.do?schm=view&pbancsn=177332,https://www.k-startup.go.kr/web/contents/bizpbanc-ongoing.do?schM=view&pbancSn=177332
kst,177331,관광 오픈이노베이션 프로그램,2026 관광 오픈이노베이션 매칭데이(2차)를 아래와 같이 추진 예정이니 많은 관심 부탁드립니다.,창업,관광기업창업팀,전국,"청소년,대학생,일반인,대학,연구기관,일반기업,1인 창조기업",사업화,"만 20세 미만,만 20세 이상 ~ 만 39세 이하,만 40세 이상",,"1년미만,2년미만,3년미만,5년미만,7년미만",,,"온라인 접수: https://tally.so/r/vGxVDd
이메일 접수: None
팩스 접수: None
우편 접수: None
방문 접수: None
기타 접수: None",20260421 ~ 20260426,main,primary,False,관광오픈이노베이션프로그램|관광기업창업팀|20260421~20260426,관광오픈이노베이션프로그램,관광기업창업팀,20260421~20260426,www.k-startup.go.kr/web/contents/bizpbanc-deadline.do?schm=view&pbancsn=177331,https://www.k-startup.go.kr/web/contents/bizpbanc-deadline.do?schM=view&pbancSn=177331
kst,177330,2026 혁신성장 청년 예비 소상공인 지원 사업 설명회,"강북청년창업마루 - 강북창업지원센터에서 2026 혁신성장 청년 예비 소상공인 지원사업 참여자를 모집합니다.
이에 사업 설명회를 진행하니 관심 있으신 분들의 많은 관심과 참여 바랍니다.",행사/네트워크,강북창업지원센터,서울,"청소년,대학생,일반인",행사ㆍ네트워크,만 20세 이상 ~ 만 39세 이하,,"예비창업자,1년미만,2년미만,3년미만,5년미만",,,"온라인 접수: https://forms.gle/XZ6LysAkCSQxdgUA8
이메일 접수: None
팩스 접수: None
우편 접수: None
방문 접수: None
기타 접수: None",20260421 ~ 20260428,main,primary,False,2026혁신성장청년예비소상공인지원사업설명회|강북창업지원센터|20260421~20260428,2026혁신성장청년예비소상공인지원사업설명회,강북창업지원센터,20260421~20260428,www.k-startup.go.kr/web/contents/bizpbanc-ongoing.do?schm=view&pbancsn=177330,https://www.k-startup.go.kr/web/contents/bizpbanc-ongoing.do?schM=view&pbancSn=177330
kst,177329,일잘러를 위한 “클로드 코드 입문&자동화 실전 교육” 참여자 모집 (『신한 스퀘어브릿지』 스타트업 네트워킹 5월 브릿지 클럽),"요즘 가장 핫한 AI 업무자동화 도구 '클로드 코드(Claude Code)' 설치부터 실습까지! 
AI로 일하는 방식을 바꾸고 싶은 스타트업이라면, 디지털 역량도 한 단계 끌어올리고 네트워킹 기회까지 잡을 수 있는 이 자리, 지금 브릿지 클럽에서 만나보세요!",행사/네트워크,『신한 스퀘어브릿지 인천』 운영사무국,전국,"청소년,대학생,일반인,대학,연구기관,일반기업,1인 창조기업",행사ㆍ네트워크,"만 20세 미만,만 20세 이상 ~ 만 39세 이하,만 40세 이상",,"예비창업자,1년미만,2년미만,3년미만,5년미만,7년미만,10년미만",,,"온라인 접수: https://m.site.naver.com/260rO
이메일 접수: None
팩스 접수: None
우편 접수: None
방문 접수: None
기타 접수: None",20260421 ~ 20260525,main,primary,False,일잘러를위한클로드코드입문자동화실전교육참여자모집|신한스퀘어브릿지인천운영사무국|20260421~20260525,일잘러를위한클로드코드입문자동화실전교육참여자모집,신한스퀘어브릿지인천운영사무국,20260421~20260525,www.k-startup.go.kr/web/contents/bizpbanc-ongoing.do?schm=view&pbancsn=177329,https://www.k-startup.go.kr/web/contents/bizpbanc-ongoing.do?schM=view&pbancSn=177329
kst,177328,2026년 스타트업  원스톱 지원센터 참여기업 모집공고,예비창업자 및 창업기업의 애로해소 지원을 위한 「2026년 스타트업 원스톱 지원센터 」지원 계획을 다음과 같이 공고합니다.,교육/멘토링,창업진흥원 원스톱지원실,전국,"청소년,대학생,일반인,대학,연구기관,일반기업,1인 창조기업",멘토링ㆍ컨설팅ㆍ교육,"만 20세 미만,만 20세 이상 ~ 만 39세 이하,만 40세 이상",,"예비창업자,1년미만,2년미만,3년미만,5년미만,7년미만,10년미만",,,"온라인 접수: https://www.k-startup.go.kr/onestop/main/index.do
이메일 접수: None
팩스 접수: None
우편 접수: None
방문 접수: 17개 창조경제혁신센터
기타 접수: None",20260422 ~ 20261231,main,primary,False,2026년스타트업원스톱지원센터참여기업모집공고|창업진흥원원스톱지원실|20260422~20261231,2026년스타트업원스톱지원센터참여기업모집공고,창업진흥원원스톱지원실,20260422~20261231,www.k-startup.go.kr/web/contents/bizpbanc-ongoing.do?schm=view&pbancsn=177328,https://www.k-startup.go.kr/web/contents/bizpbanc-ongoing.do?schM=view&pbancSn=177328
kst,177327,2026년 기후변화대응 혁신기술 실증 지원사업 공고,"2026년 서울시 기후변화 대응 혁신기술 실증 지원사업을 다음과 같이 공고하오니, 본 사업에 관심 있는 분들의 많은 신청과 참여를 바랍니다.",기술,인프라기술연구실(기술실증센터),서울,"연구기관,일반기업",기술개발(R&amp;D),"만 20세 이상 ~ 만 39세 이하,만 40세 이상",,"3년미만,5년미만,7년미만,10년미만",,,"온라인 접수: None
이메일 접수: h/3q31Ae6tk+SWEVOOTxNOCbvpuI4NmpvoHvFuv+8ug=
팩스 접수: None
우편 접수: None
방문 접수: None
기타 접수: None",20260421 ~ 20260501,main,primary,False,2026년기후변화대응혁신기술실증지원사업공고|인프라기술연구실|20260421~20260501,2026년기후변화대응혁신기술실증지원사업공고,인프라기술연구실,20260421~20260501,www.k-startup.go.kr/web/contents/bizpbanc-ongoing.do?schm=view&pbancsn=177327,https://www.k-startup.go.kr/web/contents/bizpbanc-ongoing.do?schM=view&pbancSn=177327
kst,177326,[와디즈] 로컬 플레이어 공개 모집,"[와디즈 로컬 플레이어 공개 모집]

와디즈는 창업가와 소상공인, 스타트업이 세상에 없던 제품과 서비스를 선보일 수 있도록 돕는 혁신 플랫폼입니다.
펀딩을 통해 열정 있는 메이커들이 진심 어린 팬을 만나고 성장할 수 있도록 지원합니다.

이제 우리는 이러한 기회를 더 많은 지역으로 확장하고자 합니다.

이 여정에 동행할 와디즈 로컬 플레이어는 지역 고유의 경쟁력을 가진 메이커와 브랜드를 발굴하여 전국(5극 3특) 무대에서 활약하는 브랜드로 성장시킵니다.
지역의 가능성을 발견하고, 그들의 도전이 새로운 기회로 이어질 수 있도록 또 다른 혁신을 함께 시작할 전국의 로컬 플레이어를 기다립니다.",인력/일자리,인사팀,전국,"일반인,일반기업,1인 창조기업",인력,"만 20세 이상 ~ 만 39세 이하,만 40세 이상",,"예비창업자,1년미만,2년미만,3년미만,5년미만,7년미만,10년미만",,,"온라인 접수: https://job.wadiz.kr/ko/localplayer
이메일 접수: None
팩스 접수: None
우편 접수: None
방문 접수: None
기타 접수: None",20260415 ~ 20260515,main,primary,False,와디즈로컬플레이어공개모집|인사팀|20260415~20260515,와디즈로컬플레이어공개모집,인사팀,20260415~20260515,www.k-startup.go.kr/web/contents/bizpbanc-ongoing.do?schm=view&pbancsn=177326,https://www.k-startup.go.kr/web/contents/bizpbanc-ongoing.do?schM=view&pbancSn=177326
kst,177325,2026년 인천콘텐츠기업지원센터 제2차 입주기업 모집공고,"(재)인천테크노파크에서는 인천콘텐츠기업지원센터에 입주할 경쟁력 있는 콘텐츠기업을 모집하오니, 많은 관심과 참여 바랍니다.",시설/공간,콘텐츠기업지원센터,인천,일반기업,시설ㆍ공간ㆍ보육,"만 20세 미만,만 20세 이상 ~ 만 39세 이하,만 40세 이상",,7년미만,,,"온라인 접수: https://bizok.incheon.go.kr/open_content/support.do?act=detail&policyno=6927
이메일 접수: None
팩스 접수: None
우편 접수: None
방문 접수: None
기타 접수: None",20260421 ~ 20260527,main,primary,False,2026년인천콘텐츠기업지원센터제2차입주기업모집공고|콘텐츠기업지원센터|20260421~20260527,2026년인천콘텐츠기업지원센터제2차입주기업모집공고,콘텐츠기업지원센터,20260421~20260527,www.k-startup.go.kr/web/contents/bizpbanc-ongoing.do?schm=view&pbancsn=177325,https://www.k-startup.go.kr/web/contents/bizpbanc-ongoing.do?schM=view&pbancSn=177325
kst,177324,2026 서울 기후테크 컨퍼런스 전시 참가기업 모집,2026 서울 기후테크 컨퍼런스 전시 참가기업을 다음과 같이 모집하오니 기업들의 많은 참여 바랍니다.,행사/네트워크,기후환경정책과 기후환경산업팀,서울,"대학생,일반인,대학,연구기관,일반기업",행사ㆍ네트워크,"만 20세 이상 ~ 만 39세 이하,만 40세 이상",,"예비창업자,1년미만,2년미만,3년미만,5년미만,7년미만,10년미만",,,"온라인 접수: https://sctc.seoul.kr/exhibitor-application/
이메일 접수: None
팩스 접수: None
우편 접수: None
방문 접수: None
기타 접수: None",20260417 ~ 20260506,main,primary,False,2026서울기후테크컨퍼런스전시참가기업모집|기후환경정책과기후환경산업팀|20260417~20260506,2026서울기후테크컨퍼런스전시참가기업모집,기후환경정책과기후환경산업팀,20260417~20260506,www.k-startup.go.kr/web/contents/bizpbanc-ongoing.do?schm=view&pbancsn=177324,https://www.k-startup.go.kr/web/contents/bizpbanc-ongoing.do?schM=view&pbancSn=177324
kst,177323,2026 스타트업 월드컵 코리아-경산,"본 대회는 과학기술정보통신부, 경상북도, 경산시, 정보통신기획평가원(IITP), (재)경산이노베이션아카데미가 공동 주최하는 글로벌 스타트업 경진대회로, 전 세계 70여 개국이 참여하는 ‘스타트업 월드컵’의 한국 대표 선발전입니다.

국내 유망 스타트업의 글로벌 진출을 지원하기 위한 프로그램으로, 최종 선발 기업은 2026년 11월 미국 샌프란시스코에서 개최되는 그랜드 파이널에 진출하여 글로벌 VC 및 기업 관계자를 대상으로 IR 피칭을 진행하게 됩니다.

특히 ‘실리콘밸리 진출 기회(골든 티켓)’를 핵심으로, 투자 유치 및 글로벌 확장을 희망하는 스타트업에게 실질적인 기회를 제공하고자 합니다.

현재 전국 단위로 업력 및 분야 제한 없이 참가기업을 모집 중이오니, 참여를 희망하는 기업은 안내에 다라 신청하여 주시기 바랍니다.",판로/수출,보육팀,전국,"일반기업,1인 창조기업",판로ㆍ해외진출,"만 20세 미만,만 20세 이상 ~ 만 39세 이하,만 40세 이상",,"예비창업자,1년미만,2년미만,3년미만,5년미만,7년미만,10년미만",,,"온라인 접수: https://www.startupworldcup.io/gyeongsan-regional
이메일 접수: None
팩스 접수: None
우편 접수: None
방문 접수: None
기타 접수: None",20260421 ~ 20260610,main,primary,False,2026스타트업월드컵코리아경산|보육팀|20260421~20260610,2026스타트업월드컵코리아경산,보육팀,20260421~20260610,www.k-startup.go.kr/web/contents/bizpbanc-ongoing.do?schm=view&pbancsn=177323,https://www.k-startup.go.kr/web/contents/bizpbanc-ongoing.do?schM=view&pbancSn=177323
kst,177322,2026년 5월 동네창업학교 교육생 모집 공고,충남신용보증재단에서 충남지역 청년 예비창업자와 중소기업 및 소상공인의 사업 역량 강화를 위해  2026년 5월 동네창업학교 교육생을 모집합니다.,창업,창업성장지원부,전국,"대학생,일반인,대학,연구기관,일반기업,1인 창조기업",창업교육,"만 20세 미만,만 20세 이상 ~ 만 39세 이하",,"예비창업자,1년미만,2년미만,3년미만,5년미만,7년미만,10년미만",,,"온라인 접수: https://www.cnsinbo.co.kr/reservation/educationView.do?m=1003&seq=382
이메일 접수: None
팩스 접수: None
우편 접수: None
방문 접수: None
기타 접수: None",20260417 ~ 20260511,main,primary,False,2026년5월동네창업학교교육생모집공고|창업성장지원부|20260417~20260511,2026년5월동네창업학교교육생모집공고,창업성장지원부,20260417~20260511,www.k-startup.go.kr/web/contents/bizpbanc-ongoing.do?schm=view&pbancsn=177322,https://www.k-startup.go.kr/web/contents/bizpbanc-ongoing.do?schM=view&pbancSn=177322
kst,177321,2026년 G-Space 혁신 창업기업 액셀러레이팅 지원사업 모집공고,"2026년 G-Space 혁신창업기업 액셀러레이팅 지원사업 창업기업 모집공고
                                                                                                                                                             ( 경남동부권 창업지원거점“G-Space@East”)

유망 창업 아이템 및 기술을 보유한 창업기업의 사업 고도화와 안정적 성장을 지원하는 ｢2026년 G-Space 혁신창업기업 액셀러레이팅 지원사업｣에 참여할 창업기업을 다음과 같이 모집합니다.",창업,투자거점본부,전국,"대학생,일반인,대학,연구기관,일반기업,1인 창조기업",사업화,"만 20세 이상 ~ 만 39세 이하,만 40세 이상",,7년미만,,,"온라인 접수: https://www.gnstartup.kr/business/8339db24-725a-45bc-baf9-d778adc7b0d8/10467/detail
이메일 접수: None
팩스 접수: None
우편 접수: None
방문 접수: None
기타 접수: None",20260422 ~ 20260521,main,primary,False,2026년gspace혁신창업기업액셀러레이팅지원사업모집공고|투자거점본부|20260422~20260521,2026년gspace혁신창업기업액셀러레이팅지원사업모집공고,투자거점본부,20260422~20260521,www.k-startup.go.kr/web/contents/bizpbanc-ongoing.do?schm=view&pbancsn=177321,https://www.k-startup.go.kr/web/contents/bizpbanc-ongoing.do?schM=view&pbancSn=177321
kst,177320,2026년 스타트업 투자유치 지원사업,시흥산업진흥원은 관내 스타트업의 해외 투자 연계 기회를 확대하고 글로벌 투자 유치 가능성 제고을 위한 『2026년 스타트업 투자유치 지원사업』 을 다음과 같이 연장 공고합니다.,판로/수출,시흥창업센터,경기,"일반인,일반기업,1인 창조기업",글로벌,"만 20세 이상 ~ 만 39세 이하,만 40세 이상",,"예비창업자,1년미만,2년미만,3년미만,5년미만,7년미만",,,"온라인 접수: https://www.sida.kr/business/applyView?uid=34923&cm_uid_s=&keyfield_s=&search_word_s=&cpage=1&spage=1
이메일 접수: None
팩스 접수: None
우편 접수: None
방문 접수: None
기타 접수: None",20260415 ~ 20260429,main,primary,False,2026년스타트업투자유치지원사업|시흥창업센터|20260415~20260429,2026년스타트업투자유치지원사업,시흥창업센터,20260415~20260429,www.k-startup.go.kr/web/contents/bizpbanc-ongoing.do?schm=view&pbancsn=177320,https://www.k-startup.go.kr/web/contents/bizpbanc-ongoing.do?schM=view&pbancSn=177320
kst,177319,울산 바이오헬스기업 글로벌 진출 지원사업,"울산지역 바이오‧디지털 헬스케어 기업의 글로벌 시장 진출을 지원하기 위해 BIO USA 2026 참 프로그램을 운영하오니, 관심 있는 창업팀 및 기업의 많은 신청 바랍니다.


※ 자세한 공고 내용 및 신청서 양식은 첨부파일을 참고하시기 바랍니다.",판로/수출,의과학대학원,울산,일반기업,글로벌,"만 20세 이상 ~ 만 39세 이하,만 40세 이상",,7년미만,,,"온라인 접수: None
이메일 접수: 7wl0mGN4MvpJKuQ36Mk8P1W4TtRibLK43av9FHd7+aU=
팩스 접수: None
우편 접수: None
방문 접수: None
기타 접수: None",20260422 ~ 20260518,main,primary,False,울산바이오헬스기업글로벌진출지원사업|의과학대학원|20260422~20260518,울산바이오헬스기업글로벌진출지원사업,의과학대학원,20260422~20260518,www.k-startup.go.kr/web/contents/bizpbanc-ongoing.do?schm=view&pbancsn=177319,https://www.k-startup.go.kr/web/contents/bizpbanc-ongoing.do?schM=view&pbancSn=177319
kst,177318,[동국대학교] 2026 모두의 창업 서울권역 사업 설명회,"안녕하세요. 동국대학교 입니다.
모두의 창업 전국 순회 설명회(서울편)를 동국대학교에서 다음과 같이 개최합니다.

1. 설명회 일시 : 2026.04.27.(월) 14시~16시
2. 설명회 장소 : 서울특별시 중구 필동로 1길 30 동국대학교 본관 남산홀
3. 기타 : 동국대학교 사업설명회 참석자 전원 L홀더 증정 

? 주차 지원이 불가하오니 대중교통 이용을 권장드립니다.
? 본 설명회 참석 시 사업 이해도를 높이고, 신청 준비에 실질적인 도움을 받으실 수 있습니다.",창업,동국대학교 창업진흥센터,서울,"청소년,대학생,일반인,대학,연구기관,일반기업,1인 창조기업",창업교육,"만 20세 미만,만 20세 이상 ~ 만 39세 이하,만 40세 이상",,"예비창업자,1년미만,2년미만,3년미만",,,"온라인 접수: https://forms.gle/y2BTL8e6G8DQsqxUA
이메일 접수: None
팩스 접수: None
우편 접수: None
방문 접수: None
기타 접수: None",20260421 ~ 20260427,main,primary,False,동국대학교2026모두의창업서울권역사업설명회|동국대학교창업진흥센터|20260421~20260427,동국대학교2026모두의창업서울권역사업설명회,동국대학교창업진흥센터,20260421~20260427,www.k-startup.go.kr/web/contents/bizpbanc-deadline.do?schm=view&pbancsn=177318,https://www.k-startup.go.kr/web/contents/bizpbanc-deadline.do?schM=view&pbancSn=177318
kst,177317,「2026 글로벌 PoC 연계 고도화 지원사업」 참여기업 모집,"대전창조경제혁신센터에서는 지역 유망 스타트업의 글로벌 시장 진출을 지원하기 위해
「2026 글로벌 PoC 연계 고도화 지원사업」 참여기업을 모집합니다.

본 사업은 해외 기업·기관과의 협력을 기반으로 실증(PoC)을 수행하여
기술 검증부터 현지화, 투자 연계까지 이어지는 글로벌 사업화 체계 구축을 목표로 합니다.
실증(PoC)을 통해 시장 검증 및 글로벌 레퍼런스 확보를 희망하는 기업의 많은 참여를 바랍니다

※ 자세한 내용 공고문 참고",판로/수출,글로벌상생협력실,대전,일반기업,판로ㆍ해외진출,"만 20세 미만,만 20세 이상 ~ 만 39세 이하,만 40세 이상",,7년미만,,,"온라인 접수: None
이메일 접수: kb3gvOKF28L00hijj1Mmww==
팩스 접수: None
우편 접수: None
방문 접수: None
기타 접수: None",20260421 ~ 20260511,main,primary,False,2026글로벌poc연계고도화지원사업참여기업모집|글로벌상생협력실|20260421~20260511,2026글로벌poc연계고도화지원사업참여기업모집,글로벌상생협력실,20260421~20260511,www.k-startup.go.kr/web/contents/bizpbanc-ongoing.do?schm=view&pbancsn=177317,https://www.k-startup.go.kr/web/contents/bizpbanc-ongoing.do?schM=view&pbancSn=177317
kst,177316,2026년 제3기 서대문구 청년벤처 육성사업 창업기업 모집,"서대문구는 청년벤처 기업발굴 및 성장을 지원하고, 투자·팁스 연계가 가능한 유망 청년벤처 기업을 육성하기 위하여, 청년의 창의적인 아이디어를 발굴하고, 혁신적인 기업으로의 성장을 지원하는 청년벤처 육성사업을 운영하고 있습니다. 기업 성장의 전 주기적 창업지원 및 팁스연계를 통해 사업확장을 추진하는 유망한 청년창업기업의 많은 관심과 참여 바랍니다.",기술,청년벤처팀,전국,"대학생,일반인",기술개발(R&amp;D),만 20세 이상 ~ 만 39세 이하,,"예비창업자,1년미만,2년미만,3년미만,5년미만",,,"온라인 접수: https://docs.google.com/forms/d/e/1FAIpQLSfEZnvzUDWM1HFFthCzmG_8phJ_0M7_-D4-56d3z_NTExjiBg/viewform
이메일 접수: None
팩스 접수: None
우편 접수: None
방문 접수: None
기타 접수: None",20260420 ~ 20260508,main,primary,False,2026년제3기서대문구청년벤처육성사업창업기업모집|청년벤처팀|20260420~20260508,2026년제3기서대문구청년벤처육성사업창업기업모집,청년벤처팀,20260420~20260508,www.k-startup.go.kr/web/contents/bizpbanc-ongoing.do?schm=view&pbancsn=177316,https://www.k-startup.go.kr/web/contents/bizpbanc-ongoing.do?schM=view&pbancSn=177316
kst,177315,(공고 연장) 한국해양교통안전공단 오픈이노베이션 참여 창업기업 모집,"종창조경제혁신센터는 한국해양교통안전공단과 창업기업 간의 기술 기반 협업(PoC)을 통해 공공문제를 해결하고, 혁신기술의 시장 진출 및  스케일업을 지원하기 위하여「세종 거브테크 오픈이노베이션 프로그램」에 참여할 창업기업을 다음과 같이 모집하오니 많은 관심과 참여를 바랍니다.",창업,투자OI팀,전국,"청소년,대학생,일반인,대학,연구기관,일반기업,1인 창조기업",사업화,"만 20세 미만,만 20세 이상 ~ 만 39세 이하,만 40세 이상",,"예비창업자,1년미만,2년미만,3년미만,5년미만,7년미만,10년미만",,,"온라인 접수: None
이메일 접수: P6TdxlfslgL3Zc3asHA6dw==
팩스 접수: None
우편 접수: None
방문 접수: None
기타 접수: None",20260421 ~ 20260506,main,primary,False,한국해양교통안전공단오픈이노베이션참여창업기업모집|투자oi팀|20260421~20260506,한국해양교통안전공단오픈이노베이션참여창업기업모집,투자oi팀,20260421~20260506,www.k-startup.go.kr/web/contents/bizpbanc-ongoing.do?schm=view&pbancsn=177315,https://www.k-startup.go.kr/web/contents/bizpbanc-ongoing.do?schM=view&pbancSn=177315
kst,177313,2026년 서울시 소셜벤처 임팩트 측정 상담 신청  참여기업 모집(~5.15.),서울소셜벤처허브에서는 서울시 소셜벤처기업이 창출하는 지속가능한 임팩트 측정과 보고서 지원을 통해 경쟁력과 임팩트를 강화하기 위해서 아래와 같이 참여기업을 모집하오니 관심 있는 기업의 많은 참여 바랍니다.,창업,사회적가치측정지원,서울,"일반기업,1인 창조기업",사업화,"만 20세 이상 ~ 만 39세 이하,만 40세 이상",,"예비창업자,1년미만,2년미만,3년미만,5년미만,7년미만,10년미만",,,"온라인 접수: https://forms.gle/vcdC8jsekFLwKTbm8
이메일 접수: None
팩스 접수: None
우편 접수: None
방문 접수: None
기타 접수: None",20260421 ~ 20260515,main,primary,False,2026년서울시소셜벤처임팩트측정상담신청참여기업모집|사회적가치측정지원|20260421~20260515,2026년서울시소셜벤처임팩트측정상담신청참여기업모집,사회적가치측정지원,20260421~20260515,www.k-startup.go.kr/web/contents/bizpbanc-ongoing.do?schm=view&pbancsn=177313,https://www.k-startup.go.kr/web/contents/bizpbanc-ongoing.do?schM=view&pbancSn=177313
kst,177312,제주창조경제혁신센터 글로벌 액셀러레이팅 프로그램 「시리즈 J 」 참여기업 모집,제주창조경제혁신센터에서 스타트업의 성공적인 일본 진출과 성장을 지원하는 특화 액셀러레이팅 프로그램 「시리즈 J」에 참여할 스타트업을 모집합니다.,판로/수출,투자운용팀,전국,"청소년,대학생,일반인,대학,연구기관,일반기업,1인 창조기업",글로벌,"만 20세 미만,만 20세 이상 ~ 만 39세 이하,만 40세 이상",,"1년미만,2년미만,3년미만,5년미만,7년미만,10년미만",,,"온라인 접수: https://forms.gle/cVRwVErcxju4BLTn7
이메일 접수: None
팩스 접수: None
우편 접수: None
방문 접수: None
기타 접수: None",20260421 ~ 20260508,main,primary,False,제주창조경제혁신센터글로벌액셀러레이팅프로그램시리즈j참여기업모집|투자운용팀|20260421~20260508,제주창조경제혁신센터글로벌액셀러레이팅프로그램시리즈j참여기업모집,투자운용팀,20260421~20260508,www.k-startup.go.kr/web/contents/bizpbanc-ongoing.do?schm=view&pbancsn=177312,https://www.k-startup.go.kr/web/contents/bizpbanc-ongoing.do?schM=view&pbancSn=177312
kst,177311,민관협력 오픈이노베이션 지원사업,중견기업의 오픈이노베이션 참여를 활성화하고 스타트업과의 협력을 통한 동반 성장 지원을 위해 「2026년 민관협력 오픈이노베이션 지원사업」중견기업-스타트업 오픈이노베이션 수요기업을 다음과 같이 모집합니다.,행사/네트워크,민관협력실,전국,일반기업,행사ㆍ네트워크,"만 20세 미만,만 20세 이상 ~ 만 39세 이하,만 40세 이상",,"7년미만,10년미만",,,"온라인 접수: None
이메일 접수: a6+msWL/PAcmMrHLVYAzqw==
팩스 접수: None
우편 접수: None
방문 접수: None
기타 접수: None",20260421 ~ 20260511,main,primary,False,민관협력오픈이노베이션지원사업|민관협력실|20260421~20260511,민관협력오픈이노베이션지원사업,민관협력실,20260421~20260511,www.k-startup.go.kr/web/contents/bizpbanc-ongoing.do?schm=view&pbancsn=177311,https://www.k-startup.go.kr/web/contents/bizpbanc-ongoing.do?schM=view&pbancSn=177311
kst,177310,2026년 5월 ZUZU 웨비나,"2026년, 더 강력해진 팁스(TIPS) 프로그램! 변화된 정책에 어떻게 대응하고 계신가요?
팁스 운영사를 만나는 방법부터 실제 투자 유치 성공 사례까지, 팁스 운영사 심사역 출신 VC와 함께 투자 유치 전략을 공개합니다.

웨비나 구성:
- 세션 1. 2026년 TIPS, 어떻게 달라졌을까요?
- 세션 2. TIPS 선정을 부르는 투자 유치 전략, 무엇이 다를까요?",교육/멘토링,사업팀,전국,"대학생,일반인,대학,연구기관,일반기업,1인 창조기업",멘토링ㆍ컨설팅ㆍ교육,"만 20세 미만,만 20세 이상 ~ 만 39세 이하,만 40세 이상",,"예비창업자,1년미만,2년미만,3년미만,5년미만,7년미만,10년미만",,,"온라인 접수: https://zuzu.to/kstartup-tips-webinar-signup
이메일 접수: None
팩스 접수: None
우편 접수: None
방문 접수: None
기타 접수: None",20260421 ~ 20260512,main,primary,False,2026년5월zuzu웨비나|사업팀|20260421~20260512,2026년5월zuzu웨비나,사업팀,20260421~20260512,www.k-startup.go.kr/web/contents/bizpbanc-ongoing.do?schm=view&pbancsn=177310,https://www.k-startup.go.kr/web/contents/bizpbanc-ongoing.do?schM=view&pbancSn=177310
kst,177309,2026년 보령시 청년창업 육성사업  모집공고,"보령시와 충남창조경제혁신센터에서는 예비 청년창업가의 실전 창업 역량 강화를 위해 참가자를 모집하오니, 
많은 관심과 참여 바랍니다.",창업,보령시 지역경제과,전국,"대학생,일반인",사업화,"만 20세 이상 ~ 만 39세 이하,만 40세 이상",,예비창업자,,,"온라인 접수: None
이메일 접수: iaIu/nD/kLHzxpDIxp8VQEEfJ2EjEyxerlzluanOVKQ=
팩스 접수: None
우편 접수: None
방문 접수: None
기타 접수: None",20260421 ~ 20260429,main,primary,False,2026년보령시청년창업육성사업모집공고|보령시지역경제과|20260421~20260429,2026년보령시청년창업육성사업모집공고,보령시지역경제과,20260421~20260429,www.k-startup.go.kr/web/contents/bizpbanc-ongoing.do?schm=view&pbancsn=177309,https://www.k-startup.go.kr/web/contents/bizpbanc-ongoing.do?schM=view&pbancSn=177309
kst,177308,"스타트업 실무 마스터 시리즈: 세무, 절세전략부터 인사노무 까지","성동청년 창업이룸센터에서는 「스타트업 실무 마스터 시리즈」를 운영합니다.

본 프로그램은 마케팅, 세무·회계, 인사·노무 등 스타트업 운영에 필요한 핵심 실무 역량을 전문가 강의를 통해 체계적으로 제공하는 교육입니다.

실질적인 사업 운영 역량을 강화하고자 하는 입주기업 및 예비·초기 창업자의 많은 참여 바랍니다.",창업,운영지원팀,서울,"청소년,대학생,일반인,대학,연구기관,일반기업,1인 창조기업",창업교육,"만 20세 미만,만 20세 이상 ~ 만 39세 이하",,"예비창업자,1년미만,2년미만,3년미만,5년미만,7년미만,10년미만",,,"온라인 접수: https://forms.gle/8FWVvPTxA8bqKyis7
이메일 접수: None
팩스 접수: None
우편 접수: None
방문 접수: None
기타 접수: None",20260420 ~ 20260512,main,primary,False,스타트업실무마스터시리즈세무절세전략부터인사노무까지|운영지원팀|20260420~20260512,스타트업실무마스터시리즈세무절세전략부터인사노무까지,운영지원팀,20260420~20260512,www.k-startup.go.kr/web/contents/bizpbanc-ongoing.do?schm=view&pbancsn=177308,https://www.k-startup.go.kr/web/contents/bizpbanc-ongoing.do?schM=view&pbancSn=177308
kst,177307,로컬 아이디어톤 : 농업 X 기술 참여자 모집 공고,"농업 분야의 혁신적 비즈니스 아이디어를 도출하는 <로컬 아이디어톤 : 농업 X 기술> 참여자 모집을 아래와 같이 공고합니다.
농림축산식품부 장관상, 농림식품기술기획평가원 원장상 등 권위 있는 시상 또한 제공되니 참여를 희망하는 창업팀은 안내에 따라 신청하기 바랍니다.",행사/네트워크,창업가육성팀,전국,"대학생,일반인",행사ㆍ네트워크,만 20세 이상 ~ 만 39세 이하,,"예비창업자,1년미만,2년미만,3년미만,5년미만,7년미만,10년미만",,,"온라인 접수: https://forms.gle/g2iFcspFu3QtYZKs8
이메일 접수: None
팩스 접수: None
우편 접수: None
방문 접수: None
기타 접수: None",20260420 ~ 20260511,main,primary,False,로컬아이디어톤농업x기술참여자모집공고|창업가육성팀|20260420~20260511,로컬아이디어톤농업x기술참여자모집공고,창업가육성팀,20260420~20260511,www.k-startup.go.kr/web/contents/bizpbanc-ongoing.do?schm=view&pbancsn=177307,https://www.k-startup.go.kr/web/contents/bizpbanc-ongoing.do?schM=view&pbancSn=177307
kst,177306,Fusion 360 제품 구현 3D 모델링 교육,Fusion 360 기반 제품 구현 3D 모델링 교육을 다음과 같이 공고하오니 참여를 희망하는 분들의 많은 신청 바랍니다.,교육/멘토링,연구기획실 메이커스페이스 전문랩,경기,"대학생,일반인,연구기관,일반기업,1인 창조기업",멘토링ㆍ컨설팅ㆍ교육,"만 20세 미만,만 20세 이상 ~ 만 39세 이하,만 40세 이상",,"예비창업자,1년미만,2년미만,3년미만,5년미만,7년미만",,,"온라인 접수: https://www.aictms.or.kr/core/?cid=29&role=programview&pSeq=4323&tab=
이메일 접수: None
팩스 접수: None
우편 접수: None
방문 접수: None
기타 접수: None",20260420 ~ 20260513,main,primary,False,fusion360제품구현3d모델링교육|연구기획실메이커스페이스전문랩|20260420~20260513,fusion360제품구현3d모델링교육,연구기획실메이커스페이스전문랩,20260420~20260513,www.k-startup.go.kr/web/contents/bizpbanc-ongoing.do?schm=view&pbancsn=177306,https://www.k-startup.go.kr/web/contents/bizpbanc-ongoing.do?schM=view&pbancSn=177306
kst,177305,2026 3D 제품 디자인 시각화 실무 교육 : Blender 활용,Blender 기반 3D 제품 구현 교육을 다음과 같이 공고하오니 많은 관심과 신청 바랍니다.,교육/멘토링,연구기획실 메이커스페이스 전문랩,경기,"대학생,일반인,연구기관,일반기업,1인 창조기업",멘토링ㆍ컨설팅ㆍ교육,"만 20세 미만,만 20세 이상 ~ 만 39세 이하,만 40세 이상",,"예비창업자,1년미만,2년미만,3년미만,5년미만,7년미만",,,"온라인 접수: https://www.aictms.or.kr/core/?cid=29&role=programview&pSeq=4307&tab=
이메일 접수: None
팩스 접수: None
우편 접수: None
방문 접수: None
기타 접수: None",20260420 ~ 20260506,main,primary,False,20263d제품디자인시각화실무교육blender활용|연구기획실메이커스페이스전문랩|20260420~20260506,20263d제품디자인시각화실무교육blender활용,연구기획실메이커스페이스전문랩,20260420~20260506,www.k-startup.go.kr/web/contents/bizpbanc-ongoing.do?schm=view&pbancsn=177305,https://www.k-startup.go.kr/web/contents/bizpbanc-ongoing.do?schM=view&pbancSn=177305
kst,177304,2026 지식재산 데이터 활용 창업 경진대회,지식재산처 지식재산 데이터(공공데이터)를 활용한 창의적인 아이디어와 신규 비즈니스 모델을 발굴하여 지원하는『2026 지식재산 데이터 활용 창업 경진대회』신청자 모집을 다음과 같이 공고합니다.,창업,IP정보확산실,전국,"청소년,대학생,일반인,대학,연구기관,일반기업,1인 창조기업",사업화,"만 20세 미만,만 20세 이상 ~ 만 39세 이하,만 40세 이상",,"예비창업자,1년미만,2년미만,3년미만,5년미만,7년미만,10년미만",,,"온라인 접수: https://plus.kipris.or.kr/portal/ipstar/ipstar.do
이메일 접수: None
팩스 접수: None
우편 접수: None
방문 접수: None
기타 접수: None",20260420 ~ 20260611,main,primary,False,2026지식재산데이터활용창업경진대회|ip정보확산실|20260420~20260611,2026지식재산데이터활용창업경진대회,ip정보확산실,20260420~20260611,www.k-startup.go.kr/web/contents/bizpbanc-ongoing.do?schm=view&pbancsn=177304,https://www.k-startup.go.kr/web/contents/bizpbanc-ongoing.do?schM=view&pbancSn=177304
kst,177303,창업On 희망On 아카데미,영덕군 지역자원을 활용한 창업 지원으로 지역경제 활성화를 도모하기 위한 『창업On 희망On 아카데미』참여자를 다음과 같이 모집합니다.,교육/멘토링,지역창업팀,전국,"대학생,일반인,1인 창조기업",멘토링ㆍ컨설팅ㆍ교육,"만 20세 이상 ~ 만 39세 이하,만 40세 이상",,"예비창업자,1년미만",,,"온라인 접수: https://forms.gle/oD1TX7hJCay6emfaA
이메일 접수: AdYh2nuylTxKA5S49/OWlw==
팩스 접수: None
우편 접수: None
방문 접수: 경상북도 구미시 구미대로 350-27 2층 경북창조경제혁신센터 지역창업팀
기타 접수: None",20260420 ~ 20260508,main,primary,False,창업on희망on아카데미|지역창업팀|20260420~20260508,창업on희망on아카데미,지역창업팀,20260420~20260508,www.k-startup.go.kr/web/contents/bizpbanc-ongoing.do?schm=view&pbancsn=177303,https://www.k-startup.go.kr/web/contents/bizpbanc-ongoing.do?schM=view&pbancSn=177303
kst,177302,2026년 3D-FAB 크라우드펀딩 지원사업 참여 기업 모집,"3D-FAB은 과학기술정보통신부 소관의 정보통신산업진흥원에서 예비창업자, 스타트업, 중소기업을 위해 준비한 3D프린팅 기술 복합지원 공간입니다.

크라우드펀딩을 통한 3D프린팅 기술 활용기업의 성장 지원을 위해 3D-FAB(3D프린팅혁신성장센터)에서

[‘26년 3D-FAB 크라우드펀딩 지원사업]을 다음과 같이 공고 하오니 관심 있는 기업은 안내에 따라 신청하여 주시기 바랍니다.",판로/수출,마포3D-FAB,전국,"일반인,대학,연구기관,일반기업,1인 창조기업",판로ㆍ해외진출,"만 20세 이상 ~ 만 39세 이하,만 40세 이상",,"예비창업자,1년미만,2년미만,3년미만,5년미만,7년미만,10년미만",,,"온라인 접수: https://3d-fab.kr/kor/event/view.php?pNo=1&idx=26
이메일 접수: None
팩스 접수: None
우편 접수: None
방문 접수: None
기타 접수: None",20260420 ~ 20260515,main,primary,False,2026년3dfab크라우드펀딩지원사업참여기업모집|마포3dfab|20260420~20260515,2026년3dfab크라우드펀딩지원사업참여기업모집,마포3dfab,20260420~20260515,www.k-startup.go.kr/web/contents/bizpbanc-ongoing.do?schm=view&pbancsn=177302,https://www.k-startup.go.kr/web/contents/bizpbanc-ongoing.do?schM=view&pbancSn=177302
kst,177301,사회적경제 도약패키지,"혁신적인 사회문제해결 사업모델을 보유한 사회적경제조직의 실질적인 투자유치를 지원하기 위해,「2026년 사회적경제 도약패키지(G-Impact)」참여 기업을 모집합니다.",창업,사내기업 3,전국,"청소년,대학생,일반인,대학,연구기관,일반기업,1인 창조기업",사업화,"만 20세 미만,만 20세 이상 ~ 만 39세 이하,만 40세 이상",,"1년미만,2년미만,3년미만,5년미만,7년미만,10년미만",,,"온라인 접수: https://www.gsic.or.kr/home/kor/M232113179/business/apply/view.do?idx=cb00d1a0008a85e71a41b8741facbffe4e0ef26310606dc6763de6b789d3b51c&act=&eSearchValue2=&eSearchValue3=&searchValue4=&searchValue5=&searchValue6=&searchValue1=0&searchKeyword=&pageIndex=1
이메일 접수: None
팩스 접수: None
우편 접수: None
방문 접수: None
기타 접수: None",20260413 ~ 20260507,main,primary,False,사회적경제도약패키지|사내기업3|20260413~20260507,사회적경제도약패키지,사내기업3,20260413~20260507,www.k-startup.go.kr/web/contents/bizpbanc-ongoing.do?schm=view&pbancsn=177301,https://www.k-startup.go.kr/web/contents/bizpbanc-ongoing.do?schM=view&pbancSn=177301
kst,177300,2026년 지역특화콘텐츠개발지원(대구게임테크허브) 차세대 플랫폼 도약·확장 지원사업,"(재)대구디지털혁신진흥원에서는 게임기업의 차세대 게임 개발 기반 조성을 위해 추진하는 
'2026년 지역특화콘텐츠개발지원(대구게임테크허브) 차세대 플랫폼 도약·확장 지원사업'의 참여 기업 모집을 다음과 같이 공고하오니, 관심 있는 기업들의 많은 참여 바랍니다.",창업,게임웹툰육성팀,대구,일반기업,사업화,"만 20세 미만,만 20세 이상 ~ 만 39세 이하,만 40세 이상",,"1년미만,2년미만,3년미만,5년미만,7년미만,10년미만",,,"온라인 접수: https://www.bojo.go.kr/bojo.do?popShareUrl=/ia/getIA005100Popup.do?&bsnsyear=&wdrLcgvCode=&labSfrndCode=&manageBsnsId=&nttId=202633000000025100007A&pid=POPUP&title=%EA%B3%B5%EB%AA%A8%EC%A0%95%EB%B3%B4
이메일 접수: None
팩스 접수: None
우편 접수: None
방문 접수: (41256) 대구시 동구 장등로 76, 5층 (대구콘텐츠기업지원센터 5층)
기타 접수: ※ e나라도움 온라인 공모 접수 후 원본 서류 방문 제출
※ 차세대 플랫폼 도약 지원 / 차세대 플랫폼 확장 지원의 접수 링크가 상이하오니, 신청 접수 공모 및 링크를  확인해주시기 바랍니다.",20260326 ~ 20260508,main,primary,False,2026년지역특화콘텐츠개발지원차세대플랫폼도약확장지원사업|게임웹툰육성팀|20260326~20260508,2026년지역특화콘텐츠개발지원차세대플랫폼도약확장지원사업,게임웹툰육성팀,20260326~20260508,www.k-startup.go.kr/web/contents/bizpbanc-ongoing.do?schm=view&pbancsn=177300,https://www.k-startup.go.kr/web/contents/bizpbanc-ongoing.do?schM=view&pbancSn=177300
kst,177299,대전방산혁신클러스터 「드론특화형 국방 신규진입(창업)지원」,대전방산혁신클러스터 활성화 목적으로 국방 드론 특화 예비창업자 초기 창업자의 성공적인 사업화를 지원하기 위한 「드론특화형 국방 창업 교육 참가자」를 다음과 같이 모집하오니 교육 참가자 분들의 많은 참여 바랍니다,창업,국민생활실험실,대전,"청소년,대학생,일반인,대학,일반기업,1인 창조기업",창업교육,"만 20세 미만,만 20세 이상 ~ 만 39세 이하,만 40세 이상",,"예비창업자,1년미만,2년미만,3년미만,5년미만,7년미만",,,"온라인 접수: None
이메일 접수: Sdk7JF9Nz56kREkbyDjhAjExEP0sqNM60DpjA3F4NxI=
팩스 접수: None
우편 접수: None
방문 접수: None
기타 접수: None",20260413 ~ 20260619,main,primary,False,대전방산혁신클러스터드론특화형국방신규진입지원|국민생활실험실|20260413~20260619,대전방산혁신클러스터드론특화형국방신규진입지원,국민생활실험실,20260413~20260619,www.k-startup.go.kr/web/contents/bizpbanc-ongoing.do?schm=view&pbancsn=177299,https://www.k-startup.go.kr/web/contents/bizpbanc-ongoing.do?schM=view&pbancSn=177299
kst,177298,2026 방콕 한-아세안 AI시티·에듀테크 데이 참가기업 모집 공고,"(재)부산정보산업진흥원에서는 태국 내 다양한 ICT 기업 교류를 통해 상호협력 기회를 마련하고, 현지 시장 이해도 향상 및 진출을 위해‘2026 방콕 한-아세안 AI시티·에듀테크 데이’ 참가기업을 모집 하오니, 많은 관심과 참여 부탁드립니다.",판로/수출,AI·AX단,부산,"일반기업,1인 창조기업",판로ㆍ해외진출,"만 20세 미만,만 20세 이상 ~ 만 39세 이하,만 40세 이상",,"예비창업자,1년미만,2년미만,3년미만,5년미만,7년미만,10년미만",,,"온라인 접수: None
이메일 접수: uE56ObxLTmC492hVhCZy9w==
팩스 접수: None
우편 접수: None
방문 접수: None
기타 접수: None",20260417 ~ 20260424,main,primary,False,2026방콕한아세안ai시티에듀테크데이참가기업모집공고|aiax단|20260417~20260424,2026방콕한아세안ai시티에듀테크데이참가기업모집공고,aiax단,20260417~20260424,www.k-startup.go.kr/web/contents/bizpbanc-deadline.do?schm=view&pbancsn=177298,https://www.k-startup.go.kr/web/contents/bizpbanc-deadline.do?schM=view&pbancSn=177298
kst,177297,2026 서울창업허브 공덕 유럽 글로벌 세미나 & 1:1 밋업,"유럽 시장 진출을 준비하는 스타트업을 대상으로 글로벌 세미나 및 밋업을 다음과 같이 개최하오니, 참여를 희망하는 기업은 안내에 따라 신청하시기 바랍니다.",판로/수출,BA,전국,"청소년,대학생,일반인,대학,연구기관,일반기업,1인 창조기업",판로ㆍ해외진출,"만 20세 미만,만 20세 이상 ~ 만 39세 이하,만 40세 이상",,"예비창업자,1년미만,2년미만,3년미만,5년미만,7년미만,10년미만",,,"온라인 접수: https://forms.gle/pPpBiHdD31TQEPfZ9
이메일 접수: None
팩스 접수: None
우편 접수: None
방문 접수: None
기타 접수: None",20260420 ~ 20260424,main,primary,False,2026서울창업허브공덕유럽글로벌세미나11밋업|ba|20260420~20260424,2026서울창업허브공덕유럽글로벌세미나11밋업,ba,20260420~20260424,www.k-startup.go.kr/web/contents/bizpbanc-deadline.do?schm=view&pbancsn=177297,https://www.k-startup.go.kr/web/contents/bizpbanc-deadline.do?schM=view&pbancSn=177297
kst,177296,코디세이 AI 네이티브 과정,"산업 현장형 AI 실무 인재 양성을 위한 2026 코디세이 AI 네이티브 교육생 모집을 다음과 같이 공고하오니, 참여를 희망하는 분들은 안내에 따라 신청하기 바랍니다.",교육/멘토링,코디세이,서울,"대학생,일반인",멘토링ㆍ컨설팅ㆍ교육,"만 20세 이상 ~ 만 39세 이하,만 40세 이상",,"예비창업자,1년미만,2년미만,3년미만,5년미만,7년미만,10년미만",,,"온라인 접수: codyssey.kr/guide/aiNative
이메일 접수: None
팩스 접수: None
우편 접수: None
방문 접수: None
기타 접수: None",20260415 ~ 20260514,main,primary,False,코디세이ai네이티브과정|코디세이|20260415~20260514,코디세이ai네이티브과정,코디세이,20260415~20260514,www.k-startup.go.kr/web/contents/bizpbanc-ongoing.do?schm=view&pbancsn=177296,https://www.k-startup.go.kr/web/contents/bizpbanc-ongoing.do?schM=view&pbancSn=177296
kst,177295,2026년 중소기업 디지털 전환 및 스마트 공장 구축 솔루션 컨설팅 지원사업,포항공과대학교에서는 디지털 전환 및 스마트 공장 구축에 애로사항을 겪고 있는 중소기업을 대상으로 「2026년 중소기업 디지털 전환 및 스마트 공장 구축 솔루션 컨설팅 지원사업」에 참여할 기업을 모집합니다.,교육/멘토링,ISP사업운영국,전국,일반기업,멘토링ㆍ컨설팅ㆍ교육,"만 20세 미만,만 20세 이상 ~ 만 39세 이하,만 40세 이상",,"예비창업자,1년미만,2년미만,3년미만,5년미만,7년미만,10년미만",,,"온라인 접수: None
이메일 접수: ypgqlGW6TnWTTDUoea0An4XiYpxFqzocFeE0vPa1dHA=
팩스 접수: None
우편 접수: None
방문 접수: None
기타 접수: None",20260420 ~ 20260424,main,primary,False,2026년중소기업디지털전환및스마트공장구축솔루션컨설팅지원사업|isp사업운영국|20260420~20260424,2026년중소기업디지털전환및스마트공장구축솔루션컨설팅지원사업,isp사업운영국,20260420~20260424,www.k-startup.go.kr/web/contents/bizpbanc-deadline.do?schm=view&pbancsn=177295,https://www.k-startup.go.kr/web/contents/bizpbanc-deadline.do?schM=view&pbancSn=177295
kst,177294,대구콘텐츠기업지원센터 2026년 2차 입주기업 모집,대구 지역 내 문화콘텐츠 산업 관련 기업 육성 및 창업 활성화를 위하여 대구콘텐츠기업지원센터에 입주할 경쟁력 있는 콘텐츠 기업을 모집하고자 합니다.,시설/공간,콘텐츠성장팀,전국,일반기업,시설ㆍ공간ㆍ보육,"만 20세 미만,만 20세 이상 ~ 만 39세 이하,만 40세 이상",,"1년미만,2년미만,3년미만,5년미만,7년미만",,,"온라인 접수: None
이메일 접수: 14DgSYm6BnFmEjGahUHyXw==
팩스 접수: None
우편 접수: None
방문 접수: None
기타 접수: None",20260420 ~ 20260508,main,primary,False,대구콘텐츠기업지원센터2026년2차입주기업모집|콘텐츠성장팀|20260420~20260508,대구콘텐츠기업지원센터2026년2차입주기업모집,콘텐츠성장팀,20260420~20260508,www.k-startup.go.kr/web/contents/bizpbanc-ongoing.do?schm=view&pbancsn=177294,https://www.k-startup.go.kr/web/contents/bizpbanc-ongoing.do?schM=view&pbancSn=177294
kst,177293,광명 혁신스타트업 액셀러레이팅,"광명시는 혁신적인 기술 분야 스타트업 및 창업자를 발굴하고 유망 스타트업을 집중 육성하기 위하여 혁신스타트업 스케일업 액셀러레이팅 프로그램 참가기업을 모집하오니, 많은 관심과 참여 바랍니다.",교육/멘토링,사업운영팀,전국,"청소년,대학생,일반인,대학,연구기관,일반기업,1인 창조기업",멘토링ㆍ컨설팅ㆍ교육,"만 20세 미만,만 20세 이상 ~ 만 39세 이하,만 40세 이상",,"예비창업자,1년미만,2년미만,3년미만,5년미만,7년미만",,,"온라인 접수: https://docs.google.com/forms/d/e/1FAIpQLSfK9fFPsPCZpZ8PXqCk5eZGX7i9TzO54F7F32hX12Zzt2l2WQ/viewform?usp=header
이메일 접수: None
팩스 접수: None
우편 접수: None
방문 접수: None
기타 접수: None",20260420 ~ 20260510,main,primary,False,광명혁신스타트업액셀러레이팅|사업운영팀|20260420~20260510,광명혁신스타트업액셀러레이팅,사업운영팀,20260420~20260510,www.k-startup.go.kr/web/contents/bizpbanc-ongoing.do?schm=view&pbancsn=177293,https://www.k-startup.go.kr/web/contents/bizpbanc-ongoing.do?schM=view&pbancSn=177293
kst,177292,2026년 제1회 S.Challenge IR 참여 기업 모집 공고,"서울지방중소벤처기업청과 서울창조경제혁신센터는 서울지역 특화 분야 사업을 영위하며 우수한 창업기업에 스케일업을 지원하고, IR 데모데이를 통해 투자유치 기회를 제공하는 「S.Challenge IR｣에 참여할 창업기업을 다음과 같이 모집하오니 많은 관심과 지원 바랍니다.",교육/멘토링,창업도약팀,서울,"청소년,대학생,일반인,대학,연구기관,일반기업,1인 창조기업",멘토링ㆍ컨설팅ㆍ교육,"만 20세 미만,만 20세 이상 ~ 만 39세 이하,만 40세 이상",,"1년미만,2년미만,3년미만",,,"온라인 접수: None
이메일 접수: HavuhMiTVk+0gd4QOBqJe1rWV5R1oXx0aUoAKDoYmHs=
팩스 접수: None
우편 접수: None
방문 접수: None
기타 접수: None",20260415 ~ 20260428,main,primary,False,2026년제1회schallengeir참여기업모집공고|창업도약팀|20260415~20260428,2026년제1회schallengeir참여기업모집공고,창업도약팀,20260415~20260428,www.k-startup.go.kr/web/contents/bizpbanc-ongoing.do?schm=view&pbancsn=177292,https://www.k-startup.go.kr/web/contents/bizpbanc-ongoing.do?schM=view&pbancSn=177292
kst,177291,IP 디딤돌 프로그램,"청주상공회의소 충북지식재산센터는 지식재산 기반 아이디어와 기술을 보유한 예비창업자, 대학생, 일반인을 대상으로 강력한 지식재산권 획득과 사업화 극대화를 위한 「2026년 IP창업ZONE 제35기」 교육생을 모집합니다.",교육/멘토링,충북지식재산센터,충북,"청소년,대학생,일반인,대학,연구기관,일반기업,1인 창조기업",멘토링ㆍ컨설팅ㆍ교육,"만 20세 미만,만 20세 이상 ~ 만 39세 이하,만 40세 이상",,"예비창업자,1년미만,2년미만,3년미만,5년미만,7년미만",,,"온라인 접수: None
이메일 접수: XfYpS7HC15LV8AR0Exed/dWPuUIk9Zy1SIE1yIeWDRc=
팩스 접수: None
우편 접수: None
방문 접수: 충북 청주시 상당구 상당로 106, 청주상공회의소 1층 충북지식재산센터
기타 접수: None",20260420 ~ 20260514,main,primary,False,ip디딤돌프로그램|충북지식재산센터|20260420~20260514,ip디딤돌프로그램,충북지식재산센터,20260420~20260514,www.k-startup.go.kr/web/contents/bizpbanc-ongoing.do?schm=view&pbancsn=177291,https://www.k-startup.go.kr/web/contents/bizpbanc-ongoing.do?schM=view&pbancSn=177291
kst,177290,경기도 AI 멤버십 기업 모집,경기도와 경기도경제과학진흥원은 도내 인공지능 기반 산업 생태계 구축을 위해 경기도 AI 혁신클러스터를 조성하고 있습니다. AI 혁신클러스터 공간과 다양한 AI 역량 강화 프로그램을 지원받을 수 있는 “경기도 AI 멤버십 기업”을 아래와 같이 모집하오니 많은 관심과 신청 바랍니다.,시설/공간,AI클러스터팀,전국,"연구기관,일반기업,1인 창조기업",시설ㆍ공간ㆍ보육,"만 20세 미만,만 20세 이상 ~ 만 39세 이하,만 40세 이상",,"1년미만,2년미만,3년미만,5년미만,7년미만,10년미만",,,"온라인 접수: https://egbiz.or.kr/pd/53449.do
이메일 접수: None
팩스 접수: None
우편 접수: None
방문 접수: None
기타 접수: None",20260415 ~ 20260506,main,primary,False,경기도ai멤버십기업모집|ai클러스터팀|20260415~20260506,경기도ai멤버십기업모집,ai클러스터팀,20260415~20260506,www.k-startup.go.kr/web/contents/bizpbanc-ongoing.do?schm=view&pbancsn=177290,https://www.k-startup.go.kr/web/contents/bizpbanc-ongoing.do?schM=view&pbancSn=177290
kst,177289,‘생성형 AI 활용 업무 스킬 UP' 비대면 교육 참가자 모집,서울핀테크랩 x 한국핀테크산업협회에서는 핀테크 기업 및 스타트업의 업무 효율성 향상을 위한 실무 교육으로「생성형 AI 활용 업무 스킬 UP」교육을 운영합니다.,교육/멘토링,서울핀테크랩,전국,"청소년,대학생,일반인,대학,연구기관,일반기업,1인 창조기업",멘토링ㆍ컨설팅ㆍ교육,"만 20세 미만,만 20세 이상 ~ 만 39세 이하,만 40세 이상",,"예비창업자,1년미만,2년미만,3년미만,5년미만,7년미만,10년미만",,,"온라인 접수: https://forms.gle/TaH5feRgVoy28YgF6
이메일 접수: None
팩스 접수: None
우편 접수: None
방문 접수: None
기타 접수: None",20260420 ~ 20260517,main,primary,False,생성형ai활용업무스킬up비대면교육참가자모집|서울핀테크랩|20260420~20260517,생성형ai활용업무스킬up비대면교육참가자모집,서울핀테크랩,20260420~20260517,www.k-startup.go.kr/web/contents/bizpbanc-ongoing.do?schm=view&pbancsn=177289,https://www.k-startup.go.kr/web/contents/bizpbanc-ongoing.do?schM=view&pbancSn=177289
kst,177288,제품화 ALL-In-One 팩,제조 창업기업의 제품화 전 과정을 원스톱으로 지원하여 시장 진입 촉진과 안정적인 성장 기반 마련을 위한 「2026년도 제품화 올인원팩」사업에 참여할 창업기업을 다음과 같이 모집합니다,창업,지역전략실,전국,"일반인,대학,연구기관,일반기업,1인 창조기업",사업화,"만 20세 미만,만 20세 이상 ~ 만 39세 이하,만 40세 이상",,"1년미만,2년미만,3년미만,5년미만,7년미만",,,"온라인 접수: https://www.k-startup.go.kr/web/contents/webPMSBizUnvs.do?returnUrl=/screen/BMO0101M01?pbancId=PMS0664501
이메일 접수: None
팩스 접수: None
우편 접수: None
방문 접수: None
기타 접수: None",20260420 ~ 20260511,main,primary,False,제품화allinone팩|지역전략실|20260420~20260511,제품화allinone팩,지역전략실,20260420~20260511,www.k-startup.go.kr/web/contents/bizpbanc-ongoing.do?schm=view&pbancsn=177288,https://www.k-startup.go.kr/web/contents/bizpbanc-ongoing.do?schM=view&pbancSn=177288
kst,177287,G-SSR(Gangwon-South Startup Rise)  아카데미,G-SSR(Gangwon-South Startup Rise)아카데미 프로그램을 다음과 같이 공고합니다.,창업,벤처창업본부,강원,"대학생,일반인,일반기업,1인 창조기업",창업교육,"만 20세 미만,만 20세 이상 ~ 만 39세 이하,만 40세 이상",,"예비창업자,1년미만,2년미만,3년미만,5년미만",,,"온라인 접수: https://forms.gle/ZPsd8RKEE188AZVo9
이메일 접수: None
팩스 접수: None
우편 접수: None
방문 접수: None
기타 접수: None",20260420 ~ 20260505,main,primary,False,gssr아카데미|벤처창업본부|20260420~20260505,gssr아카데미,벤처창업본부,20260420~20260505,www.k-startup.go.kr/web/contents/bizpbanc-ongoing.do?schm=view&pbancsn=177287,https://www.k-startup.go.kr/web/contents/bizpbanc-ongoing.do?schM=view&pbancSn=177287
kst,177286,『2026 오픈웨이브 with 솔루엠&지디케이화장품』 참여기업 모집,인천창조경제혁신센터에서는 솔루엠과 오픈이노베이션을 통해 뷰티 기술᭼브랜드 창업기업을 발굴하고 지원하기 위한 『2026 오픈웨이브 with 솔루엠&지디케이화장품』에 참여할 기업을 발굴하오니 많은 관심과 참여 바랍니다.,창업,글로벌 오픈이노베이션팀,전국,일반기업,사업화,"만 20세 미만,만 20세 이상 ~ 만 39세 이하,만 40세 이상",,7년미만,,,"온라인 접수: None
이메일 접수: //mTeFTWWQamN3ra0xOfc21BYoNOOvcGICYVADYnEfs=
팩스 접수: None
우편 접수: None
방문 접수: None
기타 접수: None",20260420 ~ 20260508,main,primary,False,2026오픈웨이브with솔루엠지디케이화장품참여기업모집|글로벌오픈이노베이션팀|20260420~20260508,2026오픈웨이브with솔루엠지디케이화장품참여기업모집,글로벌오픈이노베이션팀,20260420~20260508,www.k-startup.go.kr/web/contents/bizpbanc-ongoing.do?schm=view&pbancsn=177286,https://www.k-startup.go.kr/web/contents/bizpbanc-ongoing.do?schM=view&pbancSn=177286
kst,177285,메이커 스페이스,"2026년 메이커스페이스 운영 사업 소싱 디렉팅 및 후속 연계 프로그램 참여자를 다음과 같이 모집하오니, 예비창업자 및 창업기업의 많은 참여 바랍니다.",시설/공간,메이커스페이스구축운영사업센터,전국,"청소년,대학생,일반인,대학,연구기관,일반기업,1인 창조기업",시설ㆍ공간ㆍ보육,"만 20세 미만,만 20세 이상 ~ 만 39세 이하,만 40세 이상",,"예비창업자,7년미만",,,"온라인 접수: None
이메일 접수: LULzEHqLz0BorEJxANmdEyXHk/DMSAyTNPz5m28gPx8=
팩스 접수: None
우편 접수: None
방문 접수: None
기타 접수: None",20260416 ~ 20260426,main,primary,False,메이커스페이스|메이커스페이스구축운영사업센터|20260416~20260426,메이커스페이스,메이커스페이스구축운영사업센터,20260416~20260426,www.k-startup.go.kr/web/contents/bizpbanc-deadline.do?schm=view&pbancsn=177285,https://www.k-startup.go.kr/web/contents/bizpbanc-deadline.do?schM=view&pbancSn=177285
kst,177284,2026년 롯데건설 x 서울창업허브 성수 OPEN INNOVATION 참가기업 모집,2026년 롯데건설 x 서울창업허브 성수 오픈이노베이션 참가기업을 모집하오니 참가를 희망하시는 기업분들께서는 아래 공고를 참고하여 지원 바랍니다.,창업,창업허브2팀,서울,"청소년,대학생,일반인,대학,연구기관,일반기업",사업화,"만 20세 미만,만 20세 이상 ~ 만 39세 이하,만 40세 이상",,"7년미만,10년미만",,,"온라인 접수: https://www.startup-plus.kr/project/PRJ006707
이메일 접수: None
팩스 접수: None
우편 접수: None
방문 접수: None
기타 접수: None",20260420 ~ 20260511,main,primary,False,2026년롯데건설x서울창업허브성수openinnovation참가기업모집|창업허브2팀|20260420~20260511,2026년롯데건설x서울창업허브성수openinnovation참가기업모집,창업허브2팀,20260420~20260511,www.k-startup.go.kr/web/contents/bizpbanc-ongoing.do?schm=view&pbancsn=177284,https://www.k-startup.go.kr/web/contents/bizpbanc-ongoing.do?schM=view&pbancSn=177284
kst,177283,2026 경북 글로벌  스타트업 패키지  성장지원,세계시장을 선도할 첨단 기술아이템을 보유한 스타트업의 혁신 기술창업 성공률 제고 및 글로벌 시장 진출 지원을 위한『2026년 경북 글로벌 스타트업 패키지』사업에 참여할 스타트업을 모집합니다. 글로벌 진출을 희망하는 스타트업의 많은 지원 바랍니다.,판로/수출,창업성장팀,경북,일반기업,글로벌,"만 20세 미만,만 20세 이상 ~ 만 39세 이하,만 40세 이상",,"예비창업자,1년미만,2년미만,3년미만,5년미만,7년미만,10년미만",,,"온라인 접수: None
이메일 접수: pHllgxk+zipeiOB5BUQn3w==
팩스 접수: None
우편 접수: None
방문 접수: None
기타 접수: None",20260416 ~ 20260506,main,primary,False,2026경북글로벌스타트업패키지성장지원|창업성장팀|20260416~20260506,2026경북글로벌스타트업패키지성장지원,창업성장팀,20260416~20260506,www.k-startup.go.kr/web/contents/bizpbanc-ongoing.do?schm=view&pbancsn=177283,https://www.k-startup.go.kr/web/contents/bizpbanc-ongoing.do?schM=view&pbancSn=177283
kst,177282,제7회 성동구 소셜벤처 스케일업 프로그램,소셜벤처 기업의 경영컨설팅 및 투자유치 역량강화를 위해 마련한 2026년 제7회 소셜벤처 스케일업(Scale-up) 프로그램의 참여기업을 모집하오니 관심있는 기업들의 많은 참여를 바랍니다.,교육/멘토링,일자리정책과,서울,"일반기업,1인 창조기업",멘토링ㆍ컨설팅ㆍ교육,"만 20세 미만,만 20세 이상 ~ 만 39세 이하,만 40세 이상",,7년미만,,,"온라인 접수: https://forms.gle/hHp7umvi1i1GSLJX6
이메일 접수: None
팩스 접수: None
우편 접수: None
방문 접수: None
기타 접수: None",20260406 ~ 20260430,main,primary,False,제7회성동구소셜벤처스케일업프로그램|일자리정책과|20260406~20260430,제7회성동구소셜벤처스케일업프로그램,일자리정책과,20260406~20260430,www.k-startup.go.kr/web/contents/bizpbanc-ongoing.do?schm=view&pbancsn=177282,https://www.k-startup.go.kr/web/contents/bizpbanc-ongoing.do?schM=view&pbancSn=177282
kst,177281,AI 네이티브 과정 교육생 모집(무료 교육 & 장학금 월 100만 원),"2026 코디세이 AI 네이티브 교육생 모집을 다음과 같이 공고하오니, 실무 역량을 갖춘 AI 인재로 성장하기를 희망하는 분들의 많은 참여와 신청 바랍니다.",교육/멘토링,코디세이,서울,"대학생,일반인",멘토링ㆍ컨설팅ㆍ교육,"만 20세 이상 ~ 만 39세 이하,만 40세 이상",,"예비창업자,1년미만,2년미만,3년미만,5년미만,7년미만,10년미만",,,"온라인 접수: codyssey.kr/guide/aiNative
이메일 접수: None
팩스 접수: None
우편 접수: None
방문 접수: None
기타 접수: None",20260415 ~ 20260514,main,primary,False,ai네이티브과정교육생모집|코디세이|20260415~20260514,ai네이티브과정교육생모집,코디세이,20260415~20260514,www.k-startup.go.kr/web/contents/bizpbanc-ongoing.do?schm=view&pbancsn=177281,https://www.k-startup.go.kr/web/contents/bizpbanc-ongoing.do?schM=view&pbancSn=177281
kst,177280,2026년 동작구청과 함께하는 ESG 중소기업 지원사업,"본 기업은 서울시 동작구청의 지원으로 「2026년 동작구청과 함께하는 ESG 중소기업 지원사업」을 추진합니다.
이에 동작구 소재 중 해당하는 참여 기업들을 모집하오니 희망하는 기업들의 많은 신청을 바랍니다.",교육/멘토링,ESG 공급망 지원팀,서울,일반기업,멘토링ㆍ컨설팅ㆍ교육,"만 20세 이상 ~ 만 39세 이하,만 40세 이상",,"1년미만,2년미만,3년미만,5년미만,7년미만,10년미만",,,"온라인 접수: None
이메일 접수: 3L5BQDVZOGT1Io89XmTAaA==
팩스 접수: None
우편 접수: None
방문 접수: None
기타 접수: None",20260417 ~ 20260430,main,primary,False,2026년동작구청과함께하는esg중소기업지원사업|esg공급망지원팀|20260417~20260430,2026년동작구청과함께하는esg중소기업지원사업,esg공급망지원팀,20260417~20260430,www.k-startup.go.kr/web/contents/bizpbanc-ongoing.do?schm=view&pbancsn=177280,https://www.k-startup.go.kr/web/contents/bizpbanc-ongoing.do?schM=view&pbancSn=177280
kst,177279,서울창업허브 창동 운영,"서울창업허브 창동은 해외 판로개척 및 브랜드 홍보에 어려움을 겪고 있는 우수 스타트업을 지원 하기 위해 SNS 기반 마케팅 플랫폼을 활용해 해외 시장 진출을 지원하는
‘글로벌 SNS 판로개척 지원사업’을 추진하고자 다음과 같이 공고하오니, 참여를 희망하는 마케팅 전문 기업(기관)은 관련 절차에 따라 신청하여 주시길 바랍니다.",시설/공간,창업사업부,전국,일반기업,시설ㆍ공간ㆍ보육,"만 20세 미만,만 20세 이상 ~ 만 39세 이하,만 40세 이상",,"1년미만,2년미만,3년미만,5년미만,7년미만,10년미만",,,"온라인 접수: https://www.startup-plus.kr/project/PRJ006658
이메일 접수: None
팩스 접수: None
우편 접수: None
방문 접수: None
기타 접수: None",20260407 ~ 20260424,main,primary,False,서울창업허브창동운영|창업사업부|20260407~20260424,서울창업허브창동운영,창업사업부,20260407~20260424,www.k-startup.go.kr/web/contents/bizpbanc-deadline.do?schm=view&pbancsn=177279,https://www.k-startup.go.kr/web/contents/bizpbanc-deadline.do?schM=view&pbancSn=177279
kst,177278,2026년 벤처나라 벤처창업기업제품 등록 지원제도 기관 추천 희망 기업 모집,"조달청에서 추진하고 있는 벤처나라 ‘벤처창업기업제품’ 등록 지원제도와 관련하여
공공조달시장  진출을  희망하는  스타트업과  벤처기업을  모집하고  있사오니  많은 관심과 참여 바랍니다.",시설/공간,창업사업부,서울,일반기업,시설ㆍ공간ㆍ보육,"만 20세 미만,만 20세 이상 ~ 만 39세 이하,만 40세 이상",,7년미만,,,"온라인 접수: https://www.startup-plus.kr/project/PRJ006510
이메일 접수: None
팩스 접수: None
우편 접수: None
방문 접수: None
기타 접수: None",20260303 ~ 20261215,main,primary,False,2026년벤처나라벤처창업기업제품등록지원제도기관추천희망기업모집|창업사업부|20260303~20261215,2026년벤처나라벤처창업기업제품등록지원제도기관추천희망기업모집,창업사업부,20260303~20261215,www.k-startup.go.kr/web/contents/bizpbanc-ongoing.do?schm=view&pbancsn=177278,https://www.k-startup.go.kr/web/contents/bizpbanc-ongoing.do?schM=view&pbancSn=177278
kst,177277,충청권 엔젤투자 허브 운영지원,"『충청권 엔젤투자 피칭룸』은 한국엔젤투자협회에서 충청 소재(대전·세종·충남·충북)의 스타트업의 투자유치를 지원하는 투자 상담 프로그램입니다.
투자유치에 관심있으신 충청 소재 스타트업 대표님들의 많은 관심과 참여 부탁드립니다.",교육/멘토링,충청권 엔젤투자허브,대전,"대학생,일반인,대학,연구기관,일반기업,1인 창조기업",멘토링ㆍ컨설팅ㆍ교육,"만 20세 이상 ~ 만 39세 이하,만 40세 이상",,"예비창업자,1년미만,2년미만,3년미만,5년미만,7년미만",,,"온라인 접수: https://www.kban.or.kr/jsp/ext/mrt/angelTalkTalk.jsp
이메일 접수: None
팩스 접수: None
우편 접수: None
방문 접수: None
기타 접수: None",20260420 ~ 20260504,main,primary,False,충청권엔젤투자허브운영지원|충청권엔젤투자허브|20260420~20260504,충청권엔젤투자허브운영지원,충청권엔젤투자허브,20260420~20260504,www.k-startup.go.kr/web/contents/bizpbanc-ongoing.do?schm=view&pbancsn=177277,https://www.k-startup.go.kr/web/contents/bizpbanc-ongoing.do?schM=view&pbancSn=177277
kst,177276,2026 중소기업 해외시장 홍보판촉 지원사업(호주),"논산시에서 주관하고 ( 재 ) 충남창조경제혁신센터에서 운영하는 「 2026 년 중소기업 해외시장 홍보판촉 지원사업 」 에  참가할 기업을 다음과 같이 공고하오니 , 
관심 있는 기업들의 많은 신청 바랍니다 .",판로/수출,지역성장팀,충남,"청소년,대학생,일반인,대학,연구기관,일반기업,1인 창조기업",판로ㆍ해외진출,"만 20세 미만,만 20세 이상 ~ 만 39세 이하,만 40세 이상",,"예비창업자,1년미만,2년미만,3년미만,5년미만,7년미만,10년미만",,,"온라인 접수: None
이메일 접수: 72DKePpf7GmG+zChGBPJLyF3jJ+6/7bVHkZomczobXY=
팩스 접수: None
우편 접수: None
방문 접수: None
기타 접수: None",20260417 ~ 20260505,main,primary,False,2026중소기업해외시장홍보판촉지원사업|지역성장팀|20260417~20260505,2026중소기업해외시장홍보판촉지원사업,지역성장팀,20260417~20260505,www.k-startup.go.kr/web/contents/bizpbanc-ongoing.do?schm=view&pbancsn=177276,https://www.k-startup.go.kr/web/contents/bizpbanc-ongoing.do?schM=view&pbancSn=177276
kst,177275,충주 바이오헬스산업 협의체  회원 모집 공고,충주 바이오헬스산업의 지속적 발전과 협력 기반 강화를 위해 산·학·연·관 전문가가 참여하는 협의체를 구성하고자 회원을 다음과 같이 모집하오니 많은 관심과 참여 바랍니다.,행사/네트워크,북부권혁신지원센터,전국,"청소년,대학생,일반인,대학,연구기관,일반기업,1인 창조기업",행사ㆍ네트워크,"만 20세 미만,만 20세 이상 ~ 만 39세 이하,만 40세 이상",,"예비창업자,1년미만,2년미만,3년미만,5년미만,7년미만,10년미만",,,"온라인 접수: None
이메일 접수: oeORxsIb+ZZcBB1bQ0iIoyL+2YQTfsyb3vS2umTGukI=
팩스 접수: 043-852-2899
우편 접수: None
방문 접수: 충청북도 충주시 목행산단7로 1 사무동 2층 북부권혁신지원센터
기타 접수: None",20260417 ~ 20261231,main,primary,False,충주바이오헬스산업협의체회원모집공고|북부권혁신지원센터|20260417~20261231,충주바이오헬스산업협의체회원모집공고,북부권혁신지원센터,20260417~20261231,www.k-startup.go.kr/web/contents/bizpbanc-ongoing.do?schm=view&pbancsn=177275,https://www.k-startup.go.kr/web/contents/bizpbanc-ongoing.do?schM=view&pbancSn=177275
kst,177274,2026년 충주시 바이오헬스기업 창업·성장 지원사업 모집 공고,충주시 바이오헬스분야 기업 경쟁력 강화를 통해 바이오헬스 산업 생태계 구축을 위하여 「2026년 충주시 바이오헬스기업 창업‧성장 지원사업」지원 기업 모집을 아래와 같이 공고하오니 지원을 희망하는 기업은 관련 절차에 따라 신청하여 주시기 바랍니다.,창업,북부권혁신지원센터,전국,"일반기업,1인 창조기업",사업화,"만 20세 미만,만 20세 이상 ~ 만 39세 이하,만 40세 이상",,"1년미만,2년미만,3년미만,5년미만,7년미만,10년미만",,,"온라인 접수: None
이메일 접수: oeORxsIb+ZZcBB1bQ0iIoyL+2YQTfsyb3vS2umTGukI=
팩스 접수: None
우편 접수: None
방문 접수: 충청북도 충주시 목행산단7로 1 사무동 2층 북부권혁신지원센터
기타 접수: None",20260417 ~ 20260528,main,primary,False,2026년충주시바이오헬스기업창업성장지원사업모집공고|북부권혁신지원센터|20260417~20260528,2026년충주시바이오헬스기업창업성장지원사업모집공고,북부권혁신지원센터,20260417~20260528,www.k-startup.go.kr/web/contents/bizpbanc-ongoing.do?schm=view&pbancsn=177274,https://www.k-startup.go.kr/web/contents/bizpbanc-ongoing.do?schM=view&pbancSn=177274
kst,177272,세종시설관리공단 거브테크 오픈이노베이션 참여 스타트업 모집공고,"세종창조경제혁신센터는 세종시설관리공단과 창업기업 간의 기술 기반  협업(PoC)을 통해 공공문제를 해결하고, 혁신기술의 시장 진출 및  스케일업을 지원하기 위하여「세종 거브테크 오픈이노베이션 프로그램」에 참여할 창업기업을 다음과 같이 모집하오니 많은 관심과 참여를 바랍니다.",창업,투자오픈이노베이션팀,전국,"청소년,대학생,일반인,대학,연구기관,일반기업,1인 창조기업",사업화,"만 20세 미만,만 20세 이상 ~ 만 39세 이하,만 40세 이상",,"예비창업자,1년미만,2년미만,3년미만,5년미만,7년미만,10년미만",,,"온라인 접수: None
이메일 접수: P6TdxlfslgL3Zc3asHA6dw==
팩스 접수: None
우편 접수: None
방문 접수: None
기타 접수: None",20260416 ~ 20260506,main,primary,False,세종시설관리공단거브테크오픈이노베이션참여스타트업모집공고|투자오픈이노베이션팀|20260416~20260506,세종시설관리공단거브테크오픈이노베이션참여스타트업모집공고,투자오픈이노베이션팀,20260416~20260506,www.k-startup.go.kr/web/contents/bizpbanc-ongoing.do?schm=view&pbancsn=177272,https://www.k-startup.go.kr/web/contents/bizpbanc-ongoing.do?schM=view&pbancSn=177272
kst,177271,[무료 마케팅] 2026년 성공적인 마케팅을 위한 매출상승 사례 세미나,[무료 마케팅] 2026년 성공적인 마케팅을 위한 매출상승 사례 세미나 참여자 모집,창업,한국마케팅전문가협회,전국,"대학생,일반인,대학,연구기관,일반기업,1인 창조기업",창업교육,"만 20세 이상 ~ 만 39세 이하,만 40세 이상",,"예비창업자,1년미만,2년미만,3년미만,5년미만,7년미만,10년미만",,,"온라인 접수: https://adsld.link/leader0220
이메일 접수: None
팩스 접수: None
우편 접수: None
방문 접수: None
기타 접수: None",20260418 ~ 20260422,main,primary,False,무료마케팅2026년성공적인마케팅을위한매출상승사례세미나|한국마케팅전문가협회|20260418~20260422,무료마케팅2026년성공적인마케팅을위한매출상승사례세미나,한국마케팅전문가협회,20260418~20260422,www.k-startup.go.kr/web/contents/bizpbanc-deadline.do?schm=view&pbancsn=177271,https://www.k-startup.go.kr/web/contents/bizpbanc-deadline.do?schM=view&pbancSn=177271
kst,177270,dcamp Startup OI Tokyo #K-Contents,"일본 대형 게임사 코로프라(Colopl)와 함께 일본 시장의 문을 열 K-콘텐츠 및 테크 스타트업을 모집합니다. 이번 프로그램은 단순한 기업 소개를 넘어 Sega Sammy, Genda 등 일본 대표 기업들과의 실질적인 사업 협업(PoC)과 투자 기회를 발굴하는 데 집중합니다.
오는 6월 도쿄 현지에서 진행되는 'Private Pitching'을 통해 일본 대기업 파트너사와 1:1로 매칭되어 공동 사업 기획을 검토할 수 있습니다. 상용화된 제품이나 IP를 보유하고 일본 시장 진출을 꿈꾸는 팀이라면, 이번 기회를 통해 현지 파트너십을 구축하고 글로벌 비즈니스를 본격화해 보시기 바랍니다.",판로/수출,디캠프 글로벌사업팀,전국,일반기업,판로ㆍ해외진출,"만 20세 미만,만 20세 이상 ~ 만 39세 이하,만 40세 이상",,"1년미만,2년미만,3년미만,5년미만,7년미만,10년미만",,,"온라인 접수: https://dub.sh/dGjR1Hw
이메일 접수: None
팩스 접수: None
우편 접수: None
방문 접수: None
기타 접수: None",20260330 ~ 20260421,main,primary,False,dcampstartupoitokyokcontents|디캠프글로벌사업팀|20260330~20260421,dcampstartupoitokyokcontents,디캠프글로벌사업팀,20260330~20260421,www.k-startup.go.kr/web/contents/bizpbanc-deadline.do?schm=view&pbancsn=177270,https://www.k-startup.go.kr/web/contents/bizpbanc-deadline.do?schM=view&pbancSn=177270
kst,177269,IBK 창공 Silicon Valley 4기,"IBK기업은행과 500 Global이 공동 운영하는 미국 진출 지원 프로그램으로, 국내에서 PMF와 초기 트랙션을 확보한 스타트업이 서울 4주, 실리콘밸리 8주 동안 미국 시장 진출 전략을 구체화하고 현지 실행까지 경험할 수 있도록 지원함.",판로/수출,500 Global Market Launch Team,전국,"청소년,대학생,일반인,대학,연구기관,일반기업,1인 창조기업",글로벌,"만 20세 미만,만 20세 이상 ~ 만 39세 이하,만 40세 이상",,"예비창업자,1년미만,2년미만,3년미만,5년미만,7년미만",,,"온라인 접수: be.500.co/ibkchanggongsv-b4-ecosystempartners
이메일 접수: m2AvFxEgbW4/h3OA9qyk5y90c8cBnvr1xQPwzOS5K6Y=
팩스 접수: None
우편 접수: None
방문 접수: None
기타 접수: None",20260417 ~ 20260701,main,primary,False,ibk창공siliconvalley4기|500globalmarketlaunchteam|20260417~20260701,ibk창공siliconvalley4기,500globalmarketlaunchteam,20260417~20260701,www.k-startup.go.kr/web/contents/bizpbanc-ongoing.do?schm=view&pbancsn=177269,https://www.k-startup.go.kr/web/contents/bizpbanc-ongoing.do?schM=view&pbancSn=177269
kst,177268,(대전센터) 2026년 제3회 제대군인 창업 워크숍 개최 안내,창업 준비에 필요한 다양한 정보를 창업 유형별 전문가의 현장 강의를 통해 통합 제공함으로써 창업 준비가 열악한 제대군인의 창업 추진 역량 강화를 위해 다음과 같이 안내하오니 참여를 희망하는 분께서는 안내에 따라 신청해 주시기 바랍니다.,창업,제대군인일자리과,대전,"일반인,일반기업,1인 창조기업",창업교육,"만 20세 이상 ~ 만 39세 이하,만 40세 이상",,"예비창업자,1년미만,2년미만,3년미만,5년미만,7년미만,10년미만",,,"온라인 접수: https://vnet.go.kr/esta/EstaLcr002D.do?idx=5622
이메일 접수: nKZY5DH9GBm04DZOFi2NN9TLGul0HynbxDIWZEX5/Zo=
팩스 접수: None
우편 접수: None
방문 접수: None
기타 접수: 담당자 유선 연락을 통한 교육 신청(044-202-5732)",20260417 ~ 20260518,main,primary,False,2026년제3회제대군인창업워크숍개최안내|제대군인일자리과|20260417~20260518,2026년제3회제대군인창업워크숍개최안내,제대군인일자리과,20260417~20260518,www.k-startup.go.kr/web/contents/bizpbanc-ongoing.do?schm=view&pbancsn=177268,https://www.k-startup.go.kr/web/contents/bizpbanc-ongoing.do?schM=view&pbancSn=177268
kst,177267,2026년 의왕시 모두의 창업 설명회 및 사업계획서 전략교육,"의왕시 1인 창조기업지원센터에서는 의왕시 관내/외 예비창업자와 초기창업자를 위한 '2026년 모두의 창업' 설명회를 지원하며, 사업계획서 전략교육을 운영하고자 합니다.
모두의 도전을 위해 의왕시는 참여기업을 대상으로, 의왕시 창업지원 서비스를 안내하며 창업자와의 네트워킹을 통해 잠재력있는 기업을 발굴하고자 합니다.

많은 관심 바랍니다.",교육/멘토링,스타트업지원센터,전국,"청소년,대학생,일반인,대학,연구기관,일반기업,1인 창조기업",멘토링ㆍ컨설팅ㆍ교육,"만 20세 미만,만 20세 이상 ~ 만 39세 이하,만 40세 이상",,"예비창업자,1년미만,2년미만,3년미만",,,"온라인 접수: https://forms.gle/ni7YPDGVci1GEyLS8
이메일 접수: None
팩스 접수: None
우편 접수: None
방문 접수: None
기타 접수: None",20260420 ~ 20260429,main,primary,False,2026년의왕시모두의창업설명회및사업계획서전략교육|스타트업지원센터|20260420~20260429,2026년의왕시모두의창업설명회및사업계획서전략교육,스타트업지원센터,20260420~20260429,www.k-startup.go.kr/web/contents/bizpbanc-ongoing.do?schm=view&pbancsn=177267,https://www.k-startup.go.kr/web/contents/bizpbanc-ongoing.do?schM=view&pbancSn=177267
kst,177266,[서울핀테크랩] Korea Financial Innovation Program 2026 오프라인 세션,서울핀테크랩에서  Korea Financial Innovation Program 2026 오프라인 세션을 진행하오니 많은 관심 부탁드리겠습니다.,교육/멘토링,AC팀,전국,"청소년,대학생,일반인,대학,연구기관,일반기업,1인 창조기업",멘토링ㆍ컨설팅ㆍ교육,"만 20세 미만,만 20세 이상 ~ 만 39세 이하,만 40세 이상",,"예비창업자,1년미만,2년미만,3년미만,5년미만,7년미만,10년미만",,,"온라인 접수: https://luma.com/46atp8hi?tk=ybOi82
이메일 접수: None
팩스 접수: None
우편 접수: None
방문 접수: None
기타 접수: None",20260410 ~ 20260422,main,primary,False,서울핀테크랩koreafinancialinnovationprogram2026오프라인세션|ac팀|20260410~20260422,서울핀테크랩koreafinancialinnovationprogram2026오프라인세션,ac팀,20260410~20260422,www.k-startup.go.kr/web/contents/bizpbanc-deadline.do?schm=view&pbancsn=177266,https://www.k-startup.go.kr/web/contents/bizpbanc-deadline.do?schM=view&pbancSn=177266
kst,177265,『2026년 공공기술기반 시장연계 창업탐색 지원사업』 글로벌 경진대회 참가기업 모집,"에스아이디파트너스(주)는 공공기술기반 시장연계 창업탐색 지원사업에 참여한 창업팀이 보유한 혁신 기술의 글로벌 시장 진출 및 성장동력 확보를 지원하고자 글로벌 진출을 희망하는 창업기업들을 모집하오니, 많은 관심과 적극적인 참여를 바랍니다.",판로/수출,사업본부,전국,일반기업,글로벌,"만 20세 미만,만 20세 이상 ~ 만 39세 이하,만 40세 이상",,"예비창업자,1년미만,2년미만,3년미만,5년미만,7년미만,10년미만",,,"온라인 접수: https://m.site.naver.com/24Zk5
이메일 접수: None
팩스 접수: None
우편 접수: None
방문 접수: None
기타 접수: None",20260420 ~ 20260508,main,primary,False,2026년공공기술기반시장연계창업탐색지원사업글로벌경진대회참가기업모집|사업본부|20260420~20260508,2026년공공기술기반시장연계창업탐색지원사업글로벌경진대회참가기업모집,사업본부,20260420~20260508,www.k-startup.go.kr/web/contents/bizpbanc-ongoing.do?schm=view&pbancsn=177265,https://www.k-startup.go.kr/web/contents/bizpbanc-ongoing.do?schM=view&pbancSn=177265
kst,177264,2026년 서울시50플러스재단 공유사무실 입주기업 모집(2차),서울특별시가 중장년 통합지원정책을 추진하기 위해 설립한 서울시50플러스재단이 운영하는 공유사무실에 입주할 우수기업을 모집합니다. 유망 창업아이템 및 기술을 보유한 중장년 (예비)창업기업의 많은 관심과 참여 바랍니다.,시설/공간,사업지원2팀,서울,"일반인,일반기업,1인 창조기업",시설ㆍ공간ㆍ보육,만 40세 이상,,"예비창업자,1년미만,2년미만,3년미만,5년미만,7년미만",,,"온라인 접수: https://www.50plus.or.kr/in_appView.do?ANN_NO=1418
이메일 접수: None
팩스 접수: None
우편 접수: None
방문 접수: None
기타 접수: None",20260415 ~ 20260508,main,primary,False,2026년서울시50플러스재단공유사무실입주기업모집|사업지원2팀|20260415~20260508,2026년서울시50플러스재단공유사무실입주기업모집,사업지원2팀,20260415~20260508,www.k-startup.go.kr/web/contents/bizpbanc-ongoing.do?schm=view&pbancsn=177264,https://www.k-startup.go.kr/web/contents/bizpbanc-ongoing.do?schM=view&pbancSn=177264
kst,177263,2026년도 「인천 유니브-엑스(Univ. X)」 참여기업 모집 공고,인천광역시와 재단법인 인천테크노파크는 IGC 입주대학 본교 연구진과의 기술 검증 및 글로벌 표준 부합성 확인을 통한 기술 공신력 확보 지원 프로그램인 「2026년 인천 유니브-엑스(Univ. X)」사업에 참여할 기업을 선발하고자 하오니 많은 신청 바랍니다.,판로/수출,AI혁신센터,인천,일반기업,글로벌,"만 20세 미만,만 20세 이상 ~ 만 39세 이하,만 40세 이상",,"1년미만,2년미만,3년미만,5년미만,7년미만,10년미만",,,"온라인 접수: https://bizok.incheon.go.kr/open_content/support.do?act=detail&policyno=6907
이메일 접수: None
팩스 접수: None
우편 접수: None
방문 접수: None
기타 접수: None",20260408 ~ 20260427,main,primary,False,2026년도인천유니브엑스참여기업모집공고|ai혁신센터|20260408~20260427,2026년도인천유니브엑스참여기업모집공고,ai혁신센터,20260408~20260427,www.k-startup.go.kr/web/contents/bizpbanc-deadline.do?schm=view&pbancsn=177263,https://www.k-startup.go.kr/web/contents/bizpbanc-deadline.do?schM=view&pbancSn=177263
kst,177262,「2026년 인천 라이즈업」참여기업 모집공고,인천광역시와 인천테크노파크에서는 인천지역 내 디지털 혁신기업의 성공적 미국 시장 진출을 위한 현지화 프로그램을 지원하는「2026년 인천 라이즈업」사업에 참여할 기업을 선발하고자 하오니 많은 신청 바랍니다.,판로/수출,AI혁신센터,인천,일반기업,글로벌,"만 20세 미만,만 20세 이상 ~ 만 39세 이하,만 40세 이상",,"1년미만,2년미만,3년미만,5년미만,7년미만,10년미만",,,"온라인 접수: https://bizok.incheon.go.kr/open_content/support.do?act=detail&policyno=6886
이메일 접수: None
팩스 접수: None
우편 접수: None
방문 접수: None
기타 접수: None",20260427 ~ 20260427,main,primary,False,2026년인천라이즈업참여기업모집공고|ai혁신센터|20260427~20260427,2026년인천라이즈업참여기업모집공고,ai혁신센터,20260427~20260427,www.k-startup.go.kr/web/contents/bizpbanc-deadline.do?schm=view&pbancsn=177262,https://www.k-startup.go.kr/web/contents/bizpbanc-deadline.do?schM=view&pbancSn=177262
kst,177261,2026년 '인천 라이징스타 6기' 글로벌 스케일업 프로그램 지원기업 모집 공고,재단법인 인천테크노파크는 인천 지역 액셀러레이터와 협력하여 글로벌 시장 진출을 지원하는 ‘인천 라이징스타 6기’ 지원기업을 선발하오니 관내 유망 디지털 분야 기술혁신기업의 많은 관심과 신청 바랍니다.,판로/수출,AI혁신센터,인천,일반기업,글로벌,"만 20세 미만,만 20세 이상 ~ 만 39세 이하,만 40세 이상",,"1년미만,2년미만,3년미만,5년미만,7년미만,10년미만",,,"온라인 접수: https://itp.or.kr/intro.asp?tmid=13&seq=10628
이메일 접수: None
팩스 접수: None
우편 접수: None
방문 접수: None
기타 접수: None",20260416 ~ 20260429,main,primary,False,2026년인천라이징스타6기글로벌스케일업프로그램지원기업모집공고|ai혁신센터|20260416~20260429,2026년인천라이징스타6기글로벌스케일업프로그램지원기업모집공고,ai혁신센터,20260416~20260429,www.k-startup.go.kr/web/contents/bizpbanc-ongoing.do?schm=view&pbancsn=177261,https://www.k-startup.go.kr/web/contents/bizpbanc-ongoing.do?schM=view&pbancSn=177261
kst,177260,2026년 과학기술 창업경진대회 공고 「올해의 K-스타트업 2026 연구자리그 연계」,"2026년 과학기술 창업경진대회(올해의 K-스타트업 2026 연구자리그 연계)의 참가자(팀) 모집을 위해 다음과 같이 공고하오니, (예비)창업자분들의 많은 참여 바랍니다.",행사/네트워크,창업탐색선도센터,전국,"청소년,대학생,일반인,대학,연구기관,일반기업,1인 창조기업",행사ㆍ네트워크,"만 20세 미만,만 20세 이상 ~ 만 39세 이하,만 40세 이상",,"예비창업자,3년미만",,,"온라인 접수: None
이메일 접수: wwAjijpFYR7S76mZPP3+dA==
팩스 접수: None
우편 접수: None
방문 접수: None
기타 접수: None",20260416 ~ 20260513,main,primary,False,2026년과학기술창업경진대회공고올해의k스타트업2026연구자리그연계|창업탐색선도센터|20260416~20260513,2026년과학기술창업경진대회공고올해의k스타트업2026연구자리그연계,창업탐색선도센터,20260416~20260513,www.k-startup.go.kr/web/contents/bizpbanc-ongoing.do?schm=view&pbancsn=177260,https://www.k-startup.go.kr/web/contents/bizpbanc-ongoing.do?schM=view&pbancSn=177260
kst,177259,지역창업특화지원,(재)대전정보문화산업진흥원에서는 ① (예비) 1인 창조기업 또는 ② 7년 이내 창업기업의 성장을 지원하기 위해 “2026년 대전 1인 창조기업 지원센터 제2차 입주기업 모집”을 다음과 같이 실시하오니 많은 관심과 지원 바랍니다.,시설/공간,대전 1인 창조기업 지원센터,대전,"대학생,일반인,일반기업,1인 창조기업",시설ㆍ공간ㆍ보육,"만 20세 이상 ~ 만 39세 이하,만 40세 이상",,"예비창업자,1년미만,2년미만,3년미만,5년미만,7년미만",,,"온라인 접수: http://pms.dicia.or.kr
이메일 접수: None
팩스 접수: None
우편 접수: None
방문 접수: None
기타 접수: None",20260416 ~ 20260430,main,primary,False,지역창업특화지원|대전1인창조기업지원센터|20260416~20260430,지역창업특화지원,대전1인창조기업지원센터,20260416~20260430,www.k-startup.go.kr/web/contents/bizpbanc-ongoing.do?schm=view&pbancsn=177259,https://www.k-startup.go.kr/web/contents/bizpbanc-ongoing.do?schM=view&pbancSn=177259
kst,177258,[전북ON프로젝트] 모두의 창업 도전을 위한 사전 교육,여러분의 상상속 아이디어를 전북이 함께 이뤄나가겠습니다,창업,원스톱지원실,전국,"청소년,대학생,일반인,대학,연구기관,일반기업,1인 창조기업",창업교육,"만 20세 미만,만 20세 이상 ~ 만 39세 이하,만 40세 이상",,"예비창업자,1년미만,2년미만,3년미만",,,"온라인 접수: https://www.jbci.or.kr/
이메일 접수: None
팩스 접수: None
우편 접수: None
방문 접수: None
기타 접수: None",20260417 ~ 20260506,main,primary,False,전북on프로젝트모두의창업도전을위한사전교육|원스톱지원실|20260417~20260506,전북on프로젝트모두의창업도전을위한사전교육,원스톱지원실,20260417~20260506,www.k-startup.go.kr/web/contents/bizpbanc-ongoing.do?schm=view&pbancsn=177258,https://www.k-startup.go.kr/web/contents/bizpbanc-ongoing.do?schM=view&pbancSn=177258
kst,177257,서초창업스테이션 운영 사업,"4월 1:1 전문 분야 컨설팅에서는 온라인 마케팅, 퍼포먼스 마케팅 등 마케팅 분야 및 스타트업 인사노무, 조직구성 등의 인사노무 분야의 컨설팅 참여자를 모집 중이니 많은 참여 바랍니다.",시설/공간,서초창업스테이션,전국,"대학생,일반인,대학,연구기관,일반기업,1인 창조기업",시설ㆍ공간ㆍ보육,"만 20세 미만,만 20세 이상 ~ 만 39세 이하,만 40세 이상",,"예비창업자,1년미만,2년미만,3년미만,5년미만,7년미만,10년미만",,,"온라인 접수: https://www.xn--2i4bieu3bszgvtc6wlunby2r.com/sub_program/operate_view.php?idx=41
이메일 접수: None
팩스 접수: None
우편 접수: None
방문 접수: None
기타 접수: None",20260416 ~ 20260427,main,primary,False,서초창업스테이션운영사업|서초창업스테이션|20260416~20260427,서초창업스테이션운영사업,서초창업스테이션,20260416~20260427,www.k-startup.go.kr/web/contents/bizpbanc-deadline.do?schm=view&pbancsn=177257,https://www.k-startup.go.kr/web/contents/bizpbanc-deadline.do?schM=view&pbancSn=177257
kst,177256,모두의 창업 사업설명회,서울과학기술대학교 모두의 창업 사업설명회를 다음과 같이 공고하오니 참여를 희망하는 예비창업자 및 창업기업들은 안내에 따라 신청하기 바랍니다.,창업,서울과학기술대학교 창업지원단,서울,"청소년,대학생,일반인,대학,연구기관,일반기업,1인 창조기업",창업교육,"만 20세 미만,만 20세 이상 ~ 만 39세 이하,만 40세 이상",,"예비창업자,1년미만,2년미만,3년미만",,,"온라인 접수: https://forms.gle/UtbARZScRDXWCsBh8
이메일 접수: None
팩스 접수: None
우편 접수: None
방문 접수: None
기타 접수: None",20260416 ~ 20260421,main,primary,False,모두의창업사업설명회|서울과학기술대학교창업지원단|20260416~20260421,모두의창업사업설명회,서울과학기술대학교창업지원단,20260416~20260421,www.k-startup.go.kr/web/contents/bizpbanc-deadline.do?schm=view&pbancsn=177256,https://www.k-startup.go.kr/web/contents/bizpbanc-deadline.do?schM=view&pbancSn=177256
kst,177255,[인천] 모두의 창업 설명회,(주)더이노베이터스는 예비창업자 및 초기 창업기업을 대상으로 「모두의 창업 프로젝트」의 주요 내용과 참여 방법을 안내하기 위해 설명회를 개최합니다.,교육/멘토링,BA,인천,"청소년,대학생,일반인,대학,연구기관,일반기업,1인 창조기업",멘토링ㆍ컨설팅ㆍ교육,"만 20세 미만,만 20세 이상 ~ 만 39세 이하,만 40세 이상",,"예비창업자,1년미만,2년미만,3년미만,5년미만,7년미만,10년미만",,,"온라인 접수: https://forms.gle/3HY3CAyX8VCscJP5A
이메일 접수: None
팩스 접수: None
우편 접수: None
방문 접수: None
기타 접수: None",20260416 ~ 20260418,main,primary,False,인천모두의창업설명회|ba|20260416~20260418,인천모두의창업설명회,ba,20260416~20260418,www.k-startup.go.kr/web/contents/bizpbanc-deadline.do?schm=view&pbancsn=177255,https://www.k-startup.go.kr/web/contents/bizpbanc-deadline.do?schM=view&pbancSn=177255
kst,177254,재도전성공패키지,"성실한 실패 경험과 우수한 아이템을 바탕으로 성장 가능성이 높은 (예비)재창업기업을 발굴하고, 패키지형 재창업 지원을 위한「2026년도 재도전성공패키지(추경) (예비)재창업기업 모집계획」을 다음과 같이 공고합니다.",창업,예비재도전실,전국,"청소년,대학생,일반인,대학,연구기관,일반기업,1인 창조기업",사업화,"만 20세 미만,만 20세 이상 ~ 만 39세 이하,만 40세 이상",,"예비창업자,1년미만,2년미만,3년미만,5년미만,7년미만",,,"온라인 접수: https://www.k-startup.go.kr/web/contents/webPMSBizUnvs.do?returnUrl=/screen/BMO0101M01?pbancId=0664101
이메일 접수: None
팩스 접수: None
우편 접수: None
방문 접수: None
기타 접수: None",20260417 ~ 20260507,main,primary,False,재도전성공패키지|예비재도전실|20260417~20260507,재도전성공패키지,예비재도전실,20260417~20260507,www.k-startup.go.kr/web/contents/bizpbanc-ongoing.do?schm=view&pbancsn=177254,https://www.k-startup.go.kr/web/contents/bizpbanc-ongoing.do?schM=view&pbancSn=177254
kst,177253,「2026년 충남 천안·아산 강소특구 이노테크 발굴 및 창업지원 사업」 (예비)창업자 모집 공고,"한국자동차연구원 강소특구캠퍼스는 「2026년 충남 천안·아산 강소특구 이노테크 발굴 및 창업지원 사업」을 통해 유망 아이템을 발굴하고, 
검증 및 전주기 지원체계를 구축하여 지역 내 기술 창업 생태계를 활성화하고자 합니다.
 (예비)창업자 여러분의 많은 관심과 참여를 부탁드립니다.",창업,강소특구캠퍼스,전국,"청소년,대학생,일반인,대학,연구기관,일반기업,1인 창조기업",사업화,"만 20세 미만,만 20세 이상 ~ 만 39세 이하,만 40세 이상",,"예비창업자,1년미만,2년미만,3년미만,5년미만,7년미만",,,"온라인 접수: None
이메일 접수: FziCBb/HAYnS1uuanksXtQbRJ0TuVgwxXogjdLCi1+c=
팩스 접수: None
우편 접수: None
방문 접수: None
기타 접수: None",20260417 ~ 20260522,main,primary,False,2026년충남천안아산강소특구이노테크발굴및창업지원사업창업자모집공고|강소특구캠퍼스|20260417~20260522,2026년충남천안아산강소특구이노테크발굴및창업지원사업창업자모집공고,강소특구캠퍼스,20260417~20260522,www.k-startup.go.kr/web/contents/bizpbanc-ongoing.do?schm=view&pbancsn=177253,https://www.k-startup.go.kr/web/contents/bizpbanc-ongoing.do?schM=view&pbancSn=177253
kst,177252,2026년 3회차 지식재산 무료 초청교육 수요조사,"한국특허정보원은 개인, 소기업등 지식재산 정보가 필요한 다양한 계층을 대상으로 지식재산권과 관련된 폭넓은 교육기회를 제공하고자 「지식재산권 무료초청 교육」을 개최하오니, 관심있는 분들의 많은 참여를 부탁드립니다.",창업,지능정보데이터실,전국,"청소년,대학생,일반인,대학,연구기관,일반기업,1인 창조기업",창업교육,"만 20세 미만,만 20세 이상 ~ 만 39세 이하,만 40세 이상",,"예비창업자,1년미만,2년미만,3년미만,5년미만,7년미만,10년미만",,,"온라인 접수: https://m.site.naver.com/25wQN
이메일 접수: None
팩스 접수: None
우편 접수: None
방문 접수: None
기타 접수: None",20260417 ~ 20260512,main,primary,False,2026년3회차지식재산무료초청교육수요조사|지능정보데이터실|20260417~20260512,2026년3회차지식재산무료초청교육수요조사,지능정보데이터실,20260417~20260512,www.k-startup.go.kr/web/contents/bizpbanc-ongoing.do?schm=view&pbancsn=177252,https://www.k-startup.go.kr/web/contents/bizpbanc-ongoing.do?schM=view&pbancSn=177252
kst,177251,2026 OSA AX 오픈이노베이션 밋업 데이 참여기업 모집,"(재)부산창조경제혁신센터에서는 ‘OSA(Ocean Startup Alliance)’ 스마트해 양 스타트업 지원 협의체와 함께 개방형 혁신에 기여할 유망 스타트업을 발굴 하여 비즈니스 매칭, 시장 검증, 사업 제휴 등의 기회를 제공하고자‘OSA AX 오픈이노베이션 밋업 데이’에 참여할 기업을 다음과 같이 공고하오니 많은 신청바랍니다.",행사/네트워크,창업육성팀,부산,일반기업,행사ㆍ네트워크,"만 20세 미만,만 20세 이상 ~ 만 39세 이하,만 40세 이상",,7년미만,,,"온라인 접수: https://forms.gle/4EawUMkCLZxsXDYe9
이메일 접수: None
팩스 접수: None
우편 접수: None
방문 접수: None
기타 접수: None",20260415 ~ 20260505,main,primary,False,2026osaax오픈이노베이션밋업데이참여기업모집|창업육성팀|20260415~20260505,2026osaax오픈이노베이션밋업데이참여기업모집,창업육성팀,20260415~20260505,www.k-startup.go.kr/web/contents/bizpbanc-ongoing.do?schm=view&pbancsn=177251,https://www.k-startup.go.kr/web/contents/bizpbanc-ongoing.do?schM=view&pbancSn=177251
kst,177250,2026 OSA 스마트해양 액셀러레이팅 참여기업 모집,(재)부산창조경제혁신센터에서는 ‘OSA(Ocean Startup Alliance)’ 스마트해양 스타트업 지원 협의체 협력을 기반으로 스마트해양 분야 스타트업의 AX 적용 역량 강화 및 기술 고도화 지원을 위한 「OSA 스마트해양 액셀러레이팅」에 참여할 기업을 다음과 같이 공고하오니 많은 신청바랍니다.,창업,창업육성팀,부산,일반기업,사업화,"만 20세 미만,만 20세 이상 ~ 만 39세 이하,만 40세 이상",,7년미만,,,"온라인 접수: https://forms.gle/AUB6W9ntkDXCQwk6A
이메일 접수: None
팩스 접수: None
우편 접수: None
방문 접수: None
기타 접수: None",20260415 ~ 20260505,main,primary,False,2026osa스마트해양액셀러레이팅참여기업모집|창업육성팀|20260415~20260505,2026osa스마트해양액셀러레이팅참여기업모집,창업육성팀,20260415~20260505,www.k-startup.go.kr/web/contents/bizpbanc-ongoing.do?schm=view&pbancsn=177250,https://www.k-startup.go.kr/web/contents/bizpbanc-ongoing.do?schM=view&pbancSn=177250
kst,177249,2026 Station C 성장자립지원 로컬라이제이션 모집공고,"수도권 및 타지역의 유망 창업기업이 춘천으로 이전하고, 지역 내에서 안정적으로 정착·성장할 수 있도록 지원하는 글로컬대학30사업 “2026 로컬라이제이션 사업”에 참여할 창업기업을 다음과 같이 모집하오니 많은 관심과 참여 바랍니다.",인력/일자리,창업지원본부,전국,"청소년,대학생,일반인,대학,연구기관,일반기업,1인 창조기업",인력,"만 20세 미만,만 20세 이상 ~ 만 39세 이하,만 40세 이상",,"예비창업자,1년미만,2년미만,3년미만,5년미만,7년미만,10년미만",,,"온라인 접수: https://forms.gle/GGfVpxY94Q7Gw3USA
이메일 접수: None
팩스 접수: None
우편 접수: None
방문 접수: None
기타 접수: None",20260415 ~ 20260511,main,primary,False,2026stationc성장자립지원로컬라이제이션모집공고|창업지원본부|20260415~20260511,2026stationc성장자립지원로컬라이제이션모집공고,창업지원본부,20260415~20260511,www.k-startup.go.kr/web/contents/bizpbanc-ongoing.do?schm=view&pbancsn=177249,https://www.k-startup.go.kr/web/contents/bizpbanc-ongoing.do?schM=view&pbancSn=177249
kst,177248,소셜벤처 창업 플랫폼 운영 활성화,2026년 소셜 임팩트 랩(Lab)에 참여할 소셜벤처 분야의 기술역량과 자원을 보유한 예비 창업기업을 모집하오니 많은 관심과 참여 부탁드립니다.,시설/공간,창업허브실,대전,"일반인,일반기업",시설ㆍ공간ㆍ보육,"만 20세 미만,만 20세 이상 ~ 만 39세 이하,만 40세 이상",,"예비창업자,1년미만",,,"온라인 접수: None
이메일 접수: n+7nBa9r7yjixkvTCc/WxQ==
팩스 접수: None
우편 접수: None
방문 접수: None
기타 접수: None",20260415 ~ 20260504,main,primary,True,소셜벤처창업플랫폼운영활성화|창업허브실|20260415~20260504,소셜벤처창업플랫폼운영활성화,창업허브실,20260415~20260504,www.k-startup.go.kr/web/contents/bizpbanc-ongoing.do?schm=view&pbancsn=177248,https://www.k-startup.go.kr/web/contents/bizpbanc-ongoing.do?schM=view&pbancSn=177248
kst,177247,『찾아가는 기업 고민해결 찐(眞)톡(talk)』,"광진구 소재 중소기업 및 스타트업을 대상으로 광진구와 중진공이 기업의 어려움을 해결해주는 상담 프로그램입니다.
관심 있는 기업들의 많은 참여 바랍니다.",교육/멘토링,광진경제허브센터,서울,"청소년,대학생,일반인,대학,연구기관,일반기업,1인 창조기업",멘토링ㆍ컨설팅ㆍ교육,"만 20세 미만,만 20세 이상 ~ 만 39세 이하,만 40세 이상",,"예비창업자,1년미만,2년미만,3년미만,5년미만,7년미만,10년미만",,,"온라인 접수: https://forms.gle/1PqrJgPMXZ7HZgrK9
이메일 접수: None
팩스 접수: None
우편 접수: None
방문 접수: None
기타 접수: None",20260415 ~ 20260428,main,primary,False,찾아가는기업고민해결찐톡|광진경제허브센터|20260415~20260428,찾아가는기업고민해결찐톡,광진경제허브센터,20260415~20260428,www.k-startup.go.kr/web/contents/bizpbanc-ongoing.do?schm=view&pbancsn=177247,https://www.k-startup.go.kr/web/contents/bizpbanc-ongoing.do?schM=view&pbancSn=177247
kst,177246,소셜벤처 창업 플랫폼 운영 활성화,2026년 소셜 임팩트 체인저스 7기에 참여할 소셜벤처 분야의 기술역량과 자원을 보유한 창업기업을 모집하오니 많은 관심과 참여 바랍니다.,시설/공간,창업허브실,대전,일반기업,시설ㆍ공간ㆍ보육,"만 20세 미만,만 20세 이상 ~ 만 39세 이하,만 40세 이상",,"1년미만,2년미만,3년미만,5년미만,7년미만",,,"온라인 접수: None
이메일 접수: y7hCidV05rsyWFyWj6loew==
팩스 접수: None
우편 접수: None
방문 접수: None
기타 접수: None",20260415 ~ 20260504,main,primary,True,소셜벤처창업플랫폼운영활성화|창업허브실|20260415~20260504,소셜벤처창업플랫폼운영활성화,창업허브실,20260415~20260504,www.k-startup.go.kr/web/contents/bizpbanc-ongoing.do?schm=view&pbancsn=177246,https://www.k-startup.go.kr/web/contents/bizpbanc-ongoing.do?schM=view&pbancSn=177246
kst,177245,[블루포인트] 양자컴퓨팅 분야 창업 지원 프로그램 「Quantum NEST」,"양자컴퓨팅 분야 창업을 지원하는「Quantum NEST」프로그램을 다음과 같이 공고하오니,
관심 있는 예비창업자(개인/팀)의 많은 신청 바랍니다.",창업,프론티어테크팀,전국,"대학생,일반인,대학,연구기관",사업화,"만 20세 이상 ~ 만 39세 이하,만 40세 이상",,예비창업자,,,"온라인 접수: https://forms.gle/JuqriDXYnVZA6r9u6
이메일 접수: None
팩스 접수: None
우편 접수: None
방문 접수: None
기타 접수: None",20260415 ~ 20260509,main,primary,False,블루포인트양자컴퓨팅분야창업지원프로그램quantumnest|프론티어테크팀|20260415~20260509,블루포인트양자컴퓨팅분야창업지원프로그램quantumnest,프론티어테크팀,20260415~20260509,www.k-startup.go.kr/web/contents/bizpbanc-ongoing.do?schm=view&pbancsn=177245,https://www.k-startup.go.kr/web/contents/bizpbanc-ongoing.do?schM=view&pbancSn=177245
kst,177244,2026 상반기 청년식품 창업캠프 참여자 모집 공고,식품분야 창업 관심도를 제고하고 미래 예비창업자를 발굴.지원하기 위하여 '2026 상반기 청년식품 창업캠프'를 다음과 같이 모집 공고하오니 많은 신청 바랍니다.,창업,창업교육부,전국,"대학생,일반인,대학,연구기관",창업교육,만 20세 이상 ~ 만 39세 이하,,예비창업자,,,"온라인 접수: None
이메일 접수: VmmuWUA/EQqziYnoa6ldM9tANB2UOtv5vIGqX2A6kms=
팩스 접수: None
우편 접수: None
방문 접수: None
기타 접수: None",20260415 ~ 20260430,main,primary,False,2026상반기청년식품창업캠프참여자모집공고|창업교육부|20260415~20260430,2026상반기청년식품창업캠프참여자모집공고,창업교육부,20260415~20260430,www.k-startup.go.kr/web/contents/bizpbanc-ongoing.do?schm=view&pbancsn=177244,https://www.k-startup.go.kr/web/contents/bizpbanc-ongoing.do?schM=view&pbancSn=177244
kst,177243,[블루포인트] 양자컴퓨팅 분야 비즈니스 스케일업 프로그램「Quantum Jump」참가 기업 모집,"양자컴퓨팅 및 양자 전환(QX) 기업의 성장을 지원하는「Quantum Jump」 프로그램을 다음과 같이 공고하오니,
관심있는 기업의 많은 신청 바랍니다.",창업,프론티어테크팀,전국,"일반기업,1인 창조기업",사업화,"만 20세 이상 ~ 만 39세 이하,만 40세 이상",,"1년미만,2년미만,3년미만,5년미만,7년미만,10년미만",,,"온라인 접수: https://forms.gle/udHiokykHSt5QjM76
이메일 접수: None
팩스 접수: None
우편 접수: None
방문 접수: None
기타 접수: None",20260415 ~ 20260501,main,primary,False,블루포인트양자컴퓨팅분야비즈니스스케일업프로그램quantumjump참가기업모집|프론티어테크팀|20260415~20260501,블루포인트양자컴퓨팅분야비즈니스스케일업프로그램quantumjump참가기업모집,프론티어테크팀,20260415~20260501,www.k-startup.go.kr/web/contents/bizpbanc-ongoing.do?schm=view&pbancsn=177243,https://www.k-startup.go.kr/web/contents/bizpbanc-ongoing.do?schM=view&pbancSn=177243
kst,177242,2026년도 동대문구 창업지원센터 입주자 모집 공고,서울특별시 동대문구 창업지원센터 설치·운영 계획에 따라 예비창업자 및 창업기업을 건실한 중소기업으로 육성시키고자 동대문구 창업지원센터 입주자를 다음과 같이 모집 공고합니다.,시설/공간,동대문구 창업지원센터,서울,"청소년,대학생,일반인,대학,연구기관,일반기업,1인 창조기업",시설ㆍ공간ㆍ보육,"만 20세 미만,만 20세 이상 ~ 만 39세 이하,만 40세 이상",,"예비창업자,1년미만,2년미만,3년미만,5년미만,7년미만",,,"온라인 접수: None
이메일 접수: None
팩스 접수: None
우편 접수: None
방문 접수: 동대문구 답십리로38길 19, B동 305호(답십리동, 창업지원센터)
기타 접수: None",20260415 ~ 20260428,main,primary,False,2026년도동대문구창업지원센터입주자모집공고|동대문구창업지원센터|20260415~20260428,2026년도동대문구창업지원센터입주자모집공고,동대문구창업지원센터,20260415~20260428,www.k-startup.go.kr/web/contents/bizpbanc-ongoing.do?schm=view&pbancsn=177242,https://www.k-startup.go.kr/web/contents/bizpbanc-ongoing.do?schM=view&pbancSn=177242
kst,177241,부산글로벌테크비즈센터 입주기관(기업) 모집공고,"부산글로벌테크비즈센터에 입주하여 연구개발특구 기술사업화 촉진, 지역경제 활성화 및 국가과학기술 경쟁력 창출에 기여할 입주 희망자를 모집하오니 다음 내용을 참고하시어 신청하여 주시기 바랍니다.",시설/공간,부산본부 기획경영실,부산,"대학,연구기관,일반기업,1인 창조기업",시설ㆍ공간ㆍ보육,"만 20세 미만,만 20세 이상 ~ 만 39세 이하,만 40세 이상",,"1년미만,2년미만,3년미만,5년미만,7년미만,10년미만",,,"온라인 접수: https://believed-surprise-7a6.notion.site/B-TBC-31fad30f061e80c6b738dcd0d71a6d97
이메일 접수: n0asDFXHa+G6/BzLxo8lueFMMU2JF1MG7ngAhdtdVBM=
팩스 접수: None
우편 접수: None
방문 접수: None
기타 접수: None",20260420 ~ 20280430,main,primary,False,부산글로벌테크비즈센터입주기관모집공고|부산본부기획경영실|20260420~20280430,부산글로벌테크비즈센터입주기관모집공고,부산본부기획경영실,20260420~20280430,www.k-startup.go.kr/web/contents/bizpbanc-ongoing.do?schm=view&pbancsn=177241,https://www.k-startup.go.kr/web/contents/bizpbanc-ongoing.do?schM=view&pbancSn=177241
kst,177240,"2026 특화역량 BI 지원사업 ""2026 도전! J-스타트업 콘테스트' 참가기업 모집","전북지역 우수 창업아이템과 혁신역량을 갖춘 창업기업의 발굴과 특화역량 창업보육센터 지원을 통해 창업기업의 성장 촉진과 지역창업 생태계 활성화에 기여하고자 
다음과 같이 『2026 도전! J-스타트업 콘테스트』를 개최하오니 많은 관심과 참여 바랍니다.",창업,창업일자리팀,전북,"일반인,일반기업",사업화,"만 20세 미만,만 20세 이상 ~ 만 39세 이하,만 40세 이상",,7년미만,,,"온라인 접수: None
이메일 접수: AfeKAwFEGezbQWHaDSHVJOVfDnLX6h2BULyUr5PxCBE=
팩스 접수: None
우편 접수: None
방문 접수: None
기타 접수: None",20260414 ~ 20260428,main,primary,False,2026특화역량bi지원사업2026도전j스타트업콘테스트참가기업모집|창업일자리팀|20260414~20260428,2026특화역량bi지원사업2026도전j스타트업콘테스트참가기업모집,창업일자리팀,20260414~20260428,www.k-startup.go.kr/web/contents/bizpbanc-ongoing.do?schm=view&pbancsn=177240,https://www.k-startup.go.kr/web/contents/bizpbanc-ongoing.do?schM=view&pbancSn=177240
kst,177239,인천 공공 실증 오픈이노베이션 운영기관 모집 공고,공공기관 수요기술 기반 실증을 통해 인천 지역 창업기업과 중소기업의 현장 적용 및 기술 검증을 지원하는 「인천 공공 실증 오픈이노베이션」의 운영기관을 아래와 같이 모집합니다.,창업,글로벌 오픈이노베이션팀,전국,일반기업,사업화,"만 20세 미만,만 20세 이상 ~ 만 39세 이하,만 40세 이상",,"예비창업자,1년미만,2년미만,3년미만,5년미만,7년미만,10년미만",,,"온라인 접수: None
이메일 접수: //mTeFTWWQamN3ra0xOfc21BYoNOOvcGICYVADYnEfs=
팩스 접수: None
우편 접수: None
방문 접수: None
기타 접수: None",20260415 ~ 20260429,main,primary,False,인천공공실증오픈이노베이션운영기관모집공고|글로벌오픈이노베이션팀|20260415~20260429,인천공공실증오픈이노베이션운영기관모집공고,글로벌오픈이노베이션팀,20260415~20260429,www.k-startup.go.kr/web/contents/bizpbanc-ongoing.do?schm=view&pbancsn=177239,https://www.k-startup.go.kr/web/contents/bizpbanc-ongoing.do?schM=view&pbancSn=177239
kst,177238,2026년 군위 청년(예비)창업 지원사업 (예비)청년창업자 모집 공고,대구대학교 창업보육센터에서는 「2026년 군위군 청년(예비)창업 지원사업」에 참여할 우수하고 참신한 아이디어와 기술력을 갖춘 (예비)청년창업자를 다음과 같이 모집하고자 하오니 많은 신청 바랍니다.,창업,창업보육센터 행정실,대구,일반인,사업화,"만 20세 이상 ~ 만 39세 이하,만 40세 이상",,"예비창업자,3년미만",,,"온라인 접수: None
이메일 접수: /r6Zkplm79XHm7OAV44tjQ==
팩스 접수: None
우편 접수: None
방문 접수: None
기타 접수: None",20260415 ~ 20260506,main,primary,False,2026년군위청년창업지원사업청년창업자모집공고|창업보육센터행정실|20260415~20260506,2026년군위청년창업지원사업청년창업자모집공고,창업보육센터행정실,20260415~20260506,www.k-startup.go.kr/web/contents/bizpbanc-ongoing.do?schm=view&pbancsn=177238,https://www.k-startup.go.kr/web/contents/bizpbanc-ongoing.do?schM=view&pbancSn=177238
kst,177237,서울창업허브 성수 운영,"서울시 창업지원 정책 구심점 역할을 수행하는 ‘서울창업허브’ 에서는 우수 창업기업을 키우고, 창업생태계를 연결하며, 글로벌 시장을 여는 혁신 거점을 구축하고자 합니다.
이에「서울창업허브 성수」에서는 입주공간 제공 및 집중 보육을 통해 글로벌 유니콘 기업으로 성장할 수 있도록 지원하오니, 서울창업허브와 함께 성장할 기업 분들의 많은 신청 바랍니다.",시설/공간,창업허브2팀,전국,"청소년,대학생,일반인,대학,연구기관,일반기업,1인 창조기업",시설ㆍ공간ㆍ보육,"만 20세 미만,만 20세 이상 ~ 만 39세 이하,만 40세 이상",,"7년미만,10년미만",,,"온라인 접수: https://www.startup-plus.kr/project/PRJ006617
이메일 접수: None
팩스 접수: None
우편 접수: None
방문 접수: None
기타 접수: None",20260415 ~ 20260423,main,primary,False,서울창업허브성수운영|창업허브2팀|20260415~20260423,서울창업허브성수운영,창업허브2팀,20260415~20260423,www.k-startup.go.kr/web/contents/bizpbanc-deadline.do?schm=view&pbancsn=177237,https://www.k-startup.go.kr/web/contents/bizpbanc-deadline.do?schM=view&pbancSn=177237
kst,177236,소셜벤처 창업 플랫폼 운영 활성화,"기술기반의 혁신성을 가지고 사회적 가치와 지속가능한 경영을 추구하는 유망 소셜벤처 (예비)창업자를 모집하오니, 관심 있는 (예비)창업자의 많은 신청 바랍니다.",시설/공간,창업허브실,대전,"청소년,대학생,일반인,대학,연구기관,일반기업,1인 창조기업",시설ㆍ공간ㆍ보육,"만 20세 미만,만 20세 이상 ~ 만 39세 이하,만 40세 이상",,"예비창업자,1년미만,2년미만,3년미만,5년미만,7년미만",,,"온라인 접수: None
이메일 접수: kHz52Pfe8vHrV5DotsgaNg==
팩스 접수: None
우편 접수: None
방문 접수: None
기타 접수: None",20260415 ~ 20260424,main,primary,False,소셜벤처창업플랫폼운영활성화|창업허브실|20260415~20260424,소셜벤처창업플랫폼운영활성화,창업허브실,20260415~20260424,www.k-startup.go.kr/web/contents/bizpbanc-deadline.do?schm=view&pbancsn=177236,https://www.k-startup.go.kr/web/contents/bizpbanc-deadline.do?schM=view&pbancSn=177236
kst,177235,달서구 청년창업지원센터 11차 입주기업 모집,달서구 청년창업지원센터 11차 입주기업 모집을 다음과 같이 공고하오니 예비창업자 및 기창업자의 많은 관심과 참여 바랍니다.,시설/공간,달서구 청년창업지원센터,대구,"청소년,대학생,일반인,대학,연구기관,일반기업,1인 창조기업",시설ㆍ공간ㆍ보육,만 20세 이상 ~ 만 39세 이하,,"예비창업자,1년미만,2년미만,3년미만,5년미만,7년미만",,,"온라인 접수: https://d-youth.or.kr/program/view/352/?category1=2&category2=21
이메일 접수: None
팩스 접수: None
우편 접수: None
방문 접수: None
기타 접수: None",20260420 ~ 20260515,main,primary,False,달서구청년창업지원센터11차입주기업모집|달서구청년창업지원센터|20260420~20260515,달서구청년창업지원센터11차입주기업모집,달서구청년창업지원센터,20260420~20260515,www.k-startup.go.kr/web/contents/bizpbanc-ongoing.do?schm=view&pbancsn=177235,https://www.k-startup.go.kr/web/contents/bizpbanc-ongoing.do?schM=view&pbancSn=177235
kst,177234,2026년 G-Star 오픈이노베이션 커넥팅 데이,차별화된 기술과 아이디어를 매칭하여 민간기업의 신성장동력 창출과 스타트업의 시장진입을 가속화하기 위한 동반성장 협력의 일환인「2026년 G-Star 오픈이노베이션 커넥팅 데이」참여 스타트업을 모집을 모집합니다.,행사/네트워크,AC부서,전국,일반기업,행사ㆍ네트워크,"만 20세 이상 ~ 만 39세 이하,만 40세 이상",,"1년미만,2년미만,3년미만,5년미만,7년미만,10년미만",,,"온라인 접수: https://forms.gle/2o2PjBwAy7GTPCwZ6
이메일 접수: None
팩스 접수: None
우편 접수: None
방문 접수: None
기타 접수: None",20260415 ~ 20260506,main,primary,False,2026년gstar오픈이노베이션커넥팅데이|ac부서|20260415~20260506,2026년gstar오픈이노베이션커넥팅데이,ac부서,20260415~20260506,www.k-startup.go.kr/web/contents/bizpbanc-ongoing.do?schm=view&pbancsn=177234,https://www.k-startup.go.kr/web/contents/bizpbanc-ongoing.do?schM=view&pbancSn=177234
kst,177233,2026 경기도 ICT Product  시험 인증 지원  공모,"ICT/IoT기반 제조분야 글로벌 표준을 준수한 인증&보안 원천기술을 위한 다양한 솔루션 제공 및 인증서, 시험성적서 관리 플랫폼 지원합니다.",창업,연구기획실 메이커스페이스,경기,"대학생,일반인,연구기관,일반기업,1인 창조기업",사업화,"만 20세 이상 ~ 만 39세 이하,만 40세 이상",,7년미만,,,"온라인 접수: https://www.aictms.or.kr/core/?cid=65&role=programevview&pSeq=4319&tab=
이메일 접수: None
팩스 접수: None
우편 접수: None
방문 접수: None
기타 접수: None",20260420 ~ 20260508,main,primary,False,2026경기도ictproduct시험인증지원공모|연구기획실메이커스페이스|20260420~20260508,2026경기도ictproduct시험인증지원공모,연구기획실메이커스페이스,20260420~20260508,www.k-startup.go.kr/web/contents/bizpbanc-ongoing.do?schm=view&pbancsn=177233,https://www.k-startup.go.kr/web/contents/bizpbanc-ongoing.do?schM=view&pbancSn=177233
kst,177231,K-Camp 강원 6기 액셀러레이팅 프로그램 스타트업 모집 공고,한국예탁결제원에서 주최하고 씨엔티테크가 운영하는 혁신·창업기업 지원프로그램 『2026년 K-Camp 강원 6기 액셀러레이팅 프로그램』에 참여할 스타트업을 모집합니다. 강원도의 스타트업 생태계를 이끌어 갈 유망 스타트업의 많은 관심과 참여 바랍니다.,창업,K-Camp 강원 6기 운영사무국,강원,"대학생,일반인,대학,연구기관,일반기업,1인 창조기업",사업화,"만 20세 이상 ~ 만 39세 이하,만 40세 이상",,7년미만,,,"온라인 접수: None
이메일 접수: wemwySYK04K07nwJFCEyiFW0ode6bdJIM/WLO9blsr8=
팩스 접수: None
우편 접수: None
방문 접수: None
기타 접수: None",20260415 ~ 20260506,main,primary,False,kcamp강원6기액셀러레이팅프로그램스타트업모집공고|kcamp강원6기운영사무국|20260415~20260506,kcamp강원6기액셀러레이팅프로그램스타트업모집공고,kcamp강원6기운영사무국,20260415~20260506,www.k-startup.go.kr/web/contents/bizpbanc-ongoing.do?schm=view&pbancsn=177231,https://www.k-startup.go.kr/web/contents/bizpbanc-ongoing.do?schM=view&pbancSn=177231
kst,177230,2026 상반기 서울 AI 허브 고성능 컴퓨팅 인프라 지원사업,"서울 AI 허브는 고성능 컴퓨팅 자원을 안정적으로 공급하여 스타트업의 기술적 임계점 돌파를 지원하고, 글로벌 클라우드 생태계와의 전략적 연계를 통해 서울 AI 스타트업의 실질적인 비즈니스 확장 기회를 창출하고자 합니다.",기술,서울 AI 허브 산업AX팀,서울,"청소년,대학생,일반인,대학,연구기관,일반기업,1인 창조기업",기술개발(R&amp;D),"만 20세 미만,만 20세 이상 ~ 만 39세 이하,만 40세 이상",,"1년미만,2년미만,3년미만,5년미만,7년미만",,,"온라인 접수: https://www.startup-plus.kr/project/PRJ006680
이메일 접수: None
팩스 접수: None
우편 접수: None
방문 접수: None
기타 접수: None",20260414 ~ 20260508,main,primary,False,2026상반기서울ai허브고성능컴퓨팅인프라지원사업|서울ai허브산업ax팀|20260414~20260508,2026상반기서울ai허브고성능컴퓨팅인프라지원사업,서울ai허브산업ax팀,20260414~20260508,www.k-startup.go.kr/web/contents/bizpbanc-ongoing.do?schm=view&pbancsn=177230,https://www.k-startup.go.kr/web/contents/bizpbanc-ongoing.do?schM=view&pbancSn=177230
kst,177229,「2026 광주콘텐츠코리아랩」콘텐츠 창·제작 지원사업 주니어 크리에이터(1단계) 추가 모집 공고,(재)광주정보문화산업진흥원 광주콘텐츠코리아랩에서는 콘텐츠 분야 예비창작자 및 초기창업자의 원천 IP 기반 콘텐츠 제작 및 사업화를 지원하기 위한 「2026 광주콘텐츠코리아랩 콘텐츠 창·제작 지원사업 부스터 크리에이터(2·3단계)」를 아래와 같이 공고합니다. 많은 관심과 참여 부탁드립니다.,창업,콘텐츠기반팀,광주,"일반인,일반기업,1인 창조기업",사업화,"만 20세 미만,만 20세 이상 ~ 만 39세 이하,만 40세 이상",,"예비창업자,3년미만",,,"온라인 접수: https://www.gicon.or.kr/board.es?mid=a10204000000&bid=0003&act=view&list_no=31814
이메일 접수: None
팩스 접수: None
우편 접수: None
방문 접수: None
기타 접수: None",20260413 ~ 20260420,main,primary,False,2026광주콘텐츠코리아랩콘텐츠창제작지원사업주니어크리에이터추가모집공고|콘텐츠기반팀|20260413~20260420,2026광주콘텐츠코리아랩콘텐츠창제작지원사업주니어크리에이터추가모집공고,콘텐츠기반팀,20260413~20260420,www.k-startup.go.kr/web/contents/bizpbanc-deadline.do?schm=view&pbancsn=177229,https://www.k-startup.go.kr/web/contents/bizpbanc-deadline.do?schM=view&pbancSn=177229
kst,177228,[국비지원교육]디지털드로잉 기반 창작캐릭터 IP 상품화 전문과정 교육생 모집,"[성평등가족부와 서울시 지원의  직업교육훈련] 디지털드로잉 기반 창작캐릭터 IP 상품화 전문과정 교육생 모집합니다. 캐릭터 창작에서 이모티콘 출시, 굿즈제작에서 스마트스토어 개설로 연계되는 콘텐츠 창업교육을 통하여 창업을 희망하는 여성은 안내에 따라 신청하시기 바랍니다.",창업,서부새일센터,서울,일반인,창업교육,"만 20세 이상 ~ 만 39세 이하,만 40세 이상",,"예비창업자,1년미만,2년미만,3년미만,5년미만,7년미만,10년미만",,,"온라인 접수: None
이메일 접수: dR4fki+V4CN0JCJIjzm7lrWdhDw8ZfA29LUENpTbVO0=
팩스 접수: None
우편 접수: None
방문 접수: 서부여성발전센터 1층 사무실(서울시 양천구 남부순환로 371)
기타 접수: None",20260414 ~ 20260518,main,primary,False,국비지원교육디지털드로잉기반창작캐릭터ip상품화전문과정교육생모집|서부새일센터|20260414~20260518,국비지원교육디지털드로잉기반창작캐릭터ip상품화전문과정교육생모집,서부새일센터,20260414~20260518,www.k-startup.go.kr/web/contents/bizpbanc-ongoing.do?schm=view&pbancsn=177228,https://www.k-startup.go.kr/web/contents/bizpbanc-ongoing.do?schM=view&pbancSn=177228
kst,177227,[성남산업진흥원] 2026 독일 뒤셀도르프 의료기기전시회(MEDICA 2026) 참가기업 모집,"성남시 및 성남산업진흥원은 관내 중소기업의 해외시장 판로개척 지원을 위해 '2026 독일 뒤셀도르프 의료기기전시회(MEDICA 2026)'참가 기업을 다음과 같이 모집하오니,  관내 기업들의 많은 관심과 신청 바랍니다.",판로/수출,글로벌마케팅부,경기,"일반기업,1인 창조기업",판로ㆍ해외진출,"만 20세 미만,만 20세 이상 ~ 만 39세 이하,만 40세 이상",,"1년미만,2년미만,3년미만,5년미만,7년미만,10년미만",,,"온라인 접수: https://portal.snip.or.kr:8443/portal/snip/MainMenu/businessManagement/application.page?portlet=2026-0103&portlet2=4136&ptlYn=Y
이메일 접수: None
팩스 접수: None
우편 접수: None
방문 접수: None
기타 접수: None",20260414 ~ 20260428,main,primary,False,성남산업진흥원2026독일뒤셀도르프의료기기전시회참가기업모집|글로벌마케팅부|20260414~20260428,성남산업진흥원2026독일뒤셀도르프의료기기전시회참가기업모집,글로벌마케팅부,20260414~20260428,www.k-startup.go.kr/web/contents/bizpbanc-ongoing.do?schm=view&pbancsn=177227,https://www.k-startup.go.kr/web/contents/bizpbanc-ongoing.do?schM=view&pbancSn=177227
kst,177226,2026년「펨테크 산업 육성 사업」프로그램 참여기업 모집,"여성의 생애주기에 걸친 삶의 질 개선을 위한 제품, 서비스를 제공하는 ‘펨테크 기업’의 성장을 지원하고자 하오니 역량 있는 기업의 적극적인 참여를 바랍니다.",자금,전략사업팀,전국,"청소년,대학생,일반인,일반기업,1인 창조기업",정책자금,"만 20세 이상 ~ 만 39세 이하,만 40세 이상",,"예비창업자,1년미만,2년미만,3년미만,5년미만,7년미만,10년미만",,,"온라인 접수: kwbiz.or.kr/notice/BOARD_000002178?pageIndex=1&categoryId=notice&searchCondition=ALL&searchKeyword=
이메일 접수: None
팩스 접수: None
우편 접수: None
방문 접수: None
기타 접수: None",20260416 ~ 20260430,main,primary,False,2026년펨테크산업육성사업프로그램참여기업모집|전략사업팀|20260416~20260430,2026년펨테크산업육성사업프로그램참여기업모집,전략사업팀,20260416~20260430,www.k-startup.go.kr/web/contents/bizpbanc-ongoing.do?schm=view&pbancsn=177226,https://www.k-startup.go.kr/web/contents/bizpbanc-ongoing.do?schM=view&pbancSn=177226
kst,177225,「2026서울바이오허브-기술보증기금 글로벌 진출 성장 가속 프로그램」 전문 수행기관 모집 공고,"국내 바이오·의료 창업기업의 해외 진출 활성화를 위하여 「2026 서울바이오허브-기술보증기금 글로벌 진출 성장 가속 프로그램」을 운영할 전문 수행기관을 모집하오니, 관심 있는 기관(업)은 아래의 절차에 따라 신청 바랍니다.",판로/수출,서울바이오허브사업단 성장지원팀,전국,일반기업,판로ㆍ해외진출,"만 20세 이상 ~ 만 39세 이하,만 40세 이상",,10년미만,,,"온라인 접수: www.seoulbiohub.kr/front/supportManageReq/supportManageView.do?seq=761&gubun=09&link_g_topmenu_id=310&link_g_submenu_id=310&link_g_homepage=F
이메일 접수: None
팩스 접수: None
우편 접수: None
방문 접수: None
기타 접수: None",20260414 ~ 20260427,main,primary,False,2026서울바이오허브기술보증기금글로벌진출성장가속프로그램전문수행기관모집공고|서울바이오허브사업단성장지원팀|20260414~20260427,2026서울바이오허브기술보증기금글로벌진출성장가속프로그램전문수행기관모집공고,서울바이오허브사업단성장지원팀,20260414~20260427,www.k-startup.go.kr/web/contents/bizpbanc-deadline.do?schm=view&pbancsn=177225,https://www.k-startup.go.kr/web/contents/bizpbanc-deadline.do?schM=view&pbancSn=177225
kst,177224,[신용보증기금] 스타트업 육성 플랫폼「Start-up NEST」제19기 일반·특별전형 참여기업 모집,"국내 대표 스타트업 육성 플랫폼「Start-up NEST」제19기 일반·특별전형에 함께할 스타트업을 모집합니다.
신용보증기금이 액셀러레이터, 공공기관, 대기업 등과 협업하여 체계적인 융·복합 지원을 제공하오니 역량있는 스타트업의 많은 관심 부탁드립니다.",교육/멘토링,스케일업금융센터,전국,"청소년,대학생,일반인,대학,연구기관,일반기업,1인 창조기업",멘토링ㆍ컨설팅ㆍ교육,"만 20세 미만,만 20세 이상 ~ 만 39세 이하,만 40세 이상",,"예비창업자,1년미만,2년미만,3년미만",,,"온라인 접수: https://www.kodit.co.kr/sut/index.do
이메일 접수: None
팩스 접수: None
우편 접수: None
방문 접수: None
기타 접수: None",20260416 ~ 20260506,main,primary,False,신용보증기금스타트업육성플랫폼startupnest제19기일반특별전형참여기업모집|스케일업금융센터|20260416~20260506,신용보증기금스타트업육성플랫폼startupnest제19기일반특별전형참여기업모집,스케일업금융센터,20260416~20260506,www.k-startup.go.kr/web/contents/bizpbanc-ongoing.do?schm=view&pbancsn=177224,https://www.k-startup.go.kr/web/contents/bizpbanc-ongoing.do?schM=view&pbancSn=177224
kst,177223,2026 서강 se7en on the table 전문가 멘토링 프로그램 (1회차) 참가기업 모집(~4.29),"7개 분야의 전문가(①경영·BM, ②마케팅·영업, ③노무·인사, ④지식재산권, ⑤투자, ⑥재무·회계, ⑦정부정책자금)를 통해 창업기업의 사업 아이템 및 추진전략에 대해 기업을 체계적으로 진단 후, 창업기업이 직면하였거나 이후 발생 가능한 문제를 해결할 수 있는 보완 솔루션을 제공드리는 프로그램을 진행하고자합니다. 관심있는 창업기업들의 많은 참여 부탁드립니다.",교육/멘토링,판교캠퍼스사업단,경기,"일반기업,1인 창조기업",멘토링ㆍ컨설팅ㆍ교육,"만 20세 이상 ~ 만 39세 이하,만 40세 이상",,"1년미만,2년미만,3년미만,5년미만,7년미만,10년미만",,,"온라인 접수: None
이메일 접수: aOiuSiGi1g0bA3lYMWqQsYG6AJKC6IXLcbgZPwb0BWw=
팩스 접수: None
우편 접수: None
방문 접수: None
기타 접수: None",20260414 ~ 20260429,main,primary,False,2026서강se7enonthetable전문가멘토링프로그램참가기업모집|판교캠퍼스사업단|20260414~20260429,2026서강se7enonthetable전문가멘토링프로그램참가기업모집,판교캠퍼스사업단,20260414~20260429,www.k-startup.go.kr/web/contents/bizpbanc-ongoing.do?schm=view&pbancsn=177223,https://www.k-startup.go.kr/web/contents/bizpbanc-ongoing.do?schM=view&pbancSn=177223
kst,177222,IP 디딤돌 프로그램,"경북북부지식재산센터에서는 경상북도 지역민의 아이디어를 발굴하여 이를 지식재산화하고 사업화로 연계하여 우리지역 창조경제 기반 조성에 이바지하기 위해 「경상북도 IP창업Zone 46기(안동)」과정을 운영하오니, 많은 관심과 참여 바랍니다.",교육/멘토링,경북북부지식재산센터,경북,"청소년,대학생,일반인,대학,연구기관,일반기업,1인 창조기업",멘토링ㆍ컨설팅ㆍ교육,"만 20세 미만,만 20세 이상 ~ 만 39세 이하,만 40세 이상",,"예비창업자,1년미만",,,"온라인 접수: None
이메일 접수: uYKbLuzzXv21/RtiN8C9u2Z4cMLhhNNPK48Dcq+eF+A=
팩스 접수:  054-859-3092
우편 접수: None
방문 접수: 경북 안동시 축제장길 240, 1층 경북북부지식재산센터
기타 접수: None",20260414 ~ 20260520,main,primary,False,ip디딤돌프로그램|경북북부지식재산센터|20260414~20260520,ip디딤돌프로그램,경북북부지식재산센터,20260414~20260520,www.k-startup.go.kr/web/contents/bizpbanc-ongoing.do?schm=view&pbancsn=177222,https://www.k-startup.go.kr/web/contents/bizpbanc-ongoing.do?schM=view&pbancSn=177222
kst,177221,IP 디딤돌 프로그램,"경북북부지식재산센터에서는 경상북도 지역민의 아이디어를 발굴하여 이를 지식재산화하고 사업화로 연계하여 우리지역 창조경제 기반 조성에 이바지하기 위해 「경상북도 IP창업Zone 45기(포항)」과정을 운영하오니, 많은 관심과 참여 바랍니다.",교육/멘토링,경북북부지식재산센터,경북,"청소년,대학생,일반인,대학,연구기관,일반기업,1인 창조기업",멘토링ㆍ컨설팅ㆍ교육,"만 20세 미만,만 20세 이상 ~ 만 39세 이하,만 40세 이상",,"예비창업자,1년미만",,,"온라인 접수: None
이메일 접수: uYKbLuzzXv21/RtiN8C9u2Z4cMLhhNNPK48Dcq+eF+A=
팩스 접수: 054-859-3092
우편 접수: None
방문 접수: 경북 안동시 축제장길 240, 1층 경북북부지식재산센터
기타 접수: None",20260414 ~ 20260513,main,primary,False,ip디딤돌프로그램|경북북부지식재산센터|20260414~20260513,ip디딤돌프로그램,경북북부지식재산센터,20260414~20260513,www.k-startup.go.kr/web/contents/bizpbanc-ongoing.do?schm=view&pbancsn=177221,https://www.k-startup.go.kr/web/contents/bizpbanc-ongoing.do?schM=view&pbancSn=177221
kst,177220,2026년 U-RISE 스타트업 캠퍼스 사업 창업팀 모집 공고,"울산창조경제혁신센터에서는 우수 아이디어를 보유한 창업에 관심 있는 울산대학교 대학(원)생·교원(예비)창업자, 졸업자를 대상으로 전문적인 창업지원 프로그램을 제공하여 역량 있는 창업자로 육성하기 위해 「2026년 U-RISE 스타트업캠퍼스」모집을 다음과 같이 공고 하오니, 많은 참여 바랍니다.",창업,기술창업팀,울산,"대학생,일반인",사업화,만 20세 이상 ~ 만 39세 이하,,"예비창업자,1년미만,2년미만,3년미만",,,"온라인 접수: https://ulsanstartuphub.kr/program?category=apply&mod=view&class=%EC%A0%84%EC%B2%B4&page=0&key=&idx=80&set=
이메일 접수: None
팩스 접수: None
우편 접수: None
방문 접수: None
기타 접수: None",20260414 ~ 20260430,main,primary,False,2026년urise스타트업캠퍼스사업창업팀모집공고|기술창업팀|20260414~20260430,2026년urise스타트업캠퍼스사업창업팀모집공고,기술창업팀,20260414~20260430,www.k-startup.go.kr/web/contents/bizpbanc-ongoing.do?schm=view&pbancsn=177220,https://www.k-startup.go.kr/web/contents/bizpbanc-ongoing.do?schM=view&pbancSn=177220
kst,177219,2026년 과천시 창업지원센터 스마트오피스 입주기업 모집 공고,"과천시는 소규모 창업 및 우수한 기술 기반의 예비 창업기업을 발굴하고 육성시켜 성공 사례를 창출하고, 이를 기반으로 지역경제를 이끌 전문기업으로 육성시켜 과천 지역 창업생태계의 기반을 확립하고 미래 성장동력을 확보하고자 아래와 같이 스마트오피스 입주기업 모집을 공고합니다.",시설/공간,운영팀,전국,"청소년,대학생,일반인,일반기업,1인 창조기업",시설ㆍ공간ㆍ보육,"만 20세 미만,만 20세 이상 ~ 만 39세 이하,만 40세 이상",,"예비창업자,1년미만",,,"온라인 접수: https://miniintern.com/event/3143
이메일 접수: None
팩스 접수: None
우편 접수: None
방문 접수: None
기타 접수: None",20260414 ~ 20260426,main,primary,False,2026년과천시창업지원센터스마트오피스입주기업모집공고|운영팀|20260414~20260426,2026년과천시창업지원센터스마트오피스입주기업모집공고,운영팀,20260414~20260426,www.k-startup.go.kr/web/contents/bizpbanc-deadline.do?schm=view&pbancsn=177219,https://www.k-startup.go.kr/web/contents/bizpbanc-deadline.do?schM=view&pbancSn=177219
kst,177218,[강동구 청년해냄센터] 취약분야 상시 컨설팅 5월 참가자 모집 공고,강동구 청년해냄센터에서 5월 취약 분야 상시 컨설팅 계획을 다음과 같이 공고하니 참여 희망자는 안내에 따라 신청하시기 바랍니다.,교육/멘토링,운영사무실,전국,"청소년,대학생,일반인,대학,연구기관,일반기업,1인 창조기업",멘토링ㆍ컨설팅ㆍ교육,"만 20세 미만,만 20세 이상 ~ 만 39세 이하,만 40세 이상",,"예비창업자,1년미만,2년미만,3년미만,5년미만,7년미만,10년미만",,,"온라인 접수: http://www.gdhaenaem.com/?c=169
이메일 접수: None
팩스 접수: None
우편 접수: None
방문 접수: None
기타 접수: None",20260414 ~ 20260531,main,primary,False,강동구청년해냄센터취약분야상시컨설팅5월참가자모집공고|운영사무실|20260414~20260531,강동구청년해냄센터취약분야상시컨설팅5월참가자모집공고,운영사무실,20260414~20260531,www.k-startup.go.kr/web/contents/bizpbanc-ongoing.do?schm=view&pbancsn=177218,https://www.k-startup.go.kr/web/contents/bizpbanc-ongoing.do?schM=view&pbancSn=177218
kst,177217,‘스테이블코인 AML 규제 동향 및 시사점' 비대면 교육 참가자 모집,서울핀테크랩에서는 핀테크 스타트업의 규제 대응 역량 강화를 지원하기 위한 실무 교육으로「2026년 서울핀테크랩 제9회 FIN-아카데미」를 운영합니다.,교육/멘토링,서울핀테크랩,전국,"청소년,대학생,일반인,대학,연구기관,일반기업,1인 창조기업",멘토링ㆍ컨설팅ㆍ교육,"만 20세 미만,만 20세 이상 ~ 만 39세 이하,만 40세 이상",,"예비창업자,1년미만,2년미만,3년미만,5년미만,7년미만,10년미만",,,"온라인 접수: https://forms.gle/93ehzhFJLJFYh3HDA
이메일 접수: None
팩스 접수: None
우편 접수: None
방문 접수: None
기타 접수: None",20260415 ~ 20260429,main,primary,False,스테이블코인aml규제동향및시사점비대면교육참가자모집|서울핀테크랩|20260415~20260429,스테이블코인aml규제동향및시사점비대면교육참가자모집,서울핀테크랩,20260415~20260429,www.k-startup.go.kr/web/contents/bizpbanc-ongoing.do?schm=view&pbancsn=177217,https://www.k-startup.go.kr/web/contents/bizpbanc-ongoing.do?schM=view&pbancSn=177217
kst,177216,창업보육센터 지원,"중진공 안산POST-BI센터에서는 유망 기술력 보유 중소기업을 대상으로, 기업 성장에 필요한 각종 지원을 통해 IPO를 지향하는 기업의 성장을 지원합니다. 창업 이후 도약을 희망하는 신규 입주기업을 아래와 같이 모집하오니 많은 관심과 참여 바랍니다.",시설/공간,창업보육센터,경기,"대학생,일반인,대학,연구기관,일반기업,1인 창조기업",시설ㆍ공간ㆍ보육,"만 20세 미만,만 20세 이상 ~ 만 39세 이하,만 40세 이상",,7년미만,,,"온라인 접수: None
이메일 접수: vEmdmkG5du5F6oiZUkxg3RqpG+4DjrkNO3IeyWpt7QM=
팩스 접수: None
우편 접수: None
방문 접수: None
기타 접수: None",20260414 ~ 20260513,main,primary,False,창업보육센터지원|창업보육센터|20260414~20260513,창업보육센터지원,창업보육센터,20260414~20260513,www.k-startup.go.kr/web/contents/bizpbanc-ongoing.do?schm=view&pbancsn=177216,https://www.k-startup.go.kr/web/contents/bizpbanc-ongoing.do?schM=view&pbancSn=177216
kst,177215,"dcamp startupOI 금융권x스타트업 우수 협력 사례 공모(금융위원장상, 디캠프 이사장상 시상)","금융권과 스타트업은 혁신 기술을 기반으로 새로운 미래를 앞당기고자 다양한 시도를 함께하고 있습니다. 디캠프는 금융권과 스타트업의 동반 성장을 조망하고, 창업생태계 내 저변 확대를 도모하고자「스타트업 OI #금융권」을 개최합니다.

이번 행사에서는 금융기관과 투자사, 스타트업 관계자들이 한자리에 모여 금융기관과 스타트업이 함께 만들어낸 대표적인 성과를 공유합니다. 아울러 우수 사례를 창출한 팀에게는 금융위원회, 디캠프, 한국핀테크지원센터 등 주요 기관 대표자상이 수여될 예정입니다.  

오늘의 만남이 금융권과 스타트업 모두에게 새로운 협업의 가능성을 발견하고, 투자 유치와 사업 확장의 기회를 모색하는 뜻 깊은 자리가 되기를 기대합니다. 
많은 관심과 적극적인 참여를 부탁 드립니다.",행사/네트워크,사업실 리소스,전국,"연구기관,일반기업,1인 창조기업",행사ㆍ네트워크,"만 20세 이상 ~ 만 39세 이하,만 40세 이상",,"예비창업자,1년미만,2년미만,3년미만,5년미만,7년미만,10년미만",,,"온라인 접수: dcamp.kr/program/220841
이메일 접수: None
팩스 접수: None
우편 접수: None
방문 접수: None
기타 접수: None",20260413 ~ 20260514,main,primary,False,dcampstartupoi금융권x스타트업우수협력사례공모|사업실리소스|20260413~20260514,dcampstartupoi금융권x스타트업우수협력사례공모,사업실리소스,20260413~20260514,www.k-startup.go.kr/web/contents/bizpbanc-ongoing.do?schm=view&pbancsn=177215,https://www.k-startup.go.kr/web/contents/bizpbanc-ongoing.do?schM=view&pbancSn=177215
kst,177214,2026 대덕특구 딥테크 혁신성장 플랫폼(전략기술 발굴 및 매칭),새로운 성장동력인 국가전략기술 분야의 시장 선점을 위해 공공기술을 활용하여 신속한 사업화를 추진하는 기업을 지원합니다.,창업,대덕특구본부 혁신기업지원실,전국,"청소년,대학생,일반인,대학,연구기관,일반기업,1인 창조기업",사업화,"만 20세 미만,만 20세 이상 ~ 만 39세 이하,만 40세 이상",,"예비창업자,1년미만,2년미만,3년미만,5년미만,7년미만,10년미만",,,"온라인 접수: https://docs.google.com/forms/d/e/1FAIpQLSfVEzugVpfKUMlCAN0ZqPArVro-WH4Rnp6BAMwo_K0vaT0U5Q/viewform
이메일 접수: None
팩스 접수: None
우편 접수: None
방문 접수: None
기타 접수: None",20260413 ~ 20260531,main,primary,False,2026대덕특구딥테크혁신성장플랫폼|대덕특구본부혁신기업지원실|20260413~20260531,2026대덕특구딥테크혁신성장플랫폼,대덕특구본부혁신기업지원실,20260413~20260531,www.k-startup.go.kr/web/contents/bizpbanc-ongoing.do?schm=view&pbancsn=177214,https://www.k-startup.go.kr/web/contents/bizpbanc-ongoing.do?schM=view&pbancSn=177214
kst,177213,모두의창업 프로젝트 설명회 참가자 모집,모두의창업 프로젝트 설명회를 다음과 같이 개최하오니 많은 참여 부탁드립니다.,교육/멘토링,창업지원단,경기,"청소년,대학생,일반인,대학,연구기관,일반기업,1인 창조기업",멘토링ㆍ컨설팅ㆍ교육,"만 20세 미만,만 20세 이상 ~ 만 39세 이하,만 40세 이상",,3년미만,,,"온라인 접수: https://forms.gle/VcCXPAjzQ9jPWwbQ9
이메일 접수: None
팩스 접수: None
우편 접수: None
방문 접수: None
기타 접수: None",20260414 ~ 20260422,main,primary,False,모두의창업프로젝트설명회참가자모집|창업지원단|20260414~20260422,모두의창업프로젝트설명회참가자모집,창업지원단,20260414~20260422,www.k-startup.go.kr/web/contents/bizpbanc-deadline.do?schm=view&pbancsn=177213,https://www.k-startup.go.kr/web/contents/bizpbanc-deadline.do?schM=view&pbancSn=177213
kst,177212,남동구 청년창업지원센터 입주기업 모집,"남동구 청년창업지원센터(논현동, 만부마을) 입주자를 아래와 같이 추가 모집하오니, 열정과 참신한 창업 아이디어를 가진 청년 창업자 또는 예비 창업자의 많은 신청 바랍니다.",시설/공간,창업보육팀,인천,"대학생,일반인,일반기업,1인 창조기업",시설ㆍ공간ㆍ보육,만 20세 이상 ~ 만 39세 이하,,"예비창업자,1년미만,2년미만,3년미만,5년미만",,,"온라인 접수: None
이메일 접수: kUe4W+0uD7SlzjWdoqikvPBobUhkROGIngPtABim1y0=
팩스 접수: None
우편 접수: None
방문 접수: 인천 남동구 은봉로 297, 별관 2층 남동구 청년창업지원센터 운영사무실
기타 접수: None",20260413 ~ 20260515,main,primary,False,남동구청년창업지원센터입주기업모집|창업보육팀|20260413~20260515,남동구청년창업지원센터입주기업모집,창업보육팀,20260413~20260515,www.k-startup.go.kr/web/contents/bizpbanc-ongoing.do?schm=view&pbancsn=177212,https://www.k-startup.go.kr/web/contents/bizpbanc-ongoing.do?schM=view&pbancSn=177212
kst,177211,「2026년 경상북도 지역혁신 프로젝트」혁신창업/데스벨리 지원 공고(2차),"경상북도 서부권 내 전자산업 관련 창업기업의 데스벨리 구간 극복을 위해 고용노동부와 경상북도가 지원하고, (재)경북IT융합산업기술원에서 추진하는「혁신창업/데스벨리 지원」의 지원내용을 안내하오니 관련 기업의 많은 관심과 참여 바랍니다.",창업,벤처창업전략팀,경북,일반기업,사업화,"만 20세 이상 ~ 만 39세 이하,만 40세 이상",,7년미만,,,"온라인 접수: https://gitc.or.kr/main/detail?x=53&c=A_69dd84574102f
이메일 접수: FK5JXEv35fcpzgxJcOjONpTPZDrkxMk1p/SjeRIB60o=
팩스 접수: None
우편 접수: None
방문 접수: None
기타 접수: None",20260414 ~ 20260424,main,primary,False,2026년경상북도지역혁신프로젝트혁신창업데스벨리지원공고|벤처창업전략팀|20260414~20260424,2026년경상북도지역혁신프로젝트혁신창업데스벨리지원공고,벤처창업전략팀,20260414~20260424,www.k-startup.go.kr/web/contents/bizpbanc-deadline.do?schm=view&pbancsn=177211,https://www.k-startup.go.kr/web/contents/bizpbanc-deadline.do?schM=view&pbancSn=177211
kst,177210,「2026 딥테크 스튜디오」,"대전창조경제혁신센터는 「2026 딥테크 스튜디오 」사업을 통해  대전 지역 대학·출연연이 보유한 유망 기술의 사업화를 촉진하고, 이를 기반으로 기술경쟁력 확보 및 투자유치를 희망하는 딥테크 스타트업을 모집합니다. 세부 시행 계획을 다음과 같이 상시 공고하오니 많은 관심과 참여 바랍니다.",창업,딥테크창업전략실,대전,"청소년,대학생,일반인,대학,연구기관,일반기업,1인 창조기업",사업화,"만 20세 이상 ~ 만 39세 이하,만 40세 이상",,"예비창업자,1년미만,2년미만,3년미만,5년미만,7년미만",,,"온라인 접수: None
이메일 접수: w5WOWxxlcxBKIfOM4nUpJQ==
팩스 접수: None
우편 접수: None
방문 접수: None
기타 접수: None",20260414 ~ 20261031,main,primary,False,2026딥테크스튜디오|딥테크창업전략실|20260414~20261031,2026딥테크스튜디오,딥테크창업전략실,20260414~20261031,www.k-startup.go.kr/web/contents/bizpbanc-ongoing.do?schm=view&pbancsn=177210,https://www.k-startup.go.kr/web/contents/bizpbanc-ongoing.do?schM=view&pbancSn=177210
kst,177209,[공고 제2026-29호] 2026 고도화 게임 제작지원사업 모집공고,"(재)전북특별자치도 콘텐츠융합진흥원에서는 「2026 고도화 게임 제작지원사업」을
아래와 같이 공고하오니 많은 관심과 참여 부탁드립니다.

자세한 사항은 첨부된 공고문 및 안내문을 확인부탁드립니다.",창업,문화콘텐츠사업팀,전북,"일반기업,1인 창조기업",사업화,"만 20세 이상 ~ 만 39세 이하,만 40세 이상",,"1년미만,2년미만,3년미만,5년미만,7년미만,10년미만",,,"온라인 접수: https://www.bojo.go.kr/bojo.do?popShareUrl=/ia/getIA005100Popup.do?&bsnsyear=&wdrLcgvCode=&labSfrndCode=&manageBsnsId=&nttId=202641000000400100013A&pid=POPUP&title=%EA%B3%B5%EB%AA%A8%EC%A0%95%EB%B3%B4
이메일 접수: None
팩스 접수: None
우편 접수: None
방문 접수: None
기타 접수: e나라도움 신청 및 접수",20260408 ~ 20260428,main,primary,False,공고제202629호2026고도화게임제작지원사업모집공고|문화콘텐츠사업팀|20260408~20260428,공고제202629호2026고도화게임제작지원사업모집공고,문화콘텐츠사업팀,20260408~20260428,www.k-startup.go.kr/web/contents/bizpbanc-ongoing.do?schm=view&pbancsn=177209,https://www.k-startup.go.kr/web/contents/bizpbanc-ongoing.do?schM=view&pbancSn=177209
kst,177208,2026년 판로확대 지원사업 모집 공고,소상공인의 판로 확대와 매출 성장을 위해 쇼핑몰 통합관리 시스템을 지원하는 「2026년 판로확대 지원」 사업을 다음과 같이 공고하오니 많은 관심과 참여 바랍니다.,판로/수출,디지털혁신사업부,전국,"일반기업,1인 창조기업",판로ㆍ해외진출,"만 20세 미만,만 20세 이상 ~ 만 39세 이하,만 40세 이상",,"1년미만,2년미만,3년미만,5년미만,7년미만,10년미만",,,"온라인 접수: https://heemangfdn.or.kr/layout/res/home.php?go=pds.list&pds_type=1&start=0&num=1382&s_key1=&s_head=&s_que=
이메일 접수: None
팩스 접수: None
우편 접수: None
방문 접수: None
기타 접수: None",20260413 ~ 20260506,main,primary,False,2026년판로확대지원사업모집공고|디지털혁신사업부|20260413~20260506,2026년판로확대지원사업모집공고,디지털혁신사업부,20260413~20260506,www.k-startup.go.kr/web/contents/bizpbanc-ongoing.do?schm=view&pbancsn=177208,https://www.k-startup.go.kr/web/contents/bizpbanc-ongoing.do?schM=view&pbancSn=177208
kst,177207,메트라이프 Inclusion Plus 9.0,포용 금융 (일자리 창출 포함) 및 헬스케어 솔루션 보유 임팩트 비즈니스 대상 액셀러레이팅 및 투자 프로그램 「메트라이프 Inclusion Plus 9.0」 참여기업을 모집합니다. 임팩트 비즈니스 기업의 많은 참여 부탁드립니다.,창업,사내기업 1,전국,"청소년,대학생,일반인,대학,연구기관,일반기업,1인 창조기업",사업화,"만 20세 미만,만 20세 이상 ~ 만 39세 이하,만 40세 이상",,"1년미만,2년미만,3년미만,5년미만,7년미만,10년미만",,,"온라인 접수: https://docs.google.com/forms/d/e/1FAIpQLSeKlN26rqJnoUk817ylQnIVTNKVylG8ckExX0O2-rwjrnLaZg/viewform
이메일 접수: None
팩스 접수: None
우편 접수: None
방문 접수: None
기타 접수: None",20260413 ~ 20260508,main,primary,False,메트라이프inclusionplus90|사내기업1|20260413~20260508,메트라이프inclusionplus90,사내기업1,20260413~20260508,www.k-startup.go.kr/web/contents/bizpbanc-ongoing.do?schm=view&pbancsn=177207,https://www.k-startup.go.kr/web/contents/bizpbanc-ongoing.do?schM=view&pbancSn=177207
kst,177206,"2026 강한 소상공인  파트너사 모집 공고(동남권 - 부산, 울산, 경남)","부산, 울산, 경남 지역의 기업가·장인정신, 창의·혁신적인 아이템 등을 보유한 소상공인 함께
비즈니스모델 고도화 및 스케일업을 위해 협업하고 융합할 파트너사를 다음과 같이 모집합니다.",교육/멘토링,비즈메이커 본부,부산,"청소년,대학생,일반인,대학,연구기관,일반기업,1인 창조기업",멘토링ㆍ컨설팅ㆍ교육,"만 20세 미만,만 20세 이상 ~ 만 39세 이하,만 40세 이상",,"1년미만,2년미만,3년미만,5년미만,7년미만,10년미만",,,"온라인 접수: https://www.sbiz24.kr/#/pbanc/663
이메일 접수: qbgRhe//VrEO1eZuoY2yH1TWzKIjONn0ndr1Kop10xo=
팩스 접수: None
우편 접수: None
방문 접수: None
기타 접수: None",20260401 ~ 20260424,main,primary,False,2026강한소상공인파트너사모집공고|비즈메이커본부|20260401~20260424,2026강한소상공인파트너사모집공고,비즈메이커본부,20260401~20260424,www.k-startup.go.kr/web/contents/bizpbanc-deadline.do?schm=view&pbancsn=177206,https://www.k-startup.go.kr/web/contents/bizpbanc-deadline.do?schM=view&pbancSn=177206
kst,177205,"2026 강한 소상공인 성장지원사업 동남권(부산, 울산, 경남)","중소벤처기업부와 소상공인시장진흥공단이 주관하는 소상공인 육성 지원 사업입니다.
부산, 울산, 경남 지역을 기반으로 소상공인을 넘어 기업가로 성장할 유망한 '강한 소상공인'을
다음과 같이 모집합니다.",창업,비즈메이커 본부,부산,"청소년,대학생,일반인,대학,연구기관,일반기업,1인 창조기업",사업화,"만 20세 미만,만 20세 이상 ~ 만 39세 이하,만 40세 이상",,"1년미만,2년미만,3년미만,5년미만,7년미만,10년미만",,,"온라인 접수: https://www.sbiz24.kr/#/pbanc/660
이메일 접수: None
팩스 접수: None
우편 접수: None
방문 접수: None
기타 접수: None",20260401 ~ 20260424,main,primary,False,2026강한소상공인성장지원사업동남권|비즈메이커본부|20260401~20260424,2026강한소상공인성장지원사업동남권,비즈메이커본부,20260401~20260424,www.k-startup.go.kr/web/contents/bizpbanc-deadline.do?schm=view&pbancsn=177205,https://www.k-startup.go.kr/web/contents/bizpbanc-deadline.do?schM=view&pbancSn=177205
kst,177204,"2026 로컬기업 육성사업 (舊 로컬크리에이터) 동남권(부산, 울산, 경남)","중소벤처기업부와 소상공인시장진흥공단이 주관하는 소상공인 육성 지원 사업입니다.
부산, 울산, 경남 지역의 자원·문화와 아이디어를 결합해 사업적 가치를 만들어내는 '로컬 기업'(구. 로컬 크리에이터)을
다음과 같이 모집합니다.",창업,비즈메이커 본부,부산,"청소년,대학생,일반인,대학,연구기관,일반기업,1인 창조기업",사업화,"만 20세 미만,만 20세 이상 ~ 만 39세 이하,만 40세 이상",,"1년미만,2년미만,3년미만,5년미만,7년미만,10년미만",,,"온라인 접수: https://www.sbiz24.kr/#/pbanc/661
이메일 접수: None
팩스 접수: None
우편 접수: None
방문 접수: None
기타 접수: None",20260401 ~ 20260424,main,primary,False,2026로컬기업육성사업동남권|비즈메이커본부|20260401~20260424,2026로컬기업육성사업동남권,비즈메이커본부,20260401~20260424,www.k-startup.go.kr/web/contents/bizpbanc-deadline.do?schm=view&pbancsn=177204,https://www.k-startup.go.kr/web/contents/bizpbanc-deadline.do?schM=view&pbancSn=177204
kst,177203,고양시 초기창업기업 지원프로그램 운영,한국항공대학교 창업보육센터는 고양시 초기창업기업의 실질적인 성장을 도모하고 글로벌 경쟁력을 갖춘 성공 벤처로 지원하고자 '사업화 지원사업'을 시행합니다. 역량 있는 기업의 많은 참여 바랍니다.,창업,연구기획팀,경기,"일반기업,1인 창조기업",사업화,"만 20세 미만,만 20세 이상 ~ 만 39세 이하,만 40세 이상",,"1년미만,2년미만,3년미만,5년미만,7년미만",,,"온라인 접수: None
이메일 접수: 3IE0Fof9CvbTEFiA8HWYng==
팩스 접수: None
우편 접수: None
방문 접수: None
기타 접수: None",20260413 ~ 20260510,main,primary,False,고양시초기창업기업지원프로그램운영|연구기획팀|20260413~20260510,고양시초기창업기업지원프로그램운영,연구기획팀,20260413~20260510,www.k-startup.go.kr/web/contents/bizpbanc-ongoing.do?schm=view&pbancsn=177203,https://www.k-startup.go.kr/web/contents/bizpbanc-ongoing.do?schM=view&pbancSn=177203
kst,177202,[프론티어랩스 6기] CJ제일제당 협업 스타트업 모집,"[프론티어랩스 6기] CJ제일제당 협업할 스타트업을 모집하오니 참여를 희망하는 기업은 프론티어랩스 홈페이지를 통해 신청해 주시기를 바랍니다.
자세한 내용은 아래 공고문을 확인해주시기를 바랍니다.",창업,액셀러레이팅부문 오픈이노베이션팀,전국,"일반기업,1인 창조기업",사업화,"만 20세 미만,만 20세 이상 ~ 만 39세 이하,만 40세 이상",,"1년미만,2년미만,3년미만,5년미만,7년미만,10년미만",,,"온라인 접수: https://www.frontierlabs.kr/
이메일 접수: None
팩스 접수: None
우편 접수: None
방문 접수: None
기타 접수: None",20260413 ~ 20260505,main,primary,False,프론티어랩스6기cj제일제당협업스타트업모집|액셀러레이팅부문오픈이노베이션팀|20260413~20260505,프론티어랩스6기cj제일제당협업스타트업모집,액셀러레이팅부문오픈이노베이션팀,20260413~20260505,www.k-startup.go.kr/web/contents/bizpbanc-ongoing.do?schm=view&pbancsn=177202,https://www.k-startup.go.kr/web/contents/bizpbanc-ongoing.do?schM=view&pbancSn=177202
kst,177201,모두의창업 X 수원대학교 사업설명회,"안녕하십니까. 수원대학교 창업지원단입니다.
정부 지원 창업 오디션인 「2026 모두의 창업 프로젝트」와 관련하여 예비창업자 및 참여 희망자를 위한 오프라인 사업설명회를 개최하오니, 
많은 관심과 참석을 바랍니다.",창업,예비창업패키지,경기,"청소년,대학생,일반인,대학,연구기관,일반기업,1인 창조기업",창업교육,"만 20세 미만,만 20세 이상 ~ 만 39세 이하,만 40세 이상",,"예비창업자,1년미만,2년미만,3년미만",,,"온라인 접수: None
이메일 접수: None
팩스 접수: None
우편 접수: None
방문 접수: None
기타 접수: 현장 참여",20260414 ~ 20260424,main,primary,False,모두의창업x수원대학교사업설명회|예비창업패키지|20260414~20260424,모두의창업x수원대학교사업설명회,예비창업패키지,20260414~20260424,www.k-startup.go.kr/web/contents/bizpbanc-deadline.do?schm=view&pbancsn=177201,https://www.k-startup.go.kr/web/contents/bizpbanc-deadline.do?schM=view&pbancSn=177201
kst,177200,2026 청년 창업·주거 복합공간(이바구플랫폼) 입주자 모집 공고,"동구는 청년 창업을 활성화하고 청년의 성장과 지역 내 안정적 정착을 지원하고자, 창업 공간을 제공하는 ｢동구 도심형 청년 창업·주거 복합공간(부산창업가꿈)｣에 입주할 청년을 모집하오니 많은 참여 바랍니다.",시설/공간,이바구플랫폼,부산,"대학생,일반인,대학,일반기업,1인 창조기업",시설ㆍ공간ㆍ보육,만 20세 이상 ~ 만 39세 이하,,"예비창업자,1년미만,2년미만,3년미만,5년미만,7년미만,10년미만",,,"온라인 접수: None
이메일 접수: xShrGqEnCr07q3ZppYf7kbI2/h0LPuHxduhFnDnDBLM=
팩스 접수: None
우편 접수: None
방문 접수: None
기타 접수: None",20260413 ~ 20260430,main,primary,False,2026청년창업주거복합공간입주자모집공고|이바구플랫폼|20260413~20260430,2026청년창업주거복합공간입주자모집공고,이바구플랫폼,20260413~20260430,www.k-startup.go.kr/web/contents/bizpbanc-ongoing.do?schm=view&pbancsn=177200,https://www.k-startup.go.kr/web/contents/bizpbanc-ongoing.do?schM=view&pbancSn=177200
kst,177199,2026 K-CAMP 제주 5기 액셀러레이팅 프로그램,"2026년 K-CAMP 제주 5기 액셀러레이팅 프로그램에 참여할 기업할 모집합니다

'2026년 K-Camp 제주 5기 액셀러레이팅 프로그램'은 유망한 창업아이템을 보유한 스타트업 성장을 위해 지원하는 프로그램으로, 투자유치, 증권형 크라우드펀딩 연계, IR 역량 강화 지원 등 맞춤형 K-Camp 액셀러레이팅 프로그램을 통해 성장할 제주지역 소재 스타트업의 많은 관심과 참여 부탁드립니다.",창업,로컬라이즈그룹 2파트(제주),제주,"청소년,대학생,일반인,대학,연구기관,일반기업,1인 창조기업",사업화,"만 20세 미만,만 20세 이상 ~ 만 39세 이하,만 40세 이상",,7년미만,,,"온라인 접수: None
이메일 접수: AlYi4rDO+tF6NkrE7XkoLVpmg+Q4BT7fGmYCbWsg7eo=
팩스 접수: None
우편 접수: None
방문 접수: None
기타 접수: None",20260414 ~ 20260428,main,primary,False,2026kcamp제주5기액셀러레이팅프로그램|로컬라이즈그룹2파트|20260414~20260428,2026kcamp제주5기액셀러레이팅프로그램,로컬라이즈그룹2파트,20260414~20260428,www.k-startup.go.kr/web/contents/bizpbanc-ongoing.do?schm=view&pbancsn=177199,https://www.k-startup.go.kr/web/contents/bizpbanc-ongoing.do?schM=view&pbancSn=177199
kst,177198,[모두의 창업 단기 속성과정]  오프라인 특강&설명회 안내,"[모두의 창업 단기 속성과정]  오프라인 설명회&특강을 진행하오니, 많은 관심과 지원 부탁드립니다.",교육/멘토링,칠곡군중장년기술창업센터,경북,"청소년,대학생,일반인,대학,연구기관,일반기업,1인 창조기업",멘토링ㆍ컨설팅ㆍ교육,"만 20세 이상 ~ 만 39세 이하,만 40세 이상",,"예비창업자,1년미만,2년미만,3년미만",,,"온라인 접수: http://www.cgchangup.kr/board/noticeView?c=AB_69d896203e020
이메일 접수: None
팩스 접수: None
우편 접수: None
방문 접수: None
기타 접수: None",20260414 ~ 20260422,main,primary,False,모두의창업단기속성과정오프라인특강설명회안내|칠곡군중장년기술창업센터|20260414~20260422,모두의창업단기속성과정오프라인특강설명회안내,칠곡군중장년기술창업센터,20260414~20260422,www.k-startup.go.kr/web/contents/bizpbanc-deadline.do?schm=view&pbancsn=177198,https://www.k-startup.go.kr/web/contents/bizpbanc-deadline.do?schM=view&pbancSn=177198
kst,177197,26년 4월 스타트업 언론 홍보 지원사업 참가사 모집 공고(2차),스타트업 전문 매체 『스타트업데일리』에서 홍보에 어려움을 겪는 예비창업자/스타트업의 홍보 지원을 위해 다음과 같이 공고하오니 많은 참여 바랍니다.,창업,취재부,전국,"청소년,대학생,일반인,대학,연구기관,일반기업,1인 창조기업",사업화,"만 20세 미만,만 20세 이상 ~ 만 39세 이하,만 40세 이상",,"예비창업자,1년미만,2년미만,3년미만,5년미만,7년미만",,,"온라인 접수: None
이메일 접수: ACckMIu0WQ1Fo3We9gwfVXZUglPtKwLs/00QXQfY/QQ=
팩스 접수: None
우편 접수: None
방문 접수: None
기타 접수: None",20260416 ~ 20260430,main,primary,False,26년4월스타트업언론홍보지원사업참가사모집공고|취재부|20260416~20260430,26년4월스타트업언론홍보지원사업참가사모집공고,취재부,20260416~20260430,www.k-startup.go.kr/web/contents/bizpbanc-ongoing.do?schm=view&pbancsn=177197,https://www.k-startup.go.kr/web/contents/bizpbanc-ongoing.do?schM=view&pbancSn=177197
kst,177196,2026년 창업이민종합지윈시스템(OASIS 4&5) 참여자 모집 공고,"기술창업비자(D-8-4), 기술창업준비비자(D-10-2) 등 비자 취득을 희망하는 해외 우수인력을 대상으로 ""2026년 창업이민종합지원시스템(OASIS)""에  참여할 외국인 (예비)창업자를 다음과 같이 모집하오니 많은 관심과 지원 바랍니다.",교육/멘토링,글로벌허브실,서울,"청소년,대학생,일반인,대학,연구기관,일반기업,1인 창조기업",멘토링ㆍ컨설팅ㆍ교육,"만 20세 미만,만 20세 이상 ~ 만 39세 이하,만 40세 이상",,"예비창업자,1년미만,2년미만,3년미만,5년미만,7년미만,10년미만",,,"온라인 접수: www.startup-korea.com/programs/oasis
이메일 접수: None
팩스 접수: None
우편 접수: None
방문 접수: None
기타 접수: None",20260414 ~ 20260615,main,primary,False,2026년창업이민종합지윈시스템참여자모집공고|글로벌허브실|20260414~20260615,2026년창업이민종합지윈시스템참여자모집공고,글로벌허브실,20260414~20260615,www.k-startup.go.kr/web/contents/bizpbanc-ongoing.do?schm=view&pbancsn=177196,https://www.k-startup.go.kr/web/contents/bizpbanc-ongoing.do?schM=view&pbancSn=177196
kst,177195,스스로 프로젝트,부산지방중소벤처기업청과 한국남부발전은 공동 협력사업으로 비수도권 혁신 스타트업의 동남아시아(베트남) 진출을 지원하는 글로벌 액셀러레이팅 프로그램「스스로 프로젝트」에 참가할 유망 스타트업을 아래와 같이 모집합니다.,판로/수출,글로벌OI팀,전국,일반기업,글로벌,"만 20세 미만,만 20세 이상 ~ 만 39세 이하,만 40세 이상",,"1년미만,2년미만,3년미만,5년미만,7년미만,10년미만",,,"온라인 접수: None
이메일 접수: KkzzRJYX58B+X03YmaiDoA==
팩스 접수: None
우편 접수: None
방문 접수: None
기타 접수: None",20260414 ~ 20260508,main,primary,False,스스로프로젝트|글로벌oi팀|20260414~20260508,스스로프로젝트,글로벌oi팀,20260414~20260508,www.k-startup.go.kr/web/contents/bizpbanc-ongoing.do?schm=view&pbancsn=177195,https://www.k-startup.go.kr/web/contents/bizpbanc-ongoing.do?schM=view&pbancSn=177195
kst,177194,2026년 IR·PR 영상 제작 및 디지털 마케팅 지원 프로그램 모집 공고,"2026년 IR·PR 영상 제작 및 디지털 마케팅 지원 프로그램 모집을 아래와 같이 공고하오니, 많은 관심과 참여 바랍니다.",창업,창업지원센터,대전,"대학생,일반인,대학,연구기관,일반기업,1인 창조기업",사업화,"만 20세 이상 ~ 만 39세 이하,만 40세 이상",,"예비창업자,1년미만,2년미만,3년미만,5년미만,7년미만,10년미만",,,"온라인 접수: None
이메일 접수: T6E2NsqAEakyq8JJCic/F/cmu3fWBoP8FXGdr4JF0zs=
팩스 접수: None
우편 접수: None
방문 접수: None
기타 접수: None",20260413 ~ 20260521,main,primary,False,2026년irpr영상제작및디지털마케팅지원프로그램모집공고|창업지원센터|20260413~20260521,2026년irpr영상제작및디지털마케팅지원프로그램모집공고,창업지원센터,20260413~20260521,www.k-startup.go.kr/web/contents/bizpbanc-ongoing.do?schm=view&pbancsn=177194,https://www.k-startup.go.kr/web/contents/bizpbanc-ongoing.do?schM=view&pbancSn=177194
kst,177193,2026 상생 오픈이노베이션 스타트업 모집공고,"파트너사와 함께 협업 프로젝트(PoC)를 제작하며,
시장 대입 컨설팅/홍보/투자연계 경험을 가져갈
도내 가상융합(메타버스/VR/AR/XR) 및 신기술(AI 등) 기업의 많은 관심과 참여 바랍니다.",창업,미래콘텐츠팀,전국,"일반기업,1인 창조기업",사업화,"만 20세 이상 ~ 만 39세 이하,만 40세 이상",,"예비창업자,1년미만,2년미만,3년미만,5년미만,7년미만",,,"온라인 접수: https://www.gcon.or.kr/gcon/business/gconNotice/view.do?pbancSrnm=11162&menuNo=200061
이메일 접수: None
팩스 접수: None
우편 접수: None
방문 접수: None
기타 접수: None",20260410 ~ 20260504,main,primary,False,2026상생오픈이노베이션스타트업모집공고|미래콘텐츠팀|20260410~20260504,2026상생오픈이노베이션스타트업모집공고,미래콘텐츠팀,20260410~20260504,www.k-startup.go.kr/web/contents/bizpbanc-ongoing.do?schm=view&pbancsn=177193,https://www.k-startup.go.kr/web/contents/bizpbanc-ongoing.do?schM=view&pbancSn=177193
kst,177192,[메이커스쿨 도봉] 창업자를 위한 필수 세무 상식,"창업자 및 예비 창업자를 위한 필수 세무 상식 교육! 
세무사와 함께 연간 세무 일정부터 유형별 세무 상식, 노하우 등을 알아보며 
창업가 분들에게 도움이 될 수 있는 다양한 내용으로 구성하였습니다. 
창업(예비)자 분들의 많은 관심과 지원 부탁드립니다.",교육/멘토링,메이커스쿨 도봉,전국,"대학생,일반인,대학,연구기관,일반기업,1인 창조기업",멘토링ㆍ컨설팅ㆍ교육,"만 20세 이상 ~ 만 39세 이하,만 40세 이상",,"예비창업자,1년미만,2년미만,3년미만,5년미만,7년미만,10년미만",,,"온라인 접수: dbmakerschool.co.kr
이메일 접수: None
팩스 접수: None
우편 접수: None
방문 접수: None
기타 접수: None",20260413 ~ 20260417,main,primary,False,메이커스쿨도봉창업자를위한필수세무상식|메이커스쿨도봉|20260413~20260417,메이커스쿨도봉창업자를위한필수세무상식,메이커스쿨도봉,20260413~20260417,www.k-startup.go.kr/web/contents/bizpbanc-deadline.do?schm=view&pbancsn=177192,https://www.k-startup.go.kr/web/contents/bizpbanc-deadline.do?schM=view&pbancSn=177192
kst,177191,2026년도 ?뿌리산업 고도화를 위한 BIZ 플랫폼 구축 사업?  현장 맞춤 공정·기술 고도화 지원 기업 모집 및  지원 계획 통합 공고,"한국로봇융합연구원에서는 부산의 뿌리산업 육성 및 지속가능한 뿌리산업 생태계 조성을 위하여, 클라우드 기반의 통합 BIZ 플랫폼(제조서비스 플랫폼 + 공정협업 플랫폼)을 기반으로 현장 맞춤 공정·기술 고도화 지원을 추진하고자 다음과 같이 시행하오니 많은 참여 바랍니다.",창업,부산연구센터,부산,"대학,일반기업",사업화,"만 20세 이상 ~ 만 39세 이하,만 40세 이상",,"예비창업자,1년미만,2년미만,3년미만,5년미만,7년미만,10년미만",,,"온라인 접수: None
이메일 접수: daucHOM1muN7Sk203Wi1MZk+2m2ncC78VxRQ3Am89f8=
팩스 접수: None
우편 접수: None
방문 접수: None
기타 접수: None",20260325 ~ 20260424,main,primary,False,2026년도뿌리산업고도화를위한biz플랫폼구축사업현장맞춤공정기술고도화지원기업모집및지원계획통합공고|부산연구센터|20260325~20260424,2026년도뿌리산업고도화를위한biz플랫폼구축사업현장맞춤공정기술고도화지원기업모집및지원계획통합공고,부산연구센터,20260325~20260424,www.k-startup.go.kr/web/contents/bizpbanc-deadline.do?schm=view&pbancsn=177191,https://www.k-startup.go.kr/web/contents/bizpbanc-deadline.do?schM=view&pbancSn=177191
kst,177190,2026년도 ?제조산업 공정작업용 로봇 엔드이펙터 실증 기반 구축? 지원 기업 모집 통합 공고,"한국로봇융합연구원에서는 제조산업 공정작업용 로봇 엔드이펙터 관련 기업을 대상으로 엔드이펙터 제품의 성능·신뢰성 시험·검증, 공정 실증, 시험·평가·인증, 해외 인증 지원 등 One-Stop 기업지원 서비스를 제공하고자 「제조산업 공정작업용 로봇 엔드이펙터 실증 기반 구축」 사업의 지원기업 모집 통합공고를 다음과 같이 시행하오니 많은 참여 바랍니다.",기술,부산연구센터,전국,"대학,연구기관,일반기업,1인 창조기업",기술개발(R&amp;D),"만 20세 이상 ~ 만 39세 이하,만 40세 이상",,"예비창업자,1년미만,2년미만,3년미만,5년미만,7년미만,10년미만",,,"온라인 접수: None
이메일 접수: daucHOM1muN7Sk203Wi1MZk+2m2ncC78VxRQ3Am89f8=
팩스 접수: None
우편 접수: None
방문 접수: None
기타 접수: None",20260325 ~ 20260424,main,primary,False,2026년도제조산업공정작업용로봇엔드이펙터실증기반구축지원기업모집통합공고|부산연구센터|20260325~20260424,2026년도제조산업공정작업용로봇엔드이펙터실증기반구축지원기업모집통합공고,부산연구센터,20260325~20260424,www.k-startup.go.kr/web/contents/bizpbanc-deadline.do?schm=view&pbancsn=177190,https://www.k-startup.go.kr/web/contents/bizpbanc-deadline.do?schM=view&pbancSn=177190
kst,177189,경기스타트업플랫폼,2026년 경기스타트업플랫폼 투자연계 지원 프로그램 '온라인 밋업위크'(1차) 참가기업을 모집하오니 많은 관심과 신청 부탁드립니다.,교육/멘토링,스타트업전략팀,경기,"일반기업,1인 창조기업",멘토링ㆍ컨설팅ㆍ교육,"만 20세 미만,만 20세 이상 ~ 만 39세 이하,만 40세 이상",,"1년미만,2년미만,3년미만,5년미만,7년미만,10년미만",,,"온라인 접수: https://www.gsp.or.kr/notice/UVND0001.do?noticeSeq=45&pageNum=0&categoryInfo=I&searchName=
이메일 접수: None
팩스 접수: None
우편 접수: None
방문 접수: None
기타 접수: None",20260413 ~ 20260427,main,primary,False,경기스타트업플랫폼|스타트업전략팀|20260413~20260427,경기스타트업플랫폼,스타트업전략팀,20260413~20260427,www.k-startup.go.kr/web/contents/bizpbanc-deadline.do?schm=view&pbancsn=177189,https://www.k-startup.go.kr/web/contents/bizpbanc-deadline.do?schM=view&pbancSn=177189
kst,177188,2026년도 ?생활지원 서비스로봇 제품 상용화 지원사업? 기업 모집 및 지원 계획 통합 공고,4차산업 활성화를 위한 생활지원 서비스로봇 선도의 일환으로서 5대 핵심 로봇부품의 경쟁력 강화 및 신뢰성을 확보하고자 「생활지원을 위한 서비스로봇 부품 기술지원 기반구축사업」의 지원사업 통합 공고를 다음과 같이 추진하고자 하오니 기업 여러분들의 많은 참여바랍니다.,창업,부산연구센터,전국,"대학,연구기관,일반기업,1인 창조기업",사업화,"만 20세 이상 ~ 만 39세 이하,만 40세 이상",,"예비창업자,1년미만,2년미만,3년미만,5년미만,7년미만,10년미만",,,"온라인 접수: None
이메일 접수: gnf0CqCcZZCabf8GCP/nrQ==
팩스 접수: None
우편 접수: None
방문 접수: None
기타 접수: None",20260330 ~ 20260424,main,primary,False,2026년도생활지원서비스로봇제품상용화지원사업기업모집및지원계획통합공고|부산연구센터|20260330~20260424,2026년도생활지원서비스로봇제품상용화지원사업기업모집및지원계획통합공고,부산연구센터,20260330~20260424,www.k-startup.go.kr/web/contents/bizpbanc-deadline.do?schm=view&pbancsn=177188,https://www.k-startup.go.kr/web/contents/bizpbanc-deadline.do?schM=view&pbancSn=177188
kst,177187,『K-Camp 대구 7기』액셀러레이팅 프로그램,"「2026년 K-Camp 대구 7기 액셀러레이팅 프로그램」은 한국예탁결제원과 와이앤아처㈜가 유망한 기술·창업아이템을 보유한 스타트업 성장을 위해 지원하는 프로그램입니다. 
  투자유치, 증권형 크라우드펀딩 연계, IR 역량 강화 지원 등 맞춤형 K-Camp 액셀러레이팅 프로그램을 통해 성장할 대구·경북지역 소재 스타트업의 많은 관심과 참여 부탁드립니다.",창업,스케일업그룹,대구,"대학생,일반인,대학,연구기관,일반기업,1인 창조기업",사업화,"만 20세 미만,만 20세 이상 ~ 만 39세 이하,만 40세 이상",,"1년미만,2년미만,3년미만,5년미만",,,"온라인 접수: None
이메일 접수: 51dHvCQbrej0+EZM3AyFXRsiCubAtQpk1pfuQojP+94=
팩스 접수: None
우편 접수: None
방문 접수: None
기타 접수: None",20260413 ~ 20260501,main,primary,False,kcamp대구7기액셀러레이팅프로그램|스케일업그룹|20260413~20260501,kcamp대구7기액셀러레이팅프로그램,스케일업그룹,20260413~20260501,www.k-startup.go.kr/web/contents/bizpbanc-ongoing.do?schm=view&pbancsn=177187,https://www.k-startup.go.kr/web/contents/bizpbanc-ongoing.do?schM=view&pbancSn=177187
kst,177186,서울창업허브 창동 운영,"서울창업허브 창동에서 영상·뉴미디어 콘텐츠로 사업 확장을 희망하는 스타트업을 대상으로 융복합 콘텐츠 제작 지원금을 통해 IR/투자, 실증·PoC, 판로·마케팅, 해외진출 목적의 영상 콘텐츠 제작 지원하오니 많은 신청  바랍니다.",시설/공간,창업사업부,서울,일반기업,시설ㆍ공간ㆍ보육,"만 20세 미만,만 20세 이상 ~ 만 39세 이하,만 40세 이상",,7년미만,,,"온라인 접수: www.startup-plus.kr/project/PRJ006675
이메일 접수: None
팩스 접수: None
우편 접수: None
방문 접수: None
기타 접수: None",20260413 ~ 20260504,main,primary,False,서울창업허브창동운영|창업사업부|20260413~20260504,서울창업허브창동운영,창업사업부,20260413~20260504,www.k-startup.go.kr/web/contents/bizpbanc-ongoing.do?schm=view&pbancsn=177186,https://www.k-startup.go.kr/web/contents/bizpbanc-ongoing.do?schM=view&pbancSn=177186
kst,177185,[한국국제협력단] 2026-2027 KOICA IBS 공모설명회 및 1:1 컨설팅 안내,한국국제협력단(기업협력사업팀)은 우리 기업의 전문성과 비즈니스 전략을 ODA 사업과 연계하여 협력국의 경제 ·사회 ·환경 분야 지속 가능한 발전에 기여하고자 2026년-2027년 IBS 및 IBS-ESG 신규사업 선정을 위한 공모를 추진하고 있습니다. 자세한 내용은 설명회에서 소개해드릴 예정이오니 관심 있는 기업의 많은 참여바랍니다.,행사/네트워크,기업협력사업팀,전국,일반기업,행사ㆍ네트워크,"만 20세 미만,만 20세 이상 ~ 만 39세 이하,만 40세 이상",,"3년미만,5년미만,7년미만,10년미만",,,"온라인 접수: https://m.site.naver.com/23d7F
이메일 접수: None
팩스 접수: None
우편 접수: None
방문 접수: None
기타 접수: None",20260413 ~ 20260426,main,primary,False,한국국제협력단20262027koicaibs공모설명회및11컨설팅안내|기업협력사업팀|20260413~20260426,한국국제협력단20262027koicaibs공모설명회및11컨설팅안내,기업협력사업팀,20260413~20260426,www.k-startup.go.kr/web/contents/bizpbanc-deadline.do?schm=view&pbancsn=177185,https://www.k-startup.go.kr/web/contents/bizpbanc-deadline.do?schM=view&pbancSn=177185
kst,177184,전북 전주 KB금융타운 입주기업 모집 공고,전북 전주 KB금융타운 입주기업을 다음과 같이 모집하오니 입주를 희망하는 경우 신청 바랍니다.,시설/공간,KB Innovation HUB센터,전북,일반기업,시설ㆍ공간ㆍ보육,"만 20세 미만,만 20세 이상 ~ 만 39세 이하,만 40세 이상",,7년미만,,,"온라인 접수: https://event.jbci.or.kr/sub/s1_1_view.html?id=332
이메일 접수: None
팩스 접수: None
우편 접수: None
방문 접수: None
기타 접수: None",20260409 ~ 20260423,main,primary,False,전북전주kb금융타운입주기업모집공고|kbinnovationhub센터|20260409~20260423,전북전주kb금융타운입주기업모집공고,kbinnovationhub센터,20260409~20260423,www.k-startup.go.kr/web/contents/bizpbanc-deadline.do?schm=view&pbancsn=177184,https://www.k-startup.go.kr/web/contents/bizpbanc-deadline.do?schM=view&pbancSn=177184
kst,177183,2026 FutureScape 삼성물산 건설부문 오픈이노베이션,"FutureScape는 삼성물산과 서울경제진흥원이 주최하고 소풍커넥트가 운영하는 오픈이노베이션 프로그램입니다.

참여 스타트업은 삼성물산과 협업하여 건설산업의 디지털 전환과 기술 융합 기반의 혁신 사례를 검증할 수 있습니다.
현업 전문가 협업과 실증 기회를 통해 기술을 실제 산업에 적용하며 새로운 라이프스타일을 함께 설계할 스타트업을 모집합니다.",창업,Value-up & Growth,전국,일반기업,사업화,"만 20세 미만,만 20세 이상 ~ 만 39세 이하,만 40세 이상",,10년미만,,,"온라인 접수: https://www.blaybus.com/activities/786/landing
이메일 접수: None
팩스 접수: None
우편 접수: None
방문 접수: None
기타 접수: None",20260413 ~ 20260508,main,primary,False,2026futurescape삼성물산건설부문오픈이노베이션|valueupgrowth|20260413~20260508,2026futurescape삼성물산건설부문오픈이노베이션,valueupgrowth,20260413~20260508,www.k-startup.go.kr/web/contents/bizpbanc-ongoing.do?schm=view&pbancsn=177183,https://www.k-startup.go.kr/web/contents/bizpbanc-ongoing.do?schM=view&pbancSn=177183
kst,177182,2026 KOICA 이노포트 입주기업 모집 홍보,"한국국제협력단은 Innovation Hub for Development 비전 하에 2019년부터 「KOICA 이노포트 (KOICA INNOPORT)」를 운영하고 있으며, 글로벌 사회적 가치 실현을 목적으로 국제개발협력 분야 혁신 기업의 성장을 지원하고자 하오니, 관심있는 분들의 많은 지원 바랍니다.",시설/공간,이노포트 운영사무국,전국,"대학생,일반기업",시설ㆍ공간ㆍ보육,"만 20세 이상 ~ 만 39세 이하,만 40세 이상",,"예비창업자,1년미만,2년미만,3년미만,5년미만,7년미만",,,"온라인 접수: None
이메일 접수: SgeUlQHCrfitlooEKPlPVJwCRih7gCKyuU2ZO0Kx3Lw=
팩스 접수: None
우편 접수: None
방문 접수: None
기타 접수: None",20260413 ~ 20260429,main,primary,False,2026koica이노포트입주기업모집홍보|이노포트운영사무국|20260413~20260429,2026koica이노포트입주기업모집홍보,이노포트운영사무국,20260413~20260429,www.k-startup.go.kr/web/contents/bizpbanc-ongoing.do?schm=view&pbancsn=177182,https://www.k-startup.go.kr/web/contents/bizpbanc-ongoing.do?schM=view&pbancSn=177182
kst,177181,[인탑스 액셀러레이팅 5기 모집] 제품 디자인·설계·양산부터 IR까지! 스타트업 올인원 스케일업!,"글로벌 제조 전문 기업 인탑스(주)는 유망한 하드웨어 스타트업과 제조 노하우를 공유하고 동반 성장하기 위해 하드웨어 액셀러레이팅 서비스인 '페이퍼프로그램'을 운영하고 있습니다. 

페이퍼프로그램은 인탑스가 40년 이상 축적해 온 제조 전문성을 바탕으로 디자인, 설계, 제조, 양산에 이르는 전 과정을 한 번에 해결할 수 있는 '원스톱(One-Stop) 시스템'을 자랑합니다. 국내 유일의 제조사 주도형 액셀러레이팅 프로그램으로서, 선정된 스타트업에게는 사업성 검토부터 디자인, 설계·제조, IR에 이르기까지 성공적인 양산을 위한 분야별 전문가의 심도 있는 맞춤형 컨설팅을 제공합니다.",교육/멘토링,인탑스 마케팅파트,전국,"일반인,대학,연구기관,일반기업,1인 창조기업",멘토링ㆍ컨설팅ㆍ교육,"만 20세 이상 ~ 만 39세 이하,만 40세 이상",,"3년미만,5년미만,7년미만,10년미만",,,"온라인 접수: https://paper-program.com/program-accelerating?utm_source=startupsite&utm_medium=kstartup&utm_campaign=accelerating05
이메일 접수: None
팩스 접수: None
우편 접수: None
방문 접수: None
기타 접수: None",20260413 ~ 20260510,main,primary,False,인탑스액셀러레이팅5기모집제품디자인설계양산부터ir까지스타트업올인원스케일업|인탑스마케팅파트|20260413~20260510,인탑스액셀러레이팅5기모집제품디자인설계양산부터ir까지스타트업올인원스케일업,인탑스마케팅파트,20260413~20260510,www.k-startup.go.kr/web/contents/bizpbanc-ongoing.do?schm=view&pbancsn=177181,https://www.k-startup.go.kr/web/contents/bizpbanc-ongoing.do?schM=view&pbancSn=177181
kst,177180,2026 여성발명왕EXPO 참가기업 모집 공고,"지식재산처 주최, 한국여성발명협회가 주관하여 진행하는 국내 최대 여성 발명축제인 '2026 여성발명왕EXPO'의 참가기업을 아래와 같이 모집합니다.

여성발명왕EXPO는 대한민국세계여성발명대회와 여성발명품박람회의 통합명칭으로써
세계여성발명대회는 국내외 여성 발명인의 특허 기술과 발명품을 심사해 최우수상, 우수상, 금·은·동상 등을 시상하며,
여성발명품박람회는 국내 여성발명·기업인의 제품을 전시·홍보하는 행사입니다.

올해 행사는 7월 16일(목)부터 18일(토)까지 코엑스 2층 더플라츠홀에서 개최될 예정이오니, 
대한민국 여성발명기업인 여러분의 많은 관심과 참여를 부탁드립니다. 감사합니다.",행사/네트워크,사업팀,전국,일반인,행사ㆍ네트워크,"만 20세 미만,만 20세 이상 ~ 만 39세 이하,만 40세 이상",,"예비창업자,1년미만,2년미만,3년미만,5년미만,7년미만,10년미만",,,"온라인 접수: https://www.kiwie.or.kr/
이메일 접수: None
팩스 접수: None
우편 접수: None
방문 접수: None
기타 접수: None",20260410 ~ 20260518,main,primary,False,2026여성발명왕expo참가기업모집공고|사업팀|20260410~20260518,2026여성발명왕expo참가기업모집공고,사업팀,20260410~20260518,www.k-startup.go.kr/web/contents/bizpbanc-ongoing.do?schm=view&pbancsn=177180,https://www.k-startup.go.kr/web/contents/bizpbanc-ongoing.do?schM=view&pbancSn=177180
kst,177179,2026년  ICCE  X  INNOPOLIS 창업스쿨 16기 모집,(예비)창업자 대상 기술창업에 필요한 지식과 기술을 제공하여  창업  성공  가능성을  제고하는  「2026년  ICCE  X  INNOPOLIS 창업스쿨 16기」에 참여할 창업자를 모집합니다. 공고문 확인 후 많은 참여 바랍니다 .,교육/멘토링,창업육성팀,인천,"청소년,대학생,일반인,대학,연구기관,일반기업,1인 창조기업",멘토링ㆍ컨설팅ㆍ교육,"만 20세 미만,만 20세 이상 ~ 만 39세 이하,만 40세 이상",,"예비창업자,7년미만",,,"온라인 접수: https://incheon-startup.kr/04_suport/suport_1_1_view?idx=6931
이메일 접수: None
팩스 접수: None
우편 접수: None
방문 접수: None
기타 접수: None",20260413 ~ 20260424,main,primary,False,2026년iccexinnopolis창업스쿨16기모집|창업육성팀|20260413~20260424,2026년iccexinnopolis창업스쿨16기모집,창업육성팀,20260413~20260424,www.k-startup.go.kr/web/contents/bizpbanc-deadline.do?schm=view&pbancsn=177179,https://www.k-startup.go.kr/web/contents/bizpbanc-deadline.do?schM=view&pbancSn=177179
kst,177178,올해의 K-스타트업(舊. 도전! K-스타트업),부처 통합 경진대회 『올해의 K-스타트업 2026』 의 예선리그인 AI리그에 참여할 창업기업을 다음과 같이 모집하오니 많은 참여 바랍니다.,행사/네트워크,글로벌협력실,전국,"청소년,대학생,일반인,대학,연구기관,일반기업,1인 창조기업",행사ㆍ네트워크,"만 20세 미만,만 20세 이상 ~ 만 39세 이하,만 40세 이상",,"1년미만,2년미만,3년미만",,,"온라인 접수: https://www.k-startup.go.kr/web/contents/webPMSBizUnvs.do?returnUrl=/screen/BMO0101M01?pbancId=0659901
이메일 접수: None
팩스 접수: None
우편 접수: None
방문 접수: None
기타 접수: None",20260422 ~ 20260520,main,primary,True,올해의k스타트업|글로벌협력실|20260422~20260520,올해의k스타트업,글로벌협력실,20260422~20260520,www.k-startup.go.kr/web/contents/bizpbanc-ongoing.do?schm=view&pbancsn=177178,https://www.k-startup.go.kr/web/contents/bizpbanc-ongoing.do?schM=view&pbancSn=177178
kst,177177,올해의 K-스타트업(舊. 도전! K-스타트업),부처 통합 경진대회 『올해의 K-스타트업 2026』 의 예선리그인 혁신창업리그에 참여할 창업기업을 다음과 같이 모집하오니 많은 참여 바랍니다.,행사/네트워크,글로벌협력실,전국,"청소년,대학생,일반인,대학,연구기관,일반기업,1인 창조기업",행사ㆍ네트워크,"만 20세 미만,만 20세 이상 ~ 만 39세 이하,만 40세 이상",,"1년미만,2년미만,3년미만",,,"온라인 접수: https://www.k-startup.go.kr/web/contents/webPMSBizUnvs.do?returnUrl=/screen/BMO0101M01?pbancId=0664201
이메일 접수: None
팩스 접수: None
우편 접수: None
방문 접수: None
기타 접수: None",20260422 ~ 20260520,main,primary,True,올해의k스타트업|글로벌협력실|20260422~20260520,올해의k스타트업,글로벌협력실,20260422~20260520,www.k-startup.go.kr/web/contents/bizpbanc-ongoing.do?schm=view&pbancsn=177177,https://www.k-startup.go.kr/web/contents/bizpbanc-ongoing.do?schM=view&pbancSn=177177
youth,20260427005400212885,진주시 문화제작소 운영,청년 및 시민 대상 문화예술 창작활동 지원,참여/기반,경상남도 진주시 문화관광국,경상남도 진주시 인구청년정책관,0013010 | 0049010,"진주시 문화제작소 운영
○ 위치 : 진주시 촉석로 190번길 3 로데오거리
○ 운영기간 : 연중(월요일 및 공휴일 휴관) / 09:00 ~ 18:00
○ 지원내용 : 녹음·영상 촬영 스튜디오, 전시장 등 문화시설 대관 운영 등
○ 운영일정(예정)
•2026. 2. ~ 11. : 거리 축제 ‘매월 히어로(Here-路)’ 외 1건 공모사업 지원
•2026. 4. ~ 10. : 창작 체험 교육 ‘창작학교’ 9개 강좌 운영
•2026. 5.  : 기획전시 개최
•2026. 5. ~  : 제작소 기획 공연 ‘인디테라스 190’ 추진 및 운영",만 0세 ~ 만 0세,소득조건코드=0043001 / 소득범위=0~0,,,,"○  대관신청 방법(진주문화제작소 홈페이지)
대관 일정 확인(담당자와 유선 연락) - 신청서 작성 - 내용협의 및 결과통보 - 대관계약",20260127 ~ 20261231,main,primary,False,진주시문화제작소운영|경상남도진주시문화관광국|20260127~20261231,진주시문화제작소운영,경상남도진주시문화관광국,20260127~20261231,jjct.or.kr/jcs,https://jjct.or.kr/jcs/
youth,20260427005400212884,진주시 일자리 지원센터 운영,"구인 구직 신청, 취업상담 및 알선, 이력서 및 자기소개서 컨설팅 등을 통한 일자리 지원 및 취업 지원 서비스 제공",인력/일자리,경상남도 진주시 우주항공경제국,경상남도 진주시 인구청년정책관,0013003 | 0049010,"진주시 일자리 지원센터 운영
○ 지원대상 : 관내 구인기업 및 구직자
○ 지원내용 : 취업상담 및 알선, 이력서 컨설팅 등 취업지원
○ 이용방법 : 방문신청(구직) 및 온라인 신청(구인)
○ 문의처 : 일자리경제과 일자리지원센터 055-749-8185",만 0세 ~ 만 0세,소득조건코드=0043001 / 소득범위=0~0,,,, 방문신청(구직) 및 온라인 신청(구인),20260101 ~ 20261231,main,primary,False,진주시일자리지원센터운영|경상남도진주시우주항공경제국|20260101~20261231,진주시일자리지원센터운영,경상남도진주시우주항공경제국,20260101~20261231,gyeongnam.work.go.kr/jinju/main.do,https://gyeongnam.work.go.kr/jinju/main.do
youth,20260427005400212883,「2026년 지역창업특화지원」AI기반 디지털 창업풀패키지 교육생 모집,"○ AI 기반 디지털 창업 역량강화 오프라인 교육 과정 운영
· (과정1) AI 비즈니스 모델(BM) 고도화 및 사업 성공 PT 제작 과정
· (과정2) AI 기반 노코딩 웹사이트 제작 및 디지털 창업 실무 과정",인력/일자리,광주시청,광주시청,0013010 | 0049010,"○ 교육과정(오프라인)
· (과정1) ChatGPT 활용 수익형 BM 고도화 및 Gamma·Canva 기반 AI 투자유치(IR) PT 제작·발표 실무 컨설팅
· (과정2) 생성형 AI 기반 코딩 없는 웹사이트(Landing Page) 구축·배포 실습 및 디지털 마케팅·운영 전략

○ 교육신청 기간
· (과정1) 2026. 4.21.(화) ~ 4.30.(목)
· (과정2) 2026. 4.21.(화) ~ 2026. 5. 4.(월)

○ 교육일정/시간
· (과정1) 5. 3.(일) / 5.10.(일) / 5.17.(일) 14:00~18:00, 총 12시간(4시간×3회)
· (과정2) 5. 7.(목) / 5.12.(화) / 5.14.(목) / 5.19.(화) / 5.21.(목) / 5.26.(화) 19:00~21:00, 총 12시간(2시간×6회)

○ 수료기준/혜택
· 과정 80% 이상 수강 시 진흥원장 명의 수료증 발급
· 우수 수료자 대상 후속 창업지원 프로그램 연계 등",만 1세 ~ 만 99세,소득조건코드=0043001 / 소득범위=0~0,,,,"○ ‘교육 참가신청서’ 작성 후 메일(ivory@gicon.or.kr) 접수
○ 신청폼 작성 및 제출
· PT 제작 및 발표 컨설팅: (네이버폼)
· 웹사이트 제작 및 디지털 창업 실무: (네이버폼)",20260421 ~ 20260430,main,primary,False,2026년지역창업특화지원ai기반디지털창업풀패키지교육생모집|광주시청|2026042120260430~,2026년지역창업특화지원ai기반디지털창업풀패키지교육생모집,광주시청,2026042120260430~,youth.gwangju.go.kr/www/50?siteid=www&policyid=1349&url=%2fwww%2fpolicy%2fgjygpolicyview,https://youth.gwangju.go.kr/www/50?siteId=www&policyId=1349&url=%2Fwww%2Fpolicy%2FgjYgPolicyView
youth,20260427005400212882,로컬 스타트업 히어로즈(Heroes) 지원사업 초기창업기업 모집,"○ 2026 지역산업맞춤형 일자리지원 자치구 특화사업
· 기업 경영에 어려움을 겪는 초기창업기업 대상 사업 안정화 및 내실 성장·도약 지원",인력/일자리,광주시청,광주시청,0013010 | 0049010,"○ 지원금
· 최대 550만원 지원(컨설팅 포함, 선정평가 결과에 따라 차등 지원)
· 자부담금 20% 이내 부담(추후 사업선정 시 별도 설명 예정)
· 부가세 신청자 부담(지원금 기준은 공급가액 기준)

○ 기업 컨설팅 지원
· 기업진단, 분야별 맞춤 컨설팅 지원

○ 피봇팅(Pivoting) 지원
· 기업진단, 피봇팅 유형에 따른 기업별 BM 제시, 사업전환 지원

○ 사업화 지원
· 제품, 마케팅 등 기업 경쟁력 강화를 위한 사업화 지원",만 1세 ~ 만 39세,소득조건코드=0043001 / 소득범위=0~0,,"○ 신청제외 대상
· 대기업 운영 프렌차이즈 직영점 또는 가맹점, 무점포 사업자
· 공고일 기준 정부 지원 사업 중복으로 참여한 자
· 허위 또는 부정한 방법으로 신청한 사업자
· 정부기관 및 지자체 각종 지원사업 제재중 또는 참여제한 해당자
· 계좌제 훈련생 및 정부지원 유사사업 참여중인 자
· 금융기관 등 채무 불이행 규제중인 자(마감일 이전 규제 해제 증명 시 신청 가능)
· 국세 또는 지방세 체납으로 규제중인 사업자
· 정부지원사업 참여 제한 업종(부동산업, 임대업, 유흥업, 주류, 오락, 숙박, 노래방 등)",☞ 자세한 내용은 붙임파일을 확인해주시기 바랍니다.,"○ 서식 다운로드 후 제출
· 동강대학교 창업보육센터 홈페이지(dcbi.dkc.ac.kr) 공지사항에서 지원서 양식 다운로드 → 작성 후 제출
○ 접수방법
· 우편: (61200) 광주광역시 북구 동문대로 50, 동강대학교 산학협력관 3층 302호(접수마감일 도착분에 한함)
· 이메일: persephone66@naver.com",20260420 ~ 20260529,main,primary,False,로컬스타트업히어로즈지원사업초기창업기업모집|광주시청|2026042020260529~,로컬스타트업히어로즈지원사업초기창업기업모집,광주시청,2026042020260529~,youth.gwangju.go.kr/www/50?siteid=www&policyid=1350&url=%2fwww%2fpolicy%2fgjygpolicyview,https://youth.gwangju.go.kr/www/50?siteId=www&policyId=1350&url=%2Fwww%2Fpolicy%2FgjYgPolicyView
youth,20260427005400212881,2026년 반려동물 전문인력 양성 교육생 모집,반려동물 관련 자격증 취득을 위한 교육비를 지원하여 지역내          반려동물전문인력 양성 및 취업기회 제공,교육/멘토링,광주시청,광주시청,0013010 | 0049010,"◆ 교육과정
- (과정명) 펫시터․반려동물관리사 자격증 취득 통합과정

◆ 교육비용 : 전액지원 (단, 협회자격증 취득에 따른 협회 가입비는 자부담) ",만 19세 ~ 만 39세,소득조건코드=0043001 / 소득범위=0~0,,,"가. 주민등록등본 1부
나. 신청서 및 자기소개서 1부(반려경험, 자격증 취득 후 계획 등 500자 내외)
다. 동물분야와 관련한 면허증, 자격증, 졸업증서, 경력증명서 등 각 1부(해당 시)",◆ 접수방법 : pdh0806@korea.kr 으로 서류 제출,20260424 ~ 20260506,main,primary,False,2026년반려동물전문인력양성교육생모집|광주시청|2026042420260506~,2026년반려동물전문인력양성교육생모집,광주시청,2026042420260506~,youth.gwangju.go.kr/www/50?siteid=www&policyid=1351&url=%2fwww%2fpolicy%2fgjygpolicyview,https://youth.gwangju.go.kr/www/50?siteId=www&policyId=1351&url=%2Fwww%2Fpolicy%2FgjYgPolicyView
youth,20260427005400212880,2026년 시제품 제작 프로그램(양산 연계 지원 과정),창업 아이디어 보유 창업자 대상 시제품 제작 및 양산 연계 지원을 통한 아이디어 실현 가능성 검증·제품화 지원,인력/일자리,광주시청,광주시청,0013010 | 0049010,"○ 시제품 제작 지원
· 센터 보유 전문장비(산업용 3D프린터, CNC, 레이저 커팅기 등) 활용 시제품 제작 지원

○ 재료비 지원
· 시제품 제작 및 양산 진행 시 재료비 지원(팀당 최대 6,000,000원 이내)
· 지원 불가 항목: 디자인 비용, 모델링 비용, 기타 용역비, 가공비, 특허 출원 비용 등

○ 멘토링·교육 프로그램
· CSU창작마을센터 ‘CSU 소싱 디렉팅 솔루션’ 1:1 멘토링 지원(필수 참여)
· AI 활용 & PPT 제작, AI 자동화 설계, AI 홍보콘텐츠 제작, 숏폼 콘텐츠 제작 등 창업 실무 교육(선택 참여)",만 1세 ~ 만 99세,소득조건코드=0043001 / 소득범위=0~0,,,☞ 자세한 내용은 붙임파일을 확인해주시기 바랍니다.,"○ 제출 방식
· 모집 마감일 17시까지 이메일 제출: csumaker@chosun.ac.kr
· QR코드 공고문 확인 후 신청",20260422 ~ 20260508,main,primary,False,2026년시제품제작프로그램|광주시청|2026042220260508~,2026년시제품제작프로그램,광주시청,2026042220260508~,youth.gwangju.go.kr/www/50?siteid=www&policyid=1352&url=%2fwww%2fpolicy%2fgjygpolicyview,https://youth.gwangju.go.kr/www/50?siteId=www&policyId=1352&url=%2Fwww%2Fpolicy%2FgjYgPolicyView
youth,20260424005400212874,진주시 사회초년생 운전면허 취득비용 지원사업,사회초년생의 경제적 부담 완화 및 사회 진출 역량 강화,복지/문화,경상남도 진주시 인구청년정책관,경상남도 진주시 인구청년정책관,"제외기준
   - 2025. 11. 13. 이전 운전면허 취득자(소급 지원 불가)
   - 거짓이나 그 밖의 부정한 방법으로 신청하는 경우
   - 신청서류 미비(서류 보완요청 기한 내 미제출 등), 판독 불가 등
   - 국가기관·타 지자체·공공기관 등 유사사업 지원 이력이 있는 경우 | 0013010 | 0049010","2026년 사회초년생 운전면허 취득비용 지원사업
- 지원대상 : 18 ~ 19세 청년(2007년생 ~ 2008년생)
※ 매년 당해연도 18세를 다음연도(19세) 12. 31.까지 지원
- 지원내용 : 1인당 10만 원 모바일 진주사랑상품권 지원(생애 1회) 
※ 면허 취득비용이 10만원 미만인 경우, 5천원(미만 절사) 단위로 실비 지원",만 18세 ~ 만 19세,소득조건코드=0043001 / 소득범위=0~0,,"지원대상 : 다음 요건을 모두 충족하는 자
- 연    령 : 18세 ~ 19세 (2007년생 ~ 2008년생)
- 주    소 : 2025.12.31.(이전)부터 지급일까지 계속 진주시에 주민등록을 둔 자
- 취득기준 : 2026. 1. 1.이후 자동차 운전면허(1·2종 보통) 신규 취득자
※ 단, ‘25.11.13. 이전부터 계속하여 진주시에 주소를 두고 있는 자가‘25.11.13.(수능일) 이후 운전면허를 취득한 경우 소급 지원(첫 시행을 감안)
- 취득기한 : [2007년생] 2026.12.31.까지 / [2008년생] 2027.12.31.까지
※ 매년 당해연도 18세*를 다음 연도 12. 31.까지 지원 예정
    * 18세가 되는 연도의 직전 연말(이전)부터 진주시에 계속 주민등록이 되어 있는 자에 한함.","① 주민등록초본(신청월 발급분, 최근 5년간 주소 및 신고일 포함)
② 운전면허증 사본
③ 운전경력증명서(전체 경력)
④ 취득비용 증빙자료(면허시험 응시료, 학원 수강료 영수증 등)",진주시 청년 온라인플랫폼 온라인 신청,,main,primary,False,진주시사회초년생운전면허취득비용지원사업|경상남도진주시인구청년정책관|,진주시사회초년생운전면허취득비용지원사업,경상남도진주시인구청년정책관,,young.jinju.go.kr/young,https://young.jinju.go.kr/young/
youth,20260424005400212872,서울영커리언스 인턴십Ⅰ(여름학기),서울 청년에게 재학 단계부터 양질의 직무 경험을 제공하는 인턴십 프로그램,교육/멘토링,서울창조경제혁신센터,서울특별시 미래청년기획관,소속 대학 대학생 표준현장실습학기제 운영 규정상 실습참여가 가능한 자 | 0013010 | 0049005,"ㅇ 사업대상 : 만 19~39세 서울영커리언스 참여대학(37개교) 재학생
ㅇ 사업내용 : 대학과 연계한 학점 인정형 기업 직무체험 기회 제공
  - (사전교육) 법정의무교육 및 기초 OA교육, 직무별 현직자 멘토링 특강 등
  - (직무체험) 각 기업의 직접 선발에 따른 2 ~ 6개월의 직무체험 실시
  - (학점인정) 대학별 표준 현장실습학기제 운영기준에 따른 학점 인정
ㅇ 운영방법 
   - (참여기업-인턴 매칭) 기업 직접 채용 과정을 통한 인턴 선발 및 배치 
      *서울시 주관 대면 면접 심사가 진행되며, 기업별 담당자 심사위원으로 참석 필수
   - (인턴 근무조건) 기업-인턴 간 근로계약 체결(일 8시간 주 5일 근무), 4대 보험 필수 가입, 
                            최저임금 기준 월 급여(세전 2,156,880원)
ㅇ 인턴십Ⅰ 근무기간 : (여름학기) 2026. 7.~8.(2개월)
   - 기업 및 지원자 희망하는 경우 12월까지 6개월 근무 가능",만 19세 ~ 만 39세,소득조건코드=0043001 / 소득범위=0~0,,"서울영커리언스 협약 대학(37개교) 학생
(가천대학교, 가톨릭대학교, 강남대학교, 건국대학교, 경기대학교, 경희대학교, 고려대학교, 국민대학교, 대진대학교, 덕성여자대학교, 동국대학교, 동남보건대학교, 동덕여자대학교, 명지대학교, 명지전문대학, 배화여자대학교, 삼육대학교, 상명대학교, 서울시립대학교, 서울여자대학교, 성신여자대학교, 세종대학교, 숙명여자대학교, 이화여자대학교, 인덕대학교, 인하대학교, 중앙대학교, 차의과학대학교, 한경국립대학교, 한국공학대학교, 한국성서대학교, 한국외국어대학교, 한국항공대학교, 한세대학교, 한양대학교 서울캠퍼스, 한양대학교 ERICA캠퍼스, 홍익대학교)

서울영커리언스 협약대학 37개교 재학생만 지원 가능","1. 온라인 신청서 접수(필수)
2. 재학증명서(필수)
3. 거주요건 증빙서류(해당하는경우)
4. 우선선정요건 증빙서류(선택)",청년몽땅정보통 온라인 신청,20260421 ~ 20260508,main,primary,False,서울영커리언스인턴십ⅰ|서울창조경제혁신센터|2026042120260508~,서울영커리언스인턴십ⅰ,서울창조경제혁신센터,2026042120260508~,youth.seoul.go.kr/youthconts.do?key=2511180001&sc_pbancsecd=028&sc_bbsstngsn=2212200001&sc_bbsctgrysn=2511170019&sc_faqctgrycd=025,https://youth.seoul.go.kr/youthConts.do?key=2511180001&sc_pbancSeCd=028&sc_bbsStngSn=2212200001&sc_bbsCtgrySn=2511170019&sc_faqCtgryCd=025
youth,20260423005400212871,[강원 고성군]2026년 청년 취업수당 지원,관내 청년 유출 방지 및 청년 유입을 유도하기 위해 관내 업체에 정규직으로 취업하는 청년 대상 취업수당 지급,인력/일자리,강원특별자치도 고성군,강원특별자치도 고성군,"○ 기존「청년 취업수당 지원」 사업을 통해 지원받은 청년
 ○「중소기업 인력지원 특별법」제3조(적용범위)의 지원 제외업체 및 보조금 취지상 지원이 적합하지 않은 업종에 취업한 경우
    - 부동산업, 일반유흥 주점업, 무도유흥 주점업, 기타 주점업, 기타 갬블링업,  무도장 운영업, 단순노무, 일시사역인부 등
 ○ 정부 취업성공수당, 청년내일채움공제, 강원형 일자리 안심공제 등 청년 자산형성 지원사업 참여자
 ○ 사업주의 직계존비속 배우자 및 형제자매인 경우
 ○ 공무원, 공공기관, 공공단체, 공기업 등 운영비·인건비를 지원받는 기관
 ○ 그 외 담당자가 자격요건 등 검토 시 지원이 부적절하다고 판단할 경우 | 0013001 | 0049010",청년이 관내 업체 취업 시 매월 30만원씩 12개월간 지원(생애 1회 지원),만 19세 ~ 만 39세,소득조건코드=0043001 / 소득범위=0~0,,"- 2025. 7. 1. 이후 관내 업체에 정규직으로 취업하는 청년
- 공고일 기준 주민등록상 고성군 거주중인 19세∼39세이하의 청년
  * 공고일 ~ 수당지급 만료 시까지 주민등록상 고성군 거주(수당 지원 도중 타지역 전출 시 지원 중단)
- 4대보험(국민연금, 고용, 건강, 산재) 가입한 자
  * 사업(기업)체 : 신청일 현재 관내 관할세무서에 사업자등록을 한 관내 소재 업체(4대보험 가입자 기준) 근로자가 3인 이상인 업체

고성군 공고 제2026-18호 / 4. 23.기준 모집인원13명","  ( 최초신청 시 )
  ○ 2026년 청년 취업수당 지원 신청서「서식 1」
  ○ 개인정보 수집·이용동의서(지원자)「서식 2」 
  ○ 개인정보 수집·이용동의서(사업장)「서식 3」
  ○ 주민등록 등본 또는 초본 1부
  ○ 근로계약서 사본 1부
  ○ 4대보험 사업장 가입자 명부 1부
  ○ 통장사본(본인명의 통장) 1부

( 매월청구서류 ) 
* 지원여부 확정 후, 매월 25일까지 전월분에 대한 청구 / 예) 1월분 수당 → 2. 25.까지 신청
  ○ 청구서(도장지참) 1부
  ○ 4대보험 가입내역확인서 1부
  ○ 급여명세서 1부
  ○ 임금입금확인증(거래내역증빙) 1부",방문접수(고성군청 경제체육과 일자리육성팀),,main,primary,False,강원고성군2026년청년취업수당지원|강원특별자치도고성군|,강원고성군2026년청년취업수당지원,강원특별자치도고성군,,gwgs.go.kr/prog/saeolgosi/gosi/kor/sub04_030401/list.do,https://gwgs.go.kr/prog/saeolGosi/GOSI/kor/sub04_030401/list.do
youth,20260423005400212870,2026년 고성군 미취업 청년 자격증 응시료 지원,고성군 미취업 청년 대상 국가기술(전문)자격증 및 어학시험 등 자격증 시험 응시료 지원(,인력/일자리,강원특별자치도 고성군,강원특별자치도 고성군,"- (중복수혜) 타 기관(정부, 지자체, 학교 등)에서 ‘동일한’ 시험으로 응시료 지원을 이미 받은 경우
- (유사 사업) 자격증 취득을 조건으로 수당을 받는 등 본 사업과 유사한 지원을 이미 완료받은 청년 
- (기타) 사업 취지에 부합하지 않다고 판단되는 경우 | 0013003 | 0049010",고성군 미취업 청년 자격증 응시료 지원(1인 연 20만원 이내 응시료 실비지원 / 지원 횟수 제한 없음),만 19세 ~ 만 39세,소득조건코드=0043001 / 소득범위=0~0,,"○ 다음 조건을 모두 만족하는 사람
  - (연령기준) 시험 응시일 기준 19세 이상 ~ 39세 이하인 청년
    ※ 시험 응시 당일 39세 이하였다면, 신청 시점에 40세가 되었더라도 지원 가능
  - (거주기준) 신청일 기준 고성군에 연속하여 1년 이상 거주(주민등록) 중인 자
  - (취업여부) 응시일부터 신청일까지 미취업 상태인 자(고용보험 미가입 및 사업자미등록)
    ※ 고용보험 가입 3개월 이하 또는 주 30시간 이하 단기근로자, 공공근로자 가능
  - (응시상태) 2026. 1. 1.이후 시행된 자격증 시험 실응시자

고성군 공고 제2026-100호","※ 신청일 기준 10일 이내 발급한 서류만 인정
[필수서류]
1. 응시료 지원 신청서 1부.
2. 유의사항 확인서 1부.
3. 개인정보 수집·이용·제공동의서 1부.
4. 주민등록초본(뒷자리 숨김) ※ 최근 5년 발생일 및 신고일 포함
5. 고용보험 피보험 자격이력내역서(미취업 여부 확인)
6. 사실증명(사업자등록사실 여부 확인)
7. 본인 응시 사실 확인자료(응시확인서 또는 성적증명서)
8. 응시료 결제 영수증(실제 금액 표기) ※ 실비 지급
9. 통장 사본(신청자 본인 명의)

[선택서류]
10. 근로계약서 1부.
※ 고용보험 가입 3개월 이하 및 주 30시간 이하 단기근로자, 공공근로자일 경우 제출
※ 근로계약서가 없을 경우 계약기간 및 근로시간, 공공근로를 증명할 수 있는 증명서 제출 ",본인 직접 방문 제출(고성군청 경제체육과 일자리육성팀),,main,primary,False,2026년고성군미취업청년자격증응시료지원|강원특별자치도고성군|,2026년고성군미취업청년자격증응시료지원,강원특별자치도고성군,,www.gwgs.go.kr/prog/saeolgosi/gosi/kor/sub04_030401/list.do,https://www.gwgs.go.kr/prog/saeolGosi/GOSI/kor/sub04_030401/list.do
youth,20260422005400212868,서귀포시 청년농업인 영농정착 지원,"영농초기 소득이 불안정한 청년농업인에게 영농정착지원금과 영농 교육, 컨설팅 등을 연계 지원하고 젊고 유능한 인재의 농업분야 진출을 촉진하고 건실한 경영체로 성장 및 유도",인력/일자리,제주특별자치도 서귀포시 농수축산경제국 친환경농정과,제주특별자치도경제통상진흥원 경영본부 청년센터,0013008 | 0049010,"- 대상: 18세 이상~ 40세 미만 독립경영 3년 이하 청년농업인
- 독립경영 청년에 영농정착지원금 월별 지급
- (1년차) 110만원, (2년차) 100만원. (3년차) 90만원
- 융자지원: 농지·시설 마련 및 기타자금(비료·묘목·농기계 구입 등) 5억원 융자
- 전달체계: 사업신청 → 서면·면접심사 → 대상자선정 → 지원금 지급 및 의무사항 이행점검",만 18세 ~ 만 39세,"소득조건코드=0043003 / 소득범위=0~0 / 25년 건강보험료 기준 직장가입 311천원, 지역가입 269천원 이상 제외",,농식품부 선발 일정 및 선발 규모에 따라 신청 시기 및 선발인원이 달라질 수 있음..,,"농업e지시스템으로 온라인 신청‧접수
(농식품부 사업신청 공모 시 신청 가능)
사업신청 → 서면·면접심사 → 대상자선정 → 지원금 지급 및 의무사항 이행점검

- 교육이수(필수: 1년차-28H, 2~3년차-각 8H, 선택: 최대 72H)
- 재해보험
- 자조금 가입
- 경영장부 기록 및 영농계획이행
- 전업적 영농유지
- 의무영농기간 준수(지원금 지급 기간만큼)",20251105 ~ 20251211 ~ 20261231,main,primary,False,서귀포시청년농업인영농정착지원|제주특별자치도서귀포시농수축산경제국친환경농정과|2025110520251211~20261231,서귀포시청년농업인영농정착지원,제주특별자치도서귀포시농수축산경제국친환경농정과,2025110520251211~20261231,www.nongupez.go.kr/nsm/main,https://www.nongupez.go.kr/nsm/main
youth,20260422005400212858,브릿지보증 (실패보장제) 강화,폐업한 자영업자의 전액 일시상환 의무를 완화하여 재기 기회를 제공하고 기존 대출금의 정상상환 유도,인력/일자리,제주특별자치도 소상공인과,제주특별자치도경제통상진흥원 경영본부 청년센터,0013010 | 0049010,"보증업체가 폐업한 경우에도, 지속해서 보증을 이용할 수 있도록 하여 상환 부담 완화하고 재기 기회 제공 및 기존 대출금의 정상 상환 유도",만 0세 ~ 만 0세,소득조건코드=0043001 / 소득범위=0~0,,,,"제주신용보증재단을 「보증드림 APP」을 통한 신청 
1. ‘보증드림’ APP 신청
2. 제주신용보증재단 선택
3. 회원가입 및 로그인
4. ‘신용보증 신청하기’ 클릭
5. 신청서 작성 

문의처 : 본점(064-740-4812~7), 서귀포지점(064-733-8133), 동제주지점(064-758-8020)",20260101 ~ 20261231,main,primary,False,브릿지보증강화|제주특별자치도소상공인과|20260101~20261231,브릿지보증강화,제주특별자치도소상공인과,20260101~20261231,www.jcgf.or.kr/index2.php,https://www.jcgf.or.kr/index2.php
youth,20260422005400212855,제주청년의 열린ㆍ공감 광장,"ㅇ 지원대상: 2026 제주청년원탁회의·제주청년주권회의  ㅇ 지원내용: 제주청년원탁회의·제주청년주권회의 청년위원들이 정책 언어로 구조화 하고 기존 정책과의 연계성, 실행 가능성, 재정·행정 여건 등을 종합적으로 고려한 정책을 제안하도록 지원  ㅇ 추진절차     - 청년위원 정책 발굴 → 전문가 컨설팅 → 소관부서 검토 → 정책제안서 확정     ※ 상기 추진절차는 시행 예정으로 변경사항 있을 수 있으니, 자세한 사항은 문의 바랍니다.",참여/기반,제주특별자치도 청년정책담당관,제주특별자치도경제통상진흥원 경영본부 청년센터,0013010 | 0049010," ㅇ 일반 분과 분야 전문가 매칭·컨설팅 및 읍면분과 지역특화 정책발굴 전담 전문가 멘토링 등      ※ 상기 내용은 시행 예정으로 변경사항 있을 수 있으니, 자세한 사항은 문의 바랍니다.",만 19세 ~ 만 39세,소득조건코드=0043001 / 소득범위=0~0,,"※ 타 기관 협업 추진 사업
※ 2026 제주청년참여기구 인원 내 모집",,제주청년참여기구 각 분과 및 주권회의 의사결정에 따름,20260301 ~ 20260930 ~ 20261231,main,primary,False,제주청년의열린ㆍ공감광장|제주특별자치도청년정책담당관|2026030120260930~20261231,제주청년의열린ㆍ공감광장,제주특별자치도청년정책담당관,2026030120260930~20261231,www.jeju.go.kr/index.htm,https://www.jeju.go.kr/index.htm
youth,20260422005400212854,제주 청년주권회의 운영,"ㅇ 지원대상: 제주 청년원탁회의 분과장
 ㅇ 지원내용: 청년원탁회의에서 청년문제 발굴 및 개선방안 모색, 청년참여예산 발굴 등 청년정책 제안에 대한 심의·의결기구
 ㅇ 추진절차: 정책발굴 – 심의·의결 - 소관부서 타당성 검토 등",참여/기반,제주특별자치도 청년정책담당관,제주특별자치도경제통상진흥원 경영본부 청년센터,0013010 | 0049010,"ㅇ 회의참석수당 지급
 ※ 참여규모, 예산상황 등을 고려하여 참석수당 지급횟수 등은 변경될 수 있음
 ㅇ 네트워킹 등을 위한 워크숍, 역량강화 교육",만 19세 ~ 만 39세,소득조건코드=0043001 / 소득범위=0~0,,※ 대상: 만 19세 이상 ~ 만 39세 이하 제주청년원탁회의 분과장인 청년,,제주청년원탁회의 청년위원 중 분과장 선출,20251110 ~ 20251130 ~ 20261231,main,primary,False,제주청년주권회의운영|제주특별자치도청년정책담당관|2025111020251130~20261231,제주청년주권회의운영,제주특별자치도청년정책담당관,2025111020251130~20261231,jejuyouth.com/index.php,https://jejuyouth.com/index.php
youth,20260422005400212852,구직자 취업역량강화 프로그램 운영,"취업에 어려움을 겪고 있는 일반구직자, 청년 등을 대상으로 취업의욕을 고취시키고 구직기술 향상을 위한 프로그램 운영",인력/일자리,제주특별자치도 경제활력국 고용센터,제주특별자치도경제통상진흥원 경영본부 청년센터,0013010, 도내 구직자들이 자기탐색 및 진로지도 등을 통해 취업역량 강화 도모 ,만 0세 ~ 만 0세,소득조건코드=0043001 / 소득범위=0~0,,* 고용센터 0647104223,,고용센터 및 위탁기관을 통한 전화 및 방문신청,20260303 ~ 20261231,main,primary,True,구직자취업역량강화프로그램운영|제주특별자치도경제활력국고용센터|20260303~20261231,구직자취업역량강화프로그램운영,제주특별자치도경제활력국고용센터,20260303~20261231,www.work.go.kr/jeju/main.do,https://www.work.go.kr/jeju/main.do
youth,20260422005400212850,‘빛나는 제주 청년희망 대출’ 이차보전,제주도 내 청년층의 실질적 금융부담 경감을 위해 NH농협은행 제주본부와 협약하여 융자 지원을 통한 청년 맞춤형 저금리 대출 실행,복지/문화,제주특별자치도 경제활력국 경제정책과,제주특별자치도경제통상진흥원 경영본부 청년센터,0013001 | 0049010,"ㅇ지원대상: 연소득 4,500만원 이하, 재직기간 1개월 이상의 도내 근로소득 청년(만19~39세)
ㅇ대출한도: 신규대출 1,000만원, 대환대출 2,500만원(단, 기존대출 잔액 이내)
ㅇ지원내용: 대출금리의 이자차액 보전  *보전금리: 1~3신용등급 3%, 4~9신용등급 4%
",만 19세 ~ 만 39세,소득조건코드=0043002 / 소득범위=0~0,,"대출 가능 여부, 관련 서류 등에 대한 판단은 NH농협은행의 내부규정에 따르므로, NH농협은행 제주본부 또는 지점을 방문하여 상담 받으실 것을 권장드립니다.",,NH농협은행 제주본부 또는 지점 방문하여 대출가능 여부 상담 후 융자지원 신청,20260101 ~ 20261231,main,primary,False,빛나는제주청년희망대출이차보전|제주특별자치도경제활력국경제정책과|20260101~20261231,빛나는제주청년희망대출이차보전,제주특별자치도경제활력국경제정책과,20260101~20261231,plus.gov.kr/portal/benefitv2/benefittotalsrvclist/benefitsrvcdtl?svcseq=2154016&bneftype=all&svcid=650000001131,https://plus.gov.kr/portal/benefitV2/benefitTotalSrvcList/benefitSrvcDtl?svcSeq=2154016&bnefType=all&svcId=650000001131
youth,20260422005400212849,하영드림 주택마련 지원,신혼부부 및 자녀출산 가구의 내 집 마련을 위한 주택 구입자금 대출이자 지원으로 주거비 부담 완화 및 맞춤형 주거복지 체계 구축,주거,제주특별자치도,제주특별자치도경제통상진흥원 경영본부 청년센터,0013010 | 0049010," ❍ (지원대상) 주택 구입자금 대출을 받은 신혼부부·자녀출산 가구(7년 이내)
 ❍ (지원내용) 대출이자 최대 1.5%*(3억원 이내)
              * 신혼부부(0.2%), 1자녀(0.8%), 2자녀 이상(0.5%)
 ❍ (주택기준) 전용면적 85㎡ 이하·6억원 이하 주택
 ❍ (소득기준) 대출 유형에 따라 소득기준 차등 적용
    - 정부 지원 대출* 받은 경우: 부부합산 연소득 1억원 이내
    - 민간은행 대출 받은 경우: 부부합산 연소득 1억 3천만원 이내
     * 신생아특례, 보금자리론, 디딤돌 대출 등 정부에서 정책적으로 지원하여 낮은 금리로 대출 받은 경우
 ❍ (사 업 량) 646가구",만 0세 ~ 만 0세,"소득조건코드=0043003 / 소득범위=0~0 / 정부지원 대출(1억원), 민간은행 대출(1.3억원 이내)",,,,(온라인) 정부24,20260501 ~ 20260630 ~ 20260630,main,primary,False,하영드림주택마련지원|제주특별자치도|2026050120260630~20260630,하영드림주택마련지원,제주특별자치도,2026050120260630~20260630,plus.gov.kr/portal/benefitv2/benefittotalsrvclist/benefitsrvcdtl?svcseq=2146116&bneftype=all&svcid=650000001122,https://plus.gov.kr/portal/benefitV2/benefitTotalSrvcList/benefitSrvcDtl?svcSeq=2146116&bnefType=all&svcId=650000001122
youth,20260422005400212848,3만원 주택,"신혼부부·자녀출산 가구의 주거비 부담 완화를 위해 공공임대주택 임대료 지원을 통한 
주거안정 도모 

※ 지원대상: 모든 세대원이 무주택자로 제주도 소재 공공임대주택에 입주하고 있는(혹은 입주 예정인)자로 공공임대주택 임대차 계약을 완료한 자(계약자 본인만 신청가능)",주거,제주도청 주택토지과,제주특별자치도경제통상진흥원 경영본부 청년센터,0013010 | 0049010,공고일기준 공공임대주택 입주자의(예정자 포함) 월임대료 중 3만원(본인부담액)을 제외한 모든 금액(원 단위 절하),만 0세 ~ 만 0세,소득조건코드=0043003 / 소득범위=0~0 / 전년도 도시근로자 가구원수별 월평균 소득을 기준 130%이하 (맞벌이부부 200%이하),,"➊ (소득) 전년도 도시근로자 월평균 소득 100% 이하 (맞벌이 부부 120%이하),   
             * 2인가구인 경우 110% (맞벌이 130%이하) 
    ⟹ 신청인이 속한 가구의 최근 3개월 평균 건강보험료 납부금액 기준으로 판정
 ➋ (주택) 「공공주택 특별법 시행령」제2조에 따른 공공임대주택 
    ※ 단, 분양전환형 공공임대 등 지원 불가
 ➌ (신혼부부 혹은 자녀출산 가구) 
   - 신혼부부: 2025년 기준 2018. 1. 1. 이후 혼인신고 하여 계속 혼인을 유지하는 자 
   - 자녀출산가구: 2026년 기준 막내 자녀 2019. 1. 1. 이후 출생  
       ※ 신혼부부로 신청 시 계속하여 혼인관계를 유지하여야 함
       ※ 막내자녀 출생신고 기준이므로 추가 자녀 출산 시 지원 기간 연장
       ※ 자녀에는 태아는 미포함이며, 입양아는 포함됨.
       ※ 해당자는 매년신청 필요, 분기별 심사 후 지급 대상자 선정함  

정부24 → “제주 3만원 주택”검색 후 신청 (https://plus.gov.kr/)",,정부24 → “제주 3만원 주택”검색 후 신청 (https://plus.gov.kr/),20260318 ~ 20260430 ~ 20261231,main,primary,False,3만원주택|제주도청주택토지과|2026031820260430~20261231,3만원주택,제주도청주택토지과,2026031820260430~20261231,plus.gov.kr/portal/benefitv2/benefittotalsrvclist/benefitsrvcdtl?svcseq=2143516&bneftype=all&svcid=650000001121,https://plus.gov.kr/portal/benefitV2/benefitTotalSrvcList/benefitSrvcDtl?svcSeq=2143516&bnefType=all&svcId=650000001121
youth,20260422005400212847,공공주택 임대차보증금 지원사업,주택 및 전월세 가격이 상승으로 인해 주거약자의 주거비 부담 증가하여 임대차 보증금 지원을 통해 주거약자 등에 대한 주거권 확보 및 자립기반 조성 지원,주거,건설주택국 주택토지과,제주특별자치도경제통상진흥원 경영본부 청년센터,0013010 | 0049010,기본 임대차보증금의 50% 이내지원,만 0세 ~ 만 0세,"소득조건코드=0043003 / 소득범위=0~0 / 공공임대주택을 공급하는 LH, 제주특별자치도개발공사, JDC에 문의",,"퇴거 시 지원 보증금 반환 필요 
※ 공공임대주택을 공급하는 LH, 제주특별자치도개발공사, JDC 문의",,주택토지과 방문 접수,20260101 ~ 20261231 ~ 20261231,main,primary,False,공공주택임대차보증금지원사업|건설주택국주택토지과|2026010120261231~20261231,공공주택임대차보증금지원사업,건설주택국주택토지과,2026010120261231~20261231,www.jeju.go.kr/city/welfare/leasedeposit.htm,https://www.jeju.go.kr/city/welfare/leasedeposit.htm
youth,20260422005400212846,제주 청년 희망충전 월세 지원,청년층의 주거비 부담경감을 위해 부모와 별도 거주하는 35세~39세 이하의 무주택 청년 세대주에게 임차료 월 최대 20만원 지원,주거,제주특별자치도,제주특별자치도경제통상진흥원 경영본부 청년센터,0013010 | 0049010," ❍ (지원대상) 우리 도에 주소를 두고 부모와 별도 거주하는 35세~39세 이하의 무주택 청년 세대주
 ❍ (소득요건) 기준 중위소득 60% 이하
 ❍ (지원내용) 임차료 월 20만원 이하 지원(최대 12개월 / 240만원)
 ❍ (사 업 량) 250가구",만 35세 ~ 만 39세,소득조건코드=0043001 / 소득범위=0~0,,"19~34세는 국토부 청년월세 지원 사업
35~39세는 제주 자체사업인 제주 청년 희망충전 월세 지원 사업",,"(온라인) 정부24
(방  문) 읍·면·동 주민센터",20260101 ~ 20261231,main,primary,False,제주청년희망충전월세지원|제주특별자치도|20260101~20261231,제주청년희망충전월세지원,제주특별자치도,20260101~20261231,plus.gov.kr/portal/benefitv2/benefittotalsrvclist/benefitsrvcdtl?svcseq=2130316&bneftype=all&svcid=650000001119,https://plus.gov.kr/portal/benefitV2/benefitTotalSrvcList/benefitSrvcDtl?svcSeq=2130316&bnefType=all&svcId=650000001119
youth,20260422005400212842,청년동행 일자리 우수기업 지원사업,지역 내 임금·복지수준과 일-가정 양립이 우수한 기업을 발굴하여 일자리 우수기업 선정 및 지원,인력/일자리,제주특별자치도청,제주특별자치도경제통상진흥원 경영본부 청년센터,0013001 | 0049010,"지역 내 임금·복지수준과 일-가정 양립이 우수한 기업을 발굴하여 일자리 우수기업 선정 및 지원
 - 주택임차금, 정착지원금, 교통비, 자녀돌봄지원금 중 택3
 - 육아휴직 지원금, 장기근속 축하금, 건강검진비, 결혼축하금(출산, 입양, 육아휴직 복귀)
 - (기업) 구내식당, 신규 채용장려금, 사업 담당자 인센티브, 청년 육아휴직자 고용 인센티브 등
3월 예정된 공고 전까지 변경 가능",만 18세 ~ 만 39세,소득조건코드=0043001 / 소득범위=0~0,,,,"○ 방문접수
제주특별자치도 노동일자리과(064-710-3795)
제주시 신대로 63, 205호",20260316 ~ 20260410 ~ 20270531,main,primary,False,청년동행일자리우수기업지원사업|제주특별자치도청|2026031620260410~20270531,청년동행일자리우수기업지원사업,제주특별자치도청,2026031620260410~20270531,www.jeju.go.kr/news/news/law/jeju2.htm,https://www.jeju.go.kr/news/news/law/jeju2.htm#A_65447
youth,20260422005400212841,평생교육이용권 지원사업,만 19세 이상 39세 이하(1987.1.1.부터 2007.12.31.까지 출생한 자) 제주특별자치도에 주소를 둔 제주도민에게 평생교육이용권 지원(1인당 35만원),교육/멘토링,제주특별자치도 문화체육교육국 교육정책협력과,제주특별자치도경제통상진흥원 경영본부 청년센터,0013010 | 0049010,평생교육강좌 수강료 및 해당 강좌 수강에 필요한 교재비에 사용할 수 있는 평생교육이용권 지원(1인당 35만원),만 19세 ~ 만 39세,소득조건코드=0043001 / 소득범위=0~0,,추후 공고문 참고,,"제주평생교육이용권 누리집(www.lllcard.kr/reg/jeju)에서 신청

※ 2차 공고문: https://www.jiles.or.kr/community/notice/notice.htm?seq=11217&act=view
(모집기간: 4/8~4/21 18:00)",20260408 ~ 20260421 ~ 20261231,main,primary,False,평생교육이용권지원사업|제주특별자치도문화체육교육국교육정책협력과|2026040820260421~20261231,평생교육이용권지원사업,제주특별자치도문화체육교육국교육정책협력과,2026040820260421~20261231,www.lllcard.kr/reg/jeju,https://www.lllcard.kr/reg/jeju
youth,20260422005400212839,제주 스타크리에이터 육성사업,"경쟁력 있는 앵커기업의 발굴·육성을 위한 로컬크리에이터의 성장과 도약 지원

*로컬크리에이터: 제주특별자치도 고유의 유ㆍ무형의 자원을 바탕으로 혁신적인 아이디어를 결합하여 차별화된 브랜드와 사업적 가치 등을 창출하는 자",인력/일자리,"제주특별자치도, 제주창조경제혁신센터",제주특별자치도경제통상진흥원 경영본부 청년센터,0013010 | 0049010,"공개 선발 절차를 통해 선정된 유망 로컬크리에이터 기업을 성장시키는 데 필요한 제품 브랜딩·고도화, 마케팅 역량 제고 등의 사업 지원",만 0세 ~ 만 0세,소득조건코드=0043001 / 소득범위=0~0,,"064-710-3426, 064-760-1970

※ 사업별 세부내용이 상이함에 따라, 자세한 사항은 문의처로 문의하시기 바랍니다.",,THE 제주크리에이터 누리집을 통한 온라인 신청,20260306 ~ 20260406,main,primary,False,제주스타크리에이터육성사업|제주특별자치도제주창조경제혁신센터|2026030620260406~,제주스타크리에이터육성사업,제주특별자치도제주창조경제혁신센터,2026030620260406~,jejucreator.kr,https://jejucreator.kr
youth,20260422005400212837,탐라청년출발패키지 사업 (청년 전입 축하장려금),"2026. 1. 1.이후 타 시도에서 전입하는 19~39세 청년을 주민등록인구로 편입, 행정서비스 정책 당사자성 강화, 삶의 질 제고, 정주로 선순환 흐름 형성을 목적으로 사업 추진",복지/문화,제주특별자치도,제주특별자치도경제통상진흥원 경영본부 청년센터,0013010 | 0049010,"* 신청요건을 충족하고 지급기준일(신청일의 다음달 15일) 주민등록 유지 시 탐나는전 모바일 충전, 전입신고 시 50%, 주민등록 6개월 경과시 50%
- (주민등록 기준) 2026. 1. 1.이후 제주도에 전입하고, 전입일 기준 1년 이내 제주도 주민등록 이력이 없어야 함
-(일반형) 2026. 1. 1. 이후 제주도로 최초 전입하는 경우
          (1차)전입축하 5만원  (2차) 주민등록 6개월 경과 시 5만원  
-(U턴형) 과거 연속 5년 이상 제주도에 주민등록한 이력이 있고, 전입일 이전 1년 이내 제주도 주민등록 이력이 없으면서 2026. 1. 1. 이후 제주도로 전입하는 경우
         (1차) 전입축하 10만원  (2차) 주민등록 6개월 경과 시 10만원  ",만 19세 ~ 만 39세,소득조건코드=0043001 / 소득범위=0~0,,"자세한 사항은 공고문 참조
(제주도청 누리집-입법고시공고-탐라청년출발패키지)
https://www.jeju.go.kr/news/news/law/jeju2.htm#A_64526",,"- 정부24를 통한 온라인 신청만 가능
  * 정부24 누리집→ 로그인(본인 인증) → “탐라청년출발” 검색 → 신청 화면
- 개인정보 수집‧이용‧제공 및 행정정보공동이용 사전동의 필수 

  * 주민등록표초본 행정정보공동이용을 통해 담당자가 주소이력을 직접 확인하므로 증빙자료를 따로 제출하지 않음
- 전입축하금 1차 신청으로 2차 신청까지 함께 신청한 것으로 처리함(담당자가 행정정보공동이용을 통해 6개월 경과 여부 확인)    
- 신청 전 본인 명의의 탐나는전 앱 설치 또는 탐나는전 카드 발급 필수",20260223 ~ 20261231 ~ 20261231,main,primary,False,탐라청년출발패키지사업|제주특별자치도|2026022320261231~20261231,탐라청년출발패키지사업,제주특별자치도,2026022320261231~20261231,plus.gov.kr/portal/benefitv2/benefittotalsrvclist/benefitsrvcdtl?svcseq=2161821&bneftype=all&svcid=650000001137,https://plus.gov.kr/portal/benefitV2/benefitTotalSrvcList/benefitSrvcDtl?svcSeq=2161821&bnefType=all&svcId=650000001137
youth,20260422005400212833,찾아가는 청년교육 프로그램 운영,수요자 중심의 맞춤형 교육으로 교육 만족도 증대 및 청년의 역량 강화,참여/기반,제주특별자치도 서귀포시 자치행정국 기획예산과,제주특별자치도경제통상진흥원 경영본부 청년센터,0013010 | 0049010,"- 대상: 서귀포시 청년(19세~39세)
- 주요내용: 청년이 원하는 교육내용을 원하는 날짜, 장소에 찾아가서 운영하는 수요자 중심 맞춤형 교육
- 전달체계: 직접사업",만 19세 ~ 만 39세,소득조건코드=0043001 / 소득범위=0~0,,- 서귀포시 청년이 5인 이상이면서 교육 참가자의 50% 이상이 서귀포시에 주소를 둔 청년으로 구성된 교육 수요자 그룹,,"직접 방문 또는 우편 제출
(서귀포시 중앙로 105, 서구포시청 본관 3층 기획예산과)",20260301 ~ 20261231,main,primary,False,찾아가는청년교육프로그램운영|제주특별자치도서귀포시자치행정국기획예산과|20260301~20261231,찾아가는청년교육프로그램운영,제주특별자치도서귀포시자치행정국기획예산과,20260301~20261231,www.seogwipo.go.kr/info/news/notice.htm?qtype=title&q=%ec%b0%be%ec%95%84%ea%b0%80%eb%8a%94&act=view&seq=153391222,https://www.seogwipo.go.kr/info/news/notice.htm?qType=title&q=%EC%B0%BE%EC%95%84%EA%B0%80%EB%8A%94&act=view&seq=153391222
youth,20260421005400212832,2026년 청년 희망디딤돌 통장사업 대상자 모집 공고,청년과 지자체가 공동 적립통장을 개설·운영하여 청년의 자산형성에 보탬이 되어 안정적인 미래 준비를 지원합니다.,복지/문화,전라남도 인구청년이민국 청년희망과,재단법인전라남도중소기업일자리경제진흥원,"0013001,0013002,0013004,0013005,0013007 | 0049010","본인부담금(월 10만원) 적립 시, 동일금액 3년간 매칭 지원",만 18세 ~ 만 45세,소득조건코드=0043002 / 소득범위=0~0,,"① (연령) 공고일 기준 18세 이상 45세 이하인 자
             (1981.1.1.이후~2008.12.31.이전 출생자)
   ② (거주) 공고일 현재 전라남도내에 주민등록상 주소지를 둔 자
   ③ (자격) 노동자 또는 사업자 중 아래에 해당하는 자
     - (노동자) 상용직･임시직･일용직 등 유형에 관계없이 공고일 기준 이전 최근 6개월 동안 3개월(90일) 이상 노동경력이 있는 자
     - (사업자) 공고일 기준 6개월 이전에 개업하고, 3개월 이상 사업체를 운영 중인 자
   ④ (소  득) 가구소득인정액이 기준중위소득 120% 이하인 자

신청기한 등 세부사항은 변경될 수 있으며, 자세한 사항은 담당자 문의","①  「청년 희망디딤돌 통장사업」자가진단표
② 「청년 희망디딤돌 통장사업」 참여 신청서
③ 신분증 사본
④ 개인정보 수집 및 이용 동의서
⑤ 사회보장급여 제공(변경) 신청서
⑥ 소득･재산 신고서
⑦ 주민등록등본, 가족관계증명서 각 1부
⑧ 노동경력 확인서류
⑧-1. 노동자 : 고용보험내역 또는 고용임금확인서 등
⑧-2. 사업자 : 사업자등록증명원 및 부가가치세 과세표준증명원 등
⑧-3. 국가근로장학생 : 근로내역증명서
⑨ 기타 추가서류(해당자만 제출) : 위임장, 부채확인서, 전월세계약서, 사용대차확인서 등","① 신청서류 접수(주소지 읍·면·동 행정복지센터 방문 또는 등기우편 신청)
② 자격요건 확인 및 대상자 확정(시·군 및 읍·면·동)
③ 선정자 공고 및 지원",20260420 ~ 20260508 ~ 20290731,main,primary,False,2026년청년희망디딤돌통장사업대상자모집공고|전라남도인구청년이민국청년희망과|2026042020260508~20290731,2026년청년희망디딤돌통장사업대상자모집공고,전라남도인구청년이민국청년희망과,2026042020260508~20290731,www.jeonnam.go.kr/j0203/boardview.do?seq=23937&inforeturn=&menuid=jeonnam0203000000&displayheader=&searchtype=&searchtext=&searchstdate=&searchendate=&pageindex=1&boardid=j0203&displayheader=,https://www.jeonnam.go.kr/J0203/boardView.do?seq=23937&infoReturn=&menuId=jeonnam0203000000&displayHeader=&searchType=&searchText=&searchStDate=&searchEnDate=&pageIndex=1&boardId=J0203&displayHeader=
youth,20260421005400212830,청년기업 창업두드림 보증료 제로사업,"ㅇ (목적) 청년 창업기업의 금융비용 부담 경감
ㅇ (대상) 청년 창업기업
ㅇ (주요내용) 도내 청년기업의 창업자금 창업두드림 특별보증시 보증수수료(0.5%) 면제
             (최초 2년, 1회)
ㅇ (전달체계) 출연(제주신용보증재단)",인력/일자리,제주신용보증재단,제주특별자치도경제통상진흥원 경영본부 청년센터,0013010 | 0049010,"ㅇ (지원대상) 창업 후 3년 이내 청년(39세 이하) 소기업·소상공인으로 창업교육 이수한 업체 
ㅇ (지원내용) 창업 두드림 특별보증시 최초 1회(2년) 보증료(0.5%) 전액 지원",만 19세 ~ 만 39세,소득조건코드=0043001 / 소득범위=0~0,,,,"ㅇ 신용보증재단 홈페이지에서 상담예약 후 방문 상담 및 서류접수
ㅇ 지역보증드림 앱에서 원하는 지역신보를 선택해 상담신청 후 PC·모바일로 보증신청을 진행

ㅇ 문의처 : 064-710-3902(소상공인과), 064-750-4845(제주신용보증재단)",20260101 ~ 20261231,main,primary,False,청년기업창업두드림보증료제로사업|제주신용보증재단|2026010120261231~,청년기업창업두드림보증료제로사업,제주신용보증재단,2026010120261231~,www.jcgf.or.kr,https://www.jcgf.or.kr/
youth,20260421005400212827,청년농업인 수요자 맞춤형 영농정착 지원,"농촌지역 고령화에 대응하여 45세미만 젊은 농업인들이 농촌의 주역으로 조기에 정착 지원
농산업 지원을 통한 미래 주역의 청년농업인들의 성장기반을 조성하고 제주농업 경쟁력 제고",인력/일자리,제주특별자치도 농업기술원,제주특별자치도경제통상진흥원 경영본부 청년센터,0013010 | 0049010,"❍ 청년농업인들의 안정적인 성장지원을 위한 장비 등 지원 
※ 본 사업은 사업대상자 기 선정으로 인한 신청 불가",만 19세 ~ 만 45세,소득조건코드=0043001 / 소득범위=0~0,,"청년농업인: 3년이상 제주특별자치도에 주소를 두고 거주하면서 신규 또는 부모님의 농업을 승계하여 
농업에 종사하는 19세 이상 45세 이하인 농업인 및 영농종합 대표가 청년농업인",,"온라인(제주농업기술원)

❍ 신청대상 제한: 도내 청년농업인 및 영농조합법인 대표가 청년농업인
  * 청년농업인: 3년이상 제주특별자치도에 주소를 두고 거주하면서 신규 또는 부모님의 
                농업을 승계하여 농업에 종사하는 19세 이상 45세 이하인 농업인
  * 신청자가 영농조합법인인 경우 대표가 청년농업인이어야 하며, 사업 추진 시 
    사후관리기간 동안 대표자가 유지 되어어 하며, 대표자 변경 시 사업비 환수

※ 청년농업인 CEO 아이디어 경진대회 선발자 대상으로 진행됨",20250901 ~ 20251021 ~ 20261231,main,primary,False,청년농업인수요자맞춤형영농정착지원|제주특별자치도농업기술원|2025090120251021~20261231,청년농업인수요자맞춤형영농정착지원,제주특별자치도농업기술원,2025090120251021~20261231,agri.jeju.go.kr,https://agri.jeju.go.kr/
youth,20260421005400212825,청년농업인 육성,"영농의지와 역량을 갖춘 청년농업인 육성으로 고령화 대비 농업인력 구조 개선 기반 마련
청년농업인 육성을 위한 교육 프로그램 운영을 통한 농업경영체로의 성장 유도",교육/멘토링,제주특별자치도 농업기술원,제주특별자치도경제통상진흥원 경영본부 청년센터,0013010 | 0049010,"❍ 청년농업인 학교
  - 교육기간: 2026년 4월 ~ 7월
  - 교육계획: 6회 18시간~24시간 이내(1회당 3~4시간 이내)
  - 교육인원: 청년농업인 20명 * 1순위)도내 청년농업인 2순위)교육을 희망하는 자
  * 청년농업인: 3년이상 제주특별자치도에 주소를 두고 거주하면서 신규 또는 부모님의 
                 농업을 승계하여 농업에 종사하는 19세 이상 45세 이하인 농업인
   - 교육내용
    ․ 농정시책(1): 농지은행제도, 농업경영체 및 공익직불금 소개
    ․ 농사기초(1): 토양의 이해 및 비료저감, 병해충 방제, 농약사용기초, 농업미생물 활용방법 
    ․ 감귤 재배기술 교육(1): 만감류 ‧ 노지감귤 재배기술 교육
    ․ 원예작물 재배기술 교육(1): 인경채류 ‧ 양채류 등 재배기술 교육
    ․ 현장실습 교육(1): 농업기술원 실증 포장 및 청년농 과원 방문 등 
    ․ 기타 교육(1): 제주DA 제주농업 디지털 전환, 종자분쟁 및 품종보호법, 농업전기 기초 및 안전교육
  * 위 교육기간 및 내용은 일정 및 강사 섭외 등 사정에 의해 변경되거나 취소될 수 있음.

❍ 청년농업인 영농문제 해결 스터디 그룹
  - 사업기간: 2026년 4월 ~ 11월
  - 운영횟수: 그룹당 15회 내외 * 월별 1~2회 내외(회당 최대 4시간 이내) 자율적 운영
  - 가입문의: 농업기술원 기술지원조정과(064-760-7524)",만 19세 ~ 만 45세,소득조건코드=0043001 / 소득범위=0~0,,"❍ 신청대상 제한: 1순위)도내 청년농업인 2순위)교육을 희망하는 자
  * 청년농업인: 3년이상 제주특별자치도에 주소를 두고 거주하면서 신규 또는 부모님의 
                농업을 승계하여 농업에 종사하는 19세 이상 45세 이하인 농업인
  * 1순위 접수인원 미달 시 2순위 접수 가능",,"방문(공휴일 제외, 근무시간 내) 또는 온라인 접수

※ 2026년 미래농업의 주역 청년농업인 학교 교육(4/8~4/20)
https://agri.jeju.go.kr/agri/farminginfo/education/agri.htm?act=view&seq=771",20260408 ~ 20260420,main,primary,False,청년농업인육성|제주특별자치도농업기술원|2026040820260420~,청년농업인육성,제주특별자치도농업기술원,2026040820260420~,agri.jeju.go.kr/agri/index.htm,https://agri.jeju.go.kr/agri/index.htm
youth,20260421005400212824,서귀포시 청년 커뮤니티 활동 지원사업,"- 대상: 구성원 70% 이상이 서귀포시에 주소를 둔 5인 이상 청년 커뮤니티 
청년들의 활동을 적극적으로 지원하고 청년 커뮤니티를 활성화하기 위해 자원유형별 활동비 차등 지원으로 다양한 유형별 활동 장려",참여/기반,서귀포시 자치행정국 기획예산과,제주특별자치도경제통상진흥원 경영본부 청년센터,0013010 | 0049010,"- 주요내용: 재능기부형, 시책발굴형, 공동체형의 다양한 청년 커뮤니티 활동비 지원 
- 전달체계: 직접사업",만 19세 ~ 만 39세,소득조건코드=0043001 / 소득범위=0~0,,- 구성원 70% 이상이 서귀포시에 주소를 둔 5인 이상의 청년 공동체,,"직접 방문 또는 우편 제출
(서귀포시 중앙로 105, 서구포시청 본관 3층 기획예산과)

※ 2026년 서귀포시 청년 커뮤니티 활동 지원사업 3차 재공고 모집 알림(3/9~3/23)",20260309 ~ 20260323 ~ 20261231,main,primary,False,서귀포시청년커뮤니티활동지원사업|서귀포시자치행정국기획예산과|2026030920260323~20261231,서귀포시청년커뮤니티활동지원사업,서귀포시자치행정국기획예산과,2026030920260323~20261231,www.seogwipo.go.kr/info/news/notice.htm?page=4&act=view&seq=153154222,https://www.seogwipo.go.kr/info/news/notice.htm?page=4&act=view&seq=153154222
youth,20260421005400212823,국민취업지원제도,"15~69세 이하 저소득 구직자, 청년, 중장년층 등 취업취약계층을 대상으로 취업지원서비스와 소득지원을 함께 제공하는 ‘한국형 실업부조’ 제도",인력/일자리,제주특별자치도 경제활력국 고용센터,제주특별자치도경제통상진흥원 경영본부 청년센터,0013003 | 0049010,"소득·재산·취업경험에 따라 취업지원서비스와 구직촉진수당을 지원하는 Ⅰ유형, 취업지원서비스와 취업활동비용을 지원하는 Ⅱ유형으로 구분
(공통) 심층상담, 직업훈련, 일자리정보 제공 등 취업지원서비스
(Ⅰ유형) 취업활동계획에 따른 구직활동 이행시 월 60~100만원*, 6개월 지원
   *부양가족(18세이하, 70세 이상, 중증장애인)1인당 10만원씩 추가
(Ⅱ유형) 취업활동비용 최대 35만원 지원
(취업성공수당) 중위소득 60%이하인 자 및 특정계층 참여자, 최대 150만원 지원",만 15세 ~ 만 69세,"소득조건코드=0043003 / 소득범위=0~0 / Ⅰ유형 중위소득60%이하, 중위소득120%이하 / Ⅱ유형 소득,재산무관",,"소득·재산·취업경험에 따라 참여요건(Ⅰ·Ⅱ유형)이 있으며, 최근2년이내 100일 이상 취업경험이 없거나, 청년 중 중위소득 60~초과~120%이하 가구일 경우 예산상황에 따라 Ⅰ유형으로 지원되지 않을 수 있음.",,"(오프라인) 고용센터 방문
- 제주시 : 제주시 중앙로 165, 2층 (제주시)064-710-4592~3,
- 서귀포시 : 서귀포시 동홍로 186, 4층 (서귀포시) 064-710-4594
(온라인) 고용24홈페이지-취업지원-국민취업지원제도-취업지원신청

",20260101 ~ 20261231,main,primary,False,국민취업지원제도|제주특별자치도경제활력국고용센터|20260101~20261231,국민취업지원제도,제주특별자치도경제활력국고용센터,20260101~20261231,www.work24.go.kr/cm/main.do,https://www.work24.go.kr/cm/main.do
youth,20260421005400212822,청년 희망이음 일자리(청년인턴)사업,"○(대상) 서귀포시 관내 미취업 청년층(19세~39세)
○(목적) 서귀포시 관내 미취업 청년층에게 공공분야 일자리를 통해 직무경험 제공
○(주요내용) 미취업 청년층에게 공공부문 일자리를 발굴, 제공하여 직무 경험을 제공하고 사회 진출 자립기반 마련",인력/일자리,제주특별자치도 서귀포시 농수축산경제국 경제일자리과,제주특별자치도경제통상진흥원 경영본부 청년센터,0013003 | 0049010,"○사업 신청자의 범위: 사업공고일 현재 서귀포시에 주소를 둔 미취업 청년(19세~39세)
○근무조건
  - 근무시간: 주40시간 이내(1일 8시간 이내)
  - 임    금: 2026년도 제주특별자치도 생활임금 적용(시급 12,110원), 4대보험 가입",만 19세 ~ 만 39세,소득조건코드=0043001 / 소득범위=0~0,,"각 사업별로 채용기간 및 사업기간이 상이하므로 서귀포시청 홈페이지 채용공고 확인
※ 채용 인원은 내부 계획에 따라 달라질 수 있음",,각 사업별 해당부서 방문 접수,,main,primary,False,청년희망이음일자리사업|제주특별자치도서귀포시농수축산경제국경제일자리과|,청년희망이음일자리사업,제주특별자치도서귀포시농수축산경제국경제일자리과,,www.seogwipo.go.kr/info/news/job/job.htm,https://www.seogwipo.go.kr/info/news/job/job.htm
youth,20260421005400212821,서귀포시 청년정책협의체 운영,청년들의 시정 참여 확대 및 정책 발굴 등 다양한 정책 참여 기회 확대 등,참여/기반,제주특별자치도 서귀포시 자치행정국 기획예산과,제주특별자치도경제통상진흥원 경영본부 청년센터,0013003 | 0049010,"- 대상: 주소지, 등록기준지 또는 직장(근무지)이 서귀포시 지역인 청년
- 주요내용: 청년의견 수렴, 청년정책 제안, 타시도 청년교류 활동, 청년정책 제안 등
- 전달체계: 직접사업",만 19세 ~ 만 39세,소득조건코드=0043001 / 소득범위=0~0,,"- 주소지, 등록기준지 또는 직장(근무지)이 서귀포시 지역인 청년",,"이메일 또는 직접 방문, 우편 제출
시 홈페이지 일반공고에서 지원서류 다운로드 → 양식에 맞춰 작성 후 자필서명하여 PDF 파일로 이메일 또는 직접방문, 우편제출",20251201 ~ 20251212 ~ 20261231,main,primary,False,서귀포시청년정책협의체운영|제주특별자치도서귀포시자치행정국기획예산과|2025120120251212~20261231,서귀포시청년정책협의체운영,제주특별자치도서귀포시자치행정국기획예산과,2025120120251212~20261231,www.seogwipo.go.kr,https://www.seogwipo.go.kr/
youth,20260421005400212820,제주시 취업준비 청년 자격증 등 응시료 지원사업,"ㅇ (목적) 취업준비 청년들의 자격증 등 응시료 지원을 통해 제주시 청년 취업역량 강화 및 경쟁력 제고
ㅇ (주요내용) 취업준비 청년들의 자격증 등 응시료 실비 지원(1인 최대 10만원)
ㅇ (전달체계) 지원사업 공고 → 신청접수 및 지원",인력/일자리,제주특별자치도 제주시 자치행정국 기획예산과,제주특별자치도경제통상진흥원 경영본부 청년센터,0013003 | 0049010,ㅇ 제주시에 주소지를 둔 미취업 청년(19~39세)을 대상으로 자격증 및 어학시험 등 자격증 응시료를 연 최대 10만 원 한도 내에서 실비 지원,만 19세 ~ 만 39세,소득조건코드=0043001 / 소득범위=0~0,,"ㅇ 2026년 1월 1일 이후 실시한 자격증 시험에 한하여 응시료를 지원함.
ㅇ 신청은 반드시 시험 응시한 이후에 하여야 하며 시험 접수 상태에서는 신청 불가.",,제주시 누리집(https://www.jejusi.go.kr) → 홍보 배너 → 신청,20260209 ~ 20261210 ~ 20261210,main,primary,False,제주시취업준비청년자격증등응시료지원사업|제주특별자치도제주시자치행정국기획예산과|2026020920261210~20261210,제주시취업준비청년자격증등응시료지원사업,제주특별자치도제주시자치행정국기획예산과,2026020920261210~20261210,www.jejusi.go.kr/participation/examfeeapply/receipt.do,https://www.jejusi.go.kr/participation/examfeeApply/receipt.do
youth,20260421005400212819,제주시 청년 글로벌기업 취업멘토링 콘서트,"ㅇ (목적) 취업을 준비하는 청년들에게 신성장산업 등 다양한 직무별 전문 멘토링과 특강 제공을 통한 실질적 취업역량 강화
ㅇ (주요내용) 기업 현직자와의 소규모 멘토링 및 특강 등 제공",인력/일자리,제주특별자치도 제주시 자치행정국 기획예산과,제주특별자치도경제통상진흥원 경영본부 청년센터,0013003 | 0049010,"ㅇ 국내외 기업에 재직 중인 현직자가 멘토로 참여, 청년들에게 최신 채용 동향과 직무에 필요한 역량에 대한 실질적이고 현장감 있는 정보를 전달. 
ㅇ 멘토들은 청년들의 질문에 직접 답변하며 직무 맞춤형 상담 및 면접 준비 전략, 자기소개서 작성 방법 등 정보 제공.",만 19세 ~ 만 39세,소득조건코드=0043001 / 소득범위=0~0,,,,제주시 누리집,20260101 ~ 20261231 ~ 20261231,main,primary,False,제주시청년글로벌기업취업멘토링콘서트|제주특별자치도제주시자치행정국기획예산과|2026010120261231~20261231,제주시청년글로벌기업취업멘토링콘서트,제주특별자치도제주시자치행정국기획예산과,2026010120261231~20261231,www.jejusi.go.kr/index.ac,https://www.jejusi.go.kr/index.ac
youth,20260421005400212817,한땀 프로젝트-청년과 함께하는 지속 가능한 문화 확산 프로그램,"생활에 필요한 수선, 기술 습득 기회 제공 및 지속가능한 의생활 문화 조성",복지/문화,제주특별자치도 서귀포시 문화예술과,제주특별자치도경제통상진흥원 경영본부 청년센터,0013010 | 0049010,"- 대상: 서귀포시 관내 청년(19세 ~ 39세)
- 주요내용: 헌 옷을 활용한 손바느질 및 의류 리폼 프로그램 등 운영
- 전달체계: 직접운영",만 19세 ~ 만 39세,소득조건코드=0043001 / 소득범위=0~0,,,,"ㅇ 방문 접수: 09:00~18:00(점심시간(11:30~12:30) 제외) / 문화예술과(서귀포시청 1청사 별관 6층)
ㅇ 전자우편: junho2617@korea.kr
※ 전자우편은 발송 후 반드시 확인 전화 요망
※ 자세한 사항은 서귀포시청 문화예술과 문의",20260323 ~ 20260408 ~ 20261231,main,primary,False,한땀프로젝트청년과함께하는지속가능한문화확산프로그램|제주특별자치도서귀포시문화예술과|2026032320260408~20261231,한땀프로젝트청년과함께하는지속가능한문화확산프로그램,제주특별자치도서귀포시문화예술과,2026032320260408~20261231,seogwipo.go.kr/info/news/law/law.htm,https://seogwipo.go.kr/info/news/law/law.htm
youth,20260421005400212816,대학일자리플러스센터(졸업생특화프로그램 포함) 운영,"재학생 및 졸업생, 지역청년들에게 체계적이고 다양한 진로 탐색을 통해 직무 역량에 기반한 맞춤형 진로·취업 서비스 제공",교육/멘토링,제주대학교 대학일자리플러스센터,제주특별자치도경제통상진흥원 경영본부 청년센터,0013010 | 0049010,"◦ 진로취업 상담 / 비교과 프로그램 / 학생경력관리 시스템 / 진로취업 교과목국내외 일경험 / 대학일자리플러스센터, 졸업생 특화 프로그램 사업 운영
◦ 진로·취업 상담 지원 
  ❖ 제주대 포털(https://portal.jejunu.ac.kr) : 취업지원관 상담 신청‧관리
◦ 통합상담실 운영
   

진로취업 상담
- 개별 맞춤 진로취업 상담
- 직무별 입사지원서, 자기소개서 작성 및 유형별 면접 컨설팅
취업정보 제공
- 최신 채용 동향 및 기업(채용) 정보 제공
- 교내·외 취업 준비 프로그램 정보 제공
- 잡매칭, 취업 연계 등

◦ 졸업생 특화 프로그램 : 졸업생 및 지역청년 대상 진로취업 상담, 역량강화 교육, 기업탐방 등 맞춤 프로그램 운영",만 0세 ~ 만 0세,소득조건코드=0043001 / 소득범위=0~0,,"◦ 제주지역 대학생, 취업준비생, 이전직자, 장기미취업자 등 청년이라면 누구든 진로취업을 위해 진로취업 맞춤 정보 및 서비스 제공 받을 수 있음
 ◦ 운영시간 : 월~금 09:00~18:00 (토, 일, 공휴일 휴무)
 ◦ 대학일자리플러스센터 위치 : 제주대학교 아라캠퍼스 글로벌하우스 1층",,"제주대학교 경력개발시스템(포털시스템) 등록 및 홍보자료 QR, 신청 링크 등
○ 상담
1. 제주대 포털 접속-로그인
2. 진로취업 상담 메뉴 찾기
   경력관리 메뉴 → 통합상담 → 진로취업 상담 선택 
3. 희망 취업지원관 선택
   희망 취업지원관 선택 → 일자 및 내용 등 입력 → 상담 신청
4. 상담 신청 확인 및 참여
   신청 상태 확인 후 참여 → 상담 후 만족도(취업지원관) 실시

○ 진로취업 프로그램
https://portal.jejunu.ac.kr 비교과 프로그램 또는 제주대학교 홈페이지 등 프로그램별 별도 신청 링크 활용하여 참여 가능

※제1회 제주공공기관 통합채용 취업아카데미 참여자 모집 안내(~6/15까지)
https://clip.jejunu.ac.kr/clip/supply/program.htm?act=view&seq=272838
※2026. JNU 해외취업 특별반 4기 연수생 모집(~4/20)
https://clip.jejunu.ac.kr/clip/supply/program.htm?act=view&seq=272879
※ 2026 취업동아리 모집(~4/24)
https://clip.jejunu.ac.kr/clip/supply/program.htm?act=view&seq=273120",,main,primary,False,대학일자리플러스센터운영|제주대학교대학일자리플러스센터|,대학일자리플러스센터운영,제주대학교대학일자리플러스센터,,clip.jejunu.ac.kr/clip/index.htm,https://clip.jejunu.ac.kr/clip/index.htm
youth,20260421005400212814,제주 런케이션 청년 유입 사업,"- 청년들의 제주 생활 만족도 상승에도 불구하고 제주의 청년 유출이 지속됨에 따라 청년의 제주       정주 경험 제공을 통한 긍정 이미지 확산 및 청년 유입 강화 필요
 - 도외의 청년층의 취·창업 탐색과 새로운 생활환경 경험에 대한 수요를 충족할 체류형 프로그램 필요
 - 제주 런케이션 한달살이 사업을 민간숙박시설로 확장하여 청년의 다양한 제주 경험 가능성 확장 및 지역경제 활성화 도모",복지/문화,제주관광공사,제주특별자치도경제통상진흥원 경영본부 청년센터,0013010 | 0049010,"* 지원안(금액 및 세부내용 미정)
- 한달살이 프로그램 지원
- 숙박비 및 활동비 지원",만 19세 ~ 만 39세,소득조건코드=0043001 / 소득범위=0~0,,※ 도외 청년 지원 사업,,"제주관광공사 문의

「2026 청춘 정거장 in 제주」 참가자 모집 공고(4/15~5/3 모집중)
https://ijto.or.kr/korean/Bd/view.php?btable=notice&bno=1456&p=1&lcate=

※ 추후 추가 기수 모집 예정",20260415 ~ 20260503 ~ 20261231,main,primary,False,제주런케이션청년유입사업|제주관광공사|2026041520260503~20261231,제주런케이션청년유입사업,제주관광공사,2026041520260503~20261231,ijto.or.kr/korean,https://ijto.or.kr/korean/
youth,20260421005400212813,글로컬대학 지원 사업,"지역과 대학의 동반성장을 위한 교육부 공모사업인 글로컬대학에 선정된 제주대학교에서 
교육혁신을 통한 지역산업 맞춤형 인재 양성",교육/멘토링,제주특별자치도,제주특별자치도경제통상진흥원 경영본부 청년센터,0013010 | 0049009,제주대학교 학생 대상 또는 도내 청년 대상 지역산업 맞춤형 인재 양성 프로그램 등 운영,만 0세 ~ 만 0세,소득조건코드=0043001 / 소득범위=0~0,,,,"프로그램 모집과 운영이 시기별로 다르게 추진되어 시기별 별도 정보 제공 예정

※ 내외국인학생 생태문화 런케이션 '제주의 숲, 로컬의지혜' 프로그램 참가자 모집 (Korean/ English) (~4/21 18:00까지 모집중)
https://www.jejunu.ac.kr/ara/noticesurvey/outEvent.htm?q=%EA%B8%80%EB%A1%9C%EC%BB%AC&qType=title&category=&act=view&seq=272881",20260401 ~ 20260421 ~ 20270228,main,primary,False,글로컬대학지원사업|제주특별자치도|2026040120260421~20270228,글로컬대학지원사업,제주특별자치도,2026040120260421~20270228,cms.jejunu.ac.kr/glocal/index.htm,https://cms.jejunu.ac.kr/glocal/index.htm
youth,20260421005400212811,지역특화 청년 무역전문가 양성사업(GTEP),글로벌 무역 환경 변화에 대응할 수 있는 역량을 갖춘 청년 무역 전문 인력 양성으로 무역 인프라 구축 및 청년 일자리 창출,교육/멘토링,제주대학교 경상대학 무역학과,제주특별자치도경제통상진흥원 경영본부 청년센터,0013003 | 0049005,"- FTA, 무역실무 등 기본교육과 전문교육
- 무역관련 자격증 취득 및 외국어 강좌 등 관련 인증취득 지원
- 도내 중소기업 등 산학협력업체와의 수출협력활동 진행 
- 전시박람회 참가 등 국내ㆍ외 현장마케팅 실습입력",만 0세 ~ 만 0세,소득조건코드=0043001 / 소득범위=0~0,,"ㅇ 본 사업은 산업통상부 국가직접지원사업으로
  - 사업통상부는 무역업계의 요구에 부합하는 해외지역특화 무역인재를 공급하기 위해 (사)한국무역협회 무역아카데미에 위탁하여 추진함
ㅇ 3년 단위로 전국 4년제 대학을 대상으로 공모·선정(20개 대학) 함
  - 제주대학교는 ‘23년 말 공모신청 결과 선정되어 사업추진 중에 있음(사업기간: ‘24. 1. ~ 27. 3.)",,"제주대학교 지역특화청년무역전문가 양성사업 추진단 문의(064-754-3198)
",20251103 ~ 20251128 ~ 20270331,main,primary,False,지역특화청년무역전문가양성사업|제주대학교경상대학무역학과|2025110320251128~20270331,지역특화청년무역전문가양성사업,제주대학교경상대학무역학과,2025110320251128~20270331,jejuyouthdream.com/policy/detail/40,https://jejuyouthdream.com/policy/detail/40
youth,20260421005400212810,학자금 대출이자 및 신용회복 지원사업,"<학자금 대출이자 지원>
○ 제주 출신 대학생‧대학원생 학비 부담 경감을 위한 학자금 대출이자를 지원
○ 공고일 직전 학기에 발생한 한국 장학재단 학자금 대출이자 전액 지원

<학자금 대출 신용회복 지원>
○ 학자금 대출로 인한 신용유의자로 취업 및 경제활동에 어려움을 겪고 있는 제주 거주 청년에게 초입금 지원을 통한 신용회복 지원",교육/멘토링,제주특별자치도,제주특별자치도경제통상진흥원 경영본부 청년센터,"0013010 | 0049005,0049006,0049007","<학자금 대출이자 지원사업>
○ 상반기: ~ 26.4.30.까지
○ 하반기-6월말 공고
❍ 지원대상
  - 국내 대학(원)* 재학생, 휴학생
  - 국내 대학(원) 졸업(중ㆍ자퇴, 수료 포함) 후 10년 이내의 자
     * 「한국장학재단 설립 등에 관한 법률」 제2조 제6호 가목부터 다목에 해당하는 고등교육기관
❍ 지원요건
  - ➀도내 고등학교를 졸업한 자 또는 ➁제주특별자치도에 주소지를 둔 자
  - 지원 신청 시 한국장학재단 학자금 대출을 이용 중인 자
❍ 지원내용 : 2010년 이후부터 한국장학재단을 통해 대출받은 학자금 대출에 따라 발생한 이자 중 지원 공고일 기준 직전학기에 발생한 이자 전액 지원
  ▸ 상반기: 2025년 하반기(’25. 7. 1. ~ 12. 31.) 발생한 대출이자 전액
  ▸ 하반기: 2026년 상반기(’26. 1. 1. ~ 6. 30.) 발생한 대출이자 전액
❍ 지원방법 : 대상자 확정 후 한국장학재단을 통해 개인별 대출 상환 계좌로 해당 이자액 입금
   ※ 본인 명의의 개인 금융계좌로는 입금되지 않음
   ※ 이자지원 이전에 전액 상환된 대출 건의 경우 이자지원 대상에서 제외됨

<신용회복 지원사업> 
○ ~ 2026.11.30.까지 신청
❍ 지원대상 :아래의 요건을 모두 충족하는 자
  - 신청일 기준 6개월 이전부터 계속하여 도내에 주민등록이 되어 있는 19세 이상 39세 이하의 청년
  - 한국장학재단 학자금대출 연체로 인해 신용유의정보에 등록된 자
❍ 지원내용 : 한국장학재단과의 분할상환약정 체결에 필요한 초입금 지원
❍ 지원방법 : 한국장학재단과의 분할상환약정 체결을 위해 선납하는 초입금을 지원하며, 납입 이후 정기 상환금은 본인 부담
  - 초입금 지원액: 채무금액의 10% 범위 내, 최대 100만 원 한도 지원
❍ 지원기준 : 1인 1회에 한하여 지원하며, 타 지자체 및 유관기관의 동일·유사 사업과 중복 지원 불가",만 0세 ~ 만 0세,소득조건코드=0043001 / 소득범위=0~0,,"<학자금 대출이자>
○  신청한 내용이 정확하지 않은 경우 또는 구비서류의 내용 식별이 불가능할 시 지원 대상에서 제외될 수 있음
○ 행정정보공동이용 조회 및 개인정보 수집·이용에 동의하지 않는 경우 지원대상 확인이 불가하여 지원대상에서 제외될 수 있음
○ 신청인은 공고문의 내용을 충분히 숙지한 후 신청하여야 하며, 신청서에 기재한 정보(성명, 연락처 등)의 오기재로 인한 불이익은 신청인 본인의 책임으로 함
○ 허위 또는 기타 부정한 방법으로 신청한 사실이 확인될 경우 선정 취소 및 향후 동일 사업 신청 제한 등의 조치를 할 수 있음
○ 학자금 대출이자 지원을 받고자 하는 학생은 매학기마다 신청하여야 하며, 타 지자체 또는 타 사업을 통해 학자금 대출이자를 지원받은 경우에는 중복 지원이 불가함

<학자금 대출 신용회복>
○ 학자금 대출 신용회복 지원 사업은 온라인으로 신청ㆍ접수하며, 신청 내용이 사실과 다르거나 확인이 불가능한 경우 지원대상에서 제외함
○ 최종 지원대상자로 선정된 자는 대상자 통보 시 안내된 기간 내 한국장학재단을 통하여 분할상환약정을 체결하여야 하며, 기한 내 미체결 시 지원대상에서 제외함
○ 타 시ㆍ도 및 타 기관에서 동일 또는 유사한 내용으로 지원을 받은 경우에는 중복하여 지원하지 아니함",,"<학자금 대출이자>
정부24를 통한 온라인 신청
※ 신청경로: 정부24 접속 → ‘제주 학자금 대출이자’ 검색 후 신청하기 클릭 → 신청서 작성 및 증빙서류 업로드 → 개인정보제공 및 행정정보공동이용 동의 → 신청완료
※ 세부내용: https://plus.gov.kr/portal/benefitV2/benefitTotalSrvcList/benefitSrvcDtl?svcSeq=1002534&bnefType=all&svcId=650000000259

<학자금 대출 신용회복>
정부24(https://plus.gov.kr)을 통한 온라인 신청
※ 신청경로: 정부24 접속 → ‘제주 학자금대출 신용회복’ 검색 후 신청하기 클릭 → 신청서 작성 → 개인정보제공 및 행정정보공동이용 동의 → 신청완료
※ 세부내용: https://plus.gov.kr/portal/benefitV2/benefitTotalSrvcList/benefitSrvcDtl?svcSeq=2121707&bnefType=all&svcId=650000001095",20260128 ~ 20260430\N20260223 ~ 20261123,main,primary,False,학자금대출이자및신용회복지원사업|제주특별자치도|20260128202604302026022320261123~,학자금대출이자및신용회복지원사업,제주특별자치도,20260128202604302026022320261123~,plus.gov.kr,https://plus.gov.kr
youth,20260421005400212809,청년 예술활동 지원사업,"ㅇ(목적) 도내 청년예술가 대상 다양한 문화예술 분야의 참여기회 제공 및 활동 지원으로 장기적 관점에서의 활동 체계조성
ㅇ(대상) 제주도 거주 청년예술활동인
ㅇ(주요내용) 성장지원금 지원(첫발표, 성장지원), 기획사업 3종",복지/문화,제주특별자치도,제주특별자치도경제통상진흥원 경영본부 청년센터,0013010 | 0049010,"1. 성장지원금 지원
ㅇ 청년 문화예술 처음 발표 지원
 -(지원내용) '26.11.30.까지 완료 가능한 예술 활동에 소요되는 직접 경비
 -(지원분야) 문학, 시각예술, 공연예술, 다원예술
 -(지원규모) 1인당 5백만원
ㅇ 청년예술인 성장지원
 -(지원내용) 순수예술 분야 청년 창작자의 원천 콘텐츠 개발을 통한 창작활동 지원(2개년)
 -(지원분야) 문학, 시각예술, 연극, 무용, 음악, 전통예술, 다원예술
 -(지원규모) 1인당 9백만원(상‧하반기 분할 지급)(2년차 8백만원)
2. 청년예술인지원 기획사업(예정)
ㅇ 청년예술인 홍보 콘텐츠 제작: 성장지원금 사업 선정자 대상 콘텐츠 제작 지원
ㅇ 청년예술인 활동 과정 공유회: 청년예술인 활동 과정 공유 및 지원사업 개선 간담회
ㅇ 청년예술인 네트워킹: 청년예술인 창의력 및 협업력 향상 프로그램 운영",만 18세 ~ 만 39세,소득조건코드=0043001 / 소득범위=0~0,,※ 2026년 지원대상자 신청 마감,,"ㅇ 제주문화예술재단 통합공모 시 신청
ㅇ 청년 문화예술 처음 발표 지원
 - 공모기간 중 온라인 지원신청서 및 분야별 필수서류 제출(공모 참고)
ㅇ 청년 문화예술 처음 발표 지원
 - 공모기간 중 온라인 지원신청서, 신청자격확인자료 제출(공모 참고)",20251215 ~ 20260105 ~ 20261231,main,primary,False,청년예술활동지원사업|제주특별자치도|2025121520260105~20261231,청년예술활동지원사업,제주특별자치도,2025121520260105~20261231,www.ncas.or.kr,https://www.ncas.or.kr/
youth,20260421005400212808,제주청년 글로벌스탠다드 역량강화 지원사업,"ㅇ 지원대상: 제주 거주 중인 만19세 ~ 만39세 이하 청년
 ㅇ 지원내용: 제주청년이 지역 정체성을 바탕으로 글로벌 이슈를 이해하고, 국제무대 진출을 구체적으로 설계할 수 있도록 지원
 ㅇ 추진절차
    - 1단계: 제주 기반 세계시민·글로벌 역량 기본과정(개방형)
    - 2단계: 글로벌 역량 심화 워크숍 및 프로젝트(선발형)
    - 3단계: 우수 청년 국제기구 방문 연계(집중형)

   ※ 상기 추진절차는 시행 예정으로 변경사항 있을 수 있으니, 자세한 사항은 문의 바랍니다.",교육/멘토링,제주특별자치도 청년정책담당관,제주특별자치도경제통상진흥원 경영본부 청년센터,0013010 | 0049010," ㅇ 1단계(공개모집,일정요건충족): 제주 바로 알기 교육, 세계 시민 교육 등
 ㅇ 2단계(1단계 수료자 중 선발): 제주포럼 연계 세션 참여, 워크숍 등
 ㅇ 3단계(2단계 참여자 중 선발): 국제기구, 국제행사 참석 등

   ※ 상기 내용은 시행 예정으로 변경사항 있을 수 있으니, 자세한 사항은 문의 바랍니다.",만 19세 ~ 만 39세,소득조건코드=0043001 / 소득범위=0~0,,타 기관 협업 추진 사업,,"이메일 접수
※ 신청링크 > 공고문 확인",20260313 ~ 20260403 ~ 20261231,main,primary,False,제주청년글로벌스탠다드역량강화지원사업|제주특별자치도청년정책담당관|2026031320260403~20261231,제주청년글로벌스탠다드역량강화지원사업,제주특별자치도청년정책담당관,2026031320260403~20261231,kr.cifaljeju.org/upcomingevents/?idx=170334161&bmode=view,https://kr.cifaljeju.org/UpcomingEvents/?idx=170334161&bmode=view
youth,20260421005400212806,제주 ICT 전문인력 양성센터 운영 사업,"‧ 급변하는 디지털 시대에 대응하여 제주 청년들이 ICT 분야 핵심 인재로 성장할 수 있도록 전문 교육 지원
‧ 도내 ICT기업 수요조사를 기반으로 한 교육 연계 프로그램 운영을 통해 실무형 인재 양성
‧ ICT 실무역량을 갖춘 전문인력 양성을 통해 지역기업의 인력난을 해소하고 산업경쟁력 강화
‧ 제주특별자치도를 중심으로 산‧학‧연이 함께 참여하는 인력양성 체계 구축",교육/멘토링,(재)제주테크노파크,제주특별자치도경제통상진흥원 경영본부 청년센터,0013010 | 0049010,"‧ ICT 미래신산업 분야 전문인력 양성을 위한 교육 프로그램 운영 및 지원
‧ AI 활용 과정, 드론 전문가 과정 등 산업 수요를 반영한 총 4개 교육과정 개설 예정
‧ 도내 ICT 기업 대상 수요조사를 기반으로, 현장에서 바로 활용할 수 있는 실무 중심 교육 제공
 ※교육과정 및 운영 내용은 산업 동향 및 운영 여건에 따라 일부 변경될 수 있음
",만 0세 ~ 만 0세,소득조건코드=0043001 / 소득범위=0~0,,제주산업정보서비스(JEIS) 회원가입 후 교육 신청이 가능합니다.,,"제주산업정보서비스(JEIS) 사이트를 통한 교육 신청

※ 국가공인 드론 조종자 자격증 1종 취득 과정(~4/17 모집중)
",20260406 ~ 20260417,main,primary,False,제주ict전문인력양성센터운영사업|제주테크노파크|2026040620260417~,제주ict전문인력양성센터운영사업,제주테크노파크,2026040620260417~,jeis.or.kr/jeis/etcsupp/edu/edusemina.ac?currentpageno=&mode=detail&annoid=e613e5ecd63b43a59f2e861225dead62&prevpg=eduseminalist&edudiv=&eduname=,https://jeis.or.kr/jeis/etcsupp/edu/eduSemina.ac?currentPageNo=&mode=Detail&annoId=e613e5ecd63b43a59f2e861225dead62&prevPg=eduSeminaList&eduDiv=&eduName=
youth,20260421005400212805,공공임대주택 공급,"ㅇ (목   적) 사회초년생, 대학생, 신혼부부 및 저소득층(노인계층, 취약계층)의 주거안정 도모로 
            무주택자의 주택마련 촉진 
ㅇ (대   상) 저소득층, 청년, 신혼부부, 고령자 등 무주택 서민
ㅇ (주요내용) 공공주택 건설․공급 및 공공주택 건립 부지 매입 추진
ㅇ (전달체계) 공공주택건립부지 매입, 설계 등 행정절차 이행(도,제주개발공사)⇒공공주택사업 단계별               소요액(국비) 요청⇒국비 교부⇒공공주택건설‧공급(개발공사)",주거,제주특별자치도개발공사,제주특별자치도경제통상진흥원 경영본부 청년센터,0013010 | 0049010,"무주택 저소득층, 청년, 신혼부부, 고령자 등을 대상으로 공공임대주택을 건설‧공급하여 시세보다 저렴한 임대조건으로 안정적인 주거를 지원",만 18세 ~ 만 39세,소득조건코드=0043003 / 소득범위=0~0 / 기준 중위소득 150% 이하,,"- 무주택자 및 세대구성원에 해당하는 전원이 주택(분양권 등 포함) 소유하고 있지 않은 세대 구성원
- 일반공급: 기준 중위소득 100%이하, 우선공급: 기준 중위소득 150%이하
- 기타 자산 및 소득 충족   ※ 계층에 따라 자산기준 상이

※ 제주주거복지센터 https://www.jejuhwc.co.kr/index.htm",,"현장 또는 우편접수
접수처: 제주개발공사 주거복지팀(제주시 첨단로 330, C동 1층)",20260101 ~ 20261231,main,primary,False,공공임대주택공급|제주특별자치도개발공사|20260101~20261231,공공임대주택공급,제주특별자치도개발공사,20260101~20261231,www.jpdc.co.kr/housing/index.htm,https://www.jpdc.co.kr/housing/index.htm#
youth,20260421005400212804,다가구 등 기존주택 매입임대 사업,"다가구 등 신축하는 주택 및 기존주택을 매입 후 저렴한 임대조건으로  저소득 청년, 신혼부부, 다자녀 가구 등에 공급",주거,제주특별자치도,제주특별자치도경제통상진흥원 경영본부 청년센터,0013010 | 0049010,"ㅇ(목적) 저소득 청년·신혼부부 등에게 다가구 등 기존주택 또는 신축주택을 매입하여 개보수한 후 저렴한 임대조건으로 공급하여 주거 안정 도모 
ㅇ(대상) 무주택 저소특 청년, 신혼부부, 고령자 등
ㅇ(주요내용) 매입임대주택 공급
ㅇ(전달체계) 매입승인(국토부)⇒매입공고 및 신청접수(개발공사)⇒대상주택 선정 및 매매협의 등(개발공사)⇒매입계약 및 공급(개발공사)",만 0세 ~ 만 0세,소득조건코드=0043003 / 소득범위=0~0 / 전년도 도시근로자 가구당 월평균 소득의 70% 이하,,매 반기별 모집기간이 상이함으로 확인 필요,,제주특별자치도개발공사 현장 및 우편접수,20260101 ~ 20261231,main,primary,False,다가구등기존주택매입임대사업|제주특별자치도|20260101~20261231,다가구등기존주택매입임대사업,제주특별자치도,20260101~20261231,www.jpdc.co.kr,http://www.jpdc.co.kr
youth,20260421005400212803,청년문화예술패스 사업,"제주 미래세대 청년의 품격있는 문화시민이자 적극적 문화주체로의 성장 지원을 위한
청년 문화향유 지원사업",복지/문화,한국문화예술위원회,제주특별자치도경제통상진흥원 경영본부 청년센터,0013010 | 0049010,"❍ 대상: 19세 및 20세 청년
❍ 지원액: 1인당 연간 20만원
   * 신청자의 행정안전부 주민등록상 주소가 제주(비수도권)인 경우 20만원 지원
❍ 지원분야: 지정 온라인 협력 예매처(7개소)를 통한 각종 문화예술 관람 예매비용 지원
   * NOL티켓, YES티켓, 티켓링크, 멜론티켓, 메가박스, 롯데시네마, CGV
    -(공연): 연극, 뮤지컬, 클래식, 콘서트
    -(전시): 미술, 공예, 애니메이션 전시 등
    -(영화): 영화진흥위원회 코드작품",만 19세 ~ 만 20세,소득조건코드=0043001 / 소득범위=0~0,,"1577-1968(청년문화예술패스 누리집 고객센터), 064-710-3415(제주특별자치도청 문화정책과)",,"❍ 청년문화예술패스 누리집(https://youthculturepass.or.kr)에서 본인인증을 통해 신청
  ※ 생애 최초 지원 운영에 따라 2025년 지원금 이용을 한 신청자는 신청 불가",20260225 ~ 20260630 ~ 20261231,main,primary,False,청년문화예술패스사업|한국문화예술위원회|2026022520260630~20261231,청년문화예술패스사업,한국문화예술위원회,2026022520260630~20261231,youthculturepass.or.kr,https://youthculturepass.or.kr
youth,20260421005400212802,청년층 자살시도자 치료비 지원사업,청년층 등 자살 시도자가 급증함에 따라 지자체의 적극적인 치료 개입으로 적기 치료 지원 및 사후관리 지속성을 확보하여 자살시도한 청년층의 일상 회복 도모,복지/문화,제주특별자치도,제주특별자치도경제통상진흥원 경영본부 청년센터,0013010 | 0049010,"응급의료기관에 자살 시도로 내원한 청년층(15세~34세, 2026년 기준 1992. 1. 1.~2021. 12. 31. 출생) 중 사례관리 서비스를 동의한 자에 대하여 자살시도로 인한 신체손상 및 정신건강의학과 치료비 최대 100만원 한도 내에서 지원",만 15세 ~ 만 34세,소득조건코드=0043001 / 소득범위=0~0,,"○ (지원대상) 다음 요건을 모두 충족하는 자
   ① 전국 응급의료기관에 자살시도로 내원 
     ※ [신규] 신청 시, 응급실 내원일로부터 3개월 이내 신청 가능
   ② 15세~34세 청년(2025년 기준, 1991.1.1.~2010.12.31. 출생자) 
   ③ 본인 거주지의 자살예방센터(정신건강복지센터) 사례관리 서비스 동의
ㅇ 이번 자살시도와 상관없는 이전 병력관련 치료비, 이번 자살시도로 인한 신체손상에 해당되지 않는 치료비, 코로나19 검사비, 심리검사비, 제증명료, 간병비, 응급후송비, 상급 병실료 등 지원 불가 ->자살시도로 인한 신체손상치료비, 입원외래치료비만 가능",,자살예방센터 사례관리 동의 후 대상자 등록-치료비 지원 신청-광역자살예방센터에서 접수 및 지급,20260101 ~ 20261231,main,primary,False,청년층자살시도자치료비지원사업|제주특별자치도|20260101~20261231,청년층자살시도자치료비지원사업,제주특별자치도,20260101~20261231,jejuyouthdream.com/policy/detail/51,https://jejuyouthdream.com/policy/detail/51
youth,20260421005400212801,청년월세 지원,청년층의 주거비 부담경감을 위해 부모와 별도 거주하는 19세~34세 이하의 무주택 청년 세대주에게 임차료 월 최대 20만원 지원,주거,제주특별자치도,제주특별자치도경제통상진흥원 경영본부 청년센터,0013010 | 0049010," ❍ (지원대상) 우리 도에 주소를 두고 부모와 별도 거주하는 19세~34세 이하의 무주택 청년 세대주
 ❍ (소득요건) 기준 중위소득 60% 이하
 ❍ (지원내용) 임차료 월 20만원 이하 지원(최대 12개월 / 240만원)
 ❍ (사 업 량) 250가구",만 19세 ~ 만 34세,소득조건코드=0043003 / 소득범위=0~0 / 중위소득 60% 이하,,"19~34세는 국토부 청년월세 지원 사업
35~39세는 제주 자체사업인 제주 청년 희망충전 월세 지원 사업

※ 신청기간은 변동될 수 있음",,"(온라인) 복지로
(방  문) 읍·면·동 주민센터",20260330 ~ 20260529,main,primary,False,청년월세지원|제주특별자치도|2026033020260529~,청년월세지원,제주특별자치도,2026033020260529~,www.jeju.go.kr/city/welfare/monthlyrent.htm,https://www.jeju.go.kr/city/welfare/monthlyrent.htm
youth,20260421005400212800,신혼부부 등 주택전세 연월세자금 대출이자 지원,신혼부부와 자녀출산 가정의 경제적 부담 해소를 위한 주택전세자금 대출이자 지원사업과 관련하여 연․월세 세입자에 대한 지원을 확대 시행,주거,건설주택국 주택토자과,제주특별자치도경제통상진흥원 경영본부 청년센터,0013010 | 0049010,"1. 연․월세 대출이자 3.5% 지원(고정금리 4%, 도민 0.5% 부담) 
2. 주택전세자금(대출잔액 기준)의 대출이율 1.5%(최대 150만원) 지원",만 0세 ~ 만 0세,소득조건코드=0043003 / 소득범위=0~0 / 2026년 기준 2019. 1. 1. 혼인 혹은 자녀출산한 가구 사회초년생은 신청일 기준 만 19세 ~ 39세 이하로 취업후 5년 이내인 사람,,"- 사회초년생 주택 연·월세 대출이자 지원
https://www.jeju.go.kr/city/welfare/rentfunds.htm
-신혼부부 및 자녀출산 가구 주택전세자금 대출이자 지원
https://www.jeju.go.kr/city/welfare/marriedcouple.htm",,"※ 사회초년생 등 연월세 이자지원(1/9~12/31. 상시접수)
- 주택토지과 방문 접수
※ 신혼부부 등 주택전세자금 대출이자 지원(1차 종료/ 2차 5~6월 예정)
- 주소지 읍면동 방문신청 및 도청홈페이지 온라인 신청",20260109 ~ 20261231 ~ 20261231,main,primary,False,신혼부부등주택전세연월세자금대출이자지원|건설주택국주택토자과|2026010920261231~20261231,신혼부부등주택전세연월세자금대출이자지원,건설주택국주택토자과,2026010920261231~20261231,www.jeju.go.kr/city/welfare/rentfunds.htm,https://www.jeju.go.kr/city/welfare/rentfunds.htm
youth,20260421005400212799,전세보증금반환보증 보증료 지원,"전세 사기, 역전세 현상의 주 피해자인 청년층 등 취약계층에게 전세보증금반환보증 보증료를 지원하여 보증가입 유도 및 주거안정 도모",주거,제주특별자치도,제주특별자치도경제통상진흥원 경영본부 청년센터,0013010 | 0049010,"❍ (지원대상) 신청일 기준 보증효력이 유효한 전세보증금반환보증에 가입한 임차보증금 3억원 이하, 연소득 ➊(청년) 5천만원, ➋(청년 외) 6천만원, ➌(신혼부부) 7.5천만원 이하 무주택 임차인
❍ (지원금액) 신청인이 기납부한 전세보증금반환보증 보증료에 대해 전부 또는 일부(최대 40만원) 지원
             * '25.3.31. 이후 보증 가입자만 해당('25.3.30. 이전 보증 가입자는 최대 30만원)",만 0세 ~ 만 0세,"소득조건코드=0043003 / 소득범위=0~0 / 연소득 기준 ➊(청년) 5천만원, ➋(청년 외) 6천만원, ➌(신혼부부) 7.5천만원 이하",,,,"(온라인) 정부24
(방  문) 제주시청 주택과, 서귀포시 건축과",20260101 ~ 20261231,main,primary,False,전세보증금반환보증보증료지원|제주특별자치도|20260101~20261231,전세보증금반환보증보증료지원,제주특별자치도,20260101~20261231,plus.gov.kr/portal/benefitv2/benefittotalsrvclist/benefitsrvcdtl?svcseq=2126303&bneftype=all&svcid=161300000103,https://plus.gov.kr/portal/benefitV2/benefitTotalSrvcList/benefitSrvcDtl?svcSeq=2126303&bnefType=all&svcId=161300000103
youth,20260421005400212798,청년 및 주거취약계층 주택 중개수수료 지원사업,청년 및 주거취약계층을 대상으로 주거이전에 따른 주택 중개 수수료 일부를 지원하여 경제적 부담 경감,주거,제주특별자치도,제주특별자치도경제통상진흥원 경영본부 청년센터,0013010 | 0049010," ❍ (지원대상) 청년, 신혼부부, 기초생활수급자 및 차상위계층, 한부모가족
 ❍ (지원규모) 1,100가구
 ❍ (지원금액) 주택 중개수수료 최대 30만원 지원
 ❍ (지원기간) 계약일로부터 1년 이내 신청 가능
 ❍ (지원횟수) 2년 1회, 최대 3회 지급",만 19세 ~ 만 39세,소득조건코드=0043001 / 소득범위=0~0,,예산 소진 시 조기 마감,,"(온라인) 정부24
(방문) 도 주택토지과, 시청 종합민원실",20260119 ~ 20261231 ~ 20261231,main,primary,False,청년및주거취약계층주택중개수수료지원사업|제주특별자치도|2026011920261231~20261231,청년및주거취약계층주택중개수수료지원사업,제주특별자치도,2026011920261231~20261231,plus.gov.kr/portal/benefitv2/benefittotalsrvclist/benefitsrvcdtl?svcseq=2170966&bneftype=all&svcid=650000001138,https://plus.gov.kr/portal/benefitV2/benefitTotalSrvcList/benefitSrvcDtl?svcSeq=2170966&bnefType=all&svcId=650000001138
youth,20260421005400212796,구직자 취업역량강화 프로그램 운영,"취업에 어려움을 겪고 있는 일반구직자, 청년 등을 대상으로 취업의욕을 고취시키고 구직기술 향상을 위한 프로그램 운영",인력/일자리,제주특별자치도 경제활력국 고용센터,제주특별자치도경제통상진흥원 경영본부 청년센터,0013010 | 0049010, 도내 구직자들이 자기탐색 및 진로지도 등을 통해 취업역량 강화 도모 ,만 0세 ~ 만 0세,소득조건코드=0043001 / 소득범위=0~0,,,,"고용24 > 취업지원 > 청년취업역량강화 > 청년취업역량 강화 프로그램 > 고용센터(제주) > 원하는 프로그램 신청
※ '취업지원 프로그램 통합검색'에서 신청 X, 반드시 '청년취업역량 강화 프로그램' 탭에서 신청할 것!",20260303 ~ 20261231,main,primary,True,구직자취업역량강화프로그램운영|제주특별자치도경제활력국고용센터|20260303~20261231,구직자취업역량강화프로그램운영,제주특별자치도경제활력국고용센터,20260303~20261231,www.work24.go.kr/wk/b/a/1120/empschdinviteyoungctrlist.do,https://www.work24.go.kr/wk/b/a/1120/empSchdInviteYoungCtrList.do
youth,20260421005400212794,제주청년 갭이어 프로그램 운영,도내·외 청년들에게 진로 컨설팅 및 진로 탐색과제 수행으로 주체적 미래 설계 기회 제공과 제주 정주 여건 탐색 기회 제공,복지/문화,제주특별자치도 기획조정실 청년정책담당관,제주특별자치도경제통상진흥원 경영본부 청년센터,0013010 | 0049010,"도내 청년 20명은 도외에서, 도외 청년 20명은 도내에서 20여일 동안 갭이어어 프로그램을 수행할 수 있도록 숙박, 교통, 소정의 프로그램 진행비 지원",만 19세 ~ 만 39세,소득조건코드=0043001 / 소득범위=0~0,,"도내 청년의 경우 최근 1년 이상 제주도내 거주 기록이 있어야 참여 가능
신청링크 : 추후공지",,운영업체 홈페이지에서 참여 신청,,main,primary,False,제주청년갭이어프로그램운영|제주특별자치도기획조정실청년정책담당관|,제주청년갭이어프로그램운영,제주특별자치도기획조정실청년정책담당관,,jejuyouthdream.com/policy/detail/69,https://jejuyouthdream.com/policy/detail/69
youth,20260421005400212790,청년농업인 교육 프로그램 운영(제주 청년농업인 아카데미),"○ 사업목적: 제주 맞춤형 청년농업인 양성을 위한 교육 프로그램 운영으로 안정적 영농정착 지원 및 지속가능한 제주농업·농촌 기반 확충
○ 지원근거: ｢제주특별자치도 청년농업인 육성 조례｣ 제5조
○ 시행주체: 농협중앙회 제주본부",교육/멘토링,농협중앙회 제주본부,제주특별자치도경제통상진흥원 경영본부 청년센터,0013010 | 0049010,"○ 신청자격 및 요건: 교육을 희망하는 19세 이상 45세 이하 청년농업인
○ 교육내용: 제주 청년농업인 지원정책 등 각종 농업관련 정책 소개, 스마트팜 기초 교육, 농기계 운전실습, 재배기술 현장견학 등 관련 교육 실시
○ 수료자 혜택
  - 교육비 무료 및 우수 수료생 표창
  - 정부 인정 청년농업인 교육시간 반영 및 사업지원 시 가점 부여",만 19세 ~ 만 45세,소득조건코드=0043001 / 소득범위=0~0,,,,농업교육포털(https://agriedu.net/)>교육과정신청>집합교육>'제주'선택>2026년 제주 청년농업인 아카데미,20260316 ~ 20260320 ~ 20261231,main,primary,False,청년농업인교육프로그램운영|농협중앙회제주본부|2026031620260320~20261231,청년농업인교육프로그램운영,농협중앙회제주본부,2026031620260320~20261231,agriedu.net,https://agriedu.net/
youth,20260421005400212789,도외 직업훈련 참가 지원사업,제주에 개설되지 않은 도외 직업훈련에 참여하는 도민에게 숙박비 및 교통비 등 지원,인력/일자리,제주특별자치도청,제주특별자치도경제통상진흥원 경영본부 청년센터,0013003 | 0049010,"제주에 개설되지 않은 도외 직업훈련에 참여하는 도민에게 숙박비(1일 최대 10만 원 범위 내 실비, 월 최대 65만 원), 교통비(편도 최대 10만 원 범위 내 항공 및 선박 승객운임 실비), 자격증 취득비용(실비) 지원",만 15세 ~ 만 0세,소득조건코드=0043001 / 소득범위=0~0,,,,"제주경제통상진흥원 직접방문, 우편, 이메일",20260211 ~ 20261231 ~ 20261231,main,primary,False,도외직업훈련참가지원사업|제주특별자치도청|2026021120261231~20261231,도외직업훈련참가지원사업,제주특별자치도청,2026021120261231~20261231,www.jba.or.kr/bbs/board.php?bo_table=2_1_1_1&wr_id=707&sca=&sfl=wr_subject%7c%7cwr_content&stx=%eb%8f%84%ec%99%b8&sst=&sod=desc&sop=and,https://www.jba.or.kr/bbs/board.php?bo_table=2_1_1_1&wr_id=707&sca=&sfl=wr_subject%7C%7Cwr_content&stx=%EB%8F%84%EC%99%B8&sst=&sod=desc&sop=and
youth,20260421005400212788,기능경기대회 참가 지원사업,도내 숙련기술인의 사기진작 및 숙련기술 수준 향상 및 지방·전국 기능경기대회 참가지원,교육/멘토링,제주특별자치도청,제주특별자치도경제통상진흥원 경영본부 청년센터,0013010 | 0049010,"제주특별자치도 기능경기대회 개최
 - 공정한 경쟁을 통해 대표선수 선발, 도내 숙련기술인 저변 확대, 도민이 참여하는 기능경기대회 개최

전국기능경기대회 참가
 - 제주특별자치도 대표선수의 훈련지원 및 선수와 지도교사 전국대회 참가 지원",만 15세 ~ 만 39세,소득조건코드=0043001 / 소득범위=0~0,,"참가자격 : 누구나 참가 가능(연령제한 없음)
※ 단, 다음 각 호의 어느 하나에 해당하는 사람은 참가할 수 없다.
① 국제기능올림픽대회 입상자
② 전국대회 입상자 중 국가대표선수로 선발될 수 있는 기회*가 주어졌던 자
* 국제대회 후보선수 대상자(후보선수 미등록자 및 평가경기 불참자 포함)
③ 전국대회 입상자 중 차기년도 국제대회의 참가가능 연령*을 초과하는 자
* 연령 관련 세부사항은 본 홈페이지 공지사항에 ""[2026년 지방] 지방기능경기대회 공고 및 원서접수 계획 알림"" 참조",,"지방기능경기대회 신청: 온라인 접수
- 참가원서
- 원서사진
* 용량: 200kb이하, 사이즈(픽셀): 150px*200px, 파일형식: JPG확장자( .jpg, .jpeg), 해상도 300dpi 권장
* 기능경기대회 원서접수 사진으로 국가기술자격증 규격에 어긋나는 사진을 등록할 경우 추후 자격증 발급에 불이익이 있을 수 있음
- 기타서류",20260112 ~ 20260123 ~ 20261231,main,primary,False,기능경기대회참가지원사업|제주특별자치도청|2026011220260123~20261231,기능경기대회참가지원사업,제주특별자치도청,2026011220260123~20261231,meister.hrdkorea.or.kr/main/main.do,https://meister.hrdkorea.or.kr/main/main.do
youth,20260421005400212787,혁신인재 플랫폼 제주더큰내일센터 운영,제주의 내일을 만들어가는 기업가적이고 자기주도적인 인재 양성 교육을 통해 취·창업 지원,교육/멘토링,제주특별자치도청,제주특별자치도경제통상진흥원 경영본부 청년센터,0013003 | 0049010,"- 청년 취·창업 맞춤형 프로그램 운영
- 빛나는 인재 프로그램(로컬 크리에이터, AI과정 등) 운영
- 취업트랙 참여자 대상 상시 취업역량강화 프로그램 운영
- 청년/인재 사후관리 프로그램 운영
- 청년 진로 탐색기간, 생활지원을 위한 훈련 수당 지원
- 도내외 취업 연계가능 기업과의 네트워크망을 활용한 직무경험 기회 제공 지원
",만 15세 ~ 만 34세,소득조건코드=0043003 / 소득범위=0~0 / 중위소득 180% 미만,,,,"더큰내일센터 홈페이지에서 신청
※ 자세한 사항은 홈페이지 참고",20260701 ~ 20260831 ~ 20261231,main,primary,False,혁신인재플랫폼제주더큰내일센터운영|제주특별자치도청|2026070120260831~20261231,혁신인재플랫폼제주더큰내일센터운영,제주특별자치도청,2026070120260831~20261231,www.jdnc.or.kr,https://www.jdnc.or.kr/
youth,20260421005400212786,일하는 청년 보금자리 지원 사업,"청년 노동자*에게 직원 숙소임차료(주택보조금)를 지원하고 있는 고용보험 피보험자수 1인 이상 도내 중소기업에 대해 숙소 임차료(주택보조금) 지원
유형별 상이
1유형: 기업이 근로자 숙소를 직접 임차하여 제공하는 경우 → 주거지원비의 60% 지원
2유형: 급여에 주거지원비를 포함하여 지급하는 경우 → 주거지원비의 80% 지원 
 * 만 15세 이상 39세 이하 노동자",주거,제주특별자치도청,제주특별자치도경제통상진흥원 경영본부 청년센터,0013001 | 0049010,"신청일 기준 제주에 소재하고 제주특별자치도에 사업자등록을 한 중소기업 중, 고용보험 가입 피보험자수 1인* 이상을 고용하고 있는 기업에 재직 중인 근로자에게 기업이 숙소를 임차하여 제공하거나 급여에 주거지원비를 포함하여 지급하는 경우 주거지원비를 지원(유형별 지원비율 상이)
1유형: 기업이 근로자 숙소를 직접 임차하여 제공하는 경우 → 주거지원비의 60% 지원
2유형: 급여에 주거지원비를 포함하여 지급하는 경우 → 주거지원비의 80% 지원
*피보험자수는 사업주 단위로 판단하되, 사업주 및 일용근로자는 제외
사업 참여 신청: 매월 1~10일(최초 1회 신청)지원금 신청: 매분기 말월(3·6·9·12월) 1~10일
※ 지원금은 매분기 말월에 지급하며, 1년간 주거지원비 지원",만 15세 ~ 만 39세,소득조건코드=0043003 / 소득범위=0~0 / 월급여(주거지원비 제외) 382만원 미만,,,,"○ 사업 참여 신청 매월 1~10일
○ 선정 후 지원금 신청 3, 6, 9, 12월 1~10일
○ 온라인 신청
제주특별자치도 일자리지원사업통합플랫폼(https://www.jeju.go.kr/jejusupport/index.htm)
○ 이메일신청
ywh9698@korea.kr
○ 오프라인신청(방문)
제주시 신대로63 2층 205호",20260120 ~ 20261210 ~ 20261231,main,primary,False,일하는청년보금자리지원사업|제주특별자치도청|2026012020261210~20261231,일하는청년보금자리지원사업,제주특별자치도청,2026012020261210~20261231,www.jeju.go.kr/jejusupport/index.htm,https://www.jeju.go.kr/jejusupport/index.htm
youth,20260421005400212785,제주청년 희망사다리 재형저축 사업,"15~39세 정규직 노동자 월 10만 원, 중소기업 월 15만 원, 도 25만 원을 5년간 납입하여 3천만 원 + 이자로 목돈 마련",복지/문화,제주특별자치도청,제주특별자치도경제통상진흥원 경영본부 청년센터,0013001 | 0049010,"15~39세 정규직 노동자 월 10만 원, 중소기업 월 15만 원, 도 25만 원을 5년간 납입하여 3천만 원 + 이자로 목돈 마련",만 15세 ~ 만 39세,소득조건코드=0043003 / 소득범위=0~0 / 신청일 기준 직전 3개월 평균 임금총액이 전국 5인 이상 사업체의 근로자 1인당 평균 임금 미만,,,,,20260202 ~ 20260226 ~ 20261231,main,primary,False,제주청년희망사다리재형저축사업|제주특별자치도청|2026020220260226~20261231,제주청년희망사다리재형저축사업,제주특별자치도청,2026020220260226~20261231,www.jba.or.kr/bbs/board.php?bo_table=2_1_1_1&wr_id=695&sca=&sfl=wr_subject%7c%7cwr_content&stx=%ec%82%ac%eb%8b%a4%eb%a6%ac&sst=&sod=desc&sop=and,https://www.jba.or.kr/bbs/board.php?bo_table=2_1_1_1&wr_id=695&sca=&sfl=wr_subject%7C%7Cwr_content&stx=%EC%82%AC%EB%8B%A4%EB%A6%AC&sst=&sod=desc&sop=and
youth,20260421005400212784,청년창업기업 경영안정자금 금리 확대 지원,"<대상>
- 도내 청년사업가(사업자등록 후 3년 이내)
- (연령) 19~39세

청년 창업기업 경영안정자금 금리 확대 지원 1식",인력/일자리,제주도청 소상공인과,제주특별자치도경제통상진흥원 경영본부 청년센터,0013006 | 0049010,"- (지원대상) 대표자가 39세 이하이고, 사업자등록 후 3년 이내 창업기업
- (금리지원) (1회차)일반 이차보전율 + 1.75%/ (2회차)일반 이차보전율 + 0.75%
- (우대지원) 청년창업기업(2회, 각2년) 등",만 18세 ~ 만 38세,소득조건코드=0043001 / 소득범위=0~0,,,,경제통상진흥원 방문 또는 비대면(온라인)접수,20260101 ~ 20261231 ~ 20261231,main,primary,False,청년창업기업경영안정자금금리확대지원|제주도청소상공인과|2026010120261231~20261231,청년창업기업경영안정자금금리확대지원,제주도청소상공인과,2026010120261231~20261231,www.jba.or.kr/pages.php?p=1_3_1_1,https://www.jba.or.kr/pages.php?p=1_3_1_1
youth,20260421005400212783,청년4·3 세대전승 프로젝트(청년4·3정감),"4·3의 위상 재정립을 통해 평화를 주제로하는 청년문화, 예술, 학술의 활성화 계기 마련",복지/문화,제주특별자치도 4·3지원과,제주특별자치도경제통상진흥원 경영본부 청년센터,0013010 | 0049010,"4·3관련 유적지 순례, 워크숍 및 성과발표·프리뷰 전시 등",만 0세 ~ 만 35세,소득조건코드=0043001 / 소득범위=0~0,,신청 : jeju43art@gmail.com,,참가신청서를 작성하여 전자우편으로 공모 및 인터뷰 이후 대상자 선정,20260120 ~ 20260131 ~ 20261130,main,primary,False,청년43세대전승프로젝트|제주특별자치도43지원과|2026012020260131~20261130,청년43세대전승프로젝트,제주특별자치도43지원과,2026012020260131~20261130,jejuyouthdream.com/policy/detail/90,https://jejuyouthdream.com/policy/detail/90
youth,20260421005400212782,비정규학교 운영 및 교육비 지원,"ㅇ (목적) 어려운 상황으로 학업의 기회를 놓친 교육 소외계층에게 기초생활능력 학습 기회 제공
ㅇ (대상) 비정규학교(동려평생학교, 동려청소년학교, 제주장애인야간학교) 3개소 지원
ㅇ (주요내용) 비정규학교 학생 대상 검정고시 교육 운영
ㅇ (전달체계) 제주시 보조금 지원 → 비정규학교

(1)동려평생학교, 제주장애인야간학교: 연령제한없음
(2)동려청소년학교: 만 25세 이하",복지/문화,제주특별자치도 제주시,제주특별자치도경제통상진흥원 경영본부 청년센터,0013010 | 0049010,"비정규학교(동려평생학교, 동려청소년학교, 제주장애인야간학교) 3개소 대상 비정규학교 운영 및 교육비 지원사업 정액 보조금 지원",만 0세 ~ 만 0세,소득조건코드=0043001 / 소득범위=0~0,,"1. 동려평생학교(064-752-6381)
2. 동려청소년학교(064-752-7542)
3. 제주장애인야간학교(064-751-9102)

비정규학교 3개소 재학생 모집 관련(각 학교별 전화 문의)",,"비정규학교 3개소 재학생 모집관련(전화 문의)
1. 동려평생학교(064-752-6381): 1~2월 모집
2. 동려청소년학교(064-752-7542): 수시모집
3. 제주장애인야간학교(064-751-9102): 수시모집",20260101 ~ 20261231,main,primary,False,비정규학교운영및교육비지원|제주특별자치도제주시|20260101~20261231,비정규학교운영및교육비지원,제주특별자치도제주시,20260101~20261231,전화문의,전화문의
youth,20260421005400212781,상장기업 육성 지원사업 운영,"ㅇ (목적) 도내 유망기업 상장지원
ㅇ (대상) 도내 상장을 희망하는 기업
ㅇ (주요내용) 상장지원 맞춤형 프로그램 및 기업상장(IPO) 클래스 운영 
ㅇ (전달체계) 도 → 제주TP → 기업",인력/일자리,제주특별자치도 기업투자과,제주특별자치도경제통상진흥원 경영본부 청년센터,0013010 | 0049010,ㅇ 도내 상장을 희망하는 기업에 대한 상장지원 맞춤형 프로그램 지원,만 0세 ~ 만 0세,소득조건코드=0043001 / 소득범위=0~0,,,,"제주테크노파크 제주산업정보서비스(http://www.jeis.or.kr) 회원가입
→ 온라인 등록 → 파일 업로드(신청서 등 제출서류)
- 온라인 접수 방법 안내(매뉴얼)자료는 [접수처 홈페이지] 참조

※ 스케일업&IPO 클래스 참여기업 모집(~3/27)",20260310 ~ 20260327 ~ 20261231,main,primary,False,상장기업육성지원사업운영|제주특별자치도기업투자과|2026031020260327~20261231,상장기업육성지원사업운영,제주특별자치도기업투자과,2026031020260327~20261231,www.jeis.or.kr/suppbis/suppbisdtl.ac?currentpageno=&annoid=d7e7440ce81f4871a057422e60f3cb04&annoname=&state=&businessdiv=&inddiv=&receiptsdate=&receiptedate=,https://www.jeis.or.kr/suppbis/suppbisdtl.ac?currentPageNo=&annoId=d7e7440ce81f4871a057422e60f3cb04&annoName=&state=&businessDiv=&indDiv=&receiptSDate=&receiptEDate=
youth,20260421005400212780,청년내일저축계좌사업,"저소득청년에게 저축을 통한 자산 형성을 지원하여 청년이 교육, 주거, 창업 등 미래에 투자하고, 위기에 대비할 수 있도록 지원",복지/문화,제주특별자치도 복지가족국 복지정책과,제주특별자치도경제통상진흥원 경영본부 청년센터,"0013001,0013002,0013005,0013007,0013008,0013009 | 0049010","· 참여자가 매월 일정액을 저축하면 정부에서 추가로 일정수준의 근로소득장려금 등을 매칭·적립하여 3년 내 지급조건 만족 시 지급 (정부지원금 최대 3년 매칭·적립)
· 월 본인적금 10만원 이상 납입시 30만원 적립 ",만 15세 ~ 만 39세,소득조건코드=0043003 / 소득범위=0~0 / 기준 중위소득 50%이하 가구의 일하는 청년 중 근로(사업)소득 월 10만원 이상,,"· 제주특별자치도 복지정책과(T. 710-2862)
· 제주시 기초생활보장과(T. 728-2523)
· 서귀포시 주민복지과(T. 760-6513)
· 자산형성지원 콜센터(T. 1522-3690)

· 자세한 사항은 자산형성포털(https://hope.welfareinfo.or.kr)에서 확인
· 지원금 전액을 받기 위해서는 ① 3년간 꾸준한 근로활동 지속, ②매월 10만원 이상의 본인 저축금 적립, ③ 가입 기간내 총 10시간의 자립역량 교육 이수,  ④ 만기시 자금활용계획서 제출 등",,주소지 읍면동주민센터 방문 또는 복지로(https://www.bokjiro.go.kr) 온라인 신청,20260504 ~ 20260520,main,primary,False,청년내일저축계좌사업|제주특별자치도복지가족국복지정책과|2026050420260520~,청년내일저축계좌사업,제주특별자치도복지가족국복지정책과,2026050420260520~,www.bokjiro.go.kr,https://www.bokjiro.go.kr
youth,20260421005400212778,청년농업인 정책자금 이자 지원,"○ 사업목적
  - 청년농업인 정책자금에 대한 이차보전을 통해 청년농업인 유입 및 정착률 증가를 도모하여 제주 농업의 지속가능성 확보
○ 지원근거
  - ｢제주특별자치도 청년 기본조례｣ 제20조
  - ｢제주특별자치도 청년농업인 육성 조례｣ 제3조",복지/문화,제주특별자치도,제주특별자치도경제통상진흥원 경영본부 청년센터,0013008 | 0049010,"○ 사업기간: 2026. 4~12월
○ 사 업 량: 200명 내외
○ 사 업 비: 400,000천원(기타보상금)
○ 지원한도: 농가당 연간 2백만원 범위 내, 최대 3년 지원(매년 신청)
○ 지원대상: 만 19세 이상 45세 이하의 청년후계농으로, 신청일 기준 후계농업경영인 육성자금 실행 중인 자
○ 지원내용: 후계농업경영인 육성자금 대출 이자 금리 1.5% 중 0.5%에 해당하는 금액 지원",만 19세 ~ 만 45세,소득조건코드=0043001 / 소득범위=0~0,,,,,20260401 ~ 20260430 ~ 20261231,main,primary,False,청년농업인정책자금이자지원|제주특별자치도|2026040120260430~20261231,청년농업인정책자금이자지원,제주특별자치도,2026040120260430~20261231,jejuyouthdream.com/policy/detail/95,https://jejuyouthdream.com/policy/detail/95
youth,20260421005400212777,가정위탁 보호종료아동 자립정착금,가정위탁 보호종료아동(자립준비청년)의 자립을 위한 자립정착금 지원,복지/문화,"제주시청 주민복지과, 서귀포시청 여성가족과",제주특별자치도경제통상진흥원 경영본부 청년센터,0013010 | 0049010,"자립정착금 1,500만원 지급(1회차/1,000만원, 2회차 500만원)",만 18세 ~ 만 0세,소득조건코드=0043003 / 소득범위=0~0 / 가정위탁 보호종료아동,,"제주시 주민복지과 064-728-2684
서귀포시청 여성가족과 064-760-6444
제주가정위탁지원센터 064-747-3273",,"가정위탁 보호종료 결정 이후 자립정착금 신청서, 사용계획서 작성 및 의무교육(자립지원전담기관) 이수 후 가정위탁지원센터를 통해 행정시 제출",,main,primary,False,가정위탁보호종료아동자립정착금|제주시청주민복지과서귀포시청여성가족과|,가정위탁보호종료아동자립정착금,제주시청주민복지과서귀포시청여성가족과,,jejuyouthdream.com/policy/detail/96,https://jejuyouthdream.com/policy/detail/96
youth,20260421005400212776,청소년쉼터 퇴소 청소년 자립지원수당 지원,청소년쉼터 퇴소 및 청소년자립지원관 사례관리 중 또는 사례관리가 종료된 청소년에게 자립지원수당을 지급하여 안정적인 자립기반 마련을 지원,복지/문화,제주특별자치도,제주특별자치도경제통상진흥원 경영본부 청년센터,0013010 | 0049010,"- 사업대상: 청소년쉼터 퇴소일, 청소년자립지원관 사례 종료일로부터 5년 이내인 자로서 다음 모두에 해당하는 경우
 ․  만 18세 이후 퇴소(사례 종료)한 자
 ․  퇴소일 기준, 쉼터 입소기간 또는 청소년자립지원관 사례관리 기간을 합산하여 과거 3년 동안 2년 이상 보호받은 자(직전 6개월은 연속하여 보호받았을 것)
- 지원내용: 매월 50만원 현금 지급(본인 명의 계좌 이체)
- 지원기간: 퇴소일로부터 최대 60개월 한도 내
 ※ 보호종료아동 자립수당(아동복지법), 성폭력 피해자 보호시설 퇴소자립지원수당 수령 이력이 있는 자는 중복지원 불가",만 18세 ~ 만 0세,소득조건코드=0043001 / 소득범위=0~0,,"제주시 여성가족과 728-2601 
서귀포시 여성가족과 760-2462

보호종료아동 자립수당(아동복지법), 성폭력 피해자 보호시설 퇴소자립지원수당 수령 이력이 있는 자는 중복신청 불가",,"최종 퇴소 쉼터(자립지원관) 추천 → 행정시 신청, 지급 결정 → 사례관리(쉼터 및 자립지원관) ",20260101 ~ 20261231,main,primary,False,청소년쉼터퇴소청소년자립지원수당지원|제주특별자치도|20260101~20261231,청소년쉼터퇴소청소년자립지원수당지원,제주특별자치도,20260101~20261231,jejuyouthdream.com/policy/detail/98,https://jejuyouthdream.com/policy/detail/98
youth,20260421005400212775,지역산업 맞춤형 일자리 창출 지원사업,"비영리기관과 컨소시엄을 구성하여 지역 및 산업별 특성에 맞는 고용계획의 수립, 일자리 창출 및 일자리 질 개선, 인적자원 개발 지원",인력/일자리,제주지역 인적자원개발위원회,제주특별자치도경제통상진흥원 경영본부 청년센터,0013010 | 0049010,"수행기관 선정 완료(26.3.16)
1) 제주관광서비스업 일자리 전환 구축 프로젝트
- 제주관광 콘텐츠+ 밸류업 지원(제주콘텐츠진흥원)
- 내일찾기 프로젝트 Lab(제주산학융합원)
- 제주정착지원 및 기반사업(제주상공회의소)
- 제주 관광로컬기업 지속성장 지원사업(한국능률협회 제주)
- 청년과 지역자원을 활용한 제주관광 전환(제주사회적경제네트워크)

2) 고용둔화산업지원
- 제주건설 일용근로자 생계안정 지원사업(제주상공회의소)",만 0세 ~ 만 39세,소득조건코드=0043001 / 소득범위=0~0,,※ 공고별 모집기간 상이,,"○ 2026년 지역·산업맞춤형 일자리창출 지원사업(로컬크리에이터) 참여팀 모집 공고(3/20~4/9)
 - 이메일 접수(070-7770-5073)",20260320 ~ 20260409 ~ 20261231,main,primary,False,지역산업맞춤형일자리창출지원사업|제주지역인적자원개발위원회|2026032020260409~20261231,지역산업맞춤형일자리창출지원사업,제주지역인적자원개발위원회,2026032020260409~20261231,www.jejusen.org/board/1/90579?searchtype=&keyword=&page=1&rowsperpage=10&noticetype=&sortby=createddate&sorttype=desc,https://www.jejusen.org/board/1/90579?searchType=&keyword=&page=1&rowsPerPage=10&noticeType=&sortBy=createdDate&sortType=desc
youth,20260421005400212774,제주청년작가전,"제주청년작가전은 제주 지역 청년 예술인을 발굴ㆍ육성하는 대표 사업으로 1994년부터 31회에 걸쳐 운영되었다.
2026년에도 만 19~39세 청년 예술인을 대상으로 공모를 실시하여 3인의 청년작가를 선정하고, 지원금 지급과 멘토 프로그램, 전시 개최를 통해 성장 기반을 제공한다. 
제주 출신 또는 제주 거주 경력을 갖춘 청년작가에게 실질적인 창작 기회를 제공함으로써 지역 예술 생태계를 강화하고, 전시를 통해 도민 문화 향유 기회를 확대하는데 목적이 있다.",복지/문화,제주특별자치도 문화예술진흥원,제주특별자치도경제통상진흥원 경영본부 청년센터,0013010 | 0049010,"지원 대상은 만 19~39세의 청년 예술인으로, 지원대상은 공고일 기준 제주특별자치도에 주소지를 두고 1년 이상 계속하여 거주하고 있는 자, 또는 공고일 이전까지 제주특별자치도에 주소지를 두고 있었던 기간을 합산하여 총 3년 이상인 작가이다.
공모를 통해 총 3인 이내의 청년작가를 선정하며, 선정작가에게는 1인당 1,000만원의 지원금을 지급한다.
또한, 전문가 멘토 프로그램을 운영하여, 작품 방향성, 전시 기획, 예술 활동 전반에 대한 조언을 제공한다. 선정작가의 작품은 제주 문예회관에서 전시된다.",만 19세 ~ 만 39세,소득조건코드=0043001 / 소득범위=0~0,,"❍ 선정 작가는 워크숍 및 관람객과의 만남 등 부대 프로그램 시행 시 반드시 참여
❍ 제출 서류는 일체 반환하지 않음
❍ 응모자의 기재 내용이 사실과 다를 경우 심사 대상에서 제외
❍ 제출된 작품의 대한 저작권 및 초상권, 명예훼손 등의 법적 분쟁 발생 시, 모든 책임은 응모자에게 있음
❍ 공고문 유의사항 미숙지로 발생하는 모든 문제는 응모자에게 있음",,"공모 부문은 시각예술 전 부문으로 공고된 양식(신청서, 전시계획서 등)과 개인 포트폴리오 등을 지참하여 방문접수 또는 우편접수로 신청",20260429 ~ 20260430 ~ 20261231,main,primary,False,제주청년작가전|제주특별자치도문화예술진흥원|2026042920260430~20261231,제주청년작가전,제주특별자치도문화예술진흥원,2026042920260430~20261231,www.jeju.go.kr/jejuculture/news/notice.htm?act=view&seq=2015612,https://www.jeju.go.kr/jejuculture/news/notice.htm?act=view&seq=2015612
youth,20260421005400112773,미소금융 청년 미래이음 대출,미취업 또는 취˙창업 1년 이내 청년(19세 이상 34세 이하)에 대하여 사회진입을 위한 자금 지원,복지/문화,서민금융진흥원,한국고용정보원,"0013001,0013003,0013006 | 0049010","1. 대출한도: 최대 5백만원
2. 대출금리: 연 4.5% 이내
3. 대출기간: 최대 11년(거치기간 6년 이내, 상환기간 5년 이내)
4. 상환방법: 원리금균등분할상환",만 19세 ~ 만 34세,소득조건코드=0043001 / 소득범위=0~0,,"사회진입을 위한 자금이 필요한 미취업 또는 취업 초기 청년(19세 이상 34세 이하, 취˙창업 1년 이내)이면서 다음 하나의 요건을 충족한 자

1. 개인신용평점이 하위 100분의 20에 해당하는 자
2. 기초생활수급자 및 차상위계층 이하 자
3. 근로장려금 신청자격 요건에 해당하는 자

문의처
1. 서민금융진흥원 (국번없이)1397
2. www.kinfa.or.kr (서금원 홈페이지>상담지원>서민금융통합지원센터>전국센터찾기>미소지점)",관련 서류 또는 자세한 지원대상은 전국 미소금융 지점에서 확인해주시길 바랍니다.,미소금융 전국 지점 방문 (하단 참고사이트2 참고),,main,primary,False,미소금융청년미래이음대출|서민금융진흥원|,미소금융청년미래이음대출,서민금융진흥원,,www.kinfa.or.kr/financialproduct/youngfuturelinkloan.do,https://www.kinfa.or.kr/financialProduct/youngFutureLinkLoan.do
youth,20260420005400212772,(4차) 2026 광주청년 구직활동수당 및 활동지원사업,광주 미취업 청년들의 구직활동에 필요한 비용과 구직 역량강화 프로그램을 지원하여 청년의 지역사회 진입과 자립을 촉진합니다,인력/일자리,광주시청,광주시청,0013010 | 0049010," 구직활동비 월 50만원 x 6개월(1인당 최대 300만원)
       - 사업참여 중 취·창업으로 중단 시 취·창업 성공수당 지원
 구직역량 강화프로그램(1회 의무 참여 필요)",만 19세 ~ 만 39세,소득조건코드=0043001 / 소득범위=0~0,,,,"광주청년통합플랫폼 홈페이지(http://youth.gwangju.go.kr/) 온라인 신청
 ※ 신청기간 상단 신청하기 버튼 클릭(OPEN예정)",20260601 ~ 20261130,main,primary,False,2026광주청년구직활동수당및활동지원사업|광주시청|20260601~20261130,2026광주청년구직활동수당및활동지원사업,광주시청,20260601~20261130,,
youth,20260420005400212771,한옥 팝업 3기,"전시 공간과 전시 지원이 필요한 청년 작가님들!
한옥 공간에서 나만의 전시를 선보일 수 있는 기회를 놓치지 마세요",복지/문화,광주시청,광주시청,0013010 | 0049010,"- 전시 공간 무료 지원
- 전시 지원금 1팀당 최대 120만원 지원
- 전시 종료 후 기록 및 아카이빙 지원",만 19세 ~ 만 39세,소득조건코드=0043001 / 소득범위=0~0,,,,"신청 방법
- 전시 신청서 및 포트폴리오 이메일 접수
*공고문 및 전시 신청서는 홈페이지에서 다운로드
[프로그램] - [한옥팝업 3기] - [신청하기] 클릭 후 서류 다운로드
- 접수 이메일 : help_dgit2023@naver.com
- 메일 제목 : ‘한옥팝업3기_지원자명’
",20260414 ~ 20260421,main,primary,False,한옥팝업3기|광주시청|2026041420260421~,한옥팝업3기,광주시청,2026041420260421~,gjdgit.kr/program/detail/61,https://gjdgit.kr/program/detail/61
youth,20260420005400212770,(연장신청)청년맞춤형 주택임차보증금 이자지원,"대학(원)생, 취업준비생, 사회초년생의 임대보증금 대출을 알선하고 대출이자의 일부를 이차보전하여 주거안정에 기여",주거,광주시청,광주시청,0013010 | 0049010,"2억원이하 주택임차보증금 90% 이내(최대1억원) 
이자 일부(2%) 2년간 이차보전 | 연장1회 가능(최장4년)",만 19세 ~ 만 39세,소득조건코드=0043001 / 소득범위=0~0,,"연 소득 : (부모)7천만원 이하, (본인)4천5백만원 이하, (부부합산) 6천만원 이하","※ 모든 서류는 신청일 기준 1개월 이내 발급분으로 제출 필수
   - 동의서 등 제출서류 일체(서명 필수) 스캔(내용식별 가능해야 함)
     → 서류는 제출 항목별로 압축 파일로 저장하여 업로드

○ 공통서류
 - 임차보증금 이자지원 신청자 의무사항 및 각서(공고문 서식 1)
 - 개인정보 수집‧이용 및 제3자 정보제공 동의서 (공고문 서식 2) 
   → (취업준비생) 본인 포함 부모님 서명 / (취창업자) 본인 서명 / (기혼자) 본인 포함 배우자 서명 필수 
 - 주민등록초본(주소변경이력포함, 발급일자 필수)
 - 주민등록등본(발급 일자 필수)
 - 가족관계증명서(본인 주민번호 전체 표시)
 - &apos;25~26 지방세 세목별 과세증명서(전국/전체) *홈택스 [미과세증명서] 증명서로 대체(선택: (전국) 체크 / 조회 : 재산세(전체), 취득세(부동산) 체크)
   ** 미과세증명서 발급이 안될시 : 지방세 세목별 과세 증명서 + [청약홈] 주택소유확인서 추가 제출
 - 건강보험 자격득실확인서(가입이력전체포함)
 - 건강보험 납부확인서(취창업자:본인, 기혼자:본인 및 배우자, 취준생:부모)
 - 건강보험 자격확인서(소득산정 가구원의 건강보험 자격확인, 가입이력포함)
 - 임대차계약서(갱신임차계약인 경우)
 
○ 대학(원)생, 취업준비생 추가서류 
 - 부모의 최근연도 소득금액증명원 또는 원천징수영수증 (부모 모두)
 - 사실증명원 (부모가 소득이 없는 경우) 
 - 재학(휴학)증명서 / 졸업증명서 등 (총장 직인 필수)
  ※ 본인소득 심사를 원하는 경우 공고문 3p의 예외사항 조건을 모두 충족할 시 가능
    → 이때 본인 기준 소득증빙서류, 현재 혹은 직전 취창업 확인서류 제출(공고문 5p 참고)

○ 취창업자 추가서류 
 - 재직증명서(사업자의 경우 사업자등록증, 최근1개월내 발급분 아닌 경우 사업등록증명 보완)
 - 현재 근무지(사업지)의 본인의 최근연도 소득금액증명원 또는 원천징수영수증(공고문 참고) ","상단 신청하기 클릭(신청시작일 생성), 접수 - 적격자 알림(시→은행, 신청인) - 대출적격자 통보(은행→신청인, 시) - 대출실행(은행→신청인) - 이자지원(시→은행)",,main,primary,False,청년맞춤형주택임차보증금이자지원|광주시청|,청년맞춤형주택임차보증금이자지원,광주시청,,youth.gwangju.go.kr/www/50?formseq=46&mapngcolumn=policy_id&mapngid=1241&url=%2fwww%2fform%2fapplformview,https://youth.gwangju.go.kr/www/50?formSeq=46&mapngColumn=policy_id&mapngId=1241&url=%2Fwww%2Fform%2FapplFormView
youth,20260420005400212769,제6기 광주광역시 동구 청년참여위원회 위원 모집(~4.30.),"청년의 정책참여 확대를 통한 민·관 협력체계 구축하고, 청년관련 정책에 대한 의제 발굴 및 제안 등을 위한 청년참여위원회 위원을 다음과 같이 모집하오니 많은 참여 바랍니다.",참여/기반,광주시청,광주시청,0013010 | 0049010,"- 청년관련 정책발굴을 위한 활동 참여 
- 청년참여위원회 위촉장 수여
- 회의참석수당 지급(전체회의, 분과회의) 등
",만 19세 ~ 만 39세,소득조건코드=0043001 / 소득범위=0~0,,,,자세한 내용은 모집공고문 참고,20260416 ~ 20260430,main,primary,False,제6기광주광역시동구청년참여위원회위원모집|광주시청|2026041620260430~,제6기광주광역시동구청년참여위원회위원모집,광주시청,2026041620260430~,youth.gwangju.go.kr/www/50?siteid=www&mapngcolumn=policy_id&policyid=1345&url=%2fwww%2fpolicy%2fgjygpolicyview,https://youth.gwangju.go.kr/www/50?siteId=www&mapngColumn=policy_id&policyId=1345&url=%2Fwww%2Fpolicy%2FgjYgPolicyView
youth,20260417005400112768,벤처기업 공동채용 지원사,채용수요가 있는 벤처기업들이 합동으로 취업포탈 사이트에 취업 공고 게시 및 채용박람회 등을 통해 벤처기업이 우수 인재채용을 지,인력/일자리,중소벤처기업부,중소벤처기업부 창업벤처혁신실 창업정책관,0013010 | 0049010,벤처기업 공동채용을 통한 입사자 등 벤처 신입직원을 대상으로 벤처이해를 포함한 기초소양 및 직무역량 향상 교육 실시,만 0세 ~ 만 0세,소득조건코드=0043001 / 소득범위=0~0,,,,,,main,primary,False,벤처기업공동채용지원사|중소벤처기업부|,벤처기업공동채용지원사,중소벤처기업부,,www.venture.or.kr/home/kor/m748473882/business/contents/index.do?idx=cb00d1a0008a85e71a41b8741facbffe71a547009cdc82b6a17d02db013fb623&idx2=cb00d1a0008a85e71a41b8741facbffe6345b0b94089980f84385e748ce0fc81,https://www.venture.or.kr/home/kor/M748473882/business/contents/index.do?idx=cb00d1a0008a85e71a41b8741facbffe71a547009cdc82b6a17d02db013fb623&idx2=cb00d1a0008a85e71a41b8741facbffe6345b0b94089980f84385e748ce0fc81
youth,20260417005400112767,참 괜찮은 강소기업 선정 및 취업연계,구직자들이 선호할만한 우수 중소기업을 발굴하고 채용 정보 제공 및 매칭 지원을 통해 중소기업 일자리 미스매치 완화,인력/일자리,중소벤처기업부,중소벤처기업부 창업벤처혁신실 창업정책관,0013010 | 0049010,기업정보 제공 및 매칭지원,만 0세 ~ 만 0세,소득조건코드=0043001 / 소득범위=0~0,,,,,,main,primary,False,참괜찮은강소기업선정및취업연계|중소벤처기업부|,참괜찮은강소기업선정및취업연계,중소벤처기업부,,www.smes.go.kr/gsmb/main,https://www.smes.go.kr/gsmb/main
youth,20260417005400112766,스타트업 원스톱 지원센터,"기술창업 기반의 창업가가 직면하는 법률, 세무, 경영 등 복합적인 애로해결 가이드, 전문가 매칭, 상담비용 지원 등 '원스톱'으로 상담 서비스를 지원합니다.",인력/일자리,중소벤처기업부,중소벤처기업부 창업벤처혁신실 창업정책관,0013010 | 0049010,상담분야별 정보 제공과 전문가 매칭 및 상담 지원,만 0세 ~ 만 0세,소득조건코드=0043001 / 소득범위=0~0,,,,,,main,primary,False,스타트업원스톱지원센터|중소벤처기업부|,스타트업원스톱지원센터,중소벤처기업부,,www.k-startup.go.kr/onestop/main/index.do,https://www.k-startup.go.kr/onestop/main/index.do
youth,20260416005400112765,청소년비즈쿨,청소년을 대상으로 기업가정신 함양 및 창업 교육을 통해 꿈·끼·도전정신·진취성을 갖춘 '융합형 창의인재' 양성,교육/멘토링,중소벤처기업부,중소벤처기업부 창업벤처혁신실 창업정책관,0013009 | 0049010,"(비즈쿨 학교 운영) 청소년과 밀접한 공간인 학교에서 기업가정신 관련 교육, 체험활동, 창업동아리 등을 지원 (체험활동 운영) 초·중·고등학생의 수준에 맞는 체험형 프로그램 및 캠프, 비즈쿨 페스티벌을 개최하여 기업가 정신 함양 및 창업 실무지식 습득 (기업가정신 교육지원) 담당교사 온·오프라인 직무연수 지원, 기업가정신 관련 교재·콘텐츠를 개발하여 전국 비즈쿨 운영학교에 보급",만 0세 ~ 만 0세,소득조건코드=0043001 / 소득범위=0~0,,,,,20260210 ~ 20260303,main,primary,False,청소년비즈쿨|중소벤처기업부|2026021020260303~,청소년비즈쿨,중소벤처기업부,2026021020260303~,www.kised.or.kr/menu.es?mid=a10202010000,https://www.kised.or.kr/menu.es?mid=a10202010000
youth,20260416005400112764,2026년도 창업중심대학 대학발 (예비)창업기업 모집 공고,대학의 창업 인프라를 활용하여 우수한 창업아이템을 보유한 대학발 (예비)창업기업의 사업화를 지원,인력/일자리,중소벤처기업부,중소벤처기업부 창업벤처혁신실 창업정책관,"0013006,0013009 | 0049010","사업화자금 (평균 0.7억원 내외, 최대 1.5억원), 창업프로그램 등",만 0세 ~ 만 0세,소득조건코드=0043001 / 소득범위=0~0,,,,,20260303 ~ 20260324,main,primary,False,2026년도창업중심대학대학발창업기업모집공고|중소벤처기업부|2026030320260324~,2026년도창업중심대학대학발창업기업모집공고,중소벤처기업부,2026030320260324~,www.k-startup.go.kr/web/contents/bizpbanc-deadline.do?pbancclsscd=pbc010&schstr=%ec%b0%bd%ec%97%85%ec%a4%91%ec%8b%ac%eb%8c%80%ed%95%99&schm=view&pbancsn=176498,https://www.k-startup.go.kr/web/contents/bizpbanc-deadline.do?pbancClssCd=PBC010&schStr=%EC%B0%BD%EC%97%85%EC%A4%91%EC%8B%AC%EB%8C%80%ED%95%99&schM=view&pbancSn=176498
youth,20260416005400112763,재도전성공패키지,"성실한 실패 경험과 우수한 아이템을 바탕으로 성장 가능성이 높은 (예비)재창업기업을 발굴하고, 패키지형 재창업 지원",인력/일자리,중소벤처기업부,중소벤처기업부 창업벤처혁신실 창업정책관,0013009 | 0049010,"사업화 자금, 심리치유, 실패원인분석, 맞춤형 멘토링, 투자연계 등",만 0세 ~ 만 0세,소득조건코드=0043001 / 소득범위=0~0,,,,,20260211 ~ 20260304,main,primary,False,재도전성공패키지|중소벤처기업부|2026021120260304~,재도전성공패키지,중소벤처기업부,2026021120260304~,www.k-startup.go.kr/web/contents/webcmrczn.do?schm=view&id=170007,https://www.k-startup.go.kr/web/contents/webCMRCZN.do?schM=view&id=170007
youth,20260416005400112762,예비창업패키지,혁신적인 기술과 사업모델(BM)을 보유한 예비창업자를 발굴ㆍ지원,인력/일자리,중소벤처기업부,중소벤처기업부 창업벤처혁신실 창업정책관,0013006 | 0049010,"창업사업화에 소요되는 자금 평균 0.4억원, 창업프로그램 등

※ 사업화 자금(정부지원사업비)을 사업단계별(총 2단계)로 차등 지원(상세내용은 [별첨4] 참조)
- 1단계 : BM 구체화를 위한 시장조사 및 최소기능 제품(MVP) 제작 등 사업화 준비 자금 지원(20백만원)
- 2단계 : 협약 중간 시점에 1단계 사업계획의 진척도 및 향후 추진계획 등을 평가
평가 결과에 따라 50% 내외 선정하여 추가 정부지원사업비 지원",만 0세 ~ 만 0세,소득조건코드=0043001 / 소득범위=0~0,,,,,20260306 ~ 20260326,main,primary,False,예비창업패키지|중소벤처기업부|2026030620260326~,예비창업패키지,중소벤처기업부,2026030620260326~,www.k-startup.go.kr/web/contents/bizpbanc-deadline.do?schm=view&pbancsn=176458,https://www.k-startup.go.kr/web/contents/bizpbanc-deadline.do?schM=view&pbancSn=176458
youth,20260416005400112761,올해의 K-스타트업(舊. 도전! K-스타트업),범부처 협업 창업경진대회를 통해 다양한 분야에서 유망 창업 아이템을 보유한 창업자(팀)를 발굴·시상하여 기술창업 분위기 확산,인력/일자리,중소벤처기업부,중소벤처기업부 창업벤처혁신실 창업정책관,0013010 | 0049010,"시상(대통령상, 국무총리상, 장관‧청장상) 및 상금, 정부지원사업 후속 연계",만 0세 ~ 만 0세,소득조건코드=0043001 / 소득범위=0~0,,,,,20260327 ~ 20260831,main,primary,False,올해의k스타트업|중소벤처기업부|2026032720260831~,올해의k스타트업,중소벤처기업부,2026032720260831~,www.k-startup.go.kr/web/contents/bizpbanc-ongoing.do?pbancclsscd=pbc010&schstr=%ea%b2%bd%ec%a7%84%eb%8c%80%ed%9a%8c&schm=view&pbancsn=176910,https://www.k-startup.go.kr/web/contents/bizpbanc-ongoing.do?pbancClssCd=PBC010&schStr=%EA%B2%BD%EC%A7%84%EB%8C%80%ED%9A%8C&schM=view&pbancSn=176910
youth,20260416005400112760,글로벌 액셀러레이팅 지원사,"국내 창업기업의 글로벌 진출을 지원하고
해외 인재의 국내창업을 유도하여 국내 창업
생태계의 글로벌화 도모",인력/일자리,중소벤처기업부,중소벤처기업부 창업벤처혁신실 창업정책관,0013010 | 0049010,"해외 진출을 희망하는 창업기업의 비즈니스 현지화, 멘토링 등 액셀러레이팅 프로그램 및 해외진출자금 평균 3천만원 지원",만 0세 ~ 만 0세,소득조건코드=0043001 / 소득범위=0~0,,,,,20260227 ~ 20260331,main,primary,False,글로벌액셀러레이팅지원사|중소벤처기업부|2026022720260331~,글로벌액셀러레이팅지원사,중소벤처기업부,2026022720260331~,www.kised.or.kr/menu.es?mid=a10208020000,https://www.kised.or.kr/menu.es?mid=a10208020000
youth,20260416005400112759,스타트업AI기술인력양성(이어드림스쿨),"혁신 벤처·스타트업이 필요로 하는 AI 청년 실무 인력을 양성하고

취·창업 연계를 통해 청년 인재와 스타트업 간의 미스매치를 해소하는 사업입니다",교육/멘토링,중소벤처기업부,중소벤처기업부 창업벤처혁신실 창업정책관,0013010 | 0049010,"교육 과정은 비전공자인 초급자 누구나 참여할 수 있는 기존 ‘기본반(7개월)’에 더해, AI 관련 경력자, 전공자 등을 대상으로 맞춤 설계된 ‘심화반(3개월)’을 신설하여 교육생이 자신의 AI 활용 수준에 맞는 교육과정을 선택하여 수강할 수 있게 하였다.
 
교육비는 전액 무료이며, 교육생의 학업 성취도와 만족도 제고를 위해 성적 우수자 및 조기 취업자 등 우수 교육생을 대상으로 미국 실리콘밸리 등으로 해외 연수 기회를 제공하고 장학금, 상장 수여 등의 포상도 지원할 예정이다.",만 0세 ~ 만 39세,소득조건코드=0043001 / 소득범위=0~0,,,,,20260406 ~ 20260510,main,primary,False,스타트업ai기술인력양성|중소벤처기업부|2026040620260510~,스타트업ai기술인력양성,중소벤처기업부,2026040620260510~,yeardream2026.elice.io/home/main,https://yeardream2026.elice.io/home/main
youth,20260416005400112758,모두의 창업,창의적 아이디어를 가진 국민 누구나 도전 할 수 있는 기회를제공하고 실패에 대한 부담을 완화하여 혁신 인재의 창업을 촉진하기위한「모두의 창업 프로젝트」도전자를 모집합니다,인력/일자리,중소벤처기업부,중소벤처기업부 창업벤처혁신실 창업정책관,0013010 | 0049010,"창업활동자금, 사업화자금, 멘토링, AI솔루션 등 BM 고도화 프로그램 제공",만 0세 ~ 만 0세,소득조건코드=0043001 / 소득범위=0~0,,,,,20260326 ~ 20260515,main,primary,False,모두의창업|중소벤처기업부|2026032620260515~,모두의창업,중소벤처기업부,2026032620260515~,www.modoo.or.kr,https://www.modoo.or.kr/
youth,20260416005400212753,제주 콘텐츠 청년일자리 빌드업 지원,"도내 콘텐츠 기업의 신규 정규직 채용을 지원하고, 
일정 기간 안정적인 고용과 직무 숙련을 병행함으로써 
실효성 있는 청년 일자리 창출 추진",인력/일자리,제주콘텐츠진흥원,제주특별자치도경제통상진흥원 경영본부 청년센터,0013001 | 0049010,"□ 지원대상
(기업) 도내 콘텐츠 기업(기획・제작・개발・운영 등 수행)
(청년) 만19~39세 콘텐츠 직무 종사를 희망하는 도내 거주 청년

□ 지원내용
(인건비) 신규 청년 정규직 채용시 월 180만원 지원
(교통비) 읍・면 지역 소재 기업 취업 청년 월 10만원 지원
(교육) 콘텐츠 관련 직무역량 강화 교육 운영・지원",만 19세 ~ 만 39세,소득조건코드=0043001 / 소득범위=0~0,,"* 모든 제출 서류는 1개의 PDF파일로 병합하고, 원본 한글파일과 함께 제출
* 제출서류의 누락・오기재・첨부파일 오류 등으로 인한 불이익은 신청자에 있음
* 제출서류는 접수 후 임의 추가・보완 불가(진흥원 보완 요청 시 제외)하며 일체 반환하지 않음",,"□접수방법 : 이메일 접수(abc@ofjeju.kr)
□제출서류 : 제공 신청양식을 활용 확인 후 작성 제출
  - 지원사업 신청서, 지원사업 참가계획서, 참여기업 확인서, 개인정보 활용・사업 참여등 동의서
    평가위원 추첨표, 사업자등록증, 법인등기부등본, 국세 지방세 납세증명서, 4대보험 가입자 명부, 완납증명서, 표준제무제표증명원, 우대가점 관련 증명서류",20260213 ~ 20260225 ~ 20261231,main,primary,False,제주콘텐츠청년일자리빌드업지원|제주콘텐츠진흥원|2026021320260225~20261231,제주콘텐츠청년일자리빌드업지원,제주콘텐츠진흥원,2026021320260225~20261231,ofjeju.kr,http://ofjeju.kr
youth,20260416005400212752,탐나는 디지털 창작소 운영사업,"ㅇ (목적) 예비창업자 초기 육성 기반 마련
ㅇ (대상) 예비창업자 및 학생 등
ㅇ (주요내용) 창업으로 연계될 수 있는 아이디어 공간 제공 및 디지털 장비교육 등 사업화 지원
ㅇ (전달체계) 공기관대행사업(제주경제통상진흥원)",인력/일자리,제주경제통상진흥원,제주특별자치도경제통상진흥원 경영본부 청년센터,0013010 | 0049010,"ㅇ (지원대상) 예비창업자 및 학생 등
ㅇ (지원내용) 창작공간 제공 및 디지털 장비교육, 시제품 제작 사업화 지원",만 0세 ~ 만 0세,소득조건코드=0043001 / 소득범위=0~0,,,,"ㅇ 팹랩제주 홈페이지를 통해 신청(연중수서)
ㅇ  문의처 : 064-710-3903(소상공인과), 064-805-3357(제주경제통상진흥원)",20260101 ~ 20261231,main,primary,False,탐나는디지털창작소운영사업|제주경제통상진흥원|20260101~20261231,탐나는디지털창작소운영사업,제주경제통상진흥원,20260101~20261231,fablabjeju.org,https://fablabjeju.org/
youth,20260415005400212750,2026년 미취업청년 자격증 응시료 지원사업(중랑구),미취업 청년의 자격증 취득 비용을 지원하여 경제적 부담을 완화하고 취업역량을 강화하여 청년들의 구직활동을 촉진하고자 함,인력/일자리,서울특별시 중랑구,서울특별시 중랑구,"- 현재까지 생애 10만원 이상 지원받은 자는 지원 제외(1인 생애 10만원 까지 지원가능)
- 2026년 서울 청년수당, 국민취업지원제도(1,2유형) 참여자는 지원 제외
- 2026년 타자치구 유사사업(자격증 응시료 지원사업 등) 참여자 지원 제외 | 0013003 | 0049010"," □ 신청기간 : 2026. 1. ~ 12. ※ 예산 소진시 조기 마감
 □ 대    상 : 주민등록상 중랑구 거주 19 ~ 39세(1987.1.1.~2007.12.31.출생자) 미취업 청년
 □ 지원내용 : 자격증 응시료 실비 (1인 생애 10만원 이내) 
 □ 대상 시험종류
   - 어학(토익, 토스, 토플, 오픽, 아이엘츠, 텝스, 지텔프, HSK, JPT, JLPT 등)
   - 한국사능력검정시험
   - 국기기술자격증, 국가전문자격증(Q-NET에서 확인가능)
   - 국가공인 민간 자격증(한국직업능력연구원 민간자격정보서비스에서 확인가능)  
  ※ 경찰청 주관 자동차운전면허 제외
  ※ 합격 여부와는 무관하며, 자격시험 접수 후 미응시자는 지원 제외

○ 신청자 제출서류 
 ① (필수)응시료 지원 신청서 ※ 서명란에 자필 서명
 ② (필수)개인정보 수집･이용 및 행정정보공동 이용에 관한 동의서 ※ 서명란에 자필 서명
 ③ (필수)응시 사실 확인 증빙(응시확인서 또는 성적표 중 택1) ※ 접수증 불가 
 ④ (필수)응시료 결제 영수증(실제 결제금액 표기) ※ 매출전표 제출 원칙
 ⑤ (필수)통장 사본(신청자 본인 명의) 
 ⑥ (선택)근로계약서
  ※ 근로계약서 : 근로계약 3개월 이하 또는 주 26시간 이하 단기근로자, 동행일자리 등 
     정부일자리 근로자일 경우 제출
  ※ 근로계약서가 없을 경우 계약기간 및 근로시간, 정부일자리 참여를 증명할 수 있는 증명서 제출

○ 기관 조회서류 ※ 단, 행정정보공동이용 미동의 시 신청자가 제출
 ① (필수)주민등록 초본 ※ 출생년도, 중랑구 거주유무 확인
 ② (필수)고용보험 피보험 자격이력내역서 ※ 미취업유무 확인

",만 19세 ~ 만 39세,소득조건코드=0043001 / 소득범위=0~0,,,,"신청방법 : 이메일(jnyouth2274@jn.go.kr) 또는 방문(중랑구청 지역경제과) 신청
",20260202 ~ 20261210,main,primary,False,2026년미취업청년자격증응시료지원사업|서울특별시중랑구|2026020220261210~,2026년미취업청년자격증응시료지원사업,서울특별시중랑구,2026020220261210~,www.jungnang.go.kr/health/bbs/view/b0000117/164097?menuno=400493,https://www.jungnang.go.kr/health/bbs/view/B0000117/164097?menuNo=400493
youth,20260415005400212749,중랑청년청 동네친구 커뮤니티(중랑구),중랑구 거주 및 활동 청년 소모임 운영을 통한 청년 취미 활동 및 교류 활성화,참여/기반,서울특별시 중랑구,서울특별시 중랑구,0013010 | 0049010,"중랑청년청 동네친구 커뮤니티 모집
ㅇ 모임내용 : 탁구, 플로깅, 페이퍼크레프트, 영화감상 (모임일정 인스타 모집글 참조)
ㅇ 모집시기 : 상시
ㅇ 모집인원 : 미정
ㅇ 신청방법 : '중랑청년청' 인스타그램 게시글 QR스캔 접속하여 신청 폼작성
ㅇ 문의 : 0507-1410-1939(중랑청년청)

",만 19세 ~ 만 39세,소득조건코드=0043001 / 소득범위=0~0,,중랑구 거주 또는 활동 청년(19~39세),,,,main,primary,False,중랑청년청동네친구커뮤니티|서울특별시중랑구|,중랑청년청동네친구커뮤니티,서울특별시중랑구,,www.instagram.com/p/dxeoovzkwyh/?img_index=1,https://www.instagram.com/p/DXEOOvzkwyH/?img_index=1
youth,20260415005400212748,2026년 중랑구 청년 창업 아카데미,창업 아이디어 발굴부터 비즈니스 모델 구축까지 단계별 창업 교육 및 멘토링을 통해 지역 청년 창업가를 양성하고자 함,인력/일자리,서울특별시 중랑구 기획경제국,서울특별시 중랑구,0013006 | 0049010,"  □ 사업기간 : 2026. 5. ~ 6.  * 모집기간 : 4월말~5월초 예정
  □ 대    상 : 중랑구 거주 또는 활동하는 19~39세 청년 예비 및 초기 창업가 20팀
  □ 장    소 : 중랑청년청(중랑구 중랑역로 159)
  □ 주요내용 : 창업 교육·전문가 멘토링(5회), 모의 창업대회·네트워킹데이(2회) 개최",만 19세 ~ 만 39세,소득조건코드=0043001 / 소득범위=0~0,,"중랑구 거주 또는 활돋 예비 및 초기 창업가 20팀
(프로그램 완주 의지가 높고 실제 창업까지 연계가능한 중랑구 거주자 우선)",,ㅇ 신청절차 및 기간 4월 말 중랑청년청 인스타그램에 게시 예정,20260521 ~ 20260618,main,primary,False,2026년중랑구청년창업아카데미|서울특별시중랑구기획경제국|20260521~20260618,2026년중랑구청년창업아카데미,서울특별시중랑구기획경제국,20260521~20260618,www.instagram.com/jn_youth_,https://www.instagram.com/jn_youth_
youth,20260415005400212745,창의융합형 공학인재 양성 지원사업,"- 기업 수요자 중심의 산․학 협력 맞춤형 교육으로 우수 인력 양성
- 국내외 대학 간 공동 프로그램 운영 및 각종 경진대회 글로벌 교육 네트워크 구축
- 지역산업과 대학 핵심역량을 고려한 공학교육 인증 프로그램 운영",교육/멘토링,제주대학교 공학교육혁신센터,제주특별자치도경제통상진흥원 경영본부 청년센터,0013010 | 0049005,"· 산․학 협력 맞춤형 교육 지원 등 기회 제공
· 공학교육 인증 프로그램(산업체 요구 맞춤형 인재양성 프로그램) 운영
· 미래신산업선도 창의융합인재 양성과정 운영",만 0세 ~ 만 0세,소득조건코드=0043001 / 소득범위=0~0,,"※사업별 신청 및 사업기간 상이, 공고문 별도 확인",,"※ 제주대학교 공과대학 학생 대상
※ 학과 방문 신청 등 홈페이지 확인",20260301 ~ 20260331,main,primary,False,창의융합형공학인재양성지원사업|제주대학교공학교육혁신센터|2026030120260331~,창의융합형공학인재양성지원사업,제주대학교공학교육혁신센터,2026030120260331~,abeek.jejunu.ac.kr/abeek/news/notice.htm,https://abeek.jejunu.ac.kr/abeek/news/notice.htm
youth,20260414005400212743,여수시 청년 소상공인 맞춤형 방문 컨설팅 지원사업,여수시 청년 창업기업 대상 맞춤형 컨설팅 지원을 통한 청년 창업기업의 시장 경쟁력 강화 및 지역경제 활성화,인력/일자리,전라남도 여수시 기획경제국,전라남도 여수시 청년인구정책관,0013006 | 0049010,"• 선정기업 전원 맞춤형 컨설팅 지원 :  기업당 15시간 이내
• 사업 고도화(환경개선, 상품개발, 판로개척 등) 지원 :  기업당 500만원 이내
• 홍보·마케팅비(리플렛, 폼페이지 제작, 홍보영상 제작 등) 지원 : 기업당 100만원 이내
• 창업교육(마케팅, BM, 사업고도화 등), 플리마켓 참가지원 등",만 18세 ~ 만 45세,"소득조건코드=0043003 / 소득범위=0~0 / 업력 6개월 이상 5년 미만, 연 매출 2억원 이하",,대표자 주소지 및 영업장 소재지가 여수시로 등록되어 있는 기업," 사업신청서 및 사업계획서 각 1부 【서식 1-1, 1-2】
 개인정보 수집 및 활용 동의서 1부 【서식 2】
③ 주민등록초본 1부 (최근 5년 주소이력 포함, 공고일 이후 발급)
 국세 납세증명서 1부
⑤ 지방세 납세증명서 1부
⑥ 사업자등록증 1부
⑦ 부가가치세과세표준증명원 또는 표준재무제표증명 1부","공고문 내 제출서류 작성 및 첨부하여 이메일 접수
(접수처 : moolbeen@ccei.kr ) ",20260330 ~ 20260417 ~ 20261231,main,primary,False,여수시청년소상공인맞춤형방문컨설팅지원사업|전라남도여수시기획경제국|2026033020260417~20261231,여수시청년소상공인맞춤형방문컨설팅지원사업,전라남도여수시기획경제국,2026033020260417~20261231,ccei.creativekorea.or.kr/jeonnam/main.do,https://ccei.creativekorea.or.kr/jeonnam/main.do
youth,20260414005400212742,청년상담소(고민점빵) 운영,"복잡하고 다양한 청년문제에 대응하고, 유관기관과 연계하여 전문가와 1:1 매칭 상담으로 행복한 삶 영위와 주체적으로 성장할 기회 제공",참여/기반,울산광역시,울산광역시 기업투자국,0013010 | 0049010,"  ○ 사업기간 : ‘26. 2. ~ 12. 
  ○ 사업대상 : 울산시 거주 19세～39세 청년
  ○ 주요사업 : 청년들의 고민을 분야별로 파악하여 전문가와 1:1매칭 상담
  ○ 사업내용 : 마음건강 진단, 상담, 모니터링 등 심리안정 지원
  ○ 수행기관 : 울산청년지원센터",만 19세 ~ 만 39세,소득조건코드=0043001 / 소득범위=0~0,,,,,20260201 ~ 20261231 ~ 20261231,main,primary,False,청년상담소운영|울산광역시|2026020120261231~20261231,청년상담소운영,울산광역시,2026020120261231~20261231,www.ulsan.go.kr/s/ulsanyouth/bbs/view.do?bbsid=bbs_0000000000000316&mid=008001001000000000&dataid=56231,https://www.ulsan.go.kr/s/ulsanyouth/bbs/view.do?bbsId=BBS_0000000000000316&mId=008001001000000000&dataId=56231
youth,20260414005400212741,청년정책 홍보사업,청년의 정책 체감도 향상 및 청년 참여 확대를 위한 다방면 홍보 추진,참여/기반,울산광역시,울산광역시 기업투자국,0013010 | 0049010,"   ○ 사업기간 : ‘26. 1. ~ 12.
  ○ 지원대상 : 19세~39세 울산 거주/재직/재학/활동 청년
  ○ 주요내용 : SNS 및 소통 커뮤니티 운영 등 온·오프라인 홍보
 
①청년정책 정보 수집 및 DB 구축
 · 중앙부처/지자체 웹사이트, 공공데이터 포털 활용
· 관련 부서 담당자 협조 및 자료 요청
· 청년 정책 관련 연구자료, 보고서 분석

②정보 제공 채널 구축 및 운영
· SNS 채널 운영
 (카카오톡, 인스타그램 등)
· 정기적인 소식지 발행 및 배포

③맞춤형 정보 제공 및 상담 지원
· 온/오프라인 상담 창구 운영
· 청년 특성별 맞춤형 정보 제공 (연령, 관심 분야 등)
· 정책 활용 워크샵, 설명회 개최

  ○ 수행기관 : 울산청년지원센터",만 19세 ~ 만 39세,소득조건코드=0043001 / 소득범위=0~0,,,,,20260101 ~ 20261231 ~ 20261231,main,primary,False,청년정책홍보사업|울산광역시|2026010120261231~20261231,청년정책홍보사업,울산광역시,2026010120261231~20261231,www.ulsan.go.kr/s/ulsanyouth/bbs/view.do?bbsid=bbs_0000000000000316&mid=008001001000000000&dataid=56229,https://www.ulsan.go.kr/s/ulsanyouth/bbs/view.do?bbsId=BBS_0000000000000316&mId=008001001000000000&dataId=56229
youth,20260414005400212740,울산청년정책플랫폼 운영,"부서별로 흩어진 청년정책 및 활동지원 사업, 커뮤니티 등을 모아낸 통합 정보 플랫폼 구축으로 원스톱 청년정보 제공 및 청년교류 활성화",참여/기반,울산광역시,울산광역시 기업투자국,0013010 | 0049010,"  ○ 명    칭 : 울산청년정책플랫폼 유페이지(U-PAGE)
     ※ 도메인 주소 : www.ulsan.go.kr/ulsanyouth / 운영개시 : ’21. 12. 20.
  ○ 사업기간 : ‘26. 1. ~ 12.
  ○ 주요메뉴 : 청년정책, 공모·지원사업, 울산청년지도, 고민점빵 등
    - 일자리, 주거, 복지, 문화 등 청년과 관련된 500여개 정보 수록",만 0세 ~ 만 0세,소득조건코드=0043001 / 소득범위=0~0,,,,,20260101 ~ 20261231 ~ 20261231,main,primary,False,울산청년정책플랫폼운영|울산광역시|2026010120261231~20261231,울산청년정책플랫폼운영,울산광역시,2026010120261231~20261231,www.ulsan.go.kr/s/ulsanyouth/bbs/view.do?bbsid=bbs_0000000000000316&mid=008001001000000000&dataid=56228,https://www.ulsan.go.kr/s/ulsanyouth/bbs/view.do?bbsId=BBS_0000000000000316&mId=008001001000000000&dataId=56228
youth,20260414005400212739,청년정책 제안 경연대회,청년정책 수요 당사자인 청년들이 직접 청년정책을 발굴하여 청년의 정책 효능감 향상 및 청년문제 해결을 위한 정책 참여 기회 제공,참여/기반,울산광역시,울산광역시 기업투자국,0013010 | 0049010,"  ○ 시    기 : ‘26. 4. 〜 9. 
  ○ 참여대상 : 울산에 거주하거나 활동하는 19세~39세 청년
  ○ 주요내용 : 정책 컨설팅을 통한 내실 있는 청년제안 발굴    
    - 분과별 토론, 정책의제 도출 및 구체화, 집중 멘토링
    - 컨설팅을 통한 분과별 정책제안서 검토‧작성
  ○ 추진방법 : 제안서 접수 → 1차 심사 → 전문가 컨설팅 → 최종 심사 
      ※ 팀구성 : 10개팀 30명 정도(팀당 3명 정도) ",만 19세 ~ 만 39세,소득조건코드=0043001 / 소득범위=0~0,,,,,20260401 ~ 20260930 ~ 20260930,main,primary,False,청년정책제안경연대회|울산광역시|2026040120260930~20260930,청년정책제안경연대회,울산광역시,2026040120260930~20260930,www.ulsan.go.kr/s/ulsanyouth/bbs/view.do?bbsid=bbs_0000000000000316&mid=008001001000000000&dataid=56227,https://www.ulsan.go.kr/s/ulsanyouth/bbs/view.do?bbsId=BBS_0000000000000316&mId=008001001000000000&dataId=56227
youth,20260414005400212738,울산청년지원센터 운영,"중앙-지역 간 종합적 정책 전달체계 구축 및 청년의 자발적인 참여와 소통, 네트워크 형성을 위한 지역 거점 청년지원센터 운영 활성화 추진",참여/기반,(재)울산창조경제혁신센터,울산광역시 기업투자국,0013010 | 0049010,"  ○ 사업기간 : ‘26. 1. ~ 12.
  ○ 대    상 : 19세~39세 울산 거주/재직/재학/활동 청년
  ○ 위치/면적 : 종하이노베이션센터 3층 / 320.474㎡(97평) 
  ○ 공간구성 : 다목적실, 소회의실, 미디어실, 공유부엌, 물품보관소 
  ○ 주요내용 : 청년의 소통·성장·활동을 위한 공간 및 프로그램 운영
  ○ 수행기관 : 울산창조경제혁신센터",만 19세 ~ 만 39세,소득조건코드=0043001 / 소득범위=0~0,,,,,20260101 ~ 20261231 ~ 20261231,main,primary,False,울산청년지원센터운영|울산창조경제혁신센터|2026010120261231~20261231,울산청년지원센터운영,울산창조경제혁신센터,2026010120261231~20261231,www.ulsan.go.kr/s/ulsanyouth/bbs/view.do?bbsid=bbs_0000000000000316&mid=008001001000000000&dataid=56226,https://www.ulsan.go.kr/s/ulsanyouth/bbs/view.do?bbsId=BBS_0000000000000316&mId=008001001000000000&dataId=56226
youth,20260414005400212736,관내대학 연합축제 청년 union 페스티벌,청년주간과 연계하여 관내 대학생 간 교류 기회 제공 및 소속·연대감 제고,참여/기반,(재)울산창조경제혁신센터,울산광역시 기업투자국,0013010 | 0049010,"  ○ 사업기간 : ‘26. 9월 중(청년주간 기간 동시개최) 
  ○ 참여인원 : 1,000여 명(관내 4대 대학* 학생, 울산 청년 등)
      * 울산대학교, 울산과학기술원, 울산과학대학교, 춘해보건대학교
  ○ 주요내용 : 동아리 공연, 응원단, 대학가요제, 친목단합의 장 마련 등
  ○ 수행기관 : (재)울산창조경제혁신센터",만 19세 ~ 만 39세,소득조건코드=0043001 / 소득범위=0~0,,,,,20260901 ~ 20260930 ~ 20260930,main,primary,False,관내대학연합축제청년union페스티벌|울산창조경제혁신센터|2026090120260930~20260930,관내대학연합축제청년union페스티벌,울산창조경제혁신센터,2026090120260930~20260930,www.ulsan.go.kr/s/ulsanyouth/bbs/view.do?bbsid=bbs_0000000000000316&mid=008001001000000000&dataid=56225,https://www.ulsan.go.kr/s/ulsanyouth/bbs/view.do?bbsId=BBS_0000000000000316&mId=008001001000000000&dataId=56225
youth,20260414005400212735,해오름동맹 청년로컬링*(Localing),"청년 간 교류와 협력을 증대시켜 지역 공동체 의식 및 소속감을 제고하여, 해오름 동맹의 지속 발전 가능한 기반 조성",참여/기반,울산광역시,울산광역시 기업투자국,0013010 | 0049010,"  ○ 사업기간 : ’26. 3. ~ 7.  ※ ‘27년 포항, ‘28년 경주 순회 개최 예정
  ○ 참여인원 : 50여 명(해오름 지역 청년협의체) 
  ○ 주요내용 : 해오름동맹 지역 발전 방안 모색 및 청년 역량 강화를 위한 상호 교류",만 19세 ~ 만 39세,소득조건코드=0043001 / 소득범위=0~0,,,,,20260301 ~ 20260731 ~ 20260731,main,primary,False,해오름동맹청년로컬링|울산광역시|2026030120260731~20260731,해오름동맹청년로컬링,울산광역시,2026030120260731~20260731,www.ulsan.go.kr/s/ulsanyouth/bbs/view.do?bbsid=bbs_0000000000000316&mid=008001001000000000&dataid=56224,https://www.ulsan.go.kr/s/ulsanyouth/bbs/view.do?bbsId=BBS_0000000000000316&mId=008001001000000000&dataId=56224
youth,20260414005400212734,지역사회 공감확산 사업,다양한 분야에 도전하고 어려움을 극복해가는 청년의 모습을 캠페인으로 제작·송출하여 청년을 응원하는 희망 메세지 전달,참여/기반,한국언론진흥재단,울산광역시 기업투자국,0013010 | 0049010,"  ○ 사 업 명 : 청년미래 응원시리즈 캠페인
  ○ 사업기간 : ‘26. 5. ~ 11. 
  ○ 주요내용 : 청년공감 및 희망메시지 전달 캠페인 제작(2편)
  ○ 제작규격 : TV 송출 영상(50~60초), 라디오 송출(20~30초)
  ○ 추진방법 : 한국언론진흥재단 광고 의뢰 ",만 19세 ~ 만 39세,소득조건코드=0043001 / 소득범위=0~0,,,,,20260501 ~ 20261130 ~ 20261130,main,primary,False,지역사회공감확산사업|한국언론진흥재단|2026050120261130~20261130,지역사회공감확산사업,한국언론진흥재단,2026050120261130~20261130,www.ulsan.go.kr/s/ulsanyouth/bbs/view.do?bbsid=bbs_0000000000000316&mid=008001001000000000&dataid=56223,https://www.ulsan.go.kr/s/ulsanyouth/bbs/view.do?bbsId=BBS_0000000000000316&mId=008001001000000000&dataId=56223
youth,20260414005400212733,청년반상회 운영,청년과의 활발한 소통을 바탕으로 다변화하는 청년 의제와 지역 현안에 관한 의견 및 아이디어 제안의 청년 네트워크 활성화 기반 마련,참여/기반,제주특별자치도 기획조정실 청년정책담당관,제주특별자치도경제통상진흥원 경영본부 청년센터,0013010 | 0049010,"청년들이 있는 현장에 찾아가 청년들이 얘기하고 싶은 주제와 아이디어 제안을 받고, 청년들의 네트워킹 기반 마련",만 0세 ~ 만 0세,소득조건코드=0043001 / 소득범위=0~0,,,,수요조사서 제출,,main,primary,False,청년반상회운영|제주특별자치도기획조정실청년정책담당관|,청년반상회운영,제주특별자치도기획조정실청년정책담당관,,form.naver.com/edit/_pi4qasahrbpo5qjt_t_qg,https://form.naver.com/edit/_PI4QaSaHRbpO5qjT_T_Qg
youth,20260414005400212732,공공기관 통합채용 실시,"ㅇ 사업목적: 도내 공공기관 채용과정의 공정성·투명성 확보 및 도민 신뢰 제고
ㅇ 대상기관: 통합채용 공동실시 협약*기관 (17개 공공기관)
* <「공정한 채용문화 확산을 위한 업무협약」 체결 기관>
· (지방공기업) 제주개발공사, 제주관광공사, 제주에너지공사
· (출자‧출연기관) 제주국제컨벤션센터, 제주연구원, 제주4.3평화재단, 제주평생교육장학진흥원, 제주문화예술재단, 제주콘텐츠진흥원, 제주여성가족연구원, 제주의료원, 서귀포의료원, 제주한의약연구원, 제주경제통상진흥원, 제주신용보증재단, 제주테크노파크, 제주사회서비스원

ㅇ 채용대상: 정원이 확보된 정규직 직원(신입, 경력)
ㅇ 응시자격: 도내 일자리 창출 차원에서 제주특별자치도에 주소를 둔 사람으로 제한 (단, 도내에서 인력 수급이 어려운 전문 분야는 예외)
ㅇ 채용일정: (1회) 3월~6월 / (2회) 6월~9월/ (3회) 9월~12월  
ㅇ 전형단계: (1단계)필기시험 ⇨ (2단계)서류전형 ⇨ (3단계)면접시험",인력/일자리,제주특별자치도 특별자치행정국 총무과,제주특별자치도경제통상진흥원 경영본부 청년센터,0013010 | 0049009,ㅇ 도내 공공기관 채용과정의 공정성·투명성 확보로 도내 공공기관 취업 희망자들에게 공정한 채용기회 보장,만 18세 ~ 만 60세,소득조건코드=0043001 / 소득범위=0~0,,ㅇ 회차별 공공기관 통합채용에 참여 기관 및 선발인원이 다르므로 입사희망 공공기관의 채용인원 등이 있는지 3월(1회) 6월(2회) 9월(3회)경 통합채용 공고 확인 필요,,"ㅇ 제주특별자치도 누리집(홈페이지) 등에서 공공기관 직원 통합채용 공고 시 공고문 확인 후 원서접수시스템에 접속 후 신청(지원)

※ 제주도청 공고문(1차): https://www.jeju.go.kr/works/exam/exam3/list.htm?act=view&seq=2009510",20260320 ~ 20260330,main,primary,False,공공기관통합채용실시|제주특별자치도특별자치행정국총무과|2026032020260330~,공공기관통합채용실시,제주특별자치도특별자치행정국총무과,2026032020260330~,jeju.career.co.kr,https://jeju.career.co.kr/
youth,20260414005400212731,지역혁신중심 대학지원체계(RISE) 사업,"- (인재육성) 현장 맞춤형 핵심인재 양성 및 지역정주 해외인재 유치·양성
 - (교육·연구) 글로벌 K-교육·연구 런케이션 플랫폼 조성, 전략산업 생태계 육성 및 미래혁신역량 강화
 - (창업) 인재-교육·연구-창업연계 지원 대학 거점 육성
 - (평생교육) 국민 평생교육대학 및 지역산업 특화 직업평생교육 활성화
 - (지역사회) 사회혁신 및 미래변화 대응 경쟁력 강화, 의료·늘봄 혁신",교육/멘토링,제주테크노파크,제주특별자치도경제통상진흥원 경영본부 청년센터,0013010 | 0049010,사업별 프로그램 진행,만 0세 ~ 만 0세,소득조건코드=0043001 / 소득범위=0~0,,"※ 신청 및 사업기간은 사업별 상이, 공고문 확인 필수",,※ 공고문 확인 필수,20260301 ~ 20261231,main,primary,False,지역혁신중심대학지원체계사업|제주테크노파크|2026030120261231~,지역혁신중심대학지원체계사업,제주테크노파크,2026030120261231~,www.jejutp.or.kr,https://www.jejutp.or.kr/
youth,20260414005400212730,울산청년주간 운영,"청년의 날을(매년 9월 셋째 주 토) 기념하여 청년정책·네트워킹 확산, 시민공감대 형성을 위한 행사 개최",참여/기반,울산광역시,울산광역시 기업투자국,0013010 | 0049010," 
  ○ 행 사 명 : 2026 울산청년주간
  ○ 지원근거 :「울산광역시 청년 기본 조례」제24조(청년의 날)
  ○ 기간/장소 : `26. 9월 중 / 미정
  ○ 참여인원 : 3,000여 명(울산 청년 누구나)
  ○ 주요행사 : 기념식, 문화·참여 프로그램, 부스 운영 등
  ○ 주최/주관 : 울산광역시",만 19세 ~ 만 39세,소득조건코드=0043001 / 소득범위=0~0,,,,,20260901 ~ 20260930 ~ 20260930,main,primary,False,울산청년주간운영|울산광역시|2026090120260930~20260930,울산청년주간운영,울산광역시,2026090120260930~20260930,www.ulsan.go.kr/s/ulsanyouth/bbs/view.do?bbsid=bbs_0000000000000316&mid=008001001000000000&dataid=56222,https://www.ulsan.go.kr/s/ulsanyouth/bbs/view.do?bbsId=BBS_0000000000000316&mId=008001001000000000&dataId=56222
youth,20260414005400212729,서귀포시 스타트업베이 운영,"○(목적) 서귀포시 우수 스타트업 발굴 및 육성으로 일자리 창출 도모
○(대상) 서귀포시 관내 예비 및 초기창업자
○(주요내용) 기업 입주공간 제공, 스타트업 성장단계별 엑셀러레이팅 등 지원",인력/일자리,제주특별자치도 서귀포시 농수축산경제국 경제일자리과,제주특별자치도경제통상진흥원 경영본부 청년센터,0013006 | 0049010,"○ 독립형 또는 공동형(4인1실) 사무공간 무상지원
○ 코워킹 공간, 회의실 제공
○ 사업단계별 프로그램 및 맞춤 멘토링 지원
○ 사업화 성장 프로그램",만 19세 ~ 만 39세,소득조건코드=0043001 / 소득범위=0~0,,"○ 매년 12월 경 익년도 입주기업을 선발하며, 기존 입주기업 연장평가 후 잔여 공간에 대해 신규모집 진행함.
○ 입주일 기준 2개월 이내 서귀포시 지역 또는 서귀포시 스타트업베이로 주소지 이전 필수",,서귀포시 스타트업베이 홈페이지 게시물 내 ‘신청하기’를 통해 신청서 작성 및 제출,20261201 ~ 20261231 ~ 20261231,main,primary,False,서귀포시스타트업베이운영|제주특별자치도서귀포시농수축산경제국경제일자리과|2026120120261231~20261231,서귀포시스타트업베이운영,제주특별자치도서귀포시농수축산경제국경제일자리과,2026120120261231~20261231,startupbay.or.kr,https://startupbay.or.kr/
youth,20260414005400212728,울산청년정책네트워크 운영,"청년 참여기구로써 정치·경제·사회·문화 등 전 분야 걸친 청년문제 발굴·조사, 청년정책 연구·제안, 정책협의, 청년네트워크 간 교류 활동 지원",참여/기반,울산광역시,울산광역시 기업투자국,0013010 | 0049010,"  ○ 운영근거 :「울산광역시 청년 기본 조례」제12조 ※ 출범(2017. 8. 25.)
  ○ 임    기 :  2026. 1. 1. ~ 2027. 12. 31. (2년)  ※ 2회 연임가능
  ○ 구성인원 : 50명
  ○ 주요역할 : 청년정책 제안 및 정책협의, 청년문제 발굴·조사 등
  ○ 운영방법 : 울청넷 내부 운영팀 및 연구팀으로 구성 운영 ",만 19세 ~ 만 39세,소득조건코드=0043001 / 소득범위=0~0,,,,,,main,primary,False,울산청년정책네트워크운영|울산광역시|,울산청년정책네트워크운영,울산광역시,,www.ulsan.go.kr/s/ulsanyouth/bbs/view.do?bbsid=bbs_0000000000000316&mid=008001001000000000&dataid=56221,https://www.ulsan.go.kr/s/ulsanyouth/bbs/view.do?bbsId=BBS_0000000000000316&mId=008001001000000000&dataId=56221
youth,20260413005400212727,시 위원회 청년위원 참여비율 향상,청년의 시정참여 기회 보장 및 정책 결정과정에 청년의 의사를 반영하여 청년 맞춤형 정책개발에 기여,참여/기반,울산광역시,울산광역시 기업투자국,0013010 | 0049010,"  ○ 기    간 : ‘26. 1. ~ 12.
  ○ 사업대상 : 시 소관 위원회 203개(3,231명 : 당연직 637 위촉직2,594)
  ○ 주요내용 : 시위원회 청년위원 위촉률 확대
   - 임기만료 위원회 및 신규 구성 위원회 대상 청년위원 참여 독려
   - 각종 정책토론회, 포럼, 공청회 등 청년위원 참여 지원
   - 각종 청년정책 추진 시 당사자 의견수렴을 위한 청년참여 지원",만 19세 ~ 만 39세,소득조건코드=0043001 / 소득범위=0~0,,,,,20260101 ~ 20261231 ~ 20261231,main,primary,False,시위원회청년위원참여비율향상|울산광역시|2026010120261231~20261231,시위원회청년위원참여비율향상,울산광역시,2026010120261231~20261231,www.ulsan.go.kr/s/ulsanyouth/bbs/view.do?bbsid=bbs_0000000000000316&mid=008001001000000000&dataid=56219,https://www.ulsan.go.kr/s/ulsanyouth/bbs/view.do?bbsId=BBS_0000000000000316&mId=008001001000000000&dataId=56219
youth,20260413005400212726,울산광역시 청년정책조정위원회 운영,"당사자의 청년청책 참여 거버넌스로 청년층의 정책적, 사회적 소외감 해소 및 사회활동 참여 유도",참여/기반,울산광역시,울산광역시 기업투자국,0013010 | 0049010,"  ○ 인    원 : 30명(당연직 6명, 위촉직 24명)  ※ 위촉직 위원 청년비율 23명(96%)
  ○ 구    성 : 위원장 1명(시장), 부위원장 2명, 위원 27명
    - (당연직) 청년정책 소관 국장급 이상 공무원 6명
    - (위촉직) 전문위원 3명, 청년위원 21명
  ○ 임    기 : 2년(1회 연임 가능) 
  ○ 주요역할 : 청년정책 시행계획 심의 및 청년정책 사업 조정·협력",만 19세 ~ 만 39세,소득조건코드=0043001 / 소득범위=0~0,,,,,20260101 ~ 20260731 ~ 20260731,main,primary,False,울산광역시청년정책조정위원회운영|울산광역시|2026010120260731~20260731,울산광역시청년정책조정위원회운영,울산광역시,2026010120260731~20260731,www.ulsan.go.kr/s/ulsanyouth/bbs/view.do?bbsid=bbs_0000000000000316&mid=008001001000000000&dataid=56217,https://www.ulsan.go.kr/s/ulsanyouth/bbs/view.do?bbsId=BBS_0000000000000316&mId=008001001000000000&dataId=56217
youth,20260413005400212725,청년창업 스케일업 지원사업,"ㅇ (목적) 청년창업 생태계 활성화 환경 조성
ㅇ (대상) 도내 청년 창업기업
ㅇ (주요내용) 청년 창업기업의 도약과 성장을 위한 투자 역량 강화 프로그램 운영
ㅇ (전달체계) 공기관대행사업(제주테크노파크)",인력/일자리,(재)제주테크노파크,제주특별자치도경제통상진흥원 경영본부 청년센터,0013010 | 0049010,"ㅇ (지원대상) 제주지역 내 사업장을 소지한 창업 7년 이내 청년기업 
ㅇ (지원내용)
 - 창업(중소)기업 투자유치 역량강화를 위한 종합지원(사업모델 고도화, 경영‧기술 컨설팅, 멘토링, 마케팅, IR교육 등)
 - 기업 성장 단계 및 투자 준비도에 따라 단계별 맞춤 지원 제공
 - 창업기업 중 IR을 통한 상위 2개사를 선발하여 VC 연계투자(시트투자) 진행
ㅇ (지원규모) 기업당 13,500천원 내외, 12개사 내외 / 2개사 이상 투자, 투자금액 3억원 이상",만 0세 ~ 만 0세,소득조건코드=0043001 / 소득범위=0~0,,,,"ㅇ 신청 접수(‘23.2~3월 중)
 - 제주산업정보서비스(JEIS) 홈페이지 온라인 접수

ㅇ 문의처 : 064-710-3902(소상공인과), 064-720-2300(제주테크노파크)",20260301 ~ 20260430 ~ 20261231,main,primary,False,청년창업스케일업지원사업|제주테크노파크|2026030120260430~20261231,청년창업스케일업지원사업,제주테크노파크,2026030120260430~20261231,www.jeis.or.kr,https://www.jeis.or.kr/
youth,20260413005400212724,청년도전지원사업,"청년도전지원사업은 구직단념 청년들을 대상으로 맞춤형 프로그램을 제공하여 청년의 구직의욕 고취, 노동시장 참여 및 취업촉진을 지원하는 정책으로 사회활동 참여 의욕을 높이고, 이수 시 취업·국민취업지원제도·미래내일일경험· 직업훈련 등과 연계한다.
참여자 대상은 만 18~34세 청년이며, 지역특화로 35~39세 까지 가능하다.
사업신청일 이전 6개월 이상 취업· 교육· 직업훈련 참여 이력이 없는 구직단념 청년, 자립준비청년, 청소년복지시설 입·퇴소 청년, 북한이탈청년,, 가습기살균제피해 청년, 지역특화청년 등이 참여 가능하다.",인력/일자리,사회적협동조합 제주내일,제주특별자치도경제통상진흥원 경영본부 청년센터,"0013003,0013005 | 0049010","단기(최소 5주 이상), 중기(최소 15주 이상), 장기(25주 이상)과정의 프로그램 참여가 가능하며, 각 단계별 밀착상담, 자신감회복, 사례관리, 진로탐색, 취업역량강화, 지역맞춤 프로그램 등 맞춤형 프로그램을 제공한다.
프로그램 참여자에 대해 최소 3개월 이상 사후 서비스가 제공 된다. 
각 유형 이수조건을 충족할 경우 각 50만원, 150만원, 250만원의 참여 수당과 중기·장기의 경우 20만원의 이수 인센티브가 지원되며, 이수 후 6개월 이내 취업·창업 후 3개월 근속이 확인된 경우 50만원의 취업인센티브가 추가로 지원된다.
장기의 경우 이수 후 취업 관련 활동시 30만원을 지원한다. ",만 18세 ~ 만 39세,소득조건코드=0043001 / 소득범위=0~0,,"구체적인 개인별 참여자격은 상담을 통해 정확히 확인 가능하며, 참여 제한 사항에 해당하는 경우 참여가 불가할 수 있다. 또한 유사사업과의 중복참여인 경우 참여 불가하다.",,"1. 고용24 신청 
- 워크넷 회원가입 및 구직신청 후 취업지원 탭에서 청년도전지원사업을 선택
- 개인정보와 계좌번호를 입력 후 신청

2. 기관 참여신청 링크 신청
- 온라인 참여신청 링크를 이용
- 유선·방문 상담을 통해 가능하다. 

고용24: https://www.work24.go.kr/cm/main.do
홈페이지: http://jejutomorrow.net/gnuboard4/bbs/board.php?bo_table=sub0401&wr_id=77
신청세부사항(블로그):https://blog.naver.com/jejuworkchallenge23/224148568313",20260101 ~ 20260930 ~ 20261231,main,primary,False,청년도전지원사업|사회적협동조합제주내일|2026010120260930~20261231,청년도전지원사업,사회적협동조합제주내일,2026010120260930~20261231,blog.naver.com/jejuworkchallenge23/224148568313,https://blog.naver.com/jejuworkchallenge23/224148568313
youth,20260413005400212723,청년성장프로젝트,"청년의 구직활동 지원 및 쉬었음 전환 예방을 위해 고용노동부, 자치단체가 함께 미취업 청년 등에게 청년 친화적 인프라(청년카페) 및 맞춤형 프로그램 제공",인력/일자리,제주특별자치도 기획조정실 청년정책담당관,제주특별자치도경제통상진흥원 경영본부 청년센터,0013003 | 0049010,"제주도 내 미취업 청년들에게 쉬었음 예방 및 진로탐색을 위하여 경력(재)설계, 집단심리상담, 일상지원, 실무교육, 네트워킹을 지원해주는 고용노동부 정책",만 15세 ~ 만 39세,소득조건코드=0043001 / 소득범위=0~0,,,,"제주패스파인더 홈페이지 접속 후 신청(www.jejupathfinder.org)
제주패스파인더 인스타그램 접속 후 프로필링크 클릭하여 신청(instagram.com/jejupathfinder)

참여자 고용24 정보 등록 ▶ 프로그램 참여 및 이수 ▶ 청년정책 연계 및 사후관리

인프라 제공 : 청년의 일상 및 구직의욕 유지를 위한 청년 친화적 시설 등(청년카페)
프로그램 제공 : 초기상담 후 일상유지, 구직활동에 필요한 프로그램 제공
 ·일상지원 및 심리회복: 집단심리상담, 신체건강 프로그램, 지역특색 활용 일상회복 프로그램 등
 ·진로탐색 및 역량개발: 취업교육, 예비창업교육, 직무역량강화 특강, 경력(재)설계, 고용정책 안내 등
 ·네트워킹 프로그램: 기업 연계 프로젝트, 직무 체험 프로그램, 청년/지역 진로 네트워크 등
 ·지역특화 프로그램: 지역기업 일경험/탐방 프로그램, 제주 자연 체험 프로그램
후속 지원 : 정부·지자체의 청년고용정책 안내 및 연계 지원
",20260101 ~ 20261231,main,primary,False,청년성장프로젝트|제주특별자치도기획조정실청년정책담당관|20260101~20261231,청년성장프로젝트,제주특별자치도기획조정실청년정책담당관,20260101~20261231,www.jejupathfinder.org,https://www.jejupathfinder.org/
youth,20260413005400212721,청년 취업 설계 프로그램 운영,"○(대상) 서귀포시 관내 미취업 청년(19세~39세)
○(목적) 청년 구인, 구직난 해소 및 청년 고용 활성화 도모
○(주요내용) 서귀포시 청년층 자기소개서 및 면접 컨설팅, 프로그램 제공 등",인력/일자리,제주특별자치도 서귀포시 농수축산경제국 경제일자리과,제주특별자치도경제통상진흥원 경영본부 청년센터,0013003 | 0049010,"○ 사업내용
 - 전문 상담원을 통한 구인·구직 매칭 및 취업 관련 상시 상담
 - 청년 취업 지원 컨설팅: 이력서 및 자기소개서 컨설팅 및 모의면접 실전스킬, 스피치 기법 등
 - 청년 취업 특강: 디지털 기술 활용 등 미래형 인재 양성을 위한 특강 등",만 19세 ~ 만 39세,소득조건코드=0043001 / 소득범위=0~0,,,,"(사)서귀포YWCA로 신청접수
 - 전화문의 및 방문접수",20260101 ~ 20261231,main,primary,False,청년취업설계프로그램운영|제주특별자치도서귀포시농수축산경제국경제일자리과|20260101~20261231,청년취업설계프로그램운영,제주특별자치도서귀포시농수축산경제국경제일자리과,20260101~20261231,www.sgpoywca.or.kr/sub.asp?maincode=514&sub_sequence=520&sub_sub_sequence=&mskin=&exec=view&strboardid=kui_520&intpage=1&intcategory=0&strsearchcategory=|s_name|s_subject|&strsearchword=&intseq=7019,http://www.sgpoywca.or.kr/sub.asp?maincode=514&sub_sequence=520&sub_sub_sequence=&mskin=&exec=view&strBoardID=kui_520&intPage=1&intCategory=0&strSearchCategory=|s_name|s_subject|&strSearchWord=&intSeq=7019
youth,20260413005400212720,청년 공공일자리사업,청년층 일자리 창출로 직무경험 제공 및 역량 발전 도모,인력/일자리,제주특별자치도 제주시 경제일자리국 일자리에너지과,제주특별자치도경제통상진흥원 경영본부 청년센터,0013010 | 0049010,"❍ 사업내용: 청년층 대상 공공부문 일자리 창출 및 직무경험 등 제공
            (DB구축, 전산관리, 실태조사 등 자격 활용형 행정 지원 등)
❍ 근로시간 및 임금: 주 15시간 ~ 40시간 근무(사업에 따라 상이), 생활임금(시간당 12,110원) 적용
❍ 선정방법
  - (자격요건) 제주시 거주 청년(19~39세) 
  - (우선순위) 저소득층(기준중위소득 60%이하), 장기실업 및 구직활동 중인 청년 
",만 19세 ~ 만 39세,소득조건코드=0043003 / 소득범위=0~0 / 취업취약계층(저소득층: 기준중위소득 60% 이하),,문의처 : 채용 공고문 내 사업부서 연락처,,"신청 기간 : (상반기)매년 1월 초, (하반기) 6월초 / 신청 기간은 모집 계획 수립에 따라 매년 상이함

제주시청 홈페이지-채용공고에서 모집 공고 확인 후 신청기간 내 접수처 방문 접수 원칙",,main,primary,False,청년공공일자리사업|제주특별자치도제주시경제일자리국일자리에너지과|,청년공공일자리사업,제주특별자치도제주시경제일자리국일자리에너지과,,www.jejusi.go.kr/information/intro/recruit.do,https://www.jejusi.go.kr/information/intro/recruit.do
youth,20260413005400212718,서귀포시 취업준비 청년 자격증 등 응시료 지원사업,취업준비 청년들의 자격증 등 응시료 지원을 통해 서귀포시 청년 취업역량 강화 도모 및 경쟁력 제고,인력/일자리,제주특별자치도 서귀포시 자치행정국 기획예산과,제주특별자치도경제통상진흥원 경영본부 청년센터,0013003 | 0049010,"- 대상: 신청일 기준 서귀포시 주민등록을 둔 미취업 청년
- 주요내용: 자격증 등 응시료 실비 지원
- 전달체계: 지원사업 공고 → 신청 접수 및 실비 지원(매월)",만 19세 ~ 만 39세,소득조건코드=0043001 / 소득범위=0~0,,,,서귀포시청 홈페이지 → 배너 → 응시료 지원사업 신청 접수,20260209 ~ 20261231 ~ 20261231,main,primary,False,서귀포시취업준비청년자격증등응시료지원사업|제주특별자치도서귀포시자치행정국기획예산과|2026020920261231~20261231,서귀포시취업준비청년자격증등응시료지원사업,제주특별자치도서귀포시자치행정국기획예산과,2026020920261231~20261231,seogwipo.go.kr/group/selfgoverning/planning/application/intro.htm,https://seogwipo.go.kr/group/selfgoverning/planning/application/intro.htm
youth,20260413005400212717,구직자 취업도약 플러스 프로그램 운영,"전문직업상담사가 구직자 개인 수준에 맞는 직업상담, 면접지원 등1:1 맞춤형 취업알선 서비스를 제공",인력/일자리,제주특별자치도 경제활력국 고용센터,제주특별자치도경제통상진흥원 경영본부 청년센터,0013003 | 0049010,"구직자 맞춤형 취업상담 지원, 진로코칭 및 취업컨설팅, 찾아가는 일자리 상담센터 운영 등",만 0세 ~ 만 0세,소득조건코드=0043001 / 소득범위=0~0,,,,씨패스 전화 접수,20260303 ~ 20261231,main,primary,False,구직자취업도약플러스프로그램운영|제주특별자치도경제활력국고용센터|20260303~20261231,구직자취업도약플러스프로그램운영,제주특별자치도경제활력국고용센터,20260303~20261231,jejuyouthdream.com/policy/detail/8,https://jejuyouthdream.com/policy/detail/8
youth,20260413005400212716,서귀포시 대학생·청년 아르바이트,대학생 및 청년에게 동·하계 방학 동안 시정참여를 통한 진로탐색 기회 및 학비마련의 기회를 제공,인력/일자리,제주특별자치도 서귀포시 자치행정국 기획예산과,제주특별자치도경제통상진흥원 경영본부 청년센터,"0013003 | 0049004,0049005","- 대상: 공고일 현재 본인 또는 부모가 서귀포시에 주민동록이 되어있는 재(휴)학 대학생 또는 청년
- 대상인원: 212명(동계 106명, 하계 106명)
- 주요내용: 배치부서 업무 특성에 따른 행정업무 지원
- 전달체계: 직접사업",만 19세 ~ 만 39세,소득조건코드=0043001 / 소득범위=0~0,,- 공고일 현재 본인 또는 부모가 서귀포시에 주민동록이 되어있는 재(휴)학 대학생 또는 청년,,인터넷 접수(서귀포시 홈페이지 → 시민참여 → 아르바이트 모집),20260601 ~ 20260601,main,primary,False,서귀포시대학생청년아르바이트|제주특별자치도서귀포시자치행정국기획예산과|2026060120260601~,서귀포시대학생청년아르바이트,제주특별자치도서귀포시자치행정국기획예산과,2026060120260601~,www.seogwipo.go.kr/group/selfgoverning/planning/job/summary.htm,https://www.seogwipo.go.kr/group/selfgoverning/planning/job/summary.htm
youth,20260413005400212715,산모·신생아 재가돌봄 서비스 지원,산모·신생아 건강관리 본인부담금 지원으로 출산·산후 회복에 소요되는 출산가정의 경제적 부담을 완화하고 아이낳기 좋은 도시 울산 구현,복지/문화,울산광역시,울산광역시 기업투자국,0013010 | 0049010,"  ○ 사업기간 : ‘26. 1. ~ 12.  ※ 2026. 1. 1. 출생아부터 적용
  ○ 지원대상 : 산모·신생아 건강관리 지원 사업 바우처 이용 산모
  ○ 지원방법 : 현금 지급(계좌 입금)
  ○ 지원내용 : 산모·신생아 건강관리 바우처 이용 시 발생하는 본인부담금 일부 지원 
    ※ 본인부담금의 10% 제외 후 첫째아 20만원, 둘째아 30만원, 셋째아 40만원 이내 지원
  ○ 지원기준 : 울산광역시 출생신고 및 출생일 1개월 전부터 부 또는 모가 시에 주민등록을 두고 거주
  ○ 수행기관 : 구·군 보건소",만 0세 ~ 만 0세,소득조건코드=0043001 / 소득범위=0~0,,,,,20260101 ~ 20261231 ~ 20261231,main,primary,False,산모신생아재가돌봄서비스지원|울산광역시|2026010120261231~20261231,산모신생아재가돌봄서비스지원,울산광역시,2026010120261231~20261231,www.ulsan.go.kr/s/ulsanyouth/bbs/view.do?bbsid=bbs_0000000000000316&mid=008001001000000000&dataid=56215,https://www.ulsan.go.kr/s/ulsanyouth/bbs/view.do?bbsId=BBS_0000000000000316&mId=008001001000000000&dataId=56215
youth,20260413005400212714,울산형 초등 틈새돌봄,"돌봄 수요와 시설 확충 간 시차 존재, 동시설 설치에 따른 부담 심화 등에 따른 돌봄 공백을 기존 돌봄시설의 역할 강화, 공유시설의 돌봄시설 역할 부여, 이웃돌봄 장려로 해소하기 위함",복지/문화,울산광역시,울산광역시 기업투자국,0013010 | 0049010,"  ○ 사업대상 : 틈새돌봄이 필요한 초등학생 및 부모
  ○ 사업내용
    - 야간‧토요 돌봄 : 기존 지역아동센터 5개소를 지정하여 야간 및 토요일 일시적인 돌봄서비스 제공
    - 늘곁애(愛) 돌봄 : 마을도서관, 아파트 커뮤니티 공간 등 공공시설에 돌봄인력을 파견하여 탄력적인 돌봄을 제공 
    - 이웃애(愛) 돌봄 : 이웃이 돌봄의 주체로서 함께하는 육아품앗이로 공적 돌봄 틈새 보완 및 돌봄 공동체 문화 확산 
  ○ 수행기관 : 지역아동센터울산광역시지원단 / 울산광역시육아종합지원센터",만 0세 ~ 만 0세,소득조건코드=0043001 / 소득범위=0~0,,,,,,main,primary,False,울산형초등틈새돌봄|울산광역시|,울산형초등틈새돌봄,울산광역시,,www.ulsan.go.kr/s/ulsanyouth/bbs/view.do?bbsid=bbs_0000000000000316&mid=008001001000000000&dataid=56214,https://www.ulsan.go.kr/s/ulsanyouth/bbs/view.do?bbsId=BBS_0000000000000316&mId=008001001000000000&dataId=56214
youth,20260413005400212713,울산시립아이돌봄센터 운영,갑작스런 돌봄공백 발생 시 부모들이 안심하고 맡길 수 있는 안전한 시설에 대한 수요에 적극 부응하기 위함,복지/문화,울산광역시,울산광역시 기업투자국,0013010 | 0049010," ○ 사업대상 : 긴급돌봄이 필요한 0~12세(를 돌보는 부모)
  ○ 사업내용 : 365일 24시간 긴급돌봄 제공
    - 일 최대 4시간, 월 최대 48시간
  ○ 정    원 : 50명 
  ○ 신청방법 : 시설 홈페이지 신청(최소 2시간 전)
  ○ 수행기관 : 울산광역시 복지가족진흥사회서비스원",만 0세 ~ 만 0세,소득조건코드=0043001 / 소득범위=0~0,,,,,,main,primary,False,울산시립아이돌봄센터운영|울산광역시|,울산시립아이돌봄센터운영,울산광역시,,www.ulsan.go.kr/s/ulsanyouth/bbs/view.do?bbsid=bbs_0000000000000316&mid=008001001000000000&dataid=56210,https://www.ulsan.go.kr/s/ulsanyouth/bbs/view.do?bbsId=BBS_0000000000000316&mId=008001001000000000&dataId=56210
youth,20260413005400212711,울산형 공공예식장 지원사업,예비부부에게 합리적이고 부담 없는 결혼 기회 제공 및 지역 맞춤형 결혼 지원 정책으로 청년 정주여건 개선,복지/문화,울산광역시,울산광역시 기업투자국,0013010 | 0049010,"  ○ 사업기간 : ‘26. 3. ~ 11.
  ○ 지원대상 : 울산에 주민등록을 둔 예비부부(둘 중 한명만 등록시에도 가능)
  ○ 지원금액 : 예비부부 1쌍당 5백만원
  ○ 지원인원 : 20쌍
  ○ 지원방법 : 공개모집(울산시 직접 접수), 시 홈페이지 신청(네이버폼 활용)
  ○ 지원내용 
    - 공공예식장 대관 : 태화강국가정원(2개소), 울산대공원(3개소), 대왕암공원(1개소), 공공시설(박물관 강당, 가족문화센터 공공예식장, 지관서가 세미나홀)
    - 웨딩패키지(장소꾸밈·예복·메이크업 등) 비용 일부지원
  ○ 수행기관 : 울산광역시 / 입찰 용역 예정 ",만 0세 ~ 만 0세,소득조건코드=0043001 / 소득범위=0~0,,,,,20260301 ~ 20261130 ~ 20261130,main,primary,False,울산형공공예식장지원사업|울산광역시|2026030120261130~20261130,울산형공공예식장지원사업,울산광역시,2026030120261130~20261130,www.ulsan.go.kr/s/ulsanyouth/bbs/view.do?bbsid=bbs_0000000000000316&mid=008001001000000000&dataid=56209,https://www.ulsan.go.kr/s/ulsanyouth/bbs/view.do?bbsId=BBS_0000000000000316&mId=008001001000000000&dataId=56209
youth,20260413005400212710,미혼 직장남녀 만남 프로그램 운영,저출생 및 인구 문제 대응 방안을 지역사회에 협력·확산하기 위한 울산 직장인 미혼남녀 만남의 날 추진,복지/문화,울산광역시,울산광역시 기업투자국,0013010 | 0049010,"  ○ 사업기간 : ‘26. 하반기(초가을 경)
  ○ 지원대상 : 울산시에 주민등록을 두거나, 관내 기업에 재직중인 청년
       ※ (‘25년) 25~39세  (‘26년) 세부계획 수립시, 연령대 확대 가능
  ○ 지원인원 : 남녀 80명 정도 
  ○ 지원방법 : 공개모집(울산시 직접 접수), 시 홈페이지 신청(네이버폼 활용)
  ○ 지원내용 : 바쁜 직장생활로 이성을 만날 기회를 만들지 못한 미혼남녀에게 만남과 이야기 장을 제공
     - 연애코칭, 커플매칭 프로그램, 선상데이트 등
  ○ 수행기관 : 울산광역시 / 입찰 용역 예정 ",만 0세 ~ 만 0세,소득조건코드=0043001 / 소득범위=0~0,,"○ 지원대상 : 울산시에 주민등록을 두거나, 관내 기업에 재직중인 청년

       ※ (‘25년) 25~39세  (‘26년) 세부계획 수립시, 연령대 확대 가능",,,,main,primary,False,미혼직장남녀만남프로그램운영|울산광역시|,미혼직장남녀만남프로그램운영,울산광역시,,www.ulsan.go.kr/s/ulsanyouth/bbs/view.do?bbsid=bbs_0000000000000316&mid=008001001000000000&dataid=56208,https://www.ulsan.go.kr/s/ulsanyouth/bbs/view.do?bbsId=BBS_0000000000000316&mId=008001001000000000&dataId=56208
youth,20260413005400212709,청년크루 페스티벌,청년층에 의해 기획·운영되는 문화 향유 행사로 청년들이 즐길수 있는 꿀잼도시 울산 조성에 기여,복지/문화,울산광역시,울산광역시 기업투자국,0013010 | 0049010,"
  ○ 기간/장소 : ’26. 9월 중 / 태화강체육공원, 중구 문화의거리 일원
      ※ 매년 9월 세 번째 토요일 : 청년의 날(법정기념일)
  ○ 참여인원 : 3,000여명(청년크루 50개팀, 울산시민 등)
  ○ 사 업 비 : 280백만원
  ○ 주요내용 : 개막식, 축하공연, 버스킹·플리마켓 테마존 운영 등",만 19세 ~ 만 39세,소득조건코드=0043001 / 소득범위=0~0,,,,,20260901 ~ 20260930,main,primary,False,청년크루페스티벌|울산광역시|2026090120260930~,청년크루페스티벌,울산광역시,2026090120260930~,www.ulsan.go.kr/s/ulsanyouth/bbs/view.do?bbsid=bbs_0000000000000316&mid=008001001000000000&dataid=56207,https://www.ulsan.go.kr/s/ulsanyouth/bbs/view.do?bbsId=BBS_0000000000000316&mId=008001001000000000&dataId=56207
youth,20260413005400212708,울산 비보이 페스티벌,"젊은이들이 향유하는 힙합문화의 한 장르인 비보잉이 배틀 형식으로
  진행되는 축제로 청년문화의 발전에 기여",복지/문화,울산광역시,울산광역시 기업투자국,0013010 | 0049010,"  ○ 사업기간 : ‘26. 7. ~ 10.
  ○ 참여대상 : 전국(지역) 내 비보이 및 댄서 등
  ○ 사 업 비 : 120백만원(시120)
  ○ 행사내용 : 비보이배틀경연대회, 축하공연, 그래피티 포토존 등
  ○ 주최/주관 : ㈜경상일보",만 0세 ~ 만 0세,소득조건코드=0043001 / 소득범위=0~0,,,,,20260701 ~ 20261031 ~ 20261031,main,primary,False,울산비보이페스티벌|울산광역시|2026070120261031~20261031,울산비보이페스티벌,울산광역시,2026070120261031~20261031,www.ulsan.go.kr/s/ulsanyouth/bbs/view.do?bbsid=bbs_0000000000000316&mid=008001001000000000&dataid=56206,https://www.ulsan.go.kr/s/ulsanyouth/bbs/view.do?bbsId=BBS_0000000000000316&mId=008001001000000000&dataId=56206
youth,20260413005400212707,울산 청년예술 지원사업,관내 청년예술인의 창작발표 활동 지원을 통한 안정적 예술현장 정착 도모,복지/문화,재단법인울산문화관광재단,울산광역시 기업투자국,0013010 | 0049010," ○ 사업기간 : ‘26. 1. ~ 12. 
  ○ 지원대상 : 만 19세 이상 39세 이하 관내 청년예술인
  ○ 지원내용 : 창작발표 활동 직접경비 지원

생애처음 지원 - 관내 청년예술인의 공공분야 예술제도 진입 지원 및 창작, 발표 활동 기회 제공
지원예산 - 52백만원
창작발표 지원 - 관내 단기 경력 보유 청년예술인의 창작활동 지원
지원예산 - 80백만원

○ 수행기관 : 울산문화관광재단",만 19세 ~ 만 39세,소득조건코드=0043001 / 소득범위=0~0,,,,,20260101 ~ 20261231 ~ 20261231,main,primary,False,울산청년예술지원사업|재단법인울산문화관광재단|2026010120261231~20261231,울산청년예술지원사업,재단법인울산문화관광재단,2026010120261231~20261231,www.ulsan.go.kr/s/ulsanyouth/bbs/view.do?bbsid=bbs_0000000000000316&mid=008001001000000000&dataid=56205,https://www.ulsan.go.kr/s/ulsanyouth/bbs/view.do?bbsId=BBS_0000000000000316&mId=008001001000000000&dataId=56205
youth,20260413005400212706,구·군 통합 협의체 하이-청년 운영,중앙-시 청년정책을 기초 청년지원센터로의 전달 채널과 협력 네트워킹을 위한 가교로서 상시 협력 체계 마련 필요,참여/기반,울산광역시,울산광역시 기업투자국,0013010 | 0049010,"  ○ 사업기간 : ‘26. 1. ~ 12.
  ○ 추진방향 : 목적 기반 협의체 운영으로 광역-기초센터 상생 협력
    - (정기 간담회) 청년정책 현안 논의 및 협력 사업 발굴
    - (합동사업 추진) 구·군의 관광 인프라 등을 활용한 합동 사업 진행 
    - (종사자 역량 강화) 번아웃 방지 등을 위한 교류 및 역량 강화 교육 진행
  ○ 주요내용 
    - 6개 기초청년센터를 중심으로 울산시·구·군 청년정책 담당자들과 정기적인 소통 채널을 구축하여, 정보 공유 및 청년정책 개발에 대한 협력 강화
      (정기 간담회, 연계사업 추진, 종사자 역량 강화 교육, 교류 네트워킹 등)

남구 - 청년일자리카페
북구 - 청년공간 와
중구 - 청년디딤터
동구 - 청년센터, 청년스테이지 ON
울주군 - 청년지기

    - 구성인원 : 20명 정도(시·구·군 청년정책팀장 및 담당자, 청년센터장 등)
  ○ 수행기관 : 울산청년지원센터",만 0세 ~ 만 0세,소득조건코드=0043001 / 소득범위=0~0,,,,,20260101 ~ 20261231,main,primary,False,구군통합협의체하이청년운영|울산광역시|20260101~20261231,구군통합협의체하이청년운영,울산광역시,20260101~20261231,www.ulsan.go.kr/s/ulsanyouth/bbs/view.do?bbsid=bbs_0000000000000316&mid=008001001000000000&dataid=56232,https://www.ulsan.go.kr/s/ulsanyouth/bbs/view.do?bbsId=BBS_0000000000000316&mId=008001001000000000&dataId=56232
youth,20260413005400212705,청년이 만드는 치안정책 플랫폼 ‘자치경찰 서포터즈,"청년들이 주도적으로 자치경찰 정책들을 홍보하고, 다각적인 시각에서 치안 아이디어를 발굴할 수 있는 플랫폼(Platform)을 운영하고자 함",참여/기반,울산광역시,울산광역시 기업투자국,0013010 | 0049005,"  ○ 사업기간 : ‘25. 8. ~ ‘26. 6.(10개월)
  ○ 사 업 비 : 5백만원  ※ 디자인 제작 플랫폼 유료 이용권, 행사운영비
  ○ 구    성 : 관내 대학에 재학 중인 청년 16명(19~39세)
  ○ 역    할 : 정책홍보, 영상 제작, 정책 아이디어 발굴, 캠페인 활동
  ○ 운영방식 : 팀 회의(月 2회) 및 콘텐츠 제작 발표회(月 1회) 정기 운영
    - 팀 회의 : 콘텐츠 주제 선정, 팀원 간 역할분배, 홍보계획 사전검토
    - 콘텐츠 제작 발표회 : 월간 콘텐츠 제작물 발표 및 온·오프라인 게시",만 19세 ~ 만 39세,소득조건코드=0043001 / 소득범위=0~0,,,,,20250801 ~ 20260630 ~ 20260630,main,primary,False,청년이만드는치안정책플랫폼자치경찰서포터즈|울산광역시|2025080120260630~20260630,청년이만드는치안정책플랫폼자치경찰서포터즈,울산광역시,2025080120260630~20260630,www.ulsan.go.kr/s/ulsanyouth/bbs/view.do?bbsid=bbs_0000000000000316&mid=008001001000000000&dataid=56233,https://www.ulsan.go.kr/s/ulsanyouth/bbs/view.do?bbsId=BBS_0000000000000316&mId=008001001000000000&dataId=56233
youth,20260413005400212704,청년성장지원사업,민간 청년단체 발굴·지원으로 청년 커뮤니티 활성화 등 자발적 진로탐색 도모 및 청년의 지역 정착 기반 마련,참여/기반,울산광역시,울산광역시 기업투자국,0013010 | 0049010,"  ○ 사업기간 : ’26. 1. ~ 12.
  ○ 대    상 : 울산에서 거주하거나 활동 중인 3인 이상 청년단체
  ○ 사업규모 : 8개팀
  ○ 주요내용 : 청년단체 발굴 및 활동비(300만원), 교류, 활동 홍보 지원
  ○ 수행기관 : 울산청년지원센터",만 19세 ~ 만 39세,소득조건코드=0043001 / 소득범위=0~0,,,,,20260101 ~ 20261231 ~ 20261231,main,primary,False,청년성장지원사업|울산광역시|2026010120261231~20261231,청년성장지원사업,울산광역시,2026010120261231~20261231,www.ulsan.go.kr/s/ulsanyouth/bbs/view.do?bbsid=bbs_0000000000000316&mid=008001001000000000&dataid=56234,https://www.ulsan.go.kr/s/ulsanyouth/bbs/view.do?bbsId=BBS_0000000000000316&mId=008001001000000000&dataId=56234
youth,20260413005400212703,청년활동경험지원사업,민간 청년단체 발굴·지원으로 청년 커뮤니티 활성화 등 자발적 진로탐색 도모 및 청년의 지역 정착 기반 마련,참여/기반,울산광역시,울산광역시 기업투자국,0013010 | 0049010,"  ○ 사업기간 : ’26. 1. ~ 12.
  ○ 대    상 : 울산에서 거주하거나 활동 중인 3인 이상 청년단체
  ○ 사업규모 : 8개팀
  ○ 주요내용 : 청년단체 발굴 및 활동비(300만원), 교류, 활동 홍보 지원
  ○ 수행기관 : 울산청년지원센터",만 19세 ~ 만 39세,소득조건코드=0043001 / 소득범위=0~0,,,,,20260101 ~ 20261231 ~ 20261231,main,primary,False,청년활동경험지원사업|울산광역시|2026010120261231~20261231,청년활동경험지원사업,울산광역시,2026010120261231~20261231,www.ulsan.go.kr/s/ulsanyouth/bbs/view.do?bbsid=bbs_0000000000000316&mid=008001001000000000&dataid=56235,https://www.ulsan.go.kr/s/ulsanyouth/bbs/view.do?bbsId=BBS_0000000000000316&mId=008001001000000000&dataId=56235
youth,20260413005400212702,대학생 봉사활동 활성화,청년들을 대상으로 자원봉사활동을 지원하여 이타심과 공동체성을 배양하고 더불어 사는 지역사회 조성에 기여,참여/기반,사단법인울산광역시자원봉사센터,울산광역시 기업투자국,0013010 | 0049005,"  ○ 사업기간 : `26. 1. ~ 12.
  ○ 지원대상 : 대학생봉사단(`26년 21기 봉사단)
  ○ 지원방법 : 시 자원봉사센터 ‘대학생 봉사활동 활성화’ 사업비 지원
  ○ 수행기관 : (사)울산광역시자원봉사센터",만 19세 ~ 만 39세,소득조건코드=0043001 / 소득범위=0~0,,,,,20260101 ~ 20261231 ~ 20261231,main,primary,False,대학생봉사활동활성화|사단법인울산광역시자원봉사센터|2026010120261231~20261231,대학생봉사활동활성화,사단법인울산광역시자원봉사센터,2026010120261231~20261231,www.ulsan.go.kr/s/ulsanyouth/bbs/view.do?bbsid=bbs_0000000000000316&mid=008001001000000000&dataid=56236,https://www.ulsan.go.kr/s/ulsanyouth/bbs/view.do?bbsId=BBS_0000000000000316&mId=008001001000000000&dataId=56236
youth,20260413005400212701,청년마음건강센터 운영,정신건강 상담 또는 사례관리를 통한 청년 정신질환 조기 발견‧개입으로 청년 초발정신질환자의 조기개입 및 회복지원,복지/문화,울산광역시,울산광역시 기업투자국,0013010 | 0049010,"  ○ 사업기간 : ’26. 1. ~ 12.
  ○ 지원대상 : 정신건강서비스 제공이 필요하거나 초발 정신질환
고위험군 또는 진단을 받은 관내 19세~34세 청년
  ○ 지원인원 : 일반상담 840건, 회원등록 40명, 서비스 제공 1,120건
  ○ 지원방법 : 청년마음건강센터 신규유입 ⇒ 등록 및 정신건강 서비스 제공  
  ○ 지원내용 : 정신건강 상담 및 프로그램, 정신건강교육, 치료비 지원 
  ○ 수행기관 : 울산광역정신건강복지센터(부설 청년마인드링크)",만 19세 ~ 만 34세,소득조건코드=0043001 / 소득범위=0~0,,,,,20260101 ~ 20261231 ~ 20261231,main,primary,True,청년마음건강센터운영|울산광역시|2026010120261231~20261231,청년마음건강센터운영,울산광역시,2026010120261231~20261231,www.ulsan.go.kr/s/ulsanyouth/bbs/view.do?bbsid=bbs_0000000000000316&mid=008001001000000000&dataid=56185,https://www.ulsan.go.kr/s/ulsanyouth/bbs/view.do?bbsId=BBS_0000000000000316&mId=008001001000000000&dataId=56185
youth,20260413005400212699,고립·은둔청년 지원사업,일상회복 및 사회 재진입을 위해 도움이 필요한 청년들이 건강한 사회구성원이 되도록 지원,복지/문화,울산광역시,울산광역시 기업투자국,0013010 | 0049010,"  ○ 지원대상 : 인적지지 체계가 없거나 부족한 고립·은둔청년(19~39세)
  ○ 지원내용 : 조기 발굴체계 마련, 초기상담·일상회복 등 맞춤형서비스 제공
  ○ 수행기관 : 울산광역시 청년미래센터",만 19세 ~ 만 39세,소득조건코드=0043001 / 소득범위=0~0,,,,,,main,primary,False,고립은둔청년지원사업|울산광역시|,고립은둔청년지원사업,울산광역시,,www.ulsan.go.kr/s/ulsanyouth/bbs/view.do?bbsid=bbs_0000000000000316&mid=008001001000000000&dataid=56184,https://www.ulsan.go.kr/s/ulsanyouth/bbs/view.do?bbsId=BBS_0000000000000316&mId=008001001000000000&dataId=56184
youth,20260413005400212698,청년사회서비스사업단 운영,청년이 주체가 되어 지역사회서비스를 개발·제공함으로써 청년의 사회활동 참여기회를 보장하고 지역주민 삶의 질 향상,복지/문화,울산광역시,울산광역시 기업투자국,0013010 | 0049010,"  ○ 사업기간 : ‘26. 1. ~ 12.
  ○ 사업내용 : 청년사업단이 청년(19-~39세) 채용해 사회서비스 제공
    - 일상돌봄 서비스 사업, 초등돌봄, 청년 신체건강증진 등
  ○ 수행기관 : 공모중(’26. 2월 중 선정)",만 19세 ~ 만 39세,소득조건코드=0043001 / 소득범위=0~0,,,,,20260101 ~ 20261231 ~ 20261231,main,primary,False,청년사회서비스사업단운영|울산광역시|2026010120261231~20261231,청년사회서비스사업단운영,울산광역시,2026010120261231~20261231,www.ulsan.go.kr/s/ulsanyouth/bbs/view.do?bbsid=bbs_0000000000000316&mid=008001001000000000&dataid=56183,https://www.ulsan.go.kr/s/ulsanyouth/bbs/view.do?bbsId=BBS_0000000000000316&mId=008001001000000000&dataId=56183
youth,20260413005400212697,대학생 천원의 아침밥 사업,아침 식사 결식률이 높은 대학생을 대상으로 아침밥 먹는 문화 확산 및 쌀소비 촉진,복지/문화,울산광역시,울산광역시 기업투자국,0013010 | 0049005,"  ○ 사업기간 : ‘26. 3. ~ 12.
  ○ 지원대상 : 사업 참여를 희망하는 관내 소재 대학
  ○ 지원금액 : 1천원(아침 학식 1끼)
  ○ 사 업 량 : 아침밥 135,050식
  ○ 지원방법 : 지원대상 학교에 대한 시비 보조금 교부
  ○ 지원내용 : 농‧축‧수산물 구입비, 조리인력‧운영보조 인건비 등
  ○ 수행기관 : 관내 소재 사업참여 대학교 ",만 0세 ~ 만 0세,소득조건코드=0043001 / 소득범위=0~0,,,,,20260301 ~ 20261231 ~ 20261231,main,primary,False,대학생천원의아침밥사업|울산광역시|2026030120261231~20261231,대학생천원의아침밥사업,울산광역시,2026030120261231~20261231,www.ulsan.go.kr/s/ulsanyouth/bbs/view.do?bbsid=bbs_0000000000000316&mid=008001001000000000&dataid=56182,https://www.ulsan.go.kr/s/ulsanyouth/bbs/view.do?bbsId=BBS_0000000000000316&mId=008001001000000000&dataId=56182
youth,20260413005400212696,슬기로운 청년 경제교육,"청년들이 경제적으로 자립할 수 있는 기반 마련 및 올바른 소비 습관 형성
재무 목표를 설정하고 실전하는 습관을 통해 장기적인 경제 독립 실현",복지/문화,울산연구원,울산광역시 기업투자국,0013010 | 0049010,"  ○ 사업기간 : ‘26. 3. ~ 11.
  ○ 지원대상 : 울산 지역 내 청년(자립준비 청년, 취업소외 청년 등)
  ○ 주요내용
    - 최신 경제 이슈 및 트렌드를 반영한 경제관념 확대
    - 현재 재무 상태에서 바로 적용 가능한 실질적인 재무 설계 역량 강화
    - 보호시설 퇴소 후 소득 및 신용관리 등을 위한 생활금융교육
    - 취업소외 청년층의 경제 이해도 제고 및 직업탐색을 통한 자립 지원 등
  ○ 모집방법
    - 울산연구원 홈페이지 공지 및 신청서 접수를 통한 수요기관 모집
    - 전화, 이메일, 온라인 신청 접수
  ○ 교육방법 : 강의 및 참여형 교육 수업
  ○ 교육시간 : 1회 1~2시간
  ○ 수행기관 : 울산연구원(울산지역경제교육센터)",만 19세 ~ 만 39세,소득조건코드=0043001 / 소득범위=0~0,,,,,20260301 ~ 20261130 ~ 20261130,main,primary,True,슬기로운청년경제교육|울산연구원|2026030120261130~20261130,슬기로운청년경제교육,울산연구원,2026030120261130~20261130,www.ulsan.go.kr/s/ulsanyouth/bbs/view.do?bbsid=bbs_0000000000000316&mid=008001001000000000&dataid=56181,https://www.ulsan.go.kr/s/ulsanyouth/bbs/view.do?bbsId=BBS_0000000000000316&mId=008001001000000000&dataId=56181
youth,20260413005400212695,청년내일저축계좌 지원사업,일하는 저소득 근로청년의 자산형성지원으로 탈수급 지원 및 빈곤의대물림 예방,복지/문화,울산광역시,울산광역시 기업투자국,0013010 | 0049010,"○ 근거법률 : 국민기초생활보장법 제18조의 8
  ○ 지원대상 
    - (차상위이하) 생계‧주거‧교육급여 수급가구 및 차상위가구 청년(만 15~39세)
    - (차상위초과) 개인(월50만원 초과~250만원 이하), 가구(중위소득 100% 이하)소득 및 재산기준 충족 청년(만 19~34세)
  ○ 지원내용 
    - (차상위이하) 본인 저축액(월 10만원) + 정부매칭(1:3, 월 30만원) 적립
    - (차상위초과) 본인 저축액(월 10만원) + 정부매칭(1:1, 월 10만원) 적립
    - 가입 청년 대상 금융교육, 재무상담 등 역량강화 서비스 제공
  ○ 가입기간 : 3년간 적립 후 공제액‧적립금 전액 지급  
  ○ 지원조건 : 지속적인 근로, 자립역량교육 이수 및 자금사용계획서 제출",만 0세 ~ 만 0세,소득조건코드=0043001 / 소득범위=0~0,,,,,,main,primary,False,청년내일저축계좌지원사업|울산광역시|,청년내일저축계좌지원사업,울산광역시,,www.ulsan.go.kr/s/ulsanyouth/bbs/view.do?bbsid=bbs_0000000000000316&mid=008001001000000000&dataid=56158,https://www.ulsan.go.kr/s/ulsanyouth/bbs/view.do?bbsId=BBS_0000000000000316&mId=008001001000000000&dataId=56158
youth,20260413005400212694,전세보증금 반환보증 보증료 지원,최근 전세사기 피해에 취약한 저소득 청년들의 피해 예방을 위해 보증보험 가입 유도를 위한 청년 임차인 납부 반환보증 보증료 지원,주거,국토교통부,울산광역시 기업투자국,0013010 | 0049010,"○ 사업기간 : ’23. 8. ~ 계속
  ○ 지원대상 : 임차보증금 3억원 이하 전세보증금반환보증에 가입한 무주택 청년(19세~39세)·청년 외(추가)·신혼부부 임차인
  ○ 지원조건 : 연소득 (청년) 5천만원 이하, (청년 외) 6천만원 이하, (신혼부부) 7.5천만원 이하
  ○ 지원금액 : 반환보증보증료 가입비(40만원 이내 실비)
  ○ 지원인원 : 신청 및 선정 대상 전원
  ○ 지원방법 : 현금 지급
  ○ 주관기관 : 국토교통부",만 0세 ~ 만 0세,소득조건코드=0043001 / 소득범위=0~0,,,,,,main,primary,True,전세보증금반환보증보증료지원|국토교통부|,전세보증금반환보증보증료지원,국토교통부,,www.ulsan.go.kr/s/ulsanyouth/bbs/view.do?bbsid=bbs_0000000000000316&mid=008001001000000000&dataid=56109,https://www.ulsan.go.kr/s/ulsanyouth/bbs/view.do?bbsId=BBS_0000000000000316&mId=008001001000000000&dataId=56109
youth,20260413005400212693,울산 청년 웰스테이 지원,청년 근로자의 안정적인 거주환경 조성을 통한 중소기업 고용안정 및 주거비 지원을 통해 청년 인구 유입과 중소기업 성장기반 마련,주거,재단법인울산경제일자리진흥원,울산광역시 기업투자국,0013001 | 0049010," 
  ○ 사업기간 : 2026. 1.~12.(1년간)
  ○ 사업대상 : 관내 중소기업(기숙사 제공기업/‘24. 12. 31.이전 설립)
  ○ 주요내용 : 사업주 명의로 임차한 기숙사의 임차료(월세) 80% 지원
  ○ 지원규모 : 중소기업 30개사(기업별 2명 이내, 1인당 30만원/월)
1인당 지원 금액 : 월 30만원 이내
지원인원 : 최대 2인
지원기간 : 9개월
지원한도 : 기업당 540만원
  ※ ΄20년 산단공 울산지부 유사사업 수행시 국가산단 내 900개사 중 13개사 48명 수혜
 ○ 지원조건 : 관내 중소기업 재직 중인 청년 근로자*(만 39세 이하)
     * 근로계약 기간의 정함이 없는 정규직, 주민등록 이전 완료자 대상
 ○ 사 업 비 : 200백만원(시비 / 고향사랑기금*)  * 세정담당관 고향사랑기부금 지정사업
 ○ 수행기관 : 울산경제일자리진흥원",만 19세 ~ 만 39세,소득조건코드=0043001 / 소득범위=0~0,,,,,20260101 ~ 20261231,main,primary,False,울산청년웰스테이지원|재단법인울산경제일자리진흥원|20260101~20261231,울산청년웰스테이지원,재단법인울산경제일자리진흥원,20260101~20261231,www.ulsan.go.kr/s/ulsanyouth/bbs/view.do?bbsid=bbs_0000000000000316&mid=008001001000000000&dataid=56103,https://www.ulsan.go.kr/s/ulsanyouth/bbs/view.do?bbsId=BBS_0000000000000316&mId=008001001000000000&dataId=56103
youth,20260413005400212692,청년행정도우미,만 19세~49세 이하 예천군에 주소를 둔 미취업 청년에게 공공기관에서 업무할 기회를 제공,인력/일자리,경상북도 예천군,경상북도 예천군,0013003 | 0049010,"○ 대 상 : 만 19세~49세 이하 예천군에 주소를 둔 미취업 청년
- 업무를 수행함에 있어 신체적, 정신적으로 건강한 자
- 예천군 기간제 및 단시간근로자 관리규정 제12조(결격사유)에 해당되지 아니한 자
※ 본 사업에 연속 4회 이상 참여한 자 참여배제
○ 근무내용 : 배치부서 특성에 맞는 행정 및 현장업무 지원 등(민원안내, 사무보조 등 역할 수행)
○ 신청기간 : 매년 1월중(상황에 따라 달라질 수 있음)
○ 접 수 처 : 주소지 읍면 행정복지센터",만 19세 ~ 만 49세,소득조건코드=0043001 / 소득범위=0~0,,"청년이끌림>경북청년정책>""청년행정도우미"" 검색",,,20260202 ~ 20261130,main,primary,False,청년행정도우미|경상북도예천군|20260202~20261130,청년행정도우미,경상북도예천군,20260202~20261130,gbyouth.go.kr/policy/list.tc?mn=2379&pageno=5069,https://gbyouth.go.kr/policy/list.tc?mn=2379&pageNo=5069
youth,20260413005400212690,2026년 광산구 청년도전지원사업,"구직단념, 자립준비 청년 등을 발굴하여 구직의욕 고취 및 자신감 강화를 위한 맞춤형 프로그램을 제공하고, 원활한 사회활동 및 노동시장 참여를 지원",참여/기반,광주시청,광주시청,0013010 | 0049010,"○ 도전프로그램(단기) : 5주, 40시간, 참여수당 50만원 지급

○ 도전+ 프로그램(중장기)
-(공통사항) 이수 인센티브 20만원 / 이수 후 6개월 내 취업 후 3개월 근무 시 50만원 추가 지급
- 중기(15주, 120시간) / 참여수당 150만원 지급(50만원*3개월)
- 장기(25주, 200시간) / 참여수당 250만원 지급(50만원*5개월) / 취업관련 활동 시 인센티브 30만원",만 18세 ~ 만 39세,소득조건코드=0043001 / 소득범위=0~0,,,청년도전지원사업 통장사본(필수),"- (온라인) 고용24→취업지원→청년도전지원사업→신청기간 선택 시 광주-광산구-청년도전지원센터 선택
- (방문접수) 광산구 청년도전지원센터 방문(광산구 하남대로 135, 4층)",20260101 ~ 20261231,main,primary,False,2026년광산구청년도전지원사업|광주시청|20260101~20261231,2026년광산구청년도전지원사업,광주시청,20260101~20261231,www.work24.go.kr,https://www.work24.go.kr/
youth,20260413005400212689,2026 시제품 제작 프로그램(예비창업자 지원 과정) 모집,○ 조선대학교 CSU창작마을센터(메이커 스페이스) 전문 장비·기술 활용 시제품 제작 지원 프로그램 운영,인력/일자리,광주시청,광주시청,0013010 | 0049010,"○ 시제품 제작 지원
· 센터 내 전문 장비(3D프린터, CNC가공 등) 이용 시제품 제작

○ 제작비 지원
· 시제품 제작·재료비 합산 최대 400만원 지원

○ 역량강화 지원
· 1:1 멘토링 및 창업 실무 교육 프로그램",만 1세 ~ 만 99세,소득조건코드=0043001 / 소득범위=0~0,,,"○ 프로그램 참가 신청서 1부
○ 개인정보 수집·활용 동의서 1부
○ 사업계획서(자유양식) 1부","○ CSU창작마을센터 홈페이지 공지에 첨부된 필수 제출서류를 담당자 이메일로 제출
· 제출처: csumaker@chosun.ac.kr",20260408 ~ 20260424 ~ 20261023,main,primary,False,2026시제품제작프로그램모집|광주시청|2026040820260424~20261023,2026시제품제작프로그램모집,광주시청,2026040820260424~20261023,csumaker.chosun.ac.kr/web/board/637/detailview.do?pageindex=1&menu=2193,https://csumaker.chosun.ac.kr/web/Board/637/detailView.do?pageIndex=1&menu=2193
youth,20260410005400212687,청년울산대장정 U-Road,국내·외 청년을 대상으로 울산의 관광자원 답사 및 체험 콘텐츠 제공하여 관광도시 울산을 홍보,복지/문화,울산광역시,울산광역시 기업투자국,0013010 | 0049010,"  ○ 사업기간 : ’26. 6월 중 7박 8일
  ○ 선발대상 : 국내·외 청년 100여 명
  ○ 선발방식 : 서류심사 및 신체검사
  ○ 행사내용 : 울산 관내 관광지 및 체험시설 등 행군 탐방
  ○ 총사업비 : 319백만원(시290, 자부담 29)
  ○ 주최/주관 : 울산문화방송(주)",만 19세 ~ 만 39세,소득조건코드=0043001 / 소득범위=0~0,,,,,20260601 ~ 20260630,main,primary,False,청년울산대장정uroad|울산광역시|2026060120260630~,청년울산대장정uroad,울산광역시,2026060120260630~,www.usmbc.co.kr,https://www.usmbc.co.kr/
youth,20260410005400212685,울산 세계명문대학 조정 페스티벌,"울산 세계명문대학 조정 페스티벌을 개최하여 국내‧외 명문대학 간 스포츠 교류를 촉진하고, 글로벌 스포츠 선진 도시로 도약",복지/문화,울산광역시,울산광역시 기업투자국,0013010 | 0049005,"  ○ 사업기간 : ‘26. 8. 예정
  ○ 지원대상 : 국‧내외 세계명문대학 참여학생
      *국외(캠브리지·옥스포드, 예일·하버드·MIT, 뮌헨·함부르크, 싱가포르, 동경대, 북경대) / 국내 2(울산대, UNIST)
  ○ 지원금액 : 1,500백만원 
  ○ 지원인원 : 8개국 15개팀 180명
  ○ 지원방법 : 울산 세계명문대학 조정 페스티벌 개최 보조금 지원
  ○ 지원내용 : 조정대회, 멘토링, 지역탐방 등 지원
  ○ 수행기관 : (주최)ubc울산방송 / (주관)조정페스티벌운영위원회 등",만 0세 ~ 만 0세,소득조건코드=0043001 / 소득범위=0~0,,,,,20260201 ~ 20260831 ~ 20260831,main,primary,False,울산세계명문대학조정페스티벌|울산광역시|2026020120260831~20260831,울산세계명문대학조정페스티벌,울산광역시,2026020120260831~20260831,www.ubc.co.kr/wp,https://www.ubc.co.kr/wp/
youth,20260410005400212684,대학스포츠 최강전,대학 체육대회 개최 및 참가를 지원하여 대학체육 저변확대 및 생활체육활동의 연속성이 떨어지는 대학생들에게 생활체육 방향 제시,복지/문화,울산광역시,울산광역시 기업투자국,0013010 | 0049005,"  ○ 사업기간 : ‘26. 1. ~ 12.
  ○ 지원대상 : 19~20세 청년(‘06~’07년생) 6,171명 
  ○ 지원내용 : 온라인을 통한 공연 및 전시 티켓 예매 시 사용 가능한
                문화예술패스(포인트) 연간 20만원(국 15, 시 5) 지원
  ○ 지원인원 : 6,171명
  ○ 수행기관 : 한국문화예술위원회 위탁 ※ 국가직접지원사업
   ※ 전국 시․ 도↔ 한국문화예술위원회 간 업무협약 체결",만 0세 ~ 만 0세,소득조건코드=0043001 / 소득범위=0~0,,,,,20260401 ~ 20260731 ~ 20260731,main,primary,False,대학스포츠최강전|울산광역시|2026040120260731~20260731,대학스포츠최강전,울산광역시,2026040120260731~20260731,www.ussc.or.kr,http://www.ussc.or.kr/
youth,20260410005400212683,청년문화예술패스,문화소비 욕구가 높은 청년을 대상으로 문화예술관람료 지원을 통한 문화예술활동 계기 마련 및 문화소비 활성화 도모,복지/문화,한국문화예술위원회,울산광역시 기업투자국,0013010 | 0049010,"  ○ 사업기간 : ‘26. 1. ~ 12.
  ○ 지원대상 : 19~20세 청년(‘06~’07년생) 6,171명 
  ○ 지원내용 : 온라인을 통한 공연 및 전시 티켓 예매 시 사용 가능한
                문화예술패스(포인트) 연간 20만원(국 15, 시 5) 지원
  ○ 지원인원 : 6,171명
  ○ 수행기관 : 한국문화예술위원회 위탁 ※ 국가직접지원사업
   ※ 전국 시․ 도↔ 한국문화예술위원회 간 업무협약 체결",만 19세 ~ 만 20세,소득조건코드=0043001 / 소득범위=0~0,,,,,20260101 ~ 20261231 ~ 20261231,main,primary,False,청년문화예술패스|한국문화예술위원회|2026010120261231~20261231,청년문화예술패스,한국문화예술위원회,2026010120261231~20261231,www.arko.or.kr,https://www.arko.or.kr/
youth,20260410005400212682,울산 K팝 사관학교 설치ㆍ운영,"‘즐거운 문화도시 울산 만들기’를 위해 추진하는 공약 사업으로, 케이팝을 활용한 문화경쟁력 강화와 청소년ㆍ청년을 위한 정주여건 개선",복지/문화,울산광역시,울산광역시 기업투자국,0013010 | 0049010,"  ○ 울산 케이팝 페스티벌 도입(1단계) : ’23. ~ 
    - 케이팝 문화 확산 및 연습생 발굴을 위한 경연대회 개최(연 1회)
    - 사 업 비 : 1,200백만원(연 300백만원)
  ○ 케이팝 사관학교 설치(2단계) : ‘24. ~ ’28.
    - 위치/규모 : 구) 중부소방서 부지 내 / 약 2,500㎡(4개층 정도)
    - 사 업 비 : (조성비)3,000백만원, (운영비)연 1,800백만원  ※ 건축비 별도
    - 주요시설 : 연습실, 강의실, 녹음 스튜디오, 공연장, 휴게시설 등
    - 운영내용 : 케이팝 통합 교육, 청소년 대상 특강, 오디션 등",만 0세 ~ 만 0세,소득조건코드=0043001 / 소득범위=0~0,,,,,20230101 ~ 20281231 ~ 20281231,main,primary,False,울산k팝사관학교설치ㆍ운영|울산광역시|2023010120281231~20281231,울산k팝사관학교설치ㆍ운영,울산광역시,2023010120281231~20281231,www.ulsan.go.kr/s/ulsanyouth/bbs/view.do?bbsid=bbs_0000000000000316&mid=008001001000000000&dataid=56195,https://www.ulsan.go.kr/s/ulsanyouth/bbs/view.do?bbsId=BBS_0000000000000316&mId=008001001000000000&dataId=56195
youth,20260410005400212681,청소년한부모 자립 지원사업,청소년 한부모는 어른 한부모가 겪는 빈곤과 자녀양육·생계 외 학업중단·취업훈련 부족 등 부가적인 어려움으로 자립기반 마련 지원 필요,복지/문화,울산광역시,울산광역시 기업투자국,0013010 | 0049010,"○ 사업기간 : ‘26. 1.~12. 
  ○ 지원대상 : 기준 중위소득 65% 이하인 청소년 한부모 가구
               (모 또는 부의 연령이 만 24세 이하)
  ○ 지원인원 : 37명(아동양육비 33, 자립촉진 2, 검정고시 지원 2)
  ○ 지원방법 : 구·군 사업비로 보조금 교부 
  ○ 지원내용 : 자녀 아동양육비(1인 월 37만원), 자립촉진수당(월 10만원),
                  검정고시학습비(연 154만원이내)
                  ※ 자녀양육비의 경우, 영아(0~1세) 양육시 월 40만원
  ○ 사 업 비 : 61백만원(국 49, 시 11, 군 1)  
  ○ 수행기관 : 5개 구·군",만 0세 ~ 만 0세,소득조건코드=0043001 / 소득범위=0~0,,,,,20260101 ~ 20261231,main,primary,False,청소년한부모자립지원사업|울산광역시|20260101~20261231,청소년한부모자립지원사업,울산광역시,20260101~20261231,www.ulsan.go.kr/s/ulsanyouth/bbs/view.do?bbsid=bbs_0000000000000316&mid=008001001000000000&dataid=56194,https://www.ulsan.go.kr/s/ulsanyouth/bbs/view.do?bbsId=BBS_0000000000000316&mId=008001001000000000&dataId=56194
youth,20260410005400212680,청소년쉼터 퇴소청소년 자립지원수당,원가정의 보호‧지원을 받을 수 없는 쉼터 퇴소 청소년에게 자립지원수당을 지원하여 퇴소 후 사회 안착 지원,복지/문화,울산광역시,울산광역시 기업투자국,0013010 | 0049010,"  ○ 사업기간 : ‘26. 1. ~ 12. 
  ○ 지원대상 : 청소년쉼터 퇴소일(또는 청소년자립지원관 사례종료일)로부터 5년 이내인 자로서 다음 모두에 해당하는 경우
    - 만 18세 이후 퇴소한(사례종료된) 자
      ※ `21. 1월 이후 쉼터 퇴소자, `24. 1월 이후 자립지원관 사례종료자에 한함
    - 퇴소일(사례종료일) 기준, 쉼터 입소기간 또는 청소년자립지원관 사례관리기간을 합산하여 과거 3년 동안 2년 이상 보호받은 자(단, 직전 6개월은 연속하여 보호받았을 것)
      ※ 자립지원관 단일 이용만으로 신청불가(쉼터 보호 기간 필요), 쉼터는 입‧퇴소 기간만 인정
      ※ 보호종료아동 자립수당 수령 이력이 있는 자는 중복지원 불가
  ○ 지원수준 : 1인당 월 50만원, 퇴소‧사례종료 후 5년 이내(최장 60개월)
  ○ 지원절차 : 신청 → 접수 → 지원결정 → 통보‧지급 → 사후관리",만 0세 ~ 만 0세,소득조건코드=0043001 / 소득범위=0~0,,,,,,main,primary,False,청소년쉼터퇴소청소년자립지원수당|울산광역시|,청소년쉼터퇴소청소년자립지원수당,울산광역시,,www.wfps.or.kr/webuser/page/foryouth.html,https://www.wfps.or.kr/webuser/page/foryouth.html
youth,20260410005400212678,보호종료아동 자립수당,보호종료 아동에게 자립수당을 지급하여 보호종료 후 경제적 부담 완화 및 성공적 자립에 기여,복지/문화,울산광역시,울산광역시 기업투자국,0013010 | 0049010,"  ○ 사업기간 : ‘26. 1. ~12.
  ○ 지원대상 : 보호종료아동
    - 아동복지시설*, 가정위탁 보호종료 5년 이내 18세 이후 아동
     * 아동복지시설 : 「아동복지법」제52조상 아동양육시설, 아동일시보호시설, 공동생활가정
    - 보호종료일 기준으로 과거 2년 이상 연속하여 보호받는 자
  ○ 지원내용 : 매월 50만원 지급 ※최대 5년간(60개월)",만 19세 ~ 만 34세,소득조건코드=0043001 / 소득범위=0~0,,,,,20260101 ~ 20261231 ~ 20261231,main,primary,False,보호종료아동자립수당|울산광역시|2026010120261231~20261231,보호종료아동자립수당,울산광역시,2026010120261231~20261231,www.ulsan.go.kr/s/ulsanyouth/bbs/view.do?bbsid=bbs_0000000000000316&mid=008001001000000000&dataid=56189,https://www.ulsan.go.kr/s/ulsanyouth/bbs/view.do?bbsId=BBS_0000000000000316&mId=008001001000000000&dataId=56189
youth,20260410005400212677,청년 생명사랑 서포터즈 운영,청년 참여형 자살예방활동 및 미디어 모니터링 활동을 통해 청년세대 자살예방을 위한 사회적 안전망 구축,복지/문화,울산광역시,울산광역시 기업투자국,0013010 | 0049010,"  ○ 운영기간 : ’26. 2. ~ 11.
  ○ 대    상 : 울산 거주 및 울산 소재 대학교 재(휴)학생 및 청년 
  ○ 운영인원 : 18명(청년생명사랑 홍보 10명, 미디어 모니터링단 8명)
  ○ 주요내용
    - (청년 생명사랑 서포터즈) 자살예방․청년 정신건강 관련 카드뉴스·
      영상홍보 포스터 제작 및 온·오프라인 홍보
    - (미디어 모니터링) 자살유발(유해)정보 미디어 모니터링 및 신고
  ○ 수행기관 : 울산광역자살예방센터",만 19세 ~ 만 39세,소득조건코드=0043001 / 소득범위=0~0,,,,,20260201 ~ 20261130 ~ 20261130,main,primary,False,청년생명사랑서포터즈운영|울산광역시|2026020120261130~20261130,청년생명사랑서포터즈운영,울산광역시,2026020120261130~20261130,www.usspc.or.kr,https://www.usspc.or.kr/
youth,20260410005400212676,청년중독관리사업 추진,지역사회 청년 도박중독예방 및 청년도박중독자의 사회복귀 지원을 위한 중독관리통합지원센터 중심의 예방·재활·연계 통합서비스 제공,복지/문화,울산광역시,울산광역시 기업투자국,0013010 | 0049010,"  ○ 사업기간 : 2026. 1. ~ 12.
  ○ 지원대상 : 관내 15~39세 청년
  ○ 지원인원 : 청년도박중독자 등록관리 30명, 비등록 청년상담 500회, 청(소)년 중독예방교육 10,500명/70회
  ○ 지원방법 : 홍보·교육 ⇒ 발굴·개입 ⇒ 중독자 재활지원 ⇒ 지지
  ○ 지원내용 : 중독선별검사, 비등록 단기개입상담, 예방교육, 캠페인, 홍보등록자 사례관리, 주간재활프로그램 운영, 자문 등
  ○ 주관기관 : 울산중구중독관리통합지원센터",만 0세 ~ 만 0세,소득조건코드=0043001 / 소득범위=0~0,,,,,20260101 ~ 20261231 ~ 20261231,main,primary,False,청년중독관리사업추진|울산광역시|2026010120261231~20261231,청년중독관리사업추진,울산광역시,2026010120261231~20261231,bye-addiction.or.kr/wp_main/index.html,https://bye-addiction.or.kr/wp_main/index.html
youth,20260410005400212675,청년마음건강센터 운영,정신건강 상담 또는 사례관리를 통한 청년 정신질환 조기 발견‧개입으로 청년 초발정신질환자의 조기개입 및 회복지원,복지/문화,울산광역시,울산광역시 기업투자국,0013010 | 0049010," ○ 사업기간 : ’26. 1. ~ 12.
  ○ 지원대상 : 정신건강서비스 제공이 필요하거나 초발 정신질환
고위험군 또는 진단을 받은 관내 19세~34세 청년
  ○ 지원인원 : 일반상담 840건, 회원등록 40명, 서비스 제공 1,120건
  ○ 지원방법 : 청년마음건강센터 신규유입 ⇒ 등록 및 정신건강 서비스 제공  
  ○ 지원내용 : 정신건강 상담 및 프로그램, 정신건강교육, 치료비 지원 
  ○ 수행기관 : 울산광역정신건강복지센터(부설 청년마인드링크)",만 19세 ~ 만 34세,소득조건코드=0043001 / 소득범위=0~0,,,,,20260101 ~ 20261231 ~ 20261231,main,primary,True,청년마음건강센터운영|울산광역시|2026010120261231~20261231,청년마음건강센터운영,울산광역시,2026010120261231~20261231,www.usmind.or.kr,https://www.usmind.or.kr/
youth,20260410005400212671,슬기로운 청년 경제교육,"청년들이 경제적으로 자립할 수 있는 기반 마련 및 올바른 소비 습관 형성
재무 목표를 설정하고 실전하는 습관을 통해 장기적인 경제 독립 실현",복지/문화,울산연구원,울산광역시 기업투자국,0013010 | 0049010," ○ 사업기간 : ‘26. 3. ~ 11.
  ○ 지원대상 : 울산 지역 내 청년(자립준비 청년, 취업소외 청년 등)
  ○ 주요내용
    - 최신 경제 이슈 및 트렌드를 반영한 경제관념 확대
    - 현재 재무 상태에서 바로 적용 가능한 실질적인 재무 설계 역량 강화
    - 보호시설 퇴소 후 소득 및 신용관리 등을 위한 생활금융교육
    - 취업소외 청년층의 경제 이해도 제고 및 직업탐색을 통한 자립 지원 등
  ○ 모집방법
    - 울산연구원 홈페이지 공지 및 신청서 접수를 통한 수요기관 모집
    - 전화, 이메일, 온라인 신청 접수
  ○ 교육방법 : 강의 및 참여형 교육 수업
  ○ 교육시간 : 1회 1~2시간
  ○ 수행기관 : 울산연구원(울산지역경제교육센터)",만 19세 ~ 만 39세,소득조건코드=0043001 / 소득범위=0~0,,,,,20260301 ~ 20261130 ~ 20261130,main,primary,True,슬기로운청년경제교육|울산연구원|2026030120261130~20261130,슬기로운청년경제교육,울산연구원,2026030120261130~20261130,www.uri.re.kr,https://www.uri.re.kr/
youth,20260410005400212669,청년농업인 영농현장 모니터링 시스템 지원 추가모집,"시설하우스, 축사, 창고 등 영농시설에 대한 원격 모니터링을 통해 현장 상황을 신속히 확인하고 대응하여 청년농업인의 안정적인 영농활동 지원",인력/일자리,전북특별자치도 익산시 농업기술센터,전북특별자치도 익산시 청년경제국,0013008 | 0049010,"모니터링 시스템(CCTV, 모니터 등) 지원",만 18세 ~ 만 49세,소득조건코드=0043001 / 소득범위=0~0,,○ 18세~49세 이하(1976.1.1.~2008.12.31.) 독립농업경영체로 등록된 청년농업인,"○ 필수서류
1. 사업신청서, 사업계획서, 보조사업이력서 각 1부
2. 농업경영체등록확인서
3. 사업자등록 사실여부 증명원(국세청 홈택스 발급)
4. 건강보험자격득실확인서(최근 3개월 이내)
5. 사업예정지 등기사항 전부증명서(토지, 건물 등)
6. 사업예정지 건축물대장(건물)
7. 견적서 또는 내역서
8. 기타 사업자 선정을 위해 사업부서에서 추가 요구한 증빙서류 

○ 해당자 한해서 제출
1. 교육확인서(최근 3년, 2023 ~ 2025년)
2. 농업관련 자격증 및 인증서
3. 농업인단체, 연구모임 등 단체활동 확인서
4. 영농일지 사본(1년 이상)
5. 최근 1년간 (2025. 1. ~ 12.) 익산사랑장학재단·나눔곳간 기부확인증, 1365 자원봉사 실적서, 상장
6. 한국농수산대학교 졸업증명서","○ 신청기간 : 2026. 4. 9.(목) ~ 4. 30.(목) / 공휴일 제외

○ 신청장소 : 농업기술센터 농촌지원과",20260409 ~ 20260430 ~ 20261231,main,primary,False,청년농업인영농현장모니터링시스템지원추가모집|전북특별자치도익산시농업기술센터|2026040920260430~20261231,청년농업인영농현장모니터링시스템지원추가모집,전북특별자치도익산시농업기술센터,2026040920260430~20261231,www.iksan.go.kr/farm,https://www.iksan.go.kr/farm
youth,20260410005400212668,전세보증금 반환보증 보증료 지원,최근 전세사기 피해에 취약한 저소득 청년들의 피해 예방을 위해 보증보험 가입 유도를 위한 청년 임차인 납부 반환보증 보증료 지원,주거,국토교통부,울산광역시 기업투자국,0013010 | 0049010,"  ○ 사업기간 : ’23. 8. ~ 계속
  ○ 지원대상 : 임차보증금 3억원 이하 전세보증금반환보증에 가입한 무주택 청년(19세~39세)·청년 외(추가)·신혼부부 임차인
  ○ 지원조건 : 연소득 (청년) 5천만원 이하, (청년 외) 6천만원 이하, (신혼부부) 7.5천만원 이하
  ○ 지원금액 : 반환보증보증료 가입비(40만원 이내 실비)
  ○ 지원인원 : 신청 및 선정 대상 전원
  ○ 지원방법 : 현금 지급
  ○ 주관기관 : 국토교통부",만 0세 ~ 만 0세,소득조건코드=0043001 / 소득범위=0~0,,,,,,main,primary,True,전세보증금반환보증보증료지원|국토교통부|,전세보증금반환보증보증료지원,국토교통부,,www.molit.go.kr/portal.do,https://www.molit.go.kr/portal.do
youth,20260410005400212667,울산 청년 웰스테이 지원,청년 근로자의 안정적인 거주환경 조성을 통한 중소기업 고용안정 및 주거비 지원을 통해 청년 인구 유입과 중소기업 성장기반 마련,주거,울산광역시,울산광역시 기업투자국,0013001 | 0049010,"  ○ 사업기간 : 2026. 1.~12.(1년간)
  ○ 사업대상 : 관내 중소기업(기숙사 제공기업/‘24. 12. 31.이전 설립)
  ○ 주요내용 : 사업주 명의로 임차한 기숙사의 임차료(월세) 80% 지원
  ○ 지원규모 : 중소기업 30개사(기업별 2명 이내, 1인당 30만원/월)
1인당 지원금액 : 월 30만원 이내
지원 인원 : 최대 2인
지원 기간 : 9개월
지원 한도 : 기업당 540만원 (30만원 x 2인 x 9개월)
※ ΄20년 산단공 울산지부 유사사업 수행시 국가산단 내 900개사 중 13개사 48명 수혜
 ○ 지원조건 : 관내 중소기업 재직 중인 청년 근로자*(만 39세 이하)
     * 근로계약 기간의 정함이 없는 정규직, 주민등록 이전 완료자 대상
 ○ 사 업 비 : 200백만원(시비 / 고향사랑기금*)  * 세정담당관 고향사랑기부금 지정사업
 ○ 수행기관 : 울산경제일자리진흥원",만 19세 ~ 만 39세,소득조건코드=0043001 / 소득범위=0~0,,,,,20260101 ~ 20261231 ~ 20261231,main,primary,False,울산청년웰스테이지원|울산광역시|2026010120261231~20261231,울산청년웰스테이지원,울산광역시,2026010120261231~20261231,www.ubpi.or.kr/main,https://www.ubpi.or.kr/main/
youth,20260410005400212666,2026 관광기업지원센터 SNS홍보 서포터즈 모집,"광주관광기업지원센터에서는 센터 홍보 활성화를 위해 온라인 SNS 홍보 서포터즈 「광주 투어비즈 크루」를 모집하오니, 많은 관심과 참여를 바랍니다.",참여/기반,광주시청,광주시청,0013010 | 0049010,"○ 활동내용
· 월 1회 입주기업 상품 체험 및 의견 공유(대면 진행)
· 관광기업지원센터 박람회, 팝업스토어 등 홍보(사업별 상이)
· 입주기업 관광상품 체험 SNS 업로드(월 2회, 비대면)
※ 블로그: 글 500자, 사진 20장 이상 / 인스타그램: 사진 10장 이상 또는 동영상 1분 이내 영상 1개
· 월말 활동 보고서 제출

○ 활동혜택
· 관광기업지원센터 행사·박람회 등 참가자격 부여
· 소정의 활동비 지급(월 150,000원) ※ 월별 활동 결과에 따라 지급 예정
· 위촉장 수여 및 서포터즈 명함 제작
· 서포터즈 스폰서십 물품 및 기념품 제공",만 19세 ~ 만 99세,소득조건코드=0043001 / 소득범위=0~0,,,☞ 자세한 내용은 붙임파일을 확인해주시기 바랍니다.,"○ 이메일 제출
· 이메일: gjtourbiz2@gjto.or.kr
· 이메일 제목: 광주관광기업지원센터 서포터즈 지원 신청(홍길동)
· 파일명: 홍길동_지원서.hwp / 홍길동_동의서.hwp",20260406 ~ 20260415,main,primary,False,2026관광기업지원센터sns홍보서포터즈모집|광주시청|2026040620260415~,2026관광기업지원센터sns홍보서포터즈모집,광주시청,2026040620260415~,www.gjto.or.kr/board.es?mid=a10202010000&bid=0002&act=view&list_no=10006,https://www.gjto.or.kr/board.es?mid=a10202010000&bid=0002&act=view&list_no=10006
youth,20260410005400212665,2026년 기술기반 예비창업가 사업화자금지원 모집,"○ 예비창업자 대상 사업화자금 지원 및 역량강화 프로그램 운영
· 우수 창업자 발굴 및 지역 창업 생태계 활성화 목적",인력/일자리,광주시청,광주시청,0013010 | 0049010,"○ 사업화자금 지원(전문기관(업) 외주용역(가공비) 지원)
· 시제품 제작: 신규 사업 아이템 시제품 제작 지원
· 특허 및 인증지원: 특허·실용신안 출원비, 제품인증·성능인증 수수료 지원 등
· 마케팅 지원: 홍보물(인쇄·영상·홈페이지) 제작, 국내외 전시회·무역상담회 참가 등
· 디자인 지원: 디자인 개발 및 브랜드 개발
· 공간임차비: 창업준비 관련 공간임차 활용비(월 최대 500천원 이내)
· 자유제안: 상기 프로그램 외 지원 필요 사항
※ 인건비, 자산성 물품, 제작·생산·양산비 지원 불가

○ 사전교육 및 역량강화 프로그램 지원
· 기업가정신 이해, 사업계획서 작성 및 예산운용 계획 가이드 등",만 1세 ~ 만 99세,소득조건코드=0043001 / 소득범위=0~0,,"○ 지원분야: 기계·소재, 전기·전자, 정보통신 등 전 기술분야
· 디지털 생체의료, 지능형가전, 광융합, 스마트금형, 모빌리티, 스마트홈, 반도체 첨단 패키징, 산업활용·혁신 AI 등 광주지역 주력산업 분야 등

○ 지원제외 대상
· 국세 또는 지방세 체납 중인 자
· 2026년 「맞춤형예비창업가발굴육성사업」 기술이전 예비창업가 사업화자금지원 중복 지원자
· 2026년도 창업중심대학 (예비)창업기업 및 예비창업패키지 선정자",☞ 자세한 내용은 붙임파일을 확인해주시기 바랍니다.,"○ 방문 또는 우편 접수
○ 신청양식
· (재)광주테크노파크 홈페이지(www.gjtp.or.kr) → [정보마당] → [지원사업공고]
· 주관기관별 홈페이지 공지사항 내 다운로드",20260403 ~ 20260424,main,primary,False,2026년기술기반예비창업가사업화자금지원모집|광주시청|2026040320260424~,2026년기술기반예비창업가사업화자금지원모집,광주시청,2026040320260424~,www.gjtp.or.kr,www.gjtp.or.kr
youth,20260410005400212664,2026년 임신부 가사지원서비스 지원사업 시행,광주광역시에서는 따뜻하고 촘촘한 온종일 돌봄도시 광주를 만들어가고자 ‘맘편한 내☆일 광주아이키움 2.0’ 생애주기별 지원정책을 추진하고 있습니다. 이의 일환으로 임신‧출산 친화환경  조성을 위해 임신부의 가사 어려움을 덜어주고 출산 준비를 돕고자 ‘임신부 가사지원서비스 지원사업’ 시행(2차)을 다음과 같이 안내합니다.,인력/일자리,광주시청,광주시청,0013010 | 0049010,"○ 임신부 거주지 내 가사지원 또는 정리수납 서비스 이용 지원
· 청소, 정리정돈 등 가사지원 또는 정리수납 서비스

○ 지원금액
· 임신부 1인당 200,000원 한도
※ 지원금액 내 자유 이용, 초과비용 본인부담

○ 지원방식
· 가사서비스 선 이용 후 이용금액 청구를 통한 후 지원 방식",만 1세 ~ 만 99세,소득조건코드=0043001 / 소득범위=0~0,,"○ 신청자격
· 임신부 본인(부득이한 경우 가족 대리신청 가능, 가족관계증명서 등 첨부 필요)

○ 서비스 이용 유의사항
· 임신부가 서비스 제공기관‧업체 직접 선택
· 사인 간(가족, 친인척 등) 서비스 제공방식 불가
· 계좌이체 또는 카드결제, 영수증 등 증빙 필요(제공기관 증명 필수)",☞ 자세한 내용은 붙임파일을 확인해주시기 바랍니다.,○ 온라인 시스템(www.광주아이키움.kr),20260414 ~ 20260630 ~ 20260930,main,primary,False,2026년임신부가사지원서비스지원사업시행|광주시청|2026041420260630~20260930,2026년임신부가사지원서비스지원사업시행,광주시청,2026041420260630~20260930,www.xn--hc0by27bu6atul3dc6t.kr/main/contents/prgncyinftiy25,https://www.xn--hc0by27bu6atul3dc6t.kr/main/contents/prgncyInftiy25
youth,20260410005400212663,2026 서울 동아리ON(대학생 동아리 지원),서울시 대학생 동아리를 대상으로 사회 기여 활동을 위한 활동비를 지원하여 동아리 활동 활성화를 통한 사회적 관계 회복과 함께 지역 사회 문제 해결에 기여할 수 있도록 지원하는 사업,참여/기반,서울특별시 미래청년기획관,서울특별시 미래청년기획관,"① 동일·유사사업으로 서울시, 자치구로부터 시비·구비 등을 지원받고 있거나 지원받을 예정인 동아리
② 외부기관에 종속되어 운영되는 등 대학생 자치 동아리라고 인정되기 어려운 동아리 | 0013010 | 0049005","ㅇ 사업대상 : 서울 소재 대학 소속 동아리 최대 150개(기획형 100+참여형 50)

ㅇ 사업내용 : 사회기여활동 참여 동아리 행·재정적 지원
 - (기획형) 동아리 자율 활동, (참여형) 서울시 기획 프로그램에 참여
   ※ 기획형 및 참여형 중복 신청 가능하며, 참여형 프로그램은 복수 신청 가능(2개 이상 권장)

ㅇ 지원규모
   - 기획형 : 동아리 활동 경비 최대 2백만원
   - 참여형 : 수행기관에서 활동에 필요한 소요경비 지급

ㅇ 활동기간 : 2026. 5월 ~ 2026. 11. 15.

ㅇ 활동장소 : 서울시 내

ㅇ 활동내용 : 서울 시정가치와 연계된 사회기여활동",만 0세 ~ 만 0세,소득조건코드=0043001 / 소득범위=0~0,,"ㅇ 제출된 서류는 일체 반환하지 않으며, 제출 내용에 허위사실이 있을 경우 선정이 취소될 수 있음 
ㅇ 컨설팅 결과에 따라 지원금 규모는 변경될 수 있으며, 집행잔액 발생시 컨설팅을 통해 추가 지원 가능","1. 지원 신청서(서식 1)
2. 동아리 활동계획서(기획형: 서식 2, 참여형: 서식 3)
3. 대학생 동아리 활동 지원사업 참여 서약서(서식 4)","ㅇ 신청자격 : 서울 소재 대학 소속 동아리
 - 대학 재학생 10명 이상으로 구성된 동아리(재학생만 실비 지급) 
 - (지원 제외)
   · 동일·유사사업으로 서울시, 자치구로부터 시비·구비 등을 지원받고 있거나 지원받을 예정인 동아리
   · 외부기관에 종속되어 운영되는 등 대학생 자치 동아리라고 인정되기 어려운 동아리

ㅇ 신청방법 : 이메일 접수(서울시 청년정책담당관)
 - 접수처 : dmeod@seoul.go.kr, yeriim@seoul.go.kr (2곳 동시 제출)

ㅇ 제출서류
 - 지원 신청서(서식 1)
 - 동아리 활동계획서(기획형: 서식 2, 참여형: 서식 3)
 - 대학생 동아리 활동 지원사업 참여 서약서(서식 4)

ㅇ 문의처 : 서울시 미래청년기획관 청년정책담당관(02-2133-6588/4328)
 ※ 문의시간 : 평일 09시~18시(공휴일 제외)",20260408 ~ 20260428 ~ 20261231,main,primary,False,2026서울동아리on|서울특별시미래청년기획관|2026040820260428~20261231,2026서울동아리on,서울특별시미래청년기획관,2026040820260428~20261231,youth.seoul.go.kr/youthconts.do?key=2503190001&sc_detailat=&pageindex=1&orderby=regymd+desc&tabkind=201&sc_pbancse=&sc_pbancsecd=027&sc_bbsstngsn=2212200001&sc_bbsctgrysn=2503180018&sc_pstsn=2604070004&sc_userid=&sc_ntcpstyn=&sc_delyn=&sc_ctgry=&useyn=&sc_faqctgrycd=099&sc_qnactgrycd=&sc_plcyqnasn=0&pstsn=&recordcountperpage=10&sc_wdates=&sc_wdatee=&sc=&sw=,https://youth.seoul.go.kr/youthConts.do?key=2503190001&sc_detailAt=&pageIndex=1&orderBy=regYmd+desc&tabKind=201&sc_pbancSe=&sc_pbancSeCd=027&sc_bbsStngSn=2212200001&sc_bbsCtgrySn=2503180018&sc_pstSn=2604070004&sc_userId=&sc_ntcPstYn=&sc_delYn=&sc_ctgry=&useYn=&sc_faqCtgryCd=099&sc_qnaCtgryCd=&sc_plcyQnaSn=0&pstSn=&recordCountPerPage=10&sc_wDateS=&sc_wDateE=&sc=&sw=
youth,20260409005400212661,울릉청년 창업공간 지원사업,"1년지원, 월 임차료 50%지원(최대 월 40만원)",인력/일자리,경상북도 울릉군 미래전략과,경상북도 울릉군 미래전략과,"① 사치·향락·도박·사행 등 비사회적 업종 종사자
      - 「사행산업통합감독위원회법」,「사행행위 등 규제 및 처벌 특별법」, 「형법」 등 
         관련법의 규제대상 업종 및 사회통념에 비추어 사회 건전성에 심대한 
         악영향을 미친다고 판단되는 업종에 종사하는 사람을 말함
     ② 대기업 직영점 및 비점포형 사업자
     ③ 휴·폐업 중인 사업자
     ④ 임대인과의 관계가 배우자·직계존비속·배우자의 직계존비속인 경우
     ⑤ 국가 및 지자체 등 타 기관에서 창업공간지원(임차료 등)을 받고 있는 경우
      - 경북청년 예비창업가 육성사업 등
     ⑥ 본인명의 통장 입출금 거래가 불가능한 사업자
      - 체납중인 사업자(공고일로부터 완납시 지원 가능) | 0013002,0013006 | 0049010","  ⃞ 사업규모 : 20명(창업공간 지원 대상 가능 청년 10%) ※ 생애 1회
  ⃞ 지원내용 : 1년지원, 월 임차료 50%지원(최대 월 40만원)
  ⃞ 사업대상
   〇 나  이 : 19세 이상 49세 이하인 자(1977.1.1.~2007.12.31.)
   〇 주소지 : 공고일 기준 본인의 주민등록상 주소지 및 실 거주지가 울릉군인 자
   〇 사업장 : 울릉군에 사업자 등록하여 현재까지 영업 중인 창업사업장
   〇 매출액 : 연 매출액 5억원 이하일 것",만 19세 ~ 만 49세,소득조건코드=0043003 / 소득범위=0~0 / 연매출 5억 이하,,,,읍 면 방문신청,20260413 ~ 20260430 ~ 20261231,main,primary,False,울릉청년창업공간지원사업|경상북도울릉군미래전략과|2026041320260430~20261231,울릉청년창업공간지원사업,경상북도울릉군미래전략과,2026041320260430~20261231,www.ulleung.go.kr/ko/page.do?pageno=2&board_code=&srchsdate=&srchkwd=&srchcolumn=&srchdept=&srchedate=&mnu_uid=571&not_ancmt_mgt_no=23107&cmd=2,https://www.ulleung.go.kr/ko/page.do?pageNo=2&board_code=&srchSDate=&srchKwd=&srchColumn=&srchDept=&srchEDate=&mnu_uid=571&not_ancmt_mgt_no=23107&cmd=2
youth,20260409005400212660,울릉섬 청년 주거비 지원사업,"1년지원, 월 최대 20만원(신혼부부 30만원)씩 지급(청구에 의함)
               ※ 계약 시점에 따라 12월 까지 우선 지급하되, 추후 신규 계약 및  변경신청 시 미지급분을 소급하여 정산함",주거,경상북도 울릉군 미래전략과,경상북도 울릉군 미래전략과,"① 국가 및 지자체 등의 주거 지원 사업 대상자(중복지원 불가)
      - 신혼부부 월세 지원사업, 청년월세한시 특별지원사업, 울릉군 소유 임대주택 등
    ② 주택 소유자(가구 기준)
    ③ 공기관 임대주택 공급사업 및 주거관련 금융지원 대상자
    ④ 저소득층 주거급여 대상자 사치·향락·도박·사행 등 비사회적 업종 종사자
    ⑤ 임대인과의 관계가 배우자·직계존비속·배우자의 직계존비속인 경우 | 0013010 | 0049010","  ⃞ 사업규모 : 70명(주거비 지원 대상 가능 가구 10%) ※ 생애 1회
               ※ 1인가구 청년(60명) / 신혼부부 가구(10명)
  ⃞ 지원내용 : 1년지원, 월 최대 20만원(신혼부부 30만원)씩 지급(청구에 의함)
               ※ 계약 시점에 따라 12월 까지 우선 지급하되, 추후 신규 계약 및  변경신청 시 미지급분을 소급하여 정산함
  ⃞ 사업대상
   〇 나  이 : 19세 이상 49세 이하인 자(1977.1.1.~2007.12.31.)
   〇 주소지 : 울릉군에 2025. 07. 01. 이전 전입신고한 1인 가구 무주택 청년 및 신혼부부
      ※ 신혼부부는 혼인신고 5년 이내 부부(경북도 청년신혼부부 월세지원사업 지침 기준)
      ※ 사실혼 관계일시 동거사실 1년 이상 증명되어야 신혼부부 인정
   〇 소  득 : 가구소득인정액이 기준중위소득 150% 이하
   〇 주  거 : 월세(월 임대료 80만원 이하) 주택 계약 거주
              (신청인 본인 명의 계약에 한함)",만 19세 ~ 만 49세,소득조건코드=0043003 / 소득범위=0~0 / 중위소득 150%이하,,,,읍면 방문신청,20260413 ~ 20260430 ~ 20261231,main,primary,False,울릉섬청년주거비지원사업|경상북도울릉군미래전략과|2026041320260430~20261231,울릉섬청년주거비지원사업,경상북도울릉군미래전략과,2026041320260430~20261231,www.ulleung.go.kr/ko/page.do?board_code=&srchsdate=&srchkwd=&srchcolumn=&srchdept=&srchedate=&mnu_uid=571&not_ancmt_mgt_no=23106&pageno=2&cmd=2,https://www.ulleung.go.kr/ko/page.do?board_code=&srchSDate=&srchKwd=&srchColumn=&srchDept=&srchEDate=&mnu_uid=571&not_ancmt_mgt_no=23106&pageNo=2&cmd=2
youth,20260409005400212659,고령군 청년근로자 교통비 지원사업,교통비 지원을 통해 관내 청년 이탈 방지 및 안정적인 직장생활 유도를 통한 청년 일자리 창출 기여,인력/일자리,경상북도 고령군 인구정책실,경상북도 고령군 인구정책실,0013001 | 0049010,"ㅇ (대상) 
   - 18~45세 고령군 거주(예정)인 청년근로자 
   - 중소기업에 근무하는 청년근로자  
      ※타지역 중소기업에 근무하더라도 고령군 청년이면 신청 가능 
ㅇ (주요내용) 최대 8개월 간 월 5만원 지원",만 18세 ~ 만 45세,소득조건코드=0043001 / 소득범위=0~0,,,,,20260410 ~ 20260429 ~ 20261218,main,primary,False,고령군청년근로자교통비지원사업|경상북도고령군인구정책실|2026041020260429~20261218,고령군청년근로자교통비지원사업,경상북도고령군인구정책실,2026041020260429~20261218,www.goryeong.go.kr/kor/boardlist.do?idx=154&brd_id=1023,https://www.goryeong.go.kr/kor/boardList.do?IDX=154&BRD_ID=1023
youth,20260409005400212657,청년 주택임차보증금 이자지원,목돈마련이 어려운 청년의 사회진입 초기 주거 환경 개선을 위한 체감 정책 시행으로 청년의 정주여건 개선에 기여,주거,울산광역시,울산광역시 기업투자국,0013010 | 0049010,"  ○ 사업기간 : ‘21. 5. ~ 27. 4.(6년/일몰)
  ○ 지원대상 : ‘21년 지원 대상자 이자지원 


 <청년 주택임자보증금 이자지원>
(대    상) 울산시에 주소를 둔 무주택 청년
(소득기준) 본인 5천만원, 부모 7,000만원, 부부합산 5천 5백만원 이하 
(대상주택) 임차보증금 1억 5천만원 이하 주택
(지원내용) 임차보증금 대출 추천 및 5천만원 한도 3% 이내 이자지원
(취급은행 ) 경남은행, 농협은행
(시 행 일 ) ‘21. 5. 3.
",만 19세 ~ 만 39세,소득조건코드=0043001 / 소득범위=0~0,,,,,20210501 ~ 20270430 ~ 20270430,main,primary,False,청년주택임차보증금이자지원|울산광역시|2021050120270430~20270430,청년주택임차보증금이자지원,울산광역시,2021050120270430~20270430,www.ulsan.go.kr/s/ulsanyouth/bbs/view.do?bbsid=bbs_0000000000000316&mid=008001001000000000&dataid=56102,https://www.ulsan.go.kr/s/ulsanyouth/bbs/view.do?bbsId=BBS_0000000000000316&mId=008001001000000000&dataId=56102
youth,20260409005400212656,울산 청년가구 주거비 지원사업,임차료 등 주거비 지원으로 청년층 주거안정 및 지역 정착 도모,주거,울산광역시,울산광역시 기업투자국,0013010 | 0049010,"  ○ 사업기간 : ’22. 1. ~ 계속
  ○ 지원대상 : 19세 ~ 39세 기준중위소득 150%이하인 무주택 미혼  청년가구 세대주
  ○ 지원금액 : 월 임차료 10만원이내 및 임차보증금이자 월 5만원이내 실비
  ○ 지원인원 : 선정대상 1,500가구 
  ○ 지원방법 : 현금 지급
  ○ 지원내용 : 임차료 및 임차보증금 이자 비용
  ○ 주관기관 : 울산광역시",만 19세 ~ 만 39세,소득조건코드=0043001 / 소득범위=0~0,,,,,,main,primary,False,울산청년가구주거비지원사업|울산광역시|,울산청년가구주거비지원사업,울산광역시,,www.ulsan.go.kr/s/ulsanyouth/bbs/view.do?bbsid=bbs_0000000000000316&mid=008001001000000000&dataid=56101,https://www.ulsan.go.kr/s/ulsanyouth/bbs/view.do?bbsId=BBS_0000000000000316&mId=008001001000000000&dataId=56101
youth,20260409005400212655,신혼부부 가구 주거비 지원사업,"주거비 부담으로 출산을 포기하는 신혼부부 가구에게 공공임대주택 주거비 (임차료, 관리비)를 무상 지원하여 출산율 제고 및 주거안정 도모",주거,울산광역시,울산광역시 기업투자국,0013010 | 0049010,"  ○ 사업기간 : ’21. 4월 ~ 계속
  ○ 지원대상 : 공공임대주택에 입주한 19세~45세 이하 신혼부부 가구
  ○ 지원인원 : 780명
  ○ 지원방법 : 매월 25일 계좌지급
  ○ 주관기관 : 울산광역시
  ○ 지원내용 : 임차료, 관리비, 임대보증금 이자 지원(최소 5만원, 최대 40만원)

임차료 : 10만원 이하
임차료 지원 : 무자녀 -5만원 / 1자녀-8만원 / 2자녀-10만원
관리비 지원 : 1자녀 - 5만원 / 2자녀-10만원
임차보증금 이자 - 5만원(실비 지원)

임차료 : 10만원 초과~ 15만원 이하
임차료 지원 : 무자녀 - 8만원 / 1자녀 - 12만원 / 2자녀 - 15만원
관리비 지원: 1자녀 - 5만원 / 2자녀 - 10만원
임차보증급 이자 - 5만원 (실비 지원)

임차료 : 15만원 초과 ~ 20만원 이하
임차료 지원 : 무자녀 - 10만원 / 1자녀 - 16만원 / 2자녀 - 20만원
관리비 지원 : 1자녀 - 5만원 / 2자녀 - 10만원
임차보증금 이자 : 5만원 (실비 지원)

임차료 : 20만원 초과
임차료 지원 : 무자녀 - 5만원 / 1자녀 - 16만원 / 2자녀 - 20만원
관리비 지원 : 1자녀 - 5만원 / 2자녀 - 10만원
임차보증금 이자 : 5만원(실비 지원)",만 19세 ~ 만 45세,소득조건코드=0043001 / 소득범위=0~0,,지원대상 : 공공임대주택에 입주한 19세~45세 이하 신혼부부 가구,,,,main,primary,False,신혼부부가구주거비지원사업|울산광역시|,신혼부부가구주거비지원사업,울산광역시,,www.ulsan.go.kr/s/house/main.ulsan,https://www.ulsan.go.kr/s/house/main.ulsan
youth,20260409005400212654,청년 월세 지원,경제적 어려움을 겪고 있는 저소득 청년의 주거비 부담 경감을 위해 월세 지원,주거,울산광역시,울산광역시 기업투자국,0013010 | 0049010,"  ○ 사업기간 : ’26. 1. ~ 12.
  ○ 지원대상 : 19~34세 이하 부모님과 별도 거주 무주택 청년
    - 청년 본인소득 기준 중위소득 60%이하, 원가구 소득 100%이하
  ○ 지원내용 : 임차료 월 최대 20만원씩 최대 24개월간 지원(실비지급)
  ○ 지원절차 : 신청접수→소득‧자산조사(구·군 통합조사관리팀)→대상자 결정(구·군)→월세지원금 지급(구·군)",만 19세 ~ 만 34세,소득조건코드=0043001 / 소득범위=0~0,,,,,20260101 ~ 20261231 ~ 20261231,main,primary,False,청년월세지원|울산광역시|2026010120261231~20261231,청년월세지원,울산광역시,2026010120261231~20261231,www.ulsan.go.kr/s/ulsanyouth/bbs/view.do?bbsid=bbs_0000000000000316&mid=008001001000000000&dataid=56099,https://www.ulsan.go.kr/s/ulsanyouth/bbs/view.do?bbsId=BBS_0000000000000316&mId=008001001000000000&dataId=56099
youth,20260409005400212653,울산 도심융합특구 조성사업,"지역 주력산업의 위기와 일자리 감소로 심화되는 청년인구 유출에 대응해, 혁신기업과 청년 인재가 모일 수 있도록 산업·주거·문화가 결합된 고밀도 혁신거점을 조성하여 지역의 지속 가능한 성장기반 확충",주거,울산광역시,울산광역시 기업투자국,0013010 | 0049010," ○ 사업위치 : 울주군 삼남읍 신화리, 중구 다운동 일원
  ○ 사업면적 : 192만㎡(KTX역세권융합지구 162만㎡, 다운혁신융합지구 30만㎡)
  ○ 사업기간 : 2024 ~ 2029    ※ 도입시설 설치 : 2029 ~ 2034
  ○ 사업내용 : 고밀도 혁신공간 조성 및 산‧학‧연 혁신 플랫폼 구축
  ○ 총사업비 : 3조 5,704억원(추정)  ※ 부지조성 6,916억, 도입시설 2조 8,788억",만 19세 ~ 만 39세,소득조건코드=0043001 / 소득범위=0~0,,,,,20240101 ~ 20291231 ~ 20291231,main,primary,False,울산도심융합특구조성사업|울산광역시|2024010120291231~20291231,울산도심융합특구조성사업,울산광역시,2024010120291231~20291231,www.ulsan.go.kr/s/ulsanyouth/bbs/view.do?bbsid=bbs_0000000000000316&mid=008001001000000000&dataid=56098,https://www.ulsan.go.kr/s/ulsanyouth/bbs/view.do?bbsId=BBS_0000000000000316&mId=008001001000000000&dataId=56098
