source,source_id,title,summary,s_category,provider,region,target_group,target_tags,target_age,target_age_min,target_age_max,target_detail,income_condition,startup_stage,support_type,apply_start,apply_end,additional_conditions,required_documents,application_method,detail_url,_scope,_scope_reason,norm_title,norm_provider,norm_period,category,subcategory
biz,PBLN_000000000122737,2026년 2분기 국내 저온 저장시설 보관 지원업체 모집 공고,"우리 수출 수산물의 해외시장 경쟁력 향상을 위해 2026년 국내 저온 저장시설 지원업체를 아래와 같이 모집하오니 관심 있는 업체의 많은 신청 바랍니다.
☞ 수산물 수출업체(중소ㆍ중견 기업)
- 지원품목 : 냉장ㆍ냉동 수산물 및 수산가공식품
☞ 저온 저장시설 보관비 80% 지원(업체당 최대 20백만원)
※ 자세한 지원내용 공고문 참조",경영,한국수산무역협회,전국,중소기업,중소기업,,,,,,,시설/입지지원,2026-06-01,2026-06-15,,온라인 접수 (온라인 사업 신청 통합시스템),온라인 접수 (온라인 사업 신청 통합시스템),https://www.bizinfo.go.kr/sii/siia/selectSIIA200Detail.do?pblancId=PBLN_000000000122737,main,primary,2026년2분기국내저온저장시설보관지원업체모집공고,한국수산무역협회,2026-06-01~2026-06-15,경영,시설/입지지원
biz,PBLN_000000000122736,[대전] 2026년 대기업 유통사 연계 판로확대 지원사업 참여기업 추가모집 공고(롯데백화점 연계),"대전 관내 중소기업의 온라인 판로개척 활성화를 위한 「2026년 대기업 유통사 연계 판로확대지원사업 라이브커머스」사업에 참여할 기업을 모집하오니 많은 참여 바랍니다.
☞ 공고일 기준 대전 관내 본사 또는 공장을 둔 중소기업
- 식품, 가공식품, 공산품 등 라이브커머스 판매 가능 제품을 보유하고 있는 업체
☞ 라이브커머스 제작, 기업 맞춤형 촬영, 인플루언서 광고, 전문 사회자 지원 등",판로/수출,대전일자리경제진흥원,대전광역시,중소기업,중소기업,,,,,,,온라인,2026-06-01,2026-06-07,,이메일 접수 (1004@djbea.or.kr),이메일 접수 (1004@djbea.or.kr),https://www.bizinfo.go.kr/sii/siia/selectSIIA200Detail.do?pblancId=PBLN_000000000122736,main,primary,대전2026년대기업유통사연계판로확대지원사업참여기업추가모집공고롯데백화점연계,대전일자리경제진흥원,2026-06-01~2026-06-07,내수,온라인
biz,PBLN_000000000122735,2026년 농식품 R&D기업 SWITCH 지원사업 모집 공고,"농식품 R&D 성과 보유기업의 글로벌 시장 진출 및 경쟁력 강화를 위해 「SWITCH 2026」전시 참여를 지원하고자 합니다. 농식품 R&D 성과 보유기업의 많은 관심과 참여 바랍니다.
☞ SWITCH 참가 조건에 부합(7년 이내 창업 기업)하고 농식품 국가 R&D 성과물(기술ㆍ제품ㆍ서비스 등)을 통한 해외 진출 역량이 갖춰진 기업
☞ K-스타트업 통합관 내 기업별 전시부스, 사전 역량강화 교육 및 컨설팅, 투자자·바이어 매칭, 현지 네트워킹 등 종합 지원",판로/수출,농림식품기술기획평가원,전국,중소기업,중소기업,,,,,,,해외진출,2026-06-01,2026-06-19,,이메일 접수 (sykgo@ipet.re.kr),이메일 접수 (sykgo@ipet.re.kr),https://www.bizinfo.go.kr/sii/siia/selectSIIA200Detail.do?pblancId=PBLN_000000000122735,main,primary,2026년농식품rd기업switch지원사업모집공고,농림식품기술기획평가원,2026-06-01~2026-06-19,수출,해외진출
biz,PBLN_000000000122734,[강원] 2026년 소형 AI 데이터센터(AIDC) 기반 특화산업 AI 서비스 도입ㆍ실증 수요기관 Pool 모집 공고,"강원테크노파크에서는 과학기술정보통신부와 정보통신산업진흥원(NIPA)이 주관하는 「2026년 소형 데이터센터 기반 AI산업 성장 지원 사업」의 일환으로, 강원지역 특화산업 내에 AI 솔루션을 선도적으로 도입ㆍ실증할 수요기관(기업, 지자체, 기관)을 모집합니다. 본 모집을 통해 구축된 수요기관 POOL은 향후 선정될 AI 개발 중소기업과 매칭 지원할 예정이오니, 많은 참여 바랍니다.
☞ 강원특별자치도 내에 소재하며 아래 특화산업 분야에서 AI 솔루션 도입 및 기술실증(PoC)을 희망하는 기업 등
- 강원 지역 특화산업 : 바이오ㆍ헬스(의료, 디지털헬스케어 등), 신소재ㆍ제조(반도체, 소재 등), AI융합 분야(에너지 등)
☞ 맞춤형 컨설팅, AI 솔루션 개발 및 현장 실증 연계 지원
※ 자세한 지원내용 공고문 참조",기술,강원테크노파크,강원특별자치도,중소기업,중소기업,,,,,,,기술사업화/이전/지도,2026-05-27,2026-06-05,,"이메일 접수 (khkim@gwtp.or.kr, hongsso@gsipa.or.kr)","이메일 접수 (khkim@gwtp.or.kr, hongsso@gsipa.or.kr)",https://www.bizinfo.go.kr/sii/siia/selectSIIA200Detail.do?pblancId=PBLN_000000000122734,main,primary,강원2026년소형ai데이터센터aidc기반특화산업ai서비스도입ㆍ실증수요기관pool모집공고,강원테크노파크,2026-05-27~2026-06-05,기술,기술사업화/이전/지도
biz,PBLN_000000000122733,[인천] 2026년 4차 K-브랜드분쟁 대응전략 지원사업 공고,"관내 중소기업의 상표ㆍ디자인권을 보호하고 수출 경쟁력을 강화하기 위한 「K-브랜드분쟁 대응전략 지원사업」을 아래와 같이 4차 공고합니다.
☞ 수출 중이거나 수출예정인 인천 소재 중소기업
※ (신청대상) 미추홀구, 연수구, 남동구, 부평구, 서구 소재 중소기업
- (수출기업) 직ㆍ간접수출 중이거나 수출실적이 있는 기업
- (수출예정기업) 현지시장조사, 수출계획, 거래처 확보, 계약 체결, 현지 승인 획득, 해외 운송계약 및 현지 광고 등 수출을 위한 제반 활동이 인정된 기업([붙임1]에 따른 증빙자료 제출 필요)
- (중소기업) 「중소기업기본법」제2조에 따른 기업(개인사업자 포함)
☞ 분쟁대응 및 권리보호 지원
- 분쟁대응 유형 : 무단선점 대응, 위조ㆍ형태 모방 대응
- 권리보호 유형 : 일반제조 분야 상표 보호 전략, 일반제조 분야 디자인 보호 전략, 콘텐츠 분야 IP 보호, 역공격 대응
※ 자세한 지원내용 공고문 참조",판로/수출,한국지식재산보호원,인천광역시,중소기업,중소기업,,,,,,,해외진출,2026-06-01,2026-06-22,,온라인 접수 (사업관리시스템),온라인 접수 (사업관리시스템),https://www.bizinfo.go.kr/sii/siia/selectSIIA200Detail.do?pblancId=PBLN_000000000122733,main,primary,인천2026년4차k브랜드분쟁대응전략지원사업공고,한국지식재산보호원,2026-06-01~2026-06-22,수출,해외진출
biz,PBLN_000000000122732,[부산] 2026년 고위험산업 사각지대 집중관리사업(안전보호구 지원) 참여기업 2차 추가모집 공고,"부산광역시와 부산테크노파크는 지역내 소규모 사업장의 중대재해 예방활동을 지원하고 사고위험의 격차를 해소하기 위해「2026년 고위험 산업 사각지대 집중관리 사업(안전보호구 지원)」의 참여기업을 다음과 같이 추가 모집합니다.
☞ 부산지역 내 30인 미만 소규모 사업장으로서, 본 사업에서 지정한 부산 3대 고위험 산업군에 해당하는 기업
- 고위험 산업군 1 : 뿌리산업 ※ 뿌리산업 진흥과 첨단화에 관한 법률 시행령 제2조 근거
- 고위험 산업군 2 : 창고ㆍ항만물류업
- 고위험 산업군 3 : 수리조선ㆍ기자재업
☞ 중대재해 예방의 사각지대 해소를 위한 안전보호구 구입관련 보조금 지급 지원
- 안전인증(KC 등)을 받은 제품 기준, 사고 예방 효과가 높은 품목 및 스마트 보조장치 중심 지원",인력/일자리,부산테크노파크,부산광역시,중소기업,중소기업,,,,,,,작업환경개선,2026-06-01,2026-06-30,,이메일 접수 (sglee8153@btp.or.kr),이메일 접수 (sglee8153@btp.or.kr),https://www.bizinfo.go.kr/sii/siia/selectSIIA200Detail.do?pblancId=PBLN_000000000122732,main,primary,부산2026년고위험산업사각지대집중관리사업안전보호구지원참여기업2차추가모집공고,부산테크노파크,2026-06-01~2026-06-30,인력,작업환경개선
biz,PBLN_000000000122731,[부산] 2026년 고위험산업 사각지대 집중관리사업(재정지원) 참여기업 2차 추가모집 공고,"부산광역시와 부산테크노파크는 지역내 소규모 사업장의 중대재해 예방활동을 지원하고 사고위험의 격차를 해소하기 위해「2026년 고위험 산업 사각지대 집중관리 사업(재정지원)」의 참여기업을 다음과 같이 추가 모집합니다.
☞ 본사 소재지가 부산지역 내 30인 미만 소규모 사업장으로서, 본 사업에서 지정한 부산 3대 고위험 산업군에 해당하는 기업
- 고위험 산업군 1 : 뿌리산업 (뿌리산업 진흥과 첨단화에 관한 법률 시행령 제2조 근거)
- 고위험 산업군 2 : 창고ㆍ항만물류업
- 고위험 산업군 3 : 수리조선ㆍ기자재업
☞ 고위험 산업군 주요 재해유형에 따른 장비개선, 시설설치, 환경설비, 시스템구축, 질식사고 예방 등에 대한 재정지원",인력/일자리,부산테크노파크,부산광역시,중소기업,중소기업,,,,,,,작업환경개선,2026-06-01,2026-06-30,,이메일 접수 (sglee8153@btp.or.kr),이메일 접수 (sglee8153@btp.or.kr),https://www.bizinfo.go.kr/sii/siia/selectSIIA200Detail.do?pblancId=PBLN_000000000122731,main,primary,부산2026년고위험산업사각지대집중관리사업재정지원참여기업2차추가모집공고,부산테크노파크,2026-06-01~2026-06-30,인력,작업환경개선
biz,PBLN_000000000122730,[전북] 2026년 3차 벤처기업육성 지원사업 모집 공고,"전북벤처산업발전협의회에서는 도내 중소ㆍ벤처기업의 성장과 발전을 촉진하기 위한「2026년 벤처기업육성 지원사업 추진계획」을 다음과 같이 공고하오니, 많은 관심과 참여 바랍니다.
☞ 전주벤처촉진지구 내 입주기업 및 전북특별자치도 내 중소기업, 벤처기업(제조업) 
☞ 제품고도화 및 시제품제작, 벤처기업확인 컨설팅, 벤처기업 IPㆍ인증, 기술평가 벤처기업 성장촉진 지원",기술,전북벤처산업발전협의회,전북특별자치도,중소기업,중소기업,,,,,,,기술사업화/이전/지도,2026-06-01,2026-06-15,,"이메일 또는 방문 접수
- 접수처 : 전북 전주시 덕진구 유상로 67, 스마트배움터 2층 JVADA 전북벤처산업발전협의회 
- 이메일 : mdchoi@jvada.or.kr","이메일 또는 방문 접수
- 접수처 : 전북 전주시 덕진구 유상로 67, 스마트배움터 2층 JVADA 전북벤처산업발전협의회 
- 이메일 : mdchoi@jvada.or.kr",https://www.bizinfo.go.kr/sii/siia/selectSIIA200Detail.do?pblancId=PBLN_000000000122730,main,primary,전북2026년3차벤처기업육성지원사업모집공고,전북벤처산업발전협의회,2026-06-01~2026-06-15,기술,기술사업화/이전/지도
biz,PBLN_000000000122728,[경기] 부천시 2026년 인공지능(AI) 클라우드 컴퓨팅 활용 지원사업 공고,"2026년 인공지능(AI) 사업화 지원사업을 다음과 같이 공고하오니 참여를 희망하는 부천 소재 중소기업은 신청하여 주시기 바랍니다.
☞ 부천시 관내 AI기술 제품ㆍ서비스 개발 중소기업
- AI 개발을 위한 클라우드 환경에서 대규모 연산 작업이 필요한 기업
- 인공지능(AI) 학습, 빅데이터 분석 등 GPU 활용이 필요한 기업
☞ 클라우드 서버 및 GPU 사용료 일부(기업당 300만원 한도) 지원
- GPU 인스턴스 사용료, 스토리지 비용, 데이터 전송 비용 등",기술,부천산업진흥원,경기도,중소기업,중소기업,,,,,,,기술인력/장비지원,2026-06-01,2026-06-19,,온라인 접수 (부천산업진흥원 홈페이지),온라인 접수 (부천산업진흥원 홈페이지),https://www.bizinfo.go.kr/sii/siia/selectSIIA200Detail.do?pblancId=PBLN_000000000122728,main,primary,경기부천시2026년인공지능ai클라우드컴퓨팅활용지원사업공고,부천산업진흥원,2026-06-01~2026-06-19,기술,기술인력/장비지원
biz,PBLN_000000000122727,[서울] 2026년 지역상생 중장년 창업 지원사업 넥스트로컬 40+ 참여자 모집 공고,"전국 지자체 협력을 바탕으로 서울 중장년층의 지역자원 발굴과 창업 모델화 과정을 지원하는 「2026년 서울시 지역상생 중장년 창업 지원사업」 <넥스트로컬 40+>에 참여할 (예비)창업자를 다음과 같이 모집합니다.
☞ 지역의 농특산물, 문화ㆍ관광ㆍ역사 자원, 유휴공간 등을 연계ㆍ활용한 비즈니스 아이디어를 보유한 서울시 거주 중장년(40세 이상 ~ 65세 미만)
- 지원형태 : 대표자 1인만 지원 ※ 거주지와 사업장 소재지 모두 서울이여함
- 지원단계 : 예비 또는 기창업자 
※ 자세한 지원대상 공고문 참조
☞ 지역 내 네트워크 연결, 창업교육 및 멘토링 지원
- 지역 협력체계 구축을 통한 지역자원 연계, 지역연계 특수성을 반영한 체계적인 온ㆍ오프라인 창업교육, 현직 창업 전문가 멘토링, 지역 특성에 따른 맞춤형 혜택 제공, 기타 지원사항
※ 자세한 지원내용 공고문 참조",창업,직접수행,서울특별시,창업벤처,초기창업기업,,,,,,,사업화지원,2026-06-01,2026-06-30,,"온라인 접수 (넥스트로컬 중장년 40+ 홈페이지)
※ 업로드 불가시 사무국에 사전 확인 후 이메일 접수
- 이메일 : nextlocalstar@gmail.com
※ 자세한 신청방법 공고문 참조","온라인 접수 (넥스트로컬 중장년 40+ 홈페이지)
※ 업로드 불가시 사무국에 사전 확인 후 이메일 접수
- 이메일 : nextlocalstar@gmail.com
※ 자세한 신청방법 공고문 참조",https://www.bizinfo.go.kr/sii/siia/selectSIIA200Detail.do?pblancId=PBLN_000000000122727,main,primary,서울2026년지역상생중장년창업지원사업넥스트로컬40참여자모집공고,직접수행,2026-06-01~2026-06-30,창업,사업화지원
biz,PBLN_000000000122726,[강원] 2026년 바이오기업 성장 촉진 및 고용 활성화 지원기업 상시 모집 공고(지역산업맞춤형 일자리창출 지원사업),"춘천바이오산업진흥원에서는 강원도 바이오기업의 역량 확대를 통한 고용수요 제고와 양질의 일자리 + 주거지원을 통한 인력 외부 유출 방지를 위해 다음과 같이 기업지원 사업을 추진합니다. 본 사업은 강원 지역 기업의 고용침체 및 고용위기를 극복하기 위한 사업으로 일자리 창출에 성과 목표를 두고 있습니다. 희망하는 기업은 신청하여 주시기 바랍니다.
☞ 강원특별자치도 소재 바이오헬스 관련 기업
- 분야 : 식품ㆍ건강기능식품, 화장품, 의약ㆍ제약, 바이오소재 등
- 소재지 : 고용관리등록번호 기준 주소지가 강원도 내 소재
※ 자세한 지원대상 공고문 참조
☞ 제품고급화, 국내외 규격인증 획득, 국외전시회 참가, 일자리시설ㆍ환경 개선, 신규 채용자 초기 정주기반 지원
※ 자세한 지원내용 공고문 참조",경영,춘천바이오산업진흥원,강원특별자치도,중소기업,중소기업,,,,,,,디자인/상품화/사업화,상시 접수,,,"방문, 우편, 이메일 접수
- 접수처 : 강원도 춘천시 소양강로 32, BIO-1동 101호 기업지원팀
- 이메일 : marketing@cbf.or.kr","방문, 우편, 이메일 접수
- 접수처 : 강원도 춘천시 소양강로 32, BIO-1동 101호 기업지원팀
- 이메일 : marketing@cbf.or.kr",https://www.bizinfo.go.kr/sii/siia/selectSIIA200Detail.do?pblancId=PBLN_000000000122726,main,primary,강원2026년바이오기업성장촉진및고용활성화지원기업상시모집공고지역산업맞춤형일자리창출지원사업,춘천바이오산업진흥원,상시 접수~,경영,디자인/상품화/사업화
biz,PBLN_000000000122725,[경기] 안양시 2026년 유망기업 오프라인 광고매체 송출 지원사업 모집 공고,"안양시 유망기업 우수 제품의 판매 촉진 및 경쟁력 확보를 위해 유동 인구가 많은 수도권 內 오프라인 광고매체 송출 지원사업을 공고하오니 많은 신청 바랍니다. 
☞ 안양시 유망 중소기업
☞ 각 매체별 3개월 광고 송출 지원
- 2개 광고 분야 중 기업당 1개 매체 선택 지원(고속버스터미널역 파노라마 디지털보드, 인천공항 키로뷰 광고)
- 진흥원에서 한국언론진흥재단에 오프라인 광고 송출 의뢰",판로/수출,안양산업진흥원,경기도,중소기업,중소기업,,,,,,,홍보지원,2026-06-22,2026-06-24,,"이메일 접수 (ssy@aba.or.kr)
※ 이메일 제목에 사업명 및 기업명 반드시 표시
※ 신청서는 서명 또는 인감이 들어간 한글파일 원본을 제출하고 나머지 증빙서류는 PDF 파일로 제출(전체 파일을 항목별로 폴더로 구분하여 압축하여 제출)","이메일 접수 (ssy@aba.or.kr)
※ 이메일 제목에 사업명 및 기업명 반드시 표시
※ 신청서는 서명 또는 인감이 들어간 한글파일 원본을 제출하고 나머지 증빙서류는 PDF 파일로 제출(전체 파일을 항목별로 폴더로 구분하여 압축하여 제출)",https://www.bizinfo.go.kr/sii/siia/selectSIIA200Detail.do?pblancId=PBLN_000000000122725,main,primary,경기안양시2026년유망기업오프라인광고매체송출지원사업모집공고,안양산업진흥원,2026-06-22~2026-06-24,내수,홍보지원
biz,PBLN_000000000122724,[충북] 청주시 2026년 2차 공정혁신시뮬레이션센터 구축 및 운영사업 기술지원 수혜기업 모집 연장 공고,"2026년도 산업통상자원부, 충청북도, 청주시가 지원하는「충북청주 공정혁신 시뮬레이션센터 구축 및 운영사업」과 관련하여 도내에 공정ㆍ제품 시뮬레이션 기술지원을 통해 기업의 제조 경쟁력 강화를 지원하고자 아래의 사업을 공고하오니 많은 관심과 참여 바랍니다.
☞ 충청북도 소재 중소ㆍ중견 제조기업
☞ 설계 및 해석 기술 서비스 활용 비용, 전문가 컨설팅 및 기술자문, 장비 활용, 제품 설계 및 해석 기술지원
- (비용지원) 기업당 최대 1,600만원
- (현물지원) 컨설팅/기술자문 및 소프트웨어 원격 활용 지원, 시뮬레이션 기술지원
※ 자세한 지원내용 공고문 참조",기술,충북테크노파크,충청북도,중소기업,중소기업,,,,,,,기술사업화/이전/지도,지원별 상이,,,온라인 접수(충북테크노파크 공정혁신 시뮬레이션센터 홈페이지),온라인 접수(충북테크노파크 공정혁신 시뮬레이션센터 홈페이지),https://www.bizinfo.go.kr/sii/siia/selectSIIA200Detail.do?pblancId=PBLN_000000000122724,main,primary,충북청주시2026년2차공정혁신시뮬레이션센터구축및운영사업기술지원수혜기업모집연장공고,충북테크노파크,지원별 상이~,기술,기술사업화/이전/지도
biz,PBLN_000000000122723,2026년 글로벌 게임 현지화 지원(해외 이용자평가) 참가 프로젝트 추가모집 공고,"한국콘텐츠진흥원은 「2026년 글로벌 게임 현지화 지원(해외 이용자평가)」사업의 참가 프로젝트 추가모집을 진행하며, 많은 관심과 참여를 부탁드립니다.
☞ 해외 직접 출시를 희망하는 국내 게임개발사
- 공고일 기준 해외 정식 미출시 게임 또는 신청 권역 정식 미출시 게임 
※ 자세한 지원대상 공고문 참조
☞ 권역별 해외 이용자평가(FGT, Focus Group Test) 총 3회(오프라인 1회, 온라인 2회) 지원 
※ 자세한 지원내용 공고문 참조",판로/수출,한국콘텐츠진흥원,전국,중소기업,중소기업,,,,,,,시장개척,2026-06-01,2026-06-05,,온라인 접수 (한국콘텐츠진흥원 사업관리시스템),온라인 접수 (한국콘텐츠진흥원 사업관리시스템),https://www.bizinfo.go.kr/sii/siia/selectSIIA200Detail.do?pblancId=PBLN_000000000122723,main,primary,2026년글로벌게임현지화지원해외이용자평가참가프로젝트추가모집공고,한국콘텐츠진흥원,2026-06-01~2026-06-05,수출,시장개척
biz,PBLN_000000000122722,[충북] 충주시 2026년 제2회 대한민국 중소기업 박람회 홍보부스 참가기업 2차 모집 공고,"관내 우수 중소기업의 제품홍보와 판로개척에 도움을 주고자 2026년 제2회 대한민국 중소기업 박람회 충주시 홍보부스 운영에 따른 참가기업을 아래와 같이 공개 모집하오니 희망하는 기업의 많은 참여를 바랍니다.
☞ 관내 공장 등록된 중소기업(제조업)
☞ 관내 우수 중소기업 제품 등 홍보를 위한 충주시 홍보 부스 운영, B2B바이어 상담회, 중소기업 제품 온라인 라이브커머스 방송 진행 등 지원",판로/수출,기초자치단체,충청북도,중소기업,중소기업,,,,,,,오프라인,2026-06-01,2026-06-12,,"방문 접수
- 접수처 : 충주시청 10층 투자유치과","방문 접수
- 접수처 : 충주시청 10층 투자유치과",https://www.bizinfo.go.kr/sii/siia/selectSIIA200Detail.do?pblancId=PBLN_000000000122722,main,primary,충북충주시2026년제2회대한민국중소기업박람회홍보부스참가기업2차모집공고,기초자치단체,2026-06-01~2026-06-12,내수,오프라인
biz,PBLN_000000000122721,2026년 중예산 한국영화 제작지원 사업 공고,"한국영화 산업의 중추 역할을 담당하는 중예산 규모 영화의 신작 제작을 촉진하여 영화시장 침체 장기화와 흥행 양극화로 위축된 민간 투자 활성화를 적극 유도하고 영화산업 선순환 구조의 복원과 영화 수익성 개선을 도모해드리는 사업입니다.
☞ 영화 및 비디오물의 진흥에관한법률에 의한 영화제작업자
- 순제작비 20억 원 이상 150억 원 미만의 장편 실사 극영화(60분 이상)
※ 자세한 지원대상 공고문 참조
☞ 중예산 한국영화 제작 지원
- 편당 지원금액은 순제작비의 40% 혹은 25억 원(단, ㉱군은 30억 원) 중 더 낮은 금액 범위 내에서 영화진흥위원회에서 최종 결정(차등지급)",경영,영화진흥위원회,전국,중소기업,중소기업,,,,,,,디자인/상품화/사업화,2026-06-16,2026-06-30,,온라인 접수 (영화진흥위원회 홈페이지),온라인 접수 (영화진흥위원회 홈페이지),https://www.bizinfo.go.kr/sii/siia/selectSIIA200Detail.do?pblancId=PBLN_000000000122721,main,primary,2026년중예산한국영화제작지원사업공고,영화진흥위원회,2026-06-16~2026-06-30,경영,디자인/상품화/사업화
biz,PBLN_000000000122720,2026년 한국영화 첨단제작 집중지원 사업 공고,"영화산업 침체로 위축된 제작환경 속에서 기술 집약도가 높은 한국영화의 기술 수준을 제고함으로써 한국영화 산업 경쟁력 회복 도모해드리는 사업입니다.
☞ 「영화 및 비디오물의 진흥에 관한 법률」에 따른 영화제작업자 또는 「애니메이션산업 진흥에 관한 법률」에 따른 애니메이션제작업자로, 사업자등록증과 영화제작업 신고증(또는 애니메이션제작업신고증)을 발급받은 법인사업자
- 순제작비 20억 원 이상의 한국영화(극장 상영용 장편, 60분 이상)
- 신청접수 마감일 기준 촬영 중이거나 후반작업 진행 중인 작품(완성작 신청 불가)
※ 단, 지원작 선정 후 약정 체결 전까지 제작 착수(본 촬영 진행) 예정인 작품도 신청 가능
※ 자세한 지원대상 공고문 참조
☞ 편당 지원금액 후반작업비 50% 이내 지원
※ 자세한 지원내용 공고문 참조",경영,영화진흥위원회,전국,중소기업,중소기업,,,,,,,디자인/상품화/사업화,2026-06-16,2026-06-30,,온라인 접수 (영화진흥위원회 홈페이지),온라인 접수 (영화진흥위원회 홈페이지),https://www.bizinfo.go.kr/sii/siia/selectSIIA200Detail.do?pblancId=PBLN_000000000122720,main,primary,2026년한국영화첨단제작집중지원사업공고,영화진흥위원회,2026-06-16~2026-06-30,경영,디자인/상품화/사업화
biz,PBLN_000000000122719,[경기] 광주시 2026년 광주e장터 맞춤형 온라인 마케팅 지원사업 참여기업 모집 공고,"광주시와 경기테크노파크에서는 관내 중소기업 우수제품의 온라인 매출 증대와 시장 경쟁력, 자생력 강화를 위한 맞춤형 온라인 마케팅 지원사업을 다음과 같이 공고하오니 많은 기업의 참여를 바랍니다.
☞ 공고일 기준 광주시 관내 제조업을 영위하는 중소기업
☞ 맞춤형 온라인 마케팅 지원(최대 300만원/개사)
- 제품홍보 상세페이지제작, 제품홍보 동영상 제작, 택배비 및 배송비, 제품홍보 키워드 검색 및 쇼핑검색 광고, 홈쇼핑(라이브커머스 등) 및 글로벌 이커머스 지원",판로/수출,경기테크노파크,경기도,중소기업,중소기업,,,,,,,홍보지원,2026-06-01,2026-06-19,,"우편 및 이메일 접수
- 접수처 : (15588) 경기도 안산시 상록구 해안로 705 (재)경기테크노파크 4동(지원편의동) 3층 318호 기술사업화팀 <2026년 광주e장터 중소기업 맞춤형 온라인마케팅지원사업 담당자 앞>
- 이메일 : ygh6463@gtp.or.kr","우편 및 이메일 접수
- 접수처 : (15588) 경기도 안산시 상록구 해안로 705 (재)경기테크노파크 4동(지원편의동) 3층 318호 기술사업화팀 <2026년 광주e장터 중소기업 맞춤형 온라인마케팅지원사업 담당자 앞>
- 이메일 : ygh6463@gtp.or.kr",https://www.bizinfo.go.kr/sii/siia/selectSIIA200Detail.do?pblancId=PBLN_000000000122719,main,primary,경기광주시2026년광주e장터맞춤형온라인마케팅지원사업참여기업모집공고,경기테크노파크,2026-06-01~2026-06-19,내수,홍보지원
biz,PBLN_000000000122718,[충북] 2026년 유망기업 IP투자연계 지식재산평가 지원사업 모집 재공고,"한국발명진흥회와 협업을 통해 기술기반 유망기업이 보유한 지식재산의 가치를 정량적으로 평가하고 평가 결과가 투자유치와 기술사업화 연계될 수 있도록 지식재산평가 비용을 지원하는「충북TP 유망기업 IP투자연계 지식재산평가 지원사업」을 다음과 같이 공고합니다.
☞ 투자유치 또는 기술사업화 연계를 목적으로 지식재산의 가치평가를 희망하는 기술기반 중소기업 및 중견기업
- 신청일 현재, 공개된 출원 특허 또는 등록된 특허ㆍ상표권을 보유한 기업
- 충북도 내 소재 및 주력산업(전후방) 분야 기업
※ 자세한 지원대상 공고문 참조
☞ 발명진흥법 제28조에 따라 지정된 발명 등의 평가기관이 수행하는 지식재산가치평가에 소요되는 평가비용(기업당 최대 1,500만원 이내) 지원
- 지식재산평가 1건당 평가비용 이내에서 80% 지원",기술,충북테크노파크,충청북도,중소기업,중소기업,,,,,,,기술사업화/이전/지도,예산 소진시까지,,,이메일 접수 (mjkwon@cbtp.or.kr),이메일 접수 (mjkwon@cbtp.or.kr),https://www.bizinfo.go.kr/sii/siia/selectSIIA200Detail.do?pblancId=PBLN_000000000122718,main,primary,충북2026년유망기업ip투자연계지식재산평가지원사업모집재공고,충북테크노파크,예산 소진시까지~,기술,기술사업화/이전/지도
biz,PBLN_000000000122717,[대구] 2026년 마을기업 사업기초 역량 강화 지원사업 모집공고,"(사)커뮤니티와경제 대구시마을기업지원기관에서는 2026년 예비로 지정된 마을기업들의 경제적, 조직적 지속가능성 역량 배양을 통한 신규 마을기업의 성장 토대 마련 지원을 위한 지
원사업으로 「2026년 대구광역시 마을기업 사업기초 역량강화 지원사업」을 추진하고자 합니다. 초기 안정화 및 성장을 모색하는 예비마을기업의 많은 참여 바랍니다.
☞ 2026년 지정 예비마을기업
① 2026년 예비마을기업 지정 된 마을기업
② 마을기업 4대 운영요건을 충족하는 마을기업
③ 법인등기와 사업자등록, 통장발급을 완료한 기업
☞ 사업개발비, 조직 및 기업경영 역량강화 등 지원",경영,커뮤니티와경제,대구광역시,마을기업,기타,,,,,,,디자인/상품화/사업화,2026-06-01,2026-06-13,,이메일 접수 (dg_cbcenter@cne.or.kr),이메일 접수 (dg_cbcenter@cne.or.kr),https://www.bizinfo.go.kr/sii/siia/selectSIIA200Detail.do?pblancId=PBLN_000000000122717,main,primary,대구2026년마을기업사업기초역량강화지원사업모집공고,커뮤니티와경제,2026-06-01~2026-06-13,경영,디자인/상품화/사업화
biz,PBLN_000000000122716,[울산] 2026년 국제특송 해외물류비 지원사업 참가기업 모집 수정 공고,"중동사태 등 지속적인 운임상승에 대응하여 울산 중소기업의 수출비용을 경감할 수 있도록 해외 수출입 물류비를 지원하는 “국제특송 해외물류비 지원사업”의 참가기업을 다음과 같이 모집하오니, 지역 기업의 많은 관심과 신청바랍니다.
☞ 울산광역시 관내에 본사 또는 사업장을 둔 중소기업
☞ 수출 및 수입 물류비 합산하여 기업당 최대 7백만원
- (수출 물류비) 기업당 최대 5백만원, 우체국(EMS) 단독 이용시 최대 3백만원
- (수입 물류비) 수출입 병행기업에 한하여 원부자재(수출 제품 생산과 직접 관련된 원자재 및 부품) 수입 물류비용 최대 2백만원",판로/수출,울산경제일자리진흥원,울산광역시,중소기업,중소기업,,,,,,,해외진출,예산 소진시까지,,,온라인 접수 (울산통상지원시스템),온라인 접수 (울산통상지원시스템),https://www.bizinfo.go.kr/sii/siia/selectSIIA200Detail.do?pblancId=PBLN_000000000122716,main,primary,울산2026년국제특송해외물류비지원사업참가기업모집수정공고,울산경제일자리진흥원,예산 소진시까지~,수출,해외진출
biz,PBLN_000000000122715,경북 첨단재생의료분야 임상시험용 시료 생산 지원사업 공고,"첨단재생의료분야 임상시험용 시료 생산 지원사업을 다음과 같이 공고하오니, 해당 지원사업에 참여하고자 하는 기업은 관련 규정에 따라 신청하여 주시기 바랍니다.
☞ 공고일 기준 경상북도에 본사, 지점 또는 종된사업장을 두고 있거나, 사업 선정 후 협약 체결일(또는 지정된 기한) 이전까지 경상북도 내로 본사, 지점, 종된사업장 중 1곳을 이전(또는 신설)할 예정인 기업(확약서 제출 필요, 미이전시 선정 취소)
- 임상 진입 직전 단계 기업 집중 지원 예정으로 다음의 조건을 모두 충족해야함
ㆍ 세포ㆍ유전자치료제 개발, 비임상 효능시험 완료, GLP 독성시험 진행 또는 완료하면서 임상시험 신청(IND)을 준비 중인 기업
☞ 임상 시험용 GMP Batch 생산, CMC 데이터 및 분석 결과서 확보 지원(기업당 지원 한도 1~1.2억원)
※ 자세한 지원내용 공고문 참조",기술,경북바이오산업연구원,경상북도,중소기업,중소기업,,,,,,,시험/인증,2026-06-09,2026-06-15,,"우편 및 이메일 접수
- 접수처 : 경북 안동시 풍산읍 산업단지2길 5, 경북바이오산업연구원 전략기획실(1층)
- 이메일 : kimdh1214@gib.re.kr","우편 및 이메일 접수
- 접수처 : 경북 안동시 풍산읍 산업단지2길 5, 경북바이오산업연구원 전략기획실(1층)
- 이메일 : kimdh1214@gib.re.kr",https://www.bizinfo.go.kr/sii/siia/selectSIIA200Detail.do?pblancId=PBLN_000000000122715,main,primary,경북첨단재생의료분야임상시험용시료생산지원사업공고,경북바이오산업연구원,2026-06-09~2026-06-15,기술,시험/인증
biz,PBLN_000000000122714,2026년 인천 블록체인 도입 컨설팅 지원기업 모집 공고,"인천테크노파크에서는 블록체인 기술 도입 과정에서 어려움을 겪고 있거나, 블록체인 기반 제품ㆍ서비스의 사업화를 추진 중인 인천 중소기업을 대상으로 맞춤형 컨설팅 및 네트워킹 지원을 제공하고자 「2026년 블록체인 도입 컨설팅」지원기업 모집을 다음과 같이 공고하오니 많은 관심과 참여 바랍니다.
☞ 블록체인 기술 도입 과정에서 어려움을 겪거나, 블록체인 기술 기반 제품ㆍ서비스 사업화가 필요한 인천 중소기업
- 인천 지역 내 중소기업(본사)
※ 타지역 기업은 선정 후 2개월 이내 인천시 이전ㆍ설립 필수(지원조건 동일)
☞ 기업진단, 맞춤형 컨설팅, 네트워킹 및 전문교육, 후속지원
- (기업진단) 사업모델, 기술역량, 팀구성 등 기업별 역량진단 및 성장 방향 설정
- (맞춤형 컨설팅) 블록체인 기술 도입ㆍ활용 전략 수립 등 사업화 컨설팅 지원
- (네트워킹 및 전문교육) 투자기관 및 유관기관 네트워킹, 산업 기술 트렌드 교육 운영
- (후속지원) 투자유치, 오픈이노베이션 등 후속 성장 지원 등",경영,인천테크노파크,인천광역시,중소기업,중소기업,,,,,,,컨설팅,2026-06-01,2026-06-17,,"이메일 접수 (pchy@tapaps.com)
※ 제출 서류 일체를 하나의 PDF 파일로 제출","이메일 접수 (pchy@tapaps.com)
※ 제출 서류 일체를 하나의 PDF 파일로 제출",https://www.bizinfo.go.kr/sii/siia/selectSIIA200Detail.do?pblancId=PBLN_000000000122714,main,primary,2026년인천블록체인도입컨설팅지원기업모집공고,인천테크노파크,2026-06-01~2026-06-17,경영,컨설팅
biz,PBLN_000000000122713,[경북] 포항시 2026년 수출기업 해외물류비 지원사업 지원기업 모집 공고,"포항시와 (재)포항테크노파크는 포항시 수출기업의 물류비 부담을 완화하고 수출경쟁력을 강화하기 위해「2026년 포항시 수출기업 해외물류비 지원사업」을 시행하오니, 많은 관심과 적극적인 참여를 바랍니다.
☞ 포항시 소재 중소ㆍ중견 제조기업으로, 다음 조건 중 하나를 충족하는 기업
- 직접 수출실적을 보유하고, 관내에 제조시설(공장) 또는 본사를 두며 사업자등록 및 공장등록을 필한 제조기업
- 직접 수출실적을 보유하고 관내에 본사를 두며, OEM(주문자 상표 부착 생산) 방식으로 위탁생산된 자사 제품을 수출하는 제조기업
☞ 국내 운송비, 국제 운송비, 창고비, 창고 작업비, 수출국 내륙 운송비, 견본품 및 서류 운송비, 물류주선(포워딩) 비용 지원",판로/수출,포항테크노파크,경상북도,중소기업,중소기업,,,,,,,해외진출,2026-06-01,2026-12-18,,온라인 접수(포항테크노파크),온라인 접수(포항테크노파크),https://www.bizinfo.go.kr/sii/siia/selectSIIA200Detail.do?pblancId=PBLN_000000000122713,main,primary,경북포항시2026년수출기업해외물류비지원사업지원기업모집공고,포항테크노파크,2026-06-01~2026-12-18,수출,해외진출
biz,PBLN_000000000122712,[인천] 2026년 소비자경험중심 컨설팅 지원 모집 공고,"제품, 서비스 및 아이디어 등 디자인 개발 과정에서 소비자의 목소리를 반영하고 전문가의 전략적 통찰을 더해 가치를 높여가고자 하는 인천 중소기업 대상으로 「2026년 소비자경험중심 컨설팅 지원」사업을 아래와 같이 시행하오니, 관심 있는 기업 분들의 많은 참여를 바랍니다.
☞ 인천 소재이며, 홈ㆍ헬스케어 분야의 제품 및 서비스, 아이디어를 개발(개선) 또는 기획하고자 하는 중소기업
☞ 소비자 워크숍 및 전문가 컨설팅 무상 지원",경영,인천테크노파크,인천광역시,중소기업,중소기업,,,,,,,컨설팅,2026-06-01,2026-06-19,,"온라인 접수 (온라인 웹하드)
※ 자세한 신청방법 공고문 참조","온라인 접수 (온라인 웹하드)
※ 자세한 신청방법 공고문 참조",https://www.bizinfo.go.kr/sii/siia/selectSIIA200Detail.do?pblancId=PBLN_000000000122712,main,primary,인천2026년소비자경험중심컨설팅지원모집공고,인천테크노파크,2026-06-01~2026-06-19,경영,컨설팅
biz,PBLN_000000000122711,[경남] 2026년 스타트업 혁신기술 밸류업 지원사업 모집 공고,"도내 스타트업이 연구개발을 통해 확보한 기술력을 전략적이고 체계적으로 활용ㆍ보호하도록 지원하는「2026년 경남 스타트업 혁신기술 밸류업 지원사업」을 다음과 같이 공고하오니 창업기업들의 많은 신청 바랍니다.
☞ 경남도내에 사업장을 두고 운영 중인 창업기업(업력 7년 이내)
- 제조업 또는「기업활동 규제완화에 관현 특별조치법 시행령」제2조에 따른 제조업 관련 서비스업을 영위하는 창업기업
☞ (기술역량 진단) 기업의 기술요약서 기반 특허 및 논문 DB활용하여 국내외 특허출원 현황분석 및 관련기술 IP 경쟁력 확보를 위한 전략수립 지원
- (맞춤형 특허전략 수립) 대상기술의 특허등록 가능여부, 특허 출원 방향수립 제시하며 특허출원을 통한 권리화 지원
- (기술가치평가) 보유하고 있는 핵심진단 기술의 잠재적 가치를 정량 및 정성지표를 통한 경제성 분석 지원",기술,경남창조경제혁신센터,경상남도,창업벤처,"스타트업,초기창업기업",,,,,,,기술사업화/이전/지도,2026-05-28,2026-06-21,,온라인 접수 (경남창업포털),온라인 접수 (경남창업포털),https://www.bizinfo.go.kr/sii/siia/selectSIIA200Detail.do?pblancId=PBLN_000000000122711,main,primary,경남2026년스타트업혁신기술밸류업지원사업모집공고,경남창조경제혁신센터,2026-05-28~2026-06-21,기술,기술사업화/이전/지도
biz,PBLN_000000000122709,[부산] 2026년 중소기업 밀집지역 위기대응 체계 구축사업 지역중소기업 밀집지역 생태계 공동회복 지원과제 수요기업 모집 재공고,"중소벤처기업부와 부산광역시가 지원하는 「2026년 중소기업 밀집지역 위기대응 체계 구축사업」 지역중소기업 밀집지역 생태계 공동회복 지원과제를 다음과 같이 추진하오니, 참여를 희망하는 해당지역 중소기업들의 많은 신청 바랍니다.
☞ 부산광역시 밀집지역 생태계 공동회복 지원과제 지원 대상 중소기업 밀집지역 소재 중소기업
※ 자세한 지원대상 공고문 참조
☞ 부산광역시 신발산업 AIㆍDX 공동전환 가속화 프로그램 지원
- 신발산업 특화 AIㆍDX 활용 역량 강화 교육 운영, 생성형 AI 기반 콘텐츠 제작 실습 및 활용, 실습 중심 공동 프로젝트 운영, 기업 현장 적용을 위한 기초 활용, 성과관리 지원",경영,부산테크노파크,부산광역시,중소기업,중소기업,,,,,,,디자인/상품화/사업화,2026-06-01,2026-06-15,,온라인 접수 (부산테크노파크 전자평가시스템),온라인 접수 (부산테크노파크 전자평가시스템),https://www.bizinfo.go.kr/sii/siia/selectSIIA200Detail.do?pblancId=PBLN_000000000122709,main,primary,부산2026년중소기업밀집지역위기대응체계구축사업지역중소기업밀집지역생태계공동회복지원과제수요기업모집재공고,부산테크노파크,2026-06-01~2026-06-15,경영,디자인/상품화/사업화
biz,PBLN_000000000122708,[경북] 포항시 지역 SW아웃소싱 개발기업 지원사업 참여기업 모집 공고,"(재)포항테크노파크는 포항시와 함께 아웃소싱을 통한 효과적인 SW개발 문화 확산과 지역 내 자생적 디지털 생태계 구축을 위한 「지역 SW아웃소싱 개발기업 지원사업」을 아래와 같이 공고하오니, 포항지역 내 기업의 많은 신청을 바랍니다.
☞ SW개발이 필요한 관내(포항시 소재) 수요기업 및 공급기업
- 수요기업 : SW개발이 필요한 기업(全산업분야)
- 공급기업 : SW를 공급할 기업(SW사업자 등록기업)
☞ 수요기업의 아웃소싱 SW개발비가 40,000천원 이상일 경우 사업비(개발 지원금) 지원 예정",기술,포항테크노파크,경상북도,중소기업,중소기업,,,,,,,기술사업화/이전/지도,2026-06-01,2026-07-03,,"온라인 접수(포항테크노파크)
※ 오류 발생 시 이메일 제출
- 수요기업 : 2026.06.01. ~ 2026.06.12.까지
- 공급기업 : 2026.06.15. ~ 2026.07.03.까지","온라인 접수(포항테크노파크)
※ 오류 발생 시 이메일 제출
- 수요기업 : 2026.06.01. ~ 2026.06.12.까지
- 공급기업 : 2026.06.15. ~ 2026.07.03.까지",https://www.bizinfo.go.kr/sii/siia/selectSIIA200Detail.do?pblancId=PBLN_000000000122708,main,primary,경북포항시지역sw아웃소싱개발기업지원사업참여기업모집공고,포항테크노파크,2026-06-01~2026-07-03,기술,기술사업화/이전/지도
biz,PBLN_000000000122707,[전북] 2026년 2차 벤처기업 혁신제품 시장진출 지원사업 모집 공고,"전북벤처산업발전협의회에서는 전북특별자치도 내 벤처기업의 차별화된 기술력 기반으로 혁신 제품의 공신력을 인정받아 국내ㆍ외 시장 판로 확대를 위해 혁신성 공공성 입증 지원, 공공시장 진입 준비 지원, 지식재산 및 법적 요건 지원, 사업 고도화 지원 등 참여기업을 모집하오니 많은 관심과 참여 부탁드립니다.
☞ 혁신제품 지정 준비 중인 전북특별자치도 소재(본사) 벤처기업으로 2026년 조달청 또는 다른 부처 혁신제품 지정 신청 예정, 준비 중인 기업
☞ 벤처기업 혁신제품 시장 진출(기업지원금 최대 2,500만원 이내)지원
- 국내ㆍ외 시장 판로 확대를 위해 혁신성 공공성 입증 지원, 공공시장 진입 준비 지원, 지식재산 및 법적 요건 지원, 사업 고도화 지원 등",기술,전북벤처산업발전협의회,전북특별자치도,창업벤처,초기창업기업,,,,,,,시험/인증,2026-06-01,2026-06-10,,"이메일 또는 방문 접수
- 접수처 : 전북벤처산업발전협의회
- 이메일 : mdchoi@jvada.or.kr
※ 파일은 압축 후 pdf 혹은 hwp 형식으로 제출","이메일 또는 방문 접수
- 접수처 : 전북벤처산업발전협의회
- 이메일 : mdchoi@jvada.or.kr
※ 파일은 압축 후 pdf 혹은 hwp 형식으로 제출",https://www.bizinfo.go.kr/sii/siia/selectSIIA200Detail.do?pblancId=PBLN_000000000122707,main,primary,전북2026년2차벤처기업혁신제품시장진출지원사업모집공고,전북벤처산업발전협의회,2026-06-01~2026-06-10,기술,시험/인증
biz,PBLN_000000000122706,[경북] 포항시 2026년 유망강소기업 재지정 신청 공고,"지역 주력산업 재도약과 신성장산업 경쟁력 강화를 위한「포항시 유망강소기업」의 재지정 신청을 다음과 같이 안내하오니, 재지정을 희망하는 졸업기업은 절차에 따라 신청하여 주시기 바랍니다.
☞ 공고일 현재 지정기간이 만료된 포항시 유망강소기업 
- 공고일 현재 포항시 내 본사 및 주사업장 소재
- 한국표준산업분류표상 제조업, 지식기반서비스업 영위 기업
☞ 재지정일로부터 포항시 유망강소기업 지정기간 3년 연장",경영,포항테크노파크,경상북도,중소기업,중소기업,,,,,,,디자인/상품화/사업화,2026-06-01,2026-06-11,,온라인 접수(포항테크노파크),온라인 접수(포항테크노파크),https://www.bizinfo.go.kr/sii/siia/selectSIIA200Detail.do?pblancId=PBLN_000000000122706,main,primary,경북포항시2026년유망강소기업재지정신청공고,포항테크노파크,2026-06-01~2026-06-11,경영,디자인/상품화/사업화
biz,PBLN_000000000122705,2026년 2차 첨단제조로봇 실증사업지원 과제 모집 공고,"제조로봇을 통한 디지털 전환 실수요 대응 및 로봇 공정 시스템 시장 확산을 위한 「2026년 첨단제조로봇 실증사업」지원 과제 (2차)를 다음과 같이 모집하오니 참여를 희망하는 기관 및 기업 등은 절차에 따라 신청하여 주시기 바랍니다.
☞ 로봇공정모델 실증기준에 적합하며 실증과제에 대한 안정적 수행이 가능한 수요-공급 컨소시엄 구성
- 지원분야 : 뿌리(기계, 금속ㆍ플라스틱, 자동차, 전기ㆍ전자), 조선ㆍ항공, 섬유, 식ㆍ음료, 바이오ㆍ화학, 로봇-장비 업종의 로봇공정모델(215개) 대상 공정
※ 자세한 지원대상 공고문 참조
☞ 제조공장 내 로봇 설치비용(로봇 주변 설비 포함) 지원
- (실증) 최적 공정 설계를 위한 컨설팅, 공정모델 실증, 작업장 안전 인증 등 로봇공정모델 실증을 위한 단계별 패키지 지원
- 로봇공정모델 적용을 통한 공정 첨단화 및 旣개발 모델을 실증지원하며 일반기업(민간)과 공공기관(공공)이 수요처로 참여 가능
※ 자세한 지원내용 공고문 참조
※ 3.2026년 로봇공정모델 실증기준 안내서 출처 바로가기 내 다운로드",기술,한국로봇산업진흥원,전국,중소기업,중소기업,,,,,,,기술사업화/이전/지도,2026-06-16,2026-06-30,,온라인 접수 (사업관리시스템(PMS)),온라인 접수 (사업관리시스템(PMS)),https://www.bizinfo.go.kr/sii/siia/selectSIIA200Detail.do?pblancId=PBLN_000000000122705,main,primary,2026년2차첨단제조로봇실증사업지원과제모집공고,한국로봇산업진흥원,2026-06-16~2026-06-30,기술,기술사업화/이전/지도
biz,PBLN_000000000122704,2026년 2차 로봇분야 해외인증 획득비용 지원사업 모집 공고,"국내 로봇기업의 수출을 위한 해외인증 비용 부담을 경감하기 위하여 로봇분야 해외인증 획득비용 지원사업의 참여기업을 다음과 같이 모집하오니 참여를 희망하는 기업은 절차에 따라 신청하여 주시기 바랍니다.
☞ 국내 로봇기업 중 로봇 수출에 필요한 해외인증 획득 컨설팅 또는 인증심사를 수행 중이거나 신규로 수행하고자 하는 중소기업, 중견기업
☞ 기업당 최대 5천만원 이내 지원
- 로봇의 해외인증 획득에 직접적으로 소요되는 인증비, 시험비, 컨설팅비 등 소요재원 지원",판로/수출,한국로봇산업진흥원,전국,중소기업,중소기업,,,,,,,해외진출준비,2026-06-01,2026-06-19,,온라인 접수 (한국로봇산업진흥원 사업관리시스템),온라인 접수 (한국로봇산업진흥원 사업관리시스템),https://www.bizinfo.go.kr/sii/siia/selectSIIA200Detail.do?pblancId=PBLN_000000000122704,main,primary,2026년2차로봇분야해외인증획득비용지원사업모집공고,한국로봇산업진흥원,2026-06-01~2026-06-19,수출,해외진출준비
biz,PBLN_000000000122703,2026년 글로벌 스타트업 박람회 참가지원 창업기업 모집 공고,"전북창조경제혁신센터에서는 창업 7년 미만의 우수 창업기업의 글로벌 스타트업 박람회 참가 지원을 통해 기업의 해외 진출 가능성 검증 및 경쟁력 제고를 위한 「2026년 글로벌 스타트업 박람회 참가지원」창업기업을 모집하오니 많은 관심과 참여 바랍니다.
☞ 글로벌 진출을 희망하는 업력 7년 이내 창업기업(’19.6.1.~’26.5.31.)
- 전북지역 내 본사 주소지를 두거나 협약 체결 전까지 전북으로 이전 예정인 창업기업
※ 중소기업창업 지원법 제25조(유망 신산업ㆍ기술 창업기업 집중 육성)에 따라 중소벤처기업부 장관이 고시하는 신산업창업 분야의 중소기업은 업력 10년까지 신청가능
☞ 글로벌 스타트업 박람회 창업기업 제품ㆍ서비스 전시 부스 지원(기업당 1회 최대 7,000천원 지원)",판로/수출,전북창조경제혁신센터,전북특별자치도,창업벤처,"스타트업,초기창업기업",,,,,,,해외진출,2026-06-01,2026-06-19,,온라인 접수 (전북창조경제혁신센터 온라인 신청 플랫폼),온라인 접수 (전북창조경제혁신센터 온라인 신청 플랫폼),https://www.bizinfo.go.kr/sii/siia/selectSIIA200Detail.do?pblancId=PBLN_000000000122703,main,primary,2026년글로벌스타트업박람회참가지원창업기업모집공고,전북창조경제혁신센터,2026-06-01~2026-06-19,수출,해외진출
biz,PBLN_000000000122702,2026년 지식재산처 우수특허기반 혁신제품 지정기간 2차연장 공고,"「조달사업에 관한 법률 시행령」제33조 제3항 및 기획재정부 훈령 「혁신제품 지정 및 구매촉진 등에 관한 규정」제13조에 따라 아래와 같이 ’2026년 지식재산처 우수특허기반 혁신제품 지정기간 2차연장 공고’일정을 안내하오니, 지정기간 연장을 희망하는 혁신제품 지정 기업은 관련 규정 및 아래의 내용을 반드시 확인하신 후 신청하여 주시기 바랍니다.
☞ 지식재산처 우수특허기반 혁신제품 보유기업
- 1차 연장기간(1년)의 만료가 도래되는 혁신제품
※ 금회 지정기간 만료일 (2026. 9. 26.)
☞ 혁신제품지정 기간 연장 승인 지원
※ 자세한 지원내용 공고문 참조",기술,한국발명진흥회,지식재산처,중소기업,중소기업,,,,,,,시험/인증,2026-06-01,2026-06-30,,이메일 접수 (fast@kipa.org),이메일 접수 (fast@kipa.org),https://www.bizinfo.go.kr/sii/siia/selectSIIA200Detail.do?pblancId=PBLN_000000000122702,main,primary,2026년지식재산처우수특허기반혁신제품지정기간2차연장공고,한국발명진흥회,2026-06-01~2026-06-30,기술,시험/인증
biz,PBLN_000000000122701,2026년 2차 민관협력 오픈이노베이션 지원 사업 방산 스타트업 챌린지(모두의 챌린지–방산) 수요기업 협업 과제 모집 공고,"방산 분야 신기술 적용 수요가 있는 군 및 수요기업과 창업기업 간 협력을 통한 동반 성장 지원을 위해「민관협력 오픈이노베이션 지원」2026년 제2차 방산 스타트업 챌린지(모두의 챌린지–방산) 수요기업 협업 과제를 다음과 같이 모집합니다.
☞ 창업기업과 협업을 희망하는 군 및 방산 분야 수요기업
- 군(육ㆍ해ㆍ공군ㆍ해병대), 방산 분야 수요기업(대ㆍ중견기업ㆍ공공기관 등)
☞ 창업기업 대상 군ㆍ수요기업과 협업 추진에 필요한 사업화 자금(과제별 최대 1억원) 및 후속 연계 지원
- (사업화 자금) 군ㆍ수요기업과 협업을 통한 기술검증(PoC), 시제품 제작 등에 소요되는 자금 지원(창업기업 선정평가 후 지급액 확정)
- (후속 연계 지원) 중소벤처기업부 기술개발 지원사업 연계 지원",기술,창업진흥원,전국,중소기업,"스타트업,중소기업",,,,,,,기술사업화/이전/지도,2026-06-02,2026-06-22,,"① 방산 분야 수요기업(대ㆍ중견기업ㆍ공공기관 등) : 온라인 접수(K-Startup)
② 군(육군ㆍ해군ㆍ공군ㆍ해병대) : 국방부로 접수","① 방산 분야 수요기업(대ㆍ중견기업ㆍ공공기관 등) : 온라인 접수(K-Startup)
② 군(육군ㆍ해군ㆍ공군ㆍ해병대) : 국방부로 접수",https://www.bizinfo.go.kr/sii/siia/selectSIIA200Detail.do?pblancId=PBLN_000000000122701,main,primary,2026년2차민관협력오픈이노베이션지원사업방산스타트업챌린지모두의챌린지방산수요기업협업과제모집공고,창업진흥원,2026-06-02~2026-06-22,기술,기술사업화/이전/지도
biz,PBLN_000000000122700,2026년 하반기 우수 기업부설연구소 지정 신청 공고,"기업부설연구소의 경쟁력 제고와 질적 성장을 견인하기 위하여 연구개발 역량이 탁월하고, 기술혁신 활동이 우수한 기업부설연구소를 ‘우수 기업부설연구소’로 지정하고자 하오니 희망하는 기업은 관련 절차에 따라 신청하여 주시기 바랍니다.
☞ 기술혁신 성과가 우수한 중소ㆍ중견기업
-「기업부설연구소등의 연구개발 지원에 관한 법률」제7조에 따라 인정받아 3년(접수 마감일 기준) 이상 운영한 기업부설연구소
※ 기업부설연구소를 보유한 법인이 개인기업에서 법인기업으로 전환한 경우, 동일 업종(한국표준산업분류상 소분류)을 영위하는 경우에 한하여 기업부설연구소 운영기간 인정
- R&D 역량진단 결과 전체 상위 30% 이내에 해당하는 기업
※ 우수 기업부설연구소 지정 이후 R&D 역량진단 결과 상위 30%이내 3년간 유지 필요
☞ 우수 기업부설연구소 지정 확정일로부터 3년간 지정, 지정 혜택 등 지원
- 지정 혜택 : 과기정통부 장관명의 지정서(현판) 수여, 홍보 지원, 정부포상 및 추천, 국가 R&D 사업 선정 우대 및 가점 부여",기타,한국산업기술진흥협회,전국,중소기업,중소기업,,,,,,,제도,2026-06-01,2026-07-06,,온라인 접수 (우수기업연구소 홈페이지),온라인 접수 (우수기업연구소 홈페이지),https://www.bizinfo.go.kr/sii/siia/selectSIIA200Detail.do?pblancId=PBLN_000000000122700,main,primary,2026년하반기우수기업부설연구소지정신청공고,한국산업기술진흥협회,2026-06-01~2026-07-06,기타,제도
biz,PBLN_000000000122699,[충북] 2026년 2차 지역기업 성장사다리 지원사업 공고,"2026년 중소벤처기업부와 충청북도가 지원하는 지역기업 성장사다리 지원사업 수행자로 지정된 충북테크노파크에서 지원대상별 지원 프로그램을 안내하오니, 지원 프로그램별 참여를 희망하는 충북 지역 중소기업의 많은 신청 바랍니다.
☞ 사업자등록증 상 본사가 충북지역 내 소재하며, 충북지역 주력산업 분야(KSIC코드 첨부 必)를 영위하는 중소기업
☞ 예비선도 기업(기술ㆍ시장선도), MEGA-US 베트남 K-BRAND 엑스포 2026(전시회 참가)별 프로그램 지원
※ 자세한 지원내용 공고문 참조",경영,충북테크노파크,충청북도,중소기업,중소기업,,,,,,,디자인/상품화/사업화,2026-06-01,2026-06-17,,온라인 접수 (기업지원사업 관리시스템),온라인 접수 (기업지원사업 관리시스템),https://www.bizinfo.go.kr/sii/siia/selectSIIA200Detail.do?pblancId=PBLN_000000000122699,main,primary,충북2026년2차지역기업성장사다리지원사업공고,충북테크노파크,2026-06-01~2026-06-17,경영,디자인/상품화/사업화
biz,PBLN_000000000122698,[경기] 부천시 2026년 세라믹 첨단산업 및 제조산업 지원사업 모집 공고,"부천 소재 중소기업의 매출향상, 고용창출, 기술경쟁력 제고 및 사업화 촉진을 위하여「2026년도 부천시 세라믹 첨단산업 및 제조산업 지원사업」을 다음과 같이 공고하오니, 동 사업에 참여하고자 하는 분들의 많은 관심과 참여 바랍니다.
☞ 부천에 본사 또는 공장 소재하는 중소 또는 중견기업 (제조업)
※ 본사 또는 본사 및 공장 모두 보유 우대
※ 「중소기업기본법」제2조의 규정에 의한 제조기반 부천시 소재 중소기업
- 지원분야 : 주력산업 고도화 및 4차 산업, 환경분야, 첨단세라믹 제조업
☞ 제품화 지원사업, 생산활동 지원사업
- (제품화 지원 사업) 공정 개선, 선진 제품 벤치마킹 관련 시제품, 시작품, 신제품 등 제품화 관련 제작비
- (생산 활동 지원 사업) 전문가 지원, 지적재산권 지원, 인증, 평가, 교육 등 지원, 전시회 참가 지원, 홍보비 지원, 기타 지원",경영,한국세라믹기술원,경기도,중소기업,중소기업,,,,,,,디자인/상품화/사업화,2026-06-01,2026-06-12,,"방문 및 이메일 접수
- 접수처 : 한국세라믹기술원 수도권사무소 분석ㆍ표준화사업단(경기도 부천시 원미구 송내대로 부천TP 2단지 203동 504호)
- 이메일 : TRCKICET@gmail.com","방문 및 이메일 접수
- 접수처 : 한국세라믹기술원 수도권사무소 분석ㆍ표준화사업단(경기도 부천시 원미구 송내대로 부천TP 2단지 203동 504호)
- 이메일 : TRCKICET@gmail.com",https://www.bizinfo.go.kr/sii/siia/selectSIIA200Detail.do?pblancId=PBLN_000000000122698,main,primary,경기부천시2026년세라믹첨단산업및제조산업지원사업모집공고,한국세라믹기술원,2026-06-01~2026-06-12,경영,디자인/상품화/사업화
biz,PBLN_000000000122697,2026년 일본 오사카 기계요소 전시회 한국관 참가기업 추가 모집 공고,"KOTRA와 (재)경기도경제과학진흥원은 2026년 10월 07일 ~ 10월 09일 (3일간) 일본 오사카에서 개최되는 ‘2026 일본 오사카 기계요소 전시회(M-Tech)’ 한국관 참가기업을 아래와 같이 모집하오니 관심 기업들의 많은 신청 바랍니다. 
☞ 일본 오사카 기계요소 전시회(M-Tech) 참가를 원하는 기업
- 전시품목 : 금속, 기계부품, 베어링, 벨트 체인, 콤프레셔, 설계ㆍ제조 솔루션, 공장 설비ㆍ비품, 3D 프린터, 제조 AIㆍIoT, 계측ㆍ검사ㆍ센서, 제조업 DX(디지털 전환), 제조 ODMㆍEMS, 제조업 사이버 보안, 피지컬 AI 등
☞ 부스임차료와 장치비의 70% 이내 국고지원, 한국관 디렉토리 제작비 100%, 운송비 1CBM 편도 100%, 행정지원, 전시회 현장 지원",판로/수출,경기도경제과학진흥원,경기도,중소기업,중소기업,,,,,,,시장개척,2026-05-28,2026-06-12,,"아래 2가지 신청을 모두 완료해야 최종 신청 완료로 간주
① 신청서류 이메일 제출 (경기도경제과학진흥원 전시컨벤션팀 minzi@gbsa.or.kr)
② 경기도경제과학진흥원으로 신청 기간 내 참가 신청금 납부","아래 2가지 신청을 모두 완료해야 최종 신청 완료로 간주
① 신청서류 이메일 제출 (경기도경제과학진흥원 전시컨벤션팀 minzi@gbsa.or.kr)
② 경기도경제과학진흥원으로 신청 기간 내 참가 신청금 납부",https://www.bizinfo.go.kr/sii/siia/selectSIIA200Detail.do?pblancId=PBLN_000000000122697,main,primary,2026년일본오사카기계요소전시회한국관참가기업추가모집공고,경기도경제과학진흥원,2026-05-28~2026-06-12,수출,시장개척
biz,PBLN_000000000122696,2026년 스포츠산업 창업아이디어 공모전 개최 연장 공고(올해의 K-스타트업 2026),"「올해의 K-스타트업 2026」 부처통합 창업경진대회의 예선 리그인 ‘스포츠산업 창업 아이디어 공모전(K-SPORTS BOOSTER PROGRAM 아이디어 공모전)’의 참가자(팀) 모집을 위해 다음과 같이 공고하오니, 창업자들의 많은 참여 바랍니다.
☞ 통합공고일(26.03.27.)기준 예비창업자 또는 3년이내 창업기업 대표자
☞ 올해의 K-스타트업2026 본선 진출권 부여 및 심화 멘토링 지원 
- 최우수상 및 우수상 : 27년 예비초기(도약)창업 지원센터 보육기회 지원
- 장려상 : 27년 예비초기(도약)창업 지원 서류평가 면제
※ 자세한 지원내용 공고문 참조",창업,국민체육진흥공단,전국,창업벤처,"스타트업,초기창업기업",,,,,,,사업화지원,2026-04-27,2026-06-08,,온라인 접수(K-sports booster),온라인 접수(K-sports booster),https://www.bizinfo.go.kr/sii/siia/selectSIIA200Detail.do?pblancId=PBLN_000000000122696,main,primary,2026년스포츠산업창업아이디어공모전개최연장공고올해의k스타트업2026,국민체육진흥공단,2026-04-27~2026-06-08,창업,사업화지원
biz,PBLN_000000000122695,[충남] 2026년 지역 대표 K-브랜드 100 지원 사업 지원 대상 모집 공고,"지역 활성화 도모를 위해 지역향토 문화ㆍ특산품의 특색을 반영한 IP권리화 및 브랜드 개발전략을 지원하는 「지역 대표 K-브랜드 100지원」사업을 아래와 같이 공고하오니 희망하는 지역특산품 생산ㆍ가공단체 및 소상공인 공동체 등은 아래에 따라 신청하여 주시기 바랍니다.
☞ 지역 특산품 생산ㆍ가공단체, 소상공인 공동체 등
☞ 공동상표 출원, 공동디자인 출원 등 10건 이상의 IP출원, IP상담 및 지역대표 향토문화ㆍ특산품의 IP브랜드화, 브랜드 전략 수립 관련 지원ㆍ보고서 등 지원",경영,충남북부상공회의소,충청남도,소상공인,소상공인,,,,,,,디자인/상품화/사업화,2026-05-27,2026-06-10,,온라인 접수 (지역지식재산센터 사업관리시스템),온라인 접수 (지역지식재산센터 사업관리시스템),https://www.bizinfo.go.kr/sii/siia/selectSIIA200Detail.do?pblancId=PBLN_000000000122695,main,primary,충남2026년지역대표k브랜드100지원사업지원대상모집공고,충남북부상공회의소,2026-05-27~2026-06-10,경영,디자인/상품화/사업화
biz,PBLN_000000000122694,[대전ㆍ세종] 2026년 관광 일자리 페스타 참가기업 모집 공고,"대전관광공사는 대전시, 세종시, 한국관광공사와 함께 대전ㆍ세종 관광ㆍMICE 기업 맞춤형 인재 채용 및 인건비 지원 프로그램을 운영하고자 ‘2026 관광 일자리 페스타 – 대전ㆍ세종편’ 참가기업을 모집하오니 많은 관심과 참여 부탁드립니다.
☞ 대전ㆍ세종 소재 관광ㆍMICE 기업
① 관광진흥법 시행령(관광사업의 종류)에 해당하는 대전ㆍ세종 관광기업
② 관광 관련 상품 또는 서비스 등으로 공고일 기준 현재 대전ㆍ세종 지역에 개인사업자 또는 법인사업자로 등록된 기업
☞ 기업당 인턴 1명 급여의 약 60.3% 지원
- (관광공사 지원) 채용 인턴 1인당 월 최대 130만 원 지원
- (직무교육 지원) 집합 교육(오프라인) 8시간, 관광 e-배움터(온라인) 8시간 진행",인력/일자리,대전관광공사,대전광역시,중소기업,중소기업,,,,,,,고용유지,2026-05-26,2026-06-08,,이메일 접수(nari1742@djto.kr),이메일 접수(nari1742@djto.kr),https://www.bizinfo.go.kr/sii/siia/selectSIIA200Detail.do?pblancId=PBLN_000000000122694,main,primary,대전ㆍ세종2026년관광일자리페스타참가기업모집공고,대전관광공사,2026-05-26~2026-06-08,인력,고용유지
biz,PBLN_000000000122693,2026년 인도 뭄바이 코스모프로프 미용 전시회 2026(Cosmoprof India Mumbai 2026) 한국관 참가기업 모집 공고,"KOTRA와 (사)국제뷰티산업교역협회는 2026년 12월 10일 ~ 12월 12일 (3일간) 인도 뭄바이에서 개최되는 ‘2026 인도 뭄바이 코스모프로프 미용 전시회 (Cosmoprof India Mumbai 2026)’의 한국관 참가기업을 아래와 같이 모집하오니 관심 기업들의 많은 신청 바랍니다.
☞ 2026 인도 뭄바이 코스모프로프 미용 전시회에 참가 희망하는 기업
- 전시품목 : 화장품, 헤어, 네일, 미용기기 등
☞ 부스임차료와 장치비의 50%이내, 운송비 1CBM 편도 100%, 한국관 디렉토리 제작비 100%, 행정ㆍ마케팅 및 홍보, 전시회 현장 지원",판로/수출,대한무역투자진흥공사,전국,중소기업,중소기업,,,,,,,해외진출,2026-06-01,2026-06-29,,"아래 3가지 절차를 모두 완료해야 최종 신청 완료로 간주 
① KOTRA 무역투자24 또는 글로벌 전시포털(GEP) 온라인 신청
② 신청서류 이메일 제출 (ibitaday@ibita.or.kr)
③ (사)국제뷰티산업교역협회로 참가 신청금 납부
※ 자세한 신청방법 공고문 참조","아래 3가지 절차를 모두 완료해야 최종 신청 완료로 간주 
① KOTRA 무역투자24 또는 글로벌 전시포털(GEP) 온라인 신청
② 신청서류 이메일 제출 (ibitaday@ibita.or.kr)
③ (사)국제뷰티산업교역협회로 참가 신청금 납부
※ 자세한 신청방법 공고문 참조",https://www.bizinfo.go.kr/sii/siia/selectSIIA200Detail.do?pblancId=PBLN_000000000122693,main,primary,2026년인도뭄바이코스모프로프미용전시회2026cosmoprofindiamumbai2026한국관참가기업모집공고,대한무역투자진흥공사,2026-06-01~2026-06-29,수출,해외진출
biz,PBLN_000000000122692,[서울] 2026년 중국(광저우ㆍ청두) 시장개척단 참가기업 모집 공고,"중동 정세 불안 및 글로벌 공급망 불확실성으로 수출 판로가 위축됨에 따라 어려움을 겪고 있는 서울 소재 중소기업의 수출리스크를 분산하고 성장 동력을 견고화하기 위해「2026년 중국(광저우, 청두) 시장개척단」을 아래와 같이 개최할 예정이오니 관련 분야 관심의 많은 관심과 참여 부탁드립니다.
☞ 중동전쟁 관련 수출피해를 입은 서울 소재 생활 소비재 분야 중소기업
- (분야) 뷰티, 식품, 패션 등 생활 소비재
☞ 현지 비즈니스 관련 활동 비용(통역, 공식 일정 차량 지원 등) 지원
- 상담회 개최 비용(행사장 임차, 해외 시장조사, 바이어 발굴 및 섭외, 홍보물 제작 등) 지원
- 사전ㆍ현지 마케팅 지원 및 사후관리 등 지원",판로/수출,서울경제진흥원,서울특별시,중소기업,중소기업,,,,,,,시장개척,2026-06-01,2026-06-10,,온라인접수(서울경제진흥원),온라인접수(서울경제진흥원),https://www.bizinfo.go.kr/sii/siia/selectSIIA200Detail.do?pblancId=PBLN_000000000122692,main,primary,서울2026년중국광저우ㆍ청두시장개척단참가기업모집공고,서울경제진흥원,2026-06-01~2026-06-10,수출,시장개척
biz,PBLN_000000000122691,[경북] 2026년 중국 종합품목 무역사절단 참가기업 모집 공고,"경상북도와 KOTRA 대구경북지원본부에서는 도내 수출 유망 중소기업의 중국 시장 판로 개척을 위하여 아래와 같이 해외 파견단을 모집하오니 관심 기업의 많은 신청 바랍니다.
☞ 경북 소재 중소기업으로 제조 또는 수출하는 기업
☞ 현지 바이어 섭외 및 1:1 수출상담회 주선, 통역, 현지 이동 및 식사(공식일정) 지원
- 최종 선정 업체당 1명 왕복 항공료 50% 지원(이코노미석 기준)",판로/수출,대한무역투자진흥공사,경상북도,중소기업,중소기업,,,,,,,해외진출,2026-06-01,2026-06-22,,"온라인 및 이메일 접수
- 온라인 : 무역투자24
- 이메일 : kje88@kotra.or.kr
※ 온라인 신청 후 필요서류 KOTRA로 이메일 제출","온라인 및 이메일 접수
- 온라인 : 무역투자24
- 이메일 : kje88@kotra.or.kr
※ 온라인 신청 후 필요서류 KOTRA로 이메일 제출",https://www.bizinfo.go.kr/sii/siia/selectSIIA200Detail.do?pblancId=PBLN_000000000122691,main,primary,경북2026년중국종합품목무역사절단참가기업모집공고,대한무역투자진흥공사,2026-06-01~2026-06-22,수출,해외진출
biz,PBLN_000000000122690,[경북] 2026년 IT분야 여성 취창업 지원사업 예비(기)창업자 모집 연장 공고,"경북지역 IT분야 여성 창업 활성화 및 여성기업 육성을 위한 「IT분야 여성 취창업 지원사업」에서 다음과 같이 참여기업을 모집하오니 많은 참여 바랍니다.
☞ 경북지역 IT분야 여성 예비 창업자 및 기업(3년 이내)
☞ (기업 지원) 시제품 제작, 전문 컨설팅 및 멘토링, 마케팅 홍보물 제작, 지재권 취득, 언론홍보 등 제품의 조기 사업화 지원
- (역량강화) 역량강화 세미나 및 워크숍, 여성기업인 간 네트워킹 지원 등
※ 자세한 지원내용 공고문 참조",창업,IT여성기업인협회 영남지회,경상북도,여성기업,여성,,,,,,,사업화지원,2026-05-26,2026-06-15,,"이메일 접수 (kibwadg@kibwadg.org)
※ 이메일 접수 후, 전화통화로 접수 여부 확인 필수(사업담당자에게 수신확인 必)","이메일 접수 (kibwadg@kibwadg.org)
※ 이메일 접수 후, 전화통화로 접수 여부 확인 필수(사업담당자에게 수신확인 必)",https://www.bizinfo.go.kr/sii/siia/selectSIIA200Detail.do?pblancId=PBLN_000000000122690,main,primary,경북2026년it분야여성취창업지원사업예비기창업자모집연장공고,it여성기업인협회영남지회,2026-05-26~2026-06-15,창업,사업화지원
biz,PBLN_000000000122689,2026년 2차 대ㆍ중소기업 동반진출 지원사업 주관기업 모집 공고,"대ㆍ중소기업 간 상생협력을 통한 중소기업 해외진출을 촉진하기 위해 2026년도 「대ㆍ중소기업 동반진출 지원사업」의 주관기업 모집을 다음과 같이 공고합니다.
☞ 인프라 및 네트워크를 참여기업에 지원할 수 있는 대기업, 중견기업, 공공기관 등
※ 주관기업의 역할로 대ㆍ중소기업 동반진출 과제를 발굴 및 신청
☞ 대기업 등 현지 네트워크와 인프라를 활용하여 해외진출을 희망하는 중소기업의 해외 마케팅 및 현지화 활동 지원
※ 자세한 내용 공고문 참조",판로/수출,대중소기업농어업협력재단,전국,중소기업,중소기업,,,,,,,시장개척,2026-06-01,2026-06-26,,온라인 접수 (상생누리 플랫폼),온라인 접수 (상생누리 플랫폼),https://www.bizinfo.go.kr/sii/siia/selectSIIA200Detail.do?pblancId=PBLN_000000000122689,main,primary,2026년2차대ㆍ중소기업동반진출지원사업주관기업모집공고,대중소기업농어업협력재단,2026-06-01~2026-06-26,수출,시장개척
biz,PBLN_000000000122688,2026년 AFPRO 유통MD품평회(판로 업!(UP!)) 참여기업 모집 공고,"한국농업기술진흥원에서 농식품 기업의 판로확대 및 매출성장을 위한「AFPRO 2026 유통MD 품평회」를 개최합니다. 농식품 관련 기업들의 많은 관심과 참여를 바랍니다.
☞ AFPRO 2026 부스 참여기업 및 부스 참여기업, 농식품 벤처창업활성화 지원사업 수혜 이력 기업 등
☞ 유통사ㆍ바이어 등과 입점 요건ㆍ추진 절차 등 1:1 컨설팅, 패키지ㆍ용량ㆍ맛 등 제품개선을 위한 소구포인트 발굴, 박람회 운영 기간(3일) 동안 다양한 유통사 MD 참석 지원",판로/수출,한국농업기술진흥원,농촌진흥청,중소기업,중소기업,,,,,,,오프라인,2026-06-01,2026-06-10,,온라인 접수 (농식품 창업정보망),온라인 접수 (농식품 창업정보망),https://www.bizinfo.go.kr/sii/siia/selectSIIA200Detail.do?pblancId=PBLN_000000000122688,main,primary,2026년afpro유통md품평회판로업up참여기업모집공고,한국농업기술진흥원,2026-06-01~2026-06-10,내수,오프라인
biz,PBLN_000000000122687,[광주] 2026년 BM모델 멘토링 및 IR 컨설팅 프로그램 참여자 모집 공고(RISE사업 광주 창업밸리 스타트업 아카데미),"BM모델 멘토링 및 IR 컨설팅 프로그램 프로그램에 참여할 예비창업자 및 기업을 다음과 같이 모집하오니 많은 관심과 참여를 바랍니다.
☞ 광주 내 창업을 희망하는 예비창업자 및 기창업자(대학생, 광주시민 등)
※ 예비창업자는 공고일 기준 광주시민, 기창업자의 경우 공고일 기준 창업 7년 이내 광주기업에 한함
☞ 분야별 맞춤형 1:1 멘토링ㆍ컨설팅 지원",창업,광주테크노파크,광주광역시,창업벤처,"스타트업,초기창업기업",,,,,,,사업화지원,2026-06-01,2026-06-12,,"방문, 우편 또는 이메일 접수
- 접수처 : (61436) 광주광역시 동구 동계천로 150「I-PLEX 광주」2층 운영본부 (202호)
- 이메일 : jjanggon@gjtp.or.kr","방문, 우편 또는 이메일 접수
- 접수처 : (61436) 광주광역시 동구 동계천로 150「I-PLEX 광주」2층 운영본부 (202호)
- 이메일 : jjanggon@gjtp.or.kr",https://www.bizinfo.go.kr/sii/siia/selectSIIA200Detail.do?pblancId=PBLN_000000000122687,main,primary,광주2026년bm모델멘토링및ir컨설팅프로그램참여자모집공고rise사업광주창업밸리스타트업아카데미,광주테크노파크,2026-06-01~2026-06-12,창업,사업화지원
biz,PBLN_000000000122686,2026년 세계스마트에너지위크 참가기업 연장모집 공고,"국내 원자력 및 에너지 우수기업의 기술ㆍ서비스 홍보를 통한 신규 판로개척 지원을 위해 동아시아지역 최대 에너지 전시회 ‘세계 스마트 에너지위크(WSEW, World Smart Energy Week)’ 에 한국수력원자력 등 발전 6사 지원을 받아 참가할 기업을 모집하오니 관심 있는 기업의 많은 신청 바랍니다.
☞ 발전6사 협력 중소기업 혹은 원자력기업
※ 발전6사: 한국수력원자력, 한국남동발전, 한국남부발전, 한국동서발전, 한국서부발전, 한국중부발전
☞ 부스임차비 (기업당 약 1부스 (약 9제곱미터)), 부스장치비(위탁대행(원자력산업협회) 일괄 진행), 운송비 기업당 약 1.3백만원(해상 운송 왕복 1CBM 기준), 통역인력(기업당 통역 1인), 행정지원(중소기업관 부스임차 등 관련 행정)",판로/수출,한국원자력산업협회,전국,중소기업,중소기업,,,,,,,해외진출,2026-05-06,2026-06-12,,이메일 접수(kimjs@kaif.or.kr),이메일 접수(kimjs@kaif.or.kr),https://www.bizinfo.go.kr/sii/siia/selectSIIA200Detail.do?pblancId=PBLN_000000000122686,main,primary,2026년세계스마트에너지위크참가기업연장모집공고,한국원자력산업협회,2026-05-06~2026-06-12,수출,해외진출
biz,PBLN_000000000122685,[대구] 달성군 2026년 산업안전보건 우수기업 인증사업 참여기업 모집 연장 공고,"대구상공회의소는 달성군과 공동으로 안전한 작업환경 구축에 적극적인 달성군 관내 기업을 선정하고 노동환경개선사업비를 지원함으로써, 산업재해 예방 문화 확산과 기업의 생산성 향상에 기여하기 위해「2026 달성군 산업안전보건 우수기업 인증」사업을 아래와 같이 공고합니다.
☞ 달성군 소재 상시근로자 5인 이상 100인 미만 제조업 사업장 중 2025년 1월1일부터 공고일까지 무재해업체
☞ 인증서 및 인증현판 수여(인증기간 2년, 현판수여식 등), 노동환경개선(업체당 최대 700만원, 안전관리비 등) 사업비 지원
※ 자세한 지원내용 공고문 참조",기타,대구상공회의소,대구광역시,중소기업,중소기업,,,,,,,제도,2026-05-11,2026-06-05,,이메일 접수 (ace@dcci.or.kr),이메일 접수 (ace@dcci.or.kr),https://www.bizinfo.go.kr/sii/siia/selectSIIA200Detail.do?pblancId=PBLN_000000000122685,main,primary,대구달성군2026년산업안전보건우수기업인증사업참여기업모집연장공고,대구상공회의소,2026-05-11~2026-06-05,기타,제도
biz,PBLN_000000000122684,2026년 6월 부산 청년 게임개발자 정착지원사업 추가모집 공고,"부산정보산업진흥원에서는 부산 청년 게임개발자들의 주거 지원 사업을 공지하고 신청자를 모집하오니, 많은 관심과 참여 바랍니다.
☞ 사업장 소재지가 부산인 게임 관련 중소기업
- 협약일 기준, 1개월 이내 본사 이전 또는 지사 설립을 확약한 중소기업
※ 자세한 지원조건 공고문 참조
☞ 부산 지역 내 게임기업 청년 정착지원금 지원(기업당 최대 2명)
- 월 최대 25만원, 월세 50%, 최대 9개월 지원",인력/일자리,부산정보산업진흥원,부산광역시,중소기업,"중소기업,청년",,,,,,,고용유지,2026-06-01,2026-06-15,,"이메일 접수 (dhrguswn1@bipa.kr)
※ 접수 시 이메일 제목 ‘2026 정착지원사업 신청_기업명’으로 작성","이메일 접수 (dhrguswn1@bipa.kr)
※ 접수 시 이메일 제목 ‘2026 정착지원사업 신청_기업명’으로 작성",https://www.bizinfo.go.kr/sii/siia/selectSIIA200Detail.do?pblancId=PBLN_000000000122684,main,primary,2026년6월부산청년게임개발자정착지원사업추가모집공고,부산정보산업진흥원,2026-06-01~2026-06-15,인력,고용유지
biz,PBLN_000000000122683,2026년 2차 글로벌 마케팅 비용지원(의료기기) 사업 수행기업 모집 공고(바이오헬스 글로벌 진출 지원 사업),"국내 의료기기(체외진단의료기기 및 디지털 의료기기 포함) 기업의 안정적인 
판로 확보를 위해「2026년 바이오헬스 글로벌 진출 지원 사업(K-VIP :
Korea BioHealth Value-up Innovation Program)」의 글로벌 마케팅 비용 
지원 수행기업을 다음과 같이 모집 공고하오니 많은 관심과 참여 
바랍니다.
☞ 글로벌 진출 또는 수출 확대를 추진 중인 국내 의료기기(체외진단 의료기기 및 디지털 의료기기 포함) 기업
- 공고 마감일 기준 유효한 의료기기 제조업 허가증 보유 기업
☞ 기업별 혁신 기술 및 제품 글로벌 마케팅 및 협력 파트너 탐색에 소요되는 비용 지원
- 마케팅 활동 소요 경비(여비,활동비,외부위탁용역비 등)를 지원 하며, 관련 비용 계상 가능",판로/수출,한국보건산업진흥원,보건복지부,중소기업,중소기업,,,,,,,해외진출,2026-05-26,2026-06-15,,이메일 접수(dg0306@khidi.or.kr),이메일 접수(dg0306@khidi.or.kr),https://www.bizinfo.go.kr/sii/siia/selectSIIA200Detail.do?pblancId=PBLN_000000000122683,main,primary,2026년2차글로벌마케팅비용지원의료기기사업수행기업모집공고바이오헬스글로벌진출지원사업,한국보건산업진흥원,2026-05-26~2026-06-15,수출,해외진출
biz,PBLN_000000000122682,2026년 2차 제품안전관리기술개발및실증사업 신규지원 대상과제 공고,"2026년도 제2차 제품안전관리기술개발및실증사업의 신규 지원대상 연구개발과제를 다음과 같이 공고하오니 수행하고자 하는 자는 신청하여 주시기 바랍니다. 
☞ (주관연구개발기관 및 공동연구개발기관) 기업, 대학, 연구기관, 연구조합, 사업자단체, 의료기관 등「산업기술혁신촉진법」제11조 제2항 및 같은 법 시행령 제11조,「산업기술혁신사업 공통 운영요령」 제2조제1항제3호, 제4호 및 제4의2호, 9의2부터 9의5, 제58호에 해당하는 기관
※ 자세한 지원대상 공고문 참조
☞ 제품안전관리기술개발및실증사업(제품안전기준개발, 제품안전관리체계기술개발) 연구개발비 지원
※ 자세한 지원내용 공고문 참조",기술,한국산업기술기획평가원,전국,중소기업,중소기업,,,,,,,공동기술개발,2026-05-29,2026-06-29,,온라인 접수 (범부처통합연구지원시스템),온라인 접수 (범부처통합연구지원시스템),https://www.bizinfo.go.kr/sii/siia/selectSIIA200Detail.do?pblancId=PBLN_000000000122682,main,primary,2026년2차제품안전관리기술개발및실증사업신규지원대상과제공고,한국산업기술기획평가원,2026-05-29~2026-06-29,기술,공동기술개발
biz,PBLN_000000000122681,[대전] 2026년 비타푸드 아시아(Vitafoods Asia 2026) 단체참가 참여기업 추가 모집 공고,"대전광역시와 대전일자리경제진흥원에서는 대전 관내 본사 또는 공장 소재기업을 대상으로 「2026년도 비타푸드 아시아 단체참가」 참여기업을 다음과 같이 추가 모집하오니 많은 참여 바랍니다.
☞ 대전지역 본사 또는 공장 소재 중소, 중견 제조기업(S/W포함)
- 전시품목 : 기능성 식품, 음료 및 건강 보조제, 뷰티
☞ 참가비 및 장치비, 통역비 12백만원 한도 내외 지원",판로/수출,대전일자리경제진흥원,대전광역시,중소기업,중소기업,,,,,,,해외진출,2026-05-29,2026-06-09,,온라인 접수 (대전비즈),온라인 접수 (대전비즈),https://www.bizinfo.go.kr/sii/siia/selectSIIA200Detail.do?pblancId=PBLN_000000000122681,main,primary,대전2026년비타푸드아시아vitafoodsasia2026단체참가참여기업추가모집공고,대전일자리경제진흥원,2026-05-29~2026-06-09,수출,해외진출
biz,PBLN_000000000122680,[인천] 남동구 2026년 첨단기술 실증화 지원 모집 공고,"남동구와 인천지식재산센터는 인천시 남동구 소재 4차 산업, 바이오, 소부장(소재ㆍ부품ㆍ장비) 산업 분야 중소기업의 R&D 역량 강화 및 신성장 동력 제고를 위하여 시제품 제작 및 실증화 지원사업을 아래와 같이 운영하오니, 관심있는 기업의 많은 참여 바랍니다.
☞ 남동구 관내 본사 또는 공장이 등록된 중소기업
☞ 보유기술 사업화를 위한 시제품 제작 및 실증화 지원(최대 4,000천원)
- 분야 : 4차산업, 바이오, 소부장(소재ㆍ부품ㆍ장비) 기술 아이디어",기술,인천지식재산센터,인천광역시,중소기업,중소기업,,,,,,,기술사업화/이전/지도,2026-05-29,2026-06-19,,이메일 접수 (jaehyuk314@incham.net),이메일 접수 (jaehyuk314@incham.net),https://www.bizinfo.go.kr/sii/siia/selectSIIA200Detail.do?pblancId=PBLN_000000000122680,main,primary,인천남동구2026년첨단기술실증화지원모집공고,인천지식재산센터,2026-05-29~2026-06-19,기술,기술사업화/이전/지도
biz,PBLN_000000000122679,2026년 2차 전자책 제작 지원 사업 신청 공고,"출판사의 전자출판 역량 강화와 고품질 전자책 확충을 위한「2026년 제2차 전자책 제작 지원 사업」을 다음과 같이 공고합니다. 출판 관계자 여러분의 많은 관심과 참여 부탁드립니다.
☞ 출간 도서 및 미출간 원고를 전자책으로 제작ㆍ유통하려는 출판사
☞ 전자책 제작비 지원 및 품질 검수, 제작 컨설팅, 교육 지원
- 지원규모 약 450백만원(EPUB 2.0/3.0)",경영,한국출판문화산업진흥원,전국,중소기업,중소기업,,,,,,,디자인/상품화/사업화,2026-06-02,2026-06-11,,"온라인 접수 (전자책바로센터)
- 출판유통통합전산망(https://bnk.kpipa.or.kr/home/)
※ 자세한 신청방법 공고문 참조","온라인 접수 (전자책바로센터)
- 출판유통통합전산망(https://bnk.kpipa.or.kr/home/)
※ 자세한 신청방법 공고문 참조",https://www.bizinfo.go.kr/sii/siia/selectSIIA200Detail.do?pblancId=PBLN_000000000122679,main,primary,2026년2차전자책제작지원사업신청공고,한국출판문화산업진흥원,2026-06-02~2026-06-11,경영,디자인/상품화/사업화
biz,PBLN_000000000122678,[경남] 2026년 경남-중국 바이오 메디컬 플라자 사업  참가업체 모집 공고,"도내 의료바이오 관련 수출 중소기업을 대상으로「경남-중국 바이오 메디컬 플라자 사업」에 참가할 업체를 아래와 같이 모집하오니, 참가를 희망하는 업체는 신청하여 주시기 바랍니다.
☞ 경상남도 소재 바이오, 제약, 의료기기, 의료미용, 헬스케어, 항노화 등 분야 수출 중소기업
☞ 바이어 매칭, 편도항공료(1사 1인), 통역비(50%) 등 지원",판로/수출,KOTRA경남지원본부,경상남도,중소기업,중소기업,,,,,,,해외진출,2026-06-01,2026-06-12,,온라인 접수 (경상남도 해외마케팅 사업지원시스템),온라인 접수 (경상남도 해외마케팅 사업지원시스템),https://www.bizinfo.go.kr/sii/siia/selectSIIA200Detail.do?pblancId=PBLN_000000000122678,main,primary,경남2026년경남중국바이오메디컬플라자사업참가업체모집공고,kotra경남지원본부,2026-06-01~2026-06-12,수출,해외진출
biz,PBLN_000000000122677,[부산] 2026년 1차 게임ㆍ콘텐츠 펀드 IR 컨설팅 참가 기업 모집 공고,"부산 게임 기업의 투자유치 역량 강화를 통해 「부산 게임&콘텐츠 투자 3호 펀드」 투자 활성화를 도모하고자 IR컨설팅을 운영합니다. 펀드 투자 유치를 희망하는 부산 지역 게임 기업을 모집하오니, 관심있는 기업의 많은 관심과 참여를 부탁드립니다.
☞ 사업장 소재지가 부산인 게임콘텐츠 중소기업
☞ 기업당 최대 60분씩 1:1 대면 컨설팅(오프라인) 진행 지원",경영,부산정보산업진흥원,부산광역시,중소기업,중소기업,,,,,,,컨설팅,2026-05-29,2026-06-09,,이메일 접수 (cyj0211@bipa.kr),이메일 접수 (cyj0211@bipa.kr),https://www.bizinfo.go.kr/sii/siia/selectSIIA200Detail.do?pblancId=PBLN_000000000122677,main,primary,부산2026년1차게임ㆍ콘텐츠펀드ir컨설팅참가기업모집공고,부산정보산업진흥원,2026-05-29~2026-06-09,경영,컨설팅
biz,PBLN_000000000122676,[부산] 정보보호기업 성장지원 추가 모집 공고,"우리 진흥원에서 수행하고 있는 “동남권 지역 거점 정보보호 클러스터 구축” 사업의 일환으로 우리 지역의 정보보호 기업 발굴 및 경쟁력 강화를 위해 아래와 같이 참여기업을 모집합니다.
☞ 공고일 기준 본사 소재지가 부산인 정보보호 관련 기술ㆍ제품ㆍ서비스 보유 기업(스마트 조선ㆍ해양ㆍ항만ㆍ공장ㆍ시티) 또는 정보보호 기술 융합(적용)하고자 하는 기업
- 창업ㆍ벤처 발굴 및 육성 : 법인설립등기일 또는 사업개시일 ~ 7년 이내 창업ㆍ벤처 기업
- 사업화(비R&D) : 법인설립등기일 또는 사업개시일 7년 초과 기업
☞ 창업ㆍ벤처 발굴 및 육성, 사업화(비R&D) 지원
- 창업ㆍ벤처 발굴 및 육성 : 지재권 취득, 전시회(박람회) 참가, 기술도입, 사업화 및 실증, 마케팅, 역량강화 지원
- 사업화(비R&D) : 시험ㆍ인증, 전시회(박람회) 참가, 상용화, 마케팅, 역량 강화 지원",기술,부산정보산업진흥원,부산광역시,중소기업,중소기업,,,,,,,기술사업화/이전/지도,2026-05-29,2026-06-17,,이메일 접수 (dncluster@bipa.kr),이메일 접수 (dncluster@bipa.kr),https://www.bizinfo.go.kr/sii/siia/selectSIIA200Detail.do?pblancId=PBLN_000000000122676,main,primary,부산정보보호기업성장지원추가모집공고,부산정보산업진흥원,2026-05-29~2026-06-17,기술,기술사업화/이전/지도
biz,PBLN_000000000122675,[경기] 부천시 2026년 6월 유해물질 시험분석 수수료 지원 사업 공고,"부천시와 부천산업진흥원은 국내외 유해물질 규제에 대응하여 지역 중소기업의
제품 신뢰성 확보 및 경쟁력 강화를 위한 「2026년 유해물질 시험분석 수수료
지원 사업」을 추진하오니, 관련 기업의 적극적인 참여를 바랍니다.
☞ 본사 또는 공장이 부천시에 소재한 중소기업(제조업)
- 국내 시험분석 : 한국인정기구(KOLAS) 공인 시험ㆍ분석기관에서 수행한 시험
- 해외 시험분석 : ISO/IEC 17025 인증 시험ㆍ분석기관에서 수행한 시험
☞ 유해물질 시험분석 수수료 지원(기업당 지원금 합계 100만원 이내(연간))",기술,부천산업진흥원,경기도,중소기업,중소기업,,,,,,,시험/인증,2026-06-01,2026-06-30,,온라인 접수 (부천산업진흥원),온라인 접수 (부천산업진흥원),https://www.bizinfo.go.kr/sii/siia/selectSIIA200Detail.do?pblancId=PBLN_000000000122675,main,primary,경기부천시2026년6월유해물질시험분석수수료지원사업공고,부천산업진흥원,2026-06-01~2026-06-30,기술,시험/인증
biz,PBLN_000000000122674,[경북] 울진군 2026년 2차 블루(blue)푸드 산업 활성화 지원사업 기업지원 프로그램 참여기업 모집 연장 공고(시군구연고산업육성 협업프로젝트),"2026년도 중소벤처기업부와 경상북도 및 울진군이 지원하는 시군구연고산업육성 협업프로젝트의 수행자로 선정된 수행기관별 지원 프로그램을 안내하오니, 해당 프로그램 참여를 희망하는 울진군 지역 중소기업의 많은 신청 바랍니다.
☞ 관내 블루푸드 관련 지역기업 중 해당 지원을 필요로 하는 기업
☞ 애로기술 개선 컨설팅, 사업화(제품 및 포장디자인 고급화, 국내외 유통망 확대), 유망기업 패키지 지원
※ 자세한 지원내용 공고문 참조",경영,환동해산업연구원,경상북도,중소기업,중소기업,,,,,,,디자인/상품화/사업화,2026-05-13,2026-06-05,,온라인 접수 (기업지원사업 관리시스템),온라인 접수 (기업지원사업 관리시스템),https://www.bizinfo.go.kr/sii/siia/selectSIIA200Detail.do?pblancId=PBLN_000000000122674,main,primary,경북울진군2026년2차블루blue푸드산업활성화지원사업기업지원프로그램참여기업모집연장공고시군구연고산업육성협업프로젝트,환동해산업연구원,2026-05-13~2026-06-05,경영,디자인/상품화/사업화
biz,PBLN_000000000122673,[경기] 2026년 2차 사회적경제제품 온라인 매장 운영 사업 지원기업 모집 공고,"경기도와 경기도주식회사는 도내 사회적경제조직의 판로지원 및 매출 증대를 위해 2026년「사회적경제제품 온라인 매장 운영」사업에 참여할 도내 기업을 모집하오니 많은 참여 부탁드립니다.
☞ 경기도 소재 공장이 있거나 주사무소(주소)를 두고 사업자 등록이 되어 있는 사회적경제조직 및 공정무역 기업
- 네이버 스마트스토어 정책에 따라 위탁판매가 가능한 품목(서비스ㆍ체험 품목 가능)
☞ 경기도 사회적경제 쇼핑몰 ‘공삼일샵(031#)’ 온라인 스토어 입점 및 판로지원
- 월별 리뷰 이벤트 및 프로모션 통한 판촉 지원
- 입점 수수료
- 공삼일샵 쇼핑몰 외부광고 및 콘텐츠 홍보
- 온라인 유통채널ㆍ복지몰 연계 기획전 지원",판로/수출,코리아경기도주식회사,경기도,사회적기업,사회적기업,,,,,,,온라인,2026-05-27,2026-06-23,,"온라인 접수(코리아경기도주식회사)
※ 서류누락방지를 위해 신청시, 첨부한 서류를 이메일(kte817@kgcbrand.com)로 추가접수 필수
※ 메일만 발송 시 접수되지 않음","온라인 접수(코리아경기도주식회사)
※ 서류누락방지를 위해 신청시, 첨부한 서류를 이메일(kte817@kgcbrand.com)로 추가접수 필수
※ 메일만 발송 시 접수되지 않음",https://www.bizinfo.go.kr/sii/siia/selectSIIA200Detail.do?pblancId=PBLN_000000000122673,main,primary,경기2026년2차사회적경제제품온라인매장운영사업지원기업모집공고,코리아경기도주식회사,2026-05-27~2026-06-23,내수,온라인
biz,PBLN_000000000122672,[경기] 부천시 2026년 6월 중소기업 지식재산 지원 사업 공고,"부천시와 부천산업진흥원은 지역 중소기업의 지식재산 권리 보호와 경쟁력 강화를 위하여「2026년 중소기업 지식재산 지원 사업」을 추진하오니, 관련 기업의 적극적인 참여를 바랍니다.
☞ 본사 또는 공장이 부천시에 소재한 중소기업
- 2026. 1. 1. 이후 국내외 산업재산권 출원ㆍ등록 완료 건
☞ 산업재산권 출원ㆍ등록 관련 대리인 비용 지원
- 기업당 최대 3건 및 지원금 합계 300만원 이내",기술,부천산업진흥원,경기도,중소기업,중소기업,,,,,,,시험/인증,2026-06-01,2026-06-30,,온라인 접수 (부천산업진흥원),온라인 접수 (부천산업진흥원),https://www.bizinfo.go.kr/sii/siia/selectSIIA200Detail.do?pblancId=PBLN_000000000122672,main,primary,경기부천시2026년6월중소기업지식재산지원사업공고,부천산업진흥원,2026-06-01~2026-06-30,기술,시험/인증
biz,PBLN_000000000122671,2026년 첨단산업용시스템엔지니어링설계모델링기술개발사업 신규지원 대상과제 공고,"2026년도 첨단산업용시스템엔지니어링설계모델링기술개발사업 신규 지원대상 연구개발과제를 다음과 같이 공고하오니 참여를 희망하는 기관은 관련 규정 및 절차에 따라 신청하여 주시기 바랍니다.
☞ (주관연구개발기관 및 공동연구개발기관) 기업, 대학, 연구기관, 연구조합, 사업자단체, 의료기관 등
※ 자세한 지원대상 공고문 참조
☞ 도심물류 및 민군융합드론 참조모델 기술 개발 연구개발비(총 정부출연금 21억원 이내) 지원
※ 자세한 지원내용 공고문 참조",기술,한국산업기술기획평가원,전국,중소기업,중소기업,,,,,,,공동기술개발,2026-05-29,2026-06-29,,온라인 접수 (범부처통합연구지원시스템),온라인 접수 (범부처통합연구지원시스템),https://www.bizinfo.go.kr/sii/siia/selectSIIA200Detail.do?pblancId=PBLN_000000000122671,main,primary,2026년첨단산업용시스템엔지니어링설계모델링기술개발사업신규지원대상과제공고,한국산업기술기획평가원,2026-05-29~2026-06-29,기술,공동기술개발
biz,PBLN_000000000122670,2026년 산업통상부-공공기관 기술나눔 공고,"공공기관이 보유한 특허기술을 중소기업 등으로 무상이전하여 기술혁신과 민간-공공부문 협력 강화에 기여하고자 다음과 같이 기술나눔을 공고하오니 참여하고자 하는 기업은 아래 절차에 따라 신청하여 주시기 바랍니다.
☞ 중소ㆍ중견기업
※ 중소기업 : 「중소기업기본법」제2조에 의한 기업
※ 중견기업 : 「중견기업 성장촉진 및 경쟁력 강화에 관한 특별법」제2조에 의한 기업
☞ 기술 나눔 무상 이전(양도 및 실시권 허여) 지원
- 나눔기술 : 기계ㆍ소재, 에너지ㆍ자원, 환경ㆍ해양 분야 기술 총 298건",기술,한국산업기술진흥원,전국,중소기업,중소기업,,,,,,,기술사업화/이전/지도,2026-05-29,2026-07-03,,"온라인 접수 (국가기술은행)
※ 시스템 접속 방법 : 국가기술은행(www.ntb.kr) → 테크스톰(www.tech-storm.io/techshare)","온라인 접수 (국가기술은행)
※ 시스템 접속 방법 : 국가기술은행(www.ntb.kr) → 테크스톰(www.tech-storm.io/techshare)",https://www.bizinfo.go.kr/sii/siia/selectSIIA200Detail.do?pblancId=PBLN_000000000122670,main,primary,2026년산업통상부공공기관기술나눔공고,한국산업기술진흥원,2026-05-29~2026-07-03,기술,기술사업화/이전/지도
biz,PBLN_000000000122669,[경기] 2026년 지역 기후테크 크라우드펀딩 지원사업 참여기업 모집 공고,"경기지방중소벤처기업청, 성남산업진흥원, 용인시산업진흥원, 경기창조경제혁신센터 및 와디즈가 협력하여 혁신적인 기후테크, 소셜벤처 기업 자금 조달을 위한 ‘2026년 경기지역 기후테크 크라우드펀딩 지원사업’을 추진하오니, 관심 있는 기업들의 많은 참여 바랍니다.
☞ 경기도 소재 기후테크, 소셜벤처 기업
- 아래 1~3번 요건을 모두 충족하며, 본 공고에서 정하는 신청제외 대상에 해당되지 않는 기업
1. 기후테크, 소셜벤처 분야를 영위하는 기업 ※ (붙임) 기후테크, 소셜벤처 기준 참조
2. 주된 사업장(본점 또는 공장)이 경기지역에 소재하는 중소기업
3.. 사업 추진일정에 따라 사업계획 및 리워드 제공이 가능한 기업 
☞ 크라우드펀딩 교육, 상세페이지 제작, 기획전, 프로젝트 광고 서비스 및 기관별 사업 연계 지원",경영,지방중소벤처기업청,경기도,중소기업,중소기업,,,,,,,디자인/상품화/사업화,2026-05-13,2026-06-07,,온라인 접수 (신청사이트),온라인 접수 (신청사이트),https://www.bizinfo.go.kr/sii/siia/selectSIIA200Detail.do?pblancId=PBLN_000000000122669,main,primary,경기2026년지역기후테크크라우드펀딩지원사업참여기업모집공고,지방중소벤처기업청,2026-05-13~2026-06-07,경영,디자인/상품화/사업화
biz,PBLN_000000000122668,[경남] 창원시ㆍ김해시ㆍ거제시 2026년 8차 청년여성 일경험 지원사업 참여기업 모집 공고,"청년여성에게 일경험 및 직무역량강화 기회를 제공하여 경제활동 참여와 지역사회 정착을 지원하기 위한 「2026년 청년여성 일경험 지원사업」 참여기업을 아래와 같이 모집하오니 많은 참여 바랍니다.
☞ 도내 만 39세 이하 청년 여성을 채용할 기업
- 모집 해당 시군에 소재한 기업으로, 청년 여성이 일하기 좋은 기업
- 새일센터 여성친화 일촌협약 기업, 가족친화 인증기업 등
- 4대 사회보험 가입 필수
☞ 인건비 지원(전일제 월 171만원, 시간제 월 84만 6천원)
- 지원기간 : 2026년도 기업별 최대 6개월",인력/일자리,경남여성새로일하기센터,경상남도,중소기업,"여성,중소기업,청년",,,,,,,고용환경개선,2026-05-29,2026-06-12,,"우편, 방문 또는 이메일 접수
- 접수처 : 창원시 성산구 용지로 240, 2층
- 이메일 : job15883475@hanmail.net","우편, 방문 또는 이메일 접수
- 접수처 : 창원시 성산구 용지로 240, 2층
- 이메일 : job15883475@hanmail.net",https://www.bizinfo.go.kr/sii/siia/selectSIIA200Detail.do?pblancId=PBLN_000000000122668,main,primary,경남창원시ㆍ김해시ㆍ거제시2026년8차청년여성일경험지원사업참여기업모집공고,경남여성새로일하기센터,2026-05-29~2026-06-12,인력,고용환경개선
biz,PBLN_000000000122667,[경북] 2026년 푸드테크 연구지원센터(세포배양식품) 사업화지원 소비자 인식 지원기업 모집 공고,"경북테크노파크는 세포배양식품 푸드테크 산업의 전ㆍ후방 산업 육성 및 소비자 수용성을 높이고, 건강하고 안전한 세포배양식품의 신뢰성 구축을 위하여 「소비자 인식」개선 활동을 위한 지원기업을 아래와 같이 모집하오니 많은 관심과 참여를 바랍니다.
☞ 중소기업기본법 제2조에 따른 중소기업 (세포배양식품 푸드테크 산업의 전후방 기업)
- 2026년 11월 30일까지 사업수행 완료가 가능한 대상 지원
☞ 세포배양식품 기초연구, 세포배양식품 시장 공략을 위한 심층연구, 소비자 인식 개선 활동 지원",경영,경북테크노파크,경상북도,중소기업,중소기업,,,,,,,디자인/상품화/사업화,2026-05-29,2026-06-12,,온라인 접수(경북테크노파크),온라인 접수(경북테크노파크),https://www.bizinfo.go.kr/sii/siia/selectSIIA200Detail.do?pblancId=PBLN_000000000122667,main,primary,경북2026년푸드테크연구지원센터세포배양식품사업화지원소비자인식지원기업모집공고,경북테크노파크,2026-05-29~2026-06-12,경영,디자인/상품화/사업화
biz,PBLN_000000000122665,2026년 지식서비스산업기술개발사업(서비스핵심기술개발) 신규지원 대상과제 공고,"2026년도 지식서비스산업기술개발사업(내역:서비스핵심기술개발) 신규 지원대상 연구개발과제를 다음과 같이 공고하오니 참여를 희망하는 기관은 관련 규정 및 절차에 따라 신청하여 주시기 바랍니다.
☞ 기업, 대학, 연구기관, 연구조합, 사업자단체, 의료기관 등
※ 자세한 신청자격 공고문 참조
☞ 서비스핵심기술개발 연구개발비 지원
※ 자세한 지원내용 공고문 참조",기술,한국산업기술기획평가원,전국,중소기업,중소기업,,,,,,,혼합(단독+공동),2026-05-29,2026-06-29,,온라인 접수 (범부처통합연구지원시스템),온라인 접수 (범부처통합연구지원시스템),https://www.bizinfo.go.kr/sii/siia/selectSIIA200Detail.do?pblancId=PBLN_000000000122665,main,primary,2026년지식서비스산업기술개발사업서비스핵심기술개발신규지원대상과제공고,한국산업기술기획평가원,2026-05-29~2026-06-29,기술,혼합(단독+공동)
biz,PBLN_000000000122664,[경남] 진주시 2026년 해외지사화 지원사업 추가모집 공고,"관내 수출 중소기업의 해외시장개척능력 및 수출 활성화에 기여하고자「2026년 진주시 해외지사화 지원사업」을 아래와 같이 추가 모집 공고 합니다.
☞ 진주시 소재 수출 희망 중소기업 중 KOTRA 지사화사업(발전단계 1년) 선정기업
☞ '발전단계 1년' 참가비 (기업별 300만원 한도) 지원
- 수출성약 지원, 전시 상담회 참가 지원, 물류통관 자문, 출장 지원, 기존 거래선 관리, 인허가 취득 지원, 브랜드 홍보, 현지 법인설립 지원",판로/수출,KOTRA경남지원본부,경상남도,중소기업,중소기업,,,,,,,해외진출,예산 소진시까지,,,온라인 접수(경상남도 해외마케팅 사업지원시스템),온라인 접수(경상남도 해외마케팅 사업지원시스템),https://www.bizinfo.go.kr/sii/siia/selectSIIA200Detail.do?pblancId=PBLN_000000000122664,main,primary,경남진주시2026년해외지사화지원사업추가모집공고,kotra경남지원본부,예산 소진시까지~,수출,해외진출
biz,PBLN_000000000122663,2026년 2차 고흥드론센터 입주기업 역량강화 지원사업 모집 공고,"고흥드론센터 입주기업의 기술ㆍ사업화 지원을 통해 역량강화 및 기술력 증진을 이뤄내고자 다음과 같이 기업지원 사업을 공고하오니 관련 기업에서는 적극적으로 참여하여 주시기 바랍니다.
☞ 고흥드론센터 입주계약을 공고 마감일 전까지 체결한 업체
※ 입주계약 체결 후, 제조ㆍ시설장비 등을 갖추고 드론센터에 실제로 입주한 기업
☞ 시제품 제작 및 제품고급화, 전시ㆍ박람회 참가(국내/외), 시험ㆍ분석ㆍ인증, 지적재산권, 온ㆍ오프라인 마케팅, 컨설팅, 디자인 제작 및 개선 등 지원
※ 자세한 지원내용 공고문 참조",기술,전남테크노파크,전라남도,중소기업,중소기업,,,,,,,기술사업화/이전/지도,2026-06-02,2026-06-11,,온라인 접수 (전남테크노파크),온라인 접수 (전남테크노파크),https://www.bizinfo.go.kr/sii/siia/selectSIIA200Detail.do?pblancId=PBLN_000000000122663,main,primary,2026년2차고흥드론센터입주기업역량강화지원사업모집공고,전남테크노파크,2026-06-02~2026-06-11,기술,기술사업화/이전/지도
biz,PBLN_000000000122662,2026년 지식서비스산업기술개발사업(서비스산업융합고도화) 신규지원 대상과제 공고,"2026년도 지식서비스산업기술개발사업(내역:서비스산업융합고도화기술개발) 신규 지원대상 연구개발과제를 다음과 같이 공고하오니 참여를 희망하는 기관은 관련 규정 및 절차에 따라 신청하여 주시기 바랍니다.
☞ 기업, 대학, 연구기관, 연구조합, 사업자단체, 의료기관 등
※ 자세한 신청자격 공고문 참조
☞ 지식서비스산업기술개발(서비스산업융합고도화) 정부지원연구개발비(100백만원/개당) 지원
- 1단계(BM개발단계) : 100백만원 (6개월) / 2단계(기술개발단계) : 연 500백만원 내외 (3년)
※ 자세한 지원내용 공고문 참조",기술,한국산업기술기획평가원,전국,중소기업,중소기업,,,,,,,혼합(단독+공동),2026-05-29,2026-06-29,,온라인 접수 (범부처통합연구지원시스템),온라인 접수 (범부처통합연구지원시스템),https://www.bizinfo.go.kr/sii/siia/selectSIIA200Detail.do?pblancId=PBLN_000000000122662,main,primary,2026년지식서비스산업기술개발사업서비스산업융합고도화신규지원대상과제공고,한국산업기술기획평가원,2026-05-29~2026-06-29,기술,혼합(단독+공동)
biz,PBLN_000000000122661,[전남] 장성군 2026년 산업ㆍ농공단지 활성화 지원사업 수혜기업 모집 공고,"장성군 핵심공약인 ‘군민이 살기좋은 활기찬 지역경제 실현’ 추진에 따라 장성군 관내 산업ㆍ농공단지 입주기업 및 개별입지 기업 등을 대상으로 제조업 기반 유망 중소기업 발굴 및 육성을 통한 지역산업 활성화를 위해 「장성군 산업ㆍ농공단지 활성화 지원사업」을 다음과 같이 공고합니다.
☞ 공고일 현재, 본사나 사업장이 장성군에 소재하는 제조업 기반 중소기업
☞ 자율선택형 패키지(30백만원 이내), 실속지원(5백만원 이내) 지원
- 기술지원 : 시제품제작, 제품고급화, 기술지도, 인증지원, 특허지원, 연구소설립, 장비활용, 시험분석
- 사업화지원 : 패키지디자인, 마케팅기초, 바이어초청, 온라인마케팅, 사업화전략수립",기술,전남테크노파크,전라남도,중소기업,중소기업,,,,,,,기술사업화/이전/지도,2026-06-01,2026-06-26,,온라인 접수 (전남테크노파크 데이터플랫폼),온라인 접수 (전남테크노파크 데이터플랫폼),https://www.bizinfo.go.kr/sii/siia/selectSIIA200Detail.do?pblancId=PBLN_000000000122661,main,primary,전남장성군2026년산업ㆍ농공단지활성화지원사업수혜기업모집공고,전남테크노파크,2026-06-01~2026-06-26,기술,기술사업화/이전/지도
biz,PBLN_000000000122660,2026년 생분해성 플라스틱 표준개발 및 평가 기반구축 기업지원사업 공고,"생분해성 플라스틱 및 바이오플라스틱 산업 지원을 위한 프로그램을 안내하오니, 해당 프로그램 참여를 희망하는 기업의 많은 신청 바랍니다.
☞ 화학물질 및 플라스틱 제조업 등록을 한 중소ㆍ중견기업
- 생분해 및 바이오 플라스틱을 활용한 소재ㆍ제품 제조 기업
- 생분해 및 바이오 플라스틱 산업으로 전환 희망하는 제조업
- 상기 기술에 대한 기술이전을 통해 신규사업으로 전환하고자 하는 기업
☞ 시생산기반(시제품 제작), 기술서비스기반(기술사업화, 기술 자문) 총 3개 프로그램(기업당 3개 프로그램 신청 가능) 지원
- 시제품제작 : 제품 개발을 위한 재료구매, 제품 디자인 및 설계 비용, 신규제품 생산을 위한 공정개선 비용, 신규제품의 시험ㆍ분석ㆍ인증 비용, 보유 금형 수정 비용 기업당 최대 40,000천원 지원
- 기술사업화 : 특허분석, IP R&D, 기술사업화 로드맵 보고서 발간 기업당 최대 14,000천원 지원
- 기술 자문 : 기술 관련 전문가 자문 기업당 최대 1,000천원 지원",기술,전남테크노파크,전라남도,중소기업,중소기업,,,,,,,기술사업화/이전/지도,2026-05-29,2026-06-26,,온라인 접수 (전남테크노파크),온라인 접수 (전남테크노파크),https://www.bizinfo.go.kr/sii/siia/selectSIIA200Detail.do?pblancId=PBLN_000000000122660,main,primary,2026년생분해성플라스틱표준개발및평가기반구축기업지원사업공고,전남테크노파크,2026-05-29~2026-06-26,기술,기술사업화/이전/지도
biz,PBLN_000000000122659,[부산] 사상구 2026년 2차 제조업체 근로환경 개선사업 모집 공고,"근로자가 일하기 좋은 기업환경 조성을 위해 환경개선사업비를 지원하는「2026년 제조업체 근로환경 개선사업」에 참여할 기업을 다음과 같이 모집합니다.
☞ 상시 고용인원 5인 이상인 관내 제조업체
☞ 업체당 5백만원 정도의 환경개선사업비 지원
- 휴게실, 화장실, 샤워실, 세탁실 등 설치 및 개보수
- 안전시설, 소방시설 설치 및 개보수
- 작업공간 내부(LED조명, 노후 전기배선 교체) 개보수 등",인력/일자리,기초자치단체,부산광역시,중소기업,중소기업,,,,,,,작업환경개선,2026-06-01,2026-07-20,,온라인 접수(지방보조금관리시스템 보탬e),온라인 접수(지방보조금관리시스템 보탬e),https://www.bizinfo.go.kr/sii/siia/selectSIIA200Detail.do?pblancId=PBLN_000000000122659,main,primary,부산사상구2026년2차제조업체근로환경개선사업모집공고,기초자치단체,2026-06-01~2026-07-20,인력,작업환경개선
biz,PBLN_000000000122658,[경북] 2026년 G-Star Pitchday 1차 예선 모집 연장 공고,"지역의 우수한 창업 아이디어를 지닌 예비ㆍ초기창업자 발굴을 위한 “2026 G-Star Pitchday” 예선의 참가팀을 모집하오니 많은 관심과 참여 바랍니다.
☞ 경북지역 내 만 39세 이하의 예비창업자 또는 창업 3년 이내 초기창업자
☞ 최우수, 우수, 장려상 및 상금 지원
※ 자세한 지원내용 공고문 참조",창업,경북창조경제혁신센터,경상북도,창업벤처,초기창업기업,,,,,,,사업화지원,2026-05-29,2026-06-09,,이메일 접수 (min2692@ccei.kr),이메일 접수 (min2692@ccei.kr),https://www.bizinfo.go.kr/sii/siia/selectSIIA200Detail.do?pblancId=PBLN_000000000122658,main,primary,경북2026년gstarpitchday1차예선모집연장공고,경북창조경제혁신센터,2026-05-29~2026-06-09,창업,사업화지원
biz,PBLN_000000000122657,2026년 과학기술정보통신부 고성능 컴퓨팅 지원 사용자 추가 모집 공고,"과학기술정보통신부와 정보통신산업진흥원은 인공지능 산업발전을 위해 인공지능 개발ㆍ추론에 필수적인 연산자원과 개발환경을 지원하는 2026년 고성능 컴퓨팅 자원 이용을 희망하는 신청자(기업 등)를 모집하오니, 많은 신청 바랍니다.
☞ 국내 중소ㆍ벤처기업 등
- (고성능컴퓨팅 지원(GPU) 자원 지원) 국내 중소ㆍ벤처 기업 등 산업계
- (국산 AI반도체 활용(NPU) 자원 지원) 국내 중소ㆍ벤처 기업, 대학ㆍ병원 등
☞ 고성능 컴퓨팅 지원(GPU) 자원, 국산 AI반도체 활용(NPU)자원 지원 
- (고성능컴퓨팅 지원(GPU) 자원 지원) 전체 170개 내외 기업 등에 지원 예정이며, 신청자 당 A100(2장), H100/H200(1장, 2장, 4장, 8장) GPU 서버 1식 지원 예정
- (국산 AI반도체 활용(NPU) 자원 지원) 전체 30개 내외 기업ㆍ기관 등에 지원 예정이며, 신청자 당 WARBOY 1장, ATOM PLUS(1장/2장), Renegade(1장/2장) NPU 서버 1식 지원 예정",기술,정보통신산업진흥원,전국,중소기업,중소기업,,,,,,,기술인력/장비지원,2026-06-15,2026-06-29,,온라인 접수 (고성능컴퓨팅 사업관리시스템),온라인 접수 (고성능컴퓨팅 사업관리시스템),https://www.bizinfo.go.kr/sii/siia/selectSIIA200Detail.do?pblancId=PBLN_000000000122657,main,primary,2026년과학기술정보통신부고성능컴퓨팅지원사용자추가모집공고,정보통신산업진흥원,2026-06-15~2026-06-29,기술,기술인력/장비지원
biz,PBLN_000000000122656,2026년 전남 영화ㆍ드라마 제작 인센티브 지원사업 공고,"전라남도「2026년 영화ㆍ드라마 제작 인센티브 지원사업」을 다음과 같이 공고하오니 많은 참여 바랍니다.
☞ 영화/드라마 제작업 등 신고를 필한 제작사
- 투자 및 편성이 확정된 극장 개봉 및 OTT 방영을 목적으로 하는 영화 및 지상파ㆍCATVㆍOTT 방영을 목적으로 하는 드라마
- 도내 5회차 이상 촬영, 도내소비액이 3천만원 이상인 작품(최대 5천만원 지원)
- 도내 2~4회차 촬영, 도내소비액 1천만원 이상인 작품(최대 1천 5백만원 지원)
☞ ’26년 1월 1일부터 전남에서의 영상물 촬영에 따른 소비 인정금액 대비 50%이내 사후지원",경영,직접수행,전라남도,중소기업,중소기업,,,,,,,디자인/상품화/사업화,예산 소진시까지,,,"방문 또는 우편 접수
- 접수처 : 전라남도 순천시 해룡면 매안로 16 전라남도청 동부지역본부 문화산업과, 영화ㆍ드라마 제작 인센티브 지원사업 담당자","방문 또는 우편 접수
- 접수처 : 전라남도 순천시 해룡면 매안로 16 전라남도청 동부지역본부 문화산업과, 영화ㆍ드라마 제작 인센티브 지원사업 담당자",https://www.bizinfo.go.kr/sii/siia/selectSIIA200Detail.do?pblancId=PBLN_000000000122656,main,primary,2026년전남영화ㆍ드라마제작인센티브지원사업공고,직접수행,예산 소진시까지~,경영,디자인/상품화/사업화
biz,PBLN_000000000122655,2026년 중국 상하이 유통망 PB파트너링 수출상담회 모집 공고,"중국 현지 유통망과의 협업을 통해 PB(Private Brand) 방식으로 중국 시장 진출을 희망하는 국내 소비재 제조기업의 수출 확대를 지원하고자 「2026 중국 상하이 유통망 PB파트너링 수출상담회」를 개최합니다. 최근 중국 유통업계에서는 자체 브랜드 상품 확대와 더불어 식품ㆍ화장품ㆍ생활소비재 분야 해외 제조사 협업 수요가 증가하고 있습니다. 이에 따라 중국 내 PB 상품을 이미 운영 중이거나 향후 확대를 추진 중인 유통망과의 1:1 비즈니스 상담을 지원하고자 하오니, 관심 있는 기업의 많은 신청 바랍니다.
☞ 한국 소비재 기업 중 제조 시설을 보유한 기업
- 자체 생산시설을 보유하거나 OEMㆍODM 생산관리 역량 보유 기업
- 중국 시장 진출 의지가 높고, 상담 이후 중국 유통망의 PB 개발 수요(기업샘플 발송, 제품 제안, 후속 협의, 공장 실사 등)에 대응 가능한 기업
- (참가 분야) 식품, 화장품, 건강기능식품, 생활용품 등 소비재 전반
☞ 중국 유통망ㆍ브랜드 운영사와 국내 제조기업 간 1:1 오프라인 수출 상담매칭, 한-중 상담 통역사 배정 지원",판로/수출,중소벤처기업진흥공단,전국,중소기업,중소기업,,,,,,,해외진출준비,2026-05-28,2026-06-10,,"이메일 접수 (deejay@kosmes.or.kr, yuxitianle@naver.com)
※ 안전한 수신을 위해 2개 E-mail 모두 송부 요청(신청기업에는 신청확인 이메일 1영업일 내 발송예정, 신청확인 이메일을 받지 못한 기업은 문의처로 반드시 신청여부 확인바람)","이메일 접수 (deejay@kosmes.or.kr, yuxitianle@naver.com)
※ 안전한 수신을 위해 2개 E-mail 모두 송부 요청(신청기업에는 신청확인 이메일 1영업일 내 발송예정, 신청확인 이메일을 받지 못한 기업은 문의처로 반드시 신청여부 확인바람)",https://www.bizinfo.go.kr/sii/siia/selectSIIA200Detail.do?pblancId=PBLN_000000000122655,main,primary,2026년중국상하이유통망pb파트너링수출상담회모집공고,중소벤처기업진흥공단,2026-05-28~2026-06-10,수출,해외진출준비
biz,PBLN_000000000122654,[강원] 2026년 아마존ㆍ쇼피(B2C) 입점 지원사업 참가기업 모집 공고,"도내기업의 해외 시장 진출 및 수출 판로개척을 위하여 글로벌 B2C 플랫폼 입점 지원, 입점 교육, 온라인 마케팅을 지원하는 「쇼피ㆍ아마존(B2C) 지원사업」의 참가기업을 모집하오니 관심 있으신 기업 분들의 많은 참여 바랍니다.
☞ 도내 소재(본사 또는 공장) 중소기업
☞ 기업별 6,000천원 지원
- (쇼피) 숏츠 제작, SNS 포스팅, 라이브 송출, 상품등록 및 리뷰마케팅 지원
- (아마존) 아마존 리스팅 및 온라인 광고 전략 등 통합 운영 지원
- 입점 후 교육 프로그램 운영",판로/수출,강원특별자치도경제진흥원,강원특별자치도,중소기업,중소기업,,,,,,,해외진출,2026-05-29,2026-06-12,,온라인 접수 (수출기업서포트),온라인 접수 (수출기업서포트),https://www.bizinfo.go.kr/sii/siia/selectSIIA200Detail.do?pblancId=PBLN_000000000122654,main,primary,강원2026년아마존ㆍ쇼피b2c입점지원사업참가기업모집공고,강원특별자치도경제진흥원,2026-05-29~2026-06-12,수출,해외진출
biz,PBLN_000000000122653,[충북] 2026년 2차 지역중소기업 밀집지역 생태계 공동회복 지원과제 수요기업 모집 공고(중소기업 밀집지역 위기대응 체계 구축사업),"중소벤처기업부와 충청북도가 지원하는 「2026년 중소기업 밀집지역 위기대응 체계 구축사업」 지역중소기업 밀집지역 생태계 공동회복 지원을 다음과 같이 추진하오니, 참여를 희망하는 기업의 많은 신청 바랍니다.
☞ 지원대상 지역중소기업 밀집지역 내 이차전지 소재ㆍ부품ㆍ장비산업 영위 중소기업(「중소기업기본법」제2조 및 시행령 제3조에 따른 중소기업)
※ 자세한 지원대상 공고문 참조
☞ 이차전지 배터리 셀 공정 실무 공동 기술교육, ESG 등급 고도화 공동컨설팅 지원
- 이차전지 배터리 셀 공정 실무 공동 기술 교육 : 배터리 불량 Zero 실현을 위한 공정 FMEA(Failure Mode and Effects Analysis, 고장 형태 및 영향 분석) 공동 집체교육
- ESG 등급 고도화 공동컨설팅 : 글로벌 시장 및 대기업 공급망에서 요구하는 ESG 등급(인권, 노동, 환경 문제) 등 고도화 및 지속가능경영보고서 컨설팅",경영,충북테크노파크,충청북도,중소기업,중소기업,,,,,,,교육,2026-05-29,2026-06-19,,온라인 접수 (충북테크노파크 컨택센터),온라인 접수 (충북테크노파크 컨택센터),https://www.bizinfo.go.kr/sii/siia/selectSIIA200Detail.do?pblancId=PBLN_000000000122653,main,primary,충북2026년2차지역중소기업밀집지역생태계공동회복지원과제수요기업모집공고중소기업밀집지역위기대응체계구축사업,충북테크노파크,2026-05-29~2026-06-19,경영,교육
biz,PBLN_000000000122652,2026년 강원 홍천군 천연물ㆍ바이오기업 사업화 역량 강화 기업지원사업 수혜기업 추가모집 통합 공고(시군구연고산업육성사업),"2026년도 중소벤처기업부와 강원특별자치도ㆍ홍천군이 지원하는 시군구 연고산업 육성사업 수행자로 선정된 수행기관별 지원 프로그램을 안내하오니, 해당 프로그램 참여를 희망하는 홍천군 지역 중소기업의 많은 신청 바랍니다.
☞ 「홍천군 첨단바이오산업 활성화 지원에 관한 조례」 제2조(정의) 제1항 따라 ‘첨단바이오산업’에 해당되는 기업(또는 예비 창업자)
- 홍천군 내 바이오 기업, 천연물 기업
※ 인구감소(관심)지역 지정된 홍천군 소재 및 이전 확약기업
☞ (바이오) 사업화 컨설팅 지원
- (천연물) 시험ㆍ분석지원, 사업화 패키지 지원
※ 자세한 지원내용 공고문 참조",기술,홍천메디칼허브연구소,강원특별자치도,중소기업,중소기업,,,,,,,시험/인증,2026-05-22,2026-06-12,,온라인 접수(지역산업육성사업 기업지원사업 관리시스템),온라인 접수(지역산업육성사업 기업지원사업 관리시스템),https://www.bizinfo.go.kr/sii/siia/selectSIIA200Detail.do?pblancId=PBLN_000000000122652,main,primary,2026년강원홍천군천연물ㆍ바이오기업사업화역량강화기업지원사업수혜기업추가모집통합공고시군구연고산업육성사업,홍천메디칼허브연구소,2026-05-22~2026-06-12,기술,시험/인증
biz,PBLN_000000000122651,2026년 6차 콘크리트 2차 제품 제조기업 및 레미콘 기업지원 수혜기업 모집 공고,"충북도는 「2026년 이산화탄소 포집및 광물탄산화기술 적용 시멘트 제품 종합실증센터 구축사업」을 통하여 시멘트산업 발전과 기업육성을 위하여 노력하고 있습니다. 본 사업은 기후에너지환경부와 충청북도가 지원하고 충북테크노파크 주관하여 아래와 같이 기업지원 사업을 공고하오니 관심 있는 기업의 많은 참여 바랍니다.
☞ 국내 기업 중 콘크리트 2차 제품 제조기업 및 레미콘 기업 등 관련기업
※ 붙임 : 관련 산업분류 코드 참고(공장등록증 산업분류번호 확인)
☞ 공공시장 진출 기업인증(기업당 1,500만원 이내), ESG 기반 저탄소컨설팅(기업당 1,500만원 이내) 지원
※ 자세한 지원내용 공고문 참조",경영,충북테크노파크,충청북도,중소기업,중소기업,,,,,,,컨설팅,2026-05-29,2026-06-26,,"온라인 접수 후 이메일 접수 → 오프라인 접수
- 온라인 : 컨택센터(과제관리시스템)
- 이메일 : dhkim@cbtp.or.kr
※ 지원기업 신청서 출력 후 원본날인 (작성 한글 파일 및 제출파일 이메일 송부)
- 접수처 : (28116) 충북 청주시 청원구 오창읍 연구단지로 76, 충북테크노파크 본부관 2층 기업지원단 지역사업팀
※ 자세한 신청방법 공고문 참조","온라인 접수 후 이메일 접수 → 오프라인 접수
- 온라인 : 컨택센터(과제관리시스템)
- 이메일 : dhkim@cbtp.or.kr
※ 지원기업 신청서 출력 후 원본날인 (작성 한글 파일 및 제출파일 이메일 송부)
- 접수처 : (28116) 충북 청주시 청원구 오창읍 연구단지로 76, 충북테크노파크 본부관 2층 기업지원단 지역사업팀
※ 자세한 신청방법 공고문 참조",https://www.bizinfo.go.kr/sii/siia/selectSIIA200Detail.do?pblancId=PBLN_000000000122651,main,primary,2026년6차콘크리트2차제품제조기업및레미콘기업지원수혜기업모집공고,충북테크노파크,2026-05-29~2026-06-26,경영,컨설팅
biz,PBLN_000000000122650,[충북] 2026년 연구개발장비 공동활용 기업애로상담 프로그램 수요기업 모집 공고,"충청북도와 충북테크노파크는 도내 중소기업의 기술 애로 해소 및 장비 활용 역량 강화를 위하여「2026년 충북 장비멘토(단) 기업애로상담 프로그램」을 운영하고자 하오니, 참여를 희망하는 중소기업의 많은 관심과 신청 바랍니다.
☞ 충북 소재 중견ㆍ중소기업
☞ 사용교육 및 장비활용 상담 기업당 1회 지원
- (사용교육) 기업의 연구 및 생산 과정에 맞춘 장비 사용법 교육 제공, 각 장비의 기능과 활용 방법에 대한 실습 중심 교육 진행 지원
- (장비활용 상담) 기업이 필요로 하는 특정 장비에 대해 맞춤형 상담 진행, 장비 성능, 사용법, 활용 분야 등 다양한 기술적 요구사항에 대한 정보 제공",기술,충북테크노파크,충청북도,중소기업,중소기업,,,,,,,기술인력/장비지원,예산 소진시까지,,,온라인 접수 (충북연구장비정보망),온라인 접수 (충북연구장비정보망),https://www.bizinfo.go.kr/sii/siia/selectSIIA200Detail.do?pblancId=PBLN_000000000122650,main,primary,충북2026년연구개발장비공동활용기업애로상담프로그램수요기업모집공고,충북테크노파크,예산 소진시까지~,기술,기술인력/장비지원
biz,PBLN_000000000122649,[충북] 옥천군 2026년 2차 묘목산업 고도화를 위한 묘목전후방산업 기업지원 프로그램 수혜기업 모집 공고(시군구연고산업육성 협업프로젝트),"2026년도 중소벤처기업부와 충청북도/옥천군이 지원하는 시군구연고산업육성 협업프로젝트 수행자로 선정된 주관기관별 지원 프로그램을 안내하오니, 해당 프로그램 참여를 희망하는 충청북도 옥천군 중소기업의 많은 신청 바랍니다.
☞ 옥천군에 소재한 묘목산업 및 관련 전후방 산업을 영위하는 중소기업 및 묘목 농원(본사, 공장 중 1개 이상 옥천군 소재)
☞ 기술 애로해결 등 컨설팅 지원, 해외판로 
개척지원, 시제품 제작지원, 시험분석 및 특허, 인증 지원, 국내전시회 참가지원, 유망기업 패키지 지원, 생산성 향상지원, 생산 고도화 분야, 제품ㆍ품질 경쟁력 강화, 마케팅ㆍ브랜드ㆍ판로 확장 지원",경영,충북테크노파크,충청북도,중소기업,중소기업,,,,,,,디자인/상품화/사업화,2026-05-26,2026-06-05,,온라인 접수(기업지원사업 관리시스템),온라인 접수(기업지원사업 관리시스템),https://www.bizinfo.go.kr/sii/siia/selectSIIA200Detail.do?pblancId=PBLN_000000000122649,main,primary,충북옥천군2026년2차묘목산업고도화를위한묘목전후방산업기업지원프로그램수혜기업모집공고시군구연고산업육성협업프로젝트,충북테크노파크,2026-05-26~2026-06-05,경영,디자인/상품화/사업화
biz,PBLN_000000000122648,[충북] 영동군 2026년 2차 지방소멸 대응을 위한 와인산업 활성화 지원사업 수혜기업 모집 공고(시군구연고산업육성사업 지원모집 공고),"2026년도 중소벤처기업부와 충청북도 및 영동군이 지원하는 시군구연고산업육성 협업프로젝트 수행자로 선정된 수행기관별 지원 프로그램을 안내하오니, 해당 프로그램 참여를 희망하는 영동군 지역 중소기업의 많은 신청 바랍니다.
☞ 공고일 현재 본사, 지사, 공장, 연구소 중 1개 이상이 영동군 소재인 기업, 와인산업 및 관련 전ㆍ후방 산업을 영위하는 중소기업 
☞ 혁신화&성장촉진, 인식 개선, 사업화 지원
※ 자세한 지원내용 공고문 참조",경영,충북테크노파크,충청북도,중소기업,중소기업,,,,,,,디자인/상품화/사업화,2026-05-13,2026-06-12,,온라인 접수(기업지원사업 관리시스템),온라인 접수(기업지원사업 관리시스템),https://www.bizinfo.go.kr/sii/siia/selectSIIA200Detail.do?pblancId=PBLN_000000000122648,main,primary,충북영동군2026년2차지방소멸대응을위한와인산업활성화지원사업수혜기업모집공고시군구연고산업육성사업지원모집공고,충북테크노파크,2026-05-13~2026-06-12,경영,디자인/상품화/사업화
biz,PBLN_000000000122647,[충북] 2026년 미국 라스베가스 ASD(K-Goods Fair 2026) 공동관 참여기업 모집 공고,"충청북도와 한국무역협회 충북지역본부는 충북 유망 수출기업의 북미 시장 진출 지원을 위해 '2026 미국 라스베가스 ASD (K-Goods Fair 2026) 충북 공동관' 참여기업을 아래와 같이 모집합니다. 미국 시장 진출을 희망하는 충북 소재 소비재 기업 여러분의 많은 관심과 참여 바랍니다.
☞ 충북 소재 소비재 수출기업
- 신청일 현재, 본점의 주소가 ""충청북도""에 위치한 중소ㆍ중견기업
- 뷰티ㆍ패션ㆍ리빙 등 소비재 중심(식품기업 제외)
☞ 부스 임차ㆍ장치비 80%, 편도 해상운송비 50만원, 전시마케팅 비용 100%, 전시회 참가 관련 행정 지원",판로/수출,한국무역협회충북지역본부,충청북도,중소기업,중소기업,,,,,,,해외진출,2026-05-29,2026-06-17,,온라인 접수 (충북 글로벌 마케팅 시스템),온라인 접수 (충북 글로벌 마케팅 시스템),https://www.bizinfo.go.kr/sii/siia/selectSIIA200Detail.do?pblancId=PBLN_000000000122647,main,primary,충북2026년미국라스베가스asdkgoodsfair2026공동관참여기업모집공고,한국무역협회충북지역본부,2026-05-29~2026-06-17,수출,해외진출
biz,PBLN_000000000122646,2026년 글로벌(싱가포르) 시장 진출 지원 기업 모집 공고(디지털트윈 융합 의료혁신 선도사업),"강원테크노파크에서는 디지털트윈 융합 의료혁신 선도사업을 통하여 디지털트윈을 적용하고 있거나 디지털기술을 접목하여 의료기기를 개발ㆍ운영 하고 계신 기업을 대상으로 싱가포르 시장 진출을 위한 ‘2026 Medical Fair Asia’을 다음과 같이 운영하고자 합니다. 본 전시회는 강원테크노파크 미래사업단과 공동관으로 운영계획 예정으로 공동관 참여를 희망하는 기업의 많은 관심과 참여 부탁드립니다.
☞ 싱가포르 시장 진출 희망 기업
- 국내 의료기기 기업 중 디지털트윈을 활용하여 의료기기를 개발하고 있거나 디지털 기술(메타버스, VR, AR 등)을 접목한 기업
☞ 강원TP 공동관 참석, 부스임차료, 장치비, 부스시공비, 통역 지원비 등",판로/수출,강원테크노파크,강원특별자치도,중소기업,중소기업,,,,,,,해외진출,2026-05-29,2026-06-09,,이메일 접수 (rladufma@gwtp.or.kr),이메일 접수 (rladufma@gwtp.or.kr),https://www.bizinfo.go.kr/sii/siia/selectSIIA200Detail.do?pblancId=PBLN_000000000122646,main,primary,2026년글로벌싱가포르시장진출지원기업모집공고디지털트윈융합의료혁신선도사업,강원테크노파크,2026-05-29~2026-06-09,수출,해외진출
biz,PBLN_000000000122645,[인천] 2026년 인천ㆍ충남FTA센터 일본 오사카 시장개척단 참가기업 모집 공고,"산업통상부, 인천상공회의소 인천FTA통상진흥센터에서는 인천 소재 중소ㆍ중견기업의 신규 거래선 발굴 및 판로개척을 위해 「2026년 인천ㆍ충남FTA센터 일본 오사카 시장개척단」참가기업을 모집하오니, 관심 있는 기업의 많은 신청 바랍니다.
☞ 인천광역시에 본사 또는 공장을 보유한 중소ㆍ중견기업 (단, 2025년 수출실적 2,000만 달러 이하 기업)
※ 직접 제조하지 않지만 위탁생산(인천소재 OEM, ODM 등)을 증빙할 경우 신청 가능
- 지원품목 : 식품, 화장품, 생활용품 등(현지 시장 유망품목)
☞ 시장개척단 참가 지원(수출상담회, 차량 및 통역, 간담회, 항공료, 체류비/1개사 1인 지원 기준)",판로/수출,인천상공회의소,인천광역시,중소기업,중소기업,,,,,,,시장개척,2026-05-29,2026-06-16,,이메일 접수 (lyun1029@incham.net),이메일 접수 (lyun1029@incham.net),https://www.bizinfo.go.kr/sii/siia/selectSIIA200Detail.do?pblancId=PBLN_000000000122645,main,primary,인천2026년인천ㆍ충남fta센터일본오사카시장개척단참가기업모집공고,인천상공회의소,2026-05-29~2026-06-16,수출,시장개척
biz,PBLN_000000000122644,[경북] 2026년 2차 미래자동차 사업재편 혁신성장 지원사업 공고,"미래자동차 사업재편 혁신성장 지원을 통해 내연기관 자동차 부품기업에서 미래차 부품 기업으로 전환이 필요한 기업 및 컨설팅 기업을 모집 하고자 하오니 관심과 많은 참여 바랍니다.
☞ 경북 지역에 본사 또는 공장이 있는(자동차부품 기업 또는 미래형자동차 분야 진출 기업)
- 중소기업: 중소기업기본법 제2조의 제1항 및 같은 법 시행령 제3조(중소 기업 범위)에 따른 기업
- 중견기업: 중견기업 성장촉진 및 경쟁력 강화에 관한 특별법 제2조 1호 의 기업 
※ 법인사업자만 신청가능
☞ 미래차 전환 컨설팅 지원, 사업재편 승인기업 후속지원",경영,경북테크노파크,경상북도,중소기업,중소기업,,,,,,,디자인/상품화/사업화,2026-06-01,2026-07-15,,온라인 접수(경북테크노파크),온라인 접수(경북테크노파크),https://www.bizinfo.go.kr/sii/siia/selectSIIA200Detail.do?pblancId=PBLN_000000000122644,main,primary,경북2026년2차미래자동차사업재편혁신성장지원사업공고,경북테크노파크,2026-06-01~2026-07-15,경영,디자인/상품화/사업화
biz,PBLN_000000000122643,전남 영암형 창업지원(로컬크리에이터 육성)사업 2기 2차 청년창업자(팀) 모집 공고,"전남창조경제혁신센터에서는 영암지역 특화자원과 문화 특성을 소재로 혁신적인 아이디어를 결합한 로컬크리에이터 육성을 위하여 청년 창업자를 대상으로 창업지원금 및 교육, 컨설팅 등을 지원하고 있습니다. 영암군에 창업을 희망하는 청년 예비창업자와 업력 7년 이내 기창업자들의 많은 참여 바랍니다.
☞ 모집 공고일 기준 만 19세 이상 49세 이하로서 영암군 거주자 및 전입 예정자 또는 업력 7년 이내 기창업자
- 모집분야 : 로컬크리에이터 비즈니스모델 분야 중 7개 분야(지역가치, 로컬푸드, 지역기반제조, 지역특화관광, 거점브랜드, 디지털문화체험, 자연친화활동)
☞ 창업교육, 컨설팅, 창업지원금(3년간 1팀당 최대 2억) 등 지원
※ 자세한 지원내용 공고문 참조",창업,전남창조경제혁신센터,전라남도,창업벤처,"청년,초기창업기업",,,,,,,사업화지원,2026-05-28,2026-06-25,,이메일 접수 (akclfm@ccei.kr),이메일 접수 (akclfm@ccei.kr),https://www.bizinfo.go.kr/sii/siia/selectSIIA200Detail.do?pblancId=PBLN_000000000122643,main,primary,전남영암형창업지원로컬크리에이터육성사업2기2차청년창업자팀모집공고,전남창조경제혁신센터,2026-05-28~2026-06-25,창업,사업화지원
biz,PBLN_000000000122642,2026년 SMR 혁신제조 국산화 기술개발 사업 신규지원대상 연구개발과제 공고,"SMR 혁신제조 국산화 기술개발사업의 2026년도 신규지원 대상 연구개발과제를 다음과 같이 공고하오니 해당 기술개발과제를 수행하고자 하는 자는 관련규정에 따라 신청하여 주시기 바랍니다.
☞ (주관연구개발기관 및 공동연구개발기관) 기업, 대학, 연구기관, 연구조합, 사업자단체, 의료기관 등
※ 자세한 지원대상 공고문 참조
☞ SMR 혁신제조 국산화 기술개발 연구개발비 지원
※ 첨부파일 4. 제출서류 및 참고 출처바로가기 내 참고",기술,한국에너지기술평가원,전국,중소기업,중소기업,,,,,,,공동기술개발,2026-06-09,2026-06-30,,"온라인 접수 (범부처통합연구지원시스템)
※ 재무제표 원클릭서비스 (https://m.one-click.co.kr/#/ketep)
※ 자세한 신청방법 공고문 참조","온라인 접수 (범부처통합연구지원시스템)
※ 재무제표 원클릭서비스 (https://m.one-click.co.kr/#/ketep)
※ 자세한 신청방법 공고문 참조",https://www.bizinfo.go.kr/sii/siia/selectSIIA200Detail.do?pblancId=PBLN_000000000122642,main,primary,2026년smr혁신제조국산화기술개발사업신규지원대상연구개발과제공고,한국에너지기술평가원,2026-06-09~2026-06-30,기술,공동기술개발
biz,PBLN_000000000122641,[경기] 2026년 지커넥션 마켓 연계지원 차이나조이(ChinaJoy) 참가기업 모집 공고,"경기콘텐츠진흥원은 경기도 콘텐츠 기업의 해외진출 지원을 위하여 아래의 마켓 참가기업을 모집하오니 많은 관심과 참여 부탁드립니다.
☞ 해외진출을 희망하는 도내 콘텐츠 기업
- (B2B) 테크ㆍ콘텐츠솔루션ㆍIP 기업
- (B2C) 굿즈 판매를 희망하는 캐릭터ㆍIP 기업
☞ (공통) 공동관 부스 임차(B2B 72sqm, B2C 54sqm) 및 비품, 마켓 배지(1개사 당 2개), 수출계약 및 거래 시 문제 대응을 위한 단체보험 지원 등
- (B2B) 사전ㆍ현장 비즈니스 매칭 및 통역, 홍보마케팅(공동 디렉토리북 제작 등) 지원
- (B2C) 현장 굿즈 판매 운영 및 결제ㆍ통역 지원",판로/수출,경기콘텐츠진흥원,경기도,중소기업,중소기업,,,,,,,해외진출,2026-06-02,2026-06-22,,온라인 접수 (구글폼),온라인 접수 (구글폼),https://www.bizinfo.go.kr/sii/siia/selectSIIA200Detail.do?pblancId=PBLN_000000000122641,main,primary,경기2026년지커넥션마켓연계지원차이나조이chinajoy참가기업모집공고,경기콘텐츠진흥원,2026-06-02~2026-06-22,수출,해외진출
biz,PBLN_000000000122640,[경북] 2026년 경북산업기술단지 거점기능강화사업 기술닥터제 활성화 지원사업 공고,"중소벤처기업부와 경상북도는 경북 중소기업의 기술역량 강화를 위한「2026년도 기술닥터제 활성화 지원사업」현장애로기술지원을 다음과 같이 공고하오니 많은 관심과 참여 부탁드립니다.
☞ 경북지역에 본사를 둔 제조기업
☞ 현장애로기술지원, 테크립(기술도약)지원",기술,경북테크노파크,경상북도,중소기업,중소기업,,,,,,,기술사업화/이전/지도,2026-06-01,2026-10-31,,온라인 접수(경북테크노파크),온라인 접수(경북테크노파크),https://www.bizinfo.go.kr/sii/siia/selectSIIA200Detail.do?pblancId=PBLN_000000000122640,main,primary,경북2026년경북산업기술단지거점기능강화사업기술닥터제활성화지원사업공고,경북테크노파크,2026-06-01~2026-10-31,기술,기술사업화/이전/지도
biz,PBLN_000000000122639,2026년 베트남 호치민 VietWater 한국관 참가기업 모집 연장 공고,"국내 우수 녹색산업체의 기술 홍보를 지원하기위한 '베트남 호치민 VietWater 2026'의 한국관참가기업을 아래와 같이 모집하오니관심 
기업의 많은 신청 바랍니다,
☞ 한국환경산업협회 '22~'26년도 해외수출 지원사업 수행기업
- 녹색산업체
☞ 전시회부스, 비즈니스, 기타 지원
- (전시회 부스) 참여기업별 상담 공간(기업별 약 예정)및 부스 디자인
- (비즈니스 지원) 비즈니스 상담 주선, 수출 상담 통역원 배치, 상담일지 등 제공
- (기타) 기업 간담회, 공항-호텔 간 이동 차량 및 한국관 통합 브로
슈어 제작 등",판로/수출,한국환경산업협회,경상북도,중소기업,중소기업,,,,,,,해외진출,2026-05-18,2026-06-05,,"온라인 접수 (한국환경산업협회)
※ 접수 누락 방지를 위해 홈페이지 접수 완료 후 접수 여부 해외사업팀 이메일로 발송 권고(이메일 : ge100@keia.kr)","온라인 접수 (한국환경산업협회)
※ 접수 누락 방지를 위해 홈페이지 접수 완료 후 접수 여부 해외사업팀 이메일로 발송 권고(이메일 : ge100@keia.kr)",https://www.bizinfo.go.kr/sii/siia/selectSIIA200Detail.do?pblancId=PBLN_000000000122639,main,primary,2026년베트남호치민vietwater한국관참가기업모집연장공고,한국환경산업협회,2026-05-18~2026-06-05,수출,해외진출
biz,PBLN_000000000122638,[경기] 2026년 제조로봇 도입지원 해외진출지원 사업 참가 기업(자) 모집 공고,"제조로봇 기업의 전시회 참관 및 해외 네트워크를 통해 수출 및 협업 활성화에 필요한 다양한 지식과 노하우를 체득할 수 있도록 「2026 제조로봇 도입지원 해외진출지원 사업」을 지원하오니 많은 참여 바랍니다.
☞ 경기도 내 제조로봇 관련 기업
☞ 공통경비(현지교통비, 가이드 비용 등) 전액 지원, 개인경비(항공, 숙식비 등) 일부 지원",판로/수출,경기테크노파크,경기도,중소기업,중소기업,,,,,,,해외진출준비,2026-05-29,2026-06-15,,이메일 접수 (kimjy007@gtp.or.kr),이메일 접수 (kimjy007@gtp.or.kr),https://www.bizinfo.go.kr/sii/siia/selectSIIA200Detail.do?pblancId=PBLN_000000000122638,main,primary,경기2026년제조로봇도입지원해외진출지원사업참가기업자모집공고,경기테크노파크,2026-05-29~2026-06-15,수출,해외진출준비
biz,PBLN_000000000122637,[세종] 2026년 세종형 행복일터 인증기업 모집 공고,"세종특별자치시는 차별없고 행복한 근로환경 조성 등을 모범적으로 실천하고 있는 우수기업을 발굴ㆍ지원하고자「세종형 행복일터 인증제」사업을 추진하고 있으며, ’26년도 인증기업을 다음과 같이 모집 공고하오니 관내 우수기업의 적극적인 참여를 바랍니다.
☞ 본사(또는 주공장)가 市에 소재하고 3년 이상 정상가동 중이며, 결격사유에 해당되지 않는 상근직 5인 이상 모든 사업장(공고일 기준)
☞ 노사상생지원금 지원
- 세종시 기업인의 날 인증서, 인증현판 수여(인증기간 3년)
- 선정기업 이미지 제고를 위한 홍보 사례집 제작ㆍ배포 지원
- 한국은행 금융중개지원대출 지방중소기업지원자금 지원 대상
※ 자세한 지원내용 공고문 참조",경영,직접수행,세종특별자치시,중소기업,중소기업,,,,,,,디자인/상품화/사업화,2026-06-01,2026-06-30,,이메일 접수(sejong@sjnosaminjung.or.kr),이메일 접수(sejong@sjnosaminjung.or.kr),https://www.bizinfo.go.kr/sii/siia/selectSIIA200Detail.do?pblancId=PBLN_000000000122637,main,primary,세종2026년세종형행복일터인증기업모집공고,직접수행,2026-06-01~2026-06-30,경영,디자인/상품화/사업화
biz,PBLN_000000000122636,2026년 소모성자재(MRO) 납품 중소기업 공공조달 입찰 컨설팅 참여기업 모집 공고,"소모성자재(MRO) 납품 중소기업의 공공조달 시장 진입 장벽을 낮추고, 실질적인 입찰 성공률을 제고하기 위해 「2026년 소모성자재(MRO) 납품 중소기업 공공조달 입찰 컨설팅」 참여기업을 다음과 같이 모집하오니 많은 참여를 바랍니다.
☞ 소모성자재(MRO) 납품 중소기업
※ 「판로지원법」 제2조제6호에 따른 중소 소모성자재 납품업체
※ 사무용품, 공구류, 건설자재, 통신, 보안 등 17개 제품군(붙임1 참조)
☞ 입찰전문가와의 1:1 전문 컨설팅 진행(기업당 90분 내외) 지원",경영,한국중소벤처기업유통원,전국,중소기업,중소기업,,,,,,,컨설팅,2026-05-29,2026-06-30,,온라인 접수 (판판대로),온라인 접수 (판판대로),https://www.bizinfo.go.kr/sii/siia/selectSIIA200Detail.do?pblancId=PBLN_000000000122636,main,primary,2026년소모성자재mro납품중소기업공공조달입찰컨설팅참여기업모집공고,한국중소벤처기업유통원,2026-05-29~2026-06-30,경영,컨설팅
biz,PBLN_000000000122635,2026년 대한민국 소상공인 대회 유공자 포상 연장 공고,"소상공인에 대한 국민인식 및 사회적ㆍ경제적 위상 제고 등을 위해 실시하는「2026년 대한민국 소상공인대회」포상 계획을 다음과 같이 추가 공고하오니 관련분야 소상공인 및 유공자의 많은 신청 바랍니다.
☞ (모범소상공인) 경영혁신, 기술 및 연구개발, 사회공헌실천, 근로환경개선, 고용촉진등의 공적이 탁월하고 타기업에 모범이되는소상공인 대표자로서 기업경영 3년 이상인 자
- (육성공로자) 소상공인 육성, 지원 및 연구 등에 기여한 공적이 탁월하고, 소상공인 지원기관, 학계, 연구기관 또는 대기업 등의 임직원으로서 현 소속기관(기업)에 3년 이상 재직 중인 자
- (지원우수단체) 소상공인 지원활동을 통하여 지역경제 발전에 이바지한 지자체, 소상공인협동조합, 소상공인 관련단체 및 지원기관, 상생협력 우수기업 등으로서 설립 후 5년이 경과한 단체(기관)
☞ (정부 포상) 산업 훈ㆍ포장, 대통령 표창, 국무총리 표창
- (기관 표창) 중소벤처기업부장관, 행정안전부장관, 농림축산식품부장관, 보건복지부장관, 식품의약품안전처장, 특허청장 등 표창",기타,소상공인연합회,전국,소상공인,소상공인,,,,,,,제도,2026-06-01,2026-06-12,,"방문 또는 우편 접수
- 접수처 : 전국 소상공인연합회, 소상공인시장진흥공단, 지방중소벤처기업청","방문 또는 우편 접수
- 접수처 : 전국 소상공인연합회, 소상공인시장진흥공단, 지방중소벤처기업청",https://www.bizinfo.go.kr/sii/siia/selectSIIA200Detail.do?pblancId=PBLN_000000000122635,main,primary,2026년대한민국소상공인대회유공자포상연장공고,소상공인연합회,2026-06-01~2026-06-12,기타,제도
biz,PBLN_000000000122634,2026년 2차 K-Health 대구 AI 의료생태계 구축 지원사업 데이터 기반 의료 AI 제품화 종합 기술지원(직접지원) 공고,"2026년도 K-Health 대구 AI 의료생태계 구축 지원사업의 수혜기업을 아래와 같이 모집하오니, 관심있는 기업의 많은 참여 바랍니다.
☞ 인공지능 기반 의료기기 및 디지털 헬스케어 소프트웨어 관련 기업
※ 자세한 지원대상 공고문 참조
☞ 품질 및 신뢰성 관리체계 구축, 해외 규제기관 등록 및 심사절차 대응 지원, 글로벌 규제 통합심사 대응 지원
※ 자세한 지원내용 공고문 참조",기술,한국산업기술시험원,대구광역시,중소기업,중소기업,,,,,,,기술사업화/이전/지도,2026-05-26,2026-06-12,,이메일 접수(k-health@ktl.re.kr),이메일 접수(k-health@ktl.re.kr),https://www.bizinfo.go.kr/sii/siia/selectSIIA200Detail.do?pblancId=PBLN_000000000122634,main,primary,2026년2차khealth대구ai의료생태계구축지원사업데이터기반의료ai제품화종합기술지원직접지원공고,한국산업기술시험원,2026-05-26~2026-06-12,기술,기술사업화/이전/지도
biz,PBLN_000000000122633,2026년 2차 K-Health 대구 AI 의료생태계 구축 지원사업 데이터 기반 의료 AI 제품화 종합 기술지원(간접지원) 공고,"2026년도 K-Health 대구 AI 의료생태계 구축 지원사업의 수혜기업을 아래와 같이 모집하오니, 관심있는 기업의 많은 참여 바랍니다.
☞ 인공지능 기반 의료기기 및 디지털 헬스케어 소프트웨어 관련 기업
※ 자세한 지원대상 공고문 참조
☞ AI 의료데이터 활용 지원, 의료 AI 성능평가 기술지원
※ 자세한 지원내용 공고문 참조",기술,한국산업기술시험원,대구광역시,중소기업,중소기업,,,,,,,기술사업화/이전/지도,2026-05-26,2026-06-12,,이메일 접수(k-health@ktl.re.kr),이메일 접수(k-health@ktl.re.kr),https://www.bizinfo.go.kr/sii/siia/selectSIIA200Detail.do?pblancId=PBLN_000000000122633,main,primary,2026년2차khealth대구ai의료생태계구축지원사업데이터기반의료ai제품화종합기술지원간접지원공고,한국산업기술시험원,2026-05-26~2026-06-12,기술,기술사업화/이전/지도
biz,PBLN_000000000122632,[충북] 2026년 지역혁신중심 대학지원체계(RISE) AIㆍ스마트제조 연계 사업화 패키지 지원사업 참여기업 추가 모집 공고,"지역혁신중심 대학지원체계(RISE) 사업의 일환으로 추진되는 본 사업은 지ㆍ산ㆍ학ㆍ연 협력 R&BD를 강화하고, 지역 주력산업의 AX 활용을 통한 경쟁력을 높이기 위해 AIㆍ스마트제조 연계 사업화를 지원하는 이번 사업에 역량 있는 기업들의 많은 관심과 참여 바랍니다.
☞ 충북 주력산업 전ㆍ후방 제조 기업 중 AX기반(AIㆍ스마트제조ㆍ공장자동화 등)이 기 구축되었거나 구축중인 기업
☞ 패키지(기업당 최대 25,000천원)지원
- AX 고도화 : 시제품 제작, AX시험ㆍ인증, AX 특화 IP확보, AX 기술컨설팅 지원
- 시장촉진 : UIㆍUX 고도화, 인증ㆍ규제 대응, 글로벌 마케팅, AX BM 피벗팅 지원
- BM 스케일업 : 제품고도화, 시험ㆍ인증, 특허 출원, 디자인ㆍ마케팅, 기술 컨설팅 등 지원
※ 자세한 지원내용 공고문 참조",기술,충북테크노파크,충청북도,중소기업,중소기업,,,,,,,기술사업화/이전/지도,2026-05-28,2026-06-12,,온라인 접수 (충북테크노파크 컨택센터),온라인 접수 (충북테크노파크 컨택센터),https://www.bizinfo.go.kr/sii/siia/selectSIIA200Detail.do?pblancId=PBLN_000000000122632,main,primary,충북2026년지역혁신중심대학지원체계riseaiㆍ스마트제조연계사업화패키지지원사업참여기업추가모집공고,충북테크노파크,2026-05-28~2026-06-12,기술,기술사업화/이전/지도
biz,PBLN_000000000122631,[경기] 2026년 3차 자동차산업 신규입직자 고용ㆍ성장 지원사업 참여기업 및 참여자 모집 공고,"고용노동부와 경기도가 지원하는 2026년 경기지역ㆍ산업 맞춤형 일자리 지원사업의 일환으로 경기지역 자동차산업분야 중소ㆍ중견기업 채용 촉진, 자동차기업 신규입직 근로자들의 대기업과 임금격차 해소ㆍ경력개발 지원을 위해 「2026년 경기 자동차산업 신규입직자 고용ㆍ성장 지원사업」 참여기업과 참여자 모집을 공고하오니, 많은 관심과 참여 바랍니다.
☞ 경기도 소재 상시근로자 5인 이상 500인 이하의 자동차산업 영위기업
- 본사, 지사, 공장 중 하나가 경기도 내 소재하며, 대상 근로자의 실제 근무지도 경기도여야 함
※ 자세한 지원대상 공고문 참조
☞ 정규직, 시간제 근로자 신규 채용기업 재직 3개월, 6개월 인센티브 지원
- 참여기업의 조직 역량 강화를 위해, 희망 기업을 대상으로 HR-AI, ESG 환경 경영, 조직문화 개선 등 분야별 전문가의 맞춤형 방문 강의 지원",인력/일자리,경기경영자총협회,경기도,중소기업,중소기업,,,,,,,고용유지,2026-06-01,2026-06-30,,"온라인 또는 이메일 접수
- 온라인 : 네이버폼
※ (오프라인) 수행기관(경기경영자총협회) 유선 상담 후 신청
- 이메일 : gyef2026@naver.com
※ 자세한 신청방법 공고문 참조","온라인 또는 이메일 접수
- 온라인 : 네이버폼
※ (오프라인) 수행기관(경기경영자총협회) 유선 상담 후 신청
- 이메일 : gyef2026@naver.com
※ 자세한 신청방법 공고문 참조",https://www.bizinfo.go.kr/sii/siia/selectSIIA200Detail.do?pblancId=PBLN_000000000122631,main,primary,경기2026년3차자동차산업신규입직자고용ㆍ성장지원사업참여기업및참여자모집공고,경기경영자총협회,2026-06-01~2026-06-30,인력,고용유지
biz,PBLN_000000000122630,2026년 글로벌 론치패드(PoC) 지원사업 창업기업 모집 공고,"글로벌 준비ㆍ진출을 희망하는 창업기업 대상으로 해외고객실증(PoC)을 통해 해외진출과 판로개척을 지원하는 ‘2026년도 글로벌 론치패드(PoC) 지원사업’에 참여할 창업기업 모집을 다음과 같이 공고합니다.
☞ (글로벌 진출 (Go-to-Global)) 글로벌 진출을 목표로 하는 이머징테크(Emerging Tech) 기업
- (글로벌 준비 (Born-to-Global)) 글로벌 시장을 목표로 창업 아이템과 사업 전략을 개발하고자 하는 이머징테크(Emerging Tech) 기업
☞ (글로벌 진출 (Go-to-Global)) 글로벌 협력채널을 통한 해외고객실증 프로그램 발굴지원, 글로벌 진출을 위한 해외 PoC 기관 협력 지원, 현지 방문에 필요한 경비(항공료+숙박비)기업당 최대 10백만원 지원
- (글로벌 준비 (Born-to-Global)) 글로벌 진출 필수 역량강화 및 액셀러레이팅 교육 지원, 분야별 현지 컨퍼런스 참여 지원, 현지 방문에 필요한 경비(항공료+숙박비)기업당 최대 10백만원 지원",기술,대구경북과학기술원,대구광역시,중소기업,"중소기업,초기창업기업",,,,,,,기술사업화/이전/지도,2026-05-29,2026-06-19,,온라인 접수(Global launchpad),온라인 접수(Global launchpad),https://www.bizinfo.go.kr/sii/siia/selectSIIA200Detail.do?pblancId=PBLN_000000000122630,main,primary,2026년글로벌론치패드poc지원사업창업기업모집공고,대구경북과학기술원,2026-05-29~2026-06-19,기술,기술사업화/이전/지도
biz,PBLN_000000000122629,2026년 천안 전략산업 클러스터 운영사업 참여기업 모집 공고,"천안과학산업진흥원은 천안시 미래의료 산업 생태계 조성을 위해 혁신기술을 보유한 미래의료 천안 기업의 사업화 실증 지원을 목적으로 2026년 ‘천안 전략산업 클러스터 운영사업’ 참여기업을 아래와 같이 모집하오니, 사업에 참여하고자 하는 기업은 안내에 따라 신청하여 주시기 바랍니다.
☞ 천안시 미래의료 분야 기업
※ 치의학, 조직재생, 디지털 헬스케어, 정밀의료 등
① 공고일 기준 관내에 본사 또는 공장, 연구소 등을 두고 있는 기업
② 협약체결일로부터 3개월 내 이전 기업
☞ 천안 전략산업 클러스터 운영기관(단국대학교병원 미래의료지원센터)을 통한 임상ㆍ비임상 시험, 사용적합성 평가 및 컨설팅 지원을 통한 사업화 실증 지원
- 임상시험 : 탁색임상시험, 확증임상시험(허가용), 근거창출 임상시험, 시판중 임상시험
- 비임상시험 : 동물실험, 사용적합성 평가, 신뢰성 평가
- 컨설팅 : 컨설팅 및 자문",기술,천안과학산업진흥원,충청남도,중소기업,중소기업,,,,,,,시험/인증,2026-05-26,2026-06-12,,"이메일 접수 (heaseo@cistep.re.kr)
- 이메일 제목 : [미래의료]_기업명, 예) [미래의료]_천안과학산업진흥원","이메일 접수 (heaseo@cistep.re.kr)
- 이메일 제목 : [미래의료]_기업명, 예) [미래의료]_천안과학산업진흥원",https://www.bizinfo.go.kr/sii/siia/selectSIIA200Detail.do?pblancId=PBLN_000000000122629,main,primary,2026년천안전략산업클러스터운영사업참여기업모집공고,천안과학산업진흥원,2026-05-26~2026-06-12,기술,시험/인증
biz,PBLN_000000000122628,"2026년 콘텐츠 스타트업 글로벌 엑셀러레이팅 프로그램(론치패드) 참가기업(미국, UAE, 싱가포르) 모집 공고","한국콘텐츠진흥원은 국내 콘텐츠 스타트업 기업의 해외시장 진출 활성화를 위하여 “2026 콘텐츠 스타트업 글로벌 엑셀러레이팅 프로그램(론치패드)” 국내 참가기업(미국, UAE, 싱가포르)을 모집하오니 많은 관심과 참여 부탁드립니다.
☞ 해외진출을 희망하는 국내 콘텐츠 스타트업
- 글로벌 비즈니스 모델을 갖춘 2019년 이후 국내 법인 등기를 완료한 콘텐츠 스타트업
☞ 론치패드 지원 프로그램
- 사전(온ㆍ오프라인) : OT 및 기업진단(심층 인터뷰), 현지진출 전략 워크숍, 멘토링 및 IR 컨설팅, 비즈니스 매칭 등 지원
- 현지(오프라인) : 데모데이ㆍIR피칭, 비즈매칭 및 네트워킹, 현지 워크숍 등 현지 엑셀러레이터 프로그램 참가 지원
- 사후 프로그램 : 국가별 론치패드 참가기업 성과점검(투자유치, 계약, 미팅 등) (행사 직후, 연말 중 최소 2회), 만족도조사 등 지원
- 체재비 : 1인 왕복 항공료 및 지정된 체류 기간의 숙박비 지원",판로/수출,한국콘텐츠진흥원,전국,창업벤처,"스타트업,초기창업기업",,,,,,,해외진출,2026-05-28,2026-06-10,,온라인 접수 (콘텐츠수출마케팅플랫폼),온라인 접수 (콘텐츠수출마케팅플랫폼),https://www.bizinfo.go.kr/sii/siia/selectSIIA200Detail.do?pblancId=PBLN_000000000122628,main,primary,2026년콘텐츠스타트업글로벌엑셀러레이팅프로그램론치패드참가기업미국uae싱가포르모집공고,한국콘텐츠진흥원,2026-05-28~2026-06-10,수출,해외진출
biz,PBLN_000000000122627,[서울] 2026년 2차 서울형 R&D 지원사업 테스트베드서울 통합 공고,"2026년 테스트베드서울을 다음과 같이 공고하오니 참여를 희망하는 서울 소재 중소기업 및 컨소시엄은 관련 규정과 절차에 따라 신청하여 주시기 바랍니다.
☞ 서울 소재 중소기업 또는 산/학/연/병 컨소시엄
※ 자세한 지원대상 공고문 참조
☞ 혁신산업 기술 및 제품의 사업화를 위한 실증기회 제공 및 실증에 필요한 비용 지원
※ TRL 7~8단계에 해당하는 과제만 지원가능하며, 실증장소에 바로 설치 또는 적용해야 함",기술,서울경제진흥원,서울특별시,중소기업,중소기업,,,,,,,기술사업화/이전/지도,2026-06-05,2026-07-09,,온라인 접수(서울R&D지원센터 종합관리시스템),온라인 접수(서울R&D지원센터 종합관리시스템),https://www.bizinfo.go.kr/sii/siia/selectSIIA200Detail.do?pblancId=PBLN_000000000122627,main,primary,서울2026년2차서울형rd지원사업테스트베드서울통합공고,서울경제진흥원,2026-06-05~2026-07-09,기술,기술사업화/이전/지도
biz,PBLN_000000000122626,[전북] 2026년 2차 특장차산업 활성화 및 산업생태계 모델구축 기업지원 사업 공고,"전북특별자치도내 특장차(부품)산업 연관기업의 기술경쟁력 향상을 위하여 (재)자동차융합기술원에서 추진하는「2026년도 특장차(부품)산업 기업지원사업」을 다음과 같이 공고합니다.
☞ 전북특별자치도 내 본사, 공장, 연구소 등이 소재한 자동차/특장차(부품) 산업 관련 중소기업
☞ 지능형 제조혁신 개선지원, 특장차(부품) 기술사업화 및 판로확보지원",기술,자동차융합기술원,전북특별자치도,중소기업,중소기업,,,,,,,기술사업화/이전/지도,2026-06-01,2026-06-26,,온라인 접수(기업지원사업 통합관리시스템),온라인 접수(기업지원사업 통합관리시스템),https://www.bizinfo.go.kr/sii/siia/selectSIIA200Detail.do?pblancId=PBLN_000000000122626,main,primary,전북2026년2차특장차산업활성화및산업생태계모델구축기업지원사업공고,자동차융합기술원,2026-06-01~2026-06-26,기술,기술사업화/이전/지도
biz,PBLN_000000000122625,2026년 무탄소에너지보증사업(해상풍력 맞춤형 보증지원) 공고,"“2026년도 무탄소에너지보증사업(해상풍력 맞춤형 보증지원)”을 시행하기 위하여「신ㆍ재생에너지 설비의 지원 등에 관한 규정(기후에너지환경부 고시)」에 따라 동 사업의 지원내용을 다음과 같이 공고합니다.
☞「전기사업법」제7조에 의한 발전사업 허가를 득한 자
※ 자세한 지원대상 공고문 참조
☞ 보증지원 대상금액의 100% 이내 최고 보증지원 한도 4,000억원/건 지원",자금,한국에너지공단,전국,중소기업,중소기업,,,,,,,보증,예산 소진시까지,,,이메일 접수 (yink@energy.or.kr),이메일 접수 (yink@energy.or.kr),https://www.bizinfo.go.kr/sii/siia/selectSIIA200Detail.do?pblancId=PBLN_000000000122625,main,primary,2026년무탄소에너지보증사업해상풍력맞춤형보증지원공고,한국에너지공단,예산 소진시까지~,금융,보증
biz,PBLN_000000000122624,2026년 대ㆍ중소 상생형(일반형) 스마트공장 구축지원 사업 포스코 도입기업 모집 공고,"중소기업 제조 현장의 경쟁력 제고를 위하여 중소벤처기업부, 인공지능혁신추진단, 포스코, 중소기업중앙회에서 추진하고 있는 2026년도 대중소상생형 구축지원 사업의 도입기업 모집 계획을 다음과 같이 공고합니다.
☞ 국내 중소ㆍ중견 제조기업(유형 : 기초, 고도화)
※ 자세한 지원대상 공고문 참조
☞ (구축비용지원) 포스코와 정부가 스마트공장 구축 소요비용 일부 지원
- (운영시스템 등) 생산공정 개선 등을 위해 IoT, 5G, 빅데이터, AI, 클라우드 등 첨단기술을 적용한 스마트공장 솔루션 구축 및 솔루션과 연동된 자동화장비, 제어기, 센서 등 지원
- (ICT연계 자동화구축 등) 스마트공장의 활용도와 보급수준 향상을 위한 기존 시스템의 고도화 및 스마트공장 설비와 연계시스템의 추가 구축ㆍ연동 지원",기술,중소기업중앙회,전국,중소기업,중소기업,,,,,,,기술사업화/이전/지도,2026-05-20,2026-06-19,,"이메일 접수 (smartposco@kbiz.or.kr)
※ 메일 접수 후, 사업관리시스템 온라인 접수 대상 기업 별도 안내","이메일 접수 (smartposco@kbiz.or.kr)
※ 메일 접수 후, 사업관리시스템 온라인 접수 대상 기업 별도 안내",https://www.bizinfo.go.kr/sii/siia/selectSIIA200Detail.do?pblancId=PBLN_000000000122624,main,primary,2026년대ㆍ중소상생형일반형스마트공장구축지원사업포스코도입기업모집공고,중소기업중앙회,2026-05-20~2026-06-19,기술,기술사업화/이전/지도
biz,PBLN_000000000122623,[전북] 2026년 2차 자동차 대체부품 분야 기업지원 사업 공고,"전북특별자치도 내 자동차산업의 위기를 극복하고, 지역 경제 활성화를 위해 추진하고 있는 자동차 대체부품 개발, 사업화, 시장개척 지원을 다음과 같이 공고 하오니 도내 기업의 많은 참여를 바랍니다.
☞ 중소기업기본법 제2조의 규정에 의한 중소기업으로 하며, 군산시, 김제시 소재 본사, 공장(사업장)이 소재한 자동차 대체부품 제조 가능 기업(제조업)
☞ 국내외 자동차 대체부품 개발, 품질인증 기반 대체부품 개발, 사업화 역량강화 패키지 지원
※ 자세한 지원내용 공고문 참조",기술,자동차융합기술원,전북특별자치도,중소기업,중소기업,,,,,,,기술사업화/이전/지도,세부사업별 상이,,,온라인 접수(기업지원사업 통합관리시스템),온라인 접수(기업지원사업 통합관리시스템),https://www.bizinfo.go.kr/sii/siia/selectSIIA200Detail.do?pblancId=PBLN_000000000122623,main,primary,전북2026년2차자동차대체부품분야기업지원사업공고,자동차융합기술원,세부사업별 상이~,기술,기술사업화/이전/지도
biz,PBLN_000000000122622,2026년 대ㆍ중소 상생형(AI트랙) 스마트공장 구축지원 사업 포스코 도입기업 모집 공고,"중소기업 제조 현장의 경쟁력 제고를 위하여 중소벤처기업부, 인공지능혁신추진단, 포스코, 중소기업중앙회에서 추진하고 있는 2026년도 대ㆍ중소상생형(AI트랙) 스마트공장 구축지원 사업의 도입기업 모집 계획을 다음과 같이 공고합니다. 
☞ 국내 중소ㆍ중견 제조기업
- 중간1 수준 이상 구축 예정 기업
☞ (구축비용지원) 포스코와 정부가 스마트공장 구축 소요비용 일부 지원
- (운영시스템 등) 생산공정 개선 등을 위해 IoT, 5G, 빅데이터, AI, 클라우드 등 첨단기술을 적용한 스마트공장 솔루션 구축 및 솔루션과 연동된 자동화장비, 제어기, 센서 등 지원
- (ICT연계 자동화구축 등) 스마트공장의 활용도와 보급수준 향상을 위한 기존 시스템의 고도화 및 스마트공장 설비와 연계시스템의 추가 구축ㆍ연동 지원
- (지원범위) 철 스크랩 분류 및 물동량 모니터링 최적화를 위한 AI 검수 장비 및 시스템 등 지원",기술,중소기업중앙회,전국,중소기업,중소기업,,,,,,,기술사업화/이전/지도,2026-05-20,2026-06-19,,"이메일 접수 (smartposco@kbiz.or.kr)
※ 메일 접수 후, 사업관리시스템 온라인 접수 대상 기업 별도 안내","이메일 접수 (smartposco@kbiz.or.kr)
※ 메일 접수 후, 사업관리시스템 온라인 접수 대상 기업 별도 안내",https://www.bizinfo.go.kr/sii/siia/selectSIIA200Detail.do?pblancId=PBLN_000000000122622,main,primary,2026년대ㆍ중소상생형ai트랙스마트공장구축지원사업포스코도입기업모집공고,중소기업중앙회,2026-05-20~2026-06-19,기술,기술사업화/이전/지도
biz,PBLN_000000000122621,[경기] 2026년 2차 ICT Product 시험인증 지원 공모,"「메이커스페이스 활성화 지원사업」은 시장진입의 어려움을 겪고 있는 도내 중소기업 및 예비창업자의 기술개발의 성공적인 시장 안착 지원을 위해 ICT Product 시험인증 지원 기업을 공모하오니 역량있는 기업의 적극적인 관심과 많은 참여 바랍니다.
☞ ICT 제조분야 경기도 사업장 소재지 창업기업(7년 이내)
※ 단, 신산업분야 (시스템반도체, 바이오헬스, 미래 모빌리티, 친환경 에너지, 로봇, AI빅데이터 등) 창업 10년 이내 중소기업
☞ 국내ㆍ외 제품 인증 큐레이션, 시제품 사전 인증 지원, 시험인증 비용 지원 
- ICT 융합기술을 적용한 시제품 전자ㆍ인증 지원
- 기업주도 중소기업의 시제품 전자·인증 지원 프로그램 지원
- 국내ㆍ외 규격 컨설팅을 통한 제조 분야 개발 방향 제시 및 기술 고도화 지원
- 지원 평가를 통해 우수성과 데모 제품 제작 추가, 홍보 지원",기술,차세대융합기술연구원,경기도,중소기업,중소기업,,,,,,,시험/인증,2026-06-10,2026-06-24,,온라인 접수(차세대융합기술연구원 메이커스페이스 전문랩),온라인 접수(차세대융합기술연구원 메이커스페이스 전문랩),https://www.bizinfo.go.kr/sii/siia/selectSIIA200Detail.do?pblancId=PBLN_000000000122621,main,primary,경기2026년2차ictproduct시험인증지원공모,차세대융합기술연구원,2026-06-10~2026-06-24,기술,시험/인증
biz,PBLN_000000000122620,2026년 대만 TPCAShow2026 한국관 전시부스 참여기업 모집 연장 공고,"한국PCB반도체패키징산업협회는 중소벤처기업부의 2026년 전략 수출컨소시엄 사업 주관단체로 최종 선정되었습니다. 회원사의 글로벌 시장 진출 확대 및 수출 경쟁력 강화를 지원하기 위한 정부 지원 프로그램으로, 다음과 같이 추진될 예정입니다. 대표님들의 많은 관심과 협조를 부탁드립니다.
☞ 한국PCB반도체패키징산업협회(KPCA) 회원사(중소기업)
☞ 전시부스, IMPACT2026 컨퍼런스(3일권), 물품 운송료, 통역, 수출상담회, 산업시찰, 행사, 시장조사 및 진출 전략 등 지원
※ 자세한 지원내용 공고문 참조",판로/수출,중소기업중앙회,전국,중소기업,중소기업,,,,,,,해외진출,2026-04-28,2026-06-15,,온라인 접수 (중소기업 해외전시포탈),온라인 접수 (중소기업 해외전시포탈),https://www.bizinfo.go.kr/sii/siia/selectSIIA200Detail.do?pblancId=PBLN_000000000122620,main,primary,2026년대만tpcashow2026한국관전시부스참여기업모집연장공고,중소기업중앙회,2026-04-28~2026-06-15,수출,해외진출
biz,PBLN_000000000122619,[경남] 2026년 상반기 예비사회적기업 지정계획 공고,"고용노동부「2026년도 사회적기업 인증 업무지침」에 따라 2026년 상반기 경상남도 예비사회적기업 지정계획을 다음과 같이 공고합니다.
☞「사회적기업 육성법」 제8조 및 같은 법 시행령 제9조에 따른 사회적 목적의 실현을 조직의 주된 목적으로 하는 법인ㆍ단체
※ 자세한 지원대상 공고문 참조
☞ 공공기관 우선구매, 한국사회적기업진흥원 경영컨설팅, 사회적기업으로 육성하기 위한 다양한 홍보 및 판로 등 지원",인력/일자리,직접수행,경상남도,사회적기업,사회적기업,,,,,,,제도,2026-05-28,2026-06-11,,온라인 접수 (사회적기업 통합사업관리시스템),온라인 접수 (사회적기업 통합사업관리시스템),https://www.bizinfo.go.kr/sii/siia/selectSIIA200Detail.do?pblancId=PBLN_000000000122619,main,primary,경남2026년상반기예비사회적기업지정계획공고,직접수행,2026-05-28~2026-06-11,기타,제도
biz,PBLN_000000000122618,2026년 ICT 스마트 디바이스 전국 공모전 참가 모집 공고(지능 온디바이스 혁신 아이디어 발굴),"과학기술정보통신부가 주최하는 「2026년 ICT 스마트 디바이스 전국 공모전」이 여러분의 참신한 아이디어를 기다립니다. 이번 공모전은 기기 안의 AI가 스스로 판단하고 차세대 통신과 결합해 작동하는 '지능 온디바이스' 분야의 혁신 아이디어를 발굴합니다. 아직 상용화되지 않은 아이디어와 기술을 가진 일반인, 예비창업자, 중소ㆍ초기창업 기업이라면 누구나 도전할 수 있으니, 많은 관심과 참여 부탁드립니다. 
☞ 현재 상용화되지 않은 지능 온디바이스(온디바이스 AI, 5G-A/6G 등) 관련 아이디어와 기술을 보유한 일반인 및 예비창업자(팀)1) 및 중소ㆍ초기창업 기업
- 예비창업자 : 모집마감일(2026.6.30) 기준 사업자 등록을 보유하고 있지 않은 자
☞ 부총리 겸 과학기술정보통신부장관상 및 총 상금 3,700만원 수상
- 수상자 혜택 : 인증 검증 획득 컨설팅 및 기술, 기업부문 수상작 중 일부에 K-디지털 그랜드 챔피언십에 연계 기회 지원
※ 자세한 지원내용 공고문 참조",판로/수출,스마트기술진흥협회,전국,중소기업,중소기업,,,,,,,오프라인,2026-05-26,2026-06-30,,온라인 접수 (ICT 스마트 디바이스 누리집),온라인 접수 (ICT 스마트 디바이스 누리집),https://www.bizinfo.go.kr/sii/siia/selectSIIA200Detail.do?pblancId=PBLN_000000000122618,main,primary,2026년ict스마트디바이스전국공모전참가모집공고지능온디바이스혁신아이디어발굴,스마트기술진흥협회,2026-05-26~2026-06-30,내수,오프라인
biz,PBLN_000000000122617,[서울ㆍ경기ㆍ인천] 2026년 미래내일 일경험(인턴형) IT 직무과정 참여기업 모집 공고,"「2026년 미래내일 일경험(인턴형)」에 참여할 역량 있는 기업을 아래와 같이 공고하오니 많은 신청 바랍니다.
☞ IT 직무에 인력 수요가 있는 기업
- 고용보험 피보험자 10인 이상, 공공기관, 지방공기업, 비영리단체, 비영리법인 등 기업
- 아래 기업은 피보험자 10인 미만이어도 참여 가능
※ 벤처기업ㆍ이노비즈ㆍ메인비즈ㆍ사회적기업 중 인증 보유 기업이라면 신청 가능
※ 모집분야 : 바이브코딩 AI 개발, 데이터 분석, 소프트웨어 QA, IT 기획
☞ 인턴(1인당) 인건비 375만원 전액, 참여기업 지원금 총 50만원 지원, 멘토 지원금 총 37.5만원 지원",인력/일자리,인사이드아웃 사회적협동조합,서울특별시,중소기업,중소기업,,,,,,,교육/훈련/연수,2026-06-01,2026-06-30,,온라인 접수 (인사이드아웃),온라인 접수 (인사이드아웃),https://www.bizinfo.go.kr/sii/siia/selectSIIA200Detail.do?pblancId=PBLN_000000000122617,main,primary,서울ㆍ경기ㆍ인천2026년미래내일일경험인턴형it직무과정참여기업모집공고,인사이드아웃사회적협동조합,2026-06-01~2026-06-30,인력,교육/훈련/연수
biz,PBLN_000000000122616,[경북] 영주시 2026년 중소기업 물류비 지원사업 참여기업 모집 공고,"영주시 중소기업 육성 및 지원 등에 관한 조례 7조에 의거 영주시와 (재)경상북도경제진흥원에서 추진하는「2026년 영주시 중소기업 물류비 지원사업」참여 기업을 모집하오니 제품의 국내 신규거래처 확대 및 다변화에 관심있는 영주시 내 중소기업의 많은 참여를 바랍니다.
☞ 영주시 소재 공장등록증 보유한 중소기업
- 공장 건축면적 또는 이에 준하는 사업장 면적이 500㎡ 미만인 업체 중 건축법상(건축물대장) 건물용도가 ‘공장’ 또는 ‘제조업소’인 기업
- 중소기업 기본법에 해당하는 기업으로 중소기업확인서 발급 가능한 기업
☞ 기업당 최대 지원금액 5백만원 한도
- 국내 운송비, 창고비용, 물류 포장비, 견본품 운송비 지원",경영,경상북도경제진흥원,경상북도,중소기업,중소기업,,,,,,,디자인/상품화/사업화,2026-05-28,2026-06-19,,이메일 접수(gepa_north@naver.com),이메일 접수(gepa_north@naver.com),https://www.bizinfo.go.kr/sii/siia/selectSIIA200Detail.do?pblancId=PBLN_000000000122616,main,primary,경북영주시2026년중소기업물류비지원사업참여기업모집공고,경상북도경제진흥원,2026-05-28~2026-06-19,경영,디자인/상품화/사업화
biz,PBLN_000000000122614,[경북] 구미시 2026년 일자리 박람회 참여기업 지원사업 2차 추가모집 공고,"구미전자정보기술원은 지역기업, 지역인재간의 적재적소 매칭과 기업의 인력난 해소 및 지역인재의 정착 기회를 확대하고자 「2026 일자리 박람회 참여기업 지원사업」 참여기업 추가모집을 아래와 같이 공고합니다.
☞ 구미지역 내 이차전지 기업
☞ 국내 일자리 박람회 참여시 현장면접을 위한 면접부스 설치, 홍보 물품, 기업소개 동영상 제작 등(기업당 최대 4백만원) 지원",인력/일자리,구미전자정보기술원,경상북도,중소기업,중소기업,,,,,,,고용환경개선,2026-05-26,2026-06-15,,이메일 접수 (kjh3992@geri.re.kr),이메일 접수 (kjh3992@geri.re.kr),https://www.bizinfo.go.kr/sii/siia/selectSIIA200Detail.do?pblancId=PBLN_000000000122614,main,primary,경북구미시2026년일자리박람회참여기업지원사업2차추가모집공고,구미전자정보기술원,2026-05-26~2026-06-15,인력,고용환경개선
biz,PBLN_000000000122613,[경기] 평택시 2026년 수출ㆍ환변동 보험료 지원사업 모집 공고,"재단법인 평택산업진흥원에서는 대내외 경제 불확실성 증가 및 환율 변동성 확대로 인한 평택시 내 중소기업들의 환위험 관리 능력을 보완하고, 환율 변동으로 인한 피해를 최소화 하기 위해 아래와 같이 참여기업을 모집하오니 적극적인 참여 바랍니다.
☞ 공고 마감일 기준 본사, 연구소, 등록공장 소재지가 평택인 중소기업
☞ 한국무역보험공사의 수출ㆍ환변동 보험료 지원(기업당 최대 3,000천원)",자금,평택산업진흥원,경기도,중소기업,중소기업,,,,,,,보험(수출+무역),예산 소진시까지,,,온라인 접수 (평택기업지원시스템),온라인 접수 (평택기업지원시스템),https://www.bizinfo.go.kr/sii/siia/selectSIIA200Detail.do?pblancId=PBLN_000000000122613,main,primary,경기평택시2026년수출ㆍ환변동보험료지원사업모집공고,평택산업진흥원,예산 소진시까지~,금융,보험(수출+무역)
biz,PBLN_000000000122612,[경북] 2026년 2차 경제자유구역 입주기업 지원사업 수혜기업 추가 모집 공고(경제자유구역 혁신생태계 조성사업),"경북자동차임베디드연구원에서는 대구ㆍ경북경제자유구역청에서 운영하는 ‘2026년 경제자유구역 혁신생태계 조성사업’을 통해 경북지구 입주기업 지원사업을 진행하고자 하오니 많은 참여 바랍니다.
☞ DGFEZ 내 경북지구 입주기업(본사, 공장, 기술연구소 등) 으로 DGFEZ 핵심전략산업(“붙임 DGFEZ 핵심전략산업 분류” 참조) 관련 전후방 산업의 역량을 보유한 기업
☞ 시험ㆍ인증/지식재산권 지원, 판로개척지원, 전문컨설팅 지원
- 시험ㆍ인증/지식재산권 지원 : 시험성적서 발급, 인증지원, 지식재산권 지원
- 판로개척지원 : 마케팅(홍보물제작)지원 / 국내외전시회참가 지원
- 전문컨설팅 지원 : 중대재해 예방, ESG 경영 컨설팅, 제품개발 애로 해결",기술,경북자동차임베디드연구원,경상북도,중소기업,중소기업,,,,,,,기술사업화/이전/지도,2026-05-27,2026-06-26,,"방문 및 우편 또는 이메일 접수
- 접수처 : 경북 영천시 명산길 97-70 3층 302호 경북자동차임베디드연구원 기업성장팀 
- 이메일 : sjlee@givet.re.kr","방문 및 우편 또는 이메일 접수
- 접수처 : 경북 영천시 명산길 97-70 3층 302호 경북자동차임베디드연구원 기업성장팀 
- 이메일 : sjlee@givet.re.kr",https://www.bizinfo.go.kr/sii/siia/selectSIIA200Detail.do?pblancId=PBLN_000000000122612,main,primary,경북2026년2차경제자유구역입주기업지원사업수혜기업추가모집공고경제자유구역혁신생태계조성사업,경북자동차임베디드연구원,2026-05-27~2026-06-26,기술,기술사업화/이전/지도
biz,PBLN_000000000122611,[경기] 평택시 2026년 물류비 지원사업 모집 공고,"재단법인 평택산업진흥원에서는 중동 위기 극복을 위해 관내 중소기업의 수출제품 해외 물류비를 지원함으로써 기업의 비용 부담을 완화하고 글로벌 물류환경 변화에 대응한 안정적인 수출 기반을 마련하고자 아래와 같이 참여기업을 모집하오니 적극적인 참여 바랍니다.
☞ 공고 마감일 기준 본사, 연구소, 등록공장 소재지가 평택인 중소기업
☞ 제품 수출 시 발생한 물류비용(기업당 최대 4,500천원) 지원
- 국제특송 : EMS(우체국), Fedex, DHL 등 국제특송 운송비
- 포워딩업체 : 국제운임, 국내ㆍ외 창고료, 국내ㆍ외 내륙운송료, 추가할증료 등 수출 물류 전반 비용 지원",판로/수출,평택산업진흥원,경기도,중소기업,중소기업,,,,,,,해외진출,예산 소진시까지,,,온라인 접수 (평택기업지원시스템),온라인 접수 (평택기업지원시스템),https://www.bizinfo.go.kr/sii/siia/selectSIIA200Detail.do?pblancId=PBLN_000000000122611,main,primary,경기평택시2026년물류비지원사업모집공고,평택산업진흥원,예산 소진시까지~,수출,해외진출
biz,PBLN_000000000122610,[부산] 가상융합 기업 해외 전시회 참가 지원사업 모집 연장 공고,"부산정보산업진흥원에서는 부산 유망 가상융합 관련 기업의 글로벌 역량 강화 및 해외 시장 진출을 위해 ‘부산 가상융합 기업 해외 전시회 참가 지원사업’을 다음과 같이 공고하오니, 많은 관심과 참여 부탁드립니다.
☞ 사업공고일 기준 본사 소재지가 부산인 가상융합 기업
- 전시회 출품이 가능한 가상융합 콘텐츠ㆍ제품ㆍ서비스 보유 기업에 한하여 참가신청 가능
☞ 해외전시회 참가 시, 소요되는 항공료, 숙박비, 참가비 등 기업당 최대 10백만원 지원
※ 자세한 지원내용 공고문 참조",판로/수출,부산정보산업진흥원,부산광역시,중소기업,중소기업,,,,,,,해외진출,2026-05-27,2026-06-10,,"이메일 접수(h.jeong@busanit.or.kr)
- 각 원본파일(한글, PDF 등)을 넘버링 하여 1개 압축 파일로 제출
※ 파일명 : 해외전시회참가지원_기업명.zip","이메일 접수(h.jeong@busanit.or.kr)
- 각 원본파일(한글, PDF 등)을 넘버링 하여 1개 압축 파일로 제출
※ 파일명 : 해외전시회참가지원_기업명.zip",https://www.bizinfo.go.kr/sii/siia/selectSIIA200Detail.do?pblancId=PBLN_000000000122610,main,primary,부산가상융합기업해외전시회참가지원사업모집연장공고,부산정보산업진흥원,2026-05-27~2026-06-10,수출,해외진출
biz,PBLN_000000000122609,2026년 경북AI데이터센터 테스트베드 실증지원 공고(데이터센터 테스트베드 조성 지원),"2026년 데이터센터 테스트베드 조성 지원 사업의 일환으로 수행중인 경북AI데이터센터 테스트베드 실증 지원을 위해 다음과 같이 공고하오니, 많은 참여 바랍니다.
☞ 전국 ITㆍSW 및 데이터센터 관련 기업
☞ 테스트베드 장비 및 테스트공간 지원(컴퓨팅, 운영, 전력공급, 공조 스페이스 등)",기술,포항테크노파크,경상북도,중소기업,중소기업,,,,,,,기술인력/장비지원,상시 접수,,,"우편 및 이메일 접수
- 접수처 : 경북 포항시 남구 지곡로 394 포항테크노파크 5벤처동 5층 경북AI혁신본부 데이터산업팀
- 이메일 : hyeonyh@ptp.or.kr","우편 및 이메일 접수
- 접수처 : 경북 포항시 남구 지곡로 394 포항테크노파크 5벤처동 5층 경북AI혁신본부 데이터산업팀
- 이메일 : hyeonyh@ptp.or.kr",https://www.bizinfo.go.kr/sii/siia/selectSIIA200Detail.do?pblancId=PBLN_000000000122609,main,primary,2026년경북ai데이터센터테스트베드실증지원공고데이터센터테스트베드조성지원,포항테크노파크,상시 접수~,기술,기술인력/장비지원
biz,PBLN_000000000122608,2026년 2차 바이오헬스분야 연구개발사업 신규지원 대상과제 통합 공고,"2026년도 제2차 바이오헬스분야 연구개발사업(① 바이오산업기술개발, ② 세포 및 유전자치료제 제조공정 고도화 기술개발사업) 신규 지원대상 연구개발과제를 다음과 같이 공고하오니 수행하고자 하는 자는 신청하여 주시기 바랍니다. 
☞ 주관연구개발기관 및 공동연구개발기관
- 기업, 대학, 연구기관, 연구조합, 사업자단체, 의료기관 등
☞ 바이오산업기술개발, 세포 및 유전자치료제 제조공정 고도화 기술개발 지원
※ 자세한 내용 공고문 참조",기술,한국산업기술기획평가원,전국,중소기업,중소기업,,,,,,,공동기술개발,2026-06-08,2026-06-29,,온라인 접수 (범부처통합연구지원시스템),온라인 접수 (범부처통합연구지원시스템),https://www.bizinfo.go.kr/sii/siia/selectSIIA200Detail.do?pblancId=PBLN_000000000122608,main,primary,2026년2차바이오헬스분야연구개발사업신규지원대상과제통합공고,한국산업기술기획평가원,2026-06-08~2026-06-29,기술,공동기술개발
biz,PBLN_000000000122607,2026년 마켓플레이스 특화 비즈매칭 뉴욕 코믹콘(New York Comic Con) 참가기업 모집 공고,"한국콘텐츠진흥원은 북미 최대 규모 엔터테인먼트 페스티벌 「2026 뉴욕 코믹콘(New York Comic Con) 참가사 모집」을 아래와 같이 시행하오니 게임 콘텐츠 기업의 적극적인 관심과 많은 참여 바랍니다. 
☞ 마켓플레이스 및 콘텐츠수출마케팅플랫폼 WelCon 등록 완료 기업
- 국산 게임 IP 사업권을 보유하고 있으며, 게임 IP 확장을 염두에 두고 구체적인사업을 진행하고 있는 기업(게임 개발사, 퍼블리셔, 에이전시 등)으로 뉴욕 코믹콘에서 게임 IP/확장 IP를 합해 2개 이상의 상품을 소개할 수 있는 기업
- 게임 IP 저작권을 소유하거나 절대적 협상권을 보유하여 직접 수출상담이 가능한 기업(게임 개발사, 퍼블리셔, 에이전시 등)
- 게임 IP와 확장 콘텐츠를 이용, ①뉴욕 코믹콘 한국 공동관에서 자사 게임 IP 및 확장 콘텐츠의 B2C 홍보, ②콘텐츠 체험을 통한 소비자 접촉, ③비즈매칭 참가를 통해 미국 진출 가능성을 타진해 보려는 기업
- 게임 IP와 확장 콘텐츠를 이용, 라이선싱/기획/제작/유통 및 배급/공동제작 등을 통해 해외 진출을 원하는 국내 게임 기업
- 콘텐츠 IP 홍보 및 IP 활용 상품 판매 등 미국시장 진출에 대한 참여 목적이 명확한 기업
- 대기업/중견기업/중소기업 등 기업 규모 상관없이 참가 가능
- 모집장르 : 애니메이션 장르 및 해당 장르와 연계 가능한 콘텐츠 장르
☞ 한국 공동관 운영, 비즈니스 지원, 체재지원
※ 자세한 지원내용 공고문 참조",판로/수출,한국콘텐츠진흥원,전국,중소기업,중소기업,,,,,,,해외진출,2026-05-20,2026-06-03,,온라인 접수(콘텐츠수출마케팅플랫폼),온라인 접수(콘텐츠수출마케팅플랫폼),https://www.bizinfo.go.kr/sii/siia/selectSIIA200Detail.do?pblancId=PBLN_000000000122607,main,primary,2026년마켓플레이스특화비즈매칭뉴욕코믹콘newyorkcomiccon참가기업모집공고,한국콘텐츠진흥원,2026-05-20~2026-06-03,수출,해외진출
biz,PBLN_000000000122606,2026년 마켓플레이스 특화 비즈매칭(캐나다) K-Animation Spotlight 참가기업 모집 공고,"한국콘텐츠진흥원은 국내 콘텐츠기업의 해외시장 진출 및 한국 콘텐츠의 수요 저변 확대를 위하여 다음과 같이 “2026 마켓플레이스 특화 비즈매칭(캐나다) K-Animation Spotlight” 국내 참가기업을 모집합니다. 많은 관심과 참여 부탁드립니다.
☞ 한국 애니메이션 업체 및 애니메이션 연관 업체 중 캐나다 및 북미 진출을 위한 공동제작, 투자 등 협업을 희망하는 기업 
- 마켓플레이스 및 콘텐츠수출마케팅플랫폼 WelCon 등록 완료 기업
- 콘텐츠 IP 등을 직접 소유하거나 절대적 협상권을 가져 해외진출 상담이 가능한 기업
- 대기업/중견기업/중소기업 등 기업 규모 상관없이 참가 가능
- 자회사/에이전시 등 참가 가능
- 모집장르 : 애니메이션 장르 및 해당 장르와 연계 가능한 콘텐츠 장르
☞ 해외진출 상담 지원(기업별 수출상담 공간, 사전 및 현장 비즈매칭, TAC 패스 지원), 기타 지원(MOU 체결식 지원, 사전 정보 제공, 행사 종합 디렉토리북 제작), 체재지원(항공권, 숙박)",판로/수출,한국콘텐츠진흥원,전국,중소기업,중소기업,,,,,,,해외진출,2026-05-20,2026-06-03,,온라인 접수(콘텐츠수출마케팅플랫폼),온라인 접수(콘텐츠수출마케팅플랫폼),https://www.bizinfo.go.kr/sii/siia/selectSIIA200Detail.do?pblancId=PBLN_000000000122606,main,primary,2026년마켓플레이스특화비즈매칭캐나다kanimationspotlight참가기업모집공고,한국콘텐츠진흥원,2026-05-20~2026-06-03,수출,해외진출
biz,PBLN_000000000122605,2026년 2차 자동차산업기술개발사업 신규지원 대상과제 공고,"2026년도 자동차산업기술개발사업 신규 지원대상 연구개발과제를 다음과 같이 공고하오니 수행하고자 하는 자는 신청하여 주시기 바랍니다.
☞ 기업, 대학, 연구기관, 연구조합, 사업자단체, 의료기관 등
※ 자세한 지원대상 공고문 참조
☞ 자동차산업 기술개발사업 연구개발비 지원
※ 자세한 지원내용 공고문 참조",기술,한국산업기술기획평가원,전국,중소기업,중소기업,,,,,,,공동기술개발,2026-06-05,2026-06-29,,온라인 접수(범부처통합연구지원시스템),온라인 접수(범부처통합연구지원시스템),https://www.bizinfo.go.kr/sii/siia/selectSIIA200Detail.do?pblancId=PBLN_000000000122605,main,primary,2026년2차자동차산업기술개발사업신규지원대상과제공고,한국산업기술기획평가원,2026-06-05~2026-06-29,기술,공동기술개발
biz,PBLN_000000000122604,[서울] 강남구 2026년 글로벌 스타트업 IR 활성화 사업(글로벌 프로그램) 참여기업 모집 연장 공고,"강남구 소재 우수 벤처ㆍ스타트업의 지속적인 성장지원을 위한 IR 지원사업을 아래와 같이 공고하오니 관심 있는 우수 벤처ㆍ스타트업의 적극적인 참여를 바랍니다.
☞ 사업자등록증상 사업장 주소지가 강남구에 등록되어 있는 창업(사업자등록증 등록) 후 7년 이내의 벤처 또는 창업기업
☞ 액셀러레이팅 프로그램, 투자유치 설명회(북미/유럽), 글로벌 오픈 이노베이션 등 지원
※ 자세한 지원내용 공고문 참조",창업,벤처기업협회,서울특별시,창업벤처,"스타트업,초기창업기업",,,,,,,사업화지원,2026-05-13,2026-06-05,,이메일 접수 (jake@kova.or.kr),이메일 접수 (jake@kova.or.kr),https://www.bizinfo.go.kr/sii/siia/selectSIIA200Detail.do?pblancId=PBLN_000000000122604,main,primary,서울강남구2026년글로벌스타트업ir활성화사업글로벌프로그램참여기업모집연장공고,벤처기업협회,2026-05-13~2026-06-05,창업,사업화지원
biz,PBLN_000000000122603,[서울] 강남구 2026년 글로벌 스타트업 IR 활성화 사업(투자유치설명회) 참여기업 모집 연장 공고,"강남구 소재 우수 벤처ㆍ스타트업의 지속적인 성장지원을 위한 IR 지원사업을 아래와 같이 공고하오니 관심 있는 우수 벤처ㆍ스타트업의 적극적인 참여를 바랍니다.
☞ 사업자등록증상 사업장 주소지가 강남구에 등록되어 있는 창업(사업자등록증 등록) 후 7년 이내의 벤처 또는 창업기업
☞ 액셀러레이팅 프로그램, 투자유치 설명회, 추가 지원
※ 자세한 지원내용 공고문 참조",창업,벤처기업협회,서울특별시,창업벤처,"스타트업,초기창업기업",,,,,,,사업화지원,2026-05-13,2026-06-05,,이메일 접수 (min@kova.or.kr),이메일 접수 (min@kova.or.kr),https://www.bizinfo.go.kr/sii/siia/selectSIIA200Detail.do?pblancId=PBLN_000000000122603,main,primary,서울강남구2026년글로벌스타트업ir활성화사업투자유치설명회참여기업모집연장공고,벤처기업협회,2026-05-13~2026-06-05,창업,사업화지원
biz,PBLN_000000000122602,[경기] 안양시 2026년 한국전자전(KES) 경기남부 소공인 공동관 지원사업 추가 모집 공고,"안양산업진흥원은 집적지구(관양/평촌/호계동) 내 전기ㆍ전자부품 관련 분야 소공인을 대상으로 소공인의 판로개척, 수출지원 및 교류협력을 위한 「2026년 경기남부 소공인 공동관 운영사업」 참여기업을 다음과 같이 모집하오니 많은 관심과 신청 바랍니다.
☞ 안양시 동안구 집적지구 내 전기ㆍ전자부품분야(C26~C29) 소공인
- 동안구 집적지구 : 관양동(관양동, 인덕원동, 부림동), 평촌동(평촌동, 평안동, 귀인동), 호계동(호계1~3동, 범계동, 신촌동, 갈산동)
※ 자세한 지원대상 공고문 참조
☞ 전시참여비용(부스임차), 홍보 및 연계 판로개척, 기업 간 네트워킹 등 지원",판로/수출,안양산업진흥원,경기도,소상공인,소상공인,,,,,,,오프라인,2026-06-01,2026-06-19,,온라인 접수 (소상공인24),온라인 접수 (소상공인24),https://www.bizinfo.go.kr/sii/siia/selectSIIA200Detail.do?pblancId=PBLN_000000000122602,main,primary,경기안양시2026년한국전자전kes경기남부소공인공동관지원사업추가모집공고,안양산업진흥원,2026-06-01~2026-06-19,내수,오프라인
biz,PBLN_000000000122601,2026년 6월 문화콘텐츠기업보증 공고,"한국콘텐츠진흥원과 신용보증기금이 함께 협력하여 진행하는 문화콘텐츠기업보증과 관련하여 다음과 같은 사항을 먼저 안내드리오니 유의부탁드립니다.
☞ 문화콘텐츠를 기획ㆍ제작ㆍ유통하고자 하는 국내 콘텐츠기업
- 업종(분야) : 게임, 방송(드라마ㆍ예능), 애니메이션, 영화, 음악, 공연(뮤지컬ㆍ콘서트), 만화, 출판, 캐릭터 9개 분야
☞ 콘텐츠 기획, 제작, 사업화단계에 소요되는 운전자금(기업당 최대 통합한도 10억 이내) 지원
- 콘텐츠기획보증 : 최대 3억 원 이내
- 콘텐츠제작보증 : 최대 7억 원 이내
- 콘텐츠사업화보증 : 최대 10억 원 이내
- K콘텐츠혁신성장보증 : 최대 10억 원 이내",자금,한국콘텐츠진흥원,전국,중소기업,중소기업,,,,,,,보증,2026-06-01,2026-06-08,,"① 콘텐츠가치평가센터 온라인 신청
② 신보 홈페이지(www.kodit.co.kr) 내 온비즈(ON-Biz) 회원가입 및 신용제공동의  
※ 자세한 신청방법 공고문 참조","① 콘텐츠가치평가센터 온라인 신청
② 신보 홈페이지(www.kodit.co.kr) 내 온비즈(ON-Biz) 회원가입 및 신용제공동의  
※ 자세한 신청방법 공고문 참조",https://www.bizinfo.go.kr/sii/siia/selectSIIA200Detail.do?pblancId=PBLN_000000000122601,main,primary,2026년6월문화콘텐츠기업보증공고,한국콘텐츠진흥원,2026-06-01~2026-06-08,금융,보증
biz,PBLN_000000000122600,[경기] 안양시 2026년 전자부품 소공인특화지원센터 지원사업 추가 공고,"안양산업진흥원은 집적지구(관양/평촌/호계동) 내 전기ㆍ전자부품 관련 분야 소공인을 대상으로 「2026년 소공인특화지원센터 지원사업」 참여기업을 다음과 같이 추가 모집하오니 많은 관심과 신청 바랍니다.
☞ 안양시 동안구 집적지구 내 전기ㆍ전자제품분야(C26~C29) 소공인
- 안양시 관양동(관양동, 인덕원동, 부림동), 평촌동(평촌동, 평안동, 귀인동), 호계동(호계1~3동, 범계동, 신촌동, 갈산동)
※ 자세한 지원대상 공고문 참조
☞ 청년소공인 활성화, 글로벌 시장진출, 사업화 지원
- 청년소공인 활성화 : 청년창업 소공인 제품 개발 및 제작비 지원(최대 5백만)
- 글로벌 시장진출 : 해외 수출 판로개척을 위한 마케팅 홍보비 지원(최대 5백만)
- 사업화 : 국내외 인증 획득 및 산업재산권 출원‧등록비(최대 3백만)",기술,안양산업진흥원,경기도,소상공인,소상공인,,,,,,,기술사업화/이전/지도,2026-06-01,2026-06-19,,온라인 접수 (소상공인24),온라인 접수 (소상공인24),https://www.bizinfo.go.kr/sii/siia/selectSIIA200Detail.do?pblancId=PBLN_000000000122600,main,primary,경기안양시2026년전자부품소공인특화지원센터지원사업추가공고,안양산업진흥원,2026-06-01~2026-06-19,기술,기술사업화/이전/지도
biz,PBLN_000000000122599,[전북] 2026년 SW강소기업 도약 패키지 지원사업 2차 연장 공고,"전북테크노파크에서는 전북특별자치도 SW강소기업을 대상으로「전북특별자치도 SW강소기업 도약 패키지 지원사업」을 통한 SW산업 활성화와 SW강소기업의 경쟁력 강화를 위하여 다음과 같이 공고하오니, 동 사업에 참여하고자 하는 기업의 많은 신청 바랍니다.
☞ 전북특별자치도 SW강소기업(※ 2016 ~ 2026 선정기업)
☞ 전문역량 강화 교육비 지원, 맞춤형 연구개발(R&D) 기획지원, 국내ㆍ외 판로확대, 홍보물 제작 및 마케팅 지원
- 기업당 13백만원 이내",경영,전북테크노파크,전북특별자치도,중소기업,중소기업,,,,,,,디자인/상품화/사업화,2026-05-28,2026-06-04,,온라인 접수(전북테크노파크 R&D 종합정보시스템),온라인 접수(전북테크노파크 R&D 종합정보시스템),https://www.bizinfo.go.kr/sii/siia/selectSIIA200Detail.do?pblancId=PBLN_000000000122599,main,primary,전북2026년sw강소기업도약패키지지원사업2차연장공고,전북테크노파크,2026-05-28~2026-06-04,경영,디자인/상품화/사업화
biz,PBLN_000000000122598,[전북] 2026년 관광일자리 권역이음 근로자 고용안착 지원사업 참여자 모집 공고,"고용노동부, 전북특별자치도와 전주시ㆍ군산시ㆍ김제시ㆍ부안군ㆍ고창군은 전주-서해안 체류형 관광산업 성장과 근로자의 안정적인 정착을 위해 「근로자 고용정착 지원사업」 참여자를 다음과 같이 모집하오니 많은 관심과 참여를 바랍니다.
☞ 전북특별자치도 전주, 군산, 김제, 부안, 고창 지역 내 관광 기업
- 자격조건 : 관광사업체등록증, 관광등록증, 전북투어패스 가맹점 등 관광기업임을 증빙할 수 있는 기업(관광 관련 심의 예정)
※ 자세한 지원대상 공고문 참조
☞ 근로자 지원금(건강검진비, 인건비 및 근로환경개선 등) 지원
※ 자세한 지원내용 공고문 참조",인력/일자리,전북벤처산업발전협의회,전북특별자치도,중소기업,중소기업,,,,,,,고용환경개선,2026-05-20,2026-06-16,,"이메일 및 방문 접수
- 이메일 : msseo@jvada.or.kr
- 접수처 : 전북 전주시 유상로 67(전주첨단벤처단지), 스마트배움터 2층 JVADA","이메일 및 방문 접수
- 이메일 : msseo@jvada.or.kr
- 접수처 : 전북 전주시 유상로 67(전주첨단벤처단지), 스마트배움터 2층 JVADA",https://www.bizinfo.go.kr/sii/siia/selectSIIA200Detail.do?pblancId=PBLN_000000000122598,main,primary,전북2026년관광일자리권역이음근로자고용안착지원사업참여자모집공고,전북벤처산업발전협의회,2026-05-20~2026-06-16,인력,고용환경개선
biz,PBLN_000000000122597,[경북] 김천시 2026년 예비수소전문기업 육성 지원사업 공고,"수소산업 육성 전략에 부합하는 수소전문기업 육성을 위한 수혜기업 모집을 다음과 같이 공고하오니, 참여하고자 하는 김천시 내 기업은 안내에 따라 신청하시기를 바랍니다.
☞ 사업자등록증 기준 본사 또는 공장 주소가 김천시 내 소재하는 기업
- 매출 10억 이상으로 수소 분야 관련 기술 투자 및 제품 매출 실적 보유 기업
- 수소분야 관련 산업 확대 또는 업종 변경을 희망하는 기업
☞ 기술사업화, 우수제품의 판로개척, 컨설팅 등 기업 경쟁력 강화를 위한 전주기적 지원
- 사업화 지원 : 홍보물 제작 및 전시회
- 기술개발 지원 : 시제품 제작, 인증/지식재산권",기술,포항테크노파크,경상북도,중소기업,중소기업,,,,,,,기술사업화/이전/지도,2026-05-28,2026-06-11,,온라인 접수 (포항테크노파크),온라인 접수 (포항테크노파크),https://www.bizinfo.go.kr/sii/siia/selectSIIA200Detail.do?pblancId=PBLN_000000000122597,main,primary,경북김천시2026년예비수소전문기업육성지원사업공고,포항테크노파크,2026-05-28~2026-06-11,기술,기술사업화/이전/지도
biz,PBLN_000000000122596,2026년 6월 콘텐츠IP보증 공고,"한국콘텐츠진흥원과 신용보증기금이 함께 협력하여 진행하는 콘텐츠 IP보증제도와 관련하여 
다음과 같은 사항을 먼저 안내드리오니 유의 부탁드립니다.
☞ 콘텐츠IP를 활용하여 사업을 추진하고자 하는 국내 콘텐츠IP 
활용 기업
- 콘텐츠 제작 : 콘텐츠IP를 활용하여 콘텐츠를 제작(OSMU 포함)하는 국내 기업
- 제품/서비스 : 콘텐츠IP 라이선싱 제품을 생산하거나 서비스를 제공하는 국내 기업
※ 자세한 지원대상 공고문 참조
☞ 콘텐츠IP 라이선싱 사업화에 소요되는 자금(10억원) 지원",자금,한국콘텐츠진흥원,전국,중소기업,중소기업,,,,,,,보증,2026-06-01,2026-06-08,,"① 콘텐츠가치평가센터 온라인 신청
② 신보 홈페이지(www.kodit.co.kr) 내 온비즈(ON-Biz) 회원가입 및 신용제공동의 
※ 자세한 신청방법 공고문 참조","① 콘텐츠가치평가센터 온라인 신청
② 신보 홈페이지(www.kodit.co.kr) 내 온비즈(ON-Biz) 회원가입 및 신용제공동의 
※ 자세한 신청방법 공고문 참조",https://www.bizinfo.go.kr/sii/siia/selectSIIA200Detail.do?pblancId=PBLN_000000000122596,main,primary,2026년6월콘텐츠ip보증공고,한국콘텐츠진흥원,2026-06-01~2026-06-08,금융,보증
biz,PBLN_000000000122595,[경북] 포항시 2026년 베트남 K-브랜드 EXPO MEGA-US 참가기업 모집 공고,"포항테크노파크는 포항시 유망강소기업 및 일반기업의 글로벌 시장진출을 지원하고자 베트남 K-브랜드 EXPO 2026 「MEGA-US」 전시회에 참가할 기업을 모집하오니, 참여를 희망하는 기업은 안내된 절차에 따라 신청하여 주시기 바랍니다.
☞ 베트남 K-브랜드 EXPO 2026(Mega-Us)에 참가를 희망하는 포항시 소재 기업
- 유망강소기업 : 2015년~2025년 포항시 유망강소기업
- 일반기업 : 포항시 내 본사 또는 공장을 보유한 중소기업
※ 전시 분야 : AI, 테크, 뷰티, 푸드, 라이프스타일
☞ 부스비, 통역, 홍보자료, 비즈니스 매칭 및 상담, 투자 IR, 후속, 체재비 지원
※ 자세한 지원내용 공고문 참조",판로/수출,포항테크노파크,경상북도,중소기업,중소기업,,,,,,,해외진출,2026-05-28,2026-06-10,,온라인 접수 (포항테크노파크),온라인 접수 (포항테크노파크),https://www.bizinfo.go.kr/sii/siia/selectSIIA200Detail.do?pblancId=PBLN_000000000122595,main,primary,경북포항시2026년베트남k브랜드expomegaus참가기업모집공고,포항테크노파크,2026-05-28~2026-06-10,수출,해외진출
biz,PBLN_000000000122594,2026년 6월 문화산업 완성보증 공고,"한국콘텐츠진흥원과 신용보증기금ㆍ기술보증기금이 협력하여 진행하는 문화산업 완성보증에 신청할 기업을 모집합니다. 공고문과 유의사항을 숙지하신 후 신청해주시기 바랍니다.
☞ 문화상품을 유통하려는 자(배급사, 방송국 등)와 콘텐츠 선판매계약을 체결하고 문화상품을 제작하고자 하는 콘텐츠기업
- 신청 장르 : 게임, 영화, 방송, 애니메이션, 공연, 음악, 만화, 캐릭터, 디지털콘텐츠, 출판 등
☞ 보증한도 금액 기업 당 15억 원 (방송ㆍ수출용 콘텐츠는 최대 50억)
- 계약서 내 판매금액을 기준으로 완성보증 신청금액에 따른 기업의 선행 충족 요건은 차등 적용
※ 자세한 지원내용 공고문 참조",자금,한국콘텐츠진흥원,전국,중소기업,중소기업,,,,,,,보증,2026-06-01,2026-06-08,,온라인 접수(콘텐츠 가치평가시스템),온라인 접수(콘텐츠 가치평가시스템),https://www.bizinfo.go.kr/sii/siia/selectSIIA200Detail.do?pblancId=PBLN_000000000122594,main,primary,2026년6월문화산업완성보증공고,한국콘텐츠진흥원,2026-06-01~2026-06-08,금융,보증
biz,PBLN_000000000122593,[충청권ㆍ호남권] 2026년 2차 충청호남권 상생소공인특화지원센터 지원사업 통합 공고,"전북벤처산업발전협의회에서는 충청호남권 소공인을 대상으로 「2026년 충청호남권 상생소공인특화지원센터 지원사업 통합 공고」를 위와 같이 시행하오니 많은 참여 바랍니다.
☞ 대전광역시, 세종특별자치시, 충청북도, 충청남도, 전북특별자치도, 광주광역시, 전라남도, 제주특별자치도 소재 소공인
※ 자세한 지원대상 공고문 참조
☞ 광역권 공동 해외판로 개척, 소공인 혁신제조 공정개선, 소공인 시장경쟁력 강화(전시지원), 소공인 시장경쟁력 강화(마케팅지원), 소공인 투자대응 역량강화, 소공인 제조혁신 컨설팅 지원
※ 세부사업별 지원내용 상이, 공고문 참조",경영,전북벤처산업발전협의회,전북특별자치도,소상공인,소상공인,,,,,,,디자인/상품화/사업화,2026-05-20,2026-06-26,,"온라인 접수(기업소재지 기준)
- 충청호남권 소재 : https://www.sbiz24.kr/
- 전북특별자치도 소재 : http://jb.jvada.or.kr/
※ 자세한 접수방법 공고문 참조","온라인 접수(기업소재지 기준)
- 충청호남권 소재 : https://www.sbiz24.kr/
- 전북특별자치도 소재 : http://jb.jvada.or.kr/
※ 자세한 접수방법 공고문 참조",https://www.bizinfo.go.kr/sii/siia/selectSIIA200Detail.do?pblancId=PBLN_000000000122593,main,primary,충청권ㆍ호남권2026년2차충청호남권상생소공인특화지원센터지원사업통합공고,전북벤처산업발전협의회,2026-05-20~2026-06-26,경영,디자인/상품화/사업화
biz,PBLN_000000000122592,제77회 국제우주대회(IAC) 한국전시관 참가기업 모집 공고,"한국항공우주연구원은 제77회 국제우주대회 (IAC : International Astronautical Congress)에서 한국전시관 운영을 통하여 우주분야 중소기업 해외 진출을 지원하고자 아래와 같이 공고하오니, 참여를 희망하는 기업체는 신청하여 주시기 바랍니다.
☞ 해외 진출을 원하는 우주분야 중소기업
☞ 전시부스 공간(4.8㎡ 내외로 설계, 디자인, 구축, 철거), 전시 비품(전시 테이블 및 의자 등), 전시품 운송(0.5 cbm), 홍보 그래픽 디자인 등 지원",판로/수출,한국항공우주연구원,전국,중소기업,중소기업,,,,,,,해외진출준비,2026-06-01,2026-06-10,,"이메일 접수(eckim@kari.re.kr)
① 참가계획서 (직인본 1부, 한글원본 1부), 총 2개 파일을 이메일로 송부
② 문자메세지로 '(주)00000 국제우주대회 참가 계획서 발송'이라고 발송
※ 문자메세지 발송 번호 원출처 공고문 참조","이메일 접수(eckim@kari.re.kr)
① 참가계획서 (직인본 1부, 한글원본 1부), 총 2개 파일을 이메일로 송부
② 문자메세지로 '(주)00000 국제우주대회 참가 계획서 발송'이라고 발송
※ 문자메세지 발송 번호 원출처 공고문 참조",https://www.bizinfo.go.kr/sii/siia/selectSIIA200Detail.do?pblancId=PBLN_000000000122592,main,primary,제77회국제우주대회iac한국전시관참가기업모집공고,한국항공우주연구원,2026-06-01~2026-06-10,수출,해외진출준비
biz,PBLN_000000000122591,2026년 AX 원스톱 바우처 지원사업 수요기업 추가 모집 공고,"과학기술정보통신부와 정보통신산업진흥원은 AIㆍ클라우드ㆍ데이터를 바우처 형태로 통합 지원하여 중소기업 등의 인공지능 전환(AX)을 촉진하고자 「2026년도 AX 원스톱 바우처」 지원사업 수요기업 추가 모집을 추진하오니, 참여를 희망하는 기업은 관련 규정 및 절차에 따라 신청하시기 바랍니다.
☞ 중소기업, 중견기업, 대기업 등
- 지원분야 : 제조, 의료, 농업, 환경, 방송, 안전 등 기업 경쟁력 강화 및 사회적 가치, AX 전환 효과를 극대화할 수 있는 분야
☞ AI 개발 + 클라우드(GPU, SaaS 전환) + 데이터 구매ㆍ가공 지원
※ 자세한 지원내용 공고문 참조",기술,정보통신산업진흥원,전국,중소기업,중소기업,,,,,,,기술사업화/이전/지도,2026-05-28,2026-06-26,,온라인 접수(정보통신산업진흥원 사업관리시스템),온라인 접수(정보통신산업진흥원 사업관리시스템),https://www.bizinfo.go.kr/sii/siia/selectSIIA200Detail.do?pblancId=PBLN_000000000122591,main,primary,2026년ax원스톱바우처지원사업수요기업추가모집공고,정보통신산업진흥원,2026-05-28~2026-06-26,기술,기술사업화/이전/지도
biz,PBLN_000000000122590,[충북] 청주시 2026년 첨단문화산업단지 입주기업 역량강화 지원사업 모집 공고,"청주시문화산업진흥재단은 청주첨단문화산업단지 입주기업들의 경쟁력 강화를 위해 <2026 입주기업 역량강화 지원사업>을 다음과 같이 공고하오니 많은 관심과 참여 바랍니다.
☞ 공고일 기준 청주첨단문화산업단지 입주기업
☞ 역량강화 과제(기업당 10,000천원 내외) 지원
- (자율 제안) 기업별 특성 및 수요를 반영한 역량강화 과제 지원
- 기술ㆍ제품 고도화, 콘텐츠 고도화, 사업화 및 시장진출, 디자인ㆍ브랜딩 등
※ 자세한 지원내용 공고문 참조",경영,청주시문화산업진흥재단,충청북도,중소기업,중소기업,,,,,,,디자인/상품화/사업화,2026-06-15,2026-06-16,,"방문 접수 후 이메일 접수
- 접수처 : 청주첨단문화산업단지 콘텐츠산업팀
- 이메일 : kim1884@cjculture.org 
※ 원본 제출 완료 후 사본 이메일 별도 제출 필요","방문 접수 후 이메일 접수
- 접수처 : 청주첨단문화산업단지 콘텐츠산업팀
- 이메일 : kim1884@cjculture.org 
※ 원본 제출 완료 후 사본 이메일 별도 제출 필요",https://www.bizinfo.go.kr/sii/siia/selectSIIA200Detail.do?pblancId=PBLN_000000000122590,main,primary,충북청주시2026년첨단문화산업단지입주기업역량강화지원사업모집공고,청주시문화산업진흥재단,2026-06-15~2026-06-16,경영,디자인/상품화/사업화
biz,PBLN_000000000122589,2026년 제조산업 공정작업용 로봇 엔드이펙터 실증 기반 구축 사업 지원 기업 모집 공고,"한국산업기술시험원에서는 제조산업 공정작업용 로봇 엔드이펙터 관련 기업을 대상으로 개발 및 양산 제품에 대한 성능시험, 엔드이펙터의 성능 및 내구성 시험 지원을 하고자 「제조산업 공정작업용 로봇 엔드이펙터 실증 기반 구축 사업 지원 기업 모집」을 다음과 같이 시행하오니 많은 참여 바랍니다.
☞ 로봇 엔드이펙터 관련제품을 개발하거나 제조하는 국내 기업
☞ 엔드이펙터 관련 기업의 개발 및 양산 제품에 대한 성능시험, 엔드이펙터의 성능 및 내구성 시험 지원",기술,한국산업기술시험원,전국,중소기업,중소기업,,,,,,,기술사업화/이전/지도,2026-05-28,2026-12-18,,"이메일 접수 (kjj@ktl.re.kr)
※ 메일 접수 후, 담당자 유선 연락을 통해 기술지원 접수증 확인 필수","이메일 접수 (kjj@ktl.re.kr)
※ 메일 접수 후, 담당자 유선 연락을 통해 기술지원 접수증 확인 필수",https://www.bizinfo.go.kr/sii/siia/selectSIIA200Detail.do?pblancId=PBLN_000000000122589,main,primary,2026년제조산업공정작업용로봇엔드이펙터실증기반구축사업지원기업모집공고,한국산업기술시험원,2026-05-28~2026-12-18,기술,기술사업화/이전/지도
biz,PBLN_000000000122588,[대전] CES 2027 통합관 운영 전시 참가기업 모집 공고,"대전광역시와 대전창조경제혁신센터에서는 글로벌 진출을 희망하는 관내 창업ㆍ성장기업을 지원하기 위해 「CES 2027 대전통합관」에 참가할 기업을 아래와 같이 모집하오니 많은 관심과 참여 바랍니다.
☞ 대전 전략산업 분야 등 혁신 기술을 보유한 창업ㆍ성장기업 
- 공고일 기준으로 대전시에 사업장(본사, 지사, 연구소 등)이 소재하고 있는 기업
※ 자세한 지원대상 공고문 참조
☞ 전시(전시비용, 홍보, 판로, 바우처), 기업 역량강화(혁신상 컨설팅, 글로벌 진출 역량강화) 지원",판로/수출,대전창조경제혁신센터,대전광역시,창업벤처,초기창업기업,,,,,,,해외진출,2026-05-28,2026-06-17,,"이메일 접수 (hyesun@ccei.kr)
※ 이메일 제출 후 문의처로 신청ㆍ접수 확인","이메일 접수 (hyesun@ccei.kr)
※ 이메일 제출 후 문의처로 신청ㆍ접수 확인",https://www.bizinfo.go.kr/sii/siia/selectSIIA200Detail.do?pblancId=PBLN_000000000122588,main,primary,대전ces2027통합관운영전시참가기업모집공고,대전창조경제혁신센터,2026-05-28~2026-06-17,수출,해외진출
biz,PBLN_000000000122587,[대전] 2026년 소상공인 육아휴직자 대체인력 인건비 지원사업 모집 변경 공고,"대전광역시는 소상공인 사업장에서 근무 중인 사업주 및 근로자의 임신ㆍ출산에 따른 육아휴직으로 발생하는 인력 공백을 해소하고, 대체인력 고용에 따른 인건비 부담을 완화하여 소상공인 사업장의 안정적 운영과 일ㆍ가정 양립을 지원하고자 ‘대전 소상공인 육아휴직자 대체인력 인건비 지원사업’의 참여자를 다음과 같이 공고합니다.
☞ 신청일 기준 3개월 전부터 주민등록상 대전시 거주자이며, 대전시 소재 사업장을 3개월 이상 정상 운영중인 소상공인 사업주중 육아휴직 대상자
- 사업장 기준 상시근로자 5인 미만 소상공인
- 2026. 1. 1. 이후 대체인력 근로계약을 체결한 사업주(1사업장 1인 지원)
- 대표자 1인이 여러 개의 사업장 운영 시에도 1개 사업장만 지원
- 제외업종(첨부1)에 해당하지 않는 사업자
☞ 육아휴직자 대체 인력 인건비 월 100만 원, 최대 6개월(총 600만 원 한도) 내에서 지원",인력/일자리,대전일자리경제진흥원,대전광역시,소상공인,소상공인,,,,,,,고용유지,2026-01-30,2026-10-30,,이메일 접수 (post@djbea.or.kr),이메일 접수 (post@djbea.or.kr),https://www.bizinfo.go.kr/sii/siia/selectSIIA200Detail.do?pblancId=PBLN_000000000122587,main,primary,대전2026년소상공인육아휴직자대체인력인건비지원사업모집변경공고,대전일자리경제진흥원,2026-01-30~2026-10-30,인력,고용유지
biz,PBLN_000000000122586,[충남] 2026년 정보보호 기업 성장(사업화) 지원사업 모집 공고(지역 거점 정보보호 클러스터 구축 사업),"「2026년도 지역거점 정보보호 클러스터 구축사업」 “충남 정보보호 기업 성장(사업화) 지원사업 과제”의 모집을 다음과 같이 공고하오니, 동 사업에 참여를 희망하는 중소(중견)기업은 관련 규정 및 절차에 따라 신청하여 주시기 바랍니다.
☞ 충남 소재 스마트 모빌리티 기반 정보보호 관련 분야 중소(중견)기업
☞ 사업화(비R&D) (1개사/10,000천원) 지원
- 지역특화산업(스마트모빌리티)과 연계 가능하고, 개발 완료된 정보보호 기술 및 제품(서비스)의 사업화 또는 상용화 비용 지원
- 국내외 전시회 참가비, 홍보물 제작비, 마케팅 및 브랜딩, 상용화 패키징, 사업화 컨설팅 비용 등",경영,충남테크노파크,충청남도,중소기업,중소기업,,,,,,,디자인/상품화/사업화,2026-05-27,2026-06-19,,"이메일 접수 (sjw@ctp.or.kr)
※ 하나의 PDF 파일로 제출","이메일 접수 (sjw@ctp.or.kr)
※ 하나의 PDF 파일로 제출",https://www.bizinfo.go.kr/sii/siia/selectSIIA200Detail.do?pblancId=PBLN_000000000122586,main,primary,충남2026년정보보호기업성장사업화지원사업모집공고지역거점정보보호클러스터구축사업,충남테크노파크,2026-05-27~2026-06-19,경영,디자인/상품화/사업화
biz,PBLN_000000000122585,2026년 2차 미래차 전자제어부품 산업 고도화 기반구축 기업지원 수혜기업 모집 공고,"우리 재단은 산업통상자원부가 시행하는 「미래차 전자제어부품 산업 고도화 기반구축(2차년도)」사업의 주관기관으로서, 미래차 전자제어부품 분야 중소ㆍ중견 기업의 기술 고도화 및 글로벌 경쟁력 강화를 위해 다음과 같이 기업지원 수혜기업 모집을 공고하오니, 관심 있으신 기업의 많은 참여 바랍니다.
☞ 중소ㆍ중견 자동차 전자제어부품 관련 기업
☞ 기술, 사업화, 시제품제작, 시험평가, 부품 임대 지원
- 기술 지원 : 전자제어부품 HW 설계/해석, 표준 SW 개발, 기구부 개발 기술지원
- 사업화 지원 : 국내외 인증, 지재권창출, 해외수출 지원
- 시제품제작 지원 : 전자제어부품 및 전장부품 관련 R&D 시작품 및 시제품 제작 지원
- 시험평가 지원 : 지원기관 보유 장비 활용 시험ㆍ평가ㆍ인증 지원
- 부품 임대지원 : [벤츠 EQA 250, 테슬라 Y, BYD Atto3] 차량 부품 임대 지원
※ 자세한 지원내용 공고문 참조",기술,경북IT융합산업기술원,경상북도,중소기업,중소기업,,,,,,,기술사업화/이전/지도,세부사업별 상이,,,"이메일 접수 (jebae@gitc.or.kr)
※ 이메일 접수 시, 반드시 담당자와 수령 여부 확인 必","이메일 접수 (jebae@gitc.or.kr)
※ 이메일 접수 시, 반드시 담당자와 수령 여부 확인 必",https://www.bizinfo.go.kr/sii/siia/selectSIIA200Detail.do?pblancId=PBLN_000000000122585,main,primary,2026년2차미래차전자제어부품산업고도화기반구축기업지원수혜기업모집공고,경북it융합산업기술원,세부사업별 상이~,기술,기술사업화/이전/지도
biz,PBLN_000000000122584,[경기] 김포시 2026년 소상공인 경영환경 개선사업 추가 모집 공고,"소상공인에 대한 1:1 현장 맞춤형 경영 컨설팅과 점포 내 환경개선을 통해 소상공인의 경영위기 극복 및 사업 경쟁력을 강화하고자「2026년 김포시 소상공인 경영환경 개선사업」을 아래와 같이 추가 모집 공고합니다.
☞ 김포시 내 3년 이상 사업을 하고 있는 소상공인
- 전년도 연매출액 3억원 미만 사업자
☞ 상점환경개선(옥외광고물, 인테리어), 디지털 지원(CCTV, 키오스크) 최대 200만원 지원",경영,한국생산성본부,경기도,소상공인,소상공인,,,,,,,시설/입지지원,2026-06-15,2026-06-16,,"방문 및 우편 접수
- 방문접수: 경기 김포시 사우중로 1, 김포시청 제3별관 4층 소회의실
- 우편접수: (03170) 서울시 종로구 새문안로5가길 32, 한국생산성본부 상생협력센터","방문 및 우편 접수
- 방문접수: 경기 김포시 사우중로 1, 김포시청 제3별관 4층 소회의실
- 우편접수: (03170) 서울시 종로구 새문안로5가길 32, 한국생산성본부 상생협력센터",https://www.bizinfo.go.kr/sii/siia/selectSIIA200Detail.do?pblancId=PBLN_000000000122584,main,primary,경기김포시2026년소상공인경영환경개선사업추가모집공고,한국생산성본부,2026-06-15~2026-06-16,경영,시설/입지지원
biz,PBLN_000000000122583,[충남] 2026년 정보보호 신규 비즈니스 모델 발굴 및 기업지원 모집 재공고(지역 거점 정보보호 클러스터 구축 사업),"충남테크노파크에서는 충남 소재 지역특화산업 기업의 디지털전환 등 지역 ICT사업과 정보보호 클러스터 간 연계를 통한 정보보호 산업 생태계 구축과 지역 기업의 비즈니스 영역 확장을 위해 「신규 비즈니스 모델 발굴 및 유망(창업ㆍ벤처기업) 기업지원 사업」을 추진하오니, 관심 있는 기업의 많은 지원을 바랍니다.
☞ 충남 소재 창업ㆍ벤처기업
- 정보보호 전ㆍ후방 기업
- 자동차 산업 전ㆍ후방 기업
※ 자세한 지원대상 공고문 참조
☞ 비즈니스 모델 발굴 컨설팅(1단계) 지원 후 컨설팅 결과 평가를 통해 유망기업(2단계) 지원
- 비즈니스 모델 발굴 지원 25,000천원, 유망기업 지원 52,000천원
※ 자세한 지원내용 공고문 참조",창업,충남테크노파크,충청남도,창업벤처,초기창업기업,,,,,,,사업화지원,2026-05-27,2026-06-19,,"이메일 접수 (sjw@ctp.or.kr)
※ 하나의 PDF 파일로 제출","이메일 접수 (sjw@ctp.or.kr)
※ 하나의 PDF 파일로 제출",https://www.bizinfo.go.kr/sii/siia/selectSIIA200Detail.do?pblancId=PBLN_000000000122583,main,primary,충남2026년정보보호신규비즈니스모델발굴및기업지원모집재공고지역거점정보보호클러스터구축사업,충남테크노파크,2026-05-27~2026-06-19,창업,사업화지원
biz,PBLN_000000000122582,2026년 K-수출전략품목 참여기업 모집 공고,"중소벤처기업의 수출경쟁력 강화를 위한「2026년 K-수출전략품목 육성사업」참여기업 모집을 공고하오니 많은 관심과 참여 바랍니다.
☞ ‘25년 수출실적이 있는 뷰티, 패션, 라이프, 푸드 분야의 협력기관의 타켓시장 진출에 대한 의지가 있는 중소기업 
-「중소기업기본법」제 2조 및 시행령 3조에 따른 중소기업으로 사업자등록증 상 ‘제조’ 업종
- (지원분야) 뷰티, 패션, 라이프, 푸드
※ 자세한 지원대상 공고문 참조
☞ 중기부 수출지원사업 및 홍보 마케팅, 민간 유통사 협력 인프라 연계 지원 등
① 선정기업은 3년간 지원관리 하며, 마케팅 및 브랜드 인지도 상승에 활용할 수 있도록 선정증서 등 수여
② 협력기관이(올리브영, 신세계백화점, 무신사, G마켓, 롯데마트) 보유한 인프라를 활용한 타켓시장 분야별 특화 프로그램 지원
③ 정책수단 연계를 통한 홍보ㆍ마케팅, 전시회 참가 등 판로개척 지원",경영,한국중소벤처기업유통원,전국,중소기업,중소기업,,,,,,,디자인/상품화/사업화,2026-05-29,2026-06-25,,"① 판판대로 홈페이지를 통해 희망 분야를 선택하여 접수
② 성장성 잠재력 확인 사이트를 방문하여 신청 (미등록시 자동 서류 탈락)
※ 제출 사이트 : https://www.kofind.co.kr/fw/FWFWS01R0.do?useInstCd=01&prodGbn=1004
※ 자세한 신청방법 공고문 참조","① 판판대로 홈페이지를 통해 희망 분야를 선택하여 접수
② 성장성 잠재력 확인 사이트를 방문하여 신청 (미등록시 자동 서류 탈락)
※ 제출 사이트 : https://www.kofind.co.kr/fw/FWFWS01R0.do?useInstCd=01&prodGbn=1004
※ 자세한 신청방법 공고문 참조",https://www.bizinfo.go.kr/sii/siia/selectSIIA200Detail.do?pblancId=PBLN_000000000122582,main,primary,2026년k수출전략품목참여기업모집공고,한국중소벤처기업유통원,2026-05-29~2026-06-25,경영,디자인/상품화/사업화
biz,PBLN_000000000122581,[경남] 2026년 제30회 중소기업대상 포상기업 및 유공자 모집 공고,"경남지역 경제발전에 기여한 중소기업 및 우수장기재직자를 발굴·격려하기 위해 ‘제30회 경남중소기업대상’ 포상계획을 다음과 같이 공고하오니 중소기업과 유공자 여러분의 많은 신청 바랍니다.
☞ 경상남도에 본사를 두고 있는 기업
- 2년 이내 경남중소기업대상(大賞)을 수상하지 않은 기업
- (재포상 금지) 수여일 기준 2년 이내 동일한 훈격(중기부장관/경남도지사)의 표창을 받지 않은 기업
☞ 중소벤처기업부장관 표창, 경상남도지사 표창 등 시상 및 수상자 특전 제공
※ 자세한 지원내용 공고문 참조",판로/수출,경남지방중소벤처기업청,경상남도,중소기업,중소기업,,,,,,,홍보지원,2026-05-14,2026-06-19,,"방문, 우편 또는 이메일 접수
- 접수처 : (51439) 경남 창원시 성산구 창이대로 532번길 50(신월동 100-3), 경남지방중소벤처기업청 2층 지역정책과
- 이메일 : gh2512181@korea.kr 
※ 이메일 제출시 제목에 신청하는 부문 및 기업명 필히 기재 요망","방문, 우편 또는 이메일 접수
- 접수처 : (51439) 경남 창원시 성산구 창이대로 532번길 50(신월동 100-3), 경남지방중소벤처기업청 2층 지역정책과
- 이메일 : gh2512181@korea.kr 
※ 이메일 제출시 제목에 신청하는 부문 및 기업명 필히 기재 요망",https://www.bizinfo.go.kr/sii/siia/selectSIIA200Detail.do?pblancId=PBLN_000000000122581,main,primary,경남2026년제30회중소기업대상포상기업및유공자모집공고,경남지방중소벤처기업청,2026-05-14~2026-06-19,내수,홍보지원
biz,PBLN_000000000122580,[경북] 청도군 2026년 소상공인 카드수수료 지원사업 참여 점포 모집 공고,"경상북도와 청도군, 경상북도경제진흥원은 경기 침체로 어려움을 겪고 있는 소상공인을 위한 ‘소상공인 카드수수료 지원사업’의 참여 점포를 모집하고 있으니, 관심 있는 소상공인분들의 많은 신청 부탁드립니다.
☞ 2025년 매출액 2억원 이하,사업자등록증 상 소재지가 ‘청도군’인 소상공인
☞ 2025년 카드 매출액의 0.4% 지원 (최저 5만원, 최대 40만원)",경영,경상북도경제진흥원,경상북도,소상공인,소상공인,,,,,,,디자인/상품화/사업화,예산 소진시까지,,,"온라인 및 방문 접수
- 온라인 : 행복카드.kr
- 접수처 : (청도군) 청도군 읍ㆍ면 사무소, (경제진흥원 동부지소) 포항시 남구 희망대로 859, 2층
※ 접수 우선순위는 온라인(행복카드.kr) 등록 기준으로 결정되며, 온라인 등록이 아닌 방법으로 신청서를 제출할 경우,접수 순번이 늦어질 수 있습니다.","온라인 및 방문 접수
- 온라인 : 행복카드.kr
- 접수처 : (청도군) 청도군 읍ㆍ면 사무소, (경제진흥원 동부지소) 포항시 남구 희망대로 859, 2층
※ 접수 우선순위는 온라인(행복카드.kr) 등록 기준으로 결정되며, 온라인 등록이 아닌 방법으로 신청서를 제출할 경우,접수 순번이 늦어질 수 있습니다.",https://www.bizinfo.go.kr/sii/siia/selectSIIA200Detail.do?pblancId=PBLN_000000000122580,main,primary,경북청도군2026년소상공인카드수수료지원사업참여점포모집공고,경상북도경제진흥원,예산 소진시까지~,경영,디자인/상품화/사업화
biz,PBLN_000000000122579,[충북] 2026년 뿌리기술산업 경쟁력강화 지원사업 기업지원사업 통합 공고,"충청북도가 지역 내 뿌리산업 육성 및 고도화를 위하여 「2026년 뿌리기술산업 경쟁력 강화 지원사업」을 아래와 같이 추진하오니 참여를 희망하는 관련 기업의 많은 참여 바랍니다.
☞ 충북지역 내에 소재한 뿌리산업에 영위하는 중소기업
- 공고일 현재 본사, 공장, 연구소 중 사업장이 충북에 소재인 기업 
- 법인의 재무상태가 양호하고, 대표가 신용불량자가 아닌 기관
- 부도, 화의, 법정관리 중인 업체, 은행여신거래 등 불량기관은 제외
☞ R&D 개발, 공정개선, 시제품제작, 정부과제획득, 경쟁력 강화, 상생도약 지원
- 혁신형 뿌리기술 및 제품 R&D개발 지원
- 공정개선 (에너지 저감) 지원
- 제품고급화, 기술고도화를 위한 시제품 제작 지원
- 뿌리기업 혁신성장을 위한 정부과제기획 등 지원
- 인증, 마케팅 등 지원을 통한 뿌리기업 경쟁력 강화 지원
- 전문 및 중소 뿌리기업 협업을 통한 상생 도약 지원",기술,충북테크노파크,충청북도,중소기업,중소기업,,,,,,,기술사업화/이전/지도,2026-06-15,2026-06-23,,"온라인 등록 후 우편 또는 방문 접수
- 온라인 : 충북테크노파크 컨택센터
- 접수처 :  (28116) 충북 청주시 청원구 오창읍 연구단지로76, 기업지원단(2F)","온라인 등록 후 우편 또는 방문 접수
- 온라인 : 충북테크노파크 컨택센터
- 접수처 :  (28116) 충북 청주시 청원구 오창읍 연구단지로76, 기업지원단(2F)",https://www.bizinfo.go.kr/sii/siia/selectSIIA200Detail.do?pblancId=PBLN_000000000122579,main,primary,충북2026년뿌리기술산업경쟁력강화지원사업기업지원사업통합공고,충북테크노파크,2026-06-15~2026-06-23,기술,기술사업화/이전/지도
biz,PBLN_000000000122578,협업형 지역생활경제 활성화 시범사업 공고,"지역 내 기업 간 협업 생태계 구축을 통한 지속 가능한 지역경제 활성화 모델 발굴을 목적으로 추진하는「협업형 지역생활경제 활성화 시범사업」을 다음과 같이 공고하오니, 아래 절차에 따라 신청하여 주시기 바랍니다.
☞ (제한경쟁) 중기부 시군구연고산업육성사업 지원 이력이 있거나, 현재 진행 중인 인구감소(관심)지역 기초 지방정부
☞ (지역) 연고산업의 특성, 수요 등을 종합적으로 고려하여 지역 생활경제 활성화를 위한 협업모델을 설계하여 컨소시엄 구성
- 컨소시엄 구성 시 지역 내 중소기업 3개사 이상 필수 포함, 한국공예ㆍ디자인문화진흥원과의 디자인ㆍ브랜딩 부분 협업 계획 작성
- 지역기업 간 지속 가능한 협업 체계 구축을 통해 지역 내 경제효과가 순환될 수 있는 모델을 주도적으로 마련
- (중기부) 지역이 기획한 과제에 따른 사업화 및 브랜딩 지원
※ 자세한 지원내용 공고문 참조",경영,중소기업기술정보진흥원,전국,중소기업,중소기업,,,,,,,디자인/상품화/사업화,2026-05-29,2026-06-12,,온라인 접수(중소기업 기술개발사업 종합관리시스템),온라인 접수(중소기업 기술개발사업 종합관리시스템),https://www.bizinfo.go.kr/sii/siia/selectSIIA200Detail.do?pblancId=PBLN_000000000122578,main,primary,협업형지역생활경제활성화시범사업공고,중소기업기술정보진흥원,2026-05-29~2026-06-12,경영,디자인/상품화/사업화
biz,PBLN_000000000122577,[경북] 경주시 2026년 과수고품질시설 현대화사업 재공고,"2026년도 과수고품질시설 현대화사업 지원 계획을 다음과 같이 공고합니다.
☞ 농업경영체 등록농가(경영체 등록필지만 가능)
- 원예산업발전계획의 생산유통통합조직 참여 경영체 또는 지역 푸드플랜에 참여하고 있는 경영체
※ 사업품목 : 사과
☞ 관수관비시설, 관정개발, 방풍망시설, 배수시설, 야생동물방지시설, 품종갱신(기존 시설 활용 가능, 수분수 식재, 수분수 품종 고접 포함) 지원",경영,기초자치단체,경상북도,소상공인,소상공인,,,,,,,시설/입지지원,2026-05-28,2026-06-12,,"방문 접수
- 접수처 : 대경사과원예농협 경주지점","방문 접수
- 접수처 : 대경사과원예농협 경주지점",https://www.bizinfo.go.kr/sii/siia/selectSIIA200Detail.do?pblancId=PBLN_000000000122577,main,primary,경북경주시2026년과수고품질시설현대화사업재공고,기초자치단체,2026-05-28~2026-06-12,경영,시설/입지지원
biz,PBLN_000000000122576,2026년 사회적기업 창업지원사업 창업팀 추가모집 공고,"사회적기업 창업ㆍ재창업 및 전환을 지원하기 위한「2026년도 사회적기업 창업지원사업」창업팀을 다음과 같이 추가모집합니다.
☞ 사회적 목적과 사회적기업가의 자질을 가지고 사회적기업을 창업하고자 하는 팀(대표 포함 2인 이상 구성)
- (인증전환형) 공고일(’26.5.27.) 기준 창업 5년 초과 법인사업자로써, 사회적 목적 중심의 정관 및 조직형태로의 전환이 가능하고 사회적기업 진입을 위한 매출, 고용, 서비스 등 사업실적을 보유한 경우
- (재도전형) ’11~‘23년「사회적기업가 육성사업」협약종료시점 법인을 설립한 
졸업팀 중 폐업ㆍ부진 등 실패 경험을 보유한 자 또는 기업
☞ 창업지원금, 교육, 멘토링, 자원연계 등 지원
※ 자세한 지원내용 공고문 참조",창업,한국사회적기업진흥원,전국,사회적기업,사회적기업,,,,,,,사업화지원,2026-05-29,2026-06-09,,온라인 접수 (사회적기업 포털),온라인 접수 (사회적기업 포털),https://www.bizinfo.go.kr/sii/siia/selectSIIA200Detail.do?pblancId=PBLN_000000000122576,main,primary,2026년사회적기업창업지원사업창업팀추가모집공고,한국사회적기업진흥원,2026-05-29~2026-06-09,창업,사업화지원
biz,PBLN_000000000122575,[울산] 2026년 소상공인 IP창출 종합패키지(브랜드&디자인 융합) 사업 공고,"소상공인의 지식재산 피해를 예방하고 안정적 성장을 돕기 위하여, 시장ㆍ제품 특성이 반영된 브랜드와 디자인 융합 개발을 지원하고 소상공인이 보유한 지식재산을 권리로 보호하기 위한「소상공인 IP 창출 종합패키지 (브랜드&디자인 융합)」지원 사업을 시행하오니 희망하는 소상공인은 아래에 따라 신청하여 주시기 바랍니다.
☞「소상공인기본법」제2조에 따른 소상공인(사업자등록증 보유)
☞ 상표ㆍ디자인 각 1건 이상 IP출원, 컨설팅보고서ㆍ디자인적용가이드, IP교육 등 지원
- 브랜드 개발(네이밍, 로고, 캐릭터 등)
- 디자인 개발(포장디자인)",경영,울산지식재산센터,울산광역시,소상공인,소상공인,,,,,,,디자인/상품화/사업화,2026-05-19,2026-06-15,,온라인 접수 (지역지식재산센터 사업관리시스템),온라인 접수 (지역지식재산센터 사업관리시스템),https://www.bizinfo.go.kr/sii/siia/selectSIIA200Detail.do?pblancId=PBLN_000000000122575,main,primary,울산2026년소상공인ip창출종합패키지브랜드디자인융합사업공고,울산지식재산센터,2026-05-19~2026-06-15,경영,디자인/상품화/사업화
biz,PBLN_000000000122574,[대구] 2026년 소상공인 IP창출 종합패키지(브랜드&디자인 융합) 사업 공고,"소상공인의 지식재산 피해를 예방하고 안정적 성장을 돕기 위하여, 시장ㆍ제품 특성이 반영된 브랜드와 디자인 융합 개발을 지원하고 소상공인이 보유한 지식재산을 권리로 보호하기 위한「소상공인 IP 창출 종합패키지 (브랜드&디자인 융합)」지원 사업을 시행하오니 희망하는 소상공인은 아래에 따라 신청하여 주시기 바랍니다.
☞「소상공인기본법」제2조에 따른 소상공인(사업자등록증 보유)
☞ 상표ㆍ디자인 각 1건 이상 IP출원, 컨설팅보고서ㆍ디자인적용가이드, IP교육 등 지원
- 브랜드 개발(네이밍, 로고, 캐릭터 등)
- 디자인 개발(포장디자인)",경영,대구지식재산센터,대구광역시,소상공인,소상공인,,,,,,,디자인/상품화/사업화,2026-05-19,2026-06-15,,온라인 접수 (지역지식재산센터 사업관리시스템),온라인 접수 (지역지식재산센터 사업관리시스템),https://www.bizinfo.go.kr/sii/siia/selectSIIA200Detail.do?pblancId=PBLN_000000000122574,main,primary,대구2026년소상공인ip창출종합패키지브랜드디자인융합사업공고,대구지식재산센터,2026-05-19~2026-06-15,경영,디자인/상품화/사업화
biz,PBLN_000000000122573,[경남] 2026년 소상공인 IP창출 종합패키지(브랜드&디자인 융합) 사업 공고,"소상공인의 지식재산 피해를 예방하고 안정적 성장을 돕기 위하여, 시장ㆍ제품 특성이 반영된 브랜드와 디자인 융합 개발을 지원하고 소상공인이 보유한 지식재산을 권리로 보호하기 위한「소상공인 IP 창출 종합패키지 (브랜드&디자인 융합)」지원 사업을 시행하오니 희망하는 소상공인은 아래에 따라 신청하여 주시기 바랍니다.
☞「소상공인기본법」제2조에 따른 소상공인(사업자등록증 보유)
☞ 상표ㆍ디자인 각 1건 이상 IP출원, 컨설팅보고서ㆍ디자인적용가이드, IP교육 등 지원
- 브랜드 개발(네이밍, 로고, 캐릭터 등)
- 디자인 개발(포장디자인)",경영,경남지식재산센터,경상남도,소상공인,소상공인,,,,,,,디자인/상품화/사업화,2026-05-19,2026-06-15,,온라인 접수 (지역지식재산센터 사업관리시스템),온라인 접수 (지역지식재산센터 사업관리시스템),https://www.bizinfo.go.kr/sii/siia/selectSIIA200Detail.do?pblancId=PBLN_000000000122573,main,primary,경남2026년소상공인ip창출종합패키지브랜드디자인융합사업공고,경남지식재산센터,2026-05-19~2026-06-15,경영,디자인/상품화/사업화
biz,PBLN_000000000122572,[충북] 2026년 소상공인 IP창출 종합패키지(브랜드&디자인 융합) 사업 공고,"소상공인의 지식재산 피해를 예방하고 안정적 성장을 돕기 위하여, 시장ㆍ제품 특성이 반영된 브랜드와 디자인 융합 개발을 지원하고 소상공인이 보유한 지식재산을 권리로 보호하기 위한「소상공인 IP 창출 종합패키지 (브랜드&디자인 융합)」지원 사업을 시행하오니 희망하는 소상공인은 아래에 따라 신청하여 주시기 바랍니다.
☞「소상공인기본법」제2조에 따른 소상공인(사업자등록증 보유)
☞ 상표ㆍ디자인 각 1건 이상 IP출원, 컨설팅보고서ㆍ디자인적용가이드, IP교육 등 지원
- 브랜드 개발(네이밍, 로고, 캐릭터 등)
- 디자인 개발(포장디자인)",경영,충북지식재산센터,충청북도,소상공인,소상공인,,,,,,,디자인/상품화/사업화,2026-05-19,2026-06-15,,온라인 접수 (지역지식재산센터 사업관리시스템),온라인 접수 (지역지식재산센터 사업관리시스템),https://www.bizinfo.go.kr/sii/siia/selectSIIA200Detail.do?pblancId=PBLN_000000000122572,main,primary,충북2026년소상공인ip창출종합패키지브랜드디자인융합사업공고,충북지식재산센터,2026-05-19~2026-06-15,경영,디자인/상품화/사업화
biz,PBLN_000000000122571,2026년 관광AI 오픈 이노베이션 TRVL-X Lab 공고,"한국관광공사는 AI 등 혁신기술을 기반으로 지역 관광현장의 복합적인 현안을 해결하고, 내외국인 관광객의 편의 증진 및 관광객 지역유치 확대를 도모하기 위해 아래와 같이 ‘관광AI 오픈 이노베이션’ 참여 기업을 모집하고 있습니다. 관광분야에서 새로운 가능성을 실현할 우수 기술기업들의 많은 관심과 참여를 부탁드립니다.
☞ 관광현장(전통시장ㆍ국립공원)의 문제해결을 위해 요구되는 AI등 혁신기술을 보유한 기업
☞ 전통시장형 관광현장, 국립공원형 관광현장 과제 수행에 따른 비용 지원
※ 자세한 지원내용 공고문 참조",기술,한국관광공사,전국,중소기업,중소기업,,,,,,,시험/인증,2026-05-26,2026-06-09,,온라인 접수(온오프믹스),온라인 접수(온오프믹스),https://www.bizinfo.go.kr/sii/siia/selectSIIA200Detail.do?pblancId=PBLN_000000000122571,main,primary,2026년관광ai오픈이노베이션trvlxlab공고,한국관광공사,2026-05-26~2026-06-09,기술,시험/인증
biz,PBLN_000000000122570,[광주] 2026년 소상공인 IP 창출지원 IP 창출 종합패키지(브랜드ㆍ디자인 융합) 사업 공고,"소상공인의 지식재산 피해를 예방하고 안정적 성장을 돕기 위하여, 시장ㆍ제품 특성이 반영된 브랜드와 디자인 융합 개발을 지원하고 소상공인이 보유한 지식재산을 권리로 보호하기 위한 「소상공인 IP창출 종합패키지 (브랜드&디자인 융합)」 지원 사업을 시행하오니 희망하는 소상공인은 아래에 따라 신청하여 주시기바랍니다. 
☞ 「소상공인기본법」제2조에 따른 소상공인(사업자등록증 보유)
☞ 상표ㆍ디자인 등 각 1건 이상 IP출원, 컨설팅보고서ㆍ디자인적용가이드, IP교육 등 지원
- 브랜드개발(네이밍, 로고 , 캐릭터 등) / 디자인 개발(포장디자인)
- 과제금액 2,200만원 지원",경영,광주지식재산센터,광주광역시,소상공인,소상공인,,,,,,,디자인/상품화/사업화,2026-05-19,2026-06-15,,온라인 접수 (RIPC 지원사업 신청시스템),온라인 접수 (RIPC 지원사업 신청시스템),https://www.bizinfo.go.kr/sii/siia/selectSIIA200Detail.do?pblancId=PBLN_000000000122570,main,primary,광주2026년소상공인ip창출지원ip창출종합패키지브랜드ㆍ디자인융합사업공고,광주지식재산센터,2026-05-19~2026-06-15,경영,디자인/상품화/사업화
biz,PBLN_000000000122569,[제주] 2026년 소상공인 IP 창출지원 IP 창출 종합패키지(브랜드ㆍ디자인 융합) 사업 공고,"소상공인의 지식재산 피해를 예방하고 안정적 성장을 돕기 위하여,시장ㆍ제품 특성이 반영된 브랜드와 디자인 융합 개발을 지원하고, 소상공인이 보유한 지식재산을 권리로 보호하기 위한 「소상공인 IP창출 종합패키지 (브랜드&디자인 융합)」지원 사업을 시행하오니 희망하는 소상공인은 아래에 따라 신청하여 주시기 바랍니다.
☞ 「소상공인기본법」제2조에 따른 소상공인(사업자등록증 보유) 
☞ 상표ㆍ디자인 등 각 1건 이상 IP출원, 컨설팅보고서ㆍ디자인적용가이드, IP교육 등 지원
- 브랜드개발(네이밍, 로고 , 캐릭터 등) / 디자인 개발(포장디자인)
- 과제금액 2,200만원 지원",경영,제주상공회의소,제주특별자치도,소상공인,소상공인,,,,,,,디자인/상품화/사업화,2026-05-19,2026-06-15,,온라인 접수 (RIPC 지원사업 신청시스템),온라인 접수 (RIPC 지원사업 신청시스템),https://www.bizinfo.go.kr/sii/siia/selectSIIA200Detail.do?pblancId=PBLN_000000000122569,main,primary,제주2026년소상공인ip창출지원ip창출종합패키지브랜드ㆍ디자인융합사업공고,제주상공회의소,2026-05-19~2026-06-15,경영,디자인/상품화/사업화
biz,PBLN_000000000122568,[강원] 남부 2026년 소상공인 IP 창출지원 IP 창출 종합패키지(브랜드ㆍ디자인 융합) 사업 공고,"소상공인의 지식재산 피해를 예방하고 안정적 성장을 돕기 위하여, 시장ㆍ제품 특성이 반영된 브랜드와 디자인 융합 개발을 지원하고 소상공인이 보유한 지식재산을 권리로 보호하기 위한 「소상공인 IP창출 종합패키지 (브랜드&디자인 융합)」 지원 사업을 시행하오니 희망하는 소상공인은 아래에 따라 신청하여 주시기 바랍니다.
☞ 「소상공인기본법」제2조에 따른 소상공인(사업자등록증 보유)
※ 관할구역 : 태백, 강릉, 동해, 삼척, 정선
☞ 상표ㆍ디자인 등 각 1건 이상 IP출원, 컨설팅보고서ㆍ디자인적용가이드, IP교육 등 지원
- 브랜드개발(네이밍, 로고 , 캐릭터 등) / 디자인 개발(포장디자인)
- 과제금액 2,200만원 지원",경영,강원남부지식재산센터,강원특별자치도,소상공인,소상공인,,,,,,,디자인/상품화/사업화,2026-05-19,2026-06-15,,온라인 접수 (RIPC 지원사업 신청시스템),온라인 접수 (RIPC 지원사업 신청시스템),https://www.bizinfo.go.kr/sii/siia/selectSIIA200Detail.do?pblancId=PBLN_000000000122568,main,primary,강원남부2026년소상공인ip창출지원ip창출종합패키지브랜드ㆍ디자인융합사업공고,강원남부지식재산센터,2026-05-19~2026-06-15,경영,디자인/상품화/사업화
biz,PBLN_000000000122567,[전북] 2026년 소상공인 IP 창출지원 IP 창출 종합패키지(브랜드ㆍ디자인 융합) 사업 공고,"한국발명진흥회 전북지부(전북지식재산센터)에서는 소상공인의 지식재산 피해를 예방하고 안정적 성장을 돕기 위하여, 시장ㆍ제품 특성이 반영된 브랜드와 디자인 융합 개발을 지원하고 소상공인이 보유한 지식재산을 권리로 보호하기 위한 「소상공인 IP창출 종합패키지 (브랜드&디자인 융합)」 지원 사업을 시행하오니 희망하는 소상공인은 아래에 따라 신청하여 주시기 바랍니다.
☞ 전북도 소재 소상공인「소상공인기본법」제2조에 따른 소상공인(사업자등록증 보유)
☞ 상표ㆍ디자인 등 각 1건 이상 IP출원, 컨설팅보고서ㆍ디자인적용가이드, IP교육 등 지원
- 브랜드개발(네이밍, 로고 , 캐릭터 등) / 디자인 개발(포장디자인)
- 과제금액 2,200만원 지원",경영,전북지식재산센터,전북특별자치도,소상공인,소상공인,,,,,,,디자인/상품화/사업화,2026-05-19,2026-06-15,,온라인 접수 (RIPC 지원사업 신청시스템),온라인 접수 (RIPC 지원사업 신청시스템),https://www.bizinfo.go.kr/sii/siia/selectSIIA200Detail.do?pblancId=PBLN_000000000122567,main,primary,전북2026년소상공인ip창출지원ip창출종합패키지브랜드ㆍ디자인융합사업공고,전북지식재산센터,2026-05-19~2026-06-15,경영,디자인/상품화/사업화
biz,PBLN_000000000122566,[대전] 2026년 소상공인 IP 창출지원 IP 창출 종합패키지(브랜드ㆍ디자인 융합) 사업 공고,"소상공인의 지식재산 피해를 예방하고 안정적 성장을 돕기 위하여, 시장ㆍ제품 특성이 반영된 브랜드와 디자인 융합 개발을 지원하고 소상공인이 보유한 지식재산을 권리로 보호하기 위한 「소상공인 IP창출 종합패키지(브랜드&디자인 융합)」 지원 사업을 시행하오니 희망하는 소상공인은 아래에 따라 신청하여 주시기 바랍니다.
☞ 「소상공인기본법」제2조에 따른 소상공인(사업자등록증 보유)
☞ 상표ㆍ디자인 등 각 1건 이상 IP출원, 컨설팅보고서ㆍ디자인적용가이드, IP교육 등 지원
- 브랜드개발(네이밍, 로고 , 캐릭터 등) / 디자인 개발(포장디자인)
- 과제금액 2,200만원 지원",경영,대전지식재산센터,대전광역시,소상공인,소상공인,,,,,,,디자인/상품화/사업화,2026-05-19,2026-06-15,,온라인 접수 (RIPC 지원사업 신청시스템),온라인 접수 (RIPC 지원사업 신청시스템),https://www.bizinfo.go.kr/sii/siia/selectSIIA200Detail.do?pblancId=PBLN_000000000122566,main,primary,대전2026년소상공인ip창출지원ip창출종합패키지브랜드ㆍ디자인융합사업공고,대전지식재산센터,2026-05-19~2026-06-15,경영,디자인/상품화/사업화
biz,PBLN_000000000122565,[부산] 2026년 수산물 온라인마케팅 지원사업 추가모집 공고,"「지방자치단체 보조금 관리에 관한 법률」및「부산광역시 지방보조금 관리 조례」의 규정에 따라, 수산업체의 온라인 마케팅 활성화 및 수산식품 소비 촉진을 위한「2026년 수산물 온라인마케팅 지원사업」의 대상자를 다음과 같이 추가모집 공고합니다.
☞ 공고일 현재 부산광역시 소재 수산(물)식품 제조ㆍ가공업체, 영어조합법인, 어업회사법인 등
☞ 온라인 광고비 및 택배비(온라인주문에 한함) 중 택 1 지원(업체당 150만원)",경영,직접수행,부산광역시,중소기업,중소기업,,,,,,,디자인/상품화/사업화,2026-05-11,2026-06-05,,온라인 접수(보탬e),온라인 접수(보탬e),https://www.bizinfo.go.kr/sii/siia/selectSIIA200Detail.do?pblancId=PBLN_000000000122565,main,primary,부산2026년수산물온라인마케팅지원사업추가모집공고,직접수행,2026-05-11~2026-06-05,경영,디자인/상품화/사업화
biz,PBLN_000000000122564,[충남] 천안시 2026년 기업 스마트 혁신지원단 운영사업 참여기업 모집 공고,"천안과학산업진흥원에서는 천안 지역 중소기업의 생산성 향상 및 경쟁력 강화를 지원하기 위해 2026년 “기업 스마트 혁신지원단 운영사업” 참여 기업을 다음과 같이 모집 공고하오니 본 사업에 참여하고자 하는 기업은 절차에 따라 신청하여 주시기 바랍니다.
☞ 본사 또는 공장이 천안시 소재 중소기업
☞ 경영ㆍ기술 애로해결 지원
- 기업의 경영ㆍ기술 애로사항을 전문위원이 3회 + 추가 4회 이내 현장방문 하여 1:1 맞춤형 애로해결 지원",경영,천안과학산업진흥원,충청남도,중소기업,중소기업,,,,,,,컨설팅,예산 소진시까지,,,이메일 접수 (heaseo@cistep.re.kr),이메일 접수 (heaseo@cistep.re.kr),https://www.bizinfo.go.kr/sii/siia/selectSIIA200Detail.do?pblancId=PBLN_000000000122564,main,primary,충남천안시2026년기업스마트혁신지원단운영사업참여기업모집공고,천안과학산업진흥원,예산 소진시까지~,경영,컨설팅
biz,PBLN_000000000122563,[충남] 천안시 2026년 기술이전ㆍ가치평가 지원사업 참여기업 모집 공고,"천안시 중소기업의 기술금융 여건 마련 및 혁신 성장성 촉진을 지원하기 위해 2026년 “천안 기술이전·가치평가 지원사업”을 다음과 같이 공고하오니 본 사업에 참여하고자 하는 기업은 절차에 따라 신청하여 주시기 바랍니다.
☞ 천안 소재(본사, 공장, 부설연구소, 지점, 사무소 등) 전략산업 중소기업
☞ IP창출(특허출원), IP거래(기술이전), IP활용(기술가치평가) 지원
※ 자세한 지원내용 공고문 참조",기술,천안과학산업진흥원,충청남도,중소기업,중소기업,,,,,,,기술사업화/이전/지도,예산 소진시까지,,,이메일 접수 (heaseo@cistep.re.kr),이메일 접수 (heaseo@cistep.re.kr),https://www.bizinfo.go.kr/sii/siia/selectSIIA200Detail.do?pblancId=PBLN_000000000122563,main,primary,충남천안시2026년기술이전ㆍ가치평가지원사업참여기업모집공고,천안과학산업진흥원,예산 소진시까지~,기술,기술사업화/이전/지도
biz,PBLN_000000000122562,2026년 서울 유니콘 챌린지 참가기업 모집 공고,"글로벌 성장이 유망한 국내ㆍ외 스타트업을 발굴하여 글로벌 창업 무대로서 경쟁력을 강화하고, 해외시장 진출 및 국내 시장 진입을 촉진하고자 다음과 같이 ‘2026 서울 유니콘챌린지’ 참가기업을 모집합니다.
☞ 국내ㆍ외 도약기 스타트업(창업 10년 미만 기업) 
- (국내) 해외 진출 희망하는 업력 10년 미만의 국내 스타트업 
- (해외) 외국 국적을 보유한 대표자가 운영하는 업력 10년 미만의 스타트업 
☞ 시상 상금 총 1억 2천만원 지원
- 홍보 : 행사 참가 및 개별 전시부스 제공, 언론 홍보 지원 최종 피칭 참가기회 제공 
- 밋업 : VCㆍAC 등 투자사와의 1:1 밋업 우선 매칭 
- 상장 : 서울특별시장 명의 상장 수여
- 기술 : 네이버 클라우드 그린하우스 지원사업 연계 
※ 자세한 지원내용 공고문 참조",창업,서울경제진흥원,서울특별시,창업벤처,초기창업기업,,,,,,,사업화지원,2026-05-19,2026-06-30,,"온라인 접수
- 국내기업 : 스타트업플러스 (https://www.startup-plus.kr/project/PRJ007000)
- 해외기업 : 구글폼 (https://forms.gle/k5hzHYQumcw1Re4P6)","온라인 접수
- 국내기업 : 스타트업플러스 (https://www.startup-plus.kr/project/PRJ007000)
- 해외기업 : 구글폼 (https://forms.gle/k5hzHYQumcw1Re4P6)",https://www.bizinfo.go.kr/sii/siia/selectSIIA200Detail.do?pblancId=PBLN_000000000122562,main,primary,2026년서울유니콘챌린지참가기업모집공고,서울경제진흥원,2026-05-19~2026-06-30,창업,사업화지원
biz,PBLN_000000000122561,2026년 서리풀 소상공인 창업 클리닉 모집 공고,"소상공인의 성장 기반 마련을 위한 분야별 맞춤형 창업 경영 컨설팅을 제공해드리는 프로그램입니다. 2026년 6월 둘째 주부터 12월까지 매주 월요일마다, 각각 다른 분야의 컨설팅이 진행되니 예비ㆍ초기 소상공인 및 소상공인 스타트업의 많은 관심과 신청 부탁드립니다. 감사합니다.
☞ 컨설팅을 희망하는 예비ㆍ초기 소상공인
☞ 소상공인 정책자금 및 자금조달, 소상공인 마케팅, 브랜딩 및 판로개척, 상권분석 및 시장 진입, 비즈니스 전략 및 모델 컨설팅 지원",경영,서초창업스테이션,서울특별시,소상공인,소상공인,,,,,,,컨설팅,2026-05-28,2026-06-24,,온라인 접수 (서초창업스테이션),온라인 접수 (서초창업스테이션),https://www.bizinfo.go.kr/sii/siia/selectSIIA200Detail.do?pblancId=PBLN_000000000122561,main,primary,2026년서리풀소상공인창업클리닉모집공고,서초창업스테이션,2026-05-28~2026-06-24,경영,컨설팅
biz,PBLN_000000000122560,[부산] 2026년 원부자재 공동구매 지원사업 신청기업 모집 공고,"원부자재 수입 후 수출하는 부산 소재 중소기업의 수입 물류비 부담 완화를 목적으로 “원부자재 공동구매 지원사업” 참가기업을 모집합니다. 참가를 희망하는 기업 관계자께서는 아래 내용을 참조하시어 정해진 기한 내 신청하시기 바랍니다.
☞ 전년도 수출액 3,000만 달러 미만, 부산 소재의 수출입 중소기업이면서 수출 목적을 위한 임가공을 위해 자재ㆍ원료ㆍ부품을 수입하는 기업
※ 자세한 지원대상 공고문 참조
☞ 수입자가 부담하는 국제운송료(해운운임 Ocean Freight) 일부를 지원",판로/수출,부산경제진흥원,부산광역시,중소기업,중소기업,,,,,,,해외진출,예산 소진시까지,,,온라인 접수 (부산수출플랫폼),온라인 접수 (부산수출플랫폼),https://www.bizinfo.go.kr/sii/siia/selectSIIA200Detail.do?pblancId=PBLN_000000000122560,main,primary,부산2026년원부자재공동구매지원사업신청기업모집공고,부산경제진흥원,예산 소진시까지~,수출,해외진출
biz,PBLN_000000000122559,[전북] 2026년 지역혁신클러스터 기업지원사업 통합 공고,"산업통상부에서 시행하는「지역혁신클러스터육성사업」에 따라 전북특별자치도 지역혁신클러스터 및 기회발전특구 특화산업 혁신생태계 활성화와 기업의 성장 촉진을 위한 기업지원사업을 다음과 같이 시행하오니 많은 참여 바랍니다.
☞ (R&D 연계 지원) 전북 지역혁신클러스터육성(R&D) 신규/계속/종료과제 연구개발기관
- (수요맞춤형지원, 컨설팅, 사전기획)
① 전북특별자치도내 지역혁신융복합단지 내 소재한 혁신기업 또는 사업기간 이내(~2026. 10. 30.)에 이전 예정인 기업
② 접수마감일 현재 전북 기회발전특구 투자이행 (착공 이후) 기업(참고 : 착공→준공→완공 등)
☞ R&D 연계지원, 수요맞춤형지원, 컨설팅, 사전기획",기술,전북테크노파크,전북특별자치도,중소기업,중소기업,,,,,,,기술사업화/이전/지도,2026-05-20,2026-06-12,,"온라인 접수
- R&D 연계지원 및 컨설팅 : 지역 혁신 정보 시스템 (https://www.riis.or.kr)
- 수요맞춤형지원 및 사전기획 : R&D종합정보시스템 (http://rnd.jbtp.or.kr)","온라인 접수
- R&D 연계지원 및 컨설팅 : 지역 혁신 정보 시스템 (https://www.riis.or.kr)
- 수요맞춤형지원 및 사전기획 : R&D종합정보시스템 (http://rnd.jbtp.or.kr)",https://www.bizinfo.go.kr/sii/siia/selectSIIA200Detail.do?pblancId=PBLN_000000000122559,main,primary,전북2026년지역혁신클러스터기업지원사업통합공고,전북테크노파크,2026-05-20~2026-06-12,기술,기술사업화/이전/지도
biz,PBLN_000000000122558,[전북] 2026년 디자인센터 중소기업 디자인 지원사업(포장ㆍ브랜드 분야) 추가모집 공고,"전북테크노파크에서는 도내 중소기업의 디자인개발 지원을 통해 기업 마케팅 효율 증대 및 제품ㆍ서비스의 고부가가치화에 기여하고, 기업 경쟁력 향상을 도모하고자, 2026년 「중소기업 디자인 지원사업」을 다음과 같이 진행하오니 많은 참여 바랍니다.
☞ (수혜기업) 전북특별자치도 소재 전년도 매출 50억 원 미만의 중소기업
- (디자인기업) 전북특별자치도 내에 사업자등록증이 되어 있으면서 디자인 전문인력을 3인 이상 보유한 디자인기업
※ 전북특별자치도를 소재지로 하는 수혜ㆍ디자인기업이 컨소시엄을 구성
☞ 생산 제품의 패키지(포장) 디자인 개발, 기업ㆍ상품ㆍ서비스 등의 브랜드 개발 지원
※ 자세한 지원내용 공고문 참조",경영,전북테크노파크,전북특별자치도,중소기업,중소기업,,,,,,,디자인/상품화/사업화,2026-05-22,2026-06-05,,온라인 접수(전북테크노파크 R&D종합정보시스템),온라인 접수(전북테크노파크 R&D종합정보시스템),https://www.bizinfo.go.kr/sii/siia/selectSIIA200Detail.do?pblancId=PBLN_000000000122558,main,primary,전북2026년디자인센터중소기업디자인지원사업포장ㆍ브랜드분야추가모집공고,전북테크노파크,2026-05-22~2026-06-05,경영,디자인/상품화/사업화
biz,PBLN_000000000122557,[전북] 2026년 소형 데이터센터 기반 AI산업 성장 지원사업 과제 컨소시엄 구성을 위한 AI개발 컨소시엄 모집 공고,"과학기술정보통신부 공고 제 2026-0560호에 따라「2026년 소형 데이터센터 기반 AI산업 성장 지원사업」과제 컨소시엄 구성을 위한 AI개발 컨소시엄 모집을 아래와 같이 실시하오니 관심 있는 기업의 많은 참여 바랍니다.
☞ AI개발 컨소시엄
- (참여-AI개발기업) 중소 AI 개발기업(지역특화형 이차전지, 배터리 등)
- (참여-실증기업) 지역 특화 산업 관련 수요기업(이차전지AI, 에너지AI 등)
※ 자세한 지원대상 공고문 참조
☞ 지역 특화산업 연계 소형 AIDC 기반 AI 서비스 개발 및 실증, AI개발 과제 사업화 확산(마케팅, 글로벌 진출 등) 등에 필요한 제반 비용 지원",기술,전북테크노파크,전북특별자치도,중소기업,중소기업,,,,,,,기술사업화/이전/지도,2026-05-22,2026-06-04,,온라인 접수 (전북테크노파크 R&D 종합정보시스템),온라인 접수 (전북테크노파크 R&D 종합정보시스템),https://www.bizinfo.go.kr/sii/siia/selectSIIA200Detail.do?pblancId=PBLN_000000000122557,main,primary,전북2026년소형데이터센터기반ai산업성장지원사업과제컨소시엄구성을위한ai개발컨소시엄모집공고,전북테크노파크,2026-05-22~2026-06-04,기술,기술사업화/이전/지도
biz,PBLN_000000000122556,[전북] 2026년 중소기업 우수제품 맞춤형 디자인 지원사업 디자인기업 모집 연장 공고,"전북특별자치도와 (재)전북테크노파크는 도내 제조 기반 중소기업의 우수제품에 디자인 프로세스를 적용하여 고부가가치 제품 개발을 지원하고자 추진하는 2026년「중소기업 우수제품 맞춤형 디자인 지원사업」선정과제의 디자인개발을 수행할 역량 있는 디자인 전문기업 모집을 연장 하오니, 참여를 희망하는 디자인기업은 절차에 따라 신청하여 주시기 바랍니다.
☞ 공고일 기준 전북특별자치도 내 본사 및 주사업장을 둔 업력 6개월 이상의 종합디자인 및 제품ㆍ시각 디자인 분야의 전문성을 보유한 기업
- 공고일 이전에 한국디자인진흥원(KIDP)에‘산업디자인 전문회사’로 등록이 완료된 기업으로, 신고필증상 소재지가 ‘전북특별자치도’인 기업
- 두 기업 이상이 컨소시엄을 구성하여 참여할 경우, 주관기업은 반드시 ‘제품디자인’ 전문기업이어야 함
☞ 디자인 컨셉 및 전략수립, 디자인개발 및 상세설계, 시제품제작 및 검증, 디자인 품평회 지원(과제당 최대 80,000천원 이내)
※ 자세한 지원내용 공고문 참조",경영,전북테크노파크,전북특별자치도,중소기업,중소기업,,,,,,,디자인/상품화/사업화,2026-05-27,2026-06-04,,"온라인 접수 (전북테크노파크 R&D종합정보시스템)
※ 제출서류 중 5번~10번 디자인기업 서류는 → JBDC 홈페이지 가입 후 업데이트 및 업로드도 함께 진행","온라인 접수 (전북테크노파크 R&D종합정보시스템)
※ 제출서류 중 5번~10번 디자인기업 서류는 → JBDC 홈페이지 가입 후 업데이트 및 업로드도 함께 진행",https://www.bizinfo.go.kr/sii/siia/selectSIIA200Detail.do?pblancId=PBLN_000000000122556,main,primary,전북2026년중소기업우수제품맞춤형디자인지원사업디자인기업모집연장공고,전북테크노파크,2026-05-27~2026-06-04,경영,디자인/상품화/사업화
biz,PBLN_000000000122555,[전북] 2026년 탄소소재 활용 방산 관련기업 기술사업화 지원사업 지원계획 연장 공고,"지역 내 탄소소재 활용 기업의 방위산업 시장진입과 기술력 향상을 위한 시작품 제작 지원 및 성능개선 지원 프로그램을 다음과 같이 연장 공고하오니 많은 참여 바랍니다.
☞ 접수 마감일 기준 전북특별자치도내 소재한 기업
- 도내 창업(기술)보육센터 입주기업 또는 도내에 공장등록을 하였거나, 사업장 소재 기업(3가지 요건 중 한가지 충족 시 가능)
- 한국산업기술진흥협회에 등록된 기업부설연구소 또는 연구전담부서를 보유하거나, 기업부설연구소 또는 연구전담부서 설립 예정인 기업
- 지원분야 : 탄소소재를 활용한 무기체계 및 비무기체계에 적용 가능한 분야
※ 자세한 지원대상 공고문 참조
☞ 탄소소재 활용 시작품 제작, 탄소소재 적용 방산 소재ㆍ부품 개발 및 공정개선 지원
※ 중복신청은 불가하며 기업당 1개 프로그램만 신청 가능",기술,전북테크노파크,전북특별자치도,중소기업,중소기업,,,,,,,기술사업화/이전/지도,2026-05-28,2026-06-17,,온라인 접수 (전북 과학기술 종합정보시스템),온라인 접수 (전북 과학기술 종합정보시스템),https://www.bizinfo.go.kr/sii/siia/selectSIIA200Detail.do?pblancId=PBLN_000000000122555,main,primary,전북2026년탄소소재활용방산관련기업기술사업화지원사업지원계획연장공고,전북테크노파크,2026-05-28~2026-06-17,기술,기술사업화/이전/지도
biz,PBLN_000000000122554,[울산] 2026년 지역중소기업 밀집지역 생태계 공동회복 지원과제 수요기업 모집 공고(중소기업 밀집지역 위기대응 체계 구축사업),"중소벤처기업부와 울산광역시가 지원하는 「2026년 중소기업 밀집지역 위기대응 체계 구축사업」 지역중소기업 밀집지역 생태계 공동회복 지원과제를 다음과 같이 추진하오니, 참여를 희망하는 해당지역 중소기업들의 많은 신청 바랍니다.
☞ 지원대상 지역중소기업 밀집지역 소재 석유화학산업 연관 중소기업(「중소기업기본법」제2조 및 시행령 제3조에 따른 중소기업)
※ 자세한 지원대상 공고문 참조
☞ 울산광역시 남구 석유화학 연관 지역중소기업 밀집지역 공동위기 해소를 위한 역량강화 프로그램 수행 및 기술지원
- 운영기관이 선정한 수행기관이 수요기업(지원기업) 대상 미래 신기술 전문 재직자 역량 고도화 교육, 산학연 공동 기술세미나 지원, 공동진단 기반 R&D과제 기획 등 기술 고도화 지원",경영,울산테크노파크,울산광역시,중소기업,중소기업,,,,,,,디자인/상품화/사업화,2026-05-26,2026-06-12,,이메일 접수 (kh7226@utp.or.kr),이메일 접수 (kh7226@utp.or.kr),https://www.bizinfo.go.kr/sii/siia/selectSIIA200Detail.do?pblancId=PBLN_000000000122554,main,primary,울산2026년지역중소기업밀집지역생태계공동회복지원과제수요기업모집공고중소기업밀집지역위기대응체계구축사업,울산테크노파크,2026-05-26~2026-06-12,경영,디자인/상품화/사업화
biz,PBLN_000000000122553,2026년 광주 동구 AI헬스케어 스타트업 육성사업 공고(시군구연고산업육성 협업프로젝트),"중소벤처기업부, 광주광역시, 광주광역시 동구가 지원하는 2026년도 시군구연고산업육성 협업프로젝트 일환으로 광주 동구의 신성장 동력 확보 및 지방 소멸 극복을 위한 「광주 동구 AI헬스케어 스타트업 육성사업」 지원프로그램을 공고하오니, 참여를 희망하는 지역 중소기업의 많은 신청 바랍니다.
☞ 광주광역시 동구 소재 의료ㆍ헬스케어 제품ㆍ서비스 보유 창업기업
※ 본사, 지사, 연구소, 공장 소재지 기준이며, 신규사업장 개설(이전)의 경우도 지원가능
※ 신규 사업장 개설(이전) 시 이전 의향서 제출 必(단, 2025년도 기 제출기업 제외)
※ 중소기업창업지원법(제2조 및 제25조)에 따른 공고일 기준 신산업창업 10년 이내인 기업
※ 신산업분야 : 인공지능, 빅데이터, 바이오, 의료기기 등 27개 분야
☞ 공동 기술개발(R&D) 기획, 제품ㆍ서비스 실증, 전시회 참가 지원
※ 자세한 지원내용 공고문 참조",창업,광주테크노파크,광주광역시,창업벤처,"스타트업,초기창업기업",,,,,,,사업화지원,2026-05-27,2026-06-16,,온라인 접수 (기업지원관리시스템),온라인 접수 (기업지원관리시스템),https://www.bizinfo.go.kr/sii/siia/selectSIIA200Detail.do?pblancId=PBLN_000000000122553,main,primary,2026년광주동구ai헬스케어스타트업육성사업공고시군구연고산업육성협업프로젝트,광주테크노파크,2026-05-27~2026-06-16,창업,사업화지원
biz,PBLN_000000000122551,[울산] 2026년 AI무역지원센터 활용 해외 홍보 지원사업 모집 공고,"KOTRA울산지원본부에서 울산 소재 중소기업을 대상으로「2026 울산AI무역지원센터 활용 해외 홍보 지원사업」수혜기업을 모집합니다. 울산지역 중소기업 관계자 분들의 많은 관심과 신청 바랍니다.
☞ 울산 소재 중소기업
☞ 외국어 홍보물 제작 비용(공급가액)의 80%(부가세 기업부담), 기업당 최대 1백만원 지원
- (무료) 울산AI무역지원센터를 활용한 제품 사진촬영 및 buyKOREA 플랫폼 제품 등록 지원
- 지원분야 : 외국어 카탈로그(홍보 동영상, e카탈로그 등 포함), 외국어 홈페이지 제작, 해외 유명 광고매체 광고, 해외 온라인 유통망 사이트 판매계정 등록, 광고 지원 등",판로/수출,KOTRA울산지원본부,울산광역시,중소기업,중소기업,,,,,,,해외진출준비,예산 소진시까지,,,온라인 접수(울산통상지원시스템),온라인 접수(울산통상지원시스템),https://www.bizinfo.go.kr/sii/siia/selectSIIA200Detail.do?pblancId=PBLN_000000000122551,main,primary,울산2026년ai무역지원센터활용해외홍보지원사업모집공고,kotra울산지원본부,예산 소진시까지~,수출,해외진출준비
biz,PBLN_000000000122550,2026년 2차 창업기업제품 실증지원사업 참여기업 모집 통합 공고,"창업기업의 신기술ㆍ혁신제품에 대한 실증기회를 제공하고, 판로개척을 위한 레퍼런스 확보를 지원하여 시장 진출 및 상용화를 촉진시키기 위해 「창업기업제품 실증지원사업」의 참여기업을 추가 모집하오니, 본 사업에 참여를 희망하는 기업의 많은 신청 바랍니다.
☞ 전국의 상용화 직전의 제품(서비스)를 보유한 창업 7년 이내 기업으로 기술성숙도(TRL) 6단계 이상이면서 관련 법령에 위반되지 않는 제품(서비스)을 보유한 기업
☞ 총 3개 분야, 기업당 최대 7천만원 지원
- 자율형(스케일업형, 일반형), 장소제공형
※ 자세한 지원내용 공고문 참조",기술,광주테크노파크,광주광역시,창업벤처,초기창업기업,,,,,,,시험/인증,2026-05-27,2026-06-16,,"이메일 접수 (jsy@gjtp.or.kr, zspark71@gjtp.or.kr)","이메일 접수 (jsy@gjtp.or.kr, zspark71@gjtp.or.kr)",https://www.bizinfo.go.kr/sii/siia/selectSIIA200Detail.do?pblancId=PBLN_000000000122550,main,primary,2026년2차창업기업제품실증지원사업참여기업모집통합공고,광주테크노파크,2026-05-27~2026-06-16,기술,시험/인증
biz,PBLN_000000000122549,2026년 광주 차세대 지능형 반도체 적용 온디바이스 AI 스케일업 밸리 육성 사업 성장스케일업 지원 수혜기업 모집 통합 2차 추가 공고(딥테크 스케일업 밸리 육성사업),"과학기술정보통신부와 광주광역시가 지원하는 딥테크 스케일업 밸리 육성사업(차세대 지능형 반도체 적용 온디바이스 AI 스케일업 밸리 육성 사업)으로 성장스케일업 지원 사업의 수혜기업을 모집하오니 많은 관심과 신청 바랍니다.
☞ 광주지역 소재 온디바이스 AI 기술개발 및 제품화를 희망하는 중소ㆍ중견기업
- 사업자등록증상 광주 내 본사, 공장, 지사, 사업장, 연구소 중 1개 이상 소재
※ 지원사업 종료시까지 해당 지역에 이전계획 있을 시 이전확약서 서류 제출
☞ 성장스케일업 지원 프로그램 지원
- 국산 NPU 활용, 지식재산권 확보, 컨설팅 지원(최대 3,000천원/건)
※ 자세한 지원내용 공고문 참조",기술,광주테크노파크,광주광역시,중소기업,중소기업,,,,,,,기술사업화/이전/지도,2026-05-27,2026-06-10,,이메일 접수 (sefton3357@gjtp.or.kr),이메일 접수 (sefton3357@gjtp.or.kr),https://www.bizinfo.go.kr/sii/siia/selectSIIA200Detail.do?pblancId=PBLN_000000000122549,main,primary,2026년광주차세대지능형반도체적용온디바이스ai스케일업밸리육성사업성장스케일업지원수혜기업모집통합2차추가공고딥테크스케일업밸리육성사업,광주테크노파크,2026-05-27~2026-06-10,기술,기술사업화/이전/지도
biz,PBLN_000000000122548,[부산] 2026년 2차 온열질환 예방 지원사업 모집 공고,"부산광역시와 부산테크노파크에서는 폭염작업 근로자 보호를 위한 온열질환 예방장비 구입비용의 일부를 지원하여 건강한 일터 조성 및 사망사고 예방에 기여하기 위하여 「2026년 온열질환 예방 지원사업」을 아래와 같이 시행하오니, 관심 있는 기업에서는 많은 신청 바랍니다.
☞ 부산 소재 산재보험을 가입한 50인 미만 소규모사업장
☞ 이동식에어컨, 제빙기, 산업용선풍기 구매비용(기업별 최대 3,000천원) 지원
- (이동식에어컨) 최대 2대까지 지원 가능
- (산업용선풍기) 최대 5대까지 지원 가능
- (제빙기) 30인 미만 1대, 30인 이상 최대 2대 까지 지원 가능
※ 단, 모든 품목의 각 지원 대수는 4대보험 가입자 수를 초과 할 수 없음.",인력/일자리,부산테크노파크,부산광역시,중소기업,중소기업,,,,,,,작업환경개선,2026-05-27,2026-06-16,,"우편 및 이메일 접수
- 접수처 : 부산광역시 동래구 온천천로 203, 재난안전산업지원센터 504호
- 이메일 : jskim12@btp.or.kr
※ 우편접수 및 이메일 접수 2가지 모두 제출","우편 및 이메일 접수
- 접수처 : 부산광역시 동래구 온천천로 203, 재난안전산업지원센터 504호
- 이메일 : jskim12@btp.or.kr
※ 우편접수 및 이메일 접수 2가지 모두 제출",https://www.bizinfo.go.kr/sii/siia/selectSIIA200Detail.do?pblancId=PBLN_000000000122548,main,primary,부산2026년2차온열질환예방지원사업모집공고,부산테크노파크,2026-05-27~2026-06-16,인력,작업환경개선
biz,PBLN_000000000122547,[경기] 여주시 2026년 지역특화콘텐츠 제작지원사업 기업 모집 공고,"경기콘텐츠진흥원은 여주시 지역특화 콘텐츠 기업을 발굴ㆍ육성하여 여주시 앵커 기업으로 성장시키고자 본 지원사업을 추진합니다. 선정된 기업에는 지역 자원을 활용한 특화 상품 개발, 4K 고품질 콘텐츠 제작, 언론사 매체 노출, 희망ㆍ적격 기업을 중심으로 국내외 펀딩 연계 등 전국적 판로 개척을 종합적으로 지원합니다.
☞ 경기도 여주시 내 점포ㆍ사업장을 운영 중인 사업자
- 지역성을 갖춘 스토리 기반의 로컬 콘텐츠 기업 또는 로컬 아이템 판매가 가능한 기업
- 본 사업의 교육ㆍ성과공유회 등 필수 일정에 참여가 가능한 기업
☞ 역량 강화 교육, 여주시 특화 제작, 여주 전용 콘텐츠 제작, 매체 연계 노출, 박람회 참여, 크라우드펀딩, 도서(기록집) 발간 지원
※ 자세한 지원내용 공고문 참조",경영,경기콘텐츠진흥원,경기도,중소기업,중소기업,,,,,,,디자인/상품화/사업화,2026-05-27,2026-06-23,,이메일 접수 (apply_local@naver.com),이메일 접수 (apply_local@naver.com),https://www.bizinfo.go.kr/sii/siia/selectSIIA200Detail.do?pblancId=PBLN_000000000122547,main,primary,경기여주시2026년지역특화콘텐츠제작지원사업기업모집공고,경기콘텐츠진흥원,2026-05-27~2026-06-23,경영,디자인/상품화/사업화
biz,PBLN_000000000122546,[부산] 2026년 Made in Busan 신발 정품인증 레이블 지원 수요기업 추가모집 공고,"부산테크노파크에서는 부산 신발 브랜드 및 제품의 인지도 제고를 위한「2026 ‘Made in Busan 신발’ 정품인증 레이블 지원」을 시행하오니 많은 참여를 바랍니다.
☞ 공고일 기준 본사 소재지가 부산광역시이며, 부산에서 생산된 완제품 신발에 「Made in Busan 신발」 정품인증 레이블을 부착하고자 하는 신발 제조 및 판매 중소기업 및 단체
※OEM, ODM 제품 포함
☞ 정품인증 레이블(행택 및 홀로그램 스티커) 제작, 무상공급 지원
- 수요기업에 「Made in Busan 신발」 정품인증 행택 및 홀로그램 스티커 각 5,400여매 이내 지원(1,100천원 상당)",경영,부산테크노파크,부산광역시,중소기업,중소기업,,,,,,,디자인/상품화/사업화,2026-05-28,2026-06-11,,이메일 접수 (dmkim@btp.or.kr),이메일 접수 (dmkim@btp.or.kr),https://www.bizinfo.go.kr/sii/siia/selectSIIA200Detail.do?pblancId=PBLN_000000000122546,main,primary,부산2026년madeinbusan신발정품인증레이블지원수요기업추가모집공고,부산테크노파크,2026-05-28~2026-06-11,경영,디자인/상품화/사업화
biz,PBLN_000000000122545,[부산] 2026년 1차 연구개발장비 공동활용 지원사업 공고(장비사용료 지원사업 안내),"부산테크노파크가 보유한 연구개발장비의 사용료를 지원하기 위한 「2026년도 연구개발장비 공동활용 지원사업」의 지원대상 기업을 다음과 같이 모집하오니 많은 참여 바랍니다.
☞ 부산광역시 소재 중소ㆍ중견기업
※ 공고일 기준 부산지역 내 본사, 지사, 공장 또는 연구소 등 사업자등록증 상 소재지가 확인되는 기업
☞ 부산테크노파크 연구개발장비 사용에 따른 장비사용료 지원
- 기업당 장비사용료의 60%(기업당 연 최대 6백만원 내 지원(최대 3회 분할 신청 가능) 지원",기술,부산테크노파크,부산광역시,중소기업,중소기업,,,,,,,기술인력/장비지원,2026-05-28,2026-06-08,,"이메일 접수
➀ 공동활용 연구장비 목록[첨부1] 확인 후, 장비담당자와 장비 사용 가능 여부, 이용 일정 및 사용료 등 사전 협의
➁ 신청서 및 제출서류를 작성하여 전자메일(infra@btp.or.kr) 제출
※ 신청 전 장비담당자와 사전 협의를 완료한 경우에 한하여 신청 가능","이메일 접수
➀ 공동활용 연구장비 목록[첨부1] 확인 후, 장비담당자와 장비 사용 가능 여부, 이용 일정 및 사용료 등 사전 협의
➁ 신청서 및 제출서류를 작성하여 전자메일(infra@btp.or.kr) 제출
※ 신청 전 장비담당자와 사전 협의를 완료한 경우에 한하여 신청 가능",https://www.bizinfo.go.kr/sii/siia/selectSIIA200Detail.do?pblancId=PBLN_000000000122545,main,primary,부산2026년1차연구개발장비공동활용지원사업공고장비사용료지원사업안내,부산테크노파크,2026-05-28~2026-06-08,기술,기술인력/장비지원
biz,PBLN_000000000122543,[전남] 2026년 3차 인공지능 기술 고도화ㆍ사업화 지원사업 모집 공고(AI융합 지능형 농업 생태계 구축 사업),"지속가능한 지능형 농업 생태계를 조성하기 위한 「AI융합 지능형 농업 생태계 구축 사업」의 일환으로 「인공지능 기술 고도화ㆍ사업화 지원사업」3차 모집 공고하오니 많은 관심과 참여 바랍니다.
☞ 공고일 기준 다음 요건을 모두 충족하는 기업
- (소재지) 전라남도에 본사 또는 지사(부설연구소)를 둔 기업
- (규모) ‘중견기업’ 또는 ‘중소기업’
- (업종) ‘정보통신업’(AIㆍSWㆍICT등) 또는 ‘농업’ 관련 기업
- (업력) 지원 분야별 필요업력 충족기업 ※ 공고문 참조
- (AI기업) ‘농업’ 관련 기업은 협약 후 1개월 이내 ‘정보통신업’ 보유 필요
☞ 기술확산, 시제품제작, 창업 및 전환, 신뢰성 평가 지원
※ 자세한 지원내용 공고문 참조",기술,전남정보문화산업진흥원,전라남도,중소기업,중소기업,,,,,,,기술사업화/이전/지도,2026-05-18,2026-06-04,,"이메일 접수 (ict@jcia.or.kr)
※ 신청서류를 제출요령에 따라 정리(파일명ㆍ폴더구조 준수) 후 이메일 제출
※ 자세한 신청방법 공고문 참조","이메일 접수 (ict@jcia.or.kr)
※ 신청서류를 제출요령에 따라 정리(파일명ㆍ폴더구조 준수) 후 이메일 제출
※ 자세한 신청방법 공고문 참조",https://www.bizinfo.go.kr/sii/siia/selectSIIA200Detail.do?pblancId=PBLN_000000000122543,main,primary,전남2026년3차인공지능기술고도화ㆍ사업화지원사업모집공고ai융합지능형농업생태계구축사업,전남정보문화산업진흥원,2026-05-18~2026-06-04,기술,기술사업화/이전/지도
biz,PBLN_000000000122542,[전남] 2026년 지역 대표 K-브랜드 100 지원 사업 지원 대상 모집 공고,"지역 활성화 도모를 위해 지역향토 문화ㆍ특산품의 특색을 반영한 IP권리화 및 브랜드 개발전략을 지원하는「지역 대표 K-브랜드 100지원」사업을 아래와 같이 공고하오니 희망하는 지역특산품 생산ㆍ가공단체 및 소상공인 공동체 등은 아래에 따라 신청하여 주시기 바랍니다.
☞ 지역 특산품 생산ㆍ가공단체, 소상공인 공동체 등
☞ 공동상표 출원, 공동디자인 출원 등 10건 이상의 IP출원 지원, IP상담 및 지역대표 향토문화ㆍ특산품의 IP브랜드화, 브랜드 전략 수립 관련 지원ㆍ보고서 등 지원
- 지원금 4,050만원(지원금 기준 3,240만원) 이내 지원",경영,전남지식재산센터,전라남도,소상공인,소상공인,,,,,,,디자인/상품화/사업화,2026-05-27,2026-06-10,,온라인 접수 (지역지식재산센터 사업관리시스템),온라인 접수 (지역지식재산센터 사업관리시스템),https://www.bizinfo.go.kr/sii/siia/selectSIIA200Detail.do?pblancId=PBLN_000000000122542,main,primary,전남2026년지역대표k브랜드100지원사업지원대상모집공고,전남지식재산센터,2026-05-27~2026-06-10,경영,디자인/상품화/사업화
biz,PBLN_000000000122540,[전남] 영암군 2026년 2차 지역소멸 대응 친환경 조선기자재 기술 고도화 및 역량강화 지원사업 공고(시군구연고산업육성사업(부처협업프로젝트)),"2026년도 중소벤처기업부와 전라남도 및 영암군이 지원하는 시군구연고산업육성 협업프로젝트 수행자로 선정된 수행기관별 지원프로그램을 안내하오니, 해당 프로그램 참여를 희망하는 영암군 지역 중소기업의 많은 신청 바랍니다.
☞ 공고일 현재 본사, 지사, 공장, 기업부설연구소 중 1개 이상 영암군 소재지로 등록된 중소기업
- 친환경 조선기자재산업 전ㆍ후방 연관 제품(기술)의 사업화를 추진ㆍ준비 중인 제조기업
☞ 공인기관 시험 수수료, 검사ㆍ평가비, 인증 컨설팅비 등 인증 획득 소요되는 제반 비용 지원
- 공인기관 시험ㆍ평가 보고서(성적서) 발급
- 선급 인증(WPS, 형식승인 등) 
- 국제표준 인증(ISO 9001, ISO 14001 등) 
- ESG 관련 인증(ESG 평가·등급 산출 등)",기술,전남테크노파크,전라남도,중소기업,중소기업,,,,,,,시험/인증,2026-05-27,2026-06-08,,온라인 접수 (SMTECH 지역특화산업육성 기업지원사업 관리시스템),온라인 접수 (SMTECH 지역특화산업육성 기업지원사업 관리시스템),https://www.bizinfo.go.kr/sii/siia/selectSIIA200Detail.do?pblancId=PBLN_000000000122540,main,primary,전남영암군2026년2차지역소멸대응친환경조선기자재기술고도화및역량강화지원사업공고시군구연고산업육성사업부처협업프로젝트,전남테크노파크,2026-05-27~2026-06-08,기술,시험/인증
biz,PBLN_000000000122538,[경북] 2026년 지역중소기업 밀집지역 생태계 공동회복 지원과제 수요기업 모집 공고(중소기업 밀집지역 위기대응 체계 구축사업),"중소벤처기업부와 경상북도가 지원하는 「2026년 중소기업 밀집지역 위기대응 체계 구축사업」 지역중소기업 밀집지역 생태계 공동회복 지원과제를 다음과 같이 추진하오니, 참여를 희망하는 해당지역 중소기업들의 많은 신청 바랍니다.
☞ 경상북도 밀집지역 생태계 공동회복 지원과제 지원 대상 지역중소기업 밀집지역 소재 중소기업(「중소기업기본법」제2조 및 시행령 제3조에 따른 중소기업)
- (지원대상 지역중소기업 밀집지역) 포항철강산업1단지, 포항철강산업2단지, 포항철강산업3단지, 포항제4일반산업단지, 대송면제대리준공업지역
☞ 신규거래선 발굴을 위한 공동 전시회 운영, 밀집지역 내 공동 기술개발 과제 발굴, 중대재해 예방 공동안전망 지원(기업당 최대 12백만원)
※ 자세한 지원내용 공고문 참조",경영,경북테크노파크,경상북도,중소기업,중소기업,,,,,,,디자인/상품화/사업화,2026-05-27,2026-06-12,,온라인 접수 (경북테크노파크),온라인 접수 (경북테크노파크),https://www.bizinfo.go.kr/sii/siia/selectSIIA200Detail.do?pblancId=PBLN_000000000122538,main,primary,경북2026년지역중소기업밀집지역생태계공동회복지원과제수요기업모집공고중소기업밀집지역위기대응체계구축사업,경북테크노파크,2026-05-27~2026-06-12,경영,디자인/상품화/사업화
biz,PBLN_000000000122537,2026년 AI 스타트업 발굴ㆍ육성 지원사업(2차년도) 참여기업 모집 2차 재공고(지역 주도형 AI 대전환),"경남창조경제혁신센터는 AI 기술을 기반으로 한 혁신 스타트업의 성장을 지원AI 하기 위해 실습형 창업교육과 맞춤형 액셀러레이팅을 제공하여 기업의 사업화 역량과 투자유치 경쟁력 강화를 제고하기 위한 [지역 주도형 AI 대전환] 2026년 AI 스타트업 발굴ㆍ육성 지원사업참가기업을 모집합니다.
☞ AI 관련 아이디어를 보유한 (예비)창업기업(공고일 기준 업력 10년 이내)
☞ 검증된 창업 방법론 및 맞춤형 프로그램을 통한 액셀러레이팅 지원
- CORN 프로젝트(고객중심 사업화 역량강화를 위한 창업방법론)
- AI 스타트업 아이디어 검증 및 고객검증 실습 지원 (키워드 광고비 30만원/팀)
- 사업계획 작성 특강 
- IR 자료 컨설팅 및 제작 지원 (200만원 상당)
- 데모데이 및 네트워킹",창업,경남창조경제혁신센터,경상남도,창업벤처,"스타트업,초기창업기업",,,,,,,사업화지원,2026-05-23,2026-06-05,,이메일 접수(yhs726@ccei.kr),이메일 접수(yhs726@ccei.kr),https://www.bizinfo.go.kr/sii/siia/selectSIIA200Detail.do?pblancId=PBLN_000000000122537,main,primary,2026년ai스타트업발굴ㆍ육성지원사업2차년도참여기업모집2차재공고지역주도형ai대전환,경남창조경제혁신센터,2026-05-23~2026-06-05,창업,사업화지원
biz,PBLN_000000000122536,[충남] 2026년 2차 소상공인ㆍ자영업자 새출발기금 지원 모집 공고,"충청남도와 소상공인자영업자새출발기금(주), 충남경제진흥원에서는 소상공인ㆍ자영업자의 재기지원을 통한 안정적인 사업운영을 지원하기 위해「충남 소상공인ㆍ자영업자 재기지원사업」참여업체를 모집하오니 많은 참여 바랍니다. 
☞「충청남도 소상공인 지원 및 보호에 관한 조례」제2조에 따른 소상공인으로 새출발기금 채무조정 약정체결자 중 미연체자
☞ 재기사업화 수행을 위한 사업화 자금(100 ~ 600만원) 지원
- 매장 모델링, 브랜드 개발, 마케팅 홍보, 온라인 판로 등에 소요되는 비용 지원",경영,충남경제진흥원,충청남도,소상공인,소상공인,,,,,,,디자인/상품화/사업화,2026-05-27,2026-06-19,,온라인 접수(충남경제진흥원 통합지원시스템),온라인 접수(충남경제진흥원 통합지원시스템),https://www.bizinfo.go.kr/sii/siia/selectSIIA200Detail.do?pblancId=PBLN_000000000122536,main,primary,충남2026년2차소상공인ㆍ자영업자새출발기금지원모집공고,충남경제진흥원,2026-05-27~2026-06-19,경영,디자인/상품화/사업화
biz,PBLN_000000000122535,[부산] 2026년 2차 산업안전보건 인증 지원사업 모집 공고,"부산광역시와 부산테크노파크에서는 “일하는 시민의 안전한 일상이 보장되는 부산”을 위해 안전보건경영시스템(ISO 45001) 인증 신규취득을 지원하는 「2026년 산업안전보건 인증 지원사업」을 아래와 같이 시행하오니, 관심 있는 기업에서는 많은 신청 바랍니다.
☞ 부산 소재 산재보험을 가입한 50인 미만 소규모사업장
☞ 산업안전보건 인증(ISO 45001) 신규(최초) 취득 지원(기업별 최대 3,000천원 지원)
- 컨설팅이 필요한 경우 지원 한도 내에서 2,000천원까지 편성 가능하며, 컨설팅비 단독으로 신청은 불가.",기술,부산테크노파크,부산광역시,중소기업,중소기업,,,,,,,시험/인증,2026-05-27,2026-06-16,,"우편 및 이메일 접수
- 접수처 : 부산광역시 동래구 온천천로 203, 재난안전산업지원센터 504호
- 이메일 : jskim12@btp.or.kr
※ 우편접수 및 이메일 접수 2가지 모두 제출","우편 및 이메일 접수
- 접수처 : 부산광역시 동래구 온천천로 203, 재난안전산업지원센터 504호
- 이메일 : jskim12@btp.or.kr
※ 우편접수 및 이메일 접수 2가지 모두 제출",https://www.bizinfo.go.kr/sii/siia/selectSIIA200Detail.do?pblancId=PBLN_000000000122535,main,primary,부산2026년2차산업안전보건인증지원사업모집공고,부산테크노파크,2026-05-27~2026-06-16,기술,시험/인증
biz,PBLN_000000000122534,2026년 밉칸쿤(MIP Cancun) 참가기업 모집 공고,"한국콘텐츠진흥원에서 콘텐츠 IP, 방송 등의 국내 콘텐츠 기업을 대상으로 '2026 밉칸쿤 (2026 MIP CANCUN)' 참가를 지원해드리는 사업입니다.
☞ 콘텐츠 IP, 방송 등의 국내 콘텐츠 기업
- 콘텐츠 라이선싱, 기획·제작, 유통·배급 등을 통해 해외 시장 진출을 추진 중인 국내 콘텐츠 기업
- 중남미 시장 진출이 가능한 방송·영상 콘텐츠 또는 IP를 보유한 국내 콘텐츠 기업
- 콘텐츠 저작권 또는 해외 배급·유통 관련 권한을 보유하고 현장 비즈니스 상담이 가능한 국내 콘텐츠 기업
☞ 콘텐츠 마켓 참가비, 한국 공동관 참가 운영 지원
※ 자세한 지원내용 공고문 참조",판로/수출,한국콘텐츠진흥원,전국,중소기업,중소기업,,,,,,,해외진출,2026-05-21,2026-06-12,,온라인 접수 (콘텐츠수출마케팅플랫폼(Welcon)),온라인 접수 (콘텐츠수출마케팅플랫폼(Welcon)),https://www.bizinfo.go.kr/sii/siia/selectSIIA200Detail.do?pblancId=PBLN_000000000122534,main,primary,2026년밉칸쿤mipcancun참가기업모집공고,한국콘텐츠진흥원,2026-05-21~2026-06-12,수출,해외진출
biz,PBLN_000000000122533,[강원] 2026년 지역 대표 K-브랜드 100 지원 사업 지원 대상 모집 공고,"지역 활성화 도모를 위해 지역향토 문화ㆍ특산품의 특색을 반영한 IP권리화 및 브랜드 개발전략을 지원하는「지역 대표 K-브랜드 100지원」사업을 아래와 같이 공고하오니 희망하는 지역특산품 생산·가공단체 및 소상공인 공동체 등은 아래에 따라 신청하여 주시기 바랍니다.
☞ 지역 특산품 생산ㆍ가공단체, 소상공인 공동체 등
☞ 공동상표 출원, 공동디자인 출원 등 10건 이상의 IP출원 지원, IP상담 및 지역대표 향토문화·특산품의 IP브랜드화, 브랜드 전략 수립 관련 지원ㆍ보고서 등 지원
- 지원금 4,050만원(지원금 기준 3,240만원) 이내 지원",경영,강원특별자치도경제진흥원,강원특별자치도,소상공인,소상공인,,,,,,,디자인/상품화/사업화,2026-05-27,2026-06-10,,온라인 접수 (지역지식재산센터 사업관리시스템),온라인 접수 (지역지식재산센터 사업관리시스템),https://www.bizinfo.go.kr/sii/siia/selectSIIA200Detail.do?pblancId=PBLN_000000000122533,main,primary,강원2026년지역대표k브랜드100지원사업지원대상모집공고,강원특별자치도경제진흥원,2026-05-27~2026-06-10,경영,디자인/상품화/사업화
biz,PBLN_000000000122532,2026년 강원 영동권 관광 가치이음 지원사업 변경 모집 공고,"강원특별자치도와 강원특별자치도경제진흥원에서는 영동권(강릉, 동해, 속초, 삼척, 양양, 고성, 평창, 정선) 소재 관광기업체 간의 연계를 통한 신규 관광상품 개발을 목적으로「강원 영동권 관광 가치이음 지원사업」을 추진함에 따라 사업 참여를 희망하는 기업을 다음과 같이 모집하오니 많은 관심과 신청 바랍니다.
☞ 관광ㆍ서비스업 업종코드 대상 기업중 신청일 기준 근로자 5인 이상 고용 기업
☞ 지원사업을 신청한 관광기업체의 소재지 외 영동권 내 타 시군 소재 관광자원 간 연계, 신규 협업 관광상품 개발 비용 지원 (팸투어, 홍보콘텐츠 제작, 통합 브랜드 네이밍, 제품 제작 등)",경영,강원특별자치도경제진흥원,강원특별자치도,중소기업,중소기업,,,,,,,디자인/상품화/사업화,2026-05-15,2026-06-26,,"이메일 접수(kbsc3333@gwep.or.kr)
※  파일명 : (기업명) 영동권 관광가치 이음 지원사업(관광)","이메일 접수(kbsc3333@gwep.or.kr)
※  파일명 : (기업명) 영동권 관광가치 이음 지원사업(관광)",https://www.bizinfo.go.kr/sii/siia/selectSIIA200Detail.do?pblancId=PBLN_000000000122532,main,primary,2026년강원영동권관광가치이음지원사업변경모집공고,강원특별자치도경제진흥원,2026-05-15~2026-06-26,경영,디자인/상품화/사업화
biz,PBLN_000000000122531,[경북] 경주시 2026년 기술닥터119 지원사업 중기애로 기술지원 수혜기업 모집 공고,"지역 내 기업들의 현장애로기술지원을 통해 기술경쟁력을 강화하고 지역기업 기술사업화를 위해 「2026년도 경주시 기술닥터119 지원사업 중기애로기술지원」을 다음과 같이 공고하오니 많은 관심과 참여바랍니다.
☞ 당해연도 현장애로 기술지원을 받은 경주지역 제조기업
☞ 시제품 제작 및 공정개선 등 기업당 15,000천원 이내 지원",기술,경북테크노파크,경상북도,중소기업,중소기업,,,,,,,기술사업화/이전/지도,2026-05-27,2026-06-10,,온라인 접수 (경북테크노파크),온라인 접수 (경북테크노파크),https://www.bizinfo.go.kr/sii/siia/selectSIIA200Detail.do?pblancId=PBLN_000000000122531,main,primary,경북경주시2026년기술닥터119지원사업중기애로기술지원수혜기업모집공고,경북테크노파크,2026-05-27~2026-06-10,기술,기술사업화/이전/지도
biz,PBLN_000000000122530,[경북] 2026년 해양수산 창업ㆍ투자지원사업 참여기업 모집 공고,"경북 지역 해양수산 및 전후방 연관산업내 유망창업 아이템 발굴을 통한 창업기업 육성, 기업성장을 위한 투자유치, 기업지원, 마케팅, 제품개발 등의 지원을 통해 글로벌 시장경쟁력 강화와 지역경제 활성화를 위해 다음과 같이 2026년 참여기업을 모집 공고합니다.
☞ 주 사업장이 경북지역내 소재하는 해양수산 연관 관련 중소기업 또는 예비창업자
- 해양수산 연관산업 : 수산물가공, 유통, 해양수산기자재, 화장품 등 수산물을 활용한 다양한 연관산업 
☞ 창업투자(창업성공 빌드업 패키지지원, 투자유치 원스톱패키지지원, 투자연계 기반 고도화지원), 해외마케팅(글로벌 유통채널 진출) 지원
※ 자세한 지원내용 공고문 참조",창업,환동해산업연구원,경상북도,창업벤처,초기창업기업,,,,,,,사업화지원,2026-05-27,2026-06-19,,"우편 및 이메일 접수
- 접수처 : (36315) 경북 울진군 죽변면 해양과학길 22 환동해산업연구원 산업연구부 기업지원팀 해양수산 창업투자지원사업 담당자 앞
- 이메일 : yujin429@mire.re.kr, ryuhj77@mire.re.kr (※서명/날인 후 스캔본 제출)
※ 우편 / 이메일 제출 시 담당자에게 유선 확인 요망","우편 및 이메일 접수
- 접수처 : (36315) 경북 울진군 죽변면 해양과학길 22 환동해산업연구원 산업연구부 기업지원팀 해양수산 창업투자지원사업 담당자 앞
- 이메일 : yujin429@mire.re.kr, ryuhj77@mire.re.kr (※서명/날인 후 스캔본 제출)
※ 우편 / 이메일 제출 시 담당자에게 유선 확인 요망",https://www.bizinfo.go.kr/sii/siia/selectSIIA200Detail.do?pblancId=PBLN_000000000122530,main,primary,경북2026년해양수산창업ㆍ투자지원사업참여기업모집공고,환동해산업연구원,2026-05-27~2026-06-19,창업,사업화지원
kst,177933,민관협력 오픈이노베이션 지원사업,방산 분야 신기술 적용 수요가 있는 군 및 수요기업과 창업기업 간 협력을 통한 동반 성장 지원을 위해「민관협력 오픈이노베이션 지원」2026년 제2차 방산 스타트업 챌린지(모두의 챌린지–방산) 수요기업 협업 과제를 다음과 같이 모집합니다.,행사/네트워크,공공기관,전국,"청소년,대학생,일반인,대학,연구기관,일반기업,1인 창조기업","기업,누구나,청년,초기창업기업","만 20세 미만,만 20세 이상 ~ 만 39세 이하,만 40세 이상",,,"창업기업과 협업을 희망하는 군 및 방산 분야 수요기업
 - 군(육‧해‧공군‧해병대), 방산 분야 수요기업(대‧중견기업·공공기관 등)",,"1년미만,2년미만,3년미만,5년미만,7년미만,10년미만",행사ㆍ네트워크,20260602,20260622,,,온라인 접수: https://www.k-startup.go.kr/web/contents/webPMSBizUnvs.do?returnUrl=/screen/BMO1201M01?cermnPbancId=10924&pbancType=event,https://www.k-startup.go.kr/web/contents/bizpbanc-ongoing.do?schM=view&pbancSn=177933,main,primary,민관협력오픈이노베이션지원사업,공공기관,20260602~20260622,행사ㆍ네트워크,행사ㆍ네트워크
kst,177931,스타트업 점프업스쿨,"기술 우수기업 및 창업지원기관 탐방, 
선배창업가 특강 등 기술창업에 대한 이해와 관심을 높이고, 
지역 창업생태계에 대한 인식을 확산하고자 
「스타트업 점프업 스쿨 우수기업·기관 탐방 프로그램」 
참여자를 모집하오니 많은 관심과 참여 바랍니다.",교육/멘토링,공공기관,경기도,"대학생,일반인,대학,연구기관,일반기업,1인 창조기업","기업,누구나,스타트업,청년,초기창업기업","만 20세 이상 ~ 만 39세 이하,만 40세 이상",,,"성남시민

주민등록상 주소지가 성남시가 아닌 자
※ 성남시 소재 기업 재직 여부, 성남시 내 사업자등록 보유 여부와 관계없이 성남시민만 신청 가능",,"예비창업자,1년미만,2년미만,3년미만,5년미만,7년미만,10년미만",멘토링ㆍ컨설팅ㆍ교육,20260602,20260616,,,온라인 접수: https://portal.snip.or.kr:8443/portal/snip/MainMenu/businessManagement/application.page?portlet=2026-0155&portlet2=4058&homeYn=Y,https://www.k-startup.go.kr/web/contents/bizpbanc-ongoing.do?schM=view&pbancSn=177931,main,primary,스타트업점프업스쿨,공공기관,20260602~20260616,멘토링ㆍ컨설팅ㆍ교육,멘토링ㆍ컨설팅ㆍ교육
kst,177929,｢2026 산업AI EXPO｣ 성남산업진흥원 공동관 참가기업 모집,관내 AI 기술 기반 비즈니스 모델 보유 기업에 비즈니스 협력 및 네트워킹 기회를 제공하기 위해 ｢2026 산업AI EXPO｣ ‘성남산업진흥원 공동관’에 참가할 기업을 다음과 같이 모집하오니 많은 관심과 참여를 바랍니다.,행사/네트워크,공공기관,경기도,"일반기업,1인 창조기업","기업,초기창업기업","만 20세 이상 ~ 만 39세 이하,만 40세 이상",,,"AI 기술 기반 비즈니스 모델을 보유한 관내 창업 7년 이내 기업
  ※ 신청일 기준 본사 또는 공장이 성남시에 소재하는 기업

○  신청일 기준 주된 사무소나 공장이 성남시에 소재하지 않는 경우(기업부설연구소만 성남시에 소재한 경우 포함)
○  제출서류를 허위로 작성하거나 위․변조한 증명서를 제출한 경우
○  국세 또는 지방세 체납으로 규제 중인 기업
○「중소기업창업 지원법 시행령」제4조(창업에서 제외되는 업종)의 업종을 영위하고 있는 기업
  ※ 일반유흥주점업, 무도유흥주점업, 카지노 운영업, 기타 사행시설 관리 및 운영업 등
○  신청일 현재 휴‧폐업 중인 기업
○  법정관리, 기업회생신청, 청산절차 등에 해당하는 기업",,"1년미만,2년미만,3년미만,5년미만,7년미만",행사ㆍ네트워크,20260602,20260616,,,온라인 접수: https://portal.snip.or.kr:8443/portal/snip/MainMenu/businessManagement/application.page?portlet=2026-0154&portlet2=4165&homeYn=Y,https://www.k-startup.go.kr/web/contents/bizpbanc-ongoing.do?schM=view&pbancSn=177929,main,primary,2026산업aiexpo성남산업진흥원공동관참가기업모집,공공기관,20260602~20260616,행사ㆍ네트워크,행사ㆍ네트워크
kst,177928,2026년『제6회 대구 여성창업스타전』 공고,혁신적이고 도전적인 창업 아이디어 발굴을 통하여 여성 창업 활성화를 도모하고자 2026년「제6회 대구 여성창업스타전」을 다음과 같이 개최하오니 많은 관심과 참여 바랍니다.,창업,민간,대구광역시,"대학생,일반인,일반기업,1인 창조기업","기업,누구나,여성,예비창업자,청년,초기창업기업","만 20세 미만,만 20세 이상 ~ 만 39세 이하,만 40세 이상",,,"◦ 공고일(&apos;26. 6. 1)기준 전국의 여성 예비창업자 또는 초기창업자(창업 후 1년 이내인자)
※ 개인 또는 팀(최대 3명)으로 지원 가능.
※ 기창업자의 경우 &apos;25.06.01. 이후에 창업한 여성기업이어야 함.

◦ 동일하거나 유사한 아이템으로 과거 타 창업경진대회에서 누적 상금 3천만원 이상을 받은 자
- 타 창업경진대회는 민간·공공·대학에서 주최한 모든 &apos;창업경진대회&apos;와 &apos;창업 아이디어 공모전&apos;을 포함.
- 상금은 &apos;기타소득&apos;에 한하여 기술개발, 실증 등 사업화지원금과는 별개
◦ 창업 아이템이 타인의 지적재산권을 침해할 우려가 있는 경우
◦ 중소기업창업지원법 시행령 제4조에 따른 창업에서 제외되는 업종 등 반사회적 아이템
◦ 동대회 입상자
※ 향후 참가 자격 부적격 확인 시 자격 박탈 및 수상이 취소될 수 있음",,"예비창업자,1년미만",사업화,20260601,20260806,,,온라인 접수: https://w-startup.daegu.go.kr/business/310,https://www.k-startup.go.kr/web/contents/bizpbanc-ongoing.do?schM=view&pbancSn=177928,main,primary,2026년제6회대구여성창업스타전공고,민간,20260601~20260806,사업화,사업화
kst,177925,2026년 RISE사업 광주 창업밸리 스타트업 아카데미,BM모델 멘토링 및 IR 컨설팅 프로그램 프로그램에 참여할 예비창업자 및 기업을 다음과 같이 모집하오니 많은 관심과 참여를 바랍니다.,교육/멘토링,공공기관,광주광역시,"청소년,대학생,일반인,일반기업,1인 창조기업","기업,누구나,스타트업,예비창업자,청년,초기창업기업","만 20세 미만,만 20세 이상 ~ 만 39세 이하,만 40세 이상",,,"광주 내 창업을 희망하는 예비창업자 및 기창업자(대학생, 광주시민 등)(예비창업자는 공고일 기준 광주시민, 기창업자의 경우 공고일 기준 창업 7년 이내 광주기업에 한함)",,"예비창업자,1년미만,2년미만,3년미만",멘토링ㆍ컨설팅ㆍ교육,20260601,20260612,,,"이메일 접수: 공고문 확인 필요
방문 접수: 광주광역시 동구 동계천로 150, I-PLEX광주 2층 운영본부",https://www.k-startup.go.kr/web/contents/bizpbanc-ongoing.do?schM=view&pbancSn=177925,main,primary,2026년rise사업광주창업밸리스타트업아카데미,공공기관,20260601~20260612,멘토링ㆍ컨설팅ㆍ교육,멘토링ㆍ컨설팅ㆍ교육
kst,177924,중앙대-금천구 창업 협력공간(WB가산타워 7층) 입주자 모집 공고,“중앙대학교 산학협력단”에서는 (예비)창업자의 체계적인 육성과 창업성공률 제고를 위해 본 공간에 입주할 기업을 모집하고자 하오니 많은 신청 바랍니다.,시설/공간,교육기관,전국,"대학생,일반인,대학,연구기관,일반기업,1인 창조기업","기업,누구나,예비창업자,청년,초기창업기업","만 20세 이상 ~ 만 39세 이하,만 40세 이상",,,"아래 두가지 요건을 모두 충족하는 (예비)창업자 및 기업

1) 중앙대학교 교원, 중앙대학교 교원 및 학생 창업기업, 중앙대학교 산학협력단 가족회사(가입 예정 포함) 또는 금천구 소재 기업
(대표자가 금천구 거주자인 경우 포함, 선정 시 가족회사 가입 필요)

2) 중앙대학교와 산학연 상생협력 프로그램 참여 가능 (예비)창업자 및 기업
    ※ 금천구 소재 기업의 경우, 최종 선정 시 중앙대학교 산학협력단 가족회사 가입 必
    ※ 개인사업자는 사업자등록증 상의 개업일자, 법인사업자는 법인등기부등본 상의 법인설립 등기일자를 기준으로 함
    ※ 예비창업자는 입주기준일 이후 6개월 이내 법인등록(가족회사 가입 예정자의 경우 가족회사 가입 포함)을 완료하여야 함

중소기업창업지원법 상 창업제외 업종*
- 금융기관 등으로부터 채무 불이행자로 규제중인 자
- 국세 또는 지방세를 체납중인 자
- 각종 정부 지원 사업에 참여제한으로 제재중인 자
- 휴․폐업 중에 있는 자
- 허위, 그밖에 부정한 방법으로 신청서류를 제출한 경우
- 기타 ‘피성년후견인’, ‘피한정후견인’, ‘파산선고를 받고 복권되지 아니한 사람’, ‘금고 이상의 실형을 선고 받고 그 집행이 끝나거나
집행이 면제된 날로부터 3년이 지나지 아니한 사람’ 또는 그 사람이 대표자로 있는 기업 등 판단에 따라 입주가 적합하지 않은 경우

중소기업창업지원법 상 창업제외 업종* 
1. 금융 및 보험업
2. 부동산업
3. 숙박 및 음식점업
4. 무도장 운영업
5. 골프장 및 스키장 운영업
6. 기타 갬블링 및 베팅업",,"예비창업자,1년미만,2년미만,3년미만,5년미만,7년미만,10년미만",시설ㆍ공간ㆍ보육,20260601,20260615,,,이메일 접수: 공고문 확인 필요,https://www.k-startup.go.kr/web/contents/bizpbanc-ongoing.do?schM=view&pbancSn=177924,main,primary,중앙대금천구창업협력공간wb가산타워7층입주자모집공고,교육기관,20260601~20260615,시설ㆍ공간ㆍ보육,시설ㆍ공간ㆍ보육
kst,177922,2026년 생애 최초 경영안정화 교육지원 사업,"경기도와 경기도시장상권진흥원에서는 실습중심 창업 교육·컨설팅·지원을 통해 무분별한 창업방지 및 창업성공률을 증진하고자
「2026년 생애 최초 경영안정화 교육지원」 사업 모집공고를 아래와 같이 진행하오니 만40세 이상 중장년층 예비창업자의 많은 관심과 참여 바랍니다.",창업,공공기관,경기도,일반인,"누구나,예비창업자",만 40세 이상,40,,"○ 공고일 기준 경기도 1년 이상 거주하였으며, 도내 창업을 희망하는 만 40세 이상 중장년인 자
  ○ 국세청(세무서) 사업자등록(법인·일반·간이 등) 등록 이력이 없는 자(예비창업자)
    ※창업업종 : 음식업, 도소매업, 전자상거래업(포함), 서비스업, 제조업

○ 국세·지방세 체납 중 또는 금융기관으로부터 여신거래가 불가능하거나 채무 불이행 규제 중인 자
  ○ 도박, 유흥 등 불건전 업종 또는 금융, 부동산업 등 사업 취지에 맞지 않거나 「경기도 소상공인정책자금」 보증 제한 업종으로 창업하려는 자
  ○ 기타 허위 또는 부정한 방법으로 신청한 자",,예비창업자,창업교육,20260522,20260630,,,온라인 접수: https://ggbaro.kr/apply/biz-announce.do?bizId=2026-066-01&bizType=01,https://www.k-startup.go.kr/web/contents/bizpbanc-ongoing.do?schM=view&pbancSn=177922,main,primary,2026년생애최초경영안정화교육지원사업,공공기관,20260522~20260630,창업교육,창업교육
kst,177921,"""2026년 창업기업 임상전문가 자문 지원"" 프로그램 모집 공고",동국대학교일산병원 개방형실험실에서는 원내 임상전문가를 활용하여 보건의료 분야 창업기업이 기술·제품 개발 과정에서 겪는 임상적·기술적 애로사항을 해결할 수 있도록 '임상전문가 자문 지원 프로그램' 을 운영하오니 많은 참여 바랍니다.,교육/멘토링,민간,전국,"일반기업,1인 창조기업","기업,초기창업기업","만 20세 미만,만 20세 이상 ~ 만 39세 이하,만 40세 이상",,,"- 자문 최초 신청일 기준 창업일이 10년 미만인 보건의료분야 창업기업

- 신청서 접수일 기준 국세 및 지방세 체납 업체
- 신청서 접수일 기준 휴·폐업 중인 기업",,"예비창업자,1년미만,2년미만,3년미만,5년미만,7년미만,10년미만",멘토링ㆍ컨설팅ㆍ교육,20260601,20261106,,,이메일 접수: 공고문 확인 필요,https://www.k-startup.go.kr/web/contents/bizpbanc-ongoing.do?schM=view&pbancSn=177921,main,primary,2026년창업기업임상전문가자문지원프로그램모집공고,민간,20260601~20261106,멘토링ㆍ컨설팅ㆍ교육,멘토링ㆍ컨설팅ㆍ교육
kst,177920,[강동구 청년해냄센터] 스타트업 영 그라운드 참가자 모집,강동구 청년해냄센터에서 스타트업 영 그라운드 청년 (예비)창업팀을 모집하오니 참여 희망자는 안내에 따라 신청하시기 바랍니다.,교육/멘토링,공공기관,서울특별시,"청소년,대학생,일반인,대학,연구기관,일반기업,1인 창조기업","기업,누구나,스타트업,청년,초기창업기업","만 20세 미만,만 20세 이상 ~ 만 39세 이하",,,"청년 (예비)창업자 (개인, 팀)
- 만 19세~39세 / 10팀 내외 선

* 법인사업자, 3년 이상 창업팀 제외함",,"예비창업자,1년미만,2년미만,3년미만",멘토링ㆍ컨설팅ㆍ교육,20260601,20260619,,,온라인 접수: http://www.gdhaenaem.com/?c=168&s=&gp=1&gbn=viewok&ix=11341,https://www.k-startup.go.kr/web/contents/bizpbanc-ongoing.do?schM=view&pbancSn=177920,main,primary,강동구청년해냄센터스타트업영그라운드참가자모집,공공기관,20260601~20260619,멘토링ㆍ컨설팅ㆍ교육,멘토링ㆍ컨설팅ㆍ교육
kst,177919,"[무료] VC 투자 및 오픈이노베이션 1:1 멘토링, 6월 dcamp officehour","디캠프 오피스아워는 2013년부터 약 1,500회 이상 진행되어온 스타트업 전문 멘토링 프로그램로 우수한 멘토진이 스타트업의 비즈니스 성장을 위해 참여하고 있습니다.
스타트업의 사업 방향성 설정과 성장에 필수적인 벤처투자, 사업협력 등 분야별 전문가들과 함께 합니다. 디캠프 오피스아워는 단편적이고 일반적인 인사이트 전달이 아닌 각 기업의 상황에 맞는 실질적인 논의와 실행 중심의 피드백을 제공합니다.
2026년 6월 오피스아워는 #금융권을 테마로 국내외 투자사 및 금융기관 35개 파트너사가 참여하여 투자 및 사업협력과 관련한 1:1 컨설팅을 진행하오니 관심 있는 스타트업의 많은 참여 바랍니다.",교육/멘토링,민간,전국,"일반기업,1인 창조기업","기업,초기창업기업","만 20세 이상 ~ 만 39세 이하,만 40세 이상",,,오피스아워에 참여를 희망하는 스타트업 (파트너기관별 신청 가능 단계 별도 확인),,"예비창업자,1년미만,2년미만,3년미만,5년미만,7년미만,10년미만",멘토링ㆍ컨설팅ㆍ교육,20260522,20260610,,,온라인 접수: http://dcamp.kr/program/officehour,https://www.k-startup.go.kr/web/contents/bizpbanc-ongoing.do?schM=view&pbancSn=177919,main,primary,무료vc투자및오픈이노베이션11멘토링6월dcampofficehour,민간,20260522~20260610,멘토링ㆍ컨설팅ㆍ교육,멘토링ㆍ컨설팅ㆍ교육
kst,177917,[강동구 청년해냄센터] 전문분야 창업멘토링 6월 참가자 모집,강동구 청년해냄센터에서 전문분야 창업 멘토링 데이 계획을 다음과 같이 공고하오니 참여 희망자는 안내에 따라 신청하시기 바랍니다.,교육/멘토링,공공기관,서울특별시,"청소년,대학생,일반인,대학,연구기관,일반기업,1인 창조기업","기업,누구나,예비창업자,청년,초기창업기업","만 20세 미만,만 20세 이상 ~ 만 39세 이하,만 40세 이상",,,"예비창업자, 기창업자",,"예비창업자,1년미만,2년미만,3년미만,5년미만,7년미만,10년미만",멘토링ㆍ컨설팅ㆍ교육,20260601,20260616,,,온라인 접수: http://www.gdhaenaem.com/?c=168&s=&gp=1&gbn=viewok&ix=11344,https://www.k-startup.go.kr/web/contents/bizpbanc-ongoing.do?schM=view&pbancSn=177917,main,primary,강동구청년해냄센터전문분야창업멘토링6월참가자모집,공공기관,20260601~20260616,멘토링ㆍ컨설팅ㆍ교육,멘토링ㆍ컨설팅ㆍ교육
kst,177916,충북대학교 『글로벌(G)테크벤처센터(BI) 』 입주기업 모집,"국립거점대학 충북대학교와 충북중소벤처기업청에서는 지역 유망 중소․벤처기업의 발굴 육성을 통해 지역경제 활성화 기여 및 고용창출을 선도하기 위하여 글로벌테크벤처센터(POST-BI)에 입주 할, 우수한 기술력과 사업 역량을 가진 유망 벤처기업 및 신기술 창업자를 아래와 같이 모집 공고합니다",시설/공간,교육기관,충청북도,"청소년,대학생,일반인,대학,연구기관,일반기업,1인 창조기업","기업,누구나,청년,초기창업기업","만 20세 미만,만 20세 이상 ~ 만 39세 이하,만 40세 이상",,,"- 본사 or 연구소 or 지점사업자 or 창업보육센터 졸업기업 입주 가능
- (창업자) 창업 후 7년이 경과 되지 않은 기업(창업일자기준)
- 우대 가점기업 : 여성기업, 사회적기업, 협동조합, 장애인기업, 내일채움공제가입기업, 창조경제혁신센터 및 청년창업사관학교 학생창업기업 등 우대

1. 중소기업창업지원법 제43조 제4항 제4호에 의거 입주 제외대상 업종
2. 소음, 진동, 약품, 악취, 폐기물 발생 등 환경 침해 및 공해 유발 업체
3. 금융기관으로부터 신용불량으로 규제중인 자
4. 기타, 입주선정심의위원회에서 부적절하다고 판단되는 기업",,"예비창업자,1년미만,2년미만,3년미만,5년미만,7년미만",시설ㆍ공간ㆍ보육,20260601,20260630,,,"온라인 접수: https://cb-postbi.cbnu.ac.kr/community_06_06
방문 접수: (28420) 충북 청주시 흥덕구 가로수로 1251 (복대동) 충북대학교 G테크벤처센터 107호",https://www.k-startup.go.kr/web/contents/bizpbanc-ongoing.do?schM=view&pbancSn=177916,main,primary,충북대학교글로벌g테크벤처센터bi입주기업모집,교육기관,20260601~20260630,시설ㆍ공간ㆍ보육,시설ㆍ공간ㆍ보육
kst,177914,창업보육센터 지원,경희대학교에서는 기술·지식집약형 중소·벤처기업을 목표로 우수한 기술과 참신한 벤처 마인드를 갖춘 창업 초기 사업자 및 예비창업자를 아래와 같이 모집합니다. 역량 있는 (예비)창업자의 많은 신청 바랍니다.,시설/공간,교육기관,서울특별시,"대학생,일반인,일반기업,1인 창조기업","기업,누구나,예비창업자,청년,초기창업기업","만 20세 이상 ~ 만 39세 이하,만 40세 이상",,,"창업 7년 이내 중소기업 또는 예비창업자(6개월 이내 창업 가능자)

1. 창업보육센터 입주 제외대상 업종(중소기업창업 지원법 시행령 제4조 (창업에서 제외되는 업종) 개정 2024.8.27.2) 가. 일반유흥주점업 나. 무도유흥주점업 다. 카지노 운영업 라. 기타 사행시설 관리 및 운영업
마. 그 밖에 경제질서 및 미풍양속에 현저히 어긋나는 업종으로서 중소벤처기업부령으로 정하는 업종
2. 승인 제외 대상
가. 금융기관으로부터 불량거래자로 규제중인 자 나.국세, 지방세 체납자 다. 폐수. 소음. 진동 등 공해 다발업종 영위자 라. 기타 단장이 부적합하다고 인정하는 자 등 모집공고문 [별표 1] 참조",,"예비창업자,7년미만",시설ㆍ공간ㆍ보육,20260601,20260614,,,이메일 접수: 공고문 확인 필요,https://www.k-startup.go.kr/web/contents/bizpbanc-ongoing.do?schM=view&pbancSn=177914,main,primary,창업보육센터지원,교육기관,20260601~20260614,시설ㆍ공간ㆍ보육,시설ㆍ공간ㆍ보육
kst,177913,2026년「해운대 도심형 청년 창업·주거 복합공간」 입주자 모집 공고(2차),"해운대구는 청년 창업을 활성화하고 청년의 성장과 지역 내 안정적 정착을 지원하고자, 창업 공간과 주거 공간을 제공하는 ｢해운대 도심형 청년 창업·주거 복합공간(부산창업가꿈)｣에 입주할 청년을 2차 모집하오니 많은 참여 바랍니다.",시설/공간,민간,부산광역시,"청소년,대학생,일반인,대학,연구기관,일반기업,1인 창조기업","기업,누구나,청년,초기창업기업",만 20세 이상 ~ 만 39세 이하,20,39,"가. 입주기업 대표자는 18세 이상 39세 이하인 자
나. 해운대구를 소재지*로 하는 법인 혹은 개인사업자
* 타지역 거주시 입주일로부터 3개월 이내 전입신고 하여야 함
다. 창업한 지 3년을 경과하지 않은 자

◦ 단순 유통 및 도소매 사업자
◦ 사치향락, 금품(상품권 등) 관련 사업자
◦ 동일한 사업자로 ‘도심형 청년창업주거복합공간 사업’선정된 기업(중복수혜 불가)
◦ 국세 또는 지방세를 체납 중인 자
◦ 정부지원 사업에 참여제한으로 제재 중인 자
◦ 금융기관 등으로부터 채무불이행자로 규제 중인 자
◦ 전국은행연합회 “신용정보관리규약”에 따른 금융질서 문란자
◦ 자치단체의 판단에 따라 사업의 유지가 어려울 것으로 판단되는 사업장
◦ 노사분규 중이거나 고용보험 미가입 사업장
◦ 근로기준법 제43조의2에 따라 임금 등을 체불하여 명단이 공개 중인 사업주
◦ 기타 자치단체장이 사업 목적과 취지에 맞지 않다고 판단하는 기업",,3년미만,시설ㆍ공간ㆍ보육,20260525,20260619,,,이메일 접수: 공고문 확인 필요,https://www.k-startup.go.kr/web/contents/bizpbanc-ongoing.do?schM=view&pbancSn=177913,main,primary,2026년해운대도심형청년창업주거복합공간입주자모집공고2차,민간,20260525~20260619,시설ㆍ공간ㆍ보육,시설ㆍ공간ㆍ보육
kst,177912,2026 관광 일자리 페스타 - 대전·세종편 참가기업 모집,"대전관광공사는 대전시, 세종시, 한국관광공사와 함께 대전·세종 관광·MICE 기업 
맞춤형 인재 채용 및 인건비 지원 프로그램을 운영하고자 ‘2026 관광 일자리 
페스타 – 대전·세종편’ 참가기업을 모집하오니 많은 관심과 참여 부탁드립니다.",인력/일자리,공공기관,대전광역시,일반기업,기업,"만 20세 미만,만 20세 이상 ~ 만 39세 이하,만 40세 이상",,,"아래 ①, ② 요건 중 1개 이상의 항목을 충족하는 관광·MICE 기업
① 관광진흥법 시행령(관광사업의 종류)에 해당하는 대전·세종 관광기업
* 여행업, 호텔업, 관광객 이용시설업, 국제회의업, 테마파크업, 관광편의시설업 등
② 관광 관련 상품 또는 서비스 등으로 공고일 기준 현재 대전·세종 지역에 
개인사업자 또는 법인사업자로 등록된 기업

1) 근로기준법 제 43조의2에 따라 임금 등 체불로 명단이 공개 중인 사업주
2) 사업주가 채용예정자와 배우자 또는 직계존비속 관계인 경우
3) 국세 및 지방세, 4대보험 등 체납 사실이 있거나 면세사업자인 경우
4) 2026년 기준 문화체육관광부, 고용노동부, 중소벤처기업부, 대전시, 
세종시 등 유관기관 일자리·인건비 지원 관련 사업의 수혜기업
※ 중복수혜의 기준은 인턴 대상자로 판별하므로 대상자가 상이할 경우 제외대상에 해당하지 않음",,"1년미만,2년미만,3년미만,5년미만,7년미만,10년미만",인력,20260601,20260608,,,이메일 접수: 공고문 확인 필요,https://www.k-startup.go.kr/web/contents/bizpbanc-ongoing.do?schM=view&pbancSn=177912,main,primary,2026관광일자리페스타대전세종편참가기업모집,공공기관,20260601~20260608,인력,인력
kst,177911,2026 KICXUP_서울 _입주기업_모집공고,"한국산업단지공단에서 KICXUP 서울에 입주할 혁신 스타트업을 모집합니다. 입주기업을 대상으로 사무공간 오피스 인프라, 산업단지 입주 대중견기업 오픈이노베이션, 신용보증기금 금융 지원, 맞춤형 성장지원 서비스(오피스아워) 등을 제공할 계획이오니, 역량 있는 스타트업의 많은 관심 바랍니다.",시설/공간,민간,서울특별시,일반기업,기업,"만 20세 이상 ~ 만 39세 이하,만 40세 이상",,,"설립 7년 미만 창업기업

국세, 지방세, 4대 보험료를 체납 중인 기업
기타 한국산업단지공단이 부적당 하다고 판단한 입주 희망자",,7년미만,시설ㆍ공간ㆍ보육,20260601,20260619,,,온라인 접수: https://forms.gle/yherGm7fs5zuJkga6,https://www.k-startup.go.kr/web/contents/bizpbanc-ongoing.do?schM=view&pbancSn=177911,main,primary,2026kicxup서울입주기업모집공고,민간,20260601~20260619,시설ㆍ공간ㆍ보육,시설ㆍ공간ㆍ보육
kst,177908,2026년 서울시 지역상생 중장년 창업지원사업 <넥스트로컬 40+> 참여자 모집 공고,전국 지자체 협력을 바탕으로 서울 중장년층의 지역자원 발굴과 창업 모델화 과정을 지원하는 「2026년 서울시 지역상생 중장년 창업 지원사업」 에 참여할 (예비)창업자를 다음과 같이 모집합니다.,창업,민간,서울특별시,"일반인,일반기업","기업,누구나",만 40세 이상,40,,"지역의 농특산물, 문화‧관광‧역사 자원, 유휴공간 등을 연계 ·활용한 비즈니스 아이디어를 보유한 중장년
ㅇ 대상 : 서울시 거주 중장년(40세 이상 ~ 65세 미만) 
  ※ 신청일 기준, 대상 나이에 부합해야 함
  ※ 주민등록등본상 서울거주로 확인(신청일 날짜 기준으로 제출), 관련 증빙서류 별첨 필수

ㅇ 지원형태 : 대표자 1인만 지원 
 - 거주지와 사업장 소재지 모두 서울이여함  
  ※ 대표자는 <넥스트로컬 40+>의 모든 프로그램에 참석을 원칙으로 함
ㅇ 지원단계 : 예비 또는 기창업자 
 - 기창업자의 경우, 사업장 소재지가 서울일 경우에만 기창업 팀으로 참여 가능
  ※ 기창업자 소재지가 서울이 아닌 경우, 서울로 소재지 이전 후 신청 가능함

ㅇ 지원유형 : ① 경력활용형, ② 경력이음형 중 본인에게 맞는 유형 택1
 - (경력활용형) 현업에서 형성한 경력·전문성을 지역 창업으로 이어가고자 하는참여자를 위한 선발 유형
 - (경력이음형) 은퇴 등으로 인한 경력 공백 후 창업을 준비하거나, 기존 경력과 다른 새로운 분야의 창업을 준비하는 참여자를 위한 선발 유형

ㅇ 우대사항 : ①활동지역 출신 중장년, ②서울시50플러스재단 창업지원 사업참여자,  ③서울시농업기술센터 전원생활교육 이수자  
  ※ ①의 경우, 주민등록 등본 또는 초·중·고등학교 졸업증명서로 증빙 필요 
  ※ 서울시 사업 참여자의 경우 해당 기관에서 배포된 수료이수증이나 기타 증빙서류 별도 제출
  ※ 우대사항 인정 시, 평가에서 가산점 부여

① 서울시 및 중앙정부 등 정부 지원사업 참여 제한 등 제재조치를 받고있는 개인(기업)
  ② 서울시 및 중앙정부 등 타 지원사업에서 동일 아이템(상품·서비스)으로 지원을 받고 있는 경우
    - (예시) 서울시 지방보조금 사업 보조사업자, 서울시 관내 창업지원 사업 수혜자, 중소벤처기업부 로컬크리에이터 육성 사업 등
     ※ 해당 기관에 중복참여 가능여부 사전확인 필수, 사업선정 이후 넥스트로컬 운영사무국으로 관련 사업계획서 제출 필요
  ③ 넥스트로컬 참여자로서, 2단계 초기사업비를 최초로 지급받은 날로부터 3년이 지나지 아니한 사업수혜자 (넥스트로컬 5~7기 2단계 사업화과정 선발자)
     ※ 단, 넥스트로컬 2단계 참여 당시와 동일한 아이템(상품 및 서비스)으로는 참여 불가능
     ※ 넥스트로컬 5~7기 참여자 중 [1단계. 자원조사과정]까지만 수행한 기 참여자는 참여 가능 
     ※ 또한, 넥스트로컬 5~7기 [2단계 사업화과정]에 참여한 기업의 직원이였던 자는 현재 해당기업에 근무하지 않는 경우에 한하여 참여 가능하나, [2단계 사업화과정] 참여 당시 인건비 수혜 혜택을 받았다면 참여 불가능
  ⑤ 국세·지방세 체납으로 규제 중이거나 금융기관 등으로부터 채무불이행으로 규제 중인 자(기업)
   - 단, 신청 마감일까지 체납처분유예승인을 받은 성실납세자, 국세‧지방세 등 특수채무 변제 후 증빙이 가능한 자는 신청 가능
   - 단, 신청 마감일까지 신용회복위원회 프리‧개인워크아웃 제도에서 채무조정합의서를 체결한 경우, 법원 개인회생제도에서 변제계획인가를 받은 경우, 파산면책 선고자, 회생인가를 받은 기업은 신청 가능
  ⑥ ｢중소기업창업 지원법｣ 시행령 제4조(창업에서 제외되는 업종)의 업종을 영위하고자 하는 자(기업) 
  ⑦ 기타 서울시장이 참여 제한의 사유가 있다고 인정하는 자(기업)",,"예비창업자,1년미만,2년미만,3년미만,5년미만,7년미만,10년미만",사업화,20260601,20260630,,,온라인 접수: https://nextlocalstar.co.kr/,https://www.k-startup.go.kr/web/contents/bizpbanc-ongoing.do?schM=view&pbancSn=177908,main,primary,2026년서울시지역상생중장년창업지원사업넥스트로컬40참여자모집공고,민간,20260601~20260630,사업화,사업화
kst,177907,[ZUZU X 에트리홀딩스 집중검토] TIPS 선정 희망 기업 모집,에트리홀딩스에서 TIPS 선정을 희망하는 스타트업을 찾습니다.,창업,민간,전국,"대학,연구기관,일반기업",기업,"만 20세 미만,만 20세 이상 ~ 만 39세 이하,만 40세 이상",,,"※모집 조건
- 투자 단계: Pre-Seed ~ Seed
- TIPS 희망 기업
- 딥테크, 소부장(광통신, 웨어러블, 반도체, 양자)",,"예비창업자,1년미만,2년미만,3년미만,5년미만,7년미만,10년미만",사업화,20260602,20260619,,,온라인 접수: https://zuzu.network/resource/promotion/26-etriholdings-deal-sourcing/,https://www.k-startup.go.kr/web/contents/bizpbanc-ongoing.do?schM=view&pbancSn=177907,main,primary,zuzux에트리홀딩스집중검토tips선정희망기업모집,민간,20260602~20260619,사업화,사업화
kst,177906,글로벌 교류·투자유치 지원사업,글로벌 비즈니스 네트워크 구축과 지역기업 해외 진출지원을 위해 추진하는 『글로벌 교류·투자유치 지원사업』중 아웃바운드 지정형 프로그램인 SWITCH 2026 K-스타트업 통합관에 참가할 유망 스타트업을 모집하오니 많은 관심 바랍니다.,판로/수출,공공기관,부산광역시,"일반기업,1인 창조기업","기업,초기창업기업","만 20세 미만,만 20세 이상 ~ 만 39세 이하,만 40세 이상",,,"❍ 모집규모 : 3개사 내외   * 운영상황에 따라 규모 변경될 수 있음
 ❍ 모집대상 : 공고일 기준 업력 7년 이내 기업(신산업 10년) 
 ❍ 자격요건(모두충족)
  - 기업 소재지가 부산광역시 내인 기업
  - 영어 의사소통 가능자의 전시회 참가가 가능한 기업
  - SWITCH 2026 전시 분야 부합 기업(첨부파일 참고)",,10년미만,글로벌,20260601,20260619,,,온라인 접수: https://www.busanstartup.kr/biz_sup/2109?mcode=biz02&pageNo=1&deadline=N&deleteYn=N&s_orderby=regi&s_desc=desc,https://www.k-startup.go.kr/web/contents/bizpbanc-ongoing.do?schM=view&pbancSn=177906,main,primary,글로벌교류투자유치지원사업,공공기관,20260601~20260619,글로벌,글로벌
kst,177905,「기업의 숨은 가치를 밝히는」실전형 IR 전략 실행 교육 참가자 모집,"상지대학교 벤처창업본부에서는 (예비)창업기업의 효과적인 IR 실행을 돕기 위해
「 실전형 IR 전략 실행 교육 」을 개최합니다.
많은 관심과 참여 바랍니다.",창업,교육기관,전국,"청소년,대학생,일반인,대학,연구기관,일반기업,1인 창조기업","기업,누구나,청년,초기창업기업","만 20세 미만,만 20세 이상 ~ 만 39세 이하,만 40세 이상",,,IR 자료 구성과 발표 역량을 높이고 싶은 (예비)창업자,,"예비창업자,1년미만,2년미만,3년미만,5년미만,7년미만,10년미만",창업교육,20260602,20260616,,,온라인 접수: https://forms.gle/eq7kMzLfxxuePpZ58,https://www.k-startup.go.kr/web/contents/bizpbanc-ongoing.do?schM=view&pbancSn=177905,main,primary,기업의숨은가치를밝히는실전형ir전략실행교육참가자모집,교육기관,20260602~20260616,창업교육,창업교육
kst,177904,2026년 D-테스트베드(GPU 지원 전형) 참여사 모집,"한국핀테크지원센터는 핀테크 기업이 자체 보유데이터를 활용하여 분석하거나 AI모델을 고도화할 수 있도록 D-테스트베드 사업(GPU 지원 전형)을 운영하고 있습니다.
 이에 따라, 「2026년 D-테스트베드」사업의 GPU 지원 전형 참여사 모집을 아래와 같이 공모하오니 관심 있는 기업의 많은 참여 바랍니다.",창업,민간,전국,"일반기업,1인 창조기업","기업,초기창업기업","만 20세 미만,만 20세 이상 ~ 만 39세 이하,만 40세 이상",,,"GPU를 활용하여 자체 보유 데이터로 AI모델을 테스트하거나 고도화하고자 하는 기업

개인, 개인사업자",,"예비창업자,1년미만,2년미만,3년미만,5년미만,7년미만,10년미만",사업화,20260528,20260619,,,온라인 접수: https://dtest.fintech.or.kr/,https://www.k-startup.go.kr/web/contents/bizpbanc-ongoing.do?schM=view&pbancSn=177904,main,primary,2026년d테스트베드gpu지원전형참여사모집,민간,20260528~20260619,사업화,사업화
kst,177903,창업특강:AI를 활용한 사업 운영 효율화,청년 예비창업자 및 초기창업자를 위한 실전형 AI 활용 전략 교욱입니다.,교육/멘토링,지자체,서울특별시,"대학생,일반인,대학,연구기관,일반기업,1인 창조기업","기업,누구나,예비창업자,청년,초기창업기업",만 20세 이상 ~ 만 39세 이하,20,39,청년 예비창업자 및 초기창업자(1987년 이후 출생자),,"예비창업자,1년미만,2년미만,3년미만,5년미만,7년미만",멘토링ㆍ컨설팅ㆍ교육,20260601,20260614,,,온라인 접수: https://www.checkin-gwanak.or.kr/core/?cid=58&role=programvopn&pSeq=1205&tab=,https://www.k-startup.go.kr/web/contents/bizpbanc-ongoing.do?schM=view&pbancSn=177903,main,primary,창업특강ai를활용한사업운영효율화,지자체,20260601~20260614,멘토링ㆍ컨설팅ㆍ교육,멘토링ㆍ컨설팅ㆍ교육
kst,177901,구로구 청년창업지원센터_일반 창업교육,투자유치 및 지원사업 발표평가를 대비한 자료 작성법과 발표 노하우를 제공하는 교육입니다.,교육/멘토링,지자체,서울특별시,"대학생,일반인,대학,연구기관,일반기업,1인 창조기업","기업,누구나,청년,초기창업기업",만 20세 이상 ~ 만 39세 이하,20,39,"19 ~ 39세 서울시 거주 청년 중 (예비)창업희망자 및 일반인

서울시 그 외 타 지역",,"예비창업자,1년미만,2년미만,3년미만",멘토링ㆍ컨설팅ㆍ교육,20260601,20260610,,,온라인 접수: https://hive.dongyang.ac.kr/lecture/list.do?menu_idx=10,https://www.k-startup.go.kr/web/contents/bizpbanc-ongoing.do?schM=view&pbancSn=177901,main,primary,구로구청년창업지원센터일반창업교육,지자체,20260601~20260610,멘토링ㆍ컨설팅ㆍ교육,멘토링ㆍ컨설팅ㆍ교육
kst,177900,지역창업특화지원,"중소벤처기업부와 인천광역시가 지원하고, 인천테크노파크가 운영하는 1인 창조기업 지원센터는 우수하고 참신한 아이템으로 창업에 도전을 희망하는 예비창업자 및 1인 창조기업을 대상으로 입주 공간을 제공하고 있습니다. 또한 교육 및 네트워크 프로그램 운영과 전문가 멘토링을 통해 애로사항을 해소하며, 기업의 성장 지원을 도모 합니다. 1인 창조기업 지원센터에 입주를 희망하시는 여러분들의 많은 신청 바랍니다.",시설/공간,공공기관,전국,"대학생,일반인,1인 창조기업","누구나,예비창업자,청년,초기창업기업","만 20세 미만,만 20세 이상 ~ 만 39세 이하,만 40세 이상",,,"예비창업자 및 1인 창조기업 범위에 포함되는 창업 7년 이내 기업
˙1인 창조기업 육성에 관한 법률 제2조의 (예비)1인 창조기업
˙지원대상 중 붙임2-1(1인 창조기업의 범위)에 포함된 업체

건강보험자격득실확인서상 직장가입자",,"예비창업자,7년미만",시설ㆍ공간ㆍ보육,20260601,20260616,,,이메일 접수: 공고문 확인 필요,https://www.k-startup.go.kr/web/contents/bizpbanc-ongoing.do?schM=view&pbancSn=177900,main,primary,지역창업특화지원,공공기관,20260601~20260616,시설ㆍ공간ㆍ보육,시설ㆍ공간ㆍ보육
kst,177896,2026년 대전 스타트업스쿨 스타트업 리딩클래스,"대전창조경제혁신센터가 대전 스타트업 협의체 ‘다이노소어(Daejeon INitiative Of Startup And entrepreneUR)’와 함께 스타트업 네트워킹 프로그램을 진행하오니, 관심 있는 창업가, 스타트업 임직원 등의 많은 관심과 참여 부탁드립니다.",행사/네트워크,공공기관,대전광역시,"청소년,대학생,일반인,대학,연구기관,일반기업,1인 창조기업","기업,누구나,스타트업,청년,초기창업기업","만 20세 미만,만 20세 이상 ~ 만 39세 이하,만 40세 이상",,,스타트업 역량 강화에 관심이 있는 누구나,,"예비창업자,1년미만,2년미만,3년미만,5년미만,7년미만,10년미만",행사ㆍ네트워크,20260601,20260630,,,온라인 접수: http://nextstep.io.kr/startup-leading-class,https://www.k-startup.go.kr/web/contents/bizpbanc-ongoing.do?schM=view&pbancSn=177896,main,primary,2026년대전스타트업스쿨스타트업리딩클래스,공공기관,20260601~20260630,행사ㆍ네트워크,행사ㆍ네트워크
kst,177895,[코레일유통/본사] 제4차 청년창업 제휴사업자 모집공고,"코레일유통(주) 청년창업 지원사업에 따른 매장 운영자 모집공고를 시행하오니, 참여를 희망하는 예비창업자 및 청년창업자는 참여해 주시길 바랍니다.
■ 공고대상 매장 : 천안역 동부맞이방(기타간식/40.0㎡)
■ 접수방법 : 코레일유통(주) 홈페이지 https://www.korailretail.com - 파트너십 - 청년창업 지원안내/공고 - 청년창업 신규공고
■ 비고사항 : [붙임8] 청년창업 전자입찰프로세스 매뉴얼 확인 必",시설/공간,공공기관,전국,"대학생,일반인","누구나,예비창업자,청년",만 20세 이상 ~ 만 39세 이하,20,39,"1. 공고일 기준 만 18세 이상 39세 이하
2. 공고일 기준 사업자등록을 하지 않은 예비창업자 또는 창업 후 3년 이하인 ｢중소기업기본법｣ 제2조 2항에 따른 소기업을 영위하는 자
(대표자 연령 조건 충족해야 함)
3. 계약 체결 후 7일 이내 일반과세 사업자등록이 가능하고 시설투자 가능자
4. 프랜차이즈 미가맹 사업자로, 고유의 브랜드 및 레시피로 운영가능한 자

- 회사와 특수관계에 있는 자 또는 공공성 확보를 위해 다음에 해당하는 경우 참가를 제한
1. 코레일유통(주) 청년창업 지원매장 운영자로 선정된 자와 그 배우자 및 직계혈족
2. 코레일유통(주) 부정당업체로 지정된 업체(자)와 그 배우자 및 직계혈족
3. 기존 계약자(공고일 기준)
① 우리사 편의점 및 자판기 관련 계약 중이거나 과거 계약 이력이 있는 자와 그 배우자 및 직계혈족
② 우리사 상설전문점 운영 중이거나 과거 계약 이력이 있는 자와 그 배우자 및 직계혈족
4. 회사와 특수관계인 관련(공고일 기준)
① 모집시작일 기준 퇴직 후 2년이 경과 하지 않은 전직 임직원의 직계혈족
② 모집시작일 기준 한국철도공사 및 그 계열사에 재직 중인 임직원과 그 배우자 및 직계혈족
5. 공고일 현재 상업시설 운영 중인 자로 점포 수 확대를 목적으로 지원하는 자와 그 배우자 및 직계혈족",,"예비창업자,3년미만",시설ㆍ공간ㆍ보육,20260529,20260608,,,온라인 접수: www.korailretail.com,https://www.k-startup.go.kr/web/contents/bizpbanc-ongoing.do?schM=view&pbancSn=177895,main,primary,코레일유통본사제4차청년창업제휴사업자모집공고,공공기관,20260529~20260608,시설ㆍ공간ㆍ보육,시설ㆍ공간ㆍ보육
kst,177893,CES 2027 관악S밸리관 참가기업 추가모집,"관악구 소재 우수 벤처·창업기업의 글로벌 시장 진출을 지원하고, 관악S밸리 창업 생태계 활성화 및 지역 창업 경쟁력 강화를 도모하고자 「CES 2027 관악S밸리관」 참가기업을 다음과 같이 모집하오니, 관심 있는 기업의 많은 참여 바랍니다.",판로/수출,공공기관,서울특별시,"청소년,대학생,일반인,대학,연구기관,일반기업,1인 창조기업","기업,누구나,청년,초기창업기업","만 20세 미만,만 20세 이상 ~ 만 39세 이하,만 40세 이상",,,"아래 자격요건을 모두 충족하는 관악구 소재 벤처·창업기업
○ (소재지) 관악구 소재(본사, 지사, 연구소 등 1곳 이상) 기업
- 2026. 6. 30.까지 관악구에 주소 이전이 가능한 기업 신청 가능
- CES 2027「관악S밸리관」최종 참가 기업은 2027. 1. 31.까지 관악구 주소를 유지해야 함
○ (창업기간) 창업 5년 이내 기업 ※ 2022. 1. 1. 이후 창업한 기업
- 개인사업자의 경우 사업자등록증상 개업연월일, 법인의 경우 법인등기부등본상 법인설립등기일 기준으로 판단 ※「중소기업창업 지원법」 규정에 따름
○ (사업분야) AI, 모빌리티, 항공, 바이오, 헬스케어 등 CES 입점 기준 충족
○ (영문 소개자료 보유) 영문 홈페이지, 브로슈어, IR Deck, 홍보영상 등 보유
○ (글로벌사업 인력 보유) 글로벌사업을 담당할 수 있는 인력 보유
○ (Eureka Park 참가기준 충족) ※ 미국 소비자기술협회(CTA)에서 심사",,"예비창업자,1년미만,2년미만,3년미만,5년미만",판로ㆍ해외진출,20260529,20260609,,,온라인 접수: https://www.gsva.or.kr/main/post/view.do?post_sn=7,https://www.k-startup.go.kr/web/contents/bizpbanc-ongoing.do?schM=view&pbancSn=177893,main,primary,ces2027관악s밸리관참가기업추가모집,공공기관,20260529~20260609,판로ㆍ해외진출,판로ㆍ해외진출
kst,177892,2026 벤처확인 인증준비기업 맞춤형 무료 진단 지원사업,"벤처기업확인인증은 기업의 자금조달, 정부지원사업 참여 시 가점 확보, 세제 혜택 등 다양한 제도적 지원을 받을 수 있는 핵심 인증입니다.
벤처기업확인 맞춤형 진단평가를 통해 기업 경쟁력을 강화하고자 참여를 희망하시는 분은 아래 구글폼으로 신청해주시기 바랍니다.
사전진단 및 컨설팅은 무료로 진행되며，선발된 기업에게 개별 안내됩니다．",창업,민간,전국,"일반기업,1인 창조기업","기업,예비창업자,초기창업기업","만 20세 미만,만 20세 이상 ~ 만 39세 이하,만 40세 이상",,,"- 올해 2026년에 벤처기업확인 인증을 준비하는 스타트업
- 벤처확인 신청을 준비하면서, 실질적인 서류 작성 방법과 현장 실사 대응 전략이 필요한 기업
- 정책자금 우대 및 정부 지원사업 참여 시 가점을 받기 위해 벤처 인증을 필요로 하는 기업
- 소득세·법인세 등의 세제 혜택을 고려하여 벤처기업 인증을 추진 중인 기업

- 벤처기업에 포함되지 않는 업종 ( 일반 유흥 주점업, 무도 유흥 주점업, 기타 주점업, 블록체인 기반 암호화 자산 매매 및 중개업, 기타 사행시설 관리 운영업, 무도장 운영업)
- 신청일 기준 회사 설립이 완료되지 않은 기업 (예비창업자)
- 국제 또는 지방세 체납으로 규제 중인 자
- 공고 마감일 기준 휴업 중인 기업, 금융기관 등으로부터 채무불이행으로 규제 중인 자 또는 기업",,"1년미만,2년미만,3년미만,5년미만,7년미만,10년미만",사업화,20260601,20260630,,,온라인 접수: https://m.site.naver.com/29ex4,https://www.k-startup.go.kr/web/contents/bizpbanc-ongoing.do?schM=view&pbancSn=177892,main,primary,2026벤처확인인증준비기업맞춤형무료진단지원사업,민간,20260601~20260630,사업화,사업화
kst,177891,2026 광주 디지털관광인재 양성교육,"광주 관광기업의 디지털 전환 지원을 위하여 AI활용 실습 교육과 AX/DX콘텐츠 제작 지원 과정을 다음과 같이 공고하오니
참여를 희망하는 관광 및 창업기업들은 안내에 따라 신청하기 바랍니다.",교육/멘토링,공공기관,광주광역시,"일반인,일반기업,1인 창조기업","기업,누구나,초기창업기업","만 20세 미만,만 20세 이상 ~ 만 39세 이하,만 40세 이상",,,광주광역시 소재 관광기업 또는 관광업 종사자 30명,,"예비창업자,1년미만,2년미만,3년미만,5년미만,7년미만,10년미만",멘토링ㆍ컨설팅ㆍ교육,20260529,20260610,,,온라인 접수: https://forms.gle/K8c919Ce3PSz59Ux6,https://www.k-startup.go.kr/web/contents/bizpbanc-ongoing.do?schM=view&pbancSn=177891,main,primary,2026광주디지털관광인재양성교육,공공기관,20260529~20260610,멘토링ㆍ컨설팅ㆍ교육,멘토링ㆍ컨설팅ㆍ교육
kst,177890,[국비전액무료] 생성형 AI를 활용한 콘텐츠 크리에티브 디자이너 모집,"여성가족부와 서울특별시의 지원으로 운영되는 종로여성인력개발센터(여성새로일하기센터)에서는 생성형 AI를 활용한 콘텐츠 기획, 이미지 제작, 브랜드 비주얼 디자인 역량을 갖출 예비 AI 크리에이터를 다음과 같이 모집합니다. AI 도구를 활용한 콘텐츠 크리에이티브 디자이너로 새로운 커리어를 시작하고자 하는 분들의 많은 참여 바랍니다.",창업,민간,전국,일반인,누구나,"만 20세 미만,만 20세 이상 ~ 만 39세 이하",,,"- 시각 디자인 분야로 취업 및 창업 의사가 분명하고, 교육 중 진행하는 현장 실습 및 프로젝트에 적극 참여하고자 하는 미취업 구직 여성
- 관련분야 경력자 또는 전공자 우대
- 청년여성 가점(만34세이하), 취약계층 가점
- 취업의사 없거나, 취미 수강은 불가
1) 자영업자 : 연 매출 1억5천만원 미만 신청가능
(부가가치세 과세표준증명원 제줄 必)
2) 대학/대학원생 : 26년 8월 졸업 예정자, 사이버대학/방송통신대 신청가능
3) 재직여성: 6개월이상 현재 직장 고용유지 조건 가능( 연소득 4,800만원이 상, 공무원 사립학교 교직원 제외)
- 사전 교육 참여자(4/22-4/24) 우선 선발

- 2026년에 성평등가족부 지원 직업교육을 수강하신 분
(*성평등가족부지원 직업교육훈련을 1년에 1회만 가능
*성평등가족부 직업훈련 포함 국비직업훈련은 2년까지만 반복 허용)",,예비창업자,창업교육,20260529,20260713,,,이메일 접수: 공고문 확인 필요,https://www.k-startup.go.kr/web/contents/bizpbanc-ongoing.do?schM=view&pbancSn=177890,main,primary,국비전액무료생성형ai를활용한콘텐츠크리에티브디자이너모집,민간,20260529~20260713,창업교육,창업교육
kst,177889,투자 밸류업 특강,"초기창업기업 및 예비창업자를 대상으로 투자유치 역량 강화를 위한 「대표라면 꼭 알아야 할 투자와 협상 전략 특강」을 운영합니다.
본 프로그램은 현직 투자자, 투자유치 성공기업 대표, 협상전문가의 실전 중심 특강으로 구성되며, 투자자의 관점 이해와 IR 전략, 스타트업 협상 및 의사결정 전략 등을 제공하여 창업기업의 투자 대응 역량 강화를 지원하고자 합니다.",교육/멘토링,교육기관,충청남도,"청소년,대학생,일반인,대학,연구기관,일반기업,1인 창조기업","기업,누구나,예비창업자,청년,초기창업기업","만 20세 미만,만 20세 이상 ~ 만 39세 이하,만 40세 이상",,,"충청남도 소재 창업 초기기업(창업 3년 이내)
예비창업자
투자유치에 관심 있는 기업(자)",,"예비창업자,1년미만,2년미만,3년미만",멘토링ㆍ컨설팅ㆍ교육,20260529,20260609,,,온라인 접수: https://forms.gle/k4GhuEseqpiEXfax9,https://www.k-startup.go.kr/web/contents/bizpbanc-ongoing.do?schM=view&pbancSn=177889,main,primary,투자밸류업특강,교육기관,20260529~20260609,멘토링ㆍ컨설팅ㆍ교육,멘토링ㆍ컨설팅ㆍ교육
kst,177888,2026년도 글로벌 론치패드(PoC) 지원사업 창업기업 모집 공고,글로벌 준비·진출을 희망하는 창업기업 대상으로 해외고객실증(PoC)을 통해 해외진출과 판로개척을 지원하는 ‘2026년도 글로벌 론치패드(PoC) 지원사업’에 참여할 창업기업 모집을 다음과 같이 공고합니다.,판로/수출,교육기관,전국,일반기업,"기업,초기창업기업","만 20세 미만,만 20세 이상 ~ 만 39세 이하,만 40세 이상",,,"4대 과기원 권역*내에 있는 기업만 지원 가능
    * 본사 소재지 기준(KAIST 중부권 / GIST 호남권 / DGIST 대경권 / UNIST 동남권)  
    ** 다만, 대표자가 각 과기원 소속일 경우 소재지 관계없이 소속 기관으로 신청가능

공고문 참조",,7년미만,글로벌,20260601,20260619,,,온라인 접수: https://launchpad2026.io/,https://www.k-startup.go.kr/web/contents/bizpbanc-ongoing.do?schM=view&pbancSn=177888,main,primary,2026년도글로벌론치패드poc지원사업창업기업모집공고,교육기관,20260601~20260619,글로벌,글로벌
kst,177886,2026 해양수산분야 오픈이노베이션 개최 안내,"해양수산과학기술진흥원 x 서울창조경제혁신센터
서울창조경제혁신센터에서 6월 1일(월) 부터 6월 28일(일) 까지
롯데중앙연구소, 아모레퍼시픽, 인천항만공사, 한화오션, 현대건설, CJ제일제당, HD현대삼호와 협력을 통해 해양수산분야의 혁신을 만들어갈 스타트업을 모집합니다.
우수 스타트업 대표자 및 담당자분들의 많은 관심 부탁드립니다.",행사/네트워크,공공기관,전국,"청소년,대학생,일반인,대학,연구기관,일반기업,1인 창조기업","기업,누구나,청년,초기창업기업","만 20세 미만,만 20세 이상 ~ 만 39세 이하,만 40세 이상",,,"- 롯데중앙연구소: 품질 분석 / 육상 김 양식 / 해조류 및 수생 원료 유래 차세대 식품원료 제조기술
- 아모레퍼시픽: Marine Bio-polumer / 합성생물학 / Longevity
- 인천항만공사: 항만시설 / 안전 / AI / 항만 물류 디지털 전환
- 한화오션: DX·AX / 스마트야드, 스마트생산기술
- 현대건설: 스마트건설기술 / AI·AX / 안전 / 로봇
- CJ제일제당: 혁신소재 / 제조·생산 혁신 / Emerging 브랜드 / 유통·마케팅 / AI·로봇 기술 / 기타
- HD현대삼호: AI / 로봇 / 안전 / 친환경 / 농식품",,"예비창업자,1년미만,2년미만,3년미만,5년미만,7년미만,10년미만",행사ㆍ네트워크,20260601,20260628,,,온라인 접수: https://scceioi.kr/2026/kimst/,https://www.k-startup.go.kr/web/contents/bizpbanc-ongoing.do?schM=view&pbancSn=177886,main,primary,2026해양수산분야오픈이노베이션개최안내,공공기관,20260601~20260628,행사ㆍ네트워크,행사ㆍ네트워크
kst,177885,2026-6회 호남권 엔젤투자 피칭룸 in 광주·전남 참가기업 모집 안내,⌜호남권 엔젤투자 피칭룸⌟ 은 한국엔젤투자협회에서 호남권 소재(광주·전남·전북·제주)의 스타트업의 투자유치 연계를 지원하는 투자 상담 프로그램입니다. 투자유치에 관심 있으신 호남권 소재 스타트업 대표님과 예비창업자분들의 많은 관심과 참여 부탁드립니다.,교육/멘토링,민간,광주광역시,"청소년,대학생,일반인,대학,연구기관,일반기업,1인 창조기업","기업,누구나,예비창업자,청년,초기창업기업","만 20세 미만,만 20세 이상 ~ 만 39세 이하,만 40세 이상",,,"광주/전남 소재 스타트업 및 예비창업자
* 전북, 제주 별도 운영 예정",,"예비창업자,1년미만,2년미만,3년미만,5년미만,7년미만",멘토링ㆍ컨설팅ㆍ교육,20260529,20260614,,,온라인 접수: http://bit.ly/3XSJDch,https://www.k-startup.go.kr/web/contents/bizpbanc-ongoing.do?schM=view&pbancSn=177885,main,primary,20266회호남권엔젤투자피칭룸in광주전남참가기업모집안내,민간,20260529~20260614,멘토링ㆍ컨설팅ㆍ교육,멘토링ㆍ컨설팅ㆍ교육
kst,177884,서울용산시제품제작소 운영,제조 창업 저변 확대를 위한 예비 창업자 및 스타트업의 아이디어 구체화 지원 장비 운용 역량 강화를 진행합니다.,시설/공간,민간,서울특별시,"청소년,대학생,일반인,대학,연구기관,일반기업,1인 창조기업","기업,누구나,예비창업자,청년,초기창업기업","만 20세 미만,만 20세 이상 ~ 만 39세 이하,만 40세 이상",,,메이커장비를 활용하여 시제품 제작을 원하는 스타트업/예비창업자/기업,,"예비창업자,1년미만,2년미만,3년미만,5년미만,7년미만,10년미만",시설ㆍ공간ㆍ보육,20260529,20260625,,,온라인 접수: https://makeinyongsan.kr/program/list#sub-tab,https://www.k-startup.go.kr/web/contents/bizpbanc-ongoing.do?schM=view&pbancSn=177884,main,primary,서울용산시제품제작소운영,민간,20260529~20260625,시설ㆍ공간ㆍ보육,시설ㆍ공간ㆍ보육
kst,177883,2026 경기도 ICT Product 시험인증 지원 2차공모,차세대융합기술연구원의 연구기획실 메이커스페이스전문랩에서 시험인증 계획을 다음과 같이 공고하오니 참여를 희망하는 기업 혹은 예비창업자(팀)는 안내에 따라 신청하기 바랍니다.,창업,공공기관,경기도,"대학생,일반인,일반기업,1인 창조기업","기업,누구나,청년,초기창업기업","만 20세 이상 ~ 만 39세 이하,만 40세 이상",,,"ICT 제조분야 경기도 사업장 소재지 창업기업(7년 이내)
      ※ 단, 신산업분야 (시스템반도체, 바이오헬스, 미래 모빌리티, 친환경 에너지, 로봇, AI빅데이터 등) 창업 10년 이내 중소기업
      ※ 기 창업자 경우 접수일 이전 사업자등록증 제출",,"예비창업자,1년미만,2년미만,3년미만,5년미만,7년미만",사업화,20260610,20260624,,,온라인 접수: https://www.aictms.or.kr/core/?cid=65&role=programevview&pSeq=4339&tab=,https://www.k-startup.go.kr/web/contents/bizpbanc-ongoing.do?schM=view&pbancSn=177883,main,primary,2026경기도ictproduct시험인증지원2차공모,공공기관,20260610~20260624,사업화,사업화
kst,177882,2026 대덕특구 딥테크 혁신성장 플랫폼(전략기술 발굴 및 매칭),새로운 성장동력인 국가전략기술 분야의 시장 선점을 위해 공공기술을 활용하여 신속한 사업화를 추진하는 기업을 지원합니다.,창업,공공기관,전국,"청소년,대학생,일반인,대학,연구기관,일반기업,1인 창조기업","기업,누구나,청년,초기창업기업","만 20세 미만,만 20세 이상 ~ 만 39세 이하,만 40세 이상",,,"1. 대중견기업 오픈이노베이션 프로그램 운영자
2. 중견기업 및 중소기업 신사업 스핀오프 사업부
3. 스타트업 및 중소기업
4. 투자기관/지원기관",,"예비창업자,1년미만,2년미만,3년미만,5년미만,7년미만,10년미만",사업화,20260601,20260731,,,온라인 접수: https://docs.google.com/forms/d/e/1FAIpQLSfVEzugVpfKUMlCAN0ZqPArVro-WH4Rnp6BAMwo_K0vaT0U5Q/viewform,https://www.k-startup.go.kr/web/contents/bizpbanc-ongoing.do?schM=view&pbancSn=177882,main,primary,2026대덕특구딥테크혁신성장플랫폼전략기술발굴및매칭,공공기관,20260601~20260731,사업화,사업화
kst,177881,대중견기업- 스타트업 오픈이노베이션,"서울경제진흥원은 스타트업의 성장을 지원하기 위하여 라이프스타일 분야 대·중견기업의 기술협력 및 투자검토 수요를 검토하여 오픈이노베이션 사업을 운영하고 있습니다.
우수한 기술을 바탕으로 협업, 기술실증(PoC) 또는 투자유치를 희망하는 스타트업의 많은 참여 바랍니다.",창업,공공기관,전국,일반기업,"기업,스타트업","만 20세 미만,만 20세 이상 ~ 만 39세 이하,만 40세 이상",,,모집 분야에 해당하는 설립 10년 미만의 법인사업자,,"1년미만,2년미만,3년미만,5년미만,7년미만,10년미만",사업화,20260601,20260629,,,온라인 접수: https://www.startup-plus.kr/project/PRJ007071,https://www.k-startup.go.kr/web/contents/bizpbanc-ongoing.do?schM=view&pbancSn=177881,main,primary,대중견기업스타트업오픈이노베이션,공공기관,20260601~20260629,사업화,사업화
kst,177880,2026년 ICT 스마트 디바이스 전국 공모전,"과학기술정보통신부가 주최하는 「2026년 ICT 스마트 디바이스 전국 공모전」이 여러분의 참신한 아이디어를 기다립니다. 이번 공모전은 기기 안의 AI가 스스로 판단하고 차세대 통신과 결합해 작동하는 '지능 온디바이스' 분야의 혁신 아이디어를 발굴합니다. 아직 상용화되지 않은 아이디어와 기술을 가진 일반인, 예비창업자, 중소·초기창업 기업이라면 누구나 도전할 수 있으니, 많은 관심과 참여 부탁드립니다.",창업,공공기관,전국,"청소년,대학생,일반인,대학,연구기관,일반기업,1인 창조기업","기업,누구나,예비창업자,청년,초기창업기업","만 20세 미만,만 20세 이상 ~ 만 39세 이하,만 40세 이상",,,"현재 상용화되지 않은 지능 온디바이스(온디바이스 AI, 5G-A/6G 등) 관련 아이디어와 기술을 보유한 일반인 및 예비창업자(팀) 및 중소ㆍ초기창업 기업

- 동일한 아이디어로 정부 및 지자체, 공공기관 등의 공모전에 선정되어 수상 및 지원을 받은 경우 
   - 타인의 지식재산권을 일부라도 침해한 것으로 인정되는 경우
   - 해당 아이디어를 상용화(서비스 런칭, 제품 출시 등) 하여 서비스 중인 경우 
     ※ 알파 및 베타테스트는 상용화로 구분하지 않음
     ※ 기능 및 서비스를 불특정 다수를 상대로 유료로 제공 및 유통 중이거나, ‘정식 출시’ 등의 언론보도 이력이 있는 동일 또는 유사한 아이디어는 상용화 중인 것으로 판단하여 참가제외 대상으로 분류함.
   - 과학기술정보통신부, 정보통신기획평가원, 정보통신산업진흥원 등 정부지원사업 참여제한 등 제재를 받고 있는 경우
     ※ 계약위반, 정산환수금 또는 기술료 미납 등
   - 기타 과학기술정보통신부장관이 참여제한의 사유가 있다고 인정하는 자(기업)
     ※ 현재 수행기관, 대표자, 총괄책임자 등이 참여제재를 받고있는 기업",,"예비창업자,1년미만,2년미만,3년미만,5년미만,7년미만,10년미만",사업화,20260526,20260630,,,온라인 접수: https://www.ondeviceai.or.kr/,https://www.k-startup.go.kr/web/contents/bizpbanc-ongoing.do?schM=view&pbancSn=177880,main,primary,2026년ict스마트디바이스전국공모전,공공기관,20260526~20260630,사업화,사업화
kst,177878,2026년 민간 과학문화 활동 지원사업 모집 공고,"대전과학문화거점센터에서는 대전 지역 기관·단체가 주도하는 과학문화 활동을 적극 발굴 ·지원함으로써, 시민이 체감할 수 있는 과학문화 환경을 함께 만들어가기 위한「2026년 민간 과학문화 활동 지원사업」을 아래와 같이 공모하오니 여러분들의 많은 관심과 참여를 바랍니다.",창업,공공기관,대전광역시,일반기업,기업,"만 20세 미만,만 20세 이상 ~ 만 39세 이하,만 40세 이상",,,"- 대전 내 사업장을 둔 기관·단체
      ① 비영리법인(정부 부처로부터 허가받아 설립된 재단법인, 사단법인) 
      ② 영리법인(기업) 
         ※ 단, 영리를 목적으로 하는 사업은 지원에서 제외
      ③ 협동조합, 협회, 협의회
      ④ 민간 NGO 단체(시민단체, 과학센터 등)
      ⑤ 국공립사립 과학관, 박물관 
      ⑥ 산학협력단
      ⑦ 출연기관 및 학술단체 
      ⑧ 기타 기업 및 단체(스타트업 등)

1) 공고의 지원분야, 자격요건을 충족하지 못하는 경우
2) 대전과학문화거점센터가 지원하는 타 사업(우리동네 과학클럽 등)과 중복 또는 유사한 사업
3) 최근 3년 이내 동일 사업을 수행하였으나 중도에 사업을 포기한 기관·단체",,"예비창업자,1년미만,2년미만,3년미만,5년미만,7년미만,10년미만",사업화,20260518,20260614,,,이메일 접수: 공고문 확인 필요,https://www.k-startup.go.kr/web/contents/bizpbanc-ongoing.do?schM=view&pbancSn=177878,main,primary,2026년민간과학문화활동지원사업모집공고,공공기관,20260518~20260614,사업화,사업화
kst,177877,서울바이오허브 '2026 서울-BMS 이노베이션 스퀘어 챌린지' 참여기업 모집공고,서울특별시가 조성하고 한국과학기술연구원ㆍ고려대학교가 운영하는 ‘서울바이오허브’에서 국내 유망 바이오·헬스케어 분야 스타트업의 글로벌 경쟁력 강화를 위해 「2025 서울-BMS 이노베이션 스퀘어 챌린지」를 운영합니다. 다음과 같이 프로그램의 참여기업을 모집하오니 관심 있는 기업의 많은 신청 바랍니다.,창업,공공기관,서울특별시,"청소년,대학생,일반인,대학,연구기관,일반기업,1인 창조기업","기업,누구나,예비창업자,청년,초기창업기업","만 20세 미만,만 20세 이상 ~ 만 39세 이하,만 40세 이상",,,"바이오·헬스케어 분야 혁신기술을 보유한, 업력 10년 미만 창업기업 및 예비창업자

◦ 국세 또는 지방세 체납 중이거나 부도, 휴·폐업중인 기업
◦ 금융기관 등의 채무불이행 및 부실위험 있는 기업
◦ 기타 주관기관이 참여제한의 사유가 있다고 인정하는 기업",,"예비창업자,1년미만,2년미만,3년미만,5년미만,7년미만,10년미만",사업화,20260601,20260731,,,온라인 접수: https://www.seoulbiohub.kr/front/supportManageReq/supportManageView.do?miv_pageNo=&miv_pageSize=12&total_cnt=&LISTOP=&mode=V&seq=750&searchkey=NAME&search_gb=&gubun=14&&&&link_g_topmenu_id=312&link_g_submenu_id=&link_g_homepage=F,https://www.k-startup.go.kr/web/contents/bizpbanc-ongoing.do?schM=view&pbancSn=177877,main,primary,서울바이오허브2026서울bms이노베이션스퀘어챌린지참여기업모집공고,공공기관,20260601~20260731,사업화,사업화
kst,177876,스타트업 아우토반 코리아 2026 『STARTUP AUTOBAHN KOREA 2026』 참가기업 모집,"미래 혁신 기술을 보유한 스타트업의 발굴 및 협업 기회 제공을 위한 스타트업 아우토반 코리아 2026 『STARTUP AUTOBAHN KOREA 2026』 참가 기업 모집을 다음과 같이 공고하오니, 관심있는 스타트업의 많은 참여 바랍니다.",창업,민간,전국,"대학생,일반인,대학,연구기관,일반기업,1인 창조기업","기업,누구나,스타트업,청년,초기창업기업","만 20세 미만,만 20세 이상 ~ 만 39세 이하,만 40세 이상",,,"모집분야별 혁신 기술 및 비즈니스 모델을 보유한 법인 사업자
(모집분야: Mobility, Customer Experience, Content, DX, AI, Fintech, B2B SaaS, Commerce)",,"1년미만,2년미만,3년미만,5년미만,7년미만,10년미만",사업화,20260528,20260621,,,온라인 접수: https://startup-autobahn.co.kr/,https://www.k-startup.go.kr/web/contents/bizpbanc-ongoing.do?schM=view&pbancSn=177876,main,primary,스타트업아우토반코리아2026startupautobahnkorea2026참가기업모집,민간,20260528~20260621,사업화,사업화
kst,177874,2026-2차 Station C 성장자립지원 로컬라이제이션 모집공고,"수도권 및 타지역의 유망 창업기업이 춘천으로 이전하고, 지역 내에서 안정적으로 정착·성장할 수 있도록 지원하는 글로컬대학30사업 “2026 로컬라이제이션 사업”에 참여할 창업기업을 다음과 같이 모집하오니 많은 관심과 참여 바랍니다.",창업,교육기관,전국,"청소년,대학생,일반인,대학,연구기관,일반기업,1인 창조기업","기업,누구나,청년,초기창업기업","만 20세 미만,만 20세 이상 ~ 만 39세 이하,만 40세 이상",,,"① 협약일 이전 사업자등록증 또는 기업부설연구소 인정서상 소재지가 강원도가 아닌 기업
② 본사 또는 기업부설연구소, 자회사, 지사를 협약 후 6개월 이내에 이전 가능한 기업
③ 「중소기업기본법」제2조제1항에 따른 중소기업으로 10년이내 기업

❍ 지원 제외 대상 업종
① 일반유흥주점업
② 무도유흥주점업
③ 카지노 운영업
④ 기타 사행시설 관리 및 운영업
⑤ 그 밖에 경제질서 및 미풍양속에 현저히 어긋나는 업종으로서 중소벤처기업부령으로 정하는 업종

❍ 신청 제외 대상
- 신청 자격 조건을 충족하지 못하거나 필수 제출서류를 허위 기재·누락 한 경우
- 부도, 휴·폐업기업, 금융기관 등의 채무불이행이 확인된 기업(사채업 포함)
- 세금을 체납 중인 기업, 기타 허위 또는 부정한 방법으로 지원을 신청한 기업
- 파산·회생절차·개인회생 절차의 개시 신청이 이루어진 경우
- 신청기관의 대표자, 과제책임자, 공동책임자가 공고일 기준으로 고용노동부가 공개하는 체불사업주 명단에 포함된 경우
- 공고일 기준 신청기관 또는 대표자가 중소벤처기업부 또는 강원특별자치도 지원사업 참여제한 제재 중이거나 중소벤처기업부 장관 또는 강원특별자치도지사가 참여를 제한할 정당한 사유가 있다고 인정하는 경우",,"예비창업자,1년미만,2년미만,3년미만,5년미만,7년미만,10년미만",사업화,20260528,20260713,,,온라인 접수: https://forms.gle/YsRSjSxaFWK2f23a6,https://www.k-startup.go.kr/web/contents/bizpbanc-ongoing.do?schM=view&pbancSn=177874,main,primary,20262차stationc성장자립지원로컬라이제이션모집공고,교육기관,20260528~20260713,사업화,사업화
kst,177873,창업보육센터 지원,상지대학교 창업보육센터에서 참신한 창업아이디어나 기술력을 가지고 있으면서도 창업 관련 지식과 여건 부족으로 어려움을 겪고 있는 예비창업자 및 입주기업을 모집하오니 많은 관심과 신청을 바랍니다.,시설/공간,교육기관,강원특별자치도,"대학생,일반인,일반기업,1인 창조기업","기업,누구나,예비창업자,청년,초기창업기업","만 20세 이상 ~ 만 39세 이하,만 40세 이상",,,"-예비창업자
-사업 개시한 날로부터 5년이 경과하지 아니한 기업
(※ 입주 후 본사 사업장 주소를 창업보육센터 주소로 이전해야 함. 
  다만, 기업부설연구소, 연구개발전담부서(지사)가 입주하는 경우 본사는 정부 또는 지자체가 지원하는 공간에 입주하지 않아야 함.)",,"예비창업자,5년미만",시설ㆍ공간ㆍ보육,20260528,20260610,,,이메일 접수: 공고문 확인 필요,https://www.k-startup.go.kr/web/contents/bizpbanc-ongoing.do?schM=view&pbancSn=177873,main,primary,창업보육센터지원,교육기관,20260528~20260610,시설ㆍ공간ㆍ보육,시설ㆍ공간ㆍ보육
kst,177872,2026 서울-보스턴 스타트업 허브 액셀러레이션 프로그램 참여기업 모집공고,"한국과학기술연구원과 고려대학교한국과학기술연구원과 고려대학교가 운영하는 서울바이오허브에서 2026 서울-보스턴 스타트업 허브 액셀러레이션 프로그램에 참여할 기업을 다음과 같이 모집하오니, 관심있는 기업들의 많은 신청 바랍니다.",창업,공공기관,서울특별시,일반기업,"기업,스타트업","만 20세 이상 ~ 만 39세 이하,만 40세 이상",,,"❶현지 프로그램 일정에 모두 참가할 수 있는 ❷서울 소재의 ❸Therapeutics 또는 Drug delivery system 분야 ❹10년* 미만 바이오·의료 창업기업
❶ 지원사항 세부내용 참조
❷ 본사, 지사, 기업부설연구소 등 형태는 무관하나 법인명 서울 소재지 주소를 확인할 수 있는 증빙 자료 제출 필요
❸ 제약 및 바이오 기술만 해당, 의료기기 및 디지털헬스케어 기술은 제외 
❹ 10년 기준 : 공고일기준 법인설립등기일(법인등기부등본 기준) 2016.5.28. 이후

◦ 지원 대상 외 기업 (창업 10년 이상이거나 모집 분야이거나 상장한 기업일 경우 등)
◦ 자격 요건 미달 기업(사업장이 서울 이외 소재 기업 등)
◦ 부도, 화의, 법정관리 중인 기업 및 기관
◦ 국세 및 지방세 체납중인 기업 및 기관
◦ 금융 불량거래처로 규제중인 기업, 기관 및 대표자
◦ 기존 정부 및 서울시 사업 부실판정, 참여제한 등으로 제재중인 기업이나 기관
◦ 수행 실적 확인이 불분명하거나 허위 서류를 제출한 기업 및 기관
◦ 접수시간 내 제출서류 미제출, 제출양식 미준수인 경우
◦ 허위 또는 그 밖의 부정한 방법으로 신청 서류를 제출한 경우
◦ 기존에 서울바이오허브에서 지원하는 사업 참여시 불성실하게 수행(참여)하였거나, 부정한 행위를 한 이력이 있는 경우
◦ 기타 본 사업 목적 및 지원분야 등으로 적정하지 않다고 판단되는 경우",,10년미만,사업화,20260528,20260607,,,온라인 접수: https://www.seoulbiohub.kr/front/supportManageReq/supportManageView.do?seq=773&gubun=14,https://www.k-startup.go.kr/web/contents/bizpbanc-ongoing.do?schM=view&pbancSn=177872,main,primary,2026서울보스턴스타트업허브액셀러레이션프로그램참여기업모집공고,공공기관,20260528~20260607,사업화,사업화
kst,177871,지역창업특화지원,문경시농업기술센터가 주관하고 문경대학교산학협력단이 참여하여 운영하는 『문경시 1인 창조기업 지원센터』에서는 아래와 같이 신규 입주기업을 모집하오니 창의적인 아이디어를 보유한 (예비)창업자 분들의 많은 신청 바랍니다.,시설/공간,교육기관,경상북도,"대학생,일반인,1인 창조기업","누구나,예비창업자,청년,초기창업기업","만 20세 이상 ~ 만 39세 이하,만 40세 이상",,,"입주 후 주 사업장 소재지를 ‘문경시 1인 창조기업 지원센터’로 등록(또는 이전)할 수 있는 자로서, 다음의 기준 중 하나 이상을 충족하는 자 
 ◦ 「1인 창조기업 육성에 관한 법률」에 의한 1인 창조기업
 ◦ 입주 후 6개월 이내에 지원대상 업종으로 창업이 가능한 예비창업자

<주 사업장 소재지에 관한 예외 규정>
1. 원칙적으로 지사는 입주가 불가능하나, 센터 내 시설을 활용하거나 공동연구를 위해 기업부설연구소 또는 연구개발전담부서(지사)가 입주하는 경우는 본사가 입주한 것으로 간주함
2. 기존 입주기업에 한하여, 공장설립 및 신규고용에 따른 공간확보 등의 사유로 본사 이전이 불가피한 경우, 전담기관(한국창업보육협회)과 협의 후 주소 변경 가능

◦ 국세 또는 지방세 체납으로 규제 중인 자
◦ 금융기관 등으로부터 채무불이행으로 규제 중인 자
◦ 타 직장에 재직 중인 자(타 직장 4대보험 가입자) * 단, 센터 사전승인이 있는 경우에는 입주 가능",,"예비창업자,1년미만,2년미만,3년미만,5년미만,7년미만,10년미만",시설ㆍ공간ㆍ보육,20260601,20260615,,,이메일 접수: 공고문 확인 필요,https://www.k-startup.go.kr/web/contents/bizpbanc-ongoing.do?schM=view&pbancSn=177871,main,primary,지역창업특화지원,교육기관,20260601~20260615,시설ㆍ공간ㆍ보육,시설ㆍ공간ㆍ보육
kst,177870,로컬 기반 패션 브랜드 창업지원,"(재)대전디자인진흥원에서는 지역 기반 패션 브랜드의 발굴과 성장을 지원하고 창의적인 패션 상품 개발을 촉진하기 위해 「로컬 기반 패션 브랜드 창업지원」
참가자를 모집하오니 많은 관심과 참여 바랍니다.",창업,지자체,대전광역시,"대학생,일반인,대학","누구나,예비창업자,청년",만 20세 이상 ~ 만 39세 이하,20,39,"○ 지역 내에서 패션브랜드를 창업했거나 할 계획이 있는 *청년 및 지역 내 대학 졸업생(재학생 등)
      *청년 : 공고일 기준 만 39세 이하
---------------------------------------------------------------------------------------------------------------------------------
○ 예비창업자 및 기창업자
- 예비창업자 : 공고일 기준 주민등록상 주소지가 대전이거나 대전 지역 대학 졸업생(재학생 등)
* 신청자 명의의 사업자 등록 및 법인 설립 등기를 하지 않은 자
1) 예비창업자는 선정 후 협약일 전까지 사업자를 등록 必 (기업 소재지 : 대전)
2) 등록 업태 및 종목: 패션 관련(아래내용 참고) * 실제 패션 브랜드 기획, 패션 상품 제작·유통 등 진행(단순 도소매, 유통대행, 플랫폼 셀러 등은 불인정)
3) 협약일 전까지 사업자등록이 안되었을 경우 선정을 자동으로 취소하며차순위자를 대체 선정하여 지원(사유 불인정)
※ 다수의 사업자등록증(개인‧법인)을 보유한 경우, 중소기업창업 지원법 시행령 제2조(창업의 범위)에 따른 신청자격(창업) 적합여부 확인 
      필수 
※ 동 사업에 신청하는 사업자 기준으로 이전에 개시한 사업자(개인, 법인)와의 창업 여부 확인 필수

- 기창업자 : 신청일 기준 사업자등록상 소재지가 대전인 기업
1) 공고일 기준 사업자등록일로부터 만 3년이 경과하지 않은기업(개인, 법인)
2) 패션, 의류, 액세서리 등을 다루는 패션 관련 브랜드 운영 기업
3) 브랜드 기획 및 디자인 기반의 패션 브랜드 보유 기업(단순 도소매, 유통대행, 플랫폼 셀러 등 불인정)
4) 신청일 기준 실제 사업을 운영 중이며 매출 발생 이력이 확인 가능한 기업 (매출액 제한 없으나, 객관적 증빙이 가능한 매출 실적만 인정)

○ 세부 지원 분야
- 패션의류: 의류 관련 제품 (정장, 일상복, 잠옷, 운동복, 수영복, 골프웨어 등)
- 패션 잡화: 패션잡화 관련 제품(신발, 모자, 가방, 양말, 벨트, 장갑, 목도리 등)
- 패션 악세사리: 패션 악세사리 관련 제품(머리핀, 밴드, 반지, 목걸이, 팔찌, 안경 등)

○ 아래 지원 제외대상에 해당하는 경우, 선정된 이후라도 해당 사실이 발견될 시 선정이 취소될 수 있음
1) 부도,파산,회생절차,개인회생절차 개시 신청이 이루어진 경우
2) 국세 및 지방세를 체납 중인 경우
3)「신용정보의 이용 및 보호에 관한 법률」제4조에 따라 허가 받은 신용정보회사에서 기업채무 불이행 등 비정상 또는 불량 거래처로 확인된     
     경우
4) 휴.폐업 중인 경우
5) 국가연구개발사업의 참여 제한 등 제재 조치 중인 경우
6) 신청기업 중 동일 사업계획으로 정부·지자체·공공기관의 지원을 받은 경우
7) 최근 2개년도 결산(확정 재무제표에 한함)기준 자본전액잠식
8) 공고일로부터 3년 이내에 동일 과제로 정부‧지자체‧공공기관의 지원을 받은 경우
    (중소벤처기업부의중소기업통합관리시스템(www.sims.go.kr)에 의한 최근 3년(당해 연도 포함)간 정부지원이력 조회 등 포함)
9)「보조금법」에 제31조의 2에 따라 수행배제 중인 경우
10) 제출된 서류가 허위,위변조,그 밖의 방법으로 부정하게 작성된 경우 
11)기타 지원사업의 지원대상 기준 등에 결격사유가 있는 경우",,"예비창업자,1년미만,2년미만,3년미만",창업교육,20260528,20260601,,,이메일 접수: 공고문 확인 필요,https://www.k-startup.go.kr/web/contents/bizpbanc-deadline.do?schM=view&pbancSn=177870,main,primary,로컬기반패션브랜드창업지원,지자체,20260528~20260601,창업교육,창업교육
kst,177869,LH 창업카페 운영자 모집공고,LH 경기남부지역본부 오리사옥 1층 창업카페 신규 운영자를 다음과 같이 공고하오니 공고문 참고하시어 신청해주시기 바랍니다.,창업,공공기관,경기도,일반인,누구나,만 20세 이상 ~ 만 39세 이하,20,39,"모집공고일(&apos;26.05.28) 현재 19세 이상 39세 이하이며 그 외 공고문 내 지원 자격요건을 모두 충족하는 자 또는 팀
※ 자세한 내용은 공고문을 참고하시기 바랍니다.

공고문 참고",,"예비창업자,1년미만,2년미만,3년미만,5년미만,7년미만,10년미만",사업화,20260528,20260619,,,이메일 접수: 공고문 확인 필요,https://www.k-startup.go.kr/web/contents/bizpbanc-ongoing.do?schM=view&pbancSn=177869,main,primary,lh창업카페운영자모집공고,공공기관,20260528~20260619,사업화,사업화
kst,177868,2026년 사회적기업 창업지원사업,사회적기업 창업·재창업 및 전환을 지원하기 위한 「2026년도 사회적기업 창업지원사업」 창업팀을 다음과 같이 추가모집합니다.,창업,민간,전국,"일반인,일반기업","기업,누구나,사회적기업","만 20세 미만,만 20세 이상 ~ 만 39세 이하,만 40세 이상",,,"1. 창업 5년 초과 법인사업자로써, 사회적 목적 중심의 정관 및 조직형태로의 전환이 가능하고 사회적기업 진입을 위한 매출, 고용, 서비스 등 사업실적을 보유한 경우
2. 11~23년 [사회적기업가 육성사업] 협약종료시점 법인을 설립한 졸업팀 중 폐업, 부진 등 실패 경험을 보유한 자 또는 기업",,"7년미만,10년미만",사업화,20260528,20260609,,,온라인 접수: https://www.seis.or.kr/subPage.do?menuId=30801,https://www.k-startup.go.kr/web/contents/bizpbanc-ongoing.do?schM=view&pbancSn=177868,main,primary,2026년사회적기업창업지원사업,민간,20260528~20260609,사업화,사업화
kst,177867,<2026  콘텐츠 스타트업 글로벌 엑셀러레이팅 프로그램(론치패드)> 참가기업 모집,2026 콘텐츠 스타트업 글로벌 엑셀러레이팅 프로그램(론치패드) 참가기업을 모집하오니 많은 신청 바랍니다.,판로/수출,공공기관,전국,일반기업,"기업,스타트업","만 20세 이상 ~ 만 39세 이하,만 40세 이상",,,"글로벌 비즈니스 모델을 갖춘 2019년 이후 국내 법인 등기를 완료한 콘텐츠 스타트업
※ 법인 등기부등본상의 회사설립 연원일이 2019년 이후여야함",,7년미만,판로ㆍ해외진출,20260528,20260610,,,"온라인 접수: http://welcon.kocca.kr/
기타 접수: Welcon 홈페이지를 통한 참가신청이 필수이며, 기입한 내용을 바탕으로 평가를 진행하므로 정확하고 상세한 내용으로 작성해주시기 바랍니다.
(행사 성격에 맞게 기업정보 업데이트 필수)
1. 론치패드 미국 : https://welcon.kocca.kr/ko/event/launchpad-2026-in-usa--543
2. 론치패드 UAE : https://welcon.kocca.kr/ko/event/launchpad-2026-in-uae--544
3. 론치패드 싱가포르 : https://welcon.kocca.kr/ko/event/launchpad-2026-in-singapore--545",https://www.k-startup.go.kr/web/contents/bizpbanc-ongoing.do?schM=view&pbancSn=177867,main,primary,2026콘텐츠스타트업글로벌엑셀러레이팅프로그램론치패드참가기업모집,공공기관,20260528~20260610,판로ㆍ해외진출,판로ㆍ해외진출
kst,177866,「Kingo Seoul Springboard Program」1기,"서울경제진흥원(SBA) 서울창업허브 공덕과 KingoSpring은 서울 소재 유망 초기창업기업의 투자유치 역량 강화와 지속적인 성장 기반 조성을 지원하기 위해 「Kingo Seoul Springboard Program」1기를 모집합니다.
본 프로그램은 서울에 본사·지점·연구소 등 사업장을 보유한 창업 7년 이내 기업을 대상으로, 성장 잠재력과 사업화 가능성을 갖춘 초기창업기업을 선발하여 직접투자, 후속투자 연계, TIPS·LIPS 추천 연계, 입주추천, 맞춤형 컨설팅 및 데모데이 참가 지원 등 기업 성장 단계에 필요한 액셀러레이팅 프로그램을 제공합니다.",창업,민간,서울특별시,"청소년,대학생,일반인,대학,연구기관,일반기업,1인 창조기업","기업,누구나,청년,초기창업기업","만 20세 미만,만 20세 이상 ~ 만 39세 이하,만 40세 이상",,,"1. 서울에 본사, 지점, 연구소 등 사업장을 보유한 창업 7년 이내 기업
2. 바이오, 블록체인을 제외한 기술기반 스타트업

법인 설립 7년 초과 기업",,"예비창업자,1년미만,2년미만,3년미만,5년미만,7년미만",사업화,20260528,20260615,,,온라인 접수: https://forms.gle/uZSsFHAj55Gxq2eP8,https://www.k-startup.go.kr/web/contents/bizpbanc-ongoing.do?schM=view&pbancSn=177866,main,primary,kingoseoulspringboardprogram1기,민간,20260528~20260615,사업화,사업화
kst,177865,CES 참가 지원 사업,"대전광역시와 (재)대전창조경제혁신센터에서는 글로벌 진출을 희망하는 관내 창업·성장기업을 지원하기 위해 
「CES 2027 대전통합관」에 참가할 기업을 아래와 같이 모집하오니 많은 관심과 참여 바랍니다.",행사/네트워크,공공기관,대전광역시,일반기업,기업,"만 20세 미만,만 20세 이상 ~ 만 39세 이하,만 40세 이상",,,"◦ (모집규모) 24개사 내외
 ◦ (모집대상) 대전 전략산업 분야 등 혁신 기술을 보유한 창업·성장기업 
   - Eureka Park : 대전통합관 조성·운영을 통한 참가 지원
   - Global Pavillion : KOTRA 주관 통합한국관 참가 지원
◦ (일반사항)
- 공고일 기준 대전지역 소재지 기업(본사, 지사, 연구소 등)
- 글로벌 진출이 가능한 우수한 기술력을 보유한 기업
- 전시가 가능한 제품이나 서비스를 보유한 기업
- 영어 PT가 가능한 인력을 보유한 기업

- 2026년 현재 타 지자체 및 기관 등에서 CES 2027 관련 지원 대상으로 선정되어 협약을 체결한 경우(중단(중단처분·중도포기자) 포함)
- 국세 또는 지방세를 체납 중 이거나 부도, 휴·폐업인 기업
- 금융기관 등 채무불이행 및 부실 위험이 있는 기업
- 해외여행 결격사유 등이 있는 기업
※ 이외 세부 제외대상 공고문 확인",,"1년미만,2년미만,3년미만,5년미만,7년미만,10년미만",행사ㆍ네트워크,20260528,20260617,,,이메일 접수: 공고문 확인 필요,https://www.k-startup.go.kr/web/contents/bizpbanc-ongoing.do?schM=view&pbancSn=177865,main,primary,ces참가지원사업,공공기관,20260528~20260617,행사ㆍ네트워크,행사ㆍ네트워크
kst,177864,"[방송미디어통신위원회, 한국인터넷진흥원]2026 위치정보 맞춤형 컨설팅 참여기업 모집(상시)","안녕하십니까.
방송미디어통신위원회와 한국인터넷진흥원(KISA)에서 위치정보 산업의 (예비)창업자 및 스타트업, 중소 위치정보사업자 등을 대상으로 「2026 위치정보 맞춤형 컨설팅」을 운영하고 있습니다.
맞춤형 컨설팅 계획을 다음과 같이 안내하오니 참여를 희망하시는 분께서는 안내에 따라 신청하시기 바랍니다.",교육/멘토링,민간,전국,"청소년,대학생,일반인,대학,연구기관,일반기업,1인 창조기업","기업,누구나,청년,초기창업기업","만 20세 미만,만 20세 이상 ~ 만 39세 이하,만 40세 이상",,,"- 위치정보 산업에 진출하려는 (예비)창업자 또는 스타트업
- 중소 위치정보사업자, 위치기반서비스 사업자
※ 대기업 제외",,"예비창업자,1년미만,2년미만,3년미만,5년미만,7년미만",멘토링ㆍ컨설팅ㆍ교육,20260511,20261130,,,온라인 접수: www.korealbs.or.kr,https://www.k-startup.go.kr/web/contents/bizpbanc-ongoing.do?schM=view&pbancSn=177864,main,primary,방송미디어통신위원회한국인터넷진흥원2026위치정보맞춤형컨설팅참여기업모집상시,민간,20260511~20261130,멘토링ㆍ컨설팅ㆍ교육,멘토링ㆍ컨설팅ㆍ교육
kst,177863,2026년 여성 CEO 비즈니스 아카데미 충청권역 시즌1,"안녕하세요. 2026년, 기업의 변화와 성장을 준비하는 여성 CEO 여러분!
2026년은 정책, 경제, 트렌드, 기술 등 다양한 분야에서 큰 변화가 이루어지고 있으며, 이에 발맞춰 새로운 성장 전략을 준비해야 할 중요한 시기입니다.「2026 여성 CEO 비즈니스 아카데미 권역별 교육」은 기업의 다음 단계 성장을 고민하는 여성 CEO들에게 실질적이고 의미 있는 인사이트를 제공하기 위해 마련된 권역별 오픈특강입니다. 서울권역, 호남권역에 이어 충청권역 시즌 1을 진행합니다. 많은 관심 및 참여 부탁드립니다.",교육/멘토링,민간,세종특별자치시,"일반인,연구기관,일반기업,1인 창조기업","기업,누구나,여성,초기창업기업","만 20세 이상 ~ 만 39세 이하,만 40세 이상",,,기업의 성장을 고민하는 여성CEO(여성임원포함) 총 80명 / 선착순마감,,"1년미만,2년미만,3년미만,5년미만,7년미만,10년미만",멘토링ㆍ컨설팅ㆍ교육,20260528,20260616,,,온라인 접수: https://forms.gle/DbJ1FE9537b7VGBY9,https://www.k-startup.go.kr/web/contents/bizpbanc-ongoing.do?schM=view&pbancSn=177863,main,primary,2026년여성ceo비즈니스아카데미충청권역시즌1,민간,20260528~20260616,멘토링ㆍ컨설팅ㆍ교육,멘토링ㆍ컨설팅ㆍ교육
kst,177862,[ZUZU X 포스텍홀딩스] TIPS 희망 기업 IR 집중검토,ZUZU X 포스텍홀딩스에서 TIPS를 희망하는 딥테크 스타트업을 찾습니다.,창업,민간,전국,일반기업,기업,"만 20세 미만,만 20세 이상 ~ 만 39세 이하,만 40세 이상",,,"※모집 조건
- 창업 7년 이내 법인사업자
- TIPS 희망 기업
- Data·AI, Robotics·Physical AI, 반도체·전기전자·첨단소재·에너지, 바이오, 항공·우주 등 딥테크 분야",,"예비창업자,1년미만,2년미만,3년미만,5년미만,7년미만,10년미만",사업화,20260601,20260621,,,온라인 접수: https://zuzu.network/resource/promotion/26-postechholdings-deal-sourcing/,https://www.k-startup.go.kr/web/contents/bizpbanc-ongoing.do?schM=view&pbancSn=177862,main,primary,zuzux포스텍홀딩스tips희망기업ir집중검토,민간,20260601~20260621,사업화,사업화
kst,177861,2026년 6월 ZUZU 피칭데이 (딥테크 스타트업),"뛰어난 기술로 새로운 시장을 만들어갈 여러분의 도전을 기다립니다.
기술보증기금, 신용보증기금에서 딥테크 스타트업을 찾습니다.
일상을 바꾸는 뛰어난 기술로 프라이빗 피칭 기회를 잡으세요!
- 최종 선정을 받으면, 투자사 2곳과 2:1로 프라이빗하게 만나요.
- ZUZU 회원가입, IR 업로드만 하면 간단하게 무료 신청할 수 있어요.
- 피칭데이에 지원하면 ZUZU에 등록된 400여 개 VC에게도 기업이 노출돼요.",행사/네트워크,민간,전국,"연구기관,일반기업,1인 창조기업","기업,스타트업,초기창업기업","만 20세 미만,만 20세 이상 ~ 만 39세 이하,만 40세 이상",,,"※지원 자격
- 설립 5년 이내 (필수)
- 본점 주소지가 지방인 기업 (우대)
- AI, 반도체, 바이오, 이차전지, 디스플레이, 로보틱스, 방산 분야",,"예비창업자,1년미만,2년미만,3년미만,5년미만",행사ㆍ네트워크,20260529,20260617,,,온라인 접수: https://zuzu.network/resource/promotion/26y-june-zuzu-pitching-day/,https://www.k-startup.go.kr/web/contents/bizpbanc-ongoing.do?schM=view&pbancSn=177861,main,primary,2026년6월zuzu피칭데이딥테크스타트업,민간,20260529~20260617,행사ㆍ네트워크,행사ㆍ네트워크
kst,177860,2026 광운 Startup SEED Challenge,광운대학교 RISE사업단에서는 「광운 Startup SEED Challenge」추가모집과 관련하여 참신한 창업아이템으로 창업에 도전하는 참가자를 모집하오니 많은 참여 바랍니다.,시설/공간,교육기관,서울특별시,"대학생,일반인,일반기업,1인 창조기업","기업,누구나,예비창업자,청년,초기창업기업",만 20세 이상 ~ 만 39세 이하,20,39,"□예비창업자및7년이내기창업자(대표자39세이하)
(단, 광운대교내창업(교원,학생,동문) 및외국인유학생창업자는연령제한조건없음)
※청년정책제대군인우대지원에따른연령상한한도상향 
※신산업창업분야의중소기업의경우업력10년이하

ㅇ 서울 캠퍼스타운 사업의 타 창업공간에 입주하여 지원사업을 수혜 중인 자 다만, 입주개시일 이전에 사업 수혜기간이 종료되거나 사업을 중도포기한 자는 신청 가능
  ㅇ 서울시 캠퍼스타운 사업에서 문제가 있어 퇴거조치된 기업
  ㅇ 금융기관 등으로부터 채무불이행으로 규제중인 자 또는 국세 혹은 지방세를 체납 중인 자 다만, 신용회복위원회의 사전채무조정(프리워크아웃), 개인워크아웃에서 채무조정합의서를 체결한 경우, 법원의 개인회생제도에서 변제계획인가를 받거나 파산면책 선고자, 회생인가를 받은 기업, 중소기업진흥공단 등으로부터 재창업자금을 지원받은 경우, 세금분납 계획에 따른 성실 납부기업(인), 정부지원 협약 전까지 세금완납기업(인), 정부 공공기관으로부터 재기지원 필요성을 인정받은 기업(인), 건강관리시스템기업구조 개선 진단을 통한 정상화 의결기업은 신청 가능
  ㅇ 신청일 현재 휴업중인 기업
  ㅇ 소음, 악취 등 환경오염 및 공해 유발업종
  ㅇ 중소기업창업 지원법 상 창업에 해당하지 않는 경우
  ㅇ ｢중소기업 창업지원법 시행령｣ 제4조(창업에서 제외되는 업종)에 해당하는 기업
  ㅇ 입주 불가 업종으로 창업하려는 자 또는 기업
     - 입주 불가 업종 : 부동산업, 유흥업, 단순 점포창업 등
     - 건축물 용도 변경이 필요한 업종(식품유통전문판매, 의료기기판매, 출판인쇄업 등)
  ㅇ 기타 사업수행에 현격한 결격사유가 있는 자 또는 기업으로 참여 제한 사유가 있다고 서울시장 및 광운대 RISE사업단에서 인정하는 경우",,"예비창업자,1년미만,2년미만,3년미만,5년미만,7년미만",시설ㆍ공간ㆍ보육,20260601,20260615,,,온라인 접수: https://forms.gle/P8G5iKi25QkhrSEr7,https://www.k-startup.go.kr/web/contents/bizpbanc-ongoing.do?schM=view&pbancSn=177860,main,primary,2026광운startupseedchallenge,교육기관,20260601~20260615,시설ㆍ공간ㆍ보육,시설ㆍ공간ㆍ보육
kst,177859,의왕시 창업지원공간 유니콘로드(1인창조기업지원센터) 운,2026년 의왕시 창업지원공간 유니콘로드(1인창조기업지원센터)와 함께 할 창업기업을 아래와 같이 모집합니다.,시설/공간,공공기관,경기도,"청소년,대학생,일반인,대학,연구기관,일반기업,1인 창조기업","기업,누구나,청년,초기창업기업","만 20세 미만,만 20세 이상 ~ 만 39세 이하,만 40세 이상",,,"예비/기창업자, 1인창조기업 *업력 및 나이 제한 없음",,"예비창업자,1년미만,2년미만,3년미만,5년미만,7년미만,10년미만",시설ㆍ공간ㆍ보육,20260528,20260615,,,이메일 접수: 공고문 확인 필요,https://www.k-startup.go.kr/web/contents/bizpbanc-ongoing.do?schM=view&pbancSn=177859,main,primary,의왕시창업지원공간유니콘로드1인창조기업지원센터운,공공기관,20260528~20260615,시설ㆍ공간ㆍ보육,시설ㆍ공간ㆍ보육
kst,177858,글로벌 스타트업 서밋(싱가포르) 1:1밋업 및 세미나 참여기업 모집,"인천창조경제혁신센터에서는 킬사글로벌(KILSA Global), AUMOVIO와 함께 국내 기술 기반 스타트업의 싱가포르 및 ASEAN 시장 진출, 글로벌 오픈이노베이션 협력 기회 확대를 위한 「2026 제5회 글로벌 스타트업 써밋 – 싱가포르」를 개최합니다.
이번 글로벌 스타트업 써밋은 단순한 해외시장 소개 세미나를 넘어, “PoC 이후 어떻게 실제 사업화와 매출로 연결할 것인가”를 중심으로 진행됩니다.
특히 이번 회차에서는 싱가포르 및 ASEAN 시장에서의 사업 실행 경험을 보유한 KILSA Global과 함께, ASEAN 시장 내 실제 사업화 구조와 현지 파트너십 전략을 공유할 예정이며, 글로벌 모빌리티 기업 AUMOVIO와 함께 실제 글로벌 기업이 어떤 기술을 찾고 있으며, 어떤 방식으로 스타트업과 협업을 검토하는지에 대한 사례 중심의 세션도 함께 진행될 예정입니다.
또한 세미나 이후에는 KILSA Global 및 AUMOVIO와의 Private 1:1 Business Meetup을 통해 실제 협업 가능성 및 글로벌 사업 연계 방향도 함께 논의할 예정입니다.
싱가포르 및 동남아시아 시장 진출과 글로벌 기업 협업에 관심 있는 국내 스타트업 여러분의 많은 관심과 신청 부탁드립니다",판로/수출,공공기관,전국,"청소년,대학생,일반인,대학,연구기관,일반기업,1인 창조기업","기업,누구나,스타트업,청년,초기창업기업","만 20세 미만,만 20세 이상 ~ 만 39세 이하,만 40세 이상",,,"✔️ 참여대상
 - 싱가포르 및 ASEAN 시장 진출 희망 스타트업
 - 글로벌 오픈이노베이션 및 대기업 협업 희망 기업
 - AI, Mobility, Security, IoT, Data, Healthcare 등 기술 기반 기업",,"예비창업자,1년미만,2년미만,3년미만,5년미만,7년미만,10년미만",글로벌,20260528,20260612,,,온라인 접수: http://forms.gle/qHtP5JeqZBD3ToFi8,https://www.k-startup.go.kr/web/contents/bizpbanc-ongoing.do?schM=view&pbancSn=177858,main,primary,글로벌스타트업서밋싱가포르11밋업및세미나참여기업모집,공공기관,20260528~20260612,글로벌,글로벌
kst,177857,26년 6월 스타트업 언론 홍보 지원사업 참가사 모집 공고(1차),스타트업 전문 매체 『스타트업데일리』에서 홍보에 어려움을 겪는 예비창업자/스타트업의 홍보 지원을 위해 다음과 같이 공고하오니 많은 참여 바랍니다.,창업,민간,전국,"청소년,대학생,일반인,대학,연구기관,일반기업,1인 창조기업","기업,누구나,스타트업,예비창업자,청년,초기창업기업","만 20세 미만,만 20세 이상 ~ 만 39세 이하,만 40세 이상",,,"1. 예비창업자
2. 창업 7년 이내 초기 기업

1. 이미 배포된 보도자료(중복)·동일한 내용으로 재보도(반복) 배포 불가
2. 단순 제품 홍보(건강기능식품, 화장품 등), 프로모션 홍보 등 과도한 광고성 문안 게재 불가",,"예비창업자,1년미만,2년미만,3년미만,5년미만,7년미만",사업화,20260601,20260615,,,이메일 접수: 공고문 확인 필요,https://www.k-startup.go.kr/web/contents/bizpbanc-ongoing.do?schM=view&pbancSn=177857,main,primary,26년6월스타트업언론홍보지원사업참가사모집공고1차,민간,20260601~20260615,사업화,사업화
kst,177856,[SWITCH2026 전시부스 및 싱가포르 진출 지원] ‘Plug in : Singapore #11’참가 스타트업 모집공고,(재)부산창조경제혁신센터에서는 지역 스타트업 대상 글로벌 역량강화 프로그램 운영을 위한 ‘Plug in : Singapore #11’에 참가할 스타트업을 다음과 같이 모집합니다.,판로/수출,공공기관,부산광역시,"일반인,일반기업,1인 창조기업","기업,누구나,스타트업,초기창업기업","만 20세 미만,만 20세 이상 ~ 만 39세 이하,만 40세 이상",,,싱가포르 진출을 희망하는 부산시 소재 7년 이내 스타트업,,7년미만,판로ㆍ해외진출,20260528,20260607,,,온라인 접수: https://busanstartup.kr/biz_sup/2106?mcode=biz02&pageNo=1&deadline=N&deleteYn=N&s_orderby=regi&s_desc=desc,https://www.k-startup.go.kr/web/contents/bizpbanc-ongoing.do?schM=view&pbancSn=177856,main,primary,switch2026전시부스및싱가포르진출지원pluginsingapore11참가스타트업모집공고,공공기관,20260528~20260607,판로ㆍ해외진출,판로ㆍ해외진출
kst,177855,서초창업스테이션 운영 사업,예비·초기 소상공인의 성장 기반 마련을 위한 분야별 맞춤형 창업 경영 컨설팅을 제공하니 예비·초기 소상공인의 많은 관심과 신청 바랍니다.,시설/공간,민간,서울특별시,"대학생,일반인,대학,일반기업,1인 창조기업","기업,누구나,청년,초기창업기업","만 20세 미만,만 20세 이상 ~ 만 39세 이하,만 40세 이상",,,컨설팅을 희망하는 예비·초기 소상공인,,"예비창업자,1년미만,2년미만,3년미만,5년미만,7년미만",시설ㆍ공간ㆍ보육,20260528,20260624,,,온라인 접수: https://www.xn--2i4bieu3bszgvtc6wlunby2r.com/sub_program/operate_view.php?idx=44,https://www.k-startup.go.kr/web/contents/bizpbanc-ongoing.do?schM=view&pbancSn=177855,main,primary,서초창업스테이션운영사업,민간,20260528~20260624,시설ㆍ공간ㆍ보육,시설ㆍ공간ㆍ보육
kst,177854,2026 KAIST OverEdge(오엣) 참가자 모집 공고,AI를 창업 파트너로 활용하여 1인 (예비)창업자의 초기 시장진입 및 글로벌 유니콘 기업으로의 성장을 가속화하고자 ｢2026 KAIST OverEdge(오엣)｣ 사업을 다음과 같이 공고합니다.,교육/멘토링,교육기관,전국,"청소년,대학생,일반인,1인 창조기업","누구나,예비창업자,청년,초기창업기업","만 20세 미만,만 20세 이상 ~ 만 39세 이하,만 40세 이상",,,"AI 활용/개발을 통한 창업을 희망하는 전국 1인 예비창업자 및 기창업자

① 금융기관 등으로부터 채무불이행으로 규제 중인 자
② 국세 또는 지방세 체납으로 규제중인 자
③ 「중소기업창업 지원법 시행령」제4조(창업에서 제외되는 업종)의 업종을 영위하고자 하는 자
④ 타 사업 참여 사유로 본 프로그램 일정 참여가 어려운 자
⑤ 타인의 지식재산권을 침해하거나 침해할 우려가 있는 아이디어(아이템)
⑥ 창업지원사업 참여제한 제재 중인 자
⑦ 기타 창업원장이 참여 제한의 사유가 있다고 인정하는 자",,"예비창업자,1년미만,2년미만,3년미만,5년미만,7년미만,10년미만",멘토링ㆍ컨설팅ㆍ교육,20260518,20260615,,,온라인 접수: kaist-overedge.com/,https://www.k-startup.go.kr/web/contents/bizpbanc-ongoing.do?schM=view&pbancSn=177854,main,primary,2026kaistoveredge오엣참가자모집공고,교육기관,20260518~20260615,멘토링ㆍ컨설팅ㆍ교육,멘토링ㆍ컨설팅ㆍ교육
kst,177853,항공우주기술 기반 예비창업자 지원사업 「2026 STAR-Exploration」,항공.우주 기술을 기반으로 사업모델을 발굴하여 시제품 제작 및 자금조달 등의 사업 고도화 지원을 희망하는 우수 예비창업자들을 모집합니다.,교육/멘토링,민간,전국,"청소년,대학생,일반인,대학","누구나,예비창업자,청년","만 20세 미만,만 20세 이상 ~ 만 39세 이하,만 40세 이상",,,"항공, 우주 기술에 관심있고, 관련 사업모델을 구상하고 있는 누구나[대학(원)생, 직장인, 일반인 등]
*단, 사업자등록이 되어 있지 않아야 하며, 국세청 홈택스 발급 “사업자등록 사실증명원” 제출 필수

사업자등록 완료한 자",,예비창업자,멘토링ㆍ컨설팅ㆍ교육,20260521,20260610,,,이메일 접수: 공고문 확인 필요,https://www.k-startup.go.kr/web/contents/bizpbanc-ongoing.do?schM=view&pbancSn=177853,main,primary,항공우주기술기반예비창업자지원사업2026starexploration,민간,20260521~20260610,멘토링ㆍ컨설팅ㆍ교육,멘토링ㆍ컨설팅ㆍ교육
kst,177852,2026 제2회 판다포럼 개최,경기도 4차산업혁명센터에서 판다포럼을 개최하오니 참가를 희망하는 개인•단체•기업은 하단 온라인 사이트를 통해 참가신청을 부탁드립니다.,행사/네트워크,공공기관,전국,"청소년,대학생,일반인,대학,연구기관,일반기업,1인 창조기업","기업,누구나,청년,초기창업기업","만 20세 미만,만 20세 이상 ~ 만 39세 이하,만 40세 이상",,,포럼 주제에 관심 있는 분(100명 限),,"예비창업자,1년미만,2년미만,3년미만,5년미만,7년미만,10년미만",행사ㆍ네트워크,20260527,20260609,,,온라인 접수: https://pandaforum.kr/,https://www.k-startup.go.kr/web/contents/bizpbanc-ongoing.do?schM=view&pbancSn=177852,main,primary,2026제2회판다포럼개최,공공기관,20260527~20260609,행사ㆍ네트워크,행사ㆍ네트워크
kst,177851,2026 창업 스케일업 교육생 모집공고,"영덕군 내 예비·초기 창업자 및 해양수산 분야 창업자를 대상으로, 창업 초기부터 스케일업까지 세분화된 창업 실무를 지원하는 실전 연계 교육 프로그램입니다. AI 기반의 시장 분석, 특허(KIPRIS) 활용 전략, SNS 마케팅 실습, 그리고 투자 유치를 위한 IR Pitch Deck 제작까지 실전에 즉시 적용 가능한 특화 프로그램으로 구성되어 있습니다. 체계적인 교육과 실습을 통해 비즈니스 모델을 고도화하고 사업화 성공률을 높이고자 하는 역량 있는 창업자분들의 많은 관심과 참여 바랍니다.",교육/멘토링,공공기관,경상북도,"일반인,대학,연구기관,1인 창조기업","누구나,예비창업자,초기창업기업","만 20세 이상 ~ 만 39세 이하,만 40세 이상",,,"예비창업자 및 초기창업자, 해양수산분야 창업자 등 (총 20개 팀 내외 선착순 모집)

없음",,"예비창업자,1년미만,2년미만,3년미만,5년미만",멘토링ㆍ컨설팅ㆍ교육,20260527,20260531,,,온라인 접수: https://docs.google.com/forms/d/e/1FAIpQLScjuW0HKmlr77YVDSWM2SZCHkhCtxEqReWkpW8vMcyvM3Ndag/viewform?usp=dialog,https://www.k-startup.go.kr/web/contents/bizpbanc-deadline.do?schM=view&pbancSn=177851,main,primary,2026창업스케일업교육생모집공고,공공기관,20260527~20260531,멘토링ㆍ컨설팅ㆍ교육,멘토링ㆍ컨설팅ㆍ교육
kst,177850,2026 경기 스타트업 서밋 Invest Connect 1차 참가기업 모집,경기 스타트업 서밋을 통해 스타트업의 국내외 투자유치 및 비즈니스 성과 창출을 지원하고자 '2026 경기 스타트업 서밋 Invest Connect 1차' 참가기업을 모집하오니 많은 참여를 부탁 드립니다.,판로/수출,공공기관,경기도,"청소년,대학생,일반인,대학,연구기관,일반기업,1인 창조기업","기업,누구나,스타트업,청년,초기창업기업","만 20세 미만,만 20세 이상 ~ 만 39세 이하,만 40세 이상",,,"공고일 기준 참가분야 업력 7년 이내 스타트업(신산업분야 10년 이내)
  - 참가분야 : AI·로봇·반도체·바이오·기후테크·기타(신산업)",,"1년미만,2년미만,3년미만,5년미만,7년미만,10년미만",판로ㆍ해외진출,20260528,20260612,,,온라인 접수: https://www.gsp.or.kr/supportProject/UVSD0001.do?sportSeq=6238,https://www.k-startup.go.kr/web/contents/bizpbanc-ongoing.do?schM=view&pbancSn=177850,main,primary,2026경기스타트업서밋investconnect1차참가기업모집,공공기관,20260528~20260612,판로ㆍ해외진출,판로ㆍ해외진출
kst,177849,2026 대우건설 Hyper Safety & AI  오픈 이노베이션 참여기업 모집 공고,"대우건설이 한국건설기술연구원과 함께 “2026 대우건설 Hyper Safety & AI 오픈 이노베이션” 프로그램을 통해 ❶ 스마트 안전 및 품질 ❷ AI(인공지능) ❸ 로보틱스 및 자동화 ❹ 항만 및 공항 ❺ 혁신아이디어 분야에서 혁신 기술을 보유한 유망 기업을 발굴하고 현업에 적용하는 공모전을 개최합니다. 혁신적인 아이디어, 혁신 기술의 실증, 현업 적용 을 통해 대우건설과 협업을 희망하는 기업들의 많은 참여 바랍니다.",창업,민간,전국,"청소년,대학생,일반인,대학,연구기관,일반기업,1인 창조기업","기업,누구나,청년,초기창업기업","만 20세 미만,만 20세 이상 ~ 만 39세 이하,만 40세 이상",,,모집분야별 혁신기술과 아이디어를 보유한 사업자 및 예비 창업자,,"예비창업자,1년미만,2년미만,3년미만,5년미만,7년미만,10년미만",사업화,20260528,20260619,,,이메일 접수: 공고문 확인 필요,https://www.k-startup.go.kr/web/contents/bizpbanc-ongoing.do?schM=view&pbancSn=177849,main,primary,2026대우건설hypersafetyai오픈이노베이션참여기업모집공고,민간,20260528~20260619,사업화,사업화
kst,177848,2026년 청년 임(林)팩트 창업 아이디어 챌린지 참가자 모집,"산림청과 한국임업진흥원은 산림자원을 활용해 산림분야 문제를 해결할 청년을 찾고 있습니다. 머릿속 생각을 실제 사업으로 실현해 볼 소중한 기회에 지금 도전하세요!
참가를 희망하시는 분은 [붙임 1] 모집 안내문을 참고하시어 [붙임 2] 양식을 작성 후, 하단 포스터 큐알(QR) 코드를 스캔하여 구글폼을 통해 제출해 주시기 바랍니다.
※ 안내문을 확인하지 않아 발생하는 불이익은 기관에서 책임지지 않으니 내용을 정확히 숙지해 주시기 바랍니다.",교육/멘토링,공공기관,대전광역시,"대학생,일반인","누구나,청년",만 20세 이상 ~ 만 39세 이하,20,39,"- 모집 인원: 산림 분야 창업에 관심 있는 청년 30명
 - 연령 기준: 공고일(2026. 5. 20.) 기준 만 19세~39세 이하
    * 출생일 기준: 1986. 5. 21. ~ 2007. 5. 20. 기간 출생자",,"예비창업자,1년미만,2년미만,3년미만,5년미만,7년미만,10년미만",멘토링ㆍ컨설팅ㆍ교육,20260527,20260603,,,온라인 접수: https://www.kofpi.or.kr/notice/notice_01view.do,https://www.k-startup.go.kr/web/contents/bizpbanc-ongoing.do?schM=view&pbancSn=177848,main,primary,2026년청년임林팩트창업아이디어챌린지참가자모집,공공기관,20260527~20260603,멘토링ㆍ컨설팅ㆍ교육,멘토링ㆍ컨설팅ㆍ교육
kst,177847,2026년 소상공인 온라인판로 지원사업 참여기업 2차 모집공고,"소상공인의 온라인시장 진출 및 판로 지원을 위한「2026년 소상공인 온라인판로 지원사업」의
참여기업을 다음과 같이 모집하오니, 
소상공인분들의 많은 참여를 바랍니다.",판로/수출,공공기관,전국,"일반기업,1인 창조기업","기업,소상공인,초기창업기업","만 20세 미만,만 20세 이상 ~ 만 39세 이하,만 40세 이상",,,"｢소상공인기본법｣ 제2조에 따른 소상공인

하단 모집 공고문 2p &apos;신청자격 및 요건&apos; 확인 필수",,"예비창업자,1년미만,2년미만,3년미만,5년미만,7년미만,10년미만",판로ㆍ해외진출,20260527,20260610,,,온라인 접수: https://fanfandaero.kr/portal/v2/preSprtBizPbancStage.do,https://www.k-startup.go.kr/web/contents/bizpbanc-ongoing.do?schM=view&pbancSn=177847,main,primary,2026년소상공인온라인판로지원사업참여기업2차모집공고,공공기관,20260527~20260610,판로ㆍ해외진출,판로ㆍ해외진출
kst,177845,2026년 중동 상황 대응 중소기업 심화 컨설팅 지원사업,서울경제진흥원(SBA)에서는 2026년 2월 발발한 미·이란 전쟁 등 중동 분쟁 장기화로 인해 수출 및 물류에 타격을 입은 서울 소재 중소기업을 대상으로 맞춤형 해결 방안 도출 및 글로벌 경쟁력 강화를 지원하고자 「심화 컨설팅 지원사업」을 추진합니다.,교육/멘토링,공공기관,서울특별시,"일반기업,1인 창조기업","기업,중소기업,초기창업기업","만 20세 미만,만 20세 이상 ~ 만 39세 이하,만 40세 이상",,,"❍ (피해기업) 중동 상황으로 인하여 물류비 폭등, 계약 파기, 납기 지연, 대금 미회수 등의 직접적인 타격을 입은 서울 소재 중소기업
  ❍ (수출 의존기업) 직접 피해는 없으나 최근 3년 전체 수출 중 중동 지역 비중이 10% 이상인 서울 소재 중소기업으로, 위기 대응 및 시장 다변화가 필요한 기업
  ❍ 서울소재 중소기업: 서울 관할 세무서에 사업자등록을 한 「중소기업기본법」 제2조에 의한 중소기업 ※ 단, 종된사업장을 서울 소재로 한 사업장은 해당하지 않음",,"예비창업자,1년미만,2년미만,3년미만,5년미만,7년미만,10년미만",멘토링ㆍ컨설팅ㆍ교육,20260527,20260618,,,온라인 접수: https://www.sba.seoul.kr/Pages/BusinessApply/PostingDetail.aspx?p=0&mid=2dafcee4-7459-f111-b404-d4f5ef4a1e33,https://www.k-startup.go.kr/web/contents/bizpbanc-ongoing.do?schM=view&pbancSn=177845,main,primary,2026년중동상황대응중소기업심화컨설팅지원사업,공공기관,20260527~20260618,멘토링ㆍ컨설팅ㆍ교육,멘토링ㆍ컨설팅ㆍ교육
kst,177843,2026 B로컬;라이징 페스타 참여기업 모집 공고,"창의·혁신적인 아이템 및 비즈니스 모델을 보유하고 있는 지역 소상공인을 발굴하여 라이콘 기업으로 육성하기 위한 발판을 마련하고자 『2026 B로컬;라이징 페스타』에 참여할 기업을 아래와 같이 모집합니다. 
※ 라이콘 : 라이프스타일 & 로컬 분야를 혁신해 유니콘으로 성장하는 기업가형 소상공인(Lifestyle & Local Innovation Unicorn)",행사/네트워크,민간,부산광역시,일반기업,기업,"만 20세 미만,만 20세 이상 ~ 만 39세 이하,만 40세 이상",,,"① 공고일 기준, 본점 소재지가 “부산광역시” 또는 “경상남도”에 소재
② 사업자등록증 기준 창업 7년 이내(‘19.05.27. 이후 창업) 기업의 대표자
③ 로컬크리에이터, 지역 소상공인 등 기업가형 소상공인에 해당
1) 라이프 스타일형
- 기존 생활양식에 아이디어를 결합, 삶을 더욱 풍요롭게 하며 소비 창출
2) 로컬브랜드형
- 지역 문화, 특산물 등에 창의성 있는 콘텐츠를 입혀 로컬의 차별화된 생산 소비 문화가치 창조
3) 온라인 셀러형
- 제조에 기반한 전통 소상공인이 온라인 접목을 통해 마케팅 영역 확장 (동-> 시도 -> 전국)

※ 공고문 참고",,7년미만,행사ㆍ네트워크,20260526,20260618,,,이메일 접수: 공고문 확인 필요,https://www.k-startup.go.kr/web/contents/bizpbanc-ongoing.do?schM=view&pbancSn=177843,main,primary,2026b로컬라이징페스타참여기업모집공고,민간,20260526~20260618,행사ㆍ네트워크,행사ㆍ네트워크
kst,177842,바이오·메디컬 연구인프라 활용 지원사업,동국대학교 BMC창업보육센터에서는 바이오·메디컬 분야 기업의 연구개발 역량강화를 위하여「바이오·메디컬 연구인프라 활용 지원사업」을 아래와 같이 시행하오니 기업들의 많은 참여 바랍니다.,창업,교육기관,경기도,"일반인,일반기업,1인 창조기업","기업,누구나,초기창업기업","만 20세 이상 ~ 만 39세 이하,만 40세 이상",,,"-  바이오·메디컬  분야에서  혁신적인  기술  또는  아이디어를  기반으로  제품 을  생산하거나  서비스를  제공하는  기업
-  본사,  공장등록증,  기업부설연구소  인증서의  소재지가  경기도인  기업
-  공고일  기준  창업  10년  이내(2016.  6.  1.  이후  설립)기업
- 「중소기업기본법」  제2조의  규정에  의한  중소기업

-  본  사업에  신청한  내용과  동일한  내용으로  정부,  지자체  또는  유관기관 의  지원을  받은  경우
-  기업  또는  사업  책임자(대표자  포함)가  정부  지원사업  참여  제한  대상 인  경우
-  신청일  기준  국세  또는  지방세를  미납한  경우
-  동국대학교  BMC창업보육센터  입주기업  중  보육부담금을  미납한  경우
-  신청일  기준  휴·폐업  중이거나  자본잠식  상태인  기업
-  단순  생산·제조·유통  중심  기업,  OEM·ODM  기반의  단순  위탁생산  기업 등  연구개발  활동이  수반되지  않는  기업
-  동국대학교  BMC창업보육센터장이  참여를  제한할  정당한  사유가  있다 고  인정하는  자  또는  기업",,"예비창업자,1년미만,2년미만,3년미만,5년미만,7년미만,10년미만",사업화,20260601,20260614,,,이메일 접수: 공고문 확인 필요,https://www.k-startup.go.kr/web/contents/bizpbanc-ongoing.do?schM=view&pbancSn=177842,main,primary,바이오메디컬연구인프라활용지원사업,교육기관,20260601~20260614,사업화,사업화
kst,177841,서울창업허브 창동 운영,"서울창업허브 창동은 해외 판로개척 및 브랜드 홍보에 어려움을 겪고 있는 우수 스타트업을 지원하기 위해 SNS 기반 마케팅 플랫폼을 활용해 해외 시장 진출을 지원하는 ‘글로벌 SNS 판로개척
지원사업’을 추진하고자 다음과 같이 공고하오니, 참여를 희망하는 서울특별시 소재 스타트업과 중소기업은 많은 신청 바랍니다.",시설/공간,민간,서울특별시,"일반기업,1인 창조기업","기업,초기창업기업","만 20세 미만,만 20세 이상 ~ 만 39세 이하,만 40세 이상",,,"서울관할 세무서에 사업자등록한 스타트업 또는 중소기업으로
해외 온·오프라인 판매 및 배송이 가능한 제품 또는 서비스를 보유하고 있는 기업",,"예비창업자,1년미만,2년미만,3년미만,5년미만,7년미만,10년미만",시설ㆍ공간ㆍ보육,20260520,20260610,,,온라인 접수: https://www.startup-plus.kr/project/PRJ007092,https://www.k-startup.go.kr/web/contents/bizpbanc-ongoing.do?schM=view&pbancSn=177841,main,primary,서울창업허브창동운영,민간,20260520~20260610,시설ㆍ공간ㆍ보육,시설ㆍ공간ㆍ보육
kst,177840,2026 강남구청 미래산업기반 지원사업,"더인벤션랩이 강남구청과 함게 미래산업 분야에서 우수한 역량을 갖춘 기업을 찾습니다!
선발기업에게는 국내 대·중견기업과의 PoC 협업 기회를 비롯해 투자유치, 글로벌 진출, 전문가 멘토링 등 기업 성장 단계에 맞춘 액셀러레이팅 프로그램이 제공 될 예정이니 많은 관심과 참여 부탁드립니다.",창업,민간,서울특별시,"청소년,대학생,일반인,대학,연구기관,일반기업,1인 창조기업","기업,누구나,예비창업자,청년,초기창업기업","만 20세 미만,만 20세 이상 ~ 만 39세 이하,만 40세 이상",,,"신청대상: 공고일 기준 예비창업자 또는 창업 7년 이내 기창업자
※ 설립일 7년 이내 기준: 2019.05.26. 이후 설립(신사업인 경우 10년 이내)
※ 관외 기업인 경우, 사업기간 종료 전 까지 사업장 소재지/지사/연구소 중 하나의 소재지 강남구 이전 필수",,"예비창업자,1년미만,2년미만,3년미만,5년미만,7년미만,10년미만",사업화,20260527,20260619,,,온라인 접수: https://gangnam-future.aura.build/,https://www.k-startup.go.kr/web/contents/bizpbanc-ongoing.do?schM=view&pbancSn=177840,main,primary,2026강남구청미래산업기반지원사업,민간,20260527~20260619,사업화,사업화
kst,177839,2026년 전북 벤처투자플랫폼 J-PIUM(피움) IR 트랙(라운드) 참여기업 모집 공고,"(재)전북테크노파크에서는 전북자치도 벤처투자 네트워크와 연계, 유망기업 발굴 및 투자유치를 지원하고자 전북 벤처투자플랫폼 J-PIUM(피움)의 IR 트랙(라운드)에 참여할 기업을 아래와 같이 모집하오니 관심있는 기업의 많은 참여를 바랍니다.",자금,공공기관,전북특별자치도,"일반인,연구기관,일반기업,1인 창조기업","기업,누구나,초기창업기업","만 20세 미만,만 20세 이상 ~ 만 39세 이하,만 40세 이상",,,"7년 이내의 창업기업 (6대 전략산업, 12대 신산업 기술을 영위하는 기업의 경우 창업 10년 이내)

1. 타인의 아이디어 및 기술을 도용하거나 제출 서류가 허위 작성된 경우
2. 필수 제출서류를 제출하지 않은 경우
3. 금융기관 등으로부터 채무불이행으로 규제중인 자(기업)
   * 단, 신청·접수 마감일까지 채무변제 완료 후 증빙이 가능한 자(기업), 신용회복위원회의 프리워크아웃, 개인워크아웃 제도에서 채무조정합의서를 체결한 경우, 법원의 개인회생제도에서 변제계획인가를 받거나 파산면책 선고자, 회생인가를 받은 기업, 중소기업진흥공단 등으로부터 재창업자금을 지원 받은 자(기업), 건강관리시스템 기업구조 개선진단을 통한 정상화 의결기업 등 정부․공공기관으로부터 재기지원 필요성을 인정받은 자(기업)는 신청(지원) 가능
4. 국세 또는 지방세 체납으로 규제중인 자(기업)
   * 단, 세금분납계획에 따른 성실납부기업(체납처분유예신청), 신청·접수 마감일까지 국세, 지방세 등의 특수채무 변제 후 증빙이 가능한 자(기업), 중소기업진흥공단 등으로부터 재창업자금을 지원 받은 자(기업), 건강관리시스템 기업구조 개선진단을 통한 정상화 의결기업 등 정부․공공기관으로부터 재기지원 필요성을 인정받은 자(기업)는 신청(지원) 가능
5. 신청일 현재 휴업 중인 자(기업)
6. 중소기업창업지원법 시행령 제4조의 업종을 영위하고 있거나 또는 영위하고자 하는 자(기업) *붙임1 참고 
7. 제외대상에 포함되거나 관련증빙을 제출하지 못할 경우 취소될 수 있음
8. 기타 전북테크노파크 원장이 참여제한의 사유가 있다고 인정하는 자(기업)",,"예비창업자,1년미만,2년미만,3년미만,5년미만,7년미만,10년미만",정책자금,20260527,20260626,,,온라인 접수: https://rnd.jbtp.or.kr/main/menu?gc=PBUSI&do=view&spod=s1&page=2&program_id=VKiNxy633QVZ,https://www.k-startup.go.kr/web/contents/bizpbanc-ongoing.do?schM=view&pbancSn=177839,main,primary,2026년전북벤처투자플랫폼jpium피움ir트랙라운드참여기업모집공고,공공기관,20260527~20260626,정책자금,정책자금
kst,177838,"용인시산업진흥원 2026년 제2차 창업지원센터(동백, 영덕) 입주기업 모집 공고(~ 6. 19. 금 16시까지)","용인시산업진흥원에서 창업지원센터(동백, 영덕)와 함께 성장하고자 하는 우수하고 유망한 입주기업을 모집하오니 많은 신청 바랍니다.",시설/공간,공공기관,전국,"일반인,일반기업,1인 창조기업","기업,누구나,예비창업자,초기창업기업","만 20세 이상 ~ 만 39세 이하,만 40세 이상",,,"□ 공고일 기준 사업 개시 7년 미만 기업 및 예비창업자
  ❍ 창업지원센터(동백) 독립형: 바이오헬스 분야 (디지털 헬스케어, Age-Tech, 의료기기, 바이오의약, 유전체분석, 건강기능식품, 뷰티·코스메틱, 재활·돌봄 로봇, AI 융합 한의학,AI 기반 진단·처방 솔루션 등)기업
  ❍ 창업지원센터(영덕): AI·반도체 분야 (반도체 설계·제조·소재부품장비 관련 업종, AI 모델·서비스·하드웨어 등)기업
※ 개인사업자: 사업자등록증 개업일 기준 / 법인사업자: 법인설립등기일 기준
※ 센터별 모집분야 및 상세 신청자격 확인 후 신청 요망
   ※ 창업지원센터 입주 호실별 입주부담금 및 면적 확인 후 신청 必
   ※ 창업지원센터 동백, 영덕 중 1개 센터만 신청 가능(중복신청 불가)
   ※ 자세한 내용은 첨부된 공고문 참조

□ 아래에 해당하는자 또는 기업은 신청불가
  ❍ 중소기업창업지원법 시행령 제4조(창업에서 제외되는 업종)
  1. 일반유흥주점업 
  2. 무도유흥주점업
  3. 카지노 운영업
  4. 기타 사행시설 관리 및 운영업
  5. 그 밖에 경제질서 및 미풍양속에 현저히 어긋나는 업종
  ❍ 소음, 진동, 오폐수 발생유발업종
  ❍ 금융기관 등의 채무불이행 중인 자 또는 기업
  ❍ 정부지원사업 및 유관기관사업에 참여 제한으로 제재 중인 자 또는 기업
  ❍ 중소기업의 규모 요건을 초과하는 기업 (중소기업확인서 必)
  ❍ 지방세·국세 체납기업, 부도 또는 휴·폐업 중인 기업
  ❍ 진흥원 창업지원센터(역북, 영덕, 동백)에서 졸업·퇴거한 이력이 있는 기업 및 대표자
  ❍ 사업 참여를 위해 제출한 서류가 허위로 판명된 경우
   ※ 자세한 내용은 첨부된 공고문 참조",,"예비창업자,7년미만",시설ㆍ공간ㆍ보육,20260527,20260619,,,온라인 접수: https://ybs.ypa.or.kr/poratlAppFormDtl.do?regNo=RGS_0000000000000604,https://www.k-startup.go.kr/web/contents/bizpbanc-ongoing.do?schM=view&pbancSn=177838,main,primary,용인시산업진흥원2026년제2차창업지원센터동백영덕입주기업모집공고619금16시까지,공공기관,20260527~20260619,시설ㆍ공간ㆍ보육,시설ㆍ공간ㆍ보육
kst,177837,입주기업 모집 공고,"한동대학교 제네시스랩에서 아래와 같이 스타트업 입주기업을 모집하오니, 역량 있는 창업기업의 많은 관심과 지원 바랍니다.",시설/공간,교육기관,전국,"대학생,일반인,대학,연구기관,일반기업,1인 창조기업","기업,누구나,예비창업자,청년,초기창업기업","만 20세 미만,만 20세 이상 ~ 만 39세 이하,만 40세 이상",,,"1. 예비창업자: AI 기술 또는 활용 비즈니스 모델을 보유한 창업 전 팀/개인
2. 초기스타트업: 창업 3년 이내, 시제품 및 Poc 단계 기업
3. 성장스타트업: 창업 3~7년, 투자 유치 또는 매출 기반 성장 기업

1. 염색, 피혁, 도금, 도장, 주물, 주조, 악취, 소음, 분진, 재생, 혐오시설, 대기오염 다량 배출 등의 업종에 속한 경우
2. 대표자가 금융 신용도 불량자 또는 관련 법규나 사회 통념상 문제가 있는 경우
3. 회사가 휴·폐업 중에 있는 경우
4. 기타 본 센터의 운영 목적 및 취지에 부적합한 경우 등",,"예비창업자,1년미만,2년미만,3년미만,5년미만,7년미만",시설ㆍ공간ㆍ보육,20260526,20261231,,,이메일 접수: 공고문 확인 필요,https://www.k-startup.go.kr/web/contents/bizpbanc-ongoing.do?schM=view&pbancSn=177837,main,primary,입주기업모집공고,교육기관,20260526~20261231,시설ㆍ공간ㆍ보육,시설ㆍ공간ㆍ보육
kst,177836,2026년 지역특화콘텐츠개발지원사업(대구게임테크허브),"(재)대구디지털혁신진흥원에서는 「2026년 지역특화콘텐츠개발지원(대구게임테크허브) 차세대 플랫폼 도약 지원사업」의 참여기업 추가모집을 다음과 같이 공고하오니, 관심 있는 기업들의 많은 참여 바랍니다.",창업,공공기관,대구광역시,일반기업,기업,"만 20세 미만,만 20세 이상 ~ 만 39세 이하,만 40세 이상",,,"공고일 기준 사업자등록증 상 본사 소재지가 대구인 게임 제작 또는 배급업 등록 기업
* 협약일 기준 2개월 이내 대구 사업자등록·이전 확약 역외기업(본사)

(차세대 플랫폼 도약 지원)
 - 신규 PC·콘솔 게임 제작 예정 기업
 - 출시 이력 없는 초기·아이디어 단계 게임콘텐츠

첨부파일(공고문 및 사업안내서) 내 지원 제외대상 참고",,"1년미만,2년미만,3년미만,5년미만,7년미만,10년미만",사업화,20260526,20260610,,,온라인 접수: https://www.bojo.go.kr/bojo.do?popShareUrl=/ia/getIA005100Popup.do?&bsnsyear=&wdrLcgvCode=&labSfrndCode=&manageBsnsId=&nttId=202633000000025100018A&pid=POPUP&title=%EA%B3%B5%EB%AA%A8%EC%A0%95%EB%B3%B4,https://www.k-startup.go.kr/web/contents/bizpbanc-ongoing.do?schM=view&pbancSn=177836,main,primary,2026년지역특화콘텐츠개발지원사업대구게임테크허브,공공기관,20260526~20260610,사업화,사업화
kst,177834,Dream Venture Star with 조광페인트 드림벤처스타 12기 지원사업 모집공고,대전창조경제혁신센터는 도료(페인트) 제조 기업을 넘어 첨단 산업 분야의 핵심 소재를 공급하는 혁신 기업 조광페인트(주)와 함께 유망 스타트업 발굴 및 협업 연계를 위한 오픈이노베이션 프로그램을 추진하오니 많은 관심과 참여 바랍니다.,창업,공공기관,전국,"일반기업,1인 창조기업","기업,누구나,초기창업기업","만 20세 미만,만 20세 이상 ~ 만 39세 이하,만 40세 이상",,,"조광페인트와 협업을 희망하는 초기 단계 기술 기반 스타트업
ㆍ 공고일 기준 업력 7년 이내 창업 기업 (또는 신산업 창업 분야에 해당하는 10년 이내 창업 기업)
ㆍ 예비 창업자 제외
ㆍ 소재지 제한 없음

금융기관 채무불이행자, 국세·지방세 체납자, 허위서류 제출자, 정부지원사업 참여제한 대상, 창업 제외업종 영위자 등 (* 자세한 사항은 공고문 참고)",,7년미만,사업화,20260526,20260626,,,온라인 접수: https://dvs-oi.com,https://www.k-startup.go.kr/web/contents/bizpbanc-ongoing.do?schM=view&pbancSn=177834,main,primary,dreamventurestarwith조광페인트드림벤처스타12기지원사업모집공고,공공기관,20260526~20260626,사업화,사업화
kst,177833,Dream Venture Star with Growfy x UCLIX 드림벤처스타 12기 지원사업 모집공고,"대전창조경제혁신센터는 기술, 교육, 디지털 혁신 전반을 아우르는 미래지향적 비즈니스 그룹 ㈜터틀날리지와 함께 유망 스타트업 발굴 및 협업 연계를 위한 오픈이노베이션 프로그램을 추진하오니 많은 관심과 참여 바랍니다.",창업,공공기관,전국,"일반기업,1인 창조기업","기업,누구나,초기창업기업","만 20세 미만,만 20세 이상 ~ 만 39세 이하,만 40세 이상",,,"㈜터틀날리지와 협업을 희망하는 초기 단계 기술 기반 스타트업
ㆍ 공고일 기준 업력 7년 이내 창업 기업 (또는 신산업 창업 분야에 해당하는 10년 이내 창업 기업)
ㆍ 예비 창업자 제외
ㆍ 소재지 제한 없음

금융기관 채무불이행자, 국세·지방세 체납자, 허위서류 제출자, 정부지원사업 참여제한 대상, 창업 제외업종 영위자 등 (* 자세한 사항은 공고문 참고)",,7년미만,사업화,20260526,20260626,,,온라인 접수: https://dvs-oi.com,https://www.k-startup.go.kr/web/contents/bizpbanc-ongoing.do?schM=view&pbancSn=177833,main,primary,dreamventurestarwithgrowfyxuclix드림벤처스타12기지원사업모집공고,공공기관,20260526~20260626,사업화,사업화
kst,177832,Dream Venture Star with TYM X TYMICT 드림벤처스타 12기 지원사업 모집공고,대전창조경제혁신센터는 대한민국의 대표적인 글로벌 농기계 전문 기업 TYM X TYMICT와 함께 유망 스타트업 발굴 및 협업 연계를 위한 오픈이노베이션 프로그램을 추진하오니 많은 관심과 참여 바랍니다.,창업,공공기관,전국,"일반기업,1인 창조기업","기업,누구나,초기창업기업","만 20세 미만,만 20세 이상 ~ 만 39세 이하,만 40세 이상",,,"TYM, TYMICT와과 협업을 희망하는 초기 단계 기술 기반 스타트업
 ㆍ 공고일 기준 업력 7년 이내 창업 기업 (또는 신산업 창업 분야에 해당하는 10년 이내 창업 기업)
 ㆍ 예비 창업자 제외 
ㆍ 소재지 제한 없음

금융기관 채무불이행자, 국세·지방세 체납자, 허위서류 제출자, 정부지원사업 참여제한 대상, 창업 제외업종 영위자 등 (* 자세한 사항은 공고문 참고)",,7년미만,사업화,20260526,20260626,,,온라인 접수: https://dvs-oi.com,https://www.k-startup.go.kr/web/contents/bizpbanc-ongoing.do?schM=view&pbancSn=177832,main,primary,dreamventurestarwithtymxtymict드림벤처스타12기지원사업모집공고,공공기관,20260526~20260626,사업화,사업화
kst,177831,2026년도 ?뿌리산업 고도화를 위한 BIZ 플랫폼 구축 사업?  현장 맞춤 공정·기술 고도화 지원 기업 모집 및  지원 계획 통합 공고,"한국로봇융합연구원에서는 부산의 뿌리산업 육성 및 지속가능한 뿌리산업 생태계 조성을 위하여, 클라우드 기반의 통합 BIZ 플랫폼(제조서비스 플랫폼 + 공정협업 플랫폼)을 기반으로 현장 맞춤 공정·기술 고도화 지원을 추진하고자 다음과 같이 시행하오니 많은 참여 바랍니다.",기술,공공기관,부산광역시,"대학,연구기관,일반기업,1인 창조기업","기업,초기창업기업","만 20세 이상 ~ 만 39세 이하,만 40세 이상",,,"공고일 기준 부산 소재 기업으로, 금형·소성가공·정밀가공·표면처리 관련 분야의 제품·공정·기술을 보유한 기업 또는 해당 분야 고도화 수요기업",,"예비창업자,1년미만,2년미만,3년미만,5년미만,7년미만,10년미만",기술개발(R&amp;D),20260526,20260618,,,이메일 접수: 공고문 확인 필요,https://www.k-startup.go.kr/web/contents/bizpbanc-ongoing.do?schM=view&pbancSn=177831,main,primary,2026년도뿌리산업고도화를위한biz플랫폼구축사업현장맞춤공정기술고도화지원기업모집및지원계획통합공고,공공기관,20260526~20260618,기술개발(R&D),기술개발(R&D)
kst,177830,2026년도 ?제조산업 공정작업용 로봇 엔드이펙터 실증 기반 구축? 지원 기업 모집 연장 공고,"한국로봇융합연구원에서는 제조산업 공정작업용 로봇 엔드이펙터 관련 기업을 대상으로 엔드이펙터 제품의 성능·신뢰성 시험·검증, 공정 실증, 시험·평가·인증, 해외 인증 지원 등 One-Stop 기업지원 서비스를 제공하고자 「제조산업 공정작업용 로봇 엔드이펙터 실증 기반 구축」 사업의 지원기업 모집 통합공고를 다음과 같이 시행하오니 많은 참여 바랍니다.",기술,공공기관,전국,"일반인,대학,연구기관,일반기업,1인 창조기업","기업,누구나,초기창업기업","만 20세 이상 ~ 만 39세 이하,만 40세 이상",,,"제조산업 공정작업용 로봇 엔드이펙터 관련 제품·시스템 또는 요소기술을 개발·제조하거나 제조공정에 적용하는 국내 기업

※ 본 사업의 엔드이펙터는 단순 그리퍼에 한정되지 않으며, 말단장치, 부가장치, 센서, 제어기, SW 등 공정 수행에 필요한 장치가 연동된 시스템을 포함함. 단, 물리적 로봇 본체는 제외함",,"예비창업자,1년미만,2년미만,3년미만,5년미만,7년미만,10년미만",기술개발(R&amp;D),20260520,20260611,,,이메일 접수: 공고문 확인 필요,https://www.k-startup.go.kr/web/contents/bizpbanc-ongoing.do?schM=view&pbancSn=177830,main,primary,2026년도제조산업공정작업용로봇엔드이펙터실증기반구축지원기업모집연장공고,공공기관,20260520~20260611,기술개발(R&D),기술개발(R&D)
kst,177829,[비전웍스벤처스] 에르곤 스케일업 Batch 6기: 프리-액셀러레이팅 역량강화 프로그램 참가자 모집 (~6/9),유원대학교 충남 RISE 사업단에서「2026년 에르곤 스케일업 Batch 6기: 프리-액셀러레이팅 프로그램」창업팀을 모집합니다. 투자 유치를 준비 중인 예비·초기 창업자를 위한 액셀러레이팅 프로그램을 제공합니다.,창업,민간,전국,"청소년,대학생,일반인,일반기업,1인 창조기업","기업,누구나,청년,초기창업기업","만 20세 미만,만 20세 이상 ~ 만 39세 이하,만 40세 이상",,,"○ (사업분야) 혁신성을 지닌 딥테크, 라이콘, 소셜벤처/사회적기업 등

○ (지원자격)
① 지역·업종·연령 제한 없으며 누구나 지원 가능
② 예비 창업자(팀), 기창업자, 대학생, 일반인, 국내 거주 외국인 등
③ 단, 기창업 기업의 경우 공고일 기준 창업 7년 미만
④ (우대) 아산시 창업 준비 예비 창업자/기창업자, 아산 소재 기업 등
⑤ 기존 비전웍스벤처스, 유원대학교 프로그램 수료 기업 참여 가능",,"예비창업자,7년미만",사업화,20260526,20260609,,,온라인 접수: https://forms.gle/8igvxkEFi6BdjTTXA,https://www.k-startup.go.kr/web/contents/bizpbanc-ongoing.do?schM=view&pbancSn=177829,main,primary,비전웍스벤처스에르곤스케일업batch6기프리액셀러레이팅역량강화프로그램참가자모집69,민간,20260526~20260609,사업화,사업화
kst,177828,2026 지역이음 관광기업 참여기업 모집,"고용노동부와 전북특별자치도 및 전주, 군산, 김제, 부안, 고창은 전주– 서해안권 연계를 통한 체류형 관광 활성화와 관광 일자리 창출을 위해 「전주-서해안 체류형 관광산업 일자리이음 프로젝트」를 추진하며, 이에 전주 및 서해안권 관광기업을 대상으로 지역이음 관광기업 지원사업의 참여기업을 모집합니다",창업,민간,전북특별자치도,일반기업,기업,"만 20세 이상 ~ 만 39세 이하,만 40세 이상",,,"1.성장 컨설팅 지원사업 
  - 전주 및 전북특별자치도 서해안권(군산,김제,부안,고창) 5개 지자체 내 5년 미만 관광스타트업 또는 7년 미만 관광기업
    ※ 세부 모집 요건은 공고문 참조
2. 근무체계 개선 지원사업
  - 전주 서해안권 내 권역 이동 근로자 또는 전입 근로자가 있는 관광기업

동일·유사한 내용으로 타 정부·지자체, 공공기관의 지원을 받고있는 경우 중복 수혜로 판단, 선정이 취소되거나 지원이 제한될 수 있음",,"5년미만,7년미만",사업화,20260520,20260601,,,이메일 접수: 공고문 확인 필요,https://www.k-startup.go.kr/web/contents/bizpbanc-deadline.do?schM=view&pbancSn=177828,main,primary,2026지역이음관광기업참여기업모집,민간,20260520~20260601,사업화,사업화
kst,177827,스타트런X페인터즈 LIPS 브릿지 데이(2회차),"LIPS 운영사 스타트런과 페인터즈앤벤처스가 유망 소상공인의 기업가형 소상공인 도약 및 성공적인 시장 안착을 지원하기 위해 LIPS 운영사와의 네트워킹의 장을 마련했습니다.
이에 기업가적 역량을 갖추고 혁신 성장을 희망하는 소상공인을 대상으로 「2026 스타트런 × 페인터즈 LIPS 브릿지 데이」 참가 기업을 다음과 같이 모집합니다.",행사/네트워크,민간,전국,"청소년,대학생,일반인,대학,연구기관,일반기업,1인 창조기업","기업,누구나,청년,초기창업기업","만 20세 미만,만 20세 이상 ~ 만 39세 이하,만 40세 이상",,,"유망 소상공인, LIPS 준비 중인 창업기업 등 본 행사에 관심있는 누구나",,"예비창업자,1년미만,2년미만,3년미만,5년미만,7년미만,10년미만",행사ㆍ네트워크,20260527,20260608,,,온라인 접수: https://forms.gle/JgiFXmx1aieccCPh7,https://www.k-startup.go.kr/web/contents/bizpbanc-ongoing.do?schM=view&pbancSn=177827,main,primary,스타트런x페인터즈lips브릿지데이2회차,민간,20260527~20260608,행사ㆍ네트워크,행사ㆍ네트워크
kst,177826,2026년 스타 IR 데모데이 참여기업 모집공고(2차),"스타에셋파트너스(주)에서 2026년 스타 IR 데모데이를 통해 F&B 및 프랜차이즈 분야 창업 생태계 활성화 및 투자 유치 기회를 제공하고자 하오니, 관련 예비창업자 및 창업기업들의 적극적인 관심과 많은 참여 바랍니다.",행사/네트워크,민간,전국,"일반인,대학,일반기업,1인 창조기업","기업,누구나,예비창업자,초기창업기업","만 20세 이상 ~ 만 39세 이하,만 40세 이상",,,F&B 및 프랜차이즈 분야 예비창업자 및 7년 이내 초기 창업자,,"예비창업자,1년미만,2년미만,3년미만,5년미만,7년미만",행사ㆍ네트워크,20260601,20260630,,,이메일 접수: 공고문 확인 필요,https://www.k-startup.go.kr/web/contents/bizpbanc-ongoing.do?schM=view&pbancSn=177826,main,primary,2026년스타ir데모데이참여기업모집공고2차,민간,20260601~20260630,행사ㆍ네트워크,행사ㆍ네트워크
kst,177825,스타트업 해외전시회 지원,국내 유망 창업기업의 글로벌 시장 진출 지원과 기반 조성을 위한 2026년 창업진흥원 「SWITCH 2026 K-스타트업 통합관 참여기관」을 다음과 같이 모집합니다 .,판로/수출,공공기관,전국,"대학,일반기업,1인 창조기업","기업,스타트업,초기창업기업","만 20세 미만,만 20세 이상 ~ 만 39세 이하,만 40세 이상",,,"※ 아래 3가지 자격조건을 모두 충족하여야 함
① SWITCH 2026 'K-스타트업 통합관' 참여를 희망하는 지방정부, 공공기관, 민간기관 및 협·단체
* 단, 민간기업의 경우 기업신용평가등급 'B등급' 이상
② 전시회별 전시 기준에 충족하는 창업기업을 발굴하고, 추천이 가능한 지방정부, 공공기관, 민간기관 및 협·단체
③ K-스타트업 통합관 협약금(기업당 10백만원) 부담이 가능한 지방정부, 공공기관, 민간기관 및 협·단체",,"1년미만,2년미만,3년미만,5년미만,7년미만,10년미만",글로벌,20260527,20260604,,,이메일 접수: 공고문 확인 필요,https://www.k-startup.go.kr/web/contents/bizpbanc-ongoing.do?schM=view&pbancSn=177825,main,primary,스타트업해외전시회지원,공공기관,20260527~20260604,글로벌,글로벌
kst,177824,2026 울산 관광 로컬 크리에이터 양성,「2026 울산 관광 로컬 크리에이터 양성」 교육 참가자를 아래와 같이 모집하오니 많은 관심과 참여 부탁드립니다.,교육/멘토링,민간,울산광역시,"대학생,일반인","누구나,예비창업자,청년","만 20세 이상 ~ 만 39세 이하,만 40세 이상",,,"1. 울산광역시에 주소지를 둔 예비창업자
2. 울산광역시에 사업장을 둔 소상공인",,"예비창업자,5년미만",멘토링ㆍ컨설팅ㆍ교육,20260526,20260616,,,온라인 접수: bit.ly/울산관광로컬크리에이터,https://www.k-startup.go.kr/web/contents/bizpbanc-ongoing.do?schM=view&pbancSn=177824,main,primary,2026울산관광로컬크리에이터양성,민간,20260526~20260616,멘토링ㆍ컨설팅ㆍ교육,멘토링ㆍ컨설팅ㆍ교육
kst,177823,2026 KAIST Fast Prototyping (고도화된 시제품 제작 지원),KAIST 창업원에서는 예비창업자 및 창업기업의 창의적인 아이디어를 신속하게 시제품으로 구현할 수 있도록 「2026 Fast Prototyping Program」참여팀을 다음과 같이 모집합니다.,창업,교육기관,전국,"청소년,대학생,일반인,대학,연구기관,일반기업,1인 창조기업","기업,누구나,예비창업자,청년,초기창업기업","만 20세 미만,만 20세 이상 ~ 만 39세 이하,만 40세 이상",,,"(Track1) 예비창업자
(Track2) 창업 3년 이내 기업
(Track3) 창업 3~7년 이내 기업
＊ 가점사항 : 사업장 소재지가 대전 또는 충청 지역인 경우 우대함",,"예비창업자,3년미만,7년미만",사업화,20260511,20260529,,,이메일 접수: 공고문 확인 필요,https://www.k-startup.go.kr/web/contents/bizpbanc-deadline.do?schM=view&pbancSn=177823,main,primary,2026kaistfastprototyping고도화된시제품제작지원,교육기관,20260511~20260529,사업화,사업화
kst,177822,맞춤형 예비창업가 발굴·육성,광주 내 청년초기창업기업 대상으로 아래와 같이 기술고도 사업화자금 지원을 공고하오니 많은 관심과 참여 바랍니다.,창업,공공기관,광주광역시,"일반기업,1인 창조기업","기업,예비창업자,초기창업기업","만 20세 미만,만 20세 이상 ~ 만 39세 이하",,,"광주 청년창업기업(대표 39세 이하, 창업 후 3년 이내)
- 공고일 기준(사업자등록증 개업연월) 3년 이내(2023년 5월 26일~2026년 5월 26일)

&apos;24~&apos;25년 기 수혜자(12개사), &apos;26년 유사사업(예비창업패키지, 초기창업패키지, 창업중심대학 등) 수혜기업 제외",,"1년미만,2년미만,3년미만",사업화,20260526,20260608,,,"이메일 접수: 공고문 확인 필요
방문 접수: 광주광역시 동구 동계천로 150, I-PLEX광주 2층 운영본부",https://www.k-startup.go.kr/web/contents/bizpbanc-ongoing.do?schM=view&pbancSn=177822,main,primary,맞춤형예비창업가발굴육성,공공기관,20260526~20260608,사업화,사업화
kst,177821,[비전웍스벤처스] BTS(Beyond The Stage) Batch: 라이콘 창업 육성 프로그램 참가자 모집 (~6/9),"유원대학교 충남 RISE 사업단에서「2026년 BTS(Beyond The Stage) Batch: 라이콘 창업 육성 프로그램」창업팀을 모집합니다. 예비/기창업자로 라이콘(로컬 & 라이프스타일, 콘텐츠, 크리에이터, 소셜벤처/사회적기업 등) 창업 중인 예비·초기 창업자를 위한 사업화 지원 인큐베이팅 프로그램을 제공합니다.",창업,민간,전국,"청소년,대학생,일반인,일반기업,1인 창조기업","기업,누구나,청년,초기창업기업","만 20세 미만,만 20세 이상 ~ 만 39세 이하,만 40세 이상",,,"○ (모집분야)
– UN SDGs에 해당하는 사회문제 해결을 위한 창업 아이템을 지닌 팀(기업)
– 딥테크: 인공지능/빅테이터/바이오/헬스케어/기후테크 등
– 하이퍼로컬: 교육, 농업, 푸드테크, 펫테크, 시니어/안티에이징/웰니스, 커머스뷰티, 문화콘텐츠/로컬크리에이터, 사회서비스 등

○ (지원자격)
– 지역, 업종, 연령 무관
– 예비 창업자(팀), 기창업자, 대학생, 일반인, 국내 거주 외국인 등
– 기창업 기업(공고일 26.05.22. 기준 창업 7년 미만)
– (우대) 아산시 창업 준비 예비 창업자/기창업자, 아산 소재 기업 등",,"예비창업자,7년미만",사업화,20260526,20260609,,,온라인 접수: https://forms.gle/b9cEBwynVTgCwRKX8,https://www.k-startup.go.kr/web/contents/bizpbanc-ongoing.do?schM=view&pbancSn=177821,main,primary,비전웍스벤처스btsbeyondthestagebatch라이콘창업육성프로그램참가자모집69,민간,20260526~20260609,사업화,사업화
kst,177818,'Claude Code 활용 개발 스킬 UP' 비대면 교육 참가자 모집,서울핀테크랩에서는 핀테크 기업 및 스타트업의 업무 효율성 향상을 위한 실무 교육으로 「Claude Code 활용 개발 스킬 UP」교육을 운영합니다.,교육/멘토링,공공기관,전국,"청소년,대학생,일반인,대학,연구기관,일반기업,1인 창조기업","기업,누구나,청년,초기창업기업","만 20세 미만,만 20세 이상 ~ 만 39세 이하,만 40세 이상",,,개발 자동화에 관심 있는 누구나,,"예비창업자,1년미만,2년미만,3년미만,5년미만,7년미만,10년미만",멘토링ㆍ컨설팅ㆍ교육,20260526,20260621,,,온라인 접수: https://forms.gle/qfCrd84E5oMMNRhx7,https://www.k-startup.go.kr/web/contents/bizpbanc-ongoing.do?schM=view&pbancSn=177818,main,primary,claudecode활용개발스킬up비대면교육참가자모집,공공기관,20260526~20260621,멘토링ㆍ컨설팅ㆍ교육,멘토링ㆍ컨설팅ㆍ교육
kst,177816,부산AI실증지원센터 온디바이스 AI PoC 제작 지원사업 참여기업 모집공고,온디바이스 AI PoC 실증 지원을 통한 부산형 온디바이스 AI 사례 창출 및 사업화 연계 기반 조성을 위해 ｢온디바이스 AI PoC 제작 지원사업｣ 참여기업을 다음과 같이 모집하오니 많은 관심과 참여 부탁드립니다.,창업,공공기관,부산광역시,"연구기관,일반기업,1인 창조기업","기업,초기창업기업","만 20세 미만,만 20세 이상 ~ 만 39세 이하,만 40세 이상",,,부산 소재 온디바이스 AI 기반 PoC 제작 및 실증 수행 역량 보유 기업,,"1년미만,2년미만,3년미만,5년미만,7년미만,10년미만",사업화,20260520,20260605,,,이메일 접수: 공고문 확인 필요,https://www.k-startup.go.kr/web/contents/bizpbanc-ongoing.do?schM=view&pbancSn=177816,main,primary,부산ai실증지원센터온디바이스aipoc제작지원사업참여기업모집공고,공공기관,20260520~20260605,사업화,사업화
kst,177815,[소상공인 자생력 강화 교육]  흔들림을 성장으로 바꾸는 소상공인 멘탈관리,"소상공인의 지속 가능한 성장을 지원하기 위한「소상공인 자생력 강화 교육 - 흔들림을 성장으로 바꾸는 소상공인 멘탈관리」참여자를 모집합니다. 소상공인 여러분의 많은 관심과 신청 바랍니다. 
※ 본 교육은 중소상공인희망재단과 IBK행복나눔재단이 공동 추진하는 사회공헌사업 '희망나눔플러스Ⅲ 프로젝트'의 일환으로 추진됩니다.",교육/멘토링,민간,전국,"일반기업,1인 창조기업","기업,누구나,소상공인,초기창업기업","만 20세 미만,만 20세 이상 ~ 만 39세 이하,만 40세 이상",,,소상공인 누구나,,"예비창업자,1년미만,2년미만,3년미만,5년미만,7년미만,10년미만",멘토링ㆍ컨설팅ㆍ교육,20260526,20260609,,,온라인 접수: https://www.heemangfdn.or.kr/layout/res/home.php?go=pds.list&pds_type=1&start=0&num=1404&s_key1=&s_head=&s_que=,https://www.k-startup.go.kr/web/contents/bizpbanc-ongoing.do?schM=view&pbancSn=177815,main,primary,소상공인자생력강화교육흔들림을성장으로바꾸는소상공인멘탈관리,민간,20260526~20260609,멘토링ㆍ컨설팅ㆍ교육,멘토링ㆍ컨설팅ㆍ교육
kst,177814,창업중심대학,"우수한 기술을 보유한 (예비)교원창업자, 창업에 관심있는 교원 대상 '2026년 한남대학교 창업중심대학 Lab-Start 교원창업 역량강화 세미나'를 아래와 개최하오니 많은 참여 바랍니다.",창업,교육기관,전국,"청소년,대학생,일반인,대학,연구기관,일반기업,1인 창조기업","기업,누구나,예비창업자,청년,초기창업기업","만 20세 미만,만 20세 이상 ~ 만 39세 이하,만 40세 이상",,,연구실을 보유한 권역 내 예비창업 교원 및 대학(원)생,,"예비창업자,1년미만,2년미만,3년미만,5년미만,7년미만,10년미만",사업화,20260527,20260602,,,온라인 접수: https://forms.gle/6aJfaS7p5eHQ88rf9,https://www.k-startup.go.kr/web/contents/bizpbanc-deadline.do?schM=view&pbancSn=177814,main,primary,창업중심대학,교육기관,20260527~20260602,사업화,사업화
kst,177813,『2026년 금천청년꿈터 G밸리 테크 밋업』 참가자 모집,중앙대학교 산학협력단이 운영하는 금천청년꿈터에서 금천구 G밸리 및 서울시 소재 기업을 대상으로 『2026년 금천청년꿈터 G밸리 테크 밋업』참가자를 모집하오니 많은 신청 바랍니다.,기술,교육기관,서울특별시,"대학생,일반인,대학,연구기관,일반기업,1인 창조기업","기업,누구나,청년,초기창업기업","만 20세 이상 ~ 만 39세 이하,만 40세 이상",,,"금천구 G밸리 및 서울시 소재 기업 및 기술이전‧산학협력 희망 기업 50개사

(신청불가) 일반유흥주점업, 무도유흥주점업 등 「중소기업창업지원법 시행령」 제4조 창업에서 제외되는 업종을 영위하는 경우 등",,"예비창업자,7년미만",기술개발(R&amp;D),20260526,20260616,,,온라인 접수: https://docs.google.com/forms/d/e/1FAIpQLSfHeiRFn8VTxLD-nsqXsT_Vu6BgitpryrM-SWeAUwNBSMpAhQ/viewform,https://www.k-startup.go.kr/web/contents/bizpbanc-ongoing.do?schM=view&pbancSn=177813,main,primary,2026년금천청년꿈터g밸리테크밋업참가자모집,교육기관,20260526~20260616,기술개발(R&D),기술개발(R&D)
kst,177812,2026년 전시회 부스 지원 참여 소상공인 모집,소상공인의 오프라인 판로 개척 및 전시회 활용력 강화를 위해 전시회 부스 지원 사업에 참여할 소상공인을 모집하오니 많은 관심과 참여 바랍니다.,판로/수출,민간,전국,"일반기업,1인 창조기업","기업,소상공인,초기창업기업","만 20세 미만,만 20세 이상 ~ 만 39세 이하,만 40세 이상",,,"소상공인

1. 2026년 전시회 부스 지원 사업에 참여한 이력이 있는 사업체
2. 모집 공고와는 별도로 신청 전시회에 개별 참여가 확정된 사업체
3. 신청 전시회/공동관 참여에 부적합하다고 판단되는 품목 또는 사업체
4. 사업자등록증이 없거나 휴·폐업중인 사업체",,"1년미만,2년미만,3년미만,5년미만,7년미만,10년미만",판로ㆍ해외진출,20260526,20260710,,,온라인 접수: https://heemangfdn.or.kr/layout/res/home.php?go=pds.list&pds_type=1&start=0&num=1408&s_key1=&s_head=&s_que=,https://www.k-startup.go.kr/web/contents/bizpbanc-ongoing.do?schM=view&pbancSn=177812,main,primary,2026년전시회부스지원참여소상공인모집,민간,20260526~20260710,판로ㆍ해외진출,판로ㆍ해외진출
kst,177811,(강원센터) 2026년 제5회 제대군인 창업 워크숍 개최 안내,창업 준비에 필요한 다양한 정보를 창업 유형별 전문가의 현장 강의를 통해 통합 제공함으로써 창업 준비가 열악한 제대군인의 창업 추진 역량 강화를 위해 다음과 같이 안내하오니 참여를 희망하는 분께서는 안내에 따라 신청해 주시기 바랍니다.,창업,공공기관,강원특별자치도,"일반인,일반기업,1인 창조기업","기업,누구나,초기창업기업","만 20세 이상 ~ 만 39세 이하,만 40세 이상",,,"1. 5년 이상 중·장기복무 제대(예정) 군인
2. 의무복무 제대군인 중 전역 후 3년 이내의 취업맞춤특기병, 저소득·모범장병, 등급미달 경상이자",,"예비창업자,1년미만,2년미만,3년미만,5년미만,7년미만,10년미만",창업교육,20260526,20260623,,,"온라인 접수: https://vnet.go.kr/esta/EstaLcr002D.do?idx=5641
이메일 접수: 공고문 확인 필요
기타 접수: 담당자 유선 연락을 통한 교육 신청(044-202-5732)",https://www.k-startup.go.kr/web/contents/bizpbanc-ongoing.do?schM=view&pbancSn=177811,main,primary,강원센터2026년제5회제대군인창업워크숍개최안내,공공기관,20260526~20260623,창업교육,창업교육
kst,177810,(경기북부) 2026년 제4회 제대군인 창업 워크숍 개최 안내,창업 준비에 필요한 다양한 정보를 창업 유형별 전문가의 현장 강의를 통해 통합 제공함으로써 창업 준비가 열악한 제대군인의 창업 추진 역량 강화를 위해 다음과 같이 안내하오니 참여를 희망하는 분께서는 안내에 따라 신청해 주시기 바랍니다.,창업,공공기관,경기도,"일반인,일반기업,1인 창조기업","기업,누구나,초기창업기업","만 20세 이상 ~ 만 39세 이하,만 40세 이상",,,"1. 5년 이상 중·장기복무 제대(예정) 군인
2. 의무복무 제대군인 중 전역 후 3년 이내의 취업맞춤특기병, 저소득·모범장병, 등급미달 경상이자",,"예비창업자,1년미만,2년미만,3년미만,5년미만,7년미만,10년미만",창업교육,20260526,20260615,,,"온라인 접수: https://vnet.go.kr/esta/EstaLcr002D.do?idx=5640
이메일 접수: 공고문 확인 필요
기타 접수: 담당자 유선 연락을 통한 교육 신청(044-202-5732)",https://www.k-startup.go.kr/web/contents/bizpbanc-ongoing.do?schM=view&pbancSn=177810,main,primary,경기북부2026년제4회제대군인창업워크숍개최안내,공공기관,20260526~20260615,창업교육,창업교육
kst,177809,2026년 제 4회 경기광주시 창업누림 로컬 창업 아이디어 공모전,"경기광주시 청년지원센터 창업누림에서는 지역 자원과 산업을 활용한 혁신적인 아이디어를 가진 우수한 로컬 콘텐츠를 발굴하여 지역경제 활성화를 도모하기 위하여 「2026년 제 4회 광주시 창업누림 로컬 창업 아이디어 공모전」참가자 모집하오니, 관심 있는 광주시 청년들의 많은 참여를 바랍니다.",행사/네트워크,지자체,경기도,"대학생,일반인,대학,연구기관,일반기업,1인 창조기업","기업,누구나,예비창업자,청년,초기창업기업",만 20세 이상 ~ 만 39세 이하,20,39,"경기광주시 청년(거주·재직·재학·활동) 예비창업자* 초기창업자* 도약창업자*
- 청년(거주·재직·재학·활동) 증빙 첨부 필수
- 공고문 참고

이전 로컬 창업 아이디어 공모전 입상자도 지원은 가능하지만 수상 이력이 있는 연관성 있는 아이디어는 제출이 불가능하며, 미 입상자는 기존 내용을 보완한 경우에 한하여 제출 가능
※ 적격자가 없을 경우 상격이 축소될 수 있음",,"예비창업자,1년미만,2년미만,3년미만,5년미만,7년미만",행사ㆍ네트워크,20260615,20260720,,,이메일 접수: 공고문 확인 필요,https://www.k-startup.go.kr/web/contents/bizpbanc-ongoing.do?schM=view&pbancSn=177809,main,primary,2026년제4회경기광주시창업누림로컬창업아이디어공모전,지자체,20260615~20260720,행사ㆍ네트워크,행사ㆍ네트워크
kst,177808,메이커 스페이스,각종 인증 획득에 필요한 비용을 지원하는 인증 지원 패키지 수혜기업을 다음과 같이 모집하오니 관심 있는 기업의 많은 참여 바랍니다.,시설/공간,교육기관,전국,"일반기업,1인 창조기업","기업,초기창업기업","만 20세 이상 ~ 만 39세 이하,만 40세 이상",,,"국내 제조기업
(세부내용 공고문 참조)

공고문 참조",,"1년미만,2년미만,3년미만,5년미만,7년미만,10년미만",시설ㆍ공간ㆍ보육,20260522,20260605,,,이메일 접수: 공고문 확인 필요,https://www.k-startup.go.kr/web/contents/bizpbanc-ongoing.do?schM=view&pbancSn=177808,main,primary,메이커스페이스,교육기관,20260522~20260605,시설ㆍ공간ㆍ보육,시설ㆍ공간ㆍ보육
kst,177806,민관협력 오픈이노베이션 지원사업,중견기업과 스타트업 간 협력을 통한 동반 성장 지원을 위해 「2026년 민관협력 오픈이노베이션 지원사업」 중견기업-스타트업 오픈이노베이션 협업 과제 수행에 참여할 스타트업을 모집합니다.,행사/네트워크,공공기관,전국,일반인,누구나,"만 20세 이상 ~ 만 39세 이하,만 40세 이상",,,"공고일 기준 창업 7년 이내인 창업기업
※ 상세내용은 공고문 내 &apos;신청 자격&apos; 확인",,"1년미만,2년미만,3년미만,5년미만,7년미만",행사ㆍ네트워크,20260526,20260615,,,온라인 접수: https://www.k-startup.go.kr/web/contents/webPMSBizUnvs.do?returnUrl=/screen/BMO0101M01?pbancId=0670701,https://www.k-startup.go.kr/web/contents/bizpbanc-ongoing.do?schM=view&pbancSn=177806,main,primary,민관협력오픈이노베이션지원사업,공공기관,20260526~20260615,행사ㆍ네트워크,행사ㆍ네트워크
kst,177805,2026년 세종시 나성동 'AI융합창업보육센' 신규 입주기업 모집 공고문,"세종특별자치시와 (재)세종창조경제혁신센터는 신도심(나성동) 내 ICT 기술창업 거점을 마련하고 초기 창업기업의 안정적인 성장을 지원하기 위해「나성동 창업보육센터」에 입주할 기업을 다음과 같이 모집하오니, 역량 있는 예비창업자 및 창업기업의 많은 관심과 참여 바랍니다.",시설/공간,공공기관,세종특별자치시,"일반기업,1인 창조기업","기업,초기창업기업","만 20세 미만,만 20세 이상 ~ 만 39세 이하,만 40세 이상",,,"◦ 세종시 내 창업 예정자
    - 단, 최종 선정 시 입주 개시일로부터 6개월 이내에 본 센터로 사업자등록 필수
  ◦ 공고일 기준 업력 7년 이내의 스타트업
    - 타 시·도 소재 기업의 경우, 선정 시 입주 개시일로부터 3개월 이내에 세종시 관내(본 센터)로 본사 혹은 기업부설연구소(연구개발전담부서 포함) 소재지 이전 필수

◦ 타 창업 지원기관 입주자 지원 불가(세종창업빌, 세종창업키움센터, 세종테크노파크 등) 
      ※ 단, 기존 플랫폼 계약종료 3개월 전부터 지원 가능
  ◦「산업집적활성화 및 공장설립에 관한 법률」에 따른 제한 업종
  ◦「대기환경보전법」에 의한 특정대기유해물질,「물환경보전법」에 의한 특정수질유해물질,
  ◦「악취방지법」에 의한 악취물질 배출이 예상되는 업종
  ◦「위험물관리법」에 의한 위험물을 저장ㆍ취급하는 업종
  ◦ 금융기관으로부터 불량거래자로 규제 중인 사업자
  ◦ 소음, 진동 등 공해 다발업종
  ◦ 휴·폐업중인 사업자
  ◦ 그밖에 평가를 통해 센터 입주에 부적합하다고 판단 되는 자",,"예비창업자,7년미만",시설ㆍ공간ㆍ보육,20260522,20260619,,,이메일 접수: 공고문 확인 필요,https://www.k-startup.go.kr/web/contents/bizpbanc-ongoing.do?schM=view&pbancSn=177805,main,primary,2026년세종시나성동ai융합창업보육센신규입주기업모집공고문,공공기관,20260522~20260619,시설ㆍ공간ㆍ보육,시설ㆍ공간ㆍ보육
kst,177804,제 1회 지역거점 창업센터 연합 정기 IR  ⌜KW SPACE 6⌟,"광운대학교 산학협력단 창업보육센터 입주기업들이 참여하여 아이디어를 넘어 실제 사업으로 성장 중인 다양한 창업 아이템과 서비스를 선보일 예정입니다.
예비창업자, 스타트업, 투자 및 창업 생태계에 관심 있는 누구나 자유롭게 참관 가능하오니 많은 참여 바랍니다.",행사/네트워크,교육기관,서울특별시,"청소년,대학생,일반인,대학,연구기관,일반기업,1인 창조기업","기업,누구나,예비창업자,청년,초기창업기업","만 20세 미만,만 20세 이상 ~ 만 39세 이하,만 40세 이상",,,"예비창업자, 스타트업, 투자 및 창업 생태계에 관심 있는 누구나",,"예비창업자,1년미만,2년미만,3년미만,5년미만,7년미만,10년미만",행사ㆍ네트워크,20260522,20260528,,,온라인 접수: https://forms.gle/BTsPiKuEGZWvCQ3n8,https://www.k-startup.go.kr/web/contents/bizpbanc-deadline.do?schM=view&pbancSn=177804,main,primary,제1회지역거점창업센터연합정기irkwspace6,교육기관,20260522~20260528,행사ㆍ네트워크,행사ㆍ네트워크
kst,177803,「로봇 기반 공간컴퓨팅 창업지원」 2026년 예비창업 및 초기창업기업 지원기업 모집공고,"과학기술정보통신부와 대구광역시가 지원하는 「2026년 로봇기반 공간컴퓨팅 창업지원사업」의 예비창업(팀) 및 초기창업기업 지원을 위한 과제를 수행할 예비창업자 및 참여기업을 다음과 같이 모집하고자 하오니, 많은 신청 바랍니다.",창업,공공기관,전국,"청소년,대학생,일반인,대학,연구기관,일반기업,1인 창조기업","기업,누구나,예비창업자,청년,초기창업기업","만 20세 미만,만 20세 이상 ~ 만 39세 이하,만 40세 이상",,,"- 초기창업 기업 : 사업자등록상 개업일을 기준으로 공고일 현재 창업 7년 이내의 기업
- 예비창업팀 : 공고일 기준 신청자 명의의 사업자등록 또는 법인 설립 등 기가 없는 자들로 구성된 예비 창업팀(1명 이상)

※자세한 사항은 공고문 참조",,"예비창업자,7년미만",사업화,20260522,20260615,,,이메일 접수: 공고문 확인 필요,https://www.k-startup.go.kr/web/contents/bizpbanc-ongoing.do?schM=view&pbancSn=177803,main,primary,로봇기반공간컴퓨팅창업지원2026년예비창업및초기창업기업지원기업모집공고,공공기관,20260522~20260615,사업화,사업화
kst,177802,2026년 한국철도공사 상생형 창업·벤처기업 지원사업 모집공고,"철도산업분야 창업・벤처기업의 성장촉진 및 상생협력을 도모하고, 기업의 아이디어 사업화・판로확대 지원 등을 통해 기업역량 강화 및 일자리 창출에 기여하고자 사업화 자금을 지원하오니 많은 신청 바랍니다.",창업,교육기관,전국,일반기업,기업,"만 20세 미만,만 20세 이상 ~ 만 39세 이하,만 40세 이상",,,"철도관련 사업분야 창업·벤처기업
* 「중소기업창업 지원법」제2조에 따른 중소기업이면서,
① 창업기업 : 「중소기업창업 지원법」 제2조에 의한 창업기업(창업 7년 이내) 또는
② 벤처기업 : 「벤처기업육성에 관한 특별조치법」 제2조의2에 의한 벤처기업(창업 7년 초과 가능)",,"1년미만,2년미만,3년미만,5년미만,7년미만,10년미만",사업화,20260522,20260608,,,이메일 접수: 공고문 확인 필요,https://www.k-startup.go.kr/web/contents/bizpbanc-ongoing.do?schM=view&pbancSn=177802,main,primary,2026년한국철도공사상생형창업벤처기업지원사업모집공고,교육기관,20260522~20260608,사업화,사업화
kst,177801,경기창업혁신공간 운영,경기도경제과학진흥원은 경기 북서부권역 내 예비창업자 및 초기 창업기업을 대상으로 업무 공간 및 기술·경영 지원을 통하여 우수 벤처기업을 육성하고자 아래와 같이 신규 입주기업을 모집하오니 많은 관심과 신청 바랍니다.,시설/공간,공공기관,경기도,"청소년,대학생,일반인,대학,연구기관,일반기업,1인 창조기업","기업,누구나,청년,초기창업기업","만 20세 미만,만 20세 이상 ~ 만 39세 이하,만 40세 이상",,,"업력조건 또는 경영실적조건(3개 중 1개 이상 해당) 충족 시 지원 가능
- 초기(틔움) : 업력조건(예비 ~ 1년 미만 창업 기업)
- 도약(키움) : 업력조건(창업 1년 이상 ~ 3년 미만 기업) 또는 경영실적조건(매출 1억, 투자 1천만, 고용 2명)

◦ 국세 또는 지방세 체납 중인 기업
◦ 정부 지원 사업 및 유관 기관 사업에 참여 제한 대상으로 제재 중인 기업
◦ 「경기도 법위반기업에 대한 기업지원 제한 조례」 제6조 의거 공고일로부터 최근 2년 이내 하기 11개 관련 법 위반 사실이 있는 기업(1회 이상, 총점에서 20% 감점 적용)
❶ (공정) ① 공정거래법 ② 하도급법 ③ 표시광고법 ❷ (노동) ④ 근로기준법 ⑤ 산업안전보건법
❸ (환경) ⑥ 폐기물관리법 ⑦ 대기환경보전법 ⑧ 소음진동관리법 ⑨ 물환경보전법
❹ (납세) ⑩ 국세기본법 ⑪ 지방세기본법",,"예비창업자,1년미만,2년미만,3년미만,5년미만,7년미만,10년미만",시설ㆍ공간ㆍ보육,20260522,20260612,,,이메일 접수: 공고문 확인 필요,https://www.k-startup.go.kr/web/contents/bizpbanc-ongoing.do?schM=view&pbancSn=177801,main,primary,경기창업혁신공간운영,공공기관,20260522~20260612,시설ㆍ공간ㆍ보육,시설ㆍ공간ㆍ보육
kst,177800,관광 글로벌 챌린지 프로그램(추경),문화체육관광부와 한국관광공사는 국내 유망 관광기업의 해외진출 지원을 위해 「2026 관광 글로벌 챌린지 프로그램(추경) 」 을 추진하고 있습니다. 동 사업에 참여할 기업을 아래와 같이 공모하오니 많은 관심과 참여 바랍니다.,판로/수출,공공기관,전국,일반기업,기업,"만 20세 미만,만 20세 이상 ~ 만 39세 이하,만 40세 이상",,,"관광분야 해외 진출 희망 중소기업(세부사항 공고문 참조)

세부사항 공고문 참조",,"예비창업자,1년미만,2년미만,3년미만,5년미만,7년미만,10년미만",글로벌,20260520,20260605,,,기타 접수: 희망 액셀러레이터 선택하여 개별 이메일 제출(세부사항 공고문 참조),https://www.k-startup.go.kr/web/contents/bizpbanc-ongoing.do?schM=view&pbancSn=177800,main,primary,관광글로벌챌린지프로그램추경,공공기관,20260520~20260605,글로벌,글로벌
kst,177798,선문대학교 아산창업 마스터클래스 아카데미,"지역 일반인 및 (예비)창업자를 발굴, 육성하여 창업 역량을 강화하고, 실전형 교육을 통해 사업자 등록과 안정적인 시장 진입을 지원하며, 나아가 글로벌 시장 진출까지 연계하는 창업 성장 기반을 마련",창업,민간,충청남도,"청소년,대학생,일반인,대학,연구기관,일반기업,1인 창조기업","기업,누구나,예비창업자,청년,초기창업기업","만 20세 미만,만 20세 이상 ~ 만 39세 이하,만 40세 이상",,,"아산시 지역민, 예비창업자 or 초기창업자 등 30여명
*아산시 거주(직장포함) 우선",,"예비창업자,1년미만",창업교육,20260522,20260615,,,온라인 접수: https://form.naver.com/response/WqClM50rc6OdDAssNGqNqw,https://www.k-startup.go.kr/web/contents/bizpbanc-ongoing.do?schM=view&pbancSn=177798,main,primary,선문대학교아산창업마스터클래스아카데미,민간,20260522~20260615,창업교육,창업교육
kst,177797,"2026년 투·융자 연계 기술개발사업  정책지정형(전략기술 분야) 시행계획 재공고(스케일업 팁스, 글로벌 팁스)","2026년 투·융자 연계 기술개발 정책지정형(전략기술 분야)의 지원계획을 다음과 같이 공고하오니, 동 사업에 참여하고자 하는 공공연구성과 기반 창업기업은 사업안내에 따라 신청하시기 바랍니다.",창업,공공기관,전국,"일반기업,1인 창조기업","기업,초기창업기업","만 20세 미만,만 20세 이상 ~ 만 39세 이하,만 40세 이상",,,"※ 공고문 참조

※ 공고문 참조",,"예비창업자,1년미만,2년미만,3년미만,5년미만,7년미만,10년미만",사업화,20260522,20260605,,,온라인 접수: https://www.iris.go.kr/contents/retrieveBsnsAncmView.do,https://www.k-startup.go.kr/web/contents/bizpbanc-ongoing.do?schM=view&pbancSn=177797,main,primary,2026년투융자연계기술개발사업정책지정형전략기술분야시행계획재공고스케일업팁스글로벌팁스,공공기관,20260522~20260605,사업화,사업화
kst,177796,마포비즈니스센터,마포비즈니스센터 입주기업 모집을 아래와 같이 진행하오니 입주를 희망하시는 (예비)창업자는 안내에 따라 신청하기 바랍니다.,시설/공간,지자체,서울특별시,"청소년,대학생,일반인,대학,연구기관,일반기업,1인 창조기업","기업,누구나,예비창업자,청년,초기창업기업","만 20세 미만,만 20세 이상 ~ 만 39세 이하,만 40세 이상",,,"예비창업자 또는 창업 후 7년 이내인 기업 / 개업연월일 기준
※ 예비창업자의 경우 3개월 이내 창업 필수(사업자등록증 제출)
중소기업창업 지원법」 제2조에 따른 ‘창업자(창업기업)

타 창업보육센터에서 퇴거 조치 당한 기업은 신청 불가",,"예비창업자,1년미만,2년미만,3년미만,5년미만,7년미만",시설ㆍ공간ㆍ보육,20260527,20260610,,,이메일 접수: 공고문 확인 필요,https://www.k-startup.go.kr/web/contents/bizpbanc-ongoing.do?schM=view&pbancSn=177796,main,primary,마포비즈니스센터,지자체,20260527~20260610,시설ㆍ공간ㆍ보육,시설ㆍ공간ㆍ보육
kst,177795,2026년 하반기 KDB NextONE 부산 5기 기업 모집,한국산업은행은 대한민국 경제 양대축의 하나인 동남권 지역 內 스타트업 발굴 및 육성을 위해 2026년 하반기「KDB NextONE 부산 5기」모집을 다음과 같이 공고합니다.,시설/공간,민간,부산광역시,"대학생,일반인,대학,연구기관,일반기업,1인 창조기업","기업,누구나,청년,초기창업기업","만 20세 이상 ~ 만 39세 이하,만 40세 이상",,,"혁신성장산업*을 영위하는 창업 7년 이내 유망 스타트업 (KDB NextONE 13기, KDB NextONE 광주 1기와 중복지원 불가)
* 「혁신성장 공동기준」에서 정하는 품목 (‘별첨2’ 참조)

모집 제한 (하기 요건 위배가 추후 확인되는 경우 선발 취소 예정)
○ 사행성, 향락업종 등 사회 건전한 풍속을 해하는 업종 영위기업
(벤처기업육성에 관한 특별법 시행령 제2조의4 벤처기업 제외업종 포함)
○ 채무불이행 및 부실기업
- 국세, 지방세 등의 체납기업 등
- 채무불이행 및 신용불량 등으로 금융거래가 어려운 기업 - 부도 또는 휴·폐업 기업
- 파산·회생절차·개인 회생절차의 개시 신청이 이루어진 경우 - 부채비율 1,000% 이상 또는 최근 결산기준 자본전액잠식*
* 단, 공고마감일 기준 창업 3년 미만 중소기업 또는 결산일 이후 투자유치를 통해 상기 요건 사유 해소되어 산업은행에서 인정하는 경우는 제외",,"1년미만,2년미만,3년미만,5년미만,7년미만",시설ㆍ공간ㆍ보육,20260506,20260602,,,온라인 접수: www.kdbnextone.kr,https://www.k-startup.go.kr/web/contents/bizpbanc-deadline.do?schM=view&pbancSn=177795,main,primary,2026년하반기kdbnextone부산5기기업모집,민간,20260506~20260602,시설ㆍ공간ㆍ보육,시설ㆍ공간ㆍ보육
kst,177794,K×CROSSBORDER Hackathon 2026,"Don't just study in Korea. Build a startup only you can build.
2-day intensive program where international students leverage their dual-market advantage to create a real startup using AI tools, followed by 3 weeks of personalized coaching to develop a business execution plan and explore the Korean startup visa pathway.",행사/네트워크,민간,서울특별시,"대학생,1인 창조기업","청년,초기창업기업",만 20세 이상 ~ 만 39세 이하,20,39,"- International student currently enrolled in a Korean university
- Undergraduate, graduate, or doctoral student
- Fluent in English communication
- Individual or team of 2-3 people
- Available for in-person attendance near TIPS TOWN, Seoul on June 6-7, 2026
- Able to complete pre-learning content by June 5, 2026

- Korean nationals
- Not currently enrolled in a Korean university
- Unable to attend in-person on June 6-7, 2026",,"예비창업자,1년미만,2년미만,3년미만",행사ㆍ네트워크,20260522,20260602,,,온라인 접수: https://ucahackathon.vercel.app/,https://www.k-startup.go.kr/web/contents/bizpbanc-deadline.do?schM=view&pbancSn=177794,main,primary,kcrossborderhackathon2026,민간,20260522~20260602,행사ㆍ네트워크,행사ㆍ네트워크
kst,177791,청년 창업아카데미(G-Space@East) 운영,"지역 내 창업기업이 필요로 하는 온라인 디지털마케팅 전략 실행 도구를 수요자 중심으로 세분화하고, 
맞춤형으로 지원함으로써 스타트업이 온라인 시장에서 경쟁력을 갖추고 지속적으로 성장할 수 있도록 지원하는 
｢2026년 창업기업 디지털마케팅 지원사업｣에 참여할 창업기업을 모집하오니 많은 참여 바랍니다.",시설/공간,공공기관,전국,"대학생,일반인,대학,연구기관,일반기업,1인 창조기업","기업,누구나,청년,초기창업기업","만 20세 이상 ~ 만 39세 이하,만 40세 이상",,,"경남 동부권(양산, 김해, 밀양) 소재 업력 7년 이내 창업기업

※ 타 지역 지원자 등 상세 신청자격은 동 공고 (2page) “2. 신청자격 및 제외대상” 참조",,7년미만,시설ㆍ공간ㆍ보육,20260522,20260622,,,온라인 접수: https://www.gnstartup.kr/business/8339db24-725a-45bc-baf9-d778adc7b0d8/10602/detail,https://www.k-startup.go.kr/web/contents/bizpbanc-ongoing.do?schM=view&pbancSn=177791,main,primary,청년창업아카데미gspaceeast운영,공공기관,20260522~20260622,시설ㆍ공간ㆍ보육,시설ㆍ공간ㆍ보육
kst,177790,해양신산업 인큐베이팅 지원 사업,해양수산 신산업 분야 유망 창업기업의 사업화 역량 강화 및 기업 자생력 제고를 위해 2026년도「블루 스타트업 지원사업」에 참여할 해양수산 분야 예비창업자 및 창업 3년 이내 기업을 다음과 같이 모집합니다.,창업,공공기관,전국,"일반기업,1인 창조기업","기업,예비창업자,초기창업기업","만 20세 미만,만 20세 이상 ~ 만 39세 이하,만 40세 이상",,,"해양수산 분야 예비창업자 및 창업 3년 이내 기업

- 기업의 부도, 휴·폐업 중이거나 최근 결산 기준 자본전액잠식인 경우
- 세무당국에 의하여 국세, 지방세 등의 체납처분을 받은 경우 
- 「신용정보의 이용 및 보호에 관한 법률」 제4조에 따라 허가받은 신용정보회사에서 기업채무 불이행 등 비정상 또는 불량 거래처로 확인된 경우
- 파산·회생절차·개인회생 절차의 개시 신청이 이루어진 경우
  (단, 법원의 인가를 받은 회생/변제 계획에 따라 채무변제를 정상 이행하고 있는 경우 예외)
- 기업, 대표이사 또는 수행책임자가 접수마감일 현재 국가연구 개발사업에 참여제한 중인 경우
- 동일(유사)한 아이템(기술)로 정부·지자체 창업지원사업 등의 지원을 받은 이력이 있거나 받고 있는 기업
- 지원 자금으로 사행산업 등 경제질서 및 미풍양속에 현저히 어긋나는 업종을 영위하고자 하는 자  
- 3년 내 블루스타트업 지원사업(사업화 자금 사업) 수혜 이력이 있는 경우",,"예비창업자,1년미만,2년미만,3년미만",사업화,20260521,20260602,,,온라인 접수: https://badabom.go.kr/adm/stup/pbanc/edit/view.do,https://www.k-startup.go.kr/web/contents/bizpbanc-deadline.do?schM=view&pbancSn=177790,main,primary,해양신산업인큐베이팅지원사업,공공기관,20260521~20260602,사업화,사업화
kst,177789,2026년 4회차 지식재산 무료 초청교육 수요조사,"한국특허정보원은 개인, 소기업등 지식재산 정보가 필요한 다양한 계층을 대상으로 지식재산권과 관련된 폭넓은 교육기회를 제공하고자 「지식재산권 무료초청 교육」을 개최하오니, 관심있는 분들의 많은 참여를 부탁드립니다.",창업,공공기관,전국,"청소년,대학생,일반인,대학,연구기관,일반기업,1인 창조기업","기업,누구나,청년,초기창업기업","만 20세 미만,만 20세 이상 ~ 만 39세 이하,만 40세 이상",,,"지식재산교육이 필요한 개인 신청자
(5인 미만 기업의 경우 개인 자격으로만 신청이 가능합니다)

참석자 5인이상의 기업, 학교, 공공기관 등 단체",,"예비창업자,1년미만,2년미만,3년미만,5년미만,7년미만,10년미만",창업교육,20260527,20260621,,,온라인 접수: https://m.site.naver.com/28s1e,https://www.k-startup.go.kr/web/contents/bizpbanc-ongoing.do?schM=view&pbancSn=177789,main,primary,2026년4회차지식재산무료초청교육수요조사,공공기관,20260527~20260621,창업교육,창업교육
kst,177788,임팩트창업『소셜NOVA』참가자모집,"성남시청소년청년재단 판교유스센터는 네오위즈 마법나무재단과의 공동기획사업으로, 사회적 가치 실현 목적성을 가진 청년 예비창업팀이 창의적이고 실행력 있는 창업 활동을 수행할 수 있도록 임팩트창업 아이템 개발과 사업화 준비를 지원하고자 합니다. 청년 여러분의 많은 관심과 지원 바랍니다.
지원대상연령은 만19세~34세 입니다.",창업,공공기관,경기도,"대학생,일반인","누구나,예비창업자,청년",만 20세 이상 ~ 만 39세 이하,20,39,"- 지원자격: 청년(만19~34세) 2인 이상으로 구성된 예비창업팀
    ※ 공고일(2026년 5월) 기준, 팀원 모두 1992년 6월 ~ 2007년 6월 출생자여야 함.
    ※ 대표자는 반드시 성남시 거주 또는 활동(재학·재직 등)을 증명할 수 있는 증빙자료 제출.

❍ 지정 일정 및 정기모임에 팀원 전원 필수 참석
 ❍ 선정취소요건(불이익이 있거나 선정이 취소될 수 있습니다.)
    - 학교 과제의 목적으로 이용
    - 특정 종교 관련 포교 및 선교 활동의 경우
    - 정치성/종교성/사행성 모임 등
    - 타 기관으로부터 동일한 사업 창업 아이템으로 사업 지원을 받는 경우
    - 법적 결격사유가 있는 자
    - 사업내용을 통해 부당한 이익을 취득하려는 경우(갈취 및 착취 등)
    - 이미출시된(기성품) 제품으로 창업화 하려는 경우
  ❍ 심사내용은 공개되지 않으며 제출된 서류는 반환되지 않습니다.",,"예비창업자,3년미만",사업화,20260518,20260615,,,이메일 접수: 공고문 확인 필요,https://www.k-startup.go.kr/web/contents/bizpbanc-ongoing.do?schM=view&pbancSn=177788,main,primary,임팩트창업소셜nova참가자모집,공공기관,20260518~20260615,사업화,사업화
kst,177786,[공고] 용인 DeepTech STARTUP Batch 2026 참가자 모집,용인시산업진흥원에서는 KAIST청년창업투자지주㈜와 함께 용인 소재 딥테크 분야 예비창업자 또는 창업기업의 사업화 역량 강화 및 투자유치 경쟁력 제고를 위한 「용인 DeepTech STARTUP Batch 2026」액셀러레이팅 프로그램을 운영하오니 관심 있는 분의 많은 참여 바랍니다.,창업,공공기관,경기도,"대학생,일반인,일반기업,1인 창조기업","기업,누구나,예비창업자,청년,초기창업기업","만 20세 미만,만 20세 이상 ~ 만 39세 이하,만 40세 이상",,,"ㆍ 권역/지역: 용인시 소재
 ㆍ 업력: 창업 7년 미만 기업 또는 예비창업자 (*예비창업자 범위: 용인시민, 용인 소재 대학생, 용인 소재 사업장 재직자)
 ㆍ 분야: 반도체·AI·바이오헬스 등 딥테크 분야

ㆍ 창업 제외 업종: 「중소기업창업지원법 시행령」 제4조에 해당하는 업종   
 ㆍ 세금 및 채무: 지방세·국세 체납 기업, 금융기관 등 채무불이행 중인 기업   
 ㆍ 사업 상태: 부도 또는 휴·폐업 중인 기업   
 ㆍ 제재 사항: 진흥원 및 유관기관 사업 참여 제한 제재 중인 자 또는 기업   
 ㆍ 기타: 제출 서류가 허위로 판명된 경우",,"예비창업자,1년미만,2년미만,3년미만,5년미만,7년미만",사업화,20260522,20260619,,,온라인 접수: https://event-us.kr/kvi/event/126060,https://www.k-startup.go.kr/web/contents/bizpbanc-ongoing.do?schM=view&pbancSn=177786,main,primary,공고용인deeptechstartupbatch2026참가자모집,공공기관,20260522~20260619,사업화,사업화
kst,177785,2026 밀라노 'Mipel 130' 가죽 제품 전시회 공동 브랜드관 참가사 모집 공고,"서울시 강동가죽제조지원센터는 가죽·패션 산업분야의 국내시장 한계 극복을 위하여 해외시장 진출을 모색중인 디자이너브랜드 및 가죽패션 제조 소공인의 해외전시 참가지원을 아래와 같이 진행하고자 하오니, 관심있는 기업의 적극적인 참여를 바랍니다.",판로/수출,지자체,서울특별시,"일반기업,1인 창조기업","기업,초기창업기업","만 20세 미만,만 20세 이상 ~ 만 39세 이하,만 40세 이상",,,"공통사항:  서울시 소재 가죽·패션 산업분야 제조소공인 및 브랜드

부문 1: 디자이너 브랜드 (4개사)
- 2 시즌 이상 제품 출시 포트폴리오 보유
- 국내 유통 채널을 보유한 제조 기반 디자이너 브랜드
- 신청일 기준 참여 예정인 제품이 제작완료 상태로, 생산 계획이 수립되어 해외 전시에 판매 및 출고 가능한 제품 보유

부문 2: 제조 소공인
- 해외 전시/수주회 참여를 통해 해외 OEM 비즈니스를 희망하는 가죽·패션 산업 분야 제고소공인
- 사업자등록증 상 가죽관련 제조업 등록 소공인
- 신청일 기준 OEM 생산, 기업연계 경험 보유 기업",,"예비창업자,1년미만,2년미만,3년미만,5년미만,7년미만,10년미만",판로ㆍ해외진출,20260518,20260609,,,이메일 접수: 공고문 확인 필요,https://www.k-startup.go.kr/web/contents/bizpbanc-ongoing.do?schM=view&pbancSn=177785,main,primary,2026밀라노mipel130가죽제품전시회공동브랜드관참가사모집공고,지자체,20260518~20260609,판로ㆍ해외진출,판로ㆍ해외진출
kst,177784,호남 엔젤리더스포럼과 함께하는 청년 스타트업 살롱 in 광주전남,호남 엔젤리더스포럼과 함께하는 청년 스타트업 살롱 in 광주전남 행사를 다음과 같이 공고하오니 많은 관심과 참여 부탁드립니다.,행사/네트워크,공공기관,광주광역시,"청소년,대학생,일반인,대학,연구기관,일반기업,1인 창조기업","기업,누구나,스타트업,청년,초기창업기업","만 20세 미만,만 20세 이상 ~ 만 39세 이하,만 40세 이상",,,"(예비)창업가, 대학생 등 창업에 관심있는 누구나",,"예비창업자,1년미만,2년미만,3년미만,5년미만,7년미만",행사ㆍ네트워크,20260521,20260604,,,온라인 접수: https://event-us.kr/angelleadersforum/event/125763,https://www.k-startup.go.kr/web/contents/bizpbanc-ongoing.do?schM=view&pbancSn=177784,main,primary,호남엔젤리더스포럼과함께하는청년스타트업살롱in광주전남,공공기관,20260521~20260604,행사ㆍ네트워크,행사ㆍ네트워크
kst,177783,2026년 여성CEO 비즈니스 아카데미 호남권역 시즌 1,"안녕하세요. 2026년, 기업의 변화와 성장을 준비하는 여성 CEO 여러분!
2026년은 정책, 경제, 트렌드, 기술 등 다양한 분야에서 큰 변화가 이루어지고 있으며, 이에 발맞춰 새로운 성장 전략을 준비해야 할 중요한 시기입니다.「2026 여성 CEO 비즈니스 아카데미 권역별 교육」은 기업의 다음 단계 성장을 고민하는 여성 CEO들에게 실질적이고 의미 있는 인사이트를 제공하기 위해 마련된 권역별 오픈특강입니다. 5월 27일(수) SETEC에서 진행하는 서울권역 시즌 1에 이어 호남권역 시즌 1을 진행합니다. 많은 관심 및 참여부탁드립니다.",창업,민간,광주광역시,"일반인,연구기관,일반기업,1인 창조기업","기업,누구나,여성,초기창업기업","만 20세 이상 ~ 만 39세 이하,만 40세 이상",,,기업의 성장을 고민하는 여성CEO(여성임원포함) 총 80명 / 선착순마감,,"1년미만,2년미만,3년미만,5년미만,7년미만,10년미만",창업교육,20260521,20260609,,,온라인 접수: https://forms.gle/7ZXaLL5n9QoAZXsH9,https://www.k-startup.go.kr/web/contents/bizpbanc-ongoing.do?schM=view&pbancSn=177783,main,primary,2026년여성ceo비즈니스아카데미호남권역시즌1,민간,20260521~20260609,창업교육,창업교육
kst,177782,2026년 특허출원·등록 비용 바우처 지원사업(상반기 5차),"국내 스타트업 및 중소기업의 혁신기술보호를 위해 ‘2026년 특허출원·등록 비용 바우처 지원사업’ 시행 계획을 다음과 같이 공고하오니, 사업에 참여하고자 하는 기업의 많은 신청 바랍니다.",창업,민간,전국,일반기업,기업,"만 20세 미만,만 20세 이상 ~ 만 39세 이하,만 40세 이상",,,"❍ 국내 특허출원·등록 비용 지원 희망 스타트업/중소기업
❍ 특허증 1건 이상의 지적재산권 보유 희망 기업(법인 또는 개인)
* 본 특허출원·등록 비용 바우처 지원사업은 기업당 최초 1회 1건만 선발 후 신규 특허등록지원",,"예비창업자,1년미만,2년미만,3년미만,5년미만,7년미만,10년미만",사업화,20260524,20260605,,,이메일 접수: 공고문 확인 필요,https://www.k-startup.go.kr/web/contents/bizpbanc-ongoing.do?schM=view&pbancSn=177782,main,primary,2026년특허출원등록비용바우처지원사업상반기5차,민간,20260524~20260605,사업화,사업화
kst,177781,창업도약패키지,"AI 전문 교육프로그램을 수료한 우수 인재 및 창업기업의 성장 지원을 위한 「2026년도 창업도약패키지(AI 인재 실증형)」도약기 창업기업 모집 사업설명회를 다음과 같이 진행하오니
관심 있는 도약기 창업자 및 창업기업께서는 많은 참여 부탁드립니다.",창업,공공기관,전국,"청소년,대학생,일반인,대학,연구기관,일반기업,1인 창조기업","기업,누구나,청년,초기창업기업","만 20세 미만,만 20세 이상 ~ 만 39세 이하,만 40세 이상",,,"딥테크 5대 분야의 도약기 창업기업* 으로서, 중앙정부 AI 양성과정 수료자(&apos;23~&apos;25년 수료) 채용 예정인 기업
 * 도약기 창업기업: 창업 후 3년~7년 이내 창업기업
 * 신산업 창업 분야(중소벤처기업부 고시 제2024-2호)에 해당하는 기업은 창업 후 10년 미만까지 신청 가능",,"예비창업자,1년미만,2년미만,3년미만,5년미만,7년미만,10년미만",사업화,20260522,20260529,,,온라인 접수: https://us06web.zoom.us/j/86108518573?pwd=c1FzyFbW7sZKQZHkCgaBtwTN2Sxufa.1,https://www.k-startup.go.kr/web/contents/bizpbanc-deadline.do?schM=view&pbancSn=177781,main,primary,창업도약패키지,공공기관,20260522~20260529,사업화,사업화
kst,177780,2026년도(2차) 서울어워드 우수제품 모집 공고,"서울경제진흥원에서는 서울소재 중소기업의 해외시장 진출에 적합한 우수제품을 ‘서울어워드(Seoul Awards)’로 선정하고, ‘서울어워드’ 선정제품의 글로벌 확산을 지원하고자 아래와 같이 참가제품을 모집하오니 서울소재 중소기업의 많은 참여를 바랍니다.",판로/수출,공공기관,서울특별시,일반기업,기업,"만 20세 미만,만 20세 이상 ~ 만 39세 이하,만 40세 이상",,,"❍ 지원자격 (아래 자격 요건 모두 충족 시 지원 가능)
   1. 중소기업기본법에서 규정한 중소기업 중 서울에 소재지를 둔 기업
     - 서울기업: 사업자등록증명원 본점주소, 법인등기부등본 지점주소, 기업부설연구소 또는 공장등록증명서 소재지 포함
   2. 신청기업이 직접 기획하여 제조 및 생산한 소비재 제품
    - OEM 신청가능(위수탁생산계약서 필수 제출), 단순수입·유통 및 ODM신청불가
   3. 현재 출시되어 판매 중인 제품

❍ 모집 제외대상
   1. 소프트웨어, 어플리케이션 등 무형 서비스 제품
   2. 단순 소분가공 식품
   3. 도서, 악기, 종교 관련 제품, 성인용품, 예술품(도예, 조소 등의 조형물)
   4. 식품‧의료기기 등 소비자의 건강과 직결되는 제품 중 효능‧효과를 증빙자료를 통해 확인이 어려운 제품
   5. 식약처 등 관계기관의 허가받지 않은 효능‧효과 등을 제공하거나 과장광고로 간주 될 수 있는 내용이 제품 및 홍보물에 표기된 제품
   6. 국세․지방세 및 금융기관 등 체납 중인 기업이 신청한 상품
   7. 접수 마감일 기준 기업의 부도, 휴‧폐업 중인 기업이 신청한 제품
   8. 판매된 제품에 대한 품질보증, 수리, 교환, 환불, 배상 등이 원천적으로 불가한 제품
   9. 사회적으로 물의를 일으켰거나 사회적 통념에 반하는 제품
   10. 기타 서울어워드 사업에 부적합하다고 판단되는 경우",,"1년미만,2년미만,3년미만,5년미만,7년미만,10년미만",글로벌,20260514,20260604,,,온라인 접수: https://smc.sba.kr/Pages/BusinessApply/PostingDetail.aspx?p=0&mid=1699cbfc-a34e-f111-b404-d4f5ef4a1e33,https://www.k-startup.go.kr/web/contents/bizpbanc-ongoing.do?schM=view&pbancSn=177780,main,primary,2026년도2차서울어워드우수제품모집공고,공공기관,20260514~20260604,글로벌,글로벌
kst,177778,경북콘텐츠기업지원센터 콘텐츠 기업 국내·외 판로개척 지원사업 참여기업 추가 모집,경북문화재단 콘텐츠진흥원 경북콘텐츠기업지원센터에서는 콘텐츠 IP와 관련 제품·서비스를 보유한 경북 콘텐츠기업을 대상으로 시장 진출 역량 강화를 위한 콘텐츠 기업 국내·외 판로개척 지원사업을 진행하오니 많은 참여 바랍니다.,판로/수출,공공기관,경상북도,일반기업,기업,"만 20세 미만,만 20세 이상 ~ 만 39세 이하,만 40세 이상",,,"경상북도 소재, 설립일로부터 4년 이상(48개월) 경과한 콘텐츠 기업
※ 기타 세부 사항 공고문 참조

지원 제한 대상 공고문 참조",,"5년미만,7년미만,10년미만",판로ㆍ해외진출,20260522,20260608,,,온라인 접수: https://www.bojo.go.kr/bojo.do?popShareUrl=/ia/getIA005100Popup.do?&bsnsyear=&wdrLcgvCode=&labSfrndCode=&manageBsnsId=&nttId=202641000008407700014A&pid=POPUP&title=%EA%B3%B5%EB%AA%A8%EC%A0%95%EB%B3%B4,https://www.k-startup.go.kr/web/contents/bizpbanc-ongoing.do?schM=view&pbancSn=177778,main,primary,경북콘텐츠기업지원센터콘텐츠기업국내외판로개척지원사업참여기업추가모집,공공기관,20260522~20260608,판로ㆍ해외진출,판로ㆍ해외진출
kst,177777,마포청년창업취업지원센터 나루 2026,"[창업] 청년창업가 기획자 양성(능력 있는 기획자의 듣고 말하기)을 진행하오니, 많은 관심과 지원 부탁드립니다.",창업,공공기관,서울특별시,"대학생,일반인,대학,연구기관,일반기업,1인 창조기업","기업,누구나,청년,초기창업기업",만 20세 이상 ~ 만 39세 이하,20,39,좋은 아이디어를 사람들에게 말하는 커뮤니케이션에 대해 관심 있는 예비 및 초기 청년 창업,,"예비창업자,1년미만,2년미만,3년미만",창업교육,20260521,20260527,,,온라인 접수: https://www.naroo.or.kr/bbs/content.php?co_id=program_view&np_seq=1264,https://www.k-startup.go.kr/web/contents/bizpbanc-deadline.do?schM=view&pbancSn=177777,main,primary,마포청년창업취업지원센터나루2026,공공기관,20260521~20260527,창업교육,창업교육
kst,177776,[강원창조경제혁신센터] 2026 강원BRIDGE X 창업BuS 5월 월간 데모데이,강원창조경제혁신센터 창업BuS 프로그램의 우수 스타트업 발굴을 희망하는 투자자 여러분과 관심있는 분들을 강원 BRIDGE X 창업BuS 5월 월간 데모데이에 초청합니다.,행사/네트워크,공공기관,강원특별자치도,"청소년,대학생,일반인,대학,연구기관,일반기업,1인 창조기업","기업,누구나,예비창업자,청년,초기창업기업","만 20세 미만,만 20세 이상 ~ 만 39세 이하,만 40세 이상",,,"- 강원창조경제혁신센터 창업BuS 프로그램의 우수 스타트업 발굴을 희망하는 투자자
-강원창조경제혁신센터 사업에 관심있는 유관기관 담당자
- 사업에 관심있는 창업자/예비창업자/투자자",,"예비창업자,1년미만,2년미만,3년미만,5년미만,7년미만,10년미만",행사ㆍ네트워크,20260521,20260525,,,온라인 접수: https://event-us.kr/fd/event/126581,https://www.k-startup.go.kr/web/contents/bizpbanc-deadline.do?schM=view&pbancSn=177776,main,primary,강원창조경제혁신센터2026강원bridgex창업bus5월월간데모데이,공공기관,20260521~20260525,행사ㆍ네트워크,행사ㆍ네트워크
kst,177775,분당서울대학교병원 2026년 경기도 의료협력 포럼 개최,"안녕하세요.
분당서울대학교병원에서 개최하는 '2026 경기도 의료협력 포럼' 을 안내드립니다. 
본 포럼은 급변하는 의료 시장의 흐름을 짚어보고, 유관 분야 전문가들과 함께 실질적인 협력 방안을 모색할 수 있는 뜻깊은 기회가 될 것입니다. 
특히 연사들의 핵심 강연과 더불어, 참가자 간의 긴밀한 소통을 위한 별도의 네트워킹 시간이 마련되어 있으니 활발한 정보 교류의 장을 함께 만들어주시기 바랍니다.
행사는 사전 신청자를 대상으로 진행되오니, 아래 정보 및 포스터의 QR코드를 확인하시어 사전 신청을 완료해 주시기 바랍니다. 
여러분의 많은 관심과 참여를 부탁드립니다.",행사/네트워크,공공기관,경기도,"대학생,일반인,연구기관,일반기업,1인 창조기업","기업,누구나,청년,초기창업기업","만 20세 미만,만 20세 이상 ~ 만 39세 이하,만 40세 이상",,,사전신청자 대상,,"1년미만,2년미만,3년미만,5년미만,7년미만,10년미만",행사ㆍ네트워크,20260521,20260615,,,온라인 접수: https://naver.me/FG37Xgr1,https://www.k-startup.go.kr/web/contents/bizpbanc-ongoing.do?schM=view&pbancSn=177775,main,primary,분당서울대학교병원2026년경기도의료협력포럼개최,공공기관,20260521~20260615,행사ㆍ네트워크,행사ㆍ네트워크
kst,177774,민간투자주도형 기술창업 활성화 지원,"전북특별자치도 정부출연연 보유 기술 기반 기획형 창업을 발굴·육성하고, 기술이전·사업화·투자 연계를 통한 전주기 지원을 추진하기 위하여 다음과 같이 (예비)창업기업을 모집하오니 많은 관심과 참여 바랍니다.",교육/멘토링,민간,전북특별자치도,"연구기관,일반기업,1인 창조기업","기업,예비창업자,초기창업기업","만 20세 이상 ~ 만 39세 이하,만 40세 이상",,,"전북특별자치도 내 10개 정부출연연구기관 보유 기술을 기반으로 창업을 준비 중이거나 사업을 영위하고 있는 예비창업자 또는 업력 7년 미만의 창업기업
  ① 정부출연연구기관 출신 연구원 (예비)창업자
  ② 연구소기업 설립을 추진 중이거나 설립 완료 기업
  ③ 정부출연연구기관 기술이전·공동연구 등 연계성을 기반으로 사업을 수행 중인 창업기업
  ④ 대학 교수 창업기업 중 정부출연연구기관과의 기술이전·공동연구 등 연계성이 인정되는 기업

< 전북지역 소재 10개 정부출연기관 리스트 >
①한국과학기술연구원(KIST), ②한국생명공학연구원(KRIBB), ③한국원자력연구원(KAERI), ④한국기초과학지원연구원(KBSI),
⑤국가독성과학연구소(KIT), ⑥한국식품연구원(KFRI), ⑦한국생산기술연구원(KITECH), ⑧한국에너지기술연구원(KIER),
⑨한국재료연구원(KIMS), ⑩한국핵융합에너지연구원(KFE)",,"예비창업자,1년미만,2년미만,3년미만,5년미만,7년미만",멘토링ㆍ컨설팅ㆍ교육,20260518,20260531,,,이메일 접수: 공고문 확인 필요,https://www.k-startup.go.kr/web/contents/bizpbanc-deadline.do?schM=view&pbancSn=177774,main,primary,민간투자주도형기술창업활성화지원,민간,20260518~20260531,멘토링ㆍ컨설팅ㆍ교육,멘토링ㆍ컨설팅ㆍ교육
kst,177773,2026년 서울창업허브 초기배치 프로그램「D-Connect 1기」모집공고,"D-Connect는 다날의 인프라와 스타트업을 연결하여 투자와 PoC를 통해 실질적인 성장을 지원하는 프로그램입니다.
다날과 함께 성장할 유망 스타트업의 많은 지원 바랍니다.",교육/멘토링,민간,서울특별시,"청소년,대학생,일반인,대학,연구기관,일반기업,1인 창조기업","기업,누구나,청년,초기창업기업","만 20세 미만,만 20세 이상 ~ 만 39세 이하,만 40세 이상",,,서울 소재 7년 미만 스타트업(신산업분야는 10년 이내),,7년미만,멘토링ㆍ컨설팅ㆍ교육,20260520,20260612,,,온라인 접수: https://docs.google.com/forms/d/e/1FAIpQLScn8U9pS1leDexnTvkNQQjyIjtAuycMaVypdCHzyztCwGo0IA/viewform,https://www.k-startup.go.kr/web/contents/bizpbanc-ongoing.do?schM=view&pbancSn=177773,main,primary,2026년서울창업허브초기배치프로그램dconnect1기모집공고,민간,20260520~20260612,멘토링ㆍ컨설팅ㆍ교육,멘토링ㆍ컨설팅ㆍ교육
kst,177772,미디어·콘텐츠 스타트업 육성 프로그램 : CRE-UP 2026,"방송미디어통신위원회와 한국전파진흥협회는 미디어·콘텐츠 산업 분야에서 유망 아이템을 보유한 초기 창업기업을 대상으로, 글로벌 시장 진출 역량 강화를 위한 교육·멘토링 및 글로벌 기업과의 사업화 검증 기회를 지원합니다. 본 프로그램에 참여할 스타트업을 아래와 같이 모집하오니, 많은 관심과 참여 바랍니다.",창업,민간,전국,일반기업,"기업,스타트업","만 20세 미만,만 20세 이상 ~ 만 39세 이하,만 40세 이상",,,"미디어·콘텐츠 산업 분야에서의 성장을 희망하는 창업기업 중, 최소기능제품(MVP)을 보유하고 있으며 아래 신청자격* 요건을 충족하는 창업기업(업력 및 업종 조건)
* (신청자격) 신청마감일 기준 창업 7년 이내로, 국세청 업종코드 ‘1인미디어콘텐츠창작자(940306)’ 또는 ‘미디어콘텐츠창작업(921505)’ 중 1개 이상 보유 필수",,7년미만,사업화,20260520,20260611,,,온라인 접수: https://meplex.co.kr/page/notice?bbs_id=table_style_000_1626657795664&mode=view&bbsctt_seq=1089&startPage=1&numPerPage=5&searchKey%5B%5D=estn_field_4%2Ctitle%20or%20content&searchValue%5B%5D=null%2Cnull,https://www.k-startup.go.kr/web/contents/bizpbanc-ongoing.do?schM=view&pbancSn=177772,main,primary,미디어콘텐츠스타트업육성프로그램creup2026,민간,20260520~20260611,사업화,사업화
kst,177771,관악S밸리 창업공간 운영,관악구와 (재)관악중소벤처진흥원에서는 관악구 창업의 중심인 관악S밸리 창업 공간을 중심으로 사무 공간 및 경영·기술 지원을 통해 우수 창업 기업을 육성하고자 신규 입주기업을 모집하오니 많은 관심과 신청 바랍니다.,시설/공간,공공기관,서울특별시,"청소년,대학생,일반인,대학,연구기관,일반기업,1인 창조기업","기업,누구나,예비창업자,청년,초기창업기업","만 20세 미만,만 20세 이상 ~ 만 39세 이하,만 40세 이상",,,"- 「벤처기업 육성에 관한 특별법」에 따른 벤처기업 
-  예비창업자
- 「중소기업창업 지원법」에 따른 창업기업(중소기업을 창업하여 사업을 개시한 날부터 7년이 지나지 아니한 기업)

- 중소기업창업지원법 시행령 제4조(창업에서 제외되는 업종)에 해당하는 자
- 입주 후 사업자등록증 상 본사, 지사 연구소를 입주 예정 공간 주소지로 이전이 불가능한 자
- 금융기관 등으로부터 채무불이행으로 규제 중인 자 또는 국세 또는 지방세를 체납 중인 대표자
- 소음, 진동, 폐수, 악취 등 환경 공해 업종 영위 사업자
- 공고일 현재 관악구 外 타 지자체, 공공/민간기관에서 사무 공간 제공 등 유사한 창업 지원 사업의 수혜를 받고 있는 자
  ※ 단, 입주개시일 이전에 사업 수혜 기간이 종료되거나 중도 포기한 기업은 신청 가능",,"예비창업자,1년미만,2년미만,3년미만,5년미만,7년미만,10년미만",시설ㆍ공간ㆍ보육,20260520,20260605,,,온라인 접수: https://www.gsva.or.kr/main/post/view.do?post_sn=3&search=UlVTRXgvS090NzV1MEZNcG96TTRxZz09,https://www.k-startup.go.kr/web/contents/bizpbanc-ongoing.do?schM=view&pbancSn=177771,main,primary,관악s밸리창업공간운영,공공기관,20260520~20260605,시설ㆍ공간ㆍ보육,시설ㆍ공간ㆍ보육
kst,177770,2026년 유한킴벌리 시니어 임팩트 4기 펠로우십 모집,시니어 분야 혁신적인 비즈니스 모델을 통해 초고령 사회문제를 해결하고자 하는 사회 혁신가들의 안정적 성장을 지원하기 위해 유한킴벌리와 함께일하는재단이 시니어 임팩트 펠로우십 프로그램을 기획 및 공동 운영하오니 많은 관심 부탁드립니다.,창업,민간,전국,일반기업,기업,"만 20세 미만,만 20세 이상 ~ 만 39세 이하,만 40세 이상",,,"혁신적인 시니어 분야 비즈니스 모델을 가지고 조직을 운영하는 사회 혁신 기업가 (※ 2026년4월30일, 공고일 기준 개인사업자 및 법인사업자 대상 지원 가능",,"1년미만,2년미만,5년미만,7년미만,10년미만",사업화,20260430,20260605,,,온라인 접수: https://docs.google.com/forms/d/e/1FAIpQLSe8_ShqTKDK1i-wzJthHalIMaihdLZpR-a7ra-FD0uKcMntCQ/viewform,https://www.k-startup.go.kr/web/contents/bizpbanc-ongoing.do?schM=view&pbancSn=177770,main,primary,2026년유한킴벌리시니어임팩트4기펠로우십모집,민간,20260430~20260605,사업화,사업화
kst,177769,2026 강남구 글로벌 스타트업 IR 활성화 사업(연장),"강남구 소재 우수 벤처·스타트업의 지속적인 성장을 지원하고, 글로벌 투자유치 및 해외 진출 역량 강화를 위한 IR 지원사업을 아래와 같이 공고하오니 관심 있는 우수 벤처·스타트업의 많은 참여 바랍니다.",판로/수출,민간,서울특별시,"대학생,일반인,대학,연구기관,일반기업,1인 창조기업","기업,누구나,스타트업,청년,초기창업기업","만 20세 미만,만 20세 이상 ~ 만 39세 이하,만 40세 이상",,,"공고일 현재 사업자등록증상 사업장 주소지가 강남구에 등록되어 있는 창업 후 7년 이내의 벤처 또는 창업기업

채무불이행으로 규제 중인 자 또는 기업, 국세·지방세 체납 중인 자, 신청일 현재 휴업 중인 기업, 중소기업 창업지원법 시행령 제4조에 따른 창업 제외 업종 영위 기업",,7년미만,판로ㆍ해외진출,20260601,20260605,,,이메일 접수: 공고문 확인 필요,https://www.k-startup.go.kr/web/contents/bizpbanc-ongoing.do?schM=view&pbancSn=177769,main,primary,2026강남구글로벌스타트업ir활성화사업연장,민간,20260601~20260605,판로ㆍ해외진출,판로ㆍ해외진출
kst,177768,중소벤처기업 미국 유통망 진출 지원 사업  기업 모집 계획(안),북미시장 진출을 희망하는 국내 우수 중소벤처기업을 대상으로 미국 주요 대형 유통망 입점 및 현지 판매 기반 구축을 지원하는 사업입니다. 관심 있는 중소벤처기업의 많은 참여 바랍니다.,판로/수출,민간,전국,"청소년,대학생,일반인,대학,연구기관,일반기업,1인 창조기업","기업,누구나,청년,초기창업기업","만 20세 미만,만 20세 이상 ~ 만 39세 이하,만 40세 이상",,,"미국 시장 진출 역량을 보유한 국내 중소벤처기업 중 IT하드웨어 및 소비재 분야 기업

신청서류 검토 및 개별 인터뷰 결과 미국 유통망 입점 추진이 어렵다고 판단되는 기업, 제품 인증·규격·공급 역량 등이 현지 유통망 요구조건에 부합하지 않는 기업은 참여가 제한될 수 있습니다.",,"예비창업자,1년미만,2년미만,3년미만,5년미만,7년미만,10년미만",판로ㆍ해외진출,20260520,20260522,,,이메일 접수: 공고문 확인 필요,https://www.k-startup.go.kr/web/contents/bizpbanc-deadline.do?schM=view&pbancSn=177768,main,primary,중소벤처기업미국유통망진출지원사업기업모집계획안,민간,20260520~20260522,판로ㆍ해외진출,판로ㆍ해외진출
kst,177766,2026년 2차 대전 팁스타운 팁스아카데미 : IR 자료 작성법,"대전 팁스타운에서 창업기업 대상 IR 자료 작성법 교육을 진행합니다.
많은 참여 부탁드립니다.",교육/멘토링,공공기관,대전광역시,"청소년,대학생,일반인,대학,연구기관,일반기업,1인 창조기업","기업,누구나,청년,초기창업기업","만 20세 미만,만 20세 이상 ~ 만 39세 이하,만 40세 이상",,,"대전 팁스타운 입주기업 및 지역 내 창업기업 등

없음",,"예비창업자,1년미만,2년미만,3년미만,5년미만,7년미만,10년미만",멘토링ㆍ컨설팅ㆍ교육,20260520,20260527,,,온라인 접수: https://forms.gle/qq7Xhs2XEGQDfnT18,https://www.k-startup.go.kr/web/contents/bizpbanc-deadline.do?schM=view&pbancSn=177766,main,primary,2026년2차대전팁스타운팁스아카데미ir자료작성법,공공기관,20260520~20260527,멘토링ㆍ컨설팅ㆍ교육,멘토링ㆍ컨설팅ㆍ교육
kst,177765,SYNERGY CORE 4기 스타트업 모집 (투자),"Seed 단계 스타트업부터 IPO 이후 성장 기업까지, 기업 생애 전주기에 걸친 투자를 통해 성장을 지원하는 시너지IB투자입니다.
이번 SYNERGY CORE 4기 스타트업 모집을 통해 유망 스타트업이 더욱 빠르고 효과적으로 도약할 수 있도록 투자 및 지원하고자 하오니 많은 참여 바랍니다.",창업,민간,전국,"청소년,대학생,일반인,대학,연구기관,일반기업,1인 창조기업","기업,누구나,스타트업,청년,초기창업기업","만 20세 미만,만 20세 이상 ~ 만 39세 이하,만 40세 이상",,,업력 3년 미만 초기 창업기업 (분야 제한 없음),,"예비창업자,1년미만,2년미만,3년미만",사업화,20260601,20260614,,,온라인 접수: https://tally.so/r/KYWLA7,https://www.k-startup.go.kr/web/contents/bizpbanc-ongoing.do?schM=view&pbancSn=177765,main,primary,synergycore4기스타트업모집투자,민간,20260601~20260614,사업화,사업화
kst,177764,초격차 스타트업 프로젝트,"초격차 기술을 4대 도메인(제조, 바이오·헬스, 콘텐츠, 금융) 분야의 수요기업(기관)의 현장 인프라 등에 적용하여 혁신적 협업 모델을 창출할 수 있도록 지원하는 Link-up(링크업) - 4대 도메인 AX 프로그램에 참여할 창업기업을 다음과 같이 공모합니다.",창업,공공기관,전국,일반기업,"기업,스타트업","만 20세 미만,만 20세 이상 ~ 만 39세 이하,만 40세 이상",,,"창업 10년 이내 신산업 분야 창업기업 중 수요기업(기관)과의 협업 역량을 보유한 기업

공고문 참조",,10년미만,사업화,20260602,20260617,,,온라인 접수: https://www.k-startup.go.kr/web/contents/webPMSBizUnvs.do?returnUrl=/screen/BMO0101M01?pbancId=0670501,https://www.k-startup.go.kr/web/contents/bizpbanc-ongoing.do?schM=view&pbancSn=177764,main,primary,초격차스타트업프로젝트,공공기관,20260602~20260617,사업화,사업화
kst,177763,2026 교보생명 오픈이노베이션 1:1 사전밋업 참가기업 모집,"서울창업허브 성수에서 교보생명 INNOSTAGE 오픈이노베이션 프로그램 참가기업 발굴을 위해,
대기업 현업부서와의 밀도있는 커뮤니케이션을 통해 사전에 협업가능성을 찾을 수 있도록
오픈이노베이션 1:1 사전밋업 데이를 개최하오니 관심있는 기업 여러분의 많은 참여 부탁드립니다.",창업,공공기관,서울특별시,"대학생,일반인,대학,연구기관,일반기업,1인 창조기업","기업,누구나,청년,초기창업기업","만 20세 이상 ~ 만 39세 이하,만 40세 이상",,,교보생명과 기술협업 아이디어가 있는 서울창업허브 성수 입주기업 및 서울소재 스타트업(설립 10년 이내),,10년미만,사업화,20260519,20260526,,,온라인 접수: https://www.startup-plus.kr/project/PRJ007063,https://www.k-startup.go.kr/web/contents/bizpbanc-deadline.do?schM=view&pbancSn=177763,main,primary,2026교보생명오픈이노베이션11사전밋업참가기업모집,공공기관,20260519~20260526,사업화,사업화
kst,177762,2026년 U-SPACE 제품개발 통합지원 프로그램,"중소벤처기업부와 창업진흥원에서 지원하고, 울산광역시와 (재)울산테크노파크에서 시행하는 메이커스페이스(U-SPACE) 구축·운영사업에서 지역 내 (예비)창업기업의 신속한 제품개발 지원을 통한 혁신성장을 위해 “U-SPACE 제품개발 통합지원 프로그램”을 다음과 같이 공고하오니 많은 참여를 바랍니다.",창업,공공기관,울산광역시,"청소년,대학생,일반인,대학,연구기관,일반기업,1인 창조기업","기업,누구나,예비창업자,청년,초기창업기업","만 20세 미만,만 20세 이상 ~ 만 39세 이하,만 40세 이상",,,"ㅇ 울산 지역 내 (예비)창업자 및 스타트업·중소기업
- 예비창업자: 협약 체 이전 울산에 사업자등록이 가능한 자
- 스타트업·중소기업: 창업일로부터 7년 이내 기업

ㅇ 신청기업이 신청자격을 갖추지 못한 경우
ㅇ 사업에서 정하는 신청의 제한사항에 해당되는 경우
ㅇ 참여의 제한을 받고 있거나 이의 조치를 위해 행정절차를 진행 중에 있는 경우
ㅇ 기업의 부도
ㅇ 세무당국에 의하여 국세, 지방세 등의 체납처분을 받은 경우
ㅇ 민사집행법에 기하여 채무불이행자명부에 등재되거나, 은행연합회 등 신용정보집중기관에 채무불이행자로 등록된 경우
ㅇ 파산·회생절차·개인회생절차의 개시 신청이 이루어진 경우
ㅇ 창업 3년 이후 기업의 경우 최근년도 결산(확정 재무제표에 한함) 기준 부채비율이 1,000%이상인 경우
ㅇ 창업 3년 이후 기업의 경우 최근년도 결산(확정 재무제표에 한함) 기준 자본전액잠식인 경우
ㅇ 외부감사 기업의 경우 최근 회계년도 말 결산감사 의견이 “의견거절” 또는 “부적정”인 경우",,"예비창업자,7년미만",사업화,20260520,20260604,,,이메일 접수: 공고문 확인 필요,https://www.k-startup.go.kr/web/contents/bizpbanc-ongoing.do?schM=view&pbancSn=177762,main,primary,2026년uspace제품개발통합지원프로그램,공공기관,20260520~20260604,사업화,사업화
kst,177761,Push to Prod SEOUL [Anthropic X Replit X Korea Investment Partners & Accelerator],"Anthropic, Replit 본사 엔지니어, 전문가들이 멘토로 참가하는 AI 빌더 해커톤을 다음과 같이 공고하오니 참여를 희망하는 창업팀은 안내에 따라 신청하시기 바랍니다.",행사/네트워크,민간,전국,"대학생,일반인,대학,연구기관,일반기업,1인 창조기업","기업,누구나,청년,초기창업기업","만 20세 미만,만 20세 이상 ~ 만 39세 이하,만 40세 이상",,,"딥테크 / 로보틱스 / 반도체 / 모빌리티 및 전장 · AI (Infrastructure, Model, Application, Framework) · 바이오 / 헬스케어 / AI&ML / SaaS 기반 아이템 등을 보유한 스타트업

프로덕션 문제를 작업해보려는 참가 팀이라면 핀테크, 커머스, 컨슈머 어떤 분야도 환영",,"예비창업자,1년미만,2년미만,3년미만,5년미만,7년미만,10년미만",행사ㆍ네트워크,20260520,20260619,,,온라인 접수: https://luma.com/elhey8nv,https://www.k-startup.go.kr/web/contents/bizpbanc-ongoing.do?schM=view&pbancSn=177761,main,primary,pushtoprodseoulanthropicxreplitxkoreainvestmentpartnersaccelerator,민간,20260520~20260619,행사ㆍ네트워크,행사ㆍ네트워크
kst,177759,<2026년 대구콘텐츠기업지원센터>  콘텐츠 IP 활용·확장 제작 지원사업 참가기업(2차) 모집공고,"(재)대구디지털혁신진흥원에서는 경쟁력 있는 콘텐츠를 발굴하고 국내외 시장진출 기반 마련을 위해 '콘텐츠 IP 활용 확장 제작지원 사업’을 추진하고자 하오니, 참여하고자 하는 기업의 많은 관심과 신청바랍니다.",창업,공공기관,대구광역시,"일반기업,1인 창조기업","기업,초기창업기업","만 20세 미만,만 20세 이상 ~ 만 39세 이하,만 40세 이상",,,"공고문 참조

공고문 참조",,7년미만,사업화,20260518,20260602,,,"기타 접수: e나라도움 시스템 내 등록(직접, 메일 제출 불가)",https://www.k-startup.go.kr/web/contents/bizpbanc-deadline.do?schM=view&pbancSn=177759,main,primary,2026년대구콘텐츠기업지원센터콘텐츠ip활용확장제작지원사업참가기업2차모집공고,공공기관,20260518~20260602,사업화,사업화
kst,177758,[강동구 청년해냄센터] 입주기업 모집,강동구 청년해냄센터에서 입주기업을 모집하오니 입주 희망자는 안내에 따라 신청하시기 바랍니다.,시설/공간,공공기관,서울특별시,"청소년,대학생,일반인,대학,연구기관,일반기업,1인 창조기업","기업,누구나,예비창업자,청년,초기창업기업",만 20세 이상 ~ 만 39세 이하,20,39,"기업 대표자 기준, 아래 조건 충족
- 독립형 오피스 : 3년 미만 기창업자(※ 사업자등록증 기준 2023. 05. 21 이후 창업)
- 코워킹 오피스 : 예비창업자 또는 1년 미만의 초기창업자(※ 사업자등록증 기준 2025. 05. 21 이후 창업)
- 연 령 : 19세∼39세 이하 청년 (1986.5.21. ~ 2007.5.20.)
- 주소지 :본점 소재지를 본 센터로 등록 혹은 이전 가능한 기업
※ 예비창업자 : 입주 후 1개월 내 사업장 이전 및 센터 주소로 사업자등록 가능한 자
※ 기창업자 : 입주 후 1개월 내 사업장 이전 및 센터 주소로 본점 소재지 이전이 가능한 자

▷ 지원제외업종: 금융 및 보험업, 부동산업, 숙박, 음식점업, 무도장, 유흥접객영업
(주점 등), 스키장, 갬블링, 베팅업, 프랜차이즈업 등 지원이 부적합하다고 자체 판단 시
▷ 국세 또는 지방세 체납자 (단, 분납 등을 통해 체납세금을 유예하고 있거나 현재 납부하고 있는 경우 가능)
▷ 동일 또는 유사한 정부 및 지자체의 타 사업으로부터 동일기간 내 유사・중복 지원 수혜자
▷ 신청서 및 사업계획서를 허위로 기재한 자
▷ 성년후견인(금치산자) 및 한정 성년후견인(한정치산자)
▷ 기타 자체 심사위원회에서 지원 제외함이 타당하다고 인정하는 자",,"예비창업자,1년미만,2년미만,3년미만",시설ㆍ공간ㆍ보육,20260520,20260605,,,이메일 접수: 공고문 확인 필요,https://www.k-startup.go.kr/web/contents/bizpbanc-ongoing.do?schM=view&pbancSn=177758,main,primary,강동구청년해냄센터입주기업모집,공공기관,20260520~20260605,시설ㆍ공간ㆍ보육,시설ㆍ공간ㆍ보육
kst,177757,[강동구 청년해냄센터] 취약분야 상시 컨설팅 6월 참가자 모집 공고,강동구 청년해냄센터에서 6월 취약 분야 상시 컨설팅 계획을 다음과 같이 공고하니 참여 희망자는 안내에 따라 신청하시기 바랍니다.,교육/멘토링,공공기관,서울특별시,"청소년,대학생,일반인,대학,연구기관,일반기업,1인 창조기업","기업,누구나,예비창업자,청년,초기창업기업","만 20세 미만,만 20세 이상 ~ 만 39세 이하,만 40세 이상",,,예비창업자 및 기창업자,,"예비창업자,1년미만,2년미만,3년미만,5년미만,7년미만,10년미만",멘토링ㆍ컨설팅ㆍ교육,20260520,20260630,,,온라인 접수: http://www.gdhaenaem.com/?c=169,https://www.k-startup.go.kr/web/contents/bizpbanc-ongoing.do?schM=view&pbancSn=177757,main,primary,강동구청년해냄센터취약분야상시컨설팅6월참가자모집공고,공공기관,20260520~20260630,멘토링ㆍ컨설팅ㆍ교육,멘토링ㆍ컨설팅ㆍ교육
kst,177756,2026년 제2차 노원사회적경제지원센터 입주기업 신규 공모,노원구 사회적경제지원센터에 입주할 우수한 초기 사회적경제 기업 및 창업 팀을 다음과 같이 공모합니다.,시설/공간,민간,서울특별시,일반인,누구나,"만 20세 미만,만 20세 이상 ~ 만 39세 이하,만 40세 이상",,,"1. 기업사무실
- 공고일 기준 지정, 인증된 사회적경제기업
- 유급근로자를 고용하여 최근 3개월 이상 매출이 발생한 기업 (유급근로자가 없는 경우 1년 이상 매출이 발생할 것)

2. 공유사무실
- 사회적경제 형태의 사업을 운영할 계획을 가진 법인, 개인(팀) 혹은 단체
- 초기 사회적경제기업 (공고일 기준 6개월 이내 설립된 기업)

* 사회적경제기업 : (예비)사회적기업, (사회적)협동조합, 마을기업, 자활기업

- 유사 창업보육기관에 입주일 기준 중복으로 입주하고 있는 경우
- 노원사회적경제지원센터에서 계약 위반 등으로 중도 퇴실한 경우",,"예비창업자,1년미만,2년미만,3년미만,5년미만,7년미만,10년미만",시설ㆍ공간ㆍ보육,20260518,20260605,,,이메일 접수: 공고문 확인 필요,https://www.k-startup.go.kr/web/contents/bizpbanc-ongoing.do?schM=view&pbancSn=177756,main,primary,2026년제2차노원사회적경제지원센터입주기업신규공모,민간,20260518~20260605,시설ㆍ공간ㆍ보육,시설ㆍ공간ㆍ보육
kst,177755,2026년 광명시 스타트업 챌린지,"광명시는 지역 정착 가능성이 있는 신사업 분야 국내외 혁신 스타트업을 발굴하고 집중 육성하기 위하여 광명시 스타트업 챌린지 참가기업을 모집하오니, 많은 관심과 참여 바랍니다.",창업,민간,경기도,"연구기관,일반기업,1인 창조기업","기업,스타트업,초기창업기업","만 20세 이상 ~ 만 39세 이하,만 40세 이상",,,"신사업 분야 7년 미만 국내외 스타트업
  - 신사업분야: AI·스마트시티, DX(디지털 전환), 헬스케어·바이오, 콘텐츠 등
  - PoC(기술실증) 및 사업화 협력이 가능한 기업 
  - (해외) 공고일 기준 해외에 법인 설립이 완료된 기업

1. 금융기관 등으로부터 채무불이행으로 규제 중인 자(기업)
 ※ 단, 접수 마감일까지 다음 예외 사항에 해당하는 자(기업)는 신청(지원) 가능
2. 국세 또는 지방세 체납 중인 자(기업)
 ※ 단, 접수 마감일까지 ‘체납처분유예 승인 통지서’를 제출하거나 완납한 자(기업)는 신청(지원) 가능
3. 사업 공고일 기준 휴업 또는 폐업 중인 자(기업)
4. 현재 광명시 및 정부지원사업 등에서 참여제한 등 제재조치를 받고 있는 자(기업)",,7년미만,사업화,20260520,20260701,,,이메일 접수: 공고문 확인 필요,https://www.k-startup.go.kr/web/contents/bizpbanc-ongoing.do?schM=view&pbancSn=177755,main,primary,2026년광명시스타트업챌린지,민간,20260520~20260701,사업화,사업화
kst,177754,Forbes Korea 30 Under 30 Summit,"포브스에서는 매년 전 세계 30세 미만 30명의 유망주를 선정해 발표하는 '30 Under 30' 어워드를 개최하고 있으며, 포브스코리아에서도 매년 30명의 국내 유망주를 선정하여 발표하고 있습니다.
이번 2026년에는 포브스코리아가 작년에 이어 고려대학교와 함께 30 Under 30 Summit을 통해 대한민국을 대표할 2026년 선정자들을 소개하고자 합니다.
VC, 스타트업, 예비 창업자, 그리고 대학생 여러분들의 많은 관심과 참여 부탁드립니다. 이 행사를 통해 서로 소통하고 협력하여 미래를 위한 혁신적인 아이디어와 솔루션을 공유하는 자리가 되길 바랍니다.",행사/네트워크,민간,서울특별시,"청소년,대학생,일반인,대학,연구기관,일반기업,1인 창조기업","기업,누구나,청년,초기창업기업","만 20세 미만,만 20세 이상 ~ 만 39세 이하,만 40세 이상",,,"창업에 관심이 있는 모든 분, 포브스코리아와 Under 30 Under에 관심 있는 분",,"예비창업자,1년미만,2년미만,3년미만,5년미만,7년미만,10년미만",행사ㆍ네트워크,20260520,20260608,,,온라인 접수: https://forms.gle/JzCsa2NBPN6a6Rbf8,https://www.k-startup.go.kr/web/contents/bizpbanc-ongoing.do?schM=view&pbancSn=177754,main,primary,forbeskorea30under30summit,민간,20260520~20260608,행사ㆍ네트워크,행사ㆍ네트워크
kst,177753,[고려대 캠퍼스타운] KU GLOBAL STARTLINK「글로벌 창업팀 발굴 · 육성 프로그램」공고,"혁신적인 아이디어와 기술을 보유한 글로벌 창업 인재를 발굴하고, 역량 있는 글로벌 창업기업으로 육성하여 일자리 창출과 창업 생태계 활성화에 기여하고자 『KU GLOBAL STARTLINK 글로벌 창업팀 발굴·육성 프로그램』 참가자를 다음과 같이 모집합니다.",시설/공간,교육기관,서울특별시,"청소년,대학생,일반인,대학,연구기관,일반기업,1인 창조기업","기업,누구나,예비창업자,청년,초기창업기업","만 20세 미만,만 20세 이상 ~ 만 39세 이하",,,"□ 지원자격
○ 기업(팀)내 외국인 구성원이 1인 이상 포함된 개인 또는 팀
○ 대표자 연령이 39세 이하이며, 창업을 하려는 개인 등(예비창업자)
○ 대표자 연령이 39세 이하이며, 사업을 개시한 날로부터 7년이 지나지 아니한 개인 또는 법인사업자. 단, 「중소기업창업 지원법」 제25조 제4항에 따른 신산업 창업 분야의 중소기업의 경우 업력 10년 이하로 한다.
※ 고려대학(원)교 교내 창업(교원, 학생, 동문) 및 외국인 유학생 창업자는 대표자 연령 제한 적용 제외
※ 대표자 연령 및 기업 업력 기준은 모집 공고 시점 기준
※ 제대군인의 경우 「서울시 청년 기본 조례」에 따라 아래와 같이 연령 상한 한도 상향
- 2년 이상 복무 : 만 42세 이하 / 1년 이상 2년 미만 복무 : 만 41세 이하 / 1년 미만 복무 : 만 40세 이하
※ 공동대표일 경우 1명이라도 자격요건 해당시 가능
○ 입주 계약 체결 이후 3개월 이내 고려대 캠퍼스타운 창업지원공간으로 주소 이전이 가능한 자
※ 초기창업자는 3개월 이내, 예비창업자의 경우 6개월 이내 사업자주소지 등록 및 이전하여야 하며, 사업단과 협의를 통해 본점, 지점(지사), 기업부설연구소 설립 등록 가능

○ ｢중소기업 창업지원법 시행령｣ 제4조 각 항에 해당하는 창업기업
○ 금융기관 등으로부터 채무불이행으로 규제중인 자 또는 국세 혹은 지방세를 체납 중인 자. 다만, 신용회복위원회의 사전채무조정(프리워크아웃), 개인워크아웃에서 채무조정합의서를 체결한 경우, 법원의 개인회생제도에서 변제계획인가를 받거나 파산면책 선고자, 회생인가를 받은 기업, 중소기업진흥공단 등으로부터 재창업자금을 지원받은 경우, 세금분납 계획에 따른 성실 납부기업(인), 정부지원 협약 전까지 세금완납기업(인), 정부 공공기관으로부터 재기지원 필요성을 인정받은 기업(인), 건강관리시스템기업구조 개선 진단을 통한 정상화 의결기업은 신청 가능
○ 서울 캠퍼스타운 사업으로 타 대학 창업공간에 입주하여 지원사업을 수혜 중인 자. 다만, 입주개시일 이전에 사업 수혜기간이 종료되거나 사업을 중도포기한 자는 신청 가능
○ 신청일 현재 휴업 중인 기업
○ 서울시 캠퍼스타운 사업에서 문제가 있어 퇴거 조치된 기업
○ 기타 서울시장이 참여 제한의 사유가 있다고 인정하는 자",,"예비창업자,1년미만,2년미만,3년미만,5년미만,7년미만",시설ㆍ공간ㆍ보육,20260520,20260601,,,온라인 접수: https://docs.google.com/forms/d/e/1FAIpQLSdvdvjmy8fiifebRb1rzdeL5h8rigxCQukCA3ZK3R6sF1MFUw/viewform,https://www.k-startup.go.kr/web/contents/bizpbanc-deadline.do?schM=view&pbancSn=177753,main,primary,고려대캠퍼스타운kuglobalstartlink글로벌창업팀발굴육성프로그램공고,교육기관,20260520~20260601,시설ㆍ공간ㆍ보육,시설ㆍ공간ㆍ보육
kst,177752,2026 시제품이 팔리는 메이커스 실전 마케팅 캠프,숏폼 중심 마케팅 트렌드에 맞춰 직접 홍보 콘텐츠를 기획·제작·편집하며 제품과 서비스를 효과적으로 알리는 실무 역량을 키워볼 수 있는 교육 프로그램을 다음과 같이 운영하오니 많은 관심과 신청 바랍니다.,교육/멘토링,공공기관,경기도,"대학생,일반인,연구기관,일반기업,1인 창조기업","기업,누구나,청년,초기창업기업","만 20세 미만,만 20세 이상 ~ 만 39세 이하,만 40세 이상",,,"경기도 내 (예비)창업자, 창업 7년 이내 중소기업, 일반인",,"예비창업자,1년미만,2년미만,3년미만,5년미만,7년미만",멘토링ㆍ컨설팅ㆍ교육,20260602,20260618,,,온라인 접수: https://www.aictms.or.kr/core/?cid=29&role=programview&pSeq=4334&tab=,https://www.k-startup.go.kr/web/contents/bizpbanc-ongoing.do?schM=view&pbancSn=177752,main,primary,2026시제품이팔리는메이커스실전마케팅캠프,공공기관,20260602~20260618,멘토링ㆍ컨설팅ㆍ교육,멘토링ㆍ컨설팅ㆍ교육
kst,177751,"[포스텍홀딩스] TIPS  갈 팀, 지금 찾습니다.","포스텍홀딩스에서는 투자 및 TIPS 연계를 통해 함께 성장할 DeepTech 분야 유망 스타트업을 다음과 같이 모집합니다.
많은 관심과 신청 바랍니다.",창업,민간,전국,일반기업,기업,"만 20세 미만,만 20세 이상 ~ 만 39세 이하,만 40세 이상",,,"- 창업 7년 이내 법인사업자
- Data·AI / Robotics·Physical AI / 반도체·전기전자 / 첨단소재·에너지 / 바이오 / 항공·우주 등 DeepTech 분야 스타트업",,"1년미만,2년미만,3년미만,5년미만,7년미만",사업화,20260520,20260621,,,온라인 접수: https://forms.gle/CtasfjVa9z9GdapDA,https://www.k-startup.go.kr/web/contents/bizpbanc-ongoing.do?schM=view&pbancSn=177751,main,primary,포스텍홀딩스tips갈팀지금찾습니다,민간,20260520~20260621,사업화,사업화
kst,177750,상명대학교 식품외식 푸드테크 기술사업화 사업단 연구팀 및 (예비)창업팀 모집,"농림축산식품부와 aT한국농수산식품유통공사가 주최·주관하며, 상명대학교가 진행하는 푸드테크 기술사업화를 위한 대한민국 푸드테크 미래를 주도할 최고 전문가 양성 프로그램입니다. 
도전을 준비하는 분들의 적극적인 지원 바랍니다.",창업,교육기관,전국,"대학생,일반인,1인 창조기업","누구나,청년,초기창업기업","만 20세 이상 ~ 만 39세 이하,만 40세 이상",,,"○ 모집 대상
- 만 45세 미만의 예비 취·창업자, 초기 창업자(개시 7년 미만)
   - 연구팀 및 (예비)스타트업팀 단위 참여 가능(개인 단위 참여 불가)
   - 세부 내용
    · 본 사업단의 푸드테크 특화 분야에 관심있는 유관 전공자 (학부, 대학원 재학생 및 졸업생)
    · 푸드테크 관련 예비 창업자 및 초기 창업자(개시 7년 미만)
    · 본 푸드테크 기술사업화의 다른 운영기관과 중복 참여 불가
    · 25년 상명대 기술사업화 수료팀의 확장된 개발 사업의 경우 지원 가능
      (가산점 제공)",,"예비창업자,7년미만",사업화,20260520,20260606,,,이메일 접수: 공고문 확인 필요,https://www.k-startup.go.kr/web/contents/bizpbanc-ongoing.do?schM=view&pbancSn=177750,main,primary,상명대학교식품외식푸드테크기술사업화사업단연구팀및예비창업팀모집,교육기관,20260520~20260606,사업화,사업화
kst,177749,울산 바이오헬스기업 글로벌 진출 지원사업,"※모집완료로 공고 종료※
울산지역 바이오‧디지털 헬스케어 기업의 글로벌 시장 진출을 지원하기 위해 BIO USA 2026 참 프로그램을 운영하오니, 관심 있는 창업팀 및 기업의 많은 신청 바랍니다.",판로/수출,교육기관,울산광역시,일반기업,기업,"만 20세 이상 ~ 만 39세 이하,만 40세 이상",,,"울산시에 주소지를 두고 있는 스타트업 및 관내 기업, 울산으로 소재지를 옮길 예정인 관외기업",,7년미만,글로벌,20260520,20260602,,,이메일 접수: 공고문 확인 필요,https://www.k-startup.go.kr/web/contents/bizpbanc-deadline.do?schM=view&pbancSn=177749,main,primary,울산바이오헬스기업글로벌진출지원사업,교육기관,20260520~20260602,글로벌,글로벌
kst,177748,[한국국제협력단(KOICA)] 2026-2027 포용적 비즈니스 프로그램(IBS) 신규사업 공모 안내,"한국국제협력단은 기업의 재원과 비즈니스 전략을 ODA 사업과 연계하여 협력국의 경제·사회·환경 분야 지속가능한 발전에 기여하고자 2026-2027 IBS 신규사업 선정을 위한 공모를 실시하오니, 관심 있는 파트너 기관의 많은 참여를 바랍니다.",판로/수출,공공기관,전국,일반기업,기업,"만 20세 미만,만 20세 이상 ~ 만 39세 이하,만 40세 이상",,,"국내 민법·상법 및 기타 관련 법령에 따른 우리나라 영리법인 및 해당 법인이 설립한 비영리재단, (예비)사회적기업(단, 상법상 주식회사)

세부 지원자격은 KOICA 공지 첨부파일 및 IBS 공모안내서 참고",,"3년미만,5년미만,7년미만,10년미만",판로ㆍ해외진출,20260520,20260618,,,온라인 접수: https://kopis.koica.go.kr/,https://www.k-startup.go.kr/web/contents/bizpbanc-ongoing.do?schM=view&pbancSn=177748,main,primary,한국국제협력단koica20262027포용적비즈니스프로그램ibs신규사업공모안내,공공기관,20260520~20260618,판로ㆍ해외진출,판로ㆍ해외진출
kst,177747,바이오 클러스터 조성 지원사업,"인천광역시가 지원하는 ‘바이오 클러스터 조성사업’의 일환으로 (재)인천테크노파크에서는 성장 잠재력이 높은 바이오산업 분야 창업기업 및 예비 창업자를 발굴하고 액셀러레이터(창업기획자)와 연계한 바이오기업 성장을 지원하고자 다음과 같이 「바이오 스타트업 지원을 위한 액셀러레이팅 프로그램」 참가기업 모집 공고를 진행하오니, 많은 관심과 참여 바랍니다.",시설/공간,공공기관,전국,"일반인,일반기업,1인 창조기업","기업,누구나,예비창업자,초기창업기업","만 20세 미만,만 20세 이상 ~ 만 39세 이하,만 40세 이상",,,"지원대상 : 바이오 분야 예비창업자 및 창업 7년 이하 바이오, 의약, 의료기술, 디지털 의료제품 개발 기업
     ※ 중소기업창업 지원법 제25조제4항에 따른 신산업 창업 분야의 경우 창업 10년 이하도 지원가능
     ※ 인천 소재 외 지역 기업은 사업종료 후 1개월 내 인천으로 사업장(본사·지사·연구소) 이전 필수

- 동일 아이템으로 타 기관 액셀러레이팅 프로그램 및 그에 준하는 사업에 선정된 기업 및 예비 창업자
- 인천테크노파크에 의해 참가 및 지원 제외 대상이라고 판단되는 자",,"예비창업자,1년미만,2년미만,3년미만,5년미만,7년미만,10년미만",시설ㆍ공간ㆍ보육,20260520,20260611,,,이메일 접수: 공고문 확인 필요,https://www.k-startup.go.kr/web/contents/bizpbanc-ongoing.do?schM=view&pbancSn=177747,main,primary,바이오클러스터조성지원사업,공공기관,20260520~20260611,시설ㆍ공간ㆍ보육,시설ㆍ공간ㆍ보육
kst,177746,2026 서울 유니콘 챌린지 참가기업 모집,해외진출을 희망하는 스타트업 중 우수한 기업을 선정하는 서울유니콘챌린지를 모집하오니 참가를 희망하시는 기업은 안내에 따라 신청하시기 바랍니다,판로/수출,공공기관,서울특별시,일반기업,기업,"만 20세 미만,만 20세 이상 ~ 만 39세 이하,만 40세 이상",,,"국내기업: 해외 진출을 희망하는 10년 미만 국내 스타트업

해외기업: 외국 국적을 보유한 대표자가 운영하는 10년 미만 스타트업",,10년미만,판로ㆍ해외진출,20260519,20260630,,,온라인 접수: https://www.startup-plus.kr/project/PRJ007000,https://www.k-startup.go.kr/web/contents/bizpbanc-ongoing.do?schM=view&pbancSn=177746,main,primary,2026서울유니콘챌린지참가기업모집,공공기관,20260519~20260630,판로ㆍ해외진출,판로ㆍ해외진출
kst,177745,(추가) 2026 유니콘 브릿지 with 아이티센,"※ 추가 모집
아이티센과 경기창조경제혁신센터는 함께 세상을 변화시키는 기술을 만들어 나갈 스타트업을 모집합니다.
선정 기업 5개사 대상 총 10억원 내외 아이티센 전략적 투자, TIPS 검토 및 추천, 경기창조경제혁신센터 클럽딜 검토, 수요 기반 후속 액셀러레이팅 지원합니다.",창업,공공기관,전국,일반기업,기업,"만 20세 미만,만 20세 이상 ~ 만 39세 이하,만 40세 이상",,,"- 법인 설립 7년 이내 창업기업(2019. 12.1. 이후 설립기업)
- TIPS 투자 유치 희망하며 기본 요건 충족하는 기업

- 법인 설립 7년 초과 기업
- 전년도 (&apos;25년) 매출액 20억 초과 기업
- TIPS 참여 이력 보유 기업",,"예비창업자,7년미만",사업화,20260520,20260522,,,온라인 접수: https://unicornbridge.kr/itcen26/,https://www.k-startup.go.kr/web/contents/bizpbanc-deadline.do?schM=view&pbancSn=177745,main,primary,추가2026유니콘브릿지with아이티센,공공기관,20260520~20260522,사업화,사업화
kst,177744,혁신창업멤버스,"‘보건산업혁신창업센터’에서는 국내 바이오헬스산업의 글로벌 경쟁력 강화와 창업 활성화를 위해 바이오헬스 분야 유망 예비창업자 및 창업기업을 대상으로 혁신창업멤버스를 모집합니다. 관심 있는 바이오헬스 창업기업의 많은 신청 바랍니다.
2026년 04월 27일
공고 기업(기관)명 : 한국보건산업진흥원",시설/공간,공공기관,서울특별시,"대학생,일반인,대학,연구기관,일반기업,1인 창조기업","기업,누구나,예비창업자,청년,초기창업기업","만 20세 미만,만 20세 이상 ~ 만 39세 이하,만 40세 이상",,,"* (유형① 입주) 예비창업자 및 창업 3년 이내 바이오헬스 기업
* (유형② 멤버십) 창업 10년 이내 바이오헬스 기업",,"예비창업자,1년미만,2년미만,3년미만,5년미만,7년미만,10년미만",시설ㆍ공간ㆍ보육,20260519,20260601,,,온라인 접수: https://www.khidi.or.kr/kbic,https://www.k-startup.go.kr/web/contents/bizpbanc-deadline.do?schM=view&pbancSn=177744,main,primary,혁신창업멤버스,공공기관,20260519~20260601,시설ㆍ공간ㆍ보육,시설ㆍ공간ㆍ보육
kst,177743,민관협력 오픈이노베이션 지원사업,「2026년 민관협력 오픈이노베이션 지원」에 참여할 수요기업·기관의 '전략과제 해결형' 협업 과제 및 '민간 선별추천형' 협업 프로그램을 모집합니다.,행사/네트워크,공공기관,전국,일반기업,기업,"만 20세 이상 ~ 만 39세 이하,만 40세 이상",,,"(전략과제 해결형) 오픈이노베이션 수요가 있는 대·중견·중소기업, 공공기관 등
(민간 선별추천형) 자체 오픈이노베이션 프로그램을 보유한 대·중견·중소기업, 공공기관 등
 * 본 공고는 수요기업을 대상으로 하며, 수요기업과 협력할 창업기업 대상 공고는 &apos;26.7월 중 게시 예정",,"7년미만,10년미만",행사ㆍ네트워크,20260520,20260609,,,온라인 접수: https://www.k-startup.go.kr/web/contents/webPMSBizUnvs.do?returnUrl=/screen/BMO0101M01?pbancId=0623501,https://www.k-startup.go.kr/web/contents/bizpbanc-ongoing.do?schM=view&pbancSn=177743,main,primary,민관협력오픈이노베이션지원사업,공공기관,20260520~20260609,행사ㆍ네트워크,행사ㆍ네트워크
kst,177742,경기 스타트업 글로벌 성장지원,경기도와 경기도경제과학진흥원은 일본 진출 및 현지 투자유치를 희망하는 도내 우수 스타트업을 지원하기 위하여 2026년 경기 스타트업 글로벌 성장지원 「일본 오픈이노베이션 프로그램」에 참여할 유망 경기 기업을 모집하오니 관심 있는 기업의 많은 참여 바랍니다.,판로/수출,민간,경기도,"일반인,대학,연구기관,일반기업,1인 창조기업","기업,누구나,스타트업,초기창업기업","만 20세 미만,만 20세 이상 ~ 만 39세 이하,만 40세 이상",,,"본점 주소지가 경기도에 소재한 7년 이내 창업기업
※ 단, 신산업 창업 분야에 해당 시 10년 이내

- 경기도 본사 소재 기업만 지원 가능하며, 도내 지사 및 공장, 연구소 등은 해당되지 않음
- 공고일 기준 2026년 경기 스타트업 글로벌 성장 지원(경기 청년창업 글로벌 프론티어(G-Frontier))사업에 참여 중인 자
- 경기 스타트업 글로벌 성장 지원사업에 2회 이상 지원받은 적이 있거나, 중도 포기한 자
※ 세부 내용 공고문 참고",,"7년미만,10년미만",글로벌,20260518,20260605,,,온라인 접수: https://www.gsp.or.kr/supportProject/UVSD0001.do?sportSeq=6223,https://www.k-startup.go.kr/web/contents/bizpbanc-ongoing.do?schM=view&pbancSn=177742,main,primary,경기스타트업글로벌성장지원,민간,20260518~20260605,글로벌,글로벌
kst,177741,창업보육센터및 기업 지원,"국립공주대학교 산학협력단(창업보육센터)에서는 기술집약형 중소기업의 창업 촉진을 위하여 우수한 기술력을 바탕으로 도전적이고 창의적인 입주기업을 모집하오니, 입주를 희망하시는 분들의 많은 지원 바랍니다.",시설/공간,교육기관,충청남도,"대학생,일반인","누구나,예비창업자,청년","만 20세 미만,만 20세 이상 ~ 만 39세 이하,만 40세 이상",,,"[ 예비창업자]
￭ 잠재력 높은 기술의 개발 단계에 있는 창업 준비자
￭ 기술적 아이디어를 바탕으로 구체적 사업화 목적이 있는 자
￭ 입주 후 3개월 이내 창업(사업자등록)이 가능한 자

[기창업자]
￭ 기술집약형 업종의 창업 기업으로 공고일 기준 업력 7년 이내의 기업
￭ 입주 확정 시 3개월 이내 본점 소재지 이전이 가능한 기업
※ 기업부설연구소 입주 가능(자격요건 관련 상세 내용 확인 필수)

[공통]
- 대학과의 산학협력을 통한 성장 가능성이 높은 예비창업자 또는 기업
- 창업보육센터 입주 확정 기업은 주사업장(본점)이 입주하여야 함
- 산학협력 공동연구 사업을 위한 기업부설연구소 입주 가능
※ 단, 연구소 입주 시 본사가 정부나 지자체에서 지원하는 공간에 입주하지 않아야 함
- 우대사항: 국립공주대학교 학생·교원창업자 / 지역주력산업 및 전･후방산업 분야* 등
* 충남 주력산업: (주축산업) 디스플레이부품장비, 탄소저감자동차부품, 고기능성그린바이오
(미래신산업) 수소연료전지 및 발전, 반도체첨단패키징

- 기업부설연구소 입주시 본사가 정부나 지자체 지원 공간에 입주한 경우
- 금융기관으로부터 채무불이행 및 국세·지방세 체납으로 규제 중인 자 또는 기업
- 폐수, 소음, 진동 등 공해 다발업종 영위 자
- 기타 운영위원회에서 부적당하다고 인정하는 자",,"예비창업자,7년미만",시설ㆍ공간ㆍ보육,20260519,20260610,,,이메일 접수: 공고문 확인 필요,https://www.k-startup.go.kr/web/contents/bizpbanc-ongoing.do?schM=view&pbancSn=177741,main,primary,창업보육센터및기업지원,교육기관,20260519~20260610,시설ㆍ공간ㆍ보육,시설ㆍ공간ㆍ보육
kst,177739,2026 APAN62 연계 기업 쇼케이스 참가업체 모집(~5.29(금)),(재)테인협력센터에서는 과학기술정보통신부의 국내 산업 해외 진출 지원 사업의 일환으로 Asi@Connect 인프라를 활용한 국내 ICT 기업들의 수출 확대를 위해 2026년 8월 뉴질랜드에서 개최되는 ‘2026 APAN62’행사와 연계하여 국내 기업 쇼케이스에 참가기업을 아래와 같이 모집하오니 관심 기업들의 많은 신청 바랍니다.,판로/수출,민간,전국,일반기업,기업,"만 20세 미만,만 20세 이상 ~ 만 39세 이하,만 40세 이상",,,해외 진출을 희망하는 국내 ICT 기업,,"1년미만,2년미만,3년미만,5년미만,7년미만,10년미만",판로ㆍ해외진출,20260519,20260604,,,이메일 접수: 공고문 확인 필요,https://www.k-startup.go.kr/web/contents/bizpbanc-ongoing.do?schM=view&pbancSn=177739,main,primary,2026apan62연계기업쇼케이스참가업체모집529금,민간,20260519~20260604,판로ㆍ해외진출,판로ㆍ해외진출
kst,177738,2026년 소모성자재 납품 중소기업 지원사업,소모성자재(MRO) 납품 중소기업의 신규 판로 개척 및 역량 강화 지원을 위한 「2026년 소모성자재(MRO) 납품 중소기업 구매상담회」 참여기업을 다음과 같이 모집하오니 많은 참여를 바랍니다.,행사/네트워크,공공기관,부산광역시,"일반기업,1인 창조기업","기업,중소기업,초기창업기업","만 20세 미만,만 20세 이상 ~ 만 39세 이하,만 40세 이상",,,"중기업,소기업,소상공인
* 「판로지원법」 제2조제6호에 따른 중소 소모성자재 납품업체
** 사무용품, 공구류, 건설자재, 통신, 보안 등 17개 제품군(붙임 참조)",,"1년미만,2년미만,3년미만,5년미만,7년미만,10년미만",행사ㆍ네트워크,20260519,20260622,,,온라인 접수: https://fanfandaero.kr/portal/v2/preSprtBizPbancDetail.do?sprtBizCd=202618010200&sprtBizTrgtYn=N&groupNo=,https://www.k-startup.go.kr/web/contents/bizpbanc-ongoing.do?schM=view&pbancSn=177738,main,primary,2026년소모성자재납품중소기업지원사업,공공기관,20260519~20260622,행사ㆍ네트워크,행사ㆍ네트워크
kst,177737,[전남]「전남형 AI‧AX 산업 생태계 조성사업」 스타트업 AX 전환 실증 지원 프로그램 참여기업 모집 공고,우리 센터는 도내 스타트업의 AI 전환(AX) 촉진을 통한 지속 가능한 혁신 기반 마련과 현장 중심의 AI 활용 확산을 위해『전남형 AI‧AX 산업 생태계 조성사업』참여기업을 아래와 같이 모집하오니 많은 관심과 참여 바랍니다.,창업,공공기관,전라남도,일반기업,"기업,스타트업","만 20세 미만,만 20세 이상 ~ 만 39세 이하,만 40세 이상",,,"AX 추진에 적극 의지가 있는 도내 소재(예정) 전 산업 기반 창업 10년 미만 스타트업
※ 도내 본사 또는 지점 등이 소재하지 아니할 경우 협약 종료 3개월 전까지 전남도로 이전 또는 신규 설치 필수

※ 공고문 내 신청제외대상 참고",,10년미만,사업화,20260511,20260608,,,이메일 접수: 공고문 확인 필요,https://www.k-startup.go.kr/web/contents/bizpbanc-ongoing.do?schM=view&pbancSn=177737,main,primary,전남전남형aiax산업생태계조성사업스타트업ax전환실증지원프로그램참여기업모집공고,공공기관,20260511~20260608,사업화,사업화
kst,177736,2026년 소모성자재 납품 중소기업 지원사업,"소모성자재(MRO) 납품 중소기업의 공공조달 시장 진입 장벽을 낮추고, 실질적인 입찰 성공률을 제고하기 위해 「2026년 소모성자재(MRO) 납품 중소기업 공공조달 입찰 실무교육」 참여기업을 다음과 같이 모집하오니 많은 참여를 바랍니다.",교육/멘토링,공공기관,전국,"일반기업,1인 창조기업","기업,중소기업,초기창업기업","만 20세 미만,만 20세 이상 ~ 만 39세 이하,만 40세 이상",,,"중기업,소기업,소상공인
* 「판로지원법」 제2조제6호에 따른 중소 소모성자재 납품업체
** 사무용품, 공구류, 건설자재, 통신, 보안 등 17개 제품군(붙임 참조)",,"1년미만,2년미만,3년미만,5년미만,7년미만,10년미만",멘토링ㆍ컨설팅ㆍ교육,20260515,20260604,,,온라인 접수: https://fanfandaero.kr/portal/v2/preSprtBizPbancDetail.do?sprtBizCd=202618020100&sprtBizTrgtYn=N&groupNo=,https://www.k-startup.go.kr/web/contents/bizpbanc-ongoing.do?schM=view&pbancSn=177736,main,primary,2026년소모성자재납품중소기업지원사업,공공기관,20260515~20260604,멘토링ㆍ컨설팅ㆍ교육,멘토링ㆍ컨설팅ㆍ교육
kst,177735,[부산] 2026년 소상공인 IP창출 종합패키지(브랜드&디자인 융합) 사업 공고,"소상공인의 지식재산 피해를 예방하고 안정적 성장을 돕기 위하여, 시장·제품 특성이 반영된 브랜드와 디자인 융합 개발을 지원하고 소상공인이 보유한 지식재산을 권리로 보호하기 위한 「소상공인 IP창출 종합패키지 (브랜드&디자인 융합)」 지원 사업을 시행하오니 희망하는 소상공인은 아래에 따라 신청하여 주시기바랍니다.",창업,공공기관,부산광역시,"일반기업,1인 창조기업","기업,소상공인,초기창업기업","만 20세 미만,만 20세 이상 ~ 만 39세 이하,만 40세 이상",,,"▪ 「소상공인기본법」제2조에 따른 소상공인(사업자등록증 보유)

※ 지원제외 대상

* 지원제외 업종(시스템 첨부 참고)

* (사실상)휴·폐업 소상공인, 금융기관 불량거래자, 비영리 개인사업자·법인·조합 등

* 프랜차이즈 가맹점, 가맹사업본부 중 가맹점이 있는 경우

* 기타, 지역지식재산센터에서 지원이 불가능하다고 판단하는 경우",,"1년미만,2년미만,3년미만,5년미만,7년미만,10년미만",사업화,20260519,20260615,,,온라인 접수: https://pms.ripc.org/pms/biz/applicant/notice/info.do?noticeSeq=4670&bizYear=2026,https://www.k-startup.go.kr/web/contents/bizpbanc-ongoing.do?schM=view&pbancSn=177735,main,primary,부산2026년소상공인ip창출종합패키지브랜드디자인융합사업공고,공공기관,20260519~20260615,사업화,사업화
kst,177734,[코레일유통/본사] 제3차 청년창업 제휴사업자 모집공고,"코레일유통(주) 청년창업 지원사업에 따른 매장 운영자 모집공고를 시행하오니, 참여를 희망하는 예비창업자 및 청년창업자는 참여해 주시길 바랍니다.
■ 공고대상 매장 : 왕십리역 맞이방(분식/12.0㎡), 부산역 1층 맞이방(한식/52.0㎡), 동대구역 구맞이방(전문제과/19.0㎡)
■ 접수방법 : 코레일유통(주) 홈페이지 https://www.korailretail.com - 파트너십 - 청년창업 지원안내/공고 - 청년창업 신규공고
■ 비고사항 : [붙임8] 청년창업 전자입찰프로세스 매뉴얼 확인 必",시설/공간,공공기관,전국,"대학생,일반인","누구나,예비창업자,청년",만 20세 이상 ~ 만 39세 이하,20,39,"1. 공고일 기준 만 18세 이상 39세 이하
2. 공고일 기준 사업자등록을 하지 않은 예비창업자 또는 창업 후 3년 이하인 ｢중소기업기본법｣ 제2조 2항에 따른 소기업을 영위하는 자
(대표자 연령 조건 충족해야 함)
3. 계약 체결 후 7일 이내 일반과세 사업자등록이 가능하고 시설투자 가능자
4. 프랜차이즈 미가맹 사업자로, 고유의 브랜드 및 레시피로 운영가능한 자

- 회사와 특수관계에 있는 자 또는 공공성 확보를 위해 다음에 해당하는 경우 참가를 제한
1. 코레일유통(주) 청년창업 지원매장 운영자로 선정된 자와 그 배우자 및 직계혈족
2. 코레일유통(주) 부정당업체로 지정된 업체(자)와 그 배우자 및 직계혈족
3. 기존 계약자(공고일 기준)
① 우리사 편의점 및 자판기 관련 계약 중이거나 과거 계약 이력이 있는 자와 그 배우자 및 직계혈족
② 우리사 상설전문점 운영 중이거나 과거 계약 이력이 있는 자와 그 배우자 및 직계혈족
4. 회사와 특수관계인 관련(공고일 기준)
① 모집시작일 기준 퇴직 후 2년이 경과 하지 않은 전직 임직원의 직계혈족
② 모집시작일 기준 한국철도공사 및 그 계열사에 재직 중인 임직원과 그 배우자 및 직계혈족
5. 공고일 현재 상업시설 운영 중인 자로 점포 수 확대를 목적으로 지원하는 자와 그 배우자 및 직계혈족",,"예비창업자,3년미만",시설ㆍ공간ㆍ보육,20260520,20260529,,,온라인 접수: www.korailretail.com,https://www.k-startup.go.kr/web/contents/bizpbanc-deadline.do?schM=view&pbancSn=177734,main,primary,코레일유통본사제3차청년창업제휴사업자모집공고,공공기관,20260520~20260529,시설ㆍ공간ㆍ보육,시설ㆍ공간ㆍ보육
kst,177733,[숭실대학교 캠퍼스타운] 2026 숭실 스타트업 아카데미,"숭실대학교 캠퍼스타운에서 창업자들이 직면한 애로사항과 관심도를 반영한 주제를 선정하여, 전문적이고 
실효성 있는 창업 정보를 제공하는 실무 중심의 교육을 진행합니다. 많은 관심과 참여 부탁드립니다.",창업,교육기관,서울특별시,"대학생,일반인,대학,연구기관,일반기업,1인 창조기업","기업,누구나,스타트업,청년,초기창업기업","만 20세 미만,만 20세 이상 ~ 만 39세 이하,만 40세 이상",,,"스타트업 대표 및 임직원, (예비)창업자 및 창업에 관심이 있는 학생 등",,"예비창업자,1년미만,2년미만,3년미만,5년미만,7년미만,10년미만",창업교육,20260520,20260619,,,온라인 접수: https://forms.gle/VhX9aaLdbc424oDn8,https://www.k-startup.go.kr/web/contents/bizpbanc-ongoing.do?schM=view&pbancSn=177733,main,primary,숭실대학교캠퍼스타운2026숭실스타트업아카데미,교육기관,20260520~20260619,창업교육,창업교육
kst,177732,창업보육센터 지원,동국대학교 창업보육센터에서는 동국 블루칩으로써 성장과 발전을 함께 도모할 (예비)창업기업을 발굴 및 육성하기 위해 신규 입주기업 모집 공고를 진행하오니 입주를 희망하는 기업은 아래 공고를 참고하여 지원해주시기 바랍니다.,시설/공간,교육기관,전국,"대학생,일반인,대학,연구기관,일반기업,1인 창조기업","기업,누구나,예비창업자,청년,초기창업기업","만 20세 이상 ~ 만 39세 이하,만 40세 이상",,,"- 우수한 기술 또는 아이템을 보유한 플랫폼·AI 분야 예비창업자 또는 창업 7년 이내 초기 창업기업
※ 공고일 기준이며, 예비창업자는 입주 후 3개월 이내 사업자 등록 가능자

- 입주 확정 시, 본점 소재지를 창업보육센터로 이전 가능한 기업
※ 단, 사업자 시설 활용 및 공동연구 목적으로 기업부설연구소 또는 연구개발전담부서(지사)가 입주하는 경우 본사가 입주한 것으로 간주

- 아래의 지원 제한 사항에 포함되지 않는 기업
※ 동종 업종으로 폐업한 후 3년(부도·파산은 2년)이 경과하지 않은 기업
※ 한국표준산업분류 세세분류코드 기준

- 창업지원 제외 업종 운영 기업 (일반유흥주점업, 무도유흥주점업, 기타 사행시설 관리 및 운영업)
- 소음, 진동, 폐수, 매연 등 공해유발 업종/ 국세·지방세 체납 중인 기업 또는 금융기관 신용불량 거래자",,"예비창업자,1년미만,2년미만,3년미만,5년미만,7년미만",시설ㆍ공간ㆍ보육,20260520,20260608,,,이메일 접수: 공고문 확인 필요,https://www.k-startup.go.kr/web/contents/bizpbanc-ongoing.do?schM=view&pbancSn=177732,main,primary,창업보육센터지원,교육기관,20260520~20260608,시설ㆍ공간ㆍ보육,시설ㆍ공간ㆍ보육
kst,177731,1인 창조기업 지원센터,㈜오피스허브 1인 창조기업 지원센터 입주기업 모집을 아래와 같이 공고합니다.,시설/공간,민간,전국,"청소년,대학생,일반인,대학,연구기관,일반기업,1인 창조기업","기업,누구나,예비창업자,청년,초기창업기업","만 20세 미만,만 20세 이상 ~ 만 39세 이하,만 40세 이상",,,예비창업자 및 창업 7년 이내 기업,,"예비창업자,1년미만,2년미만,3년미만,5년미만,7년미만",시설ㆍ공간ㆍ보육,20260520,20260527,,,이메일 접수: 공고문 확인 필요,https://www.k-startup.go.kr/web/contents/bizpbanc-deadline.do?schM=view&pbancSn=177731,main,primary,1인창조기업지원센터,민간,20260520~20260527,시설ㆍ공간ㆍ보육,시설ㆍ공간ㆍ보육
kst,177730,2026 지역창업 페스티벌 연계 제102회 대전창업포럼,"안녕하세요, 대전창조경제혁신센터입니다.
「2026 스타트업 코리아 투자위크 (Startup Korea Investment Week)」는 국내 최대 규모의 지역 기반 골목형(Alley) 투자유치 행사로 유망 스타트업과 국내외 투자자 간 전략적 네트워킹과 실질적 투자 유치 연계를 지원합니다.
저희 센터에서는 올해로 4회차를 맞이한 이번 2026 스타트업 코리아 투자위크 진행과 관련, 중소벤처기업부의 2026 지역창업 페스티벌과 연계하여 오는 6월부터 사전붐업 행사를 거쳐 9월 본행사까지의 대장정을 시작합니다.
첫번째 행사로 이번 「제102회 대전창업포럼(K-콘텐츠)」를 개최하오니 투자자 분들의 많은 관심과 참여 바랍니다.",행사/네트워크,공공기관,대전광역시,"청소년,대학생,일반인,대학,연구기관,일반기업,1인 창조기업","기업,누구나,청년,초기창업기업","만 20세 미만,만 20세 이상 ~ 만 39세 이하,만 40세 이상",,,"「2026 지역창업 페스티벌 연계 제102회 대전창업포럼」 IR 데모데이 및 투자사 1:1 밋업 프로그램에 참여를 희망하는 투자사

* 스타트업, 유관기관 및 창업에 관심 있으신 일반 시민분들은 별도의 공고를 통해 신청하시기 바랍니다.",,"예비창업자,1년미만,2년미만,3년미만,5년미만,7년미만,10년미만",행사ㆍ네트워크,20260519,20260529,,,온라인 접수: https://forms.gle/d9oabStexkyhioPR6,https://www.k-startup.go.kr/web/contents/bizpbanc-deadline.do?schM=view&pbancSn=177730,main,primary,2026지역창업페스티벌연계제102회대전창업포럼,공공기관,20260519~20260529,행사ㆍ네트워크,행사ㆍ네트워크
kst,177729,26년 5월 스타트업 언론 홍보 지원사업 참가사 모집 공고(2차),스타트업 전문 매체 『스타트업데일리』에서 홍보에 어려움을 겪는 예비창업자/스타트업의 홍보 지원을 위해 다음과 같이 공고하오니 많은 참여 바랍니다.,창업,민간,전국,"청소년,대학생,일반인,대학,연구기관,일반기업,1인 창조기업","기업,누구나,스타트업,예비창업자,청년,초기창업기업","만 20세 미만,만 20세 이상 ~ 만 39세 이하,만 40세 이상",,,"1. 예비창업자
2. 창업 7년 이내 초기 기업

1. 이미 배포된 보도자료(중복)·동일한 내용으로 재보도(반복) 배포 불가
2. 단순 제품 홍보(건강기능식품, 화장품 등), 프로모션 홍보 등 과도한 광고성 문안 게재 불가",,"예비창업자,1년미만,2년미만,3년미만,5년미만,7년미만",사업화,20260519,20260531,,,이메일 접수: 공고문 확인 필요,https://www.k-startup.go.kr/web/contents/bizpbanc-deadline.do?schM=view&pbancSn=177729,main,primary,26년5월스타트업언론홍보지원사업참가사모집공고2차,민간,20260519~20260531,사업화,사업화
kst,177727,경기 스타트업 아카데미 운영,메가존클라우드와 협업하여 'AWS Kiro로 Spec 기반 바이브코딩' 기술특강을 운영합니다.,교육/멘토링,공공기관,경기도,"청소년,대학생,일반인,대학,연구기관,일반기업,1인 창조기업","기업,누구나,스타트업,청년,초기창업기업","만 20세 미만,만 20세 이상 ~ 만 39세 이하,만 40세 이상",,,"도내 예비·초기창업자, 창업기업 재직자, 대학(원)생, 유관기관 등",,"예비창업자,1년미만,2년미만,3년미만,5년미만,7년미만,10년미만",멘토링ㆍ컨설팅ㆍ교육,20260519,20260529,,,온라인 접수: https://gsp.or.kr/supportProject/UVSD0001.do?sportSeq=6233,https://www.k-startup.go.kr/web/contents/bizpbanc-deadline.do?schM=view&pbancSn=177727,main,primary,경기스타트업아카데미운영,공공기관,20260519~20260529,멘토링ㆍ컨설팅ㆍ교육,멘토링ㆍ컨설팅ㆍ교육
kst,177726,지역창업특화지원,칠곡군중장년기술창업센터에서는 창업에 대한 두려움해소와 실질적인 창업역량을 강화하기 위해 인큐베이팅 창업교육을 실시하고자하오니 많은 참여 바랍니다.,시설/공간,교육기관,경상북도,"일반인,1인 창조기업","누구나,예비창업자,초기창업기업","만 20세 이상 ~ 만 39세 이하,만 40세 이상",,,"예비창업자, 3년이내 기업 15명",,"예비창업자,1년미만,2년미만,3년미만,5년미만,7년미만,10년미만",시설ㆍ공간ㆍ보육,20260518,20260615,,,이메일 접수: 공고문 확인 필요,https://www.k-startup.go.kr/web/contents/bizpbanc-ongoing.do?schM=view&pbancSn=177726,main,primary,지역창업특화지원,교육기관,20260518~20260615,시설ㆍ공간ㆍ보육,시설ㆍ공간ㆍ보육
kst,177725,글로벌 스타트업이륙작전,화성산업진흥원은 글로벌 진출 역량을 보유한 창업기업(스타트업)을 대상으로 액셀러레이팅을 지원하는 「글로벌 스타트업 이륙작전」 사업을 시행하고자 합니다. 이에 미래의 지역 선도기업으로 성장할 기업의 많은 관심과 지원 바랍니다.,판로/수출,공공기관,경기도,"일반기업,1인 창조기업","기업,스타트업,초기창업기업","만 20세 미만,만 20세 이상 ~ 만 39세 이하,만 40세 이상",,,"공고마감일 기준 기술(업력 7년 이내)또는 10대 신산업(업력 10년 이내) 분야 화성시 개인 또는 법인 창업기업(스타트업)

세부사항 공고문 참조",,"7년미만,10년미만",글로벌,20260519,20260527,,,온라인 접수: https://platform.hsbiz.or.kr/business/detail/N/1216,https://www.k-startup.go.kr/web/contents/bizpbanc-deadline.do?schM=view&pbancSn=177725,main,primary,글로벌스타트업이륙작전,공공기관,20260519~20260527,글로벌,글로벌
kst,177724,[성남산업진흥원] 폴란드 국제방위산업전시회 2026(MSPO 2026) 참관단 참가기업 모집,"성남산업진흥원은 관내 중소벤처기업의 방산분야 진출을 지원하기 위해 '폴란드 국제방위산업전시회 2026(MSPO 2026) 참관단' 참가 기업을 다음과 같이 모집하오니, 관내 기업들의 많은 관심과 신청 바랍니다.
* 전시회 참가가 아닌 참관 지원사업입니다.",판로/수출,공공기관,경기도,일반기업,기업,"만 20세 미만,만 20세 이상 ~ 만 39세 이하,만 40세 이상",,,"성남시 소재 방산업체로 등록된 기업 및 방산분야 진출 추진 중인 중소벤처기업(IT, AI, 로봇, 드론, 바이오 등) 10개사 이내

○ 단순 무역, 유통, 전시품목 비관련 업체
○ 신청일부터 참가 기간까지 기업 소재지(주된 사무소나 공장)가 성남시에 소재하지 않는 경우
○ 국세 및 지방세 체납업체(징수유예 포함)
○ NICE 신용조회가 불가하거나, 조회 결과 회수의문·휴폐업·부도에 해당하는 기업
○ 법정관리, 기업회생신청, 청산절차 등에 해당하는 기업
○ 동일 전시회로 타 기관 및 지자체의 지원금을 받는 기업 등
※ 자세한 내용은 모집공고 참고",,"1년미만,2년미만,3년미만,5년미만,7년미만,10년미만",판로ㆍ해외진출,20260514,20260608,,,온라인 접수: https://portal.snip.or.kr:8443/portal/snip/MainMenu/businessManagement/application.page?portlet=2026-0130&portlet2=4137&ptlYn=Y,https://www.k-startup.go.kr/web/contents/bizpbanc-ongoing.do?schM=view&pbancSn=177724,main,primary,성남산업진흥원폴란드국제방위산업전시회2026mspo2026참관단참가기업모집,공공기관,20260514~20260608,판로ㆍ해외진출,판로ㆍ해외진출
kst,177722,IP 나래 프로그램,창업 기업에게 보유기술의 독점적 권리 도출을 지원하고 지식재산기반 경영을 위한 기술경영 융‧복합 컨설팅을 제공하는 IP나래 프로그램 지원 기업을 다음과 같이 모집합니다.,교육/멘토링,공공기관,광주광역시,일반기업,기업,"만 20세 미만,만 20세 이상 ~ 만 39세 이하,만 40세 이상",,,"창업 후 7년 이내이며 기술을 보유한 중소기업
신산업창업 분야 10년 이내 중소기업(기술 해당 여부를 공고문에서 반드시 확인)",,"7년미만,10년미만",멘토링ㆍ컨설팅ㆍ교육,20260506,20260604,,,온라인 접수: https://pms.ripc.org/pms/biz/applicant/notice/info.do?noticeSeq=4628&bizYear=2026,https://www.k-startup.go.kr/web/contents/bizpbanc-ongoing.do?schM=view&pbancSn=177722,main,primary,ip나래프로그램,공공기관,20260506~20260604,멘토링ㆍ컨설팅ㆍ교육,멘토링ㆍ컨설팅ㆍ교육
kst,177720,2026 위치정보 보호조치 교육 홍보 요청,"방송미디어통신위원회와 한국인터넷진흥원이 추진하는 「2026년 위치정보 보호조치 교육」을 안내드립니다.
위치정보 활용 과정에서 법적 의무나 보호조치 이행 기준 등이 막연하게 느껴졌다면, 이번 교육을 통해 사업 운영에 필요한 기본 사항을 점검해보시기 바랍니다.",교육/멘토링,민간,전국,"대학생,일반인,대학,연구기관,일반기업,1인 창조기업","기업,누구나,청년,초기창업기업","만 20세 이상 ~ 만 39세 이하,만 40세 이상",,,"위치정보사업자, 위치기반서비스사업자 및 예비사업자 등 위치정보와 관련된 일을 하시는 모든 분들",,"예비창업자,1년미만,2년미만,3년미만,5년미만,7년미만,10년미만",멘토링ㆍ컨설팅ㆍ교육,20260519,20260526,,,온라인 접수: http://www.openitrun.com,https://www.k-startup.go.kr/web/contents/bizpbanc-deadline.do?schM=view&pbancSn=177720,main,primary,2026위치정보보호조치교육홍보요청,민간,20260519~20260526,멘토링ㆍ컨설팅ㆍ교육,멘토링ㆍ컨설팅ㆍ교육
kst,177719,AI 솔로프러너 프리오픈 참가자 모집,"주식회사 언더독스에서 AI 시대 AI를 활용해 창업을 할 예비,초기 창업가를 발굴하고 있습니다. 
AI를 활용해 매출을 발생시킬 창업가를 찾습니다.
많은 관심과 참여 바랍니다.",창업,민간,전국,"청소년,대학생,일반인,대학,연구기관,일반기업,1인 창조기업","기업,누구나,청년,초기창업기업","만 20세 미만,만 20세 이상 ~ 만 39세 이하,만 40세 이상",,,AI를 활용해 매출을 일으킬 모든 1인 창업가,,"예비창업자,3년미만",사업화,20260518,20260525,,,온라인 접수: https://udimpact-ai-solopreneur.vercel.app/,https://www.k-startup.go.kr/web/contents/bizpbanc-deadline.do?schM=view&pbancSn=177719,main,primary,ai솔로프러너프리오픈참가자모집,민간,20260518~20260525,사업화,사업화
kst,177718,2026년 디지털 전환 실습 전문가 양성 교육,"(재)경기테크노파크가 주최하고 (주)그란코에서 주관하는
『2026년 디지털 전환 실습 전문가 양성 교육』을 소개합니다.
제조 현장에서는 데이터 수집, 공정 모니터링, 대시보드 구성, 3D 공정 시뮬레이션 등
디지털 전환 기술을 실제 업무에 적용할 수 있는 실무 역량의 중요성이 점차 높아지고 있습니다.
이에 제조 DX 핵심 기술을 실습 중심으로 학습하고,
현장에서 바로 활용 가능한 디지털 전환 실무 역량을 강화할 수 있도록
아래와 같은 교육 과정이 운영될 예정입니다.",교육/멘토링,민간,경기도,"일반기업,1인 창조기업","기업,초기창업기업","만 20세 이상 ~ 만 39세 이하,만 40세 이상",,,일반 산업 재직자 및 관련 업계 종사자,,"예비창업자,1년미만,2년미만,3년미만,5년미만,7년미만,10년미만",멘토링ㆍ컨설팅ㆍ교육,20260518,20260703,,,온라인 접수: https://forms.gle/frF9Yn6jZWWxkpXP9,https://www.k-startup.go.kr/web/contents/bizpbanc-ongoing.do?schM=view&pbancSn=177718,main,primary,2026년디지털전환실습전문가양성교육,민간,20260518~20260703,멘토링ㆍ컨설팅ㆍ교육,멘토링ㆍ컨설팅ㆍ교육
kst,177717,"당신의 기술 고민, 전문가와 함께 해결하세요.","서울바이오허브는 보건․의료 산업 분야 창업기업의 기술 성장과 사업화를 지원하기 위해 학․연 혁신네트워크 전문가와의 전문가를 통한 맞춤형 기술자문 프로그램을 운영합니다. 
보건·의료 산업 분야 창업기업의 다양한 기술적 애로 해결을 지원함으로써 연구․개발 및 사업화를 지원하는 본 프로그램에 많은 관심과 참여를 바랍니다.",교육/멘토링,공공기관,서울특별시,"일반기업,1인 창조기업","기업,초기창업기업","만 20세 미만,만 20세 이상 ~ 만 39세 이하,만 40세 이상",,,서울 소재* 창업 10년 이내* 보건·의료 산업 분야 창업기업,,"1년미만,2년미만,3년미만,5년미만,7년미만,10년미만",멘토링ㆍ컨설팅ㆍ교육,20260518,20260527,,,온라인 접수: https://www.seoulbiohub.kr/front/supportManageReq/supportManageView.do?seq=758&gubun=09&&&&link_g_topmenu_id=310&link_g_submenu_id=310&link_g_homepage=F,https://www.k-startup.go.kr/web/contents/bizpbanc-deadline.do?schM=view&pbancSn=177717,main,primary,당신의기술고민전문가와함께해결하세요,공공기관,20260518~20260527,멘토링ㆍ컨설팅ㆍ교육,멘토링ㆍ컨설팅ㆍ교육
kst,177716,[서울바이오허브] 2026년 전문기관 연계형 기술·경영 컨설팅 지원 사업 수요기업 모집 공고,서울특별시에서 조성하고 한국과학기술연구원ㆍ고려대학교가 운영하는 ‘서울바이오허브’에서 보건·의료 산업 분야 창업기업이 사업화 과정에서 겪는 다양한 문제를 해결할 수 있도록 전문성을 보유한 전문기관과 창업기업을 연계하여 컨설팅을 지원하고자 하오니 관심있는 창업기업의 많은 신청 바랍니다.,교육/멘토링,공공기관,서울특별시,"청소년,대학생,일반인,대학,연구기관,일반기업,1인 창조기업","기업,누구나,청년,초기창업기업","만 20세 미만,만 20세 이상 ~ 만 39세 이하,만 40세 이상",,,"서울 소재 창업 10년 이내 보건·의료 산업 분야 창업기업

① 사업자등록을 하지 않거나 휴업, 폐업, 부도, 화의, 법정관리중인 기업 및 기관
② 국세 및 지방세 체납중인 기업 및 기관
③ 금융 불량거래처로 규제중인 기업, 기관 및 대표자
④ 기존 정부 및 서울시 사업 부실판정, 참여제한 등으로 제재 중인 기업 및 기관
⑤ 수행실적 확인이 불분명하거나 허위서류를 제출한 기업 및 기관",,"예비창업자,1년미만,2년미만,3년미만,5년미만,7년미만,10년미만",멘토링ㆍ컨설팅ㆍ교육,20260518,20260603,,,온라인 접수: https://www.seoulbiohub.kr/front/supportManageReq/supportManageView.do?seq=769&gubun=09&link_g_topmenu_id=310&link_g_submenu_id=310&link_g_homepage=F,https://www.k-startup.go.kr/web/contents/bizpbanc-ongoing.do?schM=view&pbancSn=177716,main,primary,서울바이오허브2026년전문기관연계형기술경영컨설팅지원사업수요기업모집공고,공공기관,20260518~20260603,멘토링ㆍ컨설팅ㆍ교육,멘토링ㆍ컨설팅ㆍ교육
kst,177715,「인천항만공사 동반성장 지원 프로그램」 2026년 창업기업 육성 지원사업 (연장)공고,"인천항만공사와 대‧중소농․어업협력재단, 인천대학교 창업지원단(아이엔유파트너스)은 혁신 스타트업의 성장과 일자리 창출을 위한 창업기업 육성 지원사업을 다음과 같이 공고합니다.",창업,공공기관,인천광역시,"일반인,일반기업","기업,누구나,초기창업기업","만 20세 미만,만 20세 이상 ~ 만 39세 이하,만 40세 이상",,,"1. 디지털 해상교통 정보산업 분야 창업 7년 이내 중소기업
2. 어촌·수산분야 AI·디지털 전환 창업 7년 이내 중소기업",,7년미만,사업화,20260518,20260531,,,이메일 접수: 공고문 확인 필요,https://www.k-startup.go.kr/web/contents/bizpbanc-deadline.do?schM=view&pbancSn=177715,main,primary,인천항만공사동반성장지원프로그램2026년창업기업육성지원사업연장공고,공공기관,20260518~20260531,사업화,사업화
kst,177714,2026 여성특화 액셀러레이팅 프로그램 참여자 모집 공고,여성 특화 전문 창업기획자(액셀러레이터)를 통해 초기 유망 여성 스타트업(창업 7년미만)을 육성하는『여성특화 액셀러레이팅 프로그램』에 참여할 창업기업 모집을 다음과 같이 공고합니다.,창업,민간,전국,"청소년,대학생,일반인,대학,연구기관,일반기업,1인 창조기업","기업,누구나,여성,예비창업자,청년,초기창업기업","만 20세 미만,만 20세 이상 ~ 만 39세 이하,만 40세 이상",,,"기술기반 혁신아이템, 여성 특화 및 친화제품 등을 보유한 여성 예비창업자 및 창업 7년 미만 여성 창업기업

사업 공고문 내 신청제외 대상 확인 必",,7년미만,사업화,20260519,20260609,,,기타 접수: 해당 운영기관 이메일 제출 (공고문 확인),https://www.k-startup.go.kr/web/contents/bizpbanc-ongoing.do?schM=view&pbancSn=177714,main,primary,2026여성특화액셀러레이팅프로그램참여자모집공고,민간,20260519~20260609,사업화,사업화
kst,177713,2026년 지역성장 예비창업지원사업 참여 모집 공고,한국기술교육대학교 앵커사업단에서는 충청남도 지역 내 유망 창업 아이템을 보유한 예비창업자 및 신규 창업기업을 발굴·지원하고자「2026년 지역성장 예비창업지원사업」 참여자를 다음과 같이 모집하오니 많은 관심과 참여 바랍니다.,창업,교육기관,충청남도,"청소년,대학생,일반인,일반기업,1인 창조기업","기업,누구나,예비창업자,청년,초기창업기업","만 20세 미만,만 20세 이상 ~ 만 39세 이하,만 40세 이상",,,"■ 모집대상

 1. 지원자격
  - 충청남도 내 창업을 희망하는 예비창업자
  - 창업일이 2026. 3. 1. 이후인 충청남도 소재 창업기업

 2. 우대사항
  - 한국기술교육대학교 교원 및 재학생(수료생·졸업생 제외)
  - 신성장동력산업 분야 사업아이템을 추진 중인 예비창업자 또는 창업기업

   ※신성장동력산업 분야: 반도체·디스플레이,  친환경·모빌리티,  AI·융합 분야",,"예비창업자,1년미만",사업화,20260518,20260623,,,이메일 접수: 공고문 확인 필요,https://www.k-startup.go.kr/web/contents/bizpbanc-ongoing.do?schM=view&pbancSn=177713,main,primary,2026년지역성장예비창업지원사업참여모집공고,교육기관,20260518~20260623,사업화,사업화
kst,177712,2026 경기 지역특화콘텐츠개발지원 제작지원 기업 모집공고,"(재)경기콘텐츠진흥원에서는 ‘2026 경기 지역특화콘텐츠개발지원’ 사업을 통해 경기도의 특색을 담은 콘텐츠를 제작할 기업을 모집합니다.
관심 있는 기업의 많은 참여 바랍니다.",창업,공공기관,경기도,일반기업,기업,"만 20세 미만,만 20세 이상 ~ 만 39세 이하,만 40세 이상",,,"공고일(2026.5.15.) 현재 소재지가 경기도인 콘텐츠 기업
 ※ 콘텐츠  관련 기업만 지원 가능(부동산업 등 지원 불가)
 ※ 경기도 내 ‘본사/본점’ 소재한 기업만 지원 가능(지사/지점, 연구소 등 지원 불가)
 ※ 지역콘텐츠기업 제작역량 강화를 위한 역외기업과의 컨소시엄 가능
    · 주관기업 : 경기도 소재 콘텐츠 분야 중소기업(컨소시엄 구성 시 사업비 51% 이상)
    · 참여기업 : 경기도 및 경기도 외 지역 소재 기업(참여기업은 최대 1개까지 가능)
 ※ 주관기업, 참여기업 모두 제재사유가 없어야 함

※ 참가 자격 제한
① 공고일 기준(2026.05.15.) 본사가 경기도 내에 소재하는 중소기업이 아닌 경우
   ※ 협약 체결 시 중소벤처기업부에서 발급하는 ‘중소기업확인서’를 제출하여야 함
② 과업 종료일(2026.10.31.)까지 4대보험 가입자 3인 이상 구성을 완료할 수 없는 경우(대표자 포함, 4대보험 가입자명부 기준)
③ 신청일 현재 사업자가 한국콘텐츠진흥원의 콘텐츠지원사업에서 지원금을 직접 교부받아 추진 중인 과제가 총 2개 과제 이상인 경우(단, 당해연도에 동시에 수행할 수 있는 콘텐츠지원사업은 최대 2개로 제한하며, 지원규모 1억원 이하인 과제는 과제 수에서 제외)
④ 신청일 현재 경기콘텐츠진흥원에서 지원금을 직접 교부받아 추진 중인 과제가 총 2개 이상인 경우(단, 지원규모 2,500만원 이하의 과제는 과제 수에서 제외)
⑤ 당해연도 포함 최근 3년간 경기콘텐츠진흥원에서 교부받은 기업별 지원과제금액의 합계가 6억원 이상인 경우
⑥ 신청일 현재 동일한 과제로(과제 목표와 산출물이 동일한 경우) 한국콘텐츠진흥원 및 경기콘텐츠진흥원의 지원사업에 기 선정되어 지원금을 직접 교부받은 경우
⑦ 신청일 또는 이후 현재 국세 또는 지방세 체납사실이 있는 경우 
⑧ 직전년도(2025) 본 지원사업 수혜기업에 해당하는 경우(주관/참여기업 모두 지원 불가)
⑨ 보조사업 수행 등의 배제결정을 받은 기업, 대표자 및 책임자, 또는 보조금 수급의 제한을 받은 보조금수령자
⑩ 문화체육관광부장관 등 중앙행정관서의 장으로부터 참여제한 조치를 받은 기업, 대표자 및 책임자
⑪ 한국콘텐츠진흥원 및 경기콘텐츠진흥원의 상임 임원이 부임 직전에 재직했던 기업인 경우
⑫ 신청일 현재 사업자가 콘텐츠지원사업에 따라 발생한 정산반납 대상액(지원사업 정산결과에 따라 사업자가 기관에 납부하여야하는 금액) 및 기술료를 체납(매출조사 거부, 회피 등 포함)하고 있는 경우 
⑬ 신청일 현재 기업의 재무제표/신용도 평가 상의 이유로 이행보증증권(계약/선금/중도금/잔금 등)의 발행이 불가능한 경우",,"1년미만,2년미만,3년미만,5년미만,7년미만,10년미만",사업화,20260518,20260602,,,온라인 접수: http://buly.kr/7x8Uzrs,https://www.k-startup.go.kr/web/contents/bizpbanc-deadline.do?schM=view&pbancSn=177712,main,primary,2026경기지역특화콘텐츠개발지원제작지원기업모집공고,공공기관,20260518~20260602,사업화,사업화
kst,177711,[강동구 청년해냄센터] 고덕비즈밸리 강동U1센터 청년창업공간 입주기업 모집,고덕비즈밸리 강동U1센터 청년창업지원공간 입주기업을 모집하오니 입주 희망자는 안내에 따라 신청하시기 바랍니다.,시설/공간,공공기관,서울특별시,일반기업,"기업,청년",만 20세 이상 ~ 만 39세 이하,20,39,"※ 기업 대표자 기준, 아래 조건 충족
- 연 령 : 19세∼39세 이하 청년 (1986.5.19. ~ 2007.5.18.)
- 주소지 : 입주 후 1개월 내 사업장(본사) 이전이 가능한 자
※ 거주지(주민등록지)가 강동구인자 우대(서류 심사 시 가점 1점 부여)
- 창업일 : 7년 미만 기창업자(사업자등록증 기준일 2019. 5.19. 이후 창업)
- 대표자 제외 상시 근로자 1인 이상인 기업
- 고덕 비즈 밸리 청년 창업지원 공간 지원받은 사실이 없는 자
 ※상세한 신청자격은 공고문 참

▷ 지원제외업종: 금융 및 보험업, 부동산업, 숙박, 음식점업, 무도장, 유흥접객영업
(주점 등), 스키장, 갬블링, 베팅업, 프랜차이즈업 등 지원이 부적합하다고 자체 판단 시
▷ 국세 또는 지방세 체납자 (단, 분납 등을 통해 체납세금을 유예하고 있거나 현재 납부하고 있는 경우 가능)
▷ 동일 또는 유사한 정부 및 지자체의 타 사업으로부터 동일기간 내 유사・중복 지원 수혜자
▷ 신청서 및 사업계획서를 허위로 기재한 자
▷ 성년후견인(금치산자) 및 한정 성년후견인(한정치산자)
▷ 기타 자체 심사위원회에서 지원 제외함이 타당하다고 인정하는 자",,7년미만,시설ㆍ공간ㆍ보육,20260518,20260601,,,이메일 접수: 공고문 확인 필요,https://www.k-startup.go.kr/web/contents/bizpbanc-deadline.do?schM=view&pbancSn=177711,main,primary,강동구청년해냄센터고덕비즈밸리강동u1센터청년창업공간입주기업모집,공공기관,20260518~20260601,시설ㆍ공간ㆍ보육,시설ㆍ공간ㆍ보육
kst,177710,[성남산업진흥원] CES 2027 참가기업 모집,"성남시 및 성남산업진흥원은 관내 중소기업의 해외시장 판로개척 지원을 위해 '미국 소비자제품전시회(CES 2027)'참가 기업을 다음과 같이 모집하오니, 관내 기업들의 많은 관심과 신청 바랍니다.",판로/수출,공공기관,경기도,"일반기업,1인 창조기업","기업,초기창업기업","만 20세 미만,만 20세 이상 ~ 만 39세 이하,만 40세 이상",,,"성남시 소재 중소벤처기업 25개사 내외

○ 단순 무역, 유통, 전시품목 비관련 업체
○ 신청일부터 참가 기간까지 기업 소재지(주된 사무소나 공장)가 성남시에 소재하지 않는 경우
○ 국세 및 지방세 체납업체(징수유예 포함)
○ NICE 신용조회가 불가하거나, 조회 결과 회수의문·휴폐업·부도에 해당하는 기업
○ 법정관리, 기업회생신청, 청산절차 등에 해당하는 기업
○ 동일 전시회로 타 기관 및 지자체의 지원금을 받는 기업 등
※ 자세한 내용은 모집공고 참고",,"1년미만,2년미만,3년미만,5년미만,7년미만,10년미만",판로ㆍ해외진출,20260513,20260608,,,온라인 접수: https://portal.snip.or.kr:8443/portal/snip/MainMenu/businessManagement/application.page?portlet=2026-0128&portlet2=4152&ptlYn=Y,https://www.k-startup.go.kr/web/contents/bizpbanc-ongoing.do?schM=view&pbancSn=177710,main,primary,성남산업진흥원ces2027참가기업모집,공공기관,20260513~20260608,판로ㆍ해외진출,판로ㆍ해외진출
kst,177709,2026년 제조전문형 메이커스페이스 지원사업 메이킹 아카데미(제품화 지원) 신청기업 모집공고,경상남도에 소재한 제조분야 (예비)창업자를 대상으로 제조혁신을 이끌 핵심역량을 갖춘 우수기업으로 육성하고자 『메이킹 아카데미』 지원 대상자를 다음과 같이 모집하고자 합니다.,기술,공공기관,경상남도,"청소년,대학생,일반인,대학,연구기관,일반기업,1인 창조기업","기업,누구나,예비창업자,청년,초기창업기업","만 20세 미만,만 20세 이상 ~ 만 39세 이하,만 40세 이상",,,"지원분야: 경상남도 미래첨단산업* 분야 전후방 산업 제조업종 *우주, 항공, AAM, 수소, SMR, AI, 로봇, 바이오, 반도체 등
지원규모: 초기 창업기업 30개사 내외
지원자격 : 경남지역 내 소재한 예비창업자 또는 초기창업기업 *사업자등록증 상 소재지가 경남지역으로 기재된 업력 7년 이내 창업기업

기타 부도, 휴폐업, 국세(지방세) 체납처분, 채무불이행자, 파산‧회생기업, 자본전액잠식, 부채 1,000%이상, 국가R&D 참여제한 기업 및 대표자 
- 단, 회생인가를 받은 기업, 중소기업진흥공단 등으로부터 재창업 자금을 지원받은 기업 등 정부・공공기관으로부터 재기지원 필요성을 인정받은 자(기업)는 참여 가능
 ◦ 신청 과제가 경남TP 및 타기관의 기 지원된 과제와 유사・중복인 경우
 ◦ 제출 서류의 미비 또는 제출서류가 사실과 다른 경우
 ◦ 기타 본 사업에 적정하지 않다고 판단되는 경우",,"예비창업자,1년미만,2년미만,3년미만,5년미만,7년미만",기술개발(R&amp;D),20260512,20260602,,,"온라인 접수: https://www.gntp.or.kr/biz/applyInfo/3723
이메일 접수: 공고문 확인 필요",https://www.k-startup.go.kr/web/contents/bizpbanc-deadline.do?schM=view&pbancSn=177709,main,primary,2026년제조전문형메이커스페이스지원사업메이킹아카데미제품화지원신청기업모집공고,공공기관,20260512~20260602,기술개발(R&D),기술개발(R&D)
kst,177708,「2026 서울 인디게임 개발 챌린지」 참여팀 모집,"서울경제진흥원(SBA)에서는 유망 인디게임 개발팀의 게임 상용화 지원 및 동반성장을 도모하고, 몰입형 집중 개발 환경을 제공하기 위해 「2026 서울 인디게임 개발 챌린지」를 개최합니다. 역량 있는 인디게임 개발팀의 많은 관심과 참여를 부탁드립니다.",행사/네트워크,공공기관,서울특별시,"청소년,대학생,일반인,대학,연구기관,일반기업,1인 창조기업","기업,누구나,청년,초기창업기업","만 20세 미만,만 20세 이상 ~ 만 39세 이하,만 40세 이상",,,게임 개발 역량을 갖춘 5인 이하의 팀,,"1년미만,2년미만,3년미만,5년미만,7년미만,10년미만",행사ㆍ네트워크,20260511,20260529,,,온라인 접수: www.sba.seoul.kr/Pages/BusinessApply/PostingDetail.aspx?p=0&mid=6c01c045-d24c-f111-b404-d4f5ef4a1e33,https://www.k-startup.go.kr/web/contents/bizpbanc-deadline.do?schM=view&pbancSn=177708,main,primary,2026서울인디게임개발챌린지참여팀모집,공공기관,20260511~20260529,행사ㆍ네트워크,행사ㆍ네트워크
kst,177707,2026 관악S밸리 X 미림마이스터고 인재매칭 잡페어 참여기업 모집,"관악중소벤처진흥원은 미림마이스터고와 함께 「2026 관악S밸리 X 미림마이스터고 인재매칭 잡페어」를 개최합니다. 스타트업과 특성화고 인재를 연결해 우수 인재 발굴과 채용 연계를 지원하고, 학교-기업 간 협력 및 지역 창업 생태계 활성화를 추진하고자 하오니 많은 관심과 참여 바랍니다.",행사/네트워크,공공기관,서울특별시,"대학,연구기관,일반기업,1인 창조기업","기업,초기창업기업","만 20세 미만,만 20세 이상 ~ 만 39세 이하,만 40세 이상",,,관악구 소재 기업 및 공공기관,,"1년미만,2년미만,3년미만,5년미만,7년미만,10년미만",행사ㆍ네트워크,20260506,20260528,,,온라인 접수: https://docs.google.com/forms/d/e/1FAIpQLSdPaBVrlqEXypFeROLA-h9d6gOUxZcuEn8101h7lha5ODJktw/viewform,https://www.k-startup.go.kr/web/contents/bizpbanc-deadline.do?schM=view&pbancSn=177707,main,primary,2026관악s밸리x미림마이스터고인재매칭잡페어참여기업모집,공공기관,20260506~20260528,행사ㆍ네트워크,행사ㆍ네트워크
kst,177706,서울창업허브 창동 운영,"급변하는 뉴미디어 시대, 브랜딩과 콘텐츠 전략을 한 단계 업그레이드할 수 있는 『2026 브랜딩·콘텐츠 세미나』를 개최하여 안내드립니다.
AI를 활용한 실무적인 콘텐츠 기획부터 브랜딩 전략까지 심도 있는 인사이트를 나눌 예정이오니, 여러분의 많은 관심과 참석 부탁드립니다.",시설/공간,민간,서울특별시,"일반기업,1인 창조기업","기업,초기창업기업","만 20세 미만,만 20세 이상 ~ 만 39세 이하,만 40세 이상",,,기업 성장 단계별 브랜드 전략 수립이 필요한 서울시 소재 초기·중장기 창업기업,,"예비창업자,1년미만,2년미만,3년미만,5년미만,7년미만,10년미만",시설ㆍ공간ㆍ보육,20260430,20260520,,,온라인 접수: https://www.startup-plus.kr/project/PRJ006949,https://www.k-startup.go.kr/web/contents/bizpbanc-deadline.do?schM=view&pbancSn=177706,main,primary,서울창업허브창동운영,민간,20260430~20260520,시설ㆍ공간ㆍ보육,시설ㆍ공간ㆍ보육
kst,177705,[무료/선착순] 대구데이터역량강화교육 - 바이브코딩 웹 서비스 구현,대구디지털혁신진흥원과 메타코드가 바이브코딩 분야 취업 및 창업에 필요한 개념부터 실습까지 준비하였습니다. 관심 있는 분들은 신청 바랍니다.,교육/멘토링,민간,대구광역시,"청소년,대학생,일반인,대학,연구기관,일반기업,1인 창조기업","기업,누구나,예비창업자,청년,초기창업기업","만 20세 미만,만 20세 이상 ~ 만 39세 이하,만 40세 이상",,,"대학생,취업준비생,예비창업자 및 예비 개발자, 현직실무자",,"예비창업자,1년미만,2년미만,3년미만,5년미만,7년미만,10년미만",멘토링ㆍ컨설팅ㆍ교육,20260518,20260609,,,온라인 접수: https://forms.gle/55Fne3q1PWwwX6k4A,https://www.k-startup.go.kr/web/contents/bizpbanc-ongoing.do?schM=view&pbancSn=177705,main,primary,무료선착순대구데이터역량강화교육바이브코딩웹서비스구현,민간,20260518~20260609,멘토링ㆍ컨설팅ㆍ교육,멘토링ㆍ컨설팅ㆍ교육
kst,177704,2026년 대전·세종관광기업지원센터 입주기업 모집기간 연장 공고,"대전관광공사 대전·세종관광기업지원센터에서는 관광기업의 안정적인 사업 운영과 성장을 지원하고, 입주공간의 효율적 운영을 위하여 
「2026년 대전‧세종관광기업지원센터 입주기업 모집」 기간을 다음과 같이 연장 공고하오니 많은 관심과 참여 바랍니다.",시설/공간,공공기관,대전광역시,일반기업,기업,"만 20세 미만,만 20세 이상 ~ 만 39세 이하,만 40세 이상",,,"관광·여행·MICE 및 관광 연계 산업 분야 기업

1. 타 기관(정부·지자체·공공기관·대학 등)의 창업보육 또는 유사 입주 지원사업에 참여 중인 기업
2. 2026년도 타 기관 입주공간 지원사업 수혜 기업(단‧장기 포함)
3. 대전·세종관광기업지원센터 입주 수혜 이력이 있는 기업
  ※ 단기입주는 기존 수혜기업도 신청 가능하나, 당해연도 입주 수혜 기업 및 단기입주 누적 3회 이상 지원 기업은 제외
4. 금융기관 채무불이행 등 신용정보 등록·관리 대상 기업
5. 국세 또는 지방세 체납 중인 기업
6. 정부 및 공공기관 사업 참여 제한 조치를 받은 기업
7. 신청일 현재 휴업 또는 폐업 상태인 기업
8. 「중소기업창업 지원법」상 창업 제외 업종을 영위하는 기업
   (일반유흥주점업, 무도유흥주점업, 사행시설 관리 및 운영업 등)
9. 기타 주관기관장이 사업목적 및 운영 기준에 따라 참여 제한이 필요하다고 인정되는 기업",,"1년미만,2년미만,3년미만,5년미만,7년미만,10년미만",시설ㆍ공간ㆍ보육,20260429,20260529,,,이메일 접수: 공고문 확인 필요,https://www.k-startup.go.kr/web/contents/bizpbanc-deadline.do?schM=view&pbancSn=177704,main,primary,2026년대전세종관광기업지원센터입주기업모집기간연장공고,공공기관,20260429~20260529,시설ㆍ공간ㆍ보육,시설ㆍ공간ㆍ보육
kst,177703,2026 펀딩인사이더 뉴욕 현지 제품 홍보 영상 무료 촬영 지원기업 모집,"펀딩인사이더는 해외 크라우드펀딩 진출을 준비하는 기업을 대상으로 뉴욕 현지 제품 홍보 영상 무료 촬영 지원사업을 다음과 같이 공고하오니, 참여를 희망하는 기업은 안내에 따라 신청하시기 바랍니다.",창업,민간,전국,"일반인,일반기업,1인 창조기업","기업,누구나,초기창업기업","만 20세 이상 ~ 만 39세 이하,만 40세 이상",,,"킥스타터, 인디고고 등 미국 크라우드펀딩 플랫폼 진출을 준비 중인 국내 기업
해외 시장 진출을 위한 미국 감성의 제품 홍보 영상 및 캠페인 콘텐츠가 필요한 기업
2026년 내 미국 크라우드펀딩 런칭을 계획 중인 기업

신청 내용이 허위로 확인되는 기업
해외 크라우드펀딩 런칭 목적과 무관한 단순 홍보 영상 제작 희망 기업
촬영 대상 제품 또는 서비스가 명확하지 않은 기업
선정 후 촬영 일정 및 자료 제출 협조가 어려운 기업
제품의 부피와 무게의 제한으로 현지 이송이 어려운 제품",,"예비창업자,1년미만,2년미만,3년미만,5년미만,7년미만,10년미만",사업화,20260518,20260531,,,이메일 접수: 공고문 확인 필요,https://www.k-startup.go.kr/web/contents/bizpbanc-deadline.do?schM=view&pbancSn=177703,main,primary,2026펀딩인사이더뉴욕현지제품홍보영상무료촬영지원기업모집,민간,20260518~20260531,사업화,사업화
youth,20260528005400113227,(농식품부) 농식품 바우처,『농업·농촌 및 식품산업 기본법』 제 23조의 2(취약계층 등에 대한 식품지원)에 근거하여 취약계층의 식품 접근성을 강화하고 균형 있는 식품 섭취를 지원하는 식품지원 제도,복지/문화,농림축산식품부,전국,"아래 기초지자체는 '26년 농식품바우처 사업 미추진
- 서울 : 강서구, 송파구(청년 포함가구 미지원)
- 인천 : 미추홀구
- 경기 : 수원시, 부천시, 안산시, 안양시, 하남시

* 농식품바우처 지정 오프라인 매장은 이용가능
* 미시행 지자체 전입시 바우처 사용 불가, 전입전까지 지원금액 모두 사용 | 0013010 | 0049010",청년,만 18세 ~ 만 34세,18,34,"생계급여 수급가구 가구원 중 「국민기초생활 보장법」상 보장시설 수급자는 가구원 수 산출에서 제외
보건복지부 영양플러스 사업 이용자는 해당 기간 동안 가구원 수 산출에서 제외",소득조건코드=0043003 / 소득범위=0~0 / 생계급여(기준 중위소득 32%이하) 수급가구 중 임산부·영유아·아동·청년 포함가구,,"- 지원방식: 전자바우처(카드방식)
- 지원품목: 국산 채소류, 과일류, 육류, 신선알류, 흰 우유, 잡곡류, 두부류, 임산물 (이외 품목 구매 불가)",20251222 ~ 20261211,20261231,"생계급여 수급가구 가구원 중 「국민기초생활 보장법」상 보장시설 수급자는 가구원 수 산출에서 제외
보건복지부 영양플러스 사업 이용자는 해당 기간 동안 가구원 수 산출에서 제외",,"1. 방문신청 : 주소지 관할 읍ㆍ면ㆍ동 행정복지센터 방문
2. 전화신청 : 고객지원센터 (1551-0857)를 통해 신청
3. 온라인신청 : 농식품 바우처 홈페이지에서 신청
4. 자동신청 : 2025년 농식품바우처 이용가구 중 2025. 12. 22. 기준 지원 자격을 충족하는 경우 별도 절차 없이 자동으로 승인 처리",https://www.foodvoucher.go.kr/view/fm/vucintro/agriFood,main,primary,농식품부농식품바우처,농림축산식품부,20251222 ~ 20261211~20261231,금융･복지･문화,건강
youth,20260528005400113226,(문체부) 청년예술인 예술활동 적립계좌,청년예술인에게 중장기 자산형성의 기회를 마련하여 안정적인 예술활동을 지원하는 사업,복지/문화,문화체육관광부,전국,"1. 적금 7개월 이상 연속 미납자
2. 적금 만기 전 상품 해지자
3. 사망 및 압류계좌로 확인된 자
4. 적금 선납 시 1회 지원금만 지원되며, 잔여 회차 지원금 지급 불가(240만원 한도 외 추가 납입 불가)
* (예시) 적금 선납 예시
- (1회차)10만원 (2회차)230만원 ⇒ 지원금 20만원 인정. 선납한 22회차 지원금 지급 불가.
- (1회차)10만원 (2회차)100만원 ⇒ 지원금 20만원 인정. 선납한 9회차 지원금 지급 불가 | 0013010 | 0049010",청년,만 18세 ~ 만 39세,18,39,"「예술인복지법」상 예술활동증명을 완료한 예술인(신청일 기준 예술활동증명 유효자)
- 일반 예술활동증명 완료자(공개 발표된 예술활동, 예술활동 수입, 경력단절예술인, 특수한 작업방식, 무형유산 관련 특례), 신진예술인 예술활동증명 완료자
- 국내 거주 내국인 및 재외국민에 한함 (외국인은 참여 불가)
- 재외국민의 경우, 출입국사실증명을 통해 신청일 기준 2년간 국내 거주 사실이 확인되며 일시 출국 기간 매회 90일 이내 및 연간* 국내 체류 총합 183일 이상인 자
* 연간기준: (1차년) 2024. 2. 4. ~ 2025. 2. 3., (2차년) 2025. 2. 4. ~ 2026. 2. 3.",소득조건코드=0043002 / 소득범위=0~3692,,"매월 일정 금액을 24개월간 적금 저축 시 가입자가 저축한 금액만큼 정부지원금을 지원 (1인 최대 240만원)
- 상품종류: 10만원 정액 적금
- 가입기간: 2년 (24개월)
- 납입한도: 월 10만원 (2년 최대 240만원)
- 지급방식: 만기 일시지급 (지원금은 만기 익월 지급)",20260101,20261231,"「예술인복지법」상 예술활동증명을 완료한 예술인(신청일 기준 예술활동증명 유효자)
- 일반 예술활동증명 완료자(공개 발표된 예술활동, 예술활동 수입, 경력단절예술인, 특수한 작업방식, 무형유산 관련 특례), 신진예술인 예술활동증명 완료자
- 국내 거주 내국인 및 재외국민에 한함 (외국인은 참여 불가)
- 재외국민의 경우, 출입국사실증명을 통해 신청일 기준 2년간 국내 거주 사실이 확인되며 일시 출국 기간 매회 90일 이내 및 연간* 국내 체류 총합 183일 이상인 자
* 연간기준: (1차년) 2024. 2. 4. ~ 2025. 2. 3., (2차년) 2025. 2. 4. ~ 2026. 2. 3.","1. 주민등록초본
- 2026년 발급분
- 발급 시 발급대상자 본인 및 전체 발급

2. 소득금액증명원
- 2026년 발급분
- 귀속년도: 직전년도(2024년도) 소득금액증명원 발급
- 작성기준: 종합소득세 신고 현황의 소득금액(사업, 근로, 기타) 및 연말정산 현황의 근로소득, 사업소득의 소득금액 총합계 (소득이 없을경우, 사실증명원 제출 가능)

3. 성희롱·성폭력 예방교육 수료증
- 예술인권리보장시스템 (sinmungo.kawf.kr)에서 수강 후 수료증 발급

4. 출입국에 관한 사실증명
- 신청·접수 기간 내 발급
- 조회기간: 2024. 2. 4.부터 ~ 2026. 2. 3.까지","1. 예술활동증명확인
예술인경력정보시스템(https://www.kawfartist.kr)을 접속하시어
경력지원 > 예술활동증명 > 신청내역 진행 상태에서 신청일 현재 예술활동증명 유효 여부를 확인합니다.

2. 구비서류 확인
상품 및 구비서류를 확인하여 준비합니다.

3. 온라인 신청
공지사항에 공지된 신청기간 내 적립계좌 신청하기를 통해 신청 정보 동의 및 인적사항, 신청자료를 입력합니다.",https://www.artloan.kr/notice/savingsAccount.do,main,primary,문체부청년예술인예술활동적립계좌,문화체육관광부,20260101~20261231,금융･복지･문화,예술인지원
youth,20260527005400113224,청년 국가기술자격 응시료 지원 사업,"구직활동을 하거나 경력을 개발하는 청년들의 경제적 부담을 완화하고, 국가기술자격 취득을 통한 취업 경쟁력 강화를 도모",인력/일자리,고용노동부,전국,0013010 | 0049010,청년,만 0세 ~ 만 34세,,34,,소득조건코드=0043001 / 소득범위=0~0,,"34세 이하 청년*이(소득 및 취업 여부 무관) 한국산업인력공단이 시행하는 국가기술자격 시험(’26년 기준 491종목)에 응시하는 경우 응시료의 50%를 선 지원
(1인당 年 3회 지원, 단 예산 242억 원 소진시 마감)

* ’26년 기준 ’91.1.1. 이후 출생자",        ,        ,,,"한국산업인력공단 Q-Net(https://www.q-net.or.kr) 원서접수 결제 단계에서, 34세 이하 청년인 경우 별도의 신청 절차 없이 50% 할인 자동 적용",https://www.q-net.or.kr/man004.do?id=man00402&gSite=Q&gId=,main,primary,청년국가기술자격응시료지원사업,고용노동부,,일자리,취업
youth,20260527005400113223,전세보증금반환보증 보증료 지원,"전세사기, 역전세 등 임차인이 전세보증금을 돌려받지 못하는 전세 피해를 예방하고, 상대적으로 주거 취약계층인 청년 및 저소득층의 주거 안정을 도모",주거,국토교통부,전국,0013010 | 0049010,청년,만 0세 ~ 만 0세,,,,소득조건코드=0043001 / 소득범위=0~0,,"○ 지원대상
- 신청일 기준 유효한 전세보증금반환보증(HUG, HF, SGI)에 가입한 임차보증금 3억원 이하, 연소득 (청년) 5천만원, (청년외) 6천만원, (신혼부부) 7.5천만원 이하 무주택 임차인

○ 지원금
- 신청인이 기납부한 전세보증금반환보증 보증료에 대해 최대 40만원 한도 내 지원('25.3.30 이전 가입건은 최대 30만원 지원)
ㆍ단, 청년외의 경우 신청인이 기납부한 보증료의 90%를 최대 40만원 한도 내 지원

○ 신청시기
- 연중 (지자체별 예산 소진시 조기 마감)",        ,        ,,"<민원인이 제출해야 하는 서류>
○ 보증기관에서 보증가입 시 전세보증금반환보증 보증료 지원 사업을 위한 제3자 정보제공에 동의한 경우
- 보증료 지원 신청서, 서약서

○ 신청인 제출 서류
- 보증료 지원 신청 및 서약서, 지급받을 계좌의 통장 사본
- 전세보증금반환보증 보증서(보증기관 날인 필수), 보증료 납부 증빙서류*(납부액 기재, 보증기관 날인 필수)
* HUG와 SGI의경우 보증서에 보증료가 기재되어 있으므로 별도 증빙서류 불필요
- 임대차계약서, 부동산 등기사항 전부증명서
- 주민등록등본(전체공개), 혼인관계증명서(일반증명서, 전부공개, 국내기관제출용)
- 소득금액증빙자료(열람용은 법적 효력 없음)
(근로소득) 아래 서류 중 택1
· 최근년도 근로소득원천징수 영수증
· 전년도 소득금액 증명원(7.1일 이전은 전전년도 소득금액증명원)
· 소득확인증명서(ISA 가입용)
· 갑근세원천징수확인서(홈택스에서 발급시 관공서 제출용, 회사 발급시 회사 직인 필요)
· 급여명세표, 임금대장 등 최근 1년간의 급여액을 알 수 있는 자료
(사업소득) 아래 서류 중 택1
· 전년도 소득금액 증명원(7.1일 이전은 전전년도 소득금액증명원)
· 소득확인증명서(ISA 가입용)
· 종합소득세 과세표준확정신고 및 납부 계산서(세무사 확인분)
· 사업소득원천징수영수증(연말정산용)
(연금소득) 연금수급권자 확인서 등 기타 연금을 확인할 수 있는 지급기관의 증명서(단, 연금수령액이 표기되지 않는 경우 연금 수령통장)
* 기존 소득심사방법과 동일하게 소득금액증명원 제출시 별도 서류 제출하지 않아도 무방하나, 그 외 소득확인증명서 등 재직기간 확인이 어려운 경우는 재직증명서, 건강보험자격득실확인서 등 재직기간을 확인할 수 있는 서류 추가 제출 필요
** 소득이 발생하지 않아 소득금액증명이 발급되지 않는 경우에는 '사실증명(신고사실없음)' 제출
*** 기혼자는 배우자의 소득증빙 서류도 필수 제출
- 대리신청의 경우 위임장, 대리인 신분증, 본인-대리인 관계 증명 서류 제출

※ 소득금액증명 상 연소득 확인:
- (근로소득) 종합소득세 신고 현황 - 수입금액 / 연말정산 현황 - 지급받은 총액
- (그 외 소득) 종합소득 신고 현황 - 소득금액 합계 / 연말정산 현황 - 소득금액 합계
※ 모든 서류는 신청일 기준 3개월 이내에 발급한 서류로 제출","○ 신청방법 : 시·군·구청 또는 주민센터에 방문 접수 혹은 온라인 접수
※ 방문접수의 경우 구군별 상이하니 전화 후 방문 필요
* 대구광역시는 온라인 접수 또는 시청 방문 신청

○ 지급시기 및 지급방법
- 지급일 : 접수 후 심사를 거쳐 30일 이내(기간 연장 필요한 경우 신청인 통지 후 15일 연장 가능) 지급
- 지급방법 : 신청인 계좌에 직접 입금

○ 신청 처리상태 안내
- 알림수신에 동의하신 경우 SMS/국민비서를 통해 처리상태를 안내받으실 수 있습니다.
※ 알림수신 동의 참고사항
1. 정부24 → MyGOV → 나의 정보관리 → 알림 수신동의 → SMS/국민비서 (예)로 변경
2. 국민비서 → 로그인 → 화면 좌측에 국민비서 알림 체크 → 화면 좌측에 수신받을 앱 선택 → 화면 우측에 알림서비스 선택 (정부 24 체크)",https://www.gov.kr/portal/rcvfvrSvc/dtlEx/161300000103,main,primary,전세보증금반환보증보증료지원,국토교통부,,주거,전월세 및 주거급여 지원
youth,20260527005400213222,2026년 청년근로자 교통비 지원사업,교통비 지원을 통해 관내 청년 이탈 방지 및 안정적인 직장생활 유도를 통한 청년 일자리 창출 기여,인력/일자리,경상북도 고령군 인구정책실,경상북도,0013001 | 0049010,청년,만 18세 ~ 만 45세,18,45,,소득조건코드=0043001 / 소득범위=0~0,,"ㅇ (대상)
- 18~45세 고령군 거주(예정)인 청년근로자
- 중소기업에 근무하는 청년근로자
※타지역 중소기업에 근무하더라도 고령군 청년이면 신청 가능
ㅇ (주요내용) 최대 8개월 간 월 5만원 지원",20260526 ~ 20260624,20261231,,,,https://www.goryeong.go.kr/kor/boardView.do?IDX=154&BRD_ID=1023&BOARD_IDX=41670&searchType=ALL&searchValue=&page=1,main,primary,2026년청년근로자교통비지원사업,경상북도고령군인구정책실,20260526 ~ 20260624~20261231,일자리,취업
youth,20260527005400213221,2026년 청년창업자 임차료 지원사업,초기 청년창업자에게 최대 5개월간 임차료 50%(월 최대 40만원) 지원,인력/일자리,경상북도 고령군 인구정책실,경상북도,"0013002,0013003 | 0049010",청년,만 18세 ~ 만 45세,18,45,,소득조건코드=0043001 / 소득범위=0~0,,"ㅇ (목적) 청년 창업자에 임차료를 일부 지원함으로써 안정적인 창업환경을 유지하고 경제적 자립을 지원하여 관내 청년 이탈 방지 도모
ㅇ (대상) 18세~45세 고령군 거주(예정)인 3년 이내 초기 청년창업가
ㅇ (주요내용) 최대 5개월간 월 임차료 50% 지원(월 최대 40만원)",20260518 ~ 20260616,20261031,,,,https://www.goryeong.go.kr/kor/boardView.do?IDX=154&BRD_ID=1023&BOARD_IDX=41634&searchType=ALL&searchValue=%EC%9E%84%EC%B0%A8%EB%A3%8C&page=1,main,primary,2026년청년창업자임차료지원사업,경상북도고령군인구정책실,20260518 ~ 20260616~20261031,일자리,창업
youth,20260522005400213220,삼척형 일자리 안심공제,"공제가입 기업에 재직 중인 정규직 또는 무기계약직
공제 가입 및 공제부금 납부(5년간)",복지/문화,강원특별자치도 삼척시,강원특별자치도,"<기업>
1) 지원제외 업종(품목코드)     * 붙임 「한국표준사업분류(통계청 고시)」참조
 - 일반 유흥주점업(56211), 무도 유흥주점업(56212), 기타 주점업(56219), 기타 사행시설 관리 및
   운영업(91249), 무도장 운영업(91291) 등
2) 사업자등록을 하지 않은 기업 
3) 휴‧폐업 중인 기업. 단, 재해를 직접 원인으로 휴업 중인 기업은 가동 중인 기업으로 간주하여 가입대상에 포함
4) 국세‧지방세 체납 중인 기업. 단, 세금분납계획에 따라 성실하게 세금을 납부하고 있는 기업은 가입대상에 포함
5) 공제금․해지환급금의 부정수급 시도 등의 사유로 진흥원이 공제계약을 해지한 날로부터 3년이 경과되지 않은 기업

<근로자>
1) 해당기업의 대표자  
2) 위 1)에 해당하는 자의 배우자, 부모, 자녀
3) 신청일부터 해지일까지 주민등록상 주소지가 삼척시로 유지가 불가능한 자
4) 신청일 기준 정부 및 지방자치단체에서 시행 중인 근로자에게 직접 지원하는 
   자산형성 지원성격의 사업*에 참여 중인 자
  * (중복관리 대상사업) 강원형 일자리 안심공제, 청년내일채움공제, 청년재직자내일채움공제, 희망키움통장Ⅰ, 희망키움통장Ⅱ, 
    내일키움통장, 청년희망키움통장, 청년저축계좌, 희망저축계좌 1, 희망저축계좌 2, 청년내일저축계좌, 강원형청년일자리사업(지역정착지원), 강원 청년 디딤돌 두배 적금 등 지자체 자산형성 사업
5) 정년이 있는 기업 근로자의 경우 정년까지의 근무기간이 5년 미만인 자 
6) 대한민국 국적을 보유하지 않은 외국인 | 0013001 | 0049010",청년,만 0세 ~ 만 0세,,,"❍ 기업(법인 또는 개인사업자)
   -「중소기업기본법」제2조제1항(중소기업자의 범위)에 따른 중소기업
   -「중견기업 성장촉진 및 경쟁력 강화에 관한 특별법」제2조제1호(정의)에 따른 중견기업  ※ 소상공인 포함
   - 위 중소기업 또는 중견기업 중 삼척시에 사업장을 두고 있고, 소속 상용근로자   1명 이상인 기업 ※ 지원기간 동안 사업자등록증 상 사업장 소재지가 삼척시 내로 되어 있어야 함.

  ❍ 근로자 
   - 공제가입 기업에 재직 중인 정규직 또는 무기계약직
     ※‘정규직 또는 무기계약직’은 기간의 정함이 없는 근로계약을 체결한 근로자를 말하며 
          「기간제 및 단시간근로자 보호 등에 관한 법률」 제2조에 따른 기간제근로자는 제외함.
   - 신청일부터 해지일까지 주민등록상 주소지가 삼척시이며, 해당기업에 계속 재직이 가능한 자
   - 기업의 공제가입 승인을 받은 자",소득조건코드=0043001 / 소득범위=0~0,,"월 50만원*씩 5년간 적립 후 만기에 적립금(3천만 원)과 공제부금 이자를 근로자에게 지급
   *공제부금: 기업 기여금 15만원, 근로자 납부금 15만원 / 삼척시 지원금 20만원",        ,        ,"❍ 기업(법인 또는 개인사업자)
   -「중소기업기본법」제2조제1항(중소기업자의 범위)에 따른 중소기업
   -「중견기업 성장촉진 및 경쟁력 강화에 관한 특별법」제2조제1호(정의)에 따른 중견기업  ※ 소상공인 포함
   - 위 중소기업 또는 중견기업 중 삼척시에 사업장을 두고 있고, 소속 상용근로자   1명 이상인 기업 ※ 지원기간 동안 사업자등록증 상 사업장 소재지가 삼척시 내로 되어 있어야 함.

  ❍ 근로자 
   - 공제가입 기업에 재직 중인 정규직 또는 무기계약직
     ※‘정규직 또는 무기계약직’은 기간의 정함이 없는 근로계약을 체결한 근로자를 말하며 
          「기간제 및 단시간근로자 보호 등에 관한 법률」 제2조에 따른 기간제근로자는 제외함.
   - 신청일부터 해지일까지 주민등록상 주소지가 삼척시이며, 해당기업에 계속 재직이 가능한 자
   - 기업의 공제가입 승인을 받은 자",,삼척형 일자리 안심공제 홈페이지(https://gwwell.kr/samcheok),https://gwwell.kr/samcheok,main,primary,삼척형일자리안심공제,강원특별자치도삼척시,,금융･복지･문화,취약계층 및 금융지원
youth,20260522005400213219,대학생 아르바이트 운영,"방학기간 시정 참여를 통한 사회 경험 및 경제 활동 기회 부여
2026년 하계 (1기) 7. 6. ~ 7. 19. (2기) 7. 20. ~ 8. 2. (3기) 8. 3. ~ 8. 16.",인력/일자리,강원특별자치도 삼척시,강원특별자치도,"** 입학예정자, 제적생, 졸업생, 대학원생 제외 | 0013010 | 0049005",청년,만 0세 ~ 만 0세,,,"모집 공고일 기준으로 아래 ①, ② 요건을 모두 충족할 것
① 본인 또는 부모(친권자, 후견인 포함)의 주민등록주소가 삼척시 관내로 되어 있고,
② 대학(교)*에 재학(휴학 포함)하고 있는 학생**
  * 방송통신대학, 사이버대학, 평생교육시설 등 포함",소득조건코드=0043001 / 소득범위=0~0,,"-행정업무 보조, 현장(관광지) 업무 지원 등(1일 8시간, 주5-7일) *근무지에 따라 상이할 수 있음
-인건비: 1일 83,200원(10,400원 * 8시간)",20260526 ~ 20260605,20260816,"모집 공고일 기준으로 아래 ①, ② 요건을 모두 충족할 것
① 본인 또는 부모(친권자, 후견인 포함)의 주민등록주소가 삼척시 관내로 되어 있고,
② 대학(교)*에 재학(휴학 포함)하고 있는 학생**
  * 방송통신대학, 사이버대학, 평생교육시설 등 포함",,온라인(삼척시 공식 누리집->시민참여->시민마당->대학생 아르바이트 신청),https://www.samcheok.go.kr/citizen/01430/02605.web,main,primary,대학생아르바이트운영,강원특별자치도삼척시,20260526 ~ 20260605~20260816,일자리,취업
youth,20260522005400213218,삼척형 청년인턴 지원사업,삼척시 거주 미취업 청년(18~49세) 공공 행정 분야 인턴 연수 기회 제공,인력/일자리,강원특별자치도 삼척시,강원특별자치도,0013003 | 0049004,청년,만 18세 ~ 만 49세,18,49,"□ 선발 우선순위(모집인원 초과 시)
  ① 취약계층(기초생활수급자, 차상위계층, 한부모가정), 국가유공자
  ② 전 단계 행복일자리(청년층) 및 행정인턴 미 참여자
  ③ 선발기준표에 의한 고득점자 순 선발
     ※ 동점자 발생 시 : 연령이 낮은 자 우선 선발
     ※ 주소지, 근무가능지역 고려하여 고득점자 우선 배치",소득조건코드=0043001 / 소득범위=0~0,,"상/하반기 행정인턴 모집(주 5일 근무, 1일 7시간)",20260202 ~ 20260206,20260628,"□ 선발 우선순위(모집인원 초과 시)
  ① 취약계층(기초생활수급자, 차상위계층, 한부모가정), 국가유공자
  ② 전 단계 행복일자리(청년층) 및 행정인턴 미 참여자
  ③ 선발기준표에 의한 고득점자 순 선발
     ※ 동점자 발생 시 : 연령이 낮은 자 우선 선발
     ※ 주소지, 근무가능지역 고려하여 고득점자 우선 배치",,경제과 방문 접수,https://www.samcheok.go.kr/specialty/00471/00480.web,main,primary,삼척형청년인턴지원사업,강원특별자치도삼척시,20260202 ~ 20260206~20260628,일자리,취업
youth,20260522005400213217,삼척중앙시장 청년몰 운영사업,삼척중앙시장 청년몰 입점 청년 상인 모집,인력/일자리,강원특별자치도 삼척시,강원특별자치도,"① 피성년후견인 또는 피한정후견인
② 파산선고를 받고 복권되지 아니한 자
③ 금고 이상의 실형 후 집행종료 또는 집행면제 후 5년이 지나지 아니한 자
④ 금고 이상의 실형 후 집행유예 기간이 끝난 날부터 2년이 지나지 아니한 자
⑤ 금고 이상의 형의 선고유예를 받은 경우에는 그 선고 유예기간 중에 있는 자
⑥ 공고일 기준 청년상인 육성사업(전통시장 청년상인 창업지원)에 참여 중인 자
⑦ 공고일 기준 최근 3년 이내 청년상인 지원사업(전통시장 청년상인 창업지원)에 선정된 후     지원 중 중도포기, 폐업, 법령이나 지침 위반 등으로 계약해지 된 자
⑧ 현 청년몰 입점상인의 배우자 및 직계존비속인 자
⑨ 국세 또는 지방세를 체납 중인 자 | 0013006 | 0049010",청년,만 18세 ~ 만 49세,18,49,,소득조건코드=0043001 / 소득범위=0~0,,삼척청년센터 청년몰 입점 (공유재산 사용료 연 5~60만 원),20260421 ~ 20260508,        ,,,"1차 평가(서류), 2차 평가(면접) -> 최종선발 및 입점",https://www.samcheok.go.kr/intro/00443/02086.web?amode=view&idx=138414,main,primary,삼척중앙시장청년몰운영사업,강원특별자치도삼척시,20260421 ~ 20260508~,일자리,창업
youth,20260522005400213216,미취업 청년 자격증 응시료 지원사업,삼척시 거주 6개월 이상 미취업 청년(18~49세) 자격증 응시료 실비 지원,교육/멘토링,강원특별자치도 삼척시,강원특별자치도,정부 및 타 지자체 동일/유사사업 수혜자 | 0013003 | 0049010,청년,만 18세 ~ 만 49세,18,49,"신청일 기준 6개월 이상 삼척시에 주민등록을 두고 있는 자
2025. 12. 1. ~ 2026. 11. 30. 실시한 시험의 실제 응시자",소득조건코드=0043001 / 소득범위=0~0,,"자격증 응시료 실비 지원(1인 10만 원 이내)
지원분야: 어학, 한국사, 국가기술(전문)자격증, 국가공인민간자격증",20260101 ~ 20261130,20261231,"신청일 기준 6개월 이상 삼척시에 주민등록을 두고 있는 자
2025. 12. 1. ~ 2026. 11. 30. 실시한 시험의 실제 응시자",,정부24 누리집 접수,https://plus.gov.kr/portal/benefitV2/benefitTotalSrvcList/benefitSrvcDtl?svcSeq=2130026&bnefType=all&svcId=424100000003,main,primary,미취업청년자격증응시료지원사업,강원특별자치도삼척시,20260101 ~ 20261130~20261231,교육･직업훈련,미래역량강화
youth,20260522005400213215,삼척형 청년스타트업 창업지원사업,삼척시 거주 예비 창업자 및 1년 미만 초기 창업 청년(18~49세) 대상 창업간접비 지원,인력/일자리,강원특별자치도 삼척시,강원특별자치도,"0013003,0013006 | 0049010","스타트업,청년",만 18세 ~ 만 49세,18,49,,소득조건코드=0043001 / 소득범위=0~0,,"창업간접비 1,200만 원 지원(자부담 200만 원 포함) *자체공모형 보조사업",20251222 ~ 20260123,20270324,,,,https://www.bizinfo.go.kr/sii/siia/selectSIIA200Detail.do?pblancId=PBLN_000000000117641,main,primary,삼척형청년스타트업창업지원사업,강원특별자치도삼척시,20251222 ~ 20260123~20270324,일자리,창업
youth,20260522005400213213,2026년 창업 아이디어 공모 및 지원,○ 창의적인 창업 아이디어 보유 창업가 발굴·지원(광주대학교 협업),인력/일자리,광주시청,광주광역시,0013010 | 0049010,청년,만 1세 ~ 만 99세,,,,소득조건코드=0043001 / 소득범위=0~0,,"○ 사업화 자금 지원(총 6,000만원 / 각 1,000만원)
· (남구) 500만원: 창업비, 홍보 마케팅, 재료비, 디자인 개발비 등
· (광주대) 500만원: 마케팅 프로듀싱비(온라인콘텐츠, 홍보물 제작 등)
※ 인건비, 사무실 임차료, 공과금, 관리비 등 운영 경비 목적 사용 불가
○ 창업 역량강화
· 창업 기본교육, 멘토링 지원",20260526 ~ 20260612,20261231,"○ 제외대상
· 사행성, 환경오염 유발 가능성 등 반사회적 성격의 창업 아이디어
· 타인의 특허·실용신안 등 지적재산권 침해(우려) 아이디어
· 창업 거점 주소 및 공간이 명확하지 않은 경우 등
· (중복지원) 타 기관 창업지원사업 선정자 신청 가능하나, 동일·유사 내용 지원 이력 시 중복지원 여부 검토 및 선정 제한 가능",☞ 자세한 내용은 붙임파일을 확인해주시기 바랍니다.,"○  신청방법 : 방문 또는 이메일 접수
· (방 문) 광주 남구 봉선로 1, 남구청 6층 일자리정책과
· (이메일) ids2915@korea.kr(제출 후 유선확인必, ☎ 607-2671)",https://www.youthcenter.go.kr/youthPolicy/ythPlcyTotalSearch/ythPlcyDetail/20260522005400213213,main,primary,2026년창업아이디어공모및지원,광주시청,20260526 ~ 20260612~20261231,일자리,창업
youth,20260522005400213211,2026 광주광역시 전략사업별 지역생태계 활성화 사업 「내일을 만드는 청년 직무형 일경험 사업」,"○ 지역 내 청년 구직 의욕 고취 및 사회적경제 기업 실질 직무경험 지원
○ 디지털마케팅·통합돌봄 분야 직무교육 및 일경험 연계 운영",인력/일자리,광주시청,광주광역시,0013010 | 0049010,청년,만 19세 ~ 만 39세,19,39,,소득조건코드=0043001 / 소득범위=0~0,,"○ 디지털 및 통합돌봄 전문 직무교육(50명)
○ 현장 중심 일경험 운영(일경험 수당 총 600만원 지급)
○ 프로젝트 기반 협업 활동 운영(디지털 직무 일경험 참여자)
○ 생활 안정화 교육(50명) 및 재무 상담(50명) 운영
○ 취업 연계 지원",20260519 ~ 20260614,20261130,"○ 우대사항
· 취업취약청년(준비 중 청년, 자립준비청년, 북한이탈청년, 은둔형외톨이, 경력단절여성 등)
· 마케팅 및 돌봄분야 취업 준비 청년",☞ 자세한 내용은 붙임파일을 확인해주시기 바랍니다.,○ 신청하기→ 온라인 신청서 작성 → 제출(해당자에 한해 추가서류 제출),https://gjsec.kr/bbs/board.php?bo_table=noti&wr_id=2902,main,primary,2026광주광역시전략사업별지역생태계활성화사업내일을만드는청년직무형일경험사업,광주시청,20260519 ~ 20260614~20261130,일자리,취업
youth,20260521005400213209,청년온가 2026년 정기 입주자 모집 재공고,"광산구가 미취업청년의 성공적인 자립과 미래를 위해 준비한 청년 빌드업스테이 광산청년온(溫)가(家)에서 2026년 정기 입주자를 아래와 같이 모집하오니 미취업 청년들의 많은 관심과 도전 바랍니다.
□ 모집개요
o 모집대상 : 미취업 청년(19~39세) 총 3명(남성·여성 청년 총 3명)
o 모집기간 : 2026. 5. 14.(목) ~ 충원 시 까지
o 내 용
- 청년 1인 1호실 독립공간 무료 제공
- 자립역량 교육 : 혼밥 식단관리, 개별 심리상담, 동아리활동 지원, 재무관리, 구 직기술 및 직무역량 강화 등
- 취업역량교육 : 청년정책 사업 연계, 구직활동 지도, 일경험 프로그램 운영
o 신청방법 : 이메일 접수(youth-onga@naver.com)
o 문 의 처 : ☎062-710-7717 (광산 청년온가)",주거,광주시청,광주광역시,0013010 | 0049010,청년,만 19세 ~ 만 39세,19,39,,소득조건코드=0043001 / 소득범위=0~0,,"o 내 용

- 청년 1인 1호실 독립공간 무료 제공

- 자립역량 교육 : 혼밥 식단관리, 개별 심리상담, 동아리활동 지원, 재무관리, 구 직기술 및 직무역량 강화 등

- 취업역량교육 : 청년정책 사업 연계, 구직활동 지도, 일경험 프로그램 운영
[출처] 청년온가 2026년 정기 입주자 모집 재공고|작성자 광산 청년온가",20260514,20261231,,,o 신청방법 : 이메일 접수(youth-onga@naver.com),https://blog.naver.com/youth-onga/224285460127,main,primary,청년온가2026년정기입주자모집재공고,광주시청,20260514~20261231,주거,주택 및 거주지
youth,20260518005400213206,2026 농식품가공창업보육센터 이용자 모집 공고(공유주방 창업팀 1기),지역 농산물을 활용한 식품 가공 창업 활성화 및 초기 창업자의 실전형 창업 지원을 위한 공유주방 이용자 모집,인력/일자리,광주시청,광주광역시,0013010 | 0049010,청년,만 19세 ~ 만 99세,19,,,소득조건코드=0043001 / 소득범위=0~0,,"○ 공유주방 시설 이용 지원
· 일반조리실 및 베이커리실 작업 공간(테이블) 제공 · 식품가공에 필요한 주요 장비 무상 사용 
○ 창업 보육 프로그램 운영
· 공유주방 첫걸음 과정 및 오리엔테이션 제공 · 시제품 개발 및 제조·판매 활동 지원",20260506 ~ 20260608,20260930,"○ 가점 대상
· 농업경영체등록확인서 제출자(농업인) · 청년 창업자 및 사업자등록 예정/완료자",☞ 자세한 내용은 붙임파일을 확인해주시기 바랍니다.,○ 신청방법 : 방문 접수 또는 이메일(diddh0428@korea.kr) 제출,https://www.youthcenter.go.kr/youthPolicy/ythPlcyTotalSearch/ythPlcyDetail/20260518005400213206,main,primary,2026농식품가공창업보육센터이용자모집공고공유주방창업팀1기,광주시청,20260506 ~ 20260608~20260930,일자리,창업
youth,20260513005400213205,부산 청년문화축제(부산 스텝업댄스페스티벌),부산 청년문화 대표 축제 ‘부산스텝업댄스페스티벌’ 개최로 지역 청년예술가들에게 공연 기회 제공과 시민 문화향유 기회 확대,복지/문화,부산광역시 청년산학국 청년정책과,부산광역시,0013010 | 0049010,청년,만 0세 ~ 만 0세,,,,소득조건코드=0043001 / 소득범위=0~0,,"① 대회 운영
 - 메인경연: 1:1 댄스 배틀, 퍼포먼스 챔피언십 등
 - 서브경연: 주니어 챔피언십, 케이팝댄스챔피언십 등
② 사전 행사: 랜덤플레이댄스, 대회 지원
③ 부대 프로그램: 개막식&토크쇼, 댄스클래스, 워너비토크쇼, 스텝업콘서트, 스트릿마켓",20260318 ~ 20260417,20260510,,,,https://busanstepupfestival.com/home,main,primary,부산청년문화축제부산스텝업댄스페스티벌,부산광역시청년산학국청년정책과,20260318 ~ 20260417~20260510,금융･복지･문화,문화활동 및 생활지원
youth,20260513005400213204,부산 청년 일하는 기쁨카드 지원,부산 소재 중소기업 재직 청년에게 복지포인트 지원으로 근로의욕 고취 및 복지수준 향상,인력/일자리,부산광역시 청년산학국 청년정책과,부산광역시,※ 유사사업 참여 중 이거나 수혜이력이 있는 자 등 | 0013001 | 0049010,청년,만 18세 ~ 만 39세,18,39," - 공고일 기준 주민등록상 부산광역시 거주자
 - 공고일 기준 부산 소재 중소기업 3개월 이상 재직자(2024.1.1. 이후 입사자)","소득조건코드=0043003 / 소득범위=0~0 / 월 소득 3,847천원 이하(기준 중위소득 150% 이하)",," ○ 지원내용
   - 1인당 100만원 복지포인트 지원(연 2회, 50만원씩 나누어 지원)
   - 사용분야 : 문화여가, 자기계발, 건강관리, 생활지원
   - 사용기간 : 복지 포인트 지급 시부터 2026. 11. 30.까지",20260406 ~ 20260424,20261231,"- 공고일 기준 주민등록상 부산광역시 거주자
 - 공고일 기준 부산 소재 중소기업 3개월 이상 재직자(2024.1.1. 이후 입사자)

제출서류 심사 후 적격자 대상 추첨 2,000명","재직처 중소기업확인서 및 사업자 등록증
 (그 외 필요서류 공공마이데이터 연계하여 수집)",부산 청년 일하는 기쁨카드 누리집 온라인 신청,https://young.busan.go.kr/index.nm?menuCd=33,main,primary,부산청년일하는기쁨카드지원,부산광역시청년산학국청년정책과,20260406 ~ 20260424~20261231,일자리,재직자
youth,20260513005400213203,부산 청년두드림센터 운영,"부산지역 청년의 취업역량 강화프로그램 운영, 취업활동공간 지원, 청년일자리 상담 및 취업 알선 등 부산청년 취업 지원을 위한 센터 운영사업",인력/일자리,부산광역시 청년산학국,부산광역시,0013003 | 0049010,청년,만 18세 ~ 만 39세,18,39,,소득조건코드=0043001 / 소득범위=0~0,,"① 청년두드림센터 공간 운영
 - 청년들의 커뮤니티 활동 및 각종 행사를 위한 장소, 취업 준비 활동(개별학습 및 스터디모임 등)을 위한 공간 지원
 - 오픈공간, 학습공간, 대회의실, 스터디룸 등 취업활동 공간제공
② 전주기 맞춤형 취업 상담 ‘드리미케어’
 - 전문 취업 상담을 통한 청년구직 단계별 1:1맞춤형 전담 매칭 실시
 - 공채 시기별 맞춤형 프로그램 구성, 소그룹 운영 상담 실시, 입사지원서 및 자기소개서 지도, 실전 모의면접 진행 등
③ 청년취업역량강화 프로그램
 - 분기별 맞춤형 취업지원 프로그램 운영을 통한 청년 유입 유도 및 구직역량 강화 등
 - 다양한 구인‧구직 요구의 적시 대응을 위한 협업 네트워크 구축 등",20260101 ~ 20261231,20261231,,"기초상담 질문지 입력, 예약",‘청년부산잡스‘ 홈페이지 상담 예약 ⇒ 대면(유선)상담,https://young.busan.go.kr/index.nm?menuCd=34,main,primary,부산청년두드림센터운영,부산광역시청년산학국,20260101 ~ 20261231~20261231,일자리,취업
youth,20260513005400213202,부산 면접정장 대여서비스(드림옷장),취업준비생 입사면접용 정장 무료대여,인력/일자리,부산광역시 청년산학국 청년정책과,부산광역시,0013003 | 0049010,청년,만 18세 ~ 만 39세,18,39," ※ 부산 거주(거소) 청년
 ※ 타 지역 거주(거소) 청년의 경우 부산소재 기업 면접 시 가능",소득조건코드=0043001 / 소득범위=0~0,,"입사 면접용 정장 무료 대여 및 코디 컨설팅
 - 만 15~39세 이하 부산 거주(거소) 청년 구직자 대상 정장 대여
 - 자켓, 셔츠, 블라우스, 치마, 바지, 넥타이, 벨트, 구두 등 면접 용품 대여 가능
 - 사이즈 일부 수선, 정장 피팅 및 코디 컨설팅 지원",,,"※ 부산 거주(거소) 청년
 ※ 타 지역 거주(거소) 청년의 경우 부산소재 기업 면접 시 가능","부산 거주 확인서류, 면접 사실 확인서류",온라인예약 ▷ 예약승인 ▷ 현장방문 대여 ▷ 정장 반납,https://young.busan.go.kr/index.nm?menuCd=32,main,primary,부산면접정장대여서비스드림옷장,부산광역시청년산학국청년정책과,,일자리,취업
youth,20260513005400213201,부산 취업연수생 고용사업,미취업 청년에게 행정체험을 제공함으로써 직장 적응능력 향상과 역량 강화로 일자리 진입 지원,인력/일자리,부산광역시 청년산학국 청년정책과,부산광역시,타 직접일자리사업 중복참여자 참여 불가 | 0013003 | 0049009,청년,만 18세 ~ 만 29세,18,29, 최종학력 고졸 이상 미취업자로서 졸업 후 3년 이내인 자,소득조건코드=0043001 / 소득범위=0~0,,"① 행정 체험 제공
 - 시·시의회, 직속기관·사업소, 공공기관·출자출연기관, 비영리단체 등 다양한 기관의 행정 체험 제공 및 취업역량 강화
② 시정체험 및 취업역량강화 프로그램 제공
 - 연수생의 시정 관심 제고 및 홍보를 위한 다양한 시정 주요현장 업무 체험 기회 마련
 - 맞춤형 취업상담 및 지역 내 우수기업 탐방 기회 제공으로 직장 적응능력 향상 및 구직 의욕 고취
",,,"최종학력 고졸 이상 미취업자로서 졸업 후 3년 이내인 자

부서별 신청(중복신청 불가)","(필수) 신청서, 개인정보수집·이용·제공동의서, 졸업증명서, 등/초본
 (선택) 취약계층 증빙서류",➀ 부산청년플랫폼 접속 → ➁ [일자리] 클릭 → ➂ [취업연수생] 클릭 → ④ 청년부산잡스 취업연수생 바로가기 클릭 ⑤ 회원가입(로그인) → ⑥ 신청하기(온라인 신청서 작성 및 제출서류 스캔 파일 업로드),https://young.busan.go.kr/index.nm?menuCd=161,main,primary,부산취업연수생고용사업,부산광역시청년산학국청년정책과,,일자리,취업
youth,20260513005400213200,부산 청년 임차보증금 대출 및 대출이자 지원(머물자리론),청년층의 주거비부담 경감을 위해 청년 임차보증금 대출 및 대출이자 지원,주거,부산광역시 청년산학국 청년정책과,부산광역시,"- 신혼부부 (혼인신고일 기준 7년이내) 
 - 기초생활(생계,주거)수급자
 - 부·모, 배우자의 부·모와 임대차계약한 자 
 ※ 유사사업 참여 중 이거나 수혜이력이 있는 자 등 | 0013010 | 0049010",청년,만 19세 ~ 만 39세,19,39," - 주민등록상 부산거주 무주택 청년 세대주
 - 주택기준 : 임차보증금 2억원 이하 
 - 임대차계약을 체결하고 임차보증금 5% 이상을 지불한 자","소득조건코드=0043003 / 소득범위=0~0 / 본인 연소득 6천만원 이하, 부부합산 1억원 이하",," ○ 지원내용 : 임차보증금 대출 및 대출이자 지원 
  - 대출한도 : 최대 1억원 이내 (임차보증금 90% 범위 내)
  - 이자지원 : 연소득 45백만원 이하 2.5%, 45백만원 초과 2% ",,,"- 주민등록상 부산거주 무주택 청년 세대주
 - 주택기준 : 임차보증금 2억원 이하 
 - 임대차계약을 체결하고 임차보증금 5% 이상을 지불한 자","가족관계증명서, 임대차계약서",부산청년플랫폼 누리집 온라인 신청,https://young.busan.go.kr/index.nm,main,primary,부산청년임차보증금대출및대출이자지원머물자리론,부산광역시청년산학국청년정책과,,주거,전월세 및 주거급여 지원
youth,20260513005400213199,부산 청년 월세 지원,청년층의 주거비부담 경감을 위해 청년 월세 지원,주거,부산광역시 청년산학국 청년정책과,부산광역시,※ 유사사업 참여 중 이거나 수혜이력이 있는 자 등 | 0013010 | 0049010,청년,만 19세 ~ 만 34세,19,34,"
 - 부모님과 별도 거주 무주택청년
 - 재산기준 : 원가구 4억7천만원 이하, 청년가구 1억22백만원 이하","소득조건코드=0043003 / 소득범위=0~0 / 청년 기준중위소득 60%(월소득 154만원) 이하, 원가구 기준중위소득 100%(월 536만원) 이하",," ○ 지원내용 : 월 최대 20만원, 최대 24개월 지원",20260330 ~ 20260529,20260509,"- 부모님과 별도 거주 무주택청년
 - 재산기준 : 원가구 4억7천만원 이하, 청년가구 1억22백만원 이하","월세지원신청서, 소득·재산 신고서, 임대차계약 및 월세이체 증빙서류, 서약서, 입금통장 사본, 청년 및 부·모의 가족관계증명서, 배우자 및 배우자 부·모의 가족관계증명서",복지로 누리집 온라인 신청,https://young.busan.go.kr/index.nm?menuCd=37,main,primary,부산청년월세지원,부산광역시청년산학국청년정책과,20260330 ~ 20260529~20260509,주거,전월세 및 주거급여 지원
youth,20260513005400213198,부산 청년 중개보수 및 이사비 지원,"부산시 전입, 부산시 내 이사 후 전입 신고한 일하는 청년에게 이사비 지원",주거,부산광역시 청년산학국 청년정책과,부산광역시,※ 유사사업 수혜이력이 있는 자 등 | 0013010 | 0049010,청년,만 18세 ~ 만 39세,18,39," - ‘25. 1. 1.이후 부산시 전입 및 부산시 내 이사 후 전입신고
 - 주택 거래금액 1.5억원 이하 전・월세 거주
 - 무주택자, 부모 별도 거주","소득조건코드=0043003 / 소득범위=0~0 / 기준중위소득 120%이하(월 3,078천원 이하)",," ○ 지원내용 : 부동산 중개보수 및 실제 소요된 이사 비용(최대 40만원)
   - (중개보수) 임대차 계약 체결 시 소요되는 중개 수수료
   - (이사비) 개인용달, (반)포장이사, 사다리차 이용비 등
   ※ 택배비, 청소비, 개인적 차량 렌트비, 개인 아르바이트 고용 용역비 등 제외 ",20260801 ~ 20261231,,"- ‘25. 1. 1.이후 부산시 전입 및 부산시 내 이사 후 전입신고
 - 주택 거래금액 1.5억원 이하 전・월세 거주
 - 무주택자, 부모 별도 거주","부동산임대차계약서, 중개보수 및 이사비 납부 영수증, 통장사본 등",부산청년플랫폼 온라인 신청,https://young.busan.go.kr/index.nm,main,primary,부산청년중개보수및이사비지원,부산광역시청년산학국청년정책과,20260801 ~ 20261231~,주거,전월세 및 주거급여 지원
youth,20260513005400213197,부산 청년 자산형성 지원(부산청년 기쁨두배통장),청년에게 저축을 통한 자산형성 지원 및 금융역량 강화,인력/일자리,부산광역시 청년산학국 청년정책과,부산광역시,"※ 유사사업 참여 중 이거나 수혜이력이 있는 자, 본인 명의 통장개설이 불가능한 자 등 | 0013010 | 0049010",청년,만 18세 ~ 만 39세,18,39," ※ 사업자의 경우 본인 명의 사업자등록증 
 ※ 공고일 기준 주민등록상 부산시 거주","소득조건코드=0043003 / 소득범위=0~0 / 기준중위소득 150%이하(월 소득 3,847천원 이하) / 건강보험료로 판단 : 직장가입자 138,780원 지역가입자 68,641원",," ○ 지원내용 : 청년 10만원 저축시 1:1 市 매칭 지원, 금융교육
  ※ 저축기간 24개월 또는 36개월",20260810 ~ 20260821,,"※ 사업자의 경우 본인 명의 사업자등록증 
 ※ 공고일 기준 주민등록상 부산시 거주",,부산청년기쁨두배통장 누리집 온라인 신청,https://young.busan.go.kr/index.nm?menuCd=53,main,primary,부산청년자산형성지원부산청년기쁨두배통장,부산광역시청년산학국청년정책과,20260810 ~ 20260821~,일자리,취업
youth,20260513005400213196,부산 청년 신용회복 지원,"경제적 어려움을 겪고 있는 청년들 대상으로 재무상담, 채무조정, 연체예방비용 지원 및 경제교육 등을 실시하여 경제적 자립을 지원",복지/문화,부산광역시 청년산학국 청년정책과,부산광역시,0013010 | 0049010,청년,만 18세 ~ 만 39세,18,39," ※ 신청일 기준 주민등록상 부산시 거주
 ※ 연체예방비용 지원: 최근 3개월 월 평균 소득 50만원 이상, 연체가능성이 있거나 최근 3개월 이내 연체이력이 있는 청년",소득조건코드=0043001 / 소득범위=0~0,," ○ 지원내용
  - 1:1 맞춤형 재무상담 지원
  - 채무조정 및 연체예방 비용 지원
  - 청년 맞춤형 경제교육 지원",,,"※ 신청일 기준 주민등록상 부산시 거주
 ※ 연체예방비용 지원: 최근 3개월 월 평균 소득 50만원 이상, 연체가능성이 있거나 최근 3개월 이내 연체이력이 있는 청년",,부산신용보증재단 상담 후 신청,https://www.부산청년희망.kr,main,primary,부산청년신용회복지원,부산광역시청년산학국청년정책과,,금융･복지･문화,취약계층 및 금융지원
youth,20260513005400213195,부산 청년 생활인구 유입 활성화(부산온나청년패스),"부산을 방문하는 타지역 청년 대상으로 부산온나청년패스 발급,
 제휴시설 이용 할인 제공",복지/문화,부산광역시 청년산학국 청년정책과,부산광역시,0013010 | 0049010,청년,만 18세 ~ 만 39세,18,39, ※ 타시도 청년(주민등록이 부산광역시 외로 등록되어 있는 청년),소득조건코드=0043001 / 소득범위=0~0,,"① 부산온나청년패스 신청 및 발급
 - (신청) 대상자가 “부산청년플랫폼”에서 「부산온나청년패스」 신청 
 - (승인) 신청즉시 발급, 실시간 승인
② 제휴업체 할인·이용
 - (이용) 제휴시설 방문시 청년패스 확인 후 이용료 할인 
    ① 이용자가 “단말기에 업체 QR코드 인식”
    ② 제휴업체에서 청년패스 확인 후 생활인구 이용료 적용",,,"※ 타시도 청년(주민등록이 부산광역시 외로 등록되어 있는 청년)

주민등록이 부산광역시 외로 등록되어 있는 청년
 (행정정보공동이용을 연계하여 주민등록 확인)",,부산청년플랫폼-부산청년정책-부산온나청년패스 신청,https://young.busan.go.kr/index.nm?menuCd=269,main,primary,부산청년생활인구유입활성화부산온나청년패스,부산광역시청년산학국청년정책과,,금융･복지･문화,문화활동 및 생활지원
youth,20260513005400213194,부산 청년문화육성 지원,부산지역 청년 및 청년예술인을 위한 청년문화육성 지원,복지/문화,부산광역시 청년산학국 청년정책과,부산광역시,0013010 | 0049010,청년,만 18세 ~ 만 39세,18,39,,소득조건코드=0043001 / 소득범위=0~0,,"① 청년신진예술가 창작활동지원
 - 부산 청년신진예술가의 창작활동을 위한 지원금 지급
② 청년예술가 자율기획
 - 청년이 문화예술을 소재로 직접 설계한 프로젝트 제안 및 수행
③ 청년연출가 작품 제작지원
 - 청년연출가의 우수공연 콘텐츠 지원하여 지역의 대표 공연 브랜드 육성
④ 예술×기술 융복합 프로젝트 운영
 - 청년예술가들이 첨단기술(AI 등)을 능동적 창작 도구로 활용 가능하도록 기술교육 등 역할 강화
⑤ 민락인디트레이닝센터 운영
 - 인디문화 콘텐츠 개발 및 육성을 위한 트레이닝 프로그램 운영
⑥ 청년예술가 국제교류
 - 청년예술가들의 국제적 감각을 배양 및 교류를 통한 역량 강화
⑦ 청년 아트페어
 - 시각분야 청년예술가들의 작품을 판매하는 페어 운영
⑧ 청년 예술작품 구독
 - 시민들에게 노출될 수 있는 기관의 주요공간에 시각 분야 청년
   예술가들의 작품을 일정기간 향유할 수 있도록 구독 지원
⑨ 부산 아티스트택
 - 시각예술 분야 청년 예술가 작품을 활용한 상품 출시
⑩ 청년문화홍보
 - 청년문화 온라인 콘텐츠 제작, 성과공유회 운영",,,,,사업별 상이(부산문화재단 홈페이지 공모내용 확인),https://young.busan.go.kr/index.nm?menuCd=235,main,primary,부산청년문화육성지원,부산광역시청년산학국청년정책과,,금융･복지･문화,예술인지원
youth,20260513005400213193,부산 청년만원플러스문화패스,청년들의 문화관람비 부담경감 통해 다양한 문화콘텐츠 향유기회 제공,복지/문화,부산광역시 청년산학국 청년정책과,부산광역시,부산청년만원+문화패스 및 청년문화예술패스 기선정자 | 0013010 | 0049010,청년,만 18세 ~ 만 39세,18,39,,소득조건코드=0043001 / 소득범위=0~0,,"부산시 거주 청년(18~39세) 대상 지역 우수 문화공연을 1만원으로 
관람할 수 있도록 지원
  - (청년) 1만원 결제 / (市) 공연기획사에 차액 사후 보전 ▹1인 최대 10만원까지",20260428 ~ 20260430,,,,"부산이즈굿 동백전 → 부산청년만원+문화패스 신청 → 정책자금 신청 목록에서 부산청년만원+문화패스 선택 → 선착순 신청 선택 → 서비스 정보이용 제공 동의 → 신청인 정보 입력 → 8,500명 선착순 선정",https://young.busan.go.kr/index.nm?menuCd=234,main,primary,부산청년만원플러스문화패스,부산광역시청년산학국청년정책과,20260428 ~ 20260430~,금융･복지･문화,문화활동 및 생활지원
youth,20260513005400213192,부산 청년문화예술패스,"19∼20세 청년(2006∼2007년생)에게 문화예술 관람 등 지원을 통한
 문화향유 기회 제공",복지/문화,부산광역시 청년산학국 청년정책과,부산광역시,"2025년 청년문화예술패스 이용자 신청 불가
 (단, 실제 사용 금액이 없는 이용자는 신청 가능) | 0013010 | 0049010",청년,만 19세 ~ 만 20세,19,20,,소득조건코드=0043001 / 소득범위=0~0,,1인당 연 15만원~20만원 공연·전시 ·영화 관람비 지원,20260225 ~ 20260630,,,,"‘청년문화예술패스’ 누리집에서 신청·발급 후 지정된 협력예매처에서
 공연･전시･영화 관람권 예매 시 사용",https://young.busan.go.kr/index.nm?menuCd=245,main,primary,부산청년문화예술패스,부산광역시청년산학국청년정책과,20260225 ~ 20260630~,금융･복지･문화,문화활동 및 생활지원
youth,20260513005400213190,부산 신진예술인 육성 지원(신진청년예술인 인큐베이팅 및 경력 개발 지원),부산지역 신진청년예술인 공연제작 전반 참여 지원,복지/문화,부산광역시 청년산학국 청년정책과,부산광역시,0013010 | 0049010,청년,만 18세 ~ 만 39세,18,39,,소득조건코드=0043001 / 소득범위=0~0,," - 부산지역 청년예술인 25여 명 선발 (공모·오디션 등)
 - 대규모 작품 제작·참여를 통해 신진청년예술인 발굴 및 육성
 - 공연 창작물 국내·외 아트마켓 연계 추진으로 활동기반 마련",,,,,부산문화회관 홈페이지 공모 확인 후 지원,https://young.busan.go.kr/index.nm?menuCd=61,main,primary,부산신진예술인육성지원신진청년예술인인큐베이팅및경력개발지원,부산광역시청년산학국청년정책과,,금융･복지･문화,예술인지원
youth,20260513005400213189,부산 청년 로컬크리에이터 레벨업,"부산지역 자원 및 특성을 기반으로 창업한 청년 기업에 재정지원, 네트워킹 활성화 등으로 성장·정착 지원",인력/일자리,부산광역시 청년산학국 청년정책과,부산광역시,0013010 | 0049010,청년,만 18세 ~ 만 39세,18,39,,소득조건코드=0043001 / 소득범위=0~0,,"① 청년 로컬크리에이터 육성 및 발굴
  - 대상: 창업 7년 미만 만39세 이하, 소비자 대상 제품·서비스를 보유한
    청년 로컬크리에이터 기업 ▸ 16개사 내외 선정
  - 일정: 모집공고(2~3월) → 선정발표(3월 내) → 자금지원 및 수행(4~12월) 
  - 지원: 사업화 자금(기업당 최대 4,000만원이내), 맞춤형 컨설팅 등

② 로컬자원 활용 프로젝트 수행기업 지원
  - 대상: 인구 감소·관심지역내 상권, 빈집, 유휴공간을 활용한 프로젝트 수행 청년 기업 ▸ 4개사 내외 선정 ※  감소지역: 동구, 서구, 영도구 / 관심지역: 중구, 금정구
  - 일정: 모집(3~4월) → 선정·사업 착수(4월내) → 1차 지원(50%) 및 수행(4~7월)
    → 중간평가 → 2차 지원(50%) 및 수행(8~12월)
  - 지원: 사업화 자금(기업당 4,000만원 내외 차등 지급), 맞춤형 컨설팅 등
 
③ 로컬크리에이터 교류·협력 프로그램 추진(5~11월 중) 
  - 로컬크리에이터 협의체 구성: 기업 자문·의견 교류
  - 로컬 비즈니스 컨퍼런스 개최: 민간 투자·유관기관 연계 네트워킹 등
  - 로컬크리에이터 쇼케이스 개최: 지원기업 제품 팝업스토어 등
  - 로컬 콘텐츠 제작 및 홍보: 공식 SNS 등 다수 채널 활용 홍보",20260201 ~ 20260430,,,,,https://busanjob.net/yjob/index.do,main,primary,부산청년로컬크리에이터레벨업,부산광역시청년산학국청년정책과,20260201 ~ 20260430~,일자리,창업
youth,20260513005400213188,부산청년 글로벌 잡(JOB) 챌린지 프로젝트,해외일경험 참여 청년의 글로벌 기업 취업 매칭 위해 정규직 채용 조건의 인턴 채용 인건비 제공,인력/일자리,부산광역시 청년산학국 청년정책과,부산광역시,0013010 | 0049010,청년,만 18세 ~ 만 39세,18,39,,소득조건코드=0043001 / 소득범위=0~0,,"① 해외일경험 참여 청년의 글로벌 기업 취업 매칭
  - (기업) 정규직 채용 조건의 인재 채용 인건비 제공
          (1인 월 150만원*최대3개월)
  - (청년) 채용 전후 역량강화 프로그램 제공 및 연계 ",        ,        ,,(기업) 사업참여 신청서 및 증빙서류,‘부산일자리정보망‘ 홈페이지,https://www.busan.go.kr/expdetail/view?schYear=2025&schDbiz=626000020253008E,main,primary,부산청년글로벌잡job챌린지프로젝트,부산광역시청년산학국청년정책과,,일자리,취업
youth,20260513005400213187,부산 전세보증금 반환보증 보증료 지원,전세보증금 반환보증 보증료 지원을 통해 반환보증 가입을 유도하여 전세사기 피해방지 및 주거안정 도모,주거,부산광역시 주택건축국 주택정책과,부산광역시,"신청인 기준 보증효력이 유효한 전세보증금반환보증에 가입
 임차보증금 3억원 이하, 무주택 | 0013010 | 0049010",청년,만 18세 ~ 만 39세,18,39,"소득요건 : 연소득 (청년) 5천만원, (청년 외) 6천만원, (신혼부부) 7.5천만원 이하
  - 청년: 18세~39세(부산시 청년 기본조례)
  - 신혼부부: 혼인신고일 7년 이내, 신혼부부 유형으로 보증료 할인 받은 경우 등 연령 무관",소득조건코드=0043003 / 소득범위=0~0 / 신청자격요건 참조,,"전세보증금 반환보증 가입을 유도하여 전세사기 피해 예방
- (사업기간) 26. 1. 1. ~ 예산 소진 시까지
- (추진기관) 국토교통부, 부산시, 16개 구군
- (사 업 비) 1,238,000천원(국 50%, 시 50%)  
- (지원대상) 지원기준을 모두 충족하는 주민등록상 부산 거주 시민
 ▹신청인 기준 보증 효력이 유효한 전세보증금반환보증에 가입
 ▹임차보증금 3억원 이하
 ▹연소득 (청년) 5천만원, (청년 외) 6천만원, (신혼부부) 7.5천만원 이하
 ▹무주택  ※ 본인, 배우자 모두 무주택 / 분양권, 입주권 주택 포함
- (지원내용) 전세보증금 반환보증 보증료 전부 또는 일부 지원(최대 40만원)
- (지원인원) 약 4,000명",,,"소득요건 : 연소득 (청년) 5천만원, (청년 외) 6천만원, (신혼부부) 7.5천만원 이하
  - 청년: 18세~39세(부산시 청년 기본조례)
  - 신혼부부: 혼인신고일 7년 이내, 신혼부부 유형으로 보증료 할인 받은 경우 등 연령 무관

방문 신청 가능(주소지 관할 구군청)","신청서, 서약서, 통장사본, 보증서, 보증료 납부 증빙서류, 임대차계약서,
 부동산 등기사항 전부증명서, 주민등록등본, 혼인관계증명서 등","보증보험 가입(신청자) → 신청(정부24, 안심전세포털 등) → 접수(구군)",https://www.busan.go.kr/depart/reguarantee01,main,primary,부산전세보증금반환보증보증료지원,부산광역시주택건축국주택정책과,,주거,주택 및 거주지
youth,20260513005400213186,부산 전세피해 임차인 민간주택 월세지원사업,「전세사기피해자 지원 및 주거안정에 관한 특별법」과 연계하여 부산지역 전세사기 등 피해자들의 주거 불안 해소 및 주거 안정 지원,주거,부산광역시 주택건축국 주택정책과,부산광역시,"① (지원제외) 아래 1가지 이상 해당하는 자는 지원 대상에서 제외
  - 전세사기피해자가 거주주택을 경락받거나 신규주택을 구입한 경우
  - 공공 임대주택에 입주한 경우(긴급주거지원 포함)
  - 직계존·비속, 형제·자매 등 2촌 이내 친족의 주택을 임차한 경우
  - 「긴급복지지원법」에 의한 긴급복지지원을 받고 있는 경우
  - 정부 및 지자체의 월세(주택임대료) 지원사업 참여자(청년 월세      지원 사업 등)
  - 국민기초생활수급자 중 주거급여 수급자
  - 국토부에서 피해자 결정이 철회 또는 취소된 자(패해액 전액 회수 등)
 ② (지원종료) 아래 1가지 이상 해당하는 자는 지원종료
  - 정부 및 지자체의 월세(주택임대료) 지원사업 참여가 사후 확인된 경우
  - 관외 전출할 경우, 전출일이 속하는 달부터 지원종료
 ③ (지원중단) 대상자로 선정되었으나, 사유 없이 월세 납입내역 등      증빙자료 제출하지 않은 월에 한하여 해당월 납입분 미지급(횟수차감)
 ④ (선정취소) 거짓이나 그 밖의 부정한 방법으로 지원받은 경우 지원  
    전액 회수 | 0013010 | 0049010",청년,만 18세 ~ 만 39세,18,39,"ㅇ 아래 요건을 모두 충족하는 자
 - 특별법에 따라 전세사기피해자(등)으로 결정된 자
   * 전세사기피해자(등)으로 결정된 날부터 3년이내 신청(법14조의2)
 - 신청일 현재, 부산광역시에 주민등록이 되어있는 무주택자*
    * 분양권 및 조합원 입주권은 주택으로 산정하지 않음 
      ▸ 전세피해 임차인 버팀목 전세대출 조건을 따름
 - 전세피해 주택이 부산광역시에 소재하면서, 부산광역시에 소재한     민간 주택에 월세 계약을 체결하여 주민등록 전입 및 실제 거주하는 자
 - 피해주택 임대차계약서의 임차인과 월세주택 임대차계약서의 임차인     및 본 사업 신청자가 모두 피해자 본인일 것",소득조건코드=0043001 / 소득범위=0~0,,"ㅇ전세피해 임차인 민간주택 월세 한시 지원
- 지원대상: 특별법에 따른 전세사기피해자(등) 결정자로서, 민간주택으로         신규 이주하여 월세 형태로 주거 중인 세대
- 지원내용: 월세 실비 지원(월 최대 40만원 한도)
- 지원기간: 선정월로부터 2년간(최대 24회차 납입분까지)",,,"ㅇ 아래 요건을 모두 충족하는 자
 - 특별법에 따라 전세사기피해자(등)으로 결정된 자
   * 전세사기피해자(등)으로 결정된 날부터 3년이내 신청(법14조의2)
 - 신청일 현재, 부산광역시에 주민등록이 되어있는 무주택자*
    * 분양권 및 조합원 입주권은 주택으로 산정하지 않음 
      ▸ 전세피해 임차인 버팀목 전세대출 조건을 따름
 - 전세피해 주택이 부산광역시에 소재하면서, 부산광역시에 소재한     민간 주택에 월세 계약을 체결하여 주민등록 전입 및 실제 거주하는 자
 - 피해주택 임대차계약서의 임차인과 월세주택 임대차계약서의 임차인     및 본 사업 신청자가 모두 피해자 본인일 것

① 민간주택 월세 실비 지원 (최대 40만원 한도)
  - 임대차계약서의 월세액에 한하며, 관리비 등은 제외
  - 긴급 주거지원(공공 임대주택) 이용 중 민간 월세 주택으로 이주한 경우,  총 지원기간 2년 중 긴급 주거지원 기간을 제외한 기간만 지원대상
 ② 사업 신청 이전 지출 내역에 대하여 소급 지급 불가
  - (예) 26년 1월 신청의 경우, 26년 1월분 월세 납입금액부터 지원함
 ③ 최대 24회차 납입분까지 지원
 ④ 본 사업과 전세대출 이자지원 사업은 동시 지급 불가
  - (예1) 1인 24회차 범위중 12회는 대출이자지원 12회는 월세지원 불가
  - (예2) 전·월세 혼합된 형태로 거주하는 경우, 대출이자 지원사업과 월세지원 중 신청자 희망 사업 선택지원","신청서, 개인정보수집·이용등 동의서, 주민등록등본, 통장사본, 신분증, 가족관계증명서(상세)(부·모·본인 기준 각 1부씩), 전세사기피해자등 결정통지서 및 결정문, 피해주택 및 이주주택 임대차계약서, 월세 납부 증빙서류(계좌이체내역서 등)","① 민간월세 계약
② 이주
③ 월세지원 신청 및 월세납입내역 제출(매월 말까지)
④ 지원대상 적합여부 및구비서류 검토
⑤ 월세지원
⑥ 사후관리",https://www.busan.go.kr/depart/charterdamage001,main,primary,부산전세피해임차인민간주택월세지원사업,부산광역시주택건축국주택정책과,,주거,주택 및 거주지
youth,20260513005400213184,청년내일저축계좌 지원,"○ 저소득 일하는 청년의 자산형성을 지원하여 자립 기반을 마련함 
○ 본인 저축액에 정부지원금을 매칭 적립하여 목돈 마련의 기회를 제공함",복지/문화,광주시청,광주광역시,0013010 | 0049010,청년,만 15세 ~ 만 39세,15,39,,소득조건코드=0043001 / 소득범위=0~0,,"○ 근로소득장려금 지원
· 매월 10만원 저축 시 정부가 월 30만원 지원

○ 정책대상별 추가지원금 (해당자)
· 근로소득공제금(월 10만원), 내일키움장려금(월 20만원), 내일키움수익금(최대 월 15만원), 탈수급장려금 등   ",20260504 ~ 20260520,        ,"○ 가입기준(소득상한) : 신청 당시 가구 소득인정액이 기준 중위소득 50% 이하 (1인 가구 기준 1,282,119원) 
○ 유지기준(소득상한) : 청년 본인의 총 근로·사업소득이 기준 중위소득 100% 이하",☞ 자세한 내용은 붙임파일을 확인해주시기 바랍니다.,"○ 온라인 신청 : 복지로 홈페이지(www.bokjiro.go.kr)
○ 방문 신청 : 주소지 읍면동 행정복지센터",https://youth.gwangju.go.kr/www/50?siteId=www&policyId=1362&url=%2Fwww%2Fpolicy%2FgjYgPolicyView,main,primary,청년내일저축계좌지원,광주시청,20260504 ~ 20260520~,금융･복지･문화,취약계층 및 금융지원
youth,20260513005400213183,2026년 청년농업인(청년창업형 후계농업경영인) 영농정착지원사업(2차),"○ 영농 초기 소득이 불안정한 청년농업인 대상, 최장 3년간 영농정착지원금 지급 및 농지·자금·교육 등 연계 지원",인력/일자리,광주시청,광주광역시,0013010 | 0049010,"농업인,청년",만 18세 ~ 만 39세,18,39,,소득조건코드=0043001 / 소득범위=0~0,,"○ 영농정착지원금 차등 지급
·  1년차: 월 110만 원 / 2년차: 월 100만 원 / 3년차: 월 90만 원
○ 정책자금 및 연계 지원
·  후계농업경영인 육성자금: 최대 5억 원 한도 융자 지원(연리 1.5% 고정금리)
·  농지 지원: 한국농어촌공사 농지은행을 통한 농지 매입·임차 지원 우선순위 부여
·  교육 및 컨설팅: 영농 기술 및 경영 역량 강화를 위한 단계별 교육 제공",20260601 ~ 20260710,20261231,"○ 소득기준: 본인세대 건강보험료 산정액 기준 중위소득 140% 이하
○ 제외대상: 사업자 등록자(일부 허용 제외), 상근 직원 채용자, 재학생 및 휴학생 등",☞ 자세한 내용은 붙임파일을 확인해주시기 바랍니다.,○ 농림사업정보시스템(농업e지) 온라인 신청,https://www.nongupez.go.kr/nsm/main,main,primary,2026년청년농업인청년창업형후계농업경영인영농정착지원사업2차,광주시청,20260601 ~ 20260710~20261231,일자리,취업
youth,20260513005400213181,2026 전입청년 교통비 지원,"2023. 1. 1. 이후 원주시로 전입하여, 타지역 직장으로 출퇴근하는 18~39세 청년들의 원주시 전입 및 정착 유도를 위한 전입청년 교통비 지원",복지/문화,강원특별자치도 원주시,강원특별자치도,"공무원, 교사, 공공기관 재직자, 2023~2025 해당 사업 대상자 | 0013001 | 0049010",청년,만 18세 ~ 만 39세,18,39,2023. 1. 1. 이후 원주시로 전입하여 거주하고 있는 18~39세 청년 중 관외에 직장을 두고 출퇴근하는 자 (*신청일 기준),소득조건코드=0043001 / 소득범위=0~0,,"대중교통비(고속버스, 시외버스, 기차), 승용차 유류비 / 월 최대 10만 원(실비) 지급 / 2026. 7.~2027. 6.(12개월) 지원 ",20260501 ~ 20260619,20270630,2023. 1. 1. 이후 원주시로 전입하여 거주하고 있는 18~39세 청년 중 관외에 직장을 두고 출퇴근하는 자 (*신청일 기준),"가. 전입청년 교통비 지원 사업 신청서 1부 [붙임 1]
나. 개인정보 수집 및 이용 동의서 1부 [붙임 2]
다. 사업 신청 각서 1부 [붙임 3]
라. 주민등록초본 1부 (주소변동사항 포함, 공고일 이후 발급분)
마. 건강보험자격득실확인서 1부 (직장가입자에 한함, 공고일 이후 발급분)
바. 재직증명서 1부 (공고일 이후 발급분)
사. 사업자등록증 혹은 고유번호증 1부","온라인
-원주시 청년지원센터 홈페이지",https://www.wonju.go.kr/www/selectBbsNttView.do?key=216&bbsNo=140&nttNo=483082&searchCtgry=&searchCnd=SJ&searchKrwd=%EC%A0%84%EC%9E%85%EC%B2%AD%EB%85%84&pageIndex=1&integrDeptCode=,main,primary,2026전입청년교통비지원,강원특별자치도원주시,20260501 ~ 20260619~20270630,금융･복지･문화,문화활동 및 생활지원
youth,20260511005400213180,부산 청년내일저축계좌,"근로빈곤층 청년의 생계수급자 등으로의 하락을 사전에 예방하고, 일하는 중간계층 청년이 사회에 안착할 수 있도록 자산형성을 지원",복지/문화,부산광역시 사회복지국 복지정책과,부산광역시,"부산청년 기쁨두배통장 등 유사자산형성사업과 중복 신청 불가
금융위원회 청년희망적금, 청년도약계좌는 중복 대상사업에 해당되지 않음에 따라 동시 신청 가능 | 0013001,0013002,0013004,0013005,0013006,0013007,0013008,0013009 | 0049010",청년,만 15세 ~ 만 39세,15,39,,"소득조건코드=0043003 / 소득범위=0~0 / 가구소득 : 기준 중위소득 50% 이하, 근로기준 : 월 10만원 이상 근로사업소득 발생",,"○ 근   거
 - 「국민기초생활보장법」제18조의8(자산형성지원)
○ 사업내용
 - 3년간 매월 본인 저축액 저축 시 근로소득장려금 등 적립·지원
 - 본인저축액(월 10만원 이상 ~ 50만원 이하) 납입 시 30만원 적립
○ 가입대상
 - 일하는 기준중위소득 50%이하 청년(15세~39세)
○ 시행주체
 - 16개 구·군
 *재원부담: 국 90 시 7 구군 3
○ 지원조건
 - 3년간 통장유지, 자립역량교육 이수 및 자금 사용계획서 제출 등",20260505 ~ 20260520,,,신청사이트 참고,"온라인 신청 : 복지로 사이트
방문 신청 : 읍면동 주민센터(주소지가 아니더라도, 동일 시군구내 모든 주민센터 신청 가능)",https://young.busan.go.kr/index.nm?menuCd=48,main,primary,부산청년내일저축계좌,부산광역시사회복지국복지정책과,20260505 ~ 20260520~,금융･복지･문화,취약계층 및 금융지원
youth,20260511005400213179,여성창업지원(사업화지원),한국여성경제인협회 광주지회는 여성창업자 창업성공률 제고 및 안정적 성장기반을 마련하고자 ‘여성창업지원(사업화지원)’ 사업을 안내합니다.,인력/일자리,광주시청,광주광역시,0013010 | 0049010,"여성,청년",만 1세 ~ 만 99세,,,,소득조건코드=0043001 / 소득범위=0~0,,"○ 생산·기술 지원
· 시제품 및 금형 제작, 시험 분석 지원 등
· 기업별 최대 2,400천원

○ 마케팅 지원(최대5개 기업)
· CI·BI 개발, 제품·포장 디자인, 홈페이지/앱 개발, 카달로그, 홍보동영상
· 언론기사·광고, 크라우드 펀딩 플랫폼 참가, 제품 판매 플랫폼 입점
· 전시회·박람회 참가 지원, 지식재산권 획득 등",20260507 ~ 20260527,20261130,"○ 지원제한
· 동일 내용 및 아이템으로 타 지원기관(정부 및 공공기관 등) 지원을 받았거나 받고 있는 경우 제외
· 중소기업창업지원법 시행령 제4조(창업에서 제외되는 업종) 해당 업종 제외
· 국세, 지방세 체납자 제외
· 기선정자 제외(최근 3년 이내)",☞ 자세한 내용은 붙임파일을 확인해주시기 바랍니다.,"○ 우편 또는 이메일 접수
· 주소: 광주광역시 북구 무등로 180번길 5(신안동 133-1)
· 이메일: kwea6028@daum.net",https://www.youthcenter.go.kr/youthPolicy/ythPlcyTotalSearch/ythPlcyDetail/20260511005400213179,main,primary,여성창업지원사업화지원,광주시청,20260507 ~ 20260527~20261130,일자리,창업
youth,20260511005400213178,2026년 5월 가계부소모임-2회차,"""한번 더 나의 지출을 돌아볼 수 있었어요""
""계획 된 소비를 할 수 있을 거 같아서 좋아요""
- 참여자 후기 -
돈 관리, 이렇게 하는 게 맞는 걸까? 싶을 때
이따가 해볼까? 자꾸 미루게 될 때
서로 같이, 함께 돈 관리 습관을 만들어가는
가계부 소모임에 참여해보세요!",복지/문화,광주시청,광주광역시,0013010 | 0049010,청년,만 19세 ~ 만 39세,19,39,,소득조건코드=0043001 / 소득범위=0~0,,"▶ 내 용 : 예산 수립, 통장 시스템, 꿈꾸는 가계부 작성법 익히기
▶ 일 시 : 2026년 5월 20일(수) 19-21시
▶ 대 상 : 돈 관리법을 알고 싶은 광주 청년 10명
▶ 방 법 : 오프라인
▶ 장 소 : 광주청년드림은행(광주광역시 북구 무등로 237,2층)
▶ 신 청: bit.ly/가계부소모임

*가계부 작성 실습과 참여자 간 이야기 나눔이 있습니다.

- 2026년 5월 15일(금)까지 신청 링크를 통해 접수, 선착순 마감",20260508 ~ 20260515,        ,,,"▶ 내 용 : 예산 수립, 통장 시스템, 꿈꾸는 가계부 작성법 익히기
▶ 일 시 : 2026년 5월 20일(수) 19-21시
▶ 대 상 : 돈 관리법을 알고 싶은 광주 청년 10명
▶ 방 법 : 오프라인
▶ 장 소 : 광주청년드림은행(광주광역시 북구 무등로 237,2층)
▶ 신 청: bit.ly/가계부소모임

*가계부 작성 실습과 참여자 간 이야기 나눔이 있습니다.

- 2026년 5월 15일(금)까지 신청 링크를 통해 접수, 선착순 마감

*한번 강의를 들으신 분들은 참여가 취소될 수 있으며, 많은 분들의 참여을 돕고자 함이니 양해부탁드립니다.",https://youth.gwangju.go.kr/www/52?siteId=www&bbsId=bbs1&postId=2052&url=%2Fwww%2Fbbs%2FpostView,main,primary,2026년5월가계부소모임2회차,광주시청,20260508 ~ 20260515~,금융･복지･문화,취약계층 및 금융지원
youth,20260506005400213174,(부평구) 청년창업 재정지원 사업,우수하고 창의적인 아이템을 가진 청년 창업자를 발굴하여 지역 우수 기업으로 성장 유도,인력/일자리,인천광역시 부평구 경제환경국 일자리창출과,인천광역시,"○ 창업자 대표 및 팀원 소유 건물의 임차료 지급 제외
○ 임대인이 창업자의 직계존비속, 형제, 자매, 배우자인 경우 지급 제외 | 0013006 | 0049010","예비창업자,청년",만 19세 ~ 만 39세,19,39,"○ (최초지원) 예비창업자(생애최초)
○ (초기지원) 부평구에 사업장을 둔 3년 이하 창업자
○ (성장지원) 부평구에 사업장을 청년 1명이상 채용 및 7년 이하 창업자상가 임차료는 사무공간에 한해 지원(원룸 등 주거공간 임차료 지원 불가)",소득조건코드=0043001 / 소득범위=0~0,,"○ (최초지원) 창업자금 최대 1,000만원 지원
○ (초기지원) 창업자금 최대 1,200만원 지원
○ (성장지원) 창업자금 최대 1,500만원 지원",        ,        ,"○ (최초지원) 예비창업자(생애최초)
○ (초기지원) 부평구에 사업장을 둔 3년 이하 창업자
○ (성장지원) 부평구에 사업장을 청년 1명이상 채용 및 7년 이하 창업자상가 임차료는 사무공간에 한해 지원(원룸 등 주거공간 임차료 지원 불가)",,"○ 신청 홈페이지에 접속하여 신청서 등 양식 다운
○ 구비 서류 양식 작성 및 증빙서류 구비
○ 일자리창출과 방문 또는 이메일 신청",https://youth.incheon.go.kr/youthpolicy/youthPolicyInfoDetail.do?poly_seq=106,main,primary,부평구청년창업재정지원사업,인천광역시부평구경제환경국일자리창출과,,일자리,창업
youth,20260506005400213171,(부평구) 청년도전 지원사업,"구직단념청년을 발굴, 노동시장 참여 촉진지원",인력/일자리,인천광역시 부평구 경제환경국 일자리창출과,인천광역시,0013003 | 0049010,청년,만 18세 ~ 만 34세,18,34,"구직단념 청년(부평구 거주자 35~39세 참여가능)
지원연령: 부평구 거주자 35~39세 참여가능",소득조건코드=0043001 / 소득범위=0~0,,"맞춤형 프로그램 및 참여수당, 인센티브 등",20260101 ~ 20261018,        ,"구직단념 청년(부평구 거주자 35~39세 참여가능)
지원연령: 부평구 거주자 35~39세 참여가능",,"○ 고용24(기관선택: (사협)일터와사람들)
○ 현장접수: 신청 전 전화문의 시 개별안내",https://youth.incheon.go.kr/youthpolicy/youthPolicyInfoDetail.do?poly_seq=110,main,primary,부평구청년도전지원사업,인천광역시부평구경제환경국일자리창출과,20260101 ~ 20261018~,일자리,취업
youth,20260506005400213164,미래우주교육센터 구축,산·학·연 컨소시엄 기반으로 미래 우주분야 문제를 해결하고 신기술을 선도할 수 있는 종합적인 전문인력 양성,교육/멘토링,인천광역시 해양항공국 항공과,인천광역시,0013010 | 0049010,청년,만 34세 ~ 만 99세,34,,-,소득조건코드=0043001 / 소득범위=0~0,,"○ 우주탐사 및 자원활용 분야 45명 전문인력양성 교육 추진
○ 우주탐사 및 우주자원활용 분야 연구개발 지원
 - [우주진입] 정밀천측항법 및 비행제어 시뮬레이터
 - [우주탐사] 다목적 탐사 로버
 - [자원활용] 수전해 추력기
○ 달/화성 탐사 시나리오 기반 우주핵심기술 시제품 연구개발",        ,        ,,,,https://youth.incheon.go.kr/youthpolicy/youthPolicyInfoDetail.do?poly_seq=170,main,primary,미래우주교육센터구축,인천광역시해양항공국항공과,,교육･직업훈련,미래역량강화
youth,20260506005400213162,(강화군) 창업일자리센터 운영,취·창업 지원 프로그램 운영 및 구인·구직자 취업 연계 지원,인력/일자리,인천광역시 강화군 경제산업국 일자리경제과,인천광역시,0013010 | 0049010,청년,만 19세 ~ 만 39세,19,39,-,소득조건코드=0043001 / 소득범위=0~0,,"구인구직 알선, 일자리박람회 개최, 청년의 날 행사 개최, 청년 및 창업 프로그램 운영 등",,,,,강화군 창업일자리센터 방문 또는 홈페이지 인터넷 접수,https://www.ganghwajob.kr/,main,primary,강화군창업일자리센터운영,인천광역시강화군경제산업국일자리경제과,,일자리,창업
youth,20260506005400213159,(연수구) 청년 정신건강 조기중재사업,청년 정신질환을 조기 발견 및 개입하여 청년층의 정신질환 발병 예방 및 만성화 방지,복지/문화,인천광역시 연수구 보건소 치매정신건강과,인천광역시,0013010 | 0049010,청년,만 15세 ~ 만 34세,15,34,-,소득조건코드=0043001 / 소득범위=0~0,,"고위험군 발굴 및 상담, 정신과 치료비 지원",        ,        ,,,,https://youth.incheon.go.kr/youthpolicy/youthPolicyInfoDetail.do?poly_seq=196,main,primary,연수구청년정신건강조기중재사업,인천광역시연수구보건소치매정신건강과,,금융･복지･문화,건강
youth,20260506005400213157,인천광역시 청년미래센터 운영,복지사각지대에 있는 위기청년 지원을 위한 전담기관 운영,복지/문화,인천광역시 외로움돌봄국 외로움정책과,인천광역시,0013010 | 0049010,청년,만 13세 ~ 만 39세,13,39,"가족돌봄청년(13~34세), 고립은둔청년(19~39세)",소득조건코드=0043001 / 소득범위=0~0,,"○ 가족돌봄청년
- 자기돌봄비 지급(연 200만원), 사례관리. 의료·돌봄서비스 연계, 자조모임 등
○ 고립은둔청년 
- 초기상담 및 고립은둔 정도 진단
- 심리지원, 회복지원, 공동활동 등 프로그램 제공
- 가족지원(가족상담, 자조모임 등)",,,"가족돌봄청년(13~34세), 고립은둔청년(19~39세)",,,http://www.mohw2030.co.kr/panel.asp,main,primary,인천광역시청년미래센터운영,인천광역시외로움돌봄국외로움정책과,,금융･복지･문화,취약계층 및 금융지원
youth,20260506005400213156,인천형 천원의 아침밥 지원,대학생 대상 아침밥 먹는 문화 확산 및 쌀 소비 촉진,복지/문화,인천광역시 농수산식품국 농축산과,인천광역시,0013010 | 0049005,청년,만 34세 ~ 만 99세,34,,인천시 관내 소재 대학의 재학생,소득조건코드=0043001 / 소득범위=0~0,,"○  [보조금 3천원(국2, 시1) + 쌀 120g(시) + 대학교 부담금 + 학생 1천원] / 1식 기준
○ (참여대학) 11개 대학(인천대, 인하대, 인하공전, 경인교대(인천), 연세대(국제), 청운대(인천), 가천대(메디컬), 한국뉴욕주립대, 조지메이슨대, 유타대, 겐트대)",        ,        ,인천시 관내 소재 대학의 재학생,,,https://youth.incheon.go.kr/youthpolicy/youthPolicyInfoDetail.do?poly_seq=282,main,primary,인천형천원의아침밥지원,인천광역시농수산식품국농축산과,,금융･복지･문화,건강
youth,20260506005400213155,(옹진군) 인천시 청년월세 지원사업,경제적 어려움을 겪는 청년들의 주거비용 부담 경감,주거,인천광역시 청년정책담당관,인천광역시,"○ 부모와 함께 거주(원가구와 세대분리하지 않은 자)하는 경우
○ 주택 소유자(분양권, 입주권 포함) 
○ 직계존속, 형제, 자매 등 2촌이내 주택을 임차한 경우(배우자의 2촌 이내 혈족 포함)
○ 공공주택특별법에 따른 공공임대주택 거주자
○ 1실(방)에 다수가 거주하는 방식의 전대차인 경우
○ 전국 지자체 월세사업 또는 국토부 1차 월세사업 수혜 중인자 등(수혜종료 후 신청가능) | 0013010 | 0049010",청년,만 35세 ~ 만 39세,35,39,"◎ 청약통장 가입 필수(종류무관) 
◎ 소득 : (청년독립가구) 기준 중위소득 60%이하 (원가구) 기준 중위소득 100% 이하
◎ 재산 : (청년독립가구) 재산 122백만원 이하 (원가구) 재산 470백만원 이하
◎ 주택 : 전입신고 필수            ※ 월세 임차보증금 5천만원 및 월세 70만원 이하 요건 폐지(2024.4.12.~시행)] 
  ※ 제출된 신청서를 토대로 공적자료 조회(조사시점 기준 적용)

<가구구성 방법>
 (청년독립가구) 청년 + 배우자 + 직계비속 + 동일 주소지에 거주하는 그 외 「민법」상 가족* 
 (원가구) 청년독립가구 + 1촌 이내 직계혈족(부,모)
 * (가족의 범위, 민법§779) ❶배우자, 직계혈족 및 형제자매, ❷직계혈족의 배우자, 배우자의 직계혈족 및 배우자의 형제자매(생계를 같이하는 경우에 한함)

※ 원가구(부모님) 소득·재산 미고려 : ①30세 이상 ②혼인 ③미혼부·모 ④30세 미만 미혼 청년의 소득이 중위 50% 이상으로 생계를 달리한다고 군수·구청장이 인정하는 경우자가진단서비스 사전 실시(개통예정)
- 복지로(www.bokjiro.go.kr) > 복지서비스 > 모의계산 > 청년월",소득조건코드=0043003 / 소득범위=0~0 / 소득 : (청년독립가구) 기준 중위소득 60%이하 (원가구) 기준 중위소득 100% 이하,,"지원금액 : 1인 월 20만원씩, 최대 12개월(회) 월세 지원
   - 실제 납부하는 월세의 최대 20만원까지 지원(임차보증금, 관리비 등은 제외)
◎ 지 급 일 : 매월 25일 현금으로 지급
   - 토요일이거나 공휴일인 경우에는 그 전날 지급
   - 지원대상으로 선정될 시, 신청일 기준 당월에 지출한 월세부터 지급
◎ 주거급여 수급자인 경우 전월(20일)에 지급한 주거급여를 차감하고 지급",        ,        ,"◎ 청약통장 가입 필수(종류무관) 
◎ 소득 : (청년독립가구) 기준 중위소득 60%이하 (원가구) 기준 중위소득 100% 이하
◎ 재산 : (청년독립가구) 재산 122백만원 이하 (원가구) 재산 470백만원 이하
◎ 주택 : 전입신고 필수            ※ 월세 임차보증금 5천만원 및 월세 70만원 이하 요건 폐지(2024.4.12.~시행)] 
  ※ 제출된 신청서를 토대로 공적자료 조회(조사시점 기준 적용)

<가구구성 방법>
 (청년독립가구) 청년 + 배우자 + 직계비속 + 동일 주소지에 거주하는 그 외 「민법」상 가족* 
 (원가구) 청년독립가구 + 1촌 이내 직계혈족(부,모)
 * (가족의 범위, 민법§779) ❶배우자, 직계혈족 및 형제자매, ❷직계혈족의 배우자, 배우자의 직계혈족 및 배우자의 형제자매(생계를 같이하는 경우에 한함)

※ 원가구(부모님) 소득·재산 미고려 : ①30세 이상 ②혼인 ③미혼부·모 ④30세 미만 미혼 청년의 소득이 중위 50% 이상으로 생계를 달리한다고 군수·구청장이 인정하는 경우자가진단서비스 사전 실시(개통예정)
- 복지로(www.bokjiro.go.kr) > 복지서비스 > 모의계산 > 청년월","월세지원 신청(변경)서(필수)
소득·재산 신고서(필수)
서약서(필수)
임대차계약서(확정일자 날인) 사본(필수)
월세이체 증빙 서류(최근 3개월) (받는분, 보내는분, 날짜, 금액 명시)(필수)
(월세지급을 위한) 통장사본(필수)
청약통장 사본(신청인 명의, 종류무관)(필수)
신청자 기준 가족관계증명서  (상세, 주민등록번호 공개)(필수)
부모님 기준 가족관계증명서  [부 / 모 기준 각  1부씩]  (상세, 주민등록번호 공개)(필수)
(혼인한 경우 필수 제출) 배우자 기준 가족관계증명서 및 배우자 부모의 가족관계증명서  (상세, 주민등록번호 공개)(선택)
신분증(방문신청시 필수지참)(선택)","(19세 ~ 34세) 복지로를 통한 온라인신청 및 관할 행정복지센터 방문 신청
(35세 ~ 39세) 인천청년포털을 통한 온라인신청 또는 관할 행정복지센터 방문 신청",https://youth.incheon.go.kr/youthpolicy/youthPolicyInfoDetail.do?poly_seq=267,main,primary,옹진군인천시청년월세지원사업,인천광역시청년정책담당관,,주거,전월세 및 주거급여 지원
youth,20260506005400213154,(서구) 청년e음 청년스타트업지원사업,청년e음 스타트업지원사업 「정서진 아라뱃길 청년창업공간 운영」,인력/일자리,인천광역시 서구 경제국 청년정책일자리과,인천광역시,0013006 | 0049010,"스타트업,청년",만 19세 ~ 만 39세,19,39,인천 거주 또는 사업자 등록한 예비 또는 3년이하 청년창업가,소득조건코드=0043001 / 소득범위=0~0,,창업공간 제공 및 공간 이용실적에 따른 초기창업사업기간 구축비 지원(30만원 이내),        ,        ,인천 거주 또는 사업자 등록한 예비 또는 3년이하 청년창업가,,,https://youth.incheon.go.kr/youthpolicy/youthPolicyInfoDetail.do?poly_seq=283,main,primary,서구청년e음청년스타트업지원사업,인천광역시서구경제국청년정책일자리과,,일자리,창업
youth,20260506005400213153,청년 취업설명회(공기업 및 우수기업),공기업·우수기업 취업설명회를 통한 청년 구직자 취업정보 제공 및 취업 촉진,인력/일자리,인천광역시 강화군 경제산업국 일자리경제과,인천광역시,0013003 | 0049010,청년,만 19세 ~ 만 39세,19,39,-,소득조건코드=0043001 / 소득범위=0~0,,"○ 인천일자리한마당 연계행사(2026. 7. 예정)로 진행
○ 취업설명회 및 상담 : 공기업 10개 이내, 우수기업 15개
○ 취업정보관 : 5개 이내(인천시, 중부지방고용노동청, 관내 대학 등)
○ 부대행사관 : 3개 이내(인생네컷, 퍼스털컬러 등 이벤트 행사)",        ,        ,,,,https://youth.incheon.go.kr/youthpolicy/youthPolicyInfoDetail.do?poly_seq=285,main,primary,청년취업설명회공기업및우수기업,인천광역시강화군경제산업국일자리경제과,,일자리,취업
youth,20260506005400213152,인천시 일자리센터 운영,인천시 일자리지원 허브 기관으로 시민에 대한 입체적 취업지원 및 기업에 대한 적기 인재채용 지원,인력/일자리,인천광역시 경제산업본부 경제정책과,인천광역시,0013010 | 0049010,청년,만 34세 ~ 만 99세,34,,-,소득조건코드=0043001 / 소득범위=0~0,,-,,,,,,https://incheon.work.go.kr/main.do/main.do,main,primary,인천시일자리센터운영,인천광역시경제산업본부경제정책과,,일자리,취업
youth,20260506005400213151,청년고용 우수기업 근로환경 개선,청년고용 우수기업에 근로환경 개선 인센티브를 제공하여 중소기업 인식개선 및 일하고 싶은 직장 환경 조성,인력/일자리,인천광역시 청년정책담당관,인천광역시,0013010 | 0049010,청년,만 18세 ~ 만 39세,18,39,,소득조건코드=0043001 / 소득범위=0~0,,"○ 기업별 6백만원 ~ 24백만원 이내(청년 신규채용 1인당 3백만원 기준)
○ 근로환경개선을 위한 시설 개보수 및 물품구입 비용 지원
- 물품구입 : 냉·난방기, 공기청정기, 안마기기, 옷장, 냉장고, 비데, 세탁기, 건조기, 신발장, 온수기, 핸드드라이기, 집진기
- 시설개보수 : 화장실, 휴게실, 샤워실, 탈의실, 집진·공조시설",,,,,,https://bizok.incheon.go.kr/open_content/support.do?act=detail&policyno=6835&pgno=4,main,primary,청년고용우수기업근로환경개선,인천광역시청년정책담당관,,일자리,취업
youth,20260506005400213150,인천혁신모펀드 조성·운영(청년벤처·창업기업 투자유치 펀드 지원사업),청년벤처·창업기업 투자유치 펀드 지원사업,인력/일자리,인천광역시 미래산업국 산업창업정책과,인천광역시,0013010 | 0049010,"청년,초기창업기업",만 19세 ~ 만 39세,19,39,-,소득조건코드=0043001 / 소득범위=0~0,,인천 소재 유망 청년 벤처․창업기업을 발굴하여 펀드자금 투자   * 지원대상별 투자액 상이,        ,        ,,,,https://youth.incheon.go.kr/youthpolicy/youthPolicyInfoDetail.do?poly_seq=290,main,primary,인천혁신모펀드조성운영청년벤처창업기업투자유치펀드지원사업,인천광역시미래산업국산업창업정책과,,일자리,창업
youth,20260506005400213149,청년 소셜벤처기업 육성 사업,관내 대학과 연계하여 원도심재생ㆍ복지ㆍ환경 등 사회 현안문제에 대한 청년들의 참신한 아이디어를 발굴하고 지원함으로써 지역 청년 사업가 육성,인력/일자리,인천광역시 미래산업국 산업창업정책과,인천광역시,0013010 | 0049010,청년,만 18세 ~ 만 39세,18,39,-,소득조건코드=0043001 / 소득범위=0~0,,-,        ,        ,,,,https://youth.incheon.go.kr/youthpolicy/youthPolicyInfoDetail.do?poly_seq=291,main,primary,청년소셜벤처기업육성사업,인천광역시미래산업국산업창업정책과,,일자리,창업
youth,20260506005400213148,신개념 세대융합 청년창업 지원,"청년의 열정, 아이디어와 중장년의 경험을 멘토로 하는 새로운 창업지원을 통한 청년 창업 활성화",인력/일자리,인천광역시 미래산업국 산업창업정책과,인천광역시,0013006 | 0049010,청년,만 19세 ~ 만 39세,19,39,-,소득조건코드=0043001 / 소득범위=0~0,,"○ (전문가 풀 운영) 10년 이상 경력의 중장년 전문가
○ (컨설팅 지원) 50명 이상, 기업당 최대 2회(회당 2시간)
○ (우수 멘티 사업화 지원) 컨설팅 우수기업 선정 마케팅비 등 지원",        ,        ,,,,https://youth.incheon.go.kr/youthpolicy/youthPolicyInfoDetail.do?poly_seq=294,main,primary,신개념세대융합청년창업지원,인천광역시미래산업국산업창업정책과,,일자리,창업
youth,20260506005400213147,청년농업인 영농정착지원,젊고 유능한 인재의 농업분야 진출을 촉진을 통한 농가 고령화 완화 및 농업인력구조 개선,인력/일자리,농림축산식품부 농식품인재개발원,인천광역시,0013008 | 0049010,"농업인,청년",만 19세 ~ 만 39세,19,39,-,소득조건코드=0043001 / 소득범위=0~0,,"영농경력에 따라 3년간 영농정착 지원금 차등지급
- 독립경영 1년차 월110만원, 2년차 월100만원, 3년차 월90만원",20260101,20261231,,,,https://youth.incheon.go.kr/youthpolicy/youthPolicyInfoDetail.do?poly_seq=295,main,primary,청년농업인영농정착지원,농림축산식품부농식품인재개발원,20260101~20261231,일자리,취업
youth,20260506005400213146,청년농업인 영농 스타트업 지원,농촌 고령화에 대응하여 청년농업인들을 새롭게 유입시키고 안정적으로 정착할 수 있도록 지원,인력/일자리,인천광역시 농수산식품국 농축산과,인천광역시,사업자등록을 하고 사업체를 경영하는 자 제외 | 0013008 | 0049010,"농업인,스타트업,청년",만 19세 ~ 만 39세,19,39,-,소득조건코드=0043001 / 소득범위=0~0,,"농식품 가공·제조용 시설의 설치, 하우스, 온실 등 시설설치, 농기계 장비 구입비 지원",        ,        ,,,,https://youth.incheon.go.kr/youthpolicy/youthPolicyInfoDetail.do?poly_seq=296,main,primary,청년농업인영농스타트업지원,인천광역시농수산식품국농축산과,,일자리,취업
youth,20260506005400213145,인천콘텐츠코리아랩 운영,콘텐츠 비즈니스 모델 발굴 및 사업화 지원을 통해 스타트업의 성장 지원 기반 마련 확대,교육/멘토링,인천광역시 문화체육국 문화정책과,인천광역시,0013010 | 0049010,청년,만 34세 ~ 만 99세,34,,-,소득조건코드=0043001 / 소득범위=0~0,,-,,,,,,https://www.inckl.or.kr/user/main.do,main,primary,인천콘텐츠코리아랩운영,인천광역시문화체육국문화정책과,,교육･직업훈련,미래역량강화
youth,20260506005400213144,청년어업인 영어정착지원,창업 초기 청년어업인의 안정적인 어촌 정착 지원을 통한 우수한 청년인력의 어촌 유치,인력/일자리,인천광역시 수산기술지원센터,인천광역시,"유흥, 사치품 및 술·담배의 구매 등 일부 제외 | 0013010 | 0049010",청년,만 18세 ~ 만 39세,18,39,"(소득기준) 상근고용, 어업과 무관한 사업체 경영 금지
(기타조건) 수산업 경영기반 해당 시·군·구에 실제 거주(주민등록포함), 어업 및 양식업 경력 3년 이하 독립경영, 병역필 또는 병역면제자",소득조건코드=0043001 / 소득범위=0~0,,"수산업 경영비 및 어가 가계자금 지원
- 수산업경영 경력에 따라 차등 지급
(1년차 월 110만원, 2년차 월 100만원, 3년차 월 90만원)",        ,        ,"(소득기준) 상근고용, 어업과 무관한 사업체 경영 금지
(기타조건) 수산업 경영기반 해당 시·군·구에 실제 거주(주민등록포함), 어업 및 양식업 경력 3년 이하 독립경영, 병역필 또는 병역면제자",,,https://youth.incheon.go.kr/youthpolicy/youthPolicyInfoDetail.do?poly_seq=298,main,primary,청년어업인영어정착지원,인천광역시수산기술지원센터,,일자리,취업
youth,20260506005400213143,청년농업인4-H 연합회 활동지원,인천광역시 청년농업인4-H연합회 교육·행사지원 및 조직활성화,교육/멘토링,인천광역시 농업기술센터 농촌자원과,인천광역시,0013008 | 0049010,"농업인,청년",만 19세 ~ 만 39세,19,39,-,소득조건코드=0043001 / 소득범위=0~0,,인천광역시 농업인4-H연합회 워크숍 추진,        ,        ,,,,https://youth.incheon.go.kr/youthpolicy/youthPolicyInfoDetail.do?poly_seq=299,main,primary,청년농업인4h연합회활동지원,인천광역시농업기술센터농촌자원과,,교육･직업훈련,온·오프라인교육
youth,20260506005400213142,인천 전세보증금반환보증 보증료 지원,전세보증금반환보증 가입을 유도하여 저소득층의 전세사기 피해를 예방하고 주거안정 도모,주거,인천광역시 도시계획국 주택정책과,인천광역시,"○ 외국인 및 국내에 거주하지 않는 재외국민
○ 임차인이 법인인 경우(회사 지원 숙소 등)
○ 그 밖에 지자체장이 지원이 적합하지 않다고 판단하는 경우
*자세한 사항은 '정부24' 사업안내 참조 | 0013010 | 0049010",청년,만 34세 ~ 만 99세,34,,"◉ 소득기준
 - (청년) 신청일 기준 만18세~39세이하로 연소득 5천만원 이하
 - (청년 외) 연소득 6천만원 이하(기혼자는 부부합산임)
 - (신혼부부) 신청일 기준 혼인신고일 7년이내인 부부, 부부합산 연소득 7천5백만원 이하
◉ 주택기준
 - 임차보증금 3억원 이하
 * 주민등록상 주소지와 보증가입 물건지는 동일해야 함",소득조건코드=0043002 / 소득범위=0~6000,,"임차보증금 3억원 이하 주택에 대하여 신청일 기준 보증 효력이 유효한 전세금반환보증(HUG,HF,SGI)보증료 기납액을 지원",,,"◉ 소득기준
 - (청년) 신청일 기준 만18세~39세이하로 연소득 5천만원 이하
 - (청년 외) 연소득 6천만원 이하(기혼자는 부부합산임)
 - (신혼부부) 신청일 기준 혼인신고일 7년이내인 부부, 부부합산 연소득 7천5백만원 이하
◉ 주택기준
 - 임차보증금 3억원 이하
 * 주민등록상 주소지와 보증가입 물건지는 동일해야 함",,정부24홈페이지 온라인 신청(www.gov.kr),https://www.youthcenter.go.kr/youthPolicy/ythPlcyTotalSearch/ythPlcyDetail/20260506005400213142,main,primary,인천전세보증금반환보증보증료지원,인천광역시도시계획국주택정책과,,주거,주택 및 거주지
youth,20260506005400213141,대학생 학자금대출 이자 지원,인천시 대학생에게 학자금대출 이자를 지원하여 균등한 고등교육 기회 제공 및 지역인재 육성에 기여,교육/멘토링,인천광역시 기획조정실 교육협력담당관,인천광역시,"0013010 | 0049005,0049006,0049008",청년,만 34세 ~ 만 99세,34,,"-○지원시기 : 2026년 12월말(예정)
○결과확인 : 한국장학재단 홈페이지 → 학자금대출 → 학자금뱅킹 → 학자금대출상환지원 → 지자체 이자지원 지급내역 조회",소득조건코드=0043001 / 소득범위=0~0,,"2019년 1학기부터 한국장학재단을 통해 대출받은 학자금의 2025년 하반기(7~12월), 2026년 상반기(1~6월) 발생이자 지원 
- 발생한 이자금액만큼 한국장학재단의 대출원리금에서 차감",,,"-○지원시기 : 2026년 12월말(예정)
○결과확인 : 한국장학재단 홈페이지 → 학자금대출 → 학자금뱅킹 → 학자금대출상환지원 → 지자체 이자지원 지급내역 조회

○구비서류 
- 재학(휴학)생: 주민등록초본, 재학(휴학)증명서 
- 졸업생: 주민등록초본, 졸업증명서, 건강보험자격득실확인서",,인천시 홈페이지 > 시민참여 > 대학생 학자금대출 이자지원 신청,https://www.kosaf.go.kr/ko/main.do,main,primary,대학생학자금대출이자지원,인천광역시기획조정실교육협력담당관,,교육･직업훈련,교육비지원
youth,20260506005400213140,대학일자리플러스센터 운영 지원,관내 대학 인프라를 활용한 지역 대학생 및 청년 선호기업 취업 지원,인력/일자리,인천광역시 청년정책담당관,인천광역시,0013003 | 0049010,청년,만 18세 ~ 만 39세,18,39,-,소득조건코드=0043001 / 소득범위=0~0,,"대학일자리플러스센터 운영비 지원(인하대, 인천대, 재능대, 인하공전)
*구직스킬 향상 취업스터디, 직무특강, 커리어 매칭 프로그램, 청년층 선호 기업(공기업·대기업 등) 특별반운영 등",,,,,"○대학별 대학일자리플러스센터 사이트 회원가입 및 로그인
○대학일자리플러스센터 바로가기
 - 인하대  https://job.inha.ac.kr
 - 인천대 https://job.inu.ac.kr/sites/job/index.do?epTicket=LOG
 - 재능대  https://ewe.jeiu.ac.kr
 - 인하공전 https://www.inhatc.ac.kr/kr/3719/subview.do",https://www.youthcenter.go.kr/youthPolicy/ythPlcyTotalSearch/ythPlcyDetail/20260506005400213140,main,primary,대학일자리플러스센터운영지원,인천광역시청년정책담당관,,일자리,취업
youth,20260506005400213139,청년 해외진출기지 지원,"해외진출 역량이 있으나, 자원이 부족한 청년 창업가를 발굴하여 체계적인 지원으로 지역 청년 창업기업 해외진출 도모",인력/일자리,인천광역시 미래산업국 산업창업정책과,인천광역시,0013006 | 0049010,청년,만 19세 ~ 만 39세,19,39,-,소득조건코드=0043001 / 소득범위=0~0,,"○ 해외진출 전략 코칭 등 글로벌 역량강화
○ 글로벌진출을 위한 사업화 자금 및 해외진출 지원",        ,        ,,,,https://youth.incheon.go.kr/youthpolicy/youthPolicyInfoDetail.do?poly_seq=311,main,primary,청년해외진출기지지원,인천광역시미래산업국산업창업정책과,,일자리,창업
youth,20260504005400113138,다문화청년 취᭼창업지원 사업,다문화청년이 취᭼창업을 통한 주체적 역량으로서 성장이 필요함에 따라 취᭼창업 교육을 통해 현실적᭼경제적 자립 지원,인력/일자리,외국인정책과,전국,제한없음 | 0013003 | 0049010,청년,만 0세 ~ 만 0세,,,해당사항 없음,소득조건코드=0043003 / 소득범위=0~0 / -,,다문화가족 청년 대상 취᭼창업준비를 위한 프로그램 지원,20260301 ~ 20260331,20261231,해당사항 없음,다문화 청년 취창업 프로그램 지원,"신청(신청자)→접수(읍면동)→조사(시군 조사팀)→지원결정(시군 사업팀)
※ 전문자격증(간호조무사, 보육교사, 조리사등)은 관련 여성인력개발센터, 여성새로일하기센터 연계지원",https://youth.chungnam.go.kr/web/main/customSupp/M030-01/view?bizId=A2024021500300201100001197,main,primary,다문화청년취창업지원사업,외국인정책과,20260301 ~ 20260331~20261231,일자리,취업
youth,20260504005400113137,SW중심대학 지원,대학 SW교육 혁신을 통한 국가·기업·학생의 경쟁력 강화 및 소프트웨어 가치 확산 선도 대학 육성,교육/멘토링,AI육성과,전국,해당 없음 | 0013010 | 0049010,청년,만 0세 ~ 만 0세,,,해당 없음,소득조건코드=0043001 / 소득범위=0~0,,"SW전공/융합과정 개설·교육, 온/오프라인 교육콘텐츠 개발·활용, 도내 청소년 및 초·중·고 교사 대상 SW교육 등",        ,        ,해당 없음,별도 문의,별도 문의,https://youth.chungnam.go.kr/web/main/customSupp/M030-02/view?bizId=A20250415CT000000000002223,main,primary,sw중심대학지원,ai육성과,,교육･직업훈련,미래역량강화
youth,20260504005400113135,SW미래채움,지역 내 미취업 청년 등을 SW교육 전문강사로 양성하고 SW교육 지원을 통한 SW미래인재 양성,교육/멘토링,AI육성과,전국,해당 없음 | 0013003 | 0049010,청년,만 19세 ~ 만 0세,19,,해당 없음,소득조건코드=0043001 / 소득범위=0~0,,"SW전공/융합과정 개설·교육, 온/오프라인 교육콘텐츠 개발·활용, 도내 청소년 및 초·중·고 교사 대상 SW교육 등",        ,        ,해당 없음,별도 문의,별도 문의,https://youth.chungnam.go.kr/web/main/customSupp/M030-02/view?bizId=A20250415CT000000000002222,main,primary,sw미래채움,ai육성과,,교육･직업훈련,미래역량강화
youth,20260504005400113134,창의융합형 공학인재양성지원,산업계 수요에 부합하는 교육 프로그램 개발·운영을 통한 공학교육의 글로벌 경쟁력 제고 및 창의융합형 공학인재 양성,인력/일자리,미래산업과,전국,해당 없음 | 0013003 | 0049005,청년,만 0세 ~ 만 0세,,,해당 없음,소득조건코드=0043003 / 소득범위=0~0 / -,,"ㅇ 산업계 수요에 부합하는 공학교육 프로그램 개발 및 운영지원
- 교육프로그램 개발·운영 및 캠프 운영, 캡스톤 디자인 지원, 현장실습·견학 등",        ,        ,해당 없음,별도 문의,별도 문의,https://youth.chungnam.go.kr/web/main/customSupp/M030-02/view?bizId=A20250415CT000000000002199,main,primary,창의융합형공학인재양성지원,미래산업과,,일자리,취업
youth,20260504005400213132,생활권 보행환경 종합정비사업 (안서동 청년안심 탄소중립 보행환경 개선),민선 8기 공약사업 ‘대학로 조성’ 관련 대학로 특화거리 조성 및 보행안전도로 조성,주거,시장,전국,제한없음 | 0013010 | 0049010,청년,만 0세 ~ 만 0세,,,제한없음,소득조건코드=0043001 / 소득범위=0~0,,대학로 특화거리 조성 및 보행안전도로 조성,20260101,20281231,제한없음,,별도문의,https://youth.chungnam.go.kr/web/main/customSupp/M040-06/view?bizId=A20260309LC000000000003065,main,primary,생활권보행환경종합정비사업안서동청년안심탄소중립보행환경개선,시장,20260101~20281231,주거,주택 및 거주지
youth,20260504005400113131,2026 충남 창업마루 나비(Starup-NAvi),"도내 유망 스타트업 발굴 및 육성을 위한 공간 조성, 지속가능한 지역 일자리 토대 마련을 위한 충남 창업의 중심(HUB) 역할 수행",인력/일자리,AI육성과,충청남도,"· 금융기관으로부터 채무불이행으로 제재 중인 개인, 기업 또는 휴·폐업중인 자
· 국세 또는 지방세 체납 중인 개인, 기업
· 정부정책에 따라 창업지원 사업에 제한되는 업종을 영위하는 자
· 입주신청일 기준 휴·폐업·행정처분 등의 제재가 진행되는 자
· 충청남도, 충남혁신센터 또는 중소벤처기업부 등 정부기관으로부터 창업지원사업의 참여제한 조치가 진행 중인 기업 또는 해당 대표자
· 정부지원 사업 수혜를 위해 다수의 사업장에서 사업을 영위하는 경우 | 0013006,0013009 | 0049010","누구나,청년",만 0세 ~ 만 0세,,,"제조+4차산업(AI, Big Data, Robotics 등) 융합 item, 미래자동차, 차세대 디스플레이, 반도체, 에너지신산업 등 제조분야(부품·소재 포함),스마트 플랫폼 분야(업종제한 없음), 친환경-기후변화 대응 분야(미세먼지·온실가스 저감, 친환경제품 및 서비스), 바이오, 그 외 디지털·그린 뉴딜 연계분야",소득조건코드=0043003 / 소득범위=0~0 / -,,"입주 지원, 장비·공간 지원, 홍보, 멘토링, 투자, 네트워킹 지원",20260101,20261231,"제조+4차산업(AI, Big Data, Robotics 등) 융합 item, 미래자동차, 차세대 디스플레이, 반도체, 에너지신산업 등 제조분야(부품·소재 포함),스마트 플랫폼 분야(업종제한 없음), 친환경-기후변화 대응 분야(미세먼지·온실가스 저감, 친환경제품 및 서비스), 바이오, 그 외 디지털·그린 뉴딜 연계분야","입주신청서, 사업계획서, 개인정보 동의서, 사업자등록증(해당 시), 법인등기부등본(해당 시), 국세, 지방세 납세증명서 각1부, 4대보험가입자명부(해당 시), 매출증빙(표준재무제표, 부가가치세 과세표준증명원, 부가가치세 과세표준증명원_해당 시), 각종 증빙 서류 등",① 모집공고(공개모집) → ② 요건검토 → ③ 1차평가(서면평가) → ④ 2차평가(발표평가) → ⑤ 면담(심층면담) → ⑥ 계약,http://www.ccceicontest.or.kr/contest/list.php,main,primary,2026충남창업마루나비starupnavi,ai육성과,20260101~20261231,일자리,창업
youth,20260504005400113130,청년인턴 사업,청년 일 경험 기회 제공을 통한 취업 지원,인력/일자리,청년정책관,전국,해당 없음 | 0013003 | 0049006,청년,만 19세 ~ 만 39세,19,39,해당 없음,소득조건코드=0043003 / 소득범위=0~0 / -,,"기업·공공기관 내 인턴 근무 기회 제공(4개월)
 - 직무교육 및 학점 인정, 자기개발비 지급",,,해당 없음,공고 참조,별도 문의,https://www.youthcenter.go.kr/youthPolicy/ythPlcyTotalSearch/ythPlcyDetail/20260504005400113130,main,primary,청년인턴사업,청년정책관,,일자리,취업
youth,20260504005400113129,청년예술인 해외 공연,청년예술인의 국제무대 경험을 통해 역량강화 및 경력확장 도모,복지/문화,문화정책과,전국,도내 19~39세 예술인 | 0013010 | 0049010,청년,만 19세 ~ 만 39세,19,39,해당 사항 없음,소득조건코드=0043001 / 소득범위=0~0,,"청년예술인과 멘토 역할을 수행할 전문예술인 해외공연(15명 내외)
   - 중국, 일본, 베트남 등 우호협력단체의 교류행사와 연계 추진",20260401 ~ 20260630,20261231,해당 사항 없음,,별도 문의,https://youth.chungnam.go.kr/web/main/bbs/cnyouth_notice/545?cp=1&sortOrder=BA_REGDATE&sortDirection=DESC&bcId=cnyouth_notice&baNotice=false&baCommSelec=false&baOpenDay=false&baUse=true,main,primary,청년예술인해외공연,문화정책과,20260401 ~ 20260630~20261231,금융･복지･문화,예술인지원
youth,20260504005400113128,학교 밖 청소년 진로진학 박람회,학교 밖 청소년 특성에 맞는 대학입시 및 진로·직업 정보 제공,인력/일자리,여성가족정책과,전국,해당 없음 | 0013010 | 0049010,청년,만 0세 ~ 만 0세,,,해당 없음,소득조건코드=0043001 / 소득범위=0~0,,학교 밖 청소년 진로진학박람회 운영,,,해당 없음,별도 문의,별도 문의,https://www.youthcenter.go.kr/youthPolicy/ythPlcyTotalSearch/ythPlcyDetail/20260504005400113128,main,primary,학교밖청소년진로진학박람회,여성가족정책과,,일자리,취업
youth,20260504005400113127,청년성장 프로젝트,미취업 청년 등의 구직단념 예방 및 ’쉬었음‘ 전환 방지,인력/일자리,청년정책관,전국,별도 문의 | 0013010 | 0049010,청년,만 15세 ~ 만 39세,15,39,"15세~39세 이하 청년
※ 35세∼39세 청년은 전체 사업량의 30% 이내 참여",소득조건코드=0043003 / 소득범위=0~0 / -,,"- 청년정책 정보 제공: 청년이 필요로 하는 정책 정보 제공
   - 맞춤형 프로그램 제공: 진로적성 검사, 일상 자신감 회복, 취업 역량 강화, 취업 정보 습득 등 기회 제공
   - 청년 인프라 제공: 휴식 공간, 각종 모임 활동 공간, 웹서핑, 문서 출력 등 필요시 자유롭게 이용할 수 있는 인프라 제공",        ,        ,"15세~39세 이하 청년
※ 35세∼39세 청년은 전체 사업량의 30% 이내 참여",별도 문의,별도 문의,https://youth-up.kr/growth,main,primary,청년성장프로젝트,청년정책관,,일자리,취업
youth,20260504005400113126,충남 청년 뮤직 페스타,청년 예술인 지원을 위한 충남의 젊은 문화 활성화 및 도민 문화예술향유 기회 확대,복지/문화,문화정책과,충청남도,해당 없음 | 0013010 | 0049010,청년,만 19세 ~ 만 39세,19,39,해당 없음,소득조건코드=0043001 / 소득범위=0~0,,"도내 문화예술 법인‧단체 1개소 선정, 뮤직페스타 순회공연",20260101,20261231,해당 없음,별도 문의,별도 문의,https://www.chungnam.go.kr/cnportal/province/province/view.do?nttId=2176260&menuNo=500487&pageIndex=1&sdate=2025-04-27&edate=2026-04-27,main,primary,충남청년뮤직페스타,문화정책과,20260101~20261231,금융･복지･문화,문화활동 및 생활지원
youth,20260504005400113125,충남 음악창작소운영,"- 충남 지역 청년 뮤지션의 창작·제작·유통·무대경험·산업진입까지 연계하는 통합 음악창작 생태계 구축
- 지역기반 신규 뮤지션 발굴 및 음반 제작·홍보·쇼케이스 지원을 통해 청년의 문화예술 진입장벽 완화 및 자립 기반 마련",복지/문화,문화정책과,충청남도,해당 없음 | 0013010 | 0049010,청년,만 19세 ~ 만 50세,19,50,해당 없음,소득조건코드=0043001 / 소득범위=0~0,,"- 지역뮤지션 발굴 및 후속제작지원(소속사 매칭, 해외 쇼케이스 등)
- 지역특화 음원콘텐츠 제작 및 지역 창작자 네트워킹
- 발굴 뮤지션 대외공연 활동 및 지역축제·지자체 협업 공연 지원 
- 충남음악창작소 시설 운영 및 대관 서비스",20260101,20261231,해당 없음,별도 문의,별도 문의,https://www.cnmusicfactory.com/,main,primary,충남음악창작소운영,문화정책과,20260101~20261231,금융･복지･문화,문화활동 및 생활지원
youth,20260504005400113124,충남콘텐츠기업지원센터 운영,"- 지역 콘텐츠 기업의 체계적 발굴·육성을 통한 기업역량 강화 및 성장 견인 
- 지역 콘텐츠 기업 맞춤형 성장 지원을 통한 기업 및 콘텐츠 경쟁력 제고
- 콘텐츠 분야 신규 일자리 창출 및 지역 청년 인재 고용 촉진",복지/문화,문화정책과,충청남도,해당 없음 | 0013010 | 0049010,청년,만 19세 ~ 만 39세,19,39,해당 없음,소득조건코드=0043001 / 소득범위=0~0,,"❶ 콘텐츠기업 육성 
    - (맞춤형 기업성장 지원) 지역 콘텐츠기업 맞춤형 콘텐츠 개발과 사업화 지원을 통해 기업의 신규 IP 확보와 기존 콘텐츠의 고도화 및 경쟁력을 강화 
    - (스케일업 엑셀러레이팅 지원) 액셀러레이팅 전문기관을 통해 맞춤형 기업성장 솔루션 제공으로 IR 역량 및 투자유치 등 기업역량을 강화
 ❷ 지역인재 매칭 지원
    - 지역 소재 청년, 콘텐츠 기업 간 일자리 매칭 지원 ￫ 지역인재 채용 활성화",20260101,20261201,해당 없음,별도 문의,별도 문의,https://ccon.kr/,main,primary,충남콘텐츠기업지원센터운영,문화정책과,20260101~20261201,금융･복지･문화,문화활동 및 생활지원
youth,20260504005400113123,워케이션 충남 프로그램 운영,일과 휴양을 연계한 체류형 관광객 유치 및 관광산업 육성,복지/문화,관광진흥과,충청남도,해당 없음 | 0013001 | 0049010,청년,만 19세 ~ 만 0세,19,,해당 없음,소득조건코드=0043001 / 소득범위=0~0,,숙박+업무공간+체험활동 연계 워케이션 프로그램 제공,20260401 ~ 20261231,        ,해당 없음,별도 문의,별도 문의,https://www.cacf.or.kr/site/,main,primary,워케이션충남프로그램운영,관광진흥과,20260401 ~ 20261231~,금융･복지･문화,문화활동 및 생활지원
youth,20260504005400113122,청년문화예술패스,"○ 청년 19~20세 대상으로 문화예술 관람료를 지원하여 이들의 직접적인 문화 소비 확대
○ 문화예술인 창작활동에 대해 간접적 지원, 문화예술시장 확대를 통한 내수 활성화 도모",복지/문화,문화정책과,전국,19~20세 청년(’26년 기준 ’06~’07년생) | 0013010 | 0049010,청년,만 19세 ~ 만 20세,19,20,"문화예술(공연, 전시, 영화)에 사용 가능",소득조건코드=0043001 / 소득범위=0~0,,"문화예술(공연, 전시, 영화)에 사용 가능한 문화예술패스(연간 20만원) 지원",20260101,20261231,"문화예술(공연, 전시, 영화)에 사용 가능",별도문의,별도문의,https://youthculturepass.or.kr/,main,primary,청년문화예술패스,문화정책과,20260101~20261231,금융･복지･문화,문화활동 및 생활지원
youth,20260504005400113121,지역문화 전문인력 양성,지역 문화예술 생태계 자생력 강화를 위한 문화예술교육 전문인력 양성,복지/문화,문화정책과,전국,해당 없음 | 0013010 | 0049010,청년,만 19세 ~ 만 0세,19,,해당 없음,소득조건코드=0043001 / 소득범위=0~0,,"문화예술교육가 양성을 위한 3단계 교육 프로그램 운영
※ 보통과정(e-러닝 이론 교육), 심화과정(특강 및 워크숍), 실습과정(시범사업 운영)",20260101,20261231,해당 없음,별도 문의,별도 문의,https://www.cacf.or.kr/site/index-hub.php,main,primary,지역문화전문인력양성,문화정책과,20260101~20261231,금융･복지･문화,문화활동 및 생활지원
youth,20260504005400113120,공공형 축산 스마트팜 인큐베이터 운영,사양관리 및 경영관리 등 스마트 축산 ICT 기술 습득 지원,인력/일자리,축산기술연구소,전국,해당 없음 | 0013008 | 0049010,청년,만 0세 ~ 만 50세,,50,18세 이상 50세 미만,소득조건코드=0043001 / 소득범위=0~0,,직무교육 및 인턴 근무 기회 제공,        ,        ,18세 이상 50세 미만,‘우선 선발기준’에 대한 증빙서류 등,시군 축산부서에 신청서 및 증빙서류 제출,https://www.chungnam.go.kr/liveStock.do,main,primary,공공형축산스마트팜인큐베이터운영,축산기술연구소,,일자리,창업
youth,20260504005400113119,청년농업인 역량강화 지원,"- 청년농업인 역량강화 지원
 - 청년농부되기 진로교육
 - 청년농업인 온라인 마케팅 기술시범
 - 청년농업인 품목별 연구동아리 육성지원",교육/멘토링,지도정책과,전국,0013008 | 0049009,"농업인,청년",만 18세 ~ 만 44세,18,44,"- 만 18세 이상~만 45세 미만 청년농업인(충청남도 거주)
- 시군 농업계고등학교",소득조건코드=0043003 / 소득범위=0~0 / -,,"- 청년농업인 역량강화 지원
 - 청년농부되기 진로교육
 - 청년농업인 온라인 마케팅 기술시범
 - 청년농업인 품목별 연구동아리 육성지원",20260101 ~ 20261231,20261231,"- 만 18세 이상~만 45세 미만 청년농업인(충청남도 거주)
- 시군 농업계고등학교",별도 문의,신청(신청자)→접수(시·군)→대상자 결정(시·군)→추진,https://youth.chungnam.go.kr/web/main/customSupp/M030-01/view?bizId=A20260309CT000000000003014,main,primary,청년농업인역량강화지원,지도정책과,20260101 ~ 20261231~20261231,교육･직업훈련,미래역량강화
youth,20260504005400113118,산업단지 청년문화센터 건립,산단 내 부족한 문화·복지·편의시설 확충을 위해 청년문화센터를 건립하여 청년 유입 기능강화 및 근로자 복지환경 개선,복지/문화,산업입지과,전국,제한없음 | 0013010 | 0049010,청년,만 0세 ~ 만 0세,,,제한없음,소득조건코드=0043001 / 소득범위=0~0,,산업단지 청년문화센터 건립을 위한 건축비 지원,        ,        ,제한없음,별도문의,별도문의,https://youth.chungnam.go.kr/web/main/customSupp/M060-09/view?bizId=A20260309CT000000000003054,main,primary,산업단지청년문화센터건립,산업입지과,,금융･복지･문화,문화활동 및 생활지원
youth,20260504005400113117,청년·사회초년생을 위한 필수 교육 운영,"19세 ~ 39세 경제교육이 필요한 청년 누구나 자산관리, 투자 기초지식, 올바른 투자법 등 대상과 여건에 맞는 주제로 맞춤형 경제교육 시행",교육/멘토링,청년정책관,전국,제한 없음 | 0013009 | 0049009,"누구나,청년",만 19세 ~ 만 39세,19,39,제한 없음,소득조건코드=0043003 / 소득범위=0~0 / -,,"19세 ~ 39세 경제교육이 필요한 청년 누구나 자산관리, 투자 기초지식, 올바른 투자법 등 대상과 여건에 맞는 주제로 맞춤형 경제교육 시행",20260101,20261231,제한 없음,별도 문의,반기별 수요조사(시군·교육기관 등) → 일정 조정 → 교육 제공,https://youth.chungnam.go.kr/web/main/customSupp/M030-02/view?bizId=A20260309CT000000000003051,main,primary,청년사회초년생을위한필수교육운영,청년정책관,20260101~20261231,교육･직업훈련,미래역량강화
youth,20260504005400113116,정신건강 심리상담 바우처 사업,도민의 마음건강 돌봄 및 자살 예방·정신질환 조기 발견,복지/문화,건강증진식품과,전국,해당 없음 | 0013010 | 0049010,청년,만 19세 ~ 만 39세,19,39,해당 없음,소득조건코드=0043001 / 소득범위=0~0,,"- 심리상담 서비스 바우처 총 8회기 제공(회당 최소 50분 이상)
- 심리검사* 실시 및 대상자 상황 및 수요** 등을 고려하여 적합한 심리상담 서비스를 1:1 대면으로 제공
 * ▴우울의 평가 : PHQ-9(Patient Health Questionnaire-9), ▴불안의 평가 : GAD-7(Generalized Anxiety Disorder-7),     
    ▴자살 위험성의 평가 : P4 suicidality screen scale 등
** ▴심리정서적 문제(우울, 불안 등)에 대한 개입 및 예방, ▴상황적 스트레스 대처능력 향상, ▴의사소통 기술 및 대인관계 향상 도모 등",20260101,20261231,해당 없음,별도 문의,별도 문의,https://www.bokjiro.go.kr/ssis-tbu/twataa/wlfareInfo/moveTWAT52011M.do?wlfareInfoId=WLF00005567,main,primary,정신건강심리상담바우처사업,건강증진식품과,20260101~20261231,금융･복지･문화,건강
youth,20260504005400113115,인재육성사업 추진,"충남도민 및 그 자녀
 - (연령 기준) 장학사업별 연령기준 다름
 - (소득 기준) 장학사업별 소득기준 다름
 ㅇ (사업 내용) 학자금대출이자지원사업 외 8종
 - 학자금대출이자지원, 충남형공공간호, 충남사랑, 재능키움, 아름드리, 거주비지원, 지역인재육성간호 예체능특기생, 해외유학장학사업",복지/문화,고등교육정책담당관,전국,"충남도민 및 그 자녀
   - (연령 기준) 장학사업별 연령기준 다름
   - (소득 기준) 장학사업별 소득기준 다름 | 0013009 | 0049009",청년,만 0세 ~ 만 0세,,,"충남도민 및 그 자녀
   - (연령 기준) 장학사업별 연령기준 다름
   - (소득 기준) 장학사업별 소득기준 다름","소득조건코드=0043003 / 소득범위=0~0 / 충남도민 및 그 자녀
   - (연령 기준) 장학사업별 연령기준 다름
   - (소득 기준) 장학사업별 소득기준 다름",,"충남도민 및 그 자녀
   - (연령 기준) 장학사업별 연령기준 다름
   - (소득 기준) 장학사업별 소득기준 다름
  
 ㅇ (사업 내용) 학자금대출이자지원사업 외 8종
   - 학자금대출이자지원, 충남형공공간호, 충남사랑, 재능키움, 아름드리, 거주비지원, 지역인재육성간호 예체능특기생, 해외유학장학사업",20260101 ~ 20261231,20261231,"충남도민 및 그 자녀
   - (연령 기준) 장학사업별 연령기준 다름
   - (소득 기준) 장학사업별 소득기준 다름",별도 문의(충남평생교육진흥원),별도 문의(충남평생교육진흥원),https://youth.chungnam.go.kr/web/main/customSupp/M030-04/view?bizId=A20260309CT000000000003045,main,primary,인재육성사업추진,고등교육정책담당관,20260101 ~ 20261231~20261231,금융･복지･문화,취약계층 및 금융지원
youth,20260504005400113114,지역사회서비스 청년사업단,청년 수요에 맞는 사회서비스(신체·정신건강 분야) 개발 ·제공 및 청년 일자리 창출,복지/문화,복지보훈정책과,전국,해당 없음 | 0013010 | 0049010,청년,만 19세 ~ 만 39세,19,39,해당 없음,소득조건코드=0043001 / 소득범위=0~0,,"지역 청년 대상 운동치료, 식생활·체질 개선, 우울·불안·스트레스 예방 프로그램 등 개발·제공을 위한 사업비 지원",20260301,20261231,해당 없음,별도 문의,별도 문의,https://youth.chungnam.go.kr/web/main/customSupp/M040-06/view?bizId=A20260309CT000000000003043,main,primary,지역사회서비스청년사업단,복지보훈정책과,20260301~20261231,금융･복지･문화,건강
youth,20260504005400113113,대학생 천원의 아침밥 사업 지원,"도내 대학 재학생 대상으로 충남 쌀 등 지역 농산물 활용한 아침식사를 1,000원에 제공하는 사업",복지/문화,고등교육정책담당관,전국,해당 없음 | 0013009 | 0049005,청년,만 0세 ~ 만 0세,,,해당 없음,소득조건코드=0043003 / 소득범위=0~0 / -,,공모 선정된 도내 대학에 대학생 아침식사 제공을 위한 충남 쌀 등 지역 농산물 구입 비용 지원(1천원/1식),20260101 ~ 20260228,20261231,해당 없음,해당 없음,해당 없음,https://www.youthcenter.go.kr/youthPolicy/ythPlcyTotalSearch/ythPlcyDetail/20260504005400113113,main,primary,대학생천원의아침밥사업지원,고등교육정책담당관,20260101 ~ 20260228~20261231,금융･복지･문화,취약계층 및 금융지원
youth,20260504005400113112,창업중심 대학 사업 지원,대학의 창업 인프라를 활용하여 우수한 창업아이템을 보유한 (예비)창업기업의 사업화 지원,인력/일자리,AI육성과,전국,해당 없음 | 0013006 | 0049010,청년,만 0세 ~ 만 0세,,,"시스템반도체, 스마트제조, 전기수소차, 인공지능",소득조건코드=0043001 / 소득범위=0~0,,직무교육 및 인턴 근무 기회 제공,20260303 ~ 20260324,,"시스템반도체, 스마트제조, 전기수소차, 인공지능",사업계획서 및 기타 증빙서류,k-startuup 홈페이지를 통한 온라인 신청,https://www.k-startup.go.kr,main,primary,창업중심대학사업지원,ai육성과,20260303 ~ 20260324~,일자리,창업
youth,20260504005400113111,광역이음(충청권 연계) 일자리사업,"충청권 전략산업(첨단바이오, 미래모빌리티) 종사 노동자에 대한 집중지원을 통해 청년 인재의 수도권 유출을 방지하고 지역 정착을 유도",인력/일자리,일자리기업지원과,전국,제한 없음 | 0013010 | 0049010,"누구나,청년",만 19세 ~ 만 39세,19,39,제한 없음,소득조건코드=0043001 / 소득범위=0~0,,충청권역 전략산업에 취업한 청년을 대상으로 권역 내 경력인증을 통해 지역 정착 및 장기근속을 유도하는 지원제도를 운영,20260201 ~ 20261231,        ,제한 없음,별도 문의,별도 문의,https://youth.chungnam.go.kr/web/main/customSupp/M030-01/view?bizId=A20260309CT000000000003041,main,primary,광역이음충청권연계일자리사업,일자리기업지원과,20260201 ~ 20261231~,일자리,취업
youth,20260504005400113110,충남도립대 등록금 장학금 지급,"2022학년도 이후 입학자 중, 국가장학금을 신청했으나 수혜를 받지 못한 재학생으로서 직전학기 성적이 70점(C0) 이상인 자 
※ 학자금 지원구간이 0~3구간인 학생은 D0(60점) 이상
 - (1단계) 2022학년도 신입생(1학년) 전학기 전액 장학금 지급
 - (2단계) 2023학년도 1~2학년 전액 장학금 지급
 - (3단계) 2024학년도 1~3학년 전액 장학금 지급
 - (4단계) 2025학년도 1~4학년 전액 장학금 지급",교육/멘토링,교무학생처,충청남도,"2022학년도 이후 입학자 중, 국가장학금을 신청했으나 수혜를 받지 못한 재학생으로서 직전학기 성적이 70점(C0) 이상인 자 
※ 학자금 지원구간이 0~3구간인 학생은 D0(60점) 이상 | 0013009 | 0049005,0049009",청년,만 0세 ~ 만 0세,,,"2022학년도 이후 입학자 중, 국가장학금을 신청했으나 수혜를 받지 못한 재학생으로서 직전학기 성적이 70점(C0) 이상인 자 
※ 학자금 지원구간이 0~3구간인 학생은 D0(60점) 이상",소득조건코드=0043003 / 소득범위=0~0 / -,,"2022학년도 이후 입학자 중, 국가장학금을 신청했으나 수혜를 받지 못한 재학생으로서 직전학기 성적이 70점(C0) 이상인 자 
※ 학자금 지원구간이 0~3구간인 학생은 D0(60점) 이상
 - (1단계) 2022학년도 신입생(1학년) 전학기 전액 장학금 지급
 - (2단계) 2023학년도 1~2학년 전액 장학금 지급
 - (3단계) 2024학년도 1~3학년 전액 장학금 지급
 - (4단계) 2025학년도 1~4학년 전액 장학금 지급",20260301 ~ 20270228,20270228,"2022학년도 이후 입학자 중, 국가장학금을 신청했으나 수혜를 받지 못한 재학생으로서 직전학기 성적이 70점(C0) 이상인 자 
※ 학자금 지원구간이 0~3구간인 학생은 D0(60점) 이상",별도 문의,국가장학금 신청→국가·등록금성 장학금 지급→  미수혜자조사→대상자 장학금 지원,https://www.cnsu.ac.kr/univ/bachelor/scholarship/type.do,main,primary,충남도립대등록금장학금지급,교무학생처,20260301 ~ 20270228~20270228,교육･직업훈련,온·오프라인교육
youth,20260504005400113109,대학생 연합설계 지원(건축역량 강화),"도내 건축학과 대학생들이 연합하여 건축설계를 할 수 있도록 대학교 경계를 허무는 프로그램을 운영하고, 충남건축디자인문화제 행사기간 동안 작품 전시 지원",교육/멘토링,건축디자인과,전국,도내 건축학과 대학생 | 0013009 | 0049005,청년,만 0세 ~ 만 0세,,,도내 건축학과 대학생,소득조건코드=0043003 / 소득범위=0~0 / -,,"ㅇ 도 내 대학교가 연합하여 건축학과 학생들의 건축 설계 추진
ㅇ 충남건축디자인문화제 행사기간 동안 학생 작품 전시 및 대내외 홍보",20260301 ~ 20261231,20261231,도내 건축학과 대학생,별도 문의,연합설계 추진(대학교) ⇨ 작품전시 지원(도),https://youth.chungnam.go.kr/web/main/customSupp/M030-02/view?bizId=A20260309CT000000000003044,main,primary,대학생연합설계지원건축역량강화,건축디자인과,20260301 ~ 20261231~20261231,교육･직업훈련,온·오프라인교육
youth,20260504005400113108,예비청년 현장중심 진로체험 프로그램 운영,"도내 학교에 재학 중인 예비청년 대상
- 지역사회 내 다양한 진로체험처 발굴, 관리 지원
- 예비청년 대상 진로직업체험 프로그램 운영 지원",교육/멘토링,고등교육정책담당관,전국,도내 학교에 재학 중인 예비청년 만13~18세 | 0013009 | 0049009,청년,만 13세 ~ 만 18세,13,18,도내 학교에 재학 중인 예비청년 만13~18세,소득조건코드=0043003 / 소득범위=0~0 / -,,"도내 학교에 재학 중인 예비청년 대상
- 지역사회 내 다양한 진로체험처 발굴, 관리 지원
- 예비청년 대상 진로직업체험 프로그램 운영 지원",20260101 ~ 20261231,20261231,도내 학교에 재학 중인 예비청년 만13~18세,별도 문의,교부(도) → 교육기관 보조(시군) → 사업추진(교육청),https://youth.chungnam.go.kr/web/main/customSupp/M030-02/view?bizId=A20260309CT000000000003039,main,primary,예비청년현장중심진로체험프로그램운영,고등교육정책담당관,20260101 ~ 20261231~20261231,교육･직업훈련,온·오프라인교육
youth,20260504005400113107,지역특화형 비자 사업(지역우수인재),"인구감소지역 내 지역 산업, 일자리 특화 외국인 인재 유치로 지역 생활인구 확대 및 장기 정착을 통한 선순환 구조 실현",인력/일자리,외국인정책과,전국,별도문의 | 0013010 | 0049010,청년,만 19세 ~ 만 39세,19,39,해당없음,소득조건코드=0043003 / 소득범위=0~0 / -,,"요건을 갖춘 국내체류 외국인에게 장기거주 비자를 발급 
※ (지자체) 비자전환 추천서 발급, (법무부) 비자 전환",,,해당없음,별도문의,별도문의,https://www.youthcenter.go.kr/youthPolicy/ythPlcyTotalSearch/ythPlcyDetail/20260504005400113107,main,primary,지역특화형비자사업지역우수인재,외국인정책과,,일자리,취업
youth,20260504005400113106,충남도립대학교 취업역량 강화 사업,"충남도립대학교 본교 재학생․졸업생 대상 컨설팅, 취업역량 강화 프로그램 제공",교육/멘토링,취업지원처,충청남도,충남도립대학교 재학생․졸업생 | 0013009 | 0049005,청년,만 0세 ~ 만 0세,,,충남도립대학교 재학생․졸업생,소득조건코드=0043003 / 소득범위=0~0 / -,,"충남도립대학교 본교 재학생․졸업생 대상 컨설팅, 취업역량 강화 프로그램 제공",20260301 ~ 20270228,20270228,충남도립대학교 재학생․졸업생,별도 문의,별도 문의,https://youth.chungnam.go.kr/web/main/customSupp/M030-02/view?bizId=A20260309CT000000000003036,main,primary,충남도립대학교취업역량강화사업,취업지원처,20260301 ~ 20270228~20270228,교육･직업훈련,온·오프라인교육
youth,20260504005400113105,주력산업 일자리 지원사업,자동차·반도체 등 도 주력산업 취업 장려를 통해 도 청년인재의 수도권 유출을 방지하고 지역 내 정착 및 장기근속 기반 마련,인력/일자리,일자리기업지원과,전국,제한 없음 | 0013001 | 0049010,"누구나,청년",만 0세 ~ 만 0세,,,제한 없음,소득조건코드=0043003 / 소득범위=0~0 / -,,"- 도내 대학 졸업 청년*에게 월세 월 30만원(연 300만원)을 지원
 * ’25 ~ ’26년 졸업자 중 반도체, 자동차 분야 취업 청년  
- 노동부 근속지원 장려금* 종료 후 도 자체 장려금**을 연계해 장기근속 유도 
 * (노동부 청년도약장려금) 5인 이상 제조기업, 24개월 근속 시 480만원 지원
 ** (충청남도 도약장려금) 반도체, 자동차 분야 기업 3년차 200만원, 4년차 300만원 지원
- 주력산업 기업을 대상으로 휴게·복지공간 조성 등 근로여건 개선 지원
- 석탄화력발전소 종사자를 대상으로 직무전환 교육 프로그램 운영",20260201 ~ 20260430,20261231,제한 없음,별도 문의,별도 문의,https://youth.chungnam.go.kr/web/main/customSupp/M030-02/view?bizId=A20260309CT000000000003037,main,primary,주력산업일자리지원사업,일자리기업지원과,20260201 ~ 20260430~20261231,일자리,취업
youth,20260504005400113104,자립준비청년 지원,자립준비청년(보호종료아동)의 안정적인 사회 정착을 위한 자립수당 및 자립정착금 등 초기비용 지원,복지/문화,인구정책과,전국,해당 없음 | 0013010 | 0049010,청년,만 0세 ~ 만 0세,,,해당 없음,소득조건코드=0043001 / 소득범위=0~0,,"- (자립정착금) 자립준비청년에게 주거 마련 등 자립에 소요되는 초기비용 1,000만원 지원
- (대학생활안정자금) 대학에 진학한 자립준비청년 및 보호연장아동에게 대학생활에 필요한 자금 200만원 지원
- (자립수당) 보호 종료 5년 이내 자립준비청년에게 자립에 필요한 비용 월 50만원 지원",20260101,20261231,해당 없음,별도 문의,별도 문의,https://youth.chungnam.go.kr/web/main/customSupp/M040-06/view?bizId=A20260309CT000000000003035,main,primary,자립준비청년지원,인구정책과,20260101~20261231,금융･복지･문화,취약계층 및 금융지원
youth,20260504005400113103,안서동 목조 커뮤니티시설 및 전망대 설치,국산 목재를 활용한 전망대 및 목재 특화 거리 조성을 통한 탄소중립 실현 및 지역 경제 활성화,복지/문화,산림자원과,전국,제한없음 | 0013010 | 0049010,청년,만 0세 ~ 만 0세,,,제한없음,소득조건코드=0043001 / 소득범위=0~0,,"- 국산목재 목조건축물
   - 목재특화거리조성",20260101 ~ 20261231,20291231,제한없음,별도문의,별도문의,https://youth.chungnam.go.kr/web/main/customSupp/M040-06/view?bizId=A20260309CT000000000003033,main,primary,안서동목조커뮤니티시설및전망대설치,산림자원과,20260101 ~ 20261231~20291231,금융･복지･문화,문화활동 및 생활지원
youth,20260504005400113102,공동훈련센터 운영 지원,"- 지역 산업·기업 수요를 반영한 청년 중심 맞춤형 직업훈련 과정 운영
- 취업 연계형·현장 중심 교육을 통한 청년 고용 가능성 제고",교육/멘토링,일자리기업지원과,전국,"도내 미취업 청년 및 구직자, 지역 중소기업 재직자 | 0013010 | 0049009","중소기업,청년",만 0세 ~ 만 0세,,,"도내 미취업 청년 및 구직자, 지역 중소기업 재직자",소득조건코드=0043003 / 소득범위=0~0 / -,,"AI·데이터(14개 과정), 기계조립·관리(15개 과정), 기계설비(12개 과정), 제조분야 등(30개 과정) 등 71개 과정 운영",20260101 ~ 20261231,20261231,"도내 미취업 청년 및 구직자, 지역 중소기업 재직자",별도 문의,별도 문의,https://youth.chungnam.go.kr/web/main/customSupp/M030-02/view?bizId=A20260309CT000000000003032,main,primary,공동훈련센터운영지원,일자리기업지원과,20260101 ~ 20261231~20261231,교육･직업훈련,온·오프라인교육
youth,20260504005400113101,청소년 한부모 복지급여 지원,저소득 청소년 한부모에게 양육비 등 지원을 통한 양육부담 경감 및 생활안정 도모,복지/문화,여성가족정책과,전국,해당 없음 | 0013010 | 0049010,청년,만 0세 ~ 만 24세,,24,해당 없음,소득조건코드=0043001 / 소득범위=0~0,,"- 자녀 1인당 아동양육비 월 37만원~40만원 지원, 자립촉진수당, 검정고시 등 학습지원(가구당 연 154만원 이내)",20260101,20261231,해당 없음,관할 주소지 읍면동 행정복지센터 문의,관할 주소지 읍면동 행정복지센터 문의,https://youth.chungnam.go.kr/web/main/customSupp/M040-06/view?bizId=A20260309CT000000000003030,main,primary,청소년한부모복지급여지원,여성가족정책과,20260101~20261231,금융･복지･문화,취약계층 및 금융지원
youth,20260504005400113100,청년 브릿지 온,취업에 어려움을 겪는 청년에 대한 일경험 등 고용지원서비스 제공,인력/일자리,청년정책관,전국,제한 없음청년 등 구직자 19~39세 | 0013010 | 0049010,"누구나,청년",만 19세 ~ 만 39세,19,39,제한 없음,소득조건코드=0043003 / 소득범위=0~0 / -,,방문형 취업서비스 제공 및 청년일자리정책 홍보,        ,        ,제한 없음,별도 문의,별도 문의,https://youth.chungnam.go.kr/web/main/customSupp/M030-02/view?bizId=A20260309CT000000000003027,main,primary,청년브릿지온,청년정책관,,일자리,취업
youth,20260504005400113099,반도체 특성화 대학,4년간(선정 연도 포함) 반도체 인재양성 및 R&D 자율 수행,교육/멘토링,산업육성과,전국,"도내 3개 대학(한기대, 호서대, 공주대) 반도체 관련 학과 재학생 | 0013009 | 0049005",청년,만 0세 ~ 만 0세,,,"도내 3개 대학(한기대, 호서대, 공주대) 반도체 관련 학과 재학생",소득조건코드=0043003 / 소득범위=0~0 / -,,"ㅇ (한기대) 공정‧장비 분야 인재 양성 110명 / 기업참여 교과목 개발 1건, 산학협력프로젝트 6건, 반도체 기업탐방 2회 추진 등
 ㅇ (호서대) 패키징 분야 인재 양성 290명 / 국내 산업체 견학 4회, 반도체산업 리더 초청 특강 5회, 산학협력프로젝트 2건 추진 등
 ㅇ (공주대) 계측‧분석 분야 인재 양성 190명 / 기업참여 교과목 개발 2건, 산학프로젝트 및 실무 전문가 멘토링 추진 등",20260101 ~ 20261231,20261231,"도내 3개 대학(한기대, 호서대, 공주대) 반도체 관련 학과 재학생",별도 문의,교육부 공모사업 선정 → 도비 보조금 교부 → 사업 추진,https://youth.chungnam.go.kr/web/main/customSupp/M030-02/view?bizId=A20260309CT000000000003029,main,primary,반도체특성화대학,산업육성과,20260101 ~ 20261231~20261231,교육･직업훈련,온·오프라인교육
youth,20260504005400113097,청년수산인단체 역량강화 지원,청년수산인 역량강화 교육 지원,교육/멘토링,어촌산업과,전국,"만 18세 이상~만 45세 미만 청년수산인(충청남도 거주) | 0013008,0013009 | 0049009",청년,만 18세 ~ 만 44세,18,44,만 18세 이상~만 45세 미만 청년수산인(충청남도 거주),소득조건코드=0043003 / 소득범위=0~0 / -,,ㅇ청년수산인연합회 회원 대상 수산분야 역량강화 워크숍 및 교육 실시,20260101 ~ 20261231,20261231,만 18세 이상~만 45세 미만 청년수산인(충청남도 거주),별도 문의,별도 문의,https://youth.chungnam.go.kr/web/main/customSupp/M030-02/view?bizId=A20260309CT000000000003025,main,primary,청년수산인단체역량강화지원,어촌산업과,20260101 ~ 20261231~20261231,교육･직업훈련,온·오프라인교육
youth,20260504005400113096,충청남도 친화형 PILOT 프로그램 (프로젝트 인턴십),청년의 실무 능력을 강화하고 기업의 채용 가능성 제고,인력/일자리,청년정책관,전국,도내 대학(원)생 등 청년 19~39세 | 0013003 | 0049009,청년,만 19세 ~ 만 39세,19,39,제한없음,소득조건코드=0043003 / 소득범위=0~0 / -,,"기업이 제시한 프로젝트를 청년들이 직접 수행하고 결과물에 대한 기업의 평가를 통한 청년 경력 개발
(4~6개월, 20개 프로젝트)",20260301 ~ 20260331,        ,제한없음,별도 문의,별도 문의,https://youth.chungnam.go.kr/web/main/customSupp/M030-02/view?bizId=A20260309CT000000000003023,main,primary,충청남도친화형pilot프로그램프로젝트인턴십,청년정책관,20260301 ~ 20260331~,일자리,취업
youth,20260504005400113095,첨단산업 인재양성 부트캠프,반도체·디스플레이 산업수요 맞춤형 전문인력 양성,교육/멘토링,고등교육정책담당관,전국,"반도체·디스플레이 관련 공과계열 대학생 2~4학년
- 선문대(반도체) : 전자공학, 반도체소재공학, 스마트정보통신공학
- 순천향대(디스플레이) : 디스플레이신소재공학, 전자정보공학, 나노화학공학, 기계공학 | 0013009 | 0049005",청년,만 0세 ~ 만 0세,,,"반도체·디스플레이 관련 공과계열 대학생 2~4학년
- 선문대(반도체) : 전자공학, 반도체소재공학, 스마트정보통신공학
- 순천향대(디스플레이) : 디스플레이신소재공학, 전자정보공학, 나노화학공학, 기계공학",소득조건코드=0043003 / 소득범위=0~0 / -,,"ㅇ 반도체 패키징 소재‧공정 중심으로 특화된 교육과정 및 인프라 확보
ㅇ 디스플레이 소재․부품, 공정․장비 분야 핵심 인재 양성을 위한 전공심화 교육 및 실습 프로그램 운영
ㅇ 산업체 연계 현장실습, 산학프로젝트실습, 기업특강 등을 통한 실무역량 강화
ㅇ 채용박람회 및 전시회 참관 지원, 취업 캠프 운영",20260101 ~ 20261231,20261231,"반도체·디스플레이 관련 공과계열 대학생 2~4학년
- 선문대(반도체) : 전자공학, 반도체소재공학, 스마트정보통신공학
- 순천향대(디스플레이) : 디스플레이신소재공학, 전자정보공학, 나노화학공학, 기계공학",별도 문의,별도 문의,https://youth.chungnam.go.kr/web/main/customSupp/M030-02/view?bizId=A20260309CT000000000003021,main,primary,첨단산업인재양성부트캠프,고등교육정책담당관,20260101 ~ 20261231~20261231,교육･직업훈련,미래역량강화
youth,20260504005400113094,자립지원 사업비,자립준비청년(보호종료아동)의 안정적인 사회 정착 도모,복지/문화,인구정책과,전국,보호 종료 5년 이내 자립준비청년 | 0013010 | 0049010,청년,만 0세 ~ 만 0세,,,보호 종료 5년 이내 자립준비청년,소득조건코드=0043003 / 소득범위=0~0 / -,,"보호 종료 5년 이내 자립준비청년 자립수준평가 등 기본 사후관리 및 맞춤형 자립지원통합서비스 제공
 * 자립지원통합서비스 : 기본 사후관리 인원 중 자립기술평가 및 초기상담을 통해 지원이 필요한 청년을 선정, 
   생활·주거·교육·취업 등 월 40만원 한도 내 지원
  - 자립준비청년 간 자조모임(바람개비 서포터즈) 운영 지원",20260101,20261201,보호 종료 5년 이내 자립준비청년,별도 안내,별도 안내,https://youth.chungnam.go.kr/web/main/customSupp/M040-06/view?bizId=A20260309CT000000000003018,main,primary,자립지원사업비,인구정책과,20260101~20261201,금융･복지･문화,취약계층 및 금융지원
youth,20260504005400113093,창업어가 멘토링,"창업어가와 후견인을 1:1 매칭하여, 후견인의 교육 및 지도에 필요한 비용 지원",교육/멘토링,수산자원연구소,전국,"0013008,0013009 | 0049009",청년,만 0세 ~ 만 0세,,,"1. 창업어가 : 어업인 후계자로 선정된 지 3년 이내인 자, 귀어한 지 3년 이내인 자, 당해연도 귀어 창업자금 지원(예정)자
2. 후 견 인 : 우수경영인, 수산 신지식인, 수산 퇴직공무원, 대학교수 등 수산 분야 전문가로 어업 분야에 10년 이상 종사한 자",소득조건코드=0043003 / 소득범위=0~0 / -,,"창업어가와 후견인을 1:1 매칭하여, 후견인의 교육 및 지도에 필요한 비용 지원
ㅇ 창업어가 및 후견인 사업자 선정(창업어가 3명, 후견인 3명)
ㅇ 창업어가에 수산업 전반에 대한 기술·경영 지도(월 6회 이상)",20260101 ~ 20261231,20261231,"1. 창업어가 : 어업인 후계자로 선정된 지 3년 이내인 자, 귀어한 지 3년 이내인 자, 당해연도 귀어 창업자금 지원(예정)자
2. 후 견 인 : 우수경영인, 수산 신지식인, 수산 퇴직공무원, 대학교수 등 수산 분야 전문가로 어업 분야에 10년 이상 종사한 자",별도 문의,별도 문의,https://youth.chungnam.go.kr/web/main/customSupp/M050-08/view?bizId=A20260309CT000000000003017,main,primary,창업어가멘토링,수산자원연구소,20260101 ~ 20261231~20261231,교육･직업훈련,온·오프라인교육
youth,20260504005400113092,스마트팜 청년 창업 교육,"- 스마트팜 청년 창업 입문교육
- 스마트팜 청년 창업 재배실습 교육
- 스마트팜 선도 농가 현장실습 교육",교육/멘토링,스마트교육센터,전국,0013008 | 0049009,청년,만 18세 ~ 만 44세,18,44,청년농업인 18세 이상~45세 미만,소득조건코드=0043003 / 소득범위=0~0 / -,,"- 스마트팜 청년 창업 입문교육
- 스마트팜 청년 창업 재배실습 교육
- 스마트팜 선도 농가 현장실습 교육",20260101 ~ 20261231,20261231,청년농업인 18세 이상~45세 미만,별도 문의,신청(신청자)→접수(시·군)→대상자 결정(도원)→추진,https://youth.chungnam.go.kr/web/main/customSupp/M030-02/view?bizId=A20260309CT000000000003016,main,primary,스마트팜청년창업교육,스마트교육센터,20260101 ~ 20261231~20261231,교육･직업훈련,온·오프라인교육
youth,20260504005400113091,충남 천안아산 강소연구개발특구 육성,"입주기관의 활발한 신기술 창출 및 사업화를 촉진할 수 있는 환경 조성으로, 특화분야(미래모빌리티 전장기술) 업종기업 중심 양질의 일자리 창출",인력/일자리,미래산업과,충청남도,해당 없음 | 0013010 | 0049010,청년,만 0세 ~ 만 0세,,,미래차 전장부품 중심 스타트업-스케일업 기업,소득조건코드=0043001 / 소득범위=0~0,,"연구소기업·창업기업 설립, 기술이전 및 사업화, 투자연계 등 지원",        ,        ,미래차 전장부품 중심 스타트업-스케일업 기업,별도 문의,별도 문의,https://youth.chungnam.go.kr/web/main/customSupp/M030-01/view?bizId=A20260309CT000000000003022,main,primary,충남천안아산강소연구개발특구육성,미래산업과,,일자리,취업
youth,20260504005400113090,청년내일저축계좌 지원,- 저소득 청년이 사회에 안착할 수 있도록 자산형성 지원 및 자립 촉진,복지/문화,복지보훈정책과,전국,해당 없음 | 0013010 | 0049010,청년,만 19세 ~ 만 39세,19,39,해당 없음,"소득조건코드=0043003 / 소득범위=0~0 / (소득기준)현재 근로활동 중이며, 월 근로·사업소득이 10만원 이상인 청년
(가구소득) 소득인정액 기준 중위소득 50% 이하",,"연령·소득기준·가구소득을 모두 충족한 청년이 3년간 근로, 매월 10만원 이상 저축하면 매월 30만원 지원
(연령) 신청 당시 만 15세 이상 ~ 만 39세 이하
(소득기준)현재 근로활동 중이며 월 근로·사업소득이 10만원 이상인 청년
(가구소득) 소득인정액 기준 중위소득 50% 이하",20260504 ~ 20260520,20261231,해당 없음,별도 문의,별도 문의,https://youth.chungnam.go.kr/web/main/customSupp/M040-06/view?bizId=A20260309CT000000000003015,main,primary,청년내일저축계좌지원,복지보훈정책과,20260504 ~ 20260520~20261231,금융･복지･문화,취약계층 및 금융지원
youth,20260504005400213089,태안학사 운영,우리군 출신 수도권지역 대학생들의 주거비 부담 완화 및 안정된 학업 환경 제공,주거,교육체육과,전국,취업자 | 0013010 | 0049005,청년,만 19세 ~ 만 39세,19,39,해당 없음,소득조건코드=0043001 / 소득범위=0~0,,거주환경 제공,20260106 ~ 20260116,20261231,해당 없음,"입사신청서, 성적증명서, 재학증명서 등",우편 또는 방문접수,https://youth.chungnam.go.kr/web/main/customSupp/M040-05/view?bizId=A20260401LC000000000003123,main,primary,태안학사운영,교육체육과,20260106 ~ 20260116~20261231,주거,주택 및 거주지
youth,20260504005400213088,청년 사람유두종 바이러스 예방접종 지원,청년 대상 사람유두종 바이러스 예방접종 지원,복지/문화,보건행정과,전국,해당없음 | 0013010 | 0049010,"누구나,청년",만 18세 ~ 만 20세,18,20,해당없음,소득조건코드=0043001 / 소득범위=0~0,,"1년 이상 계룡시 주민등록을 둔 18~20세 백신 미완료 청년 예방접종 지원
(본인 부담금 5만원, 기초생활수급자·차상위계층 무료)",20260201,20261231,해당없음,"신분증, 기초생활수급자ㆍ차상위계층 증명서(해당자만)",계룡시보건소 1층 예방접종실에 신분증 지참 후 접종,https://youth.chungnam.go.kr/web/main/customSupp/M040-06/view?bizId=A20260401LC000000000003121,main,primary,청년사람유두종바이러스예방접종지원,보건행정과,20260201~20261231,금융･복지･문화,건강
youth,20260504005400113084,창업보육센터 및 기업지원,"창업보육센터 내 입주기업 운영지원, 창업경진대회를 통한 사업화 자금 지원 등",인력/일자리,AI육성과,전국,"해당 없음 | 0013006,0013009 | 0049009","예비창업자,청년",만 0세 ~ 만 0세,,,예비창업자 및 5년미만 창업기업,소득조건코드=0043001 / 소득범위=0~0,,도내 15개 대학 창업보육센터 운영 등,20260401 ~ 20260415,        ,예비창업자 및 5년미만 창업기업,각 대학별 보육센터 개별 진행,각 대학별 보육센터 개별 진행,https://youth.chungnam.go.kr/web/main/customSupp/M030-03/view?bizId=A20260309CT000000000003013,main,primary,창업보육센터및기업지원,ai육성과,20260401 ~ 20260415~,일자리,창업
youth,20260504005400113083,그린스타트업타운 운영,신성장·친환경·ICT 분야 스타트업 발굴/육성사업,인력/일자리,AI육성과,전국,"참여제한 사유에 해당하는 경우(지원사업별 공고문 확인) | 0013006,0013009 | 0049010","스타트업,청년",만 0세 ~ 만 0세,,,그린스타트업타운 입주 후 지원사업 신청 가능,소득조건코드=0043001 / 소득범위=0~0,,"스타트업 대상 입주공간, 경영컨설팅, 기술사업화, 글로벌 진출지원, 청년인재 정주여건, 스타트업 직무교육지원 등",,,"그린스타트업타운 입주 후 지원사업 신청 가능

사업별 지원내용/모집시기 등이 상이하므로 해당 공고문 기준으로 신청해야함",사업별 공고문 확인,사업별 모집공고 확인 → 신청/접수 → 선정평가 → 최종선정 대상자별 협약체결 후 지원,https://www.ccon.kr/,main,primary,그린스타트업타운운영,ai육성과,,일자리,창업
youth,20260504005400113082,청년농업인 창농 신성장 활동,"- 농고·농대 재학·졸업생 창농 교육
- 충남 우수 청년농업인 선발 운영",교육/멘토링,지도정책과,전국,0013008 | 0049009,"농업인,청년",만 18세 ~ 만 44세,18,44,"- 만 18세 이상~만 45세 미만 청년농업인(충청남도 거주)
 - 시군 농업계고등학교",소득조건코드=0043003 / 소득범위=0~0 / -,,"ㅇ 청년농업인 역량강화 교육
ㅇ 청년농부되기 진로교육
ㅇ 청년농업인 품목별 연구동아리
ㅇ 청년농업인 온라인 마케팅 기술지원",20260101 ~ 20261231,20261231,"- 만 18세 이상~만 45세 미만 청년농업인(충청남도 거주)
 - 시군 농업계고등학교",별도 문의,신청(신청자)→접수(시·군)→대상자 결정(시·군)→추진,https://youth.chungnam.go.kr/web/main/customSupp/M030-02/view?bizId=A20260309CT000000000003011,main,primary,청년농업인창농신성장활동,지도정책과,20260101 ~ 20261231~20261231,교육･직업훈련,미래역량강화
youth,20260504005400113081,전세보증금반환보증 보증료 지원,"전세사기, 역전세 현상 등 임대차 계약 종료 이후에도 보증금을 반환받지 못하는 저소득층의 피해가 증가함에 따라, 전세보증금반환보증 가입 유도 및 전세사기 피해 예방",주거,주택도시과,전국,보증효력이 유효한 전세보증금반환보증에 가입한 임차보증금 3억원 이하의 무주택 임차인 | 0013010 | 0049010,청년,만 0세 ~ 만 0세,,,"연소득 (청년) 5천만원, (청년 외) 6천만원, (신혼부부) 7.5천만원 이하","소득조건코드=0043003 / 소득범위=0~0 / 연소득 (청년)5천만원, (청년 외)6천만원, (신혼부부)7.5천만원 이하",,전세보증금반환보증 보증료 전부 또는 일부 지원(최대 40만원),20260101,20261231,"연소득 (청년) 5천만원, (청년 외) 6천만원, (신혼부부) 7.5천만원 이하","신청서, 서약서, 통장사본, 전세보증금반환보증 보증서, 보증료 납부 증빙서류, 임대차계약서, 등기사항전부증명서, 주민등록등본, 혼인관계증명서, 소득금액증명 등",(신청인)읍면동 행정복지센터 내방 신청 또는 온라인 신청(안심전세포털) → (시군) 지원여부 조사 및 지원결정,https://youth.chungnam.go.kr/web/main/customSupp/M040-05/view?bizId=A20260309CT000000000003007,main,primary,전세보증금반환보증보증료지원,주택도시과,20260101~20261231,주거,주택 및 거주지
youth,20260504005400113078,지역기반형 콘텐츠코리아랩 운영,"충남도 내 콘텐츠 창작문화 확산 및 지역 신규 창·제작자 발굴 및 육성을 통한 지역 콘텐츠 전문인력 양성, 콘텐츠 기업 육성",복지/문화,문화정책과,전국,해당 없음 | 0013010 | 0049010,청년,만 0세 ~ 만 0세,,,해당 없음,소득조건코드=0043001 / 소득범위=0~0,,"- 취업·창업·사업화 연계를 위한 창작인력 양성 교육 프로그램 운영
- 맞춤형 사업화지원, 유통·투자 연계로 콘텐츠 스타트업기업성장지원
- 콘텐츠 스타트업 자율형 마케팅 전략 자금지원 홍보효과·매출 극대화",20260101,20261231,해당 없음,별도 문의,별도 문의,https://youth.chungnam.go.kr/web/main/customSupp/M060-09/view?bizId=A20260309CT000000000003061,main,primary,지역기반형콘텐츠코리아랩운영,문화정책과,20260101~20261231,금융･복지･문화,문화활동 및 생활지원
youth,20260504005400113077,청년 등 생애주기별 마음건강사업,정신건강 고위험군 청년을 조기발견·개입하여 청년 정신건강 개선 및 청년 정신질환의 적절한 치료·관리를 통해 회복지원,복지/문화,건강증진식품과,전국,해당 없음 | 0013010 | 0049010,청년,만 19세 ~ 만 39세,19,39,해당 없음,소득조건코드=0043001 / 소득범위=0~0,,"- 청년정신건강 인식 개선 홍보 및 교육
- 지역자원(대학교, 청년센터, 고용센터 등) 연계를 통해 고위험군 발굴 및 심리 지원
- 고위험군 온·오프라인 상담(모바일앱, SNS 등 활용한 비대면상담소 운영)
- 정신건강통합서비스 (사례관리, 집단프로그램 등) 운영",20260101,20261231,해당 없음,별도 문의,별도 문의,https://youth.chungnam.go.kr/web/main/customSupp/M040-06/view?bizId=A20250416CT000000000002241,main,primary,청년등생애주기별마음건강사업,건강증진식품과,20260101~20261231,금융･복지･문화,건강
youth,20260504005400113076,청년 자살예방 조기검진 및 심리지원,도내 청년 대상 자살예방 조기검진 통한 심리지원 및 자원 연계,복지/문화,건강증진식품과,전국,해당 없음 | 0013010 | 0049010,청년,만 19세 ~ 만 39세,19,39,해당 없음,소득조건코드=0043001 / 소득범위=0~0,,"- 충남정신건강관리망을 통한 우울 및 자살 정신건강검진시행
   ⇨ 고위험군 발굴시 즉각 개입(상담, 치료연계) 및 자원연계(치료비 지원 등)

- 청년 대상 정신건강프로그램(나에게로 떠나는 여행) 연계",20260101,20261231,해당 없음,별도 문의,별도 문의,https://youth.chungnam.go.kr/web/main/customSupp/M040-06/view?bizId=A20260309CT000000000003050,main,primary,청년자살예방조기검진및심리지원,건강증진식품과,20260101~20261231,금융･복지･문화,건강
youth,20260504005400113075,청년 정신건강 관리 협력·홍보체계 구축·운영,정신질환에 대한 인식 개선 홍보사업을 통해 서비스 접근성 제고 및 지역사회 정신건강 관계기관 협력체계 구축,복지/문화,건강증진식품과,전국,해당 없음 | 0013010 | 0049010,청년,만 19세 ~ 만 39세,19,39,해당 없음,소득조건코드=0043001 / 소득범위=0~0,,"- 비대면 선별도구를 활용한 고위험군 발굴 및 정신건강 서비스 지역사회 자원 연계 및 모니터링
- 청년 정신건강서포터즈 [마음;잇길] 운영 및 지원
- 통합 조기중재 홈페이지 [안녕;마음] 운영 및 관리
- 청년 정신건강의 중요성 및 인식개선 홍보를 위한 홍보컨텐츠 제작 및 보급 등",20260101,20261231,해당 없음,별도 문의,별도 문의,https://youth.chungnam.go.kr/web/main/customSupp/M040-06/view?bizId=A20260310CT000000000003066,main,primary,청년정신건강관리협력홍보체계구축운영,건강증진식품과,20260101~20261231,금융･복지･문화,건강
youth,20260504005400113074,컨설턴트 파견 및 취업지원프로그램 운영,"충남도립대학교 본교 재학생(프로그램에 따라 졸업생 포함) 대상 컨설팅, 취업역량 강화 프로그램 제공",교육/멘토링,취업지원처,전국,"충남도립대학교 재학생(프로그램에 따라 졸업생 포함) | 0013003 | 0049005,0049006,0049007",청년,만 0세 ~ 만 0세,,,해당없음,소득조건코드=0043001 / 소득범위=0~0,,"충남도립대학교 본교 재학생(프로그램에 따라 졸업생 포함) 대상 컨설팅, 취업역량 강화 프로그램 제공",20260301 ~ 20270228,20270228,해당없음,별도 문의,별도 문의,https://youth.chungnam.go.kr/web/main/customSupp/M030-02/view?bizId=A20260324CT000000000003067,main,primary,컨설턴트파견및취업지원프로그램운영,취업지원처,20260301 ~ 20270228~20270228,교육･직업훈련,온·오프라인교육
youth,20260504005400213073,서산시 전입 대학생 생활안정 지원,"관내 소재 대학교(한서대학교) 재(휴)학생 중, 전입신고를 한 대학생을 대상으로 생활안정 지원금 10만원 지급",복지/문화,자치행정국,충청남도,만 19세 이상 대학생 | 0013009 | 0049005,청년,만 0세 ~ 만 0세,,,만 19세 이상 대학생,소득조건코드=0043001 / 소득범위=0~0,,생활안정지원금,20260101 ~ 20261231,20261231,만 19세 이상 대학생,"주민등록초본, 재(휴학) 증명서 등","신청 접수(공문 등) 후, 지원",https://youth.chungnam.go.kr/web/main/customSupp/M040-06/view?bizId=A20260401LC000000000003120,main,primary,서산시전입대학생생활안정지원,자치행정국,20260101 ~ 20261231~20261231,금융･복지･문화,취약계층 및 금융지원
youth,20260504005400213072,청년농업인 인큐베이팅 기술지원,미래농업의 주역인 청년농업인들의 소득기반 구축,인력/일자리,기술지원과,전국,해당 없음 | 0013008 | 0049010,"농업인,청년",만 18세 ~ 만 45세,18,45,해당 없음,소득조건코드=0043001 / 소득범위=0~0,,"컨설팅을 통한 경영전략 계획수립 → 농장개선 및 생산성 품질향상 장비도입, 창업아이템 도출 및 지원",20260112 ~ 20260130,20261231,해당 없음,"사업신청서, 경영체등록증",농업기술센터 신청서류 제출,https://youth.chungnam.go.kr/web/main/customSupp/M050-07/view?bizId=A20260401LC000000000003126,main,primary,청년농업인인큐베이팅기술지원,기술지원과,20260112 ~ 20260130~20261231,일자리,취업
youth,20260504005400213070,서산시 창업보육센터 지원,창업기업 육성 및 지원을 위한 창업보육센터 활성화 촉진,교육/멘토링,투자유치과,충청남도,창업을 희망하는 예비창업자 또는 창업 3년 미만인 기업 | 0013002 | 0049010,"예비창업자,청년",만 0세 ~ 만 0세,,,창업을 희망하는 예비창업자 또는 창업 3년 미만인 기업,소득조건코드=0043001 / 소득범위=0~0,,"마케팅 및 홍보지원, 시제품 제작 지원, 창업 교육 등",20260501 ~ 20260930,20260930,"창업을 희망하는 예비창업자 또는 창업 3년 미만인 기업

한서대학교 창업보육센터
정수영 팀장 (TEL: 041-671-6053 / FAX: 041-671-6055)",별도 안내,방문접수/ 우편접수/ 팩스/ 이메일,http://www.habi.or.kr/main/index.action,main,primary,서산시창업보육센터지원,투자유치과,20260501 ~ 20260930~20260930,교육･직업훈련,온·오프라인교육
youth,20260504005400213069,태안 청년네트워크 운영,청년 문제 해결을 위한 의제와 정책을 발굴하고 실현하기 위해 청년 참여를 기반으로 한 청년 네트워크 운영,복지/문화,기획예산담당관,전국,해당 없음 | 0013010 | 0049010,청년,만 18세 ~ 만 45세,18,45,해당 없음,소득조건코드=0043001 / 소득범위=0~0,,청년네트워크 참석 실비 및 급·간식 제공,20251201 ~ 20271231,20271231,해당 없음,지원신청서 및 증빙서류,태안군 홈페이지 공고(공개모집),https://youth.chungnam.go.kr/web/main/customSupp/M060-10/view?bizId=A20260401LC000000000003142,main,primary,태안청년네트워크운영,기획예산담당관,20251201 ~ 20271231~20271231,금융･복지･문화,문화활동 및 생활지원
youth,20260504005400213068,태안 군 복무 태안 청년 상해 보험 가입,군 복무 태안 청년 단체 상해보험 가입,복지/문화,안전관리과,전국,해당 없음 | 0013010 | 0049010,청년,만 19세 ~ 만 39세,19,39,해당 없음,소득조건코드=0043001 / 소득범위=0~0,,군 복무 중 상해 및 질병 보험 가입,20260220 ~ 20270219,20270219,해당 없음,담당자 문의,담당자 문의,https://youth.chungnam.go.kr/web/main/customSupp/M040-06/view?bizId=A20260401LC000000000003140,main,primary,태안군복무태안청년상해보험가입,안전관리과,20260220 ~ 20270219~20270219,금융･복지･문화,취약계층 및 금융지원
youth,20260504005400213067,서산시 성연청소년문화의집 운영,청소년의 건강하고 행복한 성장을 돕기 위한 청소년전용시설 운영,복지/문화,가족지원과,충청남도,해당없음 | 0013010 | 0049010,"누구나,청년",만 9세 ~ 만 24세,9,24,해당없음,소득조건코드=0043001 / 소득범위=0~0,,"청소년전용카페(이리모young) 운영 및 
학교연계·진로역량 개발·문화·청소년동아리 활동,",20260101,29991231,해당없음,해당없음,"프로그램 별 상이, 홈페이지 참고",https://www.s3youth.or.kr/,main,primary,서산시성연청소년문화의집운영,가족지원과,20260101~29991231,금융･복지･문화,문화활동 및 생활지원
youth,20260504005400213066,태안 사회복무요원 보상 및 배상책임 보험,공무상 의료비·재해보상금 보험/ 대인대물배상책임 보험,복지/문화,안전관리과,전국,해당 없음 | 0013010 | 0049010,청년,만 19세 ~ 만 39세,19,39,해당 없음,소득조건코드=0043001 / 소득범위=0~0,,공무상 의료비·재해보상금 보험 가입 / 대인대물배상책임 보험 가입,20260117 ~ 20270117,20270117,해당 없음,해당 없음,태안군 소속 사회복무요원 자동 가입,https://youth.chungnam.go.kr/web/main/customSupp/M030-04/view?bizId=A20260401LC000000000003139,main,primary,태안사회복무요원보상및배상책임보험,안전관리과,20260117 ~ 20270117~20270117,금융･복지･문화,취약계층 및 금융지원
youth,20260504005400213065,천안형 채용연계프로그램,"관내 미취업 청년이 취업역량 강화 교육과 기업설명회, 면접 연계 등을 통해 관내 기업과의 채용 기회를 확대하는 프로그램으로, 기업 정보 제공과 취업 지원을 통해 청년의 노동시장 진입을 돕고 지역 인재의 안정적인 정착과 청년 일자리 창출에 기여하고자 추진하는 사업",인력/일자리,청년정책과,충청남도,해당없음 | 0013010 | 0049010,"누구나,청년",만 18세 ~ 만 39세,18,39,해당없음,소득조건코드=0043001 / 소득범위=0~0,,"취업기술 향상 교육(약 50시간), 관내 우수기업 정보 제공 및 기업설명회, 정규직 채용연계 면접 동행 지원, 천안 청년 취업응원금(천안사랑카드 50만원) 지원",20260201,20261231,해당없음,해당없음,홈페이지 신청,https://www.ch2030youth.kr/bbs/board.php?bo_table=notice&wr_id=582,main,primary,천안형채용연계프로그램,청년정책과,20260201~20261231,일자리,취업
youth,20260504005400213064,태안 청년 신혼부부 주택자금 대출이자 지원,"주택자금(매매, 전세) 대출을 받고 납입한 이자 지원 사업",주거,신속허가과,전국,해당 없음 | 0013010 | 0049010,청년,만 18세 ~ 만 45세,18,45,해당 없음,소득조건코드=0043003 / 소득범위=0~0 / 기준중위소득 180%이하,,"가구당 연간 100만원 이내 대출이자 지원
(자년 1명당 10만원 가산 지원, 총 3명까지)",20260101,20261231,해당 없음,"주민등록등본, 초본, 건강보험 자격확인서, 건강보험 납부확인서, 
매매계약서 또는 임대차(전세) 계약서, 지방세 세목별 과세증명서, 대출 및 이자납부 내역 확인서, 통장사본",신속허가과 방문신청,https://youth.chungnam.go.kr/web/main/customSupp/M040-05/view?bizId=A20260401LC000000000003135,main,primary,태안청년신혼부부주택자금대출이자지원,신속허가과,20260101~20261231,주거,전월세 및 주거급여 지원
youth,20260504005400213063,서산시 자립준비청년 운전면허 취득지원 사업,"가정위탁보호, 시설보호 종료 또는 연장된 청소년에게 운전면허 취득지원으로 실질적이고 안정적인 사회정착 및 성공적 자립에 기여코자 함.",교육/멘토링,가족지원과,충청남도,등록된 보호대상 청소년 | 0013009 | 0049009,청년,만 19세 ~ 만 29세,19,29,등록된 보호대상 청소년,소득조건코드=0043003 / 소득범위=0~0 / -,,운전면허 취득에 따른 일체 비용지원,20260201 ~ 20260227,20261130,등록된 보호대상 청소년,"신청서, 신분증, 개인정보제공동의서, 납부영수증, 통장사본",시청 가족지원과에 신청,https://youth.chungnam.go.kr/web/main/customSupp/M060-09/view?bizId=A20260401LC000000000003150,main,primary,서산시자립준비청년운전면허취득지원사업,가족지원과,20260201 ~ 20260227~20261130,교육･직업훈련,미래역량강화
youth,20260504005400213062,계룡행정인턴 운영,대학생이 방학기간을 이용하여 시정에 참여함으로써 지역사회에 대한 이해와 자긍심을 갖는 기회 제공,인력/일자리,자치행정과,전국,"계룡시청에서 대학생 행정인턴 근무경험이 있는 자
공고일 기준 대학교 입학 예정자, 대학원생
방송통신대학교, 사이버대학, 평생교육기관에 재학 중인 자 | 0013010 | 0049005,0049006",청년,만 19세 ~ 만 39세,19,39,해당없음　,소득조건코드=0043001 / 소득범위=0~0,,"1개월 간 행정사무 보조, 현장 업무 지원에 따른 급여 지급",20251201 ~ 20260630,20260731,해당없음,"신청서, 개인정보제공 동의서, 주민등록등본 또는 초본 등",시 홈페이지 신청,https://youth.chungnam.go.kr/web/main/customSupp/M060-10/view?bizId=A20260401LC000000000003152,main,primary,계룡행정인턴운영,자치행정과,20251201 ~ 20260630~20260731,일자리,취업
youth,20260504005400213061,공공근로 일자리(청년 우선 선발),공공일자리를 제공하여 청년들의 고용시장 진입을 위한 완충 역할 및 생활 안정 도모,인력/일자리,경제산업과,전국,"실업급여 및 연금수급자, 4회 연속 초과 참여자, 1세대 2인 참여자, 공무원(경찰, 소방, 교육, 군인, 군무원) 배우자 및 자녀, 대학 및 대학원 재학생 | 0013003 | 0049010",청년,만 19세 ~ 만 39세,19,39,해당없음　,소득조건코드=0043001 / 소득범위=0~0,,상ㆍ하반기 각 5개월 간 행정사무 보조에 따른 급여 지급,20260501 ~ 20260531,20261130,해당없음,"신청서, 개인정보제공 동의서 등",신청서 및 구비서류 주소지 면동사무소에 제출,https://youth.chungnam.go.kr/web/main/customSupp/M030-01/view?bizId=A20260401LC000000000003070,main,primary,공공근로일자리청년우선선발,경제산업과,20260501 ~ 20260531~20261130,일자리,취업
youth,20260504005400213060,청년인턴,"관내 미취업 청년이 우수 중소·중견기업에서 인턴으로 근무하며 실무 경험을 쌓을 수 있도록 최대 3개월간 인건비를 지원하는 프로그램으로, 직무 경험 제공과 취업 연계를 통해 청년의 직무역량 강화 및 청년 일자리 창출을 도모하고자 추진하는 사업",인력/일자리,청년정책과,전국,채용일 기준 고등학교 또는 대학교에 재학중인 자 | 0013010 | 0049010,청년,만 18세 ~ 만 39세,18,39,"상·하반기 참여자 모집 공고 시 신청(3월, 7월 예정)",소득조건코드=0043001 / 소득범위=0~0,,기업체에게 최대 3개월 인건비 지원 및 청년에게 인턴 근무 기회 제공,20260301 ~ 20260731,20261231,"상·하반기 참여자 모집 공고 시 신청(3월, 7월 예정)

해당없음",기업별 상이,각 기업별 TO 고려한 상시 운영,https://youth.chungnam.go.kr/web/main/customSupp/M030-02/view?bizId=A20260401LC000000000003145,main,primary,청년인턴,청년정책과,20260301 ~ 20260731~20261231,일자리,취업
youth,20260504005400213059,홍성복합문화창업공간 잇슈창고 운영,청년창업가 양성을 위한 전문교육기관의 교육·컨설팅 및 실습기관으로 활용,복지/문화,경제정책과,전국,"해당 없음 | 0013003,0013006 | 0049010",청년,만 19세 ~ 만 34세,19,34,해당 없음,소득조건코드=0043001 / 소득범위=0~0,,외식 창업 교육 프로그램 제공,20260501 ~ 20261231,20261231,"해당 없음

해당없음",미정,홍성군 홈페이지 공지사항 공고 게시,https://youth.chungnam.go.kr/web/main/customSupp/M060-09/view?bizId=A20260401LC000000000003071,main,primary,홍성복합문화창업공간잇슈창고운영,경제정책과,20260501 ~ 20261231~20261231,금융･복지･문화,문화활동 및 생활지원
youth,20260504005400213058,서산시 일자리종합센터 취업지원 프로그램 운영,"일자리종합센터 운영, 취업지원 프로그램 운영 등",인력/일자리,일자리경제과,충청남도,해당없음 | 0013010 | 0049010,"누구나,청년",만 19세 ~ 만 39세,19,39,해당없음,소득조건코드=0043001 / 소득범위=0~0,,"일자리 정보 제공 및 일자리 알선, 
취업 지원 교육 프로그램 운영 등",        ,        ,해당없음,해당없음,구직 등록,https://youth.chungnam.go.kr/web/main/youthSearch/list,main,primary,서산시일자리종합센터취업지원프로그램운영,일자리경제과,,일자리,취업
youth,20260504005400213057,태안 청년 이사비 지원,"전입청년들의 이사비용(운송비, 부동산중개보수비) 지원 사업",주거,신속허가과,전국,해당 없음 | 0013010 | 0049010,청년,만 18세 ~ 만 45세,18,45,해당 없음,소득조건코드=0043001 / 소득범위=0~0,,가구당 이사비 및 중개보수 포함 40만원 이내 지원,20260101,20261231,해당 없음,"주민등록등본, 초본, 건강보험 자격확인서, 건강보험 납부확인서, 임대차계약서 사본, 이사비 및 중개보수 지출 증빙서류, 지방세 세목별과세증명서, 통장사본",신속허가과 방문신청,https://youth.chungnam.go.kr/web/main/customSupp/M040-06/view?bizId=A20260401LC000000000003132,main,primary,태안청년이사비지원,신속허가과,20260101~20261231,주거,전월세 및 주거급여 지원
youth,20260504005400213056,서산시 공동육아나눔터(장난감도서관) 운영,"- 공동육아나눔터 품앗이 활동 및 프로그램 운영
- 장난감도서관을 통한 장난감 대여 서비스 지원",복지/문화,가족지원과,충청남도,해당없음 | 0013010 | 0049010,"누구나,청년",만 0세 ~ 만 0세,,,해당없음,소득조건코드=0043001 / 소득범위=0~0,,장난감 대여 및 활동 프로그램 지원,20260101,20261231,해당없음,주민등록등본,- 품앗이 활동 및 장난감 대여 직접 방문 후 신청,https://seosan.familynet.or.kr,main,primary,서산시공동육아나눔터장난감도서관운영,가족지원과,20260101~20261231,금융･복지･문화,문화활동 및 생활지원
youth,20260504005400213055,청년센터 운영,"청년들의 역량 개발과 교류를 위한 공간 조성, 청년 맞춤 프로그램 운영으로 지역 발전의 주체인 청년들의 성장 지원",복지/문화,경제산업과,전국,해당없음 | 0013010 | 0049010,"누구나,청년",만 18세 ~ 만 39세,18,39,해당없음,소득조건코드=0043001 / 소득범위=0~0,,"청년프로그램 참여, 북카페 및 회의실 등 무료 이용",        ,        ,해당없음,"신청서, 개인정보제공 동의서, 주민등록등본 또는 초본 등",프로그램 참여자는 홈페이지를 통해 신청,https://youth.chungnam.go.kr/web/main/customSupp/M060-09/view?bizId=A20260401LC000000000003151,main,primary,청년센터운영,경제산업과,,금융･복지･문화,문화활동 및 생활지원
youth,20260504005400213054,청년 면접용 정장 대여비 지원,미취업(또는 계약직 근무) 청년이 취업 면접을 위해 지정된 정장 대여업체에서 3박 4일간 정장 무료 대여 지원,인력/일자리,경제산업과,전국,"해당없음 | 0013003,0013005,0013007 | 0049010","누구나,청년",만 19세 ~ 만 39세,19,39,해당없음　,소득조건코드=0043001 / 소득범위=0~0,,청년 면접용 정장 대여 지원,20260101,20261231,해당없음,"신청서, 개인정보제공 동의서, 주민등록등본 또는 초본, 고용보험 최근 3개월 자격이력내역서, 근로계약서(선택), 면접 증빙서류",정장 대여업체 방문 2일 전까지 신청서 및 구비서류 첨부하여 이메일 또는 청년센터 방문 신청,https://youth.chungnam.go.kr/web/main/customSupp/M030-02/view?bizId=A20260401LC000000000003073,main,primary,청년면접용정장대여비지원,경제산업과,20260101~20261231,일자리,취업
youth,20260504005400213053,부여군 군복무 청년 상해보험 가입 지원,군 복무 중 불의의 사고 대비 위한 상해보험 가입 및 운영,복지/문화,안전총괄과,전국,해당 없음 | 0013010 | 0049009,청년,만 0세 ~ 만 0세,,,해당 없음,소득조건코드=0043001 / 소득범위=0~0,,"군 복무 중 발생한 상해사망 등 7개 항목 보장(최대 3,000만원)",20260301 ~ 20261130,20261130,해당 없음,보험 청구서 및 증빙서류 등,상해 발생 시 보험사(농협손해보험(1644-9666)) 직접 신청,https://youth.chungnam.go.kr/web/main/customSupp/M040-06/view?bizId=A20260401LC000000000003072,main,primary,부여군군복무청년상해보험가입지원,안전총괄과,20260301 ~ 20261130~20261130,금융･복지･문화,취약계층 및 금융지원
youth,20260504005400213052,홍성형일자리 군민채용제,군민채용제 기업선발 및 근로자 매칭하여 근속지원금 지급,인력/일자리,경제정책과,전국,해당 없음 | 0013010 | 0049010,청년,만 18세 ~ 만 64세,18,64,해당 없음,소득조건코드=0043001 / 소득범위=0~0,,상시 근로자 3인 이상 중소기업에 군민 신규채용시 1인당 월 70만원씩 12개월 지급,20260112 ~ 20261231,20261231,해당 없음,홍성군 공고 제2026-78호 참고,이메일 접수,https://youth.chungnam.go.kr/web/main/customSupp/M030-04/view?bizId=A20260401LC000000000003074,main,primary,홍성형일자리군민채용제,경제정책과,20260112 ~ 20261231~20261231,일자리,권익보호
youth,20260504005400213051,홍성 청년4-H회원 시범과제,청년 4-H회원 대상 시범과제(장비 구입 등) 지원,복지/문화,농업기술센터,전국,해당 없음 | 0013010 | 0049010,청년,만 0세 ~ 만 0세,,,해당 없음,소득조건코드=0043001 / 소득범위=0~0,,"4-H회원 영농 안정 기반 조성을 위한 시설 지원, 장비 구입 등 신기술 시범 지원",20260301 ~ 20261231,20261231,해당 없음,사이트 참고,해당 없음,https://youth.chungnam.go.kr/web/main/customSupp/M050-07/view?bizId=A20260401LC000000000003076,main,primary,홍성청년4h회원시범과제,농업기술센터,20260301 ~ 20261231~20261231,금융･복지･문화,취약계층 및 금융지원
youth,20260504005400213050,청년 AI 자격증 취득 지원,"청년들에게 취창업, 이직, 자기개발 등 실질적 도움이 될 수 있는 AI 자격증 취득 과정 프로그램 운영",인력/일자리,경제산업과,전국,해당없음 | 0013010 | 0049010,"누구나,청년",만 19세 ~ 만 39세,19,39,해당없음　,소득조건코드=0043001 / 소득범위=0~0,,자격증 취득 과정 프로그램,20260501 ~ 20261130,20261231,해당없음,"신청서, 개인정보제공 동의서, 주민등록등본 또는 초본 등",상ㆍ하반기 각 1회씩 교육 신청 기간에 홈페이지를 통해 신청 접수,https://youth.chungnam.go.kr/web/main/customSupp/M030-02/view?bizId=A20260401LC000000000003077,main,primary,청년ai자격증취득지원,경제산업과,20260501 ~ 20261130~20261231,일자리,취업
youth,20260504005400213049,대학생 국외 연수,국제적 감각과 능력을 갖춘 글로벌 인재 양성,복지/문화,평생교육과,전국,"계룡시애향장학회 장학금 기 지원 받은자, 
대학생 국외연수 및 글로벌 탐방 연수 기 참여자 | 0013010 | 0049005",청년,만 19세 ~ 만 39세,19,39,해당없음,소득조건코드=0043001 / 소득범위=0~0,,"대학생 국외연수자를 선발 후 영어권 국가를 방문하여 영어 학습, 기업 방문, 해외 취업 컨설팅, 국문화축제 홍보 활동 등 다양한 활동 지원",20260211 ~ 20260213,20260831,해당없음,"신청서, 재학증명서, 미래계획서 및 계룡시 기여 계획서, 졸업증명서(관내 학교), 주민등록초본, 개인정보동의서",신청서 및 구비서류를 계룡시청 평생교육과에 방문 및 우편 신청,https://youth.chungnam.go.kr/web/main/customSupp/M060-10/view?bizId=A20260401LC000000000003080,main,primary,대학생국외연수,평생교육과,20260211 ~ 20260213~20260831,금융･복지･문화,문화활동 및 생활지원
youth,20260504005400213048,서산시 청년정책네트워크 구성·운영,청년정책 발굴을 위한 회의 개최 및 청년 관련 각종 행사 등 시정 참여,복지/문화,기획예산담당관,충청남도,서산시에서 거주 및 활동하는 청년 | 0013010 | 0049010,청년,만 18세 ~ 만 39세,18,39,서산시에서 거주 및 활동하는 청년,소득조건코드=0043001 / 소득범위=0~0,,기타(회원 위촉 및 활동수당 5만원 지급),20260101 ~ 20270101,20270101,서산시에서 거주 및 활동하는 청년,담당자 확인필요,"신청기간 내 서류 제출(이메일, 방문)",https://youth.chungnam.go.kr/web/main/customSupp/M060-09/view?bizId=A20260401LC000000000003081,main,primary,서산시청년정책네트워크구성운영,기획예산담당관,20260101 ~ 20270101~20270101,금융･복지･문화,문화활동 및 생활지원
youth,20260504005400213047,청년 행정체험 프로그램,"천안시에 거주하는 청년이 시청, 읍·면·동, 도서관, 박물관 및 유관기관 등에서 근무하며 행정 현장을 체험하는 프로그램으로, 
시정 참여 기회 확대와 사회 경험 제공을 통해 청년 일자리 창출에 기여하고자 추진하는 사업",인력/일자리,청년정책과,전국,최근 2년간 천안시 청년(대학생) 행정체험 프로그램 참여자 | 0013010 | 0049010,청년,만 18세 ~ 만 39세,18,39,(특별모집) 저소득층/차상위/한부모/국가유공자세대/장애인/북한이탈주민/취업지원 대상자/다자녀,소득조건코드=0043003 / 소득범위=0~0 / -,,청년들의 행정현장 체험 및 근무 수당 지급,20260501 ~ 20260630,20260807,(특별모집) 저소득층/차상위/한부모/국가유공자세대/장애인/북한이탈주민/취업지원 대상자/다자녀,"일반선발 : 제출서류 없음
특별선발 : 수급자 증명서/장애인 증명서/ 차상위계층 확인서/한부모가족증명서/취업지원 대상자 증명서/북한이탈주민 등록확인서/등본 등","천안시 홈페이지 공개 모집
(동계) 2025년 11월 중
(하계) 2026년 5·6월 중",https://youth.chungnam.go.kr/web/main/customSupp/M030-01/view?bizId=A20260401LC000000000003083,main,primary,청년행정체험프로그램,청년정책과,20260501 ~ 20260630~20260807,일자리,취업
youth,20260504005400213046,글로벌 탐방 연수,자기주도 해외 문화탐방으로 창의 인재 양성,복지/문화,평생교육과,전국,"계룡시애향장학회 장학금 기 지원 받은자, 
대학생 국외연수 및 글로벌 탐방 연수 기 참여자 | 0013010 | 0049010",청년,만 19세 ~ 만 29세,19,29,해당없음　,소득조건코드=0043001 / 소득범위=0~0,,글로벌 탐방 연수자에게 1인 2백만원 지원,20260309 ~ 20260311,20260831,해당없음,"신청서, 여행계획서, 졸업증명서(관내 학교), 주민등록초본, 개인정보동의서 등",신청서 및 구비서류를 계룡시청 평생교육과에 방문 및 우편 신청,https://youth.chungnam.go.kr/web/main/customSupp/M060-10/view?bizId=A20260401LC000000000003085,main,primary,글로벌탐방연수,평생교육과,20260309 ~ 20260311~20260831,금융･복지･문화,문화활동 및 생활지원
youth,20260504005400213045,서산시 청년의 날 행사 추진,‘청년의 날’을 기념하는 행사 개최로 청년들의 정책 제안과 문화 소통의 장 마련,복지/문화,기획예산담당관,충청남도,해당없음 | 0013010 | 0049010,"누구나,청년",만 0세 ~ 만 0세,,,해당없음,소득조건코드=0043001 / 소득범위=0~0,,각종 부스 프로그램 운영 및 문화예술공연 등 제공,,,해당없음,해당없음,해당없음,https://www.youthcenter.go.kr/youthPolicy/ythPlcyTotalSearch/ythPlcyDetail/20260504005400213045,main,primary,서산시청년의날행사추진,기획예산담당관,,금융･복지･문화,문화활동 및 생활지원
youth,20260504005400213042,서산시 군복무 청년 상해보험 가입,군복무 청년 대상 상해 보험 가입,복지/문화,기획예산담당관,충청남도,군복무 청년 | 0013009 | 0049010,청년,만 0세 ~ 만 0세,,,군복무 청년,소득조건코드=0043001 / 소득범위=0~0,,상해보험 지원,20260301 ~ 20270228,20270228,군복무 청년,보험금 청구서류,전용 콜센터 신청,https://youth.chungnam.go.kr/web/main/customSupp/M040-06/view?bizId=A20260401LC000000000003092,main,primary,서산시군복무청년상해보험가입,기획예산담당관,20260301 ~ 20270228~20270228,금융･복지･문화,건강
youth,20260504005400213041,인생 설계 프로그램,"청년들의 진로, 적성 탐색 프로그램 운영",복지/문화,경제산업과,전국,해당없음 | 0013010 | 0049010,"누구나,청년",만 19세 ~ 만 39세,19,39,해당없음,소득조건코드=0043001 / 소득범위=0~0,,"청년들의 진로, 적성 탐색을 위한 인생 설계 프로그램 운영",20260101 ~ 20261231,20261231,해당없음,"신청서, 개인정보제공 동의서, 주민등록등본 또는 초본 등",연중 인생설계 프로그램 신청 기간에 홈페이지를 통해 신청 접수,https://gyeryong.go.kr/kr/html/sub05/05100302.html,main,primary,인생설계프로그램,경제산업과,20260101 ~ 20261231~20261231,금융･복지･문화,문화활동 및 생활지원
youth,20260504005400213040,청년 문화시설 관람비 지원,20대 청년들에게 보다 넓은 문화 향유의 기회 제공,복지/문화,경제산업과,전국,신청일 기준 청년문화예술패스 적용 대상자 | 0013010 | 0049010,청년,만 20세 ~ 만 29세,20,29,해당없음,소득조건코드=0043001 / 소득범위=0~0,,전국 문화시설 관람비 5만원을 지역상품권으로 환급,20260101 ~ 20261130,20261231,해당없음,"신청서, 주민등록등본 또는 초본, 본인 사용 증빙 카드 영수증 등",신청서 및 구비서류를 이메일 또는 청년센터 방문 신청,https://youth.chungnam.go.kr/web/main/customSupp/M060-10/view?bizId=A20260401LC000000000003097,main,primary,청년문화시설관람비지원,경제산업과,20260101 ~ 20261130~20261231,금융･복지･문화,문화활동 및 생활지원
youth,20260504005400213039,홍성 신혼부부 주거자금 대출이자 지원,「홍성군 신혼부부 주거자금 대출이자 지원에 관한 조례」에 따라 관내 신혼부부의 주거비 부담 경감,주거,건축허가과,전국,해당 없음 | 0013010 | 0049010,청년,만 19세 ~ 만 49세,19,49,해당 없음,소득조건코드=0043003 / 소득범위=0~0 / 기준중위소득 180%이하,,주택 구입 및 전월세 보증금 대출금 잔액의 1.5% 범위 내 연 최대 150만원 지원(최대 3년),20260303 ~ 20260529,20260630,해당 없음,홍성군 공고 제2026-538호 참고,주소지 읍면 방문신청,https://youth.chungnam.go.kr/web/main/customSupp/M040-05/view?bizId=A20260401LC000000000003098,main,primary,홍성신혼부부주거자금대출이자지원,건축허가과,20260303 ~ 20260529~20260630,주거,전월세 및 주거급여 지원
youth,20260504005400213038,홍성 청년 4-H회 영농 공동과제포 운영,기본 식량 작물인 벼 육묘 기술의 체계적 습득 및 회원간 협동심 고취,복지/문화,농업기술센터,전국,해당 없음 | 0013010 | 0049010,청년,만 0세 ~ 만 0세,,,해당 없음,소득조건코드=0043001 / 소득범위=0~0,,1개소,20260401,20260731,해당 없음,해당 없음,해당 없음,https://www.youthcenter.go.kr/youthPolicy/ythPlcyTotalSearch/ythPlcyDetail/20260504005400213038,main,primary,홍성청년4h회영농공동과제포운영,농업기술센터,20260401~20260731,금융･복지･문화,취약계층 및 금융지원
youth,20260504005400213037,서산시 출산지원금 및 둘째 이후 영유아 양육비 지원,"출산지원금(첫째 50, 둘째 100, 셋째 500, 넷째 이상 1,000만원)
둘째 이후 영유아 양육비 (만 3세까지 매달 10만원)",복지/문화,기획예산담당관,충청남도,해당 없음 | 0013010 | 0049010,청년,만 0세 ~ 만 0세,,,해당 없음,소득조건코드=0043001 / 소득범위=0~0,,"출산지원금(첫째 50, 둘째 100, 셋째 500, 넷째 이상 1,000만원)
둘째 이후 영유아 양육비 (만 3세까지 매달 10만원)",        ,        ,해당 없음,행복출산통합신고서,출생신고 시 일괄 접수,https://youth.chungnam.go.kr/web/main/customSupp/M040-06/view?bizId=A20260401LC000000000003101,main,primary,서산시출산지원금및둘째이후영유아양육비지원,기획예산담당관,,금융･복지･문화,취약계층 및 금융지원
youth,20260504005400213036,청년의 날 행사,"청년의 날 특별 프로그램 및 행사 등을 진행하여 청년의 날을 기념, 문화 경험 제공",복지/문화,경제산업과,전국,해당없음 | 0013010 | 0049010,"누구나,청년",만 18세 ~ 만 39세,18,39,해당없음,소득조건코드=0043001 / 소득범위=0~0,,"청년의 날에 토크콘서트, 플리마켓, 다양한 부스 운영 등 청년 친화적 문화 경험을 제공",20260901 ~ 20260930,20260930,해당없음,해당없음,별도 신청 절차 없이 청년의 날 행사에 참여 가능,https://youth.chungnam.go.kr/web/main/customSupp/M060-11/view?bizId=A20260401LC000000000003102,main,primary,청년의날행사,경제산업과,20260901 ~ 20260930~20260930,금융･복지･문화,문화활동 및 생활지원
youth,20260504005400213035,홍성 4-H회 활동 지원,청년농업인 역량 강화 교육,복지/문화,농업기술센터,전국,해당 없음 | 0013010 | 0049010,청년,만 19세 ~ 만 39세,19,39,해당 없음,소득조건코드=0043001 / 소득범위=0~0,,"4-H 과제교육, 리더십 및 농업 역량 강화 교육",20260201 ~ 20261231,20261231,해당 없음,해당 없음,해당 없음,https://youth.chungnam.go.kr/web/main/customSupp/M050-07/view?bizId=A20260401LC000000000003103,main,primary,홍성4h회활동지원,농업기술센터,20260201 ~ 20261231~20261231,금융･복지･문화,문화활동 및 생활지원
youth,20260504005400213034,서산시 대학생 아르바이트 운영,"- 대학생 일자리 제공을 통한 행정업무 체험 및 시정 홍보
- 봉사와 근로를 통한 건전한 가치관을 지닌 인재 육성",인력/일자리,자치행정국,충청남도,"만 19세 이상 대학생 | 0013009 | 0049005,0049006",청년,만 0세 ~ 만 0세,,,만 19세 이상 대학생,소득조건코드=0043001 / 소득범위=0~0,,직무교육 및 근무 기회 제공,20260701 ~ 20260831,20260831,만 19세 이상 대학생,"신청서, 개인정보 수집 및 이용 동의서, 주민등록초본, 재(휴학) 증명서 및 기타 증빙서류",내부계획 수립 및 모집공고 게시 후 신청자 접수,https://youth.chungnam.go.kr/web/main/customSupp/M030-01/view?bizId=A20260401LC000000000003107,main,primary,서산시대학생아르바이트운영,자치행정국,20260701 ~ 20260831~20260831,일자리,취업
youth,20260504005400213033,홍성 대학 4-H회 과제 교육,"도시 출신자가 대부분인 대학교 4-H회원들의 지역 소속감 부족, 농촌·농업에 대한 이해도 저하 상황 해소하기 위해 교육 행사 참여 유도",복지/문화,농업기술센터,전국,해당 없음 | 0013010 | 0049005,청년,만 19세 ~ 만 39세,19,39,해당 없음,소득조건코드=0043001 / 소득범위=0~0,,"혜전대학교 4-H회(동아리) 홍보 및 활성화, 역량 강화 교육, 각종 홍성군 4-H회 연계 교육 행사 참여 지원",20260301,20261231,해당 없음,해당 없음,해당 없음,https://www.youthcenter.go.kr/youthPolicy/ythPlcyTotalSearch/ythPlcyDetail/20260504005400213033,main,primary,홍성대학4h회과제교육,농업기술센터,20260301~20261231,금융･복지･문화,문화활동 및 생활지원
youth,20260504005400213032,아산시 쉼표청년 지원사업,고립·은둔 청년의 사회 복귀 및 자립을 지원하기 위한 단계별 맞춤형 프로그램 운영,복지/문화,일자리경제과,충청남도,"검사 결과 전문 상담 등이 필요하다고 판단되는 경우, 본 사업 대상에서는 제외하고 전문기관으로 안내 | 0013003 | 0049010",청년,만 18세 ~ 만 34세,18,34,아산시에 거주하는 만 18~34세 청년 3개월 이상 ‘쉼’ 상태에 있는 청년(최근 3개월 이상 구직·경제활동을 하지 않은 경우),소득조건코드=0043001 / 소득범위=0~0,,"힐링 프로그램, 일경험 연계, 취업 준비 지원 및 청년내일카드 지원",20260202 ~ 20260831,20260831,아산시에 거주하는 만 18~34세 청년 3개월 이상 ‘쉼’ 상태에 있는 청년(최근 3개월 이상 구직·경제활동을 하지 않은 경우),"건강보험자격득실확인서, 고용보험 자격이력내역서","청년아지트 나와유 홈페이지 신청 →검사 링크 발송 → 건강보험자격득실확인서, 고용보험 자격이력내역서 확인 → 쉼표 청년 참여",https://www.asan.go.kr/naeil/page/?page=commayouth,main,primary,아산시쉼표청년지원사업,일자리경제과,20260202 ~ 20260831~20260831,금융･복지･문화,취약계층 및 금융지원
youth,20260504005400213031,아산시 청년정책조정위원회 운영,청년정책 심의·의결,복지/문화,일자리경제과,충청남도,해당없음 | 0013010 | 0049010,"누구나,청년",만 18세 ~ 만 39세,18,39,거주·생활권이 아산시 만 18세 ~ 39세 이하 지역 청년 및 청년 정책에 관한 학식과 전문성을 보유한 자,소득조건코드=0043001 / 소득범위=0~0,,해당없음,20260101,20261231,거주·생활권이 아산시 만 18세 ~ 39세 이하 지역 청년 및 청년 정책에 관한 학식과 전문성을 보유한 자,해당없음,해당없음,https://youth.chungnam.go.kr/web/main/customSupp/M060-10/view?bizId=A20260402LC000000000003161,main,primary,아산시청년정책조정위원회운영,일자리경제과,20260101~20261231,금융･복지･문화,문화활동 및 생활지원
youth,20260504005400213030,아산시 청년 재무상담 서비스 「영앤리치」,"청년의 실용적이고 체계적인 자산 형성과 건전한 소비 습관을 위해 재무 진단 상담, 소득‧지출 관리에 대한 전문가 1:1 재무 컨설팅 지원",교육/멘토링,일자리경제과,충청남도,해당없음 | 0013010 | 0049010,"누구나,청년",만 18세 ~ 만 39세,18,39,아산시를 생활권으로 하는 18~39세 청년,소득조건코드=0043001 / 소득범위=0~0,,1:1 맞춤형 재무상담 컨설팅 제공/1인당 최대 2회(회당 90분),20260201,20261130,아산시를 생활권으로 하는 18~39세 청년,"신청서 1부 / 등본, 초본, 학생증 사본, 재직 증명 자료 중 택1",신청서 및 증빙서류 이메일 제출,https://youth.chungnam.go.kr/web/main/customSupp/M040-06/view?bizId=A20260402LC000000000003165,main,primary,아산시청년재무상담서비스영앤리치,일자리경제과,20260201~20261130,교육･직업훈련,미래역량강화
youth,20260504005400213029,서산시 청년농어업인 행복바우처 지원사업,청년농업인 문화.복지 증진 등 삶의 질 향상을 위하여 행복바우처 지원,복지/문화,농업정책과,충청남도,"서산시에 주민등록 주소만 두고 있는 학생, 직장인 등,
유사 복지서비스 수혜자 | 0013008 | 0049010",청년,만 18세 ~ 만 45세,18,45,해당없음,소득조건코드=0043003 / 소득범위=0~0 / 농외소득 3천7백만원 이상인 자 제외,,1인당 20만원,20260101,20261231,해당없음,"신청서, 개인신용정보의 수집 등 동의서, 주민등록등초본, 농어업경영체 등록 확인서, 연간 소득 확인 서류",읍면동 행정복지센터 방문 신청,https://youth.chungnam.go.kr/web/main/customSupp/M060-09/view?bizId=A20260402LC000000000003158,main,primary,서산시청년농어업인행복바우처지원사업,농업정책과,20260101~20261231,금융･복지･문화,문화활동 및 생활지원
youth,20260504005400213028,아산시 청년 마음상담 서비스 토닥토닥,다양한 문제로 걱정과 고민을 안고 있는 청년들에게 마음상담 서비스를 제공하여 청년의 일상 회복을 지원,복지/문화,일자리경제과,충청남도,해당없음 | 0013010 | 0049010,"누구나,청년",만 18세 ~ 만 39세,18,39,2026년 신규 신청자 우선 선정,소득조건코드=0043001 / 소득범위=0~0,,전문 심리 상담가 개별상담 진행/1인당 최대 7회,20260223,20261231,"2026년 신규 신청자 우선 선정

총사업비 범위 내에서 상담 회기 및 참여 인원을 탄력적으로 운영하며, 예산 소진 시까지 추진",해당없음,상담신청 ▷ 사전검사 및 상담 희망 내용 작성 ▷ 상담사 배정 ▷ 초기상담(1회기) ▷ 상담 진행 여부 결정 ▷ 상담진행(6회기) ▷ 만족도조사,https://www.asan.go.kr/naeil/regular_programs/?m_mode=view&pds_no=2026022115223850152,main,primary,아산시청년마음상담서비스토닥토닥,일자리경제과,20260223~20261231,금융･복지･문화,건강
youth,20260504005400213027,서산시 청년농 미디어커머스 지원,청년농에 미디어커머스를 활용한 온라인 콘텐츠 제작·홍보 지원,복지/문화,농식품유통과,청년정책과,최근 3년간 정당한 사유없이 사업 중도 포기한 자 | 0013008 | 0049010,청년,만 18세 ~ 만 44세,18,44,"만18세 이상 ~ 만45세 미만(1981.1.2. ~ 2008.1.1. 출생자)
관내 주소 및 경영체 등록된 만45세 미만 청년농업인
관내에서 직접 생산한 1차 농산물 및 가공품 대상",소득조건코드=0043001 / 소득범위=0~0,,"방송 제작 및 송출, 물류·포장재 구입 등 지원",20251124 ~ 20261212,20261231,"만18세 이상 ~ 만45세 미만(1981.1.2. ~ 2008.1.1. 출생자)
관내 주소 및 경영체 등록된 만45세 미만 청년농업인
관내에서 직접 생산한 1차 농산물 및 가공품 대상","사업신청서, 사업계획서, 경영체등록증, 매출액 증빙자료 등",신청기간 내 읍·면·동 행정복지센터에 신청,https://youth.chungnam.go.kr/web/main/customSupp/M060-09/view?bizId=A20260402LC000000000003155,main,primary,서산시청년농미디어커머스지원,농식품유통과,20251124 ~ 20261212~20261231,금융･복지･문화,예술인지원
youth,20260504005400213026,서산시 임신축하금 지원,임신축하금 지원,복지/문화,건강증진과,충청남도,"신청일 이전부터 서산시에 주민등록 3개월 거주한 서산시보건소 등록 임산부(※ 출산 후 신청불가)
서산시보건소 등록 임산부 | 0013010 | 0049010",청년,만 0세 ~ 만 0세,,,"신청일 이전부터 서산시에 주민등록 3개월 거주한 서산시보건소 등록 임산부(※ 출산 후 신청불가)
서산시보건소 등록 임산부",소득조건코드=0043001 / 소득범위=0~0,,신청일 이전부터 서산시에 주민등록 3개월 거주한 서산시보건소 등록 임산부(※ 출산 후 신청불가),20260101 ~ 20261231,20261231,"신청일 이전부터 서산시에 주민등록 3개월 거주한 서산시보건소 등록 임산부(※ 출산 후 신청불가)
서산시보건소 등록 임산부","주민등록등·초본, 산모수첩 또는 임신확인서, 통장사본(임산부)",보건소 방문 신청,https://youth.chungnam.go.kr/web/main/customSupp/M040-06/view?bizId=A20260402LC000000000003157,main,primary,서산시임신축하금지원,건강증진과,20260101 ~ 20261231~20261231,금융･복지･문화,취약계층 및 금융지원
youth,20260504005400213025,청년이 일하기 좋은 청년친화적 기업 지원,재직 청년들이 지역에서 함께 성장・정주・동행할 수 있도록 지속적으로 청년친화적 기업 문화 확산 촉진,인력/일자리,청년정책과,전국,천안형 청년친화기업 9개사 및 재직 청년 | 0013001 | 0049010,청년,만 18세 ~ 만 39세,18,39,천안형 청년친화기업 9개사 및 재직 청년,소득조건코드=0043001 / 소득범위=0~0,,청년친화기업 재직 청년들의 재직자 커뮤니티 활성화 및 역량강화를 위한 자기개발 지원,20260101,20261231,천안형 청년친화기업 9개사 및 재직 청년,기업별 상이,기업별 상이,https://youth.chungnam.go.kr/web/main/customSupp/M030-01/view?bizId=A20260402LC000000000003164,main,primary,청년이일하기좋은청년친화적기업지원,청년정책과,20260101~20261231,일자리,재직자
